game_pk,game_date,season,away_team,game_start,start_hour,home_runs_scored,away_runs_scored,total_runs,home_runs_hit,strikeouts,walks,hits,total_pitches,avg_exit_velocity,n_barrels,n_bbe,barrel_rate,hr_h_ratio,temp_f,temp_c,rhum,pres,prcp,wspd,wspd_mph,wdir,wind_dir_bucket,wind_cf,wind_lcf,wind_rcf
446958,2016-04-11,2016,BAL,2016-04-11 14:05:00,14,7,9,16,3,23,8,20,330,84.0,6,49,0.1224,0.15,55.9,13.3,52.0,1018.0,0.0,27.1,16.8,196.3,S,23.75,26.76,17.88
446970,2016-04-12,2016,BAL,2016-04-12 19:10:00,19,5,9,14,4,13,6,21,332,83.7,3,59,0.0508,0.1905,44.1,6.7,72.7,1021.2,0.0,16.9,10.5,311.3,NW,1.08,-4.76,6.8
446983,2016-04-13,2016,BAL,2016-04-13 19:10:00,19,4,2,6,1,17,9,17,310,83.6,4,47,0.0851,0.0588,40.0,4.5,75.0,1026.9,0.0,7.4,4.6,129.0,SE,-0.77,1.78,-3.23
447020,2016-04-15,2016,TOR,2016-04-15 19:10:00,19,5,3,8,2,19,8,12,312,83.7,6,42,0.1429,0.1667,44.2,6.8,59.0,1028.9,0.0,12.8,7.9,47.0,NE,-12.76,-11.84,-12.14
447035,2016-04-16,2016,TOR,2016-04-16 16:05:00,16,4,2,6,1,15,2,16,253,81.2,2,48,0.0417,0.0625,47.4,8.5,58.3,1030.5,0.0,14.0,8.7,68.7,E,-12.85,-10.15,-14.0
447050,2016-04-17,2016,TOR,2016-04-17 13:35:00,13,3,5,8,2,22,5,18,312,83.5,2,49,0.0408,0.1111,58.5,14.7,42.3,1026.5,0.0,8.5,5.3,77.7,E,-7.13,-5.14,-8.26
447057,2016-04-18,2016,TOR,2016-04-18 11:05:00,11,3,4,7,0,11,8,15,296,85.3,3,51,0.0588,0.0,60.3,15.7,51.7,1022.1,0.0,15.8,9.8,61.7,NE,-15.14,-12.67,-15.77
447071,2016-04-19,2016,TB,2016-04-19 19:10:00,19,0,3,3,1,27,7,7,305,81.6,3,40,0.075,0.1429,49.0,9.4,47.7,1016.4,0.0,5.4,3.4,355.3,N,-3.49,-4.69,-1.87
447086,2016-04-20,2016,TB,2016-04-20 19:10:00,19,7,3,10,2,20,5,19,283,85.8,5,48,0.1042,0.1053,45.6,7.5,69.7,1022.2,0.0,15.5,9.6,191.0,S,12.85,15.04,9.12
447100,2016-04-21,2016,TB,2016-04-21 13:35:00,13,8,12,20,4,16,11,30,374,84.9,7,67,0.1045,0.1333,70.4,21.3,30.3,1013.7,0.0,14.0,8.7,227.3,SW,13.96,12.92,13.31
447176,2016-04-27,2016,ATL,2016-04-27 19:10:00,19,9,4,13,3,16,9,17,306,81.7,4,53,0.0755,0.1765,48.0,8.9,67.3,1009.1,0.0,17.6,11.0,217.0,SW,17.46,17.25,15.57
447191,2016-04-28,2016,ATL,2016-04-28 19:10:00,19,3,5,8,0,12,8,22,288,86.5,1,61,0.0164,0.0,45.8,7.7,64.0,1017.6,0.0,13.8,8.6,168.7,S,7.67,11.14,3.27
447209,2016-04-29,2016,NYY,2016-04-29 19:10:00,19,4,2,6,2,11,3,14,243,85.6,3,51,0.0588,0.1429,43.6,6.5,72.7,1019.9,0.0,13.7,8.5,149.3,SE,3.39,7.73,-1.35
447224,2016-04-30,2016,NYY,2016-04-30 19:10:00,19,8,0,8,1,17,7,19,333,83.2,2,53,0.0377,0.0526,47.2,8.4,70.3,1023.4,0.0,16.1,10.0,182.7,S,11.9,14.89,7.48
447239,2016-05-01,2016,NYY,2016-05-01 20:05:00,20,8,7,15,3,11,5,23,271,86.9,4,61,0.0656,0.1304,44.3,6.8,92.0,1020.6,2.4,10.5,6.5,122.6,SE,-2.24,1.39,-5.6
447348,2016-05-09,2016,ATH,2016-05-09 19:10:00,19,14,7,21,3,15,8,26,347,85.1,6,62,0.0968,0.1154,50.7,10.4,50.0,1016.5,0.0,13.6,8.5,334.7,NW,-4.58,-8.68,0.08
447361,2016-05-10,2016,ATH,2016-05-10 19:10:00,19,13,5,18,3,12,5,31,291,87.9,4,68,0.0588,0.0968,56.5,13.6,63.3,1017.8,0.0,13.9,8.7,237.3,SW,13.61,11.77,13.81
447376,2016-05-11,2016,ATH,2016-05-11 19:10:00,19,13,3,16,3,15,7,25,312,84.5,4,61,0.0656,0.12,58.4,14.7,81.3,1017.8,0.0,9.5,5.9,182.0,S,6.97,8.78,4.33
447384,2016-05-12,2016,HOU,2016-05-12 19:10:00,19,11,1,12,2,19,4,21,279,85.7,5,53,0.0943,0.0952,58.6,14.8,64.0,1015.9,0.0,15.7,9.7,190.7,S,12.94,15.18,9.14
447395,2016-05-13,2016,HOU,2016-05-13 19:10:00,19,6,7,13,2,21,8,24,354,82.8,5,54,0.0926,0.0833,60.4,15.8,98.7,1006.3,4.8,11.8,7.4,215.7,SW,11.68,11.63,10.32
447410,2016-05-14,2016,HOU,2016-05-14 13:05:00,13,6,5,11,3,14,11,25,369,83.4,4,70,0.0571,0.12,73.6,23.1,42.3,1002.4,0.0,14.7,9.1,198.7,S,13.17,14.61,10.15
447425,2016-05-15,2016,HOU,2016-05-15 13:35:00,13,10,9,19,3,14,8,22,323,85.1,3,62,0.0484,0.1364,57.3,14.0,39.7,1002.0,0.1,26.3,16.3,271.3,W,18.16,10.56,23.57
447490,2016-05-20,2016,CLE,2016-05-20 19:10:00,19,2,4,6,2,14,8,14,290,80.0,3,53,0.0566,0.1429,59.8,15.5,68.0,1020.9,0.0,15.0,9.3,205.0,SW,14.07,14.97,11.47
447505,2016-05-21,2016,CLE,2016-05-21 16:05:00,16,9,1,10,3,12,10,15,315,88.1,0,55,0.0,0.2,63.2,17.3,55.7,1015.0,0.0,14.3,8.9,188.7,S,11.52,13.72,7.93
447520,2016-05-22,2016,CLE,2016-05-22 13:35:00,13,5,2,7,1,20,7,18,337,85.2,4,49,0.0816,0.0556,61.6,16.4,68.0,1009.3,0.3,14.6,9.1,49.3,NE,-14.53,-13.27,-14.03
447545,2016-05-24,2016,COL,2016-05-24 19:10:00,19,8,3,11,1,14,6,18,277,83.2,2,54,0.037,0.0556,55.6,13.1,91.7,1013.6,0.0,10.1,6.3,20.3,N,-9.21,-10.1,-7.21
447560,2016-05-25,2016,COL,2016-05-25 19:10:00,19,10,3,13,1,16,6,23,299,84.8,2,57,0.0351,0.0435,72.3,22.4,49.0,1014.0,0.0,16.5,10.2,263.0,W,12.98,8.73,15.66
447573,2016-05-26,2016,COL,2016-05-26 19:10:00,19,2,8,10,4,13,4,18,262,84.9,8,58,0.1379,0.2222,66.7,19.3,78.3,1017.0,0.0,12.8,8.0,134.0,SE,-0.22,4.18,-4.6
447692,2016-06-03,2016,TOR,2016-06-03 19:10:00,19,2,5,7,2,15,11,12,311,85.4,3,49,0.0612,0.1667,64.9,18.3,87.3,1014.9,0.0,11.6,7.2,187.0,S,9.17,11.06,6.17
447707,2016-06-04,2016,TOR,2016-06-04 16:05:00,16,6,4,10,0,11,11,15,320,83.6,2,50,0.04,0.0,71.8,22.1,73.7,1012.5,0.0,11.8,7.4,137.0,SE,0.41,4.43,-3.66
447722,2016-06-05,2016,TOR,2016-06-05 13:35:00,13,4,5,9,5,12,7,10,283,83.8,6,51,0.1176,0.5,63.1,17.3,92.7,1009.5,0.8,18.7,11.6,139.3,SE,1.42,7.72,-5.06
447827,2016-06-14,2016,BAL,2016-06-14 19:10:00,19,2,3,5,3,24,3,12,269,83.2,3,41,0.0732,0.25,66.1,18.9,59.0,1010.6,0.0,4.9,3.0,272.8,W,3.29,1.85,4.33
447842,2016-06-15,2016,BAL,2016-06-15 19:10:00,19,6,4,10,2,9,5,21,285,84.8,2,61,0.0328,0.0952,69.4,20.8,63.7,1008.9,0.0,8.1,5.0,335.0,NW,-2.77,-5.21,-0.0
447857,2016-06-16,2016,BAL,2016-06-16 19:10:00,19,1,5,6,2,16,4,15,269,86.8,4,52,0.0769,0.1333,68.4,20.2,60.0,1006.6,0.0,9.2,5.7,136.3,SE,0.2,3.33,-2.96
447878,2016-06-17,2016,SEA,2016-06-17 19:10:00,19,4,8,12,4,10,4,21,251,84.2,5,63,0.0794,0.1905,67.2,19.6,49.7,1015.8,0.0,15.1,9.4,204.7,SW,14.13,15.07,11.49
447893,2016-06-18,2016,SEA,2016-06-18 16:05:00,16,6,2,8,3,13,1,21,272,84.4,3,55,0.0545,0.1429,69.9,21.1,46.3,1023.8,0.0,13.1,8.2,109.7,E,-5.62,-1.22,-9.34
447908,2016-06-19,2016,SEA,2016-06-19 13:35:00,13,2,1,3,2,15,4,19,281,82.8,2,50,0.04,0.1053,80.8,27.1,37.0,1023.9,0.0,21.6,13.4,182.0,S,15.8,19.88,9.81
447913,2016-06-20,2016,CWS,2016-06-20 19:10:00,19,1,3,4,0,18,9,12,304,82.9,1,53,0.0189,0.0,69.4,20.8,66.3,1011.7,0.0,20.8,12.9,198.0,S,18.56,20.68,14.21
447923,2016-06-21,2016,CWS,2016-06-21 19:10:00,19,1,3,4,2,20,4,12,284,82.3,3,44,0.0682,0.1667,75.3,24.0,30.0,1007.0,0.0,13.1,8.2,293.7,NW,4.78,0.31,8.67
447938,2016-06-22,2016,CWS,2016-06-22 19:10:00,19,6,8,14,4,18,10,23,346,84.1,4,57,0.0702,0.1739,69.7,21.0,44.7,1010.2,0.0,6.2,3.9,247.3,SW,5.74,4.58,6.19
447953,2016-06-23,2016,CWS,2016-06-23 13:35:00,13,8,7,15,1,13,12,27,355,82.1,2,67,0.0299,0.037,78.4,25.8,37.7,1009.3,0.0,13.8,8.6,141.3,SE,1.52,6.11,-3.25
448065,2016-07-01,2016,LAA,2016-07-01 19:10:00,19,5,4,9,2,13,7,28,330,84.5,1,59,0.0169,0.0714,71.2,21.8,90.7,1010.7,0.9,17.1,10.6,190.0,S,14.01,16.52,9.81
448080,2016-07-02,2016,LAA,2016-07-02 19:15:00,19,2,21,23,5,9,7,30,336,85.7,6,77,0.0779,0.1667,70.0,21.1,45.7,1013.5,0.0,14.3,8.9,297.3,NW,4.35,-0.58,8.76
448095,2016-07-03,2016,LAA,2016-07-03 13:35:00,13,10,5,15,0,8,9,26,334,82.8,2,63,0.0317,0.0,79.2,26.2,32.7,1015.2,0.0,9.3,5.8,248.3,W,8.57,6.79,9.32
448116,2016-07-04,2016,TEX,2016-07-04 13:35:00,13,12,5,17,5,9,4,37,353,85.6,4,76,0.0526,0.1351,85.6,29.8,26.3,1013.7,0.0,7.3,4.5,228.0,SW,7.29,6.72,6.98
448131,2016-07-05,2016,TEX,2016-07-05 19:10:00,19,2,7,9,3,14,7,22,304,83.2,4,59,0.0678,0.1364,73.6,23.1,83.7,1006.5,0.0,8.8,5.4,161.1,S,3.85,6.31,0.92
448146,2016-07-06,2016,TEX,2016-07-06 19:10:00,19,11,6,17,2,18,8,20,318,83.4,3,55,0.0545,0.1,79.9,26.6,61.7,1008.2,0.0,14.9,9.3,213.0,SW,14.61,14.79,12.66
448170,2016-07-08,2016,TB,2016-07-08 19:10:00,19,6,5,11,3,15,4,21,309,86.9,5,56,0.0893,0.1429,62.5,17.0,81.0,1012.5,0.0,18.5,11.5,57.3,NE,-18.11,-15.66,-18.37
448185,2016-07-09,2016,TB,2016-07-09 16:05:00,16,4,1,5,2,13,4,15,264,82.4,3,52,0.0577,0.1333,63.3,17.4,80.0,1011.0,0.0,12.7,7.9,91.3,E,-8.75,-5.08,-11.35
448200,2016-07-10,2016,TB,2016-07-10 13:35:00,13,4,0,4,1,21,2,12,255,84.5,1,40,0.025,0.0833,66.3,19.0,79.7,1010.5,0.0,8.0,5.0,57.0,NE,-7.83,-6.78,-7.92
448285,2016-07-20,2016,SF,2016-07-20 19:10:00,19,11,7,18,7,11,6,31,339,83.5,8,70,0.1143,0.2258,74.5,23.6,54.7,1019.2,0.0,9.2,5.7,314.0,NW,0.16,-3.01,3.31
448295,2016-07-21,2016,MIN,2016-07-21 19:10:00,19,13,2,15,3,16,3,22,280,83.3,3,55,0.0545,0.1364,79.5,26.4,47.3,1014.8,0.0,15.5,9.7,209.3,SW,14.96,15.49,12.62
448306,2016-07-22,2016,MIN,2016-07-22 19:10:00,19,1,2,3,2,15,4,14,266,85.5,2,49,0.0408,0.1429,84.0,28.9,56.3,1006.1,0.0,21.5,13.4,216.0,SW,21.24,21.1,18.8
448321,2016-07-23,2016,MIN,2016-07-23 19:10:00,19,9,11,20,2,16,9,34,389,84.7,3,69,0.0435,0.0588,79.2,26.2,52.3,1008.7,0.0,15.6,9.7,333.1,NW,-4.85,-9.64,0.53
448336,2016-07-24,2016,MIN,2016-07-24 13:35:00,13,8,7,15,3,19,3,19,295,82.2,3,52,0.0577,0.1579,88.8,31.5,29.0,1012.3,0.0,2.6,1.6,22.1,N,-2.37,-2.56,-1.88
448348,2016-07-25,2016,DET,2016-07-25 19:10:00,19,2,4,6,1,16,5,18,315,82.5,2,55,0.0364,0.0556,80.2,26.8,73.0,1007.6,0.0,17.0,10.6,204.0,SW,15.9,17.03,12.85
448360,2016-07-26,2016,DET,2016-07-26 19:10:00,19,8,9,17,3,7,9,22,317,84.5,3,66,0.0455,0.1364,82.4,28.0,46.0,1009.4,0.0,9.3,5.8,311.7,NW,0.54,-2.68,3.7
448375,2016-07-27,2016,DET,2016-07-27 13:35:00,13,3,4,7,4,13,4,18,274,83.7,3,56,0.0536,0.2222,89.1,31.7,37.0,1011.2,0.0,6.8,4.2,123.4,SE,-1.37,0.99,-3.56
448550,2016-08-09,2016,NYY,2016-08-09 19:10:00,19,5,3,8,0,13,6,16,302,83.2,3,52,0.0577,0.0,75.6,24.2,55.7,1020.8,0.0,16.8,10.4,206.0,SW,15.89,16.8,13.06
448566,2016-08-10,2016,NYY,2016-08-10 19:10:00,19,4,9,13,2,12,10,24,355,81.3,1,63,0.0159,0.0833,73.9,23.3,98.0,1017.7,0.1,13.5,8.4,213.7,SW,13.2,13.31,11.5
448578,2016-08-11,2016,NYY,2016-08-11 19:10:00,19,2,4,6,1,19,5,16,272,82.2,1,48,0.0208,0.0625,81.1,27.3,82.0,1013.2,0.0,15.3,9.5,226.0,SW,15.33,14.31,14.5
448582,2016-08-12,2016,AZ,2016-08-12 19:10:00,19,9,4,13,5,18,2,23,268,85.0,6,56,0.1071,0.2174,79.5,26.4,91.7,1008.9,0.0,14.9,9.3,243.3,SW,14.18,11.71,14.93
448597,2016-08-13,2016,AZ,2016-08-13 19:10:00,19,6,3,9,2,12,9,13,300,84.4,1,51,0.0196,0.1538,71.4,21.9,88.0,1012.1,0.0,10.6,6.6,65.3,NE,-9.94,-8.08,-10.6
448612,2016-08-14,2016,AZ,2016-08-14 13:35:00,13,16,2,18,5,11,4,26,268,84.9,4,66,0.0606,0.1923,92.1,33.4,53.7,1010.5,0.0,14.7,9.1,258.7,W,12.21,8.69,14.25
448778,2016-08-26,2016,KC,2016-08-26 19:10:00,19,3,6,9,3,15,6,24,323,81.9,1,59,0.0169,0.125,77.4,25.2,81.3,1014.4,0.0,5.5,3.4,240.7,SW,5.26,4.44,5.45
448793,2016-08-27,2016,KC,2016-08-27 19:10:00,19,8,3,11,5,12,6,18,300,82.4,4,55,0.0727,0.2778,73.5,23.0,65.3,1022.4,0.0,9.6,6.0,146.0,SE,1.84,4.96,-1.51
448808,2016-08-28,2016,KC,2016-08-28 20:08:00,20,4,10,14,2,7,8,19,330,82.8,3,64,0.0469,0.1053,71.0,21.7,73.0,1020.0,0.0,16.3,10.1,186.7,S,12.76,15.44,8.54
448827,2016-08-29,2016,TB,2016-08-29 19:10:00,19,9,4,13,1,16,5,23,309,81.5,3,55,0.0545,0.0435,74.8,23.8,48.0,1018.7,0.0,14.4,8.9,350.7,N,-8.38,-11.86,-3.88
448842,2016-08-30,2016,TB,2016-08-30 19:10:00,19,3,4,7,3,21,6,14,299,81.9,2,45,0.0444,0.2143,73.4,23.0,63.0,1016.0,0.0,11.7,7.3,187.0,S,9.25,11.16,6.22
448857,2016-08-31,2016,TB,2016-08-31 13:35:00,13,8,6,14,5,13,8,24,301,84.1,2,58,0.0345,0.2083,83.4,28.5,45.3,1011.3,0.0,8.8,5.4,234.7,SW,8.64,7.62,8.62
449006,2016-09-12,2016,BAL,2016-09-12 19:10:00,19,12,2,14,5,16,4,18,256,83.7,3,52,0.0577,0.2778,65.9,18.8,64.3,1021.2,0.0,12.5,7.7,183.4,S,9.32,11.59,5.92
449021,2016-09-13,2016,BAL,2016-09-13 19:10:00,19,3,6,9,4,16,10,18,308,86.7,5,54,0.0926,0.2222,68.5,20.3,70.7,1017.9,0.0,19.2,11.9,203.3,SW,17.84,19.19,14.34
449036,2016-09-14,2016,BAL,2016-09-14 19:10:00,19,0,1,1,1,13,1,9,261,83.4,3,49,0.0612,0.1111,73.3,23.0,53.7,1017.2,0.0,22.3,13.9,341.7,N,-10.01,-16.22,-2.59
449055,2016-09-15,2016,NYY,2016-09-15 19:10:00,19,7,5,12,2,10,8,23,320,83.9,5,65,0.0769,0.087,60.0,15.6,74.3,1024.6,0.0,10.7,6.6,143.7,SE,1.61,5.12,-2.1
449068,2016-09-16,2016,NYY,2016-09-16 19:10:00,19,7,4,11,3,9,5,21,273,87.2,6,57,0.1053,0.1429,61.8,16.6,70.7,1024.6,0.0,15.8,9.8,186.7,S,12.39,15.0,8.29
449083,2016-09-17,2016,NYY,2016-09-17 13:05:00,13,6,5,11,2,17,6,19,303,83.2,5,51,0.098,0.1053,76.2,24.6,45.7,1019.9,0.0,18.0,11.2,193.3,S,15.29,17.6,11.14
449098,2016-09-18,2016,NYY,2016-09-18 20:08:00,20,5,4,9,3,15,5,21,294,82.4,3,57,0.0526,0.1429,72.3,22.4,90.7,1016.9,0.2,13.3,8.3,205.7,SW,12.55,13.3,10.29
449267,2016-09-30,2016,TOR,2016-09-30 19:10:00,19,5,3,8,2,15,8,20,325,83.2,5,57,0.0877,0.1,55.6,13.1,89.7,1027.3,2.0,20.2,12.6,63.0,NE,-19.24,-15.94,-20.22
449282,2016-10-01,2016,TOR,2016-10-01 19:10:00,19,3,4,7,0,15,13,9,320,81.7,0,46,0.0,0.0,54.3,12.4,97.0,1021.2,0.7,21.2,13.2,29.0,NE,-20.41,-21.18,-17.18
449297,2016-10-02,2016,TOR,2016-10-02 15:05:00,15,1,2,3,2,14,7,13,289,84.6,4,50,0.08,0.1538,57.4,14.1,81.3,1016.9,0.0,6.9,4.3,25.0,NE,-6.52,-6.93,-5.31
490108,2017-04-03,2017,PIT,2017-04-03 14:05:00,14,5,3,8,1,15,4,18,277,84.8,6,53,0.1132,0.0556,52.9,11.6,62.3,1015.2,0.0,9.5,5.9,93.3,E,-6.32,-3.51,-8.36
490130,2017-04-05,2017,PIT,2017-04-05 19:10:00,19,3,0,3,1,19,7,13,353,82.8,2,61,0.0328,0.0769,37.5,3.1,89.7,1017.1,0.0,9.9,6.2,76.7,E,-8.43,-6.14,-9.7
490205,2017-04-11,2017,BAL,2017-04-11 19:10:00,19,8,1,9,0,14,5,20,292,83.6,1,55,0.0182,0.0,63.0,17.2,63.7,1016.5,0.0,16.0,10.0,209.7,SW,15.46,15.98,13.08
490217,2017-04-12,2017,BAL,2017-04-12 19:10:00,19,5,12,17,6,11,5,28,365,83.7,6,68,0.0882,0.2143,53.4,11.9,83.3,1020.6,0.0,10.5,6.5,273.0,W,7.01,3.93,9.25
490143,2017-04-13,2017,PIT,2017-04-06 13:35:00,13,4,3,7,1,17,8,15,297,81.2,5,46,0.1087,0.0667,40.5,4.7,96.7,1003.8,5.0,21.8,13.5,85.7,E,-16.53,-10.67,-20.4
490253,2017-04-14,2017,TB,2017-04-14 19:10:00,19,5,10,15,4,13,7,26,330,84.3,4,66,0.0606,0.1538,46.7,8.2,61.7,1027.6,0.0,9.3,5.8,169.7,S,5.29,7.59,2.36
490268,2017-04-15,2017,TB,2017-04-15 16:05:00,16,2,1,3,1,19,7,9,263,80.9,4,39,0.1026,0.1111,59.0,15.0,36.7,1019.6,0.0,24.7,15.3,215.3,SW,24.32,24.27,21.43
490283,2017-04-16,2017,TB,2017-04-16 13:35:00,13,7,5,12,3,17,6,24,324,83.0,2,53,0.0377,0.125,81.4,27.4,36.0,1005.8,0.3,26.1,16.2,256.0,W,22.34,16.4,25.59
490293,2017-04-17,2017,TB,2017-04-17 11:05:00,11,4,3,7,0,17,5,20,295,80.5,0,52,0.0,0.0,70.8,21.5,30.7,1009.8,0.0,25.0,15.5,282.7,W,13.35,5.33,19.76
490413,2017-04-26,2017,NYY,2017-04-26 19:10:00,19,1,3,4,1,22,11,9,312,83.8,2,41,0.0488,0.1111,50.5,10.3,99.3,1008.9,0.0,9.6,6.0,21.1,N,-8.81,-9.61,-6.94
490424,2017-04-27,2017,NYY,2017-04-27 19:10:00,19,0,3,3,0,13,0,12,217,83.2,0,49,0.0,0.0,53.4,11.9,95.7,1012.6,0.0,8.9,5.6,117.5,SE,-2.68,0.4,-5.43
490432,2017-04-28,2017,CHC,2017-04-28 19:10:00,19,5,4,9,3,24,6,24,305,85.2,2,47,0.0426,0.125,66.7,19.3,77.7,1013.9,0.0,11.5,7.2,233.7,SW,11.4,10.12,11.31
490447,2017-04-29,2017,CHC,2017-04-29 16:05:00,16,4,7,11,5,14,4,20,292,81.0,3,59,0.0508,0.25,73.4,23.0,53.7,1011.4,0.0,26.8,16.6,285.7,W,13.11,4.34,20.3
490462,2017-04-30,2017,CHC,2017-04-30 20:05:00,20,6,2,8,2,18,9,11,305,78.1,2,43,0.0465,0.1818,46.0,7.8,71.7,1023.9,0.0,10.3,6.4,117.0,SE,-3.17,0.36,-6.32
490475,2017-05-01,2017,BAL,2017-05-01 19:10:00,19,2,5,7,1,12,5,12,300,83.3,1,53,0.0189,0.0833,46.0,7.8,92.7,1010.1,0.0,12.9,8.0,67.0,NE,-11.93,-9.56,-12.86
490487,2017-05-02,2017,BAL,2017-05-02 19:10:00,19,5,2,7,3,16,4,13,253,82.6,4,46,0.087,0.2308,57.2,14.0,82.0,1001.1,0.0,16.4,10.2,275.0,W,10.56,5.62,14.23
490502,2017-05-03,2017,BAL,2017-05-03 19:10:00,19,4,2,6,0,13,7,15,307,82.7,2,54,0.037,0.0,49.9,9.9,52.7,1015.9,0.0,14.1,8.8,319.7,NW,-1.15,-5.88,3.73
490517,2017-05-04,2017,BAL,2017-05-04 19:10:00,19,3,8,11,2,10,5,26,307,81.7,1,67,0.0149,0.0769,50.2,10.1,64.0,1022.2,0.0,10.2,6.3,188.0,S,8.15,9.75,5.56
490638,2017-05-12,2017,TB,2017-05-12 19:10:00,19,4,5,9,1,17,4,16,297,82.9,3,54,0.0556,0.0625,48.2,9.0,88.7,1016.7,0.0,6.8,4.2,143.8,SE,1.04,3.28,-1.32
490653,2017-05-13,2017,TB,2017-05-13 13:05:00,13,6,3,9,3,25,5,10,300,81.5,4,35,0.1143,0.3,51.1,10.6,80.0,1014.1,0.0,17.7,11.0,90.7,E,-12.35,-7.28,-15.92
490668,2017-05-14,2017,TB,2017-05-14 13:35:00,13,2,11,13,1,21,9,22,370,84.7,3,55,0.0545,0.0455,47.2,8.4,92.3,998.8,1.4,25.3,15.7,332.3,NW,-7.51,-15.31,1.19
490785,2017-05-23,2017,TEX,2017-05-23 19:10:00,19,11,6,17,1,12,8,25,319,85.0,2,60,0.0333,0.04,59.7,15.4,90.3,1008.8,0.0,6.0,3.7,141.3,SE,0.66,2.65,-1.41
490800,2017-05-24,2017,TEX,2017-05-24 19:10:00,19,9,4,13,1,13,6,19,294,84.2,3,55,0.0545,0.0526,54.7,12.6,87.3,1009.8,0.0,6.6,4.1,118.7,SE,-1.85,0.43,-3.9
490813,2017-05-25,2017,TEX,2017-05-25 19:10:00,19,6,2,8,3,27,6,14,314,84.3,2,37,0.0541,0.2143,50.6,10.3,94.7,1003.9,0.8,19.2,11.9,49.0,NE,-19.12,-17.51,-18.42
490825,2017-05-26,2017,SEA,2017-05-26 19:10:00,19,3,0,3,0,14,10,14,297,83.0,1,48,0.0208,0.0,55.2,12.9,94.0,1004.2,1.3,5.8,3.6,30.6,NE,-5.62,-5.77,-4.78
490840,2017-05-27,2017,SEA,2017-05-27 16:05:00,16,6,0,6,1,11,2,14,233,85.6,4,52,0.0769,0.0714,58.7,14.8,77.3,1010.6,0.0,13.9,8.7,88.0,E,-10.19,-6.33,-12.83
490855,2017-05-28,2017,SEA,2017-05-28 13:35:00,13,0,5,5,2,11,3,21,273,83.5,5,58,0.0862,0.0952,62.9,17.2,78.7,1013.7,0.1,9.9,6.2,78.7,E,-8.24,-5.87,-9.62
491009,2017-06-09,2017,DET,2017-06-09 19:10:00,19,5,3,8,4,15,5,22,326,83.6,6,55,0.1091,0.1818,65.2,18.5,71.3,1006.0,0.0,11.6,7.2,240.0,SW,11.24,9.53,11.59
491024,2017-06-10,2017,DET,2017-06-10 19:15:00,19,11,3,14,0,17,9,22,341,82.5,1,56,0.0179,0.0,71.5,22.0,69.0,1013.4,0.0,15.7,9.7,214.0,SW,15.38,15.47,13.43
491040,2017-06-11,2017,DET,2017-06-11 20:05:00,20,3,8,11,2,17,9,26,355,85.6,4,59,0.0678,0.0769,75.3,24.1,75.3,1011.9,0.0,16.1,10.0,231.3,SW,15.97,14.4,15.61
491057,2017-06-12,2017,PHI,2017-06-12 19:10:00,19,6,5,11,2,19,5,30,367,83.9,4,72,0.0556,0.0667,79.6,26.5,63.7,1009.8,0.0,11.8,7.4,238.7,SW,11.5,9.85,11.76
491071,2017-06-13,2017,PHI,2017-06-13 19:10:00,19,4,3,7,2,16,10,26,398,83.1,5,74,0.0676,0.0769,77.5,25.3,77.0,1008.9,0.0,11.5,7.1,337.0,NW,-4.29,-7.67,-0.4
491204,2017-06-23,2017,LAA,2017-06-23 19:10:00,19,9,4,13,2,17,4,20,292,80.2,3,51,0.0588,0.1,73.7,23.2,88.0,1001.6,0.0,19.1,11.8,211.0,SW,18.5,18.96,15.81
491219,2017-06-24,2017,LAA,2017-06-24 19:15:00,19,3,6,9,1,19,4,15,305,81.8,3,50,0.06,0.0667,73.1,22.8,60.7,1007.1,0.0,14.2,8.8,268.3,W,10.33,6.37,13.04
491234,2017-06-25,2017,LAA,2017-06-25 13:35:00,13,2,4,6,2,13,3,18,257,83.6,2,54,0.037,0.1111,80.2,26.8,39.3,1011.1,0.0,17.1,10.6,236.7,SW,16.78,14.58,16.95
491246,2017-06-26,2017,MIN,2017-06-26 19:10:00,19,4,1,5,2,21,5,13,274,79.5,2,40,0.05,0.1538,67.3,19.6,72.3,1013.6,0.0,7.6,4.7,226.0,SW,7.57,7.07,7.15
491257,2017-06-27,2017,MIN,2017-06-27 19:10:00,19,9,2,11,3,13,8,18,336,78.9,3,54,0.0556,0.1667,61.9,16.6,89.7,1012.6,2.6,10.7,6.6,204.3,SW,9.98,10.67,8.09
491272,2017-06-28,2017,MIN,2017-06-28 19:10:00,19,1,4,5,1,18,7,14,316,80.6,1,50,0.02,0.0714,65.7,18.7,68.7,1016.9,0.0,8.2,5.1,234.7,SW,8.08,7.12,8.07
491286,2017-06-29,2017,MIN,2017-06-29 19:10:00,19,6,3,9,2,13,2,17,299,82.2,4,54,0.0741,0.1176,69.0,20.6,70.3,1015.9,0.0,19.3,12.0,205.3,SW,18.21,19.33,14.88
491441,2017-07-14,2017,NYY,2017-07-14 19:10:00,19,5,4,9,2,22,7,16,321,78.9,2,45,0.0444,0.125,64.0,17.8,85.3,1016.5,0.0,6.7,4.1,118.0,SE,-1.95,0.35,-4.01
491456,2017-07-15,2017,NYY,2017-07-15 16:05:00,16,1,4,5,1,31,13,17,516,78.4,3,80,0.0375,0.0588,74.8,23.8,75.7,1009.3,0.0,4.0,2.5,133.2,SE,-0.12,1.26,-1.49
490398,2017-07-16,2017,NYY,2017-04-25 19:10:00,19,0,3,3,1,15,7,16,304,80.4,1,54,0.0185,0.0625,46.6,8.1,96.0,1018.9,7.1,21.3,13.3,50.3,NE,-21.24,-19.28,-20.64
491471,2017-07-16,2017,NYY,2017-07-16 20:05:00,20,3,0,3,1,20,1,16,244,81.2,2,46,0.0435,0.0625,72.4,22.4,86.3,1014.2,0.0,11.0,6.8,181.3,S,7.93,10.04,4.87
491491,2017-07-17,2017,TOR,2017-07-17 19:10:00,19,3,4,7,1,20,8,14,298,81.4,2,46,0.0435,0.0714,72.6,22.6,86.0,1017.6,0.0,11.8,7.3,185.0,S,9.04,11.09,5.9
491506,2017-07-18,2017,TOR,2017-07-18 19:10:00,19,5,4,9,3,25,7,28,459,80.4,4,85,0.0471,0.1071,74.9,23.8,92.7,1016.7,0.4,8.4,5.2,191.3,S,7.02,8.19,5.0
491521,2017-07-19,2017,TOR,2017-07-19 19:10:00,19,5,1,6,0,13,10,12,272,82.0,0,46,0.0,0.0,77.5,25.3,60.7,1012.8,0.0,9.7,6.0,286.3,W,4.64,1.46,7.26
491531,2017-07-20,2017,TOR,2017-07-20 13:35:00,13,6,8,14,3,20,13,18,336,84.0,2,51,0.0392,0.1667,89.1,31.7,47.0,1009.7,0.0,8.8,5.5,242.7,SW,8.38,6.96,8.79
491635,2017-07-28,2017,KC,2017-07-28 19:10:00,19,2,4,6,2,11,3,15,274,81.8,3,54,0.0556,0.1333,71.2,21.8,87.3,1009.0,0.0,3.3,2.1,111.9,E,-1.29,-0.18,-2.25
491650,2017-07-29,2017,KC,2017-07-29 19:10:00,19,9,8,17,3,19,11,27,437,81.8,4,64,0.0625,0.1111,61.8,16.6,72.3,1011.0,0.0,9.6,5.9,17.7,N,-8.5,-9.49,-6.48
491665,2017-07-30,2017,KC,2017-07-30 13:35:00,13,3,5,8,1,14,3,21,298,82.4,4,58,0.069,0.0476,72.5,22.5,49.3,1013.7,0.0,18.9,11.7,101.0,E,-10.54,-4.56,-15.26
491673,2017-07-31,2017,CLE,2017-07-31 19:10:00,19,6,2,8,1,12,7,20,263,83.2,1,55,0.0182,0.05,72.1,22.3,73.7,1014.9,0.0,14.2,8.8,213.7,SW,13.89,14.0,12.1
491683,2017-08-01,2017,CLE,2017-08-01 19:10:00,19,12,10,22,6,16,7,28,333,83.1,5,64,0.0781,0.2143,74.7,23.7,83.7,1015.5,0.0,7.9,4.9,165.3,S,3.97,6.06,1.41
491712,2017-08-03,2017,CWS,2017-08-03 19:10:00,19,9,5,14,3,14,6,22,311,82.2,5,58,0.0862,0.1364,72.6,22.5,77.7,1018.2,0.0,13.8,8.6,196.3,S,12.08,13.61,9.09
491725,2017-08-04,2017,CWS,2017-08-04 19:10:00,19,3,2,5,2,26,4,17,359,79.3,2,55,0.0364,0.1176,72.5,22.5,83.0,1014.8,0.0,14.3,8.9,181.3,S,10.32,13.07,6.33
491740,2017-08-05,2017,CWS,2017-08-05 19:10:00,19,4,1,5,3,18,3,13,248,85.8,4,44,0.0909,0.2308,69.3,20.7,94.3,1009.4,0.0,11.9,7.4,243.8,SW,11.26,9.27,11.9
491755,2017-08-06,2017,CWS,2017-08-06 13:35:00,13,6,3,9,3,18,5,17,246,79.7,2,47,0.0426,0.1765,78.4,25.8,32.7,1013.7,0.0,24.6,15.3,286.7,W,11.68,3.57,18.38
491698,2017-08-14,2017,CLE,2017-08-02 19:10:00,19,3,7,10,5,23,8,18,322,85.5,5,50,0.1,0.2778,72.4,22.5,87.0,1017.5,0.0,8.3,5.2,238.0,SW,8.09,6.96,8.24
491886,2017-08-15,2017,STL,2017-08-15 19:10:00,19,10,4,14,0,14,6,25,291,85.0,2,57,0.0351,0.0,69.6,20.9,83.3,1011.1,0.0,15.8,9.8,209.7,SW,15.24,15.75,12.89
491901,2017-08-16,2017,STL,2017-08-16 19:10:00,19,5,4,9,1,17,7,19,317,78.9,2,52,0.0385,0.0526,72.3,22.4,53.7,1014.0,0.0,9.6,6.0,343.6,N,-4.6,-7.21,-1.44
491921,2017-08-18,2017,NYY,2017-08-18 19:10:00,19,9,6,15,4,18,12,22,355,81.4,4,54,0.0741,0.1818,73.8,23.2,97.7,1008.3,0.4,15.0,9.3,192.0,S,12.61,14.65,9.05
491936,2017-08-19,2017,NYY,2017-08-19 19:10:00,19,3,4,7,3,21,4,15,286,78.4,4,49,0.0816,0.2,75.4,24.1,77.0,1008.6,0.0,7.4,4.6,254.7,W,6.4,4.77,7.26
491951,2017-08-20,2017,NYY,2017-08-20 13:30:00,13,5,1,6,1,10,8,15,328,80.1,2,55,0.0364,0.0667,82.0,27.8,45.3,1013.6,0.0,17.7,11.0,303.0,NW,3.69,-2.47,9.4
492008,2017-08-25,2017,BAL,2017-08-25 19:10:00,19,3,16,19,3,11,3,27,345,81.6,4,74,0.0541,0.1111,64.3,17.9,61.3,1020.0,0.0,6.4,4.0,317.4,NW,-0.26,-2.42,1.93
492023,2017-08-26,2017,BAL,2017-08-26 16:05:00,16,0,7,7,2,16,5,14,295,79.3,2,50,0.04,0.1429,70.6,21.4,50.0,1021.2,0.0,15.3,9.5,129.7,SE,-1.42,3.89,-6.56
492038,2017-08-27,2017,BAL,2017-08-27 13:35:00,13,1,2,3,0,18,10,14,322,76.5,3,48,0.0625,0.0,69.6,20.9,51.7,1024.0,0.0,18.5,11.5,90.0,E,-13.08,-7.82,-16.77
492161,2017-09-04,2017,TOR,2017-09-04 19:10:00,19,4,10,14,4,18,7,23,331,81.3,5,60,0.0833,0.1739,68.1,20.1,72.3,1009.1,0.0,17.1,10.6,212.7,SW,16.74,16.98,14.48
492176,2017-09-05,2017,TOR,2017-09-05 19:10:00,19,3,2,5,1,35,9,23,544,79.2,0,95,0.0,0.0435,72.1,22.3,80.0,1008.1,0.0,21.0,13.0,205.3,SW,19.74,20.97,16.14
492191,2017-09-06,2017,TOR,2017-09-06 19:10:00,19,6,1,7,1,15,8,13,283,80.7,1,49,0.0204,0.0769,63.6,17.5,99.0,1011.1,2.8,11.3,7.0,4.7,N,-8.64,-10.63,-5.61
492215,2017-09-08,2017,TB,2017-09-08 19:10:00,19,9,3,12,2,20,6,17,306,82.0,2,48,0.0417,0.1176,61.1,16.2,73.3,1018.1,0.0,9.8,6.1,277.7,W,5.96,2.93,8.28
492230,2017-09-09,2017,TB,2017-09-09 19:10:00,19,9,0,9,1,21,5,23,295,83.2,2,51,0.0392,0.0435,60.6,15.9,81.3,1022.9,0.0,7.7,4.8,324.0,NW,-1.2,-3.73,1.47
492245,2017-09-10,2017,TB,2017-09-10 13:35:00,13,1,4,5,2,18,6,14,293,81.4,4,48,0.0833,0.1429,68.2,20.1,55.7,1024.9,0.0,9.3,5.8,48.6,NE,-9.28,-8.52,-8.92
492265,2017-09-12,2017,ATH,2017-09-12 19:10:00,19,11,1,12,2,19,7,19,314,82.3,3,49,0.0612,0.1053,68.6,20.3,60.0,1010.1,0.0,13.2,8.2,271.3,W,9.09,5.28,11.8
492280,2017-09-13,2017,ATH,2017-09-13 19:10:00,19,3,7,10,2,14,4,17,317,79.7,2,55,0.0364,0.1176,69.3,20.7,77.7,1009.3,0.7,12.6,7.8,219.2,SW,12.57,12.25,11.38
492293,2017-09-14,2017,ATH,2017-09-14 13:35:00,13,6,2,8,2,16,8,17,307,83.6,4,48,0.0833,0.1176,81.0,27.2,52.7,1009.5,0.0,19.5,12.1,226.7,SW,19.49,18.12,18.51
492442,2017-09-25,2017,TOR,2017-09-25 19:10:00,19,4,6,10,3,12,6,18,282,81.5,3,54,0.0556,0.1667,67.0,19.4,95.0,1016.9,0.0,6.4,4.0,125.0,SE,-1.11,1.11,-3.2
492457,2017-09-26,2017,TOR,2017-09-26 19:10:00,19,4,9,13,6,25,3,21,307,82.8,5,49,0.102,0.2857,72.1,22.3,88.7,1014.0,0.0,9.8,6.1,204.7,SW,9.19,9.8,7.47
492472,2017-09-27,2017,TOR,2017-09-27 19:10:00,19,10,7,17,6,19,3,23,308,83.0,5,54,0.0926,0.2609,74.1,23.4,94.0,1008.0,0.0,13.5,8.4,198.0,S,12.0,13.37,9.18
492478,2017-09-28,2017,HOU,2017-09-28 19:10:00,19,2,12,14,4,15,9,23,326,79.4,3,63,0.0476,0.1739,61.2,16.2,52.0,1009.9,0.0,19.5,12.1,335.7,NW,-6.88,-12.71,-0.23
492490,2017-09-29,2017,HOU,2017-09-29 19:10:00,19,2,3,5,1,17,6,11,252,81.1,1,47,0.0213,0.0909,55.9,13.3,79.7,1015.8,0.0,7.9,4.9,153.5,SE,2.5,4.92,-0.21
492505,2017-09-30,2017,HOU,2017-09-30 13:05:00,13,6,3,9,2,20,8,18,293,79.7,4,46,0.087,0.1111,54.1,12.3,85.0,1022.3,2.3,22.5,14.0,48.3,NE,-22.5,-20.69,-21.59
492520,2017-10-01,2017,HOU,2017-10-01 15:05:00,15,3,4,7,0,23,5,15,273,79.6,0,44,0.0,0.0,64.8,18.2,41.7,1022.5,0.0,7.2,4.5,269.7,W,5.14,3.09,6.57
529506,2018-04-05,2018,TB,2018-04-05 14:05:00,14,3,2,5,1,20,12,16,355,83.8,6,63,0.0952,0.0625,41.2,5.1,29.0,1011.9,0.0,33.8,21.0,278.3,W,20.2,9.7,28.27
529530,2018-04-07,2018,TB,2018-04-07 13:05:00,13,10,3,13,3,12,6,15,276,85.7,5,53,0.0943,0.2,46.5,8.1,34.0,1007.7,0.0,17.1,10.6,281.0,W,9.54,4.13,13.81
529545,2018-04-08,2018,TB,2018-04-08 13:05:00,13,8,7,15,1,17,10,22,356,83.6,3,56,0.0536,0.0455,41.9,5.5,36.0,1006.5,0.0,7.4,4.6,347.8,N,-4.01,-5.89,-1.64
529568,2018-04-10,2018,NYY,2018-04-10 19:10:00,19,14,1,15,2,20,8,21,303,85.7,7,52,0.1346,0.0952,36.7,2.6,85.3,1020.4,0.0,2.9,1.8,66.1,NE,-2.67,-2.16,-2.87
529582,2018-04-11,2018,NYY,2018-04-11 19:10:00,19,7,10,17,4,17,7,22,335,85.5,7,57,0.1228,0.1818,37.8,3.2,81.0,1017.4,0.0,13.3,8.3,178.6,S,9.18,11.92,5.33
529593,2018-04-12,2018,NYY,2018-04-12 19:10:00,19,6,3,9,0,19,5,13,277,84.0,5,47,0.1064,0.0,45.4,7.4,81.7,1010.9,2.2,17.5,10.9,187.0,S,13.79,16.64,9.27
529599,2018-04-13,2018,BAL,2018-04-13 19:10:00,19,7,3,10,1,18,8,20,314,85.1,3,52,0.0577,0.05,51.0,10.5,89.7,1011.8,0.0,6.4,4.0,122.0,SE,-1.44,0.78,-3.49
529614,2018-04-14,2018,BAL,2018-04-14 13:05:00,13,10,3,13,3,12,3,24,295,85.8,9,61,0.1475,0.125,46.7,8.2,70.0,1019.8,0.0,22.9,14.3,77.7,E,-19.31,-13.91,-22.38
529629,2018-04-15,2018,BAL,2018-04-15 13:05:00,13,3,1,4,0,22,5,13,275,83.8,4,42,0.0952,0.0,34.5,1.4,74.3,1030.8,0.4,29.1,18.1,65.7,NE,-27.2,-22.05,-29.06
529798,2018-04-27,2018,TB,2018-04-27 19:10:00,19,3,4,7,3,16,4,18,277,84.2,6,51,0.1176,0.1667,46.3,7.9,95.3,1007.3,0.0,9.3,5.8,59.3,NE,-9.01,-7.68,-9.25
529813,2018-04-28,2018,TB,2018-04-28 16:05:00,16,6,12,18,5,23,8,30,331,79.6,6,59,0.1017,0.1667,63.9,17.7,73.3,1007.4,0.0,8.6,5.3,132.7,SE,-0.34,2.61,-3.25
529828,2018-04-29,2018,TB,2018-04-29 13:05:00,13,4,3,7,1,16,3,17,284,82.3,3,51,0.0588,0.0588,55.2,12.9,70.0,1008.7,0.9,13.6,8.4,241.0,SW,13.04,10.98,13.53
529831,2018-04-30,2018,KC,2018-04-30 19:10:00,19,10,6,16,2,16,6,22,318,85.2,5,57,0.0877,0.0909,44.8,7.1,88.0,1013.0,0.9,2.9,1.8,55.5,NE,-2.82,-2.47,-2.83
529845,2018-05-01,2018,KC,2018-05-01 19:10:00,19,6,7,13,4,21,5,27,409,83.6,7,83,0.0843,0.1481,55.9,13.3,69.3,1014.9,0.0,10.1,6.3,206.0,SW,9.52,10.07,7.82
529860,2018-05-02,2018,KC,2018-05-02 13:05:00,13,5,4,9,5,16,3,20,266,84.6,5,50,0.1,0.25,84.1,29.0,32.7,1011.6,0.0,22.1,13.8,236.7,SW,21.68,18.84,21.9
530022,2018-05-14,2018,ATH,2018-05-14 19:10:00,19,5,6,11,5,11,1,20,269,88.0,7,62,0.1129,0.25,59.4,15.2,83.7,1010.8,0.0,15.2,9.4,208.3,SW,14.53,15.14,12.17
530033,2018-05-15,2018,ATH,2018-05-15 19:10:00,19,3,5,8,2,11,4,19,321,83.5,3,61,0.0492,0.1053,62.3,16.8,96.0,1011.4,4.6,7.5,4.7,5.3,N,-5.77,-7.06,-3.79
530047,2018-05-16,2018,ATH,2018-05-16 19:10:00,19,6,4,10,5,19,7,14,318,86.0,4,44,0.0909,0.3571,51.0,10.5,88.7,1019.0,0.4,5.4,3.3,91.6,E,-3.69,-2.13,-4.8
529642,2018-05-17,2018,BAL,2018-04-16 11:05:00,11,6,2,8,3,15,4,15,248,85.0,6,49,0.1224,0.2,44.7,7.0,96.7,1011.4,12.9,29.4,18.3,82.3,E,-23.41,-15.9,-28.1
530063,2018-05-18,2018,BAL,2018-05-18 19:10:00,19,4,7,11,2,12,8,23,312,86.9,7,63,0.1111,0.087,47.6,8.7,74.7,1029.3,0.0,7.4,4.6,109.7,E,-3.18,-0.69,-5.29
530078,2018-05-19,2018,BAL,2018-05-19 19:10:00,19,6,3,9,4,21,8,12,292,84.7,4,41,0.0976,0.3333,51.7,11.0,98.0,1018.9,2.6,4.6,2.9,265.7,W,3.51,2.27,4.33
530093,2018-05-20,2018,BAL,2018-05-20 13:05:00,13,5,0,5,3,18,5,25,324,83.1,4,59,0.0678,0.12,74.3,23.5,78.7,1009.7,6.8,12.8,8.0,261.9,W,10.23,6.99,12.25
530155,2018-05-25,2018,ATL,2018-05-25 19:10:00,19,6,2,8,4,17,7,14,293,83.3,3,47,0.0638,0.2857,72.1,22.3,61.3,1006.3,0.0,15.4,9.5,231.7,SW,15.26,13.73,14.95
530170,2018-05-26,2018,ATL,2018-05-26 13:05:00,13,8,6,14,3,12,10,21,350,83.3,3,60,0.05,0.1429,87.0,30.6,38.7,1005.7,0.0,12.2,7.6,260.7,W,9.88,6.86,11.71
530185,2018-05-27,2018,ATL,2018-05-27 13:05:00,13,1,7,8,1,20,10,13,302,83.0,4,46,0.087,0.0769,52.9,11.6,71.3,1020.7,0.0,25.2,15.7,72.3,E,-22.39,-17.08,-24.99
530212,2018-05-28,2018,TOR,2018-05-28 13:05:00,13,8,3,11,2,13,9,18,272,87.4,4,54,0.0741,0.1111,60.2,15.7,77.7,1016.4,0.0,6.0,3.7,115.0,SE,-2.04,-0.0,-3.84
530227,2018-05-29,2018,TOR,2018-05-29 19:10:00,19,8,3,11,3,11,4,21,282,84.5,6,58,0.1034,0.1429,69.2,20.7,88.3,1015.5,0.0,8.3,5.2,192.2,S,7.01,8.13,5.04
530242,2018-05-30,2018,TOR,2018-05-30 13:05:00,13,6,4,10,3,18,3,17,267,83.0,4,49,0.0816,0.1765,64.1,17.8,64.0,1020.0,0.0,15.8,9.8,75.7,E,-13.62,-10.04,-15.56
530308,2018-06-05,2018,DET,2018-06-05 19:10:00,19,6,0,6,2,12,8,13,254,85.4,4,48,0.0833,0.1538,55.5,13.0,93.3,1003.9,0.4,5.3,3.3,33.7,NE,-5.23,-5.27,-4.56
530323,2018-06-06,2018,DET,2018-06-06 19:10:00,19,7,1,8,2,10,3,19,307,82.3,3,60,0.05,0.1053,58.8,14.9,84.7,1013.6,0.0,12.9,8.0,176.2,S,8.51,11.33,4.67
530336,2018-06-07,2018,DET,2018-06-07 19:10:00,19,2,7,9,2,19,8,17,298,83.9,2,51,0.0392,0.1176,58.3,14.6,78.3,1018.7,0.0,16.3,10.1,196.3,S,14.33,16.15,10.79
530346,2018-06-08,2018,CWS,2018-06-08 19:10:00,19,0,1,1,0,22,2,9,246,82.3,0,40,0.0,0.0,68.7,20.4,78.7,1017.3,0.0,5.8,3.6,300.3,NW,1.46,-0.53,3.28
530361,2018-06-09,2018,CWS,2018-06-09 16:05:00,16,4,2,6,2,22,6,14,268,82.3,3,42,0.0714,0.1429,74.8,23.8,44.0,1014.9,0.0,14.2,8.8,246.3,SW,13.23,10.66,14.2
530376,2018-06-10,2018,CWS,2018-06-10 13:05:00,13,2,5,7,0,21,9,15,307,82.8,3,49,0.0612,0.0,69.1,20.6,47.7,1015.5,0.0,15.7,9.8,104.0,E,-8.09,-3.0,-12.21
530539,2018-06-22,2018,SEA,2018-06-22 19:10:00,19,14,10,24,4,15,6,34,315,83.0,7,67,0.1045,0.1176,65.7,18.7,56.3,1016.7,0.0,12.3,7.6,175.3,S,7.96,10.69,4.27
530554,2018-06-23,2018,SEA,2018-06-23 19:15:00,19,2,7,9,0,13,5,20,292,84.9,2,62,0.0323,0.0,58.5,14.7,82.7,1009.7,1.7,9.4,5.8,0.7,N,-6.71,-8.54,-4.06
530569,2018-06-24,2018,SEA,2018-06-24 13:05:00,13,5,0,5,1,21,1,12,245,83.4,2,41,0.0488,0.0833,75.2,24.0,66.0,1007.1,0.4,13.9,8.6,109.2,E,-6.03,-1.4,-9.94
530590,2018-06-26,2018,LAA,2018-06-26 19:10:00,19,9,1,10,5,15,6,19,280,84.1,4,55,0.0727,0.2632,67.2,19.5,61.0,1019.5,0.0,13.0,8.1,225.3,SW,13.0,12.19,12.24
530605,2018-06-27,2018,LAA,2018-06-27 19:10:00,19,9,6,15,5,16,9,23,349,85.9,8,60,0.1333,0.2174,68.2,20.1,69.0,1014.7,0.2,14.1,8.8,194.0,S,12.12,13.87,8.9
530617,2018-06-28,2018,LAA,2018-06-28 19:10:00,19,4,2,6,3,15,8,13,297,84.7,5,47,0.1064,0.2308,70.3,21.3,97.3,1007.5,0.3,8.5,5.3,214.4,SW,8.32,8.35,7.29
530770,2018-07-09,2018,TEX,2018-07-09 19:10:00,19,5,0,5,2,15,3,14,292,84.0,4,51,0.0784,0.1429,77.7,25.4,55.3,1014.8,0.0,13.1,8.2,208.7,SW,12.61,13.11,10.59
530784,2018-07-10,2018,TEX,2018-07-10 19:10:00,19,8,4,12,1,10,9,19,305,86.8,6,56,0.1071,0.0526,80.0,26.7,51.0,1009.8,0.0,16.4,10.2,294.7,NW,5.68,0.08,10.6
530799,2018-07-11,2018,TEX,2018-07-11 19:10:00,19,4,2,6,0,24,5,20,276,82.9,3,44,0.0682,0.0,67.4,19.7,72.7,1015.6,0.0,5.9,3.6,127.4,SE,-0.78,1.26,-2.72
530809,2018-07-12,2018,TOR,2018-07-12 19:10:00,19,6,4,10,3,20,1,19,316,84.0,6,49,0.1224,0.1579,68.2,20.1,53.0,1022.5,0.0,10.2,6.3,156.3,SE,3.71,6.73,0.23
530824,2018-07-13,2018,TOR,2018-07-13 19:10:00,19,7,13,20,3,20,12,26,371,86.8,7,61,0.1148,0.1154,71.4,21.9,48.7,1021.9,0.0,12.5,7.8,149.3,SE,3.1,7.07,-1.24
530839,2018-07-14,2018,TOR,2018-07-14 13:05:00,13,6,2,8,2,21,8,18,331,83.4,5,52,0.0962,0.1111,75.7,24.3,46.0,1016.9,0.0,22.0,13.7,79.3,E,-18.17,-12.83,-21.32
530854,2018-07-15,2018,TOR,2018-07-15 13:05:00,13,5,2,7,2,16,10,14,321,84.1,3,45,0.0667,0.1429,77.7,25.4,71.3,1012.7,0.9,12.4,7.7,91.0,E,-8.64,-5.06,-11.18
530950,2018-07-26,2018,MIN,2018-07-26 19:10:00,19,1,2,3,0,17,8,13,285,83.9,1,46,0.0217,0.0,73.7,23.2,95.3,1011.1,0.0,11.1,6.9,228.0,SW,11.05,10.19,10.58
530962,2018-07-27,2018,MIN,2018-07-27 19:10:00,19,4,3,7,3,21,6,14,323,81.5,4,50,0.08,0.2143,76.5,24.7,88.0,1014.8,0.0,10.1,6.3,203.3,SW,9.39,10.1,7.54
530977,2018-07-28,2018,MIN,2018-07-28 19:10:00,19,10,4,14,2,21,7,21,331,84.6,6,52,0.1154,0.0952,75.2,24.0,92.3,1013.2,0.0,13.3,8.2,226.8,SW,13.26,12.32,12.6
530992,2018-07-29,2018,MIN,2018-07-29 13:05:00,13,3,0,3,0,18,4,14,256,83.0,1,46,0.0217,0.0,81.6,27.5,50.0,1015.1,0.0,13.9,8.6,263.3,W,10.88,7.28,13.16
531006,2018-07-30,2018,PHI,2018-07-30 19:10:00,19,2,1,3,0,18,7,17,350,87.5,3,72,0.0417,0.0,72.0,22.2,76.7,1019.0,0.0,10.4,6.4,222.7,SW,10.36,9.88,9.59
531021,2018-07-31,2018,PHI,2018-07-31 19:10:00,19,1,3,4,0,17,7,16,290,86.5,2,50,0.04,0.0,75.0,23.9,80.3,1018.3,0.0,7.6,4.7,180.3,S,5.43,6.94,3.26
531045,2018-08-02,2018,NYY,2018-08-02 19:10:00,19,15,7,22,7,17,9,27,335,86.1,5,63,0.0794,0.2593,77.8,25.5,84.7,1017.7,0.0,14.5,9.0,219.7,SW,14.47,14.06,13.14
531059,2018-08-03,2018,NYY,2018-08-03 19:10:00,19,4,1,5,2,12,4,8,226,83.3,3,45,0.0667,0.25,78.1,25.6,85.0,1019.6,0.0,8.1,5.0,228.2,SW,8.05,7.42,7.72
531074,2018-08-04,2018,NYY,2018-08-04 16:05:00,16,4,1,5,2,14,5,11,261,82.0,2,45,0.0444,0.1818,74.9,23.8,90.3,1015.6,0.6,10.4,6.4,198.1,S,9.25,10.29,7.08
531089,2018-08-05,2018,NYY,2018-08-05 20:05:00,20,5,4,9,1,25,12,16,401,84.9,4,52,0.0769,0.0625,76.8,24.9,75.0,1017.4,0.0,8.4,5.2,248.0,W,7.73,6.14,8.39
531247,2018-08-17,2018,TB,2018-08-17 19:10:00,19,7,3,10,0,9,4,18,273,87.7,2,58,0.0345,0.0,76.9,24.9,89.3,1012.9,0.0,15.6,9.7,202.4,S,14.4,15.58,11.47
531262,2018-08-18,2018,TB,2018-08-18 19:10:00,19,5,2,7,2,15,5,9,233,84.1,3,44,0.0682,0.2222,69.9,21.0,92.3,1009.9,1.3,17.1,10.6,18.5,N,-15.34,-17.02,-11.8
531277,2018-08-19,2018,TB,2018-08-19 13:05:00,13,0,2,2,2,17,7,6,277,82.3,3,41,0.0732,0.3333,70.9,21.6,67.3,1016.0,0.0,24.2,15.1,60.7,NE,-23.33,-19.69,-24.16
531282,2018-08-20,2018,CLE,2018-08-20 19:10:00,19,4,5,9,3,16,4,20,298,82.7,3,57,0.0526,0.15,65.0,18.3,90.3,1020.6,0.0,8.4,5.2,65.1,NE,-7.86,-6.4,-8.37
531292,2018-08-21,2018,CLE,2018-08-21 19:10:00,19,3,6,9,2,14,3,18,279,86.0,1,56,0.0179,0.1111,65.2,18.4,91.3,1015.1,0.0,8.7,5.4,131.4,SE,-0.55,2.45,-3.48
531307,2018-08-22,2018,CLE,2018-08-22 19:10:00,19,10,4,14,5,16,5,22,331,85.9,4,56,0.0714,0.2273,72.0,22.2,82.0,1004.5,0.0,11.3,7.0,269.4,W,8.05,4.87,10.26
531321,2018-08-23,2018,CLE,2018-08-23 13:05:00,13,7,0,7,0,14,6,17,288,82.2,0,50,0.0,0.0,75.7,24.3,41.3,1011.4,0.0,15.6,9.7,309.7,NW,1.45,-3.95,6.68
531384,2018-08-28,2018,MIA,2018-08-28 19:10:00,19,8,7,15,4,9,11,25,334,86.9,5,66,0.0758,0.16,84.0,28.9,71.7,1012.4,0.0,18.8,11.7,235.3,SW,18.46,16.2,18.5
531398,2018-08-29,2018,MIA,2018-08-29 18:35:00,18,14,6,20,4,13,5,25,295,86.7,2,59,0.0339,0.16,85.4,29.7,63.7,1010.6,0.0,13.9,8.7,220.0,SW,13.88,13.46,12.63
531514,2018-09-07,2018,HOU,2018-09-07 19:10:00,19,3,6,9,1,23,6,18,300,84.8,1,48,0.0208,0.0556,66.6,19.2,83.7,1018.9,0.0,5.4,3.3,240.0,SW,5.18,4.4,5.35
531529,2018-09-08,2018,HOU,2018-09-08 16:05:00,16,3,5,8,3,16,8,21,303,84.1,4,57,0.0702,0.1429,65.0,18.3,64.7,1019.2,0.0,9.0,5.6,82.8,E,-7.09,-4.78,-8.54
531544,2018-09-09,2018,HOU,2018-09-09 20:05:00,20,6,5,11,3,14,6,25,303,83.5,4,60,0.0667,0.12,58.3,14.6,59.0,1025.5,0.0,13.6,8.5,54.3,NE,-13.45,-11.89,-13.4
531580,2018-09-11,2018,TOR,2018-09-11 19:10:00,19,7,2,9,1,17,7,12,309,84.3,3,44,0.0682,0.0833,69.9,21.0,99.7,1020.2,0.1,3.0,1.8,117.4,SE,-0.9,0.12,-1.81
531595,2018-09-12,2018,TOR,2018-09-12 19:10:00,19,1,0,1,0,16,7,8,243,86.3,1,41,0.0244,0.0,64.8,18.2,95.0,1024.8,0.1,8.6,5.3,64.3,NE,-8.12,-6.66,-8.6
531603,2018-09-13,2018,TOR,2018-09-13 19:10:00,19,4,3,7,3,16,2,16,252,84.2,3,52,0.0577,0.1875,65.9,18.8,95.3,1024.4,0.0,6.1,3.8,147.6,SE,1.33,3.27,-0.78
531612,2018-09-14,2018,NYM,2018-09-14 19:10:00,19,0,8,8,4,18,8,13,299,84.0,4,47,0.0851,0.3077,64.4,18.0,98.0,1022.4,0.0,6.9,4.3,117.7,SE,-2.05,0.32,-4.18
531627,2018-09-15,2018,NYM,2018-09-15 16:05:00,16,5,3,8,1,18,7,12,316,80.1,4,45,0.0889,0.0833,69.0,20.5,85.0,1020.1,0.0,8.4,5.2,98.7,E,-4.98,-2.36,-6.99
531642,2018-09-16,2018,NYM,2018-09-16 13:05:00,13,4,3,7,1,18,4,12,279,85.0,4,43,0.093,0.0833,79.7,26.5,69.7,1020.8,0.0,9.2,5.7,96.0,E,-5.77,-2.98,-7.86
531743,2018-09-24,2018,BAL,2018-09-24 19:10:00,19,6,2,8,1,20,7,17,312,82.4,1,45,0.0222,0.0588,54.0,12.2,70.3,1035.2,0.0,14.0,8.7,62.0,NE,-13.39,-11.18,-13.98
531756,2018-09-26,2018,BAL,2018-09-25 19:10:00,19,19,3,22,7,16,6,30,323,85.2,8,63,0.127,0.2333,66.3,19.0,95.7,1021.4,8.9,15.0,9.3,169.3,S,8.46,12.19,3.71
531771,2018-09-26,2018,BAL,2018-09-26 19:10:00,19,3,10,13,0,20,10,16,359,80.4,1,52,0.0192,0.0,73.0,22.8,93.7,1010.7,0.3,20.1,12.5,205.7,SW,19.0,20.13,15.57
531801,2018-09-28,2018,NYY,2018-09-28 19:10:00,19,6,11,17,5,18,11,19,357,85.5,6,57,0.1053,0.2632,54.6,12.6,95.3,1017.6,0.0,4.5,2.8,252.6,W,4.02,3.06,4.49
531816,2018-09-29,2018,NYY,2018-09-29 13:05:00,13,5,8,13,3,26,7,23,353,85.3,4,52,0.0769,0.1304,71.5,21.9,52.3,1018.6,0.0,10.4,6.5,297.0,NW,3.22,-0.36,6.41
531831,2018-09-30,2018,NYY,2018-09-30 15:05:00,15,10,2,12,3,26,8,17,332,82.8,3,41,0.0732,0.1765,64.6,18.1,53.3,1023.6,0.0,10.2,6.4,248.7,W,9.37,7.4,10.21
565027,2019-04-09,2019,TOR,2019-04-09 14:05:00,14,5,7,12,2,16,5,18,324,85.8,5,56,0.0893,0.1111,41.7,5.4,83.7,1002.0,0.0,18.6,11.6,100.7,E,-10.49,-4.6,-15.11
565028,2019-04-11,2019,TOR,2019-04-11 19:10:00,19,7,6,13,4,19,13,16,326,87.6,7,45,0.1556,0.25,42.8,6.0,62.0,1024.1,0.0,5.3,3.3,199.1,S,4.8,5.31,3.71
565029,2019-04-12,2019,BAL,2019-04-12 19:10:00,19,6,4,10,3,16,3,15,268,85.4,7,51,0.1373,0.2,49.3,9.6,90.3,1020.6,0.4,13.3,8.3,194.7,S,11.48,13.08,8.49
565030,2019-04-13,2019,BAL,2019-04-13 13:05:00,13,5,9,14,1,14,13,19,331,85.0,1,57,0.0175,0.0526,72.0,22.2,54.3,1013.3,0.0,18.9,11.7,231.0,SW,18.8,16.99,18.34
565031,2019-04-14,2019,BAL,2019-04-14 13:05:00,13,4,0,4,1,19,3,12,274,82.9,3,44,0.0682,0.0833,55.0,12.8,56.7,1011.0,0.0,16.2,10.0,86.3,E,-12.14,-7.76,-15.06
565032,2019-04-15,2019,BAL,2019-04-15 11:05:00,11,1,8,9,2,13,10,14,306,83.7,1,50,0.02,0.1429,64.2,17.9,79.0,988.5,0.1,14.2,8.8,204.6,SW,13.28,14.17,10.79
565033,2019-04-23,2019,DET,2019-04-22 19:10:00,19,4,7,11,4,18,7,17,288,85.3,3,48,0.0625,0.2353,51.6,10.9,96.0,1014.3,11.4,15.4,9.6,25.0,NE,-14.47,-15.4,-11.8
565034,2019-04-23,2019,DET,2019-04-23 19:10:00,19,2,4,6,1,18,9,21,315,82.6,5,50,0.1,0.0476,44.8,7.1,90.0,1010.8,0.0,13.4,8.3,108.3,E,-6.03,-1.56,-9.77
565035,2019-04-24,2019,DET,2019-04-24 19:10:00,19,11,4,15,0,21,17,18,336,84.5,3,46,0.0652,0.0,51.5,10.8,66.7,1009.1,0.0,13.4,8.3,294.3,NW,4.74,0.16,8.75
565036,2019-04-25,2019,DET,2019-04-25 19:10:00,19,7,3,10,2,12,6,17,278,85.3,4,55,0.0727,0.1176,48.9,9.4,79.3,1013.2,0.0,10.6,6.6,157.4,SE,4.04,7.14,0.44
565038,2019-04-27,2019,TB,2019-04-27 16:05:00,16,1,2,3,2,21,13,9,306,81.1,3,39,0.0769,0.2222,48.6,9.2,48.0,1000.3,0.0,25.7,16.0,275.7,W,16.31,8.52,22.14
565039,2019-04-28,2019,TB,2019-04-28 13:05:00,13,2,5,7,2,21,5,12,264,87.1,3,43,0.0698,0.1667,51.0,10.6,61.0,1014.4,0.3,13.1,8.1,251.3,W,11.74,9.05,13.02
565040,2019-04-29,2019,ATH,2019-04-29 19:10:00,19,9,4,13,0,16,12,20,299,84.9,3,53,0.0566,0.0,51.1,10.6,66.0,1024.4,0.0,6.1,3.8,158.0,S,2.37,4.14,0.32
565041,2019-04-30,2019,ATH,2019-04-30 19:10:00,19,5,1,6,3,16,6,10,271,86.6,4,46,0.087,0.3,45.7,7.6,75.0,1027.1,0.0,9.9,6.1,321.4,NW,-1.1,-4.39,2.32
565042,2019-05-01,2019,ATH,2019-05-01 13:05:00,13,7,3,10,2,14,4,16,268,84.1,4,52,0.0769,0.125,52.7,11.5,55.0,1028.1,0.0,11.1,6.9,84.7,E,-8.54,-5.61,-10.45
565043,2019-05-10,2019,SEA,2019-05-10 19:10:00,19,14,1,15,3,15,4,23,306,86.3,7,61,0.1148,0.1304,60.0,15.5,95.0,1011.9,0.0,14.7,9.2,213.7,SW,14.45,14.57,12.58
565044,2019-05-11,2019,SEA,2019-05-11 13:05:00,13,9,5,14,4,16,13,16,332,84.5,1,51,0.0196,0.25,63.7,17.6,44.7,1013.4,0.0,16.8,10.4,320.0,NW,-1.46,-7.09,4.34
565045,2019-05-12,2019,SEA,2019-05-12 13:05:00,13,11,2,13,3,14,10,16,322,81.9,5,51,0.098,0.1875,46.1,7.8,68.7,1015.1,0.7,6.8,4.2,96.9,E,-4.19,-2.11,-5.77
565046,2019-05-14,2019,COL,2019-05-14 19:10:00,19,4,5,9,5,34,6,15,360,85.1,4,47,0.0851,0.3333,43.9,6.6,87.0,1009.1,0.3,4.4,2.8,334.0,NW,-1.44,-2.79,0.08
565047,2019-05-15,2019,COL,2019-05-15 19:10:00,19,6,5,11,1,24,7,24,317,83.9,6,54,0.1111,0.0417,51.9,11.0,69.7,1008.3,0.0,4.3,2.7,160.7,S,1.88,3.1,0.43
565048,2019-05-17,2019,HOU,2019-05-17 19:10:00,19,1,3,4,1,18,5,15,286,87.1,2,51,0.0392,0.0667,61.2,16.2,94.7,1004.8,0.0,14.7,9.1,231.0,SW,14.59,13.18,14.23
565049,2019-05-18,2019,HOU,2019-05-18 19:15:00,19,3,7,10,2,7,11,18,330,85.7,3,63,0.0476,0.1111,54.4,12.5,72.7,1016.2,0.0,11.7,7.2,127.3,SE,-1.57,2.48,-5.43
565050,2019-05-19,2019,HOU,2019-05-19 13:05:00,13,4,3,7,2,16,7,15,290,86.4,4,47,0.0851,0.1333,69.9,21.0,56.7,1014.9,0.0,23.3,14.5,203.7,SW,21.73,23.33,17.52
565051,2019-05-27,2019,CLE,2019-05-27 16:05:00,16,12,5,17,3,15,8,22,343,85.9,4,59,0.0678,0.1364,64.0,17.8,76.0,1010.6,0.0,9.6,6.0,89.0,E,-6.93,-4.22,-8.8
565052,2019-05-28,2019,CLE,2019-05-28 19:10:00,19,5,7,12,2,14,10,18,350,85.1,5,57,0.0877,0.1111,52.8,11.5,94.0,1006.9,4.5,9.4,5.8,69.7,E,-8.51,-6.65,-9.33
565053,2019-05-29,2019,CLE,2019-05-29 18:10:00,18,9,14,23,5,22,5,32,344,85.3,11,64,0.1719,0.1562,50.1,10.1,84.3,1007.4,1.4,11.8,7.3,98.0,E,-7.1,-3.45,-9.9
565054,2019-06-07,2019,TB,2019-06-07 19:10:00,19,1,5,6,2,16,3,14,265,84.8,3,51,0.0588,0.1429,66.1,18.9,85.0,1012.8,0.0,15.2,9.5,200.0,S,13.8,15.18,10.77
565037,2019-06-08,2019,TB,2019-04-26 19:10:00,19,5,1,6,0,24,8,12,306,81.3,1,40,0.025,0.0,43.8,6.5,96.7,1000.4,5.0,18.6,11.6,53.7,NE,-18.39,-16.32,-18.24
565055,2019-06-08,2019,TB,2019-06-08 13:05:00,13,2,9,11,2,17,4,19,332,84.9,8,53,0.1509,0.1053,70.5,21.4,45.0,1020.9,0.0,11.8,7.3,104.7,E,-5.96,-2.12,-9.08
565056,2019-06-09,2019,TB,2019-06-09 13:05:00,13,1,6,7,4,23,4,22,321,84.4,5,52,0.0962,0.1818,75.9,24.4,41.3,1024.8,0.0,9.2,5.7,165.6,S,4.7,7.14,1.7
565057,2019-06-10,2019,TEX,2019-06-10 19:10:00,19,3,4,7,1,24,6,17,336,85.4,2,54,0.037,0.0588,67.2,19.5,86.3,1015.2,0.0,11.9,7.4,126.7,SE,-1.73,2.41,-5.66
565058,2019-06-11,2019,TEX,2019-06-11 19:10:00,19,5,9,14,3,27,12,18,366,87.1,6,45,0.1333,0.1667,64.5,18.0,62.3,1013.4,0.0,13.0,8.1,332.7,NW,-3.95,-7.94,0.53
565059,2019-06-12,2019,TEX,2019-06-12 16:05:00,16,4,3,7,0,21,6,15,287,83.8,4,45,0.0889,0.0,71.2,21.8,50.0,1018.8,0.0,14.5,9.0,187.0,S,11.43,13.79,7.68
565060,2019-06-13,2019,TEX,2019-06-13 19:10:00,19,7,6,13,5,19,11,18,355,84.8,6,50,0.12,0.2778,52.7,11.5,94.3,1006.4,0.0,12.2,7.6,304.7,NW,2.19,-2.05,6.16
565061,2019-06-21,2019,TOR,2019-06-21 19:10:00,19,7,5,12,2,28,7,25,369,83.4,5,54,0.0926,0.08,64.5,18.1,73.3,1003.3,0.0,14.6,9.1,304.7,NW,2.62,-2.46,7.39
565062,2019-06-22,2019,TOR,2019-06-22 16:05:00,16,7,8,15,3,20,10,19,369,83.6,3,52,0.0577,0.1579,68.2,20.1,67.3,1008.9,1.0,15.1,9.4,299.3,NW,4.09,-1.14,8.83
565063,2019-06-23,2019,TOR,2019-06-23 13:05:00,13,1,6,7,1,16,6,17,295,83.0,2,54,0.037,0.0588,81.6,27.5,37.3,1008.0,0.0,17.3,10.7,290.7,W,7.12,1.31,12.07
565064,2019-06-24,2019,CWS,2019-06-24 19:10:00,19,6,5,11,4,19,11,20,331,82.5,4,51,0.0784,0.2,64.4,18.0,81.7,1009.5,0.0,10.2,6.3,81.3,E,-8.22,-5.65,-9.79
565065,2019-06-25,2019,CWS,2019-06-25 19:10:00,19,6,3,9,1,22,2,20,298,84.4,3,48,0.0625,0.05,67.3,19.6,95.7,1011.1,4.7,13.0,8.1,176.2,S,8.59,11.42,4.72
565066,2019-06-26,2019,CWS,2019-06-26 13:05:00,13,7,8,15,3,18,3,27,330,84.8,2,61,0.0328,0.1111,71.4,21.9,88.7,1014.4,0.0,14.9,9.3,98.3,E,-8.92,-4.28,-12.48
565067,2019-06-29,2019,NYY,2019-06-29 13:10:00,13,13,17,30,6,16,12,37,422,87.5,5,73,0.0685,0.1622,77.8,25.5,82.0,1010.6,9.9,8.5,5.3,238.3,SW,8.3,7.13,8.48
565068,2019-06-30,2019,NYY,2019-06-30 10:10:00,10,8,12,20,4,18,10,28,378,81.8,3,63,0.0476,0.1429,72.4,22.5,69.7,1004.3,0.9,14.3,8.9,314.0,NW,0.25,-4.65,5.13
565069,2019-07-12,2019,LAD,2019-07-12 19:10:00,19,8,1,9,4,20,5,13,261,84.6,1,44,0.0227,0.3077,73.6,23.1,96.0,1006.2,0.5,5.1,3.1,103.5,E,-2.64,-1.01,-3.96
565070,2019-07-13,2019,LAD,2019-07-13 19:15:00,19,2,11,13,5,22,5,20,322,81.7,3,50,0.06,0.25,75.9,24.4,74.3,1010.0,0.0,7.8,4.8,237.7,SW,7.61,6.57,7.74
565071,2019-07-14,2019,LAD,2019-07-14 19:05:00,19,4,7,11,3,30,13,20,466,82.6,1,63,0.0159,0.15,75.7,24.3,66.7,1011.5,0.0,10.0,6.2,308.9,NW,1.06,-2.39,4.38
565072,2019-07-15,2019,TOR,2019-07-15 19:10:00,19,10,8,18,2,10,8,26,321,84.2,2,67,0.0299,0.0769,72.3,22.4,63.0,1015.0,0.0,8.1,5.1,299.3,NW,2.2,-0.61,4.74
565073,2019-07-16,2019,TOR,2019-07-16 19:10:00,19,4,10,14,3,11,10,23,324,85.1,4,61,0.0656,0.1304,77.5,25.3,70.0,1013.6,0.0,14.6,9.1,202.3,S,13.44,14.55,10.7
565074,2019-07-17,2019,TOR,2019-07-17 19:10:00,19,5,4,9,4,16,10,19,324,85.3,5,52,0.0962,0.2105,74.9,23.8,96.0,1011.1,1.3,10.1,6.3,231.0,SW,10.04,9.08,9.8
565075,2019-07-18,2019,TOR,2019-07-18 13:05:00,13,5,0,5,2,24,7,9,281,84.6,3,35,0.0857,0.2222,68.8,20.5,71.7,1013.7,0.0,16.8,10.4,75.7,E,-14.42,-10.63,-16.48
565076,2019-07-25,2019,NYY,2019-07-25 19:10:00,19,19,3,22,5,15,6,30,330,85.0,7,65,0.1077,0.1667,70.6,21.5,81.3,1019.6,0.0,9.8,6.1,183.8,S,7.37,9.14,4.72
565077,2019-07-26,2019,NYY,2019-07-26 19:10:00,19,10,5,15,4,18,3,27,321,86.4,8,58,0.1379,0.1481,72.4,22.4,81.7,1023.9,0.0,10.5,6.5,182.4,S,7.73,9.69,4.83
565078,2019-07-27,2019,NYY,2019-07-27 16:05:00,16,9,5,14,3,20,4,26,322,85.0,7,55,0.1273,0.1154,78.0,25.6,60.0,1020.4,0.0,11.6,7.2,197.3,S,10.3,11.53,7.83
565079,2019-07-28,2019,NYY,2019-07-28 19:05:00,19,6,9,15,3,23,10,18,314,87.2,7,50,0.14,0.1667,77.8,25.4,71.3,1014.0,0.0,13.3,8.3,223.0,SW,13.29,12.65,12.33
565080,2019-07-30,2019,TB,2019-07-30 19:10:00,19,5,6,11,3,21,9,25,346,85.5,4,57,0.0702,0.12,80.4,26.9,78.7,1013.8,0.0,10.5,6.5,205.7,SW,9.91,10.5,8.12
565081,2019-07-31,2019,TB,2019-07-31 19:10:00,19,5,8,13,5,26,3,24,336,81.0,5,53,0.0943,0.2083,76.6,24.8,81.7,1015.0,0.0,7.4,4.6,221.7,SW,7.39,7.09,6.79
565082,2019-08-01,2019,TB,2019-08-01 19:10:00,19,4,9,13,5,17,9,22,328,86.1,5,56,0.0893,0.2273,73.7,23.2,59.3,1017.1,0.0,8.8,5.5,346.1,N,-4.56,-6.88,-1.7
565083,2019-08-05,2019,KC,2019-08-05 19:10:00,19,7,5,12,5,17,7,18,305,81.4,2,51,0.0392,0.2778,70.8,21.6,69.7,1013.2,0.0,9.9,6.1,177.9,S,6.72,8.78,3.84
565084,2019-08-06,2019,KC,2019-08-06 19:10:00,19,2,6,8,3,13,5,16,286,86.1,4,54,0.0741,0.1875,72.7,22.6,81.0,1009.4,0.0,6.8,4.2,185.4,S,5.21,6.37,3.42
565085,2019-08-07,2019,KC,2019-08-07 19:10:00,19,5,4,9,1,22,8,25,353,83.2,1,59,0.0169,0.04,73.2,22.9,92.7,1008.7,1.3,18.5,11.5,190.7,S,15.3,17.96,10.81
565086,2019-08-08,2019,LAA,2019-08-08 19:10:00,19,3,0,3,2,25,1,7,233,80.1,2,32,0.0625,0.2857,75.9,24.4,73.3,1002.7,0.0,14.4,8.9,215.3,SW,14.16,14.13,12.48
565087,2019-08-09,2019,LAA,2019-08-09 19:10:00,19,16,4,20,6,12,8,17,334,85.5,3,54,0.0556,0.3529,72.3,22.4,59.7,1005.3,0.0,9.8,6.1,256.0,W,8.43,6.19,9.65
565088,2019-08-10,2019,LAA,2019-08-10 16:05:00,16,4,12,16,3,14,6,20,327,84.8,3,61,0.0492,0.15,74.1,23.4,42.0,1006.5,0.0,18.4,11.4,287.7,W,8.45,2.35,13.53
565089,2019-08-11,2019,LAA,2019-08-11 13:05:00,13,4,5,9,2,21,15,16,354,84.6,2,51,0.0392,0.125,80.3,26.8,32.0,1011.8,0.0,21.0,13.0,292.0,W,8.19,1.1,14.3
565090,2019-08-16,2019,BAL,2019-08-16 19:10:00,19,9,1,10,1,8,6,17,261,86.0,4,57,0.0702,0.0588,69.7,20.9,86.0,1016.3,0.0,9.9,6.2,139.8,SE,0.83,4.16,-2.59
565091,2019-08-17,2019,BAL,2019-08-17 19:10:00,19,4,0,4,2,16,6,12,292,84.4,5,45,0.1111,0.1667,72.6,22.6,89.7,1014.9,0.5,10.8,6.7,159.4,S,4.46,7.55,0.83
565092,2019-08-18,2019,BAL,2019-08-18 13:05:00,13,13,7,20,3,20,10,25,341,85.7,4,55,0.0727,0.12,84.5,29.2,55.0,1013.7,0.2,7.3,4.6,134.6,SE,-0.05,2.46,-2.56
565093,2019-08-20,2019,PHI,2019-08-20 19:10:00,19,2,3,5,1,19,4,13,272,84.6,1,46,0.0217,0.0769,72.7,22.6,81.3,1015.9,0.0,6.4,4.0,148.1,SE,1.44,3.47,-0.77
565094,2019-08-21,2019,PHI,2019-08-21 19:10:00,19,2,5,7,2,20,12,14,340,81.2,4,47,0.0851,0.1429,76.9,24.9,85.3,1009.2,0.0,17.7,11.0,216.7,SW,17.48,17.3,15.55
565095,2019-09-03,2019,MIN,2019-09-03 19:10:00,19,5,6,11,4,25,8,14,311,83.2,6,43,0.1395,0.2857,65.1,18.4,89.0,1016.5,0.0,9.7,6.0,145.4,SE,1.76,4.93,-1.62
565096,2019-09-04,2019,MIN,2019-09-04 19:10:00,19,6,2,8,3,17,10,17,300,82.5,4,48,0.0833,0.1765,70.8,21.5,86.0,1011.5,0.0,15.3,9.5,251.3,W,13.74,10.59,15.24
565097,2019-09-05,2019,MIN,2019-09-05 19:10:00,19,1,2,3,1,10,11,6,261,81.5,0,45,0.0,0.1667,60.1,15.6,80.7,1017.3,0.0,7.4,4.6,165.2,S,3.71,5.66,1.31
565098,2019-09-06,2019,NYY,2019-09-06 19:10:00,19,6,1,7,2,21,10,9,307,84.1,3,36,0.0833,0.2222,63.2,17.3,76.7,1009.8,0.3,24.2,15.0,56.3,NE,-23.7,-20.64,-23.89
565099,2019-09-07,2019,NYY,2019-09-07 16:05:00,16,1,5,6,2,17,8,14,312,85.6,5,49,0.102,0.1429,68.6,20.3,54.0,1005.8,0.0,6.0,3.7,253.9,W,5.25,3.95,5.93
565100,2019-09-08,2019,NYY,2019-09-08 20:05:00,20,5,10,15,5,14,2,22,331,83.8,5,62,0.0806,0.2273,62.0,16.7,74.0,1019.7,0.0,7.7,4.8,351.4,N,-4.55,-6.39,-2.17
565101,2019-09-09,2019,NYY,2019-09-09 19:10:00,19,0,5,5,2,22,6,19,334,82.4,3,51,0.0588,0.1053,62.9,17.2,85.3,1024.8,0.0,6.9,4.3,144.3,SE,1.12,3.38,-1.28
565102,2019-09-17,2019,SF,2019-09-17 19:10:00,19,6,7,13,3,33,17,28,552,85.5,5,82,0.061,0.1071,59.5,15.3,82.7,1020.6,0.0,4.4,2.7,113.3,SE,-1.62,-0.13,-2.93
565103,2019-09-18,2019,SF,2019-09-18 19:10:00,19,3,11,14,3,16,6,21,352,81.9,4,58,0.069,0.1429,53.2,11.8,73.3,1026.2,0.0,6.3,3.9,34.1,NE,-6.15,-6.19,-5.38
565104,2019-09-19,2019,SF,2019-09-19 13:05:00,13,5,4,9,0,26,9,17,317,83.6,1,44,0.0227,0.0,66.1,18.9,41.3,1024.3,0.0,8.7,5.4,101.3,E,-4.82,-2.06,-7.01
565105,2019-09-27,2019,BAL,2019-09-27 19:10:00,19,1,4,5,1,18,10,12,320,85.0,2,45,0.0444,0.0833,60.6,15.9,72.0,1018.9,0.0,12.5,7.7,212.0,SW,12.15,12.37,10.46
565106,2019-09-28,2019,BAL,2019-09-28 13:05:00,13,4,9,13,6,17,9,21,361,81.6,6,56,0.1071,0.2857,78.3,25.7,52.7,1015.1,0.0,23.5,14.6,204.7,SW,22.07,23.53,17.94
565107,2019-09-29,2019,BAL,2019-09-29 15:05:00,15,5,4,9,0,20,5,18,308,83.0,1,48,0.0208,0.0,64.5,18.1,59.7,1023.1,0.0,13.9,8.7,112.3,E,-5.37,-0.65,-9.44
631664,2020-07-24,2020,BAL,2020-07-24 19:30:00,19,13,2,15,1,17,8,23,326,83.7,3,54,0.0556,0.0435,72.7,22.6,80.7,1017.3,0.0,6.0,3.7,153.2,SE,1.88,3.73,-0.19
631666,2020-07-25,2020,BAL,2020-07-25 13:35:00,13,2,7,9,1,16,2,19,267,82.4,2,58,0.0345,0.0526,87.5,30.8,37.7,1015.1,0.0,0.8,0.5,90.0,E,-0.57,-0.34,-0.73
631668,2020-07-26,2020,BAL,2020-07-26 13:35:00,13,4,7,11,4,10,8,17,291,81.8,2,59,0.0339,0.2353,93.9,34.4,28.3,1008.9,0.0,21.6,13.4,265.0,W,16.57,10.82,20.33
631669,2020-07-27,2020,NYM,2020-07-27 19:35:00,19,4,7,11,5,17,4,19,267,82.6,4,55,0.0727,0.2632,85.7,29.8,48.3,1004.2,0.0,12.9,8.0,223.7,SW,12.93,12.25,12.05
631663,2020-07-28,2020,NYM,2020-07-28 19:30:00,19,3,8,11,1,15,6,19,273,84.6,4,56,0.0714,0.0526,82.1,27.8,40.3,1008.2,0.0,13.6,8.5,279.3,W,7.95,3.68,11.26
631623,2020-08-07,2020,TOR,2020-08-07 19:30:00,19,5,3,8,4,14,15,14,329,84.4,5,46,0.1087,0.2857,70.2,21.2,75.7,1020.1,0.0,9.3,5.8,101.3,E,-5.16,-2.2,-7.49
631658,2020-08-08,2020,TOR,2020-08-08 19:30:00,19,1,2,3,0,15,10,13,282,84.2,2,50,0.04,0.0,75.0,23.9,66.7,1018.5,0.0,13.1,8.2,186.3,S,10.25,12.44,6.82
631630,2020-08-09,2020,TOR,2020-08-09 13:35:00,13,5,3,8,5,27,2,10,266,83.5,4,38,0.1053,0.5,88.2,31.2,40.7,1015.5,0.2,13.3,8.3,214.3,SW,13.1,13.16,11.47
631631,2020-08-10,2020,TB,2020-08-10 19:30:00,19,7,8,15,1,15,12,28,361,81.9,2,62,0.0323,0.0357,83.8,28.8,57.0,1012.7,0.0,16.1,10.0,216.3,SW,15.88,15.75,14.1
631646,2020-08-11,2020,TB,2020-08-11 19:30:00,19,2,8,10,1,18,7,18,306,84.1,3,50,0.06,0.0556,81.0,27.2,65.7,1012.5,0.0,18.9,11.7,205.0,SW,17.76,18.9,14.48
631648,2020-08-12,2020,TB,2020-08-12 19:30:00,19,5,9,14,5,17,2,27,272,87.0,4,60,0.0667,0.1852,83.8,28.8,58.7,1015.5,0.0,3.4,2.1,267.8,W,2.49,1.55,3.13
631650,2020-08-13,2020,TB,2020-08-13 16:30:00,16,8,17,25,4,24,8,32,375,83.8,4,63,0.0635,0.125,80.7,27.1,50.0,1016.1,0.0,9.7,6.0,123.7,SE,-1.91,1.47,-5.06
631651,2020-08-18,2020,PHI,2020-08-18 19:30:00,19,6,13,19,4,25,9,27,382,81.7,5,56,0.0893,0.1481,70.8,21.6,59.7,1009.4,0.0,7.4,4.6,273.3,W,4.9,2.72,6.48
631652,2020-08-19,2020,PHI,2020-08-19 13:35:00,13,6,3,9,1,22,13,12,326,81.2,4,40,0.1,0.0833,77.8,25.4,41.7,1011.5,0.0,8.8,5.4,187.1,S,6.92,8.34,4.66
631653,2020-08-28,2020,WSH,2020-08-28 19:30:00,19,2,10,12,3,15,3,26,332,84.4,2,61,0.0328,0.1154,68.1,20.1,77.7,1008.4,0.0,7.1,4.4,285.9,W,3.44,1.12,5.34
631654,2020-08-29,2020,WSH,2020-08-29 19:30:00,19,5,3,8,2,18,7,20,307,84.5,4,51,0.0784,0.1,72.6,22.5,95.7,995.7,0.0,16.5,10.2,218.4,SW,16.36,16.02,14.72
631655,2020-08-30,2020,WSH,2020-08-30 13:35:00,13,9,5,14,6,15,6,26,330,83.4,4,62,0.0645,0.2308,73.9,23.3,44.3,1003.9,0.0,24.7,15.4,299.7,NW,6.54,-2.01,14.3
631656,2020-08-31,2020,ATL,2020-08-31 19:30:00,19,3,6,9,1,24,6,20,307,83.7,3,48,0.0625,0.05,63.6,17.6,81.0,1019.6,0.0,10.5,6.5,190.3,S,8.66,10.19,6.09
631657,2020-09-01,2020,ATL,2020-09-01 19:30:00,19,3,10,13,3,17,4,22,298,84.2,5,58,0.0862,0.1364,64.2,17.9,78.7,1021.0,0.0,12.4,7.7,133.7,SE,-0.29,3.96,-4.5
631624,2020-09-02,2020,ATL,2020-09-02 19:30:00,19,5,7,12,5,19,5,17,287,86.2,4,53,0.0755,0.2941,69.3,20.7,98.0,1008.7,0.3,10.9,6.8,197.7,S,9.65,10.78,7.36
631614,2020-09-03,2020,TOR,2020-09-03 19:30:00,19,2,6,8,3,22,12,16,336,82.8,4,52,0.0769,0.1875,68.7,20.4,96.7,1006.4,0.0,7.3,4.6,158.7,S,2.95,5.07,0.48
631649,2020-09-04,2020,TOR,2020-09-04 16:10:00,16,7,8,15,3,15,5,22,252,84.5,8,47,0.1702,0.1364,77.4,25.2,40.3,1010.2,0.0,14.6,9.1,288.3,W,6.54,1.69,10.59
631625,2020-09-05,2020,TOR,2020-09-05 19:30:00,19,9,8,17,7,12,9,31,337,85.2,7,69,0.1014,0.2258,65.5,18.6,56.3,1020.0,0.0,9.0,5.6,230.7,SW,8.99,8.14,8.75
631626,2020-09-06,2020,TOR,2020-09-06 13:35:00,13,8,10,18,6,20,16,25,418,83.4,6,58,0.1034,0.24,78.5,25.8,41.3,1019.9,0.2,9.0,5.6,219.5,SW,8.93,8.68,8.09
631627,2020-09-18,2020,NYY,2020-09-18 19:30:00,19,5,6,11,2,28,8,21,414,80.9,3,63,0.0476,0.0952,56.4,13.6,53.7,1016.8,0.0,13.9,8.7,344.3,N,-6.83,-10.57,-2.26
631628,2020-09-19,2020,NYY,2020-09-19 19:30:00,19,0,8,8,1,16,6,16,291,83.3,2,51,0.0392,0.0625,51.5,10.8,67.0,1027.0,0.0,6.3,3.9,5.9,N,-4.92,-5.99,-3.26
631635,2020-09-20,2020,NYY,2020-09-20 13:07:00,13,10,2,12,5,13,9,17,306,84.2,8,52,0.1538,0.2941,59.0,15.0,33.0,1032.5,0.0,17.2,10.7,57.7,NE,-16.75,-14.45,-17.03
631636,2020-09-22,2020,BAL,2020-09-22 19:30:00,19,8,3,11,2,21,8,25,348,83.4,1,55,0.0182,0.08,59.8,15.5,41.7,1006.9,0.0,21.3,13.3,317.7,NW,-0.99,-8.22,6.36
631637,2020-09-23,2020,BAL,2020-09-23 19:30:00,19,9,1,10,1,23,8,21,295,83.4,4,47,0.0851,0.0476,65.1,18.4,65.0,1008.7,0.0,10.0,6.2,274.6,W,6.48,3.48,8.69
631640,2020-09-24,2020,BAL,2020-09-24 19:30:00,19,1,13,14,3,10,4,25,294,84.4,2,64,0.0312,0.12,67.1,19.5,55.3,1013.9,0.0,10.8,6.7,237.0,SW,10.53,9.13,10.66
634627,2021-04-02,2021,BAL,2021-04-01 14:10:00,14,0,3,3,0,15,4,11,300,82.0,0,48,0.0,0.0,46.4,8.0,61.0,1005.4,0.0,19.8,12.3,311.7,NW,1.15,-5.69,7.86
634577,2021-04-03,2021,BAL,2021-04-03 13:10:00,13,2,4,6,0,19,3,15,288,82.5,0,50,0.0,0.0,47.5,8.6,25.0,1020.8,0.0,14.3,8.9,324.0,NW,-2.23,-6.92,2.72
634610,2021-04-04,2021,BAL,2021-04-04 13:10:00,13,3,11,14,1,23,10,23,350,84.0,2,54,0.037,0.0435,56.2,13.5,28.0,1012.1,0.0,18.1,11.2,306.0,NW,2.83,-3.45,8.76
634601,2021-04-05,2021,TB,2021-04-05 19:10:00,19,11,2,13,1,16,9,23,326,85.1,3,54,0.0556,0.0435,49.8,9.9,42.3,1009.0,0.0,17.5,10.9,324.7,NW,-2.93,-8.65,3.13
634590,2021-04-06,2021,TB,2021-04-06 19:10:00,19,6,5,11,1,28,8,18,361,82.2,2,57,0.0351,0.0556,46.9,8.3,73.3,1013.0,0.0,5.6,3.5,133.4,SE,-0.16,1.76,-2.05
634641,2021-04-07,2021,TB,2021-04-07 13:10:00,13,9,2,11,1,12,5,18,255,80.0,2,54,0.037,0.0556,52.2,11.2,72.3,1015.2,0.0,14.0,8.7,101.7,E,-7.67,-3.22,-11.2
634471,2021-04-17,2021,CWS,2021-04-17 16:05:00,16,7,4,11,1,21,10,22,341,81.5,5,50,0.1,0.0455,46.3,7.9,64.3,1006.7,0.0,10.4,6.4,343.6,N,-4.97,-7.78,-1.56
634518,2021-04-18,2021,CWS,2021-04-16 19:10:00,19,1,5,6,1,14,3,14,214,82.5,1,40,0.025,0.0714,35.8,2.1,96.7,999.1,2.0,28.3,17.6,339.0,N,-11.5,-19.64,-1.97
634532,2021-04-18,2021,CWS,2021-04-18 13:10:00,13,2,3,5,2,8,0,16,184,81.7,3,46,0.0652,0.125,57.1,14.0,45.3,1006.0,0.0,18.9,11.7,303.7,NW,3.71,-2.85,9.83
634445,2021-04-19,2021,CWS,2021-04-19 11:10:00,11,11,4,15,3,20,6,25,318,81.4,3,55,0.0545,0.12,61.1,16.2,44.0,1008.7,0.0,4.7,2.9,259.1,W,3.92,2.77,4.59
634409,2021-04-20,2021,TOR,2021-04-20 19:10:00,19,4,2,6,3,14,2,13,254,81.0,3,50,0.06,0.2308,56.1,13.4,80.3,1011.0,0.1,8.8,5.5,234.1,SW,8.69,7.69,8.64
634459,2021-04-21,2021,TOR,2021-04-21 19:10:00,19,3,6,9,1,18,11,20,327,82.5,2,53,0.0377,0.05,43.8,6.5,85.0,999.2,0.0,22.8,14.2,305.3,NW,3.83,-4.1,11.3
634508,2021-04-22,2021,SEA,2021-04-22 19:10:00,19,3,7,10,2,17,9,11,332,80.0,3,52,0.0577,0.1818,38.1,3.4,43.0,1006.9,0.0,22.2,13.8,264.0,W,17.25,11.43,20.99
634386,2021-04-23,2021,SEA,2021-04-23 19:10:00,19,6,5,11,3,19,9,20,338,81.4,3,51,0.0588,0.15,49.7,9.8,40.0,1009.0,0.0,17.7,11.0,264.7,W,13.65,8.96,16.7
634373,2021-04-24,2021,SEA,2021-04-24 13:10:00,13,2,8,10,1,18,4,19,290,80.5,6,53,0.1132,0.0526,68.8,20.5,25.7,1010.2,0.0,21.8,13.5,283.0,W,11.55,4.53,17.18
634355,2021-04-25,2021,SEA,2021-04-25 13:10:00,13,5,3,8,0,17,8,11,270,79.6,1,41,0.0244,0.0,50.8,10.4,78.7,1004.2,0.3,9.0,5.6,54.0,NE,-8.89,-7.87,-8.84
634241,2021-05-04,2021,DET,2021-05-04 19:10:00,19,11,7,18,5,19,8,24,337,84.1,5,55,0.0909,0.2083,48.7,9.3,75.3,1010.1,0.0,6.3,3.9,101.7,E,-3.44,-1.44,-5.03
634228,2021-05-05,2021,DET,2021-05-05 19:10:00,19,5,6,11,2,20,8,20,341,80.6,3,59,0.0508,0.1,47.6,8.7,95.7,1005.0,0.9,9.2,5.7,338.3,N,-3.63,-6.31,-0.52
634255,2021-05-06,2021,DET,2021-05-06 13:10:00,13,12,9,21,0,17,7,30,376,83.4,1,69,0.0145,0.0,61.1,16.2,41.0,1009.0,0.0,18.8,11.7,310.0,NW,1.64,-4.86,7.93
634202,2021-05-11,2021,ATH,2021-05-11 19:10:00,19,2,3,5,1,19,5,11,280,81.9,2,45,0.0444,0.0909,50.5,10.3,44.0,1013.8,0.0,15.4,9.6,273.0,W,10.3,5.77,13.6
634154,2021-05-12,2021,ATH,2021-05-12 19:10:00,19,1,4,5,1,22,5,13,286,82.3,5,44,0.1136,0.0769,52.0,11.1,67.3,1019.5,0.0,7.4,4.6,336.3,NW,-2.68,-4.87,-0.17
634150,2021-05-13,2021,ATH,2021-05-13 19:10:00,19,8,1,9,2,12,7,21,275,86.3,4,55,0.0727,0.0952,58.0,14.4,49.7,1018.8,0.0,4.7,2.9,237.4,SW,4.62,4.0,4.69
634138,2021-05-14,2021,LAA,2021-05-14 19:10:00,19,4,3,7,3,21,2,15,270,82.4,4,43,0.093,0.2,59.3,15.2,61.7,1019.0,0.0,7.1,4.4,226.3,SW,7.13,6.64,6.76
634095,2021-05-15,2021,LAA,2021-05-15 16:10:00,16,9,0,9,3,12,9,16,295,80.6,4,52,0.0769,0.1875,69.6,20.9,37.0,1020.0,0.0,16.3,10.1,180.0,S,11.55,14.8,6.9
634100,2021-05-16,2021,LAA,2021-05-16 13:10:00,13,5,6,11,3,24,4,18,307,80.0,4,47,0.0851,0.1667,72.3,22.4,33.0,1020.6,0.5,22.0,13.7,204.0,SW,20.57,22.03,16.62
633958,2021-05-25,2021,ATL,2021-05-25 19:10:00,19,1,3,4,0,19,8,12,297,83.0,4,45,0.0889,0.0,66.5,19.2,58.0,1017.3,0.0,20.8,12.9,215.3,SW,20.54,20.5,18.1
633993,2021-05-26,2021,ATL,2021-05-26 19:10:00,19,9,5,14,4,16,5,16,285,85.2,7,52,0.1346,0.25,75.9,24.4,71.3,1009.2,3.5,17.6,10.9,228.3,SW,17.57,16.16,16.86
634040,2021-05-28,2021,MIA,2021-05-28 19:10:00,19,5,2,7,2,12,5,10,185,84.6,6,31,0.1935,0.2,49.4,9.7,78.0,1017.7,7.7,11.1,6.9,92.7,E,-7.45,-4.2,-9.8
633903,2021-05-29,2021,MIA,2021-05-29 16:10:00,16,3,1,4,0,20,3,22,294,80.0,2,52,0.0385,0.0,48.3,9.0,80.0,1020.5,0.4,24.5,15.2,37.0,NE,-24.26,-23.96,-21.63
634072,2021-06-07,2021,MIA,2021-05-30 13:10:00,13,5,3,8,1,19,8,22,311,83.4,3,52,0.0577,0.0455,49.8,9.9,90.3,1022.7,4.3,26.8,16.6,53.3,NE,-26.48,-23.56,-26.21
633793,2021-06-08,2021,HOU,2021-06-08 19:10:00,19,1,7,8,2,22,8,17,308,86.7,4,46,0.087,0.1176,78.4,25.8,84.3,1013.8,0.4,9.2,5.7,288.0,W,4.18,1.13,6.73
633803,2021-06-09,2021,HOU,2021-06-09 19:10:00,19,3,8,11,3,17,5,21,293,85.0,7,57,0.1228,0.1429,76.1,24.5,72.3,1012.9,0.0,8.2,5.1,309.6,NW,0.76,-2.06,3.5
633758,2021-06-10,2021,HOU,2021-06-10 19:10:00,19,12,8,20,4,12,8,24,337,83.6,5,62,0.0806,0.1667,59.1,15.1,68.3,1018.2,0.0,11.7,7.3,129.7,SE,-1.09,2.96,-5.01
633735,2021-06-11,2021,TOR,2021-06-11 19:10:00,19,6,5,11,3,18,6,24,296,88.8,6,57,0.1053,0.125,62.1,16.7,82.0,1012.5,0.5,9.5,5.9,155.7,SE,3.37,6.22,0.12
633751,2021-06-12,2021,TOR,2021-06-12 16:10:00,16,2,7,9,5,20,7,15,310,83.2,6,45,0.1333,0.3333,68.7,20.4,66.7,1008.3,0.0,9.5,5.9,118.3,SE,-2.73,0.56,-5.69
633728,2021-06-13,2021,TOR,2021-06-13 13:10:00,13,4,18,22,10,19,8,26,302,86.9,11,58,0.1897,0.3846,79.9,26.6,38.0,1009.8,0.0,9.4,5.8,209.4,SW,9.02,9.34,7.62
633700,2021-06-14,2021,TOR,2021-06-14 19:10:00,19,2,1,3,1,17,2,11,245,84.1,3,44,0.0682,0.0909,65.4,18.6,97.0,1009.0,0.2,4.3,2.7,165.6,S,2.21,3.35,0.8
633543,2021-06-25,2021,NYY,2021-06-25 19:10:00,19,5,3,8,0,20,7,16,309,83.5,2,47,0.0426,0.0,66.4,19.1,93.0,1023.7,0.0,11.1,6.9,130.6,SE,-0.85,2.99,-4.6
633531,2021-06-26,2021,NYY,2021-06-26 19:15:00,19,4,2,6,1,13,6,19,291,83.9,3,54,0.0556,0.0526,74.6,23.7,84.7,1020.3,0.0,19.6,12.2,202.3,S,18.09,19.58,14.41
633477,2021-06-27,2021,NYY,2021-06-27 13:10:00,13,9,2,11,5,20,5,20,297,81.6,5,49,0.102,0.25,87.8,31.0,54.0,1017.7,0.2,26.1,16.2,225.3,SW,26.13,24.5,24.61
633475,2021-06-28,2021,KC,2021-06-28 19:10:00,19,6,5,11,7,10,4,21,273,84.7,6,57,0.1053,0.3333,84.1,28.9,66.3,1018.7,0.0,17.2,10.7,226.0,SW,17.2,16.06,16.26
633496,2021-06-29,2021,KC,2021-06-29 19:10:00,19,7,6,13,3,15,10,25,318,82.3,4,55,0.0727,0.12,81.8,27.7,78.7,1017.3,0.0,10.9,6.8,256.6,W,9.29,6.77,10.68
633467,2021-06-30,2021,KC,2021-06-30 19:10:00,19,6,2,8,3,9,2,17,260,81.9,5,56,0.0893,0.1765,78.2,25.7,73.0,1011.2,1.8,17.0,10.6,253.0,W,15.04,11.4,16.87
633457,2021-07-01,2021,KC,2021-07-01 13:10:00,13,15,1,16,4,17,4,25,292,82.1,3,57,0.0526,0.16,81.9,27.7,48.0,1008.9,0.0,12.3,7.6,275.7,W,7.8,4.07,10.58
633357,2021-07-09,2021,PHI,2021-07-09 19:10:00,19,11,5,16,3,18,9,23,330,82.4,5,55,0.0909,0.1304,71.3,21.8,88.0,1009.5,0.0,11.1,6.9,236.0,SW,10.86,9.49,10.93
633344,2021-07-10,2021,PHI,2021-07-10 16:10:00,16,2,11,13,3,15,10,17,310,82.8,5,53,0.0943,0.1765,66.9,19.4,79.3,1014.5,0.0,11.8,7.3,109.0,E,-5.17,-1.23,-8.49
633327,2021-07-11,2021,PHI,2021-07-11 13:10:00,13,4,5,9,2,16,8,17,306,80.0,2,54,0.037,0.1176,77.0,25.0,65.7,1018.3,0.3,12.6,7.8,226.0,SW,12.56,11.73,11.88
633193,2021-07-22,2021,NYY,2021-07-22 19:10:00,19,5,4,9,0,22,8,14,324,80.9,1,50,0.02,0.0,70.2,21.2,80.3,1016.2,0.0,4.4,2.8,292.7,NW,1.68,0.18,2.98
633181,2021-07-23,2021,NYY,2021-07-23 19:10:00,19,6,2,8,2,24,8,15,315,83.9,5,41,0.122,0.1333,67.7,19.8,89.3,1017.9,0.0,5.8,3.6,258.7,W,4.8,3.42,5.6
633154,2021-07-24,2021,NYY,2021-07-24 16:05:00,16,3,4,7,0,14,5,17,268,83.0,5,54,0.0926,0.0,72.5,22.5,62.7,1016.3,0.0,12.5,7.8,106.7,E,-5.95,-1.82,-9.36
633198,2021-07-25,2021,NYY,2021-07-25 13:10:00,13,5,4,9,1,17,6,14,240,84.0,3,46,0.0652,0.0714,73.8,23.2,81.7,1010.1,0.2,28.3,17.6,213.7,SW,27.78,28.01,24.2
633219,2021-07-26,2021,TOR,2021-07-26 19:10:00,19,5,4,9,3,12,5,18,268,84.6,7,55,0.1273,0.1667,75.6,24.2,77.3,1010.1,0.0,7.6,4.7,283.3,W,3.98,1.54,5.94
633110,2021-07-28,2021,TOR,2021-07-28 19:10:00,19,4,1,5,0,13,3,16,227,85.1,3,39,0.0769,0.0,66.3,19.0,79.0,1015.3,0.0,6.4,4.0,167.2,S,3.43,5.08,1.36
633162,2021-07-28,2021,TOR,2021-07-27 19:10:00,19,1,4,5,2,15,4,13,224,83.8,6,39,0.1538,0.1538,72.3,22.4,87.3,1012.4,6.3,12.1,7.5,298.4,NW,3.47,-0.71,7.22
633126,2021-07-29,2021,TOR,2021-07-29 19:10:00,19,1,13,14,1,19,7,22,340,82.6,2,60,0.0333,0.0455,67.5,19.7,79.0,1007.2,0.0,19.7,12.3,180.3,S,14.04,17.93,8.44
632996,2021-08-10,2021,TB,2021-08-10 19:10:00,19,4,8,12,3,26,10,20,311,81.4,5,47,0.1064,0.15,71.6,22.0,93.3,1017.5,0.0,9.2,5.7,152.1,SE,2.71,5.57,-0.47
632931,2021-08-11,2021,TB,2021-08-11 19:10:00,19,20,8,28,4,18,12,27,310,84.3,4,59,0.0678,0.1481,79.5,26.4,86.3,1012.8,0.0,15.9,9.9,202.0,S,14.64,15.88,11.63
632903,2021-08-12,2021,TB,2021-08-12 16:10:00,16,1,8,9,2,22,8,11,278,83.9,5,42,0.119,0.1818,92.5,33.6,46.3,1010.7,0.0,15.0,9.3,237.3,SW,14.65,12.67,14.87
632902,2021-08-13,2021,BAL,2021-08-13 19:10:00,19,8,1,9,4,16,7,18,300,84.5,4,53,0.0755,0.2222,81.6,27.5,86.7,1014.1,0.0,4.7,2.9,196.9,S,4.12,4.62,3.11
632905,2021-08-14,2021,BAL,2021-08-14 16:10:00,16,16,2,18,7,15,5,25,296,82.7,8,56,0.1429,0.28,83.2,28.4,67.7,1014.3,0.2,13.2,8.2,288.3,W,5.94,1.53,9.62
632961,2021-08-15,2021,BAL,2021-08-15 13:10:00,13,6,2,8,1,14,10,15,304,83.5,3,50,0.06,0.0667,80.8,27.1,31.3,1019.7,0.0,6.1,3.8,40.5,NE,-6.11,-5.91,-5.58
632827,2021-08-20,2021,TEX,2021-08-20 19:10:00,19,6,0,6,1,16,5,17,277,80.5,3,49,0.0612,0.0588,75.7,24.3,89.0,1010.8,0.0,5.5,3.4,197.7,S,4.89,5.46,3.73
632870,2021-08-21,2021,TEX,2021-08-21 19:10:00,19,1,10,11,0,13,6,22,301,82.8,3,61,0.0492,0.0,76.2,24.5,90.7,1013.2,0.0,8.4,5.2,112.3,E,-3.24,-0.4,-5.7
632773,2021-08-23,2021,TEX,2021-08-22 13:10:00,13,8,4,12,3,20,7,18,337,81.1,6,62,0.0968,0.1667,75.6,24.2,87.3,1005.8,0.2,34.4,21.4,87.7,E,-25.27,-15.78,-31.71
632755,2021-08-24,2021,MIN,2021-08-24 19:10:00,19,11,9,20,6,18,11,25,337,83.4,9,55,0.1636,0.24,77.7,25.4,84.7,1012.8,0.0,9.5,5.9,251.0,W,8.54,6.6,9.45
632767,2021-08-25,2021,MIN,2021-08-25 19:10:00,19,6,9,15,6,20,6,25,356,81.3,9,63,0.1429,0.24,76.3,24.6,84.7,1016.9,0.0,7.1,4.4,237.9,SW,6.92,5.96,7.05
632741,2021-08-26,2021,MIN,2021-08-26 19:10:00,19,12,2,14,4,17,13,12,319,81.4,3,46,0.0652,0.3333,81.3,27.4,77.7,1015.5,0.0,9.0,5.6,225.7,SW,8.97,8.39,8.46
632639,2021-09-03,2021,CLE,2021-09-03 19:10:00,19,8,5,13,6,21,8,21,311,85.5,7,51,0.1373,0.2857,62.4,16.9,77.0,1013.8,0.0,10.4,6.5,284.7,W,5.27,1.87,8.03
632634,2021-09-04,2021,CLE,2021-09-04 16:10:00,16,4,3,7,2,16,10,14,295,80.9,6,49,0.1224,0.1429,72.7,22.6,63.7,1011.4,0.0,8.8,5.5,280.4,W,5.02,2.23,7.2
632592,2021-09-05,2021,CLE,2021-09-05 13:10:00,13,5,11,16,2,16,8,28,355,80.8,6,64,0.0938,0.0714,71.8,22.1,73.3,1009.4,0.1,16.8,10.5,199.3,S,15.17,16.75,11.76
632603,2021-09-06,2021,TB,2021-09-06 13:10:00,13,10,11,21,3,22,9,33,417,80.2,8,71,0.1127,0.0909,79.5,26.4,45.7,1004.7,0.0,17.6,10.9,247.7,W,16.24,12.94,17.58
632588,2021-09-07,2021,TB,2021-09-07 19:10:00,19,7,12,19,8,14,2,29,294,84.7,9,68,0.1324,0.2759,66.1,19.0,77.7,1012.8,0.0,8.9,5.5,219.1,SW,8.85,8.63,8.0
632575,2021-09-08,2021,TB,2021-09-08 19:10:00,19,2,1,3,1,18,5,13,251,84.4,5,43,0.1163,0.0769,72.9,22.7,76.3,1009.4,0.0,21.0,13.0,194.0,S,17.97,20.58,13.19
632454,2021-09-17,2021,BAL,2021-09-17 19:10:00,19,7,1,8,2,9,6,16,331,79.7,3,56,0.0536,0.125,64.6,18.1,92.0,1021.6,0.0,7.8,4.8,23.3,NE,-7.22,-7.76,-5.8
632451,2021-09-18,2021,BAL,2021-09-18 13:10:00,13,9,3,12,3,16,6,23,302,83.8,7,56,0.125,0.1304,75.7,24.3,72.0,1013.9,0.0,6.8,4.2,52.7,NE,-6.77,-6.05,-6.68
632419,2021-09-19,2021,BAL,2021-09-19 13:10:00,13,8,6,14,1,17,6,20,275,83.0,0,52,0.0,0.05,70.1,21.2,54.3,1019.4,0.0,7.3,4.5,92.7,E,-4.89,-2.75,-6.43
632410,2021-09-21,2021,NYM,2021-09-21 19:10:00,19,6,3,9,3,15,7,16,309,84.3,5,50,0.1,0.1875,65.1,18.4,91.3,1025.9,0.0,9.1,5.7,147.7,SE,2.0,4.93,-1.17
632389,2021-09-22,2021,NYM,2021-09-22 19:10:00,19,12,5,17,3,19,8,25,323,83.5,5,54,0.0926,0.12,69.7,20.9,92.0,1018.4,0.0,12.7,7.9,159.3,S,5.23,8.88,0.96
632373,2021-09-24,2021,NYY,2021-09-24 19:10:00,19,3,8,11,3,16,8,22,314,85.7,7,57,0.1228,0.1364,69.1,20.6,79.3,1016.1,0.0,8.8,5.5,255.0,W,7.65,5.68,8.7
632354,2021-09-25,2021,NYY,2021-09-25 16:10:00,16,3,5,8,3,23,5,11,318,83.6,4,41,0.0976,0.2727,64.4,18.0,84.3,1012.6,2.1,7.4,4.6,94.7,E,-4.77,-2.56,-6.4
632345,2021-09-26,2021,NYY,2021-09-26 19:08:00,19,3,6,9,1,20,4,21,279,83.8,4,50,0.08,0.0476,60.5,15.8,62.0,1010.3,0.0,14.2,8.8,273.0,W,9.52,5.33,12.57
663265,2022-04-15,2022,MIN,2022-04-15 14:10:00,14,4,8,12,3,26,8,17,324,85.3,3,42,0.0714,0.1765,64.9,18.3,22.7,1014.5,0.0,19.6,12.2,262.0,W,15.66,10.68,18.74
663238,2022-04-16,2022,MIN,2022-04-16 16:10:00,16,4,0,4,2,14,6,11,241,83.9,3,44,0.0682,0.1818,58.3,14.6,72.3,1007.5,1.1,23.9,14.9,216.4,SW,23.67,23.46,21.02
663308,2022-04-17,2022,MIN,2022-04-17 13:35:00,13,8,1,9,0,15,5,15,270,85.0,5,50,0.1,0.0,47.2,8.5,45.3,1014.9,0.2,23.3,14.5,301.3,NW,5.5,-2.57,12.9
663236,2022-04-18,2022,MIN,2022-04-18 11:10:00,11,3,8,11,3,18,9,20,317,83.0,6,55,0.1091,0.15,48.3,9.1,48.0,1027.2,0.0,21.0,13.1,87.3,E,-15.55,-9.77,-19.46
663249,2022-04-19,2022,TOR,2022-04-19 19:10:00,19,2,1,3,1,15,4,11,291,81.7,1,48,0.0208,0.0909,42.6,5.9,53.0,1008.6,0.0,18.3,11.4,234.0,SW,18.11,16.04,18.0
663247,2022-04-20,2022,TOR,2022-04-20 19:10:00,19,1,6,7,1,20,6,19,302,84.2,2,53,0.0377,0.0526,42.9,6.1,63.0,1029.3,0.0,7.6,4.7,290.7,W,3.13,0.57,5.31
663225,2022-04-21,2022,TOR,2022-04-21 13:35:00,13,2,3,5,0,16,3,17,252,82.6,1,51,0.0196,0.0,57.6,14.2,40.0,1028.1,0.0,27.2,16.9,193.3,S,23.18,26.67,16.89
663237,2022-05-03,2022,LAA,2022-05-03 19:10:00,19,4,0,4,2,8,4,12,216,84.0,3,51,0.0588,0.1667,47.4,8.6,83.7,1020.9,0.0,10.3,6.4,104.0,E,-5.29,-1.96,-7.98
663248,2022-05-04,2022,LAA,2022-05-04 19:10:00,19,5,10,15,5,23,8,16,328,85.6,9,50,0.18,0.3125,52.8,11.5,91.7,1012.9,0.2,7.9,4.9,327.0,NW,-1.65,-4.2,1.1
663227,2022-05-05,2022,LAA,2022-05-05 13:35:00,13,0,8,8,2,25,2,14,281,79.9,4,44,0.0909,0.1429,64.9,18.3,46.7,1015.2,0.0,4.7,2.9,7.4,N,-3.75,-4.51,-2.54
663224,2022-05-06,2022,CWS,2022-05-06 19:10:00,19,2,4,6,1,14,9,16,299,81.7,3,52,0.0577,0.0625,54.0,12.2,76.0,1010.9,0.0,7.6,4.7,185.4,S,5.88,7.19,3.86
663226,2022-05-07,2022,CWS,2022-05-07 16:10:00,16,1,3,4,0,21,4,18,308,84.9,2,57,0.0351,0.0,46.5,8.0,56.3,1016.1,0.0,25.2,15.7,54.7,NE,-24.88,-21.93,-24.82
663278,2022-05-08,2022,CWS,2022-05-08 11:35:00,11,2,3,5,0,20,2,15,264,79.5,4,46,0.087,0.0,51.9,11.1,40.7,1022.7,0.0,30.9,19.2,56.3,NE,-30.26,-26.36,-30.51
663275,2022-05-16,2022,HOU,2022-05-16 19:10:00,19,6,3,9,3,13,5,15,264,83.7,5,51,0.098,0.2,64.6,18.1,89.3,999.7,0.6,18.8,11.7,204.0,SW,17.58,18.83,14.21
663271,2022-05-17,2022,HOU,2022-05-17 19:10:00,19,4,13,17,8,11,4,28,297,85.0,7,73,0.0959,0.2857,61.3,16.3,43.0,1006.1,0.0,20.2,12.6,277.0,W,12.44,6.24,17.13
663270,2022-05-18,2022,HOU,2022-05-18 18:10:00,18,5,1,6,2,14,3,7,240,82.9,2,45,0.0444,0.2857,63.8,17.7,40.7,1009.9,0.0,6.5,4.1,7.3,N,-5.17,-6.22,-3.49
663269,2022-05-19,2022,SEA,2022-05-19 19:10:00,19,12,6,18,5,18,8,26,326,84.2,9,58,0.1552,0.1923,55.8,13.2,88.0,1006.1,0.0,3.7,2.3,91.9,E,-2.53,-1.45,-3.3
663268,2022-05-20,2022,SEA,2022-05-20 19:10:00,19,7,3,10,3,18,6,13,271,81.8,3,46,0.0652,0.2308,62.5,17.0,81.0,1015.5,0.1,14.2,8.8,157.7,S,5.49,9.63,0.68
663234,2022-05-21,2022,SEA,2022-05-21 16:10:00,16,6,5,11,2,16,3,23,268,85.4,10,56,0.1786,0.087,76.9,25.0,73.0,1012.8,0.0,10.2,6.4,104.0,E,-5.28,-1.96,-7.96
663277,2022-05-22,2022,SEA,2022-05-22 13:35:00,13,8,4,12,5,21,4,19,312,84.9,5,55,0.0909,0.2632,91.2,32.9,41.3,1011.4,0.0,16.5,10.2,214.0,SW,16.16,16.26,14.11
663276,2022-05-27,2022,BAL,2022-05-27 19:10:00,19,8,12,20,4,10,7,29,326,82.9,8,71,0.1127,0.1379,69.2,20.7,86.0,1008.4,0.1,23.4,14.5,194.7,S,20.17,22.99,14.92
663257,2022-05-28,2022,BAL,2022-05-28 12:10:00,12,5,3,8,2,11,4,20,278,83.8,4,57,0.0702,0.1,75.3,24.0,66.0,1003.3,0.7,15.5,9.7,250.0,W,14.08,10.99,15.47
663309,2022-05-28,2022,BAL,2022-05-28 18:10:00,18,2,4,6,1,13,5,16,274,84.3,4,57,0.0702,0.0625,66.2,19.0,88.0,1005.8,0.3,13.4,8.3,276.0,W,8.43,4.35,11.48
663299,2022-05-29,2022,BAL,2022-05-29 13:35:00,13,12,2,14,5,15,9,22,330,82.1,7,54,0.1296,0.2273,75.1,23.9,34.7,1015.8,0.0,14.6,9.1,102.7,E,-7.81,-3.12,-11.56
663298,2022-05-30,2022,BAL,2022-05-30 19:10:00,19,0,10,10,3,13,3,18,285,84.6,6,57,0.1053,0.1667,76.9,24.9,53.0,1012.9,0.0,15.1,9.4,229.3,SW,15.02,13.73,14.51
663297,2022-05-31,2022,CIN,2022-05-31 19:10:00,19,1,2,3,0,21,5,12,293,80.3,3,44,0.0682,0.0,55.6,13.1,81.3,1015.6,0.0,11.1,6.9,92.7,E,-7.47,-4.21,-9.83
663296,2022-06-01,2022,CIN,2022-06-01 19:10:00,19,7,1,8,0,14,4,15,252,82.5,2,49,0.0408,0.0,58.3,14.6,80.7,1010.6,0.2,8.5,5.3,169.2,S,4.8,6.92,2.1
663279,2022-06-14,2022,ATH,2022-06-14 19:10:00,19,6,1,7,3,9,7,14,273,84.1,4,53,0.0755,0.2143,70.9,21.6,61.0,1011.0,0.0,7.6,4.7,324.9,NW,-1.31,-3.8,1.34
663235,2022-06-15,2022,ATH,2022-06-15 19:10:00,19,10,1,11,3,13,8,20,312,82.7,4,57,0.0702,0.15,65.8,18.8,66.7,1020.5,0.0,5.9,3.6,119.1,SE,-1.61,0.42,-3.44
663267,2022-06-16,2022,ATH,2022-06-16 13:35:00,13,3,4,7,0,12,3,18,278,83.6,1,63,0.0159,0.0,74.5,23.6,44.0,1016.5,0.0,26.6,16.5,191.7,S,22.22,25.88,15.88
663256,2022-06-17,2022,STL,2022-06-17 19:10:00,19,6,5,11,1,15,4,21,290,84.8,6,53,0.1132,0.0476,74.4,23.5,48.3,1000.0,0.0,17.5,10.9,268.0,W,12.79,7.94,16.11
663255,2022-06-18,2022,STL,2022-06-18 19:15:00,19,2,11,13,3,17,11,19,362,83.4,4,55,0.0727,0.1579,56.8,13.8,66.0,1005.9,0.1,22.6,14.0,298.7,NW,6.35,-1.44,13.37
663254,2022-06-19,2022,STL,2022-06-19 13:35:00,13,6,4,10,3,22,9,16,287,82.4,2,43,0.0465,0.1875,62.7,17.1,43.7,1009.7,0.0,17.0,10.6,6.2,N,-13.25,-16.09,-8.81
663253,2022-06-20,2022,DET,2022-06-20 19:10:00,19,5,2,7,0,11,3,19,277,83.5,6,58,0.1034,0.0,60.6,15.9,72.3,1017.5,0.0,7.9,4.9,129.0,SE,-0.82,1.91,-3.45
663246,2022-06-21,2022,DET,2022-06-21 19:10:00,19,5,4,9,4,14,2,19,272,82.8,9,54,0.1667,0.2105,64.0,17.8,69.7,1018.9,0.0,15.3,9.5,166.0,S,7.9,11.92,2.93
663252,2022-06-22,2022,DET,2022-06-22 19:10:00,19,6,2,8,2,18,6,14,287,81.8,4,47,0.0851,0.1429,59.9,15.5,92.3,1017.0,0.0,11.5,7.1,113.3,SE,-4.25,-0.33,-7.64
663251,2022-07-04,2022,TB,2022-07-04 13:35:00,13,4,0,4,1,18,3,13,278,80.7,1,46,0.0217,0.0769,84.1,29.0,23.3,1016.0,0.0,6.4,4.0,333.1,NW,-1.98,-3.93,0.21
663245,2022-07-05,2022,TB,2022-07-05 19:10:00,19,4,8,12,2,21,9,22,333,83.9,2,52,0.0385,0.0909,71.1,21.7,69.7,1010.5,0.0,21.5,13.4,197.3,S,19.07,21.34,14.5
663244,2022-07-06,2022,TB,2022-07-06 19:10:00,19,1,7,8,1,14,9,16,307,82.8,1,56,0.0179,0.0625,71.8,22.1,59.0,1012.1,0.0,7.3,4.6,321.1,NW,-0.78,-3.23,1.76
663233,2022-07-07,2022,NYY,2022-07-07 19:10:00,19,5,6,11,4,18,9,12,275,81.3,6,47,0.1277,0.3333,69.9,21.1,63.0,1015.0,0.0,16.2,10.1,193.7,S,13.86,15.92,10.14
663202,2022-07-08,2022,NYY,2022-07-08 19:10:00,19,5,12,17,4,22,10,27,370,82.3,4,59,0.0678,0.1481,76.8,24.9,57.7,1012.4,0.0,7.7,4.8,223.3,SW,7.7,7.31,7.15
663223,2022-07-09,2022,NYY,2022-07-09 19:15:00,19,6,5,11,2,19,5,20,302,84.3,4,57,0.0702,0.1,67.2,19.6,68.7,1016.4,0.0,8.1,5.0,132.4,SE,-0.37,2.42,-3.12
663232,2022-07-10,2022,NYY,2022-07-10 19:08:00,19,11,6,17,5,15,6,22,319,82.2,5,58,0.0862,0.2273,69.2,20.7,60.0,1015.2,0.0,14.5,9.0,170.6,S,8.42,11.94,3.89
663222,2022-07-22,2022,TOR,2022-07-22 19:10:00,19,5,28,33,9,25,5,39,397,81.5,10,69,0.1449,0.2308,85.5,29.7,40.3,1010.6,0.0,14.3,8.9,231.6,SW,14.24,12.81,13.94
663221,2022-07-23,2022,TOR,2022-07-23 16:10:00,16,1,4,5,1,19,6,14,285,80.8,0,45,0.0,0.0714,94.5,34.7,29.3,1011.3,0.0,6.2,3.9,160.3,S,2.66,4.43,0.58
663220,2022-07-24,2022,TOR,2022-07-24 13:35:00,13,4,8,12,1,16,7,24,329,79.6,4,60,0.0667,0.0417,100.8,38.2,22.0,1009.6,0.0,28.0,17.4,224.7,SW,28.0,26.37,26.26
663219,2022-07-25,2022,CLE,2022-07-25 19:10:00,19,3,1,4,0,20,6,14,275,82.1,2,44,0.0455,0.0,76.0,24.5,83.7,1009.5,1.6,8.2,5.1,231.5,SW,8.18,7.37,8.01
663203,2022-07-26,2022,CLE,2022-07-26 19:10:00,19,3,8,11,2,16,6,19,339,83.9,2,55,0.0364,0.1053,70.6,21.4,59.3,1012.8,0.0,9.6,6.0,260.0,W,7.89,5.53,9.31
663191,2022-07-27,2022,CLE,2022-07-27 19:10:00,19,6,7,13,3,8,3,21,280,80.3,6,68,0.0882,0.1429,72.3,22.4,73.3,1010.7,0.0,6.3,3.9,98.5,E,-3.77,-1.8,-5.28
663200,2022-07-28,2022,CLE,2022-07-28 19:10:00,19,4,2,6,2,12,4,11,228,81.7,3,48,0.0625,0.1818,79.3,26.3,78.3,1007.2,0.1,15.7,9.7,200.3,S,14.24,15.61,11.14
663190,2022-07-29,2022,MIL,2022-07-29 19:10:00,19,1,4,5,0,26,7,15,300,79.5,2,41,0.0488,0.0,82.3,27.9,48.7,1010.0,0.0,14.8,9.2,232.7,SW,14.67,13.11,14.46
663192,2022-07-30,2022,MIL,2022-07-30 16:10:00,16,4,9,13,3,17,9,24,368,82.6,3,59,0.0508,0.125,86.2,30.1,28.7,1012.8,0.0,20.4,12.7,299.0,NW,5.61,-1.42,11.97
663189,2022-07-31,2022,MIL,2022-07-31 13:35:00,13,7,2,9,1,13,4,22,291,83.1,2,57,0.0351,0.0455,86.8,30.4,35.3,1017.0,0.0,10.3,6.4,112.3,E,-4.0,-0.5,-7.01
663201,2022-08-09,2022,ATL,2022-08-09 19:10:00,19,7,9,16,4,20,9,24,394,83.6,7,67,0.1045,0.1667,75.9,24.4,92.0,1012.4,1.4,14.3,8.9,45.0,NE,-14.33,-13.47,-13.47
663188,2022-08-10,2022,ATL,2022-08-10 19:10:00,19,4,8,12,3,20,4,21,313,82.0,6,52,0.1154,0.1429,68.4,20.2,89.3,1015.1,0.2,7.9,4.9,114.3,SE,-2.8,-0.09,-5.17
663274,2022-08-11,2022,BAL,2022-08-11 19:10:00,19,4,3,7,0,13,3,16,253,84.3,2,51,0.0392,0.0,72.0,22.2,85.0,1010.5,0.0,9.0,5.6,189.7,S,7.32,8.65,5.1
663177,2022-08-12,2022,NYY,2022-08-12 19:10:00,19,3,2,5,1,16,7,17,313,83.7,3,54,0.0556,0.0588,68.2,20.1,66.7,1015.9,0.0,8.3,5.2,25.3,NE,-7.82,-8.3,-6.39
663176,2022-08-13,2022,NYY,2022-08-13 19:15:00,19,2,3,5,1,19,8,14,277,83.3,3,47,0.0638,0.0714,68.2,20.1,68.7,1016.6,0.0,4.2,2.6,129.8,SE,-0.38,1.08,-1.8
663175,2022-08-14,2022,NYY,2022-08-14 19:08:00,19,3,0,3,1,15,1,8,219,80.1,3,43,0.0698,0.125,71.8,22.1,57.3,1015.7,0.0,12.4,7.7,184.3,S,9.43,11.63,6.09
663174,2022-08-23,2022,TOR,2022-08-23 19:10:00,19,3,9,12,0,18,9,22,322,84.0,7,57,0.1228,0.0,68.8,20.5,97.0,1009.2,0.0,6.6,4.1,104.2,E,-3.38,-1.24,-5.12
663173,2022-08-24,2022,TOR,2022-08-24 19:10:00,19,2,3,5,1,21,5,19,295,82.6,1,55,0.0182,0.0526,73.8,23.2,97.0,1012.9,0.0,3.8,2.4,204.3,SW,3.55,3.8,2.88
663172,2022-08-25,2022,TOR,2022-08-25 19:10:00,19,5,6,11,1,23,9,28,376,85.2,4,61,0.0656,0.0357,76.0,24.4,65.3,1014.7,0.0,11.1,6.9,194.0,S,9.49,10.86,6.96
663171,2022-08-26,2022,TB,2022-08-26 19:10:00,19,9,8,17,5,20,5,25,315,83.6,7,55,0.1273,0.2,69.9,21.0,94.7,1011.2,0.7,11.4,7.1,238.8,SW,11.04,9.44,11.3
663170,2022-08-27,2022,TB,2022-08-27 16:10:00,16,5,1,6,1,23,3,14,248,80.3,1,40,0.025,0.0714,71.3,21.8,80.7,1015.8,0.0,12.7,7.9,99.7,E,-7.35,-3.36,-10.45
663211,2022-08-28,2022,TB,2022-08-28 13:35:00,13,4,12,16,5,13,7,30,331,82.2,9,69,0.1304,0.1667,75.4,24.1,64.7,1020.1,0.0,15.7,9.7,106.7,E,-7.44,-2.27,-11.7
663210,2022-09-01,2022,TEX,2022-09-01 19:10:00,19,9,8,17,2,16,14,26,373,81.1,3,61,0.0492,0.0769,66.3,19.1,57.7,1015.2,0.0,8.0,5.0,313.6,NW,0.19,-2.56,2.91
663212,2022-09-02,2022,TEX,2022-09-02 19:10:00,19,9,1,10,1,14,9,19,290,85.3,3,54,0.0556,0.0526,62.8,17.1,70.3,1024.7,0.0,9.4,5.8,153.0,SE,2.9,5.78,-0.33
663214,2022-09-03,2022,TEX,2022-09-03 16:10:00,16,5,3,8,2,20,6,17,295,81.3,5,50,0.1,0.1176,72.9,22.7,55.7,1020.5,0.0,17.5,10.9,117.6,SE,-5.25,0.78,-10.64
663213,2022-09-04,2022,TEX,2022-09-04 13:35:00,13,5,2,7,1,12,8,16,300,84.6,1,51,0.0196,0.0625,83.0,28.3,52.3,1016.5,0.0,13.7,8.5,87.3,E,-10.15,-6.38,-12.7
663160,2022-09-13,2022,NYY,2022-09-13 19:10:00,19,6,7,13,6,20,7,14,321,85.2,6,51,0.1176,0.4286,70.6,21.4,97.0,1005.2,0.3,13.0,8.1,196.9,S,11.47,12.87,8.68
663159,2022-09-14,2022,NYY,2022-09-14 19:10:00,19,3,5,8,0,23,5,17,286,83.8,3,49,0.0612,0.0,66.4,19.1,77.0,1011.7,0.0,11.6,7.2,256.7,W,9.87,7.19,11.36
663209,2022-09-16,2022,KC,2022-09-16 19:10:00,19,2,1,3,0,14,9,11,244,83.4,2,44,0.0455,0.0,58.3,14.6,66.0,1020.6,0.0,9.1,5.7,346.3,N,-4.73,-7.11,-1.79
663208,2022-09-17,2022,KC,2022-09-17 16:10:00,16,0,9,9,0,12,3,21,277,81.8,3,62,0.0484,0.0,65.7,18.7,59.3,1020.6,0.0,6.5,4.0,139.7,SE,0.53,2.71,-1.72
663207,2022-09-18,2022,KC,2022-09-18 13:35:00,13,13,3,16,1,21,10,28,349,81.5,6,57,0.1053,0.0357,82.2,27.9,49.3,1011.9,0.1,20.6,12.8,258.7,W,17.14,12.2,20.02
663250,2022-09-26,2022,BAL,2022-09-26 19:10:00,19,8,14,22,7,11,11,29,340,84.2,6,68,0.0882,0.2414,63.7,17.6,75.0,1006.3,0.0,17.7,11.0,224.2,SW,17.66,16.68,16.51
663206,2022-09-27,2022,BAL,2022-09-27 19:10:00,19,13,9,22,5,15,10,26,384,83.3,7,61,0.1148,0.1923,58.4,14.7,69.7,1010.6,0.0,10.8,6.7,250.7,W,9.76,7.57,10.78
663181,2022-09-28,2022,BAL,2022-09-28 19:10:00,19,3,1,4,3,16,6,14,272,82.0,4,45,0.0889,0.2143,59.1,15.0,73.0,1020.4,0.0,11.5,7.1,316.0,NW,-0.2,-4.12,3.74
663180,2022-09-29,2022,BAL,2022-09-29 13:35:00,13,5,3,8,2,13,3,18,304,80.1,2,57,0.0351,0.1111,64.6,18.1,52.0,1024.8,0.0,8.8,5.4,45.6,NE,-8.77,-8.21,-8.27
663453,2022-10-03,2022,TB,2022-10-03 19:10:00,19,4,3,7,2,18,2,14,269,83.6,4,47,0.0851,0.1429,50.8,10.5,71.3,1023.4,0.0,17.1,10.6,48.7,NE,-17.1,-15.69,-16.44
663452,2022-10-04,2022,TB,2022-10-04 19:10:00,19,6,0,6,1,10,7,7,165,80.2,2,26,0.0769,0.1429,54.6,12.6,92.3,1016.5,0.8,20.1,12.5,32.3,NE,-19.58,-19.9,-16.89
663352,2022-10-05,2022,TB,2022-10-05 16:10:00,16,6,3,9,4,15,9,17,344,81.5,6,49,0.1224,0.2353,57.3,14.0,91.0,1011.7,0.4,16.5,10.3,8.3,N,-13.24,-15.81,-9.07
718782,2023-03-30,2023,BAL,2023-03-30 14:10:00,14,9,10,19,2,17,12,26,347,82.8,5,58,0.0862,0.0769,39.4,4.1,29.7,1021.2,0.0,23.8,14.8,294.3,NW,8.41,0.28,15.53
718761,2023-04-01,2023,BAL,2023-04-01 16:10:00,16,9,8,17,7,19,6,24,314,86.2,9,56,0.1607,0.2917,60.0,15.6,87.3,990.8,1.1,21.4,13.3,217.0,SW,21.19,20.93,18.9
718748,2023-04-02,2023,BAL,2023-04-02 13:35:00,13,9,5,14,3,17,6,24,317,80.7,4,58,0.069,0.125,45.1,7.3,29.7,1011.5,0.0,21.1,13.1,325.0,NW,-3.67,-10.57,3.67
718724,2023-04-03,2023,PIT,2023-04-03 19:10:00,19,6,7,13,6,20,10,19,337,83.6,7,53,0.1321,0.3158,45.6,7.5,61.0,1014.3,0.0,23.1,14.3,210.7,SW,22.35,22.95,19.05
718713,2023-04-04,2023,PIT,2023-04-04 19:10:00,19,1,4,5,2,14,5,9,287,86.9,5,52,0.0962,0.2222,47.1,8.4,75.3,1021.9,0.0,8.8,5.5,62.3,NE,-8.4,-7.0,-8.79
718702,2023-04-05,2023,PIT,2023-04-05 13:35:00,13,1,4,5,1,13,6,14,282,80.8,2,52,0.0385,0.0714,41.5,5.3,77.0,1027.4,0.0,22.1,13.7,80.3,E,-18.0,-12.55,-21.28
718580,2023-04-14,2023,LAA,2023-04-14 19:10:00,19,5,3,8,1,20,11,16,337,80.7,1,46,0.0217,0.0625,53.5,12.0,76.0,1011.5,0.0,13.2,8.2,70.0,E,-11.93,-9.31,-13.12
718576,2023-04-15,2023,LAA,2023-04-15 16:10:00,16,9,7,16,3,16,8,20,332,82.7,3,52,0.0577,0.15,53.5,12.0,90.0,1012.4,0.2,13.2,8.2,73.3,E,-11.59,-8.75,-13.03
718559,2023-04-16,2023,LAA,2023-04-16 13:35:00,13,2,1,3,1,13,4,11,237,84.3,3,42,0.0714,0.0909,58.3,14.6,77.7,1010.3,0.0,13.1,8.2,82.6,E,-10.4,-7.03,-12.52
718540,2023-04-17,2023,LAA,2023-04-17 11:10:00,11,4,5,9,1,19,6,17,309,81.1,2,53,0.0377,0.0588,52.8,11.5,87.7,1002.6,0.1,16.2,10.1,86.0,E,-12.25,-7.87,-15.16
718524,2023-04-18,2023,MIN,2023-04-18 19:10:00,19,5,4,9,1,30,7,16,356,81.5,3,47,0.0638,0.0625,47.5,8.6,60.7,1008.1,0.0,9.0,5.6,279.0,W,5.31,2.49,7.49
718505,2023-04-19,2023,MIN,2023-04-19 19:10:00,19,4,10,14,4,12,7,16,318,82.1,5,58,0.0862,0.25,43.2,6.2,57.3,1018.2,0.0,13.1,8.1,268.7,W,9.45,5.8,11.97
718497,2023-04-20,2023,MIN,2023-04-20 13:35:00,13,11,5,16,3,14,5,24,304,85.9,7,60,0.1167,0.125,59.8,15.4,34.7,1019.1,0.0,9.2,5.7,304.3,NW,1.7,-1.49,4.68
718395,2023-04-28,2023,CLE,2023-04-28 19:10:00,19,2,5,7,2,13,4,16,278,84.8,1,55,0.0182,0.125,48.3,9.1,83.7,1020.9,0.0,8.6,5.3,118.7,SE,-2.42,0.55,-5.1
718385,2023-04-29,2023,CLE,2023-04-29 16:10:00,16,8,7,15,3,14,7,30,356,83.2,4,71,0.0563,0.1,47.8,8.8,85.7,1014.8,0.0,19.1,11.9,87.0,E,-14.22,-8.98,-17.74
718370,2023-04-30,2023,CLE,2023-04-30 13:35:00,13,7,1,8,2,17,6,13,309,82.3,5,48,0.1042,0.1538,53.4,11.9,91.0,1002.9,0.1,21.4,13.3,77.3,E,-18.11,-13.1,-20.94
718353,2023-05-01,2023,TOR,2023-05-01 19:10:00,19,6,5,11,4,17,8,22,294,83.9,6,55,0.1091,0.1818,51.0,10.5,68.7,996.7,0.0,11.2,7.0,196.0,S,9.82,11.09,7.37
718341,2023-05-02,2023,TOR,2023-05-02 19:10:00,19,7,6,13,5,10,4,22,268,84.8,4,60,0.0667,0.2273,48.5,9.2,79.3,995.6,0.0,8.3,5.1,206.0,SW,7.82,8.27,6.42
718323,2023-05-03,2023,TOR,2023-05-03 19:10:00,19,8,3,11,2,14,6,22,320,83.7,5,59,0.0847,0.0909,47.2,8.4,92.0,1002.3,0.2,17.7,11.0,47.3,NE,-17.72,-16.41,-16.89
718316,2023-05-04,2023,TOR,2023-05-04 18:10:00,18,11,5,16,3,16,5,25,302,85.4,7,60,0.1167,0.12,46.7,8.2,74.7,1014.9,0.0,6.8,4.2,325.7,NW,-1.27,-3.49,1.1
718211,2023-05-12,2023,STL,2023-05-12 19:10:00,19,6,8,14,5,18,6,23,309,85.6,7,53,0.1321,0.2174,68.4,20.2,58.7,1012.4,0.0,10.5,6.5,258.1,W,8.77,6.28,10.19
718196,2023-05-13,2023,STL,2023-05-13 16:10:00,16,3,4,7,1,15,5,14,276,84.1,2,50,0.04,0.0714,73.5,23.0,26.7,1012.9,0.0,20.1,12.5,321.0,NW,-2.1,-8.8,4.85
718187,2023-05-14,2023,STL,2023-05-14 19:10:00,19,1,9,10,3,15,9,19,335,83.0,4,58,0.069,0.1579,56.9,13.8,29.0,1021.0,0.0,16.0,9.9,324.3,NW,-2.59,-7.84,2.96
718163,2023-05-15,2023,SEA,2023-05-15 19:10:00,19,1,10,11,3,18,4,24,293,83.8,4,58,0.069,0.125,65.1,18.4,32.7,1010.5,0.0,16.0,9.9,255.7,W,13.76,10.14,15.72
718149,2023-05-16,2023,SEA,2023-05-16 19:10:00,19,9,4,13,4,15,7,19,306,84.6,5,55,0.0909,0.2105,68.6,20.3,31.3,996.1,0.0,19.8,12.3,224.3,SW,19.83,18.72,18.56
718133,2023-05-17,2023,SEA,2023-05-17 19:10:00,19,12,3,15,1,14,11,21,333,83.3,6,58,0.1034,0.0476,45.7,7.6,20.3,1015.2,0.0,18.8,11.7,344.3,N,-9.23,-14.29,-3.05
717966,2023-05-30,2023,CIN,2023-05-30 19:10:00,19,8,9,17,1,17,9,26,363,82.7,6,63,0.0952,0.0385,57.9,14.4,65.7,1021.6,0.0,13.0,8.1,157.0,SE,4.86,8.69,0.45
717948,2023-05-31,2023,CIN,2023-05-31 19:10:00,19,4,5,9,3,20,4,18,345,80.8,4,51,0.0784,0.1667,65.8,18.8,59.3,1018.9,0.0,15.7,9.8,203.3,SW,14.59,15.69,11.73
717932,2023-06-01,2023,CIN,2023-06-01 19:10:00,19,8,2,10,2,19,8,15,289,84.6,6,45,0.1333,0.1333,73.8,23.2,55.7,1014.0,0.0,14.1,8.8,202.3,S,13.01,14.08,10.37
717885,2023-06-03,2023,TB,2023-06-03 18:10:00,18,2,4,6,0,21,10,15,317,83.5,2,49,0.0408,0.0,49.8,9.9,80.0,1019.7,0.0,19.7,12.3,25.6,NE,-18.62,-19.73,-15.26
717918,2023-06-03,2023,TB,2023-06-03 13:10:00,13,8,5,13,0,19,6,22,316,82.6,1,54,0.0185,0.0,53.4,11.9,71.3,1018.7,0.7,25.2,15.7,36.7,NE,-24.93,-24.68,-22.18
717904,2023-06-04,2023,TB,2023-06-04 13:35:00,13,2,6,8,0,20,11,13,295,83.1,0,46,0.0,0.0,53.4,11.9,64.7,1014.7,0.0,25.1,15.6,359.3,N,-17.54,-22.62,-10.34
717928,2023-06-05,2023,TB,2023-06-02 19:10:00,19,1,4,5,1,17,9,14,310,83.6,4,49,0.0816,0.0714,65.3,18.5,89.7,1012.0,2.2,15.3,9.5,34.9,NE,-15.06,-15.07,-13.24
717794,2023-06-12,2023,COL,2023-06-12 19:10:00,19,3,4,7,1,17,9,15,328,80.6,2,55,0.0364,0.0667,66.2,19.0,81.3,1006.6,0.9,13.3,8.3,111.6,E,-5.27,-0.78,-9.13
717788,2023-06-13,2023,COL,2023-06-13 19:10:00,19,6,7,13,2,18,9,21,349,80.2,5,61,0.082,0.0952,60.6,15.9,98.3,1003.2,0.0,12.6,7.8,54.3,NE,-12.43,-10.98,-12.38
717768,2023-06-14,2023,COL,2023-06-14 19:10:00,19,6,3,9,0,15,5,17,261,82.8,2,49,0.0408,0.0,62.9,17.2,91.7,997.9,0.3,8.7,5.4,180.7,S,6.2,7.9,3.75
717742,2023-06-16,2023,NYY,2023-06-16 19:10:00,19,15,5,20,3,10,5,27,312,82.6,3,66,0.0455,0.1111,69.7,20.9,73.0,1003.7,0.0,9.3,5.8,205.0,SW,8.77,9.33,7.15
717715,2023-06-18,2023,NYY,2023-06-18 19:10:00,19,4,1,5,0,22,6,13,246,80.8,4,40,0.1,0.0,60.7,16.0,87.7,1012.2,0.0,8.8,5.4,92.1,E,-5.97,-3.42,-7.81
717730,2023-06-18,2023,NYY,2023-06-17 19:15:00,19,6,2,8,1,16,5,15,285,83.3,3,50,0.06,0.0667,58.6,14.8,94.3,1003.1,4.8,12.1,7.5,358.4,N,-8.34,-10.85,-4.82
717605,2023-06-27,2023,MIA,2023-06-27 19:10:00,19,1,10,11,2,17,3,28,299,86.8,4,62,0.0645,0.0714,70.3,21.3,86.3,1007.6,0.0,16.0,10.0,192.7,S,13.55,15.66,9.8
717583,2023-06-28,2023,MIA,2023-06-28 19:10:00,19,2,6,8,3,17,7,15,290,83.9,3,49,0.0612,0.2,68.9,20.5,94.0,1009.5,0.4,9.8,6.1,214.0,SW,9.65,9.71,8.43
717569,2023-06-29,2023,MIA,2023-06-29 18:10:00,18,0,2,2,1,21,3,11,266,80.8,1,42,0.0238,0.0909,73.2,22.9,71.7,1014.8,0.0,13.3,8.3,198.3,S,11.92,13.24,9.15
717501,2023-07-04,2023,TEX,2023-07-04 13:35:00,13,2,6,8,1,13,7,20,290,82.5,4,59,0.0678,0.05,74.8,23.8,84.0,1011.2,1.1,7.1,4.4,284.2,W,3.61,1.32,5.47
717484,2023-07-05,2023,TEX,2023-07-05 19:10:00,19,4,2,6,1,7,3,19,244,85.6,3,59,0.0508,0.0526,77.4,25.2,79.7,1012.8,0.0,8.6,5.3,143.9,SE,1.33,4.14,-1.65
717471,2023-07-06,2023,TEX,2023-07-06 19:10:00,19,10,6,16,1,14,10,25,330,80.7,5,60,0.0833,0.04,78.7,25.9,79.3,1010.9,0.0,13.2,8.2,199.7,S,11.96,13.18,9.3
717461,2023-07-07,2023,ATH,2023-07-07 19:10:00,19,7,3,10,1,23,4,17,259,83.6,2,43,0.0465,0.0588,75.1,23.9,85.7,1009.9,0.0,11.5,7.2,187.7,S,9.17,11.01,6.22
717449,2023-07-08,2023,ATH,2023-07-08 16:10:00,16,10,3,13,4,13,2,24,289,81.8,4,61,0.0656,0.1667,73.8,23.2,83.7,1009.2,0.0,13.5,8.4,79.3,E,-11.12,-7.85,-13.05
717435,2023-07-09,2023,ATH,2023-07-09 13:35:00,13,4,3,7,3,15,9,18,316,80.6,5,51,0.098,0.1667,75.5,24.2,84.0,1009.6,0.0,15.6,9.7,82.7,E,-12.32,-8.33,-14.83
717324,2023-07-21,2023,NYM,2023-07-21 19:10:00,19,4,5,9,2,16,3,21,304,81.0,4,57,0.0702,0.0952,69.9,21.0,93.7,1006.7,21.3,8.2,5.1,315.5,NW,-0.08,-2.88,2.73
717309,2023-07-22,2023,NYM,2023-07-22 19:10:00,19,8,6,14,5,18,4,18,290,83.0,3,50,0.06,0.2778,73.2,22.9,78.0,1008.1,0.0,6.0,3.7,264.4,W,4.63,3.05,5.66
717298,2023-07-23,2023,NYM,2023-07-23 19:10:00,19,6,1,7,1,19,5,21,286,82.8,2,48,0.0417,0.0476,73.5,23.0,67.3,1014.1,0.0,8.3,5.2,165.2,S,4.18,6.38,1.47
717261,2023-07-25,2023,ATL,2023-07-25 19:10:00,19,7,1,8,1,15,9,21,312,83.3,0,53,0.0,0.0476,70.6,21.5,92.0,1016.3,0.5,12.8,8.0,232.7,SW,12.69,11.33,12.51
717242,2023-07-26,2023,ATL,2023-07-26 19:10:00,19,5,3,8,4,16,4,14,246,85.8,5,47,0.1064,0.2857,78.0,25.6,69.3,1015.5,0.0,13.9,8.6,219.7,SW,13.84,13.45,12.56
717136,2023-08-04,2023,TOR,2023-08-04 19:10:00,19,3,7,10,7,13,6,20,271,83.5,6,57,0.1053,0.35,66.0,18.9,91.7,1012.3,0.5,13.9,8.7,224.0,SW,13.93,13.18,13.01
717125,2023-08-05,2023,TOR,2023-08-05 16:10:00,16,4,5,9,2,13,6,24,288,81.0,5,60,0.0833,0.0833,77.3,25.2,58.3,1012.2,0.0,7.0,4.3,358.7,N,-4.81,-6.24,-2.8
717111,2023-08-06,2023,TOR,2023-08-06 13:35:00,13,1,13,14,2,15,10,24,318,81.7,7,61,0.1148,0.0833,82.2,27.9,38.7,1013.2,0.0,5.4,3.3,294.0,NW,1.92,0.09,3.52
717089,2023-08-07,2023,KC,2023-08-07 19:10:00,19,6,2,8,1,18,5,14,280,82.8,4,48,0.0833,0.0714,69.3,20.7,80.3,1010.4,0.0,12.0,7.5,138.4,SE,0.71,4.77,-3.44
717077,2023-08-08,2023,KC,2023-08-08 19:10:00,19,3,9,12,4,17,6,21,310,82.6,4,58,0.069,0.1905,71.4,21.9,91.0,997.9,0.2,15.6,9.7,265.7,W,11.83,7.64,14.6
717059,2023-08-09,2023,KC,2023-08-09 19:10:00,19,4,3,7,4,18,4,14,245,82.5,5,42,0.119,0.2857,72.4,22.5,68.0,1003.6,0.0,13.0,8.1,260.3,W,10.61,7.39,12.54
717051,2023-08-10,2023,KC,2023-08-10 19:10:00,19,2,0,2,0,17,3,15,287,84.1,2,47,0.0426,0.0,69.7,21.0,93.0,1001.9,0.2,13.7,8.5,190.6,S,11.27,13.23,7.95
717042,2023-08-11,2023,DET,2023-08-11 19:10:00,19,5,2,7,2,21,8,11,296,81.0,2,40,0.05,0.1818,69.6,20.9,66.3,1008.2,0.0,11.9,7.4,270.7,W,8.32,4.9,10.73
717033,2023-08-12,2023,DET,2023-08-12 16:10:00,16,2,6,8,5,12,3,20,323,83.6,3,59,0.0508,0.25,79.4,26.3,58.0,1009.5,0.0,11.6,7.2,176.4,S,7.67,10.18,4.23
717014,2023-08-13,2023,DET,2023-08-13 12:05:00,12,6,3,9,3,15,3,19,268,81.8,4,55,0.0727,0.1579,84.0,28.9,60.3,1007.8,0.2,17.8,11.0,228.0,SW,17.74,16.36,16.99
716866,2023-08-25,2023,LAD,2023-08-25 19:10:00,19,4,7,11,2,16,6,24,304,84.2,2,61,0.0328,0.0833,69.3,20.7,95.7,1009.9,0.0,15.8,9.8,196.7,S,13.91,15.63,10.5
716849,2023-08-26,2023,LAD,2023-08-26 16:10:00,16,8,5,13,4,23,11,20,319,81.6,4,47,0.0851,0.2,79.0,26.1,66.3,1007.8,0.2,6.9,4.3,280.6,W,3.91,1.72,5.64
716831,2023-08-27,2023,LAD,2023-08-27 13:35:00,13,4,7,11,5,14,3,21,314,83.3,5,61,0.082,0.2381,72.9,22.7,74.3,1012.3,0.3,10.3,6.4,74.7,E,-8.97,-6.68,-10.19
716814,2023-08-28,2023,HOU,2023-08-28 19:10:00,19,5,13,18,4,13,16,28,362,83.3,8,67,0.1194,0.1429,66.4,19.1,88.3,1016.9,0.0,9.6,6.0,146.7,SE,1.95,5.06,-1.39
716802,2023-08-29,2023,HOU,2023-08-29 19:10:00,19,2,6,8,3,9,8,15,322,85.8,4,59,0.0678,0.2,66.3,19.1,93.7,1010.7,0.0,9.0,5.6,85.0,E,-6.92,-4.52,-8.49
716794,2023-08-30,2023,HOU,2023-08-30 16:10:00,16,4,7,11,0,14,6,19,313,82.9,2,57,0.0351,0.0,77.4,25.2,61.0,1001.3,0.0,17.3,10.8,280.7,W,9.78,4.29,14.08
716672,2023-09-08,2023,BAL,2023-09-08 19:10:00,19,2,11,13,3,18,10,18,308,85.5,6,53,0.1132,0.1667,73.6,23.1,94.7,1015.9,0.1,10.8,6.7,204.7,SW,10.1,10.77,8.21
716664,2023-09-09,2023,BAL,2023-09-09 16:10:00,16,12,13,25,6,18,5,37,383,85.4,6,74,0.0811,0.1622,76.8,24.9,81.0,1017.7,2.5,5.6,3.5,247.4,SW,5.21,4.16,5.63
716652,2023-09-10,2023,BAL,2023-09-10 13:35:00,13,7,3,10,1,20,4,15,298,82.8,2,46,0.0435,0.0667,74.8,23.8,85.7,1018.3,1.4,5.2,3.2,169.1,S,2.91,4.21,1.27
716612,2023-09-12,2023,NYY,2023-09-12 19:10:00,19,1,4,5,1,28,14,15,381,80.1,2,38,0.0526,0.0667,70.6,21.5,95.0,1013.4,0.0,8.3,5.2,173.4,S,5.17,7.09,2.62
716628,2023-09-12,2023,NYY,2023-09-11 19:10:00,19,2,3,5,1,22,8,12,295,83.2,1,42,0.0238,0.0833,69.0,20.5,98.0,1015.0,14.8,8.2,5.1,66.2,NE,-7.62,-6.15,-8.17
716593,2023-09-14,2023,NYY,2023-09-14 19:15:00,19,5,8,13,3,14,9,21,332,79.5,4,58,0.069,0.1429,63.2,17.3,79.0,1016.4,0.0,8.5,5.3,311.7,NW,0.5,-2.45,3.38
716597,2023-09-14,2023,NYY,2023-09-13 19:10:00,19,5,0,5,2,20,5,16,304,82.6,3,46,0.0652,0.125,67.6,19.8,97.7,1012.3,0.5,12.7,7.9,218.3,SW,12.58,12.33,11.31
716478,2023-09-22,2023,CWS,2023-09-22 19:10:00,19,3,2,5,0,13,5,14,308,80.0,3,50,0.06,0.0,57.9,14.4,80.0,1028.1,0.0,8.8,5.4,92.7,E,-5.9,-3.33,-7.76
716468,2023-09-23,2023,CWS,2023-09-23 16:10:00,16,0,1,1,1,24,3,13,278,83.7,1,41,0.0244,0.0769,57.9,14.4,92.3,1021.8,4.8,19.8,12.3,52.7,NE,-19.62,-17.54,-19.34
716453,2023-09-24,2023,CWS,2023-09-24 13:35:00,13,2,3,5,2,7,3,9,187,79.9,2,37,0.0541,0.2222,61.0,16.1,88.3,1019.2,2.1,21.3,13.2,57.7,NE,-20.75,-17.9,-21.09
716428,2023-09-26,2023,TB,2023-09-26 19:10:00,19,7,9,16,2,19,1,24,310,82.0,6,59,0.1017,0.0833,50.4,10.2,82.7,1028.1,0.0,7.1,4.4,5.3,N,-5.44,-6.65,-3.57
716419,2023-09-27,2023,TB,2023-09-27 18:10:00,18,0,5,5,2,22,5,13,276,81.3,2,42,0.0476,0.1538,54.1,12.3,92.3,1026.1,0.0,7.3,4.6,74.7,E,-6.37,-4.75,-7.23
746981,2024-04-09,2024,BAL,2024-04-09 14:10:00,14,1,7,8,1,18,5,15,285,83.7,2,52,0.0385,0.0667,49.3,9.6,65.0,1017.0,0.0,16.9,10.5,90.0,E,-11.97,-7.16,-15.35
746980,2024-04-10,2024,BAL,2024-04-10 19:10:00,19,5,7,12,2,24,9,17,300,83.7,3,45,0.0667,0.1176,49.6,9.8,86.0,1018.6,0.7,10.9,6.8,106.4,E,-5.24,-1.64,-8.21
746977,2024-04-11,2024,BAL,2024-04-11 19:10:00,19,4,9,13,5,15,8,17,339,84.2,4,61,0.0656,0.2941,53.7,12.0,98.0,1013.1,0.0,13.7,8.5,132.1,SE,-0.7,4.03,-5.35
746978,2024-04-12,2024,LAA,2024-04-12 19:10:00,19,0,7,7,1,16,2,15,264,85.2,5,52,0.0962,0.0667,55.2,12.9,72.7,996.8,0.0,22.4,13.9,199.0,S,20.1,22.24,15.54
746979,2024-04-13,2024,LAA,2024-04-13 16:10:00,16,7,2,9,2,21,5,19,292,80.3,3,46,0.0652,0.1053,49.5,9.7,51.7,997.8,0.0,26.2,16.3,268.7,W,18.95,11.62,24.0
746975,2024-04-14,2024,LAA,2024-04-14 13:35:00,13,5,4,9,4,20,11,16,341,81.5,5,43,0.1163,0.25,55.6,13.1,53.0,1007.1,0.3,19.7,12.3,236.3,SW,19.35,16.86,19.51
746974,2024-04-15,2024,CLE,2024-04-15 11:10:00,11,0,6,6,1,16,3,12,289,81.2,6,50,0.12,0.0833,67.8,19.9,46.7,1006.6,0.0,18.7,11.6,260.3,W,15.29,10.67,18.07
746976,2024-04-16,2024,CLE,2024-04-16 19:10:00,19,7,10,17,4,17,11,25,387,82.6,5,73,0.0685,0.16,51.1,10.6,65.3,1018.1,0.0,8.4,5.2,297.5,NW,2.52,-0.37,5.11
746973,2024-04-17,2024,CLE,2024-04-17 19:10:00,19,2,0,2,1,20,1,8,210,84.7,0,37,0.0,0.125,45.1,7.3,76.3,1020.1,0.0,13.2,8.2,116.0,SE,-4.31,0.23,-8.33
746970,2024-04-18,2024,CLE,2024-04-18 13:35:00,13,4,5,9,0,16,5,14,285,82.4,0,53,0.0,0.0,45.9,7.7,78.0,1020.7,1.2,12.6,7.8,74.7,E,-10.95,-8.15,-12.42
746972,2024-04-26,2024,CHC,2024-04-26 19:10:00,19,1,7,8,1,15,3,21,266,79.0,3,60,0.05,0.0476,43.0,6.1,63.0,1031.0,0.0,9.8,6.1,173.6,S,6.09,8.34,3.11
746971,2024-04-27,2024,CHC,2024-04-27 16:10:00,16,17,0,17,2,13,4,26,328,81.4,4,64,0.0625,0.0769,58.6,14.8,57.3,1026.1,0.0,8.8,5.4,148.2,SE,2.0,4.8,-1.04
746967,2024-04-28,2024,CHC,2024-04-28 19:10:00,19,5,4,9,1,21,5,16,275,82.7,2,47,0.0426,0.0625,59.7,15.4,88.0,1013.6,0.9,16.1,10.0,235.3,SW,15.84,13.9,15.87
746968,2024-04-30,2024,SF,2024-04-30 19:10:00,19,4,0,4,0,21,7,15,315,83.7,1,42,0.0238,0.0,47.5,8.6,82.3,1013.0,0.0,11.3,7.0,87.0,E,-8.4,-5.31,-10.48
746966,2024-05-01,2024,SF,2024-05-01 19:10:00,19,6,2,8,1,15,6,15,246,81.8,2,49,0.0408,0.0667,45.0,7.2,90.7,1015.4,0.0,7.9,4.9,116.6,SE,-2.51,0.22,-4.93
746969,2024-05-02,2024,SF,2024-05-02 13:35:00,13,1,3,4,1,13,7,10,264,82.0,2,48,0.0417,0.1,71.8,22.1,52.7,1009.4,0.9,9.4,5.8,309.1,NW,0.97,-2.28,4.11
746964,2024-05-10,2024,WSH,2024-05-10 19:10:00,19,1,5,6,0,17,7,17,281,84.5,1,51,0.0196,0.0,46.3,7.9,77.3,1010.1,0.0,8.8,5.5,76.7,E,-7.49,-5.46,-8.62
746963,2024-05-11,2024,WSH,2024-05-11 16:10:00,16,4,2,6,3,19,3,10,257,82.7,6,41,0.1463,0.3,49.0,9.4,73.7,1010.3,0.0,14.2,8.8,97.7,E,-8.61,-4.23,-11.95
746965,2024-05-12,2024,WSH,2024-05-12 13:35:00,13,3,2,5,1,14,6,12,254,80.5,3,46,0.0652,0.0833,57.0,13.9,49.3,1010.8,0.0,6.8,4.2,73.7,E,-5.94,-4.47,-6.69
746961,2024-05-13,2024,TB,2024-05-13 19:10:00,19,3,5,8,1,17,3,18,304,81.3,2,53,0.0377,0.0556,56.0,13.3,71.3,1015.5,0.0,13.1,8.2,180.0,S,9.29,11.9,5.55
746962,2024-05-14,2024,TB,2024-05-14 19:10:00,19,5,4,9,3,29,4,15,334,79.8,4,52,0.0769,0.2,61.8,16.5,76.7,1012.0,0.0,18.2,11.3,210.7,SW,17.6,18.08,15.0
746960,2024-05-15,2024,TB,2024-05-15 19:10:00,19,3,4,7,2,24,4,15,288,81.1,5,44,0.1136,0.1333,58.9,15.0,94.3,1009.6,1.2,8.9,5.6,86.0,E,-6.74,-4.33,-8.34
746959,2024-05-16,2024,TB,2024-05-16 19:10:00,19,5,7,12,3,18,10,17,354,83.8,7,54,0.1296,0.1765,54.4,12.5,90.0,1012.1,0.0,13.1,8.1,45.0,NE,-13.07,-12.28,-12.28
746956,2024-05-24,2024,MIL,2024-05-24 19:10:00,19,2,7,9,2,16,7,20,296,82.0,4,57,0.0702,0.1,72.1,22.3,36.0,1006.5,0.0,22.4,13.9,285.7,W,10.98,3.63,17.01
746958,2024-05-25,2024,MIL,2024-05-25 16:10:00,16,3,6,9,1,15,8,16,285,82.8,4,54,0.0741,0.0625,70.8,21.5,59.7,1008.8,0.0,11.4,7.1,106.5,E,-5.45,-1.69,-8.54
746957,2024-05-26,2024,MIL,2024-05-26 13:35:00,13,2,1,3,0,21,2,17,237,84.3,3,45,0.0667,0.0,70.8,21.5,70.0,1012.3,0.1,13.3,8.3,95.3,E,-8.49,-4.48,-11.48
746954,2024-05-30,2024,DET,2024-05-30 19:10:00,19,0,5,5,3,26,3,10,297,79.9,3,39,0.0769,0.3,56.2,13.5,85.0,1014.2,0.0,5.5,3.4,290.4,W,2.3,0.44,3.88
746955,2024-05-31,2024,DET,2024-05-31 19:10:00,19,7,3,10,3,16,4,19,270,83.0,5,54,0.0926,0.1579,61.2,16.2,62.0,1016.2,0.0,9.0,5.6,299.3,NW,2.43,-0.68,5.25
746952,2024-06-01,2024,DET,2024-06-01 16:10:00,16,6,3,9,3,19,3,17,292,83.0,3,47,0.0638,0.1765,77.0,25.0,34.3,1015.7,0.0,4.3,2.7,44.0,NE,-4.33,-4.1,-4.05
746953,2024-06-02,2024,DET,2024-06-02 13:35:00,13,4,8,12,1,15,9,22,308,85.2,5,64,0.0781,0.0455,81.8,27.7,34.7,1013.3,0.0,4.5,2.8,203.0,SW,4.17,4.5,3.34
746949,2024-06-04,2024,ATL,2024-06-04 19:10:00,19,3,8,11,3,20,3,13,259,82.6,3,45,0.0667,0.2308,64.1,17.8,78.3,1014.4,0.0,10.4,6.5,165.1,S,5.21,7.98,1.82
746950,2024-06-05,2024,ATL,2024-06-05 13:35:00,13,9,0,9,3,19,5,14,281,83.6,1,46,0.0217,0.2143,85.2,29.6,35.3,1008.2,0.0,14.3,8.9,242.3,SW,13.68,11.4,14.32
746951,2024-06-11,2024,PHI,2024-06-11 19:10:00,19,1,4,5,2,18,3,11,252,80.5,2,46,0.0435,0.1818,63.7,17.6,84.0,1012.6,0.0,4.9,3.1,127.1,SE,-0.68,1.03,-2.31
746948,2024-06-12,2024,PHI,2024-06-12 19:10:00,19,8,6,14,1,14,13,22,319,82.2,3,55,0.0545,0.0455,66.4,19.1,85.7,1013.0,0.0,9.1,5.7,185.5,S,7.05,8.61,4.64
746944,2024-06-13,2024,PHI,2024-06-13 19:10:00,19,9,3,12,1,20,4,24,306,83.0,6,52,0.1154,0.0417,72.4,22.4,65.7,1012.6,0.0,18.2,11.3,213.7,SW,17.85,17.99,15.55
746947,2024-06-14,2024,NYY,2024-06-14 18:30:00,18,1,8,9,2,25,11,15,353,80.9,4,44,0.0909,0.1333,72.1,22.3,88.3,1008.9,0.2,13.9,8.6,223.0,SW,13.89,13.22,12.89
746946,2024-06-15,2024,NYY,2024-06-15 19:15:00,19,8,4,12,1,21,11,18,347,81.8,5,48,0.1042,0.0556,64.2,17.9,54.0,1016.8,0.0,11.4,7.1,345.3,N,-5.77,-8.8,-2.05
746945,2024-06-16,2024,NYY,2024-06-16 19:10:00,19,9,3,12,2,19,8,20,317,82.5,2,49,0.0408,0.1,63.1,17.3,64.0,1022.2,0.0,13.0,8.1,168.7,S,7.24,10.51,3.09
746941,2024-06-24,2024,TOR,2024-06-24 19:10:00,19,7,6,13,3,14,3,21,266,86.1,5,54,0.0926,0.1429,69.8,21.0,69.7,1000.9,0.0,16.5,10.2,311.0,NW,1.16,-4.53,6.71
746943,2024-06-25,2024,TOR,2024-06-25 19:10:00,19,4,9,13,3,20,7,16,305,82.7,5,51,0.098,0.1875,74.4,23.6,58.7,1007.8,0.0,10.1,6.3,231.4,SW,10.04,9.05,9.81
746942,2024-06-26,2024,TOR,2024-06-26 19:10:00,19,1,4,5,2,24,5,10,279,79.1,3,41,0.0732,0.2,75.4,24.1,79.3,1004.0,1.0,12.2,7.6,215.7,SW,12.07,12.02,10.67
746939,2024-06-28,2024,SD,2024-06-28 19:10:00,19,2,9,11,3,13,6,20,291,83.1,4,60,0.0667,0.15,65.2,18.5,62.0,1020.8,0.0,16.0,9.9,175.4,S,10.35,13.88,5.56
746940,2024-06-29,2024,SD,2024-06-29 16:10:00,16,1,11,12,5,19,5,22,308,83.4,4,56,0.0714,0.2273,72.4,22.4,62.7,1017.2,0.9,23.7,14.7,191.0,S,19.68,23.03,13.95
746938,2024-06-30,2024,SD,2024-06-30 13:35:00,13,4,1,5,2,9,3,16,247,83.9,3,55,0.0545,0.125,87.0,30.5,60.3,1007.5,0.2,20.4,12.7,221.0,SW,20.38,19.64,18.67
746937,2024-07-09,2024,ATH,2024-07-09 19:10:00,19,12,9,21,4,25,9,26,353,82.9,7,51,0.1373,0.1538,80.3,26.8,77.3,1011.0,0.1,13.7,8.5,219.0,SW,13.62,13.29,12.31
746934,2024-07-10,2024,ATH,2024-07-10 19:10:00,19,2,5,7,1,23,6,16,306,83.2,4,47,0.0851,0.0625,77.5,25.3,79.3,1009.3,0.0,20.9,13.0,198.7,S,18.76,20.81,14.45
746935,2024-07-11,2024,ATH,2024-07-11 19:10:00,19,7,0,7,3,24,5,14,285,83.1,3,38,0.0789,0.2143,79.3,26.3,69.7,1014.6,0.0,18.6,11.6,214.0,SW,18.26,18.37,15.94
746936,2024-07-12,2024,KC,2024-07-12 19:10:00,19,1,6,7,2,12,4,15,272,82.2,3,55,0.0545,0.1333,78.1,25.6,83.0,1020.1,0.0,16.8,10.4,211.7,SW,16.35,16.69,14.04
746930,2024-07-13,2024,KC,2024-07-13 16:10:00,16,5,0,5,1,16,2,17,252,83.1,3,49,0.0612,0.0588,80.1,26.7,78.0,1015.8,0.0,15.2,9.4,220.3,SW,15.15,14.66,13.81
746932,2024-07-14,2024,KC,2024-07-14 13:35:00,13,5,4,9,4,15,4,23,283,83.5,6,55,0.1091,0.1739,90.0,32.2,38.0,1012.3,0.0,9.7,6.0,226.7,SW,9.7,9.01,9.21
746933,2024-07-26,2024,NYY,2024-07-26 19:10:00,19,9,7,16,4,18,8,27,315,84.1,4,60,0.0667,0.1481,73.3,23.0,57.0,1016.3,0.0,8.7,5.4,326.6,NW,-1.75,-4.56,1.27
746931,2024-07-27,2024,NYY,2024-07-27 19:15:00,19,8,11,19,6,17,10,29,363,83.9,10,71,0.1408,0.2069,72.2,22.3,63.0,1018.2,0.0,5.5,3.4,151.0,SE,1.52,3.25,-0.39
746929,2024-07-28,2024,NYY,2024-07-28 19:10:00,19,2,8,10,2,16,9,17,315,83.3,1,57,0.0175,0.1176,68.9,20.5,78.3,1016.8,0.6,7.3,4.6,119.9,SE,-1.91,0.62,-4.22
746928,2024-07-29,2024,SEA,2024-07-29 19:10:00,19,14,7,21,5,22,3,26,313,83.0,3,55,0.0545,0.1923,69.5,20.8,86.0,1013.6,0.0,9.8,6.1,188.3,S,7.83,9.35,5.36
746926,2024-07-30,2024,SEA,2024-07-30 19:10:00,19,6,10,16,2,14,4,21,303,83.3,3,62,0.0484,0.0952,75.4,24.1,81.7,1013.9,0.0,18.6,11.5,199.3,S,16.73,18.48,12.98
746925,2024-07-31,2024,SEA,2024-07-31 16:10:00,16,3,2,5,1,17,8,17,311,81.6,3,56,0.0536,0.0588,79.2,26.2,79.3,1009.3,0.5,20.9,13.0,196.3,S,18.34,20.66,13.8
746927,2024-08-09,2024,HOU,2024-08-09 19:10:00,19,4,8,12,2,16,11,22,348,80.3,3,58,0.0517,0.0909,76.1,24.5,88.7,1009.7,0.8,29.5,18.3,191.3,S,24.52,28.63,17.46
746922,2024-08-10,2024,HOU,2024-08-10 16:10:00,16,4,5,9,6,24,3,16,276,85.0,7,46,0.1522,0.375,81.0,27.2,53.0,1009.3,0.0,15.3,9.5,282.0,W,8.33,3.44,12.22
746923,2024-08-11,2024,HOU,2024-08-11 13:35:00,13,2,10,12,3,21,6,19,289,81.2,4,48,0.0833,0.1579,82.2,27.9,38.0,1011.8,0.0,20.2,12.6,245.3,SW,18.94,15.4,20.2
746921,2024-08-12,2024,TEX,2024-08-12 19:10:00,19,5,4,9,1,24,13,15,360,80.5,2,49,0.0408,0.0667,65.8,18.8,86.7,1011.8,0.0,11.4,7.1,274.0,W,7.5,4.1,10.0
746924,2024-08-13,2024,TEX,2024-08-13 19:10:00,19,9,4,13,1,15,5,18,280,83.3,3,52,0.0577,0.0556,70.6,21.5,74.0,1013.6,0.0,5.4,3.3,331.2,NW,-1.49,-3.17,0.36
746919,2024-08-14,2024,TEX,2024-08-14 18:10:00,18,7,9,16,5,13,4,25,312,82.3,4,70,0.0571,0.2,70.8,21.6,74.3,1015.3,0.0,6.4,4.0,116.8,SE,-2.01,0.2,-3.98
746920,2024-08-23,2024,AZ,2024-08-23 19:10:00,19,2,12,14,2,15,7,22,290,82.1,4,59,0.0678,0.0909,67.2,19.5,70.0,1022.2,0.0,9.5,5.9,252.3,W,8.47,6.46,9.46
746917,2024-08-24,2024,AZ,2024-08-24 16:10:00,16,1,4,5,0,20,11,11,311,82.5,1,43,0.0233,0.0,78.9,26.1,47.0,1020.0,0.0,9.3,5.8,251.7,W,8.28,6.36,9.2
746918,2024-08-25,2024,AZ,2024-08-25 13:35:00,13,5,7,12,5,15,7,19,287,86.2,4,51,0.0784,0.2632,81.3,27.4,45.3,1020.8,0.0,6.7,4.2,110.0,E,-2.84,-0.59,-4.76
746915,2024-08-26,2024,TOR,2024-08-26 19:10:00,19,3,7,10,2,14,4,18,268,82.7,3,58,0.0517,0.1111,67.3,19.6,93.3,1018.6,0.0,3.9,2.4,251.4,W,3.46,2.67,3.84
746916,2024-08-27,2024,TOR,2024-08-27 19:10:00,19,6,3,9,3,11,4,20,259,84.6,4,56,0.0714,0.15,70.8,21.6,82.3,1015.2,0.0,12.0,7.5,196.1,S,10.53,11.89,7.91
746913,2024-08-28,2024,TOR,2024-08-28 19:10:00,19,3,0,3,1,20,2,9,224,84.3,2,40,0.05,0.1111,73.7,23.2,68.7,1014.8,0.0,13.4,8.3,8.4,N,-10.78,-12.87,-7.39
746914,2024-08-29,2024,TOR,2024-08-29 19:10:00,19,0,2,2,0,11,3,9,226,81.5,2,51,0.0392,0.0,62.1,16.7,74.7,1025.0,0.0,8.3,5.2,115.0,SE,-2.85,-0.0,-5.36
746912,2024-09-06,2024,CWS,2024-09-06 19:10:00,19,3,1,4,1,12,5,11,266,80.1,4,48,0.0833,0.0909,62.8,17.1,93.7,1015.9,0.0,11.3,7.0,25.7,NE,-10.69,-11.33,-8.77
746911,2024-09-07,2024,CWS,2024-09-07 19:15:00,19,7,5,12,4,17,7,20,289,83.1,4,51,0.0784,0.2,66.0,18.9,77.0,1007.2,1.0,15.5,9.7,226.3,SW,15.53,14.47,14.71
746910,2024-09-08,2024,CWS,2024-09-08 13:35:00,13,2,7,9,2,15,3,20,268,81.5,4,54,0.0741,0.1,68.1,20.1,37.7,1011.2,0.0,21.4,13.3,267.0,W,15.93,10.06,19.87
746909,2024-09-09,2024,BAL,2024-09-09 19:10:00,19,12,3,15,5,21,9,21,302,83.6,7,51,0.1373,0.2381,63.2,17.3,69.3,1014.4,0.0,10.7,6.6,236.7,SW,10.45,9.08,10.55
746907,2024-09-10,2024,BAL,2024-09-10 19:10:00,19,3,5,8,2,23,7,17,296,82.4,2,48,0.0417,0.1176,62.7,17.1,57.7,1017.7,0.0,9.7,6.0,315.4,NW,-0.06,-3.39,3.27
746908,2024-09-11,2024,BAL,2024-09-11 19:10:00,19,5,3,8,3,20,4,16,286,82.4,2,54,0.037,0.1875,62.2,16.8,64.3,1021.4,0.0,11.1,6.9,175.7,S,7.22,9.65,3.92
746905,2024-09-20,2024,MIN,2024-09-20 19:10:00,19,2,4,6,0,28,11,22,416,80.2,2,64,0.0312,0.0,61.5,16.4,81.3,1015.4,0.6,22.3,13.9,30.7,NE,-21.61,-22.19,-18.41
746903,2024-09-22,2024,MIN,2024-09-22 12:35:00,12,8,1,9,3,15,7,15,289,82.1,4,51,0.0784,0.2,62.8,17.1,71.0,1016.5,0.0,22.0,13.7,48.3,NE,-22.0,-20.23,-21.11
746906,2024-09-22,2024,MIN,2024-09-21 16:10:00,16,9,3,12,1,16,6,18,312,82.3,5,53,0.0943,0.0556,58.5,14.7,94.3,1014.8,5.0,18.0,11.2,29.7,NE,-17.33,-17.91,-14.66
746904,2024-09-27,2024,TB,2024-09-27 19:10:00,19,1,2,3,0,17,4,11,267,84.2,2,46,0.0435,0.0,63.0,17.2,89.0,1014.9,0.0,6.9,4.3,79.3,E,-5.7,-4.03,-6.69
746902,2024-09-28,2024,TB,2024-09-28 16:10:00,16,2,7,9,2,19,5,15,271,82.5,0,49,0.0,0.1333,61.5,16.4,87.3,1015.7,0.0,13.3,8.3,86.7,E,-9.94,-6.31,-12.36
746901,2024-09-29,2024,TB,2024-09-29 15:05:00,15,3,1,4,0,14,4,15,264,84.2,1,50,0.02,0.0,63.3,17.4,80.0,1015.2,0.0,7.8,4.9,104.3,E,-4.0,-1.45,-6.06
778463,2025-04-04,2025,STL,2025-04-04 14:10:00,14,13,9,22,4,12,10,30,338,84.5,9,66,0.1364,0.1333,64.2,17.9,36.0,1018.3,0.0,15.0,9.3,314.0,NW,0.26,-4.87,5.36
778432,2025-04-06,2025,STL,2025-04-06 19:10:00,19,18,7,25,2,11,7,33,361,82.7,5,74,0.0676,0.0606,49.8,9.9,70.3,1008.8,0.0,9.8,6.1,275.0,W,6.3,3.35,8.49
778443,2025-04-06,2025,STL,2025-04-05 16:10:00,16,5,4,9,1,25,14,19,386,82.6,3,48,0.0625,0.0526,41.2,5.1,92.7,1021.8,2.5,10.1,6.3,107.5,E,-4.68,-1.32,-7.47
778426,2025-04-07,2025,TOR,2025-04-07 18:45:00,18,2,6,8,0,9,9,18,283,83.9,5,60,0.0833,0.0,36.5,2.5,92.7,1005.7,0.7,11.6,7.2,65.7,NE,-10.82,-8.77,-11.57
778404,2025-04-08,2025,TOR,2025-04-08 18:45:00,18,1,6,7,1,20,6,17,303,83.6,2,51,0.0392,0.0588,32.4,0.2,49.7,1005.8,0.0,26.4,16.4,277.3,W,16.13,8.01,22.31
778386,2025-04-09,2025,TOR,2025-04-09 18:45:00,18,1,2,3,0,18,3,10,259,83.7,1,54,0.0185,0.0,39.7,4.3,50.3,1022.9,0.0,10.3,6.4,269.6,W,7.35,4.43,9.39
778377,2025-04-10,2025,TOR,2025-04-10 16:10:00,16,4,3,7,0,21,7,16,330,81.0,3,51,0.0588,0.0,43.3,6.3,67.3,1025.0,0.0,9.5,5.9,123.3,SE,-1.93,1.36,-4.98
778275,2025-04-18,2025,CWS,2025-04-18 19:10:00,19,10,3,13,5,12,5,17,262,86.0,10,58,0.1724,0.2941,53.4,11.9,52.3,1017.0,0.6,23.0,14.3,212.7,SW,22.44,22.76,19.41
778264,2025-04-19,2025,CWS,2025-04-19 16:10:00,16,4,3,7,2,19,11,14,332,83.6,4,51,0.0784,0.1429,77.2,25.1,56.7,1007.4,0.0,19.3,12.0,221.0,SW,19.29,18.58,17.66
778245,2025-04-20,2025,CWS,2025-04-20 13:35:00,13,4,8,12,3,15,7,15,303,82.3,3,54,0.0556,0.2,58.1,14.5,29.0,1020.9,0.0,22.6,14.0,311.7,NW,1.31,-6.47,8.94
778238,2025-04-21,2025,CWS,2025-04-21 11:10:00,11,4,2,6,2,19,8,13,258,82.3,2,44,0.0455,0.1538,53.4,11.9,40.7,1024.4,0.0,11.3,7.0,88.3,E,-8.24,-5.09,-10.41
778224,2025-04-22,2025,SEA,2025-04-22 18:45:00,18,8,3,11,2,14,13,17,350,83.8,3,52,0.0577,0.1176,60.5,15.8,78.0,1012.1,0.0,9.6,5.9,314.0,NW,0.17,-3.12,3.43
778207,2025-04-23,2025,SEA,2025-04-23 18:45:00,18,5,8,13,2,23,8,20,345,83.0,3,51,0.0588,0.1,59.7,15.4,55.7,1020.5,0.0,7.4,4.6,308.4,NW,0.85,-1.7,3.3
778196,2025-04-24,2025,SEA,2025-04-24 13:35:00,13,3,4,7,2,25,10,13,319,80.9,6,41,0.1463,0.1538,65.1,18.4,51.0,1022.7,0.0,8.3,5.1,81.3,E,-6.66,-4.58,-7.93
778089,2025-05-02,2025,MIN,2025-05-02 19:10:00,19,6,1,7,2,19,2,19,266,84.7,2,49,0.0408,0.1053,68.8,20.5,76.0,1009.4,0.0,12.2,7.6,202.3,S,11.26,12.19,8.97
778073,2025-05-03,2025,MIN,2025-05-03 16:10:00,16,3,4,7,1,13,4,22,294,82.0,3,61,0.0492,0.0455,73.5,23.0,68.3,1009.1,0.0,8.5,5.3,234.2,SW,8.39,7.42,8.35
778063,2025-05-04,2025,MIN,2025-05-04 13:35:00,13,4,5,9,2,16,5,16,288,86.9,5,54,0.0926,0.125,70.3,21.3,71.3,1013.3,1.3,14.4,8.9,198.0,S,12.83,14.29,9.82
778037,2025-05-06,2025,TEX,2025-05-06 18:45:00,18,1,6,7,0,21,3,22,304,81.5,1,52,0.0192,0.0,63.4,17.4,92.3,1015.6,0.6,13.0,8.1,141.3,SE,1.43,5.75,-3.06
778018,2025-05-07,2025,TEX,2025-05-07 18:45:00,18,6,4,10,5,6,4,19,282,83.5,7,64,0.1094,0.2632,64.8,18.2,68.0,1011.5,0.0,9.2,5.7,231.3,SW,9.14,8.25,8.94
778006,2025-05-08,2025,TEX,2025-05-08 13:35:00,13,5,0,5,1,10,10,11,277,83.0,4,50,0.08,0.0909,66.9,19.4,72.7,1014.4,4.9,10.0,6.2,118.9,SE,-2.78,0.67,-5.9
777908,2025-05-16,2025,ATL,2025-05-16 19:10:00,19,2,4,6,3,19,8,13,293,82.7,4,43,0.093,0.2308,68.3,20.2,87.0,1004.2,0.0,11.9,7.4,190.0,S,9.72,11.46,6.81
777893,2025-05-17,2025,ATL,2025-05-17 19:15:00,19,7,6,13,5,14,9,23,328,87.4,9,58,0.1552,0.2174,66.0,18.9,86.3,996.4,0.0,13.1,8.1,214.5,SW,12.85,12.89,11.26
777876,2025-05-18,2025,ATL,2025-05-18 13:35:00,13,4,10,14,2,12,8,24,284,85.4,4,62,0.0645,0.0833,66.6,19.2,60.0,996.4,0.3,22.4,13.9,267.0,W,16.62,10.5,20.74
777856,2025-05-19,2025,NYM,2025-05-19 18:45:00,18,3,1,4,0,12,7,16,263,85.9,3,51,0.0588,0.0,52.0,11.1,62.3,1006.9,0.0,20.9,13.0,330.3,NW,-5.53,-12.09,1.7
777851,2025-05-20,2025,NYM,2025-05-20 18:45:00,18,2,0,2,2,14,6,9,252,84.4,5,43,0.1163,0.2222,50.7,10.4,81.3,1015.7,0.0,8.2,5.1,76.7,E,-6.95,-5.06,-8.0
777831,2025-05-21,2025,NYM,2025-05-21 18:45:00,18,1,5,6,1,23,6,16,311,86.2,4,45,0.0889,0.0625,48.3,9.1,76.7,1016.5,0.0,17.8,11.0,100.7,E,-10.02,-4.39,-14.43
777815,2025-05-23,2025,BAL,2025-05-22 18:45:00,18,19,5,24,3,18,11,34,381,84.7,7,67,0.1045,0.0882,45.7,7.6,94.3,1007.9,11.1,28.7,17.9,32.7,NE,-28.07,-28.47,-24.28
777790,2025-05-24,2025,BAL,2025-05-24 18:35:00,18,1,2,3,1,14,7,13,291,83.0,3,48,0.0625,0.0769,54.3,12.4,68.7,1011.6,0.0,10.2,6.3,300.7,NW,2.53,-1.01,5.75
777809,2025-05-24,2025,BAL,2025-05-23 19:10:00,19,6,5,11,3,17,8,14,326,82.1,4,54,0.0741,0.2143,51.0,10.5,92.0,1008.1,1.5,9.5,5.9,240.3,SW,9.13,7.72,9.44
777785,2025-05-25,2025,BAL,2025-05-25 13:35:00,13,1,5,6,2,13,4,17,290,81.7,1,57,0.0175,0.1176,60.3,15.7,54.3,1014.9,0.0,14.2,8.8,312.7,NW,0.58,-4.31,5.4
777670,2025-06-02,2025,LAA,2025-06-02 19:10:00,19,6,7,13,5,15,6,19,315,83.2,10,58,0.1724,0.2632,60.3,15.7,61.3,1013.6,0.0,11.0,6.8,241.7,SW,10.54,8.82,10.98
777667,2025-06-03,2025,LAA,2025-06-03 19:10:00,19,3,4,7,1,16,10,17,319,84.3,5,57,0.0877,0.0588,65.5,18.6,70.0,1019.9,0.0,7.8,4.8,162.8,S,3.62,5.75,1.05
777649,2025-06-04,2025,LAA,2025-06-04 13:35:00,13,11,9,20,2,14,9,24,350,84.6,2,60,0.0333,0.0833,82.2,27.9,42.7,1018.8,0.0,14.4,8.9,223.0,SW,14.39,13.7,13.35
777584,2025-06-09,2025,TB,2025-06-09 19:10:00,19,8,10,18,0,20,15,22,373,81.0,1,67,0.0149,0.0,57.3,14.1,92.0,1013.3,0.3,12.6,7.8,73.0,E,-11.12,-8.43,-12.48
777565,2025-06-10,2025,TB,2025-06-10 19:10:00,19,3,1,4,1,20,5,10,274,84.0,3,40,0.075,0.1,60.3,15.7,96.0,1010.2,0.1,5.0,3.1,223.4,SW,5.0,4.74,4.65
777561,2025-06-11,2025,TB,2025-06-11 19:10:00,19,4,3,7,5,18,2,17,255,84.6,4,48,0.0833,0.2941,70.6,21.4,71.7,1013.5,0.0,12.6,7.8,236.3,SW,12.32,10.73,12.42
777537,2025-06-13,2025,NYY,2025-06-13 19:10:00,19,2,1,3,1,17,7,10,289,83.6,5,50,0.1,0.1,62.6,17.0,65.3,1020.2,0.0,9.1,5.7,127.0,SE,-1.27,1.89,-4.27
777516,2025-06-14,2025,NYY,2025-06-14 19:15:00,19,4,3,7,0,13,6,13,255,86.1,5,48,0.1042,0.0,56.1,13.4,81.0,1020.3,0.0,8.6,5.3,66.3,NE,-8.01,-6.46,-8.6
777500,2025-06-15,2025,NYY,2025-06-15 13:35:00,13,2,0,2,1,22,6,11,264,81.8,2,36,0.0556,0.0909,62.1,16.7,63.3,1021.3,0.0,8.8,5.5,89.7,E,-6.28,-3.78,-8.03
777345,2025-06-27,2025,TOR,2025-06-27 19:10:00,19,0,9,9,0,10,10,20,312,85.0,2,59,0.0339,0.0,66.3,19.1,60.0,1022.6,0.0,10.9,6.8,140.6,SE,1.06,4.7,-2.72
777323,2025-06-28,2025,TOR,2025-06-28 16:10:00,16,15,1,16,3,14,9,24,318,80.7,3,62,0.0484,0.125,75.4,24.1,85.3,1012.8,0.2,3.2,2.0,185.3,S,2.49,3.04,1.63
777310,2025-06-29,2025,TOR,2025-06-29 13:35:00,13,3,5,8,3,16,5,14,287,81.5,2,51,0.0392,0.2143,84.6,29.2,46.7,1011.9,0.0,9.5,5.9,275.6,W,6.05,3.16,8.2
777300,2025-06-30,2025,CIN,2025-06-30 19:10:00,19,13,6,19,5,16,8,24,300,84.8,9,57,0.1579,0.2083,79.2,26.2,64.3,1012.0,0.0,11.1,6.9,199.3,S,10.0,11.05,7.76
777294,2025-07-01,2025,CIN,2025-07-01 19:10:00,19,5,3,8,1,15,4,11,247,83.3,1,44,0.0227,0.0909,78.5,25.8,82.7,1006.7,1.9,16.7,10.4,244.3,SW,15.76,12.92,16.7
777277,2025-07-02,2025,CIN,2025-07-02 19:10:00,19,4,8,12,2,12,3,23,275,83.6,3,65,0.0462,0.087,79.9,26.6,56.7,1008.0,0.0,11.7,7.3,242.0,SW,11.19,9.34,11.68
777209,2025-07-07,2025,COL,2025-07-07 19:10:00,19,9,3,12,3,21,4,21,314,83.9,4,51,0.0784,0.1429,80.1,26.7,81.3,1012.9,0.0,15.0,9.3,198.0,S,13.37,14.89,10.23
777196,2025-07-08,2025,COL,2025-07-08 19:10:00,19,10,2,12,3,18,4,15,249,87.1,5,48,0.1042,0.2,78.4,25.8,86.0,1013.5,0.6,7.2,4.5,261.4,W,5.8,3.99,6.91
777179,2025-07-09,2025,COL,2025-07-09 19:10:00,19,10,2,12,5,12,3,23,266,86.2,6,56,0.1071,0.2174,67.1,19.5,94.0,1014.9,0.0,9.1,5.7,97.0,E,-5.6,-2.81,-7.72
777170,2025-07-10,2025,TB,2025-07-10 19:10:00,19,4,3,7,2,12,8,11,261,81.7,3,49,0.0612,0.1818,65.5,18.6,87.7,1015.0,0.0,6.6,4.1,65.9,NE,-6.17,-4.99,-6.6
777155,2025-07-11,2025,TB,2025-07-11 19:10:00,19,5,4,9,1,12,8,16,292,84.9,2,55,0.0364,0.0625,72.3,22.4,91.3,1016.0,0.0,6.8,4.2,169.1,S,3.79,5.48,1.65
777144,2025-07-12,2025,TB,2025-07-12 16:10:00,16,1,0,1,0,16,3,8,222,78.8,0,40,0.0,0.0,77.7,25.4,80.3,1016.6,0.0,9.2,5.7,141.4,SE,1.03,4.09,-2.16
777130,2025-07-13,2025,TB,2025-07-13 13:35:00,13,4,1,5,1,14,1,16,266,83.1,4,51,0.0784,0.0625,75.4,24.1,80.0,1017.3,0.0,13.1,8.2,64.7,NE,-12.37,-10.11,-13.13
777012,2025-07-25,2025,LAD,2025-07-25 19:10:00,19,2,5,7,1,18,5,15,302,82.0,4,49,0.0816,0.0667,80.2,26.8,73.0,1011.7,0.0,10.9,6.8,338.3,N,-4.32,-7.48,-0.63
776998,2025-07-26,2025,LAD,2025-07-26 19:15:00,19,4,2,6,2,20,6,19,287,83.5,3,45,0.0667,0.1053,71.1,21.7,57.0,1017.7,0.0,10.3,6.4,173.6,S,6.43,8.79,3.29
776983,2025-07-27,2025,LAD,2025-07-27 13:35:00,13,4,3,7,2,13,10,13,305,83.8,5,50,0.1,0.1538,78.8,26.0,64.0,1012.2,0.0,16.8,10.4,203.7,SW,15.62,16.76,12.59
776922,2025-08-01,2025,HOU,2025-08-01 19:10:00,19,2,1,3,1,13,4,13,256,82.3,5,56,0.0893,0.0769,64.1,17.8,71.3,1021.6,0.0,2.2,1.4,160.0,S,0.93,1.56,0.19
776909,2025-08-02,2025,HOU,2025-08-02 16:10:00,16,7,3,10,4,18,8,24,309,85.5,6,54,0.1111,0.1667,70.0,21.1,62.0,1020.5,0.0,6.3,3.9,120.3,SE,-1.61,0.59,-3.6
776895,2025-08-03,2025,HOU,2025-08-03 11:35:00,11,6,1,7,1,10,3,11,249,79.5,1,51,0.0196,0.0909,79.8,26.5,40.3,1019.5,0.0,1.5,1.0,236.4,SW,1.5,1.31,1.52
776880,2025-08-04,2025,KC,2025-08-04 19:10:00,19,8,5,13,3,14,6,23,332,81.4,6,57,0.1053,0.1304,74.6,23.7,72.0,1019.8,0.0,5.6,3.5,134.5,SE,-0.04,1.87,-1.96
776864,2025-08-05,2025,KC,2025-08-05 19:10:00,19,6,2,8,0,10,5,14,276,85.2,2,55,0.0364,0.0,65.9,18.8,78.0,1027.0,0.0,6.6,4.1,105.3,E,-3.27,-1.11,-5.03
776856,2025-08-06,2025,KC,2025-08-06 19:10:00,19,3,7,10,1,17,3,19,302,85.5,3,54,0.0556,0.0526,66.3,19.1,88.7,1028.8,0.0,4.2,2.6,91.0,E,-2.94,-1.72,-3.81
776741,2025-08-15,2025,MIA,2025-08-15 19:10:00,19,2,1,3,0,15,4,12,240,84.4,3,47,0.0638,0.0,68.3,20.2,74.3,1021.2,0.0,6.7,4.2,108.7,E,-2.98,-0.74,-4.87
776724,2025-08-16,2025,MIA,2025-08-16 16:10:00,16,7,5,12,3,8,3,17,272,81.4,8,60,0.1333,0.1765,81.4,27.5,49.0,1015.8,0.0,8.8,5.5,161.9,S,3.98,6.43,1.06
776714,2025-08-17,2025,MIA,2025-08-17 13:35:00,13,3,5,8,4,16,3,15,247,84.9,3,53,0.0566,0.2667,89.4,31.9,45.3,1008.0,0.0,15.9,9.9,254.0,W,13.91,10.43,15.7
776695,2025-08-18,2025,BAL,2025-08-18 19:10:00,19,3,6,9,1,18,6,18,312,84.5,4,52,0.0769,0.0556,63.4,17.5,58.7,1021.7,0.0,7.6,4.7,134.3,SE,-0.09,2.5,-2.67
776684,2025-08-19,2025,BAL,2025-08-19 19:10:00,19,3,4,7,1,20,13,14,357,82.3,4,59,0.0678,0.0714,63.9,17.7,61.3,1021.3,0.0,9.4,5.8,131.7,SE,-0.54,2.71,-3.71
776549,2025-08-29,2025,PIT,2025-08-29 19:10:00,19,2,4,6,1,20,6,19,276,81.7,3,51,0.0588,0.0526,61.5,16.4,91.7,1012.5,2.9,4.9,3.0,216.9,SW,4.82,4.76,4.29
776539,2025-08-30,2025,PIT,2025-08-30 16:10:00,16,3,10,13,2,17,10,20,300,82.6,5,54,0.0926,0.1,72.5,22.5,36.3,1014.1,0.0,12.5,7.8,285.3,W,6.19,2.1,9.53
776517,2025-08-31,2025,PIT,2025-08-31 13:35:00,13,5,2,7,2,21,9,14,301,81.5,2,43,0.0465,0.1429,74.7,23.7,39.0,1020.7,0.0,8.0,5.0,85.4,E,-6.07,-3.94,-7.47
776505,2025-09-01,2025,CLE,2025-09-01 13:35:00,13,6,4,10,2,12,8,22,302,83.2,2,58,0.0345,0.0909,72.2,22.3,57.0,1023.4,0.0,9.6,6.0,95.3,E,-6.15,-3.24,-8.31
776493,2025-09-02,2025,CLE,2025-09-02 18:45:00,18,11,7,18,6,17,0,29,252,83.1,5,61,0.082,0.2069,68.4,20.2,58.0,1017.0,0.0,9.1,5.7,148.7,SE,2.16,5.05,-0.99
776474,2025-09-03,2025,CLE,2025-09-03 18:45:00,18,1,8,9,1,16,5,19,315,84.6,3,56,0.0536,0.0526,69.6,20.9,57.7,1011.0,0.0,11.4,7.1,197.7,S,10.13,11.31,7.73
776363,2025-09-12,2025,NYY,2025-09-12 19:10:00,19,1,4,5,2,18,9,11,302,85.7,5,46,0.1087,0.1818,59.5,15.3,77.7,1021.9,0.0,7.9,4.9,154.1,SE,2.59,5.0,-0.13
776344,2025-09-13,2025,NYY,2025-09-13 16:10:00,16,3,5,8,3,17,6,20,313,82.9,4,55,0.0727,0.15,68.5,20.3,68.7,1016.1,0.4,12.9,8.0,188.0,S,10.3,12.34,7.03
776330,2025-09-14,2025,NYY,2025-09-14 19:10:00,19,6,4,10,4,21,2,19,276,84.6,5,48,0.1042,0.2105,65.7,18.7,78.0,1018.1,0.0,3.7,2.3,114.3,SE,-1.32,-0.05,-2.44
776310,2025-09-16,2025,ATH,2025-09-16 18:45:00,18,1,2,3,0,15,6,17,275,80.1,2,52,0.0385,0.0,62.2,16.8,76.7,1023.4,0.0,5.2,3.2,86.3,E,-3.88,-2.48,-4.81
776299,2025-09-17,2025,ATH,2025-09-17 18:45:00,18,5,4,9,1,20,12,20,367,81.4,3,59,0.0508,0.05,62.4,16.9,91.7,1017.6,0.9,9.4,5.9,78.0,E,-7.91,-5.68,-9.19
776281,2025-09-18,2025,ATH,2025-09-18 13:35:00,13,3,5,8,3,17,3,15,277,84.7,5,51,0.098,0.2,74.1,23.4,66.3,1010.9,0.0,2.1,1.3,164.7,S,1.04,1.6,0.35
776181,2025-09-26,2025,DET,2025-09-26 19:10:00,19,4,3,7,0,21,4,20,268,82.8,2,48,0.0417,0.0,69.1,20.6,79.3,1008.6,0.0,11.4,7.1,266.7,W,8.51,5.41,10.59
776157,2025-09-27,2025,DET,2025-09-27 16:10:00,16,1,2,3,0,23,3,13,279,78.7,1,43,0.0233,0.0,68.8,20.5,78.0,1013.3,0.0,8.9,5.5,122.8,SE,-1.87,1.21,-4.72
776151,2025-09-28,2025,DET,2025-09-28 15:05:00,15,4,3,7,3,18,10,16,289,78.2,4,46,0.087,0.1875,78.8,26.0,57.7,1014.2,0.0,13.0,8.1,243.0,SW,12.4,10.27,13.03
