game_pk,game_date,season,away_team,game_start,start_hour,home_runs_scored,away_runs_scored,total_runs,home_runs_hit,strikeouts,walks,hits,total_pitches,avg_exit_velocity,n_barrels,n_bbe,barrel_rate,hr_h_ratio,temp_f,temp_c,rhum,pres,prcp,wspd,wspd_mph,wdir,wind_dir_bucket,wind_cf,wind_lcf,wind_rcf
413692,2015-04-09,2015,SF,2015-04-09 15:40:00,15,0,1,1,0,12,10,13,335,83.5,1,69,0.0145,0.0,65.3,18.5,53.7,1012.7,0.0,12.5,7.7,251.0,W,4.06,-0.22,7.85
413706,2015-04-10,2015,SF,2015-04-10 19:10:00,19,1,0,1,0,13,7,10,223,89.3,1,40,0.025,0.0,59.5,15.3,71.7,1014.7,0.0,5.3,3.3,277.3,W,-0.68,-2.45,1.17
413721,2015-04-11,2015,SF,2015-04-11 17:40:00,17,10,2,12,1,17,3,25,316,87.0,1,59,0.0169,0.04,63.6,17.6,57.3,1011.6,0.0,8.3,5.2,266.7,W,0.48,-2.38,3.29
413736,2015-04-12,2015,SF,2015-04-12 13:10:00,13,6,4,10,3,18,8,16,287,85.8,2,47,0.0426,0.1875,68.4,20.2,52.7,1012.4,0.0,11.7,7.3,246.3,SW,4.71,0.75,8.1
413742,2015-04-13,2015,AZ,2015-04-13 19:10:00,19,4,8,12,1,18,5,21,318,84.6,2,56,0.0357,0.0476,60.1,15.6,85.0,1017.0,0.0,5.0,3.1,285.7,W,-1.34,-2.9,0.38
413756,2015-04-14,2015,AZ,2015-04-14 19:10:00,19,5,1,6,1,12,6,11,233,85.8,1,48,0.0208,0.0909,61.2,16.2,78.7,1014.5,0.0,6.1,3.8,316.3,NW,-4.39,-5.56,-2.69
413769,2015-04-15,2015,AZ,2015-04-15 18:10:00,18,3,2,5,2,13,3,18,240,87.0,2,50,0.04,0.1111,65.1,18.4,66.3,1011.6,0.0,6.5,4.0,264.0,W,0.68,-1.57,2.85
413891,2015-04-24,2015,LAD,2015-04-24 19:10:00,19,0,3,3,1,15,5,14,277,81.1,3,50,0.06,0.0714,59.8,15.5,74.0,1015.3,0.0,9.2,5.7,221.3,SW,6.91,4.41,8.57
413906,2015-04-25,2015,LAD,2015-04-25 17:40:00,17,8,11,19,7,14,8,21,360,87.4,4,60,0.0667,0.3333,60.7,16.0,82.7,1012.2,2.9,25.2,15.7,266.0,W,1.76,-6.95,10.27
413921,2015-04-26,2015,LAD,2015-04-26 13:10:00,13,3,1,4,3,14,3,10,250,87.0,3,44,0.0682,0.3,67.0,19.5,60.0,1013.1,0.0,14.7,9.1,270.3,W,-0.09,-5.1,4.94
413933,2015-04-27,2015,HOU,2015-04-27 19:10:00,19,4,9,13,3,20,5,20,330,82.9,1,54,0.0185,0.15,67.2,19.6,65.3,1012.9,0.0,8.3,5.2,356.0,N,-8.28,-7.98,-7.58
413948,2015-04-28,2015,HOU,2015-04-28 19:10:00,19,3,14,17,5,23,6,23,328,88.0,5,55,0.0909,0.2174,68.4,20.2,62.0,1012.5,0.0,3.6,2.3,323.5,NW,-2.92,-3.48,-2.01
413963,2015-04-29,2015,HOU,2015-04-29 12:40:00,12,2,7,9,1,14,3,12,286,86.2,2,54,0.037,0.0833,82.4,28.0,33.0,1009.4,0.0,18.1,11.2,287.0,W,-5.29,-10.89,0.95
413986,2015-05-01,2015,COL,2015-05-01 19:10:00,19,14,3,17,2,13,7,20,323,85.9,0,59,0.0,0.1,67.2,19.6,73.0,1010.3,0.0,10.4,6.4,302.7,NW,-5.6,-8.24,-2.27
414001,2015-05-02,2015,COL,2015-05-02 17:40:00,17,4,2,6,1,18,5,15,287,85.9,1,47,0.0213,0.0667,65.1,18.4,73.0,1010.2,0.0,9.9,6.1,254.0,W,2.72,-0.69,5.8
414016,2015-05-03,2015,COL,2015-05-03 13:10:00,13,8,6,14,7,16,2,18,287,89.9,5,52,0.0962,0.3889,68.0,20.0,60.3,1010.7,0.0,14.2,8.8,271.7,W,-0.41,-5.23,4.46
414174,2015-05-14,2015,WSH,2015-05-14 19:10:00,19,8,3,11,3,18,6,21,284,88.2,3,53,0.0566,0.1429,57.3,14.0,88.3,1011.7,2.1,13.5,8.4,203.3,SW,12.37,9.8,13.44
414189,2015-05-15,2015,WSH,2015-05-15 19:10:00,19,0,10,10,1,13,4,23,305,88.1,0,60,0.0,0.0435,58.7,14.8,79.7,1011.8,0.0,11.6,7.2,297.7,NW,-5.39,-8.58,-1.55
414204,2015-05-16,2015,WSH,2015-05-16 17:40:00,17,1,4,5,0,21,7,16,288,87.9,0,45,0.0,0.0,61.1,16.2,73.3,1015.4,0.0,8.3,5.2,233.7,SW,4.94,2.34,6.94
414219,2015-05-17,2015,WSH,2015-05-17 13:10:00,13,5,10,15,5,19,7,15,300,85.5,3,50,0.06,0.3333,65.7,18.7,64.3,1015.1,0.0,13.9,8.7,233.3,SW,8.32,4.0,11.64
414229,2015-05-19,2015,CHC,2015-05-19 19:10:00,19,4,3,7,3,24,1,12,276,83.1,3,41,0.0732,0.25,59.3,15.2,77.7,1014.6,0.0,5.0,3.1,270.7,W,-0.06,-1.78,1.67
414244,2015-05-20,2015,CHC,2015-05-20 19:10:00,19,2,3,5,1,25,9,11,293,87.6,1,37,0.027,0.0909,59.4,15.2,67.7,1013.6,0.0,7.7,4.8,225.7,SW,5.4,3.19,6.97
414259,2015-05-21,2015,CHC,2015-05-21 18:10:00,18,0,3,3,2,15,2,12,247,83.2,2,49,0.0408,0.1667,60.3,15.7,64.0,1014.3,0.0,12.7,7.9,242.7,SW,5.83,1.62,9.34
414364,2015-05-28,2015,PIT,2015-05-28 19:10:00,19,5,11,16,3,18,5,24,307,89.9,4,59,0.0678,0.125,61.3,16.3,82.7,1013.1,0.0,4.2,2.6,278.3,W,-0.61,-2.01,0.86
414376,2015-05-29,2015,PIT,2015-05-29 19:10:00,19,6,2,8,1,22,8,13,292,88.3,2,44,0.0455,0.0769,63.3,17.4,76.7,1012.1,0.0,4.3,2.7,279.7,W,-0.72,-2.13,0.77
414391,2015-05-30,2015,PIT,2015-05-30 19:10:00,19,2,5,7,0,14,5,14,271,86.1,2,54,0.037,0.0,63.1,17.3,79.7,1011.9,0.0,5.2,3.2,258.3,W,1.05,-0.75,2.73
414406,2015-05-31,2015,PIT,2015-05-31 18:10:00,18,7,1,8,2,13,4,21,285,86.4,1,60,0.0167,0.0952,62.4,16.9,79.3,1012.1,0.0,7.7,4.8,272.0,W,-0.27,-2.87,2.37
414417,2015-06-01,2015,NYM,2015-06-01 19:10:00,19,0,7,7,1,25,1,15,266,89.5,0,41,0.0,0.0667,62.2,16.8,81.0,1014.4,0.0,7.4,4.6,298.7,NW,-3.53,-5.53,-1.11
414431,2015-06-02,2015,NYM,2015-06-02 19:10:00,19,7,2,9,1,25,4,22,292,87.7,0,46,0.0,0.0455,62.4,16.9,80.3,1013.1,0.0,6.0,3.7,284.3,W,-1.48,-3.37,0.59
414446,2015-06-03,2015,NYM,2015-06-03 18:10:00,18,7,3,10,0,11,4,19,255,83.5,0,59,0.0,0.0,63.1,17.3,75.7,1011.1,0.0,7.4,4.6,265.0,W,0.64,-1.91,3.11
414560,2015-06-12,2015,LAD,2015-06-12 19:10:00,19,3,4,7,2,22,7,18,323,83.1,1,47,0.0213,0.1111,64.0,17.8,81.7,1009.2,0.0,7.3,4.5,224.2,SW,5.21,3.16,6.63
414575,2015-06-13,2015,LAD,2015-06-13 19:10:00,19,2,1,3,2,13,2,13,224,83.8,1,46,0.0217,0.1538,64.8,18.2,77.3,1008.3,0.0,4.6,2.9,253.0,W,1.35,-0.24,2.79
414590,2015-06-14,2015,LAD,2015-06-14 13:10:00,13,2,4,6,1,27,11,21,363,87.8,3,61,0.0492,0.0476,71.8,22.1,62.7,1007.4,0.0,11.7,7.3,264.3,W,1.16,-2.9,5.07
414608,2015-06-15,2015,ATH,2015-06-15 19:10:00,19,1,9,10,1,17,10,18,325,86.3,0,56,0.0,0.0556,64.6,18.1,86.3,1010.0,0.0,5.0,3.1,285.3,W,-1.32,-2.89,0.41
414623,2015-06-16,2015,ATH,2015-06-16 12:40:00,12,5,6,11,3,17,7,17,282,86.1,2,50,0.04,0.1765,71.6,22.0,71.0,1011.9,0.0,11.8,7.3,251.3,W,3.76,-0.28,7.35
414751,2015-06-26,2015,AZ,2015-06-26 19:10:00,19,4,2,6,0,15,6,10,267,84.6,1,43,0.0233,0.0,66.9,19.4,82.0,1012.9,0.0,7.5,4.6,294.3,NW,-3.08,-5.22,-0.56
414766,2015-06-27,2015,AZ,2015-06-27 19:10:00,19,7,2,9,1,16,1,23,270,84.8,1,55,0.0182,0.0435,67.7,19.8,84.0,1011.9,0.0,6.8,4.2,320.3,NW,-5.23,-6.4,-3.43
414781,2015-06-28,2015,AZ,2015-06-28 13:10:00,13,4,6,10,6,11,2,11,251,87.1,5,55,0.0909,0.5455,74.7,23.7,65.7,1011.1,1.5,11.2,6.9,293.3,NW,-4.42,-7.66,-0.65
414816,2015-06-30,2015,SEA,2015-06-30 19:10:00,19,0,5,5,2,15,5,8,252,88.1,3,46,0.0652,0.25,70.6,21.5,84.3,1009.3,0.0,8.6,5.3,238.3,SW,4.51,1.74,6.73
414831,2015-07-01,2015,SEA,2015-07-01 12:40:00,12,0,7,7,2,20,6,12,295,89.3,1,45,0.0222,0.1667,77.8,25.5,71.0,1012.2,0.0,6.9,4.3,246.1,SW,2.8,0.47,4.79
414993,2015-07-17,2015,COL,2015-07-17 19:10:00,19,4,2,6,4,22,8,15,309,88.5,4,38,0.1053,0.2667,68.9,20.5,74.7,1009.7,0.0,5.3,3.3,287.3,W,-1.58,-3.21,0.25
415008,2015-07-18,2015,COL,2015-07-18 17:40:00,17,5,4,9,3,18,6,13,263,87.0,3,43,0.0698,0.2308,78.9,26.0,84.0,1012.1,0.0,9.9,6.2,23.0,NE,-9.11,-7.24,-9.89
415041,2015-07-20,2015,SF,2015-07-20 19:10:00,19,4,2,6,2,14,5,17,301,89.1,5,52,0.0962,0.1176,71.1,21.7,89.7,1013.8,0.0,4.8,3.0,234.2,SW,2.81,1.31,3.97
415054,2015-07-21,2015,SF,2015-07-21 19:10:00,19,3,9,12,3,13,5,13,293,86.3,5,51,0.098,0.2308,70.8,21.6,89.7,1010.8,0.1,6.5,4.1,283.3,W,-1.51,-3.59,0.76
415069,2015-07-22,2015,SF,2015-07-22 12:40:00,12,1,7,8,3,18,9,17,333,89.4,3,51,0.0588,0.1765,77.1,25.0,71.0,1010.7,0.0,11.2,7.0,249.7,W,3.9,0.06,7.27
415078,2015-07-23,2015,MIA,2015-07-23 19:10:00,19,0,4,4,0,18,5,13,277,84.9,0,46,0.0,0.0,70.3,21.3,87.7,1014.6,0.0,5.3,3.3,282.7,W,-1.16,-2.86,0.68
415091,2015-07-24,2015,MIA,2015-07-24 19:10:00,19,3,1,4,3,12,3,13,262,85.5,4,51,0.0784,0.2308,71.1,21.7,89.3,1015.4,0.0,5.9,3.6,290.7,W,-2.07,-3.82,-0.07
415106,2015-07-25,2015,MIA,2015-07-25 17:40:00,17,3,1,4,1,19,3,16,267,88.1,1,47,0.0213,0.0625,77.1,25.1,70.3,1011.9,0.0,10.0,6.2,300.7,NW,-5.12,-7.76,-1.86
415121,2015-07-26,2015,MIA,2015-07-26 13:10:00,13,3,2,5,2,13,3,11,253,85.5,3,49,0.0612,0.1818,78.2,25.7,55.0,1012.2,0.0,14.4,9.0,269.3,W,0.17,-4.78,5.09
415287,2015-08-07,2015,PHI,2015-08-07 19:10:00,19,3,4,7,4,27,6,19,381,86.9,4,63,0.0635,0.2105,66.9,19.4,76.7,1011.6,0.0,8.2,5.1,266.7,W,0.47,-2.34,3.23
415302,2015-08-08,2015,PHI,2015-08-08 17:40:00,17,2,4,6,0,16,3,16,273,88.3,2,50,0.04,0.0,70.3,21.3,65.3,1012.0,0.0,9.7,6.0,278.7,W,-1.47,-4.67,1.91
415317,2015-08-09,2015,PHI,2015-08-09 13:10:00,13,3,5,8,2,15,1,20,291,88.5,3,60,0.05,0.1,72.9,22.7,61.3,1012.6,0.0,12.8,8.0,263.3,W,1.49,-2.96,5.76
415324,2015-08-10,2015,CIN,2015-08-10 19:10:00,19,2,1,3,2,15,11,11,293,84.3,2,46,0.0435,0.1818,67.4,19.7,68.7,1011.5,0.0,8.8,5.4,291.3,W,-3.19,-5.79,-0.2
415333,2015-08-11,2015,CIN,2015-08-11 19:10:00,19,11,6,17,3,12,7,22,292,89.9,5,60,0.0833,0.1364,67.9,19.9,74.7,1012.1,0.0,6.0,3.7,289.7,W,-2.01,-3.81,0.03
415348,2015-08-12,2015,CIN,2015-08-12 12:40:00,12,3,7,10,2,22,6,14,297,85.0,3,43,0.0698,0.1429,77.7,25.4,55.3,1013.0,0.0,16.5,10.3,291.3,W,-6.01,-10.92,-0.38
415414,2015-08-17,2015,ATL,2015-08-17 19:10:00,19,5,3,8,3,13,6,16,281,87.1,5,49,0.102,0.1875,71.9,22.2,81.3,1011.8,0.0,5.0,3.1,230.7,SW,3.15,1.64,4.27
415424,2015-08-18,2015,ATL,2015-08-18 19:10:00,19,9,0,9,3,10,9,21,309,89.4,4,57,0.0702,0.1429,69.4,20.8,79.7,1011.2,0.0,5.1,3.1,267.3,W,0.24,-1.51,1.95
415439,2015-08-19,2015,ATL,2015-08-19 12:40:00,12,3,2,5,1,19,6,16,272,85.6,0,44,0.0,0.0625,76.5,24.7,58.0,1011.3,0.0,13.8,8.6,265.3,W,1.12,-3.66,5.77
415475,2015-08-21,2015,STL,2015-08-21 19:10:00,19,9,3,12,3,20,6,21,316,88.4,3,52,0.0577,0.1429,67.9,19.9,80.7,1010.5,0.0,6.7,4.2,280.7,W,-1.24,-3.42,1.09
415490,2015-08-22,2015,STL,2015-08-22 17:40:00,17,8,0,8,0,24,4,20,293,85.3,1,48,0.0208,0.0,71.4,21.9,73.0,1010.6,0.0,8.6,5.3,288.7,W,-2.75,-5.37,0.2
415505,2015-08-23,2015,STL,2015-08-23 13:10:00,13,3,10,13,2,14,6,22,369,85.8,2,62,0.0323,0.0909,77.4,25.2,60.3,1012.3,0.0,12.9,8.0,280.0,W,-2.25,-6.47,2.25
415613,2015-08-31,2015,TEX,2015-08-31 19:10:00,19,7,0,7,0,9,4,15,264,87.0,2,58,0.0345,0.0,69.0,20.5,75.0,1011.2,0.0,6.8,4.2,196.3,S,6.53,5.48,6.79
415628,2015-09-01,2015,TEX,2015-09-01 19:10:00,19,6,8,14,2,13,5,26,341,88.5,2,67,0.0299,0.0769,69.0,20.5,77.0,1012.8,0.0,4.7,2.9,265.7,W,0.36,-1.27,1.94
415643,2015-09-02,2015,TEX,2015-09-02 19:10:00,19,3,4,7,1,27,8,17,332,87.3,1,49,0.0204,0.0588,68.1,20.0,74.0,1012.2,0.0,6.4,4.0,266.7,W,0.37,-1.84,2.53
415648,2015-09-03,2015,LAD,2015-09-03 19:10:00,19,10,7,17,2,15,5,24,282,88.4,2,58,0.0345,0.0833,66.9,19.4,74.7,1010.1,0.0,7.4,4.6,264.3,W,0.73,-1.83,3.21
415656,2015-09-04,2015,LAD,2015-09-04 19:10:00,19,4,8,12,8,22,11,14,338,86.5,9,46,0.1957,0.5714,67.9,19.9,71.0,1010.2,0.0,7.1,4.4,282.0,W,-1.48,-3.78,0.99
415671,2015-09-05,2015,LAD,2015-09-05 17:40:00,17,0,2,2,0,14,9,11,277,85.6,1,50,0.02,0.0,71.3,21.8,63.7,1010.8,0.0,8.0,5.0,270.7,W,-0.09,-2.81,2.64
415686,2015-09-06,2015,LAD,2015-09-06 13:10:00,13,1,5,6,1,18,11,13,324,88.6,3,47,0.0638,0.0769,81.3,27.4,53.0,1010.7,0.0,12.2,7.6,268.0,W,0.42,-3.76,4.55
415700,2015-09-07,2015,COL,2015-09-07 13:10:00,13,4,6,10,2,28,4,20,293,87.4,2,42,0.0476,0.1,85.2,29.5,52.3,1009.2,0.0,15.0,9.3,279.0,W,-2.34,-7.26,2.86
415715,2015-09-08,2015,COL,2015-09-08 19:10:00,19,2,1,3,2,14,7,10,258,89.7,5,47,0.1064,0.2,78.3,25.7,71.0,1008.5,0.0,7.2,4.5,339.7,N,-6.72,-7.17,-5.47
415730,2015-09-09,2015,COL,2015-09-09 18:10:00,18,11,4,15,3,10,7,28,321,87.5,4,64,0.0625,0.1071,83.0,28.3,65.0,1008.4,0.0,7.1,4.4,195.3,S,6.88,5.82,7.11
415023,2015-09-10,2015,COL,2015-07-19 13:10:00,13,3,4,7,5,23,3,11,262,85.0,5,41,0.122,0.4545,79.9,26.6,78.7,1016.0,2.6,6.5,4.0,250.7,W,2.14,-0.07,4.1
415911,2015-09-22,2015,SF,2015-09-22 19:10:00,19,2,4,6,3,27,9,14,334,84.3,2,37,0.0541,0.2143,72.1,22.3,83.3,1012.0,0.0,4.0,2.5,313.1,NW,-2.73,-3.57,-1.57
415926,2015-09-23,2015,SF,2015-09-23 19:10:00,19,5,4,9,1,16,10,15,319,82.5,1,51,0.0196,0.0667,72.4,22.5,77.7,1009.9,0.0,5.5,3.4,318.0,NW,-4.06,-5.07,-2.57
415937,2015-09-24,2015,SF,2015-09-24 18:10:00,18,5,4,9,2,17,8,19,295,86.2,1,51,0.0196,0.1053,75.0,23.9,75.3,1010.3,0.0,4.2,2.6,248.7,W,1.53,0.1,2.77
415940,2015-09-25,2015,AZ,2015-09-25 19:10:00,19,3,6,9,1,10,5,12,276,86.4,1,56,0.0179,0.0833,76.3,24.6,76.0,1009.9,0.0,5.4,3.3,294.3,NW,-2.21,-3.75,-0.41
415955,2015-09-26,2015,AZ,2015-09-26 17:40:00,17,3,0,3,0,15,3,11,245,88.4,0,46,0.0,0.0,77.7,25.4,67.0,1007.4,0.0,4.7,2.9,289.0,W,-1.52,-2.94,0.08
415970,2015-09-27,2015,AZ,2015-09-27 13:10:00,13,2,4,6,3,22,12,14,315,87.1,2,43,0.0465,0.2143,82.9,28.3,59.3,1007.7,0.0,12.7,7.9,264.7,W,1.18,-3.21,5.42
416001,2015-09-29,2015,MIL,2015-09-29 19:10:00,19,3,4,7,1,22,6,16,280,85.9,3,44,0.0682,0.0625,71.7,22.1,81.0,1010.2,0.0,5.8,3.6,334.0,NW,-5.21,-5.77,-4.03
416016,2015-09-30,2015,MIL,2015-09-30 19:10:00,19,0,5,5,0,20,7,19,290,84.3,0,47,0.0,0.0,73.5,23.1,78.0,1009.3,0.0,1.6,1.0,298.7,NW,-0.77,-1.2,-0.24
416030,2015-10-01,2015,MIL,2015-10-01 15:40:00,15,3,1,4,2,21,7,13,298,86.8,1,38,0.0263,0.1538,78.2,25.7,59.7,1011.3,0.0,12.6,7.8,269.7,W,0.08,-4.24,4.38
446871,2016-04-04,2016,LAD,2016-04-04 16:05:00,16,0,15,15,0,20,6,21,319,84.6,1,54,0.0185,0.0,68.4,20.2,59.7,1016.0,0.0,12.1,7.5,293.7,NW,-4.86,-8.35,-0.77
446884,2016-04-05,2016,LAD,2016-04-05 19:10:00,19,0,3,3,0,21,2,8,247,82.9,0,41,0.0,0.0,62.8,17.1,77.3,1016.9,0.0,3.4,2.1,202.6,SW,3.17,2.53,3.43
446894,2016-04-06,2016,LAD,2016-04-06 18:10:00,18,0,7,7,2,16,3,16,292,80.0,1,53,0.0189,0.125,63.4,17.5,73.7,1017.7,0.0,2.4,1.5,75.4,E,-0.61,0.23,-1.38
447007,2016-04-15,2016,AZ,2016-04-15 19:40:00,19,2,3,5,1,15,7,16,256,83.3,1,51,0.0196,0.0625,60.9,16.1,76.0,1011.8,0.0,5.3,3.3,33.0,NE,-4.44,-3.19,-5.16
447022,2016-04-16,2016,AZ,2016-04-16 17:40:00,17,5,3,8,2,31,9,25,471,83.0,3,76,0.0395,0.08,67.8,19.9,45.7,1013.8,0.0,8.7,5.4,323.2,NW,-7.0,-8.36,-4.79
447037,2016-04-17,2016,AZ,2016-04-17 13:40:00,13,3,7,10,4,15,4,17,248,84.0,4,53,0.0755,0.2353,81.7,27.6,23.3,1012.9,0.0,11.9,7.4,303.6,NW,-6.59,-9.58,-2.8
447069,2016-04-19,2016,PIT,2016-04-19 19:10:00,19,5,4,9,3,20,12,20,365,83.7,4,49,0.0816,0.15,70.2,21.2,49.3,1011.9,0.0,4.3,2.7,8.9,N,-4.25,-3.77,-4.22
447084,2016-04-20,2016,PIT,2016-04-20 19:10:00,19,8,2,10,1,17,9,20,310,84.7,1,51,0.0196,0.05,67.5,19.7,55.0,1011.8,0.0,5.0,3.1,321.0,NW,-3.86,-4.7,-2.56
447098,2016-04-21,2016,PIT,2016-04-21 18:10:00,18,1,11,12,0,17,5,16,319,83.4,2,53,0.0377,0.0,63.0,17.2,80.0,1011.4,0.0,10.3,6.4,294.3,NW,-4.24,-7.2,-0.78
447115,2016-04-22,2016,STL,2016-04-22 19:40:00,19,4,1,5,2,10,3,15,252,82.0,3,54,0.0556,0.1333,61.6,16.5,79.3,1015.8,0.0,13.4,8.3,307.0,NW,-8.06,-11.24,-3.92
447130,2016-04-23,2016,STL,2016-04-23 17:40:00,17,2,11,13,3,8,9,21,310,83.9,6,64,0.0938,0.1429,65.2,18.4,58.0,1013.7,0.0,11.9,7.4,308.7,NW,-7.41,-10.14,-3.8
447145,2016-04-24,2016,STL,2016-04-24 13:40:00,13,5,8,13,3,18,7,23,356,82.8,3,60,0.05,0.1304,67.0,19.5,59.3,1011.7,0.0,20.4,12.7,209.0,SW,17.81,13.36,20.12
447246,2016-05-02,2016,COL,2016-05-02 19:10:00,19,2,1,3,0,23,6,15,286,82.6,1,38,0.0263,0.0,60.1,15.6,83.7,1014.5,0.0,6.1,3.8,291.7,W,-2.25,-4.06,-0.18
447258,2016-05-03,2016,COL,2016-05-03 19:10:00,19,6,3,9,3,16,4,14,269,84.5,4,46,0.087,0.2143,60.9,16.0,80.7,1013.2,0.0,6.7,4.2,268.0,W,0.23,-2.07,2.51
447273,2016-05-04,2016,COL,2016-05-04 12:40:00,12,0,2,2,0,13,5,11,246,80.9,3,48,0.0625,0.0,65.1,18.4,65.3,1012.3,0.0,14.6,9.1,255.4,W,3.69,-1.36,8.3
447289,2016-05-05,2016,NYM,2016-05-05 19:10:00,19,5,3,8,4,12,4,15,267,86.3,6,53,0.1132,0.2667,60.9,16.1,75.0,1010.7,0.9,8.6,5.4,251.7,W,2.72,-0.25,5.36
447302,2016-05-06,2016,NYM,2016-05-06 19:40:00,19,2,0,2,0,17,7,11,294,84.9,0,42,0.0,0.0,59.4,15.2,85.7,1012.7,0.9,7.2,4.5,241.3,SW,3.47,1.09,5.43
447317,2016-05-07,2016,NYM,2016-05-07 17:40:00,17,3,6,9,5,20,8,17,283,86.9,3,50,0.06,0.2941,62.8,17.1,71.0,1013.2,0.1,10.7,6.6,276.0,W,-1.12,-4.69,2.59
447332,2016-05-08,2016,NYM,2016-05-08 13:40:00,13,3,4,7,2,17,6,19,332,78.0,3,54,0.0556,0.1053,65.4,18.5,67.7,1013.2,0.1,13.8,8.6,268.0,W,0.48,-4.27,5.17
447454,2016-05-17,2016,SF,2016-05-17 19:10:00,19,1,5,6,2,15,3,15,264,85.3,4,54,0.0741,0.1333,61.9,16.6,80.7,1013.3,0.0,7.0,4.4,261.0,W,1.1,-1.35,3.41
447469,2016-05-18,2016,SF,2016-05-18 19:10:00,19,1,2,3,1,15,4,8,261,80.7,0,48,0.0,0.125,62.4,16.9,79.0,1013.5,0.0,5.4,3.4,243.6,SW,2.41,0.6,3.93
447482,2016-05-19,2016,SF,2016-05-19 18:10:00,18,1,3,4,1,19,2,13,273,86.8,1,48,0.0208,0.0769,61.8,16.6,79.0,1009.6,0.0,8.6,5.3,254.0,W,2.37,-0.6,5.05
447493,2016-05-20,2016,LAD,2016-05-20 19:40:00,19,7,6,13,5,15,13,18,334,81.1,8,53,0.1509,0.2778,59.8,15.4,63.0,1013.2,0.0,11.8,7.3,236.3,SW,6.54,2.79,9.51
447508,2016-05-21,2016,LAD,2016-05-21 19:10:00,19,3,2,5,1,32,8,9,329,80.6,2,41,0.0488,0.1111,60.4,15.8,58.7,1016.9,0.0,8.9,5.6,274.7,W,-0.73,-3.73,2.36
447523,2016-05-22,2016,LAD,2016-05-22 13:40:00,13,5,9,14,2,21,13,25,525,84.3,4,103,0.0388,0.08,67.8,19.9,51.3,1014.7,0.0,15.8,9.8,266.0,W,1.11,-4.36,6.44
447664,2016-06-01,2016,SEA,2016-06-01 19:10:00,19,14,6,20,5,20,5,33,352,83.7,4,65,0.0615,0.1515,62.4,16.9,84.3,1013.1,0.0,4.7,2.9,242.7,SW,2.14,0.6,3.43
447677,2016-06-02,2016,SEA,2016-06-02 18:10:00,18,13,16,29,2,18,5,36,366,85.2,2,72,0.0278,0.0556,66.8,19.3,82.3,1012.7,0.0,5.0,3.1,263.7,W,0.55,-1.17,2.2
447682,2016-06-03,2016,COL,2016-06-03 19:40:00,19,4,0,4,1,13,5,6,240,80.0,1,45,0.0222,0.1667,66.9,19.4,88.7,1012.6,0.0,6.1,3.8,304.0,NW,-3.43,-4.96,-1.49
447697,2016-06-04,2016,COL,2016-06-04 19:10:00,19,4,3,7,3,14,6,21,294,83.3,3,55,0.0545,0.1429,65.1,18.4,82.7,1012.2,0.0,6.8,4.2,297.7,NW,-3.14,-5.0,-0.9
447712,2016-06-05,2016,COL,2016-06-05 18:10:00,18,3,10,13,5,21,4,16,280,84.8,6,48,0.125,0.3125,63.3,17.4,79.3,1009.6,0.0,9.9,6.2,291.0,W,-3.55,-6.49,-0.17
447724,2016-06-06,2016,ATL,2016-06-06 19:10:00,19,7,2,9,1,16,3,20,281,83.5,1,56,0.0179,0.05,62.0,16.7,82.7,1010.0,0.0,7.7,4.8,290.0,W,-2.62,-4.93,0.0
447734,2016-06-07,2016,ATL,2016-06-07 19:10:00,19,4,3,7,1,11,6,16,264,83.6,1,54,0.0185,0.0625,61.7,16.5,80.7,1011.3,0.0,6.1,3.8,283.6,W,-1.45,-3.4,0.68
447749,2016-06-08,2016,ATL,2016-06-08 12:40:00,12,2,4,6,2,19,5,19,285,83.5,4,53,0.0755,0.1053,67.7,19.8,69.3,1010.5,0.0,11.6,7.2,256.1,W,2.8,-1.23,6.49
447822,2016-06-13,2016,MIA,2016-06-13 19:10:00,19,4,13,17,5,22,8,26,324,84.3,5,57,0.0877,0.1923,62.8,17.1,79.7,1015.8,0.0,10.1,6.3,314.7,NW,-7.12,-9.16,-4.23
447834,2016-06-14,2016,MIA,2016-06-14 19:10:00,19,2,5,7,1,18,7,13,301,82.4,0,49,0.0,0.0769,62.3,16.8,80.7,1012.4,0.0,6.1,3.8,271.0,W,-0.11,-2.2,2.0
447849,2016-06-15,2016,MIA,2016-06-15 12:40:00,12,6,3,9,1,11,3,22,271,83.9,1,60,0.0167,0.0455,68.4,20.2,57.0,1014.9,0.0,15.1,9.4,246.7,SW,5.98,0.88,10.36
447866,2016-06-16,2016,WSH,2016-06-16 19:10:00,19,5,8,13,4,13,9,19,334,85.6,4,60,0.0667,0.2105,65.7,18.7,74.7,1014.3,0.0,8.8,5.4,317.0,NW,-6.41,-8.07,-3.98
447881,2016-06-17,2016,WSH,2016-06-17 19:40:00,19,5,7,12,3,15,7,20,301,83.8,4,57,0.0702,0.15,68.2,20.1,74.0,1014.5,0.0,6.6,4.1,314.0,NW,-4.56,-5.9,-2.67
447896,2016-06-18,2016,WSH,2016-06-18 19:10:00,19,7,3,10,1,20,5,17,288,81.1,1,46,0.0217,0.0588,70.9,21.6,73.0,1013.1,0.0,9.0,5.6,332.0,NW,-7.95,-8.91,-6.02
447911,2016-06-19,2016,WSH,2016-06-19 13:40:00,13,6,3,9,3,19,5,17,279,84.1,3,44,0.0682,0.1765,87.3,30.7,34.0,1009.4,0.0,20.1,12.5,300.3,NW,-10.17,-15.5,-3.61
448016,2016-06-28,2016,BAL,2016-06-28 19:10:00,19,7,11,18,5,16,9,25,334,83.5,6,61,0.0984,0.2,70.8,21.5,79.0,1012.0,0.0,6.5,4.0,301.7,NW,-3.4,-5.07,-1.31
448031,2016-06-29,2016,BAL,2016-06-29 12:40:00,12,6,12,18,2,18,10,20,304,82.6,1,56,0.0179,0.1,76.9,25.0,60.7,1011.0,0.0,13.5,8.4,266.7,W,0.78,-3.87,5.35
448068,2016-07-01,2016,NYY,2016-07-01 19:40:00,19,7,6,13,3,14,7,15,295,81.2,3,50,0.06,0.2,65.0,18.3,76.3,1012.7,0.0,8.3,5.2,225.6,SW,5.83,3.44,7.51
448083,2016-07-02,2016,NYY,2016-07-02 19:10:00,19,2,1,3,1,18,4,13,246,80.7,1,43,0.0233,0.0769,65.5,18.6,77.7,1015.1,0.0,5.6,3.5,259.0,W,1.07,-0.88,2.9
448098,2016-07-03,2016,NYY,2016-07-03 13:40:00,13,3,6,9,5,18,5,18,285,83.0,2,53,0.0377,0.2778,72.3,22.4,64.7,1016.0,0.0,11.6,7.2,265.3,W,0.94,-3.06,4.83
448215,2016-07-15,2016,SF,2016-07-15 19:40:00,19,4,1,5,2,21,2,12,254,80.8,3,39,0.0769,0.1667,65.5,18.6,87.7,1011.7,0.0,7.5,4.7,257.7,W,1.61,-1.0,4.03
448230,2016-07-16,2016,SF,2016-07-16 17:40:00,17,6,6,12,6,15,8,24,361,82.1,3,64,0.0469,0.25,68.7,20.4,76.3,1010.6,0.0,9.1,5.7,279.7,W,-1.53,-4.52,1.64
448245,2016-07-17,2016,SF,2016-07-17 13:40:00,13,5,3,8,4,14,10,12,296,79.9,3,50,0.06,0.3333,74.1,23.4,64.7,1013.0,0.0,13.0,8.1,260.3,W,2.19,-2.34,6.45
448397,2016-07-29,2016,CIN,2016-07-29 19:40:00,19,0,6,6,0,18,10,17,301,84.2,2,49,0.0408,0.0,71.8,22.1,79.3,1009.0,0.0,7.8,4.8,235.3,SW,4.42,1.97,6.34
448412,2016-07-30,2016,CIN,2016-07-30 17:40:00,17,2,1,3,1,15,3,11,265,82.4,2,51,0.0392,0.0909,74.2,23.5,75.0,1009.1,0.0,7.1,4.4,248.7,W,2.57,0.16,4.67
448427,2016-07-31,2016,CIN,2016-07-31 13:40:00,13,2,3,5,1,19,6,14,297,80.4,1,48,0.0208,0.0714,79.7,26.5,60.0,1011.2,0.0,13.8,8.6,234.3,SW,8.05,3.73,11.4
448441,2016-08-01,2016,MIL,2016-08-01 19:10:00,19,7,3,10,2,15,15,16,344,82.5,2,48,0.0417,0.125,70.5,21.4,80.0,1013.9,0.0,6.6,4.1,276.0,W,-0.69,-2.91,1.6
448451,2016-08-02,2016,MIL,2016-08-02 19:10:00,19,2,3,5,1,15,6,17,263,82.5,2,52,0.0385,0.0588,69.8,21.0,79.3,1014.7,0.0,6.4,4.0,261.7,W,0.93,-1.3,3.05
448466,2016-08-03,2016,MIL,2016-08-03 12:40:00,12,12,3,15,3,14,5,23,295,84.4,3,60,0.05,0.1304,75.6,24.2,66.0,1013.3,0.0,12.9,8.0,257.0,W,2.89,-1.57,7.01
448499,2016-08-05,2016,PHI,2016-08-05 19:40:00,19,4,5,9,3,10,3,16,265,83.5,2,58,0.0345,0.1875,68.9,20.5,82.0,1010.0,0.0,7.8,4.8,278.7,W,-1.17,-3.73,1.53
448514,2016-08-06,2016,PHI,2016-08-06 17:40:00,17,9,7,16,2,14,5,23,309,86.8,5,60,0.0833,0.087,71.0,21.7,76.0,1008.2,0.0,9.4,5.8,279.0,W,-1.47,-4.56,1.79
448529,2016-08-07,2016,PHI,2016-08-07 13:40:00,13,5,6,11,3,18,3,19,299,82.7,1,53,0.0189,0.1579,74.7,23.7,64.0,1008.5,0.0,13.0,8.1,259.0,W,2.48,-2.03,6.7
448665,2016-08-18,2016,AZ,2016-08-18 19:10:00,19,9,8,17,1,11,11,26,331,84.2,4,64,0.0625,0.0385,68.3,20.2,76.7,1011.1,0.0,6.4,4.0,284.0,W,-1.55,-3.58,0.67
448677,2016-08-19,2016,AZ,2016-08-19 19:40:00,19,7,4,11,2,22,13,24,344,83.7,3,55,0.0545,0.0833,67.8,19.9,80.7,1012.0,0.0,6.8,4.2,293.3,NW,-2.68,-4.64,-0.39
448692,2016-08-20,2016,AZ,2016-08-20 17:40:00,17,1,2,3,1,21,7,7,271,84.4,2,40,0.05,0.1429,71.1,21.7,70.0,1009.9,0.0,12.6,7.8,306.0,NW,-7.39,-10.42,-3.46
448707,2016-08-21,2016,AZ,2016-08-21 13:40:00,13,9,1,10,2,15,3,16,264,83.1,3,51,0.0588,0.125,78.0,25.6,56.0,1010.4,0.0,15.8,9.8,288.7,W,-5.07,-9.89,0.37
448724,2016-08-22,2016,CHC,2016-08-22 19:10:00,19,1,5,6,3,16,7,17,322,83.3,1,52,0.0192,0.1765,67.9,19.9,84.0,1012.6,0.0,5.6,3.5,320.3,NW,-4.31,-5.27,-2.82
448733,2016-08-23,2016,CHC,2016-08-23 19:10:00,19,3,5,8,2,12,10,14,279,83.5,3,53,0.0566,0.1429,68.7,20.4,81.0,1015.7,0.0,4.6,2.8,294.0,NW,-1.86,-3.17,-0.32
448749,2016-08-24,2016,CHC,2016-08-24 12:40:00,12,3,6,9,1,24,3,16,288,84.8,3,47,0.0638,0.0625,77.7,25.4,55.3,1014.2,0.0,14.7,9.1,278.3,W,-2.13,-6.96,2.97
448912,2016-09-05,2016,BOS,2016-09-05 13:40:00,13,2,1,3,2,22,4,13,275,81.2,1,39,0.0256,0.1538,72.3,22.4,52.7,1007.6,0.0,11.8,7.4,242.3,SW,5.49,1.58,8.75
448927,2016-09-06,2016,BOS,2016-09-06 19:10:00,19,1,5,6,3,19,5,19,281,84.9,1,52,0.0192,0.1579,67.3,19.6,79.0,1009.3,0.0,5.3,3.3,310.3,NW,-3.41,-4.58,-1.83
448942,2016-09-07,2016,BOS,2016-09-07 18:10:00,18,2,7,9,3,17,4,16,279,83.3,4,53,0.0755,0.1875,67.6,19.8,78.7,1016.6,0.0,7.4,4.6,212.7,SW,6.23,4.49,7.22
448955,2016-09-08,2016,COL,2016-09-08 19:10:00,19,14,1,15,3,17,9,20,351,82.4,4,55,0.0727,0.15,66.7,19.3,84.3,1015.2,0.0,7.9,4.9,285.7,W,-2.12,-4.59,0.59
448966,2016-09-09,2016,COL,2016-09-09 19:40:00,19,1,4,5,2,16,5,14,275,83.6,2,48,0.0417,0.1429,67.0,19.5,85.7,1014.5,0.0,5.8,3.6,319.0,NW,-4.38,-5.41,-2.81
448981,2016-09-10,2016,COL,2016-09-10 17:40:00,17,6,3,9,0,16,5,12,262,82.8,2,47,0.0426,0.0,70.5,21.4,75.0,1015.0,0.0,9.7,6.0,296.7,NW,-4.34,-7.03,-1.12
448996,2016-09-11,2016,COL,2016-09-11 13:40:00,13,2,3,5,2,17,5,12,267,85.4,2,54,0.037,0.1667,75.4,24.1,65.3,1015.0,0.0,13.9,8.6,282.0,W,-2.88,-7.35,1.93
449106,2016-09-19,2016,AZ,2016-09-19 19:10:00,19,3,2,5,1,10,5,15,268,84.7,2,53,0.0377,0.0667,72.4,22.4,76.7,1014.5,0.0,7.8,4.8,53.3,NE,-4.64,-2.23,-6.49
449116,2016-09-20,2016,AZ,2016-09-20 19:10:00,19,5,2,7,2,17,7,8,279,85.1,1,42,0.0238,0.25,74.2,23.5,93.7,1012.4,0.4,3.2,2.0,351.7,N,-3.13,-3.1,-2.79
449131,2016-09-21,2016,AZ,2016-09-21 18:10:00,18,2,3,5,3,13,6,9,276,86.6,4,48,0.0833,0.3333,69.1,20.6,93.7,1010.6,0.0,7.0,4.3,254.0,W,1.93,-0.49,4.11
449155,2016-09-22,2016,SF,2016-09-22 19:10:00,19,1,2,3,1,20,3,12,263,86.2,2,46,0.0435,0.0833,63.3,17.4,82.7,1012.5,0.0,4.1,2.5,221.3,SW,3.08,1.97,3.82
449166,2016-09-23,2016,SF,2016-09-23 19:40:00,19,7,2,9,1,9,8,12,260,83.4,2,53,0.0377,0.0833,66.3,19.1,86.3,1013.6,0.0,5.9,3.7,356.0,N,-5.89,-5.67,-5.39
449181,2016-09-24,2016,SF,2016-09-24 17:40:00,17,6,9,15,4,14,5,20,323,84.5,3,68,0.0441,0.2,73.9,23.3,68.0,1013.4,0.0,6.7,4.2,352.7,N,-6.65,-6.53,-5.96
449196,2016-09-25,2016,SF,2016-09-25 13:40:00,13,4,3,7,1,10,8,15,283,81.3,0,53,0.0,0.0667,83.1,28.4,52.0,1011.8,0.0,11.2,7.0,331.3,NW,-9.86,-11.11,-7.42
449218,2016-09-27,2016,LAD,2016-09-27 19:10:00,19,7,1,8,3,16,9,11,287,82.2,3,45,0.0667,0.2727,73.6,23.1,68.3,1011.3,0.0,3.9,2.4,166.6,S,3.79,3.87,3.26
449233,2016-09-28,2016,LAD,2016-09-28 19:10:00,19,6,5,11,4,17,4,17,262,83.2,5,47,0.1064,0.2353,73.6,23.1,65.0,1013.4,0.0,4.6,2.8,5.4,N,-4.55,-4.12,-4.42
449248,2016-09-29,2016,LAD,2016-09-29 18:10:00,18,4,9,13,0,18,4,29,322,85.0,2,64,0.0312,0.0,74.8,23.8,69.3,1015.3,0.0,4.6,2.9,315.0,NW,-3.28,-4.2,-1.96
490159,2017-04-07,2017,SF,2017-04-07 15:40:00,15,7,6,13,4,13,9,16,279,86.5,3,53,0.0566,0.25,64.9,18.3,55.3,1015.2,0.0,13.2,8.2,275.7,W,-1.3,-5.7,3.26
490174,2017-04-08,2017,SF,2017-04-08 17:40:00,17,2,1,3,0,12,3,11,238,78.5,0,51,0.0,0.0,59.6,15.3,65.7,1015.2,0.0,21.0,13.0,301.3,NW,-10.9,-16.37,-4.12
490189,2017-04-09,2017,SF,2017-04-09 13:40:00,13,3,5,8,4,13,9,15,288,77.7,2,55,0.0364,0.2667,67.0,19.4,44.0,1015.1,0.0,23.9,14.9,303.3,NW,-13.15,-19.2,-5.52
490295,2017-04-18,2017,AZ,2017-04-18 19:10:00,19,2,11,13,2,13,11,16,327,81.1,3,58,0.0517,0.125,63.6,17.6,87.0,1018.5,0.0,7.1,4.4,301.0,NW,-3.66,-5.52,-1.35
490310,2017-04-19,2017,AZ,2017-04-19 19:10:00,19,1,0,1,1,13,2,9,217,83.9,0,45,0.0,0.1111,61.0,16.1,90.3,1018.6,0.0,5.7,3.5,329.5,NW,-4.88,-5.57,-3.61
490325,2017-04-20,2017,AZ,2017-04-20 18:10:00,18,4,1,5,2,26,0,14,242,81.9,2,39,0.0513,0.1429,62.6,17.0,72.3,1014.9,0.0,8.2,5.1,314.7,NW,-5.74,-7.38,-3.41
490344,2017-04-21,2017,MIA,2017-04-21 19:10:00,19,5,3,8,3,14,5,15,254,83.6,3,51,0.0588,0.2,63.4,17.4,86.0,1010.6,0.0,2.8,1.8,236.0,SW,1.59,0.69,2.29
490359,2017-04-22,2017,MIA,2017-04-22 17:40:00,17,3,6,9,4,24,5,16,320,80.7,3,57,0.0526,0.25,66.2,19.0,82.0,1010.3,0.0,6.7,4.2,198.7,S,6.38,5.26,6.73
490374,2017-04-23,2017,MIA,2017-04-23 13:40:00,13,3,7,10,2,17,5,18,267,82.5,3,53,0.0566,0.1111,67.6,19.8,66.0,1010.9,0.0,15.7,9.8,253.7,W,4.41,-1.0,9.3
490490,2017-05-02,2017,COL,2017-05-02 19:10:00,19,6,2,8,2,24,6,11,287,81.3,2,38,0.0526,0.1818,61.9,16.6,90.3,1012.4,0.0,7.5,4.6,211.4,SW,6.38,4.66,7.32
490505,2017-05-03,2017,COL,2017-05-03 19:10:00,19,3,11,14,3,12,2,21,292,83.8,2,66,0.0303,0.1429,63.4,17.4,90.7,1013.8,0.0,8.2,5.1,209.3,SW,7.15,5.34,8.09
490520,2017-05-04,2017,COL,2017-05-04 12:40:00,12,2,3,5,1,18,11,18,342,79.6,0,62,0.0,0.0556,69.1,20.6,69.3,1013.3,0.0,14.8,9.2,250.3,W,4.97,-0.09,9.43
490535,2017-05-05,2017,LAD,2017-05-05 19:10:00,19,2,8,10,2,23,9,18,342,79.2,3,46,0.0652,0.1111,61.5,16.4,80.7,1009.7,0.0,7.8,4.9,237.7,SW,4.19,1.67,6.2
490581,2017-05-08,2017,TEX,2017-05-08 19:10:00,19,5,1,6,4,19,7,12,273,79.7,5,43,0.1163,0.3333,58.8,14.9,87.7,1009.9,0.0,10.6,6.6,324.5,NW,-8.66,-10.25,-6.03
490596,2017-05-09,2017,TEX,2017-05-09 12:40:00,12,0,11,11,3,12,8,13,271,79.6,2,52,0.0385,0.2308,63.6,17.6,73.7,1012.6,0.0,21.2,13.2,199.0,S,20.04,16.48,21.2
490673,2017-05-15,2017,MIL,2017-05-15 19:10:00,19,6,5,11,3,27,9,20,321,83.0,2,47,0.0426,0.15,56.0,13.3,78.3,1014.6,1.1,12.8,8.0,258.7,W,2.52,-1.94,6.67
490685,2017-05-16,2017,MIL,2017-05-16 19:10:00,19,2,6,8,1,17,2,20,268,85.4,1,54,0.0185,0.05,58.0,14.5,72.3,1016.2,0.0,6.8,4.2,270.0,W,0.0,-2.31,2.31
490699,2017-05-17,2017,MIL,2017-05-17 19:10:00,19,1,3,4,0,16,4,13,280,81.9,0,51,0.0,0.0,60.2,15.7,75.7,1011.1,0.1,7.5,4.6,315.2,NW,-5.3,-6.78,-3.18
490713,2017-05-18,2017,MIL,2017-05-18 12:40:00,12,2,4,6,1,14,8,14,277,80.6,1,49,0.0204,0.0714,69.0,20.6,57.7,1011.2,0.0,19.7,12.3,270.7,W,-0.23,-6.96,6.54
490718,2017-05-19,2017,AZ,2017-05-19 19:10:00,19,1,10,11,4,17,11,20,349,82.8,6,55,0.1091,0.2,68.4,20.2,52.0,1012.0,0.0,7.4,4.6,333.2,NW,-6.58,-7.32,-5.04
490733,2017-05-20,2017,AZ,2017-05-20 19:10:00,19,1,9,10,1,15,9,18,316,84.4,1,56,0.0179,0.0556,66.1,19.0,72.3,1009.9,0.0,5.5,3.4,243.4,SW,2.47,0.63,4.02
490748,2017-05-21,2017,AZ,2017-05-21 13:40:00,13,5,1,6,2,8,2,14,213,84.2,6,55,0.1091,0.1429,74.1,23.4,53.7,1012.0,0.0,15.0,9.3,245.3,SW,6.27,1.22,10.57
490862,2017-05-29,2017,CHC,2017-05-29 13:40:00,13,5,2,7,1,14,11,11,296,82.5,1,45,0.0222,0.0909,66.4,19.1,68.3,1011.6,0.0,15.0,9.3,240.0,SW,7.48,2.6,11.47
490877,2017-05-30,2017,CHC,2017-05-30 19:10:00,19,6,2,8,2,26,6,14,289,79.6,5,40,0.125,0.1429,61.4,16.3,78.0,1011.7,0.0,9.9,6.2,198.7,S,9.41,7.76,9.93
490892,2017-05-31,2017,CHC,2017-05-31 12:40:00,12,2,1,3,1,14,5,8,234,80.5,1,44,0.0227,0.125,65.6,18.7,68.3,1010.6,0.0,14.1,8.8,234.0,SW,8.29,3.89,11.69
490917,2017-06-02,2017,COL,2017-06-02 19:10:00,19,8,5,13,3,24,2,27,295,80.7,2,53,0.0377,0.1111,64.2,17.9,84.3,1010.2,0.0,6.5,4.0,246.3,SW,2.6,0.41,4.47
490932,2017-06-03,2017,COL,2017-06-03 13:10:00,13,1,10,11,3,18,6,17,297,80.2,4,52,0.0769,0.1765,68.4,20.2,71.0,1011.4,0.0,14.7,9.1,232.7,SW,8.89,4.37,12.35
490947,2017-06-04,2017,COL,2017-06-04 13:40:00,13,1,3,4,1,22,5,12,280,82.6,2,43,0.0465,0.0833,67.7,19.8,71.7,1011.2,0.0,15.4,9.6,233.7,SW,9.12,4.33,12.82
491010,2017-06-09,2017,KC,2017-06-09 19:10:00,19,6,3,9,2,21,7,21,282,82.7,2,44,0.0455,0.0952,65.2,18.4,84.0,1012.2,0.0,10.8,6.7,310.7,NW,-7.04,-9.41,-3.81
491025,2017-06-10,2017,KC,2017-06-10 13:10:00,13,6,12,18,6,18,7,24,339,83.6,3,57,0.0526,0.25,66.1,19.0,64.3,1011.7,0.0,17.3,10.8,253.7,W,4.87,-1.11,10.27
491041,2017-06-11,2017,KC,2017-06-11 13:40:00,13,3,8,11,7,18,3,13,259,85.7,6,50,0.12,0.5385,64.2,17.9,68.7,1013.7,0.0,19.5,12.1,230.3,SW,12.45,6.56,16.83
491054,2017-06-12,2017,CIN,2017-06-12 19:10:00,19,9,3,12,2,15,3,22,271,83.0,3,56,0.0536,0.0909,62.1,16.7,76.3,1014.4,0.0,10.1,6.3,314.3,NW,-7.04,-9.07,-4.15
491064,2017-06-13,2017,CIN,2017-06-13 19:10:00,19,6,2,8,2,15,4,21,265,79.9,2,56,0.0357,0.0952,64.7,18.2,84.7,1010.7,0.0,9.9,6.2,309.7,NW,-6.34,-8.57,-3.34
491080,2017-06-14,2017,CIN,2017-06-14 12:40:00,12,4,2,6,3,16,6,14,243,82.1,2,45,0.0444,0.2143,73.9,23.3,49.0,1010.6,0.0,15.6,9.7,254.7,W,4.13,-1.27,9.02
491202,2017-06-23,2017,DET,2017-06-23 19:10:00,19,1,0,1,0,19,9,5,260,79.3,1,35,0.0286,0.0,65.4,18.5,85.7,1011.9,0.0,10.1,6.3,327.7,NW,-8.56,-9.9,-6.19
491217,2017-06-24,2017,DET,2017-06-24 19:10:00,19,7,3,10,1,15,4,13,248,83.2,2,50,0.04,0.0769,65.7,18.7,86.0,1010.4,0.0,6.8,4.2,281.4,W,-1.33,-3.52,1.02
491232,2017-06-25,2017,DET,2017-06-25 13:40:00,13,5,7,12,3,19,8,21,295,80.3,2,51,0.0392,0.1429,75.5,24.2,65.0,1011.2,0.0,16.4,10.2,275.0,W,-1.43,-6.93,4.24
491250,2017-06-27,2017,ATL,2017-06-27 19:10:00,19,0,3,3,0,20,3,15,273,80.4,3,47,0.0638,0.0,65.5,18.6,87.7,1010.6,0.0,8.9,5.5,298.0,NW,-4.18,-6.62,-1.24
491265,2017-06-28,2017,ATL,2017-06-28 19:10:00,19,7,4,11,0,16,7,19,281,80.3,0,52,0.0,0.0,63.6,17.5,82.3,1011.8,0.0,7.5,4.6,201.3,S,6.96,5.61,7.46
491280,2017-06-29,2017,ATL,2017-06-29 18:10:00,18,6,0,6,2,21,5,13,247,80.8,3,42,0.0714,0.1538,64.1,17.8,79.7,1012.7,0.0,10.9,6.8,214.0,SW,9.04,6.41,10.58
491298,2017-06-30,2017,LAD,2017-06-30 19:10:00,19,4,10,14,4,20,13,22,357,82.4,3,53,0.0566,0.1818,64.3,18.0,80.7,1010.4,0.0,7.7,4.8,252.3,W,2.35,-0.31,4.73
491313,2017-07-01,2017,LAD,2017-07-01 19:10:00,19,0,8,8,3,24,5,18,291,80.2,3,47,0.0638,0.1667,62.8,17.1,83.7,1011.9,0.0,10.1,6.3,200.7,S,9.48,7.69,10.13
491328,2017-07-02,2017,LAD,2017-07-02 13:40:00,13,5,3,8,2,17,6,20,312,82.1,1,51,0.0196,0.1,71.2,21.8,59.3,1014.7,0.0,15.1,9.4,221.0,SW,11.42,7.34,14.13
491443,2017-07-14,2017,SF,2017-07-14 19:10:00,19,4,5,9,1,19,7,25,305,83.6,1,56,0.0179,0.04,69.9,21.0,80.7,1013.9,0.0,12.0,7.4,315.4,NW,-8.51,-10.88,-5.12
491458,2017-07-15,2017,SF,2017-07-15 17:40:00,17,5,3,8,4,13,8,13,271,81.9,4,50,0.08,0.3077,70.6,21.4,77.7,1011.9,0.0,10.0,6.2,207.3,SW,8.85,6.75,9.89
491473,2017-07-16,2017,SF,2017-07-16 13:40:00,13,7,1,8,2,19,1,20,237,82.5,2,49,0.0408,0.1,75.1,24.0,66.0,1010.4,0.0,18.5,11.5,212.3,SW,15.66,11.32,18.11
491586,2017-07-24,2017,NYM,2017-07-24 19:10:00,19,3,5,8,3,18,5,20,267,84.4,5,53,0.0943,0.15,71.0,21.7,82.3,1011.9,0.0,4.5,2.8,226.1,SW,3.14,1.84,4.07
491601,2017-07-25,2017,NYM,2017-07-25 19:10:00,19,5,6,11,3,11,2,19,302,81.2,1,61,0.0164,0.1579,70.0,21.1,81.0,1014.4,0.0,7.5,4.6,265.3,W,0.61,-1.97,3.12
491616,2017-07-26,2017,NYM,2017-07-26 19:10:00,19,6,3,9,2,20,5,15,281,82.7,4,45,0.0889,0.1333,70.0,21.1,84.3,1013.8,0.0,11.1,6.9,303.7,NW,-6.15,-8.94,-2.62
491624,2017-07-27,2017,NYM,2017-07-27 18:10:00,18,7,5,12,3,14,8,17,267,81.7,3,50,0.06,0.1765,70.8,21.5,82.3,1011.8,0.0,9.6,6.0,287.7,W,-2.92,-5.89,0.39
491639,2017-07-28,2017,PIT,2017-07-28 19:10:00,19,3,2,5,1,18,7,9,270,82.8,2,39,0.0513,0.1111,69.0,20.5,83.0,1013.2,0.0,9.4,5.9,266.0,W,0.65,-2.61,3.83
491654,2017-07-29,2017,PIT,2017-07-29 17:40:00,17,4,2,6,1,20,4,13,259,81.6,1,40,0.025,0.0769,69.0,20.6,76.0,1015.1,0.0,12.0,7.4,220.7,SW,9.08,5.86,11.2
491669,2017-07-30,2017,PIT,2017-07-30 13:40:00,13,1,7,8,5,19,5,17,290,84.1,2,50,0.04,0.2941,75.4,24.1,65.3,1015.6,0.0,17.1,10.6,268.7,W,0.4,-5.46,6.21
491687,2017-08-01,2017,MIN,2017-08-01 19:10:00,19,3,0,3,1,11,4,7,234,80.0,1,45,0.0222,0.1429,75.4,24.1,75.7,1010.3,0.0,7.3,4.5,257.0,W,1.63,-0.89,3.95
491702,2017-08-02,2017,MIN,2017-08-02 12:40:00,12,2,5,7,2,15,3,11,237,80.9,2,48,0.0417,0.1818,79.7,26.5,82.3,1010.9,0.0,14.6,9.1,288.7,W,-4.66,-9.1,0.34
491870,2017-08-14,2017,PHI,2017-08-14 19:10:00,19,7,4,11,3,15,7,21,307,81.3,2,57,0.0351,0.1429,66.0,18.9,83.3,1011.1,0.0,8.3,5.1,224.6,SW,5.88,3.54,7.51
491883,2017-08-15,2017,PHI,2017-08-15 19:10:00,19,8,4,12,4,12,6,14,279,81.8,3,52,0.0577,0.2857,65.4,18.5,75.7,1012.1,0.0,7.4,4.6,214.4,SW,6.11,4.31,7.17
491898,2017-08-16,2017,PHI,2017-08-16 12:40:00,12,3,0,3,0,22,4,10,248,80.5,1,39,0.0256,0.0,74.1,23.4,51.7,1014.0,0.0,15.2,9.5,268.3,W,0.44,-4.79,5.62
491912,2017-08-17,2017,WSH,2017-08-17 19:10:00,19,1,2,3,1,20,6,12,269,83.6,2,43,0.0465,0.0833,68.1,20.1,81.7,1014.5,0.0,9.0,5.6,302.0,NW,-4.77,-7.09,-1.87
491927,2017-08-18,2017,WSH,2017-08-18 19:10:00,19,1,7,8,2,18,7,13,267,83.3,4,47,0.0851,0.1538,67.9,19.9,83.0,1013.7,0.0,10.6,6.6,294.7,NW,-4.41,-7.43,-0.86
491942,2017-08-19,2017,WSH,2017-08-19 17:40:00,17,3,1,4,1,17,5,8,262,83.7,3,41,0.0732,0.125,68.8,20.4,78.0,1011.9,0.0,10.8,6.7,271.3,W,-0.25,-3.93,3.46
491957,2017-08-20,2017,WSH,2017-08-20 13:40:00,13,1,4,5,0,24,9,10,320,78.5,0,42,0.0,0.0,73.3,22.9,60.3,1011.2,0.0,16.7,10.4,239.3,SW,8.5,3.09,12.89
492060,2017-08-28,2017,SF,2017-08-28 19:10:00,19,0,3,3,2,11,6,10,254,83.0,2,51,0.0392,0.2,71.0,21.7,85.3,1007.9,0.0,8.6,5.3,253.9,W,2.38,-0.58,5.05
492073,2017-08-29,2017,SF,2017-08-29 19:10:00,19,6,3,9,3,11,5,18,246,85.8,3,57,0.0526,0.1667,70.3,21.3,90.7,1007.4,0.0,8.1,5.0,240.9,SW,3.93,1.28,6.1
492088,2017-08-30,2017,SF,2017-08-30 18:10:00,18,5,0,5,2,10,9,14,306,80.5,1,53,0.0189,0.1429,74.5,23.6,79.3,1005.4,0.0,6.3,3.9,242.7,SW,2.91,0.81,4.66
492110,2017-09-01,2017,LAD,2017-09-01 19:10:00,19,0,1,1,0,25,4,11,260,,0,38,0.0,0.0,75.0,23.9,80.7,1006.6,0.0,5.1,3.2,249.3,W,1.81,0.06,3.34
490565,2017-09-02,2017,LAD,2017-05-07 13:40:00,13,6,5,11,3,15,11,17,304,83.3,2,51,0.0392,0.1765,59.2,15.1,70.3,1010.2,0.3,22.0,13.7,211.0,SW,18.86,13.85,21.6
492125,2017-09-02,2017,LAD,2017-09-02 19:10:00,19,7,2,9,1,21,10,18,332,79.2,0,47,0.0,0.0556,86.2,30.1,53.0,1009.2,0.0,8.1,5.0,93.7,E,0.52,3.25,-2.27
492140,2017-09-03,2017,LAD,2017-09-03 13:40:00,13,6,4,10,4,17,4,17,263,82.2,3,49,0.0612,0.2353,75.6,24.2,78.7,1013.1,1.0,18.0,11.2,187.7,S,17.81,15.91,17.55
492159,2017-09-04,2017,STL,2017-09-04 13:40:00,13,0,2,2,0,20,6,10,238,82.0,0,42,0.0,0.0,76.9,25.0,68.3,1012.5,0.0,21.0,13.0,206.0,SW,18.85,14.57,20.85
492174,2017-09-05,2017,STL,2017-09-05 19:10:00,19,4,8,12,4,19,7,18,289,81.7,5,48,0.1042,0.2222,72.6,22.5,91.0,1013.2,0.0,13.3,8.3,296.0,NW,-5.83,-9.57,-1.39
492189,2017-09-06,2017,STL,2017-09-06 19:10:00,19,1,3,4,2,19,11,10,287,79.7,1,41,0.0244,0.2,70.3,21.3,89.7,1012.6,0.0,14.5,9.0,309.7,NW,-9.23,-12.49,-4.87
492200,2017-09-07,2017,STL,2017-09-07 18:10:00,18,3,0,3,1,15,4,20,303,78.5,1,53,0.0189,0.05,71.8,22.1,84.3,1009.5,0.0,10.7,6.6,284.7,W,-2.7,-6.07,0.99
492341,2017-09-18,2017,AZ,2017-09-18 19:10:00,19,4,2,6,2,14,11,9,279,80.1,2,43,0.0465,0.2222,67.5,19.7,81.3,1012.2,0.0,4.9,3.0,319.2,NW,-3.69,-4.55,-2.38
492348,2017-09-19,2017,AZ,2017-09-19 19:10:00,19,6,2,8,2,15,6,13,275,84.1,3,46,0.0652,0.1538,69.1,20.6,74.7,1011.2,0.0,4.3,2.7,178.7,S,4.33,4.11,4.04
492363,2017-09-20,2017,AZ,2017-09-20 18:10:00,18,7,13,20,9,15,11,23,327,84.1,5,61,0.082,0.3913,67.1,19.5,76.3,1010.0,0.0,11.3,7.0,180.0,S,11.33,10.65,10.65
492381,2017-09-21,2017,COL,2017-09-21 19:10:00,19,3,0,3,1,23,3,14,247,81.6,2,40,0.05,0.0714,64.5,18.0,69.3,1010.3,0.0,11.2,6.9,291.7,W,-4.12,-7.42,-0.32
492392,2017-09-22,2017,COL,2017-09-22 19:10:00,19,1,4,5,3,21,4,14,263,79.7,1,45,0.0222,0.2143,66.0,18.9,72.3,1009.3,0.0,14.1,8.8,303.7,NW,-7.84,-11.39,-3.34
492407,2017-09-23,2017,COL,2017-09-23 17:40:00,17,5,0,5,0,21,5,17,284,78.5,0,46,0.0,0.0,66.9,19.4,66.3,1009.4,0.0,9.6,6.0,293.6,NW,-3.85,-6.62,-0.61
492422,2017-09-24,2017,COL,2017-09-24 13:40:00,13,4,8,12,5,18,6,20,302,79.4,1,52,0.0192,0.25,76.9,25.0,43.0,1008.8,0.0,24.1,15.0,305.7,NW,-14.05,-19.9,-6.51
529413,2018-03-29,2018,MIL,2018-03-29 13:10:00,13,1,2,3,0,24,8,16,355,81.5,1,57,0.0175,0.0,68.7,20.4,49.0,1015.3,0.0,17.2,10.7,285.7,W,-4.64,-10.01,1.3
529426,2018-03-30,2018,MIL,2018-03-30 19:10:00,19,6,8,14,3,11,5,23,286,84.4,5,65,0.0769,0.1304,59.4,15.2,88.7,1016.2,0.0,7.2,4.5,270.7,W,-0.08,-2.55,2.4
529437,2018-03-31,2018,MIL,2018-03-31 17:40:00,17,3,7,10,1,17,7,18,312,83.8,3,53,0.0566,0.0556,59.8,15.4,81.3,1015.0,0.0,6.4,4.0,253.3,W,1.83,-0.37,3.82
529462,2018-04-02,2018,COL,2018-04-02 19:10:00,19,4,7,11,5,11,11,20,321,83.3,7,62,0.1129,0.25,59.5,15.3,72.0,1011.5,0.0,7.6,4.7,207.4,SW,6.78,5.17,7.57
529476,2018-04-03,2018,COL,2018-04-03 19:10:00,19,8,4,12,3,12,9,14,282,85.2,3,50,0.06,0.2143,59.0,15.0,83.0,1014.9,0.0,7.2,4.5,317.4,NW,-5.33,-6.68,-3.33
529487,2018-04-04,2018,COL,2018-04-04 19:10:00,19,2,5,7,0,18,5,15,284,83.6,0,49,0.0,0.0,57.4,14.1,81.3,1016.6,0.0,10.2,6.3,324.7,NW,-8.32,-9.84,-5.8
529501,2018-04-05,2018,COL,2018-04-05 12:40:00,12,1,3,4,1,19,7,10,279,80.4,2,44,0.0455,0.1,65.3,18.5,60.7,1015.7,0.0,15.4,9.6,267.6,W,0.63,-4.68,5.87
529595,2018-04-12,2018,SF,2018-04-12 19:10:00,19,0,7,7,0,13,11,11,297,81.8,0,51,0.0,0.0,59.5,15.3,60.0,1017.5,0.0,11.2,7.0,328.0,NW,-9.49,-10.95,-6.89
529608,2018-04-13,2018,SF,2018-04-13 19:10:00,19,5,1,6,1,14,2,18,244,83.5,3,55,0.0545,0.0556,63.4,17.4,39.3,1020.8,0.0,9.0,5.6,353.5,N,-8.91,-8.72,-8.03
529623,2018-04-14,2018,SF,2018-04-14 17:40:00,17,5,4,9,4,20,7,20,298,85.6,4,49,0.0816,0.2,71.0,21.7,33.3,1017.6,0.0,11.5,7.2,338.7,N,-10.75,-11.53,-8.67
529638,2018-04-15,2018,SF,2018-04-15 13:10:00,13,10,1,11,1,24,8,18,309,84.2,5,44,0.1136,0.0556,71.5,22.0,30.3,1014.0,0.0,15.2,9.5,284.7,W,-3.86,-8.67,1.41
529648,2018-04-16,2018,LAD,2018-04-16 19:10:00,19,3,10,13,3,23,8,15,314,82.9,3,45,0.0667,0.2,57.1,13.9,61.7,1018.8,0.0,22.2,13.8,297.0,NW,-10.09,-16.26,-2.71
529662,2018-04-17,2018,LAD,2018-04-17 19:10:00,19,3,7,10,2,28,13,16,401,84.0,5,60,0.0833,0.125,57.5,14.2,61.0,1017.2,0.0,7.6,4.7,337.7,N,-7.0,-7.56,-5.59
529677,2018-04-18,2018,LAD,2018-04-18 19:10:00,19,4,13,17,1,24,6,26,336,84.9,2,56,0.0357,0.0385,58.3,14.6,79.3,1016.0,0.0,7.5,4.6,265.9,W,0.53,-2.05,3.05
529793,2018-04-27,2018,NYM,2018-04-27 19:10:00,19,1,5,6,2,15,8,15,268,85.0,4,49,0.0816,0.1333,57.9,14.4,82.3,1014.7,0.0,6.1,3.8,314.0,NW,-4.26,-5.51,-2.49
529808,2018-04-28,2018,NYM,2018-04-28 17:40:00,17,12,2,14,3,19,6,17,272,81.0,5,50,0.1,0.1765,61.3,16.3,73.7,1012.8,0.0,12.7,7.9,277.0,W,-1.55,-5.75,2.85
529823,2018-04-29,2018,NYM,2018-04-29 13:10:00,13,2,14,16,3,19,9,30,378,82.3,3,65,0.0462,0.1,65.0,18.3,61.7,1014.5,0.0,19.5,12.1,247.7,W,7.42,0.79,13.15
529888,2018-05-04,2018,LAD,2018-05-04 18:10:00,18,0,4,4,2,22,8,9,310,,0,38,0.0,0.2222,65.7,18.7,72.7,1016.0,0.0,8.4,5.2,278.5,W,-1.25,-4.03,1.67
529903,2018-05-05,2018,LAD,2018-05-05 16:10:00,16,7,4,11,3,20,10,19,302,,0,45,0.0,0.1579,70.1,21.2,61.0,1011.9,0.0,12.5,7.8,302.0,NW,-6.64,-9.88,-2.61
529919,2018-05-06,2018,LAD,2018-05-06 13:10:00,13,3,0,3,1,20,6,20,310,,0,50,0.0,0.05,69.1,20.6,57.3,1014.6,0.0,20.9,13.0,289.3,W,-6.92,-13.24,0.25
529932,2018-05-07,2018,WSH,2018-05-07 19:10:00,19,5,8,13,3,17,10,16,312,86.2,7,49,0.1429,0.1875,58.9,14.9,89.0,1015.3,0.0,5.2,3.3,241.4,SW,2.51,0.79,3.93
529947,2018-05-08,2018,WSH,2018-05-08 19:10:00,19,0,4,4,0,18,2,12,248,85.8,1,46,0.0217,0.0,59.8,15.4,89.7,1014.0,0.0,6.8,4.2,211.6,SW,5.76,4.2,6.63
529961,2018-05-09,2018,WSH,2018-05-09 18:10:00,18,2,1,3,1,20,7,16,266,82.5,2,42,0.0476,0.0625,61.8,16.6,84.7,1011.6,0.0,8.5,5.3,227.7,SW,5.72,3.23,7.53
529970,2018-05-10,2018,STL,2018-05-10 19:10:00,19,1,2,3,2,16,3,13,273,82.9,1,47,0.0213,0.1538,61.1,16.2,83.0,1010.5,0.0,8.2,5.1,236.0,SW,4.58,1.98,6.63
529983,2018-05-11,2018,STL,2018-05-11 19:10:00,19,5,9,14,6,11,8,24,336,85.9,6,66,0.0909,0.25,59.2,15.1,73.0,1011.2,0.1,16.2,10.1,213.3,SW,13.56,9.69,15.8
529998,2018-05-12,2018,STL,2018-05-12 17:40:00,17,2,1,3,0,28,9,16,400,84.5,1,61,0.0164,0.0,60.9,16.0,73.3,1013.9,0.0,9.9,6.2,225.7,SW,6.92,4.08,8.92
530013,2018-05-13,2018,STL,2018-05-13 13:10:00,13,5,3,8,1,21,9,14,288,84.1,0,41,0.0,0.0714,65.7,18.7,54.0,1014.7,0.0,17.7,11.0,269.7,W,0.1,-5.97,6.16
530019,2018-05-14,2018,COL,2018-05-14 19:10:00,19,4,6,10,3,13,6,19,284,84.4,1,58,0.0172,0.1579,60.1,15.6,80.7,1014.7,0.0,10.3,6.4,310.7,NW,-6.69,-8.95,-3.62
530028,2018-05-15,2018,COL,2018-05-15 12:40:00,12,4,0,4,2,20,4,9,240,83.0,2,38,0.0526,0.2222,67.2,19.6,57.3,1016.3,0.0,21.6,13.4,284.7,W,-5.48,-12.3,2.01
530204,2018-05-28,2018,MIA,2018-05-28 13:10:00,13,2,7,9,1,11,3,21,282,81.4,4,58,0.069,0.0476,68.2,20.1,64.7,1011.8,0.0,19.5,12.1,274.3,W,-1.47,-8.03,5.27
530219,2018-05-29,2018,MIA,2018-05-29 19:10:00,19,9,5,14,2,17,3,20,301,85.0,2,52,0.0385,0.1,61.5,16.4,81.0,1009.9,0.0,11.5,7.1,199.7,S,10.8,8.83,11.47
530234,2018-05-30,2018,MIA,2018-05-30 19:10:00,19,3,2,5,2,15,6,10,257,82.5,2,47,0.0426,0.2,62.4,16.9,79.0,1010.8,0.0,9.6,6.0,200.7,S,9.01,7.31,9.63
530248,2018-05-31,2018,MIA,2018-05-31 18:10:00,18,8,3,11,2,22,9,20,318,86.1,1,49,0.0204,0.1,62.4,16.9,78.3,1012.6,0.0,12.6,7.8,295.3,NW,-5.41,-8.99,-1.18
530257,2018-06-01,2018,CIN,2018-06-01 19:10:00,19,2,7,9,1,13,10,15,294,85.9,4,54,0.0741,0.0667,62.4,16.9,73.7,1013.4,0.0,6.9,4.3,294.3,NW,-2.85,-4.84,-0.52
530272,2018-06-02,2018,CIN,2018-06-02 17:40:00,17,8,2,10,2,16,4,20,303,87.1,3,52,0.0577,0.1,65.4,18.5,73.0,1012.3,0.0,11.5,7.2,271.7,W,-0.34,-4.26,3.63
530287,2018-06-03,2018,CIN,2018-06-03 15:10:00,15,6,3,9,4,13,5,21,306,81.9,5,56,0.0893,0.1905,68.8,20.5,67.0,1011.0,0.0,13.5,8.4,256.0,W,3.26,-1.41,7.53
530301,2018-06-04,2018,ATL,2018-06-04 19:10:00,19,11,4,15,4,11,7,22,308,85.1,5,62,0.0806,0.1818,61.8,16.5,84.7,1011.0,0.0,9.0,5.6,209.7,SW,7.85,5.85,8.91
530304,2018-06-05,2018,ATL,2018-06-05 19:10:00,19,1,14,15,4,12,10,22,329,85.4,4,61,0.0656,0.1818,61.9,16.6,80.0,1011.8,0.0,7.5,4.7,230.3,SW,4.81,2.54,6.5
530319,2018-06-06,2018,ATL,2018-06-06 12:40:00,12,3,1,4,1,24,6,11,275,82.2,2,37,0.0541,0.0909,68.8,20.5,63.0,1011.7,0.0,17.5,10.9,270.0,W,0.0,-5.97,5.97
530499,2018-06-19,2018,ATH,2018-06-19 19:10:00,19,2,4,6,2,24,7,13,338,83.1,5,48,0.1042,0.1538,63.9,17.7,80.3,1013.7,0.0,7.3,4.5,258.3,W,1.48,-1.06,3.83
530513,2018-06-20,2018,ATH,2018-06-20 12:40:00,12,4,12,16,6,21,8,24,343,83.1,6,56,0.1071,0.25,71.0,21.7,64.0,1012.1,0.0,15.0,9.3,244.0,SW,6.59,1.57,10.81
530635,2018-06-29,2018,PIT,2018-06-29 19:10:00,19,3,6,9,1,16,2,23,280,84.1,2,59,0.0339,0.0435,63.6,17.6,79.3,1012.5,0.0,12.9,8.0,182.3,S,12.86,11.9,12.26
530650,2018-06-30,2018,PIT,2018-06-30 19:10:00,19,4,3,7,1,19,6,12,273,84.3,1,43,0.0233,0.0833,63.0,17.2,78.0,1013.6,0.0,7.6,4.7,237.3,SW,4.08,1.66,6.02
530665,2018-07-01,2018,PIT,2018-07-01 13:10:00,13,5,7,12,4,15,10,18,327,83.4,3,57,0.0526,0.2222,70.6,21.5,57.3,1015.2,0.0,15.8,9.8,265.7,W,1.2,-4.28,6.52
530765,2018-07-09,2018,LAD,2018-07-09 19:10:00,19,2,8,10,1,12,5,19,289,85.5,0,61,0.0,0.0526,70.9,21.6,83.7,1013.4,0.0,11.5,7.1,194.9,S,11.08,9.41,11.42
530777,2018-07-10,2018,LAD,2018-07-10 19:10:00,19,4,1,5,3,17,3,12,232,85.8,3,44,0.0682,0.25,72.6,22.6,67.7,1012.5,0.0,7.9,4.9,224.3,SW,5.63,3.41,7.17
530792,2018-07-11,2018,LAD,2018-07-11 19:10:00,19,2,4,6,1,17,7,15,300,79.3,2,51,0.0392,0.0667,70.8,21.5,85.0,1011.4,0.0,5.3,3.3,252.4,W,1.6,-0.22,3.23
530803,2018-07-12,2018,LAD,2018-07-12 19:10:00,19,2,3,5,0,19,7,13,299,81.5,2,46,0.0435,0.0,70.9,21.6,80.7,1014.8,0.0,9.3,5.8,280.6,W,-1.7,-4.71,1.52
530812,2018-07-13,2018,CHC,2018-07-13 19:10:00,19,4,5,9,1,21,9,19,328,80.7,2,54,0.037,0.0526,71.2,21.8,81.3,1015.0,0.0,11.4,7.1,304.1,NW,-6.41,-9.26,-2.79
530827,2018-07-14,2018,CHC,2018-07-14 19:10:00,19,6,11,17,5,14,7,21,334,87.4,6,59,0.1017,0.2381,71.0,21.7,83.3,1013.0,0.0,8.5,5.3,300.0,NW,-4.25,-6.51,-1.47
530842,2018-07-15,2018,CHC,2018-07-15 13:10:00,13,4,7,11,2,21,8,19,342,83.7,3,49,0.0612,0.1053,75.0,23.9,65.0,1012.8,0.0,16.8,10.4,242.3,SW,7.8,2.24,12.42
530956,2018-07-27,2018,AZ,2018-07-27 19:10:00,19,2,6,8,2,16,2,19,268,83.6,3,53,0.0566,0.1053,70.2,21.2,85.0,1011.0,0.0,7.6,4.7,227.0,SW,5.21,2.98,6.8
530971,2018-07-28,2018,AZ,2018-07-28 17:40:00,17,4,9,13,0,15,9,22,318,84.7,2,59,0.0339,0.0,72.3,22.4,79.7,1012.1,0.0,10.5,6.5,213.6,SW,8.71,6.21,10.17
530986,2018-07-29,2018,AZ,2018-07-29 13:10:00,13,4,5,9,3,20,7,17,295,84.7,3,49,0.0612,0.1765,79.2,26.2,62.0,1013.2,0.0,16.8,10.4,226.7,SW,11.51,6.64,14.98
531007,2018-07-30,2018,SF,2018-07-30 19:10:00,19,3,5,8,3,24,5,20,378,83.5,4,66,0.0606,0.15,73.6,23.1,76.7,1012.0,0.0,9.1,5.6,250.2,W,3.06,-0.04,5.8
531022,2018-07-31,2018,SF,2018-07-31 13:10:00,13,2,3,5,1,16,11,15,325,83.7,2,57,0.0351,0.0667,80.4,26.9,54.7,1012.1,0.0,14.9,9.2,258.0,W,3.09,-2.07,7.88
531150,2018-08-10,2018,PHI,2018-08-10 19:10:00,19,2,0,2,1,19,4,15,255,81.2,2,44,0.0455,0.0667,78.0,25.5,70.7,1014.7,0.0,5.6,3.5,290.2,W,-1.94,-3.63,-0.02
531165,2018-08-11,2018,PHI,2018-08-11 17:40:00,17,1,5,6,2,19,7,14,314,80.8,1,48,0.0208,0.1429,78.4,25.8,65.7,1012.6,0.0,17.2,10.7,309.0,NW,-10.8,-14.71,-5.59
531180,2018-08-12,2018,PHI,2018-08-12 12:40:00,12,9,3,12,1,17,11,15,308,82.4,3,47,0.0638,0.0667,80.5,27.0,62.3,1013.9,0.0,19.8,12.3,267.7,W,0.81,-6.02,7.54
531189,2018-08-13,2018,LAA,2018-08-13 19:10:00,19,3,6,9,4,13,3,14,259,83.4,4,61,0.0656,0.2857,72.9,22.7,77.7,1012.3,0.0,8.1,5.1,297.3,NW,-3.73,-5.98,-1.03
531200,2018-08-14,2018,LAA,2018-08-14 19:10:00,19,3,7,10,2,15,5,21,324,83.9,2,55,0.0364,0.0952,72.5,22.5,79.7,1010.7,0.0,7.9,4.9,289.3,W,-2.62,-5.01,0.09
531215,2018-08-15,2018,LAA,2018-08-15 18:10:00,18,2,3,5,2,17,4,14,262,78.5,2,49,0.0408,0.1429,72.2,22.3,79.3,1012.0,0.0,10.9,6.8,255.7,W,2.7,-1.08,6.15
531225,2018-08-16,2018,AZ,2018-08-16 19:10:00,19,1,5,6,2,21,8,12,304,82.9,2,45,0.0444,0.1667,72.6,22.6,83.3,1015.9,0.0,8.5,5.3,235.0,SW,4.86,2.19,6.94
531234,2018-08-17,2018,AZ,2018-08-17 19:10:00,19,4,9,13,4,23,13,18,370,80.4,3,49,0.0612,0.2222,73.8,23.2,81.3,1015.9,0.0,7.6,4.7,282.7,W,-1.67,-4.12,0.97
531249,2018-08-18,2018,AZ,2018-08-18 17:40:00,17,7,6,13,0,19,6,21,279,82.8,0,54,0.0,0.0,74.0,23.3,75.3,1013.6,0.0,13.6,8.5,304.0,NW,-7.62,-11.03,-3.3
531264,2018-08-19,2018,AZ,2018-08-19 13:10:00,13,3,4,7,4,19,5,19,320,83.8,3,52,0.0577,0.2105,77.6,25.3,64.7,1011.5,0.0,15.6,9.7,248.3,W,5.76,0.45,10.37
531390,2018-08-28,2018,SEA,2018-08-28 19:10:00,19,2,1,3,2,10,2,13,218,86.3,4,52,0.0769,0.1538,70.8,21.5,79.0,1012.2,0.0,10.6,6.6,318.0,NW,-7.85,-9.8,-4.96
531404,2018-08-29,2018,SEA,2018-08-29 12:40:00,12,8,3,11,2,16,7,22,318,81.4,4,56,0.0714,0.0909,79.6,26.5,58.3,1012.3,0.0,23.3,14.5,297.0,NW,-10.56,-17.02,-2.84
531410,2018-08-30,2018,COL,2018-08-30 19:10:00,19,3,2,5,1,24,7,10,359,82.8,2,64,0.0312,0.1,70.2,21.2,85.3,1012.0,0.0,10.5,6.5,302.3,NW,-5.63,-8.34,-2.25
531422,2018-08-31,2018,COL,2018-08-31 19:10:00,19,7,0,7,3,12,4,16,240,84.5,3,54,0.0556,0.1875,69.5,20.8,86.0,1008.3,0.0,8.0,5.0,221.1,SW,6.06,3.88,7.5
531437,2018-09-01,2018,COL,2018-09-01 17:40:00,17,2,4,6,3,13,3,17,262,83.4,3,57,0.0526,0.1765,69.7,21.0,76.0,1008.0,0.0,12.6,7.8,187.7,S,12.52,11.19,12.34
531452,2018-09-02,2018,COL,2018-09-02 13:10:00,13,3,7,10,1,16,6,16,277,84.1,5,53,0.0943,0.0625,74.0,23.3,60.7,1009.8,0.0,20.4,12.7,214.3,SW,16.87,11.91,19.8
531616,2018-09-14,2018,TEX,2018-09-14 19:10:00,19,0,4,4,1,18,5,14,263,81.4,0,44,0.0,0.0714,70.1,21.2,82.7,1008.3,0.0,8.8,5.5,297.3,NW,-4.04,-6.47,-1.12
531631,2018-09-15,2018,TEX,2018-09-15 17:40:00,17,3,6,9,2,15,8,17,313,85.5,3,54,0.0556,0.1176,71.8,22.1,68.3,1008.6,0.0,13.5,8.4,306.3,NW,-8.0,-11.24,-3.8
531646,2018-09-16,2018,TEX,2018-09-16 13:10:00,13,7,3,10,4,15,8,16,283,83.9,5,50,0.1,0.25,76.5,24.7,53.7,1011.0,0.0,18.7,11.6,285.7,W,-5.05,-10.9,1.41
531655,2018-09-17,2018,SF,2018-09-17 19:10:00,19,2,4,6,3,15,4,17,254,82.8,4,53,0.0755,0.1765,68.6,20.3,85.0,1010.6,0.0,11.0,6.8,316.3,NW,-7.93,-10.04,-4.86
531670,2018-09-18,2018,SF,2018-09-18 19:10:00,19,4,5,9,2,26,7,18,312,81.6,1,45,0.0222,0.1111,67.3,19.6,84.7,1009.1,0.0,9.7,6.0,292.3,W,-3.67,-6.51,-0.39
531685,2018-09-19,2018,SF,2018-09-19 18:10:00,18,8,4,12,3,16,5,18,295,84.9,4,52,0.0769,0.1667,67.5,19.7,79.7,1006.4,0.0,5.6,3.5,284.0,W,-1.34,-3.11,0.59
531793,2018-09-28,2018,AZ,2018-09-28 19:10:00,19,3,2,5,2,33,14,18,435,81.8,3,68,0.0441,0.1111,65.1,18.4,87.0,1010.8,0.0,7.6,4.7,260.7,W,1.23,-1.4,3.71
531808,2018-09-29,2018,AZ,2018-09-29 17:40:00,17,4,5,9,2,10,9,14,285,82.4,4,56,0.0714,0.1429,68.4,20.2,68.7,1010.2,0.0,9.1,5.7,311.7,NW,-6.06,-8.01,-3.37
531823,2018-09-30,2018,AZ,2018-09-30 12:10:00,12,4,3,7,3,24,7,17,313,80.8,3,49,0.0612,0.1765,76.3,24.6,61.0,1009.8,0.0,14.8,9.2,268.7,W,0.35,-4.73,5.39
566275,2019-03-28,2019,SF,2019-03-28 13:10:00,13,2,0,2,1,14,2,11,210,84.5,3,43,0.0698,0.0909,63.5,17.5,73.3,1021.9,0.0,19.1,11.9,294.7,NW,-7.99,-13.45,-1.56
566276,2019-03-29,2019,SF,2019-03-29 19:10:00,19,4,1,5,2,21,7,14,291,84.0,2,41,0.0488,0.1429,56.2,13.5,86.3,1018.9,0.0,7.7,4.8,316.4,NW,-5.6,-7.09,-3.44
566277,2019-03-30,2019,SF,2019-03-30 17:40:00,17,2,3,5,0,18,2,17,286,84.2,0,51,0.0,0.0,62.9,17.2,69.7,1014.9,0.0,11.7,7.3,321.2,NW,-9.14,-11.11,-6.08
566278,2019-03-31,2019,SF,2019-03-31 13:10:00,13,3,1,4,0,14,7,10,261,83.7,1,45,0.0222,0.0,75.0,23.9,37.0,1014.2,0.0,19.9,12.4,291.3,W,-7.23,-13.14,-0.46
566279,2019-04-01,2019,AZ,2019-04-01 19:10:00,19,3,10,13,2,13,6,21,282,83.1,2,60,0.0333,0.0952,61.1,16.2,82.0,1012.6,0.0,8.0,5.0,199.7,S,7.56,6.18,8.03
566280,2019-04-02,2019,AZ,2019-04-02 19:10:00,19,5,8,13,8,21,5,25,309,85.0,8,58,0.1379,0.32,59.9,15.5,77.7,1014.7,0.0,11.4,7.1,232.7,SW,6.93,3.41,9.63
566281,2019-04-03,2019,AZ,2019-04-03 12:40:00,12,4,1,5,1,18,7,12,263,84.0,1,43,0.0233,0.0833,63.6,17.5,63.3,1017.7,0.0,15.8,9.8,258.7,W,3.11,-2.39,8.23
566282,2019-04-15,2019,COL,2019-04-15 19:10:00,19,2,5,7,4,14,4,16,251,85.0,4,53,0.0755,0.25,58.5,14.7,79.0,1012.7,0.2,9.7,6.0,244.7,SW,4.15,0.9,6.9
566283,2019-04-16,2019,COL,2019-04-16 18:10:00,18,2,8,10,3,20,8,17,294,83.9,3,49,0.0612,0.1765,59.2,15.1,78.7,1015.9,0.6,13.6,8.4,290.1,W,-4.66,-8.74,-0.02
566284,2019-04-18,2019,CIN,2019-04-18 19:10:00,19,1,4,5,3,20,3,11,276,82.6,3,41,0.0732,0.2727,61.9,16.6,81.0,1016.7,0.0,6.6,4.1,343.3,N,-6.32,-6.59,-5.29
566285,2019-04-19,2019,CIN,2019-04-19 19:10:00,19,2,3,5,3,20,3,8,275,85.5,4,55,0.0727,0.375,58.5,14.7,85.3,1013.2,0.0,8.8,5.5,288.0,W,-2.72,-5.42,0.31
566286,2019-04-20,2019,CIN,2019-04-20 17:40:00,17,2,4,6,2,25,6,14,293,83.1,2,41,0.0488,0.1429,59.8,15.4,70.7,1014.5,0.0,10.9,6.8,278.7,W,-1.65,-5.25,2.15
566287,2019-04-21,2019,CIN,2019-04-21 13:10:00,13,4,3,7,3,19,2,18,248,83.1,4,48,0.0833,0.1667,62.0,16.7,50.0,1015.4,0.0,14.6,9.1,245.3,SW,6.08,1.19,10.24
566288,2019-04-23,2019,SEA,2019-04-23 19:10:00,19,6,3,9,3,14,6,15,281,80.7,3,51,0.0588,0.2,61.1,16.2,87.7,1013.5,0.0,6.1,3.8,223.8,SW,4.38,2.68,5.55
566289,2019-04-24,2019,SEA,2019-04-24 12:40:00,12,1,0,1,1,19,2,6,197,81.5,0,37,0.0,0.1667,69.6,20.9,64.3,1014.1,0.0,14.4,9.0,245.7,SW,5.95,1.09,10.09
566290,2019-05-03,2019,LAD,2019-05-03 19:10:00,19,3,4,7,4,23,4,15,296,84.8,3,46,0.0652,0.2667,60.8,16.0,82.7,1012.8,0.0,5.0,3.1,257.3,W,1.09,-0.63,2.68
566291,2019-05-04,2019,LAD,2019-05-04 17:40:00,17,6,7,13,3,18,9,21,387,82.2,3,56,0.0536,0.1429,62.4,16.9,70.3,1010.5,0.0,12.2,7.6,300.3,NW,-6.18,-9.42,-2.19
566292,2019-05-05,2019,LAD,2019-05-05 13:10:00,13,8,5,13,4,15,7,15,261,84.4,5,52,0.0962,0.2667,65.2,18.4,57.7,1010.9,0.0,16.1,10.0,261.0,W,2.52,-3.08,7.82
566293,2019-05-06,2019,NYM,2019-05-06 19:10:00,19,4,0,4,1,20,2,11,228,86.4,0,42,0.0,0.0909,60.7,16.0,78.3,1014.2,0.2,11.0,6.8,303.0,NW,-5.99,-8.78,-2.47
566294,2019-05-07,2019,NYM,2019-05-07 19:10:00,19,6,7,13,3,21,9,24,340,86.1,4,54,0.0741,0.125,59.4,15.2,79.7,1017.2,0.0,10.4,6.5,309.7,NW,-6.64,-8.98,-3.5
566295,2019-05-08,2019,NYM,2019-05-08 12:40:00,12,3,2,5,3,20,3,12,261,83.5,7,42,0.1667,0.25,63.9,17.7,70.3,1014.2,0.0,18.3,11.4,279.3,W,-2.97,-8.97,3.39
566296,2019-05-16,2019,PIT,2019-05-16 19:10:00,19,4,3,7,3,15,4,13,298,83.1,5,49,0.102,0.2308,59.7,15.4,71.3,1015.0,0.0,20.4,12.7,285.0,W,-5.28,-11.7,1.77
566297,2019-05-17,2019,PIT,2019-05-17 19:10:00,19,3,5,8,3,22,5,16,281,82.1,4,47,0.0851,0.1875,59.1,15.0,80.0,1015.1,0.0,5.9,3.7,339.6,N,-5.56,-5.93,-4.52
566298,2019-05-18,2019,PIT,2019-05-18 17:40:00,17,2,7,9,4,21,9,20,329,84.9,3,51,0.0588,0.2,61.9,16.6,75.3,1013.0,0.0,11.4,7.1,229.3,SW,7.45,4.04,9.97
566299,2019-05-19,2019,PIT,2019-05-19 13:10:00,13,4,6,10,2,13,5,16,279,86.3,4,54,0.0741,0.125,64.2,17.9,60.0,1012.1,0.5,28.5,17.7,263.3,W,3.34,-6.54,12.82
566300,2019-05-20,2019,AZ,2019-05-20 19:10:00,19,2,1,3,1,24,4,11,254,81.9,2,37,0.0541,0.0909,59.1,15.0,78.3,1014.6,0.0,12.3,7.6,246.7,SW,4.86,0.71,8.42
566301,2019-05-21,2019,AZ,2019-05-21 19:10:00,19,3,2,5,3,14,1,9,225,81.1,5,46,0.1087,0.3333,58.8,14.9,76.3,1009.4,0.1,22.8,14.2,273.0,W,-1.19,-8.91,6.67
566302,2019-05-22,2019,AZ,2019-05-22 12:40:00,12,5,2,7,0,14,5,18,284,81.5,6,50,0.12,0.0,61.8,16.5,63.3,1007.6,0.4,27.9,17.3,259.3,W,5.16,-4.52,14.21
566303,2019-05-31,2019,MIA,2019-05-31 19:10:00,19,5,2,7,4,20,4,13,283,85.1,3,45,0.0667,0.3077,60.3,15.7,78.0,1011.3,0.0,7.1,4.4,209.7,SW,6.2,4.62,7.03
566304,2019-06-01,2019,MIA,2019-06-01 19:10:00,19,3,9,12,2,20,7,15,295,86.0,1,48,0.0208,0.1333,60.4,15.8,78.3,1011.0,0.0,9.6,6.0,240.7,SW,4.72,1.56,7.31
566305,2019-06-02,2019,MIA,2019-06-02 15:10:00,15,3,9,12,4,19,3,17,322,83.6,4,51,0.0784,0.2353,64.4,18.0,66.3,1011.3,0.0,15.9,9.9,271.1,W,-0.3,-5.7,5.15
566306,2019-06-03,2019,PHI,2019-06-03 19:10:00,19,8,2,10,3,12,11,15,271,83.6,5,50,0.1,0.2,62.4,16.9,78.7,1012.2,0.0,9.9,6.2,303.0,NW,-5.39,-7.91,-2.23
566307,2019-06-04,2019,PHI,2019-06-04 19:10:00,19,6,9,15,7,15,2,23,318,84.9,6,62,0.0968,0.3043,62.2,16.8,83.7,1012.4,0.0,8.9,5.5,237.3,SW,4.79,1.94,7.05
566308,2019-06-05,2019,PHI,2019-06-05 12:40:00,12,5,7,12,3,19,9,19,326,85.1,4,54,0.0741,0.1579,68.5,20.3,66.7,1013.1,0.0,15.9,9.9,243.0,SW,7.22,1.94,11.63
566309,2019-06-06,2019,WSH,2019-06-06 19:10:00,19,5,4,9,2,20,10,10,284,83.5,4,40,0.1,0.2,61.8,16.6,84.0,1013.3,0.0,11.1,6.9,201.0,S,10.33,8.35,11.06
566310,2019-06-07,2019,WSH,2019-06-07 19:10:00,19,5,4,9,1,15,1,18,276,84.4,1,53,0.0189,0.0556,62.1,16.7,80.3,1011.6,0.0,8.0,5.0,250.7,W,2.65,-0.09,5.07
566311,2019-06-08,2019,WSH,2019-06-08 19:10:00,19,1,4,5,1,18,5,14,268,84.4,1,49,0.0204,0.0714,61.0,16.1,82.0,1013.0,0.0,7.0,4.3,230.4,SW,4.44,2.34,6.01
566312,2019-06-09,2019,WSH,2019-06-09 13:10:00,13,2,5,7,4,12,1,15,266,84.4,5,55,0.0909,0.2667,72.6,22.6,59.3,1012.5,0.0,18.3,11.4,265.3,W,1.49,-4.85,7.65
566313,2019-06-17,2019,MIL,2019-06-17 19:10:00,19,2,0,2,1,19,6,11,281,83.8,4,41,0.0976,0.0909,62.6,17.0,78.3,1012.0,0.0,8.1,5.1,235.7,SW,4.59,2.01,6.61
566314,2019-06-18,2019,MIL,2019-06-18 19:10:00,19,4,1,5,1,18,6,12,255,83.9,2,43,0.0465,0.0833,63.0,17.2,78.7,1014.1,0.0,7.8,4.8,276.0,W,-0.81,-3.42,1.89
566315,2019-06-19,2019,MIL,2019-06-19 12:40:00,12,8,7,15,5,12,9,22,303,86.5,8,59,0.1356,0.2273,69.4,20.8,63.0,1014.5,0.0,17.3,10.8,243.3,SW,7.78,2.01,12.61
566316,2019-06-28,2019,STL,2019-06-28 19:10:00,19,3,1,4,2,11,4,16,271,83.2,2,53,0.0377,0.125,64.9,18.3,84.3,1014.6,0.0,5.4,3.4,260.8,W,0.87,-1.01,2.64
566317,2019-06-29,2019,STL,2019-06-29 19:10:00,19,12,2,14,6,23,6,17,321,83.7,8,47,0.1702,0.3529,67.9,19.9,79.7,1014.4,0.0,8.8,5.5,319.7,NW,-6.71,-8.25,-4.36
566318,2019-06-30,2019,STL,2019-06-30 13:10:00,13,3,5,8,2,24,8,19,366,82.7,3,57,0.0526,0.1053,75.4,24.1,59.7,1014.1,0.0,19.4,12.1,279.7,W,-3.26,-9.6,3.48
566319,2019-07-01,2019,SF,2019-07-01 19:10:00,19,2,13,15,3,13,5,19,310,84.9,5,63,0.0794,0.1579,66.3,19.1,81.0,1012.7,0.0,6.9,4.3,291.0,W,-2.48,-4.55,-0.12
566320,2019-07-02,2019,SF,2019-07-02 19:10:00,19,4,10,14,5,17,4,26,313,88.2,8,62,0.129,0.1923,66.5,19.2,83.3,1011.4,0.0,5.7,3.5,231.7,SW,3.53,1.79,4.85
566321,2019-07-03,2019,SF,2019-07-03 18:10:00,18,5,7,12,4,16,4,20,286,85.6,4,56,0.0714,0.2,65.1,18.4,74.7,1011.7,0.0,8.9,5.5,194.7,S,8.61,7.32,8.86
566322,2019-07-12,2019,ATL,2019-07-12 19:10:00,19,3,5,8,4,16,9,17,269,84.5,5,49,0.102,0.2353,67.9,20.0,84.0,1008.6,0.0,5.6,3.5,262.7,W,0.72,-1.23,2.57
566323,2019-07-13,2019,ATL,2019-07-13 17:40:00,17,5,7,12,5,21,13,16,365,85.3,5,54,0.0926,0.3125,67.6,19.8,80.7,1010.2,0.0,11.7,7.3,229.3,SW,7.62,4.13,10.2
566324,2019-07-14,2019,ATL,2019-07-14 13:10:00,13,1,4,5,1,18,4,17,277,82.9,2,53,0.0377,0.0588,72.5,22.5,65.7,1013.9,0.0,13.4,8.3,244.3,SW,5.82,1.33,9.61
566325,2019-07-26,2019,SF,2019-07-26 19:10:00,19,1,2,3,2,24,8,10,313,85.2,4,52,0.0769,0.2,71.1,21.7,79.3,1014.0,0.0,9.1,5.6,302.0,NW,-4.8,-7.14,-1.89
566326,2019-07-27,2019,SF,2019-07-27 17:40:00,17,5,1,6,1,16,10,14,296,83.1,1,45,0.0222,0.0714,73.1,22.8,73.0,1012.3,0.0,10.9,6.8,291.7,W,-4.01,-7.22,-0.32
566327,2019-07-28,2019,SF,2019-07-28 13:10:00,13,6,7,13,2,14,6,23,268,84.7,4,58,0.069,0.087,74.2,23.5,66.7,1012.7,0.0,14.3,8.9,240.0,SW,7.13,2.48,10.93
566328,2019-07-29,2019,BAL,2019-07-29 19:10:00,19,8,1,9,5,20,6,17,293,84.1,5,50,0.1,0.2941,69.2,20.7,83.3,1010.8,0.0,8.9,5.6,278.7,W,-1.35,-4.29,1.76
566329,2019-07-30,2019,BAL,2019-07-30 12:40:00,12,5,8,13,3,26,5,23,317,84.2,6,51,0.1176,0.1304,72.1,22.3,65.3,1011.9,0.0,18.8,11.7,210.7,SW,16.17,11.92,18.48
566330,2019-08-08,2019,COL,2019-08-08 19:10:00,19,9,3,12,3,16,4,21,270,86.7,2,54,0.037,0.1429,67.7,19.8,85.3,1011.8,0.0,7.8,4.9,293.3,NW,-3.1,-5.37,-0.45
566331,2019-08-09,2019,COL,2019-08-09 19:10:00,19,7,1,8,1,12,6,17,279,85.9,2,54,0.037,0.0588,67.9,19.9,86.3,1011.9,0.0,4.8,3.0,254.8,W,1.25,-0.4,2.75
566332,2019-08-10,2019,COL,2019-08-10 17:40:00,17,8,5,13,5,18,6,19,288,86.9,3,53,0.0566,0.2632,70.2,21.2,75.3,1012.3,0.0,10.4,6.5,295.3,NW,-4.46,-7.42,-0.97
566333,2019-08-11,2019,COL,2019-08-11 12:40:00,12,3,8,11,3,20,9,18,282,84.8,3,51,0.0588,0.1667,73.2,22.9,63.0,1013.3,0.0,16.6,10.3,252.0,W,5.12,-0.58,10.2
566334,2019-08-12,2019,TB,2019-08-12 19:10:00,19,4,10,14,2,20,9,24,336,81.9,2,57,0.0351,0.0833,65.4,18.6,85.7,1013.3,0.0,6.2,3.9,238.0,SW,3.29,1.29,4.89
566335,2019-08-13,2019,TB,2019-08-13 19:10:00,19,5,7,12,2,26,14,18,347,82.2,3,45,0.0667,0.1111,68.1,20.0,84.0,1013.0,0.0,9.4,5.8,305.3,NW,-5.42,-7.7,-2.48
566336,2019-08-14,2019,TB,2019-08-14 12:40:00,12,7,2,9,2,17,6,16,325,82.3,3,48,0.0625,0.125,77.8,25.4,59.0,1013.4,0.0,18.4,11.5,287.7,W,-5.59,-11.26,0.75
566337,2019-08-23,2019,BOS,2019-08-23 19:10:00,19,0,11,11,2,10,3,19,292,85.9,1,62,0.0161,0.1053,67.1,19.5,88.3,1010.3,0.0,6.7,4.2,227.7,SW,4.51,2.55,5.93
566338,2019-08-24,2019,BOS,2019-08-24 17:40:00,17,4,5,9,2,21,11,17,335,83.1,2,47,0.0426,0.1176,70.2,21.2,80.7,1012.7,0.0,7.3,4.6,255.0,W,1.9,-0.64,4.21
566339,2019-08-25,2019,BOS,2019-08-25 13:10:00,13,3,1,4,2,16,8,9,276,85.7,2,42,0.0476,0.2222,81.3,27.4,49.7,1012.3,0.0,15.7,9.7,275.3,W,-1.46,-6.7,3.97
566340,2019-08-26,2019,LAD,2019-08-26 19:10:00,19,4,3,7,2,18,5,11,261,82.2,2,44,0.0455,0.1818,69.8,21.0,86.3,1009.9,0.0,6.6,4.1,225.0,SW,4.69,2.8,6.01
566341,2019-08-27,2019,LAD,2019-08-27 19:10:00,19,0,9,9,2,17,5,19,291,82.5,2,52,0.0385,0.1053,70.0,21.1,89.3,1010.5,0.0,8.5,5.3,235.7,SW,4.78,2.1,6.88
566342,2019-08-28,2019,LAD,2019-08-28 18:10:00,18,4,6,10,1,21,13,14,350,81.8,1,52,0.0192,0.0714,69.9,21.1,80.3,1012.2,0.0,7.8,4.8,293.1,NW,-3.04,-5.3,-0.41
566343,2019-09-06,2019,COL,2019-09-06 19:10:00,19,2,3,5,0,17,6,12,290,82.2,1,47,0.0213,0.0,73.9,23.3,76.0,1014.2,0.0,8.7,5.4,301.7,NW,-4.55,-6.8,-1.75
566344,2019-09-07,2019,COL,2019-09-07 17:40:00,17,3,0,3,2,20,9,9,256,82.9,3,38,0.0789,0.2222,73.2,22.9,74.3,1011.7,0.0,9.5,5.9,294.4,NW,-3.93,-6.66,-0.72
566345,2019-09-08,2019,COL,2019-09-08 13:10:00,13,2,1,3,0,18,9,11,296,84.6,2,47,0.0426,0.0,75.6,24.2,53.7,1010.6,0.0,13.7,8.5,268.7,W,0.32,-4.37,4.97
566346,2019-09-09,2019,CHC,2019-09-09 19:10:00,19,2,10,12,2,19,4,24,312,79.1,2,61,0.0328,0.0833,67.6,19.8,78.3,1009.5,0.0,10.0,6.2,185.7,S,9.98,9.04,9.72
566347,2019-09-10,2019,CHC,2019-09-10 19:10:00,19,9,8,17,5,18,11,20,343,86.5,4,61,0.0656,0.25,67.9,19.9,78.7,1011.3,0.0,8.9,5.5,194.0,S,8.64,7.38,8.85
566348,2019-09-11,2019,CHC,2019-09-11 19:10:00,19,4,0,4,1,23,7,10,295,81.4,2,37,0.0541,0.1,68.4,20.2,82.3,1013.2,0.0,8.8,5.5,311.7,NW,-5.87,-7.78,-3.26
566349,2019-09-12,2019,CHC,2019-09-12 12:40:00,12,1,4,5,0,30,6,13,310,83.3,0,34,0.0,0.0,76.8,24.9,63.0,1013.3,0.0,18.1,11.2,286.7,W,-5.18,-10.79,1.05
566350,2019-09-20,2019,AZ,2019-09-20 19:10:00,19,0,9,9,0,25,10,10,307,81.7,1,41,0.0244,0.0,68.0,20.0,85.0,1010.7,0.0,6.5,4.0,295.0,NW,-2.73,-4.57,-0.56
566351,2019-09-21,2019,AZ,2019-09-21 17:40:00,17,2,4,6,1,18,4,13,269,83.1,2,50,0.04,0.0769,70.3,21.3,77.3,1009.2,0.0,6.1,3.8,279.5,W,-1.01,-3.02,1.12
566352,2019-09-22,2019,AZ,2019-09-22 13:10:00,13,6,4,10,3,24,9,18,326,82.8,5,51,0.098,0.1667,76.3,24.6,68.0,1011.0,0.0,10.5,6.5,237.7,SW,5.63,2.25,8.34
566353,2019-09-24,2019,LAD,2019-09-24 19:10:00,19,3,6,9,2,20,9,12,280,84.6,1,45,0.0222,0.1667,69.3,20.7,85.0,1009.2,0.0,8.2,5.1,224.1,SW,5.89,3.59,7.49
566354,2019-09-25,2019,LAD,2019-09-25 19:10:00,19,4,6,10,4,27,5,17,303,83.3,4,43,0.093,0.2353,69.4,20.8,87.0,1010.7,0.0,13.1,8.2,191.0,S,12.89,11.26,12.97
566355,2019-09-26,2019,LAD,2019-09-26 12:40:00,12,0,1,1,0,23,4,8,257,81.3,1,38,0.0263,0.0,71.8,22.1,77.3,1013.9,0.0,18.4,11.5,217.0,SW,14.73,10.05,17.63
631091,2020-07-24,2020,AZ,2020-07-24 18:10:00,18,7,2,9,1,15,8,15,295,81.2,4,47,0.0851,0.0667,67.7,19.8,75.0,1011.9,0.0,9.4,5.8,268.3,W,0.27,-2.96,3.47
631092,2020-07-25,2020,AZ,2020-07-25 18:10:00,18,5,1,6,2,24,8,12,309,84.2,2,37,0.0541,0.1667,68.4,20.2,79.0,1011.7,0.0,11.7,7.2,290.3,W,-4.05,-7.55,-0.07
631097,2020-07-26,2020,AZ,2020-07-26 13:10:00,13,3,4,7,1,22,16,13,344,82.6,2,43,0.0465,0.0769,74.8,23.8,66.0,1012.5,0.0,18.8,11.7,282.3,W,-4.02,-10.06,2.51
631098,2020-07-27,2020,AZ,2020-07-27 13:10:00,13,6,2,8,1,16,7,13,265,83.5,1,46,0.0217,0.0769,75.0,23.9,61.3,1011.9,0.0,22.0,13.6,292.0,W,-8.23,-14.7,-0.77
631090,2020-08-03,2020,LAD,2020-08-03 18:10:00,18,5,4,9,5,15,6,15,267,85.0,7,47,0.1489,0.3333,66.4,19.1,86.0,1012.6,0.0,7.9,4.9,206.6,SW,7.09,5.45,7.88
631069,2020-08-04,2020,LAD,2020-08-04 18:10:00,18,2,5,7,2,17,5,10,277,83.0,3,47,0.0638,0.2,67.9,19.9,80.0,1013.1,0.0,8.2,5.1,277.0,W,-0.99,-3.7,1.84
631085,2020-08-05,2020,LAD,2020-08-05 18:10:00,18,6,7,13,4,19,7,17,301,85.5,6,50,0.12,0.2353,67.3,19.6,79.3,1012.3,0.0,7.7,4.8,252.7,W,2.3,-0.36,4.69
631073,2020-08-07,2020,AZ,2020-08-07 18:10:00,18,3,0,3,3,18,2,9,237,81.6,3,41,0.0732,0.3333,67.8,19.9,73.3,1012.7,0.0,9.6,6.0,304.0,NW,-5.39,-7.79,-2.33
631074,2020-08-08,2020,AZ,2020-08-08 18:10:00,18,2,3,5,4,16,3,12,267,85.4,5,48,0.1042,0.3333,67.3,19.6,81.3,1013.1,0.0,11.1,6.9,304.0,NW,-6.23,-9.01,-2.69
631075,2020-08-09,2020,AZ,2020-08-09 13:10:00,13,9,5,14,9,25,8,16,305,85.2,9,42,0.2143,0.5625,74.3,23.5,61.0,1012.9,0.0,18.5,11.5,280.7,W,-3.42,-9.42,3.0
631076,2020-08-19,2020,TEX,2020-08-19 18:10:00,18,6,3,9,5,17,4,15,320,84.1,6,56,0.1071,0.3333,73.2,22.9,85.7,1008.6,0.0,8.6,5.4,240.3,SW,4.28,1.46,6.59
631077,2020-08-20,2020,TEX,2020-08-20 17:10:00,17,8,7,15,5,25,10,18,362,85.2,11,49,0.2245,0.2778,73.9,23.3,82.0,1006.6,0.0,13.2,8.2,204.7,SW,12.03,9.41,13.19
631078,2020-08-21,2020,HOU,2020-08-21 18:10:00,18,4,3,7,0,18,12,17,332,81.3,3,46,0.0652,0.0,75.2,24.0,75.3,1008.5,0.0,9.0,5.6,217.0,SW,7.21,4.92,8.64
631079,2020-08-22,2020,HOU,2020-08-22 18:10:00,18,13,2,15,7,15,4,19,258,85.5,9,55,0.1636,0.3684,75.0,23.9,84.7,1010.5,0.0,7.5,4.7,215.3,SW,6.12,4.27,7.23
631080,2020-08-23,2020,HOU,2020-08-23 13:10:00,13,5,3,8,2,14,4,11,265,79.6,5,47,0.1064,0.1818,80.7,27.0,69.0,1010.3,0.0,16.7,10.4,252.3,W,5.08,-0.68,10.23
631081,2020-08-25,2020,SEA,2020-08-25 18:10:00,18,3,8,11,3,20,5,24,325,81.8,3,58,0.0517,0.125,74.9,23.8,82.3,1007.6,0.0,15.3,9.5,316.7,NW,-11.15,-14.08,-6.88
631082,2020-08-27,2020,SEA,2020-08-26 18:10:00,18,3,8,11,3,15,8,18,254,86.3,5,43,0.1163,0.1667,73.0,22.8,84.7,1005.5,0.0,13.7,8.5,312.0,NW,-9.14,-12.07,-5.12
631083,2020-08-27,2020,SEA,2020-08-27 12:10:00,12,10,7,17,5,16,5,19,254,84.5,5,44,0.1136,0.2632,83.9,28.8,54.7,1005.2,0.0,19.1,11.9,290.3,W,-6.65,-12.38,-0.11
631084,2020-09-07,2020,COL,2020-09-07 18:10:00,18,1,0,1,0,20,4,13,270,83.1,3,42,0.0714,0.0,70.4,21.3,91.0,1005.1,0.0,9.9,6.2,192.7,S,9.66,8.33,9.82
631071,2020-09-08,2020,COL,2020-09-08 18:10:00,18,14,5,19,4,17,6,23,300,82.6,4,53,0.0755,0.1739,71.6,22.0,85.7,1004.6,0.0,8.1,5.1,209.0,SW,7.11,5.34,8.03
631056,2020-09-09,2020,COL,2020-09-09 17:10:00,17,5,3,8,3,16,6,16,277,83.3,3,49,0.0612,0.1875,73.2,22.9,73.7,1009.8,0.0,8.5,5.3,245.4,SW,3.56,0.69,6.0
631072,2020-09-10,2020,SF,2020-09-10 18:10:00,18,6,1,7,3,25,2,15,269,84.7,6,39,0.1538,0.2,72.6,22.6,68.7,1013.8,0.0,8.1,5.0,311.3,NW,-5.33,-7.08,-2.93
631058,2020-09-13,2020,SF,2020-09-11 18:10:00,18,3,1,4,1,12,5,9,200,79.8,1,33,0.0303,0.1111,72.8,22.7,65.7,1012.2,0.0,9.4,5.8,330.7,NW,-8.17,-9.24,-6.1
631060,2020-09-13,2020,SF,2020-09-13 13:10:00,13,6,0,6,0,10,4,10,214,81.0,0,37,0.0,0.0,77.9,25.5,58.3,1010.7,0.0,18.2,11.3,295.0,NW,-7.69,-12.87,-1.59
631061,2020-09-14,2020,LAD,2020-09-14 18:10:00,18,7,2,9,2,24,4,14,280,83.6,4,41,0.0976,0.1429,70.7,21.5,83.3,1013.6,0.0,8.3,5.1,292.3,W,-3.14,-5.57,-0.33
631062,2020-09-15,2020,LAD,2020-09-15 18:10:00,18,1,3,4,1,15,2,15,276,82.7,2,52,0.0385,0.0667,75.0,23.9,55.0,1013.5,0.0,12.8,8.0,341.7,N,-12.15,-12.79,-10.04
631063,2020-09-16,2020,LAD,2020-09-16 13:10:00,13,5,7,12,4,18,7,14,300,84.8,5,50,0.1,0.2857,88.7,31.5,28.7,1011.9,0.0,20.8,12.9,309.0,NW,-13.07,-17.8,-6.76
631064,2020-09-22,2020,LAA,2020-09-22 18:10:00,18,2,4,6,2,22,11,14,302,83.2,4,45,0.0889,0.1429,68.9,20.5,81.0,1014.9,0.0,9.8,6.1,307.0,NW,-5.9,-8.22,-2.87
631065,2020-09-23,2020,LAA,2020-09-23 13:10:00,13,2,5,7,4,21,5,17,301,85.7,3,49,0.0612,0.2353,77.8,25.5,58.0,1014.4,0.0,18.8,11.7,290.3,W,-6.53,-12.17,-0.11
631059,2020-09-25,2020,SF,2020-09-12 18:10:00,18,6,5,11,3,15,6,10,227,79.5,3,36,0.0833,0.3,72.6,22.6,65.0,1010.6,0.0,8.6,5.3,315.7,NW,-6.13,-7.81,-3.71
634618,2021-04-01,2021,AZ,2021-04-01 13:10:00,13,8,7,15,6,22,6,22,318,85.9,6,51,0.1176,0.2727,78.3,25.7,13.0,1010.4,0.0,16.4,10.2,266.7,W,0.95,-4.71,6.49
634576,2021-04-02,2021,AZ,2021-04-02 19:10:00,19,4,2,6,2,20,9,17,319,80.8,2,45,0.0444,0.1176,58.8,14.9,85.3,1017.2,0.0,5.5,3.4,307.7,NW,-3.38,-4.68,-1.68
634623,2021-04-03,2021,AZ,2021-04-03 17:40:00,17,7,0,7,1,19,6,14,288,82.6,4,46,0.087,0.0714,60.3,15.7,78.7,1017.9,0.0,15.5,9.6,315.3,NW,-11.0,-14.06,-6.62
634572,2021-04-04,2021,AZ,2021-04-04 13:10:00,13,1,3,4,1,15,11,12,299,81.2,2,49,0.0408,0.0833,67.6,19.8,54.0,1016.2,0.0,15.8,9.8,281.7,W,-3.2,-8.31,2.29
634591,2021-04-05,2021,SF,2021-04-05 19:10:00,19,2,3,5,3,14,6,17,310,80.9,7,57,0.1228,0.1765,57.9,14.4,85.0,1013.2,0.0,6.5,4.1,283.4,W,-1.51,-3.59,0.75
634529,2021-04-06,2021,SF,2021-04-06 19:10:00,19,3,1,4,2,16,3,11,257,81.2,2,42,0.0476,0.1818,58.2,14.6,87.3,1016.7,0.0,8.1,5.0,312.8,NW,-5.51,-7.21,-3.14
634563,2021-04-07,2021,SF,2021-04-07 13:10:00,13,2,3,5,2,22,6,11,295,82.8,4,48,0.0833,0.1818,70.6,21.4,50.7,1016.1,0.0,18.0,11.2,290.3,W,-6.24,-11.63,-0.1
634531,2021-04-16,2021,LAD,2021-04-16 19:10:00,19,6,11,17,3,26,11,24,424,82.4,4,70,0.0571,0.125,57.8,14.3,83.7,1014.0,0.0,9.3,5.8,296.7,NW,-4.16,-6.74,-1.08
634449,2021-04-17,2021,LAD,2021-04-17 17:40:00,17,0,2,2,1,25,6,6,285,77.8,1,34,0.0294,0.1667,60.9,16.0,75.3,1012.8,0.0,11.1,6.9,287.7,W,-3.36,-6.76,0.45
634488,2021-04-18,2021,LAD,2021-04-18 13:10:00,13,5,2,7,2,22,5,10,291,79.2,3,39,0.0769,0.2,80.7,27.1,17.7,1012.6,0.0,33.2,20.6,304.3,NW,-18.72,-26.97,-8.22
634399,2021-04-19,2021,MIL,2021-04-19 19:10:00,19,1,3,4,3,23,7,7,257,80.2,3,36,0.0833,0.4286,61.9,16.6,81.3,1014.2,0.0,6.5,4.1,246.0,SW,2.66,0.46,4.54
634392,2021-04-20,2021,MIL,2021-04-20 19:10:00,19,0,6,6,2,27,1,17,277,81.8,4,45,0.0889,0.1176,56.8,13.8,79.3,1012.1,0.0,18.2,11.3,183.3,S,18.17,16.71,17.44
634476,2021-04-21,2021,MIL,2021-04-21 13:10:00,13,2,4,6,2,30,12,14,345,79.4,3,38,0.0789,0.1429,61.0,16.1,58.3,1012.6,0.0,18.6,11.6,222.0,SW,13.85,8.75,17.28
634303,2021-04-30,2021,SF,2021-04-30 19:10:00,19,3,2,5,1,22,9,13,275,81.9,2,40,0.05,0.0769,62.7,17.0,77.3,1015.3,0.0,4.9,3.0,281.4,W,-0.96,-2.53,0.73
634316,2021-05-01,2021,SF,2021-05-01 17:40:00,17,6,2,8,3,16,9,11,273,82.9,3,43,0.0698,0.2727,59.4,15.2,78.0,1012.7,0.0,17.0,10.5,210.0,SW,14.69,10.91,16.71
634301,2021-05-02,2021,SF,2021-05-02 13:10:00,13,1,7,8,2,19,8,13,302,84.8,2,48,0.0417,0.1538,63.4,17.5,67.3,1009.6,0.0,21.0,13.1,206.7,SW,18.8,14.43,20.89
634243,2021-05-03,2021,PIT,2021-05-03 19:10:00,19,2,0,2,0,16,6,7,240,84.1,0,42,0.0,0.0,60.5,15.8,85.0,1011.9,0.0,8.9,5.5,191.3,S,8.73,7.6,8.8
634313,2021-05-04,2021,PIT,2021-05-04 19:10:00,19,1,2,3,0,10,5,14,251,84.2,0,56,0.0,0.0,60.6,15.9,89.0,1012.7,0.0,7.7,4.8,228.0,SW,5.13,2.87,6.77
634227,2021-05-05,2021,PIT,2021-05-05 17:10:00,17,4,2,6,2,19,5,16,287,81.3,2,49,0.0408,0.125,62.1,16.7,81.3,1013.8,0.0,10.1,6.3,238.7,SW,5.23,1.98,7.86
634132,2021-05-14,2021,STL,2021-05-14 19:10:00,19,5,4,9,2,14,16,14,357,81.7,3,47,0.0638,0.1429,60.4,15.8,78.0,1014.1,0.0,11.2,7.0,265.3,W,0.91,-2.96,4.67
634143,2021-05-15,2021,STL,2021-05-15 17:40:00,17,13,3,16,6,9,9,23,360,84.1,6,62,0.0968,0.2609,60.7,16.0,71.3,1012.9,0.1,14.3,8.9,217.7,SW,11.29,7.63,13.59
634090,2021-05-16,2021,STL,2021-05-16 16:08:00,16,5,3,8,1,12,10,15,328,85.0,3,53,0.0566,0.0667,60.7,15.9,71.0,1015.1,0.4,14.7,9.2,246.7,SW,5.84,0.86,10.11
634057,2021-05-17,2021,COL,2021-05-17 19:10:00,19,7,0,7,1,15,3,14,240,81.0,0,49,0.0,0.0714,60.6,15.9,82.0,1016.1,0.0,12.4,7.7,299.7,NW,-6.14,-9.45,-2.08
634065,2021-05-18,2021,COL,2021-05-18 19:10:00,19,2,1,3,0,29,5,12,323,77.8,2,42,0.0476,0.0,60.4,15.8,90.3,1012.5,0.0,7.6,4.7,268.3,W,0.22,-2.39,2.8
634031,2021-05-19,2021,COL,2021-05-19 13:10:00,13,3,0,3,2,22,2,8,236,81.5,2,37,0.0541,0.25,67.2,19.6,67.7,1010.9,0.0,16.3,10.1,231.7,SW,10.09,5.12,13.84
634019,2021-05-21,2021,SEA,2021-05-21 19:10:00,19,16,1,17,3,19,12,21,359,82.4,5,51,0.098,0.1429,59.0,15.0,71.7,1017.1,0.0,11.2,7.0,290.0,W,-3.84,-7.22,-0.0
633991,2021-05-22,2021,SEA,2021-05-22 17:40:00,17,6,4,10,1,18,11,17,293,81.8,4,48,0.0833,0.0588,60.0,15.5,62.3,1018.0,0.0,8.7,5.4,286.9,W,-2.52,-5.21,0.46
633996,2021-05-23,2021,SEA,2021-05-23 13:10:00,13,9,2,11,2,18,4,17,256,81.1,2,48,0.0417,0.1176,68.5,20.3,53.0,1017.3,0.0,24.1,15.0,293.3,NW,-9.56,-16.56,-1.4
633841,2021-06-03,2021,NYM,2021-06-03 19:10:00,19,4,3,7,2,12,8,14,295,83.6,1,52,0.0192,0.1429,60.3,15.7,84.3,1013.2,0.0,13.9,8.6,184.3,S,13.83,12.63,13.35
633816,2021-06-04,2021,NYM,2021-06-04 19:10:00,19,2,0,2,1,19,5,9,257,81.9,3,40,0.075,0.1111,61.3,16.3,84.3,1014.3,0.0,7.8,4.8,218.7,SW,6.06,4.04,7.36
633821,2021-06-05,2021,NYM,2021-06-05 19:10:00,19,0,4,4,2,31,4,18,313,81.0,2,42,0.0476,0.1111,61.8,16.5,79.3,1012.6,0.0,6.4,4.0,249.0,W,2.29,0.11,4.2
633806,2021-06-06,2021,NYM,2021-06-06 13:10:00,13,2,6,8,2,18,7,16,281,82.4,4,49,0.0816,0.125,66.5,19.2,61.0,1012.4,0.0,18.9,11.8,223.3,SW,13.77,8.5,17.38
633779,2021-06-07,2021,CHC,2021-06-07 19:10:00,19,9,4,13,3,20,10,17,327,83.5,4,45,0.0889,0.1765,60.6,15.9,72.3,1013.6,0.2,14.1,8.8,186.3,S,14.01,12.64,13.7
633777,2021-06-08,2021,CHC,2021-06-08 19:10:00,19,1,7,8,3,17,8,10,278,83.5,4,45,0.0889,0.3,62.2,16.8,79.7,1016.6,0.0,11.0,6.9,318.3,NW,-8.24,-10.25,-5.24
633739,2021-06-09,2021,CHC,2021-06-09 13:10:00,13,1,3,4,2,22,3,8,260,81.0,3,37,0.0811,0.25,69.1,20.6,50.7,1018.1,0.0,22.7,14.1,293.7,NW,-9.12,-15.7,-1.45
633617,2021-06-17,2021,CIN,2021-06-17 17:40:00,17,6,4,10,5,12,6,16,280,84.3,6,55,0.1091,0.3125,66.5,19.2,82.0,1007.9,0.0,11.2,6.9,213.0,SW,9.36,6.72,10.88
633596,2021-06-18,2021,CIN,2021-06-18 19:10:00,19,8,2,10,3,20,7,18,318,85.2,7,49,0.1429,0.1667,64.0,17.8,82.3,1007.9,0.0,6.2,3.8,216.9,SW,4.93,3.37,5.9
633597,2021-06-19,2021,CIN,2021-06-19 16:15:00,16,7,5,12,2,17,7,21,303,80.8,7,53,0.1321,0.0952,68.6,20.3,72.3,1007.1,0.0,13.1,8.2,277.7,W,-1.75,-6.1,2.8
633566,2021-06-20,2021,CIN,2021-06-20 13:10:00,13,3,2,5,0,19,7,15,277,81.5,3,45,0.0667,0.0,71.2,21.8,63.7,1011.1,0.0,16.6,10.3,249.7,W,5.78,0.1,10.77
633651,2021-06-21,2021,LAD,2021-06-21 19:10:00,19,6,2,8,4,25,8,13,310,84.3,4,39,0.1026,0.3077,64.2,17.9,83.7,1013.9,0.0,9.1,5.7,278.3,W,-1.32,-4.34,1.85
633540,2021-06-22,2021,LAD,2021-06-22 19:10:00,19,3,2,5,3,19,8,12,286,84.4,4,43,0.093,0.25,65.0,18.3,86.3,1011.6,0.0,12.8,8.0,306.4,NW,-7.59,-10.66,-3.61
633627,2021-06-23,2021,LAD,2021-06-23 19:10:00,19,5,3,8,3,17,9,12,293,78.5,6,44,0.1364,0.25,65.6,18.7,81.7,1014.8,0.0,9.8,6.1,297.7,NW,-4.54,-7.22,-1.3
633492,2021-06-25,2021,AZ,2021-06-25 19:10:00,19,11,5,16,5,13,8,26,336,84.2,5,64,0.0781,0.1923,65.4,18.6,86.3,1010.7,0.0,13.3,8.2,305.7,NW,-7.74,-10.96,-3.58
633512,2021-06-26,2021,AZ,2021-06-26 19:10:00,19,1,10,11,2,10,7,25,315,78.7,5,66,0.0758,0.08,65.2,18.5,81.7,1007.3,0.0,6.4,4.0,238.5,SW,3.36,1.29,5.04
633544,2021-06-27,2021,AZ,2021-06-27 13:10:00,13,5,4,9,1,18,5,19,275,82.8,2,51,0.0392,0.0526,72.0,22.2,65.7,1005.4,0.0,17.7,11.0,215.7,SW,14.41,10.0,17.07
633378,2021-07-05,2021,WSH,2021-07-05 19:10:00,19,5,7,12,3,15,8,19,341,80.3,3,60,0.05,0.1579,66.1,19.0,84.0,1013.3,0.0,12.3,7.6,312.7,NW,-8.31,-10.9,-4.73
633396,2021-07-06,2021,WSH,2021-07-06 19:10:00,19,7,4,11,3,11,6,22,308,86.6,6,59,0.1017,0.1364,65.6,18.7,81.7,1011.0,0.0,5.4,3.3,260.6,W,0.87,-0.99,2.63
633362,2021-07-07,2021,WSH,2021-07-07 19:10:00,19,5,15,20,3,12,8,28,363,81.7,3,72,0.0417,0.1071,65.0,18.3,82.3,1009.0,0.0,8.3,5.1,212.3,SW,6.98,5.05,8.08
633343,2021-07-08,2021,WSH,2021-07-08 18:10:00,18,9,8,17,4,16,4,22,328,83.4,7,59,0.1186,0.1818,68.2,20.1,82.3,1010.0,0.0,8.3,5.2,236.3,SW,4.62,1.97,6.71
633367,2021-07-09,2021,COL,2021-07-09 19:10:00,19,4,2,6,0,15,9,14,245,80.8,2,46,0.0435,0.0,68.8,20.4,82.0,1012.7,0.0,6.8,4.2,274.4,W,-0.52,-2.81,1.83
633301,2021-07-10,2021,COL,2021-07-10 19:10:00,19,0,3,3,0,18,6,13,274,82.7,2,47,0.0426,0.0,68.7,20.4,81.3,1012.7,0.0,8.3,5.2,220.0,SW,6.38,4.17,7.83
633314,2021-07-11,2021,COL,2021-07-11 13:10:00,13,1,3,4,2,16,5,15,263,82.1,4,51,0.0784,0.1333,73.0,22.8,63.3,1011.2,0.0,17.5,10.9,223.3,SW,12.75,7.87,16.1
633155,2021-07-27,2021,ATH,2021-07-27 19:10:00,19,7,4,11,3,15,3,23,275,83.4,6,56,0.1071,0.1304,70.3,21.3,77.7,1014.3,0.0,11.2,7.0,315.0,NW,-7.94,-10.18,-4.75
633096,2021-07-28,2021,ATH,2021-07-28 13:10:00,13,4,10,14,1,21,8,19,336,78.3,1,52,0.0192,0.0526,78.1,25.6,57.0,1014.4,0.0,20.0,12.4,289.0,W,-6.52,-12.61,0.35
633065,2021-07-29,2021,COL,2021-07-29 19:10:00,19,3,0,3,1,19,3,14,238,85.6,4,43,0.093,0.0714,69.6,20.9,84.3,1011.8,0.0,11.1,6.9,292.7,NW,-4.26,-7.5,-0.51
633112,2021-07-30,2021,COL,2021-07-30 19:10:00,19,4,9,13,6,13,7,21,310,85.8,6,58,0.1034,0.2857,69.1,20.6,84.7,1014.6,0.0,10.6,6.6,297.7,NW,-4.91,-7.81,-1.41
633142,2021-07-31,2021,COL,2021-07-31 17:40:00,17,3,5,8,4,24,8,13,300,80.7,4,41,0.0976,0.3077,72.7,22.6,67.0,1014.5,0.0,16.9,10.5,310.0,NW,-10.88,-14.66,-5.79
633084,2021-08-01,2021,COL,2021-08-01 13:10:00,13,8,1,9,2,23,6,17,292,83.0,4,42,0.0952,0.1176,79.2,26.2,51.0,1015.2,0.0,21.8,13.5,302.3,NW,-11.66,-17.26,-4.66
633008,2021-08-06,2021,AZ,2021-08-06 19:10:00,19,5,8,13,1,13,8,20,291,85.2,2,58,0.0345,0.05,65.5,18.6,87.3,1012.7,0.0,8.8,5.5,209.3,SW,7.7,5.76,8.72
632988,2021-08-07,2021,AZ,2021-08-07 17:40:00,17,6,2,8,3,23,6,14,275,80.5,3,38,0.0789,0.2143,67.5,19.7,80.7,1011.0,0.0,9.3,5.8,259.0,W,1.77,-1.46,4.79
633051,2021-08-08,2021,AZ,2021-08-08 13:10:00,13,2,0,2,1,22,4,11,251,85.7,1,38,0.0263,0.0909,73.0,22.8,65.3,1011.7,0.0,14.4,8.9,252.7,W,4.28,-0.67,8.71
632942,2021-08-09,2021,MIA,2021-08-09 19:10:00,19,8,3,11,2,18,5,16,286,83.6,2,48,0.0417,0.125,68.4,20.2,86.0,1011.5,0.0,7.0,4.3,272.7,W,-0.33,-2.7,2.09
632976,2021-08-10,2021,MIA,2021-08-10 19:10:00,19,6,5,11,0,19,2,24,287,79.6,0,53,0.0,0.0,69.6,20.9,86.0,1013.0,0.0,6.7,4.2,243.8,SW,2.95,0.72,4.83
632959,2021-08-11,2021,MIA,2021-08-11 13:10:00,13,0,7,7,3,21,9,16,305,79.3,3,45,0.0667,0.1875,79.6,26.5,57.0,1012.4,0.0,14.6,9.1,247.0,SW,5.72,0.77,9.98
632817,2021-08-20,2021,PHI,2021-08-20 19:10:00,19,3,4,7,2,24,14,9,348,83.3,3,38,0.0789,0.2222,68.8,20.5,72.7,1008.6,0.0,9.5,5.9,264.0,W,1.0,-2.31,4.18
632806,2021-08-21,2021,PHI,2021-08-21 17:40:00,17,4,3,7,2,25,9,8,316,80.2,2,40,0.05,0.25,70.0,21.1,63.3,1007.7,0.0,14.0,8.7,292.7,NW,-5.4,-9.49,-0.65
632830,2021-08-22,2021,PHI,2021-08-22 12:40:00,12,4,7,11,4,11,5,20,305,82.5,5,61,0.082,0.2,72.7,22.6,62.7,1009.3,0.0,16.8,10.5,273.3,W,-0.98,-6.67,4.83
632748,2021-08-24,2021,LAD,2021-08-24 19:10:00,19,2,5,7,2,18,9,9,289,81.1,2,44,0.0455,0.2222,69.6,20.9,84.3,1012.5,0.0,10.8,6.7,313.7,NW,-7.46,-9.68,-4.34
632764,2021-08-25,2021,LAD,2021-08-25 19:10:00,19,3,5,8,3,34,14,14,533,81.3,5,77,0.0649,0.2143,71.4,21.9,83.3,1011.3,0.0,14.0,8.7,313.0,NW,-9.55,-12.47,-5.47
632685,2021-08-26,2021,LAD,2021-08-26 18:10:00,18,0,4,4,1,19,3,8,264,83.5,3,42,0.0714,0.125,72.3,22.4,79.0,1007.6,0.0,12.1,7.5,301.7,NW,-6.37,-9.52,-2.45
632651,2021-09-03,2021,HOU,2021-09-03 19:10:00,19,3,6,9,2,15,7,15,305,82.3,4,53,0.0755,0.1333,68.7,20.4,82.7,1011.2,0.0,7.9,4.9,302.3,NW,-4.23,-6.25,-1.69
632612,2021-09-04,2021,HOU,2021-09-04 17:40:00,17,10,2,12,4,15,9,18,294,84.9,4,51,0.0784,0.2222,77.7,25.4,56.7,1009.0,0.0,14.2,8.8,323.7,NW,-11.41,-13.59,-7.85
632647,2021-09-05,2021,HOU,2021-09-05 13:10:00,13,4,3,7,3,9,5,14,220,84.4,6,52,0.1154,0.2143,77.6,25.3,61.0,1009.7,0.0,14.6,9.1,232.3,SW,8.9,4.42,12.31
632581,2021-09-07,2021,LAA,2021-09-07 19:10:00,19,0,4,4,1,21,5,9,262,82.2,3,41,0.0732,0.1111,70.4,21.3,84.3,1011.7,0.0,6.3,3.9,276.7,W,-0.73,-2.83,1.45
632631,2021-09-08,2021,LAA,2021-09-08 17:10:00,17,8,5,13,2,22,9,14,320,81.5,4,42,0.0952,0.1429,72.0,22.2,81.0,1009.3,0.0,13.6,8.4,252.7,W,4.04,-0.63,8.23
632378,2021-09-21,2021,SF,2021-09-21 19:10:00,19,5,6,11,5,15,4,26,304,85.0,8,61,0.1311,0.1923,72.5,22.5,74.0,1016.9,0.0,8.1,5.1,307.3,NW,-4.93,-6.85,-2.42
632384,2021-09-22,2021,SF,2021-09-22 19:10:00,19,6,8,14,1,16,9,25,340,81.4,6,60,0.1,0.04,72.7,22.6,62.0,1014.0,0.0,10.9,6.8,319.7,NW,-8.28,-10.19,-5.38
632370,2021-09-23,2021,SF,2021-09-23 13:10:00,13,7,6,13,4,17,12,14,357,80.0,5,54,0.0926,0.2857,75.3,24.1,60.7,1010.3,0.0,16.7,10.4,282.3,W,-3.57,-8.95,2.23
632352,2021-09-24,2021,ATL,2021-09-24 19:10:00,19,0,4,4,1,13,0,10,219,84.6,1,51,0.0196,0.1,66.1,19.0,84.3,1013.7,0.0,5.4,3.3,21.6,N,-4.99,-4.01,-5.36
632343,2021-09-25,2021,ATL,2021-09-25 16:15:00,16,8,10,18,4,23,6,23,352,86.1,8,61,0.1311,0.1739,68.3,20.2,79.7,1013.7,0.0,11.7,7.3,283.0,W,-2.63,-6.37,1.42
632325,2021-09-26,2021,ATL,2021-09-26 13:10:00,13,3,4,7,1,17,12,20,333,82.8,7,55,0.1273,0.05,69.8,21.0,71.7,1015.4,0.0,16.1,10.0,275.3,W,-1.49,-6.87,4.07
662237,2022-04-14,2022,ATL,2022-04-14 17:10:00,17,12,1,13,3,15,5,22,292,81.7,4,58,0.069,0.1364,60.1,15.6,73.3,1013.6,0.0,12.4,7.7,266.0,W,0.87,-3.4,5.04
662236,2022-04-15,2022,ATL,2022-04-15 18:40:00,18,2,5,7,1,25,4,15,307,81.9,1,43,0.0233,0.0667,60.5,15.8,74.3,1014.1,0.0,5.0,3.1,307.5,NW,-3.02,-4.19,-1.49
662235,2022-04-16,2022,ATL,2022-04-16 13:05:00,13,2,5,7,5,17,5,13,282,82.0,6,48,0.125,0.3846,65.8,18.8,56.0,1019.0,0.0,24.6,15.3,303.7,NW,-13.66,-19.84,-5.82
662234,2022-04-17,2022,ATL,2022-04-17 16:08:00,16,2,1,3,1,16,8,7,275,82.4,3,42,0.0714,0.1429,62.4,16.9,70.3,1015.9,0.0,18.7,11.6,302.0,NW,-9.91,-14.74,-3.89
662233,2022-04-18,2022,CIN,2022-04-18 18:40:00,18,4,1,5,2,19,9,13,275,79.5,2,44,0.0455,0.1538,60.7,15.9,84.7,1014.3,0.0,13.1,8.2,323.3,NW,-10.53,-12.58,-7.21
662232,2022-04-19,2022,CIN,2022-04-19 18:40:00,18,6,2,8,2,17,4,13,260,82.7,3,46,0.0652,0.1538,61.1,16.2,80.7,1013.4,0.0,10.6,6.6,281.7,W,-2.14,-5.55,1.53
662231,2022-04-20,2022,CIN,2022-04-20 13:10:00,13,6,0,6,2,17,8,11,268,82.5,3,42,0.0714,0.1818,66.0,18.9,55.3,1015.9,0.0,19.4,12.0,267.0,W,1.02,-5.66,7.57
662230,2022-04-22,2022,LAD,2022-04-22 18:40:00,18,1,6,7,3,16,10,12,321,82.9,3,49,0.0612,0.25,57.9,14.4,69.0,1017.8,0.1,14.0,8.7,295.3,NW,-5.98,-9.93,-1.3
662276,2022-04-23,2022,LAD,2022-04-23 17:40:00,17,3,2,5,1,21,7,10,305,78.3,2,45,0.0444,0.1,63.4,17.4,68.0,1013.9,0.0,12.4,7.7,318.9,NW,-9.35,-11.57,-6.0
662274,2022-04-24,2022,LAD,2022-04-24 13:10:00,13,2,10,12,3,16,5,16,299,81.4,6,54,0.1111,0.1875,79.1,26.2,26.0,1013.2,0.0,25.3,15.7,281.0,W,-4.83,-13.05,3.96
662262,2022-05-05,2022,MIA,2022-05-05 18:40:00,18,2,1,3,2,14,6,10,263,82.3,3,44,0.0682,0.2,62.8,17.1,81.3,1014.7,0.0,12.0,7.4,302.3,NW,-6.4,-9.47,-2.56
662272,2022-05-06,2022,MIA,2022-05-06 18:40:00,18,3,2,5,1,12,7,11,297,81.0,4,50,0.08,0.0909,62.1,16.7,81.0,1013.4,0.0,6.8,4.2,233.0,SW,4.09,1.99,5.7
662261,2022-05-07,2022,MIA,2022-05-07 17:40:00,17,0,8,8,2,16,6,15,270,81.3,3,53,0.0566,0.1333,62.3,16.8,78.7,1011.5,0.0,13.9,8.6,218.0,SW,10.95,7.36,13.22
662260,2022-05-08,2022,MIA,2022-05-08 13:10:00,13,3,2,5,2,18,3,13,284,83.0,2,48,0.0417,0.1538,64.6,18.1,66.0,1011.6,0.2,17.8,11.1,236.4,SW,9.86,4.2,14.33
662259,2022-05-09,2022,CHC,2022-05-09 18:40:00,18,0,6,6,0,16,2,14,282,81.8,1,48,0.0208,0.0,59.4,15.2,62.0,1014.2,0.0,14.4,9.0,310.0,NW,-9.28,-12.5,-4.93
662258,2022-05-10,2022,CHC,2022-05-10 18:40:00,18,5,4,9,1,19,7,21,294,83.9,3,51,0.0588,0.0476,60.1,15.6,59.0,1017.6,0.0,21.1,13.1,303.7,NW,-11.68,-16.97,-4.98
662273,2022-05-11,2022,CHC,2022-05-11 13:10:00,13,5,7,12,4,17,5,21,314,84.4,8,55,0.1455,0.1905,65.6,18.7,35.0,1018.8,0.0,23.7,14.7,283.7,W,-5.6,-13.14,2.62
662257,2022-05-23,2022,MIL,2022-05-23 18:40:00,18,3,2,5,0,15,11,17,363,79.6,0,58,0.0,0.0,59.8,15.4,77.3,1010.9,0.0,10.6,6.6,214.7,SW,8.75,6.15,10.29
662229,2022-05-24,2022,MIL,2022-05-24 18:40:00,18,1,4,5,2,17,4,13,298,82.9,2,48,0.0417,0.1538,61.2,16.2,79.0,1009.4,0.0,7.9,4.9,245.0,SW,3.34,0.69,5.59
662228,2022-05-25,2022,MIL,2022-05-25 13:10:00,13,1,2,3,0,18,7,9,287,79.1,1,43,0.0233,0.0,67.8,19.9,64.0,1011.8,0.0,16.5,10.2,235.7,SW,9.29,4.08,13.38
662281,2022-05-27,2022,PIT,2022-05-27 18:40:00,18,4,3,7,2,13,7,12,274,80.3,2,48,0.0417,0.1667,62.8,17.1,73.3,1014.2,0.0,14.1,8.8,303.3,NW,-7.77,-11.34,-3.26
662280,2022-05-28,2022,PIT,2022-05-28 19:10:00,19,2,4,6,1,23,11,18,345,79.9,2,50,0.04,0.0556,60.9,16.1,77.7,1011.8,0.2,9.4,5.8,251.3,W,3.0,-0.22,5.85
662279,2022-05-29,2022,PIT,2022-05-29 13:10:00,13,4,2,6,2,18,5,13,256,82.1,3,48,0.0625,0.1538,68.1,20.1,62.0,1009.2,0.0,17.0,10.5,251.7,W,5.34,-0.49,10.52
662278,2022-06-06,2022,NYM,2022-06-06 18:40:00,18,5,11,16,2,19,5,23,329,83.9,6,56,0.1071,0.087,66.3,19.1,82.7,1009.5,0.0,8.5,5.3,225.7,SW,5.91,3.48,7.63
662277,2022-06-07,2022,NYM,2022-06-07 18:40:00,18,7,0,7,1,11,6,8,262,80.7,3,48,0.0625,0.125,63.4,17.5,79.3,1010.2,0.0,13.2,8.2,196.0,S,12.72,10.7,13.2
662223,2022-06-08,2022,NYM,2022-06-08 18:40:00,18,13,2,15,1,12,7,21,292,81.7,3,59,0.0508,0.0476,63.9,17.7,82.3,1008.2,0.0,11.7,7.3,227.0,SW,7.98,4.57,10.42
662275,2022-06-10,2022,COL,2022-06-10 18:40:00,18,9,0,9,1,14,8,19,318,81.1,4,54,0.0741,0.0526,66.4,19.1,82.3,1011.6,0.0,7.9,4.9,237.7,SW,4.21,1.68,6.23
662222,2022-06-11,2022,COL,2022-06-11 19:10:00,19,2,6,8,0,16,7,13,319,82.8,1,52,0.0192,0.0,65.4,18.6,80.3,1011.3,0.0,7.9,4.9,282.0,W,-1.64,-4.17,1.09
662251,2022-06-11,2022,COL,2022-06-11 13:10:00,13,2,1,3,1,22,4,11,272,81.2,2,45,0.0444,0.0909,70.9,21.6,65.7,1012.5,0.0,16.4,10.2,255.3,W,4.14,-1.52,9.31
662256,2022-06-12,2022,COL,2022-06-12 13:10:00,13,2,4,6,1,20,3,15,261,82.8,1,46,0.0217,0.0667,70.1,21.2,66.3,1010.6,0.0,18.3,11.4,231.7,SW,11.35,5.75,15.57
662221,2022-06-20,2022,AZ,2022-06-20 18:40:00,18,4,1,5,2,10,7,9,254,83.1,3,49,0.0612,0.2222,69.6,20.9,67.0,1009.7,0.0,9.3,5.8,252.0,W,2.88,-0.32,5.73
662248,2022-06-21,2022,AZ,2022-06-21 18:40:00,18,3,2,5,2,29,11,9,347,78.9,1,43,0.0233,0.2222,67.9,19.9,73.0,1012.1,0.0,9.4,5.8,300.7,NW,-4.8,-7.28,-1.75
662245,2022-06-22,2022,AZ,2022-06-22 13:10:00,13,10,4,14,3,15,6,24,337,81.3,2,64,0.0312,0.125,79.3,26.3,52.3,1010.8,0.0,20.0,12.4,282.4,W,-4.29,-10.73,2.66
662227,2022-06-23,2022,PHI,2022-06-23 18:40:00,18,2,6,8,3,6,3,15,238,83.3,3,61,0.0492,0.2,70.5,21.4,70.0,1010.1,0.0,12.2,7.6,299.3,NW,-5.98,-9.25,-1.98
662255,2022-06-24,2022,PHI,2022-06-24 18:40:00,18,1,0,1,0,22,7,12,277,83.9,3,39,0.0769,0.0,68.8,20.5,77.0,1010.4,0.0,11.6,7.2,293.3,NW,-4.61,-7.98,-0.68
662247,2022-06-25,2022,PHI,2022-06-25 19:10:00,19,2,4,6,1,11,4,11,264,83.0,3,53,0.0566,0.0909,67.4,19.7,84.7,1012.5,0.0,8.7,5.4,306.0,NW,-5.13,-7.24,-2.41
662254,2022-06-26,2022,PHI,2022-06-26 13:10:00,13,5,8,13,1,20,5,18,290,82.6,5,49,0.102,0.0556,76.4,24.7,57.7,1013.0,0.0,15.9,9.9,267.3,W,0.74,-4.74,6.13
662270,2022-07-04,2022,SEA,2022-07-04 15:40:00,15,2,8,10,2,20,11,19,338,83.9,4,53,0.0755,0.1053,69.0,20.6,64.3,1012.8,0.0,14.9,9.3,238.7,SW,7.77,2.93,11.66
662226,2022-07-05,2022,SEA,2022-07-05 13:10:00,13,2,6,8,1,16,6,19,309,82.0,2,56,0.0357,0.0526,73.5,23.1,61.0,1012.7,0.0,18.2,11.3,257.6,W,3.9,-2.43,9.76
662253,2022-07-07,2022,SF,2022-07-07 18:40:00,18,2,1,3,1,17,8,10,283,81.9,6,48,0.125,0.1,67.5,19.7,81.3,1013.6,0.0,10.3,6.4,264.7,W,0.96,-2.6,4.39
662225,2022-07-08,2022,SF,2022-07-08 18:40:00,18,6,3,9,3,22,11,14,309,83.8,2,43,0.0465,0.2143,68.1,20.0,78.0,1015.7,0.0,7.9,4.9,280.3,W,-1.42,-4.01,1.33
662266,2022-07-09,2022,SF,2022-07-09 16:15:00,16,1,3,4,1,19,5,10,257,84.7,3,45,0.0667,0.1,71.7,22.0,67.0,1016.0,0.0,15.4,9.5,290.3,W,-5.34,-9.95,-0.09
662198,2022-07-10,2022,SF,2022-07-10 13:10:00,13,0,12,12,3,22,6,23,313,84.6,7,54,0.1296,0.1304,75.1,24.0,61.7,1014.8,0.0,16.2,10.1,263.3,W,1.88,-3.74,7.29
662197,2022-07-15,2022,AZ,2022-07-15 18:40:00,18,5,3,8,2,14,6,14,295,82.4,3,50,0.06,0.1429,67.0,19.4,82.7,1012.3,0.0,10.0,6.2,244.7,SW,4.28,0.93,7.11
662271,2022-07-16,2022,AZ,2022-07-16 17:40:00,17,4,3,7,2,9,5,18,276,83.1,4,58,0.069,0.1111,68.8,20.5,78.0,1010.5,0.0,10.4,6.5,243.2,SW,4.68,1.22,7.58
662269,2022-07-17,2022,AZ,2022-07-17 13:10:00,13,1,3,4,2,19,6,12,288,81.4,3,47,0.0638,0.1667,73.9,23.3,67.7,1010.3,0.0,16.8,10.4,244.3,SW,7.26,1.66,11.99
662268,2022-07-29,2022,MIN,2022-07-29 18:40:00,18,10,1,11,6,22,5,14,263,86.6,5,42,0.119,0.4286,69.0,20.5,78.0,1011.7,0.0,9.0,5.6,218.7,SW,7.0,4.66,8.5
662196,2022-07-30,2022,MIN,2022-07-30 16:15:00,16,4,7,11,4,23,6,17,318,84.0,5,46,0.1087,0.2353,73.2,22.9,66.0,1012.4,0.0,13.3,8.3,227.3,SW,9.02,5.13,11.82
662267,2022-07-31,2022,MIN,2022-07-31 13:10:00,13,3,2,5,3,15,3,11,255,82.8,3,48,0.0625,0.2727,73.8,23.2,80.3,1014.7,0.0,13.3,8.2,251.3,W,4.24,-0.31,8.29
662224,2022-08-01,2022,COL,2022-08-01 18:40:00,18,4,1,5,2,15,5,13,270,82.5,2,46,0.0435,0.1538,71.1,21.7,79.7,1014.4,0.0,7.0,4.3,236.9,SW,3.82,1.58,5.6
662220,2022-08-02,2022,COL,2022-08-02 19:10:00,19,3,2,5,1,15,7,11,321,85.6,2,47,0.0426,0.0909,71.1,21.7,82.0,1014.0,0.0,12.4,7.7,308.7,NW,-7.77,-10.62,-3.98
662250,2022-08-02,2022,COL,2022-08-02 13:10:00,13,13,5,18,4,16,8,31,323,83.4,3,62,0.0484,0.129,77.3,25.2,65.0,1014.4,0.0,18.8,11.7,285.0,W,-4.87,-10.78,1.64
662244,2022-08-03,2022,COL,2022-08-03 18:40:00,18,9,1,10,3,22,5,16,313,82.6,6,44,0.1364,0.1875,71.2,21.8,80.3,1011.3,0.0,10.0,6.2,288.7,W,-3.2,-6.25,0.23
662219,2022-08-04,2022,COL,2022-08-04 13:10:00,13,3,7,10,1,18,6,23,338,81.9,2,53,0.0377,0.0435,76.6,24.8,62.0,1011.3,0.0,18.0,11.2,275.7,W,-1.78,-7.8,4.46
662218,2022-08-08,2022,SF,2022-08-08 18:40:00,18,0,1,1,0,22,2,12,276,83.4,0,42,0.0,0.0,73.5,23.0,74.3,1011.7,0.0,7.5,4.6,260.7,W,1.21,-1.38,3.66
662246,2022-08-09,2022,SF,2022-08-09 18:40:00,18,7,4,11,3,15,6,20,317,83.3,3,55,0.0545,0.15,73.6,23.1,79.3,1012.4,0.0,9.2,5.7,230.7,SW,5.83,3.05,7.91
662217,2022-08-10,2022,SF,2022-08-10 13:10:00,13,13,7,20,3,13,8,27,319,82.6,3,63,0.0476,0.1111,81.5,27.5,59.0,1014.0,0.0,16.5,10.2,268.0,W,0.57,-5.09,6.17
662182,2022-08-18,2022,WSH,2022-08-18 18:40:00,18,1,3,4,2,14,8,9,284,82.7,2,48,0.0417,0.2222,70.5,21.4,80.0,1010.8,0.0,10.6,6.6,294.3,NW,-4.38,-7.43,-0.8
662181,2022-08-19,2022,WSH,2022-08-19 18:40:00,18,3,6,9,1,23,8,13,324,80.8,1,46,0.0217,0.0769,70.2,21.2,77.7,1007.6,0.0,9.4,5.9,212.3,SW,7.97,5.77,9.22
662180,2022-08-20,2022,WSH,2022-08-20 17:40:00,17,2,1,3,3,13,6,12,287,82.7,3,51,0.0588,0.25,70.8,21.5,74.3,1011.0,0.0,13.7,8.5,203.3,SW,12.58,9.96,13.68
662179,2022-08-21,2022,WSH,2022-08-21 13:10:00,13,2,1,3,2,11,2,16,224,85.6,5,52,0.0962,0.125,76.2,24.5,61.7,1014.8,0.0,17.6,10.9,258.0,W,3.66,-2.45,9.33
662213,2022-08-23,2022,CLE,2022-08-23 18:40:00,18,1,3,4,2,20,7,10,306,82.5,3,44,0.0682,0.2,70.2,21.2,79.7,1008.2,0.0,7.6,4.7,226.6,SW,5.24,3.03,6.82
662212,2022-08-24,2022,CLE,2022-08-24 13:10:00,13,0,7,7,3,18,3,19,280,82.8,4,54,0.0741,0.1579,76.8,24.9,65.0,1009.8,0.0,16.4,10.2,227.0,SW,11.18,6.41,14.61
662211,2022-09-05,2022,AZ,2022-09-05 15:40:00,15,0,5,5,1,18,3,11,257,84.3,2,46,0.0435,0.0909,79.5,26.4,64.7,1005.7,0.0,16.0,9.9,231.7,SW,9.9,5.02,13.59
662205,2022-09-06,2022,AZ,2022-09-06 18:40:00,18,6,5,11,6,15,6,16,297,82.4,4,53,0.0755,0.375,76.3,24.6,78.7,1010.2,0.0,7.3,4.5,240.1,SW,3.64,1.26,5.59
662216,2022-09-07,2022,AZ,2022-09-07 17:40:00,17,6,3,9,6,13,7,16,258,85.6,5,51,0.098,0.375,79.6,26.4,77.7,1010.4,0.0,11.7,7.2,266.2,W,0.77,-3.26,4.7
661850,2022-09-09,2022,LAD,2022-09-09 18:40:00,18,5,4,9,3,19,6,14,322,83.8,4,53,0.0755,0.2143,74.6,23.7,93.0,1001.7,11.1,10.2,6.4,137.9,SE,7.59,9.48,4.78
661849,2022-09-10,2022,LAD,2022-09-10 17:40:00,17,4,8,12,3,17,7,20,272,85.2,4,53,0.0755,0.15,74.7,23.7,87.0,1010.3,0.1,15.1,9.4,177.7,S,15.05,14.36,13.94
661848,2022-09-11,2022,LAD,2022-09-11 13:10:00,13,2,11,13,5,19,5,18,285,85.6,7,52,0.1346,0.2778,77.1,25.0,84.3,1013.8,0.0,13.7,8.5,249.3,W,4.86,0.17,8.96
662204,2022-09-20,2022,STL,2022-09-20 18:40:00,18,5,0,5,1,7,4,15,288,84.5,0,57,0.0,0.0667,70.5,21.4,84.0,1011.2,0.0,13.1,8.1,312.3,NW,-8.82,-11.6,-4.98
662203,2022-09-21,2022,STL,2022-09-21 18:40:00,18,1,0,1,0,20,6,7,280,82.2,0,37,0.0,0.0,69.9,21.0,81.0,1012.0,0.0,15.4,9.6,324.0,NW,-12.46,-14.8,-8.61
662202,2022-09-22,2022,STL,2022-09-22 13:10:00,13,4,5,9,4,16,9,14,277,82.2,5,50,0.1,0.2857,77.8,25.4,55.7,1011.1,0.0,20.2,12.6,278.0,W,-2.82,-9.5,4.21
662210,2022-09-27,2022,LAD,2022-09-27 18:40:00,18,4,3,7,0,21,13,12,358,82.7,1,52,0.0192,0.0,72.3,22.4,84.7,1010.4,0.0,8.1,5.0,288.1,W,-2.51,-5.0,0.27
662214,2022-09-28,2022,LAD,2022-09-28 18:40:00,18,0,1,1,0,22,7,12,325,80.4,1,48,0.0208,0.0,69.7,20.9,92.3,1013.7,0.0,8.2,5.1,190.7,S,8.03,7.02,8.06
662209,2022-09-29,2022,LAD,2022-09-29 18:40:00,18,2,5,7,1,19,5,17,314,82.9,3,51,0.0588,0.0588,67.8,19.9,96.0,1012.4,0.0,5.9,3.7,206.0,SW,5.3,4.1,5.87
662208,2022-09-30,2022,CWS,2022-09-30 18:40:00,18,1,3,4,1,25,3,15,306,82.1,3,43,0.0698,0.0667,66.3,19.0,79.7,1009.6,0.0,9.7,6.0,227.3,SW,6.56,3.73,8.59
662207,2022-10-01,2022,CWS,2022-10-01 17:40:00,17,5,2,7,4,16,6,15,273,83.6,4,47,0.0851,0.2667,67.3,19.6,72.3,1010.6,0.0,12.2,7.6,281.7,W,-2.46,-6.39,1.76
662190,2022-10-02,2022,CWS,2022-10-02 13:10:00,13,1,2,3,2,16,5,12,288,81.3,2,50,0.04,0.1667,73.5,23.1,60.7,1012.3,0.0,19.5,12.1,274.7,W,-1.59,-8.14,5.16
662239,2022-10-03,2022,SF,2022-10-03 18:40:00,18,7,4,11,1,20,9,13,304,84.3,1,41,0.0244,0.0769,68.4,20.2,80.7,1013.1,0.0,7.0,4.3,264.3,W,0.69,-1.72,3.02
662252,2022-10-04,2022,SF,2022-10-04 18:40:00,18,6,2,8,1,22,5,18,259,84.8,3,44,0.0682,0.0556,67.9,19.9,86.7,1012.5,0.0,8.3,5.2,223.7,SW,6.03,3.7,7.63
662238,2022-10-05,2022,SF,2022-10-05 13:10:00,13,1,8,9,3,20,5,16,286,82.0,1,49,0.0204,0.1875,73.5,23.1,67.7,1013.1,0.0,13.6,8.5,239.7,SW,6.88,2.44,10.49
718778,2023-03-30,2023,COL,2023-03-30 18:40:00,18,2,7,9,3,27,2,24,320,81.8,3,50,0.06,0.125,52.2,11.2,82.0,1016.2,0.1,7.2,4.5,105.6,E,1.93,4.19,-0.56
718766,2023-03-31,2023,COL,2023-03-31 18:40:00,18,1,4,5,1,13,5,14,268,79.1,2,53,0.0377,0.0714,53.6,12.0,87.7,1020.0,0.0,12.7,7.9,341.6,N,-12.02,-12.66,-9.93
718750,2023-04-01,2023,COL,2023-04-01 17:40:00,17,8,4,12,2,10,11,16,275,82.5,5,54,0.0926,0.125,57.0,13.9,82.3,1019.0,0.0,5.5,3.4,294.5,NW,-2.28,-3.86,-0.43
718733,2023-04-02,2023,COL,2023-04-02 13:10:00,13,3,1,4,3,15,3,8,237,78.6,5,43,0.1163,0.375,59.2,15.1,75.7,1016.9,0.0,14.1,8.7,226.3,SW,9.71,5.65,12.61
718722,2023-04-03,2023,AZ,2023-04-03 18:40:00,18,5,4,9,5,14,6,17,283,84.7,6,51,0.1176,0.2941,52.6,11.4,70.3,1014.5,0.0,19.3,12.0,291.3,W,-7.01,-12.72,-0.45
718717,2023-04-04,2023,AZ,2023-04-04 13:10:00,13,6,8,14,3,11,9,19,315,82.2,2,60,0.0333,0.1579,57.4,14.1,41.0,1019.1,0.0,26.3,16.4,300.7,NW,-13.43,-20.37,-4.87
718589,2023-04-13,2023,MIL,2023-04-13 18:40:00,18,3,4,7,4,18,7,12,323,82.2,4,52,0.0769,0.3333,53.4,11.9,76.3,1010.9,0.0,14.4,8.9,183.3,S,14.34,13.19,13.76
718574,2023-04-14,2023,MIL,2023-04-14 18:40:00,18,2,11,13,4,11,7,24,332,85.6,10,63,0.1587,0.1667,55.4,13.0,82.0,1014.6,0.0,7.7,4.8,286.0,W,-2.13,-4.55,0.54
718560,2023-04-15,2023,MIL,2023-04-15 13:05:00,13,10,3,13,2,15,9,24,354,82.1,3,58,0.0517,0.0833,61.9,16.6,73.0,1018.4,0.0,17.5,10.9,287.7,W,-5.31,-10.69,0.71
718549,2023-04-16,2023,MIL,2023-04-16 13:10:00,13,0,1,1,0,25,5,9,268,78.9,2,39,0.0513,0.0,60.9,16.1,75.0,1017.8,0.0,14.2,8.8,283.3,W,-3.28,-7.82,1.65
718533,2023-04-17,2023,ATL,2023-04-17 18:40:00,18,0,2,2,1,17,5,13,282,78.2,4,47,0.0851,0.0769,55.7,13.2,79.7,1013.2,0.0,5.9,3.7,266.0,W,0.41,-1.64,2.41
718519,2023-04-18,2023,ATL,2023-04-18 18:40:00,18,1,8,9,3,20,8,12,314,80.7,6,44,0.1364,0.25,56.4,13.5,77.7,1014.8,0.0,11.2,6.9,293.7,NW,-4.48,-7.71,-0.71
718507,2023-04-19,2023,ATL,2023-04-19 13:10:00,13,1,0,1,1,17,6,10,248,77.4,3,41,0.0732,0.1,63.7,17.6,54.7,1016.0,0.0,22.5,14.0,284.0,W,-5.45,-12.6,2.36
718384,2023-04-29,2023,SF,2023-04-29 15:05:00,15,16,11,27,11,23,15,30,410,82.1,6,57,0.1053,0.3667,63.2,17.3,72.3,1014.4,0.0,16.0,9.9,275.3,W,-1.48,-6.83,4.04
718368,2023-04-30,2023,SF,2023-04-30 13:05:00,13,6,4,10,4,24,1,19,289,84.8,6,45,0.1333,0.2105,63.3,17.4,69.0,1012.1,0.0,17.1,10.6,253.0,W,4.99,-0.89,10.27
718345,2023-05-01,2023,CIN,2023-05-01 18:40:00,18,8,3,11,2,20,4,24,293,80.2,3,53,0.0566,0.0833,57.4,14.1,71.7,1011.0,0.1,15.1,9.4,229.0,SW,9.88,5.4,13.18
718335,2023-05-02,2023,CIN,2023-05-02 18:40:00,18,1,2,3,0,14,6,12,304,79.8,0,58,0.0,0.0,57.9,14.4,63.3,1012.9,0.0,9.3,5.8,258.0,W,1.93,-1.29,4.93
718330,2023-05-03,2023,CIN,2023-05-03 13:10:00,13,7,1,8,2,10,9,18,328,79.9,1,56,0.0179,0.1111,62.9,17.2,48.7,1011.7,0.0,19.6,12.2,234.7,SW,11.32,5.17,16.09
718295,2023-05-05,2023,LAD,2023-05-05 18:40:00,18,5,2,7,2,21,13,12,300,82.7,3,39,0.0769,0.1667,59.5,15.3,66.3,1017.3,0.0,11.6,7.2,288.7,W,-3.71,-7.25,0.27
718279,2023-05-06,2023,LAD,2023-05-06 17:40:00,17,1,2,3,1,18,8,8,305,80.2,2,44,0.0455,0.125,60.3,15.7,70.7,1018.0,0.0,15.2,9.4,300.6,NW,-7.73,-11.73,-2.8
718266,2023-05-07,2023,LAD,2023-05-07 16:10:00,16,2,5,7,2,20,6,15,308,82.4,4,55,0.0727,0.1333,62.9,17.2,62.0,1016.9,0.0,16.9,10.5,294.0,NW,-6.87,-11.74,-1.18
718162,2023-05-15,2023,KC,2023-05-15 18:40:00,18,4,0,4,0,19,11,7,296,78.8,1,38,0.0263,0.0,60.9,16.1,80.7,1016.7,0.0,9.9,6.1,291.0,W,-3.54,-6.47,-0.17
718144,2023-05-16,2023,KC,2023-05-16 18:40:00,18,4,5,9,0,18,7,16,294,83.2,3,48,0.0625,0.0,61.4,16.3,83.7,1013.9,0.0,9.1,5.7,291.7,W,-3.36,-6.05,-0.27
718140,2023-05-17,2023,KC,2023-05-17 13:10:00,13,3,4,7,2,23,11,17,318,78.7,0,45,0.0,0.1176,67.3,19.6,63.7,1010.9,0.0,18.5,11.5,279.7,W,-3.11,-9.17,3.32
718107,2023-05-19,2023,BOS,2023-05-19 18:40:00,18,1,6,7,3,15,6,13,293,84.5,5,50,0.1,0.2308,61.6,16.4,77.0,1016.3,0.0,9.0,5.6,249.3,W,3.16,0.1,5.84
718092,2023-05-20,2023,BOS,2023-05-20 19:10:00,19,2,4,6,3,17,5,10,305,83.5,6,48,0.125,0.3,61.6,16.5,81.3,1016.7,0.0,8.0,5.0,292.4,W,-3.06,-5.42,-0.34
718079,2023-05-21,2023,BOS,2023-05-21 13:10:00,13,7,0,7,1,16,6,13,284,80.4,3,47,0.0638,0.0769,67.6,19.8,66.7,1014.4,0.0,16.9,10.5,249.0,W,6.06,0.3,11.09
717921,2023-06-02,2023,CHC,2023-06-02 18:40:00,18,1,2,3,1,23,7,8,282,80.3,1,37,0.027,0.125,61.8,16.6,77.3,1013.8,0.0,11.1,6.9,304.3,NW,-6.28,-9.05,-2.76
717903,2023-06-03,2023,CHC,2023-06-03 19:10:00,19,6,0,6,2,19,7,12,275,84.3,4,44,0.0909,0.1667,61.6,16.5,81.7,1012.6,0.0,8.0,5.0,288.3,W,-2.5,-4.94,0.23
717889,2023-06-04,2023,CHC,2023-06-04 14:30:00,14,1,7,8,3,17,7,16,282,83.1,4,48,0.0833,0.1875,66.4,19.1,65.0,1010.6,0.0,17.7,11.0,265.7,W,1.34,-4.78,7.29
717880,2023-06-05,2023,CHC,2023-06-05 18:10:00,18,5,0,5,1,16,6,12,279,79.7,1,48,0.0208,0.0833,60.9,16.1,69.0,1011.8,0.0,13.8,8.6,209.7,SW,12.02,8.95,13.64
717864,2023-06-06,2023,SEA,2023-06-06 18:40:00,18,1,4,5,2,21,6,12,308,78.8,5,43,0.1163,0.1667,61.7,16.5,75.3,1012.1,0.0,10.9,6.8,232.7,SW,6.61,3.25,9.17
717863,2023-06-07,2023,SEA,2023-06-07 13:10:00,13,10,3,13,1,16,7,21,305,84.8,4,54,0.0741,0.0476,66.1,18.9,61.0,1014.7,0.0,13.2,8.2,256.0,W,3.19,-1.37,7.37
717772,2023-06-13,2023,CLE,2023-06-13 18:40:00,18,6,3,9,3,15,5,17,249,81.3,3,52,0.0577,0.1765,62.8,17.1,80.3,1014.1,0.0,15.5,9.6,308.7,NW,-9.68,-13.24,-4.96
717758,2023-06-14,2023,CLE,2023-06-14 18:40:00,18,5,0,5,4,14,7,14,289,81.4,4,48,0.0833,0.2857,62.5,16.9,78.7,1012.0,0.0,11.7,7.3,292.3,W,-4.44,-7.88,-0.48
717750,2023-06-15,2023,CLE,2023-06-15 17:40:00,17,6,8,14,2,15,9,23,343,81.6,5,61,0.082,0.087,64.5,18.0,76.3,1011.5,0.0,13.1,8.1,288.9,W,-4.25,-8.23,0.25
717732,2023-06-16,2023,TB,2023-06-16 18:40:00,18,2,6,8,3,16,9,16,294,83.5,3,49,0.0612,0.1875,64.6,18.1,82.3,1013.8,0.0,14.4,8.9,307.0,NW,-8.67,-12.08,-4.21
717717,2023-06-17,2023,TB,2023-06-17 16:15:00,16,2,0,2,0,23,6,7,256,79.1,2,36,0.0556,0.0,67.7,19.8,75.3,1012.6,0.0,17.8,11.1,298.7,NW,-8.54,-13.37,-2.68
717703,2023-06-18,2023,TB,2023-06-18 13:10:00,13,5,4,9,0,13,6,19,295,83.3,2,53,0.0377,0.0,69.4,20.8,66.0,1012.4,0.0,17.7,11.0,251.7,W,5.58,-0.52,11.0
717642,2023-06-23,2023,WSH,2023-06-23 18:40:00,18,13,3,16,4,13,5,25,285,86.3,7,61,0.1148,0.16,63.3,17.4,75.7,1014.9,0.0,16.2,10.1,309.0,NW,-10.19,-13.89,-5.27
717638,2023-06-24,2023,WSH,2023-06-24 17:40:00,17,0,2,2,2,17,8,10,296,80.6,3,45,0.0667,0.2,64.5,18.1,73.7,1015.8,0.0,15.3,9.5,313.1,NW,-10.42,-13.61,-5.98
717610,2023-06-25,2023,WSH,2023-06-25 13:10:00,13,3,8,11,2,17,7,19,332,83.7,6,56,0.1071,0.1053,69.1,20.6,56.0,1015.9,0.0,19.9,12.4,285.0,W,-5.16,-11.43,1.74
717505,2023-07-03,2023,LAA,2023-07-03 18:40:00,18,10,3,13,2,19,11,26,366,82.3,3,54,0.0556,0.0769,65.5,18.6,81.0,1010.9,0.0,13.0,8.1,305.7,NW,-7.58,-10.74,-3.51
717497,2023-07-04,2023,LAA,2023-07-04 15:40:00,15,8,5,13,3,21,10,17,301,80.7,4,44,0.0909,0.1765,70.4,21.3,63.0,1012.1,0.0,18.6,11.6,298.7,NW,-8.94,-13.99,-2.8
717478,2023-07-05,2023,LAA,2023-07-05 17:40:00,17,5,3,8,2,16,14,11,297,82.2,2,46,0.0435,0.1818,65.7,18.7,76.3,1012.3,0.0,13.5,8.4,290.6,W,-4.75,-8.77,-0.15
717454,2023-07-07,2023,NYM,2023-07-07 18:40:00,18,5,7,12,2,14,10,22,351,82.4,2,65,0.0308,0.0909,63.9,17.7,77.3,1009.1,0.0,10.5,6.5,298.7,NW,-5.04,-7.88,-1.58
717436,2023-07-08,2023,NYM,2023-07-08 19:10:00,19,3,1,4,2,28,5,8,280,82.3,2,31,0.0645,0.25,63.1,17.3,79.7,1010.1,0.0,6.5,4.0,256.3,W,1.53,-0.71,3.59
717423,2023-07-09,2023,NYM,2023-07-09 13:10:00,13,6,2,8,2,18,6,14,284,82.4,4,42,0.0952,0.1429,71.0,21.7,59.0,1012.1,0.0,16.4,10.2,255.7,W,4.07,-1.62,9.27
717276,2023-07-24,2023,PIT,2023-07-24 18:40:00,18,4,8,12,6,18,10,19,325,81.9,3,52,0.0577,0.3158,70.8,21.6,81.0,1013.5,0.0,7.9,4.9,304.0,NW,-4.44,-6.42,-1.92
717258,2023-07-25,2023,PIT,2023-07-25 18:40:00,18,5,1,6,3,15,9,14,297,82.5,5,49,0.102,0.2143,71.2,21.8,81.3,1012.5,0.0,8.8,5.4,258.6,W,1.73,-1.31,4.57
717246,2023-07-26,2023,PIT,2023-07-26 13:10:00,13,2,3,5,3,18,5,9,272,82.8,5,43,0.1163,0.3333,81.2,27.3,56.3,1011.7,0.0,15.1,9.4,259.7,W,2.7,-2.53,7.61
717224,2023-07-28,2023,TEX,2023-07-28 18:40:00,18,7,1,8,1,17,12,15,310,81.8,3,48,0.0625,0.0667,69.3,20.7,83.0,1012.2,0.0,7.9,4.9,234.7,SW,4.59,2.1,6.53
717209,2023-07-29,2023,TEX,2023-07-29 17:40:00,17,4,0,4,0,18,6,13,284,80.9,1,44,0.0227,0.0,71.1,21.7,80.3,1011.2,0.0,9.3,5.8,237.0,SW,5.09,2.11,7.46
717191,2023-07-30,2023,TEX,2023-07-30 13:10:00,13,5,3,8,2,21,10,21,329,82.2,4,49,0.0816,0.0952,74.1,23.4,71.0,1011.3,0.0,12.2,7.6,234.3,SW,7.13,3.3,10.1
717129,2023-08-04,2023,LAD,2023-08-04 18:40:00,18,5,10,15,2,10,8,21,322,83.4,4,64,0.0625,0.0952,69.2,20.7,77.3,1010.7,0.0,10.4,6.5,284.7,W,-2.64,-5.93,0.97
717112,2023-08-05,2023,LAD,2023-08-05 17:40:00,17,8,3,11,2,19,8,17,293,82.9,1,46,0.0217,0.1176,70.5,21.4,78.0,1010.4,0.0,9.4,5.8,261.3,W,1.41,-1.84,4.49
717093,2023-08-06,2023,LAD,2023-08-06 16:10:00,16,2,8,10,5,20,5,19,318,82.6,7,52,0.1346,0.2632,71.4,21.9,73.7,1013.1,0.0,11.9,7.4,240.0,SW,5.97,2.07,9.14
717094,2023-08-07,2023,LAD,2023-08-07 13:10:00,13,7,13,20,4,14,5,25,300,83.9,9,63,0.1429,0.16,77.4,25.2,54.3,1015.9,0.0,16.6,10.3,212.0,SW,14.05,10.2,16.2
716996,2023-08-14,2023,BAL,2023-08-14 18:40:00,18,1,4,5,2,14,5,13,236,82.3,2,48,0.0417,0.1538,69.8,21.0,82.0,1012.4,0.0,10.1,6.3,297.0,NW,-4.57,-7.36,-1.22
716980,2023-08-15,2023,BAL,2023-08-15 18:40:00,18,10,3,13,2,14,6,24,315,84.1,3,59,0.0508,0.0833,71.4,21.9,77.3,1012.2,0.0,13.4,8.3,311.9,NW,-8.93,-11.79,-4.99
716965,2023-08-16,2023,BAL,2023-08-16 17:40:00,17,5,2,7,2,12,4,13,267,83.7,4,50,0.08,0.1538,73.6,23.1,71.0,1009.9,0.0,13.9,8.6,301.7,NW,-7.3,-10.9,-2.81
716957,2023-08-17,2023,AZ,2023-08-17 18:40:00,18,1,3,4,2,16,5,6,253,84.5,6,44,0.1364,0.3333,69.4,20.8,81.0,1009.4,0.0,12.3,7.6,303.0,NW,-6.7,-9.82,-2.77
716942,2023-08-18,2023,AZ,2023-08-18 18:40:00,18,4,0,4,1,18,7,10,261,81.2,3,40,0.075,0.1,69.1,20.6,80.3,1008.8,0.0,9.5,5.9,282.0,W,-1.98,-5.05,1.33
716919,2023-08-19,2023,AZ,2023-08-19 12:10:00,12,4,6,10,4,18,11,16,366,79.9,5,50,0.1,0.25,71.4,21.9,72.3,1009.5,0.0,12.7,7.9,249.1,W,4.52,0.19,8.31
716931,2023-08-19,2023,AZ,2023-08-19 17:40:00,17,1,8,9,2,14,8,18,334,83.4,4,54,0.0741,0.1111,72.4,22.4,64.7,1007.0,0.0,8.6,5.4,289.2,W,-2.84,-5.46,0.12
716907,2023-08-21,2023,MIA,2023-08-21 18:40:00,18,6,2,8,3,18,9,14,287,86.4,4,44,0.0909,0.2143,66.1,18.9,98.0,1013.7,0.0,3.4,2.1,250.6,W,1.14,-0.04,2.18
716887,2023-08-22,2023,MIA,2023-08-22 18:40:00,18,0,3,3,1,21,5,11,282,82.5,2,42,0.0476,0.0909,68.7,20.4,89.3,1011.8,0.0,10.8,6.7,316.7,NW,-7.86,-9.92,-4.85
716883,2023-08-23,2023,MIA,2023-08-23 13:10:00,13,4,0,4,1,13,6,11,260,81.9,1,49,0.0204,0.0909,73.4,23.0,81.3,1010.8,0.0,15.1,9.4,279.0,W,-2.36,-7.3,2.87
716777,2023-08-31,2023,SF,2023-08-31 18:40:00,18,2,7,9,1,17,8,17,336,79.5,1,53,0.0189,0.0588,68.9,20.5,85.7,1008.1,0.0,8.1,5.1,198.7,S,7.71,6.35,8.13
716761,2023-09-01,2023,SF,2023-09-01 18:40:00,18,7,3,10,3,14,3,22,305,81.9,4,57,0.0702,0.1364,68.5,20.3,90.7,1012.1,0.5,10.6,6.6,197.0,S,10.17,8.49,10.62
716743,2023-09-02,2023,SF,2023-09-02 17:40:00,17,6,1,7,4,19,7,11,278,82.2,5,43,0.1163,0.3636,72.6,22.5,89.3,1013.8,0.0,11.4,7.1,304.7,NW,-6.47,-9.27,-2.88
716728,2023-09-03,2023,SF,2023-09-03 13:10:00,13,4,0,4,2,14,4,14,278,80.7,4,50,0.08,0.1429,73.1,22.8,74.0,1014.6,0.0,20.7,12.8,298.7,NW,-9.91,-15.52,-3.11
716720,2023-09-04,2023,PHI,2023-09-04 15:40:00,15,7,9,16,4,17,13,26,378,81.3,6,64,0.0938,0.1538,71.0,21.7,70.7,1010.3,0.0,12.9,8.0,263.3,W,1.5,-2.98,5.8
716703,2023-09-05,2023,PHI,2023-09-05 18:40:00,18,8,0,8,1,6,11,13,244,87.0,2,52,0.0385,0.0769,67.4,19.7,83.3,1012.2,0.0,7.2,4.5,272.7,W,-0.33,-2.77,2.15
716691,2023-09-06,2023,PHI,2023-09-06 13:10:00,13,1,5,6,2,23,9,15,349,80.8,4,46,0.087,0.1333,74.4,23.5,61.7,1012.3,0.0,18.2,11.3,285.3,W,-4.82,-10.54,1.48
716526,2023-09-18,2023,COL,2023-09-18 18:40:00,18,11,9,20,4,19,7,28,370,81.8,6,60,0.1,0.1429,66.4,19.1,83.3,1013.5,0.0,11.9,7.4,301.3,NW,-6.17,-9.27,-2.33
716516,2023-09-19,2023,COL,2023-09-19 18:40:00,18,2,0,2,1,22,9,7,288,76.3,0,36,0.0,0.1429,67.4,19.7,80.7,1011.6,0.0,9.3,5.8,279.3,W,-1.5,-4.54,1.71
716500,2023-09-20,2023,COL,2023-09-20 13:10:00,13,3,2,5,1,14,5,17,256,82.4,5,50,0.1,0.0588,72.2,22.3,62.3,1010.7,0.1,16.1,10.0,252.7,W,4.81,-0.75,9.78
716476,2023-09-22,2023,STL,2023-09-22 18:40:00,18,4,2,6,3,16,5,19,269,85.8,3,51,0.0588,0.1579,68.1,20.0,73.7,1013.0,0.0,11.1,6.9,334.3,NW,-10.0,-11.04,-7.75
716457,2023-09-23,2023,STL,2023-09-23 17:40:00,17,2,5,7,0,14,19,12,379,80.4,2,57,0.0351,0.0,67.2,19.6,76.7,1013.9,0.0,13.1,8.1,296.3,NW,-5.81,-9.48,-1.45
716444,2023-09-24,2023,STL,2023-09-24 13:10:00,13,12,2,14,3,14,5,24,294,84.9,5,60,0.0833,0.125,74.1,23.4,59.0,1013.7,0.0,19.0,11.8,288.7,W,-6.09,-11.89,0.44
745444,2024-03-20,2024,LAD,2024-03-20 03:05:00,3,2,5,7,0,13,13,11,304,83.6,2,52,0.0385,0.0,54.4,12.5,89.3,1014.7,0.0,6.8,4.2,87.3,E,-0.32,2.03,-2.64
745445,2024-03-28,2024,SF,2024-03-28 13:10:00,13,6,4,10,1,17,4,18,272,80.3,1,49,0.0204,0.0556,62.6,17.0,69.7,1015.9,0.0,20.9,13.0,299.7,NW,-10.35,-15.93,-3.51
745435,2024-03-29,2024,SF,2024-03-29 18:40:00,18,3,8,11,5,12,2,22,280,86.8,8,59,0.1356,0.2273,55.4,13.0,71.7,1011.6,0.0,10.7,6.6,163.2,S,10.21,10.65,8.55
745436,2024-03-30,2024,SF,2024-03-30 16:15:00,16,6,9,15,4,20,8,16,329,83.5,6,51,0.1176,0.25,53.7,12.1,75.3,1006.9,0.1,14.8,9.2,141.2,SE,11.56,14.04,7.69
745438,2024-03-31,2024,SF,2024-03-31 13:10:00,13,13,4,17,3,16,12,21,311,83.5,4,55,0.0727,0.1429,59.2,15.1,68.7,1007.0,0.2,33.5,20.8,180.0,S,33.47,31.45,31.45
745437,2024-04-01,2024,STL,2024-04-01 18:40:00,18,2,6,8,4,18,5,19,282,81.4,5,53,0.0943,0.2105,55.9,13.3,88.3,1018.1,0.0,7.3,4.6,335.5,NW,-6.67,-7.31,-5.23
745439,2024-04-02,2024,STL,2024-04-02 18:40:00,18,2,5,7,1,14,6,15,247,82.1,3,54,0.0556,0.0667,58.9,15.0,88.3,1023.3,0.0,6.9,4.3,332.4,NW,-6.15,-6.87,-4.68
745440,2024-04-03,2024,STL,2024-04-03 13:10:00,13,3,2,5,1,21,9,13,304,80.0,1,38,0.0263,0.0769,64.8,18.2,74.7,1018.5,0.0,15.9,9.9,289.7,W,-5.36,-10.17,0.09
745432,2024-04-08,2024,CHC,2024-04-08 18:40:00,18,9,8,17,3,19,12,17,318,83.8,4,46,0.087,0.1765,56.8,13.8,82.7,1014.3,0.0,6.9,4.3,6.5,N,-6.82,-6.15,-6.68
745433,2024-04-09,2024,CHC,2024-04-09 19:05:00,19,1,5,6,3,22,5,13,321,80.4,4,42,0.0952,0.2308,60.0,15.6,62.0,1017.2,0.0,11.5,7.2,19.0,N,-10.91,-8.96,-11.53
745429,2024-04-10,2024,CHC,2024-04-10 15:40:00,15,10,2,12,3,16,7,15,293,81.7,4,49,0.0816,0.2,69.2,20.7,54.0,1014.7,0.0,12.5,7.8,281.0,W,-2.39,-6.46,1.96
745430,2024-04-19,2024,TOR,2024-04-19 18:40:00,18,1,5,6,2,23,3,16,322,78.5,7,46,0.1522,0.125,59.1,15.1,76.0,1014.0,0.0,8.3,5.2,311.1,NW,-5.46,-7.27,-2.99
745431,2024-04-20,2024,TOR,2024-04-20 17:40:00,17,2,5,7,1,12,4,17,273,84.0,4,58,0.069,0.0588,60.7,15.9,74.7,1014.8,0.0,11.6,7.2,278.7,W,-1.75,-5.58,2.29
745434,2024-04-21,2024,TOR,2024-04-21 13:10:00,13,6,3,9,3,10,9,12,271,81.7,5,48,0.1042,0.25,66.4,19.1,67.3,1013.1,0.0,13.4,8.3,252.3,W,4.07,-0.55,8.19
745424,2024-04-26,2024,PHI,2024-04-26 18:40:00,18,3,9,12,6,19,5,20,296,85.5,8,54,0.1481,0.3,59.2,15.1,74.0,1012.9,0.4,17.2,10.7,273.3,W,-1.0,-6.8,4.92
745425,2024-04-27,2024,PHI,2024-04-27 17:40:00,17,1,5,6,2,21,3,11,249,80.2,5,43,0.1163,0.1818,61.5,16.4,73.0,1015.1,0.0,11.5,7.1,286.3,W,-3.22,-6.79,0.74
745428,2024-04-28,2024,PHI,2024-04-28 13:10:00,13,6,8,14,5,14,6,21,277,85.5,9,57,0.1579,0.2381,67.0,19.4,58.7,1014.3,0.0,15.9,9.9,254.3,W,4.28,-1.2,9.25
745427,2024-04-29,2024,CIN,2024-04-29 18:40:00,18,2,5,7,2,20,3,12,276,80.6,2,45,0.0444,0.1667,61.3,16.3,84.0,1010.0,0.0,6.0,3.7,224.0,SW,4.29,2.61,5.45
745426,2024-04-30,2024,CIN,2024-04-30 18:40:00,18,6,4,10,2,15,2,18,266,80.6,3,56,0.0536,0.1111,59.9,15.5,82.7,1010.5,0.0,11.1,6.9,197.7,S,10.54,8.76,11.06
745423,2024-05-01,2024,CIN,2024-05-01 13:10:00,13,6,2,8,2,18,5,12,264,82.4,3,45,0.0667,0.1667,67.1,19.5,60.3,1009.0,0.0,17.9,11.1,244.3,SW,7.77,1.77,12.83
745421,2024-05-10,2024,LAD,2024-05-10 18:40:00,18,2,1,3,1,24,6,7,254,80.4,1,33,0.0303,0.1429,60.9,16.1,76.3,1013.0,0.0,12.9,8.0,297.7,NW,-5.97,-9.51,-1.72
745422,2024-05-11,2024,LAD,2024-05-11 17:40:00,17,0,5,5,2,16,6,11,293,81.7,4,49,0.0816,0.1818,60.7,15.9,78.7,1012.8,0.0,9.9,6.2,255.3,W,2.52,-0.92,5.65
745419,2024-05-12,2024,LAD,2024-05-12 13:10:00,13,4,0,4,3,14,3,13,295,80.3,3,50,0.06,0.2308,69.4,20.8,58.7,1011.8,0.0,17.7,11.0,270.3,W,-0.1,-6.15,5.96
745420,2024-05-13,2024,COL,2024-05-13 18:40:00,18,4,5,9,3,10,12,13,301,81.5,6,55,0.1091,0.2308,60.3,15.7,78.3,1013.2,0.0,11.1,6.9,306.0,NW,-6.53,-9.2,-3.06
745418,2024-05-14,2024,COL,2024-05-14 18:40:00,18,3,6,9,2,19,5,21,295,81.3,1,51,0.0196,0.0952,60.1,15.6,75.0,1012.3,0.0,8.0,5.0,231.7,SW,4.98,2.53,6.84
745417,2024-05-15,2024,COL,2024-05-15 13:10:00,13,0,8,8,2,18,6,16,286,80.9,3,51,0.0588,0.125,65.8,18.8,62.7,1011.6,0.0,14.4,8.9,263.7,W,1.59,-3.4,6.39
745415,2024-05-24,2024,NYY,2024-05-24 18:40:00,18,0,8,8,4,13,5,13,272,84.8,5,52,0.0962,0.3077,60.9,16.1,71.7,1012.7,0.0,11.2,7.0,263.3,W,1.3,-2.59,5.04
745411,2024-05-25,2024,NYY,2024-05-25 18:40:00,18,1,4,5,2,20,4,13,288,83.0,4,47,0.0851,0.1538,59.7,15.4,74.0,1015.1,0.0,7.9,4.9,270.0,W,0.0,-2.71,2.72
745413,2024-05-26,2024,NYY,2024-05-26 13:10:00,13,5,2,7,1,19,7,17,314,82.5,5,47,0.1064,0.0588,65.6,18.7,59.7,1015.5,0.0,17.1,10.6,264.7,W,1.59,-4.34,7.33
745416,2024-05-27,2024,MIA,2024-05-27 15:40:00,15,2,1,3,2,15,5,12,291,81.5,2,48,0.0417,0.1667,64.5,18.1,68.0,1015.6,0.0,17.8,11.0,279.3,W,-2.88,-8.7,3.29
745412,2024-05-28,2024,MIA,2024-05-28 18:40:00,18,4,0,4,1,17,2,15,231,83.8,2,48,0.0417,0.0667,61.2,16.2,78.7,1016.4,0.0,9.2,5.7,275.0,W,-0.8,-3.89,2.38
745414,2024-05-29,2024,MIA,2024-05-29 13:10:00,13,1,9,10,2,8,3,24,308,85.3,4,69,0.058,0.0833,67.0,19.4,63.3,1015.0,0.0,16.5,10.3,237.7,SW,8.82,3.52,13.06
745408,2024-06-06,2024,AZ,2024-06-06 18:40:00,18,3,4,7,3,10,6,19,295,82.2,8,62,0.129,0.1579,64.3,18.0,80.7,1010.5,0.0,6.5,4.0,259.7,W,1.16,-1.1,3.28
745406,2024-06-07,2024,AZ,2024-06-07 18:40:00,18,10,3,13,5,18,5,23,325,82.0,5,56,0.0893,0.2174,63.0,17.2,80.3,1011.4,0.0,8.8,5.5,240.3,SW,4.35,1.48,6.71
745410,2024-06-08,2024,AZ,2024-06-08 17:40:00,17,13,1,14,3,11,9,19,326,82.8,6,60,0.1,0.1579,64.2,17.9,76.7,1012.5,0.0,12.1,7.5,239.7,SW,6.11,2.17,9.31
745407,2024-06-09,2024,AZ,2024-06-09 13:10:00,13,3,9,12,3,12,7,22,325,82.2,2,62,0.0323,0.1364,68.8,20.5,58.7,1013.6,0.0,17.1,10.6,240.7,SW,8.39,2.78,13.0
745409,2024-06-10,2024,ATH,2024-06-10 18:40:00,18,6,1,7,3,22,8,18,323,82.4,7,46,0.1522,0.1667,64.0,17.8,78.3,1011.8,0.0,10.8,6.7,279.0,W,-1.68,-5.22,2.05
745404,2024-06-11,2024,ATH,2024-06-11 18:40:00,18,4,3,7,3,11,8,19,275,84.6,6,54,0.1111,0.1579,62.7,17.0,81.3,1011.7,0.0,10.2,6.3,251.3,W,3.25,-0.24,6.35
745405,2024-06-12,2024,ATH,2024-06-12 13:10:00,13,5,4,9,4,28,6,16,321,81.4,4,41,0.0976,0.25,71.8,22.1,56.7,1013.5,0.0,15.9,9.9,262.7,W,2.03,-3.48,7.29
745401,2024-06-20,2024,MIL,2024-06-20 18:40:00,18,7,6,13,5,18,12,19,350,84.2,3,54,0.0556,0.2632,65.3,18.5,80.7,1007.4,0.0,14.5,9.0,304.7,NW,-8.25,-11.83,-3.67
745403,2024-06-21,2024,MIL,2024-06-21 18:40:00,18,9,5,14,2,17,7,26,330,81.3,2,58,0.0345,0.0769,66.6,19.2,76.0,1006.7,0.0,8.2,5.1,281.3,W,-1.62,-4.28,1.24
745402,2024-06-22,2024,MIL,2024-06-22 16:15:00,16,6,4,10,4,11,5,20,293,81.4,3,54,0.0556,0.2,73.3,22.9,64.0,1008.9,0.0,13.5,8.4,275.3,W,-1.26,-5.79,3.43
745396,2024-06-23,2024,MIL,2024-06-23 13:10:00,13,2,6,8,0,16,1,22,276,81.7,5,58,0.0862,0.0,76.3,24.6,59.0,1011.6,0.0,14.2,8.8,236.7,SW,7.8,3.27,11.39
745397,2024-06-24,2024,WSH,2024-06-24 18:40:00,18,7,6,13,1,17,4,19,324,80.4,0,60,0.0,0.0526,69.6,20.9,68.3,1011.9,0.0,7.8,4.9,249.0,W,2.8,0.13,5.14
745399,2024-06-25,2024,WSH,2024-06-25 18:40:00,18,9,7,16,3,5,5,18,276,84.0,1,64,0.0156,0.1667,68.2,20.1,78.0,1013.4,0.0,9.8,6.1,245.0,SW,4.13,0.85,6.91
745400,2024-06-26,2024,WSH,2024-06-26 13:10:00,13,8,5,13,2,15,7,14,276,83.1,3,48,0.0625,0.1429,73.0,22.8,63.3,1012.9,0.0,17.9,11.1,244.3,SW,7.74,1.76,12.78
745398,2024-07-05,2024,AZ,2024-07-05 18:40:00,18,10,8,18,6,11,5,26,304,84.3,7,64,0.1094,0.2308,68.8,20.5,82.7,1007.6,0.0,10.0,6.2,209.7,SW,8.66,6.45,9.82
745395,2024-07-06,2024,AZ,2024-07-06 18:40:00,18,5,7,12,1,24,6,23,349,79.5,4,58,0.069,0.0435,68.2,20.1,83.7,1010.1,0.0,8.6,5.3,210.3,SW,7.42,5.49,8.46
745391,2024-07-07,2024,AZ,2024-07-07 13:10:00,13,1,9,10,3,13,3,16,279,82.9,3,54,0.0556,0.1875,73.8,23.2,68.0,1012.1,0.0,15.6,9.7,241.0,SW,7.58,2.45,11.8
745393,2024-07-09,2024,SEA,2024-07-09 18:40:00,18,3,8,11,5,18,3,17,272,83.4,4,50,0.08,0.2941,68.7,20.4,79.0,1008.4,0.0,10.0,6.2,288.0,W,-3.08,-6.14,0.34
745394,2024-07-10,2024,SEA,2024-07-10 15:40:00,15,0,2,2,0,17,6,10,287,81.4,0,45,0.0,0.0,72.9,22.7,72.7,1009.9,0.0,15.1,9.4,221.0,SW,11.4,7.32,14.1
745390,2024-07-12,2024,ATL,2024-07-12 18:40:00,18,1,6,7,3,9,2,14,249,84.4,3,57,0.0526,0.2143,69.4,20.8,79.7,1009.9,0.0,11.2,6.9,296.8,NW,-5.03,-8.14,-1.32
745392,2024-07-13,2024,ATL,2024-07-13 16:15:00,16,4,0,4,1,19,3,18,284,81.7,2,47,0.0426,0.0556,71.6,22.0,71.3,1013.2,0.0,12.9,8.0,246.7,SW,5.12,0.75,8.88
745385,2024-07-14,2024,ATL,2024-07-14 13:10:00,13,3,6,9,3,16,5,17,286,84.7,7,53,0.1321,0.1765,74.5,23.6,66.0,1016.2,0.0,17.3,10.7,258.0,W,3.6,-2.41,9.17
745389,2024-07-30,2024,LAD,2024-07-30 18:40:00,18,6,5,11,4,24,8,16,315,80.4,4,49,0.0816,0.25,68.4,20.2,76.0,1011.3,0.0,8.0,5.0,295.0,NW,-3.38,-5.66,-0.7
745386,2024-07-31,2024,LAD,2024-07-31 17:40:00,17,8,1,9,1,16,6,15,301,78.4,2,50,0.04,0.0667,70.6,21.4,69.0,1011.3,0.0,14.3,8.9,286.0,W,-3.95,-8.42,1.0
745387,2024-08-02,2024,COL,2024-08-02 18:40:00,18,2,5,7,3,17,6,13,293,80.8,5,49,0.102,0.2308,73.5,23.0,64.3,1013.7,0.0,10.7,6.6,299.0,NW,-5.17,-8.05,-1.67
745388,2024-08-03,2024,COL,2024-08-03 17:40:00,17,3,2,5,2,16,1,10,228,82.9,1,45,0.0222,0.2,72.6,22.5,67.3,1010.8,0.0,12.9,8.0,293.3,NW,-5.11,-8.85,-0.75
745384,2024-08-04,2024,COL,2024-08-04 13:10:00,13,10,2,12,5,16,8,17,282,82.3,5,49,0.102,0.2941,78.2,25.7,59.3,1009.9,0.0,16.0,10.0,283.3,W,-3.7,-8.81,1.86
745383,2024-08-12,2024,PIT,2024-08-12 18:40:00,18,2,1,3,0,10,3,13,251,84.7,1,52,0.0192,0.0,72.6,22.5,81.7,1011.1,0.0,7.2,4.5,277.0,W,-0.87,-3.25,1.61
745382,2024-08-13,2024,PIT,2024-08-13 18:40:00,18,3,0,3,1,21,2,16,281,82.1,2,42,0.0476,0.0625,70.9,21.6,83.0,1012.1,0.0,6.4,4.0,233.0,SW,3.85,1.87,5.37
745381,2024-08-14,2024,PIT,2024-08-14 13:10:00,13,8,2,10,3,17,4,18,288,82.3,4,53,0.0755,0.1667,77.5,25.3,60.7,1013.1,0.0,16.1,10.0,241.3,SW,7.72,2.43,12.09
745380,2024-08-19,2024,MIN,2024-08-19 18:40:00,18,5,3,8,0,12,6,9,260,85.2,2,48,0.0417,0.0,72.6,22.5,76.7,1012.3,0.0,11.0,6.9,314.0,NW,-7.67,-9.92,-4.49
745374,2024-08-20,2024,MIN,2024-08-20 18:40:00,18,7,5,12,3,12,1,23,264,85.2,3,58,0.0517,0.1304,73.6,23.1,64.3,1011.8,0.0,8.4,5.2,302.3,NW,-4.47,-6.62,-1.78
745375,2024-08-21,2024,MIN,2024-08-21 15:40:00,15,4,11,15,3,21,3,26,336,78.2,5,58,0.0862,0.1154,75.6,24.2,68.7,1011.9,0.0,17.1,10.6,209.7,SW,14.86,11.07,16.86
745379,2024-08-22,2024,NYM,2024-08-22 18:40:00,18,3,8,11,0,18,8,24,330,82.2,2,56,0.0357,0.0,69.6,20.9,81.3,1012.0,0.0,11.3,7.0,294.7,NW,-4.73,-7.97,-0.92
745378,2024-08-23,2024,NYM,2024-08-23 18:40:00,18,7,0,7,2,20,2,18,274,82.8,3,48,0.0625,0.1111,68.9,20.5,78.0,1013.7,0.0,7.4,4.6,273.0,W,-0.38,-2.89,2.17
745377,2024-08-24,2024,NYM,2024-08-24 17:40:00,17,1,7,8,3,16,5,11,256,83.6,4,51,0.0784,0.2727,69.0,20.6,76.0,1014.7,0.0,9.2,5.7,263.9,W,0.97,-2.21,4.03
745376,2024-08-25,2024,NYM,2024-08-25 13:10:00,13,3,2,5,4,13,6,14,303,83.7,5,51,0.098,0.2857,76.8,24.9,54.7,1015.0,0.0,18.1,11.2,269.7,W,0.1,-6.08,6.28
745373,2024-09-02,2024,DET,2024-09-02 15:40:00,15,3,0,3,0,14,2,14,256,83.1,3,50,0.06,0.0,73.3,22.9,73.0,1010.8,0.0,14.6,9.1,229.7,SW,9.43,5.06,12.66
745370,2024-09-04,2024,DET,2024-09-04 18:40:00,18,6,5,11,3,19,14,17,367,81.3,3,57,0.0526,0.1765,74.2,23.4,76.3,1011.0,0.0,7.8,4.9,265.7,W,0.59,-2.12,3.23
745369,2024-09-05,2024,DET,2024-09-05 17:40:00,17,3,4,7,3,11,4,15,254,83.6,2,56,0.0357,0.2,79.8,26.6,62.0,1008.3,0.0,6.7,4.2,231.2,SW,4.22,2.17,5.76
745371,2024-09-06,2024,SF,2024-09-06 18:40:00,18,5,1,6,3,20,2,15,285,82.7,2,46,0.0435,0.2,73.9,23.3,77.3,1008.7,0.0,4.1,2.5,195.3,S,3.95,3.35,4.09
745372,2024-09-07,2024,SF,2024-09-07 17:40:00,17,3,6,9,2,11,5,19,268,85.1,4,57,0.0702,0.1053,82.4,28.0,60.3,1005.4,0.0,7.1,4.4,244.5,SW,3.07,0.68,5.09
745368,2024-09-08,2024,SF,2024-09-08 13:10:00,13,6,7,13,6,18,7,17,308,82.0,4,52,0.0769,0.3529,90.6,32.6,41.0,1005.8,0.0,15.5,9.6,264.2,W,1.58,-3.78,6.74
745367,2024-09-16,2024,HOU,2024-09-16 18:40:00,18,3,1,4,2,10,4,19,270,82.2,2,56,0.0357,0.1053,66.2,19.0,64.7,1012.3,0.0,17.6,11.0,291.7,W,-6.51,-11.72,-0.51
745366,2024-09-17,2024,HOU,2024-09-17 18:40:00,18,3,4,7,1,19,6,15,299,82.5,3,56,0.0536,0.0667,66.4,19.1,67.0,1012.3,0.0,5.8,3.6,252.3,W,1.75,-0.24,3.52
745365,2024-09-18,2024,HOU,2024-09-18 15:40:00,15,4,0,4,4,14,2,11,221,85.0,5,49,0.102,0.3636,69.8,21.0,62.3,1009.4,0.0,15.1,9.4,247.7,W,5.74,0.61,10.17
745364,2024-09-20,2024,CWS,2024-09-20 18:40:00,18,3,2,5,1,23,4,16,322,80.9,1,49,0.0204,0.0625,65.8,18.8,78.0,1011.5,0.0,10.4,6.5,326.9,NW,-8.74,-10.16,-6.27
745360,2024-09-21,2024,CWS,2024-09-21 17:40:00,17,6,2,8,3,18,9,15,290,81.8,5,47,0.1064,0.2,66.5,19.2,79.0,1011.5,0.0,13.6,8.4,300.0,NW,-6.78,-10.39,-2.35
745358,2024-09-22,2024,CWS,2024-09-22 13:10:00,13,4,2,6,4,23,2,10,255,79.6,5,38,0.1316,0.4,73.2,22.9,66.3,1010.4,0.0,17.6,11.0,293.3,NW,-6.98,-12.1,-1.03
778545,2025-03-27,2025,ATL,2025-03-27 13:10:00,13,7,4,11,3,19,8,17,338,82.5,6,50,0.12,0.1765,64.5,18.0,59.7,1016.7,0.0,12.1,7.5,291.0,W,-4.35,-7.96,-0.21
778520,2025-03-29,2025,ATL,2025-03-29 16:15:00,16,1,0,1,0,12,7,9,258,80.2,1,44,0.0227,0.0,60.0,15.6,70.0,1014.6,0.0,11.0,6.8,238.6,SW,5.73,2.18,8.6
778514,2025-03-30,2025,ATL,2025-03-30 16:10:00,16,5,0,5,0,17,7,10,253,82.3,5,40,0.125,0.0,61.5,16.4,56.3,1018.1,0.0,9.9,6.2,277.3,W,-1.26,-4.55,2.17
778499,2025-03-31,2025,CLE,2025-03-31 18:40:00,18,7,2,9,2,12,6,20,277,83.8,4,55,0.0727,0.1,58.6,14.8,91.7,1016.6,0.1,9.7,6.0,271.2,W,-0.19,-3.5,3.13
778485,2025-04-01,2025,CLE,2025-04-01 18:40:00,18,7,0,7,1,19,10,12,296,79.4,2,41,0.0488,0.0833,55.6,13.1,71.7,1013.0,0.2,15.2,9.4,294.7,NW,-6.34,-10.69,-1.24
778476,2025-04-02,2025,CLE,2025-04-02 13:10:00,13,5,2,7,2,14,3,18,269,79.5,3,54,0.0556,0.1111,59.2,15.1,52.0,1010.6,0.0,17.8,11.0,272.7,W,-0.83,-6.85,5.29
778361,2025-04-11,2025,COL,2025-04-11 18:40:00,18,8,0,8,2,21,3,13,238,87.7,3,42,0.0714,0.1538,60.1,15.6,86.0,1013.5,0.0,6.2,3.8,210.4,SW,5.32,3.93,6.07
778352,2025-04-12,2025,COL,2025-04-12 17:40:00,17,2,0,2,2,17,4,7,241,81.4,6,39,0.1538,0.2857,59.3,15.2,85.0,1012.9,0.0,6.9,4.3,214.7,SW,5.7,4.01,6.71
778330,2025-04-13,2025,COL,2025-04-13 13:10:00,13,6,0,6,0,11,7,13,254,81.8,0,49,0.0,0.0,64.8,18.2,63.3,1013.2,0.0,10.7,6.7,248.3,W,3.96,0.31,7.14
778315,2025-04-14,2025,CHC,2025-04-14 18:40:00,18,10,4,14,4,15,10,23,341,81.7,4,59,0.0678,0.1739,57.4,14.1,78.3,1015.3,0.0,6.1,3.8,296.0,NW,-2.68,-4.39,-0.64
778305,2025-04-15,2025,CHC,2025-04-15 18:40:00,18,1,2,3,1,19,7,15,312,83.1,2,57,0.0351,0.0667,56.9,13.8,70.3,1014.7,0.0,4.7,2.9,297.0,NW,-2.15,-3.46,-0.58
778288,2025-04-16,2025,CHC,2025-04-16 13:10:00,13,4,2,6,1,13,8,13,284,80.7,3,49,0.0612,0.0769,65.0,18.3,48.3,1014.1,0.0,11.1,6.9,255.0,W,2.86,-0.96,6.35
778172,2025-04-25,2025,TB,2025-04-25 18:40:00,18,0,1,1,0,26,2,11,274,80.5,2,38,0.0526,0.0,58.0,14.4,60.0,1014.3,0.0,7.0,4.3,269.3,W,0.08,-2.32,2.47
778160,2025-04-26,2025,TB,2025-04-26 17:40:00,17,1,4,5,1,16,9,14,296,84.4,4,50,0.08,0.0714,58.4,14.7,55.3,1014.7,0.1,11.7,7.2,257.0,W,2.62,-1.43,6.35
778146,2025-04-27,2025,TB,2025-04-27 13:10:00,13,2,4,6,1,9,5,15,267,80.2,5,56,0.0893,0.0667,64.0,17.8,44.7,1017.6,0.0,12.6,7.8,276.7,W,-1.47,-5.67,2.91
778126,2025-04-29,2025,SF,2025-04-29 18:40:00,18,7,4,11,2,22,2,18,279,85.8,6,47,0.1277,0.1111,58.8,14.9,83.7,1016.1,0.0,4.4,2.7,255.7,W,1.09,-0.44,2.48
778105,2025-04-30,2025,SF,2025-04-30 13:10:00,13,5,3,8,3,18,7,15,293,82.2,4,45,0.0889,0.2,65.7,18.7,63.7,1014.2,0.0,11.6,7.2,264.7,W,1.08,-2.95,4.98
777947,2025-05-12,2025,LAA,2025-05-12 18:40:00,18,5,9,14,3,22,9,16,322,82.0,4,47,0.0851,0.1875,61.5,16.4,69.7,1013.9,0.0,10.3,6.4,286.0,W,-2.84,-6.05,0.72
777932,2025-05-13,2025,LAA,2025-05-13 18:40:00,18,6,4,10,3,18,9,14,282,85.2,7,44,0.1591,0.2143,60.4,15.8,62.0,1015.6,0.0,9.3,5.8,278.3,W,-1.34,-4.4,1.87
777914,2025-05-14,2025,LAA,2025-05-14 18:40:00,18,5,1,6,2,15,7,11,261,84.2,3,47,0.0638,0.1818,62.0,16.7,78.3,1015.4,0.0,6.5,4.0,273.5,W,-0.39,-2.59,1.85
777896,2025-05-16,2025,SEA,2025-05-16 18:40:00,18,1,5,6,3,18,4,18,280,83.4,2,51,0.0392,0.1667,59.8,15.5,74.0,1013.5,0.0,5.5,3.4,239.3,SW,2.82,1.02,4.28
777875,2025-05-17,2025,SEA,2025-05-17 17:40:00,17,1,4,5,3,19,4,14,298,81.8,4,49,0.0816,0.2143,59.3,15.2,79.3,1013.6,0.7,11.7,7.3,239.7,SW,5.93,2.11,9.03
777868,2025-05-18,2025,SEA,2025-05-18 13:10:00,13,1,6,7,2,17,7,15,288,82.0,6,51,0.1176,0.1333,65.6,18.7,62.7,1013.4,0.0,11.0,6.8,251.3,W,3.52,-0.26,6.87
777756,2025-05-26,2025,MIA,2025-05-26 17:40:00,17,4,3,7,2,16,7,12,314,86.2,5,58,0.0862,0.1667,63.7,17.6,72.3,1013.8,0.0,6.1,3.8,240.7,SW,2.99,0.99,4.63
777742,2025-05-27,2025,MIA,2025-05-27 18:40:00,18,8,6,14,2,11,7,23,303,84.0,5,65,0.0769,0.087,61.4,16.3,76.7,1014.6,0.0,5.7,3.5,228.0,SW,3.81,2.13,5.03
777726,2025-05-28,2025,MIA,2025-05-28 13:10:00,13,8,10,18,4,8,6,22,252,84.5,4,65,0.0615,0.1818,67.4,19.7,66.7,1014.5,0.0,13.1,8.2,261.7,W,1.9,-2.66,6.23
777707,2025-05-30,2025,PIT,2025-05-30 18:40:00,18,3,2,5,0,17,4,10,227,84.0,1,43,0.0233,0.0,64.3,17.9,83.0,1013.2,0.0,5.3,3.3,238.0,SW,2.81,1.1,4.18
777691,2025-05-31,2025,PIT,2025-05-31 18:40:00,18,0,5,5,1,14,5,14,309,84.2,2,51,0.0392,0.0714,69.0,20.5,76.7,1012.6,0.0,8.5,5.3,224.2,SW,6.07,3.69,7.72
777681,2025-06-01,2025,PIT,2025-06-01 14:10:00,14,6,4,10,3,16,8,15,320,83.3,6,49,0.1224,0.2,71.2,21.8,72.3,1011.4,0.0,11.3,7.0,271.7,W,-0.33,-4.16,3.54
777579,2025-06-09,2025,LAD,2025-06-09 18:40:00,18,7,8,15,1,14,8,19,354,84.1,3,67,0.0448,0.0526,62.4,16.9,82.3,1012.0,0.0,4.7,2.9,281.3,W,-0.93,-2.46,0.72
777560,2025-06-10,2025,LAD,2025-06-10 18:40:00,18,11,1,12,1,18,12,22,300,84.6,4,53,0.0755,0.0455,63.3,17.4,80.3,1012.8,0.0,5.6,3.5,240.7,SW,2.74,0.91,4.25
777543,2025-06-11,2025,LAD,2025-06-11 13:10:00,13,2,5,7,2,15,9,13,293,82.8,4,52,0.0769,0.1538,70.6,21.5,62.7,1012.0,0.0,11.1,6.9,247.7,W,4.23,0.45,7.5
777426,2025-06-20,2025,KC,2025-06-20 18:40:00,18,5,6,11,3,11,8,23,329,83.6,6,63,0.0952,0.1304,65.5,18.6,72.7,1010.0,0.0,4.4,2.7,241.0,SW,2.12,0.68,3.3
777413,2025-06-21,2025,KC,2025-06-21 16:15:00,16,5,1,6,1,11,7,12,261,84.8,3,49,0.0612,0.0833,66.4,19.1,65.0,1010.0,0.0,10.4,6.5,217.7,SW,8.26,5.58,9.94
777396,2025-06-22,2025,KC,2025-06-22 13:10:00,13,3,2,5,1,12,6,12,252,81.2,3,51,0.0588,0.0833,71.7,22.1,57.3,1011.6,0.0,12.0,7.5,239.3,SW,6.12,2.22,9.28
777382,2025-06-23,2025,WSH,2025-06-23 18:40:00,18,6,10,16,5,17,5,24,331,84.7,7,61,0.1148,0.2083,61.8,16.5,73.7,1012.9,0.0,6.9,4.3,231.0,SW,4.34,2.25,5.91
777372,2025-06-24,2025,WSH,2025-06-24 18:40:00,18,4,3,7,1,14,6,14,250,81.5,3,52,0.0577,0.0714,64.8,18.2,76.0,1014.4,0.0,7.9,4.9,288.7,W,-2.53,-4.94,0.18
777360,2025-06-25,2025,WSH,2025-06-25 13:10:00,13,1,0,1,0,20,4,9,248,79.1,2,38,0.0526,0.0,70.5,21.4,62.7,1013.4,0.0,12.3,7.7,259.3,W,2.28,-2.0,6.29
777239,2025-07-04,2025,TEX,2025-07-04 15:40:00,15,3,2,5,1,15,11,15,313,82.8,7,58,0.1207,0.0667,72.1,22.3,61.0,1015.0,0.0,10.0,6.2,265.3,W,0.82,-2.65,4.19
777223,2025-07-05,2025,TEX,2025-07-05 18:40:00,18,4,7,11,3,11,7,21,306,82.1,3,62,0.0484,0.1429,67.3,19.6,76.7,1014.9,0.0,4.9,3.1,261.3,W,0.74,-0.97,2.37
777207,2025-07-06,2025,TEX,2025-07-06 18:10:00,18,4,1,5,0,16,6,16,298,83.3,3,50,0.06,0.0,65.9,18.8,77.7,1012.4,0.0,6.1,3.8,268.7,W,0.14,-1.94,2.21
777203,2025-07-07,2025,AZ,2025-07-07 18:40:00,18,3,6,9,2,19,11,16,306,84.6,2,49,0.0408,0.125,66.5,19.2,77.7,1014.9,0.0,7.9,4.9,274.3,W,-0.6,-3.25,2.13
777185,2025-07-08,2025,AZ,2025-07-08 18:40:00,18,1,0,1,1,17,6,7,269,84.3,3,39,0.0769,0.1429,69.3,20.7,78.0,1015.5,0.0,9.6,5.9,303.0,NW,-5.21,-7.64,-2.15
777162,2025-07-09,2025,AZ,2025-07-09 18:40:00,18,2,8,10,5,17,5,12,266,83.2,6,49,0.1224,0.4167,69.6,20.9,76.0,1013.1,0.0,8.7,5.4,297.3,NW,-3.98,-6.37,-1.11
777158,2025-07-10,2025,AZ,2025-07-10 18:40:00,18,4,3,7,2,11,11,22,318,84.2,5,59,0.0847,0.0909,69.0,20.5,79.7,1010.9,0.0,4.8,3.0,232.3,SW,2.91,1.45,4.03
777139,2025-07-11,2025,PHI,2025-07-11 18:40:00,18,4,2,6,3,16,7,13,272,83.7,6,46,0.1304,0.2308,65.0,18.3,81.0,1012.9,0.0,6.3,3.9,235.3,SW,3.58,1.6,5.14
777126,2025-07-12,2025,PHI,2025-07-12 16:35:00,16,5,4,9,2,13,5,17,274,83.0,4,53,0.0755,0.1176,69.0,20.5,69.3,1013.8,0.0,8.3,5.2,248.3,W,3.06,0.24,5.52
777117,2025-07-13,2025,PHI,2025-07-13 13:10:00,13,1,2,3,0,17,8,13,270,82.8,2,50,0.04,0.0,73.0,22.8,61.3,1014.2,0.0,12.1,7.5,264.3,W,1.19,-3.0,5.24
776959,2025-07-28,2025,NYM,2025-07-28 18:40:00,18,7,6,13,3,24,9,20,330,81.6,5,49,0.102,0.15,66.2,19.0,81.0,1015.6,0.0,8.3,5.2,301.3,NW,-4.32,-6.48,-1.63
776947,2025-07-29,2025,NYM,2025-07-29 18:40:00,18,7,1,8,1,13,7,13,297,80.5,3,51,0.0588,0.0769,67.1,19.5,79.7,1015.0,0.0,6.6,4.1,290.7,W,-2.33,-4.3,-0.08
776931,2025-07-30,2025,NYM,2025-07-30 13:10:00,13,5,0,5,1,18,5,12,252,83.2,2,46,0.0435,0.0833,74.1,23.4,61.3,1013.6,0.0,11.4,7.1,265.0,W,1.0,-2.96,4.83
776906,2025-08-01,2025,STL,2025-08-01 18:40:00,18,4,1,5,1,10,2,11,241,83.6,3,51,0.0588,0.0909,66.0,18.9,78.0,1017.4,0.0,5.6,3.5,246.7,SW,2.23,0.33,3.87
776896,2025-08-02,2025,STL,2025-08-02 19:10:00,19,5,8,13,2,15,4,21,268,84.1,6,57,0.1053,0.0952,66.1,18.9,81.0,1016.2,0.0,3.2,2.0,259.3,W,0.59,-0.51,1.61
776884,2025-08-03,2025,STL,2025-08-03 13:10:00,13,7,3,10,2,23,8,16,324,80.6,3,43,0.0698,0.125,75.9,24.4,54.3,1013.1,0.0,10.6,6.6,268.3,W,0.31,-3.33,3.92
776820,2025-08-08,2025,BOS,2025-08-08 18:40:00,18,2,10,12,2,10,15,16,342,82.6,5,59,0.0847,0.125,68.4,20.2,80.7,1011.4,0.0,5.8,3.6,226.7,SW,3.98,2.3,5.18
776807,2025-08-09,2025,BOS,2025-08-09 17:40:00,17,5,4,9,1,19,14,16,353,83.5,3,53,0.0566,0.0625,69.6,20.9,77.3,1010.7,0.0,8.9,5.5,280.0,W,-1.55,-4.45,1.55
776789,2025-08-10,2025,BOS,2025-08-10 13:10:00,13,6,2,8,0,23,8,14,311,83.3,1,39,0.0256,0.0,75.1,23.9,65.3,1013.7,0.0,10.8,6.7,244.7,SW,4.64,1.01,7.7
776683,2025-08-18,2025,SF,2025-08-18 18:40:00,18,3,4,7,4,17,7,14,290,81.9,4,50,0.08,0.2857,67.3,19.6,83.0,1013.3,0.0,3.6,2.2,238.7,SW,1.87,0.71,2.81
776667,2025-08-19,2025,SF,2025-08-19 18:40:00,18,5,1,6,1,19,5,13,310,81.9,2,45,0.0444,0.0769,69.2,20.7,76.7,1014.4,0.0,5.8,3.6,289.7,W,-1.96,-3.72,0.03
776656,2025-08-20,2025,SF,2025-08-20 18:40:00,18,8,1,9,5,14,6,14,290,83.2,4,51,0.0784,0.3571,70.5,21.4,73.7,1011.1,0.0,4.5,2.8,234.0,SW,2.65,1.24,3.73
776642,2025-08-21,2025,SF,2025-08-21 13:10:00,13,8,4,12,2,18,6,17,301,81.9,2,49,0.0408,0.1176,80.8,27.1,51.7,1009.0,0.0,8.9,5.5,245.7,SW,3.65,0.67,6.2
776636,2025-08-22,2025,LAD,2025-08-22 18:40:00,18,2,1,3,1,13,5,10,239,81.8,4,43,0.093,0.1,71.8,22.1,80.7,1009.9,0.0,5.3,3.3,239.0,SW,2.71,1.01,4.09
776617,2025-08-23,2025,LAD,2025-08-23 17:40:00,17,5,1,6,1,12,6,5,264,85.1,3,44,0.0682,0.2,74.5,23.6,69.7,1010.2,0.0,6.6,4.1,229.7,SW,4.27,2.29,5.73
776603,2025-08-24,2025,LAD,2025-08-24 13:10:00,13,2,8,10,5,17,6,14,290,85.9,7,50,0.14,0.3571,80.4,26.9,52.0,1010.4,0.0,11.4,7.1,276.7,W,-1.32,-5.1,2.62
776494,2025-09-01,2025,BAL,2025-09-01 15:40:00,15,3,4,7,1,22,5,18,329,81.5,1,49,0.0204,0.0556,80.5,26.9,58.7,1010.6,0.0,9.8,6.1,292.0,W,-3.67,-6.56,-0.34
776480,2025-09-02,2025,BAL,2025-09-02 18:40:00,18,2,6,8,2,17,8,16,318,81.8,2,51,0.0392,0.125,72.7,22.6,85.7,1012.2,0.0,4.4,2.8,220.6,SW,3.37,2.18,4.15
776465,2025-09-03,2025,BAL,2025-09-03 13:10:00,13,5,7,12,6,22,11,18,314,83.5,6,48,0.125,0.3333,81.1,27.3,60.3,1011.0,0.0,10.0,6.2,272.0,W,-0.35,-3.76,3.1
776407,2025-09-08,2025,CIN,2025-09-08 18:40:00,18,4,3,7,2,20,2,13,292,82.3,1,52,0.0192,0.1538,69.7,20.9,82.0,1013.6,0.0,7.2,4.5,303.7,NW,-4.01,-5.83,-1.71
776392,2025-09-09,2025,CIN,2025-09-09 18:40:00,18,2,4,6,3,17,4,8,269,83.5,6,45,0.1333,0.375,69.9,21.1,76.7,1010.9,0.0,7.9,4.9,315.0,NW,-5.59,-7.16,-3.34
776377,2025-09-10,2025,CIN,2025-09-10 17:40:00,17,1,2,3,1,17,7,13,267,80.7,3,49,0.0612,0.0769,69.9,21.0,71.7,1011.9,0.0,7.8,4.9,283.3,W,-1.81,-4.31,0.91
776365,2025-09-11,2025,COL,2025-09-11 18:40:00,18,2,0,2,1,23,2,10,265,80.9,1,38,0.0263,0.1,67.5,19.7,80.7,1012.5,0.0,6.2,3.8,300.0,NW,-3.08,-4.72,-1.07
776357,2025-09-12,2025,COL,2025-09-12 18:40:00,18,2,4,6,3,23,4,14,260,79.2,5,44,0.1136,0.2143,67.2,19.6,80.0,1011.9,0.0,4.3,2.7,268.3,W,0.13,-1.35,1.59
776341,2025-09-13,2025,COL,2025-09-13 17:40:00,17,11,3,14,4,15,4,20,321,84.1,6,56,0.1071,0.2,68.0,20.0,78.7,1010.9,0.0,6.2,3.8,253.0,W,1.8,-0.32,3.71
776323,2025-09-14,2025,COL,2025-09-14 13:10:00,13,9,6,15,3,15,4,22,306,81.3,7,58,0.1207,0.1364,73.9,23.3,67.3,1009.5,0.0,10.0,6.2,259.3,W,1.85,-1.62,5.1
776222,2025-09-22,2025,MIL,2025-09-22 18:40:00,18,5,4,9,1,21,13,16,364,83.3,4,58,0.069,0.0625,70.4,21.3,83.3,1008.4,0.0,7.8,4.9,338.5,N,-7.29,-7.83,-5.87
776214,2025-09-23,2025,MIL,2025-09-23 18:40:00,18,7,0,7,3,6,4,12,250,86.0,2,58,0.0345,0.25,70.0,21.1,93.7,1010.7,0.0,4.9,3.0,268.0,W,0.18,-1.51,1.84
776198,2025-09-24,2025,MIL,2025-09-24 13:10:00,13,1,3,4,2,22,6,16,313,81.1,3,45,0.0667,0.125,77.5,25.3,67.7,1012.7,0.0,12.1,7.5,287.0,W,-3.53,-7.26,0.63
776170,2025-09-26,2025,AZ,2025-09-26 18:40:00,18,7,4,11,3,19,13,20,350,83.2,7,49,0.1429,0.15,66.4,19.1,83.7,1010.9,0.0,5.3,3.3,186.3,S,5.27,4.75,5.15
776152,2025-09-27,2025,AZ,2025-09-27 17:40:00,17,5,1,6,4,19,6,12,274,84.4,4,42,0.0952,0.3333,68.5,20.3,74.7,1011.5,0.0,4.8,3.0,248.7,W,1.75,0.11,3.17
776136,2025-09-28,2025,AZ,2025-09-28 12:10:00,12,12,4,16,2,19,8,22,346,85.4,3,54,0.0556,0.0909,74.6,23.7,61.3,1014.6,0.0,12.7,7.9,248.7,W,4.61,0.29,8.37
