game_pk,game_date,season,away_team,game_start,start_hour,home_runs_scored,away_runs_scored,total_runs,home_runs_hit,strikeouts,walks,hits,total_pitches,avg_exit_velocity,n_barrels,n_bbe,barrel_rate,hr_h_ratio,temp_f,temp_c,rhum,pres,prcp,wspd,wspd_mph,wdir,wind_dir_bucket,wind_cf,wind_lcf,wind_rcf
413652,2015-04-06,2015,BOS,2015-04-06 15:05:00,15,0,8,8,5,18,9,12,302,87.7,1,48,0.0208,0.4167,69.3,20.7,38.3,1019.9,0.0,17.8,11.1,208.0,SW,17.72,16.07,17.23
413674,2015-04-08,2015,BOS,2015-04-08 19:05:00,19,4,2,6,1,17,6,9,292,85.3,1,45,0.0222,0.1111,41.3,5.2,78.3,1023.1,0.0,13.0,8.1,56.3,NE,-10.8,-7.67,-12.62
413686,2015-04-09,2015,BOS,2015-04-09 19:05:00,19,2,6,8,0,17,9,16,340,86.5,0,54,0.0,0.0,41.4,5.2,81.0,1024.3,0.0,12.2,7.6,85.6,E,-5.51,-1.46,-8.9
413710,2015-04-10,2015,WSH,2015-04-10 19:05:00,19,4,1,5,1,14,5,13,253,87.9,1,46,0.0217,0.0769,58.9,15.0,95.7,1009.5,0.0,11.0,6.8,263.7,W,5.31,1.69,8.28
413725,2015-04-11,2015,WSH,2015-04-11 19:05:00,19,3,2,5,1,14,6,20,335,87.3,3,63,0.0476,0.05,50.8,10.4,44.7,1021.3,0.0,7.2,4.5,295.7,NW,-0.4,-2.83,2.09
413740,2015-04-12,2015,WSH,2015-04-12 13:35:00,13,3,4,7,2,20,8,18,323,85.0,3,57,0.0526,0.1111,63.8,17.7,34.0,1025.4,0.0,7.4,4.6,231.3,SW,6.46,4.85,7.28
413851,2015-04-21,2015,MIA,2015-04-21 19:05:00,19,7,3,10,3,18,4,17,258,89.1,2,49,0.0408,0.1765,55.1,12.8,52.3,1008.0,0.0,7.8,4.8,212.3,SW,7.65,6.74,7.64
413866,2015-04-22,2015,MIA,2015-04-22 19:05:00,19,1,6,7,1,15,5,15,304,86.6,2,53,0.0377,0.0667,53.5,12.0,55.7,1005.5,0.0,16.0,9.9,272.0,W,5.6,0.14,10.39
413880,2015-04-23,2015,MIA,2015-04-23 13:05:00,13,1,9,10,1,17,7,20,312,85.0,2,55,0.0364,0.05,51.1,10.6,36.3,1008.3,0.0,25.9,16.1,283.0,W,4.27,-4.71,12.74
413885,2015-04-24,2015,ATL,2015-04-24 19:05:00,19,1,0,1,0,8,4,10,259,84.7,1,53,0.0189,0.0,46.5,8.1,38.0,1012.5,0.0,9.2,5.7,336.7,NW,-6.43,-8.31,-3.78
413900,2015-04-25,2015,ATL,2015-04-25 19:05:00,19,2,5,7,2,9,6,15,240,86.8,2,57,0.0351,0.1333,48.1,9.0,56.3,1006.2,0.0,10.0,6.2,224.7,SW,9.29,7.44,10.03
413915,2015-04-26,2015,ATL,2015-04-26 13:35:00,13,5,4,9,2,7,8,16,263,88.9,3,59,0.0508,0.125,58.5,14.7,37.3,1004.9,0.0,6.4,4.0,355.0,N,-5.71,-6.38,-4.35
414089,2015-05-08,2015,NYM,2015-05-08 19:05:00,19,3,1,4,1,16,4,12,251,89.7,2,46,0.0435,0.0833,67.7,19.8,62.3,1020.4,0.0,10.3,6.4,174.0,S,9.02,10.15,6.8
414104,2015-05-09,2015,NYM,2015-05-09 19:05:00,19,2,3,5,1,11,6,16,264,86.8,2,59,0.0339,0.0625,69.1,20.6,83.7,1022.8,0.0,8.3,5.2,111.7,E,-0.12,2.72,-2.95
414119,2015-05-10,2015,NYM,2015-05-10 13:35:00,13,4,7,11,2,12,2,23,263,87.1,1,64,0.0156,0.087,80.4,26.9,58.7,1021.4,0.0,11.0,6.9,215.7,SW,10.74,9.24,10.95
414131,2015-05-11,2015,PIT,2015-05-11 19:05:00,19,3,4,7,2,14,5,16,263,88.0,2,53,0.0377,0.125,71.4,21.9,84.7,1014.7,0.0,6.3,3.9,115.9,SE,0.37,2.49,-1.79
414143,2015-05-12,2015,PIT,2015-05-12 19:05:00,19,2,7,9,2,13,4,16,282,90.4,1,55,0.0182,0.125,76.8,24.9,41.0,1010.4,0.0,14.1,8.7,279.0,W,3.27,-1.6,7.75
414158,2015-05-13,2015,PIT,2015-05-13 19:05:00,19,3,2,5,0,19,5,13,263,85.0,0,42,0.0,0.0,60.5,15.8,44.0,1023.8,0.0,16.5,10.3,359.3,N,-15.17,-16.47,-12.03
414170,2015-05-14,2015,PIT,2015-05-14 13:05:00,13,4,2,6,1,10,4,18,276,87.5,1,55,0.0182,0.0556,68.7,20.4,28.3,1027.7,0.0,3.3,2.0,287.3,W,0.29,-0.84,1.39
414176,2015-05-15,2015,AZ,2015-05-15 19:05:00,19,4,3,7,0,12,4,17,272,84.8,1,55,0.0182,0.0,62.7,17.1,46.0,1022.5,0.0,12.2,7.6,170.0,S,10.26,11.88,7.41
414191,2015-05-16,2015,AZ,2015-05-16 19:05:00,19,7,5,12,3,16,4,23,295,86.8,3,59,0.0508,0.1304,71.8,22.1,84.3,1020.3,4.7,7.3,4.5,258.6,W,4.07,1.75,5.9
414206,2015-05-17,2015,AZ,2015-05-17 13:35:00,13,6,0,6,2,10,7,19,257,87.9,3,58,0.0517,0.1053,80.9,27.2,57.7,1020.0,0.0,8.8,5.5,264.7,W,4.11,1.2,6.52
414370,2015-05-29,2015,COL,2015-05-29 19:05:00,19,1,4,5,3,17,2,9,261,85.5,5,47,0.1064,0.3333,74.4,23.5,72.0,1022.6,0.0,13.4,8.3,174.7,S,11.85,13.27,9.0
414385,2015-05-30,2015,COL,2015-05-30 15:05:00,15,2,5,7,4,15,2,18,303,86.7,3,57,0.0526,0.2222,84.0,28.9,48.3,1018.3,0.0,17.6,11.0,193.0,S,17.39,17.34,15.35
414400,2015-05-31,2015,COL,2015-05-31 13:35:00,13,1,4,5,2,17,2,16,263,87.6,3,51,0.0588,0.125,87.5,30.8,46.0,1015.3,0.0,16.2,10.1,203.7,SW,16.2,15.11,15.33
414425,2015-06-02,2015,CIN,2015-06-02 19:05:00,19,5,4,9,2,10,2,19,251,81.5,1,62,0.0161,0.1053,54.9,12.7,94.3,1020.7,1.6,9.7,6.0,47.3,NE,-8.77,-6.86,-9.63
414440,2015-06-03,2015,CIN,2015-06-03 19:05:00,19,5,4,9,2,22,11,16,344,85.5,3,61,0.0492,0.125,61.3,16.3,69.0,1022.1,0.0,8.6,5.4,107.7,E,-0.73,2.26,-3.62
414454,2015-06-04,2015,CIN,2015-06-04 19:05:00,19,4,6,10,0,10,8,13,272,82.9,0,54,0.0,0.0,58.8,14.9,71.3,1022.1,0.0,9.7,6.0,63.0,NE,-7.4,-4.79,-9.12
414472,2015-06-05,2015,SF,2015-06-05 19:05:00,19,4,5,9,5,14,5,18,294,86.3,3,54,0.0556,0.2778,63.1,17.3,88.3,1013.4,0.0,6.2,3.9,83.3,E,-3.02,-0.99,-4.69
414487,2015-06-06,2015,SF,2015-06-06 15:05:00,15,5,7,12,2,23,4,18,285,86.0,3,48,0.0625,0.1111,74.8,23.8,61.3,1014.1,0.1,11.4,7.1,31.3,NE,-11.26,-9.99,-11.18
414502,2015-06-07,2015,SF,2015-06-07 13:35:00,13,6,4,10,2,11,6,20,266,84.9,3,59,0.0508,0.1,72.9,22.7,52.7,1020.2,0.0,12.9,8.0,187.3,S,12.48,12.89,10.57
414629,2015-06-17,2015,BAL,2015-06-17 19:05:00,19,4,6,10,3,18,2,17,252,85.0,2,52,0.0385,0.1765,71.4,21.9,64.3,1018.8,0.0,10.3,6.4,149.7,SE,6.24,8.68,3.05
414644,2015-06-18,2015,BAL,2015-06-18 13:05:00,13,2,1,3,2,15,4,11,238,86.7,1,46,0.0217,0.1818,71.4,21.9,79.3,1016.1,0.1,10.0,6.2,177.0,S,9.06,9.99,7.03
414670,2015-06-19,2015,STL,2015-06-19 19:05:00,19,4,12,16,4,18,14,27,392,88.5,3,62,0.0484,0.1481,76.1,24.5,77.0,1014.3,0.0,6.9,4.3,347.8,N,-5.67,-6.67,-3.98
414685,2015-06-20,2015,STL,2015-06-20 19:05:00,19,1,10,11,3,12,6,22,313,84.8,3,60,0.05,0.1364,76.6,24.8,83.0,1011.8,0.1,12.9,8.0,118.3,SE,1.3,5.61,-3.16
414700,2015-06-21,2015,STL,2015-06-21 13:35:00,13,9,2,11,3,18,4,20,258,87.4,1,52,0.0192,0.15,86.2,30.1,51.3,1008.5,0.0,20.1,12.5,282.7,W,3.43,-3.54,9.98
414765,2015-06-26,2015,WSH,2015-06-26 19:05:00,19,2,5,7,2,17,2,16,242,89.0,2,52,0.0385,0.125,73.3,23.0,67.3,1016.3,0.0,10.1,6.3,147.3,SE,5.77,8.26,2.59
414780,2015-06-28,2015,WSH,2015-06-27 15:05:00,15,8,5,13,2,12,3,26,321,87.4,2,66,0.0303,0.0769,64.2,17.9,85.7,1013.3,8.4,22.7,14.1,78.3,E,-12.75,-5.55,-18.4
414795,2015-06-28,2015,WSH,2015-06-28 13:05:00,13,2,3,5,1,19,7,14,291,83.7,1,51,0.0196,0.0714,75.7,24.3,55.0,1005.5,0.0,19.4,12.1,254.7,W,11.9,5.94,16.42
414801,2015-06-29,2015,MIL,2015-06-29 19:05:00,19,4,7,11,0,12,4,25,278,87.7,0,63,0.0,0.0,70.6,21.4,71.0,1013.4,0.0,9.3,5.8,196.0,S,9.21,9.01,8.29
414812,2015-06-30,2015,MIL,2015-06-30 19:05:00,19,3,4,7,1,17,7,18,328,87.6,0,55,0.0,0.0556,75.0,23.9,83.3,1010.2,0.0,11.2,7.0,173.9,S,9.87,11.11,7.43
414827,2015-07-01,2015,MIL,2015-07-01 19:05:00,19,5,9,14,1,12,4,27,275,86.9,3,68,0.0441,0.037,75.7,24.3,64.3,1010.8,0.0,8.9,5.6,257.3,W,5.15,2.34,7.33
414839,2015-07-02,2015,MIL,2015-07-02 18:35:00,18,7,8,15,1,14,7,32,358,87.5,1,80,0.0125,0.0312,72.1,22.3,83.0,1011.4,0.7,1.9,1.2,191.1,S,1.9,1.91,1.65
414996,2015-07-17,2015,MIA,2015-07-17 19:05:00,19,6,3,9,2,11,5,16,229,85.6,0,53,0.0,0.125,73.7,23.2,67.3,1016.3,0.0,12.2,7.6,165.0,S,9.68,11.64,6.56
415011,2015-07-18,2015,MIA,2015-07-18 19:05:00,19,3,1,4,0,13,3,15,257,89.8,2,52,0.0385,0.0,80.0,26.7,81.3,1012.2,0.0,10.7,6.7,210.4,SW,10.63,9.49,10.49
415026,2015-07-19,2015,MIA,2015-07-19 13:35:00,13,8,7,15,3,9,4,24,296,85.0,4,64,0.0625,0.125,91.8,33.2,53.0,1009.6,0.0,11.2,7.0,222.7,SW,10.54,8.58,11.23
415042,2015-07-20,2015,TB,2015-07-20 19:05:00,19,5,3,8,0,13,7,15,253,88.1,0,48,0.0,0.0,83.5,28.6,74.7,1005.5,0.0,8.7,5.4,225.0,SW,8.01,6.39,8.66
415056,2015-07-21,2015,TB,2015-07-21 19:05:00,19,0,1,1,1,19,4,11,270,86.6,0,44,0.0,0.0909,81.0,27.2,68.0,1003.8,0.0,12.4,7.7,318.0,NW,-5.33,-8.82,-1.19
415071,2015-07-22,2015,TB,2015-07-22 13:05:00,13,5,4,9,1,15,8,25,330,85.2,2,67,0.0299,0.04,82.3,27.9,40.0,1009.3,0.0,18.3,11.4,280.3,W,3.86,-2.5,9.76
415169,2015-07-30,2015,ATL,2015-07-30 19:05:00,19,4,1,5,1,13,3,24,284,85.8,1,59,0.0169,0.0417,75.8,24.3,93.3,1010.8,0.1,8.8,5.4,248.7,W,6.07,3.54,7.87
415183,2015-07-31,2015,ATL,2015-07-31 19:05:00,19,9,3,12,2,8,5,21,269,88.8,4,64,0.0625,0.0952,78.8,26.0,65.0,1010.0,0.0,7.8,4.8,240.9,SW,6.11,4.08,7.4
415198,2015-08-01,2015,ATL,2015-08-01 19:05:00,19,12,2,14,4,13,3,21,296,86.5,8,59,0.1356,0.1905,77.8,25.4,58.3,1010.6,0.0,7.9,4.9,274.7,W,2.43,-0.3,4.87
415213,2015-08-02,2015,ATL,2015-08-02 13:35:00,13,2,6,8,1,12,3,21,268,85.8,2,61,0.0328,0.0476,86.2,30.1,35.7,1012.7,0.0,10.8,6.7,245.0,SW,7.99,5.0,10.01
415244,2015-08-04,2015,LAD,2015-08-04 19:05:00,19,6,2,8,1,22,8,21,322,84.7,0,49,0.0,0.0476,78.3,25.7,73.0,1012.1,0.0,6.0,3.7,280.5,W,1.26,-0.84,3.2
415259,2015-08-05,2015,LAD,2015-08-05 19:05:00,19,3,4,7,2,17,11,16,344,85.3,5,51,0.098,0.125,76.9,25.0,54.7,1013.2,0.0,8.8,5.4,307.3,NW,-2.24,-5.01,0.79
415271,2015-08-06,2015,LAD,2015-08-06 13:05:00,13,8,10,18,3,19,4,27,336,87.3,6,61,0.0984,0.1111,81.9,27.7,44.7,1013.2,0.0,5.2,3.3,239.6,SW,4.18,2.84,5.0
415436,2015-08-18,2015,TOR,2015-08-18 19:05:00,19,5,8,13,4,16,8,20,311,89.2,2,57,0.0351,0.2,77.8,25.5,75.0,1015.0,0.0,12.6,7.8,162.3,S,9.63,11.83,6.27
415451,2015-08-19,2015,TOR,2015-08-19 19:05:00,19,7,4,11,4,11,5,15,240,86.7,3,55,0.0545,0.2667,78.4,25.8,73.7,1015.5,0.0,11.9,7.4,148.0,SE,6.93,9.83,3.19
415513,2015-08-24,2015,NYM,2015-08-24 19:05:00,19,7,16,23,11,17,6,31,358,91.5,11,68,0.1618,0.3548,78.3,25.7,64.3,1010.6,0.0,11.8,7.3,177.3,S,10.68,11.75,8.32
415526,2015-08-25,2015,NYM,2015-08-25 19:05:00,19,5,6,11,3,26,9,14,337,89.9,5,43,0.1163,0.2143,75.4,24.1,57.0,1012.6,0.0,11.1,6.9,305.7,NW,-2.52,-6.05,1.32
415541,2015-08-26,2015,NYM,2015-08-26 19:05:00,19,4,9,13,1,16,5,21,307,89.3,5,60,0.0833,0.0476,73.1,22.8,51.0,1016.1,0.0,8.2,5.1,291.7,W,0.12,-2.68,2.9
415552,2015-08-27,2015,NYM,2015-08-27 19:05:00,19,5,9,14,4,18,12,24,423,87.1,7,81,0.0864,0.1667,72.8,22.7,50.7,1019.2,0.0,6.7,4.2,338.0,N,-4.8,-6.13,-2.9
415570,2015-08-28,2015,SD,2015-08-28 19:05:00,19,7,1,8,2,16,7,8,249,89.4,2,42,0.0476,0.25,73.5,23.0,55.0,1021.4,0.0,3.6,2.3,22.0,N,-3.63,-3.42,-3.4
415585,2015-08-29,2015,SD,2015-08-29 19:05:00,19,4,3,7,1,13,3,14,266,89.0,2,51,0.0392,0.0714,75.9,24.4,63.7,1019.3,0.0,11.3,7.0,194.3,S,11.19,11.06,9.96
415600,2015-08-30,2015,SD,2015-08-30 13:35:00,13,4,9,13,4,17,4,26,320,88.0,4,59,0.0678,0.1538,87.0,30.6,44.7,1017.4,0.0,10.4,6.4,225.7,SW,9.53,7.56,10.35
415696,2015-09-07,2015,ATL,2015-09-07 19:05:00,19,2,7,9,3,16,3,18,260,90.2,2,54,0.037,0.1667,77.7,25.4,66.7,1016.7,0.0,12.6,7.8,202.3,S,12.6,11.85,11.83
415711,2015-09-08,2015,ATL,2015-09-08 19:05:00,19,5,0,5,1,14,5,16,235,85.6,2,48,0.0417,0.0625,79.3,26.3,73.7,1014.6,0.0,10.7,6.7,189.3,S,10.45,10.66,8.98
415726,2015-09-09,2015,ATL,2015-09-09 19:05:00,19,1,8,9,1,8,9,22,283,88.2,2,65,0.0308,0.0455,79.9,26.6,84.0,1010.1,0.0,7.8,4.9,184.9,S,7.47,7.83,6.2
415741,2015-09-11,2015,CHC,2015-09-10 19:05:00,19,3,7,10,3,15,5,17,274,89.9,4,56,0.0714,0.1765,70.3,21.3,95.7,1006.3,3.2,11.6,7.2,20.7,N,-11.63,-11.05,-10.8
415749,2015-09-11,2015,CHC,2015-09-11 17:05:00,17,1,5,6,2,22,4,17,288,85.4,3,50,0.06,0.1176,76.3,24.6,63.7,1008.4,0.0,2.7,1.7,234.3,SW,2.32,1.69,2.68
415764,2015-09-12,2015,CHC,2015-09-12 19:05:00,19,7,5,12,2,23,9,12,290,88.5,2,42,0.0476,0.1667,68.7,20.4,97.0,1003.7,2.0,4.4,2.8,179.3,S,4.07,4.43,3.23
415779,2015-09-13,2015,CHC,2015-09-13 13:35:00,13,7,4,11,2,16,6,20,313,90.0,5,55,0.0909,0.1,69.0,20.5,61.0,1008.2,0.0,12.9,8.0,284.7,W,1.75,-2.71,6.01
415804,2015-09-14,2015,WSH,2015-09-14 19:05:00,19,7,8,15,7,30,6,24,366,88.2,6,58,0.1034,0.2917,63.7,17.6,62.0,1021.7,0.0,9.3,5.8,260.3,W,4.93,1.95,7.32
415819,2015-09-15,2015,WSH,2015-09-15 19:05:00,19,0,4,4,2,24,6,8,259,87.8,1,37,0.027,0.25,68.1,20.0,66.7,1026.0,0.0,7.2,4.5,256.3,W,4.25,2.0,5.98
415834,2015-09-16,2015,WSH,2015-09-16 19:05:00,19,2,12,14,4,19,6,21,293,87.3,4,51,0.0784,0.1905,70.2,21.2,64.7,1023.3,0.0,6.0,3.7,248.3,W,4.16,2.44,5.37
416003,2015-09-29,2015,NYM,2015-09-29 19:05:00,19,4,3,7,3,13,5,21,267,89.3,2,58,0.0345,0.1429,72.6,22.5,94.7,1011.8,0.6,7.0,4.3,104.1,E,-1.03,1.4,-3.33
416018,2015-09-30,2015,NYM,2015-09-30 19:05:00,19,7,5,12,2,14,10,14,342,87.1,3,50,0.06,0.1429,67.6,19.8,72.7,1012.1,0.0,14.7,9.1,1.3,N,-13.68,-14.66,-11.04
416032,2015-10-01,2015,NYM,2015-10-01 12:05:00,12,3,0,3,2,18,2,11,254,87.1,3,43,0.0698,0.1818,57.2,14.0,84.3,1017.8,1.8,14.4,9.0,37.7,NE,-13.93,-11.8,-14.38
416043,2015-10-03,2015,MIA,2015-10-02 19:05:00,19,2,5,7,1,10,3,19,252,87.1,1,59,0.0169,0.0526,48.4,9.1,90.3,1021.6,2.3,27.4,17.0,45.3,NE,-25.25,-20.09,-27.37
416058,2015-10-03,2015,MIA,2015-10-03 16:05:00,16,6,7,13,2,19,8,22,341,89.5,2,57,0.0351,0.0909,54.1,12.3,76.7,1023.7,0.0,20.6,12.8,36.0,NE,-20.0,-17.15,-20.43
416073,2015-10-04,2015,MIA,2015-10-04 15:05:00,15,7,2,9,1,14,6,18,259,86.5,3,54,0.0556,0.0556,58.6,14.8,63.3,1023.0,0.0,18.6,11.6,56.3,NE,-15.48,-11.0,-18.09
446966,2016-04-11,2016,SD,2016-04-11 15:05:00,15,3,4,7,1,18,3,14,267,83.2,2,46,0.0435,0.0714,64.5,18.1,48.0,1016.5,0.0,18.4,11.4,196.3,S,18.29,17.87,16.51
446978,2016-04-12,2016,SD,2016-04-12 19:05:00,19,3,0,3,0,16,10,8,268,81.3,0,41,0.0,0.0,50.1,10.1,39.7,1023.8,0.0,14.8,9.2,342.7,N,-11.36,-13.92,-7.44
446993,2016-04-13,2016,SD,2016-04-13 19:05:00,19,2,1,3,1,19,5,11,255,83.1,1,42,0.0238,0.0909,47.1,8.4,59.0,1026.3,0.0,6.7,4.1,137.6,SE,2.83,4.73,0.6
447005,2016-04-14,2016,SD,2016-04-14 13:05:00,13,3,0,3,1,26,5,6,255,83.7,2,31,0.0645,0.1667,60.1,15.6,36.3,1026.3,0.0,6.6,4.1,34.7,NE,-6.45,-5.59,-6.54
447021,2016-04-15,2016,WSH,2016-04-15 19:05:00,19,1,9,10,3,16,6,20,303,84.8,5,59,0.0847,0.15,51.6,10.9,54.7,1029.0,0.0,11.2,7.0,183.3,S,10.61,11.23,8.71
447036,2016-04-16,2016,WSH,2016-04-16 19:05:00,19,1,8,9,3,20,4,15,266,79.0,2,48,0.0417,0.2,53.3,11.8,50.0,1029.2,0.0,9.3,5.8,133.7,SE,3.36,6.12,0.19
447051,2016-04-17,2016,WSH,2016-04-17 13:35:00,13,3,2,5,2,19,7,15,301,87.0,4,51,0.0784,0.1333,68.2,20.1,33.7,1027.5,0.0,5.8,3.6,328.3,NW,-3.38,-4.77,-1.57
447067,2016-04-18,2016,NYM,2016-04-18 19:05:00,19,2,5,7,4,25,6,17,278,84.3,2,44,0.0455,0.2353,61.8,16.6,62.3,1018.9,0.0,7.8,4.8,201.3,S,7.8,7.38,7.27
447082,2016-04-19,2016,NYM,2016-04-19 19:05:00,19,1,11,12,6,14,5,21,313,86.6,9,60,0.15,0.2857,59.2,15.1,32.3,1019.7,0.0,14.9,9.2,345.7,N,-11.9,-14.23,-8.13
447096,2016-04-20,2016,NYM,2016-04-20 19:05:00,19,5,4,9,3,27,5,24,364,85.2,5,61,0.082,0.125,56.7,13.7,47.7,1022.8,0.0,13.1,8.1,175.3,S,11.63,12.96,8.88
447202,2016-04-29,2016,CLE,2016-04-29 19:05:00,19,4,3,7,2,26,5,16,322,84.0,3,50,0.06,0.125,47.9,8.8,75.7,1019.5,0.2,6.8,4.2,58.2,NE,-5.5,-3.82,-6.51
447217,2016-04-30,2016,CLE,2016-04-30 19:05:00,19,4,3,7,1,11,4,16,266,88.2,5,55,0.0909,0.0625,53.5,12.0,64.7,1023.3,0.0,11.2,7.0,152.0,SE,7.15,9.68,3.75
447232,2016-05-01,2016,CLE,2016-05-01 14:35:00,14,2,1,3,1,17,6,8,261,81.5,0,37,0.0,0.125,51.6,10.9,85.0,1018.9,0.3,10.5,6.5,122.3,SE,1.8,5.24,-1.86
447393,2016-05-13,2016,CIN,2016-05-13 19:05:00,19,3,2,5,0,18,6,11,238,87.9,1,38,0.0263,0.0,63.4,17.4,93.0,1009.2,0.0,9.0,5.6,248.0,W,6.33,3.75,8.15
447408,2016-05-14,2016,CIN,2016-05-14 19:05:00,19,4,3,7,1,17,6,17,249,80.9,1,47,0.0213,0.0588,58.2,14.5,86.7,1005.0,0.0,13.0,8.1,253.7,W,8.17,4.2,11.15
447423,2016-05-15,2016,CIN,2016-05-15 13:35:00,13,4,9,13,1,16,14,26,391,81.8,3,63,0.0476,0.0385,55.4,13.0,44.3,1011.1,0.0,26.8,16.6,281.0,W,5.34,-3.96,13.99
447451,2016-05-16,2016,MIA,2016-05-16 19:05:00,19,3,5,8,2,17,9,20,312,86.3,2,56,0.0357,0.1,55.9,13.3,56.0,1020.7,0.0,11.7,7.3,226.0,SW,10.76,8.51,11.71
447466,2016-05-17,2016,MIA,2016-05-17 19:05:00,19,3,1,4,1,26,3,14,278,83.7,3,39,0.0769,0.0714,51.8,11.0,92.0,1020.7,0.0,3.5,2.2,236.0,SW,2.95,2.1,3.44
447480,2016-05-18,2016,MIA,2016-05-18 13:05:00,13,4,2,6,1,12,6,14,253,82.6,2,49,0.0408,0.0714,64.8,18.2,45.7,1019.1,0.0,5.9,3.6,74.3,E,-3.63,-1.83,-4.98
447487,2016-05-20,2016,ATL,2016-05-20 19:05:00,19,1,7,8,3,15,7,14,286,85.5,3,54,0.0556,0.2143,63.1,17.3,57.3,1022.1,0.0,13.0,8.1,164.7,S,10.24,12.34,6.9
447502,2016-05-21,2016,ATL,2016-05-21 15:05:00,15,0,2,2,0,12,6,8,277,85.2,1,49,0.0204,0.0,58.8,14.9,82.3,1014.4,1.4,10.5,6.5,50.7,NE,-9.29,-7.03,-10.43
447517,2016-05-22,2016,ATL,2016-05-22 13:35:00,13,5,0,5,1,7,2,19,240,83.2,2,60,0.0333,0.0526,63.6,17.6,61.7,1010.0,0.6,7.4,4.6,54.0,NE,-6.31,-4.61,-7.25
447638,2016-05-30,2016,WSH,2016-05-30 19:05:00,19,3,4,7,2,17,5,11,245,83.4,4,46,0.087,0.1818,71.9,22.2,89.3,1014.8,0.1,9.6,5.9,199.0,S,9.55,9.17,8.77
447653,2016-05-31,2016,WSH,2016-05-31 19:05:00,19,1,5,6,4,18,4,12,268,86.1,2,46,0.0435,0.3333,76.3,24.6,69.3,1014.2,0.0,3.9,2.4,295.7,NW,-0.21,-1.52,1.12
447668,2016-06-01,2016,WSH,2016-06-01 19:05:00,19,2,7,9,3,20,4,18,261,85.4,2,51,0.0392,0.1667,73.9,23.3,71.3,1018.2,0.0,9.9,6.1,133.6,SE,3.56,6.49,0.19
447674,2016-06-02,2016,MIL,2016-06-02 19:05:00,19,1,4,5,3,19,3,17,297,84.2,3,50,0.06,0.1765,70.4,21.3,78.7,1017.3,0.0,11.4,7.1,139.7,SE,5.22,8.38,1.43
447685,2016-06-03,2016,MIL,2016-06-03 19:05:00,19,6,3,9,3,15,9,12,271,85.2,1,45,0.0222,0.25,69.3,20.7,91.7,1016.6,0.0,6.9,4.3,151.9,SE,4.41,5.97,2.31
447700,2016-06-04,2016,MIL,2016-06-04 15:05:00,15,3,6,9,4,11,7,17,313,83.9,6,60,0.1,0.2353,79.8,26.6,62.7,1013.1,0.0,7.7,4.8,196.7,S,7.63,7.43,6.9
447715,2016-06-05,2016,MIL,2016-06-05 13:35:00,13,8,1,9,3,15,5,24,294,85.5,3,58,0.0517,0.125,78.8,26.0,78.0,1004.4,0.7,15.1,9.4,193.7,S,14.89,14.78,13.2
447725,2016-06-06,2016,CHC,2016-06-06 19:05:00,19,4,6,10,3,18,0,22,282,84.0,4,57,0.0702,0.1364,75.1,23.9,59.3,1004.4,0.0,12.0,7.5,205.7,SW,11.98,11.03,11.49
447736,2016-06-07,2016,CHC,2016-06-07 19:05:00,19,3,2,5,1,17,6,12,261,84.3,0,45,0.0,0.0833,70.8,21.6,50.3,1001.0,0.0,15.1,9.4,301.3,NW,-2.31,-7.27,2.92
447751,2016-06-08,2016,CHC,2016-06-08 13:05:00,13,1,8,9,2,18,3,16,278,84.4,3,49,0.0612,0.125,61.6,16.4,57.7,1006.6,0.0,23.3,14.5,305.3,NW,-5.16,-12.61,2.91
447856,2016-06-15,2016,TOR,2016-06-15 19:05:00,19,2,7,9,3,13,6,15,299,82.6,4,54,0.0741,0.2,68.5,20.3,79.0,1011.1,0.0,6.6,4.1,194.3,S,6.57,6.49,5.85
447865,2016-06-16,2016,TOR,2016-06-16 19:05:00,19,2,13,15,5,17,5,22,294,86.5,7,60,0.1167,0.2273,67.9,19.9,80.7,1007.4,0.0,3.8,2.4,33.9,NE,-3.73,-3.24,-3.76
447867,2016-06-17,2016,AZ,2016-06-17 19:05:00,19,2,10,12,6,25,2,23,303,84.4,7,52,0.1346,0.2609,69.4,20.8,51.3,1017.6,0.0,10.7,6.7,121.0,SE,1.59,5.12,-2.14
447882,2016-06-18,2016,AZ,2016-06-18 15:05:00,15,1,4,5,4,18,2,15,248,79.3,3,50,0.06,0.2667,81.0,27.2,40.0,1023.2,0.0,9.0,5.6,208.7,SW,8.91,8.05,8.71
447897,2016-06-19,2016,AZ,2016-06-19 13:35:00,13,1,5,6,0,17,7,13,277,85.3,2,51,0.0392,0.0,87.9,31.0,32.7,1024.2,0.0,8.3,5.1,283.3,W,1.32,-1.55,4.03
447912,2016-06-20,2016,AZ,2016-06-20 13:05:00,13,1,3,4,1,17,1,13,235,81.0,1,47,0.0213,0.0769,89.2,31.8,35.0,1017.4,0.0,10.0,6.2,238.0,SW,8.11,5.65,9.6
448064,2016-07-01,2016,KC,2016-07-01 19:05:00,19,4,3,7,2,18,4,20,295,84.1,3,50,0.06,0.1,76.0,24.4,86.0,1012.0,0.0,9.1,5.7,204.7,SW,9.09,8.43,8.66
448079,2016-07-02,2016,KC,2016-07-02 17:50:00,17,2,6,8,2,20,2,17,274,79.6,1,49,0.0204,0.1176,76.5,24.7,42.3,1017.6,0.0,10.2,6.4,293.4,NW,-0.16,-3.65,3.35
448094,2016-07-03,2016,KC,2016-07-03 13:35:00,13,7,2,9,4,15,4,18,261,82.3,3,52,0.0577,0.2222,77.2,25.1,48.7,1019.0,0.0,10.5,6.5,185.7,S,10.08,10.52,8.43
448102,2016-07-04,2016,ATL,2016-07-04 16:05:00,16,8,2,10,3,13,4,18,242,87.2,4,57,0.0702,0.1667,72.8,22.7,79.3,1015.5,0.6,12.8,7.9,188.3,S,12.38,12.7,10.56
448117,2016-07-05,2016,ATL,2016-07-05 19:05:00,19,5,1,6,5,15,2,14,218,87.3,4,46,0.087,0.3571,79.9,26.6,69.7,1010.0,0.0,6.9,4.3,273.0,W,2.3,-0.06,4.39
448132,2016-07-06,2016,ATL,2016-07-06 13:05:00,13,4,3,7,2,11,6,16,261,84.1,1,56,0.0179,0.125,90.3,32.4,47.0,1010.5,0.0,9.6,6.0,252.0,W,6.26,3.37,8.38
448213,2016-07-15,2016,NYM,2016-07-15 19:05:00,19,3,5,8,2,17,4,14,272,81.2,1,52,0.0192,0.1429,83.2,28.4,61.0,1012.4,0.0,11.8,7.3,217.0,SW,11.42,9.72,11.75
448228,2016-07-16,2016,NYM,2016-07-16 19:05:00,19,4,2,6,1,12,4,16,275,82.8,1,55,0.0182,0.0625,78.4,25.8,83.0,1017.7,0.0,7.8,4.8,183.3,S,7.37,7.8,6.05
448243,2016-07-17,2016,NYM,2016-07-17 13:35:00,13,0,5,5,2,12,3,9,253,82.1,1,50,0.02,0.2222,89.4,31.9,42.3,1018.9,0.0,10.0,6.2,232.3,SW,8.7,6.47,9.89
448253,2016-07-18,2016,MIA,2016-07-18 19:05:00,19,2,3,5,2,28,7,10,301,84.2,3,45,0.0667,0.2,80.7,27.1,73.7,1017.0,0.0,9.5,5.9,243.0,SW,7.22,4.67,8.9
448280,2016-07-20,2016,MIA,2016-07-20 19:05:00,19,4,1,5,2,16,0,17,241,81.3,1,51,0.0196,0.1176,75.7,24.3,74.0,1020.9,0.0,6.4,4.0,183.0,S,6.06,6.43,4.96
448293,2016-07-21,2016,MIA,2016-07-21 19:05:00,19,3,9,12,3,15,1,19,294,84.3,4,59,0.0678,0.1579,78.5,25.8,65.3,1018.1,0.0,13.3,8.2,194.0,S,13.12,13.0,11.66
448456,2016-08-02,2016,SF,2016-08-02 19:05:00,19,13,8,21,6,20,8,25,318,84.8,5,57,0.0877,0.24,73.3,22.9,69.7,1019.3,0.0,9.9,6.2,98.3,E,-2.42,1.0,-5.56
448471,2016-08-03,2016,SF,2016-08-03 19:05:00,19,5,4,9,2,17,6,19,343,83.6,4,71,0.0563,0.1053,73.9,23.3,65.3,1020.4,0.0,10.3,6.4,130.7,SE,3.2,6.34,-0.33
448484,2016-08-04,2016,SF,2016-08-04 13:05:00,13,2,3,5,1,23,10,12,324,82.4,2,47,0.0426,0.0833,81.4,27.5,48.3,1019.7,0.0,5.0,3.1,139.0,SE,2.25,3.65,0.57
448587,2016-08-12,2016,COL,2016-08-12 19:05:00,19,10,6,16,5,22,9,19,331,83.5,3,50,0.06,0.2632,84.9,29.4,76.7,1012.6,0.0,13.3,8.3,214.3,SW,13.05,11.33,13.2
448602,2016-08-13,2016,COL,2016-08-13 19:05:00,19,6,3,9,3,15,7,19,288,82.2,3,52,0.0577,0.1579,85.0,29.5,78.7,1012.0,0.8,5.5,3.4,214.0,SW,5.36,4.66,5.41
448617,2016-08-14,2016,COL,2016-08-14 13:35:00,13,7,6,13,3,14,10,22,329,84.9,3,61,0.0492,0.1364,93.9,34.4,49.0,1014.4,0.0,15.1,9.4,262.6,W,7.53,2.59,11.57
448638,2016-08-16,2016,LAD,2016-08-16 19:05:00,19,5,15,20,7,25,6,21,351,82.4,7,51,0.1373,0.3333,82.7,28.2,81.7,1016.7,4.2,13.8,8.6,215.3,SW,13.49,11.62,13.73
448653,2016-08-17,2016,LAD,2016-08-17 19:05:00,19,2,7,9,4,13,8,22,325,83.0,2,61,0.0328,0.1818,81.6,27.5,68.7,1016.4,0.0,6.0,3.7,359.0,N,-5.47,-5.96,-4.33
448669,2016-08-18,2016,LAD,2016-08-18 19:05:00,19,5,4,9,4,18,6,16,284,84.9,4,50,0.08,0.25,79.5,26.4,74.7,1013.8,0.0,3.0,1.9,295.6,NW,-0.16,-1.18,0.87
448688,2016-08-19,2016,STL,2016-08-19 19:05:00,19,3,4,7,4,19,8,20,353,83.8,3,63,0.0476,0.2,79.2,26.2,67.3,1012.6,0.0,4.0,2.5,37.4,NE,-3.83,-3.25,-3.95
448703,2016-08-20,2016,STL,2016-08-20 19:05:00,19,4,2,6,3,21,1,20,272,82.5,2,46,0.0435,0.15,78.2,25.7,75.0,1011.4,0.0,12.0,7.5,157.0,SE,8.43,10.86,4.99
448718,2016-08-21,2016,STL,2016-08-21 13:35:00,13,0,9,9,4,18,3,22,307,82.9,4,56,0.0714,0.1818,81.2,27.3,70.3,1008.4,1.2,11.4,7.1,164.6,S,9.03,10.88,6.08
448829,2016-08-29,2016,WSH,2016-08-29 19:05:00,19,0,4,4,1,12,3,13,277,85.0,4,53,0.0755,0.0769,81.7,27.6,42.0,1019.4,0.0,13.1,8.1,10.3,N,-12.77,-12.94,-11.06
448844,2016-08-30,2016,WSH,2016-08-30 19:05:00,19,2,3,5,1,19,5,10,253,85.5,1,42,0.0238,0.1,78.1,25.6,68.7,1016.9,0.0,3.6,2.2,90.8,E,-1.33,-0.11,-2.4
448859,2016-08-31,2016,WSH,2016-08-31 19:05:00,19,1,2,3,2,14,3,8,286,81.4,2,47,0.0426,0.25,80.5,26.9,63.0,1012.2,0.0,5.0,3.1,232.4,SW,4.36,3.24,4.96
448865,2016-09-02,2016,ATL,2016-09-02 19:05:00,19,4,8,12,2,20,7,22,327,85.9,2,55,0.0364,0.0909,72.2,22.3,59.7,1018.8,0.0,5.0,3.1,38.0,NE,-4.82,-4.07,-4.98
448880,2016-09-03,2016,ATL,2016-09-03 19:05:00,19,4,6,10,3,18,5,15,328,82.8,4,59,0.0678,0.2,68.8,20.5,65.0,1020.3,0.0,7.3,4.6,65.0,NE,-5.41,-3.38,-6.77
448895,2016-09-04,2016,ATL,2016-09-04 13:35:00,13,0,2,2,2,22,9,13,292,82.1,2,44,0.0455,0.1538,78.6,25.9,42.0,1022.4,0.0,12.2,7.6,57.7,NE,-9.97,-6.97,-11.78
449016,2016-09-12,2016,PIT,2016-09-12 19:05:00,19,6,2,8,1,19,11,14,317,83.3,2,44,0.0455,0.0714,71.5,21.9,60.7,1022.2,0.0,12.0,7.5,132.3,SE,4.07,7.69,-0.03
449031,2016-09-13,2016,PIT,2016-09-13 19:05:00,19,3,5,8,1,22,10,13,293,82.5,1,42,0.0238,0.0769,73.3,22.9,66.7,1019.6,0.0,14.3,8.9,183.0,S,13.48,14.3,11.03
449046,2016-09-14,2016,PIT,2016-09-14 19:05:00,19,6,2,8,3,16,6,24,266,84.7,1,54,0.0185,0.125,79.6,26.4,51.0,1017.9,0.0,13.8,8.6,356.0,N,-12.32,-13.68,-9.48
449057,2016-09-15,2016,PIT,2016-09-15 19:05:00,19,2,15,17,5,17,3,18,296,85.6,6,55,0.1091,0.2778,68.7,20.4,50.7,1023.8,0.0,11.3,7.0,121.3,SE,1.74,5.47,-2.19
449065,2016-09-16,2016,MIA,2016-09-16 19:05:00,19,4,3,7,2,30,9,26,423,84.6,1,70,0.0143,0.0769,66.5,19.2,61.0,1024.6,0.0,11.1,6.9,142.7,SE,5.56,8.5,1.95
449080,2016-09-17,2016,MIA,2016-09-17 19:05:00,19,8,0,8,1,16,5,14,250,85.2,1,47,0.0213,0.0714,72.9,22.7,77.7,1019.5,0.0,12.6,7.8,168.3,S,10.43,12.22,7.38
449095,2016-09-18,2016,MIA,2016-09-18 13:35:00,13,4,5,9,3,16,7,16,306,82.9,2,52,0.0385,0.1875,84.1,28.9,58.0,1016.0,0.0,12.1,7.5,215.0,SW,11.78,10.18,11.96
449119,2016-09-20,2016,CWS,2016-09-20 19:05:00,19,7,6,13,2,9,8,22,301,84.7,3,59,0.0508,0.0909,73.8,23.2,86.3,1019.2,0.0,4.7,2.9,188.2,S,4.55,4.68,3.88
449134,2016-09-21,2016,CWS,2016-09-21 19:05:00,19,8,3,11,4,15,5,17,266,86.7,3,50,0.06,0.2353,72.4,22.5,71.3,1020.8,0.0,5.4,3.4,90.0,E,-2.07,-0.24,-3.65
449262,2016-09-30,2016,NYM,2016-09-30 19:05:00,19,1,5,6,1,20,3,16,290,86.0,3,50,0.06,0.0625,61.3,16.3,83.3,1022.6,0.0,17.9,11.1,47.0,NE,-16.29,-12.77,-17.84
449277,2016-10-01,2016,NYM,2016-10-01 13:05:00,13,3,5,8,3,16,4,19,282,82.9,3,54,0.0556,0.1579,64.9,18.3,84.7,1019.4,1.1,16.5,10.3,70.3,E,-11.1,-6.24,-14.62
449292,2016-10-02,2016,NYM,2016-10-02 15:05:00,15,5,2,7,0,12,4,18,250,82.7,1,55,0.0182,0.0,70.2,21.2,72.7,1016.5,0.0,1.7,1.0,300.1,NW,-0.22,-0.77,0.36
490162,2017-04-07,2017,WSH,2017-04-07 15:05:00,15,6,7,13,5,26,10,20,327,83.3,3,44,0.0682,0.25,47.7,8.7,45.3,999.5,0.0,28.1,17.5,291.7,W,0.41,-9.24,10.01
490177,2017-04-08,2017,WSH,2017-04-08 19:05:00,19,17,3,20,2,20,7,25,340,85.5,5,54,0.0926,0.08,46.7,8.2,50.7,1014.5,0.0,8.6,5.4,286.3,W,0.93,-2.06,3.81
490192,2017-04-09,2017,WSH,2017-04-09 13:35:00,13,4,3,7,1,14,9,13,289,84.6,3,51,0.0588,0.0769,65.1,18.4,30.3,1020.8,0.0,14.0,8.7,226.7,SW,12.8,10.07,14.0
490198,2017-04-10,2017,NYM,2017-04-10 19:05:00,19,3,4,7,3,14,9,14,280,85.2,2,50,0.04,0.2143,64.8,18.2,52.3,1019.9,0.0,13.5,8.4,191.7,S,13.23,13.29,11.56
490211,2017-04-11,2017,NYM,2017-04-11 19:05:00,19,4,14,18,8,17,7,28,359,83.2,7,65,0.1077,0.2857,66.4,19.1,63.7,1018.5,0.0,10.8,6.7,191.0,S,10.62,10.71,9.24
490224,2017-04-12,2017,NYM,2017-04-12 19:05:00,19,4,5,9,2,20,7,12,293,82.1,2,43,0.0465,0.1667,61.9,16.6,53.7,1023.1,0.0,10.4,6.5,270.7,W,3.88,0.34,6.96
490336,2017-04-21,2017,ATL,2017-04-21 19:05:00,19,4,3,7,2,12,1,17,233,83.9,5,55,0.0909,0.1176,57.3,14.0,92.0,1012.2,1.1,11.1,6.9,44.1,NE,-10.32,-8.29,-11.1
490351,2017-04-22,2017,ATL,2017-04-22 19:05:00,19,4,3,7,1,23,7,17,331,81.6,3,50,0.06,0.0588,52.6,11.4,84.7,1015.1,0.5,9.7,6.0,351.0,N,-8.24,-9.47,-6.02
490366,2017-04-23,2017,ATL,2017-04-23 13:35:00,13,5,2,7,4,14,4,14,254,81.3,3,50,0.06,0.2857,63.2,17.3,44.7,1018.3,0.0,4.0,2.5,99.6,E,-0.9,0.5,-2.19
490411,2017-04-26,2017,MIA,2017-04-26 19:05:00,19,7,4,11,4,12,4,18,269,85.5,2,55,0.0364,0.2222,58.9,14.9,92.0,1009.4,0.0,4.9,3.0,144.0,SE,2.56,3.83,0.98
490423,2017-04-27,2017,MIA,2017-04-27 13:05:00,13,3,2,5,0,6,5,16,276,78.7,1,58,0.0172,0.0,78.4,25.8,62.3,1009.3,0.0,14.1,8.8,183.4,S,13.36,14.13,10.97
490543,2017-05-05,2017,WSH,2017-05-05 19:05:00,19,2,4,6,3,23,6,20,339,83.4,4,51,0.0784,0.15,64.1,17.8,88.3,997.7,0.2,15.8,9.8,149.3,SE,9.47,13.22,4.57
490573,2017-05-07,2017,WSH,2017-05-07 14:35:00,14,6,5,11,3,16,11,18,350,82.6,4,59,0.0678,0.1667,55.6,13.1,50.7,1005.9,0.4,21.8,13.6,291.7,W,0.32,-7.17,7.77
490594,2017-05-09,2017,SEA,2017-05-09 19:05:00,19,9,10,19,5,13,12,27,347,83.6,7,68,0.1029,0.1852,55.3,13.0,60.0,1014.4,0.0,4.7,2.9,272.1,W,1.65,0.04,3.07
490610,2017-05-10,2017,SEA,2017-05-10 13:05:00,13,6,11,17,5,10,12,27,356,83.5,8,71,0.1127,0.1852,66.2,19.0,39.0,1014.9,0.1,9.3,5.8,333.7,NW,-6.1,-8.12,-3.35
490765,2017-05-22,2017,COL,2017-05-22 19:05:00,19,1,8,9,1,18,0,16,285,82.8,2,52,0.0385,0.0625,63.6,17.6,95.7,1014.6,0.0,3.2,2.0,354.6,N,-2.8,-3.14,-2.12
490774,2017-05-23,2017,COL,2017-05-23 19:05:00,19,2,8,10,4,16,5,18,291,85.1,5,52,0.0962,0.2222,62.2,16.8,76.3,1009.6,0.0,5.1,3.2,87.4,E,-2.16,-0.45,-3.61
490789,2017-05-24,2017,COL,2017-05-24 19:05:00,19,2,7,9,2,17,9,15,308,79.1,2,48,0.0417,0.1333,61.2,16.2,72.7,1008.0,0.0,14.1,8.8,101.3,E,-2.74,2.17,-7.32
490804,2017-05-25,2017,COL,2017-05-25 13:05:00,13,2,1,3,2,22,6,18,316,81.7,4,57,0.0702,0.1111,66.9,19.4,85.0,998.6,0.2,14.6,9.1,105.7,E,-1.74,3.33,-6.59
490818,2017-05-26,2017,CIN,2017-05-26 19:05:00,19,2,5,7,2,13,5,10,255,79.1,2,50,0.04,0.2,67.5,19.7,62.3,1008.7,0.0,15.4,9.6,284.7,W,2.1,-3.25,7.21
490833,2017-05-27,2017,CIN,2017-05-27 16:05:00,16,4,3,7,4,13,4,16,279,84.9,4,52,0.0769,0.25,72.7,22.6,61.0,1010.8,0.0,6.7,4.2,261.7,W,3.43,1.25,5.19
490848,2017-05-28,2017,CIN,2017-05-28 13:35:00,13,4,8,12,6,13,3,22,278,81.3,5,57,0.0877,0.2727,73.8,23.2,62.3,1011.1,0.1,15.0,9.3,137.0,SE,6.21,10.49,1.18
490923,2017-06-02,2017,SF,2017-06-02 19:05:00,19,0,10,10,0,15,10,22,317,85.3,0,61,0.0,0.0,63.3,17.4,64.3,1014.0,0.0,8.1,5.0,290.0,W,0.35,-2.44,3.1
490938,2017-06-03,2017,SF,2017-06-03 16:05:00,16,5,3,8,1,13,4,19,283,84.2,3,52,0.0577,0.0526,72.9,22.7,38.7,1014.0,0.0,12.5,7.8,293.0,NW,-0.11,-4.37,4.18
490953,2017-06-04,2017,SF,2017-06-04 13:35:00,13,9,7,16,6,13,8,17,312,84.3,6,53,0.1132,0.3529,79.6,26.4,48.0,1011.8,0.0,15.9,9.9,211.3,SW,15.74,13.96,15.63
491078,2017-06-14,2017,BOS,2017-06-14 19:05:00,19,3,7,10,3,9,7,19,285,85.5,6,60,0.1,0.1579,73.0,22.8,56.7,1015.2,0.0,10.1,6.3,148.6,SE,5.97,8.41,2.81
491091,2017-06-15,2017,BOS,2017-06-15 19:05:00,19,1,0,1,0,22,4,9,249,82.8,0,37,0.0,0.0,69.7,20.9,53.0,1015.1,0.0,11.8,7.3,120.0,SE,1.54,5.45,-2.55
491100,2017-06-16,2017,AZ,2017-06-16 19:05:00,19,4,5,9,2,17,5,17,283,82.5,4,54,0.0741,0.1176,71.8,22.1,88.7,1012.2,0.2,11.7,7.3,29.6,NE,-11.61,-10.41,-11.41
491115,2017-06-17,2017,AZ,2017-06-17 16:05:00,16,1,5,6,0,18,9,18,326,82.3,0,54,0.0,0.0,79.6,26.4,77.3,1010.9,0.6,11.6,7.2,200.3,S,11.59,11.04,10.74
491130,2017-06-18,2017,AZ,2017-06-18 13:35:00,13,4,5,9,5,22,9,24,383,81.2,2,57,0.0351,0.2083,84.3,29.1,67.3,1009.1,0.7,20.4,12.7,196.7,S,20.26,19.75,18.33
491168,2017-06-20,2017,STL,2017-06-20 19:05:00,19,1,8,9,3,19,6,19,333,82.8,3,62,0.0484,0.1579,76.5,24.7,62.0,1014.4,0.0,10.3,6.4,220.9,SW,9.74,8.04,10.26
491183,2017-06-21,2017,STL,2017-06-21 19:05:00,19,6,7,13,4,27,6,25,357,83.7,6,57,0.1053,0.16,72.5,22.5,72.7,1013.7,0.0,10.2,6.3,257.7,W,5.82,2.61,8.34
491196,2017-06-22,2017,STL,2017-06-22 13:05:00,13,5,1,6,3,15,6,12,248,81.2,1,44,0.0227,0.25,86.1,30.1,50.7,1013.5,0.0,12.6,7.8,250.4,W,8.48,4.76,11.17
491346,2017-07-03,2017,PIT,2017-07-03 19:05:00,19,4,0,4,2,12,2,11,239,84.6,3,50,0.06,0.1818,80.2,26.8,64.7,1015.5,0.0,8.7,5.4,245.6,SW,6.33,3.93,7.97
491358,2017-07-04,2017,PIT,2017-07-04 16:05:00,16,0,3,3,2,24,7,11,287,77.0,4,40,0.1,0.1818,82.0,27.8,65.3,1016.4,2.3,5.0,3.1,271.4,W,1.81,0.1,3.31
491373,2017-07-05,2017,PIT,2017-07-05 19:05:00,19,2,5,7,1,19,5,18,316,82.7,4,53,0.0755,0.0556,75.1,23.9,60.3,1020.9,0.0,8.3,5.2,114.7,SE,0.31,3.14,-2.55
491386,2017-07-06,2017,PIT,2017-07-06 18:05:00,18,3,6,9,2,12,5,17,268,81.8,3,53,0.0566,0.1176,71.5,22.0,90.0,1015.0,1.3,10.1,6.3,57.8,NE,-8.24,-5.75,-9.74
491403,2017-07-07,2017,SD,2017-07-07 18:35:00,18,3,4,7,4,20,2,17,266,80.7,2,51,0.0392,0.2353,79.4,26.3,69.7,1007.2,0.0,10.8,6.7,237.3,SW,8.89,6.24,10.47
491418,2017-07-08,2017,SD,2017-07-08 16:05:00,16,1,2,3,1,18,5,9,239,80.1,2,43,0.0465,0.1111,83.0,28.3,52.7,1008.0,0.0,15.2,9.5,268.0,W,6.32,1.19,10.68
491433,2017-07-09,2017,SD,2017-07-09 13:35:00,13,7,1,8,6,22,2,18,267,84.8,6,46,0.1304,0.3333,82.5,28.0,37.7,1016.2,0.0,10.7,6.6,253.3,W,6.74,3.5,9.16
491538,2017-07-21,2017,MIL,2017-07-21 19:05:00,19,6,1,7,2,20,7,14,280,79.0,2,43,0.0465,0.1429,83.5,28.6,69.0,1011.4,0.0,8.6,5.3,229.7,SW,7.62,5.82,8.5
491553,2017-07-22,2017,MIL,2017-07-22 19:05:00,19,8,9,17,5,18,6,26,318,80.2,5,60,0.0833,0.1923,81.4,27.5,69.7,1007.3,0.4,13.5,8.4,217.7,SW,13.06,11.06,13.49
491568,2017-07-23,2017,MIL,2017-07-23 13:35:00,13,6,3,9,1,18,7,13,282,79.9,1,43,0.0233,0.0769,85.8,29.9,56.3,1007.4,0.0,2.2,1.4,345.7,N,-1.79,-2.14,-1.22
491582,2017-07-24,2017,HOU,2017-07-24 19:05:00,19,4,13,17,2,17,10,28,345,86.1,2,61,0.0328,0.0714,76.4,24.7,79.0,1010.2,0.5,9.8,6.1,106.8,E,-0.98,2.43,-4.27
491595,2017-07-25,2017,HOU,2017-07-25 19:05:00,19,0,5,5,0,20,3,11,266,81.6,2,46,0.0435,0.0,71.2,21.8,76.3,1021.2,1.8,7.2,4.5,57.5,NE,-5.92,-4.15,-6.99
491610,2017-07-26,2017,HOU,2017-07-26 19:05:00,19,9,0,9,3,27,4,23,313,81.4,2,46,0.0435,0.1304,70.9,21.6,74.0,1020.1,0.0,10.4,6.4,147.6,SE,5.97,8.51,2.71
491628,2017-07-28,2017,ATL,2017-07-28 19:05:00,19,10,3,13,6,17,7,23,280,84.7,4,54,0.0741,0.2609,75.0,23.9,88.3,1007.6,0.7,6.6,4.1,91.3,E,-2.39,-0.13,-4.37
491643,2017-07-29,2017,ATL,2017-07-29 19:05:00,19,4,3,7,1,23,8,18,371,79.5,4,58,0.069,0.0556,71.1,21.7,58.0,1010.7,0.0,14.9,9.2,10.3,N,-14.53,-14.73,-12.58
491658,2017-07-30,2017,ATL,2017-07-30 13:35:00,13,2,1,3,0,17,9,17,295,80.6,0,49,0.0,0.0,80.7,27.1,41.3,1015.8,0.0,9.5,5.9,6.0,N,-9.14,-9.52,-7.66
491672,2017-07-31,2017,ATL,2017-07-31 12:35:00,12,7,6,13,4,12,8,19,319,81.1,3,58,0.0517,0.2105,85.1,29.5,43.3,1017.4,0.4,7.2,4.5,340.0,N,-5.33,-6.68,-3.34
491814,2017-08-10,2017,NYM,2017-08-10 19:05:00,19,0,10,10,4,24,4,17,302,82.4,3,44,0.0682,0.2353,72.6,22.6,67.0,1021.3,0.0,7.8,4.9,193.0,S,7.73,7.7,6.82
491829,2017-08-11,2017,NYM,2017-08-11 19:05:00,19,6,7,13,4,20,6,26,318,84.9,5,58,0.0862,0.1538,73.0,22.8,82.7,1016.3,0.4,10.0,6.2,168.3,S,8.25,9.66,5.84
491844,2017-08-12,2017,NYM,2017-08-12 19:05:00,19,3,1,4,1,14,8,8,288,82.3,1,45,0.0222,0.125,72.7,22.6,92.7,1011.4,0.5,8.2,5.1,213.0,SW,8.06,7.06,8.09
491859,2017-08-13,2017,NYM,2017-08-13 13:35:00,13,2,6,8,2,18,5,19,329,80.5,5,55,0.0909,0.1053,84.0,28.9,45.0,1014.0,0.0,8.7,5.4,332.7,NW,-5.63,-7.58,-3.01
490396,2017-08-22,2017,MIA,2017-04-25 19:05:00,19,4,7,11,5,18,6,21,352,80.8,4,55,0.0727,0.2381,53.9,12.2,97.3,1008.5,5.3,24.5,15.2,45.0,NE,-22.6,-18.04,-24.44
491971,2017-08-22,2017,MIA,2017-08-22 16:05:00,16,8,12,20,9,24,5,22,326,81.4,7,51,0.1373,0.4091,85.8,29.9,66.7,1009.9,0.1,17.8,11.1,207.0,SW,17.78,16.23,17.18
491986,2017-08-23,2017,MIA,2017-08-23 19:05:00,19,8,0,8,1,14,7,13,282,81.0,2,48,0.0417,0.0769,70.7,21.5,74.3,1011.3,0.0,8.3,5.1,314.5,NW,-3.09,-5.53,-0.29
492001,2017-08-24,2017,MIA,2017-08-24 13:05:00,13,8,9,17,6,16,10,24,307,80.5,8,59,0.1356,0.25,81.4,27.5,33.7,1013.0,0.0,11.2,7.0,307.0,NW,-2.8,-6.34,1.08
492009,2017-08-25,2017,CHC,2017-08-25 19:05:00,19,7,1,8,3,23,7,20,286,80.4,3,45,0.0667,0.15,68.2,20.1,67.7,1021.6,0.0,6.3,3.9,336.3,NW,-4.34,-5.62,-2.53
492024,2017-08-26,2017,CHC,2017-08-26 19:05:00,19,2,17,19,7,18,5,22,310,81.8,8,56,0.1429,0.3182,68.5,20.3,63.0,1023.3,0.0,6.7,4.2,59.2,NE,-5.37,-3.68,-6.42
492039,2017-08-27,2017,CHC,2017-08-27 13:35:00,13,6,3,9,2,19,5,15,283,82.8,3,47,0.0638,0.1333,77.5,25.3,34.0,1022.5,0.0,9.9,6.2,55.3,NE,-8.35,-6.0,-9.69
492053,2017-08-28,2017,ATL,2017-08-28 19:05:00,19,6,1,7,1,17,3,17,264,80.9,1,49,0.0204,0.0588,67.0,19.4,63.3,1023.7,0.0,11.3,7.0,82.0,E,-5.75,-2.06,-8.74
492063,2017-08-30,2017,ATL,2017-08-29 19:05:00,19,2,5,7,0,19,7,19,307,83.0,2,53,0.0377,0.0,63.3,17.4,93.7,1015.9,5.0,18.4,11.5,31.0,NE,-18.23,-16.2,-18.06
492078,2017-08-30,2017,ATL,2017-08-30 12:05:00,12,1,9,10,1,14,6,22,290,79.5,2,60,0.0333,0.0455,75.8,24.3,48.3,1014.6,0.0,12.6,7.8,310.0,NW,-3.79,-7.69,0.56
492262,2017-09-12,2017,MIA,2017-09-12 19:05:00,19,9,8,17,4,22,12,30,450,84.2,4,93,0.043,0.1333,64.6,18.1,74.3,1013.7,0.0,6.9,4.3,238.0,SW,5.59,3.89,6.62
492277,2017-09-13,2017,MIA,2017-09-13 19:05:00,19,8,1,9,3,21,4,17,234,81.8,2,47,0.0426,0.1765,71.5,22.0,94.7,1011.1,0.0,2.8,1.7,134.4,SE,1.05,1.87,0.09
492291,2017-09-14,2017,MIA,2017-09-14 19:05:00,19,10,0,10,4,21,7,22,301,82.8,4,48,0.0833,0.1818,70.3,21.3,90.3,1013.3,0.3,9.3,5.8,224.7,SW,8.58,6.87,9.26
492304,2017-09-15,2017,ATH,2017-09-15 19:05:00,19,0,4,4,2,21,2,10,273,79.8,2,42,0.0476,0.2,75.1,23.9,70.7,1018.3,0.1,4.7,2.9,226.3,SW,4.27,3.37,4.66
492319,2017-09-16,2017,ATH,2017-09-16 19:05:00,19,5,3,8,3,15,4,11,274,81.6,3,47,0.0638,0.2727,72.7,22.6,87.7,1019.6,0.0,5.1,3.1,143.2,SE,2.59,3.92,0.94
492334,2017-09-17,2017,ATH,2017-09-17 13:35:00,13,3,6,9,3,20,7,12,301,84.0,3,48,0.0625,0.25,80.2,26.8,59.3,1019.0,0.0,1.9,1.2,94.9,E,-0.58,0.08,-1.18
492343,2017-09-18,2017,LAD,2017-09-18 19:05:00,19,4,3,7,4,22,6,9,272,82.3,2,37,0.0541,0.4444,71.1,21.7,88.3,1017.8,0.0,12.3,7.6,45.3,NE,-11.34,-9.02,-12.28
492355,2017-09-19,2017,LAD,2017-09-19 19:05:00,19,6,2,8,2,18,6,17,274,80.9,4,47,0.0851,0.1176,72.6,22.6,81.7,1011.3,1.3,17.8,11.0,12.0,N,-17.47,-17.52,-15.31
492370,2017-09-20,2017,LAD,2017-09-20 19:05:00,19,7,5,12,3,15,9,13,310,82.0,5,51,0.098,0.2308,73.9,23.3,75.7,1013.1,0.0,6.6,4.1,358.1,N,-5.98,-6.55,-4.69
492383,2017-09-21,2017,LAD,2017-09-21 13:05:00,13,4,5,9,3,19,9,14,314,80.1,6,50,0.12,0.2143,86.5,30.3,42.3,1014.7,0.0,10.3,6.4,356.7,N,-9.3,-10.28,-7.2
492443,2017-09-25,2017,WSH,2017-09-25 19:05:00,19,1,3,4,2,20,5,14,304,83.8,1,48,0.0208,0.1429,75.1,24.0,76.0,1016.1,0.0,6.5,4.0,112.8,SE,0.03,2.25,-2.19
492458,2017-09-26,2017,WSH,2017-09-26 19:05:00,19,4,1,5,1,25,9,10,309,79.2,1,35,0.0286,0.1,74.3,23.5,83.0,1014.2,0.0,10.2,6.4,65.0,NE,-7.55,-4.73,-9.46
492473,2017-09-27,2017,WSH,2017-09-27 19:05:00,19,7,5,12,1,19,14,20,353,83.2,1,47,0.0213,0.05,76.2,24.5,89.7,1008.0,0.0,6.7,4.1,30.8,NE,-6.6,-5.87,-6.53
492493,2017-09-29,2017,NYM,2017-09-29 19:05:00,19,6,2,8,5,8,4,20,270,81.4,2,61,0.0328,0.25,61.8,16.5,67.7,1017.0,0.0,7.7,4.8,207.3,SW,7.67,6.99,7.43
492508,2017-09-30,2017,NYM,2017-09-30 19:05:00,19,4,7,11,2,20,13,18,420,82.5,7,61,0.1148,0.1111,56.5,13.6,60.7,1026.1,0.0,15.6,9.7,2.7,N,-14.71,-15.63,-12.01
492523,2017-10-01,2017,NYM,2017-10-01 15:05:00,15,11,0,11,2,22,12,13,317,80.4,2,42,0.0476,0.1538,67.3,19.6,43.7,1025.3,0.0,4.9,3.1,182.6,S,4.64,4.93,3.79
529503,2018-04-05,2018,MIA,2018-04-05 15:05:00,15,5,0,5,1,21,9,10,316,80.0,1,40,0.025,0.1,44.9,7.2,32.0,1019.3,0.0,27.3,16.9,281.0,W,5.44,-4.03,14.25
529525,2018-04-07,2018,MIA,2018-04-07 18:05:00,18,20,1,21,4,21,7,25,337,85.9,8,54,0.1481,0.16,43.0,6.1,43.0,1012.6,0.0,4.7,2.9,245.7,SW,3.43,2.12,4.32
529540,2018-04-08,2018,MIA,2018-04-08 13:35:00,13,3,6,9,1,15,9,14,301,83.3,1,48,0.0208,0.0714,44.8,7.1,33.7,1012.0,0.0,23.3,14.5,308.3,NW,-6.35,-13.62,1.69
529549,2018-04-09,2018,CIN,2018-04-09 19:05:00,19,6,5,11,4,17,9,17,333,82.6,5,50,0.1,0.2353,40.2,4.5,72.0,1021.8,0.1,2.5,1.6,233.7,SW,2.14,1.57,2.45
529562,2018-04-10,2018,CIN,2018-04-10 19:05:00,19,6,1,7,1,19,5,9,259,84.9,3,41,0.0732,0.1111,39.0,3.9,61.3,1022.4,0.0,8.0,5.0,330.0,NW,-4.89,-6.77,-2.41
529576,2018-04-11,2018,CIN,2018-04-11 19:05:00,19,4,3,7,2,25,7,17,377,80.4,6,62,0.0968,0.1176,42.5,5.8,61.3,1019.0,0.0,8.5,5.3,207.7,SW,8.5,7.72,8.25
529688,2018-04-19,2018,PIT,2018-04-19 19:05:00,19,7,0,7,1,29,7,11,295,83.5,1,32,0.0312,0.0909,42.4,5.8,49.0,1017.0,0.0,21.1,13.1,303.7,NW,-4.09,-10.94,3.24
529700,2018-04-20,2018,PIT,2018-04-20 19:05:00,19,2,1,3,0,12,4,14,260,84.6,1,51,0.0196,0.0,43.5,6.4,53.3,1027.3,0.0,12.1,7.5,3.3,N,-11.4,-12.07,-9.36
529715,2018-04-21,2018,PIT,2018-04-21 16:05:00,16,6,2,8,2,21,4,15,290,84.1,2,45,0.0444,0.1333,56.8,13.8,41.0,1026.4,0.0,10.3,6.4,296.0,NW,-0.63,-4.1,2.91
529730,2018-04-22,2018,PIT,2018-04-22 13:35:00,13,3,2,5,1,23,9,15,332,82.9,2,56,0.0357,0.0667,62.3,16.8,32.0,1028.3,0.0,4.8,3.0,205.3,SW,4.76,4.39,4.55
529745,2018-04-24,2018,AZ,2018-04-24 19:05:00,19,4,8,12,3,28,10,18,350,83.9,3,40,0.075,0.1667,53.6,12.0,78.0,1020.4,1.5,13.9,8.6,80.0,E,-7.47,-3.01,-11.03
529760,2018-04-25,2018,AZ,2018-04-25 19:05:00,19,5,3,8,1,17,5,15,273,86.6,1,46,0.0217,0.0667,60.7,16.0,95.0,1004.0,1.2,9.8,6.1,329.0,NW,-5.81,-8.14,-2.77
529775,2018-04-26,2018,AZ,2018-04-26 13:05:00,13,2,8,10,3,17,9,20,319,85.1,6,52,0.1154,0.15,66.0,18.9,47.0,1009.0,0.0,16.5,10.2,280.3,W,3.47,-2.24,8.77
529786,2018-04-27,2018,ATL,2018-04-27 19:05:00,19,7,3,10,3,14,5,18,261,84.4,3,53,0.0566,0.1667,54.3,12.4,90.0,1007.4,0.0,5.4,3.4,11.7,N,-5.34,-5.36,-4.67
529801,2018-04-28,2018,ATL,2018-04-28 18:05:00,18,1,4,5,2,18,10,14,300,82.9,4,48,0.0833,0.1429,60.7,16.0,79.0,1008.4,2.5,11.9,7.4,311.6,NW,-3.91,-7.53,0.18
529816,2018-04-29,2018,ATL,2018-04-29 13:35:00,13,1,10,11,2,23,11,16,317,84.7,3,47,0.0638,0.125,55.3,12.9,43.7,1015.1,0.0,22.3,13.8,298.0,NW,-2.14,-9.59,5.57
529931,2018-05-07,2018,SF,2018-05-07 19:05:00,19,11,0,11,4,18,8,18,327,82.3,6,52,0.1154,0.2222,63.6,17.6,71.7,1020.0,0.0,7.3,4.5,130.4,SE,2.24,4.47,-0.26
529945,2018-05-08,2018,SF,2018-05-08 19:05:00,19,4,2,6,4,23,4,14,268,84.2,4,39,0.1026,0.2857,61.0,16.1,63.7,1021.7,0.0,8.2,5.1,122.0,SE,1.35,4.04,-1.5
529959,2018-05-09,2018,SF,2018-05-09 19:05:00,19,11,3,14,1,20,10,19,345,84.3,2,49,0.0408,0.0526,63.6,17.6,62.3,1018.2,0.0,9.0,5.6,154.4,SE,6.01,7.94,3.35
529968,2018-05-10,2018,SF,2018-05-10 13:05:00,13,6,3,9,3,24,4,16,286,84.0,2,42,0.0476,0.1875,77.7,25.4,54.7,1009.8,0.0,19.8,12.3,208.7,SW,19.65,17.74,19.19
529979,2018-05-11,2018,NYM,2018-05-11 19:05:00,19,1,3,4,3,13,6,16,279,86.3,3,53,0.0566,0.1875,64.6,18.1,56.7,1018.0,0.0,9.1,5.7,84.4,E,-4.29,-1.29,-6.78
530009,2018-05-13,2018,NYM,2018-05-13 13:35:00,13,4,2,6,3,15,10,19,305,81.5,2,49,0.0408,0.1579,58.0,14.4,84.7,1018.8,0.9,12.9,8.0,112.0,E,-0.11,4.32,-4.52
530108,2018-05-21,2018,ATL,2018-05-21 19:05:00,19,3,0,3,2,16,4,13,271,84.6,2,47,0.0426,0.1538,66.3,19.0,73.7,1020.8,0.0,9.1,5.6,174.3,S,7.99,8.97,6.05
530117,2018-05-22,2018,ATL,2018-05-22 19:05:00,19,1,3,4,1,23,5,17,288,83.4,1,46,0.0217,0.0588,60.4,15.8,94.3,1015.3,0.0,5.2,3.3,81.0,E,-2.73,-1.04,-4.09
530132,2018-05-23,2018,ATL,2018-05-23 19:05:00,19,4,0,4,0,17,7,16,274,83.8,2,48,0.0417,0.0,67.9,20.0,72.0,1016.2,0.0,8.5,5.3,296.3,NW,-0.57,-3.44,2.37
530167,2018-05-25,2018,TOR,2018-05-25 19:05:00,19,5,6,11,3,21,6,18,291,83.6,4,50,0.08,0.1667,75.7,24.3,66.3,1011.6,0.0,16.0,9.9,213.3,SW,15.68,13.71,15.76
530182,2018-05-26,2018,TOR,2018-05-26 16:05:00,16,2,1,3,2,17,3,9,223,83.0,1,41,0.0244,0.2222,78.4,25.8,80.3,1009.9,1.8,7.0,4.3,224.7,SW,6.48,5.19,6.99
530197,2018-05-27,2018,TOR,2018-05-27 13:35:00,13,3,5,8,1,23,8,14,283,82.6,1,42,0.0238,0.0714,68.7,20.4,86.3,1014.2,0.0,16.6,10.3,48.7,NE,-14.87,-11.47,-16.47
530351,2018-06-08,2018,MIL,2018-06-08 19:05:00,19,4,12,16,4,22,6,21,316,82.4,8,53,0.1509,0.1905,70.9,21.6,86.7,1019.5,0.0,7.1,4.4,205.3,SW,7.06,6.51,6.75
530366,2018-06-09,2018,MIL,2018-06-09 13:05:00,13,3,12,15,4,15,6,19,346,80.1,3,57,0.0526,0.2105,82.0,27.8,53.3,1017.5,0.0,5.9,3.6,279.2,W,1.35,-0.68,3.22
530381,2018-06-10,2018,MIL,2018-06-10 13:35:00,13,4,3,7,0,20,5,12,281,81.2,0,45,0.0,0.0,66.3,19.0,77.7,1015.7,1.7,16.4,10.2,80.7,E,-8.67,-3.37,-12.92
530400,2018-06-12,2018,COL,2018-06-12 19:05:00,19,5,4,9,1,25,5,15,290,81.6,1,41,0.0244,0.0667,63.5,17.5,71.3,1019.4,0.0,7.8,4.9,184.0,S,7.43,7.83,6.13
530415,2018-06-13,2018,COL,2018-06-13 19:05:00,19,2,7,9,3,19,5,18,289,83.4,2,52,0.0385,0.1667,74.2,23.4,89.0,1009.1,0.0,15.2,9.4,220.3,SW,14.44,11.98,15.16
530428,2018-06-14,2018,COL,2018-06-14 13:05:00,13,9,3,12,3,17,5,16,308,83.4,5,48,0.1042,0.1875,81.0,27.2,40.0,1009.4,0.0,23.0,14.3,290.3,W,0.87,-7.05,8.69
530486,2018-06-18,2018,STL,2018-06-18 19:05:00,19,6,5,11,4,27,6,17,347,83.6,2,51,0.0392,0.2353,82.0,27.8,73.7,1010.5,0.5,13.7,8.5,224.0,SW,12.75,10.26,13.7
530501,2018-06-19,2018,STL,2018-06-19 19:05:00,19,6,7,13,5,20,8,17,290,86.1,3,50,0.06,0.2941,76.1,24.5,66.7,1010.4,0.0,7.5,4.6,355.6,N,-6.66,-7.41,-5.1
530515,2018-06-20,2018,STL,2018-06-20 13:05:00,13,4,3,7,4,18,5,16,289,80.9,3,50,0.06,0.25,85.2,29.6,44.7,1008.7,0.0,10.6,6.6,212.7,SW,10.43,9.16,10.44
530577,2018-06-25,2018,NYY,2018-06-25 19:05:00,19,2,4,6,2,27,11,10,304,81.7,2,36,0.0556,0.2,70.7,21.5,56.3,1019.7,0.0,10.1,6.3,349.0,N,-8.45,-9.85,-6.03
530592,2018-06-26,2018,NYY,2018-06-26 19:05:00,19,0,6,6,2,18,3,16,269,86.6,2,51,0.0392,0.125,70.3,21.3,64.3,1021.6,0.0,13.4,8.3,177.7,S,12.19,13.39,9.53
530607,2018-06-27,2018,NYY,2018-06-27 19:05:00,19,3,0,3,1,19,4,12,267,83.4,2,43,0.0465,0.0833,71.1,21.7,90.0,1012.1,0.4,16.7,10.4,179.3,S,15.35,16.67,12.18
530622,2018-06-28,2018,WSH,2018-06-28 19:05:00,19,4,3,7,1,16,5,16,279,82.6,3,49,0.0612,0.0625,77.3,25.2,79.7,1009.9,0.0,7.6,4.7,282.0,W,1.39,-1.25,3.86
530637,2018-06-29,2018,WSH,2018-06-29 19:05:00,19,7,17,24,10,18,12,28,386,84.7,9,62,0.1452,0.3571,77.1,25.1,77.7,1015.2,0.0,7.3,4.5,286.6,W,0.75,-1.78,3.19
530652,2018-06-30,2018,WSH,2018-06-30 18:05:00,18,3,2,5,2,17,6,15,299,82.4,3,47,0.0638,0.1333,85.9,30.0,65.3,1015.7,0.0,6.6,4.1,229.4,SW,5.92,4.54,6.59
530667,2018-07-01,2018,WSH,2018-07-01 13:35:00,13,4,3,7,1,21,14,15,400,78.6,1,65,0.0154,0.0667,93.4,34.1,44.3,1015.7,0.0,9.1,5.7,222.3,SW,8.56,6.99,9.1
530679,2018-07-03,2018,BAL,2018-07-03 19:05:00,19,3,2,5,1,15,6,12,252,83.5,3,49,0.0612,0.0833,84.0,28.9,78.7,1022.0,0.0,6.3,3.9,97.0,E,-1.69,0.49,-3.66
530694,2018-07-04,2018,BAL,2018-07-04 16:05:00,16,4,1,5,1,19,6,10,267,80.7,2,41,0.0488,0.1,85.4,29.7,65.0,1023.9,0.8,4.2,2.6,146.7,SE,2.34,3.38,1.02
530870,2018-07-20,2018,SD,2018-07-20 19:05:00,19,11,5,16,1,18,9,21,315,82.6,1,51,0.0196,0.0476,72.7,22.6,64.7,1018.8,0.0,11.8,7.3,137.7,SE,5.0,8.34,1.06
530885,2018-07-22,2018,SD,2018-07-21 19:05:00,19,5,0,5,2,17,4,10,243,80.7,0,43,0.0,0.2,68.4,20.2,93.0,1009.7,8.7,24.2,15.0,57.3,NE,-19.84,-13.92,-23.36
530900,2018-07-22,2018,SD,2018-07-22 12:05:00,12,2,10,12,2,24,5,21,318,82.1,2,52,0.0385,0.0952,82.3,27.9,69.7,1011.3,2.0,18.3,11.4,151.9,SE,11.63,15.77,6.08
530908,2018-07-23,2018,LAD,2018-07-23 19:05:00,19,6,7,13,8,20,6,18,344,85.6,6,51,0.1176,0.4444,76.9,24.9,85.7,1018.7,0.2,16.8,10.5,145.3,SE,9.13,13.41,3.74
530922,2018-07-24,2018,LAD,2018-07-24 19:05:00,19,7,4,11,5,34,11,22,496,82.5,6,81,0.0741,0.2273,76.7,24.8,86.3,1017.5,0.8,17.5,10.9,141.3,SE,8.44,13.17,2.69
530936,2018-07-25,2018,LAD,2018-07-25 12:35:00,12,7,3,10,3,21,7,13,298,83.4,4,42,0.0952,0.2308,81.3,27.4,72.3,1012.9,0.4,18.7,11.6,181.7,S,17.45,18.66,14.12
531043,2018-08-02,2018,MIA,2018-08-02 19:05:00,19,5,2,7,3,16,3,12,261,80.6,2,46,0.0435,0.25,76.9,25.0,91.7,1019.3,2.4,6.7,4.1,247.7,W,4.7,2.8,6.03
531058,2018-08-03,2018,MIA,2018-08-03 19:05:00,19,5,1,6,0,20,6,15,298,81.5,2,45,0.0444,0.0,76.5,24.7,91.0,1019.7,0.3,6.8,4.2,182.8,S,6.43,6.83,5.26
531073,2018-08-04,2018,MIA,2018-08-04 19:05:00,19,8,3,11,6,15,3,15,241,86.6,4,50,0.08,0.4,77.9,25.5,86.0,1019.1,0.0,7.6,4.7,235.0,SW,6.41,4.63,7.42
531088,2018-08-05,2018,MIA,2018-08-05 13:35:00,13,5,3,8,3,16,8,15,288,81.8,2,49,0.0408,0.2,88.0,31.1,53.0,1019.8,0.0,6.2,3.9,258.7,W,3.45,1.48,5.01
531196,2018-08-14,2018,BOS,2018-08-14 19:05:00,19,1,2,3,3,21,3,8,255,82.7,5,40,0.125,0.375,72.0,22.2,94.3,1011.9,0.7,10.6,6.6,251.0,W,7.05,3.9,9.35
531211,2018-08-15,2018,BOS,2018-08-15 19:05:00,19,7,4,11,0,14,6,22,305,82.2,2,58,0.0345,0.0,78.1,25.6,78.7,1015.2,0.0,7.8,4.8,236.3,SW,6.48,4.6,7.57
529994,2018-08-16,2018,NYM,2018-05-12 19:05:00,19,9,6,15,2,14,6,23,301,83.1,1,60,0.0167,0.087,60.3,15.7,93.3,1016.7,14.4,14.2,8.8,36.0,NE,-13.84,-11.87,-14.14
531230,2018-08-16,2018,NYM,2018-08-16 16:05:00,16,4,24,28,7,9,8,35,327,86.3,5,81,0.0617,0.2,86.4,30.2,57.7,1016.8,0.0,10.1,6.3,242.7,SW,7.74,5.04,9.51
531245,2018-08-17,2018,NYM,2018-08-17 18:05:00,18,4,2,6,0,21,5,14,300,77.3,0,42,0.0,0.0,84.5,29.2,69.3,1013.4,0.0,14.5,9.0,199.1,S,14.47,13.89,13.31
531260,2018-08-18,2018,NYM,2018-08-18 16:05:00,16,1,3,4,1,21,0,14,259,83.1,2,46,0.0435,0.0714,80.4,26.9,78.7,1008.7,0.4,14.8,9.2,254.7,W,9.05,4.51,12.49
531275,2018-08-19,2018,NYM,2018-08-19 19:10:00,19,2,8,10,1,18,2,22,307,80.8,0,55,0.0,0.0455,70.6,21.4,87.3,1016.8,0.1,12.2,7.6,40.0,NE,-11.64,-9.68,-12.19
531378,2018-08-27,2018,WSH,2018-08-27 19:05:00,19,3,5,8,2,16,8,15,301,82.0,1,52,0.0192,0.1333,80.4,26.9,83.7,1017.6,0.0,7.5,4.7,235.7,SW,6.31,4.52,7.34
531393,2018-08-28,2018,WSH,2018-08-28 19:05:00,19,4,5,9,3,21,4,13,309,81.7,3,44,0.0682,0.2308,82.9,28.3,78.0,1016.6,0.0,9.0,5.6,222.7,SW,8.45,6.88,9.0
531407,2018-08-29,2018,WSH,2018-08-29 19:05:00,19,8,6,14,4,21,9,19,341,83.4,4,48,0.0833,0.2105,83.8,28.8,73.7,1014.5,0.0,11.6,7.2,223.3,SW,10.81,8.75,11.57
531420,2018-08-31,2018,CHC,2018-08-31 19:05:00,19,2,1,3,2,21,6,14,318,84.2,2,47,0.0426,0.1429,71.2,21.8,87.7,1023.9,2.3,13.7,8.5,78.7,E,-7.65,-3.28,-11.09
531435,2018-09-01,2018,CHC,2018-09-01 19:05:00,19,1,7,8,1,16,3,17,260,83.8,1,54,0.0185,0.0588,72.0,22.2,89.7,1024.5,0.0,9.9,6.2,119.7,SE,1.24,4.54,-2.21
531450,2018-09-02,2018,CHC,2018-09-02 13:35:00,13,1,8,9,3,25,4,19,324,82.1,3,46,0.0652,0.1579,84.0,28.9,63.0,1022.3,0.3,7.1,4.4,241.7,SW,5.53,3.66,6.74
531566,2018-09-11,2018,WSH,2018-09-10 19:05:00,19,6,7,13,3,18,12,19,378,81.7,6,57,0.1053,0.1579,64.4,18.0,93.0,1017.7,0.3,14.1,8.8,41.3,NE,-13.35,-10.99,-14.1
531581,2018-09-11,2018,WSH,2018-09-11 15:05:00,15,1,3,4,1,19,9,15,340,82.0,0,45,0.0,0.0667,76.5,24.7,86.3,1018.3,0.8,7.6,4.7,347.4,N,-6.21,-7.34,-4.34
531596,2018-09-12,2018,WSH,2018-09-12 19:05:00,19,1,5,6,4,19,2,14,277,83.9,4,48,0.0833,0.2857,73.5,23.1,95.0,1022.6,0.0,8.0,5.0,65.7,NE,-5.81,-3.59,-7.32
531610,2018-09-14,2018,MIA,2018-09-14 19:05:00,19,14,2,16,6,13,6,27,300,85.1,7,62,0.1129,0.2222,71.5,21.9,85.7,1021.8,0.0,11.5,7.1,79.3,E,-6.27,-2.61,-9.18
531625,2018-09-15,2018,MIA,2018-09-15 19:05:00,19,5,4,9,1,22,4,10,284,84.4,3,41,0.0732,0.1,72.3,22.4,86.3,1021.6,0.0,5.1,3.2,54.9,NE,-4.3,-3.11,-4.98
531640,2018-09-16,2018,MIA,2018-09-16 13:35:00,13,4,6,10,2,21,3,16,312,82.5,3,50,0.06,0.125,82.6,28.1,53.3,1021.8,0.0,9.6,5.9,97.0,E,-2.56,0.75,-5.56
531654,2018-09-17,2018,NYM,2018-09-17 19:05:00,19,4,9,13,1,15,5,19,286,83.4,1,54,0.0185,0.0526,74.4,23.5,92.7,1013.0,6.0,14.3,8.9,157.6,S,10.14,12.98,6.08
531669,2018-09-18,2018,NYM,2018-09-18 19:05:00,19,5,2,7,2,24,10,13,313,82.4,1,39,0.0256,0.1538,71.3,21.8,92.7,1008.8,0.0,6.2,3.9,40.0,NE,-5.95,-4.95,-6.23
531684,2018-09-19,2018,NYM,2018-09-19 18:05:00,18,4,0,4,2,19,8,13,294,80.4,2,45,0.0444,0.1538,73.5,23.1,78.3,1014.6,0.0,7.3,4.6,357.0,N,-6.62,-7.3,-5.14
531794,2018-09-28,2018,ATL,2018-09-28 19:05:00,19,2,10,12,2,27,7,23,346,83.0,5,49,0.102,0.087,60.0,15.6,92.7,1019.9,0.0,7.3,4.6,126.7,SE,1.8,4.12,-0.74
531809,2018-09-29,2018,ATL,2018-09-29 19:05:00,19,3,0,3,0,20,12,7,256,80.3,0,36,0.0,0.0,64.5,18.0,75.7,1024.0,0.0,9.0,5.6,341.0,N,-6.77,-8.41,-4.31
531824,2018-09-30,2018,ATL,2018-09-30 15:05:00,15,3,1,4,1,27,8,10,283,81.8,1,35,0.0286,0.1,71.7,22.1,53.3,1025.0,0.0,5.0,3.1,237.7,SW,4.06,2.84,4.79
567059,2019-03-28,2019,ATL,2019-03-28 15:05:00,15,10,4,14,4,18,12,14,311,88.3,5,43,0.1163,0.2857,55.6,13.1,43.7,1024.0,0.0,17.2,10.7,194.7,S,17.01,16.78,15.18
567060,2019-03-30,2019,ATL,2019-03-30 16:05:00,16,8,6,14,5,18,9,19,325,87.4,5,49,0.102,0.2632,66.6,19.2,47.3,1011.3,0.0,20.2,12.6,172.3,S,17.49,19.92,12.96
567061,2019-03-31,2019,ATL,2019-03-31 19:05:00,19,5,1,6,2,16,15,9,297,83.6,4,41,0.0976,0.2222,44.2,6.8,45.0,1013.8,0.0,21.4,13.3,298.3,NW,-2.18,-9.34,5.24
567062,2019-04-05,2019,MIN,2019-04-05 19:05:00,19,10,4,14,2,17,10,22,330,83.3,4,55,0.0727,0.0909,41.6,5.3,92.7,1025.1,0.9,10.8,6.7,44.3,NE,-10.0,-8.03,-10.76
567063,2019-04-06,2019,MIN,2019-04-06 14:05:00,14,2,6,8,4,7,8,14,256,84.8,4,59,0.0678,0.2857,66.3,19.0,46.3,1020.8,0.0,4.6,2.9,251.9,W,3.01,1.63,4.04
567064,2019-04-07,2019,MIN,2019-04-07 13:05:00,13,2,1,3,2,14,4,11,267,81.2,2,47,0.0426,0.1818,69.3,20.7,45.0,1020.9,0.0,15.3,9.5,202.0,S,15.33,14.45,14.36
567065,2019-04-08,2019,WSH,2019-04-08 19:05:00,19,4,3,7,5,12,2,17,245,84.7,3,54,0.0556,0.2941,66.6,19.2,69.3,1007.1,0.0,11.0,6.8,234.0,SW,9.38,6.85,10.78
567066,2019-04-09,2019,WSH,2019-04-09 19:05:00,19,6,10,16,6,16,8,23,344,84.4,7,66,0.1061,0.2609,63.8,17.7,38.3,1002.1,0.0,16.9,10.5,293.4,NW,-0.28,-6.03,5.51
567067,2019-04-10,2019,WSH,2019-04-10 19:05:00,19,1,15,16,0,21,13,20,377,84.0,6,52,0.1154,0.0,52.2,11.2,54.0,1014.1,0.0,14.7,9.1,40.2,NE,-14.0,-11.62,-14.69
567068,2019-04-15,2019,NYM,2019-04-15 19:05:00,19,6,7,13,2,27,14,24,382,87.9,4,59,0.0678,0.0833,49.7,9.8,46.3,1011.0,0.0,25.5,15.8,297.3,NW,-2.15,-10.71,6.67
567069,2019-04-16,2019,NYM,2019-04-16 19:05:00,19,14,3,17,5,13,6,23,330,84.0,8,61,0.1311,0.2174,55.5,13.1,61.7,1016.6,0.0,4.4,2.8,305.4,NW,-0.99,-2.41,0.55
567070,2019-04-17,2019,NYM,2019-04-17 13:05:00,13,3,2,5,3,11,5,12,250,84.2,5,49,0.102,0.25,61.0,16.1,51.0,1020.2,1.0,7.4,4.6,105.3,E,-0.93,1.65,-3.39
567071,2019-04-25,2019,MIA,2019-04-25 19:05:00,19,1,3,4,2,20,3,16,307,83.4,3,53,0.0566,0.125,58.9,14.9,70.3,1012.4,0.0,10.2,6.4,97.3,E,-2.68,0.86,-5.89
567072,2019-04-26,2019,MIA,2019-04-26 19:05:00,19,4,0,4,3,11,7,11,284,82.4,2,49,0.0408,0.2727,58.0,14.4,86.0,995.8,2.7,18.6,11.5,282.0,W,3.38,-3.06,9.42
567073,2019-04-27,2019,MIA,2019-04-27 18:05:00,18,12,9,21,4,17,8,31,363,83.7,3,61,0.0492,0.129,57.7,14.3,50.0,1008.8,0.0,11.4,7.1,288.0,W,0.9,-3.06,4.74
567074,2019-04-28,2019,MIA,2019-04-28 13:05:00,13,5,1,6,0,12,6,11,250,81.3,1,47,0.0213,0.0,64.6,18.1,54.7,1012.1,0.0,10.6,6.6,10.0,N,-10.38,-10.54,-8.97
567075,2019-04-30,2019,DET,2019-04-30 19:05:00,19,1,3,4,1,21,6,11,304,83.1,1,44,0.0227,0.0909,61.2,16.2,77.0,1026.4,0.1,14.0,8.7,77.7,E,-7.97,-3.57,-11.41
567076,2019-05-01,2019,DET,2019-05-01 19:05:00,19,7,3,10,2,18,4,27,295,85.0,3,55,0.0545,0.0741,54.0,12.2,87.0,1023.3,0.0,8.1,5.0,53.3,NE,-6.93,-5.1,-7.92
567077,2019-05-03,2019,WSH,2019-05-03 19:05:00,19,4,2,6,3,22,4,12,269,84.2,6,40,0.15,0.25,60.4,15.8,91.3,1014.5,0.0,11.5,7.2,44.3,NE,-10.71,-8.59,-11.53
567078,2019-05-04,2019,WSH,2019-05-04 19:05:00,19,8,10,18,3,16,7,25,350,85.6,4,64,0.0625,0.12,66.3,19.0,87.7,1008.8,0.2,6.7,4.2,112.5,SE,0.0,2.31,-2.3
567079,2019-05-05,2019,WSH,2019-05-05 14:05:00,14,7,1,8,1,20,7,14,309,82.7,2,46,0.0435,0.0714,56.5,13.6,92.7,1006.2,1.3,19.4,12.1,58.7,NE,-15.66,-10.8,-18.63
567080,2019-05-13,2019,MIL,2019-05-13 19:05:00,19,7,4,11,2,20,10,23,355,82.5,3,54,0.0556,0.087,47.9,8.8,91.7,1010.0,0.0,6.8,4.2,18.7,N,-6.79,-6.53,-6.22
567081,2019-05-14,2019,MIL,2019-05-14 19:05:00,19,1,6,7,2,15,10,17,325,81.0,3,52,0.0577,0.1176,50.1,10.0,75.3,1011.4,0.0,11.8,7.4,315.0,NW,-4.53,-8.0,-0.52
567082,2019-05-15,2019,MIL,2019-05-15 19:05:00,19,2,5,7,1,15,8,16,316,81.8,3,53,0.0566,0.0625,57.4,14.1,78.7,1010.9,0.0,7.9,4.9,271.0,W,2.9,0.2,5.25
567083,2019-05-16,2019,MIL,2019-05-16 13:05:00,13,3,11,14,5,21,8,17,332,86.5,5,51,0.098,0.2941,69.7,21.0,52.3,1011.1,0.0,11.4,7.1,285.0,W,1.48,-2.46,5.25
567084,2019-05-17,2019,COL,2019-05-17 19:05:00,19,5,4,9,2,16,4,13,256,83.6,4,47,0.0851,0.1538,67.5,19.7,92.3,1008.6,0.1,5.9,3.6,264.1,W,2.79,0.85,4.39
567085,2019-05-18,2019,COL,2019-05-18 16:05:00,16,2,1,3,1,17,7,15,295,85.8,3,49,0.0612,0.0667,75.7,24.3,56.7,1014.6,0.0,7.7,4.8,245.3,SW,5.67,3.54,7.13
567086,2019-05-19,2019,COL,2019-05-19 13:05:00,13,7,5,12,6,16,8,16,317,84.4,6,51,0.1176,0.375,82.7,28.2,63.3,1014.5,0.0,20.7,12.8,178.4,S,18.86,20.61,14.83
567087,2019-05-28,2019,STL,2019-05-28 19:05:00,19,4,3,7,3,24,2,12,284,80.7,4,38,0.1053,0.25,72.3,22.4,90.0,1006.4,5.8,10.2,6.3,186.4,S,9.8,10.18,8.24
567088,2019-05-29,2019,STL,2019-05-29 19:05:00,19,11,4,15,5,22,11,20,293,84.0,6,49,0.1224,0.25,71.2,21.8,96.3,1006.3,0.6,5.7,3.5,26.2,NE,-5.65,-5.19,-5.44
567089,2019-05-30,2019,STL,2019-05-30 13:05:00,13,3,5,8,4,14,6,17,282,83.3,3,53,0.0566,0.2353,77.1,25.0,74.7,1006.4,0.7,4.9,3.0,190.0,S,4.75,4.83,4.1
567090,2019-06-07,2019,CIN,2019-06-07 19:05:00,19,4,2,6,2,16,6,12,267,85.3,3,48,0.0625,0.1667,71.3,21.8,80.0,1014.0,0.0,6.3,3.9,105.1,E,-0.81,1.38,-2.9
567091,2019-06-08,2019,CIN,2019-06-08 16:05:00,16,4,1,5,1,13,4,12,245,85.5,0,47,0.0,0.0833,76.8,24.9,49.3,1020.0,0.0,17.5,10.9,86.0,E,-7.79,-1.98,-12.67
567092,2019-06-09,2019,CIN,2019-06-09 13:05:00,13,3,4,7,0,16,7,14,290,82.4,1,50,0.02,0.0,77.7,25.4,32.7,1023.1,0.0,23.4,14.5,95.0,E,-7.04,1.02,-14.25
567093,2019-06-10,2019,AZ,2019-06-10 19:05:00,19,8,13,21,13,14,10,27,364,84.9,9,66,0.1364,0.4815,73.0,22.8,94.3,1011.0,1.5,8.6,5.4,176.3,S,7.75,8.58,5.98
567094,2019-06-11,2019,AZ,2019-06-11 19:05:00,19,7,4,11,2,11,9,20,303,83.5,2,59,0.0339,0.1,68.1,20.0,56.3,1017.4,0.0,10.2,6.3,357.0,N,-9.21,-10.15,-7.15
567095,2019-06-12,2019,AZ,2019-06-12 19:05:00,19,0,2,2,0,15,1,9,201,81.8,2,46,0.0435,0.0,66.4,19.1,63.3,1018.6,0.0,11.5,7.1,108.0,E,-0.9,3.07,-4.77
567096,2019-06-21,2019,MIA,2019-06-21 19:05:00,19,1,2,3,1,20,5,15,257,84.2,1,48,0.0208,0.0667,70.8,21.5,61.7,1009.9,0.0,11.4,7.1,310.3,NW,-3.48,-6.97,0.43
567097,2019-06-22,2019,MIA,2019-06-22 16:05:00,16,3,5,8,3,16,6,14,251,82.2,4,49,0.0816,0.2143,76.4,24.7,46.3,1014.0,0.0,14.4,9.0,326.0,NW,-7.97,-11.6,-3.37
567098,2019-06-23,2019,MIA,2019-06-23 13:05:00,13,4,6,10,3,18,10,20,297,85.7,2,51,0.0392,0.15,81.7,27.6,37.3,1014.3,0.0,8.7,5.4,285.3,W,1.09,-1.93,3.97
567099,2019-06-24,2019,NYM,2019-06-24 19:05:00,19,13,7,20,8,8,7,34,322,86.2,5,75,0.0667,0.2353,77.8,25.4,75.0,1009.3,0.0,8.3,5.2,158.6,S,6.01,7.62,3.67
567100,2019-06-25,2019,NYM,2019-06-25 19:05:00,19,7,5,12,6,13,7,20,282,86.9,6,59,0.1017,0.3,77.5,25.3,67.3,1011.7,0.0,8.3,5.2,280.0,W,1.8,-1.08,4.46
567101,2019-06-26,2019,NYM,2019-06-26 19:05:00,19,5,4,9,3,21,9,19,305,82.6,4,55,0.0727,0.1579,79.8,26.6,61.7,1016.7,0.0,9.5,5.9,218.0,SW,9.12,7.7,9.44
567102,2019-06-27,2019,NYM,2019-06-27 13:05:00,13,6,3,9,4,21,6,11,317,79.4,2,44,0.0455,0.3636,90.7,32.6,32.0,1019.3,0.0,13.4,8.3,331.7,NW,-8.49,-11.54,-4.41
567103,2019-07-12,2019,WSH,2019-07-12 18:05:00,18,0,4,4,0,14,6,17,317,84.4,0,57,0.0,0.0,79.8,26.5,65.7,1009.1,0.0,7.8,4.8,305.3,NW,-1.72,-4.21,0.97
567104,2019-07-13,2019,WSH,2019-07-13 19:15:00,19,3,4,7,2,21,8,16,327,83.6,2,48,0.0417,0.125,77.2,25.1,73.3,1013.5,0.0,7.2,4.5,267.0,W,3.11,0.69,5.16
567105,2019-07-14,2019,WSH,2019-07-14 13:05:00,13,4,3,7,2,16,6,14,263,83.7,2,47,0.0426,0.1429,89.5,31.9,46.7,1013.2,0.0,17.3,10.7,284.0,W,2.55,-3.44,8.24
567106,2019-07-15,2019,LAD,2019-07-15 19:05:00,19,2,16,18,5,17,7,26,334,84.2,4,65,0.0615,0.1923,76.0,24.4,71.0,1016.9,0.0,5.9,3.7,273.3,W,1.94,-0.08,3.73
567107,2019-07-16,2019,LAD,2019-07-16 19:05:00,19,9,8,17,8,21,6,15,291,85.5,6,48,0.125,0.5333,83.0,28.3,64.3,1016.5,0.0,8.3,5.2,198.3,S,8.28,7.99,7.57
567108,2019-07-17,2019,LAD,2019-07-17 19:05:00,19,2,7,9,2,23,16,9,369,80.8,1,41,0.0244,0.2222,80.3,26.8,83.7,1012.2,6.1,14.1,8.8,244.5,SW,10.48,6.62,13.07
567109,2019-07-18,2019,LAD,2019-07-18 12:35:00,12,7,6,13,5,18,4,20,312,85.8,4,52,0.0769,0.25,86.4,30.2,67.7,1011.0,2.2,4.7,2.9,144.7,SE,2.49,3.69,0.99
567110,2019-07-26,2019,ATL,2019-07-26 19:05:00,19,2,9,11,2,14,7,20,299,81.5,2,56,0.0357,0.1,77.2,25.1,67.0,1023.8,0.0,6.6,4.1,206.1,SW,6.59,6.05,6.33
567111,2019-07-27,2019,ATL,2019-07-27 19:05:00,19,7,15,22,6,27,11,28,353,86.2,5,54,0.0926,0.2143,78.1,25.6,66.7,1021.6,0.0,10.5,6.5,198.3,S,10.44,10.07,9.55
567112,2019-07-28,2019,ATL,2019-07-28 13:05:00,13,9,4,13,6,22,6,20,294,84.9,4,48,0.0833,0.3,90.7,32.6,39.7,1017.2,0.0,12.8,8.0,223.7,SW,11.97,9.66,12.83
567113,2019-07-30,2019,SF,2019-07-30 19:05:00,19,4,2,6,3,18,4,17,269,85.4,3,47,0.0638,0.1765,83.1,28.4,65.3,1014.9,0.0,10.9,6.8,175.3,S,9.7,10.81,7.41
567114,2019-07-31,2019,SF,2019-07-31 19:05:00,19,1,5,6,3,20,7,13,295,85.1,3,45,0.0667,0.2308,77.7,25.4,83.3,1016.4,0.0,5.1,3.2,96.1,E,-1.45,0.32,-3.05
567115,2019-08-01,2019,SF,2019-08-01 13:05:00,13,10,2,12,3,12,7,22,300,84.6,5,61,0.082,0.1364,79.7,26.5,70.0,1018.7,1.4,3.4,2.1,330.2,NW,-2.06,-2.85,-1.02
567116,2019-08-02,2019,CWS,2019-08-02 19:05:00,19,3,4,7,2,31,10,24,496,83.2,3,79,0.038,0.0833,76.8,24.9,78.0,1018.5,0.0,5.9,3.7,172.0,S,5.11,5.83,3.77
567117,2019-08-03,2019,CWS,2019-08-03 19:05:00,19,3,2,5,2,21,6,9,266,84.8,3,40,0.075,0.2222,77.4,25.2,88.3,1013.4,0.0,5.4,3.4,218.0,SW,5.24,4.43,5.42
567118,2019-08-04,2019,CWS,2019-08-04 13:05:00,13,5,10,15,4,16,5,20,295,83.0,4,56,0.0714,0.2,86.3,30.2,46.3,1011.8,0.1,4.5,2.8,165.2,S,3.61,4.33,2.45
567119,2019-08-13,2019,CHC,2019-08-13 19:05:00,19,4,2,6,2,18,6,14,283,82.2,2,47,0.0426,0.1429,75.9,24.4,89.3,1008.4,1.1,1.5,0.9,266.6,W,0.65,0.15,1.08
567120,2019-08-14,2019,CHC,2019-08-14 19:05:00,19,11,1,12,4,16,5,17,264,86.5,6,49,0.1224,0.2353,75.2,24.0,88.3,1011.6,0.5,6.5,4.0,47.9,NE,-5.87,-4.57,-6.47
567121,2019-08-15,2019,CHC,2019-08-15 19:05:00,19,7,5,12,3,19,5,19,285,84.0,2,50,0.04,0.1579,74.2,23.5,79.0,1015.0,0.0,8.2,5.1,118.3,SE,0.83,3.57,-2.01
567122,2019-08-16,2019,SD,2019-08-16 19:05:00,19,8,4,12,3,15,4,19,323,85.5,4,54,0.0741,0.1579,76.6,24.8,85.7,1015.0,0.0,7.1,4.4,131.4,SE,2.29,4.44,-0.14
567123,2019-08-17,2019,SD,2019-08-17 19:05:00,19,3,5,8,1,14,4,18,292,82.8,3,57,0.0526,0.0556,80.2,26.8,79.0,1014.5,0.0,8.3,5.2,201.0,S,8.33,7.9,7.75
567124,2019-08-18,2019,SD,2019-08-18 13:05:00,13,2,3,5,2,16,4,13,304,81.9,2,49,0.0408,0.1538,87.5,30.8,62.3,1014.8,0.0,6.6,4.1,204.0,SW,6.63,6.17,6.29
567125,2019-08-26,2019,PIT,2019-08-26 19:05:00,19,6,5,11,5,18,8,24,334,82.9,5,64,0.0781,0.2083,65.1,18.4,68.3,1020.3,0.0,7.6,4.7,84.4,E,-3.57,-1.07,-5.64
567126,2019-08-27,2019,PIT,2019-08-27 19:05:00,19,4,5,9,3,9,4,22,296,87.4,3,64,0.0469,0.1364,70.0,21.1,76.3,1015.4,0.0,8.0,5.0,123.3,SE,1.5,4.08,-1.27
567127,2019-08-28,2019,PIT,2019-08-28 18:05:00,18,12,3,15,4,19,3,26,311,83.0,4,57,0.0702,0.1538,73.6,23.1,87.7,1009.4,0.0,6.1,3.8,324.4,NW,-3.24,-4.83,-1.27
567128,2019-08-30,2019,NYM,2019-08-30 19:05:00,19,5,11,16,3,16,8,24,307,84.8,3,60,0.05,0.125,76.7,24.8,61.7,1017.4,0.0,8.4,5.2,226.3,SW,7.72,6.09,8.41
567129,2019-08-31,2019,NYM,2019-08-31 16:05:00,16,3,6,9,1,18,5,22,338,80.1,2,59,0.0339,0.0455,84.3,29.0,39.0,1020.9,0.0,4.8,3.0,26.7,NE,-4.79,-4.38,-4.62
567130,2019-09-01,2019,NYM,2019-09-01 19:05:00,19,5,2,7,2,12,7,13,252,86.6,1,50,0.02,0.1538,73.2,22.9,66.3,1023.3,0.0,12.5,7.8,133.3,SE,4.45,8.17,0.18
567131,2019-09-09,2019,ATL,2019-09-09 19:05:00,19,2,7,9,4,17,6,13,278,83.9,4,48,0.0833,0.3077,70.3,21.3,79.0,1023.6,0.0,9.5,5.9,143.0,SE,4.84,7.36,1.74
567132,2019-09-10,2019,ATL,2019-09-10 19:05:00,19,6,5,11,6,22,7,18,282,84.9,8,44,0.1818,0.3333,72.9,22.7,72.0,1024.8,0.0,12.4,7.7,181.3,S,11.56,12.4,9.33
567133,2019-09-11,2019,ATL,2019-09-11 19:05:00,19,1,3,4,1,21,10,12,325,81.7,2,42,0.0476,0.0833,79.6,26.4,78.7,1017.8,0.0,9.7,6.0,240.3,SW,7.63,5.15,9.2
567134,2019-09-12,2019,ATL,2019-09-12 19:15:00,19,9,5,14,7,18,9,18,334,84.4,6,51,0.1176,0.3889,70.6,21.4,91.3,1021.6,0.2,15.9,9.9,74.7,E,-9.77,-4.88,-13.49
567135,2019-09-14,2019,BOS,2019-09-14 19:05:00,19,1,2,3,0,25,8,11,287,82.6,0,39,0.0,0.0,71.1,21.7,87.7,1021.7,0.0,6.9,4.3,231.7,SW,5.99,4.49,6.78
567136,2019-09-15,2019,BOS,2019-09-15 13:05:00,13,3,6,9,3,20,6,13,287,83.4,2,46,0.0435,0.2308,83.7,28.7,42.7,1018.5,0.0,4.6,2.9,291.7,W,0.07,-1.52,1.65
567137,2019-09-27,2019,MIA,2019-09-27 19:05:00,19,5,4,9,1,27,6,28,438,83.9,4,86,0.0465,0.0357,67.5,19.7,73.3,1019.9,0.0,10.3,6.4,174.0,S,9.05,10.19,6.83
567138,2019-09-28,2019,MIA,2019-09-28 18:05:00,18,9,3,12,4,11,8,17,284,84.3,4,55,0.0727,0.2353,77.1,25.1,79.7,1017.2,0.2,5.9,3.7,176.6,S,5.34,5.9,4.13
567139,2019-09-29,2019,MIA,2019-09-29 15:05:00,15,3,4,7,5,19,3,20,284,81.9,3,54,0.0556,0.25,82.3,28.0,48.3,1021.5,0.0,11.4,7.1,60.0,NE,-9.02,-6.11,-10.84
631121,2020-07-24,2020,MIA,2020-07-24 19:05:00,19,2,5,7,2,17,6,14,284,83.9,3,49,0.0612,0.1429,75.3,24.1,91.7,1017.9,0.0,4.6,2.8,121.7,SE,0.73,2.23,-0.85
631108,2020-07-25,2020,MIA,2020-07-25 16:05:00,16,7,1,8,4,12,12,13,286,81.2,3,46,0.0652,0.3077,85.9,30.0,59.0,1016.6,0.0,9.5,5.9,217.3,SW,9.22,7.83,9.49
631126,2020-07-26,2020,MIA,2020-07-26 13:05:00,13,6,11,17,5,13,11,24,326,85.8,7,65,0.1077,0.2083,93.6,34.2,36.7,1013.9,0.0,14.9,9.3,258.7,W,8.29,3.56,12.03
631127,2020-08-05,2020,NYY,2020-07-27 19:05:00,19,1,3,4,1,20,1,10,217,85.1,1,31,0.0323,0.1,86.5,30.3,61.3,1008.5,0.0,14.9,9.2,226.0,SW,13.63,10.78,14.84
631129,2020-08-06,2020,NYY,2020-07-28 18:05:00,18,5,4,9,2,18,5,17,335,77.2,2,49,0.0408,0.1176,84.0,28.9,66.7,1010.2,0.1,6.8,4.2,247.3,SW,4.83,2.9,6.17
631133,2020-08-08,2020,ATL,2020-08-08 18:05:00,18,5,0,5,2,13,5,12,246,84.5,3,48,0.0625,0.1667,77.0,25.0,81.0,1019.1,0.0,7.7,4.8,184.1,S,7.34,7.73,6.06
631131,2020-08-09,2020,ATL,2020-08-07 19:05:00,19,0,8,8,3,16,2,18,241,85.4,1,44,0.0227,0.1667,73.1,22.8,93.0,1018.8,0.9,3.2,2.0,89.2,E,-1.28,-0.19,-2.22
631136,2020-08-09,2020,ATL,2020-08-09 13:05:00,13,2,5,7,1,10,11,12,250,84.4,3,41,0.0732,0.0833,83.9,28.8,65.3,1018.3,1.0,11.5,7.1,224.0,SW,10.7,8.61,11.5
631138,2020-08-10,2020,ATL,2020-08-10 18:05:00,18,13,8,21,8,21,5,23,291,83.9,6,52,0.1154,0.3478,82.8,28.2,71.0,1014.4,0.0,9.1,5.7,190.7,S,8.91,9.01,7.73
631139,2020-08-11,2020,BAL,2020-08-11 19:05:00,19,9,10,19,4,15,8,27,354,84.0,4,70,0.0571,0.1481,80.4,26.9,83.3,1013.4,0.0,7.7,4.8,194.3,S,7.59,7.5,6.76
631141,2020-08-12,2020,BAL,2020-08-12 19:05:00,19,4,5,9,3,26,7,21,309,80.8,1,47,0.0213,0.1429,78.9,26.1,82.7,1017.2,0.0,4.8,3.0,205.6,SW,4.83,4.45,4.62
631142,2020-08-13,2020,BAL,2020-08-13 16:05:00,16,4,11,15,4,12,5,23,312,82.3,8,62,0.129,0.1739,76.6,24.8,91.7,1016.4,1.6,5.7,3.5,93.1,E,-1.88,0.06,-3.6
631150,2020-08-14,2020,NYM,2020-08-14 19:05:00,19,6,5,11,3,15,8,23,290,84.1,4,57,0.0702,0.1304,75.1,23.9,74.3,1014.7,0.0,7.4,4.6,81.4,E,-3.81,-1.42,-5.74
631151,2020-08-15,2020,NYM,2020-08-15 18:05:00,18,6,2,8,2,18,5,13,273,80.0,5,44,0.1136,0.1538,74.5,23.6,74.7,1015.3,0.1,11.3,7.0,87.3,E,-4.81,-1.02,-8.02
631124,2020-08-16,2020,NYM,2020-08-16 13:05:00,13,6,2,8,1,14,2,21,254,82.0,3,55,0.0545,0.0476,72.6,22.5,80.0,1012.2,0.3,22.8,14.2,38.7,NE,-21.9,-18.41,-22.75
631125,2020-08-28,2020,ATL,2020-08-28 19:05:00,19,7,4,11,5,19,9,17,361,82.8,6,60,0.1,0.2941,75.1,23.9,90.0,1010.0,0.0,12.2,7.6,223.7,SW,11.41,9.21,12.23
631134,2020-08-29,2020,ATL,2020-08-29 13:15:00,13,4,1,5,2,13,3,12,224,84.6,4,48,0.0833,0.1667,77.7,25.4,86.7,1000.3,0.4,16.7,10.4,223.3,SW,15.58,12.61,16.66
631135,2020-08-30,2020,ATL,2020-08-30 19:08:00,19,10,12,22,6,16,12,28,372,82.8,7,65,0.1077,0.2143,67.5,19.7,79.7,1012.0,0.0,7.5,4.6,293.8,NW,-0.17,-2.71,2.4
631143,2020-08-31,2020,WSH,2020-08-31 19:05:00,19,8,6,14,6,17,4,18,283,83.4,7,52,0.1346,0.3333,69.3,20.7,89.0,1018.3,0.3,4.1,2.6,87.7,E,-1.73,-0.34,-2.91
631153,2020-09-01,2020,WSH,2020-09-01 19:05:00,19,6,0,6,2,15,12,12,300,83.5,2,48,0.0417,0.1667,73.3,22.9,76.0,1017.8,0.0,10.5,6.5,86.3,E,-4.63,-1.13,-7.57
631145,2020-09-02,2020,WSH,2020-09-02 19:05:00,19,3,0,3,1,17,7,11,282,84.7,1,44,0.0227,0.0909,78.9,26.0,88.3,1008.7,1.2,12.4,7.7,191.0,S,12.18,12.3,10.6
631146,2020-09-03,2020,WSH,2020-09-03 16:05:00,16,6,5,11,3,23,8,21,343,82.3,4,55,0.0727,0.1429,83.7,28.7,67.0,1006.1,0.3,13.4,8.3,195.3,S,13.26,13.03,11.89
631149,2020-09-08,2020,BOS,2020-09-08 16:05:00,16,6,5,11,5,12,10,19,253,83.7,5,46,0.1087,0.2632,84.0,28.9,53.3,1019.4,0.0,7.4,4.6,180.8,S,6.84,7.36,5.5
631152,2020-09-08,2020,BOS,2020-09-08 16:10:00,16,2,5,7,1,15,7,15,223,79.8,3,40,0.075,0.0667,84.0,28.9,53.3,1019.4,0.0,7.4,4.6,180.8,S,6.84,7.36,5.5
631144,2020-09-15,2020,NYM,2020-09-15 19:05:00,19,4,1,5,2,16,4,17,280,81.8,3,50,0.06,0.1176,59.2,15.1,63.3,1025.9,0.0,6.6,4.1,53.4,NE,-5.63,-4.14,-6.45
631119,2020-09-16,2020,NYM,2020-09-16 19:05:00,19,4,5,9,2,17,4,21,290,83.0,3,55,0.0545,0.0952,64.5,18.1,78.0,1020.0,0.0,7.3,4.5,188.7,S,7.09,7.26,6.06
631117,2020-09-17,2020,NYM,2020-09-17 19:05:00,19,6,10,16,7,26,14,20,371,85.3,9,47,0.1915,0.35,68.2,20.1,94.7,1014.4,1.7,5.0,3.1,192.7,S,4.96,4.95,4.37
631122,2020-09-18,2020,TOR,2020-09-18 16:10:00,16,8,7,15,3,11,10,19,267,84.5,6,46,0.1304,0.1579,69.9,21.0,49.3,1014.8,0.0,14.8,9.2,1.7,N,-13.8,-14.77,-11.17
631123,2020-09-19,2020,TOR,2020-09-19 18:05:00,18,3,1,4,1,21,7,11,296,77.6,1,40,0.025,0.0909,55.6,13.1,51.0,1026.8,0.0,8.1,5.1,7.7,N,-7.86,-8.1,-6.68
631128,2020-09-20,2020,TOR,2020-09-20 15:05:00,15,3,6,9,1,22,9,14,333,78.3,6,48,0.125,0.0714,62.9,17.2,31.3,1031.6,0.0,16.3,10.1,61.7,NE,-12.64,-8.35,-15.4
634622,2021-04-01,2021,ATL,2021-04-01 15:05:00,15,3,2,5,1,23,6,16,289,82.5,4,52,0.0769,0.0625,50.1,10.0,36.7,1012.7,0.0,22.6,14.1,321.0,NW,-10.8,-16.95,-3.34
634580,2021-04-03,2021,ATL,2021-04-03 16:05:00,16,4,0,4,0,24,4,9,261,84.0,1,34,0.0294,0.0,50.2,10.1,35.3,1024.1,0.0,9.4,5.8,271.0,W,3.44,0.24,6.22
634617,2021-04-04,2021,ATL,2021-04-04 13:05:00,13,2,1,3,2,24,6,12,250,83.4,2,36,0.0556,0.1667,64.5,18.1,33.7,1015.4,0.0,16.3,10.1,320.0,NW,-7.54,-12.04,-2.13
634606,2021-04-05,2021,NYM,2021-04-05 19:05:00,19,5,3,8,0,19,7,17,284,84.2,3,47,0.0638,0.0,57.4,14.1,39.7,1014.0,0.0,11.4,7.1,332.6,NW,-7.34,-9.88,-3.91
634608,2021-04-06,2021,NYM,2021-04-06 19:05:00,19,4,8,12,3,15,11,15,328,82.9,4,54,0.0741,0.2,53.0,11.7,60.7,1013.8,0.0,8.5,5.3,335.8,NW,-5.85,-7.62,-3.38
634626,2021-04-07,2021,NYM,2021-04-07 16:05:00,16,8,2,10,3,19,6,20,321,78.2,6,53,0.1132,0.15,66.2,19.0,50.0,1013.8,0.0,6.6,4.1,157.0,SE,4.65,5.99,2.75
634474,2021-04-16,2021,STL,2021-04-16 19:05:00,19,9,2,11,2,14,4,15,271,83.4,5,50,0.1,0.1333,49.0,9.5,72.0,1007.0,0.2,10.3,6.4,320.7,NW,-4.88,-7.7,-1.47
634470,2021-04-17,2021,STL,2021-04-17 16:05:00,16,4,9,13,4,24,13,20,384,79.4,5,49,0.102,0.2,55.7,13.2,48.7,1008.7,0.0,12.7,7.9,318.0,NW,-5.47,-9.06,-1.22
634498,2021-04-18,2021,STL,2021-04-18 13:05:00,13,2,0,2,1,19,6,8,242,81.2,2,40,0.05,0.125,61.3,16.3,42.0,1010.0,0.0,13.6,8.5,279.3,W,3.1,-1.62,7.44
634457,2021-04-19,2021,SF,2021-04-19 19:05:00,19,0,2,2,1,19,5,14,294,83.6,2,49,0.0408,0.0714,51.9,11.0,71.3,1011.2,0.0,9.2,5.7,226.0,SW,8.47,6.7,9.22
634439,2021-04-20,2021,SF,2021-04-20 19:05:00,19,7,10,17,8,16,8,20,314,83.1,6,55,0.1091,0.4,60.4,15.8,57.7,1011.8,0.0,18.5,11.5,172.3,S,16.02,18.24,11.87
634428,2021-04-21,2021,SF,2021-04-21 13:05:00,13,6,5,11,3,21,6,23,302,83.2,5,53,0.0943,0.1304,56.8,13.8,60.0,1003.6,0.4,28.4,17.6,296.7,NW,-2.06,-11.61,7.74
634336,2021-04-30,2021,NYM,2021-04-30 19:05:00,19,2,1,3,0,22,9,9,270,81.9,4,38,0.1053,0.0,54.4,12.5,36.0,1006.0,0.0,28.0,17.4,299.0,NW,-3.17,-12.48,6.53
634276,2021-05-01,2021,NYM,2021-05-01 18:05:00,18,4,5,9,2,14,3,16,250,82.3,3,53,0.0566,0.125,59.2,15.1,35.0,1012.2,0.0,10.6,6.6,233.3,SW,9.08,6.68,10.38
634257,2021-05-02,2021,NYM,2021-05-02 19:08:00,19,7,8,15,3,23,6,25,330,82.9,5,57,0.0877,0.12,74.1,23.4,38.0,1007.9,0.0,19.9,12.4,215.0,SW,19.46,16.81,19.76
634244,2021-05-03,2021,MIL,2021-05-03 19:05:00,19,4,3,7,2,19,7,13,311,82.7,4,44,0.0909,0.1538,64.3,17.9,93.0,1006.2,3.2,8.2,5.1,99.0,E,-1.91,0.92,-4.51
634324,2021-05-04,2021,MIL,2021-05-04 19:05:00,19,6,5,11,4,23,2,18,296,83.4,3,46,0.0652,0.2222,72.2,22.3,75.3,1005.8,1.0,12.6,7.8,146.0,SE,6.95,10.12,2.94
634294,2021-05-05,2021,MIL,2021-05-05 19:05:00,19,5,4,9,2,20,10,12,310,79.5,1,39,0.0256,0.1667,60.6,15.9,71.0,1010.1,0.0,17.4,10.8,332.0,NW,-11.07,-14.99,-5.81
634283,2021-05-06,2021,MIL,2021-05-06 13:05:00,13,2,0,2,1,21,3,7,246,78.6,2,36,0.0556,0.1429,64.7,18.2,35.7,1013.5,0.0,13.0,8.1,320.3,NW,-6.05,-9.61,-1.77
634051,2021-05-18,2021,MIA,2021-05-18 19:05:00,19,8,3,11,1,19,4,20,293,82.6,2,52,0.0385,0.05,68.2,20.1,50.0,1024.8,0.0,13.7,8.5,212.3,SW,13.47,11.86,13.45
634044,2021-05-19,2021,MIA,2021-05-19 19:05:00,19,1,3,4,2,19,3,18,258,82.2,3,49,0.0612,0.1111,77.3,25.2,38.0,1025.2,0.0,8.4,5.2,180.0,S,7.76,8.39,6.19
634039,2021-05-20,2021,MIA,2021-05-20 19:05:00,19,0,6,6,2,25,9,11,314,81.8,2,38,0.0526,0.1818,67.8,19.9,37.0,1031.6,0.0,11.7,7.3,164.0,S,9.18,11.13,6.13
634054,2021-05-21,2021,BOS,2021-05-21 19:05:00,19,3,11,14,3,30,6,19,322,83.6,3,43,0.0698,0.1579,71.4,21.9,47.0,1028.8,0.0,14.5,9.0,215.0,SW,14.16,12.23,14.38
633984,2021-05-22,2021,BOS,2021-05-22 19:15:00,19,3,4,7,3,24,9,14,317,82.7,3,44,0.0682,0.2143,81.1,27.3,43.0,1018.1,0.0,12.6,7.8,266.7,W,5.51,1.28,9.06
634004,2021-05-23,2021,BOS,2021-05-23 13:05:00,13,6,2,8,3,21,6,14,296,78.5,3,43,0.0698,0.2143,93.6,34.2,27.3,1011.3,0.0,19.3,12.0,314.0,NW,-7.08,-12.81,-0.5
633862,2021-06-04,2021,WSH,2021-06-04 19:05:00,19,1,2,3,1,19,3,12,254,82.8,2,42,0.0476,0.0833,70.5,21.4,88.7,1013.3,0.0,6.1,3.8,223.4,SW,5.67,4.59,6.07
633795,2021-06-05,2021,WSH,2021-06-05 16:05:00,16,5,2,7,2,16,7,10,282,80.5,1,46,0.0217,0.2,86.0,30.0,45.0,1013.4,0.0,17.7,11.0,236.3,SW,14.68,10.43,17.15
633786,2021-06-06,2021,WSH,2021-06-06 13:05:00,13,12,6,18,2,18,7,19,337,81.9,4,53,0.0755,0.1053,91.0,32.8,38.3,1016.5,0.0,12.7,7.9,226.0,SW,11.68,9.24,12.71
633785,2021-06-08,2021,ATL,2021-06-08 19:05:00,19,5,9,14,5,11,10,23,315,82.7,6,62,0.0968,0.2174,77.0,25.0,90.3,1016.0,0.0,4.0,2.5,167.5,S,3.25,3.83,2.27
633764,2021-06-09,2021,ATL,2021-06-09 19:05:00,19,2,1,3,1,18,4,13,258,83.0,2,47,0.0426,0.0769,78.6,25.9,82.3,1015.1,2.1,6.0,3.7,242.7,SW,4.56,2.97,5.6
633762,2021-06-10,2021,ATL,2021-06-10 13:05:00,13,4,3,7,1,19,6,14,302,80.5,2,51,0.0392,0.0714,84.0,28.9,40.0,1014.3,0.0,17.8,11.0,86.3,E,-7.83,-1.91,-12.82
633763,2021-06-12,2021,NYY,2021-06-12 16:05:00,16,8,7,15,3,19,9,24,358,81.0,4,61,0.0656,0.125,76.7,24.8,57.3,1008.7,0.0,10.1,6.3,77.5,E,-5.79,-2.61,-8.27
633715,2021-06-13,2021,NYY,2021-06-13 13:05:00,13,7,0,7,0,16,2,16,253,83.0,1,49,0.0204,0.0,80.2,26.8,52.3,1011.1,0.0,10.8,6.7,226.0,SW,9.87,7.81,10.75
633549,2021-06-22,2021,WSH,2021-06-22 19:05:00,19,2,3,5,2,23,6,15,344,81.3,4,46,0.087,0.1333,63.6,17.6,85.0,1013.0,0.2,13.1,8.2,310.0,NW,-3.95,-7.99,0.57
633546,2021-06-23,2021,WSH,2021-06-23 13:05:00,13,12,13,25,5,14,14,27,378,82.1,6,65,0.0923,0.1852,75.7,24.3,31.0,1022.1,0.0,7.1,4.4,323.0,NW,-3.6,-5.48,-1.29
633495,2021-06-29,2021,MIA,2021-06-29 19:05:00,19,4,3,7,2,22,10,7,295,79.0,2,36,0.0556,0.2857,85.3,29.6,62.0,1019.9,0.0,10.5,6.5,227.0,SW,9.52,7.47,10.43
633419,2021-06-30,2021,MIA,2021-06-30 19:05:00,19,6,11,17,4,26,7,26,344,80.2,6,55,0.1091,0.1538,85.0,29.5,64.7,1013.3,0.8,14.9,9.3,254.5,W,9.18,4.62,12.64
633448,2021-07-02,2021,SD,2021-07-02 18:05:00,18,4,3,7,1,18,4,11,290,81.2,3,51,0.0588,0.0909,72.3,22.4,82.3,1006.4,0.3,6.5,4.0,258.3,W,3.65,1.6,5.27
633390,2021-07-03,2021,SD,2021-07-03 16:05:00,16,4,2,6,3,15,5,12,260,81.9,4,45,0.0889,0.25,71.5,21.9,69.3,1007.7,0.3,6.1,3.8,353.6,N,-5.37,-6.06,-4.03
633374,2021-07-04,2021,SD,2021-07-04 13:05:00,13,1,11,12,4,14,12,20,327,82.7,5,53,0.0943,0.2,76.8,24.9,62.0,1012.1,1.3,9.1,5.6,243.6,SW,6.83,4.38,8.46
633283,2021-07-16,2021,MIA,2021-07-16 16:05:00,16,5,2,7,0,18,4,14,242,81.2,0,34,0.0,0.0,90.0,32.2,49.7,1014.9,0.0,10.8,6.7,227.3,SW,9.77,7.64,10.73
633447,2021-07-16,2021,MIA,2021-07-01 18:05:00,18,0,7,7,2,17,5,10,223,83.5,2,37,0.0541,0.2,75.2,24.0,88.7,1008.7,7.2,4.3,2.7,238.6,SW,3.5,2.42,4.16
633299,2021-07-17,2021,MIA,2021-07-17 18:05:00,18,4,2,6,2,15,6,12,289,79.9,2,53,0.0377,0.1667,80.8,27.1,81.3,1014.4,0.1,9.1,5.6,208.2,SW,9.02,8.17,8.78
633239,2021-07-18,2021,MIA,2021-07-18 14:01:00,14,7,4,11,3,13,7,23,285,80.3,2,58,0.0345,0.1304,81.2,27.3,58.3,1014.3,0.0,18.9,11.7,270.7,W,7.02,0.6,12.58
633276,2021-07-22,2021,ATL,2021-07-22 19:05:00,19,2,7,9,2,17,11,14,304,82.6,1,50,0.02,0.1429,73.5,23.0,58.0,1019.5,0.0,7.9,4.9,311.3,NW,-2.55,-4.95,0.16
633214,2021-07-23,2021,ATL,2021-07-23 19:05:00,19,5,1,6,1,15,8,17,293,81.8,3,51,0.0588,0.0588,74.8,23.8,59.7,1018.8,0.0,4.6,2.8,340.7,N,-3.4,-4.24,-2.16
633202,2021-07-24,2021,ATL,2021-07-24 18:05:00,18,3,15,18,5,16,11,25,344,82.5,6,64,0.0938,0.2,77.8,25.5,49.3,1016.3,0.0,14.4,8.9,190.0,S,14.06,14.28,12.14
633192,2021-07-25,2021,ATL,2021-07-25 13:05:00,13,2,1,3,3,22,0,10,227,84.9,1,39,0.0256,0.3,88.6,31.4,49.7,1010.7,0.0,19.4,12.1,218.3,SW,18.66,15.73,19.35
633168,2021-07-26,2021,WSH,2021-07-26 19:05:00,19,6,5,11,2,16,10,21,307,79.3,2,55,0.0364,0.0952,78.6,25.9,57.0,1012.7,0.0,7.5,4.7,19.5,N,-7.49,-7.17,-6.9
633152,2021-07-27,2021,WSH,2021-07-27 19:05:00,19,4,6,10,4,15,5,17,275,80.8,4,55,0.0727,0.2353,79.7,26.5,59.7,1013.5,0.0,6.3,3.9,263.9,W,3.0,0.93,4.7
633081,2021-07-29,2021,WSH,2021-07-29 12:05:00,12,1,3,4,2,12,5,10,200,82.9,2,36,0.0556,0.2,80.8,27.1,67.7,1012.3,0.8,20.5,12.8,203.0,SW,20.53,19.23,19.35
633134,2021-07-29,2021,WSH,2021-07-28 19:05:00,19,11,8,19,5,13,11,26,310,83.3,4,59,0.0678,0.1923,75.9,24.4,77.0,1015.4,0.3,6.9,4.3,137.0,SE,2.85,4.81,0.54
633074,2021-08-06,2021,NYM,2021-08-06 19:05:00,19,4,2,6,3,16,5,13,300,81.3,5,48,0.1042,0.2308,77.4,25.2,56.3,1019.4,0.0,14.2,8.8,195.7,S,14.13,13.86,12.7
632981,2021-08-07,2021,NYM,2021-08-07 16:15:00,16,5,3,8,6,20,6,14,313,81.9,7,46,0.1522,0.4286,79.2,26.2,59.7,1016.1,0.0,15.5,9.6,184.3,S,14.73,15.49,12.19
632967,2021-08-08,2021,NYM,2021-08-08 13:05:00,13,3,0,3,3,15,2,7,215,83.5,6,41,0.1463,0.4286,81.4,27.5,55.3,1016.8,0.0,12.7,7.9,56.0,NE,-10.59,-7.56,-12.35
632984,2021-08-10,2021,LAD,2021-08-10 19:05:00,19,0,5,5,2,30,7,18,320,81.2,3,40,0.075,0.1111,78.6,25.9,91.3,1017.7,3.1,7.9,4.9,209.6,SW,7.87,7.07,7.73
632915,2021-08-11,2021,LAD,2021-08-11 19:05:00,19,2,8,10,2,17,7,20,329,83.5,4,56,0.0714,0.1,79.8,26.6,86.7,1016.6,0.0,6.1,3.8,278.3,W,1.5,-0.61,3.43
632969,2021-08-12,2021,LAD,2021-08-12 13:05:00,13,2,1,3,1,15,10,7,275,82.6,1,42,0.0238,0.1429,94.3,34.6,44.3,1015.2,0.0,18.2,11.3,217.0,SW,17.65,15.03,18.15
632901,2021-08-13,2021,CIN,2021-08-13 19:05:00,19,1,6,7,3,14,3,13,282,82.4,4,51,0.0784,0.2308,86.1,30.1,67.7,1016.8,0.0,13.2,8.2,220.3,SW,12.57,10.43,13.19
632916,2021-08-14,2021,CIN,2021-08-14 16:05:00,16,6,1,7,3,21,5,11,262,81.5,1,40,0.025,0.2727,85.6,29.8,61.7,1017.0,0.4,7.4,4.6,316.4,NW,-3.01,-5.15,-0.5
632891,2021-08-15,2021,CIN,2021-08-15 13:05:00,13,4,7,11,2,19,10,17,328,81.8,2,51,0.0392,0.1176,84.9,29.4,32.0,1020.8,0.0,2.2,1.3,3.0,N,-2.04,-2.17,-1.67
632777,2021-08-24,2021,TB,2021-08-24 19:05:00,19,1,3,4,0,20,2,15,261,84.3,1,47,0.0213,0.0,78.7,26.0,76.7,1015.7,0.0,7.2,4.5,304.3,NW,-1.48,-3.82,1.03
632727,2021-08-25,2021,TB,2021-08-25 19:05:00,19,4,7,11,4,15,2,20,240,82.7,6,58,0.1034,0.2,80.3,26.8,71.0,1018.6,0.0,7.3,4.5,207.3,SW,7.27,6.62,7.05
632746,2021-08-26,2021,AZ,2021-08-26 19:05:00,19,7,8,15,3,17,8,22,353,82.1,2,61,0.0328,0.1364,80.8,27.1,86.3,1018.3,0.0,5.5,3.4,198.8,S,5.52,5.31,5.07
632808,2021-08-27,2021,AZ,2021-08-27 19:05:00,19,7,6,13,4,22,9,15,370,82.4,4,58,0.069,0.2667,80.8,27.1,86.7,1018.9,0.0,4.7,2.9,32.3,NE,-4.63,-4.08,-4.63
632712,2021-08-28,2021,AZ,2021-08-28 18:05:00,18,7,0,7,2,13,1,16,280,81.2,2,53,0.0377,0.125,72.0,22.2,86.3,1022.5,0.1,15.4,9.5,46.0,NE,-14.09,-11.15,-15.34
632673,2021-08-29,2021,AZ,2021-08-29 13:05:00,13,7,4,11,0,12,9,21,315,79.9,2,59,0.0339,0.0,79.8,26.5,73.0,1019.8,0.1,9.3,5.8,77.6,E,-5.31,-2.38,-7.6
632548,2021-09-09,2021,COL,2021-09-09 19:05:00,19,3,4,7,3,15,3,17,280,83.1,3,54,0.0556,0.1765,69.9,21.0,80.0,1008.4,0.0,8.9,5.5,298.7,NW,-0.95,-3.91,2.12
632537,2021-09-10,2021,COL,2021-09-10 19:05:00,19,2,11,13,4,19,12,18,354,81.6,5,53,0.0943,0.2222,63.7,17.6,70.3,1017.3,0.0,6.7,4.1,289.7,W,0.33,-1.97,2.59
632540,2021-09-11,2021,COL,2021-09-11 18:05:00,18,6,1,7,4,15,8,17,283,81.9,3,50,0.06,0.2353,69.0,20.5,65.0,1020.2,0.0,8.3,5.2,213.7,SW,8.14,7.1,8.2
632514,2021-09-12,2021,COL,2021-09-12 13:05:00,13,4,5,9,3,21,4,16,291,82.8,2,48,0.0417,0.1875,83.7,28.7,51.7,1017.6,0.0,21.5,13.4,235.7,SW,18.03,12.91,20.97
632495,2021-09-14,2021,CHC,2021-09-14 19:05:00,19,3,6,9,3,18,6,15,292,84.6,4,47,0.0851,0.2,77.2,25.1,76.7,1015.2,0.0,10.6,6.6,169.0,S,8.87,10.34,6.32
632486,2021-09-15,2021,CHC,2021-09-15 19:05:00,19,6,5,11,5,16,3,19,267,79.0,4,55,0.0727,0.2632,77.6,25.3,67.7,1015.4,0.1,8.8,5.4,209.5,SW,8.7,7.81,8.54
632475,2021-09-16,2021,CHC,2021-09-16 18:05:00,18,17,8,25,3,13,12,26,358,77.0,3,61,0.0492,0.1154,72.6,22.5,91.7,1021.8,0.1,12.7,7.9,59.3,NE,-10.14,-6.93,-12.12
632429,2021-09-20,2021,BAL,2021-09-20 19:05:00,19,0,2,2,0,13,2,13,268,83.0,3,52,0.0577,0.0,64.6,18.1,79.3,1027.0,0.0,7.3,4.5,113.7,SE,0.15,2.63,-2.34
632402,2021-09-21,2021,BAL,2021-09-21 19:05:00,19,3,2,5,0,17,5,16,308,78.7,0,56,0.0,0.0,70.1,21.2,86.0,1023.3,0.0,8.5,5.3,109.0,E,-0.52,2.42,-3.4
632382,2021-09-22,2021,BAL,2021-09-22 19:05:00,19,4,3,7,1,18,8,17,311,81.8,1,47,0.0213,0.0588,75.5,24.2,79.0,1013.6,0.0,19.0,11.8,150.3,SE,11.67,16.11,5.83
632365,2021-09-23,2021,PIT,2021-09-23 19:05:00,19,12,6,18,5,21,9,17,305,81.3,2,46,0.0435,0.2941,66.9,19.4,84.0,1014.4,0.5,2.4,1.5,212.2,SW,2.37,2.08,2.36
632360,2021-09-24,2021,PIT,2021-09-24 19:05:00,19,8,6,14,4,20,10,17,309,83.0,6,48,0.125,0.2353,60.7,16.0,78.0,1018.2,0.0,7.9,4.9,314.7,NW,-2.99,-5.33,-0.3
632341,2021-09-25,2021,PIT,2021-09-25 16:05:00,16,3,0,3,2,10,6,12,241,81.6,2,47,0.0426,0.1667,72.0,22.2,50.7,1012.4,0.0,6.7,4.2,212.0,SW,6.61,5.83,6.59
632329,2021-09-26,2021,PIT,2021-09-26 13:05:00,13,0,6,6,1,18,14,13,332,78.2,0,47,0.0,0.0769,73.0,22.8,36.7,1013.3,0.0,20.5,12.7,299.7,NW,-2.56,-9.36,4.55
661131,2022-04-08,2022,ATH,2022-04-08 15:05:00,15,9,5,14,3,19,5,17,279,83.6,4,49,0.0816,0.1765,59.6,15.3,37.7,1003.9,0.0,15.6,9.7,234.0,SW,13.33,9.73,15.32
661130,2022-04-09,2022,ATH,2022-04-09 16:05:00,16,4,2,6,3,19,5,12,248,83.5,5,40,0.125,0.25,53.9,12.2,46.7,1003.3,0.1,14.4,8.9,284.7,W,1.96,-3.03,6.72
661129,2022-04-10,2022,ATH,2022-04-10 13:05:00,13,1,4,5,2,15,6,12,247,83.6,5,49,0.102,0.1667,50.4,10.2,41.3,1010.2,0.1,28.1,17.4,293.7,NW,-0.57,-10.13,9.06
661637,2022-04-11,2022,NYM,2022-04-11 18:45:00,18,5,4,9,1,15,7,15,283,81.3,2,49,0.0408,0.0667,52.8,11.5,59.0,1017.8,0.0,9.2,5.7,198.7,S,9.15,8.8,8.38
661636,2022-04-12,2022,NYM,2022-04-12 18:45:00,18,0,2,2,1,20,3,9,269,81.1,1,41,0.0244,0.1111,60.1,15.6,71.0,1017.8,0.0,8.3,5.1,319.4,NW,-3.75,-6.04,-1.0
661643,2022-04-13,2022,NYM,2022-04-13 13:05:00,13,6,9,15,3,21,12,18,358,81.3,7,48,0.1458,0.1667,79.1,26.2,51.3,1012.6,0.0,14.8,9.2,215.0,SW,14.42,12.45,14.64
661621,2022-04-22,2022,MIL,2022-04-22 19:05:00,19,4,2,6,0,22,8,15,320,81.5,1,44,0.0227,0.0,56.2,13.4,56.0,1028.2,0.0,8.2,5.1,326.7,NW,-4.61,-6.65,-2.01
661620,2022-04-23,2022,MIL,2022-04-23 16:05:00,16,3,5,8,1,16,2,16,261,83.5,3,51,0.0588,0.0625,62.9,17.2,47.0,1023.1,0.0,11.4,7.1,126.3,SE,2.72,6.33,-1.22
661640,2022-04-24,2022,MIL,2022-04-24 19:08:00,19,0,1,1,0,26,3,8,245,80.4,2,35,0.0571,0.0,53.2,11.8,66.0,1022.6,0.0,11.9,7.4,97.7,E,-3.04,1.07,-6.78
661639,2022-04-25,2022,COL,2022-04-25 18:45:00,18,8,2,10,3,13,5,14,286,84.4,5,51,0.098,0.2143,56.1,13.4,56.7,1021.5,0.0,11.4,7.1,90.9,E,-4.19,-0.31,-7.56
661567,2022-04-26,2022,COL,2022-04-26 18:45:00,18,10,3,13,3,13,7,17,319,80.9,5,56,0.0893,0.1765,61.3,16.3,87.3,1014.5,0.7,6.5,4.0,312.6,NW,-2.24,-4.19,-0.01
661638,2022-04-27,2022,COL,2022-04-27 18:45:00,18,7,3,10,2,16,5,24,301,81.5,3,55,0.0545,0.0833,48.1,9.0,41.7,1017.0,0.0,22.8,14.2,302.7,NW,-4.02,-11.46,3.89
661641,2022-04-28,2022,COL,2022-04-28 13:05:00,13,7,1,8,1,19,11,9,289,79.6,2,41,0.0488,0.1111,55.0,12.8,30.3,1017.4,0.0,27.5,17.1,317.3,NW,-11.54,-19.37,-2.31
661635,2022-05-03,2022,TEX,2022-05-03 18:45:00,18,4,6,10,3,19,3,20,291,84.1,5,54,0.0926,0.15,57.3,14.0,71.0,1018.2,0.0,16.7,10.4,109.3,E,-0.92,4.83,-6.56
661634,2022-05-04,2022,TEX,2022-05-04 18:45:00,18,1,2,3,0,15,7,13,247,86.5,2,51,0.0392,0.0,65.4,18.6,80.3,1013.4,0.0,5.9,3.7,314.6,NW,-2.22,-3.96,-0.22
661619,2022-05-05,2022,NYM,2022-05-05 18:45:00,18,7,8,15,4,15,3,23,274,84.0,5,62,0.0806,0.1739,62.2,16.8,68.0,1016.5,0.0,12.7,7.9,214.3,SW,12.43,10.79,12.57
661626,2022-05-08,2022,NYM,2022-05-08 12:35:00,12,3,2,5,1,21,4,17,275,83.6,2,43,0.0465,0.0588,53.1,11.7,49.7,1018.5,0.0,24.5,15.2,45.0,NE,-22.67,-18.09,-24.51
661627,2022-05-08,2022,NYM,2022-05-07 16:05:00,16,1,6,7,3,17,6,14,318,83.2,4,52,0.0769,0.2143,47.2,8.5,83.0,1009.9,0.9,30.3,18.8,35.3,NE,-29.51,-25.43,-30.03
661625,2022-05-17,2022,SD,2022-05-17 18:45:00,18,0,3,3,0,16,2,13,269,80.3,1,51,0.0196,0.0,68.5,20.3,47.7,1009.5,0.0,13.4,8.3,293.3,NW,-0.2,-4.77,4.4
661624,2022-05-18,2022,SD,2022-05-18 18:45:00,18,3,0,3,1,23,3,9,256,76.8,3,36,0.0833,0.1111,66.7,19.3,56.0,1011.8,0.0,7.9,4.9,227.5,SW,7.19,5.61,7.9
661623,2022-05-19,2022,SD,2022-05-19 13:05:00,13,0,2,2,0,18,2,18,310,84.2,1,53,0.0189,0.0,75.1,23.9,57.0,1005.4,0.1,14.7,9.1,272.3,W,5.07,0.04,9.48
661632,2022-05-20,2022,LAD,2022-05-20 19:05:00,19,1,4,5,0,19,8,16,350,81.5,3,49,0.0612,0.0,72.8,22.7,93.3,1011.7,0.0,8.0,5.0,91.0,E,-2.92,-0.21,-5.28
661631,2022-05-21,2022,LAD,2022-05-21 18:05:00,18,4,7,11,5,20,6,19,329,84.0,7,51,0.1373,0.2632,81.9,27.7,63.7,1015.3,0.0,9.3,5.8,216.7,SW,8.98,7.67,9.22
661611,2022-05-22,2022,LAD,2022-05-22 13:35:00,13,4,3,7,3,26,8,14,319,80.2,3,45,0.0667,0.2143,86.1,30.0,60.0,1014.3,1.2,15.8,9.8,211.0,SW,15.59,13.86,15.45
661613,2022-05-30,2022,SF,2022-05-30 16:05:00,16,4,5,9,6,19,2,11,284,81.2,7,50,0.14,0.5455,84.7,29.3,51.3,1016.5,0.0,15.8,9.8,213.7,SW,15.47,13.49,15.58
661618,2022-05-31,2022,SF,2022-05-31 18:45:00,18,4,7,11,1,21,13,21,403,79.0,6,64,0.0938,0.0476,82.7,28.2,59.0,1012.5,0.0,7.3,4.6,264.2,W,3.48,1.06,5.48
661612,2022-06-01,2022,SF,2022-06-01 18:05:00,18,6,5,11,3,15,1,15,276,85.0,2,52,0.0385,0.2,73.9,23.3,76.0,1009.4,0.0,14.3,8.9,121.0,SE,2.12,6.83,-2.84
661642,2022-06-03,2022,LAA,2022-06-03 19:05:00,19,10,0,10,5,12,4,15,260,85.4,4,54,0.0741,0.3333,70.9,21.6,63.0,1009.6,0.0,6.3,3.9,277.5,W,1.62,-0.54,3.6
661615,2022-06-04,2022,LAA,2022-06-04 19:15:00,19,7,2,9,0,24,9,14,279,80.6,5,39,0.1282,0.0,69.1,20.6,57.0,1010.9,0.0,8.2,5.1,305.6,NW,-1.85,-4.46,0.98
661633,2022-06-05,2022,LAA,2022-06-05 13:35:00,13,9,7,16,2,17,10,17,343,81.6,5,54,0.0926,0.1176,76.9,25.0,27.0,1015.0,0.0,2.6,1.6,42.0,NE,-2.45,-2.01,-2.6
661617,2022-06-10,2022,AZ,2022-06-10 19:05:00,19,7,5,12,4,12,5,19,306,81.5,6,56,0.1071,0.2105,69.9,21.1,59.0,1011.5,0.0,7.3,4.6,235.0,SW,6.18,4.46,7.16
661614,2022-06-11,2022,AZ,2022-06-11 16:05:00,16,4,0,4,1,16,3,15,286,82.4,2,49,0.0408,0.0667,73.2,22.9,50.3,1012.2,0.0,1.7,1.1,267.5,W,0.73,0.15,1.22
661622,2022-06-12,2022,AZ,2022-06-12 13:35:00,13,1,13,14,1,17,16,19,368,79.8,3,54,0.0556,0.0526,77.5,25.3,68.3,1012.2,0.1,14.6,9.1,186.0,S,14.03,14.61,11.76
661629,2022-06-13,2022,MIA,2022-06-13 19:05:00,19,3,2,5,0,16,3,16,261,82.3,3,52,0.0577,0.0,77.2,25.1,76.7,1011.9,0.0,6.4,4.0,228.0,SW,5.78,4.49,6.37
661616,2022-06-14,2022,MIA,2022-06-14 19:05:00,19,9,11,20,6,16,9,25,343,82.8,6,62,0.0968,0.24,73.9,23.3,70.3,1012.6,0.0,6.7,4.2,350.2,N,-5.69,-6.58,-4.12
661583,2022-06-15,2022,MIA,2022-06-15 13:05:00,13,3,1,4,2,14,3,15,255,79.9,2,50,0.04,0.1333,85.5,29.7,36.7,1018.2,0.0,2.1,1.3,200.0,S,2.06,1.97,1.91
661580,2022-06-28,2022,ATL,2022-06-28 19:05:00,19,3,5,8,4,21,5,16,312,84.3,4,47,0.0851,0.25,70.9,21.6,66.0,1021.6,0.0,7.1,4.4,275.4,W,2.1,-0.36,4.3
661584,2022-06-29,2022,ATL,2022-06-29 19:05:00,19,1,4,5,2,18,5,12,274,82.5,4,46,0.087,0.1667,75.2,24.0,66.7,1021.3,0.0,7.8,4.8,201.4,S,7.8,7.38,7.28
661579,2022-06-30,2022,ATL,2022-06-30 18:05:00,18,14,4,18,7,14,6,22,293,82.5,11,59,0.1864,0.3182,80.1,26.7,51.7,1019.4,0.0,9.9,6.2,212.0,SW,9.76,8.62,9.73
661582,2022-07-01,2022,STL,2022-07-01 18:05:00,18,5,3,8,3,18,7,14,307,83.5,5,46,0.1087,0.2143,82.5,28.0,71.0,1014.2,0.0,14.9,9.2,205.7,SW,14.84,13.67,14.23
661581,2022-07-02,2022,STL,2022-07-02 16:05:00,16,6,7,13,5,18,9,21,346,84.6,3,57,0.0526,0.2381,82.8,28.2,72.7,1012.0,1.1,10.0,6.2,242.4,SW,7.67,5.02,9.4
661630,2022-07-03,2022,STL,2022-07-03 19:08:00,19,4,0,4,2,15,3,13,273,81.7,3,48,0.0625,0.1538,76.0,24.4,58.3,1017.0,0.0,7.3,4.5,358.3,N,-6.66,-7.28,-5.24
661578,2022-07-05,2022,WSH,2022-07-05 19:05:00,19,11,0,11,3,12,9,16,308,84.3,5,53,0.0943,0.1875,74.4,23.5,89.7,1011.3,0.2,11.8,7.4,204.0,SW,11.83,11.01,11.22
661564,2022-07-06,2022,WSH,2022-07-06 19:05:00,19,2,3,5,2,20,4,12,273,78.4,3,43,0.0698,0.1667,79.3,26.3,60.3,1012.3,0.1,8.5,5.3,23.0,NE,-8.47,-7.93,-7.98
661566,2022-07-07,2022,WSH,2022-07-07 16:05:00,16,5,3,8,1,22,5,16,284,84.1,2,45,0.0444,0.0625,79.8,26.6,65.7,1013.6,0.0,12.3,7.6,78.7,E,-6.85,-2.94,-9.93
661560,2022-07-22,2022,CHC,2022-07-22 19:05:00,19,2,15,17,6,8,12,25,332,84.4,7,68,0.1029,0.24,82.3,27.9,61.0,1013.0,0.0,8.6,5.3,211.6,SW,8.49,7.51,8.45
661559,2022-07-23,2022,CHC,2022-07-23 18:05:00,18,2,6,8,1,21,4,13,317,81.7,3,49,0.0612,0.0769,87.4,30.8,49.7,1015.6,0.0,11.2,7.0,225.0,SW,10.38,8.28,11.22
661556,2022-07-24,2022,CHC,2022-07-24 12:05:00,12,3,4,7,4,14,4,16,267,81.6,5,54,0.0926,0.25,94.2,34.5,38.3,1015.1,0.0,19.2,11.9,213.7,SW,18.84,16.43,18.97
661555,2022-07-25,2022,ATL,2022-07-25 19:05:00,19,6,4,10,1,19,2,20,284,80.9,3,52,0.0577,0.05,80.4,26.9,83.7,1012.4,0.0,15.5,9.6,229.3,SW,13.83,10.6,15.39
661563,2022-07-26,2022,ATL,2022-07-26 19:05:00,19,3,6,9,4,19,4,15,294,82.9,5,49,0.102,0.2667,75.6,24.2,72.0,1015.2,0.0,9.9,6.1,214.1,SW,9.67,8.41,9.76
661554,2022-07-27,2022,ATL,2022-07-27 12:35:00,12,7,2,9,1,15,5,15,271,80.8,2,50,0.04,0.0667,84.9,29.4,54.3,1012.9,0.1,6.1,3.8,269.3,W,2.39,0.34,4.15
661565,2022-08-04,2022,WSH,2022-08-04 19:05:00,19,5,4,9,2,5,0,18,150,83.5,0,39,0.0,0.1111,81.8,27.7,64.0,1018.1,0.6,13.3,8.3,271.3,W,4.82,0.28,8.78
661562,2022-08-05,2022,WSH,2022-08-05 19:05:00,19,7,2,9,5,9,5,12,247,83.9,4,52,0.0769,0.4167,76.7,24.8,90.0,1021.2,10.2,8.2,5.1,216.3,SW,7.93,6.79,8.12
661561,2022-08-06,2022,WSH,2022-08-06 18:05:00,18,11,5,16,4,13,8,26,360,85.3,6,63,0.0952,0.1538,81.0,27.2,81.3,1021.3,0.0,8.6,5.4,186.2,S,8.29,8.62,6.96
661558,2022-08-07,2022,WSH,2022-08-07 13:35:00,13,13,1,14,4,14,9,20,290,81.8,4,56,0.0714,0.2,91.0,32.8,47.7,1019.5,0.0,21.7,13.5,221.7,SW,20.47,16.8,21.66
661553,2022-08-09,2022,MIA,2022-08-09 19:05:00,19,4,1,5,3,18,6,13,267,84.1,6,43,0.1395,0.2308,82.6,28.1,78.0,1014.3,0.2,12.4,7.7,243.7,SW,9.36,6.0,11.59
661557,2022-08-10,2022,MIA,2022-08-10 19:05:00,19,4,3,7,0,10,3,17,224,83.7,4,54,0.0741,0.0,76.9,25.0,90.0,1015.1,4.9,13.0,8.1,210.4,SW,12.91,11.52,12.74
661608,2022-08-11,2022,MIA,2022-08-11 13:05:00,13,0,3,3,0,21,6,14,293,80.1,2,46,0.0435,0.0,88.6,31.4,41.0,1010.6,0.0,8.3,5.2,295.0,NW,-0.36,-3.19,2.51
661607,2022-08-19,2022,NYM,2022-08-19 19:05:00,19,2,7,9,1,20,5,20,312,81.9,2,54,0.037,0.05,79.1,26.2,60.7,1018.5,0.0,11.1,6.9,203.5,SW,11.13,10.4,10.53
661606,2022-08-20,2022,NYM,2022-08-20 19:15:00,19,4,1,5,0,16,7,14,307,82.6,2,49,0.0408,0.0,77.2,25.1,63.3,1019.9,0.0,8.3,5.2,191.7,S,8.15,8.19,7.13
661628,2022-08-20,2022,NYM,2022-05-06 19:05:00,19,2,8,10,0,17,10,17,331,81.6,1,52,0.0192,0.0,49.8,9.9,89.3,1008.9,6.9,18.0,11.2,60.3,NE,-14.22,-9.58,-17.14
661602,2022-08-21,2022,NYM,2022-08-21 13:35:00,13,9,10,19,6,16,10,30,399,82.6,7,67,0.1045,0.2,87.1,30.6,46.3,1016.9,0.1,12.0,7.5,168.3,S,9.93,11.64,7.03
661601,2022-08-22,2022,CIN,2022-08-22 19:05:00,19,4,1,5,3,17,4,11,248,82.2,6,44,0.1364,0.2727,71.6,22.0,94.3,1009.9,0.0,5.0,3.1,336.3,NW,-3.46,-4.48,-2.01
661600,2022-08-23,2022,CIN,2022-08-23 19:05:00,19,7,6,13,1,19,7,18,289,82.6,4,51,0.0784,0.0556,76.2,24.6,69.7,1011.7,0.0,7.8,4.8,256.2,W,4.59,2.18,6.46
661605,2022-08-24,2022,CIN,2022-08-24 19:05:00,19,7,5,12,3,12,7,26,307,82.2,5,63,0.0794,0.1154,74.0,23.3,70.3,1015.2,0.0,7.2,4.5,285.3,W,0.9,-1.59,3.29
661604,2022-08-25,2022,CIN,2022-08-25 19:05:00,19,4,0,4,1,19,2,12,228,78.2,1,43,0.0233,0.0833,77.6,25.3,65.7,1016.0,0.0,7.0,4.4,232.0,SW,6.12,4.57,6.94
661603,2022-08-26,2022,PIT,2022-08-26 19:05:00,19,7,4,11,3,12,1,18,267,85.1,1,56,0.0179,0.1667,78.0,25.5,77.7,1012.9,0.0,9.0,5.6,239.3,SW,7.23,4.95,8.65
661599,2022-08-27,2022,PIT,2022-08-27 18:05:00,18,6,0,6,1,24,7,13,282,80.0,1,38,0.0263,0.0769,78.3,25.7,77.7,1015.6,0.1,11.4,7.1,144.6,SE,6.07,9.02,2.39
661598,2022-08-28,2022,PIT,2022-08-28 13:35:00,13,0,5,5,0,14,4,13,271,80.3,1,52,0.0192,0.0,85.2,29.6,58.0,1018.6,0.0,7.9,4.9,139.3,SE,3.57,5.76,0.94
661597,2022-09-06,2022,MIA,2022-09-06 18:45:00,18,3,2,5,1,23,8,12,264,82.4,5,37,0.1351,0.0833,71.5,21.9,79.3,1013.9,0.0,11.6,7.2,39.0,NE,-11.15,-9.35,-11.61
661596,2022-09-07,2022,MIA,2022-09-07 18:45:00,18,4,3,7,3,18,1,18,260,81.9,2,49,0.0408,0.1667,70.0,21.1,83.0,1013.5,0.1,10.2,6.4,38.9,NE,-9.82,-8.23,-10.21
661595,2022-09-08,2022,MIA,2022-09-08 18:45:00,18,5,6,11,3,15,3,21,278,83.9,4,58,0.069,0.1429,71.4,21.9,63.0,1011.5,0.0,7.8,4.8,92.1,E,-2.72,-0.05,-5.06
661594,2022-09-09,2022,WSH,2022-09-09 19:05:00,19,5,3,8,3,8,0,23,218,84.4,9,61,0.1475,0.1304,68.6,20.3,70.7,1020.0,0.0,8.2,5.1,142.7,SE,4.11,6.28,1.45
661593,2022-09-10,2022,WSH,2022-09-10 18:05:00,18,8,5,13,5,9,8,20,292,85.5,4,62,0.0645,0.25,73.2,22.9,68.0,1022.2,0.0,5.1,3.1,186.8,S,4.88,5.05,4.12
661592,2022-09-11,2022,WSH,2022-09-11 13:05:00,13,7,5,12,2,14,8,21,328,82.0,2,57,0.0351,0.0952,68.8,20.4,90.3,1017.6,5.8,10.9,6.8,68.3,E,-7.57,-4.45,-9.78
661591,2022-09-20,2022,TOR,2022-09-20 18:45:00,18,11,18,29,5,16,6,36,338,84.0,7,75,0.0933,0.1389,73.5,23.0,55.0,1013.1,0.0,8.7,5.4,311.5,NW,-2.84,-5.49,0.16
661588,2022-09-21,2022,TOR,2022-09-21 18:45:00,18,4,3,7,2,19,11,19,347,80.4,2,56,0.0357,0.1053,73.8,23.2,62.0,1010.5,0.0,10.6,6.6,204.0,SW,10.6,9.86,10.05
661609,2022-09-22,2022,ATL,2022-09-22 19:15:00,19,1,0,1,0,21,4,12,268,80.6,1,42,0.0238,0.0,63.9,17.7,53.0,1007.7,0.0,20.8,12.9,330.7,NW,-12.83,-17.64,-6.47
661587,2022-09-23,2022,ATL,2022-09-23 19:05:00,19,9,1,10,1,21,11,16,312,79.4,3,45,0.0667,0.0625,56.3,13.5,47.0,1017.2,0.0,14.7,9.1,336.7,NW,-10.22,-13.2,-6.01
661586,2022-09-24,2022,ATL,2022-09-24 16:05:00,16,3,6,9,3,19,4,17,320,82.9,3,52,0.0577,0.1765,65.8,18.8,44.0,1013.0,0.0,9.9,6.1,256.3,W,5.82,2.75,8.2
661585,2022-09-25,2022,ATL,2022-09-25 13:05:00,13,7,8,15,3,29,10,21,369,82.1,6,55,0.1091,0.1429,76.7,24.8,50.7,1003.7,0.2,19.7,12.2,221.3,SW,18.61,15.32,19.66
718685,2023-04-07,2023,CIN,2023-04-06 15:05:00,15,5,2,7,2,19,9,16,317,83.9,3,46,0.0652,0.125,75.1,24.0,65.3,1018.6,2.7,15.8,9.8,265.8,W,7.11,1.84,11.52
718668,2023-04-08,2023,CIN,2023-04-08 16:05:00,16,3,2,5,1,20,5,14,294,79.5,3,46,0.0652,0.0714,50.1,10.1,38.0,1029.8,0.0,3.5,2.2,133.4,SE,1.25,2.29,0.05
718652,2023-04-09,2023,CIN,2023-04-09 13:05:00,13,4,6,10,1,21,12,13,323,80.1,4,41,0.0976,0.0769,57.9,14.4,31.0,1031.4,0.0,7.3,4.5,48.3,NE,-6.54,-5.06,-7.23
718633,2023-04-10,2023,MIA,2023-04-10 18:40:00,18,15,3,18,4,13,6,29,282,83.6,5,66,0.0758,0.1379,54.7,12.6,45.3,1027.2,0.0,14.2,8.8,210.7,SW,14.02,12.49,13.87
718619,2023-04-11,2023,MIA,2023-04-11 18:40:00,18,4,8,12,3,19,7,25,324,83.3,3,56,0.0536,0.12,63.7,17.6,40.0,1016.6,0.0,18.1,11.2,230.7,SW,15.96,12.07,17.92
718609,2023-04-12,2023,MIA,2023-04-12 16:05:00,16,2,3,5,1,24,5,16,298,82.5,5,50,0.1,0.0625,78.7,26.0,35.0,1010.2,0.0,13.0,8.1,259.3,W,7.11,2.96,10.41
718498,2023-04-20,2023,COL,2023-04-20 18:40:00,18,0,5,5,1,26,9,13,302,80.2,1,41,0.0244,0.0769,62.9,17.2,56.3,1019.0,0.0,10.6,6.6,133.3,SE,3.76,6.91,0.15
718493,2023-04-21,2023,COL,2023-04-21 19:05:00,19,4,3,7,2,11,7,13,275,82.2,3,51,0.0588,0.1538,62.2,16.8,77.3,1013.8,0.0,13.8,8.6,80.7,E,-7.28,-2.83,-10.85
718475,2023-04-22,2023,COL,2023-04-22 15:05:00,15,4,3,7,3,21,3,16,268,85.2,4,46,0.087,0.1875,71.8,22.1,61.0,1007.8,0.2,29.1,18.1,165.0,S,23.11,27.78,15.65
718458,2023-04-23,2023,COL,2023-04-23 12:05:00,12,9,3,12,4,20,8,15,314,81.2,4,44,0.0909,0.2667,67.1,19.5,33.7,1011.1,0.0,18.3,11.4,278.0,W,4.6,-1.75,10.39
718430,2023-04-25,2023,SEA,2023-04-25 18:40:00,18,3,5,8,3,16,2,18,287,83.7,6,54,0.1111,0.1667,52.2,11.2,48.0,1021.8,0.0,7.3,4.6,242.7,SW,5.6,3.64,6.88
718415,2023-04-26,2023,SEA,2023-04-26 18:40:00,18,6,5,11,3,22,3,20,291,82.5,3,49,0.0612,0.15,54.1,12.3,68.7,1021.7,0.3,6.7,4.1,222.1,SW,6.28,5.14,6.67
718404,2023-04-27,2023,SEA,2023-04-27 13:05:00,13,1,0,1,0,16,3,7,208,81.3,0,39,0.0,0.0,61.3,16.3,64.3,1020.8,0.4,11.0,6.8,134.7,SE,4.14,7.36,0.42
718301,2023-05-05,2023,BOS,2023-05-05 19:05:00,19,3,5,8,0,22,3,16,302,77.9,1,49,0.0204,0.0,51.9,11.0,88.0,1023.5,0.0,8.8,5.4,180.4,S,8.12,8.76,6.51
718284,2023-05-06,2023,BOS,2023-05-06 19:15:00,19,4,7,11,2,12,6,20,298,82.7,4,61,0.0656,0.1,58.9,14.9,60.3,1021.0,0.0,9.1,5.7,252.6,W,5.86,3.11,7.9
718270,2023-05-07,2023,BOS,2023-05-07 13:35:00,13,6,1,7,2,14,3,14,254,81.6,4,47,0.0851,0.1429,74.7,23.7,45.0,1013.8,0.0,14.4,9.0,227.0,SW,13.13,10.29,14.39
718244,2023-05-09,2023,TOR,2023-05-09 18:40:00,18,8,4,12,2,16,9,16,314,81.2,2,50,0.04,0.125,61.2,16.2,51.0,1014.9,0.0,8.1,5.0,219.4,SW,7.75,6.48,8.09
718233,2023-05-10,2023,TOR,2023-05-10 16:05:00,16,2,1,3,1,25,5,11,330,79.5,0,45,0.0,0.0909,70.6,21.5,39.7,1018.9,0.0,2.2,1.4,298.7,NW,-0.24,-0.97,0.53
718116,2023-05-19,2023,CHC,2023-05-19 19:05:00,19,1,10,11,1,20,10,16,334,82.8,3,51,0.0588,0.0625,61.3,16.3,70.3,1023.4,0.0,11.3,7.0,147.0,SE,6.42,9.23,2.84
718097,2023-05-20,2023,CHC,2023-05-20 16:05:00,16,12,3,15,4,21,8,19,305,83.9,7,48,0.1458,0.2105,67.9,19.9,86.0,1012.0,0.0,8.5,5.3,217.1,SW,8.19,6.97,8.43
718088,2023-05-21,2023,CHC,2023-05-21 13:35:00,13,2,1,3,2,17,8,10,296,82.0,2,41,0.0488,0.2,73.3,22.9,38.3,1013.9,0.0,18.8,11.7,338.6,N,-13.55,-17.19,-8.28
718073,2023-05-22,2023,AZ,2023-05-22 18:40:00,18,3,6,9,4,18,7,16,317,81.3,5,53,0.0943,0.25,68.7,20.4,53.7,1021.9,0.0,13.5,8.4,132.7,SE,4.66,8.71,0.04
718060,2023-05-23,2023,AZ,2023-05-23 18:40:00,18,3,4,7,1,15,5,16,296,82.5,4,53,0.0755,0.0625,63.9,17.7,50.0,1023.5,0.0,12.3,7.6,107.0,E,-1.18,3.07,-5.28
718043,2023-05-24,2023,AZ,2023-05-24 13:05:00,13,6,5,11,2,19,12,17,363,82.5,2,54,0.037,0.1176,80.4,26.9,34.0,1014.2,0.0,10.6,6.6,172.0,S,9.1,10.39,6.72
717886,2023-06-05,2023,DET,2023-06-05 18:40:00,18,8,3,11,3,21,11,14,322,83.3,7,41,0.1707,0.2143,73.5,23.0,28.3,1009.3,0.0,12.0,7.5,333.3,NW,-7.84,-10.48,-4.27
717875,2023-06-06,2023,DET,2023-06-06 18:40:00,18,1,0,1,1,22,3,6,246,84.5,3,35,0.0857,0.1667,72.6,22.6,42.0,1003.1,0.0,9.4,5.8,296.9,NW,-0.72,-3.88,2.53
717862,2023-06-08,2023,DET,2023-06-07 18:05:00,18,3,2,5,0,18,6,11,295,81.0,2,45,0.0444,0.0,69.9,21.1,29.7,1003.3,0.0,11.2,7.0,356.6,N,-10.11,-11.17,-7.82
717837,2023-06-09,2023,LAD,2023-06-09 19:05:00,19,5,4,9,3,21,6,15,320,83.0,4,47,0.0851,0.2,66.3,19.0,52.0,1007.9,0.9,15.3,9.5,302.3,NW,-2.62,-7.63,2.71
717811,2023-06-10,2023,LAD,2023-06-10 16:05:00,16,0,9,9,2,19,6,15,298,82.3,4,49,0.0816,0.1333,82.8,28.2,27.7,1007.5,0.0,15.5,9.6,268.3,W,6.35,1.13,10.8
717806,2023-06-11,2023,LAD,2023-06-11 13:35:00,13,7,3,10,3,19,8,18,317,84.9,5,48,0.1042,0.1667,87.0,30.6,30.3,1009.0,0.0,17.3,10.7,207.3,SW,17.21,15.67,16.67
717689,2023-06-20,2023,ATL,2023-06-20 18:40:00,18,2,4,6,2,21,4,21,296,83.9,4,52,0.0769,0.0952,72.5,22.5,61.3,1020.5,0.0,14.6,9.1,81.0,E,-7.65,-2.92,-11.45
717657,2023-06-22,2023,ATL,2023-06-22 13:05:00,13,1,5,6,1,21,7,10,323,83.0,2,49,0.0408,0.1,71.8,22.1,63.3,1019.0,0.0,19.3,12.0,68.3,E,-13.45,-7.9,-17.37
717656,2023-06-23,2023,NYM,2023-06-23 19:05:00,19,5,1,6,1,17,8,11,283,82.5,1,44,0.0227,0.0909,69.7,20.9,96.7,1012.3,0.8,4.5,2.8,127.1,SE,1.14,2.57,-0.43
717635,2023-06-24,2023,NYM,2023-06-24 16:05:00,16,2,4,6,2,18,4,18,281,86.5,3,48,0.0625,0.1111,79.5,26.4,70.0,1008.3,1.2,11.6,7.2,220.7,SW,10.99,9.09,11.56
717624,2023-06-25,2023,NYM,2023-06-25 13:35:00,13,7,6,13,3,23,10,18,343,82.4,5,46,0.1087,0.1667,81.0,27.2,65.7,1008.7,1.3,9.2,5.7,221.9,SW,8.65,7.09,9.17
717563,2023-06-30,2023,WSH,2023-06-30 18:05:00,18,1,2,3,1,23,2,16,282,81.3,1,45,0.0222,0.0625,78.9,26.0,49.7,1015.8,0.0,11.7,7.2,181.6,S,10.9,11.67,8.82
717543,2023-07-01,2023,WSH,2023-07-01 16:05:00,16,19,4,23,5,13,5,28,308,79.4,6,66,0.0909,0.1786,82.8,28.2,50.3,1013.2,0.0,16.9,10.5,158.7,S,12.21,15.49,7.47
717528,2023-07-02,2023,WSH,2023-07-02 13:35:00,13,4,5,9,4,9,8,18,271,87.1,4,57,0.0702,0.2222,89.8,32.1,54.7,1009.7,0.0,14.5,9.0,219.3,SW,13.85,11.58,14.44
717418,2023-07-14,2023,SD,2023-07-14 18:05:00,18,3,8,11,5,19,9,18,327,83.4,5,52,0.0962,0.2778,80.6,27.0,75.0,1011.8,0.0,11.1,6.9,185.1,S,10.63,11.12,8.85
717397,2023-07-15,2023,SD,2023-07-15 19:05:00,19,9,4,13,2,11,11,17,323,82.5,5,54,0.0926,0.1176,81.6,27.6,82.0,1011.2,0.0,8.3,5.2,133.6,SE,2.98,5.45,0.15
717408,2023-07-15,2023,SD,2023-07-15 13:05:00,13,6,4,10,3,18,10,19,310,79.5,4,51,0.0784,0.1579,90.1,32.3,53.3,1011.7,0.1,11.3,7.0,193.7,S,11.17,11.09,9.9
717387,2023-07-16,2023,SD,2023-07-16 13:35:00,13,7,6,13,4,21,5,17,347,80.5,5,65,0.0769,0.2353,78.9,26.1,83.3,1008.4,1.7,7.4,4.6,208.3,SW,7.33,6.63,7.14
717363,2023-07-18,2023,MIL,2023-07-18 18:40:00,18,4,3,7,1,14,2,16,249,84.1,2,54,0.037,0.0625,82.8,28.2,54.0,1012.9,0.0,6.3,3.9,277.1,W,1.67,-0.5,3.63
717347,2023-07-19,2023,MIL,2023-07-19 18:40:00,18,3,5,8,1,15,3,17,287,83.1,0,56,0.0,0.0588,76.5,24.7,81.0,1015.2,0.2,8.1,5.0,187.8,S,7.84,8.06,6.66
717329,2023-07-20,2023,MIL,2023-07-20 12:35:00,12,0,4,4,1,22,5,10,266,80.7,0,40,0.0,0.1,85.6,29.8,52.7,1014.1,0.1,2.8,1.7,162.8,S,2.13,2.61,1.4
717280,2023-07-24,2023,BAL,2023-07-24 18:40:00,18,2,3,5,2,14,5,12,268,82.6,2,51,0.0392,0.1667,76.1,24.5,75.3,1017.6,0.4,9.5,5.9,194.1,S,9.36,9.27,8.33
717267,2023-07-25,2023,BAL,2023-07-25 18:40:00,18,4,3,7,2,16,5,16,286,82.4,4,52,0.0769,0.125,74.2,23.4,85.3,1017.7,1.3,6.6,4.1,336.5,NW,-4.61,-5.96,-2.7
717245,2023-07-26,2023,BAL,2023-07-26 18:05:00,18,6,4,10,2,16,4,17,239,85.1,1,49,0.0204,0.1176,83.8,28.8,52.0,1016.9,0.0,11.7,7.3,192.0,S,11.5,11.54,10.08
717140,2023-08-04,2023,KC,2023-08-04 19:05:00,19,5,7,12,3,15,4,20,311,83.0,4,58,0.069,0.15,73.3,22.9,84.0,1013.4,0.0,10.6,6.6,174.7,S,9.34,10.47,7.09
717123,2023-08-05,2023,KC,2023-08-05 18:05:00,18,9,6,15,5,16,6,19,273,81.8,6,51,0.1176,0.2632,82.0,27.8,41.3,1013.8,0.0,8.5,5.3,7.4,N,-8.17,-8.44,-6.92
717113,2023-08-06,2023,KC,2023-08-06 13:35:00,13,8,4,12,4,10,1,19,225,85.1,5,59,0.0847,0.2105,90.4,32.4,32.7,1013.7,0.0,6.8,4.2,225.2,SW,6.24,4.97,6.76
717082,2023-08-08,2023,WSH,2023-08-08 16:05:00,16,8,4,12,6,18,2,21,288,81.3,6,54,0.1111,0.2857,84.5,29.2,35.0,1003.9,0.0,21.6,13.4,293.0,NW,-0.19,-7.58,7.22
717096,2023-08-08,2023,WSH,2023-08-07 18:40:00,18,4,5,9,4,20,8,16,328,81.5,5,51,0.098,0.25,79.7,26.5,77.3,1007.1,1.0,17.3,10.7,199.1,S,17.27,16.58,15.87
717066,2023-08-09,2023,WSH,2023-08-09 18:40:00,18,7,0,7,3,14,6,8,260,83.5,6,43,0.1395,0.375,79.6,26.4,53.0,1008.5,0.0,8.1,5.1,261.7,W,4.17,1.53,6.31
717049,2023-08-10,2023,WSH,2023-08-10 18:40:00,18,6,2,8,3,17,10,16,311,82.0,3,51,0.0588,0.1875,72.6,22.5,91.7,1002.9,0.3,11.6,7.2,268.3,W,4.76,0.86,8.09
717044,2023-08-11,2023,MIN,2023-08-11 19:05:00,19,13,2,15,5,17,10,22,325,84.1,4,53,0.0755,0.2273,75.5,24.2,60.3,1010.6,0.0,8.0,5.0,250.7,W,5.34,2.98,7.05
717028,2023-08-12,2023,MIN,2023-08-12 18:05:00,18,1,8,9,4,19,8,20,326,81.8,5,54,0.0926,0.2,81.6,27.5,64.7,1009.9,0.0,9.2,5.7,201.4,S,9.2,8.7,8.58
717009,2023-08-13,2023,MIN,2023-08-13 13:35:00,13,0,3,3,1,19,7,15,263,84.3,3,47,0.0638,0.0667,89.5,32.0,40.7,1011.5,0.0,15.5,9.7,291.0,W,0.41,-4.93,5.69
716911,2023-08-21,2023,SF,2023-08-21 18:40:00,18,10,4,14,6,16,5,26,279,83.9,7,54,0.1296,0.2308,84.9,29.4,56.7,1015.6,0.0,7.0,4.4,338.3,N,-5.04,-6.42,-3.06
716899,2023-08-22,2023,SF,2023-08-22 18:40:00,18,4,3,7,1,23,7,17,314,82.9,3,44,0.0682,0.0588,74.8,23.8,41.0,1018.4,0.0,10.0,6.2,15.0,N,-9.88,-9.73,-8.84
716879,2023-08-23,2023,SF,2023-08-23 16:05:00,16,6,8,14,5,19,10,24,374,84.3,6,63,0.0952,0.2083,81.1,27.3,28.0,1016.6,0.0,6.6,4.1,101.6,E,-1.24,1.05,-3.39
716861,2023-08-25,2023,STL,2023-08-25 19:05:00,19,7,2,9,3,15,0,16,256,84.9,5,53,0.0943,0.1875,79.8,26.6,73.3,1009.7,0.0,5.2,3.2,47.8,NE,-4.67,-3.63,-5.14
716847,2023-08-26,2023,STL,2023-08-26 19:15:00,19,12,1,13,4,14,7,15,264,84.1,3,49,0.0612,0.2667,79.0,26.1,59.0,1010.6,0.0,10.3,6.4,350.3,N,-8.75,-10.1,-6.34
716835,2023-08-27,2023,STL,2023-08-27 13:35:00,13,3,0,3,1,18,4,13,271,82.0,2,45,0.0444,0.0769,87.2,30.7,39.3,1011.5,0.1,6.9,4.3,24.7,NE,-6.86,-6.36,-6.54
716817,2023-08-28,2023,LAA,2023-08-28 18:40:00,18,6,4,10,3,14,8,18,280,85.7,5,55,0.0909,0.1667,74.2,23.5,72.0,1015.1,0.0,10.8,6.7,92.2,E,-3.74,-0.05,-6.98
716806,2023-08-29,2023,LAA,2023-08-29 18:40:00,18,12,7,19,8,12,6,24,281,83.8,9,62,0.1452,0.3333,78.0,25.5,69.7,1010.0,0.0,7.3,4.5,115.3,SE,0.36,2.83,-2.15
716787,2023-08-30,2023,LAA,2023-08-30 13:05:00,13,8,10,18,4,19,9,23,322,82.3,5,56,0.0893,0.1739,88.9,31.6,33.0,1005.2,0.0,18.6,11.6,292.3,W,0.05,-6.32,6.42
716679,2023-09-08,2023,MIA,2023-09-08 19:05:00,19,2,3,5,3,16,7,12,291,84.3,3,49,0.0612,0.25,74.2,23.5,90.3,1015.4,6.9,9.2,5.7,73.4,E,-5.82,-3.02,-7.92
716653,2023-09-09,2023,MIA,2023-09-09 18:05:00,18,8,4,12,2,18,5,17,324,83.4,4,49,0.0816,0.1176,74.9,23.8,84.0,1018.1,4.7,8.5,5.3,112.9,SE,0.06,2.98,-2.86
716643,2023-09-10,2023,MIA,2023-09-10 13:05:00,13,4,5,9,3,27,11,13,328,81.0,3,39,0.0769,0.2308,76.0,24.4,81.7,1017.1,1.6,4.8,3.0,81.7,E,-2.48,-0.91,-3.75
716590,2023-09-11,2023,ATL,2023-09-11 18:40:00,18,7,5,12,4,20,5,15,294,81.1,6,48,0.125,0.2667,74.5,23.6,85.0,1015.3,0.0,4.5,2.8,300.5,NW,-0.63,-2.13,0.94
717664,2023-09-11,2023,ATL,2023-06-21 18:40:00,18,8,10,18,4,22,9,19,323,82.7,5,56,0.0893,0.2105,61.5,16.4,82.3,1021.4,2.7,21.0,13.1,64.7,NE,-15.59,-9.82,-19.48
716618,2023-09-12,2023,ATL,2023-09-12 18:40:00,18,6,7,13,7,21,10,22,376,83.0,3,59,0.0508,0.3182,76.8,24.9,61.7,1013.3,0.0,8.2,5.1,183.9,S,7.77,8.2,6.41
716603,2023-09-13,2023,ATL,2023-09-13 18:40:00,18,1,4,5,1,23,3,14,257,83.9,2,45,0.0444,0.0714,73.8,23.2,62.0,1012.9,0.0,7.6,4.7,328.7,NW,-4.47,-6.29,-2.11
716490,2023-09-21,2023,NYM,2023-09-21 19:15:00,19,5,4,9,3,23,6,15,293,78.8,2,44,0.0455,0.2,61.8,16.6,61.3,1024.7,0.0,8.0,5.0,57.6,NE,-6.57,-4.6,-7.76
716481,2023-09-22,2023,NYM,2023-09-22 19:05:00,19,5,4,9,3,16,7,17,332,81.7,5,56,0.0893,0.1765,63.6,17.6,63.0,1023.9,0.0,18.3,11.4,57.3,NE,-14.99,-10.52,-17.66
716466,2023-09-23,2023,NYM,2023-09-23 16:05:00,16,7,5,12,2,20,2,20,261,82.6,2,50,0.04,0.1,62.4,16.9,84.7,1013.3,0.0,28.9,18.0,48.3,NE,-26.04,-20.16,-28.78
716454,2023-09-24,2023,NYM,2023-09-24 18:05:00,18,5,2,7,2,23,4,9,266,82.3,2,35,0.0571,0.2222,66.6,19.2,92.7,1012.4,0.4,5.0,3.1,261.3,W,2.58,0.97,3.87
716432,2023-09-26,2023,PIT,2023-09-26 18:40:00,18,3,2,5,3,24,4,10,299,83.6,4,43,0.093,0.3,59.7,15.4,81.7,1026.6,0.0,14.3,8.9,45.7,NE,-13.12,-10.41,-14.24
716415,2023-09-27,2023,PIT,2023-09-27 18:40:00,18,7,6,13,3,25,8,19,306,81.8,2,43,0.0465,0.1579,57.4,14.1,67.3,1024.9,0.0,8.4,5.2,74.0,E,-5.21,-2.65,-7.13
716409,2023-09-28,2023,PIT,2023-09-28 18:05:00,18,2,3,5,1,18,5,16,305,83.1,3,52,0.0577,0.0625,62.1,16.7,80.7,1022.0,0.0,14.5,9.0,41.7,NE,-13.7,-11.24,-14.5
745604,2024-03-29,2024,ATL,2024-03-28 15:05:00,15,3,9,12,1,25,8,18,319,83.1,1,47,0.0213,0.0556,50.2,10.1,86.7,1011.3,1.2,12.2,7.6,331.0,NW,-7.59,-10.4,-3.87
745599,2024-03-30,2024,ATL,2024-03-30 16:05:00,16,4,12,16,5,9,8,26,307,82.0,2,65,0.0308,0.1923,55.5,13.0,58.0,1007.9,0.0,8.7,5.4,225.3,SW,8.05,6.4,8.72
745602,2024-03-31,2024,ATL,2024-03-31 13:35:00,13,5,4,9,2,23,4,16,275,82.1,3,41,0.0732,0.125,62.3,16.8,42.0,1012.7,0.0,15.6,9.7,291.0,W,0.41,-4.95,5.72
745600,2024-04-01,2024,CIN,2024-04-01 18:40:00,18,3,6,9,1,27,9,15,341,80.4,1,45,0.0222,0.0667,52.2,11.2,78.7,1014.1,0.0,4.2,2.6,71.2,E,-2.77,-1.52,-3.68
745598,2024-04-02,2024,CIN,2024-04-02 18:40:00,18,9,4,13,4,17,3,17,292,83.8,3,55,0.0545,0.2353,45.8,7.7,92.3,1008.9,0.9,18.0,11.2,62.0,NE,-13.92,-9.15,-17.0
745603,2024-04-03,2024,CIN,2024-04-03 16:05:00,16,1,4,5,1,25,5,13,289,82.5,3,41,0.0732,0.0769,48.9,9.4,95.7,991.2,9.9,24.4,15.2,66.0,NE,-17.7,-10.89,-22.38
745601,2024-04-11,2024,PIT,2024-04-11 18:40:00,18,5,1,6,3,24,2,14,260,80.1,3,41,0.0732,0.2143,63.7,17.6,87.0,1005.1,0.3,27.1,16.8,158.0,S,19.33,24.66,11.67
745596,2024-04-12,2024,PIT,2024-04-12 18:40:00,18,2,5,7,0,15,8,16,304,82.3,1,55,0.0182,0.0,57.7,14.3,56.7,999.7,0.0,22.2,13.8,232.3,SW,19.26,14.32,21.87
745594,2024-04-13,2024,PIT,2024-04-13 16:05:00,16,4,3,7,2,19,12,14,323,79.0,4,46,0.087,0.1429,57.6,14.2,40.0,1008.0,0.0,26.9,16.7,293.7,NW,-0.55,-9.73,8.69
745595,2024-04-14,2024,PIT,2024-04-14 13:35:00,13,2,9,11,4,21,6,18,294,86.2,1,50,0.02,0.2222,73.1,22.8,33.0,1007.5,0.0,29.1,18.1,212.3,SW,28.64,25.21,28.61
745597,2024-04-15,2024,COL,2024-04-15 18:40:00,18,2,1,3,1,14,5,11,262,79.6,1,53,0.0189,0.0909,67.4,19.7,70.7,1010.9,0.0,5.9,3.7,238.3,SW,4.81,3.33,5.71
745593,2024-04-16,2024,COL,2024-04-16 18:40:00,18,5,0,5,2,16,2,14,245,78.3,2,45,0.0444,0.1429,63.9,17.7,56.3,1019.7,0.0,5.9,3.7,121.5,SE,0.92,2.86,-1.13
745591,2024-04-17,2024,COL,2024-04-17 18:05:00,18,7,6,13,3,23,6,24,307,82.3,3,51,0.0588,0.125,58.3,14.6,83.3,1014.4,0.0,13.7,8.5,84.0,E,-6.54,-2.02,-10.28
745592,2024-04-19,2024,CWS,2024-04-19 18:40:00,18,7,0,7,3,15,5,9,269,83.6,4,44,0.0909,0.3333,54.3,12.4,87.0,1016.5,0.1,6.9,4.3,178.3,S,6.26,6.85,4.93
745590,2024-04-20,2024,CWS,2024-04-20 18:05:00,18,9,5,14,1,15,11,19,328,81.0,1,55,0.0182,0.0526,59.9,15.5,36.7,1012.2,0.0,18.3,11.4,316.7,NW,-7.5,-12.77,-1.33
745588,2024-04-21,2024,CWS,2024-04-21 13:35:00,13,8,2,10,2,15,8,15,273,83.0,3,51,0.0588,0.1333,54.6,12.5,38.0,1014.6,0.0,17.9,11.1,275.3,W,5.27,-0.88,10.79
745589,2024-05-03,2024,SF,2024-05-03 18:40:00,18,4,3,7,0,21,8,14,320,83.4,3,45,0.0667,0.0,55.2,12.9,67.3,1021.7,0.0,14.0,8.7,104.0,E,-2.06,2.78,-6.66
745583,2024-05-04,2024,SF,2024-05-04 18:05:00,18,14,3,17,2,12,13,22,327,81.1,2,59,0.0339,0.0909,51.4,10.8,86.0,1024.9,0.5,12.9,8.0,91.0,E,-4.72,-0.34,-8.53
745587,2024-05-05,2024,SF,2024-05-05 19:10:00,19,5,4,9,3,28,4,17,301,85.1,8,40,0.2,0.1765,58.3,14.6,95.3,1019.5,0.0,5.6,3.5,109.0,E,-0.35,1.59,-2.24
745585,2024-05-06,2024,SF,2024-05-06 16:05:00,16,6,1,7,2,20,5,15,269,80.7,2,46,0.0435,0.1333,73.9,23.3,70.7,1011.5,0.1,3.7,2.3,268.0,W,1.55,0.29,2.62
745586,2024-05-07,2024,TOR,2024-05-07 18:40:00,18,10,1,11,2,15,6,17,277,82.4,3,48,0.0625,0.1176,70.1,21.2,67.3,1006.0,0.0,13.7,8.5,200.7,S,13.66,12.99,12.69
745584,2024-05-08,2024,TOR,2024-05-08 13:05:00,13,3,5,8,0,16,4,19,306,80.7,2,57,0.0351,0.0,86.4,30.2,40.3,1000.6,0.0,19.8,12.3,266.0,W,8.86,2.25,14.39
745582,2024-05-15,2024,NYM,2024-05-15 18:40:00,18,10,5,15,2,6,8,19,272,86.0,5,64,0.0781,0.1053,62.7,17.0,78.3,1005.4,0.0,17.9,11.1,22.8,NE,-17.87,-16.76,-16.82
745580,2024-05-16,2024,NYM,2024-05-16 18:40:00,18,5,6,11,1,22,7,17,363,83.4,2,60,0.0333,0.0588,64.9,18.3,77.0,1009.7,0.0,14.5,9.0,19.7,N,-14.52,-13.89,-13.39
745579,2024-05-17,2024,WSH,2024-05-17 18:40:00,18,4,2,6,0,10,4,9,255,83.3,0,49,0.0,0.0,65.4,18.5,76.7,1013.2,0.0,6.2,3.9,156.3,SE,4.29,5.56,2.5
745581,2024-05-18,2024,WSH,2024-05-18 18:05:00,18,4,3,7,2,16,4,18,293,85.8,2,57,0.0351,0.1111,62.7,17.1,93.3,1014.0,0.3,6.3,3.9,105.0,E,-0.83,1.36,-2.91
745577,2024-05-19,2024,WSH,2024-05-19 13:35:00,13,11,5,16,3,13,10,19,312,82.5,4,56,0.0714,0.1579,73.2,22.9,56.0,1014.2,0.0,9.9,6.2,45.3,NE,-9.15,-7.28,-9.92
745578,2024-05-21,2024,TEX,2024-05-21 18:40:00,18,5,2,7,2,20,5,17,273,83.6,4,46,0.087,0.1176,73.3,23.0,66.0,1014.1,0.0,13.6,8.5,204.3,SW,13.59,12.62,12.92
745576,2024-05-22,2024,TEX,2024-05-22 18:40:00,18,11,4,15,5,18,11,15,320,85.2,5,48,0.1042,0.3333,76.9,25.0,66.7,1011.7,0.0,12.0,7.4,182.3,S,11.23,11.97,9.14
745573,2024-05-23,2024,TEX,2024-05-23 13:05:00,13,5,2,7,3,13,5,18,267,82.7,2,54,0.037,0.1667,77.4,25.2,68.7,1011.7,0.0,6.3,3.9,235.7,SW,5.25,3.76,6.1
745574,2024-05-31,2024,STL,2024-05-31 18:40:00,18,4,2,6,3,17,3,10,252,83.1,2,43,0.0465,0.3,68.6,20.3,42.7,1020.7,0.0,8.7,5.4,297.0,NW,-0.68,-3.62,2.34
745575,2024-06-01,2024,STL,2024-06-01 19:15:00,19,6,1,7,1,26,4,12,271,82.0,4,39,0.1026,0.0833,69.8,21.0,39.3,1019.3,0.0,9.7,6.0,230.7,SW,8.52,6.45,9.57
745572,2024-06-02,2024,STL,2024-06-02 19:10:00,19,4,5,9,2,20,5,16,315,81.8,2,59,0.0339,0.125,73.5,23.1,62.0,1014.5,0.0,8.2,5.1,211.5,SW,8.07,7.14,8.02
745569,2024-06-03,2024,MIL,2024-06-03 18:40:00,18,3,1,4,2,9,4,12,243,81.8,4,50,0.08,0.1667,80.2,26.8,51.3,1011.6,0.0,11.9,7.4,98.1,E,-2.95,1.16,-6.71
745568,2024-06-04,2024,MIL,2024-06-04 18:40:00,18,2,1,3,1,18,7,15,309,81.4,3,52,0.0577,0.0667,77.2,25.1,48.7,1013.9,0.0,15.0,9.3,156.3,SE,10.39,13.46,6.06
745570,2024-06-05,2024,MIL,2024-06-05 16:05:00,16,2,0,2,1,13,6,6,264,83.0,4,43,0.093,0.1667,76.2,24.5,79.0,1007.9,1.8,13.9,8.6,181.7,S,12.99,13.9,10.52
745571,2024-06-09,2024,NYM,2024-06-09 10:10:00,10,5,6,11,1,16,11,17,332,81.3,2,51,0.0392,0.0588,78.4,25.8,48.3,1001.7,0.1,23.0,14.3,275.0,W,6.91,-1.01,14.0
745567,2024-06-17,2024,SD,2024-06-17 18:40:00,18,9,2,11,3,9,4,25,266,83.3,4,59,0.0678,0.12,80.7,27.0,57.0,1019.8,0.0,17.6,11.0,169.3,S,14.76,17.17,10.57
745563,2024-06-18,2024,SD,2024-06-18 18:40:00,18,4,3,7,2,21,5,17,298,81.3,2,46,0.0435,0.1176,82.3,28.0,49.3,1023.0,0.0,15.3,9.5,183.0,S,14.39,15.27,11.78
745561,2024-06-19,2024,SD,2024-06-19 13:05:00,13,2,5,7,3,16,3,18,290,80.4,3,55,0.0545,0.1667,92.0,33.3,34.0,1025.5,0.0,11.8,7.3,189.3,S,11.49,11.72,9.88
745562,2024-06-21,2024,AZ,2024-06-21 18:40:00,18,4,5,9,5,12,8,16,295,86.0,5,55,0.0909,0.3125,88.8,31.5,43.3,1017.6,0.0,13.7,8.5,200.3,S,13.69,13.04,12.68
745564,2024-06-22,2024,AZ,2024-06-22 16:05:00,16,12,1,13,4,11,5,16,260,82.5,4,55,0.0727,0.25,96.3,35.7,34.0,1011.4,0.0,14.5,9.0,224.0,SW,13.46,10.83,14.46
745566,2024-06-23,2024,AZ,2024-06-23 11:35:00,11,4,1,5,0,12,2,17,258,80.1,0,54,0.0,0.0,95.8,35.4,36.3,1005.6,0.0,24.3,15.1,233.3,SW,20.84,15.33,23.83
745565,2024-06-27,2024,MIA,2024-06-27 18:20:00,18,4,7,11,2,15,6,21,305,84.2,3,58,0.0517,0.0952,83.1,28.4,38.3,1009.3,0.0,13.3,8.2,335.0,NW,-8.96,-11.77,-5.08
745560,2024-06-28,2024,MIA,2024-06-28 18:20:00,18,2,0,2,0,17,3,10,245,77.2,1,41,0.0244,0.0,73.9,23.3,41.0,1020.2,0.0,16.1,10.0,146.7,SE,9.02,13.03,3.93
745559,2024-06-29,2024,MIA,2024-06-29 16:05:00,16,2,3,5,2,22,3,13,274,81.1,0,45,0.0,0.1538,86.2,30.1,59.3,1016.1,0.0,23.0,14.3,171.7,S,19.72,22.56,14.51
745555,2024-06-30,2024,MIA,2024-06-30 13:35:00,13,7,6,13,2,18,7,26,319,82.5,1,60,0.0167,0.0769,88.6,31.5,61.7,1010.9,0.0,20.1,12.5,208.7,SW,19.95,18.01,19.49
745557,2024-07-09,2024,LAD,2024-07-09 18:40:00,18,10,1,11,4,17,9,19,310,82.7,4,51,0.0784,0.2105,88.8,31.5,59.3,1011.7,0.0,13.1,8.2,184.7,S,12.5,13.12,10.37
745556,2024-07-10,2024,LAD,2024-07-10 19:05:00,19,4,3,7,1,14,1,19,264,80.1,1,52,0.0192,0.0526,82.9,28.3,71.3,1007.7,0.0,22.2,13.8,171.3,S,19.0,21.78,13.92
745558,2024-07-11,2024,LAD,2024-07-11 18:05:00,18,5,1,6,4,20,9,15,292,82.5,3,45,0.0667,0.2667,85.3,29.6,50.7,1015.4,0.0,12.9,8.0,215.7,SW,12.56,10.79,12.81
745552,2024-07-12,2024,ATH,2024-07-12 18:40:00,18,2,6,8,1,14,11,14,306,80.0,4,50,0.08,0.0714,76.6,24.8,86.3,1020.9,3.7,8.2,5.1,242.5,SW,6.31,4.12,7.74
745549,2024-07-13,2024,ATH,2024-07-13 16:05:00,16,11,5,16,6,24,12,19,325,87.0,8,46,0.1739,0.3158,88.8,31.6,51.0,1017.4,0.0,4.2,2.6,212.6,SW,4.13,3.63,4.14
745551,2024-07-14,2024,ATH,2024-07-14 13:35:00,13,3,18,21,9,12,6,19,298,83.6,5,60,0.0833,0.4737,89.0,31.7,57.0,1015.1,0.3,10.2,6.3,197.6,S,10.16,9.85,9.25
745554,2024-07-26,2024,CLE,2024-07-26 18:40:00,18,1,3,4,1,15,5,15,270,82.5,1,55,0.0182,0.0667,78.7,25.9,48.3,1017.5,0.0,5.8,3.6,351.7,N,-5.01,-5.73,-3.69
745553,2024-07-27,2024,CLE,2024-07-27 18:05:00,18,8,0,8,4,15,3,16,262,82.0,6,49,0.1224,0.25,79.5,26.4,45.3,1018.3,0.0,11.8,7.3,117.2,SE,0.96,4.92,-3.12
745550,2024-07-28,2024,CLE,2024-07-28 13:35:00,13,3,4,7,4,13,6,14,286,84.3,4,55,0.0727,0.2857,88.0,31.1,31.7,1017.5,0.0,1.7,1.0,160.4,S,1.24,1.54,0.78
745547,2024-07-29,2024,NYY,2024-07-29 18:40:00,18,4,14,18,7,18,9,22,318,82.1,5,55,0.0909,0.3182,82.0,27.8,67.7,1012.6,0.0,10.3,6.4,184.7,S,9.77,10.26,8.11
745546,2024-07-30,2024,NYY,2024-07-30 18:40:00,18,6,7,13,3,21,11,20,384,83.5,3,70,0.0429,0.15,80.4,26.9,70.3,1011.8,0.0,16.5,10.3,167.3,S,13.52,15.96,9.44
745543,2024-07-31,2024,NYY,2024-07-31 12:35:00,12,5,6,11,2,18,5,18,303,83.3,5,52,0.0962,0.1111,90.6,32.5,50.3,1011.3,0.0,15.4,9.5,240.7,SW,12.08,8.11,14.6
745548,2024-08-13,2024,MIA,2024-08-13 18:40:00,18,0,5,5,2,18,6,12,270,84.3,4,48,0.0833,0.1667,74.2,23.4,58.3,1015.9,0.0,8.1,5.1,305.3,NW,-1.81,-4.41,1.02
745544,2024-08-14,2024,MIA,2024-08-14 18:40:00,18,9,5,14,2,16,6,24,311,85.3,5,57,0.0877,0.0833,75.7,24.3,56.7,1016.8,0.0,6.5,4.0,329.0,NW,-3.87,-5.42,-1.85
745545,2024-08-15,2024,WSH,2024-08-15 18:40:00,18,13,3,16,5,16,3,25,302,83.7,5,61,0.082,0.2,79.0,26.1,49.3,1016.4,0.0,7.1,4.4,308.3,NW,-1.93,-4.14,0.51
745542,2024-08-16,2024,WSH,2024-08-16 18:40:00,18,3,2,5,0,12,7,21,318,82.3,1,56,0.0179,0.0,80.3,26.8,50.3,1014.9,0.0,9.9,6.2,198.7,S,9.91,9.54,9.09
745537,2024-08-17,2024,WSH,2024-08-17 18:05:00,18,5,1,6,1,12,2,12,224,80.1,1,49,0.0204,0.0833,74.2,23.4,78.7,1012.5,11.7,7.9,4.9,145.4,SE,4.28,6.28,1.76
745539,2024-08-18,2024,WSH,2024-08-18 13:35:00,13,4,6,10,6,12,6,21,321,81.4,3,60,0.05,0.2857,83.1,28.4,68.0,1007.2,1.6,14.0,8.7,170.3,S,11.85,13.69,8.59
745538,2024-08-26,2024,HOU,2024-08-26 18:40:00,18,3,2,5,1,20,7,17,306,83.3,1,51,0.0196,0.0588,76.9,24.9,67.3,1017.8,0.0,6.5,4.1,95.3,E,-1.93,0.32,-3.95
745540,2024-08-27,2024,HOU,2024-08-27 18:40:00,18,5,0,5,1,16,2,17,262,81.3,2,51,0.0392,0.0588,80.4,26.9,58.0,1016.6,0.0,12.0,7.5,183.9,S,11.41,12.03,9.41
745541,2024-08-28,2024,HOU,2024-08-28 16:05:00,16,0,10,10,4,14,6,21,261,82.9,4,56,0.0714,0.1905,91.5,33.1,49.0,1013.0,0.3,12.9,8.0,305.4,NW,-2.87,-6.99,1.59
745531,2024-08-29,2024,ATL,2024-08-29 18:40:00,18,5,4,9,4,21,7,14,292,82.5,4,44,0.0909,0.2857,73.8,23.2,69.3,1022.4,0.0,16.1,10.0,100.7,E,-3.3,2.28,-8.48
745533,2024-08-30,2024,ATL,2024-08-30 18:40:00,18,2,7,9,5,20,6,16,314,80.6,5,49,0.102,0.3125,72.4,22.5,73.7,1021.8,0.0,12.5,7.8,91.7,E,-4.45,-0.18,-8.17
745532,2024-08-31,2024,ATL,2024-08-31 19:15:00,19,3,0,3,2,16,4,11,241,84.6,3,45,0.0667,0.1818,75.0,23.9,78.3,1014.4,0.0,8.7,5.4,203.0,SW,8.73,8.18,8.23
745536,2024-09-01,2024,ATL,2024-09-01 19:10:00,19,3,2,5,1,23,7,12,322,81.4,2,52,0.0385,0.0833,77.2,25.1,77.7,1011.0,0.0,10.7,6.7,239.3,SW,8.59,5.87,10.27
745534,2024-09-09,2024,TB,2024-09-09 18:40:00,18,2,1,3,2,11,6,13,292,82.7,4,53,0.0755,0.1538,67.5,19.7,45.7,1017.3,0.0,9.6,6.0,218.7,SW,9.25,7.78,9.61
745535,2024-09-10,2024,TB,2024-09-10 18:40:00,18,9,4,13,3,14,7,26,285,83.3,6,62,0.0968,0.1154,71.0,21.7,53.3,1018.7,0.0,8.0,5.0,339.5,N,-5.83,-7.33,-3.62
745525,2024-09-11,2024,TB,2024-09-11 18:40:00,18,3,2,5,2,15,5,10,256,82.6,3,46,0.0652,0.2,71.8,22.1,62.0,1020.6,0.0,7.9,4.9,143.6,SE,4.08,6.15,1.52
745529,2024-09-13,2024,NYM,2024-09-13 18:40:00,18,3,11,14,5,16,6,18,318,82.4,4,55,0.0727,0.2778,74.5,23.6,57.0,1021.7,0.0,8.3,5.2,93.4,E,-2.71,0.14,-5.23
745528,2024-09-14,2024,NYM,2024-09-14 16:05:00,16,6,4,10,2,13,5,18,271,82.8,8,54,0.1481,0.1111,81.4,27.5,43.7,1022.1,0.0,14.3,8.9,111.3,E,-0.29,4.63,-5.18
745530,2024-09-15,2024,NYM,2024-09-15 13:35:00,13,2,1,3,1,18,2,13,234,83.7,3,47,0.0638,0.0769,82.6,28.1,41.0,1025.3,0.0,17.4,10.8,86.3,E,-7.69,-1.87,-12.58
745527,2024-09-23,2024,CHC,2024-09-23 18:40:00,18,6,2,8,2,14,9,18,278,81.8,5,53,0.0943,0.1111,64.7,18.2,67.3,1016.8,0.3,10.2,6.3,100.6,E,-2.1,1.44,-5.39
745526,2024-09-24,2024,CHC,2024-09-24 18:40:00,18,4,10,14,2,19,5,22,307,81.4,4,56,0.0714,0.0909,65.6,18.7,67.7,1018.6,0.3,14.1,8.7,95.3,E,-4.15,0.7,-8.5
745521,2024-09-25,2024,CHC,2024-09-25 18:05:00,18,9,6,15,5,15,5,22,321,82.2,7,58,0.1207,0.2273,67.1,19.5,87.3,1019.0,0.0,13.1,8.1,103.7,E,-2.01,2.53,-6.3
778502,2025-03-31,2025,COL,2025-03-31 15:05:00,15,6,1,7,4,18,5,17,296,81.1,3,48,0.0625,0.2353,75.0,23.9,66.0,1001.9,5.9,16.7,10.4,216.0,SW,16.21,13.9,16.56
778482,2025-04-02,2025,COL,2025-04-02 18:45:00,18,5,1,6,1,18,4,16,267,83.1,4,48,0.0833,0.0625,46.4,8.0,68.3,1027.4,0.1,11.4,7.1,123.7,SE,2.21,5.9,-1.75
778467,2025-04-03,2025,COL,2025-04-03 13:05:00,13,3,1,4,1,17,6,19,294,83.2,3,50,0.06,0.0526,72.3,22.4,79.0,1016.2,0.0,22.3,13.9,225.0,SW,20.63,16.47,22.31
778459,2025-04-04,2025,LAD,2025-04-04 18:45:00,18,3,2,5,1,18,9,10,265,83.3,2,38,0.0526,0.1,62.5,16.9,61.0,1023.8,0.0,6.2,3.9,14.7,N,-6.14,-6.06,-5.48
778448,2025-04-05,2025,LAD,2025-04-05 16:05:00,16,1,3,4,2,11,4,11,256,87.6,6,51,0.1176,0.1818,57.0,13.9,81.7,1016.0,0.0,8.7,5.4,50.0,NE,-7.72,-5.88,-8.63
778434,2025-04-06,2025,LAD,2025-04-06 13:35:00,13,8,7,15,3,17,13,15,306,84.6,1,48,0.0208,0.2,59.5,15.3,66.3,1010.4,0.1,11.2,7.0,343.0,N,-8.67,-10.59,-5.7
778320,2025-04-14,2025,SF,2025-04-14 18:45:00,18,4,10,14,4,24,6,20,346,83.3,3,50,0.06,0.2,59.3,15.2,67.7,1006.0,0.0,8.1,5.1,171.7,S,6.98,7.99,5.14
778313,2025-04-15,2025,SF,2025-04-15 18:45:00,18,6,4,10,2,10,6,18,296,83.7,3,56,0.0536,0.1111,53.4,11.9,49.3,1002.2,0.0,22.6,14.0,277.7,W,5.78,-2.03,12.89
778296,2025-04-16,2025,SF,2025-04-16 18:45:00,18,4,11,15,1,23,15,20,336,84.2,4,51,0.0784,0.05,48.2,9.0,50.7,1013.1,0.0,16.4,10.2,304.3,NW,-3.37,-8.67,2.33
778279,2025-04-17,2025,SF,2025-04-17 16:05:00,16,6,4,10,2,21,7,12,255,83.2,4,40,0.1,0.1667,58.5,14.7,38.7,1020.7,0.0,8.4,5.2,285.1,W,1.08,-1.82,3.85
778274,2025-04-18,2025,MIA,2025-04-18 18:45:00,18,7,2,9,3,22,6,14,292,79.6,3,43,0.0698,0.2143,62.7,17.0,65.0,1017.5,0.0,20.7,12.8,185.0,S,19.71,20.65,16.4
778252,2025-04-19,2025,MIA,2025-04-19 13:05:00,13,11,10,21,2,9,7,33,348,84.6,7,74,0.0946,0.0606,77.5,25.3,53.7,1015.8,0.0,18.5,11.5,222.3,SW,17.37,14.18,18.47
778248,2025-04-20,2025,MIA,2025-04-20 13:35:00,13,5,7,12,1,15,4,23,316,83.1,1,67,0.0149,0.0435,71.2,21.8,18.7,1024.8,0.0,13.9,8.6,348.3,N,-11.5,-13.48,-8.14
778131,2025-04-29,2025,WSH,2025-04-29 18:45:00,18,7,6,13,4,22,2,20,319,85.0,5,53,0.0943,0.2,75.0,23.9,46.0,1013.6,0.0,22.2,13.8,203.0,SW,22.2,20.79,20.93
778118,2025-04-30,2025,WSH,2025-04-30 18:45:00,18,7,2,9,3,14,6,15,253,84.1,4,51,0.0784,0.2,74.3,23.5,18.7,1016.9,0.0,10.7,6.6,14.1,N,-10.55,-10.45,-9.38
778099,2025-05-01,2025,WSH,2025-05-01 18:45:00,18,2,4,6,0,11,6,15,248,84.5,1,57,0.0175,0.0,68.0,20.0,60.0,1014.5,0.0,13.9,8.6,132.0,SE,4.64,8.84,-0.12
778086,2025-05-02,2025,AZ,2025-05-02 18:45:00,18,3,2,5,2,12,2,16,233,86.7,3,52,0.0577,0.125,80.2,26.8,40.3,1010.6,0.0,14.6,9.1,205.3,SW,14.58,13.46,13.95
778078,2025-05-03,2025,AZ,2025-05-03 18:05:00,18,7,2,9,3,19,3,18,309,83.2,4,50,0.08,0.1667,69.1,20.6,82.0,1011.4,1.9,12.2,7.6,215.0,SW,11.91,10.29,12.1
778059,2025-05-04,2025,AZ,2025-05-04 14:05:00,14,9,11,20,3,23,11,26,368,82.0,3,61,0.0492,0.1154,66.9,19.4,88.7,1010.8,3.0,15.9,9.9,170.0,S,13.44,15.56,9.7
777953,2025-05-12,2025,STL,2025-05-12 18:45:00,18,2,3,5,2,18,4,14,266,84.9,5,50,0.1,0.1429,73.3,23.0,55.3,1021.1,0.0,14.0,8.7,176.7,S,12.57,13.89,9.73
777922,2025-05-14,2025,STL,2025-05-14 13:05:00,13,2,1,3,0,15,7,13,279,82.1,0,45,0.0,0.0,67.5,19.7,84.0,1013.0,0.5,16.9,10.5,93.3,E,-5.56,0.25,-10.69
777933,2025-05-14,2025,STL,2025-05-13 18:45:00,18,7,14,21,6,17,6,29,360,83.4,5,66,0.0758,0.2069,63.3,17.4,92.3,1017.9,2.0,16.1,10.0,107.0,E,-1.54,4.04,-6.94
777905,2025-05-16,2025,PIT,2025-05-16 18:45:00,18,8,4,12,1,12,13,16,313,81.3,2,53,0.0377,0.0625,74.0,23.3,88.3,1005.0,0.3,10.2,6.4,199.5,S,10.22,9.78,9.42
777894,2025-05-17,2025,PIT,2025-05-17 18:05:00,18,5,2,7,2,18,6,14,305,80.4,2,46,0.0435,0.1429,75.7,24.3,55.7,999.3,0.0,12.1,7.5,260.0,W,6.51,2.63,9.61
777880,2025-05-18,2025,PIT,2025-05-18 13:35:00,13,1,0,1,0,23,2,9,227,81.6,0,35,0.0,0.0,74.5,23.6,40.0,1004.0,0.2,25.5,15.8,284.7,W,3.48,-5.37,11.91
777748,2025-05-27,2025,ATL,2025-05-27 18:45:00,18,2,0,2,0,22,11,10,297,81.9,0,39,0.0,0.0,65.5,18.6,50.0,1025.8,0.0,8.8,5.4,204.3,SW,8.76,8.14,8.33
777723,2025-05-29,2025,ATL,2025-05-29 18:45:00,18,3,9,12,2,19,12,15,354,81.5,4,50,0.08,0.1333,68.4,20.2,77.0,1013.3,0.0,7.2,4.5,223.6,SW,6.75,5.45,7.23
777735,2025-05-29,2025,ATL,2025-05-28 18:45:00,18,5,4,9,3,15,9,23,311,84.9,10,54,0.1852,0.1304,55.4,13.0,96.7,1020.0,7.7,16.2,10.0,64.7,NE,-11.98,-7.55,-14.97
777715,2025-05-30,2025,MIL,2025-05-30 18:45:00,18,2,6,8,3,17,5,16,303,82.0,3,53,0.0566,0.1875,70.2,21.2,79.3,997.5,3.3,4.6,2.9,152.0,SE,2.95,3.99,1.54
777702,2025-05-31,2025,MIL,2025-05-31 16:05:00,16,7,17,24,5,15,3,33,312,85.8,8,70,0.1143,0.1515,62.9,17.2,71.0,995.8,5.4,14.1,8.7,290.3,W,0.53,-4.31,5.31
777688,2025-06-01,2025,MIL,2025-06-01 13:35:00,13,2,5,7,0,10,6,15,276,82.8,0,58,0.0,0.0,66.9,19.4,37.3,1008.1,0.0,20.2,12.5,270.0,W,7.72,0.88,13.62
777578,2025-06-09,2025,CHC,2025-06-09 18:45:00,18,4,3,7,2,11,6,21,306,82.1,7,68,0.1029,0.0952,71.2,21.8,82.7,1010.0,0.0,8.5,5.3,83.3,E,-4.13,-1.35,-6.41
777571,2025-06-10,2025,CHC,2025-06-10 18:45:00,18,4,8,12,5,17,6,23,336,84.2,3,58,0.0517,0.2174,75.3,24.1,64.7,1012.1,0.0,8.4,5.2,235.6,SW,7.06,5.06,8.21
777553,2025-06-11,2025,CHC,2025-06-11 13:05:00,13,7,2,9,2,20,4,18,285,83.7,3,48,0.0625,0.1111,82.3,28.0,39.3,1018.1,0.0,13.8,8.6,262.3,W,6.93,2.44,10.6
777531,2025-06-13,2025,TOR,2025-06-13 18:45:00,18,8,0,8,1,17,8,16,275,83.0,2,48,0.0417,0.0625,76.9,24.9,48.3,1017.2,0.0,11.3,7.0,105.3,E,-1.41,2.5,-5.14
777509,2025-06-14,2025,TOR,2025-06-14 16:05:00,16,3,2,5,1,13,5,9,273,80.2,3,46,0.0652,0.1111,69.7,21.0,76.3,1016.5,0.2,10.7,6.6,57.0,NE,-8.82,-6.21,-10.36
777499,2025-06-15,2025,TOR,2025-06-15 13:35:00,13,11,4,15,2,16,7,26,326,83.3,2,57,0.0351,0.0769,67.2,19.5,77.7,1019.6,0.0,11.4,7.1,69.7,E,-7.75,-4.42,-10.14
777437,2025-06-20,2025,NYM,2025-06-20 19:15:00,19,10,2,12,3,18,8,20,318,82.6,5,51,0.098,0.15,75.3,24.0,69.7,1016.1,0.0,9.0,5.6,233.3,SW,7.73,5.68,8.84
777423,2025-06-21,2025,NYM,2025-06-21 19:15:00,19,4,11,15,7,13,5,23,340,84.2,8,64,0.125,0.3043,79.0,26.1,69.0,1019.1,0.0,9.3,5.8,199.7,S,9.32,8.92,8.6
777405,2025-06-22,2025,NYM,2025-06-22 19:10:00,19,7,1,8,3,17,4,14,272,85.0,3,47,0.0638,0.2143,83.4,28.5,77.7,1016.6,0.0,9.8,6.1,228.4,SW,8.85,6.84,9.78
777306,2025-06-30,2025,SD,2025-06-30 18:35:00,18,4,0,4,1,15,6,13,257,80.1,2,46,0.0435,0.0769,79.9,26.6,88.0,1012.6,0.1,6.8,4.2,174.4,S,6.0,6.73,4.54
777273,2025-07-02,2025,SD,2025-07-02 13:05:00,13,4,6,10,1,16,10,17,313,82.6,1,53,0.0189,0.0588,82.3,28.0,66.0,1011.1,0.3,4.0,2.5,259.6,W,2.17,0.9,3.19
777290,2025-07-02,2025,SD,2025-07-01 18:35:00,18,5,1,6,2,15,6,16,276,81.0,2,51,0.0392,0.125,76.4,24.7,94.3,1009.7,2.3,7.7,4.8,208.0,SW,7.63,6.92,7.42
777255,2025-07-04,2025,CIN,2025-07-04 13:05:00,13,6,9,15,1,18,7,25,331,83.7,5,60,0.0833,0.04,83.4,28.6,40.3,1018.3,0.0,4.3,2.7,333.6,NW,-2.85,-3.79,-1.56
777233,2025-07-05,2025,CIN,2025-07-05 16:05:00,16,5,1,6,4,18,4,13,256,84.6,4,47,0.0851,0.3077,85.6,29.8,35.0,1018.7,0.0,10.6,6.6,204.0,SW,10.56,9.83,10.02
777217,2025-07-06,2025,CIN,2025-07-06 13:35:00,13,3,1,4,2,26,6,8,278,80.3,2,33,0.0606,0.25,90.0,32.2,42.0,1016.3,0.0,14.3,8.9,201.0,S,14.3,13.56,13.3
777106,2025-07-18,2025,LAA,2025-07-18 18:45:00,18,5,6,11,6,19,7,17,306,83.4,8,50,0.16,0.3529,80.2,26.8,55.7,1017.5,0.0,5.2,3.2,13.4,N,-5.1,-5.07,-4.51
777089,2025-07-19,2025,LAA,2025-07-19 18:05:00,18,9,5,14,5,23,8,21,308,85.2,5,46,0.1087,0.2381,78.4,25.8,81.7,1014.6,0.3,6.0,3.7,126.9,SE,1.5,3.39,-0.58
777078,2025-07-20,2025,LAA,2025-07-20 13:35:00,13,2,8,10,2,12,8,20,297,83.9,6,61,0.0984,0.1,88.2,31.2,59.3,1007.4,0.0,10.9,6.8,260.0,W,5.84,2.35,8.62
777063,2025-07-21,2025,BOS,2025-07-21 18:45:00,18,3,2,5,1,24,5,15,302,84.8,1,44,0.0227,0.0667,80.5,27.0,47.3,1012.9,0.0,8.3,5.2,351.3,N,-7.1,-8.14,-5.2
777045,2025-07-22,2025,BOS,2025-07-22 18:45:00,18,4,1,5,3,20,2,11,249,83.8,3,41,0.0732,0.2727,76.2,24.6,61.7,1019.5,0.0,12.3,7.6,102.4,E,-2.17,2.11,-6.18
777038,2025-07-23,2025,BOS,2025-07-23 19:10:00,19,8,9,17,7,23,7,18,345,84.0,6,59,0.1017,0.3889,75.1,24.0,58.7,1022.9,0.0,10.4,6.5,175.3,S,9.25,10.32,7.07
776913,2025-08-01,2025,DET,2025-08-01 18:45:00,18,5,4,9,2,16,4,13,256,83.4,5,49,0.102,0.1538,71.2,21.8,77.0,1021.9,0.0,5.8,3.6,89.4,E,-2.29,-0.31,-3.98
776912,2025-08-02,2025,DET,2025-08-02 16:05:00,16,5,7,12,6,25,2,20,295,82.5,6,48,0.125,0.3,76.4,24.7,49.0,1021.2,0.0,8.2,5.1,89.0,E,-3.28,-0.5,-5.67
776890,2025-08-03,2025,DET,2025-08-03 19:10:00,19,2,0,2,1,14,2,10,207,86.4,3,45,0.0667,0.1,72.2,22.3,66.3,1019.6,0.0,7.7,4.8,160.9,S,5.78,7.19,3.68
776877,2025-08-04,2025,BAL,2025-08-04 18:45:00,18,13,3,16,8,22,3,18,290,83.7,7,47,0.1489,0.4444,79.6,26.4,49.7,1019.9,0.0,6.8,4.2,162.3,S,5.2,6.38,3.38
776868,2025-08-05,2025,BAL,2025-08-05 18:45:00,18,5,0,5,2,19,1,15,260,83.6,2,45,0.0444,0.1333,78.6,25.9,55.7,1024.7,0.0,7.7,4.8,157.3,SE,5.4,6.94,3.22
776851,2025-08-06,2025,BAL,2025-08-06 12:35:00,12,1,5,6,1,15,3,19,263,82.2,1,54,0.0185,0.0526,80.5,26.9,55.0,1027.6,0.9,11.4,7.1,98.7,E,-2.73,1.22,-6.35
776689,2025-08-18,2025,SEA,2025-08-18 18:45:00,18,12,7,19,6,18,3,31,314,84.3,5,64,0.0781,0.1935,69.4,20.8,76.7,1020.4,0.0,8.9,5.5,80.3,E,-4.74,-1.88,-7.03
776680,2025-08-19,2025,SEA,2025-08-19 18:45:00,18,6,4,10,3,21,7,14,268,83.6,7,44,0.1591,0.2143,69.1,20.6,72.7,1019.0,0.0,8.8,5.4,91.7,E,-3.12,-0.13,-5.73
776662,2025-08-20,2025,SEA,2025-08-20 13:05:00,13,11,2,13,4,22,6,25,329,85.6,5,52,0.0962,0.16,77.1,25.0,78.0,1013.8,0.6,12.4,7.7,73.0,E,-7.89,-4.14,-10.68
776648,2025-08-22,2025,WSH,2025-08-22 18:45:00,18,4,5,9,3,19,6,16,282,82.3,2,48,0.0417,0.1875,72.7,22.6,57.0,1016.5,0.0,6.4,4.0,205.7,SW,6.36,5.85,6.1
776628,2025-08-23,2025,WSH,2025-08-23 18:05:00,18,6,4,10,4,17,4,17,286,86.0,4,50,0.08,0.2353,72.7,22.6,61.3,1015.9,0.0,13.9,8.6,159.0,S,10.06,12.72,6.19
776613,2025-08-24,2025,WSH,2025-08-24 13:35:00,13,3,2,5,1,21,7,12,292,82.4,3,42,0.0714,0.0833,84.0,28.9,44.0,1011.6,0.0,13.0,8.1,181.3,S,12.09,12.96,9.76
776560,2025-08-28,2025,ATL,2025-08-28 18:45:00,18,19,4,23,8,9,7,26,309,82.4,9,66,0.1364,0.3077,72.0,22.2,47.0,1017.3,0.0,10.3,6.4,180.3,S,9.57,10.33,7.66
776552,2025-08-29,2025,ATL,2025-08-29 18:45:00,18,2,1,3,0,9,5,18,274,82.0,1,58,0.0172,0.0,74.7,23.7,37.3,1013.7,0.0,13.5,8.4,291.7,W,0.2,-4.44,4.81
776532,2025-08-30,2025,ATL,2025-08-30 18:05:00,18,3,2,5,1,25,2,15,278,83.7,1,46,0.0217,0.0667,71.9,22.2,34.3,1018.4,0.0,6.6,4.1,321.7,NW,-3.23,-5.02,-1.06
776522,2025-08-31,2025,ATL,2025-08-31 19:10:00,19,1,3,4,2,23,8,11,302,79.6,2,42,0.0476,0.1818,70.6,21.4,48.7,1022.0,0.0,9.7,6.0,152.3,SE,6.23,8.41,3.3
776405,2025-09-08,2025,NYM,2025-09-08 18:45:00,18,1,0,1,0,19,6,12,258,84.4,3,41,0.0732,0.0,65.0,18.3,63.7,1023.6,0.0,4.2,2.6,66.6,NE,-3.02,-1.83,-3.83
776404,2025-09-09,2025,NYM,2025-09-09 18:45:00,18,9,3,12,4,22,4,21,332,81.8,7,48,0.1458,0.1905,66.0,18.9,64.3,1023.2,0.0,10.9,6.8,58.3,NE,-8.81,-6.1,-10.45
776384,2025-09-10,2025,NYM,2025-09-10 18:45:00,18,11,3,14,3,21,7,23,311,85.1,5,52,0.0962,0.1304,66.9,19.4,80.0,1018.7,0.0,4.6,2.8,34.0,NE,-4.48,-3.89,-4.52
776371,2025-09-11,2025,NYM,2025-09-11 19:15:00,19,6,4,10,1,23,3,16,246,83.9,3,42,0.0714,0.0625,70.0,21.1,59.3,1019.4,0.0,4.2,2.6,115.5,SE,0.22,1.65,-1.24
776354,2025-09-12,2025,KC,2025-09-12 18:45:00,18,8,2,10,2,13,6,21,310,82.8,6,55,0.1091,0.0952,73.7,23.2,54.7,1020.9,0.0,8.7,5.4,122.2,SE,1.46,4.31,-1.56
776342,2025-09-13,2025,KC,2025-09-13 18:05:00,18,8,6,14,4,14,6,22,291,85.7,2,58,0.0345,0.1818,73.3,23.0,60.7,1016.6,0.0,13.0,8.1,191.0,S,12.77,12.89,11.11
776334,2025-09-14,2025,KC,2025-09-14 13:35:00,13,3,10,13,6,14,6,17,292,85.7,12,56,0.2143,0.3529,86.5,30.3,29.3,1015.2,0.0,8.5,5.3,45.3,NE,-7.8,-6.21,-8.46
776215,2025-09-23,2025,MIA,2025-09-23 18:45:00,18,5,6,11,4,20,5,19,349,81.7,4,63,0.0635,0.2105,75.7,24.3,73.7,1014.5,0.3,9.0,5.6,174.5,S,7.92,8.88,6.0
776201,2025-09-24,2025,MIA,2025-09-24 18:45:00,18,11,1,12,8,21,3,17,270,84.8,6,46,0.1304,0.4706,71.1,21.7,95.3,1015.3,1.0,6.4,4.0,179.8,S,5.94,6.43,4.73
776188,2025-09-25,2025,MIA,2025-09-25 18:05:00,18,1,0,1,0,16,7,12,258,82.2,1,45,0.0222,0.0,73.6,23.1,92.0,1007.5,0.0,13.1,8.1,221.7,SW,12.37,10.16,13.1
776176,2025-09-26,2025,MIN,2025-09-26 18:45:00,18,3,1,4,2,23,2,11,256,83.1,0,40,0.0,0.1818,72.3,22.4,77.3,1011.0,0.0,4.7,2.9,281.3,W,0.92,-0.73,2.45
776163,2025-09-27,2025,MIN,2025-09-27 18:05:00,18,0,5,5,3,24,3,18,285,82.9,2,45,0.0444,0.1667,71.7,22.0,84.3,1014.2,1.2,4.8,3.0,107.8,E,-0.39,1.26,-1.99
776141,2025-09-28,2025,MIN,2025-09-28 15:05:00,15,2,1,3,1,27,5,8,285,81.7,1,39,0.0256,0.125,80.6,27.0,59.3,1017.8,0.0,3.9,2.4,284.4,W,0.55,-0.8,1.84
