game_pk,game_date,season,away_team,game_start,start_hour,home_runs_scored,away_runs_scored,total_runs,home_runs_hit,strikeouts,walks,hits,total_pitches,avg_exit_velocity,n_barrels,n_bbe,barrel_rate,hr_h_ratio,temp_f,temp_c,rhum,pres,prcp,wspd,wspd_mph,wdir,wind_dir_bucket,wind_cf,wind_lcf,wind_rcf
413746,2015-04-13,2015,KC,2015-04-13 15:10:00,15,3,12,15,2,12,5,20,277,90.7,4,60,0.0667,0.1,60.3,15.7,21.0,986.7,0.0,23.3,14.5,287.3,W,22.24,18.53,23.27
413774,2015-04-15,2015,KC,2015-04-15 19:10:00,19,3,1,4,1,12,1,14,243,85.9,1,51,0.0196,0.0714,55.5,13.1,39.7,988.8,0.0,10.3,6.4,116.3,SE,-9.23,-7.11,-10.24
413784,2015-04-16,2015,KC,2015-04-16 12:10:00,12,8,5,13,3,5,6,24,290,84.5,2,71,0.0282,0.125,66.4,19.1,46.3,986.8,0.0,7.1,4.4,215.0,SW,4.05,5.79,1.83
413795,2015-04-17,2015,CLE,2015-04-17 19:10:00,19,3,2,5,2,20,9,14,324,86.2,3,57,0.0526,0.1429,61.0,16.1,46.3,986.1,0.0,7.7,4.8,323.7,NW,4.58,2.18,6.44
413810,2015-04-18,2015,CLE,2015-04-18 13:10:00,13,2,4,6,2,18,4,14,253,86.9,4,48,0.0833,0.1429,69.4,20.8,33.7,985.4,0.0,17.1,10.6,97.7,E,-16.95,-15.14,-16.71
413825,2015-04-19,2015,CLE,2015-04-19 13:10:00,13,7,2,9,2,11,5,18,310,89.2,2,58,0.0345,0.1111,57.1,13.9,78.0,972.8,0.9,19.3,12.0,289.4,W,18.17,14.88,19.27
413932,2015-04-27,2015,DET,2015-04-27 19:10:00,19,4,5,9,2,11,8,20,296,87.4,1,57,0.0175,0.1,56.5,13.6,41.0,989.8,0.0,4.7,2.9,348.8,N,0.91,-0.72,2.43
413947,2015-04-28,2015,DET,2015-04-28 19:10:00,19,3,2,5,0,13,3,13,260,85.1,2,50,0.04,0.0,54.9,12.7,62.3,987.1,0.0,9.5,5.9,343.0,N,2.79,-0.5,5.74
413962,2015-04-29,2015,DET,2015-04-29 12:10:00,12,7,10,17,6,19,1,30,321,87.2,5,61,0.082,0.2,62.5,17.0,35.3,986.6,0.0,12.9,8.0,21.3,N,-4.69,-8.52,-0.3
413975,2015-04-30,2015,CWS,2015-04-30 19:10:00,19,12,2,14,1,14,3,25,268,87.0,1,62,0.0161,0.04,55.8,13.2,41.7,986.6,0.0,6.9,4.3,132.3,SE,-5.12,-3.22,-6.41
413984,2015-05-01,2015,CWS,2015-05-01 19:10:00,19,1,0,1,0,11,4,13,235,86.4,1,50,0.02,0.0,58.7,14.8,72.0,984.3,0.0,9.6,5.9,144.7,SE,-5.53,-2.53,-7.87
413999,2015-05-02,2015,CWS,2015-05-02 13:10:00,13,5,3,8,2,9,5,21,270,89.3,2,57,0.0351,0.0952,76.9,25.0,32.3,979.9,0.0,14.5,9.0,191.0,S,2.77,7.49,-2.27
414014,2015-05-03,2015,CWS,2015-05-03 13:10:00,13,13,3,16,2,12,4,27,301,87.2,2,65,0.0308,0.0741,78.4,25.8,44.3,978.5,0.0,3.1,1.9,302.1,NW,2.65,1.93,3.06
414032,2015-05-04,2015,ATH,2015-05-04 19:10:00,19,8,7,15,3,13,4,26,304,86.2,4,63,0.0635,0.1154,60.6,15.9,34.0,991.2,0.0,7.2,4.5,32.3,NE,-3.87,-5.73,-1.54
414047,2015-05-05,2015,ATH,2015-05-05 19:10:00,19,1,2,3,0,16,3,14,262,86.0,0,51,0.0,0.0,56.5,13.6,78.7,989.7,0.0,16.1,10.0,130.0,SE,-12.36,-8.07,-15.16
414062,2015-05-06,2015,ATH,2015-05-06 19:10:00,19,13,0,13,3,11,6,18,297,87.1,4,57,0.0702,0.1667,68.3,20.2,62.0,981.3,0.0,19.4,12.1,146.3,SE,-10.75,-4.58,-15.63
414076,2015-05-07,2015,ATH,2015-05-07 12:10:00,12,6,5,11,1,12,8,13,291,85.5,3,52,0.0577,0.0769,72.1,22.3,63.3,977.1,0.2,23.1,14.3,194.7,S,5.84,13.12,-2.14
414187,2015-05-15,2015,TB,2015-05-15 19:10:00,19,3,2,5,2,10,1,17,242,87.7,1,58,0.0172,0.1176,59.7,15.4,72.7,984.1,0.0,6.4,4.0,86.7,E,-6.39,-6.13,-5.88
414202,2015-05-16,2015,TB,2015-05-16 13:10:00,13,6,4,10,3,10,5,20,270,87.2,2,58,0.0345,0.15,73.7,23.2,65.3,980.6,0.0,19.4,12.0,140.3,SE,-12.36,-6.52,-16.72
414217,2015-05-17,2015,TB,2015-05-17 13:10:00,13,3,11,14,0,17,5,25,326,88.2,1,60,0.0167,0.0,72.3,22.4,57.7,972.4,0.3,23.1,14.4,167.3,S,-5.07,2.95,-12.47
414316,2015-05-25,2015,BOS,2015-05-25 13:10:00,13,7,2,9,1,14,2,24,276,87.4,2,58,0.0345,0.0417,67.9,20.0,63.7,976.4,0.0,19.2,11.9,238.3,SW,16.31,18.77,11.89
414331,2015-05-26,2015,BOS,2015-05-26 19:10:00,19,2,1,3,0,8,3,14,248,85.2,2,54,0.037,0.0,57.3,14.1,98.0,978.4,1.0,7.5,4.7,312.7,NW,5.51,3.44,6.92
414346,2015-05-27,2015,BOS,2015-05-27 12:10:00,12,6,4,10,4,5,3,15,232,84.8,3,58,0.0517,0.2667,79.3,26.3,46.3,984.6,0.0,12.6,7.8,253.0,W,12.08,12.62,10.09
414378,2015-05-29,2015,TOR,2015-05-29 19:10:00,19,4,6,10,2,11,2,17,241,90.0,4,57,0.0702,0.1176,55.2,12.9,94.7,985.5,4.4,20.4,12.7,357.7,N,0.83,-6.2,7.76
414393,2015-05-30,2015,TOR,2015-05-30 13:10:00,13,3,2,5,2,13,7,18,268,85.9,2,51,0.0392,0.1111,61.0,16.1,46.0,993.7,0.0,15.0,9.3,26.3,NE,-6.65,-10.85,-1.65
414408,2015-05-31,2015,TOR,2015-05-31 13:10:00,13,6,5,11,2,12,4,22,295,90.1,5,58,0.0862,0.0909,60.8,16.0,39.0,994.3,0.0,11.3,7.0,94.0,E,-11.31,-10.35,-10.89
414467,2015-06-05,2015,MIL,2015-06-05 19:10:00,19,5,10,15,4,18,2,22,285,88.8,4,58,0.069,0.1818,68.1,20.0,60.7,990.8,0.0,8.4,5.2,69.3,E,-7.83,-8.37,-6.35
414482,2015-06-06,2015,MIL,2015-06-06 13:10:00,13,2,4,6,2,12,5,17,287,86.4,2,55,0.0364,0.1176,76.6,24.8,56.0,984.1,0.0,22.7,14.1,161.0,S,-7.39,0.4,-14.28
414497,2015-06-07,2015,MIL,2015-06-07 13:10:00,13,2,0,2,0,13,6,17,263,88.8,0,51,0.0,0.0,77.8,25.4,49.3,976.0,0.0,14.8,9.2,281.7,W,14.49,12.6,14.64
414508,2015-06-08,2015,KC,2015-06-08 19:10:00,19,1,3,4,2,11,3,16,245,87.0,3,55,0.0545,0.125,72.4,22.5,62.0,978.3,0.0,5.9,3.6,265.1,W,5.85,5.66,5.32
414519,2015-06-09,2015,KC,2015-06-09 19:10:00,19,0,2,2,1,11,8,10,274,83.7,1,50,0.02,0.1,79.7,26.5,63.3,972.1,0.4,10.9,6.8,236.3,SW,9.04,10.56,6.44
414534,2015-06-10,2015,KC,2015-06-10 19:10:00,19,2,7,9,2,15,5,15,307,86.4,2,54,0.037,0.1333,69.3,20.7,53.7,980.9,0.0,9.4,5.9,11.7,N,-1.91,-4.95,1.37
414640,2015-06-17,2015,STL,2015-06-17 19:10:00,19,3,1,4,0,16,3,15,270,86.0,1,47,0.0213,0.0,67.0,19.4,91.0,982.8,0.0,9.3,5.8,338.6,N,3.38,0.22,6.13
414655,2015-06-18,2015,STL,2015-06-18 12:10:00,12,2,1,3,3,10,5,12,252,87.5,3,52,0.0577,0.25,73.9,23.3,51.7,988.1,0.0,11.0,6.8,356.3,N,0.7,-3.08,4.4
414661,2015-06-19,2015,CHC,2015-06-19 19:10:00,19,7,2,9,2,7,2,16,228,88.4,3,57,0.0526,0.125,72.2,22.3,60.3,981.2,0.0,13.3,8.3,149.0,SE,-6.87,-2.54,-10.36
414676,2015-06-20,2015,CHC,2015-06-20 13:10:00,13,1,4,5,1,19,8,18,313,86.9,0,53,0.0,0.0556,78.6,25.9,59.7,977.5,0.0,14.0,8.7,322.3,NW,8.53,4.24,11.8
414691,2015-06-21,2015,CHC,2015-06-21 13:10:00,13,0,8,8,2,17,5,16,301,84.6,2,53,0.0377,0.125,81.8,27.7,39.7,982.8,0.0,6.9,4.3,269.0,W,6.93,6.56,6.47
414703,2015-06-22,2015,CWS,2015-06-22 19:10:00,19,13,2,15,4,8,6,26,287,85.5,1,65,0.0154,0.1538,70.8,21.6,53.3,981.4,0.0,19.8,12.3,331.3,NW,9.5,2.98,14.87
414713,2015-06-23,2015,CWS,2015-06-23 19:10:00,19,2,6,8,1,12,4,24,293,87.8,1,62,0.0161,0.0417,71.8,22.1,54.0,988.4,0.0,10.9,6.8,222.0,SW,7.29,9.62,4.08
414728,2015-06-24,2015,CWS,2015-06-24 12:10:00,12,6,1,7,1,15,1,18,223,91.5,1,53,0.0189,0.0556,77.7,25.4,48.3,988.2,0.0,10.9,6.8,189.7,S,1.82,5.38,-1.95
414893,2015-07-06,2015,BAL,2015-07-06 19:10:00,19,4,2,6,5,13,5,16,278,87.9,8,58,0.1379,0.3125,66.6,19.2,55.0,985.9,0.0,20.0,12.4,342.3,N,6.07,-0.81,12.22
414906,2015-07-07,2015,BAL,2015-07-07 19:10:00,19,8,3,11,2,17,6,18,291,91.2,4,49,0.0816,0.1111,64.7,18.2,59.3,989.2,0.0,5.3,3.3,76.0,E,-5.11,-5.24,-4.37
414921,2015-07-08,2015,BAL,2015-07-08 12:10:00,12,5,3,8,4,15,8,18,315,86.9,6,51,0.1176,0.2222,70.2,21.2,49.0,986.5,0.0,10.1,6.3,175.3,S,-0.82,2.68,-4.23
414936,2015-07-09,2015,DET,2015-07-09 19:10:00,19,2,4,6,1,12,3,15,256,86.0,4,55,0.0727,0.0667,73.5,23.0,67.0,984.8,0.0,8.0,5.0,191.7,S,1.61,4.18,-1.15
414948,2015-07-10,2015,DET,2015-07-10 19:10:00,19,8,6,14,4,18,5,22,299,85.7,4,54,0.0741,0.1818,76.5,24.7,66.0,986.4,0.0,9.3,5.8,180.3,S,0.05,3.22,-3.12
414963,2015-07-11,2015,DET,2015-07-11 15:05:00,15,9,5,14,2,17,4,27,295,88.6,1,57,0.0175,0.0741,80.7,27.0,63.7,985.6,0.1,12.7,7.9,158.7,S,-4.62,-0.29,-8.38
414978,2015-07-12,2015,DET,2015-07-12 13:10:00,13,7,1,8,2,12,5,15,259,87.1,3,51,0.0588,0.1333,85.6,29.8,64.7,980.9,0.0,16.7,10.4,162.0,S,-5.16,0.58,-10.28
415093,2015-07-24,2015,NYY,2015-07-24 19:10:00,19,10,1,11,4,9,1,24,280,86.0,5,66,0.0758,0.1667,80.9,27.2,66.0,981.4,0.0,11.6,7.2,301.0,NW,9.91,7.28,11.35
415108,2015-07-25,2015,NYY,2015-07-25 18:10:00,18,5,8,13,6,11,5,17,260,88.9,5,59,0.0847,0.3529,81.5,27.5,56.3,983.5,0.0,4.2,2.6,161.8,S,-1.32,0.13,-2.62
415123,2015-07-26,2015,NYY,2015-07-26 13:10:00,13,2,7,9,2,14,5,17,279,89.5,4,54,0.0741,0.1176,84.4,29.1,51.0,983.8,0.0,11.7,7.2,111.7,E,-10.84,-8.72,-11.66
415150,2015-07-28,2015,PIT,2015-07-28 19:10:00,19,7,8,15,1,13,8,23,309,89.3,4,63,0.0635,0.0435,77.1,25.1,65.3,981.6,0.4,14.9,9.2,263.3,W,14.77,14.47,13.29
415165,2015-07-29,2015,PIT,2015-07-29 12:10:00,12,4,10,14,2,14,7,25,335,86.7,4,64,0.0625,0.08,78.7,25.9,40.0,984.3,0.0,30.6,19.0,270.3,W,30.6,28.69,28.82
415179,2015-07-30,2015,SEA,2015-07-30 19:10:00,19,9,5,14,5,14,6,24,313,90.9,5,62,0.0806,0.2083,75.3,24.0,52.0,986.1,0.0,10.9,6.8,268.0,W,10.93,10.4,10.14
415192,2015-07-31,2015,SEA,2015-07-31 19:10:00,19,1,6,7,3,19,2,14,233,88.1,4,50,0.08,0.2143,73.7,23.2,50.0,985.4,0.0,10.8,6.7,278.7,W,10.68,9.48,10.59
415207,2015-08-01,2015,SEA,2015-08-01 18:10:00,18,3,2,5,1,16,5,12,265,91.8,5,48,0.1042,0.0833,80.7,27.0,53.0,978.9,0.0,13.1,8.1,191.0,S,2.5,6.75,-2.05
415222,2015-08-02,2015,SEA,2015-08-02 13:10:00,13,1,4,5,2,19,6,13,293,89.6,3,58,0.0517,0.1538,81.6,27.5,52.0,976.3,0.0,22.8,14.1,316.0,NW,15.82,9.26,20.46
415342,2015-08-11,2015,TEX,2015-08-11 19:10:00,19,3,2,5,1,12,7,14,320,89.2,3,53,0.0566,0.0714,71.7,22.0,62.0,990.9,0.0,5.7,3.5,352.7,N,0.73,-1.25,2.62
415357,2015-08-12,2015,TEX,2015-08-12 19:10:00,19,11,1,12,3,14,3,23,316,86.7,4,60,0.0667,0.1304,76.9,25.0,56.0,987.5,0.0,10.7,6.6,191.0,S,2.04,5.51,-1.67
415366,2015-08-13,2015,TEX,2015-08-13 12:10:00,12,5,6,11,2,6,7,18,276,88.4,2,63,0.0317,0.1111,83.6,28.7,57.7,985.1,0.0,13.8,8.6,283.3,W,13.43,11.53,13.71
415372,2015-08-14,2015,CLE,2015-08-14 19:10:00,19,1,6,7,2,12,2,15,232,87.9,3,54,0.0556,0.1333,82.6,28.1,65.3,988.3,0.0,6.1,3.8,236.0,SW,5.03,5.89,3.57
415387,2015-08-15,2015,CLE,2015-08-15 18:10:00,18,4,1,5,3,15,6,10,244,85.1,1,45,0.0222,0.3,83.5,28.6,50.3,984.9,0.0,14.9,9.3,183.7,S,0.95,5.99,-4.2
415402,2015-08-16,2015,CLE,2015-08-16 13:10:00,13,4,1,5,1,13,6,15,254,87.1,1,52,0.0192,0.0667,81.1,27.3,67.7,984.5,0.2,9.5,5.9,209.0,SW,4.59,7.14,1.48
415565,2015-08-28,2015,HOU,2015-08-28 19:10:00,19,3,0,3,1,17,6,9,288,85.9,0,42,0.0,0.1111,65.6,18.7,73.0,986.8,0.0,8.5,5.3,146.3,SE,-4.71,-2.01,-6.85
415580,2015-08-29,2015,HOU,2015-08-29 18:10:00,18,1,4,5,0,16,7,15,316,85.9,0,53,0.0,0.0,72.3,22.4,71.7,986.3,0.0,7.3,4.6,179.3,S,-0.09,2.43,-2.59
415595,2015-08-30,2015,HOU,2015-08-30 13:10:00,13,7,5,12,4,19,5,20,302,90.1,5,49,0.102,0.2,80.4,26.9,57.0,984.4,0.0,17.0,10.5,183.3,S,0.99,6.72,-4.87
415617,2015-09-01,2015,CWS,2015-09-01 19:10:00,19,8,6,14,2,16,6,22,288,91.2,4,58,0.069,0.0909,76.5,24.7,85.3,982.9,0.4,4.8,3.0,153.4,SE,-2.17,-0.56,-3.51
415632,2015-09-02,2015,CWS,2015-09-02 19:10:00,19,3,0,3,1,17,4,10,252,86.9,2,43,0.0465,0.1,72.0,22.2,90.7,982.3,0.0,9.2,5.7,68.3,E,-8.52,-9.16,-6.85
415646,2015-09-03,2015,CWS,2015-09-03 12:10:00,12,4,6,10,1,13,9,17,315,83.8,1,58,0.0172,0.0588,82.0,27.8,70.3,982.9,0.0,12.9,8.0,113.3,SE,-11.88,-9.41,-12.91
415797,2015-09-14,2015,DET,2015-09-14 19:10:00,19,7,1,8,1,16,7,21,292,87.4,3,54,0.0556,0.0476,73.9,23.3,70.3,979.6,0.0,15.8,9.8,167.7,S,-3.37,2.11,-8.45
415810,2015-09-15,2015,DET,2015-09-15 19:10:00,19,4,5,9,0,11,6,20,304,87.1,2,59,0.0339,0.0,76.9,24.9,52.7,980.5,0.0,26.7,16.6,174.3,S,-2.63,6.6,-11.55
415825,2015-09-16,2015,DET,2015-09-16 19:10:00,19,4,7,11,2,18,9,20,382,91.2,3,69,0.0435,0.1,78.0,25.6,70.0,980.5,0.2,19.0,11.8,172.0,S,-2.65,3.96,-8.94
415835,2015-09-17,2015,LAA,2015-09-17 19:10:00,19,8,11,19,6,18,8,27,372,88.9,8,65,0.1231,0.2222,70.4,21.3,69.0,979.4,0.0,17.8,11.1,320.0,NW,11.44,6.09,15.41
415844,2015-09-19,2015,LAA,2015-09-18 19:10:00,19,3,4,7,1,24,9,13,384,85.9,3,61,0.0492,0.0769,56.0,13.3,96.0,984.5,2.3,10.7,6.6,321.3,NW,6.67,3.42,9.11
415859,2015-09-19,2015,LAA,2015-09-19 18:10:00,18,2,5,7,3,12,4,16,257,86.5,3,55,0.0545,0.1875,62.1,16.7,55.3,987.2,0.0,9.1,5.7,197.7,S,2.76,5.56,-0.37
415874,2015-09-20,2015,LAA,2015-09-20 13:10:00,13,8,1,9,4,14,7,19,301,88.4,2,55,0.0364,0.2105,70.0,21.1,47.3,986.2,0.0,20.8,12.9,178.0,S,-0.72,6.42,-7.78
415905,2015-09-22,2015,CLE,2015-09-22 19:10:00,19,3,1,4,0,15,5,14,281,91.7,2,50,0.04,0.0,68.2,20.1,79.0,991.3,0.0,9.4,5.9,60.0,NE,-8.17,-9.29,-6.06
415920,2015-09-23,2015,CLE,2015-09-23 19:10:00,19,4,2,6,2,14,4,14,253,88.3,1,47,0.0213,0.1429,65.5,18.6,99.0,991.1,4.6,8.9,5.5,106.0,E,-8.56,-7.2,-8.88
415931,2015-09-24,2015,CLE,2015-09-24 19:10:00,19,3,6,9,4,13,7,20,279,88.9,3,58,0.0517,0.2,65.7,18.7,77.0,994.1,0.0,7.6,4.7,64.7,NE,-6.84,-7.53,-5.32
416042,2015-10-02,2015,KC,2015-10-02 19:10:00,19,1,3,4,0,11,7,13,288,89.6,2,55,0.0364,0.0,53.1,11.7,55.7,997.5,0.0,14.1,8.7,91.7,E,-14.06,-13.07,-13.35
416057,2015-10-03,2015,KC,2015-10-03 12:05:00,12,1,5,6,0,23,7,15,285,87.0,1,46,0.0217,0.0,56.5,13.6,49.7,995.4,0.0,17.4,10.8,84.3,E,-17.28,-16.83,-15.65
416072,2015-10-04,2015,KC,2015-10-04 14:10:00,14,1,6,7,1,12,13,17,340,84.3,2,59,0.0339,0.0588,56.0,13.3,56.7,993.5,0.0,6.4,4.0,108.0,E,-6.06,-5.02,-6.36
446959,2016-04-11,2016,CWS,2016-04-11 15:10:00,15,1,4,5,0,14,8,15,295,84.1,1,54,0.0185,0.0,39.6,4.2,35.7,988.7,0.0,23.6,14.7,319.0,NW,15.5,8.47,20.67
446984,2016-04-13,2016,CWS,2016-04-13 19:10:00,19,0,3,3,1,17,5,13,281,82.9,1,49,0.0204,0.0769,56.2,13.5,59.0,985.3,0.0,16.4,10.2,100.6,E,-16.15,-14.14,-16.21
446999,2016-04-14,2016,CWS,2016-04-14 12:10:00,12,1,3,4,1,15,3,13,280,81.5,4,52,0.0769,0.0769,69.6,20.9,47.3,985.2,0.0,24.1,15.0,180.7,S,0.28,8.51,-7.98
447015,2016-04-15,2016,LAA,2016-04-15 19:10:00,19,5,4,9,2,11,8,17,304,83.3,3,54,0.0556,0.1176,65.1,18.4,55.0,986.5,0.0,17.4,10.8,139.7,SE,-11.26,-6.05,-15.12
447030,2016-04-16,2016,LAA,2016-04-16 13:10:00,13,6,4,10,3,8,5,19,275,83.3,4,59,0.0678,0.1579,74.9,23.8,39.0,991.3,0.0,22.9,14.2,166.3,S,-5.4,2.52,-12.68
447045,2016-04-17,2016,LAA,2016-04-17 13:10:00,13,3,2,5,1,17,8,17,347,82.0,3,69,0.0435,0.0588,74.9,23.8,45.3,994.2,0.0,17.9,11.1,174.0,S,-1.87,4.32,-7.83
447056,2016-04-18,2016,MIL,2016-04-18 19:10:00,19,7,4,11,2,11,3,20,220,83.4,3,44,0.0682,0.1,59.3,15.2,59.0,992.0,0.0,18.4,11.5,52.0,NE,-14.53,-17.53,-9.77
447066,2016-04-19,2016,MIL,2016-04-19 12:10:00,12,5,6,11,2,13,10,17,321,85.9,2,56,0.0357,0.1176,54.4,12.4,77.3,992.9,0.5,14.4,9.0,95.3,E,-14.37,-13.05,-13.96
447152,2016-04-25,2016,CLE,2016-04-25 19:10:00,19,4,3,7,2,15,7,17,315,84.7,4,51,0.0784,0.1176,50.1,10.1,85.0,977.6,0.0,13.1,8.1,29.3,NE,-6.42,-9.94,-2.12
447165,2016-04-26,2016,CLE,2016-04-26 19:10:00,19,6,5,11,4,17,3,20,273,83.5,3,53,0.0566,0.2,47.5,8.6,64.7,984.3,0.0,13.9,8.6,89.7,E,-13.87,-13.06,-13.0
447180,2016-04-27,2016,CLE,2016-04-27 19:10:00,19,5,6,11,1,18,6,19,327,82.8,4,55,0.0727,0.0526,46.0,7.8,70.0,981.6,0.7,19.1,11.9,89.7,E,-19.13,-18.02,-17.94
447204,2016-04-29,2016,DET,2016-04-29 19:10:00,19,2,9,11,3,13,6,25,308,83.8,6,62,0.0968,0.12,52.2,11.2,58.7,989.0,0.0,5.7,3.5,89.0,E,-5.67,-5.36,-5.29
447219,2016-04-30,2016,DET,2016-04-30 13:10:00,13,1,4,5,2,21,3,13,288,84.6,3,45,0.0667,0.1538,57.2,14.0,45.3,987.0,0.0,25.0,15.5,74.0,E,-24.0,-24.91,-20.2
447234,2016-05-01,2016,DET,2016-05-01 13:10:00,13,5,6,11,1,13,3,25,323,85.2,4,63,0.0635,0.04,57.9,14.4,41.7,989.6,0.0,15.2,9.4,40.3,NE,-9.82,-13.18,-5.27
447354,2016-05-10,2016,BAL,2016-05-10 19:10:00,19,3,5,8,3,21,4,20,309,87.4,7,51,0.1373,0.15,53.7,12.1,82.0,986.6,0.0,11.8,7.3,94.0,E,-11.77,-10.78,-11.34
447369,2016-05-11,2016,BAL,2016-05-11 12:10:00,12,2,9,11,5,12,4,24,297,86.1,6,63,0.0952,0.2083,57.4,14.1,77.0,985.1,0.5,6.8,4.2,147.3,SE,-3.69,-1.5,-5.43
447484,2016-05-19,2016,TOR,2016-05-19 19:10:00,19,2,3,5,1,21,4,13,322,87.2,2,56,0.0357,0.0769,62.4,16.9,50.3,986.8,0.0,10.3,6.4,134.3,SE,-7.34,-4.45,-9.35
447499,2016-05-20,2016,TOR,2016-05-20 19:10:00,19,3,9,12,5,13,1,24,294,90.3,9,63,0.1429,0.2083,63.7,17.6,53.3,989.2,0.0,6.6,4.1,93.0,E,-6.59,-6.08,-6.31
447514,2016-05-21,2016,TOR,2016-05-21 13:10:00,13,5,3,8,3,13,7,10,242,86.1,2,45,0.0444,0.3,75.9,24.4,30.3,991.1,0.0,2.1,1.3,139.0,SE,-1.36,-0.74,-1.81
447529,2016-05-22,2016,TOR,2016-05-22 13:10:00,13,1,3,4,2,10,3,12,255,88.8,2,55,0.0364,0.1667,78.9,26.1,29.7,985.2,0.0,20.5,12.7,172.0,S,-2.85,4.26,-9.62
447534,2016-05-23,2016,KC,2016-05-23 19:10:00,19,4,10,14,1,15,5,29,341,85.9,1,64,0.0156,0.0345,65.3,18.5,95.7,977.8,9.3,10.7,6.6,204.6,SW,4.45,7.51,0.85
447546,2016-05-24,2016,KC,2016-05-24 19:10:00,19,4,7,11,1,19,7,20,308,83.8,1,53,0.0189,0.05,73.1,22.8,54.7,982.3,0.0,7.4,4.6,103.3,E,-7.2,-6.18,-7.35
447561,2016-05-25,2016,KC,2016-05-25 12:10:00,12,7,5,12,3,17,4,23,282,85.7,4,53,0.0755,0.1304,71.0,21.7,81.3,981.0,3.4,15.3,9.5,105.8,E,-14.73,-12.42,-15.26
447678,2016-06-02,2016,TB,2016-06-02 19:10:00,19,6,4,10,3,11,4,24,253,85.7,2,61,0.0328,0.125,65.3,18.5,64.3,986.0,0.0,4.4,2.8,166.6,S,-1.03,0.51,-2.44
447691,2016-06-03,2016,TB,2016-06-03 19:10:00,19,2,4,6,2,19,5,15,306,84.5,2,48,0.0417,0.1333,63.7,17.6,93.3,981.0,2.9,12.1,7.5,207.3,SW,5.57,8.92,1.55
447706,2016-06-04,2016,TB,2016-06-04 15:10:00,15,4,7,11,4,16,6,22,311,86.8,6,56,0.1071,0.1818,67.6,19.8,74.7,978.2,1.5,15.7,9.8,321.3,NW,9.84,5.05,13.44
447721,2016-06-05,2016,TB,2016-06-05 13:10:00,13,5,7,12,7,22,11,19,336,83.9,5,50,0.1,0.3684,77.3,25.2,33.0,975.1,0.1,27.1,16.8,307.7,NW,21.42,14.47,25.79
447742,2016-06-07,2016,MIA,2016-06-07 19:10:00,19,6,4,10,4,22,4,17,342,86.1,6,59,0.1017,0.2353,64.0,17.8,51.7,982.8,0.0,5.4,3.4,328.0,NW,2.86,1.12,4.26
447757,2016-06-08,2016,MIA,2016-06-08 19:10:00,19,7,5,12,3,10,2,28,283,88.6,5,68,0.0735,0.1071,69.2,20.7,63.0,981.9,0.2,9.6,6.0,97.7,E,-9.51,-8.5,-9.38
447768,2016-06-09,2016,MIA,2016-06-09 19:10:00,19,3,10,13,1,17,3,25,302,85.2,2,59,0.0339,0.04,74.2,23.4,73.0,979.3,0.0,16.3,10.1,117.0,SE,-14.52,-11.12,-16.18
447773,2016-06-10,2016,BOS,2016-06-10 19:10:00,19,1,8,9,1,16,3,24,304,84.8,3,62,0.0484,0.0417,79.8,26.6,81.7,979.4,0.0,5.9,3.6,225.7,SW,4.2,5.35,2.55
447788,2016-06-11,2016,BOS,2016-06-11 13:10:00,13,4,15,19,3,11,12,22,353,85.9,2,63,0.0317,0.1364,87.6,30.9,41.7,984.9,0.0,5.5,3.4,33.4,NE,-3.03,-4.41,-1.27
447803,2016-06-12,2016,BOS,2016-06-12 13:10:00,13,7,4,11,2,14,11,14,317,86.4,4,57,0.0702,0.1429,74.7,23.7,65.3,988.0,0.0,19.3,12.0,124.0,SE,-16.0,-11.34,-18.73
447861,2016-06-16,2016,NYY,2016-06-16 19:10:00,19,1,4,5,1,19,5,14,296,83.0,1,46,0.0217,0.0714,72.7,22.6,66.3,984.1,0.0,8.7,5.4,117.6,SE,-7.68,-5.84,-8.59
447875,2016-06-17,2016,NYY,2016-06-17 19:10:00,19,2,8,10,2,7,6,23,312,86.1,2,66,0.0303,0.087,78.1,25.6,69.0,988.7,0.0,14.2,8.8,192.5,S,3.08,7.63,-1.85
447890,2016-06-18,2016,NYY,2016-06-18 13:10:00,13,6,7,13,5,23,2,21,305,82.6,4,50,0.08,0.2381,84.4,29.1,55.3,991.5,0.0,9.9,6.2,196.0,S,2.73,5.82,-0.69
447905,2016-06-19,2016,NYY,2016-06-19 13:10:00,13,7,4,11,4,10,2,18,284,83.3,4,59,0.0678,0.2222,88.5,31.4,50.3,984.7,0.0,29.7,18.4,195.0,S,7.68,17.02,-2.59
447929,2016-06-21,2016,PHI,2016-06-21 19:10:00,19,14,10,24,5,13,7,28,340,84.8,4,68,0.0588,0.1786,75.0,23.9,55.3,982.1,0.0,3.7,2.3,269.3,W,3.7,3.49,3.46
447944,2016-06-22,2016,PHI,2016-06-22 19:10:00,19,6,5,11,2,12,4,22,270,89.4,2,60,0.0333,0.0909,72.6,22.5,86.7,977.5,0.7,6.7,4.2,249.4,W,6.3,6.73,5.11
447956,2016-06-23,2016,PHI,2016-06-23 12:10:00,12,3,7,10,2,9,7,23,308,82.3,4,64,0.0625,0.087,71.1,21.7,55.7,987.4,0.0,12.2,7.6,33.0,NE,-6.63,-9.72,-2.74
448071,2016-07-01,2016,TEX,2016-07-01 19:10:00,19,2,3,5,2,18,7,15,312,82.4,4,54,0.0741,0.1333,67.5,19.7,54.3,989.9,0.0,4.9,3.0,129.7,SE,-3.77,-2.48,-4.61
448086,2016-07-02,2016,TEX,2016-07-02 13:10:00,13,17,5,22,6,10,6,23,325,86.7,6,66,0.0909,0.2609,76.0,24.4,40.0,989.0,0.0,5.2,3.3,143.3,SE,-3.13,-1.5,-4.37
448101,2016-07-03,2016,TEX,2016-07-03 13:10:00,13,5,4,9,1,14,7,19,309,84.3,2,54,0.037,0.0526,76.3,24.6,46.7,986.6,0.0,11.6,7.2,142.0,SE,-7.12,-3.57,-9.81
448112,2016-07-04,2016,ATH,2016-07-04 13:10:00,13,1,3,4,0,14,8,11,296,83.6,1,51,0.0196,0.0,76.5,24.7,54.3,979.7,0.0,16.4,10.2,212.3,SW,8.77,12.98,3.5
448127,2016-07-05,2016,ATH,2016-07-05 19:10:00,19,11,4,15,5,11,7,20,312,83.5,4,60,0.0667,0.25,70.9,21.6,94.7,977.3,20.0,9.3,5.8,156.8,SE,-3.67,-0.52,-6.37
448142,2016-07-06,2016,ATH,2016-07-06 12:10:00,12,4,0,4,0,13,6,12,265,81.6,1,49,0.0204,0.0,82.6,28.1,43.7,980.6,0.0,6.1,3.8,3.0,N,-0.32,-2.38,1.78
448206,2016-07-15,2016,CLE,2016-07-15 19:10:00,19,2,5,7,2,15,4,12,293,85.2,3,49,0.0612,0.1667,69.8,21.0,63.0,987.3,0.0,2.3,1.4,240.2,SW,2.03,2.3,1.51
448221,2016-07-16,2016,CLE,2016-07-16 18:10:00,18,5,4,9,0,17,10,19,370,84.1,1,68,0.0147,0.0,74.3,23.5,58.7,984.2,0.0,11.3,7.0,165.4,S,-2.84,1.07,-6.41
448236,2016-07-17,2016,CLE,2016-07-17 13:10:00,13,1,6,7,4,9,4,19,276,82.6,3,61,0.0492,0.2105,80.7,27.0,56.0,981.7,0.0,24.5,15.2,278.3,W,24.21,21.53,23.96
448356,2016-07-26,2016,ATL,2016-07-26 19:10:00,19,0,2,2,1,13,3,12,239,86.1,1,51,0.0196,0.0833,80.7,27.1,65.7,984.9,0.0,6.2,3.9,228.0,SW,4.63,5.78,2.93
448371,2016-07-27,2016,ATL,2016-07-27 19:10:00,19,7,9,16,3,19,4,29,339,82.8,2,63,0.0317,0.1034,70.8,21.5,88.3,984.8,0.0,12.0,7.5,9.3,N,-1.94,-5.88,2.22
447341,2016-07-28,2016,BAL,2016-05-09 19:10:00,19,6,2,8,2,17,6,23,322,85.8,2,52,0.0385,0.087,58.0,14.5,65.3,979.6,1.5,16.6,10.3,108.0,E,-15.79,-13.08,-16.59
448396,2016-07-29,2016,CWS,2016-07-29 19:10:00,19,2,1,3,1,19,7,14,342,82.0,1,60,0.0167,0.0714,70.2,21.2,57.0,986.8,0.0,5.9,3.7,25.6,NE,-2.55,-4.21,-0.57
448411,2016-07-30,2016,CWS,2016-07-30 18:10:00,18,5,6,11,2,11,5,23,313,87.2,4,72,0.0556,0.087,74.6,23.7,68.7,985.3,0.0,2.6,1.6,168.4,S,-0.52,0.37,-1.35
448426,2016-07-31,2016,CWS,2016-07-31 13:10:00,13,6,4,10,3,16,6,18,276,84.7,4,52,0.0769,0.1667,80.1,26.7,61.7,985.8,0.0,15.2,9.4,138.3,SE,-10.08,-5.6,-13.35
448537,2016-08-08,2016,HOU,2016-08-08 19:10:00,19,3,1,4,0,16,3,15,246,85.8,0,47,0.0,0.0,75.5,24.2,62.0,983.1,0.0,11.6,7.2,167.0,S,-2.61,1.41,-6.32
448548,2016-08-09,2016,HOU,2016-08-09 19:10:00,19,5,7,12,4,16,6,21,303,86.7,3,55,0.0545,0.1905,80.4,26.9,73.3,983.6,0.0,9.7,6.0,180.7,S,0.11,3.44,-3.22
448564,2016-08-11,2016,HOU,2016-08-10 19:10:00,19,2,10,12,3,15,3,25,312,82.6,5,65,0.0769,0.12,81.0,27.2,75.7,983.9,3.0,7.7,4.8,151.4,SE,-3.69,-1.15,-5.78
448576,2016-08-11,2016,HOU,2016-08-11 12:10:00,12,7,15,22,3,11,8,32,314,86.0,4,74,0.0541,0.0938,81.3,27.4,68.7,981.9,0.1,11.9,7.4,315.0,NW,8.41,5.03,10.78
448590,2016-08-12,2016,KC,2016-08-12 19:10:00,19,3,7,10,3,23,3,16,287,84.2,4,47,0.0851,0.1875,70.6,21.4,88.0,981.9,0.2,6.7,4.1,356.9,N,0.36,-1.94,2.61
448605,2016-08-13,2016,KC,2016-08-13 18:10:00,18,5,3,8,4,14,3,20,260,83.7,5,57,0.0877,0.2,74.2,23.4,61.3,983.2,0.0,7.2,4.5,275.3,W,7.14,6.48,6.93
448620,2016-08-14,2016,KC,2016-08-14 13:10:00,13,4,11,15,2,12,4,22,311,83.8,3,64,0.0469,0.0909,78.3,25.7,45.7,988.1,0.0,5.1,3.2,320.0,NW,3.28,1.75,4.42
448736,2016-08-23,2016,DET,2016-08-23 19:10:00,19,3,8,11,3,7,4,20,268,87.9,3,62,0.0484,0.15,75.3,24.0,71.7,981.6,0.5,14.8,9.2,158.0,S,-5.54,-0.52,-9.9
448752,2016-08-24,2016,DET,2016-08-24 19:10:00,19,4,9,13,4,17,5,22,304,83.4,6,58,0.1034,0.1818,71.5,21.9,56.0,985.2,0.0,10.7,6.7,283.0,W,10.46,9.0,10.65
448765,2016-08-25,2016,DET,2016-08-25 12:10:00,12,5,8,13,1,12,7,20,287,86.8,2,61,0.0328,0.05,72.3,22.4,52.3,987.9,0.0,19.4,12.1,272.3,W,19.38,17.94,18.49
448860,2016-09-01,2016,CWS,2016-09-01 19:10:00,19,8,5,13,4,23,6,24,315,83.3,3,50,0.06,0.1667,66.2,19.0,62.7,994.1,0.0,9.8,6.1,107.0,E,-9.4,-7.85,-9.82
448867,2016-09-02,2016,CWS,2016-09-02 19:10:00,19,4,11,15,2,18,7,25,303,82.8,2,58,0.0345,0.08,67.3,19.6,64.0,990.5,0.0,11.6,7.2,150.3,SE,-5.76,-1.95,-8.87
448882,2016-09-03,2016,CWS,2016-09-03 18:10:00,18,11,3,14,6,19,10,16,323,82.6,5,48,0.1042,0.375,69.6,20.9,61.7,986.4,0.0,17.0,10.5,166.0,S,-4.1,1.77,-9.49
448897,2016-09-04,2016,CWS,2016-09-04 13:10:00,13,11,13,24,6,26,10,34,468,84.3,8,83,0.0964,0.1765,76.2,24.5,59.7,984.6,0.5,24.0,14.9,165.0,S,-6.22,2.09,-13.78
448916,2016-09-05,2016,KC,2016-09-05 13:10:00,13,5,11,16,5,19,8,28,327,86.6,7,60,0.1167,0.1786,79.3,26.3,70.3,981.0,0.0,13.4,8.3,187.0,S,1.63,6.07,-3.0
448931,2016-09-06,2016,KC,2016-09-06 19:10:00,19,3,10,13,5,14,6,18,296,83.3,4,56,0.0714,0.2778,72.1,22.3,84.0,984.4,0.0,4.8,3.0,11.4,N,-0.94,-2.48,0.71
448946,2016-09-07,2016,KC,2016-09-07 19:10:00,19,6,5,11,4,18,4,23,299,85.4,7,54,0.1296,0.1739,69.7,20.9,92.3,980.8,0.0,10.5,6.5,129.0,SE,-8.16,-5.41,-9.93
448965,2016-09-09,2016,CLE,2016-09-09 19:10:00,19,4,5,9,3,16,9,15,300,85.9,5,54,0.0926,0.2,67.5,19.7,61.0,982.3,0.0,13.3,8.3,295.7,NW,11.99,9.29,13.23
448980,2016-09-10,2016,CLE,2016-09-10 18:10:00,18,2,1,3,1,14,10,14,330,83.3,2,70,0.0286,0.0714,64.3,18.0,58.0,987.2,0.0,6.7,4.2,260.3,W,6.64,6.63,5.85
448995,2016-09-11,2016,CLE,2016-09-11 13:10:00,13,1,7,8,1,18,8,18,332,83.3,1,54,0.0185,0.0556,76.0,24.4,49.3,983.0,0.0,26.8,16.7,194.7,S,6.79,15.26,-2.49
449121,2016-09-20,2016,DET,2016-09-20 19:10:00,19,1,8,9,3,20,5,14,277,85.6,4,47,0.0851,0.2143,68.4,20.2,74.7,986.7,2.4,13.6,8.5,81.7,E,-13.49,-13.35,-12.0
449136,2016-09-22,2016,DET,2016-09-21 19:10:00,19,2,9,11,3,16,10,14,313,81.8,4,49,0.0816,0.2143,67.3,19.6,99.0,985.3,17.4,17.1,10.6,70.3,E,-16.07,-17.07,-13.14
449149,2016-09-22,2016,DET,2016-09-22 19:10:00,19,2,4,6,2,29,8,10,316,80.9,2,33,0.0606,0.2,64.8,18.2,73.3,988.5,0.0,15.2,9.4,41.0,NE,-9.95,-13.27,-5.44
449167,2016-09-23,2016,SEA,2016-09-23 19:10:00,19,1,10,11,1,19,8,18,331,82.8,2,52,0.0385,0.0556,65.7,18.7,83.3,988.3,0.0,16.7,10.4,121.7,SE,-14.24,-10.37,-16.39
449182,2016-09-24,2016,SEA,2016-09-24 18:10:00,18,3,2,5,3,13,1,8,197,85.2,3,47,0.0638,0.375,71.7,22.0,77.7,985.9,0.0,18.4,11.5,127.7,SE,-14.59,-9.86,-17.56
449197,2016-09-25,2016,SEA,2016-09-25 13:10:00,13,3,4,7,4,16,6,15,290,83.4,4,52,0.0769,0.2667,64.4,18.0,63.7,982.0,0.1,24.0,14.9,256.0,W,23.29,23.87,19.9
490103,2017-04-03,2017,KC,2017-04-03 15:10:00,15,7,1,8,2,15,9,11,270,80.6,1,45,0.0222,0.1818,51.0,10.6,81.0,971.9,0.4,13.5,8.4,51.3,NE,-10.57,-12.82,-7.04
490125,2017-04-05,2017,KC,2017-04-05 12:10:00,12,9,1,10,1,16,12,12,315,81.6,2,44,0.0455,0.0833,53.7,12.0,41.7,984.3,0.0,12.7,7.9,7.0,N,-1.55,-5.77,2.86
490139,2017-04-06,2017,KC,2017-04-06 12:10:00,12,5,3,8,2,17,11,18,307,84.6,2,51,0.0392,0.1111,51.1,10.6,31.0,991.7,0.0,20.6,12.8,0.3,N,-0.12,-7.17,6.94
490242,2017-04-14,2017,CWS,2017-04-14 19:10:00,19,1,2,3,1,10,7,13,264,83.5,2,52,0.0385,0.0769,56.4,13.6,91.7,981.3,0.2,15.3,9.5,133.0,SE,-11.21,-6.96,-14.11
490257,2017-04-15,2017,CWS,2017-04-15 13:10:00,13,6,0,6,0,14,6,12,242,82.6,0,48,0.0,0.0,71.2,21.8,57.7,977.6,0.0,8.4,5.2,286.3,W,8.06,6.77,8.38
490272,2017-04-16,2017,CWS,2017-04-16 15:10:00,15,1,3,4,2,20,4,17,301,80.8,2,56,0.0357,0.1176,62.8,17.1,26.7,986.6,0.0,22.1,13.8,276.7,W,21.98,19.78,21.54
490287,2017-04-17,2017,CLE,2017-04-17 19:10:00,19,1,3,4,1,16,6,19,282,82.9,2,56,0.0357,0.0526,46.5,8.0,70.3,989.5,0.0,5.8,3.6,65.3,NE,-5.27,-5.78,-4.12
490299,2017-04-18,2017,CLE,2017-04-18 19:10:00,19,4,11,15,3,13,3,23,308,84.1,4,64,0.0625,0.1304,51.1,10.6,78.0,983.5,0.0,11.8,7.3,288.0,W,11.19,9.27,11.76
490328,2017-04-20,2017,CLE,2017-04-20 12:10:00,12,2,6,8,0,18,12,15,346,84.7,1,50,0.02,0.0,45.7,7.6,70.0,982.8,0.0,19.4,12.1,308.7,NW,15.17,10.11,18.41
490340,2017-04-21,2017,DET,2017-04-21 19:10:00,19,6,3,9,2,14,7,13,280,83.2,3,49,0.0612,0.1538,46.5,8.0,70.0,991.1,0.0,9.5,5.9,36.2,NE,-5.61,-7.89,-2.64
490355,2017-04-22,2017,DET,2017-04-22 13:10:00,13,4,5,9,3,18,9,21,343,81.7,4,58,0.069,0.1429,65.3,18.5,35.0,991.5,0.0,11.8,7.3,261.3,W,11.67,11.57,10.35
490370,2017-04-23,2017,DET,2017-04-23 13:10:00,13,4,13,17,4,17,9,19,320,84.1,4,55,0.0727,0.2105,65.0,18.3,46.7,985.4,0.0,6.2,3.8,198.1,S,1.91,3.8,-0.21
490494,2017-05-02,2017,ATH,2017-05-02 19:10:00,19,9,1,10,7,16,7,17,284,88.7,7,51,0.1373,0.4118,45.4,7.5,73.7,984.0,0.0,9.0,5.6,195.7,S,2.43,5.25,-0.68
490510,2017-05-03,2017,ATH,2017-05-03 19:10:00,19,7,4,11,2,13,11,17,327,84.1,7,53,0.1321,0.1176,50.3,10.2,81.3,986.8,0.0,7.5,4.7,210.9,SW,3.87,5.85,1.43
490525,2017-05-04,2017,ATH,2017-05-04 12:10:00,12,5,8,13,4,22,13,20,364,84.2,6,51,0.1176,0.2,64.2,17.9,39.3,987.0,0.0,14.1,8.7,357.3,N,0.65,-4.19,5.42
490530,2017-05-05,2017,BOS,2017-05-05 19:10:00,19,4,3,7,2,15,3,19,303,83.1,3,57,0.0526,0.1053,61.3,16.3,54.7,976.8,0.0,16.1,10.0,349.0,N,3.05,-2.53,8.26
490560,2017-05-07,2017,BOS,2017-05-07 13:10:00,13,6,17,23,6,18,15,22,373,82.3,5,56,0.0893,0.2727,63.2,17.3,42.0,986.4,0.0,8.8,5.4,93.7,E,-8.75,-8.03,-8.41
490682,2017-05-16,2017,COL,2017-05-16 19:10:00,19,3,7,10,3,13,5,16,285,82.5,2,56,0.0357,0.1875,65.7,18.7,94.7,968.4,0.0,7.5,4.7,255.3,W,7.25,7.47,6.16
490696,2017-05-18,2017,COL,2017-05-17 19:10:00,19,2,0,2,0,18,8,11,280,82.2,2,41,0.0488,0.0,61.0,16.1,98.3,964.6,1.5,15.4,9.5,32.3,NE,-8.2,-12.15,-3.26
490711,2017-05-18,2017,COL,2017-05-18 12:10:00,12,1,5,6,1,14,7,14,291,84.5,2,51,0.0392,0.0714,52.0,11.1,69.3,985.9,0.0,14.5,9.0,3.3,N,-0.84,-5.73,4.15
490723,2017-05-19,2017,KC,2017-05-19 19:10:00,19,4,3,7,3,10,6,21,316,83.4,3,67,0.0448,0.1429,51.4,10.8,50.3,992.2,0.0,10.1,6.3,65.7,NE,-9.2,-10.07,-7.22
490738,2017-05-21,2017,KC,2017-05-20 13:10:00,13,8,4,12,6,11,8,18,269,84.3,7,55,0.1273,0.3333,45.3,7.4,96.7,983.6,4.4,19.0,11.8,81.7,E,-18.8,-18.61,-16.72
490753,2017-05-21,2017,KC,2017-05-21 13:10:00,13,4,6,10,4,18,12,20,339,80.3,6,53,0.1132,0.2,48.4,9.1,85.7,980.8,0.9,18.8,11.7,272.7,W,18.75,17.32,17.91
490827,2017-05-26,2017,TB,2017-05-26 19:10:00,19,2,5,7,3,21,3,13,287,85.8,6,46,0.1304,0.2308,64.3,17.9,73.3,977.9,0.0,7.6,4.7,285.0,W,7.37,6.25,7.6
490842,2017-05-27,2017,TB,2017-05-27 13:10:00,13,5,3,8,3,14,9,18,326,82.5,3,54,0.0556,0.1667,71.9,22.2,37.7,981.6,0.1,8.4,5.2,251.7,W,7.94,8.36,6.56
490857,2017-05-28,2017,TB,2017-05-28 13:10:00,13,6,8,14,3,33,20,31,572,83.0,3,86,0.0349,0.0968,68.1,20.1,43.7,976.6,0.1,24.4,15.2,281.7,W,23.9,20.77,24.14
490865,2017-05-29,2017,HOU,2017-05-29 13:10:00,13,8,16,24,5,18,8,29,348,83.1,6,63,0.0952,0.1724,59.8,15.5,67.0,979.4,1.8,20.6,12.8,291.6,W,19.12,15.38,20.56
490880,2017-05-30,2017,HOU,2017-05-30 19:10:00,19,2,7,9,1,16,9,17,295,81.1,2,52,0.0385,0.0588,54.9,12.7,66.3,984.2,0.0,11.9,7.4,302.0,NW,10.06,7.31,11.61
490896,2017-05-31,2017,HOU,2017-05-31 12:10:00,12,6,17,23,9,17,10,31,372,87.0,8,66,0.1212,0.2903,70.5,21.4,33.3,985.4,0.0,20.9,13.0,304.3,NW,17.23,12.17,20.22
491058,2017-06-12,2017,SEA,2017-06-12 19:10:00,19,3,14,17,2,15,5,26,327,84.6,5,66,0.0758,0.0769,70.0,21.1,76.0,981.4,0.0,6.2,3.8,60.0,NE,-5.34,-6.07,-3.96
491072,2017-06-13,2017,SEA,2017-06-13 19:10:00,19,20,7,27,6,10,2,42,296,87.1,7,80,0.0875,0.1429,79.0,26.1,73.7,975.8,8.3,20.4,12.7,172.4,S,-2.69,4.38,-9.45
491087,2017-06-14,2017,SEA,2017-06-14 19:10:00,19,4,6,10,5,18,4,20,286,82.3,4,56,0.0714,0.25,71.7,22.1,74.3,977.1,0.0,7.5,4.7,251.4,W,7.11,7.5,5.86
491097,2017-06-15,2017,SEA,2017-06-15 12:10:00,12,6,2,8,3,10,4,17,264,82.5,3,55,0.0545,0.1765,80.2,26.8,40.7,979.0,0.0,20.7,12.9,261.7,W,20.51,20.3,18.25
491104,2017-06-16,2017,CLE,2017-06-16 19:10:00,19,1,8,9,2,16,8,14,279,82.2,1,49,0.0204,0.1429,69.4,20.8,74.7,973.0,0.0,5.5,3.4,250.2,W,5.21,5.53,4.25
490314,2017-06-17,2017,CLE,2017-04-19 19:10:00,19,2,6,8,5,12,9,16,302,82.5,4,56,0.0714,0.3125,45.6,7.5,93.7,984.0,1.8,17.4,10.8,35.6,NE,-10.15,-14.39,-4.69
491119,2017-06-17,2017,CLE,2017-06-17 13:10:00,13,3,9,12,2,14,8,22,328,83.1,1,60,0.0167,0.0909,78.7,26.0,44.3,972.4,0.2,15.9,9.9,256.6,W,15.5,15.83,13.31
491134,2017-06-18,2017,CLE,2017-06-18 13:10:00,13,2,5,7,2,17,8,15,287,82.8,1,49,0.0204,0.1333,69.9,21.0,51.0,976.1,0.1,20.7,12.9,306.7,NW,16.6,11.37,19.83
491158,2017-06-20,2017,CWS,2017-06-20 19:10:00,19,9,7,16,5,18,10,27,336,82.9,5,62,0.0806,0.1852,64.0,17.8,73.0,983.1,0.0,6.2,3.9,312.8,NW,4.55,2.84,5.72
491173,2017-06-21,2017,CWS,2017-06-21 19:10:00,19,4,2,6,1,14,7,15,262,82.1,2,51,0.0392,0.0667,71.8,22.1,74.3,976.7,0.0,12.0,7.4,152.0,SE,-5.62,-1.67,-8.89
491188,2017-06-22,2017,CWS,2017-06-22 12:10:00,12,0,9,9,3,18,2,25,328,85.0,4,60,0.0667,0.12,69.1,20.6,86.7,976.0,2.6,6.2,3.9,277.2,W,6.18,5.54,6.08
491343,2017-07-03,2017,LAA,2017-07-03 19:10:00,19,9,5,14,4,15,6,25,276,83.2,5,58,0.0862,0.16,70.1,21.2,71.7,986.7,0.0,7.2,4.5,95.3,E,-7.2,-6.54,-7.0
491355,2017-07-04,2017,LAA,2017-07-04 13:10:00,13,5,4,9,3,10,6,20,292,83.7,5,57,0.0877,0.15,84.4,29.1,52.7,986.5,0.0,11.6,7.2,171.0,S,-1.81,2.21,-5.61
491370,2017-07-05,2017,LAA,2017-07-05 19:10:00,19,1,2,3,1,13,5,14,268,79.8,1,53,0.0189,0.0714,79.0,26.1,82.3,984.6,0.0,6.6,4.1,179.1,S,-0.1,2.15,-2.34
491380,2017-07-06,2017,BAL,2017-07-06 19:10:00,19,6,4,10,1,14,3,19,297,81.5,1,58,0.0172,0.0526,78.6,25.9,71.7,981.7,0.0,8.7,5.4,311.6,NW,6.48,4.12,8.06
491390,2017-07-07,2017,BAL,2017-07-07 19:10:00,19,9,6,15,3,17,1,26,298,82.7,5,57,0.0877,0.1154,69.0,20.6,65.7,986.4,0.0,7.3,4.6,29.0,NE,-3.55,-5.53,-1.14
491405,2017-07-08,2017,BAL,2017-07-08 13:10:00,13,1,5,6,3,19,7,16,302,81.4,4,50,0.08,0.1875,78.4,25.8,42.7,986.9,0.0,12.3,7.6,261.7,W,12.17,12.05,10.83
491420,2017-07-09,2017,BAL,2017-07-09 13:10:00,13,5,11,16,2,10,6,20,319,82.7,4,65,0.0615,0.1,83.4,28.6,47.3,981.0,0.0,14.6,9.1,167.0,S,-3.29,1.78,-7.97
491484,2017-07-17,2017,NYY,2017-07-17 19:10:00,19,4,2,6,0,15,5,18,282,83.3,0,52,0.0,0.0,80.8,27.1,80.0,982.5,0.0,13.8,8.6,157.0,SE,-5.41,-0.73,-9.44
491499,2017-07-18,2017,NYY,2017-07-18 19:10:00,19,3,6,9,2,14,7,20,310,83.4,3,59,0.0508,0.1,71.5,22.0,81.7,987.6,0.0,7.6,4.7,22.0,N,-2.86,-5.11,-0.27
491514,2017-07-19,2017,NYY,2017-07-19 12:10:00,12,6,1,7,1,15,4,14,287,79.2,1,48,0.0208,0.0714,85.0,29.4,48.0,986.9,0.2,17.6,10.9,145.7,SE,-9.93,-4.36,-14.3
491535,2017-07-21,2017,DET,2017-07-21 19:10:00,19,3,6,9,2,15,7,18,309,81.2,3,54,0.0556,0.1111,76.6,24.8,85.0,980.2,0.0,6.1,3.8,108.8,E,-5.74,-4.73,-6.07
491550,2017-07-22,2017,DET,2017-07-22 18:10:00,18,6,5,11,1,8,8,22,295,83.9,1,63,0.0159,0.0455,78.6,25.9,62.3,980.0,0.0,9.2,5.7,304.0,NW,7.66,5.43,8.96
491565,2017-07-23,2017,DET,2017-07-23 13:10:00,13,6,9,15,3,26,10,25,377,79.8,4,51,0.0784,0.12,75.3,24.0,55.3,983.4,0.2,12.5,7.7,354.7,N,1.16,-3.16,5.33
491723,2017-08-03,2017,TEX,2017-08-03 19:10:00,19,1,4,5,1,19,6,12,298,80.5,2,45,0.0444,0.0833,55.1,12.8,73.0,986.5,0.0,16.7,10.4,332.3,NW,7.74,2.22,12.32
491736,2017-08-04,2017,TEX,2017-08-04 19:10:00,19,8,4,12,4,10,4,21,268,85.2,3,59,0.0508,0.1905,65.5,18.6,65.3,984.9,0.0,8.0,5.0,281.0,W,7.85,6.86,7.9
491751,2017-08-05,2017,TEX,2017-08-05 18:10:00,18,1,4,5,1,15,3,12,248,82.2,1,48,0.0208,0.0833,66.8,19.3,80.7,985.5,0.6,5.1,3.2,199.9,S,1.73,3.27,-0.01
491766,2017-08-06,2017,TEX,2017-08-06 13:10:00,13,6,5,11,5,17,4,14,271,81.8,4,47,0.0851,0.3571,69.3,20.7,75.7,986.4,7.2,3.7,2.3,206.7,SW,1.68,2.72,0.44
491773,2017-08-07,2017,MIL,2017-08-07 19:10:00,19,5,4,9,1,12,9,16,293,84.0,3,54,0.0556,0.0625,67.6,19.8,76.0,989.9,0.0,7.5,4.7,254.7,W,7.26,7.51,6.15
491784,2017-08-08,2017,MIL,2017-08-08 19:10:00,19,11,4,15,5,16,6,27,311,84.5,6,58,0.1034,0.1852,69.3,20.7,71.0,988.6,0.0,6.9,4.3,211.3,SW,3.61,5.41,1.36
491877,2017-08-15,2017,CLE,2017-08-15 19:10:00,19,1,8,9,5,19,6,14,290,79.1,7,48,0.1458,0.3571,66.5,19.2,79.0,983.3,0.0,7.0,4.3,120.3,SE,-6.01,-4.45,-6.85
491893,2017-08-17,2017,CLE,2017-08-16 19:10:00,19,4,2,6,2,16,7,16,271,82.8,2,50,0.04,0.125,68.7,20.4,96.7,974.1,14.6,13.2,8.2,84.3,E,-13.1,-12.76,-11.86
491907,2017-08-17,2017,CLE,2017-08-17 12:10:00,12,3,9,12,3,24,6,24,355,82.8,4,50,0.08,0.125,68.7,20.4,78.7,976.0,0.3,24.0,14.9,313.0,NW,17.53,10.88,22.06
491913,2017-08-18,2017,AZ,2017-08-18 19:10:00,19,10,3,13,7,18,6,24,296,81.5,5,53,0.0943,0.2917,65.7,18.7,85.3,982.3,0.0,6.3,3.9,230.3,SW,4.84,5.93,3.17
491928,2017-08-19,2017,AZ,2017-08-19 18:10:00,18,5,0,5,0,16,7,11,290,79.4,1,45,0.0222,0.0,70.2,21.2,79.7,981.9,0.0,7.4,4.6,172.0,S,-1.03,1.55,-3.49
491943,2017-08-20,2017,AZ,2017-08-20 13:10:00,13,12,5,17,6,13,6,21,311,82.1,5,60,0.0833,0.2857,81.4,27.4,65.7,983.5,0.5,9.6,6.0,248.5,W,8.96,9.63,7.21
492065,2017-08-29,2017,CWS,2017-08-29 19:10:00,19,6,4,10,2,16,8,18,282,83.6,4,50,0.08,0.1111,67.0,19.5,81.3,987.2,0.0,7.1,4.4,198.3,S,2.24,4.42,-0.21
492080,2017-08-30,2017,CWS,2017-08-30 19:10:00,19,11,1,12,2,19,8,22,303,80.6,2,54,0.037,0.0909,66.0,18.9,69.7,990.2,0.0,12.1,7.5,54.3,NE,-9.86,-11.68,-6.84
492095,2017-08-31,2017,CWS,2017-08-31 12:10:00,12,5,4,9,1,19,7,21,300,81.1,3,54,0.0556,0.0476,70.0,21.1,48.3,993.2,0.0,12.3,7.6,106.3,E,-11.77,-9.88,-12.24
492108,2017-09-01,2017,KC,2017-09-01 19:10:00,19,6,7,13,3,14,5,21,306,83.5,5,60,0.0833,0.1429,65.8,18.8,69.7,986.8,0.0,13.4,8.3,165.7,S,-3.32,1.32,-7.56
492123,2017-09-02,2017,KC,2017-09-02 18:10:00,18,17,0,17,3,11,9,21,326,81.2,2,59,0.0339,0.1429,67.9,19.9,61.0,983.5,0.0,9.2,5.7,287.0,W,8.83,7.37,9.22
492138,2017-09-03,2017,KC,2017-09-03 13:10:00,13,4,5,9,2,6,6,15,307,80.0,2,60,0.0333,0.1333,83.5,28.6,49.0,980.9,0.0,17.3,10.7,215.0,SW,9.9,14.14,4.47
492267,2017-09-12,2017,SD,2017-09-12 19:10:00,19,16,0,16,7,14,3,22,313,82.0,8,59,0.1356,0.3182,71.1,21.7,83.0,980.2,0.0,7.0,4.3,169.3,S,-1.29,1.13,-3.55
492282,2017-09-13,2017,SD,2017-09-13 19:10:00,19,3,1,4,2,17,5,17,301,81.4,2,56,0.0357,0.1176,73.8,23.2,74.7,974.8,0.0,9.0,5.6,155.7,SE,-3.71,-0.68,-6.29
492295,2017-09-14,2017,TOR,2017-09-14 19:10:00,19,3,2,5,2,17,13,15,311,82.0,4,54,0.0741,0.1333,77.2,25.1,59.0,976.2,0.0,13.9,8.6,158.0,S,-5.2,-0.48,-9.28
492310,2017-09-15,2017,TOR,2017-09-15 19:10:00,19,3,4,7,3,12,6,15,273,80.8,2,57,0.0351,0.2,78.2,25.7,55.7,978.8,0.0,15.3,9.5,145.4,SE,-8.7,-3.87,-12.48
492325,2017-09-16,2017,TOR,2017-09-16 18:10:00,18,2,7,9,4,14,5,15,278,80.6,5,54,0.0926,0.2667,64.6,18.1,80.3,984.0,0.3,13.9,8.7,290.3,W,13.07,10.62,13.93
492340,2017-09-17,2017,TOR,2017-09-17 13:10:00,13,13,7,20,6,17,10,22,316,83.8,7,57,0.1228,0.2727,63.9,17.7,50.3,990.0,0.0,13.5,8.4,282.0,W,13.2,11.45,13.37
492489,2017-09-29,2017,DET,2017-09-29 19:10:00,19,6,3,9,3,21,7,18,329,78.4,3,47,0.0638,0.1667,52.4,11.3,76.0,996.6,0.0,7.6,4.7,63.8,NE,-6.82,-7.56,-5.26
492504,2017-09-30,2017,DET,2017-09-30 18:10:00,18,2,3,5,0,14,6,11,287,80.1,1,51,0.0196,0.0,60.6,15.9,58.3,990.5,0.1,14.2,8.8,143.3,SE,-8.46,-4.06,-11.84
492519,2017-10-01,2017,DET,2017-10-01 14:10:00,14,5,1,6,3,17,3,15,263,81.8,1,47,0.0213,0.2,61.2,16.2,78.0,981.2,3.3,21.6,13.4,156.7,SE,-8.57,-1.26,-14.85
529505,2018-04-05,2018,SEA,2018-04-05 15:10:00,15,4,2,6,3,18,6,16,294,82.5,2,51,0.0392,0.1875,38.4,3.5,54.0,983.2,0.0,9.6,6.0,255.6,W,9.3,9.55,7.92
529529,2018-04-07,2018,SEA,2018-04-07 13:10:00,13,4,11,15,2,19,8,21,348,83.1,5,55,0.0909,0.0952,28.5,-1.9,45.7,990.8,0.0,12.3,7.6,299.7,NW,10.69,7.96,12.13
529551,2018-04-09,2018,HOU,2018-04-09 19:10:00,19,0,2,2,0,23,6,13,314,81.4,2,43,0.0465,0.0,26.8,-2.9,82.0,994.2,0.0,10.5,6.5,266.7,W,10.48,10.06,9.64
529564,2018-04-10,2018,HOU,2018-04-10 19:10:00,19,4,1,5,0,18,12,15,321,85.6,1,45,0.0222,0.0,32.9,0.5,83.0,983.8,0.0,8.7,5.4,191.0,S,1.67,4.49,-1.35
529578,2018-04-11,2018,HOU,2018-04-11 12:10:00,12,9,8,17,3,20,14,22,349,84.4,5,54,0.0926,0.1364,50.3,10.2,42.0,980.6,0.0,9.9,6.1,111.7,E,-9.17,-7.37,-9.86
529589,2018-04-12,2018,CWS,2018-04-12 19:10:00,19,4,0,4,0,19,6,10,270,78.5,1,41,0.0244,0.0,38.8,3.8,80.3,978.6,0.0,10.3,6.4,39.0,NE,-6.5,-8.86,-3.36
529658,2018-04-17,2018,CLE,2018-04-17 18:10:00,18,1,6,7,4,18,5,18,322,,0,55,0.0,0.2222,31.8,-0.1,70.3,982.8,0.0,12.1,7.5,41.8,NE,-8.08,-10.69,-4.5
529673,2018-04-18,2018,CLE,2018-04-18 18:10:00,18,2,1,3,2,27,4,25,450,,0,90,0.0,0.08,35.2,1.8,69.3,988.4,0.0,10.1,6.3,13.4,N,-2.34,-5.57,1.17
529788,2018-04-27,2018,CIN,2018-04-27 19:10:00,19,9,15,24,5,17,12,34,378,85.0,9,69,0.1304,0.1471,44.9,7.2,69.0,985.7,0.0,16.0,9.9,21.7,N,-5.91,-10.64,-0.46
529803,2018-04-28,2018,CIN,2018-04-28 13:10:00,13,3,1,4,2,10,8,14,291,83.1,5,54,0.0926,0.1429,55.1,12.8,32.7,993.2,0.0,4.7,2.9,40.7,NE,-3.09,-4.13,-1.67
529818,2018-04-29,2018,CIN,2018-04-29 13:10:00,13,2,8,10,1,15,7,22,308,84.6,3,60,0.05,0.0455,63.6,17.5,30.3,988.6,0.0,22.6,14.1,170.7,S,-3.67,4.19,-11.09
529840,2018-04-30,2018,TOR,2018-04-30 19:10:00,19,5,7,12,3,12,10,20,308,84.8,3,63,0.0476,0.15,69.1,20.6,50.7,974.5,0.0,14.7,9.2,174.7,S,-1.37,3.73,-6.3
529855,2018-05-01,2018,TOR,2018-05-01 19:10:00,19,4,7,11,4,18,8,18,349,84.7,7,58,0.1207,0.2222,60.4,15.8,79.3,977.8,1.3,3.8,2.4,109.0,E,-3.59,-2.95,-3.8
529870,2018-05-02,2018,TOR,2018-05-02 12:10:00,12,4,0,4,1,16,6,15,276,86.1,3,47,0.0638,0.0667,62.5,17.0,50.3,982.5,0.0,9.6,6.0,296.7,NW,8.61,6.61,9.57
529544,2018-05-14,2018,SEA,2018-04-08 13:10:00,13,0,1,1,0,15,1,10,269,82.4,4,50,0.08,0.0,34.4,1.3,56.7,985.8,0.3,7.1,4.4,156.7,SE,-2.8,-0.41,-4.85
530035,2018-05-15,2018,STL,2018-05-15 19:10:00,19,4,1,5,1,17,2,11,268,85.4,2,44,0.0455,0.0909,64.9,18.3,46.3,984.4,0.0,6.3,3.9,244.3,SW,5.71,6.3,4.42
530049,2018-05-16,2018,STL,2018-05-16 12:10:00,12,5,7,12,2,16,11,23,355,84.5,7,56,0.125,0.087,81.8,27.7,35.3,984.4,0.0,12.9,8.0,247.3,SW,11.9,12.89,9.49
530070,2018-05-18,2018,MIL,2018-05-18 19:10:00,19,3,8,11,4,19,6,23,310,83.9,5,55,0.0909,0.1739,70.8,21.6,67.7,981.4,0.0,16.7,10.4,136.0,SE,-11.6,-6.79,-15.01
530085,2018-05-19,2018,MIL,2018-05-19 18:10:00,18,4,5,9,3,20,11,11,290,82.4,5,39,0.1282,0.2727,54.1,12.3,64.0,988.1,0.0,18.4,11.4,33.3,NE,-10.11,-14.76,-4.24
530100,2018-05-20,2018,MIL,2018-05-20 13:10:00,13,3,1,4,1,26,7,13,310,82.2,5,36,0.1389,0.0769,68.4,20.2,27.3,991.9,0.0,12.2,7.6,72.3,E,-11.66,-12.22,-9.68
530111,2018-05-21,2018,DET,2018-05-21 19:10:00,19,4,2,6,1,16,6,11,261,82.7,2,44,0.0455,0.0909,58.7,14.8,82.3,985.6,0.0,6.5,4.1,143.7,SE,-3.87,-1.84,-5.44
530122,2018-05-22,2018,DET,2018-05-22 19:10:00,19,6,0,6,0,12,5,14,272,83.6,1,50,0.02,0.0,65.4,18.5,76.3,986.5,0.0,7.5,4.7,109.0,E,-7.12,-5.85,-7.53
530137,2018-05-23,2018,DET,2018-05-23 12:10:00,12,1,4,5,1,14,6,15,310,84.6,4,51,0.0784,0.0667,81.6,27.5,51.7,988.5,0.0,11.1,6.9,195.0,S,2.86,6.35,-0.96
530246,2018-05-31,2018,CLE,2018-05-31 19:10:00,19,8,9,17,6,15,5,24,341,84.2,6,60,0.1,0.25,72.6,22.6,68.7,977.7,0.0,9.1,5.6,12.2,N,-1.92,-4.83,1.23
530258,2018-06-01,2018,CLE,2018-06-01 19:10:00,19,7,4,11,3,13,6,16,270,86.0,4,54,0.0741,0.1875,69.3,20.7,72.7,982.7,0.0,15.8,9.8,81.3,E,-15.65,-15.52,-13.89
530273,2018-06-02,2018,CLE,2018-06-02 15:10:00,15,7,1,8,1,23,8,15,315,82.9,0,43,0.0,0.0667,65.5,18.6,88.7,979.4,2.7,11.2,7.0,271.3,W,11.2,10.43,10.61
530288,2018-06-03,2018,CLE,2018-06-03 13:10:00,13,7,5,12,7,14,8,17,314,84.7,5,51,0.098,0.4118,70.1,21.2,37.3,983.8,0.0,27.3,17.0,307.7,NW,21.61,14.6,26.01
529600,2018-06-05,2018,CWS,2018-04-13 19:10:00,19,3,6,9,1,11,8,19,309,85.0,3,58,0.0517,0.0526,33.4,0.8,77.3,985.5,2.1,27.0,16.8,49.3,NE,-20.48,-25.26,-13.23
530306,2018-06-05,2018,CWS,2018-06-05 15:10:00,15,4,2,6,2,12,5,11,280,83.3,5,51,0.098,0.1818,78.7,26.0,41.3,980.5,0.0,10.7,6.7,109.3,E,-10.13,-8.3,-10.73
530321,2018-06-06,2018,CWS,2018-06-06 19:10:00,19,2,5,7,0,23,7,17,345,84.5,1,46,0.0217,0.0,71.6,22.0,62.3,982.2,0.0,7.4,4.6,266.1,W,7.42,7.14,6.8
530334,2018-06-07,2018,CWS,2018-06-07 12:10:00,12,7,2,9,3,16,3,15,229,85.7,4,47,0.0851,0.2,79.2,26.2,33.0,987.5,0.0,9.0,5.6,97.6,E,-8.95,-8.01,-8.82
530350,2018-06-08,2018,LAA,2018-06-08 19:10:00,19,2,4,6,3,22,5,14,312,81.8,5,45,0.1111,0.2143,67.3,19.6,76.7,987.3,0.0,13.5,8.4,110.0,E,-12.72,-10.37,-13.53
530365,2018-06-09,2018,LAA,2018-06-09 13:10:00,13,1,2,3,2,16,3,13,288,83.6,0,48,0.0,0.1538,78.1,25.6,66.3,983.2,0.9,13.9,8.6,108.2,E,-13.17,-10.89,-13.86
530380,2018-06-10,2018,LAA,2018-06-10 13:10:00,13,7,5,12,2,13,10,18,295,82.2,3,55,0.0545,0.1111,76.5,24.7,57.0,981.2,0.0,19.9,12.3,107.0,E,-19.0,-15.87,-19.84
530492,2018-06-19,2018,BOS,2018-06-19 19:10:00,19,6,2,8,1,21,7,13,297,81.4,1,42,0.0238,0.0769,64.7,18.2,98.3,984.0,2.2,5.7,3.5,38.7,NE,-3.54,-4.84,-1.81
530506,2018-06-20,2018,BOS,2018-06-20 19:10:00,19,4,1,5,2,11,7,12,295,83.0,2,50,0.04,0.1667,70.9,21.6,72.0,980.3,0.5,7.3,4.6,60.3,NE,-6.37,-7.23,-4.75
530520,2018-06-21,2018,BOS,2018-06-21 12:10:00,12,2,9,11,2,14,5,20,306,85.4,2,58,0.0345,0.1,74.4,23.5,53.7,982.2,0.0,11.8,7.4,71.6,E,-11.23,-11.83,-9.28
530541,2018-06-22,2018,TEX,2018-06-22 19:10:00,19,1,8,9,1,11,6,14,303,81.4,2,54,0.037,0.0714,69.9,21.0,75.7,978.3,0.0,6.5,4.0,107.2,E,-6.21,-5.18,-6.49
530556,2018-06-23,2018,TEX,2018-06-23 13:10:00,13,6,9,15,4,21,6,21,364,83.5,2,53,0.0377,0.1905,80.1,26.7,44.7,977.6,0.0,6.5,4.0,241.0,SW,5.66,6.39,4.24
530571,2018-06-24,2018,TEX,2018-06-24 13:10:00,13,2,0,2,0,22,3,10,236,82.4,3,38,0.0789,0.0,79.2,26.2,63.3,984.0,2.8,13.4,8.3,133.0,SE,-9.78,-6.07,-12.31
530709,2018-07-05,2018,BAL,2018-07-05 19:10:00,19,5,2,7,3,13,4,14,266,84.5,6,52,0.1154,0.2143,70.9,21.6,63.3,998.4,0.0,7.6,4.7,11.7,N,-1.54,-4.01,1.11
530717,2018-07-06,2018,BAL,2018-07-06 19:10:00,19,6,2,8,1,12,3,22,274,82.9,4,59,0.0678,0.0455,72.9,22.7,65.3,995.3,0.0,7.1,4.4,162.5,S,-2.12,0.31,-4.3
530732,2018-07-07,2018,BAL,2018-07-07 13:10:00,13,5,4,9,2,19,7,15,294,84.7,3,45,0.0667,0.1333,84.7,29.3,47.3,992.0,0.0,20.3,12.6,186.3,S,2.24,8.99,-4.79
530747,2018-07-08,2018,BAL,2018-07-08 13:10:00,13,10,1,11,4,13,3,18,285,82.1,4,56,0.0714,0.2222,90.4,32.4,44.0,988.4,0.0,19.8,12.3,195.7,S,5.36,11.56,-1.5
530764,2018-07-09,2018,KC,2018-07-09 19:10:00,19,3,1,4,0,20,5,18,318,82.3,0,48,0.0,0.0,79.1,26.2,45.0,990.5,0.0,9.8,6.1,344.3,N,2.65,-0.73,5.72
530776,2018-07-10,2018,KC,2018-07-10 19:10:00,19,4,9,13,3,16,7,24,348,84.9,3,58,0.0517,0.125,77.2,25.1,61.0,988.6,0.0,9.0,5.6,141.3,SE,-5.61,-2.87,-7.66
530791,2018-07-11,2018,KC,2018-07-11 12:10:00,12,8,5,13,5,20,6,24,346,81.0,7,53,0.1321,0.2083,90.8,32.7,48.7,986.3,0.0,18.8,11.7,167.3,S,-4.13,2.41,-10.16
530808,2018-07-12,2018,TB,2018-07-12 19:10:00,19,5,1,6,1,16,4,14,272,83.6,3,49,0.0612,0.0714,73.0,22.8,97.7,985.6,1.5,6.9,4.3,154.8,SE,-2.94,-0.62,-4.89
530822,2018-07-13,2018,TB,2018-07-13 19:10:00,19,11,8,19,3,17,6,28,307,84.9,5,61,0.082,0.1071,73.9,23.3,86.3,987.0,0.0,3.5,2.2,106.6,E,-3.35,-2.81,-3.49
530837,2018-07-14,2018,TB,2018-07-14 13:10:00,13,6,19,25,4,19,10,31,377,83.0,4,64,0.0625,0.129,86.5,30.3,46.7,986.1,0.0,6.3,3.9,126.3,SE,-5.1,-3.51,-6.08
530852,2018-07-15,2018,TB,2018-07-15 13:10:00,13,11,7,18,1,18,14,24,399,81.5,0,62,0.0,0.0417,87.9,31.0,45.3,984.0,0.0,10.6,6.6,284.0,W,10.29,8.79,10.54
531001,2018-07-30,2018,CLE,2018-07-30 19:10:00,19,5,4,9,3,13,8,18,286,84.8,2,55,0.0364,0.1667,70.2,21.2,83.3,988.3,0.0,4.3,2.7,263.5,W,4.27,4.18,3.85
531013,2018-07-31,2018,CLE,2018-07-31 19:10:00,19,2,6,8,1,13,9,17,289,83.8,2,56,0.0357,0.0588,73.9,23.3,59.7,984.0,0.0,7.6,4.7,222.3,SW,5.14,6.76,2.9
531028,2018-08-01,2018,CLE,2018-08-01 12:10:00,12,0,2,2,0,17,5,13,285,82.3,0,46,0.0,0.0,71.4,21.9,75.7,981.9,1.7,15.3,9.5,311.2,NW,11.49,7.35,14.23
531056,2018-08-03,2018,KC,2018-08-03 19:10:00,19,6,4,10,1,19,6,21,325,86.0,1,50,0.02,0.0476,76.8,24.9,80.7,981.4,0.6,16.2,10.1,130.3,SE,-12.35,-8.02,-15.19
531071,2018-08-04,2018,KC,2018-08-04 18:10:00,18,8,2,10,3,16,7,17,298,82.3,3,52,0.0577,0.1765,75.0,23.9,83.7,980.2,0.0,11.1,6.9,191.7,S,2.24,5.81,-1.6
531086,2018-08-05,2018,KC,2018-08-05 13:10:00,13,6,5,11,3,17,4,23,282,84.5,3,55,0.0545,0.1304,89.4,31.9,39.0,982.7,0.0,13.4,8.3,248.7,W,12.48,13.4,10.06
531204,2018-08-14,2018,PIT,2018-08-14 19:10:00,19,5,2,7,1,17,4,17,280,82.8,1,49,0.0204,0.0588,74.8,23.8,81.7,983.2,0.0,10.7,6.6,22.0,N,-4.0,-7.14,-0.37
531219,2018-08-15,2018,PIT,2018-08-15 12:10:00,12,6,4,10,2,19,5,21,321,83.1,1,52,0.0192,0.0952,87.6,30.9,40.3,983.5,0.0,6.8,4.2,8.3,N,-0.99,-3.24,1.38
531228,2018-08-16,2018,DET,2018-08-16 19:10:00,19,15,8,23,7,16,10,25,349,83.0,7,61,0.1148,0.28,74.7,23.7,84.7,985.4,0.0,5.1,3.1,53.4,NE,-4.07,-4.85,-2.79
531238,2018-08-17,2018,DET,2018-08-17 19:10:00,19,5,4,9,3,15,4,15,263,81.8,3,47,0.0638,0.2,73.8,23.2,63.0,987.8,0.0,7.4,4.6,13.3,N,-1.7,-4.05,0.86
531253,2018-08-18,2018,DET,2018-08-18 18:10:00,18,5,7,12,5,16,9,17,344,82.5,7,56,0.125,0.2941,77.8,25.4,60.7,985.1,0.0,7.9,4.9,162.3,S,-2.4,0.32,-4.83
531268,2018-08-19,2018,DET,2018-08-19 13:10:00,13,5,4,9,3,16,9,15,311,81.9,3,48,0.0625,0.2,85.4,29.7,46.3,982.3,0.0,13.1,8.1,169.7,S,-2.34,2.19,-6.6
529630,2018-08-20,2018,CWS,2018-04-15 13:10:00,13,5,8,13,3,22,7,20,338,82.9,5,52,0.0962,0.15,27.6,-2.4,65.7,986.4,1.0,20.4,12.7,28.3,NE,-9.7,-15.26,-2.96
531323,2018-08-23,2018,ATH,2018-08-23 19:10:00,19,6,4,10,3,16,7,18,302,83.8,3,51,0.0588,0.1667,71.7,22.0,66.7,981.3,0.0,13.4,8.3,154.7,SE,-5.73,-1.25,-9.53
531334,2018-08-24,2018,ATH,2018-08-24 19:10:00,19,1,7,8,3,12,5,15,293,81.4,3,56,0.0536,0.2,65.6,18.7,94.0,977.2,0.1,5.1,3.2,112.3,E,-4.72,-3.77,-5.1
531349,2018-08-25,2018,ATH,2018-08-25 18:10:00,18,2,6,8,3,16,6,20,308,86.8,4,54,0.0741,0.15,72.9,22.7,73.7,983.3,0.0,4.4,2.7,234.5,SW,3.56,4.21,2.48
531364,2018-08-26,2018,ATH,2018-08-26 13:10:00,13,2,6,8,6,9,4,20,294,85.6,5,64,0.0781,0.3,78.7,26.0,84.0,978.7,4.9,15.3,9.5,175.0,S,-1.34,3.97,-6.48
531515,2018-09-07,2018,KC,2018-09-07 19:10:00,19,10,6,16,2,9,14,22,349,81.3,2,63,0.0317,0.0909,62.1,16.7,71.3,995.1,0.0,7.6,4.7,81.0,E,-7.47,-7.43,-6.62
531530,2018-09-08,2018,KC,2018-09-08 18:10:00,18,1,4,5,0,13,4,9,277,85.7,1,50,0.02,0.0,61.5,16.4,54.3,991.1,0.0,9.4,5.8,94.7,E,-9.34,-8.51,-9.03
531545,2018-09-09,2018,KC,2018-09-09 13:10:00,13,3,1,4,2,17,7,10,265,82.4,1,44,0.0227,0.2,69.6,20.9,53.3,987.6,0.0,14.3,8.9,149.3,SE,-7.28,-2.64,-11.03
531563,2018-09-10,2018,NYY,2018-09-10 19:10:00,19,2,7,9,1,13,10,21,349,86.4,5,61,0.082,0.0476,68.0,20.0,74.3,983.8,0.0,8.8,5.5,165.0,S,-2.29,0.77,-5.07
531575,2018-09-11,2018,NYY,2018-09-11 19:10:00,19,10,5,15,2,12,12,18,303,81.0,1,52,0.0192,0.1111,73.8,23.2,65.3,982.3,0.0,19.3,12.0,177.7,S,-0.79,5.87,-7.35
531590,2018-09-12,2018,NYY,2018-09-12 19:10:00,19,3,1,4,0,15,3,9,271,84.8,3,44,0.0682,0.0,72.4,22.4,69.0,986.4,0.0,13.0,8.1,157.7,S,-4.93,-0.53,-8.73
531758,2018-09-25,2018,DET,2018-09-25 19:10:00,19,2,4,6,0,15,5,15,310,87.1,1,55,0.0182,0.0,49.0,9.4,84.0,985.6,0.0,7.0,4.3,273.1,W,6.99,6.44,6.7
531773,2018-09-26,2018,DET,2018-09-26 19:10:00,19,11,4,15,3,18,12,22,343,80.0,3,53,0.0566,0.1364,51.4,10.8,58.7,984.6,0.0,11.7,7.3,181.7,S,0.34,4.32,-3.68
531787,2018-09-27,2018,DET,2018-09-27 19:10:00,19,9,3,12,0,16,11,20,360,84.7,1,54,0.0185,0.0,52.6,11.4,60.0,983.4,0.0,14.4,8.9,303.3,NW,12.0,8.58,13.98
529615,2018-09-28,2018,CWS,2018-04-14 13:10:00,13,2,1,3,0,20,9,9,266,82.3,1,38,0.0263,0.0,28.7,-1.8,70.3,989.3,2.4,22.7,14.1,36.0,NE,-13.32,-18.79,-6.25
531795,2018-09-28,2018,CWS,2018-09-28 19:10:00,19,12,4,16,2,17,9,21,306,81.6,2,56,0.0357,0.0952,42.4,5.8,70.3,993.3,0.0,7.9,4.9,337.7,N,3.0,0.32,5.32
531810,2018-09-29,2018,CWS,2018-09-29 18:10:00,18,8,3,11,0,17,10,18,332,82.9,3,52,0.0577,0.0,44.9,7.2,68.0,993.4,0.0,11.5,7.1,101.7,E,-11.26,-9.79,-11.38
531825,2018-09-30,2018,CWS,2018-09-30 14:10:00,14,5,4,9,2,18,5,14,271,84.2,3,47,0.0638,0.1429,52.6,11.5,60.7,993.8,0.0,9.5,5.9,8.3,N,-1.38,-4.51,1.92
566962,2019-03-28,2019,CLE,2019-03-28 15:10:00,15,2,0,2,0,19,2,6,203,84.0,3,38,0.0789,0.0,47.4,8.5,48.7,989.8,0.0,12.6,7.8,328.3,NW,6.63,2.55,9.91
566963,2019-03-30,2019,CLE,2019-03-30 13:10:00,13,1,2,3,1,23,6,6,281,82.1,2,36,0.0556,0.1667,35.4,1.9,29.3,994.1,0.0,22.4,13.9,342.0,N,6.92,-0.78,13.79
566964,2019-03-31,2019,CLE,2019-03-31 13:10:00,13,9,3,12,1,20,8,21,264,86.6,3,47,0.0638,0.0476,35.4,1.9,40.0,994.9,0.1,10.1,6.3,244.0,SW,9.11,10.08,7.04
566966,2019-04-13,2019,DET,2019-04-13 13:10:00,13,4,3,7,1,16,8,15,292,83.8,3,47,0.0638,0.0667,36.9,2.7,65.3,988.6,0.0,9.2,5.7,297.3,NW,8.14,6.21,9.09
566967,2019-04-14,2019,DET,2019-04-14 13:10:00,13,6,4,10,3,17,6,22,322,84.2,6,53,0.1132,0.1364,49.0,9.4,37.0,980.2,0.0,13.1,8.1,75.4,E,-12.68,-13.04,-10.78
566968,2019-04-15,2019,TOR,2019-04-15 18:40:00,18,3,5,8,2,17,6,16,278,84.4,8,51,0.1569,0.125,47.1,8.4,65.3,978.3,0.7,11.4,7.1,100.4,E,-11.18,-9.81,-11.21
566969,2019-04-16,2019,TOR,2019-04-16 18:40:00,18,5,6,11,3,14,12,15,293,88.7,4,50,0.08,0.2,54.9,12.7,73.0,982.8,0.0,6.0,3.7,31.0,NE,-3.11,-4.69,-1.15
566970,2019-04-17,2019,TOR,2019-04-17 18:40:00,18,4,1,5,0,16,5,17,281,84.9,1,48,0.0208,0.0,42.7,6.0,96.3,971.9,1.4,16.7,10.4,359.3,N,0.19,-5.52,5.88
566971,2019-04-18,2019,TOR,2019-04-18 12:10:00,12,4,7,11,5,15,4,17,282,84.0,7,55,0.1273,0.2941,50.2,10.1,60.3,980.6,0.3,17.0,10.6,341.0,N,5.53,-0.3,10.7
566972,2019-04-26,2019,BAL,2019-04-26 19:10:00,19,6,1,7,5,13,4,18,308,84.3,8,56,0.1429,0.2778,45.6,7.5,56.0,984.2,0.0,8.9,5.5,1.9,N,-0.3,-3.32,2.76
566973,2019-04-27,2019,BAL,2019-04-27 13:10:00,13,9,2,11,5,19,3,18,332,83.2,7,51,0.1373,0.2778,45.1,7.3,50.0,985.4,0.0,7.2,4.5,41.3,NE,-4.78,-6.35,-2.63
566974,2019-04-28,2019,BAL,2019-04-28 13:10:00,13,4,1,5,3,21,5,10,277,84.8,4,40,0.1,0.3,51.2,10.7,40.3,988.5,0.0,12.8,7.9,144.7,SE,-7.38,-3.38,-10.5
566975,2019-04-29,2019,HOU,2019-04-29 18:40:00,18,1,0,1,1,16,4,8,233,81.1,1,41,0.0244,0.125,49.6,9.8,69.3,988.1,0.0,7.2,4.5,25.7,NE,-3.11,-5.13,-0.71
566976,2019-04-30,2019,HOU,2019-04-30 18:40:00,18,0,11,11,3,20,10,18,335,84.5,4,53,0.0755,0.1667,41.2,5.1,97.3,990.0,0.6,13.9,8.7,75.3,E,-13.48,-13.87,-11.46
566977,2019-05-01,2019,HOU,2019-05-01 19:10:00,19,6,2,8,1,12,3,14,249,83.2,2,52,0.0385,0.0714,42.9,6.1,81.0,988.5,0.0,6.2,3.9,18.7,N,-2.0,-3.9,0.14
566978,2019-05-02,2019,HOU,2019-05-02 12:10:00,12,8,2,10,2,15,3,18,249,83.7,5,54,0.0926,0.1111,51.7,11.0,57.3,989.9,0.1,8.8,5.5,278.7,W,8.7,7.72,8.63
566979,2019-05-10,2019,DET,2019-05-10 19:10:00,19,6,0,6,2,13,7,10,264,83.1,4,47,0.0851,0.2,44.3,6.8,76.7,987.5,0.0,9.3,5.8,127.5,SE,-7.4,-5.01,-8.9
566965,2019-05-11,2019,DET,2019-04-12 19:10:00,19,8,3,11,3,13,6,22,292,85.5,4,59,0.0678,0.1364,30.8,-0.7,90.0,975.7,0.3,17.3,10.8,246.7,SW,15.92,17.3,12.61
566980,2019-05-11,2019,DET,2019-05-11 13:10:00,13,3,5,8,6,16,6,17,326,85.4,8,56,0.1429,0.3529,57.3,14.0,64.3,983.2,3.4,19.9,12.4,162.0,S,-6.16,0.7,-12.27
566981,2019-05-12,2019,DET,2019-05-12 13:10:00,13,3,5,8,3,18,6,18,308,87.2,6,53,0.1132,0.1667,58.3,14.6,44.3,981.7,0.0,6.6,4.1,131.3,SE,-4.98,-3.18,-6.18
566982,2019-05-13,2019,LAA,2019-05-13 18:40:00,18,4,5,9,4,17,6,22,306,83.0,7,57,0.1228,0.1818,55.9,13.3,67.3,982.0,0.0,7.1,4.4,197.5,S,2.14,4.33,-0.3
566983,2019-05-14,2019,LAA,2019-05-14 18:40:00,18,4,3,7,1,14,6,18,257,86.3,1,51,0.0196,0.0556,64.0,17.8,69.7,982.0,0.0,9.4,5.8,158.0,S,-3.52,-0.33,-6.29
566984,2019-05-15,2019,LAA,2019-05-15 12:10:00,12,8,7,15,4,10,7,28,327,86.9,5,67,0.0746,0.1429,71.2,21.8,31.3,984.1,0.0,2.3,1.4,313.2,NW,1.7,1.05,2.14
566985,2019-05-24,2019,CWS,2019-05-24 19:10:00,19,11,4,15,3,17,5,21,312,86.6,4,56,0.0714,0.1429,62.1,16.7,84.7,976.9,0.0,9.7,6.0,200.5,S,3.39,6.3,0.08
566986,2019-05-25,2019,CWS,2019-05-25 13:10:00,13,8,1,9,2,21,7,16,293,83.4,3,44,0.0682,0.125,66.8,19.3,51.3,981.9,0.0,22.2,13.8,279.0,W,21.96,19.45,21.82
566987,2019-05-26,2019,CWS,2019-05-26 13:10:00,13,7,0,7,2,24,5,11,284,81.9,2,38,0.0526,0.1818,69.9,21.0,47.0,988.6,0.0,2.9,1.8,141.3,SE,-1.83,-0.94,-2.51
566988,2019-05-27,2019,MIL,2019-05-27 18:10:00,18,4,5,9,2,23,6,16,319,,0,47,0.0,0.125,54.1,12.3,91.3,978.3,0.0,17.5,10.9,11.0,N,-3.33,-9.0,2.73
566989,2019-05-28,2019,MIL,2019-05-28 19:10:00,19,5,3,8,3,16,2,18,239,86.1,4,52,0.0769,0.1667,58.8,14.9,82.7,977.6,0.0,6.7,4.2,63.3,NE,-6.02,-6.69,-4.62
566990,2019-06-11,2019,SEA,2019-06-11 19:10:00,19,6,5,11,3,17,5,19,295,85.3,2,52,0.0385,0.1579,59.0,15.0,81.7,985.1,0.0,5.0,3.1,130.3,SE,-3.84,-2.49,-4.72
566991,2019-06-12,2019,SEA,2019-06-12 19:10:00,19,6,9,15,5,19,6,24,362,81.3,8,67,0.1194,0.2083,57.8,14.3,46.3,985.7,0.0,10.8,6.7,350.7,N,1.76,-2.01,5.31
566992,2019-06-13,2019,SEA,2019-06-13 12:10:00,12,10,5,15,2,14,12,21,353,83.5,3,59,0.0508,0.0952,68.6,20.3,29.7,986.4,0.0,8.1,5.1,245.7,SW,7.41,8.11,5.82
566993,2019-06-14,2019,KC,2019-06-14 19:10:00,19,2,0,2,1,13,4,6,215,84.9,1,41,0.0244,0.1667,68.3,20.2,89.0,972.9,0.1,12.4,7.7,195.6,S,3.35,7.24,-0.95
566994,2019-06-15,2019,KC,2019-06-15 18:10:00,18,5,4,9,4,13,6,15,281,82.1,6,55,0.1091,0.2667,66.6,19.2,78.3,978.1,0.2,7.9,4.9,97.0,E,-7.87,-7.07,-7.73
566995,2019-06-16,2019,KC,2019-06-16 13:10:00,13,6,8,14,2,20,8,24,358,81.8,6,61,0.0984,0.0833,72.4,22.4,54.7,981.5,0.0,6.1,3.8,123.4,SE,-5.07,-3.62,-5.9
566996,2019-06-17,2019,BOS,2019-06-17 19:10:00,19,0,2,2,0,19,2,12,250,83.4,3,46,0.0652,0.0,62.8,17.1,78.0,984.5,0.0,7.6,4.7,288.2,W,7.22,5.97,7.6
566997,2019-06-18,2019,BOS,2019-06-18 19:10:00,19,4,3,7,3,33,7,32,493,85.1,5,94,0.0532,0.0938,64.4,18.0,73.7,981.9,0.0,3.8,2.4,67.6,E,-3.51,-3.8,-2.8
566998,2019-06-19,2019,BOS,2019-06-19 19:10:00,19,4,9,13,2,16,14,21,321,82.8,5,55,0.0909,0.0952,67.3,19.6,64.7,977.2,0.0,7.1,4.4,58.0,NE,-5.99,-6.91,-4.35
566999,2019-06-25,2019,TB,2019-06-25 19:10:00,19,9,4,13,3,15,3,22,275,82.1,3,55,0.0545,0.1364,68.1,20.0,72.3,980.1,0.0,7.4,4.6,273.8,W,7.35,6.74,7.08
567000,2019-06-26,2019,TB,2019-06-26 19:10:00,19,6,4,10,3,17,3,16,271,84.3,4,49,0.0816,0.1875,72.1,22.3,68.0,986.0,0.0,5.4,3.3,130.0,SE,-4.11,-2.68,-5.04
567001,2019-06-27,2019,TB,2019-06-27 12:10:00,12,2,5,7,0,39,11,17,505,83.4,3,83,0.0361,0.0,73.2,22.9,92.0,985.6,2.6,14.2,8.8,121.9,SE,-12.02,-8.73,-13.86
567002,2019-07-05,2019,TEX,2019-07-05 19:10:00,19,15,6,21,6,12,4,30,299,87.7,8,65,0.1231,0.2,69.2,20.7,93.7,988.0,1.4,15.0,9.3,18.0,N,-4.65,-9.26,0.52
567003,2019-07-06,2019,TEX,2019-07-06 13:10:00,13,7,4,11,3,23,4,17,308,85.3,5,45,0.1111,0.1765,80.1,26.7,51.0,990.2,0.0,8.9,5.5,24.7,NE,-3.71,-6.26,-0.72
567004,2019-07-07,2019,TEX,2019-07-07 13:10:00,13,1,4,5,1,24,8,18,365,84.0,3,58,0.0517,0.0556,80.0,26.7,52.0,988.0,0.0,2.2,1.4,227.1,SW,1.61,2.03,1.0
567005,2019-07-16,2019,NYM,2019-07-16 19:10:00,19,2,3,5,1,10,7,15,290,83.8,4,56,0.0714,0.0667,75.7,24.3,91.0,982.0,0.0,6.8,4.2,162.3,S,-2.07,0.28,-4.18
567006,2019-07-17,2019,NYM,2019-07-17 12:10:00,12,4,14,18,5,15,4,25,302,86.1,3,64,0.0469,0.2,85.3,29.6,59.0,979.9,0.2,17.9,11.1,171.3,S,-2.7,3.52,-8.59
567007,2019-07-18,2019,ATH,2019-07-18 19:10:00,19,6,3,9,4,13,5,17,260,85.9,5,53,0.0943,0.2353,78.2,25.7,89.0,974.3,0.0,4.5,2.8,76.8,E,-4.41,-4.5,-3.79
567008,2019-07-19,2019,ATH,2019-07-19 19:10:00,19,3,5,8,2,12,5,19,299,85.5,4,58,0.069,0.1053,76.1,24.5,97.7,975.2,0.6,7.2,4.5,27.9,NE,-3.35,-5.32,-0.98
567009,2019-07-20,2019,ATH,2019-07-20 18:10:00,18,4,5,9,5,12,8,20,323,83.9,5,58,0.0862,0.25,71.8,22.1,69.0,984.4,0.0,6.4,4.0,359.0,N,0.11,-2.08,2.29
567010,2019-07-21,2019,ATH,2019-07-21 13:10:00,13,7,6,13,2,19,16,20,363,87.6,4,53,0.0755,0.1,79.0,26.1,42.3,987.9,0.0,14.4,8.9,340.3,N,4.85,-0.08,9.19
567011,2019-07-22,2019,NYY,2019-07-22 19:10:00,19,8,6,14,8,17,8,21,294,87.5,5,51,0.098,0.381,66.3,19.0,65.3,991.7,0.0,8.7,5.4,329.7,NW,4.4,1.56,6.7
567012,2019-07-23,2019,NYY,2019-07-23 19:10:00,19,12,14,26,6,17,14,35,432,86.4,6,76,0.0789,0.1714,69.6,20.9,73.0,990.5,0.0,8.2,5.1,287.6,W,7.78,6.47,8.16
567013,2019-07-24,2019,NYY,2019-07-24 19:10:00,19,7,10,17,6,19,7,24,323,85.7,5,56,0.0893,0.25,70.5,21.4,71.3,988.6,0.0,7.5,4.7,209.4,SW,3.7,5.72,1.23
567014,2019-08-02,2019,KC,2019-08-02 19:10:00,19,11,9,20,4,13,5,26,291,84.4,7,63,0.1111,0.1538,75.5,24.2,77.0,989.0,0.0,1.1,0.7,137.0,SE,-0.77,-0.44,-1.01
567015,2019-08-03,2019,KC,2019-08-03 18:10:00,18,11,3,14,6,15,4,17,273,82.1,6,54,0.1111,0.3529,76.5,24.7,78.3,987.7,2.2,6.2,3.9,301.3,NW,5.3,3.88,6.08
567016,2019-08-04,2019,KC,2019-08-04 13:10:00,13,3,0,3,1,16,4,8,247,80.5,1,40,0.025,0.125,86.5,30.3,42.3,986.2,0.2,11.4,7.1,218.0,SW,7.04,9.7,3.53
567017,2019-08-05,2019,ATL,2019-08-05 19:10:00,19,5,3,8,3,15,5,17,279,84.8,3,53,0.0566,0.1765,72.4,22.4,73.7,979.6,0.0,7.1,4.4,353.8,N,0.77,-1.7,3.15
567018,2019-08-06,2019,ATL,2019-08-06 19:10:00,19,7,12,19,6,24,8,26,339,87.8,8,56,0.1429,0.2308,73.9,23.3,65.7,979.5,0.0,7.3,4.6,233.7,SW,5.91,7.04,4.06
567019,2019-08-07,2019,ATL,2019-08-07 12:10:00,12,7,11,18,5,19,6,29,321,85.0,7,62,0.1129,0.1724,85.2,29.5,42.7,978.0,0.0,18.3,11.4,285.3,W,17.68,14.96,18.27
567020,2019-08-08,2019,CLE,2019-08-08 19:10:00,19,5,7,12,1,15,12,15,323,87.4,2,52,0.0385,0.0667,67.4,19.7,53.0,983.5,0.0,9.1,5.7,325.0,NW,5.24,2.36,7.48
567021,2019-08-09,2019,CLE,2019-08-09 19:10:00,19,2,6,8,2,20,5,22,292,85.5,4,55,0.0727,0.0909,71.2,21.8,57.0,984.9,0.0,6.0,3.7,276.9,W,5.99,5.38,5.88
567022,2019-08-10,2019,CLE,2019-08-10 18:10:00,18,4,1,5,3,14,6,18,280,84.9,5,52,0.0962,0.1667,65.7,18.7,93.0,983.3,1.1,12.6,7.8,93.7,E,-12.57,-11.54,-12.09
567023,2019-08-11,2019,CLE,2019-08-11 13:10:00,13,3,7,10,2,15,4,18,316,82.5,2,62,0.0323,0.1111,82.9,28.3,50.3,984.5,0.0,4.6,2.9,40.3,NE,-3.0,-4.03,-1.61
567024,2019-08-19,2019,CWS,2019-08-19 19:10:00,19,4,6,10,2,13,3,23,313,84.9,5,62,0.0806,0.087,67.9,20.0,83.0,984.8,0.0,7.9,4.9,171.3,S,-1.2,1.56,-3.81
567025,2019-08-20,2019,CWS,2019-08-20 19:10:00,19,14,4,18,5,13,1,20,260,85.9,8,58,0.1379,0.25,73.6,23.1,84.7,984.7,0.0,8.0,5.0,333.3,NW,3.58,0.93,5.79
567026,2019-08-21,2019,CWS,2019-08-21 12:10:00,12,0,4,4,0,23,2,13,292,80.1,1,44,0.0227,0.0,75.1,23.9,43.0,987.3,0.0,10.3,6.4,319.0,NW,6.78,3.7,9.04
567027,2019-08-23,2019,DET,2019-08-23 19:10:00,19,6,9,15,5,22,6,26,312,86.2,8,54,0.1481,0.1923,66.1,18.9,78.0,992.0,0.0,10.2,6.4,101.0,E,-10.05,-8.77,-10.11
567028,2019-08-24,2019,DET,2019-08-24 18:10:00,18,8,5,13,4,22,4,23,297,83.7,4,51,0.0784,0.1739,66.3,19.0,61.7,990.3,0.0,9.4,5.8,114.7,SE,-8.54,-6.68,-9.37
567029,2019-08-25,2019,DET,2019-08-25 13:10:00,13,7,4,11,2,17,7,14,293,83.0,4,48,0.0833,0.1429,73.6,23.1,49.3,984.3,0.0,16.8,10.4,140.3,SE,-10.71,-5.65,-14.47
567030,2019-09-06,2019,CLE,2019-09-06 19:10:00,19,2,6,8,1,27,8,19,379,82.7,3,56,0.0536,0.0526,67.7,19.8,73.0,987.8,0.0,9.3,5.8,260.5,W,9.14,9.11,8.07
567031,2019-09-07,2019,CLE,2019-09-07 18:10:00,18,5,3,8,2,23,7,14,287,84.7,3,42,0.0714,0.1429,59.5,15.3,76.0,988.6,0.3,6.8,4.2,26.3,NE,-3.02,-4.92,-0.75
567032,2019-09-08,2019,CLE,2019-09-08 13:10:00,13,2,5,7,3,20,8,16,315,83.2,7,48,0.1458,0.1875,59.2,15.1,80.3,989.5,0.1,13.9,8.6,92.7,E,-13.88,-12.83,-13.27
567033,2019-09-10,2019,WSH,2019-09-10 18:40:00,18,5,0,5,1,13,4,8,252,80.9,2,45,0.0444,0.125,67.2,19.6,87.3,985.9,0.0,7.6,4.7,6.3,N,-0.84,-3.37,1.8
567034,2019-09-11,2019,WSH,2019-09-11 18:40:00,18,2,6,8,3,16,6,17,318,81.8,3,55,0.0545,0.1765,61.4,16.3,81.3,988.7,0.1,16.3,10.1,40.3,NE,-10.53,-14.13,-5.65
567035,2019-09-12,2019,WSH,2019-09-12 18:40:00,18,6,12,18,6,16,10,26,346,87.4,8,62,0.129,0.2308,65.7,18.7,94.7,979.7,3.5,12.5,7.7,150.6,SE,-6.12,-2.04,-9.47
567036,2019-09-16,2019,CWS,2019-09-16 18:40:00,18,5,3,8,2,15,4,16,239,85.8,4,50,0.08,0.125,76.4,24.7,75.7,985.1,0.0,13.7,8.5,158.0,S,-5.14,-0.48,-9.19
567037,2019-09-17,2019,CWS,2019-09-17 18:40:00,18,9,8,17,6,23,8,35,408,84.5,7,80,0.0875,0.1714,78.9,26.1,74.3,982.6,0.0,19.5,12.1,156.0,SE,-7.92,-1.36,-13.52
567038,2019-09-18,2019,CWS,2019-09-18 18:40:00,18,1,3,4,1,19,6,13,269,83.8,2,45,0.0444,0.0769,73.8,23.2,86.3,982.5,0.0,9.0,5.6,213.6,SW,4.99,7.27,2.12
567039,2019-09-19,2019,KC,2019-09-19 18:40:00,18,8,5,13,4,18,11,20,360,86.8,6,50,0.12,0.2,71.2,21.8,81.3,985.5,0.0,7.6,4.7,145.3,SE,-4.32,-1.92,-6.2
567040,2019-09-20,2019,KC,2019-09-20 19:10:00,19,4,3,7,0,12,6,12,277,86.0,4,50,0.08,0.0,70.3,21.3,88.7,983.6,0.2,16.4,10.2,139.3,SE,-10.66,-5.77,-14.27
567041,2019-09-21,2019,KC,2019-09-21 18:10:00,18,5,12,17,3,17,6,25,317,84.3,3,62,0.0484,0.12,74.8,23.8,80.0,977.4,0.1,15.3,9.5,208.3,SW,7.24,11.4,2.2
567042,2019-09-22,2019,KC,2019-09-22 13:10:00,13,12,8,20,4,22,15,25,377,83.2,5,53,0.0943,0.16,66.7,19.3,52.7,980.4,0.1,12.4,7.7,304.9,NW,10.17,7.13,11.98
631269,2020-07-28,2020,STL,2020-07-28 19:10:00,19,6,3,9,4,14,3,14,272,83.2,2,51,0.0392,0.2857,70.3,21.3,67.7,981.5,0.0,9.2,5.7,319.3,NW,5.97,3.23,7.99
631270,2020-07-29,2020,STL,2020-07-29 19:10:00,19,3,0,3,1,21,4,8,281,78.3,0,37,0.0,0.125,71.7,22.1,66.3,984.4,0.0,8.2,5.1,11.7,N,-1.66,-4.32,1.19
631271,2020-07-30,2020,CLE,2020-07-30 18:07:00,18,0,2,2,1,21,5,10,264,82.3,2,40,0.05,0.1,72.7,22.6,62.3,987.0,0.0,7.4,4.6,12.7,N,-1.63,-4.01,0.95
631272,2020-07-31,2020,CLE,2020-07-31 19:10:00,19,4,1,5,2,16,9,14,310,80.9,2,44,0.0455,0.1429,69.8,21.0,79.3,984.8,0.0,6.5,4.1,97.7,E,-6.47,-5.79,-6.38
631273,2020-08-01,2020,CLE,2020-08-01 18:10:00,18,3,0,3,3,17,4,8,246,84.4,3,40,0.075,0.375,71.3,21.8,84.0,983.5,0.1,4.6,2.9,298.2,NW,4.05,3.07,4.55
631274,2020-08-02,2020,CLE,2020-08-02 13:10:00,13,3,1,4,1,23,2,9,276,81.2,1,36,0.0278,0.1111,73.1,22.8,46.7,987.1,0.0,18.1,11.2,12.3,N,-3.87,-9.68,2.41
631275,2020-08-03,2020,PIT,2020-08-03 19:10:00,19,5,4,9,1,16,11,16,301,84.3,4,49,0.0816,0.0625,63.3,17.4,66.7,990.7,0.0,4.9,3.1,32.7,NE,-2.66,-3.92,-1.08
631276,2020-08-04,2020,PIT,2020-08-04 13:10:00,13,7,3,10,0,13,13,17,308,85.5,3,52,0.0577,0.0,74.5,23.6,38.3,989.6,0.0,8.4,5.2,308.7,NW,6.59,4.39,7.99
631279,2020-08-15,2020,KC,2020-08-14 19:10:00,19,2,4,6,2,22,7,10,247,81.7,2,28,0.0714,0.2,72.0,22.2,87.7,981.5,0.3,11.7,7.2,252.6,W,11.13,11.65,9.27
631280,2020-08-15,2020,KC,2020-08-15 12:35:00,12,4,2,6,2,18,1,13,230,82.0,2,33,0.0606,0.1538,76.2,24.5,44.0,987.6,0.0,2.8,1.8,172.7,S,-0.36,0.62,-1.3
631252,2020-08-16,2020,KC,2020-08-16 13:10:00,13,4,2,6,3,12,6,11,257,83.8,1,48,0.0208,0.2727,82.3,28.0,36.7,986.7,0.0,8.6,5.3,303.0,NW,7.21,5.18,8.38
631258,2020-08-17,2020,KC,2020-08-17 19:10:00,19,4,1,5,3,16,6,16,295,84.9,5,47,0.1064,0.1875,65.4,18.6,65.0,989.5,0.0,7.0,4.3,359.0,N,0.12,-2.27,2.5
631260,2020-08-18,2020,MIL,2020-08-18 19:10:00,19,4,3,7,0,26,11,9,371,81.9,1,53,0.0189,0.0,67.5,19.7,74.3,987.6,0.0,7.0,4.3,125.0,SE,-5.73,-4.01,-6.76
631249,2020-08-19,2020,MIL,2020-08-19 19:10:00,19,3,9,12,5,13,8,21,310,84.9,6,58,0.1034,0.2381,73.7,23.2,63.3,982.7,0.0,13.7,8.5,200.0,S,4.67,8.78,0.0
631248,2020-08-20,2020,MIL,2020-08-20 18:10:00,18,7,1,8,2,18,5,18,283,80.4,4,49,0.0816,0.1111,77.1,25.0,66.0,979.8,0.0,9.3,5.8,167.3,S,-2.03,1.18,-5.0
631247,2020-08-31,2020,CWS,2020-08-31 19:10:00,19,5,8,13,2,22,10,16,346,82.3,3,51,0.0588,0.125,60.1,15.6,64.0,980.9,0.0,8.7,5.4,270.3,W,8.7,8.16,8.19
631261,2020-09-01,2020,CWS,2020-09-01 19:10:00,19,3,2,5,0,16,4,18,274,83.4,2,52,0.0385,0.0,62.4,16.9,67.7,975.5,0.0,10.8,6.7,185.3,S,1.0,4.61,-2.73
631253,2020-09-02,2020,CWS,2020-09-02 19:10:00,19,8,1,9,3,23,7,14,317,83.9,4,46,0.087,0.2143,69.2,20.7,54.0,975.0,0.0,15.2,9.4,166.7,S,-3.5,1.76,-8.33
631262,2020-09-04,2020,DET,2020-09-04 13:10:00,13,2,0,2,2,15,1,9,181,82.6,1,29,0.0345,0.2222,68.5,20.3,44.7,988.9,0.0,4.0,2.5,283.9,W,3.92,3.35,4.01
631264,2020-09-05,2020,DET,2020-09-05 18:10:00,18,4,3,7,2,22,4,14,267,81.7,2,42,0.0476,0.1429,67.6,19.8,64.0,989.7,0.0,7.3,4.5,120.3,SE,-6.27,-4.64,-7.15
631254,2020-09-06,2020,DET,2020-09-06 13:10:00,13,8,10,18,4,18,7,30,372,84.3,5,63,0.0794,0.1333,84.1,28.9,49.3,974.7,0.0,19.2,11.9,276.7,W,19.07,17.15,18.69
631255,2020-09-07,2020,DET,2020-09-07 13:10:00,13,6,2,8,2,16,4,13,274,81.9,3,47,0.0638,0.1538,57.5,14.2,58.3,986.5,1.2,7.6,4.7,314.7,NW,5.43,3.26,6.94
631256,2020-09-11,2020,CLE,2020-09-11 19:10:00,19,3,1,4,3,18,4,11,246,83.1,4,42,0.0952,0.2727,54.3,12.4,91.0,988.0,0.3,12.8,8.0,109.7,E,-12.05,-9.85,-12.8
631257,2020-09-12,2020,CLE,2020-09-12 19:07:00,19,8,4,12,6,19,6,14,275,83.5,9,44,0.2045,0.4286,57.0,13.9,85.7,982.7,0.0,6.5,4.0,272.0,W,6.5,6.03,6.18
631259,2020-09-13,2020,CLE,2020-09-13 13:10:00,13,7,5,12,4,23,6,20,337,80.5,5,47,0.1064,0.2,73.0,22.8,55.0,989.0,0.0,6.5,4.0,245.0,SW,5.89,6.48,4.6
631251,2020-09-22,2020,DET,2020-09-22 18:40:00,18,5,4,9,3,18,7,18,336,83.9,2,56,0.0357,0.1667,71.4,21.9,64.3,985.5,0.0,7.0,4.3,142.3,SE,-4.26,-2.11,-5.89
631250,2020-09-23,2020,DET,2020-09-23 18:40:00,18,7,6,13,5,17,3,18,295,83.6,5,53,0.0943,0.2778,72.8,22.7,60.7,981.7,0.0,6.3,3.9,153.7,SE,-2.81,-0.7,-4.58
631246,2020-09-25,2020,CIN,2020-09-25 19:10:00,19,2,7,9,3,22,8,17,336,81.5,3,49,0.0612,0.1765,66.4,19.1,73.3,975.9,0.0,8.6,5.3,273.0,W,8.55,7.89,8.19
631245,2020-09-26,2020,CIN,2020-09-26 18:10:00,18,7,3,10,0,16,4,17,293,84.2,2,49,0.0408,0.0,63.6,17.6,96.0,969.6,0.1,11.8,7.3,358.4,N,0.33,-3.72,4.35
631244,2020-09-27,2020,CIN,2020-09-27 14:10:00,14,3,5,8,0,24,9,13,343,81.8,3,46,0.0652,0.0,61.3,16.3,58.0,976.8,0.5,19.4,12.0,263.0,W,19.22,18.87,17.26
634550,2021-04-08,2021,SEA,2021-04-08 15:10:00,15,10,2,12,4,21,7,23,328,83.7,8,51,0.1569,0.1739,65.9,18.8,59.7,965.9,0.0,15.1,9.4,142.3,SE,-9.25,-4.6,-12.79
632205,2021-04-10,2021,SEA,2021-04-10 13:10:00,13,3,4,7,3,16,5,13,288,84.2,4,56,0.0714,0.2308,55.2,12.9,57.7,975.4,0.0,14.7,9.1,351.3,N,2.21,-2.88,7.04
632215,2021-04-11,2021,SEA,2021-04-11 13:10:00,13,6,8,14,4,19,5,22,308,84.7,7,57,0.1228,0.1818,52.9,11.6,65.0,971.7,0.0,16.4,10.2,346.3,N,3.87,-1.81,9.07
632190,2021-04-13,2021,BOS,2021-04-13 13:10:00,13,2,4,6,2,9,7,12,298,82.0,4,55,0.0727,0.1667,35.0,1.7,57.0,986.7,0.5,19.7,12.3,258.0,W,19.3,19.54,16.73
632223,2021-04-14,2021,BOS,2021-04-12 13:10:00,13,1,7,8,1,18,8,13,243,79.2,3,34,0.0882,0.0769,42.4,5.8,84.7,978.3,0.7,18.8,11.7,251.3,W,17.84,18.83,14.7
634574,2021-04-14,2021,BOS,2021-04-14 13:10:00,13,2,3,5,0,12,4,16,239,84.1,1,47,0.0213,0.0,44.5,6.9,64.0,990.1,0.2,16.9,10.5,319.7,NW,10.96,5.88,14.71
634554,2021-04-15,2021,BOS,2021-04-15 12:10:00,12,4,3,7,1,17,7,13,287,84.8,6,49,0.1224,0.0769,47.5,8.6,58.7,990.3,0.0,8.9,5.5,327.0,NW,4.83,1.99,7.08
634434,2021-04-23,2021,PIT,2021-04-23 19:10:00,19,2,0,2,2,14,3,6,215,84.0,1,42,0.0238,0.3333,43.8,6.5,93.3,981.8,0.0,6.8,4.2,359.3,N,0.08,-2.24,2.39
634467,2021-04-24,2021,PIT,2021-04-24 13:10:00,13,2,6,8,2,15,4,10,266,82.1,3,50,0.06,0.2,49.0,9.4,38.7,984.5,0.0,15.5,9.6,328.7,NW,8.06,3.05,12.1
634349,2021-04-25,2021,PIT,2021-04-25 13:10:00,13,2,6,8,2,21,4,19,327,81.8,4,50,0.08,0.1053,44.8,7.1,46.0,986.5,0.7,16.6,10.3,131.3,SE,-12.49,-7.98,-15.49
634391,2021-04-30,2021,KC,2021-04-30 19:10:00,19,9,1,10,3,11,13,11,291,83.3,6,48,0.125,0.2727,51.3,10.7,41.0,986.4,0.0,10.3,6.4,134.0,SE,-7.41,-4.52,-9.41
634329,2021-05-01,2021,KC,2021-05-01 13:10:00,13,3,11,14,6,14,7,17,284,82.7,5,56,0.0893,0.3529,82.9,28.3,30.7,970.5,0.0,14.0,8.7,236.0,SW,11.61,13.58,8.23
634341,2021-05-02,2021,KC,2021-05-02 13:10:00,13,13,4,17,4,19,5,22,290,87.4,8,53,0.1509,0.1818,67.6,19.8,50.0,970.7,0.1,10.1,6.3,64.9,NE,-9.18,-10.09,-7.16
634285,2021-05-03,2021,TEX,2021-05-03 18:40:00,18,6,5,11,2,18,7,17,299,83.8,6,50,0.12,0.1176,55.6,13.1,57.0,979.8,0.0,20.4,12.7,344.7,N,5.4,-1.66,11.82
634229,2021-05-04,2021,TEX,2021-05-04 18:40:00,18,3,6,9,4,18,4,15,313,82.9,5,56,0.0893,0.2667,51.9,11.1,43.0,985.2,0.0,11.4,7.1,359.1,N,0.19,-3.71,4.06
634279,2021-05-05,2021,TEX,2021-05-05 18:40:00,18,1,3,4,1,19,6,15,291,82.3,6,47,0.1277,0.0667,45.1,7.3,88.7,991.2,0.4,5.5,3.4,252.7,W,5.22,5.46,4.35
634261,2021-05-06,2021,TEX,2021-05-06 12:10:00,12,3,4,7,3,22,7,16,308,83.2,3,52,0.0577,0.1875,58.8,14.9,25.7,990.0,0.0,18.9,11.7,321.3,NW,11.81,6.05,16.14
634131,2021-05-14,2021,ATH,2021-05-14 19:10:00,19,1,6,7,5,14,6,14,290,82.4,7,53,0.1321,0.3571,56.4,13.5,58.0,989.6,0.0,12.9,8.0,138.3,SE,-8.55,-4.75,-11.33
634080,2021-05-15,2021,ATH,2021-05-15 15:05:00,15,5,4,9,3,11,4,17,238,85.1,5,55,0.0909,0.1765,68.1,20.0,48.3,985.9,0.0,3.9,2.4,356.4,N,0.24,-1.1,1.56
634188,2021-05-16,2021,ATH,2021-05-16 13:10:00,13,6,7,13,2,16,7,23,313,83.4,4,59,0.0678,0.087,73.6,23.1,50.7,987.4,0.4,12.5,7.8,155.3,SE,-5.23,-1.02,-8.81
634077,2021-05-17,2021,CWS,2021-05-17 18:40:00,18,4,16,20,4,13,8,29,343,84.9,9,66,0.1364,0.1379,71.6,22.0,35.3,988.6,0.0,10.9,6.8,100.0,E,-10.73,-9.44,-10.73
634073,2021-05-18,2021,CWS,2021-05-18 18:40:00,18,5,4,9,5,17,9,15,349,82.2,10,54,0.1852,0.3333,66.3,19.0,71.0,985.7,0.0,17.8,11.1,131.7,SE,-13.32,-8.46,-16.57
634030,2021-05-19,2021,CWS,2021-05-19 12:10:00,12,1,2,3,1,18,7,7,239,81.4,1,42,0.0238,0.1429,76.2,24.6,58.7,985.3,0.4,14.2,8.8,200.3,S,4.93,9.19,0.08
633982,2021-05-24,2021,BAL,2021-05-24 18:40:00,18,8,3,11,3,14,4,21,280,82.4,4,56,0.0714,0.1429,75.7,24.3,61.3,980.5,1.3,12.2,7.6,188.3,S,1.76,5.78,-2.46
634048,2021-05-25,2021,BAL,2021-05-25 18:40:00,18,7,4,11,3,17,6,20,326,81.9,6,55,0.1091,0.15,74.0,23.3,39.0,977.3,0.0,18.0,11.2,273.3,W,18.0,16.56,17.28
633928,2021-05-26,2021,BAL,2021-05-26 12:10:00,12,3,2,5,2,16,7,9,268,82.1,6,42,0.1429,0.2222,61.3,16.3,48.0,990.8,0.0,13.1,8.1,342.7,N,3.9,-0.61,7.94
633932,2021-05-28,2021,KC,2021-05-28 19:10:00,19,3,8,11,1,16,8,19,303,87.3,6,55,0.1091,0.0526,51.6,10.9,81.7,991.8,0.0,3.6,2.2,277.4,W,3.54,3.17,3.48
633944,2021-05-29,2021,KC,2021-05-29 13:10:00,13,6,5,11,3,20,8,16,293,82.5,3,45,0.0667,0.1875,63.1,17.3,37.0,992.7,0.0,11.8,7.3,156.7,SE,-4.66,-0.68,-8.07
633881,2021-05-30,2021,KC,2021-05-30 13:10:00,13,3,6,9,2,17,8,16,299,80.3,3,52,0.0577,0.125,62.4,16.9,67.0,990.7,0.1,13.4,8.3,204.0,SW,5.46,9.33,0.94
633804,2021-06-08,2021,NYY,2021-06-08 19:10:00,19,4,8,12,2,12,2,24,302,82.8,6,69,0.087,0.0833,85.8,29.9,46.0,984.4,0.0,7.5,4.7,92.2,E,-7.53,-6.97,-7.17
633792,2021-06-09,2021,NYY,2021-06-09 19:10:00,19,6,9,15,7,14,3,26,304,87.2,9,65,0.1385,0.2692,84.9,29.4,55.0,984.3,0.0,12.1,7.5,130.3,SE,-9.2,-5.97,-11.31
633790,2021-06-10,2021,NYY,2021-06-10 19:10:00,19,7,5,12,4,11,5,24,314,84.3,7,62,0.1129,0.1667,87.9,31.0,47.7,978.3,0.0,7.1,4.4,132.2,SE,-5.28,-3.32,-6.6
633720,2021-06-11,2021,HOU,2021-06-11 19:10:00,19,4,6,10,6,22,3,17,287,83.4,8,49,0.1633,0.3529,81.2,27.3,52.3,980.7,0.0,13.7,8.5,299.7,NW,11.9,8.87,13.51
633736,2021-06-12,2021,HOU,2021-06-12 18:15:00,18,5,2,7,3,16,5,13,279,80.8,3,46,0.0652,0.2308,79.4,26.3,25.7,984.4,0.0,10.9,6.8,311.3,NW,8.18,5.23,10.15
633749,2021-06-13,2021,HOU,2021-06-13 13:10:00,13,3,14,17,5,10,7,27,293,86.8,7,69,0.1014,0.1852,92.4,33.6,22.3,983.7,0.0,23.3,14.5,245.3,SW,21.14,23.19,16.54
633588,2021-06-21,2021,CIN,2021-06-21 19:10:00,19,7,5,12,4,25,15,24,454,81.1,5,66,0.0758,0.1667,57.2,14.0,54.3,983.1,0.0,8.4,5.2,298.3,NW,7.42,5.61,8.34
633580,2021-06-22,2021,CIN,2021-06-22 12:10:00,12,7,10,17,5,14,6,22,326,81.9,7,61,0.1148,0.2273,72.5,22.5,30.0,981.6,0.0,6.0,3.7,245.0,SW,5.47,6.01,4.27
633538,2021-06-24,2021,CLE,2021-06-24 19:10:00,19,1,4,5,0,17,5,14,267,82.9,0,49,0.0,0.0,74.8,23.8,45.0,980.0,0.0,9.0,5.6,357.3,N,0.42,-2.69,3.48
633555,2021-06-25,2021,CLE,2021-06-25 19:10:00,19,8,7,15,5,9,3,18,243,85.8,7,59,0.1186,0.2778,76.7,24.8,47.7,980.3,0.0,8.3,5.2,62.7,NE,-7.4,-8.26,-5.65
633473,2021-06-27,2021,CLE,2021-06-27 13:10:00,13,8,2,10,4,17,11,13,297,85.4,6,46,0.1304,0.3077,77.7,25.4,60.0,983.5,0.9,6.2,3.9,257.3,W,6.08,6.18,5.25
633487,2021-07-05,2021,CWS,2021-07-05 18:10:00,18,8,5,13,3,25,10,18,350,80.6,3,43,0.0698,0.1667,88.6,31.4,40.3,983.4,0.0,7.0,4.3,355.6,N,0.54,-1.87,2.88
633352,2021-07-06,2021,CWS,2021-07-06 19:10:00,19,1,4,5,0,26,3,11,278,82.7,2,39,0.0513,0.0,66.2,19.0,99.7,985.6,4.8,16.6,10.3,20.3,N,-5.76,-10.72,-0.1
633335,2021-07-07,2021,CWS,2021-07-07 12:10:00,12,1,6,7,2,17,5,21,292,81.8,2,54,0.037,0.0952,71.8,22.1,51.3,985.8,0.0,15.8,9.8,26.0,NE,-6.91,-11.34,-1.65
633359,2021-07-08,2021,DET,2021-07-08 19:10:00,19,5,3,8,3,18,3,14,243,81.1,4,46,0.087,0.2143,64.8,18.2,68.0,985.2,0.1,6.7,4.2,53.3,NE,-5.4,-6.45,-3.7
633366,2021-07-09,2021,DET,2021-07-09 19:10:00,19,4,2,6,1,17,6,12,267,84.3,3,44,0.0682,0.0833,70.3,21.3,75.7,986.0,0.0,8.8,5.5,128.3,SE,-6.9,-4.62,-8.35
633289,2021-07-10,2021,DET,2021-07-10 13:10:00,13,9,4,13,4,18,6,17,329,82.2,4,49,0.0816,0.2353,79.4,26.3,43.3,985.3,0.0,11.5,7.2,77.3,E,-11.25,-11.44,-9.71
633307,2021-07-11,2021,DET,2021-07-11 13:10:00,13,12,9,21,5,19,18,20,400,81.3,7,57,0.1228,0.25,85.8,29.9,31.3,987.2,0.0,12.1,7.5,60.7,NE,-10.55,-11.94,-7.89
633220,2021-07-22,2021,LAA,2021-07-22 19:10:00,19,2,3,5,1,18,2,13,244,81.2,2,45,0.0444,0.0769,79.0,26.1,61.7,985.5,0.0,12.0,7.5,177.0,S,-0.63,3.51,-4.69
633159,2021-07-23,2021,LAA,2021-07-23 19:10:00,19,5,4,9,2,14,3,23,277,83.7,3,58,0.0517,0.087,83.7,28.7,67.0,980.9,0.0,10.8,6.7,198.0,S,3.34,6.65,-0.37
633209,2021-07-24,2021,LAA,2021-07-24 18:10:00,18,1,2,3,0,19,1,6,242,79.8,3,42,0.0714,0.0,77.3,25.2,47.0,982.7,0.0,9.0,5.6,301.0,NW,7.74,5.68,8.87
633179,2021-07-25,2021,LAA,2021-07-25 13:10:00,13,2,6,8,4,12,5,13,245,82.6,4,54,0.0741,0.3077,88.3,31.3,31.0,985.3,0.0,15.0,9.3,272.3,W,14.99,13.87,14.29
633133,2021-07-26,2021,DET,2021-07-26 19:10:00,19,6,5,11,5,16,8,19,308,86.1,8,58,0.1379,0.2632,79.3,26.3,69.3,983.0,0.0,9.3,5.8,201.0,S,3.33,6.1,0.16
633137,2021-07-27,2021,DET,2021-07-27 19:10:00,19,5,6,11,4,16,7,17,310,83.7,4,61,0.0656,0.2353,81.4,27.4,87.7,984.3,0.0,6.4,4.0,65.9,NE,-5.84,-6.38,-4.6
633138,2021-07-28,2021,DET,2021-07-28 12:10:00,12,14,17,31,7,14,16,32,401,84.3,10,71,0.1408,0.2188,87.6,30.9,55.0,982.6,0.0,19.4,12.1,185.3,S,1.8,8.31,-4.93
632964,2021-08-09,2021,CWS,2021-08-09 19:10:00,19,1,11,12,5,16,6,14,282,85.5,6,50,0.12,0.3571,75.2,24.0,83.7,979.5,0.0,6.3,3.9,133.7,SE,-4.56,-2.79,-5.77
632934,2021-08-10,2021,CWS,2021-08-10 19:10:00,19,4,3,7,3,17,6,12,263,84.7,3,44,0.0682,0.25,71.4,21.9,75.3,977.9,0.0,8.8,5.4,233.0,SW,7.0,8.38,4.78
632927,2021-08-11,2021,CWS,2021-08-11 12:10:00,12,1,0,1,1,22,7,10,269,81.2,4,37,0.1081,0.1,80.3,26.8,41.3,976.8,0.0,15.7,9.8,306.3,NW,12.65,8.7,15.07
632926,2021-08-13,2021,TB,2021-08-13 19:10:00,19,4,10,14,5,17,5,24,298,86.4,7,60,0.1167,0.2083,65.7,18.7,53.3,990.7,0.0,7.9,4.9,264.7,W,7.87,7.64,7.14
632913,2021-08-14,2021,TB,2021-08-14 18:10:00,18,12,0,12,4,13,5,19,266,85.1,6,55,0.1091,0.2105,75.1,23.9,50.0,990.9,0.0,10.3,6.4,191.0,S,1.96,5.3,-1.61
632866,2021-08-15,2021,TB,2021-08-15 13:10:00,13,5,4,9,2,15,12,11,315,80.1,2,48,0.0417,0.1818,84.4,29.1,30.7,988.9,0.0,16.9,10.5,174.0,S,-1.77,4.09,-7.41
632873,2021-08-16,2021,CLE,2021-08-16 19:10:00,19,5,4,9,3,16,9,22,333,86.0,5,61,0.082,0.1364,74.5,23.6,60.0,983.5,0.0,13.4,8.3,162.7,S,-3.99,0.62,-8.13
632880,2021-08-17,2021,CLE,2021-08-17 19:10:00,19,1,3,4,1,17,5,11,265,82.1,3,47,0.0638,0.0909,78.9,26.0,68.7,983.3,0.0,12.2,7.6,160.3,S,-4.1,0.07,-7.77
632831,2021-08-18,2021,CLE,2021-08-18 12:10:00,12,8,7,15,3,12,15,17,350,82.2,5,69,0.0725,0.1765,89.2,31.8,43.3,986.6,0.0,15.1,9.4,174.7,S,-1.4,3.82,-6.46
632759,2021-08-27,2021,MIL,2021-08-27 19:10:00,19,2,0,2,1,18,5,13,298,84.9,3,45,0.0667,0.0769,69.7,20.9,97.3,982.0,0.2,7.3,4.6,116.7,SE,-6.55,-5.03,-7.28
632716,2021-08-28,2021,MIL,2021-08-28 18:10:00,18,6,4,10,0,12,5,15,246,82.9,1,53,0.0189,0.0,76.0,24.4,86.0,982.9,0.1,10.6,6.6,139.5,SE,-6.87,-3.71,-9.2
632705,2021-08-29,2021,MIL,2021-08-29 13:10:00,13,2,6,8,3,22,5,15,282,86.2,5,46,0.1087,0.2,79.2,26.2,48.0,984.5,0.0,16.5,10.3,287.7,W,15.72,13.06,16.49
632694,2021-08-31,2021,CHC,2021-08-31 19:10:00,19,1,3,4,2,18,4,16,316,78.8,3,48,0.0625,0.125,65.0,18.3,77.7,983.0,0.0,8.5,5.3,57.0,NE,-7.1,-8.25,-5.1
632689,2021-09-01,2021,CHC,2021-09-01 19:10:00,19,0,3,3,1,15,4,6,260,83.0,4,43,0.093,0.1667,66.9,19.4,72.3,987.0,0.0,8.6,5.3,121.3,SE,-7.32,-5.35,-8.4
632541,2021-09-10,2021,KC,2021-09-10 19:10:00,19,4,6,10,4,19,5,15,310,82.6,2,62,0.0323,0.2667,69.8,21.0,74.0,980.8,0.0,10.0,6.2,180.7,S,0.12,3.52,-3.3
632527,2021-09-11,2021,KC,2021-09-11 18:10:00,18,9,2,11,5,15,5,22,300,82.3,5,56,0.0893,0.2273,68.8,20.5,55.0,982.2,0.0,9.0,5.6,11.3,N,-1.77,-4.69,1.37
632519,2021-09-12,2021,KC,2021-09-12 13:10:00,13,3,5,8,1,22,5,17,297,80.0,4,49,0.0816,0.0588,72.8,22.7,41.0,988.1,0.0,8.9,5.5,343.3,N,2.55,-0.52,5.31
632493,2021-09-14,2021,CLE,2021-09-14 18:40:00,18,6,3,9,1,11,2,15,207,84.5,4,41,0.0976,0.0667,62.6,17.0,66.0,982.7,0.0,7.8,4.8,277.0,W,7.71,6.92,7.57
633581,2021-09-14,2021,CLE,2021-06-26 13:10:00,13,1,3,4,1,16,3,9,182,81.0,3,34,0.0882,0.1111,75.1,23.9,69.3,977.1,0.8,13.3,8.3,51.0,NE,-10.36,-12.61,-6.87
632463,2021-09-15,2021,CLE,2021-09-15 18:40:00,18,3,12,15,4,12,6,17,292,81.3,7,58,0.1207,0.2353,67.8,19.9,50.0,982.4,0.0,13.8,8.6,148.7,SE,-7.18,-2.71,-10.78
632375,2021-09-23,2021,TOR,2021-09-23 18:40:00,18,7,2,9,2,13,10,24,309,85.1,1,56,0.0179,0.0833,58.5,14.7,76.3,983.1,0.0,8.3,5.2,127.3,SE,-6.6,-4.48,-7.92
632357,2021-09-24,2021,TOR,2021-09-24 19:10:00,19,3,1,4,2,20,4,10,252,80.4,5,41,0.122,0.2,53.1,11.7,56.3,982.9,0.0,10.7,6.7,295.3,NW,9.7,7.55,10.69
632350,2021-09-25,2021,TOR,2021-09-25 18:10:00,18,1,6,7,3,17,9,14,304,82.4,5,48,0.1042,0.2143,54.4,12.5,60.3,980.6,0.0,10.6,6.6,194.0,S,2.57,5.95,-1.11
632336,2021-09-26,2021,TOR,2021-09-26 13:10:00,13,2,5,7,3,19,4,17,297,81.8,6,50,0.12,0.1765,77.7,25.4,48.0,975.7,0.0,8.5,5.3,192.7,S,1.86,4.59,-1.08
632289,2021-09-28,2021,DET,2021-09-28 18:40:00,18,3,2,5,1,16,6,15,286,81.9,2,48,0.0417,0.0667,67.6,19.8,66.0,982.0,0.0,11.4,7.1,125.3,SE,-9.27,-6.47,-10.96
632300,2021-09-29,2021,DET,2021-09-29 18:40:00,18,5,2,7,1,15,4,17,273,85.9,3,51,0.0588,0.0588,72.3,22.4,68.7,985.8,0.0,12.2,7.6,113.3,SE,-11.17,-8.85,-12.15
632285,2021-09-30,2021,DET,2021-09-30 18:40:00,18,7,10,17,7,17,8,19,316,83.1,10,56,0.1786,0.3684,71.3,21.8,78.0,988.7,0.0,7.6,4.7,41.0,NE,-4.96,-6.62,-2.71
661750,2022-04-08,2022,SEA,2022-04-07 15:10:00,15,1,2,3,2,17,11,9,273,81.9,2,43,0.0465,0.2222,35.7,2.1,62.3,976.2,0.3,25.0,15.5,345.0,N,6.46,-2.18,14.32
661756,2022-04-09,2022,SEA,2022-04-09 13:10:00,13,3,4,7,3,21,6,13,298,80.0,3,45,0.0667,0.2308,52.3,11.3,33.7,980.1,0.0,3.5,2.2,183.8,S,0.23,1.41,-0.98
661738,2022-04-10,2022,SEA,2022-04-10 13:10:00,13,10,4,14,7,17,7,17,304,84.6,10,51,0.1961,0.4118,59.0,15.0,37.3,967.6,0.0,26.7,16.6,122.0,SE,-22.62,-16.42,-26.08
661754,2022-04-11,2022,SEA,2022-04-11 18:40:00,18,4,0,4,0,13,6,12,291,79.0,3,50,0.06,0.0,48.4,9.1,53.0,979.8,0.0,7.0,4.3,297.8,NW,6.19,4.7,6.93
661753,2022-04-12,2022,LAD,2022-04-12 18:40:00,18,2,7,9,0,19,12,14,356,84.6,3,50,0.06,0.0,46.8,8.2,89.3,966.9,1.0,24.7,15.3,93.7,E,-24.62,-22.59,-23.67
661734,2022-04-13,2022,LAD,2022-04-13 12:10:00,12,0,7,7,4,21,5,12,261,82.4,3,46,0.0652,0.3333,38.4,3.6,59.7,972.4,0.3,18.4,11.4,257.0,W,17.9,18.23,15.4
661755,2022-04-22,2022,CWS,2022-04-22 19:10:00,19,2,1,3,1,20,6,11,284,80.4,3,40,0.075,0.0909,51.1,10.6,91.3,979.6,0.0,23.1,14.3,126.7,SE,-18.5,-12.68,-22.1
661752,2022-04-23,2022,CWS,2022-04-23 15:05:00,15,9,2,11,3,22,6,21,344,81.6,5,50,0.1,0.1429,69.5,20.8,73.0,967.1,11.5,23.7,14.7,195.7,S,6.41,13.84,-1.79
661781,2022-04-24,2022,CWS,2022-04-24 13:10:00,13,6,4,10,4,21,12,18,339,82.7,6,53,0.1132,0.2222,49.5,9.7,55.0,972.6,0.0,30.1,18.7,246.7,SW,27.64,30.05,21.9
661733,2022-04-26,2022,DET,2022-04-26 18:40:00,18,5,4,9,2,20,9,13,309,80.9,5,42,0.119,0.1538,35.3,1.8,60.0,995.7,0.0,8.4,5.2,350.0,N,1.45,-1.45,4.18
661739,2022-04-27,2022,DET,2022-04-27 18:40:00,18,5,0,5,3,13,4,11,234,82.8,5,47,0.1064,0.2727,43.2,6.2,52.7,991.9,0.0,10.9,6.8,74.3,E,-10.49,-10.87,-8.85
661729,2022-04-28,2022,DET,2022-04-28 12:10:00,12,7,1,8,0,14,6,23,289,82.8,1,58,0.0172,0.0,55.5,13.1,52.0,987.3,0.0,18.0,11.2,123.0,SE,-15.1,-10.83,-17.54
661775,2022-05-06,2022,ATH,2022-05-06 19:10:00,19,2,1,3,2,19,6,12,261,85.2,7,43,0.1628,0.1667,53.7,12.0,68.7,981.1,0.0,10.4,6.4,146.6,SE,-5.7,-2.4,-8.32
661701,2022-05-07,2022,ATH,2022-05-07 13:10:00,13,1,0,1,1,24,5,8,261,81.6,2,33,0.0606,0.125,69.1,20.6,38.3,980.7,0.0,22.0,13.6,147.0,SE,-11.96,-4.94,-17.54
661700,2022-05-08,2022,ATH,2022-05-08 13:10:00,13,4,3,7,0,15,3,17,294,81.0,0,51,0.0,0.0,61.4,16.3,66.0,975.5,0.3,20.6,12.8,148.7,SE,-10.7,-4.03,-16.07
661696,2022-05-10,2022,HOU,2022-05-10 18:40:00,18,0,5,5,0,12,11,10,290,80.8,2,50,0.04,0.0,68.4,20.2,69.3,986.2,0.0,7.2,4.5,340.3,N,2.43,-0.04,4.62
661702,2022-05-11,2022,HOU,2022-05-11 18:40:00,18,3,11,14,2,16,6,25,336,84.8,5,64,0.0781,0.08,70.9,21.6,85.7,980.7,5.9,30.1,18.7,123.6,SE,-25.1,-17.89,-29.29
661694,2022-05-12,2022,HOU,2022-05-12 15:05:00,15,0,5,5,2,22,8,16,303,80.5,2,47,0.0426,0.125,84.2,29.0,62.7,977.2,4.7,25.1,15.6,143.3,SE,-14.98,-7.21,-20.95
661698,2022-05-13,2022,CLE,2022-05-13 19:10:00,19,12,8,20,7,20,12,22,329,84.2,10,52,0.1923,0.3182,65.0,18.3,60.3,982.6,0.0,6.7,4.2,256.8,W,6.56,6.69,5.64
661695,2022-05-14,2022,CLE,2022-05-14 18:10:00,18,2,3,5,1,14,5,17,327,83.5,1,60,0.0167,0.0588,62.6,17.0,48.7,982.6,0.0,12.9,8.0,303.3,NW,10.81,7.72,12.58
661732,2022-05-15,2022,CLE,2022-05-15 13:10:00,13,3,1,4,3,13,2,10,251,84.7,3,48,0.0625,0.3,70.6,21.5,32.3,983.0,0.0,21.1,13.1,278.3,W,20.88,18.57,20.66
661730,2022-05-23,2022,DET,2022-05-23 18:40:00,18,5,4,9,2,18,6,17,285,83.1,3,50,0.06,0.1176,57.1,14.0,51.3,992.6,0.0,7.4,4.6,124.7,SE,-6.06,-4.26,-7.13
661699,2022-05-24,2022,DET,2022-05-24 18:40:00,18,2,0,2,0,20,5,13,284,78.9,3,41,0.0732,0.0,60.8,16.0,43.3,989.6,0.0,9.8,6.1,81.3,E,-9.72,-9.64,-8.63
661772,2022-05-25,2022,DET,2022-05-25 12:10:00,12,2,4,6,4,22,8,15,345,81.4,3,53,0.0566,0.2667,52.9,11.6,83.7,983.4,0.9,17.2,10.7,51.7,NE,-13.49,-16.33,-9.03
661771,2022-05-26,2022,KC,2022-05-26 18:40:00,18,2,3,5,0,17,5,18,291,84.2,1,54,0.0185,0.0,55.9,13.3,68.3,981.5,0.0,8.7,5.4,4.6,N,-0.7,-3.61,2.3
661777,2022-05-27,2022,KC,2022-05-27 19:10:00,19,10,7,17,4,14,15,28,333,85.9,9,63,0.1429,0.1429,64.9,18.3,62.7,979.6,0.0,10.1,6.3,126.0,SE,-8.14,-5.63,-9.68
661774,2022-05-28,2022,KC,2022-05-28 13:10:00,13,3,7,10,1,17,5,22,313,83.6,7,60,0.1167,0.0455,80.4,26.9,51.0,971.3,0.0,19.4,12.1,210.0,SW,9.72,14.89,3.37
661731,2022-05-29,2022,KC,2022-05-29 13:10:00,13,7,3,10,3,13,4,18,283,81.2,4,55,0.0727,0.1667,81.8,27.7,58.0,967.2,0.0,20.6,12.8,171.3,S,-3.1,4.05,-9.88
661693,2022-06-07,2022,NYY,2022-06-07 18:40:00,18,4,10,14,4,17,10,26,375,83.0,5,62,0.0806,0.1538,63.0,17.2,60.3,983.1,0.0,5.7,3.5,340.7,N,1.88,-0.07,3.61
661681,2022-06-08,2022,NYY,2022-06-08 18:40:00,18,8,1,9,2,14,7,16,283,82.6,4,49,0.0816,0.125,67.3,19.6,43.7,982.1,0.0,9.9,6.2,319.4,NW,6.45,3.49,8.63
661697,2022-06-09,2022,NYY,2022-06-09 18:40:00,18,7,10,17,9,14,9,23,324,85.1,9,61,0.1475,0.3913,70.2,21.2,57.3,982.6,0.0,3.9,2.4,107.9,E,-3.71,-3.08,-3.9
661678,2022-06-10,2022,TB,2022-06-10 19:10:00,19,9,4,13,6,13,6,19,286,83.3,9,57,0.1579,0.3158,68.8,20.5,60.0,979.5,0.0,6.5,4.0,203.7,SW,2.61,4.49,0.41
661680,2022-06-11,2022,TB,2022-06-11 13:10:00,13,6,5,11,1,18,5,24,319,81.2,5,52,0.0962,0.0417,78.8,26.0,50.7,975.0,0.0,6.0,3.7,298.0,NW,5.33,4.04,5.97
661679,2022-06-12,2022,TB,2022-06-12 13:10:00,13,0,6,6,1,15,7,12,328,81.4,1,51,0.0196,0.0833,79.3,26.3,60.3,977.5,0.2,15.5,9.6,130.4,SE,-11.78,-7.65,-14.5
661677,2022-06-21,2022,CLE,2022-06-21 18:40:00,18,5,6,11,3,27,6,21,353,81.3,2,57,0.0351,0.1429,79.1,26.2,36.7,986.2,0.0,19.4,12.1,275.0,W,19.36,17.61,18.77
661690,2022-06-22,2022,CLE,2022-06-22 18:40:00,18,10,11,21,7,17,4,27,323,82.0,7,62,0.1129,0.2593,78.0,25.5,47.7,987.9,0.0,6.9,4.3,5.2,N,-0.62,-2.92,1.76
661685,2022-06-23,2022,CLE,2022-06-23 12:10:00,12,1,0,1,1,16,3,10,279,82.0,1,45,0.0222,0.1,92.2,33.4,28.7,982.4,0.0,21.3,13.2,206.0,SW,9.34,15.32,2.23
661684,2022-06-24,2022,COL,2022-06-24 19:10:00,19,0,1,1,0,5,9,8,210,83.6,2,52,0.0385,0.0,79.8,26.5,69.3,981.4,0.0,9.4,5.8,157.7,S,-3.56,-0.38,-6.31
661686,2022-06-25,2022,COL,2022-06-25 18:15:00,18,6,0,6,0,17,9,11,284,84.8,1,45,0.0222,0.0,73.3,23.0,52.0,984.6,0.0,15.7,9.8,296.7,NW,14.06,10.79,15.63
661692,2022-06-26,2022,COL,2022-06-26 13:10:00,13,6,3,9,1,11,4,22,311,83.9,3,61,0.0492,0.0455,70.9,21.6,36.0,990.6,0.0,26.8,16.7,299.7,NW,23.29,17.35,26.42
661691,2022-07-01,2022,BAL,2022-07-01 19:10:00,19,3,2,5,1,15,2,9,245,81.8,5,45,0.1111,0.1111,71.4,21.9,46.7,984.8,0.0,7.9,4.9,30.7,NE,-4.05,-6.14,-1.48
661683,2022-07-02,2022,BAL,2022-07-02 13:10:00,13,4,3,7,3,18,5,17,277,81.6,6,49,0.1224,0.1765,69.4,20.8,80.7,987.5,0.3,6.5,4.0,227.0,SW,4.75,5.98,2.95
661689,2022-07-03,2022,BAL,2022-07-03 13:10:00,13,1,3,4,3,17,5,11,269,82.8,6,47,0.1277,0.2727,86.8,30.5,35.7,985.7,0.0,16.3,10.1,194.3,S,4.04,9.21,-1.62
661688,2022-07-12,2022,MIL,2022-07-12 18:40:00,18,3,6,9,3,13,5,13,309,82.6,4,52,0.0769,0.2308,72.3,22.4,67.0,982.4,0.5,14.9,9.3,290.5,W,13.98,11.35,14.93
661687,2022-07-13,2022,MIL,2022-07-13 12:10:00,12,4,1,5,2,16,10,14,312,81.3,3,48,0.0625,0.1429,78.2,25.7,50.0,988.0,0.0,10.4,6.5,26.3,NE,-4.63,-7.55,-1.15
661675,2022-07-14,2022,CWS,2022-07-14 18:40:00,18,2,12,14,4,13,5,28,324,83.1,4,69,0.058,0.1429,79.1,26.2,61.0,986.1,0.0,13.0,8.1,122.0,SE,-11.06,-8.03,-12.75
661674,2022-07-15,2022,CWS,2022-07-15 19:10:00,19,2,6,8,2,14,7,15,285,83.5,4,53,0.0755,0.1333,78.1,25.6,73.0,986.3,0.0,7.5,4.6,71.4,E,-7.08,-7.46,-5.84
661673,2022-07-16,2022,CWS,2022-07-16 13:10:00,13,6,3,9,3,18,4,19,317,81.8,5,51,0.098,0.1579,85.3,29.6,50.3,984.7,0.0,7.2,4.5,135.7,SE,-5.03,-2.97,-6.49
661672,2022-07-17,2022,CWS,2022-07-17 13:10:00,13,0,11,11,3,19,7,17,307,83.0,2,53,0.0377,0.1765,86.7,30.4,45.3,983.2,0.0,6.0,3.7,267.1,W,5.99,5.73,5.53
661671,2022-08-01,2022,DET,2022-08-01 18:40:00,18,5,3,8,1,21,5,17,299,80.3,5,53,0.0943,0.0588,77.2,25.1,57.0,982.4,0.0,4.5,2.8,255.4,W,4.35,4.48,3.7
661661,2022-08-02,2022,DET,2022-08-02 18:40:00,18,3,5,8,1,16,9,14,281,83.6,2,49,0.0408,0.0714,88.6,31.4,64.3,972.6,0.0,16.1,10.0,198.7,S,5.16,10.08,-0.38
661664,2022-08-03,2022,DET,2022-08-03 12:10:00,12,4,1,5,0,22,4,11,256,78.5,1,38,0.0263,0.0,85.0,29.4,38.7,978.0,0.0,20.5,12.7,301.0,NW,17.57,12.9,20.12
661660,2022-08-04,2022,TOR,2022-08-04 18:40:00,18,3,9,12,3,17,11,16,337,84.1,7,51,0.1373,0.1875,76.8,24.9,56.7,986.3,0.0,8.8,5.5,145.0,SE,-5.05,-2.28,-7.21
661659,2022-08-05,2022,TOR,2022-08-05 19:10:00,19,6,5,11,5,18,6,22,315,84.0,9,60,0.15,0.2273,79.8,26.6,65.0,983.1,0.0,13.1,8.1,163.3,S,-3.75,0.76,-7.8
661662,2022-08-06,2022,TOR,2022-08-06 18:10:00,18,7,3,10,2,16,8,18,302,82.3,4,54,0.0741,0.1111,71.0,21.7,94.3,985.6,4.6,11.6,7.2,7.7,N,-1.55,-5.4,2.48
661653,2022-08-07,2022,TOR,2022-08-07 13:10:00,13,2,3,5,0,13,1,21,316,81.9,3,66,0.0455,0.0,78.4,25.8,67.0,984.9,0.0,10.6,6.6,51.0,NE,-8.24,-10.02,-5.46
661676,2022-08-15,2022,KC,2022-08-15 18:40:00,18,4,2,6,1,17,7,19,252,84.1,3,49,0.0612,0.0526,71.2,21.8,71.0,989.1,0.0,6.1,3.8,127.8,SE,-4.79,-3.23,-5.78
661682,2022-08-16,2022,KC,2022-08-16 18:40:00,18,9,0,9,1,22,4,21,293,83.7,2,50,0.04,0.0476,73.6,23.1,65.3,990.0,0.0,5.8,3.6,150.7,SE,-2.82,-0.93,-4.37
661654,2022-08-17,2022,KC,2022-08-17 12:10:00,12,4,0,4,1,12,4,13,272,81.6,1,50,0.02,0.0769,81.6,27.5,52.3,990.0,0.1,6.2,3.8,221.0,SW,4.05,5.39,2.21
661655,2022-08-19,2022,TEX,2022-08-19 19:10:00,19,2,1,3,2,15,7,9,263,81.4,2,44,0.0455,0.2222,66.4,19.1,89.0,980.3,0.0,8.5,5.3,68.7,E,-7.92,-8.5,-6.39
661670,2022-08-20,2022,TEX,2022-08-20 18:10:00,18,3,4,7,0,13,6,17,315,84.0,3,65,0.0462,0.0,70.0,21.1,75.3,986.2,0.0,10.4,6.4,22.0,N,-3.89,-6.94,-0.37
661652,2022-08-21,2022,TEX,2022-08-21 13:10:00,13,0,7,7,2,18,3,15,256,81.8,2,48,0.0417,0.1333,78.6,25.9,50.0,988.8,0.0,6.0,3.7,338.7,N,2.2,0.14,3.99
661658,2022-08-22,2022,TEX,2022-08-22 18:10:00,18,1,2,3,1,15,4,13,269,82.3,4,48,0.0833,0.0769,73.2,22.9,70.0,986.8,0.0,4.7,2.9,21.6,N,-1.72,-3.1,-0.13
661669,2022-08-26,2022,SF,2022-08-26 19:10:00,19,9,0,9,3,17,6,13,294,84.4,7,44,0.1591,0.2308,69.1,20.6,69.7,985.4,0.0,8.4,5.2,130.9,SE,-6.37,-4.1,-7.88
661657,2022-08-27,2022,SF,2022-08-27 18:15:00,18,3,2,5,0,22,12,13,362,82.5,0,47,0.0,0.0,70.8,21.6,90.7,978.5,0.4,16.8,10.4,159.0,S,-6.03,-0.31,-11.03
661663,2022-08-28,2022,SF,2022-08-28 13:10:00,13,8,3,11,1,12,6,21,335,82.6,3,58,0.0517,0.0476,80.7,27.1,69.0,973.2,0.3,16.0,9.9,182.3,S,0.65,6.08,-4.86
661651,2022-08-29,2022,BOS,2022-08-29 18:40:00,18,4,2,6,0,17,7,17,302,81.7,2,50,0.04,0.0,71.1,21.7,52.3,980.8,0.0,11.3,7.0,281.0,W,11.06,9.66,11.13
661648,2022-08-30,2022,BOS,2022-08-30 18:40:00,18,10,5,15,3,17,11,16,301,82.5,6,49,0.1224,0.1875,68.8,20.5,63.7,986.1,0.0,7.0,4.4,261.4,W,6.95,6.89,6.17
661649,2022-08-31,2022,BOS,2022-08-31 18:40:00,18,5,6,11,3,23,4,22,317,83.0,3,53,0.0566,0.1364,75.9,24.4,66.0,984.0,0.0,7.4,4.6,260.7,W,7.3,7.27,6.45
661650,2022-09-09,2022,CLE,2022-09-09 19:10:00,19,6,7,13,4,16,2,29,330,82.0,4,65,0.0615,0.1379,59.4,15.2,94.7,985.5,0.8,6.5,4.0,318.0,NW,4.33,2.43,5.71
661665,2022-09-10,2022,CLE,2022-09-10 18:15:00,18,4,6,10,1,13,9,19,316,84.2,1,58,0.0172,0.0526,62.9,17.2,57.7,990.5,0.0,5.8,3.6,342.6,N,1.74,-0.26,3.54
661647,2022-09-11,2022,CLE,2022-09-11 13:10:00,13,1,4,5,2,21,8,15,309,82.0,6,48,0.125,0.1333,72.5,22.5,32.7,989.4,0.0,11.6,7.2,330.3,NW,5.76,1.95,8.87
661645,2022-09-13,2022,KC,2022-09-13 18:40:00,18,6,3,9,3,22,7,13,270,82.2,5,38,0.1316,0.2308,67.3,19.6,66.3,984.1,0.0,5.4,3.4,183.6,S,0.34,2.16,-1.53
661646,2022-09-14,2022,KC,2022-09-14 18:40:00,18,4,0,4,0,15,5,13,280,80.3,3,48,0.0625,0.0,70.2,21.2,64.7,987.0,0.0,15.8,9.8,126.0,SE,-12.76,-8.82,-15.16
661644,2022-09-15,2022,KC,2022-09-15 18:40:00,18,3,2,5,3,18,2,14,282,83.2,3,45,0.0667,0.2143,75.1,24.0,54.7,984.3,0.0,10.4,6.4,160.6,S,-3.44,0.11,-6.58
661668,2022-09-23,2022,LAA,2022-09-23 19:10:00,19,2,4,6,2,19,9,13,297,82.5,3,45,0.0667,0.1538,52.0,11.1,91.3,982.9,4.0,16.4,10.2,143.7,SE,-9.72,-4.61,-13.65
661656,2022-09-24,2022,LAA,2022-09-24 18:10:00,18,8,4,12,1,13,5,18,285,83.8,2,59,0.0339,0.0556,56.5,13.6,83.0,979.5,0.0,17.3,10.8,307.7,NW,13.72,9.27,16.52
661667,2022-09-25,2022,LAA,2022-09-25 13:10:00,13,3,10,13,2,21,4,27,350,81.9,4,60,0.0667,0.0741,65.9,18.8,40.7,981.4,0.0,29.7,18.5,311.0,NW,22.41,14.4,27.73
661666,2022-09-27,2022,CWS,2022-09-27 18:40:00,18,4,0,4,1,22,2,12,267,82.5,4,39,0.1026,0.0833,46.0,7.8,58.0,996.5,0.0,8.4,5.2,29.0,NE,-4.06,-6.31,-1.31
661133,2022-09-28,2022,CWS,2022-09-28 18:40:00,18,8,4,12,0,20,5,21,285,78.5,0,49,0.0,0.0,50.2,10.1,63.3,999.3,0.0,8.4,5.2,127.3,SE,-6.71,-4.55,-8.05
661132,2022-09-29,2022,CWS,2022-09-29 12:10:00,12,3,4,7,0,18,9,13,301,82.5,2,49,0.0408,0.0,65.0,18.3,43.3,995.1,0.0,19.0,11.8,172.3,S,-2.54,4.07,-8.84
718684,2023-04-07,2023,HOU,2023-04-06 15:10:00,15,3,2,5,0,28,6,16,312,82.7,2,45,0.0444,0.0,35.1,1.7,53.0,997.3,0.0,13.3,8.3,269.0,W,13.33,12.61,12.45
718666,2023-04-08,2023,HOU,2023-04-08 13:10:00,13,9,6,15,4,23,6,19,282,87.0,7,47,0.1489,0.2105,60.9,16.1,42.0,991.6,0.0,16.5,10.3,148.3,SE,-8.66,-3.34,-12.94
718649,2023-04-09,2023,HOU,2023-04-09 13:10:00,13,1,5,6,1,17,6,13,292,80.0,0,45,0.0,0.0769,54.1,12.3,65.3,992.7,0.0,10.9,6.8,311.2,NW,8.2,5.25,10.16
718640,2023-04-10,2023,CWS,2023-04-10 13:10:00,13,3,4,7,1,19,4,12,292,81.9,2,50,0.04,0.0833,67.2,19.5,35.0,992.2,0.0,8.4,5.2,258.3,W,8.19,8.28,7.12
718616,2023-04-11,2023,CWS,2023-04-11 18:40:00,18,4,3,7,3,29,2,13,274,79.4,2,40,0.05,0.2308,66.0,18.9,49.7,979.9,0.0,12.5,7.8,182.0,S,0.44,4.68,-3.86
718605,2023-04-12,2023,CWS,2023-04-12 12:10:00,12,3,1,4,1,15,5,16,282,82.5,1,51,0.0196,0.0625,79.6,26.4,45.3,974.2,0.0,21.5,13.4,216.0,SW,12.66,17.85,5.94
718482,2023-04-21,2023,WSH,2023-04-21 19:10:00,19,2,3,5,2,13,3,12,296,80.9,5,51,0.098,0.1667,32.8,0.4,76.7,979.3,0.2,11.9,7.4,287.3,W,11.39,9.49,11.92
718468,2023-04-22,2023,WSH,2023-04-22 13:10:00,13,4,10,14,2,23,9,24,366,79.5,5,55,0.0909,0.0833,37.5,3.0,56.7,984.8,0.0,20.5,12.7,320.3,NW,13.06,6.89,17.66
718454,2023-04-23,2023,WSH,2023-04-23 13:10:00,13,3,1,4,2,13,7,12,254,81.3,2,48,0.0417,0.1667,42.5,5.8,46.3,988.2,0.1,12.8,8.0,283.0,W,12.47,10.73,12.7
718442,2023-04-24,2023,NYY,2023-04-24 18:40:00,18,6,1,7,1,15,10,16,334,80.2,2,50,0.04,0.0625,41.3,5.2,53.7,990.0,0.0,9.0,5.6,31.6,NE,-4.72,-7.06,-1.82
718427,2023-04-25,2023,NYY,2023-04-25 18:40:00,18,6,2,8,2,18,3,16,271,81.8,1,50,0.02,0.125,40.6,4.8,56.7,993.4,0.0,7.3,4.5,53.7,NE,-5.88,-7.01,-4.05
718417,2023-04-26,2023,NYY,2023-04-26 12:10:00,12,6,12,18,4,22,7,19,287,84.6,9,49,0.1837,0.2105,53.2,11.8,42.7,991.4,0.0,9.5,5.9,183.0,S,0.5,3.72,-2.77
718400,2023-04-27,2023,KC,2023-04-27 18:40:00,18,7,1,8,3,22,4,13,278,83.2,5,42,0.119,0.2308,53.4,11.9,78.0,977.9,0.0,12.8,8.0,43.7,NE,-8.86,-11.5,-5.15
718387,2023-04-28,2023,KC,2023-04-28 15:10:00,15,8,6,14,4,22,7,20,297,82.4,7,48,0.1458,0.2,50.6,10.3,77.3,982.4,0.0,15.2,9.4,355.7,N,1.15,-4.1,6.26
718378,2023-04-29,2023,KC,2023-04-29 13:10:00,13,2,3,5,1,14,12,16,318,81.1,3,53,0.0566,0.0625,51.4,10.8,49.3,976.2,0.1,19.5,12.1,329.0,NW,10.03,3.71,15.13
718362,2023-04-30,2023,KC,2023-04-30 13:10:00,13,8,4,12,1,24,7,17,315,81.6,2,45,0.0444,0.0588,47.1,8.4,55.0,975.0,0.3,28.5,17.7,345.3,N,7.23,-2.65,16.23
718242,2023-05-09,2023,SD,2023-05-09 18:40:00,18,1,6,7,1,18,10,16,304,80.4,6,51,0.1176,0.0625,62.8,17.1,81.7,988.7,0.4,4.3,2.7,104.9,E,-4.16,-3.53,-4.28
718224,2023-05-10,2023,SD,2023-05-10 18:40:00,18,4,3,7,2,19,11,13,315,82.3,3,51,0.0588,0.1538,68.2,20.1,66.0,985.5,0.0,7.3,4.5,96.7,E,-7.22,-6.49,-7.07
718216,2023-05-11,2023,SD,2023-05-11 12:10:00,12,5,3,8,3,19,5,12,272,86.2,5,44,0.1136,0.25,74.0,23.3,64.7,985.3,0.0,9.8,6.1,128.3,SE,-7.66,-5.13,-9.27
718209,2023-05-12,2023,CHC,2023-05-12 19:10:00,19,2,6,8,1,17,6,16,279,84.3,6,51,0.1176,0.0625,62.6,17.0,82.3,987.4,0.6,12.8,8.0,93.0,E,-12.78,-11.78,-12.24
718195,2023-05-13,2023,CHC,2023-05-13 13:10:00,13,11,1,12,5,23,10,19,345,83.5,5,46,0.1087,0.2632,68.1,20.0,59.3,991.4,0.0,21.7,13.5,67.3,NE,-20.05,-21.71,-15.98
718175,2023-05-14,2023,CHC,2023-05-14 13:10:00,13,16,3,19,5,17,6,24,327,82.5,6,58,0.1034,0.2083,61.4,16.3,61.7,1000.6,0.0,12.2,7.6,78.7,E,-11.99,-12.09,-10.45
718067,2023-05-22,2023,SF,2023-05-22 18:40:00,18,1,4,5,2,26,9,9,319,79.6,4,37,0.1081,0.2222,69.9,21.0,55.3,985.7,0.0,8.8,5.5,138.7,SE,-5.81,-3.2,-7.72
718054,2023-05-23,2023,SF,2023-05-23 18:40:00,18,3,4,7,3,23,5,16,295,82.3,3,46,0.0652,0.1875,72.3,22.4,65.3,986.7,0.0,4.0,2.5,100.8,E,-3.93,-3.44,-3.95
718047,2023-05-24,2023,SF,2023-05-24 12:10:00,12,7,1,8,2,25,7,17,333,82.3,4,47,0.0851,0.1176,75.3,24.0,48.7,992.3,0.0,17.2,10.7,96.7,E,-17.05,-15.34,-16.7
718013,2023-05-26,2023,TOR,2023-05-26 19:10:00,19,1,3,4,2,18,10,13,326,79.7,5,48,0.1042,0.1538,66.9,19.4,34.3,992.4,0.0,10.8,6.7,122.0,SE,-9.16,-6.65,-10.56
718008,2023-05-27,2023,TOR,2023-05-27 13:10:00,13,9,7,16,7,21,5,24,305,82.0,7,53,0.1321,0.2917,79.8,26.6,21.0,992.0,0.0,14.2,8.8,165.7,S,-3.52,1.41,-8.03
717988,2023-05-28,2023,TOR,2023-05-28 13:10:00,13,0,3,3,0,23,8,12,309,76.7,2,37,0.0541,0.0,80.7,27.0,24.3,988.3,0.0,14.3,8.9,135.7,SE,-9.97,-5.88,-12.86
717937,2023-06-01,2023,CLE,2023-06-01 18:40:00,18,7,6,13,2,14,4,19,286,80.4,4,58,0.069,0.1053,78.9,26.1,54.3,985.4,0.0,14.7,9.2,160.4,S,-4.95,0.09,-9.4
717924,2023-06-02,2023,CLE,2023-06-02 19:10:00,19,1,0,1,0,13,4,14,270,81.5,2,50,0.04,0.0,72.6,22.5,76.7,987.4,0.0,12.8,7.9,98.3,E,-12.63,-11.24,-12.5
717913,2023-06-03,2023,CLE,2023-06-03 18:15:00,18,2,4,6,3,13,5,20,282,79.9,5,58,0.0862,0.15,83.1,28.4,34.7,987.4,0.0,9.7,6.0,88.0,E,-9.66,-9.19,-8.96
717895,2023-06-04,2023,CLE,2023-06-04 13:10:00,13,1,2,3,1,22,4,8,253,80.5,2,38,0.0526,0.125,89.9,32.2,32.7,987.8,0.0,7.9,4.9,87.7,E,-7.93,-7.56,-7.34
717783,2023-06-13,2023,MIL,2023-06-13 18:40:00,18,7,5,12,4,25,4,22,314,85.5,7,48,0.1458,0.1818,78.1,25.6,30.3,974.6,0.0,11.3,7.0,357.7,N,0.46,-3.44,4.31
717771,2023-06-14,2023,MIL,2023-06-14 12:10:00,12,4,2,6,2,19,8,11,269,86.0,3,40,0.075,0.1818,85.4,29.7,31.7,975.5,0.0,6.3,3.9,350.3,N,1.05,-1.13,3.1
717752,2023-06-15,2023,DET,2023-06-15 18:10:00,18,4,8,12,1,18,5,19,288,82.2,1,51,0.0196,0.0526,67.3,19.6,44.3,981.4,0.0,12.8,7.9,49.3,NE,-9.68,-11.95,-6.25
717738,2023-06-16,2023,DET,2023-06-16 19:10:00,19,1,7,8,4,18,2,16,258,83.6,6,49,0.1224,0.25,70.2,21.2,50.7,984.4,0.0,5.8,3.6,157.3,SE,-2.24,-0.27,-3.93
717728,2023-06-17,2023,DET,2023-06-17 13:10:00,13,2,0,2,0,16,4,6,250,79.8,0,38,0.0,0.0,85.4,29.7,29.0,980.5,0.0,12.8,7.9,163.7,S,-3.59,0.82,-7.56
717711,2023-06-18,2023,DET,2023-06-18 13:10:00,13,4,6,10,2,21,5,18,294,83.5,4,49,0.0816,0.1111,73.6,23.1,66.3,976.0,0.3,11.4,7.1,140.1,SE,-7.32,-3.89,-9.87
717693,2023-06-19,2023,BOS,2023-06-19 18:40:00,18,3,9,12,2,20,10,17,315,81.5,3,49,0.0612,0.1176,81.5,27.5,51.3,982.1,0.0,11.2,7.0,123.0,SE,-9.39,-6.74,-10.91
717683,2023-06-20,2023,BOS,2023-06-20 18:40:00,18,4,10,14,6,14,4,26,304,81.1,7,63,0.1111,0.2308,81.3,27.4,40.7,986.7,0.0,10.6,6.6,125.3,SE,-8.65,-6.03,-10.22
717665,2023-06-21,2023,BOS,2023-06-21 18:40:00,18,5,4,9,2,20,5,19,290,82.4,6,54,0.1111,0.1053,82.9,28.3,40.7,987.3,0.0,12.9,8.0,141.7,SE,-8.0,-4.05,-10.98
717658,2023-06-22,2023,BOS,2023-06-22 12:10:00,12,6,0,6,3,14,3,13,241,79.7,5,49,0.102,0.2308,90.5,32.5,29.3,986.5,0.0,7.1,4.4,181.7,S,0.21,2.63,-2.24
717510,2023-07-03,2023,KC,2023-07-03 19:10:00,19,8,4,12,3,20,7,23,296,84.2,4,52,0.0769,0.1304,73.7,23.2,91.7,981.6,0.0,3.3,2.1,35.1,NE,-1.92,-2.73,-0.87
717500,2023-07-04,2023,KC,2023-07-04 13:10:00,13,9,3,12,4,15,3,15,237,85.0,4,49,0.0816,0.2667,82.1,27.8,63.0,981.6,0.0,9.2,5.7,155.0,SE,-3.9,-0.81,-6.53
717482,2023-07-05,2023,KC,2023-07-05 18:40:00,18,5,0,5,2,21,6,9,251,82.4,2,36,0.0556,0.2222,69.1,20.6,46.3,987.3,0.0,12.0,7.4,326.7,NW,6.58,2.76,9.6
717458,2023-07-07,2023,BAL,2023-07-07 19:10:00,19,1,3,4,0,19,6,10,287,80.3,2,47,0.0426,0.0,66.1,19.0,58.7,983.9,0.0,9.7,6.0,231.7,SW,7.58,9.18,5.07
717446,2023-07-08,2023,BAL,2023-07-08 13:10:00,13,2,6,8,0,13,7,15,267,81.3,2,53,0.0377,0.0,76.8,24.9,38.3,983.3,0.0,11.4,7.1,329.7,NW,5.77,2.05,8.8
717428,2023-07-09,2023,BAL,2023-07-09 13:10:00,13,2,15,17,7,28,5,21,335,83.5,8,47,0.1702,0.3333,84.2,29.0,29.3,980.5,0.0,22.1,13.8,243.0,SW,19.72,21.97,15.09
717314,2023-07-21,2023,CWS,2023-07-21 19:10:00,19,9,4,13,6,19,6,17,262,85.1,6,48,0.125,0.3529,72.7,22.6,55.7,984.7,0.0,5.8,3.6,260.0,W,5.71,5.71,5.03
717293,2023-07-22,2023,CWS,2023-07-22 18:15:00,18,3,2,5,0,19,7,16,269,83.7,2,46,0.0435,0.0,69.4,20.8,83.7,980.5,0.0,4.3,2.7,228.9,SW,3.27,4.04,2.1
717285,2023-07-23,2023,CWS,2023-07-23 13:10:00,13,5,4,9,2,28,7,24,379,81.0,4,62,0.0645,0.0833,85.9,30.0,33.3,983.4,0.0,7.4,4.6,334.0,NW,3.23,0.77,5.3
717275,2023-07-24,2023,SEA,2023-07-24 18:40:00,18,4,3,7,2,22,5,17,293,83.3,5,50,0.1,0.1176,80.7,27.1,63.7,986.3,0.0,3.1,1.9,276.1,W,3.08,2.78,3.01
717264,2023-07-25,2023,SEA,2023-07-25 18:40:00,18,7,9,16,5,29,9,18,333,82.9,4,41,0.0976,0.2778,84.6,29.2,56.0,981.8,0.0,9.3,5.8,157.0,SE,-3.65,-0.49,-6.37
717250,2023-07-26,2023,SEA,2023-07-26 12:10:00,12,7,8,15,7,21,4,22,307,84.0,10,54,0.1852,0.3182,91.2,32.9,46.0,978.7,0.0,14.3,8.9,319.3,NW,9.32,5.05,12.47
717128,2023-08-04,2023,AZ,2023-08-04 19:10:00,19,3,2,5,4,19,5,16,306,80.5,3,48,0.0625,0.25,77.8,25.5,59.3,985.2,0.0,11.4,7.1,81.7,E,-11.31,-11.2,-10.06
717118,2023-08-05,2023,AZ,2023-08-05 18:10:00,18,12,1,13,5,22,5,19,295,82.1,5,48,0.1042,0.2632,78.4,25.8,55.7,984.6,0.0,11.0,6.9,91.7,E,-11.03,-10.25,-10.47
717106,2023-08-06,2023,AZ,2023-08-06 13:10:00,13,5,3,8,3,15,10,17,279,82.7,3,48,0.0625,0.1765,72.2,22.3,76.7,982.2,0.2,7.8,4.8,63.3,NE,-6.94,-7.71,-5.33
716983,2023-08-15,2023,DET,2023-08-15 18:40:00,18,5,3,8,3,19,7,14,282,83.1,5,41,0.122,0.2143,72.6,22.5,68.7,985.6,0.0,9.4,5.8,223.3,SW,6.43,8.37,3.71
716976,2023-08-16,2023,DET,2023-08-16 12:10:00,12,7,8,15,6,19,7,25,349,84.4,6,56,0.1071,0.24,84.3,29.0,51.7,975.2,0.0,25.4,15.8,190.7,S,4.7,12.96,-4.12
716951,2023-08-18,2023,PIT,2023-08-18 19:10:00,19,5,1,6,1,24,7,19,293,82.0,3,44,0.0682,0.0526,70.9,21.6,63.0,980.2,0.0,14.8,9.2,163.0,S,-4.34,0.78,-8.93
716936,2023-08-19,2023,PIT,2023-08-19 18:10:00,18,4,7,11,1,24,13,19,320,85.3,2,47,0.0426,0.0526,81.7,27.6,76.3,981.3,0.0,8.4,5.2,330.7,NW,4.13,1.37,6.4
716923,2023-08-20,2023,PIT,2023-08-20 13:10:00,13,2,0,2,0,23,2,7,270,80.8,2,35,0.0571,0.0,80.6,27.0,45.0,991.9,0.0,13.3,8.2,12.0,N,-2.76,-7.03,1.85
716867,2023-08-24,2023,TEX,2023-08-24 18:10:00,18,7,5,12,8,17,6,21,284,83.8,8,51,0.1569,0.381,78.2,25.7,73.7,983.7,0.0,9.1,5.7,33.0,NE,-4.95,-7.27,-2.04
716850,2023-08-25,2023,TEX,2023-08-25 19:10:00,19,12,2,14,4,14,8,20,266,86.6,6,55,0.1091,0.2,75.0,23.9,55.0,986.4,0.0,12.4,7.7,5.0,N,-1.08,-5.23,3.2
716839,2023-08-26,2023,TEX,2023-08-26 18:15:00,18,2,6,8,3,23,7,14,289,80.4,2,42,0.0476,0.2143,64.8,18.2,64.0,991.4,0.0,8.9,5.6,41.7,NE,-5.94,-7.86,-3.3
716824,2023-08-27,2023,TEX,2023-08-27 13:10:00,13,7,6,13,3,25,14,18,439,81.7,4,67,0.0597,0.1667,76.8,24.9,43.3,987.7,0.0,7.0,4.3,180.0,S,-0.0,2.38,-2.38
716813,2023-08-28,2023,CLE,2023-08-28 18:40:00,18,10,6,16,4,18,6,19,291,83.4,5,50,0.1,0.2105,76.6,24.8,62.0,982.6,0.0,7.7,4.8,272.2,W,7.73,7.16,7.36
716796,2023-08-29,2023,CLE,2023-08-29 18:40:00,18,2,4,6,3,12,6,18,300,83.3,3,60,0.05,0.1667,72.4,22.5,61.3,985.4,0.0,6.2,3.9,26.7,NE,-2.79,-4.51,-0.73
716784,2023-08-30,2023,CLE,2023-08-30 12:10:00,12,2,5,7,1,21,9,11,314,80.4,1,47,0.0213,0.0909,76.7,24.8,44.3,989.0,0.0,9.9,6.2,128.0,SE,-7.8,-5.25,-9.42
716666,2023-09-08,2023,NYM,2023-09-08 19:10:00,19,5,2,7,1,19,8,12,276,83.0,6,42,0.1429,0.0833,66.1,19.0,60.7,989.4,0.0,8.8,5.5,112.3,E,-8.17,-6.53,-8.83
716654,2023-09-09,2023,NYM,2023-09-09 13:10:00,13,8,4,12,4,21,5,20,290,84.1,7,47,0.1489,0.2,77.0,25.0,55.0,989.4,2.6,8.6,5.3,253.3,W,8.21,8.55,6.87
716639,2023-09-10,2023,NYM,2023-09-10 13:10:00,13,0,2,2,0,25,6,8,289,79.5,1,36,0.0278,0.0,74.4,23.6,39.0,991.7,0.0,12.7,7.9,19.0,N,-4.15,-8.01,0.22
716629,2023-09-11,2023,TB,2023-09-11 18:40:00,18,4,7,11,4,21,8,19,351,82.5,6,48,0.125,0.2105,60.3,15.7,85.3,990.7,0.3,5.9,3.7,275.1,W,5.88,5.34,5.7
716613,2023-09-12,2023,TB,2023-09-12 18:40:00,18,3,2,5,3,20,4,12,262,80.0,3,42,0.0714,0.25,57.1,14.0,65.3,989.9,0.0,11.0,6.9,24.3,NE,-4.55,-7.71,-0.83
716607,2023-09-13,2023,TB,2023-09-13 12:10:00,12,4,5,9,3,19,7,14,296,83.0,6,50,0.12,0.2143,64.5,18.0,39.3,990.3,0.0,6.0,3.7,96.7,E,-5.93,-5.33,-5.81
716475,2023-09-22,2023,LAA,2023-09-22 19:10:00,19,8,6,14,3,20,13,16,328,81.5,3,48,0.0625,0.1875,66.4,19.1,82.3,986.3,0.9,9.1,5.7,90.3,E,-9.1,-8.53,-8.57
716465,2023-09-23,2023,LAA,2023-09-23 13:10:00,13,0,1,1,1,20,3,12,282,82.5,3,44,0.0682,0.0833,73.8,23.2,71.7,980.8,3.4,17.7,11.0,128.6,SE,-13.82,-9.21,-16.77
716445,2023-09-24,2023,LAA,2023-09-24 13:10:00,13,9,3,12,3,20,5,21,304,81.1,4,51,0.0784,0.1429,72.6,22.5,62.0,981.5,0.3,11.2,7.0,158.7,S,-4.09,-0.26,-7.42
716421,2023-09-26,2023,ATH,2023-09-26 18:40:00,18,11,3,14,3,23,10,16,334,81.9,3,42,0.0714,0.1875,61.5,16.4,81.3,990.6,0.1,12.1,7.5,57.3,NE,-10.19,-11.81,-7.34
716410,2023-09-27,2023,ATH,2023-09-27 18:40:00,18,6,4,10,2,23,3,22,296,79.8,1,46,0.0217,0.0909,63.0,17.2,84.3,988.4,0.0,10.8,6.7,88.4,E,-10.8,-10.25,-10.04
716400,2023-09-28,2023,ATH,2023-09-28 12:10:00,12,1,2,3,1,19,9,8,304,82.4,3,42,0.0714,0.125,71.0,21.7,63.0,986.7,0.0,16.9,10.5,153.7,SE,-7.48,-1.86,-12.2
745928,2024-04-04,2024,CLE,2024-04-04 15:10:00,15,2,4,6,1,22,4,14,316,82.2,3,47,0.0638,0.0714,49.8,9.9,37.0,984.0,0.0,16.5,10.3,23.3,NE,-6.53,-11.32,-0.96
745926,2024-04-06,2024,CLE,2024-04-06 13:10:00,13,1,3,4,1,25,7,9,331,82.3,1,37,0.027,0.1111,55.8,13.2,34.7,987.5,0.0,23.0,14.3,125.3,SE,-18.76,-13.08,-22.18
745925,2024-04-08,2024,LAD,2024-04-08 18:40:00,18,2,4,6,3,19,4,13,266,82.7,4,47,0.0851,0.2308,47.4,8.6,70.3,978.1,0.2,7.7,4.8,187.0,S,0.94,3.51,-1.74
745924,2024-04-09,2024,LAD,2024-04-09 18:40:00,18,3,6,9,5,29,6,15,286,82.9,5,39,0.1282,0.3333,50.6,10.3,66.7,979.1,0.0,9.0,5.6,244.1,SW,8.1,8.95,6.26
745923,2024-04-10,2024,LAD,2024-04-10 12:10:00,12,3,2,5,3,21,8,15,285,83.4,2,40,0.05,0.2,67.5,19.7,28.7,978.8,0.0,13.9,8.6,234.3,SW,11.29,13.38,7.84
745922,2024-04-19,2024,DET,2024-04-19 19:10:00,19,4,5,9,1,23,4,17,292,80.7,3,47,0.0638,0.0588,35.0,1.7,48.0,990.3,0.0,16.1,10.0,280.7,W,15.85,13.88,15.92
745921,2024-04-20,2024,DET,2024-04-20 13:10:00,13,4,3,7,0,16,6,12,281,81.3,1,47,0.0213,0.0,43.5,6.4,42.7,993.4,0.0,16.2,10.0,301.3,NW,13.81,10.1,15.85
745920,2024-04-21,2024,DET,2024-04-21 13:10:00,13,1,6,7,2,14,10,14,314,83.4,3,52,0.0577,0.1429,58.3,14.6,26.3,990.0,0.0,14.7,9.2,286.0,W,14.16,11.92,14.7
745916,2024-04-22,2024,CWS,2024-04-22 18:40:00,18,7,0,7,1,18,3,19,265,85.1,3,51,0.0588,0.0526,57.1,13.9,58.0,971.7,0.0,11.0,6.8,238.7,SW,9.37,10.75,6.85
745917,2024-04-23,2024,CWS,2024-04-23 18:40:00,18,6,5,11,3,27,4,18,320,80.0,3,43,0.0698,0.1667,48.3,9.0,65.3,985.9,0.0,13.1,8.1,43.1,NE,-8.92,-11.65,-5.12
745919,2024-04-24,2024,CWS,2024-04-24 18:40:00,18,6,3,9,3,23,4,17,284,82.6,2,44,0.0455,0.1765,51.3,10.7,44.3,991.6,0.0,9.6,6.0,110.3,E,-9.04,-7.35,-9.63
745918,2024-04-25,2024,CWS,2024-04-25 12:10:00,12,6,3,9,5,12,6,19,275,82.3,5,58,0.0862,0.2632,65.8,18.8,32.0,989.5,0.0,22.0,13.7,149.0,SE,-11.35,-4.2,-17.12
745914,2024-05-03,2024,BOS,2024-05-03 19:10:00,19,5,2,7,0,20,5,12,267,80.6,3,43,0.0698,0.0,55.4,13.0,62.3,985.0,0.0,11.2,7.0,348.7,N,2.19,-1.7,5.81
745911,2024-05-04,2024,BOS,2024-05-04 13:10:00,13,3,1,4,1,20,4,16,285,78.4,3,45,0.0667,0.0625,57.3,14.0,54.3,985.0,0.1,16.2,10.1,335.7,NW,6.68,1.22,11.32
745913,2024-05-05,2024,BOS,2024-05-05 13:10:00,13,2,9,11,3,16,6,20,323,79.9,8,58,0.1379,0.15,67.4,19.7,35.3,986.8,0.0,5.5,3.4,201.6,S,2.04,3.67,0.15
745912,2024-05-06,2024,SEA,2024-05-06 18:40:00,18,3,1,4,0,23,5,7,260,83.6,2,36,0.0556,0.0,65.4,18.6,43.3,974.5,0.0,18.2,11.3,120.7,SE,-15.63,-11.51,-17.85
745915,2024-05-07,2024,SEA,2024-05-07 18:40:00,18,6,10,16,3,15,8,19,339,83.1,2,56,0.0357,0.1579,61.3,16.3,58.0,967.0,0.0,9.1,5.7,228.0,SW,6.79,8.47,4.29
745906,2024-05-08,2024,SEA,2024-05-08 18:40:00,18,6,3,9,4,22,3,17,273,80.8,5,46,0.1087,0.2353,65.9,18.8,51.0,976.0,0.0,13.7,8.5,37.3,NE,-8.29,-11.51,-4.07
745910,2024-05-09,2024,SEA,2024-05-09 12:10:00,12,11,1,12,2,23,5,17,302,82.3,1,44,0.0227,0.1176,64.1,17.8,47.3,983.6,0.0,16.4,10.2,36.3,NE,-9.74,-13.68,-4.62
745909,2024-05-14,2024,NYY,2024-05-14 18:40:00,18,1,5,6,2,14,3,20,281,84.2,4,60,0.0667,0.1,64.3,17.9,49.0,980.7,0.0,8.9,5.5,55.6,NE,-7.34,-8.62,-5.18
745908,2024-05-15,2024,NYY,2024-05-15 18:40:00,18,0,4,4,1,10,6,17,277,83.8,7,59,0.1186,0.0588,68.2,20.1,40.3,978.1,0.0,15.1,9.4,133.1,SE,-11.0,-6.82,-13.86
745907,2024-05-16,2024,NYY,2024-05-16 12:10:00,12,0,5,5,1,16,2,12,249,82.0,3,52,0.0577,0.0833,67.8,19.9,49.3,976.4,0.0,16.8,10.5,269.3,W,16.83,15.88,15.75
745905,2024-05-24,2024,TEX,2024-05-24 18:10:00,18,3,2,5,2,14,9,14,284,80.6,4,49,0.0816,0.1429,56.8,13.8,53.3,974.3,0.0,23.2,14.4,265.7,W,23.1,22.31,21.11
745901,2024-05-25,2024,TEX,2024-05-25 13:10:00,13,5,3,8,2,14,9,12,282,82.5,3,48,0.0625,0.1667,72.6,22.5,47.0,976.7,0.1,24.0,14.9,234.7,SW,19.58,23.15,13.65
745902,2024-05-26,2024,TEX,2024-05-26 13:10:00,13,2,6,8,2,16,7,12,317,83.1,5,50,0.1,0.1667,68.3,20.2,51.3,974.5,0.0,10.4,6.4,75.7,E,-10.04,-10.32,-8.56
745904,2024-05-27,2024,KC,2024-05-27 13:10:00,13,6,5,11,2,18,2,17,266,82.4,4,50,0.08,0.1176,61.7,16.5,78.3,978.5,5.7,7.4,4.6,262.0,W,7.36,7.27,6.56
745903,2024-05-28,2024,KC,2024-05-28 18:40:00,18,4,2,6,0,19,5,15,297,82.6,2,46,0.0435,0.0,58.7,14.8,62.0,989.5,0.0,9.3,5.8,337.6,N,3.54,0.38,6.27
745900,2024-05-29,2024,KC,2024-05-29 18:40:00,18,1,6,7,3,12,5,18,288,80.9,7,60,0.1167,0.1667,62.7,17.0,65.0,990.5,0.0,6.3,3.9,102.1,E,-6.16,-5.34,-6.24
745898,2024-05-30,2024,KC,2024-05-30 12:10:00,12,7,6,13,4,13,7,16,278,84.8,6,55,0.1091,0.25,75.1,24.0,40.7,988.0,0.0,21.0,13.1,166.0,S,-5.09,2.2,-11.76
745897,2024-06-10,2024,COL,2024-06-10 18:40:00,18,5,0,5,1,12,3,13,243,84.4,3,49,0.0612,0.0769,64.9,18.3,59.0,983.9,0.0,7.2,4.5,117.0,SE,-6.41,-4.91,-7.15
745899,2024-06-11,2024,COL,2024-06-11 18:40:00,18,4,5,9,4,14,4,15,287,82.8,5,53,0.0943,0.2667,73.0,22.8,52.3,978.1,0.0,10.8,6.7,260.3,W,10.68,10.66,9.41
745896,2024-06-12,2024,COL,2024-06-12 12:10:00,12,17,9,26,3,12,5,36,354,83.0,8,72,0.1111,0.0833,80.2,26.8,60.7,976.9,0.5,21.2,13.2,201.0,S,7.6,13.91,0.38
745894,2024-06-13,2024,ATH,2024-06-13 18:40:00,18,6,2,8,2,10,3,17,277,81.6,1,57,0.0175,0.1176,71.6,22.0,60.0,981.2,0.0,6.8,4.2,206.3,SW,3.0,4.89,0.74
745892,2024-06-14,2024,ATH,2024-06-14 19:10:00,19,6,5,11,2,14,10,15,303,84.4,8,55,0.1455,0.1333,67.9,19.9,77.0,986.8,0.0,4.5,2.8,132.6,SE,-3.31,-2.07,-4.16
745891,2024-06-16,2024,ATH,2024-06-15 13:10:00,13,8,7,15,5,15,4,25,277,84.2,7,60,0.1167,0.2,67.3,19.6,83.3,983.1,4.8,14.6,9.1,150.6,SE,-7.14,-2.37,-11.05
745895,2024-06-16,2024,ATH,2024-06-16 13:10:00,13,6,2,8,5,13,8,21,296,81.2,6,55,0.1091,0.2381,89.1,31.7,54.7,972.3,0.1,23.4,14.5,216.0,SW,13.73,19.37,6.44
745893,2024-06-18,2024,TB,2024-06-18 18:40:00,18,7,6,13,4,18,4,21,280,84.8,6,56,0.1071,0.1905,73.2,22.9,95.7,975.5,13.8,17.3,10.8,193.4,S,4.0,9.53,-2.01
745887,2024-06-19,2024,TB,2024-06-19 18:40:00,18,2,3,5,2,14,9,17,354,82.5,2,61,0.0328,0.1176,67.7,19.8,64.0,994.9,0.0,7.5,4.6,26.9,NE,-3.38,-5.45,-0.9
745889,2024-06-20,2024,TB,2024-06-20 12:10:00,12,6,7,13,5,23,8,21,362,83.0,7,55,0.1273,0.2381,76.0,24.4,55.0,995.6,0.0,6.3,3.9,106.7,E,-6.0,-5.03,-6.26
745886,2024-07-02,2024,DET,2024-07-02 18:40:00,18,5,3,8,4,15,7,12,281,82.0,4,47,0.0851,0.3333,70.1,21.2,88.0,977.5,0.0,7.9,4.9,195.7,S,2.13,4.59,-0.59
745888,2024-07-03,2024,DET,2024-07-03 19:10:00,19,2,9,11,5,15,3,19,264,83.8,7,57,0.1228,0.2632,70.9,21.6,69.0,981.6,0.0,7.9,4.9,278.4,W,7.78,6.92,7.71
745890,2024-07-04,2024,DET,2024-07-04 12:10:00,12,12,3,15,2,16,6,21,268,80.2,5,48,0.1042,0.0952,68.7,20.4,89.0,982.0,1.4,7.6,4.7,82.2,E,-7.53,-7.43,-6.72
745884,2024-07-05,2024,HOU,2024-07-05 19:10:00,19,12,13,25,3,18,9,33,348,79.9,5,68,0.0735,0.0909,67.3,19.6,72.7,982.5,0.0,6.4,4.0,1.7,N,-0.19,-2.37,2.01
745885,2024-07-06,2024,HOU,2024-07-06 13:10:00,13,9,3,12,3,20,3,21,287,80.7,3,50,0.06,0.1429,79.2,26.2,49.7,983.0,0.2,10.1,6.3,158.3,S,-3.73,-0.29,-6.71
745883,2024-07-07,2024,HOU,2024-07-07 13:10:00,13,3,2,5,1,15,6,16,275,81.5,1,49,0.0204,0.0625,80.1,26.7,46.0,981.3,0.0,12.0,7.5,244.3,SW,10.85,11.97,8.41
745880,2024-07-20,2024,MIL,2024-07-20 18:10:00,18,4,8,12,1,21,6,18,385,82.2,2,68,0.0294,0.0556,73.8,23.2,78.7,988.9,0.0,2.9,1.8,176.5,S,-0.18,0.83,-1.16
745882,2024-07-21,2024,MIL,2024-07-21 12:05:00,12,7,8,15,7,19,8,19,314,82.6,5,54,0.0926,0.3684,78.4,25.8,67.7,990.4,0.3,1.2,0.7,273.7,W,1.2,1.1,1.15
745881,2024-07-22,2024,PHI,2024-07-22 18:40:00,18,7,2,9,1,14,6,16,264,84.1,3,53,0.0566,0.0625,69.6,20.9,96.0,984.2,0.1,5.0,3.1,259.2,W,4.88,4.9,4.27
745878,2024-07-23,2024,PHI,2024-07-23 18:40:00,18,0,3,3,0,17,8,9,299,82.4,6,45,0.1333,0.0,72.6,22.6,65.7,987.7,0.0,8.5,5.3,45.7,NE,-6.1,-7.77,-3.7
745877,2024-07-24,2024,PHI,2024-07-24 12:10:00,12,5,4,9,2,22,9,18,313,78.5,4,46,0.087,0.1111,77.4,25.2,48.3,992.0,0.0,8.7,5.4,79.3,E,-8.55,-8.58,-7.48
745875,2024-08-02,2024,CWS,2024-08-02 19:10:00,19,10,2,12,4,19,9,12,280,83.1,6,42,0.1429,0.3333,75.9,24.4,62.3,986.6,0.0,9.6,5.9,2.7,N,-0.44,-3.69,2.85
745876,2024-08-03,2024,CWS,2024-08-03 18:10:00,18,6,2,8,3,14,9,11,275,81.8,5,46,0.1087,0.2727,74.8,23.8,67.7,982.5,0.2,11.6,7.2,143.2,SE,-6.94,-3.34,-9.7
745879,2024-08-04,2024,CWS,2024-08-04 13:10:00,13,13,7,20,2,24,15,26,390,81.9,5,54,0.0926,0.0769,84.0,28.9,55.3,984.0,0.0,9.4,5.8,43.0,NE,-6.41,-8.38,-3.67
745871,2024-08-09,2024,CLE,2024-08-09 19:10:00,19,6,3,9,2,13,3,19,256,83.6,3,53,0.0566,0.1053,60.4,15.8,58.0,988.2,0.0,11.3,7.0,294.3,NW,10.26,8.06,11.23
745927,2024-08-09,2024,CLE,2024-04-07 13:10:00,13,4,2,6,3,17,5,13,278,82.3,1,45,0.0222,0.2308,39.1,3.9,97.7,976.6,7.6,22.6,14.1,101.6,E,-22.17,-19.27,-22.39
745873,2024-08-10,2024,CLE,2024-08-10 18:10:00,18,1,2,3,2,15,1,8,225,82.7,0,48,0.0,0.25,64.3,17.9,61.7,988.2,0.0,8.4,5.2,302.0,NW,7.1,5.15,8.18
745872,2024-08-11,2024,CLE,2024-08-11 13:10:00,13,3,5,8,4,16,8,20,324,83.3,4,57,0.0702,0.2,76.2,24.6,40.7,989.2,0.0,5.0,3.1,282.7,W,4.85,4.18,4.93
745874,2024-08-12,2024,KC,2024-08-12 18:40:00,18,8,3,11,3,21,3,18,286,81.2,2,49,0.0408,0.1667,71.4,21.9,62.0,988.4,0.0,6.9,4.3,150.2,SE,-3.44,-1.18,-5.29
745867,2024-08-13,2024,KC,2024-08-13 18:40:00,18,13,3,16,5,16,3,22,288,85.0,4,58,0.069,0.2273,72.3,22.4,65.3,988.4,0.0,6.4,4.0,151.4,SE,-3.05,-0.95,-4.78
745869,2024-08-14,2024,KC,2024-08-14 12:10:00,12,1,4,5,3,14,4,18,296,81.7,3,56,0.0536,0.1667,79.3,26.3,54.0,987.1,0.0,21.1,13.1,163.7,S,-5.92,1.35,-12.48
745870,2024-08-23,2024,STL,2024-08-23 19:10:00,19,1,6,7,1,14,12,14,310,82.7,1,51,0.0196,0.0714,71.5,21.9,79.7,987.9,0.0,6.8,4.2,164.3,S,-1.85,0.51,-3.99
745868,2024-08-24,2024,STL,2024-08-24 18:10:00,18,6,0,6,3,21,4,14,255,79.9,4,42,0.0952,0.2143,78.7,26.0,68.7,986.2,0.0,10.7,6.6,113.7,SE,-9.77,-7.72,-10.64
745863,2024-08-25,2024,STL,2024-08-25 13:10:00,13,2,3,5,2,20,4,14,275,83.2,3,47,0.0638,0.1429,84.6,29.2,71.7,985.8,0.0,12.2,7.6,144.3,SE,-7.13,-3.3,-10.1
745865,2024-08-26,2024,ATL,2024-08-26 18:40:00,18,6,10,16,4,20,4,22,293,83.5,3,56,0.0536,0.1818,75.3,24.1,93.3,985.1,1.8,8.2,5.1,78.5,E,-8.07,-8.14,-7.02
745864,2024-08-27,2024,ATL,2024-08-27 18:40:00,18,6,8,14,1,20,9,25,370,82.2,6,65,0.0923,0.04,73.2,22.9,79.7,987.0,0.1,6.7,4.2,16.7,N,-1.92,-4.0,0.39
745866,2024-08-28,2024,ATL,2024-08-28 18:40:00,18,1,5,6,1,23,5,15,312,82.6,3,45,0.0667,0.0667,69.4,20.8,78.0,988.3,0.0,10.5,6.5,73.3,E,-10.06,-10.48,-8.42
745862,2024-08-30,2024,TOR,2024-08-30 19:10:00,19,2,0,2,0,10,5,11,250,82.9,2,47,0.0426,0.0,68.6,20.3,63.3,987.1,0.0,12.2,7.6,233.3,SW,9.79,11.69,6.7
745859,2024-08-31,2024,TOR,2024-08-31 18:10:00,18,0,15,15,4,17,5,27,295,84.2,6,62,0.0968,0.1481,76.7,24.8,63.0,982.5,0.0,15.7,9.7,282.7,W,15.28,13.19,15.54
745861,2024-09-01,2024,TOR,2024-09-01 13:10:00,13,4,3,7,2,15,9,9,286,83.8,2,46,0.0435,0.2222,71.7,22.0,41.7,993.9,0.0,11.3,7.0,339.0,N,4.05,0.2,7.41
745860,2024-09-09,2024,LAA,2024-09-09 18:40:00,18,2,6,8,3,20,7,14,285,86.6,3,44,0.0682,0.2143,72.0,22.2,62.3,985.2,0.0,11.3,7.0,152.3,SE,-5.26,-1.51,-8.38
745856,2024-09-10,2024,LAA,2024-09-10 18:40:00,18,10,5,15,4,18,6,20,281,83.9,5,52,0.0962,0.2,73.3,23.0,59.7,981.0,0.0,8.3,5.1,175.6,S,-0.63,2.23,-3.41
745857,2024-09-11,2024,LAA,2024-09-11 18:10:00,18,6,4,10,4,19,7,21,265,84.9,6,49,0.1224,0.1905,75.3,24.1,61.0,982.8,0.0,9.2,5.7,156.7,SE,-3.66,-0.54,-6.34
745855,2024-09-13,2024,CIN,2024-09-13 19:10:00,19,4,8,12,3,13,5,14,256,83.7,3,52,0.0577,0.2143,70.5,21.4,65.7,987.2,0.0,8.5,5.3,125.7,SE,-6.91,-4.79,-8.18
745858,2024-09-14,2024,CIN,2024-09-14 18:10:00,18,1,11,12,2,14,5,20,298,79.5,3,57,0.0526,0.1,71.7,22.1,82.0,987.2,0.0,8.3,5.1,139.0,SE,-5.43,-2.97,-7.23
745852,2024-09-15,2024,CIN,2024-09-15 12:05:00,12,9,2,11,1,18,6,19,300,82.8,2,49,0.0408,0.0526,84.8,29.3,52.3,987.7,0.0,16.2,10.1,199.7,S,5.45,10.34,-0.09
745851,2024-09-24,2024,MIA,2024-09-24 18:40:00,18,1,4,5,1,15,9,18,301,82.2,3,53,0.0566,0.0556,64.7,18.2,63.7,980.3,0.0,5.6,3.5,318.0,NW,3.75,2.1,4.94
745854,2024-09-25,2024,MIA,2024-09-25 18:40:00,18,8,3,11,2,22,4,19,301,83.6,2,49,0.0408,0.1053,67.8,19.9,59.7,984.4,0.0,4.4,2.7,260.2,W,4.34,4.33,3.82
745853,2024-09-26,2024,MIA,2024-09-26 18:40:00,18,6,8,14,1,26,13,25,438,81.9,5,75,0.0667,0.04,69.6,20.9,60.0,984.4,0.0,8.3,5.2,146.0,SE,-4.64,-2.01,-6.72
745847,2024-09-27,2024,BAL,2024-09-27 19:10:00,19,2,7,9,2,15,6,16,325,81.9,2,56,0.0357,0.125,67.0,19.4,66.3,984.6,0.0,7.8,4.8,87.3,E,-7.76,-7.41,-7.17
745849,2024-09-28,2024,BAL,2024-09-28 18:15:00,18,2,9,11,4,16,6,23,301,83.5,4,60,0.0667,0.1739,71.4,21.9,55.7,987.0,0.0,7.7,4.8,11.3,N,-1.51,-3.99,1.15
745846,2024-09-29,2024,BAL,2024-09-29 14:10:00,14,2,6,8,4,16,4,16,267,82.2,4,53,0.0755,0.25,80.5,27.0,36.0,987.8,0.0,10.6,6.6,133.7,SE,-7.64,-4.69,-9.68
778462,2025-04-03,2025,HOU,2025-04-03 15:10:00,15,2,5,7,2,23,0,14,273,82.3,5,44,0.1136,0.1429,41.6,5.3,67.3,988.1,0.0,11.2,7.0,289.3,W,10.6,8.69,11.23
778440,2025-04-05,2025,HOU,2025-04-05 13:10:00,13,6,1,7,2,23,6,15,300,83.1,4,43,0.093,0.1333,40.9,4.9,40.3,994.8,0.0,17.3,10.8,304.0,NW,14.37,10.19,16.82
778419,2025-04-06,2025,HOU,2025-04-06 13:10:00,13,7,9,16,1,21,9,25,358,81.3,4,62,0.0645,0.04,54.3,12.4,37.7,984.3,0.0,14.5,9.0,244.0,SW,13.03,14.42,10.07
778363,2025-04-11,2025,DET,2025-04-11 19:10:00,19,6,7,13,1,15,8,22,345,82.7,1,61,0.0164,0.0455,46.6,8.1,67.0,990.8,0.0,7.5,4.6,149.0,SE,-3.85,-1.42,-5.8
778348,2025-04-12,2025,DET,2025-04-12 13:10:00,13,0,4,4,1,14,4,9,297,81.0,3,48,0.0625,0.1111,65.1,18.4,44.3,981.0,0.2,17.7,11.0,166.7,S,-4.09,2.06,-9.74
778335,2025-04-13,2025,DET,2025-04-13 13:10:00,13,5,1,6,3,15,2,14,237,81.5,4,50,0.08,0.2143,64.7,18.2,60.0,971.5,1.8,4.0,2.5,192.7,S,0.87,2.14,-0.5
778324,2025-04-14,2025,NYM,2025-04-14 18:40:00,18,1,5,6,1,24,6,10,325,81.9,2,39,0.0513,0.1,43.8,6.5,70.0,981.8,1.1,21.9,13.6,307.3,NW,17.39,11.81,20.87
778307,2025-04-15,2025,NYM,2025-04-15 18:40:00,18,6,3,9,3,12,1,20,271,83.1,5,58,0.0862,0.15,45.9,7.7,51.7,987.5,0.0,7.9,4.9,327.0,NW,4.32,1.78,6.34
778299,2025-04-16,2025,NYM,2025-04-16 12:10:00,12,4,3,7,0,23,7,19,318,82.3,2,49,0.0408,0.0,54.1,12.3,41.3,984.2,0.0,17.8,11.1,119.3,SE,-15.52,-11.6,-17.56
778216,2025-04-22,2025,CWS,2025-04-22 18:40:00,18,4,2,6,1,16,8,15,280,83.9,4,48,0.0833,0.0667,60.9,16.0,52.3,983.7,0.0,2.9,1.8,276.7,W,2.91,2.62,2.86
778201,2025-04-23,2025,CWS,2025-04-23 18:40:00,18,6,3,9,2,18,11,18,319,83.5,3,48,0.0625,0.1111,57.2,14.0,47.7,988.9,0.0,10.9,6.8,317.7,NW,7.32,4.13,9.63
778189,2025-04-24,2025,CWS,2025-04-24 12:10:00,12,0,3,3,2,18,7,14,258,82.3,3,37,0.0811,0.1429,50.5,10.3,67.3,992.6,2.0,10.6,6.6,26.0,NE,-4.65,-7.63,-1.11
778186,2025-04-25,2025,LAA,2025-04-25 18:40:00,18,11,4,15,4,16,10,18,329,83.2,5,51,0.098,0.2222,51.1,10.6,63.3,993.1,0.0,6.0,3.7,34.7,NE,-3.41,-4.89,-1.52
778166,2025-04-26,2025,LAA,2025-04-26 13:10:00,13,5,1,6,1,21,5,18,298,85.3,3,48,0.0625,0.0556,58.9,15.0,41.7,995.4,0.0,9.5,5.9,115.7,SE,-8.53,-6.62,-9.42
778144,2025-04-27,2025,LAA,2025-04-27 12:40:00,12,5,0,5,0,20,3,13,272,85.1,4,44,0.0909,0.0,62.4,16.9,47.0,986.8,0.0,21.3,13.2,167.7,S,-4.55,2.84,-11.39
778028,2025-05-06,2025,BAL,2025-05-06 18:40:00,18,9,1,10,2,24,4,13,302,81.4,4,41,0.0976,0.1538,79.4,26.3,17.7,985.6,0.0,4.6,2.8,174.6,S,-0.43,1.15,-1.96
778011,2025-05-07,2025,BAL,2025-05-07 18:40:00,18,5,2,7,3,13,3,18,263,81.0,4,51,0.0784,0.1667,64.3,18.0,33.7,991.1,0.0,17.7,11.0,49.7,NE,-13.47,-16.57,-8.74
778007,2025-05-08,2025,BAL,2025-05-08 12:10:00,12,5,2,7,1,22,6,15,260,82.1,2,42,0.0476,0.0667,67.5,19.7,23.7,993.8,0.0,9.9,6.1,87.3,E,-9.86,-9.42,-9.1
777992,2025-05-09,2025,SF,2025-05-09 19:10:00,19,3,1,4,1,17,3,10,220,84.2,2,42,0.0476,0.1,79.3,26.3,23.3,989.3,0.0,9.8,6.1,328.4,NW,5.11,1.96,7.65
777974,2025-05-10,2025,SF,2025-05-10 18:15:00,18,2,1,3,2,21,1,9,230,80.6,4,37,0.1081,0.2222,71.2,21.8,24.3,992.8,0.0,11.4,7.1,124.7,SE,-9.35,-6.57,-11.0
777956,2025-05-11,2025,SF,2025-05-11 13:10:00,13,7,6,13,2,20,6,21,327,83.6,7,60,0.1167,0.0952,90.1,32.3,17.3,987.4,0.0,22.4,13.9,203.7,SW,9.01,15.49,1.44
777861,2025-05-19,2025,CLE,2025-05-19 18:40:00,18,6,5,11,1,16,8,20,332,82.3,5,54,0.0926,0.05,53.6,12.0,75.7,982.0,7.8,21.3,13.2,86.0,E,-21.25,-20.47,-19.46
777829,2025-05-21,2025,CLE,2025-05-21 14:55:00,14,1,5,6,1,13,6,14,301,84.2,3,53,0.0566,0.0714,49.0,9.5,85.7,983.5,1.0,7.6,4.7,62.3,NE,-6.7,-7.5,-5.09
777799,2025-05-23,2025,KC,2025-05-23 19:10:00,19,3,1,4,2,17,2,14,247,79.3,3,47,0.0638,0.1429,54.6,12.6,60.7,989.2,0.0,6.0,3.7,79.3,E,-5.93,-5.95,-5.19
777788,2025-05-24,2025,KC,2025-05-24 13:10:00,13,5,4,9,2,21,7,20,308,83.0,3,51,0.0588,0.1,63.5,17.5,41.7,993.0,0.0,1.2,0.7,143.9,SE,-0.69,-0.32,-0.97
777772,2025-05-25,2025,KC,2025-05-25 13:10:00,13,1,2,3,0,18,4,12,266,83.1,3,50,0.06,0.0,68.5,20.3,29.3,995.9,0.0,7.6,4.7,39.3,NE,-4.84,-6.56,-2.53
777615,2025-06-06,2025,TOR,2025-06-06 19:10:00,19,4,6,10,3,15,5,14,292,83.0,7,53,0.1321,0.2143,65.8,18.8,71.3,984.6,0.0,3.8,2.4,33.3,NE,-2.11,-3.08,-0.88
777600,2025-06-07,2025,TOR,2025-06-07 13:10:00,13,4,5,9,4,13,6,17,290,85.7,3,56,0.0536,0.2353,71.7,22.1,62.3,979.2,1.8,14.6,9.1,178.0,S,-0.51,4.52,-5.48
777585,2025-06-08,2025,TOR,2025-06-08 13:10:00,13,6,3,9,2,15,11,17,335,83.6,2,52,0.0385,0.1176,67.3,19.6,45.7,973.7,0.1,26.2,16.3,275.3,W,26.09,23.68,25.35
777557,2025-06-10,2025,TEX,2025-06-10 18:40:00,18,4,16,20,3,8,6,30,307,88.1,10,74,0.1351,0.1,79.3,26.3,41.7,978.2,0.0,11.2,6.9,165.6,S,-2.77,1.1,-6.3
777556,2025-06-11,2025,TEX,2025-06-11 18:40:00,18,6,2,8,2,12,6,17,280,85.2,3,53,0.0566,0.1176,65.7,18.7,69.7,987.4,0.0,6.9,4.3,69.1,E,-6.41,-6.87,-5.19
777533,2025-06-12,2025,TEX,2025-06-12 12:10:00,12,3,16,19,6,14,12,24,330,86.6,8,64,0.125,0.25,70.2,21.2,55.3,987.6,0.0,15.2,9.4,85.3,E,-15.15,-14.66,-13.81
777434,2025-06-20,2025,MIL,2025-06-20 19:10:00,19,6,17,23,1,18,10,24,348,82.2,2,58,0.0345,0.0417,79.5,26.4,78.7,972.6,0.0,16.6,10.3,131.7,SE,-12.4,-7.88,-15.43
777412,2025-06-21,2025,MIL,2025-06-21 13:10:00,13,0,9,9,0,8,9,15,268,84.8,2,60,0.0333,0.0,92.2,33.4,61.0,970.2,0.0,18.7,11.6,201.3,S,6.81,12.37,0.44
777401,2025-06-22,2025,MIL,2025-06-22 13:10:00,13,8,9,17,6,15,6,35,356,83.0,6,72,0.0833,0.1714,91.9,33.3,55.0,975.6,0.0,27.2,16.9,179.3,S,-0.32,9.01,-9.61
777388,2025-06-23,2025,SEA,2025-06-23 18:40:00,18,2,11,13,6,21,1,19,266,84.5,6,53,0.1132,0.3158,77.9,25.5,47.3,987.3,0.0,7.1,4.4,328.9,NW,3.68,1.37,5.55
777375,2025-06-24,2025,SEA,2025-06-24 18:40:00,18,5,6,11,1,14,5,15,283,81.7,2,54,0.037,0.0667,77.5,25.3,37.3,991.4,0.0,8.8,5.5,58.3,NE,-7.49,-8.62,-5.46
777363,2025-06-25,2025,SEA,2025-06-25 18:40:00,18,2,0,2,1,17,2,7,246,82.9,2,41,0.0488,0.1429,67.3,19.6,93.7,983.1,1.7,12.4,7.7,344.7,N,3.29,-1.01,7.19
777356,2025-06-26,2025,SEA,2025-06-26 12:10:00,12,10,1,11,3,12,9,17,307,83.0,5,57,0.0877,0.1765,65.7,18.7,89.3,982.3,4.4,14.1,8.7,66.0,NE,-12.85,-14.03,-10.12
777247,2025-07-04,2025,TB,2025-07-04 15:10:00,15,4,3,7,2,18,5,16,269,83.0,5,47,0.1064,0.125,90.7,32.6,44.0,980.4,0.0,23.6,14.6,201.0,S,8.45,15.46,0.41
777230,2025-07-05,2025,TB,2025-07-05 13:10:00,13,6,5,11,1,14,7,22,284,82.7,4,57,0.0702,0.0455,80.7,27.0,74.3,979.8,0.2,6.8,4.2,336.3,NW,2.72,0.44,4.68
777220,2025-07-06,2025,TB,2025-07-06 13:10:00,13,5,7,12,3,20,5,18,328,83.6,3,58,0.0517,0.1667,81.4,27.4,50.3,985.2,0.0,8.1,5.0,7.7,N,-1.08,-3.76,1.73
777190,2025-07-08,2025,CHC,2025-07-08 18:40:00,18,8,1,9,4,12,6,18,268,86.4,8,55,0.1455,0.2222,78.6,25.9,49.0,986.1,0.0,9.6,6.0,335.7,NW,3.96,0.73,6.71
777173,2025-07-09,2025,CHC,2025-07-09 18:40:00,18,4,2,6,1,14,4,12,254,83.4,5,47,0.1064,0.0833,81.4,27.4,43.7,984.6,0.0,10.6,6.6,127.8,SE,-8.35,-5.63,-10.06
777166,2025-07-10,2025,CHC,2025-07-10 12:10:00,12,1,8,9,3,15,4,18,268,83.0,6,56,0.1071,0.1667,73.5,23.1,82.7,981.7,3.1,9.7,6.0,146.0,SE,-5.44,-2.36,-7.87
777148,2025-07-11,2025,PIT,2025-07-11 19:10:00,19,2,1,3,1,19,2,15,249,84.4,3,45,0.0667,0.0667,78.1,25.6,66.3,980.3,0.0,9.7,6.0,353.7,N,1.07,-2.29,4.3
777134,2025-07-12,2025,PIT,2025-07-12 13:10:00,13,12,4,16,5,13,8,20,323,82.8,7,59,0.1186,0.25,78.1,25.6,42.3,982.0,0.0,19.9,12.4,283.7,W,19.37,16.59,19.81
777113,2025-07-13,2025,PIT,2025-07-13 13:10:00,13,1,2,3,1,14,2,17,257,82.5,3,56,0.0536,0.0588,86.9,30.5,34.0,983.4,0.0,15.1,9.4,221.0,SW,9.88,13.18,5.4
777011,2025-07-25,2025,WSH,2025-07-25 19:10:00,19,1,0,1,0,17,7,6,269,83.2,4,38,0.1053,0.0,76.6,24.8,76.7,985.1,0.0,6.8,4.2,147.7,SE,-3.62,-1.44,-5.36
776997,2025-07-26,2025,WSH,2025-07-26 18:10:00,18,3,9,12,2,16,4,24,309,84.0,5,58,0.0862,0.0833,82.5,28.0,73.7,981.9,0.0,6.2,3.8,196.3,S,1.73,3.65,-0.39
776979,2025-07-27,2025,WSH,2025-07-27 13:10:00,13,2,7,9,2,10,4,18,277,83.9,2,61,0.0328,0.1111,90.5,32.5,55.7,984.4,0.0,14.7,9.1,189.0,S,2.29,7.11,-2.8
776961,2025-07-28,2025,BOS,2025-07-28 18:40:00,18,5,4,9,2,16,10,18,323,86.4,6,51,0.1176,0.1111,79.1,26.2,76.0,988.1,14.8,7.5,4.6,186.2,S,0.8,3.29,-1.79
776954,2025-07-29,2025,BOS,2025-07-29 18:40:00,18,5,8,13,4,16,5,20,329,85.5,4,60,0.0667,0.2,81.1,27.3,56.7,989.5,0.0,9.9,6.2,19.7,N,-3.33,-6.32,0.06
776935,2025-07-30,2025,BOS,2025-07-30 12:10:00,12,1,13,14,5,15,7,21,299,84.2,7,58,0.1207,0.2381,82.5,28.0,38.3,991.6,0.1,15.3,9.5,52.0,NE,-12.03,-14.52,-8.09
776827,2025-08-08,2025,KC,2025-08-08 19:10:00,19,9,4,13,4,11,5,23,316,84.4,4,61,0.0656,0.1739,83.1,28.4,78.3,978.6,0.4,11.6,7.2,168.3,S,-2.35,1.68,-6.09
776816,2025-08-09,2025,KC,2025-08-09 18:10:00,18,0,2,2,0,13,5,15,291,81.8,1,54,0.0185,0.0,77.7,25.4,80.0,982.6,0.0,9.5,5.9,161.3,S,-3.04,0.22,-5.93
776796,2025-08-10,2025,KC,2025-08-10 12:05:00,12,5,3,8,3,20,10,16,356,84.1,3,58,0.0517,0.1875,79.6,26.4,66.0,983.8,0.0,4.4,2.8,284.8,W,4.29,3.64,4.42
776744,2025-08-14,2025,DET,2025-08-14 18:40:00,18,3,4,7,2,14,4,13,309,81.5,6,63,0.0952,0.1538,74.3,23.5,74.7,983.0,0.4,15.4,9.6,143.7,SE,-9.12,-4.33,-12.82
776732,2025-08-15,2025,DET,2025-08-15 19:10:00,19,0,7,7,0,12,10,12,318,84.1,0,51,0.0,0.0,72.7,22.6,90.7,985.8,0.5,11.7,7.3,180.6,S,0.13,4.12,-3.88
776716,2025-08-16,2025,DET,2025-08-16 18:15:00,18,5,8,13,1,24,12,20,374,82.7,2,50,0.04,0.05,77.7,25.4,77.0,985.6,0.0,11.4,7.1,46.3,NE,-8.22,-10.41,-5.04
776700,2025-08-17,2025,DET,2025-08-17 13:10:00,13,8,1,9,3,19,8,12,265,79.4,1,42,0.0238,0.25,75.7,24.3,77.7,986.2,0.2,19.6,12.2,120.7,SE,-16.86,-12.42,-19.26
776674,2025-08-19,2025,ATH,2025-08-19 18:40:00,18,3,6,9,3,19,3,17,306,79.7,2,51,0.0392,0.1765,78.3,25.7,74.7,987.7,0.0,8.6,5.4,330.3,NW,4.27,1.45,6.58
776665,2025-08-20,2025,ATH,2025-08-20 18:40:00,18,2,4,6,2,19,10,17,346,84.1,6,55,0.1091,0.1176,74.9,23.8,71.3,989.6,0.0,6.3,3.9,69.3,E,-5.89,-6.3,-4.78
776653,2025-08-21,2025,ATH,2025-08-21 12:10:00,12,3,8,11,1,14,7,17,312,83.9,8,57,0.1404,0.0588,80.7,27.1,58.0,988.4,0.0,10.3,6.4,172.7,S,-1.32,2.27,-4.75
776541,2025-08-29,2025,SD,2025-08-29 19:10:00,19,7,4,11,1,10,10,21,341,84.1,4,59,0.0678,0.0476,66.7,19.3,79.0,988.9,0.1,10.0,6.2,94.3,E,-9.94,-9.08,-9.6
776530,2025-08-30,2025,SD,2025-08-30 18:10:00,18,3,12,15,4,16,8,19,362,80.7,7,59,0.1186,0.2105,71.2,21.8,56.3,991.3,0.0,9.3,5.8,101.0,E,-9.1,-7.94,-9.15
776513,2025-08-31,2025,SD,2025-08-31 12:05:00,12,7,2,9,1,19,6,16,293,80.8,3,48,0.0625,0.0625,76.8,24.9,45.0,994.1,0.0,9.2,5.7,128.7,SE,-7.18,-4.78,-8.72
776502,2025-09-01,2025,CWS,2025-09-01 13:10:00,13,5,6,11,3,14,8,20,292,82.6,6,59,0.1017,0.15,77.1,25.1,50.3,991.9,0.2,6.6,4.1,176.0,S,-0.46,1.81,-2.67
776484,2025-09-02,2025,CWS,2025-09-02 18:40:00,18,3,12,15,4,22,9,20,337,83.6,7,53,0.1321,0.2,68.7,20.4,78.3,982.4,6.7,9.6,6.0,262.0,W,9.51,9.39,8.48
776469,2025-09-03,2025,CWS,2025-09-03 18:40:00,18,3,4,7,1,19,7,17,303,78.4,3,51,0.0588,0.0588,56.0,13.3,58.7,981.9,0.0,13.1,8.2,340.0,N,4.49,-0.0,8.44
776462,2025-09-04,2025,CWS,2025-09-04 18:40:00,18,8,11,19,4,18,5,30,367,82.8,5,63,0.0794,0.1333,55.5,13.0,88.0,967.0,4.5,15.5,9.6,237.9,SW,13.11,15.13,9.51
776355,2025-09-12,2025,AZ,2025-09-12 19:10:00,19,9,8,17,5,11,8,22,316,83.0,10,61,0.1639,0.2273,69.2,20.7,86.7,984.3,0.0,16.5,10.3,128.0,SE,-13.0,-8.74,-15.69
776337,2025-09-13,2025,AZ,2025-09-13 18:10:00,18,2,5,7,1,21,9,19,364,81.8,4,55,0.0727,0.0526,75.0,23.9,78.3,983.0,0.0,13.4,8.3,101.3,E,-13.17,-11.47,-13.28
776324,2025-09-14,2025,AZ,2025-09-14 13:10:00,13,4,6,10,3,21,4,17,336,84.2,3,52,0.0577,0.1765,84.0,28.9,67.7,984.5,0.0,12.7,7.9,132.0,SE,-9.41,-5.95,-11.74
776313,2025-09-15,2025,NYY,2025-09-15 18:40:00,18,7,0,7,1,19,8,11,293,80.5,2,40,0.05,0.0909,73.9,23.3,81.0,988.3,0.0,12.7,7.9,149.7,SE,-6.41,-2.28,-9.78
776298,2025-09-16,2025,NYY,2025-09-16 18:40:00,18,9,10,19,4,14,8,25,305,84.5,7,63,0.1111,0.16,77.2,25.1,72.3,988.2,0.0,9.5,5.9,158.8,S,-3.45,-0.2,-6.28
776284,2025-09-17,2025,NYY,2025-09-17 18:40:00,18,5,10,15,3,16,5,23,305,87.2,6,57,0.1053,0.1304,69.6,20.9,89.3,986.5,0.0,3.0,1.8,310.4,NW,2.26,1.47,2.78
776263,2025-09-19,2025,CLE,2025-09-19 19:10:00,19,2,6,8,0,26,5,15,296,83.5,1,43,0.0233,0.0,63.4,17.4,95.0,984.8,2.5,5.9,3.7,150.4,SE,-2.93,-0.99,-4.52
776243,2025-09-20,2025,CLE,2025-09-20 18:10:00,18,0,8,8,0,16,6,13,275,82.0,3,48,0.0625,0.0,65.5,18.6,83.7,983.6,0.0,8.6,5.4,185.4,S,0.81,3.7,-2.18
777839,2025-09-20,2025,CLE,2025-05-20 18:40:00,18,0,6,6,5,17,5,13,253,84.6,5,45,0.1111,0.3846,44.5,6.9,92.3,976.6,1.4,14.7,9.1,89.0,E,-14.7,-13.9,-13.72
776225,2025-09-21,2025,CLE,2025-09-21 13:10:00,13,6,2,8,3,16,4,14,275,80.8,4,50,0.08,0.2143,73.0,22.8,66.0,980.3,0.3,7.6,4.7,216.3,SW,4.48,6.3,2.13
