game_pk,game_date,season,away_team,game_start,start_hour,home_runs_scored,away_runs_scored,total_runs,home_runs_hit,strikeouts,walks,hits,total_pitches,avg_exit_velocity,n_barrels,n_bbe,barrel_rate,hr_h_ratio,temp_f,temp_c,rhum,pres,prcp,wspd,wspd_mph,wdir,wind_dir_bucket,wind_cf,wind_lcf,wind_rcf
413748,2015-04-13,2015,MIL,2015-04-13 15:15:00,15,4,5,9,0,12,7,17,268,84.9,0,60,0.0,0.0,64.3,18.0,47.7,1001.9,0.0,13.5,8.4,359.7,N,-9.47,-12.17,-5.62
413776,2015-04-15,2015,MIL,2015-04-15 19:15:00,19,4,2,6,0,10,3,20,265,86.6,1,62,0.0161,0.0,59.6,15.3,80.0,999.5,0.0,7.3,4.5,104.3,E,-3.72,-1.35,-5.65
413786,2015-04-16,2015,MIL,2015-04-16 12:45:00,12,4,0,4,0,15,3,17,281,87.2,1,52,0.0192,0.0,70.8,21.5,61.7,1000.8,0.0,2.2,1.3,162.0,S,0.98,1.58,0.26
413794,2015-04-17,2015,CIN,2015-04-17 19:15:00,19,6,1,7,1,17,4,13,254,85.0,1,48,0.0208,0.0769,66.4,19.1,74.7,998.6,0.0,6.0,3.7,109.7,E,-2.58,-0.56,-4.29
413809,2015-04-18,2015,CIN,2015-04-18 13:15:00,13,5,2,7,2,7,6,19,257,88.8,2,62,0.0323,0.1053,75.3,24.0,56.7,996.3,0.0,11.8,7.4,142.3,SE,1.51,5.43,-2.59
413824,2015-04-19,2015,CIN,2015-04-19 19:05:00,19,2,1,3,1,8,2,12,200,85.0,1,54,0.0185,0.0833,59.7,15.4,94.0,981.7,1.0,13.5,8.4,260.3,W,11.01,7.68,13.02
413937,2015-04-27,2015,PHI,2015-04-27 19:15:00,19,1,4,5,0,15,5,16,255,83.2,1,52,0.0192,0.0,54.9,12.7,56.3,1000.4,0.0,10.0,6.2,35.3,NE,-9.86,-9.84,-8.69
413952,2015-04-28,2015,PHI,2015-04-28 19:15:00,19,11,5,16,0,11,8,24,298,85.4,4,63,0.0635,0.0,57.0,13.9,65.0,997.4,0.0,6.8,4.2,122.4,SE,-1.49,0.88,-3.68
413967,2015-04-29,2015,PHI,2015-04-29 19:15:00,19,5,2,7,1,12,6,17,248,87.3,1,55,0.0182,0.0588,60.4,15.8,65.3,993.5,0.0,2.7,1.7,295.2,NW,0.92,-0.01,1.73
413978,2015-04-30,2015,PHI,2015-04-30 12:45:00,12,9,3,12,2,10,9,20,296,92.2,2,56,0.0357,0.1,66.6,19.2,35.3,996.6,0.0,19.0,11.8,352.0,N,-11.41,-15.91,-5.55
413992,2015-05-01,2015,PIT,2015-05-01 19:15:00,19,2,1,3,0,22,6,16,314,85.8,1,49,0.0204,0.0,61.5,16.4,51.0,1002.1,0.0,5.4,3.3,126.7,SE,-0.78,1.08,-2.55
414007,2015-05-02,2015,PIT,2015-05-02 13:15:00,13,2,1,3,0,13,9,18,310,83.9,1,67,0.0149,0.0,75.4,24.1,38.0,999.8,0.0,9.3,5.8,207.3,SW,8.86,9.29,7.36
414022,2015-05-03,2015,PIT,2015-05-03 13:15:00,13,3,2,5,4,20,9,23,434,86.4,5,82,0.061,0.1739,80.8,27.1,38.0,997.7,0.0,19.1,11.9,190.0,S,15.65,18.45,10.96
414028,2015-05-04,2015,CHC,2015-05-04 19:10:00,19,10,9,19,3,16,11,23,347,85.0,5,58,0.0862,0.1304,73.2,22.9,55.3,1001.1,0.0,13.8,8.6,174.0,S,8.68,11.83,4.49
414040,2015-05-05,2015,CHC,2015-05-05 19:15:00,19,7,4,11,1,14,6,22,307,90.0,6,58,0.1034,0.0455,72.2,22.3,57.3,1002.6,0.0,7.9,4.9,144.3,SE,1.29,3.89,-1.47
414055,2015-05-06,2015,CHC,2015-05-06 19:15:00,19,5,6,11,2,14,7,19,280,87.2,2,57,0.0351,0.1053,72.1,22.3,48.3,999.0,0.0,11.8,7.3,156.3,SE,4.28,7.77,0.27
414069,2015-05-07,2015,CHC,2015-05-07 12:45:00,12,5,1,6,0,22,3,16,275,84.1,1,44,0.0227,0.0,82.7,28.2,44.3,998.3,0.0,18.3,11.4,183.0,S,13.6,16.97,8.59
414182,2015-05-15,2015,DET,2015-05-15 19:15:00,19,4,10,14,5,20,7,26,346,90.4,5,58,0.0862,0.1923,71.4,21.9,88.3,998.6,0.0,10.9,6.8,162.3,S,5.0,8.01,1.39
414197,2015-05-16,2015,DET,2015-05-16 13:15:00,13,3,4,7,4,23,8,23,378,84.0,5,56,0.0893,0.1739,74.2,23.5,76.7,998.6,0.5,15.8,9.8,167.0,S,8.39,12.48,3.29
414212,2015-05-17,2015,DET,2015-05-17 19:05:00,19,2,1,3,1,11,6,17,254,80.5,2,54,0.037,0.0588,74.6,23.7,78.3,998.6,0.0,17.2,10.7,185.3,S,13.21,16.17,8.67
414314,2015-05-25,2015,AZ,2015-05-25 15:15:00,15,3,2,5,2,18,7,24,302,82.9,2,59,0.0339,0.0833,80.3,26.8,56.0,997.1,0.0,15.1,9.4,171.7,S,9.03,12.62,4.34
414329,2015-05-26,2015,AZ,2015-05-26 19:15:00,19,6,4,10,2,17,6,19,277,89.2,1,52,0.0192,0.1053,71.7,22.0,67.0,997.0,0.0,14.5,9.0,189.3,S,11.78,13.96,8.18
414344,2015-05-27,2015,AZ,2015-05-27 19:15:00,19,4,3,7,3,11,9,17,309,84.8,2,59,0.0339,0.1765,71.7,22.1,71.0,1001.5,0.0,6.5,4.0,28.7,NE,-6.21,-6.45,-5.21
414373,2015-05-29,2015,LAD,2015-05-29 19:15:00,19,3,0,3,0,15,6,16,275,85.9,1,50,0.02,0.0,74.8,23.8,80.0,999.0,0.0,8.7,5.4,166.7,S,4.55,6.8,1.75
414388,2015-05-30,2015,LAD,2015-05-30 18:15:00,18,1,5,6,1,19,5,15,295,87.1,2,46,0.0435,0.0667,68.2,20.1,83.0,997.4,0.0,13.4,8.3,318.3,NW,-0.78,-5.32,3.85
414403,2015-05-31,2015,LAD,2015-05-31 13:15:00,13,3,1,4,2,18,10,10,282,87.0,3,38,0.0789,0.2,58.9,14.9,70.0,1002.9,0.0,9.4,5.8,8.7,N,-7.55,-8.99,-5.19
414414,2015-06-01,2015,MIL,2015-06-01 19:10:00,19,0,1,1,0,15,3,14,254,85.3,1,52,0.0192,0.0,62.8,17.1,75.0,1003.1,0.0,6.4,4.0,318.7,NW,-0.41,-2.57,1.8
414428,2015-06-02,2015,MIL,2015-06-02 19:15:00,19,1,0,1,0,12,3,11,235,86.8,1,44,0.0227,0.0,67.3,19.6,79.7,1000.2,0.0,7.0,4.4,143.7,SE,1.06,3.37,-1.38
414443,2015-06-03,2015,MIL,2015-06-03 12:45:00,12,7,4,11,1,12,3,24,241,90.6,1,62,0.0161,0.0417,72.4,22.4,65.7,999.7,0.0,8.2,5.1,181.0,S,5.9,7.49,3.59
414559,2015-06-12,2015,KC,2015-06-12 19:15:00,19,4,0,4,0,13,4,13,254,85.2,0,51,0.0,0.0,81.6,27.6,69.3,995.1,0.0,14.5,9.0,191.7,S,12.14,14.14,8.68
414574,2015-06-13,2015,KC,2015-06-13 15:10:00,15,3,2,5,3,17,4,15,278,84.2,3,50,0.06,0.2,83.2,28.4,64.0,995.8,1.5,14.4,8.9,183.0,S,10.68,13.32,6.74
414606,2015-06-15,2015,MIN,2015-06-15 19:15:00,19,3,2,5,2,13,3,14,249,87.9,2,50,0.04,0.1429,78.8,26.0,80.7,998.0,0.0,14.1,8.8,221.3,SW,14.07,13.53,12.91
414621,2015-06-16,2015,MIN,2015-06-16 12:45:00,12,3,2,5,0,10,6,13,248,85.5,0,51,0.0,0.0,80.5,27.0,76.7,1001.6,1.1,3.4,2.1,67.0,NE,-3.18,-2.55,-3.43
414755,2015-06-26,2015,CHC,2015-06-26 19:15:00,19,3,2,5,1,17,7,18,311,85.6,2,57,0.0351,0.0556,69.8,21.0,88.7,994.8,0.0,10.6,6.6,332.3,NW,-3.17,-6.45,0.49
414770,2015-06-27,2015,CHC,2015-06-27 18:15:00,18,8,1,9,0,12,10,20,304,87.3,1,54,0.0185,0.0,73.2,22.9,60.7,998.1,0.0,6.2,3.9,330.3,NW,-1.64,-3.58,0.51
414785,2015-06-28,2015,CHC,2015-06-28 19:05:00,19,4,1,5,0,21,4,14,254,84.1,0,44,0.0,0.0,72.1,22.3,80.0,991.9,7.5,15.7,9.7,210.4,SW,15.16,15.6,12.89
414806,2015-06-30,2015,CWS,2015-06-30 19:15:00,19,1,2,3,2,28,4,17,349,83.2,1,55,0.0182,0.1176,77.1,25.1,73.7,994.7,0.0,6.5,4.0,272.6,W,4.38,2.47,5.76
414821,2015-07-01,2015,CWS,2015-07-01 19:15:00,19,1,7,8,2,18,3,19,291,85.8,1,53,0.0189,0.1053,73.0,22.8,94.7,994.4,9.1,2.7,1.7,151.3,SE,0.76,1.6,-0.17
414842,2015-07-02,2015,SD,2015-07-02 18:15:00,18,3,5,8,3,21,12,17,373,82.3,3,61,0.0492,0.1765,74.3,23.5,68.0,994.8,0.0,10.7,6.6,0.7,N,-7.63,-9.72,-4.62
414857,2015-07-03,2015,SD,2015-07-03 19:15:00,19,1,2,3,1,14,4,12,251,85.5,1,47,0.0213,0.0833,73.6,23.1,69.7,995.3,0.0,7.6,4.7,28.0,NE,-7.3,-7.62,-6.1
414872,2015-07-04,2015,SD,2015-07-04 13:15:00,13,2,1,3,1,13,4,13,259,83.2,1,50,0.02,0.0769,82.0,27.8,47.3,998.4,0.0,3.6,2.2,46.3,NE,-3.6,-3.35,-3.41
414887,2015-07-05,2015,SD,2015-07-05 13:15:00,13,3,1,4,1,14,3,10,269,86.7,0,45,0.0,0.1,83.8,28.8,52.0,1000.3,0.0,8.7,5.4,167.0,S,4.63,6.88,1.82
414998,2015-07-17,2015,NYM,2015-07-17 19:15:00,19,3,2,5,2,18,3,14,286,87.7,2,47,0.0426,0.1429,84.6,29.2,73.0,993.6,0.0,10.5,6.5,185.3,S,8.08,9.89,5.3
415013,2015-07-18,2015,NYM,2015-07-18 18:15:00,18,12,2,14,3,10,7,27,294,88.2,4,67,0.0597,0.1111,87.9,31.0,65.0,995.0,0.0,9.0,5.6,182.7,S,6.65,8.32,4.18
415028,2015-07-19,2015,NYM,2015-07-19 13:15:00,13,1,3,4,1,30,18,29,558,88.2,1,102,0.0098,0.0345,86.5,30.3,63.7,996.8,0.0,4.0,2.5,248.7,W,3.66,2.89,3.99
414589,2015-07-23,2015,KC,2015-06-14 13:15:00,13,4,3,7,2,10,7,17,292,86.6,6,55,0.1091,0.1176,79.5,26.4,76.7,998.3,0.3,14.1,8.7,204.3,SW,13.16,14.07,10.67
415084,2015-07-24,2015,ATL,2015-07-24 19:15:00,19,4,2,6,1,14,6,15,253,88.5,3,49,0.0612,0.0667,80.4,26.9,70.3,996.2,0.0,6.7,4.2,164.4,S,3.3,5.11,1.09
415099,2015-07-25,2015,ATL,2015-07-25 18:15:00,18,1,0,1,0,10,3,9,211,85.3,0,45,0.0,0.0,84.3,29.1,75.3,996.5,0.0,3.0,1.9,224.1,SW,3.03,2.87,2.83
415114,2015-07-26,2015,ATL,2015-07-26 13:15:00,13,2,3,5,1,10,8,16,288,84.5,1,59,0.0169,0.0625,85.3,29.6,72.7,996.0,0.0,10.8,6.7,208.0,SW,10.3,10.75,8.6
415132,2015-07-27,2015,CIN,2015-07-27 19:15:00,19,4,1,5,1,16,4,12,264,86.9,2,46,0.0435,0.0833,83.8,28.8,82.3,997.4,0.0,5.2,3.3,35.8,NE,-5.17,-5.14,-4.57
415142,2015-07-28,2015,CIN,2015-07-28 19:15:00,19,0,4,4,1,9,3,11,221,85.7,3,54,0.0556,0.0909,86.1,30.1,72.7,996.6,0.0,4.8,3.0,203.3,SW,4.43,4.76,3.56
415157,2015-07-29,2015,CIN,2015-07-29 19:15:00,19,0,1,1,1,14,5,6,231,87.2,1,44,0.0227,0.1667,79.4,26.3,53.0,1001.3,0.0,11.0,6.8,344.3,N,-5.37,-8.32,-1.78
415173,2015-07-30,2015,COL,2015-07-30 18:15:00,18,9,8,17,4,14,7,30,338,86.5,3,64,0.0469,0.1333,81.3,27.4,61.3,1002.0,0.0,6.1,3.8,282.7,W,3.28,1.31,4.86
415186,2015-07-31,2015,COL,2015-07-31 19:15:00,19,7,0,7,2,16,5,20,293,,0,56,0.0,0.1,84.0,28.9,54.3,999.2,0.0,3.3,2.0,233.0,SW,3.23,2.88,3.2
415201,2015-08-01,2015,COL,2015-08-01 18:15:00,18,2,6,8,3,13,3,19,267,,0,58,0.0,0.1579,82.8,28.2,66.7,997.5,0.0,4.7,2.9,159.7,S,1.95,3.28,0.38
415216,2015-08-02,2015,COL,2015-08-02 13:15:00,13,3,2,5,1,14,6,14,298,,0,49,0.0,0.0714,90.7,32.6,50.3,994.9,0.0,10.4,6.4,228.0,SW,10.35,9.54,9.91
415341,2015-08-11,2015,PIT,2015-08-11 19:15:00,19,4,3,7,1,15,4,19,254,86.9,2,54,0.037,0.0526,75.9,24.4,62.0,1001.4,0.0,8.7,5.4,352.3,N,-5.3,-7.35,-2.6
415356,2015-08-12,2015,PIT,2015-08-12 19:15:00,19,4,2,6,1,18,5,18,283,88.7,1,50,0.02,0.0556,76.0,24.4,68.7,1002.4,0.0,6.8,4.2,27.3,NE,-6.45,-6.76,-5.36
415365,2015-08-13,2015,PIT,2015-08-13 18:15:00,18,5,10,15,1,11,8,22,310,88.3,5,62,0.0806,0.0455,81.1,27.3,58.7,1001.8,0.0,5.7,3.5,86.3,E,-4.28,-2.73,-5.31
415374,2015-08-14,2015,MIA,2015-08-14 19:15:00,19,3,1,4,1,8,2,14,222,85.8,3,55,0.0545,0.0714,77.0,25.0,75.7,1002.9,0.0,6.2,3.9,141.1,SE,0.65,2.72,-1.49
415389,2015-08-15,2015,MIA,2015-08-15 18:15:00,18,6,2,8,3,12,2,22,253,88.4,5,57,0.0877,0.1364,81.8,27.7,64.3,1001.6,0.0,5.8,3.6,168.7,S,3.2,4.65,1.36
415404,2015-08-16,2015,MIA,2015-08-16 13:15:00,13,4,6,10,3,15,3,16,283,85.8,4,55,0.0727,0.1875,86.3,30.2,52.7,1001.6,0.0,7.3,4.5,171.0,S,4.29,6.05,2.01
415421,2015-08-17,2015,SF,2015-08-17 19:09:00,19,2,1,3,1,14,8,12,267,87.9,3,47,0.0638,0.0833,78.3,25.7,73.7,996.9,0.0,10.1,6.3,158.3,S,4.0,6.93,0.59
415434,2015-08-18,2015,SF,2015-08-18 19:15:00,19,0,2,2,0,19,8,8,303,88.2,2,42,0.0476,0.0,78.7,25.9,75.0,991.0,0.2,11.9,7.4,170.3,S,6.9,9.81,3.16
415449,2015-08-19,2015,SF,2015-08-19 18:15:00,18,4,3,7,2,15,4,17,252,88.9,2,51,0.0392,0.1176,68.7,20.4,58.7,994.0,0.0,12.4,7.7,286.0,W,6.0,1.93,9.33
415614,2015-08-31,2015,WSH,2015-08-31 19:15:00,19,8,5,13,1,17,11,21,307,90.0,2,51,0.0392,0.0476,79.9,26.6,67.0,999.8,0.0,11.3,7.0,179.7,S,7.97,10.24,4.73
415629,2015-09-01,2015,WSH,2015-09-01 19:15:00,19,8,5,13,2,13,10,20,327,88.2,4,61,0.0656,0.1,81.1,27.3,61.0,1000.9,0.0,8.5,5.3,188.0,S,6.79,8.13,4.63
415644,2015-09-02,2015,WSH,2015-09-02 19:15:00,19,3,4,7,4,26,2,24,303,88.3,4,52,0.0769,0.1667,82.4,28.0,58.0,998.6,0.0,5.4,3.3,211.7,SW,5.22,5.33,4.48
415661,2015-09-04,2015,PIT,2015-09-04 19:15:00,19,3,9,12,0,20,4,25,337,86.7,2,58,0.0345,0.0,83.1,28.4,60.7,998.9,0.0,5.9,3.7,159.7,S,2.46,4.15,0.48
415676,2015-09-05,2015,PIT,2015-09-05 15:05:00,15,4,1,5,1,18,8,12,279,87.3,4,46,0.087,0.0833,91.6,33.1,36.3,999.7,0.0,6.0,3.7,167.1,S,3.17,4.71,1.25
415691,2015-09-06,2015,PIT,2015-09-06 19:05:00,19,1,7,8,3,13,6,17,256,86.9,6,55,0.1091,0.1765,84.7,29.3,47.0,998.3,0.0,10.8,6.7,157.7,S,4.15,7.3,0.5
415698,2015-09-07,2015,CHC,2015-09-07 13:15:00,13,0,9,9,2,17,7,19,283,86.8,3,52,0.0577,0.1053,86.2,30.1,55.7,997.9,0.2,6.5,4.1,162.8,S,3.04,4.84,0.88
415713,2015-09-08,2015,CHC,2015-09-08 19:15:00,19,5,8,13,3,19,9,19,317,89.3,6,52,0.1154,0.1579,73.9,23.3,96.0,995.3,7.4,5.1,3.2,79.8,E,-4.22,-2.96,-4.96
415728,2015-09-09,2015,CHC,2015-09-09 12:45:00,12,4,3,7,0,22,4,16,277,87.2,1,45,0.0222,0.0,78.7,26.0,73.0,996.9,0.3,4.1,2.6,343.3,N,-1.96,-3.09,-0.6
415894,2015-09-21,2015,CIN,2015-09-21 19:15:00,19,2,1,3,0,14,3,16,235,88.0,3,50,0.06,0.0,67.2,19.6,57.3,1000.8,0.0,8.0,5.0,154.0,SE,2.59,5.01,-0.14
415904,2015-09-22,2015,CIN,2015-09-22 19:15:00,19,3,1,4,1,15,7,18,305,86.4,3,50,0.06,0.0556,70.7,21.5,57.0,1003.4,0.0,6.6,4.1,144.3,SE,1.08,3.25,-1.23
415919,2015-09-23,2015,CIN,2015-09-23 19:15:00,19,10,2,12,5,15,4,19,270,87.8,7,53,0.1321,0.2632,71.9,22.2,55.0,1003.1,0.0,6.4,4.0,107.3,E,-2.99,-0.86,-4.76
415932,2015-09-24,2015,MIL,2015-09-24 18:15:00,18,7,3,10,2,15,6,21,299,84.7,3,53,0.0566,0.0952,75.1,24.0,50.7,1002.7,0.0,3.7,2.3,80.1,E,-3.03,-2.11,-3.57
415946,2015-09-25,2015,MIL,2015-09-25 19:15:00,19,3,4,7,1,22,3,18,268,87.7,2,47,0.0426,0.0556,73.6,23.1,49.0,1001.3,0.0,7.8,4.9,47.7,NE,-7.82,-7.23,-7.48
415961,2015-09-26,2015,MIL,2015-09-26 18:15:00,18,5,1,6,0,15,5,15,255,87.9,0,48,0.0,0.0,72.1,22.3,65.3,1001.1,0.0,3.0,1.9,72.0,E,-2.7,-2.07,-3.01
415976,2015-09-27,2015,MIL,2015-09-27 13:15:00,13,4,8,12,5,14,9,19,297,87.3,10,58,0.1724,0.2632,72.1,22.3,82.0,999.3,0.1,4.4,2.8,123.0,SE,-0.92,0.62,-2.35
446964,2016-04-11,2016,MIL,2016-04-11 15:15:00,15,10,1,11,1,17,5,25,311,88.1,4,57,0.0702,0.04,56.0,13.3,37.7,1000.6,0.0,15.0,9.3,332.0,NW,-4.38,-9.01,0.78
446975,2016-04-13,2016,MIL,2016-04-13 19:15:00,19,4,6,10,2,15,5,15,283,83.4,5,53,0.0943,0.1333,53.5,11.9,52.3,1003.4,0.0,8.7,5.4,87.7,E,-6.37,-3.98,-8.0
446991,2016-04-14,2016,MIL,2016-04-14 12:45:00,12,7,0,7,2,22,4,12,255,87.0,2,40,0.05,0.1667,68.0,20.0,39.3,1002.4,0.0,11.5,7.1,97.3,E,-7.01,-3.48,-9.69
447011,2016-04-15,2016,CIN,2016-04-15 19:15:00,19,14,3,17,7,12,5,20,262,87.3,7,61,0.1148,0.35,63.6,17.6,54.3,1001.4,0.0,9.7,6.0,129.7,SE,-0.9,2.46,-4.15
447026,2016-04-16,2016,CIN,2016-04-16 13:15:00,13,8,9,17,3,9,9,25,305,85.3,5,70,0.0714,0.12,74.6,23.7,45.0,1005.2,0.0,20.3,12.6,143.7,SE,3.06,9.74,-3.99
447041,2016-04-17,2016,CIN,2016-04-17 13:15:00,13,4,3,7,2,13,4,15,261,83.7,3,52,0.0577,0.1333,77.8,25.4,41.3,1008.0,0.0,16.4,10.2,155.7,SE,5.8,10.71,0.19
447053,2016-04-18,2016,CHC,2016-04-18 19:09:00,19,0,5,5,1,20,3,14,234,85.9,6,47,0.1277,0.0714,68.2,20.1,50.7,1004.4,0.0,11.3,7.0,159.0,S,4.58,7.82,0.78
447060,2016-04-19,2016,CHC,2016-04-19 19:15:00,19,1,2,3,0,24,9,12,295,82.3,1,40,0.025,0.0,65.1,18.4,77.3,1001.2,0.0,6.4,4.0,147.7,SE,1.39,3.44,-0.81
447075,2016-04-20,2016,CHC,2016-04-20 12:45:00,12,5,3,8,2,15,7,14,263,86.6,3,49,0.0612,0.1429,65.0,18.3,83.3,997.7,1.1,13.3,8.3,164.7,S,6.6,10.16,2.24
447213,2016-04-29,2016,WSH,2016-04-29 19:15:00,19,4,5,9,3,12,4,17,258,86.8,5,56,0.0893,0.1765,61.8,16.5,72.3,997.0,0.2,12.9,8.0,84.0,E,-10.0,-6.63,-12.17
447228,2016-04-30,2016,WSH,2016-04-30 13:15:00,13,1,6,7,1,17,7,14,273,87.0,1,50,0.02,0.0714,70.6,21.4,67.3,989.8,0.0,14.1,8.8,211.0,SW,13.68,14.02,11.69
447243,2016-05-01,2016,WSH,2016-05-01 13:15:00,13,1,6,7,4,23,0,17,272,84.9,6,48,0.125,0.2353,69.9,21.0,65.7,995.6,0.1,6.4,4.0,242.6,SW,6.1,5.07,6.39
447249,2016-05-02,2016,PHI,2016-05-02 19:15:00,19,10,3,13,5,13,5,22,287,85.7,6,60,0.1,0.2273,55.1,12.8,71.7,999.2,0.0,8.4,5.2,332.0,NW,-2.47,-5.08,0.44
447264,2016-05-03,2016,PHI,2016-05-03 19:15:00,19,0,1,1,1,20,4,8,254,82.9,2,40,0.05,0.125,56.3,13.5,67.3,996.0,0.0,8.4,5.2,224.7,SW,8.4,7.91,7.88
447279,2016-05-04,2016,PHI,2016-05-04 19:15:00,19,5,4,9,2,10,6,16,257,84.8,2,57,0.0351,0.125,57.7,14.3,43.3,994.7,0.0,11.8,7.3,322.7,NW,-1.57,-5.48,2.52
447291,2016-05-05,2016,PHI,2016-05-05 12:45:00,12,4,0,4,1,10,4,12,250,83.0,2,51,0.0392,0.0833,61.9,16.6,47.7,999.3,0.0,17.9,11.1,1.0,N,-12.88,-16.35,-7.85
447305,2016-05-06,2016,PIT,2016-05-06 19:15:00,19,2,4,6,2,22,5,15,263,83.1,2,46,0.0435,0.1333,66.0,18.9,58.7,995.9,0.0,10.2,6.3,230.0,SW,10.13,9.21,9.82
447320,2016-05-07,2016,PIT,2016-05-07 13:15:00,13,6,4,10,2,11,6,20,311,82.8,2,61,0.0328,0.1,83.4,28.6,42.3,992.7,0.0,18.6,11.5,259.7,W,15.27,10.74,17.96
447335,2016-05-08,2016,PIT,2016-05-08 13:15:00,13,5,10,15,3,18,9,24,354,84.0,4,59,0.0678,0.125,76.8,24.9,58.3,993.8,0.3,5.5,3.4,164.0,S,2.65,4.13,0.86
447448,2016-05-17,2016,COL,2016-05-17 19:15:00,19,1,3,4,0,16,7,13,276,86.8,6,51,0.1176,0.0,52.0,11.1,89.0,1004.5,0.0,10.7,6.6,25.6,NE,-10.09,-10.7,-8.27
447463,2016-05-18,2016,COL,2016-05-18 19:15:00,19,2,0,2,0,15,6,13,265,84.2,2,47,0.0426,0.0,59.2,15.1,61.7,1003.9,0.0,6.6,4.1,13.7,N,-5.61,-6.44,-4.1
447477,2016-05-19,2016,COL,2016-05-19 18:15:00,18,13,7,20,2,18,6,21,313,83.8,2,52,0.0385,0.0952,65.8,18.8,47.7,1000.7,0.0,7.3,4.5,83.0,E,-5.75,-3.87,-6.94
447486,2016-05-20,2016,AZ,2016-05-20 19:15:00,19,7,11,18,2,14,13,26,371,84.5,5,63,0.0794,0.0769,62.3,16.8,68.3,999.8,0.0,10.1,6.3,61.7,NE,-9.68,-8.1,-10.08
447501,2016-05-21,2016,AZ,2016-05-21 15:05:00,15,6,2,8,4,15,7,18,319,85.5,4,55,0.0727,0.2222,73.6,23.1,36.7,1001.9,0.0,10.1,6.3,1.3,N,-7.33,-9.28,-4.5
447516,2016-05-22,2016,AZ,2016-05-22 13:15:00,13,2,7,9,1,9,4,19,263,82.6,2,62,0.0323,0.0526,79.2,26.2,35.7,1000.7,0.0,4.8,3.0,4.7,N,-3.68,-4.53,-2.39
447531,2016-05-23,2016,CHC,2016-05-23 19:15:00,19,4,3,7,2,17,5,14,269,82.9,3,49,0.0612,0.1429,71.6,22.0,60.0,996.3,0.0,9.0,5.6,186.3,S,7.0,8.49,4.66
447542,2016-05-24,2016,CHC,2016-05-24 18:10:00,18,3,12,15,1,15,9,22,336,86.8,3,59,0.0508,0.0455,73.3,23.0,81.0,998.0,0.0,6.6,4.1,199.7,S,5.94,6.54,4.62
447557,2016-05-25,2016,CHC,2016-05-25 12:45:00,12,8,9,17,4,19,8,23,339,84.7,3,58,0.0517,0.1739,81.6,27.5,64.7,998.6,0.0,18.6,11.6,180.3,S,13.25,16.93,7.97
447689,2016-06-03,2016,SF,2016-06-03 19:15:00,19,1,5,6,0,13,9,13,294,84.1,1,53,0.0189,0.0,67.6,19.8,86.0,998.3,1.4,5.4,3.4,123.3,SE,-1.09,0.78,-2.84
447704,2016-06-04,2016,SF,2016-06-04 18:15:00,18,7,4,11,4,9,2,18,258,88.5,4,59,0.0678,0.2222,74.7,23.7,71.7,992.2,0.0,9.7,6.0,212.7,SW,9.51,9.65,8.22
447719,2016-06-05,2016,SF,2016-06-05 19:05:00,19,6,3,9,1,16,5,16,262,86.1,1,50,0.02,0.0625,70.5,21.4,66.3,993.7,0.0,6.0,3.7,261.3,W,4.81,3.31,5.73
447832,2016-06-14,2016,HOU,2016-06-14 19:15:00,19,2,5,7,3,14,1,14,207,88.7,2,52,0.0385,0.2143,83.2,28.4,66.0,991.5,0.0,11.3,7.0,187.0,S,8.88,10.72,5.97
447847,2016-06-15,2016,HOU,2016-06-15 18:15:00,18,1,4,5,1,13,8,17,266,86.9,2,51,0.0392,0.0588,91.1,32.8,43.7,992.2,0.0,4.9,3.1,226.1,SW,4.93,4.6,4.67
447879,2016-06-17,2016,TEX,2016-06-17 19:15:00,19,0,1,1,1,14,5,9,228,84.0,1,47,0.0213,0.1111,80.4,26.9,53.3,998.6,0.0,9.5,5.9,57.7,NE,-9.3,-8.03,-9.46
447894,2016-06-18,2016,TEX,2016-06-18 15:15:00,15,3,4,7,0,13,5,16,300,85.1,0,53,0.0,0.0,88.9,31.6,33.3,1003.4,0.0,8.5,5.3,90.7,E,-5.96,-3.52,-7.69
447909,2016-06-19,2016,TEX,2016-06-19 13:15:00,13,4,5,9,4,9,6,20,274,86.0,4,61,0.0656,0.2,89.8,32.1,43.0,1005.0,0.0,13.3,8.2,176.0,S,8.7,11.6,4.75
448036,2016-06-29,2016,KC,2016-06-29 19:15:00,19,2,3,5,1,16,10,24,410,82.7,3,82,0.0366,0.0417,75.6,24.2,43.0,1000.0,0.0,4.8,3.0,55.7,NE,-4.75,-4.16,-4.77
448051,2016-06-30,2016,KC,2016-06-30 18:15:00,18,2,4,6,3,18,8,10,303,83.6,4,45,0.0889,0.3,79.2,26.2,69.0,996.1,1.3,7.9,4.9,185.6,S,6.08,7.42,4.0
448067,2016-07-01,2016,MIL,2016-07-01 19:15:00,19,7,1,8,1,13,9,15,243,85.9,5,53,0.0943,0.0667,75.4,24.1,52.0,1001.1,0.0,8.2,5.1,26.0,NE,-7.72,-8.17,-6.35
448082,2016-07-02,2016,MIL,2016-07-02 13:15:00,13,3,0,3,0,14,6,15,243,81.6,2,47,0.0426,0.0,65.1,18.4,90.3,1002.2,4.1,11.0,6.8,96.0,E,-6.9,-3.57,-9.4
448097,2016-07-03,2016,MIL,2016-07-03 13:15:00,13,9,8,17,2,15,12,27,353,85.9,6,62,0.0968,0.0741,68.1,20.0,93.3,996.2,5.6,8.8,5.4,90.3,E,-6.16,-3.66,-7.92
448113,2016-07-04,2016,PIT,2016-07-04 13:15:00,13,2,4,6,2,17,5,21,291,83.3,3,55,0.0545,0.0952,74.7,23.7,88.0,994.4,0.6,8.6,5.4,296.7,NW,2.71,-0.25,5.35
448128,2016-07-05,2016,PIT,2016-07-05 19:09:00,19,2,5,7,0,15,3,17,289,83.4,1,56,0.0179,0.0,82.3,27.9,81.3,994.8,0.0,8.8,5.4,163.3,S,4.16,6.55,1.27
448143,2016-07-06,2016,PIT,2016-07-06 19:15:00,19,5,7,12,3,17,6,21,319,83.2,6,57,0.1053,0.1429,75.1,24.0,95.3,994.0,0.0,4.8,3.0,92.7,E,-3.25,-1.83,-4.28
448153,2016-07-07,2016,PIT,2016-07-07 12:45:00,12,5,1,6,2,15,3,12,254,81.8,4,47,0.0851,0.1667,84.4,29.1,70.0,991.9,0.4,21.4,13.3,205.9,SW,20.23,21.4,16.62
448211,2016-07-15,2016,MIA,2016-07-15 19:15:00,19,6,7,13,4,16,6,23,312,87.7,5,60,0.0833,0.1739,78.3,25.7,59.0,999.6,0.0,7.1,4.4,33.6,NE,-6.96,-7.02,-6.06
448226,2016-07-16,2016,MIA,2016-07-16 18:15:00,18,5,0,5,1,11,5,11,270,86.2,2,50,0.04,0.0909,81.5,27.5,62.0,1000.4,0.0,8.4,5.2,125.7,SE,-1.37,1.56,-4.13
448241,2016-07-17,2016,MIA,2016-07-17 13:15:00,13,3,6,9,1,22,6,17,308,84.9,3,49,0.0612,0.0588,89.7,32.0,64.7,1000.9,0.4,11.6,7.2,203.0,SW,10.78,11.63,8.64
448256,2016-07-18,2016,SD,2016-07-18 19:15:00,19,10,2,12,4,20,6,20,293,84.8,4,50,0.08,0.2,84.0,28.9,76.0,1003.9,0.0,7.8,4.8,88.0,E,-5.68,-3.53,-7.15
448269,2016-07-20,2016,SD,2016-07-19 19:15:00,19,4,2,6,4,12,4,13,245,86.2,3,48,0.0625,0.3077,85.5,29.7,74.7,1005.1,0.0,7.0,4.3,23.5,NE,-6.48,-6.96,-5.21
448284,2016-07-20,2016,SD,2016-07-20 19:15:00,19,3,2,5,4,16,5,14,261,85.5,4,49,0.0816,0.2857,83.4,28.6,80.0,1002.5,0.0,6.6,4.1,184.1,S,5.01,6.2,3.22
448296,2016-07-21,2016,SD,2016-07-21 18:15:00,18,6,5,11,2,21,4,20,312,88.2,2,50,0.04,0.1,87.5,30.8,76.3,999.4,0.0,8.2,5.1,171.7,S,4.88,6.82,2.34
448305,2016-07-22,2016,LAD,2016-07-22 19:15:00,19,4,3,7,4,23,8,22,444,84.2,5,91,0.0549,0.1818,84.4,29.1,70.0,999.3,0.0,2.4,1.5,242.1,SW,2.33,1.94,2.43
448320,2016-07-23,2016,LAD,2016-07-23 18:15:00,18,2,7,9,2,14,1,19,268,84.3,2,56,0.0357,0.1053,89.1,31.7,63.7,995.8,0.0,9.3,5.8,136.3,SE,0.21,3.37,-2.97
448335,2016-07-24,2016,LAD,2016-07-24 19:08:00,19,6,9,15,3,15,9,21,376,83.2,4,58,0.069,0.1429,86.5,30.3,74.3,996.4,0.0,8.0,5.0,203.8,SW,7.49,8.03,6.05
448488,2016-08-05,2016,ATL,2016-08-05 19:15:00,19,1,0,1,0,15,8,5,222,86.0,1,39,0.0256,0.0,81.5,27.5,79.7,996.5,0.0,5.4,3.3,340.3,N,-2.29,-3.81,-0.5
448503,2016-08-06,2016,ATL,2016-08-06 18:15:00,18,5,13,18,5,15,7,26,326,85.3,5,64,0.0781,0.1923,79.3,26.3,64.0,997.0,0.0,9.9,6.2,27.7,NE,-9.45,-9.89,-7.87
448518,2016-08-07,2016,ATL,2016-08-07 13:15:00,13,3,6,9,0,13,6,20,315,82.2,1,58,0.0172,0.0,82.6,28.1,53.0,998.4,0.0,7.6,4.7,48.7,NE,-7.58,-6.96,-7.29
448535,2016-08-08,2016,CIN,2016-08-08 19:15:00,19,5,4,9,0,13,10,17,312,84.7,2,55,0.0364,0.0,78.3,25.7,75.0,996.7,0.0,6.2,3.9,68.0,E,-5.71,-4.53,-6.19
448545,2016-08-09,2016,CIN,2016-08-09 19:15:00,19,4,7,11,2,11,11,20,286,86.4,2,57,0.0351,0.1,81.3,27.4,70.7,998.0,0.0,4.6,2.8,137.0,SE,0.16,1.71,-1.41
448560,2016-08-10,2016,CIN,2016-08-10 18:15:00,18,3,2,5,3,13,4,15,243,85.7,5,51,0.098,0.2,85.2,29.5,69.3,998.5,0.0,5.2,3.3,120.1,SE,-1.35,0.46,-3.0
448740,2016-08-23,2016,NYM,2016-08-23 19:15:00,19,4,7,11,3,20,8,21,315,83.6,3,53,0.0566,0.1429,73.0,22.8,95.7,1001.6,0.0,12.0,7.4,136.0,SE,0.21,4.29,-3.9
448756,2016-08-24,2016,NYM,2016-08-24 19:15:00,19,8,1,9,3,12,6,23,275,84.4,4,57,0.0702,0.1304,78.6,25.9,89.3,999.0,0.0,9.4,5.9,186.7,S,7.4,8.95,4.95
448768,2016-08-25,2016,NYM,2016-08-25 18:15:00,18,6,10,16,5,15,7,26,323,85.6,5,64,0.0781,0.1923,83.8,28.8,71.3,999.4,0.9,5.2,3.3,164.3,S,2.56,3.97,0.85
448781,2016-08-26,2016,ATH,2016-08-26 19:15:00,19,3,1,4,2,16,6,11,255,85.3,2,44,0.0455,0.1818,79.7,26.5,84.7,1000.4,0.0,8.1,5.0,143.7,SE,1.22,3.89,-1.59
448796,2016-08-27,2016,ATH,2016-08-27 18:15:00,18,2,3,5,1,17,5,10,280,83.3,2,48,0.0417,0.1,81.1,27.3,75.3,1000.1,0.0,6.3,3.9,83.4,E,-4.94,-3.3,-5.98
448811,2016-08-28,2016,ATH,2016-08-28 13:15:00,13,4,7,11,3,19,2,17,260,81.7,3,50,0.06,0.1765,89.2,31.8,52.7,1002.4,0.0,3.0,1.9,134.0,SE,-0.05,0.99,-1.09
448957,2016-09-08,2016,MIL,2016-09-08 18:15:00,18,5,12,17,4,9,7,28,307,86.1,4,68,0.0588,0.1429,76.2,24.6,93.7,997.2,1.3,3.9,2.4,202.0,S,3.62,3.93,2.88
448969,2016-09-09,2016,MIL,2016-09-09 19:15:00,19,4,3,7,3,11,5,14,247,87.1,3,49,0.0612,0.2143,76.5,24.7,93.3,995.3,4.1,7.1,4.4,188.7,S,5.69,6.78,3.92
448984,2016-09-10,2016,MIL,2016-09-10 18:15:00,18,5,1,6,1,15,7,14,245,82.5,1,45,0.0222,0.0714,70.3,21.3,52.7,1002.5,0.0,9.2,5.7,320.7,NW,-0.91,-3.98,2.28
448999,2016-09-11,2016,MIL,2016-09-11 13:15:00,13,1,2,3,1,23,2,9,260,80.6,3,41,0.0732,0.1111,76.8,24.9,43.0,1004.1,0.0,4.7,2.9,160.3,S,2.03,3.37,0.44
449007,2016-09-12,2016,CHC,2016-09-12 19:15:00,19,1,4,5,3,14,6,8,242,82.1,3,46,0.0652,0.375,70.1,21.2,63.3,999.9,0.0,8.6,5.4,145.7,SE,1.6,4.4,-1.4
449022,2016-09-13,2016,CHC,2016-09-13 19:15:00,19,4,2,6,3,18,11,11,283,84.2,3,43,0.0698,0.2727,76.0,24.5,84.3,1001.3,0.0,5.1,3.2,156.6,SE,1.87,3.38,0.14
449037,2016-09-14,2016,CHC,2016-09-14 12:45:00,12,0,7,7,3,21,2,15,278,79.7,2,45,0.0444,0.2,83.8,28.8,64.7,1003.4,0.0,4.3,2.7,52.0,NE,-4.27,-3.83,-4.19
449203,2016-09-26,2016,CIN,2016-09-26 19:15:00,19,2,15,17,4,9,1,28,278,85.2,5,71,0.0704,0.1429,62.0,16.7,51.7,1001.4,0.0,7.6,4.7,274.3,W,4.93,2.67,6.6
449215,2016-09-27,2016,CIN,2016-09-27 19:15:00,19,12,5,17,7,15,7,25,333,85.6,6,60,0.1,0.28,67.3,19.6,61.0,993.3,0.0,14.0,8.7,224.3,SW,13.97,13.18,13.07
449230,2016-09-28,2016,CIN,2016-09-28 19:15:00,19,1,2,3,0,15,3,17,287,80.5,1,56,0.0179,0.0,61.6,16.4,56.3,1002.4,0.0,14.1,8.7,322.0,NW,-1.71,-6.39,3.16
449245,2016-09-29,2016,CIN,2016-09-29 18:15:00,18,4,3,7,2,22,6,21,311,84.4,3,50,0.06,0.0952,64.0,17.8,76.7,1004.1,0.1,12.6,7.8,353.3,N,-7.79,-10.7,-3.95
449264,2016-09-30,2016,PIT,2016-09-30 19:15:00,19,7,0,7,3,18,6,12,266,83.1,3,44,0.0682,0.25,63.7,17.6,80.7,1000.0,0.2,12.7,7.9,316.3,NW,-0.3,-4.63,4.08
449279,2016-10-01,2016,PIT,2016-10-01 12:05:00,12,4,3,7,2,20,4,18,284,84.0,3,47,0.0638,0.1111,69.1,20.6,76.3,999.4,0.0,11.2,6.9,288.7,W,4.95,1.23,8.08
449294,2016-10-02,2016,PIT,2016-10-02 14:15:00,14,10,4,14,2,16,8,21,296,85.2,0,57,0.0,0.0952,69.2,20.7,69.3,1000.8,0.0,6.1,3.8,294.7,NW,2.12,0.04,3.95
490099,2017-04-02,2017,CHC,2017-04-02 19:35:00,19,4,3,7,2,20,8,19,341,83.0,4,50,0.08,0.1053,59.5,15.3,65.0,992.4,0.0,13.7,8.5,99.0,E,-8.07,-3.79,-11.39
490136,2017-04-04,2017,CHC,2017-04-04 19:15:00,19,1,2,3,0,16,7,9,260,86.2,3,47,0.0638,0.0,56.3,13.5,81.3,991.6,0.2,13.3,8.3,62.3,NE,-12.7,-10.57,-13.29
490121,2017-04-06,2017,CHC,2017-04-05 12:45:00,12,4,6,10,1,18,6,17,319,83.2,2,55,0.0364,0.0588,60.6,15.9,79.0,980.9,1.8,3.3,2.0,99.9,E,-1.88,-0.85,-2.68
490151,2017-04-07,2017,CIN,2017-04-07 19:15:00,19,0,2,2,1,15,6,9,236,83.3,1,45,0.0222,0.1111,45.5,7.5,60.0,1001.2,0.0,11.3,7.0,115.7,SE,-3.72,0.14,-7.13
490166,2017-04-08,2017,CIN,2017-04-08 13:15:00,13,10,4,14,4,17,13,17,312,82.2,4,50,0.08,0.2353,73.2,22.9,41.3,995.6,0.0,24.6,15.3,178.7,S,17.01,22.08,9.89
490181,2017-04-09,2017,CIN,2017-04-09 13:15:00,13,0,8,8,2,12,5,17,288,80.8,2,56,0.0357,0.1176,77.1,25.0,53.7,990.0,0.0,29.9,18.6,181.3,S,21.63,27.39,13.26
490291,2017-04-17,2017,PIT,2017-04-17 18:05:00,18,2,1,3,1,9,1,10,206,84.2,1,51,0.0196,0.1,61.0,16.1,67.3,1002.0,0.0,7.2,4.5,114.3,SE,-2.56,-0.09,-4.72
490306,2017-04-18,2017,PIT,2017-04-18 19:15:00,19,2,1,3,0,8,1,15,244,79.7,1,57,0.0175,0.0,66.1,18.9,80.0,998.8,0.0,10.5,6.5,178.6,S,7.22,9.38,4.2
490321,2017-04-19,2017,PIT,2017-04-19 12:45:00,12,2,1,3,3,17,5,13,263,80.3,3,45,0.0667,0.2308,80.6,27.0,52.3,999.4,0.0,17.4,10.8,207.3,SW,16.58,17.39,13.77
490403,2017-04-25,2017,TOR,2017-04-25 19:15:00,19,5,6,11,1,27,4,23,371,81.3,3,61,0.0492,0.0435,69.7,21.0,53.3,982.8,0.0,15.9,9.9,170.7,S,9.29,13.16,4.3
490418,2017-04-27,2017,TOR,2017-04-26 19:15:00,19,6,4,10,2,10,7,21,290,79.7,1,60,0.0167,0.0952,61.3,16.3,91.7,980.1,11.8,23.0,14.3,153.4,SE,7.25,14.28,-0.65
490428,2017-04-27,2017,TOR,2017-04-27 12:45:00,12,8,4,12,3,20,11,22,335,83.7,6,62,0.0968,0.1364,56.1,13.4,57.0,991.0,0.0,14.7,9.2,257.3,W,12.45,9.0,14.39
490434,2017-04-28,2017,CIN,2017-04-28 19:15:00,19,7,5,12,4,11,8,21,296,82.0,5,59,0.0847,0.1905,58.6,14.8,96.0,992.7,0.9,5.3,3.3,37.6,NE,-5.26,-5.17,-4.71
490464,2017-04-30,2017,CIN,2017-04-30 13:15:00,13,4,5,9,0,16,8,24,326,83.0,3,59,0.0508,0.0,68.9,20.5,87.7,984.3,3.5,23.6,14.7,145.0,SE,4.1,11.82,-4.1
490478,2017-05-01,2017,MIL,2017-05-01 19:15:00,19,5,7,12,6,14,7,24,304,83.4,5,62,0.0806,0.25,50.1,10.0,66.3,990.6,0.0,18.4,11.5,256.0,W,15.8,11.6,18.09
490492,2017-05-02,2017,MIL,2017-05-02 19:15:00,19,2,1,3,0,20,5,11,287,80.3,2,43,0.0465,0.0,52.7,11.5,68.7,998.7,0.0,10.7,6.6,341.0,N,-4.69,-7.7,-1.12
490523,2017-05-04,2017,MIL,2017-05-04 18:15:00,18,4,5,9,2,17,11,25,342,83.5,3,59,0.0508,0.08,51.3,10.7,61.0,992.4,0.0,26.2,16.3,6.3,N,-20.48,-24.85,-13.64
490626,2017-05-12,2017,CHC,2017-05-12 19:15:00,19,2,3,5,4,19,11,10,313,80.7,5,45,0.1111,0.4,61.7,16.5,72.3,995.5,0.0,7.8,4.8,9.7,N,-6.34,-7.49,-4.42
490641,2017-05-13,2017,CHC,2017-05-13 15:05:00,15,5,3,8,2,21,9,14,278,79.5,5,41,0.122,0.1429,76.5,24.7,44.3,995.5,0.0,3.8,2.4,297.8,NW,1.12,-0.19,2.3
490656,2017-05-14,2017,CHC,2017-05-14 13:15:00,13,5,0,5,3,15,5,16,263,84.3,4,49,0.0816,0.1875,80.2,26.8,43.0,995.9,0.0,16.9,10.5,208.7,SW,16.25,16.9,13.64
490679,2017-05-16,2017,BOS,2017-05-16 19:15:00,19,3,6,9,2,11,6,12,307,81.5,4,54,0.0741,0.1667,76.3,24.6,59.0,990.7,0.0,20.6,12.8,179.3,S,14.37,18.54,8.47
490693,2017-05-17,2017,BOS,2017-05-17 19:15:00,19,4,5,9,2,23,8,23,399,80.5,2,73,0.0274,0.087,75.4,24.1,69.7,988.7,0.9,25.9,16.1,195.0,S,22.4,25.47,16.63
490729,2017-05-19,2017,SF,2017-05-19 19:15:00,19,5,6,11,1,15,10,21,301,80.5,1,57,0.0175,0.0476,63.1,17.3,89.0,998.0,0.1,15.5,9.6,35.0,NE,-15.23,-15.23,-13.4
490744,2017-05-20,2017,SF,2017-05-20 18:15:00,18,1,3,4,0,21,1,17,320,80.7,1,70,0.0143,0.0,70.8,21.6,81.3,995.0,1.1,7.5,4.7,213.4,SW,7.38,7.45,6.42
490759,2017-05-21,2017,SF,2017-05-21 13:15:00,13,8,3,11,3,12,6,19,295,83.5,3,56,0.0536,0.1579,68.4,20.2,49.3,999.9,0.0,18.9,11.7,265.7,W,14.34,9.26,17.68
490866,2017-05-29,2017,LAD,2017-05-29 13:15:00,13,1,5,6,3,14,4,14,274,82.0,4,51,0.0784,0.2143,80.9,27.2,36.0,995.4,0.0,19.4,12.0,254.0,W,16.94,12.71,19.13
490881,2017-05-30,2017,LAD,2017-05-30 18:05:00,18,4,9,13,1,19,11,19,363,82.5,0,53,0.0,0.0526,70.3,21.3,63.3,998.3,0.0,8.5,5.3,217.0,SW,8.42,8.31,7.51
490897,2017-05-31,2017,LAD,2017-05-31 19:15:00,19,2,1,3,1,16,4,10,232,82.5,1,43,0.0233,0.1,67.8,19.9,73.7,999.4,0.0,9.7,6.0,359.8,N,-6.83,-8.78,-4.07
490907,2017-06-01,2017,LAD,2017-06-01 12:45:00,12,2,0,2,1,19,6,14,308,79.7,2,43,0.0465,0.0714,79.9,26.6,42.0,1001.2,0.0,2.8,1.8,89.5,E,-2.02,-1.22,-2.58
491017,2017-06-09,2017,PHI,2017-06-09 19:15:00,19,3,2,5,1,14,3,18,267,83.1,3,52,0.0577,0.0556,73.5,23.0,56.7,994.6,0.0,8.5,5.3,209.0,SW,8.14,8.45,6.85
491033,2017-06-10,2017,PHI,2017-06-10 13:15:00,13,7,0,7,0,17,7,10,249,82.8,1,42,0.0238,0.0,87.3,30.7,31.7,994.9,0.0,22.1,13.8,189.3,S,17.98,21.31,12.48
491048,2017-06-11,2017,PHI,2017-06-11 13:15:00,13,6,5,11,2,20,6,22,296,86.6,4,48,0.0833,0.0909,90.2,32.3,37.0,997.1,0.0,25.4,15.8,188.0,S,20.31,24.32,13.85
490508,2017-06-13,2017,MIL,2017-05-03 19:15:00,19,6,0,6,2,15,8,14,320,78.8,3,49,0.0612,0.1429,46.6,8.1,90.7,998.7,4.2,16.6,10.3,32.0,NE,-16.14,-16.44,-13.9
491068,2017-06-13,2017,MIL,2017-06-13 19:15:00,19,5,8,13,4,14,5,23,297,81.9,5,59,0.0847,0.1739,83.2,28.5,57.7,995.3,0.0,10.7,6.7,185.7,S,8.3,10.13,5.48
491084,2017-06-14,2017,MIL,2017-06-14 19:15:00,19,6,7,13,2,15,6,19,307,80.6,2,56,0.0357,0.1053,75.6,24.2,91.0,994.2,17.6,10.2,6.3,103.7,E,-5.29,-1.99,-7.96
491094,2017-06-15,2017,MIL,2017-06-15 18:15:00,18,4,6,10,3,11,6,20,325,85.8,5,59,0.0847,0.15,81.4,27.4,67.0,993.8,0.0,6.4,4.0,155.8,SE,2.26,4.16,0.08
491210,2017-06-23,2017,PIT,2017-06-23 19:15:00,19,3,4,7,4,16,9,11,313,77.3,4,49,0.0816,0.3636,75.0,23.9,53.7,994.9,0.0,10.6,6.6,308.3,NW,1.23,-2.45,4.76
491225,2017-06-24,2017,PIT,2017-06-24 18:15:00,18,3,7,10,3,13,7,14,305,78.6,2,53,0.0377,0.2143,71.4,21.9,39.7,1003.2,0.0,10.7,6.7,348.0,N,-5.85,-8.57,-2.41
491240,2017-06-25,2017,PIT,2017-06-25 19:05:00,19,8,4,12,1,13,6,18,318,82.7,3,55,0.0545,0.0556,71.0,21.7,43.3,1004.1,0.0,10.8,6.7,344.0,N,-5.25,-8.18,-1.7
490449,2017-06-26,2017,CIN,2017-04-29 13:15:00,13,8,2,10,2,14,5,22,270,81.7,3,56,0.0536,0.0909,72.3,22.4,86.0,992.5,2.8,16.2,10.1,144.1,SE,2.56,7.88,-3.06
491307,2017-06-30,2017,WSH,2017-06-30 19:15:00,19,8,1,9,1,12,11,17,283,84.0,5,51,0.098,0.0588,76.5,24.7,74.7,995.3,0.0,6.7,4.1,235.3,SW,6.56,5.75,6.57
491322,2017-07-01,2017,WSH,2017-07-01 18:15:00,18,2,1,3,1,24,5,11,298,84.0,1,37,0.027,0.0909,77.8,25.5,56.7,999.7,0.0,8.7,5.4,0.1,N,-6.16,-7.89,-3.69
491337,2017-07-02,2017,WSH,2017-07-02 19:05:00,19,2,7,9,3,20,11,15,326,83.2,3,48,0.0625,0.2,77.8,25.4,55.0,999.9,0.0,8.4,5.2,78.3,E,-7.04,-5.03,-8.21
491344,2017-07-03,2017,MIA,2017-07-03 18:15:00,18,14,6,20,1,15,9,28,345,87.1,3,63,0.0476,0.0357,81.9,27.7,53.3,998.3,0.0,8.9,5.6,164.7,S,4.42,6.81,1.5
491356,2017-07-04,2017,MIA,2017-07-04 13:15:00,13,2,5,7,2,20,3,17,311,80.3,2,50,0.04,0.1176,89.7,32.0,40.0,998.6,0.0,7.3,4.6,92.7,E,-4.94,-2.79,-6.49
491371,2017-07-05,2017,MIA,2017-07-05 19:15:00,19,6,9,15,4,13,7,23,316,82.0,4,62,0.0645,0.1739,74.1,23.4,92.0,998.8,6.6,5.2,3.3,53.0,NE,-5.18,-4.62,-5.12
491384,2017-07-06,2017,MIA,2017-07-06 12:45:00,12,4,3,7,2,22,7,20,307,79.2,2,48,0.0417,0.1,85.3,29.6,57.3,999.0,0.0,7.4,4.6,13.8,N,-6.3,-7.23,-4.61
491400,2017-07-07,2017,NYM,2017-07-07 19:15:00,19,5,6,11,6,16,3,19,271,84.4,7,55,0.1273,0.3158,81.2,27.3,61.3,996.5,0.0,14.9,9.2,332.3,NW,-4.43,-9.02,0.69
491415,2017-07-08,2017,NYM,2017-07-08 15:10:00,15,4,1,5,2,18,5,18,283,81.2,1,49,0.0204,0.1111,85.8,29.9,45.7,999.0,0.0,11.8,7.3,330.0,NW,-3.05,-6.75,1.02
491430,2017-07-09,2017,NYM,2017-07-09 13:15:00,13,6,0,6,3,10,3,13,257,81.2,3,52,0.0577,0.2308,92.1,33.4,36.3,997.8,0.0,10.9,6.8,229.3,SW,10.9,9.96,10.53
491581,2017-07-24,2017,COL,2017-07-24 19:08:00,19,8,2,10,4,18,7,19,284,85.2,5,49,0.102,0.2105,79.5,26.4,65.7,998.3,0.0,9.9,6.1,58.6,NE,-9.59,-8.22,-9.8
491594,2017-07-25,2017,COL,2017-07-25 19:15:00,19,3,2,5,2,16,3,18,287,81.6,1,50,0.02,0.1111,81.6,27.6,70.3,1000.7,0.0,11.9,7.4,101.0,E,-6.66,-2.88,-9.63
491609,2017-07-26,2017,COL,2017-07-26 19:15:00,19,10,5,15,2,17,10,24,308,80.1,1,55,0.0182,0.0833,83.5,28.6,73.7,997.5,0.0,8.7,5.4,137.6,SE,0.39,3.35,-2.61
491619,2017-07-27,2017,AZ,2017-07-27 18:15:00,18,0,4,4,1,20,4,13,285,75.1,0,44,0.0,0.0769,77.3,25.2,91.0,994.5,2.5,7.9,4.9,332.9,NW,-2.42,-4.83,0.29
491627,2017-07-28,2017,AZ,2017-07-28 19:15:00,19,1,0,1,0,15,3,15,275,81.2,0,49,0.0,0.0,76.8,24.9,69.3,996.8,0.0,13.1,8.1,21.7,N,-12.0,-13.04,-9.5
491642,2017-07-29,2017,AZ,2017-07-29 18:15:00,18,1,7,8,3,18,8,13,299,82.4,4,48,0.0833,0.2308,72.9,22.7,53.3,1000.8,0.0,10.1,6.3,13.3,N,-8.57,-9.86,-6.24
491657,2017-07-30,2017,AZ,2017-07-30 13:15:00,13,3,2,5,1,22,9,11,304,81.5,1,40,0.025,0.0909,83.8,28.8,35.0,1002.9,0.0,10.1,6.3,67.7,E,-9.32,-7.43,-10.09
491796,2017-08-09,2017,KC,2017-08-09 19:15:00,19,8,5,13,3,16,8,26,314,84.5,4,56,0.0714,0.1154,74.3,23.5,60.0,1001.8,0.0,6.0,3.7,98.9,E,-3.51,-1.65,-4.95
491809,2017-08-10,2017,KC,2017-08-10 18:15:00,18,8,6,14,1,16,10,21,315,85.6,1,56,0.0179,0.0476,78.2,25.7,80.3,999.1,0.0,7.2,4.5,187.0,S,5.67,6.85,3.81
491818,2017-08-11,2017,ATL,2017-08-11 19:15:00,19,8,5,13,1,11,13,15,313,82.7,1,52,0.0192,0.0667,74.1,23.4,78.3,998.6,0.0,7.7,4.8,1.0,N,-5.52,-7.0,-3.36
491833,2017-08-12,2017,ATL,2017-08-12 18:15:00,18,6,5,11,3,15,6,20,293,78.7,2,54,0.037,0.15,72.0,22.2,62.3,999.6,0.0,5.8,3.6,70.0,E,-5.23,-4.08,-5.74
491848,2017-08-13,2017,ATL,2017-08-13 13:15:00,13,3,6,9,2,10,4,23,286,78.8,3,64,0.0469,0.087,80.4,26.9,42.0,997.9,0.0,6.5,4.0,133.4,SE,-0.19,2.05,-2.4
491976,2017-08-22,2017,SD,2017-08-22 19:15:00,19,4,12,16,5,20,8,18,308,81.7,3,51,0.0588,0.2778,73.3,23.0,67.0,999.5,0.0,8.9,5.6,340.1,N,-3.79,-6.33,-0.79
491991,2017-08-23,2017,SD,2017-08-23 19:15:00,19,6,2,8,1,19,7,15,300,79.8,1,45,0.0222,0.0667,67.1,19.5,72.7,999.9,0.0,8.8,5.5,353.7,N,-5.52,-7.55,-2.83
492004,2017-08-24,2017,SD,2017-08-24 18:15:00,18,3,4,7,1,15,7,22,276,79.7,1,56,0.0179,0.0455,72.9,22.7,60.3,1000.7,0.0,6.6,4.1,44.0,NE,-6.57,-6.21,-6.13
492021,2017-08-25,2017,TB,2017-08-25 19:15:00,19,3,7,10,2,21,8,21,339,80.3,3,53,0.0566,0.0952,69.6,20.9,68.3,1004.1,0.0,7.3,4.5,71.6,E,-6.5,-4.99,-7.22
492036,2017-08-26,2017,TB,2017-08-26 18:15:00,18,6,4,10,4,13,4,16,243,82.9,4,54,0.0741,0.25,75.8,24.3,54.3,1002.6,0.0,8.9,5.5,114.3,SE,-3.14,-0.1,-5.8
492051,2017-08-27,2017,TB,2017-08-27 13:15:00,13,2,3,5,5,26,6,17,309,82.3,5,49,0.102,0.2941,82.9,28.3,42.7,999.6,0.0,6.3,3.9,159.3,S,2.61,4.43,0.48
492212,2017-09-08,2017,PIT,2017-09-08 19:15:00,19,4,1,5,0,19,5,14,285,76.0,1,43,0.0233,0.0,69.7,21.0,53.3,1004.2,0.0,6.8,4.2,105.7,E,-3.32,-1.1,-5.13
492227,2017-09-09,2017,PIT,2017-09-09 18:15:00,18,4,3,7,3,20,7,11,285,82.9,4,42,0.0952,0.2727,73.9,23.3,49.0,1006.4,0.0,7.9,4.9,41.6,NE,-7.89,-7.57,-7.25
492242,2017-09-10,2017,PIT,2017-09-10 13:15:00,13,7,0,7,2,17,3,14,263,82.3,4,48,0.0833,0.1429,78.0,25.6,32.0,1007.9,0.0,12.1,7.5,64.7,NE,-11.39,-9.31,-12.1
492257,2017-09-12,2017,CIN,2017-09-12 19:15:00,19,13,4,17,2,14,10,23,312,83.4,5,58,0.0862,0.087,65.8,18.8,81.0,991.4,1.9,10.2,6.3,344.3,N,-4.99,-7.73,-1.65
492272,2017-09-13,2017,CIN,2017-09-13 19:15:00,19,0,6,6,2,13,5,13,261,84.4,2,51,0.0392,0.1538,68.5,20.3,90.7,991.1,0.0,4.6,2.9,133.8,SE,-0.1,1.48,-1.66
492287,2017-09-14,2017,CIN,2017-09-14 12:45:00,12,5,2,7,1,19,8,12,302,79.1,1,44,0.0227,0.0833,83.4,28.5,39.7,994.9,0.0,4.7,2.9,166.7,S,2.47,3.69,0.95
492435,2017-09-25,2017,CHC,2017-09-25 19:15:00,19,2,10,12,4,13,8,18,312,81.0,5,57,0.0877,0.2222,79.6,26.4,58.3,996.2,0.0,7.3,4.5,178.7,S,5.02,6.51,2.92
492446,2017-09-26,2017,CHC,2017-09-26 19:15:00,19,8,7,15,6,21,13,17,354,82.5,7,45,0.1556,0.3529,79.1,26.2,67.7,998.4,0.2,11.5,7.1,321.0,NW,-1.2,-5.04,2.78
492461,2017-09-27,2017,CHC,2017-09-27 18:08:00,18,1,5,6,1,15,5,13,256,82.9,3,49,0.0612,0.0769,68.5,20.3,45.0,1003.0,0.0,15.1,9.4,347.3,N,-8.08,-11.95,-3.23
492475,2017-09-28,2017,CHC,2017-09-28 18:15:00,18,1,2,3,1,28,8,13,337,80.4,4,49,0.0816,0.0769,66.0,18.9,48.3,1003.4,0.0,6.5,4.1,353.7,N,-4.08,-5.58,-2.09
492492,2017-09-29,2017,MIL,2017-09-29 19:15:00,19,3,5,8,3,15,7,15,283,79.8,2,48,0.0417,0.2,71.5,21.9,42.3,1005.7,0.0,12.0,7.5,29.5,NE,-11.56,-11.96,-9.77
492507,2017-09-30,2017,MIL,2017-09-30 15:15:00,15,7,6,13,1,19,9,21,315,78.7,2,50,0.04,0.0476,73.3,22.9,28.7,1006.1,0.0,12.0,7.5,86.0,E,-9.08,-5.83,-11.23
492522,2017-10-01,2017,MIL,2017-10-01 14:15:00,14,1,6,7,3,17,4,10,260,78.9,3,48,0.0625,0.3,76.9,24.9,36.3,999.8,0.0,15.5,9.6,141.0,SE,1.62,6.79,-3.75
529497,2018-04-05,2018,AZ,2018-04-05 18:15:00,18,1,3,4,0,22,10,11,319,83.0,5,43,0.1163,0.0,50.8,10.5,56.3,996.3,0.0,12.5,7.8,176.3,S,8.27,10.99,4.55
529517,2018-04-07,2018,AZ,2018-04-07 13:15:00,13,5,3,8,1,21,7,15,289,84.8,7,45,0.1556,0.0667,40.2,4.5,42.7,1003.9,0.0,14.8,9.2,342.3,N,-6.78,-10.86,-1.88
529532,2018-04-08,2018,AZ,2018-04-08 13:15:00,13,1,4,5,2,15,4,12,282,84.7,5,48,0.1042,0.1667,41.4,5.2,42.0,999.6,0.2,7.7,4.8,142.7,SE,1.03,3.57,-1.65
529553,2018-04-09,2018,MIL,2018-04-09 18:05:00,18,4,5,9,0,16,9,19,339,82.0,1,62,0.0161,0.0,41.4,5.2,68.7,1006.8,0.0,13.8,8.6,6.7,N,-10.8,-13.07,-7.23
529566,2018-04-10,2018,MIL,2018-04-10 19:15:00,19,5,3,8,2,18,13,20,371,78.0,4,64,0.0625,0.1,41.2,5.1,64.3,1004.6,0.0,8.0,5.0,146.3,SE,1.57,4.16,-1.21
529580,2018-04-11,2018,MIL,2018-04-11 12:15:00,12,2,3,5,3,14,3,15,264,81.2,2,51,0.0392,0.2,69.9,21.1,41.0,997.7,0.0,19.4,12.1,210.3,SW,18.77,19.32,15.96
529693,2018-04-20,2018,CIN,2018-04-20 19:15:00,19,4,2,6,0,12,9,17,294,82.2,3,53,0.0566,0.0,46.9,8.3,47.3,1009.5,0.0,9.6,6.0,80.7,E,-7.83,-5.43,-9.28
529708,2018-04-21,2018,CIN,2018-04-21 13:15:00,13,4,3,7,3,12,8,15,272,84.5,2,51,0.0392,0.2,65.1,18.4,33.3,1005.6,0.1,17.5,10.9,89.0,E,-12.61,-7.69,-16.02
529723,2018-04-22,2018,CIN,2018-04-22 13:15:00,13,9,2,11,2,14,7,17,263,85.1,7,53,0.1321,0.1176,59.2,15.1,54.0,1001.6,0.3,17.7,11.0,55.3,NE,-17.41,-15.28,-17.45
529754,2018-04-24,2018,NYM,2018-04-24 19:15:00,19,5,6,11,3,18,12,16,336,85.7,7,54,0.1296,0.1875,56.5,13.6,79.7,997.8,0.0,6.4,4.0,224.3,SW,6.37,6.01,5.96
529769,2018-04-25,2018,NYM,2018-04-25 19:15:00,19,9,1,10,1,19,3,14,295,81.9,3,49,0.0612,0.0714,56.7,13.7,83.7,997.4,0.7,7.9,4.9,287.3,W,3.65,1.05,5.82
529782,2018-04-26,2018,NYM,2018-04-26 12:15:00,12,4,3,7,0,19,4,20,383,81.6,1,76,0.0132,0.0,65.3,18.5,42.7,996.7,0.0,9.2,5.7,326.4,NW,-1.81,-4.77,1.38
529843,2018-05-01,2018,CWS,2018-05-01 19:15:00,19,3,2,5,2,12,6,13,290,83.0,4,51,0.0784,0.1538,72.4,22.4,53.7,997.8,0.0,19.6,12.2,177.3,S,13.2,17.36,7.45
529858,2018-05-02,2018,CWS,2018-05-02 12:15:00,12,3,2,5,2,14,6,10,234,84.5,3,42,0.0714,0.2,79.0,26.1,63.7,998.7,0.1,15.7,9.8,192.7,S,13.27,15.34,9.59
529882,2018-05-04,2018,CHC,2018-05-04 19:15:00,19,3,2,5,1,12,5,19,274,83.5,1,57,0.0175,0.0526,62.1,16.7,82.3,1000.8,0.0,8.3,5.2,313.9,NW,0.16,-2.7,3.0
529897,2018-05-05,2018,CHC,2018-05-05 13:15:00,13,8,6,14,3,15,9,19,325,84.0,4,63,0.0635,0.1579,77.0,25.0,37.0,999.0,0.0,6.8,4.2,340.3,N,-2.91,-4.84,-0.63
529913,2018-05-06,2018,CHC,2018-05-06 19:05:00,19,4,3,7,4,23,12,19,450,82.7,6,73,0.0822,0.2105,65.7,18.7,79.3,999.4,0.0,9.0,5.6,197.9,S,8.01,8.93,6.13
529929,2018-05-07,2018,MIN,2018-05-07 19:10:00,19,0,6,6,0,22,6,15,301,84.5,4,45,0.0889,0.0,61.5,16.4,62.3,1002.4,0.0,11.5,7.2,93.4,E,-7.66,-4.25,-10.15
529942,2018-05-08,2018,MIN,2018-05-08 12:15:00,12,1,7,8,2,11,5,12,278,80.2,4,55,0.0727,0.1667,79.0,26.1,32.3,1001.2,0.0,14.0,8.7,139.0,SE,0.98,5.69,-3.86
530058,2018-05-17,2018,PHI,2018-05-17 18:15:00,18,2,6,8,2,13,5,21,293,84.2,1,61,0.0164,0.0952,72.7,22.6,75.7,994.9,0.0,5.6,3.5,227.6,SW,5.59,5.17,5.34
530073,2018-05-18,2018,PHI,2018-05-18 19:15:00,19,12,4,16,5,13,7,22,320,83.2,5,59,0.0847,0.2273,66.7,19.3,99.0,992.8,11.3,2.9,1.8,272.1,W,2.0,1.14,2.61
530088,2018-05-19,2018,PHI,2018-05-19 13:15:00,13,6,7,13,2,19,8,14,330,82.8,6,51,0.1176,0.1429,82.5,28.1,52.0,994.8,0.0,9.4,5.9,175.6,S,6.14,8.22,3.33
530103,2018-05-20,2018,PHI,2018-05-20 13:15:00,13,5,1,6,2,22,4,12,277,83.0,3,41,0.0732,0.1667,81.7,27.6,57.3,1000.0,0.0,4.7,2.9,142.0,SE,0.58,2.14,-1.05
530112,2018-05-21,2018,KC,2018-05-21 19:15:00,19,6,0,6,2,19,2,14,250,84.3,2,44,0.0455,0.1429,70.4,21.3,92.7,998.0,0.4,6.5,4.1,156.2,SE,2.36,4.3,0.13
530123,2018-05-22,2018,KC,2018-05-22 19:15:00,19,1,5,6,2,17,4,21,247,81.9,1,54,0.0185,0.0952,73.3,22.9,76.3,999.1,0.0,8.3,5.2,38.3,NE,-8.24,-8.08,-7.42
530138,2018-05-23,2018,KC,2018-05-23 12:15:00,12,2,5,7,1,22,4,14,301,82.4,2,52,0.0385,0.0714,84.3,29.0,50.0,1002.6,0.0,7.8,4.9,54.3,NE,-7.73,-6.83,-7.7
530251,2018-05-31,2018,PIT,2018-05-31 18:15:00,18,10,8,18,3,13,6,26,326,82.7,3,64,0.0469,0.1154,75.4,24.1,92.3,991.3,1.1,8.9,5.5,192.5,S,7.48,8.66,5.4
530265,2018-06-01,2018,PIT,2018-06-01 19:15:00,19,0,4,4,0,12,3,13,267,84.9,4,54,0.0741,0.0,80.5,26.9,69.3,993.4,0.0,10.0,6.2,108.2,E,-4.52,-1.18,-7.31
530280,2018-06-02,2018,PIT,2018-06-02 13:15:00,13,3,2,5,4,15,5,10,271,84.3,6,45,0.1333,0.4,87.9,31.1,55.0,992.5,0.0,14.1,8.8,210.7,SW,13.67,14.03,11.65
530295,2018-06-03,2018,PIT,2018-06-03 13:15:00,13,5,0,5,1,18,5,8,264,84.7,3,42,0.0714,0.125,83.1,28.4,28.7,998.5,0.0,20.4,12.7,309.0,NW,2.13,-4.94,8.94
530311,2018-06-05,2018,MIA,2018-06-05 19:15:00,19,4,7,11,2,15,10,21,324,83.8,2,56,0.0357,0.0952,73.5,23.1,59.7,993.8,0.0,8.2,5.1,229.6,SW,8.17,7.45,7.91
530326,2018-06-06,2018,MIA,2018-06-06 19:15:00,19,3,11,14,3,17,4,25,336,84.2,3,63,0.0476,0.12,78.1,25.6,67.0,995.1,0.0,7.6,4.7,218.3,SW,7.55,7.4,6.79
530340,2018-06-07,2018,MIA,2018-06-07 12:15:00,12,4,1,5,2,14,3,15,271,86.3,2,52,0.0385,0.1333,91.9,33.3,38.7,997.8,0.0,10.1,6.3,194.7,S,8.72,9.94,6.45
530393,2018-06-11,2018,SD,2018-06-11 19:15:00,19,5,2,7,4,14,3,16,286,83.6,5,52,0.0962,0.25,77.6,25.3,88.7,992.0,0.0,7.9,4.9,63.2,NE,-7.51,-6.21,-7.9
530406,2018-06-12,2018,SD,2018-06-12 19:15:00,19,2,4,6,1,18,0,12,230,82.4,1,47,0.0213,0.0833,80.2,26.8,73.3,994.9,0.0,5.1,3.1,207.0,SW,4.82,5.06,3.99
530421,2018-06-13,2018,SD,2018-06-13 19:15:00,19,2,4,6,1,16,1,18,260,81.6,2,53,0.0377,0.0556,78.0,25.5,61.0,998.4,0.0,11.3,7.0,29.0,NE,-10.89,-11.31,-9.16
530436,2018-06-15,2018,CHC,2018-06-15 19:15:00,19,5,13,18,6,12,8,23,338,82.5,7,63,0.1111,0.2609,83.3,28.5,74.7,995.9,0.0,9.6,6.0,171.7,S,5.73,8.02,2.75
530451,2018-06-16,2018,CHC,2018-06-16 19:15:00,19,3,6,9,3,15,12,19,309,83.5,4,57,0.0702,0.1579,85.6,29.8,56.7,997.4,0.0,9.5,5.9,143.7,SE,1.44,4.57,-1.87
530466,2018-06-17,2018,CHC,2018-06-17 19:05:00,19,5,0,5,1,15,7,14,308,84.0,0,47,0.0,0.0714,85.9,30.0,63.7,998.5,0.0,7.3,4.6,179.0,S,5.09,6.59,2.98
530576,2018-06-25,2018,CLE,2018-06-25 19:15:00,19,4,0,4,0,11,8,15,274,82.3,1,51,0.0196,0.0,74.5,23.6,92.0,997.7,3.8,10.2,6.3,126.8,SE,-1.44,2.09,-4.8
530587,2018-06-26,2018,CLE,2018-06-26 19:15:00,19,11,2,13,4,16,3,19,289,83.4,3,55,0.0545,0.2105,72.1,22.3,91.3,993.6,1.1,16.2,10.1,222.0,SW,16.18,15.49,14.92
530602,2018-06-27,2018,CLE,2018-06-27 19:15:00,19,1,5,6,2,17,4,15,291,82.7,1,53,0.0189,0.1333,79.5,26.4,91.3,993.4,0.0,4.8,3.0,107.0,E,-2.24,-0.66,-3.54
530623,2018-06-29,2018,ATL,2018-06-29 19:15:00,19,1,5,6,0,11,8,14,294,80.9,0,57,0.0,0.0,78.0,25.5,95.0,997.1,1.7,10.5,6.5,149.4,SE,2.61,5.93,-1.02
530638,2018-06-30,2018,ATL,2018-06-30 18:15:00,18,4,11,15,3,20,5,24,299,83.4,2,56,0.0357,0.125,81.6,27.5,90.3,995.2,0.0,9.0,5.6,171.4,S,5.36,7.52,2.55
530653,2018-07-01,2018,ATL,2018-07-01 13:15:00,13,5,6,11,2,15,7,13,297,84.3,2,52,0.0385,0.1538,90.3,32.4,56.7,994.2,0.0,17.2,10.7,198.0,S,15.3,17.04,11.71
530813,2018-07-13,2018,CIN,2018-07-13 19:15:00,19,1,9,10,2,11,7,18,324,83.9,4,60,0.0667,0.1111,85.8,29.9,61.7,999.6,0.0,11.2,7.0,127.3,SE,-1.5,2.39,-5.2
530828,2018-07-14,2018,CIN,2018-07-14 15:10:00,15,2,8,10,1,16,5,23,282,82.1,4,58,0.069,0.0435,88.1,31.2,65.3,997.2,3.2,6.5,4.0,206.6,SW,6.17,6.5,5.09
530843,2018-07-15,2018,CIN,2018-07-15 13:15:00,13,6,4,10,2,11,6,15,268,86.7,1,54,0.0185,0.1333,82.7,28.2,76.3,996.7,3.8,6.4,4.0,223.6,SW,6.43,6.1,5.99
530957,2018-07-27,2018,CHC,2018-07-27 19:15:00,19,5,2,7,2,15,3,20,257,84.3,4,52,0.0769,0.1,74.0,23.3,60.0,1001.7,0.0,8.4,5.2,56.5,NE,-8.23,-7.16,-8.31
530972,2018-07-28,2018,CHC,2018-07-28 15:05:00,15,6,2,8,2,13,6,16,272,83.5,3,49,0.0612,0.125,83.4,28.6,45.7,1000.9,0.0,6.9,4.3,50.0,NE,-6.91,-6.28,-6.7
530987,2018-07-29,2018,CHC,2018-07-29 19:05:00,19,2,5,7,3,16,4,15,279,82.8,3,52,0.0577,0.2,69.1,20.6,92.7,999.8,1.1,6.1,3.8,51.3,NE,-6.06,-5.47,-5.93
531002,2018-07-30,2018,COL,2018-07-30 19:10:00,19,5,4,9,3,21,9,16,319,83.7,4,52,0.0769,0.1875,69.2,20.7,91.7,998.2,1.0,7.1,4.4,358.7,N,-4.88,-6.34,-2.84
531014,2018-07-31,2018,COL,2018-07-31 19:15:00,19,3,6,9,3,17,6,13,275,83.5,3,48,0.0625,0.2308,67.6,19.8,91.7,998.3,0.0,5.6,3.5,338.7,N,-2.24,-3.84,-0.36
531029,2018-08-01,2018,COL,2018-08-01 19:15:00,19,6,3,9,0,19,10,20,371,82.0,1,52,0.0192,0.0,73.2,22.9,72.3,998.7,0.0,7.7,4.8,153.3,SE,2.43,4.8,-0.23
531040,2018-08-02,2018,COL,2018-08-02 12:15:00,12,3,2,5,0,16,6,15,270,81.7,1,48,0.0208,0.0,84.6,29.2,50.7,999.5,0.0,11.8,7.4,275.1,W,7.59,4.03,10.24
531194,2018-08-13,2018,WSH,2018-08-13 19:10:00,19,7,6,13,5,8,5,25,284,85.6,7,64,0.1094,0.2,75.1,24.0,73.0,999.0,0.0,9.4,5.8,172.1,S,5.68,7.9,2.77
531209,2018-08-14,2018,WSH,2018-08-14 19:15:00,19,6,4,10,3,14,6,17,306,83.9,1,54,0.0185,0.1765,72.9,22.7,96.3,996.5,9.3,10.7,6.7,122.0,SE,-2.41,1.31,-5.84
531224,2018-08-15,2018,WSH,2018-08-15 19:15:00,19,4,2,6,2,12,7,14,281,82.6,6,52,0.1154,0.1429,73.5,23.1,94.7,995.5,3.2,8.0,5.0,212.7,SW,7.82,7.93,6.76
531233,2018-08-16,2018,WSH,2018-08-16 18:15:00,18,4,5,9,1,9,9,16,322,82.9,2,64,0.0312,0.0625,82.3,28.0,75.7,996.5,0.1,7.8,4.8,196.6,S,6.86,7.72,5.18
531244,2018-08-17,2018,MIL,2018-08-17 19:15:00,19,5,2,7,1,15,10,13,295,84.0,2,47,0.0426,0.0769,75.5,24.2,87.0,997.5,0.9,4.9,3.0,301.8,NW,1.11,-0.57,2.67
531259,2018-08-18,2018,MIL,2018-08-18 18:15:00,18,7,2,9,3,21,3,12,298,82.0,4,44,0.0909,0.25,77.9,25.5,81.0,996.8,0.3,5.6,3.5,342.3,N,-2.56,-4.09,-0.71
531274,2018-08-19,2018,MIL,2018-08-19 13:15:00,13,1,2,3,1,10,6,11,275,79.2,4,52,0.0769,0.0909,84.6,29.2,57.7,995.2,0.1,11.3,7.0,139.3,SE,0.85,4.66,-3.05
531389,2018-08-28,2018,PIT,2018-08-28 19:15:00,19,5,2,7,2,14,4,16,268,84.5,4,48,0.0833,0.125,83.3,28.5,71.3,996.9,0.0,17.7,11.0,183.7,S,13.27,16.46,8.47
531403,2018-08-29,2018,PIT,2018-08-29 19:15:00,19,0,2,2,0,17,4,15,286,82.1,2,51,0.0392,0.0,74.3,23.5,85.0,1002.1,0.0,8.8,5.5,17.7,N,-7.82,-8.73,-5.96
531415,2018-08-30,2018,PIT,2018-08-30 18:15:00,18,5,0,5,2,20,7,13,270,83.2,2,43,0.0465,0.1538,76.8,24.9,82.0,1000.7,0.2,6.4,4.0,92.2,E,-4.37,-2.49,-5.72
531421,2018-08-31,2018,CIN,2018-08-31 19:15:00,19,12,5,17,4,11,8,28,320,83.9,5,69,0.0725,0.1429,73.6,23.1,96.7,999.4,9.0,8.8,5.5,75.5,E,-7.61,-5.62,-8.69
531436,2018-09-01,2018,CIN,2018-09-01 18:15:00,18,0,4,4,0,21,5,12,292,81.1,2,43,0.0465,0.0,81.6,27.6,71.3,998.6,0.0,12.4,7.7,180.7,S,8.89,11.33,5.39
531451,2018-09-02,2018,CIN,2018-09-02 13:15:00,13,4,6,10,2,15,17,16,365,82.2,2,58,0.0345,0.125,88.9,31.6,52.7,999.7,0.0,20.3,12.6,178.0,S,13.82,18.06,7.92
531564,2018-09-10,2018,PIT,2018-09-10 19:15:00,19,8,7,15,4,16,3,22,274,82.9,6,56,0.1071,0.1818,67.3,19.6,78.3,999.9,0.0,6.5,4.0,336.7,NW,-2.39,-4.3,-0.19
531577,2018-09-11,2018,PIT,2018-09-11 19:15:00,19,11,5,16,1,19,8,21,308,82.9,2,53,0.0377,0.0476,69.3,20.7,73.0,1001.4,0.0,9.7,6.0,172.6,S,5.92,8.19,2.94
531592,2018-09-12,2018,PIT,2018-09-12 12:15:00,12,3,4,7,0,18,5,17,276,82.8,0,52,0.0,0.0,76.7,24.8,61.7,1003.4,0.0,8.1,5.1,124.3,SE,-1.51,1.32,-4.15
531598,2018-09-13,2018,LAD,2018-09-13 18:15:00,18,7,9,16,2,18,5,28,309,85.7,6,62,0.0968,0.0714,78.4,25.8,69.3,1000.9,0.0,4.7,2.9,193.8,S,3.99,4.58,2.92
531609,2018-09-14,2018,LAD,2018-09-14 19:15:00,19,0,3,3,2,22,6,9,284,82.7,3,39,0.0769,0.2222,80.9,27.2,64.0,1001.2,0.0,2.6,1.6,233.1,SW,2.57,2.29,2.54
531624,2018-09-15,2018,LAD,2018-09-15 12:05:00,12,4,17,21,6,20,14,21,335,83.3,7,53,0.1321,0.2857,87.4,30.8,46.3,1001.9,0.0,12.3,7.6,44.0,NE,-12.26,-11.6,-11.45
531639,2018-09-16,2018,LAD,2018-09-16 19:05:00,19,5,0,5,1,23,6,12,293,83.3,1,38,0.0263,0.0833,78.3,25.7,80.0,997.2,0.0,6.5,4.0,89.6,E,-4.63,-2.79,-5.91
531710,2018-09-21,2018,SF,2018-09-21 19:15:00,19,5,3,8,0,24,7,19,314,83.9,3,45,0.0667,0.0,67.5,19.7,59.3,1004.8,0.0,16.7,10.4,357.3,N,-11.25,-14.79,-6.35
531725,2018-09-22,2018,SF,2018-09-22 12:05:00,12,5,4,9,2,14,4,19,294,81.3,4,63,0.0635,0.1053,65.6,18.7,61.0,1004.8,0.0,9.2,5.7,67.0,NE,-8.5,-6.81,-9.16
531740,2018-09-23,2018,SF,2018-09-23 13:15:00,13,9,2,11,2,20,4,17,292,82.2,4,50,0.08,0.1176,77.2,25.1,51.3,999.6,0.0,10.8,6.7,82.4,E,-8.55,-5.8,-10.27
531748,2018-09-24,2018,MIL,2018-09-24 19:15:00,19,4,6,10,3,18,8,17,310,85.5,6,51,0.1176,0.1765,71.2,21.8,94.3,995.7,1.2,7.6,4.7,163.7,S,3.63,5.68,1.14
531763,2018-09-25,2018,MIL,2018-09-25 19:15:00,19,4,12,16,5,16,8,23,315,84.4,7,63,0.1111,0.2174,74.7,23.7,81.3,996.1,0.1,7.5,4.6,269.6,W,5.32,3.21,6.79
531778,2018-09-26,2018,MIL,2018-09-26 18:10:00,18,1,2,3,0,17,11,7,285,81.7,2,42,0.0476,0.0,61.6,16.5,66.7,1003.4,0.0,6.7,4.2,343.3,N,-3.18,-5.0,-0.97
566567,2019-04-05,2019,SD,2019-04-04 15:15:00,15,3,5,8,4,17,8,13,291,85.6,5,50,0.1,0.3077,54.9,12.7,91.7,999.3,4.3,13.2,8.2,140.0,SE,1.15,5.59,-3.43
566568,2019-04-06,2019,SD,2019-04-06 13:15:00,13,4,6,10,4,18,16,18,387,81.5,5,53,0.0943,0.2222,71.2,21.8,49.7,999.4,0.0,15.6,9.7,145.7,SE,2.88,7.94,-2.53
566569,2019-04-07,2019,SD,2019-04-07 13:15:00,13,4,1,5,0,18,5,16,299,83.9,3,47,0.0638,0.0,77.4,25.2,52.7,993.0,0.0,19.5,12.1,218.0,SW,19.32,18.97,17.34
566570,2019-04-08,2019,LAD,2019-04-08 18:45:00,18,4,3,7,1,9,5,10,243,83.6,1,49,0.0204,0.1,61.9,16.6,66.7,993.4,0.0,9.8,6.1,326.3,NW,-1.93,-5.1,1.48
566571,2019-04-09,2019,LAD,2019-04-09 18:45:00,18,4,0,4,1,23,12,13,325,84.3,3,40,0.075,0.0769,62.1,16.7,50.0,993.6,0.0,7.8,4.8,52.6,NE,-7.73,-6.91,-7.62
566572,2019-04-10,2019,LAD,2019-04-10 18:45:00,18,7,2,9,4,17,2,15,266,81.9,4,47,0.0851,0.2667,70.5,21.4,47.7,983.5,0.0,15.7,9.7,148.7,SE,3.7,8.69,-1.73
566573,2019-04-11,2019,LAD,2019-04-11 12:15:00,12,11,7,18,3,21,5,20,338,84.6,5,51,0.098,0.15,74.6,23.7,52.7,981.2,0.0,30.3,18.8,175.0,S,19.49,26.25,10.38
566574,2019-04-19,2019,NYM,2019-04-19 19:15:00,19,4,5,9,3,15,10,21,334,82.8,9,61,0.1475,0.1429,52.9,11.6,38.7,991.9,0.0,21.9,13.6,352.3,N,-13.3,-18.46,-6.53
566575,2019-04-20,2019,NYM,2019-04-20 13:15:00,13,10,2,12,1,7,9,14,279,83.7,5,58,0.0862,0.0714,64.2,17.9,27.7,994.1,0.0,21.1,13.1,324.7,NW,-3.54,-10.43,3.78
566576,2019-04-21,2019,NYM,2019-04-21 13:15:00,13,6,4,10,4,18,5,15,294,83.2,5,51,0.098,0.2667,76.6,24.8,36.7,998.3,0.0,17.3,10.7,168.3,S,9.49,13.85,3.98
566577,2019-04-22,2019,MIL,2019-04-22 18:45:00,18,13,5,18,6,22,6,22,318,87.7,5,51,0.098,0.2727,70.2,21.2,75.7,996.5,3.5,5.7,3.5,276.4,W,3.54,1.81,4.84
566578,2019-04-23,2019,MIL,2019-04-23 18:45:00,18,4,3,7,4,17,7,16,320,84.0,4,47,0.0851,0.25,59.5,15.3,89.3,998.6,0.1,7.1,4.4,30.9,NE,-6.92,-7.1,-5.91
566579,2019-04-24,2019,MIL,2019-04-24 12:15:00,12,5,2,7,3,14,7,15,293,85.4,3,49,0.0612,0.2,63.7,17.6,89.7,994.2,2.4,3.9,2.4,50.5,NE,-3.88,-3.52,-3.78
566580,2019-04-26,2019,CIN,2019-04-26 19:15:00,19,1,12,13,5,17,7,22,294,84.6,6,56,0.1071,0.2273,51.4,10.8,65.7,998.1,0.0,10.9,6.8,275.6,W,6.9,3.61,9.35
566581,2019-04-27,2019,CIN,2019-04-27 13:15:00,13,6,3,9,1,10,5,16,249,85.9,2,53,0.0377,0.0625,68.1,20.1,65.3,985.5,0.0,25.2,15.7,197.0,S,22.28,24.99,16.89
566582,2019-04-28,2019,CIN,2019-04-28 13:15:00,13,5,2,7,0,14,5,15,275,80.9,1,50,0.02,0.0,58.8,14.9,51.0,1001.3,0.0,14.0,8.7,107.7,E,-6.44,-1.79,-10.32
566583,2019-05-06,2019,PHI,2019-05-06 19:05:00,19,6,0,6,3,11,7,12,287,83.8,6,49,0.1224,0.25,64.5,18.0,67.3,999.3,0.0,9.8,6.1,156.7,SE,3.63,6.54,0.29
566584,2019-05-07,2019,PHI,2019-05-07 18:45:00,18,1,11,12,3,17,6,16,295,85.9,3,52,0.0577,0.1875,69.0,20.6,76.0,999.1,0.0,9.7,6.0,53.0,NE,-9.57,-8.53,-9.46
566585,2019-05-08,2019,PHI,2019-05-08 12:15:00,12,0,5,5,1,11,6,10,270,80.7,1,52,0.0192,0.1,79.0,26.1,60.0,991.9,0.0,26.7,16.6,167.7,S,14.39,21.2,5.85
566586,2019-05-09,2019,PIT,2019-05-09 18:45:00,18,17,4,21,1,16,10,26,324,85.1,4,62,0.0645,0.0385,55.5,13.0,72.0,997.5,0.0,15.8,9.8,315.7,NW,-0.18,-5.58,5.23
566587,2019-05-10,2019,PIT,2019-05-10 19:15:00,19,1,2,3,1,18,3,19,264,83.8,2,52,0.0385,0.0526,51.8,11.0,77.7,1003.1,0.0,7.9,4.9,130.7,SE,-0.6,2.14,-3.27
566588,2019-05-11,2019,PIT,2019-05-11 13:15:00,13,1,2,3,0,19,6,6,269,83.2,3,41,0.0732,0.0,50.3,10.2,79.7,996.2,2.5,12.5,7.8,36.7,NE,-12.37,-12.24,-11.0
566589,2019-05-12,2019,PIT,2019-05-12 13:15:00,13,6,10,16,3,12,9,26,330,86.0,5,65,0.0769,0.1154,55.3,13.0,67.3,992.9,0.4,11.6,7.2,312.6,NW,0.48,-3.52,4.43
566590,2019-05-22,2019,KC,2019-05-21 19:15:00,19,10,3,13,5,16,9,20,330,84.2,4,51,0.0784,0.25,67.6,19.8,88.0,989.6,15.4,11.0,6.9,222.3,SW,11.02,10.53,10.18
566591,2019-05-22,2019,KC,2019-05-22 12:15:00,12,2,8,10,1,13,9,12,285,84.7,1,51,0.0196,0.0833,83.3,28.5,46.3,993.9,0.0,22.7,14.1,185.0,S,17.39,21.33,11.35
566592,2019-05-24,2019,ATL,2019-05-24 19:15:00,19,2,5,7,4,22,0,19,269,85.9,4,49,0.0816,0.2105,78.9,26.0,71.0,997.0,0.0,12.0,7.4,190.3,S,9.84,11.58,6.92
566593,2019-05-25,2019,ATL,2019-05-25 18:15:00,18,6,3,9,1,10,5,16,238,85.4,2,53,0.0377,0.0625,80.1,26.7,73.7,998.3,0.0,9.5,5.9,188.9,S,7.68,9.13,5.3
566594,2019-05-26,2019,ATL,2019-05-26 18:05:00,18,3,4,7,0,18,12,12,368,82.3,0,54,0.0,0.0,74.5,23.6,84.7,999.5,0.2,3.3,2.1,16.3,N,-2.92,-3.29,-2.2
566595,2019-05-31,2019,CHC,2019-05-31 19:15:00,19,2,1,3,0,15,9,11,304,82.0,1,50,0.02,0.0,72.8,22.7,68.3,995.9,0.0,3.7,2.3,125.5,SE,-0.6,0.67,-1.8
566596,2019-06-01,2019,CHC,2019-06-01 18:15:00,18,7,4,11,5,22,3,19,298,85.2,5,47,0.1064,0.2632,74.2,23.5,71.3,992.1,0.0,13.3,8.2,247.3,SW,12.28,9.82,13.26
566597,2019-06-02,2019,CHC,2019-06-02 13:15:00,13,2,1,3,0,14,10,7,255,84.0,0,39,0.0,0.0,77.5,25.3,47.3,997.3,0.0,15.0,9.3,347.0,N,-7.97,-11.85,-3.13
566598,2019-06-04,2019,CIN,2019-06-04 19:15:00,19,1,4,5,2,18,6,16,306,82.6,4,52,0.0769,0.125,75.0,23.9,87.3,993.2,2.4,17.9,11.1,203.0,SW,16.63,17.92,13.33
566600,2019-06-06,2019,CIN,2019-06-06 12:15:00,12,3,1,4,1,17,5,14,273,81.9,3,48,0.0625,0.0714,76.9,25.0,76.7,993.6,0.2,4.0,2.5,319.5,NW,-0.31,-1.66,1.07
566601,2019-06-17,2019,MIA,2019-06-17 19:15:00,19,5,0,5,2,14,0,16,263,80.6,1,52,0.0192,0.125,69.8,21.0,97.3,996.3,1.2,9.5,5.9,21.7,N,-8.69,-9.45,-6.89
566602,2019-06-18,2019,MIA,2019-06-18 19:15:00,19,0,6,6,2,16,5,10,269,83.6,5,46,0.1087,0.2,73.1,22.8,93.7,993.3,1.7,3.0,1.9,317.2,NW,-0.12,-1.15,0.93
566603,2019-06-19,2019,MIA,2019-06-19 19:15:00,19,2,1,3,1,23,7,11,336,81.1,2,51,0.0392,0.0909,69.8,21.0,93.0,986.3,8.8,7.9,4.9,216.3,SW,7.81,7.75,6.93
566604,2019-06-20,2019,MIA,2019-06-20 18:15:00,18,6,7,13,3,20,5,27,383,87.2,6,70,0.0857,0.1111,75.0,23.9,73.3,993.1,0.0,4.5,2.8,173.3,S,2.81,3.86,1.42
566605,2019-06-21,2019,LAA,2019-06-21 19:15:00,19,5,1,6,1,13,8,16,302,84.0,2,51,0.0392,0.0625,72.3,22.4,81.7,992.5,0.0,12.7,7.9,148.8,SE,3.03,7.08,-1.38
566606,2019-06-22,2019,LAA,2019-06-22 13:15:00,13,4,2,6,3,14,4,11,276,82.2,2,49,0.0408,0.2727,85.9,29.9,64.3,996.1,0.0,5.7,3.5,117.3,SE,-1.73,0.23,-3.48
566607,2019-06-23,2019,LAA,2019-06-23 18:05:00,18,4,6,10,1,16,8,25,343,83.8,3,61,0.0492,0.04,74.2,23.4,84.7,989.7,0.2,14.1,8.8,222.0,SW,14.11,13.52,13.01
566608,2019-06-25,2019,ATH,2019-06-25 19:15:00,19,3,7,10,3,17,6,20,335,82.9,2,57,0.0351,0.15,76.2,24.6,75.0,998.1,0.0,8.9,5.5,195.7,S,7.73,8.75,5.78
566609,2019-06-26,2019,ATH,2019-06-26 18:15:00,18,0,2,2,2,19,2,13,283,80.7,3,48,0.0625,0.1538,73.6,23.1,80.0,1002.2,0.0,16.6,10.3,177.7,S,11.23,14.72,6.39
566610,2019-07-12,2019,AZ,2019-07-12 19:15:00,19,2,4,6,4,20,4,10,282,82.6,3,43,0.0698,0.4,77.7,25.4,69.0,996.9,0.0,8.0,5.0,93.4,E,-5.31,-2.94,-7.04
566611,2019-07-13,2019,AZ,2019-07-13 18:15:00,18,4,2,6,2,17,9,11,267,84.3,2,46,0.0435,0.1818,82.3,28.0,61.0,998.7,0.0,7.4,4.6,146.3,SE,1.45,3.83,-1.11
566612,2019-07-14,2019,AZ,2019-07-14 13:15:00,13,5,2,7,1,17,5,17,261,84.4,2,49,0.0408,0.0588,88.3,31.3,50.3,1001.7,0.1,15.8,9.8,184.7,S,12.04,14.82,7.82
566613,2019-07-15,2019,PIT,2019-07-15 19:15:00,19,7,0,7,2,13,4,16,263,84.7,4,50,0.08,0.125,73.3,23.0,94.0,995.6,4.4,15.5,9.6,135.0,SE,-0.0,5.29,-5.29
566614,2019-07-16,2019,PIT,2019-07-16 19:15:00,19,1,3,4,0,12,7,10,263,80.3,0,48,0.0,0.0,76.9,25.0,94.0,995.0,0.0,4.3,2.7,254.6,W,3.77,2.81,4.27
566615,2019-07-17,2019,PIT,2019-07-17 12:15:00,12,6,5,11,3,19,5,18,296,82.8,3,50,0.06,0.1667,88.8,31.5,67.3,997.4,0.2,8.0,5.0,195.7,S,6.97,7.89,5.21
566616,2019-07-26,2019,HOU,2019-07-26 19:15:00,19,5,3,8,3,20,8,13,300,81.9,3,44,0.0682,0.2308,75.2,24.0,71.7,1004.3,0.0,8.3,5.2,164.3,S,4.07,6.3,1.35
566617,2019-07-27,2019,HOU,2019-07-27 18:15:00,18,2,8,10,2,16,9,18,300,82.2,4,53,0.0755,0.1111,81.1,27.3,61.3,1003.0,0.0,9.1,5.7,191.0,S,7.57,8.86,5.36
566618,2019-07-28,2019,HOU,2019-07-28 13:15:00,13,2,6,8,4,22,5,22,330,85.3,4,54,0.0741,0.1818,90.1,32.3,38.3,999.9,0.0,19.6,12.2,198.7,S,17.6,19.51,13.56
566619,2019-07-30,2019,CHC,2019-07-30 19:15:00,19,2,1,3,1,21,6,13,279,85.4,2,42,0.0476,0.0769,74.0,23.3,73.7,1000.3,0.0,6.4,4.0,333.3,NW,-2.01,-3.97,0.18
566620,2019-07-31,2019,CHC,2019-07-31 19:15:00,19,0,2,2,0,17,2,17,280,77.1,2,53,0.0377,0.0,75.0,23.9,64.0,1002.2,0.0,9.8,6.1,44.0,NE,-9.83,-9.3,-9.18
566621,2019-08-01,2019,CHC,2019-08-01 18:15:00,18,8,0,8,1,20,4,15,277,83.9,1,46,0.0217,0.0667,74.7,23.7,61.7,1001.7,0.0,8.2,5.1,19.7,N,-7.41,-8.16,-5.76
566622,2019-08-09,2019,PIT,2019-08-09 19:15:00,19,6,2,8,1,15,4,17,263,84.7,4,50,0.08,0.0588,77.7,25.4,70.3,997.0,0.0,7.1,4.4,35.7,NE,-6.97,-6.94,-6.16
566623,2019-08-10,2019,PIT,2019-08-10 18:15:00,18,3,1,4,1,18,5,13,242,84.6,3,41,0.0732,0.0769,82.0,27.8,57.3,996.8,0.0,8.2,5.1,105.0,E,-4.08,-1.42,-6.26
566624,2019-08-11,2019,PIT,2019-08-11 13:15:00,13,11,9,20,6,15,5,27,321,83.1,7,60,0.1167,0.2222,87.3,30.7,64.3,997.3,0.0,8.8,5.5,237.0,SW,8.64,7.49,8.75
566625,2019-08-19,2019,MIL,2019-08-19 18:45:00,18,3,0,3,1,13,7,6,262,83.5,2,44,0.0455,0.1667,79.1,26.2,93.3,998.6,0.0,4.3,2.7,225.5,SW,4.33,4.06,4.08
566626,2019-08-20,2019,MIL,2019-08-20 18:45:00,18,9,4,13,0,19,11,22,349,83.9,2,52,0.0385,0.0,73.5,23.1,90.3,998.1,0.0,10.0,6.2,179.0,S,6.94,8.98,4.06
566627,2019-08-21,2019,MIL,2019-08-21 18:45:00,18,3,5,8,1,13,9,14,280,85.3,2,46,0.0435,0.0714,81.3,27.4,79.3,997.4,0.0,6.8,4.2,63.4,NE,-6.45,-5.33,-6.8
566628,2019-08-22,2019,COL,2019-08-22 18:45:00,18,6,5,11,4,13,7,17,271,86.2,4,53,0.0755,0.2353,73.1,22.8,93.3,997.8,2.0,3.7,2.3,8.9,N,-2.96,-3.52,-2.05
566629,2019-08-23,2019,COL,2019-08-23 19:15:00,19,8,3,11,1,13,8,18,293,86.2,2,56,0.0357,0.0556,73.6,23.1,71.7,1002.0,0.0,11.4,7.1,65.3,NE,-10.72,-8.71,-11.43
566630,2019-08-24,2019,COL,2019-08-24 18:15:00,18,6,0,6,2,12,11,10,290,84.2,3,46,0.0652,0.2,70.3,21.3,63.3,1001.7,0.0,8.9,5.5,73.7,E,-7.78,-5.86,-8.77
566631,2019-08-25,2019,COL,2019-08-25 13:15:00,13,11,4,15,4,19,11,22,362,83.8,4,53,0.0755,0.1818,75.7,24.3,77.7,996.0,1.8,10.5,6.5,103.7,E,-5.46,-2.06,-8.2
566599,2019-08-31,2019,CIN,2019-06-05 19:15:00,19,10,6,16,3,15,7,19,300,86.0,3,54,0.0556,0.1579,72.4,22.5,94.3,993.8,9.8,7.3,4.5,253.3,W,6.4,4.84,7.19
566633,2019-08-31,2019,CIN,2019-08-31 18:15:00,18,3,2,5,2,15,6,11,261,85.9,5,47,0.1064,0.1818,72.3,22.4,90.3,1001.3,0.0,11.2,7.0,41.3,NE,-11.21,-10.78,-10.29
566632,2019-09-01,2019,CIN,2019-08-30 19:15:00,19,3,5,8,3,22,7,13,320,83.3,3,45,0.0667,0.2308,71.3,21.8,91.7,1002.6,10.7,11.7,7.3,62.4,NE,-11.16,-9.29,-11.69
566634,2019-09-01,2019,CIN,2019-09-01 12:05:00,12,4,3,7,1,16,2,11,271,82.6,2,47,0.0426,0.0909,79.5,26.4,71.0,1001.5,0.2,12.6,7.8,303.4,NW,2.54,-1.85,6.62
566635,2019-09-02,2019,SF,2019-09-02 13:15:00,13,3,1,4,1,11,4,11,265,84.9,0,51,0.0,0.0909,82.0,27.8,58.3,1002.0,0.0,1.9,1.2,205.9,SW,1.76,1.87,1.45
566636,2019-09-03,2019,SF,2019-09-03 18:45:00,18,1,0,1,1,17,2,7,229,80.2,2,40,0.05,0.1429,82.5,28.0,77.0,996.5,0.0,11.9,7.4,203.0,SW,11.03,11.89,8.84
566637,2019-09-04,2019,SF,2019-09-04 18:45:00,18,8,9,17,4,14,8,28,365,81.2,6,70,0.0857,0.1429,73.2,22.9,70.7,1001.8,0.0,9.0,5.6,10.0,N,-7.37,-8.69,-5.16
566638,2019-09-05,2019,SF,2019-09-05 12:15:00,12,10,0,10,2,12,8,16,295,83.4,4,56,0.0714,0.125,77.6,25.3,57.3,1002.5,0.0,2.2,1.4,88.9,E,-1.61,-0.98,-2.04
566639,2019-09-13,2019,MIL,2019-09-13 19:15:00,19,10,0,10,2,21,12,10,327,82.9,3,38,0.0789,0.2,69.1,20.6,69.0,1004.8,0.0,7.5,4.7,329.0,NW,-1.82,-4.21,0.79
566640,2019-09-14,2019,MIL,2019-09-14 18:15:00,18,2,5,7,3,25,4,14,291,84.2,3,42,0.0714,0.2143,75.3,24.0,51.3,1003.3,0.0,10.6,6.6,153.0,SE,3.29,6.55,-0.37
566641,2019-09-15,2019,MIL,2019-09-15 13:15:00,13,6,7,13,6,16,7,17,309,84.0,6,54,0.1111,0.3529,90.7,32.6,46.3,999.8,0.0,12.2,7.6,219.3,SW,12.11,11.79,10.97
566642,2019-09-16,2019,WSH,2019-09-16 18:45:00,18,4,2,6,2,12,8,10,272,83.1,3,48,0.0625,0.2,79.3,26.3,85.3,999.9,0.0,5.0,3.1,33.9,NE,-4.87,-4.91,-4.25
566643,2019-09-17,2019,WSH,2019-09-17 18:45:00,18,2,6,8,1,21,8,18,309,84.6,2,50,0.04,0.0556,79.3,26.3,72.0,999.3,0.0,8.3,5.2,87.0,E,-6.19,-3.91,-7.73
566644,2019-09-18,2019,WSH,2019-09-18 12:15:00,12,5,1,6,2,15,3,17,257,81.7,2,51,0.0392,0.1176,87.4,30.8,55.3,1000.2,0.0,5.5,3.4,89.3,E,-3.94,-2.38,-5.01
566645,2019-09-27,2019,CHC,2019-09-27 19:15:00,19,2,8,10,3,25,12,18,381,83.0,3,48,0.0625,0.1667,79.7,26.5,63.0,990.1,0.0,20.5,12.8,185.0,S,15.73,19.3,10.27
566646,2019-09-28,2019,CHC,2019-09-28 18:15:00,18,6,8,14,6,21,7,22,342,83.4,8,54,0.1481,0.2727,76.1,24.5,81.0,998.9,0.2,7.4,4.6,80.2,E,-6.02,-4.21,-7.11
566647,2019-09-29,2019,CHC,2019-09-29 14:15:00,14,9,0,9,3,14,9,12,261,83.9,2,45,0.0444,0.25,84.9,29.4,65.0,1000.3,0.7,10.9,6.8,177.3,S,7.32,9.62,4.13
630989,2020-07-24,2020,PIT,2020-07-24 19:15:00,19,5,4,9,3,15,3,17,262,81.1,1,51,0.0196,0.1765,79.5,26.4,88.0,1001.4,0.1,6.6,4.1,118.0,SE,-1.93,0.35,-3.97
630992,2020-07-25,2020,PIT,2020-07-25 13:15:00,13,9,1,10,1,14,4,13,253,80.1,2,51,0.0392,0.0769,86.4,30.2,68.0,1000.6,0.8,11.7,7.2,163.3,S,5.52,8.71,1.68
630993,2020-07-26,2020,PIT,2020-07-26 13:15:00,13,1,5,6,2,17,6,13,267,86.9,2,45,0.0444,0.1538,88.6,31.5,63.3,999.9,0.6,9.8,6.1,215.3,SW,9.69,9.67,8.54
630996,2020-08-17,2020,CHC,2020-08-07 19:15:00,19,4,5,9,4,16,13,8,254,82.5,4,32,0.125,0.5,73.9,23.3,69.0,1002.3,0.0,8.5,5.3,128.7,SE,-0.94,2.02,-3.79
630997,2020-08-19,2020,CHC,2020-08-08 19:15:00,19,2,4,6,0,17,5,9,234,85.9,3,32,0.0938,0.0,77.4,25.2,91.3,1001.7,3.9,9.1,5.6,135.0,SE,-0.0,3.1,-3.1
630986,2020-08-20,2020,CIN,2020-08-20 19:15:00,19,5,4,9,1,17,9,15,304,82.8,0,50,0.0,0.0667,69.7,21.0,69.3,996.6,0.0,7.6,4.7,86.0,E,-5.76,-3.7,-7.13
630990,2020-08-21,2020,CIN,2020-08-21 19:15:00,19,2,4,6,1,16,9,5,300,77.2,4,44,0.0909,0.2,71.2,21.8,78.7,996.2,0.0,8.2,5.1,95.2,E,-5.23,-2.77,-7.06
630991,2020-08-22,2020,CIN,2020-08-22 19:15:00,19,3,0,3,1,10,7,11,252,81.7,2,48,0.0417,0.0909,74.7,23.7,75.3,996.7,0.0,7.6,4.7,173.0,S,4.66,6.42,2.34
630976,2020-08-23,2020,CIN,2020-08-23 13:15:00,13,6,2,8,3,11,12,15,311,81.4,3,53,0.0566,0.2,89.1,31.7,44.7,998.3,0.0,6.6,4.1,236.6,SW,6.46,5.62,6.53
630977,2020-08-24,2020,KC,2020-08-24 19:15:00,19,9,3,12,2,11,9,16,324,84.0,4,58,0.069,0.125,80.1,26.7,80.0,999.8,0.0,6.3,3.9,23.6,NE,-5.9,-6.33,-4.75
630978,2020-08-25,2020,KC,2020-08-25 19:15:00,19,4,5,9,1,15,9,18,291,84.1,2,51,0.0392,0.0556,79.7,26.5,73.3,999.8,0.0,7.9,4.9,151.0,SE,2.17,4.62,-0.55
630979,2020-08-26,2020,KC,2020-08-26 19:15:00,19,6,5,11,2,20,13,16,334,81.0,2,48,0.0417,0.125,76.8,24.9,92.0,997.1,0.0,11.0,6.8,178.3,S,7.55,9.83,4.36
630999,2020-08-27,2020,PIT,2020-08-10 19:15:00,19,3,4,7,1,7,6,13,246,81.4,2,53,0.0377,0.0769,72.7,22.6,91.7,997.7,2.2,14.2,8.8,117.2,SE,-4.36,0.54,-8.73
631000,2020-08-27,2020,PIT,2020-08-11 19:15:00,19,0,2,2,0,6,4,11,193,86.7,2,45,0.0444,0.0,73.3,23.0,94.3,998.8,2.1,8.4,5.2,47.5,NE,-8.36,-7.73,-7.98
630980,2020-08-28,2020,CLE,2020-08-28 19:15:00,19,2,14,16,4,10,13,26,412,82.1,3,66,0.0455,0.1538,78.2,25.7,90.7,990.2,0.0,5.0,3.1,266.3,W,3.78,2.42,4.69
630981,2020-08-29,2020,CLE,2020-08-29 12:15:00,12,1,2,3,1,23,11,9,377,79.6,3,52,0.0577,0.1111,81.3,27.4,60.7,994.8,0.1,14.1,8.7,326.3,NW,-2.76,-7.31,2.13
630982,2020-08-30,2020,CLE,2020-08-30 13:15:00,13,7,2,9,2,13,4,15,255,80.3,2,49,0.0408,0.1333,80.7,27.1,49.0,992.4,0.0,6.9,4.3,113.7,SE,-2.51,-0.16,-4.56
630998,2020-09-05,2020,CHC,2020-08-09 18:08:00,18,5,1,6,2,12,8,9,223,82.0,3,34,0.0882,0.2222,78.1,25.6,93.3,998.8,5.2,6.1,3.8,122.7,SE,-1.3,0.82,-3.26
630983,2020-09-08,2020,MIN,2020-09-08 14:15:00,14,3,7,10,4,16,4,15,263,83.9,1,41,0.0244,0.2667,79.1,26.2,77.0,997.5,1.0,7.1,4.4,189.4,S,5.74,6.81,3.99
630984,2020-09-08,2020,MIN,2020-09-08 14:20:00,14,6,4,10,2,13,9,12,256,82.3,2,39,0.0513,0.1667,79.1,26.2,77.0,997.5,1.0,7.1,4.4,189.4,S,5.74,6.81,3.99
630994,2020-09-10,2020,DET,2020-08-05 14:15:00,14,12,2,14,6,13,6,17,279,81.5,4,42,0.0952,0.3529,75.4,24.1,45.0,1001.7,0.0,3.0,1.9,60.5,NE,-2.89,-2.44,-2.99
630995,2020-09-10,2020,DET,2020-08-06 12:10:00,12,3,6,9,3,15,7,19,244,83.3,5,42,0.119,0.1579,78.0,25.5,48.3,1002.5,0.0,4.6,2.8,90.3,E,-3.21,-1.91,-4.13
630985,2020-09-11,2020,CIN,2020-09-11 19:15:00,19,1,3,4,1,14,5,10,255,80.4,1,47,0.0213,0.1,77.0,25.0,73.0,1000.3,0.0,9.0,5.6,131.3,SE,-0.58,2.53,-3.61
630988,2020-09-12,2020,CIN,2020-09-12 19:15:00,19,7,1,8,4,16,10,12,291,84.0,4,45,0.0889,0.3333,68.2,20.1,95.0,997.6,0.0,7.1,4.4,230.9,SW,7.03,6.36,6.85
630961,2020-09-13,2020,CIN,2020-09-13 13:15:00,13,5,10,15,3,22,12,21,389,84.5,7,52,0.1346,0.1429,76.9,25.0,53.7,1001.8,0.0,9.9,6.2,349.3,N,-5.58,-8.04,-2.45
630987,2020-09-18,2020,PIT,2020-08-12 13:15:00,13,7,2,9,2,21,4,10,226,76.5,2,29,0.069,0.2,83.2,28.5,67.0,999.1,0.0,4.8,3.0,94.3,E,-3.11,-1.69,-4.16
630975,2020-09-24,2020,MIL,2020-09-24 19:15:00,19,4,2,6,1,21,8,19,346,79.4,3,48,0.0625,0.0526,63.7,17.6,79.7,996.2,0.0,8.1,5.0,154.7,SE,2.73,5.17,-0.05
630963,2020-09-25,2020,MIL,2020-09-25 16:15:00,16,0,3,3,1,14,5,11,224,81.2,2,34,0.0588,0.0909,75.9,24.4,58.3,995.6,0.0,11.6,7.2,151.6,SE,3.31,6.9,-0.68
630964,2020-09-26,2020,MIL,2020-09-26 18:07:00,18,0,3,3,2,20,3,11,245,78.2,2,44,0.0455,0.1818,72.7,22.6,66.0,992.4,0.0,18.0,11.2,176.7,S,11.99,15.87,6.66
630965,2020-09-27,2020,MIL,2020-09-27 14:15:00,14,5,2,7,1,18,7,12,294,80.7,6,43,0.1395,0.0833,79.6,26.5,59.0,990.4,0.0,6.1,3.8,178.3,S,4.19,5.45,2.42
634568,2021-04-08,2021,MIL,2021-04-08 15:15:00,15,3,1,4,1,23,5,11,293,82.4,2,39,0.0513,0.0909,57.3,14.1,61.7,985.4,0.3,18.8,11.7,235.7,SW,18.47,16.17,18.55
632222,2021-04-10,2021,MIL,2021-04-10 13:15:00,13,5,9,14,3,13,11,24,365,84.0,8,62,0.129,0.125,56.4,13.5,67.0,980.1,0.3,34.2,21.3,246.7,SW,31.78,25.55,34.19
632196,2021-04-11,2021,MIL,2021-04-11 13:15:00,13,3,9,12,3,12,12,17,329,86.8,5,57,0.0877,0.1765,66.7,19.3,32.0,983.6,0.0,25.4,15.8,287.7,W,11.65,3.24,18.65
632230,2021-04-12,2021,WSH,2021-04-12 18:45:00,18,2,5,7,2,20,7,18,293,82.6,3,50,0.06,0.1111,55.5,13.1,62.0,998.3,0.2,7.3,4.6,332.0,NW,-2.14,-4.41,0.39
634502,2021-04-13,2021,WSH,2021-04-13 18:45:00,18,14,3,17,3,16,9,21,319,82.0,6,56,0.1071,0.1429,57.3,14.0,46.7,1003.3,0.0,3.7,2.3,12.0,N,-3.08,-3.57,-2.21
634541,2021-04-14,2021,WSH,2021-04-14 12:15:00,12,0,6,6,1,17,10,13,298,80.4,2,48,0.0417,0.0769,59.4,15.2,44.0,1002.8,0.0,12.9,8.0,315.7,NW,-0.15,-4.54,4.26
634378,2021-04-23,2021,CIN,2021-04-23 19:15:00,19,5,4,9,2,26,8,14,298,82.0,4,39,0.1026,0.1429,54.5,12.5,68.7,995.2,0.0,13.3,8.2,132.3,SE,-0.62,3.95,-5.11
634395,2021-04-24,2021,CIN,2021-04-24 13:15:00,13,2,0,2,0,8,4,10,244,82.7,3,53,0.0566,0.0,55.9,13.3,86.0,993.2,2.6,15.1,9.4,356.7,N,-10.05,-13.3,-5.6
634456,2021-04-25,2021,CIN,2021-04-25 13:15:00,13,5,2,7,3,13,4,14,281,82.4,4,49,0.0816,0.2143,64.9,18.3,45.7,1000.0,0.0,5.5,3.4,113.9,SE,-1.98,-0.11,-3.62
634345,2021-04-26,2021,PHI,2021-04-26 18:45:00,18,1,2,3,2,17,3,8,232,84.3,2,42,0.0476,0.25,70.1,21.2,54.3,990.9,0.0,24.3,15.1,173.3,S,15.09,20.71,7.65
634318,2021-04-27,2021,PHI,2021-04-27 18:45:00,18,5,2,7,0,16,2,15,249,84.8,5,50,0.1,0.0,74.2,23.4,65.7,992.0,0.0,17.2,10.7,194.7,S,14.82,16.89,10.96
634314,2021-04-28,2021,PHI,2021-04-28 18:45:00,18,3,5,8,3,18,7,14,285,79.6,4,48,0.0833,0.2143,68.1,20.0,91.7,992.4,2.7,12.3,7.7,177.7,S,8.36,10.96,4.75
634352,2021-04-29,2021,PHI,2021-04-29 12:15:00,12,4,3,7,1,24,3,14,285,81.3,2,45,0.0444,0.0714,70.0,21.1,65.0,995.6,0.1,20.5,12.8,333.3,NW,-6.46,-12.74,0.6
634292,2021-05-03,2021,NYM,2021-05-03 18:45:00,18,6,5,11,3,12,9,16,303,83.0,4,52,0.0769,0.1875,70.2,21.2,81.0,986.8,0.5,10.3,6.4,251.4,W,9.23,7.1,10.24
634239,2021-05-05,2021,NYM,2021-05-04 18:45:00,18,2,7,9,2,5,4,20,220,82.3,5,56,0.0893,0.1,55.5,13.1,88.0,995.5,0.7,10.4,6.4,330.4,NW,-2.74,-6.0,0.84
634250,2021-05-05,2021,NYM,2021-05-05 16:15:00,16,4,1,5,2,13,5,10,212,79.8,3,38,0.0789,0.2,64.9,18.3,43.7,1002.4,0.0,4.0,2.5,359.7,N,-2.79,-3.58,-1.65
634223,2021-05-06,2021,NYM,2021-05-06 12:15:00,12,1,4,5,0,21,11,12,320,80.4,2,47,0.0426,0.0,64.1,17.8,51.3,1000.4,0.6,24.5,15.2,309.7,NW,2.25,-6.23,10.46
634200,2021-05-07,2021,COL,2021-05-07 19:15:00,19,5,0,5,2,17,2,12,262,82.0,2,46,0.0435,0.1667,60.4,15.8,56.7,998.1,0.0,8.8,5.5,326.0,NW,-1.68,-4.53,1.38
634165,2021-05-08,2021,COL,2021-05-08 13:15:00,13,9,8,17,1,11,12,23,331,81.2,1,61,0.0164,0.0435,58.9,15.0,47.7,997.5,0.2,21.7,13.5,124.3,SE,-4.02,3.52,-11.09
634194,2021-05-09,2021,COL,2021-05-09 13:15:00,13,2,0,2,1,12,7,11,246,80.6,2,49,0.0408,0.0909,53.6,12.0,68.0,994.9,0.0,23.1,14.3,352.0,N,-13.88,-19.35,-6.74
634109,2021-05-18,2021,PIT,2021-05-18 18:45:00,18,5,2,7,1,11,5,17,259,83.6,3,57,0.0526,0.0588,66.6,19.2,90.3,1000.2,1.2,19.3,12.0,144.7,SE,3.25,9.57,-3.46
634026,2021-05-19,2021,PIT,2021-05-19 18:45:00,18,8,5,13,1,20,13,19,335,83.6,3,50,0.06,0.0526,72.9,22.7,67.0,1002.3,0.0,14.9,9.3,132.7,SE,-0.61,4.53,-5.67
634022,2021-05-21,2021,CHC,2021-05-21 19:15:00,19,3,12,15,1,11,7,21,291,82.6,3,62,0.0484,0.0476,73.7,23.2,64.7,1008.7,0.0,10.6,6.6,137.7,SE,0.49,4.07,-3.15
634032,2021-05-22,2021,CHC,2021-05-22 18:15:00,18,2,1,3,1,18,3,11,229,81.3,1,44,0.0227,0.0909,73.3,23.0,80.0,1007.6,0.0,6.2,3.8,354.3,N,-3.9,-5.3,-2.03
633973,2021-05-23,2021,CHC,2021-05-23 18:08:00,18,1,2,3,1,17,9,9,316,78.1,3,52,0.0577,0.1111,76.8,24.9,65.7,1003.2,0.0,7.3,4.5,191.8,S,6.11,7.11,4.37
633809,2021-06-03,2021,CIN,2021-06-03 19:15:00,19,2,4,6,1,15,7,16,288,81.8,3,53,0.0566,0.0625,69.0,20.6,71.3,997.0,0.0,7.2,4.5,240.0,SW,6.95,5.9,7.17
633825,2021-06-04,2021,CIN,2021-06-04 19:15:00,19,4,6,10,3,17,8,16,309,80.6,4,52,0.0769,0.1875,72.4,22.4,68.7,997.9,0.0,8.6,5.4,161.3,S,3.83,6.25,0.95
633797,2021-06-05,2021,CIN,2021-06-05 13:15:00,13,2,5,7,2,18,5,16,278,81.2,6,53,0.1132,0.125,85.3,29.6,39.7,996.7,0.0,13.7,8.5,197.3,S,12.1,13.54,9.2
633808,2021-06-06,2021,CIN,2021-06-06 13:15:00,13,7,8,15,4,20,8,24,346,83.2,5,55,0.0909,0.1667,82.7,28.2,58.7,994.6,0.2,19.9,12.3,161.7,S,8.92,14.45,2.31
633778,2021-06-08,2021,CLE,2021-06-08 19:15:00,19,1,10,11,1,23,6,21,303,82.9,1,51,0.0196,0.0476,72.3,22.4,94.7,996.6,0.1,4.5,2.8,155.4,SE,1.57,2.92,0.03
633775,2021-06-09,2021,CLE,2021-06-09 19:15:00,19,8,2,10,3,18,4,13,286,79.9,3,46,0.0652,0.2308,74.6,23.7,93.3,997.1,0.0,3.8,2.4,238.7,SW,3.69,3.16,3.78
633727,2021-06-14,2021,MIA,2021-06-14 19:15:00,19,4,2,6,0,13,6,15,262,81.9,2,49,0.0408,0.0,80.4,26.9,45.3,997.7,0.0,14.0,8.7,21.7,N,-12.89,-14.01,-10.21
633694,2021-06-15,2021,MIA,2021-06-15 19:15:00,19,2,1,3,1,19,7,9,265,77.5,1,39,0.0256,0.1111,76.3,24.6,60.3,999.2,0.0,8.7,5.4,42.0,NE,-8.69,-8.32,-8.01
633709,2021-06-16,2021,MIA,2021-06-16 12:15:00,12,1,0,1,0,13,2,12,225,82.0,0,49,0.0,0.0,85.7,29.8,40.7,1000.1,0.0,6.0,3.7,25.7,NE,-5.69,-6.03,-4.67
633502,2021-06-24,2021,PIT,2021-06-24 19:15:00,19,2,8,10,3,7,13,16,308,83.9,3,59,0.0508,0.1875,78.5,25.8,85.0,996.3,0.1,13.7,8.5,154.3,SE,4.53,8.68,-0.16
633498,2021-06-25,2021,PIT,2021-06-25 19:15:00,19,4,5,9,2,13,9,18,309,82.6,2,57,0.0351,0.1111,80.5,27.0,84.7,993.5,1.7,18.7,11.6,169.8,S,10.66,15.26,4.77
633589,2021-06-26,2021,PIT,2021-06-26 13:15:00,13,3,1,4,3,14,5,13,254,81.5,4,48,0.0833,0.2308,90.6,32.6,49.7,992.9,0.1,26.9,16.7,210.9,SW,26.06,26.72,22.25
633482,2021-06-27,2021,PIT,2021-06-27 13:15:00,13,2,7,9,2,17,7,15,279,82.3,3,50,0.06,0.1333,84.1,28.9,74.7,997.3,10.4,13.0,8.1,211.5,SW,12.64,12.92,10.84
633490,2021-06-28,2021,AZ,2021-06-28 19:15:00,19,7,1,8,2,11,4,17,320,81.5,2,58,0.0345,0.1176,76.2,24.5,92.7,1003.0,1.8,4.1,2.6,75.7,E,-3.55,-2.62,-4.06
633508,2021-06-29,2021,AZ,2021-06-29 19:15:00,19,3,2,5,1,19,9,12,295,79.4,1,43,0.0233,0.0833,77.5,25.3,89.0,1003.6,0.0,5.1,3.1,17.7,N,-4.5,-5.03,-3.44
633426,2021-06-30,2021,AZ,2021-06-30 12:15:00,12,7,4,11,0,9,8,18,299,84.4,4,60,0.0667,0.0,78.7,25.9,81.7,1001.4,0.3,3.8,2.4,326.4,NW,-0.75,-1.98,0.57
633285,2021-07-16,2021,SF,2021-07-16 19:15:00,19,2,7,9,4,17,6,21,308,81.0,4,58,0.069,0.1905,72.8,22.7,94.0,997.6,0.1,5.2,3.3,286.3,W,2.51,0.79,3.93
633281,2021-07-17,2021,SF,2021-07-17 18:15:00,18,3,1,4,2,8,4,13,249,83.0,4,55,0.0727,0.1538,77.3,25.2,70.3,1001.4,0.0,8.3,5.1,49.0,NE,-8.25,-7.55,-7.95
633228,2021-07-18,2021,SF,2021-07-18 13:15:00,13,2,1,3,2,18,7,10,278,82.2,3,43,0.0698,0.2,83.1,28.4,52.7,1001.9,0.1,11.5,7.1,48.7,NE,-11.44,-10.5,-11.0
633226,2021-07-19,2021,CHC,2021-07-19 19:15:00,19,8,3,11,3,17,3,19,269,83.4,4,53,0.0755,0.1579,75.0,23.9,72.0,1002.0,0.0,8.7,5.4,29.7,NE,-8.42,-8.7,-7.12
633230,2021-07-20,2021,CHC,2021-07-20 19:15:00,19,6,7,13,3,23,7,16,337,83.4,3,48,0.0625,0.1875,74.3,23.5,80.3,1000.3,0.0,7.4,4.6,15.0,N,-6.38,-7.25,-4.74
633241,2021-07-21,2021,CHC,2021-07-21 19:15:00,19,3,2,5,0,15,4,20,301,80.6,4,60,0.0667,0.0,78.8,26.0,83.3,1002.2,0.1,4.1,2.5,243.0,SW,3.9,3.23,4.1
633178,2021-07-22,2021,CHC,2021-07-22 18:15:00,18,3,2,5,2,19,8,8,262,83.0,4,38,0.1053,0.25,81.0,27.2,71.0,1002.4,0.0,6.4,4.0,183.0,S,4.73,5.9,2.99
633119,2021-07-30,2021,MIN,2021-07-30 19:15:00,19,5,1,6,0,9,5,17,258,82.9,0,56,0.0,0.0,77.5,25.3,68.7,1001.1,0.0,10.7,6.6,76.0,E,-9.17,-6.73,-10.5
633127,2021-07-31,2021,MIN,2021-07-31 18:15:00,18,1,8,9,1,24,5,17,293,83.5,2,47,0.0426,0.0588,72.7,22.6,81.3,998.0,0.1,13.6,8.5,357.3,N,-9.16,-12.05,-5.17
633024,2021-08-01,2021,MIN,2021-08-01 13:15:00,13,7,3,10,2,13,4,18,256,82.1,4,55,0.0727,0.1111,82.5,28.1,52.0,999.8,0.0,14.3,8.9,347.0,N,-7.58,-11.27,-2.97
633032,2021-08-03,2021,ATL,2021-08-03 19:15:00,19,1,6,7,2,13,4,18,275,82.4,3,54,0.0556,0.1111,70.2,21.2,68.3,1000.9,0.0,7.4,4.6,45.7,NE,-7.37,-6.89,-6.95
633037,2021-08-04,2021,ATL,2021-08-04 19:15:00,19,4,7,11,3,15,5,17,315,83.0,5,56,0.0893,0.1765,75.8,24.3,57.0,1002.0,0.0,2.1,1.3,19.3,N,-1.89,-2.09,-1.47
633043,2021-08-05,2021,ATL,2021-08-05 19:15:00,19,4,8,12,3,7,11,15,319,85.9,6,58,0.1034,0.2,77.1,25.1,53.0,1000.3,0.0,9.3,5.8,158.7,S,3.72,6.4,0.59
632982,2021-08-06,2021,KC,2021-08-06 19:15:00,19,4,2,6,2,18,5,16,256,84.6,3,47,0.0638,0.125,79.2,26.2,69.3,998.4,0.0,10.9,6.8,181.7,S,7.95,10.04,4.91
632968,2021-08-07,2021,KC,2021-08-07 18:15:00,18,5,2,7,1,16,7,15,289,80.6,3,48,0.0625,0.0667,83.8,28.8,60.7,996.8,0.0,12.0,7.5,150.3,SE,3.18,6.95,-0.98
632985,2021-08-08,2021,KC,2021-08-08 13:15:00,13,5,6,11,1,15,8,18,331,80.6,3,56,0.0536,0.0556,91.2,32.9,42.7,994.8,0.0,21.9,13.6,188.7,S,17.64,21.02,12.14
632884,2021-08-17,2021,MIL,2021-08-17 18:45:00,18,0,2,2,0,14,5,18,285,82.1,2,56,0.0357,0.0,79.0,26.1,65.7,997.2,0.0,6.9,4.3,76.7,E,-5.9,-4.3,-6.79
632844,2021-08-18,2021,MIL,2021-08-18 18:45:00,18,4,6,10,3,24,6,16,322,80.8,2,53,0.0377,0.1875,80.5,27.0,63.3,1000.9,0.0,7.7,4.8,173.0,S,4.72,6.5,2.37
632845,2021-08-19,2021,MIL,2021-08-19 18:45:00,18,8,4,12,2,12,8,16,280,82.9,4,54,0.0741,0.125,81.0,27.2,70.0,998.2,0.0,6.1,3.8,89.4,E,-4.38,-2.65,-5.59
632815,2021-08-20,2021,PIT,2021-08-20 19:15:00,19,0,4,4,1,18,6,14,285,83.5,0,49,0.0,0.0714,80.5,27.0,76.0,993.8,0.0,8.4,5.2,177.7,S,5.72,7.49,3.25
632810,2021-08-21,2021,PIT,2021-08-21 18:15:00,18,4,5,9,2,19,4,22,291,82.8,3,55,0.0545,0.0909,79.6,26.5,78.7,995.0,0.1,7.0,4.3,338.0,N,-2.72,-4.75,-0.37
632794,2021-08-22,2021,PIT,2021-08-22 13:15:00,13,3,0,3,1,14,3,13,269,83.9,2,49,0.0408,0.0769,88.3,31.3,43.7,997.9,0.0,7.3,4.5,353.3,N,-4.53,-6.21,-2.3
632781,2021-08-24,2021,DET,2021-08-24 18:45:00,18,3,4,7,2,13,10,13,291,85.8,3,51,0.0588,0.1538,86.6,30.3,71.7,996.9,0.0,14.7,9.2,159.3,S,6.06,10.29,1.1
632751,2021-08-25,2021,DET,2021-08-25 12:15:00,12,3,2,5,2,22,8,16,325,80.2,3,49,0.0612,0.125,96.6,35.9,38.7,1000.5,0.0,9.2,5.7,159.7,S,3.85,6.49,0.75
632628,2021-09-06,2021,LAD,2021-09-06 15:15:00,15,1,5,6,1,20,2,11,252,82.6,1,44,0.0227,0.0909,85.6,29.8,42.0,996.4,0.0,5.9,3.6,255.9,W,5.03,3.7,5.76
632558,2021-09-07,2021,LAD,2021-09-07 18:45:00,18,2,7,9,4,13,3,19,282,83.7,8,60,0.1333,0.2105,81.6,27.5,58.3,991.3,0.9,14.5,9.0,210.3,SW,14.03,14.44,11.93
632643,2021-09-08,2021,LAD,2021-09-08 18:45:00,18,5,4,9,3,12,2,14,229,82.3,4,52,0.0769,0.2143,70.6,21.5,51.3,996.7,0.0,9.6,6.0,326.0,NW,-1.84,-4.96,1.51
632564,2021-09-09,2021,LAD,2021-09-09 12:15:00,12,2,1,3,1,18,6,9,263,83.0,0,42,0.0,0.1111,77.5,25.3,43.7,1000.4,0.0,11.6,7.2,331.0,NW,-3.21,-6.84,0.81
632534,2021-09-10,2021,CIN,2021-09-10 19:15:00,19,2,4,6,3,14,6,11,269,80.7,4,51,0.0784,0.2727,74.6,23.7,60.0,998.5,0.0,15.3,9.5,169.3,S,8.63,12.43,3.79
632525,2021-09-11,2021,CIN,2021-09-11 18:15:00,18,6,4,10,4,12,3,17,251,80.7,5,52,0.0962,0.2353,79.3,26.3,56.0,998.6,0.0,17.9,11.1,186.3,S,13.95,16.93,9.29
632516,2021-09-12,2021,CIN,2021-09-12 13:15:00,13,2,0,2,1,16,2,8,240,83.0,2,43,0.0465,0.125,90.5,32.5,41.3,1000.7,0.0,19.4,12.1,193.7,S,16.57,19.02,12.12
632436,2021-09-17,2021,SD,2021-09-17 19:15:00,19,8,2,10,3,16,7,13,287,82.7,6,47,0.1277,0.2308,76.5,24.7,80.7,1001.3,0.0,7.0,4.4,200.2,S,6.39,7.01,4.99
632488,2021-09-18,2021,SD,2021-09-18 18:15:00,18,3,2,5,1,13,2,14,246,84.8,3,51,0.0588,0.0714,76.5,24.7,86.7,1000.9,0.0,4.6,2.9,40.1,NE,-4.58,-4.44,-4.17
632443,2021-09-19,2021,SD,2021-09-19 13:15:00,13,8,7,15,1,12,4,21,280,81.1,3,58,0.0517,0.0476,84.6,29.2,54.7,997.7,0.4,19.6,12.2,121.3,SE,-4.63,2.16,-10.85
632314,2021-09-28,2021,MIL,2021-09-28 18:45:00,18,6,2,8,4,13,3,20,255,83.1,4,56,0.0714,0.2,76.0,24.5,62.3,995.3,0.0,8.8,5.4,140.6,SE,0.86,3.79,-2.17
632301,2021-09-29,2021,MIL,2021-09-29 18:45:00,18,0,4,4,2,21,7,12,286,80.8,2,43,0.0465,0.1667,76.0,24.4,66.3,998.5,0.0,7.7,4.8,145.0,SE,1.33,3.85,-1.34
632281,2021-09-30,2021,MIL,2021-09-30 12:15:00,12,4,3,7,3,16,4,14,257,84.4,6,46,0.1304,0.2143,84.1,29.0,51.7,1001.6,0.0,14.0,8.7,137.0,SE,0.49,5.26,-4.34
632266,2021-10-01,2021,CHC,2021-10-01 19:15:00,19,4,3,7,3,15,9,17,296,80.0,5,51,0.098,0.1765,70.9,21.6,93.7,1001.9,4.1,11.1,6.9,160.3,S,4.74,7.87,1.03
632257,2021-10-02,2021,CHC,2021-10-02 18:15:00,18,5,6,11,3,17,10,17,327,82.2,4,51,0.0784,0.1765,70.8,21.6,92.3,996.4,0.3,6.2,3.9,178.3,S,4.28,5.57,2.47
632238,2021-10-03,2021,CHC,2021-10-03 14:15:00,14,2,3,5,1,12,4,12,208,81.5,3,40,0.075,0.0833,74.7,23.7,65.7,994.0,0.6,14.3,8.9,289.3,W,6.19,1.41,10.23
662021,2022-04-07,2022,PIT,2022-04-07 15:15:00,15,9,0,9,3,14,9,14,289,81.8,4,49,0.0816,0.2143,49.1,9.5,41.7,990.4,0.0,29.4,18.3,283.3,W,15.43,5.95,23.06
662020,2022-04-09,2022,PIT,2022-04-09 13:15:00,13,6,2,8,1,14,8,19,315,82.1,3,55,0.0545,0.0526,54.9,12.7,36.3,996.7,0.0,12.9,8.0,305.3,NW,2.17,-2.31,6.39
662019,2022-04-10,2022,PIT,2022-04-10 13:15:00,13,4,9,13,2,15,5,22,318,84.0,3,59,0.0508,0.0909,72.9,22.7,51.0,985.8,0.0,29.5,18.3,158.3,S,11.68,20.24,1.71
662017,2022-04-12,2022,KC,2022-04-12 18:45:00,18,6,5,11,6,15,4,18,255,86.2,7,53,0.1321,0.3333,72.4,22.5,67.0,988.2,0.0,25.9,16.1,179.3,S,18.12,23.37,10.69
662008,2022-04-25,2022,NYM,2022-04-25 18:45:00,18,2,5,7,1,20,4,14,282,77.9,1,49,0.0204,0.0714,52.6,11.5,57.7,1006.2,0.0,8.1,5.0,305.7,NW,1.31,-1.49,3.95
662007,2022-04-26,2022,NYM,2022-04-26 18:45:00,18,0,3,3,0,13,8,11,295,81.9,6,48,0.125,0.0,53.4,11.9,56.0,1008.9,0.0,5.5,3.4,88.1,E,-3.99,-2.48,-5.03
662048,2022-04-27,2022,NYM,2022-04-27 12:15:00,12,10,5,15,0,18,5,27,320,81.1,2,56,0.0357,0.0,70.3,21.3,32.7,1004.8,0.0,16.1,10.0,197.0,S,14.25,15.98,10.8
662047,2022-04-28,2022,AZ,2022-04-28 18:45:00,18,8,3,11,1,11,6,21,295,85.8,5,60,0.0833,0.0476,60.8,16.0,78.0,999.7,0.3,5.0,3.1,250.4,W,4.52,3.51,4.98
662037,2022-04-29,2022,AZ,2022-04-29 19:15:00,19,2,6,8,1,13,9,14,314,82.6,2,53,0.0377,0.0714,65.9,18.8,62.0,991.2,0.0,21.2,13.2,131.0,SE,-1.48,5.85,-8.63
662036,2022-04-30,2022,AZ,2022-04-30 13:15:00,13,0,2,2,2,13,1,7,254,82.6,3,50,0.06,0.2857,74.5,23.6,68.7,987.6,0.8,29.8,18.5,196.3,S,26.18,29.49,19.7
661988,2022-05-01,2022,AZ,2022-05-01 13:15:00,13,7,5,12,6,18,5,16,308,80.3,7,49,0.1429,0.375,67.4,19.7,45.7,996.2,0.0,21.3,13.2,260.3,W,17.38,12.12,20.54
662009,2022-05-02,2022,KC,2022-04-13 12:15:00,12,1,0,1,1,12,1,9,268,80.6,4,47,0.0851,0.1111,67.1,19.5,86.3,983.6,3.6,21.7,13.5,172.3,S,13.16,18.28,6.45
661987,2022-05-10,2022,BAL,2022-05-10 18:45:00,18,3,5,8,4,19,1,18,266,83.6,3,49,0.0612,0.2222,76.8,24.9,88.3,999.4,0.0,12.2,7.6,188.0,S,9.74,11.67,6.64
662006,2022-05-11,2022,BAL,2022-05-11 18:45:00,18,10,1,11,1,13,6,16,301,82.8,5,54,0.0926,0.0625,82.9,28.3,75.7,1000.3,0.0,11.6,7.2,131.3,SE,-0.74,3.25,-4.65
662005,2022-05-12,2022,BAL,2022-05-12 12:15:00,12,2,3,5,3,16,3,14,288,81.7,3,49,0.0612,0.2143,89.1,31.7,56.7,999.1,0.0,9.4,5.8,153.3,SE,2.95,5.82,-0.28
661986,2022-05-13,2022,SF,2022-05-13 19:15:00,19,2,8,10,2,9,10,14,292,83.3,3,56,0.0536,0.1429,72.8,22.7,79.0,994.6,0.0,8.1,5.0,269.6,W,5.76,3.47,7.36
661985,2022-05-14,2022,SF,2022-05-14 13:15:00,13,4,0,4,1,12,5,17,282,84.0,2,54,0.037,0.0588,82.6,28.1,46.7,995.7,0.1,5.8,3.6,331.8,NW,-1.69,-3.49,0.33
661984,2022-05-15,2022,SF,2022-05-15 18:08:00,18,15,6,21,6,9,10,24,314,83.4,7,65,0.1077,0.25,70.8,21.6,62.7,994.9,0.2,14.9,9.2,359.3,N,-10.39,-13.4,-6.12
661999,2022-05-23,2022,TOR,2022-05-23 18:45:00,18,7,3,10,3,15,10,14,310,86.0,5,54,0.0926,0.2143,61.6,16.5,56.7,1002.7,0.0,8.5,5.3,70.0,E,-7.67,-5.99,-8.43
661998,2022-05-24,2022,TOR,2022-05-24 18:45:00,18,1,8,9,3,16,11,18,348,84.0,6,57,0.1053,0.1667,69.7,20.9,73.3,995.5,0.0,14.9,9.2,113.0,SE,-5.57,-0.52,-9.95
661997,2022-05-26,2022,MIL,2022-05-26 18:45:00,18,3,4,7,2,9,7,19,324,81.4,2,64,0.0312,0.1053,58.9,14.9,86.0,990.1,0.6,7.3,4.5,231.0,SW,7.26,6.56,7.08
661992,2022-05-27,2022,MIL,2022-05-27 19:15:00,19,4,2,6,2,15,5,13,276,82.5,4,48,0.0833,0.1538,60.9,16.0,85.7,996.7,0.0,3.1,1.9,188.2,S,2.51,3.0,1.72
661991,2022-05-28,2022,MIL,2022-05-28 13:15:00,13,8,3,11,4,13,4,19,271,85.9,6,57,0.1053,0.2105,77.7,25.4,52.0,994.1,0.0,15.8,9.8,169.7,S,8.99,12.89,4.0
661990,2022-05-29,2022,MIL,2022-05-29 13:15:00,13,0,8,8,3,21,3,17,289,80.9,0,48,0.0,0.1765,84.4,29.1,53.3,991.3,0.0,26.7,16.6,164.7,S,13.23,20.38,4.49
661989,2022-05-30,2022,SD,2022-05-30 13:15:00,13,6,3,9,2,17,8,21,294,82.1,3,52,0.0577,0.0952,86.1,30.1,47.3,992.2,0.0,28.2,17.5,174.7,S,18.0,24.34,9.49
661977,2022-05-31,2022,SD,2022-05-31 18:45:00,18,3,2,5,1,20,8,12,337,82.9,3,49,0.0612,0.0833,80.5,27.0,69.0,996.0,0.0,14.8,9.2,188.3,S,11.84,14.15,8.11
661982,2022-06-01,2022,SD,2022-06-01 12:15:00,12,5,2,7,2,7,5,14,256,83.1,3,56,0.0536,0.1429,79.0,26.1,67.7,997.1,0.2,6.9,4.3,42.8,NE,-6.86,-6.54,-6.36
661983,2022-06-10,2022,CIN,2022-06-10 19:15:00,19,2,0,2,0,13,7,10,271,82.1,0,47,0.0,0.0,69.6,20.9,84.7,994.4,0.2,8.7,5.4,48.3,NE,-8.69,-7.99,-8.33
661976,2022-06-11,2022,CIN,2022-06-11 13:15:00,13,5,4,9,1,15,6,19,310,83.5,1,53,0.0189,0.0526,84.6,29.2,59.0,990.8,0.1,9.4,5.8,213.7,SW,9.22,9.29,8.03
661975,2022-06-12,2022,CIN,2022-06-12 13:15:00,13,6,7,13,3,11,4,23,290,82.4,3,62,0.0484,0.1304,87.4,30.8,69.0,990.5,0.0,10.0,6.2,223.5,SW,9.96,9.45,9.27
661974,2022-06-13,2022,PIT,2022-06-13 18:45:00,18,7,5,12,4,10,3,21,293,82.7,7,62,0.1129,0.1905,87.6,30.9,62.0,992.8,0.0,15.1,9.4,185.0,S,11.54,14.16,7.53
661973,2022-06-14,2022,PIT,2022-06-14 18:45:00,18,9,1,10,3,11,4,15,279,85.6,5,54,0.0926,0.2,89.4,31.9,58.0,994.3,0.0,14.9,9.3,185.0,S,11.42,14.0,7.45
662018,2022-06-14,2022,PIT,2022-04-11 13:15:00,13,3,1,4,2,17,6,14,287,82.2,4,49,0.0816,0.1429,59.5,15.3,78.3,993.6,2.3,7.5,4.7,22.7,NE,-6.94,-7.49,-5.54
661972,2022-06-15,2022,PIT,2022-06-15 18:45:00,18,4,6,10,2,12,8,16,300,80.4,3,55,0.0545,0.125,87.6,30.9,52.0,995.4,0.0,18.3,11.4,193.3,S,15.55,17.89,11.33
661971,2022-06-24,2022,CHC,2022-06-24 19:15:00,19,0,3,3,1,11,4,13,235,85.9,2,54,0.037,0.0769,79.3,26.3,55.7,997.7,0.0,7.3,4.5,101.7,E,-3.99,-1.68,-5.83
661970,2022-06-25,2022,CHC,2022-06-25 13:15:00,13,5,3,8,1,21,6,18,312,82.7,1,47,0.0213,0.0556,95.0,35.0,40.3,996.8,0.0,7.1,4.4,200.3,S,6.42,7.04,5.02
661969,2022-06-26,2022,CHC,2022-06-26 13:15:00,13,5,6,11,3,17,7,19,332,81.4,2,58,0.0345,0.1579,79.2,26.2,58.0,1002.6,0.0,16.7,10.4,327.3,NW,-3.57,-8.95,2.23
661968,2022-06-27,2022,MIA,2022-06-27 18:45:00,18,9,0,9,3,20,2,19,257,83.6,5,47,0.1064,0.1579,73.3,23.0,43.3,1006.0,0.0,9.5,5.9,16.7,N,-8.39,-9.43,-6.34
661967,2022-06-28,2022,MIA,2022-06-28 18:45:00,18,5,3,8,0,19,3,17,281,82.3,2,45,0.0444,0.0,76.3,24.6,45.0,1003.8,0.0,6.8,4.2,188.3,S,5.45,6.51,3.74
661134,2022-06-29,2022,MIA,2022-06-29 18:45:00,18,3,4,7,1,9,4,14,246,84.9,3,56,0.0536,0.0714,81.4,27.5,49.3,1003.2,0.0,8.1,5.1,161.0,S,3.57,5.85,0.85
661136,2022-07-08,2022,PHI,2022-07-08 19:15:00,19,0,2,2,2,8,1,11,219,82.7,4,56,0.0714,0.1818,76.5,24.7,93.0,996.2,13.9,14.4,8.9,334.4,NW,-4.79,-9.15,0.14
661137,2022-07-09,2022,PHI,2022-07-09 13:15:00,13,0,1,1,0,15,7,7,276,83.9,4,46,0.087,0.0,80.2,26.8,69.0,1000.4,0.2,19.1,11.9,34.7,NE,-18.79,-18.83,-16.49
661135,2022-07-10,2022,PHI,2022-07-10 13:15:00,13,4,3,7,2,12,7,19,299,83.7,4,55,0.0727,0.1053,85.5,29.7,51.0,999.6,0.0,3.3,2.1,28.7,NE,-3.17,-3.29,-2.66
661120,2022-07-11,2022,PHI,2022-07-11 18:15:00,18,6,1,7,3,16,0,17,251,82.8,7,49,0.1429,0.1765,88.5,31.4,60.0,992.0,0.1,6.8,4.2,199.4,S,6.13,6.77,4.76
661119,2022-07-12,2022,LAD,2022-07-12 18:45:00,18,7,6,13,4,12,9,23,316,85.2,6,60,0.1,0.1739,77.4,25.2,59.3,996.9,0.0,8.5,5.3,11.0,N,-7.05,-8.25,-5.0
661118,2022-07-13,2022,LAD,2022-07-13 18:45:00,18,6,7,13,2,20,8,21,349,81.1,3,54,0.0556,0.0952,82.1,27.8,57.0,999.2,0.0,6.5,4.0,51.2,NE,-6.46,-5.83,-6.31
661117,2022-07-14,2022,LAD,2022-07-14 18:15:00,18,0,4,4,1,10,5,13,275,83.1,5,51,0.098,0.0769,84.9,29.4,52.3,1000.9,0.0,6.9,4.3,103.3,E,-3.62,-1.4,-5.41
661116,2022-07-15,2022,CIN,2022-07-15 19:15:00,19,7,3,10,1,19,11,18,330,83.5,4,45,0.0889,0.0556,83.2,28.5,42.7,997.8,0.0,14.7,9.1,174.7,S,9.38,12.69,4.94
661966,2022-07-16,2022,CIN,2022-07-16 13:15:00,13,11,3,14,3,15,10,16,304,81.4,3,53,0.0566,0.1875,98.6,37.0,36.0,993.8,0.0,15.4,9.6,267.7,W,11.32,7.07,14.21
661959,2022-08-02,2022,CHC,2022-08-02 18:45:00,18,6,0,6,3,11,3,18,264,84.0,5,53,0.0943,0.1667,82.3,27.9,77.7,995.6,0.0,12.1,7.5,187.0,S,9.53,11.51,6.41
661932,2022-08-04,2022,CHC,2022-08-04 18:45:00,18,7,2,9,3,12,14,12,319,82.1,6,46,0.1304,0.25,77.5,25.3,89.7,997.9,0.6,5.6,3.5,158.8,S,2.27,3.9,0.37
661945,2022-08-04,2022,CHC,2022-08-03 18:45:00,18,4,3,7,3,16,3,15,264,86.6,8,51,0.1569,0.2,78.9,26.0,86.7,995.4,2.3,12.2,7.6,172.8,S,7.48,10.32,3.73
661946,2022-08-05,2022,NYY,2022-08-05 19:15:00,19,4,3,7,0,13,11,15,297,83.2,2,50,0.04,0.0,81.1,27.3,81.0,999.6,0.4,9.7,6.0,124.1,SE,-1.82,1.53,-4.96
661949,2022-08-06,2022,NYY,2022-08-06 18:15:00,18,1,0,1,0,11,5,7,276,84.4,1,44,0.0227,0.0,83.8,28.8,76.0,1000.2,0.0,7.9,4.9,132.2,SE,-0.39,2.34,-3.06
661948,2022-08-07,2022,NYY,2022-08-07 13:15:00,13,12,9,21,3,20,12,27,382,84.9,4,58,0.069,0.1111,92.2,33.4,53.3,999.6,0.0,9.9,6.2,205.3,SW,9.35,9.93,7.65
661947,2022-08-12,2022,MIL,2022-08-12 19:15:00,19,3,1,4,2,17,5,14,290,84.8,2,47,0.0426,0.1429,70.6,21.4,69.7,1002.8,0.0,7.4,4.6,102.7,E,-3.96,-1.58,-5.86
661951,2022-08-13,2022,MIL,2022-08-13 18:15:00,18,2,3,5,1,19,1,10,264,82.8,4,51,0.0784,0.1,79.1,26.2,54.3,997.9,0.0,13.2,8.2,180.7,S,9.47,12.06,5.73
661957,2022-08-14,2022,MIL,2022-08-14 13:15:00,13,6,3,9,6,18,3,13,238,82.3,6,44,0.1364,0.4615,85.5,29.7,60.0,995.7,0.0,14.6,9.1,326.4,NW,-2.88,-7.6,2.19
661955,2022-08-16,2022,COL,2022-08-16 18:45:00,18,5,4,9,2,12,6,16,292,83.5,2,53,0.0377,0.125,72.9,22.7,79.7,999.6,0.3,4.6,2.8,310.7,NW,0.35,-1.23,1.88
661938,2022-08-17,2022,COL,2022-08-17 18:45:00,18,5,1,6,0,16,7,16,282,82.9,2,47,0.0426,0.0,73.5,23.0,71.3,1000.3,0.0,6.6,4.1,12.3,N,-5.55,-6.44,-4.0
661937,2022-08-18,2022,COL,2022-08-18 12:15:00,12,13,0,13,2,14,6,19,272,81.0,3,53,0.0566,0.1053,80.7,27.1,48.7,999.7,0.0,3.1,1.9,15.9,N,-2.68,-3.03,-2.01
661940,2022-08-26,2022,ATL,2022-08-26 19:15:00,19,4,11,15,1,12,9,26,355,84.0,5,64,0.0781,0.0385,76.6,24.8,75.3,999.0,0.0,8.1,5.1,36.4,NE,-8.04,-7.97,-7.14
661939,2022-08-27,2022,ATL,2022-08-27 18:15:00,18,6,5,11,3,17,6,19,292,85.0,7,53,0.1321,0.1579,81.4,27.4,62.3,995.3,0.0,7.0,4.4,110.7,E,-2.9,-0.53,-4.92
661950,2022-08-28,2022,ATL,2022-08-28 18:08:00,18,6,3,9,4,15,3,16,260,83.5,5,51,0.098,0.25,79.6,26.4,81.3,993.2,0.0,13.6,8.4,190.0,S,11.11,13.1,7.78
661920,2022-09-02,2022,CHC,2022-09-02 19:15:00,19,8,0,8,2,16,8,16,301,83.8,2,49,0.0408,0.125,72.4,22.4,97.3,1000.4,6.9,4.1,2.5,290.4,W,1.69,0.33,2.86
661928,2022-09-03,2022,CHC,2022-09-03 18:15:00,18,8,4,12,3,12,10,19,287,81.6,5,53,0.0943,0.1579,71.9,22.2,90.0,1000.2,0.0,4.8,3.0,59.0,NE,-4.62,-3.95,-4.74
661927,2022-09-04,2022,CHC,2022-09-04 13:15:00,13,2,0,2,1,9,2,9,223,80.0,1,48,0.0208,0.1111,75.0,23.9,79.7,997.6,2.7,10.8,6.7,20.0,N,-9.79,-10.76,-7.63
661926,2022-09-05,2022,WSH,2022-09-05 15:15:00,15,0,6,6,1,10,7,17,299,81.4,3,61,0.0492,0.0588,79.0,26.1,68.0,997.6,0.5,7.6,4.7,57.8,NE,-7.44,-6.41,-7.57
661925,2022-09-06,2022,WSH,2022-09-06 18:45:00,18,4,1,5,2,13,2,15,267,82.9,4,50,0.08,0.1333,73.1,22.8,83.3,1001.7,0.0,7.2,4.5,346.3,N,-3.74,-5.62,-1.42
661924,2022-09-07,2022,WSH,2022-09-07 18:45:00,18,6,5,11,2,15,5,19,298,79.4,4,54,0.0741,0.1053,72.4,22.4,69.0,1000.7,0.0,8.3,5.2,22.7,NE,-7.68,-8.29,-6.14
661923,2022-09-08,2022,WSH,2022-09-08 12:15:00,12,6,11,17,3,9,7,29,349,82.4,3,74,0.0405,0.1034,79.7,26.5,52.0,997.2,0.0,5.9,3.6,25.3,NE,-5.52,-5.87,-4.52
661922,2022-09-13,2022,MIL,2022-09-13 18:45:00,18,4,8,12,1,13,6,17,280,82.2,2,58,0.0345,0.0588,67.0,19.4,57.3,997.9,0.0,10.6,6.6,82.6,E,-8.4,-5.68,-10.1
661921,2022-09-14,2022,MIL,2022-09-14 18:45:00,18,4,1,5,2,15,6,20,304,80.5,2,53,0.0377,0.1,70.6,21.5,70.0,1001.8,0.0,9.1,5.7,122.7,SE,-1.95,1.22,-4.88
661919,2022-09-15,2022,CIN,2022-09-15 18:45:00,18,2,3,5,2,11,8,10,289,78.9,2,50,0.04,0.2,73.0,22.8,67.0,1002.2,0.0,8.7,5.4,142.0,SE,1.06,3.95,-1.96
661953,2022-09-16,2022,CIN,2022-09-16 19:15:00,19,6,5,11,2,20,8,16,306,82.6,5,46,0.1087,0.125,72.9,22.7,67.7,1000.4,0.0,7.4,4.6,167.8,S,4.03,5.92,1.65
661952,2022-09-17,2022,CIN,2022-09-17 18:15:00,18,1,0,1,0,27,5,8,300,75.3,0,43,0.0,0.0,77.4,25.2,54.0,998.5,0.0,13.3,8.3,165.3,S,6.73,10.26,2.39
661965,2022-09-17,2022,CIN,2022-07-17 13:15:00,13,5,1,6,1,8,8,17,272,81.3,2,58,0.0345,0.0588,77.5,25.3,86.0,994.4,1.5,6.4,4.0,329.3,NW,-1.57,-3.59,0.63
661930,2022-09-18,2022,CIN,2022-09-18 13:15:00,13,0,3,3,1,14,6,12,261,82.4,2,49,0.0408,0.0833,88.2,31.2,53.3,997.1,0.0,16.1,10.0,204.3,SW,15.06,16.1,12.21
661958,2022-09-30,2022,PIT,2022-09-30 19:15:00,19,2,1,3,1,15,8,12,281,81.6,2,47,0.0426,0.0833,57.5,14.2,60.3,1001.7,0.0,8.3,5.2,45.0,NE,-8.33,-7.83,-7.83
661956,2022-10-01,2022,PIT,2022-10-01 18:15:00,18,13,3,16,1,11,9,15,297,82.7,3,56,0.0536,0.0667,62.4,16.9,52.7,1003.3,0.0,8.8,5.4,4.3,N,-6.65,-8.2,-4.29
661954,2022-10-02,2022,PIT,2022-10-02 13:15:00,13,5,7,12,3,14,8,19,307,83.6,8,59,0.1356,0.1579,73.8,23.2,42.7,1007.0,0.0,13.7,8.5,14.3,N,-11.81,-13.5,-8.7
718772,2023-03-30,2023,TOR,2023-03-30 15:10:00,15,9,10,19,2,19,9,34,387,81.9,5,67,0.0746,0.0588,64.3,18.0,40.3,997.8,0.0,23.0,14.3,156.7,SE,8.5,15.31,0.67
718759,2023-04-01,2023,TOR,2023-04-01 13:15:00,13,4,1,5,0,16,12,13,288,82.1,0,46,0.0,0.0,56.3,13.5,39.0,997.8,0.0,31.2,19.4,311.7,NW,1.82,-8.96,12.37
718737,2023-04-02,2023,TOR,2023-04-02 13:15:00,13,9,4,13,4,9,3,26,267,86.1,10,64,0.1562,0.1538,66.0,18.9,41.3,994.1,0.0,23.7,14.7,167.0,S,12.54,18.65,4.92
718727,2023-04-03,2023,ATL,2023-04-03 18:45:00,18,4,8,12,4,15,8,22,321,85.3,5,59,0.0847,0.1818,67.5,19.7,71.7,986.5,0.0,14.7,9.1,180.0,S,10.39,13.32,6.21
718711,2023-04-04,2023,ATL,2023-04-04 18:45:00,18,1,4,5,2,18,2,22,272,84.2,3,53,0.0566,0.0909,76.4,24.7,70.7,986.1,0.9,31.3,19.4,188.7,S,25.21,30.04,17.35
718697,2023-04-05,2023,ATL,2023-04-05 12:15:00,12,2,5,7,2,15,5,16,290,84.0,6,52,0.1154,0.125,59.8,15.5,57.7,994.9,0.0,20.3,12.6,278.3,W,12.12,5.82,16.96
718591,2023-04-13,2023,PIT,2023-04-13 18:45:00,18,0,5,5,2,19,8,15,292,84.4,4,50,0.08,0.1333,65.1,18.4,46.7,991.2,0.0,9.3,5.8,127.7,SE,-1.18,2.03,-4.25
718582,2023-04-14,2023,PIT,2023-04-14 19:15:00,19,3,0,3,0,20,4,17,251,85.3,0,45,0.0,0.0,67.8,19.9,60.0,990.5,0.0,13.9,8.6,161.6,S,6.21,10.08,1.6
718568,2023-04-15,2023,PIT,2023-04-15 13:15:00,13,3,6,9,2,21,13,17,334,84.1,2,50,0.04,0.1176,75.5,24.2,59.3,989.6,0.0,25.1,15.6,166.7,S,13.2,19.72,5.08
718548,2023-04-16,2023,PIT,2023-04-16 13:15:00,13,5,4,9,1,12,9,20,304,84.4,6,66,0.0909,0.05,49.5,9.7,49.3,995.2,0.1,33.9,21.0,270.3,W,23.81,14.13,30.61
718538,2023-04-17,2023,AZ,2023-04-17 18:45:00,18,3,6,9,3,16,4,11,262,82.3,7,44,0.1591,0.2727,55.2,12.9,44.3,993.9,0.0,9.0,5.6,258.0,W,7.52,5.4,8.74
718527,2023-04-18,2023,AZ,2023-04-18 18:45:00,18,7,8,15,4,16,9,22,327,85.9,11,59,0.1864,0.1818,63.1,17.3,49.3,993.7,0.0,12.6,7.8,72.7,E,-11.13,-8.46,-12.45
718512,2023-04-19,2023,AZ,2023-04-19 12:15:00,12,14,5,19,4,16,12,24,337,83.7,5,58,0.0862,0.1667,79.7,26.5,40.7,992.5,0.0,32.6,20.3,183.3,S,24.38,30.33,15.49
718338,2023-05-02,2023,LAA,2023-05-02 18:45:00,18,1,5,6,1,17,6,12,308,80.6,4,48,0.0833,0.0833,56.6,13.7,29.0,992.1,0.0,12.1,7.5,295.0,NW,4.15,-0.0,7.8
718320,2023-05-03,2023,LAA,2023-05-03 18:45:00,18,4,6,10,5,25,3,20,297,84.0,6,47,0.1277,0.25,59.2,15.1,42.7,995.9,0.0,7.7,4.8,325.3,NW,-1.37,-3.87,1.29
718311,2023-05-04,2023,LAA,2023-05-04 12:15:00,12,7,11,18,2,13,7,26,340,83.9,2,65,0.0308,0.0769,73.3,22.9,26.0,998.1,0.0,8.4,5.2,167.7,S,4.52,6.65,1.83
718292,2023-05-05,2023,DET,2023-05-05 19:15:00,19,4,5,9,2,21,5,21,323,82.4,5,55,0.0909,0.0952,63.1,17.3,63.7,998.5,0.0,15.0,9.3,160.0,S,6.34,10.61,1.31
718288,2023-05-06,2023,DET,2023-05-06 13:15:00,13,5,6,11,2,18,7,22,330,80.5,3,63,0.0476,0.0909,78.4,25.8,63.7,996.7,0.3,19.4,12.1,156.7,SE,7.19,12.93,0.58
718272,2023-05-07,2023,DET,2023-05-07 13:15:00,13,12,6,18,6,9,2,18,301,84.9,8,65,0.1231,0.3333,79.2,26.2,67.0,995.1,5.2,8.3,5.1,184.8,S,6.32,7.76,4.11
718166,2023-05-15,2023,MIL,2023-05-15 18:45:00,18,18,1,19,4,18,11,22,305,84.6,5,53,0.0943,0.1818,68.3,20.2,84.3,1001.6,0.2,7.7,4.8,47.0,NE,-7.73,-7.17,-7.35
718151,2023-05-16,2023,MIL,2023-05-16 18:45:00,18,2,3,5,3,20,8,16,306,83.7,5,49,0.102,0.1875,63.6,17.5,80.7,994.9,0.0,7.6,4.7,288.5,W,3.39,0.86,5.51
718131,2023-05-17,2023,MIL,2023-05-17 18:45:00,18,3,0,3,1,20,7,15,288,82.2,3,45,0.0667,0.0667,70.8,21.6,69.3,994.8,0.0,6.9,4.3,60.6,NE,-6.64,-5.61,-6.88
718124,2023-05-18,2023,LAD,2023-05-18 18:45:00,18,16,8,24,9,8,10,21,330,84.2,17,67,0.2537,0.4286,71.5,21.9,61.3,997.1,0.0,7.4,4.6,173.5,S,4.58,6.28,2.34
718113,2023-05-19,2023,LAD,2023-05-19 19:15:00,19,0,5,5,1,18,9,12,338,82.8,6,49,0.1224,0.0833,60.3,15.7,88.3,1000.8,1.1,13.3,8.3,342.7,N,-6.19,-9.86,-1.78
718109,2023-05-20,2023,LAD,2023-05-20 18:15:00,18,6,5,11,2,12,2,17,267,83.5,5,54,0.0926,0.1176,63.4,17.5,67.0,1003.3,0.0,8.3,5.2,347.0,N,-4.41,-6.56,-1.73
718083,2023-05-21,2023,LAD,2023-05-21 13:15:00,13,10,5,15,1,22,9,18,348,80.1,2,45,0.0444,0.0556,76.0,24.4,32.0,1003.0,0.0,8.4,5.2,99.7,E,-4.88,-2.23,-6.94
717975,2023-05-29,2023,KC,2023-05-29 13:15:00,13,0,7,7,2,19,3,18,313,82.4,6,53,0.1132,0.1111,83.4,28.6,30.0,997.2,0.0,5.3,3.3,358.9,N,-3.65,-4.73,-2.14
717960,2023-05-30,2023,KC,2023-05-30 18:45:00,18,2,1,3,0,20,3,10,251,83.3,2,40,0.05,0.0,79.5,26.4,43.0,995.5,0.0,8.2,5.1,204.5,SW,7.71,8.23,6.26
717832,2023-06-09,2023,CIN,2023-06-09 19:15:00,19,7,4,11,3,17,7,18,278,84.2,5,51,0.098,0.1667,71.0,21.7,47.0,993.8,0.0,7.7,4.8,103.0,E,-4.1,-1.61,-6.09
717817,2023-06-10,2023,CIN,2023-06-10 13:15:00,13,4,8,12,2,10,9,20,319,86.4,5,64,0.0781,0.1,85.6,29.8,28.7,990.5,0.0,12.9,8.0,162.3,S,5.94,9.51,1.65
717797,2023-06-11,2023,CIN,2023-06-11 13:15:00,13,3,4,7,1,15,6,17,305,81.1,5,55,0.0909,0.0588,69.7,20.9,75.7,988.4,0.4,25.1,15.6,354.7,N,-16.01,-21.64,-8.44
717791,2023-06-12,2023,SF,2023-06-12 18:45:00,18,3,4,7,2,12,5,22,280,86.3,3,61,0.0492,0.0909,65.4,18.6,56.7,994.5,0.0,7.4,4.6,310.0,NW,0.64,-1.92,3.12
717781,2023-06-13,2023,SF,2023-06-13 18:45:00,18,3,11,14,2,18,12,24,360,83.4,5,58,0.0862,0.0833,72.0,22.2,46.3,990.1,0.0,11.4,7.1,245.3,SW,10.69,8.69,11.4
717767,2023-06-14,2023,SF,2023-06-14 12:15:00,12,5,8,13,2,31,5,20,324,82.8,1,48,0.0208,0.1,86.1,30.1,28.3,988.4,0.0,8.7,5.4,302.7,NW,1.84,-1.16,4.63
717637,2023-06-24,2023,CHC,2023-06-24 12:10:00,12,1,9,10,3,14,5,20,295,84.1,4,58,0.069,0.15,93.0,33.9,34.3,994.3,0.0,11.8,7.3,180.7,S,8.44,10.75,5.11
717623,2023-06-25,2023,CHC,2023-06-25 09:10:00,9,7,5,12,0,19,6,19,299,83.8,1,50,0.02,0.0,89.6,32.0,50.7,991.5,0.0,17.1,10.6,264.0,W,13.29,8.81,16.17
717598,2023-06-27,2023,HOU,2023-06-27 18:45:00,18,4,2,6,2,16,5,15,250,86.3,5,48,0.1042,0.1333,79.7,26.5,54.3,995.0,0.0,7.8,4.9,48.0,NE,-7.82,-7.21,-7.49
717582,2023-06-28,2023,HOU,2023-06-28 18:45:00,18,7,10,17,5,18,9,22,335,81.8,6,57,0.1053,0.2273,85.0,29.5,51.3,993.5,0.0,16.2,10.1,161.7,S,7.29,11.81,1.88
717566,2023-06-29,2023,HOU,2023-06-29 18:15:00,18,0,14,14,2,11,10,22,331,81.7,3,62,0.0484,0.0909,81.0,27.2,72.7,995.5,0.0,13.2,8.2,96.8,E,-8.15,-4.12,-11.19
717545,2023-07-01,2023,NYY,2023-07-01 13:15:00,13,11,4,15,3,9,13,22,343,84.3,4,62,0.0645,0.1364,93.8,34.3,43.7,992.1,0.0,9.8,6.1,211.3,SW,9.49,9.71,8.13
717550,2023-07-01,2023,NYY,2023-06-30 19:15:00,19,2,6,8,1,14,8,17,281,82.5,3,54,0.0556,0.0588,79.2,26.2,92.0,994.4,0.0,6.0,3.7,107.4,E,-2.76,-0.78,-4.4
717524,2023-07-02,2023,NYY,2023-07-02 13:15:00,13,5,1,6,1,16,7,14,276,84.7,2,47,0.0426,0.0714,84.6,29.2,53.7,991.6,0.9,20.3,12.6,284.4,W,10.36,3.75,15.72
717407,2023-07-14,2023,WSH,2023-07-14 18:05:00,18,5,7,12,3,18,3,14,284,83.4,4,56,0.0714,0.2143,79.3,26.3,76.0,993.3,0.0,12.5,7.8,243.7,SW,11.84,9.76,12.5
717396,2023-07-15,2023,WSH,2023-07-15 18:15:00,18,9,6,15,4,13,4,28,334,82.2,4,64,0.0625,0.1429,78.2,25.7,70.3,995.4,0.0,9.6,6.0,295.7,NW,3.18,-0.12,6.1
717380,2023-07-16,2023,WSH,2023-07-16 13:15:00,13,8,4,12,3,13,10,17,306,81.6,3,55,0.0545,0.1765,91.2,32.9,34.3,996.8,0.2,18.3,11.4,298.4,NW,5.24,-1.07,10.92
717374,2023-07-17,2023,MIA,2023-07-17 18:45:00,18,6,4,10,2,10,5,23,312,83.0,6,62,0.0968,0.087,74.9,23.8,81.3,996.4,0.0,4.9,3.1,250.6,W,4.45,3.45,4.91
717357,2023-07-18,2023,MIA,2023-07-18 18:45:00,18,5,2,7,2,27,8,17,311,83.5,3,47,0.0638,0.1176,78.8,26.0,76.7,996.7,0.0,4.3,2.7,277.7,W,2.59,1.27,3.59
717351,2023-07-19,2023,MIA,2023-07-19 13:15:00,13,6,4,10,2,11,4,23,294,83.5,3,60,0.05,0.087,86.4,30.2,63.0,997.6,0.0,5.7,3.5,155.3,SE,1.98,3.69,0.03
717238,2023-07-27,2023,CHC,2023-07-27 18:45:00,18,3,10,13,3,14,8,22,338,84.8,4,62,0.0645,0.1364,90.5,32.5,58.0,996.6,0.0,10.7,6.7,208.7,SW,10.3,10.71,8.65
717226,2023-07-28,2023,CHC,2023-07-28 19:15:00,19,2,3,5,3,17,7,15,283,83.1,5,47,0.1064,0.2,88.7,31.5,60.0,996.8,0.0,16.4,10.2,212.7,SW,16.05,16.29,13.88
717213,2023-07-29,2023,CHC,2023-07-29 18:15:00,18,1,5,6,2,11,8,15,272,84.5,2,54,0.037,0.1333,76.3,24.6,89.7,999.3,0.2,4.9,3.0,279.8,W,2.8,1.27,3.99
717195,2023-07-30,2023,CHC,2023-07-30 13:15:00,13,3,0,3,0,8,2,13,249,81.3,1,54,0.0185,0.0,87.6,30.9,49.3,1001.0,0.0,6.8,4.2,12.3,N,-5.7,-6.6,-4.1
717174,2023-08-01,2023,MIN,2023-08-01 18:45:00,18,2,3,5,1,16,2,14,275,83.2,5,51,0.098,0.0714,79.3,26.3,62.3,1001.9,0.0,7.1,4.4,125.7,SE,-1.14,1.31,-3.46
717155,2023-08-02,2023,MIN,2023-08-02 18:45:00,18,7,3,10,5,19,4,14,274,84.3,6,43,0.1395,0.3571,75.3,24.0,95.0,998.8,18.5,11.5,7.2,69.9,E,-10.46,-8.18,-11.49
717145,2023-08-03,2023,MIN,2023-08-03 18:45:00,18,3,5,8,3,15,4,15,257,82.8,3,54,0.0556,0.2,79.9,26.6,84.3,996.6,0.1,3.7,2.3,155.0,SE,1.28,2.4,0.0
717127,2023-08-04,2023,COL,2023-08-04 19:15:00,19,4,9,13,3,12,5,29,305,84.4,7,69,0.1014,0.1034,78.2,25.7,87.0,995.7,0.0,10.5,6.5,121.3,SE,-2.47,1.16,-5.8
717119,2023-08-05,2023,COL,2023-08-05 18:15:00,18,6,2,8,2,14,6,18,279,83.6,4,55,0.0727,0.1111,77.7,25.4,77.7,995.0,0.0,8.1,5.0,346.0,N,-4.17,-6.29,-1.55
717099,2023-08-06,2023,COL,2023-08-06 13:15:00,13,0,1,1,0,18,7,13,275,83.4,2,48,0.0417,0.0,86.5,30.3,62.3,992.0,0.6,14.8,9.2,200.1,S,13.42,14.75,10.48
716995,2023-08-14,2023,ATH,2023-08-14 18:45:00,18,7,5,12,2,17,13,16,313,82.8,2,48,0.0417,0.125,73.7,23.2,61.3,996.5,0.0,16.6,10.3,286.7,W,7.86,2.4,12.38
716984,2023-08-15,2023,ATH,2023-08-15 18:45:00,18,6,2,8,4,12,5,20,299,83.9,6,57,0.1053,0.2,69.6,20.9,76.0,1000.3,0.0,6.2,3.9,297.1,NW,1.91,-0.23,3.83
716969,2023-08-16,2023,ATH,2023-08-16 17:45:00,17,0,8,8,1,19,6,23,278,82.1,3,53,0.0566,0.0435,75.0,23.9,56.0,996.7,0.0,8.8,5.4,179.0,S,6.09,7.88,3.56
716958,2023-08-17,2023,NYM,2023-08-17 18:15:00,18,2,4,6,3,11,8,12,282,82.0,6,55,0.1091,0.25,73.5,23.0,57.0,995.4,0.0,10.5,6.5,345.0,N,-5.25,-8.04,-1.82
716952,2023-08-18,2023,NYM,2023-08-18 19:15:00,19,1,7,8,2,14,8,19,304,84.1,4,59,0.0678,0.1053,70.1,21.2,67.7,998.7,0.0,8.5,5.3,125.0,SE,-1.47,1.47,-4.23
716940,2023-08-19,2023,NYM,2023-08-19 18:15:00,18,2,13,15,4,16,6,18,314,81.3,4,55,0.0727,0.2222,79.9,26.6,71.3,996.6,0.0,13.2,8.2,166.7,S,6.95,10.38,2.68
716921,2023-08-20,2023,NYM,2023-08-20 13:15:00,13,7,3,10,2,18,3,22,309,83.7,3,54,0.0556,0.0909,96.9,36.0,53.3,998.3,0.0,4.5,2.8,165.8,S,2.28,3.46,0.83
716809,2023-08-28,2023,SD,2023-08-28 18:45:00,18,1,4,5,1,13,10,16,279,84.2,3,56,0.0536,0.0625,72.6,22.6,66.0,997.7,0.0,6.8,4.2,6.3,N,-5.31,-6.44,-3.53
716797,2023-08-29,2023,SD,2023-08-29 18:45:00,18,6,5,11,3,18,6,21,317,81.9,4,60,0.0667,0.1429,76.8,24.9,73.7,995.0,0.0,5.6,3.5,267.5,W,4.15,2.6,5.21
716782,2023-08-30,2023,SD,2023-08-30 13:15:00,13,5,4,9,2,9,3,21,271,82.0,2,60,0.0333,0.0952,79.0,26.1,47.0,998.2,0.0,15.9,9.9,20.7,N,-14.52,-15.89,-11.4
716766,2023-09-01,2023,PIT,2023-09-01 19:15:00,19,2,4,6,1,15,7,13,307,81.0,3,56,0.0536,0.0769,71.2,21.8,65.0,1002.6,0.0,8.6,5.3,108.6,E,-3.8,-0.95,-6.2
716744,2023-09-02,2023,PIT,2023-09-02 18:15:00,18,6,7,13,4,10,6,19,294,86.2,5,62,0.0806,0.2105,79.5,26.4,73.7,1000.3,0.0,13.2,8.2,163.7,S,6.33,9.91,1.99
716733,2023-09-03,2023,PIT,2023-09-03 13:15:00,13,6,4,10,2,13,11,16,313,84.0,5,53,0.0943,0.125,89.6,32.0,50.3,997.9,0.0,8.8,5.5,179.7,S,6.19,7.95,3.67
716572,2023-09-15,2023,PHI,2023-09-15 19:15:00,19,4,5,9,1,16,10,17,351,82.8,3,55,0.0545,0.0588,69.3,20.7,40.3,1000.6,0.0,5.9,3.6,319.7,NW,-0.48,-2.45,1.55
716557,2023-09-16,2023,PHI,2023-09-16 18:15:00,18,1,6,7,1,12,8,17,304,84.8,7,58,0.1207,0.0588,69.1,20.6,71.3,998.4,0.3,6.2,3.9,303.7,NW,1.21,-0.94,3.22
716541,2023-09-17,2023,PHI,2023-09-17 13:15:00,13,6,5,11,3,11,7,20,264,82.7,8,58,0.1379,0.15,74.7,23.7,43.3,998.3,0.0,17.7,11.0,336.7,NW,-6.53,-11.77,-0.51
716531,2023-09-18,2023,MIL,2023-09-18 18:45:00,18,1,0,1,1,13,2,11,230,80.7,2,46,0.0435,0.0909,68.4,20.2,55.7,998.6,0.0,8.1,5.0,128.8,SE,-0.87,1.94,-3.57
716515,2023-09-19,2023,MIL,2023-09-19 18:45:00,18,3,7,10,2,15,12,17,337,84.0,3,55,0.0545,0.1176,73.4,23.0,54.0,997.2,0.0,12.2,7.6,154.3,SE,4.05,7.75,-0.14
716495,2023-09-20,2023,MIL,2023-09-20 18:45:00,18,2,8,10,3,12,5,16,279,84.9,3,56,0.0536,0.1875,68.3,20.2,90.7,999.5,1.2,7.5,4.7,4.1,N,-5.67,-7.01,-3.65
716491,2023-09-21,2023,MIL,2023-09-21 12:15:00,12,0,6,6,2,15,4,16,276,84.1,3,53,0.0566,0.125,80.8,27.1,56.0,1001.8,0.0,10.5,6.5,195.0,S,9.12,10.37,6.77
716388,2023-09-29,2023,CIN,2023-09-29 19:15:00,19,2,19,21,7,10,4,23,302,82.4,10,67,0.1493,0.3043,74.4,23.6,80.0,1001.1,0.0,7.6,4.7,109.0,E,-3.33,-0.8,-5.47
716372,2023-09-30,2023,CIN,2023-09-30 18:15:00,18,15,6,21,3,11,14,27,343,82.4,5,64,0.0781,0.1111,76.7,24.8,66.3,1003.3,0.0,8.5,5.3,107.7,E,-3.9,-1.09,-6.25
716353,2023-10-01,2023,CIN,2023-10-01 14:15:00,14,4,3,7,1,23,1,18,250,82.0,8,44,0.1818,0.0556,82.4,28.0,47.3,1004.5,0.0,9.0,5.6,106.0,E,-4.36,-1.41,-6.79
745200,2024-04-04,2024,MIA,2024-04-04 15:15:00,15,8,5,13,4,18,5,19,313,83.2,7,53,0.1321,0.2105,48.7,9.3,45.7,994.2,0.0,23.4,14.5,325.7,NW,-4.33,-11.92,3.79
745197,2024-04-06,2024,MIA,2024-04-06 13:15:00,13,3,1,4,0,8,5,16,274,79.6,2,56,0.0357,0.0,58.1,14.5,39.7,1001.8,0.0,14.5,9.0,123.7,SE,-2.84,2.18,-7.52
745198,2024-04-07,2024,MIA,2024-04-07 13:15:00,13,3,10,13,4,17,4,18,294,84.1,5,56,0.0893,0.2222,68.8,20.4,70.3,988.5,1.5,22.9,14.2,184.3,S,17.33,21.39,11.19
745194,2024-04-08,2024,PHI,2024-04-08 18:45:00,18,3,5,8,2,16,6,16,305,84.7,4,59,0.0678,0.125,64.2,17.9,40.7,994.4,0.0,11.6,7.2,162.3,S,5.31,8.51,1.48
745195,2024-04-09,2024,PHI,2024-04-09 18:45:00,18,3,0,3,1,19,5,15,279,80.0,2,44,0.0455,0.0667,63.0,17.2,53.3,995.3,0.0,7.2,4.5,19.9,N,-6.52,-7.17,-5.08
745196,2024-04-10,2024,PHI,2024-04-10 12:15:00,12,3,4,7,2,17,9,15,310,83.2,3,50,0.06,0.1333,62.9,17.2,75.0,992.3,0.1,15.4,9.6,38.3,NE,-15.33,-15.02,-13.79
745189,2024-04-19,2024,MIL,2024-04-19 19:15:00,19,1,2,3,0,20,12,10,339,82.2,2,48,0.0417,0.0,50.2,10.1,60.7,1005.4,0.0,8.1,5.0,355.3,N,-5.24,-7.04,-2.81
745190,2024-04-20,2024,MIL,2024-04-20 13:15:00,13,5,12,17,3,14,10,24,343,81.7,4,63,0.0635,0.125,56.4,13.6,35.7,1007.1,0.0,16.9,10.5,311.7,NW,0.98,-4.86,6.71
745192,2024-04-21,2024,MIL,2024-04-21 13:15:00,13,0,2,2,0,21,6,12,270,82.5,2,44,0.0455,0.0,57.4,14.1,32.0,1006.2,0.0,18.9,11.8,329.0,NW,-4.58,-10.59,1.98
745191,2024-04-22,2024,AZ,2024-04-22 18:45:00,18,5,3,8,2,16,8,16,262,85.3,2,48,0.0417,0.125,59.9,15.5,38.3,997.7,0.0,16.9,10.5,180.0,S,11.93,15.29,7.13
745193,2024-04-23,2024,AZ,2024-04-23 18:45:00,18,1,14,15,4,18,6,21,309,83.6,8,55,0.1455,0.1905,56.4,13.6,91.0,996.3,0.0,7.4,4.6,244.6,SW,6.97,5.7,7.4
745188,2024-04-24,2024,AZ,2024-04-24 12:15:00,12,5,1,6,0,11,7,16,228,84.9,1,51,0.0196,0.0,66.7,19.3,42.3,1005.2,0.0,11.9,7.4,358.7,N,-8.22,-10.67,-4.78
745187,2024-05-03,2024,CWS,2024-05-03 19:15:00,19,3,0,3,0,13,4,9,272,80.4,3,48,0.0625,0.0,66.1,19.0,78.0,997.5,0.0,8.1,5.1,21.2,N,-7.44,-8.12,-5.87
745183,2024-05-04,2024,CWS,2024-05-04 13:15:00,13,5,6,11,1,17,10,13,348,81.4,1,57,0.0175,0.0769,81.2,27.3,52.3,994.1,0.0,16.9,10.5,201.1,S,15.42,16.83,12.15
745185,2024-05-05,2024,CWS,2024-05-05 13:15:00,13,1,5,6,2,23,0,13,277,83.5,4,44,0.0909,0.1538,71.6,22.0,58.3,999.3,0.0,3.2,2.0,100.9,E,-1.77,-0.77,-2.56
745182,2024-05-06,2024,NYM,2024-05-06 18:45:00,18,3,4,7,1,9,3,18,263,85.4,4,61,0.0656,0.0556,71.0,21.7,74.3,990.4,0.0,8.1,5.0,144.2,SE,1.3,3.94,-1.51
745186,2024-05-07,2024,NYM,2024-05-07 18:45:00,18,5,7,12,5,17,6,25,321,85.4,8,61,0.1311,0.2,73.2,22.9,55.3,984.3,0.0,9.5,5.9,261.8,W,7.59,5.19,9.06
745178,2024-05-17,2024,BOS,2024-05-17 19:15:00,19,10,6,16,5,10,7,26,330,86.8,8,65,0.1231,0.1923,66.7,19.3,87.0,991.2,0.0,6.9,4.3,201.7,S,6.3,6.86,4.99
745177,2024-05-18,2024,BOS,2024-05-18 18:15:00,18,7,2,9,2,14,4,20,288,81.5,3,54,0.0556,0.1,76.8,24.9,65.7,994.2,0.0,4.9,3.1,138.7,SE,0.32,1.99,-1.38
745179,2024-05-19,2024,BOS,2024-05-19 12:05:00,12,3,11,14,4,25,4,20,325,81.5,4,48,0.0833,0.2,86.4,30.2,47.3,997.1,0.0,8.7,5.4,187.7,S,6.89,8.27,4.68
745181,2024-05-20,2024,BAL,2024-05-20 18:45:00,18,6,3,9,2,13,11,11,287,82.8,2,50,0.04,0.1818,73.6,23.1,82.0,993.5,0.0,8.5,5.3,166.7,S,4.48,6.69,1.73
745180,2024-05-21,2024,BAL,2024-05-21 18:45:00,18,3,1,4,1,16,3,8,239,83.8,3,43,0.0698,0.125,80.6,27.0,59.7,989.0,1.0,23.6,14.6,199.7,S,21.3,23.46,16.57
745173,2024-05-22,2024,BAL,2024-05-22 12:46:00,12,5,4,9,1,8,4,16,285,83.2,1,60,0.0167,0.0625,79.8,26.6,42.0,994.3,0.0,11.3,7.0,301.1,NW,2.7,-1.2,6.28
745176,2024-05-25,2024,CHC,2024-05-25 18:15:00,18,7,6,13,0,15,4,27,296,84.3,2,60,0.0333,0.0,72.9,22.7,59.7,992.3,0.0,7.4,4.6,126.0,SE,-1.16,1.4,-3.58
745172,2024-05-26,2024,CHC,2024-05-26 18:10:00,18,4,3,7,4,21,6,14,273,83.7,5,45,0.1111,0.2857,68.7,20.4,92.0,984.3,0.7,7.0,4.3,247.2,SW,6.45,5.16,6.96
745174,2024-06-06,2024,COL,2024-06-06 18:45:00,18,2,3,5,0,14,11,12,318,82.5,4,50,0.08,0.0,74.0,23.3,41.7,991.8,0.0,10.9,6.8,292.0,W,4.27,0.57,7.46
745169,2024-06-07,2024,COL,2024-06-07 13:15:00,13,8,5,13,0,20,5,22,342,83.2,3,53,0.0566,0.0,85.3,29.6,28.7,995.6,0.0,10.8,6.7,308.0,NW,1.32,-2.44,4.92
745166,2024-06-08,2024,COL,2024-06-08 15:15:00,15,5,6,11,3,21,3,17,270,82.8,3,49,0.0612,0.1765,85.1,29.5,64.7,990.8,0.1,12.6,7.8,250.7,W,11.36,8.81,12.54
745167,2024-06-09,2024,COL,2024-06-09 13:15:00,13,5,1,6,1,14,4,15,248,83.7,3,51,0.0588,0.0667,73.5,23.1,58.0,996.8,0.0,7.9,4.9,318.0,NW,-0.42,-3.1,2.32
745170,2024-06-11,2024,PIT,2024-06-11 18:45:00,18,1,2,3,1,17,4,11,269,81.8,4,46,0.087,0.0909,73.2,22.9,59.0,996.7,0.0,6.1,3.8,156.0,SE,2.2,4.02,0.11
745171,2024-06-12,2024,PIT,2024-06-12 18:45:00,18,4,2,6,1,25,2,17,249,82.2,2,42,0.0476,0.0588,80.1,26.7,54.3,995.8,0.0,9.5,5.9,179.0,S,6.6,8.54,3.86
745168,2024-06-13,2024,PIT,2024-06-13 13:15:00,13,4,3,7,2,15,5,15,273,81.8,1,50,0.02,0.1333,93.1,34.0,37.3,994.7,0.0,17.3,10.7,196.3,S,15.15,17.07,11.4
745164,2024-06-20,2024,SF,2024-06-20 18:15:00,18,6,5,11,2,19,6,18,288,87.0,1,47,0.0213,0.1111,84.9,29.4,50.7,1005.2,0.0,7.8,4.8,167.4,S,4.18,6.18,1.67
745163,2024-06-22,2024,SF,2024-06-22 13:15:00,13,9,4,13,4,13,5,24,286,82.8,7,59,0.1186,0.1667,94.5,34.7,35.0,995.4,0.0,18.5,11.5,226.0,SW,18.5,17.27,17.49
745165,2024-06-23,2024,SF,2024-06-23 13:15:00,13,5,3,8,1,20,5,13,245,80.5,3,43,0.0698,0.0769,89.4,31.9,40.3,994.1,0.0,17.1,10.6,324.7,NW,-2.88,-8.48,3.07
745160,2024-06-24,2024,ATL,2024-06-24 18:45:00,18,4,3,7,1,19,4,17,264,82.7,1,46,0.0217,0.0588,85.9,29.9,54.7,994.0,0.0,17.4,10.8,132.1,SE,-0.88,5.11,-6.77
745157,2024-06-26,2024,ATL,2024-06-25 18:45:00,18,2,6,8,1,14,13,13,335,79.7,3,52,0.0577,0.0769,81.3,27.4,73.0,993.3,5.1,15.7,9.8,175.1,S,10.12,13.61,5.4
745158,2024-06-26,2024,ATL,2024-06-26 18:15:00,18,4,1,5,0,17,3,14,275,81.4,1,47,0.0213,0.0,78.1,25.6,76.0,993.7,0.0,7.0,4.3,5.3,N,-5.36,-6.56,-3.51
745162,2024-06-27,2024,CIN,2024-06-27 18:45:00,18,4,11,15,2,10,7,23,316,83.2,5,65,0.0769,0.087,80.8,27.1,57.3,994.3,0.0,6.0,3.7,27.3,NE,-5.72,-6.0,-4.75
745161,2024-06-28,2024,CIN,2024-06-28 19:15:00,19,1,0,1,0,14,7,8,272,80.4,3,43,0.0698,0.0,82.0,27.8,72.0,991.1,0.0,17.8,11.0,184.7,S,13.55,16.66,8.8
745159,2024-06-29,2024,CIN,2024-06-29 13:15:00,13,4,9,13,1,19,5,21,339,81.3,4,58,0.069,0.0476,89.9,32.2,61.0,997.2,0.0,11.8,7.4,272.7,W,7.96,4.49,10.48
745154,2024-06-30,2024,CIN,2024-06-30 13:15:00,13,2,0,2,0,18,4,9,257,81.9,4,42,0.0952,0.0,79.8,26.6,50.3,1005.8,0.0,14.7,9.1,5.3,N,-11.32,-13.84,-7.42
745155,2024-07-10,2024,KC,2024-07-09 18:45:00,18,4,6,10,4,18,1,15,287,80.6,2,51,0.0392,0.2667,69.7,20.9,91.0,992.4,3.7,19.0,11.8,334.7,NW,-6.38,-12.11,0.11
745156,2024-07-10,2024,KC,2024-07-10 18:45:00,18,5,8,13,4,13,2,22,284,85.2,10,62,0.1613,0.1818,79.2,26.2,62.3,997.8,0.1,5.7,3.6,220.9,SW,5.72,5.51,5.23
745153,2024-07-12,2024,CHC,2024-07-12 19:15:00,19,1,5,6,0,12,4,19,287,79.0,0,56,0.0,0.0,76.8,24.9,78.7,1001.9,0.0,7.3,4.5,206.0,SW,6.9,7.3,5.67
745152,2024-07-13,2024,CHC,2024-07-13 13:15:00,13,11,3,14,3,19,4,20,285,82.0,6,52,0.1154,0.15,88.5,31.4,59.0,1002.3,0.0,14.4,9.0,188.3,S,11.58,13.83,7.93
745175,2024-07-13,2024,CHC,2024-05-24 19:15:00,19,5,4,9,3,13,6,23,283,85.7,4,57,0.0702,0.1304,67.8,19.9,92.0,992.0,8.3,14.1,8.8,105.0,E,-7.04,-2.44,-10.8
745151,2024-07-14,2024,CHC,2024-07-14 13:15:00,13,3,8,11,7,10,2,19,251,85.1,8,61,0.1311,0.3684,93.5,34.2,48.0,998.2,0.0,15.8,9.8,196.7,S,13.91,15.63,10.5
745146,2024-07-26,2024,WSH,2024-07-26 19:15:00,19,8,10,18,3,20,10,22,334,82.0,4,59,0.0678,0.1364,78.0,25.5,70.3,1000.6,0.0,7.6,4.7,92.0,E,-5.18,-2.97,-6.77
745150,2024-07-27,2024,WSH,2024-07-27 18:15:00,18,3,14,17,2,13,11,24,380,82.7,4,65,0.0615,0.0833,75.7,24.3,87.3,998.4,3.1,7.7,4.8,140.3,SE,0.71,3.28,-1.94
745145,2024-07-28,2024,WSH,2024-07-28 13:15:00,13,4,3,7,2,14,4,16,247,81.2,3,50,0.06,0.125,80.9,27.2,71.7,997.0,0.0,10.9,6.8,203.7,SW,10.15,10.9,8.19
745147,2024-07-29,2024,TEX,2024-07-29 18:45:00,18,3,6,9,2,11,2,20,289,82.4,3,61,0.0492,0.1,87.4,30.8,66.7,993.1,0.0,10.8,6.7,223.9,SW,10.76,10.19,10.05
745149,2024-07-30,2024,TEX,2024-07-30 18:45:00,18,8,1,9,3,13,4,13,280,83.9,4,51,0.0784,0.2308,80.3,26.8,84.3,994.5,0.1,9.3,5.8,191.8,S,7.75,9.02,5.55
745148,2024-07-31,2024,TEX,2024-07-31 13:15:00,13,10,1,11,0,9,2,19,290,83.5,2,62,0.0323,0.0,88.2,31.2,66.3,996.3,0.0,16.0,9.9,185.1,S,12.27,15.04,8.01
745184,2024-08-05,2024,NYM,2024-05-08 12:15:00,12,0,6,6,1,22,3,15,263,85.1,1,46,0.0217,0.0667,78.6,25.9,63.3,985.3,0.0,22.8,14.1,138.7,SE,1.48,9.16,-6.38
745141,2024-08-06,2024,TB,2024-08-06 18:45:00,18,4,3,7,3,13,5,14,266,84.4,4,51,0.0784,0.2143,75.7,24.3,70.3,997.1,0.0,20.3,12.6,345.3,N,-10.27,-15.65,-3.65
745142,2024-08-07,2024,TB,2024-08-07 18:45:00,18,5,2,7,0,14,7,17,289,85.5,5,54,0.0926,0.0,75.6,24.2,67.7,995.1,0.0,9.1,5.7,11.7,N,-7.6,-8.86,-5.44
745143,2024-08-08,2024,TB,2024-08-08 18:15:00,18,4,6,10,1,12,5,21,282,81.4,5,59,0.0847,0.0476,77.5,25.3,64.3,996.7,0.3,10.0,6.2,345.0,N,-5.02,-7.69,-1.74
745144,2024-08-16,2024,LAD,2024-08-16 19:15:00,19,6,7,13,6,19,6,18,309,82.2,6,52,0.1154,0.3333,78.5,25.8,71.0,994.9,0.0,8.9,5.5,219.6,SW,8.86,8.61,8.04
745140,2024-08-17,2024,LAD,2024-08-17 18:15:00,18,5,2,7,4,7,4,15,258,85.3,4,57,0.0702,0.2667,78.0,25.5,66.7,995.1,0.0,9.4,5.8,354.7,N,-6.0,-8.12,-3.17
745139,2024-08-18,2024,LAD,2024-08-18 13:15:00,13,1,2,3,2,12,5,15,274,83.6,4,53,0.0755,0.1333,82.1,27.8,54.7,997.8,0.0,18.2,11.3,339.7,N,-7.61,-12.82,-1.48
745136,2024-08-20,2024,MIL,2024-08-20 18:45:00,18,2,3,5,1,11,7,14,266,85.3,2,53,0.0377,0.0714,70.5,21.4,58.3,1003.7,0.0,10.9,6.8,57.3,NE,-10.62,-9.18,-10.77
745138,2024-08-21,2024,MIL,2024-08-21 18:45:00,18,10,6,16,2,25,16,24,417,82.7,5,53,0.0943,0.0833,66.6,19.2,72.0,1004.8,0.0,5.9,3.6,154.4,SE,1.95,3.72,-0.06
745137,2024-08-22,2024,MIL,2024-08-22 13:15:00,13,3,0,3,0,9,7,12,295,81.6,2,55,0.0364,0.0,77.5,25.3,41.0,1004.8,0.0,9.6,6.0,106.3,E,-4.62,-1.45,-7.23
745133,2024-08-26,2024,SD,2024-08-26 18:45:00,18,4,7,11,1,7,6,19,311,81.6,1,64,0.0156,0.0526,87.9,31.1,54.7,1000.2,0.0,10.8,6.7,183.3,S,8.06,10.03,5.12
745132,2024-08-27,2024,SD,2024-08-27 18:45:00,18,5,7,12,2,12,7,21,310,84.4,4,61,0.0656,0.0952,86.6,30.3,62.7,998.9,0.0,11.9,7.4,215.3,SW,11.73,11.71,10.34
745134,2024-08-28,2024,SD,2024-08-28 18:45:00,18,4,3,7,1,14,6,21,319,82.1,4,59,0.0678,0.0476,80.2,26.8,78.3,1000.9,0.0,6.6,4.1,70.9,E,-5.97,-4.62,-6.6
745135,2024-08-29,2024,SD,2024-08-29 13:15:00,13,4,1,5,2,13,6,14,299,80.8,1,52,0.0192,0.1429,90.1,32.3,51.3,1000.7,0.0,2.3,1.4,121.9,SE,-0.53,0.28,-1.27
745131,2024-09-06,2024,SEA,2024-09-06 19:15:00,19,1,6,7,2,11,7,16,315,83.9,3,58,0.0517,0.125,70.5,21.4,49.7,1002.8,0.0,19.4,12.1,5.3,N,-14.96,-18.3,-9.81
745125,2024-09-07,2024,SEA,2024-09-07 18:15:00,18,2,0,2,1,23,6,7,256,82.2,1,34,0.0294,0.1429,63.3,17.4,38.0,1004.0,0.0,10.6,6.6,9.3,N,-8.64,-10.24,-5.99
745128,2024-09-08,2024,SEA,2024-09-08 13:15:00,13,4,10,14,2,23,7,23,323,82.8,4,52,0.0769,0.087,72.1,22.3,29.7,1005.1,0.0,3.9,2.4,43.0,NE,-3.93,-3.74,-3.65
745126,2024-09-10,2024,CIN,2024-09-10 18:45:00,18,0,3,3,0,19,8,15,283,83.8,0,47,0.0,0.0,71.9,22.2,46.0,999.7,0.0,8.6,5.3,108.0,E,-3.9,-1.05,-6.29
745127,2024-09-11,2024,CIN,2024-09-11 18:45:00,18,2,1,3,1,21,4,11,281,82.3,3,40,0.075,0.0909,75.8,24.3,48.7,997.4,0.0,8.6,5.3,75.7,E,-7.4,-5.45,-8.45
745129,2024-09-12,2024,CIN,2024-09-12 12:15:00,12,6,1,7,2,18,6,14,269,80.9,4,48,0.0833,0.1429,83.7,28.7,41.3,997.1,0.0,13.5,8.4,84.3,E,-10.47,-6.9,-12.77
745130,2024-09-16,2024,PIT,2024-09-16 18:45:00,18,4,0,4,0,20,5,11,270,81.0,0,42,0.0,0.0,76.3,24.6,67.0,1000.1,0.0,7.6,4.7,97.5,E,-4.62,-2.28,-6.41
745122,2024-09-17,2024,PIT,2024-09-17 18:45:00,18,3,1,4,2,16,5,12,259,85.8,5,46,0.1087,0.1667,74.7,23.7,55.7,997.1,0.0,9.3,5.8,124.0,SE,-1.78,1.45,-4.79
745121,2024-09-18,2024,PIT,2024-09-18 18:45:00,18,10,5,15,3,20,4,27,289,84.7,6,57,0.1053,0.1111,76.6,24.8,51.7,995.6,0.0,7.8,4.8,162.7,S,3.63,5.77,1.05
745120,2024-09-19,2024,PIT,2024-09-19 18:15:00,18,2,3,5,1,13,6,14,261,83.6,1,53,0.0189,0.0714,79.7,26.5,55.7,993.2,0.0,13.2,8.2,159.7,S,5.52,9.3,1.08
745123,2024-09-20,2024,CLE,2024-09-20 19:15:00,19,1,5,6,3,8,7,15,251,84.4,3,58,0.0517,0.2,78.8,26.0,83.7,993.5,0.0,4.6,2.8,86.0,E,-3.45,-2.22,-4.26
745124,2024-09-21,2024,CLE,2024-09-21 18:15:00,18,6,5,11,4,19,4,18,293,81.5,4,50,0.08,0.2222,77.1,25.0,85.0,995.1,0.0,5.9,3.7,184.6,S,4.52,5.56,2.93
745118,2024-09-22,2024,CLE,2024-09-22 13:15:00,13,2,1,3,0,8,6,7,230,82.6,0,48,0.0,0.0,78.1,25.6,73.0,995.2,0.0,9.9,6.1,291.5,W,3.94,0.61,6.8
778551,2025-03-27,2025,MIN,2025-03-27 15:15:00,15,5,3,8,3,16,5,18,298,87.2,4,51,0.0784,0.1667,58.2,14.5,83.0,1000.4,4.8,14.3,8.9,114.3,SE,-5.05,-0.18,-9.31
778528,2025-03-29,2025,MIN,2025-03-29 13:15:00,13,5,1,6,0,13,5,13,269,83.5,5,50,0.1,0.0,72.1,22.3,59.7,991.6,0.0,18.5,11.5,179.0,S,12.83,16.6,7.51
778517,2025-03-30,2025,MIN,2025-03-30 13:15:00,13,9,2,11,4,9,7,15,285,83.9,6,56,0.1071,0.2667,67.1,19.5,68.7,987.7,0.0,16.5,10.3,264.7,W,12.73,8.35,15.57
778503,2025-03-31,2025,LAA,2025-03-31 18:45:00,18,4,5,9,2,19,10,15,344,78.3,4,55,0.0727,0.1333,48.9,9.4,68.7,999.1,0.0,3.4,2.1,271.0,W,2.39,1.4,3.09
778495,2025-04-01,2025,LAA,2025-04-01 18:45:00,18,7,9,16,1,15,5,21,349,83.2,4,69,0.058,0.0476,54.4,12.4,64.0,990.6,12.5,17.6,10.9,122.7,SE,-3.76,2.35,-9.41
778473,2025-04-02,2025,LAA,2025-04-02 12:15:00,12,12,5,17,5,20,9,18,300,80.5,6,48,0.125,0.2778,68.2,20.1,89.3,982.9,29.3,24.1,15.0,213.7,SW,23.63,23.83,20.58
778365,2025-04-11,2025,PHI,2025-04-11 19:15:00,19,2,0,2,0,14,7,12,246,85.0,0,48,0.0,0.0,48.0,8.9,76.3,1006.0,0.0,5.7,3.6,292.3,W,2.21,0.27,3.89
778347,2025-04-12,2025,PHI,2025-04-12 13:15:00,13,1,4,5,0,15,5,17,277,82.6,3,52,0.0577,0.0,59.2,15.1,50.7,1003.3,0.0,8.3,5.2,153.0,SE,2.56,5.11,-0.29
778336,2025-04-13,2025,PHI,2025-04-13 13:15:00,13,7,0,7,2,15,2,13,238,80.6,5,49,0.102,0.1538,72.8,22.7,55.0,987.8,0.0,23.4,14.5,165.7,S,11.92,18.07,4.32
778325,2025-04-14,2025,HOU,2025-04-14 18:45:00,18,8,3,11,2,13,4,21,282,83.8,4,56,0.0714,0.0952,56.7,13.7,56.0,998.0,0.1,12.7,7.9,273.0,W,8.5,4.76,11.21
778308,2025-04-15,2025,HOU,2025-04-15 18:45:00,18,0,2,2,1,13,5,13,277,83.0,2,50,0.04,0.0769,53.3,11.8,53.3,1002.1,0.0,8.4,5.2,291.0,W,3.4,0.58,5.81
778290,2025-04-16,2025,HOU,2025-04-16 12:15:00,12,4,1,5,1,10,5,12,266,83.4,3,53,0.0566,0.0833,66.2,19.0,33.7,1001.1,0.0,8.6,5.3,159.0,S,3.48,5.95,0.6
778184,2025-04-25,2025,MIL,2025-04-25 19:15:00,19,3,2,5,0,9,3,18,271,86.6,2,56,0.0357,0.0,66.2,19.0,79.0,999.9,0.0,14.6,9.1,331.0,NW,-4.02,-8.58,1.02
778164,2025-04-26,2025,MIL,2025-04-26 13:15:00,13,6,5,11,2,12,7,21,304,84.7,5,60,0.0833,0.0952,63.9,17.7,54.0,1006.2,0.0,8.9,5.5,42.7,NE,-8.86,-8.45,-8.2
778150,2025-04-27,2025,MIL,2025-04-27 13:15:00,13,1,7,8,0,16,9,18,304,84.1,2,54,0.037,0.0,58.0,14.5,81.0,1004.4,0.4,11.4,7.1,104.0,E,-5.89,-2.18,-8.89
778084,2025-05-02,2025,NYM,2025-05-02 19:15:00,19,3,9,12,2,13,5,26,297,86.7,8,62,0.129,0.0769,59.0,15.0,84.0,995.0,0.0,7.1,4.4,288.6,W,3.17,0.79,5.16
778053,2025-05-04,2025,NYM,2025-05-04 12:15:00,12,6,5,11,1,12,13,21,332,81.4,4,58,0.069,0.0476,59.1,15.0,56.7,996.9,0.0,15.1,9.4,348.0,N,-8.22,-12.06,-3.4
778068,2025-05-04,2025,NYM,2025-05-03 13:15:00,13,5,4,9,1,15,8,19,293,84.6,4,54,0.0741,0.0526,56.2,13.5,80.0,995.3,8.4,14.6,9.1,339.2,N,-5.98,-10.18,-1.07
778036,2025-05-05,2025,PIT,2025-05-05 18:45:00,18,6,3,9,4,10,7,18,307,85.7,6,56,0.1071,0.2222,56.2,13.4,76.3,998.2,0.0,2.5,1.6,296.5,NW,0.8,-0.07,1.58
778030,2025-05-06,2025,PIT,2025-05-06 18:45:00,18,2,1,3,0,17,7,8,254,84.2,2,41,0.0488,0.0,64.6,18.1,67.7,999.7,0.0,4.7,2.9,75.7,E,-4.04,-2.98,-4.62
778016,2025-05-07,2025,PIT,2025-05-07 12:15:00,12,5,0,5,0,19,4,15,235,83.3,3,44,0.0682,0.0,71.1,21.7,52.7,999.2,0.0,12.0,7.4,107.0,E,-5.62,-1.67,-8.89
777862,2025-05-19,2025,DET,2025-05-19 18:45:00,18,11,4,15,1,15,4,24,298,84.3,5,58,0.0862,0.0417,71.5,22.0,86.7,989.5,7.1,15.7,9.7,119.5,SE,-4.19,1.22,-9.1
777840,2025-05-20,2025,DET,2025-05-20 18:45:00,18,4,5,9,3,15,3,15,260,85.3,11,54,0.2037,0.2,70.2,21.2,68.3,987.4,0.0,16.7,10.4,286.4,W,8.02,2.51,12.56
777827,2025-05-21,2025,DET,2025-05-21 12:15:00,12,1,5,6,0,16,7,12,275,83.2,1,47,0.0213,0.0,68.6,20.3,47.3,994.7,0.0,22.3,13.9,292.0,W,8.73,1.17,15.23
777797,2025-05-23,2025,AZ,2025-05-23 19:15:00,19,4,3,7,2,10,6,12,252,86.5,8,51,0.1569,0.1667,64.3,17.9,61.7,1001.3,0.0,6.0,3.7,149.2,SE,1.46,3.35,-0.61
777786,2025-05-24,2025,AZ,2025-05-24 13:15:00,13,6,5,11,1,15,3,20,282,82.9,4,55,0.0727,0.05,70.9,21.6,48.0,1002.5,0.0,12.5,7.8,131.3,SE,-0.8,3.52,-5.03
777766,2025-05-25,2025,AZ,2025-05-25 13:15:00,13,4,3,7,1,14,2,18,268,85.0,5,55,0.0909,0.0556,63.8,17.7,72.3,1004.0,0.6,13.5,8.4,74.0,E,-11.81,-8.86,-13.33
777660,2025-06-03,2025,KC,2025-06-03 18:45:00,18,7,10,17,4,13,7,25,326,83.9,4,66,0.0606,0.16,82.5,28.0,50.7,993.8,0.0,20.2,12.6,176.7,S,13.45,17.81,7.47
777635,2025-06-05,2025,KC,2025-06-05 18:45:00,18,5,7,12,3,19,7,19,319,82.2,7,52,0.1346,0.1579,70.8,21.6,83.3,998.1,0.0,5.7,3.6,21.3,N,-5.25,-5.72,-4.15
777642,2025-06-05,2025,KC,2025-06-04 12:45:00,12,6,5,11,2,7,5,20,308,86.2,5,70,0.0714,0.1,78.1,25.6,78.3,997.0,4.5,11.0,6.8,190.7,S,9.06,10.63,6.39
777620,2025-06-06,2025,LAD,2025-06-06 19:15:00,19,5,0,5,2,15,3,17,261,82.8,2,51,0.0392,0.1176,68.6,20.3,95.3,995.6,0.2,6.9,4.3,356.7,N,-4.61,-6.1,-2.56
777601,2025-06-07,2025,LAD,2025-06-07 13:15:00,13,2,1,3,0,17,7,18,279,82.0,1,51,0.0196,0.0,72.7,22.6,80.7,991.3,0.7,9.5,5.9,146.7,SE,1.93,5.0,-1.38
777582,2025-06-08,2025,LAD,2025-06-08 13:15:00,13,3,7,10,1,16,4,21,327,82.9,2,59,0.0339,0.0476,80.2,26.8,58.0,992.3,0.0,10.2,6.3,253.6,W,8.95,6.74,10.08
777581,2025-06-09,2025,TOR,2025-06-09 18:45:00,18,4,5,9,3,12,6,20,290,83.4,5,64,0.0781,0.15,71.4,21.9,62.3,992.0,0.0,8.7,5.4,319.5,NW,-0.68,-3.59,2.32
777558,2025-06-10,2025,TOR,2025-06-10 18:45:00,18,9,10,19,5,9,2,28,266,82.9,7,71,0.0986,0.1786,72.9,22.7,69.0,998.6,0.0,4.2,2.6,229.1,SW,4.16,3.8,4.01
777545,2025-06-11,2025,TOR,2025-06-11 13:15:00,13,2,5,7,2,17,5,18,294,83.1,2,53,0.0377,0.1111,83.5,28.6,52.3,1001.0,0.0,11.6,7.2,167.7,S,6.28,9.25,2.55
777433,2025-06-20,2025,CIN,2025-06-20 18:15:00,18,6,1,7,0,19,8,12,307,82.8,2,43,0.0465,0.0,83.2,28.5,69.3,996.1,0.0,14.1,8.7,174.3,S,8.92,12.1,4.66
777415,2025-06-21,2025,CIN,2025-06-21 13:15:00,13,6,5,11,3,20,10,17,341,83.3,2,57,0.0351,0.1765,94.9,34.9,45.3,996.6,0.1,19.1,11.9,204.7,SW,17.94,19.13,14.59
777407,2025-06-22,2025,CIN,2025-06-22 13:15:00,13,1,4,5,1,13,2,10,274,80.0,3,50,0.06,0.1,97.0,36.1,35.3,1000.6,0.0,14.9,9.3,206.0,SW,14.12,14.93,11.61
777392,2025-06-23,2025,CHC,2025-06-23 18:45:00,18,8,2,10,4,9,4,18,235,89.8,8,57,0.1404,0.2222,90.6,32.6,48.0,1001.5,0.0,12.5,7.8,188.3,S,10.05,12.01,6.89
777373,2025-06-24,2025,CHC,2025-06-24 18:45:00,18,8,7,15,5,10,4,23,270,87.3,6,62,0.0968,0.2174,89.3,31.8,56.0,1003.1,0.2,7.3,4.5,178.9,S,5.04,6.52,2.94
777357,2025-06-25,2025,CHC,2025-06-25 18:45:00,18,0,8,8,3,12,4,15,259,84.6,5,60,0.0833,0.2,87.2,30.7,63.3,1000.0,0.0,7.4,4.6,180.7,S,5.27,6.71,3.19
777348,2025-06-26,2025,CHC,2025-06-26 13:15:00,13,0,3,3,1,12,6,12,307,82.3,4,52,0.0769,0.0833,96.2,35.7,35.0,997.3,0.0,12.3,7.6,198.0,S,10.93,12.17,8.36
777191,2025-07-08,2025,WSH,2025-07-08 18:45:00,18,4,2,6,2,12,7,15,270,83.2,3,50,0.06,0.1333,73.0,22.8,90.3,999.9,2.9,4.1,2.5,160.7,S,1.78,2.94,0.41
777178,2025-07-09,2025,WSH,2025-07-09 18:45:00,18,2,8,10,3,13,4,16,279,82.9,6,56,0.1071,0.1875,81.9,27.7,68.7,997.6,0.0,4.7,2.9,10.5,N,-3.87,-4.55,-2.73
777167,2025-07-10,2025,WSH,2025-07-10 18:45:00,18,8,1,9,1,15,6,14,286,82.9,4,49,0.0816,0.0714,85.2,29.5,53.7,995.4,0.0,7.4,4.6,176.0,S,4.83,6.44,2.64
777147,2025-07-11,2025,ATL,2025-07-11 19:15:00,19,5,6,11,2,12,6,22,322,83.2,5,62,0.0806,0.0909,85.3,29.6,66.7,994.5,0.0,11.7,7.3,183.0,S,8.69,10.85,5.49
777133,2025-07-12,2025,ATL,2025-07-12 13:15:00,13,6,7,13,5,18,6,17,294,83.5,7,52,0.1346,0.2941,85.9,29.9,60.0,996.1,0.6,10.7,6.6,293.0,NW,4.01,0.37,7.16
777118,2025-07-13,2025,ATL,2025-07-13 13:15:00,13,5,4,9,1,22,6,17,307,84.2,2,47,0.0426,0.0588,76.8,24.9,83.7,998.6,5.6,4.4,2.8,224.6,SW,4.43,4.18,4.16
777023,2025-07-24,2025,SD,2025-07-24 18:45:00,18,9,7,16,5,18,6,25,290,84.4,7,57,0.1228,0.2,92.3,33.5,47.7,998.3,0.0,7.6,4.7,194.0,S,6.49,7.43,4.76
777005,2025-07-25,2025,SD,2025-07-25 18:15:00,18,3,0,3,0,8,2,16,220,83.2,2,57,0.0351,0.0,86.2,30.1,65.7,997.9,0.8,7.6,4.7,131.0,SE,-0.53,2.08,-3.08
776992,2025-07-26,2025,SD,2025-07-26 18:15:00,18,1,3,4,0,11,4,12,268,83.3,3,53,0.0566,0.0,85.6,29.8,73.0,997.7,0.0,6.2,3.8,196.5,S,5.42,6.1,4.09
776980,2025-07-27,2025,SD,2025-07-27 13:15:00,13,2,9,11,2,11,7,22,318,84.8,1,63,0.0159,0.0909,89.7,32.1,62.3,1000.4,0.0,3.6,2.2,229.2,SW,3.59,3.28,3.46
776960,2025-07-28,2025,MIA,2025-07-28 18:45:00,18,7,1,8,1,13,7,12,267,84.0,5,50,0.1,0.0833,91.5,33.0,58.7,1001.0,0.0,6.9,4.3,345.0,N,-3.43,-5.26,-1.19
776946,2025-07-29,2025,MIA,2025-07-29 18:45:00,18,0,5,5,1,15,6,16,297,83.8,2,50,0.04,0.0625,86.0,30.0,67.0,1000.7,0.0,4.7,2.9,320.3,NW,-0.43,-2.01,1.19
776934,2025-07-30,2025,MIA,2025-07-30 18:45:00,18,0,2,2,1,16,4,11,255,83.6,4,48,0.0833,0.0909,81.8,27.7,81.7,998.4,0.9,4.2,2.6,337.9,N,-1.63,-2.86,-0.21
776826,2025-08-08,2025,CHC,2025-08-08 19:15:00,19,5,0,5,1,11,2,20,285,84.2,2,58,0.0345,0.05,84.7,29.3,62.3,998.2,0.0,13.2,8.2,144.3,SE,2.15,6.48,-2.45
776818,2025-08-09,2025,CHC,2025-08-09 18:15:00,18,1,9,10,2,16,7,20,335,83.4,4,57,0.0702,0.1,86.4,30.2,59.3,998.8,0.0,11.6,7.2,164.3,S,5.67,8.77,1.88
776795,2025-08-10,2025,CHC,2025-08-10 18:10:00,18,3,2,5,2,19,3,12,238,77.1,3,42,0.0714,0.1667,84.7,29.3,61.3,999.3,0.0,4.4,2.7,191.4,S,3.67,4.28,2.61
776783,2025-08-11,2025,COL,2025-08-11 18:45:00,18,3,2,5,0,12,5,14,246,80.3,1,53,0.0189,0.0,85.6,29.8,55.7,998.0,1.0,6.8,4.2,239.3,SW,6.62,5.64,6.8
776775,2025-08-12,2025,COL,2025-08-12 18:45:00,18,0,3,3,1,15,3,11,267,84.4,4,45,0.0889,0.0909,76.3,24.6,89.3,996.2,0.5,3.6,2.3,290.8,W,1.49,0.27,2.53
776758,2025-08-13,2025,COL,2025-08-13 13:15:00,13,5,6,11,4,12,2,21,262,87.1,7,61,0.1148,0.1905,85.8,29.9,58.0,996.8,0.0,8.3,5.2,3.0,N,-6.17,-7.7,-3.9
776731,2025-08-15,2025,NYY,2025-08-15 19:15:00,19,3,4,7,1,22,12,13,316,82.4,1,40,0.025,0.0769,87.7,31.0,52.7,1001.0,0.0,8.0,5.0,152.3,SE,2.38,4.85,-0.37
776713,2025-08-16,2025,NYY,2025-08-16 18:15:00,18,8,12,20,6,25,7,27,342,85.2,7,54,0.1296,0.2222,89.0,31.7,64.0,999.6,0.0,2.9,1.8,22.3,N,-2.67,-2.9,-2.13
776698,2025-08-17,2025,NYY,2025-08-17 13:15:00,13,4,8,12,1,11,11,16,316,85.8,4,59,0.0678,0.0625,91.9,33.3,53.3,999.2,0.0,5.1,3.2,185.4,S,3.95,4.84,2.6
776589,2025-08-25,2025,PIT,2025-08-25 18:45:00,18,7,6,13,3,21,5,20,294,79.7,4,51,0.0784,0.15,69.0,20.6,51.7,1003.9,0.0,5.9,3.7,349.1,N,-3.31,-4.78,-1.44
776578,2025-08-26,2025,PIT,2025-08-26 18:45:00,18,3,8,11,2,24,4,14,305,83.5,3,43,0.0698,0.1429,70.6,21.5,44.3,1006.3,0.0,8.2,5.1,44.7,NE,-8.2,-7.72,-7.69
776568,2025-08-27,2025,PIT,2025-08-27 18:45:00,18,1,2,3,0,18,10,7,236,86.4,2,41,0.0488,0.0,74.0,23.3,44.0,1003.9,0.0,8.7,5.4,119.5,SE,-2.32,0.67,-5.04
776554,2025-08-28,2025,PIT,2025-08-28 13:15:00,13,4,1,5,2,16,5,12,273,84.7,5,45,0.1111,0.1667,83.6,28.7,32.0,1002.2,0.0,7.4,4.6,174.0,S,4.68,6.37,2.42
776497,2025-09-01,2025,ATH,2025-09-01 13:15:00,13,3,11,14,4,18,4,25,268,85.7,6,58,0.1034,0.16,80.3,26.8,38.3,1002.2,0.0,8.2,5.1,50.7,NE,-8.16,-7.39,-7.94
776483,2025-09-02,2025,ATH,2025-09-02 18:45:00,18,2,1,3,1,8,4,10,215,84.2,3,49,0.0612,0.1,76.5,24.7,44.0,998.0,0.0,5.1,3.2,1.6,N,-3.71,-4.68,-2.29
776470,2025-09-03,2025,ATH,2025-09-03 18:45:00,18,5,1,6,2,15,5,16,268,84.6,4,49,0.0816,0.125,75.3,24.0,61.0,991.4,0.1,10.3,6.4,334.5,NW,-3.44,-6.57,0.09
776445,2025-09-05,2025,SF,2025-09-05 19:15:00,19,2,8,10,3,16,4,23,296,84.5,4,59,0.0678,0.1304,64.9,18.3,63.0,999.1,0.0,6.4,4.0,276.3,W,3.98,2.04,5.44
776437,2025-09-06,2025,SF,2025-09-06 18:15:00,18,3,2,5,0,12,2,14,245,82.8,0,51,0.0,0.0,68.3,20.2,56.3,1001.4,0.0,3.1,1.9,270.7,W,2.19,1.29,2.82
776416,2025-09-07,2025,SF,2025-09-07 13:15:00,13,4,3,7,0,24,11,13,295,81.6,1,37,0.027,0.0,70.0,21.1,34.0,1007.0,0.0,9.9,6.1,359.7,N,-6.94,-8.92,-4.12
776312,2025-09-15,2025,CIN,2025-09-15 18:45:00,18,6,11,17,1,16,5,23,309,84.9,6,60,0.1,0.0435,85.1,29.5,45.7,1001.3,0.0,9.0,5.6,62.8,NE,-8.54,-7.09,-8.96
776300,2025-09-16,2025,CIN,2025-09-16 18:45:00,18,3,0,3,1,18,4,11,243,84.5,3,42,0.0714,0.0909,83.9,28.8,36.3,1001.3,0.0,8.6,5.3,22.6,NE,-7.95,-8.59,-6.35
776283,2025-09-17,2025,CIN,2025-09-17 12:15:00,12,2,6,8,2,20,7,16,320,83.8,5,49,0.102,0.125,89.5,31.9,30.3,1000.0,0.0,4.1,2.5,65.7,NE,-3.8,-3.08,-4.07
776265,2025-09-19,2025,MIL,2025-09-19 19:15:00,19,7,1,8,1,17,5,26,312,85.2,2,56,0.0357,0.0385,77.1,25.1,59.0,999.4,0.0,7.4,4.6,180.7,S,5.32,6.77,3.22
776244,2025-09-20,2025,MIL,2025-09-20 18:15:00,18,2,3,5,0,12,3,18,283,81.9,5,63,0.0794,0.0,74.1,23.4,75.3,998.0,0.0,8.8,5.5,140.3,SE,0.82,3.77,-2.23
776231,2025-09-21,2025,MIL,2025-09-21 13:15:00,13,5,1,6,1,14,9,10,275,82.3,3,46,0.0652,0.1,75.6,24.2,75.3,996.7,5.9,10.7,6.6,229.6,SW,10.67,9.73,10.32
