game_pk,game_date,season,away_team,game_start,start_hour,home_runs_scored,away_runs_scored,total_runs,home_runs_hit,strikeouts,walks,hits,total_pitches,avg_exit_velocity,n_barrels,n_bbe,barrel_rate,hr_h_ratio,temp_f,temp_c,rhum,pres,prcp,wspd,wspd_mph,wdir,wind_dir_bucket,wind_cf,wind_lcf,wind_rcf
413661,2015-04-05,2015,STL,2015-04-05 19:05:00,19,0,3,3,0,23,6,15,314,85.3,1,45,0.0222,0.0,45.6,7.5,71.0,993.8,0.0,3.4,2.1,7.1,N,-2.71,-3.27,-1.82
413693,2015-04-08,2015,STL,2015-04-08 13:20:00,13,2,0,2,0,19,4,6,237,84.3,0,38,0.0,0.0,43.9,6.6,87.3,993.2,0.0,17.5,10.9,27.7,NE,-16.7,-17.48,-13.91
413743,2015-04-13,2015,CIN,2015-04-13 19:05:00,19,7,6,13,3,11,5,23,313,87.0,1,68,0.0147,0.1304,54.7,12.6,49.7,998.0,0.0,12.1,7.5,281.6,W,6.65,2.79,9.71
413758,2015-04-14,2015,CIN,2015-04-14 19:05:00,19,2,3,5,1,17,7,12,287,86.9,0,47,0.0,0.0833,46.6,8.1,60.3,1001.7,0.0,10.3,6.4,73.7,E,-9.07,-6.82,-10.22
413771,2015-04-15,2015,CIN,2015-04-15 19:05:00,19,5,0,5,1,14,7,15,257,85.2,2,50,0.04,0.0667,50.2,10.1,57.7,1000.5,0.0,18.4,11.4,86.3,E,-13.79,-8.81,-17.11
413802,2015-04-17,2015,SD,2015-04-17 13:20:00,13,4,5,9,2,19,5,15,280,85.8,5,50,0.1,0.1333,68.1,20.1,48.7,995.0,0.0,7.3,4.5,150.0,SE,1.89,4.19,-0.64
413817,2015-04-18,2015,SD,2015-04-18 13:20:00,13,7,6,13,3,25,9,22,396,88.2,6,61,0.0984,0.1364,50.0,10.0,69.7,996.5,0.0,20.0,12.4,14.0,N,-17.14,-19.63,-12.59
413832,2015-04-19,2015,SD,2015-04-19 13:20:00,13,2,5,7,2,13,4,17,296,85.0,1,58,0.0172,0.1176,59.5,15.3,66.3,981.3,0.3,14.4,9.0,73.7,E,-12.66,-9.53,-14.27
413938,2015-04-27,2015,PIT,2015-04-27 19:05:00,19,4,0,4,0,13,2,15,244,88.0,0,51,0.0,0.0,40.3,4.6,78.0,998.0,0.0,7.6,4.7,31.3,NE,-7.42,-7.59,-6.35
413953,2015-04-28,2015,PIT,2015-04-28 19:05:00,19,6,2,8,1,19,6,17,276,84.0,2,48,0.0417,0.0588,41.3,5.2,84.3,994.7,0.0,5.6,3.5,18.5,N,-4.98,-5.53,-3.83
413968,2015-04-29,2015,PIT,2015-04-29 19:05:00,19,1,8,9,0,25,6,21,329,88.0,2,46,0.0435,0.0,42.4,5.8,77.0,990.9,0.0,12.6,7.8,4.7,N,-9.63,-11.85,-6.25
413988,2015-05-01,2015,MIL,2015-05-01 13:20:00,13,1,0,1,1,17,4,13,274,90.5,1,43,0.0233,0.0769,55.7,13.2,66.0,998.6,0.0,5.8,3.6,86.3,E,-4.38,-2.8,-5.43
414003,2015-05-02,2015,MIL,2015-05-02 13:20:00,13,1,6,7,2,29,6,14,313,87.1,2,39,0.0513,0.1429,68.5,20.3,41.3,994.2,0.0,10.1,6.3,169.3,S,5.7,8.21,2.5
414018,2015-05-03,2015,MIL,2015-05-03 13:20:00,13,3,5,8,1,17,4,17,275,82.8,2,53,0.0377,0.0588,74.3,23.5,43.3,992.1,0.0,19.6,12.2,196.0,S,17.14,19.36,12.86
414130,2015-05-11,2015,NYM,2015-05-11 19:05:00,19,4,3,7,4,15,11,12,301,86.4,3,45,0.0667,0.3333,58.5,14.7,57.0,990.1,0.0,28.0,17.4,264.3,W,21.66,14.28,26.42
414142,2015-05-12,2015,NYM,2015-05-12 19:05:00,19,6,1,7,2,21,9,16,303,87.9,3,43,0.0698,0.125,49.9,10.0,60.3,1002.9,0.0,12.3,7.7,323.0,NW,-1.72,-5.79,2.56
414157,2015-05-13,2015,NYM,2015-05-13 19:05:00,19,2,1,3,0,17,5,13,248,89.3,0,43,0.0,0.0,42.4,5.8,80.7,1008.2,0.0,10.1,6.3,37.7,NE,-10.05,-9.89,-9.0
414169,2015-05-14,2015,NYM,2015-05-14 13:20:00,13,6,5,11,4,17,3,16,289,88.0,2,51,0.0392,0.25,60.0,15.6,65.0,1000.9,0.0,18.8,11.7,118.3,SE,-5.39,1.09,-11.23
414185,2015-05-15,2015,PIT,2015-05-15 13:20:00,13,11,10,21,5,21,17,30,496,86.4,2,78,0.0256,0.1667,70.7,21.5,71.7,993.2,0.1,8.9,5.6,256.7,W,7.6,5.54,8.75
414200,2015-05-16,2015,PIT,2015-05-16 15:05:00,15,4,1,5,1,19,5,19,286,88.0,1,49,0.0204,0.0526,71.5,21.9,82.0,993.7,0.0,11.1,6.9,131.7,SE,-0.65,3.19,-4.41
414215,2015-05-17,2015,PIT,2015-05-17 13:20:00,13,0,3,3,0,17,9,13,296,84.6,1,46,0.0217,0.0,75.5,24.2,68.3,990.4,0.0,30.2,18.8,178.0,S,20.6,26.91,11.8
414328,2015-05-25,2015,WSH,2015-05-25 13:20:00,13,1,2,3,3,16,4,10,254,88.5,3,46,0.0652,0.3,73.0,22.8,62.3,991.2,0.0,23.6,14.7,220.0,SW,23.54,22.83,21.42
414343,2015-05-26,2015,WSH,2015-05-26 18:05:00,18,3,2,5,4,11,5,15,258,87.5,2,51,0.0392,0.2667,68.4,20.2,70.3,988.0,0.0,22.7,14.1,224.0,SW,22.7,21.46,21.19
414358,2015-05-27,2015,WSH,2015-05-27 19:05:00,19,0,3,3,2,27,4,16,286,83.9,2,44,0.0455,0.125,62.4,16.9,87.3,997.2,0.0,5.3,3.3,125.3,SE,-0.89,0.95,-2.62
414372,2015-05-29,2015,KC,2015-05-29 15:05:00,15,4,8,12,5,23,5,19,298,84.5,4,49,0.0816,0.2632,77.2,25.1,64.0,991.6,0.9,15.1,9.4,198.3,S,13.46,14.96,10.34
414402,2015-05-31,2015,KC,2015-05-31 13:20:00,13,2,1,3,0,21,10,11,359,84.0,1,52,0.0192,0.0,51.3,10.7,69.7,1001.4,0.0,26.2,16.3,17.3,N,-23.2,-25.97,-17.64
414546,2015-06-11,2015,CIN,2015-06-11 19:05:00,19,6,3,9,3,16,7,14,316,87.7,2,50,0.04,0.2143,62.3,16.8,94.0,987.7,0.0,8.4,5.2,55.3,NE,-8.3,-7.28,-8.31
414556,2015-06-12,2015,CIN,2015-06-12 15:05:00,15,4,5,9,2,23,7,17,361,87.1,2,54,0.037,0.1176,54.9,12.7,93.0,991.2,1.7,15.8,9.8,19.0,N,-14.17,-15.68,-10.95
414571,2015-06-13,2015,CIN,2015-06-13 18:15:00,18,4,3,7,3,13,1,20,246,90.4,3,53,0.0566,0.15,74.5,23.6,89.3,991.7,0.0,11.0,6.9,156.1,SE,3.97,7.25,0.21
414586,2015-06-14,2015,CIN,2015-06-14 19:08:00,19,2,1,3,0,17,6,15,341,86.5,2,61,0.0328,0.0,73.5,23.1,84.0,991.9,0.0,3.7,2.3,134.8,SE,-0.01,1.25,-1.28
414617,2015-06-16,2015,CLE,2015-06-16 19:05:00,19,0,6,6,1,16,11,13,321,90.1,3,49,0.0612,0.0769,56.1,13.4,74.0,999.0,0.0,11.8,7.4,47.3,NE,-11.82,-10.95,-11.28
414707,2015-06-22,2015,LAD,2015-06-22 19:05:00,19,4,2,6,5,18,6,10,251,86.2,3,39,0.0769,0.5,76.2,24.6,83.3,986.9,1.5,14.8,9.2,219.3,SW,14.69,14.31,13.31
414718,2015-06-23,2015,LAD,2015-06-23 19:05:00,19,1,0,1,0,16,6,8,294,85.4,0,51,0.0,0.0,68.1,20.0,77.0,997.2,0.0,7.9,4.9,98.3,E,-4.74,-2.27,-6.63
414733,2015-06-24,2015,LAD,2015-06-24 19:05:00,19,2,5,7,2,18,5,16,291,86.4,0,48,0.0,0.125,69.9,21.1,78.7,996.5,0.0,6.1,3.8,170.2,S,3.5,4.98,1.59
414745,2015-06-25,2015,LAD,2015-06-25 13:20:00,13,0,4,4,0,17,9,14,279,85.5,1,46,0.0217,0.0,70.2,21.2,86.3,993.2,0.4,13.4,8.3,38.0,NE,-13.27,-13.02,-11.91
414852,2015-07-03,2015,MIA,2015-07-03 13:20:00,13,1,2,3,2,17,6,11,283,84.0,2,48,0.0417,0.1818,70.8,21.5,61.7,993.2,0.0,10.2,6.3,55.7,NE,-10.02,-8.77,-10.06
414867,2015-07-04,2015,MIA,2015-07-04 18:15:00,18,7,2,9,2,12,5,14,258,85.8,2,55,0.0364,0.1429,72.6,22.5,71.7,993.9,0.0,8.1,5.1,116.0,SE,-2.65,0.14,-5.12
414882,2015-07-05,2015,MIA,2015-07-05 13:20:00,13,2,0,2,0,17,4,8,221,87.6,1,40,0.025,0.0,78.3,25.7,60.3,996.5,0.0,13.3,8.2,125.7,SE,-2.15,2.46,-6.5
414900,2015-07-06,2015,STL,2015-07-06 19:05:00,19,0,6,6,0,15,4,12,260,88.5,1,50,0.02,0.0,74.5,23.6,88.0,989.3,0.3,21.8,13.6,205.0,SW,20.52,21.83,16.73
413683,2015-07-07,2015,STL,2015-04-07 12:20:00,12,7,4,11,2,14,10,21,301,86.1,3,56,0.0536,0.0952,42.6,5.9,86.7,997.5,0.1,22.2,13.8,48.7,NE,-22.15,-20.33,-21.3
414915,2015-07-07,2015,STL,2015-07-07 19:05:00,19,5,3,8,0,14,6,15,293,84.5,1,53,0.0189,0.0,58.0,14.5,69.3,997.1,0.0,13.6,8.4,17.7,N,-12.05,-13.46,-9.2
414930,2015-07-08,2015,STL,2015-07-08 19:05:00,19,5,6,11,1,20,7,17,330,87.5,4,50,0.08,0.0588,63.9,17.7,88.7,994.2,0.1,9.9,6.2,65.0,NE,-9.33,-7.61,-9.93
414946,2015-07-10,2015,CWS,2015-07-10 15:05:00,15,0,1,1,0,17,7,8,265,81.5,0,39,0.0,0.0,73.2,22.9,66.7,997.6,0.0,11.8,7.3,95.3,E,-7.53,-3.97,-10.19
414961,2015-07-11,2015,CWS,2015-07-11 15:05:00,15,1,5,6,0,20,3,15,285,84.4,3,48,0.0625,0.0,72.9,22.7,82.3,997.5,2.0,10.9,6.8,109.9,E,-4.62,-0.96,-7.71
414976,2015-07-12,2015,CWS,2015-07-12 13:20:00,13,3,1,4,1,19,0,10,213,84.8,2,40,0.05,0.1,76.5,24.7,73.3,993.5,0.0,10.6,6.6,92.7,E,-7.12,-4.02,-9.36
415095,2015-07-24,2015,PHI,2015-07-24 15:05:00,15,3,5,8,3,15,3,21,303,84.9,3,64,0.0469,0.1429,81.1,27.3,57.3,992.8,0.0,14.2,8.8,200.7,S,12.97,14.19,10.19
415110,2015-07-25,2015,PHI,2015-07-25 15:05:00,15,0,5,5,1,21,6,11,271,87.3,4,44,0.0909,0.0909,79.5,26.4,77.3,991.7,0.0,11.5,7.1,67.3,NE,-10.61,-8.48,-11.46
415125,2015-07-26,2015,PHI,2015-07-26 13:20:00,13,5,11,16,5,16,6,23,315,88.8,5,58,0.0862,0.2174,77.0,25.0,76.3,993.3,0.0,11.3,7.0,55.3,NE,-11.15,-9.78,-11.17
415133,2015-07-27,2015,COL,2015-07-27 19:05:00,19,9,8,17,4,11,6,24,324,88.9,6,64,0.0938,0.1667,73.4,23.0,75.0,994.6,0.0,11.3,7.0,62.3,NE,-10.79,-8.98,-11.29
415143,2015-07-28,2015,COL,2015-07-28 19:05:00,19,2,7,9,1,18,8,17,294,85.2,2,51,0.0392,0.0588,80.7,27.0,75.7,992.3,0.0,6.4,4.0,171.2,S,3.8,5.34,1.79
415158,2015-07-29,2015,COL,2015-07-29 13:20:00,13,3,2,5,3,22,7,11,262,87.0,2,35,0.0571,0.2727,83.7,28.7,44.0,993.8,0.0,15.7,9.8,292.7,NW,5.98,0.64,10.6
415275,2015-08-06,2015,SF,2015-08-06 19:05:00,19,5,4,9,3,13,7,13,312,88.8,7,51,0.1373,0.2308,71.0,21.7,79.0,991.9,0.0,9.4,5.9,68.3,E,-8.66,-6.86,-9.42
415288,2015-08-07,2015,SF,2015-08-07 15:05:00,15,7,3,10,2,17,5,20,290,88.6,5,51,0.098,0.1,80.4,26.9,46.3,990.3,0.0,13.4,8.3,155.0,SE,4.6,8.64,0.0
415303,2015-08-08,2015,SF,2015-08-08 15:05:00,15,8,6,14,2,12,9,20,303,87.4,2,55,0.0364,0.1,75.8,24.3,70.0,992.7,0.0,9.5,5.9,35.7,NE,-9.34,-9.3,-8.25
415318,2015-08-09,2015,SF,2015-08-09 13:20:00,13,2,0,2,0,18,4,11,287,83.9,4,44,0.0909,0.0,75.8,24.3,75.0,992.8,0.0,10.8,6.7,156.0,SE,3.87,7.08,0.19
415337,2015-08-11,2015,MIL,2015-08-11 19:05:00,19,6,3,9,1,18,8,14,318,88.4,4,47,0.0851,0.0714,68.9,20.5,73.3,997.4,0.0,4.8,3.0,140.4,SE,0.45,2.05,-1.2
415352,2015-08-12,2015,MIL,2015-08-12 19:05:00,19,3,2,5,3,20,4,10,246,87.5,2,46,0.0435,0.3,69.7,21.0,72.7,998.1,0.0,9.2,5.7,154.9,SE,3.13,5.89,-0.01
415362,2015-08-13,2015,MIL,2015-08-13 13:20:00,13,9,2,11,5,22,7,20,312,87.4,3,48,0.0625,0.25,82.9,28.3,47.3,997.1,0.0,18.2,11.3,235.7,SW,17.85,15.63,17.93
415427,2015-08-18,2015,DET,2015-08-18 19:05:00,19,8,10,18,5,22,8,30,321,89.2,4,59,0.0678,0.1667,74.4,23.5,87.3,985.0,0.1,23.7,14.7,176.0,S,15.58,20.76,8.52
415442,2015-08-19,2015,DET,2015-08-19 19:05:00,19,8,15,23,8,18,7,32,354,88.8,6,68,0.0882,0.25,67.9,19.9,62.0,985.7,0.0,19.1,11.8,248.7,W,17.46,13.79,19.03
415454,2015-08-20,2015,ATL,2015-08-20 19:05:00,19,7,1,8,2,21,5,17,305,86.7,2,47,0.0426,0.1176,66.9,19.4,58.0,993.3,0.0,8.2,5.1,270.3,W,5.74,3.41,7.38
415465,2015-08-21,2015,ATL,2015-08-21 15:05:00,15,5,3,8,1,19,6,16,265,85.4,0,50,0.0,0.0625,79.3,26.3,47.3,996.5,0.0,14.2,8.8,189.3,S,11.56,13.7,8.03
415480,2015-08-22,2015,ATL,2015-08-22 15:05:00,15,9,7,16,6,15,2,22,264,88.7,4,59,0.0678,0.2727,78.6,25.9,43.7,995.2,0.0,16.1,10.0,145.7,SE,2.98,8.21,-2.61
415495,2015-08-23,2015,ATL,2015-08-23 13:20:00,13,9,3,12,6,18,7,19,332,88.3,5,53,0.0943,0.3158,74.1,23.4,59.3,989.7,0.0,23.7,14.7,268.3,W,17.24,10.64,21.76
414602,2015-08-24,2015,CLE,2015-06-15 19:05:00,19,2,1,3,1,20,1,11,243,89.8,0,40,0.0,0.0909,70.3,21.3,96.7,991.9,3.4,4.6,2.9,6.2,N,-3.58,-4.35,-2.38
415605,2015-08-31,2015,CIN,2015-08-31 19:05:00,19,6,13,19,4,18,9,20,336,89.5,5,55,0.0909,0.2,73.2,22.9,83.0,995.4,0.0,9.1,5.7,129.3,SE,-0.91,2.25,-3.95
415618,2015-09-01,2015,CIN,2015-09-01 19:05:00,19,5,4,9,3,19,4,16,304,86.8,4,47,0.0851,0.1875,78.4,25.8,70.0,995.2,0.0,15.0,9.3,192.0,S,12.58,14.62,9.03
415633,2015-09-02,2015,CIN,2015-09-02 13:20:00,13,4,7,11,5,19,6,18,309,87.5,3,53,0.0566,0.2778,85.5,29.7,53.7,994.4,0.0,8.8,5.5,209.3,SW,8.47,8.77,7.15
415651,2015-09-04,2015,AZ,2015-09-04 13:20:00,13,14,5,19,5,15,12,22,361,86.9,8,59,0.1356,0.2273,77.0,25.0,80.3,995.2,0.0,11.3,7.0,61.3,NE,-10.81,-9.08,-11.24
415666,2015-09-05,2015,AZ,2015-09-05 13:20:00,13,2,0,2,1,18,4,10,264,88.7,0,40,0.0,0.1,76.9,25.0,82.3,997.5,3.2,11.9,7.4,166.3,S,6.17,9.27,2.33
415681,2015-09-06,2015,AZ,2015-09-06 13:20:00,13,6,4,10,5,20,8,15,273,85.3,2,44,0.0455,0.3333,86.8,30.4,52.0,995.5,0.0,14.0,8.7,178.7,S,9.64,12.52,5.61
415858,2015-09-18,2015,STL,2015-09-18 13:20:00,13,8,3,11,2,17,14,15,334,91.6,3,48,0.0625,0.1333,76.5,24.7,81.0,988.7,0.5,2.3,1.4,16.1,N,-1.98,-2.24,-1.49
415873,2015-09-19,2015,STL,2015-09-19 12:05:00,12,5,4,9,3,19,8,17,306,88.3,4,49,0.0816,0.1765,66.7,19.3,57.0,995.2,0.0,17.7,11.0,337.3,NW,-6.73,-11.92,-0.72
415888,2015-09-20,2015,STL,2015-09-20 13:20:00,13,3,4,7,2,19,9,12,309,85.3,2,43,0.0465,0.1667,67.9,19.9,52.3,999.6,0.0,9.5,5.9,109.3,E,-4.13,-0.94,-6.82
415895,2015-09-21,2015,MIL,2015-09-21 19:05:00,19,9,5,14,3,14,7,21,302,88.9,3,58,0.0517,0.1429,62.6,17.0,78.7,997.9,0.0,9.8,6.1,111.7,E,-3.88,-0.57,-6.73
415906,2015-09-22,2015,MIL,2015-09-22 19:05:00,19,4,0,4,1,19,4,10,242,81.2,0,41,0.0,0.1,67.0,19.4,71.3,1000.9,0.0,10.9,6.8,120.7,SE,-2.71,1.08,-6.17
415921,2015-09-23,2015,MIL,2015-09-23 19:05:00,19,1,4,5,1,16,5,10,261,85.3,2,47,0.0426,0.1,65.5,18.6,78.7,1002.1,0.0,13.3,8.2,66.7,NE,-12.33,-9.91,-13.26
415950,2015-09-25,2015,PIT,2015-09-25 13:20:00,13,2,3,5,0,23,3,14,280,86.6,0,44,0.0,0.0,68.9,20.5,78.0,1001.9,0.0,19.2,11.9,31.0,NE,-18.63,-19.09,-15.92
415965,2015-09-26,2015,PIT,2015-09-26 12:05:00,12,0,4,4,1,17,5,14,286,86.4,5,52,0.0962,0.0714,70.3,21.3,71.7,1001.9,0.0,14.9,9.3,72.7,E,-13.2,-10.03,-14.77
415980,2015-09-27,2015,PIT,2015-09-27 19:08:00,19,4,0,4,1,17,4,10,247,86.4,3,42,0.0714,0.1,68.7,20.4,85.0,995.3,0.0,11.8,7.3,121.0,SE,-2.85,1.23,-6.58
414387,2015-09-28,2015,KC,2015-05-30 18:15:00,18,1,0,1,1,24,4,8,288,88.8,1,44,0.0227,0.125,46.0,7.8,90.0,997.7,3.5,34.7,21.5,14.7,N,-29.92,-34.1,-22.13
446960,2016-04-11,2016,CIN,2016-04-11 19:05:00,19,5,3,8,2,14,9,10,293,81.8,2,47,0.0426,0.2,39.9,4.4,62.0,996.6,0.0,13.8,8.6,342.0,N,-6.25,-10.07,-1.68
446985,2016-04-13,2016,CIN,2016-04-13 19:05:00,19,9,2,11,1,16,14,15,309,85.5,2,47,0.0426,0.0667,43.5,6.4,70.0,1002.5,0.0,13.1,8.1,84.3,E,-10.11,-6.66,-12.33
447000,2016-04-14,2016,CIN,2016-04-14 19:05:00,19,8,1,9,1,10,9,17,304,80.5,3,56,0.0536,0.0588,47.7,8.7,67.7,1000.4,0.0,12.5,7.7,85.3,E,-9.51,-6.18,-11.69
447012,2016-04-15,2016,COL,2016-04-15 13:20:00,13,1,6,7,0,15,7,15,288,82.8,2,53,0.0377,0.0,56.5,13.6,61.7,1001.5,0.0,14.2,8.8,66.0,NE,-13.23,-10.69,-14.16
447027,2016-04-16,2016,COL,2016-04-16 13:20:00,13,6,2,8,4,19,6,15,258,82.6,4,43,0.093,0.2667,61.3,16.3,67.7,1004.2,0.0,13.6,8.5,60.3,NE,-13.12,-11.1,-13.55
447042,2016-04-17,2016,COL,2016-04-17 13:20:00,13,0,2,2,2,23,3,8,253,83.0,2,37,0.0541,0.25,65.2,18.4,60.3,1005.8,0.0,14.8,9.2,79.3,E,-12.19,-8.61,-14.31
447169,2016-04-26,2016,MIL,2016-04-26 19:05:00,19,4,3,7,0,18,9,11,316,84.3,2,44,0.0455,0.0,43.1,6.2,83.7,991.5,0.0,21.6,13.4,32.0,NE,-21.08,-21.47,-18.14
447194,2016-04-28,2016,MIL,2016-04-28 13:20:00,13,7,2,9,1,18,18,14,380,83.0,3,46,0.0652,0.0714,45.9,7.7,86.7,991.8,0.5,14.7,9.2,29.0,NE,-14.16,-14.7,-11.92
447199,2016-04-29,2016,ATL,2016-04-29 13:20:00,13,6,1,7,2,16,9,14,260,84.9,5,44,0.1136,0.1429,46.3,8.0,75.0,998.6,0.0,12.1,7.5,19.7,N,-10.94,-12.05,-8.51
447229,2016-05-01,2016,ATL,2016-05-01 13:20:00,13,3,4,7,0,16,7,11,293,86.0,2,54,0.037,0.0,48.0,8.9,84.7,994.8,0.0,17.9,11.1,25.7,NE,-16.86,-17.87,-13.82
447294,2016-05-05,2016,WSH,2016-05-05 19:05:00,19,5,2,7,2,17,6,11,276,84.2,3,42,0.0714,0.1818,45.1,7.3,86.3,993.2,0.0,4.6,2.9,108.0,E,-2.1,-0.56,-3.39
447309,2016-05-06,2016,WSH,2016-05-06 13:20:00,13,8,6,14,6,23,7,18,271,87.4,5,43,0.1163,0.3333,70.6,21.5,52.0,990.0,0.0,13.6,8.4,206.0,SW,12.83,13.56,10.54
447324,2016-05-07,2016,WSH,2016-05-07 15:05:00,15,8,5,13,1,14,13,17,331,83.2,2,53,0.0377,0.0588,51.7,11.0,51.3,989.7,0.0,19.7,12.3,15.3,N,-17.14,-19.45,-12.77
447339,2016-05-08,2016,WSH,2016-05-08 13:20:00,13,4,3,7,1,19,13,25,448,84.2,1,81,0.0123,0.04,64.0,17.8,41.3,991.4,0.0,6.6,4.1,134.6,SE,-0.04,2.23,-2.31
447364,2016-05-10,2016,SD,2016-05-10 19:05:00,19,8,7,15,2,15,8,20,316,86.8,3,55,0.0545,0.1,55.9,13.3,98.3,992.2,0.0,9.2,5.7,85.7,E,-6.98,-4.51,-8.61
447350,2016-05-11,2016,SD,2016-05-09 19:05:00,19,4,7,11,1,15,12,19,343,84.7,4,58,0.069,0.0526,49.9,10.0,91.7,992.6,5.3,22.2,13.8,103.3,E,-11.64,-4.48,-17.39
447379,2016-05-11,2016,SD,2016-05-11 19:05:00,19,0,1,1,1,22,5,7,285,80.8,2,39,0.0513,0.1429,58.9,15.0,91.0,994.0,0.1,12.5,7.7,52.7,NE,-12.36,-11.04,-12.18
447401,2016-05-13,2016,PIT,2016-05-13 13:20:00,13,9,4,13,4,17,8,22,305,85.3,4,53,0.0755,0.1818,63.4,17.4,50.0,992.5,0.0,9.9,6.2,236.0,SW,9.72,8.49,9.78
447416,2016-05-14,2016,PIT,2016-05-14 13:20:00,13,8,2,10,2,19,7,14,278,83.2,1,45,0.0222,0.1429,46.0,7.8,48.7,995.2,0.0,25.3,15.7,303.3,NW,5.12,-3.67,13.3
447431,2016-05-15,2016,PIT,2016-05-15 13:20:00,13,1,2,3,1,19,7,9,281,81.1,0,44,0.0,0.1111,48.7,9.3,42.7,998.6,0.0,6.5,4.0,314.0,NW,0.11,-2.12,2.33
447589,2016-05-27,2016,PHI,2016-05-27 13:20:00,13,6,2,8,3,19,4,20,295,85.5,2,50,0.04,0.15,73.5,23.1,78.0,990.0,0.9,15.6,9.7,146.7,SE,3.14,8.17,-2.26
447604,2016-05-28,2016,PHI,2016-05-28 13:20:00,13,4,1,5,1,16,1,13,235,82.7,1,45,0.0222,0.0769,74.9,23.8,67.3,991.6,0.1,24.6,15.3,191.3,S,20.5,23.94,14.59
447619,2016-05-29,2016,PHI,2016-05-29 13:20:00,13,7,2,9,4,17,10,16,274,80.7,2,46,0.0435,0.25,75.6,24.2,57.0,994.5,0.0,17.9,11.1,260.3,W,14.6,10.18,17.26
447629,2016-05-30,2016,LAD,2016-05-30 16:05:00,16,2,0,2,0,20,4,9,246,82.9,2,38,0.0526,0.0,71.3,21.8,72.3,993.2,0.0,11.5,7.1,82.3,E,-9.12,-6.19,-10.95
447644,2016-05-31,2016,LAD,2016-05-31 19:05:00,19,0,5,5,1,20,6,9,292,83.5,2,42,0.0476,0.1111,67.1,19.5,87.7,993.2,0.0,12.2,7.6,92.5,E,-8.25,-4.68,-10.83
447659,2016-06-01,2016,LAD,2016-06-01 19:05:00,19,2,1,3,2,21,2,7,245,82.7,0,36,0.0,0.2857,70.9,21.6,74.7,992.3,0.0,8.1,5.0,222.0,SW,8.06,7.72,7.42
447673,2016-06-02,2016,LAD,2016-06-02 13:20:00,13,7,2,9,5,17,5,13,256,79.7,4,43,0.093,0.3846,72.3,22.4,54.0,995.1,0.0,3.9,2.4,255.7,W,3.33,2.45,3.8
447679,2016-06-03,2016,AZ,2016-06-03 13:20:00,13,6,0,6,0,25,8,13,303,84.5,1,36,0.0278,0.0,74.7,23.7,53.0,995.7,0.0,9.5,5.9,135.0,SE,-0.0,3.26,-3.26
447694,2016-06-04,2016,AZ,2016-06-04 13:20:00,13,5,3,8,4,13,6,11,274,86.2,4,50,0.08,0.3636,66.6,19.2,88.7,987.5,1.5,14.8,9.2,175.7,S,9.67,12.93,5.24
447709,2016-06-05,2016,AZ,2016-06-05 13:20:00,13,2,3,5,1,24,7,15,299,83.2,1,43,0.0233,0.0667,73.9,23.3,48.7,983.6,0.0,23.2,14.4,291.7,W,9.18,1.35,15.9
447876,2016-06-17,2016,PIT,2016-06-17 13:20:00,13,6,0,6,1,19,15,12,340,82.6,1,41,0.0244,0.0833,75.6,24.2,54.7,997.6,0.0,13.5,8.4,34.0,NE,-13.28,-13.37,-11.6
447891,2016-06-18,2016,PIT,2016-06-18 19:15:00,19,4,3,7,4,16,10,14,275,82.8,5,46,0.1087,0.2857,71.7,22.0,65.0,1001.4,0.0,10.3,6.4,81.0,E,-8.33,-5.76,-9.9
447906,2016-06-19,2016,PIT,2016-06-19 19:08:00,19,10,5,15,6,23,3,27,325,85.0,3,55,0.0545,0.2222,80.9,27.2,54.7,997.9,0.0,9.7,6.0,207.7,SW,9.29,9.72,7.74
447918,2016-06-20,2016,STL,2016-06-20 19:05:00,19,2,3,5,2,18,7,17,294,84.3,2,49,0.0408,0.1176,78.7,25.9,57.3,994.9,0.0,12.7,7.9,21.7,N,-11.69,-12.71,-9.26
447933,2016-06-21,2016,STL,2016-06-21 19:05:00,19,3,4,7,2,13,7,13,268,84.4,3,50,0.06,0.1538,75.0,23.9,50.7,991.5,0.0,8.2,5.1,287.3,W,3.79,1.09,6.04
447948,2016-06-22,2016,STL,2016-06-22 13:20:00,13,2,7,9,2,17,8,12,309,82.3,5,49,0.102,0.1667,74.4,23.6,77.0,990.7,0.6,6.9,4.3,188.6,S,5.53,6.59,3.8
448104,2016-07-04,2016,CIN,2016-07-04 13:20:00,13,10,4,14,5,11,7,21,324,84.5,3,63,0.0476,0.2381,74.8,23.8,69.7,990.1,0.0,5.1,3.2,111.0,E,-2.09,-0.36,-3.57
448119,2016-07-05,2016,CIN,2016-07-05 13:20:00,13,5,9,14,6,13,12,17,319,85.3,4,57,0.0702,0.3529,81.1,27.3,59.3,991.1,0.0,7.0,4.4,205.0,SW,6.61,7.03,5.39
448134,2016-07-06,2016,CIN,2016-07-06 13:20:00,13,3,5,8,3,20,5,16,320,83.9,3,47,0.0638,0.1875,84.6,29.2,59.7,988.3,0.0,9.0,5.6,248.7,W,8.24,6.51,8.98
447214,2016-07-07,2016,ATL,2016-04-30 13:20:00,13,3,4,7,2,24,7,14,367,82.6,3,54,0.0556,0.1429,45.4,7.5,90.7,993.3,3.1,22.8,14.2,64.7,NE,-21.5,-17.58,-22.83
448216,2016-07-15,2016,TEX,2016-07-15 13:20:00,13,6,0,6,0,9,7,12,276,85.4,0,54,0.0,0.0,69.7,20.9,70.0,995.8,0.4,16.8,10.4,24.7,NE,-15.75,-16.8,-12.81
448231,2016-07-16,2016,TEX,2016-07-16 13:20:00,13,3,1,4,0,21,8,7,276,84.2,0,36,0.0,0.0,73.9,23.3,54.7,998.9,0.0,10.0,6.2,90.7,E,-6.96,-4.11,-8.98
448246,2016-07-17,2016,TEX,2016-07-17 13:20:00,13,1,4,5,1,19,2,10,234,84.2,0,45,0.0,0.1,81.3,27.4,63.0,994.0,0.0,25.1,15.6,216.7,SW,24.87,24.61,22.12
448255,2016-07-18,2016,NYM,2016-07-18 18:05:00,18,5,1,6,2,12,4,16,274,86.3,1,52,0.0192,0.125,80.4,26.9,63.3,999.6,0.0,5.1,3.1,136.7,SE,0.15,1.87,-1.59
448283,2016-07-20,2016,NYM,2016-07-20 13:20:00,13,6,2,8,3,14,4,20,264,86.0,3,54,0.0556,0.15,86.5,30.3,56.7,999.7,0.0,9.6,5.9,196.0,S,8.37,9.45,6.28
448372,2016-07-27,2016,CWS,2016-07-27 19:05:00,19,8,1,9,4,13,8,11,277,86.3,3,48,0.0625,0.3636,78.1,25.6,74.0,992.4,0.0,5.4,3.4,135.3,SE,0.03,1.87,-1.82
448387,2016-07-28,2016,CWS,2016-07-28 19:05:00,19,3,1,4,0,14,6,12,283,83.5,1,47,0.0213,0.0,72.9,22.7,92.7,991.8,0.3,12.5,7.8,23.7,NE,-11.68,-12.53,-9.41
448405,2016-07-29,2016,SEA,2016-07-29 13:20:00,13,12,1,13,2,14,10,22,313,88.6,6,58,0.1034,0.0909,74.4,23.6,85.7,992.1,6.8,18.6,11.6,44.3,NE,-18.6,-17.55,-17.4
448420,2016-07-30,2016,SEA,2016-07-30 13:20:00,13,1,4,5,0,19,6,8,266,84.9,1,44,0.0227,0.0,72.8,22.7,78.3,994.0,0.0,16.2,10.0,28.7,NE,-15.51,-16.13,-13.02
448435,2016-07-31,2016,SEA,2016-07-31 19:08:00,19,7,6,13,3,30,10,20,419,83.4,6,61,0.0984,0.15,71.5,22.0,85.7,996.0,0.0,6.1,3.8,56.7,NE,-5.94,-5.16,-6.0
448440,2016-08-01,2016,MIA,2016-08-01 19:05:00,19,5,0,5,0,12,10,17,286,83.7,0,51,0.0,0.0,72.9,22.7,87.0,996.7,0.0,5.7,3.6,67.7,E,-5.29,-4.22,-5.73
448450,2016-08-02,2016,MIA,2016-08-02 19:05:00,19,3,2,5,0,17,5,18,275,84.6,0,49,0.0,0.0,76.2,24.6,79.3,996.1,0.0,4.4,2.7,188.3,S,3.53,4.22,2.42
448465,2016-08-03,2016,MIA,2016-08-03 13:20:00,13,5,4,9,2,22,6,20,326,83.8,1,50,0.02,0.1,84.5,29.2,61.0,995.7,0.0,6.8,4.2,118.0,SE,-1.99,0.35,-4.09
448549,2016-08-09,2016,LAA,2016-08-09 19:05:00,19,5,1,6,3,14,3,11,238,82.2,5,46,0.1087,0.2727,78.5,25.8,71.3,994.2,0.0,6.6,4.1,184.0,S,4.98,6.16,3.2
448565,2016-08-10,2016,LAA,2016-08-10 19:05:00,19,3,1,4,1,16,3,13,268,86.5,2,49,0.0408,0.0769,77.5,25.3,78.3,995.1,0.0,8.9,5.6,105.0,E,-4.47,-1.55,-6.84
448581,2016-08-11,2016,STL,2016-08-11 19:05:00,19,4,3,7,2,22,10,21,375,81.4,1,61,0.0164,0.0952,79.1,26.2,85.3,990.0,4.4,12.0,7.4,213.7,SW,11.73,11.83,10.22
448595,2016-08-12,2016,STL,2016-08-12 13:20:00,13,13,2,15,7,15,7,20,312,86.0,5,58,0.0862,0.35,79.2,26.2,88.3,988.6,4.2,11.5,7.2,258.2,W,9.65,6.9,11.23
448610,2016-08-13,2016,STL,2016-08-13 13:20:00,13,4,8,12,4,20,8,16,315,83.0,3,47,0.0638,0.25,79.3,26.3,75.0,989.0,0.4,13.2,8.2,330.6,NW,-3.55,-7.67,1.0
448625,2016-08-14,2016,STL,2016-08-14 19:08:00,19,4,6,10,3,18,4,18,295,85.2,6,53,0.1132,0.1667,75.9,24.4,79.7,996.5,0.0,6.7,4.2,215.6,SW,6.61,6.59,5.84
447184,2016-08-16,2016,MIL,2016-04-27 19:05:00,19,4,0,4,0,11,10,9,309,83.4,0,47,0.0,0.0,46.2,7.9,89.0,989.5,1.7,20.1,12.5,60.0,NE,-19.45,-16.5,-20.06
448640,2016-08-16,2016,MIL,2016-08-16 19:05:00,19,4,1,5,2,12,9,16,306,84.4,1,50,0.02,0.125,75.4,24.1,81.7,996.3,0.0,10.2,6.3,170.3,S,5.89,8.39,2.69
448655,2016-08-17,2016,MIL,2016-08-17 19:05:00,19,6,1,7,2,15,6,12,289,84.9,2,47,0.0426,0.1667,77.2,25.1,77.0,996.4,0.0,4.9,3.0,221.6,SW,4.89,4.7,4.5
448671,2016-08-18,2016,MIL,2016-08-18 13:20:00,13,9,6,15,4,11,12,20,319,82.1,1,59,0.0169,0.2,81.7,27.6,73.0,994.1,0.6,10.1,6.3,209.3,SW,9.69,10.04,8.18
448824,2016-08-29,2016,PIT,2016-08-29 19:05:00,19,8,7,15,4,24,12,30,465,84.5,5,78,0.0641,0.1333,74.8,23.8,94.0,1000.0,0.0,7.0,4.3,61.7,NE,-6.67,-5.59,-6.95
448838,2016-08-30,2016,PIT,2016-08-30 19:05:00,19,3,0,3,1,12,4,9,273,85.7,1,45,0.0222,0.1111,73.3,23.0,93.0,995.9,0.2,5.0,3.1,296.7,NW,1.58,-0.15,3.12
448853,2016-08-31,2016,PIT,2016-08-31 19:05:00,19,6,5,11,1,17,14,17,348,82.0,4,51,0.0784,0.0588,65.8,18.8,66.7,997.1,0.0,17.8,11.0,14.7,N,-15.33,-17.48,-11.34
448863,2016-09-01,2016,SF,2016-09-01 19:05:00,19,5,4,9,1,14,8,11,277,82.0,1,47,0.0213,0.0909,62.3,16.8,83.0,1001.1,0.0,20.0,12.4,5.7,N,-15.49,-18.9,-10.22
448875,2016-09-02,2016,SF,2016-09-02 13:20:00,13,2,1,3,1,10,7,8,247,82.7,1,48,0.0208,0.125,69.9,21.1,62.0,1002.8,0.0,16.9,10.5,47.0,NE,-16.86,-15.64,-16.04
448890,2016-09-03,2016,SF,2016-09-03 13:20:00,13,2,3,5,0,20,5,11,291,81.5,1,45,0.0222,0.0,72.6,22.5,61.3,1000.7,0.0,11.5,7.1,83.3,E,-9.02,-6.04,-10.92
448905,2016-09-04,2016,SF,2016-09-04 13:20:00,13,3,2,5,0,23,7,14,367,83.2,2,66,0.0303,0.0,77.6,25.3,55.3,999.6,0.0,13.7,8.5,146.7,SE,2.77,7.19,-1.99
449053,2016-09-15,2016,MIL,2016-09-15 19:05:00,19,4,5,9,2,22,7,17,297,86.2,3,47,0.0638,0.1176,69.8,21.0,74.3,998.3,0.0,13.4,8.3,115.0,SE,-4.58,-0.01,-8.6
449066,2016-09-16,2016,MIL,2016-09-16 13:20:00,13,5,4,9,5,17,6,21,282,82.9,5,55,0.0909,0.2381,78.2,25.7,74.0,991.2,0.0,25.1,15.6,183.0,S,18.68,23.3,11.8
449081,2016-09-17,2016,MIL,2016-09-17 15:05:00,15,3,11,14,5,20,8,16,305,82.0,5,47,0.1064,0.3125,77.8,25.4,54.0,990.7,0.0,17.1,10.6,256.7,W,14.58,10.62,16.78
449096,2016-09-18,2016,MIL,2016-09-18 13:20:00,13,1,3,4,1,21,3,16,264,86.0,1,49,0.0204,0.0625,75.0,23.9,57.7,993.2,0.0,2.7,1.7,153.0,SE,0.82,1.64,-0.09
449109,2016-09-19,2016,CIN,2016-09-19 19:05:00,19,5,2,7,4,15,2,15,260,84.3,6,51,0.1176,0.2667,73.2,22.9,66.7,994.7,0.0,12.4,7.7,205.0,SW,11.65,12.4,9.5
449120,2016-09-20,2016,CIN,2016-09-20 19:05:00,19,6,1,7,0,12,8,18,300,85.0,1,54,0.0185,0.0,69.9,21.0,71.0,998.8,0.0,9.4,5.8,98.3,E,-5.61,-2.7,-7.85
449135,2016-09-21,2016,CIN,2016-09-21 19:05:00,19,9,2,11,2,10,6,21,295,85.7,6,61,0.0984,0.0952,70.6,21.5,88.7,997.9,0.0,8.3,5.1,101.8,E,-4.52,-1.88,-6.62
449168,2016-09-23,2016,STL,2016-09-23 13:20:00,13,5,0,5,0,17,8,14,294,82.4,1,44,0.0227,0.0,71.1,21.7,85.7,997.7,0.0,15.2,9.4,23.3,NE,-14.13,-15.19,-11.36
449183,2016-09-24,2016,STL,2016-09-24 12:05:00,12,4,10,14,2,18,7,22,332,85.7,3,56,0.0536,0.0909,70.1,21.2,77.7,1000.1,0.0,12.2,7.6,77.3,E,-10.28,-7.43,-11.89
449198,2016-09-25,2016,STL,2016-09-25 19:08:00,19,3,1,4,1,21,8,13,288,81.9,2,41,0.0488,0.0769,71.7,22.0,85.7,991.6,0.2,17.3,10.8,244.0,SW,16.39,13.47,17.33
490197,2017-04-10,2017,LAD,2017-04-10 19:05:00,19,3,2,5,0,20,10,12,313,83.9,2,44,0.0455,0.0,39.7,4.3,92.0,992.2,3.2,19.4,12.1,358.3,N,-13.31,-17.34,-7.68
490221,2017-04-12,2017,LAD,2017-04-12 19:05:00,19,0,2,2,1,23,9,10,310,84.3,2,38,0.0526,0.1,43.5,6.4,67.0,1007.0,0.0,15.8,9.8,71.0,E,-14.17,-10.95,-15.68
490233,2017-04-13,2017,LAD,2017-04-13 13:20:00,13,4,0,4,2,14,8,14,274,81.8,4,47,0.0851,0.1429,51.1,10.6,86.3,1002.9,0.0,18.5,11.5,79.7,E,-15.21,-10.69,-17.89
490250,2017-04-14,2017,PIT,2017-04-14 13:20:00,13,2,4,6,0,13,5,17,315,83.0,2,56,0.0357,0.0,55.0,12.8,82.3,999.3,0.0,14.3,8.9,77.3,E,-12.05,-8.72,-13.94
490265,2017-04-15,2017,PIT,2017-04-15 13:20:00,13,7,8,15,6,20,5,19,317,81.0,1,53,0.0189,0.3158,76.9,24.9,48.3,990.9,0.0,36.3,22.6,216.7,SW,35.95,35.58,31.98
490280,2017-04-16,2017,PIT,2017-04-16 13:20:00,13,1,6,7,1,11,9,13,289,84.0,1,52,0.0192,0.0769,70.6,21.5,44.3,993.3,0.0,19.6,12.2,298.0,NW,5.73,-1.03,11.79
490290,2017-04-17,2017,MIL,2017-04-17 19:05:00,19,3,6,9,3,16,4,19,293,83.2,6,54,0.1111,0.1579,42.5,5.8,87.0,1000.0,0.0,14.9,9.3,1.6,N,-10.83,-13.68,-6.68
490304,2017-04-18,2017,MIL,2017-04-18 19:05:00,19,9,7,16,4,18,4,24,296,86.2,4,56,0.0714,0.1667,64.5,18.0,71.7,993.3,0.0,19.5,12.1,184.3,S,14.82,18.28,9.57
490319,2017-04-19,2017,MIL,2017-04-19 13:20:00,13,7,4,11,4,21,11,15,355,79.9,4,47,0.0851,0.2667,49.0,9.4,88.0,996.1,0.2,20.7,12.9,45.3,NE,-20.7,-19.41,-19.49
490480,2017-05-01,2017,PHI,2017-05-01 19:05:00,19,2,10,12,4,13,7,16,306,80.9,3,55,0.0545,0.25,47.0,8.3,91.0,977.5,4.2,28.2,17.5,238.3,SW,27.47,23.59,28.04
490495,2017-05-02,2017,PHI,2017-05-02 19:05:00,19,8,3,11,4,12,10,15,325,80.1,4,52,0.0769,0.2667,46.3,8.0,73.7,993.8,0.2,15.3,9.5,316.7,NW,-0.45,-5.65,4.81
490511,2017-05-03,2017,PHI,2017-05-03 19:05:00,19,5,4,9,0,17,7,17,284,80.9,2,49,0.0408,0.0,45.6,7.6,68.7,998.7,0.0,9.9,6.2,51.8,NE,-9.83,-8.84,-9.64
490526,2017-05-04,2017,PHI,2017-05-04 13:20:00,13,5,4,9,3,16,10,28,420,83.6,4,83,0.0482,0.1071,47.5,8.6,74.0,992.3,0.0,24.7,15.4,33.3,NE,-24.22,-24.47,-21.05
490538,2017-05-05,2017,NYY,2017-05-05 13:20:00,13,2,3,5,3,20,5,15,318,83.8,4,47,0.0851,0.2,46.3,7.9,78.0,988.2,0.0,37.9,23.5,358.3,N,-25.99,-33.84,-15.0
490568,2017-05-07,2017,NYY,2017-05-07 19:05:00,19,4,5,9,2,48,15,21,593,82.9,3,82,0.0366,0.0952,40.2,4.6,68.7,996.0,0.0,10.1,6.3,104.3,E,-5.13,-1.86,-7.79
490681,2017-05-16,2017,CIN,2017-05-16 19:05:00,19,9,5,14,7,9,7,23,313,82.5,6,64,0.0938,0.3043,74.5,23.6,58.3,984.5,0.0,27.1,16.8,194.3,S,23.31,26.63,17.18
490695,2017-05-17,2017,CIN,2017-05-17 19:05:00,19,7,5,12,1,16,9,15,321,82.0,0,50,0.0,0.0667,74.1,23.4,61.0,981.5,0.0,39.4,24.5,197.3,S,34.92,39.08,26.56
490710,2017-05-18,2017,CIN,2017-05-18 13:20:00,13,9,5,14,2,16,10,21,315,85.4,1,56,0.0179,0.0952,77.4,25.2,50.7,988.0,0.0,29.8,18.5,257.3,W,25.21,18.23,29.14
490726,2017-05-19,2017,MIL,2017-05-19 13:20:00,13,3,6,9,0,19,11,15,353,82.6,2,51,0.0392,0.0,47.1,8.4,88.7,997.3,14.8,33.3,20.7,20.0,N,-30.21,-33.21,-23.57
490756,2017-05-21,2017,MIL,2017-05-21 13:20:00,13,13,6,19,5,12,6,27,329,84.1,8,65,0.1231,0.1852,61.8,16.6,55.3,991.9,0.0,27.9,17.3,240.3,SW,26.91,22.76,27.81
490771,2017-05-22,2017,SF,2017-05-22 19:05:00,19,4,6,10,5,13,3,20,292,84.2,3,57,0.0526,0.25,60.7,15.9,78.7,991.5,0.3,23.8,14.8,205.7,SW,22.43,23.77,18.38
490782,2017-05-23,2017,SF,2017-05-23 18:05:00,18,4,1,5,3,20,1,9,219,81.2,3,37,0.0811,0.3333,54.8,12.7,98.0,984.5,3.0,7.9,4.9,88.3,E,-5.75,-3.55,-7.26
490797,2017-05-24,2017,SF,2017-05-24 19:05:00,19,5,4,9,4,13,8,16,281,80.1,3,53,0.0566,0.25,48.9,9.4,94.0,979.2,0.6,25.0,15.5,345.0,N,-12.48,-19.13,-4.34
490810,2017-05-25,2017,SF,2017-05-25 13:20:00,13,5,1,6,3,11,4,14,247,86.4,2,51,0.0392,0.2143,57.4,14.1,78.0,982.6,0.0,26.0,16.2,3.7,N,-19.52,-24.22,-12.47
490924,2017-06-02,2017,STL,2017-06-02 13:20:00,13,3,2,5,2,17,10,9,279,87.7,3,40,0.075,0.2222,74.8,23.8,54.0,996.3,0.0,17.3,10.7,117.3,SE,-5.24,0.7,-10.55
490939,2017-06-03,2017,STL,2017-06-03 13:20:00,13,5,3,8,3,13,5,12,262,84.1,3,46,0.0652,0.25,78.2,25.7,54.0,993.5,0.0,8.8,5.5,12.2,N,-7.42,-8.61,-5.34
490954,2017-06-04,2017,STL,2017-06-04 18:35:00,18,7,6,13,3,19,11,15,306,84.4,6,44,0.1364,0.2,68.7,20.4,69.0,986.1,0.0,9.9,6.1,55.1,NE,-9.72,-8.54,-9.72
490958,2017-06-05,2017,MIA,2017-06-05 19:05:00,19,3,1,4,2,12,1,12,222,84.4,2,49,0.0408,0.1667,53.1,11.7,84.0,992.2,0.0,22.5,14.0,1.0,N,-16.16,-20.52,-9.85
490969,2017-06-06,2017,MIA,2017-06-06 19:05:00,19,10,2,12,1,16,10,14,299,85.2,2,50,0.04,0.0714,57.5,14.2,70.3,995.5,0.0,21.6,13.4,357.0,N,-14.43,-19.04,-8.08
490984,2017-06-07,2017,MIA,2017-06-07 19:05:00,19,5,6,11,4,20,6,17,314,85.2,7,51,0.1373,0.2353,61.8,16.5,64.7,996.5,0.0,10.8,6.7,3.0,N,-8.0,-9.98,-5.05
490996,2017-06-08,2017,COL,2017-06-08 19:05:00,19,1,4,5,2,14,5,11,282,81.6,2,49,0.0408,0.1818,69.6,20.9,60.3,989.1,0.0,10.3,6.4,152.0,SE,3.02,6.22,-0.54
491008,2017-06-09,2017,COL,2017-06-09 13:20:00,13,3,5,8,2,26,12,13,343,80.7,1,37,0.027,0.1538,76.3,24.6,57.7,987.3,0.0,15.8,9.8,352.8,N,-9.7,-13.4,-4.84
491023,2017-06-10,2017,COL,2017-06-10 13:20:00,13,1,9,10,2,19,4,19,296,82.5,3,52,0.0577,0.1053,84.9,29.4,37.0,987.7,0.0,37.6,23.4,208.3,SW,36.05,37.57,30.19
491039,2017-06-11,2017,COL,2017-06-11 13:20:00,13,7,5,12,4,16,5,20,314,84.6,3,54,0.0556,0.2,89.0,31.7,43.7,991.5,0.0,29.3,18.2,197.3,S,25.92,29.01,19.71
491152,2017-06-19,2017,SD,2017-06-19 19:05:00,19,3,2,5,3,14,8,14,299,81.7,3,47,0.0638,0.2143,65.7,18.7,76.3,990.8,0.0,15.8,9.8,264.0,W,12.25,8.12,14.91
491166,2017-06-20,2017,SD,2017-06-20 19:05:00,19,4,0,4,2,16,8,14,255,83.7,2,44,0.0455,0.1429,61.6,16.5,85.0,992.0,0.0,6.7,4.2,73.9,E,-5.86,-4.4,-6.62
491181,2017-06-21,2017,SD,2017-06-21 13:20:00,13,2,3,5,2,17,7,10,306,80.5,3,45,0.0667,0.2,70.5,21.4,63.3,992.6,0.1,13.5,8.4,68.0,E,-12.43,-9.87,-13.48
491361,2017-07-04,2017,TB,2017-07-04 13:20:00,13,5,6,11,1,20,9,20,332,80.7,2,50,0.04,0.05,74.5,23.6,81.3,997.1,0.0,13.5,8.4,42.7,NE,-13.49,-12.86,-12.49
491376,2017-07-05,2017,TB,2017-07-05 13:20:00,13,7,3,10,1,13,8,18,288,83.0,2,51,0.0392,0.0556,78.1,25.6,58.7,997.2,0.0,12.7,7.9,76.7,E,-10.81,-7.88,-12.44
490741,2017-07-06,2017,MIL,2017-05-20 13:20:00,13,2,11,13,2,17,9,19,342,80.0,2,53,0.0377,0.1053,59.9,15.5,92.0,991.4,0.2,28.1,17.5,123.3,SE,-5.69,4.08,-14.77
491402,2017-07-07,2017,PIT,2017-07-07 13:20:00,13,6,1,7,3,11,11,16,347,80.6,6,56,0.1071,0.1875,74.4,23.6,77.7,989.7,0.1,20.2,12.6,11.0,N,-16.77,-19.63,-11.89
491417,2017-07-08,2017,PIT,2017-07-08 18:15:00,18,2,4,6,3,16,4,11,273,82.7,3,49,0.0612,0.2727,70.0,21.1,64.0,995.7,0.0,5.2,3.3,114.3,SE,-1.85,-0.06,-3.41
491432,2017-07-09,2017,PIT,2017-07-09 12:10:00,12,3,14,17,3,8,12,23,313,84.8,3,66,0.0455,0.1304,82.2,27.9,42.0,994.1,0.0,10.9,6.8,205.7,SW,10.32,10.93,8.46
491543,2017-07-21,2017,STL,2017-07-21 13:20:00,13,4,11,15,2,15,9,23,327,82.7,2,61,0.0328,0.087,81.3,27.4,68.0,992.5,0.0,17.0,10.6,90.3,E,-11.95,-7.1,-15.37
491558,2017-07-22,2017,STL,2017-07-22 15:05:00,15,3,2,5,2,15,3,9,244,82.0,1,44,0.0227,0.2222,78.9,26.1,82.0,986.8,0.1,14.1,8.8,83.0,E,-11.14,-7.49,-13.44
491573,2017-07-23,2017,STL,2017-07-23 19:05:00,19,5,3,8,4,19,4,13,280,83.2,4,43,0.093,0.3077,72.5,22.5,81.0,988.9,0.3,6.1,3.8,323.2,NW,-0.87,-2.87,1.24
491580,2017-07-24,2017,CWS,2017-07-24 13:20:00,13,1,3,4,2,17,5,19,305,81.7,2,55,0.0364,0.1053,67.4,19.7,76.3,996.2,0.0,23.2,14.4,9.3,N,-18.87,-22.37,-13.1
491592,2017-07-25,2017,CWS,2017-07-25 13:20:00,13,7,2,9,1,26,12,17,347,79.2,1,40,0.025,0.0588,76.6,24.8,58.3,1000.0,0.0,19.8,12.3,103.0,E,-10.47,-4.11,-15.58
491681,2017-08-01,2017,AZ,2017-08-01 19:05:00,19,16,4,20,5,18,8,25,348,82.9,2,59,0.0339,0.2,74.3,23.5,82.7,995.5,3.4,11.6,7.2,205.7,SW,10.91,11.57,8.95
491696,2017-08-02,2017,AZ,2017-08-02 19:05:00,19,0,3,3,0,20,6,7,271,80.7,1,40,0.025,0.0,70.2,21.2,93.3,995.6,6.8,12.7,7.9,12.0,N,-10.65,-12.37,-7.64
491711,2017-08-03,2017,AZ,2017-08-03 13:20:00,13,8,10,18,7,28,9,24,368,82.8,6,50,0.12,0.2917,79.9,26.6,62.7,990.0,0.8,15.7,9.8,192.4,S,13.25,15.35,9.55
491738,2017-08-04,2017,WSH,2017-08-04 13:20:00,13,2,4,6,3,14,7,13,272,80.7,4,50,0.08,0.2308,62.6,17.0,68.0,991.1,0.4,30.5,19.0,295.0,NW,10.43,0.0,19.61
491753,2017-08-05,2017,WSH,2017-08-05 13:20:00,13,7,4,11,3,23,7,16,342,84.8,4,43,0.093,0.1875,76.8,24.9,43.0,995.5,0.0,14.7,9.1,262.0,W,11.71,7.99,14.03
491768,2017-08-06,2017,WSH,2017-08-06 13:20:00,13,4,9,13,5,21,6,20,307,80.1,5,50,0.1,0.25,74.8,23.8,53.0,995.0,0.0,13.3,8.3,169.3,S,7.5,10.81,3.29
491865,2017-08-14,2017,CIN,2017-08-14 19:05:00,19,15,5,20,4,13,11,25,355,84.0,2,63,0.0317,0.16,73.4,23.0,82.0,988.6,0.2,10.7,6.6,157.6,S,4.09,7.22,0.48
491876,2017-08-15,2017,CIN,2017-08-15 19:05:00,19,1,2,3,0,21,10,15,298,76.9,0,45,0.0,0.0,68.1,20.0,93.7,993.3,0.0,10.1,6.3,22.0,N,-9.33,-10.12,-7.41
491892,2017-08-16,2017,CIN,2017-08-16 19:05:00,19,7,6,13,4,22,9,17,299,82.1,4,45,0.0889,0.2353,74.5,23.6,93.0,990.6,9.7,16.8,10.4,137.7,SE,0.78,6.46,-5.0
491906,2017-08-17,2017,CIN,2017-08-17 13:20:00,13,10,13,23,8,17,10,25,346,82.6,8,61,0.1311,0.32,81.2,27.3,59.0,984.5,0.0,34.6,21.5,247.7,W,31.96,25.46,34.6
491926,2017-08-18,2017,TOR,2017-08-18 13:20:00,13,7,4,11,1,19,5,23,283,81.8,1,52,0.0192,0.0435,80.2,26.8,51.3,989.2,0.0,18.5,11.5,271.3,W,12.77,7.43,16.58
491941,2017-08-19,2017,TOR,2017-08-19 13:20:00,13,4,3,7,1,19,6,14,301,78.3,2,45,0.0444,0.0714,76.7,24.8,58.3,992.9,0.0,13.4,8.3,91.0,E,-9.33,-5.46,-12.07
491956,2017-08-20,2017,TOR,2017-08-20 13:20:00,13,6,5,11,1,20,11,16,344,80.3,3,55,0.0545,0.0625,83.3,28.5,60.7,994.6,0.0,11.7,7.2,127.3,SE,-1.56,2.49,-5.42
492059,2017-08-28,2017,PIT,2017-08-28 19:05:00,19,6,1,7,1,12,5,17,279,81.6,1,54,0.0185,0.0588,67.6,19.8,91.3,995.3,0.1,9.2,5.7,105.4,E,-4.52,-1.52,-6.98
492072,2017-08-29,2017,PIT,2017-08-29 19:05:00,19,4,1,5,2,16,6,14,268,81.7,2,46,0.0435,0.1429,68.7,20.4,86.0,996.0,0.1,8.9,5.5,358.7,N,-6.12,-7.95,-3.56
492087,2017-08-30,2017,PIT,2017-08-30 19:05:00,19,17,3,20,5,21,1,26,313,80.3,6,57,0.1053,0.1923,69.6,20.9,88.0,996.7,0.0,6.2,3.9,211.3,SW,6.06,6.2,5.19
492093,2017-08-31,2017,ATL,2017-08-31 19:05:00,19,6,2,8,2,18,9,17,311,80.0,3,50,0.06,0.1176,63.1,17.3,88.3,999.0,0.0,20.1,12.5,23.3,NE,-18.71,-20.12,-15.04
492104,2017-09-01,2017,ATL,2017-09-01 13:20:00,13,2,0,2,0,10,7,9,254,83.3,1,48,0.0208,0.0,64.2,17.9,55.3,999.3,0.0,23.6,14.7,38.7,NE,-23.49,-22.96,-21.18
492119,2017-09-02,2017,ATL,2017-09-02 13:20:00,13,14,12,26,6,16,11,29,359,83.4,3,63,0.0476,0.2069,68.6,20.3,58.0,994.0,0.0,8.1,5.0,98.6,E,-4.81,-2.29,-6.75
492134,2017-09-03,2017,ATL,2017-09-03 13:20:00,13,1,5,6,1,16,7,13,253,80.9,1,48,0.0208,0.0769,77.7,25.4,53.0,993.9,0.0,4.9,3.0,23.3,NE,-4.55,-4.9,-3.66
492208,2017-09-08,2017,MIL,2017-09-08 19:05:00,19,0,2,2,1,23,6,9,268,84.6,5,38,0.1316,0.1111,63.5,17.5,58.3,1003.7,0.0,16.1,10.0,43.3,NE,-16.06,-15.25,-14.93
492223,2017-09-09,2017,MIL,2017-09-09 15:05:00,15,2,15,17,2,18,11,18,327,80.5,5,54,0.0926,0.1111,65.7,18.7,54.3,1006.7,0.0,20.4,12.7,65.0,NE,-19.2,-15.65,-20.43
492238,2017-09-10,2017,MIL,2017-09-10 13:20:00,13,1,3,4,1,22,5,15,284,76.9,1,46,0.0217,0.0667,65.7,18.7,57.0,1007.4,0.0,14.9,9.3,79.3,E,-12.33,-8.71,-14.47
492263,2017-09-12,2017,NYM,2017-09-12 19:05:00,19,8,3,11,3,16,11,18,328,79.9,2,49,0.0408,0.1667,64.0,17.8,88.0,989.7,0.0,13.6,8.4,21.7,N,-12.46,-13.54,-9.87
492278,2017-09-13,2017,NYM,2017-09-13 19:05:00,19,17,5,22,4,19,17,26,373,85.8,4,56,0.0714,0.1538,66.6,19.2,91.0,987.3,0.0,8.3,5.1,162.2,S,3.77,6.06,1.03
492292,2017-09-14,2017,NYM,2017-09-14 19:05:00,19,14,6,20,4,23,4,25,303,83.7,5,52,0.0962,0.16,68.7,20.4,81.0,992.0,0.0,16.7,10.4,159.7,S,6.96,11.72,1.36
492308,2017-09-15,2017,STL,2017-09-15 13:20:00,13,8,2,10,2,19,6,15,294,79.1,2,45,0.0444,0.1333,80.4,26.9,62.3,994.2,0.0,17.2,10.7,131.7,SE,-1.0,4.92,-6.8
492323,2017-09-16,2017,STL,2017-09-16 15:05:00,15,4,1,5,2,18,7,16,269,80.5,3,47,0.0638,0.125,82.4,28.0,50.3,994.8,0.0,15.3,9.5,173.3,S,9.45,12.98,4.78
492338,2017-09-17,2017,STL,2017-09-17 13:20:00,13,4,3,7,2,19,9,21,321,81.3,3,51,0.0588,0.0952,77.5,25.3,72.3,996.0,3.7,15.1,9.4,274.0,W,9.88,5.4,13.18
492488,2017-09-29,2017,CIN,2017-09-29 13:20:00,13,5,4,9,1,13,6,17,279,80.6,2,52,0.0385,0.0588,62.9,17.2,59.7,1002.1,0.0,26.9,16.7,31.3,NE,-26.14,-26.74,-22.39
492503,2017-09-30,2017,CIN,2017-09-30 15:05:00,15,9,0,9,2,22,8,18,331,82.2,3,45,0.0667,0.1111,60.9,16.0,52.3,1005.6,0.0,18.9,11.8,65.0,NE,-17.79,-14.5,-18.93
492518,2017-10-01,2017,CIN,2017-10-01 14:20:00,14,1,3,4,1,16,1,13,253,81.3,3,51,0.0588,0.0769,67.0,19.5,44.7,998.7,0.1,19.4,12.0,101.6,E,-10.65,-4.47,-15.54
529555,2018-04-10,2018,PIT,2018-04-09 14:20:00,14,5,8,13,4,17,4,22,304,85.4,5,58,0.0862,0.1818,35.1,1.7,75.3,1000.5,0.0,19.9,12.4,30.7,NE,-19.28,-19.8,-16.43
529584,2018-04-11,2018,PIT,2018-04-11 19:05:00,19,13,5,18,5,11,5,24,317,87.6,9,64,0.1406,0.2083,43.8,6.6,79.0,989.5,0.1,10.1,6.3,95.6,E,-6.43,-3.36,-8.72
529594,2018-04-12,2018,PIT,2018-04-12 13:20:00,13,1,6,7,5,16,8,16,311,85.9,5,54,0.0926,0.3125,64.9,18.3,61.3,983.6,0.0,15.7,9.8,329.0,NW,-3.82,-8.81,1.63
529598,2018-04-13,2018,ATL,2018-04-13 13:20:00,13,0,4,4,1,16,6,16,310,81.3,4,53,0.0755,0.0625,42.9,6.0,86.7,984.5,0.0,27.0,16.8,0.3,N,-19.2,-24.54,-11.55
529613,2018-04-14,2018,ATL,2018-04-14 13:20:00,13,14,10,24,2,18,18,25,401,84.7,0,58,0.0,0.08,37.3,2.9,91.0,989.0,0.8,38.0,23.6,40.3,NE,-37.87,-36.65,-34.53
529666,2018-04-17,2018,STL,2018-04-17 19:05:00,19,3,5,8,2,23,16,13,354,83.9,4,44,0.0909,0.1538,32.6,0.3,75.7,992.2,0.0,9.9,6.1,76.7,E,-8.4,-6.12,-9.66
529680,2018-04-19,2018,STL,2018-04-18 13:20:00,13,8,5,13,1,17,7,19,324,83.6,4,52,0.0769,0.0526,34.6,1.5,82.0,986.9,3.4,28.9,18.0,23.0,NE,-26.83,-28.92,-21.5
529780,2018-04-26,2018,MIL,2018-04-26 19:05:00,19,1,0,1,1,9,1,13,215,84.8,3,50,0.06,0.0769,47.3,8.5,58.3,988.4,0.0,14.7,9.2,164.3,S,7.22,11.17,2.39
529792,2018-04-27,2018,MIL,2018-04-27 13:20:00,13,3,2,5,0,16,5,11,303,80.6,2,48,0.0417,0.0,44.2,6.8,72.0,988.1,0.0,15.9,9.9,64.3,NE,-14.97,-12.27,-15.87
529807,2018-04-28,2018,MIL,2018-04-28 13:20:00,13,3,0,3,0,19,3,8,254,79.6,0,40,0.0,0.0,42.0,5.5,56.0,1000.8,0.0,25.6,15.9,26.7,NE,-24.3,-25.59,-20.08
529822,2018-04-29,2018,MIL,2018-04-29 13:20:00,13,2,0,2,0,11,6,7,246,84.6,0,45,0.0,0.0,45.3,7.4,58.3,1005.5,0.0,10.5,6.5,95.0,E,-6.75,-3.59,-9.09
529830,2018-04-30,2018,COL,2018-04-30 18:05:00,18,3,2,5,0,16,6,13,272,80.7,0,47,0.0,0.0,63.2,17.3,46.0,993.6,0.0,24.7,15.3,174.7,S,15.74,21.29,8.3
529844,2018-05-01,2018,COL,2018-05-01 19:05:00,19,1,3,4,4,16,4,7,247,83.8,1,44,0.0227,0.5714,70.8,21.5,49.0,990.7,0.0,30.2,18.8,197.7,S,26.86,29.99,20.49
529859,2018-05-02,2018,COL,2018-05-02 13:20:00,13,2,11,13,6,21,7,19,305,82.5,4,53,0.0755,0.3158,78.7,26.0,56.7,990.8,0.0,28.9,17.9,235.0,SW,28.43,25.0,28.43
529928,2018-05-07,2018,MIA,2018-05-07 19:05:00,19,14,2,16,4,11,5,21,297,85.1,10,59,0.1695,0.1905,57.0,13.9,62.0,998.7,0.0,15.1,9.4,155.0,SE,5.16,9.71,-0.0
529941,2018-05-08,2018,MIA,2018-05-08 19:05:00,19,4,3,7,1,17,3,14,260,84.2,3,47,0.0638,0.0714,60.0,15.6,58.3,994.6,0.0,15.1,9.4,126.0,SE,-2.35,2.88,-7.3
529956,2018-05-09,2018,MIA,2018-05-09 13:20:00,13,13,4,17,5,16,8,25,333,86.8,2,59,0.0339,0.2,75.2,24.0,62.7,983.1,0.2,31.5,19.6,209.7,SW,30.41,31.43,25.72
529974,2018-05-11,2018,CWS,2018-05-11 13:20:00,13,11,2,13,3,19,14,20,369,81.7,5,50,0.1,0.15,52.0,11.1,82.7,992.7,0.6,27.4,17.0,73.3,E,-24.09,-18.2,-27.08
529989,2018-05-12,2018,CWS,2018-05-12 13:20:00,13,8,4,12,3,13,12,17,320,87.7,6,55,0.1091,0.1765,46.5,8.0,85.3,997.5,0.1,22.0,13.7,24.0,NE,-20.57,-22.03,-16.63
530004,2018-05-13,2018,CWS,2018-05-13 13:20:00,13,3,5,8,1,17,8,10,289,82.9,4,46,0.087,0.1,53.8,12.1,86.7,995.1,0.0,12.9,8.0,45.0,NE,-12.87,-12.09,-12.09
529628,2018-05-14,2018,ATL,2018-04-15 13:20:00,13,5,6,11,5,11,12,17,303,84.3,2,59,0.0339,0.2941,35.3,1.8,87.0,982.7,0.7,17.6,10.9,12.4,N,-14.81,-17.15,-10.68
530120,2018-05-22,2018,CLE,2018-05-22 18:05:00,18,1,10,11,2,14,13,21,340,85.3,5,59,0.0847,0.0952,52.5,11.4,96.3,996.1,0.0,6.4,4.0,76.2,E,-5.44,-3.99,-6.24
530135,2018-05-23,2018,CLE,2018-05-23 19:05:00,19,0,1,1,0,14,5,12,252,85.0,2,49,0.0408,0.0,52.5,11.4,99.7,999.5,0.0,8.5,5.3,84.7,E,-6.57,-4.31,-8.04
530165,2018-05-25,2018,SF,2018-05-25 13:20:00,13,6,2,8,1,18,8,12,262,81.6,1,43,0.0233,0.0833,83.4,28.6,46.7,989.3,0.0,15.9,9.9,204.7,SW,14.88,15.87,12.1
530180,2018-05-26,2018,SF,2018-05-26 18:15:00,18,4,5,9,3,20,8,18,300,83.6,2,48,0.0417,0.1667,70.9,21.6,77.0,986.2,0.0,11.6,7.2,108.7,E,-5.14,-1.27,-8.39
530195,2018-05-27,2018,SF,2018-05-27 19:08:00,19,8,3,11,1,16,14,22,353,85.4,2,55,0.0364,0.0455,74.1,23.4,80.3,990.0,0.0,11.0,6.8,151.0,SE,3.04,6.47,-0.76
530315,2018-06-05,2018,PHI,2018-06-05 19:05:00,19,1,6,7,1,10,8,17,280,83.9,2,60,0.0333,0.0588,51.9,11.1,77.0,992.1,0.0,19.8,12.3,17.7,N,-17.59,-19.64,-13.42
530330,2018-06-06,2018,PHI,2018-06-06 19:05:00,19,7,5,12,4,25,10,12,304,84.7,4,40,0.1,0.3333,69.3,20.7,80.3,990.8,0.8,12.2,7.6,162.3,S,5.61,8.99,1.55
530341,2018-06-07,2018,PHI,2018-06-07 13:20:00,13,4,3,7,1,21,10,12,312,82.2,2,40,0.05,0.0833,67.0,19.5,77.3,995.6,0.0,15.3,9.5,34.3,NE,-15.07,-15.13,-13.19
530353,2018-06-08,2018,PIT,2018-06-08 13:20:00,13,3,1,4,0,15,4,18,286,85.7,4,49,0.0816,0.0,60.9,16.1,87.3,998.1,0.0,10.2,6.3,28.3,NE,-9.74,-10.15,-8.15
530368,2018-06-09,2018,PIT,2018-06-09 13:20:00,13,2,0,2,0,14,6,7,263,85.2,1,44,0.0227,0.0,70.8,21.5,86.0,993.4,0.0,5.8,3.6,318.8,NW,-0.38,-2.35,1.63
530383,2018-06-10,2018,PIT,2018-06-10 13:20:00,13,1,7,8,1,18,8,13,326,82.5,1,48,0.0208,0.0769,66.0,18.9,96.7,987.9,0.7,16.6,10.3,70.7,E,-14.92,-11.56,-16.48
530482,2018-06-19,2018,LAD,2018-06-18 19:05:00,19,3,4,7,1,21,16,14,348,84.4,2,47,0.0426,0.0714,69.0,20.6,96.7,993.4,1.8,9.5,5.9,10.3,N,-7.79,-9.16,-5.48
530495,2018-06-19,2018,LAD,2018-06-19 19:05:00,19,2,1,3,1,19,11,17,315,85.6,4,53,0.0755,0.0588,64.9,18.3,99.0,990.4,1.9,14.0,8.7,355.0,N,-9.02,-12.15,-4.8
530509,2018-06-20,2018,LAD,2018-06-20 13:20:00,13,4,0,4,1,9,4,18,252,87.4,3,55,0.0545,0.0556,66.4,19.1,86.0,989.8,0.0,17.7,11.0,13.7,N,-15.09,-17.32,-11.04
530633,2018-06-29,2018,MIN,2018-06-29 16:05:00,16,10,6,16,5,15,11,22,296,83.8,2,57,0.0351,0.2273,89.2,31.8,72.3,991.0,0.0,22.3,13.9,188.7,S,17.97,21.4,12.37
530648,2018-06-30,2018,MIN,2018-06-30 13:20:00,13,14,9,23,1,14,12,31,350,84.3,2,66,0.0303,0.0323,88.0,31.1,69.7,992.1,0.0,23.4,14.5,183.7,S,17.55,21.77,11.21
530663,2018-07-01,2018,MIN,2018-07-01 13:20:00,13,11,10,21,5,14,10,30,342,85.9,4,68,0.0588,0.1667,88.3,31.3,62.7,988.1,0.1,30.9,19.2,206.4,SW,29.25,30.86,24.11
530683,2018-07-03,2018,DET,2018-07-03 13:20:00,13,5,3,8,1,14,5,19,285,82.9,3,53,0.0566,0.0526,78.8,26.0,79.3,998.4,0.0,13.1,8.2,78.0,E,-11.01,-7.9,-12.8
530698,2018-07-04,2018,DET,2018-07-04 13:20:00,13,5,2,7,4,15,10,16,285,81.6,3,49,0.0612,0.25,85.7,29.8,74.0,1001.0,0.5,9.5,5.9,183.0,S,7.09,8.84,4.48
530720,2018-07-06,2018,CIN,2018-07-06 13:20:00,13,2,3,5,0,12,7,17,307,84.1,2,55,0.0364,0.0,66.8,19.3,64.3,1007.3,0.0,26.9,16.7,5.7,N,-20.81,-25.38,-13.72
530735,2018-07-07,2018,CIN,2018-07-07 13:20:00,13,8,7,15,2,15,7,24,293,87.0,0,59,0.0,0.0833,72.0,22.2,55.7,1005.0,0.0,11.5,7.2,61.0,NE,-11.09,-9.33,-11.51
530750,2018-07-08,2018,CIN,2018-07-08 13:20:00,13,6,5,11,2,15,10,19,331,85.8,4,59,0.0678,0.1053,78.5,25.8,57.7,1002.2,0.0,12.4,7.7,108.3,E,-5.57,-1.44,-9.02
530857,2018-07-19,2018,STL,2018-07-19 18:05:00,18,9,6,15,3,11,3,28,338,84.8,3,68,0.0441,0.1071,75.9,24.4,70.3,989.0,0.0,14.6,9.1,188.2,S,11.7,13.98,8.0
530872,2018-07-20,2018,STL,2018-07-20 13:20:00,13,5,18,23,7,16,15,28,397,84.0,4,63,0.0635,0.25,76.3,24.6,72.7,982.6,4.4,19.9,12.4,236.7,SW,19.52,16.97,19.72
529651,2018-07-21,2018,STL,2018-04-16 18:05:00,18,7,2,9,1,7,14,13,292,82.6,1,55,0.0182,0.0769,33.5,0.8,60.3,991.1,0.0,16.5,10.3,280.6,W,9.31,4.09,13.41
530887,2018-07-21,2018,STL,2018-07-21 18:15:00,18,3,6,9,1,10,14,17,309,86.1,2,60,0.0333,0.0588,68.7,20.4,94.3,987.7,2.2,19.9,12.3,346.3,N,-10.33,-15.51,-3.9
530902,2018-07-22,2018,STL,2018-07-22 13:20:00,13,7,2,9,1,16,9,20,300,83.4,4,52,0.0769,0.05,71.0,21.7,87.0,990.1,0.1,29.8,18.5,7.0,N,-23.48,-28.34,-15.79
530903,2018-07-23,2018,AZ,2018-07-23 19:05:00,19,1,7,8,1,15,4,16,278,86.5,2,52,0.0385,0.0625,70.2,21.2,90.7,993.0,0.2,12.1,7.5,358.9,N,-8.42,-10.9,-4.93
530916,2018-07-24,2018,AZ,2018-07-24 19:05:00,19,1,5,6,1,24,7,18,329,81.1,0,46,0.0,0.0556,75.9,24.4,79.3,994.1,0.0,10.0,6.2,234.4,SW,9.83,8.68,9.8
530931,2018-07-25,2018,AZ,2018-07-25 13:20:00,13,2,1,3,1,15,3,9,252,85.0,2,42,0.0476,0.1111,80.0,26.7,59.0,993.8,0.0,11.2,7.0,106.1,E,-5.41,-1.73,-8.44
530945,2018-07-26,2018,AZ,2018-07-26 13:20:00,13,7,6,13,4,15,11,18,309,84.2,3,52,0.0577,0.2222,78.8,26.0,44.7,991.3,0.0,23.4,14.6,280.3,W,13.33,5.93,19.12
531046,2018-08-02,2018,SD,2018-08-02 19:05:00,19,1,6,7,1,10,4,18,296,83.1,1,60,0.0167,0.0556,71.2,21.8,90.3,993.9,0.0,14.7,9.1,107.7,E,-6.74,-1.87,-10.8
531060,2018-08-03,2018,SD,2018-08-03 13:20:00,13,5,4,9,3,12,4,18,295,83.2,4,58,0.069,0.1667,76.5,24.7,74.3,996.1,0.0,19.1,11.9,94.3,E,-12.47,-6.75,-16.68
531075,2018-08-04,2018,SD,2018-08-04 13:20:00,13,5,4,9,3,22,2,16,272,83.8,4,44,0.0909,0.1875,91.6,33.1,40.3,995.2,0.0,22.6,14.1,202.7,SW,20.93,22.61,16.73
531090,2018-08-05,2018,SD,2018-08-05 13:20:00,13,6,10,16,5,21,6,27,350,82.7,4,56,0.0714,0.1852,91.6,33.1,40.0,995.2,0.0,27.6,17.1,224.7,SW,27.6,25.99,25.88
531156,2018-08-10,2018,WSH,2018-08-10 13:20:00,13,3,2,5,0,13,8,13,272,83.9,2,49,0.0408,0.0,75.6,24.2,82.3,992.3,0.0,20.8,12.9,27.7,NE,-19.82,-20.74,-16.51
531171,2018-08-11,2018,WSH,2018-08-11 15:05:00,15,4,9,13,3,20,7,24,324,89.5,5,56,0.0893,0.125,80.2,26.8,62.3,994.5,0.0,8.9,5.6,27.7,NE,-8.53,-8.92,-7.1
531186,2018-08-12,2018,WSH,2018-08-12 19:05:00,19,4,3,7,1,23,4,9,274,82.8,1,39,0.0256,0.1111,72.6,22.6,93.0,997.6,0.0,11.3,7.0,44.5,NE,-11.27,-10.62,-10.55
531202,2018-08-14,2018,MIL,2018-08-14 13:20:00,13,0,7,7,4,24,3,14,289,84.6,3,43,0.0698,0.2857,85.6,29.8,48.3,993.1,0.0,6.3,3.9,211.8,SW,6.1,6.22,5.24
531217,2018-08-15,2018,MIL,2018-08-15 13:20:00,13,8,4,12,2,17,7,22,283,83.9,3,56,0.0536,0.0909,77.1,25.1,80.7,991.9,3.7,10.1,6.3,135.9,SE,0.16,3.59,-3.29
531320,2018-08-23,2018,CIN,2018-08-23 19:05:00,19,7,1,8,2,14,5,20,242,84.0,3,52,0.0577,0.1,67.6,19.8,80.7,996.2,0.0,10.3,6.4,193.0,S,8.76,10.11,6.36
531330,2018-08-24,2018,CIN,2018-08-24 13:20:00,13,3,2,5,3,23,5,12,291,83.3,2,44,0.0455,0.25,68.4,20.2,75.3,992.4,0.2,31.3,19.5,154.3,SE,10.37,19.86,-0.36
531345,2018-08-25,2018,CIN,2018-08-25 13:20:00,13,10,6,16,5,11,8,24,321,83.3,5,64,0.0781,0.2083,81.9,27.7,72.0,991.9,0.1,19.0,11.8,201.0,S,17.33,18.92,13.64
531360,2018-08-26,2018,CIN,2018-08-26 13:20:00,13,9,0,9,2,13,2,16,260,82.4,3,54,0.0556,0.125,87.7,30.9,66.0,994.1,0.1,18.4,11.5,218.0,SW,18.3,17.96,16.42
531375,2018-08-27,2018,NYM,2018-08-27 19:05:00,19,7,4,11,3,16,7,22,305,82.7,2,55,0.0364,0.1364,82.2,27.9,70.3,989.6,0.0,32.3,20.0,192.7,S,27.26,31.52,19.72
531387,2018-08-28,2018,NYM,2018-08-28 19:05:00,19,2,1,3,0,27,9,18,350,83.2,2,53,0.0377,0.0,75.6,24.2,90.7,991.4,8.7,16.1,10.0,347.1,N,-8.58,-12.73,-3.39
531401,2018-08-29,2018,NYM,2018-08-29 13:20:00,13,3,10,13,2,18,6,22,335,85.1,2,56,0.0357,0.0909,71.5,22.0,77.0,995.1,0.4,16.6,10.3,20.7,N,-15.16,-16.59,-11.9
531562,2018-09-10,2018,MIL,2018-09-10 19:05:00,19,2,3,5,0,18,9,16,299,83.5,2,47,0.0426,0.0,62.3,16.8,90.0,996.1,0.0,8.0,5.0,87.4,E,-5.91,-3.71,-7.4
531574,2018-09-11,2018,MIL,2018-09-11 19:05:00,19,3,0,3,0,20,4,6,262,84.8,1,38,0.0263,0.0,70.8,21.5,76.0,998.2,0.0,17.6,11.0,139.6,SE,1.42,7.35,-4.68
531589,2018-09-12,2018,MIL,2018-09-12 19:05:00,19,1,5,6,1,18,7,17,282,84.9,2,51,0.0392,0.0588,68.9,20.5,80.0,1000.0,0.0,16.6,10.3,120.6,SE,-4.14,1.61,-9.39
531606,2018-09-14,2018,CIN,2018-09-14 19:05:00,19,3,2,5,3,15,5,16,293,83.7,3,50,0.06,0.1875,69.1,20.6,83.0,999.1,0.0,11.3,7.0,96.3,E,-7.04,-3.61,-9.62
531621,2018-09-15,2018,CIN,2018-09-15 15:05:00,15,1,0,1,0,23,4,8,263,80.1,0,34,0.0,0.0,74.5,23.6,70.7,998.7,0.0,13.2,8.2,25.3,NE,-12.4,-13.17,-10.13
531636,2018-09-16,2018,CIN,2018-09-16 13:20:00,13,1,2,3,2,14,8,11,265,84.4,5,49,0.102,0.1818,77.2,25.1,82.7,996.0,0.0,14.2,8.8,68.0,E,-13.07,-10.39,-14.18
531752,2018-09-24,2018,PIT,2018-09-24 19:05:00,19,1,5,6,3,16,8,14,286,81.7,2,51,0.0392,0.2143,69.9,21.0,92.0,992.1,2.3,10.6,6.6,170.3,S,6.13,8.72,2.81
531767,2018-09-25,2018,PIT,2018-09-25 19:05:00,19,0,6,6,1,19,9,15,295,84.5,1,49,0.0204,0.0667,67.9,19.9,87.7,988.6,0.0,21.3,13.2,267.3,W,15.72,9.88,19.67
531782,2018-09-26,2018,PIT,2018-09-26 19:05:00,19,7,6,13,3,13,8,22,341,82.6,4,65,0.0615,0.1364,58.8,14.9,71.3,998.3,0.0,11.8,7.3,277.3,W,7.19,3.58,9.95
531791,2018-09-27,2018,PIT,2018-09-27 19:05:00,19,3,0,3,0,12,8,14,290,82.8,2,51,0.0392,0.0,61.5,16.4,53.3,992.4,0.0,18.5,11.5,198.0,S,16.48,18.36,12.62
531804,2018-09-28,2018,STL,2018-09-28 13:20:00,13,8,4,12,1,11,6,17,270,80.6,2,58,0.0345,0.0588,58.8,14.9,65.0,998.8,1.3,22.4,13.9,302.0,NW,5.05,-2.74,12.22
531819,2018-09-29,2018,STL,2018-09-29 12:05:00,12,1,2,3,0,17,2,8,238,81.7,1,43,0.0233,0.0,56.6,13.7,43.0,1004.5,0.0,12.1,7.5,61.4,NE,-11.64,-9.77,-12.11
531834,2018-09-30,2018,STL,2018-09-30 14:20:00,14,10,5,15,1,18,11,23,354,84.2,7,54,0.1296,0.0435,64.8,18.2,86.3,998.4,0.4,11.1,6.9,354.4,N,-7.02,-9.52,-3.67
570334,2018-10-01,2018,MIL,2018-10-01 12:05:00,12,1,3,4,1,14,3,15,262,87.9,1,50,0.02,0.0667,64.2,17.9,84.0,999.2,0.0,8.9,5.5,107.0,E,-4.17,-1.23,-6.61
565124,2019-04-08,2019,PIT,2019-04-08 13:20:00,13,10,0,10,1,23,7,15,335,84.9,3,44,0.0682,0.0667,56.7,13.7,76.0,988.5,0.0,18.4,11.5,125.7,SE,-2.99,3.41,-9.03
565125,2019-04-10,2019,PIT,2019-04-10 19:05:00,19,2,5,7,3,22,5,15,300,82.4,4,47,0.0851,0.2,37.5,3.1,90.3,992.5,0.0,33.7,20.9,66.3,NE,-31.39,-25.3,-33.69
565126,2019-04-11,2019,PIT,2019-04-11 18:35:00,18,2,0,2,0,23,4,10,254,83.3,2,38,0.0526,0.0,50.0,10.0,85.0,978.9,0.7,30.0,18.6,117.7,SE,-8.94,1.39,-18.2
565127,2019-04-12,2019,LAA,2019-04-12 13:20:00,13,5,1,6,5,16,1,14,254,84.4,5,49,0.102,0.3571,51.3,10.7,39.7,986.0,0.0,42.6,26.5,231.0,SW,42.4,38.32,41.37
565128,2019-04-13,2019,LAA,2019-04-13 13:20:00,13,5,6,11,0,16,15,18,367,82.9,1,54,0.0185,0.0,50.6,10.3,44.0,996.6,0.0,20.5,12.8,259.7,W,16.89,11.88,19.86
565130,2019-04-19,2019,AZ,2019-04-19 13:20:00,13,5,1,6,0,20,11,15,317,82.7,1,45,0.0222,0.0,42.6,5.9,68.3,989.4,0.0,39.2,24.3,4.7,N,-29.86,-36.73,-19.39
565131,2019-04-20,2019,AZ,2019-04-20 13:20:00,13,0,6,6,3,17,6,17,298,85.4,4,50,0.08,0.1765,51.6,10.9,43.0,987.2,0.0,31.3,19.4,357.3,N,-21.06,-27.69,-11.88
565132,2019-04-21,2019,AZ,2019-04-21 13:20:00,13,2,1,3,1,13,4,9,241,83.4,3,44,0.0682,0.1111,66.9,19.4,55.7,994.1,0.0,19.8,12.3,142.3,SE,2.52,9.08,-4.33
565133,2019-04-23,2019,LAD,2019-04-23 19:05:00,19,7,2,9,2,20,8,15,285,84.7,3,45,0.0667,0.1333,44.4,6.9,85.7,996.0,0.0,11.7,7.2,133.3,SE,-0.34,3.67,-4.31
565134,2019-04-24,2019,LAD,2019-04-24 19:05:00,19,7,6,13,4,13,10,13,301,87.5,3,48,0.0625,0.3077,48.5,9.2,74.7,989.9,0.1,12.6,7.8,132.0,SE,-0.66,3.69,-4.94
565135,2019-04-25,2019,LAD,2019-04-25 13:20:00,13,1,2,3,1,22,6,11,289,86.9,4,41,0.0976,0.0909,54.0,12.2,68.7,985.0,0.0,14.2,8.8,52.3,NE,-14.05,-12.59,-13.82
565136,2019-05-03,2019,STL,2019-05-03 13:20:00,13,4,0,4,1,15,6,10,226,85.2,1,44,0.0227,0.1,46.5,8.0,84.0,996.7,0.2,20.4,12.7,8.7,N,-16.41,-19.54,-11.29
565137,2019-05-04,2019,STL,2019-05-04 15:05:00,15,6,5,11,3,21,10,16,294,84.7,4,44,0.0909,0.1875,52.3,11.3,68.0,992.4,0.0,9.0,5.6,66.0,NE,-8.4,-6.8,-9.0
565138,2019-05-05,2019,STL,2019-05-05 18:05:00,18,13,5,18,4,9,6,24,304,85.8,2,65,0.0308,0.1667,62.8,17.1,64.7,989.5,0.0,13.6,8.5,227.7,SW,13.59,12.55,12.98
565139,2019-05-06,2019,MIA,2019-05-06 19:05:00,19,5,6,11,3,16,16,14,332,88.8,6,47,0.1277,0.2143,43.9,6.6,84.7,998.1,0.1,20.4,12.7,17.3,N,-18.07,-20.22,-13.74
565140,2019-05-07,2019,MIA,2019-05-07 19:05:00,19,5,2,7,2,24,5,16,311,82.5,6,45,0.1333,0.125,42.6,5.9,77.0,1002.5,0.0,24.5,15.2,21.0,N,-22.38,-24.44,-17.62
565141,2019-05-08,2019,MIA,2019-05-08 18:35:00,18,3,2,5,1,15,4,14,284,87.2,1,57,0.0175,0.0714,57.9,14.4,72.7,986.7,0.2,34.2,21.2,117.7,SE,-10.19,1.58,-20.73
565142,2019-05-09,2019,MIA,2019-05-09 13:20:00,13,4,1,5,2,18,12,12,308,87.0,2,43,0.0465,0.1667,66.2,19.0,63.7,986.0,0.0,29.7,18.5,249.0,W,27.13,21.37,29.63
565143,2019-05-10,2019,MIL,2019-05-10 13:20:00,13,0,7,7,1,13,11,15,301,86.7,2,53,0.0377,0.0667,48.4,9.1,68.7,999.1,0.0,18.2,11.3,105.7,E,-8.91,-2.95,-13.8
565144,2019-05-11,2019,MIL,2019-05-11 13:20:00,13,2,1,3,2,30,19,13,479,82.4,5,61,0.082,0.1538,48.0,8.9,74.0,996.1,1.9,14.4,9.0,49.3,NE,-14.39,-13.15,-13.9
565145,2019-05-12,2019,MIL,2019-05-12 18:05:00,18,4,1,5,1,13,4,17,272,84.8,4,54,0.0741,0.0588,44.7,7.1,86.7,989.1,3.5,18.2,11.3,353.7,N,-11.39,-15.57,-5.84
565146,2019-05-20,2019,PHI,2019-05-20 19:05:00,19,4,5,9,1,17,8,20,316,83.7,2,60,0.0333,0.05,47.2,8.4,72.0,999.2,0.0,10.8,6.7,37.0,NE,-10.66,-10.53,-9.51
565147,2019-05-21,2019,PHI,2019-05-21 18:05:00,18,3,2,5,0,7,10,16,316,83.7,1,62,0.0161,0.0,50.8,10.5,79.7,993.5,0.2,28.0,17.4,95.3,E,-17.85,-9.41,-24.14
565148,2019-05-22,2019,PHI,2019-05-22 19:05:00,19,8,4,12,4,17,7,21,321,85.7,3,54,0.0556,0.1905,70.5,21.4,72.3,989.2,0.0,27.0,16.8,181.0,S,19.4,24.63,11.82
565149,2019-05-23,2019,PHI,2019-05-23 13:20:00,13,7,9,16,4,24,12,23,376,85.9,8,52,0.1538,0.1739,73.6,23.1,46.0,994.6,0.0,24.7,15.3,272.7,W,16.63,9.39,21.88
565150,2019-05-24,2019,CIN,2019-05-24 13:20:00,13,5,6,11,5,22,8,19,325,85.6,5,50,0.1,0.2632,69.7,20.9,78.7,994.0,0.0,22.2,13.8,143.4,SE,3.25,10.56,-4.46
565151,2019-05-25,2019,CIN,2019-05-25 13:20:00,13,8,6,14,6,15,6,25,270,86.2,4,58,0.069,0.24,79.2,26.2,54.7,991.3,0.0,23.4,14.6,248.3,W,21.52,17.05,23.39
565152,2019-05-26,2019,CIN,2019-05-26 13:20:00,13,2,10,12,3,16,6,25,346,84.4,2,61,0.0328,0.12,58.3,14.6,86.0,996.2,0.0,10.2,6.4,49.5,NE,-10.2,-9.31,-9.86
565129,2019-06-03,2019,LAA,2019-04-14 13:20:00,13,8,1,9,2,15,5,15,277,84.0,3,49,0.0612,0.1333,34.9,1.6,91.3,981.3,3.4,43.8,27.2,13.7,N,-37.39,-42.91,-27.35
565153,2019-06-04,2019,COL,2019-06-04 19:05:00,19,6,3,9,3,18,2,14,265,82.3,3,47,0.0638,0.2143,73.0,22.8,77.7,986.8,0.0,15.3,9.5,200.7,S,13.97,15.29,10.97
565154,2019-06-05,2019,COL,2019-06-05 19:05:00,19,9,8,17,1,16,6,21,284,84.5,5,54,0.0926,0.0476,54.0,12.2,98.0,987.9,0.0,18.2,11.3,13.7,N,-15.52,-17.81,-11.35
565155,2019-06-06,2019,COL,2019-06-06 13:20:00,13,1,3,4,0,19,3,11,245,84.4,2,46,0.0435,0.0,57.1,14.0,90.7,991.8,0.0,13.0,8.1,16.0,N,-11.4,-12.87,-8.55
565156,2019-06-07,2019,STL,2019-06-07 13:20:00,13,3,1,4,2,20,6,10,273,83.1,4,37,0.1081,0.2,60.9,16.1,90.0,993.2,0.0,19.4,12.1,14.0,N,-16.63,-19.04,-12.21
565157,2019-06-08,2019,STL,2019-06-08 18:15:00,18,9,4,13,3,17,8,15,332,82.5,4,50,0.08,0.2,64.4,18.0,73.7,992.6,0.0,19.0,11.8,72.9,E,-16.82,-12.76,-18.85
565158,2019-06-09,2019,STL,2019-06-09 18:05:00,18,5,1,6,1,13,3,18,253,85.5,2,54,0.037,0.0556,61.8,16.6,99.7,992.2,0.1,8.4,5.2,1.0,N,-6.02,-7.64,-3.67
565159,2019-06-18,2019,CWS,2019-06-18 19:05:00,19,1,3,4,2,13,4,14,255,87.2,2,51,0.0392,0.1429,63.8,17.7,94.3,989.4,0.0,7.6,4.7,122.3,SE,-1.67,0.97,-4.1
565160,2019-06-19,2019,CWS,2019-06-19 19:05:00,19,7,3,10,5,24,5,20,314,85.3,7,45,0.1556,0.25,52.0,11.1,98.7,983.8,8.8,27.0,16.8,5.7,N,-20.88,-25.48,-13.77
565161,2019-06-20,2019,NYM,2019-06-20 19:05:00,19,7,4,11,3,19,8,14,296,85.3,4,44,0.0909,0.2143,53.4,11.9,83.7,989.9,0.0,12.6,7.8,350.7,N,-7.37,-10.43,-3.41
565162,2019-06-21,2019,NYM,2019-06-21 13:20:00,13,4,5,9,3,17,6,13,291,83.7,3,49,0.0612,0.2308,60.9,16.1,72.7,994.7,0.0,12.1,7.5,58.3,NE,-11.74,-10.08,-11.99
565163,2019-06-22,2019,NYM,2019-06-22 13:20:00,13,2,10,12,3,12,8,18,282,86.3,3,58,0.0517,0.1667,68.2,20.1,80.7,995.4,0.0,18.3,11.4,86.6,E,-13.66,-8.69,-16.98
565164,2019-06-23,2019,NYM,2019-06-23 13:20:00,13,5,3,8,3,18,5,19,282,86.4,4,46,0.087,0.1579,71.7,22.1,95.7,988.1,2.6,22.4,13.9,152.7,SE,6.81,13.71,-0.91
565165,2019-06-24,2019,ATL,2019-06-24 19:05:00,19,8,3,11,3,16,3,18,281,84.5,5,50,0.1,0.1667,67.5,19.7,85.0,984.1,0.0,21.6,13.4,256.0,W,18.49,13.57,21.17
565166,2019-06-25,2019,ATL,2019-06-25 19:05:00,19,2,3,5,2,23,10,7,301,83.1,0,35,0.0,0.2857,73.6,23.1,77.0,990.5,0.0,13.5,8.4,239.0,SW,13.07,11.16,13.39
565167,2019-06-26,2019,ATL,2019-06-26 19:05:00,19,3,5,8,4,15,6,17,279,85.5,4,52,0.0769,0.2353,72.7,22.6,86.7,996.6,0.0,12.5,7.8,142.3,SE,1.59,5.73,-2.75
565168,2019-06-27,2019,ATL,2019-06-27 13:20:00,13,9,7,16,4,19,6,18,294,82.2,5,49,0.102,0.2222,80.6,27.0,80.0,998.9,0.0,14.7,9.1,139.6,SE,1.17,6.1,-3.9
565169,2019-07-12,2019,PIT,2019-07-12 13:20:00,13,4,3,7,2,21,7,11,290,85.6,1,40,0.025,0.1818,76.6,24.8,58.3,993.3,0.0,19.9,12.4,128.3,SE,-2.31,4.59,-8.93
565170,2019-07-13,2019,PIT,2019-07-13 13:20:00,13,10,4,14,5,16,6,24,287,88.0,4,57,0.0702,0.2083,91.3,33.0,47.3,993.6,0.0,15.6,9.7,280.3,W,8.89,3.96,12.75
565171,2019-07-14,2019,PIT,2019-07-14 13:20:00,13,8,3,11,3,10,7,22,267,88.2,8,59,0.1356,0.1364,77.4,25.2,68.0,997.8,0.0,17.4,10.8,67.7,E,-16.06,-12.79,-17.38
565172,2019-07-15,2019,CIN,2019-07-15 19:05:00,19,3,6,9,4,21,6,19,319,85.4,1,51,0.0196,0.2105,79.8,26.5,59.7,994.3,0.0,22.7,14.1,202.7,SW,21.0,22.68,16.78
565173,2019-07-16,2019,CIN,2019-07-16 19:05:00,19,4,3,7,4,17,3,17,315,83.2,3,55,0.0545,0.2353,75.7,24.3,94.7,990.3,0.7,8.1,5.0,136.3,SE,0.19,2.95,-2.59
565174,2019-07-17,2019,CIN,2019-07-17 13:20:00,13,5,2,7,2,19,2,13,261,82.7,1,43,0.0233,0.1538,82.2,27.9,84.3,992.1,0.1,12.6,7.8,95.7,E,-7.97,-4.16,-10.81
565175,2019-07-19,2019,SD,2019-07-19 13:20:00,13,6,5,11,4,22,7,20,292,85.1,3,49,0.0612,0.2,88.0,31.1,70.7,988.4,0.0,23.0,14.3,228.3,SW,22.93,21.09,22.0
565176,2019-07-20,2019,SD,2019-07-20 13:20:00,13,6,5,11,4,16,6,20,290,84.0,4,53,0.0755,0.2,91.9,33.3,60.7,989.1,0.0,28.2,17.5,231.3,SW,27.99,25.24,27.37
565177,2019-07-21,2019,SD,2019-07-21 13:20:00,13,1,5,6,1,16,5,12,274,82.2,1,48,0.0208,0.0833,70.9,21.6,84.7,992.4,0.1,22.8,14.2,13.3,N,-19.41,-22.33,-14.14
565178,2019-08-02,2019,MIL,2019-08-02 13:20:00,13,6,2,8,3,14,6,20,301,83.1,8,56,0.1429,0.15,76.9,24.9,61.3,998.7,0.0,16.8,10.4,75.0,E,-14.55,-10.8,-16.54
565179,2019-08-03,2019,MIL,2019-08-03 13:20:00,13,4,1,5,1,19,5,17,268,83.8,2,47,0.0426,0.0588,80.7,27.0,46.0,996.2,0.0,9.6,6.0,102.0,E,-5.25,-2.17,-7.69
565180,2019-08-04,2019,MIL,2019-08-04 13:20:00,13,7,2,9,4,21,2,23,297,85.9,4,52,0.0769,0.1739,75.8,24.3,79.0,995.4,0.0,15.0,9.3,59.7,NE,-14.51,-12.33,-14.94
565181,2019-08-05,2019,ATH,2019-08-05 19:05:00,19,6,5,11,7,14,6,18,285,84.3,3,52,0.0577,0.3889,80.5,27.0,59.3,989.2,0.0,16.1,10.0,228.0,SW,16.08,14.82,15.4
565182,2019-08-06,2019,ATH,2019-08-06 19:05:00,19,4,11,15,3,18,7,24,281,84.5,5,58,0.0862,0.125,71.5,22.0,90.0,988.5,0.1,5.2,3.3,109.1,E,-2.28,-0.54,-3.76
565183,2019-08-07,2019,ATH,2019-08-07 13:20:00,13,10,1,11,3,10,1,14,245,85.5,3,54,0.0556,0.2143,83.1,28.4,46.3,988.2,0.1,5.2,3.2,209.2,SW,4.97,5.15,4.19
565184,2019-08-20,2019,SF,2019-08-20 19:05:00,19,5,3,8,5,14,9,15,295,88.4,7,51,0.1373,0.3333,72.6,22.5,91.0,992.8,0.1,3.4,2.1,40.6,NE,-3.39,-3.28,-3.1
565185,2019-08-21,2019,SF,2019-08-21 19:05:00,19,12,11,23,7,19,8,27,304,83.9,6,58,0.1034,0.2593,74.2,23.4,83.3,992.9,0.0,13.3,8.3,13.3,N,-11.35,-13.06,-8.27
565186,2019-08-22,2019,SF,2019-08-22 13:20:00,13,1,0,1,0,15,1,6,240,79.3,1,40,0.025,0.0,70.0,21.1,64.7,995.4,0.0,27.1,16.9,40.7,NE,-27.06,-26.12,-24.72
565187,2019-08-23,2019,WSH,2019-08-23 13:20:00,13,3,9,12,2,16,5,17,314,84.2,2,54,0.037,0.1176,69.3,20.7,57.7,1001.3,0.0,21.1,13.1,42.3,NE,-21.04,-20.11,-19.44
565188,2019-08-24,2019,WSH,2019-08-24 13:20:00,13,2,7,9,0,18,15,16,347,81.0,0,49,0.0,0.0,69.6,20.9,56.0,1002.3,0.0,19.0,11.8,59.3,NE,-18.38,-15.67,-18.87
565189,2019-08-25,2019,WSH,2019-08-25 13:20:00,13,5,7,12,4,20,7,21,415,84.7,5,64,0.0781,0.1905,73.4,23.0,57.3,996.1,0.0,22.0,13.7,78.0,E,-18.45,-13.24,-21.44
565190,2019-08-30,2019,MIL,2019-08-30 13:20:00,13,7,1,8,3,12,4,19,290,84.8,5,56,0.0893,0.1579,70.2,21.2,57.7,998.7,0.0,13.5,8.4,77.7,E,-11.39,-8.21,-13.2
565191,2019-08-31,2019,MIL,2019-08-31 13:20:00,13,0,2,2,0,18,5,14,279,81.7,3,50,0.06,0.0,70.5,21.4,61.0,1002.3,0.0,19.3,12.0,68.0,E,-17.77,-14.12,-19.27
565192,2019-09-01,2019,MIL,2019-09-01 13:20:00,13,0,4,4,1,23,11,11,298,86.1,2,40,0.05,0.0909,70.4,21.3,76.3,997.1,0.0,7.3,4.5,75.3,E,-6.27,-4.64,-7.15
565193,2019-09-02,2019,SEA,2019-09-02 13:20:00,13,5,1,6,0,20,8,11,291,81.9,2,40,0.05,0.0,77.4,25.2,70.3,997.0,0.2,11.4,7.1,118.3,SE,-3.26,0.66,-6.79
565194,2019-09-03,2019,SEA,2019-09-03 19:05:00,19,6,1,7,3,21,9,17,310,84.3,3,44,0.0682,0.1765,72.7,22.6,91.0,989.0,1.3,18.0,11.2,270.0,W,12.75,7.62,16.35
565195,2019-09-13,2019,PIT,2019-09-13 15:05:00,15,17,8,25,5,18,12,29,366,84.1,5,62,0.0806,0.1724,72.4,22.4,58.3,995.0,0.0,29.8,18.5,260.0,W,24.41,17.09,28.78
565196,2019-09-14,2019,PIT,2019-09-14 13:20:00,13,14,1,15,4,13,3,22,307,84.4,3,59,0.0508,0.1818,78.9,26.0,54.3,999.8,0.0,16.4,10.2,241.3,SW,15.74,13.21,16.37
565197,2019-09-15,2019,PIT,2019-09-15 13:20:00,13,16,6,22,5,11,5,33,321,83.9,7,71,0.0986,0.1515,78.2,25.7,72.7,994.2,0.0,18.4,11.4,245.7,SW,17.18,13.93,18.37
565198,2019-09-16,2019,CIN,2019-09-16 19:05:00,19,8,2,10,1,15,12,16,322,84.7,4,50,0.08,0.0625,65.6,18.7,98.7,998.4,0.0,11.6,7.2,28.0,NE,-11.09,-11.58,-9.26
565199,2019-09-17,2019,CIN,2019-09-17 19:05:00,19,2,4,6,1,28,5,12,271,84.6,1,38,0.0263,0.0833,68.0,20.0,92.3,998.3,0.0,15.5,9.6,104.0,E,-7.98,-2.96,-12.05
565200,2019-09-18,2019,CIN,2019-09-18 19:05:00,19,2,3,5,2,19,8,14,318,83.2,1,52,0.0192,0.1429,70.3,21.3,78.3,996.9,0.0,19.2,12.0,138.7,SE,1.24,7.73,-5.4
565201,2019-09-19,2019,STL,2019-09-19 18:15:00,18,4,5,9,2,22,3,16,314,83.4,3,52,0.0577,0.125,71.5,22.0,78.7,996.0,0.0,12.8,8.0,128.7,SE,-1.41,3.04,-5.69
565202,2019-09-20,2019,STL,2019-09-20 13:20:00,13,1,2,3,0,14,13,13,339,81.0,2,50,0.04,0.0,76.2,24.6,81.3,997.7,0.0,12.0,7.5,120.3,SE,-3.05,1.12,-6.85
565203,2019-09-21,2019,STL,2019-09-21 13:20:00,13,8,9,17,6,20,12,23,363,84.5,5,53,0.0943,0.2609,81.1,27.3,68.7,994.9,0.0,28.8,17.9,200.0,S,26.13,28.72,20.39
565204,2019-09-22,2019,STL,2019-09-22 13:20:00,13,2,3,5,2,19,2,16,252,83.9,2,46,0.0435,0.125,73.2,22.9,83.0,989.7,3.6,27.3,17.0,216.3,SW,26.99,26.77,23.95
631641,2020-07-24,2020,MIL,2020-07-24 18:10:00,18,3,0,3,2,16,1,8,232,83.3,3,42,0.0714,0.25,74.8,23.8,87.0,998.1,0.0,10.5,6.5,77.2,E,-8.91,-6.45,-10.29
631642,2020-07-25,2020,MIL,2020-07-25 12:05:00,12,3,8,11,3,22,7,17,332,80.8,5,48,0.1042,0.1765,83.4,28.6,64.0,997.6,0.0,16.7,10.4,133.0,SE,-0.58,5.15,-6.24
631643,2020-07-26,2020,MIL,2020-07-26 13:20:00,13,9,1,10,3,20,9,14,302,85.6,4,44,0.0909,0.2143,90.4,32.5,56.0,992.9,0.0,21.4,13.3,227.7,SW,21.41,19.78,20.46
631647,2020-07-31,2020,PIT,2020-07-31 19:15:00,19,6,3,9,3,15,8,18,321,85.1,3,51,0.0588,0.1667,70.9,21.6,80.0,993.1,0.0,15.9,9.9,12.7,N,-13.41,-15.5,-9.7
631622,2020-08-01,2020,PIT,2020-08-01 19:15:00,19,4,3,7,4,19,7,14,282,84.1,6,43,0.1395,0.2857,71.7,22.1,80.3,990.0,2.0,13.2,8.2,17.7,N,-11.73,-13.09,-8.95
631606,2020-08-02,2020,PIT,2020-08-02 13:20:00,13,2,1,3,1,17,7,10,317,78.7,4,56,0.0714,0.1,78.3,25.7,59.3,989.8,0.5,10.8,6.7,283.0,W,5.71,2.24,8.49
631645,2020-08-03,2020,KC,2020-08-03 19:15:00,19,2,0,2,1,15,7,9,271,83.8,1,44,0.0227,0.1111,65.2,18.5,78.0,996.1,0.2,25.6,15.9,3.3,N,-19.12,-23.79,-12.15
631608,2020-08-04,2020,KC,2020-08-04 19:15:00,19,5,4,9,3,16,4,19,273,84.1,4,51,0.0784,0.1579,62.6,17.0,78.0,996.8,0.0,10.5,6.5,6.4,N,-8.2,-9.95,-5.47
631609,2020-08-13,2020,MIL,2020-08-13 18:15:00,18,4,2,6,2,21,7,11,288,84.1,4,38,0.1053,0.1818,73.6,23.1,80.3,996.8,0.0,14.1,8.7,32.7,NE,-13.74,-13.94,-11.88
631610,2020-08-14,2020,MIL,2020-08-14 19:15:00,19,3,4,7,1,27,6,11,310,82.3,0,38,0.0,0.0909,72.3,22.4,86.7,993.3,0.0,10.1,6.3,15.9,N,-8.8,-9.94,-6.59
631611,2020-08-15,2020,MIL,2020-08-15 14:20:00,14,5,6,11,2,17,8,20,326,85.1,2,63,0.0317,0.1,79.1,26.2,73.0,991.4,0.0,15.3,9.5,85.7,E,-11.61,-7.5,-14.32
631612,2020-08-16,2020,MIL,2020-08-16 13:20:00,13,5,6,11,2,25,4,16,314,85.8,2,42,0.0476,0.125,74.6,23.7,57.0,994.4,0.0,17.1,10.6,107.0,E,-8.04,-2.38,-12.73
631613,2020-08-17,2020,STL,2020-08-17 16:15:00,16,1,3,4,2,12,4,7,197,83.0,2,36,0.0556,0.2857,76.9,25.0,58.7,993.6,0.0,9.8,6.1,109.8,E,-4.19,-0.9,-6.98
631620,2020-08-18,2020,STL,2020-08-18 19:15:00,19,6,3,9,2,26,13,18,372,80.0,4,39,0.1026,0.1111,67.7,19.8,75.3,996.6,0.0,13.7,8.5,45.4,NE,-13.67,-12.81,-12.87
631621,2020-08-19,2020,STL,2020-08-19 13:20:00,13,3,9,12,3,16,11,13,303,81.6,3,38,0.0789,0.2308,74.1,23.4,56.3,997.2,0.0,19.0,11.8,95.3,E,-12.11,-6.38,-16.37
631633,2020-08-21,2020,CWS,2020-08-21 19:15:00,19,1,10,11,6,17,2,19,299,85.1,8,57,0.1404,0.3158,74.2,23.5,72.0,992.0,0.0,12.9,8.0,176.2,S,8.48,11.28,4.66
631638,2020-08-22,2020,CWS,2020-08-22 19:15:00,19,4,7,11,5,17,9,20,317,82.5,5,53,0.0943,0.25,77.1,25.0,63.0,992.6,0.0,14.4,8.9,204.0,SW,13.44,14.4,10.87
631639,2020-08-23,2020,CWS,2020-08-23 13:20:00,13,2,1,3,2,19,8,12,276,84.1,3,42,0.0714,0.1667,85.5,29.7,51.0,992.8,0.3,10.6,6.6,203.6,SW,9.84,10.56,7.93
631644,2020-09-04,2020,STL,2020-09-04 19:15:00,19,4,1,5,2,20,4,11,290,82.2,2,41,0.0488,0.1818,66.1,19.0,60.7,999.2,0.0,11.9,7.4,254.7,W,10.37,7.72,11.76
631607,2020-09-05,2020,STL,2020-09-05 16:15:00,16,2,4,6,2,17,7,11,264,80.4,2,38,0.0526,0.1818,71.9,22.2,56.0,1000.3,0.0,15.4,9.6,66.3,NE,-14.34,-11.56,-15.4
631604,2020-09-06,2020,STL,2020-09-06 18:08:00,18,3,7,10,4,23,4,18,305,84.8,4,49,0.0816,0.2222,74.5,23.6,88.3,988.1,3.4,32.6,20.3,208.3,SW,31.23,32.54,26.15
631605,2020-09-07,2020,STL,2020-09-07 15:10:00,15,5,1,6,0,7,5,17,270,81.1,0,57,0.0,0.0,66.6,19.2,64.7,990.7,0.0,21.4,13.3,44.7,NE,-21.43,-20.19,-20.1
631615,2020-09-08,2020,CIN,2020-09-08 19:15:00,19,3,0,3,0,20,6,8,267,81.6,2,38,0.0526,0.0,62.6,17.0,87.0,998.8,2.5,28.0,17.4,34.0,NE,-27.49,-27.65,-24.0
631616,2020-09-09,2020,CIN,2020-09-09 19:15:00,19,0,3,3,1,24,3,7,263,83.0,1,36,0.0278,0.1429,62.5,17.0,84.3,1003.4,0.0,18.8,11.7,9.3,N,-15.25,-18.07,-10.58
631634,2020-09-10,2020,CIN,2020-09-10 19:15:00,19,8,5,13,0,20,11,22,370,80.8,1,50,0.02,0.0,61.6,16.5,87.0,1005.3,3.4,23.5,14.6,36.0,NE,-23.18,-23.04,-20.52
631618,2020-09-15,2020,CLE,2020-09-15 19:15:00,19,6,5,11,2,16,7,22,286,83.3,5,53,0.0943,0.0909,66.9,19.4,75.3,998.1,0.0,16.2,10.0,191.7,S,13.51,15.73,9.65
631619,2020-09-16,2020,CLE,2020-09-16 19:15:00,19,3,2,5,1,18,9,14,305,82.5,3,50,0.06,0.0714,70.2,21.2,85.3,995.7,0.3,18.7,11.6,12.4,N,-15.77,-18.28,-11.37
631629,2020-09-18,2020,MIN,2020-09-18 19:15:00,19,1,0,1,0,17,7,6,248,79.0,0,38,0.0,0.0,52.8,11.6,66.3,1006.4,0.0,14.2,8.8,22.3,N,-13.07,-14.15,-10.42
631632,2020-09-19,2020,MIN,2020-09-19 19:15:00,19,1,8,9,3,20,1,15,296,81.3,3,46,0.0652,0.2,54.7,12.6,78.7,1004.9,0.0,10.5,6.5,135.4,SE,0.06,3.65,-3.53
631617,2020-09-20,2020,MIN,2020-09-20 18:08:00,18,0,4,4,1,23,5,14,278,85.5,2,46,0.0435,0.0714,64.2,17.9,56.3,1006.6,0.0,17.8,11.1,134.7,SE,-0.1,6.0,-6.19
634634,2021-04-01,2021,PIT,2021-04-01 13:20:00,13,3,5,8,1,23,15,11,365,79.2,1,42,0.0238,0.0909,32.9,0.5,53.0,1011.8,0.0,25.2,15.6,14.7,N,-21.72,-24.76,-16.07
634643,2021-04-03,2021,PIT,2021-04-03 13:20:00,13,5,1,6,2,24,5,13,286,82.3,2,40,0.05,0.1538,64.6,18.1,43.0,997.1,0.0,26.9,16.7,244.3,SW,25.35,20.78,26.86
634613,2021-04-04,2021,PIT,2021-04-04 13:20:00,13,4,3,7,2,14,11,10,283,83.8,3,45,0.0667,0.2,61.3,16.3,67.3,997.3,0.0,18.9,11.7,113.3,SE,-6.97,-0.55,-12.54
634566,2021-04-05,2021,MIL,2021-04-05 18:40:00,18,5,3,8,4,18,5,9,266,81.9,5,40,0.125,0.4444,62.8,17.1,60.0,989.7,0.0,18.6,11.5,174.5,S,11.81,16.0,6.2
634559,2021-04-06,2021,MIL,2021-04-06 18:40:00,18,0,4,4,2,22,10,6,294,78.9,1,34,0.0294,0.3333,70.1,21.2,53.0,988.6,0.0,17.9,11.1,197.4,S,15.83,17.71,12.04
634549,2021-04-07,2021,MIL,2021-04-07 13:20:00,13,2,4,6,3,22,5,11,296,79.7,2,50,0.04,0.2727,74.4,23.5,54.3,986.0,0.0,25.3,15.7,172.0,S,15.21,21.19,7.39
634548,2021-04-16,2021,ATL,2021-04-16 13:20:00,13,2,5,7,1,19,14,15,367,79.7,2,46,0.0435,0.0667,43.9,6.6,79.0,993.7,0.0,16.9,10.5,71.0,E,-15.19,-11.74,-16.81
634462,2021-04-17,2021,ATL,2021-04-17 13:20:00,13,13,4,17,6,15,9,21,324,85.5,9,55,0.1636,0.2857,45.4,7.4,68.7,992.9,0.0,15.7,9.8,50.1,NE,-15.64,-14.21,-15.18
634506,2021-04-18,2021,ATL,2021-04-18 18:08:00,18,4,13,17,7,15,10,24,318,84.1,8,60,0.1333,0.2917,52.9,11.6,56.3,988.6,0.0,10.0,6.2,232.7,SW,9.94,8.89,9.8
634411,2021-04-20,2021,NYM,2021-04-20 18:40:00,18,3,1,4,1,21,11,10,312,80.1,1,41,0.0244,0.1,37.0,2.8,56.3,997.0,0.2,5.5,3.4,90.0,E,-3.91,-2.34,-5.01
634453,2021-04-21,2021,NYM,2021-04-21 18:40:00,18,16,4,20,3,14,11,23,322,81.8,3,58,0.0517,0.1304,35.8,2.1,77.7,997.3,0.1,13.6,8.5,108.2,E,-6.13,-1.61,-9.91
634419,2021-04-22,2021,NYM,2021-04-22 18:40:00,18,4,3,7,1,25,6,12,299,81.5,5,42,0.119,0.0833,50.5,10.3,58.7,994.4,0.0,15.5,9.7,175.4,S,10.06,13.5,5.41
634426,2021-04-23,2021,MIL,2021-04-23 13:20:00,13,15,2,17,6,17,7,24,306,82.5,13,55,0.2364,0.25,59.2,15.1,36.0,993.6,0.0,24.1,15.0,225.7,SW,24.13,22.58,22.77
634416,2021-04-24,2021,MIL,2021-04-24 13:20:00,13,3,4,7,2,23,9,15,332,80.0,3,46,0.0652,0.1333,52.8,11.6,81.7,988.6,0.0,11.0,6.8,105.3,E,-5.43,-1.84,-8.36
634400,2021-04-25,2021,MIL,2021-04-25 13:20:00,13,0,6,6,0,21,8,11,309,79.0,3,44,0.0682,0.0,40.5,4.7,59.3,999.5,0.0,23.2,14.4,37.3,NE,-22.99,-22.66,-20.55
634264,2021-05-04,2021,LAD,2021-05-03 18:40:00,18,7,1,8,2,13,4,13,207,83.4,3,39,0.0769,0.1538,64.9,18.3,92.7,980.7,2.7,17.9,11.1,207.2,SW,17.04,17.89,14.14
634321,2021-05-04,2021,LAD,2021-05-04 18:40:00,18,4,3,7,4,21,10,13,303,80.4,5,42,0.119,0.3077,50.9,10.5,77.0,991.0,0.0,9.2,5.7,16.7,N,-8.13,-9.14,-6.15
634230,2021-05-05,2021,LAD,2021-05-05 18:40:00,18,6,5,11,2,28,10,16,371,80.7,5,52,0.0962,0.125,45.3,7.4,69.3,999.4,0.0,11.6,7.2,109.3,E,-5.04,-1.15,-8.32
634216,2021-05-07,2021,PIT,2021-05-07 13:20:00,13,3,2,5,0,7,3,18,274,80.2,3,58,0.0517,0.0,49.8,9.9,64.3,994.2,0.0,20.2,12.6,35.0,NE,-19.93,-19.92,-17.53
634212,2021-05-08,2021,PIT,2021-05-08 13:20:00,13,3,2,5,1,16,7,12,283,80.1,3,47,0.0638,0.0833,47.6,8.7,57.3,998.3,0.0,18.3,11.4,100.0,E,-10.48,-4.73,-14.96
634237,2021-05-09,2021,PIT,2021-05-09 13:20:00,13,5,6,11,0,17,4,17,283,80.1,4,56,0.0714,0.0,47.8,8.8,68.3,992.4,0.0,23.9,14.9,14.7,N,-20.63,-23.51,-15.26
634076,2021-05-17,2021,WSH,2021-05-17 18:40:00,18,7,3,10,5,17,3,18,255,84.4,6,49,0.1224,0.2778,57.3,14.0,90.0,1000.2,0.0,12.5,7.8,91.3,E,-8.65,-5.03,-11.23
634052,2021-05-18,2021,WSH,2021-05-18 18:40:00,18,6,3,9,3,15,5,22,299,81.0,2,56,0.0357,0.1364,63.9,17.7,91.7,1000.0,4.0,13.7,8.5,138.0,SE,0.72,5.35,-4.01
634053,2021-05-19,2021,WSH,2021-05-19 18:40:00,18,3,4,7,2,20,8,17,326,83.2,3,49,0.0612,0.1176,67.9,19.9,82.0,1000.8,0.0,19.1,11.8,158.0,S,7.45,13.01,1.0
634112,2021-05-20,2021,WSH,2021-05-20 13:20:00,13,5,2,7,4,21,5,16,270,82.4,3,45,0.0667,0.25,81.0,27.2,49.7,1001.6,0.0,25.9,16.1,178.3,S,17.8,23.17,10.27
634024,2021-05-28,2021,CIN,2021-05-28 13:20:00,13,1,0,1,1,17,6,10,268,79.8,3,42,0.0714,0.1,49.6,9.8,78.3,994.5,1.7,39.1,24.3,31.7,NE,-38.01,-38.8,-32.63
633875,2021-05-29,2021,CIN,2021-05-29 13:20:00,13,10,2,12,1,16,10,18,273,84.6,1,52,0.0192,0.0556,55.2,12.9,45.7,1001.8,0.0,27.8,17.3,6.7,N,-21.83,-26.42,-14.61
633931,2021-05-30,2021,CIN,2021-05-30 13:20:00,13,1,5,6,1,18,10,11,334,82.1,2,46,0.0435,0.0909,62.8,17.1,37.3,1002.8,0.0,13.2,8.2,76.7,E,-11.26,-8.21,-12.96
633870,2021-05-31,2021,SD,2021-05-31 13:20:00,13,7,2,9,6,19,3,16,276,85.1,6,46,0.1304,0.375,69.3,20.7,40.7,1001.7,0.0,20.3,12.6,218.3,SW,20.13,19.72,18.11
633880,2021-06-01,2021,SD,2021-06-01 19:05:00,19,4,3,7,4,13,2,16,253,85.4,6,54,0.1111,0.25,59.5,15.3,77.7,998.6,0.0,11.8,7.3,98.5,E,-7.02,-3.35,-9.84
633855,2021-06-02,2021,SD,2021-06-02 13:20:00,13,6,1,7,1,21,7,14,306,82.6,1,44,0.0227,0.0714,66.8,19.3,65.0,992.9,0.0,18.0,11.2,36.0,NE,-17.75,-17.64,-15.71
633742,2021-06-11,2021,STL,2021-06-11 13:20:00,13,8,5,13,3,18,4,19,268,83.7,5,49,0.102,0.1579,78.0,25.5,85.0,988.1,0.0,13.3,8.3,98.7,E,-7.9,-3.75,-11.1
633740,2021-06-12,2021,STL,2021-06-12 18:15:00,18,7,2,9,5,10,12,10,299,84.8,5,48,0.1042,0.5,74.2,23.4,81.0,989.1,0.0,13.0,8.1,19.0,N,-11.65,-12.9,-9.01
633689,2021-06-13,2021,STL,2021-06-13 18:08:00,18,2,0,2,0,15,4,7,243,81.0,1,44,0.0227,0.0,73.9,23.3,63.3,992.0,0.0,10.3,6.4,129.0,SE,-1.08,2.5,-4.53
633638,2021-06-18,2021,MIA,2021-06-18 19:05:00,19,2,10,12,5,15,12,13,294,83.5,6,51,0.1176,0.3846,77.3,25.2,69.0,987.6,0.0,10.5,6.5,164.8,S,5.23,8.04,1.79
633613,2021-06-19,2021,MIA,2021-06-19 13:20:00,13,1,11,12,5,16,4,14,277,84.2,4,52,0.0769,0.3571,88.1,31.2,41.0,984.6,0.1,26.3,16.4,253.3,W,23.18,17.51,26.06
633629,2021-06-20,2021,MIA,2021-06-20 13:20:00,13,2,0,2,0,16,3,10,244,84.9,0,42,0.0,0.0,78.1,25.6,75.7,982.8,0.9,10.7,6.6,130.0,SE,-0.93,2.77,-4.52
633542,2021-06-21,2021,CLE,2021-06-21 19:05:00,19,0,4,4,2,25,6,12,281,82.3,4,38,0.1053,0.1667,60.6,15.9,64.3,991.0,0.3,24.6,15.3,27.5,NE,-23.49,-24.61,-19.53
633537,2021-06-22,2021,CLE,2021-06-22 19:05:00,19,7,1,8,3,17,2,14,256,81.5,5,48,0.1042,0.2143,66.6,19.2,66.0,993.4,0.0,10.6,6.6,144.3,SE,1.72,5.19,-1.96
633386,2021-07-05,2021,PHI,2021-07-05 19:05:00,19,3,13,16,7,10,8,19,321,81.0,5,62,0.0806,0.3684,80.9,27.2,74.7,993.8,0.0,19.7,12.2,222.3,SW,19.68,18.81,18.18
633393,2021-07-06,2021,PHI,2021-07-06 19:05:00,19,10,15,25,6,24,5,30,345,84.7,6,61,0.0984,0.2,80.2,26.8,72.7,993.6,0.0,14.4,9.0,226.0,SW,14.43,13.47,13.65
633375,2021-07-07,2021,PHI,2021-07-07 19:05:00,19,8,3,11,1,15,3,16,264,82.3,1,53,0.0189,0.0625,68.9,20.5,91.7,990.6,0.8,13.2,8.2,55.0,NE,-13.0,-11.43,-13.0
633397,2021-07-08,2021,PHI,2021-07-08 19:05:00,19,0,8,8,4,17,7,16,302,83.6,4,51,0.0784,0.25,62.0,16.7,84.7,993.8,0.1,13.8,8.6,8.1,N,-11.06,-13.23,-7.55
633365,2021-07-09,2021,STL,2021-07-09 13:20:00,13,10,5,15,2,13,10,22,335,82.5,3,61,0.0492,0.0909,69.9,21.0,58.3,996.6,0.0,12.2,7.6,63.6,NE,-11.59,-9.56,-12.23
633356,2021-07-10,2021,STL,2021-07-10 18:15:00,18,0,6,6,3,17,5,17,333,81.4,3,54,0.0556,0.1765,69.1,20.6,93.0,991.6,4.6,18.7,11.6,79.5,E,-15.4,-10.85,-18.1
633170,2021-07-23,2021,AZ,2021-07-23 13:20:00,13,8,3,11,4,19,7,17,294,82.6,4,47,0.0851,0.2353,84.5,29.2,59.0,996.4,0.1,9.1,5.6,189.1,S,7.34,8.72,5.08
633186,2021-07-24,2021,AZ,2021-07-24 13:20:00,13,3,7,10,3,14,6,16,281,83.8,3,54,0.0556,0.1875,88.9,31.6,54.7,989.0,0.0,27.7,17.2,241.3,SW,26.55,22.3,27.61
633204,2021-07-25,2021,AZ,2021-07-25 13:20:00,13,5,1,6,3,17,9,13,295,78.9,3,46,0.0652,0.2308,86.1,30.0,36.0,992.2,0.0,13.8,8.6,122.3,SE,-3.03,1.77,-7.47
633182,2021-07-26,2021,CIN,2021-07-26 19:05:00,19,6,5,11,4,20,12,23,354,79.7,4,53,0.0755,0.1739,79.3,26.3,59.3,994.7,0.0,17.7,11.0,155.0,SE,6.03,11.35,-0.01
633160,2021-07-27,2021,CIN,2021-07-27 19:05:00,19,4,7,11,7,16,7,19,301,81.6,7,56,0.125,0.3684,79.0,26.1,70.3,994.7,0.0,9.6,6.0,263.1,W,7.55,5.07,9.12
633103,2021-07-28,2021,CIN,2021-07-28 19:05:00,19,2,8,10,2,15,9,19,346,85.8,6,56,0.1071,0.1053,83.2,28.5,80.7,992.8,0.3,12.7,7.9,231.0,SW,12.6,11.38,12.29
633124,2021-07-29,2021,CIN,2021-07-29 13:20:00,13,4,7,11,4,16,3,22,305,83.1,3,56,0.0536,0.1818,77.6,25.3,78.3,991.8,0.0,20.0,12.4,43.3,NE,-19.96,-18.95,-18.56
632980,2021-08-06,2021,CWS,2021-08-06 13:20:00,13,6,8,14,4,26,7,24,377,80.4,3,57,0.0526,0.1667,76.5,24.7,75.7,993.1,1.1,22.3,13.9,221.0,SW,22.28,21.47,20.4
633012,2021-08-07,2021,CWS,2021-08-07 13:20:00,13,0,4,4,2,26,2,13,273,81.4,3,41,0.0732,0.1538,83.8,28.8,65.7,992.5,0.1,8.8,5.4,181.7,S,6.38,8.05,3.93
632970,2021-08-08,2021,CWS,2021-08-08 18:09:00,18,3,9,12,4,26,7,16,304,84.3,5,43,0.1163,0.25,77.2,25.1,86.3,991.0,1.4,21.6,13.4,209.7,SW,20.8,21.5,17.59
632997,2021-08-10,2021,MIL,2021-08-09 19:05:00,19,2,4,6,3,14,3,16,224,84.6,1,44,0.0227,0.1875,72.1,22.3,94.3,989.5,3.5,24.2,15.1,200.3,S,22.02,24.15,17.23
633000,2021-08-10,2021,MIL,2021-08-10 19:05:00,19,3,6,9,1,16,5,15,247,80.6,2,41,0.0488,0.0667,75.4,24.1,92.3,990.3,28.7,17.3,10.8,214.9,SW,17.06,17.08,14.99
632946,2021-08-11,2021,MIL,2021-08-11 19:05:00,19,0,10,10,1,25,2,20,277,81.2,1,47,0.0213,0.05,75.9,24.4,90.7,988.3,6.3,33.8,21.0,210.1,SW,32.62,33.64,27.68
633016,2021-08-12,2021,MIL,2021-08-12 13:20:00,13,4,17,21,7,20,8,30,377,79.4,6,65,0.0923,0.2333,88.7,31.5,60.3,991.3,0.0,26.9,16.7,225.3,SW,26.87,25.19,25.3
632826,2021-08-20,2021,KC,2021-08-20 13:20:00,13,2,6,8,6,20,4,13,286,79.9,4,46,0.087,0.4615,80.0,26.7,79.3,991.9,0.0,13.4,8.3,97.3,E,-8.21,-4.08,-11.35
632824,2021-08-21,2021,KC,2021-08-21 13:20:00,13,2,4,6,1,19,4,10,253,80.9,1,45,0.0222,0.1,85.5,29.7,58.7,988.9,0.0,20.1,12.5,210.3,SW,19.48,20.05,16.56
632771,2021-08-22,2021,KC,2021-08-22 13:20:00,13,1,9,10,0,20,6,22,307,81.6,4,53,0.0755,0.0,71.8,22.1,78.0,994.5,0.0,23.9,14.9,25.7,NE,-22.55,-23.9,-18.49
632792,2021-08-23,2021,COL,2021-08-23 19:05:00,19,6,4,10,1,16,5,18,270,79.8,2,51,0.0392,0.0556,79.6,26.4,77.7,993.1,0.0,15.5,9.6,192.0,S,13.0,15.1,9.33
632738,2021-08-25,2021,COL,2021-08-25 13:20:00,13,5,2,7,4,17,2,11,202,80.8,4,33,0.1212,0.3636,88.2,31.2,63.3,996.1,0.0,5.8,3.6,127.7,SE,-0.74,1.27,-2.65
632822,2021-08-25,2021,COL,2021-08-24 19:05:00,19,10,13,23,4,24,7,24,352,79.9,2,58,0.0345,0.1667,76.5,24.7,93.3,993.2,7.2,16.7,10.4,198.6,S,14.96,16.6,11.53
632646,2021-09-02,2021,PIT,2021-09-02 19:05:00,19,6,5,11,3,31,8,20,345,80.6,3,52,0.0577,0.15,70.1,21.2,66.7,998.2,0.0,11.4,7.1,71.7,E,-10.19,-7.82,-11.32
632660,2021-09-03,2021,PIT,2021-09-03 13:20:00,13,6,5,11,5,20,5,19,271,80.1,5,47,0.1064,0.2632,75.0,23.9,52.3,996.2,0.0,17.5,10.9,151.7,SE,5.01,10.43,-1.02
632624,2021-09-04,2021,PIT,2021-09-04 13:20:00,13,7,6,13,2,14,8,20,303,81.6,1,56,0.0179,0.1,76.5,24.7,71.3,988.5,0.0,15.3,9.5,237.0,SW,15.0,13.0,15.18
632613,2021-09-05,2021,PIT,2021-09-05 13:20:00,13,11,8,19,6,16,14,23,376,81.6,8,56,0.1429,0.2609,80.7,27.1,32.3,990.1,0.0,19.9,12.4,297.7,NW,5.93,-0.93,12.07
632597,2021-09-06,2021,CIN,2021-09-06 13:20:00,13,4,3,7,1,18,2,13,249,82.7,2,46,0.0435,0.0769,73.5,23.0,57.0,992.3,0.0,18.4,11.4,93.3,E,-12.23,-6.79,-16.2
632637,2021-09-07,2021,CIN,2021-09-07 18:40:00,18,3,4,7,5,17,3,18,267,82.4,6,54,0.1111,0.2778,70.8,21.5,87.7,985.1,0.5,14.5,9.0,275.9,W,9.16,4.75,12.47
632566,2021-09-08,2021,CIN,2021-09-08 18:40:00,18,4,1,5,3,13,3,10,256,80.6,4,52,0.0769,0.3,66.8,19.3,71.7,989.9,0.0,12.6,7.8,332.7,NW,-3.82,-7.68,0.51
632550,2021-09-10,2021,SF,2021-09-10 13:20:00,13,1,6,7,3,16,8,11,297,81.2,3,44,0.0682,0.2727,77.5,25.3,42.3,995.7,0.0,17.2,10.7,208.7,SW,16.47,17.13,13.83
632547,2021-09-11,2021,SF,2021-09-11 13:20:00,13,4,15,19,2,20,12,24,350,81.6,3,54,0.0556,0.0833,85.0,29.5,56.3,990.4,0.0,25.3,15.7,219.0,SW,25.19,24.58,22.77
632508,2021-09-12,2021,SF,2021-09-12 13:20:00,13,5,6,11,2,17,6,21,278,83.9,3,56,0.0536,0.0952,86.6,30.3,49.3,992.9,0.0,16.5,10.3,260.8,W,13.41,9.29,15.91
632404,2021-09-21,2021,MIN,2021-09-21 18:40:00,18,5,9,14,3,25,8,27,357,83.4,6,54,0.1111,0.1111,63.3,17.4,73.7,998.8,1.0,25.0,15.6,351.0,N,-14.71,-20.75,-6.9
632400,2021-09-22,2021,MIN,2021-09-22 18:40:00,18,4,5,9,2,26,3,16,272,81.8,3,43,0.0698,0.125,59.2,15.1,68.3,996.5,0.0,33.7,20.9,346.0,N,-17.36,-26.19,-6.43
632339,2021-09-24,2021,STL,2021-09-24 13:20:00,13,5,8,13,4,19,8,16,246,81.5,4,37,0.1081,0.25,74.5,23.6,42.3,990.5,0.0,31.4,19.5,196.7,S,27.64,31.07,20.87
633337,2021-09-24,2021,STL,2021-07-11 13:20:00,13,4,12,16,6,13,4,23,253,84.9,7,51,0.1373,0.2609,65.2,18.4,89.0,993.0,5.7,24.1,15.0,29.7,NE,-23.21,-23.99,-19.63
632351,2021-09-25,2021,STL,2021-09-25 13:20:00,13,5,8,13,4,16,6,20,297,82.8,5,55,0.0909,0.2,67.5,19.7,34.7,993.6,0.0,21.2,13.2,268.7,W,15.36,9.42,19.45
632332,2021-09-26,2021,STL,2021-09-26 13:20:00,13,2,4,6,2,19,10,15,327,81.4,2,49,0.0408,0.1333,78.0,25.6,40.3,990.3,0.0,30.0,18.6,214.3,SW,29.48,29.6,25.8
663178,2022-04-07,2022,MIL,2022-04-07 13:20:00,13,5,4,9,1,16,8,18,304,83.2,2,49,0.0408,0.0556,46.0,7.8,53.0,978.9,0.3,31.4,19.5,239.0,SW,30.47,26.03,31.23
663205,2022-04-09,2022,MIL,2022-04-09 13:20:00,13,9,0,9,0,18,10,14,324,83.8,3,44,0.0682,0.0,40.3,4.6,73.3,989.9,0.0,11.4,7.1,103.1,E,-6.03,-2.36,-8.98
663204,2022-04-10,2022,MIL,2022-04-10 13:20:00,13,4,5,9,4,21,11,9,311,85.2,5,40,0.125,0.4444,54.6,12.6,58.7,987.3,0.0,29.0,18.0,128.3,SE,-3.37,6.7,-13.03
663197,2022-04-18,2022,TB,2022-04-18 18:40:00,18,4,2,6,2,24,5,13,275,81.0,1,37,0.027,0.1538,36.4,2.5,64.0,996.0,0.0,26.9,16.7,282.0,W,14.64,6.05,21.46
663196,2022-04-19,2022,TB,2022-04-19 18:40:00,18,5,6,11,2,12,8,15,291,83.1,4,55,0.0727,0.1333,40.3,4.6,76.0,1000.1,0.0,15.4,9.6,138.0,SE,0.81,6.02,-4.5
663146,2022-04-20,2022,TB,2022-04-20 17:30:00,17,2,8,10,1,16,5,13,209,81.1,0,32,0.0,0.0769,49.2,9.6,77.7,991.9,1.3,37.0,23.0,156.7,SE,13.67,24.62,1.08
663145,2022-04-21,2022,PIT,2022-04-21 18:40:00,18,3,4,7,1,24,11,13,331,78.5,1,40,0.025,0.0769,55.8,13.2,65.0,1003.3,0.0,12.5,7.7,265.0,W,9.55,6.24,11.72
663195,2022-04-22,2022,PIT,2022-04-22 19:05:00,19,2,4,6,2,18,6,15,289,80.6,3,48,0.0625,0.1333,53.7,12.0,88.0,997.2,0.2,28.5,17.7,131.0,SE,-1.99,7.86,-11.59
663144,2022-04-23,2022,PIT,2022-04-23 13:20:00,13,21,0,21,1,8,4,26,275,84.5,2,70,0.0286,0.0385,75.4,24.1,64.3,989.2,0.0,32.8,20.4,178.7,S,22.62,29.37,13.15
663166,2022-04-24,2022,PIT,2022-04-24 13:20:00,13,3,4,7,1,20,11,16,339,79.5,2,50,0.04,0.0625,70.5,21.4,76.3,986.7,0.2,36.4,22.6,213.3,SW,35.68,36.05,31.01
663165,2022-05-03,2022,CWS,2022-05-03 18:40:00,18,1,3,4,1,15,5,13,278,82.9,2,49,0.0408,0.0769,42.7,6.0,90.7,993.9,0.5,36.8,22.8,354.3,N,-23.3,-31.62,-12.17
663164,2022-05-04,2022,CWS,2022-05-04 18:40:00,18,3,4,7,4,18,4,14,268,82.4,5,47,0.1064,0.2857,41.7,5.4,89.3,1001.5,0.0,11.7,7.3,34.3,NE,-11.53,-11.58,-10.09
663142,2022-05-07,2022,LAD,2022-05-06 13:20:00,13,2,6,8,2,21,11,9,297,81.1,3,43,0.0698,0.2222,46.1,7.8,90.7,986.5,2.4,31.8,19.8,35.3,NE,-31.35,-31.28,-27.63
663162,2022-05-07,2022,LAD,2022-05-07 12:05:00,12,0,7,7,1,12,6,16,283,81.5,7,53,0.1321,0.0625,52.0,11.1,61.0,994.5,0.0,21.9,13.6,9.3,N,-17.79,-21.09,-12.35
663161,2022-05-08,2022,LAD,2022-05-08 18:08:00,18,1,7,8,0,14,7,14,282,83.0,0,52,0.0,0.0,56.2,13.5,67.3,991.0,0.0,23.6,14.6,126.0,SE,-3.69,4.5,-11.43
663151,2022-05-16,2022,PIT,2022-05-16 18:40:00,18,9,0,9,1,12,4,16,262,82.4,2,55,0.0364,0.0625,65.9,18.8,51.3,988.7,0.0,11.3,7.0,284.7,W,5.71,2.03,8.7
663157,2022-05-17,2022,PIT,2022-05-17 18:40:00,18,7,0,7,2,24,6,12,241,84.2,2,36,0.0556,0.1667,51.7,11.0,72.0,995.4,0.1,14.2,8.8,92.0,E,-9.66,-5.53,-12.62
663156,2022-05-18,2022,PIT,2022-05-18 18:40:00,18,2,3,5,2,22,6,14,308,82.7,4,44,0.0909,0.1429,52.5,11.4,92.7,986.0,0.0,13.4,8.3,5.0,N,-10.27,-12.59,-6.7
663193,2022-05-19,2022,AZ,2022-05-19 18:40:00,18,1,3,4,1,19,5,10,284,81.6,2,46,0.0435,0.1,74.5,23.6,59.3,977.1,0.0,27.3,17.0,165.0,S,13.65,20.91,4.74
663143,2022-05-20,2022,AZ,2022-05-20 13:20:00,13,6,10,16,11,16,9,20,301,79.8,6,57,0.1053,0.55,84.7,29.3,54.7,975.9,0.0,41.6,25.8,216.7,SW,41.16,40.74,36.62
663194,2022-05-21,2022,AZ,2022-05-21 13:20:00,13,6,7,13,3,26,5,21,336,83.9,3,52,0.0577,0.1429,57.7,14.3,83.7,994.3,3.8,11.3,7.0,76.9,E,-9.59,-6.97,-11.06
663150,2022-05-22,2022,AZ,2022-05-22 13:20:00,13,5,4,9,2,12,8,16,274,83.1,2,53,0.0377,0.125,56.2,13.4,60.3,1003.7,0.0,19.5,12.1,96.3,E,-12.21,-6.25,-16.69
663147,2022-05-30,2022,MIL,2022-04-08 13:20:00,13,1,3,4,3,26,6,9,288,80.1,3,36,0.0833,0.3333,37.8,3.2,78.7,984.4,0.1,20.1,12.5,4.0,N,-15.17,-18.76,-9.74
663149,2022-05-30,2022,MIL,2022-05-30 12:05:00,12,6,7,13,5,20,7,19,319,81.8,4,52,0.0769,0.2632,82.4,28.0,58.3,989.1,0.0,31.3,19.5,179.7,S,22.03,28.32,13.08
663154,2022-05-31,2022,MIL,2022-05-31 19:05:00,19,8,7,15,4,17,10,19,351,81.5,5,52,0.0962,0.2105,72.3,22.4,87.0,991.5,4.3,16.5,10.3,212.7,SW,16.12,16.35,13.95
663184,2022-06-01,2022,MIL,2022-06-01 19:05:00,19,4,3,7,0,15,7,15,290,78.4,2,53,0.0377,0.0,57.9,14.4,87.7,992.5,0.0,5.7,3.5,87.3,E,-4.19,-2.64,-5.24
663139,2022-06-02,2022,STL,2022-06-02 19:05:00,19,7,5,12,4,8,9,20,298,83.5,4,61,0.0656,0.2,61.5,16.4,86.3,990.9,0.0,10.0,6.2,141.7,SE,1.16,4.47,-2.3
663153,2022-06-03,2022,STL,2022-06-03 13:20:00,13,5,14,19,6,17,7,26,345,80.3,5,60,0.0833,0.2308,78.0,25.5,26.7,991.5,0.0,19.5,12.1,290.3,W,8.12,1.58,13.68
663152,2022-06-04,2022,STL,2022-06-04 18:15:00,18,4,7,11,0,24,11,23,365,82.0,1,55,0.0182,0.0,59.4,15.2,69.3,992.8,0.0,14.1,8.8,49.4,NE,-14.06,-12.85,-13.58
663179,2022-06-04,2022,STL,2022-06-04 12:20:00,12,6,1,7,2,17,8,18,314,80.4,4,51,0.0784,0.1111,61.9,16.6,66.7,994.2,0.0,14.9,9.2,49.0,NE,-14.83,-13.58,-14.29
663138,2022-06-05,2022,STL,2022-06-05 18:08:00,18,3,5,8,0,11,7,22,330,81.0,2,73,0.0274,0.0,61.6,16.4,81.3,987.0,0.0,10.6,6.6,58.2,NE,-10.29,-8.84,-10.49
663183,2022-06-13,2022,SD,2022-06-13 19:05:00,19,1,4,5,1,14,1,15,238,82.0,3,54,0.0556,0.0667,68.9,20.5,95.0,986.3,6.4,23.2,14.4,127.4,SE,-3.06,5.0,-10.75
663182,2022-06-14,2022,SD,2022-06-14 19:05:00,19,5,12,17,4,17,6,25,284,80.4,3,61,0.0492,0.16,86.5,30.3,57.7,988.4,0.0,25.3,15.7,191.0,S,21.0,24.58,14.89
663155,2022-06-15,2022,SD,2022-06-15 19:05:00,19,5,19,24,4,11,12,32,377,82.5,8,74,0.1081,0.125,86.7,30.4,52.7,988.3,0.0,29.7,18.5,208.0,SW,28.4,29.66,23.72
663125,2022-06-16,2022,SD,2022-06-16 13:20:00,13,4,6,10,3,20,7,18,300,80.5,4,52,0.0769,0.1667,91.8,33.2,34.7,990.6,0.0,35.1,21.8,247.0,SW,32.51,26.06,35.05
663124,2022-06-17,2022,ATL,2022-06-17 13:20:00,13,1,0,1,0,21,6,5,261,81.1,2,34,0.0588,0.0,79.0,26.1,54.7,994.3,0.0,14.4,9.0,47.7,NE,-14.42,-13.32,-13.78
663239,2022-06-18,2022,ATL,2022-06-18 13:20:00,13,6,3,9,2,21,5,22,279,82.9,4,50,0.08,0.0909,62.8,17.1,56.0,1003.4,0.0,22.9,14.2,13.7,N,-19.53,-22.42,-14.29
663218,2022-06-19,2022,ATL,2022-06-19 13:20:00,13,0,6,6,2,19,4,15,273,83.0,6,48,0.125,0.1333,80.3,26.8,33.7,1000.6,0.0,12.6,7.8,141.7,SE,1.46,5.66,-2.91
663231,2022-06-28,2022,CIN,2022-06-28 19:05:00,19,3,5,8,1,27,6,22,326,82.6,4,46,0.087,0.0455,74.8,23.8,52.0,997.9,0.0,17.2,10.7,227.3,SW,17.19,15.91,16.39
663215,2022-06-29,2022,CIN,2022-06-29 19:05:00,19,8,3,11,3,23,8,20,326,83.8,4,46,0.087,0.15,71.4,21.9,85.7,998.3,0.0,9.4,5.8,117.3,SE,-2.85,0.37,-5.73
663199,2022-06-30,2022,CIN,2022-06-30 19:05:00,19,15,7,22,6,14,5,35,327,82.4,6,70,0.0857,0.1714,80.9,27.2,43.3,992.7,0.0,18.9,11.7,216.3,SW,18.68,18.53,16.58
663185,2022-07-01,2022,BOS,2022-07-01 13:20:00,13,6,5,11,2,17,12,17,316,83.5,6,49,0.1224,0.1176,70.9,21.6,73.0,993.2,0.1,11.6,7.2,53.3,NE,-11.44,-10.18,-11.33
663198,2022-07-02,2022,BOS,2022-07-02 18:15:00,18,3,1,4,0,19,3,13,241,80.8,1,42,0.0238,0.0,73.9,23.3,56.0,996.1,0.0,13.2,8.2,161.3,S,5.87,9.57,1.45
663186,2022-07-03,2022,BOS,2022-07-03 13:20:00,13,2,4,6,1,26,11,19,384,80.9,5,56,0.0893,0.0526,78.3,25.7,62.3,998.7,0.0,14.9,9.2,68.0,E,-13.68,-10.87,-14.85
663187,2022-07-12,2022,BAL,2022-07-12 19:05:00,19,2,4,6,3,11,6,15,271,82.1,2,55,0.0364,0.2,76.3,24.6,68.7,990.9,0.0,3.1,1.9,95.8,E,-1.96,-1.02,-2.66
663230,2022-07-13,2022,BAL,2022-07-13 19:05:00,19,1,7,8,0,18,6,18,308,80.4,3,53,0.0566,0.0,66.6,19.2,86.3,996.2,0.0,12.6,7.8,16.7,N,-11.06,-12.43,-8.35
661101,2022-07-14,2022,NYM,2022-07-14 19:05:00,19,0,8,8,2,17,7,20,310,83.3,2,54,0.037,0.1,67.8,19.9,83.7,999.3,0.0,13.3,8.3,54.4,NE,-13.16,-11.62,-13.1
661114,2022-07-16,2022,NYM,2022-07-16 13:20:00,13,1,2,3,0,29,7,9,352,81.1,4,43,0.093,0.0,71.2,21.8,83.7,993.2,0.0,24.7,15.4,12.7,N,-20.9,-24.16,-15.11
661115,2022-07-16,2022,NYM,2022-07-15 13:20:00,13,3,4,7,1,23,8,17,325,81.5,4,51,0.0784,0.0588,74.1,23.4,79.7,996.6,0.9,20.4,12.7,180.7,S,14.57,18.56,8.82
661082,2022-07-17,2022,NYM,2022-07-17 13:20:00,13,3,2,5,0,10,6,16,303,82.7,2,53,0.0377,0.0,73.2,22.9,87.0,989.9,0.0,18.3,11.4,16.7,N,-16.11,-18.11,-12.17
661065,2022-07-25,2022,PIT,2022-07-25 19:05:00,19,3,2,5,1,10,6,17,263,81.7,2,53,0.0377,0.0588,68.1,20.1,72.7,996.0,0.0,10.7,6.7,121.9,SE,-2.44,1.28,-5.87
661064,2022-07-26,2022,PIT,2022-07-26 13:20:00,13,4,2,6,2,13,1,14,241,83.1,3,52,0.0577,0.1429,75.4,24.1,63.3,993.1,0.0,18.6,11.6,84.3,E,-14.39,-9.49,-17.55
661063,2022-08-05,2022,MIA,2022-08-05 13:20:00,13,2,1,3,1,26,8,11,315,80.0,3,35,0.0857,0.0909,77.8,25.5,83.3,996.7,0.0,14.6,9.1,71.3,E,-13.11,-10.1,-14.54
661062,2022-08-06,2022,MIA,2022-08-06 13:20:00,13,4,0,4,1,14,4,15,261,82.1,2,50,0.04,0.0667,87.2,30.7,64.3,995.6,0.8,11.4,7.1,169.7,S,6.46,9.27,2.88
661061,2022-08-07,2022,MIA,2022-08-07 13:20:00,13,0,3,3,2,16,5,10,258,82.3,2,46,0.0435,0.2,80.7,27.0,83.0,995.0,0.7,13.2,8.2,230.0,SW,13.15,11.96,12.75
661060,2022-08-08,2022,WSH,2022-08-08 19:05:00,19,6,3,9,4,15,5,19,282,84.0,5,52,0.0962,0.2105,67.6,19.8,84.0,995.1,0.0,21.6,13.4,13.7,N,-18.42,-21.15,-13.48
661059,2022-08-09,2022,WSH,2022-08-09 19:05:00,19,5,6,11,4,18,4,24,309,82.2,2,56,0.0357,0.1667,64.0,17.8,88.0,997.9,0.0,8.3,5.2,39.3,NE,-8.26,-8.04,-7.48
663229,2022-08-10,2022,WSH,2022-08-10 13:20:00,13,4,2,6,2,17,2,18,260,81.3,1,50,0.02,0.1111,77.9,25.5,64.7,998.4,0.0,13.0,8.1,109.0,E,-5.71,-1.36,-9.37
663228,2022-08-19,2022,MIL,2022-08-19 13:20:00,13,8,7,15,5,21,5,19,292,83.2,5,48,0.1042,0.2632,83.3,28.5,43.3,991.9,0.0,21.2,13.2,188.7,S,17.05,20.31,11.73
663116,2022-08-20,2022,MIL,2022-08-20 13:20:00,13,6,5,11,2,19,14,12,350,83.5,3,58,0.0517,0.1667,73.8,23.2,76.3,992.4,2.9,14.4,9.0,186.4,S,11.28,13.68,7.52
663115,2022-08-21,2022,MIL,2022-08-21 13:20:00,13,2,5,7,5,20,5,12,309,83.4,5,43,0.1163,0.4167,71.4,21.9,84.0,994.1,0.0,22.5,14.0,11.0,N,-18.63,-21.8,-13.21
663114,2022-08-22,2022,STL,2022-08-22 19:05:00,19,0,1,1,1,15,3,5,225,81.4,3,42,0.0714,0.2,68.8,20.5,73.7,995.3,0.0,8.4,5.2,22.6,NE,-7.8,-8.43,-6.23
663113,2022-08-23,2022,STL,2022-08-23 19:05:00,19,3,13,16,3,12,7,23,306,84.7,4,62,0.0645,0.1304,70.5,21.4,86.0,994.2,0.0,7.8,4.8,135.9,SE,0.12,2.78,-2.55
663163,2022-08-23,2022,STL,2022-08-23 13:20:00,13,2,0,2,0,9,8,10,301,81.6,1,54,0.0185,0.0,77.7,25.4,61.3,994.3,0.0,13.0,8.1,103.3,E,-6.82,-2.63,-10.2
663216,2022-08-24,2022,STL,2022-08-24 19:05:00,19,7,1,8,2,13,2,18,270,81.4,2,56,0.0357,0.1111,71.3,21.8,89.0,995.5,0.0,9.6,6.0,148.7,SE,2.28,5.34,-1.06
663240,2022-08-25,2022,STL,2022-08-25 13:20:00,13,3,8,11,2,13,4,24,288,84.4,2,63,0.0317,0.0833,79.9,26.6,64.7,992.4,0.2,4.9,3.0,254.9,W,4.25,3.16,4.83
663242,2022-09-06,2022,CIN,2022-09-06 18:40:00,18,9,3,12,3,19,14,13,320,80.1,4,44,0.0909,0.2308,70.8,21.5,85.7,998.5,0.0,8.3,5.2,41.3,NE,-8.28,-7.97,-7.6
663168,2022-09-07,2022,CIN,2022-09-07 18:40:00,18,1,7,8,3,19,3,22,292,82.3,3,53,0.0566,0.1364,69.6,20.9,74.3,997.1,0.0,8.6,5.3,68.3,E,-7.9,-6.26,-8.59
663241,2022-09-08,2022,CIN,2022-09-08 13:20:00,13,3,4,7,2,18,7,16,298,80.6,3,49,0.0612,0.125,79.3,26.3,49.7,992.5,0.0,10.3,6.4,126.3,SE,-1.55,2.02,-4.94
663217,2022-09-09,2022,SF,2022-09-09 15:05:00,15,4,2,6,2,24,6,8,280,81.4,1,34,0.0294,0.25,79.7,26.5,51.3,990.7,0.0,17.7,11.0,149.3,SE,4.36,9.95,-1.76
663127,2022-09-10,2022,SF,2022-09-10 13:20:00,13,2,5,7,2,17,3,18,279,81.9,3,52,0.0577,0.1111,79.0,26.1,58.7,994.5,0.0,15.7,9.8,103.3,E,-8.24,-3.17,-12.32
663130,2022-09-11,2022,SF,2022-09-11 19:08:00,19,2,4,6,3,14,3,20,319,80.3,4,56,0.0714,0.15,59.9,15.5,85.7,989.8,0.4,27.2,16.9,286.7,W,12.89,3.94,20.29
663126,2022-09-16,2022,COL,2022-09-16 13:20:00,13,2,1,3,2,13,4,11,216,82.1,3,47,0.0638,0.1818,81.0,27.2,50.7,997.0,0.0,18.2,11.3,184.0,S,13.73,16.99,8.82
663129,2022-09-17,2022,COL,2022-09-17 13:20:00,13,1,3,4,0,20,3,14,278,79.5,0,48,0.0,0.0,84.7,29.3,42.3,993.9,0.0,29.8,18.5,216.7,SW,29.45,29.15,26.2
663112,2022-09-18,2022,COL,2022-09-18 13:20:00,13,3,4,7,2,22,9,12,302,81.2,2,44,0.0455,0.1667,84.4,29.1,49.3,991.2,0.0,20.1,12.5,235.0,SW,19.79,17.41,19.79
663128,2022-09-27,2022,PHI,2022-09-27 18:40:00,18,2,1,3,1,11,3,12,199,80.8,4,46,0.087,0.0833,54.1,12.3,56.7,1001.7,0.0,22.4,13.9,338.7,N,-8.99,-15.47,-1.43
663098,2022-09-28,2022,PHI,2022-09-28 18:40:00,18,4,2,6,1,21,2,17,258,78.8,2,48,0.0417,0.0588,53.2,11.8,70.3,1010.4,0.0,17.1,10.6,26.3,NE,-16.2,-17.1,-13.35
663110,2022-09-29,2022,PHI,2022-09-29 13:20:00,13,2,0,2,0,16,9,13,281,82.9,2,47,0.0426,0.0,57.9,14.4,58.3,1008.6,0.0,11.5,7.1,92.0,E,-7.82,-4.48,-10.22
663099,2022-09-30,2022,CIN,2022-09-30 13:20:00,13,6,1,7,1,11,5,12,252,80.0,2,51,0.0392,0.0833,60.6,15.9,65.0,1002.7,0.0,13.1,8.1,58.0,NE,-12.76,-10.99,-13.0
663167,2022-10-01,2022,CIN,2022-10-01 13:20:00,13,2,1,3,1,15,7,7,269,80.8,3,44,0.0682,0.1429,62.7,17.1,62.0,1001.3,0.0,22.1,13.7,25.7,NE,-20.85,-22.1,-17.1
663097,2022-10-02,2022,CIN,2022-10-02 13:20:00,13,8,1,9,0,19,7,19,308,81.3,2,51,0.0392,0.0,59.4,15.2,76.3,1006.0,0.0,24.5,15.2,16.7,N,-21.57,-24.24,-16.29
718777,2023-03-30,2023,MIL,2023-03-30 13:20:00,13,4,0,4,0,17,9,10,258,83.9,1,42,0.0238,0.0,42.7,6.0,63.7,998.8,0.0,19.9,12.3,99.0,E,-11.68,-5.48,-16.47
718758,2023-04-01,2023,MIL,2023-04-01 13:20:00,13,1,3,4,1,23,5,11,289,79.9,0,40,0.0,0.0909,40.8,4.9,59.7,988.5,0.0,36.2,22.5,337.0,NW,-13.55,-24.2,-1.26
718738,2023-04-02,2023,MIL,2023-04-02 13:20:00,13,5,9,14,2,18,10,22,317,82.1,4,56,0.0714,0.0909,50.2,10.1,58.0,991.0,0.0,23.3,14.5,158.0,S,9.1,15.89,1.22
718675,2023-04-07,2023,TEX,2023-04-07 13:20:00,13,2,0,2,0,20,5,9,262,79.8,1,37,0.027,0.0,41.3,5.2,63.3,1011.7,0.0,17.1,10.6,65.0,NE,-16.07,-13.1,-17.1
718669,2023-04-08,2023,TEX,2023-04-08 15:05:00,15,10,3,13,2,15,8,21,334,83.7,2,57,0.0351,0.0952,52.1,11.2,75.7,1005.7,0.0,14.3,8.9,116.7,SE,-4.51,0.42,-8.89
718642,2023-04-09,2023,TEX,2023-04-09 13:20:00,13,2,8,10,1,19,6,17,285,79.8,4,51,0.0784,0.0588,61.2,16.2,53.0,1007.9,0.0,16.8,10.4,149.3,SE,4.15,9.46,-1.66
718628,2023-04-10,2023,SEA,2023-04-10 18:40:00,18,3,2,5,1,18,5,14,288,82.1,3,52,0.0577,0.0714,55.5,13.0,63.0,1002.6,0.0,13.9,8.7,163.7,S,6.68,10.46,2.1
718617,2023-04-11,2023,SEA,2023-04-11 18:40:00,18,14,9,23,4,12,8,29,351,83.1,8,67,0.1194,0.1379,64.9,18.3,61.3,996.1,0.0,16.9,10.5,216.0,SW,16.73,16.62,14.81
718606,2023-04-12,2023,SEA,2023-04-12 13:20:00,13,2,5,7,3,20,4,15,278,83.4,3,48,0.0625,0.2,75.4,24.1,41.0,991.3,0.0,33.1,20.6,234.0,SW,32.69,28.95,32.49
718499,2023-04-20,2023,LAD,2023-04-20 18:40:00,18,2,6,8,4,15,9,15,312,82.7,2,50,0.04,0.2667,62.2,16.8,86.7,987.0,1.4,20.9,13.0,208.3,SW,20.02,20.86,16.77
718491,2023-04-21,2023,LAD,2023-04-21 13:20:00,13,13,0,13,4,21,6,18,318,80.2,2,47,0.0426,0.2222,59.8,15.5,40.0,989.7,0.1,27.4,17.0,225.3,SW,27.43,25.72,25.83
718479,2023-04-22,2023,LAD,2023-04-22 13:20:00,13,4,9,13,5,20,10,16,322,83.8,6,50,0.12,0.3125,44.8,7.1,50.3,989.1,0.6,24.9,15.5,272.0,W,16.96,9.72,22.16
718451,2023-04-23,2023,LAD,2023-04-23 13:20:00,13,3,7,10,4,17,5,14,290,84.0,5,51,0.098,0.2857,39.3,4.1,85.7,997.1,1.7,3.6,2.2,259.0,W,2.96,2.1,3.46
718426,2023-04-25,2023,SD,2023-04-25 18:40:00,18,6,0,6,1,15,13,12,336,80.8,2,46,0.0435,0.0833,38.7,3.7,72.3,1001.5,0.0,13.4,8.3,4.3,N,-10.14,-12.51,-6.55
718407,2023-04-26,2023,SD,2023-04-26 18:40:00,18,3,5,8,1,15,4,17,324,82.1,2,56,0.0357,0.0588,40.0,4.5,70.7,1001.0,0.0,15.9,9.9,93.0,E,-10.62,-5.95,-14.01
718406,2023-04-27,2023,SD,2023-04-27 13:20:00,13,5,2,7,4,11,5,15,280,84.7,6,52,0.1154,0.2667,57.1,13.9,59.0,992.5,0.0,18.5,11.5,97.7,E,-11.22,-5.51,-15.57
718303,2023-05-05,2023,MIA,2023-05-05 13:20:00,13,4,1,5,1,20,2,16,258,80.1,2,44,0.0455,0.0625,71.4,21.9,44.7,995.4,0.0,22.4,13.9,161.3,S,9.92,16.18,2.47
718289,2023-05-06,2023,MIA,2023-05-06 13:20:00,13,4,2,6,1,20,7,16,307,79.7,1,46,0.0217,0.0625,71.7,22.0,58.3,993.6,0.0,23.2,14.4,152.1,SE,6.83,14.0,-1.17
718269,2023-05-07,2023,MIA,2023-05-07 13:20:00,13,4,5,9,1,23,3,20,391,81.9,3,78,0.0385,0.05,63.5,17.5,97.7,990.3,0.0,14.6,9.1,71.7,E,-13.02,-10.0,-14.47
718256,2023-05-08,2023,STL,2023-05-08 18:40:00,18,1,3,4,0,19,8,11,321,83.0,1,45,0.0222,0.0,46.3,8.0,97.0,994.4,0.3,13.9,8.6,4.0,N,-10.48,-12.97,-6.73
718240,2023-05-09,2023,STL,2023-05-09 18:40:00,18,4,6,10,5,13,12,18,324,80.2,8,53,0.1509,0.2778,48.7,9.3,81.0,998.8,0.0,7.5,4.7,31.3,NE,-7.32,-7.49,-6.26
718221,2023-05-10,2023,STL,2023-05-10 18:40:00,18,10,4,14,2,8,10,24,286,81.2,4,64,0.0625,0.0833,53.7,12.0,68.0,997.1,0.0,14.0,8.7,92.3,E,-9.47,-5.39,-12.41
718055,2023-05-23,2023,NYM,2023-05-23 18:40:00,18,7,2,9,4,22,8,14,301,83.0,4,45,0.0889,0.2857,63.5,17.5,61.7,996.7,0.0,13.3,8.3,90.9,E,-9.27,-5.44,-11.99
718038,2023-05-24,2023,NYM,2023-05-24 18:40:00,18,4,2,6,2,14,8,12,259,82.8,4,46,0.087,0.1667,48.3,9.1,84.7,1000.8,0.0,26.1,16.2,7.3,N,-20.69,-24.9,-13.98
718024,2023-05-25,2023,NYM,2023-05-25 18:40:00,18,1,10,11,2,16,8,21,311,81.6,2,58,0.0345,0.0952,48.4,9.1,74.7,1003.4,0.0,21.1,13.1,9.0,N,-17.04,-20.25,-11.78
718027,2023-05-26,2023,CIN,2023-05-26 13:20:00,13,0,9,9,0,23,5,21,321,80.4,3,51,0.0588,0.0,59.2,15.1,52.0,1005.3,0.0,22.5,14.0,19.3,N,-20.31,-22.42,-15.75
718007,2023-05-27,2023,CIN,2023-05-27 18:15:00,18,5,8,13,2,17,8,20,304,83.0,8,53,0.1509,0.1,58.4,14.7,66.3,1001.2,0.0,13.9,8.6,35.7,NE,-13.72,-13.66,-12.12
717987,2023-05-28,2023,CIN,2023-05-28 13:20:00,13,5,8,13,3,16,12,23,360,80.0,4,57,0.0702,0.1304,68.4,20.2,45.0,998.3,0.0,16.3,10.1,31.7,NE,-15.83,-16.16,-13.59
717976,2023-05-29,2023,TB,2023-05-29 13:20:00,13,1,0,1,0,19,3,4,233,80.1,1,35,0.0286,0.0,67.1,19.5,54.3,994.7,0.0,16.7,10.4,30.3,NE,-16.16,-16.63,-13.74
717961,2023-05-30,2023,TB,2023-05-30 19:05:00,19,2,1,3,1,16,7,15,259,84.3,4,46,0.087,0.0667,65.1,18.4,64.3,992.9,0.0,8.0,5.0,4.0,N,-6.01,-7.44,-3.86
717950,2023-05-31,2023,TB,2023-05-31 13:20:00,13,3,4,7,2,17,9,11,299,82.7,3,46,0.0652,0.1818,78.3,25.7,64.7,993.8,0.1,17.1,10.6,87.0,E,-12.68,-8.01,-15.82
717782,2023-06-13,2023,PIT,2023-06-13 19:05:00,19,11,3,14,4,14,7,21,298,82.4,6,54,0.1111,0.1905,61.2,16.2,87.0,980.7,3.4,29.8,18.5,314.3,NW,0.35,-9.88,10.53
717763,2023-06-14,2023,PIT,2023-06-14 19:05:00,19,10,6,16,3,19,9,25,330,82.1,2,56,0.0357,0.12,59.8,15.5,92.0,984.3,0.0,9.1,5.6,117.3,SE,-2.75,0.37,-5.54
717747,2023-06-15,2023,PIT,2023-06-15 19:05:00,19,7,2,9,0,21,7,18,311,82.5,0,47,0.0,0.0,53.4,11.9,84.7,988.9,0.0,25.6,15.9,18.3,N,-22.88,-25.43,-17.57
717744,2023-06-16,2023,BAL,2023-06-16 13:20:00,13,10,3,13,3,11,5,21,302,79.7,7,61,0.1148,0.1429,58.6,14.8,79.7,993.8,0.0,21.8,13.5,10.3,N,-17.93,-21.09,-12.61
717729,2023-06-17,2023,BAL,2023-06-17 13:20:00,13,3,2,5,1,18,6,11,271,82.7,4,45,0.0889,0.0909,69.1,20.6,69.7,993.0,0.0,16.4,10.2,77.3,E,-13.83,-10.0,-15.99
717708,2023-06-18,2023,BAL,2023-06-18 12:05:00,12,3,6,9,3,14,4,17,280,81.3,3,53,0.0566,0.1765,73.5,23.0,62.7,988.6,0.0,23.4,14.6,77.7,E,-19.73,-14.21,-22.86
717596,2023-06-27,2023,PHI,2023-06-27 19:05:00,19,1,5,6,2,23,4,15,280,80.9,3,44,0.0682,0.1333,61.5,16.4,82.3,992.9,0.0,10.2,6.3,23.7,NE,-9.5,-10.2,-7.66
717584,2023-06-28,2023,PHI,2023-06-28 19:05:00,19,5,8,13,5,16,5,21,318,82.0,5,59,0.0847,0.2381,70.3,21.3,77.0,992.3,0.0,16.6,10.3,126.7,SE,-2.41,3.36,-7.89
717567,2023-06-29,2023,PHI,2023-06-29 19:05:00,19,1,3,4,1,14,1,14,230,81.0,3,56,0.0536,0.0714,71.7,22.1,100.0,989.8,0.2,7.4,4.6,154.5,SE,2.48,4.73,-0.06
717559,2023-06-30,2023,CLE,2023-06-30 13:20:00,13,10,1,11,3,11,5,18,297,80.9,4,57,0.0702,0.1667,79.5,26.4,94.3,990.5,0.0,19.5,12.1,107.6,E,-8.97,-2.51,-14.35
717546,2023-07-01,2023,CLE,2023-07-01 18:15:00,18,0,6,6,0,26,5,13,307,80.0,0,41,0.0,0.0,72.9,22.7,92.0,988.2,2.5,7.2,4.5,200.7,S,6.59,7.21,5.18
717521,2023-07-02,2023,CLE,2023-07-02 16:05:00,16,6,8,14,2,15,3,18,337,82.4,6,64,0.0938,0.1111,62.2,16.8,98.7,986.6,1.2,25.0,15.5,354.3,N,-15.82,-21.48,-8.27
717419,2023-07-14,2023,BOS,2023-07-14 19:05:00,19,3,8,11,8,20,3,22,305,83.1,7,55,0.1273,0.3636,71.9,22.2,88.0,988.5,0.9,14.2,8.8,247.2,SW,13.11,10.49,14.16
717403,2023-07-15,2023,BOS,2023-07-15 13:20:00,13,10,4,14,3,18,7,18,299,85.6,5,49,0.102,0.1667,78.8,26.0,75.0,987.4,1.2,10.0,6.2,90.6,E,-7.02,-4.15,-9.05
717376,2023-07-16,2023,BOS,2023-07-16 13:20:00,13,5,11,16,3,20,11,18,308,86.1,3,50,0.06,0.1667,81.0,27.2,41.0,989.3,0.0,20.1,12.5,280.3,W,11.41,5.08,16.37
717370,2023-07-17,2023,WSH,2023-07-17 19:05:00,19,5,7,12,4,19,3,20,301,83.0,4,54,0.0741,0.2,67.2,19.6,81.3,991.8,0.0,9.5,5.9,171.5,S,5.65,7.92,2.69
717353,2023-07-18,2023,WSH,2023-07-18 19:05:00,19,17,3,20,3,19,7,29,324,84.1,3,58,0.0517,0.1034,66.7,19.3,84.3,994.2,0.0,6.5,4.0,104.4,E,-3.29,-1.19,-5.0
717336,2023-07-19,2023,WSH,2023-07-19 19:05:00,19,8,3,11,3,12,6,21,319,80.8,4,58,0.069,0.1429,72.2,22.3,80.0,994.2,0.0,11.6,7.2,168.5,S,6.41,9.33,2.72
717322,2023-07-20,2023,STL,2023-07-20 19:05:00,19,2,7,9,2,16,11,16,345,85.0,4,52,0.0769,0.125,70.9,21.6,70.7,991.7,0.0,8.5,5.3,359.7,N,-5.96,-7.65,-3.54
717325,2023-07-21,2023,STL,2023-07-21 13:20:00,13,4,3,7,2,20,6,16,300,81.4,3,47,0.0638,0.125,72.6,22.6,69.7,994.8,0.0,11.7,7.2,44.0,NE,-11.66,-11.03,-10.89
717308,2023-07-22,2023,STL,2023-07-22 13:20:00,13,8,6,14,2,19,10,25,358,80.9,3,56,0.0536,0.08,81.4,27.5,40.0,991.2,0.0,5.8,3.6,179.3,S,4.08,5.26,2.4
717286,2023-07-23,2023,STL,2023-07-23 13:20:00,13,7,2,9,1,15,5,16,296,82.5,2,52,0.0385,0.0625,76.3,24.6,73.7,991.7,0.0,14.7,9.1,106.0,E,-7.13,-2.3,-11.09
717188,2023-07-31,2023,CIN,2023-07-31 19:05:00,19,5,6,11,1,23,9,16,308,83.3,3,46,0.0652,0.0625,71.4,21.9,54.7,999.4,0.0,6.7,4.2,95.0,E,-4.33,-2.3,-5.83
717173,2023-08-01,2023,CIN,2023-08-01 19:05:00,19,20,9,29,8,13,7,33,341,84.9,7,71,0.0986,0.2424,74.7,23.7,77.7,999.0,0.0,10.8,6.7,170.9,S,6.34,8.95,2.97
717153,2023-08-02,2023,CIN,2023-08-02 19:05:00,19,16,6,22,9,23,4,25,321,83.1,8,56,0.1429,0.36,73.9,23.3,79.0,995.3,0.0,10.4,6.5,187.4,S,8.24,9.91,5.58
717146,2023-08-03,2023,CIN,2023-08-03 19:05:00,19,5,3,8,2,23,7,15,283,81.4,3,42,0.0714,0.1333,75.1,24.0,86.7,992.6,0.0,7.0,4.3,178.7,S,4.83,6.27,2.81
717141,2023-08-04,2023,ATL,2023-08-04 13:20:00,13,0,8,8,3,16,3,15,259,83.7,4,50,0.08,0.2,76.4,24.7,66.7,994.5,0.0,20.6,12.8,40.3,NE,-20.5,-19.83,-18.69
717121,2023-08-05,2023,ATL,2023-08-05 13:20:00,13,8,6,14,5,14,10,20,352,81.6,7,56,0.125,0.25,72.1,22.3,91.3,992.5,5.1,17.2,10.7,54.7,NE,-16.96,-14.94,-16.92
717098,2023-08-06,2023,ATL,2023-08-06 13:20:00,13,6,4,10,1,17,12,17,326,85.4,2,49,0.0408,0.0588,69.9,21.1,80.7,989.2,0.0,21.6,13.4,6.0,N,-16.76,-20.39,-11.11
716986,2023-08-15,2023,CWS,2023-08-15 19:05:00,19,3,5,8,3,17,7,15,302,79.5,2,51,0.0392,0.2,63.9,17.7,91.7,994.9,0.0,7.0,4.4,338.0,N,-2.75,-4.8,-0.37
716968,2023-08-16,2023,CWS,2023-08-16 19:05:00,19,4,3,7,3,18,8,12,254,83.6,2,41,0.0488,0.25,70.9,21.6,72.3,990.1,0.0,19.8,12.3,193.0,S,16.76,19.33,12.17
716955,2023-08-18,2023,KC,2023-08-18 13:20:00,13,3,4,7,1,17,6,17,306,82.9,2,51,0.0392,0.0588,72.4,22.4,48.0,995.9,0.0,12.6,7.8,103.4,E,-6.59,-2.54,-9.86
716937,2023-08-19,2023,KC,2023-08-19 13:20:00,13,6,4,10,2,20,4,19,298,82.6,1,50,0.02,0.1053,78.0,25.5,61.0,993.4,0.0,24.1,15.0,174.0,S,15.19,20.69,7.86
716917,2023-08-20,2023,KC,2023-08-20 13:20:00,13,4,3,7,2,6,2,12,219,84.6,3,56,0.0536,0.1667,80.5,26.9,79.3,997.0,0.0,11.6,7.2,59.7,NE,-11.19,-9.51,-11.52
716810,2023-08-28,2023,MIL,2023-08-28 19:05:00,19,2,6,8,4,13,1,15,277,84.5,7,57,0.1228,0.2667,69.4,20.8,71.3,994.4,0.0,8.0,5.0,159.9,S,3.38,5.67,0.68
716798,2023-08-29,2023,MIL,2023-08-29 19:05:00,19,1,0,1,0,19,3,15,265,80.5,1,43,0.0233,0.0,68.4,20.2,81.3,992.6,0.0,18.7,11.6,26.3,NE,-17.75,-18.73,-14.63
716779,2023-08-30,2023,MIL,2023-08-30 13:20:00,13,3,2,5,0,17,7,8,273,80.1,2,44,0.0455,0.0,64.0,17.8,65.7,997.0,0.0,27.3,17.0,13.7,N,-23.32,-26.77,-17.06
716723,2023-09-04,2023,SF,2023-09-04 13:20:00,13,5,0,5,1,17,4,8,242,83.2,3,42,0.0714,0.125,89.9,32.2,47.0,990.6,0.0,17.5,10.9,178.3,S,12.01,15.64,6.93
716708,2023-09-05,2023,SF,2023-09-05 18:40:00,18,11,8,19,6,16,7,27,326,80.7,6,62,0.0968,0.2222,80.8,27.1,63.7,989.2,0.0,21.0,13.0,184.7,S,15.98,19.66,10.38
716699,2023-09-06,2023,SF,2023-09-06 13:20:00,13,8,2,10,2,12,2,21,255,83.7,3,58,0.0517,0.0952,82.8,28.2,45.0,985.9,0.0,25.0,15.5,248.3,W,22.95,18.18,24.96
716685,2023-09-07,2023,AZ,2023-09-07 18:40:00,18,2,6,8,3,10,6,15,274,85.5,7,56,0.125,0.2,65.3,18.5,80.3,993.5,0.0,13.7,8.5,4.3,N,-10.39,-12.82,-6.71
716678,2023-09-08,2023,AZ,2023-09-08 13:20:00,13,0,1,1,0,24,3,7,230,83.3,0,35,0.0,0.0,64.8,18.2,79.3,997.3,0.3,23.1,14.4,10.7,N,-19.1,-22.41,-13.49
716660,2023-09-09,2023,AZ,2023-09-09 13:20:00,13,2,3,5,0,16,8,16,322,81.8,1,56,0.0179,0.0,68.5,20.3,61.7,1000.1,0.0,16.0,10.0,23.0,NE,-14.87,-16.02,-11.92
716638,2023-09-10,2023,AZ,2023-09-10 13:20:00,13,5,2,7,3,11,5,18,231,83.2,3,55,0.0545,0.1667,72.7,22.6,63.0,998.2,0.0,14.7,9.1,106.3,E,-7.04,-2.21,-11.01
716518,2023-09-19,2023,PIT,2023-09-19 18:40:00,18,14,1,15,5,19,9,17,313,82.7,4,48,0.0833,0.2941,64.9,18.3,79.0,993.6,0.6,24.7,15.3,165.0,S,12.35,18.92,4.29
716497,2023-09-20,2023,PIT,2023-09-20 18:40:00,18,7,13,20,5,22,5,27,323,86.2,7,58,0.1207,0.1852,68.7,20.4,78.3,996.9,0.0,8.4,5.2,152.7,SE,2.56,5.15,-0.34
716493,2023-09-21,2023,PIT,2023-09-21 18:40:00,18,6,8,14,2,16,12,21,319,83.4,3,58,0.0517,0.0952,68.6,20.3,89.3,999.9,0.0,7.6,4.7,77.7,E,-6.39,-4.6,-7.41
716486,2023-09-22,2023,COL,2023-09-22 13:20:00,13,6,0,6,2,16,11,13,295,81.4,3,44,0.0682,0.1538,73.1,22.8,72.3,999.1,0.0,5.3,3.3,78.1,E,-4.41,-3.16,-5.13
716469,2023-09-23,2023,COL,2023-09-23 13:20:00,13,6,3,9,1,17,10,17,318,81.5,7,52,0.1346,0.0588,70.8,21.6,68.0,995.9,0.0,16.5,10.3,77.0,E,-14.02,-10.18,-16.17
716449,2023-09-24,2023,COL,2023-09-24 13:20:00,13,4,3,7,3,13,8,12,262,79.5,4,48,0.0833,0.25,69.6,20.9,74.0,994.7,0.0,17.5,10.9,88.0,E,-12.8,-7.94,-16.11
746899,2024-04-01,2024,COL,2024-04-01 13:20:00,13,5,0,5,0,13,4,12,267,84.9,2,50,0.04,0.0,44.8,7.1,82.3,988.3,0.0,28.1,17.4,48.0,NE,-28.03,-25.84,-26.84
746898,2024-04-02,2024,COL,2024-04-02 18:40:00,18,12,2,14,5,12,9,21,300,85.4,6,57,0.1053,0.2381,37.8,3.2,84.0,971.1,0.0,30.5,18.9,270.3,W,21.43,12.72,27.54
746900,2024-04-03,2024,COL,2024-04-03 18:40:00,18,9,8,17,1,19,11,21,330,84.5,3,53,0.0566,0.0476,36.7,2.6,91.3,972.9,0.8,30.0,18.7,355.3,N,-19.44,-26.1,-10.44
746897,2024-04-05,2024,LAD,2024-04-05 13:20:00,13,9,7,16,3,16,10,21,342,83.2,6,54,0.1111,0.1429,43.0,6.1,59.3,999.4,0.0,22.8,14.1,3.7,N,-17.1,-21.21,-10.92
746896,2024-04-06,2024,LAD,2024-04-06 15:05:00,15,1,4,5,0,29,7,16,312,82.7,3,41,0.0732,0.0,41.8,5.4,78.0,1000.0,0.0,15.3,9.5,38.3,NE,-15.16,-14.86,-13.64
746895,2024-04-07,2024,LAD,2024-04-07 13:20:00,13,8,1,9,1,16,5,13,267,83.7,3,49,0.0612,0.0769,48.3,9.0,79.3,990.5,4.9,28.4,17.7,120.3,SE,-7.2,2.64,-16.17
746892,2024-04-19,2024,MIA,2024-04-19 13:20:00,13,8,3,11,1,18,6,16,285,82.3,3,48,0.0625,0.0625,54.9,12.7,37.0,996.4,0.0,30.0,18.6,268.0,W,21.94,13.62,27.62
746891,2024-04-20,2024,MIA,2024-04-18 18:40:00,18,5,3,8,3,17,3,15,273,83.2,5,47,0.1064,0.2,46.5,8.0,90.7,993.9,4.4,15.5,9.6,13.0,N,-13.14,-15.16,-9.54
746893,2024-04-20,2024,MIA,2024-04-20 13:20:00,13,2,3,5,1,17,8,15,305,84.2,4,51,0.0784,0.0667,44.5,6.9,47.3,1001.1,0.0,21.3,13.3,279.0,W,12.54,5.88,17.69
746894,2024-04-21,2024,MIA,2024-04-21 13:20:00,13,3,6,9,1,20,5,19,290,78.4,2,53,0.0377,0.0526,53.4,11.9,42.7,998.6,0.0,11.4,7.1,345.1,N,-5.69,-8.71,-1.98
746888,2024-04-23,2024,HOU,2024-04-23 18:40:00,18,7,2,9,4,15,8,12,291,81.6,5,47,0.1064,0.3333,56.5,13.6,62.0,988.0,0.6,17.8,11.1,284.9,W,8.93,3.12,13.66
746889,2024-04-24,2024,HOU,2024-04-24 18:40:00,18,4,3,7,2,19,4,18,284,81.9,2,49,0.0408,0.1111,36.7,2.6,76.0,1004.2,0.0,9.0,5.6,31.4,NE,-8.78,-8.98,-7.52
746887,2024-04-25,2024,HOU,2024-04-25 13:20:00,13,3,1,4,1,16,7,11,292,79.3,4,46,0.087,0.0909,48.2,9.0,72.7,1004.4,0.0,16.8,10.4,62.3,NE,-16.04,-13.36,-16.78
746890,2024-05-03,2024,MIL,2024-05-03 13:20:00,13,1,3,4,1,17,2,16,278,85.3,4,51,0.0784,0.0625,56.5,13.6,84.7,995.9,0.0,17.8,11.1,38.0,NE,-17.67,-17.34,-15.86
746884,2024-05-04,2024,MIL,2024-05-04 13:20:00,13,6,5,11,4,20,8,16,291,84.6,4,48,0.0833,0.25,66.0,18.9,98.0,989.4,0.0,21.1,13.1,107.7,E,-9.69,-2.69,-15.52
746883,2024-05-05,2024,MIL,2024-05-05 13:20:00,13,5,0,5,1,16,10,12,276,79.8,3,45,0.0667,0.0833,52.5,11.4,80.0,997.6,0.0,13.4,8.3,36.4,NE,-13.25,-13.14,-11.76
746886,2024-05-06,2024,SD,2024-05-06 18:40:00,18,3,6,9,2,16,9,18,317,83.4,4,53,0.0755,0.1111,57.7,14.3,75.0,988.8,0.0,24.9,15.5,84.3,E,-19.28,-12.73,-23.51
746885,2024-05-07,2024,SD,2024-05-07 18:40:00,18,3,2,5,3,16,3,19,268,82.8,3,52,0.0577,0.1579,63.3,17.4,86.0,978.8,0.0,10.0,6.2,254.9,W,8.7,6.46,9.88
746879,2024-05-08,2024,SD,2024-05-08 13:20:00,13,0,3,3,0,23,4,9,291,81.0,1,39,0.0256,0.0,66.5,19.2,67.3,985.2,0.0,19.9,12.4,70.3,E,-17.99,-13.99,-19.81
746881,2024-05-16,2024,PIT,2024-05-16 18:40:00,18,4,5,9,3,23,2,14,275,81.0,2,47,0.0426,0.2143,65.9,18.8,87.7,986.0,0.1,15.0,9.3,211.7,SW,14.56,14.87,12.5
746878,2024-05-17,2024,PIT,2024-05-17 13:20:00,13,3,9,12,3,24,5,19,352,82.9,4,49,0.0816,0.1579,62.1,16.7,97.0,986.7,0.0,16.2,10.1,59.7,NE,-15.67,-13.32,-16.13
746882,2024-05-18,2024,PIT,2024-05-18 13:20:00,13,1,0,1,0,15,4,9,221,84.4,4,44,0.0909,0.0,77.7,25.4,68.3,989.4,0.2,13.6,8.5,163.7,S,6.52,10.21,2.05
746880,2024-05-19,2024,PIT,2024-05-19 13:20:00,13,2,3,5,1,16,10,12,312,82.8,4,48,0.0833,0.0833,61.9,16.6,70.3,994.5,0.0,14.7,9.1,29.3,NE,-14.15,-14.66,-11.94
746875,2024-05-21,2024,ATL,2024-05-21 18:40:00,18,4,3,7,2,20,11,12,339,80.0,3,51,0.0588,0.1667,79.6,26.4,58.3,980.4,0.0,38.4,23.8,175.0,S,24.66,33.22,13.12
746876,2024-05-22,2024,ATL,2024-05-22 18:40:00,18,2,9,11,3,19,2,12,251,82.6,5,48,0.1042,0.25,68.4,20.2,46.3,989.1,0.0,18.4,11.4,263.7,W,14.37,9.57,17.43
746874,2024-05-23,2024,ATL,2024-05-23 13:20:00,13,0,3,3,1,20,6,10,294,81.5,4,44,0.0909,0.1,72.4,22.5,53.3,991.5,0.0,20.3,12.6,93.7,E,-13.43,-7.4,-17.84
746877,2024-05-31,2024,CIN,2024-05-31 13:20:00,13,4,5,9,2,17,11,16,338,80.6,5,48,0.1042,0.125,71.5,22.0,64.7,999.9,0.0,17.9,11.1,109.0,E,-7.86,-1.87,-12.9
746870,2024-06-01,2024,CIN,2024-06-01 18:15:00,18,7,5,12,2,20,10,16,297,84.1,1,46,0.0217,0.125,66.0,18.9,92.7,991.1,2.9,15.9,9.9,208.9,SW,15.24,15.83,12.81
746871,2024-06-02,2024,CIN,2024-06-02 13:20:00,13,2,5,7,1,17,5,18,269,80.7,3,51,0.0588,0.0556,66.5,19.2,79.3,994.1,0.0,12.5,7.8,85.3,E,-9.56,-6.21,-11.75
746872,2024-06-04,2024,CWS,2024-06-04 19:05:00,19,7,6,13,4,16,3,17,265,81.5,7,51,0.1373,0.2353,68.9,20.5,92.0,983.8,5.2,17.6,10.9,136.7,SE,0.52,6.5,-5.51
746873,2024-06-05,2024,CWS,2024-06-05 19:05:00,19,7,6,13,3,24,7,21,320,82.2,3,47,0.0638,0.1429,68.7,20.4,70.7,981.7,0.0,10.1,6.3,234.3,SW,9.97,8.8,9.93
746869,2024-06-14,2024,STL,2024-06-14 13:20:00,13,0,3,3,1,15,4,12,267,82.7,2,50,0.04,0.0833,68.2,20.1,76.3,994.5,0.0,20.0,12.4,20.0,N,-18.13,-19.92,-14.14
746865,2024-06-15,2024,STL,2024-06-15 13:20:00,13,5,1,6,1,13,5,13,262,82.5,1,49,0.0204,0.0769,79.2,26.2,57.7,995.8,0.0,21.9,13.6,122.0,SE,-4.92,2.66,-11.91
746866,2024-06-16,2024,STL,2024-06-16 12:05:00,12,1,2,3,1,13,7,14,297,80.7,2,54,0.037,0.0714,85.5,29.7,52.7,989.9,0.0,30.5,18.9,189.6,S,24.84,29.38,17.31
746868,2024-06-17,2024,SF,2024-06-17 19:05:00,19,6,7,13,5,16,13,19,336,84.6,5,54,0.0926,0.2632,81.3,27.4,64.7,991.6,0.0,24.6,15.3,178.7,S,16.96,22.02,9.86
746867,2024-06-18,2024,SF,2024-06-18 19:05:00,19,5,2,7,1,18,4,15,254,80.4,2,48,0.0417,0.0667,82.7,28.2,61.7,994.6,0.0,27.5,17.1,193.7,S,23.49,26.96,17.18
746864,2024-06-19,2024,SF,2024-06-19 13:20:00,13,6,5,11,3,22,10,17,304,79.4,4,45,0.0889,0.1765,90.6,32.5,43.0,1000.3,0.2,22.9,14.2,204.7,SW,21.44,22.87,17.43
746861,2024-06-21,2024,NYM,2024-06-21 13:20:00,13,1,11,12,3,24,9,20,350,81.2,7,48,0.1458,0.15,81.1,27.3,76.0,997.8,0.0,19.0,11.8,91.3,E,-13.12,-7.63,-17.03
746863,2024-06-22,2024,NYM,2024-06-22 13:20:00,13,8,1,9,2,22,5,16,272,82.3,4,45,0.0889,0.125,91.8,33.2,38.7,988.3,0.0,33.5,20.8,234.0,SW,33.09,29.3,32.88
746862,2024-06-23,2024,NYM,2024-06-23 18:10:00,18,2,5,7,4,19,4,16,324,82.8,6,48,0.125,0.25,70.8,21.5,83.7,989.3,0.0,5.0,3.1,116.5,SE,-1.59,0.13,-3.13
746860,2024-07-02,2024,PHI,2024-07-02 19:05:00,19,4,6,10,3,20,5,14,280,81.7,3,47,0.0638,0.2143,76.8,24.9,54.3,989.7,0.0,25.5,15.9,172.0,S,15.36,21.41,7.45
746858,2024-07-03,2024,PHI,2024-07-03 19:05:00,19,3,5,8,2,23,3,18,284,81.1,2,48,0.0417,0.1111,77.5,25.3,72.0,992.2,0.0,10.5,6.5,247.9,W,9.64,7.66,10.45
746857,2024-07-04,2024,PHI,2024-07-04 13:20:00,13,10,2,12,3,21,5,18,281,81.2,5,47,0.1064,0.1667,76.9,25.0,71.7,990.7,0.0,8.1,5.1,199.8,S,7.36,8.1,5.73
746859,2024-07-05,2024,LAA,2024-07-05 13:20:00,13,5,1,6,1,13,4,11,229,82.7,3,50,0.06,0.0909,80.4,26.9,45.3,986.5,0.3,25.7,15.9,252.3,W,22.8,17.4,25.46
746856,2024-07-06,2024,LAA,2024-07-06 13:20:00,13,0,7,7,1,15,6,16,294,83.0,1,53,0.0189,0.0625,74.6,23.7,59.3,993.3,0.0,11.7,7.3,115.3,SE,-3.95,0.07,-7.49
746855,2024-07-07,2024,LAA,2024-07-07 13:20:00,13,5,0,5,1,8,6,10,258,84.5,1,53,0.0189,0.1,75.9,24.4,71.3,994.6,5.1,14.1,8.7,234.3,SW,13.88,12.26,13.82
746854,2024-07-19,2024,AZ,2024-07-19 13:20:00,13,2,5,7,0,24,7,20,325,81.4,0,48,0.0,0.0,73.9,23.3,55.0,999.7,0.0,19.2,11.9,112.0,E,-7.5,-1.0,-13.09
746852,2024-07-20,2024,AZ,2024-07-20 18:15:00,18,0,3,3,2,13,9,10,301,81.9,2,51,0.0392,0.2,72.1,22.3,68.7,997.4,0.0,6.5,4.0,159.3,S,2.66,4.52,0.48
746853,2024-07-21,2024,AZ,2024-07-21 13:20:00,13,2,1,3,1,22,7,6,266,82.1,1,42,0.0238,0.1667,78.2,25.7,56.7,997.5,0.0,9.9,6.2,92.4,E,-6.71,-3.81,-8.79
746850,2024-07-22,2024,MIL,2024-07-22 19:05:00,19,3,1,4,2,15,9,13,281,79.5,3,48,0.0625,0.1538,70.2,21.2,88.3,994.3,0.0,4.1,2.5,117.4,SE,-1.24,0.17,-2.5
746848,2024-07-23,2024,MIL,2024-07-23 19:05:00,19,0,1,1,0,17,7,14,294,82.8,0,48,0.0,0.0,71.4,21.9,85.0,995.5,0.0,12.6,7.8,245.0,SW,11.84,9.66,12.6
746851,2024-07-24,2024,MIL,2024-07-24 13:20:00,13,2,3,5,1,15,5,16,304,81.2,2,54,0.037,0.0625,70.2,21.2,82.7,999.3,0.4,13.7,8.5,54.0,NE,-13.5,-11.95,-13.42
746849,2024-08-01,2024,STL,2024-08-01 19:05:00,19,5,4,9,4,20,1,21,260,83.4,4,53,0.0755,0.1905,75.9,24.4,83.0,991.2,5.3,11.8,7.3,229.1,SW,11.77,10.77,11.35
746845,2024-08-02,2024,STL,2024-08-02 13:20:00,13,6,3,9,2,14,10,12,326,81.6,2,48,0.0417,0.1667,76.3,24.6,81.7,992.1,0.0,22.6,14.0,3.3,N,-16.86,-20.97,-10.71
746846,2024-08-03,2024,STL,2024-08-03 13:20:00,13,4,5,9,2,14,2,14,255,82.7,3,54,0.0556,0.1429,81.0,27.2,72.7,992.7,0.0,11.5,7.1,65.3,NE,-10.75,-8.74,-11.47
746844,2024-08-04,2024,STL,2024-08-04 18:10:00,18,6,2,8,3,11,6,16,268,81.6,2,54,0.037,0.1875,81.4,27.4,65.0,993.5,0.0,8.8,5.4,204.0,SW,8.19,8.77,6.62
746847,2024-08-05,2024,MIN,2024-08-05 19:05:00,19,0,3,3,1,23,3,12,256,79.3,1,41,0.0244,0.0833,70.9,21.6,86.3,994.6,0.0,11.8,7.3,28.3,NE,-11.27,-11.75,-9.44
746840,2024-08-06,2024,MIN,2024-08-06 19:05:00,19,7,3,10,3,14,3,14,257,79.5,4,50,0.08,0.2143,67.2,19.5,89.3,994.3,0.0,17.7,11.0,29.7,NE,-17.07,-17.64,-14.44
746842,2024-08-07,2024,MIN,2024-08-07 13:20:00,13,8,2,10,2,15,7,14,306,83.0,4,50,0.08,0.1429,73.1,22.8,64.3,993.6,0.0,21.3,13.3,42.7,NE,-21.32,-20.33,-19.73
746843,2024-08-16,2024,TOR,2024-08-16 13:20:00,13,6,5,11,5,17,4,17,307,81.3,5,59,0.0847,0.2941,85.5,29.7,54.0,987.0,0.0,21.2,13.2,245.3,SW,19.85,16.14,21.17
746841,2024-08-17,2024,TOR,2024-08-17 13:20:00,13,3,2,5,2,18,8,12,261,80.6,7,44,0.1591,0.1667,75.1,23.9,76.0,987.4,2.9,13.5,8.4,6.4,N,-10.56,-12.8,-7.04
746838,2024-08-18,2024,TOR,2024-08-18 13:20:00,13,0,1,1,1,17,4,12,282,82.8,1,50,0.02,0.0833,70.6,21.4,80.3,993.0,0.0,30.2,18.8,359.0,N,-21.0,-27.17,-12.3
746839,2024-08-20,2024,DET,2024-08-20 19:05:00,19,3,1,4,1,18,5,14,270,82.9,1,45,0.0222,0.0714,62.9,17.2,74.3,1002.3,0.0,9.7,6.0,37.3,NE,-9.65,-9.51,-8.62
746837,2024-08-21,2024,DET,2024-08-21 19:05:00,19,2,8,10,4,19,3,16,294,83.9,5,53,0.0943,0.25,63.2,17.3,61.0,1002.4,0.0,7.3,4.6,79.0,E,-6.08,-4.31,-7.12
746836,2024-08-22,2024,DET,2024-08-22 13:20:00,13,10,2,12,2,20,4,18,269,81.7,1,47,0.0213,0.1111,74.6,23.7,47.7,1002.1,0.0,10.6,6.6,136.3,SE,0.25,3.86,-3.39
746833,2024-09-02,2024,PIT,2024-09-02 18:40:00,18,3,5,8,3,11,4,14,252,81.5,2,56,0.0357,0.2143,66.1,19.0,61.0,1003.9,0.0,7.8,4.8,69.6,E,-7.09,-5.55,-7.77
746834,2024-09-03,2024,PIT,2024-09-03 18:40:00,18,0,5,5,1,19,6,13,287,79.9,3,47,0.0638,0.0769,68.6,20.3,61.0,1003.1,0.0,10.0,6.2,113.7,SE,-3.62,-0.23,-6.58
746835,2024-09-04,2024,PIT,2024-09-04 18:40:00,18,12,0,12,3,13,5,17,255,82.3,3,55,0.0545,0.1765,71.9,22.2,67.0,1000.9,0.0,9.4,5.8,116.0,SE,-3.05,0.16,-5.89
746832,2024-09-06,2024,NYY,2024-09-06 13:20:00,13,0,3,3,0,19,10,8,322,83.0,2,40,0.05,0.0,64.8,18.2,61.3,998.6,0.1,29.3,18.2,13.3,N,-24.91,-28.66,-18.15
746829,2024-09-07,2024,NYY,2024-09-07 13:20:00,13,0,2,2,0,12,8,8,275,86.2,3,48,0.0625,0.0,59.4,15.2,53.0,1001.5,0.0,25.5,15.8,10.3,N,-20.95,-24.64,-14.73
746827,2024-09-08,2024,NYY,2024-09-08 13:20:00,13,2,1,3,0,19,4,9,264,82.5,1,42,0.0238,0.0,72.5,22.5,37.7,998.6,0.0,15.0,9.3,273.3,W,9.97,5.54,13.2
746828,2024-09-16,2024,ATH,2024-09-16 18:40:00,18,9,2,11,2,18,5,27,302,83.0,4,57,0.0702,0.0741,73.7,23.2,65.7,998.2,0.0,11.3,7.0,84.4,E,-8.75,-5.76,-10.69
746830,2024-09-17,2024,ATH,2024-09-17 18:40:00,18,3,4,7,5,21,4,20,307,81.1,7,50,0.14,0.25,69.5,20.8,81.0,995.5,0.0,7.3,4.6,42.3,NE,-7.33,-7.0,-6.77
746831,2024-09-18,2024,ATH,2024-09-18 13:20:00,13,3,5,8,1,16,8,15,304,80.8,1,50,0.02,0.0667,76.5,24.7,60.0,993.6,0.0,21.0,13.0,86.0,E,-15.82,-10.16,-19.57
746823,2024-09-19,2024,WSH,2024-09-19 18:40:00,18,7,6,13,2,14,4,25,305,83.0,3,59,0.0508,0.08,75.1,23.9,61.0,988.8,0.0,17.8,11.0,136.3,SE,0.41,6.46,-5.69
746824,2024-09-20,2024,WSH,2024-09-20 13:20:00,13,3,1,4,2,14,5,11,245,81.6,2,48,0.0417,0.1818,87.3,30.7,41.3,987.5,0.0,16.9,10.5,300.5,NW,4.23,-1.62,9.57
746826,2024-09-21,2024,WSH,2024-09-21 13:20:00,13,1,5,6,2,17,5,14,266,82.2,3,47,0.0638,0.1429,83.5,28.6,47.0,991.4,0.0,15.3,9.5,112.7,SE,-5.81,-0.62,-10.3
746825,2024-09-22,2024,WSH,2024-09-22 13:20:00,13,5,0,5,3,14,5,15,287,82.5,2,48,0.0417,0.2,70.6,21.5,89.0,988.7,3.2,10.3,6.4,244.3,SW,9.69,7.95,10.27
746822,2024-09-27,2024,CIN,2024-09-27 13:20:00,13,1,0,1,0,7,2,9,202,82.6,2,49,0.0408,0.0,67.1,19.5,71.0,987.0,0.0,37.4,23.2,25.0,NE,-35.14,-37.4,-28.65
746819,2024-09-28,2024,CIN,2024-09-28 13:20:00,13,3,0,3,0,4,7,11,233,83.1,0,57,0.0,0.0,65.5,18.6,82.3,989.6,0.0,31.6,19.7,5.3,N,-24.35,-29.79,-15.98
746820,2024-09-29,2024,CIN,2024-09-29 14:20:00,14,0,3,3,0,13,11,12,322,80.5,2,57,0.0351,0.0,67.7,19.8,79.0,993.8,0.0,27.3,17.0,3.7,N,-20.5,-25.43,-13.1
778563,2025-03-18,2025,LAD,2025-03-18 05:10:00,5,1,4,5,0,18,9,10,307,80.4,0,46,0.0,0.0,45.9,7.7,68.0,988.7,0.0,16.5,10.3,208.7,SW,15.83,16.47,13.29
778564,2025-03-19,2025,LAD,2025-03-19 05:10:00,5,3,6,9,3,21,14,15,324,83.4,5,44,0.1136,0.2,37.5,3.0,100.0,980.1,0.0,7.7,4.8,11.0,N,-6.36,-7.44,-4.51
778460,2025-04-04,2025,SD,2025-04-04 13:20:00,13,3,1,4,1,11,8,9,280,81.6,4,50,0.08,0.1111,43.3,6.3,81.0,1001.3,0.0,13.8,8.6,31.7,NE,-13.46,-13.74,-11.56
778450,2025-04-05,2025,SD,2025-04-05 13:20:00,13,7,1,8,2,15,9,19,312,83.6,2,54,0.037,0.1053,47.8,8.8,72.3,996.7,0.0,9.1,5.7,52.1,NE,-9.06,-8.13,-8.9
778430,2025-04-06,2025,SD,2025-04-06 13:20:00,13,7,8,15,2,18,16,19,353,82.9,2,54,0.037,0.1053,42.4,5.8,50.0,997.2,0.0,9.1,5.7,83.7,E,-7.13,-4.74,-8.65
778411,2025-04-07,2025,TEX,2025-04-07 18:40:00,18,7,0,7,0,16,5,13,252,84.4,1,46,0.0217,0.0,32.1,0.1,68.0,996.9,0.0,22.0,13.6,16.3,N,-19.27,-21.72,-14.51
778401,2025-04-08,2025,TEX,2025-04-08 18:40:00,18,10,6,16,2,15,7,24,297,85.2,6,59,0.1017,0.0833,34.8,1.6,67.0,999.1,0.0,10.8,6.7,116.3,SE,-3.45,0.25,-6.73
778385,2025-04-09,2025,TEX,2025-04-09 13:20:00,13,2,6,8,3,12,2,15,244,82.8,5,56,0.0893,0.2,44.8,7.1,57.7,994.0,0.3,19.6,12.2,146.7,SE,3.96,10.29,-2.84
778268,2025-04-18,2025,AZ,2025-04-18 13:20:00,13,13,11,24,7,17,5,33,334,82.6,6,67,0.0896,0.2121,79.0,26.1,53.0,982.5,0.0,26.2,16.3,221.3,SW,26.15,25.14,23.99
778257,2025-04-19,2025,AZ,2025-04-19 13:20:00,13,6,2,8,4,18,8,12,303,83.5,7,46,0.1522,0.3333,50.7,10.4,82.7,998.1,0.0,12.0,7.5,119.0,SE,-3.31,0.84,-7.05
778236,2025-04-20,2025,AZ,2025-04-20 13:20:00,13,2,3,5,0,21,4,12,339,79.8,2,56,0.0357,0.0,51.8,11.0,72.0,998.3,1.0,20.9,13.0,78.0,E,-17.53,-12.58,-20.36
778220,2025-04-22,2025,LAD,2025-04-22 18:40:00,18,11,10,21,6,22,8,27,348,83.1,8,60,0.1333,0.2222,63.3,17.4,71.3,995.0,0.6,12.3,7.6,222.0,SW,12.25,11.73,11.29
778205,2025-04-23,2025,LAD,2025-04-23 18:00:00,18,7,6,13,3,16,8,19,269,84.7,2,51,0.0392,0.1579,57.9,14.4,76.7,997.1,0.0,8.6,5.3,112.5,E,-3.3,-0.38,-5.81
778182,2025-04-25,2025,PHI,2025-04-25 13:20:00,13,4,0,4,0,22,8,16,343,81.3,4,46,0.087,0.0,48.6,9.2,75.7,993.9,0.0,17.7,11.0,359.7,N,-12.42,-15.97,-7.37
778174,2025-04-26,2025,PHI,2025-04-26 15:05:00,15,4,10,14,1,17,8,20,333,83.3,4,57,0.0702,0.05,46.8,8.2,69.0,1004.9,0.0,14.5,9.0,14.3,N,-12.5,-14.28,-9.21
778158,2025-04-27,2025,PHI,2025-04-27 18:10:00,18,1,3,4,0,11,6,9,279,82.6,6,55,0.1091,0.0,55.5,13.0,64.7,999.4,0.0,13.8,8.6,128.6,SE,-1.54,3.26,-6.15
778044,2025-05-05,2025,SF,2025-05-05 18:40:00,18,9,2,11,3,15,3,16,270,80.4,4,54,0.0741,0.1875,51.1,10.6,90.3,994.3,0.0,7.6,4.7,360.0,N,-5.37,-6.89,-3.21
778027,2025-05-06,2025,SF,2025-05-06 18:40:00,18,5,14,19,2,19,10,24,378,82.6,5,68,0.0735,0.0833,60.4,15.8,79.0,993.9,0.0,4.0,2.5,54.1,NE,-3.92,-3.46,-3.9
778020,2025-05-07,2025,SF,2025-05-07 13:20:00,13,1,3,4,0,18,8,13,315,81.1,0,46,0.0,0.0,51.0,10.6,74.7,997.6,0.0,18.8,11.7,1.3,N,-13.6,-17.22,-8.34
777952,2025-05-12,2025,MIA,2025-05-12 18:40:00,18,5,2,7,3,12,6,15,290,85.3,5,50,0.1,0.2,64.4,18.0,64.3,990.6,0.0,10.5,6.5,95.5,E,-6.7,-3.52,-9.08
777936,2025-05-13,2025,MIA,2025-05-13 18:40:00,18,5,4,9,3,14,6,15,287,83.0,4,55,0.0727,0.2,54.7,12.6,95.7,986.8,0.0,6.8,4.2,44.9,NE,-6.77,-6.36,-6.36
777921,2025-05-14,2025,MIA,2025-05-14 18:40:00,18,1,3,4,4,20,3,11,260,82.4,7,44,0.1591,0.3636,56.4,13.6,95.0,985.0,0.0,7.1,4.4,97.9,E,-4.27,-2.08,-5.94
777900,2025-05-16,2025,CWS,2025-05-16 13:20:00,13,13,3,16,3,12,2,26,294,85.0,3,65,0.0462,0.1154,81.9,27.7,29.3,975.7,0.0,22.2,13.8,174.3,S,14.04,19.06,7.33
777881,2025-05-17,2025,CWS,2025-05-17 13:20:00,13,7,3,10,3,19,12,15,314,82.2,3,48,0.0625,0.2,64.1,17.8,50.7,983.9,0.0,24.8,15.4,277.3,W,15.15,7.53,20.96
777872,2025-05-18,2025,CWS,2025-05-18 13:20:00,13,6,2,8,1,12,3,18,279,85.4,5,55,0.0909,0.0556,53.4,11.9,74.3,994.4,0.0,13.6,8.5,73.0,E,-12.04,-9.12,-13.5
777757,2025-05-26,2025,COL,2025-05-26 13:20:00,13,3,1,4,1,17,6,9,264,80.1,4,43,0.093,0.1111,55.8,13.2,69.0,1004.4,0.0,14.2,8.8,6.3,N,-11.11,-13.48,-7.4
777751,2025-05-27,2025,COL,2025-05-27 19:05:00,19,4,3,7,1,17,7,17,307,83.9,7,61,0.1148,0.0588,52.6,11.5,79.0,997.3,0.0,12.3,7.7,357.7,N,-8.36,-10.96,-4.75
777731,2025-05-28,2025,COL,2025-05-28 19:05:00,19,2,1,3,1,14,3,12,250,81.8,5,44,0.1136,0.0833,51.0,10.5,96.3,996.5,0.0,6.2,3.9,17.3,N,-5.49,-6.14,-4.18
777712,2025-05-30,2025,CIN,2025-05-30 13:20:00,13,2,6,8,3,16,6,16,262,82.8,6,50,0.12,0.1875,74.4,23.5,39.3,986.2,0.1,16.2,10.0,299.8,NW,4.25,-1.34,9.33
777704,2025-05-31,2025,CIN,2025-05-31 13:20:00,13,2,0,2,0,19,6,9,258,81.2,2,37,0.0541,0.0,53.8,12.1,51.7,989.8,0.0,15.0,9.3,10.3,N,-12.31,-14.48,-8.66
777687,2025-06-01,2025,CIN,2025-06-01 13:20:00,13,7,3,10,2,12,5,14,303,82.4,4,53,0.0755,0.1429,58.0,14.4,46.7,993.0,0.0,11.3,7.0,77.7,E,-9.51,-6.85,-11.02
777541,2025-06-12,2025,PIT,2025-06-12 19:05:00,19,3,2,5,2,19,4,8,232,83.8,2,39,0.0513,0.25,59.8,15.5,91.3,995.6,12.3,14.2,8.8,359.3,N,-9.9,-12.77,-5.84
777526,2025-06-13,2025,PIT,2025-06-13 13:20:00,13,1,2,3,0,14,6,14,300,82.9,3,56,0.0536,0.0,69.0,20.6,85.7,994.1,0.9,8.9,5.5,79.3,E,-7.32,-5.17,-8.59
777513,2025-06-14,2025,PIT,2025-06-14 13:20:00,13,2,1,3,2,16,2,11,251,81.9,6,44,0.1364,0.1818,65.5,18.6,72.7,995.6,0.0,11.3,7.0,12.3,N,-9.48,-10.99,-6.83
777497,2025-06-15,2025,PIT,2025-06-15 13:20:00,13,3,2,5,0,10,6,10,271,82.2,6,57,0.1053,0.0,71.8,22.1,70.3,997.5,0.0,9.1,5.6,30.0,NE,-8.76,-9.03,-7.42
777482,2025-06-17,2025,MIL,2025-06-17 19:05:00,19,5,3,8,3,18,5,17,258,83.2,3,48,0.0625,0.1765,76.2,24.6,73.0,987.8,0.6,11.6,7.2,213.3,SW,11.36,11.48,9.87
777450,2025-06-19,2025,MIL,2025-06-19 13:20:00,13,7,8,15,6,16,9,18,317,85.1,8,53,0.1509,0.3333,76.5,24.7,71.7,991.6,2.4,3.0,1.9,142.7,SE,0.4,1.39,-0.64
777436,2025-06-20,2025,SEA,2025-06-20 13:20:00,13,4,9,13,6,15,6,22,306,84.5,5,58,0.0862,0.2727,81.1,27.3,56.3,992.0,0.0,19.6,12.2,204.7,SW,18.41,19.63,14.97
777419,2025-06-21,2025,SEA,2025-06-21 13:20:00,13,10,7,17,6,18,7,23,337,82.6,5,54,0.0926,0.2609,90.9,32.7,56.3,988.7,0.0,27.3,17.0,209.3,SW,26.29,27.22,22.18
777403,2025-06-22,2025,SEA,2025-06-22 13:20:00,13,6,14,20,9,12,5,28,319,85.4,6,67,0.0896,0.3214,92.3,33.5,52.0,994.1,0.0,22.4,13.9,203.0,SW,20.74,22.35,16.62
777287,2025-07-01,2025,CLE,2025-07-01 19:05:00,19,5,2,7,1,11,7,15,243,82.2,3,50,0.06,0.0667,73.5,23.1,75.3,993.1,0.0,4.8,3.0,163.4,S,2.3,3.61,0.7
777266,2025-07-02,2025,CLE,2025-07-02 19:05:00,19,5,4,9,3,11,10,16,316,82.5,3,56,0.0536,0.1875,80.4,26.9,61.3,992.8,0.8,6.2,3.9,260.7,W,5.04,3.5,5.97
777259,2025-07-03,2025,CLE,2025-07-03 19:05:00,19,1,0,1,0,20,6,10,285,82.2,1,46,0.0217,0.0,80.7,27.1,69.7,995.1,0.0,7.7,4.8,151.3,SE,2.17,4.56,-0.49
777246,2025-07-04,2025,STL,2025-07-04 13:20:00,13,11,3,14,9,12,5,17,275,85.2,12,56,0.2143,0.5294,84.1,29.0,64.0,996.6,0.0,8.4,5.2,184.0,S,6.36,7.87,4.09
777229,2025-07-05,2025,STL,2025-07-05 13:20:00,13,6,8,14,5,17,8,22,339,82.5,6,57,0.1053,0.2273,91.6,33.1,37.0,992.9,0.0,17.8,11.0,201.7,S,16.31,17.74,12.92
777219,2025-07-06,2025,STL,2025-07-06 17:10:00,17,11,0,11,1,17,6,19,321,82.8,3,53,0.0566,0.0526,70.7,21.5,87.7,991.2,0.4,18.8,11.7,2.3,N,-13.8,-17.32,-8.62
777101,2025-07-18,2025,BOS,2025-07-18 13:20:00,13,4,1,5,1,15,8,13,271,84.4,7,47,0.1489,0.0769,73.8,23.2,69.7,997.3,0.0,10.9,6.8,67.7,E,-10.09,-8.04,-10.92
777096,2025-07-19,2025,BOS,2025-07-19 18:15:00,18,6,0,6,5,15,2,17,259,83.0,5,53,0.0943,0.2941,78.9,26.1,81.7,990.7,0.0,2.8,1.7,136.2,SE,0.06,1.0,-0.89
777075,2025-07-20,2025,BOS,2025-07-20 13:20:00,13,1,6,7,3,17,7,15,285,86.6,6,49,0.1224,0.2,71.2,21.8,83.3,994.2,0.9,13.3,8.2,27.0,NE,-12.62,-13.26,-10.45
777065,2025-07-21,2025,KC,2025-07-21 19:05:00,19,4,12,16,6,13,3,23,287,82.7,7,63,0.1111,0.2609,70.4,21.3,87.7,995.9,0.0,7.7,4.8,65.4,NE,-7.22,-5.87,-7.7
777047,2025-07-22,2025,KC,2025-07-22 19:05:00,19,6,0,6,0,14,4,15,260,81.8,1,51,0.0196,0.0,77.3,25.2,69.3,996.8,0.0,13.9,8.6,137.7,SE,0.65,5.36,-4.14
777031,2025-07-23,2025,KC,2025-07-23 13:20:00,13,4,8,12,6,13,6,15,288,81.0,4,56,0.0714,0.4,91.1,32.8,56.7,994.7,0.1,14.8,9.2,190.3,S,12.17,14.32,8.56
776915,2025-08-01,2025,BAL,2025-08-01 13:20:00,13,1,0,1,0,16,4,7,205,83.8,4,40,0.1,0.0,71.4,21.9,57.3,1006.9,0.0,17.4,10.8,38.7,NE,-17.33,-16.94,-15.62
776902,2025-08-02,2025,BAL,2025-08-02 13:20:00,13,3,4,7,1,20,6,15,291,82.2,4,49,0.0816,0.0667,74.7,23.7,49.7,1004.9,0.0,10.6,6.6,51.7,NE,-10.56,-9.5,-10.35
776888,2025-08-03,2025,BAL,2025-08-03 13:20:00,13,5,3,8,1,18,5,18,297,83.5,3,50,0.06,0.0556,74.5,23.6,57.7,1000.0,0.0,12.0,7.5,65.7,NE,-11.23,-9.1,-12.0
776878,2025-08-04,2025,CIN,2025-08-04 19:05:00,19,2,3,5,2,19,3,9,273,81.0,2,44,0.0455,0.2222,73.6,23.1,74.0,999.6,0.0,10.8,6.7,94.4,E,-7.03,-3.81,-9.41
776860,2025-08-05,2025,CIN,2025-08-05 19:05:00,19,1,5,6,2,18,3,13,266,81.6,5,48,0.1042,0.1538,71.9,22.2,86.0,1002.4,0.0,11.0,6.8,29.3,NE,-10.56,-10.94,-8.91
776847,2025-08-06,2025,CIN,2025-08-06 13:20:00,13,6,1,7,3,16,3,15,255,81.0,4,51,0.0784,0.2,80.8,27.1,58.7,1001.3,0.0,16.0,9.9,100.3,E,-9.08,-4.04,-13.03
776737,2025-08-15,2025,PIT,2025-08-15 13:20:00,13,2,3,5,1,14,4,12,271,79.7,1,49,0.0204,0.0833,84.9,29.4,66.3,996.6,0.0,14.9,9.2,111.7,E,-5.89,-0.86,-10.2
776719,2025-08-16,2025,PIT,2025-08-16 13:20:00,13,3,1,4,1,17,5,14,234,83.6,2,46,0.0435,0.0714,85.8,29.9,70.3,995.3,0.0,11.8,7.3,101.4,E,-6.54,-2.78,-9.5
776704,2025-08-17,2025,PIT,2025-08-17 13:20:00,13,4,3,7,0,14,8,15,294,85.3,5,54,0.0926,0.0,75.9,24.4,81.3,997.0,0.2,14.8,9.2,36.3,NE,-14.66,-14.54,-13.02
777459,2025-08-18,2025,MIL,2025-06-18 19:05:00,19,0,7,7,2,19,10,11,309,81.4,2,46,0.0435,0.1818,64.4,18.0,97.7,984.5,14.3,11.2,7.0,324.7,NW,-1.88,-5.56,2.02
776676,2025-08-19,2025,MIL,2025-08-19 19:05:00,19,4,1,5,0,14,4,16,275,82.4,1,53,0.0189,0.0,71.4,21.9,89.3,996.1,0.1,6.3,3.9,40.4,NE,-6.25,-6.04,-5.7
776691,2025-08-19,2025,MIL,2025-08-18 19:05:00,19,6,4,10,3,18,8,16,274,84.7,7,46,0.1522,0.1875,77.1,25.0,89.7,994.1,0.2,9.0,5.6,163.5,S,4.3,6.74,1.33
776663,2025-08-20,2025,MIL,2025-08-20 19:05:00,19,4,3,7,1,17,10,10,280,85.0,3,42,0.0714,0.1,69.4,20.8,79.3,997.8,0.0,15.9,9.9,26.0,NE,-15.03,-15.9,-12.36
776651,2025-08-21,2025,MIL,2025-08-21 13:20:00,13,1,4,5,1,15,11,12,310,82.0,2,47,0.0426,0.0833,72.6,22.6,72.0,997.4,0.4,15.5,9.6,37.3,NE,-15.36,-15.14,-13.73
776506,2025-09-01,2025,ATL,2025-09-01 15:05:00,15,7,6,13,2,19,8,21,345,81.4,5,58,0.0862,0.0952,72.0,22.2,52.3,1000.4,0.0,10.1,6.3,42.6,NE,-10.06,-9.59,-9.31
776487,2025-09-02,2025,ATL,2025-09-02 18:40:00,18,4,3,7,3,14,4,15,274,82.3,4,49,0.0816,0.2,69.0,20.5,79.0,993.4,0.0,6.4,4.0,107.5,E,-2.95,-0.83,-4.72
776473,2025-09-03,2025,ATL,2025-09-03 18:40:00,18,1,5,6,2,21,5,10,294,84.7,4,42,0.0952,0.2,64.3,18.0,80.7,985.5,0.1,14.5,9.0,318.0,NW,-0.76,-5.65,4.23
776455,2025-09-05,2025,WSH,2025-09-05 13:20:00,13,11,5,16,5,14,10,16,295,86.2,5,51,0.098,0.3125,64.8,18.2,49.3,988.8,0.0,22.4,13.9,272.0,W,15.25,8.74,19.93
776440,2025-09-06,2025,WSH,2025-09-06 13:20:00,13,1,2,3,1,17,7,10,266,85.9,1,41,0.0244,0.1,64.3,18.0,40.0,995.1,0.0,18.6,11.6,278.7,W,11.04,5.24,15.51
776420,2025-09-07,2025,WSH,2025-09-07 13:20:00,13,3,6,9,4,20,6,15,271,87.1,5,47,0.1064,0.2667,64.8,18.2,46.3,1001.5,0.0,7.8,4.9,51.8,NE,-7.78,-6.99,-7.63
776352,2025-09-12,2025,TB,2025-09-12 13:20:00,13,6,4,10,2,18,7,17,307,83.0,5,47,0.1064,0.1176,78.3,25.7,57.0,999.2,0.0,12.7,7.9,104.3,E,-6.46,-2.34,-9.8
776338,2025-09-13,2025,TB,2025-09-13 13:20:00,13,4,5,9,4,17,6,20,280,81.8,5,55,0.0909,0.2,76.6,24.8,70.0,993.8,0.0,8.8,5.5,127.7,SE,-1.13,1.94,-4.06
776321,2025-09-14,2025,TB,2025-09-14 13:20:00,13,4,3,7,3,17,6,19,291,82.1,2,50,0.04,0.1579,74.1,23.4,75.0,996.2,0.0,10.7,6.7,47.7,NE,-10.72,-9.9,-10.25
776209,2025-09-23,2025,NYM,2025-09-23 18:40:00,18,7,9,16,3,18,7,20,305,83.9,4,58,0.069,0.15,65.5,18.6,94.0,993.6,0.1,14.3,8.9,10.7,N,-11.84,-13.89,-8.36
776205,2025-09-24,2025,NYM,2025-09-24 19:05:00,19,10,3,13,4,13,4,15,278,86.0,6,53,0.1132,0.2667,62.8,17.1,92.3,994.6,0.0,14.5,9.0,1.3,N,-10.51,-13.31,-6.45
776187,2025-09-25,2025,NYM,2025-09-25 18:40:00,18,5,8,13,5,21,4,17,280,85.0,8,48,0.1667,0.2941,62.4,16.9,92.0,991.0,0.0,2.5,1.6,147.7,SE,0.56,1.37,-0.32
776167,2025-09-26,2025,STL,2025-09-26 13:20:00,13,12,1,13,4,21,5,17,300,82.1,5,47,0.1064,0.2353,78.6,25.9,45.7,990.8,0.0,8.8,5.5,203.7,SW,8.2,8.8,6.61
776164,2025-09-27,2025,STL,2025-09-27 13:20:00,13,7,3,10,6,21,8,17,294,83.4,4,45,0.0889,0.3529,84.0,28.9,35.3,991.5,0.0,11.1,6.9,240.0,SW,10.69,9.07,11.02
776142,2025-09-28,2025,STL,2025-09-28 14:20:00,14,2,0,2,1,19,1,12,232,83.6,2,42,0.0476,0.0833,70.2,21.2,76.3,1000.4,0.0,9.5,5.9,37.0,NE,-9.44,-9.33,-8.42
