game_pk,game_date,season,away_team,game_start,start_hour,home_runs_scored,away_runs_scored,total_runs,home_runs_hit,strikeouts,walks,hits,total_pitches,avg_exit_velocity,n_barrels,n_bbe,barrel_rate,hr_h_ratio,temp_f,temp_c,rhum,pres,prcp,wspd,wspd_mph,wdir,wind_dir_bucket,wind_cf,wind_lcf,wind_rcf
413745,2015-04-13,2015,DET,2015-04-13 13:35:00,13,5,4,9,4,21,2,16,242,88.0,5,44,0.1136,0.25,77.2,25.1,41.3,990.8,0.0,20.9,13.0,214.7,SW,4.41,11.14,-2.85
413760,2015-04-14,2015,DET,2015-04-14 19:05:00,19,0,2,2,0,13,4,12,247,87.8,2,51,0.0392,0.0,54.3,12.4,63.0,993.9,0.0,10.1,6.3,356.7,N,4.38,1.02,7.22
413773,2015-04-15,2015,DET,2015-04-15 19:05:00,19,0,1,1,1,13,2,7,254,87.0,1,45,0.0222,0.1429,53.1,11.7,60.7,997.6,0.0,10.4,6.4,82.0,E,-8.93,-10.19,-6.59
413798,2015-04-17,2015,MIL,2015-04-17 19:05:00,19,6,3,9,1,16,6,19,269,86.9,2,51,0.0392,0.0526,60.2,15.7,79.7,989.2,0.0,7.0,4.4,348.0,N,3.98,1.76,5.73
413813,2015-04-18,2015,MIL,2015-04-18 19:05:00,19,6,2,8,1,14,4,12,256,86.6,1,48,0.0208,0.0833,61.7,16.5,62.3,990.1,0.0,13.6,8.5,8.3,N,3.33,-1.38,7.64
413828,2015-04-19,2015,MIL,2015-04-19 13:35:00,13,5,2,7,1,13,5,12,263,85.7,2,49,0.0408,0.0833,67.4,19.7,47.3,986.1,0.0,21.3,13.3,127.7,SE,-20.59,-17.44,-21.26
413835,2015-04-20,2015,CHC,2015-04-20 19:05:00,19,2,5,7,1,13,3,19,267,87.4,3,57,0.0526,0.0526,58.0,14.4,79.7,974.5,0.7,14.1,8.8,264.0,W,12.42,13.98,9.37
413846,2015-04-21,2015,CHC,2015-04-21 19:05:00,19,8,9,17,4,22,8,21,327,90.5,6,53,0.1132,0.1905,51.3,10.7,40.3,979.3,0.0,13.0,8.1,216.7,SW,3.19,7.32,-1.33
413861,2015-04-22,2015,CHC,2015-04-22 19:05:00,19,4,3,7,1,17,3,17,299,86.7,1,53,0.0189,0.0588,42.3,5.7,59.3,982.9,0.0,17.8,11.1,286.3,W,17.7,17.28,15.98
413876,2015-04-23,2015,CHC,2015-04-23 12:35:00,12,5,4,9,1,19,5,18,310,85.5,1,47,0.0213,0.0556,45.9,7.7,47.3,984.7,0.3,25.1,15.6,290.7,W,25.05,23.82,23.27
414041,2015-05-05,2015,CIN,2015-05-05 19:05:00,19,1,7,8,3,13,10,15,287,85.4,3,53,0.0566,0.2,65.7,18.7,86.0,995.9,0.7,3.5,2.2,58.3,NE,-2.05,-2.9,-0.95
414056,2015-05-06,2015,CIN,2015-05-06 19:05:00,19,0,3,3,1,9,2,17,256,85.1,1,61,0.0164,0.0588,67.7,19.8,88.3,993.9,0.0,9.3,5.8,82.7,E,-8.04,-9.13,-5.98
414070,2015-05-07,2015,CIN,2015-05-07 19:05:00,19,7,2,9,1,10,9,20,280,86.5,2,56,0.0357,0.05,71.8,22.1,90.0,991.0,0.0,7.2,4.5,36.3,NE,-1.71,-3.99,0.77
414092,2015-05-08,2015,STL,2015-05-08 19:05:00,19,5,8,13,3,16,1,23,299,86.5,3,61,0.0492,0.1304,73.3,23.0,67.7,990.1,0.0,7.0,4.4,143.7,SE,-6.02,-4.41,-6.9
414107,2015-05-09,2015,STL,2015-05-09 19:05:00,19,7,5,12,1,11,8,19,241,89.8,1,54,0.0185,0.0526,74.2,23.5,69.7,991.4,0.0,6.3,3.9,133.3,SE,-5.86,-4.75,-6.27
414122,2015-05-10,2015,STL,2015-05-10 13:35:00,13,4,3,7,2,9,6,17,260,87.4,2,56,0.0357,0.1176,85.0,29.4,41.3,992.0,0.0,9.9,6.1,178.0,S,-4.09,-0.77,-6.92
414234,2015-05-19,2015,MIN,2015-05-19 19:05:00,19,5,8,13,3,18,4,21,276,87.4,4,56,0.0714,0.1429,61.0,16.1,61.3,990.1,0.0,16.2,10.1,324.3,NW,13.76,10.01,15.86
414249,2015-05-20,2015,MIN,2015-05-20 19:05:00,19,3,4,7,2,18,9,20,373,85.3,2,75,0.0267,0.1,54.0,12.2,61.7,991.0,0.0,5.5,3.4,16.4,N,0.58,-1.32,2.42
414276,2015-05-22,2015,NYM,2015-05-22 19:05:00,19,4,1,5,0,17,1,12,242,86.7,0,43,0.0,0.0,55.2,12.9,44.7,997.5,0.0,13.5,8.4,347.3,N,7.76,3.52,11.05
414291,2015-05-23,2015,NYM,2015-05-23 16:05:00,16,8,2,10,3,17,2,17,260,89.8,3,50,0.06,0.1765,70.2,21.2,34.0,1000.5,0.0,5.3,3.3,261.3,W,4.56,5.23,3.34
414306,2015-05-24,2015,NYM,2015-05-24 13:35:00,13,9,1,10,2,21,8,19,293,85.1,1,49,0.0204,0.1053,80.0,26.7,28.7,998.0,0.0,7.1,4.4,192.0,S,-1.3,1.18,-3.62
414322,2015-05-25,2015,MIA,2015-05-25 19:05:00,19,4,2,6,3,9,2,19,234,89.2,1,56,0.0179,0.1579,73.8,23.2,66.7,992.8,0.0,10.7,6.7,203.3,SW,0.16,3.82,-3.52
414337,2015-05-26,2015,MIA,2015-05-26 19:05:00,19,5,1,6,1,16,6,16,282,89.1,1,49,0.0204,0.0625,74.7,23.7,70.3,990.8,0.0,12.6,7.8,157.3,SE,-8.94,-5.36,-11.43
414352,2015-05-27,2015,MIA,2015-05-27 12:35:00,12,5,2,7,2,14,2,20,254,89.0,5,57,0.0877,0.1,78.4,25.8,57.7,993.0,0.0,15.3,9.5,223.3,SW,5.44,10.0,0.22
414510,2015-06-08,2015,MIL,2015-06-08 19:05:00,19,0,2,2,0,21,6,13,290,84.0,0,44,0.0,0.0,68.1,20.0,97.0,980.0,3.2,12.7,7.9,194.6,S,-1.74,2.66,-5.93
414521,2015-06-09,2015,MIL,2015-06-09 19:05:00,19,1,4,5,3,12,2,10,228,86.3,3,52,0.0577,0.3,69.0,20.5,67.7,983.5,0.0,7.6,4.7,262.3,W,6.54,7.45,4.85
414536,2015-06-10,2015,MIL,2015-06-10 19:05:00,19,2,0,2,1,10,5,14,227,88.7,2,49,0.0408,0.0714,78.0,25.6,58.3,983.5,0.0,15.6,9.7,206.0,SW,0.95,6.23,-4.44
414564,2015-06-12,2015,PHI,2015-06-12 19:05:00,19,1,0,1,0,19,8,24,418,88.0,0,80,0.0,0.0,76.8,24.9,77.7,987.5,0.6,8.7,5.4,259.6,W,7.31,8.48,5.25
414579,2015-06-13,2015,PHI,2015-06-13 16:05:00,16,4,3,7,0,11,5,17,288,85.8,0,56,0.0,0.0,81.0,27.2,78.3,990.0,0.5,6.1,3.8,224.6,SW,2.31,4.12,0.23
414594,2015-06-14,2015,PHI,2015-06-14 13:35:00,13,1,0,1,0,21,4,15,288,90.6,1,58,0.0172,0.0,86.0,30.0,56.3,990.5,0.1,9.6,6.0,240.7,SW,5.95,8.18,3.0
414600,2015-06-15,2015,CWS,2015-06-15 19:05:00,19,11,0,11,0,19,4,20,288,87.4,1,48,0.0208,0.0,75.3,24.0,91.0,988.1,0.0,10.7,6.6,241.0,SW,6.66,9.12,3.4
414615,2015-06-16,2015,CWS,2015-06-16 19:05:00,19,3,0,3,2,11,5,14,268,86.4,2,52,0.0385,0.1429,72.1,22.3,70.0,991.8,0.0,12.0,7.5,332.3,NW,9.24,6.05,11.32
414714,2015-06-23,2015,CIN,2015-06-23 19:05:00,19,7,6,13,3,14,11,21,330,87.3,4,57,0.0702,0.1429,71.5,22.0,68.0,988.8,0.0,12.1,7.5,342.7,N,7.77,4.12,10.49
414729,2015-06-24,2015,CIN,2015-06-24 19:05:00,19,2,5,7,1,17,5,20,303,87.6,1,55,0.0182,0.05,70.8,21.6,85.0,992.2,0.0,4.5,2.8,356.3,N,1.98,0.48,3.25
414744,2015-06-25,2015,CIN,2015-06-25 19:05:00,19,4,5,9,2,18,9,28,412,88.9,6,85,0.0706,0.0714,66.9,19.4,96.7,988.7,0.0,1.4,0.9,225.0,SW,0.54,0.95,0.06
414752,2015-06-26,2015,ATL,2015-06-26 19:05:00,19,3,2,5,1,11,8,17,268,83.6,2,59,0.0339,0.0588,70.0,21.1,82.0,988.0,0.0,9.4,5.9,66.2,NE,-6.52,-8.46,-3.79
414767,2015-06-27,2015,ATL,2015-06-27 16:05:00,16,8,4,12,0,15,1,24,268,88.7,0,58,0.0,0.0,71.4,21.9,93.7,977.5,6.2,13.1,8.1,150.0,SE,-10.39,-7.04,-12.49
414782,2015-06-28,2015,ATL,2015-06-28 13:35:00,13,1,2,3,1,17,5,14,267,82.8,0,49,0.0,0.0714,63.1,17.3,76.7,982.5,0.0,18.0,11.2,290.7,W,17.99,17.1,16.71
414849,2015-07-03,2015,CLE,2015-07-03 19:05:00,19,2,5,7,2,15,11,10,302,87.2,2,47,0.0426,0.2,67.9,20.0,93.7,985.2,6.5,6.8,4.2,112.9,SE,-6.8,-6.37,-6.41
414864,2015-07-04,2015,CLE,2015-07-04 16:05:00,16,1,0,1,0,11,1,9,200,86.2,0,46,0.0,0.0,78.1,25.6,58.3,988.3,0.0,9.0,5.6,306.7,NW,8.69,7.42,8.92
414879,2015-07-05,2015,CLE,2015-07-05 13:35:00,13,5,3,8,1,14,4,13,260,86.3,2,48,0.0417,0.0769,81.3,27.4,49.0,993.1,0.0,5.3,3.3,82.0,E,-4.6,-5.24,-3.39
414899,2015-07-06,2015,SD,2015-07-06 19:05:00,19,2,1,3,0,9,5,12,272,88.1,1,51,0.0196,0.0,71.8,22.1,92.7,989.2,0.2,4.4,2.7,162.7,S,-2.82,-1.49,-3.8
414914,2015-07-07,2015,SD,2015-07-07 19:05:00,19,3,2,5,0,17,3,17,287,85.0,0,51,0.0,0.0,75.0,23.9,88.3,988.1,1.6,12.6,7.8,225.0,SW,4.81,8.49,0.55
414929,2015-07-08,2015,SD,2015-07-08 19:05:00,19,5,2,7,1,14,8,10,274,84.9,3,47,0.0638,0.1,70.3,21.3,85.0,990.6,0.0,3.6,2.2,348.8,N,2.0,0.85,2.9
414940,2015-07-09,2015,STL,2015-07-09 19:05:00,19,1,4,5,1,19,5,11,277,84.4,3,43,0.0698,0.0909,70.2,21.2,93.3,988.4,0.4,12.9,8.0,310.3,NW,12.31,10.21,12.92
414955,2015-07-10,2015,STL,2015-07-10 19:05:00,19,5,2,7,2,15,5,17,296,85.1,3,50,0.06,0.1176,68.7,20.4,91.3,991.9,0.0,3.5,2.2,275.3,W,3.34,3.5,2.79
414970,2015-07-11,2015,STL,2015-07-11 19:15:00,19,6,5,11,4,20,10,23,432,86.9,8,82,0.0976,0.1739,73.8,23.2,81.3,992.9,0.0,5.4,3.4,298.3,NW,5.37,4.86,5.24
414985,2015-07-12,2015,STL,2015-07-12 20:05:00,20,6,5,11,1,17,9,21,324,85.5,4,60,0.0667,0.0476,69.4,20.8,90.0,988.1,0.8,6.2,3.9,83.0,E,-5.4,-6.12,-4.03
415083,2015-07-23,2015,WSH,2015-07-23 19:05:00,19,7,3,10,4,23,6,19,310,86.5,5,46,0.1087,0.2105,71.8,22.1,87.7,988.5,0.0,6.7,4.1,329.0,NW,5.36,3.68,6.39
415098,2015-07-24,2015,WSH,2015-07-24 19:05:00,19,7,5,12,4,21,5,19,296,86.7,6,48,0.125,0.2105,74.7,23.7,88.7,988.6,0.0,3.0,1.8,324.3,NW,2.52,1.83,2.9
415113,2015-07-25,2015,WSH,2015-07-25 19:05:00,19,3,9,12,2,16,2,21,265,87.9,5,59,0.0847,0.0952,75.8,24.3,77.3,987.3,0.0,8.5,5.3,190.7,S,-1.73,1.21,-4.46
415128,2015-07-26,2015,WSH,2015-07-26 13:35:00,13,3,1,4,2,18,1,12,210,87.1,4,42,0.0952,0.1667,85.0,29.5,56.3,988.3,0.0,7.6,4.7,241.7,SW,4.78,6.5,2.48
415240,2015-08-04,2015,CHC,2015-08-04 19:05:00,19,0,5,5,0,21,8,19,314,86.8,1,48,0.0208,0.0,74.3,23.5,58.0,987.6,0.0,5.8,3.6,296.4,NW,5.82,5.33,5.6
415255,2015-08-05,2015,CHC,2015-08-05 19:05:00,19,7,5,12,4,14,6,20,284,87.7,3,55,0.0545,0.2,70.6,21.5,60.3,990.1,0.0,10.3,6.4,341.3,N,6.78,3.72,9.02
415283,2015-08-07,2015,LAD,2015-08-07 19:05:00,19,5,4,9,1,17,10,20,331,85.6,2,55,0.0364,0.05,70.8,21.6,74.0,985.7,0.0,9.0,5.6,101.7,E,-8.84,-8.89,-7.73
415298,2015-08-08,2015,LAD,2015-08-08 16:05:00,16,6,5,11,3,12,6,22,312,86.5,4,57,0.0702,0.1364,79.8,26.5,55.3,987.5,0.0,5.9,3.7,29.8,NE,-0.75,-2.7,1.3
415313,2015-08-09,2015,LAD,2015-08-09 20:08:00,20,13,6,19,4,20,9,30,316,88.7,6,58,0.1034,0.1333,74.1,23.4,76.0,988.3,0.0,6.5,4.0,124.3,SE,-6.36,-5.53,-6.43
415413,2015-08-17,2015,AZ,2015-08-17 19:05:00,19,1,4,5,2,14,4,16,295,87.1,1,53,0.0189,0.125,79.1,26.2,62.7,990.1,0.0,3.9,2.4,208.2,SW,0.38,1.67,-0.96
415423,2015-08-18,2015,AZ,2015-08-18 19:05:00,19,9,8,17,2,25,11,29,465,85.6,3,90,0.0333,0.069,73.9,23.3,86.0,986.2,0.0,7.0,4.4,135.0,SE,-6.5,-5.18,-7.03
415438,2015-08-19,2015,AZ,2015-08-19 19:05:00,19,4,1,5,0,15,7,14,262,85.4,2,45,0.0444,0.0,78.4,25.8,77.7,984.8,0.0,10.9,6.8,163.0,S,-6.91,-3.63,-9.36
415460,2015-08-20,2015,SF,2015-08-20 19:05:00,19,4,0,4,1,18,4,15,254,87.0,2,46,0.0435,0.0667,71.5,22.0,65.3,988.6,0.0,11.7,7.2,269.3,W,10.73,11.65,8.51
415474,2015-08-21,2015,SF,2015-08-21 19:05:00,19,4,6,10,2,15,4,24,299,84.4,2,60,0.0333,0.0833,69.7,21.0,61.3,992.9,0.0,6.3,3.9,337.3,NW,4.49,2.7,5.75
415489,2015-08-22,2015,SF,2015-08-22 16:05:00,16,3,2,5,3,19,5,8,248,83.7,4,40,0.1,0.375,77.3,25.2,39.3,992.6,0.0,5.0,3.1,35.3,NE,-1.12,-2.73,0.63
415504,2015-08-23,2015,SF,2015-08-23 20:08:00,20,5,2,7,2,11,8,19,310,87.5,6,60,0.1,0.1053,72.0,22.2,73.3,985.7,0.0,10.0,6.2,181.3,S,-3.61,-0.2,-6.58
415563,2015-08-28,2015,COL,2015-08-28 19:05:00,19,5,3,8,2,14,8,15,292,88.0,3,49,0.0612,0.1333,71.0,21.7,67.7,994.2,0.0,4.7,2.9,57.8,NE,-2.72,-3.87,-1.24
415578,2015-08-29,2015,COL,2015-08-29 19:05:00,19,4,3,7,2,6,5,17,294,84.2,3,61,0.0492,0.1176,74.0,23.3,69.3,991.7,0.0,7.2,4.5,177.3,S,-3.06,-0.65,-5.11
415593,2015-08-30,2015,COL,2015-08-30 13:35:00,13,0,5,5,0,21,4,11,259,85.0,0,46,0.0,0.0,83.9,28.8,53.0,992.3,0.0,8.0,5.0,234.3,SW,4.22,6.29,1.64
415743,2015-09-10,2015,MIL,2015-09-10 19:05:00,19,4,6,10,3,24,13,22,411,87.7,4,71,0.0563,0.1364,69.7,21.0,82.0,984.5,0.0,3.4,2.1,18.7,N,0.23,-0.96,1.39
415755,2015-09-11,2015,MIL,2015-09-11 19:05:00,19,6,3,9,1,12,6,16,290,87.4,1,53,0.0189,0.0625,70.8,21.6,69.3,983.0,0.0,4.8,3.0,256.1,W,3.84,4.57,2.64
415770,2015-09-12,2015,MIL,2015-09-12 19:05:00,19,10,2,12,1,14,11,17,279,87.5,3,52,0.0577,0.0588,58.0,14.4,90.7,982.0,0.2,15.8,9.8,311.3,NW,14.92,12.28,15.76
415785,2015-09-13,2015,MIL,2015-09-13 13:35:00,13,7,6,13,2,23,6,24,342,90.7,4,63,0.0635,0.0833,61.9,16.6,52.7,986.7,0.0,18.2,11.3,294.3,NW,18.19,16.89,17.29
415228,2015-09-15,2015,CHC,2015-08-03 19:05:00,19,5,4,9,0,22,5,12,277,90.0,0,41,0.0,0.0,73.0,22.8,82.0,983.5,0.7,5.7,3.6,149.4,SE,-4.58,-3.13,-5.49
415807,2015-09-15,2015,CHC,2015-09-15 19:05:00,19,1,2,3,0,22,3,13,250,88.2,2,44,0.0455,0.0,69.0,20.6,71.0,999.9,0.0,4.1,2.5,133.4,SE,-3.83,-3.1,-4.1
415822,2015-09-16,2015,CHC,2015-09-16 19:05:00,19,2,3,5,0,22,4,21,365,86.5,4,66,0.0606,0.0,69.9,21.1,67.7,996.3,0.0,1.7,1.0,124.6,SE,-1.63,-1.41,-1.65
415837,2015-09-17,2015,CHC,2015-09-17 12:35:00,12,6,9,15,4,18,4,28,301,90.1,4,62,0.0645,0.1429,82.1,27.8,40.7,993.8,0.0,3.3,2.1,189.3,S,-0.75,0.39,-1.8
415991,2015-09-28,2015,STL,2015-09-28 19:05:00,19,0,3,3,1,17,11,12,295,89.4,1,47,0.0213,0.0833,67.6,19.8,97.0,990.5,0.0,7.6,4.7,128.7,SE,-7.27,-6.11,-7.55
416005,2015-09-30,2015,STL,2015-09-29 19:05:00,19,8,2,10,3,13,5,17,278,87.5,5,53,0.0943,0.1765,67.3,19.6,99.0,983.9,24.6,11.1,6.9,15.0,N,1.44,-2.4,5.11
416020,2015-09-30,2015,STL,2015-09-30 19:05:00,19,1,11,12,2,14,7,18,290,87.0,2,55,0.0364,0.1111,60.3,15.7,71.0,990.8,0.0,14.6,9.1,21.3,N,0.3,-4.7,5.26
416038,2015-10-02,2015,CIN,2015-10-02 19:05:00,19,6,4,10,3,27,8,18,415,86.6,5,62,0.0806,0.1667,52.0,11.1,55.3,995.1,0.0,18.4,11.4,56.3,NE,-10.23,-14.83,-4.39
416053,2015-10-03,2015,CIN,2015-10-03 19:05:00,19,1,3,4,1,20,6,10,276,89.3,2,42,0.0476,0.1,50.8,10.4,90.3,994.7,0.0,15.8,9.8,93.7,E,-14.92,-15.76,-12.28
416068,2015-10-04,2015,CIN,2015-10-04 15:05:00,15,4,0,4,1,17,4,19,288,89.3,1,50,0.02,0.0526,63.3,17.4,70.0,994.3,0.0,10.2,6.3,99.0,E,-9.89,-10.1,-8.48
446877,2016-04-03,2016,STL,2016-04-03 13:05:00,13,4,1,5,0,19,10,14,285,81.9,2,43,0.0465,0.0,42.8,6.0,39.3,988.7,0.0,17.2,10.7,274.3,W,16.31,17.16,13.5
446910,2016-04-05,2016,STL,2016-04-05 19:05:00,19,6,5,11,1,25,5,20,341,83.3,3,57,0.0526,0.05,35.7,2.1,56.0,1000.4,0.0,3.1,1.9,223.9,SW,1.13,2.05,0.07
446900,2016-04-06,2016,STL,2016-04-06 19:05:00,19,5,1,6,1,15,9,13,305,85.0,4,47,0.0851,0.0769,53.2,11.8,42.7,977.8,0.2,14.5,9.0,177.0,S,-6.24,-1.39,-10.34
446987,2016-04-13,2016,DET,2016-04-13 19:05:00,19,3,7,10,2,19,10,14,312,83.1,3,46,0.0652,0.1429,45.9,7.7,57.3,997.3,0.0,9.2,5.7,16.0,N,1.05,-2.16,4.12
447002,2016-04-14,2016,DET,2016-04-14 12:35:00,12,4,7,11,1,11,6,23,316,82.8,2,63,0.0317,0.0435,62.3,16.8,38.7,997.2,0.0,6.6,4.1,89.0,E,-6.08,-6.62,-4.81
447016,2016-04-15,2016,MIL,2016-04-15 19:05:00,19,4,8,12,3,14,14,19,316,86.6,3,58,0.0517,0.1579,55.5,13.1,60.7,998.1,0.0,12.8,8.0,100.7,E,-12.53,-12.67,-10.88
447031,2016-04-16,2016,MIL,2016-04-16 19:05:00,19,5,0,5,1,14,11,11,288,86.6,3,44,0.0682,0.0909,60.1,15.6,64.0,999.9,0.0,6.4,4.0,42.0,NE,-2.14,-4.07,0.06
447046,2016-04-17,2016,MIL,2016-04-17 13:35:00,13,9,3,12,2,11,11,23,319,81.2,2,61,0.0328,0.087,76.4,24.7,34.0,1001.0,0.0,4.6,2.9,355.7,N,2.09,0.55,3.38
447201,2016-04-29,2016,CIN,2016-04-29 19:05:00,19,4,1,5,2,15,5,13,265,80.9,1,46,0.0217,0.1538,52.2,11.2,83.7,991.8,0.0,7.8,4.9,326.7,NW,6.48,4.59,7.6
447216,2016-04-30,2016,CIN,2016-04-30 19:05:00,19,5,1,6,2,16,7,16,310,83.6,3,52,0.0577,0.125,53.4,11.9,97.3,989.4,1.2,12.8,8.0,117.0,SE,-12.79,-11.68,-12.37
447231,2016-05-01,2016,CIN,2016-05-01 13:35:00,13,5,6,11,2,19,10,17,350,87.7,6,63,0.0952,0.1176,68.5,20.3,77.3,986.7,2.0,8.2,5.1,231.0,SW,3.93,6.17,1.22
447245,2016-05-02,2016,CHC,2016-05-02 19:05:00,19,2,7,9,1,18,8,18,310,84.5,4,52,0.0769,0.0556,58.0,14.5,81.0,986.4,0.4,7.5,4.6,341.0,N,4.95,2.74,6.56
447257,2016-05-03,2016,CHC,2016-05-03 19:05:00,19,1,7,8,0,14,8,14,277,82.3,1,53,0.0189,0.0,56.4,13.6,74.0,982.4,0.0,6.1,3.8,264.7,W,5.39,6.04,4.09
447272,2016-05-04,2016,CHC,2016-05-04 12:35:00,12,2,6,8,3,12,7,24,315,83.9,4,63,0.0635,0.125,62.5,17.0,65.3,977.5,0.5,4.9,3.1,158.0,S,-3.46,-2.05,-4.45
447436,2016-05-16,2016,ATL,2016-05-16 19:05:00,19,8,5,13,3,15,4,23,284,83.7,3,59,0.0508,0.1304,53.0,11.7,69.3,994.4,0.0,9.1,5.6,239.3,SW,5.44,7.59,2.63
447444,2016-05-17,2016,ATL,2016-05-17 19:05:00,19,12,9,21,2,18,6,36,330,86.0,1,64,0.0156,0.0556,54.7,12.6,85.7,993.4,0.0,5.6,3.5,352.0,N,2.83,1.01,4.3
447459,2016-05-18,2016,ATL,2016-05-18 19:05:00,19,1,3,4,2,8,3,16,227,85.4,2,58,0.0345,0.125,53.2,11.8,91.3,992.9,0.0,4.0,2.5,231.6,SW,1.96,3.05,0.64
447474,2016-05-19,2016,ATL,2016-05-19 19:05:00,19,8,2,10,2,14,4,18,291,84.0,2,55,0.0364,0.1111,58.8,14.9,74.0,994.3,0.0,6.9,4.3,7.0,N,1.84,-0.55,4.0
447491,2016-05-20,2016,COL,2016-05-20 19:05:00,19,2,1,3,1,6,2,20,238,83.4,2,61,0.0328,0.05,62.8,17.1,66.0,991.3,0.0,12.3,7.6,106.3,E,-12.2,-11.91,-11.01
447506,2016-05-21,2016,COL,2016-05-21 16:05:00,16,1,5,6,1,12,7,15,294,83.9,1,56,0.0179,0.0667,55.5,13.0,96.3,986.3,0.4,8.8,5.5,25.6,NE,-0.48,-3.47,2.56
447521,2016-05-23,2016,COL,2016-05-22 13:35:00,13,6,3,9,0,14,4,14,249,80.2,0,50,0.0,0.0,63.9,17.7,67.0,986.8,0.2,6.1,3.8,19.7,N,0.3,-1.81,2.38
447540,2016-05-24,2016,AZ,2016-05-24 19:05:00,19,12,1,13,1,8,11,23,339,82.7,1,62,0.0161,0.0435,67.2,19.5,76.3,990.8,0.0,9.0,5.6,254.7,W,7.11,8.57,4.79
447555,2016-05-25,2016,AZ,2016-05-25 19:05:00,19,5,4,9,4,10,2,20,263,85.6,5,60,0.0833,0.2,70.8,21.6,78.7,992.2,0.0,7.6,4.7,209.7,SW,0.95,3.46,-1.68
447570,2016-05-26,2016,AZ,2016-05-26 12:35:00,12,8,3,11,1,16,10,25,343,83.4,1,59,0.0169,0.04,78.1,25.6,63.0,991.2,1.0,13.2,8.2,214.0,SW,2.63,6.89,-1.95
447684,2016-06-03,2016,LAA,2016-06-03 19:05:00,19,2,9,11,3,14,11,23,329,83.3,3,59,0.0508,0.1304,73.2,22.9,86.0,989.5,0.0,2.3,1.4,192.6,S,-0.39,0.4,-1.13
447699,2016-06-04,2016,LAA,2016-06-04 16:05:00,16,8,7,15,5,6,9,21,277,87.5,6,63,0.0952,0.2381,75.4,24.1,88.0,984.8,1.7,3.0,1.8,82.6,E,-2.57,-2.92,-1.91
447714,2016-06-05,2016,LAA,2016-06-05 13:35:00,13,4,5,9,1,15,8,18,302,83.3,1,55,0.0182,0.0556,71.0,21.7,83.7,978.3,0.2,13.1,8.1,209.7,SW,1.63,5.98,-2.91
447731,2016-06-07,2016,NYM,2016-06-06 19:05:00,19,3,1,4,0,24,3,14,283,82.6,1,39,0.0256,0.0,68.3,20.2,82.3,977.4,1.9,7.8,4.9,196.4,S,-0.83,1.88,-3.45
447743,2016-06-07,2016,NYM,2016-06-07 16:05:00,16,3,1,4,2,14,7,15,281,83.6,1,51,0.0196,0.1333,66.6,19.2,57.0,979.1,0.0,15.1,9.4,314.7,NW,13.98,11.19,15.09
447758,2016-06-08,2016,NYM,2016-06-08 19:05:00,19,5,6,11,2,16,12,21,343,85.9,4,63,0.0635,0.0952,57.3,14.1,66.3,987.0,0.0,7.8,4.9,308.7,NW,7.52,6.32,7.82
447785,2016-06-10,2016,STL,2016-06-10 19:05:00,19,3,9,12,2,20,12,17,391,83.0,1,66,0.0152,0.1176,71.8,22.1,82.7,989.6,0.0,4.7,2.9,167.0,S,-2.71,-1.25,-3.85
447800,2016-06-11,2016,STL,2016-06-11 19:15:00,19,1,5,6,1,17,7,14,274,82.2,0,48,0.0,0.0714,78.9,26.1,63.7,985.8,0.0,14.5,9.0,242.0,SW,9.24,12.52,4.85
447815,2016-06-12,2016,STL,2016-06-12 17:05:00,17,3,8,11,2,16,2,20,262,83.0,1,54,0.0185,0.1,69.3,20.7,41.7,988.2,0.0,16.3,10.1,319.3,NW,14.57,11.17,16.22
447916,2016-06-20,2016,SF,2016-06-20 19:05:00,19,1,0,1,1,12,2,11,217,85.8,0,47,0.0,0.0909,78.9,26.1,71.7,988.6,0.0,13.0,8.1,223.7,SW,4.69,8.56,0.26
447931,2016-06-21,2016,SF,2016-06-21 19:05:00,19,4,15,19,3,14,8,31,367,84.4,7,70,0.1,0.0968,74.4,23.6,58.7,984.0,0.0,5.6,3.5,325.8,NW,4.71,3.37,5.48
447946,2016-06-22,2016,SF,2016-06-22 19:05:00,19,6,7,13,3,19,7,22,317,82.6,2,56,0.0357,0.1364,74.7,23.7,64.0,987.7,0.0,9.7,6.0,227.4,SW,4.07,6.83,0.83
447958,2016-06-23,2016,SF,2016-06-23 12:35:00,12,3,5,8,1,14,4,14,310,82.9,1,52,0.0192,0.0714,73.4,23.0,89.0,985.1,2.0,1.9,1.2,180.5,S,-0.7,-0.07,-1.25
447965,2016-06-24,2016,LAD,2016-06-24 19:05:00,19,8,6,14,3,14,3,25,296,87.6,2,59,0.0339,0.12,71.3,21.8,88.3,991.0,0.0,4.9,3.1,40.4,NE,-1.51,-3.03,0.18
447980,2016-06-25,2016,LAD,2016-06-25 19:15:00,19,6,1,7,3,11,4,13,271,82.4,4,51,0.0784,0.2308,75.4,24.1,79.7,993.5,0.0,9.9,6.2,118.3,SE,-9.88,-8.94,-9.63
447995,2016-06-26,2016,LAD,2016-06-26 20:08:00,20,4,3,7,1,13,6,13,240,85.1,1,48,0.0208,0.0769,76.0,24.4,78.3,990.5,0.0,10.5,6.5,171.7,S,-5.4,-1.98,-8.17
448009,2016-06-27,2016,LAD,2016-06-27 12:35:00,12,4,5,9,0,14,13,12,322,82.4,0,50,0.0,0.0,80.2,26.8,75.0,989.3,0.2,5.0,3.1,233.0,SW,2.54,3.86,0.91
448159,2016-07-08,2016,CHC,2016-07-08 19:05:00,19,8,4,12,4,15,11,16,303,82.1,3,52,0.0577,0.25,78.7,26.0,77.7,982.9,0.0,11.1,6.9,212.7,SW,1.96,5.59,-1.9
448174,2016-07-09,2016,CHC,2016-07-09 19:15:00,19,12,6,18,5,22,10,23,351,82.8,4,50,0.08,0.2174,73.8,23.2,62.0,986.4,0.0,12.7,7.9,315.7,NW,11.65,9.24,12.65
448189,2016-07-10,2016,CHC,2016-07-10 13:35:00,13,5,6,11,3,17,4,22,293,85.1,4,57,0.0702,0.1364,80.4,26.9,44.7,990.2,0.0,10.4,6.5,331.0,NW,8.17,5.45,9.89
448281,2016-07-20,2016,MIL,2016-07-20 19:05:00,19,5,9,14,0,20,11,23,349,82.8,3,53,0.0566,0.0,80.8,27.1,36.3,995.5,0.0,3.4,2.1,277.8,W,3.32,3.42,2.82
448294,2016-07-21,2016,MIL,2016-07-21 19:05:00,19,5,3,8,2,17,3,16,261,82.6,2,49,0.0408,0.125,81.7,27.6,53.3,991.3,0.0,11.8,7.3,209.6,SW,1.46,5.37,-2.64
448308,2016-07-22,2016,PHI,2016-07-22 19:05:00,19,0,4,4,1,14,2,14,244,86.7,2,51,0.0392,0.0714,81.1,27.3,78.0,987.9,1.3,9.9,6.2,247.0,SW,6.96,8.97,4.12
448323,2016-07-23,2016,PHI,2016-07-23 16:05:00,16,7,4,11,0,16,5,20,305,82.1,0,56,0.0,0.0,86.4,30.2,66.3,987.9,1.1,5.1,3.2,287.0,W,5.08,4.94,4.6
448338,2016-07-24,2016,PHI,2016-07-24 13:35:00,13,5,4,9,4,18,6,18,281,83.1,4,47,0.0851,0.2222,93.9,34.4,44.7,988.8,0.0,8.6,5.3,231.0,SW,4.09,6.42,1.27
448366,2016-07-26,2016,SEA,2016-07-26 19:05:00,19,4,7,11,4,14,6,23,303,84.3,4,59,0.0678,0.1739,81.3,27.4,53.3,989.0,0.0,9.1,5.6,350.0,N,4.87,1.96,7.19
448381,2016-07-27,2016,SEA,2016-07-27 19:05:00,19,10,1,11,1,15,3,17,265,83.1,2,52,0.0385,0.0588,81.5,27.5,64.0,987.2,0.0,3.5,2.2,47.3,NE,-1.47,-2.46,-0.29
448492,2016-08-05,2016,CIN,2016-08-05 19:05:00,19,3,2,5,1,19,8,12,295,83.6,2,43,0.0465,0.0833,78.9,26.0,78.3,984.9,0.0,9.0,5.6,187.0,S,-2.41,0.71,-5.24
448507,2016-08-06,2016,CIN,2016-08-06 19:05:00,19,5,3,8,2,16,3,16,252,84.6,4,46,0.087,0.125,76.2,24.5,50.0,986.4,0.0,11.7,7.3,341.3,N,7.72,4.24,10.28
448522,2016-08-07,2016,CIN,2016-08-07 13:35:00,13,3,7,10,2,15,9,14,308,83.3,2,49,0.0408,0.1429,82.2,27.9,42.7,989.6,0.0,7.9,4.9,313.3,NW,7.41,6.0,7.93
448552,2016-08-09,2016,SD,2016-08-09 19:05:00,19,6,4,10,3,15,12,17,308,86.7,3,48,0.0625,0.1765,79.5,26.4,77.0,991.5,0.0,12.8,8.0,152.7,SE,-9.81,-6.38,-12.05
448568,2016-08-10,2016,SD,2016-08-10 19:05:00,19,0,4,4,0,18,5,8,260,81.4,0,42,0.0,0.0,74.1,23.4,98.7,993.0,1.9,3.8,2.4,27.8,NE,-0.35,-1.62,0.96
448579,2016-08-11,2016,SD,2016-08-11 12:35:00,12,4,0,4,0,9,4,13,242,81.1,0,52,0.0,0.0,88.4,31.3,61.3,992.0,0.0,9.1,5.6,203.0,SW,0.08,3.17,-3.03
448682,2016-08-19,2016,MIA,2016-08-19 19:05:00,19,5,6,11,4,9,10,28,311,84.8,5,66,0.0758,0.1429,74.9,23.8,91.7,986.5,0.0,5.7,3.6,170.3,S,-3.05,-1.21,-4.53
448697,2016-08-20,2016,MIA,2016-08-20 19:05:00,19,1,3,4,1,16,2,10,250,82.7,1,47,0.0213,0.1,77.4,25.2,77.0,982.1,0.0,10.8,6.7,177.0,S,-4.64,-1.03,-7.68
448712,2016-08-21,2016,MIA,2016-08-21 13:35:00,13,2,3,5,1,13,4,11,278,79.2,1,55,0.0182,0.0909,78.0,25.5,63.0,984.0,0.0,13.0,8.1,278.7,W,12.62,12.92,10.8
448727,2016-08-22,2016,HOU,2016-08-22 19:05:00,19,1,3,4,2,17,2,10,230,85.3,4,45,0.0889,0.2,70.8,21.6,73.7,995.8,0.0,4.5,2.8,332.3,NW,3.46,2.26,4.23
448737,2016-08-23,2016,HOU,2016-08-23 19:05:00,19,7,1,8,2,15,4,17,251,85.6,1,51,0.0196,0.1176,72.7,22.6,72.7,997.2,0.0,3.7,2.3,133.7,SE,-3.48,-2.81,-3.73
448753,2016-08-24,2016,HOU,2016-08-24 12:35:00,12,4,5,9,2,17,5,18,289,82.5,1,55,0.0182,0.1111,83.0,28.3,53.3,995.5,0.0,12.7,7.9,203.3,SW,0.19,4.53,-4.18
448872,2016-09-02,2016,MIL,2016-09-02 19:05:00,19,0,1,1,0,13,8,10,279,83.0,2,48,0.0417,0.0,68.2,20.1,63.7,993.4,0.0,9.8,6.1,21.7,N,0.14,-3.23,3.5
448887,2016-09-03,2016,MIL,2016-09-03 19:05:00,19,4,7,11,3,15,10,23,308,83.3,4,58,0.069,0.1304,69.8,21.0,66.0,994.4,0.0,4.8,3.0,30.0,NE,-0.63,-2.23,1.05
448902,2016-09-04,2016,MIL,2016-09-04 13:35:00,13,0,10,10,4,9,6,17,292,85.9,7,59,0.1186,0.2353,82.2,27.9,37.0,996.9,0.0,3.6,2.2,86.3,E,-3.23,-3.58,-2.49
448921,2016-09-05,2016,STL,2016-09-05 16:05:00,16,6,12,18,4,15,6,26,325,83.4,6,65,0.0923,0.1538,83.6,28.7,43.3,994.6,0.0,6.3,3.9,309.1,NW,6.07,5.09,6.32
448936,2016-09-06,2016,STL,2016-09-06 19:05:00,19,7,9,16,7,17,4,27,345,82.8,7,65,0.1077,0.2593,77.0,25.0,76.3,992.3,0.0,6.9,4.3,262.3,W,5.99,6.82,4.44
448951,2016-09-07,2016,STL,2016-09-07 19:05:00,19,4,3,7,1,17,3,20,300,84.2,2,51,0.0392,0.05,75.0,23.9,94.3,989.8,4.4,11.5,7.1,235.3,SW,6.24,9.16,2.55
448954,2016-09-08,2016,CIN,2016-09-08 19:05:00,19,4,1,5,0,12,5,17,242,86.7,5,54,0.0926,0.0,76.8,24.9,83.0,986.2,2.7,12.0,7.5,250.6,W,8.94,11.14,5.66
448964,2016-09-09,2016,CIN,2016-09-09 19:05:00,19,3,4,7,1,3,6,20,262,87.2,3,63,0.0476,0.05,74.5,23.6,94.7,989.1,2.5,3.7,2.3,138.7,SE,-3.32,-2.56,-3.68
448979,2016-09-10,2016,CIN,2016-09-10 19:05:00,19,7,8,15,2,15,9,25,337,82.7,1,61,0.0164,0.08,79.8,26.6,62.0,986.1,1.1,15.7,9.8,240.1,SW,9.59,13.28,4.75
448994,2016-09-11,2016,CIN,2016-09-11 13:35:00,13,0,8,8,0,13,9,20,275,83.7,1,56,0.0179,0.0,73.7,23.2,49.0,994.5,0.0,8.2,5.1,320.7,NW,7.26,5.49,8.15
449170,2016-09-23,2016,WSH,2016-09-23 19:05:00,19,6,5,11,2,25,10,25,403,,0,66,0.0,0.08,75.3,24.0,66.3,989.8,0.0,8.4,5.2,315.4,NW,7.74,6.16,8.39
449185,2016-09-24,2016,WSH,2016-09-24 19:05:00,19,1,6,7,1,19,5,20,317,,0,55,0.0,0.05,65.1,18.4,56.3,994.3,0.0,10.2,6.3,9.0,N,2.37,-1.15,5.61
449200,2016-09-25,2016,WSH,2016-09-25 13:35:00,13,7,10,17,2,23,11,21,354,,0,50,0.0,0.0952,75.5,24.2,32.7,993.2,0.0,4.8,3.0,41.0,NE,-1.53,-3.01,0.13
449202,2016-09-26,2016,CHC,2016-09-26 19:05:00,19,2,12,14,4,20,7,28,392,,0,62,0.0,0.1429,62.4,16.9,96.3,988.4,0.2,9.4,5.8,267.0,W,8.45,9.32,6.57
449214,2016-09-27,2016,CHC,2016-09-27 19:05:00,19,4,6,10,0,18,15,16,375,,0,52,0.0,0.0,61.9,16.6,53.0,985.2,0.0,10.6,6.6,171.0,S,-5.54,-2.11,-8.3
449229,2016-09-28,2016,CHC,2016-09-28 19:05:00,19,8,4,12,2,14,6,16,301,81.3,3,53,0.0566,0.125,64.5,18.1,78.7,987.3,0.0,16.0,10.0,105.0,E,-15.9,-15.65,-14.22
449244,2016-09-29,2016,CHC,2016-09-29 19:05:00,19,1,1,2,0,9,2,6,128,83.8,0,28,0.0,0.0,59.5,15.3,95.3,993.5,2.0,15.0,9.3,84.0,E,-13.15,-14.8,-9.92
490148,2017-04-07,2017,ATL,2017-04-07 13:05:00,13,5,4,9,2,8,4,21,317,84.2,4,65,0.0615,0.0952,38.4,3.5,58.0,981.1,0.1,27.9,17.4,303.3,NW,27.44,23.99,27.58
490163,2017-04-08,2017,ATL,2017-04-08 19:05:00,19,6,4,10,0,12,10,21,282,81.3,0,56,0.0,0.0,46.0,7.8,55.3,989.6,0.0,7.4,4.6,289.3,W,7.39,7.08,6.8
490178,2017-04-09,2017,ATL,2017-04-09 13:35:00,13,6,5,11,4,11,5,24,279,82.5,4,66,0.0606,0.1667,68.3,20.2,29.7,991.2,0.0,14.0,8.7,191.3,S,-2.7,2.14,-7.23
490195,2017-04-10,2017,CIN,2017-04-10 19:05:00,19,1,7,8,2,16,11,12,316,78.6,0,51,0.0,0.1667,65.4,18.5,58.0,990.5,0.0,9.9,6.2,216.3,SW,2.37,5.51,-1.06
490207,2017-04-11,2017,CIN,2017-04-11 19:05:00,19,2,6,8,2,14,6,16,297,81.0,2,57,0.0351,0.125,59.8,15.5,93.3,993.9,5.7,8.7,5.4,225.2,SW,3.34,5.88,0.41
490219,2017-04-12,2017,CIN,2017-04-12 19:05:00,19,2,9,11,1,15,4,22,289,82.0,2,59,0.0339,0.0455,53.1,11.7,56.7,1000.6,0.0,11.1,6.9,340.0,N,7.5,4.25,9.85
490345,2017-04-21,2017,NYY,2017-04-21 19:05:00,19,6,3,9,2,17,6,18,318,81.7,2,54,0.037,0.1111,55.5,13.1,65.7,987.3,0.0,15.8,9.8,336.1,NW,11.45,7.03,14.48
490360,2017-04-22,2017,NYY,2017-04-22 16:05:00,16,5,11,16,5,16,7,21,308,80.6,7,60,0.1167,0.2381,56.8,13.8,46.7,988.6,0.0,14.1,8.8,356.3,N,6.23,1.52,10.2
490375,2017-04-23,2017,NYY,2017-04-23 13:35:00,13,2,1,3,1,16,7,14,262,82.4,4,46,0.087,0.0714,65.4,18.5,36.3,990.0,0.0,9.2,5.7,101.3,E,-9.03,-9.09,-7.87
490381,2017-04-24,2017,CHC,2017-04-24 19:05:00,19,3,14,17,1,9,15,24,340,84.2,1,67,0.0149,0.0417,52.4,11.3,77.0,988.4,0.3,13.6,8.5,85.6,E,-12.16,-13.53,-9.32
490391,2017-04-25,2017,CHC,2017-04-25 19:05:00,19,0,1,1,0,15,5,7,263,79.7,1,45,0.0222,0.0,57.4,14.1,86.0,982.2,0.0,9.1,5.7,77.7,E,-7.47,-8.8,-5.24
490406,2017-04-26,2017,CHC,2017-04-26 19:05:00,19,6,5,11,3,15,10,22,325,82.8,3,55,0.0545,0.1364,65.7,18.7,76.7,978.5,0.0,9.8,6.1,123.7,SE,-9.61,-8.39,-9.68
490537,2017-05-05,2017,MIL,2017-05-05 19:05:00,19,4,0,4,1,14,3,14,257,83.0,1,52,0.0192,0.0714,53.9,12.2,94.7,969.1,0.2,16.8,10.4,314.3,NW,15.56,12.49,16.76
490567,2017-05-07,2017,MIL,2017-05-07 13:35:00,13,2,6,8,4,19,8,14,291,80.5,2,48,0.0417,0.2857,55.8,13.2,32.0,981.5,0.0,24.1,15.0,302.3,NW,23.78,20.94,23.75
490691,2017-05-16,2017,WSH,2017-05-16 19:05:00,19,4,8,12,3,15,5,22,339,83.6,2,59,0.0339,0.1364,70.2,21.2,79.0,987.0,0.0,10.8,6.7,177.3,S,-4.59,-0.97,-7.66
490706,2017-05-17,2017,WSH,2017-05-17 19:05:00,19,6,1,7,1,5,9,11,277,83.5,1,54,0.0185,0.0909,74.3,23.5,62.0,987.0,0.0,11.0,6.8,205.7,SW,0.61,4.33,-3.18
490717,2017-05-18,2017,WSH,2017-05-18 12:35:00,12,10,4,14,3,15,9,19,326,83.8,2,54,0.037,0.1579,81.4,27.5,53.0,987.0,0.0,23.5,14.6,233.0,SW,11.91,18.11,4.28
490728,2017-05-19,2017,PHI,2017-05-19 19:05:00,19,2,7,9,1,4,3,12,261,81.9,2,63,0.0317,0.0833,68.1,20.1,77.7,989.9,0.3,8.2,5.1,9.7,N,1.81,-1.02,4.43
490743,2017-05-20,2017,PHI,2017-05-20 16:05:00,16,6,3,9,1,13,5,19,269,81.4,0,56,0.0,0.0526,69.7,21.0,69.7,994.1,0.0,11.6,7.2,81.7,E,-9.96,-11.39,-7.33
490758,2017-05-21,2017,PHI,2017-05-21 13:35:00,13,1,0,1,0,14,6,8,262,81.5,1,44,0.0227,0.0,69.2,20.7,88.3,991.0,6.2,14.5,9.0,186.7,S,-3.96,1.05,-8.49
490822,2017-05-26,2017,NYM,2017-05-26 19:05:00,19,1,8,9,3,18,5,18,292,80.8,3,55,0.0545,0.1667,60.6,15.9,79.3,985.6,0.0,7.2,4.5,343.7,N,4.52,2.33,6.16
490837,2017-05-27,2017,NYM,2017-05-27 19:15:00,19,5,4,9,4,16,5,25,341,84.4,9,67,0.1343,0.16,65.5,18.6,87.7,985.2,0.0,5.3,3.3,103.6,E,-5.24,-5.2,-4.64
490852,2017-05-28,2017,NYM,2017-05-28 20:00:00,20,2,7,9,2,15,4,23,319,85.6,3,61,0.0492,0.087,65.0,18.3,96.0,981.4,10.8,7.6,4.7,170.3,S,-4.07,-1.61,-6.03
490859,2017-05-29,2017,AZ,2017-05-29 16:05:00,16,4,3,7,2,15,3,16,279,81.1,2,50,0.04,0.125,72.6,22.5,55.7,986.7,0.1,10.1,6.3,232.4,SW,5.05,7.75,1.74
490874,2017-05-30,2017,AZ,2017-05-30 19:05:00,19,0,3,3,0,15,1,11,214,84.4,2,48,0.0417,0.0,66.4,19.1,68.0,987.9,0.0,6.0,3.7,209.7,SW,0.75,2.74,-1.33
490889,2017-05-31,2017,AZ,2017-05-31 12:35:00,12,5,6,11,3,27,11,24,459,80.9,1,78,0.0128,0.125,71.1,21.7,50.3,988.6,0.0,16.8,10.4,226.7,SW,6.88,11.71,1.22
490999,2017-06-08,2017,MIA,2017-06-08 19:05:00,19,1,7,8,0,16,4,18,309,79.1,2,55,0.0364,0.0,61.3,16.3,74.7,984.6,0.0,7.3,4.5,347.3,N,4.19,1.9,5.96
491012,2017-06-09,2017,MIA,2017-06-09 19:05:00,19,7,12,19,3,9,7,31,313,84.7,3,74,0.0405,0.0968,67.5,19.7,64.3,985.9,0.0,8.6,5.3,207.5,SW,0.75,3.62,-2.22
491027,2017-06-10,2017,MIA,2017-06-10 16:05:00,16,7,6,13,2,18,3,27,304,80.7,4,58,0.069,0.0741,80.1,26.7,50.3,988.7,0.0,11.9,7.4,224.7,SW,4.48,7.97,0.45
491043,2017-06-11,2017,MIA,2017-06-11 13:35:00,13,3,1,4,1,11,2,15,236,83.3,0,55,0.0,0.0667,84.9,29.4,42.7,992.6,0.0,16.4,10.2,250.0,W,12.09,15.15,7.57
491055,2017-06-12,2017,COL,2017-06-12 19:05:00,19,7,2,9,1,14,9,22,295,85.1,1,57,0.0175,0.0455,78.7,25.9,67.7,989.5,0.0,5.8,3.6,203.1,SW,0.06,2.05,-1.94
491065,2017-06-13,2017,COL,2017-06-13 19:05:00,19,5,2,7,3,14,6,13,253,80.8,2,49,0.0408,0.2308,74.7,23.7,84.0,988.6,0.0,7.5,4.6,216.6,SW,1.82,4.19,-0.76
491081,2017-06-14,2017,COL,2017-06-14 19:05:00,19,1,5,6,1,13,5,14,278,84.4,0,53,0.0,0.0714,73.3,22.9,91.7,988.0,0.0,5.0,3.1,171.1,S,-2.59,-0.98,-3.88
491102,2017-06-16,2017,CHC,2017-06-16 19:05:00,19,5,9,14,1,13,8,19,312,82.7,1,59,0.0169,0.0526,72.7,22.6,86.7,984.7,0.0,9.9,6.1,145.0,SE,-8.32,-6.01,-9.63
491117,2017-06-17,2017,CHC,2017-06-17 20:15:00,20,4,3,7,4,16,6,13,260,83.2,4,46,0.087,0.3077,74.7,23.7,85.7,982.6,0.0,10.8,6.7,166.0,S,-6.4,-3.06,-8.98
491132,2017-06-18,2017,CHC,2017-06-18 13:35:00,13,1,7,8,3,14,4,16,272,80.1,3,54,0.0556,0.1875,88.6,31.4,46.0,979.0,0.0,22.5,14.0,212.0,SW,3.71,11.08,-4.1
491263,2017-06-27,2017,TB,2017-06-27 19:05:00,19,2,4,6,0,15,4,11,266,79.2,1,53,0.0189,0.0,61.5,16.4,72.0,991.5,0.0,5.6,3.5,308.4,NW,5.35,4.51,5.55
491278,2017-06-28,2017,TB,2017-06-28 19:05:00,19,6,2,8,1,13,8,16,289,80.1,2,52,0.0385,0.0625,66.4,19.1,71.3,991.6,0.0,9.2,5.7,167.0,S,-5.34,-2.46,-7.58
491291,2017-06-29,2017,TB,2017-06-29 19:05:00,19,4,0,4,2,14,3,18,268,82.6,3,52,0.0577,0.1111,75.2,24.0,75.7,988.1,0.0,13.2,8.2,197.7,S,-1.12,3.46,-5.56
491303,2017-06-30,2017,SF,2017-06-30 19:05:00,19,5,13,18,2,13,10,28,365,81.8,4,67,0.0597,0.0714,73.6,23.1,91.7,986.4,0.8,6.3,3.9,172.2,S,-3.16,-1.12,-4.82
491318,2017-07-01,2017,SF,2017-07-01 16:05:00,16,1,2,3,1,19,13,12,354,81.3,0,57,0.0,0.0833,80.8,27.1,55.7,986.0,0.0,16.7,10.4,254.3,W,13.13,15.87,8.81
491333,2017-07-02,2017,SF,2017-07-02 13:35:00,13,3,5,8,3,14,1,15,271,79.9,1,55,0.0182,0.2,82.2,27.9,43.7,990.5,0.0,14.9,9.2,260.7,W,12.63,14.55,9.19
491445,2017-07-14,2017,STL,2017-07-14 19:05:00,19,5,2,7,2,11,6,18,279,80.7,2,56,0.0357,0.1111,74.9,23.8,83.0,988.4,0.7,6.2,3.9,264.8,W,5.49,6.14,4.18
491460,2017-07-15,2017,STL,2017-07-15 19:05:00,19,0,4,4,0,14,3,17,287,79.8,0,54,0.0,0.0,70.9,21.6,79.0,989.5,0.0,5.8,3.6,338.0,N,4.09,2.42,5.27
491475,2017-07-16,2017,STL,2017-07-16 13:35:00,13,4,3,7,2,14,5,20,270,82.0,2,57,0.0351,0.1,81.4,27.5,48.0,988.3,0.0,8.3,5.1,210.6,SW,1.16,3.89,-1.71
491483,2017-07-17,2017,MIL,2017-07-17 19:05:00,19,4,2,6,0,15,7,21,299,82.6,0,55,0.0,0.0,71.8,22.1,94.3,990.4,0.0,2.5,1.6,23.7,NE,-0.05,-0.91,0.82
491498,2017-07-18,2017,MIL,2017-07-18 19:05:00,19,4,3,7,3,15,3,19,260,84.8,4,51,0.0784,0.1579,75.7,24.3,88.0,992.0,0.0,4.4,2.8,206.5,SW,0.31,1.8,-1.22
491513,2017-07-19,2017,MIL,2017-07-19 19:05:00,19,3,2,5,1,21,4,20,297,76.5,1,54,0.0185,0.05,77.9,25.5,85.7,991.0,0.0,5.2,3.3,286.4,W,5.2,5.08,4.7
491526,2017-07-20,2017,MIL,2017-07-20 12:35:00,12,4,2,6,1,15,5,17,300,80.8,1,50,0.02,0.0588,86.7,30.4,53.3,989.4,0.1,15.4,9.6,265.3,W,13.73,15.31,10.49
491682,2017-08-01,2017,CIN,2017-08-01 19:05:00,19,1,9,10,3,12,5,21,300,82.9,2,62,0.0323,0.1429,73.6,23.1,78.7,991.4,0.0,4.5,2.8,193.3,S,-0.72,0.84,-2.19
491697,2017-08-02,2017,CIN,2017-08-02 19:05:00,19,2,5,7,2,16,8,15,327,81.3,3,53,0.0566,0.1333,73.2,22.9,81.0,991.1,0.0,4.6,2.9,252.0,W,3.5,4.31,2.26
491713,2017-08-03,2017,CIN,2017-08-03 19:05:00,19,6,0,6,0,12,3,17,249,81.2,1,56,0.0179,0.0,72.4,22.4,83.7,989.9,0.6,7.2,4.5,171.6,S,-3.68,-1.35,-5.56
491733,2017-08-04,2017,SD,2017-08-04 19:05:00,19,10,6,16,5,17,10,23,309,84.7,3,57,0.0526,0.2174,68.4,20.2,91.3,984.6,2.8,16.7,10.4,242.7,SW,10.78,14.49,5.76
491748,2017-08-05,2017,SD,2017-08-05 19:05:00,19,2,5,7,3,13,9,16,307,81.8,3,54,0.0556,0.1875,66.0,18.9,70.7,991.3,0.0,7.1,4.4,245.3,SW,4.8,6.29,2.74
491763,2017-08-06,2017,SD,2017-08-06 13:35:00,13,5,4,9,1,22,9,16,369,77.5,1,63,0.0159,0.0625,73.3,23.0,56.0,992.5,0.1,7.4,4.6,195.0,S,-0.96,1.59,-3.4
491771,2017-08-07,2017,DET,2017-08-07 19:05:00,19,3,0,3,1,11,5,6,249,82.9,1,43,0.0233,0.1667,67.3,19.6,86.0,987.8,0.0,5.6,3.5,284.3,W,5.51,5.45,4.9
491780,2017-08-08,2017,DET,2017-08-08 19:05:00,19,6,3,9,1,19,2,15,250,77.4,2,47,0.0426,0.0667,65.6,18.7,73.7,993.7,0.0,5.2,3.3,322.3,NW,4.54,3.38,5.16
491910,2017-08-17,2017,STL,2017-08-17 19:05:00,19,7,11,18,3,15,10,30,355,80.4,4,63,0.0635,0.1,76.7,24.8,86.3,984.8,1.7,15.0,9.3,203.4,SW,0.24,5.36,-4.9
491925,2017-08-18,2017,STL,2017-08-18 19:05:00,19,10,11,21,6,11,10,23,352,82.0,3,65,0.0462,0.2609,74.4,23.6,65.7,984.2,0.0,10.6,6.6,258.7,W,8.78,10.26,6.24
491940,2017-08-19,2017,STL,2017-08-19 16:05:00,16,6,4,10,5,17,3,19,290,84.8,5,52,0.0962,0.2632,70.9,21.6,83.3,986.7,4.8,7.3,4.5,288.8,W,7.29,7.01,6.69
491955,2017-08-20,2017,STL,2017-08-20 19:00:00,19,6,3,9,2,16,3,20,285,,0,54,0.0,0.1,72.4,22.4,78.7,993.7,0.0,7.1,4.4,116.3,SE,-7.08,-6.49,-6.82
491960,2017-08-21,2017,LAD,2017-08-21 19:05:00,19,5,6,11,5,20,10,20,412,80.3,4,73,0.0548,0.25,74.5,23.6,89.3,992.8,0.0,9.6,6.0,196.0,S,-1.08,2.25,-4.28
491970,2017-08-22,2017,LAD,2017-08-22 19:05:00,19,5,8,13,2,17,13,17,329,78.3,1,50,0.02,0.1176,72.0,22.2,93.0,984.0,2.4,11.8,7.4,240.7,SW,7.31,10.05,3.69
491985,2017-08-23,2017,LAD,2017-08-23 19:05:00,19,1,0,1,1,17,4,9,239,81.6,1,48,0.0208,0.1111,68.0,20.0,64.3,987.2,0.0,7.8,4.8,297.4,NW,7.77,7.08,7.53
492000,2017-08-24,2017,LAD,2017-08-24 16:05:00,16,2,5,7,3,11,12,20,351,80.7,6,61,0.0984,0.15,65.7,18.7,73.0,989.2,1.7,7.3,4.5,10.5,N,1.52,-1.02,3.87
492106,2017-09-01,2017,CIN,2017-09-01 19:05:00,19,3,7,10,0,16,6,16,311,78.9,3,52,0.0577,0.0,58.5,14.7,61.0,992.7,0.0,12.2,7.6,87.0,E,-11.01,-12.14,-8.55
492121,2017-09-02,2017,CIN,2017-09-02 19:05:00,19,5,0,5,1,11,4,16,300,80.1,1,55,0.0182,0.0625,56.9,13.8,95.0,988.9,1.0,10.6,6.6,127.3,SE,-10.21,-8.67,-10.52
492136,2017-09-03,2017,CIN,2017-09-03 13:35:00,13,3,1,4,2,15,8,16,263,80.4,4,49,0.0816,0.125,70.8,21.5,52.0,987.5,0.3,22.1,13.8,279.0,W,21.52,21.99,18.46
492149,2017-09-04,2017,CHC,2017-09-04 16:05:00,16,12,0,12,3,22,6,23,305,82.8,1,50,0.02,0.1304,77.9,25.5,60.0,982.5,0.0,18.9,11.7,200.7,S,-0.61,5.89,-7.03
492164,2017-09-05,2017,CHC,2017-09-05 19:05:00,19,4,3,7,1,7,4,16,258,78.3,2,58,0.0345,0.0625,64.0,17.8,77.7,983.4,0.0,5.1,3.2,339.0,N,3.54,2.05,4.6
492179,2017-09-06,2017,CHC,2017-09-06 19:05:00,19,0,1,1,0,19,7,9,277,81.9,0,41,0.0,0.0,58.2,14.6,84.7,986.0,0.3,9.3,5.8,277.2,W,8.94,9.24,7.56
492193,2017-09-07,2017,CHC,2017-09-07 19:05:00,19,2,8,10,1,17,9,21,313,83.3,1,56,0.0179,0.0476,57.7,14.3,73.0,990.3,0.3,11.0,6.9,253.7,W,8.59,10.44,5.71
492344,2017-09-18,2017,MIL,2017-09-18 19:05:00,19,0,3,3,1,19,2,18,275,80.0,1,49,0.0204,0.0556,69.0,20.5,83.7,990.1,0.0,5.5,3.4,1.8,N,1.94,0.07,3.57
492356,2017-09-19,2017,MIL,2017-09-19 19:05:00,19,0,1,1,1,20,5,12,280,78.0,0,44,0.0,0.0833,70.8,21.5,80.3,988.0,0.0,5.1,3.2,76.0,E,-4.13,-4.92,-2.83
492371,2017-09-20,2017,MIL,2017-09-20 19:05:00,19,6,4,10,3,12,11,15,303,78.8,3,52,0.0577,0.2,72.6,22.6,77.3,989.7,0.0,3.3,2.0,234.0,SW,1.71,2.56,0.65
492400,2017-09-22,2017,STL,2017-09-22 19:05:00,19,3,4,7,0,10,8,16,281,81.3,1,58,0.0172,0.0,70.7,21.5,71.7,991.4,0.0,5.6,3.5,42.0,NE,-1.86,-3.54,0.05
492415,2017-09-23,2017,STL,2017-09-23 19:05:00,19,11,6,17,1,11,9,23,330,81.5,3,62,0.0484,0.0435,72.6,22.5,72.7,992.6,0.0,5.3,3.3,109.1,E,-5.29,-5.08,-4.86
492430,2017-09-24,2017,STL,2017-09-24 13:35:00,13,4,1,5,3,17,7,12,285,79.2,3,46,0.0652,0.25,87.4,30.8,40.3,992.6,0.0,8.1,5.0,78.7,E,-6.73,-7.87,-4.78
492445,2017-09-26,2017,BAL,2017-09-26 19:05:00,19,10,1,11,3,15,3,16,278,81.7,4,51,0.0784,0.1875,75.3,24.0,74.0,988.1,0.0,5.9,3.7,124.0,SE,-5.78,-5.03,-5.83
492460,2017-09-27,2017,BAL,2017-09-27 19:05:00,19,5,3,8,2,16,3,19,238,81.1,2,50,0.04,0.1053,76.6,24.8,61.3,986.0,0.0,10.6,6.6,319.9,NW,9.41,7.17,10.51
529465,2018-04-02,2018,MIN,2018-04-02 13:05:00,13,5,4,9,2,16,14,12,331,83.9,4,45,0.0889,0.1667,40.0,4.5,68.3,991.7,0.0,4.2,2.6,261.1,W,3.61,4.15,2.64
529490,2018-04-04,2018,MIN,2018-04-04 18:05:00,18,3,7,10,2,14,8,17,320,83.3,6,55,0.1091,0.1176,34.3,1.3,56.0,989.3,0.0,27.9,17.4,281.3,W,27.4,27.6,23.9
529500,2018-04-05,2018,CIN,2018-04-05 19:05:00,19,5,2,7,2,11,9,14,264,85.3,4,54,0.0741,0.1429,38.4,3.5,53.7,991.3,0.0,8.9,5.5,233.5,SW,4.59,6.92,1.7
529511,2018-04-06,2018,CIN,2018-04-06 19:05:00,19,14,3,17,0,11,9,28,326,83.1,0,64,0.0,0.0,40.5,4.7,81.7,982.2,1.6,19.2,11.9,294.7,NW,19.19,17.78,18.28
529521,2018-04-07,2018,CIN,2018-04-07 19:05:00,19,4,7,11,1,15,6,19,292,83.8,1,57,0.0175,0.0526,31.2,-0.5,64.0,987.8,0.0,5.0,3.1,263.6,W,4.35,4.91,3.26
529536,2018-04-08,2018,CIN,2018-04-08 13:35:00,13,5,0,5,2,11,4,12,257,84.5,4,49,0.0816,0.1667,37.5,3.0,41.3,989.1,0.0,16.5,10.3,301.7,NW,16.29,14.41,16.21
529645,2018-04-16,2018,COL,2018-04-16 19:05:00,19,2,6,8,2,13,6,11,273,82.2,5,49,0.102,0.1818,35.7,2.0,63.3,981.0,0.0,19.9,12.3,264.7,W,17.57,19.68,13.33
529659,2018-04-17,2018,COL,2018-04-17 19:05:00,19,0,2,2,0,11,6,10,245,80.6,0,50,0.0,0.0,33.6,0.9,65.3,984.6,0.0,13.5,8.4,267.3,W,12.25,13.48,9.54
529674,2018-04-18,2018,COL,2018-04-18 12:35:00,12,10,2,12,2,17,7,20,329,83.8,6,54,0.1111,0.1,49.5,9.7,47.3,983.0,0.0,7.5,4.7,233.6,SW,3.9,5.87,1.46
529749,2018-04-25,2018,DET,2018-04-24 19:05:00,19,8,3,11,2,16,8,22,341,82.7,7,55,0.1273,0.0909,51.0,10.6,91.3,988.1,3.5,11.5,7.1,86.7,E,-10.32,-11.41,-7.99
529764,2018-04-25,2018,DET,2018-04-25 16:05:00,16,10,13,23,6,17,7,34,378,85.2,7,74,0.0946,0.1765,50.7,10.4,88.3,983.3,0.0,17.3,10.7,314.0,NW,16.07,12.93,17.26
529779,2018-04-26,2018,DET,2018-04-26 12:35:00,12,1,0,1,1,16,3,14,254,84.3,2,48,0.0417,0.0714,57.0,13.9,47.3,986.2,0.0,7.6,4.7,269.0,W,7.0,7.62,5.54
529797,2018-04-27,2018,STL,2018-04-27 19:05:00,19,6,5,11,2,22,9,18,347,87.6,7,60,0.1167,0.1111,55.3,13.0,52.3,979.1,0.2,10.0,6.2,313.6,NW,9.33,7.53,10.0
529812,2018-04-28,2018,STL,2018-04-28 19:05:00,19,6,2,8,1,8,9,14,298,82.8,3,56,0.0536,0.0714,41.0,5.0,68.0,990.7,0.0,16.8,10.4,322.7,NW,14.52,10.76,16.54
529827,2018-04-29,2018,STL,2018-04-29 13:35:00,13,5,0,5,0,19,4,13,294,80.7,1,44,0.0227,0.0,48.4,9.1,46.3,995.2,0.0,21.3,13.3,313.3,NW,19.94,16.14,21.33
529981,2018-05-11,2018,SF,2018-05-11 19:05:00,19,11,2,13,4,23,7,24,340,84.5,7,50,0.14,0.1667,57.6,14.2,65.7,990.2,0.0,9.8,6.1,72.2,E,-7.5,-9.23,-4.88
529996,2018-05-12,2018,SF,2018-05-12 19:05:00,19,6,5,11,4,17,9,18,305,85.4,5,50,0.1,0.2222,60.9,16.1,91.7,990.4,1.3,5.4,3.4,19.8,N,0.25,-1.61,2.08
530011,2018-05-13,2018,SF,2018-05-13 13:35:00,13,0,5,5,2,18,6,20,299,84.1,8,54,0.1481,0.1,75.0,23.9,69.3,987.7,0.2,14.3,8.9,241.0,SW,8.92,12.22,4.55
530025,2018-05-15,2018,CWS,2018-05-15 19:05:00,19,7,0,7,1,17,3,17,278,82.5,3,51,0.0588,0.0588,69.5,20.8,79.7,986.3,0.0,9.1,5.7,20.3,N,0.34,-2.8,3.44
530040,2018-05-16,2018,CWS,2018-05-16 12:35:00,12,3,2,5,2,13,9,12,268,83.3,3,49,0.0612,0.1667,71.9,22.2,75.3,988.1,0.6,6.7,4.2,348.1,N,3.8,1.67,5.47
530059,2018-05-17,2018,SD,2018-05-17 19:05:00,19,5,4,9,0,18,5,18,288,84.4,2,51,0.0392,0.0,69.6,20.9,76.3,989.8,0.0,10.1,6.3,127.7,SE,-9.78,-8.28,-10.1
530074,2018-05-18,2018,SD,2018-05-18 19:05:00,19,2,3,5,0,14,8,14,289,86.3,5,52,0.0962,0.0,65.2,18.4,79.3,992.3,0.5,16.3,10.1,99.7,E,-15.93,-16.21,-13.72
530089,2018-05-19,2018,SD,2018-05-19 19:05:00,19,2,6,8,2,10,1,18,243,87.1,2,60,0.0333,0.1111,69.2,20.7,90.0,986.2,1.5,14.1,8.7,190.3,S,-2.96,1.92,-7.49
530104,2018-05-20,2018,SD,2018-05-20 13:35:00,13,5,8,13,3,12,5,19,306,84.1,5,64,0.0781,0.1579,72.5,22.5,68.3,992.2,0.0,15.8,9.8,324.7,NW,13.4,9.71,15.48
530166,2018-05-25,2018,STL,2018-05-25 19:05:00,19,8,1,9,1,17,1,19,225,85.2,1,52,0.0192,0.0526,72.4,22.4,81.3,984.7,0.0,6.7,4.2,217.7,SW,1.75,3.86,-0.56
530181,2018-05-26,2018,STL,2018-05-26 16:05:00,16,1,4,5,2,15,3,17,280,83.0,3,52,0.0577,0.1176,77.8,25.4,64.3,983.7,0.3,4.8,3.0,242.2,SW,3.09,4.17,1.63
530196,2018-05-27,2018,STL,2018-05-27 13:35:00,13,4,6,10,0,16,6,13,282,81.1,1,51,0.0196,0.0,76.9,24.9,71.3,986.4,0.3,4.9,3.0,231.3,SW,2.36,3.69,0.75
530199,2018-05-28,2018,CHC,2018-05-28 13:35:00,13,0,7,7,2,14,5,14,274,81.3,2,52,0.0385,0.1429,84.1,29.0,57.3,988.7,0.0,3.2,2.0,186.0,S,-0.9,0.19,-1.88
530214,2018-05-29,2018,CHC,2018-05-29 19:05:00,19,6,8,14,5,15,4,27,295,86.8,5,65,0.0769,0.1852,74.7,23.7,83.7,987.4,0.0,7.6,4.7,114.3,SE,-7.6,-7.06,-7.22
530229,2018-05-30,2018,CHC,2018-05-30 19:05:00,19,2,1,3,1,10,7,18,241,82.8,1,56,0.0179,0.0556,74.8,23.8,78.0,984.5,0.4,16.6,10.3,134.3,SE,-15.41,-12.37,-16.59
530310,2018-06-05,2018,LAD,2018-06-05 19:05:00,19,0,5,5,3,19,3,14,295,85.1,3,48,0.0625,0.2143,58.7,14.8,85.0,982.1,0.0,12.7,7.9,315.6,NW,11.72,9.3,12.72
530325,2018-06-06,2018,LAD,2018-06-06 19:05:00,19,11,9,20,2,11,18,18,367,80.6,3,54,0.0556,0.1111,59.5,15.3,74.3,989.0,0.0,2.4,1.5,95.6,E,-2.33,-2.43,-1.95
530339,2018-06-07,2018,LAD,2018-06-07 12:35:00,12,7,8,15,5,18,6,22,342,83.2,6,58,0.1034,0.2273,70.6,21.4,51.3,992.1,0.0,4.5,2.8,190.0,S,-0.98,0.59,-2.43
530437,2018-06-15,2018,CIN,2018-06-15 19:05:00,19,3,2,5,0,14,6,13,285,81.9,3,50,0.06,0.0,69.6,20.9,73.7,989.2,0.0,4.1,2.5,8.2,N,1.0,-0.41,2.29
530452,2018-06-16,2018,CIN,2018-06-16 16:05:00,16,6,2,8,5,9,7,17,282,85.3,5,59,0.0847,0.2941,80.7,27.1,56.3,989.4,0.1,8.9,5.5,237.0,SW,5.02,7.22,2.22
530467,2018-06-17,2018,CIN,2018-06-17 13:35:00,13,6,8,14,4,19,5,24,298,83.1,8,56,0.1429,0.1667,84.2,29.0,57.7,992.0,0.0,5.7,3.5,306.0,NW,5.51,4.72,5.63
530484,2018-06-18,2018,MIL,2018-06-18 19:05:00,19,1,0,1,0,14,5,9,224,83.1,0,43,0.0,0.0,80.7,27.0,74.3,986.3,0.0,11.6,7.2,240.7,SW,7.15,9.83,3.61
530497,2018-06-19,2018,MIL,2018-06-19 19:05:00,19,2,3,5,2,26,3,14,336,83.8,2,42,0.0476,0.1429,73.8,23.2,78.7,986.4,0.0,7.0,4.3,353.6,N,3.36,1.07,5.25
530518,2018-06-21,2018,AZ,2018-06-21 19:05:00,19,3,9,12,2,10,9,18,310,83.5,5,61,0.082,0.1111,71.6,22.0,80.0,982.7,0.0,7.6,4.7,69.7,E,-5.55,-6.97,-3.46
530528,2018-06-22,2018,AZ,2018-06-22 19:05:00,19,1,2,3,0,30,8,12,382,83.9,1,61,0.0164,0.0,66.0,18.9,89.7,982.5,2.0,13.4,8.3,111.0,E,-13.4,-12.71,-12.47
530543,2018-06-23,2018,AZ,2018-06-23 16:05:00,16,2,7,9,1,16,5,17,290,83.8,3,54,0.0556,0.0588,74.7,23.7,71.7,980.6,0.4,14.6,9.1,234.0,SW,7.63,11.43,2.91
530558,2018-06-24,2018,AZ,2018-06-24 13:35:00,13,0,3,3,2,16,1,11,221,84.0,2,46,0.0435,0.1818,76.7,24.8,62.3,985.0,0.8,17.0,10.5,282.3,W,16.7,16.72,14.67
530726,2018-07-06,2018,PHI,2018-07-06 19:05:00,19,5,17,22,2,20,14,30,421,82.9,4,64,0.0625,0.0667,68.3,20.2,71.3,996.7,0.0,11.6,7.2,354.7,N,5.4,1.58,8.57
530741,2018-07-07,2018,PHI,2018-07-07 16:05:00,16,2,3,5,1,20,3,17,261,81.0,3,49,0.0612,0.0588,74.3,23.5,47.3,998.3,0.0,10.0,6.2,56.0,NE,-5.54,-8.07,-2.34
530756,2018-07-08,2018,PHI,2018-07-08 13:35:00,13,4,1,5,1,18,3,13,257,81.3,2,46,0.0435,0.0769,79.0,26.1,45.0,999.1,0.0,5.5,3.4,110.3,E,-5.5,-5.24,-5.09
530771,2018-07-09,2018,WSH,2018-07-09 19:05:00,19,6,3,9,3,17,5,18,268,84.1,3,51,0.0588,0.1667,74.7,23.7,72.0,993.6,0.0,6.2,3.9,248.7,W,4.5,5.7,2.75
530786,2018-07-10,2018,WSH,2018-07-10 19:05:00,19,1,5,6,1,20,7,19,309,82.6,2,51,0.0392,0.0526,75.1,24.0,84.7,988.8,0.3,9.2,5.7,323.7,NW,7.84,5.74,8.99
530801,2018-07-11,2018,WSH,2018-07-11 12:35:00,12,2,0,2,1,14,5,12,263,83.8,3,47,0.0638,0.0833,79.6,26.4,46.3,991.6,0.0,10.4,6.5,6.0,N,2.95,-0.63,6.19
530804,2018-07-12,2018,MIL,2018-07-12 19:05:00,19,6,3,9,1,19,12,18,319,84.0,1,48,0.0208,0.0556,71.3,21.8,68.3,994.9,0.0,8.1,5.0,56.0,NE,-4.47,-6.51,-1.88
530817,2018-07-13,2018,MIL,2018-07-13 19:05:00,19,7,3,10,3,17,3,21,265,85.0,4,52,0.0769,0.1429,79.3,26.3,65.3,993.0,0.0,4.2,2.6,202.3,S,-0.01,1.44,-1.46
530511,2018-07-14,2018,MIL,2018-06-20 19:05:00,19,6,2,8,5,21,8,17,303,86.8,4,45,0.0889,0.2941,71.2,21.8,96.0,982.0,5.2,6.6,4.1,0.1,N,2.52,0.28,4.45
530832,2018-07-14,2018,MIL,2018-07-14 12:35:00,12,2,1,3,2,16,4,16,275,82.0,3,48,0.0625,0.125,85.8,29.9,53.0,992.6,0.1,8.7,5.4,217.3,SW,2.24,4.99,-0.79
530847,2018-07-15,2018,MIL,2018-07-15 13:35:00,13,7,6,13,2,13,8,19,290,84.1,3,63,0.0476,0.1053,79.6,26.5,76.3,989.5,2.7,7.2,4.5,256.8,W,5.82,6.9,4.04
530951,2018-07-26,2018,NYM,2018-07-26 19:05:00,19,6,12,18,4,14,13,21,351,84.6,1,60,0.0167,0.1905,74.1,23.4,73.3,986.8,0.0,10.2,6.3,202.3,S,-0.03,3.45,-3.5
530963,2018-07-27,2018,NYM,2018-07-27 19:05:00,19,5,4,9,2,12,11,19,312,83.7,2,56,0.0357,0.1053,70.5,21.4,91.7,989.1,0.2,5.8,3.6,85.3,E,-5.19,-5.79,-3.96
530978,2018-07-28,2018,NYM,2018-07-28 19:05:00,19,5,0,5,0,17,4,17,261,82.6,0,50,0.0,0.0,68.1,20.1,79.7,992.2,0.0,4.4,2.8,241.4,SW,2.78,3.8,1.44
530993,2018-07-29,2018,NYM,2018-07-29 13:35:00,13,0,1,1,0,14,5,11,249,83.5,1,49,0.0204,0.0,75.6,24.2,53.7,993.1,0.0,4.4,2.7,206.8,SW,0.33,1.8,-1.18
531011,2018-07-31,2018,CHC,2018-07-31 19:05:00,19,5,4,9,3,9,7,17,259,85.0,5,54,0.0926,0.1765,72.3,22.4,85.3,987.5,0.0,9.9,6.2,153.0,SE,-7.53,-4.87,-9.27
531026,2018-08-01,2018,CHC,2018-08-01 19:05:00,19,2,9,11,1,16,11,22,361,85.0,0,56,0.0,0.0455,69.2,20.7,90.7,990.3,0.5,9.3,5.8,194.3,S,-1.32,1.9,-4.38
531062,2018-08-03,2018,STL,2018-08-03 19:05:00,19,7,6,13,1,16,8,27,328,85.8,3,61,0.0492,0.037,71.1,21.7,94.0,992.4,0.0,5.0,3.1,153.9,SE,-3.75,-2.39,-4.65
531077,2018-08-04,2018,STL,2018-08-04 19:05:00,19,4,8,12,2,12,11,22,329,83.5,4,62,0.0645,0.0909,75.6,24.2,86.7,993.7,0.3,6.3,3.9,155.7,SE,-4.62,-2.86,-5.82
531092,2018-08-05,2018,STL,2018-08-05 13:35:00,13,1,2,3,2,17,3,15,280,81.2,1,51,0.0196,0.1333,80.4,26.9,76.3,995.1,2.6,8.9,5.5,242.1,SW,5.65,7.64,2.97
531226,2018-08-16,2018,CHC,2018-08-16 19:05:00,19,0,1,1,1,17,1,13,278,80.8,2,48,0.0417,0.0769,70.8,21.5,94.7,992.0,0.1,13.6,8.5,144.7,SE,-11.54,-8.36,-13.33
531236,2018-08-17,2018,CHC,2018-08-17 19:05:00,19,0,1,1,1,9,6,13,260,82.0,1,51,0.0196,0.0769,71.2,21.8,95.0,988.5,2.4,9.0,5.6,199.8,S,-0.42,2.68,-3.47
531251,2018-08-18,2018,CHC,2018-08-18 19:05:00,19,3,1,4,1,16,4,14,238,82.9,0,48,0.0,0.0714,72.6,22.6,88.0,986.2,0.1,6.6,4.1,1.3,N,2.38,0.14,4.35
531266,2018-08-19,2018,CHC,2018-08-19 13:35:00,13,2,1,3,2,22,12,16,351,83.0,2,54,0.037,0.125,79.7,26.5,49.3,988.5,0.0,5.7,3.6,39.0,NE,-1.63,-3.41,0.35
531279,2018-08-20,2018,ATL,2018-08-20 19:05:00,19,0,1,1,0,13,6,17,305,82.5,0,51,0.0,0.0,72.4,22.4,84.3,989.0,0.2,12.9,8.0,104.4,E,-12.77,-12.62,-11.38
531288,2018-08-21,2018,ATL,2018-08-21 19:05:00,19,1,6,7,3,13,5,13,267,84.8,3,53,0.0566,0.2308,72.6,22.5,85.3,982.9,2.8,13.9,8.6,223.3,SW,4.95,9.09,0.2
531303,2018-08-22,2018,ATL,2018-08-22 19:05:00,19,1,2,3,1,15,7,6,247,82.4,1,44,0.0227,0.1667,64.3,18.0,74.7,989.3,0.0,13.0,8.1,309.3,NW,12.47,10.43,13.01
531465,2018-09-03,2018,CIN,2018-09-03 13:35:00,13,5,1,6,3,11,1,16,251,81.7,0,54,0.0,0.1875,82.9,28.3,72.3,997.5,3.0,4.5,2.8,125.9,SE,-4.35,-3.73,-4.44
531480,2018-09-04,2018,CIN,2018-09-04 19:05:00,19,7,3,10,3,16,2,18,278,81.5,4,52,0.0769,0.1667,79.7,26.5,79.3,996.1,0.0,6.4,4.0,119.3,SE,-6.32,-5.68,-6.2
531495,2018-09-05,2018,CIN,2018-09-05 19:05:00,19,3,2,5,1,17,5,17,281,80.9,1,47,0.0213,0.0588,78.0,25.6,81.3,994.6,0.0,6.4,4.0,213.7,SW,1.25,3.33,-0.99
531518,2018-09-07,2018,MIA,2018-09-07 19:05:00,19,5,3,8,3,17,4,16,287,86.1,3,49,0.0612,0.1875,71.8,22.1,95.7,993.0,0.0,7.1,4.4,1.7,N,2.54,0.1,4.66
531533,2018-09-08,2018,MIA,2018-09-08 13:05:00,13,5,1,6,1,22,6,14,307,82.6,3,42,0.0714,0.0714,61.7,16.5,87.3,992.4,1.2,15.6,9.7,59.0,NE,-9.26,-12.98,-4.42
531652,2018-09-17,2018,KC,2018-09-17 19:05:00,19,7,6,13,1,13,3,26,283,84.5,3,66,0.0455,0.0385,69.1,20.6,97.7,983.9,0.2,5.5,3.4,12.3,N,0.97,-0.94,2.77
531666,2018-09-18,2018,KC,2018-09-18 19:05:00,19,2,1,3,1,21,6,16,333,84.6,3,56,0.0536,0.0625,71.2,21.8,91.3,986.1,0.0,5.6,3.5,241.4,SW,3.51,4.79,1.81
531681,2018-09-19,2018,KC,2018-09-19 19:05:00,19,2,1,3,2,16,2,15,222,84.7,3,46,0.0652,0.1333,69.1,20.6,88.0,990.8,0.0,7.4,4.6,357.7,N,3.11,0.62,5.22
531705,2018-09-21,2018,MIL,2018-09-21 19:05:00,19,3,8,11,6,12,7,17,293,86.0,4,56,0.0714,0.3529,75.4,24.1,82.7,988.2,8.5,16.9,10.5,246.7,SW,11.76,15.19,6.92
531720,2018-09-22,2018,MIL,2018-09-22 19:05:00,19,3,0,3,0,18,4,15,281,82.2,1,43,0.0233,0.0,57.9,14.4,77.7,995.8,0.0,6.7,4.1,48.0,NE,-2.87,-4.76,-0.64
531735,2018-09-23,2018,MIL,2018-09-23 13:35:00,13,6,13,19,4,15,10,18,328,84.2,8,57,0.1404,0.2222,68.5,20.3,66.3,994.1,0.0,9.1,5.7,93.7,E,-8.64,-9.13,-7.11
566180,2019-04-01,2019,STL,2019-04-01 13:05:00,13,5,6,11,2,26,16,14,433,81.2,3,50,0.06,0.1429,41.3,5.2,36.7,999.3,0.0,6.6,4.1,286.0,W,6.59,6.45,5.94
566181,2019-04-03,2019,STL,2019-04-03 19:05:00,19,4,5,9,3,15,10,15,347,82.5,3,60,0.05,0.2,44.9,7.2,50.3,997.4,0.0,9.8,6.1,283.7,W,9.68,9.61,8.58
566182,2019-04-04,2019,CIN,2019-04-04 19:05:00,19,2,0,2,0,13,4,16,263,84.8,3,52,0.0577,0.0,46.3,7.9,56.3,1000.3,0.0,14.2,8.8,56.6,NE,-7.95,-11.48,-3.46
566183,2019-04-05,2019,CIN,2019-04-05 19:05:00,19,2,0,2,0,18,1,8,214,82.3,0,40,0.0,0.0,45.4,7.5,89.0,993.4,0.0,8.3,5.2,115.0,SE,-8.29,-7.67,-7.92
566184,2019-04-06,2019,CIN,2019-04-06 13:35:00,13,6,5,11,3,17,3,20,292,81.8,3,60,0.05,0.15,62.7,17.1,52.7,995.1,0.0,4.8,3.0,347.1,N,2.78,1.28,3.95
566185,2019-04-07,2019,CIN,2019-04-07 13:35:00,13,7,5,12,5,19,5,19,279,83.8,6,49,0.1224,0.2632,68.7,20.4,61.0,989.1,0.3,8.7,5.4,175.0,S,-4.03,-1.14,-6.44
566186,2019-04-19,2019,SF,2019-04-19 19:05:00,19,4,1,5,0,22,5,13,276,83.5,1,39,0.0256,0.0,59.7,15.4,94.3,972.3,3.6,5.3,3.3,92.5,E,-4.95,-5.27,-4.04
566187,2019-04-20,2019,SF,2019-04-20 16:05:00,16,3,1,4,2,10,2,8,157,79.6,2,28,0.0714,0.25,60.2,15.7,63.0,975.5,1.6,9.5,5.9,219.4,SW,2.76,5.7,-0.52
566188,2019-04-21,2019,SF,2019-04-21 13:35:00,13,2,3,5,2,13,7,14,279,81.7,2,53,0.0377,0.1429,55.8,13.2,55.3,990.8,0.0,10.1,6.3,275.3,W,9.68,10.12,8.07
566189,2019-04-22,2019,AZ,2019-04-22 19:05:00,19,4,12,16,2,14,9,26,340,82.8,3,66,0.0455,0.0769,58.1,14.5,67.0,992.4,0.0,7.9,4.9,179.0,S,-3.15,-0.49,-5.44
566190,2019-04-23,2019,AZ,2019-04-23 19:05:00,19,1,2,3,0,16,5,13,276,81.3,0,48,0.0,0.0,64.9,18.3,69.0,983.6,0.8,15.5,9.6,280.7,W,15.14,15.31,13.14
566191,2019-04-24,2019,AZ,2019-04-24 19:05:00,19,2,11,13,5,13,3,24,288,85.4,4,63,0.0635,0.2083,54.4,12.4,71.3,985.9,0.0,4.8,3.0,339.3,N,3.26,1.88,4.25
566192,2019-04-25,2019,AZ,2019-04-25 12:35:00,12,0,5,5,0,18,2,14,271,82.5,2,49,0.0408,0.0,58.0,14.5,84.7,984.0,1.0,6.7,4.2,147.7,SE,-5.51,-3.85,-6.5
566193,2019-05-03,2019,ATH,2019-05-03 19:05:00,19,1,14,15,2,15,8,23,355,85.9,3,64,0.0469,0.087,62.6,17.0,94.0,986.5,0.7,6.8,4.2,356.7,N,2.95,0.69,4.85
566194,2019-05-04,2019,ATH,2019-05-04 19:05:00,19,6,4,10,2,16,6,22,306,82.9,4,56,0.0714,0.0909,57.9,14.4,89.3,984.0,1.5,7.5,4.6,348.6,N,4.16,1.79,6.03
566195,2019-05-05,2019,ATH,2019-05-05 13:35:00,13,5,3,8,1,20,9,17,394,84.9,2,70,0.0286,0.0588,60.6,15.9,80.7,981.7,0.2,9.6,6.0,11.3,N,1.86,-1.47,4.97
566196,2019-05-07,2019,TEX,2019-05-07 19:05:00,19,5,4,9,2,15,11,13,273,83.7,3,46,0.0652,0.1538,61.2,16.2,72.3,993.3,0.0,12.5,7.7,354.0,N,5.95,1.84,9.34
566197,2019-05-08,2019,TEX,2019-05-08 12:35:00,12,6,9,15,5,17,9,19,328,85.2,6,55,0.1091,0.2632,71.7,22.0,55.0,993.5,0.0,10.3,6.4,66.0,NE,-7.07,-9.19,-4.09
566198,2019-05-21,2019,COL,2019-05-21 19:05:00,19,0,5,5,1,13,6,13,270,85.0,0,54,0.0,0.0769,55.4,13.0,74.3,993.4,0.0,4.2,2.6,268.0,W,3.85,4.22,3.02
566199,2019-05-22,2019,COL,2019-05-22 19:05:00,19,3,9,12,3,17,8,24,316,85.9,3,57,0.0526,0.125,68.2,20.1,76.3,991.4,0.0,13.9,8.7,129.4,SE,-13.33,-11.14,-13.91
566200,2019-05-23,2019,COL,2019-05-23 12:35:00,12,14,6,20,4,15,6,26,294,83.8,5,59,0.0847,0.1538,76.2,24.5,70.3,989.8,0.3,23.3,14.5,230.3,SW,10.86,17.24,3.17
566201,2019-05-24,2019,LAD,2019-05-24 19:05:00,19,2,10,12,2,12,6,20,332,84.6,3,61,0.0492,0.1,66.0,18.9,78.3,992.3,0.0,4.2,2.6,57.5,NE,-2.43,-3.47,-1.1
566202,2019-05-25,2019,LAD,2019-05-25 19:15:00,19,2,7,9,0,8,4,24,289,81.6,1,68,0.0147,0.0,70.0,21.1,92.7,989.6,5.3,14.6,9.1,243.7,SW,9.59,12.76,5.26
566203,2019-05-26,2019,LAD,2019-05-26 13:35:00,13,7,11,18,4,11,10,24,341,83.0,5,67,0.0746,0.1667,76.9,24.9,74.7,988.8,2.9,10.7,6.6,281.0,W,10.45,10.55,9.09
566204,2019-05-30,2019,MIL,2019-05-30 19:05:00,19,5,11,16,5,17,8,28,347,82.1,3,64,0.0469,0.1786,66.1,19.0,89.0,981.3,0.3,14.2,8.8,250.0,W,10.46,13.12,6.55
566205,2019-05-31,2019,MIL,2019-05-31 19:05:00,19,9,4,13,2,14,7,19,277,84.9,2,57,0.0351,0.1053,67.3,19.6,79.0,983.7,0.0,5.0,3.1,313.4,NW,4.7,3.81,5.03
566206,2019-06-01,2019,MIL,2019-06-01 16:05:00,16,10,12,22,7,35,14,32,519,84.1,10,72,0.1389,0.2188,73.6,23.1,67.7,982.8,0.9,16.5,10.3,264.8,W,14.64,16.39,11.13
566207,2019-06-02,2019,MIL,2019-06-02 13:35:00,13,2,4,6,1,14,2,17,267,85.1,2,56,0.0357,0.0588,66.9,19.4,80.7,981.4,3.3,16.5,10.2,311.8,NW,15.54,12.75,16.47
566208,2019-06-04,2019,ATL,2019-06-04 19:05:00,19,5,12,17,4,13,12,23,366,82.7,2,66,0.0303,0.1739,66.7,19.3,71.0,987.6,0.0,7.7,4.8,193.0,S,-1.27,1.41,-3.79
566209,2019-06-05,2019,ATL,2019-06-05 19:05:00,19,7,4,11,4,13,2,20,249,85.6,6,56,0.1071,0.2,67.2,19.5,92.3,980.5,5.9,9.9,6.2,216.0,SW,2.31,5.46,-1.12
566210,2019-06-06,2019,ATL,2019-06-06 12:35:00,12,6,1,7,3,15,5,16,278,81.6,3,51,0.0588,0.1875,75.1,24.0,61.3,984.8,0.0,10.9,6.8,319.0,NW,9.73,7.48,10.8
566211,2019-06-18,2019,DET,2019-06-18 19:05:00,19,4,5,9,1,15,8,14,315,81.7,2,52,0.0385,0.0714,68.2,20.1,93.0,985.3,0.4,4.6,2.9,184.3,S,-1.43,0.15,-2.84
566212,2019-06-19,2019,DET,2019-06-19 19:05:00,19,8,7,15,4,19,2,22,268,82.9,4,53,0.0755,0.1818,71.7,22.0,92.3,978.5,0.4,5.4,3.4,120.0,SE,-5.35,-4.79,-5.27
566213,2019-06-21,2019,SD,2019-06-21 19:05:00,19,2,1,3,1,14,3,13,231,83.7,3,49,0.0612,0.0769,63.7,17.6,64.0,988.7,0.0,11.3,7.0,334.3,NW,8.44,5.35,10.52
566214,2019-06-22,2019,SD,2019-06-22 16:05:00,16,6,3,9,2,15,13,16,324,84.6,1,49,0.0204,0.125,73.6,23.1,45.7,991.1,0.0,6.6,4.1,340.3,N,4.43,2.49,5.84
566215,2019-06-23,2019,SD,2019-06-23 13:35:00,13,11,10,21,0,22,12,30,442,83.2,1,74,0.0135,0.0,77.9,25.5,43.7,989.8,0.0,6.0,3.7,198.7,S,-0.4,1.66,-2.41
566216,2019-07-01,2019,CHC,2019-07-01 19:05:00,19,18,5,23,6,14,6,36,295,87.3,9,70,0.1286,0.1667,73.8,23.2,67.3,987.7,0.0,5.7,3.6,241.3,SW,3.59,4.9,1.85
566217,2019-07-02,2019,CHC,2019-07-02 19:05:00,19,5,1,6,1,19,5,13,251,84.8,2,42,0.0476,0.0769,75.8,24.3,87.0,985.0,8.5,14.0,8.7,246.3,SW,9.67,12.53,5.63
566218,2019-07-03,2019,CHC,2019-07-03 19:05:00,19,6,5,11,5,18,4,20,269,86.4,6,54,0.1111,0.25,74.8,23.8,89.7,987.3,0.0,5.5,3.4,123.3,SE,-5.37,-4.69,-5.4
566219,2019-07-04,2019,CHC,2019-07-04 16:05:00,16,3,11,14,4,20,3,21,282,84.0,5,54,0.0926,0.1905,79.9,26.6,78.3,989.5,2.8,5.1,3.2,132.3,SE,-4.83,-3.94,-5.13
566220,2019-07-05,2019,MIL,2019-07-05 19:05:00,19,6,7,13,5,17,9,26,375,86.8,3,68,0.0441,0.1923,75.0,23.9,90.7,990.8,0.0,5.6,3.5,167.3,S,-3.21,-1.46,-4.57
566221,2019-07-06,2019,MIL,2019-07-06 16:05:00,16,12,2,14,4,12,7,24,334,83.4,2,60,0.0333,0.1667,77.4,25.2,86.7,986.6,9.4,7.5,4.7,279.8,W,7.35,7.47,6.34
566222,2019-07-07,2019,MIL,2019-07-07 13:35:00,13,6,5,11,4,18,7,18,284,84.0,4,49,0.0816,0.2222,82.5,28.0,69.7,986.0,0.1,4.0,2.5,100.6,E,-3.91,-3.96,-3.39
566223,2019-07-19,2019,PHI,2019-07-19 19:05:00,19,1,6,7,1,14,7,22,330,83.2,2,60,0.0333,0.0455,80.1,26.7,81.3,987.7,0.0,8.2,5.1,190.3,S,-1.73,1.1,-4.36
566224,2019-07-20,2019,PHI,2019-07-20 19:05:00,19,5,1,6,0,16,4,16,269,85.2,2,50,0.04,0.0,79.0,26.1,91.3,987.0,0.0,2.8,1.7,264.2,W,2.46,2.77,1.86
566225,2019-07-21,2019,PHI,2019-07-21 13:35:00,13,1,2,3,1,21,6,12,352,82.5,0,54,0.0,0.0833,88.9,31.6,56.3,986.4,0.0,10.1,6.3,262.0,W,8.7,9.93,6.42
566226,2019-07-22,2019,STL,2019-07-22 19:05:00,19,5,6,11,3,22,10,20,385,82.7,3,56,0.0536,0.15,68.4,20.2,81.3,985.5,0.1,5.3,3.3,282.4,W,5.22,5.22,4.59
566227,2019-07-23,2019,STL,2019-07-23 19:05:00,19,3,4,7,3,18,5,13,249,82.6,4,48,0.0833,0.2308,67.8,19.9,69.7,988.0,0.0,8.6,5.3,333.3,NW,6.51,4.2,8.04
566228,2019-07-24,2019,STL,2019-07-24 19:05:00,19,8,14,22,5,11,10,26,331,81.1,8,68,0.1176,0.1923,66.7,19.3,87.0,992.0,0.0,5.8,3.6,317.7,NW,5.25,4.09,5.78
566229,2019-07-25,2019,STL,2019-07-25 12:35:00,12,3,6,9,3,13,3,15,259,83.3,2,56,0.0357,0.2,76.8,24.9,49.0,996.0,0.0,2.7,1.7,355.1,N,1.24,0.35,1.99
566230,2019-08-02,2019,NYM,2019-08-02 19:05:00,19,8,4,12,1,12,9,19,306,84.4,2,57,0.0351,0.0526,74.7,23.7,81.7,990.9,0.1,3.4,2.1,97.2,E,-3.31,-3.42,-2.8
566231,2019-08-03,2019,NYM,2019-08-03 19:05:00,19,5,7,12,3,19,8,21,315,85.0,4,54,0.0741,0.1429,73.5,23.1,69.3,988.8,0.0,6.2,3.9,335.3,NW,4.57,2.85,5.75
566232,2019-08-04,2019,NYM,2019-08-04 13:35:00,13,2,13,15,4,16,3,20,261,86.7,5,58,0.0862,0.2,82.0,27.8,46.3,988.9,0.0,5.4,3.4,322.7,NW,4.7,3.48,5.35
566233,2019-08-05,2019,MIL,2019-08-05 19:05:00,19,7,9,16,5,16,8,21,337,82.6,7,59,0.1186,0.2381,75.3,24.0,81.3,986.5,0.0,6.1,3.8,164.4,S,-3.75,-1.89,-5.15
566234,2019-08-06,2019,MIL,2019-08-06 19:05:00,19,3,4,7,1,17,4,17,309,81.5,2,52,0.0385,0.0588,71.5,21.9,89.0,982.9,0.4,7.1,4.4,44.0,NE,-2.61,-4.72,-0.18
566235,2019-08-07,2019,MIL,2019-08-07 19:05:00,19,3,8,11,3,17,6,16,306,83.1,2,56,0.0357,0.1875,71.5,21.9,81.3,983.1,0.4,7.3,4.6,237.7,SW,4.23,6.03,1.93
566236,2019-08-16,2019,CHC,2019-08-16 19:05:00,19,3,2,5,0,13,6,10,252,80.0,0,48,0.0,0.0,74.8,23.8,71.7,988.4,0.0,2.7,1.7,359.5,N,1.05,0.14,1.84
566237,2019-08-17,2019,CHC,2019-08-17 13:35:00,13,0,2,2,1,15,8,8,253,80.9,1,45,0.0222,0.125,85.1,29.5,50.3,988.4,0.2,11.5,7.1,220.9,SW,3.63,7.13,-0.31
566238,2019-08-18,2019,CHC,2019-08-18 19:10:00,19,1,7,8,4,25,8,16,310,,0,44,0.0,0.25,77.9,25.5,80.0,987.3,0.0,8.7,5.4,190.1,S,-1.87,1.16,-4.68
566239,2019-08-19,2019,WSH,2019-08-19 19:05:00,19,0,13,13,4,15,6,19,324,85.9,6,55,0.1091,0.2105,75.8,24.3,83.7,990.8,0.0,5.0,3.1,329.1,NW,4.01,2.75,4.79
566240,2019-08-20,2019,WSH,2019-08-20 19:05:00,19,4,1,5,1,14,8,13,253,85.7,2,46,0.0435,0.0769,77.2,25.1,83.7,988.8,1.8,9.6,6.0,183.6,S,-3.12,0.18,-6.05
566241,2019-08-21,2019,WSH,2019-08-21 19:05:00,19,1,11,12,1,7,9,17,275,84.9,1,64,0.0156,0.0588,74.5,23.6,72.0,987.0,0.0,10.4,6.5,259.0,W,8.7,10.14,6.2
566242,2019-08-22,2019,WSH,2019-08-22 19:05:00,19,1,7,8,3,16,4,21,326,85.0,3,59,0.0508,0.1429,69.6,20.9,86.3,988.7,0.2,10.4,6.4,353.7,N,5.0,1.59,7.81
566243,2019-08-23,2019,CIN,2019-08-23 19:05:00,19,3,2,5,1,20,4,17,265,81.8,2,48,0.0417,0.0588,66.6,19.2,67.3,992.9,0.0,9.6,6.0,353.3,N,4.68,1.53,7.26
566244,2019-08-24,2019,CIN,2019-08-24 19:05:00,19,14,0,14,2,13,7,17,293,83.2,2,52,0.0385,0.1176,64.0,17.8,59.0,996.0,0.0,11.4,7.1,58.7,NE,-6.73,-9.47,-3.18
566245,2019-08-25,2019,CIN,2019-08-25 13:35:00,13,9,8,17,3,19,5,23,330,84.7,5,55,0.0909,0.1304,75.1,23.9,41.0,994.8,0.0,14.5,9.0,110.3,E,-14.46,-13.77,-13.4
566246,2019-09-03,2019,MIA,2019-09-03 19:05:00,19,4,5,9,3,23,13,11,323,83.9,6,46,0.1304,0.2727,72.0,22.2,75.3,987.2,0.0,6.6,4.1,186.2,S,-1.86,0.43,-3.92
566247,2019-09-04,2019,MIA,2019-09-04 19:05:00,19,6,5,11,3,12,5,20,259,82.8,6,59,0.1017,0.15,67.3,19.6,74.3,991.0,0.0,15.0,9.3,359.0,N,5.99,0.91,10.35
566248,2019-09-05,2019,MIA,2019-09-05 19:05:00,19,7,10,17,4,15,8,26,334,81.4,5,63,0.0794,0.1538,66.0,18.9,79.0,989.7,0.0,6.4,4.0,25.0,NE,-0.28,-2.44,1.92
566249,2019-09-06,2019,STL,2019-09-06 19:05:00,19,9,4,13,2,17,10,21,335,84.3,4,52,0.0769,0.0952,68.6,20.3,73.3,984.6,0.0,11.0,6.9,313.0,NW,10.33,8.39,11.03
566250,2019-09-07,2019,STL,2019-09-07 19:05:00,19,1,10,11,1,14,7,17,310,83.4,3,56,0.0536,0.0588,65.5,18.6,76.7,988.6,0.0,8.8,5.4,332.4,NW,6.73,4.4,8.25
566251,2019-09-08,2019,STL,2019-09-08 13:35:00,13,0,2,2,0,15,5,10,263,82.3,0,46,0.0,0.0,73.0,22.8,56.7,991.9,0.0,9.4,5.8,315.7,NW,8.61,6.83,9.35
566252,2019-09-17,2019,SEA,2019-09-17 19:05:00,19,0,6,6,3,16,6,18,290,80.6,3,52,0.0577,0.1667,67.3,19.6,69.0,993.1,0.0,9.5,5.9,45.7,NE,-3.72,-6.48,-0.52
566253,2019-09-18,2019,SEA,2019-09-18 19:05:00,19,1,4,5,2,12,7,13,268,83.8,3,51,0.0588,0.1538,63.5,17.5,56.0,995.7,0.0,11.0,6.8,73.7,E,-8.57,-10.41,-5.7
566254,2019-09-19,2019,SEA,2019-09-19 12:35:00,12,5,6,11,0,22,8,24,372,83.2,0,65,0.0,0.0,75.7,24.3,37.0,996.7,0.0,8.3,5.2,128.3,SE,-8.02,-6.76,-8.31
566255,2019-09-24,2019,CHC,2019-09-24 19:05:00,19,9,2,11,1,18,5,19,299,78.2,3,55,0.0545,0.0526,63.3,17.4,75.0,986.7,0.0,5.0,3.1,245.4,SW,3.4,4.45,1.94
566256,2019-09-25,2019,CHC,2019-09-25 19:05:00,19,4,2,6,1,12,6,15,278,83.5,1,51,0.0196,0.0667,66.4,19.1,57.3,983.5,0.0,7.2,4.5,183.3,S,-2.36,0.1,-4.55
566257,2019-09-26,2019,CHC,2019-09-26 19:05:00,19,9,5,14,0,19,4,22,297,82.9,2,52,0.0385,0.0,61.8,16.5,57.7,987.9,0.0,9.7,6.0,357.0,N,4.16,0.93,6.89
566258,2019-09-27,2019,CIN,2019-09-27 19:05:00,19,6,5,11,2,22,9,17,320,81.8,2,47,0.0426,0.1176,69.4,20.8,56.0,988.1,0.0,9.3,5.8,153.3,SE,-7.04,-4.53,-8.69
566259,2019-09-28,2019,CIN,2019-09-28 19:05:00,19,2,4,6,1,14,13,18,403,84.0,0,72,0.0,0.0556,69.6,20.9,87.3,993.9,0.0,8.9,5.5,350.7,N,4.69,1.83,7.0
566260,2019-09-29,2019,CIN,2019-09-29 15:05:00,15,1,3,4,3,13,4,15,258,83.6,4,53,0.0755,0.2,76.4,24.7,59.7,995.7,0.0,6.7,4.2,47.6,NE,-2.85,-4.75,-0.6
631130,2020-07-27,2020,MIL,2020-07-27 19:05:00,19,5,6,11,2,22,12,15,360,83.6,2,55,0.0364,0.1333,76.8,24.9,77.0,985.4,2.0,9.2,5.7,282.1,W,9.05,9.07,7.94
631132,2020-07-28,2020,MIL,2020-07-28 19:05:00,19,8,6,14,2,17,13,14,294,80.4,4,44,0.0909,0.1429,76.8,24.9,53.0,987.0,0.0,7.2,4.5,253.4,W,5.61,6.83,3.71
631137,2020-07-29,2020,MIL,2020-07-29 19:05:00,19,0,3,3,2,28,6,7,287,79.6,1,32,0.0312,0.2857,79.9,26.6,51.0,986.7,0.0,7.6,4.7,245.4,SW,5.19,6.79,2.97
631140,2020-08-05,2020,MIN,2020-08-05 19:05:00,19,2,5,7,2,13,5,11,269,81.3,4,50,0.08,0.1818,69.4,20.8,59.7,991.9,0.0,6.7,4.2,331.0,NW,5.24,3.5,6.35
631148,2020-08-06,2020,MIN,2020-08-06 13:35:00,13,6,5,11,4,15,5,16,273,82.5,3,53,0.0566,0.25,81.3,27.4,41.0,991.4,0.0,2.1,1.3,155.5,SE,-1.54,-0.95,-1.93
631105,2020-08-07,2020,DET,2020-08-07 19:05:00,19,13,17,30,4,24,10,32,425,85.5,5,73,0.0685,0.125,74.9,23.8,53.7,992.8,0.0,11.4,7.1,340.6,N,7.61,4.25,10.06
631106,2020-08-08,2020,DET,2020-08-08 16:05:00,16,5,11,16,5,18,8,25,321,87.1,5,61,0.082,0.2,85.7,29.8,32.7,992.2,0.0,8.7,5.4,293.0,NW,8.73,8.18,8.23
631110,2020-08-09,2020,DET,2020-08-09 13:35:00,13,1,2,3,0,18,5,10,255,87.1,0,43,0.0,0.0,89.4,31.9,32.0,992.6,0.0,7.3,4.5,261.0,W,6.22,7.15,4.54
631114,2020-08-18,2020,CLE,2020-08-18 19:05:00,19,3,6,9,1,26,7,15,347,82.1,4,50,0.08,0.0667,71.8,22.1,45.7,987.5,0.0,14.3,8.9,335.3,NW,10.51,6.54,13.21
631120,2020-08-19,2020,CLE,2020-08-19 19:05:00,19,1,6,7,1,17,8,10,286,83.3,3,44,0.0682,0.1,69.5,20.8,41.0,990.3,0.0,11.7,7.3,339.3,N,8.01,4.61,10.44
631118,2020-08-20,2020,CLE,2020-08-20 19:05:00,19,0,2,2,0,24,7,14,325,78.1,0,45,0.0,0.0,73.2,22.9,53.0,987.8,0.0,5.6,3.5,245.7,SW,3.86,5.03,2.22
631103,2020-08-21,2020,MIL,2020-08-21 19:05:00,19,7,2,9,3,8,6,19,283,82.7,3,59,0.0508,0.1579,74.6,23.7,72.7,987.6,0.0,13.9,8.6,200.3,S,-0.52,4.26,-5.24
631104,2020-08-22,2020,MIL,2020-08-22 16:05:00,16,12,5,17,5,15,11,21,351,89.1,7,55,0.1273,0.2381,86.9,30.5,36.3,987.0,0.0,8.1,5.0,199.7,S,-0.4,2.39,-3.14
631107,2020-08-23,2020,MIL,2020-08-23 13:35:00,13,5,4,9,2,24,4,16,279,83.2,3,42,0.0714,0.125,75.7,24.3,80.7,990.6,8.9,6.6,4.1,337.5,N,4.67,2.79,5.98
631109,2020-09-01,2020,CHC,2020-09-01 19:05:00,19,7,8,15,3,15,11,23,372,84.6,9,73,0.1233,0.1304,73.8,23.2,88.3,987.4,0.5,8.8,5.4,137.0,SE,-7.98,-6.25,-8.74
631111,2020-09-02,2020,CHC,2020-09-02 19:05:00,19,2,8,10,3,18,5,18,302,83.7,3,55,0.0545,0.1667,74.2,23.4,84.0,984.6,0.3,8.1,5.0,268.0,W,7.37,8.08,5.78
631112,2020-09-03,2020,CHC,2020-09-03 13:35:00,13,6,2,8,1,16,6,20,293,82.4,3,54,0.0556,0.05,74.2,23.5,77.3,982.4,1.7,3.6,2.2,134.8,SE,-3.33,-2.66,-3.6
631113,2020-09-04,2020,CIN,2020-09-04 16:05:00,16,2,4,6,1,17,5,16,250,81.7,2,39,0.0513,0.0625,75.0,23.9,38.7,989.9,0.0,12.5,7.8,308.3,NW,12.03,10.13,12.47
631115,2020-09-05,2020,CIN,2020-09-05 19:05:00,19,2,6,8,5,18,10,13,329,80.6,4,49,0.0816,0.3846,68.6,20.3,57.7,995.5,0.0,11.1,6.9,213.6,SW,2.15,5.76,-1.71
631116,2020-09-06,2020,CIN,2020-09-06 13:35:00,13,3,2,5,1,20,10,12,305,80.7,3,42,0.0714,0.0833,79.0,26.1,39.0,993.6,0.0,7.7,4.8,248.3,W,5.5,7.0,3.34
631096,2020-09-08,2020,CWS,2020-09-08 19:05:00,19,5,4,9,1,19,4,20,293,82.5,3,50,0.06,0.05,74.1,23.4,71.7,993.0,0.0,6.4,4.0,128.0,SE,-6.17,-5.21,-6.38
631100,2020-09-09,2020,CWS,2020-09-09 19:05:00,19,1,8,9,2,15,8,15,300,81.5,2,54,0.037,0.1333,75.3,24.1,68.3,997.1,0.0,9.3,5.8,122.3,SE,-9.16,-8.07,-9.15
631101,2020-09-17,2020,STL,2020-09-17 19:05:00,19,5,1,6,1,11,7,11,255,82.3,2,46,0.0435,0.0909,63.4,17.4,80.3,989.1,0.0,9.4,5.8,5.7,N,2.72,-0.52,5.64
631102,2020-09-18,2020,STL,2020-09-18 16:05:00,16,5,6,11,2,10,10,12,284,82.7,2,47,0.0426,0.1667,61.7,16.5,48.7,993.4,0.0,16.5,10.3,353.3,N,8.04,2.63,12.48
631147,2020-09-19,2020,STL,2020-09-19 19:05:00,19,4,5,9,2,19,7,9,309,83.0,2,43,0.0465,0.2222,53.5,12.0,56.0,999.9,0.0,8.6,5.3,42.4,NE,-2.92,-5.51,0.02
631086,2020-09-20,2020,STL,2020-09-20 16:05:00,16,1,2,3,1,28,5,8,284,81.5,4,34,0.1176,0.125,63.6,17.6,37.0,1003.1,0.0,9.0,5.6,66.7,NE,-6.27,-8.1,-3.68
631087,2020-09-21,2020,CHC,2020-09-21 19:05:00,19,0,5,5,0,16,4,12,274,81.1,3,47,0.0638,0.0,54.9,12.7,56.7,1001.0,0.0,9.8,6.1,112.0,E,-9.83,-9.27,-9.21
631088,2020-09-22,2020,CHC,2020-09-22 19:05:00,19,3,2,5,2,18,6,10,254,82.4,2,40,0.05,0.2,56.6,13.7,70.7,992.0,0.0,7.2,4.5,282.8,W,7.06,7.05,6.22
631089,2020-09-23,2020,CHC,2020-09-23 19:05:00,19,2,1,3,3,12,6,12,268,82.6,3,49,0.0612,0.25,64.6,18.1,65.3,989.5,0.0,9.7,6.0,252.7,W,7.45,9.12,4.87
631099,2020-09-24,2020,CHC,2020-09-24 13:35:00,13,7,0,7,4,15,5,16,254,82.1,6,48,0.125,0.25,78.0,25.5,42.7,988.8,0.0,9.0,5.6,267.1,W,8.1,8.93,6.29
634555,2021-04-08,2021,CHC,2021-04-08 13:35:00,13,2,4,6,3,17,7,18,266,83.2,6,51,0.1176,0.1667,76.3,24.6,40.0,983.4,0.0,18.9,11.7,145.0,SE,-15.94,-11.51,-18.45
632195,2021-04-10,2021,CHC,2021-04-10 18:35:00,18,8,2,10,1,25,9,17,294,82.9,3,41,0.0732,0.0588,67.9,20.0,59.0,976.1,0.1,20.2,12.6,136.0,SE,-18.55,-14.68,-20.2
632225,2021-04-11,2021,CHC,2021-04-11 13:05:00,13,7,1,8,2,18,4,19,263,84.3,2,51,0.0392,0.1053,65.9,18.8,47.7,971.5,0.0,18.0,11.2,210.7,SW,2.56,8.5,-3.69
632198,2021-04-12,2021,SD,2021-04-12 18:35:00,18,2,6,8,1,19,5,16,291,80.0,2,51,0.0392,0.0625,51.1,10.6,87.3,983.7,0.0,7.9,4.9,267.7,W,7.2,7.9,5.62
634535,2021-04-13,2021,SD,2021-04-13 18:35:00,18,8,4,12,1,14,17,18,359,80.9,3,52,0.0577,0.0556,61.3,16.3,52.7,989.8,0.0,6.1,3.8,230.0,SW,2.8,4.47,0.79
634523,2021-04-14,2021,SD,2021-04-14 18:35:00,18,5,1,6,1,16,8,15,302,77.9,1,47,0.0213,0.0667,56.7,13.7,60.7,985.2,0.0,12.4,7.7,215.3,SW,2.75,6.7,-1.54
634621,2021-04-15,2021,SD,2021-04-15 12:35:00,12,3,8,11,1,12,7,18,324,81.3,1,60,0.0167,0.0556,46.0,7.8,55.0,983.6,0.5,18.4,11.5,298.7,NW,18.33,16.54,17.9
634331,2021-04-27,2021,KC,2021-04-27 18:35:00,18,2,1,3,0,17,3,12,230,84.2,1,45,0.0222,0.0,72.2,22.3,47.0,984.9,0.0,13.1,8.1,210.7,SW,1.86,6.17,-2.68
634315,2021-04-28,2021,KC,2021-04-28 18:35:00,18,6,9,15,2,19,14,20,366,84.0,2,54,0.037,0.1,72.3,22.4,68.3,984.0,0.0,12.0,7.5,243.3,SW,7.87,10.51,4.28
634325,2021-04-30,2021,STL,2021-04-30 18:35:00,18,3,7,10,2,15,10,14,307,79.0,2,50,0.04,0.1429,48.1,9.0,46.3,987.4,0.0,21.5,13.4,320.0,NW,19.1,14.55,21.35
634284,2021-05-01,2021,STL,2021-05-01 18:35:00,18,5,12,17,2,18,6,24,335,80.7,4,61,0.0656,0.0833,58.2,14.5,42.3,985.0,0.0,14.7,9.1,210.7,SW,2.08,6.92,-3.01
634260,2021-05-02,2021,STL,2021-05-02 13:05:00,13,0,3,3,1,8,8,9,256,84.0,2,51,0.0392,0.1111,77.5,25.3,39.0,982.6,0.0,20.1,12.5,240.0,SW,12.24,16.95,6.04
634152,2021-05-10,2021,CIN,2021-05-10 18:35:00,18,1,14,15,3,19,10,20,327,79.7,5,51,0.098,0.15,51.9,11.1,57.7,990.9,0.0,8.6,5.4,309.0,NW,8.28,6.94,8.62
634174,2021-05-11,2021,CIN,2021-05-11 18:35:00,18,7,2,9,2,14,7,16,288,82.7,2,51,0.0392,0.125,47.2,8.5,47.7,995.8,0.0,14.3,8.9,324.7,NW,12.13,8.79,14.01
634137,2021-05-12,2021,CIN,2021-05-12 12:35:00,12,1,5,6,1,21,5,18,342,79.5,1,57,0.0175,0.0556,58.8,14.9,44.3,998.7,0.1,13.2,8.2,345.7,N,7.89,3.81,11.02
634113,2021-05-13,2021,SF,2021-05-13 18:35:00,18,1,3,4,2,18,5,13,287,80.2,2,48,0.0417,0.1538,57.2,14.0,56.0,997.1,0.0,5.0,3.1,352.8,N,2.47,0.84,3.81
634108,2021-05-14,2021,SF,2021-05-14 18:35:00,18,3,2,5,1,29,4,11,289,80.6,1,46,0.0217,0.0909,57.9,14.4,66.0,996.5,0.0,4.5,2.8,182.9,S,-1.52,0.03,-2.89
634085,2021-05-15,2021,SF,2021-05-15 18:35:00,18,8,6,14,4,18,9,24,346,81.0,6,53,0.1132,0.1667,62.7,17.0,59.0,995.7,0.0,2.9,1.8,292.7,NW,2.87,2.69,2.7
634094,2021-05-16,2021,SF,2021-05-16 13:05:00,13,1,4,5,1,18,7,17,293,82.0,3,52,0.0577,0.0588,66.5,19.2,38.3,996.2,0.0,2.6,1.6,116.2,SE,-2.56,-2.35,-2.46
633941,2021-05-25,2021,CHC,2021-05-25 18:35:00,18,3,4,7,2,20,5,18,283,81.3,2,49,0.0408,0.1111,78.1,25.6,58.7,991.1,0.0,8.9,5.6,208.3,SW,0.9,3.89,-2.19
633967,2021-05-26,2021,CHC,2021-05-26 18:35:00,18,1,4,5,1,19,6,15,277,83.1,1,47,0.0213,0.0667,69.4,20.8,83.7,988.6,1.1,15.8,9.8,270.3,W,14.6,15.76,11.69
633888,2021-05-27,2021,CHC,2021-05-27 12:35:00,12,3,5,8,5,15,3,17,277,81.1,3,55,0.0545,0.2941,74.2,23.4,42.3,991.6,0.0,9.9,6.2,311.3,NW,9.37,7.71,9.9
633936,2021-05-29,2021,COL,2021-05-29 16:05:00,16,4,0,4,2,14,6,9,205,80.7,2,34,0.0588,0.2222,52.7,11.5,75.0,990.0,0.1,15.1,9.4,41.0,NE,-4.8,-9.42,0.4
634005,2021-05-29,2021,COL,2021-05-28 18:35:00,18,7,0,7,1,12,6,12,232,80.8,2,41,0.0488,0.0833,61.5,16.4,95.3,979.6,1.1,11.1,6.9,331.7,NW,8.6,5.69,10.48
633978,2021-05-30,2021,COL,2021-05-30 13:05:00,13,3,4,7,0,17,13,12,330,80.6,1,48,0.0208,0.0,54.2,12.3,69.3,996.0,0.0,7.9,4.9,6.3,N,2.21,-0.53,4.68
633835,2021-06-03,2021,MIA,2021-06-03 19:05:00,19,5,3,8,1,13,4,14,246,80.3,3,52,0.0577,0.0714,66.6,19.2,80.7,986.2,0.3,9.0,5.6,198.7,S,-0.6,2.5,-3.62
633858,2021-06-04,2021,MIA,2021-06-04 19:05:00,19,9,2,11,1,16,9,17,309,80.4,2,50,0.04,0.0588,71.7,22.1,70.3,987.5,0.0,9.0,5.6,236.3,SW,5.01,7.27,2.15
633787,2021-06-05,2021,MIA,2021-06-05 16:05:00,16,8,7,15,3,22,8,18,388,80.6,3,67,0.0448,0.1667,84.1,29.0,39.7,988.2,0.0,13.0,8.1,222.3,SW,4.41,8.33,-0.04
633794,2021-06-06,2021,MIA,2021-06-06 13:05:00,13,1,3,4,1,12,4,12,237,81.3,3,51,0.0588,0.0833,86.8,30.4,32.3,990.8,0.0,9.7,6.0,277.0,W,9.32,9.64,7.87
633772,2021-06-08,2021,LAD,2021-06-08 19:05:00,19,3,5,8,3,11,2,16,263,85.1,4,58,0.069,0.1875,75.7,24.3,82.3,991.2,0.3,7.3,4.5,268.4,W,6.66,7.28,5.24
633753,2021-06-09,2021,LAD,2021-06-09 19:05:00,19,1,2,3,2,11,13,10,310,83.1,2,52,0.0385,0.2,72.8,22.7,92.3,990.8,0.1,4.0,2.5,133.0,SE,-3.72,-3.02,-3.97
633744,2021-06-10,2021,LAD,2021-06-10 12:35:00,12,3,6,9,2,13,7,16,264,79.2,1,44,0.0227,0.125,80.7,27.0,66.7,987.5,3.4,8.4,5.2,81.0,E,-7.13,-8.2,-5.21
633584,2021-06-18,2021,CLE,2021-06-18 19:05:00,19,11,10,21,3,15,7,21,299,84.4,3,52,0.0577,0.1429,74.2,23.4,73.0,983.4,1.3,13.1,8.1,196.7,S,-1.31,3.21,-5.68
633590,2021-06-19,2021,CLE,2021-06-19 16:05:00,16,6,3,9,5,14,10,11,302,79.4,3,48,0.0625,0.4545,75.8,24.3,69.0,982.5,0.1,9.0,5.6,250.1,W,6.67,8.35,4.18
633550,2021-06-20,2021,CLE,2021-06-20 13:05:00,13,1,2,3,1,19,5,10,232,80.3,1,44,0.0227,0.1,84.4,29.1,63.0,981.4,0.1,12.9,8.0,229.0,SW,5.75,9.36,1.46
633572,2021-06-22,2021,CWS,2021-06-22 19:05:00,19,6,3,9,2,17,5,15,277,79.7,2,48,0.0417,0.1333,57.9,14.4,61.3,989.4,0.0,8.8,5.5,315.7,NW,8.09,6.42,8.79
633569,2021-06-23,2021,CWS,2021-06-23 12:35:00,12,3,4,7,1,22,5,19,315,82.5,3,50,0.06,0.0526,72.3,22.4,37.7,996.0,0.0,4.3,2.7,314.1,NW,3.97,3.19,4.26
633463,2021-07-01,2021,MIL,2021-07-01 19:05:00,19,2,7,9,1,13,8,15,302,80.3,3,54,0.0556,0.0667,68.3,20.2,92.7,984.8,0.0,5.0,3.1,292.6,NW,5.03,4.73,4.73
633507,2021-07-02,2021,MIL,2021-07-02 19:05:00,19,2,7,9,4,14,6,14,279,79.8,5,52,0.0962,0.2857,64.3,18.0,72.3,985.3,0.0,10.8,6.7,320.0,NW,9.61,7.32,10.74
633387,2021-07-03,2021,MIL,2021-07-03 16:05:00,16,2,11,13,1,23,13,23,348,82.0,3,55,0.0545,0.0435,75.0,23.9,43.3,984.2,0.0,13.4,8.3,311.3,NW,12.71,10.46,13.43
633422,2021-07-04,2021,MIL,2021-07-04 13:05:00,13,2,0,2,1,15,7,8,233,79.5,0,44,0.0,0.125,76.5,24.7,67.0,986.6,0.0,4.2,2.6,209.7,SW,0.52,1.9,-0.92
633411,2021-07-05,2021,ATL,2021-07-05 19:05:00,19,11,1,12,3,21,8,20,325,84.5,5,48,0.1042,0.15,79.0,26.1,72.3,990.2,0.0,11.1,6.9,217.7,SW,2.91,6.41,-0.94
633384,2021-07-06,2021,ATL,2021-07-06 19:05:00,19,2,1,3,1,16,9,14,304,82.3,3,46,0.0652,0.0714,79.9,26.6,77.3,989.6,0.1,4.2,2.6,45.2,NE,-1.61,-2.82,-0.2
633330,2021-07-07,2021,ATL,2021-07-07 12:35:00,12,3,14,17,3,13,12,32,373,81.8,7,71,0.0986,0.0938,85.9,30.0,56.7,988.6,0.0,9.8,6.1,221.1,SW,3.12,6.11,-0.25
633346,2021-07-16,2021,NYM,2021-07-16 19:05:00,19,4,1,5,2,14,9,14,304,81.1,2,49,0.0408,0.1429,74.1,23.4,85.7,990.8,0.0,9.5,5.9,186.0,S,-2.69,0.58,-5.63
633290,2021-07-17,2021,NYM,2021-07-17 19:05:00,19,9,7,16,5,11,9,24,325,84.9,7,62,0.1129,0.2083,66.7,19.3,88.0,989.9,0.0,17.2,10.7,309.3,NW,16.46,13.77,17.17
633235,2021-07-18,2021,NYM,2021-07-18 13:05:00,13,6,7,13,2,18,11,22,336,82.5,2,57,0.0351,0.0909,79.0,26.1,58.3,993.2,0.5,10.4,6.5,345.7,N,6.26,3.02,8.73
633161,2021-07-27,2021,MIL,2021-07-27 19:05:00,19,0,9,9,2,13,6,16,292,82.5,2,55,0.0364,0.125,78.0,25.5,59.3,989.3,0.0,6.7,4.2,294.7,NW,6.73,6.23,6.41
633113,2021-07-28,2021,MIL,2021-07-28 19:05:00,19,3,7,10,2,17,5,18,280,82.0,3,54,0.0556,0.1111,77.4,25.2,63.3,988.9,0.0,5.7,3.6,337.4,NW,4.06,2.43,5.2
633093,2021-07-29,2021,MIL,2021-07-29 19:05:00,19,0,12,12,3,14,4,19,281,83.9,5,57,0.0877,0.1579,73.8,23.2,90.7,983.9,0.1,9.5,5.9,261.6,W,8.18,9.36,6.01
633108,2021-07-30,2021,PHI,2021-07-30 19:05:00,19,7,0,7,0,13,12,13,329,80.2,0,51,0.0,0.0,68.1,20.1,64.3,990.2,0.0,11.2,7.0,358.3,N,4.6,0.82,7.83
633076,2021-07-31,2021,PHI,2021-07-31 19:05:00,19,3,2,5,0,12,6,14,272,83.7,0,53,0.0,0.0,70.4,21.3,67.0,987.2,0.0,2.6,1.6,208.7,SW,0.28,1.15,-0.62
633082,2021-08-01,2021,PHI,2021-08-01 13:05:00,13,4,15,19,1,14,7,27,355,82.6,6,67,0.0896,0.037,78.0,25.6,51.3,984.3,0.8,15.1,9.4,290.0,W,15.09,14.4,13.95
632948,2021-08-10,2021,STL,2021-08-10 19:05:00,19,1,4,5,3,17,6,10,272,82.3,5,44,0.1136,0.3,81.1,27.3,65.0,989.4,0.0,11.5,7.2,216.3,SW,2.76,6.42,-1.24
632928,2021-08-11,2021,STL,2021-08-11 19:05:00,19,0,4,4,0,13,6,11,251,83.3,2,48,0.0417,0.0,79.1,26.2,77.3,989.8,0.0,11.8,7.3,198.3,S,-0.87,3.2,-4.83
632944,2021-08-12,2021,STL,2021-08-12 12:35:00,12,6,7,13,5,21,6,19,310,82.6,2,51,0.0392,0.2632,87.1,30.6,64.7,990.6,0.0,16.4,10.2,219.7,SW,4.84,9.91,-0.81
632820,2021-08-14,2021,MIL,2021-08-13 19:05:00,19,14,4,18,3,11,5,26,265,82.9,5,52,0.0962,0.1154,74.0,23.3,92.3,992.1,6.9,9.9,6.2,213.2,SW,1.83,5.05,-1.61
632897,2021-08-14,2021,MIL,2021-08-14 19:05:00,19,0,6,6,2,12,4,16,226,84.7,3,43,0.0698,0.125,71.2,21.8,69.7,995.4,0.0,8.1,5.1,13.7,N,1.25,-1.58,3.92
632876,2021-08-15,2021,MIL,2021-08-15 13:05:00,13,1,2,3,0,20,5,10,273,83.1,2,45,0.0444,0.0,77.6,25.3,56.0,994.9,0.0,5.5,3.4,59.7,NE,-3.33,-4.62,-1.63
632798,2021-08-23,2021,AZ,2021-08-23 19:05:00,19,6,5,11,2,20,9,16,345,81.1,3,48,0.0625,0.125,77.5,25.3,80.3,987.6,0.0,7.9,4.9,321.0,NW,6.91,5.21,7.78
632744,2021-08-24,2021,AZ,2021-08-24 19:05:00,19,4,2,6,3,13,8,15,276,84.4,5,50,0.1,0.2,81.8,27.7,64.3,990.9,0.0,1.5,0.9,169.5,S,-0.8,-0.33,-1.17
632778,2021-08-25,2021,AZ,2021-08-25 19:05:00,19,2,5,7,2,17,7,14,290,84.5,1,52,0.0192,0.1429,74.8,23.8,92.7,992.7,0.0,5.1,3.2,188.9,S,-1.2,0.57,-2.82
632729,2021-08-26,2021,STL,2021-08-26 19:05:00,19,11,7,18,4,12,6,24,273,84.9,5,61,0.082,0.1667,78.7,26.0,76.7,993.3,0.3,5.4,3.4,200.2,S,-0.21,1.66,-2.06
632762,2021-08-27,2021,STL,2021-08-27 19:05:00,19,3,4,7,1,14,6,17,286,82.5,6,53,0.1132,0.0588,79.1,26.2,81.7,993.4,0.1,4.2,2.6,303.7,NW,4.15,3.62,4.18
632723,2021-08-28,2021,STL,2021-08-28 19:05:00,19,0,13,13,1,13,11,23,360,80.7,3,63,0.0476,0.0435,76.4,24.7,94.3,994.8,1.7,6.5,4.0,165.8,S,-3.86,-1.85,-5.4
632698,2021-08-29,2021,STL,2021-08-29 13:05:00,13,4,3,7,2,19,8,10,273,83.2,5,40,0.125,0.2,84.3,29.1,64.3,992.0,1.0,7.5,4.6,267.9,W,6.79,7.44,5.31
632585,2021-09-06,2021,DET,2021-09-06 13:35:00,13,6,3,9,1,15,5,19,255,79.0,1,52,0.0192,0.0526,75.4,24.1,51.3,986.2,0.0,17.1,10.6,288.0,W,17.08,16.51,15.59
632560,2021-09-07,2021,DET,2021-09-07 18:35:00,18,3,2,5,0,16,12,18,301,79.8,2,50,0.04,0.0,72.4,22.4,71.3,984.6,0.0,11.9,7.4,193.7,S,-1.82,2.3,-5.72
632609,2021-09-08,2021,DET,2021-09-08 18:35:00,18,1,5,6,1,15,4,18,283,82.5,6,53,0.1132,0.0556,66.6,19.2,90.0,982.0,0.0,5.5,3.4,219.0,SW,1.57,3.29,-0.34
632555,2021-09-10,2021,WSH,2021-09-10 18:35:00,18,4,3,7,2,7,8,13,262,83.4,5,57,0.0877,0.1538,63.4,17.4,76.0,991.9,0.0,5.6,3.5,290.7,W,5.63,5.35,5.23
632501,2021-09-11,2021,WSH,2021-09-11 18:35:00,18,10,7,17,3,16,15,19,361,83.5,3,53,0.0566,0.1579,68.8,20.5,63.3,991.6,0.0,13.4,8.3,193.0,S,-2.21,2.44,-6.6
632526,2021-09-12,2021,WSH,2021-09-12 13:05:00,13,2,6,8,3,8,8,16,279,82.1,2,58,0.0345,0.1875,82.5,28.0,53.3,991.8,0.0,18.1,11.2,233.3,SW,9.28,14.03,3.4
632503,2021-09-14,2021,CIN,2021-09-14 18:35:00,18,6,5,11,1,14,4,21,295,80.4,2,57,0.0351,0.0476,76.6,24.8,70.0,986.6,0.0,12.4,7.7,192.3,S,-2.2,2.11,-6.24
632487,2021-09-15,2021,CIN,2021-09-15 18:35:00,18,5,4,9,1,12,7,16,287,81.9,1,56,0.0179,0.0625,66.6,19.2,90.7,989.9,1.0,6.7,4.2,19.8,N,0.32,-2.0,2.6
632462,2021-09-16,2021,CIN,2021-09-16 12:35:00,12,0,1,1,0,17,6,11,276,77.9,1,47,0.0213,0.0,77.0,25.0,63.3,993.7,0.6,6.7,4.1,106.0,E,-6.62,-6.48,-5.97
632313,2021-09-28,2021,CHC,2021-09-28 18:35:00,18,8,6,14,1,13,8,22,289,81.9,3,57,0.0526,0.0455,62.6,17.0,68.7,987.5,0.0,10.5,6.5,355.3,N,4.79,1.31,7.7
632287,2021-09-29,2021,CHC,2021-09-29 18:35:00,18,2,3,5,0,15,12,15,324,81.2,7,51,0.1373,0.0,60.1,15.6,74.7,991.1,0.0,6.5,4.0,349.3,N,3.54,1.48,5.18
632286,2021-09-30,2021,CHC,2021-09-30 18:35:00,18,0,9,9,2,13,5,19,267,81.2,4,56,0.0714,0.1053,59.7,15.4,71.0,995.8,0.0,8.5,5.3,345.0,N,5.15,2.54,7.14
632250,2021-10-01,2021,CIN,2021-10-01 18:35:00,18,9,2,11,1,22,8,17,300,83.0,2,44,0.0455,0.0588,60.6,15.9,64.7,996.3,0.0,5.0,3.1,124.1,SE,-4.86,-4.23,-4.91
632258,2021-10-02,2021,CIN,2021-10-02 18:35:00,18,8,6,14,2,19,11,25,339,81.1,6,52,0.1154,0.08,64.3,17.9,67.7,991.0,0.0,5.9,3.6,165.5,S,-3.53,-1.72,-4.92
632240,2021-10-03,2021,CIN,2021-10-03 15:05:00,15,3,6,9,3,20,3,20,278,81.9,4,52,0.0769,0.15,71.7,22.1,79.3,985.2,0.4,10.6,6.6,212.0,SW,1.76,5.24,-1.94
662318,2022-04-12,2022,CHC,2022-04-12 16:12:00,16,1,2,3,3,16,2,14,261,79.9,4,49,0.0816,0.2143,65.3,18.5,59.7,990.4,0.0,11.0,6.9,178.0,S,-4.57,-0.86,-7.73
662317,2022-04-13,2022,CHC,2022-04-13 12:35:00,12,6,2,8,2,18,8,14,282,83.5,2,44,0.0455,0.1429,74.2,23.5,50.3,984.9,0.1,20.1,12.5,205.3,SW,1.0,7.8,-5.93
662307,2022-04-14,2022,WSH,2022-04-14 18:35:00,18,9,4,13,2,23,14,22,352,81.6,3,50,0.06,0.0909,52.3,11.3,40.3,987.5,0.0,11.7,7.3,248.3,W,8.42,10.71,5.11
662291,2022-04-15,2022,WSH,2022-04-15 18:35:00,18,2,7,9,0,15,8,15,313,80.9,2,52,0.0385,0.0,61.8,16.6,27.7,986.1,0.0,17.3,10.8,222.7,SW,5.98,11.18,0.05
662290,2022-04-16,2022,WSH,2022-04-16 18:35:00,18,6,4,10,1,11,9,18,293,83.5,1,57,0.0175,0.0556,48.4,9.1,75.3,986.8,0.0,10.7,6.6,331.3,NW,8.32,5.53,10.1
662294,2022-04-17,2022,WSH,2022-04-17 13:35:00,13,5,3,8,0,12,10,15,310,78.6,0,52,0.0,0.0,45.1,7.3,40.3,997.7,0.0,7.7,4.8,355.0,N,3.56,1.01,5.68
662297,2022-04-26,2022,MIL,2022-04-26 18:35:00,18,8,12,20,2,15,7,27,336,81.6,3,66,0.0455,0.0741,49.5,9.7,58.7,992.6,0.0,17.1,10.6,286.0,W,17.02,16.66,15.34
662289,2022-04-27,2022,MIL,2022-04-27 18:35:00,18,1,3,4,0,18,11,5,291,80.4,2,41,0.0488,0.0,37.4,3.0,65.7,995.8,0.0,16.6,10.3,329.0,NW,13.36,9.17,15.95
662295,2022-04-28,2022,MIL,2022-04-28 12:35:00,12,2,3,5,1,24,3,15,299,82.1,3,45,0.0667,0.0667,49.6,9.8,43.3,997.5,0.0,8.8,5.4,318.0,NW,7.91,6.14,8.73
662296,2022-04-29,2022,SD,2022-04-29 18:35:00,18,3,7,10,2,12,9,17,309,83.3,3,57,0.0526,0.1176,53.6,12.0,51.3,992.8,0.0,5.6,3.5,35.1,NE,-1.23,-3.02,0.72
662288,2022-04-30,2022,SD,2022-04-30 18:35:00,18,7,6,13,3,15,5,15,294,84.1,5,56,0.0893,0.2,59.4,15.2,53.0,989.2,0.9,4.8,3.0,26.1,NE,-0.3,-1.91,1.34
662293,2022-05-01,2022,SD,2022-05-01 13:35:00,13,2,5,7,0,16,2,19,276,82.7,2,56,0.0357,0.0,65.6,18.7,82.0,985.5,7.6,16.0,9.9,185.9,S,-4.56,0.95,-9.52
662287,2022-05-09,2022,LAD,2022-05-09 18:35:00,18,5,1,6,3,11,5,19,253,82.1,7,57,0.1228,0.1579,62.2,16.8,42.3,995.1,0.0,10.8,6.7,93.7,E,-10.25,-10.83,-8.44
662292,2022-05-10,2022,LAD,2022-05-10 18:35:00,18,1,11,12,1,16,10,19,312,81.0,3,55,0.0545,0.0526,66.0,18.9,49.7,996.6,0.0,10.1,6.3,90.0,E,-9.36,-10.12,-7.47
662385,2022-05-11,2022,LAD,2022-05-11 12:35:00,12,5,3,8,3,16,10,13,317,82.3,6,48,0.125,0.2308,74.3,23.5,36.7,998.3,0.0,7.4,4.6,48.8,NE,-3.28,-5.35,-0.82
662372,2022-05-12,2022,CIN,2022-05-12 18:35:00,18,0,4,4,1,11,7,13,276,85.8,4,52,0.0769,0.0769,70.6,21.4,66.0,994.6,0.0,12.3,7.6,118.7,SE,-12.23,-11.04,-11.94
662494,2022-05-13,2022,CIN,2022-05-13 18:35:00,18,2,8,10,4,17,6,17,309,86.2,8,53,0.1509,0.2353,68.7,20.4,83.7,991.0,0.3,6.8,4.2,117.7,SE,-6.74,-6.13,-6.54
662384,2022-05-14,2022,CIN,2022-05-14 18:35:00,18,3,1,4,1,14,6,9,281,82.6,2,43,0.0465,0.1111,68.4,20.2,84.3,985.5,2.6,3.4,2.1,90.4,E,-3.12,-3.36,-2.5
662519,2022-05-15,2022,CIN,2022-05-15 13:35:00,13,1,0,1,0,15,8,4,253,81.1,0,39,0.0,0.0,76.9,25.0,64.7,984.2,0.3,7.8,4.9,234.3,SW,4.13,6.15,1.6
662506,2022-05-20,2022,STL,2022-05-20 18:35:00,18,3,5,8,1,11,6,17,304,82.7,2,59,0.0339,0.0588,77.5,25.3,66.3,981.9,0.0,13.1,8.2,198.3,S,-0.96,3.58,-5.38
662478,2022-05-21,2022,STL,2022-05-21 18:35:00,18,4,5,9,1,19,5,17,317,81.7,4,52,0.0769,0.0588,74.8,23.8,71.3,989.9,0.0,16.4,10.2,253.0,W,12.65,15.46,8.31
662479,2022-05-22,2022,STL,2022-05-22 11:35:00,11,4,18,22,5,10,8,28,338,86.0,6,73,0.0822,0.1786,74.5,23.6,73.7,991.4,5.2,18.0,11.2,261.3,W,15.4,17.66,11.29
662455,2022-05-23,2022,COL,2022-05-23 18:35:00,18,2,1,3,0,9,8,16,280,81.9,2,54,0.037,0.0,59.7,15.4,66.7,995.2,0.0,7.5,4.7,55.7,NE,-4.12,-6.03,-1.72
662454,2022-05-24,2022,COL,2022-05-24 18:35:00,18,1,2,3,0,21,5,12,308,81.3,3,51,0.0588,0.0,65.1,18.4,73.3,995.4,0.0,11.0,6.8,98.0,E,-10.62,-10.92,-9.04
662453,2022-05-25,2022,COL,2022-05-25 12:35:00,12,10,5,15,3,19,8,22,339,78.2,3,51,0.0588,0.1364,72.4,22.4,54.0,995.6,0.0,15.9,9.9,131.0,SE,-15.11,-12.47,-15.93
662452,2022-06-03,2022,AZ,2022-06-03 19:05:00,19,6,8,14,6,11,10,20,309,83.6,8,62,0.129,0.3,65.7,18.7,68.3,985.5,0.0,6.6,4.1,242.3,SW,4.21,5.68,2.23
662451,2022-06-04,2022,AZ,2022-06-04 16:05:00,16,2,1,3,1,18,5,9,255,77.3,2,42,0.0476,0.1111,72.0,22.2,36.0,987.2,0.0,7.0,4.4,317.0,NW,6.4,5.02,7.01
662450,2022-06-05,2022,AZ,2022-06-05 13:35:00,13,3,0,3,1,15,5,14,283,79.8,5,49,0.102,0.0714,74.8,23.8,38.7,988.0,0.0,2.4,1.5,129.3,SE,-2.3,-1.92,-2.4
662449,2022-06-07,2022,DET,2022-06-07 19:05:00,19,3,5,8,1,20,3,17,267,81.4,3,48,0.0625,0.0588,65.4,18.5,96.3,984.7,3.7,8.3,5.1,285.4,W,8.2,8.06,7.36
662448,2022-06-08,2022,DET,2022-06-08 12:35:00,12,1,3,4,1,24,5,13,301,81.6,3,41,0.0732,0.0769,72.9,22.7,54.0,986.1,0.0,3.0,1.9,89.6,E,-2.76,-3.0,-2.2
662437,2022-06-17,2022,SF,2022-06-17 19:05:00,19,0,2,2,2,19,7,8,272,83.5,1,38,0.0263,0.25,71.5,22.0,55.0,983.7,0.0,11.6,7.2,309.2,NW,11.14,9.32,11.61
661123,2022-06-18,2022,SF,2022-06-18 16:05:00,16,5,7,12,4,19,14,18,363,82.4,5,52,0.0962,0.2222,66.9,19.4,38.0,990.1,0.0,21.3,13.2,320.3,NW,18.84,14.3,21.1
661122,2022-06-19,2022,SF,2022-06-19 13:35:00,13,4,3,7,5,13,6,12,264,85.3,2,47,0.0426,0.4167,72.3,22.4,30.0,995.2,0.0,19.3,12.0,325.0,NW,16.28,11.75,18.84
661121,2022-06-20,2022,CHC,2022-06-20 19:05:00,19,12,1,13,0,15,10,21,327,83.7,2,56,0.0357,0.0,64.3,17.9,62.7,994.9,0.0,8.5,5.3,180.9,S,-3.13,-0.23,-5.64
661124,2022-06-21,2022,CHC,2022-06-21 19:05:00,19,7,1,8,3,16,6,13,290,85.1,6,49,0.1224,0.2308,78.0,25.5,61.7,990.5,0.0,9.1,5.7,223.3,SW,3.24,5.97,0.13
661107,2022-06-22,2022,CHC,2022-06-22 19:05:00,19,5,14,19,4,18,7,18,323,83.8,6,56,0.1071,0.2222,75.6,24.2,93.0,985.6,4.8,5.6,3.5,133.9,SE,-5.21,-4.2,-5.6
661106,2022-06-23,2022,CHC,2022-06-23 12:35:00,12,8,7,15,3,22,5,20,311,80.6,4,56,0.0714,0.15,82.0,27.8,34.0,986.9,0.0,13.0,8.1,320.0,NW,11.56,8.8,12.92
661105,2022-06-30,2022,MIL,2022-06-30 19:05:00,19,8,7,15,5,14,5,23,293,85.5,6,59,0.1017,0.2174,76.0,24.5,52.0,992.2,0.0,9.2,5.7,194.3,S,-1.3,1.88,-4.33
661104,2022-07-01,2022,MIL,2022-07-01 19:05:00,19,2,19,21,5,10,14,19,370,83.7,8,64,0.125,0.2632,76.0,24.4,78.0,987.7,1.5,14.2,8.8,237.8,SW,8.18,11.64,3.73
661103,2022-07-02,2022,MIL,2022-07-02 16:05:00,16,7,4,11,4,18,6,20,284,86.5,4,49,0.0816,0.2,83.9,28.8,39.3,986.7,0.1,12.0,7.5,313.4,NW,11.21,9.07,12.0
661102,2022-07-03,2022,MIL,2022-07-03 13:35:00,13,0,2,2,1,20,4,14,287,80.0,3,47,0.0638,0.0714,84.8,29.3,28.3,992.5,0.0,10.9,6.8,332.7,NW,8.33,5.42,10.23
662329,2022-07-05,2022,NYY,2022-07-05 19:05:00,19,5,2,7,2,15,2,19,298,83.0,3,54,0.0556,0.1053,78.9,26.0,68.7,985.8,0.0,13.8,8.6,228.0,SW,5.94,9.84,1.32
662328,2022-07-06,2022,NYY,2022-07-06 19:05:00,19,0,16,16,6,17,9,26,326,85.6,8,61,0.1311,0.2308,72.6,22.6,92.3,987.3,1.1,7.1,4.4,21.4,N,0.14,-2.3,2.56
662327,2022-07-22,2022,MIA,2022-07-22 19:05:00,19,1,8,9,2,14,3,15,252,83.5,1,53,0.0189,0.1333,75.1,24.0,79.7,988.7,0.0,7.7,4.8,185.7,S,-2.22,0.43,-4.59
662436,2022-07-23,2022,MIA,2022-07-23 19:05:00,19,1,0,1,0,13,5,14,237,79.7,0,48,0.0,0.0,72.9,22.7,78.3,991.0,0.0,12.9,8.0,199.7,S,-0.64,3.82,-5.02
662357,2022-07-24,2022,MIA,2022-07-24 13:35:00,13,5,6,11,2,30,4,17,318,82.6,2,46,0.0435,0.1176,85.5,29.7,57.3,988.1,0.1,18.0,11.2,268.1,W,16.39,17.95,12.85
662326,2022-07-28,2022,PHI,2022-07-28 19:05:00,19,7,8,15,2,16,5,22,290,85.2,3,59,0.0508,0.0909,76.1,24.5,69.3,986.1,0.0,9.9,6.1,237.3,SW,5.64,8.07,2.53
662435,2022-07-29,2022,PHI,2022-07-29 19:05:00,19,2,4,6,2,19,6,18,296,84.9,4,55,0.0727,0.1111,71.6,22.0,77.7,989.0,0.0,5.6,3.5,242.5,SW,3.62,4.88,1.93
662415,2022-07-30,2022,PHI,2022-07-30 19:15:00,19,1,2,3,2,18,5,10,275,82.4,3,49,0.0612,0.2,73.0,22.8,72.3,994.9,0.0,4.5,2.8,309.7,NW,4.27,3.56,4.46
662414,2022-07-31,2022,PHI,2022-07-31 13:35:00,13,2,8,10,2,14,2,27,291,84.5,4,64,0.0625,0.0741,73.8,23.2,73.7,992.6,0.5,9.2,5.7,151.3,SE,-7.17,-4.76,-8.71
662298,2022-08-02,2022,MIL,2022-08-02 19:05:00,19,5,3,8,4,18,7,13,283,87.9,5,46,0.1087,0.3077,73.4,23.0,82.7,988.3,0.0,4.4,2.7,321.9,NW,3.81,2.84,4.31
662324,2022-08-03,2022,MIL,2022-08-03 19:05:00,19,8,7,15,2,13,8,24,325,85.4,3,60,0.05,0.0833,80.1,26.7,71.3,989.0,0.0,8.7,5.4,180.3,S,-3.28,-0.33,-5.84
662303,2022-08-04,2022,MIL,2022-08-04 12:35:00,12,5,4,9,2,13,10,19,305,83.0,3,58,0.0517,0.1053,84.9,29.4,64.7,991.4,0.0,7.7,4.8,245.3,SW,5.26,6.88,3.0
662302,2022-08-16,2022,BOS,2022-08-16 19:05:00,19,3,5,8,0,15,8,9,263,83.6,1,47,0.0213,0.0,69.3,20.7,68.3,989.9,0.0,9.1,5.7,57.3,NE,-5.2,-7.44,-2.33
662301,2022-08-17,2022,BOS,2022-08-17 19:05:00,19,3,8,11,1,14,7,18,278,84.2,1,57,0.0175,0.0556,64.3,18.0,95.0,989.6,0.0,4.1,2.5,91.1,E,-3.82,-4.1,-3.08
662413,2022-08-18,2022,BOS,2022-08-18 19:05:00,19,8,2,10,2,16,4,15,265,81.9,1,49,0.0204,0.1333,72.1,22.3,69.0,988.9,0.0,4.0,2.5,131.5,SE,-3.75,-3.08,-3.97
662396,2022-08-19,2022,CIN,2022-08-19 19:05:00,19,5,4,9,2,14,2,20,250,81.6,2,58,0.0345,0.1,73.3,23.0,68.7,990.5,0.0,5.7,3.5,135.9,SE,-5.23,-4.14,-5.69
662395,2022-08-20,2022,CIN,2022-08-20 19:05:00,19,1,10,11,2,18,10,18,335,81.7,2,54,0.037,0.1111,71.2,21.8,82.7,990.7,0.0,6.0,3.7,137.6,SE,-5.46,-4.26,-6.01
662300,2022-08-21,2022,CIN,2022-08-21 13:35:00,13,5,9,14,2,15,7,23,307,80.9,3,59,0.0508,0.087,83.2,28.4,54.7,987.4,0.1,11.5,7.1,207.0,SW,0.9,4.76,-3.06
662394,2022-08-22,2022,ATL,2022-08-22 19:05:00,19,1,2,3,2,16,4,9,248,81.1,3,45,0.0667,0.2222,67.2,19.5,94.3,985.8,2.4,9.4,5.8,291.7,W,9.4,8.88,8.79
662383,2022-08-23,2022,ATL,2022-08-23 19:05:00,19,1,6,7,2,21,2,13,236,82.5,2,45,0.0444,0.1538,71.1,21.7,73.0,988.1,0.0,7.4,4.6,299.0,NW,7.39,6.65,7.23
662371,2022-08-24,2022,ATL,2022-08-24 12:35:00,12,2,14,16,3,20,10,20,318,81.8,5,54,0.0926,0.15,80.3,26.8,50.7,991.4,0.1,1.5,0.9,36.4,NE,-0.35,-0.82,0.16
662356,2022-09-02,2022,TOR,2022-09-02 18:35:00,18,0,4,4,1,17,8,14,298,83.1,2,48,0.0417,0.0714,75.4,24.1,68.0,993.7,0.0,9.0,5.6,79.7,E,-7.57,-8.78,-5.44
662286,2022-09-03,2022,TOR,2022-09-03 18:35:00,18,1,4,5,0,21,5,13,273,82.2,2,46,0.0435,0.0,73.5,23.1,87.7,993.5,0.1,4.9,3.1,185.4,S,-1.45,0.25,-2.98
662299,2022-09-04,2022,TOR,2022-09-04 12:05:00,12,3,4,7,2,21,8,14,301,86.1,2,45,0.0444,0.1429,77.7,25.4,74.7,992.3,0.5,3.3,2.1,88.1,E,-3.04,-3.32,-2.38
662282,2022-09-06,2022,NYM,2022-09-06 18:35:00,18,8,2,10,3,12,8,19,304,84.7,3,55,0.0545,0.1579,69.2,20.7,90.0,989.4,0.6,7.8,4.9,323.3,NW,6.73,4.95,7.69
662283,2022-09-07,2022,NYM,2022-09-05 12:35:00,12,1,5,6,2,18,1,17,255,83.2,3,52,0.0577,0.1176,70.6,21.4,90.7,990.2,3.2,8.6,5.3,197.0,S,-0.82,2.14,-3.69
662285,2022-09-07,2022,NYM,2022-09-07 18:35:00,18,0,10,10,0,18,8,21,327,83.1,2,54,0.037,0.0,68.3,20.2,83.0,988.6,0.0,8.6,5.3,358.3,N,3.51,0.63,5.97
662284,2022-09-09,2022,STL,2022-09-09 18:35:00,18,8,2,10,1,16,6,21,315,83.6,5,53,0.0943,0.0476,73.2,22.9,64.3,990.3,0.0,10.1,6.3,131.3,SE,-9.56,-7.87,-10.1
662265,2022-09-10,2022,STL,2022-09-10 19:35:00,19,5,7,12,5,5,8,21,291,83.8,7,66,0.1061,0.2381,67.0,19.4,80.0,994.5,0.0,9.9,6.2,130.0,SE,-9.44,-7.85,-9.89
662325,2022-09-11,2022,STL,2022-09-11 13:35:00,13,3,4,7,4,14,5,14,259,84.6,3,52,0.0577,0.2857,75.4,24.1,72.3,988.3,0.5,14.6,9.1,206.0,SW,0.89,5.81,-4.13
662264,2022-09-22,2022,CHC,2022-09-22 18:35:00,18,2,3,5,1,21,9,13,292,81.9,2,43,0.0465,0.0769,54.0,12.2,71.3,988.8,0.0,19.6,12.2,315.0,NW,18.14,14.48,19.61
662263,2022-09-23,2022,CHC,2022-09-23 18:35:00,18,5,6,11,3,15,16,16,357,81.0,6,53,0.1132,0.1875,53.9,12.2,64.7,993.8,0.0,8.8,5.4,347.9,N,4.97,2.2,7.14
662249,2022-09-24,2022,CHC,2022-09-24 18:35:00,18,6,0,6,1,19,3,12,250,80.7,4,45,0.0889,0.0833,61.8,16.6,65.0,985.6,0.1,7.8,4.8,184.2,S,-2.45,0.23,-4.83
662243,2022-09-25,2022,CHC,2022-09-25 13:35:00,13,3,8,11,2,21,7,16,316,84.5,3,50,0.06,0.125,69.1,20.6,59.3,975.7,0.3,21.5,13.4,255.3,W,17.13,20.54,11.66
662242,2022-09-26,2022,CIN,2022-09-26 18:35:00,18,8,3,11,2,14,6,18,323,80.6,5,56,0.0893,0.1111,56.8,13.8,61.7,982.5,0.0,17.4,10.8,265.0,W,15.43,17.25,11.76
662241,2022-09-27,2022,CIN,2022-09-27 18:35:00,18,4,1,5,0,23,8,13,299,81.2,1,38,0.0263,0.0,49.8,9.9,87.0,990.1,0.0,11.5,7.1,246.3,SW,7.96,10.32,4.65
662240,2022-09-28,2022,CIN,2022-09-28 12:35:00,12,4,3,7,2,14,5,16,270,83.1,3,60,0.05,0.125,60.0,15.6,59.7,997.2,0.4,12.3,7.7,307.7,NW,11.9,10.08,12.29
662309,2022-10-03,2022,STL,2022-10-03 18:35:00,18,3,2,5,2,14,8,12,295,80.7,4,48,0.0833,0.1667,53.9,12.2,69.7,996.4,0.0,6.0,3.7,18.4,N,0.43,-1.65,2.47
662319,2022-10-04,2022,STL,2022-10-04 18:35:00,18,7,8,15,0,14,8,26,345,82.2,2,70,0.0286,0.0,53.5,11.9,69.7,992.3,0.0,4.5,2.8,58.6,NE,-2.63,-3.71,-1.24
662304,2022-10-05,2022,STL,2022-10-05 16:05:00,16,5,3,8,0,10,6,17,274,82.3,1,54,0.0185,0.0,65.7,18.7,56.0,989.7,0.0,7.2,4.5,315.7,NW,6.59,5.22,7.16
718679,2023-04-07,2023,CWS,2023-04-07 16:12:00,16,13,9,22,6,15,5,30,327,82.5,12,65,0.1846,0.2,48.8,9.3,34.0,1002.3,0.0,13.2,8.2,341.7,N,8.61,4.68,11.5
718662,2023-04-08,2023,CWS,2023-04-08 18:35:00,18,5,11,16,1,12,9,24,321,84.5,4,64,0.0625,0.0417,47.0,8.3,53.0,1000.8,0.0,6.9,4.3,6.0,N,1.97,-0.42,4.13
718653,2023-04-09,2023,CWS,2023-04-09 13:35:00,13,1,0,1,0,17,4,8,251,83.1,4,42,0.0952,0.0,56.0,13.3,32.7,1004.1,0.0,8.8,5.4,30.7,NE,-1.25,-4.14,1.8
718632,2023-04-10,2023,HOU,2023-04-10 18:35:00,18,2,8,10,1,14,13,16,314,83.7,4,52,0.0769,0.0625,57.6,14.2,47.3,998.7,0.0,4.6,2.9,83.3,E,-4.04,-4.57,-3.03
718623,2023-04-11,2023,HOU,2023-04-11 18:35:00,18,7,4,11,5,16,4,19,296,81.0,7,56,0.125,0.2632,61.9,16.6,40.3,992.6,0.0,10.3,6.4,255.3,W,8.21,9.84,5.58
718608,2023-04-12,2023,HOU,2023-04-12 12:35:00,12,0,7,7,2,10,11,15,319,80.2,2,57,0.0351,0.1333,75.6,24.2,35.3,989.5,0.0,19.2,12.0,272.0,W,18.02,19.23,14.63
718500,2023-04-20,2023,CIN,2023-04-20 18:35:00,18,4,3,7,2,22,5,12,260,82.9,4,38,0.1053,0.1667,70.6,21.5,40.3,988.9,0.0,9.2,5.7,245.3,SW,6.27,8.21,3.58
718492,2023-04-21,2023,CIN,2023-04-21 18:35:00,18,4,2,6,0,15,7,11,280,81.4,5,48,0.1042,0.0,70.6,21.4,46.7,982.6,0.0,7.8,4.8,273.0,W,7.35,7.8,6.02
718474,2023-04-22,2023,CIN,2023-04-22 18:35:00,18,2,1,3,0,21,4,16,273,81.8,1,44,0.0227,0.0,52.3,11.3,62.3,983.2,0.1,9.9,6.1,247.0,SW,6.92,8.91,4.09
718463,2023-04-23,2023,CIN,2023-04-23 13:35:00,13,2,0,2,0,24,6,10,274,80.1,2,36,0.0556,0.0,45.7,7.6,46.0,990.4,0.0,17.3,10.8,257.7,W,14.23,16.76,9.98
718432,2023-04-25,2023,LAD,2023-04-25 18:35:00,18,7,8,15,2,15,5,21,319,81.1,5,61,0.082,0.0952,50.1,10.1,51.7,993.0,0.0,5.6,3.5,302.3,NW,5.48,4.83,5.48
718413,2023-04-26,2023,LAD,2023-04-26 18:35:00,18,8,1,9,1,14,7,16,287,79.1,2,51,0.0392,0.0625,50.7,10.4,57.0,992.5,0.0,10.1,6.3,336.1,NW,7.29,4.47,9.22
718403,2023-04-27,2023,LAD,2023-04-27 12:35:00,12,6,2,8,2,21,3,13,250,82.4,4,42,0.0952,0.1538,61.3,16.3,35.3,991.8,0.0,5.4,3.3,96.3,E,-5.15,-5.35,-4.33
718307,2023-05-05,2023,TOR,2023-05-05 18:35:00,18,0,4,4,1,17,8,12,273,81.0,6,44,0.1364,0.0833,57.0,13.9,63.7,994.7,0.0,7.5,4.6,67.7,E,-5.3,-6.78,-3.18
718286,2023-05-06,2023,TOR,2023-05-06 18:35:00,18,2,8,10,1,18,9,19,300,84.6,6,52,0.1154,0.0526,65.7,18.7,58.7,993.8,0.0,5.7,3.5,52.0,NE,-2.79,-4.31,-0.94
718278,2023-05-07,2023,TOR,2023-05-07 13:35:00,13,1,10,11,3,14,6,23,314,84.5,7,63,0.1111,0.1304,62.7,17.1,92.0,986.1,1.9,13.6,8.5,212.9,SW,2.47,6.91,-2.26
718258,2023-05-08,2023,COL,2023-05-08 18:35:00,18,2,0,2,1,13,5,11,220,81.2,2,43,0.0465,0.0909,65.0,18.3,68.0,985.3,0.0,8.2,5.1,330.3,NW,6.45,4.35,7.77
718252,2023-05-09,2023,COL,2023-05-09 18:35:00,18,1,10,11,2,15,10,15,281,83.4,5,54,0.0926,0.1333,61.2,16.2,45.0,990.5,0.0,15.4,9.6,329.7,NW,12.27,8.35,14.71
718231,2023-05-10,2023,COL,2023-05-10 12:35:00,12,3,4,7,2,24,10,14,343,80.3,3,40,0.075,0.1429,66.6,19.2,36.7,995.4,0.0,3.2,2.0,57.5,NE,-1.85,-2.65,-0.84
718118,2023-05-19,2023,AZ,2023-05-19 18:35:00,18,13,3,16,2,16,11,21,321,84.8,4,57,0.0702,0.0952,70.8,21.6,58.7,989.7,0.0,8.8,5.4,167.6,S,-5.02,-2.26,-7.17
718101,2023-05-20,2023,AZ,2023-05-20 16:05:00,16,3,4,7,2,19,3,15,278,84.6,4,49,0.0816,0.1333,65.8,18.8,58.0,987.5,0.0,14.7,9.1,306.0,NW,14.29,12.26,14.61
718091,2023-05-21,2023,AZ,2023-05-21 13:35:00,13,3,8,11,1,12,9,12,317,83.5,1,53,0.0189,0.0833,73.4,23.0,35.3,991.7,0.0,10.7,6.6,292.7,NW,10.67,10.01,10.03
718075,2023-05-22,2023,TEX,2023-05-22 18:35:00,18,6,4,10,2,15,7,18,274,86.4,4,50,0.08,0.1111,70.0,21.1,55.0,993.6,0.0,4.8,3.0,86.7,E,-4.32,-4.78,-3.35
718065,2023-05-23,2023,TEX,2023-05-23 18:35:00,18,1,6,7,1,17,3,15,247,82.0,5,48,0.1042,0.0667,70.7,21.5,49.3,993.5,0.0,9.3,5.8,143.7,SE,-7.93,-5.81,-9.09
718045,2023-05-24,2023,TEX,2023-05-24 12:35:00,12,2,3,5,1,14,6,16,268,79.7,1,56,0.0179,0.0625,78.0,25.5,36.0,990.7,0.0,10.9,6.8,305.7,NW,10.65,9.15,10.86
717930,2023-06-02,2023,STL,2023-06-02 19:05:00,19,7,5,12,4,18,8,24,344,84.1,7,56,0.125,0.1667,79.1,26.2,43.3,986.2,0.0,7.3,4.6,354.7,N,3.42,1.0,5.44
717907,2023-06-03,2023,STL,2023-06-03 16:05:00,16,4,3,7,3,16,5,14,285,81.8,4,47,0.0851,0.2143,86.1,30.0,29.3,985.1,0.0,12.4,7.7,51.3,NE,-5.98,-9.35,-1.9
717898,2023-06-04,2023,STL,2023-06-04 11:35:00,11,2,1,3,1,13,4,15,251,83.9,2,53,0.0377,0.0667,78.3,25.7,35.3,988.7,0.0,12.9,8.0,59.0,NE,-7.65,-10.73,-3.65
717884,2023-06-05,2023,ATH,2023-06-05 19:05:00,19,5,4,9,0,17,14,14,335,82.4,2,44,0.0455,0.0,67.2,19.6,40.7,987.3,0.0,8.8,5.5,329.7,NW,7.01,4.77,8.41
717874,2023-06-06,2023,ATH,2023-06-06 19:05:00,19,2,11,13,4,8,10,21,311,84.2,5,65,0.0769,0.1905,67.0,19.5,40.7,981.4,0.0,13.6,8.5,328.7,NW,11.01,7.59,13.09
717865,2023-06-07,2023,ATH,2023-06-07 12:35:00,12,5,9,14,2,11,15,26,342,85.1,5,63,0.0794,0.0769,73.9,23.3,23.0,979.8,0.0,10.1,6.3,320.7,NW,8.9,6.74,10.0
717836,2023-06-09,2023,NYM,2023-06-09 19:05:00,19,14,7,21,3,12,6,29,323,84.5,9,67,0.1343,0.1034,64.5,18.1,58.0,983.8,0.0,5.7,3.5,318.5,NW,5.09,3.93,5.64
717812,2023-06-10,2023,NYM,2023-06-10 16:05:00,16,1,5,6,1,19,7,11,271,85.3,3,45,0.0667,0.0909,79.8,26.6,24.3,982.2,0.0,15.4,9.5,265.1,W,13.64,15.24,10.4
717803,2023-06-11,2023,NYM,2023-06-11 13:35:00,13,2,1,3,2,16,6,11,274,82.6,2,44,0.0455,0.1818,83.1,28.4,28.0,980.5,0.0,16.2,10.1,199.0,S,-0.98,4.61,-6.45
717698,2023-06-19,2023,CHC,2023-06-19 19:05:00,19,0,8,8,0,17,11,15,323,82.6,1,52,0.0192,0.0,74.8,23.8,61.3,986.8,0.0,12.3,7.7,107.6,E,-12.29,-11.91,-11.19
717686,2023-06-20,2023,CHC,2023-06-20 19:05:00,19,0,4,4,2,13,3,12,274,84.9,5,52,0.0962,0.1667,70.7,21.5,73.7,992.2,0.0,8.4,5.2,87.6,E,-7.59,-8.34,-5.93
717671,2023-06-21,2023,CHC,2023-06-21 12:35:00,12,3,8,11,1,15,10,10,315,82.1,2,50,0.04,0.1,77.7,25.4,45.7,993.2,0.2,20.4,12.7,90.0,E,-18.88,-20.41,-15.06
717603,2023-06-27,2023,SD,2023-06-27 19:05:00,19,9,4,13,3,16,5,27,307,85.3,4,59,0.0678,0.1111,64.8,18.2,92.7,983.0,9.5,10.6,6.6,286.3,W,10.54,10.29,9.51
717585,2023-06-28,2023,SD,2023-06-28 19:05:00,19,7,1,8,1,19,6,16,324,79.7,2,48,0.0417,0.0625,66.9,19.4,78.0,989.0,0.0,6.1,3.8,316.3,NW,5.58,4.4,6.09
717571,2023-06-29,2023,SD,2023-06-29 12:35:00,12,5,4,9,2,12,7,17,260,83.8,3,53,0.0566,0.1176,78.1,25.6,55.3,991.0,0.0,2.8,1.7,176.1,S,-1.24,-0.31,-2.03
717562,2023-06-30,2023,MIL,2023-06-30 19:05:00,19,8,7,15,2,16,6,20,331,80.9,3,57,0.0526,0.1,72.6,22.6,86.7,988.6,0.0,6.6,4.1,155.6,SE,-4.85,-3.01,-6.1
717540,2023-07-01,2023,MIL,2023-07-01 16:05:00,16,8,11,19,3,13,8,19,316,85.1,4,60,0.0667,0.1579,76.7,24.8,82.0,985.3,1.1,5.0,3.1,246.5,SW,3.5,4.52,2.05
717531,2023-07-02,2023,MIL,2023-07-02 13:35:00,13,3,6,9,2,15,4,15,278,81.8,3,56,0.0536,0.1333,79.7,26.5,68.7,983.1,0.2,17.5,10.9,249.7,W,12.83,16.13,7.99
717416,2023-07-14,2023,SF,2023-07-14 19:05:00,19,4,6,10,1,13,6,18,278,80.2,2,57,0.0351,0.0556,73.8,23.2,90.3,985.9,0.0,4.3,2.7,162.7,S,-2.78,-1.47,-3.75
717398,2023-07-15,2023,SF,2023-07-15 19:05:00,19,1,3,4,2,21,7,10,281,82.3,3,43,0.0698,0.2,72.1,22.3,91.0,983.7,3.0,7.3,4.6,193.7,S,-1.13,1.42,-3.54
717388,2023-07-16,2023,SF,2023-07-16 12:05:00,12,4,8,12,0,19,11,17,345,82.0,2,56,0.0357,0.0,79.6,26.5,66.7,984.8,0.0,6.7,4.2,264.7,W,5.95,6.67,4.52
717371,2023-07-17,2023,CLE,2023-07-17 19:05:00,19,0,11,11,3,17,7,16,303,84.9,4,53,0.0755,0.1875,69.0,20.6,95.0,987.3,0.4,10.0,6.2,190.0,S,-2.17,1.31,-5.39
717364,2023-07-18,2023,CLE,2023-07-18 19:05:00,19,1,10,11,4,14,3,18,275,84.4,4,57,0.0702,0.2222,72.0,22.2,85.0,988.5,1.0,4.5,2.8,171.4,S,-2.34,-0.87,-3.53
717348,2023-07-19,2023,CLE,2023-07-19 12:35:00,12,7,5,12,1,11,5,19,291,82.9,4,59,0.0678,0.0526,78.0,25.6,66.0,990.7,0.5,3.4,2.1,309.9,NW,3.28,2.73,3.43
717234,2023-07-28,2023,PHI,2023-07-28 19:05:00,19,1,2,3,1,25,8,12,279,82.1,3,39,0.0769,0.0833,74.5,23.6,92.3,989.9,1.4,8.5,5.3,290.2,W,8.49,8.1,7.86
717216,2023-07-29,2023,PHI,2023-07-29 19:05:00,19,7,6,13,1,21,12,19,308,80.4,2,46,0.0435,0.0526,71.4,21.9,81.0,988.1,0.0,10.9,6.8,323.6,NW,9.36,6.87,10.73
717208,2023-07-30,2023,PHI,2023-07-30 13:35:00,13,6,4,10,3,22,9,17,318,82.4,4,48,0.0833,0.1765,77.6,25.3,55.0,989.6,0.0,4.4,2.7,290.7,W,4.36,4.15,4.05
717178,2023-08-01,2023,DET,2023-08-01 19:05:00,19,4,1,5,1,15,2,14,229,85.2,5,48,0.1042,0.0714,68.5,20.3,70.7,995.6,0.0,5.3,3.3,72.0,E,-4.06,-5.0,-2.63
717166,2023-08-02,2023,DET,2023-08-02 12:35:00,12,3,6,9,2,17,7,17,313,81.1,3,55,0.0545,0.1176,77.9,25.5,49.7,995.0,0.2,3.0,1.8,125.6,SE,-2.89,-2.48,-2.95
717095,2023-08-07,2023,ATL,2023-08-07 19:05:00,19,7,6,13,2,14,7,19,319,83.5,3,55,0.0545,0.1053,68.7,20.4,94.7,979.0,1.5,15.5,9.6,258.9,W,12.89,15.04,9.19
717079,2023-08-08,2023,ATL,2023-08-08 19:05:00,19,6,8,14,6,21,8,23,332,83.2,7,55,0.1273,0.2609,71.0,21.7,70.0,984.7,0.0,11.3,7.0,276.3,W,10.82,11.24,9.1
717058,2023-08-09,2023,ATL,2023-08-09 19:05:00,19,5,6,11,1,26,7,25,368,82.5,2,53,0.0377,0.04,73.1,22.8,67.3,983.7,0.0,8.3,5.2,235.5,SW,4.52,6.63,1.87
717056,2023-08-10,2023,ATL,2023-08-10 12:35:00,12,7,5,12,2,15,5,22,299,84.8,6,57,0.1053,0.0909,76.8,24.9,65.3,979.1,0.7,10.8,6.7,291.3,W,10.8,10.22,10.07
717046,2023-08-11,2023,CIN,2023-08-11 19:05:00,19,2,9,11,2,21,3,17,310,81.6,2,50,0.04,0.1176,72.1,22.3,77.7,984.8,0.1,7.0,4.3,189.0,S,-1.63,0.79,-3.84
717015,2023-08-13,2023,CIN,2023-08-13 13:35:00,13,4,2,6,1,20,9,10,278,81.8,4,40,0.1,0.1,81.1,27.3,50.3,989.0,0.0,13.0,8.1,287.3,W,12.91,12.53,11.74
717027,2023-08-13,2023,CIN,2023-08-12 19:05:00,19,5,6,11,4,22,9,21,369,81.6,4,54,0.0741,0.1905,70.3,21.3,94.0,984.0,3.5,8.9,5.6,152.4,SE,-6.86,-4.48,-8.4
716912,2023-08-21,2023,STL,2023-08-21 19:05:00,19,11,1,12,2,18,9,21,309,84.3,7,54,0.1296,0.0952,76.7,24.8,80.7,993.6,0.0,10.7,6.7,353.0,N,5.29,1.77,8.16
716901,2023-08-22,2023,STL,2023-08-22 19:05:00,19,6,3,9,2,12,5,17,273,81.5,3,56,0.0536,0.1176,69.0,20.6,65.3,994.0,0.0,6.3,3.9,36.3,NE,-1.5,-3.49,0.68
716886,2023-08-23,2023,STL,2023-08-23 12:35:00,12,4,6,10,1,21,12,20,357,83.0,2,51,0.0392,0.05,80.1,26.7,41.0,990.5,0.0,10.5,6.5,188.7,S,-2.52,1.13,-5.87
716870,2023-08-24,2023,CHC,2023-08-24 19:05:00,19,4,5,9,1,11,7,16,291,83.6,2,63,0.0317,0.0625,75.4,24.1,83.0,986.4,0.0,10.9,6.8,172.9,S,-5.38,-1.81,-8.3
716862,2023-08-25,2023,CHC,2023-08-25 19:05:00,19,2,1,3,1,12,3,12,242,80.2,0,49,0.0,0.0833,73.3,23.0,88.7,986.3,0.1,9.3,5.8,317.8,NW,8.44,6.57,9.29
716842,2023-08-26,2023,CHC,2023-08-26 19:15:00,19,6,10,16,1,20,9,17,326,83.3,2,51,0.0392,0.0588,71.9,22.2,80.0,986.6,0.0,9.0,5.6,338.0,N,6.33,3.74,8.15
716834,2023-08-27,2023,CHC,2023-08-27 13:35:00,13,1,10,11,1,21,5,16,297,81.7,2,50,0.04,0.0625,78.6,25.9,47.7,987.4,0.0,6.0,3.7,15.3,N,0.75,-1.34,2.75
716718,2023-09-04,2023,MIL,2023-09-04 18:35:00,18,4,2,6,2,16,4,15,261,84.6,3,48,0.0625,0.1333,81.3,27.4,64.3,988.6,0.0,8.1,5.1,278.0,W,7.88,8.1,6.71
716714,2023-09-05,2023,MIL,2023-09-05 18:35:00,18,3,7,10,1,15,8,15,282,84.5,6,51,0.1176,0.0667,82.0,27.8,64.7,988.9,0.0,5.9,3.6,19.0,N,0.36,-1.67,2.34
716697,2023-09-06,2023,MIL,2023-09-06 12:35:00,12,5,4,9,2,20,6,16,310,82.7,4,47,0.0851,0.125,91.4,33.0,35.3,986.2,0.0,13.8,8.6,225.3,SW,5.34,9.36,0.68
716635,2023-09-11,2023,WSH,2023-09-11 18:35:00,18,2,6,8,3,12,4,16,265,85.0,6,54,0.1111,0.1875,71.5,21.9,69.3,990.7,0.0,5.0,3.1,357.4,N,2.1,0.44,3.52
716620,2023-09-12,2023,WSH,2023-09-12 18:35:00,18,5,1,6,1,11,12,17,273,85.5,4,53,0.0755,0.0588,66.2,19.0,90.3,988.3,1.2,5.0,3.1,300.1,NW,4.96,4.43,4.88
716600,2023-09-13,2023,WSH,2023-09-13 18:35:00,18,7,6,13,3,17,6,19,300,83.0,3,50,0.06,0.1579,62.1,16.7,74.7,990.0,0.1,8.5,5.3,330.0,NW,6.72,4.55,8.08
716591,2023-09-14,2023,WSH,2023-09-14 12:35:00,12,2,0,2,2,20,1,7,208,81.9,2,38,0.0526,0.2857,69.0,20.6,44.0,994.5,0.0,10.3,6.4,350.0,N,5.55,2.24,8.2
716579,2023-09-15,2023,NYY,2023-09-15 18:35:00,18,5,7,12,0,20,12,20,347,84.5,1,53,0.0189,0.0,61.6,16.4,71.3,991.7,0.0,6.2,3.8,38.1,NE,-1.65,-3.59,0.48
716563,2023-09-16,2023,NYY,2023-09-16 18:35:00,18,3,6,9,3,20,9,13,299,83.2,3,47,0.0638,0.2308,64.3,17.9,67.0,988.4,0.0,6.1,3.8,11.7,N,1.15,-0.98,3.14
716551,2023-09-17,2023,NYY,2023-09-17 13:35:00,13,3,2,5,2,18,3,12,252,83.0,4,46,0.087,0.1667,69.1,20.6,55.3,984.4,0.7,3.4,2.1,82.7,E,-2.98,-3.38,-2.21
716398,2023-09-29,2023,MIA,2023-09-29 18:35:00,18,3,4,7,0,16,7,19,308,82.0,3,54,0.0556,0.0,66.3,19.1,85.3,993.6,0.0,5.6,3.5,340.8,N,3.73,2.07,4.93
716378,2023-09-30,2023,MIA,2023-09-30 18:35:00,18,3,7,10,1,19,3,26,331,83.1,1,61,0.0164,0.0385,65.4,18.6,81.0,996.5,0.0,6.3,3.9,44.7,NE,-2.39,-4.25,-0.24
716362,2023-10-01,2023,MIA,2023-10-01 15:05:00,15,3,0,3,0,20,6,9,268,83.2,0,38,0.0,0.0,76.9,24.9,50.3,997.1,0.0,7.4,4.6,25.0,NE,-0.32,-2.83,2.23
745524,2024-04-05,2024,BAL,2024-04-05 16:12:00,16,2,5,7,5,22,2,18,259,81.7,5,50,0.1,0.2778,42.0,5.6,46.0,985.4,0.1,24.2,15.1,315.3,NW,22.33,17.77,24.2
745522,2024-04-06,2024,BAL,2024-04-06 16:05:00,16,5,4,9,1,15,7,15,342,80.7,3,66,0.0455,0.0667,51.0,10.5,43.0,989.6,0.0,15.6,9.7,322.3,NW,13.56,10.08,15.4
745523,2024-04-07,2024,BAL,2024-04-07 13:35:00,13,3,2,5,0,12,1,13,227,84.2,4,53,0.0755,0.0,56.6,13.7,41.7,993.2,0.0,3.3,2.0,100.4,E,-3.19,-3.24,-2.77
745520,2024-04-08,2024,DET,2024-04-08 18:40:00,18,7,4,11,1,17,8,21,296,83.8,5,53,0.0943,0.0476,61.8,16.6,68.0,988.7,0.0,7.3,4.6,286.8,W,7.3,7.11,6.61
745517,2024-04-09,2024,DET,2024-04-09 12:35:00,12,3,5,8,2,12,3,17,270,84.7,5,57,0.0877,0.1176,71.7,22.1,55.0,988.7,0.0,13.9,8.6,205.0,SW,0.61,5.31,-4.17
745518,2024-04-19,2024,BOS,2024-04-19 18:40:00,18,1,8,9,4,15,5,16,285,81.1,4,55,0.0727,0.25,58.9,14.9,65.3,987.9,0.0,10.7,6.6,304.7,NW,10.46,9.06,10.6
745515,2024-04-20,2024,BOS,2024-04-20 16:05:00,16,2,4,6,2,18,10,15,307,83.0,4,49,0.0816,0.1333,50.5,10.3,42.0,990.2,0.0,20.2,12.5,313.3,NW,18.85,15.26,20.16
745514,2024-04-21,2024,BOS,2024-04-21 13:35:00,13,1,6,7,0,19,7,15,308,79.2,3,49,0.0612,0.0,48.3,9.0,43.0,990.2,0.0,16.3,10.1,294.0,NW,16.29,15.17,15.46
745519,2024-04-22,2024,MIL,2024-04-22 18:40:00,18,4,2,6,2,17,9,14,272,84.2,4,47,0.0851,0.1429,52.8,11.6,51.7,991.5,0.0,5.9,3.7,281.3,W,5.79,5.83,5.05
745516,2024-04-23,2024,MIL,2024-04-23 18:40:00,18,2,1,3,2,17,5,10,239,85.1,2,41,0.0488,0.2,58.0,14.4,53.3,984.0,0.0,9.4,5.8,235.0,SW,5.06,7.46,2.04
745513,2024-04-24,2024,MIL,2024-04-24 18:40:00,18,2,3,5,1,16,9,11,295,83.5,4,49,0.0816,0.0909,46.0,7.8,65.3,993.6,0.0,17.7,11.0,325.7,NW,14.82,10.61,17.23
745512,2024-04-25,2024,MIL,2024-04-25 12:35:00,12,5,7,12,3,19,12,20,347,81.7,7,53,0.1321,0.15,50.8,10.4,58.0,998.4,0.0,6.2,3.9,66.1,NE,-4.29,-5.58,-2.49
745510,2024-05-03,2024,COL,2024-05-03 18:40:00,18,2,3,5,2,21,2,16,298,85.0,8,48,0.1667,0.125,66.5,19.2,91.0,989.6,3.2,7.5,4.6,176.0,S,-3.33,-0.85,-5.42
745511,2024-05-04,2024,COL,2024-05-04 16:05:00,16,1,0,1,0,18,5,7,267,81.5,3,41,0.0732,0.0,67.2,19.5,69.0,989.2,0.0,17.4,10.8,128.7,SE,-16.74,-14.07,-17.39
745504,2024-05-05,2024,COL,2024-05-05 13:35:00,13,5,3,8,3,12,3,16,248,82.6,4,53,0.0755,0.1875,72.8,22.7,69.7,988.6,0.7,10.9,6.8,252.9,W,8.4,10.27,5.52
745509,2024-05-06,2024,LAA,2024-05-06 18:40:00,18,4,1,5,2,11,4,11,215,79.9,3,48,0.0625,0.1818,65.3,18.5,89.7,985.1,0.1,4.2,2.6,347.7,N,2.42,1.08,3.46
745508,2024-05-07,2024,LAA,2024-05-07 18:40:00,18,0,9,9,2,14,4,18,282,81.7,3,59,0.0508,0.1111,70.7,21.5,76.7,978.2,0.0,8.4,5.2,191.0,S,-1.68,1.24,-4.39
745507,2024-05-08,2024,LAA,2024-05-08 12:35:00,12,4,5,9,1,22,3,16,277,83.9,4,46,0.087,0.0625,78.1,25.6,40.0,978.8,0.0,20.7,12.9,270.3,W,19.17,20.69,15.34
745506,2024-05-10,2024,CHC,2024-05-10 18:40:00,18,2,7,9,1,17,6,21,287,83.5,4,58,0.069,0.0476,54.8,12.7,74.0,982.1,0.0,7.3,4.5,333.9,NW,5.45,3.48,6.77
745505,2024-05-11,2024,CHC,2024-05-11 16:05:00,16,10,9,19,6,20,15,21,357,85.4,9,50,0.18,0.2857,54.0,12.2,84.0,978.7,2.5,11.2,7.0,242.2,SW,7.18,9.7,3.8
745499,2024-05-12,2024,CHC,2024-05-12 13:35:00,13,4,5,9,4,13,13,17,354,83.4,6,62,0.0968,0.2353,61.9,16.6,47.3,985.5,0.0,16.7,10.4,308.7,NW,16.04,13.48,16.66
745503,2024-05-21,2024,SF,2024-05-21 18:40:00,18,7,6,13,2,16,8,20,364,85.2,7,62,0.1129,0.1,77.1,25.0,62.3,985.5,0.0,8.4,5.2,186.0,S,-2.39,0.51,-5.0
745502,2024-05-22,2024,SF,2024-05-22 18:40:00,18,5,9,14,2,27,14,18,384,82.0,4,49,0.0816,0.1111,73.1,22.8,76.3,984.4,3.2,10.2,6.3,205.3,SW,0.5,3.95,-3.0
745500,2024-05-23,2024,SF,2024-05-23 12:35:00,12,6,7,13,5,15,4,22,292,85.0,8,59,0.1356,0.2273,76.6,24.8,45.7,987.6,0.0,5.9,3.7,247.7,W,4.18,5.35,2.51
745501,2024-05-24,2024,ATL,2024-05-24 18:40:00,18,11,5,16,2,14,5,21,288,83.7,5,58,0.0862,0.0952,73.9,23.3,63.7,984.0,0.0,7.7,4.8,197.6,S,-0.65,2.01,-3.24
745493,2024-05-25,2024,ATL,2024-05-25 16:05:00,16,4,1,5,0,15,3,16,258,86.0,5,52,0.0962,0.0,72.0,22.2,80.7,983.6,0.4,6.5,4.0,221.0,SW,2.07,4.05,-0.17
745498,2024-05-26,2024,ATL,2024-05-26 13:35:00,13,1,8,9,2,19,5,19,296,82.0,4,52,0.0769,0.1053,79.8,26.6,60.3,983.7,0.1,11.9,7.4,151.0,SE,-9.34,-6.24,-11.32
745497,2024-06-04,2024,LAD,2024-06-04 18:40:00,18,1,0,1,1,21,6,9,270,82.8,6,39,0.1538,0.1111,77.4,25.2,63.7,984.5,0.0,7.8,4.8,134.9,SE,-7.18,-5.73,-7.76
745494,2024-06-05,2024,LAD,2024-06-05 18:40:00,18,10,6,16,2,18,7,20,302,85.9,1,54,0.0185,0.1,73.2,22.9,86.7,978.6,0.1,9.2,5.7,170.7,S,-4.83,-1.88,-7.21
745495,2024-06-06,2024,LAD,2024-06-06 18:40:00,18,7,11,18,5,26,8,27,367,82.1,6,58,0.1034,0.1852,69.2,20.7,77.3,976.2,0.5,9.3,5.8,248.2,W,6.63,8.45,4.02
745496,2024-06-07,2024,MIN,2024-06-07 18:40:00,18,3,0,3,2,20,4,12,252,81.6,2,42,0.0476,0.1667,67.0,19.4,51.7,981.0,0.0,12.6,7.8,268.7,W,11.5,12.54,9.08
745492,2024-06-08,2024,MIN,2024-06-08 16:05:00,16,4,0,4,1,15,3,16,257,84.3,3,50,0.06,0.0625,76.3,24.6,40.3,982.8,0.0,14.3,8.9,256.6,W,11.61,13.78,8.03
745491,2024-06-09,2024,MIN,2024-06-09 13:35:00,13,5,11,16,0,15,11,23,356,82.7,2,66,0.0303,0.0,72.3,22.4,39.7,980.2,0.0,17.9,11.1,297.0,NW,17.88,16.32,17.28
745490,2024-06-17,2024,CIN,2024-06-17 18:40:00,18,4,1,5,0,17,2,15,263,82.0,4,48,0.0833,0.0,82.9,28.3,63.7,991.6,0.0,5.8,3.6,222.9,SW,2.01,3.73,0.04
745488,2024-06-18,2024,CIN,2024-06-18 18:40:00,18,1,2,3,2,13,3,13,230,85.0,3,49,0.0612,0.1538,81.3,27.4,77.0,994.4,0.0,6.3,3.9,78.7,E,-5.21,-6.09,-3.7
745489,2024-06-19,2024,CIN,2024-06-19 12:35:00,12,1,0,1,1,19,3,5,237,80.2,2,37,0.0541,0.2,88.3,31.3,51.7,998.8,0.1,6.6,4.1,134.0,SE,-6.17,-4.97,-6.63
745483,2024-06-21,2024,TB,2024-06-21 18:40:00,18,3,10,13,4,10,5,22,307,83.3,6,63,0.0952,0.1818,83.7,28.7,58.3,992.7,0.1,7.8,4.9,329.1,NW,6.29,4.31,7.51
745486,2024-06-22,2024,TB,2024-06-22 16:05:00,16,4,3,7,1,18,6,10,239,85.1,2,42,0.0476,0.1,93.0,33.9,37.0,985.8,0.0,12.0,7.5,238.3,SW,7.03,9.93,3.27
745485,2024-06-23,2024,TB,2024-06-23 13:35:00,13,1,3,4,2,15,6,12,246,84.9,1,49,0.0204,0.1667,83.8,28.8,60.3,978.8,0.5,25.7,16.0,242.6,SW,16.57,22.29,8.85
745482,2024-07-02,2024,STL,2024-07-02 18:40:00,18,4,7,11,4,22,3,20,290,81.5,4,49,0.0816,0.2,77.4,25.2,47.0,992.3,0.0,10.9,6.8,127.3,SE,-10.54,-8.95,-10.86
745487,2024-07-03,2024,STL,2024-07-03 18:40:00,18,5,4,9,2,19,6,19,295,85.9,5,55,0.0909,0.1053,80.6,27.0,67.3,988.3,0.4,8.5,5.3,294.7,NW,8.46,7.84,8.06
745484,2024-07-04,2024,STL,2024-07-04 12:35:00,12,2,3,5,1,14,4,18,289,83.3,3,58,0.0517,0.0556,82.2,27.9,68.7,987.5,0.3,5.8,3.6,243.0,SW,3.74,5.02,2.02
745479,2024-07-05,2024,NYM,2024-07-05 18:40:00,18,14,2,16,8,15,8,21,287,87.2,8,52,0.1538,0.381,80.4,26.9,74.0,982.3,0.0,5.3,3.3,257.3,W,4.33,5.12,3.03
745476,2024-07-06,2024,NYM,2024-07-06 16:05:00,16,2,5,7,1,16,7,17,280,83.4,4,50,0.08,0.0588,83.6,28.7,44.3,986.0,0.0,14.6,9.1,272.7,W,13.73,14.6,11.21
745477,2024-07-07,2024,NYM,2024-07-07 13:35:00,13,2,3,5,0,19,9,15,325,83.7,2,46,0.0435,0.0,85.4,29.7,43.7,990.5,0.0,2.7,1.7,311.5,NW,2.52,2.07,2.67
745480,2024-07-08,2024,NYM,2024-07-08 12:35:00,12,8,2,10,3,11,2,16,249,84.2,5,55,0.0909,0.1875,88.4,31.3,40.0,990.0,0.0,5.6,3.5,310.6,NW,5.29,4.38,5.56
745481,2024-07-19,2024,PHI,2024-07-19 18:40:00,18,8,7,15,2,20,6,26,341,83.1,5,56,0.0893,0.0769,76.5,24.7,50.7,992.1,0.0,5.4,3.4,49.1,NE,-2.43,-3.95,-0.62
745478,2024-07-20,2024,PHI,2024-07-20 18:40:00,18,4,1,5,3,10,3,14,246,86.1,4,53,0.0755,0.2143,79.9,26.6,48.7,989.6,0.0,5.7,3.6,340.0,N,3.88,2.2,5.09
745470,2024-07-21,2024,PHI,2024-07-21 13:35:00,13,0,6,6,1,14,4,17,294,81.8,5,58,0.0862,0.0588,82.6,28.1,38.7,991.4,0.0,2.2,1.4,174.0,S,-1.05,-0.33,-1.65
745473,2024-07-22,2024,STL,2024-07-22 18:40:00,18,2,1,3,1,10,4,15,262,83.8,3,54,0.0556,0.0667,71.1,21.7,78.3,988.2,0.5,5.7,3.5,9.4,N,1.29,-0.68,3.11
745475,2024-07-23,2024,STL,2024-07-23 18:40:00,18,1,2,3,1,16,3,11,248,83.0,3,47,0.0638,0.0909,75.7,24.3,70.0,990.9,3.9,5.7,3.6,184.0,S,-1.82,0.15,-3.57
745472,2024-07-24,2024,STL,2024-07-24 12:35:00,12,5,0,5,1,9,13,11,283,83.3,1,49,0.0204,0.0909,79.3,26.3,63.7,992.5,0.9,15.7,9.7,220.0,SW,4.71,9.54,-0.68
745471,2024-08-02,2024,AZ,2024-08-02 18:40:00,18,8,9,17,5,13,7,24,333,81.9,5,64,0.0781,0.2083,75.7,24.3,81.7,984.4,0.3,7.8,4.8,292.8,NW,7.8,7.31,7.35
745474,2024-08-03,2024,AZ,2024-08-03 18:40:00,18,4,2,6,2,21,7,12,289,81.5,5,41,0.122,0.1667,72.3,22.4,90.3,984.8,0.4,3.8,2.3,261.2,W,3.22,3.69,2.36
745468,2024-08-04,2024,AZ,2024-08-04 13:35:00,13,5,6,11,2,20,9,19,324,82.8,3,50,0.06,0.1053,85.0,29.4,47.0,989.0,0.0,9.1,5.7,302.7,NW,8.99,7.9,9.0
745467,2024-08-06,2024,SD,2024-08-06 18:40:00,18,0,6,6,0,16,2,19,276,84.1,5,53,0.0943,0.0,71.9,22.2,93.7,984.9,0.4,3.6,2.2,174.1,S,-1.71,-0.53,-2.69
745469,2024-08-07,2024,SD,2024-08-07 18:40:00,18,8,9,17,4,22,11,25,402,81.9,4,65,0.0615,0.16,74.1,23.4,84.3,984.7,0.1,12.8,7.9,50.3,NE,-5.96,-9.46,-1.74
745466,2024-08-08,2024,SD,2024-08-08 12:35:00,12,6,7,13,3,13,6,19,313,84.9,4,59,0.0678,0.1579,81.7,27.6,71.3,985.4,0.2,14.7,9.1,120.0,SE,-14.54,-13.01,-14.32
745462,2024-08-16,2024,SEA,2024-08-16 18:40:00,18,5,3,8,3,19,6,13,271,86.3,3,45,0.0667,0.2308,73.8,23.2,86.0,985.9,0.0,10.8,6.7,151.9,SE,-8.32,-5.48,-10.15
745463,2024-08-17,2024,SEA,2024-08-17 13:05:00,13,7,2,9,3,23,4,17,290,83.1,6,44,0.1364,0.1765,77.5,25.3,70.3,983.7,1.2,15.2,9.4,216.2,SW,3.59,8.43,-1.68
745464,2024-08-18,2024,SEA,2024-08-18 13:35:00,13,3,10,13,4,12,5,18,292,83.9,6,60,0.1,0.2222,77.1,25.1,62.7,981.5,0.0,12.1,7.5,263.7,W,10.6,11.96,7.96
745465,2024-08-22,2024,CIN,2024-08-22 18:40:00,18,7,0,7,1,27,5,12,286,81.4,1,33,0.0303,0.0833,67.6,19.8,64.7,996.4,0.0,6.0,3.7,313.0,NW,5.59,4.54,5.97
745460,2024-08-23,2024,CIN,2024-08-23 18:40:00,18,6,5,11,1,18,6,17,281,84.5,4,49,0.0816,0.0588,70.6,21.5,61.3,996.8,0.0,6.1,3.8,56.1,NE,-3.35,-4.88,-1.42
745457,2024-08-24,2024,CIN,2024-08-24 18:40:00,18,2,10,12,1,13,5,15,279,84.8,5,54,0.0926,0.0667,75.5,24.2,59.7,995.0,0.0,6.4,4.0,70.2,E,-4.74,-5.92,-2.98
745459,2024-08-25,2024,CIN,2024-08-25 13:35:00,13,4,3,7,1,11,3,18,275,82.4,2,57,0.0351,0.0556,85.5,29.7,45.0,996.5,0.3,8.6,5.3,281.3,W,8.44,8.5,7.36
745458,2024-08-26,2024,CHC,2024-08-26 18:40:00,18,8,18,26,4,13,9,34,370,83.4,6,73,0.0822,0.1176,79.4,26.3,72.3,993.6,0.3,2.9,1.8,269.5,W,2.67,2.9,2.12
745461,2024-08-27,2024,CHC,2024-08-27 18:40:00,18,5,9,14,3,24,11,17,340,83.9,5,47,0.1064,0.1765,80.7,27.1,67.3,991.1,0.2,3.9,2.4,329.5,NW,3.14,2.14,3.76
745452,2024-08-28,2024,CHC,2024-08-28 12:35:00,12,10,14,24,3,22,15,32,395,83.6,6,62,0.0968,0.0938,89.2,31.8,50.7,990.8,0.0,6.1,3.8,277.3,W,5.86,6.05,4.96
745451,2024-09-05,2024,WSH,2024-09-05 18:40:00,18,9,4,13,1,13,14,18,327,83.1,1,53,0.0189,0.0556,70.8,21.6,54.7,994.3,0.0,8.8,5.5,118.3,SE,-8.79,-7.95,-8.57
745455,2024-09-07,2024,WSH,2024-09-06 18:40:00,18,3,5,8,2,11,10,12,305,83.8,4,52,0.0769,0.1667,68.0,20.0,88.7,986.5,7.9,7.6,4.7,248.1,W,5.43,6.92,3.29
745456,2024-09-07,2024,WSH,2024-09-07 18:40:00,18,6,8,14,1,26,9,24,350,82.7,5,51,0.098,0.0417,58.2,14.6,60.7,989.5,0.0,16.4,10.2,323.0,NW,14.1,10.41,16.09
745453,2024-09-08,2024,WSH,2024-09-08 13:35:00,13,7,3,10,4,16,0,18,236,82.5,5,54,0.0926,0.2222,67.1,19.5,33.7,992.3,0.0,15.2,9.5,290.7,W,15.23,14.47,14.14
745454,2024-09-09,2024,MIA,2024-09-09 18:40:00,18,3,2,5,1,20,3,15,280,81.8,3,47,0.0638,0.0667,66.7,19.3,47.3,991.5,0.0,10.6,6.6,235.0,SW,5.7,8.41,2.3
745446,2024-09-10,2024,MIA,2024-09-10 18:40:00,18,6,4,10,1,15,8,17,297,82.4,2,52,0.0385,0.0588,71.6,22.0,63.0,992.4,0.0,6.5,4.1,22.4,N,0.01,-2.23,2.24
745450,2024-09-11,2024,MIA,2024-09-11 12:35:00,12,3,1,4,1,10,4,12,243,81.1,3,51,0.0588,0.0833,80.7,27.1,40.0,993.9,0.0,4.0,2.5,138.3,SE,-3.6,-2.79,-3.98
745447,2024-09-13,2024,KC,2024-09-13 18:40:00,18,3,8,11,3,24,6,17,335,83.4,5,47,0.1064,0.1765,72.4,22.5,58.0,994.4,0.0,9.3,5.8,107.0,E,-9.26,-9.0,-8.4
745448,2024-09-14,2024,KC,2024-09-14 13:05:00,13,1,5,6,1,21,9,16,310,83.9,2,49,0.0408,0.0625,82.0,27.8,41.7,995.9,0.0,12.6,7.8,98.7,E,-12.27,-12.56,-10.49
745449,2024-09-15,2024,KC,2024-09-15 13:35:00,13,4,3,7,0,18,11,15,318,83.5,1,47,0.0213,0.0,82.2,27.9,32.3,997.4,0.0,14.7,9.1,112.7,SE,-14.67,-13.77,-13.8
745441,2024-09-24,2024,MIL,2024-09-24 18:40:00,18,2,7,9,0,14,6,16,302,81.8,1,56,0.0179,0.0,67.5,19.7,94.0,985.4,0.2,14.1,8.8,151.3,SE,-11.01,-7.31,-13.38
745442,2024-09-25,2024,MIL,2024-09-25 18:40:00,18,2,1,3,1,17,3,8,254,83.5,1,41,0.0244,0.125,66.3,19.1,96.3,988.0,6.0,7.9,4.9,44.7,NE,-2.98,-5.3,-0.3
745443,2024-09-26,2024,MIL,2024-09-26 12:35:00,12,2,5,7,1,16,5,19,308,82.1,3,56,0.0536,0.0526,73.0,22.8,80.0,989.2,0.0,6.6,4.1,102.6,E,-6.5,-6.5,-5.72
778461,2025-04-04,2025,NYY,2025-04-04 16:12:00,16,4,9,13,3,22,9,22,352,81.2,5,51,0.098,0.1364,59.1,15.0,62.0,996.1,0.7,3.8,2.4,55.2,NE,-2.05,-3.02,-0.83
778449,2025-04-05,2025,NYY,2025-04-05 16:05:00,16,4,10,14,2,17,7,18,303,84.2,4,51,0.0784,0.1111,63.4,17.5,95.3,987.0,2.3,8.4,5.2,265.8,W,7.53,8.38,5.78
778428,2025-04-06,2025,NYY,2025-04-06 13:35:00,13,5,4,9,0,25,8,15,374,82.1,3,55,0.0545,0.0,40.0,4.5,71.7,988.4,0.4,9.3,5.8,347.3,N,5.34,2.43,7.61
778415,2025-04-07,2025,STL,2025-04-07 18:40:00,18,8,4,12,3,18,5,19,281,84.3,4,51,0.0784,0.1579,46.6,8.1,60.0,979.0,0.3,19.0,11.8,296.7,NW,18.95,17.33,18.28
778408,2025-04-08,2025,STL,2025-04-08 18:40:00,18,3,5,8,1,19,2,13,281,81.9,4,48,0.0833,0.0769,33.2,0.7,51.7,992.0,0.0,12.0,7.5,316.7,NW,10.98,8.63,12.0
778389,2025-04-09,2025,STL,2025-04-09 12:35:00,12,2,1,3,0,20,12,12,371,79.5,5,63,0.0794,0.0,44.2,6.8,42.7,996.3,0.0,6.6,4.1,233.0,SW,3.33,5.07,1.2
778321,2025-04-14,2025,WSH,2025-04-14 18:40:00,18,10,3,13,0,13,5,20,276,83.4,1,54,0.0185,0.0,66.4,19.1,65.7,977.7,0.0,13.8,8.6,242.0,SW,8.78,11.89,4.61
778314,2025-04-15,2025,WSH,2025-04-15 18:40:00,18,0,3,3,1,14,4,12,279,82.0,2,53,0.0377,0.0833,42.1,5.6,73.0,982.6,0.9,23.4,14.5,286.3,W,23.23,22.69,20.97
778293,2025-04-16,2025,WSH,2025-04-16 18:40:00,18,6,1,7,2,9,4,11,232,83.6,2,50,0.04,0.1818,42.6,5.9,60.3,990.8,0.0,13.7,8.5,323.3,NW,11.79,8.67,13.49
778280,2025-04-17,2025,WSH,2025-04-17 12:35:00,12,1,0,1,1,14,6,10,236,81.0,3,45,0.0667,0.1,54.7,12.6,43.7,996.3,0.0,4.9,3.1,212.3,SW,0.84,2.45,-0.87
778271,2025-04-18,2025,CLE,2025-04-18 18:40:00,18,7,10,17,4,19,9,25,338,83.6,5,58,0.0862,0.16,71.7,22.1,45.7,985.5,0.0,17.0,10.6,211.7,SW,2.71,8.3,-3.2
778254,2025-04-19,2025,CLE,2025-04-19 16:05:00,16,0,3,3,1,15,5,15,287,82.3,3,49,0.0612,0.0667,72.4,22.5,68.7,990.1,0.3,18.0,11.2,264.7,W,15.89,17.8,12.06
778242,2025-04-20,2025,CLE,2025-04-20 13:35:00,13,4,5,9,2,15,5,19,336,83.3,9,62,0.1452,0.1053,63.3,17.4,41.0,999.6,0.0,5.8,3.6,61.3,NE,-3.64,-4.96,-1.87
778135,2025-04-29,2025,CHC,2025-04-29 18:40:00,18,0,9,9,4,6,8,20,295,84.1,6,64,0.0938,0.2,68.9,20.5,76.3,987.2,0.3,17.6,10.9,240.0,SW,10.69,14.81,5.28
778112,2025-04-30,2025,CHC,2025-04-30 18:40:00,18,4,3,7,0,18,5,18,266,81.2,2,48,0.0417,0.0,63.6,17.5,56.7,991.1,0.0,5.5,3.4,28.7,NE,-0.59,-2.41,1.3
778100,2025-05-01,2025,CHC,2025-05-01 12:35:00,12,3,8,11,5,4,7,16,273,87.0,8,65,0.1231,0.3125,73.7,23.2,69.0,985.7,12.2,16.6,10.3,175.4,S,-7.56,-2.06,-12.14
778090,2025-05-02,2025,SD,2025-05-02 18:40:00,18,4,9,13,2,16,8,21,348,81.5,4,57,0.0702,0.0952,63.6,17.5,88.3,984.6,2.1,8.6,5.3,201.5,S,-0.15,2.78,-3.07
778065,2025-05-03,2025,SD,2025-05-03 16:05:00,16,1,2,3,1,12,10,9,247,82.2,4,47,0.0851,0.1111,65.1,18.4,80.7,982.8,0.9,8.3,5.2,218.3,SW,2.27,4.88,-0.61
778051,2025-05-04,2025,SD,2025-05-04 13:35:00,13,0,4,4,1,18,7,18,300,84.7,2,50,0.04,0.0556,69.3,20.7,61.7,981.3,0.1,6.1,3.8,222.2,SW,2.06,3.9,-0.03
777998,2025-05-09,2025,ATL,2025-05-09 18:40:00,18,3,2,5,2,20,3,12,277,81.8,1,42,0.0238,0.1667,53.1,11.7,52.3,991.4,0.0,12.5,7.8,329.0,NW,10.04,6.89,11.98
777985,2025-05-10,2025,ATL,2025-05-10 16:05:00,16,2,3,5,1,16,12,14,339,81.4,2,62,0.0323,0.0714,70.2,21.2,39.7,992.8,0.0,8.9,5.5,270.7,W,8.23,8.86,6.61
777967,2025-05-11,2025,ATL,2025-05-11 13:35:00,13,4,3,7,0,14,6,19,279,84.9,5,55,0.0909,0.0,74.1,23.4,43.3,997.4,0.0,7.5,4.6,38.7,NE,-2.08,-4.4,0.5
777859,2025-05-19,2025,CIN,2025-05-19 18:40:00,18,1,7,8,0,18,4,17,280,83.3,3,51,0.0588,0.0,58.6,14.8,62.0,988.0,0.0,12.1,7.5,353.7,N,5.85,1.86,9.13
777847,2025-05-20,2025,CIN,2025-05-20 18:40:00,18,1,0,1,0,9,4,11,246,82.1,1,49,0.0204,0.0,59.9,15.5,66.0,983.8,0.9,11.3,7.0,70.3,E,-8.35,-10.44,-5.26
777834,2025-05-21,2025,CIN,2025-05-21 12:35:00,12,3,1,4,0,15,7,13,303,81.5,3,45,0.0667,0.0,72.0,22.2,64.0,976.4,0.2,9.8,6.1,188.8,S,-2.31,1.07,-5.42
777814,2025-05-22,2025,MIL,2025-05-22 18:40:00,18,5,8,13,4,11,10,19,310,82.5,5,58,0.0862,0.2105,50.8,10.5,90.7,982.6,0.6,16.8,10.4,281.3,W,16.48,16.6,14.38
777806,2025-05-23,2025,MIL,2025-05-23 18:40:00,18,6,5,11,3,24,11,23,407,82.3,8,54,0.1481,0.1304,51.6,10.9,68.7,988.5,0.2,13.8,8.6,292.7,NW,13.77,12.92,12.95
777794,2025-05-24,2025,MIL,2025-05-24 16:05:00,16,2,1,3,0,19,1,20,259,81.0,1,48,0.0208,0.0,59.1,15.1,51.3,993.1,0.0,16.4,10.2,312.3,NW,15.46,12.62,16.43
777776,2025-05-25,2025,MIL,2025-05-25 13:35:00,13,5,6,11,1,13,9,19,323,81.5,2,59,0.0339,0.0526,62.2,16.8,47.3,995.6,0.0,13.3,8.2,303.0,NW,13.05,11.43,13.08
777663,2025-06-03,2025,HOU,2025-06-03 18:40:00,18,0,3,3,2,17,2,9,247,82.1,4,44,0.0909,0.2222,72.8,22.7,57.0,992.0,0.0,7.9,4.9,165.7,S,-4.72,-2.28,-6.58
777648,2025-06-04,2025,HOU,2025-06-04 18:40:00,18,3,0,3,0,19,3,15,252,85.5,3,44,0.0682,0.0,78.5,25.8,63.7,991.6,0.0,7.2,4.5,191.2,S,-1.4,1.09,-3.72
777630,2025-06-05,2025,HOU,2025-06-05 18:40:00,18,2,8,10,2,23,6,15,261,85.0,3,46,0.0652,0.1333,70.1,21.2,92.0,989.5,2.8,3.6,2.2,49.8,NE,-1.64,-2.62,-0.46
777621,2025-06-06,2025,PHI,2025-06-06 18:40:00,18,5,4,9,2,18,7,18,299,80.2,5,50,0.1,0.1111,69.0,20.6,92.7,984.4,1.3,2.6,1.6,236.5,SW,1.45,2.1,0.63
777607,2025-06-07,2025,PHI,2025-06-07 16:05:00,16,2,1,3,2,13,3,9,227,84.2,2,45,0.0444,0.2222,75.6,24.2,55.3,982.4,0.0,9.5,5.9,10.0,N,2.06,-1.24,5.1
777595,2025-06-08,2025,PHI,2025-06-08 13:35:00,13,2,1,3,0,19,6,10,239,82.6,1,39,0.0256,0.0,70.9,21.6,84.3,977.5,4.0,14.1,8.8,195.1,S,-1.82,3.07,-6.49
777574,2025-06-09,2025,MIA,2025-06-09 18:40:00,18,10,3,13,1,15,7,23,285,83.5,5,59,0.0847,0.0435,68.3,20.2,90.3,981.4,0.2,7.8,4.8,209.7,SW,0.98,3.55,-1.72
777566,2025-06-10,2025,MIA,2025-06-10 18:40:00,18,2,3,5,3,15,1,14,254,85.7,3,53,0.0566,0.2143,68.1,20.0,60.3,988.1,0.0,8.7,5.4,295.7,NW,8.69,8.0,8.33
777552,2025-06-11,2025,MIA,2025-06-11 12:35:00,12,5,2,7,2,16,7,14,260,83.4,3,47,0.0638,0.1429,77.4,25.2,49.3,993.0,0.0,12.7,7.9,228.0,SW,5.48,9.08,1.22
777432,2025-06-20,2025,TEX,2025-06-20 18:40:00,18,2,6,8,2,16,6,22,285,82.2,6,59,0.1017,0.0909,70.8,21.6,85.0,991.5,0.3,4.1,2.5,204.4,SW,0.14,1.53,-1.27
777421,2025-06-21,2025,TEX,2025-06-21 16:05:00,16,2,3,5,0,16,7,9,281,83.4,1,45,0.0222,0.0,84.3,29.0,54.7,991.3,0.0,11.8,7.4,210.7,SW,1.68,5.59,-2.43
777404,2025-06-22,2025,TEX,2025-06-22 13:35:00,13,8,3,11,0,9,8,21,284,85.0,2,60,0.0333,0.0,90.3,32.4,55.7,993.4,0.0,12.2,7.6,255.0,W,9.71,11.67,6.57
777341,2025-06-27,2025,NYM,2025-06-27 18:40:00,18,9,1,10,2,14,7,18,312,85.3,4,56,0.0714,0.1111,75.3,24.0,88.7,990.3,0.2,12.1,7.5,154.3,SE,-8.99,-5.7,-11.2
777325,2025-06-28,2025,NYM,2025-06-28 16:05:00,16,9,2,11,0,17,8,22,313,85.0,1,54,0.0185,0.0,79.0,26.1,78.0,989.0,1.4,7.7,4.8,344.6,N,4.71,2.35,6.49
777313,2025-06-29,2025,NYM,2025-06-29 13:35:00,13,12,1,13,5,17,3,23,292,85.9,7,54,0.1296,0.2174,85.8,29.9,52.3,990.2,0.1,5.9,3.6,296.0,NW,5.86,5.38,5.63
777299,2025-06-30,2025,STL,2025-06-30 18:40:00,18,7,0,7,1,12,4,15,253,82.0,1,50,0.02,0.0667,75.3,24.1,87.3,984.9,7.2,11.1,6.9,209.5,SW,1.35,5.05,-2.51
777288,2025-07-01,2025,STL,2025-07-01 18:40:00,18,1,0,1,0,12,6,11,275,79.0,2,47,0.0426,0.0,74.2,23.4,84.0,985.3,0.0,5.0,3.1,253.7,W,3.87,4.7,2.58
777272,2025-07-02,2025,STL,2025-07-02 12:35:00,12,5,0,5,0,17,5,14,247,84.0,4,48,0.0833,0.0,81.1,27.3,52.7,988.3,0.0,6.4,4.0,334.3,NW,4.79,3.04,5.97
777107,2025-07-18,2025,CWS,2025-07-18 18:40:00,18,1,10,11,2,10,9,16,295,85.8,4,58,0.069,0.125,76.5,24.7,74.3,991.4,0.0,2.2,1.4,98.4,E,-2.13,-2.19,-1.82
777090,2025-07-19,2025,CWS,2025-07-19 18:40:00,18,4,10,14,0,18,7,26,296,83.9,1,60,0.0167,0.0,81.4,27.5,64.7,987.7,0.0,3.9,2.4,246.7,SW,2.74,3.54,1.61
777074,2025-07-20,2025,CWS,2025-07-20 13:35:00,13,2,7,9,2,19,4,14,288,85.1,7,48,0.1458,0.1429,82.6,28.1,63.7,985.9,0.4,16.3,10.1,292.3,W,16.33,15.37,15.33
777060,2025-07-21,2025,DET,2025-07-21 18:40:00,18,3,0,3,0,23,5,14,270,83.6,1,41,0.0244,0.0,75.2,24.0,57.3,989.6,0.0,8.3,5.2,346.7,N,4.88,2.27,6.89
777044,2025-07-22,2025,DET,2025-07-22 18:40:00,18,8,5,13,2,21,8,24,323,84.5,5,55,0.0909,0.0833,75.7,24.3,49.3,992.3,0.0,4.8,3.0,23.3,NE,-0.07,-1.72,1.59
777029,2025-07-23,2025,DET,2025-07-23 12:35:00,12,6,1,7,2,22,2,13,255,85.0,5,42,0.119,0.1538,87.9,31.1,38.3,994.5,0.0,5.0,3.1,184.0,S,-1.57,0.13,-3.09
777014,2025-07-25,2025,AZ,2025-07-25 18:40:00,18,0,1,1,0,17,8,6,308,80.6,0,54,0.0,0.0,79.2,26.2,78.7,990.7,0.1,4.3,2.7,178.4,S,-1.77,-0.31,-3.01
777002,2025-07-26,2025,AZ,2025-07-26 18:40:00,18,2,0,2,1,13,3,10,252,82.4,1,48,0.0208,0.1,76.2,24.6,82.3,991.0,5.7,7.2,4.5,106.5,E,-7.19,-7.02,-6.5
776984,2025-07-27,2025,AZ,2025-07-27 13:35:00,13,6,0,6,0,18,3,14,272,82.6,2,46,0.0435,0.0,83.2,28.4,68.0,990.5,0.0,11.9,7.4,272.0,W,11.18,11.93,9.08
776879,2025-08-04,2025,SF,2025-08-04 18:40:00,18,5,4,9,1,19,8,13,335,81.5,1,47,0.0213,0.0769,79.0,26.1,41.0,994.1,0.0,9.3,5.8,101.3,E,-9.09,-9.16,-7.93
776866,2025-08-05,2025,SF,2025-08-05 18:40:00,18,1,8,9,3,21,5,18,293,82.5,6,50,0.12,0.1667,78.7,26.0,46.7,996.8,0.0,9.7,6.0,79.0,E,-8.06,-9.4,-5.75
776844,2025-08-06,2025,SF,2025-08-06 12:35:00,12,2,4,6,1,15,4,15,308,82.3,1,53,0.0189,0.0667,82.0,27.8,36.3,999.4,0.0,13.1,8.2,123.3,SE,-12.9,-11.28,-12.97
776840,2025-08-07,2025,CIN,2025-08-07 18:40:00,18,7,0,7,2,16,8,19,322,84.0,4,53,0.0755,0.1053,79.2,26.2,45.0,995.5,0.0,12.1,7.5,136.0,SE,-11.07,-8.75,-12.04
776829,2025-08-08,2025,CIN,2025-08-08 18:40:00,18,3,2,5,0,21,5,13,269,82.4,0,41,0.0,0.0,80.5,26.9,47.7,993.7,0.0,9.6,6.0,126.7,SE,-9.34,-7.97,-9.58
776812,2025-08-09,2025,CIN,2025-08-09 18:40:00,18,1,2,3,0,15,6,11,274,83.7,1,48,0.0208,0.0,82.9,28.3,40.3,994.2,0.0,7.9,4.9,115.7,SE,-7.92,-7.29,-7.59
776801,2025-08-10,2025,CIN,2025-08-10 13:35:00,13,8,14,22,3,18,11,30,367,84.3,6,65,0.0923,0.1,89.6,32.0,34.3,995.0,0.0,5.4,3.4,155.0,SE,-3.98,-2.49,-4.99
776694,2025-08-18,2025,TOR,2025-08-18 18:40:00,18,5,2,7,0,19,7,12,288,82.8,1,43,0.0233,0.0,77.5,25.3,43.0,991.7,0.0,5.7,3.6,40.6,NE,-1.79,-3.54,0.19
776679,2025-08-19,2025,TOR,2025-08-19 18:40:00,18,3,7,10,2,17,7,18,322,82.8,3,53,0.0566,0.1111,80.8,27.1,60.0,987.3,0.0,15.4,9.6,126.3,SE,-14.95,-12.79,-15.31
776661,2025-08-20,2025,TOR,2025-08-20 12:35:00,12,2,1,3,1,20,5,11,272,81.1,0,39,0.0,0.0909,80.5,27.0,66.0,986.6,1.8,9.6,6.0,327.7,NW,7.85,5.48,9.26
776637,2025-08-22,2025,COL,2025-08-22 18:40:00,18,9,0,9,3,15,4,17,263,86.9,6,50,0.12,0.1765,77.6,25.3,55.3,988.9,0.0,8.2,5.1,73.3,E,-6.33,-7.71,-4.19
776632,2025-08-23,2025,COL,2025-08-23 18:40:00,18,5,1,6,3,23,5,17,302,82.5,4,42,0.0952,0.1765,81.8,27.7,47.3,984.9,0.2,9.5,5.9,235.0,SW,5.12,7.56,2.06
776610,2025-08-24,2025,COL,2025-08-24 12:05:00,12,4,0,4,1,13,5,10,255,83.2,2,47,0.0426,0.1,82.6,28.1,43.7,984.6,0.0,11.8,7.3,263.0,W,10.27,11.64,7.66
776496,2025-09-02,2025,LAD,2025-09-02 18:40:00,18,9,7,16,2,13,10,20,319,85.1,6,56,0.1071,0.1,72.8,22.7,36.0,989.5,0.0,5.5,3.4,149.8,SE,-4.4,-2.99,-5.28
776479,2025-09-03,2025,LAD,2025-09-03 18:40:00,18,3,0,3,2,17,8,12,288,82.5,5,45,0.1111,0.1667,70.0,21.1,66.7,982.8,0.1,8.3,5.2,191.8,S,-1.54,1.34,-4.24
776461,2025-09-04,2025,LAD,2025-09-04 18:40:00,18,5,3,8,1,23,4,17,286,82.0,2,44,0.0455,0.0588,63.7,17.6,88.3,981.9,0.0,5.4,3.4,182.3,S,-1.86,-0.02,-3.48
776453,2025-09-05,2025,MIL,2025-09-05 18:40:00,18,2,5,7,0,16,6,16,290,84.6,2,54,0.037,0.0,72.3,22.4,76.3,984.9,0.1,12.0,7.4,227.0,SW,4.96,8.39,0.94
776441,2025-09-06,2025,MIL,2025-09-06 18:40:00,18,1,4,5,2,18,4,13,280,82.1,3,46,0.0652,0.1538,61.3,16.3,73.7,989.4,0.0,9.7,6.0,223.3,SW,3.44,6.32,0.14
776419,2025-09-07,2025,MIL,2025-09-07 13:35:00,13,2,10,12,0,21,10,19,328,81.6,0,48,0.0,0.0,66.6,19.2,39.0,993.6,0.0,12.6,7.8,302.3,NW,12.45,10.96,12.43
776318,2025-09-15,2025,CHC,2025-09-15 18:40:00,18,0,4,4,2,12,9,12,312,84.0,4,53,0.0755,0.1667,77.0,25.0,44.3,994.4,0.0,7.5,4.7,62.7,NE,-4.86,-6.53,-2.6
776308,2025-09-16,2025,CHC,2025-09-16 18:40:00,18,1,4,5,1,25,6,18,318,81.9,2,45,0.0444,0.0556,75.9,24.4,44.0,993.0,0.0,2.8,1.8,123.1,SE,-2.79,-2.44,-2.8
776287,2025-09-17,2025,CHC,2025-09-17 12:35:00,12,4,8,12,3,17,10,19,377,84.7,10,57,0.1754,0.1579,80.1,26.7,38.3,991.3,0.0,6.4,4.0,36.3,NE,-1.54,-3.58,0.69
776266,2025-09-19,2025,ATH,2025-09-19 18:40:00,18,3,4,7,2,15,6,14,291,82.3,4,53,0.0755,0.1429,74.9,23.8,63.0,991.5,0.2,8.0,5.0,350.0,N,4.32,1.74,6.37
776249,2025-09-20,2025,ATH,2025-09-20 18:40:00,18,2,0,2,2,19,2,6,225,82.4,4,37,0.1081,0.3333,71.1,21.7,79.3,993.7,0.9,5.8,3.6,139.8,SE,-5.18,-3.95,-5.79
776234,2025-09-21,2025,ATH,2025-09-21 13:35:00,13,11,0,11,2,17,4,23,301,85.0,5,55,0.0909,0.087,78.6,25.9,57.0,992.3,0.8,13.4,8.3,148.3,SE,-10.87,-7.53,-12.89
