game_pk,game_date,season,away_team,game_start,start_hour,home_runs_scored,away_runs_scored,total_runs,home_runs_hit,strikeouts,walks,hits,total_pitches,avg_exit_velocity,n_barrels,n_bbe,barrel_rate,hr_h_ratio,home_bat_hr,home_bat_k,home_bat_bb,home_bat_h,home_bat_pitches,home_bat_exit_velo,home_bat_bbe,home_bat_hr_h_ratio,away_bat_hr,away_bat_k,away_bat_bb,away_bat_h,away_bat_pitches,away_bat_exit_velo,away_bat_bbe,away_bat_hr_h_ratio,temp_f,temp_c,rhum,pres,prcp,wspd,wspd_mph,wdir,wind_dir_bucket,wind_cf,wind_lcf,wind_rcf,day_night
490111,2017-04-03,2017,SEA,2017-04-03 19:10:00,19,3,0,3,2,14,5,9,226,83.7,2,43,0.0465,0.2222,2.0,6.0,1.0,6.0,104.0,82.8,35.0,0.3333,0.0,8.0,4.0,3.0,122.0,84.9,28.0,0.0,72.6,22.5,68.0,1003.0,0.0,9.6,6.0,206.7,SW,6.3,3.43,8.41,night
490119,2017-04-04,2017,SEA,2017-04-04 19:10:00,19,2,1,3,2,14,5,12,240,81.9,0,48,0.0,0.1667,2.0,3.0,3.0,5.0,110.0,82.8,27.0,0.4,0.0,11.0,1.0,7.0,130.0,81.2,32.0,0.0,73.9,23.3,83.0,1002.7,0.0,15.0,9.3,150.7,SE,14.89,14.61,13.38,night
490133,2017-04-05,2017,SEA,2017-04-05 19:10:00,19,5,3,8,2,23,11,19,422,80.1,3,74,0.0405,0.1053,1.0,9.0,3.0,13.0,216.0,79.5,68.0,0.0769,1.0,14.0,8.0,6.0,206.0,80.9,46.0,0.1667,64.0,17.8,47.0,1015.3,0.0,11.5,7.2,336.7,NW,-11.53,-10.89,-10.78,night
490146,2017-04-06,2017,SEA,2017-04-06 19:10:00,19,2,4,6,3,18,7,13,286,82.8,4,47,0.0851,0.2308,2.0,10.0,2.0,6.0,143.0,83.8,37.0,0.3333,1.0,8.0,4.0,7.0,143.0,81.7,34.0,0.1429,68.6,20.3,45.3,1018.5,0.0,6.3,3.9,28.1,NE,-4.02,-2.1,-5.45,night
490153,2017-04-07,2017,KC,2017-04-07 19:10:00,19,1,5,6,1,13,9,16,306,80.4,2,52,0.0385,0.0625,0.0,8.0,3.0,6.0,135.0,83.1,28.0,0.0,1.0,5.0,6.0,10.0,171.0,78.8,48.0,0.1,67.9,19.9,60.0,1017.4,0.0,11.4,7.1,168.7,S,11.15,9.72,11.23,night
490168,2017-04-08,2017,KC,2017-04-08 18:10:00,18,3,7,10,4,11,4,16,244,83.7,3,55,0.0545,0.25,1.0,4.0,2.0,9.0,113.0,84.9,34.0,0.1111,3.0,7.0,2.0,7.0,131.0,82.5,36.0,0.4286,71.4,21.9,59.7,1012.6,0.0,19.0,11.8,162.3,S,18.93,17.24,18.34,night
490183,2017-04-09,2017,KC,2017-04-09 13:10:00,13,5,4,9,6,24,8,21,366,82.5,5,62,0.0806,0.2857,3.0,7.0,6.0,12.0,200.0,83.9,47.0,0.25,3.0,17.0,0.0,9.0,166.0,80.6,37.0,0.3333,77.8,25.5,58.0,1012.4,0.0,27.5,17.1,165.0,S,27.23,24.36,26.82,day
490288,2017-04-17,2017,LAA,2017-04-17 19:10:00,19,3,0,3,0,15,4,14,253,82.6,1,47,0.0213,0.0,0.0,5.0,2.0,9.0,113.0,82.8,33.0,0.0,0.0,10.0,2.0,5.0,140.0,82.3,28.0,0.0,69.3,20.7,93.3,1012.6,3.3,8.4,5.2,14.1,N,-6.77,-4.65,-8.08,night
490302,2017-04-18,2017,LAA,2017-04-18 19:10:00,19,2,5,7,4,18,4,20,300,82.0,2,52,0.0385,0.2,2.0,7.0,1.0,11.0,147.0,85.8,35.0,0.1818,2.0,11.0,3.0,9.0,153.0,78.8,42.0,0.2222,70.2,21.2,89.7,1013.4,1.2,11.2,7.0,94.0,E,4.99,8.12,1.26,night
490317,2017-04-19,2017,LAA,2017-04-19 19:10:00,19,5,1,6,1,16,3,17,245,80.9,1,46,0.0217,0.0588,1.0,9.0,2.0,9.0,127.0,81.8,27.0,0.1111,0.0,7.0,1.0,8.0,118.0,80.1,35.0,0.0,73.8,23.2,83.0,1014.4,0.0,10.1,6.3,137.9,SE,9.51,10.1,7.78,night
490331,2017-04-20,2017,LAA,2017-04-20 13:10:00,13,2,1,3,3,20,5,9,249,85.5,1,38,0.0263,0.3333,2.0,8.0,2.0,3.0,110.0,86.1,31.0,0.6667,1.0,12.0,3.0,6.0,139.0,84.8,28.0,0.1667,81.6,27.5,67.0,1013.8,0.8,13.3,8.2,147.7,SE,13.07,13.06,11.51,day
490439,2017-04-28,2017,ATH,2017-04-28 19:10:00,19,9,4,13,3,19,2,21,274,85.4,3,53,0.0566,0.1429,1.0,5.0,2.0,14.0,140.0,85.6,42.0,0.0714,2.0,14.0,0.0,7.0,134.0,85.2,32.0,0.2857,79.2,26.2,88.7,1002.0,0.0,20.9,13.0,140.3,SE,19.94,20.84,16.63,night
490454,2017-04-29,2017,ATH,2017-04-29 18:10:00,18,1,2,3,3,19,3,15,251,79.4,1,47,0.0213,0.2,1.0,9.0,0.0,7.0,114.0,77.5,32.0,0.1429,2.0,10.0,3.0,8.0,137.0,81.3,33.0,0.25,79.9,26.6,84.0,999.1,0.3,29.2,18.1,160.3,S,29.13,26.88,27.87,night
490469,2017-04-30,2017,ATH,2017-04-30 13:10:00,13,7,2,9,1,18,6,16,271,85.0,3,48,0.0625,0.0625,1.0,8.0,1.0,10.0,134.0,86.9,36.0,0.1,0.0,10.0,5.0,6.0,137.0,82.8,31.0,0.0,67.3,19.6,42.7,1010.6,0.0,18.5,11.5,303.3,NW,-15.28,-17.91,-10.81,day
490484,2017-05-01,2017,TEX,2017-05-01 19:10:00,19,6,2,8,1,16,6,14,278,83.5,1,48,0.0208,0.0714,0.0,4.0,3.0,8.0,125.0,80.9,36.0,0.0,1.0,12.0,3.0,6.0,153.0,87.0,26.0,0.1667,71.8,22.1,50.0,1010.8,0.0,14.3,8.9,162.3,S,14.25,12.98,13.8,night
490499,2017-05-02,2017,TEX,2017-05-02 19:10:00,19,8,7,15,8,21,5,21,293,86.3,6,51,0.1176,0.381,3.0,5.0,3.0,11.0,142.0,88.6,38.0,0.2727,5.0,16.0,2.0,10.0,151.0,83.7,34.0,0.5,73.5,23.0,77.3,1010.0,0.0,16.0,10.0,115.3,SE,11.88,14.85,7.49,night
490514,2017-05-03,2017,TEX,2017-05-03 19:10:00,19,10,1,11,4,14,8,18,293,83.3,4,52,0.0769,0.2222,4.0,1.0,3.0,13.0,143.0,84.6,42.0,0.3077,0.0,13.0,5.0,5.0,150.0,80.8,23.0,0.0,70.9,21.6,92.0,1005.0,16.7,15.8,9.8,298.9,NW,-12.35,-14.98,-8.24,night
490528,2017-05-04,2017,TEX,2017-05-04 13:10:00,13,4,10,14,4,21,14,21,356,83.1,6,54,0.1111,0.1905,1.0,11.0,10.0,10.0,197.0,83.3,43.0,0.1,3.0,10.0,4.0,11.0,159.0,82.8,39.0,0.2727,70.2,21.2,36.0,1012.4,0.0,32.7,20.3,325.7,NW,-32.01,-32.37,-27.78,day
490583,2017-05-09,2017,ATL,2017-05-09 19:10:00,19,8,3,11,3,15,6,15,270,85.6,4,51,0.0784,0.2,3.0,5.0,2.0,9.0,134.0,85.0,41.0,0.3333,0.0,10.0,4.0,6.0,136.0,86.3,29.0,0.0,75.1,23.9,79.7,1012.1,0.0,14.6,9.1,133.0,SE,13.32,14.59,10.44,night
490598,2017-05-10,2017,ATL,2017-05-10 13:10:00,13,4,2,6,2,13,10,13,280,80.9,2,46,0.0435,0.1538,0.0,5.0,6.0,7.0,138.0,83.0,38.0,0.0,2.0,8.0,4.0,6.0,142.0,78.6,37.0,0.3333,79.2,26.2,66.7,1012.5,0.2,25.0,15.6,148.0,SE,24.69,24.61,21.79,day
490721,2017-05-19,2017,CLE,2017-05-19 19:10:00,19,3,5,8,5,21,6,14,304,84.5,2,46,0.0435,0.3571,2.0,11.0,2.0,5.0,142.0,81.6,39.0,0.4,3.0,10.0,4.0,9.0,162.0,87.9,33.0,0.3333,78.9,26.0,84.7,1006.2,0.6,17.9,11.1,137.0,SE,16.77,17.9,13.61,night
490736,2017-05-20,2017,CLE,2017-05-20 15:10:00,15,0,3,3,1,15,3,11,259,82.6,2,47,0.0426,0.0909,0.0,10.0,2.0,3.0,134.0,80.2,30.0,0.0,1.0,5.0,1.0,8.0,125.0,84.5,37.0,0.125,84.7,29.3,64.7,1008.2,0.1,13.6,8.5,152.0,SE,13.57,13.2,12.31,day
490751,2017-05-21,2017,CLE,2017-05-21 13:10:00,13,6,8,14,5,21,9,16,323,83.9,3,47,0.0638,0.3125,4.0,9.0,4.0,6.0,158.0,81.8,44.0,0.6667,1.0,12.0,5.0,10.0,165.0,86.5,35.0,0.1,82.2,27.9,70.0,1013.4,1.3,17.7,11.0,95.7,E,8.35,13.17,2.52,day
490766,2017-05-22,2017,DET,2017-05-22 19:10:00,19,1,0,1,0,21,4,10,253,83.3,2,37,0.0541,0.0,0.0,7.0,2.0,9.0,134.0,83.5,34.0,0.0,0.0,14.0,2.0,1.0,119.0,82.8,18.0,0.0,71.5,21.9,88.3,1008.2,0.0,13.6,8.5,353.3,N,-13.08,-11.03,-13.56,night
490775,2017-05-23,2017,DET,2017-05-23 19:10:00,19,6,2,8,3,12,7,12,297,79.5,3,51,0.0588,0.25,2.0,4.0,2.0,8.0,131.0,83.3,38.0,0.25,1.0,8.0,4.0,4.0,166.0,75.7,37.0,0.25,74.1,23.4,79.7,1005.7,5.4,11.4,7.1,313.7,NW,-10.46,-11.41,-8.25,night
490790,2017-05-24,2017,DET,2017-05-24 19:10:00,19,3,6,9,2,15,6,14,280,80.6,0,51,0.0,0.1429,1.0,6.0,2.0,6.0,135.0,81.3,45.0,0.1667,1.0,9.0,3.0,8.0,145.0,79.6,34.0,0.125,73.2,22.9,56.7,1004.1,0.0,8.5,5.3,321.3,NW,-8.2,-8.51,-6.89,night
490805,2017-05-25,2017,DET,2017-05-25 19:10:00,19,7,6,13,6,11,9,25,322,84.7,5,61,0.082,0.24,4.0,5.0,4.0,11.0,145.0,85.2,47.0,0.3636,2.0,6.0,4.0,14.0,177.0,84.3,51.0,0.1429,76.6,24.8,71.7,1005.6,0.0,17.8,11.0,160.0,S,17.75,16.41,16.94,night
490816,2017-05-26,2017,BAL,2017-05-26 19:10:00,19,2,0,2,2,11,0,17,247,83.7,2,56,0.0357,0.1176,2.0,3.0,0.0,10.0,120.0,87.8,40.0,0.2,0.0,8.0,0.0,7.0,127.0,78.8,33.0,0.0,80.5,27.0,84.0,1009.0,0.0,16.5,10.3,156.7,SE,16.53,15.62,15.45,night
490831,2017-05-27,2017,BAL,2017-05-27 18:15:00,18,5,2,7,1,18,5,18,276,82.8,4,47,0.0851,0.0556,1.0,5.0,3.0,11.0,144.0,84.7,35.0,0.0909,0.0,13.0,2.0,7.0,132.0,80.4,27.0,0.0,83.0,28.3,79.0,1008.4,0.0,19.5,12.1,157.0,SE,19.53,18.41,18.3,night
490846,2017-05-28,2017,BAL,2017-05-28 13:10:00,13,8,4,12,3,19,3,18,309,82.9,3,50,0.06,0.1667,1.0,6.0,1.0,11.0,146.0,84.3,39.0,0.0909,2.0,13.0,2.0,7.0,163.0,81.4,36.0,0.2857,83.5,28.6,78.0,1010.5,1.0,21.5,13.4,146.3,SE,21.13,21.28,18.43,day
491011,2017-06-09,2017,LAA,2017-06-09 19:10:00,19,4,9,13,2,8,7,21,297,86.7,2,62,0.0323,0.0952,1.0,4.0,1.0,8.0,116.0,87.7,43.0,0.125,1.0,4.0,6.0,13.0,181.0,85.8,46.0,0.0769,78.9,26.0,67.7,1008.4,0.0,11.4,7.1,144.3,SE,11.1,11.32,9.54,night
491026,2017-06-10,2017,LAA,2017-06-10 15:10:00,15,3,1,4,1,14,4,12,254,83.1,1,46,0.0217,0.0833,1.0,2.0,1.0,10.0,130.0,86.3,35.0,0.1,0.0,12.0,3.0,2.0,124.0,79.7,33.0,0.0,84.3,29.1,57.7,1009.6,0.1,18.3,11.4,150.3,SE,18.16,17.84,16.28,day
491042,2017-06-11,2017,LAA,2017-06-11 13:10:00,13,6,12,18,4,21,10,22,332,85.2,2,54,0.037,0.1818,2.0,8.0,5.0,10.0,153.0,89.1,41.0,0.2,2.0,13.0,5.0,12.0,179.0,81.5,44.0,0.1667,83.4,28.6,74.3,1010.6,1.6,17.5,10.9,118.7,SE,13.61,16.53,9.05,day
491059,2017-06-12,2017,TEX,2017-06-12 19:10:00,19,1,6,7,1,14,7,11,284,81.0,2,49,0.0408,0.0909,0.0,5.0,4.0,2.0,136.0,79.1,37.0,0.0,1.0,9.0,3.0,9.0,148.0,83.0,34.0,0.1111,80.4,26.9,83.0,1009.7,0.9,11.1,6.9,133.0,SE,10.07,11.03,7.89,night
491074,2017-06-13,2017,TEX,2017-06-13 19:10:00,19,2,4,6,4,20,7,13,289,80.1,2,45,0.0444,0.3077,2.0,4.0,2.0,7.0,135.0,79.8,42.0,0.2857,2.0,16.0,5.0,6.0,154.0,80.5,29.0,0.3333,81.3,27.4,81.7,1009.8,0.6,15.6,9.7,135.7,SE,14.48,15.59,11.62,night
491089,2017-06-14,2017,TEX,2017-06-14 19:10:00,19,13,2,15,3,21,6,26,327,84.1,3,52,0.0577,0.1154,2.0,7.0,4.0,19.0,190.0,85.4,54.0,0.1053,1.0,14.0,2.0,7.0,137.0,81.8,30.0,0.1429,82.8,28.2,79.0,1010.8,0.1,14.1,8.8,165.3,S,13.97,12.47,13.78,night
491101,2017-06-16,2017,BOS,2017-06-16 19:10:00,19,1,2,3,2,12,7,13,274,79.3,1,50,0.02,0.1538,1.0,6.0,4.0,6.0,154.0,77.2,46.0,0.1667,1.0,6.0,2.0,7.0,120.0,82.0,36.0,0.1429,84.2,29.0,73.3,1006.5,0.0,19.4,12.1,175.7,S,18.46,15.28,19.42,night
491116,2017-06-17,2017,BOS,2017-06-17 19:15:00,19,7,1,8,3,11,2,14,240,80.7,2,52,0.0385,0.2143,2.0,5.0,1.0,11.0,128.0,81.3,43.0,0.1818,1.0,6.0,1.0,3.0,112.0,79.8,30.0,0.3333,84.7,29.3,73.3,1005.1,0.0,17.6,11.0,167.0,S,17.39,15.35,17.34,night
491131,2017-06-18,2017,BOS,2017-06-18 19:05:00,19,5,6,11,5,18,8,22,329,84.3,5,53,0.0943,0.2273,3.0,8.0,6.0,14.0,192.0,84.9,47.0,0.2143,2.0,10.0,2.0,8.0,137.0,83.7,36.0,0.25,84.4,29.1,73.3,1007.0,0.0,16.8,10.5,158.3,S,16.83,15.73,15.9,night
491260,2017-06-27,2017,ATH,2017-06-27 19:10:00,19,4,6,10,2,16,5,23,320,80.5,3,58,0.0517,0.087,1.0,6.0,3.0,14.0,153.0,81.7,45.0,0.0714,1.0,10.0,2.0,9.0,167.0,79.4,52.0,0.1111,76.6,24.8,89.0,1011.4,0.0,8.3,5.2,82.7,E,2.18,4.8,-0.7,night
491275,2017-06-28,2017,ATH,2017-06-28 19:10:00,19,11,8,19,6,21,4,25,317,83.7,6,54,0.1111,0.24,1.0,4.0,3.0,17.0,159.0,87.0,46.0,0.0588,5.0,17.0,1.0,8.0,158.0,79.7,38.0,0.625,79.6,26.5,82.7,1008.1,0.2,12.8,8.0,107.3,E,8.22,11.1,4.35,night
491289,2017-06-29,2017,ATH,2017-06-29 13:10:00,13,6,1,7,2,18,10,15,324,80.2,3,47,0.0638,0.1333,2.0,4.0,2.0,10.0,152.0,82.6,41.0,0.2,0.0,14.0,7.0,5.0,172.0,77.8,43.0,0.0,84.3,29.1,77.0,1009.9,0.4,15.8,9.8,182.7,S,14.27,11.12,15.7,day
491301,2017-06-30,2017,NYY,2017-06-30 19:10:00,19,4,13,17,1,15,7,23,303,84.6,2,62,0.0323,0.0435,0.0,4.0,0.0,9.0,121.0,87.3,44.0,0.0,1.0,11.0,7.0,14.0,182.0,81.8,42.0,0.0714,80.2,26.8,90.0,1011.4,0.6,15.6,9.7,153.8,SE,15.53,14.94,14.25,night
491316,2017-07-01,2017,NYY,2017-07-01 18:15:00,18,7,6,13,5,18,7,18,305,85.4,3,47,0.0638,0.2778,3.0,9.0,4.0,8.0,146.0,88.7,32.0,0.375,2.0,9.0,3.0,10.0,159.0,83.2,47.0,0.2,84.9,29.4,71.3,1014.2,0.0,14.6,9.1,163.7,S,14.55,13.13,14.21,night
491331,2017-07-02,2017,NYY,2017-07-02 13:10:00,13,8,1,9,2,21,7,20,328,80.9,3,49,0.0612,0.1,2.0,8.0,2.0,14.0,140.0,82.8,44.0,0.1429,0.0,13.0,5.0,6.0,188.0,79.2,49.0,0.0,88.2,31.2,65.0,1016.7,0.4,13.0,8.1,172.7,S,12.52,10.6,12.92,day
491440,2017-07-14,2017,MIN,2017-07-14 19:10:00,19,10,5,15,3,18,14,19,366,79.5,1,53,0.0189,0.1579,2.0,5.0,4.0,14.0,183.0,82.7,50.0,0.1429,1.0,13.0,9.0,5.0,183.0,74.8,34.0,0.2,80.6,27.0,88.3,1014.4,0.0,8.1,5.0,178.3,S,7.54,6.1,8.07,night
491455,2017-07-15,2017,MIN,2017-07-15 18:10:00,18,2,4,6,2,15,10,18,306,86.4,3,55,0.0545,0.1111,1.0,4.0,6.0,7.0,157.0,86.4,40.0,0.1429,1.0,11.0,3.0,11.0,149.0,86.5,32.0,0.0909,78.4,25.8,87.0,1011.8,1.6,3.4,2.1,155.6,SE,3.36,3.2,3.12,night
491470,2017-07-16,2017,MIN,2017-07-16 13:10:00,13,5,3,8,2,21,5,12,257,79.1,2,40,0.05,0.1667,0.0,9.0,4.0,7.0,136.0,78.6,29.0,0.0,2.0,12.0,1.0,5.0,121.0,79.6,32.0,0.4,84.7,29.3,77.7,1010.7,5.1,7.3,4.5,109.0,E,4.82,6.39,2.67,day
491487,2017-07-17,2017,SEA,2017-07-17 19:10:00,19,7,9,16,6,19,7,23,356,85.7,6,64,0.0938,0.2609,2.0,8.0,2.0,12.0,176.0,84.9,54.0,0.1667,4.0,11.0,3.0,11.0,180.0,86.5,43.0,0.3636,79.7,26.5,91.0,1010.1,0.0,7.9,4.9,139.3,SE,7.54,7.93,6.24,night
491502,2017-07-18,2017,SEA,2017-07-18 19:10:00,19,6,2,8,2,16,3,16,264,82.8,3,47,0.0638,0.125,2.0,6.0,2.0,10.0,126.0,87.3,33.0,0.2,0.0,10.0,1.0,6.0,138.0,78.4,34.0,0.0,83.4,28.6,79.3,1013.6,0.0,7.0,4.3,141.3,SE,6.69,6.95,5.62,night
491517,2017-07-19,2017,SEA,2017-07-19 13:10:00,13,1,4,5,1,20,3,14,286,78.1,1,47,0.0213,0.0714,0.0,10.0,2.0,8.0,144.0,79.5,47.0,0.0,1.0,10.0,1.0,6.0,142.0,76.3,37.0,0.1667,86.3,30.2,73.0,1017.1,3.6,8.4,5.2,146.2,SE,8.27,8.34,7.21,day
491678,2017-07-31,2017,TB,2017-07-31 19:10:00,19,14,7,21,6,10,11,24,318,82.8,5,66,0.0758,0.25,3.0,2.0,5.0,17.0,154.0,88.0,49.0,0.1765,3.0,8.0,6.0,7.0,164.0,76.8,43.0,0.4286,84.6,29.2,65.3,1011.8,0.0,3.9,2.4,34.6,NE,-2.12,-0.87,-3.11,night
491693,2017-08-01,2017,TB,2017-08-01 19:10:00,19,4,6,10,4,14,4,19,296,81.1,5,56,0.0893,0.2105,2.0,6.0,1.0,7.0,147.0,83.4,43.0,0.2857,2.0,8.0,3.0,12.0,149.0,78.8,43.0,0.1667,82.3,27.9,76.3,1011.7,0.0,9.5,5.9,105.7,E,5.89,8.1,2.97,night
491708,2017-08-02,2017,TB,2017-08-02 19:10:00,19,0,3,3,1,11,7,14,270,80.6,1,56,0.0179,0.0714,0.0,4.0,3.0,5.0,128.0,81.6,40.0,0.0,1.0,7.0,4.0,9.0,142.0,79.6,35.0,0.1111,76.3,24.6,93.3,1012.1,0.7,7.2,4.5,11.7,N,-5.98,-4.23,-7.01,night
491722,2017-08-03,2017,TB,2017-08-03 19:10:00,19,3,5,8,2,18,6,17,310,83.3,0,53,0.0,0.1176,1.0,10.0,1.0,9.0,149.0,82.2,40.0,0.1111,1.0,8.0,5.0,8.0,161.0,84.2,43.0,0.125,81.3,27.4,88.3,1011.7,1.5,4.9,3.0,189.1,S,4.17,3.04,4.8,night
491737,2017-08-04,2017,TOR,2017-08-04 19:10:00,19,16,7,23,8,8,9,28,308,85.8,5,67,0.0746,0.2857,5.0,1.0,7.0,18.0,175.0,85.6,50.0,0.2778,3.0,7.0,2.0,10.0,133.0,86.2,39.0,0.3,82.2,27.9,83.0,1012.0,0.0,6.1,3.8,113.7,SE,4.4,5.58,2.69,night
491752,2017-08-05,2017,TOR,2017-08-05 18:10:00,18,3,4,7,2,23,8,14,299,79.9,2,50,0.04,0.1429,2.0,11.0,3.0,5.0,138.0,80.3,41.0,0.4,0.0,12.0,5.0,9.0,161.0,79.4,36.0,0.0,82.7,28.2,83.7,1010.0,1.5,12.8,7.9,152.0,SE,12.71,12.36,11.52,night
491767,2017-08-06,2017,TOR,2017-08-06 13:10:00,13,7,6,13,2,18,7,24,320,80.2,3,59,0.0508,0.0833,0.0,9.0,2.0,16.0,160.0,83.2,44.0,0.0,2.0,9.0,4.0,8.0,160.0,77.4,47.0,0.25,85.3,29.6,75.0,1010.3,1.4,22.6,14.0,176.7,S,21.35,17.52,22.6,day
491888,2017-08-16,2017,AZ,2017-08-16 19:10:00,19,9,5,14,5,18,6,25,305,83.1,4,55,0.0727,0.2,2.0,5.0,2.0,16.0,152.0,82.8,46.0,0.125,3.0,13.0,4.0,9.0,153.0,83.4,35.0,0.3333,84.0,28.9,80.7,1011.4,0.0,16.1,10.0,161.7,S,16.06,14.69,15.49,night
491903,2017-08-17,2017,AZ,2017-08-17 13:10:00,13,0,4,4,2,17,4,14,249,79.7,2,46,0.0435,0.1429,0.0,8.0,1.0,4.0,112.0,78.1,28.0,0.0,2.0,9.0,2.0,10.0,137.0,81.0,33.0,0.2,92.2,33.5,53.0,1013.8,0.0,15.1,9.4,205.0,SW,10.22,5.79,13.42,day
491922,2017-08-18,2017,ATH,2017-08-18 19:10:00,19,3,1,4,3,8,2,12,264,82.9,3,53,0.0566,0.25,2.0,2.0,1.0,7.0,124.0,86.1,42.0,0.2857,1.0,6.0,1.0,5.0,140.0,80.0,45.0,0.2,83.8,28.8,84.0,1012.1,0.9,8.0,5.0,150.4,SE,7.91,7.77,7.09,night
491937,2017-08-19,2017,ATH,2017-08-19 18:10:00,18,3,0,3,1,9,7,14,253,84.4,2,47,0.0426,0.0714,1.0,4.0,4.0,8.0,125.0,87.8,33.0,0.125,0.0,5.0,3.0,6.0,128.0,81.5,38.0,0.0,85.2,29.6,79.3,1010.5,0.2,9.5,5.9,164.5,S,9.4,8.44,9.22,night
491952,2017-08-20,2017,ATH,2017-08-20 13:10:00,13,2,3,5,1,18,7,17,301,79.0,1,50,0.02,0.0588,1.0,6.0,3.0,7.0,134.0,76.8,45.0,0.1429,0.0,12.0,3.0,10.0,167.0,81.8,35.0,0.0,90.5,32.5,56.0,1012.9,0.0,6.1,3.8,117.7,SE,4.68,5.74,3.07,day
491980,2017-08-22,2017,WSH,2017-08-22 19:10:00,19,3,4,7,1,17,4,15,293,83.0,2,51,0.0392,0.0667,0.0,9.0,2.0,9.0,166.0,81.7,43.0,0.0,1.0,8.0,1.0,6.0,127.0,84.8,32.0,0.1667,84.1,28.9,75.0,1012.3,0.0,10.1,6.3,155.0,SE,10.06,9.6,9.3,night
491995,2017-08-23,2017,WSH,2017-08-23 19:10:00,19,6,1,7,3,10,6,16,256,84.3,3,55,0.0545,0.1875,3.0,2.0,4.0,10.0,143.0,83.6,46.0,0.3,0.0,8.0,1.0,6.0,113.0,85.1,35.0,0.0,81.3,27.4,86.3,1009.0,0.0,6.7,4.2,126.0,SE,5.74,6.6,4.19,night
492007,2017-08-24,2017,WSH,2017-08-24 19:10:00,19,4,5,9,1,21,4,16,339,81.4,1,60,0.0167,0.0625,1.0,11.0,2.0,9.0,163.0,83.8,48.0,0.1111,0.0,10.0,2.0,7.0,176.0,79.4,55.0,0.0,81.7,27.6,85.0,1006.9,0.0,12.4,7.7,82.3,E,3.19,7.1,-1.12,night
492077,2017-08-29,2017,TEX,2017-08-29 18:10:00,18,2,12,14,2,14,6,23,333,80.7,2,61,0.0328,0.087,0.0,5.0,2.0,9.0,140.0,81.7,47.0,0.0,2.0,9.0,4.0,14.0,193.0,79.9,59.0,0.1429,73.9,23.3,85.3,1002.5,14.7,33.0,20.5,359.0,N,-30.7,-24.72,-32.99,night
492092,2017-08-30,2017,TEX,2017-08-30 18:10:00,18,1,8,9,1,16,6,15,285,79.4,2,53,0.0377,0.0667,0.0,6.0,0.0,4.0,120.0,80.1,39.0,0.0,1.0,10.0,5.0,11.0,165.0,78.7,38.0,0.0909,78.3,25.7,72.3,1006.4,0.1,20.0,12.4,329.0,NW,-19.78,-19.6,-17.58,night
492100,2017-08-31,2017,TEX,2017-08-31 12:10:00,12,5,1,6,1,12,6,13,276,80.9,2,48,0.0417,0.0769,1.0,6.0,2.0,9.0,122.0,81.3,38.0,0.1111,0.0,6.0,4.0,4.0,154.0,80.6,41.0,0.0,85.2,29.5,59.3,1010.9,0.0,20.1,12.5,297.3,NW,-15.33,-18.84,-9.98,day
492111,2017-09-02,2017,NYM,2017-09-01 19:10:00,19,12,8,20,5,21,5,28,352,81.4,3,59,0.0508,0.1786,2.0,6.0,2.0,17.0,174.0,83.2,51.0,0.1176,3.0,15.0,3.0,11.0,178.0,79.4,45.0,0.2727,79.6,26.5,81.3,1012.3,0.0,9.1,5.6,170.7,S,8.83,7.58,9.0,night
492126,2017-09-02,2017,NYM,2017-09-02 19:10:00,19,4,1,5,0,15,6,15,294,81.2,0,48,0.0,0.0,0.0,8.0,2.0,9.0,130.0,85.4,38.0,0.0,0.0,7.0,4.0,6.0,164.0,77.2,41.0,0.0,80.3,26.8,77.3,1013.8,0.0,8.3,5.2,153.7,SE,8.28,7.97,7.59,night
492141,2017-09-03,2017,NYM,2017-09-03 13:10:00,13,8,6,14,2,7,10,21,304,81.5,3,62,0.0484,0.0952,2.0,1.0,3.0,11.0,130.0,85.2,46.0,0.1818,0.0,6.0,6.0,10.0,174.0,77.9,46.0,0.0,85.7,29.8,61.0,1015.7,0.0,9.1,5.7,83.3,E,2.48,5.33,-0.66,day
492307,2017-09-15,2017,SEA,2017-09-15 19:10:00,19,5,2,7,0,18,7,18,290,82.8,1,49,0.0204,0.0,0.0,6.0,6.0,9.0,152.0,82.7,36.0,0.0,0.0,12.0,1.0,9.0,138.0,82.9,37.0,0.0,80.7,27.1,80.3,1009.9,0.0,13.1,8.1,133.3,SE,11.92,13.03,9.37,night
492322,2017-09-16,2017,SEA,2017-09-16 12:05:00,12,8,6,14,2,13,6,22,301,84.8,2,59,0.0339,0.0909,0.0,6.0,3.0,12.0,159.0,86.5,43.0,0.0,2.0,7.0,3.0,10.0,142.0,83.0,38.0,0.2,86.1,30.0,59.3,1013.3,0.0,3.7,2.3,75.3,E,0.5,1.73,-0.78,day
492337,2017-09-17,2017,SEA,2017-09-17 13:10:00,13,7,1,8,5,17,2,18,269,83.8,5,51,0.098,0.2778,4.0,4.0,1.0,12.0,142.0,84.9,50.0,0.3333,1.0,13.0,1.0,6.0,127.0,81.9,28.0,0.1667,87.4,30.8,59.7,1013.4,0.1,1.3,0.8,37.0,NE,-0.64,-0.23,-0.98,day
492351,2017-09-19,2017,CWS,2017-09-19 19:10:00,19,3,1,4,1,17,3,14,259,81.7,0,48,0.0,0.0714,1.0,3.0,1.0,8.0,114.0,83.0,41.0,0.125,0.0,14.0,1.0,6.0,145.0,80.1,32.0,0.0,82.2,27.9,80.0,1008.9,0.1,14.1,8.8,159.3,S,14.09,13.09,13.4,night
492366,2017-09-20,2017,CWS,2017-09-20 19:10:00,19,4,3,7,1,17,6,13,281,82.6,2,46,0.0435,0.0769,0.0,7.0,4.0,9.0,135.0,87.5,29.0,0.0,1.0,10.0,2.0,4.0,146.0,78.7,36.0,0.25,80.1,26.7,86.7,1009.9,1.0,8.9,5.5,128.9,SE,7.78,8.77,5.86,night
492379,2017-09-21,2017,CWS,2017-09-21 19:10:00,19,1,3,4,2,18,9,9,298,80.3,3,41,0.0732,0.2222,1.0,8.0,6.0,3.0,151.0,85.5,31.0,0.3333,1.0,10.0,3.0,6.0,147.0,75.7,35.0,0.1667,76.6,24.8,93.3,1010.8,0.0,11.4,7.1,120.0,SE,9.07,10.9,6.14,night
492394,2017-09-22,2017,LAA,2017-09-22 19:10:00,19,3,0,3,1,16,5,5,261,79.5,1,38,0.0263,0.2,1.0,9.0,2.0,3.0,125.0,85.2,23.0,0.3333,0.0,7.0,3.0,2.0,136.0,76.6,46.0,0.0,79.2,26.2,84.0,1009.8,0.0,6.1,3.8,127.1,SE,5.26,6.0,3.89,night
492409,2017-09-23,2017,LAA,2017-09-23 12:05:00,12,6,2,8,3,13,3,13,225,83.0,3,48,0.0625,0.2308,1.0,5.0,1.0,8.0,116.0,85.6,31.0,0.125,2.0,8.0,1.0,5.0,109.0,80.2,29.0,0.4,85.4,29.7,68.0,1010.5,0.3,17.0,10.6,109.0,E,11.26,14.94,6.23,day
492424,2017-09-24,2017,LAA,2017-09-24 19:05:00,19,5,7,12,4,19,7,20,326,81.5,3,55,0.0545,0.2,2.0,11.0,2.0,9.0,141.0,85.6,29.0,0.2222,2.0,8.0,5.0,11.0,185.0,78.9,48.0,0.1818,80.5,27.0,77.3,1008.5,0.0,11.0,6.9,101.4,E,6.15,8.91,2.64,night
529457,2018-04-02,2018,BAL,2018-04-02 18:10:00,18,6,1,7,2,15,7,17,276,83.2,5,52,0.0962,0.1176,1.0,6.0,5.0,11.0,145.0,83.7,45.0,0.0909,1.0,9.0,2.0,6.0,131.0,82.5,35.0,0.1667,74.2,23.5,82.3,1006.8,0.1,20.5,12.7,152.7,SE,20.39,19.75,18.57,night
529471,2018-04-03,2018,BAL,2018-04-03 19:10:00,19,10,6,16,5,24,5,22,314,82.8,4,48,0.0833,0.2273,3.0,11.0,3.0,10.0,159.0,84.8,35.0,0.3,2.0,13.0,2.0,12.0,155.0,81.3,44.0,0.1667,74.0,23.3,86.3,1008.0,1.9,13.3,8.3,153.0,SE,13.26,12.82,12.1,night
529484,2018-04-04,2018,BAL,2018-04-04 13:10:00,13,3,2,5,0,20,7,15,288,82.6,1,46,0.0217,0.0,0.0,10.0,3.0,7.0,130.0,84.7,30.0,0.0,0.0,10.0,4.0,8.0,158.0,81.3,44.0,0.0,68.0,20.0,37.3,1020.0,0.0,23.3,14.5,49.3,NE,-7.27,0.75,-14.42,day
529515,2018-04-06,2018,SD,2018-04-06 19:10:00,19,1,4,5,0,23,7,17,314,82.4,0,46,0.0,0.0,0.0,12.0,4.0,4.0,157.0,80.2,43.0,0.0,0.0,11.0,3.0,13.0,157.0,85.1,36.0,0.0,73.4,23.0,90.3,1003.2,0.0,18.5,11.5,193.3,S,14.97,10.37,17.77,night
529528,2018-04-07,2018,SD,2018-04-07 18:10:00,18,1,0,1,0,22,7,12,316,80.3,1,46,0.0217,0.0,0.0,8.0,6.0,6.0,167.0,79.6,48.0,0.0,0.0,14.0,1.0,6.0,149.0,81.2,41.0,0.0,51.0,10.6,80.0,1011.8,0.1,22.5,14.0,7.7,N,-19.45,-14.41,-22.15,night
529543,2018-04-08,2018,SD,2018-04-08 13:10:00,13,4,1,5,2,19,4,10,268,81.5,1,42,0.0238,0.2,2.0,10.0,0.0,6.0,133.0,78.5,35.0,0.3333,0.0,9.0,4.0,4.0,135.0,84.2,38.0,0.0,56.0,13.3,76.0,1010.3,0.0,6.6,4.1,141.9,SE,6.36,6.58,5.37,day
529610,2018-04-13,2018,TEX,2018-04-13 19:10:00,19,3,2,5,4,26,4,14,270,82.7,3,40,0.075,0.2857,2.0,9.0,3.0,8.0,141.0,82.2,37.0,0.25,2.0,17.0,1.0,6.0,129.0,83.3,28.0,0.3333,75.5,24.2,88.7,1001.8,0.4,24.7,15.4,175.0,S,23.59,19.62,24.71,night
529625,2018-04-14,2018,TEX,2018-04-14 15:05:00,15,5,6,11,5,22,6,19,362,83.7,3,56,0.0536,0.2632,1.0,7.0,3.0,8.0,183.0,82.2,50.0,0.125,4.0,15.0,2.0,11.0,179.0,85.8,38.0,0.3636,65.6,18.7,37.3,1011.4,0.0,24.2,15.0,318.3,NW,-22.86,-24.2,-18.76,day
529640,2018-04-15,2018,TEX,2018-04-15 19:08:00,19,1,3,4,1,22,3,8,289,81.5,4,47,0.0851,0.125,0.0,10.0,2.0,3.0,148.0,79.7,41.0,0.0,1.0,12.0,1.0,5.0,141.0,83.5,38.0,0.2,58.1,14.5,61.3,1018.2,0.0,9.3,5.8,309.3,NW,-8.2,-9.21,-6.2,night
529738,2018-04-23,2018,LAA,2018-04-23 19:10:00,19,0,2,2,0,15,5,11,285,82.7,2,47,0.0426,0.0,0.0,6.0,2.0,7.0,143.0,83.3,44.0,0.0,0.0,9.0,3.0,4.0,142.0,81.9,39.0,0.0,68.2,20.1,68.7,1012.4,0.0,8.3,5.2,336.7,NW,-8.3,-7.84,-7.76,night
529750,2018-04-24,2018,LAA,2018-04-24 19:10:00,19,7,8,15,5,19,13,22,324,81.8,4,52,0.0769,0.2273,2.0,11.0,7.0,14.0,178.0,82.6,41.0,0.1429,3.0,8.0,6.0,8.0,146.0,80.7,34.0,0.375,76.4,24.7,69.0,1012.7,0.0,3.7,2.3,80.7,E,0.85,2.05,-0.44,night
529765,2018-04-25,2018,LAA,2018-04-25 13:10:00,13,5,2,7,3,19,4,9,252,82.8,2,40,0.05,0.3333,2.0,8.0,4.0,5.0,135.0,84.9,34.0,0.4,1.0,11.0,0.0,4.0,117.0,80.9,38.0,0.25,80.1,26.7,58.3,1013.9,0.0,8.0,5.0,232.3,SW,2.09,-0.67,4.61,day
529795,2018-04-27,2018,ATH,2018-04-27 19:10:00,19,1,8,9,3,15,1,15,245,85.2,4,53,0.0755,0.2,0.0,8.0,1.0,5.0,110.0,85.7,33.0,0.0,3.0,7.0,0.0,10.0,135.0,84.8,44.0,0.3,70.1,21.2,58.7,1013.0,0.0,9.0,5.6,322.6,NW,-8.67,-8.93,-7.36,night
529810,2018-04-28,2018,ATH,2018-04-28 18:10:00,18,11,0,11,4,14,7,16,316,86.8,3,51,0.0588,0.25,4.0,6.0,6.0,13.0,185.0,85.4,53.0,0.3077,0.0,8.0,1.0,3.0,131.0,89.1,32.0,0.0,74.8,23.8,54.7,1013.3,0.0,12.6,7.8,148.6,SE,12.48,12.4,11.06,night
529825,2018-04-29,2018,ATH,2018-04-29 13:10:00,13,8,4,12,2,21,3,16,260,81.4,2,45,0.0444,0.125,1.0,7.0,3.0,7.0,114.0,83.2,28.0,0.1429,1.0,14.0,0.0,9.0,146.0,79.8,34.0,0.1111,77.7,25.4,51.7,1017.7,0.0,19.4,12.1,126.7,SE,16.66,19.05,12.25,day
529834,2018-04-30,2018,NYY,2018-04-30 19:10:00,19,2,1,3,0,19,6,8,243,81.2,0,38,0.0,0.0,0.0,5.0,3.0,5.0,118.0,82.1,36.0,0.0,0.0,14.0,3.0,3.0,125.0,80.1,31.0,0.0,70.8,21.5,87.7,1014.3,2.0,15.9,9.9,129.3,SE,14.02,15.74,10.6,night
529848,2018-05-01,2018,NYY,2018-05-01 19:10:00,19,0,4,4,1,28,1,13,261,82.8,1,38,0.0263,0.0769,0.0,13.0,1.0,6.0,129.0,82.5,30.0,0.0,1.0,15.0,0.0,7.0,132.0,83.0,33.0,0.1429,73.5,23.0,85.3,1013.1,0.0,18.6,11.5,121.0,SE,14.92,17.8,10.25,night
529863,2018-05-02,2018,NYY,2018-05-02 19:10:00,19,0,4,4,2,17,2,14,258,81.9,1,51,0.0196,0.1429,0.0,10.0,1.0,5.0,110.0,83.1,32.0,0.0,2.0,7.0,1.0,9.0,148.0,81.2,51.0,0.2222,77.3,25.2,79.7,1013.1,0.0,21.5,13.3,148.0,SE,21.17,21.11,18.68,night
529877,2018-05-03,2018,NYY,2018-05-03 13:10:00,13,5,6,11,1,18,4,17,277,82.7,2,53,0.0377,0.0588,1.0,9.0,0.0,9.0,132.0,83.5,42.0,0.1111,0.0,9.0,4.0,8.0,145.0,81.8,37.0,0.0,82.6,28.1,64.0,1014.2,0.0,26.4,16.4,164.7,S,26.23,23.52,25.77,day
529985,2018-05-11,2018,TEX,2018-05-11 19:10:00,19,0,1,1,0,19,7,6,290,82.1,1,39,0.0256,0.0,0.0,8.0,5.0,1.0,147.0,83.4,33.0,0.0,0.0,11.0,2.0,5.0,143.0,81.0,41.0,0.0,78.0,25.5,78.0,1010.9,0.2,17.5,10.9,145.7,SE,17.16,17.36,14.9,night
530000,2018-05-12,2018,TEX,2018-05-12 18:10:00,18,6,1,7,4,20,3,12,264,81.5,3,41,0.0732,0.3333,3.0,4.0,3.0,8.0,132.0,82.6,36.0,0.375,1.0,16.0,0.0,4.0,132.0,80.0,26.0,0.25,79.0,26.1,79.7,1011.6,0.6,15.0,9.3,128.2,SE,13.05,14.77,9.76,night
530015,2018-05-13,2018,TEX,2018-05-13 13:10:00,13,6,1,7,3,21,5,15,303,85.7,3,48,0.0625,0.2,2.0,9.0,4.0,9.0,162.0,86.7,48.0,0.2222,1.0,12.0,1.0,6.0,141.0,84.2,32.0,0.1667,86.2,30.1,58.3,1013.2,0.4,17.4,10.8,129.3,SE,15.31,17.19,11.58,day
530065,2018-05-18,2018,CLE,2018-05-18 19:10:00,19,4,1,5,2,16,6,18,264,82.8,2,50,0.04,0.1111,1.0,7.0,4.0,10.0,130.0,82.1,41.0,0.1,1.0,9.0,2.0,8.0,134.0,83.6,39.0,0.125,82.0,27.8,65.0,1006.4,0.0,16.9,10.5,168.6,S,16.58,14.46,16.7,night
530080,2018-05-19,2018,CLE,2018-05-19 15:10:00,15,4,5,9,5,18,4,16,310,86.0,6,48,0.125,0.3125,3.0,12.0,0.0,9.0,150.0,86.0,39.0,0.3333,2.0,6.0,4.0,7.0,160.0,86.1,45.0,0.2857,88.6,31.5,46.3,1008.9,0.0,23.7,14.7,154.7,SE,23.7,22.68,21.87,day
530095,2018-05-20,2018,CLE,2018-05-20 19:08:00,19,3,1,4,1,16,3,12,250,81.6,3,46,0.0652,0.0833,1.0,6.0,1.0,9.0,116.0,84.0,34.0,0.1111,0.0,10.0,2.0,3.0,134.0,79.5,38.0,0.0,74.4,23.6,92.0,1013.4,1.0,10.2,6.3,336.9,NW,-10.2,-9.62,-9.55,night
530129,2018-05-22,2018,SF,2018-05-22 19:10:00,19,11,2,13,1,16,10,20,311,81.3,1,50,0.02,0.05,0.0,6.0,6.0,13.0,156.0,82.5,45.0,0.0,1.0,10.0,4.0,7.0,155.0,79.8,39.0,0.1429,76.9,24.9,86.7,1011.3,1.3,8.3,5.1,138.9,SE,7.84,8.26,6.46,night
530144,2018-05-23,2018,SF,2018-05-23 13:10:00,13,4,1,5,1,15,6,11,275,82.3,3,47,0.0638,0.0909,1.0,2.0,5.0,5.0,140.0,82.0,37.0,0.2,0.0,13.0,1.0,6.0,135.0,82.7,29.0,0.0,81.4,27.4,77.0,1014.0,3.5,11.6,7.2,134.4,SE,10.67,11.58,8.47,day
530244,2018-05-31,2018,BOS,2018-05-31 19:10:00,19,4,2,6,1,16,8,13,292,83.6,3,45,0.0667,0.0769,1.0,9.0,4.0,7.0,146.0,78.3,28.0,0.1429,0.0,7.0,3.0,6.0,146.0,88.1,33.0,0.0,83.4,28.5,76.3,1007.9,0.0,17.1,10.6,156.3,SE,17.13,16.22,15.98,night
530255,2018-06-01,2018,BOS,2018-06-01 19:10:00,19,7,3,10,5,17,5,19,285,84.0,3,52,0.0577,0.2632,3.0,6.0,3.0,12.0,146.0,83.2,38.0,0.25,2.0,11.0,1.0,7.0,139.0,84.9,37.0,0.2857,85.2,29.5,68.0,1008.9,0.0,17.9,11.1,174.7,S,17.07,14.24,17.84,night
530270,2018-06-02,2018,BOS,2018-06-02 18:15:00,18,4,5,9,3,20,8,11,323,82.6,3,45,0.0667,0.2727,1.0,10.0,3.0,6.0,164.0,82.1,41.0,0.1667,2.0,10.0,5.0,5.0,159.0,83.2,41.0,0.4,89.0,31.7,59.7,1008.2,0.0,20.1,12.5,181.7,S,18.31,14.39,20.01,night
530285,2018-06-03,2018,BOS,2018-06-03 18:35:00,18,3,9,12,3,21,5,20,308,84.8,5,51,0.098,0.15,1.0,8.0,4.0,5.0,141.0,81.9,36.0,0.2,2.0,13.0,1.0,15.0,167.0,87.3,42.0,0.1333,89.6,32.0,57.3,1010.8,0.0,8.6,5.3,134.7,SE,7.93,8.59,6.31,night
530316,2018-06-05,2018,SEA,2018-06-05 19:10:00,19,1,7,8,3,13,2,17,257,84.5,5,55,0.0909,0.1765,0.0,6.0,1.0,9.0,119.0,84.9,42.0,0.0,3.0,7.0,1.0,8.0,138.0,84.0,37.0,0.375,88.0,31.1,61.3,1006.7,0.2,12.3,7.7,172.3,S,11.92,10.12,12.28,night
530331,2018-06-06,2018,SEA,2018-06-06 19:10:00,19,7,5,12,4,13,8,24,301,83.4,3,57,0.0526,0.1667,1.0,6.0,5.0,13.0,151.0,83.3,45.0,0.0769,3.0,7.0,3.0,11.0,150.0,83.6,43.0,0.2727,82.7,28.2,75.3,1008.2,0.0,10.5,6.5,158.9,S,10.5,9.78,9.95,night
530487,2018-06-18,2018,TB,2018-06-18 19:10:00,19,5,4,9,1,18,7,14,270,84.9,2,47,0.0426,0.0714,0.0,6.0,2.0,10.0,129.0,85.9,38.0,0.0,1.0,12.0,5.0,4.0,141.0,83.8,34.0,0.25,76.6,24.8,94.0,1010.2,9.7,14.9,9.3,113.0,SE,10.63,13.56,6.42,night
530502,2018-06-19,2018,TB,2018-06-19 19:10:00,19,1,2,3,1,21,9,13,304,84.7,3,43,0.0698,0.0769,0.0,8.0,6.0,5.0,141.0,85.7,27.0,0.0,1.0,13.0,2.0,8.0,163.0,84.0,39.0,0.125,76.8,24.9,93.3,1008.5,5.9,15.9,9.9,106.7,E,10.05,13.66,5.23,night
530516,2018-06-20,2018,TB,2018-06-20 19:10:00,19,5,1,6,4,13,6,15,256,81.8,4,50,0.08,0.2667,4.0,6.0,1.0,11.0,127.0,83.3,40.0,0.3636,0.0,7.0,5.0,4.0,129.0,79.9,34.0,0.0,77.1,25.1,97.3,1007.6,23.2,6.6,4.1,163.8,S,6.53,5.89,6.38,night
530532,2018-06-22,2018,KC,2018-06-22 19:10:00,19,0,1,1,0,18,11,11,314,82.9,1,46,0.0217,0.0,0.0,7.0,7.0,2.0,154.0,81.5,36.0,0.0,0.0,11.0,3.0,9.0,160.0,84.0,43.0,0.0,82.6,28.1,86.3,1007.0,0.0,16.1,10.0,181.0,S,14.8,11.7,16.1,night
530547,2018-06-23,2018,KC,2018-06-23 18:15:00,18,4,3,7,2,24,9,13,378,83.1,1,58,0.0172,0.1538,1.0,8.0,5.0,8.0,192.0,85.8,46.0,0.125,1.0,16.0,2.0,5.0,186.0,80.5,46.0,0.2,84.7,29.3,78.7,1006.8,0.0,20.7,12.8,163.7,S,20.55,18.55,20.07,night
530562,2018-06-24,2018,KC,2018-06-24 13:10:00,13,11,3,14,3,16,11,14,326,83.4,1,50,0.02,0.2143,2.0,4.0,7.0,9.0,148.0,86.7,44.0,0.2222,1.0,12.0,4.0,5.0,178.0,80.2,45.0,0.2,87.7,30.9,69.3,1010.5,1.0,24.8,15.4,172.7,S,23.97,20.3,24.75,day
530582,2018-06-25,2018,TOR,2018-06-25 19:10:00,19,3,6,9,4,20,7,17,318,85.6,3,51,0.0588,0.2353,1.0,9.0,4.0,8.0,159.0,85.5,46.0,0.125,3.0,11.0,3.0,9.0,159.0,85.8,46.0,0.3333,81.9,27.7,86.3,1012.5,0.8,6.7,4.2,147.6,SE,6.6,6.6,5.81,night
530597,2018-06-26,2018,TOR,2018-06-26 19:10:00,19,7,0,7,2,19,8,17,274,86.1,1,47,0.0213,0.1176,2.0,4.0,5.0,12.0,143.0,88.6,38.0,0.1667,0.0,15.0,3.0,5.0,131.0,82.5,26.0,0.0,83.7,28.7,78.0,1011.9,0.0,13.4,8.3,160.3,S,13.38,12.35,12.8,night
530612,2018-06-27,2018,TOR,2018-06-27 13:10:00,13,7,6,13,2,13,5,21,292,82.7,6,58,0.1034,0.0952,2.0,7.0,2.0,11.0,145.0,81.9,51.0,0.1818,0.0,6.0,3.0,10.0,147.0,83.7,41.0,0.0,87.9,31.1,64.3,1012.9,0.5,7.1,4.4,209.1,SW,4.41,2.24,6.05,day
530710,2018-07-05,2018,CWS,2018-07-05 19:10:00,19,4,3,7,3,20,9,14,301,81.6,2,42,0.0476,0.2143,1.0,9.0,9.0,8.0,171.0,79.0,37.0,0.125,2.0,11.0,0.0,6.0,130.0,84.6,32.0,0.3333,82.3,28.0,83.0,1016.5,0.0,5.2,3.3,207.1,SW,3.39,1.82,4.55,night
530719,2018-07-06,2018,CWS,2018-07-06 19:10:00,19,11,4,15,3,17,7,19,282,83.1,2,50,0.04,0.1579,1.0,4.0,5.0,14.0,152.0,82.3,51.0,0.0714,2.0,13.0,1.0,5.0,130.0,84.7,28.0,0.4,80.8,27.1,87.3,1014.3,1.6,4.5,2.8,166.7,S,4.41,3.9,4.39,night
530734,2018-07-07,2018,CWS,2018-07-07 15:10:00,15,12,6,18,3,25,7,24,316,85.7,3,50,0.06,0.125,2.0,11.0,5.0,17.0,169.0,87.6,42.0,0.1176,1.0,14.0,2.0,7.0,147.0,83.5,38.0,0.1429,82.3,27.9,78.3,1013.1,0.2,11.5,7.1,101.0,E,6.35,9.25,2.69,day
530749,2018-07-08,2018,CWS,2018-07-08 13:10:00,13,2,1,3,1,10,6,9,239,81.4,2,48,0.0417,0.1111,1.0,5.0,3.0,3.0,111.0,82.8,24.0,0.3333,0.0,5.0,3.0,6.0,128.0,80.5,36.0,0.0,81.1,27.3,81.0,1015.1,2.4,7.7,4.8,133.0,SE,7.04,7.71,5.52,day
530768,2018-07-09,2018,ATH,2018-07-09 19:10:00,19,0,2,2,1,20,7,11,289,82.2,1,42,0.0238,0.0909,0.0,7.0,2.0,5.0,125.0,82.0,38.0,0.0,1.0,13.0,5.0,6.0,164.0,82.3,37.0,0.1667,78.6,25.9,89.7,1017.8,1.2,8.4,5.2,125.7,SE,7.16,8.25,5.21,night
530780,2018-07-10,2018,ATH,2018-07-10 19:10:00,19,6,5,11,3,23,3,20,373,83.3,1,62,0.0161,0.15,2.0,12.0,3.0,10.0,189.0,82.8,54.0,0.2,1.0,11.0,0.0,10.0,184.0,83.9,56.0,0.1,82.6,28.1,80.7,1014.6,0.2,6.8,4.2,176.0,S,6.45,5.32,6.8,night
530795,2018-07-11,2018,ATH,2018-07-11 19:10:00,19,3,8,11,2,10,8,17,320,83.4,5,61,0.082,0.1176,1.0,1.0,1.0,7.0,134.0,81.8,50.0,0.1429,1.0,9.0,7.0,10.0,186.0,85.4,42.0,0.1,84.3,29.0,80.7,1012.5,0.0,7.1,4.4,153.3,SE,7.11,6.86,6.51,night
530806,2018-07-12,2018,ATH,2018-07-12 13:10:00,13,4,6,10,1,16,8,16,343,84.7,1,53,0.0189,0.0625,1.0,6.0,5.0,5.0,153.0,83.6,35.0,0.2,0.0,10.0,3.0,11.0,190.0,85.7,38.0,0.0,83.4,28.6,84.0,1015.1,3.2,7.0,4.4,121.2,SE,5.67,6.75,3.9,day
530814,2018-07-13,2018,DET,2018-07-13 19:10:00,19,3,0,3,1,12,3,18,267,82.3,3,55,0.0545,0.0556,1.0,4.0,0.0,11.0,119.0,83.0,42.0,0.0909,0.0,8.0,3.0,7.0,148.0,81.5,41.0,0.0,82.5,28.1,84.7,1014.4,1.7,7.4,4.6,180.9,S,6.82,5.4,7.42,night
530829,2018-07-14,2018,DET,2018-07-14 15:10:00,15,9,1,10,3,14,7,14,289,84.1,3,50,0.06,0.2143,3.0,4.0,3.0,11.0,143.0,84.9,48.0,0.2727,0.0,10.0,4.0,3.0,146.0,83.1,39.0,0.0,84.7,29.3,75.3,1014.3,2.0,14.8,9.2,171.0,S,14.36,12.31,14.67,day
530844,2018-07-15,2018,DET,2018-07-15 13:10:00,13,3,6,9,4,22,3,10,264,83.6,1,40,0.025,0.4,0.0,6.0,3.0,4.0,135.0,85.4,34.0,0.0,4.0,16.0,0.0,6.0,129.0,81.6,31.0,0.6667,86.6,30.3,75.3,1014.4,1.4,11.8,7.4,192.7,S,9.67,6.76,11.42,day
530968,2018-07-27,2018,TEX,2018-07-27 19:10:00,19,2,11,13,4,19,8,21,351,86.0,5,56,0.0893,0.1905,1.0,8.0,5.0,6.0,150.0,88.6,31.0,0.1667,3.0,11.0,3.0,15.0,201.0,84.3,50.0,0.2,87.4,30.8,60.7,1012.6,0.0,12.2,7.6,172.3,S,11.76,9.99,12.12,night
530983,2018-07-28,2018,TEX,2018-07-28 18:10:00,18,3,7,10,6,15,2,19,280,86.8,5,58,0.0862,0.3158,2.0,5.0,1.0,5.0,120.0,86.7,38.0,0.4,4.0,10.0,1.0,14.0,160.0,86.9,41.0,0.2857,89.2,31.8,62.0,1011.8,0.0,12.7,7.9,146.3,SE,12.46,12.55,10.87,night
530998,2018-07-29,2018,TEX,2018-07-29 13:10:00,13,3,4,7,1,28,4,13,293,83.2,4,40,0.1,0.0769,1.0,9.0,2.0,7.0,138.0,84.9,35.0,0.1429,0.0,19.0,1.0,6.0,155.0,81.1,28.0,0.0,92.4,33.5,50.7,1012.3,0.0,5.4,3.4,167.0,S,5.33,4.7,5.31,day
531140,2018-08-09,2018,SEA,2018-08-09 19:10:00,19,6,8,14,4,21,5,23,328,83.4,3,56,0.0536,0.1739,1.0,9.0,4.0,9.0,162.0,83.7,43.0,0.1111,3.0,12.0,1.0,14.0,166.0,83.1,46.0,0.2143,81.1,27.3,88.0,1012.7,0.1,2.2,1.4,129.6,SE,1.97,2.21,1.5,night
531152,2018-08-10,2018,SEA,2018-08-10 19:10:00,19,2,5,7,0,13,3,16,258,86.0,1,55,0.0182,0.0,0.0,7.0,2.0,9.0,142.0,86.2,43.0,0.0,0.0,6.0,1.0,7.0,116.0,85.9,39.0,0.0,78.5,25.8,93.7,1013.0,1.3,8.9,5.6,126.7,SE,7.67,8.77,5.64,night
531167,2018-08-11,2018,SEA,2018-08-11 18:10:00,18,2,3,5,0,14,4,15,274,82.0,2,50,0.04,0.0,0.0,8.0,3.0,5.0,138.0,79.8,40.0,0.0,0.0,6.0,1.0,10.0,136.0,84.3,38.0,0.0,80.1,26.7,84.3,1012.5,0.0,9.5,5.9,179.4,S,8.78,7.05,9.46,night
531182,2018-08-12,2018,SEA,2018-08-12 13:10:00,13,3,4,7,2,15,3,19,290,83.0,1,59,0.0169,0.1053,0.0,8.0,2.0,8.0,144.0,81.9,48.0,0.0,2.0,7.0,1.0,11.0,146.0,84.2,44.0,0.1818,89.2,31.8,59.7,1014.1,0.4,18.8,11.7,178.0,S,17.61,14.3,18.8,day
531199,2018-08-14,2018,COL,2018-08-14 19:10:00,19,1,5,6,2,24,4,15,297,79.8,3,43,0.0698,0.1333,0.0,9.0,3.0,3.0,130.0,81.7,25.0,0.0,2.0,15.0,1.0,12.0,167.0,78.7,42.0,0.1667,84.9,29.4,72.3,1011.1,0.0,15.7,9.7,149.0,SE,15.49,15.35,13.77,night
531214,2018-08-15,2018,COL,2018-08-15 19:10:00,19,12,1,13,5,24,5,16,273,83.7,4,41,0.0976,0.3125,5.0,7.0,4.0,11.0,137.0,85.6,36.0,0.4545,0.0,17.0,1.0,5.0,136.0,81.5,32.0,0.0,78.1,25.6,91.7,1012.0,0.4,11.0,6.8,164.4,S,10.89,9.78,10.68,night
531376,2018-08-27,2018,ATH,2018-08-27 19:10:00,19,11,4,15,4,15,7,22,292,83.4,1,55,0.0182,0.1818,2.0,4.0,5.0,16.0,162.0,85.5,52.0,0.125,2.0,11.0,2.0,6.0,130.0,80.9,43.0,0.3333,83.5,28.6,78.7,1010.9,0.1,11.5,7.1,148.0,SE,11.34,11.31,10.01,night
531388,2018-08-28,2018,ATH,2018-08-28 19:10:00,19,3,4,7,1,17,8,11,285,78.7,2,47,0.0426,0.0909,0.0,9.0,2.0,6.0,131.0,75.4,39.0,0.0,1.0,8.0,6.0,5.0,154.0,82.2,36.0,0.2,79.3,26.3,90.3,1012.4,0.0,13.6,8.5,146.0,SE,13.36,13.48,11.63,night
531402,2018-08-29,2018,ATH,2018-08-29 13:10:00,13,5,4,9,1,17,14,17,313,83.3,1,50,0.02,0.0588,1.0,8.0,9.0,8.0,163.0,83.9,33.0,0.125,0.0,9.0,4.0,9.0,150.0,82.7,38.0,0.0,85.4,29.7,70.3,1013.8,2.0,9.6,6.0,108.7,E,6.34,8.44,3.48,day
531412,2018-08-30,2018,LAA,2018-08-30 19:10:00,19,2,5,7,1,21,4,17,297,83.5,2,47,0.0426,0.0588,1.0,6.0,2.0,7.0,138.0,82.5,45.0,0.1429,0.0,15.0,2.0,10.0,159.0,84.6,39.0,0.0,84.2,29.0,71.7,1011.5,0.0,10.1,6.3,118.3,SE,7.83,9.54,5.18,night
531424,2018-08-31,2018,LAA,2018-08-31 19:10:00,19,0,3,3,1,16,7,12,305,79.2,0,48,0.0,0.0833,0.0,7.0,3.0,6.0,156.0,79.0,41.0,0.0,1.0,9.0,4.0,6.0,149.0,79.5,35.0,0.1667,80.7,27.0,84.3,1009.7,0.4,7.8,4.9,138.8,SE,7.42,7.83,6.11,night
531439,2018-09-01,2018,LAA,2018-09-01 18:10:00,18,7,3,10,2,18,4,12,290,81.2,1,46,0.0217,0.1667,1.0,4.0,1.0,8.0,132.0,83.0,38.0,0.125,1.0,14.0,3.0,4.0,158.0,79.5,42.0,0.25,80.8,27.1,84.7,1009.1,1.3,16.1,10.0,126.5,SE,13.83,15.84,10.15,night
531454,2018-09-02,2018,LAA,2018-09-02 19:05:00,19,4,2,6,2,16,11,14,325,81.2,2,49,0.0408,0.1429,2.0,4.0,6.0,7.0,168.0,81.9,46.0,0.2857,0.0,12.0,5.0,7.0,157.0,80.3,34.0,0.0,77.4,25.2,93.3,1008.5,1.1,9.5,5.9,109.3,E,6.34,8.38,3.53,night
531469,2018-09-03,2018,MIN,2018-09-03 13:10:00,13,4,1,5,2,18,5,12,274,82.9,1,46,0.0217,0.1667,2.0,5.0,2.0,4.0,114.0,85.2,29.0,0.5,0.0,13.0,3.0,8.0,160.0,81.0,37.0,0.0,77.7,25.4,91.3,1011.7,6.1,8.8,5.5,122.3,SE,7.19,8.49,5.03,day
531484,2018-09-04,2018,MIN,2018-09-04 19:10:00,19,5,2,7,2,16,4,15,256,87.3,5,48,0.1042,0.1333,1.0,5.0,1.0,10.0,127.0,86.6,38.0,0.1,1.0,11.0,3.0,5.0,129.0,88.2,28.0,0.2,78.3,25.7,91.3,1011.3,2.1,7.8,4.9,69.3,E,0.25,2.91,-2.44,night
531499,2018-09-05,2018,MIN,2018-09-05 19:10:00,19,9,1,10,3,16,13,15,304,83.6,4,46,0.087,0.2,2.0,7.0,8.0,9.0,168.0,86.1,33.0,0.2222,1.0,9.0,5.0,6.0,136.0,81.1,33.0,0.1667,81.1,27.3,85.3,1011.8,0.1,5.9,3.7,173.6,S,5.67,4.76,5.89,night
531604,2018-09-14,2018,AZ,2018-09-14 19:10:00,19,2,4,6,0,17,11,15,311,84.9,0,49,0.0,0.0,0.0,8.0,6.0,5.0,154.0,84.5,37.0,0.0,0.0,9.0,5.0,10.0,157.0,85.3,42.0,0.0,77.3,25.2,92.7,1010.9,0.3,14.9,9.3,97.0,E,7.34,11.33,2.46,night
531619,2018-09-15,2018,AZ,2018-09-15 18:10:00,18,10,4,14,3,16,9,18,283,83.6,0,52,0.0,0.1667,1.0,5.0,7.0,12.0,161.0,83.9,40.0,0.0833,2.0,11.0,1.0,6.0,122.0,83.4,37.0,0.3333,80.6,27.0,87.0,1010.1,1.2,11.1,6.9,142.3,SE,10.75,11.09,9.1,night
531634,2018-09-16,2018,AZ,2018-09-16 13:10:00,13,5,4,9,3,16,5,17,278,81.2,1,50,0.02,0.1765,1.0,3.0,2.0,12.0,148.0,82.4,45.0,0.0833,2.0,13.0,2.0,5.0,130.0,79.9,39.0,0.4,87.0,30.5,68.3,1010.4,0.1,2.9,1.8,287.7,W,-1.87,-2.52,-1.0,day
531656,2018-09-17,2018,SEA,2018-09-17 19:10:00,19,1,4,5,1,15,11,12,289,82.9,2,47,0.0426,0.0833,0.0,7.0,3.0,3.0,129.0,81.1,39.0,0.0,1.0,8.0,8.0,9.0,160.0,84.8,35.0,0.1111,83.5,28.6,79.3,1010.3,0.0,9.2,5.7,179.7,S,8.55,6.84,9.23,night
531671,2018-09-18,2018,SEA,2018-09-18 19:10:00,19,7,0,7,1,13,6,13,262,83.6,1,51,0.0196,0.0769,1.0,5.0,2.0,7.0,112.0,82.7,33.0,0.1429,0.0,8.0,4.0,6.0,150.0,84.4,38.0,0.0,78.9,26.0,89.3,1010.0,0.7,6.0,3.7,188.2,S,5.13,3.78,5.86,night
531686,2018-09-19,2018,SEA,2018-09-19 19:10:00,19,0,9,9,3,9,5,16,277,85.0,2,59,0.0339,0.1875,0.0,3.0,3.0,5.0,116.0,83.9,32.0,0.0,3.0,6.0,2.0,11.0,161.0,85.8,47.0,0.2727,82.4,28.0,82.7,1009.9,0.0,9.7,6.0,162.7,S,9.63,8.75,9.34,night
531704,2018-09-21,2018,LAA,2018-09-21 19:10:00,19,11,3,14,4,22,5,17,270,82.2,3,47,0.0638,0.2353,3.0,8.0,4.0,11.0,138.0,83.1,34.0,0.2727,1.0,14.0,1.0,6.0,132.0,81.3,32.0,0.1667,77.6,25.3,95.7,1011.4,3.8,11.3,7.0,147.0,SE,11.14,11.18,9.77,night
531719,2018-09-22,2018,LAA,2018-09-22 18:10:00,18,10,5,15,2,22,8,19,337,79.7,2,47,0.0426,0.1053,1.0,7.0,6.0,12.0,173.0,82.3,47.0,0.0833,1.0,15.0,2.0,7.0,164.0,77.4,53.0,0.1429,77.5,25.3,94.3,1008.9,5.0,7.0,4.3,136.2,SE,6.49,6.96,5.24,night
531734,2018-09-23,2018,LAA,2018-09-23 13:10:00,13,6,2,8,2,18,6,16,284,82.0,3,47,0.0638,0.125,1.0,5.0,4.0,12.0,144.0,82.4,47.0,0.0833,1.0,13.0,2.0,4.0,140.0,81.4,36.0,0.25,81.0,27.2,68.7,1009.3,0.0,11.1,6.9,236.7,SW,2.09,-1.77,5.69,day
565606,2019-04-05,2019,ATH,2019-04-05 19:10:00,19,3,2,5,1,16,7,16,287,81.2,0,49,0.0,0.0625,1.0,9.0,4.0,9.0,150.0,80.8,36.0,0.1111,0.0,7.0,3.0,7.0,137.0,81.5,41.0,0.0,70.2,21.2,93.7,1010.5,0.0,11.4,7.1,112.7,SE,8.06,10.31,4.83,night
565607,2019-04-06,2019,ATH,2019-04-06 18:10:00,18,6,0,6,3,11,6,17,294,84.7,1,55,0.0182,0.1765,3.0,4.0,2.0,11.0,144.0,84.2,45.0,0.2727,0.0,7.0,4.0,6.0,150.0,85.5,35.0,0.0,75.2,24.0,88.0,1007.9,0.6,16.6,10.3,123.0,SE,13.65,16.04,9.62,night
565608,2019-04-07,2019,ATH,2019-04-07 13:10:00,13,9,8,17,5,13,10,25,322,82.0,1,63,0.0159,0.2,2.0,8.0,7.0,14.0,174.0,79.7,50.0,0.1429,3.0,5.0,2.0,11.0,148.0,85.1,39.0,0.2727,68.3,20.2,93.0,1009.8,17.4,17.3,10.7,71.7,E,1.26,7.09,-4.71,day
565609,2019-04-08,2019,NYY,2019-04-08 18:10:00,18,4,3,7,2,15,7,15,274,81.9,3,50,0.06,0.1333,1.0,7.0,4.0,7.0,124.0,81.3,34.0,0.1429,1.0,8.0,3.0,8.0,150.0,82.4,44.0,0.125,74.0,23.3,74.7,1009.2,0.0,12.0,7.5,295.3,NW,-8.9,-11.11,-5.6,night
565610,2019-04-09,2019,NYY,2019-04-09 19:10:00,19,6,3,9,2,19,8,16,294,85.7,2,47,0.0426,0.125,1.0,10.0,5.0,11.0,163.0,87.0,33.0,0.0909,1.0,9.0,3.0,5.0,131.0,84.6,39.0,0.2,80.3,26.8,50.0,1006.9,0.0,3.1,1.9,199.8,S,2.32,1.46,2.9,night
565611,2019-04-10,2019,NYY,2019-04-10 18:40:00,18,8,6,14,5,22,8,26,340,84.5,4,51,0.0784,0.1923,3.0,9.0,5.0,16.0,172.0,84.1,49.0,0.1875,2.0,13.0,3.0,10.0,168.0,84.8,43.0,0.2,75.1,23.9,72.3,1001.3,0.0,23.5,14.6,159.3,S,23.52,21.85,22.36,night
565612,2019-04-22,2019,MIN,2019-04-22 19:10:00,19,5,9,14,4,8,8,23,320,86.0,5,66,0.0758,0.1739,2.0,3.0,3.0,11.0,166.0,84.0,50.0,0.1818,2.0,5.0,5.0,12.0,154.0,88.1,48.0,0.1667,70.2,21.2,82.0,1014.7,0.0,15.4,9.5,118.7,SE,11.97,14.54,7.95,night
565613,2019-04-23,2019,MIN,2019-04-23 19:10:00,19,10,4,14,2,15,6,18,282,86.7,2,53,0.0377,0.1111,1.0,6.0,5.0,12.0,152.0,88.1,40.0,0.0833,1.0,9.0,1.0,6.0,130.0,85.1,38.0,0.1667,70.5,21.4,87.0,1011.9,0.0,14.9,9.3,129.3,SE,13.14,14.75,9.94,night
565614,2019-04-24,2019,MIN,2019-04-24 19:10:00,19,7,1,8,4,13,4,14,244,81.7,3,50,0.06,0.2857,3.0,3.0,3.0,10.0,131.0,82.0,42.0,0.3,1.0,10.0,1.0,4.0,113.0,81.3,35.0,0.25,72.0,22.2,89.3,1006.2,4.4,14.3,8.9,169.0,S,13.98,12.16,14.11,night
565615,2019-04-25,2019,CLE,2019-04-25 19:10:00,19,1,2,3,3,14,9,8,266,83.5,1,43,0.0233,0.375,1.0,4.0,6.0,4.0,133.0,86.9,32.0,0.25,2.0,10.0,3.0,4.0,133.0,79.9,30.0,0.5,73.5,23.0,69.7,1009.3,0.0,8.5,5.3,321.9,NW,-8.16,-8.44,-6.89,night
565616,2019-04-26,2019,CLE,2019-04-26 19:10:00,19,3,6,9,4,25,8,18,324,84.5,4,48,0.0833,0.2222,0.0,12.0,4.0,9.0,161.0,81.5,43.0,0.0,4.0,13.0,4.0,9.0,163.0,87.8,38.0,0.4444,76.2,24.5,64.7,1013.9,0.0,8.4,5.2,115.1,SE,6.17,7.73,3.87,night
565617,2019-04-27,2019,CLE,2019-04-27 15:05:00,15,4,3,7,2,22,5,13,293,83.5,1,47,0.0213,0.1538,2.0,12.0,4.0,5.0,143.0,77.8,33.0,0.4,0.0,10.0,1.0,8.0,150.0,87.9,43.0,0.0,80.4,26.9,50.0,1009.6,0.0,20.4,12.7,172.7,S,19.69,16.68,20.33,day
565618,2019-04-28,2019,CLE,2019-04-28 18:05:00,18,4,1,5,2,16,6,14,258,84.9,2,49,0.0408,0.1429,1.0,8.0,3.0,6.0,114.0,86.1,28.0,0.1667,1.0,8.0,2.0,8.0,144.0,84.1,43.0,0.125,74.2,23.4,67.0,1010.6,0.0,17.3,10.7,134.3,SE,15.91,17.27,12.62,night
565619,2019-05-06,2019,KC,2019-05-06 19:10:00,19,6,4,10,5,15,4,20,296,83.5,3,54,0.0556,0.25,3.0,5.0,3.0,11.0,145.0,83.8,38.0,0.2727,2.0,10.0,1.0,9.0,151.0,83.1,37.0,0.2222,74.5,23.6,81.0,1010.9,0.1,17.6,11.0,116.8,SE,13.37,16.5,8.63,night
565620,2019-05-07,2019,KC,2019-05-07 19:10:00,19,2,12,14,4,13,7,20,278,83.3,4,58,0.069,0.2,1.0,8.0,3.0,7.0,126.0,82.4,39.0,0.1429,3.0,5.0,4.0,13.0,152.0,84.0,50.0,0.2308,71.7,22.0,93.7,1009.9,21.2,14.3,8.9,89.8,E,5.44,9.63,0.59,night
565621,2019-05-08,2019,KC,2019-05-08 19:10:00,19,9,0,9,4,23,6,14,286,84.2,3,43,0.0698,0.2857,4.0,6.0,4.0,11.0,147.0,87.4,38.0,0.3636,0.0,17.0,2.0,3.0,139.0,80.3,30.0,0.0,72.3,22.4,94.7,1002.7,9.0,13.8,8.6,132.7,SE,12.49,13.72,9.76,night
565622,2019-05-09,2019,TEX,2019-05-09 19:10:00,19,4,2,6,2,19,10,12,308,81.5,2,40,0.05,0.1667,1.0,9.0,6.0,9.0,164.0,83.4,36.0,0.1111,1.0,10.0,4.0,3.0,144.0,79.4,32.0,0.3333,72.6,22.6,92.7,1006.5,13.9,17.2,10.7,81.0,E,4.02,9.51,-1.95,night
565623,2019-05-10,2019,TEX,2019-05-10 19:10:00,19,3,0,3,3,18,4,8,253,81.2,3,39,0.0769,0.375,3.0,8.0,2.0,6.0,129.0,79.1,33.0,0.5,0.0,10.0,2.0,2.0,124.0,83.4,34.0,0.0,72.7,22.6,86.7,1009.4,0.0,7.2,4.5,0.3,N,-6.64,-5.28,-7.19,night
565624,2019-05-11,2019,TEX,2019-05-11 19:10:00,19,11,4,15,4,22,6,22,312,83.3,5,51,0.098,0.1818,2.0,4.0,5.0,13.0,166.0,83.9,52.0,0.1538,2.0,18.0,1.0,9.0,146.0,82.6,38.0,0.2222,72.6,22.6,93.0,1006.2,0.6,3.1,1.9,310.8,NW,-2.8,-3.11,-2.15,night
565625,2019-05-12,2019,TEX,2019-05-12 13:10:00,13,15,5,20,6,22,6,27,323,85.5,7,58,0.1207,0.2222,4.0,8.0,2.0,18.0,161.0,86.4,51.0,0.2222,2.0,14.0,4.0,9.0,162.0,84.1,36.0,0.2222,74.5,23.6,66.3,1008.5,0.0,15.0,9.3,4.7,N,-13.32,-10.18,-14.85,day
565626,2019-05-20,2019,CWS,2019-05-20 19:10:00,19,3,0,3,2,17,2,14,255,83.5,3,46,0.0652,0.1429,2.0,4.0,2.0,8.0,104.0,84.8,33.0,0.25,0.0,13.0,0.0,6.0,151.0,82.4,40.0,0.0,79.6,26.5,86.0,1004.6,0.0,26.4,16.4,147.3,SE,25.99,26.01,22.82,night
565627,2019-05-21,2019,CWS,2019-05-21 19:10:00,19,5,1,6,2,16,8,9,272,81.7,1,41,0.0244,0.2222,1.0,2.0,6.0,8.0,152.0,84.4,54.0,0.125,1.0,14.0,2.0,1.0,120.0,76.9,31.0,1.0,80.0,26.7,88.7,1002.6,0.5,16.1,10.0,160.7,S,16.11,14.83,15.44,night
565628,2019-05-22,2019,CWS,2019-05-22 19:10:00,19,4,9,13,5,16,4,22,302,83.0,6,54,0.1111,0.2273,1.0,4.0,2.0,12.0,138.0,83.6,48.0,0.0833,4.0,12.0,2.0,10.0,164.0,82.5,46.0,0.4,80.4,26.9,86.7,1008.3,0.0,20.8,12.9,140.7,SE,19.88,20.73,16.62,night
565629,2019-05-23,2019,CWS,2019-05-23 19:10:00,19,0,4,4,1,20,4,15,265,84.5,1,48,0.0208,0.0667,0.0,9.0,1.0,4.0,107.0,81.6,40.0,0.0,1.0,11.0,3.0,11.0,158.0,87.5,39.0,0.0909,77.8,25.4,90.7,1012.7,0.8,17.9,11.1,131.7,SE,16.08,17.77,12.45,night
565630,2019-05-24,2019,BOS,2019-05-24 19:10:00,19,4,3,7,4,20,8,11,283,84.1,5,44,0.1136,0.3636,1.0,6.0,5.0,4.0,127.0,84.9,38.0,0.25,3.0,14.0,3.0,7.0,156.0,83.3,36.0,0.4286,78.6,25.9,87.3,1012.6,0.0,18.3,11.4,126.0,SE,15.57,17.9,11.37,night
565631,2019-05-25,2019,BOS,2019-05-25 18:15:00,18,4,3,7,0,15,7,22,298,84.0,1,56,0.0179,0.0,0.0,5.0,4.0,13.0,150.0,84.7,49.0,0.0,0.0,10.0,3.0,9.0,148.0,83.4,43.0,0.0,81.1,27.3,76.7,1013.3,0.1,18.4,11.4,136.7,SE,17.17,18.36,13.9,night
565632,2019-05-26,2019,BOS,2019-05-26 13:10:00,13,1,4,5,1,18,4,10,284,82.0,1,47,0.0213,0.1,0.0,10.0,2.0,4.0,147.0,82.4,40.0,0.0,1.0,8.0,2.0,6.0,137.0,81.6,42.0,0.1667,86.2,30.1,60.3,1015.1,0.0,20.6,12.8,138.7,SE,19.5,20.6,16.05,day
565633,2019-05-27,2019,CHC,2019-05-27 13:10:00,13,6,5,11,3,23,6,19,316,83.5,3,47,0.0638,0.1579,0.0,6.0,4.0,10.0,159.0,84.7,42.0,0.0,3.0,17.0,2.0,9.0,157.0,81.9,30.0,0.3333,86.1,30.0,55.7,1011.0,0.0,18.7,11.6,165.3,S,18.53,16.54,18.28,day
565634,2019-05-28,2019,CHC,2019-05-28 19:10:00,19,9,6,15,7,16,10,20,322,85.8,3,54,0.0556,0.35,2.0,5.0,4.0,11.0,147.0,85.0,42.0,0.1818,5.0,11.0,6.0,9.0,175.0,86.8,34.0,0.5556,79.9,26.6,86.7,1006.0,0.4,20.9,13.0,147.0,SE,20.58,20.65,18.04,night
565635,2019-05-29,2019,CHC,2019-05-29 19:10:00,19,1,2,3,2,20,4,11,255,84.0,1,43,0.0233,0.1818,0.0,8.0,1.0,4.0,120.0,82.6,35.0,0.0,2.0,12.0,3.0,7.0,135.0,85.7,29.0,0.2857,80.4,26.9,76.7,1005.2,0.0,14.2,8.8,154.3,SE,14.18,13.59,13.05,night
565636,2019-06-07,2019,BAL,2019-06-07 19:10:00,19,4,3,7,3,23,4,11,334,83.8,2,53,0.0377,0.2727,2.0,6.0,4.0,6.0,165.0,85.9,51.0,0.3333,1.0,17.0,0.0,5.0,169.0,81.1,42.0,0.2,83.8,28.8,69.7,1003.0,0.0,9.9,6.2,339.8,N,-9.89,-9.16,-9.43,night
565637,2019-06-08,2019,BAL,2019-06-08 15:10:00,15,1,4,5,2,14,3,12,236,85.3,2,51,0.0392,0.1667,0.0,5.0,2.0,4.0,120.0,84.3,42.0,0.0,2.0,9.0,1.0,8.0,116.0,86.6,32.0,0.25,91.3,32.9,51.0,1004.9,0.0,16.7,10.4,329.3,NW,-16.53,-16.34,-14.72,day
565638,2019-06-09,2019,BAL,2019-06-09 13:10:00,13,4,0,4,1,16,7,11,279,80.4,1,43,0.0233,0.0909,1.0,8.0,3.0,5.0,131.0,80.4,33.0,0.2,0.0,8.0,4.0,6.0,148.0,80.3,36.0,0.0,90.8,32.7,62.0,1009.6,0.0,2.9,1.8,116.1,SE,2.2,2.73,1.4,day
565639,2019-06-11,2019,MIL,2019-06-11 19:10:00,19,10,8,18,7,18,7,23,304,84.6,7,55,0.1273,0.3043,4.0,10.0,4.0,12.0,156.0,82.7,41.0,0.3333,3.0,8.0,3.0,11.0,148.0,86.4,44.0,0.2727,79.3,26.3,58.7,1012.5,0.1,13.8,8.6,9.6,N,-11.71,-8.49,-13.52,night
565640,2019-06-12,2019,MIL,2019-06-12 19:10:00,19,3,6,9,4,38,10,15,408,82.7,3,56,0.0536,0.2667,0.0,14.0,9.0,5.0,205.0,80.5,45.0,0.0,4.0,24.0,1.0,10.0,203.0,84.7,49.0,0.4,82.9,28.3,55.7,1011.3,0.0,5.3,3.3,51.1,NE,-1.49,0.34,-3.14,night
565641,2019-06-14,2019,TOR,2019-06-14 19:10:00,19,15,2,17,4,24,9,17,303,85.7,3,44,0.0682,0.2353,4.0,11.0,7.0,12.0,158.0,85.9,40.0,0.3333,0.0,13.0,2.0,5.0,145.0,85.6,33.0,0.0,81.9,27.7,67.0,1011.4,0.0,16.4,10.2,157.0,SE,16.4,15.46,15.36,night
565642,2019-06-15,2019,TOR,2019-06-15 15:10:00,15,7,2,9,2,13,4,18,239,88.5,2,52,0.0385,0.1111,2.0,3.0,2.0,12.0,123.0,88.1,37.0,0.1667,0.0,10.0,2.0,6.0,116.0,89.1,27.0,0.0,89.4,31.9,57.3,1009.1,0.1,23.8,14.8,178.7,S,22.16,17.89,23.76,day
565643,2019-06-16,2019,TOR,2019-06-16 13:10:00,13,0,12,12,5,15,10,21,315,86.6,2,57,0.0351,0.2381,0.0,9.0,6.0,7.0,141.0,83.3,27.0,0.0,5.0,6.0,4.0,14.0,174.0,88.6,46.0,0.3571,82.1,27.8,76.7,1010.4,5.2,19.3,12.0,163.3,S,19.17,17.34,18.68,day
565644,2019-06-25,2019,PIT,2019-06-25 19:10:00,19,5,1,6,2,13,3,18,266,83.5,0,55,0.0,0.1111,2.0,7.0,1.0,10.0,132.0,83.8,38.0,0.2,0.0,6.0,2.0,8.0,134.0,83.3,43.0,0.0,75.4,24.1,84.3,1014.7,2.1,12.5,7.8,127.8,SE,10.89,12.36,8.11,night
565645,2019-06-26,2019,PIT,2019-06-26 19:10:00,19,2,14,16,5,12,10,24,347,82.6,5,64,0.0781,0.2083,1.0,6.0,3.0,9.0,153.0,83.3,44.0,0.1111,4.0,6.0,7.0,15.0,194.0,82.1,56.0,0.2667,80.1,26.7,89.3,1015.9,0.0,8.6,5.4,90.7,E,3.4,5.91,0.49,night
565646,2019-06-27,2019,PIT,2019-06-27 13:10:00,13,0,10,10,5,14,2,23,272,84.2,5,60,0.0833,0.2174,0.0,8.0,0.0,9.0,121.0,82.7,41.0,0.0,5.0,6.0,2.0,14.0,151.0,85.5,46.0,0.3571,85.6,29.8,73.3,1017.9,0.3,7.1,4.4,93.9,E,3.15,5.12,0.79,day
565647,2019-06-28,2019,SEA,2019-06-28 19:10:00,19,2,1,3,3,12,7,14,346,82.6,2,60,0.0333,0.2143,2.0,5.0,3.0,9.0,182.0,82.4,46.0,0.2222,1.0,7.0,3.0,5.0,164.0,82.8,40.0,0.2,77.2,25.1,88.0,1015.0,0.0,5.7,3.5,163.2,S,5.64,5.11,5.49,night
565648,2019-06-29,2019,SEA,2019-06-29 19:15:00,19,6,5,11,3,16,10,15,346,83.7,4,56,0.0714,0.2,0.0,7.0,4.0,8.0,161.0,83.4,49.0,0.0,3.0,9.0,6.0,7.0,185.0,83.9,48.0,0.4286,75.6,24.2,84.7,1014.7,1.2,5.1,3.2,6.2,N,-4.47,-3.36,-5.04,night
565649,2019-06-30,2019,SEA,2019-06-30 13:10:00,13,6,1,7,1,20,6,17,303,84.2,2,46,0.0435,0.0588,0.0,6.0,3.0,11.0,157.0,86.3,44.0,0.0,1.0,14.0,2.0,6.0,146.0,81.4,33.0,0.1667,79.2,26.2,78.3,1014.2,0.9,7.3,4.6,213.7,SW,4.08,1.75,5.92,day
565650,2019-07-05,2019,LAA,2019-07-05 19:10:00,19,4,5,9,6,16,5,15,270,84.5,4,51,0.0784,0.4,2.0,8.0,4.0,6.0,137.0,81.5,41.0,0.3333,4.0,8.0,1.0,9.0,133.0,87.7,38.0,0.4444,84.2,29.0,80.0,1014.0,0.0,11.1,6.9,153.3,SE,11.07,10.68,10.12,night
565651,2019-07-06,2019,LAA,2019-07-06 18:15:00,18,4,0,4,1,20,8,14,283,82.1,1,42,0.0238,0.0714,1.0,6.0,4.0,10.0,134.0,82.6,33.0,0.1,0.0,14.0,4.0,4.0,149.0,81.6,33.0,0.0,88.4,31.3,68.3,1013.5,0.1,10.3,6.4,147.0,SE,10.16,10.19,8.9,night
565652,2019-07-07,2019,LAA,2019-07-07 13:10:00,13,11,10,21,5,22,12,35,420,83.2,6,70,0.0857,0.1429,2.0,10.0,8.0,19.0,223.0,81.8,65.0,0.1053,3.0,12.0,4.0,16.0,197.0,84.8,51.0,0.1875,90.2,32.3,59.7,1013.5,0.0,4.1,2.6,238.0,SW,0.68,-0.75,2.04,day
565653,2019-07-19,2019,TEX,2019-07-19 19:10:00,19,4,3,7,6,26,4,17,297,83.5,5,41,0.122,0.3529,4.0,11.0,1.0,7.0,130.0,82.5,32.0,0.5714,2.0,15.0,3.0,10.0,167.0,84.3,38.0,0.2,84.1,29.0,81.0,1011.7,0.0,17.4,10.8,157.3,SE,17.4,16.37,16.33,night
565654,2019-07-20,2019,TEX,2019-07-20 18:10:00,18,6,1,7,3,17,2,13,261,84.3,5,47,0.1064,0.2308,2.0,4.0,2.0,11.0,134.0,85.2,41.0,0.1818,1.0,13.0,0.0,2.0,127.0,82.8,26.0,0.5,86.8,30.4,69.0,1010.7,0.2,16.1,10.0,156.7,SE,16.13,15.24,15.08,night
565655,2019-07-21,2019,TEX,2019-07-21 13:10:00,13,5,3,8,5,27,5,15,299,81.0,5,38,0.1316,0.3333,3.0,14.0,2.0,9.0,138.0,82.9,34.0,0.3333,2.0,13.0,3.0,6.0,161.0,79.2,35.0,0.3333,88.2,31.2,68.3,1011.9,0.1,8.1,5.0,139.6,SE,7.68,8.06,6.37,day
565656,2019-07-22,2019,ATH,2019-07-22 19:10:00,19,11,1,12,3,17,9,15,313,81.9,3,50,0.06,0.2,3.0,6.0,8.0,13.0,184.0,82.0,51.0,0.2308,0.0,11.0,1.0,2.0,129.0,81.8,28.0,0.0,82.5,28.1,85.3,1011.4,0.0,7.7,4.8,183.7,S,6.91,5.33,7.66,night
565657,2019-07-23,2019,ATH,2019-07-23 19:10:00,19,3,4,7,2,15,5,16,310,81.9,1,65,0.0154,0.125,1.0,7.0,2.0,8.0,139.0,80.4,46.0,0.125,1.0,8.0,3.0,8.0,171.0,83.5,40.0,0.125,82.2,27.9,67.0,1012.6,0.0,5.7,3.5,33.1,NE,-3.22,-1.41,-4.63,night
565658,2019-07-24,2019,ATH,2019-07-24 13:10:00,13,4,2,6,2,23,2,12,247,80.0,2,40,0.05,0.1667,2.0,9.0,0.0,6.0,114.0,80.0,38.0,0.3333,0.0,14.0,2.0,6.0,133.0,79.9,34.0,0.0,84.6,29.2,46.7,1014.6,0.0,13.6,8.5,40.0,NE,-6.3,-1.78,-10.05,day
565659,2019-08-02,2019,SEA,2019-08-02 19:10:00,19,10,2,12,7,14,12,15,321,81.9,3,51,0.0588,0.4667,6.0,4.0,4.0,12.0,156.0,85.5,44.0,0.5,1.0,10.0,8.0,3.0,165.0,77.7,38.0,0.3333,82.5,28.0,80.7,1010.5,0.9,9.7,6.0,152.7,SE,9.67,9.36,8.81,night
565660,2019-08-03,2019,SEA,2019-08-03 18:10:00,18,9,0,9,1,14,6,15,318,79.5,2,52,0.0385,0.0667,1.0,6.0,2.0,15.0,180.0,80.8,58.0,0.0667,0.0,8.0,4.0,0.0,138.0,77.1,31.0,,85.3,29.6,70.7,1009.0,1.9,8.5,5.3,197.7,S,6.49,4.22,7.98,night
565661,2019-08-04,2019,SEA,2019-08-04 13:10:00,13,3,1,4,1,23,5,9,285,79.4,1,37,0.027,0.1111,0.0,8.0,3.0,5.0,139.0,80.7,37.0,0.0,1.0,15.0,2.0,4.0,146.0,77.9,33.0,0.25,88.4,31.3,60.3,1011.2,0.3,7.5,4.7,0.6,N,-6.93,-5.5,-7.52,day
565662,2019-08-06,2019,COL,2019-08-06 19:10:00,19,11,6,17,6,10,6,20,311,84.3,5,61,0.082,0.3,4.0,6.0,2.0,13.0,151.0,85.3,50.0,0.3077,2.0,4.0,4.0,7.0,160.0,83.1,43.0,0.2857,83.8,28.8,82.7,1009.8,0.0,10.6,6.6,165.1,S,10.54,9.42,10.39,night
565663,2019-08-07,2019,COL,2019-08-07 13:10:00,13,14,3,17,4,21,9,20,318,81.9,1,48,0.0208,0.2,2.0,9.0,9.0,12.0,176.0,84.5,47.0,0.1667,2.0,12.0,0.0,8.0,142.0,79.2,45.0,0.25,92.2,33.4,59.3,1010.9,0.0,10.6,6.6,196.4,S,8.27,5.49,10.06,day
565664,2019-08-19,2019,DET,2019-08-19 19:10:00,19,5,4,9,2,26,6,22,340,82.0,3,47,0.0638,0.0909,0.0,12.0,5.0,8.0,166.0,82.9,37.0,0.0,2.0,14.0,1.0,14.0,174.0,81.1,37.0,0.1429,83.8,28.8,84.0,1011.7,0.0,8.5,5.3,171.0,S,8.27,7.09,8.45,night
565665,2019-08-20,2019,DET,2019-08-20 19:10:00,19,6,3,9,4,18,10,18,322,80.5,3,49,0.0612,0.2222,3.0,7.0,7.0,8.0,169.0,81.9,35.0,0.375,1.0,11.0,3.0,10.0,153.0,79.4,41.0,0.1,82.6,28.1,77.7,1012.7,0.0,8.4,5.2,201.0,S,6.07,3.74,7.67,night
565666,2019-08-21,2019,DET,2019-08-21 19:10:00,19,1,2,3,3,18,2,8,242,80.2,3,42,0.0714,0.375,1.0,7.0,2.0,6.0,143.0,80.5,42.0,0.1667,2.0,11.0,0.0,2.0,99.0,79.7,30.0,1.0,85.8,29.9,68.7,1011.4,0.0,12.6,7.8,160.0,S,12.62,11.67,12.05,night
565667,2019-08-22,2019,DET,2019-08-22 19:10:00,19,6,3,9,3,19,8,14,301,83.0,4,46,0.087,0.2143,1.0,5.0,4.0,9.0,163.0,84.4,52.0,0.1111,2.0,14.0,3.0,5.0,138.0,80.8,34.0,0.4,83.5,28.6,79.3,1009.5,0.4,15.4,9.6,123.3,SE,12.74,14.93,9.02,night
565668,2019-08-23,2019,LAA,2019-08-23 19:10:00,19,5,4,9,2,10,2,24,274,83.3,1,61,0.0164,0.0833,1.0,7.0,2.0,13.0,150.0,83.5,34.0,0.0769,1.0,3.0,0.0,11.0,124.0,83.0,45.0,0.0909,79.8,26.5,89.3,1009.0,0.3,11.8,7.3,121.3,SE,9.5,11.3,6.55,night
565669,2019-08-24,2019,LAA,2019-08-24 18:10:00,18,5,2,7,3,14,11,15,322,83.1,2,50,0.04,0.2,2.0,6.0,4.0,8.0,145.0,86.3,32.0,0.25,1.0,8.0,7.0,7.0,177.0,80.3,36.0,0.1429,83.8,28.8,79.0,1008.0,0.6,10.2,6.3,161.6,S,10.17,9.31,9.81,night
565670,2019-08-25,2019,LAA,2019-08-25 13:10:00,13,11,2,13,4,14,11,14,279,79.6,4,47,0.0851,0.2857,2.0,6.0,5.0,10.0,152.0,77.9,42.0,0.2,2.0,8.0,5.0,4.0,127.0,82.3,28.0,0.5,85.1,29.5,75.3,1008.2,0.1,5.4,3.4,233.0,SW,1.35,-0.52,3.06,day
565671,2019-08-27,2019,TB,2019-08-27 19:10:00,19,15,1,16,4,12,7,25,314,86.0,3,62,0.0484,0.16,3.0,7.0,3.0,18.0,162.0,84.5,48.0,0.1667,1.0,5.0,4.0,7.0,152.0,87.7,40.0,0.1429,83.3,28.5,82.0,1010.1,0.0,10.7,6.6,169.7,S,10.46,9.06,10.6,night
565672,2019-08-28,2019,TB,2019-08-28 19:10:00,19,8,6,14,3,25,6,17,304,82.2,1,43,0.0233,0.1765,1.0,6.0,3.0,10.0,151.0,81.8,36.0,0.1,2.0,19.0,2.0,7.0,153.0,82.7,30.0,0.2857,80.6,27.0,88.7,1012.0,0.0,2.9,1.8,101.7,E,1.61,2.32,0.7,night
565673,2019-08-29,2019,TB,2019-08-29 13:10:00,13,8,9,17,5,23,12,22,361,84.7,2,54,0.037,0.2273,3.0,12.0,10.0,8.0,206.0,84.3,44.0,0.375,2.0,11.0,2.0,14.0,155.0,85.1,39.0,0.1429,85.0,29.4,76.3,1013.9,8.5,6.8,4.2,86.5,E,2.22,4.28,-0.12,day
565674,2019-09-05,2019,SEA,2019-09-05 19:10:00,19,11,9,20,7,26,11,23,447,81.8,6,72,0.0833,0.3043,3.0,11.0,8.0,11.0,217.0,81.5,52.0,0.2727,4.0,15.0,3.0,12.0,230.0,81.9,72.0,0.3333,88.1,31.2,54.7,1013.2,0.0,14.9,9.3,173.0,S,14.39,12.15,14.89,night
565675,2019-09-06,2019,SEA,2019-09-06 19:10:00,19,7,4,11,2,18,11,13,320,79.8,3,46,0.0652,0.1538,1.0,7.0,4.0,9.0,161.0,79.2,53.0,0.1111,1.0,11.0,7.0,4.0,159.0,80.7,33.0,0.25,88.2,31.2,49.0,1012.4,0.0,15.9,9.9,170.4,S,15.47,13.33,15.74,night
565676,2019-09-07,2019,SEA,2019-09-07 18:10:00,18,2,1,3,1,18,4,12,266,81.7,4,42,0.0952,0.0833,1.0,8.0,3.0,6.0,133.0,84.1,39.0,0.1667,0.0,10.0,1.0,6.0,133.0,79.3,38.0,0.0,91.3,33.0,54.3,1010.7,0.0,16.6,10.3,145.3,SE,16.19,16.41,14.02,night
565677,2019-09-08,2019,SEA,2019-09-08 13:10:00,13,21,1,22,3,25,7,23,313,84.5,4,50,0.08,0.1304,2.0,8.0,7.0,22.0,206.0,85.2,55.0,0.0909,1.0,17.0,0.0,1.0,107.0,81.9,15.0,1.0,95.5,35.3,37.7,1011.8,0.0,11.7,7.2,143.7,SE,11.33,11.6,9.69,day
565678,2019-09-09,2019,ATH,2019-09-09 19:10:00,19,15,0,15,7,12,3,20,267,85.1,5,56,0.0893,0.35,7.0,2.0,2.0,17.0,148.0,85.3,51.0,0.4118,0.0,10.0,1.0,3.0,119.0,84.8,30.0,0.0,81.2,27.3,84.3,1012.5,0.0,10.3,6.4,164.0,S,10.27,9.25,10.05,night
565679,2019-09-10,2019,ATH,2019-09-10 19:10:00,19,7,21,28,10,12,7,37,354,85.0,9,76,0.1184,0.2703,4.0,5.0,3.0,12.0,154.0,82.5,48.0,0.3333,6.0,7.0,4.0,25.0,200.0,86.9,65.0,0.24,80.8,27.1,87.3,1015.3,1.5,6.2,3.8,158.5,S,6.17,5.76,5.83,night
565680,2019-09-11,2019,ATH,2019-09-11 19:10:00,19,3,5,8,4,24,6,15,317,85.9,5,43,0.1163,0.2667,2.0,8.0,2.0,8.0,144.0,87.3,36.0,0.25,2.0,16.0,3.0,7.0,173.0,84.3,34.0,0.2857,82.1,27.8,84.0,1015.0,0.1,9.6,6.0,214.2,SW,5.29,2.22,7.73,night
565681,2019-09-12,2019,ATH,2019-09-12 19:10:00,19,2,3,5,2,27,9,12,320,82.4,2,38,0.0526,0.1667,1.0,10.0,7.0,6.0,176.0,81.9,35.0,0.1667,1.0,17.0,2.0,6.0,144.0,82.9,34.0,0.1667,84.0,28.9,75.7,1013.7,0.0,12.0,7.5,131.0,SE,10.74,11.92,8.26,night
565682,2019-09-17,2019,TEX,2019-09-17 19:10:00,19,4,1,5,4,21,5,13,252,83.5,2,40,0.05,0.3077,3.0,9.0,3.0,7.0,122.0,85.3,35.0,0.4286,1.0,12.0,2.0,6.0,130.0,80.9,25.0,0.1667,76.4,24.7,94.0,1005.1,34.7,38.7,24.1,132.7,SE,35.15,38.59,27.46,night
565683,2019-09-18,2019,TEX,2019-09-18 19:10:00,19,3,2,5,3,17,6,13,250,86.1,3,46,0.0652,0.2308,2.0,6.0,4.0,6.0,134.0,86.2,31.0,0.3333,1.0,11.0,2.0,7.0,116.0,86.0,32.0,0.1429,78.0,25.6,94.7,1008.1,0.9,10.5,6.5,205.1,SW,7.05,3.98,9.27,night
565684,2019-09-20,2019,LAA,2019-09-20 19:10:00,19,6,4,10,5,16,2,18,277,82.8,4,52,0.0769,0.2778,4.0,5.0,1.0,10.0,138.0,81.4,45.0,0.4,1.0,11.0,1.0,8.0,139.0,84.4,40.0,0.125,77.8,25.5,93.3,1013.5,1.3,13.9,8.6,123.7,SE,11.52,13.46,8.18,night
565685,2019-09-21,2019,LAA,2019-09-21 18:10:00,18,4,8,12,3,16,7,18,322,83.6,1,54,0.0185,0.1667,1.0,6.0,3.0,6.0,143.0,86.2,40.0,0.1667,2.0,10.0,4.0,12.0,179.0,81.2,44.0,0.1667,81.1,27.3,80.7,1013.0,0.0,13.8,8.6,124.0,SE,11.48,13.39,8.19,night
565686,2019-09-22,2019,LAA,2019-09-22 13:10:00,13,13,5,18,5,14,11,23,330,83.4,3,59,0.0508,0.2174,5.0,4.0,5.0,15.0,160.0,86.0,45.0,0.3333,0.0,10.0,6.0,8.0,170.0,80.9,46.0,0.0,84.4,29.1,80.0,1013.1,0.7,14.4,9.0,135.3,SE,13.37,14.42,10.7,day
631438,2020-07-24,2020,SEA,2020-07-24 20:10:00,20,8,2,10,3,15,5,15,270,84.0,2,51,0.0392,0.2,1.0,5.0,4.0,10.0,150.0,84.0,43.0,0.1,2.0,10.0,1.0,5.0,120.0,84.1,31.0,0.4,79.5,26.4,90.3,1008.3,0.7,22.7,14.1,63.0,NE,-1.78,6.08,-9.43,night
631453,2020-07-25,2020,SEA,2020-07-25 15:10:00,15,7,2,9,3,13,6,18,288,85.1,4,51,0.0784,0.1667,2.0,3.0,3.0,10.0,146.0,85.8,42.0,0.2,1.0,10.0,3.0,8.0,142.0,84.2,29.0,0.125,80.5,27.0,89.3,1009.4,4.9,24.3,15.1,97.0,E,11.98,18.5,4.02,day
631441,2020-07-26,2020,SEA,2020-07-26 13:10:00,13,6,7,13,0,19,10,20,314,83.9,2,52,0.0385,0.0,0.0,12.0,5.0,9.0,150.0,83.9,32.0,0.0,0.0,7.0,5.0,11.0,164.0,84.0,42.0,0.0,80.1,26.7,87.7,1013.8,9.1,17.3,10.7,100.9,E,9.53,13.89,4.01,day
631442,2020-07-27,2020,SEA,2020-07-27 18:10:00,18,8,5,13,3,22,11,17,329,81.7,2,45,0.0444,0.1765,2.0,9.0,5.0,8.0,153.0,82.5,39.0,0.25,1.0,13.0,6.0,9.0,176.0,80.8,37.0,0.1111,80.5,26.9,84.3,1011.5,0.4,6.7,4.1,162.3,S,6.64,6.05,6.43,night
631443,2020-07-28,2020,LAD,2020-07-28 20:10:00,20,2,5,7,1,14,10,14,298,82.5,3,54,0.0556,0.0714,1.0,9.0,4.0,4.0,143.0,77.7,42.0,0.25,0.0,5.0,6.0,10.0,155.0,87.3,41.0,0.0,79.3,26.3,88.7,1010.7,0.0,4.3,2.7,159.7,S,4.3,3.98,4.09,night
631444,2020-07-29,2020,LAD,2020-07-29 18:10:00,18,2,4,6,2,26,10,13,397,80.0,1,63,0.0159,0.1538,0.0,13.0,6.0,8.0,226.0,79.8,70.0,0.0,2.0,13.0,2.0,5.0,171.0,80.4,50.0,0.4,82.6,28.1,84.0,1011.9,0.2,9.8,6.1,168.5,S,9.59,8.37,9.65,night
631445,2020-08-10,2020,SF,2020-08-10 20:10:00,20,6,4,10,2,12,4,13,286,82.9,3,53,0.0566,0.1538,1.0,6.0,3.0,7.0,151.0,81.9,50.0,0.1429,1.0,6.0,1.0,6.0,135.0,84.2,39.0,0.1667,83.5,28.6,80.7,1012.5,0.0,14.3,8.9,160.3,S,14.32,13.21,13.69,night
631446,2020-08-11,2020,SF,2020-08-11 20:10:00,20,6,7,13,3,13,12,22,356,82.4,3,64,0.0469,0.1364,1.0,5.0,7.0,10.0,171.0,84.2,49.0,0.1,2.0,8.0,5.0,12.0,185.0,80.8,53.0,0.1667,82.9,28.3,84.3,1011.5,0.0,16.2,10.1,175.7,S,15.42,12.76,16.23,night
631447,2020-08-12,2020,SF,2020-08-12 18:10:00,18,5,1,6,1,16,7,16,307,80.3,2,49,0.0408,0.0625,1.0,7.0,6.0,9.0,174.0,79.9,50.0,0.1111,0.0,9.0,1.0,7.0,133.0,80.7,40.0,0.0,88.0,31.1,67.7,1010.4,0.0,16.3,10.1,175.8,S,15.48,12.79,16.29,night
631448,2020-08-14,2020,SEA,2020-08-14 20:10:00,20,11,1,12,2,18,12,15,336,82.8,0,45,0.0,0.1333,2.0,9.0,8.0,9.0,197.0,81.8,47.0,0.2222,0.0,9.0,4.0,6.0,139.0,84.0,37.0,0.0,86.5,30.3,68.0,1009.5,0.0,19.2,11.9,182.3,S,17.39,13.59,19.1,night
631449,2020-08-15,2020,SEA,2020-08-15 18:10:00,18,2,1,3,2,13,4,9,261,85.4,3,44,0.0682,0.2222,1.0,4.0,1.0,6.0,130.0,87.2,39.0,0.1667,1.0,9.0,3.0,3.0,131.0,83.0,30.0,0.3333,93.4,34.1,52.7,1009.1,0.0,12.7,7.9,153.1,SE,12.63,12.2,11.53,night
631450,2020-08-16,2020,SEA,2020-08-16 13:10:00,13,3,2,5,1,21,7,11,285,83.3,1,41,0.0244,0.0909,1.0,9.0,1.0,7.0,128.0,84.2,46.0,0.1429,0.0,12.0,6.0,4.0,157.0,82.0,31.0,0.0,96.0,35.5,44.3,1012.8,0.0,4.6,2.8,2.4,N,-4.14,-3.23,-4.55,day
631451,2020-08-17,2020,COL,2020-08-17 20:10:00,20,2,1,3,1,13,7,9,261,79.5,3,46,0.0652,0.1111,0.0,6.0,2.0,7.0,128.0,79.6,38.0,0.0,1.0,7.0,5.0,2.0,133.0,79.4,35.0,0.5,87.2,30.7,62.0,1013.2,0.0,6.8,4.2,350.0,N,-6.67,-5.76,-6.77,night
631452,2020-08-18,2020,COL,2020-08-18 14:10:00,14,2,1,3,0,21,3,9,287,78.9,1,50,0.02,0.0,0.0,8.0,0.0,5.0,140.0,81.5,42.0,0.0,0.0,13.0,1.0,4.0,147.0,75.8,35.0,0.0,93.5,34.2,44.3,1010.9,0.0,10.7,6.6,353.0,N,-10.31,-8.71,-10.67,day
631439,2020-08-24,2020,LAA,2020-08-24 20:10:00,20,11,4,15,2,19,9,18,311,81.4,4,51,0.0784,0.1111,1.0,5.0,6.0,11.0,160.0,82.9,46.0,0.0909,1.0,14.0,3.0,7.0,151.0,79.6,39.0,0.1429,84.4,29.1,75.0,1010.1,0.0,7.7,4.8,98.0,E,3.91,5.94,1.41,night
631423,2020-08-25,2020,LAA,2020-08-25 15:05:00,15,6,3,9,1,13,8,10,228,83.2,0,36,0.0,0.1,0.0,6.0,5.0,6.0,116.0,81.9,29.0,0.0,1.0,7.0,2.0,4.0,112.0,84.5,29.0,0.25,94.6,34.8,42.0,1007.3,0.0,16.8,10.4,48.3,NE,-5.52,0.24,-10.61,day
631426,2020-08-25,2020,LAA,2020-08-25 15:10:00,15,5,12,17,3,11,11,19,303,81.2,3,49,0.0612,0.1579,2.0,4.0,1.0,7.0,112.0,82.5,47.0,0.2857,1.0,7.0,10.0,12.0,191.0,79.9,50.0,0.0833,94.6,34.8,42.0,1007.3,0.0,16.8,10.4,48.3,NE,-5.52,0.24,-10.61,day
631427,2020-08-29,2020,ATH,2020-08-28 20:10:00,20,6,3,9,3,18,4,17,248,83.5,4,37,0.1081,0.1765,1.0,8.0,3.0,11.0,129.0,84.6,43.0,0.0909,2.0,10.0,1.0,6.0,119.0,81.9,31.0,0.3333,83.1,28.4,86.7,1008.2,0.0,17.3,10.7,167.4,S,17.04,14.99,17.03,night
631428,2020-08-29,2020,ATH,2020-08-29 15:10:00,15,4,2,6,2,12,4,14,200,83.6,1,38,0.0263,0.1429,2.0,4.0,3.0,8.0,99.0,83.9,31.0,0.25,0.0,8.0,1.0,6.0,101.0,83.1,28.0,0.0,89.1,31.7,65.0,1008.0,0.5,12.2,7.6,146.0,SE,11.92,12.03,10.37,day
631430,2020-09-01,2020,TEX,2020-09-01 19:10:00,19,5,6,11,2,15,6,18,309,81.7,2,60,0.0333,0.1111,1.0,6.0,2.0,10.0,155.0,81.5,54.0,0.1,1.0,9.0,4.0,8.0,154.0,81.9,49.0,0.125,87.1,30.6,73.7,1006.8,0.0,22.0,13.7,167.7,S,21.69,19.05,21.71,night
631431,2020-09-02,2020,TEX,2020-09-02 19:10:00,19,2,1,3,2,12,5,6,212,82.0,2,43,0.0465,0.3333,1.0,5.0,3.0,3.0,92.0,84.5,30.0,0.3333,1.0,7.0,2.0,3.0,120.0,80.1,38.0,0.3333,87.4,30.8,68.0,1008.6,0.0,18.9,11.8,167.0,S,18.67,16.48,18.62,night
631432,2020-09-03,2020,TEX,2020-09-03 13:10:00,13,8,4,12,3,20,5,20,303,82.4,4,51,0.0784,0.15,2.0,8.0,2.0,12.0,144.0,82.7,50.0,0.1667,1.0,12.0,3.0,8.0,159.0,82.0,41.0,0.125,85.2,29.5,74.0,1012.1,3.2,7.5,4.7,162.6,S,7.5,6.82,7.28,day
631440,2020-09-05,2020,LAA,2020-08-26 12:10:00,12,6,7,13,4,13,4,14,240,82.1,4,44,0.0909,0.2857,3.0,5.0,0.0,6.0,106.0,82.0,42.0,0.5,1.0,8.0,4.0,8.0,134.0,82.2,40.0,0.125,86.3,30.2,75.7,1007.6,4.2,19.2,11.9,55.9,NE,-3.84,2.81,-10.03,day
631429,2020-09-08,2020,ATH,2020-08-30 13:10:00,13,2,4,6,2,13,3,15,222,84.1,4,44,0.0909,0.1333,1.0,7.0,1.0,7.0,106.0,85.3,33.0,0.1429,1.0,6.0,2.0,8.0,116.0,83.1,40.0,0.125,88.8,31.5,69.7,1007.0,0.1,10.1,6.3,162.7,S,10.09,9.17,9.8,day
631433,2020-09-15,2020,TEX,2020-09-15 19:10:00,19,4,1,5,2,16,5,13,293,81.1,4,47,0.0851,0.1538,2.0,7.0,5.0,9.0,176.0,79.3,60.0,0.2222,0.0,9.0,0.0,4.0,117.0,84.2,35.0,0.0,85.0,29.5,64.7,1010.2,0.0,13.0,8.1,1.0,N,-11.89,-9.4,-12.94,night
631434,2020-09-16,2020,TEX,2020-09-16 19:10:00,19,0,1,1,0,21,4,8,240,81.9,1,40,0.025,0.0,0.0,9.0,3.0,4.0,114.0,81.5,38.0,0.0,0.0,12.0,1.0,4.0,126.0,82.3,32.0,0.0,79.3,26.3,84.3,1009.8,6.2,12.8,8.0,330.0,NW,-12.69,-12.5,-11.36,night
631435,2020-09-17,2020,TEX,2020-09-17 18:10:00,18,2,1,3,1,17,2,9,239,81.7,0,44,0.0,0.1111,1.0,2.0,1.0,4.0,113.0,82.6,40.0,0.25,0.0,15.0,1.0,5.0,126.0,80.3,27.0,0.0,82.2,27.9,74.7,1009.6,0.0,6.7,4.2,34.1,NE,-3.69,-1.56,-5.38,night
631436,2020-09-18,2020,AZ,2020-09-18 19:10:00,19,3,6,9,3,20,1,18,286,83.1,3,52,0.0577,0.1667,1.0,7.0,1.0,7.0,133.0,81.7,46.0,0.1429,2.0,13.0,0.0,11.0,153.0,84.6,41.0,0.1818,79.6,26.5,41.3,1011.9,0.0,17.2,10.7,27.3,NE,-11.09,-5.93,-14.92,night
631437,2020-09-19,2020,AZ,2020-09-19 18:10:00,18,3,2,5,1,16,4,10,253,82.7,0,44,0.0,0.1,0.0,6.0,1.0,6.0,113.0,81.7,48.0,0.0,1.0,10.0,3.0,4.0,140.0,84.2,33.0,0.25,81.9,27.7,52.0,1011.2,0.0,18.4,11.4,25.0,NE,-12.43,-7.04,-16.32,night
631424,2020-09-20,2020,AZ,2020-09-20 13:10:00,13,3,2,5,3,15,7,12,294,81.8,3,45,0.0667,0.25,2.0,9.0,5.0,5.0,160.0,83.4,47.0,0.4,1.0,6.0,2.0,7.0,134.0,80.1,44.0,0.1429,72.6,22.5,83.7,1010.8,7.4,24.5,15.2,11.3,N,-20.38,-14.48,-23.82,day
634546,2021-04-08,2021,ATH,2021-04-08 19:10:00,19,6,2,8,3,15,5,14,284,83.2,4,51,0.0784,0.2143,3.0,5.0,1.0,8.0,124.0,83.7,55.0,0.375,0.0,10.0,4.0,6.0,160.0,82.7,46.0,0.0,74.6,23.7,75.3,1004.3,0.0,17.5,10.9,135.0,SE,16.14,17.45,12.88,night
634537,2021-04-09,2021,ATH,2021-04-09 19:10:00,19,2,6,8,3,15,7,15,301,84.5,4,54,0.0741,0.2,0.0,6.0,3.0,8.0,142.0,83.3,46.0,0.0,3.0,9.0,4.0,7.0,159.0,85.8,42.0,0.4286,75.6,24.2,82.7,999.8,0.2,16.5,10.3,177.7,S,15.49,12.61,16.5,night
632202,2021-04-10,2021,ATH,2021-04-10 15:05:00,15,3,7,10,3,17,3,20,291,79.8,5,54,0.0926,0.15,1.0,8.0,1.0,9.0,145.0,79.0,64.0,0.1111,2.0,9.0,2.0,11.0,146.0,80.8,52.0,0.1818,80.1,26.7,30.3,1005.2,0.0,18.4,11.4,16.7,N,-14.24,-9.41,-17.35,day
632220,2021-04-12,2021,DET,2021-04-12 19:10:00,19,2,6,8,5,15,6,19,280,81.4,6,57,0.1053,0.2632,2.0,6.0,2.0,7.0,128.0,81.5,55.0,0.2857,3.0,9.0,4.0,12.0,152.0,81.3,51.0,0.25,73.9,23.3,76.0,1007.4,0.0,15.6,9.7,115.3,SE,11.54,14.42,7.27,night
632229,2021-04-13,2021,DET,2021-04-13 19:10:00,19,2,8,10,5,18,7,20,318,81.9,2,53,0.0377,0.25,0.0,6.0,3.0,8.0,134.0,83.2,49.0,0.0,5.0,12.0,4.0,12.0,184.0,80.8,61.0,0.4167,73.6,23.1,89.3,1010.0,0.6,17.5,10.9,101.0,E,9.68,14.09,4.09,night
634521,2021-04-14,2021,DET,2021-04-14 18:10:00,18,4,6,10,1,16,11,16,355,82.0,3,53,0.0566,0.0625,1.0,6.0,6.0,8.0,173.0,83.7,58.0,0.125,0.0,10.0,5.0,8.0,182.0,80.1,51.0,0.0,71.5,21.9,92.0,1010.0,5.4,11.4,7.1,46.0,NE,-4.2,-0.31,-7.58,night
634438,2021-04-22,2021,LAA,2021-04-22 19:10:00,19,8,2,10,1,21,5,21,339,81.0,1,52,0.0192,0.0476,0.0,6.0,3.0,13.0,163.0,83.8,53.0,0.0,1.0,15.0,2.0,8.0,176.0,78.3,52.0,0.125,63.9,17.7,88.7,1013.1,1.1,16.9,10.5,101.3,E,9.43,13.67,4.05,night
634383,2021-04-23,2021,LAA,2021-04-23 19:10:00,19,5,4,9,1,24,1,21,312,78.8,1,54,0.0185,0.0476,1.0,13.0,0.0,8.0,161.0,78.3,51.0,0.125,0.0,11.0,0.0,13.0,151.0,79.4,47.0,0.0,73.0,22.8,93.7,1002.6,4.9,18.3,11.4,190.0,S,15.43,11.14,17.87,night
634366,2021-04-24,2021,LAA,2021-04-24 15:10:00,15,16,2,18,5,12,5,23,303,82.8,2,60,0.0333,0.2174,3.0,7.0,4.0,18.0,208.0,83.9,59.0,0.1667,2.0,5.0,0.0,5.0,95.0,81.2,39.0,0.4,82.3,27.9,49.0,1007.0,0.0,20.9,13.0,339.3,N,-20.92,-19.43,-19.89,day
634403,2021-04-25,2021,LAA,2021-04-25 13:10:00,13,2,4,6,2,18,4,11,292,78.2,2,45,0.0444,0.1818,1.0,11.0,2.0,4.0,139.0,79.3,44.0,0.25,1.0,7.0,2.0,7.0,153.0,77.2,47.0,0.1429,75.9,24.4,60.3,1014.4,0.0,17.1,10.6,135.3,SE,15.81,17.05,12.65,day
634382,2021-04-26,2021,SEA,2021-04-26 19:10:00,19,5,2,7,2,11,2,21,291,82.7,5,59,0.0847,0.0952,0.0,5.0,1.0,14.0,130.0,85.1,44.0,0.0,2.0,6.0,1.0,7.0,161.0,81.0,58.0,0.2857,72.0,22.2,81.7,1009.9,0.0,17.0,10.6,134.3,SE,15.63,16.97,12.4,night
634333,2021-04-27,2021,SEA,2021-04-27 19:10:00,19,2,0,2,0,14,6,8,257,84.4,4,42,0.0952,0.0,0.0,5.0,3.0,6.0,125.0,86.6,48.0,0.0,0.0,9.0,3.0,2.0,132.0,81.6,37.0,0.0,74.3,23.5,94.7,1007.4,0.0,24.3,15.1,122.3,SE,19.86,23.45,13.88,night
634360,2021-04-28,2021,SEA,2021-04-28 19:10:00,19,7,5,12,2,13,6,15,309,80.9,5,53,0.0943,0.1333,0.0,3.0,4.0,8.0,155.0,82.0,50.0,0.0,2.0,10.0,2.0,7.0,154.0,79.8,51.0,0.2857,77.1,25.0,86.7,1005.5,0.0,23.0,14.3,144.7,SE,22.43,22.82,19.33,night
634353,2021-04-29,2021,SEA,2021-04-29 13:10:00,13,0,1,1,1,17,3,6,247,82.3,1,42,0.0238,0.1667,0.0,8.0,2.0,2.0,121.0,83.9,37.0,0.0,1.0,9.0,1.0,4.0,126.0,80.5,33.0,0.25,80.4,26.9,76.3,1008.9,0.8,23.6,14.7,125.3,SE,20.01,23.1,14.5,day
634201,2021-05-07,2021,TOR,2021-05-07 19:05:00,19,10,4,14,5,7,7,21,286,85.4,4,62,0.0645,0.2381,2.0,5.0,5.0,15.0,172.0,85.0,59.0,0.1333,3.0,2.0,2.0,6.0,114.0,85.9,52.0,0.5,72.6,22.5,69.3,1014.5,0.0,12.3,7.7,151.0,SE,12.25,11.99,11.04,night
634193,2021-05-08,2021,TOR,2021-05-08 18:10:00,18,4,8,12,4,17,5,14,294,83.5,4,52,0.0769,0.2857,1.0,7.0,0.0,9.0,137.0,83.5,53.0,0.1111,3.0,10.0,5.0,5.0,157.0,83.5,51.0,0.6,76.0,24.4,83.0,1008.8,0.3,25.7,15.9,162.3,S,25.58,23.29,24.77,night
634192,2021-05-09,2021,TOR,2021-05-09 13:10:00,13,7,4,11,3,16,7,20,318,82.7,5,51,0.098,0.15,2.0,5.0,7.0,9.0,168.0,82.3,49.0,0.2222,1.0,11.0,0.0,11.0,150.0,83.0,51.0,0.0909,83.5,28.6,70.7,1007.5,0.7,30.7,19.1,189.3,S,26.05,18.95,30.01,day
634181,2021-05-10,2021,LAA,2021-05-10 19:10:00,19,4,5,9,2,17,11,19,326,79.9,4,56,0.0714,0.1053,0.0,6.0,6.0,10.0,163.0,83.0,51.0,0.0,2.0,11.0,5.0,9.0,163.0,76.7,50.0,0.2222,79.3,26.3,85.3,1009.1,0.0,13.0,8.1,135.3,SE,12.01,12.96,9.61,night
634156,2021-05-11,2021,LAA,2021-05-11 19:10:00,19,5,1,6,3,20,5,11,230,82.6,3,40,0.075,0.2727,2.0,10.0,3.0,8.0,122.0,81.7,40.0,0.25,1.0,10.0,2.0,3.0,108.0,83.8,32.0,0.3333,71.1,21.7,91.0,1010.7,1.6,19.2,12.0,6.1,N,-16.88,-12.71,-19.02,night
634172,2021-05-12,2021,LAA,2021-05-12 19:10:00,19,9,1,10,5,13,2,18,273,82.2,4,56,0.0714,0.2778,5.0,7.0,1.0,12.0,148.0,85.2,52.0,0.4167,0.0,6.0,1.0,6.0,125.0,79.2,53.0,0.0,67.8,19.9,76.0,1018.2,0.0,17.4,10.8,23.7,NE,-12.05,-7.03,-15.62,night
634141,2021-05-13,2021,TEX,2021-05-13 19:10:00,19,4,3,7,1,20,13,15,343,82.5,2,57,0.0351,0.0667,0.0,8.0,3.0,11.0,177.0,80.8,66.0,0.0,1.0,12.0,6.0,4.0,166.0,85.0,44.0,0.25,72.2,22.3,67.7,1019.1,0.0,4.2,2.6,80.4,E,0.94,2.3,-0.53,night
634123,2021-05-14,2021,TEX,2021-05-14 19:10:00,19,10,4,14,2,8,9,19,304,82.4,4,60,0.0667,0.1053,1.0,3.0,8.0,10.0,174.0,82.9,64.0,0.1,1.0,5.0,1.0,9.0,130.0,81.8,46.0,0.1111,73.7,23.2,67.7,1017.1,0.0,13.0,8.1,142.7,SE,12.57,12.95,10.67,night
634161,2021-05-15,2021,TEX,2021-05-15 18:10:00,18,6,5,11,3,14,10,21,319,83.3,5,56,0.0893,0.1429,2.0,7.0,6.0,12.0,155.0,79.7,54.0,0.1667,1.0,7.0,4.0,9.0,164.0,87.2,49.0,0.1111,74.3,23.5,76.0,1013.7,0.1,19.3,12.0,124.0,SE,16.09,18.77,11.48,night
634068,2021-05-16,2021,TEX,2021-05-16 13:10:00,13,6,2,8,1,15,5,17,278,85.5,2,51,0.0392,0.0588,0.0,4.0,3.0,9.0,135.0,85.0,46.0,0.0,1.0,11.0,2.0,8.0,143.0,86.1,35.0,0.125,78.0,25.5,73.0,1012.9,1.9,25.1,15.6,146.3,SE,24.59,24.77,21.45,day
633953,2021-05-25,2021,LAD,2021-05-25 19:10:00,19,2,9,11,2,16,9,13,306,82.2,3,51,0.0588,0.1538,1.0,8.0,0.0,6.0,115.0,82.9,51.0,0.1667,1.0,8.0,9.0,7.0,191.0,81.6,59.0,0.1429,74.9,23.8,92.3,1014.7,0.7,10.2,6.4,137.7,SE,9.63,10.23,7.86,night
634021,2021-05-26,2021,LAD,2021-05-26 18:40:00,18,5,2,7,4,13,7,12,284,83.2,4,49,0.0816,0.3333,3.0,3.0,4.0,8.0,135.0,83.3,49.0,0.375,1.0,10.0,3.0,4.0,149.0,83.0,42.0,0.25,80.8,27.1,77.7,1015.1,0.0,13.0,8.1,158.0,S,12.97,12.14,12.22,night
633918,2021-05-28,2021,SD,2021-05-28 19:10:00,19,3,10,13,3,18,16,18,421,82.7,4,66,0.0606,0.1667,1.0,9.0,8.0,7.0,218.0,83.4,53.0,0.1429,2.0,9.0,5.0,11.0,203.0,82.2,71.0,0.1818,75.1,24.0,92.7,1011.5,7.8,4.3,2.7,6.2,N,-3.8,-2.86,-4.28,night
633874,2021-05-29,2021,SD,2021-05-29 15:10:00,15,8,11,19,3,19,14,22,435,82.2,3,72,0.0417,0.1364,1.0,8.0,7.0,9.0,201.0,82.0,64.0,0.1111,2.0,11.0,5.0,13.0,234.0,82.5,68.0,0.1538,81.5,27.5,74.7,1010.9,1.1,5.7,3.5,111.4,E,3.95,5.12,2.31,day
633942,2021-05-30,2021,SD,2021-05-30 13:10:00,13,7,4,11,4,12,5,14,271,81.4,4,51,0.0784,0.2857,1.0,6.0,3.0,5.0,140.0,81.6,40.0,0.2,3.0,6.0,2.0,9.0,131.0,81.3,42.0,0.3333,78.4,25.8,71.7,1016.1,0.0,18.4,11.5,99.7,E,9.81,14.56,3.88,day
633896,2021-05-31,2021,BOS,2021-05-31 15:10:00,15,11,2,13,2,21,7,18,300,82.8,2,45,0.0444,0.1111,1.0,9.0,6.0,13.0,172.0,83.3,50.0,0.0769,1.0,12.0,1.0,5.0,128.0,82.1,40.0,0.2,79.7,26.5,78.7,1015.0,0.7,18.4,11.4,132.7,SE,16.67,18.3,13.02,day
633873,2021-06-01,2021,BOS,2021-06-01 19:10:00,19,5,1,6,1,16,9,13,284,82.4,3,46,0.0652,0.0769,1.0,7.0,7.0,8.0,153.0,84.2,40.0,0.125,0.0,9.0,1.0,5.0,131.0,80.8,46.0,0.0,76.1,24.5,88.7,1012.5,0.2,4.1,2.6,0.9,N,-3.79,-3.0,-4.13,night
633842,2021-06-02,2021,BOS,2021-06-02 19:10:00,19,2,1,3,0,21,4,11,263,82.6,2,40,0.05,0.0,0.0,10.0,2.0,4.0,136.0,81.1,46.0,0.0,0.0,11.0,2.0,7.0,127.0,84.3,40.0,0.0,75.9,24.4,89.0,1010.4,9.6,4.3,2.7,38.8,NE,-2.05,-0.64,-3.2,night
633831,2021-06-03,2021,BOS,2021-06-03 13:10:00,13,1,5,6,2,18,8,15,294,83.1,6,49,0.1224,0.1333,1.0,6.0,1.0,7.0,105.0,84.7,42.0,0.1429,1.0,12.0,6.0,8.0,189.0,81.9,62.0,0.125,77.5,25.3,83.7,1012.2,5.5,3.4,2.1,155.1,SE,3.4,3.24,3.14,day
633829,2021-06-15,2021,TEX,2021-06-15 19:10:00,19,6,3,9,2,18,7,15,312,84.2,1,54,0.0185,0.1333,2.0,9.0,3.0,9.0,155.0,83.3,45.0,0.2222,0.0,9.0,4.0,6.0,157.0,85.1,48.0,0.0,79.0,26.1,84.0,1012.5,0.6,8.0,5.0,87.1,E,2.67,5.08,-0.06,night
633619,2021-06-16,2021,TEX,2021-06-16 19:10:00,19,8,4,12,8,12,7,18,292,85.4,4,54,0.0741,0.4444,6.0,6.0,3.0,12.0,143.0,86.5,46.0,0.5,2.0,6.0,4.0,6.0,149.0,84.4,53.0,0.3333,83.1,28.4,79.7,1012.1,0.1,5.4,3.3,142.3,SE,5.18,5.35,4.39,night
633687,2021-06-17,2021,CWS,2021-06-17 19:10:00,19,10,2,12,3,15,6,12,266,83.7,5,49,0.102,0.25,3.0,7.0,5.0,8.0,153.0,86.3,43.0,0.375,0.0,8.0,1.0,4.0,113.0,81.2,44.0,0.0,83.8,28.8,64.3,1010.8,0.0,10.6,6.6,145.0,SE,10.35,10.51,8.94,night
633702,2021-06-18,2021,CWS,2021-06-18 19:10:00,19,2,1,3,0,23,6,12,258,81.3,0,39,0.0,0.0,0.0,10.0,3.0,5.0,131.0,80.9,39.0,0.0,0.0,13.0,3.0,7.0,127.0,81.8,38.0,0.0,84.7,29.3,65.3,1008.1,0.1,3.7,2.3,298.3,NW,-2.87,-3.49,-1.89,night
633576,2021-06-19,2021,CWS,2021-06-19 18:15:00,18,7,3,10,2,15,4,19,278,88.1,4,54,0.0741,0.1053,1.0,8.0,2.0,11.0,137.0,88.9,44.0,0.0909,1.0,7.0,2.0,8.0,141.0,87.3,45.0,0.125,86.2,30.1,68.0,1007.5,0.0,17.2,10.7,176.0,S,16.34,13.49,17.23,night
633602,2021-06-20,2021,CWS,2021-06-20 13:10:00,13,8,2,10,2,18,13,17,318,84.6,3,45,0.0667,0.1176,1.0,9.0,7.0,14.0,169.0,86.4,41.0,0.0714,1.0,9.0,6.0,3.0,149.0,82.8,40.0,0.3333,85.7,29.8,70.3,1007.9,2.8,21.6,13.4,185.3,S,19.1,14.5,21.4,day
633483,2021-06-28,2021,BAL,2021-06-28 19:10:00,19,7,9,16,2,16,14,25,383,82.5,1,61,0.0164,0.08,0.0,6.0,10.0,10.0,198.0,84.0,59.0,0.0,2.0,10.0,4.0,15.0,185.0,81.0,58.0,0.1333,77.3,25.2,91.3,1011.1,0.1,11.7,7.3,143.0,SE,11.33,11.65,9.64,night
633449,2021-06-29,2021,BAL,2021-06-29 19:10:00,19,3,13,16,4,14,14,23,353,82.4,8,59,0.1356,0.1739,0.0,5.0,9.0,7.0,156.0,86.3,34.0,0.0,4.0,9.0,5.0,16.0,197.0,80.4,67.0,0.25,77.9,25.5,90.0,1014.4,1.3,10.3,6.4,109.7,E,6.94,9.14,3.91,night
633485,2021-06-30,2021,BAL,2021-06-30 19:10:00,19,2,5,7,1,18,8,13,340,82.0,2,48,0.0417,0.0769,0.0,8.0,3.0,5.0,139.0,81.4,45.0,0.0,1.0,10.0,5.0,8.0,201.0,82.5,58.0,0.125,78.9,26.0,86.7,1013.6,1.5,5.3,3.3,139.4,SE,5.07,5.33,4.2,night
633406,2021-07-06,2021,ATH,2021-07-06 19:10:00,19,9,6,15,2,19,5,23,305,81.0,5,53,0.0943,0.087,2.0,9.0,2.0,12.0,171.0,81.4,57.0,0.1667,0.0,10.0,2.0,11.0,134.0,80.4,40.0,0.0,77.1,25.1,90.7,1009.5,2.5,9.8,6.1,160.3,S,9.79,9.04,9.36,night
633368,2021-07-07,2021,ATH,2021-07-07 19:10:00,19,4,3,7,4,17,4,9,275,79.8,5,44,0.1136,0.4444,2.0,7.0,0.0,4.0,112.0,78.5,43.0,0.5,2.0,10.0,4.0,5.0,163.0,81.0,46.0,0.4,77.7,25.4,88.3,1009.8,0.7,11.0,6.8,116.3,SE,8.28,10.26,5.3,night
633354,2021-07-08,2021,ATH,2021-07-08 13:10:00,13,1,2,3,0,20,4,14,250,82.5,0,47,0.0,0.0,0.0,10.0,2.0,6.0,120.0,81.7,39.0,0.0,0.0,10.0,2.0,8.0,130.0,83.3,36.0,0.0,77.8,25.4,92.0,1011.0,14.1,22.1,13.8,105.3,E,13.58,18.74,6.78,day
633348,2021-07-09,2021,NYY,2021-07-09 19:10:00,19,0,4,4,0,12,3,15,295,81.7,3,56,0.0536,0.0,0.0,6.0,2.0,3.0,128.0,78.1,49.0,0.0,0.0,6.0,1.0,12.0,167.0,84.5,62.0,0.0,78.5,25.8,92.0,1014.3,0.8,8.6,5.3,99.5,E,4.56,6.78,1.79,night
633304,2021-07-10,2021,NYY,2021-07-10 18:15:00,18,0,1,1,1,21,5,9,273,81.4,1,40,0.025,0.1111,0.0,12.0,2.0,3.0,129.0,81.2,40.0,0.0,1.0,9.0,3.0,6.0,144.0,81.6,36.0,0.1667,81.1,27.3,83.3,1012.8,0.2,12.9,8.0,194.0,S,10.37,7.12,12.37,night
633340,2021-07-11,2021,NYY,2021-07-11 13:10:00,13,8,7,15,5,18,16,18,343,81.3,3,50,0.06,0.2778,3.0,6.0,2.0,10.0,131.0,83.1,46.0,0.3,2.0,12.0,14.0,8.0,212.0,79.5,46.0,0.25,87.3,30.7,68.7,1012.8,0.0,20.5,12.7,208.7,SW,12.83,6.61,17.51,day
633277,2021-07-19,2021,CLE,2021-07-19 19:10:00,19,4,3,7,2,20,7,17,301,83.1,3,46,0.0652,0.1176,1.0,11.0,2.0,9.0,150.0,84.2,46.0,0.1111,1.0,9.0,5.0,8.0,151.0,81.9,43.0,0.125,79.4,26.3,89.7,1012.5,19.7,7.9,4.9,59.3,NE,-1.13,1.63,-3.74,night
633200,2021-07-20,2021,CLE,2021-07-20 19:10:00,19,9,3,12,3,16,5,23,297,82.9,4,56,0.0714,0.1304,3.0,5.0,3.0,14.0,160.0,84.0,64.0,0.2143,0.0,11.0,2.0,9.0,137.0,80.9,38.0,0.0,83.3,28.5,74.0,1009.5,0.0,2.1,1.3,2.2,N,-1.91,-1.49,-2.09,night
633222,2021-07-21,2021,CLE,2021-07-21 19:10:00,19,4,5,9,3,21,3,14,289,79.9,3,48,0.0625,0.2143,2.0,7.0,0.0,6.0,124.0,82.5,46.0,0.3333,1.0,14.0,3.0,8.0,165.0,77.4,46.0,0.125,80.4,26.9,83.3,1013.4,1.3,5.5,3.4,202.2,S,3.88,2.33,4.97,night
633208,2021-07-23,2021,TEX,2021-07-23 19:10:00,19,7,3,10,1,20,6,14,306,80.0,3,47,0.0638,0.0714,1.0,9.0,3.0,8.0,159.0,79.6,55.0,0.125,0.0,11.0,3.0,6.0,147.0,80.4,43.0,0.0,85.0,29.4,76.0,1014.5,0.0,13.2,8.2,192.3,S,10.83,7.6,12.76,night
633197,2021-07-24,2021,TEX,2021-07-24 18:10:00,18,4,1,5,2,17,15,7,303,82.6,2,38,0.0526,0.2857,1.0,5.0,8.0,5.0,137.0,79.4,33.0,0.2,1.0,12.0,7.0,2.0,166.0,85.5,37.0,0.5,88.8,31.5,69.3,1012.7,0.0,11.6,7.2,167.0,S,11.41,10.07,11.37,night
633136,2021-07-25,2021,TEX,2021-07-25 13:10:00,13,3,1,4,2,14,8,9,255,80.4,2,42,0.0476,0.2222,1.0,7.0,6.0,4.0,134.0,80.3,38.0,0.25,1.0,7.0,2.0,5.0,121.0,80.4,37.0,0.2,88.7,31.5,63.3,1012.8,0.0,3.2,2.0,231.1,SW,0.91,-0.2,1.92,day
632998,2021-08-05,2021,MIN,2021-08-05 19:10:00,19,3,5,8,2,15,9,14,303,84.6,5,52,0.0962,0.1429,2.0,5.0,2.0,5.0,142.0,82.7,55.0,0.4,0.0,10.0,7.0,9.0,161.0,87.1,42.0,0.0,79.8,26.6,83.0,1014.1,0.0,4.5,2.8,90.9,E,1.77,3.07,0.26,night
633029,2021-08-06,2021,MIN,2021-08-06 19:10:00,19,4,5,9,3,23,3,18,331,80.6,2,63,0.0317,0.1667,2.0,13.0,2.0,10.0,179.0,78.3,60.0,0.2,1.0,10.0,1.0,8.0,152.0,83.4,49.0,0.125,78.3,25.7,92.0,1013.3,1.1,8.4,5.2,203.1,SW,5.88,3.48,7.58,night
632995,2021-08-07,2021,MIN,2021-08-07 18:10:00,18,4,0,4,1,18,1,14,257,84.0,2,46,0.0435,0.0714,1.0,7.0,1.0,10.0,135.0,84.3,46.0,0.1,0.0,11.0,0.0,4.0,122.0,83.6,35.0,0.0,84.9,29.4,76.3,1011.5,0.0,12.5,7.7,165.7,S,12.34,10.99,12.2,night
632957,2021-08-08,2021,MIN,2021-08-08 13:10:00,13,5,7,12,4,20,11,22,360,80.4,2,53,0.0377,0.1818,1.0,9.0,4.0,10.0,182.0,79.8,52.0,0.1,3.0,11.0,6.0,12.0,178.0,81.1,45.0,0.25,88.0,31.1,71.7,1012.8,1.2,21.1,13.1,180.0,S,19.46,15.53,21.05,day
632973,2021-08-10,2021,COL,2021-08-10 19:10:00,19,5,0,5,0,17,9,13,320,79.8,2,44,0.0455,0.0,0.0,10.0,4.0,8.0,155.0,80.6,47.0,0.0,0.0,7.0,5.0,5.0,165.0,78.9,49.0,0.0,84.5,29.2,80.0,1014.3,0.0,12.4,7.7,162.0,S,12.33,11.25,11.92,night
632904,2021-08-11,2021,COL,2021-08-11 13:10:00,13,5,1,6,0,19,7,18,284,85.4,4,50,0.08,0.0,0.0,7.0,2.0,13.0,144.0,87.3,53.0,0.0,0.0,12.0,5.0,5.0,140.0,82.5,37.0,0.0,86.0,30.0,73.0,1015.3,1.4,11.0,6.8,160.2,S,10.99,10.14,10.51,day
632774,2021-08-20,2021,SEA,2021-08-20 19:10:00,19,12,3,15,6,21,6,21,304,85.8,9,50,0.18,0.2857,4.0,6.0,5.0,15.0,157.0,86.8,46.0,0.2667,2.0,15.0,1.0,6.0,147.0,84.7,40.0,0.3333,83.8,28.8,75.0,1009.5,0.0,10.3,6.4,159.0,S,10.3,9.58,9.77,night
632834,2021-08-21,2021,SEA,2021-08-21 15:10:00,15,15,1,16,3,15,9,20,323,82.1,4,55,0.0727,0.15,2.0,5.0,3.0,15.0,171.0,84.3,59.0,0.1333,1.0,10.0,6.0,5.0,152.0,79.6,52.0,0.2,90.6,32.6,57.7,1010.8,0.0,16.4,10.2,154.7,SE,16.35,15.64,15.08,day
632793,2021-08-22,2021,SEA,2021-08-22 13:10:00,13,3,6,9,3,23,5,21,346,84.1,5,62,0.0806,0.1429,1.0,11.0,1.0,12.0,176.0,83.2,65.0,0.0833,2.0,12.0,2.0,9.0,170.0,85.5,45.0,0.2222,89.2,31.8,63.0,1013.2,0.2,5.6,3.5,163.0,S,5.54,5.02,5.39,day
632770,2021-08-23,2021,KC,2021-08-23 19:10:00,19,1,7,8,1,13,9,20,316,83.7,2,59,0.0339,0.05,0.0,9.0,5.0,7.0,147.0,86.9,39.0,0.0,1.0,4.0,4.0,13.0,169.0,81.9,66.0,0.0769,84.1,29.0,79.7,1011.7,0.0,8.6,5.3,190.0,S,7.22,5.21,8.36,night
632776,2021-08-24,2021,KC,2021-08-24 19:10:00,19,4,0,4,0,18,7,12,271,80.9,1,43,0.0233,0.0,0.0,9.0,5.0,8.0,151.0,82.6,45.0,0.0,0.0,9.0,2.0,4.0,120.0,78.7,35.0,0.0,82.4,28.0,84.0,1011.8,0.0,7.6,4.7,182.2,S,6.93,5.42,7.61,night
632768,2021-08-25,2021,KC,2021-08-25 13:10:00,13,6,5,11,4,18,8,19,326,81.6,6,57,0.1053,0.2105,2.0,6.0,4.0,12.0,175.0,82.2,68.0,0.1667,2.0,12.0,4.0,7.0,151.0,80.8,47.0,0.2857,83.5,28.6,79.7,1013.9,12.9,5.3,3.3,132.6,SE,4.81,5.28,3.75,day
632596,2021-09-06,2021,SEA,2021-09-06 18:10:00,18,11,2,13,1,15,16,19,302,85.2,4,52,0.0769,0.0526,1.0,5.0,8.0,14.0,162.0,87.2,54.0,0.0714,0.0,10.0,8.0,5.0,140.0,82.3,38.0,0.0,82.9,28.3,80.7,1009.0,1.0,4.1,2.5,118.3,SE,3.18,3.87,2.1,night
632590,2021-09-07,2021,SEA,2021-09-07 19:10:00,19,5,4,9,3,16,3,20,298,84.5,6,61,0.0984,0.15,2.0,10.0,2.0,12.0,164.0,83.6,59.0,0.1667,1.0,6.0,1.0,8.0,134.0,85.4,53.0,0.125,80.6,27.0,65.0,1008.9,0.0,9.7,6.0,123.7,SE,8.06,9.42,5.72,night
632580,2021-09-08,2021,SEA,2021-09-08 13:10:00,13,5,8,13,4,19,10,23,310,83.5,5,57,0.0877,0.1739,3.0,7.0,3.0,10.0,129.0,88.2,43.0,0.3,1.0,12.0,7.0,13.0,181.0,79.9,57.0,0.0769,88.9,31.6,43.3,1009.8,0.0,4.0,2.5,33.9,NE,-2.23,-0.95,-3.25,day
632549,2021-09-10,2021,LAA,2021-09-10 19:10:00,19,10,5,15,2,14,8,24,323,83.1,5,60,0.0833,0.0833,0.0,4.0,3.0,16.0,169.0,81.3,76.0,0.0,2.0,10.0,4.0,8.0,154.0,86.5,42.0,0.25,78.7,25.9,54.3,1013.6,0.0,9.3,5.8,128.7,SE,8.15,9.19,6.12,night
632529,2021-09-11,2021,LAA,2021-09-11 18:10:00,18,2,4,6,1,15,11,16,309,79.3,1,52,0.0192,0.0625,0.0,10.0,6.0,6.0,171.0,81.3,56.0,0.0,1.0,5.0,5.0,10.0,138.0,77.1,51.0,0.1,82.0,27.8,60.7,1014.3,0.0,13.2,8.2,132.3,SE,11.92,13.11,9.28,night
632532,2021-09-12,2021,LAA,2021-09-12 13:10:00,13,3,1,4,2,21,8,12,315,82.5,2,40,0.05,0.1667,1.0,10.0,4.0,8.0,163.0,83.4,48.0,0.125,1.0,11.0,3.0,4.0,152.0,81.6,44.0,0.25,87.6,30.9,52.7,1015.3,0.0,14.6,9.1,96.1,E,6.96,10.92,2.17,day
632469,2021-09-17,2021,AZ,2021-09-17 19:10:00,19,4,3,7,2,17,7,14,307,81.8,2,52,0.0385,0.1429,1.0,4.0,3.0,4.0,127.0,83.6,45.0,0.25,1.0,13.0,3.0,10.0,180.0,80.4,62.0,0.1,80.5,27.0,87.3,1011.3,0.1,6.5,4.1,145.6,SE,6.39,6.47,5.55,night
632456,2021-09-18,2021,AZ,2021-09-18 18:10:00,18,4,6,10,2,18,5,21,312,83.8,2,60,0.0333,0.0952,1.0,6.0,2.0,11.0,134.0,81.9,55.0,0.0909,1.0,12.0,3.0,10.0,178.0,86.2,44.0,0.1,81.3,27.4,84.0,1010.2,0.1,4.1,2.5,322.2,NW,-3.95,-4.09,-3.35,night
632422,2021-09-19,2021,AZ,2021-09-19 13:10:00,13,7,6,13,4,18,9,15,303,82.1,5,47,0.1064,0.2667,3.0,9.0,5.0,9.0,165.0,80.4,59.0,0.3333,1.0,9.0,4.0,6.0,138.0,84.6,39.0,0.1667,83.7,28.7,76.3,1009.8,0.0,4.5,2.8,274.3,W,-2.01,-3.25,-0.53,day
632316,2021-09-28,2021,TB,2021-09-28 19:10:00,19,4,3,7,4,21,8,13,288,83.3,4,43,0.093,0.3077,2.0,9.0,4.0,6.0,136.0,83.3,50.0,0.3333,2.0,12.0,3.0,7.0,152.0,83.3,42.0,0.2857,74.8,23.8,94.0,1008.0,0.0,15.0,9.3,147.7,SE,14.78,14.76,13.01,night
632305,2021-09-29,2021,TB,2021-09-29 19:10:00,19,0,7,7,2,13,6,15,272,84.1,3,51,0.0588,0.1333,0.0,6.0,1.0,3.0,124.0,83.7,52.0,0.0,2.0,7.0,5.0,12.0,148.0,84.6,56.0,0.1667,76.8,24.9,84.7,1008.7,0.0,11.5,7.2,141.0,SE,11.06,11.51,9.27,night
632292,2021-09-30,2021,TB,2021-09-30 18:10:00,18,3,2,5,2,12,3,11,270,80.8,1,48,0.0208,0.1818,1.0,6.0,1.0,7.0,128.0,78.6,46.0,0.1429,1.0,6.0,2.0,4.0,142.0,83.1,44.0,0.25,77.1,25.1,88.7,1010.7,0.3,13.4,8.3,129.6,SE,11.82,13.24,8.97,night
632279,2021-10-01,2021,ATH,2021-10-01 19:10:00,19,6,8,14,3,20,5,20,335,82.6,6,57,0.1053,0.15,1.0,8.0,3.0,13.0,178.0,81.4,68.0,0.0769,2.0,12.0,2.0,7.0,157.0,84.3,47.0,0.2857,74.9,23.8,95.3,1013.5,2.8,7.0,4.4,95.9,E,3.35,5.26,1.03,night
632249,2021-10-02,2021,ATH,2021-10-02 18:10:00,18,10,4,14,4,15,7,26,323,83.2,3,59,0.0508,0.1538,4.0,7.0,2.0,13.0,160.0,82.9,59.0,0.3077,0.0,8.0,5.0,13.0,163.0,83.5,55.0,0.0,76.4,24.7,92.0,1011.9,0.0,4.2,2.6,136.0,SE,3.88,4.17,3.12,night
632245,2021-10-03,2021,ATH,2021-10-03 14:10:00,14,7,6,13,8,12,4,19,272,83.8,7,58,0.1207,0.4211,4.0,6.0,3.0,12.0,143.0,83.7,53.0,0.3333,4.0,6.0,1.0,7.0,129.0,83.9,48.0,0.5714,82.9,28.3,77.0,1011.4,0.2,5.9,3.6,31.7,NE,-3.43,-1.6,-4.85,day
662928,2022-04-18,2022,LAA,2022-04-18 19:10:00,19,8,3,11,3,18,8,15,298,79.8,6,48,0.125,0.2,2.0,6.0,6.0,9.0,168.0,80.5,51.0,0.2222,1.0,12.0,1.0,6.0,130.0,78.9,40.0,0.1667,70.6,21.5,57.7,1017.0,0.0,13.6,8.4,46.3,NE,-4.9,-0.28,-8.93,night
662927,2022-04-19,2022,LAA,2022-04-19 19:10:00,19,2,7,9,1,17,9,19,326,83.4,2,53,0.0377,0.0526,1.0,6.0,3.0,6.0,155.0,81.6,56.0,0.1667,0.0,11.0,6.0,13.0,171.0,85.6,44.0,0.0,69.4,20.8,72.0,1014.8,0.0,23.2,14.4,131.7,SE,20.88,23.08,16.16,night
662926,2022-04-20,2022,LAA,2022-04-20 17:40:00,17,0,6,6,0,25,7,7,279,80.9,0,35,0.0,0.0,0.0,15.0,1.0,1.0,114.0,78.7,27.0,0.0,0.0,10.0,6.0,6.0,165.0,82.1,49.0,0.0,78.1,25.6,70.7,1010.3,0.0,29.3,18.2,168.7,S,28.71,25.03,28.92,night
662922,2022-04-22,2022,TOR,2022-04-22 19:10:00,19,3,4,7,2,17,3,14,266,82.1,3,50,0.06,0.1429,0.0,10.0,2.0,7.0,133.0,78.9,40.0,0.0,2.0,7.0,1.0,7.0,133.0,84.2,63.0,0.2857,73.5,23.0,74.3,1016.0,0.0,19.7,12.2,132.3,SE,17.83,19.62,13.89,night
662875,2022-04-23,2022,TOR,2022-04-23 15:10:00,15,2,3,5,3,14,3,16,264,85.0,2,53,0.0377,0.1875,1.0,10.0,1.0,8.0,133.0,81.0,54.0,0.125,2.0,4.0,2.0,8.0,131.0,88.5,62.0,0.25,81.9,27.7,50.7,1010.4,0.0,29.1,18.1,155.7,SE,29.05,27.62,26.98,day
662921,2022-04-24,2022,TOR,2022-04-24 13:10:00,13,8,7,15,4,21,8,21,317,83.1,6,58,0.1034,0.1905,2.0,10.0,5.0,11.0,179.0,81.4,55.0,0.1818,2.0,11.0,3.0,10.0,138.0,84.9,50.0,0.2,85.8,29.9,49.7,1010.3,0.0,28.5,17.7,163.7,S,28.37,25.61,27.71,day
662920,2022-05-02,2022,SEA,2022-05-02 19:10:00,19,3,0,3,2,9,5,13,247,82.6,4,51,0.0784,0.1538,2.0,4.0,2.0,8.0,117.0,80.2,50.0,0.25,0.0,5.0,3.0,5.0,130.0,85.1,46.0,0.0,77.5,25.3,77.0,1008.3,0.0,20.5,12.7,163.0,S,20.37,18.47,19.81,night
662919,2022-05-03,2022,SEA,2022-05-03 19:10:00,19,4,0,4,2,11,8,9,293,81.3,7,47,0.1489,0.2222,2.0,4.0,6.0,5.0,142.0,83.8,46.0,0.4,0.0,7.0,2.0,4.0,151.0,79.5,63.0,0.0,79.4,26.3,73.7,1009.4,0.0,17.1,10.6,155.0,SE,17.08,16.31,15.8,night
662835,2022-05-04,2022,SEA,2022-05-04 13:10:00,13,7,2,9,1,15,5,15,292,82.3,3,48,0.0625,0.0667,0.0,9.0,5.0,10.0,164.0,80.5,51.0,0.0,1.0,6.0,0.0,5.0,128.0,84.2,51.0,0.2,86.2,30.1,58.7,1010.7,0.3,30.2,18.8,152.0,SE,30.06,29.24,27.26,day
662816,2022-05-05,2022,DET,2022-05-05 19:10:00,19,3,2,5,3,15,3,17,280,82.5,5,49,0.102,0.1765,2.0,11.0,2.0,8.0,140.0,83.7,47.0,0.25,1.0,4.0,1.0,9.0,140.0,81.6,55.0,0.1111,75.5,24.2,86.0,1007.8,6.4,11.5,7.1,22.8,NE,-8.08,-4.8,-10.39,night
662815,2022-05-06,2022,DET,2022-05-06 19:10:00,19,3,2,5,2,14,7,9,259,81.5,3,47,0.0638,0.2222,2.0,3.0,5.0,7.0,139.0,83.2,45.0,0.2857,0.0,11.0,2.0,2.0,120.0,79.6,40.0,0.0,82.6,28.1,72.7,1006.0,0.0,13.7,8.5,186.3,S,11.97,9.0,13.5,night
662796,2022-05-07,2022,DET,2022-05-07 15:05:00,15,3,2,5,1,19,8,15,268,82.2,1,45,0.0222,0.0667,1.0,9.0,5.0,4.0,133.0,83.5,39.0,0.25,0.0,10.0,2.0,11.0,135.0,81.3,52.0,0.0,93.2,34.0,48.3,1004.2,0.0,14.4,8.9,172.3,S,13.92,11.82,14.34,day
662795,2022-05-08,2022,DET,2022-05-08 13:10:00,13,5,0,5,2,23,9,6,264,82.2,1,33,0.0303,0.3333,2.0,12.0,6.0,5.0,137.0,84.2,42.0,0.4,0.0,11.0,3.0,1.0,127.0,80.1,39.0,0.0,92.1,33.4,48.7,1005.0,0.0,22.3,13.8,164.7,S,22.09,19.81,21.71,day
662778,2022-05-19,2022,TEX,2022-05-19 19:10:00,19,5,1,6,0,19,8,16,272,80.0,2,45,0.0444,0.0,0.0,6.0,6.0,10.0,147.0,81.4,49.0,0.0,0.0,13.0,2.0,6.0,125.0,78.5,47.0,0.0,81.3,27.4,70.7,1003.7,0.0,25.0,15.5,166.0,S,24.73,21.97,24.5,night
662764,2022-05-20,2022,TEX,2022-05-20 19:10:00,19,0,3,3,1,16,4,13,244,82.2,1,46,0.0217,0.0769,0.0,5.0,1.0,8.0,108.0,84.2,41.0,0.0,1.0,11.0,3.0,5.0,136.0,80.1,39.0,0.2,83.5,28.6,71.3,1003.8,0.0,25.9,16.1,146.7,SE,25.44,25.57,22.24,night
662763,2022-05-21,2022,TEX,2022-05-21 18:10:00,18,2,1,3,0,15,2,16,255,84.1,2,50,0.04,0.0,0.0,5.0,2.0,6.0,117.0,81.8,37.0,0.0,0.0,10.0,0.0,10.0,138.0,85.9,48.0,0.0,79.3,26.3,82.7,1009.0,0.9,21.5,13.4,117.3,SE,16.44,20.21,10.7,night
662857,2022-05-22,2022,TEX,2022-05-22 13:10:00,13,5,2,7,2,18,6,17,279,83.8,3,48,0.0625,0.1176,1.0,5.0,5.0,8.0,146.0,83.8,48.0,0.125,1.0,13.0,1.0,9.0,133.0,83.8,42.0,0.1111,83.8,28.8,54.3,1015.4,0.0,12.2,7.6,14.9,N,-9.66,-6.55,-11.61,day
662858,2022-05-23,2022,CLE,2022-05-23 19:10:00,19,1,6,7,2,10,6,13,282,82.7,2,57,0.0351,0.1538,1.0,4.0,2.0,4.0,128.0,83.3,47.0,0.25,1.0,6.0,4.0,9.0,154.0,82.2,60.0,0.1111,76.5,24.7,77.0,1010.1,0.0,12.7,7.9,83.3,E,3.47,7.45,-0.93,night
662846,2022-05-24,2022,CLE,2022-05-24 19:10:00,19,7,3,10,2,14,2,16,260,81.6,4,53,0.0755,0.125,1.0,9.0,1.0,9.0,126.0,82.0,55.0,0.1111,1.0,5.0,1.0,7.0,134.0,81.2,51.0,0.1429,73.9,23.3,84.3,1002.6,0.5,12.3,7.6,142.7,SE,11.86,12.22,10.07,night
662845,2022-05-25,2022,CLE,2022-05-25 19:10:00,19,2,1,3,0,19,7,11,274,80.0,1,41,0.0244,0.0,0.0,7.0,4.0,7.0,122.0,81.3,47.0,0.0,0.0,12.0,3.0,4.0,152.0,78.5,43.0,0.0,75.3,24.0,66.0,1008.4,0.0,7.0,4.3,320.6,NW,-6.7,-6.99,-5.6,night
662762,2022-06-06,2022,SEA,2022-06-06 19:10:00,19,4,7,11,5,18,10,17,335,83.5,5,52,0.0962,0.2941,3.0,7.0,5.0,10.0,154.0,84.9,57.0,0.3,2.0,11.0,5.0,7.0,181.0,82.1,59.0,0.2857,83.1,28.4,68.7,1004.7,0.0,21.2,13.2,160.7,S,21.17,19.49,20.29,night
662761,2022-06-07,2022,SEA,2022-06-07 19:10:00,19,4,1,5,1,17,10,13,283,82.9,2,45,0.0444,0.0769,1.0,3.0,5.0,7.0,139.0,83.4,46.0,0.1429,0.0,14.0,5.0,6.0,144.0,82.3,44.0,0.0,84.9,29.4,66.3,1008.1,0.0,20.5,12.7,153.3,SE,20.41,19.69,18.67,night
662760,2022-06-08,2022,SEA,2022-06-08 17:40:00,17,3,6,9,2,11,9,18,312,83.2,5,57,0.0877,0.1111,0.0,7.0,3.0,8.0,148.0,85.4,49.0,0.0,2.0,4.0,6.0,10.0,164.0,81.4,60.0,0.2,91.3,33.0,54.3,1008.7,0.0,18.2,11.3,141.3,SE,17.51,18.19,14.71,night
662759,2022-06-10,2022,MIA,2022-06-10 19:10:00,19,4,7,11,6,24,8,18,324,84.3,8,47,0.1702,0.3333,2.0,10.0,5.0,11.0,167.0,84.2,52.0,0.1818,4.0,14.0,3.0,7.0,157.0,84.4,42.0,0.5714,88.7,31.5,62.3,1007.4,0.0,20.2,12.6,182.7,S,18.28,14.24,20.12,night
662756,2022-06-11,2022,MIA,2022-06-11 15:10:00,15,1,5,6,0,18,5,14,280,84.0,1,50,0.02,0.0,0.0,9.0,2.0,8.0,138.0,85.6,48.0,0.0,0.0,9.0,3.0,6.0,142.0,82.1,42.0,0.0,97.8,36.6,38.3,1006.2,0.0,7.4,4.6,208.0,SW,4.71,2.47,6.38,day
662758,2022-06-12,2022,MIA,2022-06-12 13:10:00,13,9,4,13,3,12,5,17,290,83.0,2,56,0.0357,0.1765,2.0,6.0,4.0,14.0,177.0,80.9,53.0,0.1429,1.0,6.0,1.0,3.0,113.0,85.6,42.0,0.3333,96.7,36.0,43.0,1008.8,0.0,17.2,10.7,208.3,SW,10.84,5.64,14.74,day
662757,2022-06-17,2022,CWS,2022-06-17 19:10:00,19,13,3,16,6,19,4,20,267,84.6,4,50,0.08,0.3,5.0,7.0,4.0,12.0,144.0,84.1,51.0,0.4167,1.0,12.0,0.0,8.0,123.0,85.1,41.0,0.125,88.1,31.2,57.7,1011.7,0.0,13.3,8.2,154.0,SE,13.24,12.72,12.16,night
662752,2022-06-18,2022,CWS,2022-06-18 15:10:00,15,0,7,7,0,18,3,15,285,80.9,0,50,0.0,0.0,0.0,8.0,2.0,3.0,122.0,78.6,42.0,0.0,0.0,10.0,1.0,12.0,163.0,82.5,63.0,0.0,93.6,34.2,45.3,1011.9,0.0,11.6,7.2,117.7,SE,8.94,10.95,5.85,day
662751,2022-06-19,2022,CWS,2022-06-19 18:08:00,18,4,3,7,2,14,8,14,271,80.5,3,49,0.0612,0.1429,2.0,5.0,3.0,8.0,120.0,83.3,41.0,0.25,0.0,9.0,5.0,6.0,151.0,78.4,54.0,0.0,94.9,34.9,36.3,1011.3,0.0,11.2,7.0,135.3,SE,10.37,11.19,8.3,night
662750,2022-06-21,2022,NYM,2022-06-21 19:10:00,19,8,2,10,5,14,8,18,309,84.6,6,53,0.1132,0.2778,3.0,5.0,7.0,10.0,152.0,87.2,46.0,0.3,2.0,9.0,1.0,8.0,157.0,82.4,52.0,0.25,87.7,31.0,63.7,1015.8,0.0,18.5,11.5,143.6,SE,17.93,18.36,15.34,night
662749,2022-06-22,2022,NYM,2022-06-22 13:10:00,13,5,3,8,3,18,4,15,273,85.9,3,47,0.0638,0.2,3.0,7.0,2.0,7.0,125.0,86.4,40.0,0.4286,0.0,11.0,2.0,8.0,148.0,85.4,44.0,0.0,93.6,34.2,49.0,1015.7,0.0,8.0,5.0,135.7,SE,7.43,8.0,5.96,day
662788,2022-06-30,2022,NYY,2022-06-30 17:10:00,17,2,1,3,1,18,6,8,265,82.6,3,40,0.075,0.125,0.0,7.0,3.0,3.0,113.0,85.5,33.0,0.0,1.0,11.0,3.0,5.0,152.0,80.6,45.0,0.2,80.1,26.7,78.3,1011.3,0.2,18.8,11.7,127.0,SE,16.17,18.45,11.94,night
662748,2022-07-01,2022,LAA,2022-07-01 19:10:00,19,8,1,9,4,22,5,13,275,84.1,3,40,0.075,0.3077,3.0,6.0,4.0,11.0,147.0,85.2,54.0,0.2727,1.0,16.0,1.0,2.0,128.0,82.3,32.0,0.5,82.0,27.8,80.7,1009.7,0.0,10.6,6.6,131.2,SE,9.48,10.5,7.31,night
662890,2022-07-02,2022,LAA,2022-07-02 15:10:00,15,9,1,10,6,26,5,15,291,82.9,6,41,0.1463,0.4,5.0,14.0,2.0,12.0,147.0,84.5,40.0,0.4167,1.0,12.0,3.0,3.0,144.0,81.8,53.0,0.3333,87.7,30.9,63.7,1010.6,2.6,9.5,5.9,182.7,S,8.63,6.72,9.49,day
662889,2022-07-03,2022,LAA,2022-07-03 13:10:00,13,4,2,6,3,26,8,14,301,82.5,5,39,0.1282,0.2143,2.0,6.0,3.0,10.0,154.0,82.1,61.0,0.2,1.0,20.0,5.0,4.0,147.0,83.3,27.0,0.25,92.0,33.3,51.7,1013.6,0.0,9.9,6.2,160.7,S,9.88,9.1,9.48,day
662874,2022-07-04,2022,KC,2022-07-04 15:10:00,15,7,6,13,3,12,9,18,317,81.7,4,57,0.0702,0.1667,1.0,5.0,6.0,7.0,163.0,82.3,55.0,0.1429,2.0,7.0,3.0,11.0,154.0,81.1,57.0,0.1818,92.1,33.4,54.7,1013.3,0.0,17.3,10.7,163.0,S,17.22,15.61,16.75,day
662847,2022-07-05,2022,KC,2022-07-05 19:10:00,19,9,7,16,6,15,8,22,287,84.1,6,56,0.1071,0.2727,4.0,5.0,4.0,13.0,138.0,85.7,49.0,0.3077,2.0,10.0,4.0,9.0,149.0,82.5,50.0,0.2222,87.5,30.8,64.3,1011.1,0.0,18.5,11.5,156.0,SE,18.49,17.54,17.21,night
662747,2022-07-06,2022,KC,2022-07-06 19:10:00,19,4,7,11,4,15,11,16,326,81.6,1,52,0.0192,0.25,1.0,6.0,5.0,7.0,165.0,80.1,51.0,0.1429,3.0,9.0,6.0,9.0,161.0,83.0,52.0,0.3333,84.3,29.0,79.0,1011.0,0.0,7.1,4.4,121.4,SE,5.74,6.82,3.96,night
662746,2022-07-07,2022,KC,2022-07-07 13:10:00,13,5,2,7,2,21,12,16,296,83.0,2,44,0.0455,0.125,2.0,8.0,9.0,8.0,155.0,82.1,38.0,0.25,0.0,13.0,2.0,8.0,141.0,83.7,44.0,0.0,92.4,33.5,55.0,1012.5,0.0,9.7,6.0,173.0,S,9.35,7.9,9.67,day
662923,2022-07-15,2022,ATH,2022-07-15 19:10:00,19,1,5,6,1,17,3,13,252,82.8,5,49,0.102,0.0769,0.0,8.0,3.0,4.0,123.0,82.8,48.0,0.0,1.0,9.0,0.0,9.0,129.0,82.8,55.0,0.1111,80.4,26.9,79.7,1014.0,0.0,13.3,8.3,187.0,S,11.58,8.64,13.12,night
662909,2022-07-16,2022,ATH,2022-07-16 15:10:00,15,5,0,5,1,20,3,13,253,81.7,3,43,0.0698,0.0769,1.0,4.0,2.0,6.0,99.0,83.7,43.0,0.1667,0.0,16.0,1.0,7.0,154.0,79.8,46.0,0.0,92.2,33.4,48.0,1012.1,0.0,9.6,5.9,210.3,SW,5.78,2.82,8.04,day
662908,2022-07-17,2022,ATH,2022-07-17 13:10:00,13,3,4,7,3,17,2,16,293,81.1,3,54,0.0556,0.1875,2.0,8.0,1.0,8.0,151.0,80.3,54.0,0.25,1.0,9.0,1.0,8.0,142.0,81.8,51.0,0.125,95.5,35.3,39.3,1011.5,0.2,7.0,4.3,200.0,S,5.13,3.21,6.44,day
662775,2022-07-21,2022,NYY,2022-07-21 17:40:00,17,7,5,12,5,15,4,15,304,82.7,7,51,0.1373,0.3333,3.0,5.0,1.0,7.0,127.0,85.4,45.0,0.4286,2.0,10.0,3.0,8.0,177.0,80.4,53.0,0.25,93.0,33.9,51.3,1009.2,0.0,16.9,10.5,170.3,S,16.51,14.23,16.8,night
662776,2022-07-21,2022,NYY,2022-07-21 12:10:00,12,3,2,5,1,16,7,15,283,81.4,0,49,0.0,0.0667,0.0,10.0,1.0,10.0,128.0,82.4,42.0,0.0,1.0,6.0,5.0,5.0,155.0,80.5,52.0,0.2,95.3,35.2,48.3,1011.9,0.0,8.3,5.2,190.4,S,6.97,5.01,8.09,day
662907,2022-07-28,2022,SEA,2022-07-28 19:10:00,19,4,2,6,1,13,4,11,268,82.8,4,48,0.0833,0.0909,1.0,8.0,2.0,6.0,131.0,84.2,51.0,0.1667,0.0,5.0,2.0,5.0,137.0,81.3,50.0,0.0,83.2,28.5,79.7,1012.0,0.0,12.2,7.6,150.0,SE,12.13,11.94,10.85,night
662745,2022-07-29,2022,SEA,2022-07-29 19:10:00,19,11,1,12,4,11,9,21,295,83.3,5,60,0.0833,0.1905,4.0,5.0,7.0,15.0,183.0,82.3,61.0,0.2667,0.0,6.0,2.0,6.0,112.0,84.6,42.0,0.0,80.6,27.0,83.0,1013.4,0.0,12.2,7.6,184.8,S,10.87,8.3,12.14,night
662738,2022-07-30,2022,SEA,2022-07-30 18:10:00,18,4,5,9,1,13,7,17,311,82.0,4,55,0.0727,0.0588,1.0,3.0,4.0,9.0,161.0,83.6,57.0,0.1111,0.0,10.0,3.0,8.0,150.0,79.9,43.0,0.0,85.2,29.6,74.3,1014.5,0.0,7.0,4.3,120.2,SE,5.54,6.65,3.77,night
662918,2022-07-31,2022,SEA,2022-07-31 13:10:00,13,3,2,5,1,23,6,11,292,78.4,1,46,0.0217,0.0909,0.0,11.0,2.0,7.0,150.0,78.9,49.0,0.0,1.0,12.0,3.0,4.0,142.0,77.9,46.0,0.25,93.1,33.9,47.7,1016.1,0.0,13.2,8.2,124.7,SE,11.06,12.84,7.95,day
662737,2022-08-01,2022,BOS,2022-08-01 19:10:00,19,2,3,5,1,17,4,12,275,81.5,5,48,0.1042,0.0833,0.0,9.0,3.0,6.0,146.0,80.9,51.0,0.0,1.0,8.0,1.0,6.0,129.0,82.1,45.0,0.1667,82.8,28.2,80.3,1013.8,0.1,8.9,5.5,134.0,SE,8.13,8.85,6.43,night
662736,2022-08-02,2022,BOS,2022-08-02 19:10:00,19,1,2,3,1,20,3,14,275,81.6,3,46,0.0652,0.0714,0.0,8.0,2.0,9.0,141.0,80.3,52.0,0.0,1.0,12.0,1.0,5.0,134.0,82.9,48.0,0.2,89.7,32.1,57.7,1011.4,0.0,22.2,13.8,180.7,S,20.41,16.19,22.17,night
662725,2022-08-03,2022,BOS,2022-08-03 13:10:00,13,6,1,7,2,16,1,16,263,81.9,1,50,0.02,0.125,1.0,6.0,0.0,12.0,137.0,83.9,50.0,0.0833,1.0,10.0,1.0,4.0,126.0,79.7,45.0,0.25,97.8,36.6,42.3,1010.4,0.0,19.0,11.8,192.7,S,15.53,10.85,18.34,day
662724,2022-08-09,2022,TEX,2022-08-09 19:10:00,19,7,5,12,4,14,5,14,268,82.7,2,49,0.0408,0.2857,1.0,4.0,3.0,7.0,115.0,81.9,42.0,0.1429,3.0,10.0,2.0,7.0,153.0,83.4,53.0,0.4286,85.9,30.0,70.7,1012.7,0.0,11.0,6.8,156.0,SE,11.0,10.43,10.23,night
662723,2022-08-10,2022,TEX,2022-08-10 19:10:00,19,4,8,12,2,24,8,20,326,82.5,3,54,0.0556,0.1,2.0,10.0,5.0,8.0,165.0,83.4,46.0,0.25,0.0,14.0,3.0,12.0,161.0,81.8,54.0,0.0,79.8,26.6,89.7,1014.7,19.0,10.2,6.4,24.7,NE,-6.95,-3.96,-9.1,night
662722,2022-08-11,2022,TEX,2022-08-11 13:10:00,13,7,3,10,3,18,5,18,295,83.5,5,51,0.098,0.1667,2.0,5.0,3.0,10.0,139.0,82.6,49.0,0.2,1.0,13.0,2.0,8.0,156.0,84.7,38.0,0.125,91.9,33.3,53.3,1012.4,0.0,9.5,5.9,33.0,NE,-5.38,-2.38,-7.73,day
662817,2022-08-12,2022,ATH,2022-08-12 19:10:00,19,7,5,12,1,13,8,22,282,83.1,1,54,0.0185,0.0455,1.0,4.0,4.0,11.0,142.0,84.2,55.0,0.0909,0.0,9.0,4.0,11.0,140.0,81.5,38.0,0.0,81.0,27.2,86.0,1010.4,0.1,3.2,2.0,180.9,S,2.91,2.3,3.16,night
662824,2022-08-13,2022,ATH,2022-08-13 18:10:00,18,8,0,8,1,12,7,17,281,82.2,3,50,0.06,0.0588,1.0,4.0,3.0,12.0,143.0,84.8,52.0,0.0833,0.0,8.0,4.0,5.0,138.0,79.4,48.0,0.0,81.7,27.6,79.3,1010.1,0.0,16.6,10.3,99.0,E,8.67,12.99,3.31,night
662801,2022-08-14,2022,ATH,2022-08-14 13:10:00,13,6,3,9,2,10,6,17,266,81.6,7,57,0.1228,0.1176,1.0,2.0,1.0,10.0,112.0,83.4,55.0,0.1,1.0,8.0,5.0,7.0,154.0,79.6,50.0,0.1429,88.2,31.2,63.0,1012.4,0.2,16.4,10.2,148.0,SE,16.21,16.16,14.3,day
662800,2022-08-23,2022,MIN,2022-08-23 19:10:00,19,4,2,6,1,25,3,18,289,81.2,1,42,0.0238,0.0556,1.0,9.0,1.0,12.0,135.0,83.0,48.0,0.0833,0.0,16.0,2.0,6.0,154.0,79.6,50.0,0.0,80.3,26.8,90.3,1007.3,2.3,8.4,5.2,206.7,SW,5.47,2.98,7.31,night
662799,2022-08-24,2022,MIN,2022-08-24 19:10:00,19,5,3,8,2,10,8,10,255,85.0,5,48,0.1042,0.2,2.0,1.0,3.0,6.0,116.0,84.2,45.0,0.3333,0.0,9.0,5.0,4.0,139.0,85.9,37.0,0.0,79.0,26.1,88.3,1008.8,0.6,4.6,2.8,61.4,NE,-0.49,1.1,-2.01,night
662711,2022-08-25,2022,MIN,2022-08-25 19:10:00,19,6,3,9,2,17,4,18,296,81.5,5,47,0.1064,0.1111,1.0,7.0,3.0,11.0,157.0,79.3,52.0,0.0909,1.0,10.0,1.0,7.0,139.0,83.9,46.0,0.1429,79.6,26.4,84.7,1010.4,1.1,9.4,5.8,196.6,S,7.26,4.8,8.85,night
662710,2022-08-26,2022,BAL,2022-08-26 19:10:00,19,0,2,2,1,14,6,11,257,82.7,0,49,0.0,0.0909,0.0,7.0,2.0,4.0,113.0,82.3,44.0,0.0,1.0,7.0,4.0,7.0,144.0,83.1,42.0,0.1429,82.8,28.2,81.0,1009.6,0.0,6.3,3.9,175.0,S,5.98,4.97,6.26,night
661090,2022-08-27,2022,BAL,2022-08-27 18:10:00,18,1,3,4,2,16,5,10,268,81.9,5,43,0.1163,0.2,0.0,6.0,0.0,4.0,111.0,84.9,40.0,0.0,2.0,10.0,5.0,6.0,157.0,79.7,56.0,0.3333,82.6,28.1,77.0,1007.3,0.0,11.4,7.1,154.0,SE,11.38,10.93,10.45,night
661089,2022-08-28,2022,BAL,2022-08-28 13:10:00,13,3,1,4,1,19,5,13,285,79.8,2,41,0.0488,0.0769,1.0,6.0,3.0,6.0,138.0,77.2,41.0,0.1667,0.0,13.0,2.0,7.0,147.0,82.2,44.0,0.0,88.8,31.5,61.7,1008.2,0.4,14.7,9.1,134.7,SE,13.52,14.65,10.76,day
661088,2022-09-05,2022,TEX,2022-09-05 18:10:00,18,1,0,1,0,16,2,11,234,82.5,3,43,0.0698,0.0,0.0,6.0,1.0,8.0,112.0,81.1,35.0,0.0,0.0,10.0,1.0,3.0,122.0,83.6,48.0,0.0,78.8,26.0,81.7,1011.4,0.0,9.6,6.0,190.0,S,8.13,5.87,9.41,night
661087,2022-09-06,2022,TEX,2022-09-06 19:10:00,19,3,4,7,1,24,7,16,302,81.8,1,46,0.0217,0.0625,1.0,9.0,3.0,8.0,165.0,79.5,66.0,0.125,0.0,15.0,4.0,8.0,137.0,86.9,30.0,0.0,79.2,26.2,82.0,1014.0,0.0,6.6,4.1,150.3,SE,6.58,6.47,5.9,night
661086,2022-09-07,2022,TEX,2022-09-07 19:10:00,19,4,3,7,2,17,11,9,329,80.6,3,49,0.0612,0.2222,1.0,6.0,6.0,4.0,177.0,83.6,52.0,0.25,1.0,11.0,3.0,5.0,152.0,77.2,45.0,0.2,79.3,26.3,77.0,1011.1,0.0,13.0,8.1,112.0,E,9.11,11.73,5.38,night
661085,2022-09-09,2022,LAA,2022-09-09 19:10:00,19,4,3,7,4,13,8,11,274,83.7,5,47,0.1064,0.3636,2.0,5.0,7.0,6.0,137.0,84.6,47.0,0.3333,2.0,8.0,1.0,5.0,137.0,82.7,47.0,0.4,78.5,25.8,79.3,1005.1,0.0,8.4,5.2,145.3,SE,8.21,8.32,7.11,night
661084,2022-09-10,2022,LAA,2022-09-10 18:15:00,18,1,6,7,1,21,4,18,281,80.7,4,46,0.087,0.0556,0.0,10.0,2.0,7.0,129.0,80.5,42.0,0.0,1.0,11.0,2.0,11.0,152.0,80.9,49.0,0.0909,81.5,27.5,63.3,1010.2,0.0,6.1,3.8,135.1,SE,5.67,6.13,4.53,night
661083,2022-09-11,2022,LAA,2022-09-11 13:10:00,13,12,4,16,7,16,10,23,346,81.9,7,56,0.125,0.3043,5.0,9.0,7.0,12.0,202.0,82.5,56.0,0.4167,2.0,7.0,2.0,11.0,144.0,81.3,54.0,0.1818,89.1,31.7,53.7,1014.9,0.0,11.0,6.9,346.0,N,-10.91,-9.7,-10.81,day
662709,2022-09-15,2022,ATH,2022-09-15 18:20:00,18,5,2,7,1,22,8,12,292,80.5,2,40,0.05,0.0833,1.0,6.0,4.0,9.0,144.0,80.1,51.0,0.1111,0.0,16.0,4.0,3.0,148.0,81.2,35.0,0.0,79.5,26.4,77.0,1013.1,0.0,17.4,10.8,132.0,SE,15.74,17.35,12.22,night
662740,2022-09-16,2022,ATH,2022-09-16 19:10:00,19,5,0,5,4,24,6,11,308,82.4,4,37,0.1081,0.3636,4.0,8.0,3.0,8.0,152.0,86.6,45.0,0.5,0.0,16.0,3.0,3.0,156.0,78.0,43.0,0.0,76.9,24.9,86.7,1012.7,0.2,11.9,7.4,135.4,SE,10.99,11.86,8.8,night
662823,2022-09-17,2022,ATH,2022-09-17 18:10:00,18,5,8,13,6,11,4,20,238,83.2,3,61,0.0492,0.3,4.0,1.0,0.0,10.0,98.0,84.9,53.0,0.4,2.0,10.0,4.0,10.0,140.0,81.3,49.0,0.2,83.7,28.7,68.7,1011.7,0.0,13.7,8.5,126.0,SE,11.65,13.39,8.51,night
662822,2022-09-18,2022,ATH,2022-09-18 13:10:00,13,11,2,13,1,20,4,20,283,82.4,3,50,0.06,0.05,1.0,8.0,3.0,15.0,159.0,83.4,60.0,0.0667,0.0,12.0,1.0,5.0,124.0,80.6,38.0,0.0,88.0,31.1,68.0,1012.8,0.0,10.2,6.3,95.3,E,4.76,7.56,1.39,day
662821,2022-09-27,2022,AZ,2022-09-27 19:10:00,19,10,2,12,7,15,7,20,329,79.1,4,56,0.0714,0.35,5.0,5.0,5.0,14.0,191.0,80.7,67.0,0.3571,2.0,10.0,2.0,6.0,138.0,76.3,40.0,0.3333,77.3,25.2,42.3,1015.3,0.0,8.3,5.1,55.4,NE,-1.74,1.13,-4.4,night
662820,2022-09-28,2022,AZ,2022-09-28 19:10:00,19,2,5,7,1,22,4,16,292,80.3,1,51,0.0196,0.0625,1.0,9.0,3.0,7.0,149.0,83.3,59.0,0.1429,0.0,13.0,1.0,9.0,143.0,76.7,49.0,0.0,77.1,25.1,39.7,1018.3,0.0,8.9,5.6,33.7,NE,-4.97,-2.14,-7.21,night
662819,2022-09-30,2022,TB,2022-09-30 19:10:00,19,3,7,10,2,13,5,17,254,86.2,5,58,0.0862,0.1176,1.0,5.0,0.0,7.0,104.0,84.6,44.0,0.1429,1.0,8.0,5.0,10.0,150.0,87.5,52.0,0.1,71.4,21.9,44.0,1011.3,0.0,6.8,4.2,93.4,E,2.97,4.88,0.7,night
662818,2022-10-01,2022,TB,2022-10-01 18:20:00,18,2,1,3,0,17,5,10,248,81.7,0,42,0.0,0.0,0.0,5.0,1.0,6.0,101.0,83.7,40.0,0.0,0.0,12.0,4.0,4.0,147.0,79.5,38.0,0.0,76.6,24.8,42.0,1012.5,0.0,7.6,4.7,98.8,E,3.96,5.96,1.49,night
662825,2022-10-02,2022,TB,2022-10-02 13:10:00,13,3,1,4,1,15,5,16,271,82.2,2,51,0.0392,0.0625,1.0,5.0,1.0,10.0,124.0,81.3,49.0,0.1,0.0,10.0,4.0,6.0,147.0,83.4,38.0,0.0,82.3,28.0,28.0,1016.4,0.0,8.0,5.0,23.7,NE,-5.56,-3.25,-7.21,day
662777,2022-10-03,2022,PHI,2022-10-03 19:10:00,19,0,3,3,3,20,5,11,288,80.5,3,42,0.0714,0.2727,0.0,12.0,0.0,2.0,121.0,80.7,40.0,0.0,3.0,8.0,5.0,9.0,167.0,80.4,57.0,0.3333,77.1,25.0,42.0,1014.8,0.0,7.6,4.7,170.0,S,7.39,6.38,7.5,night
662768,2022-10-04,2022,PHI,2022-10-04 19:10:00,19,10,0,10,3,20,6,20,282,84.7,4,49,0.0816,0.15,3.0,4.0,4.0,17.0,142.0,88.2,53.0,0.1765,0.0,16.0,2.0,3.0,140.0,80.2,42.0,0.0,75.2,24.0,44.7,1013.8,0.0,10.0,6.2,120.7,SE,8.01,9.57,5.47,night
662789,2022-10-05,2022,PHI,2022-10-05 15:10:00,15,3,2,5,1,22,3,16,276,82.7,2,40,0.05,0.0625,1.0,7.0,2.0,12.0,117.0,85.2,36.0,0.0833,0.0,15.0,1.0,4.0,159.0,80.5,41.0,0.0,85.4,29.7,35.7,1013.7,0.0,8.4,5.2,96.0,E,3.99,6.27,1.24,day
718768,2023-03-30,2023,CWS,2023-03-30 18:08:00,18,2,3,5,2,22,3,15,286,83.1,3,46,0.0652,0.1333,1.0,13.0,2.0,4.0,141.0,79.5,49.0,0.25,1.0,9.0,1.0,11.0,145.0,86.8,47.0,0.0909,73.6,23.1,88.0,1011.0,0.5,23.0,14.3,148.3,SE,22.67,22.56,20.05,night
718764,2023-03-31,2023,CWS,2023-03-31 19:10:00,19,6,3,9,1,19,8,18,285,82.3,3,46,0.0652,0.0556,1.0,8.0,7.0,7.0,145.0,85.0,39.0,0.1429,0.0,11.0,1.0,11.0,140.0,80.1,49.0,0.0,75.7,24.3,84.0,1010.7,0.0,14.8,9.2,179.0,S,13.77,11.09,14.79,night
718760,2023-04-01,2023,CWS,2023-04-01 13:10:00,13,6,4,10,2,20,7,21,348,81.7,3,53,0.0566,0.0952,0.0,8.0,3.0,11.0,175.0,82.3,57.0,0.0,2.0,12.0,4.0,10.0,173.0,81.0,49.0,0.2,83.2,28.5,33.0,1016.5,0.0,12.0,7.4,40.0,NE,-5.53,-1.56,-8.82,day
718740,2023-04-02,2023,CWS,2023-04-02 13:10:00,13,3,6,9,2,19,9,20,330,82.5,6,55,0.1091,0.1,0.0,12.0,6.0,7.0,179.0,82.3,47.0,0.0,2.0,7.0,3.0,13.0,151.0,82.8,47.0,0.1538,79.6,26.4,75.0,1010.2,0.1,22.6,14.1,168.4,S,22.23,19.43,22.35,day
718723,2023-04-03,2023,DET,2023-04-03 19:10:00,19,6,7,13,3,15,9,18,348,81.4,4,68,0.0588,0.1667,1.0,4.0,4.0,9.0,170.0,82.8,64.0,0.1111,2.0,11.0,4.0,9.0,178.0,80.0,61.0,0.2222,76.4,24.7,81.7,1004.2,0.0,16.8,10.4,166.7,S,16.55,14.64,16.47,night
718705,2023-04-04,2023,DET,2023-04-04 19:10:00,19,3,6,9,2,17,4,22,286,82.6,4,54,0.0741,0.0909,1.0,6.0,3.0,10.0,141.0,82.2,55.0,0.1,1.0,11.0,1.0,12.0,145.0,83.1,48.0,0.0833,76.9,24.9,84.0,1003.0,0.0,22.7,14.1,156.0,SE,22.73,21.56,21.15,night
718696,2023-04-05,2023,DET,2023-04-05 13:10:00,13,8,2,10,3,13,4,18,313,79.1,2,56,0.0357,0.1667,3.0,4.0,2.0,11.0,169.0,80.3,67.0,0.2727,0.0,9.0,2.0,7.0,144.0,77.4,47.0,0.0,72.8,22.7,90.0,1009.4,31.5,17.6,10.9,344.9,N,-17.42,-15.6,-17.14,day
718581,2023-04-14,2023,TEX,2023-04-14 19:10:00,19,2,6,8,3,19,8,17,312,83.0,2,51,0.0392,0.1765,2.0,8.0,4.0,6.0,140.0,85.0,49.0,0.3333,1.0,11.0,4.0,11.0,172.0,81.0,51.0,0.0909,73.3,23.0,81.3,1005.7,0.2,16.3,10.1,143.7,SE,15.79,16.17,13.51,night
718562,2023-04-15,2023,TEX,2023-04-15 18:10:00,18,8,2,10,0,13,7,17,264,83.5,1,54,0.0185,0.0,0.0,5.0,4.0,10.0,131.0,82.2,50.0,0.0,0.0,8.0,3.0,7.0,133.0,85.1,42.0,0.0,70.6,21.4,85.3,1008.4,4.3,8.0,5.0,206.9,SW,5.18,2.8,6.94,night
718552,2023-04-16,2023,TEX,2023-04-16 18:10:00,18,1,9,10,1,19,9,12,310,81.3,4,47,0.0851,0.0833,0.0,8.0,7.0,4.0,166.0,80.0,52.0,0.0,1.0,11.0,2.0,8.0,144.0,82.8,45.0,0.125,68.4,20.2,47.0,1018.7,0.0,8.5,5.3,342.7,N,-8.5,-7.72,-8.25,night
718537,2023-04-17,2023,TOR,2023-04-17 19:10:00,19,9,2,11,4,23,6,15,315,81.4,7,43,0.1628,0.2667,2.0,12.0,3.0,10.0,154.0,80.1,46.0,0.2,2.0,11.0,3.0,5.0,161.0,82.5,52.0,0.4,65.2,18.5,54.7,1013.6,0.0,13.5,8.4,138.3,SE,12.72,13.47,10.44,night
718520,2023-04-18,2023,TOR,2023-04-18 19:10:00,19,2,4,6,2,17,3,16,282,81.8,3,52,0.0577,0.125,0.0,9.0,1.0,8.0,146.0,81.0,54.0,0.0,2.0,8.0,2.0,8.0,136.0,82.6,51.0,0.25,70.2,21.2,77.3,1010.3,0.0,12.5,7.8,132.7,SE,11.34,12.46,8.87,night
718501,2023-04-19,2023,TOR,2023-04-19 19:10:00,19,8,1,9,1,14,5,12,255,80.6,3,47,0.0638,0.0833,1.0,4.0,2.0,8.0,103.0,82.0,36.0,0.125,0.0,10.0,3.0,4.0,152.0,79.5,50.0,0.0,73.5,23.0,78.7,1010.3,0.0,17.0,10.6,141.0,SE,16.3,16.97,13.67,night
718389,2023-04-28,2023,PHI,2023-04-28 19:10:00,19,1,3,4,2,15,0,11,251,81.5,5,49,0.102,0.1818,1.0,8.0,0.0,3.0,121.0,80.2,44.0,0.3333,1.0,7.0,0.0,8.0,130.0,82.5,50.0,0.125,72.8,22.7,81.3,1006.0,2.2,8.4,5.2,90.0,E,3.21,5.67,0.36,night
718372,2023-04-29,2023,PHI,2023-04-29 16:10:00,16,1,6,7,3,22,4,18,322,82.1,4,49,0.0816,0.1667,1.0,11.0,1.0,6.0,154.0,79.3,54.0,0.1667,2.0,11.0,3.0,12.0,168.0,84.8,57.0,0.1667,68.7,20.4,49.3,1008.5,0.0,34.2,21.3,321.7,NW,-32.93,-34.14,-27.75,day
718354,2023-04-30,2023,PHI,2023-04-30 18:10:00,18,4,3,7,3,15,6,14,288,81.5,2,49,0.0408,0.2143,1.0,7.0,3.0,9.0,137.0,80.1,51.0,0.1111,2.0,8.0,3.0,5.0,151.0,82.9,52.0,0.4,77.2,25.1,48.0,1007.4,0.0,9.7,6.0,222.6,SW,4.07,0.83,6.82,night
718350,2023-05-01,2023,SF,2023-05-01 19:10:00,19,7,3,10,2,16,6,15,278,82.9,2,50,0.04,0.1333,0.0,7.0,2.0,10.0,134.0,82.3,46.0,0.0,2.0,9.0,3.0,5.0,144.0,83.6,36.0,0.4,74.6,23.7,73.3,1007.1,0.0,13.2,8.2,141.0,SE,12.62,13.14,10.58,night
718337,2023-05-02,2023,SF,2023-05-02 19:10:00,19,0,2,2,0,11,9,10,309,82.0,1,49,0.0204,0.0,0.0,4.0,0.0,3.0,124.0,80.4,48.0,0.0,0.0,7.0,9.0,7.0,185.0,83.7,45.0,0.0,72.4,22.4,79.0,1009.1,0.2,8.8,5.5,126.0,SE,7.5,8.62,5.48,night
718326,2023-05-03,2023,SF,2023-05-03 13:10:00,13,2,4,6,2,19,5,12,254,82.2,2,43,0.0465,0.1667,1.0,7.0,3.0,5.0,122.0,81.7,38.0,0.2,1.0,12.0,2.0,7.0,132.0,83.0,28.0,0.1429,82.8,28.2,46.7,1010.3,0.0,17.0,10.6,110.0,E,11.51,15.11,6.52,day
718158,2023-05-15,2023,CHC,2023-05-15 19:10:00,19,6,4,10,2,22,6,19,285,83.3,6,44,0.1364,0.1053,1.0,6.0,3.0,11.0,128.0,83.1,51.0,0.0909,1.0,16.0,3.0,8.0,157.0,83.7,38.0,0.125,70.9,21.6,95.0,1016.4,7.2,5.2,3.3,127.0,SE,4.51,5.15,3.33,night
718152,2023-05-16,2023,CHC,2023-05-16 19:10:00,19,7,3,10,2,20,4,15,263,81.5,4,45,0.0889,0.1333,0.0,10.0,2.0,9.0,118.0,82.5,39.0,0.0,2.0,10.0,2.0,6.0,145.0,80.6,43.0,0.3333,72.0,22.2,90.0,1010.3,0.1,8.7,5.4,262.3,W,-2.22,-4.95,0.78,night
718127,2023-05-17,2023,CHC,2023-05-17 19:10:00,19,7,6,13,5,21,9,26,319,84.4,3,57,0.0526,0.1923,2.0,12.0,1.0,13.0,145.0,83.7,47.0,0.1538,3.0,9.0,7.0,13.0,174.0,85.3,44.0,0.2308,79.0,26.1,69.7,1006.8,0.0,4.9,3.0,33.3,NE,-2.76,-1.2,-3.97,night
718112,2023-05-19,2023,ATH,2023-05-19 19:10:00,19,5,1,6,1,15,11,18,305,81.5,2,50,0.04,0.0556,1.0,5.0,7.0,10.0,161.0,81.9,56.0,0.1,0.0,10.0,4.0,8.0,144.0,80.9,42.0,0.0,81.3,27.4,74.0,1011.8,0.0,13.2,8.2,170.6,S,12.82,11.02,13.07,night
718098,2023-05-20,2023,ATH,2023-05-20 15:10:00,15,3,2,5,1,19,3,14,269,82.3,5,45,0.1111,0.0714,1.0,8.0,2.0,7.0,130.0,84.2,44.0,0.1429,0.0,11.0,1.0,7.0,139.0,80.2,41.0,0.0,84.7,29.3,63.0,1014.0,1.3,13.2,8.2,328.9,NW,-13.02,-12.91,-11.56,day
718086,2023-05-21,2023,ATH,2023-05-21 13:10:00,13,2,0,2,0,14,8,9,245,82.8,2,42,0.0476,0.0,0.0,7.0,8.0,5.0,141.0,80.5,44.0,0.0,0.0,7.0,0.0,4.0,104.0,85.8,33.0,0.0,77.2,25.1,73.0,1014.6,0.1,8.3,5.2,27.0,NE,-5.41,-2.92,-7.25,day
717968,2023-05-29,2023,MIN,2023-05-29 15:10:00,15,5,7,12,3,23,8,22,303,86.5,7,55,0.1273,0.1364,1.0,8.0,3.0,8.0,133.0,88.4,45.0,0.125,2.0,15.0,5.0,14.0,170.0,84.4,39.0,0.1429,81.3,27.4,61.3,1009.1,0.0,15.5,9.6,112.3,E,10.9,14.0,6.5,day
717956,2023-05-30,2023,MIN,2023-05-30 19:10:00,19,5,1,6,2,22,10,12,298,82.1,1,38,0.0263,0.1667,2.0,10.0,5.0,5.0,145.0,82.2,46.0,0.4,0.0,12.0,5.0,7.0,153.0,82.1,35.0,0.0,78.0,25.5,75.7,1008.9,0.3,4.6,2.9,43.2,NE,-1.9,-0.35,-3.23,night
717938,2023-05-31,2023,MIN,2023-05-31 19:10:00,19,2,8,10,2,23,7,17,324,80.0,4,47,0.0851,0.1176,2.0,9.0,2.0,6.0,131.0,79.2,52.0,0.3333,0.0,14.0,5.0,11.0,193.0,80.6,60.0,0.0,78.1,25.6,79.0,1008.4,0.0,5.6,3.5,132.6,SE,5.11,5.61,3.99,night
717936,2023-06-01,2023,LAA,2023-06-01 19:10:00,19,5,2,7,1,15,6,20,283,85.6,2,56,0.0357,0.05,0.0,6.0,2.0,9.0,128.0,86.2,47.0,0.0,1.0,9.0,4.0,11.0,155.0,85.1,53.0,0.0909,81.1,27.3,60.7,1009.1,0.0,9.7,6.0,153.3,SE,9.64,9.3,8.82,night
717926,2023-06-02,2023,LAA,2023-06-02 19:10:00,19,6,2,8,2,16,6,19,284,82.8,3,51,0.0588,0.1053,2.0,8.0,3.0,10.0,146.0,80.3,45.0,0.2,0.0,8.0,3.0,9.0,138.0,85.6,40.0,0.0,82.1,27.8,62.7,1006.9,0.0,10.2,6.3,174.7,S,9.71,8.1,10.15,night
717908,2023-06-03,2023,LAA,2023-06-03 15:10:00,15,9,6,15,3,14,11,23,348,84.3,5,58,0.0862,0.1304,2.0,6.0,8.0,11.0,165.0,84.0,54.0,0.1818,1.0,8.0,3.0,12.0,183.0,84.6,65.0,0.0833,87.4,30.8,49.7,1006.4,0.2,8.8,5.5,244.8,SW,0.42,-2.61,3.4,day
717899,2023-06-04,2023,LAA,2023-06-04 13:10:00,13,1,2,3,2,11,3,11,247,84.3,3,51,0.0588,0.1818,1.0,6.0,2.0,5.0,126.0,83.8,42.0,0.2,1.0,5.0,1.0,6.0,121.0,84.8,39.0,0.1667,85.0,29.4,52.7,1007.2,0.0,12.4,7.7,12.8,N,-10.14,-7.07,-11.99,day
717778,2023-06-13,2023,WSH,2023-06-13 19:10:00,19,6,1,7,4,14,10,15,284,83.0,7,48,0.1458,0.2667,4.0,8.0,7.0,9.0,160.0,81.4,52.0,0.4444,0.0,6.0,3.0,6.0,124.0,84.5,53.0,0.0,83.7,28.7,75.3,1005.5,0.0,18.5,11.5,158.0,S,18.47,17.3,17.41,night
717762,2023-06-14,2023,WSH,2023-06-14 19:10:00,19,5,4,9,2,15,1,15,253,83.0,4,54,0.0741,0.1333,2.0,7.0,1.0,8.0,130.0,79.9,48.0,0.25,0.0,8.0,0.0,7.0,123.0,86.4,44.0,0.0,86.7,30.4,67.3,1002.4,0.0,17.8,11.1,193.0,S,14.52,10.1,17.19,night
717746,2023-06-15,2023,WSH,2023-06-15 19:10:00,19,1,4,5,1,16,5,18,332,80.5,2,59,0.0339,0.0556,0.0,10.0,3.0,7.0,163.0,81.8,51.0,0.0,1.0,6.0,2.0,11.0,169.0,79.5,70.0,0.0909,87.3,30.7,66.7,1004.5,0.0,18.4,11.4,174.7,S,17.55,14.64,18.34,night
717737,2023-06-16,2023,CIN,2023-06-16 19:10:00,19,1,2,3,1,9,4,11,246,81.8,4,57,0.0702,0.0909,0.0,4.0,3.0,6.0,123.0,81.3,50.0,0.0,1.0,5.0,1.0,5.0,123.0,82.5,43.0,0.2,88.0,31.1,69.3,1006.7,0.0,15.6,9.7,175.7,S,14.85,12.29,15.63,night
717727,2023-06-17,2023,CIN,2023-06-17 15:10:00,15,3,10,13,3,12,12,20,331,85.1,4,59,0.0678,0.15,2.0,4.0,4.0,7.0,137.0,85.1,52.0,0.2857,1.0,8.0,8.0,13.0,194.0,85.1,53.0,0.0769,98.5,36.9,46.7,1005.6,0.0,12.4,7.7,203.4,SW,8.61,5.06,11.13,day
717707,2023-06-18,2023,CIN,2023-06-18 13:10:00,13,7,9,16,4,14,9,23,348,82.8,8,66,0.1212,0.1739,1.0,5.0,4.0,13.0,172.0,83.4,63.0,0.0769,3.0,9.0,4.0,10.0,176.0,82.1,55.0,0.3,96.6,35.9,48.0,1005.5,0.0,20.6,12.8,193.3,S,16.67,11.55,19.79,day
717694,2023-06-19,2023,NYM,2023-06-19 19:10:00,19,1,11,12,3,19,5,19,271,84.7,1,52,0.0192,0.1579,1.0,8.0,2.0,5.0,107.0,85.7,32.0,0.2,2.0,11.0,3.0,14.0,164.0,84.2,63.0,0.1429,89.0,31.7,67.3,1005.0,0.0,16.5,10.2,186.3,S,14.42,10.84,16.27,night
717682,2023-06-20,2023,NYM,2023-06-20 19:10:00,19,4,2,6,1,16,4,13,230,86.4,3,47,0.0638,0.0769,1.0,6.0,2.0,9.0,117.0,86.9,40.0,0.1111,0.0,10.0,2.0,4.0,113.0,85.8,30.0,0.0,89.6,32.0,64.0,1004.0,0.0,16.8,10.4,193.7,S,13.56,9.35,16.14,night
717670,2023-06-21,2023,NYM,2023-06-21 13:10:00,13,10,8,18,3,21,16,19,374,81.4,7,46,0.1522,0.1579,2.0,7.0,8.0,9.0,163.0,83.9,58.0,0.2222,1.0,14.0,8.0,10.0,211.0,78.8,58.0,0.1,89.3,31.8,55.3,1005.9,0.0,20.5,12.7,134.0,SE,18.77,20.43,14.85,day
717504,2023-07-04,2023,COL,2023-07-04 15:10:00,15,4,1,5,2,12,8,16,263,83.7,2,52,0.0385,0.125,1.0,5.0,4.0,13.0,140.0,82.4,52.0,0.0769,1.0,7.0,4.0,3.0,123.0,85.2,45.0,0.3333,90.0,32.2,57.3,1011.4,0.7,16.4,10.2,174.3,S,15.73,13.15,16.41,day
717489,2023-07-05,2023,COL,2023-07-05 13:10:00,13,6,4,10,5,15,4,18,272,80.7,4,50,0.08,0.2778,3.0,6.0,3.0,10.0,124.0,81.1,42.0,0.3,2.0,9.0,1.0,8.0,148.0,80.3,56.0,0.25,90.9,32.7,59.7,1013.4,3.0,16.1,10.0,146.0,SE,15.74,15.89,13.7,day
717467,2023-07-06,2023,SEA,2023-07-06 19:10:00,19,1,5,6,3,16,5,13,272,82.6,4,48,0.0833,0.2308,0.0,5.0,1.0,7.0,117.0,81.6,46.0,0.0,3.0,11.0,4.0,6.0,155.0,83.5,52.0,0.5,81.1,27.3,77.3,1011.3,0.0,4.7,2.9,188.9,S,4.01,2.93,4.61,night
717453,2023-07-07,2023,SEA,2023-07-07 19:10:00,19,1,10,11,1,17,8,18,310,84.4,6,54,0.1111,0.0556,0.0,4.0,0.0,5.0,116.0,86.0,45.0,0.0,1.0,13.0,8.0,13.0,194.0,83.0,55.0,0.0769,81.9,27.7,82.7,1009.5,0.0,5.3,3.3,186.3,S,4.65,3.49,5.24,night
717440,2023-07-08,2023,SEA,2023-07-08 18:15:00,18,3,2,5,1,16,8,9,287,80.5,2,44,0.0455,0.1111,1.0,6.0,2.0,4.0,111.0,82.6,34.0,0.25,0.0,10.0,6.0,5.0,176.0,79.2,57.0,0.0,84.0,28.9,79.0,1008.4,0.0,9.3,5.8,177.3,S,8.72,7.12,9.27,night
717430,2023-07-09,2023,SEA,2023-07-09 13:10:00,13,1,3,4,1,16,2,9,270,82.9,2,46,0.0435,0.1111,1.0,9.0,1.0,3.0,120.0,83.8,36.0,0.3333,0.0,7.0,1.0,6.0,150.0,82.2,49.0,0.0,91.0,32.8,65.7,1010.2,0.3,10.8,6.7,222.1,SW,4.62,1.02,7.67,day
717274,2023-07-24,2023,TEX,2023-07-24 19:10:00,19,10,9,19,3,23,14,19,342,84.0,5,49,0.102,0.1579,1.0,12.0,7.0,9.0,156.0,83.5,39.0,0.1111,2.0,11.0,7.0,10.0,186.0,84.3,61.0,0.2,88.6,31.4,61.7,1015.4,0.0,15.4,9.5,169.6,S,15.03,13.02,15.22,night
717255,2023-07-25,2023,TEX,2023-07-25 19:10:00,19,4,3,7,3,10,4,17,252,83.6,4,55,0.0727,0.1765,2.0,6.0,1.0,8.0,132.0,83.6,50.0,0.25,1.0,4.0,3.0,9.0,120.0,83.7,49.0,0.1111,89.8,32.1,56.0,1014.6,0.0,10.4,6.4,154.0,SE,10.35,9.94,9.51,night
717239,2023-07-26,2023,TEX,2023-07-26 19:10:00,19,5,13,18,6,13,8,23,313,83.8,7,62,0.1129,0.2609,2.0,7.0,4.0,6.0,146.0,80.7,53.0,0.3333,4.0,6.0,4.0,17.0,167.0,86.5,61.0,0.2353,88.9,31.6,57.7,1013.2,0.0,16.4,10.2,159.7,S,16.35,15.16,15.58,night
717229,2023-07-28,2023,TB,2023-07-28 19:10:00,19,3,4,7,2,21,4,14,308,83.8,4,46,0.087,0.1429,1.0,10.0,1.0,8.0,142.0,83.7,45.0,0.125,1.0,11.0,3.0,6.0,166.0,83.9,48.0,0.1667,85.5,29.7,66.7,1014.8,0.0,13.6,8.5,188.0,S,11.75,8.67,13.41,night
717214,2023-07-29,2023,TB,2023-07-29 18:15:00,18,17,4,21,8,16,10,25,331,82.7,10,58,0.1724,0.32,5.0,7.0,6.0,18.0,188.0,82.1,69.0,0.2778,3.0,9.0,4.0,7.0,143.0,83.5,44.0,0.4286,88.9,31.6,56.7,1014.7,0.0,15.3,9.5,176.7,S,14.42,11.84,15.27,night
717196,2023-07-30,2023,TB,2023-07-30 13:10:00,13,2,8,10,1,15,5,22,289,83.5,4,60,0.0667,0.0455,0.0,7.0,0.0,10.0,140.0,82.8,61.0,0.0,1.0,8.0,5.0,12.0,149.0,84.4,46.0,0.0833,95.2,35.1,43.3,1015.0,0.0,4.5,2.8,125.0,SE,3.8,4.39,2.74,day
717184,2023-07-31,2023,CLE,2023-07-31 19:10:00,19,7,3,10,1,11,13,16,291,82.2,4,53,0.0755,0.0625,1.0,2.0,9.0,7.0,147.0,82.7,48.0,0.1429,0.0,9.0,4.0,9.0,144.0,81.7,51.0,0.0,94.3,34.6,46.0,1011.8,0.0,15.3,9.5,159.4,S,15.33,14.23,14.57,night
717172,2023-08-01,2023,CLE,2023-08-01 19:10:00,19,2,0,2,0,17,5,6,220,81.9,0,38,0.0,0.0,0.0,10.0,4.0,6.0,127.0,80.6,38.0,0.0,0.0,7.0,1.0,0.0,93.0,83.6,28.0,,93.9,34.4,48.0,1012.1,0.0,14.5,9.0,166.3,S,14.36,12.73,14.26,night
717163,2023-08-02,2023,CLE,2023-08-02 13:10:00,13,3,2,5,2,15,10,17,294,84.1,4,50,0.08,0.1176,2.0,7.0,5.0,10.0,146.0,84.4,41.0,0.2,0.0,8.0,5.0,7.0,148.0,83.8,50.0,0.0,97.1,36.2,38.0,1013.6,0.0,9.7,6.0,124.3,SE,8.09,9.41,5.8,day
717037,2023-08-11,2023,LAA,2023-08-11 19:10:00,19,11,3,14,3,16,9,22,285,83.0,5,55,0.0909,0.1364,2.0,5.0,8.0,15.0,142.0,85.2,51.0,0.1333,1.0,11.0,1.0,7.0,143.0,81.0,55.0,0.1429,90.6,32.5,61.0,1008.8,0.0,22.2,13.8,173.7,S,21.35,17.95,22.18,night
717022,2023-08-12,2023,LAA,2023-08-12 18:15:00,18,11,3,14,2,14,6,18,278,81.6,3,54,0.0556,0.1111,1.0,9.0,5.0,13.0,155.0,82.1,52.0,0.0769,1.0,5.0,1.0,5.0,123.0,81.1,45.0,0.2,94.8,34.9,51.7,1008.9,0.0,24.7,15.3,170.0,S,24.08,20.8,24.46,night
717004,2023-08-13,2023,LAA,2023-08-13 13:10:00,13,1,2,3,1,20,7,11,290,80.0,4,44,0.0909,0.0909,0.0,11.0,3.0,7.0,156.0,81.7,55.0,0.0,1.0,9.0,4.0,4.0,134.0,77.9,47.0,0.25,100.1,37.8,37.3,1011.8,0.0,10.6,6.6,179.3,S,9.87,7.92,10.63,day
716948,2023-08-18,2023,SEA,2023-08-18 19:10:00,19,0,2,2,2,14,2,13,269,82.4,7,53,0.1321,0.1538,0.0,3.0,1.0,4.0,115.0,84.6,40.0,0.0,2.0,11.0,1.0,9.0,154.0,80.8,56.0,0.2222,91.9,33.3,43.0,1009.6,0.0,17.0,10.6,162.3,S,16.94,15.43,16.41,night
716932,2023-08-19,2023,SEA,2023-08-19 18:10:00,18,3,10,13,6,18,3,28,295,85.7,5,60,0.0833,0.2143,3.0,7.0,1.0,11.0,131.0,85.3,49.0,0.2727,3.0,11.0,2.0,17.0,164.0,86.0,57.0,0.1765,95.8,35.5,47.3,1009.8,0.2,16.5,10.3,156.5,SE,16.53,15.63,15.44,night
716920,2023-08-20,2023,SEA,2023-08-20 12:05:00,12,6,7,13,1,24,6,27,350,81.6,4,56,0.0714,0.037,0.0,10.0,2.0,12.0,167.0,79.4,53.0,0.0,1.0,14.0,3.0,15.0,183.0,83.9,52.0,0.0667,101.1,38.4,33.3,1012.4,0.0,11.0,6.9,3.7,N,-9.9,-7.64,-10.97,day
716908,2023-08-21,2023,BOS,2023-08-21 19:10:00,19,9,4,13,4,15,7,27,360,83.0,4,64,0.0625,0.1481,3.0,8.0,3.0,16.0,182.0,81.8,70.0,0.1875,1.0,7.0,4.0,11.0,178.0,84.5,50.0,0.0909,88.8,31.5,62.7,1012.3,0.1,14.1,8.8,113.0,SE,10.06,12.83,6.07,night
716895,2023-08-22,2023,BOS,2023-08-22 19:10:00,19,7,3,10,2,18,7,18,305,83.2,3,53,0.0566,0.1111,1.0,6.0,5.0,8.0,150.0,81.9,46.0,0.125,1.0,12.0,2.0,10.0,155.0,84.2,58.0,0.1,88.0,31.1,68.3,1011.3,0.0,17.3,10.7,114.7,SE,12.66,15.91,7.88,night
716878,2023-08-23,2023,BOS,2023-08-23 19:10:00,19,5,7,12,2,21,9,21,363,80.9,6,58,0.1034,0.0952,1.0,14.0,4.0,12.0,181.0,79.9,56.0,0.0833,1.0,7.0,5.0,9.0,182.0,81.8,66.0,0.1111,93.7,34.3,44.0,1010.4,0.0,12.9,8.0,168.6,S,12.63,11.02,12.71,night
716873,2023-08-24,2023,BOS,2023-08-24 13:10:00,13,1,17,18,3,14,9,35,361,85.9,7,72,0.0972,0.0857,0.0,7.0,3.0,10.0,125.0,85.2,46.0,0.0,3.0,7.0,6.0,25.0,236.0,86.3,79.0,0.12,102.8,39.3,29.7,1010.6,0.0,4.6,2.8,36.8,NE,-2.33,-0.85,-3.53,day
716763,2023-09-01,2023,NYY,2023-09-01 19:10:00,19,2,6,8,5,10,3,12,263,80.8,7,55,0.1273,0.4167,1.0,7.0,2.0,4.0,151.0,77.6,66.0,0.25,4.0,3.0,1.0,8.0,112.0,85.4,45.0,0.5,90.4,32.5,44.3,1010.5,0.0,18.8,11.7,143.8,SE,18.26,18.69,15.64,night
716746,2023-09-02,2023,NYY,2023-09-02 18:10:00,18,4,5,9,3,18,7,17,345,80.9,2,50,0.04,0.1765,2.0,5.0,1.0,9.0,171.0,79.3,74.0,0.2222,1.0,13.0,6.0,8.0,174.0,83.6,44.0,0.125,91.2,32.9,50.0,1010.9,0.0,12.9,8.0,137.7,SE,12.11,12.87,9.89,night
716735,2023-09-03,2023,NYY,2023-09-03 18:10:00,18,1,6,7,2,17,1,15,273,83.1,2,49,0.0408,0.1333,0.0,5.0,0.0,7.0,120.0,82.3,45.0,0.0,2.0,12.0,1.0,8.0,153.0,83.8,51.0,0.25,86.4,30.2,66.0,1009.3,0.0,11.9,7.4,190.8,S,9.95,7.11,11.58,night
716669,2023-09-08,2023,SD,2023-09-08 19:10:00,19,2,11,13,2,18,8,16,309,83.0,5,51,0.098,0.125,0.0,9.0,4.0,6.0,145.0,85.2,39.0,0.0,2.0,9.0,4.0,10.0,164.0,81.6,59.0,0.2,82.8,28.2,86.7,1011.1,0.1,16.9,10.5,112.3,E,11.88,15.26,7.07,night
716649,2023-09-09,2023,SD,2023-09-09 18:10:00,18,7,5,12,2,14,8,20,318,83.6,3,56,0.0536,0.1,1.0,4.0,3.0,11.0,150.0,83.2,58.0,0.0909,1.0,10.0,5.0,9.0,168.0,84.1,42.0,0.1111,87.5,30.8,55.0,1010.8,0.0,8.6,5.4,292.1,W,-6.06,-7.8,-3.59,night
716640,2023-09-10,2023,SD,2023-09-10 13:10:00,13,12,2,14,3,10,11,18,317,82.1,5,58,0.0862,0.1667,1.0,4.0,4.0,11.0,166.0,81.8,59.0,0.0909,2.0,6.0,7.0,7.0,151.0,82.3,51.0,0.2857,93.7,34.3,28.3,1013.2,0.0,12.4,7.7,31.3,NE,-7.3,-3.44,-10.27,day
716624,2023-09-11,2023,ATH,2023-09-11 19:10:00,19,0,4,4,3,19,3,10,259,82.2,4,43,0.093,0.3,0.0,6.0,2.0,3.0,129.0,81.7,42.0,0.0,3.0,13.0,1.0,7.0,130.0,82.6,41.0,0.4286,87.9,31.0,46.3,1010.4,0.0,13.2,8.2,160.3,S,13.18,12.17,12.61,night
716614,2023-09-12,2023,ATH,2023-09-12 19:10:00,19,2,6,8,2,15,2,16,244,83.6,5,54,0.0926,0.125,0.0,8.0,2.0,6.0,125.0,79.3,41.0,0.0,2.0,7.0,0.0,10.0,119.0,87.0,51.0,0.2,85.7,29.8,65.3,1010.2,0.2,12.3,7.6,207.5,SW,7.88,4.19,10.62,night
716596,2023-09-13,2023,ATH,2023-09-13 18:10:00,18,6,2,8,3,15,8,11,284,81.0,2,46,0.0435,0.2727,3.0,4.0,5.0,9.0,154.0,81.2,57.0,0.3333,0.0,11.0,3.0,2.0,130.0,80.8,41.0,0.0,84.2,29.0,74.0,1009.1,1.5,5.9,3.6,95.9,E,2.79,4.39,0.86,night
716530,2023-09-18,2023,BAL,2023-09-18 19:10:00,19,7,8,15,3,15,7,26,327,82.8,7,64,0.1094,0.1154,2.0,3.0,5.0,10.0,161.0,81.3,67.0,0.2,1.0,12.0,2.0,16.0,166.0,84.7,53.0,0.0625,81.3,27.4,52.3,1011.3,0.0,11.1,6.9,140.0,SE,10.59,11.09,8.81,night
716514,2023-09-19,2023,BAL,2023-09-19 19:10:00,19,5,9,14,7,18,6,20,318,81.9,8,54,0.1481,0.35,3.0,9.0,3.0,10.0,165.0,82.5,50.0,0.3,4.0,9.0,3.0,10.0,153.0,81.4,53.0,0.4,81.2,27.3,51.3,1009.9,0.0,12.6,7.8,138.4,SE,11.94,12.63,9.8,night
716508,2023-09-20,2023,BAL,2023-09-20 13:10:00,13,2,1,3,0,23,7,11,284,79.2,1,38,0.0263,0.0,0.0,10.0,4.0,5.0,151.0,80.1,37.0,0.0,0.0,13.0,2.0,6.0,133.0,78.4,43.0,0.0,92.0,33.3,45.3,1009.5,0.0,14.3,8.9,122.3,SE,11.66,13.77,8.15,day
716473,2023-09-22,2023,KC,2023-09-22 19:10:00,19,5,7,12,2,22,10,13,298,80.6,8,47,0.1702,0.1538,2.0,8.0,6.0,8.0,151.0,79.9,52.0,0.25,0.0,14.0,4.0,5.0,147.0,81.5,47.0,0.0,85.3,29.6,68.7,1009.9,0.0,15.7,9.7,145.7,SE,15.33,15.51,13.31,night
716455,2023-09-23,2023,KC,2023-09-23 18:10:00,18,2,3,5,1,18,4,13,313,81.7,2,47,0.0426,0.0769,1.0,7.0,3.0,6.0,166.0,82.3,51.0,0.1667,0.0,11.0,1.0,7.0,147.0,81.0,49.0,0.0,87.8,31.0,62.0,1008.0,0.0,12.4,7.7,165.3,S,12.28,10.97,12.12,night
716448,2023-09-24,2023,KC,2023-09-24 13:10:00,13,5,6,11,5,16,7,14,284,82.2,4,51,0.0784,0.3571,1.0,7.0,2.0,8.0,130.0,81.3,46.0,0.125,4.0,9.0,5.0,6.0,154.0,83.0,49.0,0.6667,95.2,35.1,46.3,1008.7,0.2,9.6,6.0,168.2,S,9.43,8.25,9.47,day
746418,2024-03-28,2024,NYY,2024-03-28 15:10:00,15,4,5,9,2,17,11,21,294,85.0,2,53,0.0377,0.0952,1.0,7.0,2.0,13.0,123.0,85.7,46.0,0.0769,1.0,10.0,9.0,8.0,171.0,84.2,41.0,0.125,72.4,22.4,49.0,1019.2,0.0,5.8,3.6,144.3,SE,5.62,5.73,4.83,day
746412,2024-03-29,2024,NYY,2024-03-29 19:10:00,19,1,7,8,1,15,11,19,335,81.8,4,57,0.0702,0.0526,0.0,6.0,6.0,7.0,158.0,83.8,60.0,0.0,1.0,9.0,5.0,12.0,177.0,79.6,56.0,0.0833,66.7,19.3,67.0,1013.6,0.0,16.8,10.4,150.7,SE,16.68,16.36,14.99,night
746410,2024-03-30,2024,NYY,2024-03-30 18:15:00,18,3,5,8,3,17,7,12,309,80.4,1,47,0.0213,0.25,0.0,6.0,2.0,4.0,132.0,80.5,38.0,0.0,3.0,11.0,5.0,8.0,177.0,80.3,55.0,0.375,72.6,22.6,66.3,1011.3,0.0,18.3,11.4,148.0,SE,18.02,17.96,15.9,night
746413,2024-03-31,2024,NYY,2024-03-31 13:10:00,13,3,4,7,1,20,4,22,295,82.3,2,54,0.037,0.0455,1.0,8.0,2.0,12.0,133.0,83.7,45.0,0.0833,0.0,12.0,2.0,10.0,162.0,80.6,38.0,0.0,80.3,26.8,67.0,1009.3,0.0,25.6,15.9,180.0,S,23.65,18.87,25.58,day
746409,2024-04-01,2024,TOR,2024-04-01 19:10:00,19,10,0,10,5,15,5,12,221,81.7,4,47,0.0851,0.4167,5.0,8.0,3.0,12.0,115.0,82.6,44.0,0.4167,0.0,7.0,2.0,0.0,106.0,80.6,35.0,,75.3,24.0,83.7,1001.6,0.0,20.5,12.8,162.0,S,20.47,18.68,19.79,night
746411,2024-04-02,2024,TOR,2024-04-02 19:10:00,19,1,2,3,2,9,5,16,243,85.2,3,51,0.0588,0.125,1.0,4.0,4.0,8.0,133.0,86.0,35.0,0.125,1.0,5.0,1.0,8.0,110.0,84.6,44.0,0.125,67.6,19.8,55.7,1008.0,0.0,25.2,15.6,327.0,NW,-24.74,-24.82,-21.68,night
746407,2024-04-03,2024,TOR,2024-04-03 19:10:00,19,8,0,8,4,14,11,16,311,81.2,6,51,0.1176,0.25,4.0,7.0,4.0,15.0,160.0,84.4,51.0,0.2667,0.0,7.0,7.0,1.0,151.0,77.2,42.0,0.0,67.7,19.8,45.0,1009.3,0.0,10.9,6.8,262.9,W,-2.91,-6.34,0.87,night
746408,2024-04-12,2024,TEX,2024-04-12 19:10:00,19,8,12,20,3,15,9,23,359,83.0,6,61,0.0984,0.1304,2.0,8.0,4.0,11.0,167.0,84.1,50.0,0.1818,1.0,7.0,5.0,12.0,192.0,82.1,60.0,0.0833,66.7,19.3,57.0,1021.1,0.0,11.5,7.1,160.0,S,11.46,10.59,10.94,night
746405,2024-04-13,2024,TEX,2024-04-13 15:05:00,15,9,2,11,0,10,11,22,301,82.7,2,60,0.0333,0.0,0.0,2.0,5.0,14.0,153.0,83.5,56.0,0.0,0.0,8.0,4.0,8.0,148.0,81.7,44.0,0.0,77.2,25.1,53.0,1018.8,0.0,23.2,14.4,147.0,SE,22.81,22.88,19.99,day
746404,2024-04-14,2024,TEX,2024-04-14 13:10:00,13,8,5,13,4,11,7,20,272,85.4,4,58,0.069,0.2,2.0,4.0,5.0,10.0,135.0,87.0,46.0,0.2,2.0,7.0,2.0,10.0,137.0,83.9,48.0,0.2,81.3,27.4,54.7,1014.7,0.0,19.3,12.0,175.3,S,18.34,15.22,19.25,day
746406,2024-04-15,2024,ATL,2024-04-15 19:10:00,19,1,6,7,0,17,9,18,349,81.5,1,52,0.0192,0.0,0.0,7.0,4.0,7.0,157.0,82.5,53.0,0.0,0.0,10.0,5.0,11.0,192.0,80.7,66.0,0.0,73.3,22.9,81.7,1008.8,0.0,21.0,13.1,139.0,SE,19.95,21.03,16.46,night
746400,2024-04-16,2024,ATL,2024-04-16 19:10:00,19,2,6,8,2,15,6,18,295,85.7,2,54,0.037,0.1111,1.0,10.0,2.0,7.0,148.0,85.2,51.0,0.1429,1.0,5.0,4.0,11.0,147.0,86.2,45.0,0.0909,75.0,23.9,84.3,1009.0,0.0,21.2,13.2,149.0,SE,21.0,20.81,18.66,night
746401,2024-04-17,2024,ATL,2024-04-17 13:10:00,13,4,5,9,4,20,9,16,358,85.1,5,56,0.0893,0.25,2.0,7.0,6.0,9.0,174.0,85.1,57.0,0.2222,2.0,13.0,2.0,7.0,184.0,85.0,53.0,0.2857,80.4,26.9,69.7,1012.0,0.0,18.7,11.6,138.3,SE,17.69,18.73,14.52,day
746398,2024-04-30,2024,CLE,2024-04-30 19:10:00,19,10,9,19,6,24,9,19,351,81.9,6,53,0.1132,0.3158,3.0,9.0,3.0,12.0,158.0,84.6,57.0,0.25,3.0,15.0,6.0,7.0,193.0,78.9,50.0,0.4286,74.7,23.7,82.7,1008.7,0.0,10.5,6.5,121.7,SE,8.49,10.07,5.88,night
746399,2024-05-01,2024,CLE,2024-05-01 19:10:00,19,2,3,5,2,13,6,16,273,85.2,3,57,0.0526,0.125,1.0,7.0,1.0,7.0,122.0,87.2,45.0,0.1429,1.0,6.0,5.0,9.0,151.0,83.5,51.0,0.1111,74.5,23.6,94.3,1005.9,1.8,17.4,10.8,121.1,SE,14.0,16.69,9.62,night
746403,2024-05-02,2024,CLE,2024-05-02 19:10:00,19,8,2,10,1,16,7,17,298,81.6,2,51,0.0392,0.0588,1.0,9.0,3.0,10.0,154.0,79.9,55.0,0.1,0.0,7.0,4.0,7.0,144.0,83.6,47.0,0.0,75.1,24.0,86.3,1005.1,0.1,18.2,11.3,142.7,SE,17.56,18.09,14.92,night
746402,2024-05-03,2024,SEA,2024-05-03 19:10:00,19,5,3,8,2,14,8,14,291,80.9,3,49,0.0612,0.1429,0.0,5.0,5.0,7.0,153.0,78.8,59.0,0.0,2.0,9.0,3.0,7.0,138.0,83.6,45.0,0.2857,74.7,23.7,79.3,1007.8,0.0,16.6,10.3,141.0,SE,15.95,16.6,13.37,night
746394,2024-05-04,2024,SEA,2024-05-04 18:15:00,18,0,5,5,2,13,7,13,243,85.3,3,50,0.06,0.1538,0.0,7.0,4.0,3.0,106.0,78.6,37.0,0.0,2.0,6.0,3.0,10.0,137.0,91.5,40.0,0.2,76.8,24.9,85.0,1008.5,0.5,23.7,14.7,125.0,SE,20.02,23.17,14.45,night
746395,2024-05-05,2024,SEA,2024-05-05 13:10:00,13,4,5,9,4,13,6,18,291,84.0,5,56,0.0893,0.2222,2.0,5.0,1.0,8.0,125.0,84.9,56.0,0.25,2.0,8.0,4.0,10.0,166.0,83.1,57.0,0.2,76.5,24.7,82.7,1009.9,1.1,25.5,15.8,168.3,S,25.05,21.9,25.17,day
746393,2024-05-13,2024,ATH,2024-05-13 19:10:00,19,9,2,11,2,15,7,19,277,83.0,4,51,0.0784,0.1053,2.0,3.0,3.0,10.0,127.0,84.1,48.0,0.2,0.0,12.0,3.0,9.0,150.0,81.8,45.0,0.0,73.7,23.2,93.0,1002.3,3.6,6.0,3.7,354.8,N,-5.7,-4.75,-5.96,night
746396,2024-05-14,2024,ATH,2024-05-14 19:10:00,19,2,1,3,1,25,4,13,325,79.5,2,45,0.0444,0.0769,1.0,11.0,2.0,6.0,163.0,79.6,55.0,0.1667,0.0,14.0,2.0,7.0,162.0,79.4,52.0,0.0,77.2,25.1,69.0,1005.9,0.0,7.8,4.8,0.7,N,-7.17,-5.68,-7.79,night
746397,2024-05-15,2024,ATH,2024-05-15 19:10:00,19,3,0,3,0,14,5,10,222,85.2,2,44,0.0455,0.0,0.0,5.0,1.0,8.0,95.0,87.5,39.0,0.0,0.0,9.0,4.0,2.0,127.0,82.8,36.0,0.0,78.0,25.6,74.3,1005.3,0.0,11.3,7.0,134.3,SE,10.39,11.28,8.24,night
746391,2024-05-16,2024,ATH,2024-05-16 19:10:00,19,8,1,9,1,18,7,12,273,80.7,0,43,0.0,0.0833,1.0,8.0,6.0,8.0,153.0,79.4,51.0,0.125,0.0,10.0,1.0,4.0,120.0,82.6,36.0,0.0,72.1,22.3,93.7,1001.2,6.3,19.3,12.0,46.1,NE,-7.07,-0.49,-12.8,night
746388,2024-05-17,2024,MIL,2024-05-17 19:10:00,19,5,4,9,4,18,6,17,305,83.1,5,46,0.1087,0.2353,2.0,9.0,2.0,10.0,147.0,83.4,48.0,0.2,2.0,9.0,4.0,7.0,158.0,82.7,39.0,0.2857,73.8,23.2,91.0,1004.6,2.1,10.3,6.4,75.9,E,1.51,4.92,-2.07,night
746389,2024-05-18,2024,MIL,2024-05-18 18:10:00,18,2,4,6,2,12,5,14,272,84.1,3,54,0.0556,0.1429,1.0,9.0,2.0,8.0,118.0,85.9,42.0,0.125,1.0,3.0,3.0,6.0,154.0,82.7,53.0,0.1667,84.3,29.0,69.3,1007.4,0.0,5.8,3.6,139.0,SE,5.5,5.8,4.54,night
746392,2024-05-19,2024,MIL,2024-05-19 13:10:00,13,9,4,13,3,18,8,24,318,82.5,2,55,0.0364,0.125,3.0,10.0,6.0,14.0,174.0,82.7,57.0,0.2143,0.0,8.0,2.0,10.0,144.0,82.3,46.0,0.0,86.8,30.4,60.7,1010.9,0.0,13.3,8.2,127.3,SE,11.47,13.06,8.5,day
746390,2024-05-20,2024,LAA,2024-05-20 19:10:00,19,7,9,16,6,9,6,23,296,85.1,6,66,0.0909,0.2609,2.0,5.0,4.0,10.0,151.0,86.0,52.0,0.2,4.0,4.0,2.0,13.0,145.0,84.3,56.0,0.3077,78.9,26.1,86.3,1007.0,0.0,16.7,10.4,130.3,SE,14.89,16.6,11.38,night
746385,2024-05-21,2024,LAA,2024-05-21 19:10:00,19,6,5,11,6,14,9,21,331,83.6,3,61,0.0492,0.2857,4.0,6.0,4.0,10.0,165.0,84.1,64.0,0.4,2.0,8.0,4.0,11.0,166.0,83.1,53.0,0.1818,81.4,27.4,86.7,1006.5,0.0,18.5,11.5,135.3,SE,17.1,18.45,13.68,night
746386,2024-05-22,2024,LAA,2024-05-22 13:10:00,13,1,2,3,1,11,6,9,241,80.5,3,50,0.06,0.1111,0.0,6.0,2.0,6.0,107.0,81.0,38.0,0.0,1.0,5.0,4.0,3.0,134.0,80.0,42.0,0.3333,88.3,31.3,66.0,1006.6,0.1,27.3,16.9,168.0,S,26.81,23.49,26.89,day
746387,2024-05-31,2024,MIN,2024-05-31 19:10:00,19,1,6,7,3,15,5,12,282,81.5,3,50,0.06,0.25,,,,,,,,,,,,,,,,,80.5,26.9,75.7,1009.6,0.0,5.1,3.2,78.0,E,0.93,2.6,-0.85,night
746384,2024-06-01,2024,MIN,2024-06-01 15:10:00,15,5,2,7,4,11,7,14,259,87.9,7,48,0.1458,0.2857,,,,,,,,,,,,,,,,,83.6,28.7,77.0,1009.5,2.6,9.4,5.9,207.8,SW,6.03,3.18,8.15,day
746383,2024-06-02,2024,MIN,2024-06-02 12:05:00,12,3,4,7,4,18,5,13,279,81.5,6,48,0.125,0.3077,,,,,,,,,,,,,,,,,82.1,27.8,77.7,1010.3,0.4,7.6,4.7,163.5,S,7.53,6.8,7.34,day
746382,2024-06-03,2024,STL,2024-06-03 19:10:00,19,7,4,11,6,20,6,17,307,78.3,4,50,0.08,0.3529,,,,,,,,,,,,,,,,,81.9,27.7,83.3,1003.0,0.3,18.9,11.7,158.1,S,18.87,17.67,17.79,night
746380,2024-06-04,2024,STL,2024-06-04 19:10:00,19,8,5,13,4,12,8,21,319,83.2,3,61,0.0492,0.1905,,,,,,,,,,,,,,,,,83.1,28.4,85.7,1002.8,0.0,20.5,12.7,140.0,SE,19.55,20.48,16.26,night
746379,2024-06-05,2024,STL,2024-06-05 13:10:00,13,2,4,6,3,11,3,10,229,80.0,4,52,0.0769,0.3,,,,,,,,,,,,,,,,,81.5,27.5,81.7,1005.8,0.0,7.7,4.8,173.7,S,7.4,6.22,7.68,day
746378,2024-06-14,2024,DET,2024-06-14 19:10:00,19,4,0,4,1,14,1,11,222,80.3,2,46,0.0435,0.0909,1.0,4.0,1.0,6.0,99.0,80.1,43.0,0.1667,0.0,10.0,0.0,5.0,123.0,80.6,45.0,0.0,85.6,29.8,68.7,1008.7,0.0,12.2,7.6,140.0,SE,11.64,12.19,9.68,night
746381,2024-06-15,2024,DET,2024-06-15 15:10:00,15,5,13,18,6,20,8,29,358,84.1,7,62,0.1129,0.2069,1.0,9.0,2.0,10.0,145.0,87.5,48.0,0.1,5.0,11.0,6.0,19.0,213.0,81.7,69.0,0.2632,90.0,32.2,52.7,1008.6,0.0,19.2,11.9,131.7,SE,17.28,19.1,13.38,day
746377,2024-06-16,2024,DET,2024-06-16 13:10:00,13,4,1,5,1,13,6,8,256,83.8,3,45,0.0667,0.125,1.0,3.0,3.0,5.0,123.0,84.2,41.0,0.2,0.0,10.0,3.0,3.0,133.0,83.3,36.0,0.0,91.0,32.8,52.0,1008.1,0.1,14.1,8.8,132.0,SE,12.73,14.04,9.88,day
746375,2024-06-21,2024,BAL,2024-06-21 19:10:00,19,14,11,25,5,17,6,32,356,83.1,6,66,0.0909,0.1562,1.0,10.0,4.0,14.0,156.0,84.5,52.0,0.0714,4.0,7.0,2.0,18.0,200.0,82.1,73.0,0.2222,83.0,28.3,76.0,1014.1,0.0,12.8,8.0,124.0,SE,10.7,12.48,7.63,night
746376,2024-06-22,2024,BAL,2024-06-22 15:10:00,15,5,1,6,4,12,3,10,232,83.6,5,48,0.1042,0.4,3.0,5.0,0.0,6.0,108.0,83.6,42.0,0.5,1.0,7.0,3.0,4.0,124.0,83.6,38.0,0.25,89.4,31.9,55.7,1012.1,0.0,18.6,11.6,120.7,SE,14.89,17.81,10.18,day
746373,2024-06-23,2024,BAL,2024-06-23 13:10:00,13,8,1,9,2,13,5,22,261,81.8,1,59,0.0169,0.0909,1.0,5.0,2.0,15.0,136.0,81.2,55.0,0.0667,1.0,8.0,2.0,7.0,125.0,82.5,40.0,0.1429,89.2,31.8,64.0,1011.1,0.2,13.1,8.1,131.0,SE,11.69,12.98,8.99,day
746372,2024-06-25,2024,COL,2024-06-25 19:10:00,19,5,2,7,1,15,6,15,275,81.8,3,50,0.06,0.0667,0.0,4.0,2.0,9.0,120.0,82.4,49.0,0.0,1.0,11.0,4.0,6.0,155.0,80.9,37.0,0.1667,85.9,30.0,71.7,1009.2,0.0,16.1,10.0,167.3,S,15.9,14.0,15.88,night
746374,2024-06-26,2024,COL,2024-06-26 13:10:00,13,7,1,8,0,19,2,14,269,80.2,1,47,0.0213,0.0,0.0,5.0,1.0,10.0,137.0,81.0,48.0,0.0,0.0,14.0,1.0,4.0,132.0,79.4,43.0,0.0,90.6,32.5,60.7,1009.4,0.0,9.0,5.6,198.7,S,6.8,4.36,8.42,day
746368,2024-07-09,2024,MIA,2024-07-09 19:10:00,19,4,3,7,3,18,4,13,270,83.4,2,45,0.0444,0.2308,1.0,8.0,2.0,7.0,137.0,81.6,46.0,0.1429,2.0,10.0,2.0,6.0,133.0,85.6,40.0,0.3333,85.9,30.0,69.0,1010.1,0.0,4.8,3.0,177.8,S,4.5,3.66,4.8,night
746366,2024-07-10,2024,MIA,2024-07-10 19:10:00,19,9,1,10,1,21,3,19,258,83.0,5,46,0.1087,0.0526,1.0,7.0,2.0,13.0,138.0,83.9,43.0,0.0769,0.0,14.0,1.0,6.0,120.0,81.7,32.0,0.0,82.0,27.8,82.7,1011.9,0.0,8.6,5.3,174.4,S,8.2,6.85,8.55,night
746367,2024-07-11,2024,MIA,2024-07-11 19:10:00,19,6,3,9,2,17,3,16,273,81.9,5,51,0.098,0.125,0.0,4.0,2.0,5.0,106.0,83.7,38.0,0.0,2.0,13.0,1.0,11.0,167.0,80.7,57.0,0.1818,79.8,26.6,90.3,1012.8,1.8,5.0,3.1,93.7,E,2.21,3.61,0.54,night
746371,2024-07-12,2024,TEX,2024-07-12 19:10:00,19,6,3,9,4,15,6,16,274,83.2,0,50,0.0,0.25,3.0,5.0,3.0,9.0,135.0,82.0,48.0,0.3333,1.0,10.0,3.0,7.0,139.0,84.5,41.0,0.1429,79.9,26.6,86.0,1015.3,0.0,3.5,2.2,211.3,SW,2.05,0.97,2.88,night
746369,2024-07-13,2024,TEX,2024-07-13 15:10:00,15,1,2,3,1,23,10,13,308,82.2,3,48,0.0625,0.0769,0.0,11.0,0.0,9.0,134.0,85.5,54.0,0.0,1.0,12.0,9.0,4.0,174.0,77.9,41.0,0.25,82.1,27.8,81.0,1017.9,0.0,5.3,3.3,79.1,E,1.06,2.76,-0.77,day
746370,2024-07-14,2024,TEX,2024-07-14 13:10:00,13,2,4,6,3,16,6,9,272,82.3,2,48,0.0417,0.3333,1.0,9.0,2.0,6.0,135.0,82.5,49.0,0.1667,2.0,7.0,4.0,3.0,137.0,82.1,39.0,0.6667,84.5,29.2,79.7,1017.5,3.9,5.9,3.6,107.7,E,3.79,5.09,2.03,day
746361,2024-07-26,2024,LAD,2024-07-26 19:10:00,19,5,0,5,2,20,4,17,269,81.1,3,46,0.0652,0.1176,2.0,5.0,2.0,11.0,129.0,79.0,53.0,0.1818,0.0,15.0,2.0,6.0,140.0,83.6,43.0,0.0,76.9,25.0,92.3,1011.0,1.3,7.6,4.7,111.9,E,5.34,6.89,3.16,night
746362,2024-07-27,2024,LAD,2024-07-27 18:10:00,18,7,6,13,3,21,8,19,322,82.2,4,48,0.0833,0.1579,1.0,5.0,2.0,12.0,138.0,84.3,50.0,0.0833,2.0,16.0,6.0,7.0,184.0,79.6,43.0,0.2857,79.9,26.6,81.0,1010.7,0.3,8.9,5.5,131.3,SE,7.99,8.85,6.16,night
746364,2024-07-28,2024,LAD,2024-07-28 13:10:00,13,2,6,8,4,22,10,12,298,83.3,5,43,0.1163,0.3333,1.0,11.0,3.0,4.0,135.0,82.4,43.0,0.25,3.0,11.0,7.0,8.0,163.0,84.1,41.0,0.375,87.4,30.8,70.3,1013.1,0.2,13.7,8.5,166.7,S,13.56,11.99,13.49,day
746360,2024-07-29,2024,PIT,2024-07-29 19:10:00,19,3,5,8,2,19,11,15,293,83.3,5,47,0.1064,0.1333,0.0,8.0,6.0,9.0,147.0,83.4,50.0,0.0,2.0,11.0,5.0,6.0,146.0,83.2,40.0,0.3333,84.4,29.1,79.3,1012.3,0.0,14.6,9.1,162.7,S,14.57,13.24,14.15,night
746365,2024-07-30,2024,PIT,2024-07-30 19:10:00,19,2,6,8,2,21,5,21,292,83.9,3,53,0.0566,0.0952,1.0,7.0,1.0,10.0,121.0,86.0,42.0,0.1,1.0,14.0,4.0,11.0,171.0,82.3,53.0,0.0909,85.0,29.4,76.3,1011.5,0.0,15.1,9.4,174.0,S,14.48,12.14,15.07,night
746363,2024-07-31,2024,PIT,2024-07-31 19:10:00,19,5,4,9,2,16,1,13,243,84.1,4,51,0.0784,0.1538,1.0,5.0,1.0,4.0,108.0,82.6,38.0,0.25,1.0,11.0,0.0,9.0,135.0,85.4,45.0,0.1111,85.0,29.4,79.0,1013.3,0.0,15.1,9.4,158.0,S,15.1,14.14,14.23,night
746354,2024-08-02,2024,TB,2024-08-02 19:10:00,19,3,2,5,1,21,6,15,284,85.1,2,43,0.0465,0.0667,0.0,7.0,1.0,10.0,132.0,84.8,45.0,0.0,1.0,14.0,5.0,5.0,152.0,85.3,38.0,0.2,85.0,29.4,78.3,1012.4,0.0,12.1,7.5,202.0,S,8.61,5.19,10.98,night
746358,2024-08-03,2024,TB,2024-08-03 18:15:00,18,1,6,7,4,19,4,18,274,82.2,3,49,0.0612,0.2222,1.0,7.0,1.0,5.0,120.0,79.8,45.0,0.2,3.0,12.0,3.0,13.0,154.0,84.4,49.0,0.2308,87.3,30.7,67.3,1008.9,1.9,4.1,2.5,43.1,NE,-1.69,-0.31,-2.87,night
746356,2024-08-04,2024,TB,2024-08-04 13:10:00,13,0,1,1,0,27,7,9,270,81.8,3,33,0.0909,0.0,0.0,12.0,3.0,3.0,123.0,83.8,35.0,0.0,0.0,15.0,4.0,6.0,147.0,79.9,38.0,0.0,90.7,32.6,59.7,1009.9,0.0,6.6,4.1,22.0,N,-4.73,-2.86,-6.04,day
746357,2024-08-16,2024,CWS,2024-08-16 19:10:00,19,4,5,9,4,23,7,19,298,82.8,4,48,0.0833,0.2105,2.0,16.0,2.0,8.0,144.0,82.8,41.0,0.25,2.0,7.0,5.0,11.0,154.0,82.8,57.0,0.1818,87.0,30.5,71.7,1011.4,0.0,10.8,6.7,162.7,S,10.79,9.8,10.47,night
746355,2024-08-17,2024,CWS,2024-08-17 18:10:00,18,6,1,7,0,15,6,18,284,78.6,2,50,0.04,0.0,0.0,7.0,2.0,13.0,153.0,80.7,49.0,0.0,0.0,8.0,3.0,5.0,131.0,76.2,45.0,0.0,88.5,31.4,64.3,1010.6,0.0,8.1,5.0,161.9,S,8.08,7.38,7.8,night
746359,2024-08-18,2024,CWS,2024-08-18 13:10:00,13,2,0,2,2,20,6,8,223,81.2,2,36,0.0556,0.25,2.0,7.0,5.0,5.0,119.0,83.5,41.0,0.4,0.0,13.0,1.0,3.0,104.0,77.8,29.0,0.0,93.7,34.3,54.7,1012.9,0.0,3.1,1.9,115.4,SE,2.3,2.87,1.45,day
746351,2024-08-19,2024,BOS,2024-08-19 19:10:00,19,5,4,9,3,23,3,20,273,86.0,2,48,0.0417,0.15,1.0,13.0,2.0,13.0,131.0,88.1,38.0,0.0769,2.0,10.0,1.0,7.0,142.0,84.4,48.0,0.2857,90.5,32.5,60.7,1011.3,0.0,8.3,5.2,198.0,S,6.31,4.09,7.77,night
746349,2024-08-20,2024,BOS,2024-08-20 19:10:00,19,5,6,11,4,14,11,16,305,80.8,8,55,0.1455,0.25,2.0,4.0,3.0,7.0,122.0,82.3,50.0,0.2857,2.0,10.0,8.0,9.0,183.0,79.6,63.0,0.2222,91.1,32.8,57.7,1010.7,0.0,8.9,5.6,202.0,S,6.37,3.85,8.13,night
746350,2024-08-21,2024,BOS,2024-08-21 13:10:00,13,1,4,5,2,19,5,15,290,84.1,2,48,0.0417,0.1333,1.0,9.0,2.0,8.0,144.0,83.5,40.0,0.125,1.0,10.0,3.0,7.0,146.0,84.6,40.0,0.1429,93.4,34.1,59.7,1012.6,0.4,8.2,5.1,145.0,SE,8.01,8.13,6.92,day
746352,2024-08-29,2024,KC,2024-08-29 19:10:00,19,6,3,9,0,16,6,12,285,80.0,1,47,0.0213,0.0,0.0,9.0,3.0,8.0,149.0,80.5,39.0,0.0,0.0,7.0,2.0,4.0,136.0,79.7,47.0,0.0,78.3,25.7,89.0,1011.5,0.2,10.5,6.5,93.3,E,4.56,7.52,1.05,night
746353,2024-08-30,2024,KC,2024-08-30 19:10:00,19,3,2,5,2,19,4,12,247,84.5,4,46,0.087,0.1667,1.0,10.0,1.0,10.0,118.0,83.7,43.0,0.1,1.0,9.0,3.0,2.0,129.0,85.4,39.0,0.5,79.6,26.4,83.7,1010.1,0.0,15.1,9.4,56.0,NE,-3.02,2.24,-7.91,night
746348,2024-08-31,2024,KC,2024-08-31 18:10:00,18,5,2,7,1,24,2,12,271,81.8,2,39,0.0513,0.0833,0.0,11.0,2.0,5.0,140.0,81.3,46.0,0.0,1.0,13.0,0.0,7.0,131.0,82.4,41.0,0.1429,80.7,27.1,82.3,1008.3,0.4,15.4,9.6,63.7,NE,-1.03,4.3,-6.24,night
746347,2024-09-01,2024,KC,2024-09-01 13:10:00,13,7,2,9,4,15,7,16,300,82.7,4,50,0.08,0.25,3.0,9.0,2.0,9.0,133.0,81.2,45.0,0.3333,1.0,6.0,5.0,7.0,167.0,83.9,60.0,0.1429,85.2,29.6,76.0,1009.7,0.8,16.8,10.4,58.7,NE,-2.58,3.25,-8.1,day
746343,2024-09-06,2024,AZ,2024-09-06 19:10:00,19,8,0,8,2,16,7,14,272,82.0,4,46,0.087,0.1429,2.0,8.0,3.0,12.0,152.0,82.4,53.0,0.1667,0.0,8.0,4.0,2.0,120.0,81.5,35.0,0.0,79.2,26.2,79.7,1009.3,0.0,17.6,11.0,29.0,NE,-10.98,-5.6,-15.03,night
746344,2024-09-07,2024,AZ,2024-09-07 15:10:00,15,11,5,16,4,17,4,23,318,82.9,5,58,0.0862,0.1739,2.0,6.0,3.0,13.0,156.0,84.2,49.0,0.1538,2.0,11.0,1.0,10.0,162.0,81.9,55.0,0.2,85.7,29.8,53.7,1008.6,0.0,24.9,15.5,26.7,NE,-16.26,-8.84,-21.71,day
746345,2024-09-08,2024,AZ,2024-09-08 18:10:00,18,6,12,18,5,18,6,27,348,82.4,3,61,0.0492,0.1852,1.0,12.0,2.0,12.0,157.0,80.7,49.0,0.0833,4.0,6.0,4.0,15.0,191.0,83.8,60.0,0.2667,79.6,26.5,59.3,1011.1,0.0,14.9,9.2,42.7,NE,-6.24,-1.25,-10.48,night
746346,2024-09-10,2024,ATH,2024-09-10 19:10:00,19,3,4,7,1,21,5,19,315,80.6,4,69,0.058,0.0526,0.0,7.0,3.0,10.0,159.0,82.1,65.0,0.0,1.0,14.0,2.0,9.0,156.0,78.6,50.0,0.1111,77.1,25.0,89.7,1007.0,1.3,13.7,8.5,39.6,NE,-6.4,-1.88,-10.14,night
746342,2024-09-11,2024,ATH,2024-09-11 19:10:00,19,4,5,9,1,13,3,19,255,83.2,1,60,0.0167,0.0526,0.0,3.0,1.0,9.0,113.0,82.3,53.0,0.0,1.0,10.0,2.0,10.0,142.0,84.2,43.0,0.1,76.7,24.8,89.3,1004.1,0.4,9.1,5.7,9.8,N,-7.72,-5.59,-8.92,night
746337,2024-09-12,2024,ATH,2024-09-12 13:10:00,13,6,3,9,3,12,3,19,242,83.1,4,58,0.069,0.1579,1.0,2.0,0.0,12.0,106.0,84.2,42.0,0.0833,2.0,10.0,2.0,7.0,136.0,82.1,45.0,0.2857,84.0,28.9,63.7,1005.6,0.0,16.3,10.1,289.3,W,-10.89,-14.4,-6.07,day
746341,2024-09-19,2024,LAA,2024-09-19 19:10:00,19,3,1,4,1,17,7,12,282,81.5,3,46,0.0652,0.0833,0.0,6.0,4.0,6.0,152.0,81.0,57.0,0.0,1.0,11.0,1.0,6.0,130.0,82.3,36.0,0.1667,82.8,28.2,78.7,1007.7,0.0,11.4,7.1,159.0,S,11.36,10.58,10.78,night
746340,2024-09-20,2024,LAA,2024-09-20 19:10:00,19,9,7,16,4,18,2,27,310,83.0,3,60,0.05,0.1481,3.0,6.0,1.0,14.0,154.0,81.7,63.0,0.2143,1.0,12.0,1.0,13.0,156.0,84.7,50.0,0.0769,84.1,29.0,70.0,1007.4,0.0,11.2,6.9,152.3,SE,11.12,10.79,10.11,night
746338,2024-09-21,2024,LAA,2024-09-21 18:10:00,18,10,4,14,4,20,8,30,339,82.6,8,58,0.1379,0.1333,3.0,4.0,6.0,20.0,181.0,83.8,67.0,0.15,1.0,16.0,2.0,10.0,158.0,80.7,44.0,0.1,84.0,28.9,72.0,1008.1,0.0,14.2,8.8,130.3,SE,12.66,14.12,9.68,night
746339,2024-09-22,2024,LAA,2024-09-22 13:10:00,13,8,9,17,4,14,8,24,314,81.6,3,61,0.0492,0.1667,2.0,6.0,4.0,12.0,175.0,82.1,63.0,0.1667,2.0,8.0,2.0,12.0,139.0,81.0,51.0,0.1667,87.4,30.8,63.3,1009.4,0.3,12.2,7.6,138.3,SE,11.49,12.17,9.43,day
746334,2024-09-23,2024,SEA,2024-09-23 19:10:00,19,1,6,7,1,14,6,17,276,81.6,4,55,0.0727,0.0588,1.0,5.0,2.0,4.0,122.0,84.2,43.0,0.25,0.0,9.0,4.0,13.0,154.0,79.7,57.0,0.0,81.3,27.4,76.7,1007.9,0.0,8.2,5.1,158.8,S,8.2,7.64,7.77,night
746336,2024-09-24,2024,SEA,2024-09-24 19:10:00,19,4,3,7,4,16,4,15,255,83.1,5,49,0.102,0.2667,3.0,8.0,1.0,6.0,123.0,82.9,32.0,0.5,1.0,8.0,3.0,9.0,132.0,83.3,38.0,0.1111,81.4,27.5,81.0,1007.4,0.0,5.5,3.4,96.5,E,2.67,4.15,0.86,night
746331,2024-09-25,2024,SEA,2024-09-25 13:10:00,13,1,8,9,2,21,3,12,293,81.6,4,50,0.08,0.1667,0.0,8.0,2.0,4.0,132.0,81.0,50.0,0.0,2.0,13.0,1.0,8.0,161.0,82.1,51.0,0.25,91.5,33.1,49.3,1006.2,0.0,4.9,3.0,342.0,N,-4.88,-4.46,-4.72,day
778559,2025-03-27,2025,NYM,2025-03-27 15:10:00,15,3,1,4,0,14,11,13,288,82.8,2,47,0.0426,0.0,0.0,7.0,5.0,7.0,137.0,82.1,45.0,0.0,0.0,7.0,6.0,6.0,151.0,83.4,48.0,0.0,66.8,19.3,85.3,1014.7,5.7,17.5,10.9,88.7,E,6.32,11.52,0.36,day
778530,2025-03-29,2025,NYM,2025-03-29 18:15:00,18,2,1,3,1,15,8,6,254,84.8,3,40,0.075,0.1667,1.0,6.0,4.0,5.0,120.0,83.7,38.0,0.2,0.0,9.0,4.0,1.0,134.0,86.0,35.0,0.0,74.7,23.7,85.7,1004.8,0.0,13.4,8.3,124.7,SE,11.23,13.03,8.07,night
778505,2025-03-31,2025,SF,2025-03-31 19:10:00,19,2,7,9,1,20,8,12,291,80.1,0,46,0.0,0.0833,0.0,10.0,3.0,3.0,125.0,80.9,39.0,0.0,1.0,10.0,5.0,9.0,166.0,79.5,49.0,0.1111,76.4,24.7,78.7,1007.6,0.0,2.8,1.7,357.9,N,-2.62,-2.13,-2.8,night
778489,2025-04-01,2025,SF,2025-04-01 19:10:00,19,1,3,4,2,20,4,11,276,85.3,5,43,0.1163,0.1818,1.0,7.0,0.0,7.0,130.0,86.2,46.0,0.1429,1.0,13.0,4.0,4.0,146.0,84.4,52.0,0.25,75.3,24.1,86.7,1001.8,0.0,16.4,10.2,156.0,SE,16.39,15.55,15.26,night
778475,2025-04-02,2025,SF,2025-04-02 15:10:00,15,3,6,9,3,30,10,13,288,82.5,2,37,0.0541,0.2308,0.0,14.0,5.0,7.0,140.0,81.0,33.0,0.0,3.0,16.0,5.0,6.0,148.0,83.7,43.0,0.5,84.5,29.2,63.7,1000.0,0.0,28.4,17.6,184.0,S,25.39,19.53,28.18,day
778368,2025-04-11,2025,LAA,2025-04-11 19:10:00,19,14,3,17,4,13,10,25,321,79.9,5,60,0.0833,0.16,3.0,3.0,8.0,17.0,172.0,82.7,59.0,0.1765,1.0,10.0,2.0,8.0,149.0,76.9,54.0,0.125,80.7,27.0,17.3,1016.8,0.0,10.6,6.6,10.3,N,-8.91,-6.4,-10.34,night
778351,2025-04-12,2025,LAA,2025-04-12 18:10:00,18,1,4,5,3,20,6,11,281,81.8,3,45,0.0667,0.2727,1.0,10.0,4.0,3.0,137.0,79.9,44.0,0.3333,2.0,10.0,2.0,8.0,144.0,83.7,45.0,0.25,77.5,25.3,46.0,1014.8,0.0,14.8,9.2,145.3,SE,14.43,14.63,12.5,night
778329,2025-04-13,2025,LAA,2025-04-13 13:10:00,13,7,3,10,4,19,5,15,291,80.2,4,45,0.0889,0.2667,1.0,3.0,5.0,6.0,151.0,78.5,52.0,0.1667,3.0,16.0,0.0,9.0,140.0,82.4,42.0,0.3333,86.7,30.4,37.7,1013.8,0.0,18.3,11.4,182.3,S,16.58,12.95,18.2,day
778269,2025-04-18,2025,SD,2025-04-18 19:10:00,19,6,4,10,3,11,2,24,243,83.5,3,61,0.0492,0.125,2.0,4.0,1.0,12.0,120.0,80.7,48.0,0.1667,1.0,7.0,1.0,12.0,123.0,86.3,47.0,0.0833,77.8,25.5,78.0,1010.9,0.2,19.7,12.2,155.0,SE,19.68,18.79,18.2,night
778259,2025-04-19,2025,SD,2025-04-19 18:10:00,18,3,2,5,2,13,5,14,268,82.1,5,52,0.0962,0.1429,1.0,7.0,3.0,7.0,132.0,84.5,48.0,0.1429,1.0,6.0,2.0,7.0,136.0,79.5,43.0,0.1429,77.3,25.2,75.7,1011.5,0.1,20.7,12.9,141.0,SE,19.85,20.66,16.64,night
778237,2025-04-20,2025,SD,2025-04-20 18:10:00,18,2,3,5,1,15,5,17,276,82.4,3,54,0.0556,0.0588,0.0,11.0,1.0,7.0,145.0,80.6,53.0,0.0,1.0,4.0,4.0,10.0,131.0,84.2,56.0,0.1,76.2,24.6,79.7,1011.0,5.9,15.6,9.7,181.4,S,14.3,11.27,15.6,night
778231,2025-04-21,2025,TOR,2025-04-21 19:10:00,19,7,0,7,0,20,5,12,266,84.7,4,41,0.0976,0.0,0.0,9.0,3.0,10.0,138.0,85.7,35.0,0.0,0.0,11.0,1.0,2.0,128.0,83.7,38.0,0.0,74.6,23.7,83.3,1012.0,0.8,8.1,5.1,120.6,SE,6.5,7.78,4.44,night
778217,2025-04-22,2025,TOR,2025-04-22 19:10:00,19,5,1,6,2,15,4,12,261,79.2,3,47,0.0638,0.1667,1.0,8.0,2.0,10.0,140.0,80.8,48.0,0.1,1.0,7.0,2.0,2.0,121.0,77.3,40.0,0.5,72.9,22.7,88.3,1010.4,0.0,7.7,4.8,135.7,SE,7.15,7.7,5.74,night
778200,2025-04-23,2025,TOR,2025-04-23 18:40:00,18,3,1,4,1,15,3,18,263,78.7,2,53,0.0377,0.0556,1.0,6.0,1.0,13.0,137.0,76.9,58.0,0.0769,0.0,9.0,2.0,5.0,126.0,81.2,44.0,0.0,72.9,22.7,90.7,1011.0,9.8,5.9,3.7,86.1,E,1.9,3.7,-0.14,night
778142,2025-04-28,2025,DET,2025-04-28 19:10:00,19,8,5,13,5,17,6,15,275,79.9,6,48,0.125,0.3333,2.0,5.0,2.0,10.0,130.0,79.7,48.0,0.2,3.0,12.0,4.0,5.0,145.0,80.1,40.0,0.6,76.5,24.7,81.3,1012.7,0.0,16.2,10.1,147.7,SE,15.96,15.95,14.05,night
778124,2025-04-29,2025,DET,2025-04-29 19:10:00,19,6,4,10,2,21,8,18,322,84.2,6,46,0.1304,0.1111,0.0,8.0,5.0,10.0,160.0,86.3,45.0,0.0,2.0,13.0,3.0,8.0,162.0,82.3,51.0,0.25,76.4,24.7,78.7,1011.6,0.0,13.4,8.3,146.0,SE,13.13,13.25,11.43,night
778110,2025-04-30,2025,DET,2025-04-30 13:10:00,13,4,7,11,4,17,8,20,322,82.4,6,56,0.1071,0.2,2.0,10.0,7.0,9.0,164.0,81.7,43.0,0.2222,2.0,7.0,1.0,11.0,158.0,82.9,59.0,0.1818,83.5,28.6,59.0,1008.4,0.5,27.8,17.3,169.0,S,27.24,23.7,27.49,day
777989,2025-05-09,2025,CIN,2025-05-09 19:10:00,19,3,0,3,0,22,6,17,265,78.4,2,44,0.0455,0.0,0.0,7.0,1.0,13.0,117.0,79.8,46.0,0.0,0.0,15.0,5.0,4.0,148.0,76.5,33.0,0.0,74.1,23.4,61.3,1010.9,0.0,9.1,5.7,328.3,NW,-9.02,-8.97,-7.98,night
777979,2025-05-10,2025,CIN,2025-05-10 18:10:00,18,9,13,22,3,21,16,26,388,81.8,4,56,0.0714,0.1154,1.0,10.0,7.0,14.0,188.0,80.6,57.0,0.0714,2.0,11.0,9.0,12.0,200.0,83.4,41.0,0.1667,74.6,23.7,55.7,1011.4,0.3,10.3,6.4,352.0,N,-10.0,-8.51,-10.29,night
777963,2025-05-11,2025,CIN,2025-05-11 13:10:00,13,6,0,6,1,22,9,11,299,79.3,1,40,0.025,0.0909,1.0,10.0,7.0,9.0,177.0,82.1,46.0,0.1111,0.0,12.0,2.0,2.0,122.0,75.5,34.0,0.0,73.8,23.2,44.7,1012.1,0.0,14.7,9.1,306.7,NW,-12.59,-14.41,-9.26,day
777948,2025-05-12,2025,KC,2025-05-12 19:10:00,19,5,7,12,1,11,6,22,288,82.2,2,65,0.0308,0.0455,0.0,7.0,3.0,11.0,136.0,79.5,48.0,0.0,1.0,4.0,3.0,11.0,152.0,84.4,57.0,0.0909,77.9,25.5,62.3,1006.9,0.0,3.5,2.2,135.3,SE,3.21,3.46,2.57,night
777931,2025-05-13,2025,KC,2025-05-13 19:10:00,19,2,1,3,2,18,2,13,207,85.4,3,41,0.0732,0.1538,2.0,10.0,1.0,7.0,107.0,82.3,33.0,0.2857,0.0,8.0,1.0,6.0,100.0,88.7,31.0,0.0,81.1,27.3,64.3,1003.5,0.0,17.1,10.6,180.3,S,15.73,12.52,17.05,night
777920,2025-05-14,2025,KC,2025-05-14 19:10:00,19,4,3,7,2,16,6,16,263,79.8,4,48,0.0833,0.125,1.0,6.0,2.0,8.0,97.0,81.0,42.0,0.125,1.0,10.0,3.0,8.0,166.0,79.0,61.0,0.125,82.0,27.8,66.0,1003.1,0.0,15.6,9.7,174.0,S,14.96,12.54,15.57,night
777822,2025-05-22,2025,SEA,2025-05-22 19:10:00,19,9,2,11,3,21,6,23,322,85.0,3,52,0.0577,0.1304,2.0,6.0,2.0,13.0,154.0,86.1,57.0,0.1538,1.0,15.0,4.0,10.0,168.0,83.6,47.0,0.1,80.8,27.1,83.7,1011.1,0.0,9.2,5.7,134.0,SE,8.44,9.18,6.67,night
777800,2025-05-23,2025,SEA,2025-05-23 19:10:00,19,3,5,8,4,13,6,21,274,85.2,3,58,0.0517,0.1905,1.0,3.0,1.0,11.0,129.0,83.9,51.0,0.0909,3.0,10.0,5.0,10.0,145.0,86.8,44.0,0.3,80.1,26.7,86.3,1010.7,0.0,9.4,5.9,156.0,SE,9.43,8.95,8.77,night
777787,2025-05-24,2025,SEA,2025-05-24 15:10:00,15,2,1,3,0,16,5,17,265,82.9,3,48,0.0625,0.0,0.0,5.0,0.0,12.0,115.0,84.1,44.0,0.0,0.0,11.0,5.0,5.0,150.0,81.3,36.0,0.0,85.7,29.8,71.0,1010.6,0.3,16.2,10.1,170.0,S,15.82,13.66,16.06,day
777774,2025-05-25,2025,SEA,2025-05-25 13:10:00,13,5,3,8,1,18,5,24,314,83.4,1,56,0.0179,0.0417,1.0,8.0,3.0,13.0,168.0,80.8,56.0,0.0769,0.0,10.0,1.0,11.0,146.0,86.2,49.0,0.0,89.0,31.7,59.7,1011.7,0.7,18.2,11.3,174.3,S,17.45,14.59,18.21,day
777752,2025-05-27,2025,ATH,2025-05-27 19:10:00,19,11,1,12,5,17,2,20,290,83.4,5,51,0.098,0.25,4.0,7.0,2.0,13.0,176.0,84.0,71.0,0.3077,1.0,10.0,0.0,7.0,114.0,82.5,39.0,0.1429,79.5,26.4,82.7,1011.9,0.2,3.4,2.1,260.3,W,-0.75,-1.82,0.42,night
777734,2025-05-28,2025,ATH,2025-05-28 13:10:00,13,5,3,8,2,23,7,13,294,82.9,3,42,0.0714,0.1538,1.0,5.0,4.0,7.0,132.0,84.0,51.0,0.1429,1.0,18.0,3.0,6.0,162.0,81.3,37.0,0.1667,76.0,24.5,86.3,1013.9,2.7,10.0,6.2,109.4,E,6.66,8.79,3.72,day
777725,2025-05-29,2025,TB,2025-05-29 19:10:00,19,3,13,16,3,18,6,22,335,85.1,8,58,0.1379,0.1364,2.0,7.0,0.0,8.0,131.0,86.8,42.0,0.25,1.0,11.0,6.0,14.0,204.0,84.0,63.0,0.0714,83.3,28.5,73.3,1010.9,0.0,5.7,3.5,130.3,SE,5.07,5.65,3.87,night
777714,2025-05-30,2025,TB,2025-05-30 19:10:00,19,2,1,3,2,17,2,10,207,84.1,3,42,0.0714,0.2,1.0,8.0,1.0,7.0,123.0,85.7,43.0,0.1429,1.0,9.0,1.0,3.0,84.0,81.5,28.0,0.3333,79.9,26.6,80.7,1011.1,0.2,6.9,4.3,24.0,NE,-4.73,-2.74,-6.14,night
777693,2025-05-31,2025,TB,2025-05-31 15:10:00,15,3,16,19,7,18,5,28,293,85.8,7,61,0.1148,0.25,2.0,6.0,1.0,10.0,117.0,85.7,52.0,0.2,5.0,12.0,3.0,18.0,176.0,85.9,62.0,0.2778,88.0,31.1,47.3,1010.0,0.0,3.9,2.4,289.7,W,-2.64,-3.48,-1.48,day
777690,2025-06-01,2025,TB,2025-06-01 13:10:00,13,1,0,1,0,20,8,6,260,80.9,1,36,0.0278,0.0,0.0,11.0,3.0,4.0,119.0,81.4,36.0,0.0,0.0,9.0,5.0,2.0,141.0,80.3,35.0,0.0,87.5,30.8,61.3,1009.8,0.2,1.6,1.0,358.8,N,-1.49,-1.2,-1.6,day
777567,2025-06-10,2025,CWS,2025-06-10 19:10:00,19,2,4,6,1,19,11,13,289,84.5,2,44,0.0455,0.0769,0.0,6.0,3.0,9.0,132.0,86.0,51.0,0.0,1.0,13.0,8.0,4.0,157.0,82.5,37.0,0.25,81.4,27.4,77.0,1010.7,0.4,10.3,6.4,108.1,E,6.7,8.97,3.62,night
777550,2025-06-11,2025,CWS,2025-06-11 19:10:00,19,10,2,12,1,21,4,23,276,83.6,4,50,0.08,0.0435,1.0,9.0,3.0,15.0,144.0,82.2,55.0,0.0667,0.0,12.0,1.0,8.0,132.0,85.5,42.0,0.0,75.4,24.1,92.3,1011.7,5.5,8.9,5.5,130.3,SE,7.91,8.83,6.04,night
777546,2025-06-12,2025,CWS,2025-06-12 19:10:00,19,4,3,7,2,22,3,20,284,83.9,5,48,0.1042,0.1,1.0,6.0,2.0,10.0,126.0,84.5,45.0,0.1,1.0,16.0,1.0,10.0,158.0,83.4,49.0,0.1,78.6,25.9,80.7,1008.4,0.0,6.5,4.0,111.4,E,4.48,5.81,2.62,night
777527,2025-06-13,2025,MIN,2025-06-13 19:10:00,19,10,3,13,4,17,4,22,275,83.8,7,53,0.1321,0.1818,1.0,9.0,3.0,14.0,137.0,83.7,43.0,0.0714,3.0,8.0,1.0,8.0,138.0,83.8,53.0,0.375,78.9,26.0,87.0,1009.9,2.4,6.7,4.2,162.8,S,6.7,6.09,6.51,night
777510,2025-06-14,2025,MIN,2025-06-14 15:10:00,15,3,2,5,2,27,6,7,262,83.4,4,33,0.1212,0.2857,1.0,10.0,4.0,4.0,126.0,84.7,40.0,0.25,1.0,17.0,2.0,3.0,136.0,81.8,30.0,0.3333,86.2,30.1,72.7,1012.2,0.2,7.5,4.7,187.7,S,6.49,4.81,7.38,day
777494,2025-06-15,2025,MIN,2025-06-15 13:10:00,13,2,1,3,1,20,2,12,252,79.8,1,49,0.0204,0.0833,0.0,8.0,2.0,4.0,118.0,79.8,41.0,0.0,1.0,12.0,0.0,8.0,134.0,79.7,47.0,0.125,83.5,28.6,77.3,1013.6,2.9,5.8,3.6,192.3,S,4.74,3.33,5.58,day
777377,2025-06-24,2025,PHI,2025-06-24 19:10:00,19,1,0,1,1,14,6,9,225,81.6,4,44,0.0909,0.1111,1.0,8.0,2.0,5.0,107.0,77.3,39.0,0.2,0.0,6.0,4.0,4.0,118.0,86.2,37.0,0.0,81.4,27.4,77.0,1015.9,0.0,9.5,5.9,102.7,E,5.47,7.8,2.48,night
777366,2025-06-25,2025,PHI,2025-06-25 19:10:00,19,2,0,2,1,20,4,11,267,80.6,2,42,0.0476,0.0909,1.0,10.0,4.0,4.0,125.0,80.9,38.0,0.25,0.0,10.0,0.0,7.0,142.0,80.4,63.0,0.0,80.4,26.9,80.3,1014.3,0.0,7.3,4.5,147.0,SE,7.18,7.2,6.29,night
777350,2025-06-26,2025,PHI,2025-06-26 13:10:00,13,2,1,3,0,25,1,11,265,81.4,0,36,0.0,0.0,0.0,11.0,0.0,7.0,125.0,84.5,39.0,0.0,0.0,14.0,1.0,4.0,140.0,78.2,38.0,0.0,87.2,30.7,64.0,1014.0,1.2,9.3,5.8,149.1,SE,9.2,9.11,8.18,day
777336,2025-06-27,2025,CHC,2025-06-27 19:10:00,19,7,4,11,3,12,7,18,272,84.2,7,56,0.125,0.1667,2.0,3.0,5.0,10.0,130.0,85.4,47.0,0.2,1.0,9.0,2.0,8.0,142.0,83.2,52.0,0.125,83.9,28.8,74.3,1013.0,0.0,8.6,5.4,139.0,SE,8.19,8.63,6.76,night
777320,2025-06-28,2025,CHC,2025-06-28 18:15:00,18,3,12,15,6,10,4,22,295,83.3,6,64,0.0938,0.2727,2.0,5.0,0.0,7.0,135.0,81.0,58.0,0.2857,4.0,5.0,4.0,15.0,160.0,85.9,51.0,0.2667,86.5,30.3,63.7,1012.3,0.0,12.3,7.7,145.7,SE,12.07,12.21,10.48,night
777308,2025-06-29,2025,CHC,2025-06-29 13:10:00,13,2,0,2,1,17,3,12,276,80.8,1,47,0.0213,0.0833,1.0,6.0,1.0,7.0,150.0,81.5,61.0,0.1429,0.0,11.0,2.0,5.0,126.0,79.7,37.0,0.0,83.2,28.4,75.3,1014.1,0.9,13.9,8.6,162.8,S,13.84,12.56,13.45,day
777202,2025-07-07,2025,CLE,2025-07-07 19:10:00,19,5,7,12,5,9,4,15,273,80.7,5,60,0.0833,0.3333,3.0,4.0,2.0,5.0,134.0,82.8,47.0,0.6,2.0,5.0,2.0,10.0,139.0,78.9,52.0,0.2,80.9,27.2,81.3,1013.8,0.2,5.1,3.2,132.4,SE,4.62,5.08,3.6,night
777192,2025-07-08,2025,CLE,2025-07-08 19:10:00,19,6,10,16,3,21,12,19,363,84.8,4,57,0.0702,0.1579,0.0,15.0,6.0,11.0,205.0,84.6,54.0,0.0,3.0,6.0,4.0,8.0,158.0,85.0,46.0,0.375,74.5,23.6,94.3,1015.9,5.5,6.9,4.3,168.5,S,6.81,5.94,6.85,night
777174,2025-07-09,2025,CLE,2025-07-09 19:10:00,19,2,4,6,2,18,3,12,252,80.2,0,46,0.0,0.1667,0.0,11.0,2.0,6.0,117.0,81.4,33.0,0.0,2.0,7.0,1.0,6.0,135.0,79.2,43.0,0.3333,81.4,27.4,81.3,1013.9,0.0,3.9,2.4,187.3,S,3.41,2.54,3.88,night
777154,2025-07-11,2025,TEX,2025-07-11 19:10:00,19,3,7,10,3,22,8,21,325,82.6,2,49,0.0408,0.1429,1.0,10.0,4.0,8.0,142.0,81.0,44.0,0.125,2.0,12.0,4.0,13.0,183.0,83.8,59.0,0.1538,82.2,27.9,80.0,1012.4,0.0,9.5,5.9,151.0,SE,9.47,9.27,8.53,night
777137,2025-07-12,2025,TEX,2025-07-12 18:35:00,18,5,4,9,5,30,4,15,334,81.2,3,49,0.0612,0.3333,3.0,11.0,4.0,7.0,156.0,80.9,45.0,0.4286,2.0,19.0,0.0,8.0,178.0,81.4,57.0,0.25,82.5,28.0,78.7,1012.7,0.2,9.1,5.7,151.0,SE,9.04,8.85,8.14,night
777125,2025-07-13,2025,TEX,2025-07-13 13:10:00,13,1,5,6,3,19,4,14,256,76.9,1,46,0.0217,0.2143,1.0,9.0,1.0,6.0,123.0,76.0,44.0,0.1667,2.0,10.0,3.0,8.0,133.0,77.9,41.0,0.25,88.3,31.3,67.3,1014.2,0.2,9.7,6.0,170.7,S,9.45,8.12,9.63,day
777025,2025-07-24,2025,ATH,2025-07-24 19:10:00,19,2,5,7,1,14,4,18,264,81.6,2,54,0.037,0.0556,0.0,9.0,1.0,6.0,127.0,79.8,43.0,0.0,1.0,5.0,3.0,12.0,137.0,83.2,49.0,0.0833,91.5,33.1,51.0,1011.0,0.0,9.9,6.1,158.4,S,9.87,9.22,9.32,night
777007,2025-07-25,2025,ATH,2025-07-25 19:10:00,19,3,15,18,7,20,8,22,337,84.8,8,53,0.1509,0.3182,1.0,8.0,2.0,6.0,142.0,80.5,44.0,0.1667,6.0,12.0,6.0,16.0,195.0,87.9,61.0,0.375,79.8,26.5,87.0,1010.0,2.9,5.9,3.7,195.4,S,4.65,3.13,5.61,night
776991,2025-07-26,2025,ATH,2025-07-26 18:10:00,18,1,5,6,2,20,9,11,320,82.1,5,44,0.1136,0.1818,0.0,10.0,5.0,4.0,153.0,81.5,48.0,0.0,2.0,10.0,4.0,7.0,167.0,82.8,46.0,0.2857,85.5,29.7,69.0,1012.8,0.0,10.6,6.6,161.4,S,10.61,9.72,10.21,night
776976,2025-07-27,2025,ATH,2025-07-27 13:10:00,13,1,7,8,2,14,1,18,292,79.8,3,58,0.0517,0.1111,0.0,5.0,1.0,7.0,131.0,80.0,46.0,0.0,2.0,9.0,0.0,11.0,161.0,79.6,58.0,0.1818,85.8,29.9,72.7,1017.9,2.7,9.1,5.7,132.3,SE,8.27,9.1,6.44,day
776969,2025-07-28,2025,WSH,2025-07-28 19:10:00,19,1,2,3,1,26,6,8,254,83.1,1,35,0.0286,0.125,0.0,7.0,2.0,4.0,107.0,83.0,35.0,0.0,1.0,19.0,4.0,4.0,147.0,83.1,25.0,0.25,88.8,31.6,58.7,1016.7,0.0,8.6,5.4,174.7,S,8.25,6.88,8.62,night
776950,2025-07-29,2025,WSH,2025-07-29 19:10:00,19,7,4,11,2,21,6,23,321,79.4,1,52,0.0192,0.087,1.0,7.0,3.0,13.0,161.0,78.1,64.0,0.0769,1.0,14.0,3.0,10.0,160.0,81.3,44.0,0.1,93.7,34.3,40.3,1014.0,0.0,6.2,3.8,115.4,SE,4.58,5.71,2.89,night
776937,2025-07-30,2025,WSH,2025-07-30 13:10:00,13,9,1,10,3,16,6,15,307,81.2,2,48,0.0417,0.2,3.0,7.0,2.0,10.0,143.0,82.6,50.0,0.3,0.0,9.0,4.0,5.0,164.0,79.8,52.0,0.0,97.4,36.3,37.0,1013.1,0.0,2.2,1.3,287.7,W,-1.4,-1.88,-0.75,day
776782,2025-08-11,2025,BOS,2025-08-11 19:10:00,19,7,6,13,5,15,4,20,278,83.8,5,53,0.0943,0.25,2.0,7.0,2.0,10.0,130.0,83.6,53.0,0.2,3.0,8.0,2.0,10.0,148.0,84.1,50.0,0.3,84.7,29.3,71.3,1010.1,0.0,5.8,3.6,85.5,E,1.8,3.59,-0.2,night
776769,2025-08-12,2025,BOS,2025-08-12 19:10:00,19,1,14,15,3,15,10,22,328,84.1,5,61,0.082,0.1364,0.0,10.0,2.0,9.0,134.0,81.0,44.0,0.0,3.0,5.0,8.0,13.0,194.0,86.3,61.0,0.2308,86.0,30.0,68.7,1009.8,0.1,3.9,2.4,326.0,NW,-3.85,-3.89,-3.35,night
776753,2025-08-13,2025,BOS,2025-08-13 18:10:00,18,4,1,5,2,12,7,12,252,80.0,3,49,0.0612,0.1667,2.0,3.0,4.0,4.0,119.0,79.4,38.0,0.5,0.0,9.0,3.0,8.0,133.0,80.7,35.0,0.0,87.8,31.0,64.0,1009.2,0.8,7.2,4.5,187.0,S,6.27,4.68,7.1,night
776733,2025-08-15,2025,BAL,2025-08-15 19:10:00,19,0,7,7,2,14,1,14,244,85.8,3,54,0.0556,0.1429,0.0,7.0,0.0,1.0,103.0,81.0,39.0,0.0,2.0,7.0,1.0,13.0,141.0,90.3,41.0,0.1538,84.3,29.1,75.0,1014.1,0.0,9.9,6.1,141.0,SE,9.46,9.85,7.93,night
776722,2025-08-16,2025,BAL,2025-08-16 18:10:00,18,5,4,9,3,30,11,15,362,81.8,3,53,0.0566,0.2,1.0,16.0,5.0,8.0,200.0,79.0,57.0,0.125,2.0,14.0,2.0,7.0,162.0,85.3,44.0,0.2857,87.2,30.7,70.0,1012.5,0.0,7.5,4.7,133.3,SE,6.84,7.48,5.38,night
776705,2025-08-17,2025,BAL,2025-08-17 13:10:00,13,0,12,12,1,16,6,20,333,83.3,1,56,0.0179,0.05,0.0,12.0,1.0,6.0,144.0,79.6,43.0,0.0,1.0,4.0,5.0,14.0,189.0,85.8,64.0,0.0714,94.0,34.5,48.0,1012.8,0.0,2.6,1.6,133.7,SE,2.35,2.56,1.85,day
776587,2025-08-26,2025,COL,2025-08-26 19:10:00,19,1,6,7,2,18,7,12,273,81.2,4,47,0.0851,0.1667,1.0,7.0,6.0,6.0,150.0,82.1,58.0,0.1667,1.0,11.0,1.0,6.0,123.0,79.7,33.0,0.1667,82.8,28.2,76.3,1015.1,0.1,5.0,3.1,141.2,SE,4.77,4.96,4.0,night
776571,2025-08-27,2025,COL,2025-08-27 19:10:00,19,4,0,4,2,19,6,11,259,80.3,1,40,0.025,0.1818,2.0,10.0,4.0,7.0,136.0,79.5,39.0,0.2857,0.0,9.0,2.0,4.0,123.0,81.1,36.0,0.0,83.0,28.3,77.7,1014.7,0.0,7.3,4.5,119.7,SE,5.77,6.95,3.89,night
776555,2025-08-28,2025,COL,2025-08-28 13:10:00,13,4,3,7,5,20,6,17,264,82.5,2,46,0.0435,0.2941,3.0,7.0,2.0,9.0,119.0,82.6,40.0,0.3333,2.0,13.0,4.0,8.0,145.0,82.4,41.0,0.25,90.6,32.6,56.0,1013.3,0.1,7.0,4.3,198.0,S,5.32,3.44,6.56,day
776543,2025-08-29,2025,LAA,2025-08-29 19:10:00,19,2,0,2,0,14,12,11,287,83.2,5,48,0.1042,0.0,0.0,3.0,6.0,9.0,145.0,82.9,55.0,0.0,0.0,11.0,6.0,2.0,142.0,83.7,35.0,0.0,83.7,28.7,79.7,1009.7,0.6,5.7,3.5,142.0,SE,5.49,5.68,4.64,night
776531,2025-08-30,2025,LAA,2025-08-30 18:10:00,18,1,4,5,1,19,9,13,280,79.0,5,46,0.1087,0.0769,0.0,5.0,2.0,7.0,120.0,84.1,47.0,0.0,1.0,14.0,7.0,6.0,160.0,72.3,36.0,0.1667,82.2,27.9,81.0,1009.8,0.2,7.8,4.8,108.5,E,5.12,6.82,2.8,night
776510,2025-08-31,2025,LAA,2025-08-31 13:10:00,13,0,3,3,1,19,8,8,277,80.8,5,42,0.119,0.125,0.0,10.0,3.0,2.0,118.0,85.0,24.0,0.0,1.0,9.0,5.0,6.0,159.0,78.6,45.0,0.1667,85.9,30.0,69.0,1012.2,0.1,6.6,4.1,353.7,N,-6.31,-5.3,-6.55,day
776499,2025-09-01,2025,LAA,2025-09-01 13:10:00,13,8,3,11,4,19,5,19,293,83.8,6,50,0.12,0.2105,2.0,9.0,4.0,12.0,159.0,83.8,58.0,0.1667,2.0,10.0,0.0,7.0,134.0,83.8,50.0,0.2857,87.3,30.7,60.3,1012.1,0.0,3.1,1.9,85.0,E,0.93,1.89,-0.14,day
776489,2025-09-02,2025,NYY,2025-09-02 19:10:00,19,1,7,8,3,22,5,16,301,81.6,2,46,0.0435,0.1875,0.0,9.0,3.0,5.0,131.0,77.3,36.0,0.0,3.0,13.0,2.0,11.0,170.0,84.9,47.0,0.2727,84.9,29.4,60.0,1010.3,0.0,7.0,4.3,144.1,SE,6.78,6.92,5.81,night
776472,2025-09-03,2025,NYY,2025-09-03 19:10:00,19,8,7,15,4,18,6,22,310,87.1,6,54,0.1111,0.1818,1.0,8.0,4.0,11.0,149.0,88.8,44.0,0.0909,3.0,10.0,2.0,11.0,161.0,85.4,47.0,0.2727,87.7,30.9,54.3,1007.6,0.0,5.8,3.6,140.8,SE,5.59,5.82,4.68,night
776464,2025-09-04,2025,NYY,2025-09-04 18:40:00,18,4,8,12,4,18,10,19,338,83.1,7,55,0.1273,0.2105,2.0,10.0,3.0,10.0,178.0,83.1,55.0,0.2,2.0,8.0,7.0,9.0,160.0,83.2,45.0,0.2222,91.0,32.8,42.7,1005.9,0.0,10.9,6.8,138.7,SE,10.28,10.86,8.46,night
776319,2025-09-15,2025,TEX,2025-09-15 19:10:00,19,6,3,9,2,13,3,16,253,84.0,3,53,0.0566,0.125,1.0,5.0,1.0,6.0,115.0,83.4,49.0,0.1667,1.0,8.0,2.0,10.0,138.0,84.6,47.0,0.1,83.2,28.5,55.0,1013.8,0.0,9.6,6.0,151.3,SE,9.58,9.35,8.65,night
776301,2025-09-16,2025,TEX,2025-09-16 19:10:00,19,6,5,11,2,17,10,20,313,82.6,3,51,0.0588,0.1,0.0,6.0,5.0,10.0,135.0,83.0,44.0,0.0,2.0,11.0,5.0,10.0,178.0,82.3,54.0,0.2,85.6,29.8,52.7,1014.3,0.0,8.8,5.5,165.4,S,8.75,7.8,8.64,night
776292,2025-09-17,2025,TEX,2025-09-17 19:10:00,19,5,2,7,2,14,4,12,259,84.3,6,48,0.125,0.1667,2.0,9.0,1.0,6.0,129.0,85.1,40.0,0.3333,0.0,5.0,3.0,6.0,130.0,83.6,43.0,0.0,83.5,28.6,61.0,1012.0,0.0,8.2,5.1,174.7,S,7.8,6.5,8.16,night
776262,2025-09-19,2025,SEA,2025-09-19 19:10:00,19,0,4,4,4,21,3,12,278,82.6,6,44,0.1364,0.3333,0.0,11.0,1.0,3.0,126.0,80.1,37.0,0.0,4.0,10.0,2.0,9.0,152.0,84.5,48.0,0.4444,83.1,28.4,66.0,1012.0,0.0,8.9,5.6,135.3,SE,8.27,8.93,6.62,night
776248,2025-09-20,2025,SEA,2025-09-20 18:10:00,18,4,6,10,2,20,6,19,299,86.1,5,51,0.098,0.1053,1.0,11.0,1.0,10.0,148.0,86.0,49.0,0.1,1.0,9.0,5.0,9.0,151.0,86.2,51.0,0.1111,83.6,28.7,66.3,1011.4,0.0,8.7,5.4,147.7,SE,8.54,8.53,7.52,night
776228,2025-09-21,2025,SEA,2025-09-21 18:10:00,18,3,7,10,4,13,3,15,271,84.1,4,56,0.0714,0.2667,2.0,6.0,1.0,7.0,136.0,83.3,51.0,0.2857,2.0,7.0,2.0,8.0,135.0,85.0,47.0,0.25,80.3,26.8,78.3,1009.5,0.2,9.3,5.8,128.8,SE,8.16,9.19,6.14,night
