game_pk,game_date,season,away_team,game_start,start_hour,home_runs_scored,away_runs_scored,total_runs,home_runs_hit,strikeouts,walks,hits,total_pitches,avg_exit_velocity,n_barrels,n_bbe,barrel_rate,hr_h_ratio,temp_f,temp_c,rhum,pres,prcp,wspd,wspd_mph,wdir,wind_dir_bucket,wind_cf,wind_lcf,wind_rcf
413662,2015-04-06,2015,TEX,2015-04-06 19:05:00,19.0,8,0,8,2,14,5,12,287,91.2,3,51,0.0588,0.1667,53.5,11.9,66.3,1010.6,0.0,16.3,10.1,180.0,S,11.53,14.77,6.89
413670,2015-04-07,2015,TEX,2015-04-07 19:05:00,19.0,1,3,4,0,13,3,13,260,85.3,1,51,0.0196,0.0,50.3,10.2,74.7,1015.1,0.0,10.3,6.4,255.7,W,8.83,6.51,10.09
413684,2015-04-08,2015,TEX,2015-04-08 19:05:00,19.0,10,0,10,0,17,5,18,286,85.9,1,53,0.0189,0.0,52.8,11.5,74.0,1018.6,0.0,8.5,5.3,297.3,NW,2.57,-0.34,5.17
413694,2015-04-09,2015,TEX,2015-04-09 12:35:00,12.0,1,10,11,4,11,5,18,274,84.6,3,59,0.0508,0.2222,64.3,17.9,46.3,1014.8,0.0,1.7,1.1,324.1,NW,-0.27,-0.84,0.33
413705,2015-04-10,2015,SEA,2015-04-10 19:05:00,19.0,12,0,12,1,13,6,19,288,85.9,2,56,0.0357,0.0526,54.9,12.7,71.3,1016.1,0.0,5.5,3.4,249.7,W,4.97,3.89,5.45
413720,2015-04-11,2015,SEA,2015-04-11 13:05:00,13.0,4,5,9,2,13,6,22,336,87.5,4,74,0.0541,0.0909,69.1,20.6,46.3,1016.4,0.0,17.5,10.9,278.7,W,10.37,4.92,14.56
413735,2015-04-12,2015,SEA,2015-04-12 13:05:00,13.0,7,8,15,2,11,7,21,303,87.0,1,68,0.0147,0.0952,73.9,23.3,37.7,1014.7,0.0,9.0,5.6,286.7,W,4.29,1.31,6.75
413889,2015-04-24,2015,HOU,2015-04-24 19:05:00,19.0,4,5,9,1,15,10,19,348,90.0,2,66,0.0303,0.0526,53.9,12.2,65.3,1015.1,0.0,13.7,8.5,212.6,SW,13.42,13.61,11.6
413904,2015-04-25,2015,HOU,2015-04-25 13:05:00,13.0,3,9,12,2,13,8,17,294,86.3,5,58,0.0862,0.1176,61.4,16.3,56.3,1014.2,0.0,19.1,11.9,273.0,W,12.78,7.15,16.86
413919,2015-04-26,2015,HOU,2015-04-26 13:05:00,13.0,6,7,13,1,15,7,17,306,88.7,2,57,0.0351,0.0588,70.7,21.5,40.0,1018.6,0.0,16.2,10.1,281.7,W,8.9,3.74,12.99
413944,2015-04-28,2015,LAA,2015-04-28 19:05:00,19.0,6,2,8,2,10,2,13,233,84.5,3,51,0.0588,0.1538,59.8,15.4,72.7,1015.1,0.0,11.8,7.3,240.3,SW,11.35,9.6,11.73
413959,2015-04-29,2015,LAA,2015-04-29 19:05:00,19.0,3,6,9,1,18,4,16,284,84.5,2,50,0.04,0.0625,62.1,16.7,61.0,1011.8,0.0,6.1,3.8,225.7,SW,6.07,5.68,5.72
413974,2015-04-30,2015,LAA,2015-04-30 12:35:00,12.0,5,6,11,1,10,9,21,315,84.9,1,62,0.0161,0.0476,84.9,29.4,19.3,1009.2,0.0,6.2,3.9,23.4,NE,-5.79,-6.23,-4.66
414125,2015-05-11,2015,BOS,2015-05-11 19:05:00,19.0,4,5,9,1,12,10,23,371,85.7,3,73,0.0411,0.0435,54.0,12.2,70.0,1010.6,0.0,14.2,8.8,249.0,W,13.0,10.24,14.2
414135,2015-05-12,2015,BOS,2015-05-12 19:05:00,19.0,9,2,11,3,10,4,16,290,86.2,5,56,0.0893,0.1875,53.8,12.1,64.7,1013.4,0.0,16.4,10.2,259.3,W,13.52,9.54,15.86
414150,2015-05-13,2015,BOS,2015-05-13 12:35:00,12.0,0,2,2,0,15,6,11,264,86.7,0,49,0.0,0.0,63.1,17.3,39.7,1013.4,0.0,17.1,10.6,248.3,W,15.67,12.41,17.04
414179,2015-05-15,2015,CWS,2015-05-15 19:05:00,19.0,6,7,13,1,16,10,21,330,84.7,1,57,0.0175,0.0476,55.8,13.2,78.0,1012.7,0.0,17.4,10.8,258.7,W,14.45,10.29,16.87
414194,2015-05-16,2015,CWS,2015-05-16 18:05:00,18.0,3,4,7,1,11,5,20,304,85.8,2,59,0.0339,0.05,57.1,14.0,72.3,1014.9,0.0,16.5,10.3,250.0,W,14.95,11.67,16.44
414209,2015-05-17,2015,CWS,2015-05-17 13:05:00,13.0,3,7,10,2,16,6,18,302,85.5,2,56,0.0357,0.1111,63.6,17.6,49.3,1016.3,0.0,17.5,10.9,253.7,W,15.35,11.56,17.3
414319,2015-05-25,2015,DET,2015-05-25 13:05:00,13.0,4,0,4,0,11,2,13,232,84.1,0,55,0.0,0.0,64.6,18.1,56.7,1013.8,0.0,17.8,11.0,251.3,W,15.92,12.27,17.66
414334,2015-05-26,2015,DET,2015-05-26 19:05:00,19.0,0,1,1,0,7,5,13,267,86.1,2,57,0.0351,0.0,56.4,13.5,80.3,1014.6,0.0,13.5,8.4,234.7,SW,13.28,11.7,13.25
414349,2015-05-27,2015,DET,2015-05-27 12:35:00,12.0,2,3,5,1,17,10,15,314,84.7,1,47,0.0213,0.0667,67.1,19.5,52.7,1015.5,0.0,16.1,10.0,251.6,W,14.36,11.03,15.96
414363,2015-05-28,2015,NYY,2015-05-28 19:05:00,19.0,5,4,9,3,11,5,17,273,88.7,0,57,0.0,0.1765,57.6,14.2,79.3,1014.8,0.0,11.9,7.4,244.7,SW,11.24,9.19,11.93
414375,2015-05-29,2015,NYY,2015-05-29 19:05:00,19.0,6,2,8,2,14,5,16,268,87.0,1,53,0.0189,0.125,57.3,14.1,79.0,1013.3,0.0,11.7,7.2,249.0,W,10.66,8.39,11.64
414390,2015-05-30,2015,NYY,2015-05-30 19:05:00,19.0,3,5,8,1,16,1,22,302,86.3,1,59,0.0169,0.0455,57.1,13.9,76.0,1012.2,0.0,11.1,6.9,244.3,SW,10.47,8.59,11.1
414405,2015-05-31,2015,NYY,2015-05-31 13:05:00,13.0,3,0,3,1,11,2,16,236,86.7,0,52,0.0,0.0625,67.1,19.5,46.0,1012.4,0.0,16.5,10.3,252.0,W,14.7,11.25,16.38
414527,2015-06-09,2015,TEX,2015-06-09 19:05:00,19.0,1,2,3,1,15,5,15,298,87.4,1,53,0.0189,0.0667,63.7,17.6,74.3,1011.4,0.0,6.3,3.9,248.7,W,5.74,4.53,6.25
414542,2015-06-10,2015,TEX,2015-06-10 19:05:00,19.0,5,4,9,0,16,6,18,292,86.0,0,53,0.0,0.0,66.8,19.3,74.0,1010.8,0.0,6.7,4.2,266.0,W,5.06,3.25,6.25
414551,2015-06-11,2015,TEX,2015-06-11 12:35:00,12.0,7,0,7,2,10,8,12,248,87.5,2,50,0.04,0.1667,80.1,26.7,48.0,1010.1,0.0,13.2,8.2,264.6,W,10.16,6.67,12.43
414638,2015-06-17,2015,SD,2015-06-17 19:05:00,19.0,16,2,18,3,17,4,25,290,89.9,2,57,0.0351,0.12,64.2,17.9,67.3,1012.3,0.0,12.3,7.7,243.7,SW,11.68,9.63,12.33
414653,2015-06-18,2015,SD,2015-06-18 12:35:00,12.0,1,3,4,3,15,3,12,268,86.2,2,50,0.04,0.25,74.7,23.7,39.7,1015.0,0.0,19.0,11.8,254.3,W,16.56,12.38,18.75
414658,2015-06-19,2015,LAA,2015-06-19 18:35:00,18.0,7,12,19,3,12,9,23,338,85.5,1,65,0.0154,0.1304,68.2,20.1,56.0,1013.1,0.0,13.5,8.4,254.3,W,11.77,8.8,13.32
414673,2015-06-20,2015,LAA,2015-06-20 13:05:00,13.0,4,1,5,0,10,7,16,275,80.5,0,56,0.0,0.0,78.9,26.1,33.7,1011.1,0.0,14.1,8.8,259.0,W,11.72,8.31,13.71
414688,2015-06-21,2015,LAA,2015-06-21 13:05:00,13.0,3,2,5,1,12,5,16,276,84.9,2,53,0.0377,0.0625,70.9,21.6,39.0,1015.6,0.0,18.1,11.2,267.3,W,13.35,8.39,16.71
414759,2015-06-26,2015,KC,2015-06-26 19:05:00,19.0,2,5,7,2,12,5,15,289,88.2,2,55,0.0364,0.1333,65.2,18.5,68.0,1012.7,0.0,9.7,6.0,251.0,W,8.72,6.74,9.65
414774,2015-06-27,2015,KC,2015-06-27 13:05:00,13.0,2,3,5,0,14,6,12,271,85.3,0,51,0.0,0.0,77.5,25.3,46.0,1014.0,0.0,15.0,9.3,249.4,W,13.63,10.7,14.92
414789,2015-06-28,2015,KC,2015-06-28 13:05:00,13.0,3,5,8,1,17,3,19,322,86.8,1,58,0.0172,0.0526,75.1,23.9,48.3,1014.4,0.0,17.3,10.7,260.7,W,14.03,9.74,16.62
414798,2015-06-29,2015,COL,2015-06-29 19:05:00,19.0,7,1,8,4,9,6,18,283,88.3,3,58,0.0517,0.2222,65.2,18.4,68.3,1012.6,0.0,10.8,6.7,247.7,W,9.93,7.92,10.75
414809,2015-06-30,2015,COL,2015-06-30 19:05:00,19.0,1,2,3,0,16,4,13,279,85.1,0,48,0.0,0.0,74.3,23.5,52.3,1009.2,0.0,6.4,4.0,242.3,SW,6.08,5.06,6.36
414824,2015-07-01,2015,COL,2015-07-01 12:35:00,12.0,4,1,5,0,15,9,13,284,86.5,0,49,0.0,0.0,84.7,29.3,35.0,1011.9,0.0,11.8,7.4,270.3,W,8.32,4.94,10.7
414843,2015-07-02,2015,SEA,2015-07-02 19:05:00,19.0,4,0,4,1,15,2,8,253,83.8,1,43,0.0233,0.125,65.7,18.7,71.3,1012.8,0.0,9.5,5.9,241.3,SW,9.08,7.63,9.45
414858,2015-07-03,2015,SEA,2015-07-03 18:05:00,18.0,5,9,14,4,14,0,24,288,89.2,3,63,0.0476,0.1667,68.2,20.1,64.0,1010.8,0.0,11.5,7.1,256.3,W,9.82,7.18,11.28
414873,2015-07-04,2015,SEA,2015-07-04 13:05:00,13.0,2,0,2,0,10,4,16,252,86.3,0,54,0.0,0.0,78.0,25.6,48.7,1009.8,0.0,15.5,9.6,260.3,W,12.62,8.8,14.92
414888,2015-07-05,2015,SEA,2015-07-05 13:05:00,13.0,1,2,3,1,12,3,13,276,89.3,2,51,0.0392,0.0769,76.5,24.7,54.3,1013.0,0.0,16.6,10.3,256.7,W,14.15,10.31,16.29
414997,2015-07-17,2015,MIN,2015-07-17 19:05:00,19.0,0,5,5,2,11,4,13,274,86.7,2,57,0.0351,0.1538,65.6,18.7,70.0,1008.2,0.0,11.2,6.9,249.3,W,10.17,7.99,11.13
415012,2015-07-18,2015,MIN,2015-07-18 18:05:00,18.0,3,2,5,1,12,4,16,298,85.5,1,56,0.0179,0.0625,68.1,20.0,62.7,1012.9,0.0,10.4,6.5,253.0,W,9.21,6.98,10.33
415027,2015-07-19,2015,MIN,2015-07-19 13:05:00,13.0,14,1,15,5,20,1,19,289,89.5,5,53,0.0943,0.2632,81.3,27.4,63.0,1015.9,0.0,10.7,6.6,246.6,SW,9.95,8.0,10.7
415058,2015-07-21,2015,TOR,2015-07-21 19:05:00,19.0,1,7,8,3,11,6,18,288,87.3,3,59,0.0508,0.1667,64.6,18.1,79.7,1009.8,0.0,14.6,9.1,237.0,SW,14.28,12.38,14.46
415073,2015-07-22,2015,TOR,2015-07-22 19:05:00,19.0,4,3,7,1,13,9,23,349,88.1,4,65,0.0615,0.0435,62.4,16.9,80.3,1010.8,0.0,16.3,10.1,239.3,SW,15.79,13.46,16.22
415082,2015-07-23,2015,TOR,2015-07-23 12:35:00,12.0,2,5,7,2,14,2,13,236,83.1,4,52,0.0769,0.1538,71.3,21.8,49.7,1015.5,0.0,16.6,10.3,255.3,W,14.3,10.58,16.3
415172,2015-07-30,2015,CLE,2015-07-30 19:05:00,19.0,1,3,4,1,14,2,9,225,81.5,1,45,0.0222,0.1111,66.4,19.1,69.3,1014.4,0.0,10.7,6.6,255.0,W,9.27,6.88,10.54
415185,2015-07-31,2015,CLE,2015-07-31 18:35:00,18.0,1,2,3,0,13,4,9,268,87.0,2,50,0.04,0.0,70.5,21.4,55.7,1014.3,0.0,16.2,10.0,249.7,W,14.69,11.5,16.11
415200,2015-08-01,2015,CLE,2015-08-01 18:05:00,18.0,5,1,6,2,12,2,13,241,90.1,3,51,0.0588,0.1538,67.8,19.9,70.7,1012.9,0.0,14.4,8.9,248.0,W,13.22,10.51,14.35
415215,2015-08-02,2015,CLE,2015-08-02 13:05:00,13.0,2,1,3,0,20,9,13,300,85.2,1,48,0.0208,0.0,75.7,24.3,42.0,1012.9,0.0,17.7,11.0,263.0,W,13.97,9.4,16.86
415227,2015-08-03,2015,BAL,2015-08-03 19:05:00,19.0,2,9,11,2,14,4,20,296,90.8,3,58,0.0517,0.1,64.0,17.8,71.3,1013.2,0.0,14.2,8.8,254.0,W,12.45,9.34,14.06
415238,2015-08-04,2015,BAL,2015-08-04 19:05:00,19.0,5,0,5,1,17,7,14,273,85.3,3,45,0.0667,0.0714,63.9,17.7,72.3,1015.2,0.0,10.3,6.4,247.3,SW,9.53,7.61,10.29
415253,2015-08-05,2015,BAL,2015-08-05 12:35:00,12.0,3,7,10,1,19,7,19,319,88.3,5,56,0.0893,0.0526,80.9,27.2,38.0,1014.7,0.0,8.2,5.1,282.3,W,4.43,1.8,6.52
415269,2015-08-06,2015,HOU,2015-08-06 19:05:00,19.0,4,5,9,3,15,6,16,330,87.4,3,61,0.0492,0.1875,67.6,19.8,68.7,1009.3,0.0,10.2,6.4,245.3,SW,9.6,7.8,10.23
415282,2015-08-07,2015,HOU,2015-08-07 19:05:00,19.0,3,1,4,2,8,2,15,220,88.7,1,55,0.0182,0.1333,65.7,18.7,72.7,1010.8,0.0,11.6,7.2,228.3,SW,11.61,10.68,11.14
415297,2015-08-08,2015,HOU,2015-08-08 13:05:00,13.0,2,1,3,1,15,8,11,281,86.6,3,46,0.0652,0.0909,75.6,24.2,49.0,1013.0,0.0,16.5,10.2,253.3,W,14.49,10.95,16.29
415312,2015-08-09,2015,HOU,2015-08-09 13:05:00,13.0,5,4,9,2,18,8,18,309,84.9,2,50,0.04,0.1111,79.4,26.3,43.7,1012.7,0.0,18.9,11.7,269.7,W,13.42,8.07,17.14
415429,2015-08-18,2015,LAD,2015-08-18 19:05:00,19.0,5,4,9,1,18,11,19,337,84.2,1,58,0.0172,0.0526,64.3,17.9,73.7,1011.4,0.0,12.0,7.5,255.0,W,10.42,7.73,11.85
415444,2015-08-19,2015,LAD,2015-08-19 12:35:00,12.0,5,2,7,1,8,6,10,248,84.2,1,50,0.02,0.1,75.7,24.3,44.3,1012.4,0.0,13.7,8.5,256.0,W,11.72,8.6,13.42
415476,2015-08-21,2015,TB,2015-08-21 19:05:00,19.0,1,2,3,1,11,2,16,279,84.6,0,58,0.0,0.0625,63.2,17.3,82.0,1011.1,0.0,12.3,7.6,230.7,SW,12.21,11.06,11.88
415491,2015-08-22,2015,TB,2015-08-22 18:05:00,18.0,4,5,9,5,12,5,15,247,86.7,4,53,0.0755,0.3333,66.0,18.9,70.3,1012.1,0.0,13.9,8.7,245.7,SW,13.04,10.57,13.93
415506,2015-08-23,2015,TB,2015-08-23 13:05:00,13.0,8,2,10,0,11,6,18,287,88.1,4,55,0.0727,0.0,76.5,24.7,46.7,1014.5,0.0,13.3,8.3,257.7,W,11.22,8.08,13.01
415603,2015-08-31,2015,LAA,2015-08-31 19:05:00,19.0,11,5,16,1,19,11,19,328,90.2,4,49,0.0816,0.0526,69.1,20.6,65.7,1010.5,0.0,9.6,5.9,240.0,SW,9.24,7.84,9.53
415615,2015-09-01,2015,LAA,2015-09-01 19:05:00,19.0,2,6,8,2,10,4,17,293,85.1,2,59,0.0339,0.1176,65.4,18.6,75.7,1011.7,0.0,14.0,8.7,236.3,SW,13.76,11.99,13.87
415630,2015-09-02,2015,LAA,2015-09-02 12:35:00,12.0,4,9,13,3,13,1,23,269,87.3,6,65,0.0923,0.1304,74.0,23.3,49.7,1012.8,0.0,20.0,12.4,251.7,W,17.85,13.71,19.83
415662,2015-09-04,2015,SEA,2015-09-04 19:05:00,19.0,8,11,19,3,16,7,28,327,89.2,5,61,0.082,0.1071,62.8,17.1,64.7,1010.6,0.0,11.0,6.8,246.3,SW,10.25,8.26,11.0
415677,2015-09-05,2015,SEA,2015-09-05 18:05:00,18.0,3,8,11,3,14,7,21,284,86.6,2,55,0.0364,0.1429,71.8,22.1,33.7,1012.9,0.0,9.8,6.1,289.0,W,4.3,1.02,7.05
415692,2015-09-06,2015,SEA,2015-09-06 13:05:00,13.0,2,3,5,1,8,5,16,261,85.3,2,59,0.0339,0.0625,85.3,29.6,15.3,1012.5,0.0,9.5,5.9,282.3,W,5.11,2.08,7.53
415701,2015-09-07,2015,HOU,2015-09-07 13:05:00,13.0,10,9,19,5,12,11,21,321,86.3,6,59,0.1017,0.2381,91.5,33.0,10.3,1010.6,0.0,4.9,3.0,307.8,NW,0.61,-1.09,2.24
415716,2015-09-08,2015,HOU,2015-09-08 19:05:00,19.0,4,0,4,2,12,4,13,245,89.4,3,51,0.0588,0.1538,78.6,25.9,27.0,1008.8,0.0,7.0,4.3,276.7,W,4.32,2.19,5.93
415731,2015-09-09,2015,HOU,2015-09-09 19:05:00,19.0,5,11,16,6,17,5,22,340,87.8,6,60,0.1,0.2727,76.5,24.7,38.7,1009.1,0.0,6.1,3.8,256.0,W,5.26,3.86,6.02
415913,2015-09-22,2015,TEX,2015-09-22 19:05:00,19.0,6,8,14,1,12,8,21,332,88.8,4,65,0.0615,0.0476,60.3,15.7,80.7,1013.1,0.0,13.5,8.4,238.3,SW,13.14,11.28,13.41
415928,2015-09-23,2015,TEX,2015-09-23 19:05:00,19.0,3,10,13,5,10,7,17,298,88.8,7,59,0.1186,0.2941,70.1,21.2,54.3,1012.6,0.0,4.8,3.0,227.3,SW,4.76,4.41,4.54
415939,2015-09-24,2015,TEX,2015-09-24 12:35:00,12.0,1,8,9,1,12,9,20,324,87.3,2,59,0.0339,0.05,88.8,31.6,20.0,1011.9,0.0,4.6,2.9,337.8,N,-1.78,-3.13,-0.23
415952,2015-09-25,2015,SF,2015-09-25 19:05:00,19.0,5,4,9,4,13,5,19,271,85.9,4,55,0.0727,0.2105,66.0,18.9,65.7,1012.2,0.0,7.8,4.8,240.3,SW,7.52,6.36,7.77
415967,2015-09-26,2015,SF,2015-09-26 13:05:00,13.0,10,14,24,4,8,10,30,311,85.1,5,75,0.0667,0.1333,82.3,28.0,36.3,1010.4,0.0,13.1,8.2,264.0,W,10.21,6.76,12.42
415982,2015-09-27,2015,SF,2015-09-27 13:05:00,13.0,4,5,9,0,10,5,19,282,86.3,2,62,0.0323,0.0,80.5,26.9,36.3,1008.2,0.0,7.8,4.9,256.4,W,6.69,4.89,7.68
446868,2016-04-04,2016,CWS,2016-04-04 19:05:00,19.0,3,4,7,0,16,4,14,292,82.1,2,50,0.04,0.0,58.6,14.8,73.3,1021.1,0.0,6.5,4.1,260.1,W,5.34,3.73,6.31
446881,2016-04-05,2016,CWS,2016-04-05 19:05:00,19.0,4,5,9,2,17,2,21,294,82.5,2,58,0.0345,0.0952,66.0,18.9,61.3,1018.4,0.0,5.0,3.1,303.0,NW,1.05,-0.7,2.67
446890,2016-04-06,2016,CWS,2016-04-06 19:05:00,19.0,2,1,3,1,14,7,13,260,84.1,1,48,0.0208,0.0769,78.7,26.0,37.7,1013.1,0.0,2.8,1.8,171.6,S,1.69,2.36,0.81
446905,2016-04-07,2016,CWS,2016-04-07 12:35:00,12.0,1,6,7,1,15,4,14,300,81.8,4,56,0.0714,0.0714,71.2,21.8,44.7,1012.6,0.0,17.0,10.6,222.3,SW,16.98,16.23,15.68
446962,2016-04-11,2016,LAA,2016-04-11 19:05:00,19.0,1,4,5,1,16,5,19,276,82.4,2,53,0.0377,0.0526,55.1,12.8,88.3,1019.7,0.0,5.2,3.2,256.3,W,4.44,3.25,5.1
446973,2016-04-12,2016,LAA,2016-04-12 19:05:00,19.0,4,5,9,3,9,4,17,265,82.8,3,60,0.05,0.1765,53.5,11.9,80.3,1022.1,0.0,10.7,6.6,243.0,SW,10.15,8.41,10.66
446989,2016-04-13,2016,LAA,2016-04-13 12:35:00,12.0,1,5,6,1,10,7,14,285,81.9,2,59,0.0339,0.0714,62.6,17.0,53.0,1021.2,0.0,18.2,11.3,266.0,W,13.71,8.81,16.96
447014,2016-04-15,2016,KC,2016-04-15 19:05:00,19.0,2,4,6,2,17,10,17,328,82.6,2,52,0.0385,0.1176,58.9,15.0,62.7,1018.4,0.0,10.2,6.3,303.0,NW,2.11,-1.42,5.39
447029,2016-04-16,2016,KC,2016-04-16 13:05:00,13.0,5,3,8,2,10,6,19,306,82.4,2,61,0.0328,0.1053,76.9,25.0,29.3,1017.3,0.0,8.9,5.5,324.5,NW,-1.47,-4.39,1.62
447044,2016-04-17,2016,KC,2016-04-17 13:05:00,13.0,3,2,5,1,10,6,10,252,83.1,2,50,0.04,0.1,80.2,26.8,35.3,1014.7,0.0,3.3,2.0,57.3,NE,-3.19,-2.76,-3.24
447205,2016-04-29,2016,HOU,2016-04-29 19:05:00,19.0,7,4,11,4,14,5,18,291,84.1,3,51,0.0588,0.2222,57.2,14.0,64.0,1012.0,0.0,17.0,10.6,283.3,W,8.94,3.44,13.36
447220,2016-04-30,2016,HOU,2016-04-30 13:05:00,13.0,2,0,2,0,12,7,9,247,81.4,2,45,0.0444,0.0,77.9,25.5,23.0,1009.6,0.0,16.6,10.3,354.0,N,-10.43,-14.2,-5.39
447235,2016-05-01,2016,HOU,2016-05-01 13:05:00,13.0,1,2,3,1,14,8,10,285,85.0,1,49,0.0204,0.1,79.6,26.4,28.0,1009.1,0.0,8.3,5.2,247.1,SW,7.69,6.16,8.29
447251,2016-05-02,2016,SEA,2016-05-02 19:05:00,19.0,3,4,7,2,17,3,18,254,85.6,4,52,0.0769,0.1111,58.2,14.5,69.3,1015.8,0.0,10.4,6.5,248.7,W,9.56,7.55,10.41
447266,2016-05-03,2016,SEA,2016-05-03 19:05:00,19.0,2,8,10,4,13,3,19,239,85.9,5,57,0.0877,0.2105,60.7,16.0,70.3,1012.4,0.0,5.8,3.6,250.4,W,5.21,4.05,5.74
447281,2016-05-04,2016,SEA,2016-05-04 12:35:00,12.0,8,9,17,4,12,4,27,307,82.7,6,71,0.0845,0.1481,66.4,19.1,53.7,1011.1,0.0,15.1,9.4,244.5,SW,14.2,11.62,15.07
447443,2016-05-16,2016,TEX,2016-05-16 19:05:00,19.0,3,1,4,1,8,4,8,245,81.5,2,49,0.0408,0.125,63.2,17.3,70.3,1011.8,0.0,9.3,5.8,239.4,SW,9.04,7.71,9.29
447457,2016-05-17,2016,TEX,2016-05-17 19:05:00,19.0,8,5,13,7,14,4,27,258,85.0,8,63,0.127,0.2593,71.3,21.8,52.3,1011.6,0.0,7.1,4.4,261.0,W,5.77,3.99,6.86
447472,2016-05-18,2016,TEX,2016-05-18 12:35:00,12.0,8,1,9,1,13,5,16,261,84.8,2,52,0.0385,0.0625,82.8,28.2,36.7,1013.0,0.0,13.1,8.1,255.6,W,11.24,8.29,12.84
447481,2016-05-19,2016,NYY,2016-05-19 19:05:00,19.0,1,4,5,2,15,4,16,248,87.6,2,51,0.0392,0.125,57.0,13.9,66.0,1007.2,0.0,21.9,13.6,263.3,W,17.18,11.5,20.79
447495,2016-05-20,2016,NYY,2016-05-20 18:35:00,18.0,3,8,11,0,16,7,19,327,83.8,1,58,0.0172,0.0,55.2,12.9,68.0,1011.5,0.0,20.3,12.6,258.3,W,16.93,12.1,19.72
447510,2016-05-21,2016,NYY,2016-05-21 13:05:00,13.0,1,5,6,0,11,5,14,256,82.6,0,57,0.0,0.0,62.6,17.0,49.7,1015.9,0.0,17.8,11.1,255.3,W,15.36,11.36,17.51
447525,2016-05-22,2016,NYY,2016-05-22 13:05:00,13.0,4,5,9,2,16,1,16,279,84.0,2,55,0.0364,0.125,63.0,17.2,51.0,1017.7,0.0,18.5,11.5,271.4,W,12.74,7.4,16.55
447583,2016-05-27,2016,DET,2016-05-27 19:05:00,19.0,1,4,5,1,10,4,16,259,81.9,4,58,0.069,0.0625,67.7,19.8,55.3,1009.6,0.0,6.7,4.1,246.0,SW,6.22,5.03,6.67
447598,2016-05-28,2016,DET,2016-05-28 13:05:00,13.0,12,3,15,4,14,5,23,276,82.8,4,57,0.0702,0.1739,84.1,29.0,24.0,1009.1,0.0,13.1,8.1,274.0,W,8.57,4.68,11.43
447613,2016-05-29,2016,DET,2016-05-29 13:05:00,13.0,4,2,6,0,18,6,14,269,81.8,2,46,0.0435,0.0,76.6,24.8,40.7,1013.6,0.0,14.4,9.0,252.7,W,12.78,9.72,14.3
447630,2016-05-30,2016,MIN,2016-05-30 13:05:00,13.0,3,2,5,1,17,6,15,237,,0,43,0.0,0.0667,81.3,27.4,39.0,1013.2,0.0,12.7,7.9,267.0,W,9.41,5.94,11.74
447645,2016-05-31,2016,MIN,2016-05-31 19:05:00,19.0,7,4,11,1,20,5,24,315,84.8,1,54,0.0185,0.0417,67.7,19.8,61.0,1008.8,0.0,7.1,4.4,233.0,SW,7.0,6.24,6.91
447660,2016-06-01,2016,MIN,2016-06-01 12:35:00,12.0,5,1,6,1,18,7,17,266,85.4,1,47,0.0213,0.0588,80.7,27.1,37.7,1011.0,0.0,13.9,8.7,246.6,SW,12.95,10.41,13.93
447826,2016-06-13,2016,TEX,2016-06-13 19:05:00,19.0,14,5,19,5,9,6,26,312,84.3,5,66,0.0758,0.1923,59.4,15.2,75.0,1016.0,0.0,18.2,11.3,257.3,W,15.35,11.1,17.75
447841,2016-06-14,2016,TEX,2016-06-14 19:05:00,19.0,6,10,16,3,13,5,24,303,82.4,4,63,0.0635,0.125,57.8,14.3,65.3,1013.9,0.0,18.8,11.7,260.7,W,15.25,10.58,18.07
447855,2016-06-15,2016,TEX,2016-06-15 19:05:00,19.0,5,7,12,5,13,6,17,308,84.2,7,56,0.125,0.2941,57.0,13.9,70.0,1017.3,0.0,12.3,7.6,253.7,W,10.76,8.1,12.13
447864,2016-06-16,2016,TEX,2016-06-16 12:35:00,12.0,1,5,6,1,14,4,11,271,80.8,1,51,0.0196,0.0909,72.0,22.2,42.3,1017.7,0.0,9.8,6.1,244.0,SW,9.3,7.65,9.83
447873,2016-06-17,2016,LAA,2016-06-17 18:35:00,18.0,3,2,5,2,11,3,16,264,84.8,4,58,0.069,0.125,62.5,16.9,70.7,1017.1,0.0,10.4,6.5,268.0,W,7.6,4.72,9.57
447888,2016-06-18,2016,LAA,2016-06-18 13:05:00,13.0,1,7,8,2,8,4,18,290,84.5,4,63,0.0635,0.1111,76.8,24.9,32.0,1020.1,0.0,14.4,9.0,297.0,NW,4.46,-0.5,8.89
447903,2016-06-19,2016,LAA,2016-06-19 13:05:00,13.0,0,2,2,1,9,3,10,238,82.1,1,51,0.0196,0.1,85.5,29.7,22.3,1015.8,0.0,15.2,9.4,289.0,W,6.66,1.59,10.93
447928,2016-06-21,2016,MIL,2016-06-21 19:05:00,19.0,5,3,8,0,13,5,23,320,84.0,3,58,0.0517,0.0,69.0,20.6,58.3,1014.1,0.0,12.3,7.7,246.3,SW,11.49,9.26,12.33
447943,2016-06-22,2016,MIL,2016-06-22 12:35:00,12.0,2,4,6,3,20,3,18,280,82.4,2,51,0.0392,0.1667,75.6,24.2,41.0,1014.6,0.0,18.4,11.5,252.0,W,16.42,12.57,18.3
448043,2016-06-29,2016,SF,2016-06-29 19:05:00,19.0,7,1,8,2,8,5,15,258,81.7,2,56,0.0357,0.1333,63.9,17.7,71.0,1012.5,0.0,13.4,8.3,225.7,SW,13.4,12.54,12.64
448055,2016-06-30,2016,SF,2016-06-30 19:05:00,19.0,6,12,18,4,18,12,24,368,83.0,7,57,0.1228,0.1667,67.8,19.9,63.7,1008.5,0.0,11.8,7.3,233.0,SW,11.69,10.42,11.54
448069,2016-07-01,2016,PIT,,,3,7,10,2,15,5,12,283,83.6,1,51,0.0196,0.1667,,,,,,,,,,,,
448084,2016-07-02,2016,PIT,,,2,4,6,0,19,6,20,320,83.3,1,58,0.0172,0.0,,,,,,,,,,,,
448099,2016-07-03,2016,PIT,,,3,6,9,1,15,7,21,326,82.3,1,56,0.0179,0.0476,,,,,,,,,,,,
448217,2016-07-15,2016,TOR,,,8,7,15,3,14,11,19,309,85.4,3,53,0.0566,0.1579,,,,,,,,,,,,
448232,2016-07-16,2016,TOR,,,5,4,9,5,9,8,13,278,85.0,3,52,0.0577,0.3846,,,,,,,,,,,,
448247,2016-07-17,2016,TOR,,,3,5,8,2,18,4,18,294,83.7,1,53,0.0189,0.1111,,,,,,,,,,,,
448252,2016-07-18,2016,HOU,,,7,4,11,2,16,7,21,298,85.2,4,55,0.0727,0.0952,,,,,,,,,,,,
448278,2016-07-20,2016,HOU,,,0,7,7,0,17,10,14,316,79.7,2,52,0.0385,0.0,,,,,,,,,,,,
448297,2016-07-21,2016,TB,,,3,7,10,3,17,2,15,280,84.5,3,51,0.0588,0.2,,,,,,,,,,,,
448312,2016-07-22,2016,TB,,,1,0,1,0,18,4,17,342,84.3,1,71,0.0141,0.0,,,,,,,,,,,,
448327,2016-07-23,2016,TB,,,4,3,7,2,8,3,17,232,84.4,3,59,0.0508,0.1176,,,,,,,,,,,,
448342,2016-07-24,2016,TB,,,3,2,5,2,12,3,15,226,85.6,2,53,0.0377,0.1333,,,,,,,,,,,,
448491,2016-08-05,2016,CHC,2016-08-05 19:05:00,19.0,2,7,9,3,21,2,17,315,83.0,3,48,0.0625,0.1765,60.7,15.9,73.7,1011.4,0.0,11.5,7.2,246.7,SW,10.72,8.62,11.53
448506,2016-08-06,2016,CHC,2016-08-06 13:05:00,13.0,0,4,4,0,11,4,12,287,83.0,1,55,0.0182,0.0,71.4,21.9,52.3,1010.6,0.0,17.3,10.7,247.7,W,15.96,12.72,17.28
448521,2016-08-07,2016,CHC,2016-08-07 13:05:00,13.0,1,3,4,3,13,4,14,297,83.3,4,52,0.0769,0.2143,76.2,24.6,41.3,1010.6,0.0,14.8,9.2,259.4,W,12.19,8.6,14.31
448534,2016-08-08,2016,BAL,2016-08-08 19:05:00,19.0,3,2,5,2,14,3,14,267,83.5,4,51,0.0784,0.1429,65.4,18.6,73.0,1009.1,0.0,13.0,8.1,236.0,SW,12.79,11.17,12.87
448543,2016-08-09,2016,BAL,2016-08-09 19:05:00,19.0,2,1,3,1,10,7,9,261,85.4,1,48,0.0208,0.1111,66.4,19.1,68.7,1008.9,0.0,11.0,6.8,226.3,SW,11.0,10.25,10.42
448558,2016-08-10,2016,BAL,2016-08-10 19:05:00,19.0,1,0,1,0,12,3,11,247,85.1,3,49,0.0612,0.0,61.4,16.3,79.3,1012.0,0.0,11.7,7.2,234.3,SW,11.51,10.17,11.47
448573,2016-08-11,2016,BAL,2016-08-11 12:35:00,12.0,6,9,15,4,13,8,21,337,83.8,3,60,0.05,0.1905,79.6,26.5,39.7,1015.2,0.0,12.6,7.8,248.2,W,11.55,9.15,12.55
448594,2016-08-12,2016,SEA,2016-08-12 19:05:00,19.0,6,3,9,2,12,3,16,247,86.1,3,50,0.06,0.125,61.3,16.3,75.7,1014.4,0.0,9.2,5.7,252.0,W,8.2,6.27,9.13
448609,2016-08-13,2016,SEA,2016-08-13 18:05:00,18.0,3,4,7,3,9,2,20,271,83.5,5,63,0.0794,0.15,66.4,19.1,65.3,1011.4,0.0,7.3,4.5,245.9,SW,6.79,5.49,7.27
448624,2016-08-14,2016,SEA,2016-08-14 13:05:00,13.0,4,8,12,4,15,4,21,266,82.8,6,59,0.1017,0.1905,80.2,26.8,36.0,1011.7,0.0,13.1,8.1,266.3,W,9.81,6.27,12.17
448725,2016-08-22,2016,CLE,2016-08-22 19:05:00,19.0,0,1,1,1,21,1,11,255,83.1,1,43,0.0233,0.0909,61.1,16.2,79.3,1013.9,0.0,11.2,6.9,238.3,SW,10.87,9.33,11.09
448734,2016-08-23,2016,CLE,2016-08-23 19:05:00,19.0,9,1,10,2,17,5,17,291,82.9,4,49,0.0816,0.1176,61.8,16.6,75.3,1017.4,0.0,10.7,6.7,238.3,SW,10.44,8.97,10.66
448750,2016-08-24,2016,CLE,2016-08-24 12:35:00,12.0,5,1,6,1,8,6,19,271,85.2,2,59,0.0339,0.0526,74.8,23.8,43.3,1016.8,0.0,11.7,7.2,258.0,W,9.79,7.03,11.37
448866,2016-09-02,2016,BOS,2016-09-02 19:05:00,19.0,2,16,18,1,16,9,23,345,84.0,2,61,0.0328,0.0435,64.3,17.9,72.7,1010.1,0.0,10.3,6.4,225.3,SW,10.27,9.63,9.67
448881,2016-09-03,2016,BOS,2016-09-03 18:05:00,18.0,2,11,13,1,15,4,22,322,85.1,4,61,0.0656,0.0455,63.2,17.3,69.3,1008.3,0.0,15.5,9.6,233.7,SW,15.29,13.57,15.17
448896,2016-09-04,2016,BOS,2016-09-04 13:05:00,13.0,1,0,1,0,14,6,8,268,82.7,1,46,0.0217,0.0,75.7,24.3,41.7,1009.6,0.0,16.1,10.0,267.7,W,11.84,7.39,14.86
448917,2016-09-05,2016,LAA,2016-09-05 13:05:00,13.0,7,10,17,3,12,10,25,348,84.0,7,66,0.1061,0.12,79.5,26.4,34.0,1008.9,0.0,14.2,8.8,262.3,W,11.29,7.66,13.55
448932,2016-09-06,2016,LAA,2016-09-06 19:05:00,19.0,3,2,5,0,13,4,9,226,85.5,0,45,0.0,0.0,69.5,20.8,61.3,1009.5,0.0,5.8,3.6,230.3,SW,5.78,5.24,5.61
448947,2016-09-07,2016,LAA,2016-09-07 12:35:00,12.0,4,1,5,2,17,9,12,307,81.4,2,46,0.0435,0.1667,89.8,32.1,25.0,1011.8,0.0,7.8,4.9,309.5,NW,0.75,-1.96,3.37
448973,2016-09-09,2016,SEA,2016-09-09 19:05:00,19.0,2,3,5,2,20,4,13,293,83.1,4,46,0.087,0.1538,60.6,15.9,73.7,1015.5,0.0,9.8,6.1,242.0,SW,9.37,7.83,9.79
448988,2016-09-10,2016,SEA,2016-09-10 13:05:00,13.0,3,14,17,2,9,7,26,323,85.5,3,68,0.0441,0.0769,77.1,25.0,37.3,1016.0,0.0,12.6,7.8,265.0,W,9.65,6.3,11.84
449003,2016-09-11,2016,SEA,2016-09-11 13:05:00,13.0,2,3,5,1,11,4,19,290,87.0,5,57,0.0877,0.0526,69.9,21.1,51.3,1015.9,0.0,15.7,9.7,250.7,W,14.12,10.94,15.59
449110,2016-09-19,2016,HOU,2016-09-19 19:05:00,19.0,2,4,6,3,11,5,10,253,83.0,4,51,0.0784,0.3,70.2,21.2,65.3,1012.4,0.0,7.4,4.6,219.0,SW,7.39,7.21,6.68
449122,2016-09-20,2016,HOU,2016-09-20 19:05:00,19.0,1,2,3,0,20,8,11,286,81.3,0,48,0.0,0.0,65.5,18.6,64.3,1011.8,0.0,10.3,6.4,238.0,SW,10.07,8.67,10.26
449137,2016-09-21,2016,HOU,2016-09-21 12:35:00,12.0,5,6,11,2,18,7,16,306,82.9,3,52,0.0577,0.125,70.9,21.6,43.0,1013.3,0.0,22.4,13.9,266.0,W,16.89,10.85,20.88
449169,2016-09-23,2016,TEX,2016-09-23 18:35:00,18.0,0,3,3,1,13,4,11,241,85.8,2,49,0.0408,0.0909,65.2,18.5,55.0,1018.7,0.0,10.1,6.3,266.0,W,7.65,4.91,9.46
449184,2016-09-24,2016,TEX,2016-09-24 13:05:00,13.0,0,5,5,2,17,4,14,269,85.8,3,51,0.0588,0.1429,84.9,29.4,32.0,1017.1,0.0,10.9,6.8,287.7,W,5.02,1.4,8.04
449199,2016-09-25,2016,TEX,2016-09-25 13:05:00,13.0,7,1,8,2,13,3,18,233,82.1,1,53,0.0189,0.1111,93.0,33.9,18.3,1014.8,0.0,5.1,3.2,30.5,NE,-4.94,-5.08,-4.2
490104,2017-04-03,2017,LAA,2017-04-03 19:05:00,19.0,4,2,6,4,17,9,16,300,85.6,6,47,0.1277,0.25,53.1,11.7,86.0,1014.1,0.0,6.4,4.0,183.9,S,4.83,5.97,3.1
490115,2017-04-04,2017,LAA,2017-04-04 19:05:00,19.0,6,7,13,3,16,5,18,310,88.0,3,52,0.0577,0.1667,56.0,13.3,79.7,1016.7,0.0,3.5,2.2,191.5,S,2.89,3.37,2.06
490126,2017-04-05,2017,LAA,2017-04-05 19:05:00,19.0,0,5,5,0,12,3,19,292,79.5,0,58,0.0,0.0,57.8,14.3,59.3,1013.5,0.0,4.5,2.8,304.5,NW,0.82,-0.74,2.28
490140,2017-04-06,2017,LAA,2017-04-06 12:35:00,12.0,5,1,6,1,18,7,10,265,83.7,2,43,0.0465,0.1,62.7,17.0,39.0,1011.0,0.4,23.0,14.3,163.3,S,10.92,17.18,3.34
490245,2017-04-14,2017,HOU,2017-04-14 19:05:00,19.0,2,7,9,3,14,6,17,292,86.9,3,58,0.0517,0.1765,52.1,11.2,75.7,1020.2,0.0,8.3,5.1,330.7,NW,-2.24,-4.83,0.61
490260,2017-04-15,2017,HOU,2017-04-15 13:05:00,13.0,6,10,16,3,20,12,18,365,83.6,4,51,0.0784,0.1667,63.5,17.5,60.7,1015.9,0.0,11.8,7.3,280.7,W,6.64,2.91,9.56
490294,2017-04-17,2017,TEX,2017-04-17 19:05:00,19.0,0,7,7,0,16,9,10,282,81.0,1,46,0.0217,0.0,54.4,12.4,91.0,1017.0,2.1,8.1,5.1,287.0,W,3.82,1.13,6.04
490308,2017-04-18,2017,TEX,2017-04-18 19:05:00,19.0,4,2,6,1,15,4,9,253,80.5,1,45,0.0222,0.1111,53.4,11.9,96.7,1020.7,0.0,6.2,3.9,229.8,SW,6.21,5.66,6.01
490323,2017-04-19,2017,TEX,2017-04-19 12:35:00,12.0,9,1,10,4,12,6,17,267,84.7,6,54,0.1111,0.2353,61.8,16.5,70.3,1023.7,0.3,13.5,8.4,260.0,W,11.03,7.72,13.01
490333,2017-04-20,2017,SEA,2017-04-20 19:05:00,19.0,9,6,15,2,19,8,19,313,85.7,4,49,0.0816,0.1053,56.4,13.6,75.3,1023.6,0.0,8.1,5.0,342.5,N,-3.74,-5.97,-1.05
490347,2017-04-21,2017,SEA,2017-04-21 19:05:00,19.0,3,1,4,2,13,10,12,266,82.9,2,44,0.0455,0.1667,57.2,14.0,73.7,1014.7,0.0,6.0,3.7,260.3,W,4.87,3.4,5.76
490362,2017-04-22,2017,SEA,2017-04-22 13:05:00,13.0,4,3,7,3,11,6,17,282,80.7,3,54,0.0556,0.1765,60.9,16.1,78.3,1016.4,0.0,15.3,9.5,260.3,W,12.51,8.72,14.79
490377,2017-04-23,2017,SEA,2017-04-23 13:05:00,13.0,1,11,12,2,15,7,16,323,84.9,3,54,0.0556,0.125,60.5,15.8,71.0,1016.0,0.0,24.6,15.3,261.3,W,19.79,13.62,23.58
490533,2017-05-05,2017,DET,,,2,7,9,0,20,5,20,271,85.5,2,54,0.037,0.0,,,,,,,,,,,,
490563,2017-05-07,2017,DET,,,8,6,14,3,12,6,20,318,85.6,2,60,0.0333,0.15,,,,,,,,,,,,
490577,2017-05-08,2017,LAA,,,3,2,5,4,21,1,15,302,84.7,6,59,0.1017,0.2667,,,,,,,,,,,,
490589,2017-05-09,2017,LAA,,,3,7,10,5,19,9,15,291,85.9,5,47,0.1064,0.3333,,,,,,,,,,,,
490605,2017-05-10,2017,LAA,,,3,1,4,1,15,8,9,301,80.5,1,44,0.0227,0.1111,,,,,,,,,,,,
490708,2017-05-18,2017,BOS,,,8,3,11,4,20,6,19,308,83.2,4,46,0.087,0.2105,,,,,,,,,,,,
490719,2017-05-19,2017,BOS,,,3,2,5,2,22,4,18,305,84.1,5,50,0.1,0.1111,,,,,,,,,,,,
490734,2017-05-20,2017,BOS,,,8,3,11,5,19,5,18,341,82.5,6,51,0.1176,0.2778,,,,,,,,,,,,
490749,2017-05-21,2017,BOS,,,3,12,15,2,16,7,21,297,84.4,3,57,0.0526,0.0952,,,,,,,,,,,,
490778,2017-05-23,2017,MIA,,,9,11,20,4,16,8,27,375,83.3,4,64,0.0625,0.1481,,,,,,,,,,,,
490793,2017-05-24,2017,MIA,,,4,1,5,1,18,4,15,253,81.0,2,47,0.0426,0.0667,,,,,,,,,,,,
490926,2017-06-02,2017,WSH,2017-06-02 19:05:00,19.0,3,13,16,7,14,7,27,334,84.8,9,65,0.1385,0.2593,56.7,13.7,88.3,1012.0,0.0,9.2,5.7,196.0,S,8.08,9.12,6.06
490941,2017-06-03,2017,WSH,2017-06-03 13:05:00,13.0,10,4,14,5,15,10,20,338,83.2,7,57,0.1228,0.25,64.6,18.1,65.3,1012.3,0.0,13.8,8.6,228.7,SW,13.77,12.64,13.24
490956,2017-06-04,2017,WSH,2017-06-04 13:05:00,13.0,10,11,21,5,11,7,21,313,83.1,6,63,0.0952,0.2381,66.4,19.1,55.3,1013.3,0.0,17.9,11.1,231.7,SW,17.81,16.03,17.45
490962,2017-06-05,2017,TOR,2017-06-05 19:05:00,19.0,5,3,8,3,17,7,12,301,83.4,3,46,0.0652,0.25,57.5,14.2,81.7,1011.7,0.0,8.6,5.3,211.3,SW,8.32,8.51,7.13
490977,2017-06-06,2017,TOR,2017-06-06 19:05:00,19.0,4,1,5,0,18,5,15,261,83.1,1,43,0.0233,0.0,54.4,12.5,87.3,1012.8,0.0,15.7,9.8,224.7,SW,15.7,14.78,14.72
490992,2017-06-07,2017,TOR,2017-06-07 12:35:00,12.0,5,7,12,5,22,6,14,337,84.8,5,52,0.0962,0.3571,62.5,17.0,61.3,1013.2,0.0,16.3,10.1,256.7,W,13.87,10.11,15.96
491095,2017-06-15,2017,NYY,2017-06-15 19:05:00,19.0,8,7,15,3,25,10,30,388,84.2,5,63,0.0794,0.1,62.6,17.0,76.3,1015.8,0.0,8.9,5.5,202.7,SW,8.23,8.89,6.58
491108,2017-06-16,2017,NYY,2017-06-16 18:35:00,18.0,7,6,13,2,19,11,17,314,83.4,4,46,0.087,0.1176,69.0,20.5,63.7,1012.2,0.0,10.2,6.3,179.6,S,7.16,9.21,4.25
491123,2017-06-17,2017,NYY,2017-06-17 13:05:00,13.0,5,2,7,3,28,7,17,319,76.5,3,41,0.0732,0.1765,80.5,27.0,44.0,1011.1,0.0,10.4,6.5,233.0,SW,10.3,9.18,10.17
491138,2017-06-18,2017,NYY,2017-06-18 13:05:00,13.0,4,3,7,3,15,3,13,270,81.5,3,47,0.0638,0.2308,79.5,26.4,47.0,1007.5,0.0,11.1,6.9,266.3,W,8.33,5.32,10.34
491149,2017-06-19,2017,HOU,2017-06-19 19:05:00,19.0,1,4,5,3,20,5,13,287,81.6,4,45,0.0889,0.2308,63.7,17.6,75.3,1009.3,0.0,8.1,5.1,202.9,SW,7.54,8.13,6.04
491162,2017-06-20,2017,HOU,2017-06-20 19:05:00,19.0,4,8,12,3,17,9,20,317,83.6,6,55,0.1091,0.15,60.9,16.0,79.3,1009.3,0.0,15.2,9.4,176.0,S,9.95,13.26,5.44
491177,2017-06-21,2017,HOU,2017-06-21 19:05:00,19.0,1,5,6,1,17,5,14,276,79.6,1,50,0.02,0.0714,64.9,18.3,75.0,1005.2,0.0,5.0,3.1,302.4,NW,1.09,-0.64,2.68
491191,2017-06-22,2017,HOU,2017-06-22 12:35:00,12.0,9,12,21,3,19,8,25,345,85.4,2,60,0.0333,0.12,79.7,26.5,47.7,1006.2,0.0,13.4,8.3,300.3,NW,3.4,-1.25,7.64
491293,2017-06-30,2017,ATL,2017-06-30 19:05:00,19.0,1,3,4,1,15,6,6,259,78.1,1,44,0.0227,0.1667,56.7,13.7,90.7,1012.0,0.0,16.8,10.4,204.7,SW,15.75,16.8,12.81
491308,2017-07-01,2017,ATL,2017-07-01 13:05:00,13.0,3,4,7,1,15,5,15,296,80.9,2,54,0.037,0.0667,68.1,20.1,62.3,1010.9,0.0,12.6,7.8,223.3,SW,12.56,11.93,11.68
491323,2017-07-02,2017,ATL,2017-07-02 13:05:00,13.0,3,4,7,3,28,13,15,392,81.1,5,54,0.0926,0.2,66.6,19.2,65.0,1013.6,0.0,16.9,10.5,259.0,W,13.98,9.91,16.37
491340,2017-07-03,2017,CWS,2017-07-03 18:05:00,18.0,2,7,9,0,22,12,16,338,80.8,0,49,0.0,0.0,58.6,14.8,87.3,1014.9,0.0,12.6,7.8,281.7,W,6.94,2.91,10.13
491351,2017-07-04,2017,CWS,2017-07-04 13:05:00,13.0,7,6,13,6,14,3,21,297,81.1,4,57,0.0702,0.2857,66.0,18.9,66.0,1015.5,0.0,16.9,10.5,275.7,W,10.71,5.59,14.54
491366,2017-07-05,2017,CWS,2017-07-05 12:35:00,12.0,7,4,11,3,21,7,14,343,79.2,4,41,0.0976,0.2143,65.2,18.4,63.3,1017.3,0.0,15.4,9.5,258.3,W,12.84,9.18,14.95
491437,2017-07-14,2017,CLE,2017-07-14 19:05:00,19.0,5,0,5,2,24,4,10,277,86.8,2,38,0.0526,0.2,58.7,14.8,84.7,1015.9,0.0,7.3,4.5,223.0,SW,7.26,6.91,6.74
491452,2017-07-15,2017,CLE,2017-07-15 18:05:00,18.0,5,3,8,4,19,5,11,268,80.8,3,42,0.0714,0.3636,69.3,20.7,59.3,1013.0,0.0,4.5,2.8,214.3,SW,4.42,4.44,3.87
491467,2017-07-16,2017,CLE,2017-07-16 13:05:00,13.0,7,3,10,2,17,9,18,300,80.8,4,49,0.0816,0.1111,80.4,26.9,41.0,1011.2,0.0,9.8,6.1,224.7,SW,9.77,9.2,9.16
491489,2017-07-17,2017,TB,2017-07-17 19:05:00,19.0,2,3,5,3,10,5,10,269,80.9,2,55,0.0364,0.3,60.1,15.6,77.3,1011.8,0.0,11.0,6.8,198.3,S,9.8,10.89,7.53
491504,2017-07-18,2017,TB,2017-07-18 19:05:00,19.0,3,4,7,2,19,6,10,277,82.9,3,44,0.0682,0.2,56.8,13.8,88.3,1015.4,0.0,12.8,8.0,221.0,SW,12.77,12.3,11.69
491519,2017-07-19,2017,TB,2017-07-19 12:35:00,12.0,7,2,9,1,14,7,20,280,81.7,4,53,0.0755,0.05,71.8,22.1,50.3,1015.2,0.0,11.5,7.1,226.3,SW,11.5,10.71,10.9
491637,2017-07-28,2017,MIN,2017-07-28 19:05:00,19.0,3,6,9,0,20,11,19,320,83.0,2,49,0.0408,0.0,58.8,14.9,87.0,1012.4,0.0,11.7,7.3,207.0,SW,11.13,11.69,9.22
491652,2017-07-29,2017,MIN,2017-07-29 18:05:00,18.0,5,4,9,3,14,9,21,322,83.2,4,55,0.0727,0.1429,58.6,14.8,89.0,1014.6,0.0,7.7,4.8,257.7,W,6.45,4.65,7.48
491667,2017-07-30,2017,MIN,2017-07-30 13:05:00,13.0,6,5,11,4,25,10,22,387,82.8,7,66,0.1061,0.1818,68.2,20.1,64.0,1016.7,0.0,17.3,10.8,289.3,W,7.51,1.71,12.4
491676,2017-07-31,2017,SF,2017-07-31 19:05:00,19.0,8,5,13,1,13,10,23,315,84.2,4,58,0.069,0.0435,57.7,14.3,93.0,1014.4,0.0,9.5,5.9,268.3,W,6.91,4.26,8.72
491690,2017-08-01,2017,SF,2017-08-01 19:05:00,19.0,4,10,14,4,10,7,21,282,81.8,5,64,0.0781,0.1905,59.8,15.5,93.3,1011.1,0.0,6.5,4.0,298.0,NW,1.89,-0.34,3.89
491788,2017-08-08,2017,SEA,2017-08-08 19:05:00,19.0,6,7,13,3,17,7,19,314,81.7,3,63,0.0476,0.1579,59.5,15.3,94.0,1013.2,0.0,14.3,8.9,244.0,SW,13.49,11.09,14.26
491804,2017-08-09,2017,SEA,2017-08-09 12:35:00,12.0,3,6,9,5,13,5,15,282,83.2,6,56,0.1071,0.3333,67.1,19.5,72.3,1013.8,0.0,17.3,10.7,249.3,W,15.76,12.37,17.25
491806,2017-08-10,2017,BAL,2017-08-10 19:05:00,19.0,2,7,9,4,16,6,17,314,83.4,5,56,0.0893,0.2353,58.9,15.0,95.3,1013.3,0.0,14.9,9.3,232.7,SW,14.8,13.23,14.59
491819,2017-08-11,2017,BAL,2017-08-11 19:05:00,19.0,5,4,9,2,17,3,20,278,83.2,2,49,0.0408,0.1,59.7,15.4,93.0,1011.6,0.0,13.2,8.2,216.0,SW,13.04,12.96,11.54
491834,2017-08-12,2017,BAL,2017-08-12 18:05:00,18.0,5,12,17,2,21,7,30,334,83.7,4,59,0.0678,0.0667,59.8,15.4,88.7,1012.3,0.0,15.2,9.5,215.0,SW,15.0,15.0,13.19
491849,2017-08-13,2017,BAL,2017-08-13 13:05:00,13.0,9,3,12,4,18,3,18,240,85.4,3,50,0.06,0.2222,67.2,19.5,74.7,1012.8,0.0,20.9,13.0,232.3,SW,20.76,18.6,20.42
491868,2017-08-14,2017,KC,2017-08-14 19:05:00,19.0,2,6,8,1,10,4,15,274,80.8,1,58,0.0172,0.0667,58.8,14.9,86.3,1010.5,0.0,19.1,11.8,227.0,SW,19.06,17.68,18.13
491880,2017-08-15,2017,KC,2017-08-15 19:05:00,19.0,10,8,18,6,16,4,22,314,84.7,7,55,0.1273,0.2727,57.8,14.3,89.0,1012.0,0.0,14.3,8.9,232.3,SW,14.15,12.67,13.92
491895,2017-08-16,2017,KC,2017-08-16 12:35:00,12.0,6,7,13,3,21,9,26,362,82.3,4,57,0.0702,0.1154,71.8,22.1,59.0,1013.6,0.0,14.1,8.7,273.3,W,9.35,5.19,12.38
492022,2017-08-25,2017,TEX,2017-08-25 19:05:00,19.0,3,1,4,2,16,3,13,244,84.0,2,45,0.0444,0.1538,60.3,15.7,92.3,1010.3,0.0,4.1,2.5,240.4,SW,3.92,3.32,4.05
492037,2017-08-26,2017,TEX,2017-08-26 13:05:00,13.0,8,3,11,2,12,9,20,330,85.1,2,55,0.0364,0.1,76.1,24.5,49.3,1013.0,0.0,11.9,7.4,280.7,W,6.69,2.94,9.64
492052,2017-08-27,2017,TEX,2017-08-27 13:05:00,13.0,8,3,11,3,17,6,20,320,81.1,3,55,0.0545,0.15,83.1,28.4,45.7,1011.5,0.0,11.3,7.0,274.0,W,7.44,4.06,9.91
492153,2017-09-04,2017,LAA,2017-09-04 13:05:00,13.0,9,11,20,5,20,9,30,416,81.9,6,71,0.0845,0.1667,80.6,27.0,52.3,1009.7,0.0,16.2,10.1,287.1,W,7.58,2.23,12.02
492168,2017-09-05,2017,LAA,2017-09-05 19:05:00,19.0,7,8,15,4,18,12,22,368,83.5,3,62,0.0484,0.1818,66.2,19.0,91.0,1014.2,0.0,8.9,5.6,283.9,W,4.61,1.71,6.95
492183,2017-09-06,2017,LAA,2017-09-06 12:35:00,12.0,3,1,4,1,22,5,14,296,80.2,2,43,0.0465,0.0714,71.2,21.8,69.7,1014.2,0.0,17.1,10.6,285.3,W,8.48,2.88,13.06
492205,2017-09-08,2017,HOU,2017-09-08 19:05:00,19.0,9,8,17,7,9,7,25,286,82.7,9,63,0.1429,0.28,61.6,16.5,94.7,1011.6,0.0,11.3,7.0,233.7,SW,11.2,9.95,11.11
490275,2017-09-09,2017,HOU,2017-04-16 13:05:00,13.0,11,4,15,4,16,5,21,266,86.3,6,55,0.1091,0.1905,56.0,13.3,69.0,1014.5,0.8,21.0,13.0,152.3,SE,6.24,12.71,-0.99
492220,2017-09-09,2017,HOU,2017-09-09 13:05:00,13.0,11,1,12,0,23,17,16,360,81.5,2,43,0.0465,0.0,70.8,21.5,71.7,1014.8,0.0,13.7,8.5,275.0,W,8.83,4.7,11.89
492235,2017-09-10,2017,HOU,2017-09-10 13:05:00,13.0,10,2,12,5,14,11,20,348,83.0,4,56,0.0714,0.25,88.8,31.5,42.3,1012.1,0.0,13.0,8.1,271.7,W,8.9,5.14,11.59
492402,2017-09-22,2017,TEX,2017-09-22 19:05:00,19.0,4,1,5,2,16,5,15,248,80.7,3,49,0.0612,0.1333,58.8,14.9,74.7,1011.6,0.0,5.7,3.6,326.2,NW,-1.12,-2.97,0.87
492417,2017-09-23,2017,TEX,2017-09-23 18:05:00,18.0,1,0,1,1,17,2,9,249,83.6,1,42,0.0238,0.1111,66.1,18.9,53.7,1011.3,0.0,3.6,2.2,294.2,NW,1.28,0.05,2.35
492432,2017-09-24,2017,TEX,2017-09-24 13:05:00,13.0,8,1,9,2,11,5,13,278,82.4,2,51,0.0392,0.1538,77.4,25.2,30.0,1012.4,0.0,14.7,9.2,275.3,W,9.4,4.96,12.72
492441,2017-09-25,2017,SEA,2017-09-25 19:05:00,19.0,1,7,8,5,11,7,11,254,82.6,4,50,0.08,0.4545,64.4,18.0,52.0,1010.0,0.0,2.8,1.7,84.3,E,-2.14,-1.41,-2.61
492455,2017-09-26,2017,SEA,2017-09-26 19:05:00,19.0,3,6,9,4,13,3,19,272,82.7,2,56,0.0357,0.2105,74.5,23.6,36.7,1008.2,0.0,3.7,2.3,46.9,NE,-3.73,-3.46,-3.55
492470,2017-09-27,2017,SEA,2017-09-27 12:35:00,12.0,6,5,11,3,12,3,19,277,85.5,5,57,0.0877,0.1579,86.7,30.4,23.7,1010.9,0.0,13.4,8.3,246.7,SW,12.45,10.01,13.39
529412,2018-03-29,2018,LAA,2018-03-29 13:05:00,13.0,6,5,11,5,18,6,25,366,84.5,8,70,0.1143,0.2,76.2,24.6,44.0,1017.0,0.0,8.0,5.0,311.2,NW,0.53,-2.22,3.22
529425,2018-03-30,2018,LAA,2018-03-30 19:05:00,19.0,1,2,3,1,15,1,13,266,84.0,3,50,0.06,0.0769,62.4,16.9,74.7,1015.9,0.0,7.9,4.9,345.3,N,-3.97,-6.05,-1.41
529436,2018-03-31,2018,LAA,2018-03-31 13:05:00,13.0,3,8,11,0,15,6,20,307,85.3,0,60,0.0,0.0,63.1,17.3,73.0,1016.4,0.0,9.6,6.0,246.3,SW,8.94,7.21,9.6
529450,2018-04-01,2018,LAA,2018-04-01 13:05:00,13.0,4,7,11,1,11,7,18,288,84.2,3,58,0.0517,0.0556,63.8,17.7,69.3,1011.9,0.0,9.8,6.1,247.0,SW,9.12,7.31,9.83
529469,2018-04-02,2018,TEX,2018-04-02 19:05:00,19.0,3,1,4,1,18,7,16,294,85.8,4,48,0.0833,0.0625,52.6,11.5,89.7,1012.2,0.0,7.5,4.7,179.3,S,5.24,6.76,3.09
529482,2018-04-03,2018,TEX,2018-04-03 19:05:00,19.0,1,4,5,2,15,5,18,287,82.9,1,51,0.0196,0.1111,52.3,11.3,89.3,1015.8,0.0,7.9,4.9,223.7,SW,7.9,7.48,7.36
529495,2018-04-04,2018,TEX,2018-04-04 19:05:00,19.0,6,2,8,1,14,6,13,255,86.3,3,47,0.0638,0.0769,53.1,11.7,80.0,1017.8,0.0,11.2,6.9,247.0,SW,10.35,8.3,11.16
529507,2018-04-05,2018,TEX,2018-04-05 12:35:00,12.0,3,6,9,1,9,4,22,278,84.5,2,64,0.0312,0.0455,56.3,13.5,67.3,1019.2,0.0,4.8,3.0,248.1,W,4.42,3.51,4.79
529643,2018-04-16,2018,CWS,2018-04-16 19:05:00,19.0,8,1,9,2,19,8,14,287,82.3,4,46,0.087,0.1429,48.4,9.1,78.0,1019.2,0.0,11.2,7.0,294.0,NW,4.01,0.2,7.35
529656,2018-04-17,2018,CWS,2018-04-17 19:05:00,19.0,10,2,12,2,22,9,21,318,84.0,5,47,0.1064,0.0952,51.8,11.0,79.7,1021.9,0.0,8.4,5.2,313.8,NW,0.18,-2.71,3.06
529671,2018-04-18,2018,CWS,2018-04-18 12:35:00,12.0,12,11,23,3,24,18,33,556,85.2,7,90,0.0778,0.0909,55.7,13.2,54.7,1018.3,0.0,14.0,8.7,253.0,W,12.33,9.35,13.83
529691,2018-04-20,2018,BOS,2018-04-20 19:05:00,19.0,3,7,10,2,17,3,21,303,86.3,2,55,0.0364,0.0952,52.9,11.6,93.0,1020.3,0.0,8.9,5.5,179.5,S,6.22,8.0,3.68
529706,2018-04-21,2018,BOS,2018-04-21 18:05:00,18.0,3,0,3,1,20,4,7,233,81.6,2,39,0.0513,0.1429,58.0,14.5,88.3,1016.2,0.0,3.8,2.4,229.3,SW,3.82,3.49,3.69
529721,2018-04-22,2018,BOS,2018-04-22 13:05:00,13.0,4,1,5,1,16,2,15,240,83.7,2,49,0.0408,0.0667,69.7,20.9,71.7,1013.4,0.0,14.5,9.0,267.7,W,10.66,6.66,13.38
529880,2018-05-04,2018,BAL,2018-05-04 19:05:00,19.0,6,4,10,3,21,5,20,338,84.7,6,51,0.1176,0.15,54.4,12.5,90.7,1019.5,0.0,6.9,4.3,226.0,SW,6.9,6.44,6.52
529895,2018-05-05,2018,BAL,2018-05-05 18:05:00,18.0,2,0,2,1,31,7,11,351,81.9,4,48,0.0833,0.0909,52.5,11.4,93.3,1015.6,0.0,14.9,9.3,247.7,W,13.75,10.96,14.88
529911,2018-05-06,2018,BAL,2018-05-06 13:05:00,13.0,2,1,3,1,17,2,10,249,82.2,2,44,0.0455,0.1,61.4,16.3,68.7,1018.6,0.0,18.6,11.6,255.3,W,16.08,11.89,18.33
529927,2018-05-07,2018,HOU,2018-05-07 19:05:00,19.0,2,16,18,3,9,8,28,294,87.5,4,71,0.0563,0.1071,54.4,12.4,94.0,1017.4,0.0,7.4,4.6,189.9,S,6.08,7.18,4.25
529938,2018-05-08,2018,HOU,2018-05-08 19:05:00,19.0,2,4,6,1,12,6,18,261,85.3,5,55,0.0909,0.0556,54.2,12.3,98.3,1018.0,0.0,14.9,9.2,245.7,SW,13.91,11.28,14.87
529953,2018-05-09,2018,HOU,2018-05-09 12:35:00,12.0,1,4,5,2,14,3,14,264,82.1,4,51,0.0784,0.1429,61.6,16.4,68.7,1018.3,0.0,21.6,13.4,252.0,W,19.25,14.73,21.44
530130,2018-05-22,2018,SEA,2018-05-22 19:05:00,19.0,2,3,5,1,17,4,13,301,84.6,1,55,0.0182,0.0769,54.9,12.7,87.7,1011.9,0.0,17.8,11.0,243.0,SW,16.9,14.0,17.76
530145,2018-05-23,2018,SEA,2018-05-23 19:05:00,19.0,0,1,1,0,17,5,9,277,83.0,0,45,0.0,0.0,53.8,12.1,89.3,1015.1,0.0,15.0,9.3,268.0,W,10.99,6.82,13.84
530153,2018-05-24,2018,SEA,2018-05-24 12:35:00,12.0,4,3,7,0,13,5,15,266,83.2,0,48,0.0,0.0,60.0,15.6,68.3,1017.4,0.0,19.8,12.3,270.3,W,13.94,8.28,17.93
530154,2018-05-25,2018,AZ,2018-05-25 18:35:00,18.0,1,7,8,2,15,7,17,299,86.5,8,56,0.1429,0.1176,56.2,13.5,87.0,1018.7,0.0,11.3,7.0,277.6,W,6.86,3.37,9.51
530169,2018-05-26,2018,AZ,2018-05-26 13:05:00,13.0,3,0,3,3,8,1,7,216,85.3,4,51,0.0784,0.4286,63.1,17.3,69.3,1017.2,0.0,11.2,7.0,241.1,SW,10.76,9.05,11.17
530184,2018-05-27,2018,AZ,2018-05-27 13:05:00,13.0,2,1,3,1,20,6,10,259,82.7,2,39,0.0513,0.1,65.0,18.3,67.0,1013.8,0.0,12.1,7.5,260.7,W,9.83,6.82,11.65
530210,2018-05-28,2018,TB,2018-05-28 13:05:00,13.0,0,1,1,0,21,6,14,357,85.6,3,69,0.0435,0.0,72.9,22.7,57.0,1012.5,0.0,14.1,8.8,282.3,W,7.63,3.1,11.24
530225,2018-05-29,2018,TB,2018-05-29 19:05:00,19.0,3,4,7,4,21,5,15,305,81.7,3,46,0.0652,0.2667,57.2,14.0,84.3,1006.6,0.0,14.0,8.7,196.3,S,12.28,13.84,9.25
530240,2018-05-30,2018,TB,2018-05-30 19:05:00,19.0,0,6,6,2,13,4,11,295,82.4,3,53,0.0566,0.1818,53.4,11.9,82.0,1010.3,0.0,24.8,15.4,252.3,W,22.06,16.83,24.63
530252,2018-05-31,2018,TB,2018-05-31 12:35:00,12.0,7,3,10,3,16,8,14,271,83.9,4,50,0.08,0.2143,62.8,17.1,56.7,1013.5,0.0,22.3,13.9,252.3,W,19.81,15.11,22.12
530338,2018-06-07,2018,KC,2018-06-07 19:05:00,19.0,4,1,5,2,14,1,13,227,83.1,4,48,0.0833,0.1538,54.8,12.7,87.7,1016.6,0.0,15.0,9.3,230.0,SW,14.91,13.56,14.46
530349,2018-06-08,2018,KC,2018-06-08 19:05:00,19.0,7,2,9,4,14,3,18,256,84.7,4,55,0.0727,0.2222,56.1,13.4,93.0,1017.1,0.0,16.9,10.5,253.0,W,14.89,11.29,16.7
530364,2018-06-09,2018,KC,2018-06-09 13:05:00,13.0,0,2,2,1,20,5,8,249,84.4,3,42,0.0714,0.125,68.2,20.1,35.3,1018.0,0.0,22.3,13.8,276.7,W,13.81,7.0,18.95
530379,2018-06-10,2018,KC,2018-06-10 13:05:00,13.0,3,2,5,2,13,5,14,239,77.6,3,51,0.0588,0.1429,69.4,20.8,40.3,1017.5,0.0,19.7,12.2,257.0,W,16.71,12.13,19.27
530401,2018-06-12,2018,HOU,2018-06-12 19:05:00,19.0,3,6,9,2,13,8,19,272,85.5,3,58,0.0517,0.1053,61.0,16.1,77.0,1008.7,0.0,9.9,6.1,173.9,S,6.2,8.45,3.2
530416,2018-06-13,2018,HOU,2018-06-13 19:05:00,19.0,5,13,18,7,21,10,21,328,84.0,7,53,0.1321,0.3333,58.6,14.8,86.7,1008.2,0.0,12.1,7.5,202.0,S,11.14,12.08,8.85
530429,2018-06-14,2018,HOU,2018-06-14 12:35:00,12.0,3,7,10,3,12,4,18,258,84.4,3,58,0.0517,0.1667,67.9,19.9,56.3,1008.3,0.0,15.4,9.6,239.7,SW,14.9,12.66,15.33
530441,2018-06-15,2018,LAA,2018-06-15 18:35:00,18.0,4,8,12,1,16,8,19,331,81.1,1,56,0.0179,0.0526,56.9,13.8,84.0,1006.2,0.0,20.8,12.9,216.7,SW,20.58,20.37,18.31
530456,2018-06-16,2018,LAA,2018-06-16 13:05:00,13.0,6,4,10,3,14,6,12,284,84.7,4,48,0.0833,0.25,67.9,19.9,60.3,1005.1,0.0,21.7,13.5,253.7,W,19.01,14.31,21.42
530471,2018-06-17,2018,LAA,2018-06-17 13:05:00,13.0,6,5,11,4,19,9,16,328,82.8,9,59,0.1525,0.25,69.0,20.6,55.3,1012.2,0.0,16.5,10.3,263.7,W,12.91,8.6,15.66
530626,2018-06-29,2018,CLE,2018-06-29 19:05:00,19.0,3,1,4,1,17,4,14,279,84.1,2,45,0.0444,0.0714,63.7,17.6,70.7,1010.3,0.0,9.8,6.1,171.3,S,5.83,8.18,2.76
530641,2018-06-30,2018,CLE,2018-06-30 13:05:00,13.0,7,2,9,5,16,5,11,279,81.9,6,44,0.1364,0.4545,74.1,23.4,49.0,1011.9,0.0,18.4,11.4,284.0,W,9.46,3.5,14.27
530656,2018-07-01,2018,CLE,2018-07-01 13:05:00,13.0,3,15,18,2,17,5,29,337,84.9,8,63,0.127,0.069,68.3,20.2,66.3,1014.4,0.0,21.4,13.3,279.0,W,12.56,5.89,17.71
530689,2018-07-03,2018,SD,2018-07-03 18:05:00,18.0,6,2,8,2,11,9,17,266,83.4,2,50,0.04,0.1176,60.7,15.9,78.7,1010.4,0.0,13.3,8.3,255.3,W,11.48,8.49,13.08
530704,2018-07-04,2018,SD,2018-07-04 13:05:00,13.0,4,2,6,1,8,10,13,250,84.7,2,52,0.0385,0.0769,64.0,17.8,66.3,1015.7,0.0,22.5,14.0,262.3,W,17.89,12.14,21.48
530871,2018-07-20,2018,SF,2018-07-20 18:35:00,18.0,1,5,6,2,16,2,12,258,81.7,4,50,0.08,0.1667,63.6,17.5,80.0,1012.3,0.0,11.5,7.2,297.0,NW,3.56,-0.4,7.1
530886,2018-07-21,2018,SF,2018-07-21 18:05:00,18.0,4,3,7,1,24,14,13,368,82.9,1,50,0.02,0.0769,62.7,17.1,85.0,1015.6,0.0,14.8,9.2,267.3,W,10.97,6.89,13.72
530901,2018-07-22,2018,SF,2018-07-22 13:05:00,13.0,6,5,11,5,12,7,17,313,84.9,8,61,0.1311,0.2941,68.7,20.4,67.3,1018.1,0.0,17.4,10.8,274.7,W,11.24,6.03,15.09
531009,2018-07-30,2018,TOR,2018-07-30 19:05:00,19.0,10,1,11,3,13,11,17,299,84.3,4,56,0.0714,0.1765,58.8,14.9,86.7,1013.1,0.0,11.1,6.9,206.0,SW,10.53,11.13,8.66
531024,2018-07-31,2018,TOR,2018-07-31 19:05:00,19.0,6,2,8,2,18,8,17,315,83.3,4,49,0.0816,0.1176,58.6,14.8,86.0,1012.9,0.0,11.7,7.3,197.0,S,10.33,11.59,7.83
531036,2018-08-01,2018,TOR,2018-08-01 12:35:00,12.0,8,3,11,2,17,8,21,315,81.5,2,52,0.0385,0.0952,64.3,17.9,72.0,1014.5,0.0,15.2,9.4,229.3,SW,15.16,13.85,14.64
531054,2018-08-03,2018,DET,2018-08-03 19:05:00,19.0,1,0,1,0,18,4,13,349,81.4,2,67,0.0299,0.0,64.8,18.2,69.3,1012.1,0.0,6.1,3.8,192.0,S,5.15,5.98,3.69
531069,2018-08-04,2018,DET,2018-08-04 18:05:00,18.0,2,1,3,2,16,4,13,232,84.6,2,45,0.0444,0.1538,59.4,15.2,84.3,1012.4,0.0,11.1,6.9,204.7,SW,10.41,11.1,8.46
531084,2018-08-05,2018,DET,2018-08-05 13:05:00,13.0,6,0,6,3,18,4,13,278,80.6,3,45,0.0667,0.2308,70.2,21.2,59.3,1014.0,0.0,10.5,6.5,218.0,SW,10.39,10.2,9.33
531111,2018-08-07,2018,LAD,2018-08-07 19:05:00,19.0,2,4,6,1,18,11,13,322,83.0,2,47,0.0426,0.0769,57.3,14.0,93.0,1011.4,0.0,10.6,6.6,201.3,S,9.68,10.55,7.64
531125,2018-08-08,2018,LAD,2018-08-08 19:05:00,19.0,3,2,5,1,13,2,15,279,82.9,3,54,0.0556,0.0667,57.6,14.2,92.7,1012.8,0.0,5.5,3.4,223.4,SW,5.53,5.25,5.14
531192,2018-08-13,2018,SEA,2018-08-13 19:05:00,19.0,7,6,13,0,12,10,21,303,83.9,1,57,0.0175,0.0,56.5,13.6,96.0,1013.2,0.0,15.7,9.8,240.0,SW,15.16,12.86,15.64
531206,2018-08-14,2018,SEA,2018-08-14 19:05:00,19.0,3,2,5,3,12,3,17,234,82.9,4,52,0.0769,0.1765,58.6,14.8,96.7,1012.2,0.0,16.7,10.4,248.3,W,15.3,12.12,16.64
531221,2018-08-15,2018,SEA,2018-08-15 12:35:00,12.0,0,2,2,1,18,4,16,324,83.4,3,68,0.0441,0.0625,66.2,19.0,70.0,1014.3,0.0,20.2,12.5,254.0,W,17.64,13.23,19.92
531239,2018-08-17,2018,HOU,2018-08-17 19:05:00,19.0,4,3,7,3,16,11,14,341,82.4,3,53,0.0566,0.2143,58.5,14.7,89.0,1016.3,0.0,5.0,3.1,293.7,NW,1.81,0.12,3.28
531254,2018-08-18,2018,HOU,2018-08-18 13:05:00,13.0,7,1,8,1,16,3,13,257,83.7,2,47,0.0426,0.0769,72.2,22.3,50.0,1016.3,0.0,11.8,7.3,289.0,W,5.17,1.23,8.49
531269,2018-08-19,2018,HOU,2018-08-19 13:05:00,13.0,4,9,13,8,21,2,21,295,87.6,8,51,0.1569,0.381,66.4,19.1,66.0,1013.1,0.0,13.6,8.4,268.3,W,9.87,6.09,12.46
531287,2018-08-20,2018,TEX,2018-08-20 19:05:00,19.0,9,0,9,4,16,5,17,284,82.2,4,51,0.0784,0.2353,56.7,13.7,95.0,1012.5,0.0,12.9,8.0,243.7,SW,12.25,10.1,12.93
531302,2018-08-21,2018,TEX,2018-08-21 19:05:00,19.0,6,0,6,1,12,4,14,252,83.5,1,52,0.0192,0.0714,60.2,15.7,91.3,1014.6,0.0,12.4,7.7,248.0,W,11.41,9.07,12.38
531317,2018-08-22,2018,TEX,2018-08-22 12:35:00,12.0,2,4,6,2,19,8,13,294,83.4,3,46,0.0652,0.1538,67.5,19.7,70.0,1016.6,0.0,14.9,9.3,269.3,W,10.66,6.45,13.58
531416,2018-08-30,2018,SEA,2018-08-30 19:05:00,19.0,1,7,8,1,12,6,13,272,83.0,3,54,0.0556,0.0769,59.2,15.1,88.3,1016.5,0.0,10.8,6.7,259.3,W,8.89,6.28,10.43
531429,2018-08-31,2018,SEA,2018-08-31 19:05:00,19.0,7,5,12,5,16,3,22,298,86.2,6,57,0.1053,0.2273,58.4,14.7,94.7,1012.5,0.0,9.5,5.9,189.4,S,7.73,9.15,5.37
531444,2018-09-01,2018,SEA,2018-09-01 18:05:00,18.0,7,8,15,2,23,8,18,337,85.6,6,50,0.12,0.1111,60.4,15.8,85.0,1009.4,0.0,11.0,6.9,215.0,SW,10.87,10.87,9.55
531459,2018-09-02,2018,SEA,2018-09-02 13:05:00,13.0,8,2,10,2,13,7,17,268,85.6,3,53,0.0566,0.1176,71.1,21.7,57.3,1009.1,0.0,14.5,9.0,274.3,W,9.43,5.11,12.61
531471,2018-09-03,2018,NYY,2018-09-03 13:05:00,13.0,6,3,9,2,21,7,14,283,81.6,2,44,0.0455,0.1429,67.4,19.7,66.3,1010.8,0.0,17.9,11.1,278.0,W,10.79,5.24,15.04
531486,2018-09-04,2018,NYY,2018-09-04 19:05:00,19.0,1,5,6,3,19,7,10,285,85.6,2,41,0.0488,0.3,58.9,14.9,94.0,1010.7,0.0,9.6,6.0,267.3,W,7.12,4.47,8.91
531501,2018-09-05,2018,NYY,2018-09-05 19:05:00,19.0,8,2,10,1,15,5,16,271,85.5,6,51,0.1176,0.0625,55.9,13.3,93.3,1015.8,0.0,14.8,9.2,249.3,W,13.52,10.61,14.79
531524,2018-09-07,2018,TEX,2018-09-07 19:05:00,19.0,8,4,12,4,16,12,18,325,83.8,3,52,0.0577,0.2222,61.1,16.2,82.7,1014.3,0.0,8.6,5.3,158.7,S,3.44,5.92,0.55
531539,2018-09-08,2018,TEX,2018-09-08 13:05:00,13.0,8,6,14,6,19,7,18,332,84.9,8,50,0.16,0.3333,73.7,23.2,52.7,1013.2,0.0,10.6,6.6,222.3,SW,10.62,10.15,9.81
531554,2018-09-09,2018,TEX,2018-09-09 13:05:00,13.0,7,3,10,1,11,10,13,279,87.5,1,49,0.0204,0.0769,73.3,23.0,53.0,1011.1,0.0,10.7,6.6,244.0,SW,10.09,8.29,10.67
531667,2018-09-18,2018,LAA,2018-09-18 19:05:00,19.0,7,9,16,2,18,11,16,337,82.0,2,50,0.04,0.125,56.8,13.8,93.0,1011.7,0.0,8.3,5.1,196.6,S,7.27,8.18,5.49
531682,2018-09-19,2018,LAA,2018-09-19 19:05:00,19.0,10,0,10,1,11,3,14,244,85.3,1,55,0.0182,0.0714,61.5,16.4,76.3,1009.7,0.0,3.4,2.1,146.3,SE,0.67,1.79,-0.52
531694,2018-09-20,2018,LAA,2018-09-20 12:35:00,12.0,21,3,24,5,16,10,27,323,86.5,5,60,0.0833,0.1852,79.8,26.6,34.0,1010.4,0.0,11.8,7.3,272.3,W,8.0,4.55,10.48
531706,2018-09-21,2018,MIN,2018-09-21 19:05:00,19.0,7,6,13,4,21,8,16,330,82.4,8,51,0.1569,0.25,57.9,14.4,92.7,1014.6,0.0,7.6,4.7,295.3,NW,2.55,-0.04,4.83
531721,2018-09-22,2018,MIN,2018-09-22 18:05:00,18.0,3,2,5,1,11,6,15,272,85.2,2,55,0.0364,0.0667,61.9,16.6,83.7,1011.8,0.0,7.0,4.3,170.9,S,4.08,5.77,1.91
531736,2018-09-23,2018,MIN,2018-09-23 13:05:00,13.0,1,5,6,2,15,4,17,287,83.9,2,53,0.0377,0.1176,66.6,19.2,60.7,1011.7,0.0,11.2,7.0,229.0,SW,11.17,10.23,10.77
566083,2019-03-20,2019,SEA,2019-03-20 02:35:00,2.0,7,9,16,5,18,9,16,298,,0,50,0.0,0.3125,52.6,11.5,81.7,1011.4,0.4,15.2,9.4,120.5,SE,-3.79,1.46,-8.58
566084,2019-03-21,2019,SEA,2019-03-21 02:35:00,2.0,4,5,9,2,19,11,19,391,,0,71,0.0,0.1053,45.7,7.6,86.3,1018.1,0.0,3.3,2.1,62.8,NE,-3.14,-2.61,-3.3
566086,2019-03-28,2019,LAA,2019-03-28 13:07:00,13.0,4,0,4,2,7,5,10,221,88.9,3,52,0.0577,0.2,57.3,14.0,76.7,1023.5,0.3,17.7,11.0,232.7,SW,17.57,15.71,17.32
566087,2019-03-29,2019,LAA,2019-03-29 19:07:00,19.0,2,6,8,1,8,8,17,279,83.3,4,59,0.0678,0.0588,52.2,11.2,86.3,1025.5,0.0,10.1,6.3,296.0,NW,3.3,-0.18,6.37
566088,2019-03-30,2019,LAA,2019-03-30 18:07:00,18.0,4,2,6,1,13,4,13,269,85.8,1,52,0.0192,0.0769,55.6,13.1,82.0,1020.9,0.0,5.6,3.5,271.0,W,3.89,2.28,5.03
566089,2019-03-31,2019,LAA,2019-03-31 13:07:00,13.0,2,1,3,2,14,4,10,260,84.4,1,46,0.0217,0.2,65.8,18.8,75.7,1019.2,0.0,8.2,5.1,272.3,W,5.56,3.16,7.28
566090,2019-04-01,2019,BOS,2019-04-01 19:07:00,19.0,7,0,7,4,22,4,13,262,84.5,4,41,0.0976,0.3077,54.8,12.7,92.3,1013.0,1.2,3.5,2.2,117.0,SE,-1.07,0.12,-2.13
566091,2019-04-02,2019,BOS,2019-04-02 19:07:00,19.0,1,0,1,1,13,4,10,240,81.4,2,46,0.0435,0.1,54.4,12.4,91.0,1013.4,0.0,7.6,4.7,232.0,SW,7.58,6.8,7.44
566092,2019-04-03,2019,BOS,2019-04-03 19:07:00,19.0,3,6,9,2,14,7,14,329,82.1,2,54,0.037,0.1429,54.0,12.2,90.0,1016.6,0.0,5.5,3.4,292.0,W,2.16,0.29,3.78
566093,2019-04-04,2019,BOS,2019-04-04 12:37:00,12.0,7,3,10,2,12,9,23,312,83.2,2,59,0.0339,0.087,59.0,15.0,72.0,1016.3,0.0,12.2,7.6,222.3,SW,12.15,11.61,11.23
566094,2019-04-16,2019,HOU,2019-04-16 19:07:00,19.0,1,9,10,3,16,12,13,328,80.1,4,49,0.0816,0.2308,54.5,12.5,81.3,1019.1,0.0,8.5,5.3,317.4,NW,-0.35,-3.22,2.57
566095,2019-04-17,2019,HOU,2019-04-17 19:07:00,19.0,2,1,3,1,11,5,8,251,83.0,1,47,0.0213,0.125,54.7,12.6,92.0,1020.9,0.0,3.9,2.4,242.7,SW,3.68,3.06,3.86
566096,2019-04-19,2019,TOR,2019-04-19 19:07:00,19.0,1,5,6,1,18,5,13,261,85.3,3,48,0.0625,0.0769,53.4,11.9,94.7,1011.5,0.0,16.2,10.1,230.3,SW,16.16,14.67,15.7
566097,2019-04-20,2019,TOR,2019-04-20 13:07:00,13.0,1,10,11,3,19,5,21,294,82.2,3,55,0.0545,0.1429,59.1,15.0,75.0,1013.7,0.0,29.0,18.0,259.3,W,23.92,16.89,28.06
566098,2019-04-21,2019,TOR,2019-04-21 13:07:00,13.0,4,5,9,1,15,7,20,304,81.2,3,55,0.0545,0.05,63.1,17.3,65.3,1018.3,0.0,15.4,9.6,255.3,W,13.29,9.83,15.15
566099,2019-04-22,2019,TEX,2019-04-22 19:07:00,19.0,6,1,7,1,18,8,13,282,84.2,3,45,0.0667,0.0769,58.9,15.0,85.7,1015.3,0.0,3.4,2.1,137.9,SE,0.17,1.33,-1.01
566100,2019-04-23,2019,TEX,2019-04-23 19:07:00,19.0,11,5,16,2,16,8,28,324,84.5,5,62,0.0806,0.0714,64.4,18.0,79.0,1012.8,0.0,3.2,2.0,170.1,S,1.82,2.6,0.82
566101,2019-04-24,2019,TEX,2019-04-24 12:37:00,12.0,6,5,11,5,18,9,18,323,83.4,4,50,0.08,0.2778,74.2,23.4,71.0,1013.3,0.0,11.4,7.1,271.3,W,7.89,4.59,10.25
566102,2019-05-07,2019,CIN,2019-05-07 19:07:00,19.0,2,0,2,1,17,3,5,259,83.6,3,39,0.0769,0.2,53.7,12.1,85.0,1016.8,0.0,14.3,8.9,251.3,W,12.82,9.87,14.21
566103,2019-05-08,2019,CIN,2019-05-08 19:07:00,19.0,5,4,9,2,20,14,19,413,81.5,2,69,0.029,0.1053,54.6,12.5,90.7,1011.0,0.0,11.7,7.2,254.0,W,10.2,7.65,11.52
566104,2019-05-09,2019,CIN,2019-05-09 12:37:00,12.0,0,3,3,2,17,5,14,264,81.2,3,46,0.0652,0.1429,63.9,17.7,69.7,1008.0,0.0,16.3,10.1,264.0,W,12.69,8.41,15.44
566105,2019-05-10,2019,CLE,2019-05-10 18:37:00,18.0,4,3,7,2,18,8,20,354,83.7,5,67,0.0746,0.1,57.7,14.3,86.3,1011.6,0.0,13.4,8.3,256.3,W,11.45,8.37,13.14
566106,2019-05-11,2019,CLE,2019-05-11 13:05:00,13.0,3,2,5,1,21,7,14,316,83.8,3,44,0.0682,0.0714,61.1,16.2,73.3,1013.9,0.0,15.8,9.8,266.3,W,11.84,7.56,14.69
566107,2019-05-12,2019,CLE,2019-05-12 13:07:00,13.0,3,5,8,2,13,8,14,274,85.2,3,50,0.06,0.1429,61.2,16.2,73.0,1014.9,0.0,18.7,11.6,250.0,W,16.92,13.2,18.6
566108,2019-05-24,2019,SEA,2019-05-24 19:07:00,19.0,6,2,8,3,18,11,18,322,81.3,5,49,0.102,0.1667,55.5,13.0,94.3,1013.4,0.0,11.7,7.3,238.3,SW,11.39,9.78,11.62
566109,2019-05-25,2019,SEA,2019-05-25 13:07:00,13.0,6,5,11,4,12,1,20,272,84.2,5,57,0.0877,0.2,63.0,17.2,65.7,1009.1,0.0,9.7,6.0,243.0,SW,9.22,7.64,9.69
566110,2019-05-26,2019,SEA,2019-05-26 13:07:00,13.0,7,1,8,3,11,7,13,279,83.4,5,51,0.098,0.2308,55.1,12.8,77.3,1011.5,0.4,23.0,14.3,270.3,W,16.19,9.61,20.82
566111,2019-05-27,2019,LAA,2019-05-27 13:07:00,13.0,8,5,13,4,14,4,19,284,85.4,1,53,0.0189,0.2105,59.6,15.3,77.0,1018.2,0.0,15.3,9.5,247.7,W,14.15,11.27,15.32
566112,2019-05-28,2019,LAA,2019-05-28 19:07:00,19.0,4,6,10,3,20,11,14,350,81.7,3,47,0.0638,0.2143,55.5,13.1,91.0,1013.7,0.0,12.5,7.8,192.7,S,10.57,12.21,7.65
566113,2019-05-29,2019,LAA,2019-05-29 12:37:00,12.0,7,12,19,4,19,10,28,422,81.8,6,75,0.08,0.1429,66.3,19.1,75.3,1011.3,0.0,11.6,7.2,247.0,SW,10.79,8.64,11.63
566114,2019-05-31,2019,HOU,2019-05-31 19:07:00,19.0,2,3,5,3,7,6,14,267,85.1,4,57,0.0702,0.2143,57.4,14.1,92.3,1010.3,0.0,4.7,2.9,221.1,SW,4.72,4.55,4.33
566115,2019-06-01,2019,HOU,2019-06-01 19:07:00,19.0,1,5,6,3,15,4,13,260,82.6,5,51,0.098,0.2308,56.5,13.6,93.0,1009.3,0.0,7.9,4.9,259.6,W,6.47,4.55,7.61
566116,2019-06-02,2019,HOU,2019-06-02 13:07:00,13.0,4,6,10,4,19,8,21,429,82.3,3,71,0.0423,0.1905,63.4,17.5,77.3,1011.4,0.0,18.1,11.3,271.3,W,12.52,7.28,16.25
566117,2019-06-14,2019,SEA,2019-06-14 18:37:00,18.0,2,9,11,2,9,8,17,311,83.3,2,62,0.0323,0.1176,56.9,13.8,86.7,1013.2,0.0,20.0,12.4,242.0,SW,19.09,15.95,19.94
566118,2019-06-15,2019,SEA,2019-06-15 18:07:00,18.0,11,2,13,1,15,6,20,289,85.2,2,55,0.0364,0.05,55.3,13.0,86.3,1013.1,0.0,16.9,10.5,242.7,SW,16.07,13.35,16.85
566119,2019-06-16,2019,SEA,2019-06-16 13:07:00,13.0,3,6,9,3,20,4,16,292,82.1,4,50,0.08,0.1875,63.6,17.6,72.0,1010.6,0.0,16.1,10.0,262.3,W,12.8,8.69,15.37
566120,2019-06-17,2019,BAL,2019-06-17 19:07:00,19.0,3,2,5,0,11,5,9,246,82.8,0,48,0.0,0.0,61.3,16.3,83.3,1010.5,0.0,7.6,4.7,285.0,W,3.82,1.32,5.85
566121,2019-06-18,2019,BAL,2019-06-18 19:07:00,19.0,16,2,18,7,10,4,19,291,87.0,10,61,0.1639,0.3684,58.7,14.8,93.7,1012.4,0.0,10.9,6.8,272.7,W,7.32,4.13,9.62
566122,2019-06-19,2019,BAL,2019-06-19 12:37:00,12.0,8,3,11,1,17,7,17,305,84.1,1,51,0.0196,0.0588,67.3,19.6,69.0,1013.1,0.0,17.8,11.1,280.3,W,10.12,4.51,14.52
566123,2019-06-20,2019,TB,2019-06-20 19:07:00,19.0,5,4,9,3,19,8,13,295,85.2,6,47,0.1277,0.2308,57.7,14.3,80.3,1010.6,0.0,13.3,8.3,215.7,SW,13.16,13.1,11.62
566124,2019-06-21,2019,TB,2019-06-21 19:07:00,19.0,3,5,8,3,14,4,20,307,84.0,6,57,0.1053,0.15,59.5,15.3,80.0,1011.7,0.0,7.5,4.7,197.8,S,6.7,7.47,5.12
566125,2019-06-22,2019,TB,2019-06-22 13:07:00,13.0,4,2,6,2,12,7,14,267,82.3,2,50,0.04,0.1429,70.2,21.2,60.0,1013.6,0.0,16.2,10.0,272.0,W,11.02,6.32,14.4
566126,2019-06-23,2019,TB,2019-06-23 13:07:00,13.0,2,8,10,1,10,5,21,282,85.1,4,62,0.0645,0.0476,71.2,21.8,57.3,1013.7,0.0,16.9,10.5,294.7,NW,5.86,0.1,10.92
566127,2019-07-02,2019,MIN,2019-07-02 19:07:00,19.0,8,6,14,6,16,7,18,302,85.9,6,51,0.1176,0.3333,58.8,14.9,86.0,1013.0,0.0,13.3,8.2,185.7,S,10.26,12.52,6.77
566128,2019-07-03,2019,MIN,2019-07-03 18:07:00,18.0,3,4,7,2,23,11,19,393,84.7,3,65,0.0462,0.1053,58.6,14.8,83.7,1012.1,0.0,17.1,10.6,228.7,SW,17.1,15.69,16.44
566129,2019-07-04,2019,MIN,2019-07-04 13:07:00,13.0,7,2,9,2,14,6,23,303,83.8,2,57,0.0351,0.087,66.8,19.3,67.3,1013.2,0.0,14.1,8.8,249.0,W,12.91,10.17,14.1
566130,2019-07-12,2019,CWS,2019-07-12 19:07:00,19.0,5,1,6,3,11,4,23,290,84.0,3,60,0.05,0.1304,60.6,15.9,86.3,1011.4,0.0,12.9,8.0,212.7,SW,12.6,12.78,10.9
566131,2019-07-13,2019,CWS,2019-07-13 13:07:00,13.0,13,2,15,1,12,11,20,339,86.1,3,57,0.0526,0.05,69.9,21.1,65.7,1011.8,0.0,11.0,6.9,217.3,SW,10.93,10.78,9.77
566132,2019-07-14,2019,CWS,2019-07-14 13:07:00,13.0,3,2,5,2,15,3,14,271,78.6,3,49,0.0612,0.1429,67.8,19.9,66.7,1016.2,0.0,16.1,10.0,231.7,SW,15.96,14.36,15.63
566133,2019-07-16,2019,SEA,2019-07-16 19:07:00,19.0,9,2,11,4,11,1,18,262,84.2,3,57,0.0526,0.2222,58.5,14.7,92.0,1011.6,0.0,16.8,10.4,216.7,SW,16.59,16.42,14.76
566134,2019-07-17,2019,SEA,2019-07-17 12:37:00,12.0,10,2,12,6,13,6,18,295,84.5,6,54,0.1111,0.3333,72.4,22.5,57.3,1012.1,0.0,15.0,9.3,267.3,W,11.11,6.98,13.91
566135,2019-07-25,2019,TEX,2019-07-25 19:07:00,19.0,3,11,14,1,13,8,16,290,84.2,2,55,0.0364,0.0625,59.8,15.5,90.0,1013.8,0.0,13.6,8.4,269.3,W,9.71,5.88,12.36
566136,2019-07-26,2019,TEX,2019-07-26 19:07:00,19.0,2,5,7,1,23,8,12,323,85.0,3,43,0.0698,0.0833,60.1,15.6,89.7,1016.2,0.0,10.0,6.2,255.7,W,8.57,6.32,9.79
566137,2019-07-27,2019,TEX,2019-07-27 18:07:00,18.0,5,4,9,4,14,2,17,268,87.4,4,53,0.0755,0.2353,70.4,21.3,66.7,1013.3,0.0,3.4,2.1,249.7,W,3.06,2.39,3.36
566138,2019-07-28,2019,TEX,2019-07-28 13:07:00,13.0,6,5,11,3,16,14,18,353,82.3,6,50,0.12,0.1667,73.3,22.9,57.7,1012.8,0.0,11.3,7.0,247.3,SW,10.45,8.36,11.29
566139,2019-07-30,2019,MIL,2019-07-30 19:07:00,19.0,3,2,5,3,24,5,14,282,85.6,4,47,0.0851,0.2143,58.3,14.6,87.7,1013.1,0.0,12.5,7.8,214.3,SW,12.28,12.33,10.75
566140,2019-07-31,2019,MIL,2019-07-31 19:07:00,19.0,2,4,6,1,13,6,16,301,84.6,4,56,0.0714,0.0625,60.4,15.8,87.7,1013.7,0.0,10.2,6.3,228.7,SW,10.18,9.34,9.79
566141,2019-08-01,2019,MIL,2019-08-01 12:37:00,12.0,5,3,8,2,15,9,13,305,84.4,2,49,0.0408,0.1538,64.3,17.9,77.7,1017.3,0.0,19.3,12.0,239.7,SW,18.7,15.9,19.25
566142,2019-08-03,2019,STL,2019-08-03 18:07:00,18.0,8,3,11,2,22,11,19,346,83.3,2,45,0.0444,0.1053,62.4,16.9,92.0,1013.1,0.0,11.8,7.3,219.3,SW,11.74,11.43,10.64
566143,2019-08-04,2019,STL,2019-08-04 13:07:00,13.0,4,2,6,2,18,10,12,332,82.1,3,45,0.0667,0.1667,66.9,19.4,75.3,1015.1,0.0,16.4,10.2,248.7,W,14.99,11.84,16.33
566144,2019-08-15,2019,HOU,2019-08-15 19:07:00,19.0,7,6,13,10,9,4,15,248,87.6,9,55,0.1636,0.6667,69.6,20.9,67.3,1010.6,0.0,3.9,2.4,273.5,W,2.6,1.44,3.46
566145,2019-08-16,2019,HOU,2019-08-16 19:07:00,19.0,3,2,5,2,31,6,17,410,84.4,6,63,0.0952,0.1176,63.8,17.7,85.3,1009.0,0.0,9.8,6.1,261.4,W,7.87,5.41,9.37
566146,2019-08-17,2019,HOU,2019-08-17 13:05:00,13.0,8,4,12,2,11,5,23,295,85.0,3,61,0.0492,0.087,70.2,21.2,63.3,1009.5,0.0,21.1,13.1,237.3,SW,20.61,17.83,20.91
566147,2019-08-18,2019,HOU,2019-08-18 13:07:00,13.0,1,4,5,2,12,8,16,268,81.2,2,55,0.0364,0.125,68.4,20.2,69.3,1012.0,0.0,21.1,13.1,247.0,SW,19.59,15.71,21.12
566148,2019-08-20,2019,NYY,2019-08-20 19:07:00,19.0,6,2,8,4,22,4,20,283,83.6,5,45,0.1111,0.2,59.2,15.1,95.0,1015.2,0.0,12.1,7.5,242.0,SW,11.6,9.69,12.12
566149,2019-08-21,2019,NYY,2019-08-21 19:07:00,19.0,6,4,10,4,16,6,17,260,83.6,4,51,0.0784,0.2353,66.3,19.0,97.0,1011.2,0.0,11.5,7.2,217.3,SW,11.43,11.27,10.21
566150,2019-08-22,2019,NYY,2019-08-22 18:37:00,18.0,5,3,8,2,16,3,18,268,83.5,2,50,0.04,0.1111,66.2,19.0,77.3,1006.3,0.0,7.7,4.8,223.0,SW,7.7,7.32,7.14
566151,2019-08-24,2019,SF,2019-08-24 18:07:00,18.0,5,10,15,3,16,6,23,346,84.5,3,61,0.0492,0.1304,63.3,17.4,86.7,1013.3,0.0,10.4,6.4,286.0,W,5.03,1.62,7.82
566152,2019-08-25,2019,SF,2019-08-25 13:07:00,13.0,4,5,9,3,12,8,15,280,83.5,4,54,0.0741,0.2,70.0,21.1,65.0,1014.7,0.0,14.3,8.9,274.7,W,9.28,4.98,12.45
566153,2019-09-03,2019,LAA,2019-09-03 19:07:00,19.0,7,5,12,4,17,10,14,283,85.7,5,44,0.1136,0.2857,61.8,16.6,93.3,1013.0,0.0,10.9,6.8,225.0,SW,10.9,10.24,10.24
566154,2019-09-04,2019,LAA,2019-09-04 19:07:00,19.0,4,0,4,3,17,5,10,271,84.6,2,44,0.0455,0.3,61.8,16.6,90.7,1011.8,0.0,10.5,6.5,221.7,SW,10.52,10.09,9.67
566155,2019-09-05,2019,LAA,2019-09-05 12:37:00,12.0,10,6,16,3,12,8,20,286,85.2,5,57,0.0877,0.15,68.1,20.0,73.3,1015.7,0.0,19.9,12.3,258.0,W,16.66,11.96,19.36
566156,2019-09-06,2019,DET,2019-09-06 19:07:00,19.0,4,5,9,1,22,8,17,369,82.8,1,59,0.0169,0.0588,60.1,15.6,95.3,1017.3,0.0,13.0,8.1,235.3,SW,12.76,11.19,12.78
566157,2019-09-07,2019,DET,2019-09-07 18:07:00,18.0,10,2,12,3,25,5,21,310,85.1,5,46,0.1087,0.1429,61.8,16.5,91.7,1014.6,0.0,20.6,12.8,256.7,W,17.53,12.78,20.17
566158,2019-09-08,2019,DET,2019-09-08 13:07:00,13.0,3,1,4,1,18,4,9,240,83.1,1,41,0.0244,0.1111,73.1,22.8,56.7,1014.7,0.0,15.6,9.7,248.0,W,14.33,11.38,15.55
566159,2019-09-16,2019,KC,2019-09-16 19:07:00,19.0,5,6,11,3,21,6,21,347,86.1,4,52,0.0769,0.1429,61.5,16.4,91.0,1015.2,0.0,6.8,4.2,245.7,SW,6.33,5.13,6.77
566160,2019-09-17,2019,KC,2019-09-17 19:07:00,19.0,2,1,3,1,15,2,10,248,85.1,3,45,0.0667,0.1,61.6,16.4,94.0,1015.2,0.0,10.9,6.8,270.0,W,7.73,4.62,9.91
566161,2019-09-18,2019,KC,2019-09-18 12:37:00,12.0,1,0,1,0,31,7,9,336,84.0,1,41,0.0244,0.0,68.7,20.4,66.3,1014.0,0.0,19.4,12.1,257.7,W,16.36,11.79,18.96
566162,2019-09-20,2019,TEX,2019-09-20 19:07:00,19.0,8,0,8,2,14,8,11,284,84.8,2,45,0.0444,0.1818,68.8,20.5,53.0,1012.4,0.0,6.0,3.7,341.4,N,-2.65,-4.32,-0.66
566163,2019-09-21,2019,TEX,2019-09-21 18:07:00,18.0,12,3,15,5,19,11,22,339,85.2,5,53,0.0943,0.2273,69.9,21.1,61.3,1011.9,0.0,6.1,3.8,273.0,W,4.06,2.27,5.36
566164,2019-09-22,2019,TEX,2019-09-22 13:07:00,13.0,3,8,11,5,23,2,22,309,86.6,7,51,0.1373,0.2273,70.5,21.4,60.3,1012.7,0.0,9.6,5.9,247.1,SW,8.86,7.09,9.56
631182,2020-07-24,2020,LAA,2020-07-24 19:10:00,19.0,7,3,10,3,19,13,14,346,83.7,5,51,0.098,0.2143,57.7,14.3,87.7,1012.9,0.0,15.2,9.4,239.3,SW,14.69,12.52,15.09
631181,2020-07-25,2020,LAA,2020-07-25 13:10:00,13.0,1,4,5,1,14,2,12,251,82.8,1,50,0.02,0.0833,71.0,21.7,55.7,1012.3,0.0,16.6,10.3,279.3,W,9.7,4.49,13.74
631165,2020-07-26,2020,LAA,2020-07-26 13:10:00,13.0,6,4,10,2,9,5,16,262,82.1,3,55,0.0545,0.125,67.7,19.8,64.0,1013.6,0.0,18.7,11.6,274.0,W,12.25,6.69,16.33
631168,2020-07-27,2020,LAA,2020-07-27 12:40:00,12.0,3,0,3,1,24,6,15,295,82.0,2,41,0.0488,0.0667,67.0,19.4,64.0,1013.5,0.0,17.9,11.1,267.7,W,13.14,8.2,16.49
631171,2020-07-28,2020,COL,2020-07-28 18:40:00,18.0,3,8,11,1,19,6,21,298,86.6,3,57,0.0526,0.0476,60.5,15.8,90.7,1011.3,0.0,12.8,8.0,255.0,W,11.11,8.25,12.64
631172,2020-07-29,2020,COL,2020-07-29 12:40:00,12.0,1,5,6,1,19,6,15,301,82.1,1,49,0.0204,0.0667,64.9,18.3,69.0,1014.1,0.0,16.8,10.4,268.0,W,12.29,7.63,15.46
631173,2020-08-04,2020,TEX,2020-08-04 18:10:00,18.0,5,1,6,2,18,7,11,270,81.9,2,41,0.0488,0.1818,60.2,15.7,88.7,1013.6,0.0,22.4,13.9,229.0,SW,22.35,20.46,21.53
631174,2020-08-05,2020,TEX,2020-08-05 18:10:00,18.0,6,4,10,5,27,4,14,290,82.8,3,38,0.0789,0.3571,60.0,15.5,86.0,1012.8,0.0,23.7,14.7,241.3,SW,22.71,19.07,23.62
631175,2020-08-06,2020,TEX,2020-08-06 12:40:00,12.0,6,4,10,3,13,7,18,246,85.5,3,54,0.0556,0.1667,70.3,21.3,60.7,1012.8,0.0,13.8,8.6,253.0,W,12.21,9.26,13.7
631176,2020-08-07,2020,HOU,2020-08-07 18:10:00,18.0,3,2,5,1,24,10,17,366,83.0,5,68,0.0735,0.0588,61.9,16.6,81.0,1012.9,0.0,8.9,5.6,281.0,W,5.0,2.16,7.23
631177,2020-08-08,2020,HOU,2020-08-08 13:10:00,13.0,3,1,4,2,17,1,14,228,86.8,5,46,0.1087,0.1429,72.4,22.5,54.7,1013.9,0.0,17.5,10.9,282.0,W,9.55,3.94,14.0
631178,2020-08-09,2020,HOU,2020-08-09 13:10:00,13.0,7,2,9,4,20,7,13,289,83.6,4,42,0.0952,0.3077,73.3,23.0,55.7,1012.7,0.0,17.2,10.7,288.7,W,7.64,1.9,12.47
631179,2020-08-19,2020,AZ,2020-08-19 18:40:00,18.0,4,1,5,1,19,8,12,296,81.2,1,42,0.0238,0.0833,67.6,19.8,64.7,1011.6,0.0,10.2,6.3,204.7,SW,9.57,10.2,7.78
631180,2020-08-20,2020,AZ,2020-08-20 18:40:00,18.0,5,1,6,4,16,6,14,289,83.7,6,47,0.1277,0.2857,63.2,17.3,93.3,1009.9,0.0,14.0,8.7,228.0,SW,14.01,12.92,13.42
631186,2020-08-21,2020,LAA,2020-08-21 18:40:00,18.0,5,3,8,1,18,7,19,303,82.4,4,51,0.0784,0.0526,66.3,19.0,86.7,1010.5,0.0,10.3,6.4,216.4,SW,10.15,10.07,9.01
631154,2020-08-22,2020,LAA,2020-08-22 13:10:00,13.0,3,4,7,1,11,6,14,283,84.6,3,58,0.0517,0.0714,72.3,22.4,62.3,1011.3,0.0,10.7,6.7,259.0,W,8.9,6.31,10.41
631170,2020-08-23,2020,LAA,2020-08-23 13:10:00,13.0,5,4,9,1,22,9,18,355,83.3,1,55,0.0182,0.0556,71.5,21.9,56.0,1011.3,0.0,16.2,10.1,279.7,W,9.37,4.28,13.32
631156,2020-09-04,2020,SD,2020-09-04 18:40:00,18.0,0,7,7,3,13,4,15,280,84.7,8,56,0.1429,0.2,66.1,19.0,64.3,1013.5,0.0,7.5,4.7,182.0,S,5.51,6.93,3.42
631157,2020-09-05,2020,SD,2020-09-05 13:07:00,13.0,8,4,12,2,23,5,22,288,84.0,4,49,0.0816,0.0909,87.7,30.9,32.7,1013.6,0.0,12.2,7.6,278.0,W,7.36,3.58,10.26
631158,2020-09-06,2020,SD,2020-09-06 13:10:00,13.0,3,5,8,2,18,4,17,264,85.6,3,52,0.0577,0.1176,92.4,33.5,31.7,1012.9,0.0,15.4,9.6,269.0,W,11.08,6.75,14.07
631159,2020-09-07,2020,HOU,2020-09-07 18:10:00,18.0,6,0,6,1,8,7,15,273,81.6,3,56,0.0536,0.0667,69.2,20.7,62.7,1006.1,0.0,6.6,4.1,224.5,SW,6.63,6.25,6.21
631160,2020-09-08,2020,HOU,2020-09-08 15:15:00,15.0,4,5,9,1,14,8,14,245,82.6,1,42,0.0238,0.0714,74.4,23.6,60.0,1003.7,0.0,12.4,7.7,264.0,W,9.66,6.4,11.76
631161,2020-09-09,2020,HOU,2020-09-09 18:10:00,18.0,3,2,5,2,16,8,9,284,81.9,3,46,0.0652,0.2222,58.8,14.9,91.3,1011.6,0.0,12.3,7.7,298.3,NW,3.54,-0.72,7.37
631162,2020-09-10,2020,HOU,2020-09-10 12:40:00,12.0,3,1,4,1,6,7,7,220,88.5,0,50,0.0,0.1429,71.2,21.8,59.0,1016.5,0.0,17.7,11.0,273.7,W,11.69,6.44,15.53
631163,2020-09-18,2020,SF,2020-09-18 18:40:00,18.0,6,0,6,1,16,8,9,301,83.8,2,45,0.0444,0.1111,63.1,17.3,98.0,1014.7,0.0,14.0,8.7,269.7,W,9.98,6.0,12.75
631164,2020-09-19,2020,SF,2020-09-19 13:10:00,13.0,6,0,6,1,15,4,12,256,82.1,2,46,0.0435,0.0833,71.7,22.0,66.3,1013.8,0.0,14.7,9.1,266.3,W,11.01,7.04,13.66
631166,2020-09-20,2020,SF,2020-09-20 13:10:00,13.0,2,14,16,3,19,11,20,335,80.0,3,54,0.0556,0.15,77.2,25.1,51.7,1011.2,0.0,14.7,9.1,272.7,W,9.9,5.59,13.02
631167,2020-09-25,2020,SEA,2020-09-25 18:40:00,18.0,3,1,4,1,18,6,14,288,84.5,0,51,0.0,0.0714,61.6,16.5,85.7,1015.7,0.0,9.6,5.9,186.1,S,7.44,9.05,4.94
631169,2020-09-26,2020,SEA,2020-09-26 13:10:00,13.0,1,5,6,1,14,5,13,246,85.1,2,43,0.0465,0.0769,79.1,26.2,50.7,1014.8,0.0,13.5,8.4,252.0,W,12.06,9.23,13.43
631155,2020-09-27,2020,SEA,2020-09-27 12:10:00,12.0,6,2,8,1,25,8,14,326,82.2,2,41,0.0488,0.0714,90.5,32.5,19.0,1010.9,0.0,9.2,5.7,334.1,NW,-2.99,-5.78,0.15
634640,2021-04-01,2021,HOU,2021-04-01 19:07:00,19.0,1,8,9,2,15,9,15,307,83.4,4,51,0.0784,0.1333,55.5,13.0,70.7,1012.1,0.0,4.6,2.9,205.1,SW,4.32,4.6,3.53
634605,2021-04-02,2021,HOU,2021-04-02 18:40:00,18.0,5,9,14,3,18,8,22,350,84.6,7,56,0.125,0.1364,50.1,10.0,93.0,1017.4,0.0,16.4,10.2,262.7,W,12.96,8.75,15.59
634629,2021-04-03,2021,HOU,2021-04-03 13:07:00,13.0,1,9,10,1,17,7,16,322,83.0,5,51,0.098,0.0625,57.0,13.9,63.3,1021.1,0.0,18.0,11.2,269.0,W,12.97,7.91,16.47
634651,2021-04-04,2021,HOU,2021-04-04 13:07:00,13.0,2,9,11,3,14,6,15,318,82.7,7,53,0.1321,0.2,56.2,13.5,68.0,1021.1,0.0,18.0,11.2,263.7,W,14.03,9.34,17.02
634600,2021-04-05,2021,LAD,2021-04-05 18:40:00,18.0,3,10,13,3,18,12,20,367,83.0,3,58,0.0517,0.15,49.4,9.7,89.3,1015.8,0.0,11.5,7.1,253.7,W,10.09,7.6,11.37
634628,2021-04-06,2021,LAD,2021-04-06 18:40:00,18.0,1,5,6,3,17,4,16,274,84.6,5,51,0.098,0.1875,49.6,9.8,92.0,1018.5,0.0,15.0,9.3,252.0,W,13.39,10.25,14.92
634567,2021-04-07,2021,LAD,2021-04-07 12:37:00,12.0,4,3,7,1,22,12,13,343,81.7,2,49,0.0408,0.0769,55.2,12.9,69.3,1021.9,0.0,21.5,13.3,252.0,W,19.13,14.64,21.31
634632,2021-04-15,2021,DET,2021-04-15 18:40:00,18.0,8,4,12,3,20,13,17,329,81.8,5,50,0.1,0.1765,50.4,10.2,88.3,1016.7,0.0,11.5,7.1,263.3,W,9.02,6.04,10.92
634525,2021-04-16,2021,DET,2021-04-16 18:40:00,18.0,3,0,3,1,19,3,12,253,79.7,2,43,0.0465,0.0833,50.9,10.5,95.0,1015.6,0.0,15.5,9.6,242.3,SW,14.8,12.32,15.48
634479,2021-04-17,2021,DET,2021-04-17 13:07:00,13.0,7,0,7,3,18,4,13,288,80.6,5,44,0.1136,0.2308,64.2,17.9,59.7,1016.4,0.0,17.5,10.9,263.0,W,13.76,9.26,16.61
634480,2021-04-18,2021,DET,2021-04-18 13:07:00,13.0,3,2,5,1,20,5,12,262,83.0,2,43,0.0465,0.0833,69.3,20.7,53.0,1018.8,0.0,15.3,9.5,265.7,W,11.61,7.5,14.32
634466,2021-04-20,2021,MIN,2021-04-19 18:40:00,18.0,1,0,1,0,16,2,6,205,79.5,0,27,0.0,0.0,52.0,11.1,85.7,1016.1,0.0,14.3,8.9,217.3,SW,14.21,14.0,12.7
634490,2021-04-20,2021,MIN,2021-04-20 15:30:00,15.0,7,0,7,3,11,8,11,223,83.5,5,40,0.125,0.2727,55.6,13.1,77.7,1010.3,0.0,25.0,15.5,246.0,SW,23.31,18.84,24.96
634440,2021-04-21,2021,MIN,2021-04-21 12:37:00,12.0,13,12,25,7,16,5,31,361,85.0,13,75,0.1733,0.2258,61.4,16.3,66.3,1010.6,0.0,17.1,10.6,259.0,W,14.18,10.05,16.59
634381,2021-04-30,2021,BAL,2021-04-30 18:40:00,18.0,2,3,5,4,18,5,13,256,80.5,6,47,0.1277,0.3077,52.6,11.5,94.3,1018.1,0.0,19.6,12.2,240.3,SW,18.93,16.02,19.57
634319,2021-05-01,2021,BAL,2021-05-01 13:07:00,13.0,4,8,12,3,9,9,18,317,84.8,2,62,0.0323,0.1667,63.4,17.5,68.7,1014.9,0.0,22.8,14.2,253.0,W,20.13,15.26,22.58
634306,2021-05-02,2021,BAL,2021-05-02 13:07:00,13.0,7,5,12,3,14,6,21,298,84.4,5,58,0.0862,0.1429,71.5,21.9,50.0,1011.6,0.0,19.8,12.3,265.7,W,14.99,9.68,18.49
634293,2021-05-03,2021,TOR,2021-05-03 18:40:00,18.0,5,4,9,2,18,5,18,282,84.1,3,49,0.0612,0.1111,60.3,15.7,74.3,1012.0,0.0,8.5,5.3,170.2,S,4.92,7.01,2.24
634278,2021-05-04,2021,TOR,2021-05-04 18:40:00,18.0,4,1,5,1,19,5,9,250,80.1,2,39,0.0513,0.1111,58.5,14.7,81.3,1012.2,0.0,7.4,4.6,188.6,S,5.98,7.13,4.11
634248,2021-05-05,2021,TOR,2021-05-05 18:40:00,18.0,4,9,13,2,20,6,17,301,82.6,4,51,0.0784,0.1176,53.5,12.0,91.0,1013.6,0.0,14.1,8.8,243.0,SW,13.44,11.14,14.12
634231,2021-05-06,2021,TOR,2021-05-06 12:37:00,12.0,4,10,14,4,11,8,22,294,80.5,5,62,0.0806,0.1818,63.3,17.4,68.3,1017.6,0.0,18.9,11.8,247.3,SW,17.51,14.0,18.92
634263,2021-05-07,2021,TB,2021-05-07 18:40:00,18.0,2,1,3,1,20,3,10,227,82.5,2,41,0.0488,0.1,59.5,15.3,71.0,1015.5,0.0,7.2,4.5,207.2,SW,6.86,7.19,5.69
634236,2021-05-08,2021,TB,2021-05-08 13:07:00,13.0,6,3,9,3,25,9,16,306,83.0,5,43,0.1163,0.1875,81.7,27.6,22.7,1014.2,0.0,14.8,9.2,279.3,W,8.65,4.01,12.25
634211,2021-05-09,2021,TB,2021-05-09 13:07:00,13.0,3,4,7,2,18,5,11,277,83.6,1,46,0.0217,0.1818,73.3,22.9,43.7,1011.7,0.0,16.7,10.4,239.0,SW,16.24,13.87,16.64
634050,2021-05-18,2021,HOU,2021-05-18 18:40:00,18.0,6,5,11,4,16,6,21,291,83.0,5,55,0.0909,0.1905,55.8,13.2,69.3,1016.1,0.0,18.0,11.2,241.7,SW,17.24,14.44,17.97
634034,2021-05-19,2021,HOU,2021-05-19 18:40:00,18.0,1,8,9,1,18,5,19,309,82.4,1,54,0.0185,0.0526,54.4,12.4,69.7,1013.0,0.0,16.7,10.4,263.7,W,13.01,8.67,15.79
634045,2021-05-20,2021,HOU,2021-05-20 12:37:00,12.0,4,8,12,4,14,6,22,314,83.8,4,60,0.0667,0.1818,64.0,17.8,38.3,1015.8,0.6,24.7,15.3,271.3,W,17.03,9.9,22.11
633955,2021-05-24,2021,SEA,2021-05-24 18:40:00,18.0,2,4,6,3,21,8,11,277,84.7,4,42,0.0952,0.2727,57.0,13.9,81.7,1017.8,0.0,14.8,9.2,240.0,SW,14.3,12.12,14.74
633945,2021-05-25,2021,SEA,2021-05-25 18:40:00,18.0,3,4,7,0,14,4,19,300,83.0,3,58,0.0517,0.0,55.5,13.1,82.0,1016.4,0.0,11.7,7.2,203.3,SW,10.84,11.66,8.71
634074,2021-05-26,2021,SEA,2021-05-26 12:37:00,12.0,6,3,9,1,10,9,15,284,81.3,1,53,0.0189,0.0667,65.4,18.6,56.7,1017.3,0.0,14.0,8.7,246.0,SW,13.1,10.59,14.03
633964,2021-05-27,2021,LAA,2021-05-27 18:40:00,18.0,5,0,5,0,17,7,12,273,82.3,1,44,0.0227,0.0,57.0,13.9,95.0,1017.4,0.0,18.0,11.2,233.7,SW,17.76,15.76,17.62
634006,2021-05-28,2021,LAA,2021-05-28 18:40:00,18.0,3,1,4,0,17,8,11,244,81.1,0,41,0.0,0.0,54.5,12.5,82.3,1014.7,0.0,16.6,10.3,236.7,SW,16.26,14.13,16.42
633929,2021-05-29,2021,LAA,2021-05-29 13:07:00,13.0,0,4,4,0,20,4,12,273,80.2,2,43,0.0465,0.0,62.4,16.9,66.7,1012.5,0.0,17.8,11.1,220.7,SW,17.75,17.14,16.22
633889,2021-05-30,2021,LAA,2021-05-30 13:07:00,13.0,2,4,6,1,18,7,12,311,79.6,4,50,0.08,0.0833,69.0,20.5,54.0,1011.2,0.0,11.8,7.4,248.0,W,10.89,8.65,11.82
633765,2021-06-08,2021,AZ,2021-06-08 18:40:00,18.0,5,2,7,1,15,6,11,263,82.5,2,47,0.0426,0.0909,55.4,13.0,77.0,1018.6,0.0,19.5,12.1,270.7,W,13.6,8.02,17.55
633784,2021-06-09,2021,AZ,2021-06-09 12:37:00,12.0,4,0,4,0,14,9,8,295,82.4,4,45,0.0889,0.0,60.6,15.9,57.3,1021.0,0.0,27.0,16.8,262.3,W,21.44,14.56,25.74
633770,2021-06-10,2021,KC,2021-06-10 18:40:00,18.0,1,6,7,3,18,1,13,264,85.0,5,47,0.1064,0.2308,58.9,14.9,65.7,1020.3,0.0,14.2,8.8,268.3,W,10.33,6.37,13.04
633717,2021-06-11,2021,KC,2021-06-11 18:40:00,18.0,4,3,7,3,16,3,17,272,83.6,6,53,0.1132,0.1765,58.8,14.9,82.7,1016.9,0.0,14.7,9.1,274.0,W,9.62,5.26,12.83
633718,2021-06-12,2021,KC,2021-06-12 13:07:00,13.0,11,2,13,4,16,11,19,312,84.8,8,54,0.1481,0.2105,70.3,21.3,70.0,1013.9,0.0,20.6,12.8,265.0,W,15.81,10.32,19.39
633707,2021-06-13,2021,KC,2021-06-13 13:07:00,13.0,6,3,9,5,14,7,15,290,83.4,6,51,0.1176,0.3333,68.7,20.4,72.0,1014.4,0.0,21.7,13.5,267.0,W,16.1,10.17,20.09
633729,2021-06-14,2021,LAA,2021-06-14 18:40:00,18.0,8,5,13,2,18,9,23,327,84.2,2,55,0.0364,0.087,62.7,17.0,76.7,1017.0,0.0,15.4,9.6,264.7,W,11.88,7.79,14.53
633656,2021-06-15,2021,LAA,2021-06-15 18:40:00,18.0,6,4,10,3,15,5,15,291,82.7,3,50,0.06,0.2,67.8,19.9,65.3,1016.4,0.0,7.8,4.9,220.7,SW,7.81,7.54,7.14
633632,2021-06-16,2021,LAA,2021-06-16 12:37:00,12.0,8,4,12,2,13,5,19,268,84.4,5,56,0.0893,0.1053,78.4,25.8,44.3,1014.4,0.0,13.8,8.6,255.0,W,11.92,8.85,13.56
633488,2021-06-29,2021,TEX,2021-06-29 18:40:00,18.0,4,5,9,6,16,3,16,285,81.8,6,54,0.1111,0.375,61.3,16.3,84.7,1008.1,0.0,13.8,8.6,207.3,SW,13.18,13.82,10.95
633461,2021-06-30,2021,TEX,2021-06-30 18:40:00,18.0,3,1,4,2,15,2,12,248,81.6,3,48,0.0625,0.1667,59.1,15.0,89.3,1012.2,0.0,19.6,12.2,238.3,SW,19.04,16.35,19.43
633405,2021-07-01,2021,TEX,2021-07-01 12:37:00,12.0,3,8,11,4,16,6,20,301,80.5,5,56,0.0893,0.2,66.7,19.3,69.0,1012.9,0.0,19.0,11.8,249.3,W,17.34,13.61,18.98
633452,2021-07-02,2021,BOS,2021-07-02 18:40:00,18.0,2,3,5,2,16,5,10,284,83.6,3,51,0.0588,0.2,58.7,14.8,91.0,1012.3,0.0,15.0,9.3,245.0,SW,14.1,11.49,15.0
633401,2021-07-03,2021,BOS,2021-07-03 16:15:00,16.0,7,6,13,1,15,10,24,372,81.5,6,76,0.0789,0.0417,62.4,16.9,78.7,1013.3,0.0,15.9,9.9,259.7,W,13.08,9.2,15.38
633399,2021-07-04,2021,BOS,2021-07-04 13:07:00,13.0,0,1,1,0,22,4,10,264,80.9,0,42,0.0,0.0,66.3,19.0,68.0,1014.8,0.0,20.3,12.6,262.3,W,16.17,10.97,19.41
633264,2021-07-16,2021,CLE,2021-07-16 18:40:00,18.0,5,4,9,4,23,3,20,293,82.9,6,48,0.125,0.2,59.1,15.1,83.3,1011.9,0.0,11.9,7.4,223.7,SW,11.9,11.27,11.08
633306,2021-07-17,2021,CLE,2021-07-17 13:07:00,13.0,2,3,5,1,20,5,15,291,82.8,4,47,0.0851,0.0667,68.5,20.3,60.3,1013.6,0.0,14.0,8.7,267.7,W,10.27,6.41,12.89
633238,2021-07-18,2021,CLE,2021-07-18 13:07:00,13.0,2,4,6,3,18,3,13,271,81.2,4,49,0.0816,0.2308,69.0,20.5,59.7,1014.5,0.0,14.1,8.8,265.3,W,10.75,6.98,13.22
633249,2021-07-19,2021,LAA,2021-07-19 18:40:00,18.0,4,1,5,2,13,5,15,260,80.1,4,51,0.0784,0.1333,60.6,15.9,78.7,1016.0,0.0,14.8,9.2,221.3,SW,14.77,14.2,13.56
633207,2021-07-20,2021,LAA,2021-07-20 12:37:00,12.0,6,0,6,1,19,4,15,268,79.6,1,47,0.0213,0.0667,66.9,19.4,67.7,1016.4,0.0,17.7,11.0,231.3,SW,17.56,15.83,17.17
633022,2021-08-03,2021,SD,2021-08-03 18:40:00,18.0,1,8,9,2,20,6,21,340,84.0,5,54,0.0926,0.0952,59.1,15.1,87.3,1013.6,0.0,11.4,7.1,244.7,SW,10.74,8.78,11.4
633010,2021-08-04,2021,SD,2021-08-04 12:37:00,12.0,5,4,9,1,17,5,18,287,80.3,1,54,0.0185,0.0556,64.2,17.9,71.0,1015.3,0.0,18.2,11.3,256.0,W,15.6,11.45,17.87
633017,2021-08-06,2021,TEX,2021-08-06 18:40:00,18.0,4,1,5,1,20,4,10,306,81.1,1,49,0.0204,0.1,64.2,17.9,80.7,1011.9,0.0,7.6,4.7,204.0,SW,7.13,7.63,5.76
632962,2021-08-07,2021,TEX,2021-08-07 13:07:00,13.0,12,3,15,3,11,8,23,312,80.8,5,61,0.082,0.1304,68.1,20.0,65.0,1012.0,0.0,17.5,10.9,269.3,W,12.52,7.58,15.95
633039,2021-08-08,2021,TEX,2021-08-08 13:07:00,13.0,6,3,9,2,14,8,16,284,81.9,5,51,0.098,0.125,68.2,20.1,68.7,1011.9,0.0,19.2,11.9,253.0,W,16.95,12.85,19.01
632809,2021-08-20,2021,SF,2021-08-20 18:40:00,18.0,4,1,5,1,16,8,11,289,79.5,1,45,0.0222,0.0909,60.7,15.9,90.3,1008.4,0.0,15.5,9.6,255.0,W,13.42,9.96,15.26
632842,2021-08-21,2021,SF,2021-08-21 13:07:00,13.0,5,6,11,4,15,5,18,313,82.1,3,56,0.0536,0.2222,68.9,20.5,62.7,1008.1,0.0,20.6,12.8,258.0,W,17.3,12.42,20.1
632791,2021-08-22,2021,SF,2021-08-22 13:07:00,13.0,1,2,3,1,23,5,12,285,81.1,2,40,0.05,0.0833,68.1,20.1,64.0,1009.5,0.0,16.5,10.3,266.0,W,12.48,8.01,15.43
632758,2021-08-23,2021,SEA,2021-08-23 18:40:00,18.0,3,5,8,4,15,1,16,303,81.0,5,54,0.0926,0.25,58.6,14.8,88.0,1010.8,0.0,14.8,9.2,256.0,W,12.71,9.33,14.56
632769,2021-08-24,2021,SEA,2021-08-24 12:37:00,12.0,1,5,6,0,15,4,19,295,83.5,0,56,0.0,0.0,68.1,20.1,59.3,1013.2,0.0,16.4,10.2,278.0,W,9.85,4.79,13.73
632749,2021-08-26,2021,NYY,2021-08-26 18:40:00,18.0,6,7,13,6,21,9,16,343,83.3,6,48,0.125,0.375,64.4,18.0,75.0,1010.8,0.0,6.2,3.9,219.5,SW,6.2,6.03,5.63
632725,2021-08-27,2021,NYY,2021-08-27 18:40:00,18.0,2,8,10,4,22,4,22,322,86.6,7,53,0.1321,0.1818,70.9,21.6,57.7,1005.2,0.0,5.1,3.2,262.7,W,4.06,2.74,4.89
632706,2021-08-28,2021,NYY,2021-08-28 13:07:00,13.0,3,2,5,2,13,5,10,258,81.7,5,48,0.1042,0.2,84.4,29.1,35.7,1006.4,0.0,15.8,9.8,278.0,W,9.51,4.62,13.25
632700,2021-08-29,2021,NYY,2021-08-29 16:08:00,16.0,3,1,4,1,11,5,14,269,81.3,3,54,0.0556,0.0714,66.6,19.2,74.3,1007.7,0.0,11.4,7.1,279.3,W,6.67,3.09,9.44
632578,2021-09-07,2021,CWS,2021-09-07 18:40:00,18.0,3,6,9,0,13,6,21,313,83.2,4,59,0.0678,0.0,67.4,19.7,70.7,1012.2,0.0,7.3,4.5,184.6,S,5.53,6.81,3.58
632545,2021-09-08,2021,CWS,2021-09-08 18:40:00,18.0,5,1,6,1,12,3,18,250,83.5,2,54,0.037,0.0556,64.9,18.3,79.3,1009.7,0.0,8.5,5.3,204.7,SW,7.97,8.5,6.48
632562,2021-09-09,2021,CWS,2021-09-09 12:37:00,12.0,3,1,4,0,17,4,13,256,82.6,3,45,0.0667,0.0,69.4,20.8,61.7,1010.9,0.0,15.1,9.4,250.0,W,13.66,10.65,15.01
632544,2021-09-10,2021,TEX,2021-09-10 18:40:00,18.0,10,5,15,0,21,5,24,318,82.2,2,54,0.037,0.0,60.5,15.8,91.3,1015.2,0.0,11.7,7.2,234.7,SW,11.5,10.14,11.48
632535,2021-09-11,2021,TEX,2021-09-11 13:07:00,13.0,6,8,14,6,13,4,20,261,83.8,6,60,0.1,0.3,67.9,20.0,65.7,1015.8,0.0,13.1,8.1,259.0,W,10.86,7.7,12.71
632553,2021-09-12,2021,TEX,2021-09-12 13:07:00,13.0,3,4,7,2,13,3,16,276,81.9,1,54,0.0185,0.125,73.8,23.2,52.0,1013.3,0.0,11.6,7.2,273.7,W,7.64,4.21,10.15
632412,2021-09-20,2021,SEA,2021-09-20 18:40:00,18.0,2,4,6,0,15,2,17,261,79.0,4,53,0.0755,0.0,71.4,21.9,57.3,1013.2,0.0,4.4,2.7,351.7,N,-2.63,-3.68,-1.27
632401,2021-09-21,2021,SEA,2021-09-21 18:40:00,18.0,2,5,7,3,16,4,15,301,82.6,5,52,0.0962,0.2,68.1,20.1,64.0,1017.5,0.0,11.3,7.0,316.3,NW,-0.26,-4.11,3.62
632383,2021-09-22,2021,SEA,2021-09-22 18:40:00,18.0,1,4,5,3,17,6,13,275,80.5,3,49,0.0612,0.2308,61.6,16.5,87.7,1016.0,0.0,8.6,5.4,250.7,W,7.78,6.03,8.59
632368,2021-09-23,2021,SEA,2021-09-23 12:37:00,12.0,5,6,11,5,23,9,13,304,81.1,7,44,0.1591,0.3846,82.2,27.9,37.7,1011.3,0.0,10.1,6.3,279.7,W,5.84,2.67,8.31
632356,2021-09-24,2021,HOU,2021-09-24 18:40:00,18.0,14,2,16,2,22,12,16,331,82.2,2,43,0.0465,0.125,59.5,15.3,92.7,1012.8,0.0,11.2,7.0,273.3,W,7.45,4.13,9.86
632342,2021-09-25,2021,HOU,2021-09-25 13:07:00,13.0,2,1,3,1,16,7,10,248,85.7,2,45,0.0444,0.1,65.2,18.4,72.3,1014.6,0.0,16.2,10.1,272.0,W,11.05,6.33,14.43
632324,2021-09-26,2021,HOU,2021-09-26 13:07:00,13.0,4,3,7,1,15,7,18,319,80.3,3,55,0.0545,0.0556,63.4,17.4,71.7,1016.4,0.0,19.1,11.9,263.0,W,15.05,10.12,18.17
662407,2022-04-18,2022,BAL,2022-04-18 18:40:00,18.0,5,1,6,0,14,6,12,282,83.3,1,49,0.0204,0.0,57.1,13.9,81.0,1015.9,0.3,14.5,9.0,206.7,SW,13.76,14.49,11.37
662406,2022-04-19,2022,BAL,2022-04-19 18:40:00,18.0,2,1,3,0,15,8,15,288,82.7,3,50,0.06,0.0,52.5,11.4,89.0,1015.3,0.0,12.6,7.8,277.0,W,7.76,3.89,10.69
662392,2022-04-20,2022,BAL,2022-04-20 15:07:00,15.0,0,1,1,0,18,2,12,270,81.2,2,46,0.0435,0.0,62.2,16.8,57.7,1012.8,0.0,19.9,12.4,218.0,SW,19.78,19.42,17.76
662391,2022-04-21,2022,BAL,2022-04-21 12:37:00,12.0,6,4,10,2,16,1,18,260,83.3,5,51,0.098,0.1111,58.0,14.4,70.7,1013.5,2.7,19.9,12.4,227.3,SW,19.88,18.41,18.96
662390,2022-04-22,2022,TEX,2022-04-22 18:40:00,18.0,1,8,9,2,19,8,11,309,83.1,4,45,0.0889,0.1818,53.1,11.7,82.7,1021.1,0.0,13.0,8.1,276.3,W,8.1,4.15,11.08
662389,2022-04-23,2022,TEX,2022-04-23 13:07:00,13.0,0,2,2,0,17,3,8,239,84.4,0,43,0.0,0.0,61.5,16.4,70.7,1021.7,0.0,18.4,11.4,266.7,W,13.75,8.73,17.1
662388,2022-04-24,2022,TEX,2022-04-24 13:07:00,13.0,2,0,2,1,16,8,9,284,83.7,2,43,0.0465,0.1111,62.2,16.8,73.7,1019.6,0.0,10.9,6.8,245.0,SW,10.21,8.32,10.87
662405,2022-04-29,2022,CLE,2022-04-29 18:40:00,18.0,8,9,17,4,20,6,21,317,82.2,5,53,0.0943,0.1905,55.8,13.2,85.0,1017.0,0.0,7.2,4.5,214.0,SW,7.1,7.15,6.2
662393,2022-04-30,2022,CLE,2022-04-30 13:07:00,13.0,1,3,4,1,14,4,17,273,81.8,6,53,0.1132,0.0588,62.6,17.0,78.0,1016.0,0.0,26.1,16.2,261.7,W,20.96,14.36,25.04
662397,2022-05-01,2022,CLE,2022-05-01 13:07:00,13.0,3,7,10,0,16,9,15,317,83.0,4,54,0.0741,0.0,63.6,17.5,55.7,1013.0,0.0,19.6,12.2,254.7,W,17.06,12.71,19.35
662387,2022-05-02,2022,TB,2022-05-02 18:40:00,18.0,1,6,7,1,17,1,14,269,82.5,2,51,0.0392,0.0714,55.2,12.9,78.0,1014.5,0.0,6.5,4.0,225.4,SW,6.5,6.09,6.12
662386,2022-05-03,2022,TB,2022-05-03 18:40:00,18.0,7,10,17,3,16,6,24,305,81.9,3,63,0.0476,0.125,55.7,13.2,84.0,1013.7,0.0,6.4,4.0,207.5,SW,6.14,6.43,5.1
662382,2022-05-04,2022,TB,2022-05-04 12:37:00,12.0,0,3,3,0,16,4,10,244,81.0,1,48,0.0208,0.0,67.8,19.9,62.0,1014.2,0.0,12.8,7.9,265.0,W,9.78,6.38,12.0
662412,2022-05-10,2022,DET,2022-05-10 10:10:00,10.0,0,6,6,1,12,7,16,270,82.0,5,54,0.0926,0.0625,55.8,13.2,47.7,1021.9,0.0,18.7,11.6,258.7,W,15.54,11.06,18.14
662381,2022-05-13,2022,LAA,2022-05-13 18:40:00,18.0,0,2,2,1,14,2,8,246,83.2,1,47,0.0213,0.125,59.9,15.5,80.7,1020.0,0.0,11.1,6.9,243.7,SW,10.48,8.64,11.06
662379,2022-05-14,2022,LAA,2022-05-14 13:07:00,13.0,4,3,7,1,9,13,13,292,78.9,1,53,0.0189,0.0769,71.9,22.2,55.0,1016.8,0.0,15.0,9.3,250.7,W,13.52,10.48,14.93
662399,2022-05-14,2022,LAA,2022-05-14 18:40:00,18.0,1,9,10,2,10,7,16,293,82.0,3,55,0.0545,0.125,61.0,16.1,79.3,1015.0,0.0,8.3,5.2,199.9,S,7.55,8.3,5.88
662380,2022-05-15,2022,LAA,2022-05-15 13:07:00,13.0,1,4,5,1,19,5,14,301,81.1,2,49,0.0408,0.0714,66.8,19.3,67.0,1015.7,0.0,21.8,13.5,250.3,W,19.7,15.33,21.71
662378,2022-05-16,2022,MIN,2022-05-16 18:40:00,18.0,1,3,4,1,13,5,12,284,80.6,2,52,0.0385,0.0833,54.1,12.3,87.7,1016.0,0.0,15.5,9.7,217.7,SW,15.41,15.16,13.8
662370,2022-05-17,2022,MIN,2022-05-17 18:40:00,18.0,5,2,7,3,16,7,18,304,81.9,3,52,0.0577,0.1667,55.6,13.1,83.3,1016.2,0.0,10.6,6.6,201.7,S,9.73,10.58,7.71
662377,2022-05-18,2022,MIN,2022-05-18 12:37:00,12.0,4,14,18,0,15,10,26,326,82.0,4,63,0.0635,0.0,75.6,24.2,41.0,1016.6,0.0,10.0,6.2,244.0,SW,9.42,7.75,9.97
662376,2022-05-26,2022,TEX,2022-05-26 18:40:00,18.0,1,4,5,1,21,5,12,254,80.8,2,44,0.0455,0.0833,57.0,13.9,87.7,1013.5,0.0,17.0,10.6,259.0,W,14.12,10.01,16.53
662369,2022-05-27,2022,TEX,2022-05-27 18:40:00,18.0,5,8,13,2,17,4,18,269,80.5,5,51,0.098,0.1111,55.2,12.9,91.3,1016.0,0.0,18.6,11.6,267.7,W,13.7,8.56,17.19
662375,2022-05-28,2022,TEX,2022-05-28 13:07:00,13.0,4,11,15,4,11,6,28,323,82.7,7,70,0.1,0.1429,60.6,15.9,70.3,1014.9,0.0,19.6,12.2,267.0,W,14.59,9.22,18.2
662374,2022-05-29,2022,TEX,2022-05-29 13:07:00,13.0,6,5,11,2,11,9,21,317,80.1,2,66,0.0303,0.0952,68.5,20.3,45.3,1013.4,0.0,22.1,13.7,257.7,W,18.58,13.38,21.53
662373,2022-05-30,2022,HOU,2022-05-30 13:07:00,13.0,1,5,6,3,14,5,8,262,84.0,2,47,0.0426,0.375,68.5,20.3,38.0,1012.5,0.0,19.3,12.0,261.3,W,15.57,10.72,18.55
662367,2022-05-31,2022,HOU,2022-05-31 18:40:00,18.0,1,3,4,1,16,9,15,301,82.7,1,50,0.02,0.0667,62.7,17.0,63.3,1012.1,0.0,10.9,6.8,225.1,SW,10.93,10.27,10.28
662366,2022-06-01,2022,HOU,2022-06-01 12:37:00,12.0,4,5,9,1,11,7,15,277,82.6,4,55,0.0727,0.0667,70.2,21.2,52.7,1012.6,0.0,11.4,7.1,250.0,W,10.33,8.06,11.36
662365,2022-06-03,2022,BOS,2022-06-03 18:40:00,18.0,2,7,9,1,17,10,16,315,82.6,5,50,0.1,0.0625,57.1,14.0,93.0,1012.0,0.0,13.4,8.3,250.3,W,12.11,9.42,13.34
662364,2022-06-04,2022,BOS,2022-06-04 13:07:00,13.0,0,8,8,0,18,6,18,290,82.1,0,51,0.0,0.0,66.9,19.4,49.3,1014.3,0.0,13.6,8.5,274.0,W,8.94,4.89,11.92
662363,2022-06-05,2022,BOS,2022-06-05 13:07:00,13.0,2,5,7,2,19,2,14,280,81.0,1,50,0.02,0.1429,67.6,19.8,82.0,1014.6,0.0,14.3,8.9,256.4,W,12.18,8.9,13.99
662362,2022-06-17,2022,KC,2022-06-17 18:40:00,18.0,1,5,6,1,24,10,16,334,81.5,2,45,0.0444,0.0625,57.8,14.3,78.7,1013.0,0.0,16.3,10.1,261.3,W,13.1,9.02,15.61
662368,2022-06-18,2022,KC,2022-06-18 13:07:00,13.0,0,2,2,0,19,7,9,278,79.3,0,43,0.0,0.0,67.7,19.8,45.0,1015.3,0.0,23.0,14.3,259.7,W,18.92,13.3,22.25
662361,2022-06-19,2022,KC,2022-06-19 13:07:00,13.0,4,0,4,2,9,6,12,252,79.5,2,54,0.037,0.1667,73.3,23.0,40.7,1017.9,0.0,20.1,12.5,263.3,W,15.74,10.53,19.05
662360,2022-06-21,2022,SEA,2022-06-21 18:40:00,18.0,2,8,10,5,13,7,19,294,82.4,5,56,0.0893,0.2632,86.4,30.2,24.3,1009.3,0.0,13.2,8.2,306.6,NW,1.93,-2.64,6.26
662359,2022-06-22,2022,SEA,2022-06-22 18:40:00,18.0,0,9,9,2,16,6,20,324,83.8,6,58,0.1034,0.1,62.9,17.2,78.0,1011.7,0.0,10.2,6.3,308.7,NW,1.12,-2.4,4.51
662358,2022-06-23,2022,SEA,2022-06-23 12:37:00,12.0,1,2,3,0,21,8,7,268,80.5,2,39,0.0513,0.0,70.9,21.6,53.3,1011.8,0.0,14.6,9.1,283.7,W,7.57,2.86,11.37
662355,2022-07-04,2022,TOR,2022-07-04 18:07:00,18.0,5,1,6,2,10,2,12,241,83.0,4,52,0.0769,0.1667,63.4,17.5,87.3,1014.3,0.0,12.3,7.6,278.7,W,7.27,3.45,10.21
662354,2022-07-05,2022,TOR,2022-07-05 18:40:00,18.0,5,3,8,3,14,8,14,268,83.5,5,46,0.1087,0.2143,60.1,15.6,93.0,1013.5,0.0,16.1,10.0,269.3,W,11.52,6.97,14.67
662353,2022-07-06,2022,TOR,2022-07-06 12:37:00,12.0,1,2,3,3,12,5,12,260,81.7,4,52,0.0769,0.25,69.0,20.5,65.3,1015.1,0.0,18.4,11.5,262.0,W,14.72,10.04,17.63
662352,2022-07-08,2022,HOU,2022-07-08 18:40:00,18.0,3,8,11,3,17,4,18,286,83.3,3,55,0.0545,0.1667,58.6,14.8,91.3,1017.6,0.0,18.5,11.5,246.3,SW,17.2,13.87,18.46
662351,2022-07-09,2022,HOU,2022-07-09 13:07:00,13.0,3,2,5,0,8,4,9,233,81.9,2,51,0.0392,0.0,65.9,18.8,72.3,1021.1,0.0,18.6,11.5,250.3,W,16.78,13.05,18.49
662215,2022-07-10,2022,HOU,2022-07-10 13:07:00,13.0,1,6,7,2,14,4,14,262,82.9,1,52,0.0192,0.1429,70.5,21.4,60.7,1017.0,0.0,13.8,8.6,271.7,W,9.47,5.47,12.33
662408,2022-07-21,2022,DET,2022-07-21 12:42:00,12.0,5,0,5,1,19,4,15,284,78.8,3,44,0.0682,0.0667,65.0,18.3,66.7,1016.1,0.0,15.3,9.5,239.7,SW,14.77,12.56,15.2
662411,2022-07-21,2022,DET,2022-07-21 12:37:00,12.0,2,7,9,2,22,7,15,314,79.9,3,48,0.0625,0.1333,65.0,18.3,66.7,1016.1,0.0,15.3,9.5,239.7,SW,14.77,12.56,15.2
662344,2022-07-22,2022,TEX,2022-07-22 18:40:00,18.0,5,4,9,3,16,7,16,270,84.6,4,51,0.0784,0.1875,58.5,14.7,83.3,1012.8,0.0,14.2,8.8,235.0,SW,13.98,12.3,13.98
662348,2022-07-23,2022,TEX,2022-07-23 18:07:00,18.0,3,1,4,0,14,7,13,310,80.5,2,49,0.0408,0.0,59.1,15.1,83.3,1011.1,0.0,10.5,6.5,240.7,SW,10.08,8.5,10.44
662343,2022-07-24,2022,TEX,2022-07-24 13:07:00,13.0,8,11,19,6,15,7,28,316,83.4,7,67,0.1045,0.2143,67.2,19.6,65.0,1011.7,0.0,18.6,11.5,261.7,W,14.89,10.2,17.79
662347,2022-07-25,2022,HOU,2022-07-25 18:40:00,18.0,7,5,12,4,13,4,17,251,81.3,7,53,0.1321,0.2353,59.5,15.3,87.0,1011.6,0.0,17.1,10.6,261.7,W,13.74,9.41,16.41
662346,2022-07-26,2022,HOU,2022-07-26 18:40:00,18.0,5,3,8,2,19,7,13,286,82.3,3,44,0.0682,0.1538,60.2,15.7,84.3,1014.1,0.0,16.3,10.1,265.0,W,12.46,8.13,15.29
662345,2022-07-27,2022,HOU,2022-07-27 12:37:00,12.0,4,2,6,3,16,3,13,256,80.8,3,48,0.0625,0.2308,66.7,19.3,66.7,1015.3,0.0,19.8,12.3,269.0,W,14.24,8.68,18.09
662308,2022-08-06,2022,SF,2022-08-06 16:07:00,16.0,3,7,10,4,12,7,21,320,82.4,6,63,0.0952,0.1905,65.8,18.8,73.0,1014.4,0.0,15.6,9.7,265.3,W,11.92,7.74,14.66
662332,2022-08-07,2022,SF,2022-08-07 13:07:00,13.0,4,6,10,4,17,9,18,311,81.1,5,55,0.0909,0.2222,68.5,20.3,66.0,1016.0,0.0,20.1,12.5,265.3,W,15.35,9.97,18.88
662331,2022-08-08,2022,LAA,2022-08-08 18:40:00,18.0,0,1,1,1,15,2,7,221,81.5,1,44,0.0227,0.1429,62.4,16.9,91.3,1014.1,0.0,14.9,9.3,253.0,W,13.19,9.99,14.79
662330,2022-08-09,2022,LAA,2022-08-09 18:40:00,18.0,1,5,6,3,17,9,16,303,82.0,5,52,0.0962,0.1875,63.3,17.4,89.3,1014.9,0.0,15.6,9.7,259.7,W,12.83,9.02,15.09
662316,2022-08-10,2022,LAA,2022-08-10 12:37:00,12.0,4,5,9,1,18,7,13,340,80.9,3,63,0.0476,0.0769,72.0,22.2,62.3,1018.2,0.0,17.7,11.0,267.3,W,13.06,8.2,16.34
662341,2022-08-19,2022,SEA,2022-08-19 18:40:00,18.0,2,10,12,2,10,5,20,274,81.4,4,63,0.0635,0.1,62.4,16.9,85.0,1008.3,0.0,13.8,8.6,206.7,SW,13.07,13.76,10.8
662340,2022-08-20,2022,SEA,2022-08-20 16:15:00,16.0,4,3,7,0,17,8,15,292,80.2,0,55,0.0,0.0,67.5,19.7,70.7,1009.0,0.0,10.4,6.4,267.7,W,7.62,4.76,9.57
662315,2022-08-21,2022,SEA,2022-08-21 13:07:00,13.0,5,3,8,1,15,5,21,313,81.7,6,52,0.1154,0.0476,68.7,20.4,64.7,1015.9,0.0,20.5,12.8,269.3,W,14.69,8.89,18.71
662314,2022-08-22,2022,MIA,2022-08-22 18:40:00,18.0,0,3,3,1,13,9,10,289,83.9,6,49,0.1224,0.1,63.5,17.5,90.7,1014.0,0.0,14.9,9.2,223.3,SW,14.86,14.11,13.82
662339,2022-08-23,2022,MIA,2022-08-23 18:40:00,18.0,3,5,8,1,15,4,16,274,79.2,1,53,0.0189,0.0625,64.5,18.1,84.0,1008.0,0.0,9.5,5.9,209.7,SW,9.16,9.47,7.75
662338,2022-08-24,2022,MIA,2022-08-24 12:37:00,12.0,3,2,5,1,21,4,9,270,79.6,0,46,0.0,0.1111,68.5,20.3,70.0,1010.3,0.0,17.2,10.7,254.7,W,14.95,11.13,16.96
662337,2022-08-25,2022,NYY,2022-08-25 18:40:00,18.0,4,13,17,1,13,8,28,361,83.0,2,69,0.029,0.0357,59.1,15.0,96.0,1014.2,0.0,15.6,9.7,249.7,W,14.21,11.12,15.58
662342,2022-08-26,2022,NYY,2022-08-26 18:40:00,18.0,2,3,5,2,18,8,14,276,85.3,3,47,0.0638,0.1429,62.4,16.9,96.0,1011.7,0.0,12.5,7.8,260.0,W,10.24,7.17,12.07
662336,2022-08-27,2022,NYY,2022-08-27 18:07:00,18.0,3,2,5,1,13,4,8,273,79.9,2,58,0.0345,0.125,59.5,15.3,90.7,1008.8,0.0,15.9,9.9,238.3,SW,15.47,13.28,15.79
662335,2022-08-28,2022,NYY,2022-08-28 13:07:00,13.0,4,1,5,0,20,6,12,307,81.1,0,41,0.0,0.0,68.7,20.4,62.3,1009.3,0.0,17.4,10.8,272.7,W,11.74,6.62,15.44
662313,2022-09-06,2022,ATL,2022-09-06 18:40:00,18.0,9,10,19,4,19,8,22,315,82.0,4,54,0.0741,0.1818,70.8,21.5,58.3,1009.4,0.0,10.7,6.6,336.3,NW,-3.89,-7.06,-0.24
662312,2022-09-07,2022,ATL,2022-09-07 12:37:00,12.0,3,7,10,3,21,5,13,317,82.6,5,45,0.1111,0.2308,80.6,27.0,44.0,1013.3,0.0,12.3,7.6,290.7,W,5.07,0.93,8.6
662334,2022-09-08,2022,CWS,2022-09-08 18:40:00,18.0,2,14,16,5,20,5,27,343,84.4,11,60,0.1833,0.1852,75.7,24.3,52.7,1003.4,0.0,3.6,2.2,222.5,SW,3.6,3.43,3.33
662333,2022-09-09,2022,CWS,2022-09-09 18:40:00,18.0,3,5,8,1,18,4,13,276,85.4,2,49,0.0408,0.0769,66.6,19.2,80.0,1001.1,0.0,9.5,5.9,235.7,SW,9.3,8.14,9.34
662322,2022-09-10,2022,CWS,2022-09-10 13:07:00,13.0,2,10,12,1,15,5,23,351,80.8,2,62,0.0323,0.0435,73.0,22.8,62.3,1011.6,0.0,19.1,11.9,267.0,W,14.22,8.98,17.74
662323,2022-09-11,2022,CWS,2022-09-11 13:07:00,13.0,10,3,13,2,14,4,18,266,82.3,4,54,0.0741,0.1111,75.6,24.2,47.0,1015.5,0.0,12.5,7.7,256.7,W,10.61,7.73,12.21
662321,2022-09-20,2022,SEA,2022-09-20 18:40:00,18.0,4,1,5,1,19,9,8,271,82.3,1,39,0.0256,0.125,63.7,17.6,78.7,1012.1,0.0,7.5,4.7,285.3,W,3.73,1.26,5.74
662320,2022-09-21,2022,SEA,2022-09-21 18:40:00,18.0,2,1,3,1,15,5,10,251,79.5,1,43,0.0233,0.1,60.7,15.9,93.3,1015.6,0.0,8.0,5.0,266.0,W,6.01,3.86,7.44
662306,2022-09-22,2022,SEA,2022-09-22 12:37:00,12.0,5,9,14,1,13,7,20,304,81.2,2,60,0.0333,0.05,73.9,23.3,62.0,1016.6,0.0,15.0,9.3,274.0,W,9.86,5.39,13.15
662305,2022-09-23,2022,NYM,2022-09-23 18:40:00,18.0,2,9,11,2,9,4,19,248,85.1,4,61,0.0656,0.1053,69.6,20.9,79.0,1012.9,0.0,3.2,2.0,224.4,SW,3.23,3.05,3.03
662311,2022-09-24,2022,NYM,2022-09-24 13:07:00,13.0,10,4,14,4,14,8,23,278,82.6,6,57,0.1053,0.1739,78.0,25.5,53.7,1015.7,0.0,13.6,8.5,276.3,W,8.52,4.36,11.65
662310,2022-09-25,2022,NYM,2022-09-25 13:07:00,13.0,4,13,17,3,14,4,27,314,81.7,4,65,0.0615,0.1111,67.3,19.6,72.7,1016.1,0.0,13.8,8.6,272.3,W,9.38,5.33,12.29
662431,2022-10-03,2022,LAA,2022-10-03 18:40:00,18.0,5,4,9,0,16,8,19,320,81.9,4,62,0.0645,0.0,58.9,15.0,95.7,1016.0,0.0,10.4,6.4,243.0,SW,9.86,8.17,10.36
662429,2022-10-04,2022,LAA,2022-10-04 18:40:00,18.0,2,1,3,0,18,7,13,279,80.0,2,52,0.0385,0.0,60.1,15.6,93.7,1014.6,0.0,7.7,4.8,208.0,SW,7.36,7.69,6.15
662421,2022-10-05,2022,LAA,2022-10-05 13:00:00,13.0,3,2,5,2,12,3,10,250,81.7,2,48,0.0417,0.2,70.6,21.5,59.3,1014.9,0.0,10.0,6.2,260.3,W,8.16,5.69,9.64
718769,2023-03-30,2023,LAA,2023-03-30 19:07:00,19.0,2,1,3,0,20,8,11,296,83.5,0,40,0.0,0.0,47.0,8.3,87.7,1018.5,0.0,11.2,7.0,260.3,W,9.16,6.39,10.83
718757,2023-04-01,2023,LAA,2023-04-01 13:07:00,13.0,1,13,14,2,12,9,16,283,83.8,3,56,0.0536,0.125,56.4,13.6,67.7,1023.2,0.0,14.0,8.7,271.3,W,9.67,5.62,12.55
718734,2023-04-02,2023,LAA,2023-04-02 13:07:00,13.0,0,6,6,3,15,5,16,294,78.5,4,53,0.0755,0.1875,53.8,12.1,63.3,1019.4,0.0,26.2,16.3,266.7,W,19.57,12.43,24.35
718721,2023-04-03,2023,CLE,2023-04-03 18:40:00,18.0,11,12,23,4,17,7,30,370,81.8,4,73,0.0548,0.1333,46.3,7.9,74.3,1019.6,0.0,21.4,13.3,302.0,NW,4.81,-2.6,11.64
718707,2023-04-04,2023,CLE,2023-04-04 18:40:00,18.0,4,3,7,1,20,7,14,313,79.1,4,46,0.087,0.0714,48.1,9.0,77.3,1022.1,0.0,8.3,5.2,272.7,W,5.59,3.15,7.35
718689,2023-04-05,2023,CLE,2023-04-05 12:37:00,12.0,4,6,10,2,15,13,13,349,80.0,4,57,0.0702,0.1538,55.0,12.8,65.7,1023.0,0.0,10.5,6.5,237.3,SW,10.23,8.84,10.37
718578,2023-04-14,2023,NYM,2023-04-14 18:40:00,18.0,6,17,23,4,19,21,24,409,82.5,5,58,0.0862,0.1667,49.7,9.8,92.3,1016.2,0.0,11.2,7.0,237.7,SW,10.96,9.46,11.14
718565,2023-04-15,2023,NYM,2023-04-15 13:07:00,13.0,2,3,5,2,14,5,10,290,81.5,6,49,0.1224,0.2,55.3,12.9,69.3,1021.1,0.0,16.8,10.4,263.3,W,13.15,8.8,15.92
718546,2023-04-16,2023,NYM,2023-04-16 13:07:00,13.0,3,4,7,3,12,14,15,327,82.7,3,60,0.05,0.2,55.5,13.0,70.7,1021.1,0.0,21.0,13.1,259.0,W,17.44,12.36,20.41
718536,2023-04-17,2023,CHC,2023-04-17 18:40:00,18.0,1,10,11,2,16,2,28,307,83.9,5,63,0.0794,0.0714,50.7,10.4,77.7,1014.8,0.0,16.1,10.0,253.7,W,14.13,10.63,15.92
718523,2023-04-18,2023,CHC,2023-04-18 18:40:00,18.0,0,4,4,0,15,10,10,339,81.7,3,49,0.0612,0.0,49.0,9.4,72.0,1019.1,0.0,15.1,9.4,273.3,W,10.02,5.56,13.26
718506,2023-04-19,2023,CHC,2023-04-19 12:37:00,12.0,2,12,14,1,16,10,16,335,81.1,2,51,0.0392,0.0625,59.0,15.0,46.3,1023.4,0.0,13.9,8.6,275.3,W,8.87,4.68,12.0
718380,2023-04-28,2023,CIN,2023-04-28 18:40:00,18.0,7,11,18,3,11,9,27,312,81.7,4,67,0.0597,0.1111,52.6,11.4,93.3,1015.3,0.0,11.4,7.1,280.3,W,6.48,2.89,9.3
718377,2023-04-29,2023,CIN,2023-04-29 13:07:00,13.0,2,3,5,1,23,10,16,341,81.1,2,42,0.0476,0.0625,59.7,15.4,73.0,1016.6,0.0,15.0,9.3,262.3,W,11.95,8.11,14.35
718357,2023-04-30,2023,CIN,2023-04-30 13:07:00,13.0,5,4,9,3,23,4,21,291,78.6,3,48,0.0625,0.1429,60.0,15.6,63.3,1013.2,0.0,26.3,16.4,257.0,W,22.33,16.21,25.76
718332,2023-05-02,2023,SEA,2023-05-02 18:40:00,18.0,1,2,3,1,25,7,6,273,82.8,1,34,0.0294,0.1667,51.4,10.8,79.0,1009.4,0.1,9.7,6.0,142.5,SE,1.27,4.49,-2.11
718319,2023-05-03,2023,SEA,2023-05-03 18:40:00,18.0,2,7,9,2,21,8,17,321,79.6,2,52,0.0385,0.1176,53.0,11.7,88.7,1009.4,1.8,1.9,1.2,153.4,SE,0.6,1.18,-0.05
718304,2023-05-04,2023,SEA,2023-05-04 12:37:00,12.0,3,5,8,2,10,8,15,290,80.4,3,57,0.0526,0.1333,57.7,14.3,71.3,1012.1,0.0,12.3,7.6,248.4,W,11.26,8.92,12.25
718217,2023-05-11,2023,TEX,2023-05-11 18:40:00,18.0,0,4,4,1,20,2,10,258,81.6,3,43,0.0698,0.1,53.6,12.0,92.7,1016.7,0.0,11.4,7.1,239.3,SW,11.08,9.44,11.38
718200,2023-05-12,2023,TEX,2023-05-12 18:40:00,18.0,9,7,16,5,18,15,26,382,81.1,8,64,0.125,0.1923,55.2,12.9,92.0,1015.2,0.0,10.0,6.2,219.0,SW,9.95,9.7,8.99
718190,2023-05-13,2023,TEX,2023-05-13 13:07:00,13.0,0,5,5,2,15,3,14,237,82.7,2,49,0.0408,0.1429,72.3,22.4,72.7,1010.4,0.0,12.5,7.8,279.0,W,7.37,3.45,10.39
718172,2023-05-14,2023,TEX,2023-05-14 13:07:00,13.0,3,11,14,3,21,4,18,310,80.6,3,52,0.0577,0.1667,68.8,20.5,67.0,1011.2,0.0,16.8,10.4,280.7,W,9.46,4.15,13.62
718160,2023-05-15,2023,AZ,2023-05-15 18:40:00,18.0,2,5,7,3,15,8,14,283,81.1,3,52,0.0577,0.2143,57.3,14.1,90.7,1017.7,0.0,10.7,6.6,273.7,W,7.07,3.89,9.39
718146,2023-05-16,2023,AZ,2023-05-16 18:40:00,18.0,9,8,17,5,29,11,27,439,82.4,6,68,0.0882,0.1852,57.8,14.3,91.3,1014.2,0.0,7.9,4.9,233.0,SW,7.82,6.98,7.73
718139,2023-05-17,2023,AZ,2023-05-17 12:37:00,12.0,3,5,8,3,20,12,11,306,82.4,3,43,0.0698,0.2727,62.9,17.2,76.7,1013.6,0.0,13.6,8.4,251.7,W,12.12,9.31,13.47
718009,2023-05-26,2023,HOU,2023-05-26 18:40:00,18.0,2,5,7,1,23,3,14,253,82.3,1,43,0.0233,0.0714,55.2,12.9,84.0,1014.0,0.0,14.8,9.2,262.7,W,11.74,7.93,14.13
718003,2023-05-27,2023,HOU,2023-05-27 13:07:00,13.0,3,6,9,1,16,7,14,304,83.7,5,51,0.098,0.0714,61.0,16.1,73.0,1014.3,0.0,18.4,11.5,256.0,W,15.8,11.6,18.09
717980,2023-05-28,2023,HOU,2023-05-28 13:07:00,13.0,1,10,11,8,15,8,19,300,85.9,7,53,0.1321,0.4211,61.0,16.1,72.0,1012.6,0.0,17.4,10.8,236.7,SW,17.07,14.84,17.25
717970,2023-05-29,2023,ATL,2023-05-29 17:07:00,17.0,7,2,9,2,17,6,14,290,82.7,3,46,0.0652,0.1429,58.5,14.7,75.7,1013.9,0.0,15.9,9.9,268.0,W,11.6,7.2,14.61
717958,2023-05-30,2023,ATL,2023-05-30 18:40:00,18.0,2,1,3,1,12,7,9,245,84.2,3,45,0.0667,0.1111,55.8,13.2,82.0,1013.7,0.0,18.5,11.5,255.0,W,16.05,11.91,18.25
717949,2023-05-31,2023,ATL,2023-05-31 12:37:00,12.0,2,4,6,1,11,7,10,246,81.6,2,52,0.0385,0.1,61.0,16.1,69.3,1011.6,0.0,17.0,10.6,240.7,SW,16.4,13.84,16.98
717789,2023-06-12,2023,TB,2023-06-12 18:40:00,18.0,4,3,7,1,17,5,13,268,79.8,3,44,0.0682,0.0769,57.4,14.1,83.7,1015.5,0.0,15.3,9.5,257.7,W,12.88,9.28,14.93
717774,2023-06-13,2023,TB,2023-06-13 18:40:00,18.0,2,1,3,0,11,5,11,237,83.1,0,49,0.0,0.0,57.6,14.2,85.7,1014.7,0.0,16.0,9.9,261.7,W,12.83,8.79,15.33
717761,2023-06-14,2023,TB,2023-06-14 18:40:00,18.0,3,6,9,1,21,9,20,310,82.6,2,46,0.0435,0.05,56.9,13.8,90.3,1010.2,0.0,13.7,8.5,251.3,W,12.28,9.46,13.62
717756,2023-06-15,2023,TB,2023-06-15 12:37:00,12.0,3,4,7,2,26,7,15,308,80.9,2,41,0.0488,0.1333,66.5,19.2,64.3,1011.9,0.0,19.5,12.1,276.7,W,12.07,6.12,16.57
717735,2023-06-16,2023,PHI,2023-06-16 18:40:00,18.0,1,6,7,3,20,1,14,253,83.0,4,45,0.0889,0.2143,58.5,14.7,88.0,1015.1,0.0,15.5,9.6,261.7,W,12.43,8.52,14.85
717725,2023-06-17,2023,PHI,2023-06-17 13:07:00,13.0,2,3,5,1,26,6,18,376,80.5,1,64,0.0156,0.0556,65.6,18.7,71.7,1014.1,0.0,17.8,11.1,268.3,W,12.97,8.0,16.38
717705,2023-06-18,2023,PHI,2023-06-18 13:07:00,13.0,2,3,5,2,22,3,16,302,83.3,2,47,0.0426,0.125,69.6,20.9,52.0,1010.5,0.0,24.4,15.1,251.0,W,21.9,16.93,24.23
717595,2023-06-27,2023,NYY,2023-06-27 18:40:00,18.0,2,1,3,2,15,6,12,269,82.8,2,45,0.0444,0.1667,56.0,13.3,86.0,1011.8,0.0,13.9,8.6,228.7,SW,13.84,12.7,13.31
717579,2023-06-28,2023,NYY,2023-06-28 18:40:00,18.0,0,11,11,1,17,5,11,277,83.1,4,49,0.0816,0.0909,56.2,13.4,86.7,1012.9,0.0,12.9,8.0,238.7,SW,12.57,10.76,12.85
717574,2023-06-29,2023,NYY,2023-06-29 12:37:00,12.0,4,10,14,2,11,8,21,325,82.4,6,62,0.0968,0.0952,70.9,21.6,57.3,1013.0,0.0,11.5,7.1,266.7,W,8.57,5.44,10.66
717551,2023-06-30,2023,CWS,2023-06-30 18:40:00,18.0,7,4,11,2,13,7,20,277,86.1,4,58,0.069,0.1,66.2,19.0,67.3,1010.8,0.0,5.1,3.2,243.2,SW,4.88,4.04,5.13
717538,2023-07-01,2023,CWS,2023-07-01 13:07:00,13.0,7,6,13,2,22,13,21,354,83.3,3,56,0.0536,0.0952,82.5,28.1,40.3,1011.8,0.0,10.6,6.6,285.7,W,5.19,1.72,8.04
717518,2023-07-02,2023,CWS,2023-07-02 13:07:00,13.0,7,8,15,2,18,9,22,322,84.3,3,55,0.0545,0.0909,79.0,26.1,44.3,1011.4,0.0,12.2,7.6,283.0,W,6.47,2.54,9.61
717409,2023-07-14,2023,MIN,2023-07-14 18:40:00,18.0,4,5,9,1,24,12,17,362,81.9,4,45,0.0889,0.0588,64.0,17.8,77.0,1012.2,0.0,7.3,4.6,223.7,SW,7.33,6.95,6.83
717399,2023-07-15,2023,MIN,2023-07-15 16:07:00,16.0,7,10,17,4,22,11,21,330,80.6,5,50,0.1,0.1905,75.4,24.1,54.0,1009.8,0.0,7.1,4.4,258.7,W,5.91,4.21,6.9
717379,2023-07-16,2023,MIN,2023-07-16 13:07:00,13.0,4,5,9,3,18,7,13,282,83.9,4,46,0.087,0.2308,80.4,26.9,42.7,1010.2,0.0,13.0,8.1,276.0,W,8.16,4.22,11.11
717366,2023-07-17,2023,BOS,2023-07-17 18:40:00,18.0,0,7,7,0,25,7,11,279,78.4,1,38,0.0263,0.0,64.5,18.1,69.3,1011.0,0.0,7.5,4.7,258.3,W,6.27,4.48,7.3
717349,2023-07-18,2023,BOS,2023-07-18 18:40:00,18.0,3,0,3,2,17,4,12,245,83.4,3,46,0.0652,0.1667,59.1,15.0,82.3,1013.8,0.0,10.9,6.8,254.0,W,9.5,7.12,10.73
717344,2023-07-19,2023,BOS,2023-07-19 12:37:00,12.0,6,5,11,4,18,7,16,295,79.6,4,47,0.0851,0.25,69.0,20.6,61.3,1015.7,0.0,13.9,8.6,249.7,W,12.6,9.86,13.82
717323,2023-07-20,2023,HOU,2023-07-20 18:40:00,18.0,1,3,4,1,15,4,11,245,85.2,4,48,0.0833,0.0909,63.9,17.7,73.3,1014.6,0.0,8.6,5.3,201.6,S,7.89,8.59,6.25
717310,2023-07-21,2023,HOU,2023-07-21 18:40:00,18.0,4,6,10,4,12,6,16,289,83.2,6,57,0.1053,0.25,68.1,20.1,61.0,1011.3,0.0,7.0,4.3,206.7,SW,6.64,7.0,5.49
717295,2023-07-22,2023,HOU,2023-07-22 18:07:00,18.0,4,1,5,3,17,13,12,314,82.0,3,43,0.0698,0.25,70.6,21.5,57.3,1009.0,0.0,5.6,3.5,219.2,SW,5.6,5.46,5.07
717279,2023-07-23,2023,HOU,2023-07-23 13:07:00,13.0,2,3,5,3,13,9,12,279,78.3,3,50,0.06,0.25,72.6,22.6,54.7,1011.4,0.0,13.6,8.4,217.0,SW,13.43,13.27,11.98
717117,2023-08-05,2023,SF,2023-08-05 16:07:00,16.0,2,1,3,1,20,7,9,279,82.2,2,38,0.0526,0.1111,70.0,21.1,64.7,1014.3,0.0,9.0,5.6,209.0,SW,8.68,9.01,7.31
717100,2023-08-06,2023,SF,2023-08-06 13:07:00,13.0,8,6,14,2,18,11,20,335,82.2,3,52,0.0577,0.1,83.2,28.5,40.7,1014.5,0.0,9.6,6.0,233.0,SW,9.51,8.48,9.39
717081,2023-08-07,2023,TEX,2023-08-07 18:40:00,18.0,3,5,8,0,20,10,13,305,82.2,3,48,0.0625,0.0,64.8,18.2,77.0,1013.4,0.0,8.3,5.1,241.3,SW,7.93,6.66,8.25
717069,2023-08-08,2023,TEX,2023-08-08 18:40:00,18.0,1,6,7,2,18,6,16,277,82.9,7,51,0.1373,0.125,62.2,16.8,88.0,1013.1,0.0,12.7,7.9,255.0,W,11.0,8.16,12.51
717063,2023-08-09,2023,TEX,2023-08-09 12:37:00,12.0,2,0,2,1,16,4,11,250,85.8,5,46,0.1087,0.0909,70.5,21.4,62.3,1012.8,0.0,14.4,9.0,254.7,W,12.54,9.34,14.23
716944,2023-08-18,2023,BAL,2023-08-18 18:40:00,18.0,4,9,13,1,18,2,28,315,86.3,3,64,0.0469,0.0357,63.4,17.5,87.0,1009.2,0.0,11.2,7.0,272.7,W,7.54,4.26,9.92
716930,2023-08-19,2023,BAL,2023-08-19 18:07:00,18.0,2,7,9,4,21,8,15,298,79.8,4,52,0.0769,0.2667,62.0,16.7,86.7,1008.6,0.0,8.6,5.3,261.0,W,6.93,4.79,8.24
716914,2023-08-20,2023,BAL,2023-08-20 13:07:00,13.0,1,12,13,4,18,4,21,298,82.5,6,53,0.1132,0.1905,85.2,29.5,40.7,1004.3,0.0,14.0,8.7,276.3,W,8.73,4.47,11.93
716904,2023-08-21,2023,KC,2023-08-21 18:40:00,18.0,6,4,10,5,19,4,16,274,85.5,6,46,0.1304,0.3125,68.0,20.0,81.3,1014.8,0.0,12.8,8.0,239.3,SW,12.43,10.6,12.77
716888,2023-08-22,2023,KC,2023-08-22 18:40:00,18.0,5,4,9,1,19,4,13,284,83.5,2,47,0.0426,0.0769,65.7,18.7,84.3,1013.9,0.0,6.3,3.9,261.3,W,5.1,3.51,6.08
716884,2023-08-23,2023,KC,2023-08-23 12:37:00,12.0,0,4,4,2,22,9,7,307,84.5,3,36,0.0833,0.2857,89.1,31.7,38.7,1011.0,0.0,14.7,9.2,260.0,W,12.07,8.45,14.23
716758,2023-09-01,2023,LAA,2023-09-01 18:40:00,18.0,9,2,11,2,12,8,21,316,82.4,5,58,0.0862,0.0952,61.8,16.6,86.3,1010.2,0.0,12.9,8.0,266.0,W,9.71,6.24,12.01
716755,2023-09-02,2023,LAA,2023-09-02 13:07:00,13.0,2,1,3,1,12,8,11,271,81.6,4,48,0.0833,0.0909,73.0,22.8,53.3,1014.4,0.0,11.7,7.3,250.0,W,10.63,8.29,11.69
716731,2023-09-03,2023,LAA,2023-09-03 13:07:00,13.0,10,6,16,4,18,9,19,336,82.3,6,53,0.1132,0.2105,69.6,20.9,65.7,1016.6,0.0,15.7,9.7,265.0,W,12.0,7.83,14.72
716726,2023-09-04,2023,TOR,2023-09-04 13:07:00,13.0,5,6,11,4,18,8,16,308,81.7,3,54,0.0556,0.25,68.7,20.4,67.0,1013.7,0.0,13.1,8.1,259.7,W,10.75,7.56,12.64
716707,2023-09-05,2023,TOR,2023-09-05 18:40:00,18.0,1,7,8,0,15,9,17,267,82.2,3,50,0.06,0.0,63.4,17.4,80.3,1011.2,0.0,6.6,4.1,283.7,W,3.41,1.29,5.13
716698,2023-09-06,2023,TOR,2023-09-06 12:37:00,12.0,5,2,7,3,16,5,14,255,79.8,4,47,0.0851,0.2143,72.5,22.5,54.3,1013.7,0.0,14.4,8.9,264.3,W,11.14,7.34,13.59
716569,2023-09-15,2023,SD,2023-09-15 18:40:00,18.0,3,8,11,4,18,10,16,326,84.9,5,49,0.102,0.25,61.0,16.1,90.3,1013.6,0.0,12.5,7.8,262.0,W,10.01,6.83,11.99
716564,2023-09-16,2023,SD,2023-09-16 13:07:00,13.0,2,5,7,1,20,11,15,348,79.6,1,48,0.0208,0.0667,70.8,21.6,63.3,1013.9,0.0,17.0,10.6,263.3,W,13.34,8.92,16.14
716538,2023-09-17,2023,SD,2023-09-17 13:07:00,13.0,1,10,11,3,24,4,19,323,79.5,4,49,0.0816,0.1579,69.9,21.1,62.0,1014.5,0.0,17.5,10.9,262.3,W,13.89,9.43,16.67
716527,2023-09-18,2023,SEA,2023-09-18 18:40:00,18.0,0,5,5,1,14,11,14,277,84.9,3,51,0.0588,0.0714,60.5,15.8,92.3,1015.0,0.0,11.6,7.2,262.7,W,9.18,6.2,11.05
716512,2023-09-19,2023,SEA,2023-09-19 18:40:00,18.0,2,7,9,1,17,8,17,313,81.6,2,52,0.0385,0.0588,59.7,15.4,86.7,1011.8,0.0,7.6,4.7,265.0,W,5.82,3.8,7.14
716504,2023-09-20,2023,SEA,2023-09-20 12:37:00,12.0,3,6,9,5,14,4,16,284,83.0,8,55,0.1455,0.3125,69.8,21.0,60.0,1009.9,0.0,15.8,9.8,260.7,W,12.81,8.89,15.18
716488,2023-09-21,2023,DET,2023-09-21 18:40:00,18.0,3,7,10,1,22,4,14,298,82.9,4,45,0.0889,0.0714,59.8,15.4,88.7,1012.1,0.0,9.1,5.7,258.7,W,7.6,5.41,8.87
716472,2023-09-22,2023,DET,2023-09-22 18:40:00,18.0,8,2,10,3,20,5,14,301,79.0,4,45,0.0889,0.2143,59.2,15.1,88.7,1015.0,0.0,7.9,4.9,267.3,W,5.84,3.67,7.31
716470,2023-09-23,2023,DET,2023-09-23 13:07:00,13.0,4,1,5,1,19,8,12,291,82.2,2,43,0.0465,0.0833,66.6,19.2,58.0,1015.9,0.0,14.9,9.3,256.7,W,12.71,9.26,14.62
716442,2023-09-24,2023,DET,2023-09-24 13:07:00,13.0,0,2,2,0,19,7,18,281,83.0,0,48,0.0,0.0,68.4,20.2,57.7,1015.8,0.0,15.2,9.5,260.3,W,12.43,8.66,14.69
745687,2024-03-28,2024,CLE,2024-03-28 19:07:00,19.0,0,8,8,0,20,4,15,289,84.2,1,46,0.0217,0.0,50.7,10.4,83.0,1016.1,0.0,7.0,4.4,258.0,W,5.9,4.23,6.85
745682,2024-03-29,2024,CLE,2024-03-29 18:40:00,18.0,4,6,10,3,14,8,17,299,80.7,1,54,0.0185,0.1765,49.9,10.0,89.7,1001.3,8.8,19.8,12.3,149.7,SE,5.02,11.26,-1.84
745684,2024-03-30,2024,CLE,2024-03-30 13:07:00,13.0,3,12,15,1,20,11,21,354,80.7,3,55,0.0545,0.0476,58.9,14.9,61.7,1002.4,0.3,13.1,8.1,40.3,NE,-13.02,-12.6,-11.87
745683,2024-03-31,2024,CLE,2024-03-31 13:07:00,13.0,4,3,7,0,11,6,16,258,81.6,0,55,0.0,0.0,60.4,15.8,70.3,1007.7,0.0,14.2,8.8,261.7,W,11.39,7.8,13.6
745675,2024-04-01,2024,BOS,2024-04-01 18:40:00,18.0,0,9,9,0,24,7,13,302,83.5,3,44,0.0682,0.0,55.7,13.2,68.0,1019.4,0.0,5.7,3.5,289.0,W,2.48,0.59,4.08
745680,2024-04-02,2024,BOS,2024-04-02 18:40:00,18.0,4,5,9,2,29,8,19,350,81.2,3,53,0.0566,0.1053,54.6,12.6,90.7,1025.1,0.0,7.2,4.5,268.7,W,5.23,3.21,6.63
745678,2024-04-03,2024,BOS,2024-04-03 12:37:00,12.0,0,1,1,0,10,4,18,268,80.1,2,57,0.0351,0.0,58.3,14.6,74.3,1019.4,0.0,22.2,13.8,241.3,SW,21.3,17.89,22.15
745679,2024-04-12,2024,WSH,2024-04-12 18:40:00,18.0,2,1,3,2,20,6,11,284,82.3,1,47,0.0213,0.1818,54.6,12.6,76.7,1008.1,0.0,18.4,11.4,196.3,S,16.12,18.16,12.13
745676,2024-04-13,2024,WSH,2024-04-13 13:07:00,13.0,1,3,4,0,29,4,18,304,82.4,0,41,0.0,0.0,52.2,11.2,73.7,1012.3,1.1,15.1,9.4,135.3,SE,0.08,5.23,-5.08
745681,2024-04-14,2024,WSH,2024-04-14 13:07:00,13.0,7,6,13,1,17,10,23,330,82.3,5,51,0.098,0.0435,57.7,14.3,61.0,1019.4,0.0,12.9,8.0,323.2,NW,-1.84,-6.08,2.63
745677,2024-04-15,2024,STL,2024-04-15 18:40:00,18.0,1,3,4,1,17,3,13,248,79.7,2,47,0.0426,0.0769,53.5,12.0,87.3,1020.4,0.0,5.8,3.6,264.4,W,4.48,2.96,5.47
745674,2024-04-16,2024,STL,2024-04-16 18:40:00,18.0,2,3,5,1,10,7,9,273,79.8,5,52,0.0962,0.1111,58.8,14.9,81.7,1017.6,0.0,4.1,2.5,295.8,NW,1.34,-0.05,2.57
745671,2024-04-17,2024,STL,2024-04-17 12:37:00,12.0,6,3,9,1,17,10,16,281,83.3,2,47,0.0426,0.0625,74.7,23.7,59.3,1015.4,0.0,4.7,2.9,284.2,W,2.39,0.88,3.62
745672,2024-04-29,2024,PIT,2024-04-29 18:40:00,18.0,5,1,6,1,17,9,10,270,81.9,5,41,0.122,0.1,58.2,14.5,74.0,1015.9,0.0,4.9,3.1,217.4,SW,4.89,4.82,4.37
745673,2024-04-30,2024,PIT,2024-04-30 18:40:00,18.0,5,2,7,3,21,7,13,286,83.2,4,42,0.0952,0.2308,57.7,14.3,76.7,1013.9,0.0,4.6,2.9,194.7,S,3.97,4.53,2.94
745670,2024-05-01,2024,PIT,2024-05-01 12:37:00,12.0,4,0,4,2,11,9,10,268,84.1,2,53,0.0377,0.2,73.5,23.0,34.7,1013.9,0.0,14.5,9.0,280.1,W,8.27,3.72,11.83
745665,2024-05-03,2024,MIA,2024-05-03 18:40:00,18.0,3,1,4,1,19,2,12,267,81.1,3,43,0.0698,0.0833,55.5,13.0,89.7,1011.4,0.0,14.3,8.9,236.3,SW,14.02,12.21,14.14
745666,2024-05-04,2024,MIA,2024-05-04 13:07:00,13.0,20,4,24,8,7,8,28,325,84.3,11,71,0.1549,0.2857,51.7,10.9,83.0,1009.3,1.4,22.0,13.6,254.0,W,19.21,14.41,21.7
745667,2024-05-05,2024,MIA,2024-05-05 13:07:00,13.0,3,12,15,1,15,10,19,329,82.4,4,56,0.0714,0.0526,58.5,14.7,54.3,1017.7,0.0,20.6,12.8,261.0,W,16.64,11.5,19.77
745669,2024-05-06,2024,TEX,2024-05-06 18:40:00,18.0,2,4,6,1,16,7,12,296,83.6,3,51,0.0588,0.0833,53.9,12.2,91.0,1018.9,0.0,12.2,7.6,253.3,W,10.71,8.09,12.04
745668,2024-05-07,2024,TEX,2024-05-07 12:37:00,12.0,8,15,23,3,17,15,26,414,81.5,4,67,0.0597,0.1154,66.6,19.2,58.0,1016.8,0.0,12.5,7.8,275.6,W,7.93,4.15,10.76
745659,2024-05-08,2024,TEX,2024-05-08 12:42:00,12.0,11,12,23,2,21,14,30,384,81.4,3,63,0.0476,0.0667,76.9,24.9,20.3,1011.7,0.0,22.2,13.8,352.3,N,-13.44,-18.66,-6.6
745664,2024-05-08,2024,TEX,2024-05-08 12:37:00,12.0,9,4,13,5,16,4,19,273,83.5,7,52,0.1346,0.2632,76.9,24.9,20.3,1011.7,0.0,22.2,13.8,352.3,N,-13.44,-18.66,-6.6
745662,2024-05-21,2024,COL,2024-05-21 18:40:00,18.0,5,4,9,6,17,4,14,291,82.1,6,49,0.1224,0.4286,60.6,15.9,70.7,1013.3,0.0,7.9,4.9,212.4,SW,7.74,7.87,6.68
745661,2024-05-22,2024,COL,2024-05-22 18:40:00,18.0,3,4,7,3,22,8,20,358,83.3,5,66,0.0758,0.15,57.5,14.2,78.3,1012.0,0.0,12.2,7.6,189.7,S,9.93,11.73,6.92
745660,2024-05-23,2024,COL,2024-05-23 12:37:00,12.0,10,9,19,3,21,8,28,361,82.7,6,68,0.0882,0.1071,69.7,21.0,43.3,1011.8,0.0,14.1,8.7,237.0,SW,13.76,11.93,13.93
745663,2024-05-24,2024,HOU,2024-05-24 18:40:00,18.0,3,6,9,2,17,2,22,273,82.9,3,59,0.0508,0.0909,53.1,11.7,88.3,1012.2,0.0,24.4,15.2,242.3,SW,23.32,19.43,24.41
745658,2024-05-25,2024,HOU,2024-05-25 13:07:00,13.0,3,1,4,0,14,7,10,253,82.6,1,47,0.0213,0.0,59.4,15.2,63.7,1016.3,0.0,21.2,13.2,247.3,SW,19.64,15.7,21.22
745653,2024-05-26,2024,HOU,2024-05-26 13:07:00,13.0,2,5,7,3,13,7,17,283,82.5,5,54,0.0926,0.1765,66.8,19.3,56.0,1015.9,0.0,14.9,9.3,261.3,W,12.03,8.28,14.33
745656,2024-06-04,2024,SEA,2024-06-04 18:40:00,18.0,3,4,7,0,18,8,18,312,83.6,3,52,0.0577,0.0,77.0,25.0,54.0,1010.2,0.0,7.6,4.7,192.9,S,6.46,7.46,4.69
745654,2024-06-05,2024,SEA,2024-06-05 18:40:00,18.0,2,1,3,2,13,2,9,240,83.5,3,45,0.0667,0.2222,69.6,20.9,59.7,1008.8,0.0,6.2,3.9,222.3,SW,6.23,5.95,5.75
745657,2024-06-06,2024,SEA,2024-06-06 12:37:00,12.0,0,3,3,1,20,5,6,280,81.4,1,40,0.025,0.1667,71.5,22.0,53.0,1009.7,0.0,13.8,8.6,235.7,SW,13.59,11.9,13.65
745655,2024-06-07,2024,TOR,2024-06-07 18:40:00,18.0,2,1,3,1,13,4,10,240,81.9,4,44,0.0909,0.1,57.1,13.9,85.3,1010.8,0.0,14.9,9.3,245.7,SW,13.94,11.3,14.9
745652,2024-06-08,2024,TOR,2024-06-08 13:07:00,13.0,0,7,7,1,13,9,15,271,85.6,5,55,0.0909,0.0667,66.2,19.0,58.7,1011.3,0.0,19.3,12.0,228.7,SW,19.29,17.71,18.55
745651,2024-06-09,2024,TOR,2024-06-09 13:07:00,13.0,4,6,10,1,15,5,14,273,82.9,4,57,0.0702,0.0714,66.9,19.4,54.0,1012.8,0.0,19.6,12.2,225.7,SW,19.6,18.34,18.49
745650,2024-06-18,2024,KC,2024-06-18 18:40:00,18.0,7,5,12,2,16,5,18,295,84.4,6,54,0.1111,0.1111,59.0,15.0,68.7,1009.7,0.0,9.8,6.1,215.0,SW,9.68,9.68,8.51
745646,2024-06-19,2024,KC,2024-06-19 18:40:00,18.0,5,1,6,1,14,10,16,289,81.7,5,51,0.098,0.0625,55.3,12.9,88.0,1012.0,0.0,16.2,10.1,248.7,W,14.87,11.74,16.2
745645,2024-06-20,2024,KC,2024-06-20 12:37:00,12.0,2,3,5,4,18,6,16,266,84.0,4,48,0.0833,0.25,64.3,18.0,62.7,1011.0,0.0,13.7,8.5,237.0,SW,13.43,11.65,13.6
745649,2024-06-21,2024,MIN,2024-06-21 18:40:00,18.0,6,5,11,3,11,6,19,265,86.3,6,58,0.1034,0.1579,58.9,14.9,81.0,1008.4,0.0,8.4,5.2,226.7,SW,8.4,7.81,7.97
745644,2024-06-22,2024,MIN,2024-06-22 13:07:00,13.0,2,10,12,3,19,4,20,287,81.3,4,53,0.0755,0.15,79.8,26.6,40.0,1008.5,0.0,11.2,7.0,275.3,W,7.17,3.78,9.7
745648,2024-06-23,2024,MIN,2024-06-23 13:07:00,13.0,0,3,3,1,22,3,9,237,82.2,3,38,0.0789,0.1111,71.6,22.0,54.0,1011.4,0.0,11.6,7.2,256.7,W,9.84,7.17,11.33
745647,2024-07-02,2024,LAA,2024-07-02 18:40:00,18.0,7,5,12,2,15,5,18,289,84.4,3,52,0.0577,0.1111,74.5,23.6,51.3,1007.5,0.0,3.5,2.2,274.0,W,2.3,1.26,3.06
745643,2024-07-03,2024,LAA,2024-07-03 18:40:00,18.0,5,0,5,2,10,3,15,227,82.5,2,53,0.0377,0.1333,70.4,21.3,57.3,1010.4,0.0,9.3,5.8,318.3,NW,-0.54,-3.68,2.67
745641,2024-07-04,2024,LAA,2024-07-04 13:07:00,13.0,5,0,5,1,16,11,8,298,81.1,3,41,0.0732,0.125,78.8,26.0,48.0,1014.6,0.0,11.9,7.4,283.0,W,6.32,2.48,9.4
745639,2024-07-05,2024,BAL,2024-07-05 18:40:00,18.0,2,3,5,2,16,5,13,289,83.8,6,51,0.1176,0.1538,65.7,18.7,68.0,1011.1,0.0,6.8,4.2,232.7,SW,6.77,6.05,6.68
745642,2024-07-06,2024,BAL,2024-07-06 13:07:00,13.0,19,8,27,7,14,11,34,346,83.2,8,69,0.1159,0.2059,85.8,29.9,37.0,1009.5,0.0,9.1,5.6,264.0,W,7.05,4.67,8.57
745637,2024-07-07,2024,BAL,2024-07-07 13:07:00,13.0,3,6,9,2,20,5,15,285,83.2,3,50,0.06,0.1333,77.1,25.0,46.3,1011.4,0.0,14.6,9.1,262.7,W,11.56,7.81,13.91
745640,2024-07-19,2024,LAA,2024-07-19 18:40:00,18.0,13,3,16,5,15,6,23,278,81.5,6,57,0.1053,0.2174,72.3,22.4,58.7,1012.7,0.0,10.5,6.5,195.6,S,9.18,10.39,6.86
745638,2024-07-20,2024,LAA,2024-07-20 13:07:00,13.0,8,2,10,1,13,8,17,286,83.2,3,51,0.0588,0.0588,77.1,25.1,51.3,1012.4,0.0,15.1,9.4,207.0,SW,14.39,15.12,11.92
745633,2024-07-21,2024,LAA,2024-07-21 13:07:00,13.0,5,8,13,2,13,11,23,331,81.1,4,60,0.0667,0.087,70.0,21.1,63.3,1012.3,0.0,18.1,11.2,208.0,SW,17.28,18.04,14.43
745635,2024-07-22,2024,HOU,2024-07-22 18:40:00,18.0,4,0,4,0,13,3,16,247,81.0,3,51,0.0588,0.0,67.9,19.9,67.7,1008.9,0.0,5.6,3.5,277.3,W,3.4,1.69,4.7
745632,2024-07-23,2024,HOU,2024-07-23 18:40:00,18.0,8,2,10,7,16,2,22,282,85.8,8,55,0.1455,0.3182,72.1,22.3,52.7,1012.0,0.0,9.1,5.7,314.0,NW,0.16,-2.97,3.26
745634,2024-07-24,2024,HOU,2024-07-24 12:37:00,12.0,1,8,9,1,16,3,20,274,85.7,3,57,0.0526,0.05,82.7,28.2,36.7,1016.4,0.0,14.6,9.1,279.7,W,8.46,3.87,12.04
745631,2024-08-02,2024,LAD,2024-08-02 18:40:00,18.0,6,5,11,5,21,5,17,278,85.7,6,47,0.1277,0.2941,65.2,18.5,77.7,1016.9,0.0,6.4,4.0,229.4,SW,6.35,5.8,6.13
745636,2024-08-03,2024,LAD,2024-08-03 18:07:00,18.0,0,10,10,0,20,7,20,323,80.3,0,54,0.0,0.0,63.9,17.7,78.7,1012.6,0.0,7.3,4.5,225.7,SW,7.27,6.8,6.86
745627,2024-08-04,2024,LAD,2024-08-04 13:07:00,13.0,2,3,5,1,21,8,12,275,79.7,1,42,0.0238,0.0833,68.7,20.4,65.7,1013.1,0.0,14.1,8.7,251.3,W,12.61,9.71,13.98
745628,2024-08-05,2024,CWS,2024-08-05 18:40:00,18.0,5,1,6,1,17,10,8,270,82.0,2,41,0.0488,0.125,59.4,15.2,87.3,1013.6,0.0,11.2,7.0,234.7,SW,11.04,9.73,11.02
745629,2024-08-06,2024,CWS,2024-08-06 18:40:00,18.0,1,5,6,2,9,4,13,257,82.5,4,56,0.0714,0.1538,67.3,19.6,64.0,1012.3,0.0,5.1,3.1,244.7,SW,4.77,3.9,5.07
745630,2024-08-07,2024,CWS,2024-08-07 12:37:00,12.0,3,2,5,1,13,3,13,271,79.2,3,50,0.06,0.0769,77.7,25.4,43.3,1013.4,0.0,11.8,7.3,260.3,W,9.63,6.71,11.38
745626,2024-08-17,2024,SF,2024-08-17 16:07:00,16.0,2,0,2,0,17,9,10,299,81.1,1,43,0.0233,0.0,67.6,19.8,83.7,1014.0,0.2,14.6,9.1,260.7,W,11.86,8.23,14.06
745621,2024-08-18,2024,SF,2024-08-18 13:07:00,13.0,2,4,6,3,31,3,17,298,81.1,4,42,0.0952,0.1765,71.7,22.1,59.0,1015.2,0.0,17.0,10.6,258.0,W,14.29,10.25,16.6
745620,2024-08-19,2024,TB,2024-08-19 18:40:00,18.0,3,0,3,1,17,8,8,270,81.5,2,41,0.0488,0.125,61.8,16.5,73.3,1016.2,0.0,7.7,4.8,224.7,SW,7.73,7.28,7.25
745624,2024-08-20,2024,TB,2024-08-20 18:40:00,18.0,0,1,1,1,11,4,6,202,81.9,3,47,0.0638,0.1667,65.1,18.4,67.3,1016.0,0.0,9.9,6.1,241.0,SW,9.48,7.98,9.84
745622,2024-08-21,2024,TB,2024-08-21 18:40:00,18.0,2,4,6,2,23,4,12,284,79.7,2,43,0.0465,0.1667,60.8,16.0,90.0,1013.9,0.0,12.8,8.0,228.0,SW,12.82,11.81,12.27
745623,2024-08-22,2024,TB,2024-08-22 12:37:00,12.0,3,1,4,0,17,8,15,289,81.9,2,48,0.0417,0.0,68.0,20.0,69.7,1013.9,0.0,23.4,14.6,257.7,W,19.73,14.21,22.86
745625,2024-08-23,2024,MIL,2024-08-23 18:40:00,18.0,3,11,14,3,14,8,20,329,82.1,8,58,0.1379,0.15,62.0,16.7,81.3,1015.2,0.0,9.1,5.7,274.3,W,5.93,3.21,7.93
745617,2024-08-24,2024,MIL,2024-08-24 13:07:00,13.0,5,9,14,3,20,8,22,346,83.6,4,55,0.0727,0.1364,72.7,22.6,57.3,1017.7,0.0,17.6,10.9,259.7,W,14.48,10.18,17.03
745618,2024-08-25,2024,MIL,2024-08-25 13:07:00,13.0,4,3,7,2,18,5,9,277,81.2,1,41,0.0244,0.2222,77.7,25.4,41.7,1017.8,0.0,17.8,11.0,268.0,W,12.99,8.07,16.35
745619,2024-09-02,2024,SEA,2024-09-02 16:07:00,16.0,5,4,9,3,23,7,11,292,80.9,6,39,0.1538,0.2727,67.9,19.9,69.0,1013.2,0.0,11.0,6.8,252.3,W,9.74,7.43,10.88
745615,2024-09-03,2024,SEA,2024-09-03 18:40:00,18.0,3,2,5,2,18,5,11,257,82.2,3,41,0.0732,0.1818,70.9,21.6,66.0,1011.5,0.0,4.1,2.6,214.8,SW,4.07,4.07,3.57
745614,2024-09-04,2024,SEA,2024-09-04 18:40:00,18.0,3,16,19,1,20,5,23,302,81.1,7,56,0.125,0.0435,63.7,17.6,87.0,1015.0,0.0,7.1,4.4,284.1,W,3.65,1.34,5.51
745612,2024-09-05,2024,SEA,2024-09-05 12:37:00,12.0,4,6,10,5,19,5,21,326,85.8,8,55,0.1455,0.2381,82.7,28.2,36.0,1015.6,0.0,7.7,4.8,266.7,W,5.75,3.65,7.16
745611,2024-09-06,2024,DET,2024-09-06 18:40:00,18.0,7,6,13,1,29,6,27,392,84.2,5,71,0.0704,0.037,67.6,19.8,66.7,1012.5,0.0,5.4,3.3,224.8,SW,5.37,5.05,5.04
745613,2024-09-07,2024,DET,2024-09-07 13:07:00,13.0,1,2,3,0,16,5,11,265,83.2,1,50,0.02,0.0,75.0,23.9,49.3,1011.7,0.0,9.8,6.1,270.0,W,6.95,4.16,8.91
745616,2024-09-08,2024,DET,2024-09-08 13:07:00,13.0,1,9,10,1,20,7,24,340,83.9,5,57,0.0877,0.0417,77.4,25.2,45.3,1010.8,0.0,10.0,6.2,271.3,W,6.9,4.01,8.96
745606,2024-09-20,2024,NYY,2024-09-20 18:40:00,18.0,2,4,6,0,19,4,11,283,83.2,3,48,0.0625,0.0,58.3,14.6,90.3,1011.4,0.0,7.2,4.5,258.1,W,6.06,4.35,7.05
745610,2024-09-21,2024,NYY,2024-09-21 18:07:00,18.0,0,10,10,3,16,7,19,303,83.1,3,54,0.0556,0.1579,58.6,14.8,89.7,1012.0,0.0,9.3,5.8,300.0,NW,2.41,-0.81,5.33
745608,2024-09-22,2024,NYY,2024-09-22 13:07:00,13.0,4,7,11,3,14,10,16,313,84.7,7,56,0.125,0.1875,76.4,24.7,50.7,1011.6,0.0,9.8,6.1,271.0,W,6.83,4.0,8.84
745605,2024-09-24,2024,TEX,2024-09-24 18:40:00,18.0,5,4,9,2,17,6,16,278,82.5,4,50,0.08,0.125,61.0,16.1,84.0,1008.0,0.0,9.0,5.6,311.3,NW,0.58,-2.53,3.61
745607,2024-09-25,2024,TEX,2024-09-25 18:40:00,18.0,1,5,6,2,22,7,17,321,82.3,2,50,0.04,0.1176,59.1,15.0,90.3,1010.5,0.0,13.2,8.2,262.3,W,10.52,7.14,12.63
745609,2024-09-26,2024,TEX,2024-09-26 12:37:00,12.0,3,2,5,0,9,6,14,240,84.6,0,55,0.0,0.0,73.3,23.0,58.0,1011.5,0.0,9.4,5.9,259.3,W,7.79,5.5,9.14
