game_pk,game_date,season,away_team,game_start,start_hour,home_runs_scored,away_runs_scored,total_runs,home_runs_hit,strikeouts,walks,hits,total_pitches,avg_exit_velocity,n_barrels,n_bbe,barrel_rate,hr_h_ratio,home_bat_hr,home_bat_k,home_bat_bb,home_bat_h,home_bat_pitches,home_bat_exit_velo,home_bat_bbe,home_bat_hr_h_ratio,away_bat_hr,away_bat_k,away_bat_bb,away_bat_h,away_bat_pitches,away_bat_exit_velo,away_bat_bbe,away_bat_hr_h_ratio,temp_f,temp_c,rhum,pres,prcp,wspd,wspd_mph,wdir,wind_dir_bucket,wind_cf,wind_lcf,wind_rcf,day_night
413662,2015-04-06,2015,TEX,2015-04-06 19:05:00,19.0,8,0,8,2,14,5,12,287,91.2,3,51,0.0588,0.1667,2.0,9.0,4.0,11.0,174.0,90.6,35.0,0.1818,0.0,5.0,1.0,1.0,113.0,92.0,26.0,0.0,54.4,12.5,62.3,1010.8,0.0,16.9,10.5,188.0,S,13.47,16.13,9.19,night
413670,2015-04-07,2015,TEX,2015-04-07 19:05:00,19.0,1,3,4,0,13,3,13,260,85.3,1,51,0.0196,0.0,0.0,7.0,3.0,5.0,135.0,83.5,28.0,0.0,0.0,6.0,0.0,8.0,125.0,86.9,32.0,0.0,51.3,10.7,71.3,1014.3,0.0,12.0,7.5,262.3,W,9.54,6.48,11.45,night
413684,2015-04-08,2015,TEX,2015-04-08 19:05:00,19.0,10,0,10,0,17,5,18,286,85.9,1,53,0.0189,0.0,0.0,4.0,3.0,15.0,158.0,84.9,41.0,0.0,0.0,13.0,2.0,3.0,128.0,88.3,18.0,0.0,55.1,12.8,67.0,1018.6,0.0,9.4,5.8,296.7,NW,2.95,-0.27,5.81,night
413694,2015-04-09,2015,TEX,2015-04-09 12:35:00,12.0,1,10,11,4,11,5,18,274,84.6,3,59,0.0508,0.2222,0.0,6.0,3.0,6.0,131.0,81.7,27.0,0.0,4.0,5.0,2.0,12.0,143.0,87.4,27.0,0.3333,62.8,17.1,48.3,1015.4,0.0,2.6,1.6,31.0,NE,-2.56,-2.62,-2.18,day
413705,2015-04-10,2015,SEA,2015-04-10 19:05:00,19.0,12,0,12,1,13,6,19,288,85.9,2,56,0.0357,0.0526,1.0,6.0,2.0,16.0,164.0,86.2,29.0,0.0625,0.0,7.0,2.0,3.0,124.0,85.4,24.0,0.0,57.2,14.0,64.0,1015.6,0.0,7.1,4.4,263.7,W,5.57,3.71,6.76,night
413720,2015-04-11,2015,SEA,2015-04-11 13:05:00,13.0,4,5,9,2,13,6,22,336,87.5,4,74,0.0541,0.0909,0.0,6.0,1.0,12.0,162.0,87.7,42.0,0.0,2.0,7.0,3.0,10.0,174.0,87.4,45.0,0.2,68.5,20.3,47.3,1016.9,0.0,16.2,10.1,275.7,W,10.27,5.36,13.93,day
413735,2015-04-12,2015,SEA,2015-04-12 13:05:00,13.0,7,8,15,2,11,7,21,303,87.0,1,68,0.0147,0.0952,0.0,5.0,4.0,14.0,156.0,85.1,41.0,0.0,2.0,6.0,3.0,7.0,147.0,89.0,38.0,0.2857,72.9,22.7,39.0,1015.3,0.0,6.9,4.3,289.3,W,2.97,0.68,4.91,day
413889,2015-04-24,2015,HOU,2015-04-24 19:05:00,19.0,4,5,9,1,15,10,19,348,90.0,2,66,0.0303,0.0526,1.0,5.0,3.0,8.0,161.0,87.8,40.0,0.125,0.0,10.0,5.0,11.0,187.0,92.4,36.0,0.0,55.0,12.8,59.7,1015.3,0.0,13.8,8.6,229.3,SW,13.76,12.58,13.29,night
413904,2015-04-25,2015,HOU,2015-04-25 13:05:00,13.0,3,9,12,2,13,8,17,294,86.3,5,58,0.0862,0.1176,0.0,9.0,4.0,6.0,152.0,81.7,30.0,0.0,2.0,4.0,4.0,11.0,142.0,90.1,37.0,0.1818,61.7,16.5,55.3,1014.3,0.0,18.4,11.5,274.3,W,12.01,6.51,16.07,day
413919,2015-04-26,2015,HOU,2015-04-26 13:05:00,13.0,6,7,13,1,15,7,17,306,88.7,2,57,0.0351,0.0588,0.0,6.0,3.0,7.0,139.0,87.9,33.0,0.0,1.0,9.0,3.0,10.0,167.0,89.5,34.0,0.1,70.0,21.1,40.7,1019.0,0.0,13.5,8.4,282.7,W,7.22,2.88,10.69,day
413944,2015-04-28,2015,LAA,2015-04-28 19:05:00,19.0,6,2,8,2,10,2,13,233,84.5,3,51,0.0588,0.1538,2.0,1.0,1.0,7.0,116.0,86.0,36.0,0.2857,0.0,9.0,1.0,6.0,117.0,82.6,29.0,0.0,62.1,16.7,66.3,1014.9,0.0,12.7,7.9,246.7,SW,11.83,9.51,12.73,night
413959,2015-04-29,2015,LAA,2015-04-29 19:05:00,19.0,3,6,9,1,18,4,16,284,84.5,2,50,0.04,0.0625,0.0,7.0,1.0,8.0,131.0,84.7,31.0,0.0,1.0,11.0,3.0,8.0,153.0,84.3,25.0,0.125,65.2,18.5,54.3,1011.7,0.0,8.1,5.1,239.3,SW,7.88,6.72,8.09,night
413974,2015-04-30,2015,LAA,2015-04-30 12:35:00,12.0,5,6,11,1,10,9,21,315,84.9,1,62,0.0161,0.0476,1.0,5.0,5.0,9.0,161.0,85.5,33.0,0.1111,0.0,5.0,3.0,12.0,154.0,84.2,34.0,0.0,82.7,28.2,21.3,1009.8,0.0,8.2,5.1,27.4,NE,-7.82,-8.19,-6.5,day
414125,2015-05-11,2015,BOS,2015-05-11 19:05:00,19.0,4,5,9,1,12,10,23,371,85.7,3,73,0.0411,0.0435,0.0,7.0,3.0,13.0,179.0,84.9,45.0,0.0,1.0,5.0,7.0,10.0,192.0,86.7,40.0,0.1,56.1,13.4,64.3,1010.5,0.0,16.7,10.4,252.0,W,14.91,11.41,16.61,night
414135,2015-05-12,2015,BOS,2015-05-12 19:05:00,19.0,9,2,11,3,10,4,16,290,86.2,5,56,0.0893,0.1875,3.0,5.0,4.0,12.0,167.0,86.3,37.0,0.25,0.0,5.0,0.0,4.0,123.0,86.0,32.0,0.0,55.5,13.1,58.7,1013.1,0.0,17.5,10.9,265.6,W,13.3,8.59,16.41,night
414150,2015-05-13,2015,BOS,2015-05-13 12:35:00,12.0,0,2,2,0,15,6,11,264,86.7,0,49,0.0,0.0,0.0,4.0,5.0,5.0,123.0,85.3,28.0,0.0,0.0,11.0,1.0,6.0,141.0,88.1,26.0,0.0,62.2,16.8,39.7,1013.6,0.0,17.3,10.8,247.3,SW,16.03,12.81,17.32,day
414179,2015-05-15,2015,CWS,2015-05-15 19:05:00,19.0,6,7,13,1,16,10,21,330,84.7,1,57,0.0175,0.0476,1.0,7.0,8.0,12.0,183.0,83.6,33.0,0.0833,0.0,9.0,2.0,9.0,147.0,85.9,31.0,0.0,57.6,14.2,72.0,1012.3,0.0,18.3,11.4,260.0,W,14.99,10.5,17.68,night
414194,2015-05-16,2015,CWS,2015-05-16 18:05:00,18.0,3,4,7,1,11,5,20,304,85.8,2,59,0.0339,0.05,1.0,6.0,3.0,7.0,149.0,87.9,32.0,0.1429,0.0,5.0,2.0,13.0,155.0,84.0,36.0,0.0,59.2,15.1,65.0,1014.7,0.0,17.5,10.9,252.3,W,15.58,11.88,17.39,night
414209,2015-05-17,2015,CWS,2015-05-17 13:05:00,13.0,3,7,10,2,16,6,18,302,85.5,2,56,0.0357,0.1111,1.0,6.0,3.0,8.0,134.0,83.6,31.0,0.125,1.0,10.0,3.0,10.0,168.0,87.1,35.0,0.1,63.1,17.3,50.7,1016.4,0.0,16.5,10.3,253.3,W,14.55,10.99,16.36,day
414319,2015-05-25,2015,DET,2015-05-25 13:05:00,13.0,4,0,4,0,11,2,13,232,84.1,0,55,0.0,0.0,0.0,6.0,1.0,9.0,120.0,84.9,32.0,0.0,0.0,5.0,1.0,4.0,112.0,83.4,32.0,0.0,64.6,18.1,56.3,1014.0,0.0,17.4,10.8,246.7,SW,16.14,12.98,17.36,day
414334,2015-05-26,2015,DET,2015-05-26 19:05:00,19.0,0,1,1,0,7,5,13,267,86.1,2,57,0.0351,0.0,0.0,3.0,1.0,7.0,137.0,85.3,35.0,0.0,0.0,4.0,4.0,6.0,130.0,87.0,29.0,0.0,58.4,14.7,73.3,1014.2,0.0,14.8,9.2,242.0,SW,14.19,11.85,14.81,night
414349,2015-05-27,2015,DET,2015-05-27 12:35:00,12.0,2,3,5,1,17,10,15,314,84.7,1,47,0.0213,0.0667,0.0,5.0,5.0,6.0,141.0,86.6,30.0,0.0,1.0,12.0,4.0,9.0,173.0,82.6,28.0,0.1111,66.2,19.0,54.7,1015.6,0.0,14.1,8.8,244.0,SW,13.36,10.98,14.13,day
414363,2015-05-28,2015,NYY,2015-05-28 19:05:00,19.0,5,4,9,3,11,5,17,273,88.7,0,57,0.0,0.1765,2.0,5.0,2.0,9.0,128.0,86.5,35.0,0.2222,1.0,6.0,3.0,8.0,145.0,90.9,34.0,0.125,59.8,15.5,72.3,1014.4,0.0,12.9,8.0,248.7,W,11.82,9.33,12.87,night
414375,2015-05-29,2015,NYY,2015-05-29 19:05:00,19.0,6,2,8,2,14,5,16,268,87.0,1,53,0.0189,0.125,1.0,8.0,3.0,10.0,149.0,86.3,39.0,0.1,1.0,6.0,2.0,6.0,119.0,87.9,30.0,0.1667,59.5,15.3,71.7,1013.0,0.0,13.2,8.2,253.7,W,11.61,8.74,13.08,night
414390,2015-05-30,2015,NYY,2015-05-30 19:05:00,19.0,3,5,8,1,16,1,22,302,86.3,1,59,0.0169,0.0455,0.0,10.0,0.0,12.0,158.0,89.4,32.0,0.0,1.0,6.0,1.0,10.0,144.0,83.7,39.0,0.1,59.4,15.2,69.0,1011.9,0.0,13.0,8.1,253.0,W,11.48,8.7,12.87,night
414405,2015-05-31,2015,NYY,2015-05-31 13:05:00,13.0,3,0,3,1,11,2,16,236,86.7,0,52,0.0,0.0625,1.0,4.0,1.0,8.0,108.0,85.9,31.0,0.125,0.0,7.0,1.0,8.0,128.0,87.6,30.0,0.0,66.2,19.0,48.3,1012.6,0.0,16.7,10.4,250.0,W,15.11,11.79,16.6,day
414527,2015-06-09,2015,TEX,2015-06-09 19:05:00,19.0,1,2,3,1,15,5,15,298,87.4,1,53,0.0189,0.0667,0.0,6.0,4.0,5.0,164.0,88.9,28.0,0.0,1.0,9.0,1.0,10.0,134.0,85.8,27.0,0.1,65.3,18.5,70.0,1011.2,0.0,6.9,4.3,259.3,W,5.7,4.02,6.68,night
414542,2015-06-10,2015,TEX,2015-06-10 19:05:00,19.0,5,4,9,0,16,6,18,292,86.0,0,53,0.0,0.0,0.0,10.0,1.0,10.0,150.0,86.4,25.0,0.0,0.0,6.0,4.0,8.0,142.0,85.6,27.0,0.0,68.7,20.4,69.3,1010.6,0.0,6.0,3.7,267.0,W,4.46,2.82,5.56,night
414551,2015-06-11,2015,TEX,2015-06-11 12:35:00,12.0,7,0,7,2,10,8,12,248,87.5,2,50,0.04,0.1667,2.0,4.0,6.0,11.0,134.0,86.8,32.0,0.1818,0.0,6.0,2.0,1.0,114.0,88.5,24.0,0.0,78.9,26.0,50.3,1010.5,0.0,11.3,7.0,259.0,W,9.34,6.62,10.93,day
414638,2015-06-17,2015,SD,2015-06-17 19:05:00,19.0,16,2,18,3,17,4,25,290,89.9,2,57,0.0351,0.12,1.0,4.0,3.0,20.0,161.0,89.3,47.0,0.05,2.0,13.0,1.0,5.0,129.0,91.2,23.0,0.4,67.5,19.7,58.7,1011.9,0.0,13.3,8.3,248.3,W,12.21,9.67,13.28,night
414653,2015-06-18,2015,SD,2015-06-18 12:35:00,12.0,1,3,4,3,15,3,12,268,86.2,2,50,0.04,0.25,1.0,7.0,1.0,5.0,130.0,85.0,33.0,0.2,2.0,8.0,2.0,7.0,138.0,87.2,34.0,0.2857,73.3,23.0,42.0,1015.0,0.0,18.5,11.5,250.3,W,16.72,13.01,18.42,day
414658,2015-06-19,2015,LAA,2015-06-19 18:35:00,18.0,7,12,19,3,12,9,23,338,85.5,1,65,0.0154,0.1304,2.0,6.0,3.0,11.0,149.0,82.6,38.0,0.1818,1.0,6.0,6.0,12.0,189.0,88.4,39.0,0.0833,71.7,22.1,49.3,1013.1,0.0,15.1,9.4,260.3,W,12.35,8.61,14.59,night
414673,2015-06-20,2015,LAA,2015-06-20 13:05:00,13.0,4,1,5,0,10,7,16,275,80.5,0,56,0.0,0.0,0.0,6.0,3.0,11.0,138.0,82.6,36.0,0.0,0.0,4.0,4.0,5.0,137.0,78.2,33.0,0.0,78.7,25.9,34.3,1011.3,0.0,13.4,8.3,254.6,W,11.68,8.7,13.24,day
414688,2015-06-21,2015,LAA,2015-06-21 13:05:00,13.0,3,2,5,1,12,5,16,276,84.9,2,53,0.0377,0.0625,0.0,3.0,2.0,8.0,130.0,84.6,33.0,0.0,1.0,9.0,3.0,8.0,146.0,85.2,29.0,0.125,70.8,21.5,40.0,1015.8,0.0,17.9,11.1,262.7,W,14.14,9.56,17.02,day
414759,2015-06-26,2015,KC,2015-06-26 19:05:00,19.0,2,5,7,2,12,5,15,289,88.2,2,55,0.0364,0.1333,0.0,5.0,1.0,4.0,142.0,86.8,28.0,0.0,2.0,7.0,4.0,11.0,147.0,89.6,29.0,0.1818,68.2,20.1,60.3,1012.3,0.0,11.4,7.1,249.0,W,10.38,8.18,11.34,night
414774,2015-06-27,2015,KC,2015-06-27 13:05:00,13.0,2,3,5,0,14,6,12,271,85.3,0,51,0.0,0.0,0.0,7.0,4.0,4.0,142.0,85.8,33.0,0.0,0.0,7.0,2.0,8.0,129.0,84.8,36.0,0.0,77.4,25.2,46.7,1014.3,0.0,14.9,9.2,242.3,SW,14.2,11.83,14.85,day
414789,2015-06-28,2015,KC,2015-06-28 13:05:00,13.0,3,5,8,1,17,3,19,322,86.8,1,58,0.0172,0.0526,0.0,10.0,1.0,11.0,156.0,87.8,36.0,0.0,1.0,7.0,1.0,8.0,166.0,85.8,35.0,0.125,74.7,23.7,49.3,1014.7,0.0,16.7,10.4,256.3,W,14.27,10.44,16.38,day
414798,2015-06-29,2015,COL,2015-06-29 19:05:00,19.0,7,1,8,4,9,6,18,283,88.3,3,58,0.0517,0.2222,3.0,3.0,2.0,11.0,130.0,88.4,34.0,0.2727,1.0,6.0,4.0,7.0,153.0,88.3,33.0,0.1429,67.8,19.9,61.3,1012.3,0.0,12.1,7.5,255.3,W,10.41,7.7,11.87,night
414809,2015-06-30,2015,COL,2015-06-30 19:05:00,19.0,1,2,3,0,16,4,13,279,85.1,0,48,0.0,0.0,0.0,6.0,3.0,6.0,134.0,87.5,31.0,0.0,0.0,10.0,0.0,7.0,145.0,82.7,31.0,0.0,77.6,25.3,46.0,1008.9,0.0,7.7,4.8,249.7,W,6.97,5.45,7.64,night
414824,2015-07-01,2015,COL,2015-07-01 12:35:00,12.0,4,1,5,0,15,9,13,284,86.5,0,49,0.0,0.0,0.0,5.0,4.0,8.0,139.0,87.1,33.0,0.0,0.0,10.0,4.0,5.0,145.0,85.7,27.0,0.0,85.0,29.5,33.3,1011.9,0.0,12.1,7.5,254.4,W,10.51,7.86,11.91,day
414843,2015-07-02,2015,SEA,2015-07-02 19:05:00,19.0,4,0,4,1,15,2,8,253,83.8,1,43,0.0233,0.125,1.0,7.0,2.0,6.0,140.0,84.8,30.0,0.1667,0.0,8.0,0.0,2.0,113.0,82.6,28.0,0.0,68.1,20.1,65.3,1012.8,0.0,10.5,6.5,261.9,W,8.37,5.71,10.01,night
414858,2015-07-03,2015,SEA,2015-07-03 18:05:00,18.0,5,9,14,4,14,0,24,288,89.2,3,63,0.0476,0.1667,0.0,8.0,0.0,11.0,148.0,87.6,31.0,0.0,4.0,6.0,0.0,13.0,140.0,90.6,35.0,0.3077,71.7,22.1,58.3,1010.8,0.0,12.9,8.0,263.7,W,10.1,6.73,12.25,night
414873,2015-07-04,2015,SEA,2015-07-04 13:05:00,13.0,2,0,2,0,10,4,16,252,86.3,0,54,0.0,0.0,0.0,7.0,2.0,10.0,107.0,86.5,29.0,0.0,0.0,3.0,2.0,6.0,145.0,86.2,34.0,0.0,78.7,25.9,48.0,1010.0,0.0,14.8,9.2,255.6,W,12.73,9.39,14.55,day
414888,2015-07-05,2015,SEA,2015-07-05 13:05:00,13.0,1,2,3,1,12,3,13,276,89.3,2,51,0.0392,0.0769,1.0,5.0,2.0,8.0,133.0,87.7,34.0,0.125,0.0,7.0,1.0,5.0,143.0,91.3,28.0,0.0,76.6,24.8,54.0,1013.4,0.0,16.1,10.0,250.0,W,14.6,11.39,16.04,day
414997,2015-07-17,2015,MIN,2015-07-17 19:05:00,19.0,0,5,5,2,11,4,13,274,86.7,2,57,0.0351,0.1538,0.0,2.0,1.0,5.0,125.0,87.7,40.0,0.0,2.0,9.0,3.0,8.0,149.0,85.5,31.0,0.25,68.1,20.1,63.0,1007.8,0.0,12.0,7.5,249.7,W,10.94,8.56,11.99,night
415012,2015-07-18,2015,MIN,2015-07-18 18:05:00,18.0,3,2,5,1,12,4,16,298,85.5,1,56,0.0179,0.0625,1.0,5.0,2.0,10.0,153.0,86.2,33.0,0.1,0.0,7.0,1.0,6.0,145.0,84.9,31.0,0.0,71.2,21.8,55.7,1012.2,0.0,12.6,7.8,255.7,W,10.87,8.01,12.42,night
415027,2015-07-19,2015,MIN,2015-07-19 13:05:00,13.0,14,1,15,5,20,1,19,289,89.5,5,53,0.0943,0.2632,5.0,6.0,0.0,12.0,148.0,90.5,43.0,0.4167,0.0,14.0,1.0,7.0,141.0,87.9,26.0,0.0,81.0,27.2,63.0,1016.3,0.6,7.9,4.9,217.9,SW,7.87,7.73,7.06,day
415058,2015-07-21,2015,TOR,2015-07-21 19:05:00,19.0,1,7,8,3,11,6,18,288,87.3,3,59,0.0508,0.1667,0.0,4.0,1.0,8.0,123.0,86.1,31.0,0.0,3.0,7.0,5.0,10.0,165.0,88.6,29.0,0.3,66.3,19.1,74.3,1009.8,0.0,14.7,9.2,239.0,SW,14.3,12.21,14.65,night
415073,2015-07-22,2015,TOR,2015-07-22 19:05:00,19.0,4,3,7,1,13,9,23,349,88.1,4,65,0.0615,0.0435,0.0,7.0,3.0,11.0,185.0,86.5,38.0,0.0,1.0,6.0,5.0,12.0,164.0,89.8,37.0,0.0833,64.2,17.9,73.7,1010.5,0.0,17.8,11.1,242.3,SW,17.02,14.18,17.81,night
415082,2015-07-23,2015,TOR,2015-07-23 12:35:00,12.0,2,5,7,2,14,2,13,236,83.1,4,52,0.0769,0.1538,0.0,6.0,1.0,5.0,106.0,81.9,30.0,0.0,2.0,8.0,1.0,8.0,130.0,84.1,35.0,0.25,70.3,21.3,52.0,1015.6,0.0,15.8,9.8,249.0,W,14.46,11.39,15.79,day
415172,2015-07-30,2015,CLE,2015-07-30 19:05:00,19.0,1,3,4,1,14,2,9,225,81.5,1,45,0.0222,0.1111,0.0,7.0,1.0,2.0,103.0,78.4,22.0,0.0,1.0,7.0,1.0,7.0,122.0,83.9,29.0,0.1429,69.5,20.8,60.7,1014.0,0.0,12.3,7.6,260.3,W,10.03,7.0,11.86,night
415185,2015-07-31,2015,CLE,2015-07-31 18:35:00,18.0,1,2,3,0,13,4,9,268,87.0,2,50,0.04,0.0,0.0,4.0,1.0,1.0,127.0,83.8,28.0,0.0,0.0,9.0,3.0,8.0,141.0,90.0,30.0,0.0,73.2,22.9,49.0,1014.1,0.0,16.6,10.3,253.3,W,14.58,11.01,16.39,night
415200,2015-08-01,2015,CLE,2015-08-01 18:05:00,18.0,5,1,6,2,12,2,13,241,90.1,3,51,0.0588,0.1538,1.0,4.0,2.0,8.0,121.0,92.0,32.0,0.125,1.0,8.0,0.0,5.0,120.0,88.1,32.0,0.2,71.0,21.7,61.3,1012.6,0.0,14.7,9.2,251.3,W,13.2,10.17,14.64,night
415215,2015-08-02,2015,CLE,2015-08-02 13:05:00,13.0,2,1,3,0,20,9,13,300,85.2,1,48,0.0208,0.0,0.0,9.0,4.0,7.0,158.0,87.0,30.0,0.0,0.0,11.0,5.0,6.0,142.0,83.2,28.0,0.0,75.6,24.2,42.0,1013.2,0.0,16.5,10.2,259.0,W,13.65,9.68,15.98,day
415227,2015-08-03,2015,BAL,2015-08-03 19:05:00,19.0,2,9,11,2,14,4,20,296,90.8,3,58,0.0517,0.1,0.0,6.0,2.0,6.0,120.0,90.7,29.0,0.0,2.0,8.0,2.0,14.0,176.0,90.9,37.0,0.1429,65.8,18.8,64.3,1012.8,0.0,16.4,10.2,258.0,W,13.73,9.85,15.95,night
415238,2015-08-04,2015,BAL,2015-08-04 19:05:00,19.0,5,0,5,1,17,7,14,273,85.3,3,45,0.0667,0.0714,1.0,8.0,4.0,7.0,134.0,83.4,29.0,0.1429,0.0,9.0,2.0,7.0,139.0,87.5,26.0,0.0,65.9,18.8,65.3,1014.6,0.0,12.5,7.8,256.0,W,10.71,7.87,12.27,night
415253,2015-08-05,2015,BAL,2015-08-05 12:35:00,12.0,3,7,10,1,19,7,19,319,88.3,5,56,0.0893,0.0526,0.0,11.0,5.0,8.0,168.0,87.5,30.0,0.0,1.0,8.0,1.0,11.0,151.0,89.0,38.0,0.0909,78.3,25.7,41.7,1015.5,0.0,6.2,3.9,286.3,W,2.99,0.94,4.68,day
415269,2015-08-06,2015,HOU,2015-08-06 19:05:00,19.0,4,5,9,3,15,6,16,330,87.4,3,61,0.0492,0.1875,2.0,5.0,4.0,7.0,168.0,86.9,39.0,0.2857,1.0,10.0,2.0,9.0,162.0,88.0,33.0,0.1111,70.8,21.5,60.7,1009.1,0.0,10.9,6.8,251.0,W,9.83,7.59,10.87,night
415282,2015-08-07,2015,HOU,2015-08-07 19:05:00,19.0,3,1,4,2,8,2,15,220,88.7,1,55,0.0182,0.1333,1.0,3.0,2.0,10.0,113.0,87.1,31.0,0.1,1.0,5.0,0.0,5.0,107.0,90.4,31.0,0.2,68.0,20.0,65.7,1010.4,0.0,12.6,7.8,238.0,SW,12.31,10.6,12.54,night
415297,2015-08-08,2015,HOU,2015-08-08 13:05:00,13.0,2,1,3,1,15,8,11,281,86.6,3,46,0.0652,0.0909,0.0,10.0,3.0,5.0,148.0,86.0,23.0,0.0,1.0,5.0,5.0,6.0,133.0,86.9,32.0,0.1667,75.4,24.1,50.0,1013.1,0.0,16.0,10.0,247.7,W,14.8,11.79,16.02,day
415312,2015-08-09,2015,HOU,2015-08-09 13:05:00,13.0,5,4,9,2,18,8,18,309,84.9,2,50,0.04,0.1111,1.0,6.0,2.0,12.0,148.0,82.9,36.0,0.0833,1.0,12.0,4.0,6.0,161.0,87.1,31.0,0.1667,79.3,26.3,43.0,1012.8,0.0,16.9,10.5,266.0,W,12.76,8.19,15.78,day
415429,2015-08-18,2015,LAD,2015-08-18 19:05:00,19.0,5,4,9,1,18,11,19,337,84.2,1,58,0.0172,0.0526,0.0,9.0,2.0,12.0,158.0,85.2,36.0,0.0,1.0,9.0,9.0,7.0,179.0,82.9,28.0,0.1429,67.7,19.8,63.3,1010.9,0.0,12.7,7.9,257.0,W,10.74,7.8,12.39,night
415444,2015-08-19,2015,LAD,2015-08-19 12:35:00,12.0,5,2,7,1,8,6,10,248,84.2,1,50,0.02,0.1,0.0,2.0,4.0,8.0,118.0,83.6,34.0,0.0,1.0,6.0,2.0,2.0,130.0,85.0,29.0,0.5,73.9,23.3,47.7,1012.7,0.0,13.2,8.2,252.3,W,11.76,8.97,13.13,day
415476,2015-08-21,2015,TB,2015-08-21 19:05:00,19.0,1,2,3,1,11,2,16,279,84.6,0,58,0.0,0.0625,0.0,6.0,0.0,9.0,156.0,85.6,32.0,0.0,1.0,5.0,2.0,7.0,123.0,83.5,27.0,0.1429,64.9,18.3,77.0,1010.7,0.0,13.0,8.1,236.3,SW,12.75,11.1,12.85,night
415491,2015-08-22,2015,TB,2015-08-22 18:05:00,18.0,4,5,9,5,12,5,15,247,86.7,4,53,0.0755,0.3333,2.0,6.0,2.0,8.0,115.0,85.5,33.0,0.25,3.0,6.0,3.0,7.0,132.0,87.9,32.0,0.4286,69.0,20.6,62.0,1011.6,0.0,15.1,9.4,246.7,SW,14.06,11.3,15.13,night
415506,2015-08-23,2015,TB,2015-08-23 13:05:00,13.0,8,2,10,0,11,6,18,287,88.1,4,55,0.0727,0.0,0.0,6.0,2.0,11.0,143.0,88.4,30.0,0.0,0.0,5.0,4.0,7.0,144.0,87.8,34.0,0.0,75.6,24.2,48.7,1014.9,0.0,13.2,8.2,252.6,W,11.66,8.87,13.05,day
415603,2015-08-31,2015,LAA,2015-08-31 19:05:00,19.0,11,5,16,1,19,11,19,328,90.2,4,49,0.0816,0.0526,1.0,12.0,6.0,9.0,168.0,90.2,28.0,0.1111,0.0,7.0,5.0,10.0,160.0,90.3,33.0,0.0,71.6,22.0,58.7,1010.3,0.0,11.0,6.8,248.3,W,10.1,8.0,10.98,night
415615,2015-09-01,2015,LAA,2015-09-01 19:05:00,19.0,2,6,8,2,10,4,17,293,85.1,2,59,0.0339,0.1176,1.0,7.0,2.0,7.0,136.0,83.2,31.0,0.1429,1.0,3.0,2.0,10.0,157.0,86.5,40.0,0.1,67.6,19.8,69.7,1011.2,0.0,15.3,9.5,238.7,SW,14.9,12.76,15.24,night
415630,2015-09-02,2015,LAA,2015-09-02 12:35:00,12.0,4,9,13,3,13,1,23,269,87.3,6,65,0.0923,0.1304,2.0,8.0,0.0,10.0,120.0,88.5,32.0,0.2,1.0,5.0,1.0,13.0,149.0,86.3,37.0,0.0769,73.3,22.9,50.7,1012.9,0.0,18.3,11.4,244.3,SW,17.3,14.18,18.33,day
415662,2015-09-04,2015,SEA,2015-09-04 19:05:00,19.0,8,11,19,3,16,7,28,327,89.2,5,61,0.082,0.1071,1.0,6.0,4.0,15.0,150.0,90.2,38.0,0.0667,2.0,10.0,3.0,13.0,177.0,88.2,35.0,0.1538,65.1,18.4,59.0,1010.2,0.0,13.5,8.4,255.3,W,11.62,8.6,13.25,night
415677,2015-09-05,2015,SEA,2015-09-05 18:05:00,18.0,3,8,11,3,14,7,21,284,86.6,2,55,0.0364,0.1429,1.0,9.0,0.0,7.0,114.0,84.7,28.0,0.1429,2.0,5.0,7.0,14.0,170.0,88.0,38.0,0.1429,75.1,24.0,27.7,1012.8,0.0,11.6,7.2,290.7,W,4.79,0.88,8.13,night
415692,2015-09-06,2015,SEA,2015-09-06 13:05:00,13.0,2,3,5,1,8,5,16,261,85.3,2,59,0.0339,0.0625,1.0,4.0,2.0,9.0,126.0,86.1,34.0,0.1111,0.0,4.0,3.0,7.0,135.0,84.3,28.0,0.0,84.4,29.1,16.0,1013.1,0.0,7.4,4.6,288.3,W,3.34,0.86,5.41,day
415701,2015-09-07,2015,HOU,2015-09-07 13:05:00,13.0,10,9,19,5,12,11,21,321,86.3,6,59,0.1017,0.2381,2.0,7.0,9.0,10.0,185.0,84.7,35.0,0.2,3.0,5.0,2.0,11.0,136.0,87.7,39.0,0.2727,90.4,32.4,11.0,1011.2,0.0,4.1,2.6,340.4,N,-1.77,-2.94,-0.39,day
415716,2015-09-08,2015,HOU,2015-09-08 19:05:00,19.0,4,0,4,2,12,4,13,245,89.4,3,51,0.0588,0.1538,2.0,7.0,2.0,8.0,121.0,90.3,26.0,0.25,0.0,5.0,2.0,5.0,124.0,88.6,30.0,0.0,82.0,27.8,23.3,1008.4,0.0,8.3,5.2,283.7,W,4.32,1.63,6.48,night
415731,2015-09-09,2015,HOU,2015-09-09 19:05:00,19.0,5,11,16,6,17,5,22,340,87.8,6,60,0.1,0.2727,2.0,11.0,2.0,9.0,158.0,84.8,31.0,0.2222,4.0,6.0,3.0,13.0,182.0,89.9,45.0,0.3077,80.1,26.7,32.7,1008.6,0.0,7.6,4.7,267.3,W,5.64,3.54,7.06,night
415913,2015-09-22,2015,TEX,2015-09-22 19:05:00,19.0,6,8,14,1,12,8,21,332,88.8,4,65,0.0615,0.0476,0.0,6.0,4.0,9.0,153.0,89.0,35.0,0.0,1.0,6.0,4.0,12.0,179.0,88.5,40.0,0.0833,61.5,16.4,77.0,1012.6,0.0,14.4,8.9,242.7,SW,13.72,11.4,14.39,night
415928,2015-09-23,2015,TEX,2015-09-23 19:05:00,19.0,3,10,13,5,10,7,17,298,88.8,7,59,0.1186,0.2941,2.0,5.0,3.0,6.0,141.0,87.9,30.0,0.3333,3.0,5.0,4.0,11.0,157.0,89.6,36.0,0.2727,72.7,22.6,48.7,1012.2,0.0,5.8,3.6,244.0,SW,5.52,4.54,5.83,night
415939,2015-09-24,2015,TEX,2015-09-24 12:35:00,12.0,1,8,9,1,12,9,20,324,87.3,2,59,0.0339,0.05,0.0,6.0,3.0,7.0,131.0,86.7,31.0,0.0,1.0,6.0,5.0,13.0,193.0,87.8,40.0,0.0769,85.5,29.7,24.7,1012.7,0.0,4.1,2.5,4.6,N,-3.12,-3.84,-2.03,day
415952,2015-09-25,2015,SF,2015-09-25 19:05:00,19.0,5,4,9,4,13,5,19,271,85.9,4,55,0.0727,0.2105,2.0,4.0,2.0,9.0,125.0,86.9,34.0,0.2222,2.0,9.0,3.0,10.0,146.0,84.7,29.0,0.2,68.1,20.0,60.3,1011.8,0.0,9.2,5.7,245.7,SW,8.61,6.98,9.2,night
415967,2015-09-26,2015,SF,2015-09-26 13:05:00,13.0,10,14,24,4,8,10,30,311,85.1,5,75,0.0667,0.1333,1.0,4.0,6.0,11.0,151.0,82.0,37.0,0.0909,3.0,4.0,3.0,19.0,160.0,87.6,46.0,0.1579,81.7,27.6,37.3,1011.1,0.0,12.4,7.7,263.7,W,9.71,6.47,11.78,day
415982,2015-09-27,2015,SF,2015-09-27 13:05:00,13.0,4,5,9,0,10,5,19,282,86.3,2,62,0.0323,0.0,0.0,7.0,3.0,8.0,147.0,85.5,33.0,0.0,0.0,3.0,2.0,11.0,135.0,86.9,38.0,0.0,79.8,26.6,37.3,1008.6,0.0,6.4,4.0,247.9,W,5.89,4.68,6.39,day
446868,2016-04-04,2016,CWS,2016-04-04 19:05:00,19.0,3,4,7,0,16,4,14,292,82.1,2,50,0.04,0.0,0.0,10.0,3.0,7.0,133.0,83.7,27.0,0.0,0.0,6.0,1.0,7.0,159.0,80.9,37.0,0.0,61.4,16.3,66.3,1020.8,0.0,8.1,5.0,270.7,W,5.64,3.32,7.27,night
446881,2016-04-05,2016,CWS,2016-04-05 19:05:00,19.0,4,5,9,2,17,2,21,294,82.5,2,58,0.0345,0.0952,0.0,10.0,0.0,10.0,150.0,80.8,43.0,0.0,2.0,7.0,2.0,11.0,144.0,84.0,45.0,0.1818,68.7,20.4,56.7,1018.0,0.0,7.6,4.7,302.0,NW,1.71,-0.93,4.14,night
446890,2016-04-06,2016,CWS,2016-04-06 19:05:00,19.0,2,1,3,1,14,7,13,260,84.1,1,48,0.0208,0.0769,1.0,8.0,3.0,7.0,121.0,87.7,25.0,0.1429,0.0,6.0,4.0,6.0,139.0,82.0,44.0,0.0,80.5,27.0,39.3,1013.1,0.0,3.8,2.3,103.7,E,-1.96,-0.74,-2.94,night
446905,2016-04-07,2016,CWS,2016-04-07 12:35:00,12.0,1,6,7,1,15,4,14,300,81.8,4,56,0.0714,0.0714,0.0,6.0,3.0,4.0,139.0,82.5,47.0,0.0,1.0,9.0,1.0,10.0,161.0,80.9,41.0,0.1,70.8,21.6,45.3,1013.0,0.0,17.5,10.9,217.0,SW,17.3,17.08,15.42,day
446962,2016-04-11,2016,LAA,2016-04-11 19:05:00,19.0,1,4,5,1,16,5,19,276,82.4,2,53,0.0377,0.0526,0.0,8.0,1.0,10.0,148.0,83.7,37.0,0.0,1.0,8.0,3.0,9.0,128.0,81.0,36.0,0.1111,56.2,13.5,84.7,1019.0,0.0,6.6,4.1,260.3,W,5.38,3.75,6.37,night
446973,2016-04-12,2016,LAA,2016-04-12 19:05:00,19.0,4,5,9,3,9,4,17,265,82.8,3,60,0.05,0.1765,2.0,4.0,1.0,7.0,120.0,81.5,40.0,0.2857,1.0,5.0,3.0,10.0,145.0,83.9,44.0,0.1,54.6,12.6,78.0,1021.7,0.0,10.5,6.5,239.7,SW,10.13,8.61,10.42,night
446989,2016-04-13,2016,LAA,2016-04-13 12:35:00,12.0,1,5,6,1,10,7,14,285,81.9,2,59,0.0339,0.0714,1.0,6.0,3.0,3.0,128.0,82.5,37.0,0.3333,0.0,4.0,3.0,11.0,157.0,81.6,53.0,0.0,62.5,16.9,53.7,1021.3,0.0,16.9,10.5,258.7,W,14.07,10.01,16.42,day
447014,2016-04-15,2016,KC,2016-04-15 19:05:00,19.0,2,4,6,2,17,10,17,328,82.6,2,52,0.0385,0.1176,1.0,4.0,5.0,5.0,146.0,83.6,42.0,0.2,1.0,13.0,5.0,12.0,182.0,81.5,35.0,0.0833,61.5,16.4,56.7,1018.0,0.0,11.1,6.9,299.3,NW,3.01,-0.84,6.49,night
447029,2016-04-16,2016,KC,2016-04-16 13:05:00,13.0,5,3,8,2,10,6,19,306,82.4,2,61,0.0328,0.1053,2.0,3.0,3.0,10.0,141.0,82.7,31.0,0.2,0.0,7.0,2.0,9.0,165.0,82.2,44.0,0.0,75.6,24.2,31.0,1017.8,0.0,8.8,5.5,345.1,N,-4.43,-6.78,-1.55,day
447044,2016-04-17,2016,KC,2016-04-17 13:05:00,13.0,3,2,5,1,10,6,10,252,83.1,2,50,0.04,0.1,0.0,4.0,4.0,4.0,116.0,83.1,31.0,0.0,1.0,6.0,2.0,6.0,136.0,83.1,43.0,0.1667,78.9,26.1,36.0,1014.9,0.0,5.5,3.4,69.7,E,-4.97,-3.89,-5.45,day
447205,2016-04-29,2016,HOU,2016-04-29 19:05:00,19.0,7,4,11,4,14,5,18,291,84.1,3,51,0.0588,0.2222,3.0,5.0,0.0,11.0,134.0,84.6,41.0,0.2727,1.0,9.0,4.0,7.0,157.0,83.5,43.0,0.1429,59.1,15.1,61.3,1011.8,0.0,18.0,11.2,278.3,W,10.75,5.16,15.04,night
447220,2016-04-30,2016,HOU,2016-04-30 13:05:00,13.0,2,0,2,0,12,7,9,247,81.4,2,45,0.0444,0.0,0.0,7.0,3.0,5.0,125.0,80.3,32.0,0.0,0.0,5.0,4.0,4.0,122.0,82.4,32.0,0.0,76.5,24.7,24.0,1010.2,0.0,17.3,10.7,354.0,N,-10.89,-14.83,-5.63,day
447235,2016-05-01,2016,HOU,2016-05-01 13:05:00,13.0,1,2,3,1,14,8,10,285,85.0,1,49,0.0204,0.1,0.0,6.0,1.0,8.0,122.0,85.3,38.0,0.0,1.0,8.0,7.0,2.0,163.0,84.5,33.0,0.5,79.2,26.2,27.3,1009.1,0.0,4.9,3.1,225.3,SW,4.93,4.63,4.64,day
447251,2016-05-02,2016,SEA,2016-05-02 19:05:00,19.0,3,4,7,2,17,3,18,254,85.6,4,52,0.0769,0.1111,2.0,10.0,2.0,6.0,121.0,84.2,29.0,0.3333,0.0,7.0,1.0,12.0,133.0,86.6,40.0,0.0,60.4,15.8,63.3,1015.3,0.0,10.6,6.6,253.3,W,9.33,7.05,10.49,night
447266,2016-05-03,2016,SEA,2016-05-03 19:05:00,19.0,2,8,10,4,13,3,19,239,85.9,5,57,0.0877,0.2105,1.0,4.0,2.0,6.0,108.0,87.8,31.0,0.1667,3.0,9.0,1.0,13.0,131.0,84.7,49.0,0.2308,63.0,17.2,64.7,1012.2,0.0,7.1,4.4,258.7,W,5.88,4.19,6.87,night
447281,2016-05-04,2016,SEA,2016-05-04 12:35:00,12.0,8,9,17,4,12,4,27,307,82.7,6,71,0.0845,0.1481,1.0,3.0,1.0,11.0,147.0,82.7,50.0,0.0909,3.0,9.0,2.0,16.0,160.0,82.7,48.0,0.1875,65.4,18.5,56.0,1011.4,0.0,15.6,9.7,235.3,SW,15.35,13.46,15.38,day
447443,2016-05-16,2016,TEX,2016-05-16 19:05:00,19.0,3,1,4,1,8,4,8,245,81.5,2,49,0.0408,0.125,1.0,2.0,2.0,4.0,118.0,79.5,39.0,0.25,0.0,6.0,2.0,4.0,127.0,83.3,42.0,0.0,65.9,18.8,63.7,1011.6,0.0,11.9,7.4,254.0,W,10.41,7.81,11.75,night
447457,2016-05-17,2016,TEX,2016-05-17 19:05:00,19.0,8,5,13,7,14,4,27,258,85.0,8,63,0.127,0.2593,4.0,8.0,2.0,12.0,144.0,85.5,40.0,0.3333,3.0,6.0,1.0,15.0,114.0,84.6,43.0,0.2,75.0,23.9,45.3,1011.2,0.0,9.5,5.9,271.3,W,6.58,3.82,8.54,night
447472,2016-05-18,2016,TEX,2016-05-18 12:35:00,12.0,8,1,9,1,13,5,16,261,84.8,2,52,0.0385,0.0625,1.0,5.0,4.0,12.0,128.0,85.9,41.0,0.0833,0.0,8.0,1.0,4.0,133.0,83.4,33.0,0.0,82.2,27.9,37.7,1013.4,0.0,11.2,6.9,247.7,W,10.3,8.21,11.15,day
447481,2016-05-19,2016,NYY,2016-05-19 19:05:00,19.0,1,4,5,2,15,4,16,248,87.6,2,51,0.0392,0.125,1.0,8.0,0.0,6.0,104.0,86.5,33.0,0.1667,1.0,7.0,4.0,10.0,144.0,88.8,34.0,0.1,59.2,15.1,61.7,1007.1,0.0,23.2,14.4,268.0,W,16.99,10.55,21.39,night
447495,2016-05-20,2016,NYY,2016-05-20 18:35:00,18.0,3,8,11,0,16,7,19,327,83.8,1,58,0.0172,0.0,0.0,9.0,1.0,6.0,138.0,82.4,41.0,0.0,0.0,7.0,6.0,13.0,189.0,85.1,46.0,0.0,57.0,13.9,60.3,1011.0,0.0,23.1,14.4,262.3,W,18.39,12.49,22.08,night
447510,2016-05-21,2016,NYY,2016-05-21 13:05:00,13.0,1,5,6,0,11,5,14,256,82.6,0,57,0.0,0.0,0.0,4.0,2.0,6.0,116.0,86.1,23.0,0.0,0.0,7.0,3.0,8.0,140.0,79.3,24.0,0.0,62.9,17.2,52.3,1015.9,0.0,17.5,10.9,251.7,W,15.61,11.99,17.35,day
447525,2016-05-22,2016,NYY,2016-05-22 13:05:00,13.0,4,5,9,2,16,1,16,279,84.0,2,55,0.0364,0.125,0.0,10.0,1.0,6.0,141.0,81.6,39.0,0.0,2.0,6.0,0.0,10.0,138.0,86.1,45.0,0.2,63.4,17.4,50.0,1018.1,0.0,16.8,10.4,263.3,W,13.16,8.81,15.92,day
447583,2016-05-27,2016,DET,2016-05-27 19:05:00,19.0,1,4,5,1,10,4,16,259,81.9,4,58,0.069,0.0625,0.0,5.0,1.0,5.0,125.0,81.5,38.0,0.0,1.0,5.0,2.0,11.0,134.0,82.3,41.0,0.0909,71.0,21.7,50.0,1009.4,0.0,9.0,5.6,257.3,W,7.63,5.52,8.82,night
447598,2016-05-28,2016,DET,2016-05-28 13:05:00,13.0,12,3,15,4,14,5,23,276,82.8,4,57,0.0702,0.1739,3.0,7.0,1.0,17.0,147.0,83.7,55.0,0.1765,1.0,7.0,4.0,6.0,129.0,81.5,34.0,0.1667,84.0,28.9,23.7,1009.3,0.0,10.4,6.5,273.7,W,6.87,3.78,9.12,day
447613,2016-05-29,2016,DET,2016-05-29 13:05:00,13.0,4,2,6,0,18,6,14,269,81.8,2,46,0.0435,0.0,0.0,6.0,2.0,9.0,141.0,80.3,39.0,0.0,0.0,12.0,3.0,5.0,128.0,83.4,38.0,0.0,76.7,24.8,40.3,1013.8,0.0,14.2,8.8,244.0,SW,13.46,11.07,14.23,day
447630,2016-05-30,2016,MIN,2016-05-30 13:05:00,13.0,3,2,5,1,17,6,15,237,,0,43,0.0,0.0667,1.0,7.0,2.0,7.0,112.0,,0.0,0.1429,0.0,10.0,3.0,8.0,125.0,,0.0,0.0,81.2,27.3,39.3,1013.6,0.0,11.6,7.2,259.6,W,9.57,6.74,11.26,day
447645,2016-05-31,2016,MIN,2016-05-31 19:05:00,19.0,7,4,11,1,20,5,24,315,84.8,1,54,0.0185,0.0417,1.0,12.0,4.0,12.0,173.0,84.0,40.0,0.0833,0.0,8.0,1.0,12.0,142.0,85.4,49.0,0.0,70.8,21.5,54.0,1008.5,0.0,7.9,4.9,241.0,SW,7.56,6.36,7.85,night
447660,2016-06-01,2016,MIN,2016-06-01 12:35:00,12.0,5,1,6,1,18,7,17,266,85.4,1,47,0.0213,0.0588,1.0,8.0,1.0,11.0,138.0,86.8,39.0,0.0909,0.0,10.0,5.0,6.0,128.0,83.7,34.0,0.0,79.8,26.5,39.7,1011.0,0.0,13.3,8.2,237.7,SW,12.94,11.17,13.16,day
447826,2016-06-13,2016,TEX,2016-06-13 19:05:00,19.0,14,5,19,5,9,6,26,312,84.3,5,66,0.0758,0.1923,2.0,4.0,5.0,17.0,169.0,82.3,57.0,0.1176,3.0,5.0,1.0,9.0,143.0,86.9,43.0,0.3333,62.0,16.7,67.0,1016.0,0.0,20.1,12.5,258.3,W,16.77,11.98,19.53,night
447841,2016-06-14,2016,TEX,2016-06-14 19:05:00,19.0,6,10,16,3,13,5,24,303,82.4,4,63,0.0635,0.125,0.0,5.0,0.0,11.0,128.0,82.8,48.0,0.0,3.0,8.0,5.0,13.0,175.0,82.0,46.0,0.2308,60.1,15.6,59.0,1013.8,0.0,20.7,12.9,264.3,W,16.04,10.57,19.56,night
447855,2016-06-15,2016,TEX,2016-06-15 19:05:00,19.0,5,7,12,5,13,6,17,308,84.2,7,56,0.125,0.2941,1.0,7.0,3.0,7.0,172.0,79.7,55.0,0.1429,4.0,6.0,3.0,10.0,136.0,90.8,38.0,0.4,58.7,14.8,61.7,1017.0,0.0,14.7,9.1,257.3,W,12.39,8.96,14.33,night
447864,2016-06-16,2016,TEX,2016-06-16 12:35:00,12.0,1,5,6,1,14,4,11,271,80.8,1,51,0.0196,0.0909,0.0,4.0,1.0,2.0,109.0,81.3,41.0,0.0,1.0,10.0,2.0,9.0,162.0,80.2,38.0,0.1111,69.8,21.0,45.7,1017.9,0.0,7.5,4.7,230.7,SW,7.46,6.76,7.27,day
447873,2016-06-17,2016,LAA,2016-06-17 18:35:00,18.0,3,2,5,2,11,3,16,264,84.8,4,58,0.069,0.125,1.0,7.0,2.0,10.0,146.0,81.1,51.0,0.1,1.0,4.0,1.0,6.0,118.0,89.9,37.0,0.1667,64.5,18.0,67.0,1017.0,0.0,13.0,8.1,275.0,W,8.36,4.45,11.26,night
447888,2016-06-18,2016,LAA,2016-06-18 13:05:00,13.0,1,7,8,2,8,4,18,290,84.5,4,63,0.0635,0.1111,0.0,4.0,2.0,5.0,132.0,80.7,45.0,0.0,2.0,4.0,2.0,13.0,158.0,88.3,45.0,0.1538,75.8,24.3,32.7,1020.6,0.0,12.6,7.8,298.0,NW,3.69,-0.66,7.6,day
447903,2016-06-19,2016,LAA,2016-06-19 13:05:00,13.0,0,2,2,1,9,3,10,238,82.1,1,51,0.0196,0.1,0.0,1.0,1.0,3.0,95.0,81.6,34.0,0.0,1.0,8.0,2.0,7.0,143.0,82.5,42.0,0.1429,85.2,29.5,22.0,1016.3,0.0,12.8,8.0,292.7,NW,4.88,0.52,8.64,day
447928,2016-06-21,2016,MIL,2016-06-21 19:05:00,19.0,5,3,8,0,13,5,23,320,84.0,3,58,0.0517,0.0,0.0,4.0,4.0,13.0,190.0,83.4,52.0,0.0,0.0,9.0,1.0,10.0,130.0,84.9,35.0,0.0,73.0,22.8,50.3,1013.9,0.0,13.7,8.5,253.7,W,11.99,9.03,13.51,night
447943,2016-06-22,2016,MIL,2016-06-22 12:35:00,12.0,2,4,6,3,20,3,18,280,82.4,2,51,0.0392,0.1667,1.0,9.0,2.0,5.0,130.0,81.6,34.0,0.2,2.0,11.0,1.0,13.0,150.0,83.2,35.0,0.1538,73.9,23.3,43.3,1014.7,0.0,18.0,11.2,251.3,W,16.13,12.43,17.89,day
448043,2016-06-29,2016,SF,2016-06-29 19:05:00,19.0,7,1,8,2,8,5,15,258,81.7,2,56,0.0357,0.1333,2.0,2.0,2.0,7.0,127.0,80.3,46.0,0.2857,0.0,6.0,3.0,8.0,131.0,83.4,40.0,0.0,66.9,19.4,63.3,1012.6,0.0,14.5,9.0,235.0,SW,14.28,12.56,14.28,night
448055,2016-06-30,2016,SF,2016-06-30 19:05:00,19.0,6,12,18,4,18,12,24,368,83.0,7,57,0.1228,0.1667,2.0,10.0,1.0,10.0,159.0,84.1,43.0,0.2,2.0,8.0,11.0,14.0,209.0,82.2,50.0,0.1429,71.2,21.8,56.3,1008.2,0.0,12.5,7.8,242.7,SW,11.91,9.89,12.49,night
448069,2016-07-01,2016,PIT,,,3,7,10,2,15,5,12,283,83.6,1,51,0.0196,0.1667,1.0,8.0,3.0,4.0,142.0,83.3,32.0,0.25,1.0,7.0,2.0,8.0,141.0,83.9,36.0,0.125,,,,,,,,,,,,,
448084,2016-07-02,2016,PIT,,,2,4,6,0,19,6,20,320,83.3,1,58,0.0172,0.0,0.0,9.0,2.0,11.0,170.0,84.2,53.0,0.0,0.0,10.0,2.0,9.0,150.0,82.0,37.0,0.0,,,,,,,,,,,,,
448099,2016-07-03,2016,PIT,,,3,6,9,1,15,7,21,326,82.3,1,56,0.0179,0.0476,0.0,6.0,2.0,10.0,159.0,81.6,43.0,0.0,1.0,9.0,4.0,11.0,167.0,83.1,39.0,0.0909,,,,,,,,,,,,,
448217,2016-07-15,2016,TOR,,,8,7,15,3,14,11,19,309,85.4,3,53,0.0566,0.1579,3.0,8.0,3.0,12.0,141.0,86.4,40.0,0.25,0.0,6.0,8.0,7.0,168.0,84.6,45.0,0.0,,,,,,,,,,,,,
448232,2016-07-16,2016,TOR,,,5,4,9,5,9,8,13,278,85.0,3,52,0.0577,0.3846,3.0,6.0,4.0,6.0,128.0,86.1,33.0,0.5,2.0,3.0,4.0,7.0,150.0,84.2,42.0,0.2857,,,,,,,,,,,,,
448247,2016-07-17,2016,TOR,,,3,5,8,2,18,4,18,294,83.7,1,53,0.0189,0.1111,1.0,9.0,1.0,8.0,137.0,83.7,35.0,0.125,1.0,9.0,2.0,10.0,157.0,83.8,46.0,0.1,,,,,,,,,,,,,
448252,2016-07-18,2016,HOU,,,7,4,11,2,16,7,21,298,85.2,4,55,0.0727,0.0952,1.0,9.0,6.0,11.0,151.0,85.1,39.0,0.0909,1.0,7.0,1.0,10.0,147.0,85.4,41.0,0.1,,,,,,,,,,,,,
448278,2016-07-20,2016,HOU,,,0,7,7,0,17,10,14,316,79.7,2,52,0.0385,0.0,0.0,8.0,2.0,4.0,127.0,77.2,36.0,0.0,0.0,9.0,8.0,10.0,189.0,81.3,52.0,0.0,,,,,,,,,,,,,
448297,2016-07-21,2016,TB,,,3,7,10,3,17,2,15,280,84.5,3,51,0.0588,0.2,1.0,8.0,2.0,5.0,132.0,83.7,41.0,0.2,2.0,9.0,0.0,10.0,148.0,85.4,36.0,0.2,,,,,,,,,,,,,
448312,2016-07-22,2016,TB,,,1,0,1,0,18,4,17,342,84.3,1,71,0.0141,0.0,0.0,6.0,2.0,10.0,168.0,83.5,54.0,0.0,0.0,12.0,2.0,7.0,174.0,85.3,50.0,0.0,,,,,,,,,,,,,
448327,2016-07-23,2016,TB,,,4,3,7,2,8,3,17,232,84.4,3,59,0.0508,0.1176,2.0,4.0,2.0,8.0,130.0,85.2,39.0,0.25,0.0,4.0,1.0,9.0,102.0,83.5,37.0,0.0,,,,,,,,,,,,,
448342,2016-07-24,2016,TB,,,3,2,5,2,12,3,15,226,85.6,2,53,0.0377,0.1333,1.0,4.0,2.0,10.0,114.0,85.1,38.0,0.1,1.0,8.0,1.0,5.0,112.0,86.1,34.0,0.2,,,,,,,,,,,,,
448491,2016-08-05,2016,CHC,2016-08-05 19:05:00,19.0,2,7,9,3,21,2,17,315,83.0,3,48,0.0625,0.1765,1.0,10.0,1.0,6.0,139.0,80.6,42.0,0.1667,2.0,11.0,1.0,11.0,176.0,85.6,39.0,0.1818,62.6,17.0,67.3,1011.2,0.0,12.4,7.7,252.3,W,10.99,8.38,12.27,night
448506,2016-08-06,2016,CHC,2016-08-06 13:05:00,13.0,0,4,4,0,11,4,12,287,83.0,1,55,0.0182,0.0,0.0,5.0,1.0,4.0,120.0,82.8,38.0,0.0,0.0,6.0,3.0,8.0,167.0,83.1,47.0,0.0,71.2,21.8,53.3,1010.9,0.0,15.9,9.9,243.7,SW,15.1,12.44,15.93,day
448521,2016-08-07,2016,CHC,2016-08-07 13:05:00,13.0,1,3,4,3,13,4,14,297,83.3,4,52,0.0769,0.2143,1.0,6.0,0.0,4.0,119.0,80.6,37.0,0.25,2.0,7.0,3.0,10.0,178.0,85.5,44.0,0.2,74.8,23.8,43.3,1011.1,0.0,13.3,8.2,254.3,W,11.57,8.65,13.09,day
448534,2016-08-08,2016,BAL,2016-08-08 19:05:00,19.0,3,2,5,2,14,3,14,267,83.5,4,51,0.0784,0.1429,1.0,7.0,3.0,7.0,135.0,81.7,30.0,0.1429,1.0,7.0,0.0,7.0,132.0,85.2,32.0,0.1429,68.1,20.1,66.0,1008.9,0.0,14.6,9.1,245.3,SW,13.66,11.1,14.57,night
448543,2016-08-09,2016,BAL,2016-08-09 19:05:00,19.0,2,1,3,1,10,7,9,261,85.4,1,48,0.0208,0.1111,0.0,4.0,5.0,6.0,133.0,86.2,35.0,0.0,1.0,6.0,2.0,3.0,128.0,84.6,34.0,0.3333,69.2,20.7,61.7,1008.5,0.0,12.0,7.4,236.7,SW,11.72,10.19,11.84,night
448558,2016-08-10,2016,BAL,2016-08-10 19:05:00,19.0,1,0,1,0,12,3,11,247,85.1,3,49,0.0612,0.0,0.0,9.0,3.0,4.0,126.0,83.6,25.0,0.0,0.0,3.0,0.0,7.0,121.0,85.9,48.0,0.0,63.3,17.4,74.3,1011.4,0.0,12.3,7.7,240.0,SW,11.91,10.1,12.29,night
448573,2016-08-11,2016,BAL,2016-08-11 12:35:00,12.0,6,9,15,4,13,8,21,337,83.8,3,60,0.05,0.1905,2.0,4.0,4.0,10.0,179.0,83.3,46.0,0.2,2.0,9.0,3.0,11.0,158.0,84.4,34.0,0.1818,76.8,24.9,44.7,1015.5,0.0,11.5,7.1,240.0,SW,11.11,9.42,11.46,day
448594,2016-08-12,2016,SEA,2016-08-12 19:05:00,19.0,6,3,9,2,12,3,16,247,86.1,3,50,0.06,0.125,1.0,4.0,0.0,12.0,123.0,85.6,42.0,0.0833,1.0,8.0,3.0,4.0,124.0,86.9,30.0,0.25,64.2,17.9,67.7,1014.0,0.0,10.4,6.4,256.3,W,8.85,6.48,10.16,night
448609,2016-08-13,2016,SEA,2016-08-13 18:05:00,18.0,3,4,7,3,9,2,20,271,83.5,5,63,0.0794,0.15,1.0,6.0,0.0,11.0,136.0,82.6,45.0,0.0909,2.0,3.0,2.0,9.0,135.0,84.4,45.0,0.2222,69.9,21.1,57.3,1011.4,0.0,9.6,6.0,258.7,W,8.01,5.7,9.36,night
448624,2016-08-14,2016,SEA,2016-08-14 13:05:00,13.0,4,8,12,4,15,4,21,266,82.8,6,59,0.1017,0.1905,3.0,10.0,1.0,9.0,134.0,80.4,43.0,0.3333,1.0,5.0,3.0,12.0,132.0,85.4,39.0,0.0833,78.8,26.0,38.3,1012.0,0.0,12.7,7.9,265.0,W,9.75,6.37,11.97,day
448725,2016-08-22,2016,CLE,2016-08-22 19:05:00,19.0,0,1,1,1,21,1,11,255,83.1,1,43,0.0233,0.0909,0.0,12.0,0.0,4.0,112.0,82.0,24.0,0.0,1.0,9.0,1.0,7.0,143.0,83.9,35.0,0.1429,62.8,17.1,74.0,1013.5,0.0,11.6,7.2,238.3,SW,11.25,9.66,11.49,night
448734,2016-08-23,2016,CLE,2016-08-23 19:05:00,19.0,9,1,10,2,17,5,17,291,82.9,4,49,0.0816,0.1176,1.0,7.0,3.0,13.0,141.0,83.4,44.0,0.0769,1.0,10.0,2.0,4.0,150.0,82.3,43.0,0.25,63.9,17.7,68.0,1017.0,0.0,11.8,7.4,246.0,SW,11.05,8.93,11.83,night
448750,2016-08-24,2016,CLE,2016-08-24 12:35:00,12.0,5,1,6,1,8,6,19,271,85.2,2,59,0.0339,0.0526,0.0,4.0,4.0,10.0,133.0,82.7,41.0,0.0,1.0,4.0,2.0,9.0,138.0,87.4,46.0,0.1111,72.4,22.4,48.7,1017.5,0.0,11.0,6.8,250.0,W,9.94,7.75,10.92,day
448866,2016-09-02,2016,BOS,2016-09-02 19:05:00,19.0,2,16,18,1,16,9,23,345,84.0,2,61,0.0328,0.0435,0.0,11.0,3.0,6.0,134.0,80.2,37.0,0.0,1.0,5.0,6.0,17.0,211.0,86.5,58.0,0.0588,66.7,19.3,67.0,1010.0,0.0,11.3,7.0,236.3,SW,11.05,9.63,11.14,night
448881,2016-09-03,2016,BOS,2016-09-03 18:05:00,18.0,2,11,13,1,15,4,22,322,85.1,4,61,0.0656,0.0455,0.0,3.0,0.0,5.0,121.0,82.4,51.0,0.0,1.0,12.0,4.0,17.0,201.0,87.6,53.0,0.0588,66.0,18.9,62.7,1008.3,0.0,17.5,10.9,242.3,SW,16.71,13.91,17.48,night
448896,2016-09-04,2016,BOS,2016-09-04 13:05:00,13.0,1,0,1,0,14,6,8,268,82.7,1,46,0.0217,0.0,0.0,5.0,3.0,2.0,116.0,80.3,35.0,0.0,0.0,9.0,3.0,6.0,152.0,85.0,38.0,0.0,74.7,23.7,43.0,1009.8,0.0,14.6,9.1,265.7,W,11.07,7.15,13.66,day
448917,2016-09-05,2016,LAA,2016-09-05 13:05:00,13.0,7,10,17,3,12,10,25,348,84.0,7,66,0.1061,0.12,2.0,7.0,7.0,11.0,183.0,83.2,54.0,0.1818,1.0,5.0,3.0,14.0,165.0,84.7,59.0,0.0714,78.6,25.9,35.3,1009.2,0.0,12.2,7.6,257.7,W,10.24,7.38,11.87,day
448932,2016-09-06,2016,LAA,2016-09-06 19:05:00,19.0,3,2,5,0,13,4,9,226,85.5,0,45,0.0,0.0,0.0,6.0,2.0,4.0,113.0,83.3,29.0,0.0,0.0,7.0,1.0,5.0,113.0,87.8,28.0,0.0,72.7,22.6,53.3,1009.3,0.0,6.9,4.3,245.6,SW,6.43,5.21,6.87,night
448947,2016-09-07,2016,LAA,2016-09-07 12:35:00,12.0,4,1,5,2,17,9,12,307,81.4,2,46,0.0435,0.1667,1.0,10.0,7.0,10.0,166.0,83.6,52.0,0.1,1.0,7.0,2.0,2.0,141.0,78.9,48.0,0.5,87.7,31.0,27.0,1012.1,0.0,5.7,3.6,335.5,NW,-2.01,-3.72,-0.05,day
448973,2016-09-09,2016,SEA,2016-09-09 19:05:00,19.0,2,3,5,2,20,4,13,293,83.1,4,46,0.087,0.1538,0.0,8.0,1.0,7.0,135.0,82.8,42.0,0.0,2.0,12.0,3.0,6.0,158.0,83.3,37.0,0.3333,63.0,17.2,65.7,1015.0,0.0,10.5,6.5,249.3,W,9.6,7.53,10.5,night
448988,2016-09-10,2016,SEA,2016-09-10 13:05:00,13.0,3,14,17,2,9,7,26,323,85.5,3,68,0.0441,0.0769,1.0,3.0,2.0,9.0,138.0,86.0,45.0,0.1111,1.0,6.0,4.0,17.0,185.0,85.0,58.0,0.0588,76.1,24.5,39.3,1016.3,0.0,11.6,7.2,264.7,W,8.96,5.88,10.95,day
449003,2016-09-11,2016,SEA,2016-09-11 13:05:00,13.0,2,3,5,1,11,4,19,290,87.0,5,57,0.0877,0.0526,0.0,6.0,2.0,7.0,131.0,87.9,31.0,0.0,1.0,5.0,1.0,12.0,159.0,86.4,56.0,0.0833,69.7,20.9,51.7,1016.6,0.0,15.3,9.5,245.3,SW,14.38,11.69,15.33,day
449110,2016-09-19,2016,HOU,2016-09-19 19:05:00,19.0,2,4,6,3,11,5,10,253,83.0,4,51,0.0784,0.3,2.0,4.0,3.0,3.0,124.0,84.0,37.0,0.6667,1.0,7.0,1.0,7.0,129.0,82.2,42.0,0.1429,73.6,23.1,58.7,1011.7,0.0,7.5,4.7,226.6,SW,7.53,7.0,7.15,night
449122,2016-09-20,2016,HOU,2016-09-20 19:05:00,19.0,1,2,3,0,20,8,11,286,81.3,0,48,0.0,0.0,0.0,10.0,5.0,3.0,151.0,78.3,31.0,0.0,0.0,10.0,3.0,8.0,135.0,83.5,41.0,0.0,67.5,19.7,59.3,1011.7,0.0,11.4,7.1,244.7,SW,10.74,8.78,11.4,night
449137,2016-09-21,2016,HOU,2016-09-21 12:35:00,12.0,5,6,11,2,18,7,16,306,82.9,3,52,0.0577,0.125,0.0,8.0,4.0,7.0,162.0,82.6,41.0,0.0,2.0,10.0,3.0,9.0,144.0,83.2,45.0,0.2222,69.1,20.6,48.0,1013.7,0.0,19.8,12.3,258.3,W,16.57,11.84,19.3,day
449169,2016-09-23,2016,TEX,2016-09-23 18:35:00,18.0,0,3,3,1,13,4,11,241,85.8,2,49,0.0408,0.0909,0.0,10.0,3.0,7.0,144.0,82.9,33.0,0.0,1.0,3.0,1.0,4.0,97.0,88.5,36.0,0.25,67.5,19.7,49.7,1018.4,0.0,12.5,7.8,272.3,W,8.47,4.82,11.1,night
449184,2016-09-24,2016,TEX,2016-09-24 13:05:00,13.0,0,5,5,2,17,4,14,269,85.8,3,51,0.0588,0.1429,0.0,9.0,3.0,5.0,145.0,86.5,35.0,0.0,2.0,8.0,1.0,9.0,124.0,85.2,35.0,0.2222,83.8,28.8,32.7,1017.7,0.0,9.1,5.7,297.3,NW,2.76,-0.37,5.56,day
449199,2016-09-25,2016,TEX,2016-09-25 13:05:00,13.0,7,1,8,2,13,3,18,233,82.1,1,53,0.0189,0.1111,1.0,4.0,3.0,13.0,127.0,80.4,46.0,0.0769,1.0,9.0,0.0,5.0,106.0,84.6,31.0,0.2,91.6,33.1,19.3,1015.3,0.0,7.6,4.7,53.7,NE,-7.54,-6.69,-7.49,day
490104,2017-04-03,2017,LAA,2017-04-03 19:05:00,19.0,4,2,6,4,17,9,16,300,85.6,6,47,0.1277,0.25,3.0,6.0,4.0,9.0,142.0,86.7,36.0,0.3333,1.0,11.0,3.0,7.0,158.0,84.5,34.0,0.1429,56.1,13.4,79.7,1013.8,0.0,6.0,3.7,208.1,SW,5.77,6.02,4.83,night
490115,2017-04-04,2017,LAA,2017-04-04 19:05:00,19.0,6,7,13,3,16,5,18,310,88.0,3,52,0.0577,0.1667,2.0,9.0,3.0,9.0,174.0,84.5,39.0,0.2222,1.0,7.0,2.0,9.0,136.0,92.0,34.0,0.1111,57.0,13.9,77.0,1016.3,0.0,2.9,1.8,202.4,S,2.68,2.9,2.13,night
490126,2017-04-05,2017,LAA,2017-04-05 19:05:00,19.0,0,5,5,0,12,3,19,292,79.5,0,58,0.0,0.0,0.0,7.0,1.0,6.0,145.0,79.7,43.0,0.0,0.0,5.0,2.0,13.0,147.0,79.3,45.0,0.0,57.9,14.4,66.7,1013.8,0.0,4.2,2.6,314.7,NW,0.02,-1.41,1.46,night
490140,2017-04-06,2017,LAA,2017-04-06 12:35:00,12.0,5,1,6,1,18,7,10,265,83.7,2,43,0.0465,0.1,1.0,11.0,4.0,5.0,124.0,82.9,27.0,0.2,0.0,7.0,3.0,5.0,141.0,84.3,35.0,0.0,62.7,17.1,42.7,1011.4,0.1,19.3,12.0,164.0,S,9.36,14.57,3.02,day
490245,2017-04-14,2017,HOU,2017-04-14 19:05:00,19.0,2,7,9,3,14,6,17,292,86.9,3,58,0.0517,0.1765,2.0,11.0,2.0,7.0,136.0,87.9,27.0,0.2857,1.0,3.0,4.0,10.0,156.0,86.2,43.0,0.1,54.1,12.3,72.3,1020.1,0.0,10.4,6.5,313.3,NW,0.31,-3.28,3.86,night
490260,2017-04-15,2017,HOU,2017-04-15 13:05:00,13.0,6,10,16,3,20,12,18,365,83.6,4,51,0.0784,0.1667,2.0,11.0,4.0,10.0,176.0,82.7,42.0,0.2,1.0,9.0,8.0,8.0,189.0,84.4,40.0,0.125,63.3,17.4,60.7,1016.6,0.0,10.4,6.4,278.0,W,6.24,3.03,8.69,day
490294,2017-04-17,2017,TEX,2017-04-17 19:05:00,19.0,0,7,7,0,16,9,10,282,81.0,1,46,0.0217,0.0,0.0,10.0,2.0,3.0,121.0,80.5,33.0,0.0,0.0,6.0,6.0,7.0,161.0,81.4,44.0,0.0,54.9,12.7,89.7,1016.8,2.5,8.7,5.4,285.1,W,4.32,1.49,6.63,night
490308,2017-04-18,2017,TEX,2017-04-18 19:05:00,19.0,4,2,6,1,15,4,9,253,80.5,1,45,0.0222,0.1111,1.0,7.0,4.0,6.0,142.0,77.9,38.0,0.1667,0.0,8.0,0.0,3.0,111.0,83.6,31.0,0.0,55.5,13.1,92.3,1020.0,0.0,8.1,5.0,251.2,W,7.26,5.6,8.05,night
490323,2017-04-19,2017,TEX,2017-04-19 12:35:00,12.0,9,1,10,4,12,6,17,267,84.7,6,54,0.1111,0.2353,3.0,6.0,1.0,14.0,146.0,82.8,44.0,0.2143,1.0,6.0,4.0,3.0,121.0,87.5,30.0,0.3333,61.5,16.4,70.0,1023.7,0.2,11.4,7.1,258.7,W,9.49,6.75,11.08,day
490333,2017-04-20,2017,SEA,2017-04-20 19:05:00,19.0,9,6,15,2,19,8,19,313,85.7,4,49,0.0816,0.1053,1.0,11.0,4.0,11.0,159.0,85.3,37.0,0.0909,1.0,8.0,4.0,8.0,154.0,86.1,38.0,0.125,58.6,14.8,74.7,1023.4,0.0,9.2,5.7,319.1,NW,-0.65,-3.75,2.53,night
490347,2017-04-21,2017,SEA,2017-04-21 19:05:00,19.0,3,1,4,2,13,10,12,266,82.9,2,44,0.0455,0.1667,2.0,5.0,6.0,6.0,120.0,81.8,28.0,0.3333,0.0,8.0,4.0,6.0,146.0,83.9,30.0,0.0,59.7,15.4,67.3,1014.7,0.0,7.6,4.7,276.1,W,4.76,2.46,6.48,night
490362,2017-04-22,2017,SEA,2017-04-22 13:05:00,13.0,4,3,7,3,11,6,17,282,80.7,3,54,0.0556,0.1765,2.0,5.0,3.0,8.0,137.0,87.4,39.0,0.25,1.0,6.0,3.0,9.0,145.0,74.7,44.0,0.1111,61.2,16.2,76.3,1016.4,0.0,15.7,9.8,265.3,W,11.99,7.78,14.75,day
490377,2017-04-23,2017,SEA,2017-04-23 13:05:00,13.0,1,11,12,2,15,7,16,323,84.9,3,54,0.0556,0.125,0.0,11.0,1.0,5.0,142.0,85.6,30.0,0.0,2.0,4.0,6.0,11.0,181.0,84.4,48.0,0.1818,61.0,16.1,72.0,1016.1,0.0,24.2,15.0,260.7,W,19.66,13.65,23.3,day
490533,2017-05-05,2017,DET,,,2,7,9,0,20,5,20,271,85.5,2,54,0.037,0.0,0.0,10.0,2.0,9.0,116.0,85.0,37.0,0.0,0.0,10.0,2.0,11.0,155.0,86.0,45.0,0.0,,,,,,,,,,,,,
490563,2017-05-07,2017,DET,,,8,6,14,3,12,6,20,318,85.6,2,60,0.0333,0.15,2.0,6.0,3.0,12.0,159.0,87.3,47.0,0.1667,1.0,6.0,3.0,8.0,159.0,83.7,43.0,0.125,,,,,,,,,,,,,
490577,2017-05-08,2017,LAA,,,3,2,5,4,21,1,15,302,84.7,6,59,0.1017,0.2667,3.0,12.0,0.0,6.0,154.0,83.3,36.0,0.5,1.0,9.0,1.0,9.0,148.0,85.9,43.0,0.1111,,,,,,,,,,,,,
490589,2017-05-09,2017,LAA,,,3,7,10,5,19,9,15,291,85.9,5,47,0.1064,0.3333,2.0,10.0,7.0,7.0,157.0,85.8,33.0,0.2857,3.0,9.0,2.0,8.0,134.0,86.0,32.0,0.375,,,,,,,,,,,,,
490605,2017-05-10,2017,LAA,,,3,1,4,1,15,8,9,301,80.5,1,44,0.0227,0.1111,1.0,8.0,5.0,5.0,153.0,81.0,35.0,0.2,0.0,7.0,3.0,4.0,148.0,80.1,38.0,0.0,,,,,,,,,,,,,
490708,2017-05-18,2017,BOS,,,8,3,11,4,20,6,19,308,83.2,4,46,0.087,0.2105,3.0,10.0,3.0,13.0,163.0,82.4,44.0,0.2308,1.0,10.0,3.0,6.0,145.0,84.1,35.0,0.1667,,,,,,,,,,,,,
490719,2017-05-19,2017,BOS,,,3,2,5,2,22,4,18,305,84.1,5,50,0.1,0.1111,1.0,13.0,0.0,8.0,139.0,84.8,40.0,0.125,1.0,9.0,4.0,10.0,166.0,83.4,37.0,0.1,,,,,,,,,,,,,
490734,2017-05-20,2017,BOS,,,8,3,11,5,19,5,18,341,82.5,6,51,0.1176,0.2778,4.0,10.0,5.0,11.0,196.0,81.0,52.0,0.3636,1.0,9.0,0.0,7.0,145.0,84.4,39.0,0.1429,,,,,,,,,,,,,
490749,2017-05-21,2017,BOS,,,3,12,15,2,16,7,21,297,84.4,3,57,0.0526,0.0952,1.0,9.0,1.0,6.0,115.0,86.0,37.0,0.1667,1.0,7.0,6.0,15.0,182.0,83.4,57.0,0.0667,,,,,,,,,,,,,
490778,2017-05-23,2017,MIA,,,9,11,20,4,16,8,27,375,83.3,4,64,0.0625,0.1481,3.0,8.0,6.0,8.0,178.0,85.5,45.0,0.375,1.0,8.0,2.0,19.0,197.0,81.6,63.0,0.0526,,,,,,,,,,,,,
490793,2017-05-24,2017,MIA,,,4,1,5,1,18,4,15,253,81.0,2,47,0.0426,0.0667,1.0,5.0,2.0,11.0,129.0,84.3,45.0,0.0909,0.0,13.0,2.0,4.0,124.0,76.4,33.0,0.0,,,,,,,,,,,,,
490926,2017-06-02,2017,WSH,2017-06-02 19:05:00,19.0,3,13,16,7,14,7,27,334,84.8,9,65,0.1385,0.2593,2.0,8.0,4.0,7.0,132.0,86.9,33.0,0.2857,5.0,6.0,3.0,20.0,202.0,83.7,63.0,0.25,59.1,15.1,81.0,1012.0,0.0,8.8,5.4,201.3,S,8.03,8.75,6.34,night
490941,2017-06-03,2017,WSH,2017-06-03 13:05:00,13.0,10,4,14,5,15,10,20,338,83.2,7,57,0.1228,0.25,4.0,7.0,5.0,12.0,174.0,80.8,41.0,0.3333,1.0,8.0,5.0,8.0,164.0,85.4,44.0,0.125,64.2,17.9,66.7,1012.5,0.0,12.4,7.7,228.7,SW,12.41,11.39,11.93,day
490956,2017-06-04,2017,WSH,2017-06-04 13:05:00,13.0,10,11,21,5,11,7,21,313,83.1,6,63,0.0952,0.2381,2.0,4.0,2.0,10.0,142.0,83.5,49.0,0.2,3.0,7.0,4.0,11.0,171.0,82.8,51.0,0.2727,66.7,19.3,55.3,1013.5,0.0,17.4,10.8,230.0,SW,17.33,15.77,16.81,day
490962,2017-06-05,2017,TOR,2017-06-05 19:05:00,19.0,5,3,8,3,17,7,12,301,83.4,3,46,0.0652,0.25,2.0,5.0,3.0,5.0,130.0,80.3,35.0,0.4,1.0,12.0,4.0,7.0,171.0,86.1,41.0,0.1429,59.9,15.5,76.3,1011.3,0.0,7.5,4.7,218.7,SW,7.49,7.32,6.75,night
490977,2017-06-06,2017,TOR,2017-06-06 19:05:00,19.0,4,1,5,0,18,5,15,261,83.1,1,43,0.0233,0.0,0.0,10.0,2.0,7.0,115.0,84.2,32.0,0.0,0.0,8.0,3.0,8.0,146.0,82.2,38.0,0.0,55.8,13.2,83.7,1012.6,0.0,15.5,9.6,225.0,SW,15.47,14.53,14.53,night
490992,2017-06-07,2017,TOR,2017-06-07 12:35:00,12.0,5,7,12,5,22,6,14,337,84.8,5,52,0.0962,0.3571,1.0,13.0,1.0,8.0,166.0,86.4,39.0,0.125,4.0,9.0,5.0,6.0,171.0,83.3,41.0,0.6667,62.3,16.8,62.3,1013.2,0.0,15.7,9.8,252.7,W,13.93,10.6,15.59,day
491095,2017-06-15,2017,NYY,2017-06-15 19:05:00,19.0,8,7,15,3,25,10,30,388,84.2,5,63,0.0794,0.1,2.0,11.0,4.0,14.0,180.0,85.5,42.0,0.1429,1.0,14.0,4.0,16.0,208.0,82.9,44.0,0.0625,66.4,19.1,68.0,1015.5,0.0,9.5,5.9,210.3,SW,9.16,9.43,7.79,night
491108,2017-06-16,2017,NYY,2017-06-16 18:35:00,18.0,7,6,13,2,19,11,17,314,83.4,4,46,0.087,0.1176,0.0,7.0,6.0,7.0,146.0,80.9,38.0,0.0,2.0,12.0,4.0,10.0,168.0,85.9,37.0,0.2,73.3,22.9,56.7,1012.1,0.0,10.2,6.3,198.6,S,9.11,10.1,7.02,night
491123,2017-06-17,2017,NYY,2017-06-17 13:05:00,13.0,5,2,7,3,28,7,17,319,76.5,3,41,0.0732,0.1765,3.0,16.0,4.0,12.0,161.0,78.6,38.0,0.25,0.0,12.0,3.0,5.0,158.0,75.0,51.0,0.0,80.5,26.9,44.3,1011.6,0.0,10.0,6.2,237.3,SW,9.77,8.45,9.91,day
491138,2017-06-18,2017,NYY,2017-06-18 13:05:00,13.0,4,3,7,3,15,3,13,270,81.5,3,47,0.0638,0.2308,1.0,7.0,2.0,7.0,135.0,83.2,36.0,0.1429,2.0,8.0,1.0,6.0,135.0,79.9,40.0,0.3333,81.2,27.3,45.7,1007.7,0.0,11.3,7.0,260.3,W,9.19,6.41,10.87,day
491149,2017-06-19,2017,HOU,2017-06-19 19:05:00,19.0,1,4,5,3,20,5,13,287,81.6,4,45,0.0889,0.2308,0.0,13.0,3.0,4.0,145.0,80.4,28.0,0.0,3.0,7.0,2.0,9.0,142.0,82.5,41.0,0.3333,65.4,18.6,73.3,1009.0,0.0,7.8,4.8,222.1,SW,7.79,7.46,7.18,night
491162,2017-06-20,2017,HOU,2017-06-20 19:05:00,19.0,4,8,12,3,17,9,20,317,83.6,6,55,0.1091,0.15,1.0,9.0,3.0,9.0,134.0,84.5,43.0,0.1111,2.0,8.0,6.0,11.0,183.0,82.8,47.0,0.1818,63.2,17.3,73.0,1009.0,0.0,15.5,9.6,179.3,S,10.83,13.97,6.39,night
491177,2017-06-21,2017,HOU,2017-06-21 19:05:00,19.0,1,5,6,1,17,5,14,276,79.6,1,50,0.02,0.0714,0.0,8.0,3.0,4.0,135.0,75.0,43.0,0.0,1.0,9.0,2.0,10.0,141.0,84.2,43.0,0.1,67.5,19.7,70.3,1005.1,0.0,6.4,4.0,299.0,NW,1.76,-0.45,3.76,night
491191,2017-06-22,2017,HOU,2017-06-22 12:35:00,12.0,9,12,21,3,19,8,25,345,85.4,2,60,0.0333,0.12,0.0,12.0,5.0,12.0,189.0,84.3,54.0,0.0,3.0,7.0,3.0,13.0,156.0,86.6,52.0,0.2308,80.1,26.7,48.3,1006.2,0.0,11.8,7.3,298.7,NW,3.31,-0.75,6.97,day
491293,2017-06-30,2017,ATL,2017-06-30 19:05:00,19.0,1,3,4,1,15,6,6,259,78.1,1,44,0.0227,0.1667,1.0,11.0,4.0,2.0,133.0,79.0,31.0,0.5,0.0,4.0,2.0,4.0,126.0,77.3,39.0,0.0,57.9,14.4,87.3,1012.1,0.0,17.5,10.9,208.0,SW,16.77,17.51,14.0,night
491308,2017-07-01,2017,ATL,2017-07-01 13:05:00,13.0,3,4,7,1,15,5,15,296,80.9,2,54,0.037,0.0667,1.0,9.0,4.0,8.0,144.0,82.4,41.0,0.125,0.0,6.0,1.0,7.0,152.0,79.5,47.0,0.0,67.9,20.0,62.0,1011.3,0.0,11.8,7.3,215.4,SW,11.6,11.57,10.23,day
491323,2017-07-02,2017,ATL,2017-07-02 13:05:00,13.0,3,4,7,3,28,13,15,392,81.1,5,54,0.0926,0.2,1.0,17.0,9.0,6.0,206.0,80.3,44.0,0.1667,2.0,11.0,3.0,9.0,186.0,81.7,59.0,0.2222,67.7,19.8,62.7,1013.5,0.0,16.2,10.0,258.7,W,13.46,9.58,15.71,day
491340,2017-07-03,2017,CWS,2017-07-03 18:05:00,18.0,2,7,9,0,22,12,16,338,80.8,0,49,0.0,0.0,0.0,13.0,4.0,5.0,148.0,84.4,30.0,0.0,0.0,9.0,8.0,11.0,190.0,78.4,44.0,0.0,60.3,15.7,82.7,1015.1,0.0,14.7,9.2,284.0,W,7.59,2.81,11.45,night
491351,2017-07-04,2017,CWS,2017-07-04 13:05:00,13.0,7,6,13,6,14,3,21,297,81.1,4,57,0.0702,0.2857,4.0,7.0,3.0,8.0,153.0,82.4,48.0,0.5,2.0,7.0,0.0,13.0,144.0,79.7,44.0,0.1538,66.3,19.1,65.7,1015.8,0.0,16.1,10.0,278.3,W,9.63,4.63,13.48,day
491366,2017-07-05,2017,CWS,2017-07-05 12:35:00,12.0,7,4,11,3,21,7,14,343,79.2,4,41,0.0976,0.2143,1.0,9.0,5.0,9.0,188.0,78.2,52.0,0.1111,2.0,12.0,2.0,5.0,155.0,80.5,39.0,0.4,64.6,18.1,66.0,1017.3,0.0,14.4,9.0,259.3,W,11.92,8.42,13.98,day
491437,2017-07-14,2017,CLE,2017-07-14 19:05:00,19.0,5,0,5,2,24,4,10,277,86.8,2,38,0.0526,0.2,2.0,13.0,3.0,6.0,125.0,87.1,25.0,0.3333,0.0,11.0,1.0,4.0,152.0,86.5,33.0,0.0,60.1,15.6,81.7,1015.7,0.0,8.0,5.0,237.6,SW,7.81,6.74,7.93,night
491452,2017-07-15,2017,CLE,2017-07-15 18:05:00,18.0,5,3,8,4,19,5,11,268,80.8,3,42,0.0714,0.3636,3.0,13.0,1.0,6.0,130.0,81.8,29.0,0.5,1.0,6.0,4.0,5.0,138.0,80.1,42.0,0.2,72.2,22.3,54.3,1013.2,0.0,4.1,2.6,243.4,SW,3.92,3.24,4.13,night
491467,2017-07-16,2017,CLE,2017-07-16 13:05:00,13.0,7,3,10,2,17,9,18,300,80.8,4,49,0.0816,0.1111,1.0,6.0,6.0,10.0,158.0,79.4,49.0,0.1,1.0,11.0,3.0,8.0,142.0,82.4,44.0,0.125,80.8,27.1,40.7,1011.5,0.0,8.6,5.3,228.0,SW,8.59,7.92,8.22,day
491489,2017-07-17,2017,TB,2017-07-17 19:05:00,19.0,2,3,5,3,10,5,10,269,80.9,2,55,0.0364,0.3,1.0,6.0,3.0,2.0,134.0,83.2,33.0,0.5,2.0,4.0,2.0,8.0,135.0,79.3,47.0,0.25,62.0,16.7,71.3,1011.4,0.0,11.4,7.1,208.3,SW,10.89,11.35,9.12,night
491504,2017-07-18,2017,TB,2017-07-18 19:05:00,19.0,3,4,7,2,19,6,10,277,82.9,3,44,0.0682,0.2,1.0,12.0,3.0,4.0,145.0,81.5,30.0,0.25,1.0,7.0,3.0,6.0,132.0,84.1,34.0,0.1667,58.0,14.4,85.0,1015.4,0.0,12.9,8.0,228.3,SW,12.91,11.88,12.39,night
491519,2017-07-19,2017,TB,2017-07-19 12:35:00,12.0,7,2,9,1,14,7,20,280,81.7,4,53,0.0755,0.05,1.0,5.0,5.0,11.0,142.0,80.5,40.0,0.0909,0.0,9.0,2.0,9.0,138.0,83.1,35.0,0.0,70.8,21.5,51.7,1015.6,0.0,11.4,7.1,218.3,SW,11.36,11.12,10.22,day
491637,2017-07-28,2017,MIN,2017-07-28 19:05:00,19.0,3,6,9,0,20,11,19,320,83.0,2,49,0.0408,0.0,0.0,10.0,4.0,8.0,142.0,84.6,39.0,0.0,0.0,10.0,7.0,11.0,178.0,81.6,42.0,0.0,60.2,15.7,83.3,1012.1,0.0,12.1,7.5,215.3,SW,11.96,11.94,10.54,night
491652,2017-07-29,2017,MIN,2017-07-29 18:05:00,18.0,5,4,9,3,14,9,21,322,83.2,4,55,0.0727,0.1429,2.0,4.0,4.0,11.0,148.0,81.5,52.0,0.1818,1.0,10.0,5.0,10.0,174.0,85.1,45.0,0.1,60.6,15.9,83.3,1014.4,0.0,8.9,5.5,263.3,W,6.95,4.65,8.42,night
491667,2017-07-30,2017,MIN,2017-07-30 13:05:00,13.0,6,5,11,4,25,10,22,387,82.8,7,66,0.1061,0.1818,2.0,10.0,2.0,14.0,183.0,86.1,55.0,0.1429,2.0,15.0,8.0,8.0,204.0,79.1,49.0,0.25,69.5,20.8,60.7,1016.9,0.0,16.7,10.4,289.3,W,7.23,1.65,11.95,day
491676,2017-07-31,2017,SF,2017-07-31 19:05:00,19.0,8,5,13,1,13,10,23,315,84.2,4,58,0.069,0.0435,1.0,5.0,9.0,12.0,176.0,88.2,43.0,0.0833,0.0,8.0,1.0,11.0,139.0,80.1,41.0,0.0,59.8,15.4,86.7,1014.4,0.0,10.0,6.2,272.7,W,6.73,3.8,8.86,night
491690,2017-08-01,2017,SF,2017-08-01 19:05:00,19.0,4,10,14,4,10,7,21,282,81.8,5,64,0.0781,0.1905,1.0,5.0,3.0,7.0,136.0,81.7,44.0,0.1429,3.0,5.0,3.0,14.0,146.0,81.9,47.0,0.2143,61.9,16.6,87.7,1010.9,0.0,8.3,5.2,292.0,W,3.24,0.43,5.66,night
491788,2017-08-08,2017,SEA,2017-08-08 19:05:00,19.0,6,7,13,3,17,7,19,314,81.7,3,63,0.0476,0.1579,2.0,13.0,3.0,8.0,158.0,81.2,45.0,0.25,1.0,4.0,3.0,11.0,156.0,82.2,47.0,0.0909,60.0,15.6,92.7,1013.0,0.0,15.3,9.5,249.3,W,13.94,10.94,15.26,night
491804,2017-08-09,2017,SEA,2017-08-09 12:35:00,12.0,3,6,9,5,13,5,15,282,83.2,6,56,0.1071,0.3333,2.0,8.0,3.0,7.0,149.0,83.6,42.0,0.2857,3.0,5.0,2.0,8.0,133.0,83.0,51.0,0.375,67.3,19.6,71.3,1013.9,0.0,16.5,10.3,247.3,SW,15.26,12.2,16.49,day
491806,2017-08-10,2017,BAL,2017-08-10 19:05:00,19.0,2,7,9,4,16,6,17,314,83.4,5,56,0.0893,0.2353,0.0,10.0,5.0,7.0,164.0,83.6,44.0,0.0,4.0,6.0,1.0,10.0,150.0,83.1,43.0,0.4,59.8,15.5,93.3,1013.1,0.0,15.0,9.3,236.7,SW,14.69,12.77,14.84,night
491819,2017-08-11,2017,BAL,2017-08-11 19:05:00,19.0,5,4,9,2,17,3,20,278,83.2,2,49,0.0408,0.1,1.0,12.0,1.0,10.0,139.0,83.4,35.0,0.1,1.0,5.0,2.0,10.0,139.0,83.1,42.0,0.1,60.7,16.0,90.3,1011.5,0.0,13.0,8.1,225.0,SW,13.0,12.22,12.22,night
491834,2017-08-12,2017,BAL,2017-08-12 18:05:00,18.0,5,12,17,2,21,7,30,334,83.7,4,59,0.0678,0.0667,2.0,11.0,4.0,10.0,159.0,84.9,37.0,0.2,0.0,10.0,3.0,20.0,175.0,82.9,54.0,0.0,60.8,16.0,86.3,1012.4,0.0,15.6,9.7,222.7,SW,15.59,14.86,14.43,night
491849,2017-08-13,2017,BAL,2017-08-13 13:05:00,13.0,9,3,12,4,18,3,18,240,85.4,3,50,0.06,0.2222,3.0,7.0,2.0,8.0,109.0,85.6,33.0,0.375,1.0,11.0,1.0,10.0,131.0,85.3,36.0,0.1,67.9,19.9,70.3,1013.0,0.0,19.5,12.1,227.3,SW,19.45,18.01,18.55,day
491868,2017-08-14,2017,KC,2017-08-14 19:05:00,19.0,2,6,8,1,10,4,15,274,80.8,1,58,0.0172,0.0667,0.0,6.0,0.0,5.0,124.0,82.6,39.0,0.0,1.0,4.0,4.0,10.0,150.0,79.5,50.0,0.1,59.5,15.3,85.0,1010.4,0.0,19.5,12.1,229.7,SW,19.4,17.69,18.77,night
491880,2017-08-15,2017,KC,2017-08-15 19:05:00,19.0,10,8,18,6,16,4,22,314,84.7,7,55,0.1273,0.2727,3.0,9.0,1.0,14.0,152.0,83.6,39.0,0.2143,3.0,7.0,2.0,8.0,162.0,85.8,38.0,0.375,58.6,14.8,87.3,1011.8,0.0,14.9,9.3,237.7,SW,14.57,12.57,14.81,night
491895,2017-08-16,2017,KC,2017-08-16 12:35:00,12.0,6,7,13,3,21,9,26,362,82.3,4,57,0.0702,0.1154,2.0,14.0,3.0,12.0,171.0,80.8,42.0,0.1667,1.0,7.0,5.0,14.0,191.0,83.6,53.0,0.0714,71.5,21.9,59.0,1013.7,0.0,11.3,7.0,266.7,W,8.44,5.36,10.5,day
492022,2017-08-25,2017,TEX,2017-08-25 19:05:00,19.0,3,1,4,2,16,3,13,244,84.0,2,45,0.0444,0.1538,2.0,7.0,2.0,4.0,113.0,84.3,35.0,0.5,0.0,9.0,1.0,9.0,131.0,83.7,32.0,0.0,62.4,16.9,85.7,1009.9,0.0,4.6,2.9,248.7,W,4.24,3.35,4.62,night
492037,2017-08-26,2017,TEX,2017-08-26 13:05:00,13.0,8,3,11,2,12,9,20,330,85.1,2,55,0.0364,0.1,2.0,4.0,6.0,11.0,158.0,84.8,43.0,0.1818,0.0,8.0,3.0,9.0,172.0,85.3,38.0,0.0,77.7,25.4,50.3,1013.0,0.0,12.4,7.7,277.0,W,7.61,3.82,10.49,day
492052,2017-08-27,2017,TEX,2017-08-27 13:05:00,13.0,8,3,11,3,17,6,20,320,81.1,3,55,0.0545,0.15,2.0,8.0,5.0,12.0,171.0,80.1,51.0,0.1667,1.0,9.0,0.0,8.0,149.0,82.2,43.0,0.125,85.8,29.9,41.0,1012.1,0.0,9.6,6.0,276.0,W,6.06,3.14,8.26,day
492153,2017-09-04,2017,LAA,2017-09-04 13:05:00,13.0,9,11,20,5,20,9,30,416,81.9,6,71,0.0845,0.1667,2.0,11.0,4.0,16.0,206.0,81.5,54.0,0.125,3.0,9.0,5.0,14.0,210.0,82.3,59.0,0.2143,80.2,26.8,52.7,1009.8,0.0,14.9,9.3,295.0,NW,5.1,0.0,9.58,day
492168,2017-09-05,2017,LAA,2017-09-05 19:05:00,19.0,7,8,15,4,18,12,22,368,83.5,3,62,0.0484,0.1818,3.0,11.0,6.0,13.0,169.0,86.2,42.0,0.2308,1.0,7.0,6.0,9.0,199.0,81.3,52.0,0.1111,66.9,19.4,89.3,1014.1,0.0,8.8,5.5,287.9,W,4.02,1.09,6.47,night
492183,2017-09-06,2017,LAA,2017-09-06 12:35:00,12.0,3,1,4,1,22,5,14,296,80.2,2,43,0.0465,0.0714,1.0,13.0,2.0,7.0,137.0,83.4,33.0,0.1429,0.0,9.0,3.0,7.0,159.0,78.1,52.0,0.0,71.7,22.0,68.7,1014.6,0.0,15.9,9.9,282.0,W,8.64,3.57,12.67,day
492205,2017-09-08,2017,HOU,2017-09-08 19:05:00,19.0,9,8,17,7,9,7,25,286,82.7,9,63,0.1429,0.28,4.0,2.0,3.0,14.0,132.0,85.4,47.0,0.2857,3.0,7.0,3.0,11.0,154.0,80.2,50.0,0.2727,62.2,16.8,93.3,1011.3,0.0,11.8,7.3,242.7,SW,11.24,9.34,11.79,night
490275,2017-09-09,2017,HOU,2017-04-16 13:05:00,13.0,11,4,15,4,16,5,21,266,86.3,6,55,0.1091,0.1905,3.0,11.0,0.0,14.0,147.0,87.7,41.0,0.2143,1.0,5.0,4.0,7.0,119.0,84.8,35.0,0.1429,56.7,13.7,63.3,1014.4,0.8,20.6,12.8,159.4,S,8.48,14.38,1.56,day
492220,2017-09-09,2017,HOU,2017-09-09 13:05:00,13.0,11,1,12,0,23,17,16,360,81.5,2,43,0.0465,0.0,0.0,12.0,13.0,11.0,222.0,81.3,48.0,0.0,0.0,11.0,4.0,5.0,138.0,81.9,26.0,0.0,72.7,22.6,67.0,1014.9,0.0,14.0,8.7,274.0,W,9.16,5.01,12.22,day
492235,2017-09-10,2017,HOU,2017-09-10 13:05:00,13.0,10,2,12,5,14,11,20,348,83.0,4,56,0.0714,0.25,4.0,8.0,8.0,12.0,190.0,82.9,46.0,0.3333,1.0,6.0,3.0,8.0,158.0,83.1,39.0,0.125,88.8,31.5,43.0,1012.6,0.0,11.8,7.3,270.0,W,8.32,4.97,10.66,day
492402,2017-09-22,2017,TEX,2017-09-22 19:05:00,19.0,4,1,5,2,16,5,15,248,80.7,3,49,0.0612,0.1333,1.0,9.0,2.0,7.0,114.0,80.9,36.0,0.1429,1.0,7.0,3.0,8.0,134.0,80.6,40.0,0.125,59.3,15.2,74.3,1011.6,0.0,7.3,4.5,306.9,NW,1.02,-1.5,3.42,night
492417,2017-09-23,2017,TEX,2017-09-23 18:05:00,18.0,1,0,1,1,17,2,9,249,83.6,1,42,0.0238,0.1111,1.0,7.0,0.0,5.0,113.0,84.9,30.0,0.2,0.0,10.0,2.0,4.0,136.0,82.4,31.0,0.0,67.0,19.5,52.3,1011.2,0.0,6.8,4.2,277.3,W,4.18,2.07,5.77,night
492432,2017-09-24,2017,TEX,2017-09-24 13:05:00,13.0,8,1,9,2,11,5,13,278,82.4,2,51,0.0392,0.1538,1.0,3.0,4.0,10.0,146.0,80.5,45.0,0.1,1.0,8.0,1.0,3.0,132.0,85.1,33.0,0.3333,78.6,25.9,28.0,1012.8,0.0,11.5,7.1,277.0,W,7.08,3.55,9.75,day
492441,2017-09-25,2017,SEA,2017-09-25 19:05:00,19.0,1,7,8,5,11,7,11,254,82.6,4,50,0.08,0.4545,1.0,5.0,3.0,4.0,110.0,82.8,39.0,0.25,4.0,6.0,4.0,7.0,144.0,82.3,39.0,0.5714,65.7,18.7,51.0,1010.1,0.0,2.7,1.7,38.8,NE,-2.72,-2.65,-2.45,night
492455,2017-09-26,2017,SEA,2017-09-26 19:05:00,19.0,3,6,9,4,13,3,19,272,82.7,2,56,0.0357,0.2105,2.0,8.0,0.0,9.0,138.0,80.0,44.0,0.2222,2.0,5.0,3.0,10.0,134.0,85.4,43.0,0.2,75.3,24.0,36.7,1008.2,0.0,4.6,2.9,354.5,N,-2.94,-3.99,-1.54,night
492470,2017-09-27,2017,SEA,2017-09-27 12:35:00,12.0,6,5,11,3,12,3,19,277,85.5,5,57,0.0877,0.1579,1.0,6.0,2.0,9.0,137.0,86.2,33.0,0.1111,2.0,6.0,1.0,10.0,140.0,84.9,42.0,0.2,86.0,30.0,25.7,1011.2,0.0,9.9,6.1,246.0,SW,9.21,7.45,9.87,day
529412,2018-03-29,2018,LAA,2018-03-29 13:05:00,13.0,6,5,11,5,18,6,25,366,84.5,8,70,0.1143,0.2,2.0,11.0,4.0,12.0,202.0,83.0,59.0,0.1667,3.0,7.0,1.0,13.0,164.0,85.9,60.0,0.2308,76.0,24.5,40.7,1017.5,0.0,6.7,4.2,340.1,N,-2.85,-4.77,-0.59,day
529425,2018-03-30,2018,LAA,2018-03-30 19:05:00,19.0,1,2,3,1,15,1,13,266,84.0,3,50,0.06,0.0769,0.0,8.0,1.0,7.0,150.0,83.1,40.0,0.0,1.0,7.0,0.0,6.0,116.0,85.3,28.0,0.1667,64.2,17.9,74.0,1015.7,0.0,7.7,4.8,328.1,NW,-1.75,-4.22,0.93,night
529436,2018-03-31,2018,LAA,2018-03-31 13:05:00,13.0,3,8,11,0,15,6,20,307,85.3,0,60,0.0,0.0,0.0,9.0,5.0,8.0,154.0,86.5,39.0,0.0,0.0,6.0,1.0,12.0,153.0,84.5,55.0,0.0,64.6,18.1,68.3,1016.7,0.0,8.6,5.4,246.3,SW,8.04,6.48,8.63,day
529450,2018-04-01,2018,LAA,2018-04-01 13:05:00,13.0,4,7,11,1,11,7,18,288,84.2,3,58,0.0517,0.0556,1.0,8.0,5.0,5.0,150.0,83.4,37.0,0.2,0.0,3.0,2.0,13.0,138.0,84.8,43.0,0.0,64.3,17.9,69.7,1012.3,0.0,9.1,5.6,252.7,W,8.03,6.11,8.99,day
529469,2018-04-02,2018,TEX,2018-04-02 19:05:00,19.0,3,1,4,1,18,7,16,294,85.8,4,48,0.0833,0.0625,1.0,7.0,3.0,9.0,129.0,86.0,38.0,0.1111,0.0,11.0,4.0,7.0,165.0,85.6,37.0,0.0,53.7,12.1,88.3,1011.8,0.0,7.4,4.6,193.3,S,6.32,7.28,4.6,night
529482,2018-04-03,2018,TEX,2018-04-03 19:05:00,19.0,1,4,5,2,15,5,18,287,82.9,1,51,0.0196,0.1111,1.0,13.0,3.0,8.0,154.0,80.3,33.0,0.125,1.0,2.0,2.0,10.0,133.0,85.4,35.0,0.1,53.2,11.8,88.3,1015.4,0.0,7.1,4.4,227.7,SW,7.13,6.58,6.81,night
529495,2018-04-04,2018,TEX,2018-04-04 19:05:00,19.0,6,2,8,1,14,6,13,255,86.3,3,47,0.0638,0.0769,0.0,10.0,5.0,9.0,152.0,87.6,34.0,0.0,1.0,4.0,1.0,4.0,103.0,85.0,33.0,0.25,53.7,12.0,79.0,1017.3,0.0,8.8,5.4,238.0,SW,8.54,7.35,8.7,night
529507,2018-04-05,2018,TEX,2018-04-05 12:35:00,12.0,3,6,9,1,9,4,22,278,84.5,2,64,0.0312,0.0455,0.0,5.0,2.0,12.0,142.0,86.5,54.0,0.0,1.0,4.0,2.0,10.0,136.0,82.2,48.0,0.1,55.5,13.0,72.7,1019.6,0.0,5.8,3.6,259.2,W,4.83,3.41,5.66,day
529643,2018-04-16,2018,CWS,2018-04-16 19:05:00,19.0,8,1,9,2,19,8,14,287,82.3,4,46,0.087,0.1429,1.0,11.0,7.0,8.0,168.0,80.5,42.0,0.125,1.0,8.0,1.0,6.0,119.0,84.7,33.0,0.1667,49.2,9.5,72.7,1018.4,0.0,14.1,8.8,288.7,W,6.25,1.56,10.2,night
529656,2018-04-17,2018,CWS,2018-04-17 19:05:00,19.0,10,2,12,2,22,9,21,318,84.0,5,47,0.1064,0.0952,1.0,8.0,6.0,13.0,170.0,83.6,46.0,0.0769,1.0,14.0,3.0,8.0,148.0,84.5,35.0,0.125,53.4,11.9,77.0,1022.1,0.0,10.7,6.6,297.2,NW,3.26,-0.42,6.55,night
529671,2018-04-18,2018,CWS,2018-04-18 12:35:00,12.0,12,11,23,3,24,18,33,556,85.2,7,90,0.0778,0.0909,2.0,13.0,12.0,16.0,288.0,86.5,68.0,0.125,1.0,11.0,6.0,17.0,268.0,84.1,82.0,0.0588,55.8,13.2,55.0,1018.7,0.0,10.2,6.4,245.3,SW,9.6,7.8,10.23,day
529691,2018-04-20,2018,BOS,2018-04-20 19:05:00,19.0,3,7,10,2,17,3,21,303,86.3,2,55,0.0364,0.0952,0.0,11.0,2.0,10.0,172.0,86.2,58.0,0.0,2.0,6.0,1.0,11.0,131.0,86.3,37.0,0.1818,54.8,12.7,90.7,1019.9,0.0,8.6,5.4,198.8,S,7.75,8.58,5.97,night
529706,2018-04-21,2018,BOS,2018-04-21 18:05:00,18.0,3,0,3,1,20,4,7,233,81.6,2,39,0.0513,0.1429,1.0,10.0,2.0,7.0,125.0,83.2,36.0,0.1429,0.0,10.0,2.0,0.0,108.0,79.9,35.0,,61.2,16.2,82.0,1016.3,0.0,5.5,3.4,257.1,W,4.66,3.38,5.38,night
529721,2018-04-22,2018,BOS,2018-04-22 13:05:00,13.0,4,1,5,1,16,2,15,240,83.7,2,49,0.0408,0.0667,1.0,6.0,1.0,9.0,98.0,86.0,35.0,0.1111,0.0,10.0,1.0,6.0,142.0,81.9,47.0,0.0,71.5,21.9,70.0,1013.8,0.0,13.9,8.6,269.3,W,9.94,6.02,12.67,day
529880,2018-05-04,2018,BAL,2018-05-04 19:05:00,19.0,6,4,10,3,21,5,20,338,84.7,6,51,0.1176,0.15,2.0,10.0,3.0,11.0,187.0,81.4,53.0,0.1818,1.0,11.0,1.0,9.0,151.0,89.7,34.0,0.1111,57.0,13.9,86.3,1019.2,0.0,7.7,4.8,239.9,SW,7.41,6.29,7.64,night
529895,2018-05-05,2018,BAL,2018-05-05 18:05:00,18.0,2,0,2,1,31,7,11,351,81.9,4,48,0.0833,0.0909,1.0,11.0,2.0,4.0,155.0,82.2,43.0,0.25,0.0,20.0,4.0,7.0,196.0,81.6,38.0,0.0,53.8,12.1,88.3,1015.4,0.0,14.8,9.2,248.0,W,13.59,10.8,14.75,night
529911,2018-05-06,2018,BAL,2018-05-06 13:05:00,13.0,2,1,3,1,17,2,10,249,82.2,2,44,0.0455,0.1,0.0,8.0,1.0,7.0,133.0,82.1,35.0,0.0,1.0,9.0,0.0,3.0,116.0,82.4,28.0,0.3333,61.8,16.6,67.7,1018.7,0.0,18.4,11.4,252.7,W,16.27,12.37,18.2,day
529927,2018-05-07,2018,HOU,2018-05-07 19:05:00,19.0,2,16,18,3,9,8,28,294,87.5,4,71,0.0563,0.1071,0.0,5.0,2.0,8.0,119.0,87.1,45.0,0.0,3.0,4.0,6.0,20.0,175.0,87.9,55.0,0.15,55.9,13.3,89.3,1017.4,0.0,8.3,5.2,207.1,SW,7.93,8.33,6.58,night
529938,2018-05-08,2018,HOU,2018-05-08 19:05:00,19.0,2,4,6,1,12,6,18,261,85.3,5,55,0.0909,0.0556,0.0,7.0,4.0,6.0,132.0,85.0,37.0,0.0,1.0,5.0,2.0,12.0,129.0,85.6,45.0,0.0833,55.2,12.9,98.3,1017.7,0.0,14.5,9.0,243.3,SW,13.73,11.35,14.46,night
529953,2018-05-09,2018,HOU,2018-05-09 12:35:00,12.0,1,4,5,2,14,3,14,264,82.1,4,51,0.0784,0.1429,0.0,9.0,3.0,4.0,139.0,84.4,34.0,0.0,2.0,5.0,0.0,10.0,125.0,80.4,46.0,0.2,61.5,16.4,71.3,1018.6,0.0,20.6,12.8,249.7,W,18.69,14.63,20.5,day
530130,2018-05-22,2018,SEA,2018-05-22 19:05:00,19.0,2,3,5,1,17,4,13,301,84.6,1,55,0.0182,0.0769,0.0,7.0,0.0,7.0,141.0,86.6,47.0,0.0,1.0,10.0,4.0,6.0,160.0,82.3,42.0,0.1667,55.1,12.8,87.7,1011.7,0.0,18.4,11.4,244.3,SW,17.33,14.21,18.37,night
530145,2018-05-23,2018,SEA,2018-05-23 19:05:00,19.0,0,1,1,0,17,5,9,277,83.0,0,45,0.0,0.0,0.0,10.0,2.0,3.0,130.0,84.9,36.0,0.0,0.0,7.0,3.0,6.0,147.0,81.6,51.0,0.0,54.4,12.4,86.7,1014.7,0.0,16.3,10.1,265.7,W,12.34,7.97,15.22,night
530153,2018-05-24,2018,SEA,2018-05-24 12:35:00,12.0,4,3,7,0,13,5,15,266,83.2,0,48,0.0,0.0,0.0,5.0,1.0,5.0,117.0,87.0,38.0,0.0,0.0,8.0,4.0,10.0,149.0,79.9,43.0,0.0,59.8,15.4,69.7,1017.6,0.0,18.0,11.2,267.7,W,13.26,8.28,16.64,day
530154,2018-05-25,2018,AZ,2018-05-25 18:35:00,18.0,1,7,8,2,15,7,17,299,86.5,8,56,0.1429,0.1176,1.0,10.0,2.0,5.0,133.0,86.7,32.0,0.2,1.0,5.0,5.0,12.0,166.0,86.4,49.0,0.0833,57.8,14.3,80.7,1018.7,0.0,13.1,8.1,271.3,W,9.05,5.26,11.74,night
530169,2018-05-26,2018,AZ,2018-05-26 13:05:00,13.0,3,0,3,3,8,1,7,216,85.3,4,51,0.0784,0.4286,3.0,3.0,1.0,5.0,114.0,86.1,43.0,0.6,0.0,5.0,0.0,2.0,102.0,84.2,32.0,0.0,63.0,17.2,70.3,1017.5,0.0,9.2,5.7,222.4,SW,9.22,8.81,8.52,day
530184,2018-05-27,2018,AZ,2018-05-27 13:05:00,13.0,2,1,3,1,20,6,10,259,82.7,2,39,0.0513,0.1,1.0,9.0,4.0,7.0,145.0,86.0,27.0,0.1429,0.0,11.0,2.0,3.0,114.0,80.3,36.0,0.0,65.8,18.8,66.0,1014.2,0.0,12.2,7.6,265.3,W,9.27,6.02,11.41,day
530210,2018-05-28,2018,TB,2018-05-28 13:05:00,13.0,0,1,1,0,21,6,14,357,85.6,3,69,0.0435,0.0,0.0,12.0,4.0,7.0,193.0,86.8,51.0,0.0,0.0,9.0,1.0,7.0,164.0,84.5,53.0,0.0,73.9,23.3,56.3,1013.0,0.0,14.1,8.8,282.3,W,7.63,3.1,11.24,day
530225,2018-05-29,2018,TB,2018-05-29 19:05:00,19.0,3,4,7,4,21,5,15,305,81.7,3,46,0.0652,0.2667,0.0,12.0,3.0,5.0,160.0,81.2,43.0,0.0,4.0,9.0,2.0,10.0,145.0,82.2,40.0,0.4,58.6,14.8,81.0,1006.5,0.0,14.9,9.2,203.7,SW,13.85,14.86,11.16,night
530240,2018-05-30,2018,TB,2018-05-30 19:05:00,19.0,0,6,6,2,13,4,11,295,82.4,3,53,0.0566,0.1818,0.0,7.0,2.0,1.0,125.0,84.0,36.0,0.0,2.0,6.0,2.0,10.0,170.0,81.4,53.0,0.2,53.8,12.1,78.7,1010.2,0.0,27.1,16.8,246.7,SW,25.15,20.22,27.06,night
530252,2018-05-31,2018,TB,2018-05-31 12:35:00,12.0,7,3,10,3,16,8,14,271,83.9,4,50,0.08,0.2143,3.0,9.0,3.0,7.0,150.0,84.1,46.0,0.4286,0.0,7.0,3.0,7.0,121.0,83.7,35.0,0.0,62.8,17.1,56.0,1013.2,0.0,19.6,12.2,250.7,W,17.67,13.7,19.5,day
530338,2018-06-07,2018,KC,2018-06-07 19:05:00,19.0,4,1,5,2,14,1,13,227,83.1,4,48,0.0833,0.1538,1.0,8.0,1.0,9.0,117.0,87.5,37.0,0.1111,1.0,6.0,0.0,4.0,110.0,79.4,44.0,0.25,56.1,13.4,83.7,1016.4,0.0,16.6,10.3,233.3,SW,16.46,14.64,16.29,night
530349,2018-06-08,2018,KC,2018-06-08 19:05:00,19.0,7,2,9,4,14,3,18,256,84.7,4,55,0.0727,0.2222,3.0,7.0,1.0,11.0,138.0,84.2,44.0,0.2727,1.0,7.0,2.0,7.0,118.0,85.3,43.0,0.1429,57.1,13.9,90.3,1016.8,0.0,16.7,10.4,249.3,W,15.19,11.92,16.62,night
530364,2018-06-09,2018,KC,2018-06-09 13:05:00,13.0,0,2,2,1,20,5,8,249,84.4,3,42,0.0714,0.125,0.0,13.0,3.0,4.0,126.0,82.7,33.0,0.0,1.0,7.0,2.0,4.0,123.0,86.0,34.0,0.25,67.9,19.9,39.3,1018.2,0.0,22.3,13.8,266.7,W,16.64,10.57,20.7,day
530379,2018-06-10,2018,KC,2018-06-10 13:05:00,13.0,3,2,5,2,13,5,14,239,77.6,3,51,0.0588,0.1429,1.0,7.0,5.0,7.0,129.0,78.2,41.0,0.1429,1.0,6.0,0.0,7.0,110.0,77.0,48.0,0.1429,68.9,20.5,40.3,1017.9,0.0,18.7,11.6,252.0,W,16.69,12.78,18.59,day
530401,2018-06-12,2018,HOU,2018-06-12 19:05:00,19.0,3,6,9,2,13,8,19,272,85.5,3,58,0.0517,0.1053,0.0,9.0,3.0,7.0,134.0,89.0,34.0,0.0,2.0,4.0,5.0,12.0,138.0,82.8,43.0,0.1667,63.4,17.4,73.0,1008.4,0.0,9.8,6.1,184.4,S,7.42,9.14,4.8,night
530416,2018-06-13,2018,HOU,2018-06-13 19:05:00,19.0,5,13,18,7,21,10,21,328,84.0,7,53,0.1321,0.3333,3.0,12.0,2.0,7.0,138.0,83.4,36.0,0.4286,4.0,9.0,8.0,14.0,190.0,84.5,46.0,0.2857,60.6,15.9,83.0,1007.8,0.0,12.9,8.0,205.3,SW,12.15,12.9,9.93,night
530429,2018-06-14,2018,HOU,2018-06-14 12:35:00,12.0,3,7,10,3,12,4,18,258,84.4,3,58,0.0517,0.1667,2.0,9.0,0.0,5.0,121.0,82.9,40.0,0.4,1.0,3.0,4.0,13.0,137.0,85.6,46.0,0.0769,67.8,19.9,56.0,1008.4,0.0,14.6,9.1,227.3,SW,14.62,13.54,13.94,day
530441,2018-06-15,2018,LAA,2018-06-15 18:35:00,18.0,4,8,12,1,16,8,19,331,81.1,1,56,0.0179,0.0526,0.0,11.0,3.0,10.0,154.0,81.8,40.0,0.0,1.0,5.0,5.0,9.0,177.0,80.7,60.0,0.1111,57.9,14.4,81.3,1006.3,0.0,22.4,13.9,224.7,SW,22.4,21.09,21.0,night
530456,2018-06-16,2018,LAA,2018-06-16 13:05:00,13.0,6,4,10,3,14,6,12,284,84.7,4,48,0.0833,0.25,2.0,8.0,3.0,6.0,148.0,84.7,40.0,0.3333,1.0,6.0,3.0,6.0,136.0,84.7,38.0,0.1667,69.0,20.6,57.7,1005.3,0.0,17.5,10.9,262.7,W,13.83,9.34,16.64,day
530471,2018-06-17,2018,LAA,2018-06-17 13:05:00,13.0,6,5,11,4,19,9,16,328,82.8,9,59,0.1525,0.25,2.0,10.0,5.0,7.0,167.0,82.4,41.0,0.2857,2.0,9.0,3.0,9.0,161.0,83.2,53.0,0.2222,69.2,20.7,52.7,1012.2,0.0,14.2,8.8,256.4,W,12.13,8.87,13.92,day
530626,2018-06-29,2018,CLE,2018-06-29 19:05:00,19.0,3,1,4,1,17,4,14,279,84.1,2,45,0.0444,0.0714,1.0,9.0,1.0,8.0,135.0,83.2,36.0,0.125,0.0,8.0,2.0,6.0,144.0,85.0,36.0,0.0,65.7,18.7,67.3,1010.0,0.0,9.2,5.7,181.3,S,6.68,8.46,4.1,night
530641,2018-06-30,2018,CLE,2018-06-30 13:05:00,13.0,7,2,9,5,16,5,11,279,81.9,6,44,0.1364,0.4545,3.0,6.0,3.0,8.0,143.0,81.7,42.0,0.375,2.0,10.0,2.0,3.0,136.0,82.2,28.0,0.6667,75.6,24.2,47.0,1011.9,0.0,17.8,11.1,288.0,W,8.08,2.17,13.02,day
530656,2018-07-01,2018,CLE,2018-07-01 13:05:00,13.0,3,15,18,2,17,5,29,337,84.9,8,63,0.127,0.069,0.0,7.0,2.0,9.0,151.0,82.1,45.0,0.0,2.0,10.0,3.0,20.0,186.0,87.3,55.0,0.1,69.6,20.9,64.0,1014.3,0.0,20.8,12.9,282.3,W,11.21,4.55,16.51,day
530689,2018-07-03,2018,SD,2018-07-03 18:05:00,18.0,6,2,8,2,11,9,17,266,83.4,2,50,0.04,0.1176,2.0,2.0,5.0,8.0,108.0,88.3,32.0,0.25,0.0,9.0,4.0,9.0,158.0,80.1,47.0,0.0,62.2,16.8,73.7,1010.4,0.0,14.9,9.3,260.0,W,12.21,8.55,14.39,night
530704,2018-07-04,2018,SD,2018-07-04 13:05:00,13.0,4,2,6,1,8,10,13,250,84.7,2,52,0.0385,0.0769,0.0,5.0,5.0,6.0,136.0,84.0,36.0,0.0,1.0,3.0,3.0,7.0,114.0,85.2,42.0,0.1429,64.6,18.1,64.0,1015.8,0.0,23.4,14.6,257.7,W,19.73,14.21,22.86,day
530871,2018-07-20,2018,SF,2018-07-20 18:35:00,18.0,1,5,6,2,16,2,12,258,81.7,4,50,0.08,0.1667,0.0,6.0,1.0,4.0,119.0,82.9,38.0,0.0,2.0,10.0,1.0,8.0,139.0,80.7,43.0,0.25,65.0,18.3,76.0,1012.2,0.0,14.5,9.0,292.0,W,5.65,0.76,9.87,night
530886,2018-07-21,2018,SF,2018-07-21 18:05:00,18.0,4,3,7,1,24,14,13,368,82.9,1,50,0.02,0.0769,0.0,10.0,8.0,7.0,196.0,83.1,42.0,0.0,1.0,14.0,5.0,6.0,172.0,82.8,40.0,0.1667,64.8,18.2,80.0,1015.1,0.0,15.5,9.6,265.7,W,11.73,7.58,14.47,night
530901,2018-07-22,2018,SF,2018-07-22 13:05:00,13.0,6,5,11,5,12,7,17,313,84.9,8,61,0.1311,0.2941,4.0,4.0,5.0,8.0,155.0,85.5,45.0,0.5,1.0,8.0,1.0,9.0,158.0,84.3,45.0,0.1111,69.0,20.6,67.0,1018.2,0.0,16.9,10.5,275.0,W,10.84,5.77,14.61,day
531009,2018-07-30,2018,TOR,2018-07-30 19:05:00,19.0,10,1,11,3,13,11,17,299,84.3,4,56,0.0714,0.1765,2.0,3.0,7.0,12.0,154.0,84.0,46.0,0.1667,1.0,10.0,4.0,5.0,145.0,84.6,35.0,0.2,60.3,15.7,83.0,1013.0,0.0,11.1,6.9,216.3,SW,10.97,10.88,9.74,night
531024,2018-07-31,2018,TOR,2018-07-31 19:05:00,19.0,6,2,8,2,18,8,17,315,83.3,4,49,0.0816,0.1176,1.0,9.0,5.0,11.0,170.0,85.1,39.0,0.0909,1.0,9.0,3.0,6.0,145.0,81.6,41.0,0.1667,59.4,15.2,84.0,1012.6,0.0,12.1,7.5,206.0,SW,11.47,12.13,9.43,night
531036,2018-08-01,2018,TOR,2018-08-01 12:35:00,12.0,8,3,11,2,17,8,21,315,81.5,2,52,0.0385,0.0952,1.0,8.0,2.0,13.0,143.0,83.4,39.0,0.0769,1.0,9.0,6.0,8.0,172.0,80.2,54.0,0.125,63.3,17.4,73.7,1015.0,0.0,15.2,9.4,226.7,SW,15.19,14.13,14.43,day
531054,2018-08-03,2018,DET,2018-08-03 19:05:00,19.0,1,0,1,0,18,4,13,349,81.4,2,67,0.0299,0.0,0.0,8.0,3.0,7.0,182.0,82.9,56.0,0.0,0.0,10.0,1.0,6.0,167.0,79.8,57.0,0.0,67.2,19.5,63.3,1012.0,0.0,5.6,3.5,205.7,SW,5.32,5.63,4.36,night
531069,2018-08-04,2018,DET,2018-08-04 18:05:00,18.0,2,1,3,2,16,4,13,232,84.6,2,45,0.0444,0.1538,2.0,10.0,3.0,6.0,123.0,86.6,31.0,0.3333,0.0,6.0,1.0,7.0,109.0,82.8,35.0,0.0,62.4,16.9,77.0,1012.2,0.0,11.3,7.0,208.3,SW,10.79,11.25,9.04,night
531084,2018-08-05,2018,DET,2018-08-05 13:05:00,13.0,6,0,6,3,18,4,13,278,80.6,3,45,0.0667,0.2308,3.0,6.0,2.0,8.0,144.0,81.7,37.0,0.375,0.0,12.0,2.0,5.0,134.0,79.2,30.0,0.0,69.5,20.8,60.7,1014.4,0.0,10.6,6.6,216.0,SW,10.44,10.37,9.24,day
531111,2018-08-07,2018,LAD,2018-08-07 19:05:00,19.0,2,4,6,1,18,11,13,322,83.0,2,47,0.0426,0.0769,1.0,11.0,4.0,4.0,147.0,84.3,35.0,0.25,0.0,7.0,7.0,9.0,175.0,82.1,59.0,0.0,58.5,14.7,89.0,1011.2,0.0,10.6,6.6,207.0,SW,10.11,10.63,8.38,night
531125,2018-08-08,2018,LAD,2018-08-08 19:05:00,19.0,3,2,5,1,13,2,15,279,82.9,3,54,0.0556,0.0667,0.0,2.0,0.0,8.0,136.0,84.5,48.0,0.0,1.0,11.0,2.0,7.0,143.0,80.9,40.0,0.1429,59.4,15.2,87.7,1012.4,0.0,6.7,4.1,247.7,W,6.15,4.9,6.66,night
531192,2018-08-13,2018,SEA,2018-08-13 19:05:00,19.0,7,6,13,0,12,10,21,303,83.9,1,57,0.0175,0.0,0.0,5.0,5.0,11.0,157.0,84.2,49.0,0.0,0.0,7.0,4.0,10.0,146.0,83.4,46.0,0.0,57.6,14.2,93.3,1013.0,0.0,15.6,9.7,244.0,SW,14.78,12.15,15.63,night
531206,2018-08-14,2018,SEA,2018-08-14 19:05:00,19.0,3,2,5,3,12,3,17,234,82.9,4,52,0.0769,0.1765,2.0,5.0,2.0,8.0,124.0,81.5,42.0,0.25,1.0,7.0,0.0,9.0,110.0,84.5,38.0,0.1111,58.8,14.9,95.3,1012.1,0.0,17.4,10.8,250.7,W,15.71,12.18,17.35,night
531221,2018-08-15,2018,SEA,2018-08-15 12:35:00,12.0,0,2,2,1,18,4,16,324,83.4,3,68,0.0441,0.0625,0.0,12.0,2.0,6.0,165.0,83.0,54.0,0.0,1.0,6.0,1.0,10.0,159.0,83.9,54.0,0.1,65.8,18.8,70.3,1014.5,0.0,18.5,11.5,247.7,W,17.04,13.58,18.45,day
531239,2018-08-17,2018,HOU,2018-08-17 19:05:00,19.0,4,3,7,3,16,11,14,341,82.4,3,53,0.0566,0.2143,1.0,8.0,5.0,8.0,173.0,80.7,45.0,0.125,2.0,8.0,5.0,6.0,168.0,84.1,42.0,0.3333,60.5,15.8,81.7,1016.1,0.0,7.1,4.4,292.7,NW,2.69,0.29,4.76,night
531254,2018-08-18,2018,HOU,2018-08-18 13:05:00,13.0,7,1,8,1,16,3,13,257,83.7,2,47,0.0426,0.0769,0.0,7.0,2.0,11.0,124.0,85.2,42.0,0.0,1.0,9.0,1.0,2.0,133.0,81.9,35.0,0.5,73.0,22.8,48.0,1016.7,0.0,11.4,7.1,288.3,W,5.1,1.32,8.27,day
531269,2018-08-19,2018,HOU,2018-08-19 13:05:00,13.0,4,9,13,8,21,2,21,295,87.6,8,51,0.1569,0.381,3.0,10.0,2.0,8.0,153.0,85.4,36.0,0.375,5.0,11.0,0.0,13.0,142.0,89.5,42.0,0.3846,67.6,19.8,62.0,1013.6,0.0,13.0,8.1,267.0,W,9.66,6.1,12.05,day
531287,2018-08-20,2018,TEX,2018-08-20 19:05:00,19.0,9,0,9,4,16,5,17,284,82.2,4,51,0.0784,0.2353,4.0,7.0,4.0,14.0,159.0,85.6,49.0,0.2857,0.0,9.0,1.0,3.0,125.0,78.2,42.0,0.0,57.8,14.3,91.0,1012.1,0.0,13.9,8.6,247.3,SW,12.86,10.28,13.89,night
531302,2018-08-21,2018,TEX,2018-08-21 19:05:00,19.0,6,0,6,1,12,4,14,252,83.5,1,52,0.0192,0.0714,1.0,5.0,2.0,12.0,125.0,84.4,48.0,0.0833,0.0,7.0,2.0,2.0,127.0,82.0,30.0,0.0,60.9,16.1,88.3,1014.3,0.0,14.6,9.1,252.3,W,12.97,9.9,14.48,night
531317,2018-08-22,2018,TEX,2018-08-22 12:35:00,12.0,2,4,6,2,19,8,13,294,83.4,3,46,0.0652,0.1538,0.0,9.0,4.0,4.0,139.0,83.8,33.0,0.0,2.0,10.0,3.0,9.0,155.0,83.1,50.0,0.2222,67.8,19.9,69.7,1016.7,0.0,12.5,7.8,266.7,W,9.36,5.95,11.65,day
531416,2018-08-30,2018,SEA,2018-08-30 19:05:00,19.0,1,7,8,1,12,6,13,272,83.0,3,54,0.0556,0.0769,0.0,5.0,4.0,4.0,136.0,79.2,39.0,0.0,1.0,7.0,2.0,9.0,136.0,86.6,42.0,0.1111,60.9,16.0,82.3,1016.2,0.0,13.1,8.1,270.7,W,9.13,5.38,11.78,night
531429,2018-08-31,2018,SEA,2018-08-31 19:05:00,19.0,7,5,12,5,16,3,22,298,86.2,6,57,0.1053,0.2273,2.0,7.0,2.0,13.0,151.0,88.1,48.0,0.1538,3.0,9.0,1.0,9.0,147.0,84.0,43.0,0.3333,59.9,15.5,89.7,1012.5,0.0,9.7,6.0,211.1,SW,9.38,9.61,8.02,night
531444,2018-09-01,2018,SEA,2018-09-01 18:05:00,18.0,7,8,15,2,23,8,18,337,85.6,6,50,0.12,0.1111,2.0,18.0,6.0,6.0,177.0,84.4,39.0,0.3333,0.0,5.0,2.0,12.0,160.0,86.6,48.0,0.0,62.2,16.8,80.7,1009.3,0.0,11.4,7.1,225.0,SW,11.43,10.74,10.74,night
531459,2018-09-02,2018,SEA,2018-09-02 13:05:00,13.0,8,2,10,2,13,7,17,268,85.6,3,53,0.0566,0.1176,2.0,8.0,5.0,9.0,142.0,85.6,37.0,0.2222,0.0,5.0,2.0,8.0,126.0,85.7,41.0,0.0,72.3,22.4,54.3,1009.3,0.0,13.3,8.2,274.0,W,8.7,4.75,11.6,day
531471,2018-09-03,2018,NYY,2018-09-03 13:05:00,13.0,6,3,9,2,21,7,14,283,81.6,2,44,0.0455,0.1429,1.0,10.0,3.0,10.0,132.0,82.9,38.0,0.1,1.0,11.0,4.0,4.0,151.0,80.2,36.0,0.25,68.3,20.2,64.3,1011.1,0.0,16.9,10.5,279.0,W,9.93,4.66,14.01,day
531486,2018-09-04,2018,NYY,2018-09-04 19:05:00,19.0,1,5,6,3,19,7,10,285,85.6,2,41,0.0488,0.3,1.0,9.0,2.0,2.0,124.0,84.3,31.0,0.5,2.0,10.0,5.0,8.0,161.0,86.7,37.0,0.25,60.0,15.5,91.0,1010.3,0.0,8.9,5.5,269.3,W,6.34,3.84,8.08,night
531501,2018-09-05,2018,NYY,2018-09-05 19:05:00,19.0,8,2,10,1,15,5,16,271,85.5,6,51,0.1176,0.0625,0.0,8.0,2.0,11.0,127.0,85.8,42.0,0.0,1.0,7.0,3.0,5.0,144.0,85.1,42.0,0.2,56.5,13.6,91.0,1015.4,0.0,15.3,9.5,250.3,W,13.8,10.73,15.2,night
531524,2018-09-07,2018,TEX,2018-09-07 19:05:00,19.0,8,4,12,4,16,12,18,325,83.8,3,52,0.0577,0.2222,3.0,8.0,7.0,10.0,174.0,83.9,44.0,0.3,1.0,8.0,5.0,8.0,151.0,83.7,39.0,0.125,61.6,16.5,81.7,1014.4,0.0,7.9,4.9,171.7,S,4.7,6.57,2.26,night
531539,2018-09-08,2018,TEX,2018-09-08 13:05:00,13.0,8,6,14,6,19,7,18,332,84.9,8,50,0.16,0.3333,3.0,7.0,5.0,9.0,172.0,85.0,43.0,0.3333,3.0,12.0,1.0,9.0,160.0,84.8,42.0,0.3333,73.2,22.9,52.7,1013.7,0.0,9.6,5.9,219.0,SW,9.51,9.28,8.6,day
531554,2018-09-09,2018,TEX,2018-09-09 13:05:00,13.0,7,3,10,1,11,10,13,279,87.5,1,49,0.0204,0.0769,1.0,6.0,3.0,9.0,143.0,89.4,38.0,0.1111,0.0,5.0,7.0,4.0,136.0,85.2,32.0,0.0,73.5,23.0,52.0,1011.4,0.0,10.9,6.8,251.7,W,9.71,7.46,10.79,day
531667,2018-09-18,2018,LAA,2018-09-18 19:05:00,19.0,7,9,16,2,18,11,16,337,82.0,2,50,0.04,0.125,0.0,11.0,7.0,7.0,182.0,80.9,44.0,0.0,2.0,7.0,4.0,9.0,155.0,83.0,46.0,0.2222,57.6,14.2,90.7,1011.7,0.0,7.9,4.9,220.8,SW,7.91,7.64,7.23,night
531682,2018-09-19,2018,LAA,2018-09-19 19:05:00,19.0,10,0,10,1,11,3,14,244,85.3,1,55,0.0182,0.0714,1.0,8.0,3.0,10.0,134.0,85.3,39.0,0.1,0.0,3.0,0.0,4.0,110.0,85.4,34.0,0.0,62.8,17.1,72.7,1009.5,0.0,2.8,1.8,172.0,S,1.71,2.38,0.83,night
531694,2018-09-20,2018,LAA,2018-09-20 12:35:00,12.0,21,3,24,5,16,10,27,323,86.5,5,60,0.0833,0.1852,3.0,7.0,7.0,22.0,183.0,89.0,64.0,0.1364,2.0,9.0,3.0,5.0,140.0,82.3,39.0,0.4,79.5,26.4,35.0,1010.7,0.0,9.0,5.6,269.0,W,6.5,3.96,8.25,day
531706,2018-09-21,2018,MIN,2018-09-21 19:05:00,19.0,7,6,13,4,21,8,16,330,82.4,8,51,0.1569,0.25,3.0,11.0,5.0,7.0,164.0,82.2,41.0,0.4286,1.0,10.0,2.0,9.0,166.0,82.5,47.0,0.1111,58.5,14.7,90.7,1014.3,0.0,8.7,5.4,293.0,NW,3.26,0.3,5.82,night
531721,2018-09-22,2018,MIN,2018-09-22 18:05:00,18.0,3,2,5,1,11,6,15,272,85.2,2,55,0.0364,0.0667,1.0,5.0,2.0,8.0,140.0,90.4,32.0,0.125,0.0,6.0,3.0,7.0,132.0,81.3,43.0,0.0,63.3,17.4,76.7,1011.9,0.0,5.6,3.5,201.1,S,5.15,5.62,4.06,night
531736,2018-09-23,2018,MIN,2018-09-23 13:05:00,13.0,1,5,6,2,15,4,17,287,83.9,2,53,0.0377,0.1176,1.0,5.0,4.0,8.0,151.0,83.8,40.0,0.125,1.0,10.0,0.0,9.0,136.0,83.9,43.0,0.1111,67.1,19.5,59.7,1012.2,0.0,11.6,7.2,225.3,SW,11.63,10.91,10.95,day
566083,2019-03-20,2019,SEA,2019-03-20 02:35:00,2.0,7,9,16,5,18,9,16,298,,0,50,0.0,0.3125,3.0,8.0,3.0,9.0,128.0,,0.0,0.3333,2.0,10.0,6.0,7.0,170.0,,0.0,0.2857,52.9,11.6,82.0,1011.0,0.3,13.0,8.1,102.7,E,-6.95,-2.78,-10.29,day
566084,2019-03-21,2019,SEA,2019-03-21 02:35:00,2.0,4,5,9,2,19,11,19,391,,0,71,0.0,0.1053,0.0,10.0,6.0,10.0,211.0,,0.0,0.0,2.0,9.0,5.0,9.0,180.0,,0.0,0.2222,46.2,7.9,83.3,1018.1,0.0,3.4,2.1,83.7,E,-2.68,-1.79,-3.25,day
566086,2019-03-28,2019,LAA,2019-03-28 13:07:00,13.0,4,0,4,2,7,5,10,221,88.9,3,52,0.0577,0.2,2.0,4.0,1.0,7.0,103.0,88.6,38.0,0.2857,0.0,3.0,4.0,3.0,118.0,89.2,37.0,0.0,57.9,14.4,74.0,1023.6,0.2,17.0,10.6,227.0,SW,17.02,15.79,16.2,day
566087,2019-03-29,2019,LAA,2019-03-29 19:07:00,19.0,2,6,8,1,8,8,17,279,83.3,4,59,0.0678,0.0588,1.0,5.0,4.0,7.0,139.0,81.1,43.0,0.1429,0.0,3.0,3.0,10.0,140.0,85.5,44.0,0.0,53.7,12.0,83.7,1025.1,0.0,12.4,7.7,280.0,W,7.14,3.23,10.19,night
566088,2019-03-30,2019,LAA,2019-03-30 18:07:00,18.0,4,2,6,1,13,4,13,269,85.8,1,52,0.0192,0.0769,1.0,6.0,2.0,7.0,123.0,85.5,35.0,0.1429,0.0,7.0,2.0,6.0,146.0,86.1,37.0,0.0,58.3,14.6,76.3,1020.8,0.0,6.8,4.2,266.0,W,5.13,3.3,6.35,night
566089,2019-03-31,2019,LAA,2019-03-31 13:07:00,13.0,2,1,3,2,14,4,10,260,84.4,1,46,0.0217,0.2,1.0,6.0,2.0,7.0,147.0,84.4,42.0,0.1429,1.0,8.0,1.0,3.0,113.0,84.4,30.0,0.3333,65.2,18.4,79.0,1019.8,0.0,6.8,4.2,268.7,W,4.89,3.0,6.2,day
566090,2019-04-01,2019,BOS,2019-04-01 19:07:00,19.0,7,0,7,4,22,4,13,262,84.5,4,41,0.0976,0.3077,4.0,11.0,2.0,9.0,126.0,85.5,37.0,0.4444,0.0,11.0,2.0,4.0,136.0,83.5,36.0,0.0,55.2,12.9,90.3,1013.3,1.5,4.2,2.6,295.0,NW,1.45,0.0,2.72,night
566091,2019-04-02,2019,BOS,2019-04-02 19:07:00,19.0,1,0,1,1,13,4,10,240,81.4,2,46,0.0435,0.1,1.0,4.0,3.0,3.0,117.0,81.7,32.0,0.3333,0.0,9.0,1.0,7.0,123.0,81.2,39.0,0.0,54.9,12.7,88.7,1013.0,0.0,9.0,5.6,241.3,SW,8.67,7.28,9.01,night
566092,2019-04-03,2019,BOS,2019-04-03 19:07:00,19.0,3,6,9,2,14,7,14,329,82.1,2,54,0.037,0.1429,1.0,7.0,5.0,5.0,161.0,85.2,39.0,0.2,1.0,7.0,2.0,9.0,168.0,79.8,51.0,0.1111,54.8,12.7,87.3,1016.5,0.0,6.9,4.3,287.9,W,3.15,0.85,5.08,night
566093,2019-04-04,2019,BOS,2019-04-04 12:37:00,12.0,7,3,10,2,12,9,23,312,83.2,2,59,0.0339,0.087,1.0,5.0,3.0,13.0,148.0,84.6,49.0,0.0769,1.0,7.0,4.0,10.0,164.0,81.7,43.0,0.1,57.9,14.4,78.0,1016.6,0.2,12.2,7.6,220.0,SW,12.15,11.78,11.06,day
566094,2019-04-16,2019,HOU,2019-04-16 19:07:00,19.0,1,9,10,3,16,12,13,328,80.1,4,49,0.0816,0.2308,0.0,9.0,4.0,4.0,141.0,79.5,31.0,0.0,3.0,7.0,8.0,9.0,187.0,80.5,47.0,0.3333,56.5,13.6,78.7,1018.3,0.0,10.6,6.6,292.6,NW,4.03,0.45,7.13,night
566095,2019-04-17,2019,HOU,2019-04-17 19:07:00,19.0,2,1,3,1,11,5,8,251,83.0,1,47,0.0213,0.125,1.0,1.0,2.0,4.0,120.0,83.5,39.0,0.25,0.0,10.0,3.0,4.0,131.0,82.5,39.0,0.0,56.8,13.8,87.0,1020.6,0.0,4.4,2.7,258.0,W,3.66,2.63,4.25,night
566096,2019-04-19,2019,TOR,2019-04-19 19:07:00,19.0,1,5,6,1,18,5,13,261,85.3,3,48,0.0625,0.0769,0.0,8.0,2.0,6.0,123.0,88.6,30.0,0.0,1.0,10.0,3.0,7.0,138.0,82.4,35.0,0.1429,54.0,12.2,94.7,1011.3,0.0,15.3,9.5,234.3,SW,15.06,13.31,15.0,night
566097,2019-04-20,2019,TOR,2019-04-20 13:07:00,13.0,1,10,11,3,19,5,21,294,82.2,3,55,0.0545,0.1429,0.0,7.0,2.0,6.0,129.0,82.0,37.0,0.0,3.0,12.0,3.0,15.0,165.0,82.3,57.0,0.2,59.7,15.4,74.0,1013.7,0.0,27.4,17.0,256.3,W,23.4,17.12,26.87,day
566098,2019-04-21,2019,TOR,2019-04-21 13:07:00,13.0,4,5,9,1,15,7,20,304,81.2,3,55,0.0545,0.05,0.0,6.0,5.0,7.0,136.0,79.6,42.0,0.0,1.0,9.0,2.0,13.0,168.0,82.4,54.0,0.0769,62.8,17.1,67.3,1018.7,0.0,14.8,9.2,259.3,W,12.19,8.61,14.31,day
566099,2019-04-22,2019,TEX,2019-04-22 19:07:00,19.0,6,1,7,1,18,8,13,282,84.2,3,45,0.0667,0.0769,1.0,5.0,3.0,7.0,125.0,83.5,37.0,0.1429,0.0,13.0,5.0,6.0,157.0,84.8,36.0,0.0,61.4,16.3,81.0,1015.1,0.0,4.5,2.8,171.6,S,2.7,3.78,1.29,night
566100,2019-04-23,2019,TEX,2019-04-23 19:07:00,19.0,11,5,16,2,16,8,28,324,84.5,5,62,0.0806,0.0714,1.0,7.0,6.0,14.0,165.0,86.8,47.0,0.0714,1.0,9.0,2.0,14.0,159.0,82.1,45.0,0.0714,66.2,19.0,75.0,1012.5,0.0,2.8,1.8,275.9,W,1.79,0.93,2.43,night
566101,2019-04-24,2019,TEX,2019-04-24 12:37:00,12.0,6,5,11,5,18,9,18,323,83.4,4,50,0.08,0.2778,2.0,7.0,6.0,11.0,165.0,83.6,48.0,0.1818,3.0,11.0,3.0,7.0,158.0,83.2,38.0,0.4286,74.8,23.8,74.0,1013.6,0.0,9.1,5.6,266.3,W,6.81,4.35,8.45,day
566102,2019-05-07,2019,CIN,2019-05-07 19:07:00,19.0,2,0,2,1,17,3,5,259,83.6,3,39,0.0769,0.2,1.0,11.0,1.0,5.0,128.0,84.8,31.0,0.2,0.0,6.0,2.0,0.0,131.0,82.5,35.0,,54.6,12.6,83.7,1016.9,0.0,14.7,9.2,254.0,W,12.89,9.67,14.55,night
566103,2019-05-08,2019,CIN,2019-05-08 19:07:00,19.0,5,4,9,2,20,14,19,413,81.5,2,69,0.029,0.1053,2.0,13.0,7.0,11.0,212.0,81.7,50.0,0.1818,0.0,7.0,7.0,8.0,201.0,81.3,61.0,0.0,55.3,13.0,88.0,1011.0,0.0,12.2,7.6,261.3,W,9.8,6.74,11.68,night
566104,2019-05-09,2019,CIN,2019-05-09 12:37:00,12.0,0,3,3,2,17,5,14,264,81.2,3,46,0.0652,0.1429,0.0,6.0,4.0,6.0,154.0,83.5,40.0,0.0,2.0,11.0,1.0,8.0,110.0,78.0,28.0,0.25,63.2,17.3,71.0,1008.5,0.0,14.2,8.8,258.0,W,11.91,8.55,13.84,day
566105,2019-05-10,2019,CLE,2019-05-10 18:37:00,18.0,4,3,7,2,18,8,20,354,83.7,5,67,0.0746,0.1,2.0,6.0,6.0,10.0,189.0,84.5,59.0,0.2,0.0,12.0,2.0,10.0,165.0,82.7,51.0,0.0,59.1,15.1,81.7,1011.1,0.0,15.4,9.6,260.7,W,12.54,8.7,14.86,night
566106,2019-05-11,2019,CLE,2019-05-11 13:05:00,13.0,3,2,5,1,21,7,14,316,83.8,3,44,0.0682,0.0714,0.0,11.0,4.0,4.0,153.0,81.2,31.0,0.0,1.0,10.0,3.0,10.0,163.0,85.7,43.0,0.1,61.8,16.5,71.3,1014.3,0.0,13.8,8.6,266.3,W,10.39,6.64,12.89,day
566107,2019-05-12,2019,CLE,2019-05-12 13:07:00,13.0,3,5,8,2,13,8,14,274,85.2,3,50,0.06,0.1429,1.0,7.0,3.0,7.0,138.0,84.7,41.0,0.1429,1.0,6.0,5.0,7.0,136.0,85.8,39.0,0.1429,61.3,16.3,72.7,1015.1,0.0,18.0,11.2,249.0,W,16.44,12.95,17.96,day
566108,2019-05-24,2019,SEA,2019-05-24 19:07:00,19.0,6,2,8,3,18,11,18,322,81.3,5,49,0.102,0.1667,3.0,9.0,3.0,8.0,127.0,85.5,36.0,0.375,0.0,9.0,8.0,10.0,195.0,78.4,52.0,0.0,56.5,13.6,91.7,1013.4,0.0,12.1,7.5,249.7,W,11.02,8.62,12.09,night
566109,2019-05-25,2019,SEA,2019-05-25 13:07:00,13.0,6,5,11,4,12,1,20,272,84.2,5,57,0.0877,0.2,1.0,5.0,1.0,11.0,133.0,80.9,45.0,0.0909,3.0,7.0,0.0,9.0,139.0,87.4,47.0,0.3333,62.7,17.1,64.0,1009.3,0.0,8.2,5.1,230.4,SW,8.16,7.41,7.94,day
566110,2019-05-26,2019,SEA,2019-05-26 13:07:00,13.0,7,1,8,3,11,7,13,279,83.4,5,51,0.098,0.2308,2.0,5.0,3.0,7.0,142.0,85.4,43.0,0.2857,1.0,6.0,4.0,6.0,137.0,81.6,46.0,0.1667,55.5,13.1,73.7,1011.2,0.4,25.1,15.6,271.0,W,17.44,10.21,22.56,day
566111,2019-05-27,2019,LAA,2019-05-27 13:07:00,13.0,8,5,13,4,14,4,19,284,85.4,1,53,0.0189,0.2105,3.0,7.0,2.0,10.0,135.0,87.2,41.0,0.3,1.0,7.0,2.0,9.0,149.0,83.5,41.0,0.1111,59.7,15.4,75.3,1018.3,0.0,14.9,9.3,250.0,W,13.5,10.54,14.84,day
566112,2019-05-28,2019,LAA,2019-05-28 19:07:00,19.0,4,6,10,3,20,11,14,350,81.7,3,47,0.0638,0.2143,3.0,10.0,5.0,7.0,166.0,85.2,38.0,0.4286,0.0,10.0,5.0,7.0,184.0,79.3,57.0,0.0,56.1,13.4,90.7,1013.7,0.0,11.2,7.0,203.7,SW,10.43,11.2,8.41,night
566113,2019-05-29,2019,LAA,2019-05-29 12:37:00,12.0,7,12,19,4,19,10,28,422,81.8,6,75,0.08,0.1429,3.0,8.0,1.0,12.0,182.0,82.7,56.0,0.25,1.0,11.0,8.0,16.0,240.0,81.0,62.0,0.0625,66.3,19.0,75.0,1011.5,0.0,10.6,6.6,240.5,SW,10.25,8.66,10.6,day
566114,2019-05-31,2019,HOU,2019-05-31 19:07:00,19.0,2,3,5,3,7,6,14,267,85.1,4,57,0.0702,0.2143,1.0,3.0,3.0,6.0,129.0,87.4,42.0,0.1667,2.0,4.0,3.0,8.0,138.0,82.7,41.0,0.25,59.3,15.2,89.0,1010.1,0.0,5.5,3.4,245.0,SW,5.17,4.21,5.5,night
566115,2019-06-01,2019,HOU,2019-06-01 19:07:00,19.0,1,5,6,3,15,4,13,260,82.6,5,51,0.098,0.2308,1.0,10.0,2.0,5.0,133.0,82.3,42.0,0.2,2.0,5.0,2.0,8.0,127.0,82.8,42.0,0.25,57.4,14.1,90.7,1009.1,0.0,8.9,5.5,248.3,W,8.14,6.45,8.85,night
566116,2019-06-02,2019,HOU,2019-06-02 13:07:00,13.0,4,6,10,4,19,8,21,429,82.3,3,71,0.0423,0.1905,4.0,15.0,2.0,10.0,226.0,82.7,73.0,0.4,0.0,4.0,6.0,11.0,203.0,81.9,76.0,0.0,64.1,17.8,76.0,1011.5,0.0,17.5,10.9,272.0,W,11.96,6.85,15.62,day
566117,2019-06-14,2019,SEA,2019-06-14 18:37:00,18.0,2,9,11,2,9,8,17,311,83.3,2,62,0.0323,0.1176,0.0,5.0,4.0,7.0,151.0,83.0,48.0,0.0,2.0,4.0,4.0,10.0,160.0,83.7,51.0,0.2,58.0,14.5,84.3,1012.9,0.0,19.5,12.1,242.3,SW,18.58,15.48,19.45,night
566118,2019-06-15,2019,SEA,2019-06-15 18:07:00,18.0,11,2,13,1,15,6,20,289,85.2,2,55,0.0364,0.05,1.0,3.0,4.0,14.0,164.0,87.4,52.0,0.0714,0.0,12.0,2.0,6.0,125.0,82.2,37.0,0.0,56.5,13.6,83.0,1012.9,0.0,18.0,11.2,247.0,SW,16.69,13.38,17.99,night
566119,2019-06-16,2019,SEA,2019-06-16 13:07:00,13.0,3,6,9,3,20,4,16,292,82.1,4,50,0.08,0.1875,2.0,10.0,1.0,8.0,135.0,81.8,40.0,0.25,1.0,10.0,3.0,8.0,157.0,82.4,39.0,0.125,63.9,17.7,70.7,1010.9,0.0,15.5,9.7,262.0,W,12.41,8.46,14.85,day
566120,2019-06-17,2019,BAL,2019-06-17 19:07:00,19.0,3,2,5,0,11,5,9,246,82.8,0,48,0.0,0.0,0.0,5.0,3.0,5.0,129.0,85.5,36.0,0.0,0.0,6.0,2.0,4.0,117.0,79.7,32.0,0.0,63.0,17.2,79.0,1010.1,0.0,7.3,4.6,277.0,W,4.52,2.27,6.22,night
566121,2019-06-18,2019,BAL,2019-06-18 19:07:00,19.0,16,2,18,7,10,4,19,291,87.0,10,61,0.1639,0.3684,6.0,6.0,3.0,15.0,169.0,86.1,51.0,0.4,1.0,4.0,1.0,4.0,122.0,88.5,35.0,0.25,59.8,15.5,89.7,1012.4,0.0,13.1,8.2,271.3,W,9.07,5.27,11.77,night
566122,2019-06-19,2019,BAL,2019-06-19 12:37:00,12.0,8,3,11,1,17,7,17,305,84.1,1,51,0.0196,0.0588,1.0,5.0,3.0,11.0,150.0,87.1,55.0,0.0909,0.0,12.0,4.0,6.0,155.0,79.7,37.0,0.0,67.3,19.6,69.3,1013.4,0.0,15.7,9.7,278.7,W,9.28,4.41,13.04,day
566123,2019-06-20,2019,TB,2019-06-20 19:07:00,19.0,5,4,9,3,19,8,13,295,85.2,6,47,0.1277,0.2308,2.0,9.0,5.0,7.0,168.0,84.6,36.0,0.2857,1.0,10.0,2.0,6.0,127.0,85.9,33.0,0.1667,59.0,15.0,77.7,1010.6,0.0,14.9,9.2,225.7,SW,14.87,13.91,14.03,night
566124,2019-06-21,2019,TB,2019-06-21 19:07:00,19.0,3,5,8,3,14,4,20,307,84.0,6,57,0.1053,0.15,2.0,6.0,2.0,10.0,155.0,84.8,49.0,0.2,1.0,8.0,2.0,10.0,152.0,83.1,47.0,0.1,61.1,16.2,75.0,1011.6,0.0,9.2,5.7,222.2,SW,9.16,8.76,8.45,night
566125,2019-06-22,2019,TB,2019-06-22 13:07:00,13.0,4,2,6,2,12,7,14,267,82.3,2,50,0.04,0.1429,1.0,3.0,2.0,8.0,128.0,86.2,34.0,0.125,1.0,9.0,3.0,6.0,139.0,79.6,48.0,0.1667,71.2,21.8,62.7,1013.6,0.0,16.3,10.1,275.3,W,10.38,5.47,14.04,day
566126,2019-06-23,2019,TB,2019-06-23 13:07:00,13.0,2,8,10,1,10,5,21,282,85.1,4,62,0.0645,0.0476,0.0,7.0,2.0,6.0,148.0,84.3,48.0,0.0,1.0,3.0,3.0,15.0,134.0,85.9,50.0,0.0667,72.8,22.7,55.0,1013.9,0.0,16.2,10.1,293.0,NW,6.07,0.57,10.84,day
566127,2019-07-02,2019,MIN,2019-07-02 19:07:00,19.0,8,6,14,6,16,7,18,302,85.9,6,51,0.1176,0.3333,3.0,6.0,6.0,8.0,159.0,85.6,41.0,0.375,3.0,10.0,1.0,10.0,143.0,86.3,38.0,0.3,59.5,15.3,84.7,1012.9,0.0,14.4,8.9,195.3,S,12.51,14.19,9.32,night
566128,2019-07-03,2019,MIN,2019-07-03 18:07:00,18.0,3,4,7,2,23,11,19,393,84.7,3,65,0.0462,0.1053,1.0,13.0,7.0,9.0,195.0,85.2,44.0,0.1111,1.0,10.0,4.0,10.0,198.0,84.3,53.0,0.1,60.6,15.9,78.0,1012.0,0.0,16.9,10.5,232.3,SW,16.73,14.98,16.46,night
566129,2019-07-04,2019,MIN,2019-07-04 13:07:00,13.0,7,2,9,2,14,6,23,303,83.8,2,57,0.0351,0.087,2.0,6.0,3.0,12.0,147.0,86.1,44.0,0.1667,0.0,8.0,3.0,11.0,156.0,81.8,48.0,0.0,67.3,19.6,65.0,1013.3,0.0,12.8,8.0,245.3,SW,12.03,9.78,12.83,day
566130,2019-07-12,2019,CWS,2019-07-12 19:07:00,19.0,5,1,6,3,11,4,23,290,84.0,3,60,0.05,0.1304,3.0,5.0,2.0,13.0,146.0,86.1,46.0,0.2308,0.0,6.0,2.0,10.0,144.0,82.1,50.0,0.0,62.0,16.7,82.3,1011.2,0.0,13.5,8.4,219.3,SW,13.43,13.08,12.17,night
566131,2019-07-13,2019,CWS,2019-07-13 13:07:00,13.0,13,2,15,1,12,11,20,339,86.1,3,57,0.0526,0.05,1.0,5.0,8.0,13.0,199.0,85.9,62.0,0.0769,0.0,7.0,3.0,7.0,140.0,86.3,40.0,0.0,69.4,20.8,65.7,1012.1,0.0,10.9,6.8,217.3,SW,10.77,10.62,9.62,day
566132,2019-07-14,2019,CWS,2019-07-14 13:07:00,13.0,3,2,5,2,15,3,14,271,78.6,3,49,0.0612,0.1429,1.0,9.0,2.0,7.0,140.0,80.4,39.0,0.1429,1.0,6.0,1.0,7.0,131.0,76.7,36.0,0.1429,67.3,19.6,68.0,1016.4,0.0,16.2,10.1,231.7,SW,16.12,14.51,15.8,day
566133,2019-07-16,2019,SEA,2019-07-16 19:07:00,19.0,9,2,11,4,11,1,18,262,84.2,3,57,0.0526,0.2222,2.0,8.0,1.0,12.0,138.0,84.0,42.0,0.1667,2.0,3.0,0.0,6.0,124.0,84.3,44.0,0.3333,59.4,15.2,90.0,1011.6,0.0,18.0,11.2,223.0,SW,17.96,17.09,16.66,night
566134,2019-07-17,2019,SEA,2019-07-17 12:37:00,12.0,10,2,12,6,13,6,18,295,84.5,6,54,0.1111,0.3333,6.0,4.0,4.0,10.0,152.0,86.2,42.0,0.6,0.0,9.0,2.0,8.0,143.0,82.7,42.0,0.0,73.5,23.1,55.3,1012.1,0.0,12.8,8.0,260.3,W,10.47,7.3,12.38,day
566135,2019-07-25,2019,TEX,2019-07-25 19:07:00,19.0,3,11,14,1,13,8,16,290,84.2,2,55,0.0364,0.0625,0.0,8.0,5.0,3.0,141.0,86.2,33.0,0.0,1.0,5.0,3.0,13.0,149.0,82.9,49.0,0.0769,62.2,16.8,82.7,1013.4,0.0,14.4,8.9,276.0,W,9.04,4.67,12.31,night
566136,2019-07-26,2019,TEX,2019-07-26 19:07:00,19.0,2,5,7,1,23,8,12,323,85.0,3,43,0.0698,0.0833,0.0,13.0,3.0,5.0,161.0,82.6,39.0,0.0,1.0,10.0,5.0,7.0,162.0,87.6,36.0,0.1429,61.9,16.6,84.0,1015.8,0.0,9.9,6.2,263.7,W,7.76,5.17,9.41,night
566137,2019-07-27,2019,TEX,2019-07-27 18:07:00,18.0,5,4,9,4,14,2,17,268,87.4,4,53,0.0755,0.2353,4.0,4.0,1.0,6.0,124.0,84.1,38.0,0.6667,0.0,10.0,1.0,11.0,144.0,90.7,38.0,0.0,72.3,22.4,61.3,1013.4,0.0,5.4,3.4,283.7,W,2.8,1.05,4.21,night
566138,2019-07-28,2019,TEX,2019-07-28 13:07:00,13.0,6,5,11,3,16,14,18,353,82.3,6,50,0.12,0.1667,1.0,7.0,7.0,10.0,174.0,81.6,48.0,0.1,2.0,9.0,5.0,8.0,179.0,83.0,52.0,0.25,74.2,23.4,55.7,1013.1,0.0,11.9,7.4,259.0,W,9.84,6.97,11.51,day
566139,2019-07-30,2019,MIL,2019-07-30 19:07:00,19.0,3,2,5,3,24,5,14,282,85.6,4,47,0.0851,0.2143,2.0,11.0,3.0,7.0,141.0,85.2,35.0,0.2857,1.0,13.0,2.0,7.0,141.0,86.0,35.0,0.1429,59.7,15.4,84.0,1012.9,0.0,13.4,8.3,226.0,SW,13.36,12.48,12.64,night
566140,2019-07-31,2019,MIL,2019-07-31 19:07:00,19.0,2,4,6,1,13,6,16,301,84.6,4,56,0.0714,0.0625,0.0,8.0,3.0,7.0,160.0,83.2,45.0,0.0,1.0,5.0,3.0,9.0,141.0,86.3,40.0,0.1111,62.3,16.8,80.3,1013.3,0.0,10.7,6.6,239.7,SW,10.32,8.77,10.62,night
566141,2019-08-01,2019,MIL,2019-08-01 12:37:00,12.0,5,3,8,2,15,9,13,305,84.4,2,49,0.0408,0.1538,2.0,6.0,5.0,6.0,157.0,86.7,37.0,0.3333,0.0,9.0,4.0,7.0,148.0,82.6,47.0,0.0,64.0,17.8,77.3,1017.5,0.0,19.0,11.8,236.7,SW,18.61,16.17,18.8,day
566142,2019-08-03,2019,STL,2019-08-03 18:07:00,18.0,8,3,11,2,22,11,19,346,83.3,2,45,0.0444,0.1053,1.0,12.0,8.0,11.0,186.0,85.6,43.0,0.0909,1.0,10.0,3.0,8.0,160.0,81.0,44.0,0.125,64.1,17.8,87.0,1012.8,0.0,11.6,7.2,227.0,SW,11.59,10.76,11.03,night
566143,2019-08-04,2019,STL,2019-08-04 13:07:00,13.0,4,2,6,2,18,10,12,332,82.1,3,45,0.0667,0.1667,1.0,8.0,7.0,7.0,165.0,80.6,47.0,0.1429,1.0,10.0,3.0,5.0,167.0,83.6,47.0,0.2,67.0,19.5,74.3,1015.3,0.0,15.9,9.9,247.0,SW,14.74,11.82,15.89,day
566144,2019-08-15,2019,HOU,2019-08-15 19:07:00,19.0,7,6,13,10,9,4,15,248,87.6,9,55,0.1636,0.6667,5.0,6.0,2.0,8.0,120.0,89.7,33.0,0.625,5.0,3.0,2.0,7.0,128.0,86.2,50.0,0.7143,72.3,22.4,60.7,1010.4,0.0,4.8,3.0,283.7,W,2.51,0.95,3.77,night
566145,2019-08-16,2019,HOU,2019-08-16 19:07:00,19.0,3,2,5,2,31,6,17,410,84.4,6,63,0.0952,0.1176,2.0,19.0,1.0,8.0,181.0,83.3,48.0,0.25,0.0,12.0,4.0,9.0,229.0,85.3,56.0,0.0,65.1,18.4,80.3,1009.0,0.0,9.9,6.1,269.3,W,7.06,4.27,8.99,night
566146,2019-08-17,2019,HOU,2019-08-17 13:05:00,13.0,8,4,12,2,11,5,23,295,85.0,3,61,0.0492,0.087,0.0,6.0,3.0,13.0,152.0,83.8,45.0,0.0,2.0,5.0,2.0,10.0,143.0,86.0,48.0,0.2,70.5,21.4,62.7,1009.7,0.0,21.3,13.2,230.7,SW,21.16,19.17,20.6,day
566147,2019-08-18,2019,HOU,2019-08-18 13:07:00,13.0,1,4,5,2,12,8,16,268,81.2,2,55,0.0364,0.125,1.0,7.0,3.0,6.0,114.0,81.7,33.0,0.1667,1.0,5.0,5.0,10.0,154.0,81.0,46.0,0.1,68.5,20.3,68.3,1012.2,0.0,21.5,13.4,244.0,SW,20.36,16.73,21.53,day
566148,2019-08-20,2019,NYY,2019-08-20 19:07:00,19.0,6,2,8,4,22,4,20,283,83.6,5,45,0.1111,0.2,2.0,9.0,4.0,9.0,139.0,84.1,33.0,0.2222,2.0,13.0,0.0,11.0,144.0,83.2,51.0,0.1818,60.0,15.5,94.0,1014.9,0.0,13.4,8.3,247.3,SW,12.36,9.88,13.36,night
566149,2019-08-21,2019,NYY,2019-08-21 19:07:00,19.0,6,4,10,4,16,6,17,260,83.6,4,51,0.0784,0.2353,3.0,7.0,2.0,6.0,124.0,83.0,33.0,0.5,1.0,9.0,4.0,11.0,136.0,84.0,37.0,0.0909,68.2,20.1,92.0,1011.0,0.0,11.2,7.0,218.3,SW,11.12,10.9,10.01,night
566150,2019-08-22,2019,NYY,2019-08-22 18:37:00,18.0,5,3,8,2,16,3,18,268,83.5,2,50,0.04,0.1111,0.0,6.0,2.0,10.0,136.0,82.8,47.0,0.0,2.0,10.0,1.0,8.0,132.0,84.6,34.0,0.25,69.3,20.7,71.0,1006.2,0.0,8.1,5.1,236.0,SW,7.98,6.97,8.03,night
566151,2019-08-24,2019,SF,2019-08-24 18:07:00,18.0,5,10,15,3,16,6,23,346,84.5,3,61,0.0492,0.1304,1.0,7.0,5.0,10.0,179.0,86.5,49.0,0.1,2.0,9.0,1.0,13.0,167.0,82.6,54.0,0.1538,65.4,18.6,79.7,1013.3,0.0,12.1,7.5,286.7,W,5.76,1.76,9.06,night
566152,2019-08-25,2019,SF,2019-08-25 13:07:00,13.0,4,5,9,3,12,8,15,280,83.5,4,54,0.0741,0.2,2.0,7.0,4.0,7.0,129.0,84.8,35.0,0.2857,1.0,5.0,4.0,8.0,151.0,82.4,43.0,0.125,70.4,21.3,64.7,1015.0,0.0,14.6,9.1,277.3,W,8.94,4.44,12.36,day
566153,2019-09-03,2019,LAA,2019-09-03 19:07:00,19.0,7,5,12,4,17,10,14,283,85.7,5,44,0.1136,0.2857,1.0,7.0,5.0,6.0,132.0,88.2,34.0,0.1667,3.0,10.0,5.0,8.0,151.0,83.2,34.0,0.375,63.2,17.3,89.7,1012.8,0.0,10.8,6.7,224.7,SW,10.8,10.17,10.13,night
566154,2019-09-04,2019,LAA,2019-09-04 19:07:00,19.0,4,0,4,3,17,5,10,271,84.6,2,44,0.0455,0.3,3.0,8.0,3.0,5.0,135.0,87.6,35.0,0.6,0.0,9.0,2.0,5.0,136.0,81.8,39.0,0.0,62.8,17.1,87.7,1011.3,0.0,10.3,6.4,224.7,SW,10.3,9.7,9.66,night
566155,2019-09-05,2019,LAA,2019-09-05 12:37:00,12.0,10,6,16,3,12,8,20,286,85.2,5,57,0.0877,0.15,1.0,3.0,6.0,10.0,166.0,86.3,45.0,0.1,2.0,9.0,1.0,10.0,120.0,83.9,41.0,0.2,67.6,19.8,73.7,1015.8,0.0,18.5,11.5,253.7,W,16.26,12.24,18.32,day
566156,2019-09-06,2019,DET,2019-09-06 19:07:00,19.0,4,5,9,1,22,8,17,369,82.8,1,59,0.0169,0.0588,0.0,15.0,7.0,6.0,186.0,82.7,39.0,0.0,1.0,7.0,1.0,11.0,183.0,82.9,54.0,0.0909,61.0,16.1,92.7,1017.2,0.0,12.5,7.8,235.3,SW,12.33,10.82,12.36,night
566157,2019-09-07,2019,DET,2019-09-07 18:07:00,18.0,10,2,12,3,25,5,21,310,85.1,5,46,0.1087,0.1429,3.0,6.0,4.0,12.0,153.0,85.8,49.0,0.25,0.0,19.0,1.0,9.0,157.0,84.0,32.0,0.0,62.8,17.1,88.0,1014.7,0.0,23.0,14.3,254.0,W,20.12,15.09,22.72,night
566158,2019-09-08,2019,DET,2019-09-08 13:07:00,13.0,3,1,4,1,18,4,9,240,83.1,1,41,0.0244,0.1111,0.0,5.0,1.0,7.0,114.0,87.2,35.0,0.0,1.0,13.0,3.0,2.0,126.0,78.6,33.0,0.5,72.6,22.6,58.0,1014.9,0.0,13.5,8.4,240.7,SW,12.97,10.94,13.43,day
566159,2019-09-16,2019,KC,2019-09-16 19:07:00,19.0,5,6,11,3,21,6,21,347,86.1,4,52,0.0769,0.1429,1.0,6.0,3.0,10.0,166.0,88.4,41.0,0.1,2.0,15.0,2.0,11.0,181.0,83.7,40.0,0.1818,62.7,17.0,86.3,1014.7,0.0,8.8,5.5,245.7,SW,8.26,6.7,8.83,night
566160,2019-09-17,2019,KC,2019-09-17 19:07:00,19.0,2,1,3,1,15,2,10,248,85.1,3,45,0.0667,0.1,1.0,7.0,2.0,4.0,134.0,82.6,34.0,0.25,0.0,8.0,0.0,6.0,114.0,87.7,31.0,0.0,62.4,16.9,89.7,1015.1,0.0,13.3,8.3,270.7,W,9.32,5.49,12.02,night
566161,2019-09-18,2019,KC,2019-09-18 12:37:00,12.0,1,0,1,0,31,7,9,336,84.0,1,41,0.0244,0.0,0.0,12.0,3.0,5.0,170.0,86.0,44.0,0.0,0.0,19.0,1.0,4.0,166.0,81.6,35.0,0.0,68.4,20.2,70.0,1014.0,0.0,16.7,10.4,256.0,W,14.31,10.51,16.39,day
566162,2019-09-20,2019,TEX,2019-09-20 19:07:00,19.0,8,0,8,2,14,8,11,284,84.8,2,45,0.0444,0.1818,2.0,7.0,8.0,9.0,175.0,83.8,41.0,0.2222,0.0,7.0,0.0,2.0,109.0,86.1,33.0,0.0,68.8,20.5,54.7,1012.2,0.0,7.6,4.7,305.8,NW,1.21,-1.42,3.69,night
566163,2019-09-21,2019,TEX,2019-09-21 18:07:00,18.0,12,3,15,5,19,11,22,339,85.2,5,53,0.0943,0.2273,2.0,12.0,9.0,14.0,202.0,84.8,37.0,0.1429,3.0,7.0,2.0,8.0,137.0,85.6,44.0,0.375,72.9,22.7,51.7,1011.7,0.0,8.8,5.5,277.3,W,5.4,2.68,7.46,night
566164,2019-09-22,2019,TEX,2019-09-22 13:07:00,13.0,3,8,11,5,23,2,22,309,86.6,7,51,0.1373,0.2273,0.0,15.0,1.0,11.0,169.0,86.7,46.0,0.0,5.0,8.0,1.0,11.0,140.0,86.5,49.0,0.4545,70.3,21.3,60.0,1013.0,0.0,11.2,7.0,261.2,W,9.04,6.24,10.76,day
631182,2020-07-24,2020,LAA,2020-07-24 19:10:00,19.0,7,3,10,3,19,13,14,346,83.7,5,51,0.098,0.2143,2.0,11.0,7.0,7.0,169.0,86.8,39.0,0.2857,1.0,8.0,5.0,7.0,177.0,80.7,41.0,0.1429,58.6,14.8,85.3,1012.7,0.0,16.1,10.0,244.3,SW,15.16,12.43,16.07,night
631181,2020-07-25,2020,LAA,2020-07-25 13:10:00,13.0,1,4,5,1,14,2,12,251,82.8,1,50,0.02,0.0833,0.0,8.0,1.0,6.0,139.0,81.4,43.0,0.0,1.0,6.0,1.0,6.0,112.0,84.4,37.0,0.1667,71.2,21.8,54.3,1012.6,0.0,14.7,9.2,279.7,W,8.52,3.9,12.12,day
631165,2020-07-26,2020,LAA,2020-07-26 13:10:00,13.0,6,4,10,2,9,5,16,262,82.1,3,55,0.0545,0.125,1.0,5.0,5.0,7.0,131.0,80.6,42.0,0.1429,1.0,4.0,0.0,9.0,131.0,83.5,44.0,0.1111,68.2,20.1,62.3,1013.8,0.0,18.5,11.5,273.7,W,12.24,6.74,16.26,day
631168,2020-07-27,2020,LAA,2020-07-27 12:40:00,12.0,3,0,3,1,24,6,15,295,82.0,2,41,0.0488,0.0667,1.0,12.0,3.0,6.0,141.0,85.8,31.0,0.1667,0.0,12.0,3.0,9.0,154.0,79.2,43.0,0.0,66.9,19.4,64.3,1013.7,0.0,16.6,10.3,266.7,W,12.38,7.86,15.4,day
631171,2020-07-28,2020,COL,2020-07-28 18:40:00,18.0,3,8,11,1,19,6,21,298,86.6,3,57,0.0526,0.0476,0.0,8.0,3.0,8.0,134.0,86.5,41.0,0.0,1.0,11.0,3.0,13.0,164.0,86.8,45.0,0.0769,62.4,16.9,86.3,1011.2,0.0,14.0,8.7,259.3,W,11.59,8.18,13.6,night
631172,2020-07-29,2020,COL,2020-07-29 12:40:00,12.0,1,5,6,1,19,6,15,301,82.1,1,49,0.0204,0.0667,1.0,11.0,2.0,5.0,151.0,83.9,40.0,0.2,0.0,8.0,3.0,10.0,150.0,80.3,42.0,0.0,64.3,18.0,69.7,1014.3,0.0,16.0,9.9,266.3,W,11.99,7.66,14.87,day
631173,2020-08-04,2020,TEX,2020-08-04 18:10:00,18.0,5,1,6,2,18,7,11,270,81.9,2,41,0.0488,0.1818,2.0,9.0,5.0,6.0,148.0,83.8,43.0,0.3333,0.0,9.0,2.0,5.0,122.0,79.3,31.0,0.0,61.3,16.3,85.7,1013.7,0.0,22.7,14.1,231.7,SW,22.51,20.26,22.06,night
631174,2020-08-05,2020,TEX,2020-08-05 18:10:00,18.0,6,4,10,5,27,4,14,290,82.8,3,38,0.0789,0.3571,4.0,14.0,3.0,7.0,149.0,81.0,38.0,0.5714,1.0,13.0,1.0,7.0,141.0,84.7,35.0,0.1429,60.7,15.9,84.0,1012.9,0.0,24.8,15.4,244.0,SW,23.48,19.3,24.83,night
631175,2020-08-06,2020,TEX,2020-08-06 12:40:00,12.0,6,4,10,3,13,7,18,246,85.5,3,54,0.0556,0.1667,1.0,8.0,5.0,6.0,125.0,85.4,39.0,0.1667,2.0,5.0,2.0,12.0,121.0,85.5,44.0,0.1667,70.3,21.3,60.3,1012.9,0.0,12.0,7.5,249.3,W,10.96,8.61,12.0,day
631176,2020-08-07,2020,HOU,2020-08-07 18:10:00,18.0,3,2,5,1,24,10,17,366,83.0,5,68,0.0735,0.0588,1.0,15.0,5.0,10.0,205.0,82.0,48.0,0.1,0.0,9.0,4.0,7.0,161.0,83.9,59.0,0.0,63.0,17.2,78.0,1012.8,0.0,11.3,7.0,283.3,W,5.95,2.29,8.89,night
631177,2020-08-08,2020,HOU,2020-08-08 13:10:00,13.0,3,1,4,2,17,1,14,228,86.8,5,46,0.1087,0.1429,2.0,10.0,1.0,9.0,118.0,87.9,34.0,0.2222,0.0,7.0,0.0,5.0,110.0,85.7,35.0,0.0,73.2,22.9,53.0,1014.1,0.0,16.0,9.9,281.3,W,8.87,3.78,12.89,day
631178,2020-08-09,2020,HOU,2020-08-09 13:10:00,13.0,7,2,9,4,20,7,13,289,83.6,4,42,0.0952,0.3077,3.0,10.0,4.0,7.0,150.0,84.3,38.0,0.4286,1.0,10.0,3.0,6.0,139.0,82.8,37.0,0.1667,74.7,23.7,52.7,1012.9,0.0,16.5,10.2,288.7,W,7.3,1.82,11.91,day
631179,2020-08-19,2020,AZ,2020-08-19 18:40:00,18.0,4,1,5,1,19,8,12,296,81.2,1,42,0.0238,0.0833,1.0,9.0,6.0,6.0,156.0,80.7,39.0,0.1667,0.0,10.0,2.0,6.0,140.0,81.8,38.0,0.0,72.1,22.3,54.0,1011.3,0.0,10.2,6.3,214.0,SW,9.98,10.04,8.72,night
631180,2020-08-20,2020,AZ,2020-08-20 18:40:00,18.0,5,1,6,4,16,6,14,289,83.7,6,47,0.1277,0.2857,3.0,8.0,3.0,8.0,151.0,82.8,44.0,0.375,1.0,8.0,2.0,6.0,138.0,84.7,42.0,0.1667,65.3,18.5,87.0,1009.8,0.0,14.4,9.0,230.7,SW,14.36,13.01,13.98,night
631186,2020-08-21,2020,LAA,2020-08-21 18:40:00,18.0,5,3,8,1,18,7,19,303,82.4,4,51,0.0784,0.0526,1.0,12.0,4.0,8.0,153.0,82.0,39.0,0.125,0.0,6.0,3.0,11.0,150.0,82.9,41.0,0.0,69.9,21.0,78.7,1010.2,0.0,12.1,7.5,230.0,SW,12.02,10.94,11.65,night
631154,2020-08-22,2020,LAA,2020-08-22 13:10:00,13.0,3,4,7,1,11,6,14,283,84.6,3,58,0.0517,0.0714,1.0,5.0,3.0,6.0,132.0,84.1,44.0,0.1667,0.0,6.0,3.0,8.0,151.0,85.1,50.0,0.0,72.9,22.7,61.3,1011.5,0.0,11.0,6.9,261.0,W,8.93,6.17,10.61,day
631170,2020-08-23,2020,LAA,2020-08-23 13:10:00,13.0,5,4,9,1,22,9,18,355,83.3,1,55,0.0182,0.0556,0.0,12.0,2.0,9.0,167.0,83.3,50.0,0.0,1.0,10.0,6.0,9.0,188.0,83.2,46.0,0.1111,73.1,22.8,53.7,1011.5,0.0,15.7,9.8,283.0,W,8.34,3.27,12.4,day
631156,2020-09-04,2020,SD,2020-09-04 18:40:00,18.0,0,7,7,3,13,4,15,280,84.7,8,56,0.1429,0.2,0.0,5.0,4.0,4.0,121.0,86.2,34.0,0.0,3.0,8.0,0.0,11.0,159.0,83.6,47.0,0.2727,68.5,20.3,59.7,1013.4,0.0,7.1,4.4,186.3,S,5.57,6.76,3.71,night
631157,2020-09-05,2020,SD,2020-09-05 13:07:00,13.0,8,4,12,2,23,5,22,288,84.0,4,49,0.0816,0.0909,1.0,10.0,4.0,11.0,152.0,87.5,38.0,0.0909,1.0,13.0,1.0,11.0,136.0,81.1,46.0,0.0909,88.7,31.5,31.3,1014.1,0.0,11.0,6.9,277.7,W,6.69,3.29,9.29,day
631158,2020-09-06,2020,SD,2020-09-06 13:10:00,13.0,3,5,8,2,18,4,17,264,85.6,3,52,0.0577,0.1176,1.0,12.0,1.0,8.0,126.0,88.0,39.0,0.125,1.0,6.0,3.0,9.0,138.0,83.6,46.0,0.1111,95.5,35.3,29.0,1013.3,0.0,14.4,9.0,270.0,W,10.21,6.1,13.08,day
631159,2020-09-07,2020,HOU,2020-09-07 18:10:00,18.0,6,0,6,1,8,7,15,273,81.6,3,56,0.0536,0.0667,1.0,4.0,6.0,8.0,169.0,79.7,53.0,0.125,0.0,4.0,1.0,7.0,104.0,83.9,42.0,0.0,71.4,21.9,59.3,1006.0,0.0,7.7,4.8,238.5,SW,7.46,6.4,7.62,night
631160,2020-09-08,2020,HOU,2020-09-08 15:15:00,15.0,4,5,9,1,14,8,14,245,82.6,1,42,0.0238,0.0714,1.0,7.0,3.0,8.0,124.0,85.0,36.0,0.125,0.0,7.0,5.0,6.0,121.0,80.5,39.0,0.0,80.8,27.1,47.0,1003.4,0.0,14.7,9.1,267.0,W,10.92,6.9,13.63,day
631161,2020-09-09,2020,HOU,2020-09-09 18:10:00,18.0,3,2,5,2,16,8,9,284,81.9,3,46,0.0652,0.2222,0.0,7.0,7.0,5.0,158.0,81.8,42.0,0.0,2.0,9.0,1.0,4.0,126.0,82.0,35.0,0.5,60.6,15.9,85.0,1011.1,0.0,14.0,8.7,299.0,NW,3.87,-0.98,8.25,night
631162,2020-09-10,2020,HOU,2020-09-10 12:40:00,12.0,3,1,4,1,6,7,7,220,88.5,0,50,0.0,0.1429,1.0,1.0,6.0,5.0,135.0,85.8,46.0,0.2,0.0,5.0,1.0,2.0,85.0,93.3,26.0,0.0,72.6,22.5,57.0,1016.4,0.0,14.7,9.1,269.0,W,10.55,6.43,13.4,day
631163,2020-09-18,2020,SF,2020-09-18 18:40:00,18.0,6,0,6,1,16,8,9,301,83.8,2,45,0.0444,0.1111,1.0,5.0,3.0,6.0,155.0,85.1,42.0,0.1667,0.0,11.0,5.0,3.0,146.0,82.5,42.0,0.0,64.3,17.9,93.0,1014.4,0.0,15.1,9.4,270.0,W,10.7,6.4,13.72,night
631164,2020-09-19,2020,SF,2020-09-19 13:10:00,13.0,6,0,6,1,15,4,12,256,82.1,2,46,0.0435,0.0833,1.0,6.0,4.0,6.0,134.0,82.8,37.0,0.1667,0.0,9.0,0.0,6.0,122.0,81.3,36.0,0.0,72.3,22.4,65.3,1014.3,0.0,12.8,8.0,263.0,W,10.11,6.8,12.21,day
631166,2020-09-20,2020,SF,2020-09-20 13:10:00,13.0,2,14,16,3,19,11,20,335,80.0,3,54,0.0556,0.15,0.0,5.0,3.0,5.0,142.0,77.1,51.0,0.0,3.0,14.0,8.0,15.0,193.0,83.5,43.0,0.2,78.7,26.0,50.3,1011.5,0.0,13.4,8.3,268.7,W,9.67,5.93,12.24,day
631167,2020-09-25,2020,SEA,2020-09-25 18:40:00,18.0,3,1,4,1,18,6,14,288,84.5,0,51,0.0,0.0714,1.0,8.0,4.0,9.0,165.0,85.4,48.0,0.1111,0.0,10.0,1.0,5.0,123.0,83.3,32.0,0.0,63.0,17.2,82.0,1015.4,0.0,10.8,6.7,214.6,SW,10.65,10.68,9.34,night
631169,2020-09-26,2020,SEA,2020-09-26 13:10:00,13.0,1,5,6,1,14,5,13,246,85.1,2,43,0.0465,0.0769,0.0,4.0,4.0,6.0,122.0,86.4,38.0,0.0,1.0,10.0,0.0,7.0,124.0,83.7,35.0,0.1429,78.4,25.8,54.0,1015.6,0.0,12.2,7.6,253.7,W,10.68,8.04,12.03,day
631155,2020-09-27,2020,SEA,2020-09-27 12:10:00,12.0,6,2,8,1,25,8,14,326,82.2,2,41,0.0488,0.0714,1.0,9.0,5.0,10.0,171.0,80.8,50.0,0.1,0.0,16.0,2.0,4.0,155.0,83.6,48.0,0.0,88.6,31.5,20.7,1011.7,0.0,8.8,5.4,340.7,N,-3.8,-6.27,-0.87,day
634640,2021-04-01,2021,HOU,2021-04-01 19:07:00,19.0,1,8,9,2,15,9,15,307,83.4,4,51,0.0784,0.1333,0.0,10.0,3.0,6.0,155.0,80.7,46.0,0.0,2.0,5.0,6.0,9.0,152.0,85.8,49.0,0.2222,58.7,14.8,61.7,1011.6,0.0,5.3,3.3,241.2,SW,5.09,4.27,5.29,night
634605,2021-04-02,2021,HOU,2021-04-02 18:40:00,18.0,5,9,14,3,18,8,22,350,84.6,7,56,0.125,0.1364,1.0,7.0,3.0,8.0,164.0,83.6,49.0,0.125,2.0,11.0,4.0,14.0,186.0,85.6,50.0,0.1429,51.8,11.0,88.3,1016.9,0.0,17.2,10.7,266.0,W,13.01,8.35,16.09,night
634629,2021-04-03,2021,HOU,2021-04-03 13:07:00,13.0,1,9,10,1,17,7,16,322,83.0,5,51,0.098,0.0625,0.0,11.0,5.0,3.0,150.0,83.1,35.0,0.0,1.0,6.0,2.0,13.0,172.0,82.9,64.0,0.0769,56.9,13.8,63.3,1021.3,0.0,16.5,10.3,264.7,W,12.73,8.35,15.57,day
634651,2021-04-04,2021,HOU,2021-04-04 13:07:00,13.0,2,9,11,3,14,6,15,318,82.7,7,53,0.1321,0.2,0.0,9.0,2.0,4.0,145.0,83.0,53.0,0.0,3.0,5.0,4.0,11.0,173.0,82.4,63.0,0.2727,56.8,13.8,66.0,1021.4,0.0,14.8,9.2,257.3,W,12.5,9.04,14.46,day
634600,2021-04-05,2021,LAD,2021-04-05 18:40:00,18.0,3,10,13,3,18,12,20,367,83.0,3,58,0.0517,0.15,1.0,8.0,4.0,6.0,144.0,82.7,47.0,0.1667,2.0,10.0,8.0,14.0,223.0,83.2,68.0,0.1429,50.2,10.1,86.7,1015.6,0.0,12.6,7.8,257.0,W,10.66,7.74,12.29,night
634628,2021-04-06,2021,LAD,2021-04-06 18:40:00,18.0,1,5,6,3,17,4,16,274,84.6,5,51,0.098,0.1875,0.0,10.0,2.0,5.0,127.0,86.5,30.0,0.0,3.0,7.0,2.0,11.0,147.0,83.6,53.0,0.2727,51.1,10.6,88.0,1017.9,0.0,15.5,9.7,258.3,W,12.98,9.28,15.11,night
634567,2021-04-07,2021,LAD,2021-04-07 12:37:00,12.0,4,3,7,1,22,12,13,343,81.7,2,49,0.0408,0.0769,1.0,11.0,5.0,5.0,170.0,83.0,45.0,0.2,0.0,11.0,6.0,8.0,173.0,80.6,55.0,0.0,55.0,12.8,70.0,1021.9,0.0,20.2,12.5,251.0,W,18.13,14.01,20.06,day
634632,2021-04-15,2021,DET,2021-04-15 18:40:00,18.0,8,4,12,3,20,13,17,329,81.8,5,50,0.1,0.1765,2.0,10.0,12.0,8.0,192.0,83.6,52.0,0.25,1.0,10.0,1.0,9.0,137.0,79.8,48.0,0.1111,52.3,11.3,79.7,1016.3,0.0,11.9,7.4,265.3,W,9.07,5.89,11.16,night
634525,2021-04-16,2021,DET,2021-04-16 18:40:00,18.0,3,0,3,1,19,3,12,253,79.7,2,43,0.0465,0.0833,1.0,8.0,2.0,8.0,107.0,79.8,36.0,0.125,0.0,11.0,1.0,4.0,146.0,79.6,47.0,0.0,52.7,11.5,89.7,1015.1,0.0,15.4,9.6,246.3,SW,14.34,11.56,15.4,night
634479,2021-04-17,2021,DET,2021-04-17 13:07:00,13.0,7,0,7,3,18,4,13,288,80.6,5,44,0.1136,0.2308,3.0,8.0,4.0,8.0,153.0,84.0,47.0,0.375,0.0,10.0,0.0,5.0,135.0,77.5,52.0,0.0,62.8,17.1,62.7,1016.9,0.0,17.0,10.6,266.0,W,12.83,8.24,15.87,day
634480,2021-04-18,2021,DET,2021-04-18 13:07:00,13.0,3,2,5,1,20,5,12,262,83.0,2,43,0.0465,0.0833,1.0,9.0,2.0,6.0,125.0,84.8,38.0,0.1667,0.0,11.0,3.0,6.0,137.0,81.4,45.0,0.0,70.9,21.6,55.0,1019.0,0.0,14.2,8.8,267.0,W,10.53,6.65,13.14,day
634466,2021-04-20,2021,MIN,2021-04-19 18:40:00,18.0,1,0,1,0,16,2,6,205,79.5,0,27,0.0,0.0,0.0,6.0,1.0,4.0,102.0,79.1,37.0,0.0,0.0,10.0,1.0,2.0,103.0,80.0,29.0,0.0,53.5,11.9,80.7,1016.2,0.0,16.2,10.0,223.7,SW,16.16,15.32,15.06,night
634490,2021-04-20,2021,MIN,2021-04-20 15:30:00,15.0,7,0,7,3,11,8,11,223,83.5,5,40,0.125,0.2727,3.0,4.0,7.0,5.0,128.0,82.9,35.0,0.6,0.0,7.0,1.0,6.0,95.0,84.3,32.0,0.0,57.8,14.3,73.3,1010.4,0.0,26.2,16.3,249.3,W,23.87,18.74,26.12,day
634440,2021-04-21,2021,MIN,2021-04-21 12:37:00,12.0,13,12,25,7,16,5,31,361,85.0,13,75,0.1733,0.2258,3.0,6.0,3.0,13.0,175.0,86.4,65.0,0.2308,4.0,10.0,2.0,18.0,186.0,83.8,79.0,0.2222,61.8,16.5,65.0,1010.9,0.0,13.9,8.7,250.1,W,12.62,9.84,13.88,day
634381,2021-04-30,2021,BAL,2021-04-30 18:40:00,18.0,2,3,5,4,18,5,13,256,80.5,6,47,0.1277,0.3077,2.0,10.0,3.0,5.0,136.0,80.0,36.0,0.4,2.0,8.0,2.0,8.0,120.0,80.8,51.0,0.25,53.3,11.8,92.3,1018.1,0.0,18.9,11.7,242.0,SW,18.04,15.07,18.84,night
634319,2021-05-01,2021,BAL,2021-05-01 13:07:00,13.0,4,8,12,3,9,9,18,317,84.8,2,62,0.0323,0.1667,2.0,6.0,5.0,8.0,160.0,83.9,55.0,0.25,1.0,3.0,4.0,10.0,157.0,85.8,53.0,0.1,63.8,17.7,68.7,1015.4,0.0,23.0,14.3,254.3,W,20.08,15.01,22.73,day
634306,2021-05-02,2021,BAL,2021-05-02 13:07:00,13.0,7,5,12,3,14,6,21,298,84.4,5,58,0.0862,0.1429,2.0,7.0,4.0,11.0,139.0,84.7,42.0,0.1818,1.0,7.0,2.0,10.0,159.0,84.1,56.0,0.1,70.7,21.5,53.0,1012.3,0.0,17.7,11.0,254.3,W,15.4,11.52,17.43,day
634293,2021-05-03,2021,TOR,2021-05-03 18:40:00,18.0,5,4,9,2,18,5,18,282,84.1,3,49,0.0612,0.1111,2.0,8.0,4.0,9.0,150.0,81.2,50.0,0.2222,0.0,10.0,1.0,9.0,132.0,87.2,48.0,0.0,64.2,17.9,64.3,1011.7,0.0,9.4,5.9,201.7,S,8.66,9.42,6.86,night
634278,2021-05-04,2021,TOR,2021-05-04 18:40:00,18.0,4,1,5,1,19,5,9,250,80.1,2,39,0.0513,0.1111,1.0,9.0,4.0,6.0,131.0,81.6,36.0,0.1667,0.0,10.0,1.0,3.0,119.0,78.8,40.0,0.0,61.7,16.5,72.7,1012.1,0.0,7.2,4.5,214.5,SW,7.11,7.13,6.23,night
634248,2021-05-05,2021,TOR,2021-05-05 18:40:00,18.0,4,9,13,2,20,6,17,301,82.6,4,51,0.0784,0.1176,2.0,12.0,2.0,7.0,154.0,84.6,46.0,0.2857,0.0,8.0,3.0,10.0,147.0,81.0,54.0,0.0,55.8,13.2,85.0,1013.1,0.0,13.6,8.5,251.7,W,12.15,9.33,13.51,night
634231,2021-05-06,2021,TOR,2021-05-06 12:37:00,12.0,4,10,14,4,11,8,22,294,80.5,5,62,0.0806,0.1818,1.0,7.0,5.0,6.0,144.0,78.5,42.0,0.1667,3.0,4.0,3.0,16.0,150.0,81.8,61.0,0.1875,62.3,16.8,68.0,1017.8,0.0,17.5,10.9,245.0,SW,16.41,13.38,17.47,day
634263,2021-05-07,2021,TB,2021-05-07 18:40:00,18.0,2,1,3,1,20,3,10,227,82.5,2,41,0.0488,0.1,1.0,8.0,2.0,7.0,127.0,84.1,40.0,0.1429,0.0,12.0,1.0,3.0,100.0,80.4,31.0,0.0,62.3,16.8,62.3,1015.3,0.0,8.8,5.4,228.0,SW,8.75,8.07,8.39,night
634236,2021-05-08,2021,TB,2021-05-08 13:07:00,13.0,6,3,9,3,25,9,16,306,83.0,5,43,0.1163,0.1875,2.0,12.0,6.0,6.0,151.0,84.1,42.0,0.3333,1.0,13.0,3.0,10.0,155.0,81.9,46.0,0.1,81.7,27.6,18.0,1014.9,0.0,14.1,8.7,286.3,W,6.75,2.12,10.56,day
634211,2021-05-09,2021,TB,2021-05-09 13:07:00,13.0,3,4,7,2,18,5,11,277,83.6,1,46,0.0217,0.1818,0.0,10.0,4.0,7.0,157.0,82.9,47.0,0.0,2.0,8.0,1.0,4.0,120.0,84.7,36.0,0.5,72.5,22.5,44.7,1012.4,0.0,15.9,9.9,237.7,SW,15.48,13.36,15.74,day
634050,2021-05-18,2021,HOU,2021-05-18 18:40:00,18.0,6,5,11,4,16,6,21,291,83.0,5,55,0.0909,0.1905,3.0,10.0,5.0,8.0,152.0,84.1,42.0,0.375,1.0,6.0,0.0,13.0,139.0,82.3,59.0,0.0769,58.5,14.7,62.3,1016.1,0.0,18.4,11.4,241.7,SW,17.6,14.73,18.34,night
634034,2021-05-19,2021,HOU,2021-05-19 18:40:00,18.0,1,8,9,1,18,5,19,309,82.4,1,54,0.0185,0.0526,0.0,10.0,0.0,4.0,111.0,81.8,38.0,0.0,1.0,8.0,5.0,15.0,198.0,82.8,70.0,0.0667,56.7,13.7,62.7,1012.8,0.0,20.1,12.5,264.3,W,15.57,10.27,19.0,night
634045,2021-05-20,2021,HOU,2021-05-20 12:37:00,12.0,4,8,12,4,14,6,22,314,83.8,4,60,0.0667,0.1818,3.0,10.0,4.0,8.0,171.0,80.7,44.0,0.375,1.0,4.0,2.0,14.0,143.0,86.3,54.0,0.0714,64.2,17.9,34.3,1016.2,0.2,18.6,11.6,267.7,W,13.7,8.56,17.19,day
633955,2021-05-24,2021,SEA,2021-05-24 18:40:00,18.0,2,4,6,3,21,8,11,277,84.7,4,42,0.0952,0.2727,1.0,9.0,4.0,5.0,141.0,85.3,41.0,0.2,2.0,12.0,4.0,6.0,136.0,84.2,38.0,0.3333,60.3,15.7,72.7,1017.6,0.0,15.8,9.8,242.7,SW,15.02,12.48,15.75,night
633945,2021-05-25,2021,SEA,2021-05-25 18:40:00,18.0,3,4,7,0,14,4,19,300,83.0,3,58,0.0517,0.0,0.0,9.0,2.0,8.0,164.0,83.6,58.0,0.0,0.0,5.0,2.0,11.0,136.0,82.4,50.0,0.0,57.7,14.3,76.3,1016.3,0.0,13.3,8.3,218.7,SW,13.22,12.92,11.92,night
634074,2021-05-26,2021,SEA,2021-05-26 12:37:00,12.0,6,3,9,1,10,9,15,284,81.3,1,53,0.0189,0.0667,1.0,5.0,6.0,8.0,133.0,81.0,41.0,0.125,0.0,5.0,3.0,7.0,151.0,81.6,57.0,0.0,64.9,18.3,57.0,1017.5,0.0,12.7,7.9,245.0,SW,11.9,9.7,12.67,day
633964,2021-05-27,2021,LAA,2021-05-27 18:40:00,18.0,5,0,5,0,17,7,12,273,82.3,1,44,0.0227,0.0,0.0,8.0,6.0,10.0,159.0,82.7,43.0,0.0,0.0,9.0,1.0,2.0,114.0,81.8,34.0,0.0,59.0,15.0,90.3,1017.3,0.0,18.2,11.3,234.7,SW,17.94,15.81,17.9,night
634006,2021-05-28,2021,LAA,2021-05-28 18:40:00,18.0,3,1,4,0,17,8,11,244,81.1,0,41,0.0,0.0,0.0,7.0,5.0,5.0,128.0,83.9,36.0,0.0,0.0,10.0,3.0,6.0,116.0,78.4,38.0,0.0,56.2,13.4,77.3,1014.6,0.0,16.3,10.1,241.7,SW,15.65,13.1,16.31,night
633929,2021-05-29,2021,LAA,2021-05-29 13:07:00,13.0,0,4,4,0,20,4,12,273,80.2,2,43,0.0465,0.0,0.0,9.0,2.0,3.0,125.0,81.3,35.0,0.0,0.0,11.0,2.0,9.0,148.0,79.5,53.0,0.0,62.1,16.7,66.7,1012.8,0.0,17.2,10.7,217.0,SW,17.0,16.79,15.16,day
633889,2021-05-30,2021,LAA,2021-05-30 13:07:00,13.0,2,4,6,1,18,7,12,311,79.6,4,50,0.08,0.0833,0.0,13.0,5.0,4.0,171.0,81.6,51.0,0.0,1.0,5.0,2.0,8.0,140.0,78.0,67.0,0.125,69.9,21.0,52.7,1011.7,0.0,11.1,6.9,250.3,W,10.03,7.8,11.05,day
633765,2021-06-08,2021,AZ,2021-06-08 18:40:00,18.0,5,2,7,1,15,6,11,263,82.5,2,47,0.0426,0.0909,0.0,9.0,5.0,6.0,150.0,81.3,48.0,0.0,1.0,6.0,1.0,5.0,113.0,83.8,45.0,0.2,56.8,13.8,71.3,1018.4,0.0,22.0,13.6,268.7,W,15.89,9.74,20.12,night
633784,2021-06-09,2021,AZ,2021-06-09 12:37:00,12.0,4,0,4,0,14,9,8,295,82.4,4,45,0.0889,0.0,0.0,9.0,5.0,6.0,151.0,83.9,45.0,0.0,0.0,5.0,4.0,2.0,144.0,81.3,58.0,0.0,60.6,15.9,58.0,1020.8,0.0,25.5,15.8,261.0,W,20.63,14.26,24.51,day
633770,2021-06-10,2021,KC,2021-06-10 18:40:00,18.0,1,6,7,3,18,1,13,264,85.0,5,47,0.1064,0.2308,1.0,10.0,1.0,3.0,128.0,81.6,35.0,0.3333,2.0,8.0,0.0,10.0,136.0,87.6,47.0,0.2,60.7,15.9,60.3,1020.6,0.0,17.2,10.7,270.0,W,12.14,7.25,15.56,night
633717,2021-06-11,2021,KC,2021-06-11 18:40:00,18.0,4,3,7,3,16,3,17,272,83.6,6,53,0.1132,0.1765,1.0,9.0,1.0,8.0,150.0,83.6,46.0,0.125,2.0,7.0,1.0,9.0,122.0,83.6,43.0,0.2222,60.8,16.0,75.3,1016.8,0.0,16.4,10.2,272.0,W,11.21,6.42,14.64,night
633718,2021-06-12,2021,KC,2021-06-12 13:07:00,13.0,11,2,13,4,16,11,19,312,84.8,8,54,0.1481,0.2105,3.0,8.0,6.0,14.0,166.0,86.0,55.0,0.2143,1.0,8.0,5.0,5.0,146.0,83.3,41.0,0.2,70.9,21.6,69.0,1014.2,0.0,19.3,12.0,267.7,W,14.22,8.88,17.84,day
633707,2021-06-13,2021,KC,2021-06-13 13:07:00,13.0,6,3,9,5,14,7,15,290,83.4,6,51,0.1176,0.3333,3.0,6.0,4.0,9.0,145.0,85.3,48.0,0.3333,2.0,8.0,2.0,6.0,145.0,81.5,50.0,0.3333,68.8,20.4,71.0,1014.3,0.0,19.7,12.2,264.3,W,15.24,10.05,18.59,day
633729,2021-06-14,2021,LAA,2021-06-14 18:40:00,18.0,8,5,13,2,18,9,23,327,84.2,2,55,0.0364,0.087,1.0,9.0,6.0,9.0,164.0,80.6,46.0,0.1111,1.0,9.0,3.0,14.0,163.0,87.1,57.0,0.0714,65.7,18.7,67.7,1016.8,0.0,18.6,11.6,268.7,W,13.48,8.27,17.07,night
633656,2021-06-15,2021,LAA,2021-06-15 18:40:00,18.0,6,4,10,3,15,5,15,291,82.7,3,50,0.06,0.2,1.0,7.0,4.0,8.0,161.0,82.3,57.0,0.125,2.0,8.0,1.0,7.0,130.0,83.2,48.0,0.2857,70.8,21.6,56.3,1016.5,0.0,10.6,6.6,242.1,SW,10.16,8.48,10.62,night
633632,2021-06-16,2021,LAA,2021-06-16 12:37:00,12.0,8,4,12,2,13,5,19,268,84.4,5,56,0.0893,0.1053,1.0,6.0,2.0,10.0,138.0,87.1,52.0,0.1,1.0,7.0,2.0,9.0,130.0,81.8,55.0,0.1111,78.1,25.6,47.3,1014.8,0.0,12.7,7.9,257.3,W,10.7,7.74,12.37,day
633488,2021-06-29,2021,TEX,2021-06-29 18:40:00,18.0,4,5,9,6,16,3,16,285,81.8,6,54,0.1111,0.375,3.0,9.0,2.0,7.0,131.0,82.5,42.0,0.4286,3.0,7.0,0.0,9.0,154.0,81.4,57.0,0.3333,62.8,17.1,81.3,1008.0,0.0,14.7,9.1,210.3,SW,14.19,14.6,12.06,night
633461,2021-06-30,2021,TEX,2021-06-30 18:40:00,18.0,3,1,4,2,15,2,12,248,81.6,3,48,0.0625,0.1667,1.0,7.0,1.0,5.0,110.0,87.5,43.0,0.2,1.0,8.0,1.0,7.0,138.0,76.5,50.0,0.1429,60.7,15.9,85.3,1012.1,0.0,19.2,11.9,237.7,SW,18.7,16.13,19.01,night
633405,2021-07-01,2021,TEX,2021-07-01 12:37:00,12.0,3,8,11,4,16,6,20,301,80.5,5,56,0.0893,0.2,0.0,8.0,3.0,5.0,137.0,81.3,47.0,0.0,4.0,8.0,3.0,15.0,164.0,79.8,57.0,0.2667,66.6,19.2,69.0,1013.1,0.0,18.3,11.4,245.3,SW,17.13,13.92,18.27,day
633452,2021-07-02,2021,BOS,2021-07-02 18:40:00,18.0,2,3,5,2,16,5,10,284,83.6,3,51,0.0588,0.2,2.0,11.0,2.0,4.0,147.0,83.4,43.0,0.5,0.0,5.0,3.0,6.0,137.0,83.9,40.0,0.0,60.2,15.7,87.0,1011.9,0.0,15.2,9.4,249.0,W,13.89,10.93,15.16,night
633401,2021-07-03,2021,BOS,2021-07-03 16:15:00,16.0,7,6,13,1,15,10,24,372,81.5,6,76,0.0789,0.0417,0.0,4.0,5.0,15.0,199.0,81.1,73.0,0.0,1.0,11.0,3.0,9.0,173.0,82.1,60.0,0.1111,64.2,17.9,75.0,1013.4,0.0,17.4,10.8,261.3,W,13.99,9.63,16.67,day
633399,2021-07-04,2021,BOS,2021-07-04 13:07:00,13.0,0,1,1,0,22,4,10,264,80.9,0,42,0.0,0.0,0.0,11.0,3.0,4.0,147.0,78.9,50.0,0.0,0.0,11.0,1.0,6.0,117.0,83.3,42.0,0.0,67.0,19.5,66.7,1014.9,0.0,19.3,12.0,261.3,W,15.55,10.7,18.52,day
633264,2021-07-16,2021,CLE,2021-07-16 18:40:00,18.0,5,4,9,4,23,3,20,293,82.9,6,48,0.125,0.2,2.0,11.0,3.0,12.0,149.0,81.2,53.0,0.1667,2.0,12.0,0.0,8.0,144.0,85.0,41.0,0.25,61.3,16.3,78.7,1011.8,0.0,12.1,7.5,239.4,SW,11.75,10.02,12.07,night
633306,2021-07-17,2021,CLE,2021-07-17 13:07:00,13.0,2,3,5,1,20,5,15,291,82.8,4,47,0.0851,0.0667,0.0,10.0,3.0,7.0,154.0,82.3,43.0,0.0,1.0,10.0,2.0,8.0,137.0,83.3,42.0,0.125,69.8,21.0,56.3,1013.6,0.0,14.1,8.7,272.3,W,9.53,5.42,12.5,day
633238,2021-07-18,2021,CLE,2021-07-18 13:07:00,13.0,2,4,6,3,18,3,13,271,81.2,4,49,0.0816,0.2308,1.0,8.0,1.0,4.0,127.0,84.7,48.0,0.25,2.0,10.0,1.0,9.0,144.0,77.6,47.0,0.2222,70.4,21.3,56.3,1014.7,0.0,13.8,8.6,267.0,W,10.28,6.49,12.83,day
633249,2021-07-19,2021,LAA,2021-07-19 18:40:00,18.0,4,1,5,2,13,5,15,260,80.1,4,51,0.0784,0.1333,2.0,10.0,3.0,7.0,144.0,77.3,42.0,0.2857,0.0,3.0,2.0,8.0,116.0,82.6,48.0,0.0,62.2,16.8,75.0,1015.8,0.0,14.6,9.1,230.7,SW,14.56,13.19,14.18,night
633207,2021-07-20,2021,LAA,2021-07-20 12:37:00,12.0,6,0,6,1,19,4,15,268,79.6,1,47,0.0213,0.0667,1.0,8.0,0.0,8.0,125.0,82.1,44.0,0.125,0.0,11.0,3.0,7.0,143.0,76.8,40.0,0.0,66.0,18.9,69.7,1016.9,0.0,17.1,10.6,230.0,SW,17.07,15.53,16.55,day
633022,2021-08-03,2021,SD,2021-08-03 18:40:00,18.0,1,8,9,2,20,6,21,340,84.0,5,54,0.0926,0.0952,1.0,11.0,3.0,7.0,156.0,81.0,47.0,0.1429,1.0,9.0,3.0,14.0,184.0,86.2,64.0,0.0714,61.8,16.5,80.3,1013.5,0.0,10.9,6.8,254.0,W,9.5,7.13,10.73,night
633010,2021-08-04,2021,SD,2021-08-04 12:37:00,12.0,5,4,9,1,17,5,18,287,80.3,1,54,0.0185,0.0556,1.0,7.0,5.0,7.0,155.0,80.2,52.0,0.1429,0.0,10.0,0.0,11.0,132.0,80.5,53.0,0.0,63.4,17.5,72.3,1015.5,0.0,17.6,10.9,255.3,W,15.19,11.23,17.31,day
633017,2021-08-06,2021,TEX,2021-08-06 18:40:00,18.0,4,1,5,1,20,4,10,306,81.1,1,49,0.0204,0.1,1.0,7.0,4.0,4.0,153.0,81.7,48.0,0.25,0.0,13.0,0.0,6.0,153.0,80.5,51.0,0.0,66.7,19.3,73.7,1011.8,0.0,7.3,4.5,216.0,SW,7.18,7.13,6.35,night
632962,2021-08-07,2021,TEX,2021-08-07 13:07:00,13.0,12,3,15,3,11,8,23,312,80.8,5,61,0.082,0.1304,2.0,6.0,5.0,16.0,174.0,81.9,55.0,0.125,1.0,5.0,3.0,7.0,138.0,79.7,52.0,0.1429,68.8,20.4,63.0,1012.2,0.0,16.7,10.4,270.0,W,11.79,7.04,15.11,day
633039,2021-08-08,2021,TEX,2021-08-08 13:07:00,13.0,6,3,9,2,14,8,16,284,81.9,5,51,0.098,0.125,1.0,6.0,4.0,12.0,155.0,83.7,60.0,0.0833,1.0,8.0,4.0,4.0,129.0,79.1,40.0,0.25,69.4,20.8,65.7,1012.0,0.0,18.7,11.6,251.7,W,16.74,12.86,18.61,day
632809,2021-08-20,2021,SF,2021-08-20 18:40:00,18.0,4,1,5,1,16,8,11,289,79.5,1,45,0.0222,0.0909,0.0,11.0,4.0,6.0,152.0,77.6,49.0,0.0,1.0,5.0,4.0,5.0,137.0,81.6,43.0,0.2,62.0,16.7,86.0,1008.5,0.0,16.3,10.1,261.0,W,13.16,9.1,15.64,night
632842,2021-08-21,2021,SF,2021-08-21 13:07:00,13.0,5,6,11,4,15,5,18,313,82.1,3,56,0.0536,0.2222,0.0,9.0,1.0,8.0,149.0,81.6,57.0,0.0,4.0,6.0,4.0,10.0,164.0,82.6,59.0,0.4,69.9,21.1,60.3,1008.3,0.0,19.1,11.9,253.3,W,16.81,12.7,18.9,day
632791,2021-08-22,2021,SF,2021-08-22 13:07:00,13.0,1,2,3,1,23,5,12,285,81.1,2,40,0.05,0.0833,0.0,10.0,1.0,8.0,135.0,79.3,44.0,0.0,1.0,13.0,4.0,4.0,150.0,83.0,42.0,0.25,68.8,20.4,62.3,1009.7,0.0,15.2,9.5,267.7,W,11.2,6.99,14.06,day
632758,2021-08-23,2021,SEA,2021-08-23 18:40:00,18.0,3,5,8,4,15,1,16,303,81.0,5,54,0.0926,0.25,2.0,4.0,1.0,6.0,138.0,79.8,51.0,0.3333,2.0,11.0,0.0,10.0,165.0,82.3,51.0,0.2,60.4,15.8,83.3,1010.5,0.0,15.7,9.7,258.3,W,13.09,9.36,15.24,night
632769,2021-08-24,2021,SEA,2021-08-24 12:37:00,12.0,1,5,6,0,15,4,19,295,83.5,0,56,0.0,0.0,0.0,6.0,1.0,8.0,128.0,83.7,48.0,0.0,0.0,9.0,3.0,11.0,167.0,83.4,59.0,0.0,67.9,20.0,59.0,1013.5,0.0,14.3,8.9,275.0,W,9.19,4.89,12.38,day
632749,2021-08-26,2021,NYY,2021-08-26 18:40:00,18.0,6,7,13,6,21,9,16,343,83.3,6,48,0.125,0.375,3.0,12.0,5.0,7.0,173.0,81.4,50.0,0.4286,3.0,9.0,4.0,9.0,170.0,85.2,46.0,0.3333,67.6,19.8,66.3,1010.9,0.0,7.6,4.7,244.4,SW,7.14,5.85,7.57,night
632725,2021-08-27,2021,NYY,2021-08-27 18:40:00,18.0,2,8,10,4,22,4,22,322,86.6,7,53,0.1321,0.1818,0.0,14.0,4.0,8.0,164.0,83.4,48.0,0.0,4.0,8.0,0.0,14.0,158.0,89.4,55.0,0.2857,75.1,23.9,49.7,1005.2,0.0,7.3,4.5,277.0,W,4.47,2.25,6.16,night
632706,2021-08-28,2021,NYY,2021-08-28 13:07:00,13.0,3,2,5,2,13,5,10,258,81.7,5,48,0.1042,0.2,1.0,6.0,3.0,5.0,132.0,79.5,41.0,0.2,1.0,7.0,1.0,5.0,126.0,84.1,37.0,0.2,87.4,30.8,33.7,1006.5,0.0,15.2,9.4,271.7,W,10.41,6.01,13.55,day
632700,2021-08-29,2021,NYY,2021-08-29 16:08:00,16.0,3,1,4,1,11,5,14,269,81.3,3,54,0.0556,0.0714,1.0,4.0,1.0,9.0,121.0,81.7,51.0,0.1111,0.0,7.0,4.0,5.0,148.0,80.9,41.0,0.0,69.0,20.5,67.7,1008.0,0.0,12.6,7.8,280.7,W,7.09,3.11,10.21,day
632578,2021-09-07,2021,CWS,2021-09-07 18:40:00,18.0,3,6,9,0,13,6,21,313,83.2,4,59,0.0678,0.0,0.0,5.0,3.0,6.0,113.0,85.4,44.0,0.0,0.0,8.0,3.0,15.0,200.0,81.9,74.0,0.0,68.5,20.3,68.0,1012.2,0.0,8.4,5.2,208.3,SW,8.04,8.39,6.73,night
632545,2021-09-08,2021,CWS,2021-09-08 18:40:00,18.0,5,1,6,1,12,3,18,250,83.5,2,54,0.037,0.0556,1.0,4.0,1.0,10.0,123.0,83.8,47.0,0.1,0.0,8.0,2.0,8.0,127.0,83.3,45.0,0.0,66.9,19.4,74.7,1009.6,0.0,8.4,5.2,212.3,SW,8.2,8.33,7.07,night
632562,2021-09-09,2021,CWS,2021-09-09 12:37:00,12.0,3,1,4,0,17,4,13,256,82.6,3,45,0.0667,0.0,0.0,8.0,3.0,6.0,129.0,82.8,40.0,0.0,0.0,9.0,1.0,7.0,127.0,82.5,47.0,0.0,70.2,21.2,59.3,1011.0,0.0,13.7,8.5,243.7,SW,12.95,10.67,13.66,day
632544,2021-09-10,2021,TEX,2021-09-10 18:40:00,18.0,10,5,15,0,21,5,24,318,82.2,2,54,0.037,0.0,0.0,12.0,2.0,16.0,163.0,82.3,56.0,0.0,0.0,9.0,3.0,8.0,155.0,82.1,44.0,0.0,61.5,16.4,88.0,1014.9,0.0,12.6,7.8,240.3,SW,12.12,10.25,12.53,night
632535,2021-09-11,2021,TEX,2021-09-11 13:07:00,13.0,6,8,14,6,13,4,20,261,83.8,6,60,0.1,0.3,3.0,5.0,2.0,9.0,132.0,83.9,51.0,0.3333,3.0,8.0,2.0,11.0,129.0,83.7,45.0,0.2727,69.0,20.5,63.3,1016.2,0.0,13.2,8.2,259.7,W,10.83,7.61,12.74,day
632553,2021-09-12,2021,TEX,2021-09-12 13:07:00,13.0,3,4,7,2,13,3,16,276,81.9,1,54,0.0185,0.125,2.0,2.0,1.0,5.0,110.0,81.5,41.0,0.4,0.0,11.0,2.0,11.0,166.0,82.1,70.0,0.0,75.1,23.9,49.0,1013.7,0.0,10.8,6.7,270.0,W,7.66,4.58,9.82,day
632412,2021-09-20,2021,SEA,2021-09-20 18:40:00,18.0,2,4,6,0,15,2,17,261,79.0,4,53,0.0755,0.0,0.0,10.0,1.0,7.0,124.0,77.0,48.0,0.0,0.0,5.0,1.0,10.0,137.0,80.8,51.0,0.0,74.7,23.7,50.0,1012.7,0.0,5.1,3.2,325.3,NW,-0.92,-2.59,0.87,night
632401,2021-09-21,2021,SEA,2021-09-21 18:40:00,18.0,2,5,7,3,16,4,15,301,82.6,5,52,0.0962,0.2,2.0,5.0,1.0,6.0,149.0,82.0,52.0,0.3333,1.0,11.0,2.0,9.0,152.0,83.3,46.0,0.1111,71.2,21.8,56.0,1017.1,0.0,11.7,7.3,312.3,NW,0.55,-3.5,4.52,night
632383,2021-09-22,2021,SEA,2021-09-22 18:40:00,18.0,1,4,5,3,17,6,13,275,80.5,3,49,0.0612,0.2308,1.0,9.0,2.0,4.0,123.0,81.3,44.0,0.25,2.0,8.0,4.0,9.0,152.0,79.8,53.0,0.2222,63.1,17.3,83.0,1016.1,0.0,11.3,7.0,263.0,W,8.88,5.97,10.72,night
632368,2021-09-23,2021,SEA,2021-09-23 12:37:00,12.0,5,6,11,5,23,9,13,304,81.1,7,44,0.1591,0.3846,2.0,11.0,7.0,6.0,155.0,83.1,41.0,0.3333,3.0,12.0,2.0,7.0,149.0,79.4,48.0,0.4286,81.8,27.7,36.0,1012.1,0.0,7.7,4.8,284.0,W,3.95,1.46,5.96,day
632356,2021-09-24,2021,HOU,2021-09-24 18:40:00,18.0,14,2,16,2,22,12,16,331,82.2,2,43,0.0465,0.125,1.0,11.0,6.0,14.0,185.0,82.9,52.0,0.0714,1.0,11.0,6.0,2.0,146.0,81.2,37.0,0.5,61.3,16.3,86.7,1012.3,0.0,12.0,7.4,280.0,W,6.86,3.1,9.8,night
632342,2021-09-25,2021,HOU,2021-09-25 13:07:00,13.0,2,1,3,1,16,7,10,248,85.7,2,45,0.0444,0.1,0.0,7.0,6.0,7.0,135.0,88.5,34.0,0.0,1.0,9.0,1.0,3.0,113.0,83.2,38.0,0.3333,65.7,18.7,70.7,1014.9,0.0,15.5,9.6,272.7,W,10.44,5.89,13.73,day
632324,2021-09-26,2021,HOU,2021-09-26 13:07:00,13.0,4,3,7,1,15,7,18,319,80.3,3,55,0.0545,0.0556,0.0,8.0,2.0,9.0,149.0,81.7,47.0,0.0,1.0,7.0,3.0,9.0,170.0,79.1,52.0,0.1111,63.9,17.7,69.7,1016.6,0.0,18.8,11.7,260.0,W,15.37,10.76,18.13,day
662407,2022-04-18,2022,BAL,2022-04-18 18:40:00,18.0,5,1,6,0,14,6,12,282,83.3,1,49,0.0204,0.0,0.0,4.0,3.0,5.0,139.0,84.6,50.0,0.0,0.0,10.0,3.0,7.0,143.0,81.8,45.0,0.0,58.1,14.5,75.7,1016.1,0.6,14.0,8.7,218.2,SW,13.87,13.6,12.47,night
662406,2022-04-19,2022,BAL,2022-04-19 18:40:00,18.0,2,1,3,0,15,8,15,288,82.7,3,50,0.06,0.0,0.0,7.0,5.0,7.0,129.0,80.5,39.0,0.0,0.0,8.0,3.0,8.0,159.0,84.2,55.0,0.0,54.1,12.3,82.0,1015.3,0.0,13.8,8.6,276.3,W,8.62,4.42,11.79,night
662392,2022-04-20,2022,BAL,2022-04-20 15:07:00,15.0,0,1,1,0,18,2,12,270,81.2,2,46,0.0435,0.0,0.0,11.0,1.0,7.0,143.0,78.3,51.0,0.0,0.0,7.0,1.0,5.0,127.0,84.8,41.0,0.0,62.9,17.2,54.3,1013.5,0.0,20.9,13.0,218.3,SW,20.73,20.3,18.65,day
662391,2022-04-21,2022,BAL,2022-04-21 12:37:00,12.0,6,4,10,2,16,1,18,260,83.3,5,51,0.098,0.1111,2.0,7.0,0.0,11.0,127.0,83.5,45.0,0.1818,0.0,9.0,1.0,7.0,133.0,83.0,40.0,0.0,57.9,14.4,73.0,1013.7,2.2,17.5,10.9,226.3,SW,17.46,16.27,16.55,day
662390,2022-04-22,2022,TEX,2022-04-22 18:40:00,18.0,1,8,9,2,19,8,11,309,83.1,4,45,0.0889,0.1818,0.0,10.0,3.0,2.0,130.0,81.3,35.0,0.0,2.0,9.0,5.0,9.0,179.0,84.4,50.0,0.2222,54.6,12.5,78.0,1020.7,0.0,15.9,9.9,270.7,W,11.09,6.54,14.3,night
662389,2022-04-23,2022,TEX,2022-04-23 13:07:00,13.0,0,2,2,0,17,3,8,239,84.4,0,43,0.0,0.0,0.0,8.0,2.0,3.0,127.0,83.2,40.0,0.0,0.0,9.0,1.0,5.0,112.0,85.8,35.0,0.0,61.7,16.5,74.7,1022.1,0.0,16.0,9.9,263.3,W,12.55,8.4,15.19,day
662388,2022-04-24,2022,TEX,2022-04-24 13:07:00,13.0,2,0,2,1,16,8,9,284,83.7,2,43,0.0465,0.1111,1.0,9.0,5.0,5.0,148.0,85.1,34.0,0.2,0.0,7.0,2.0,4.0,136.0,82.5,43.0,0.0,62.1,16.7,73.3,1019.9,0.0,10.2,6.3,243.7,SW,9.63,7.94,10.16,day
662405,2022-04-29,2022,CLE,2022-04-29 18:40:00,18.0,8,9,17,4,20,6,21,317,82.2,5,53,0.0943,0.1905,1.0,9.0,1.0,10.0,144.0,79.4,53.0,0.1,3.0,11.0,5.0,11.0,173.0,85.1,52.0,0.2727,58.8,14.9,76.7,1017.1,0.0,9.2,5.7,231.4,SW,9.18,8.27,8.97,night
662393,2022-04-30,2022,CLE,2022-04-30 13:07:00,13.0,1,3,4,1,14,4,17,273,81.8,6,53,0.1132,0.0588,1.0,7.0,1.0,8.0,128.0,82.8,49.0,0.125,0.0,7.0,3.0,9.0,145.0,81.0,56.0,0.0,64.5,18.0,73.3,1016.4,0.0,25.2,15.7,263.0,W,19.86,13.35,23.97,day
662397,2022-05-01,2022,CLE,2022-05-01 13:07:00,13.0,3,7,10,0,16,9,15,317,83.0,4,54,0.0741,0.0,0.0,10.0,3.0,6.0,143.0,84.2,44.0,0.0,0.0,6.0,6.0,9.0,174.0,81.9,55.0,0.0,63.9,17.7,55.7,1013.4,0.0,19.5,12.1,257.0,W,16.51,11.98,19.04,day
662387,2022-05-02,2022,TB,2022-05-02 18:40:00,18.0,1,6,7,1,17,1,14,269,82.5,2,51,0.0392,0.0714,0.0,9.0,1.0,2.0,126.0,79.4,44.0,0.0,1.0,8.0,0.0,12.0,143.0,85.5,46.0,0.0833,57.9,14.4,69.3,1014.4,0.0,10.2,6.4,242.4,SW,9.77,8.13,10.22,night
662386,2022-05-03,2022,TB,2022-05-03 18:40:00,18.0,7,10,17,3,16,6,24,305,81.9,3,63,0.0476,0.125,1.0,8.0,3.0,10.0,148.0,80.8,48.0,0.1,2.0,8.0,2.0,14.0,157.0,83.0,51.0,0.1429,59.3,15.2,72.7,1013.5,0.0,8.6,5.3,224.2,SW,8.57,8.09,8.01,night
662382,2022-05-04,2022,TB,2022-05-04 12:37:00,12.0,0,3,3,0,16,4,10,244,81.0,1,48,0.0208,0.0,0.0,9.0,1.0,4.0,90.0,81.7,32.0,0.0,0.0,7.0,3.0,6.0,154.0,80.6,56.0,0.0,69.0,20.6,59.3,1014.4,0.0,10.8,6.7,259.7,W,8.85,6.23,10.42,day
662412,2022-05-10,2022,DET,2022-05-10 10:10:00,10.0,0,6,6,1,12,7,16,270,82.0,5,54,0.0926,0.0625,0.0,6.0,3.0,4.0,115.0,84.1,42.0,0.0,1.0,6.0,4.0,12.0,155.0,80.6,61.0,0.0833,55.1,12.8,47.3,1021.8,0.0,15.0,9.3,263.7,W,11.71,7.8,14.21,day
662381,2022-05-13,2022,LAA,2022-05-13 18:40:00,18.0,0,2,2,1,14,2,8,246,83.2,1,47,0.0213,0.125,0.0,6.0,2.0,2.0,120.0,79.9,42.0,0.0,1.0,8.0,0.0,6.0,126.0,86.5,42.0,0.1667,63.9,17.7,71.3,1019.7,0.0,13.4,8.3,256.3,W,11.42,8.35,13.11,night
662379,2022-05-14,2022,LAA,2022-05-14 13:07:00,13.0,4,3,7,1,9,13,13,292,78.9,1,53,0.0189,0.0769,1.0,4.0,7.0,5.0,144.0,80.2,45.0,0.2,0.0,5.0,4.0,8.0,148.0,77.8,50.0,0.0,72.1,22.3,54.3,1017.4,0.0,14.9,9.3,251.3,W,13.35,10.29,14.81,day
662399,2022-05-14,2022,LAA,2022-05-14 18:40:00,18.0,1,9,10,2,10,7,16,293,82.0,3,55,0.0545,0.125,0.0,4.0,2.0,7.0,128.0,81.8,47.0,0.0,2.0,6.0,5.0,9.0,165.0,82.2,56.0,0.2222,64.8,18.2,69.3,1015.1,0.0,8.5,5.3,217.1,SW,8.42,8.31,7.51,night
662380,2022-05-15,2022,LAA,2022-05-15 13:07:00,13.0,1,4,5,1,19,5,14,301,81.1,2,49,0.0408,0.0714,0.0,4.0,4.0,5.0,145.0,78.0,49.0,0.0,1.0,15.0,0.0,9.0,156.0,84.2,47.0,0.1111,66.7,19.3,68.7,1015.7,0.0,21.3,13.2,246.7,SW,19.76,15.89,21.26,day
662378,2022-05-16,2022,MIN,2022-05-16 18:40:00,18.0,1,3,4,1,13,5,12,284,80.6,2,52,0.0385,0.0833,0.0,6.0,2.0,4.0,132.0,81.0,39.0,0.0,1.0,7.0,3.0,8.0,152.0,80.3,46.0,0.125,55.3,12.9,84.7,1016.2,0.0,16.6,10.3,224.7,SW,16.6,15.63,15.57,night
662370,2022-05-17,2022,MIN,2022-05-17 18:40:00,18.0,5,2,7,3,16,7,18,304,81.9,3,52,0.0577,0.1667,1.0,6.0,4.0,11.0,148.0,80.6,56.0,0.0909,2.0,10.0,3.0,7.0,156.0,83.4,49.0,0.2857,57.9,14.4,77.7,1016.1,0.0,11.3,7.0,211.0,SW,10.93,11.2,9.34,night
662377,2022-05-18,2022,MIN,2022-05-18 12:37:00,12.0,4,14,18,0,15,10,26,326,82.0,4,63,0.0635,0.0,0.0,8.0,0.0,12.0,139.0,83.2,51.0,0.0,0.0,7.0,10.0,14.0,187.0,80.8,56.0,0.0,73.9,23.3,44.3,1017.2,0.0,8.9,5.5,249.7,W,8.06,6.31,8.84,day
662376,2022-05-26,2022,TEX,2022-05-26 18:40:00,18.0,1,4,5,1,21,5,12,254,80.8,2,44,0.0455,0.0833,0.0,6.0,3.0,5.0,123.0,80.9,36.0,0.0,1.0,15.0,2.0,7.0,131.0,80.7,46.0,0.1429,58.1,14.5,83.0,1013.2,0.0,17.4,10.8,263.7,W,13.61,9.07,16.52,night
662369,2022-05-27,2022,TEX,2022-05-27 18:40:00,18.0,5,8,13,2,17,4,18,269,80.5,5,51,0.098,0.1111,2.0,9.0,3.0,5.0,125.0,81.0,44.0,0.4,0.0,8.0,1.0,13.0,144.0,80.1,57.0,0.0,56.8,13.8,87.0,1016.0,0.0,19.1,11.9,268.3,W,13.89,8.57,17.54,night
662375,2022-05-28,2022,TEX,2022-05-28 13:07:00,13.0,4,11,15,4,11,6,28,323,82.7,7,70,0.1,0.1429,1.0,8.0,2.0,10.0,139.0,85.3,52.0,0.1,3.0,3.0,3.0,18.0,184.0,80.7,69.0,0.1667,61.5,16.4,68.7,1014.9,0.0,19.7,12.2,264.7,W,15.14,9.93,18.52,day
662374,2022-05-29,2022,TEX,2022-05-29 13:07:00,13.0,6,5,11,2,11,9,21,317,80.1,2,66,0.0303,0.0952,0.0,7.0,5.0,14.0,181.0,79.9,59.0,0.0,2.0,4.0,2.0,7.0,136.0,80.3,48.0,0.2857,67.8,19.9,46.0,1014.0,0.0,21.8,13.5,254.0,W,19.04,14.28,21.5,day
662373,2022-05-30,2022,HOU,2022-05-30 13:07:00,13.0,1,5,6,3,14,5,8,262,84.0,2,47,0.0426,0.375,0.0,7.0,3.0,2.0,114.0,88.6,39.0,0.0,3.0,7.0,2.0,6.0,148.0,80.3,49.0,0.5,67.7,19.8,39.7,1012.9,0.0,19.0,11.8,258.0,W,15.91,11.41,18.48,day
662367,2022-05-31,2022,HOU,2022-05-31 18:40:00,18.0,1,3,4,1,16,9,15,301,82.7,1,50,0.02,0.0667,0.0,7.0,5.0,8.0,154.0,81.0,53.0,0.0,1.0,9.0,4.0,7.0,147.0,84.8,42.0,0.1429,67.4,19.7,49.3,1011.9,0.0,14.0,8.7,245.6,SW,13.14,10.66,14.03,night
662366,2022-06-01,2022,HOU,2022-06-01 12:37:00,12.0,4,5,9,1,11,7,15,277,82.6,4,55,0.0727,0.0667,1.0,8.0,2.0,4.0,123.0,82.3,41.0,0.25,0.0,3.0,5.0,11.0,154.0,82.9,56.0,0.0,69.8,21.0,52.0,1013.0,0.0,10.8,6.7,250.7,W,9.73,7.55,10.75,day
662365,2022-06-03,2022,BOS,2022-06-03 18:40:00,18.0,2,7,9,1,17,10,16,315,82.6,5,50,0.1,0.0625,0.0,12.0,4.0,6.0,150.0,82.7,43.0,0.0,1.0,5.0,4.0,10.0,165.0,82.6,53.0,0.1,58.8,14.9,89.3,1011.9,0.0,13.3,8.3,253.7,W,11.67,8.78,13.15,night
662364,2022-06-04,2022,BOS,2022-06-04 13:07:00,13.0,0,8,8,0,18,6,18,290,82.1,0,51,0.0,0.0,0.0,10.0,2.0,4.0,125.0,81.6,40.0,0.0,0.0,8.0,4.0,14.0,165.0,82.4,58.0,0.0,67.4,19.7,46.3,1014.3,0.0,12.0,7.5,269.0,W,8.66,5.27,10.99,day
662363,2022-06-05,2022,BOS,2022-06-05 13:07:00,13.0,2,5,7,2,19,2,14,280,81.0,1,50,0.02,0.1429,0.0,9.0,1.0,7.0,135.0,82.3,47.0,0.0,2.0,10.0,1.0,7.0,145.0,79.8,56.0,0.2857,67.3,19.6,82.7,1014.5,0.2,14.1,8.8,242.3,SW,13.46,11.22,14.08,day
662362,2022-06-17,2022,KC,2022-06-17 18:40:00,18.0,1,5,6,1,24,10,16,334,81.5,2,45,0.0444,0.0625,0.0,16.0,5.0,5.0,169.0,80.2,49.0,0.0,1.0,8.0,5.0,11.0,165.0,82.8,52.0,0.0909,59.2,15.1,72.0,1012.9,0.1,16.8,10.4,265.3,W,12.78,8.3,15.72,night
662368,2022-06-18,2022,KC,2022-06-18 13:07:00,13.0,0,2,2,0,19,7,9,278,79.3,0,43,0.0,0.0,0.0,7.0,3.0,2.0,120.0,78.6,35.0,0.0,0.0,12.0,4.0,7.0,158.0,79.9,40.0,0.0,67.8,19.9,44.0,1015.3,0.0,20.9,13.0,255.0,W,18.1,13.43,20.58,day
662361,2022-06-19,2022,KC,2022-06-19 13:07:00,13.0,4,0,4,2,9,6,12,252,79.5,2,54,0.037,0.1667,2.0,5.0,0.0,9.0,110.0,77.0,46.0,0.2222,0.0,4.0,6.0,3.0,142.0,82.4,40.0,0.0,73.0,22.8,43.0,1018.1,0.0,18.8,11.7,263.7,W,14.7,9.79,17.84,day
662360,2022-06-21,2022,SEA,2022-06-21 18:40:00,18.0,2,8,10,5,13,7,19,294,82.4,5,56,0.0893,0.2632,1.0,4.0,1.0,7.0,130.0,82.1,59.0,0.1429,4.0,9.0,5.0,12.0,164.0,82.7,59.0,0.3333,88.5,31.4,26.3,1009.1,0.0,15.2,9.4,286.9,W,7.15,2.14,11.31,night
662359,2022-06-22,2022,SEA,2022-06-22 18:40:00,18.0,0,9,9,2,16,6,20,324,83.8,6,58,0.1034,0.1,0.0,7.0,1.0,7.0,136.0,82.9,49.0,0.0,2.0,9.0,5.0,13.0,188.0,84.6,56.0,0.1538,64.2,17.9,73.3,1011.5,0.0,11.4,7.1,305.0,NW,1.97,-1.99,5.69,night
662358,2022-06-23,2022,SEA,2022-06-23 12:37:00,12.0,1,2,3,0,21,8,7,268,80.5,2,39,0.0513,0.0,0.0,12.0,2.0,5.0,129.0,81.7,35.0,0.0,0.0,9.0,6.0,2.0,139.0,79.5,47.0,0.0,71.1,21.7,53.3,1012.0,0.0,14.3,8.9,285.0,W,7.13,2.48,10.93,day
662355,2022-07-04,2022,TOR,2022-07-04 18:07:00,18.0,5,1,6,2,10,2,12,241,83.0,4,52,0.0769,0.1667,2.0,6.0,2.0,7.0,130.0,81.4,47.0,0.2857,0.0,4.0,0.0,5.0,111.0,84.7,42.0,0.0,65.2,18.4,82.0,1014.1,0.0,13.8,8.6,280.3,W,7.83,3.49,11.23,night
662354,2022-07-05,2022,TOR,2022-07-05 18:40:00,18.0,5,3,8,3,14,8,14,268,83.5,5,46,0.1087,0.2143,1.0,5.0,8.0,4.0,142.0,81.8,39.0,0.25,2.0,9.0,0.0,10.0,126.0,85.0,45.0,0.2,62.6,17.0,85.7,1013.3,0.0,17.4,10.8,269.0,W,12.52,7.63,15.9,night
662353,2022-07-06,2022,TOR,2022-07-06 12:37:00,12.0,1,2,3,3,12,5,12,260,81.7,4,52,0.0769,0.25,1.0,8.0,1.0,4.0,118.0,80.7,46.0,0.25,2.0,4.0,4.0,8.0,142.0,82.6,50.0,0.25,68.5,20.3,66.7,1015.2,0.0,16.5,10.2,259.3,W,13.6,9.6,15.95,day
662352,2022-07-08,2022,HOU,2022-07-08 18:40:00,18.0,3,8,11,3,17,4,18,286,83.3,3,55,0.0545,0.1667,1.0,4.0,1.0,4.0,107.0,81.9,50.0,0.25,2.0,13.0,3.0,14.0,179.0,84.7,56.0,0.1429,60.9,16.1,84.3,1017.1,0.0,18.2,11.3,245.0,SW,17.07,13.92,18.17,night
662351,2022-07-09,2022,HOU,2022-07-09 13:07:00,13.0,3,2,5,0,8,4,9,233,81.9,2,51,0.0392,0.0,0.0,3.0,2.0,4.0,96.0,85.1,33.0,0.0,0.0,5.0,2.0,5.0,137.0,80.0,55.0,0.0,65.7,18.7,72.3,1021.3,0.0,18.4,11.4,252.3,W,16.35,12.47,18.25,day
662215,2022-07-10,2022,HOU,2022-07-10 13:07:00,13.0,1,6,7,2,14,4,14,262,82.9,1,52,0.0192,0.1429,1.0,10.0,1.0,5.0,131.0,83.0,47.0,0.2,1.0,4.0,3.0,9.0,131.0,82.9,51.0,0.1111,71.2,21.8,59.0,1017.5,0.0,13.8,8.6,270.0,W,9.76,5.83,12.51,day
662408,2022-07-21,2022,DET,2022-07-21 12:42:00,12.0,5,0,5,1,19,4,15,284,78.8,3,44,0.0682,0.0667,1.0,7.0,2.0,10.0,148.0,78.7,57.0,0.1,0.0,12.0,2.0,5.0,136.0,78.9,37.0,0.0,64.0,17.8,69.0,1016.5,0.0,14.6,9.1,239.7,SW,14.09,11.98,14.5,day
662411,2022-07-21,2022,DET,2022-07-21 12:37:00,12.0,2,7,9,2,22,7,15,314,79.9,3,48,0.0625,0.1333,1.0,13.0,3.0,5.0,147.0,81.2,47.0,0.2,1.0,9.0,4.0,10.0,167.0,79.0,63.0,0.1,64.0,17.8,69.0,1016.5,0.0,14.6,9.1,239.7,SW,14.09,11.98,14.5,day
662344,2022-07-22,2022,TEX,2022-07-22 18:40:00,18.0,5,4,9,3,16,7,16,270,84.6,4,51,0.0784,0.1875,2.0,6.0,5.0,9.0,145.0,83.3,49.0,0.2222,1.0,10.0,2.0,7.0,125.0,86.2,39.0,0.1429,60.6,15.9,78.3,1012.9,0.0,15.2,9.4,238.3,SW,14.79,12.7,15.1,night
662348,2022-07-23,2022,TEX,2022-07-23 18:07:00,18.0,3,1,4,0,14,7,13,310,80.5,2,49,0.0408,0.0,0.0,6.0,4.0,6.0,143.0,81.7,47.0,0.0,0.0,8.0,3.0,7.0,167.0,79.5,55.0,0.0,60.9,16.0,78.7,1011.0,0.0,10.7,6.7,245.3,SW,10.06,8.18,10.73,night
662343,2022-07-24,2022,TEX,2022-07-24 13:07:00,13.0,8,11,19,6,15,7,28,316,83.4,7,67,0.1045,0.2143,4.0,7.0,4.0,12.0,153.0,82.2,48.0,0.3333,2.0,8.0,3.0,16.0,163.0,84.4,55.0,0.125,68.0,20.0,62.7,1011.9,0.0,17.8,11.0,260.7,W,14.43,10.02,17.11,day
662347,2022-07-25,2022,HOU,2022-07-25 18:40:00,18.0,7,5,12,4,13,4,17,251,81.3,7,53,0.1321,0.2353,2.0,6.0,1.0,10.0,123.0,80.9,51.0,0.2,2.0,7.0,3.0,7.0,128.0,81.8,41.0,0.2857,61.3,16.3,80.7,1011.4,0.0,17.3,10.8,262.3,W,13.78,9.36,16.55,night
662346,2022-07-26,2022,HOU,2022-07-26 18:40:00,18.0,5,3,8,2,19,7,13,286,82.3,3,44,0.0682,0.1538,1.0,11.0,4.0,6.0,155.0,80.1,41.0,0.1667,1.0,8.0,1.0,7.0,131.0,84.2,49.0,0.1429,62.1,16.7,78.7,1013.8,0.0,16.3,10.1,265.7,W,12.34,7.97,15.22,night
662345,2022-07-27,2022,HOU,2022-07-27 12:37:00,12.0,4,2,6,3,16,3,13,256,80.8,3,48,0.0625,0.2308,2.0,11.0,1.0,8.0,137.0,80.8,45.0,0.25,1.0,5.0,1.0,5.0,119.0,80.8,50.0,0.2,66.9,19.4,67.3,1015.5,0.0,18.2,11.3,267.3,W,13.43,8.44,16.8,day
662308,2022-08-06,2022,SF,2022-08-06 16:07:00,16.0,3,7,10,4,12,7,21,320,82.4,6,63,0.0952,0.1905,1.0,8.0,1.0,10.0,167.0,80.5,53.0,0.1,3.0,4.0,6.0,11.0,153.0,84.4,51.0,0.2727,67.5,19.7,69.0,1014.8,0.0,17.7,11.0,266.7,W,13.2,8.38,16.42,day
662332,2022-08-07,2022,SF,2022-08-07 13:07:00,13.0,4,6,10,4,17,9,18,311,81.1,5,55,0.0909,0.2222,1.0,6.0,4.0,9.0,153.0,84.3,53.0,0.1111,3.0,11.0,3.0,9.0,158.0,77.6,47.0,0.3333,68.6,20.3,66.7,1016.3,0.0,19.3,12.0,265.0,W,14.78,9.65,18.14,day
662331,2022-08-08,2022,LAA,2022-08-08 18:40:00,18.0,0,1,1,1,15,2,7,221,81.5,1,44,0.0227,0.1429,0.0,8.0,2.0,2.0,112.0,82.5,44.0,0.0,1.0,7.0,0.0,5.0,109.0,80.4,42.0,0.2,64.6,18.1,84.7,1013.9,0.0,16.9,10.5,255.7,W,14.51,10.69,16.58,night
662330,2022-08-09,2022,LAA,2022-08-09 18:40:00,18.0,1,5,6,3,17,9,16,303,82.0,5,52,0.0962,0.1875,1.0,9.0,4.0,6.0,141.0,78.9,45.0,0.1667,2.0,8.0,5.0,10.0,162.0,84.1,63.0,0.2,64.9,18.3,83.0,1014.7,0.0,17.4,10.8,261.0,W,14.05,9.71,16.69,night
662316,2022-08-10,2022,LAA,2022-08-10 12:37:00,12.0,4,5,9,1,18,7,13,340,80.9,3,63,0.0476,0.0769,0.0,7.0,5.0,7.0,171.0,81.0,52.0,0.0,1.0,11.0,0.0,6.0,169.0,80.9,55.0,0.1667,71.6,22.0,63.3,1018.5,0.0,15.9,9.9,264.3,W,12.32,8.13,15.03,day
662341,2022-08-19,2022,SEA,2022-08-19 18:40:00,18.0,2,10,12,2,10,5,20,274,81.4,4,63,0.0635,0.1,0.0,5.0,2.0,6.0,120.0,79.7,43.0,0.0,2.0,5.0,3.0,14.0,154.0,82.8,57.0,0.1429,64.2,17.9,80.3,1008.3,0.0,13.7,8.5,213.7,SW,13.43,13.54,11.7,night
662340,2022-08-20,2022,SEA,2022-08-20 16:15:00,16.0,4,3,7,0,17,8,15,292,80.2,0,55,0.0,0.0,0.0,10.0,3.0,8.0,145.0,79.3,43.0,0.0,0.0,7.0,4.0,7.0,147.0,80.9,52.0,0.0,68.8,20.5,67.3,1009.0,0.0,13.0,8.1,269.3,W,9.3,5.63,11.85,day
662315,2022-08-21,2022,SEA,2022-08-21 13:07:00,13.0,5,3,8,1,15,5,21,313,81.7,6,52,0.1154,0.0476,0.0,9.0,1.0,12.0,142.0,80.8,51.0,0.0,1.0,6.0,4.0,9.0,171.0,82.6,55.0,0.1111,69.0,20.5,63.7,1016.0,0.0,19.5,12.1,269.3,W,13.92,8.43,17.74,day
662314,2022-08-22,2022,MIA,2022-08-22 18:40:00,18.0,0,3,3,1,13,9,10,289,83.9,6,49,0.1224,0.1,0.0,8.0,3.0,3.0,116.0,79.9,29.0,0.0,1.0,5.0,6.0,7.0,173.0,85.8,61.0,0.1429,67.3,19.6,82.0,1013.9,0.0,14.6,9.1,227.3,SW,14.59,13.51,13.91,night
662339,2022-08-23,2022,MIA,2022-08-23 18:40:00,18.0,3,5,8,1,15,4,16,274,79.2,1,53,0.0189,0.0625,0.0,5.0,3.0,8.0,137.0,79.2,51.0,0.0,1.0,10.0,1.0,8.0,137.0,79.2,49.0,0.125,67.8,19.9,75.7,1007.7,0.0,9.5,5.9,213.7,SW,9.35,9.42,8.14,night
662338,2022-08-24,2022,MIA,2022-08-24 12:37:00,12.0,3,2,5,1,21,4,9,270,79.6,0,46,0.0,0.1111,0.0,7.0,2.0,4.0,134.0,77.8,46.0,0.0,1.0,14.0,2.0,5.0,136.0,81.6,41.0,0.2,67.8,19.9,71.3,1010.6,0.0,16.3,10.1,249.7,W,14.81,11.59,16.25,day
662337,2022-08-25,2022,NYY,2022-08-25 18:40:00,18.0,4,13,17,1,13,8,28,361,83.0,2,69,0.029,0.0357,1.0,6.0,2.0,8.0,160.0,80.7,56.0,0.125,0.0,7.0,6.0,20.0,201.0,84.8,70.0,0.0,60.8,16.0,91.0,1013.9,0.0,15.6,9.7,254.3,W,13.57,10.14,15.36,night
662342,2022-08-26,2022,NYY,2022-08-26 18:40:00,18.0,2,3,5,2,18,8,14,276,85.3,3,47,0.0638,0.1429,1.0,14.0,2.0,5.0,136.0,83.1,38.0,0.2,1.0,4.0,5.0,9.0,140.0,87.1,49.0,0.1111,64.0,17.8,91.3,1011.7,0.0,13.4,8.3,269.0,W,9.62,5.86,12.21,night
662336,2022-08-27,2022,NYY,2022-08-27 18:07:00,18.0,3,2,5,1,13,4,8,273,79.9,2,58,0.0345,0.125,1.0,8.0,1.0,6.0,134.0,78.3,53.0,0.1667,0.0,5.0,2.0,2.0,139.0,81.4,55.0,0.0,61.0,16.1,87.3,1008.7,0.0,16.1,10.0,241.3,SW,15.45,12.97,16.07,night
662335,2022-08-28,2022,NYY,2022-08-28 13:07:00,13.0,4,1,5,0,20,6,12,307,81.1,0,41,0.0,0.0,0.0,11.0,3.0,8.0,148.0,80.1,51.0,0.0,0.0,9.0,3.0,4.0,159.0,82.2,48.0,0.0,69.0,20.6,61.3,1009.8,0.0,16.1,10.0,270.3,W,11.34,6.73,14.58,day
662313,2022-09-06,2022,ATL,2022-09-06 18:40:00,18.0,9,10,19,4,19,8,22,315,82.0,4,54,0.0741,0.1818,3.0,13.0,3.0,9.0,166.0,82.1,53.0,0.3333,1.0,6.0,5.0,13.0,149.0,81.8,55.0,0.0769,73.3,22.9,53.7,1008.9,0.0,12.4,7.7,322.0,NW,-1.5,-5.61,2.79,night
662312,2022-09-07,2022,ATL,2022-09-07 12:37:00,12.0,3,7,10,3,21,5,13,317,82.6,5,45,0.1111,0.2308,1.0,16.0,4.0,3.0,155.0,81.0,41.0,0.3333,2.0,5.0,1.0,10.0,162.0,83.7,67.0,0.2,80.2,26.8,45.3,1013.8,0.0,12.7,7.9,290.0,W,5.38,1.11,9.0,day
662334,2022-09-08,2022,CWS,2022-09-08 18:40:00,18.0,2,14,16,5,20,5,27,343,84.4,11,60,0.1833,0.1852,0.0,13.0,2.0,6.0,148.0,84.2,49.0,0.0,5.0,7.0,3.0,21.0,195.0,84.4,79.0,0.2381,78.5,25.8,45.0,1003.4,0.0,3.2,2.0,262.1,W,2.58,1.76,3.09,night
662333,2022-09-09,2022,CWS,2022-09-09 18:40:00,18.0,3,5,8,1,18,4,13,276,85.4,2,49,0.0408,0.0769,0.0,10.0,3.0,6.0,135.0,86.2,33.0,0.0,1.0,8.0,1.0,7.0,141.0,84.7,46.0,0.1429,68.2,20.1,74.3,1000.4,0.0,9.2,5.7,247.3,SW,8.51,6.8,9.19,night
662322,2022-09-10,2022,CWS,2022-09-10 13:07:00,13.0,2,10,12,1,15,5,23,351,80.8,2,62,0.0323,0.0435,0.0,9.0,1.0,3.0,153.0,76.4,51.0,0.0,1.0,6.0,4.0,20.0,198.0,83.7,79.0,0.05,72.9,22.7,63.0,1011.5,0.0,18.0,11.2,267.0,W,13.4,8.47,16.72,day
662323,2022-09-11,2022,CWS,2022-09-11 13:07:00,13.0,10,3,13,2,14,4,18,266,82.3,4,54,0.0741,0.1111,2.0,5.0,2.0,14.0,148.0,83.3,52.0,0.1429,0.0,9.0,2.0,4.0,118.0,81.0,38.0,0.0,76.5,24.7,40.7,1015.9,0.0,11.3,7.0,257.3,W,9.58,6.93,11.07,day
662321,2022-09-20,2022,SEA,2022-09-20 18:40:00,18.0,4,1,5,1,19,9,8,271,82.3,1,39,0.0256,0.125,1.0,8.0,4.0,7.0,132.0,80.7,40.0,0.1429,0.0,11.0,5.0,1.0,139.0,83.9,39.0,0.0,65.7,18.7,73.0,1011.8,0.0,7.0,4.4,293.2,NW,2.61,0.22,4.69,night
662320,2022-09-21,2022,SEA,2022-09-21 18:40:00,18.0,2,1,3,1,15,5,10,251,79.5,1,43,0.0233,0.1,0.0,8.0,4.0,6.0,135.0,80.2,44.0,0.0,1.0,7.0,1.0,4.0,116.0,78.9,43.0,0.25,62.2,16.8,87.7,1015.2,0.0,8.9,5.5,260.3,W,7.26,5.06,8.58,night
662306,2022-09-22,2022,SEA,2022-09-22 12:37:00,12.0,5,9,14,1,13,7,20,304,81.2,2,60,0.0333,0.05,0.0,5.0,4.0,9.0,155.0,78.3,65.0,0.0,1.0,8.0,2.0,11.0,149.0,85.3,47.0,0.0909,73.6,23.1,62.7,1017.3,0.0,12.2,7.6,275.7,W,7.73,4.04,10.49,day
662305,2022-09-23,2022,NYM,2022-09-23 18:40:00,18.0,2,9,11,2,9,4,19,248,85.1,4,61,0.0656,0.1053,1.0,3.0,1.0,6.0,104.0,85.2,40.0,0.1667,1.0,6.0,2.0,13.0,144.0,85.1,50.0,0.0769,71.5,22.0,75.0,1012.5,0.0,5.0,3.1,237.1,SW,4.92,4.26,4.99,night
662311,2022-09-24,2022,NYM,2022-09-24 13:07:00,13.0,10,4,14,4,14,8,23,278,82.6,6,57,0.1053,0.1739,2.0,8.0,6.0,14.0,147.0,83.4,50.0,0.1429,2.0,6.0,2.0,9.0,131.0,81.7,45.0,0.2222,79.3,26.3,53.0,1016.0,0.0,13.4,8.3,273.0,W,8.94,5.01,11.8,day
662310,2022-09-25,2022,NYM,2022-09-25 13:07:00,13.0,4,13,17,3,14,4,27,314,81.7,4,65,0.0615,0.1111,2.0,10.0,1.0,8.0,144.0,81.1,44.0,0.25,1.0,4.0,3.0,19.0,170.0,82.0,69.0,0.0526,67.9,19.9,71.3,1016.5,0.0,12.9,8.0,269.3,W,9.23,5.59,11.75,day
662431,2022-10-03,2022,LAA,2022-10-03 18:40:00,18.0,5,4,9,0,16,8,19,320,81.9,4,62,0.0645,0.0,0.0,7.0,4.0,11.0,165.0,80.6,58.0,0.0,0.0,9.0,2.0,8.0,155.0,83.5,47.0,0.0,60.3,15.7,90.7,1015.8,0.0,10.8,6.7,247.0,SW,10.04,8.05,10.83,night
662429,2022-10-04,2022,LAA,2022-10-04 18:40:00,18.0,2,1,3,0,18,7,13,279,80.0,2,52,0.0385,0.0,0.0,10.0,5.0,6.0,141.0,77.8,40.0,0.0,0.0,8.0,0.0,7.0,138.0,81.6,53.0,0.0,61.8,16.6,89.3,1014.3,0.0,7.9,4.9,219.0,SW,7.89,7.7,7.13,night
662421,2022-10-05,2022,LAA,2022-10-05 13:00:00,13.0,3,2,5,2,12,3,10,250,81.7,2,48,0.0417,0.2,1.0,8.0,2.0,4.0,119.0,82.2,47.0,0.25,1.0,4.0,1.0,6.0,131.0,81.3,46.0,0.1667,70.9,21.6,58.7,1015.4,0.0,9.7,6.0,254.0,W,8.45,6.34,9.55,day
718769,2023-03-30,2023,LAA,2023-03-30 19:07:00,19.0,2,1,3,0,20,8,11,296,83.5,0,40,0.0,0.0,0.0,12.0,3.0,6.0,136.0,83.2,42.0,0.0,0.0,8.0,3.0,5.0,160.0,83.7,55.0,0.0,48.3,9.0,84.0,1017.8,0.0,11.2,7.0,257.3,W,9.49,6.86,10.97,night
718757,2023-04-01,2023,LAA,2023-04-01 13:07:00,13.0,1,13,14,2,12,9,16,283,83.8,3,56,0.0536,0.125,1.0,5.0,3.0,5.0,128.0,81.0,43.0,0.2,1.0,7.0,6.0,11.0,155.0,86.2,48.0,0.0909,56.5,13.6,67.0,1023.4,0.0,12.3,7.6,261.0,W,9.95,6.87,11.82,day
718734,2023-04-02,2023,LAA,2023-04-02 13:07:00,13.0,0,6,6,3,15,5,16,294,78.5,4,53,0.0755,0.1875,0.0,9.0,3.0,5.0,145.0,78.1,49.0,0.0,3.0,6.0,2.0,11.0,149.0,79.0,48.0,0.2727,54.5,12.5,60.7,1019.9,0.0,24.9,15.5,266.0,W,18.79,12.07,23.25,day
718721,2023-04-03,2023,CLE,2023-04-03 18:40:00,18.0,11,12,23,4,17,7,30,370,81.8,4,73,0.0548,0.1333,3.0,9.0,3.0,14.0,168.0,82.3,63.0,0.2143,1.0,8.0,3.0,16.0,202.0,81.4,71.0,0.0625,48.1,8.9,68.7,1019.1,0.0,23.3,14.5,295.0,NW,7.97,-0.0,14.98,night
718707,2023-04-04,2023,CLE,2023-04-04 18:40:00,18.0,4,3,7,1,20,7,14,313,79.1,4,46,0.087,0.0714,0.0,10.0,4.0,6.0,145.0,79.5,54.0,0.0,1.0,10.0,3.0,8.0,168.0,78.7,55.0,0.125,49.7,9.8,71.3,1022.0,0.0,12.3,7.6,272.3,W,8.31,4.73,10.9,night
718689,2023-04-05,2023,CLE,2023-04-05 12:37:00,12.0,4,6,10,2,15,13,13,349,80.0,4,57,0.0702,0.1538,2.0,7.0,5.0,4.0,165.0,79.7,60.0,0.5,0.0,8.0,7.0,9.0,184.0,80.4,56.0,0.0,54.3,12.4,70.0,1023.2,0.0,8.2,5.1,221.3,SW,8.22,7.9,7.54,day
718578,2023-04-14,2023,NYM,2023-04-14 18:40:00,18.0,6,17,23,4,19,21,24,409,82.5,5,58,0.0862,0.1667,3.0,12.0,4.0,13.0,163.0,81.2,44.0,0.2308,1.0,7.0,17.0,11.0,246.0,83.5,56.0,0.0909,51.6,10.9,87.3,1015.6,0.0,11.7,7.2,241.7,SW,11.18,9.36,11.65,night
718565,2023-04-15,2023,NYM,2023-04-15 13:07:00,13.0,2,3,5,2,14,5,10,290,81.5,6,49,0.1224,0.2,0.0,8.0,3.0,5.0,161.0,77.2,50.0,0.0,2.0,6.0,2.0,5.0,129.0,87.3,37.0,0.4,55.1,12.8,70.7,1021.3,0.0,15.3,9.5,259.0,W,12.68,8.99,14.85,day
718546,2023-04-16,2023,NYM,2023-04-16 13:07:00,13.0,3,4,7,3,12,14,15,327,82.7,3,60,0.05,0.2,0.0,6.0,7.0,9.0,168.0,81.3,55.0,0.0,3.0,6.0,7.0,6.0,159.0,84.4,46.0,0.5,55.8,13.2,68.7,1021.4,0.0,19.6,12.2,255.3,W,16.92,12.51,19.28,day
718536,2023-04-17,2023,CHC,2023-04-17 18:40:00,18.0,1,10,11,2,16,2,28,307,83.9,5,63,0.0794,0.0714,0.0,9.0,0.0,8.0,118.0,82.6,40.0,0.0,2.0,7.0,2.0,20.0,189.0,84.7,59.0,0.1,51.2,10.7,75.7,1014.9,0.0,17.5,10.9,259.0,W,14.51,10.29,16.98,night
718523,2023-04-18,2023,CHC,2023-04-18 18:40:00,18.0,0,4,4,0,15,10,10,339,81.7,3,49,0.0612,0.0,0.0,8.0,5.0,2.0,144.0,79.3,42.0,0.0,0.0,7.0,5.0,8.0,195.0,83.4,59.0,0.0,50.4,10.2,64.3,1018.8,0.0,16.2,10.1,271.0,W,11.25,6.59,14.56,night
718506,2023-04-19,2023,CHC,2023-04-19 12:37:00,12.0,2,12,14,1,16,10,16,335,81.1,2,51,0.0392,0.0625,0.0,8.0,3.0,5.0,129.0,79.3,50.0,0.0,1.0,8.0,7.0,11.0,206.0,82.7,57.0,0.0909,58.2,14.5,45.3,1023.6,0.0,12.4,7.7,280.3,W,7.03,3.13,10.09,day
718380,2023-04-28,2023,CIN,2023-04-28 18:40:00,18.0,7,11,18,3,11,9,27,312,81.7,4,67,0.0597,0.1111,2.0,7.0,4.0,11.0,149.0,81.9,51.0,0.1818,1.0,4.0,5.0,16.0,163.0,81.6,55.0,0.0625,54.9,12.7,88.3,1015.0,0.0,12.2,7.6,287.0,W,5.74,1.7,9.09,night
718377,2023-04-29,2023,CIN,2023-04-29 13:07:00,13.0,2,3,5,1,23,10,16,341,81.1,2,42,0.0476,0.0625,0.0,17.0,5.0,7.0,185.0,77.3,50.0,0.0,1.0,6.0,5.0,9.0,156.0,85.0,49.0,0.1111,59.8,15.4,72.3,1016.9,0.0,14.5,9.0,262.3,W,11.56,7.84,13.87,day
718357,2023-04-30,2023,CIN,2023-04-30 13:07:00,13.0,5,4,9,3,23,4,21,291,78.6,3,48,0.0625,0.1429,2.0,10.0,2.0,9.0,138.0,78.6,42.0,0.2222,1.0,13.0,1.0,12.0,153.0,78.6,53.0,0.0833,60.9,16.1,64.7,1013.5,0.0,24.4,15.2,255.7,W,20.99,15.47,23.98,day
718332,2023-05-02,2023,SEA,2023-05-02 18:40:00,18.0,1,2,3,1,25,7,6,273,82.8,1,34,0.0294,0.1667,0.0,16.0,2.0,3.0,141.0,80.1,38.0,0.0,1.0,9.0,5.0,3.0,132.0,85.4,39.0,0.3333,52.6,11.4,75.0,1009.3,0.2,8.8,5.5,146.9,SE,1.82,4.67,-1.24,night
718319,2023-05-03,2023,SEA,2023-05-03 18:40:00,18.0,2,7,9,2,21,8,17,321,79.6,2,52,0.0385,0.1176,0.0,11.0,2.0,6.0,132.0,81.7,36.0,0.0,2.0,10.0,6.0,11.0,189.0,78.4,62.0,0.1818,53.5,11.9,89.0,1009.1,3.0,3.4,2.1,177.3,S,2.27,2.98,1.28,night
718304,2023-05-04,2023,SEA,2023-05-04 12:37:00,12.0,3,5,8,2,10,8,15,290,80.4,3,57,0.0526,0.1333,1.0,4.0,1.0,8.0,123.0,77.4,53.0,0.125,1.0,6.0,7.0,7.0,167.0,83.1,57.0,0.1429,57.9,14.4,69.7,1011.8,0.0,10.8,6.7,232.7,SW,10.7,9.56,10.55,day
718217,2023-05-11,2023,TEX,2023-05-11 18:40:00,18.0,0,4,4,1,20,2,10,258,81.6,3,43,0.0698,0.1,0.0,13.0,1.0,3.0,117.0,79.4,34.0,0.0,1.0,7.0,1.0,7.0,141.0,83.4,40.0,0.1429,55.4,13.0,87.7,1016.6,0.0,12.5,7.7,243.7,SW,11.81,9.73,12.46,night
718200,2023-05-12,2023,TEX,2023-05-12 18:40:00,18.0,9,7,16,5,18,15,26,382,81.1,8,64,0.125,0.1923,4.0,7.0,6.0,14.0,198.0,83.9,64.0,0.2857,1.0,11.0,7.0,12.0,184.0,78.2,61.0,0.0833,57.3,14.1,88.3,1015.2,0.0,10.8,6.7,232.7,SW,10.67,9.53,10.52,night
718190,2023-05-13,2023,TEX,2023-05-13 13:07:00,13.0,0,5,5,2,15,3,14,237,82.7,2,49,0.0408,0.1429,0.0,5.0,2.0,5.0,107.0,82.4,42.0,0.0,2.0,10.0,1.0,9.0,130.0,83.1,47.0,0.2222,73.3,22.9,75.7,1011.0,0.0,10.9,6.8,275.7,W,6.89,3.6,9.35,day
718172,2023-05-14,2023,TEX,2023-05-14 13:07:00,13.0,3,11,14,3,21,4,18,310,80.6,3,52,0.0577,0.1667,1.0,13.0,2.0,7.0,142.0,78.1,41.0,0.1429,2.0,8.0,1.0,11.0,168.0,82.1,68.0,0.1818,69.6,20.9,67.0,1011.0,0.0,15.8,9.8,285.7,W,7.76,2.57,12.01,day
718160,2023-05-15,2023,AZ,2023-05-15 18:40:00,18.0,2,5,7,3,15,8,14,283,81.1,3,52,0.0577,0.2143,1.0,9.0,2.0,4.0,122.0,80.2,39.0,0.25,2.0,6.0,6.0,10.0,161.0,81.8,56.0,0.2,59.8,15.4,83.3,1017.5,0.0,10.0,6.2,276.0,W,6.31,3.27,8.6,night
718146,2023-05-16,2023,AZ,2023-05-16 18:40:00,18.0,9,8,17,5,29,11,27,439,82.4,6,68,0.0882,0.1852,3.0,16.0,5.0,12.0,228.0,83.5,59.0,0.25,2.0,13.0,3.0,15.0,211.0,81.5,66.0,0.1333,60.7,16.0,86.0,1014.1,0.0,8.7,5.4,243.7,SW,8.24,6.79,8.7,night
718139,2023-05-17,2023,AZ,2023-05-17 12:37:00,12.0,3,5,8,3,20,12,11,306,82.4,3,43,0.0698,0.2727,1.0,9.0,7.0,5.0,140.0,84.4,39.0,0.2,2.0,11.0,4.0,6.0,166.0,81.1,60.0,0.3333,62.7,17.0,76.7,1014.1,0.0,12.7,7.9,252.7,W,11.28,8.58,12.62,day
718009,2023-05-26,2023,HOU,2023-05-26 18:40:00,18.0,2,5,7,1,23,3,14,253,82.3,1,43,0.0233,0.0714,1.0,15.0,1.0,5.0,118.0,82.6,31.0,0.2,0.0,8.0,2.0,9.0,135.0,82.2,46.0,0.0,56.4,13.6,79.7,1013.6,0.0,16.1,10.0,263.7,W,12.57,8.37,15.25,night
718003,2023-05-27,2023,HOU,2023-05-27 13:07:00,13.0,3,6,9,1,16,7,14,304,83.7,5,51,0.098,0.0714,0.0,8.0,4.0,6.0,145.0,82.9,44.0,0.0,1.0,8.0,2.0,8.0,159.0,84.3,51.0,0.125,61.2,16.2,71.7,1014.6,0.0,17.2,10.7,254.3,W,14.99,11.21,16.97,day
717980,2023-05-28,2023,HOU,2023-05-28 13:07:00,13.0,1,10,11,8,15,8,19,300,85.9,7,53,0.1321,0.4211,1.0,7.0,5.0,6.0,150.0,85.7,40.0,0.1667,7.0,8.0,3.0,13.0,150.0,86.0,56.0,0.5385,60.6,15.9,73.0,1012.8,0.0,17.7,11.0,234.0,SW,17.48,15.48,17.37,day
717970,2023-05-29,2023,ATL,2023-05-29 17:07:00,17.0,7,2,9,2,17,6,14,290,82.7,3,46,0.0652,0.1429,1.0,6.0,4.0,8.0,135.0,80.1,37.0,0.125,1.0,11.0,2.0,6.0,155.0,84.5,51.0,0.1667,59.8,15.5,72.3,1013.5,0.0,17.8,11.1,267.3,W,13.16,8.27,16.46,night
717958,2023-05-30,2023,ATL,2023-05-30 18:40:00,18.0,2,1,3,1,12,7,9,245,84.2,3,45,0.0667,0.1111,0.0,7.0,6.0,5.0,120.0,80.9,33.0,0.0,1.0,5.0,1.0,4.0,125.0,86.8,43.0,0.25,57.1,13.9,79.3,1013.5,0.0,18.3,11.4,258.3,W,15.26,10.91,17.77,night
717949,2023-05-31,2023,ATL,2023-05-31 12:37:00,12.0,2,4,6,1,11,7,10,246,81.6,2,52,0.0385,0.1,0.0,3.0,4.0,3.0,102.0,81.8,37.0,0.0,1.0,8.0,2.0,7.0,144.0,81.5,59.0,0.1429,60.4,15.8,70.0,1012.0,0.0,16.5,10.3,238.0,SW,16.11,13.87,16.41,day
717789,2023-06-12,2023,TB,2023-06-12 18:40:00,18.0,4,3,7,1,17,5,13,268,79.8,3,44,0.0682,0.0769,0.0,8.0,2.0,6.0,124.0,76.6,40.0,0.0,1.0,9.0,3.0,7.0,144.0,82.6,45.0,0.1429,58.9,14.9,80.0,1015.3,0.0,16.6,10.3,264.7,W,12.75,8.37,15.6,night
717774,2023-06-13,2023,TB,2023-06-13 18:40:00,18.0,2,1,3,0,11,5,11,237,83.1,0,49,0.0,0.0,0.0,7.0,3.0,6.0,121.0,81.8,36.0,0.0,0.0,4.0,2.0,5.0,116.0,84.1,45.0,0.0,58.9,15.0,82.0,1014.6,0.0,16.5,10.3,264.7,W,12.73,8.35,15.57,night
717761,2023-06-14,2023,TB,2023-06-14 18:40:00,18.0,3,6,9,1,21,9,20,310,82.6,2,46,0.0435,0.05,1.0,11.0,4.0,7.0,144.0,78.9,36.0,0.1429,0.0,10.0,5.0,13.0,166.0,85.1,54.0,0.0,58.6,14.8,86.3,1010.3,0.0,14.4,8.9,258.3,W,12.03,8.6,14.01,night
717756,2023-06-15,2023,TB,2023-06-15 12:37:00,12.0,3,4,7,2,26,7,15,308,80.9,2,41,0.0488,0.1333,0.0,17.0,6.0,5.0,158.0,78.7,35.0,0.0,2.0,9.0,1.0,10.0,150.0,82.4,57.0,0.2,66.7,19.3,64.3,1012.0,0.0,15.9,9.9,274.0,W,10.41,5.68,13.88,day
717735,2023-06-16,2023,PHI,2023-06-16 18:40:00,18.0,1,6,7,3,20,1,14,253,83.0,4,45,0.0889,0.2143,0.0,10.0,0.0,7.0,110.0,83.8,39.0,0.0,3.0,10.0,1.0,7.0,143.0,82.3,52.0,0.4286,60.2,15.7,84.0,1014.8,0.0,17.1,10.6,266.0,W,12.91,8.29,15.96,night
717725,2023-06-17,2023,PHI,2023-06-17 13:07:00,13.0,2,3,5,1,26,6,18,376,80.5,1,64,0.0156,0.0556,1.0,14.0,1.0,9.0,179.0,77.3,53.0,0.1111,0.0,12.0,1.0,9.0,197.0,83.1,67.0,0.0,66.3,19.0,69.7,1014.4,0.0,16.4,10.2,268.3,W,11.93,7.36,15.06,day
717705,2023-06-18,2023,PHI,2023-06-18 13:07:00,13.0,2,3,5,2,22,3,16,302,83.3,2,47,0.0426,0.125,1.0,12.0,2.0,9.0,164.0,82.5,52.0,0.1111,1.0,10.0,1.0,7.0,138.0,84.2,44.0,0.1429,69.2,20.7,55.3,1010.8,0.0,22.7,14.1,248.3,W,20.84,16.51,22.66,day
717595,2023-06-27,2023,NYY,2023-06-27 18:40:00,18.0,2,1,3,2,15,6,12,269,82.8,2,45,0.0444,0.1667,1.0,4.0,3.0,5.0,119.0,83.0,42.0,0.2,1.0,11.0,3.0,7.0,150.0,82.5,40.0,0.1429,57.8,14.3,81.7,1011.7,0.0,13.8,8.6,232.3,SW,13.69,12.26,13.46,night
717579,2023-06-28,2023,NYY,2023-06-28 18:40:00,18.0,0,11,11,1,17,5,11,277,83.1,4,49,0.0816,0.0909,0.0,9.0,0.0,0.0,99.0,83.4,34.0,,1.0,8.0,5.0,11.0,178.0,83.0,55.0,0.0909,57.9,14.4,81.7,1012.8,0.0,13.9,8.7,240.7,SW,13.42,11.32,13.89,night
717574,2023-06-29,2023,NYY,2023-06-29 12:37:00,12.0,4,10,14,2,11,8,21,325,82.4,6,62,0.0968,0.0952,0.0,6.0,4.0,8.0,156.0,81.1,58.0,0.0,2.0,5.0,4.0,13.0,169.0,83.6,63.0,0.1538,71.0,21.7,57.3,1013.3,0.0,11.0,6.9,261.7,W,8.85,6.06,10.57,day
717551,2023-06-30,2023,CWS,2023-06-30 18:40:00,18.0,7,4,11,2,13,7,20,277,86.1,4,58,0.069,0.1,1.0,6.0,2.0,10.0,124.0,84.7,43.0,0.1,1.0,7.0,5.0,10.0,153.0,87.4,47.0,0.1,69.7,21.0,60.0,1010.7,0.0,5.6,3.5,255.9,W,4.81,3.53,5.5,night
717538,2023-07-01,2023,CWS,2023-07-01 13:07:00,13.0,7,6,13,2,22,13,21,354,83.3,3,56,0.0536,0.0952,1.0,10.0,6.0,11.0,177.0,84.3,53.0,0.0909,1.0,12.0,6.0,10.0,177.0,82.4,55.0,0.1,84.2,29.0,38.7,1011.9,0.0,10.0,6.2,282.7,W,5.35,2.14,7.92,day
717518,2023-07-02,2023,CWS,2023-07-02 13:07:00,13.0,7,8,15,2,18,9,22,322,84.3,3,55,0.0545,0.0909,1.0,9.0,4.0,10.0,157.0,83.1,42.0,0.1,1.0,9.0,5.0,12.0,165.0,85.3,56.0,0.0833,79.7,26.5,44.0,1011.6,0.0,12.5,7.8,285.0,W,6.27,2.18,9.6,day
717409,2023-07-14,2023,MIN,2023-07-14 18:40:00,18.0,4,5,9,1,24,12,17,362,81.9,4,45,0.0889,0.0588,0.0,10.0,6.0,7.0,169.0,78.1,49.0,0.0,1.0,14.0,6.0,10.0,193.0,85.6,51.0,0.1,67.9,20.0,68.3,1012.1,0.0,7.6,4.7,233.3,SW,7.49,6.66,7.41,night
717399,2023-07-15,2023,MIN,2023-07-15 16:07:00,16.0,7,10,17,4,22,11,21,330,80.6,5,50,0.1,0.1905,2.0,12.0,4.0,10.0,156.0,79.1,38.0,0.2,2.0,10.0,7.0,11.0,174.0,81.5,63.0,0.1818,78.0,25.5,49.0,1010.0,0.0,8.3,5.2,265.3,W,6.35,4.12,7.81,day
717379,2023-07-16,2023,MIN,2023-07-16 13:07:00,13.0,4,5,9,3,18,7,13,282,83.9,4,46,0.087,0.2308,1.0,9.0,4.0,7.0,140.0,82.3,49.0,0.1429,2.0,9.0,3.0,6.0,142.0,86.1,36.0,0.3333,84.3,29.1,38.7,1010.0,0.0,12.2,7.6,273.0,W,8.19,4.58,10.8,day
717366,2023-07-17,2023,BOS,2023-07-17 18:40:00,18.0,0,7,7,0,25,7,11,279,78.4,1,38,0.0263,0.0,0.0,18.0,3.0,1.0,122.0,77.4,36.0,0.0,0.0,7.0,4.0,10.0,157.0,79.0,52.0,0.0,67.3,19.6,63.3,1010.8,0.0,9.6,5.9,264.3,W,7.4,4.88,9.03,night
717349,2023-07-18,2023,BOS,2023-07-18 18:40:00,18.0,3,0,3,2,17,4,12,245,83.4,3,46,0.0652,0.1667,2.0,9.0,2.0,7.0,124.0,82.6,40.0,0.2857,0.0,8.0,1.0,5.0,121.0,84.1,47.0,0.0,61.3,16.3,76.7,1013.5,0.0,12.0,7.5,261.0,W,9.74,6.73,11.57,night
717344,2023-07-19,2023,BOS,2023-07-19 12:37:00,12.0,6,5,11,4,18,7,16,295,79.6,4,47,0.0851,0.25,3.0,9.0,3.0,10.0,137.0,79.1,46.0,0.3,1.0,9.0,4.0,6.0,158.0,80.1,46.0,0.1667,68.5,20.3,63.0,1015.9,0.0,13.7,8.5,246.7,SW,12.7,10.21,13.66,day
717323,2023-07-20,2023,HOU,2023-07-20 18:40:00,18.0,1,3,4,1,15,4,11,245,85.2,4,48,0.0833,0.0909,0.0,8.0,2.0,6.0,120.0,85.9,38.0,0.0,1.0,7.0,2.0,5.0,125.0,84.5,47.0,0.2,67.5,19.7,66.0,1014.6,0.0,8.3,5.2,217.0,SW,8.22,8.12,7.33,night
717310,2023-07-21,2023,HOU,2023-07-21 18:40:00,18.0,4,6,10,4,12,6,16,289,83.2,6,57,0.1053,0.25,0.0,6.0,5.0,7.0,152.0,82.2,47.0,0.0,4.0,6.0,1.0,9.0,137.0,84.0,56.0,0.4444,72.1,22.3,53.0,1011.3,0.0,6.6,4.1,216.3,SW,6.49,6.44,5.76,night
717295,2023-07-22,2023,HOU,2023-07-22 18:07:00,18.0,4,1,5,3,17,13,12,314,82.0,3,43,0.0698,0.25,2.0,6.0,8.0,6.0,152.0,84.1,44.0,0.3333,1.0,11.0,5.0,6.0,162.0,79.9,46.0,0.1667,74.4,23.5,50.3,1008.9,0.0,5.8,3.6,238.2,SW,5.61,4.83,5.73,night
717279,2023-07-23,2023,HOU,2023-07-23 13:07:00,13.0,2,3,5,3,13,9,12,279,78.3,3,50,0.06,0.25,1.0,6.0,3.0,7.0,116.0,82.6,46.0,0.1429,2.0,7.0,6.0,5.0,163.0,74.7,53.0,0.4,73.9,23.3,52.3,1011.3,0.0,13.0,8.1,213.7,SW,12.75,12.85,11.1,day
717117,2023-08-05,2023,SF,2023-08-05 16:07:00,16.0,2,1,3,1,20,7,9,279,82.2,2,38,0.0526,0.1111,1.0,10.0,1.0,6.0,121.0,83.0,34.0,0.1667,0.0,10.0,5.0,3.0,158.0,81.5,40.0,0.0,72.3,22.4,60.0,1014.5,0.0,10.0,6.2,214.0,SW,9.82,9.88,8.57,day
717100,2023-08-06,2023,SF,2023-08-06 13:07:00,13.0,8,6,14,2,18,11,20,335,82.2,3,52,0.0577,0.1,2.0,5.0,4.0,11.0,141.0,87.4,48.0,0.1818,0.0,13.0,7.0,9.0,194.0,78.5,68.0,0.0,83.8,28.8,40.0,1015.0,0.0,9.5,5.9,240.0,SW,9.14,7.75,9.43,day
717081,2023-08-07,2023,TEX,2023-08-07 18:40:00,18.0,3,5,8,0,20,10,13,305,82.2,3,48,0.0625,0.0,0.0,11.0,5.0,6.0,150.0,83.0,40.0,0.0,0.0,9.0,5.0,7.0,155.0,81.5,45.0,0.0,67.2,19.5,70.3,1013.4,0.0,9.3,5.8,248.0,W,8.59,6.83,9.32,night
717069,2023-08-08,2023,TEX,2023-08-08 18:40:00,18.0,1,6,7,2,18,6,16,277,82.9,7,51,0.1373,0.125,1.0,7.0,2.0,3.0,106.0,81.5,37.0,0.3333,1.0,11.0,4.0,13.0,171.0,83.7,64.0,0.0769,64.0,17.8,82.0,1013.1,0.0,13.4,8.3,252.3,W,11.9,9.08,13.29,night
717063,2023-08-09,2023,TEX,2023-08-09 12:37:00,12.0,2,0,2,1,16,4,11,250,85.8,5,46,0.1087,0.0909,1.0,6.0,1.0,7.0,113.0,85.6,41.0,0.1429,0.0,10.0,3.0,4.0,137.0,86.1,36.0,0.0,70.0,21.1,63.3,1013.1,0.0,13.4,8.3,250.7,W,12.05,9.34,13.3,day
716944,2023-08-18,2023,BAL,2023-08-18 18:40:00,18.0,4,9,13,1,18,2,28,315,86.3,3,64,0.0469,0.0357,0.0,12.0,1.0,12.0,149.0,86.7,44.0,0.0,1.0,6.0,1.0,16.0,166.0,86.1,59.0,0.0625,65.2,18.5,81.0,1009.2,0.0,13.1,8.2,272.0,W,8.96,5.13,11.7,night
716930,2023-08-19,2023,BAL,2023-08-19 18:07:00,18.0,2,7,9,4,21,8,15,298,79.8,4,52,0.0769,0.2667,2.0,12.0,2.0,6.0,151.0,77.3,52.0,0.3333,2.0,9.0,5.0,9.0,147.0,83.0,42.0,0.2222,63.9,17.7,81.0,1008.2,0.0,11.0,6.8,270.3,W,7.73,4.59,9.94,night
716914,2023-08-20,2023,BAL,2023-08-20 13:07:00,13.0,1,12,13,4,18,4,21,298,82.5,6,53,0.1132,0.1905,1.0,10.0,1.0,4.0,136.0,84.4,42.0,0.25,3.0,8.0,3.0,17.0,162.0,81.3,62.0,0.1765,85.5,29.7,39.3,1004.9,0.0,13.7,8.5,283.0,W,7.28,2.86,10.82,day
716904,2023-08-21,2023,KC,2023-08-21 18:40:00,18.0,6,4,10,5,19,4,16,274,85.5,6,46,0.1304,0.3125,4.0,11.0,2.0,10.0,139.0,86.6,38.0,0.4,1.0,8.0,2.0,6.0,135.0,84.5,48.0,0.1667,69.9,21.1,77.7,1014.5,0.0,15.2,9.4,242.0,SW,14.54,12.14,15.18,night
716888,2023-08-22,2023,KC,2023-08-22 18:40:00,18.0,5,4,9,1,19,4,13,284,83.5,2,47,0.0426,0.0769,1.0,11.0,1.0,7.0,126.0,83.9,43.0,0.1429,0.0,8.0,2.0,6.0,158.0,83.1,47.0,0.0,68.7,20.4,75.3,1013.7,0.0,9.2,5.7,266.7,W,6.85,4.35,8.52,night
716884,2023-08-23,2023,KC,2023-08-23 12:37:00,12.0,0,4,4,2,22,9,7,307,84.5,3,36,0.0833,0.2857,0.0,13.0,3.0,2.0,159.0,85.4,41.0,0.0,2.0,9.0,5.0,5.0,148.0,83.8,46.0,0.4,88.6,31.5,40.3,1011.5,0.0,11.0,6.8,258.3,W,9.19,6.57,10.7,day
716758,2023-09-01,2023,LAA,2023-09-01 18:40:00,18.0,9,2,11,2,12,8,21,316,82.4,5,58,0.0862,0.0952,1.0,8.0,4.0,14.0,169.0,85.2,57.0,0.0714,1.0,4.0,4.0,7.0,147.0,79.4,55.0,0.1429,63.1,17.3,82.3,1009.9,0.0,14.0,8.7,265.3,W,10.65,6.91,13.1,night
716755,2023-09-02,2023,LAA,2023-09-02 13:07:00,13.0,2,1,3,1,12,8,11,271,81.6,4,48,0.0833,0.0909,1.0,8.0,0.0,5.0,118.0,81.8,37.0,0.2,0.0,4.0,6.0,6.0,153.0,81.4,45.0,0.0,72.8,22.7,52.7,1014.6,0.0,10.4,6.5,243.3,SW,9.87,8.16,10.4,day
716731,2023-09-03,2023,LAA,2023-09-03 13:07:00,13.0,10,6,16,4,18,9,19,336,82.3,6,53,0.1132,0.2105,2.0,6.0,4.0,10.0,153.0,82.0,49.0,0.2,2.0,12.0,4.0,9.0,183.0,82.5,60.0,0.2222,70.5,21.4,62.3,1016.8,0.0,15.0,9.3,266.0,W,11.35,7.29,14.03,day
716726,2023-09-04,2023,TOR,2023-09-04 13:07:00,13.0,5,6,11,4,18,8,16,308,81.7,3,54,0.0556,0.25,4.0,11.0,2.0,8.0,140.0,80.4,43.0,0.5,0.0,7.0,5.0,8.0,168.0,82.6,56.0,0.0,69.0,20.5,66.7,1014.2,0.0,12.9,8.0,260.0,W,10.57,7.4,12.46,day
716707,2023-09-05,2023,TOR,2023-09-05 18:40:00,18.0,1,7,8,0,15,9,17,267,82.2,3,50,0.06,0.0,0.0,10.0,0.0,7.0,111.0,84.9,39.0,0.0,0.0,5.0,8.0,10.0,156.0,80.0,48.0,0.0,65.8,18.8,73.0,1010.9,0.0,8.1,5.0,278.7,W,4.78,2.27,6.71,night
716698,2023-09-06,2023,TOR,2023-09-06 12:37:00,12.0,5,2,7,3,16,5,14,255,79.8,4,47,0.0851,0.2143,2.0,9.0,1.0,8.0,122.0,81.1,40.0,0.25,1.0,7.0,4.0,6.0,133.0,78.6,43.0,0.1667,71.5,22.0,56.7,1014.1,0.0,12.9,8.0,257.0,W,10.94,7.94,12.62,day
716569,2023-09-15,2023,SD,2023-09-15 18:40:00,18.0,3,8,11,4,18,10,16,326,84.9,5,49,0.102,0.25,2.0,12.0,2.0,5.0,142.0,83.8,36.0,0.4,2.0,6.0,8.0,11.0,184.0,85.5,59.0,0.1818,62.5,17.0,85.0,1013.2,0.0,13.3,8.2,264.7,W,10.21,6.7,12.49,night
716564,2023-09-16,2023,SD,2023-09-16 13:07:00,13.0,2,5,7,1,20,11,15,348,79.6,1,48,0.0208,0.0667,1.0,8.0,3.0,9.0,144.0,81.7,49.0,0.1111,0.0,12.0,8.0,6.0,204.0,77.9,59.0,0.0,71.4,21.9,61.7,1014.2,0.0,16.0,9.9,261.3,W,12.89,8.87,15.35,day
716538,2023-09-17,2023,SD,2023-09-17 13:07:00,13.0,1,10,11,3,24,4,19,323,79.5,4,49,0.0816,0.1579,1.0,16.0,1.0,6.0,140.0,80.4,37.0,0.1667,2.0,8.0,3.0,13.0,183.0,79.1,70.0,0.1538,70.3,21.3,61.0,1014.8,0.0,15.8,9.8,257.3,W,13.35,9.65,15.44,day
716527,2023-09-18,2023,SEA,2023-09-18 18:40:00,18.0,0,5,5,1,14,11,14,277,84.9,3,51,0.0588,0.0714,0.0,8.0,6.0,5.0,140.0,84.8,41.0,0.0,1.0,6.0,5.0,9.0,137.0,85.0,52.0,0.1111,62.9,17.2,83.3,1014.5,0.0,13.2,8.2,262.0,W,10.54,7.19,12.62,night
716512,2023-09-19,2023,SEA,2023-09-19 18:40:00,18.0,2,7,9,1,17,8,17,313,81.6,2,52,0.0385,0.0588,0.0,9.0,4.0,6.0,131.0,81.2,44.0,0.0,1.0,8.0,3.0,11.0,182.0,81.9,59.0,0.0909,61.5,16.4,81.3,1011.7,0.0,8.0,5.0,265.3,W,6.07,3.94,7.47,night
716504,2023-09-20,2023,SEA,2023-09-20 12:37:00,12.0,3,6,9,5,14,4,16,284,83.0,8,55,0.1455,0.3125,2.0,5.0,1.0,8.0,111.0,82.8,50.0,0.25,3.0,9.0,2.0,8.0,173.0,83.3,54.0,0.375,69.9,21.0,60.3,1010.4,0.0,13.7,8.5,260.3,W,11.15,7.77,13.18,day
716488,2023-09-21,2023,DET,2023-09-21 18:40:00,18.0,3,7,10,1,22,4,14,298,82.9,4,45,0.0889,0.0714,1.0,12.0,1.0,5.0,125.0,80.6,41.0,0.2,0.0,10.0,2.0,9.0,173.0,84.7,54.0,0.0,61.4,16.3,83.3,1011.6,0.0,10.5,6.5,263.3,W,8.26,5.53,10.0,night
716472,2023-09-22,2023,DET,2023-09-22 18:40:00,18.0,8,2,10,3,20,5,14,301,79.0,4,45,0.0889,0.2143,2.0,9.0,4.0,9.0,157.0,81.8,47.0,0.2222,1.0,11.0,1.0,5.0,144.0,76.7,56.0,0.2,61.3,16.3,80.0,1014.7,0.0,10.2,6.4,265.7,W,7.76,5.01,9.57,night
716470,2023-09-23,2023,DET,2023-09-23 13:07:00,13.0,4,1,5,1,19,8,12,291,82.2,2,43,0.0465,0.0833,1.0,6.0,2.0,6.0,124.0,82.6,35.0,0.1667,0.0,13.0,6.0,6.0,167.0,81.8,45.0,0.0,67.4,19.7,56.0,1016.2,0.0,13.8,8.6,252.7,W,12.25,9.32,13.71,day
716442,2023-09-24,2023,DET,2023-09-24 13:07:00,13.0,0,2,2,0,19,7,18,281,83.0,0,48,0.0,0.0,0.0,8.0,4.0,7.0,123.0,84.7,40.0,0.0,0.0,11.0,3.0,11.0,158.0,81.5,50.0,0.0,68.7,20.4,57.3,1016.0,0.0,14.5,9.0,259.3,W,12.0,8.47,14.08,day
745687,2024-03-28,2024,CLE,2024-03-28 19:07:00,19.0,0,8,8,0,20,4,15,289,84.2,1,46,0.0217,0.0,0.0,13.0,1.0,4.0,121.0,84.6,35.0,0.0,0.0,7.0,3.0,11.0,168.0,84.0,55.0,0.0,51.6,10.9,79.0,1016.4,0.0,9.2,5.7,265.7,W,6.95,4.49,8.58,night
745682,2024-03-29,2024,CLE,2024-03-29 18:40:00,18.0,4,6,10,3,14,8,17,299,80.7,1,54,0.0185,0.1765,2.0,5.0,2.0,8.0,139.0,81.1,51.0,0.25,1.0,9.0,6.0,9.0,160.0,80.2,51.0,0.1111,50.7,10.4,88.7,1001.2,9.5,19.7,12.3,146.7,SE,3.99,10.36,-2.86,night
745684,2024-03-30,2024,CLE,2024-03-30 13:07:00,13.0,3,12,15,1,20,11,21,354,80.7,3,55,0.0545,0.0476,0.0,14.0,6.0,6.0,165.0,81.4,37.0,0.0,1.0,6.0,5.0,15.0,189.0,80.3,69.0,0.0667,58.8,14.9,62.7,1002.5,0.6,13.8,8.6,40.0,NE,-13.71,-13.3,-12.48,day
745683,2024-03-31,2024,CLE,2024-03-31 13:07:00,13.0,4,3,7,0,11,6,16,258,81.6,0,55,0.0,0.0,0.0,6.0,4.0,9.0,131.0,80.7,37.0,0.0,0.0,5.0,2.0,7.0,127.0,82.4,40.0,0.0,61.3,16.3,63.7,1008.0,0.0,12.7,7.9,254.4,W,11.1,8.29,12.56,day
745675,2024-04-01,2024,BOS,2024-04-01 18:40:00,18.0,0,9,9,0,24,7,13,302,83.5,3,44,0.0682,0.0,0.0,13.0,0.0,4.0,123.0,80.8,44.0,0.0,0.0,11.0,6.0,9.0,179.0,85.6,56.0,0.0,58.7,14.8,61.7,1018.9,0.0,6.7,4.2,288.7,W,2.99,0.74,4.87,night
745680,2024-04-02,2024,BOS,2024-04-02 18:40:00,18.0,4,5,9,2,29,8,19,350,81.2,3,53,0.0566,0.1053,2.0,14.0,3.0,7.0,168.0,81.7,46.0,0.2857,0.0,15.0,3.0,12.0,182.0,80.7,52.0,0.0,57.3,14.0,85.0,1024.8,0.0,8.2,5.1,272.0,W,5.57,3.19,7.28,night
745678,2024-04-03,2024,BOS,2024-04-03 12:37:00,12.0,0,1,1,0,10,4,18,268,80.1,2,57,0.0351,0.0,0.0,5.0,3.0,8.0,153.0,81.2,59.0,0.0,0.0,5.0,0.0,10.0,115.0,78.6,44.0,0.0,58.4,14.7,75.3,1020.1,0.0,20.4,12.7,234.3,SW,20.16,17.81,20.08,day
745679,2024-04-12,2024,WSH,2024-04-12 18:40:00,18.0,2,1,3,2,20,6,11,284,82.3,1,47,0.0213,0.1818,1.0,10.0,2.0,3.0,134.0,84.4,43.0,0.3333,1.0,10.0,3.0,8.0,150.0,80.3,45.0,0.125,55.3,12.9,75.3,1007.9,0.0,18.6,11.6,209.0,SW,17.88,18.55,15.05,night
745676,2024-04-13,2024,WSH,2024-04-13 13:07:00,13.0,1,3,4,0,29,4,18,304,82.4,0,41,0.0,0.0,0.0,18.0,2.0,8.0,156.0,82.4,44.0,0.0,0.0,11.0,1.0,10.0,148.0,82.5,44.0,0.0,51.9,11.0,73.0,1012.3,0.9,17.1,10.6,148.4,SE,3.96,9.42,-1.98,day
745681,2024-04-14,2024,WSH,2024-04-14 13:07:00,13.0,7,6,13,1,17,10,23,330,82.3,5,51,0.098,0.0435,0.0,9.0,5.0,11.0,154.0,83.6,43.0,0.0,1.0,8.0,4.0,12.0,176.0,81.3,55.0,0.0833,57.3,14.0,62.7,1019.3,0.1,11.7,7.3,341.7,N,-5.25,-8.51,-1.36,day
745677,2024-04-15,2024,STL,2024-04-15 18:40:00,18.0,1,3,4,1,17,3,13,248,79.7,2,47,0.0426,0.0769,1.0,10.0,1.0,5.0,109.0,80.9,34.0,0.2,0.0,7.0,2.0,8.0,139.0,78.9,49.0,0.0,56.0,13.3,83.7,1020.4,0.0,8.7,5.4,275.0,W,5.61,2.99,7.56,night
745674,2024-04-16,2024,STL,2024-04-16 18:40:00,18.0,2,3,5,1,10,7,9,273,79.8,5,52,0.0962,0.1111,1.0,3.0,1.0,5.0,130.0,80.9,46.0,0.2,0.0,7.0,6.0,4.0,143.0,78.7,45.0,0.0,60.9,16.0,79.7,1017.6,0.0,5.1,3.1,283.7,W,2.63,1.0,3.96,night
745671,2024-04-17,2024,STL,2024-04-17 12:37:00,12.0,6,3,9,1,17,10,16,281,83.3,2,47,0.0426,0.0625,1.0,5.0,4.0,10.0,137.0,83.9,48.0,0.1,0.0,12.0,6.0,6.0,144.0,82.5,40.0,0.0,73.6,23.1,59.3,1015.8,0.0,2.6,1.6,311.3,NW,0.17,-0.74,1.06,day
745672,2024-04-29,2024,PIT,2024-04-29 18:40:00,18.0,5,1,6,1,17,9,10,270,81.9,5,41,0.122,0.1,1.0,10.0,3.0,8.0,140.0,79.4,42.0,0.125,0.0,7.0,5.0,2.0,130.0,85.7,27.0,0.0,61.5,16.4,64.0,1015.6,0.0,7.6,4.7,246.4,SW,7.04,5.67,7.56,night
745673,2024-04-30,2024,PIT,2024-04-30 18:40:00,18.0,5,2,7,3,21,7,13,286,83.2,4,42,0.0952,0.2308,2.0,9.0,3.0,8.0,135.0,85.6,45.0,0.25,1.0,12.0,4.0,5.0,151.0,80.6,40.0,0.2,60.6,15.9,67.7,1013.6,0.0,7.5,4.6,212.9,SW,7.3,7.4,6.33,night
745670,2024-05-01,2024,PIT,2024-05-01 12:37:00,12.0,4,0,4,2,11,9,10,268,84.1,2,53,0.0377,0.2,2.0,6.0,5.0,6.0,128.0,84.9,41.0,0.3333,0.0,5.0,4.0,4.0,140.0,83.4,47.0,0.0,73.0,22.8,28.7,1014.5,0.0,13.3,8.2,304.2,NW,2.49,-2.12,6.8,day
745665,2024-05-03,2024,MIA,2024-05-03 18:40:00,18.0,3,1,4,1,19,2,12,267,81.1,3,43,0.0698,0.0833,1.0,9.0,0.0,5.0,120.0,83.4,40.0,0.2,0.0,10.0,2.0,7.0,147.0,79.1,49.0,0.0,57.9,14.4,83.0,1011.1,0.0,15.5,9.6,237.0,SW,15.13,13.12,15.32,night
745666,2024-05-04,2024,MIA,2024-05-04 13:07:00,13.0,20,4,24,8,7,8,28,325,84.3,11,71,0.1549,0.2857,6.0,3.0,6.0,21.0,185.0,86.7,65.0,0.2857,2.0,4.0,2.0,7.0,140.0,81.6,57.0,0.2857,50.7,10.4,86.7,1009.1,3.4,20.6,12.8,256.3,W,17.62,12.89,20.23,day
745667,2024-05-05,2024,MIA,2024-05-05 13:07:00,13.0,3,12,15,1,15,10,19,329,82.4,4,56,0.0714,0.0526,0.0,7.0,5.0,5.0,153.0,81.4,43.0,0.0,1.0,8.0,5.0,14.0,176.0,83.2,51.0,0.0714,58.9,14.9,52.7,1017.5,0.0,19.3,12.0,263.3,W,15.14,10.13,18.32,day
745669,2024-05-06,2024,TEX,2024-05-06 18:40:00,18.0,2,4,6,1,16,7,12,296,83.6,3,51,0.0588,0.0833,0.0,8.0,2.0,7.0,146.0,84.3,48.0,0.0,1.0,8.0,5.0,5.0,150.0,83.0,49.0,0.2,55.2,12.9,87.0,1018.9,0.0,14.6,9.1,259.3,W,12.06,8.51,14.15,night
745668,2024-05-07,2024,TEX,2024-05-07 12:37:00,12.0,8,15,23,3,17,15,26,414,81.5,4,67,0.0597,0.1154,2.0,7.0,10.0,7.0,208.0,83.9,59.0,0.2857,1.0,10.0,5.0,19.0,206.0,79.4,71.0,0.0526,66.0,18.9,58.0,1017.3,0.0,9.4,5.9,294.0,NW,3.38,0.17,6.19,day
745659,2024-05-08,2024,TEX,2024-05-08 12:42:00,12.0,11,12,23,2,21,14,30,384,81.4,3,63,0.0476,0.0667,2.0,11.0,6.0,14.0,186.0,81.8,61.0,0.1429,0.0,10.0,6.0,16.0,198.0,81.0,69.0,0.0,75.4,24.1,22.3,1012.2,0.0,21.7,13.5,351.0,N,-12.77,-18.02,-5.99,day
745664,2024-05-08,2024,TEX,2024-05-08 12:37:00,12.0,9,4,13,5,16,4,19,273,83.5,7,52,0.1346,0.2632,3.0,8.0,3.0,10.0,137.0,85.2,48.0,0.3,2.0,8.0,1.0,9.0,136.0,82.0,55.0,0.2222,75.4,24.1,22.3,1012.2,0.0,21.7,13.5,351.0,N,-12.77,-18.02,-5.99,day
745662,2024-05-21,2024,COL,2024-05-21 18:40:00,18.0,5,4,9,6,17,4,14,291,82.1,6,49,0.1224,0.4286,3.0,11.0,3.0,6.0,152.0,79.9,35.0,0.5,3.0,6.0,1.0,8.0,139.0,83.6,49.0,0.375,65.4,18.6,57.0,1013.0,0.0,9.9,6.1,230.3,SW,9.82,8.92,9.54,night
745661,2024-05-22,2024,COL,2024-05-22 18:40:00,18.0,3,4,7,3,22,8,20,358,83.3,5,66,0.0758,0.15,1.0,11.0,3.0,8.0,165.0,84.4,47.0,0.125,2.0,11.0,5.0,12.0,193.0,82.4,64.0,0.1667,60.1,15.6,73.3,1012.0,0.0,12.7,7.9,197.0,S,11.24,12.61,8.52,night
745660,2024-05-23,2024,COL,2024-05-23 12:37:00,12.0,10,9,19,3,21,8,28,361,82.7,6,68,0.0882,0.1071,3.0,9.0,5.0,17.0,205.0,82.1,73.0,0.1765,0.0,12.0,1.0,11.0,156.0,83.4,64.0,0.0,69.2,20.7,43.7,1012.1,0.0,13.1,8.2,239.3,SW,12.72,10.85,13.07,day
745663,2024-05-24,2024,HOU,2024-05-24 18:40:00,18.0,3,6,9,2,17,2,22,273,82.9,3,59,0.0508,0.0909,1.0,13.0,0.0,10.0,142.0,81.5,52.0,0.1,1.0,4.0,2.0,12.0,131.0,84.3,54.0,0.0833,54.0,12.2,85.0,1012.1,0.0,25.2,15.7,243.7,SW,23.87,19.68,25.19,night
745658,2024-05-25,2024,HOU,2024-05-25 13:07:00,13.0,3,1,4,0,14,7,10,253,82.6,1,47,0.0213,0.0,0.0,8.0,6.0,6.0,142.0,82.0,41.0,0.0,0.0,6.0,1.0,4.0,111.0,83.2,45.0,0.0,59.8,15.4,65.0,1016.2,0.0,20.7,12.9,243.3,SW,19.68,16.26,20.72,day
745653,2024-05-26,2024,HOU,2024-05-26 13:07:00,13.0,2,5,7,3,13,7,17,283,82.5,5,54,0.0926,0.1765,,,,,,,,,,,,,,,,,67.6,19.8,55.3,1016.1,0.0,14.0,8.7,260.7,W,11.35,7.88,13.45,day
745656,2024-06-04,2024,SEA,2024-06-04 18:40:00,18.0,3,4,7,0,18,8,18,312,83.6,3,52,0.0577,0.0,,,,,,,,,,,,,,,,,83.1,28.4,45.0,1010.0,0.0,7.1,4.4,225.1,SW,7.07,6.64,6.65,night
745654,2024-06-05,2024,SEA,2024-06-05 18:40:00,18.0,2,1,3,2,13,2,9,240,83.5,3,45,0.0667,0.2222,,,,,,,,,,,,,,,,,74.0,23.3,54.0,1008.7,0.0,6.1,3.8,239.7,SW,5.87,4.99,6.04,night
745657,2024-06-06,2024,SEA,2024-06-06 12:37:00,12.0,0,3,3,1,20,5,6,280,81.4,1,40,0.025,0.1667,,,,,,,,,,,,,,,,,71.5,21.9,53.3,1010.0,0.0,13.4,8.3,234.7,SW,13.18,11.61,13.15,day
745655,2024-06-07,2024,TOR,2024-06-07 18:40:00,18.0,2,1,3,1,13,4,10,240,81.9,4,44,0.0909,0.1,,,,,,,,,,,,,,,,,59.2,15.1,79.0,1010.6,0.0,16.6,10.3,250.3,W,14.97,11.65,16.49,night
745652,2024-06-08,2024,TOR,2024-06-08 13:07:00,13.0,0,7,7,1,13,9,15,271,85.6,5,55,0.0909,0.0667,,,,,,,,,,,,,,,,,66.3,19.0,59.3,1011.4,0.0,18.3,11.4,226.7,SW,18.29,17.01,17.37,day
745651,2024-06-09,2024,TOR,2024-06-09 13:07:00,13.0,4,6,10,1,15,5,14,273,82.9,4,57,0.0702,0.0714,1.0,10.0,2.0,7.0,125.0,82.3,45.0,0.1429,0.0,5.0,2.0,7.0,148.0,83.5,55.0,0.0,67.5,19.7,53.0,1012.9,0.0,18.7,11.6,223.3,SW,18.66,17.72,17.35,day
745650,2024-06-18,2024,KC,2024-06-18 18:40:00,18.0,7,5,12,2,16,5,18,295,84.4,6,54,0.1111,0.1111,1.0,9.0,2.0,11.0,141.0,85.1,46.0,0.0909,1.0,7.0,3.0,7.0,154.0,83.8,49.0,0.1429,62.5,16.9,60.3,1009.4,0.0,10.5,6.5,228.0,SW,10.52,9.69,10.07,night
745646,2024-06-19,2024,KC,2024-06-19 18:40:00,18.0,5,1,6,1,14,10,16,289,81.7,5,51,0.098,0.0625,1.0,7.0,7.0,8.0,152.0,81.3,42.0,0.125,0.0,7.0,3.0,8.0,137.0,82.0,51.0,0.0,56.7,13.7,82.7,1011.7,0.0,16.4,10.2,249.7,W,14.87,11.64,16.31,night
745645,2024-06-20,2024,KC,2024-06-20 12:37:00,12.0,2,3,5,4,18,6,16,266,84.0,4,48,0.0833,0.25,1.0,9.0,5.0,9.0,130.0,79.8,42.0,0.1111,3.0,9.0,1.0,7.0,136.0,87.9,46.0,0.4286,63.9,17.7,62.7,1011.3,0.0,13.6,8.4,239.0,SW,13.16,11.25,13.49,day
745649,2024-06-21,2024,MIN,2024-06-21 18:40:00,18.0,6,5,11,3,11,6,19,265,86.3,6,58,0.1034,0.1579,1.0,8.0,3.0,9.0,139.0,87.9,40.0,0.1111,2.0,3.0,3.0,10.0,126.0,85.1,52.0,0.2,61.5,16.4,74.3,1008.3,0.0,9.1,5.7,233.3,SW,9.04,8.04,8.94,night
745644,2024-06-22,2024,MIN,2024-06-22 13:07:00,13.0,2,10,12,3,19,4,20,287,81.3,4,53,0.0755,0.15,2.0,10.0,0.0,4.0,89.0,80.9,32.0,0.5,1.0,9.0,4.0,16.0,198.0,81.4,73.0,0.0625,81.7,27.6,38.3,1008.5,0.0,11.1,6.9,274.7,W,7.18,3.86,9.64,day
745648,2024-06-23,2024,MIN,2024-06-23 13:07:00,13.0,0,3,3,1,22,3,9,237,82.2,3,38,0.0789,0.1111,0.0,16.0,1.0,3.0,118.0,79.2,37.0,0.0,1.0,6.0,2.0,6.0,119.0,85.2,38.0,0.1667,72.7,22.6,51.7,1011.5,0.0,11.8,7.3,257.0,W,10.01,7.26,11.54,day
745647,2024-07-02,2024,LAA,2024-07-02 18:40:00,18.0,7,5,12,2,15,5,18,289,84.4,3,52,0.0577,0.1111,2.0,6.0,2.0,7.0,129.0,85.7,42.0,0.2857,0.0,9.0,3.0,11.0,160.0,83.4,56.0,0.0,79.3,26.3,43.0,1007.5,0.0,6.1,3.8,271.0,W,4.21,2.47,5.45,night
745643,2024-07-03,2024,LAA,2024-07-03 18:40:00,18.0,5,0,5,2,10,3,15,227,82.5,2,53,0.0377,0.1333,2.0,6.0,2.0,10.0,135.0,80.6,54.0,0.2,0.0,4.0,1.0,5.0,92.0,85.1,39.0,0.0,74.3,23.5,50.7,1010.1,0.0,10.3,6.4,311.0,NW,0.72,-2.83,4.18,night
745641,2024-07-04,2024,LAA,2024-07-04 13:07:00,13.0,5,0,5,1,16,11,8,298,81.1,3,41,0.0732,0.125,1.0,5.0,9.0,4.0,148.0,84.3,42.0,0.25,0.0,11.0,2.0,4.0,150.0,77.7,41.0,0.0,81.0,27.2,44.3,1014.7,0.0,12.0,7.5,282.3,W,6.48,2.63,9.54,day
745639,2024-07-05,2024,BAL,2024-07-05 18:40:00,18.0,2,3,5,2,16,5,13,289,83.8,6,51,0.1176,0.1538,2.0,11.0,1.0,5.0,127.0,82.1,46.0,0.4,0.0,5.0,3.0,8.0,162.0,85.3,50.0,0.0,70.5,21.4,58.7,1010.9,0.0,7.2,4.5,242.0,SW,6.92,5.78,7.22,night
745642,2024-07-06,2024,BAL,2024-07-06 13:07:00,13.0,19,8,27,7,14,11,34,346,83.2,8,69,0.1159,0.2059,5.0,6.0,6.0,18.0,160.0,83.7,58.0,0.2778,2.0,8.0,5.0,16.0,186.0,82.7,73.0,0.125,86.7,30.4,35.7,1009.7,0.0,8.4,5.2,261.7,W,6.71,4.6,8.02,day
745637,2024-07-07,2024,BAL,2024-07-07 13:07:00,13.0,3,6,9,2,20,5,15,285,83.2,3,50,0.06,0.1333,0.0,13.0,2.0,7.0,137.0,80.1,42.0,0.0,2.0,7.0,3.0,8.0,148.0,85.5,55.0,0.25,78.1,25.6,45.0,1011.5,0.0,13.6,8.5,260.7,W,11.05,7.67,13.09,day
745640,2024-07-19,2024,LAA,2024-07-19 18:40:00,18.0,13,3,16,5,15,6,23,278,81.5,6,57,0.1053,0.2174,3.0,7.0,4.0,14.0,148.0,81.2,57.0,0.2143,2.0,8.0,2.0,9.0,130.0,81.8,44.0,0.2222,79.4,26.3,43.7,1012.3,0.0,9.8,6.1,206.7,SW,9.3,9.8,7.69,night
745638,2024-07-20,2024,LAA,2024-07-20 13:07:00,13.0,8,2,10,1,13,8,17,286,83.2,3,51,0.0588,0.0588,1.0,7.0,3.0,11.0,144.0,84.4,51.0,0.0909,0.0,6.0,4.0,6.0,142.0,82.0,52.0,0.0,77.9,25.5,49.7,1012.7,0.0,13.6,8.5,206.0,SW,12.86,13.6,10.57,day
745633,2024-07-21,2024,LAA,2024-07-21 13:07:00,13.0,5,8,13,2,13,11,23,331,81.1,4,60,0.0667,0.087,1.0,4.0,7.0,8.0,147.0,82.3,53.0,0.125,1.0,9.0,4.0,15.0,184.0,80.2,69.0,0.0667,69.6,20.9,64.0,1012.7,0.0,18.8,11.7,206.7,SW,17.81,18.76,14.72,day
745635,2024-07-22,2024,HOU,2024-07-22 18:40:00,18.0,4,0,4,0,13,3,16,247,81.0,3,51,0.0588,0.0,0.0,4.0,1.0,8.0,117.0,84.1,48.0,0.0,0.0,9.0,2.0,8.0,130.0,77.9,47.0,0.0,71.2,21.8,61.3,1008.8,0.0,7.3,4.5,275.7,W,4.61,2.41,6.25,night
745632,2024-07-23,2024,HOU,2024-07-23 18:40:00,18.0,8,2,10,7,16,2,22,282,85.8,8,55,0.1455,0.3182,5.0,7.0,2.0,13.0,151.0,86.4,51.0,0.3846,2.0,9.0,0.0,9.0,131.0,85.1,49.0,0.2222,75.3,24.0,47.7,1011.6,0.0,10.4,6.4,304.6,NW,1.86,-1.74,5.24,night
745634,2024-07-24,2024,HOU,2024-07-24 12:37:00,12.0,1,8,9,1,16,3,20,274,85.7,3,57,0.0526,0.05,0.0,10.0,2.0,9.0,151.0,83.8,46.0,0.0,1.0,6.0,1.0,11.0,123.0,87.3,56.0,0.0909,83.5,28.6,34.7,1016.4,0.0,14.0,8.7,279.0,W,8.23,3.86,11.61,day
745631,2024-08-02,2024,LAD,2024-08-02 18:40:00,18.0,6,5,11,5,21,5,17,278,85.7,6,47,0.1277,0.2941,3.0,10.0,1.0,11.0,133.0,86.4,43.0,0.2727,2.0,11.0,4.0,6.0,145.0,85.0,41.0,0.3333,66.9,19.4,73.3,1016.8,0.0,6.3,3.9,232.0,SW,6.22,5.58,6.11,night
745636,2024-08-03,2024,LAD,2024-08-03 18:07:00,18.0,0,10,10,0,20,7,20,323,80.3,0,54,0.0,0.0,0.0,8.0,1.0,6.0,134.0,80.5,47.0,0.0,0.0,12.0,6.0,14.0,189.0,80.2,56.0,0.0,67.4,19.7,69.7,1012.4,0.0,7.5,4.7,235.3,SW,7.38,6.47,7.39,night
745627,2024-08-04,2024,LAD,2024-08-04 13:07:00,13.0,2,3,5,1,21,8,12,275,79.7,1,42,0.0238,0.0833,1.0,10.0,3.0,6.0,131.0,81.0,41.0,0.1667,0.0,11.0,5.0,6.0,144.0,78.4,40.0,0.0,69.1,20.6,65.0,1013.2,0.0,13.5,8.4,249.3,W,12.27,9.63,13.43,day
745628,2024-08-05,2024,CWS,2024-08-05 18:40:00,18.0,5,1,6,1,17,10,8,270,82.0,2,41,0.0488,0.125,1.0,8.0,9.0,4.0,153.0,82.2,43.0,0.25,0.0,9.0,1.0,4.0,117.0,81.9,39.0,0.0,61.2,16.2,82.7,1013.5,0.0,11.9,7.4,239.3,SW,11.5,9.8,11.81,night
745629,2024-08-06,2024,CWS,2024-08-06 18:40:00,18.0,1,5,6,2,9,4,13,257,82.5,4,56,0.0714,0.1538,1.0,5.0,2.0,6.0,122.0,80.6,44.0,0.1667,1.0,4.0,2.0,7.0,135.0,84.2,52.0,0.1429,71.3,21.8,56.3,1012.1,0.0,5.8,3.6,249.7,W,5.24,4.1,5.75,night
745630,2024-08-07,2024,CWS,2024-08-07 12:37:00,12.0,3,2,5,1,13,3,13,271,79.2,3,50,0.06,0.0769,0.0,5.0,3.0,6.0,129.0,79.7,42.0,0.0,1.0,8.0,0.0,7.0,142.0,78.9,58.0,0.1429,78.0,25.6,42.0,1013.7,0.0,11.1,6.9,256.7,W,9.42,6.86,10.84,day
745626,2024-08-17,2024,SF,2024-08-17 16:07:00,16.0,2,0,2,0,17,9,10,299,81.1,1,43,0.0233,0.0,0.0,7.0,5.0,6.0,142.0,82.3,46.0,0.0,0.0,10.0,4.0,4.0,157.0,80.0,45.0,0.0,69.6,20.9,80.7,1014.0,0.7,16.7,10.4,255.3,W,14.44,10.68,16.46,day
745621,2024-08-18,2024,SF,2024-08-18 13:07:00,13.0,2,4,6,3,31,3,17,298,81.1,4,42,0.0952,0.1765,0.0,16.0,3.0,8.0,152.0,83.7,37.0,0.0,3.0,15.0,0.0,9.0,146.0,78.8,43.0,0.3333,71.4,21.9,61.7,1015.6,0.0,15.8,9.8,257.7,W,13.33,9.6,15.45,day
745620,2024-08-19,2024,TB,2024-08-19 18:40:00,18.0,3,0,3,1,17,8,8,270,81.5,2,41,0.0488,0.125,1.0,6.0,3.0,6.0,116.0,82.9,35.0,0.1667,0.0,11.0,5.0,2.0,154.0,80.3,44.0,0.0,64.8,18.2,65.0,1016.1,0.0,8.9,5.5,236.7,SW,8.72,7.58,8.81,night
745624,2024-08-20,2024,TB,2024-08-20 18:40:00,18.0,0,1,1,1,11,4,6,202,81.9,3,47,0.0638,0.1667,0.0,5.0,3.0,3.0,101.0,80.9,37.0,0.0,1.0,6.0,1.0,3.0,101.0,82.7,44.0,0.3333,69.4,20.8,56.7,1015.7,0.0,12.5,7.7,247.3,SW,11.53,9.22,12.46,night
745622,2024-08-21,2024,TB,2024-08-21 18:40:00,18.0,2,4,6,2,23,4,12,284,79.7,2,43,0.0465,0.1667,1.0,10.0,2.0,5.0,147.0,81.1,40.0,0.2,1.0,13.0,2.0,7.0,137.0,78.3,38.0,0.1429,63.0,17.2,83.3,1013.9,0.0,13.7,8.5,234.3,SW,13.55,11.97,13.5,night
745623,2024-08-22,2024,TB,2024-08-22 12:37:00,12.0,3,1,4,0,17,8,15,289,81.9,2,48,0.0417,0.0,0.0,6.0,4.0,9.0,137.0,84.5,44.0,0.0,0.0,11.0,4.0,6.0,152.0,79.3,45.0,0.0,67.3,19.6,70.3,1014.0,0.0,22.9,14.2,255.7,W,19.7,14.51,22.5,day
745625,2024-08-23,2024,MIL,2024-08-23 18:40:00,18.0,3,11,14,3,14,8,20,329,82.1,8,58,0.1379,0.15,1.0,6.0,4.0,6.0,138.0,80.7,56.0,0.1667,2.0,8.0,4.0,14.0,191.0,83.3,63.0,0.1429,63.9,17.7,73.7,1015.2,0.5,12.0,7.4,277.0,W,7.37,3.7,10.15,night
745617,2024-08-24,2024,MIL,2024-08-24 13:07:00,13.0,5,9,14,3,20,8,22,346,83.6,4,55,0.0727,0.1364,2.0,8.0,0.0,12.0,158.0,85.4,60.0,0.1667,1.0,12.0,6.0,10.0,188.0,81.7,59.0,0.1,72.7,22.6,57.0,1017.7,0.0,16.4,10.2,255.0,W,14.23,10.56,16.18,day
745618,2024-08-25,2024,MIL,2024-08-25 13:07:00,13.0,4,3,7,2,18,5,9,277,81.2,1,41,0.0244,0.2222,0.0,9.0,3.0,5.0,137.0,82.4,45.0,0.0,2.0,9.0,2.0,4.0,140.0,80.2,48.0,0.5,78.8,26.0,42.3,1018.0,0.0,15.3,9.5,267.7,W,11.23,7.01,14.09,day
745619,2024-09-02,2024,SEA,2024-09-02 16:07:00,16.0,5,4,9,3,23,7,11,292,80.9,6,39,0.1538,0.2727,2.0,12.0,2.0,5.0,135.0,81.5,42.0,0.4,1.0,11.0,5.0,6.0,157.0,80.2,40.0,0.1667,70.1,21.2,63.7,1013.4,0.0,13.9,8.6,254.3,W,12.09,9.04,13.68,day
745615,2024-09-03,2024,SEA,2024-09-03 18:40:00,18.0,3,2,5,2,18,5,11,257,82.2,3,41,0.0732,0.1818,2.0,8.0,2.0,6.0,132.0,82.3,57.0,0.3333,0.0,10.0,3.0,5.0,125.0,82.0,39.0,0.0,75.3,24.0,56.0,1011.3,0.0,6.2,3.8,234.6,SW,6.08,5.36,6.06,night
745614,2024-09-04,2024,SEA,2024-09-04 18:40:00,18.0,3,16,19,1,20,5,23,302,81.1,7,56,0.125,0.0435,0.0,14.0,1.0,7.0,128.0,84.0,37.0,0.0,1.0,6.0,4.0,16.0,174.0,79.7,76.0,0.0625,66.8,19.3,78.7,1014.7,0.0,8.5,5.3,292.0,W,3.33,0.45,5.82,night
745612,2024-09-05,2024,SEA,2024-09-05 12:37:00,12.0,4,6,10,5,19,5,21,326,85.8,8,55,0.1455,0.2381,2.0,11.0,2.0,10.0,144.0,87.7,42.0,0.2,3.0,8.0,2.0,11.0,182.0,84.4,60.0,0.2727,81.1,27.3,38.3,1016.0,0.0,6.7,4.2,261.0,W,5.42,3.75,6.44,day
745611,2024-09-06,2024,DET,2024-09-06 18:40:00,18.0,7,6,13,1,29,6,27,392,84.2,5,71,0.0704,0.037,1.0,12.0,1.0,15.0,187.0,85.2,60.0,0.0667,0.0,17.0,4.0,12.0,205.0,83.4,71.0,0.0,71.7,22.1,56.0,1012.3,0.0,5.4,3.4,249.7,W,4.94,3.86,5.41,night
745613,2024-09-07,2024,DET,2024-09-07 13:07:00,13.0,1,2,3,0,16,5,11,265,83.2,1,50,0.02,0.0,0.0,6.0,1.0,6.0,113.0,86.1,40.0,0.0,0.0,10.0,4.0,5.0,152.0,80.9,50.0,0.0,75.4,24.1,49.0,1012.2,0.0,9.6,6.0,267.7,W,7.08,4.42,8.89,day
745616,2024-09-08,2024,DET,2024-09-08 13:07:00,13.0,1,9,10,1,20,7,24,340,83.9,5,57,0.0877,0.0417,0.0,11.0,3.0,8.0,146.0,83.1,51.0,0.0,1.0,9.0,4.0,16.0,194.0,84.4,68.0,0.0625,78.7,26.0,44.7,1011.1,0.0,9.8,6.1,266.3,W,7.33,4.69,9.1,day
745606,2024-09-20,2024,NYY,2024-09-20 18:40:00,18.0,2,4,6,0,19,4,11,283,83.2,3,48,0.0625,0.0,0.0,10.0,1.0,3.0,115.0,86.3,33.0,0.0,0.0,9.0,3.0,8.0,168.0,81.4,57.0,0.0,60.0,15.5,85.7,1011.1,0.0,8.3,5.2,267.3,W,6.14,3.85,7.68,night
745610,2024-09-21,2024,NYY,2024-09-21 18:07:00,18.0,0,10,10,3,16,7,19,303,83.1,3,54,0.0556,0.1579,0.0,8.0,1.0,5.0,125.0,82.3,46.0,0.0,3.0,8.0,6.0,14.0,178.0,83.7,58.0,0.2143,60.7,16.0,83.3,1011.6,0.0,10.0,6.2,297.0,NW,3.09,-0.35,6.16,night
745608,2024-09-22,2024,NYY,2024-09-22 13:07:00,13.0,4,7,11,3,14,10,16,313,84.7,7,56,0.125,0.1875,0.0,10.0,4.0,7.0,139.0,85.0,43.0,0.0,3.0,4.0,4.0,9.0,174.0,84.5,59.0,0.3333,77.6,25.3,50.3,1012.1,0.0,9.2,5.7,266.0,W,6.97,4.48,8.62,day
745605,2024-09-24,2024,TEX,2024-09-24 18:40:00,18.0,5,4,9,2,17,6,16,278,82.5,4,50,0.08,0.125,0.0,9.0,4.0,6.0,114.0,82.1,37.0,0.0,2.0,8.0,2.0,10.0,164.0,82.8,53.0,0.2,63.3,17.4,77.7,1007.7,0.0,9.8,6.1,307.7,NW,1.25,-2.14,4.48,night
745607,2024-09-25,2024,TEX,2024-09-25 18:40:00,18.0,1,5,6,2,22,7,17,321,82.3,2,50,0.04,0.1176,0.0,8.0,3.0,9.0,168.0,79.6,66.0,0.0,2.0,14.0,4.0,8.0,153.0,87.2,37.0,0.25,60.3,15.7,86.3,1010.0,0.0,12.4,7.7,258.7,W,10.32,7.35,12.05,night
745609,2024-09-26,2024,TEX,2024-09-26 12:37:00,12.0,3,2,5,0,9,6,14,240,84.6,0,55,0.0,0.0,0.0,3.0,3.0,9.0,121.0,84.4,52.0,0.0,0.0,6.0,3.0,5.0,119.0,84.9,35.0,0.0,72.6,22.5,60.3,1011.8,0.0,8.7,5.4,250.0,W,7.91,6.17,8.7,day
778501,2025-03-31,2025,CHC,,,3,18,21,5,13,12,31,368,84.9,8,72,0.1111,0.1613,1.0,6.0,2.0,10.0,122.0,88.7,39.0,0.1,4.0,7.0,10.0,21.0,246.0,83.0,81.0,0.1905,,,,,,,,,,,,,
778494,2025-04-01,2025,CHC,2025-04-01 19:05:00,19.0,4,7,11,4,14,5,17,270,84.0,2,56,0.0357,0.2353,2.0,6.0,2.0,8.0,107.0,81.7,46.0,0.25,2.0,8.0,2.0,9.0,163.0,86.0,52.0,0.2222,50.0,10.0,75.0,1012.3,0.0,17.1,10.6,277.7,W,10.37,5.09,14.39,night
778471,2025-04-02,2025,CHC,2025-04-02 12:35:00,12.0,2,10,12,3,17,12,16,331,80.7,3,53,0.0566,0.1875,1.0,8.0,5.0,5.0,136.0,81.0,37.0,0.2,2.0,9.0,7.0,11.0,195.0,80.6,68.0,0.1818,57.6,14.2,56.7,1012.6,0.2,9.6,6.0,270.0,W,6.81,4.07,8.73,day
778414,2025-04-07,2025,SD,2025-04-07 19:05:00,19.0,4,5,9,4,11,3,19,256,81.8,4,60,0.0667,0.2105,2.0,6.0,2.0,10.0,134.0,80.4,51.0,0.2,2.0,5.0,1.0,9.0,122.0,83.3,47.0,0.2222,53.5,12.0,93.0,1020.4,0.0,6.1,3.8,266.0,W,4.6,2.96,5.69,night
778395,2025-04-08,2025,SD,2025-04-08 19:05:00,19.0,10,4,14,2,16,5,24,293,82.7,2,59,0.0339,0.0833,1.0,7.0,3.0,13.0,134.0,83.5,51.0,0.0769,1.0,9.0,2.0,11.0,159.0,81.9,50.0,0.0909,55.6,13.1,80.0,1019.1,0.0,6.2,3.8,232.0,SW,6.12,5.5,6.01,night
778381,2025-04-09,2025,SD,2025-04-09 12:35:00,12.0,1,2,3,0,13,7,14,263,83.4,3,52,0.0577,0.0,0.0,4.0,5.0,2.0,108.0,83.6,38.0,0.0,0.0,9.0,2.0,12.0,155.0,83.3,57.0,0.0,73.7,23.2,52.0,1020.0,0.0,6.4,4.0,286.0,W,3.1,1.0,4.83,day
778358,2025-04-11,2025,NYM,2025-04-11 19:05:00,19.0,6,7,13,3,19,12,18,364,81.8,6,54,0.1111,0.1667,1.0,7.0,7.0,9.0,154.0,87.2,44.0,0.1111,2.0,12.0,5.0,9.0,210.0,78.3,67.0,0.2222,54.6,12.5,86.0,1016.8,0.0,10.8,6.7,219.0,SW,10.77,10.51,9.74,night
778346,2025-04-12,2025,NYM,2025-04-12 13:05:00,13.0,3,1,4,1,17,3,15,264,83.9,2,47,0.0426,0.0667,0.0,7.0,0.0,9.0,118.0,86.5,44.0,0.0,1.0,10.0,3.0,6.0,146.0,81.4,47.0,0.1667,64.6,18.1,49.3,1016.2,0.0,8.0,5.0,225.0,SW,8.03,7.55,7.55,day
778333,2025-04-13,2025,NYM,2025-04-13 13:05:00,13.0,0,8,8,0,13,9,16,291,86.9,4,56,0.0714,0.0,0.0,6.0,2.0,5.0,108.0,89.9,37.0,0.0,0.0,7.0,6.0,11.0,183.0,85.1,59.0,0.0,77.7,25.4,25.0,1013.2,0.0,4.6,2.9,345.6,N,-2.34,-3.55,-0.84,day
778213,2025-04-22,2025,TEX,2025-04-22 19:05:00,19.0,5,8,13,8,13,10,21,299,85.0,7,62,0.1129,0.381,4.0,6.0,4.0,11.0,146.0,84.6,51.0,0.3636,4.0,7.0,6.0,10.0,153.0,85.4,51.0,0.4,54.5,12.5,78.3,1011.8,0.0,11.9,7.4,217.3,SW,11.83,11.66,10.57,night
778197,2025-04-23,2025,TEX,2025-04-23 19:05:00,19.0,5,2,7,2,18,5,17,295,85.5,6,48,0.125,0.1176,1.0,7.0,4.0,10.0,159.0,84.8,54.0,0.1,1.0,11.0,1.0,7.0,136.0,86.5,47.0,0.1429,52.8,11.5,78.3,1014.4,0.0,15.7,9.8,242.0,SW,15.05,12.57,15.71,night
778192,2025-04-24,2025,TEX,2025-04-24 19:05:00,19.0,4,3,7,3,16,5,17,295,83.9,4,54,0.0741,0.1765,0.0,10.0,2.0,10.0,148.0,86.5,36.0,0.0,3.0,6.0,3.0,7.0,147.0,81.8,45.0,0.4286,51.7,10.9,78.0,1013.5,0.0,17.4,10.8,262.3,W,13.86,9.41,16.64,night
778178,2025-04-25,2025,CWS,2025-04-25 19:05:00,19.0,6,5,11,2,19,5,20,272,86.9,1,51,0.0196,0.1,1.0,9.0,2.0,11.0,133.0,86.4,36.0,0.0909,1.0,10.0,3.0,9.0,139.0,87.3,43.0,0.1111,52.6,11.5,71.3,1013.2,0.0,8.6,5.3,264.3,W,6.66,4.4,8.12,night
778165,2025-04-26,2025,CWS,2025-04-26 13:05:00,13.0,3,10,13,2,14,8,17,287,84.1,7,57,0.1228,0.1176,1.0,6.0,3.0,6.0,113.0,84.8,40.0,0.1667,1.0,8.0,5.0,11.0,174.0,83.7,54.0,0.0909,58.6,14.8,54.7,1011.8,0.0,12.6,7.8,255.3,W,10.87,8.04,12.4,day
778149,2025-04-27,2025,CWS,2025-04-27 13:05:00,13.0,3,2,5,2,13,7,15,264,84.4,4,54,0.0741,0.1333,1.0,8.0,3.0,6.0,114.0,84.1,36.0,0.1667,1.0,5.0,4.0,9.0,150.0,84.6,56.0,0.1111,58.7,14.8,68.3,1017.2,0.1,8.2,5.1,232.3,SW,8.17,7.31,8.03,day
778038,2025-05-05,2025,SEA,2025-05-05 19:05:00,19.0,7,6,13,1,14,12,21,409,85.1,2,69,0.029,0.0476,1.0,5.0,3.0,13.0,223.0,87.6,85.0,0.0769,0.0,9.0,7.0,8.0,186.0,81.7,62.0,0.0,70.7,21.5,49.0,1007.2,0.0,6.3,3.9,231.2,SW,6.23,5.62,6.09,night
778024,2025-05-06,2025,SEA,2025-05-06 19:05:00,19.0,3,5,8,1,18,8,20,304,84.2,2,54,0.037,0.05,0.0,7.0,4.0,10.0,136.0,83.8,49.0,0.0,1.0,11.0,4.0,10.0,168.0,84.6,48.0,0.1,55.8,13.2,88.0,1012.7,0.0,9.8,6.1,261.7,W,7.83,5.37,9.36,night
778010,2025-05-07,2025,SEA,2025-05-07 12:35:00,12.0,5,6,11,2,16,4,21,309,84.9,2,58,0.0345,0.0952,1.0,9.0,1.0,10.0,135.0,86.0,42.0,0.1,1.0,7.0,3.0,11.0,174.0,84.0,53.0,0.0909,65.6,18.7,57.3,1017.8,0.0,11.9,7.4,240.7,SW,11.49,9.69,11.9,day
777994,2025-05-09,2025,NYY,2025-05-09 19:05:00,19.0,2,10,12,4,18,7,21,290,86.4,8,58,0.1379,0.1905,0.0,8.0,1.0,7.0,115.0,88.8,36.0,0.0,4.0,10.0,5.0,14.0,175.0,84.9,56.0,0.2857,70.0,21.1,50.0,1014.5,0.0,5.4,3.3,213.6,SW,5.26,5.31,4.58,night
777972,2025-05-10,2025,NYY,2025-05-10 13:05:00,13.0,11,7,18,6,23,6,23,323,83.5,8,52,0.1538,0.2609,3.0,14.0,2.0,14.0,150.0,86.1,44.0,0.2143,3.0,9.0,4.0,9.0,173.0,81.3,50.0,0.3333,77.6,25.3,35.0,1013.7,0.0,10.6,6.6,236.7,SW,10.38,9.02,10.49,day
777957,2025-05-11,2025,NYY,2025-05-11 13:05:00,13.0,2,12,14,2,14,8,22,315,83.9,4,60,0.0667,0.0909,1.0,4.0,3.0,7.0,122.0,79.4,46.0,0.1429,1.0,10.0,5.0,15.0,193.0,87.5,59.0,0.0667,61.2,16.2,53.0,1016.3,0.0,18.8,11.7,257.3,W,15.91,11.51,18.4,day
777853,2025-05-19,2025,LAA,2025-05-19 19:05:00,19.0,3,4,7,2,19,5,15,296,83.9,4,46,0.087,0.1333,0.0,6.0,5.0,7.0,142.0,81.7,39.0,0.0,2.0,13.0,0.0,8.0,154.0,86.1,37.0,0.25,63.5,17.5,67.0,1017.1,0.0,8.5,5.3,218.0,SW,8.4,8.25,7.54,night
777843,2025-05-20,2025,LAA,2025-05-20 19:05:00,19.0,5,7,12,4,15,3,23,314,84.9,10,61,0.1639,0.1739,2.0,6.0,0.0,12.0,145.0,84.2,54.0,0.1667,2.0,9.0,2.0,11.0,169.0,85.6,48.0,0.1818,57.9,14.4,73.3,1015.5,0.0,8.3,5.2,188.7,S,6.69,7.97,4.6,night
777828,2025-05-21,2025,LAA,2025-05-21 19:05:00,19.0,5,10,15,7,16,9,26,351,83.2,10,62,0.1613,0.2692,3.0,8.0,6.0,12.0,175.0,82.1,56.0,0.25,4.0,8.0,3.0,14.0,176.0,84.2,60.0,0.2857,58.6,14.8,71.7,1014.1,0.0,9.6,5.9,207.0,SW,9.1,9.56,7.54,night
777812,2025-05-22,2025,LAA,2025-05-22 12:35:00,12.0,5,10,15,3,14,14,23,356,82.8,3,58,0.0517,0.1304,1.0,4.0,10.0,10.0,166.0,82.9,62.0,0.1,2.0,10.0,4.0,13.0,190.0,82.7,57.0,0.1538,69.1,20.6,45.7,1016.3,0.0,16.4,10.2,242.3,SW,15.69,13.06,16.42,day
777804,2025-05-23,2025,PHI,2025-05-23 19:05:00,19.0,3,4,7,2,23,4,15,305,80.8,3,46,0.0652,0.1333,1.0,13.0,3.0,7.0,159.0,79.3,50.0,0.1429,1.0,10.0,1.0,8.0,146.0,82.3,46.0,0.125,54.4,12.5,83.7,1014.4,0.0,11.4,7.1,223.0,SW,11.43,10.87,10.6,night
777784,2025-05-24,2025,PHI,2025-05-24 19:05:00,19.0,6,9,15,4,23,15,25,405,83.0,5,64,0.0781,0.16,1.0,11.0,6.0,15.0,208.0,80.9,63.0,0.0667,3.0,12.0,6.0,10.0,197.0,85.6,52.0,0.3,54.3,12.4,82.3,1015.8,0.0,17.6,10.9,229.0,SW,17.52,16.05,16.89,night
777765,2025-05-25,2025,PHI,2025-05-25 13:05:00,13.0,5,4,9,2,17,5,18,269,86.0,1,50,0.02,0.1111,1.0,11.0,2.0,11.0,126.0,85.7,40.0,0.0909,1.0,6.0,3.0,7.0,143.0,86.3,50.0,0.1429,63.4,17.4,57.7,1017.4,0.0,19.6,12.2,249.0,W,17.94,14.12,19.59,day
777669,2025-06-02,2025,MIN,2025-06-02 19:05:00,19.0,4,10,14,1,14,11,21,333,82.3,4,59,0.0678,0.0476,1.0,9.0,6.0,7.0,152.0,82.1,43.0,0.1429,0.0,5.0,5.0,14.0,181.0,82.4,68.0,0.0,58.9,15.0,77.3,1013.5,0.0,11.5,7.1,264.7,W,8.83,5.79,10.8,night
777658,2025-06-03,2025,MIN,2025-06-03 19:05:00,19.0,3,10,13,3,24,9,19,322,83.0,6,48,0.125,0.1579,0.0,10.0,4.0,7.0,135.0,83.6,41.0,0.0,3.0,14.0,5.0,12.0,187.0,82.5,53.0,0.25,59.8,15.4,77.3,1011.8,0.0,9.8,6.1,267.3,W,7.27,4.56,9.1,night
777643,2025-06-04,2025,MIN,2025-06-04 19:05:00,19.0,1,6,7,2,23,8,13,293,83.2,3,43,0.0698,0.1538,0.0,14.0,4.0,5.0,139.0,82.2,36.0,0.0,2.0,9.0,4.0,8.0,154.0,84.0,47.0,0.25,59.8,15.4,78.7,1009.9,0.0,9.5,5.9,254.3,W,8.25,6.17,9.34,night
777636,2025-06-05,2025,MIN,2025-06-05 12:35:00,12.0,14,3,17,5,16,11,22,314,84.1,6,55,0.1091,0.2273,4.0,9.0,6.0,17.0,184.0,82.3,62.0,0.2353,1.0,7.0,5.0,5.0,130.0,86.9,41.0,0.2,68.8,20.5,55.7,1011.2,0.0,14.6,9.1,255.3,W,12.57,9.3,14.33,day
777613,2025-06-06,2025,BAL,2025-06-06 19:05:00,19.0,5,4,9,2,17,7,19,317,81.4,5,53,0.0943,0.1053,0.0,8.0,1.0,11.0,144.0,80.7,50.0,0.0,2.0,9.0,6.0,8.0,173.0,82.1,52.0,0.25,60.1,15.6,81.3,1012.9,0.0,11.7,7.3,272.0,W,8.0,4.58,10.45,night
777599,2025-06-07,2025,BAL,2025-06-07 19:05:00,19.0,4,7,11,2,22,12,19,354,80.9,2,49,0.0408,0.1053,0.0,14.0,8.0,8.0,185.0,82.3,46.0,0.0,2.0,8.0,4.0,11.0,169.0,79.6,51.0,0.1818,57.3,14.1,85.7,1015.0,0.0,14.3,8.9,252.7,W,12.69,9.65,14.21,night
777588,2025-06-08,2025,BAL,2025-06-08 13:05:00,13.0,5,1,6,1,14,3,17,285,81.7,1,54,0.0185,0.0588,1.0,5.0,1.0,9.0,131.0,83.1,57.0,0.1111,0.0,9.0,2.0,8.0,154.0,80.1,49.0,0.0,65.6,18.7,63.3,1015.1,0.0,16.0,10.0,252.0,W,14.29,10.93,15.91,day
777485,2025-06-16,2025,HOU,2025-06-16 19:05:00,19.0,3,1,4,3,19,3,14,261,81.3,2,42,0.0476,0.2143,2.0,10.0,2.0,6.0,130.0,78.6,47.0,0.3333,1.0,9.0,1.0,8.0,131.0,84.7,38.0,0.125,58.3,14.6,70.0,1015.5,0.0,10.8,6.7,214.7,SW,10.66,10.68,9.35,night
777469,2025-06-17,2025,HOU,2025-06-17 19:05:00,19.0,3,13,16,5,9,10,19,325,84.2,5,61,0.082,0.2632,0.0,5.0,3.0,4.0,125.0,83.3,38.0,0.0,5.0,4.0,7.0,15.0,200.0,84.7,65.0,0.3333,61.2,16.2,70.7,1012.9,0.0,9.5,5.9,204.3,SW,8.86,9.47,7.18,night
777456,2025-06-18,2025,HOU,2025-06-18 19:05:00,19.0,4,11,15,4,15,9,28,322,82.1,3,63,0.0476,0.1429,1.0,7.0,6.0,8.0,148.0,83.4,44.0,0.125,3.0,8.0,3.0,20.0,174.0,81.2,70.0,0.15,63.7,17.6,68.0,1009.6,0.0,10.2,6.3,198.7,S,9.14,10.14,7.04,night
777441,2025-06-19,2025,HOU,2025-06-19 19:05:00,19.0,6,4,10,5,21,8,19,313,79.1,3,54,0.0556,0.2632,4.0,11.0,3.0,11.0,162.0,79.0,62.0,0.3636,1.0,10.0,5.0,8.0,151.0,79.2,49.0,0.125,56.7,13.7,79.0,1011.4,0.0,17.7,11.0,225.3,SW,17.7,16.6,16.67,night
777429,2025-06-20,2025,CLE,2025-06-20 19:05:00,19.0,5,1,6,2,18,2,15,245,79.2,2,48,0.0417,0.1333,1.0,10.0,0.0,11.0,106.0,80.3,33.0,0.0909,1.0,8.0,2.0,4.0,139.0,78.3,39.0,0.25,60.7,15.9,62.3,1012.5,0.0,13.5,8.4,264.0,W,10.47,6.94,12.73,night
777411,2025-06-21,2025,CLE,2025-06-21 19:05:00,19.0,2,4,6,0,23,6,15,302,82.1,3,48,0.0625,0.0,0.0,13.0,3.0,5.0,136.0,82.3,41.0,0.0,0.0,10.0,2.0,10.0,166.0,81.9,58.0,0.0,67.4,19.7,53.0,1014.3,0.0,8.2,5.1,246.6,SW,7.66,6.16,8.23,night
777400,2025-06-22,2025,CLE,2025-06-22 13:05:00,13.0,0,3,3,0,15,5,17,270,82.7,0,53,0.0,0.0,0.0,6.0,3.0,9.0,134.0,84.4,48.0,0.0,0.0,9.0,2.0,8.0,136.0,80.6,38.0,0.0,73.9,23.3,33.7,1014.7,0.0,14.9,9.3,256.3,W,12.73,9.31,14.61,day
777244,2025-07-04,2025,SF,2025-07-04 19:05:00,19.0,11,2,13,3,23,3,18,295,82.0,3,49,0.0612,0.1667,2.0,12.0,1.0,12.0,149.0,81.1,59.0,0.1667,1.0,11.0,2.0,6.0,146.0,83.3,42.0,0.1667,57.3,14.1,80.0,1019.1,0.0,12.6,7.8,227.0,SW,12.56,11.65,11.95,night
777227,2025-07-05,2025,SF,2025-07-05 19:05:00,19.0,2,7,9,1,14,7,17,311,82.5,5,54,0.0926,0.0588,0.0,8.0,3.0,7.0,137.0,81.1,40.0,0.0,1.0,6.0,3.0,10.0,174.0,83.4,58.0,0.1,58.3,14.6,81.0,1017.7,0.0,10.4,6.5,226.0,SW,10.4,9.71,9.83,night
777210,2025-07-06,2025,SF,2025-07-06 19:05:00,19.0,2,6,8,3,21,11,14,323,81.8,1,47,0.0213,0.2143,1.0,8.0,7.0,5.0,135.0,86.6,33.0,0.2,2.0,13.0,3.0,9.0,188.0,78.5,48.0,0.2222,61.3,16.3,76.3,1012.4,0.0,6.6,4.1,250.7,W,5.95,4.61,6.57,night
777189,2025-07-08,2025,ATL,2025-07-08 19:05:00,19.0,10,1,11,6,13,4,16,289,83.4,5,54,0.0926,0.375,5.0,9.0,3.0,10.0,164.0,85.3,53.0,0.5,1.0,4.0,1.0,6.0,125.0,81.1,47.0,0.1667,61.2,16.2,80.7,1018.8,0.0,12.5,7.7,267.0,W,9.26,5.85,11.56,night
777176,2025-07-09,2025,ATL,2025-07-09 19:05:00,19.0,2,9,11,5,14,5,20,279,83.5,5,59,0.0847,0.25,0.0,10.0,1.0,9.0,137.0,81.2,37.0,0.0,5.0,4.0,4.0,11.0,142.0,85.1,54.0,0.4545,60.8,16.0,78.3,1017.7,0.0,7.4,4.6,214.7,SW,7.25,7.26,6.36,night
777156,2025-07-10,2025,ATL,2025-07-10 18:05:00,18.0,5,4,9,4,28,5,13,334,80.0,3,47,0.0638,0.3077,2.0,16.0,3.0,8.0,154.0,85.0,38.0,0.25,2.0,12.0,1.0,5.0,180.0,77.1,66.0,0.4,72.9,22.7,53.7,1012.2,0.0,6.8,4.2,240.0,SW,6.6,5.6,6.81,night
777152,2025-07-11,2025,TOR,2025-07-11 19:05:00,19.0,6,7,13,3,26,6,22,334,83.0,4,49,0.0816,0.1364,3.0,15.0,2.0,10.0,166.0,84.5,47.0,0.3,0.0,11.0,4.0,12.0,168.0,81.9,59.0,0.0,65.5,18.6,73.0,1011.1,0.0,5.9,3.7,266.0,W,4.48,2.88,5.54,night
777132,2025-07-12,2025,TOR,2025-07-12 19:05:00,19.0,4,3,7,2,19,8,14,311,79.2,2,45,0.0444,0.1429,1.0,6.0,2.0,8.0,143.0,79.8,41.0,0.125,1.0,13.0,5.0,6.0,168.0,78.8,44.0,0.1667,60.7,15.9,81.7,1013.8,0.0,11.9,7.4,273.3,W,7.93,4.41,10.5,night
777116,2025-07-13,2025,TOR,2025-07-13 13:05:00,13.0,6,3,9,5,16,5,12,283,80.4,6,47,0.1277,0.4167,3.0,7.0,4.0,8.0,150.0,78.6,52.0,0.375,2.0,9.0,0.0,4.0,133.0,82.3,49.0,0.5,71.2,21.8,54.7,1014.7,0.0,13.2,8.2,257.7,W,11.11,8.01,12.88,day
776957,2025-07-28,2025,SEA,2025-07-28 19:05:00,19.0,1,3,4,1,15,5,16,282,82.6,1,49,0.0204,0.0625,0.0,5.0,2.0,7.0,125.0,81.5,52.0,0.0,1.0,10.0,3.0,9.0,157.0,83.7,51.0,0.1111,60.7,15.9,81.0,1017.0,0.0,9.4,5.8,226.7,SW,9.4,8.73,8.93,night
776944,2025-07-29,2025,SEA,2025-07-29 19:05:00,19.0,6,1,7,2,19,7,14,279,79.3,1,46,0.0217,0.1429,2.0,8.0,3.0,8.0,124.0,82.5,39.0,0.25,0.0,11.0,4.0,6.0,155.0,76.6,45.0,0.0,60.0,15.5,86.3,1017.4,0.0,13.8,8.6,232.0,SW,13.7,12.3,13.45,night
776930,2025-07-30,2025,SEA,2025-07-30 19:05:00,19.0,5,4,9,7,16,3,13,242,82.8,7,47,0.1489,0.5385,4.0,9.0,1.0,9.0,109.0,82.1,46.0,0.4444,3.0,7.0,2.0,4.0,133.0,83.4,43.0,0.75,60.1,15.6,88.0,1015.9,0.0,14.8,9.2,229.7,SW,14.78,13.48,14.31,night
776914,2025-08-01,2025,AZ,2025-08-01 19:05:00,19.0,5,1,6,1,9,9,19,298,78.7,1,59,0.0169,0.0526,1.0,3.0,5.0,11.0,141.0,82.2,47.0,0.0909,0.0,6.0,4.0,8.0,157.0,75.5,52.0,0.0,60.3,15.7,84.7,1019.0,0.0,13.7,8.5,216.0,SW,13.5,13.42,11.95,night
776899,2025-08-02,2025,AZ,2025-08-02 19:05:00,19.0,2,7,9,3,12,8,17,303,86.8,3,58,0.0517,0.1765,0.0,5.0,0.0,10.0,128.0,86.2,45.0,0.0,3.0,7.0,8.0,7.0,175.0,87.5,40.0,0.4286,60.1,15.6,84.7,1018.8,0.0,12.0,7.5,215.7,SW,11.84,11.79,10.46,night
776881,2025-08-03,2025,AZ,2025-08-03 13:05:00,13.0,4,6,10,2,16,8,20,305,79.7,1,54,0.0185,0.1,1.0,8.0,4.0,8.0,144.0,79.0,49.0,0.125,1.0,8.0,4.0,12.0,161.0,80.4,45.0,0.0833,69.2,20.7,56.7,1017.1,0.0,15.4,9.5,220.0,SW,15.31,14.84,13.93,day
776787,2025-08-11,2025,TB,2025-08-11 19:05:00,19.0,4,7,11,5,12,5,21,307,83.5,8,59,0.1356,0.2381,2.0,5.0,2.0,6.0,121.0,83.0,45.0,0.3333,3.0,7.0,3.0,15.0,186.0,84.0,53.0,0.2,60.0,15.6,88.3,1014.4,0.0,13.5,8.4,250.0,W,12.24,9.55,13.45,night
776762,2025-08-12,2025,TB,2025-08-12 19:05:00,19.0,6,0,6,0,18,5,12,249,82.5,0,43,0.0,0.0,0.0,7.0,3.0,8.0,111.0,83.5,42.0,0.0,0.0,11.0,2.0,4.0,138.0,81.4,40.0,0.0,61.6,16.4,84.0,1013.7,0.0,13.2,8.2,251.0,W,11.86,9.17,13.13,night
776751,2025-08-13,2025,TB,2025-08-13 19:05:00,19.0,2,8,10,3,24,2,16,291,82.5,2,47,0.0426,0.1875,1.0,13.0,0.0,4.0,119.0,80.4,37.0,0.25,2.0,11.0,2.0,12.0,172.0,83.9,54.0,0.1667,62.8,17.1,89.7,1013.7,0.0,14.4,8.9,248.3,W,13.22,10.47,14.38,night
776734,2025-08-15,2025,LAA,2025-08-15 19:05:00,19.0,10,3,13,4,19,8,19,348,80.2,6,51,0.1176,0.2105,3.0,6.0,4.0,14.0,184.0,79.9,77.0,0.2143,1.0,13.0,4.0,5.0,164.0,80.7,45.0,0.2,63.4,17.5,88.3,1012.8,0.0,11.9,7.4,202.3,S,10.98,11.89,8.75,night
776718,2025-08-16,2025,LAA,2025-08-16 19:05:00,19.0,7,2,9,2,17,13,15,331,80.9,2,47,0.0426,0.1333,2.0,6.0,8.0,8.0,166.0,82.5,46.0,0.25,0.0,11.0,5.0,7.0,165.0,79.6,54.0,0.0,62.5,16.9,94.7,1015.8,0.0,13.9,8.6,230.3,SW,13.81,12.53,13.41,night
776699,2025-08-17,2025,LAA,2025-08-17 13:05:00,13.0,5,11,16,5,21,12,22,383,82.8,5,59,0.0847,0.2273,3.0,9.0,4.0,11.0,174.0,87.0,52.0,0.2727,2.0,12.0,7.0,11.0,209.0,79.1,58.0,0.1818,67.0,19.5,68.3,1016.6,0.0,17.6,10.9,247.3,SW,16.28,13.01,17.59,day
776590,2025-08-25,2025,DET,2025-08-25 19:05:00,19.0,8,3,11,4,24,4,20,262,84.9,4,46,0.087,0.2,3.0,13.0,0.0,10.0,118.0,82.5,41.0,0.3,1.0,11.0,4.0,10.0,144.0,87.2,41.0,0.1,63.5,17.5,85.0,1011.1,0.0,7.9,4.9,253.0,W,6.97,5.28,7.82,night
776573,2025-08-26,2025,DET,2025-08-26 19:05:00,19.0,7,6,13,3,24,10,19,342,83.1,2,54,0.037,0.1579,1.0,11.0,5.0,10.0,154.0,86.0,39.0,0.1,2.0,13.0,5.0,9.0,188.0,81.3,64.0,0.2222,63.4,17.4,82.3,1013.9,0.0,10.2,6.3,276.3,W,6.37,3.26,8.71,night
776559,2025-08-27,2025,DET,2025-08-27 19:05:00,19.0,7,0,7,1,19,7,13,267,85.2,3,42,0.0714,0.0769,1.0,9.0,4.0,11.0,148.0,83.2,46.0,0.0909,0.0,10.0,3.0,2.0,119.0,87.8,35.0,0.0,64.2,17.9,79.0,1016.4,0.0,8.2,5.1,274.0,W,5.38,2.94,7.17,night
776538,2025-08-29,2025,TEX,2025-08-29 19:05:00,19.0,2,5,7,2,16,6,15,287,81.9,1,49,0.0204,0.1333,0.0,8.0,3.0,5.0,129.0,82.1,47.0,0.0,2.0,8.0,3.0,10.0,158.0,81.7,55.0,0.2,62.1,16.7,83.0,1016.4,0.0,6.8,4.2,238.7,SW,6.58,5.63,6.73,night
776524,2025-08-30,2025,TEX,2025-08-30 19:05:00,19.0,3,9,12,4,9,1,25,285,82.5,8,70,0.1143,0.16,2.0,6.0,1.0,8.0,127.0,82.8,53.0,0.25,2.0,3.0,0.0,17.0,158.0,82.3,63.0,0.1176,76.5,24.7,42.7,1012.1,0.0,6.2,3.9,210.2,SW,6.03,6.21,5.12,night
776508,2025-08-31,2025,TEX,2025-08-31 13:05:00,13.0,6,9,15,2,22,9,18,342,81.0,3,51,0.0588,0.1111,0.0,11.0,2.0,9.0,162.0,80.5,62.0,0.0,2.0,11.0,7.0,9.0,180.0,81.6,47.0,0.2222,88.5,31.4,28.3,1012.6,0.0,9.8,6.1,245.7,SW,9.2,7.46,9.83,day
776410,2025-09-08,2025,BOS,2025-09-08 19:05:00,19.0,0,7,7,2,18,1,15,271,79.0,2,49,0.0408,0.1333,0.0,10.0,0.0,3.0,118.0,78.3,39.0,0.0,2.0,8.0,1.0,12.0,153.0,79.6,51.0,0.1667,68.5,20.3,79.7,1014.6,0.0,9.7,6.0,235.6,SW,9.57,8.37,9.6,night
776396,2025-09-09,2025,BOS,2025-09-09 19:05:00,19.0,0,6,6,2,23,5,19,311,84.9,3,49,0.0612,0.1053,0.0,13.0,2.0,10.0,149.0,84.1,49.0,0.0,2.0,10.0,3.0,9.0,162.0,86.0,42.0,0.2222,65.2,18.5,89.7,1011.1,0.3,12.2,7.6,250.7,W,11.03,8.55,12.17,night
776379,2025-09-10,2025,BOS,2025-09-10 12:35:00,12.0,5,4,9,2,16,5,21,292,83.5,4,56,0.0714,0.0952,2.0,9.0,2.0,12.0,144.0,83.9,52.0,0.1667,0.0,7.0,2.0,9.0,148.0,83.0,50.0,0.0,68.9,20.5,72.0,1012.4,0.6,15.6,9.7,251.0,W,13.99,10.81,15.48,day
776358,2025-09-12,2025,CIN,2025-09-12 19:05:00,19.0,3,0,3,3,19,6,12,291,81.9,4,43,0.093,0.25,3.0,5.0,1.0,6.0,126.0,82.9,43.0,0.5,0.0,14.0,5.0,6.0,165.0,80.8,40.0,0.0,61.9,16.6,90.3,1013.3,0.0,10.9,6.8,219.3,SW,10.85,10.56,9.82,night
776340,2025-09-13,2025,CIN,2025-09-13 19:05:00,19.0,11,5,16,5,11,11,20,322,82.0,6,57,0.1053,0.25,3.0,8.0,7.0,12.0,196.0,81.1,58.0,0.25,2.0,3.0,4.0,8.0,126.0,83.4,42.0,0.25,61.5,16.4,90.3,1013.0,0.0,11.4,7.1,237.7,SW,11.16,9.62,11.34,night
776327,2025-09-14,2025,CIN,2025-09-14 13:05:00,13.0,7,4,11,7,10,4,17,274,81.3,3,57,0.0526,0.4118,4.0,7.0,1.0,10.0,130.0,77.9,41.0,0.4,3.0,3.0,3.0,7.0,144.0,84.2,47.0,0.4286,74.7,23.7,64.7,1012.6,0.0,13.0,8.1,251.0,W,11.68,9.03,12.93,day
776208,2025-09-23,2025,HOU,2025-09-23 19:05:00,19.0,5,1,6,0,13,6,12,266,83.3,1,49,0.0204,0.0,0.0,7.0,3.0,9.0,135.0,82.5,42.0,0.0,0.0,6.0,3.0,3.0,131.0,84.0,45.0,0.0,77.8,25.4,53.7,1008.8,0.0,7.2,4.5,237.1,SW,7.07,6.13,7.16,night
776195,2025-09-24,2025,HOU,2025-09-24 19:05:00,19.0,6,0,6,2,16,4,13,263,83.1,3,47,0.0638,0.1538,2.0,7.0,3.0,8.0,127.0,84.7,35.0,0.25,0.0,9.0,1.0,5.0,136.0,81.6,39.0,0.0,69.2,20.7,83.3,1014.7,0.0,3.3,2.1,264.7,W,2.56,1.68,3.14,night
776182,2025-09-25,2025,HOU,2025-09-25 12:35:00,12.0,5,11,16,3,22,10,24,323,81.8,2,56,0.0357,0.125,2.0,12.0,3.0,12.0,132.0,87.4,38.0,0.1667,1.0,10.0,7.0,12.0,191.0,78.7,70.0,0.0833,73.1,22.8,69.3,1015.4,0.0,10.5,6.5,256.0,W,8.97,6.59,10.27,day
776172,2025-09-26,2025,KC,2025-09-26 19:05:00,19.0,4,3,7,1,16,6,12,294,84.1,4,48,0.0833,0.0833,0.0,9.0,4.0,8.0,150.0,85.9,39.0,0.0,1.0,7.0,2.0,4.0,144.0,82.8,53.0,0.25,64.7,18.2,84.7,1008.2,0.0,3.9,2.4,195.3,S,3.42,3.88,2.55,night
776154,2025-09-27,2025,KC,2025-09-27 19:05:00,19.0,2,4,6,0,14,8,14,312,83.9,1,51,0.0196,0.0,0.0,7.0,3.0,6.0,136.0,83.3,40.0,0.0,0.0,7.0,5.0,8.0,176.0,84.4,52.0,0.0,62.6,17.0,86.3,1010.4,0.0,14.9,9.2,240.0,SW,14.36,12.18,14.81,night
776138,2025-09-28,2025,KC,2025-09-28 12:05:00,12.0,2,9,11,4,22,7,22,313,85.2,6,55,0.1091,0.1818,1.0,14.0,3.0,7.0,152.0,82.1,46.0,0.1429,3.0,8.0,3.0,15.0,161.0,87.9,52.0,0.2,69.4,20.8,73.0,1014.8,0.4,13.7,8.5,232.4,SW,13.62,12.19,13.4,day
