game_pk,game_date,season,away_team,game_start,start_hour,home_runs_scored,away_runs_scored,total_runs,home_runs_hit,strikeouts,walks,hits,total_pitches,avg_exit_velocity,n_barrels,n_bbe,barrel_rate,hr_h_ratio,home_bat_hr,home_bat_k,home_bat_bb,home_bat_h,home_bat_pitches,home_bat_exit_velo,home_bat_bbe,home_bat_hr_h_ratio,away_bat_hr,away_bat_k,away_bat_bb,away_bat_h,away_bat_pitches,away_bat_exit_velo,away_bat_bbe,away_bat_hr_h_ratio,temp_f,temp_c,rhum,pres,prcp,wspd,wspd_mph,wdir,wind_dir_bucket,wind_cf,wind_lcf,wind_rcf
413753,2015-04-13,2015,TB,2015-04-13 19:07:00,19,1,2,3,0,12,10,5,265,88.7,0,46,0.0,0.0,0.0,4.0,4.0,2.0,122.0,85.3,27.0,0.0,0.0,8.0,6.0,3.0,143.0,92.3,26.0,0.0,46.5,8.1,91.7,1003.4,4.6,27.1,16.8,294.0,NW,-11.04,-18.84,-1.91
413766,2015-04-14,2015,TB,2015-04-14 19:07:00,19,2,3,5,1,15,6,15,314,91.8,2,53,0.0377,0.0667,0.0,4.0,1.0,8.0,154.0,93.3,34.0,0.0,1.0,11.0,4.0,7.0,160.0,89.6,24.0,0.1429,46.6,8.1,53.3,1011.6,0.0,8.4,5.2,347.7,N,-8.21,-8.32,-7.1
413781,2015-04-15,2015,TB,2015-04-15 19:07:00,19,12,7,19,5,12,9,25,319,90.3,7,62,0.1129,0.2,3.0,5.0,5.0,14.0,164.0,90.4,36.0,0.2143,2.0,7.0,4.0,11.0,155.0,90.1,35.0,0.1818,46.1,7.8,60.0,1018.2,0.0,5.7,3.6,19.9,N,-5.39,-4.4,-5.73
413788,2015-04-16,2015,TB,2015-04-16 19:07:00,19,2,4,6,1,20,7,12,296,85.5,0,43,0.0,0.0833,0.0,12.0,4.0,4.0,152.0,85.5,21.0,0.0,1.0,8.0,3.0,8.0,144.0,85.6,28.0,0.125,42.9,6.0,89.3,1009.7,1.5,9.5,5.9,181.3,S,9.5,8.85,9.0
413791,2015-04-17,2015,ATL,2015-04-17 19:07:00,19,7,8,15,7,15,8,23,325,89.8,7,62,0.1129,0.3043,5.0,7.0,3.0,11.0,161.0,93.3,34.0,0.4545,2.0,8.0,5.0,12.0,164.0,86.4,35.0,0.1667,54.9,12.7,65.7,1004.3,0.0,8.2,5.1,312.1,NW,-5.47,-7.21,-3.07
413806,2015-04-18,2015,ATL,2015-04-18 13:07:00,13,6,5,11,5,10,7,22,274,88.6,4,63,0.0635,0.2273,2.0,0.0,3.0,13.0,123.0,90.4,37.0,0.1538,3.0,10.0,4.0,9.0,151.0,86.5,32.0,0.3333,45.9,7.7,58.7,1007.0,0.0,22.4,13.9,336.3,NW,-20.55,-22.39,-16.23
413821,2015-04-19,2015,ATL,2015-04-19 13:07:00,13,2,5,7,0,17,9,13,297,86.5,1,45,0.0222,0.0,0.0,11.0,4.0,5.0,142.0,82.7,21.0,0.0,0.0,6.0,5.0,8.0,155.0,89.6,26.0,0.0,39.3,4.1,65.7,1009.8,0.0,27.0,16.8,89.7,E,-0.16,9.07,-9.37
413844,2015-04-21,2015,BAL,2015-04-21 19:07:00,19,13,6,19,3,8,6,28,299,88.7,4,70,0.0571,0.1071,3.0,3.0,4.0,16.0,157.0,91.8,41.0,0.1875,0.0,5.0,2.0,12.0,142.0,85.7,43.0,0.0,42.5,5.8,70.3,992.6,1.7,15.0,9.3,248.0,W,5.61,0.51,10.03
413859,2015-04-22,2015,BAL,2015-04-22 19:07:00,19,4,2,6,3,15,11,14,273,87.6,3,45,0.0667,0.2143,2.0,9.0,3.0,9.0,137.0,88.9,26.0,0.2222,1.0,6.0,8.0,5.0,136.0,86.2,25.0,0.2,38.1,3.4,67.7,994.7,0.0,15.2,9.5,280.7,W,-2.82,-7.77,2.47
413874,2015-04-23,2015,BAL,2015-04-23 19:07:00,19,7,6,13,3,16,8,15,268,86.3,4,49,0.0816,0.2,1.0,7.0,8.0,7.0,146.0,84.7,26.0,0.1429,2.0,9.0,0.0,8.0,122.0,87.7,31.0,0.25,35.1,1.7,54.0,1002.8,0.0,20.6,12.8,294.3,NW,-8.5,-14.42,-1.56
414031,2015-05-04,2015,NYY,2015-05-04 19:07:00,19,3,1,4,0,8,3,13,230,86.5,1,55,0.0182,0.0,0.0,7.0,0.0,10.0,112.0,85.4,29.0,0.0,0.0,1.0,3.0,3.0,118.0,87.6,31.0,0.0,52.0,11.1,86.3,1008.2,0.0,8.6,5.4,291.7,W,-3.19,-5.74,-0.25
414046,2015-05-05,2015,NYY,2015-05-05 19:07:00,19,3,6,9,2,11,5,19,284,86.9,3,60,0.05,0.1053,1.0,6.0,3.0,8.0,128.0,88.1,30.0,0.125,1.0,5.0,2.0,11.0,156.0,85.8,36.0,0.0909,47.4,8.5,99.0,1014.3,0.0,2.8,1.7,214.5,SW,2.31,1.63,2.71
414061,2015-05-06,2015,NYY,2015-05-06 19:07:00,19,5,1,6,1,10,6,19,263,86.6,1,56,0.0179,0.0526,1.0,5.0,2.0,12.0,128.0,88.1,33.0,0.0833,0.0,5.0,4.0,7.0,135.0,85.2,34.0,0.0,50.1,10.0,81.0,1011.6,0.0,5.6,3.5,109.9,E,1.92,3.61,-0.01
414081,2015-05-08,2015,BOS,2015-05-08 19:07:00,19,7,0,7,2,18,6,14,284,88.6,5,45,0.1111,0.1429,2.0,11.0,1.0,12.0,150.0,91.2,29.0,0.1667,0.0,7.0,5.0,2.0,134.0,85.4,24.0,0.0,53.0,11.7,85.7,1005.1,0.0,8.6,5.3,122.0,SE,4.54,6.75,1.78
414096,2015-05-09,2015,BOS,2015-05-09 13:07:00,13,7,1,8,1,15,9,17,321,87.7,1,55,0.0182,0.0588,1.0,5.0,8.0,9.0,169.0,88.2,23.0,0.1111,0.0,10.0,1.0,8.0,152.0,87.0,16.0,0.0,55.9,13.3,84.3,1006.5,0.0,12.5,7.8,152.0,SE,11.07,12.41,8.39
414111,2015-05-10,2015,BOS,2015-05-10 13:07:00,13,3,6,9,2,6,8,15,274,84.1,2,59,0.0339,0.1333,0.0,4.0,4.0,8.0,136.0,82.9,29.0,0.0,2.0,2.0,4.0,7.0,138.0,85.2,35.0,0.2857,54.3,12.4,94.0,1008.1,0.0,5.9,3.7,67.7,E,-2.25,-0.23,-3.99
414220,2015-05-18,2015,LAA,2015-05-18 13:07:00,13,10,6,16,4,17,6,29,333,89.5,6,61,0.0984,0.1379,1.0,7.0,5.0,17.0,179.0,86.8,41.0,0.0588,3.0,10.0,1.0,12.0,154.0,92.9,32.0,0.25,59.0,15.0,91.7,1004.6,0.0,16.4,10.2,199.3,S,15.51,12.71,16.43
414227,2015-05-19,2015,LAA,2015-05-19 19:07:00,19,2,3,5,2,12,6,10,253,88.4,1,52,0.0192,0.2,1.0,6.0,3.0,4.0,120.0,91.5,24.0,0.25,1.0,6.0,3.0,6.0,133.0,85.6,27.0,0.1667,48.9,9.4,66.0,1006.1,0.0,19.5,12.1,294.3,NW,-8.03,-13.63,-1.47
414242,2015-05-20,2015,LAA,2015-05-20 19:07:00,19,3,4,7,1,12,6,13,255,87.0,4,54,0.0741,0.0769,0.0,5.0,3.0,5.0,116.0,86.5,26.0,0.0,1.0,7.0,2.0,8.0,139.0,87.4,31.0,0.125,51.7,11.0,54.0,1006.8,0.0,9.1,5.7,332.4,NW,-8.06,-9.02,-6.13
414257,2015-05-21,2015,LAA,2015-05-21 19:07:00,19,8,4,12,4,12,6,15,233,86.9,4,53,0.0755,0.2667,2.0,5.0,4.0,10.0,126.0,87.3,37.0,0.2,2.0,7.0,2.0,5.0,107.0,86.4,27.0,0.4,55.3,13.0,54.3,1000.1,0.0,12.1,7.5,256.0,W,2.92,-1.26,6.75
414280,2015-05-22,2015,SEA,2015-05-22 19:07:00,19,3,4,7,3,14,7,13,260,85.4,2,49,0.0408,0.2308,2.0,8.0,3.0,7.0,128.0,87.7,27.0,0.2857,1.0,6.0,4.0,6.0,132.0,83.1,29.0,0.1667,48.0,8.9,46.3,1013.7,0.0,18.0,11.2,330.0,NW,-15.62,-17.76,-11.59
414295,2015-05-23,2015,SEA,2015-05-23 13:07:00,13,2,3,5,2,15,7,10,262,89.2,4,46,0.087,0.2,1.0,9.0,4.0,4.0,141.0,87.9,30.0,0.25,1.0,6.0,3.0,6.0,121.0,90.5,29.0,0.1667,53.9,12.2,53.3,1017.1,0.0,13.9,8.6,227.3,SW,9.4,5.34,12.32
414310,2015-05-24,2015,SEA,2015-05-24 13:07:00,13,8,2,10,3,16,8,18,287,88.7,5,50,0.1,0.1667,2.0,7.0,6.0,10.0,153.0,83.8,28.0,0.2,1.0,9.0,2.0,8.0,134.0,93.6,28.0,0.125,61.1,16.2,60.0,1011.9,0.0,14.8,9.2,217.3,SW,11.77,7.99,14.13
414317,2015-05-25,2015,CWS,2015-05-25 19:07:00,19,6,0,6,2,12,4,11,238,86.1,2,47,0.0426,0.1818,2.0,4.0,4.0,7.0,142.0,87.0,36.0,0.2857,0.0,8.0,0.0,4.0,96.0,84.5,22.0,0.0,64.0,17.8,72.3,1003.4,0.0,21.9,13.6,212.3,SW,18.48,13.36,21.36
414332,2015-05-26,2015,CWS,2015-05-26 19:07:00,19,10,9,19,3,15,3,27,325,86.4,3,64,0.0469,0.1111,2.0,7.0,1.0,13.0,150.0,86.9,42.0,0.1538,1.0,8.0,2.0,14.0,175.0,86.0,43.0,0.0714,61.2,16.2,86.3,1003.9,0.0,16.4,10.2,169.3,S,16.12,16.18,14.11
414347,2015-05-27,2015,CWS,2015-05-27 12:37:00,12,3,5,8,1,13,2,27,322,85.1,1,73,0.0137,0.037,1.0,7.0,2.0,13.0,167.0,86.1,42.0,0.0769,0.0,6.0,0.0,14.0,155.0,84.1,41.0,0.0,64.5,18.0,73.0,1004.0,0.1,27.1,16.8,204.7,SW,24.6,19.25,26.98
414465,2015-06-05,2015,HOU,2015-06-05 19:07:00,19,6,2,8,3,9,4,15,241,88.9,0,53,0.0,0.2,2.0,3.0,4.0,9.0,127.0,89.1,42.0,0.2222,1.0,6.0,0.0,6.0,114.0,88.5,27.0,0.1667,62.0,16.7,89.3,1004.7,0.2,18.5,11.5,354.7,N,-18.39,-17.86,-16.69
414480,2015-06-06,2015,HOU,2015-06-06 13:07:00,13,7,2,9,1,17,6,18,304,85.0,1,50,0.02,0.0556,0.0,7.0,5.0,10.0,169.0,84.4,40.0,0.0,1.0,10.0,1.0,8.0,135.0,86.1,24.0,0.125,55.5,13.0,64.0,1012.0,0.0,9.0,5.6,107.7,E,2.75,5.53,-0.36
414495,2015-06-07,2015,HOU,2015-06-07 13:07:00,13,7,6,13,4,12,7,20,315,86.4,3,60,0.05,0.2,3.0,4.0,2.0,12.0,152.0,85.6,35.0,0.25,1.0,8.0,5.0,8.0,163.0,87.4,30.0,0.125,56.9,13.8,72.0,1003.4,0.0,16.6,10.3,123.7,SE,9.18,13.35,3.91
414509,2015-06-08,2015,MIA,2015-06-08 19:07:00,19,11,3,14,2,15,7,20,290,89.6,5,55,0.0909,0.1,1.0,7.0,7.0,12.0,161.0,87.5,39.0,0.0833,1.0,8.0,0.0,8.0,129.0,92.3,29.0,0.125,62.3,16.8,93.3,992.8,0.0,6.2,3.8,195.3,S,5.95,5.03,6.15
414520,2015-06-09,2015,MIA,2015-06-09 19:07:00,19,4,3,7,4,14,2,15,258,86.8,4,53,0.0755,0.2667,1.0,9.0,1.0,5.0,113.0,90.1,26.0,0.2,3.0,5.0,0.0,10.0,145.0,84.5,35.0,0.3,64.5,18.1,71.7,996.7,0.0,5.5,3.4,273.3,W,-0.32,-2.17,1.57
414535,2015-06-10,2015,MIA,2015-06-10 12:37:00,12,7,2,9,5,13,2,16,234,90.0,5,52,0.0962,0.3125,4.0,7.0,2.0,9.0,115.0,90.1,25.0,0.4444,1.0,6.0,0.0,7.0,119.0,89.9,30.0,0.1429,68.1,20.0,69.7,994.0,0.0,28.0,17.4,198.3,S,26.55,21.93,27.96
414636,2015-06-17,2015,NYM,2015-06-17 19:07:00,19,8,0,8,2,15,9,16,285,87.3,2,47,0.0426,0.125,2.0,7.0,8.0,10.0,140.0,85.0,26.0,0.2,0.0,8.0,1.0,6.0,145.0,89.3,30.0,0.0,59.1,15.0,70.0,1007.2,0.0,10.4,6.5,103.7,E,2.46,5.76,-1.15
414651,2015-06-18,2015,NYM,2015-06-18 19:07:00,19,7,1,8,2,19,7,13,270,88.5,2,46,0.0435,0.1538,1.0,10.0,1.0,10.0,130.0,91.0,29.0,0.1,1.0,9.0,5.0,3.0,140.0,85.7,26.0,0.3333,68.5,20.3,86.7,1000.4,0.7,7.8,4.8,337.0,NW,-7.18,-7.79,-5.7
414659,2015-06-19,2015,BAL,2015-06-19 19:07:00,19,5,4,9,0,10,11,15,307,84.3,0,52,0.0,0.0,0.0,2.0,6.0,9.0,132.0,87.0,28.0,0.0,0.0,8.0,5.0,6.0,175.0,81.8,30.0,0.0,59.4,15.2,82.7,1007.7,0.0,9.1,5.7,146.0,SE,7.54,8.83,5.35
414674,2015-06-20,2015,BAL,2015-06-20 13:07:00,13,3,5,8,0,15,4,20,306,83.8,0,57,0.0,0.0,0.0,7.0,2.0,10.0,165.0,85.4,34.0,0.0,0.0,8.0,0.0,10.0,141.0,82.2,33.0,0.0,61.5,16.4,75.3,1004.0,0.0,12.4,7.7,110.7,E,4.36,8.06,0.14
414689,2015-06-21,2015,BAL,2015-06-21 13:07:00,13,9,13,22,5,17,11,28,368,87.4,2,62,0.0323,0.1786,3.0,8.0,6.0,12.0,165.0,84.6,36.0,0.25,2.0,9.0,5.0,16.0,203.0,89.9,41.0,0.125,71.1,21.7,75.0,997.5,0.4,14.2,8.8,293.7,NW,-5.69,-9.78,-0.91
414764,2015-06-26,2015,TEX,2015-06-26 19:07:00,19,12,2,14,5,10,8,20,277,91.1,5,58,0.0862,0.25,4.0,3.0,6.0,13.0,147.0,93.8,37.0,0.3077,1.0,7.0,2.0,7.0,130.0,87.7,29.0,0.1429,65.0,18.3,64.7,1008.1,0.0,7.3,4.6,140.7,SE,5.68,6.92,3.75
414779,2015-06-27,2015,TEX,2015-06-27 13:07:00,13,0,4,4,3,16,2,14,249,91.5,1,50,0.02,0.2143,0.0,4.0,2.0,3.0,108.0,92.2,27.0,0.0,3.0,12.0,0.0,11.0,141.0,90.9,31.0,0.2727,61.5,16.4,83.0,1004.4,3.8,22.8,14.1,80.7,E,-3.69,4.21,-11.15
414794,2015-06-28,2015,TEX,2015-06-28 13:07:00,13,3,2,5,1,18,8,13,269,84.2,0,46,0.0,0.0769,1.0,5.0,4.0,4.0,120.0,88.9,26.0,0.25,0.0,13.0,4.0,9.0,149.0,80.4,32.0,0.0,57.9,14.4,86.3,996.8,1.7,10.6,6.6,23.7,NE,-9.7,-7.66,-10.58
414796,2015-06-29,2015,BOS,2015-06-29 19:07:00,19,1,3,4,0,10,3,12,245,86.5,1,51,0.0196,0.0,0.0,5.0,0.0,5.0,107.0,87.2,28.0,0.0,0.0,5.0,3.0,7.0,138.0,86.0,37.0,0.0,66.9,19.4,79.7,1001.3,0.0,9.3,5.8,144.7,SE,7.59,8.97,5.29
414805,2015-06-30,2015,BOS,2015-06-30 19:07:00,19,3,4,7,3,8,7,13,301,86.6,2,59,0.0339,0.2308,1.0,5.0,2.0,6.0,140.0,84.4,32.0,0.1667,2.0,3.0,5.0,7.0,161.0,88.7,35.0,0.2857,61.8,16.6,96.3,997.8,0.0,6.5,4.1,71.0,E,-2.13,0.12,-4.11
414820,2015-07-01,2015,BOS,2015-07-01 13:07:00,13,11,2,13,6,15,1,22,276,88.3,4,56,0.0714,0.2727,5.0,5.0,1.0,16.0,137.0,91.2,37.0,0.3125,1.0,10.0,0.0,6.0,139.0,84.4,27.0,0.1667,68.6,20.3,74.3,998.7,0.3,19.6,12.2,306.3,NW,-11.61,-16.31,-5.51
414835,2015-07-02,2015,BOS,2015-07-02 19:07:00,19,6,12,18,4,13,11,33,353,86.5,6,72,0.0833,0.1212,2.0,6.0,8.0,14.0,165.0,87.5,38.0,0.1429,2.0,7.0,3.0,19.0,188.0,85.8,50.0,0.1053,66.2,19.0,59.3,1004.5,0.0,7.5,4.7,343.0,N,-7.2,-7.52,-6.02
415002,2015-07-17,2015,TB,2015-07-17 19:07:00,19,6,2,8,3,10,9,11,255,89.2,6,50,0.12,0.2727,2.0,2.0,6.0,6.0,133.0,91.9,30.0,0.3333,1.0,8.0,3.0,5.0,122.0,86.4,30.0,0.2,71.2,21.8,87.0,998.8,0.1,9.0,5.6,165.9,S,8.73,8.95,7.45
415017,2015-07-18,2015,TB,2015-07-18 13:07:00,13,2,3,5,3,10,2,14,263,84.1,2,56,0.0357,0.2143,1.0,4.0,1.0,6.0,126.0,85.5,30.0,0.1667,2.0,6.0,1.0,8.0,137.0,82.9,35.0,0.25,76.9,24.9,74.0,1001.6,0.2,7.9,4.9,222.3,SW,5.84,3.67,7.31
415032,2015-07-19,2015,TB,2015-07-19 13:07:00,13,4,0,4,2,15,2,10,258,85.9,2,44,0.0455,0.2,2.0,7.0,2.0,6.0,133.0,89.6,28.0,0.3333,0.0,8.0,0.0,4.0,125.0,82.2,29.0,0.0,78.6,25.9,75.7,997.3,0.0,16.8,10.5,227.3,SW,11.41,6.49,14.95
415149,2015-07-28,2015,PHI,2015-07-28 19:07:00,19,2,3,5,1,13,4,12,243,88.8,1,49,0.0204,0.0833,1.0,3.0,2.0,6.0,119.0,90.7,33.0,0.1667,0.0,10.0,2.0,6.0,124.0,86.4,27.0,0.0,78.9,26.0,65.3,1004.5,0.0,7.0,4.3,159.0,S,6.5,6.97,5.26
415164,2015-07-29,2015,PHI,2015-07-29 19:07:00,19,8,2,10,1,9,2,23,258,88.4,3,64,0.0469,0.0435,1.0,4.0,1.0,16.0,146.0,91.6,38.0,0.0625,0.0,5.0,1.0,7.0,112.0,85.0,36.0,0.0,79.3,26.3,67.7,1000.2,0.0,14.1,8.8,161.6,S,13.38,14.09,11.06
415175,2015-07-30,2015,KC,2015-07-30 19:07:00,19,5,2,7,3,12,6,12,265,87.7,3,49,0.0612,0.25,3.0,6.0,6.0,7.0,136.0,88.7,24.0,0.4286,0.0,6.0,0.0,5.0,129.0,87.0,34.0,0.0,77.6,25.3,50.0,1000.0,0.0,16.4,10.2,269.3,W,0.19,-5.43,5.79
415188,2015-07-31,2015,KC,2015-07-31 19:07:00,19,7,6,13,0,13,4,25,314,84.2,1,71,0.0141,0.0,0.0,9.0,3.0,15.0,178.0,83.1,38.0,0.0,0.0,4.0,1.0,10.0,136.0,85.1,43.0,0.0,77.7,25.4,50.3,997.5,0.0,12.4,7.7,277.3,W,-1.58,-5.69,2.72
415203,2015-08-01,2015,KC,2015-08-01 13:07:00,13,6,7,13,5,6,3,17,268,86.5,4,64,0.0625,0.2941,3.0,2.0,3.0,8.0,140.0,86.8,40.0,0.375,2.0,4.0,0.0,9.0,128.0,86.2,36.0,0.2222,73.7,23.2,50.0,1000.1,0.0,14.1,8.8,271.3,W,-0.33,-5.13,4.51
415218,2015-08-02,2015,KC,2015-08-02 13:07:00,13,5,2,7,2,14,8,11,288,85.1,2,46,0.0435,0.1818,1.0,7.0,6.0,7.0,157.0,83.5,26.0,0.1429,1.0,7.0,2.0,4.0,131.0,86.5,30.0,0.25,77.7,25.4,50.7,998.1,0.0,21.5,13.4,201.3,S,20.06,16.17,21.53
415231,2015-08-03,2015,MIN,2015-08-03 13:07:00,13,5,1,6,3,16,6,11,272,86.2,2,46,0.0435,0.2727,2.0,4.0,4.0,8.0,143.0,86.5,32.0,0.25,1.0,12.0,2.0,3.0,129.0,85.8,21.0,0.3333,74.5,23.6,53.0,996.7,0.0,17.4,10.8,270.0,W,-0.0,-5.96,5.96
415245,2015-08-04,2015,MIN,2015-08-04 19:07:00,19,3,1,4,2,12,6,9,270,89.4,2,48,0.0417,0.2222,2.0,6.0,2.0,7.0,142.0,91.6,28.0,0.2857,0.0,6.0,3.0,2.0,128.0,87.2,28.0,0.0,70.5,21.4,65.3,1002.1,0.3,6.6,4.1,298.0,NW,-3.1,-4.91,-0.92
415260,2015-08-05,2015,MIN,2015-08-05 19:07:00,19,9,7,16,4,18,8,18,297,88.4,7,51,0.1373,0.2222,3.0,7.0,6.0,8.0,161.0,90.8,28.0,0.375,1.0,11.0,2.0,10.0,136.0,86.0,29.0,0.1,69.0,20.5,56.3,1005.5,0.0,16.0,9.9,316.3,NW,-11.55,-14.62,-7.08
415273,2015-08-06,2015,MIN,2015-08-06 19:07:00,19,9,3,12,3,10,6,19,273,86.8,6,58,0.1034,0.1579,1.0,9.0,3.0,14.0,155.0,86.3,32.0,0.0714,2.0,1.0,2.0,5.0,118.0,87.2,35.0,0.4,71.8,22.1,54.7,1004.5,0.0,3.0,1.8,24.1,NE,-2.71,-2.13,-2.96
415339,2015-08-11,2015,ATH,2015-08-11 19:07:00,19,4,2,6,1,18,3,12,251,84.1,2,46,0.0435,0.0833,1.0,9.0,1.0,6.0,142.0,87.6,25.0,0.1667,0.0,9.0,2.0,6.0,109.0,80.4,24.0,0.0,69.9,21.1,74.3,1001.2,0.0,15.5,9.6,319.7,NW,-11.79,-14.5,-7.66
415354,2015-08-12,2015,ATH,2015-08-12 19:07:00,19,10,3,13,3,10,5,20,288,90.6,4,57,0.0702,0.15,2.0,2.0,3.0,11.0,153.0,92.1,37.0,0.1818,1.0,8.0,2.0,9.0,135.0,88.7,31.0,0.1111,68.1,20.0,55.0,1005.8,0.0,13.4,8.3,323.3,NW,-10.72,-12.81,-7.35
415364,2015-08-13,2015,ATH,2015-08-13 12:37:00,12,4,2,6,1,14,2,14,244,86.8,2,48,0.0417,0.0714,1.0,11.0,0.0,6.0,124.0,87.7,24.0,0.1667,0.0,3.0,2.0,8.0,120.0,86.1,35.0,0.0,71.4,21.9,60.7,1006.9,0.0,14.7,9.2,197.7,S,14.04,11.66,14.72
415375,2015-08-14,2015,NYY,2015-08-14 19:07:00,19,3,4,7,1,13,2,19,271,87.5,2,59,0.0339,0.0526,0.0,6.0,2.0,6.0,140.0,88.3,33.0,0.0,1.0,7.0,0.0,13.0,131.0,86.8,36.0,0.0769,74.4,23.5,80.3,1006.7,0.1,5.4,3.3,252.5,W,1.62,-0.23,3.27
415390,2015-08-15,2015,NYY,2015-08-15 13:07:00,13,1,4,5,2,14,7,14,278,85.6,4,54,0.0741,0.1429,0.0,8.0,3.0,5.0,112.0,81.8,30.0,0.0,2.0,6.0,4.0,9.0,166.0,88.7,37.0,0.2222,74.4,23.5,79.3,1009.6,0.0,5.1,3.2,174.0,S,5.07,4.95,4.58
415405,2015-08-16,2015,NYY,2015-08-16 13:07:00,13,3,1,4,2,19,5,11,267,88.2,3,39,0.0769,0.1818,1.0,12.0,4.0,7.0,144.0,86.9,18.0,0.1429,1.0,7.0,1.0,4.0,123.0,89.0,28.0,0.25,79.6,26.4,66.3,1008.9,0.0,11.8,7.3,197.0,S,11.28,9.42,11.78
415564,2015-08-28,2015,DET,2015-08-28 19:07:00,19,5,3,8,5,18,6,15,246,85.7,2,46,0.0435,0.3333,3.0,8.0,5.0,9.0,132.0,86.0,29.0,0.3333,2.0,10.0,1.0,6.0,114.0,85.3,22.0,0.3333,68.7,20.4,75.0,1010.7,0.0,9.9,6.2,162.3,S,9.43,9.89,7.84
415579,2015-08-29,2015,DET,2015-08-29 13:07:00,13,15,1,16,4,17,8,25,324,88.7,8,58,0.1379,0.16,4.0,7.0,6.0,18.0,184.0,91.8,41.0,0.2222,0.0,10.0,1.0,7.0,140.0,85.0,34.0,0.0,70.0,21.1,75.0,1010.2,0.0,7.3,4.5,212.7,SW,6.12,4.41,7.09
415594,2015-08-30,2015,DET,2015-08-30 13:07:00,13,9,2,11,4,8,6,18,284,86.7,5,60,0.0833,0.2222,4.0,6.0,3.0,11.0,157.0,89.6,34.0,0.3636,0.0,2.0,3.0,7.0,127.0,83.9,36.0,0.0,71.7,22.1,79.0,1007.9,0.0,8.9,5.5,174.0,S,8.82,8.6,7.97
415606,2015-08-31,2015,CLE,2015-08-31 19:07:00,19,2,4,6,0,23,3,18,274,87.9,2,47,0.0426,0.0,0.0,12.0,1.0,10.0,144.0,90.5,30.0,0.0,0.0,11.0,1.0,8.0,130.0,85.1,27.0,0.0,76.9,24.9,70.0,1005.8,0.0,6.4,4.0,335.0,NW,-5.8,-6.38,-4.52
415619,2015-09-01,2015,CLE,2015-09-01 19:07:00,19,5,3,8,4,7,5,15,280,88.1,3,65,0.0462,0.2667,1.0,4.0,3.0,6.0,133.0,89.0,38.0,0.1667,3.0,3.0,1.0,9.0,147.0,87.2,38.0,0.3333,74.5,23.6,81.0,1006.2,0.0,7.0,4.3,166.7,S,6.78,6.92,5.82
415634,2015-09-02,2015,CLE,2015-09-02 19:07:00,19,5,1,6,0,12,3,13,246,85.4,0,50,0.0,0.0,0.0,6.0,3.0,9.0,154.0,84.7,30.0,0.0,0.0,6.0,0.0,4.0,92.0,86.3,26.0,0.0,76.7,24.8,85.7,1002.8,0.0,3.7,2.3,40.1,NE,-2.83,-1.85,-3.47
415653,2015-09-04,2015,BAL,2015-09-04 19:07:00,19,2,10,12,4,13,8,21,287,88.6,4,62,0.0645,0.1905,0.0,8.0,7.0,8.0,159.0,87.0,30.0,0.0,4.0,5.0,1.0,13.0,128.0,89.8,40.0,0.3077,70.3,21.3,61.3,1009.8,0.0,14.3,8.9,90.0,E,-0.0,4.89,-4.89
415668,2015-09-05,2015,BAL,2015-09-05 13:07:00,13,5,1,6,1,18,5,14,257,90.8,1,45,0.0222,0.0714,1.0,9.0,1.0,10.0,130.0,93.5,26.0,0.1,0.0,9.0,4.0,4.0,127.0,87.7,23.0,0.0,75.6,24.2,76.3,1010.6,0.0,12.2,7.6,150.0,SE,10.57,12.01,7.84
415683,2015-09-06,2015,BAL,2015-09-06 13:07:00,13,10,4,14,5,13,8,21,304,91.0,3,57,0.0526,0.2381,3.0,8.0,3.0,15.0,158.0,92.2,34.0,0.2,2.0,5.0,4.0,6.0,146.0,89.7,31.0,0.3333,78.8,26.0,72.7,1009.1,0.0,9.3,5.8,203.7,SW,8.55,6.75,9.31
415847,2015-09-18,2015,BOS,2015-09-18 19:07:00,19,6,1,7,0,13,3,17,268,88.0,0,52,0.0,0.0,0.0,6.0,2.0,9.0,137.0,89.4,32.0,0.0,0.0,7.0,1.0,8.0,131.0,86.3,28.0,0.0,70.3,21.3,71.7,1001.7,0.4,6.8,4.2,219.1,SW,5.25,3.48,6.39
415862,2015-09-19,2015,BOS,2015-09-19 16:07:00,16,6,7,13,4,14,11,21,316,86.0,5,59,0.0847,0.1905,2.0,8.0,8.0,8.0,161.0,85.1,34.0,0.25,2.0,6.0,2.0,13.0,155.0,86.7,39.0,0.1538,66.2,19.0,79.7,997.1,1.3,22.9,14.3,294.7,NW,-9.59,-16.14,-1.89
415877,2015-09-20,2015,BOS,2015-09-20 13:07:00,13,3,4,7,1,17,2,19,286,85.4,1,57,0.0175,0.0526,1.0,12.0,0.0,9.0,143.0,88.4,29.0,0.1111,0.0,5.0,2.0,10.0,143.0,83.0,36.0,0.0,61.2,16.2,57.0,1012.5,0.0,2.8,1.8,83.9,E,-0.3,0.68,-1.25
415896,2015-09-21,2015,NYY,2015-09-21 19:07:00,19,4,2,6,1,18,7,13,314,85.6,3,47,0.0638,0.0769,0.0,7.0,4.0,8.0,158.0,86.6,34.0,0.0,1.0,11.0,2.0,5.0,156.0,84.6,32.0,0.2,61.6,16.5,69.0,1012.6,0.0,11.1,6.9,92.3,E,0.45,4.22,-3.37
415907,2015-09-22,2015,NYY,2015-09-22 19:07:00,19,4,6,10,5,15,12,19,340,89.4,7,60,0.1167,0.2632,3.0,9.0,6.0,7.0,158.0,88.2,30.0,0.4286,2.0,6.0,4.0,12.0,182.0,90.2,40.0,0.1667,65.5,18.6,80.3,1013.8,0.0,7.3,4.5,142.7,SE,5.78,6.94,3.92
415922,2015-09-23,2015,NYY,2015-09-23 19:07:00,19,4,0,4,1,17,5,14,275,87.2,2,48,0.0417,0.0714,1.0,9.0,3.0,8.0,156.0,87.7,35.0,0.125,0.0,8.0,1.0,6.0,119.0,86.6,29.0,0.0,68.1,20.0,79.7,1015.1,0.0,4.9,3.1,190.3,S,4.85,4.26,4.86
415953,2015-09-25,2015,TB,2015-09-25 19:07:00,19,5,3,8,4,11,6,15,280,90.3,4,55,0.0727,0.2667,3.0,7.0,6.0,10.0,171.0,95.4,26.0,0.3,1.0,4.0,0.0,5.0,109.0,86.0,31.0,0.2,62.4,16.9,77.0,1018.1,0.0,10.0,6.2,98.7,E,1.51,4.81,-1.97
415968,2015-09-26,2015,TB,2015-09-26 13:07:00,13,10,8,18,4,15,8,21,311,89.8,2,58,0.0345,0.1905,3.0,7.0,6.0,12.0,163.0,92.3,34.0,0.25,1.0,8.0,2.0,9.0,148.0,87.2,32.0,0.1111,62.0,16.7,72.7,1020.3,0.0,15.7,9.8,92.3,E,0.64,5.98,-4.77
415983,2015-09-27,2015,TB,2015-09-27 13:07:00,13,5,4,9,3,12,4,16,272,85.9,5,55,0.0909,0.1875,2.0,4.0,3.0,10.0,149.0,89.1,32.0,0.2,1.0,8.0,1.0,6.0,123.0,82.7,33.0,0.1667,67.0,19.5,64.7,1014.3,0.0,14.2,8.8,156.0,SE,13.0,14.2,10.24
446912,2016-04-08,2016,BOS,2016-04-08 19:07:00,19,7,8,15,2,18,8,20,323,86.4,3,56,0.0536,0.1,1.0,10.0,5.0,9.0,165.0,86.1,43.0,0.1111,1.0,8.0,3.0,11.0,158.0,86.7,39.0,0.0909,35.1,1.7,51.3,998.3,0.0,13.3,8.2,335.7,NW,-12.09,-13.23,-9.49
446927,2016-04-09,2016,BOS,2016-04-09 13:07:00,13,4,8,12,2,23,5,18,308,81.2,3,51,0.0588,0.1111,2.0,10.0,1.0,7.0,143.0,80.5,35.0,0.2857,0.0,13.0,4.0,11.0,165.0,81.9,38.0,0.0,29.7,-1.3,44.0,1007.4,0.0,21.5,13.3,332.3,NW,-19.01,-21.27,-14.46
446942,2016-04-10,2016,BOS,2016-04-10 13:07:00,13,3,0,3,1,16,6,14,260,82.7,1,44,0.0227,0.0714,1.0,5.0,4.0,7.0,138.0,80.9,22.0,0.1429,0.0,11.0,2.0,7.0,122.0,84.8,19.0,0.0,30.5,-0.8,54.3,1014.8,0.1,15.4,9.6,165.3,S,14.93,15.37,12.69
446976,2016-04-12,2016,NYY,2016-04-12 19:07:00,19,2,3,5,1,20,10,10,306,81.3,1,43,0.0233,0.1,0.0,11.0,6.0,3.0,155.0,77.8,37.0,0.0,1.0,9.0,4.0,7.0,151.0,85.6,30.0,0.1429,37.8,3.2,56.0,1017.4,0.0,13.0,8.1,316.7,NW,-9.46,-11.94,-5.83
446992,2016-04-13,2016,NYY,2016-04-13 19:07:00,19,7,2,9,1,14,6,18,286,83.2,1,52,0.0192,0.0556,0.0,8.0,3.0,10.0,144.0,83.5,41.0,0.0,1.0,6.0,3.0,8.0,142.0,82.9,41.0,0.125,35.8,2.1,71.7,1019.9,0.0,8.7,5.4,128.7,SE,5.42,7.41,2.78
447004,2016-04-14,2016,NYY,2016-04-14 19:07:00,19,4,2,6,2,13,5,11,239,82.9,4,49,0.0816,0.1818,2.0,10.0,3.0,8.0,121.0,85.1,34.0,0.25,0.0,3.0,2.0,3.0,118.0,81.0,38.0,0.0,38.9,3.8,69.0,1018.2,0.0,6.7,4.2,91.3,E,0.15,2.45,-2.16
447111,2016-04-22,2016,ATH,2016-04-22 19:07:00,19,5,8,13,2,12,7,22,307,83.9,3,61,0.0492,0.0909,1.0,7.0,5.0,8.0,148.0,82.5,41.0,0.125,1.0,5.0,1.0,14.0,159.0,85.1,47.0,0.0714,46.8,8.2,75.3,1004.7,0.0,20.6,12.8,339.0,N,-19.2,-20.56,-15.52
447126,2016-04-23,2016,ATH,2016-04-23 13:07:00,13,9,3,12,4,12,3,20,269,88.3,7,55,0.1273,0.2,3.0,9.0,2.0,13.0,149.0,94.9,31.0,0.2308,1.0,3.0,1.0,7.0,120.0,83.0,39.0,0.1429,44.8,7.1,51.3,1010.9,0.0,8.4,5.2,6.4,N,-8.38,-7.56,-8.2
447141,2016-04-24,2016,ATH,2016-04-24 13:07:00,13,6,3,9,5,14,8,16,272,86.1,6,50,0.12,0.3125,2.0,6.0,4.0,11.0,142.0,86.8,37.0,0.1818,3.0,8.0,3.0,5.0,130.0,85.2,31.0,0.6,41.9,5.5,69.3,1010.3,0.0,9.2,5.7,126.0,SE,5.41,7.63,2.54
447150,2016-04-25,2016,CWS,2016-04-25 19:07:00,19,5,7,12,1,18,8,25,326,84.0,7,58,0.1207,0.04,1.0,9.0,3.0,14.0,159.0,82.7,46.0,0.0714,0.0,9.0,5.0,11.0,167.0,85.5,42.0,0.0,40.4,4.7,78.7,1003.1,0.7,15.6,9.7,72.0,E,-4.81,0.54,-9.58
447163,2016-04-26,2016,CWS,2016-04-26 19:07:00,19,1,10,11,4,14,5,19,279,85.2,3,57,0.0526,0.2105,1.0,9.0,2.0,4.0,113.0,84.7,29.0,0.25,3.0,5.0,3.0,15.0,166.0,85.5,49.0,0.2,41.9,5.5,81.7,1003.5,0.0,5.6,3.5,248.6,W,2.05,0.13,3.72
447178,2016-04-27,2016,CWS,2016-04-27 19:07:00,19,0,4,4,0,18,9,11,306,84.5,4,46,0.087,0.0,0.0,13.0,3.0,4.0,136.0,85.9,23.0,0.0,0.0,5.0,6.0,7.0,170.0,83.8,44.0,0.0,43.9,6.6,61.3,1004.8,0.0,13.7,8.5,355.7,N,-13.69,-13.22,-12.51
447252,2016-05-02,2016,TEX,2016-05-02 19:07:00,19,1,2,3,2,16,7,14,280,85.4,3,48,0.0625,0.1429,0.0,10.0,4.0,7.0,154.0,88.2,35.0,0.0,2.0,6.0,3.0,7.0,126.0,82.5,34.0,0.2857,44.9,7.2,89.7,1005.5,0.0,7.6,4.7,164.0,S,7.34,7.61,6.18
447267,2016-05-03,2016,TEX,2016-05-03 19:07:00,19,3,1,4,3,18,8,15,333,88.2,8,53,0.1509,0.2,2.0,11.0,6.0,9.0,189.0,89.4,42.0,0.2222,1.0,7.0,2.0,6.0,144.0,87.0,41.0,0.1667,44.7,7.0,88.3,999.3,0.0,5.6,3.5,130.0,SE,3.62,4.88,1.93
447282,2016-05-04,2016,TEX,2016-05-04 19:07:00,19,4,3,7,1,16,6,15,265,86.8,1,50,0.02,0.0667,1.0,8.0,3.0,7.0,135.0,87.5,39.0,0.1429,0.0,8.0,3.0,8.0,130.0,86.0,37.0,0.0,46.5,8.1,82.7,996.2,0.0,7.2,4.5,80.0,E,-1.25,1.25,-3.6
447293,2016-05-05,2016,TEX,2016-05-05 19:07:00,19,12,2,14,1,7,7,24,262,83.6,4,64,0.0625,0.0417,1.0,0.0,5.0,15.0,142.0,84.3,52.0,0.0667,0.0,7.0,1.0,9.0,120.0,82.8,43.0,0.0,50.3,10.2,85.0,998.7,0.0,6.9,4.3,323.6,NW,-5.55,-6.62,-3.82
447299,2016-05-06,2016,LAD,2016-05-06 19:07:00,19,5,2,7,2,15,9,15,291,84.9,2,48,0.0417,0.1333,2.0,7.0,5.0,5.0,157.0,84.5,33.0,0.4,0.0,8.0,3.0,10.0,134.0,85.2,38.0,0.0,51.7,11.0,78.3,999.0,0.0,5.5,3.4,130.3,SE,3.54,4.75,1.9
447314,2016-05-07,2016,LAD,2016-05-07 13:07:00,13,2,6,8,2,17,2,16,260,86.8,4,50,0.08,0.125,0.0,12.0,0.0,9.0,142.0,85.9,36.0,0.0,2.0,5.0,2.0,7.0,118.0,87.7,40.0,0.2857,50.9,10.5,85.3,994.4,0.0,11.9,7.4,145.3,SE,9.82,11.54,6.9
447329,2016-05-08,2016,LAD,2016-05-08 13:07:00,13,2,4,6,1,21,5,13,308,86.5,1,48,0.0208,0.0769,0.0,9.0,1.0,5.0,141.0,84.2,33.0,0.0,1.0,12.0,3.0,8.0,167.0,88.5,37.0,0.125,49.8,9.9,69.0,1000.0,0.2,11.4,7.1,265.5,W,0.89,-3.06,4.72
447442,2016-05-16,2016,TB,2016-05-16 19:07:00,19,2,13,15,4,15,7,25,310,88.8,7,60,0.1167,0.16,0.0,7.0,4.0,8.0,140.0,87.6,36.0,0.0,4.0,8.0,3.0,17.0,170.0,89.7,42.0,0.2353,52.1,11.2,75.7,1007.2,0.6,6.9,4.3,283.3,W,-1.58,-3.77,0.8
447456,2016-05-17,2016,TB,2016-05-17 19:07:00,19,2,12,14,2,14,7,22,292,86.6,5,61,0.082,0.0909,1.0,10.0,4.0,5.0,135.0,84.5,30.0,0.2,1.0,4.0,3.0,17.0,157.0,87.8,54.0,0.0588,52.3,11.3,57.0,1011.2,0.0,8.0,5.0,355.3,N,-7.94,-7.68,-7.24
447471,2016-05-18,2016,TB,2016-05-18 19:07:00,19,3,6,9,6,15,5,14,286,84.5,8,53,0.1509,0.4286,3.0,8.0,3.0,4.0,139.0,87.2,36.0,0.75,3.0,7.0,1.0,10.0,147.0,82.2,40.0,0.3,51.0,10.6,75.7,1010.6,0.0,5.9,3.6,236.8,SW,3.21,1.34,4.7
447580,2016-05-27,2016,BOS,2016-05-27 19:07:00,19,7,5,12,3,19,6,18,281,86.0,2,49,0.0408,0.1667,3.0,13.0,4.0,11.0,145.0,88.7,32.0,0.2727,0.0,6.0,2.0,7.0,136.0,83.8,41.0,0.0,68.2,20.1,80.3,1004.0,0.0,6.2,3.9,203.7,SW,5.68,4.48,6.19
447595,2016-05-28,2016,BOS,2016-05-28 13:07:00,13,10,9,19,4,18,3,28,318,84.6,4,62,0.0645,0.1429,1.0,8.0,2.0,13.0,175.0,83.3,49.0,0.0769,3.0,10.0,1.0,15.0,143.0,86.0,43.0,0.2,67.6,19.8,82.3,1007.6,0.0,13.8,8.6,148.7,SE,11.79,13.53,8.62
447610,2016-05-29,2016,BOS,2016-05-29 13:07:00,13,3,5,8,2,13,12,19,393,84.2,5,70,0.0714,0.1053,2.0,8.0,4.0,10.0,183.0,84.5,59.0,0.2,0.0,5.0,8.0,9.0,210.0,84.0,59.0,0.0,70.8,21.5,75.7,1005.5,0.7,19.7,12.2,194.6,S,19.03,16.19,19.58
447631,2016-05-30,2016,NYY,2016-05-30 19:07:00,19,4,2,6,2,14,4,13,252,83.1,4,47,0.0851,0.1538,1.0,6.0,1.0,8.0,120.0,83.8,34.0,0.125,1.0,8.0,3.0,5.0,132.0,82.4,34.0,0.2,68.5,20.3,61.7,1003.3,0.0,10.5,6.5,306.0,NW,-6.17,-8.7,-2.89
447646,2016-05-31,2016,NYY,2016-05-31 19:07:00,19,4,1,5,1,13,4,13,266,83.5,2,47,0.0426,0.0769,1.0,6.0,2.0,7.0,118.0,81.3,34.0,0.1429,0.0,7.0,2.0,6.0,148.0,85.6,37.0,0.0,65.7,18.7,56.3,1007.3,0.0,17.5,10.9,352.3,N,-17.31,-17.06,-15.47
447661,2016-06-01,2016,NYY,2016-06-01 19:07:00,19,7,0,7,0,11,5,19,288,85.9,2,57,0.0351,0.0,0.0,3.0,3.0,12.0,157.0,84.5,44.0,0.0,0.0,8.0,2.0,7.0,131.0,87.8,33.0,0.0,58.6,14.8,73.0,1006.4,0.0,8.6,5.3,93.0,E,0.45,3.36,-2.52
447764,2016-06-09,2016,BAL,2016-06-09 19:07:00,19,5,6,11,2,11,7,19,305,85.0,4,60,0.0667,0.1053,0.0,6.0,4.0,8.0,147.0,83.7,37.0,0.0,2.0,5.0,3.0,11.0,158.0,86.1,46.0,0.1818,61.5,16.4,47.0,1004.6,0.0,16.0,9.9,326.7,NW,-13.34,-15.54,-9.53
447772,2016-06-10,2016,BAL,2016-06-10 19:07:00,19,4,3,7,4,17,8,14,315,83.1,5,53,0.0943,0.2857,2.0,7.0,3.0,10.0,158.0,83.1,48.0,0.2,2.0,10.0,5.0,4.0,157.0,83.1,42.0,0.5,65.9,18.8,57.0,1005.6,0.0,13.2,8.2,156.3,SE,12.12,13.21,9.57
447787,2016-06-11,2016,BAL,2016-06-11 13:07:00,13,11,6,17,6,11,10,25,297,86.1,5,60,0.0833,0.24,3.0,3.0,8.0,13.0,163.0,86.0,31.0,0.2308,3.0,8.0,2.0,12.0,134.0,86.3,28.0,0.25,74.3,23.5,64.7,997.5,0.0,26.6,16.5,290.0,W,-9.1,-17.1,-0.0
447802,2016-06-12,2016,BAL,2016-06-12 13:07:00,13,10,9,19,7,25,10,27,356,83.0,8,52,0.1538,0.2593,2.0,10.0,4.0,14.0,167.0,83.5,43.0,0.1429,5.0,15.0,5.0,13.0,189.0,82.5,37.0,0.3846,62.8,17.1,54.0,1003.2,0.0,30.3,18.8,325.3,NW,-24.95,-29.34,-17.54
447825,2016-06-13,2016,PHI,2016-06-13 19:07:00,19,0,7,7,2,17,9,15,305,81.5,4,49,0.0816,0.1333,0.0,8.0,5.0,6.0,149.0,80.6,36.0,0.0,2.0,9.0,4.0,9.0,156.0,82.3,44.0,0.2222,61.8,16.6,50.3,1004.1,0.0,18.4,11.4,321.3,NW,-14.34,-17.4,-9.55
447838,2016-06-14,2016,PHI,2016-06-14 12:37:00,12,11,3,14,5,12,6,21,300,84.4,5,61,0.082,0.2381,4.0,6.0,5.0,14.0,174.0,87.7,52.0,0.2857,1.0,6.0,1.0,7.0,126.0,80.7,45.0,0.1429,61.3,16.3,52.0,1007.7,0.0,4.6,2.9,130.0,SE,2.96,3.98,1.57
447921,2016-06-21,2016,AZ,2016-06-21 19:07:00,19,2,4,6,2,18,6,12,260,82.4,5,45,0.1111,0.1667,0.0,4.0,3.0,9.0,130.0,81.5,41.0,0.0,2.0,14.0,3.0,3.0,130.0,83.9,28.0,0.6667,70.6,21.5,49.3,998.5,0.0,5.7,3.5,14.8,N,-5.51,-4.68,-5.68
447936,2016-06-22,2016,AZ,2016-06-22 16:07:00,16,5,2,7,3,23,7,13,284,84.0,3,38,0.0789,0.2308,3.0,11.0,3.0,5.0,133.0,83.8,35.0,0.6,0.0,12.0,4.0,8.0,151.0,84.2,36.0,0.0,71.2,21.8,45.0,1001.8,0.0,14.8,9.2,292.3,W,-5.61,-9.94,-0.6
448049,2016-06-30,2016,CLE,2016-06-30 19:07:00,19,1,4,5,3,22,4,13,258,79.8,4,42,0.0952,0.2308,1.0,17.0,3.0,3.0,140.0,78.4,30.0,0.3333,2.0,5.0,1.0,10.0,118.0,80.7,43.0,0.2,73.1,22.8,47.3,1004.1,0.0,20.5,12.8,173.3,S,20.39,19.98,18.35
448061,2016-07-01,2016,CLE,2016-07-01 13:07:00,13,1,2,3,2,33,11,26,606,81.2,3,105,0.0286,0.0769,1.0,18.0,7.0,11.0,301.0,81.9,67.0,0.0909,1.0,15.0,2.0,15.0,305.0,80.7,93.0,0.0667,66.6,19.2,82.0,999.5,6.1,21.1,13.1,225.1,SW,14.91,8.89,19.13
448076,2016-07-02,2016,CLE,2016-07-02 13:07:00,13,9,6,15,5,22,6,22,346,79.2,6,51,0.1176,0.2273,3.0,10.0,5.0,12.0,166.0,81.3,35.0,0.25,2.0,12.0,1.0,10.0,180.0,77.8,52.0,0.2,71.2,21.8,48.7,1007.0,0.0,20.3,12.6,301.0,NW,-10.47,-15.8,-3.88
448091,2016-07-03,2016,CLE,2016-07-03 13:07:00,13,17,1,18,3,19,10,23,334,86.9,6,56,0.1071,0.1304,3.0,5.0,8.0,18.0,209.0,86.8,55.0,0.1667,0.0,14.0,0.0,5.0,125.0,87.1,28.0,0.0,73.8,23.2,43.0,1008.0,0.0,10.0,6.2,266.7,W,0.58,-2.86,3.94
448107,2016-07-04,2016,KC,2016-07-04 19:07:00,19,6,2,8,2,9,6,10,233,86.2,1,50,0.02,0.2,0.0,5.0,5.0,6.0,128.0,85.5,32.0,0.0,2.0,4.0,1.0,4.0,105.0,86.8,34.0,0.5,69.6,20.9,60.3,1000.5,0.0,8.1,5.1,124.0,SE,4.55,6.58,1.97
448122,2016-07-05,2016,KC,2016-07-05 19:07:00,19,8,3,11,5,21,5,20,288,80.3,5,46,0.1087,0.25,4.0,11.0,2.0,13.0,148.0,83.6,37.0,0.3077,1.0,10.0,3.0,7.0,140.0,77.0,38.0,0.1429,78.2,25.7,60.3,999.2,0.0,12.2,7.6,283.0,W,-2.74,-6.63,1.48
448137,2016-07-06,2016,KC,2016-07-06 19:07:00,19,4,2,6,2,23,2,12,237,84.1,2,39,0.0513,0.1667,1.0,16.0,1.0,8.0,138.0,84.4,34.0,0.125,1.0,7.0,1.0,4.0,99.0,83.7,31.0,0.25,78.1,25.6,64.3,997.8,0.0,13.6,8.5,185.3,S,13.57,12.32,13.19
448147,2016-07-07,2016,DET,2016-07-07 19:07:00,19,5,4,9,2,18,7,20,289,88.3,5,52,0.0962,0.1,0.0,8.0,5.0,12.0,156.0,86.5,38.0,0.0,2.0,10.0,2.0,8.0,133.0,90.1,35.0,0.25,77.7,25.4,66.3,998.8,0.0,5.0,3.1,25.0,NE,-4.56,-3.56,-5.01
448161,2016-07-08,2016,DET,2016-07-08 19:07:00,19,6,0,6,1,15,5,20,304,85.8,1,53,0.0189,0.05,1.0,5.0,4.0,13.0,158.0,88.6,49.0,0.0769,0.0,10.0,1.0,7.0,146.0,82.7,43.0,0.0,70.6,21.5,91.0,996.5,0.0,9.4,5.8,125.3,SE,5.43,7.73,2.48
448176,2016-07-09,2016,DET,2016-07-09 13:07:00,13,2,3,5,2,18,4,13,290,81.8,3,48,0.0625,0.1538,1.0,9.0,2.0,6.0,143.0,82.2,37.0,0.1667,1.0,9.0,2.0,7.0,147.0,81.3,35.0,0.1429,74.1,23.4,57.7,997.4,0.2,21.0,13.1,272.0,W,-0.73,-7.88,6.5
448191,2016-07-10,2016,DET,2016-07-10 13:07:00,13,6,1,7,1,15,7,20,289,83.9,1,55,0.0182,0.05,1.0,9.0,3.0,14.0,170.0,85.5,45.0,0.0714,0.0,6.0,3.0,6.0,119.0,81.9,35.0,0.0,73.3,23.0,54.7,1005.8,0.0,13.7,8.5,348.0,N,-13.37,-13.53,-11.59
448311,2016-07-22,2016,SEA,2016-07-22 19:07:00,19,1,2,3,1,18,3,13,268,84.2,0,48,0.0,0.0769,1.0,14.0,2.0,4.0,134.0,85.0,24.0,0.25,0.0,4.0,1.0,9.0,134.0,83.7,41.0,0.0,83.8,28.8,43.7,1000.4,0.0,19.5,12.1,287.0,W,-5.69,-11.72,1.02
448326,2016-07-23,2016,SEA,2016-07-23 13:07:00,13,5,14,19,6,11,6,27,322,84.8,5,66,0.0758,0.2222,3.0,5.0,3.0,8.0,137.0,83.3,39.0,0.375,3.0,6.0,3.0,19.0,185.0,86.1,48.0,0.1579,82.9,28.3,47.3,1003.1,0.0,14.9,9.3,313.7,NW,-10.31,-13.38,-5.99
448341,2016-07-24,2016,SEA,2016-07-24 13:07:00,13,2,0,2,1,16,7,5,262,84.8,2,37,0.0541,0.2,1.0,6.0,2.0,4.0,114.0,85.8,29.0,0.25,0.0,10.0,5.0,1.0,148.0,83.7,28.0,0.0,72.7,22.6,78.3,1005.3,0.0,14.5,9.0,113.0,SE,5.65,9.87,0.76
448353,2016-07-25,2016,SD,2016-07-25 19:07:00,19,4,2,6,1,12,6,14,258,86.8,1,50,0.02,0.0714,0.0,4.0,4.0,9.0,126.0,89.2,35.0,0.0,1.0,8.0,2.0,5.0,132.0,84.0,31.0,0.2,81.3,27.4,52.3,1000.4,0.0,14.6,9.1,293.0,NW,-5.69,-9.93,-0.76
448365,2016-07-26,2016,SD,2016-07-26 19:07:00,19,7,6,13,4,22,8,18,387,84.7,6,63,0.0952,0.2222,2.0,10.0,7.0,8.0,219.0,84.8,51.0,0.25,2.0,12.0,1.0,10.0,168.0,84.6,52.0,0.2,79.9,26.6,55.3,1004.1,0.0,2.0,1.2,335.6,NW,-1.82,-1.99,-1.43
448380,2016-07-27,2016,SD,2016-07-27 12:37:00,12,4,8,12,3,17,10,12,300,81.5,3,46,0.0652,0.25,0.0,8.0,3.0,6.0,132.0,84.1,36.0,0.0,3.0,9.0,7.0,6.0,168.0,78.6,34.0,0.5,82.2,27.9,54.7,1003.1,0.0,10.3,6.4,241.0,SW,4.99,1.61,7.77
448394,2016-07-29,2016,BAL,2016-07-29 19:07:00,19,6,5,11,4,16,7,14,284,83.0,8,49,0.1633,0.2857,3.0,7.0,4.0,7.0,145.0,81.8,41.0,0.4286,1.0,9.0,3.0,7.0,139.0,84.5,31.0,0.1429,74.2,23.5,69.0,1004.9,0.0,6.4,4.0,35.7,NE,-5.23,-3.63,-6.19
448409,2016-07-30,2016,BAL,2016-07-30 13:07:00,13,9,1,10,2,24,10,15,313,81.9,3,40,0.075,0.1333,1.0,11.0,6.0,10.0,176.0,84.9,35.0,0.1,1.0,13.0,3.0,5.0,137.0,78.3,30.0,0.2,71.8,22.1,68.0,1007.6,0.0,14.1,8.8,78.7,E,-2.78,2.13,-7.35
448424,2016-07-31,2016,BAL,2016-07-31 13:07:00,13,2,6,8,2,22,11,14,373,83.9,3,60,0.05,0.1429,1.0,11.0,6.0,6.0,198.0,84.1,46.0,0.1667,1.0,11.0,5.0,8.0,175.0,83.7,46.0,0.125,71.4,21.9,78.3,1007.3,0.0,13.2,8.2,66.3,NE,-5.31,-0.85,-9.14
448539,2016-08-08,2016,TB,2016-08-08 19:07:00,19,7,5,12,2,14,10,21,317,83.9,2,56,0.0357,0.0952,1.0,7.0,6.0,12.0,170.0,85.8,48.0,0.0833,1.0,7.0,4.0,9.0,147.0,81.3,36.0,0.1111,75.7,24.3,53.7,1008.5,0.0,7.7,4.8,146.0,SE,6.41,7.5,4.55
448554,2016-08-09,2016,TB,2016-08-09 19:07:00,19,2,9,11,1,14,9,21,293,82.1,1,59,0.0169,0.0476,0.0,3.0,3.0,6.0,110.0,82.2,39.0,0.0,1.0,11.0,6.0,15.0,183.0,82.0,45.0,0.0667,75.6,24.2,69.7,1006.1,0.0,11.9,7.4,108.0,E,3.68,7.33,-0.42
448570,2016-08-10,2016,TB,2016-08-10 19:07:00,19,7,0,7,2,22,7,14,313,85.6,1,43,0.0233,0.1429,2.0,12.0,5.0,9.0,173.0,87.1,38.0,0.2222,0.0,10.0,2.0,5.0,140.0,83.9,33.0,0.0,82.5,28.1,70.7,1006.1,0.0,5.3,3.3,240.8,SW,2.59,0.85,4.01
448589,2016-08-12,2016,HOU,2016-08-12 19:07:00,19,3,5,8,3,13,6,19,284,84.8,3,57,0.0526,0.1579,2.0,8.0,1.0,7.0,130.0,85.1,40.0,0.2857,1.0,5.0,5.0,12.0,154.0,84.5,38.0,0.0833,83.4,28.6,69.0,999.0,0.0,10.4,6.5,281.7,W,-2.12,-5.49,1.5
448604,2016-08-13,2016,HOU,2016-08-13 13:07:00,13,4,2,6,2,18,5,14,260,82.7,4,43,0.093,0.1429,2.0,8.0,2.0,7.0,132.0,81.6,34.0,0.2857,0.0,10.0,3.0,7.0,128.0,84.0,29.0,0.0,80.7,27.1,81.3,997.6,0.6,20.9,13.0,213.7,SW,17.37,12.36,20.28
448619,2016-08-14,2016,HOU,2016-08-14 13:07:00,13,9,2,11,4,20,4,18,286,86.8,4,50,0.08,0.2222,3.0,9.0,4.0,11.0,168.0,88.2,36.0,0.2727,1.0,11.0,0.0,7.0,118.0,85.4,34.0,0.1429,78.3,25.7,57.0,1004.9,0.0,11.9,7.4,278.3,W,-1.73,-5.66,2.41
448739,2016-08-23,2016,LAA,2016-08-23 19:07:00,19,7,2,9,2,5,9,18,281,83.6,4,59,0.0678,0.1111,1.0,2.0,7.0,10.0,157.0,81.2,42.0,0.1,1.0,3.0,2.0,8.0,124.0,86.2,39.0,0.125,75.3,24.1,63.7,1012.4,0.0,13.2,8.2,208.7,SW,11.58,8.72,13.05
448755,2016-08-24,2016,LAA,2016-08-24 19:07:00,19,2,8,10,2,14,8,26,347,82.5,2,63,0.0317,0.0769,0.0,4.0,2.0,9.0,163.0,83.0,55.0,0.0,2.0,10.0,5.0,17.0,184.0,82.0,51.0,0.1176,77.2,25.1,61.7,1005.7,0.0,15.6,9.7,193.3,S,15.21,13.06,15.53
448767,2016-08-25,2016,LAA,2016-08-25 19:07:00,19,3,6,9,1,14,6,18,288,86.3,3,55,0.0545,0.0556,1.0,7.0,3.0,7.0,145.0,85.5,40.0,0.1429,0.0,7.0,3.0,11.0,143.0,87.3,35.0,0.0,74.4,23.6,91.7,1003.1,3.1,6.4,4.0,256.7,W,1.47,-0.74,3.5
448780,2016-08-26,2016,MIN,2016-08-26 19:07:00,19,15,8,23,5,15,10,24,354,84.9,4,61,0.0656,0.2083,4.0,6.0,5.0,15.0,181.0,89.5,43.0,0.2667,1.0,9.0,5.0,9.0,173.0,80.6,46.0,0.1111,79.2,26.2,58.3,1008.9,0.0,12.1,7.5,320.1,NW,-9.31,-11.41,-6.08
448795,2016-08-27,2016,MIN,2016-08-27 13:07:00,13,8,7,15,2,14,7,21,309,84.3,1,55,0.0182,0.0952,1.0,4.0,5.0,10.0,148.0,82.4,40.0,0.1,1.0,10.0,2.0,11.0,161.0,86.0,44.0,0.0909,73.1,22.8,69.3,1011.9,0.0,10.3,6.4,126.3,SE,6.1,8.57,2.9
448810,2016-08-28,2016,MIN,2016-08-28 13:07:00,13,9,6,15,4,11,8,23,302,85.0,6,61,0.0984,0.1739,4.0,2.0,4.0,13.0,153.0,87.7,48.0,0.3077,0.0,9.0,4.0,10.0,149.0,81.8,40.0,0.0,80.8,27.1,68.3,1010.2,0.1,13.6,8.4,251.0,W,4.42,-0.24,8.54
448962,2016-09-09,2016,BOS,2016-09-09 19:07:00,19,3,13,16,2,16,5,27,353,84.7,2,64,0.0312,0.0741,0.0,10.0,1.0,9.0,157.0,85.7,40.0,0.0,2.0,6.0,4.0,18.0,196.0,83.8,50.0,0.1111,76.4,24.7,75.3,1005.1,0.0,6.9,4.3,40.7,NE,-5.21,-3.37,-6.43
448977,2016-09-10,2016,BOS,2016-09-10 13:05:00,13,3,2,5,2,16,5,10,274,84.4,2,47,0.0426,0.2,1.0,8.0,3.0,6.0,136.0,86.4,38.0,0.1667,1.0,8.0,2.0,4.0,138.0,82.3,37.0,0.25,76.9,24.9,82.7,996.6,0.6,31.5,19.6,201.0,S,29.38,23.75,31.46
448992,2016-09-11,2016,BOS,2016-09-11 13:07:00,13,8,11,19,6,24,13,19,337,86.0,5,48,0.1042,0.3158,3.0,13.0,7.0,8.0,168.0,83.8,35.0,0.375,3.0,11.0,6.0,11.0,169.0,88.0,41.0,0.2727,68.2,20.1,45.0,1009.9,0.0,15.4,9.6,309.7,NW,-9.85,-13.32,-5.19
449019,2016-09-12,2016,TB,2016-09-12 19:07:00,19,3,2,5,4,11,3,10,227,85.6,6,51,0.1176,0.4,2.0,5.0,1.0,6.0,110.0,86.5,34.0,0.3333,2.0,6.0,2.0,4.0,117.0,84.8,35.0,0.5,71.2,21.8,53.7,1010.3,0.0,10.2,6.4,178.7,S,10.23,9.7,9.53
449034,2016-09-13,2016,TB,2016-09-13 19:07:00,19,2,6,8,3,15,9,16,311,87.0,1,50,0.02,0.1875,1.0,7.0,2.0,9.0,159.0,89.4,40.0,0.1111,2.0,8.0,7.0,7.0,152.0,84.3,35.0,0.2857,74.5,23.6,61.7,1005.3,0.0,16.8,10.4,216.3,SW,13.53,9.31,16.12
449049,2016-09-14,2016,TB,2016-09-14 12:37:00,12,1,8,9,2,16,7,15,307,81.8,3,54,0.0556,0.1333,0.0,6.0,4.0,2.0,133.0,79.9,33.0,0.0,2.0,10.0,3.0,13.0,174.0,83.3,40.0,0.1538,65.9,18.8,62.3,1013.1,0.0,14.9,9.2,354.0,N,-14.79,-14.43,-13.36
449164,2016-09-23,2016,NYY,2016-09-23 19:07:00,19,9,0,9,1,13,9,16,295,83.8,2,52,0.0385,0.0625,1.0,5.0,5.0,13.0,158.0,84.0,37.0,0.0769,0.0,8.0,3.0,3.0,137.0,83.5,35.0,0.0,63.8,17.7,65.0,1010.9,0.0,9.4,5.8,48.0,NE,-6.27,-3.51,-8.27
449179,2016-09-24,2016,NYY,2016-09-24 16:07:00,16,3,0,3,1,9,8,9,256,82.4,1,46,0.0217,0.1111,1.0,2.0,5.0,6.0,117.0,82.4,39.0,0.1667,0.0,7.0,3.0,3.0,139.0,82.4,37.0,0.0,62.9,17.2,41.0,1013.0,0.0,7.2,4.5,7.3,N,-7.11,-6.37,-6.99
449194,2016-09-25,2016,NYY,2016-09-25 13:07:00,13,4,3,7,2,21,8,17,313,80.5,2,47,0.0426,0.1176,1.0,12.0,5.0,9.0,167.0,80.3,29.0,0.1111,1.0,9.0,2.0,8.0,146.0,80.5,42.0,0.125,59.7,15.4,59.0,1013.5,0.0,7.7,4.8,112.0,E,2.87,5.13,0.27
449207,2016-09-26,2016,NYY,2016-09-26 19:07:00,19,5,7,12,2,9,10,17,293,83.7,4,60,0.0667,0.1176,0.0,6.0,8.0,6.0,159.0,81.6,31.0,0.0,2.0,3.0,2.0,11.0,134.0,85.1,48.0,0.1818,63.0,17.2,81.7,1000.8,0.0,11.8,7.4,253.0,W,3.46,-0.62,7.12
449212,2016-09-27,2016,BAL,2016-09-27 19:07:00,19,5,1,6,2,18,6,17,268,83.5,3,47,0.0638,0.1176,2.0,6.0,3.0,9.0,132.0,82.9,35.0,0.2222,0.0,12.0,3.0,8.0,136.0,84.2,32.0,0.0,64.2,17.9,52.7,998.9,0.0,14.0,8.7,194.0,S,13.55,11.58,13.89
449227,2016-09-28,2016,BAL,2016-09-28 19:07:00,19,2,3,5,2,20,5,17,298,84.8,2,48,0.0417,0.1176,0.0,7.0,4.0,6.0,147.0,85.0,29.0,0.0,2.0,13.0,1.0,11.0,151.0,84.7,43.0,0.1818,65.5,18.6,66.3,1009.6,0.0,25.8,16.0,76.7,E,-5.95,3.0,-14.18
449242,2016-09-29,2016,BAL,2016-09-29 19:07:00,19,0,4,4,0,15,5,12,264,84.5,2,50,0.04,0.0,0.0,8.0,3.0,3.0,143.0,82.4,34.0,0.0,0.0,7.0,2.0,9.0,121.0,86.5,35.0,0.0,62.3,16.8,74.7,1017.4,0.0,21.9,13.6,80.0,E,-3.81,3.81,-10.97
490209,2017-04-11,2017,MIL,2017-04-11 19:07:00,19,3,4,7,2,23,6,16,334,84.5,7,48,0.1458,0.125,0.0,10.0,5.0,5.0,158.0,85.4,36.0,0.0,2.0,13.0,1.0,11.0,176.0,83.7,47.0,0.1818,58.9,15.0,79.7,1006.3,0.0,20.0,12.4,260.5,W,3.31,-3.64,9.87
490222,2017-04-12,2017,MIL,2017-04-12 19:07:00,19,0,2,2,1,12,4,11,212,83.4,2,49,0.0408,0.0909,0.0,8.0,2.0,4.0,112.0,78.5,35.0,0.0,1.0,4.0,1.0,7.0,100.0,88.3,34.0,0.1429,44.7,7.0,47.0,1017.8,0.0,16.4,10.2,293.3,NW,-6.5,-11.25,-0.95
490230,2017-04-13,2017,BAL,2017-04-13 19:07:00,19,1,2,3,0,21,5,11,261,79.5,1,42,0.0238,0.0,0.0,6.0,3.0,6.0,141.0,76.2,38.0,0.0,0.0,15.0,2.0,5.0,120.0,84.5,25.0,0.0,46.9,8.3,53.3,1018.3,0.0,6.6,4.1,162.2,S,6.29,6.59,5.22
490241,2017-04-14,2017,BAL,2017-04-14 19:07:00,19,4,6,10,5,21,4,19,317,83.3,5,51,0.098,0.2632,1.0,15.0,0.0,10.0,157.0,82.4,38.0,0.1,4.0,6.0,4.0,9.0,160.0,84.0,42.0,0.4444,46.3,7.9,52.3,1016.3,0.0,9.1,5.7,71.0,E,-2.97,0.16,-5.73
490256,2017-04-15,2017,BAL,2017-04-15 13:07:00,13,2,1,3,1,16,4,12,246,81.6,3,45,0.0667,0.0833,1.0,7.0,1.0,6.0,115.0,86.6,31.0,0.1667,0.0,9.0,3.0,6.0,131.0,77.1,34.0,0.0,48.6,9.2,87.0,1006.5,3.0,7.4,4.6,118.3,SE,3.51,5.53,1.07
490271,2017-04-16,2017,BAL,2017-04-16 13:07:00,13,4,11,15,5,15,4,27,341,82.8,5,66,0.0758,0.1852,1.0,9.0,2.0,12.0,181.0,81.5,49.0,0.0833,4.0,6.0,2.0,15.0,160.0,84.1,48.0,0.2667,70.5,21.4,60.3,995.8,0.5,32.3,20.1,251.9,W,10.01,-1.09,19.91
490297,2017-04-18,2017,BOS,2017-04-18 19:07:00,19,7,8,15,4,15,8,27,348,83.2,5,65,0.0769,0.1481,3.0,7.0,4.0,12.0,181.0,82.5,50.0,0.25,1.0,8.0,3.0,15.0,167.0,83.9,45.0,0.0667,40.4,4.7,59.7,1016.4,0.0,16.1,10.0,73.0,E,-4.7,0.84,-9.67
490312,2017-04-19,2017,BOS,2017-04-19 19:07:00,19,3,0,3,0,16,3,12,259,82.2,1,48,0.0208,0.0,0.0,7.0,1.0,6.0,122.0,81.3,38.0,0.0,0.0,9.0,2.0,6.0,137.0,83.1,37.0,0.0,60.3,15.7,71.0,1006.2,0.0,12.1,7.5,346.7,N,-11.77,-12.02,-10.11
490327,2017-04-20,2017,BOS,2017-04-20 12:37:00,12,1,4,5,1,28,5,12,308,77.9,1,43,0.0233,0.0833,1.0,18.0,1.0,5.0,132.0,77.1,33.0,0.2,0.0,10.0,4.0,7.0,176.0,78.4,50.0,0.0,40.9,4.9,91.0,1008.3,9.8,23.6,14.7,80.3,E,-3.98,4.23,-11.7
490444,2017-04-28,2017,TB,2017-04-28 19:07:00,19,4,7,11,5,16,6,22,298,81.3,5,59,0.0847,0.2273,1.0,5.0,3.0,11.0,152.0,84.1,42.0,0.0909,4.0,11.0,3.0,11.0,146.0,78.4,42.0,0.3636,59.1,15.0,48.0,1003.9,0.0,17.1,10.6,215.3,SW,13.95,9.73,16.49
490459,2017-04-29,2017,TB,2017-04-29 13:07:00,13,4,1,5,1,14,8,11,271,83.1,1,46,0.0217,0.0909,1.0,4.0,3.0,6.0,115.0,84.9,34.0,0.1667,0.0,10.0,5.0,5.0,156.0,81.6,40.0,0.0,55.0,12.8,61.7,1010.5,0.0,7.0,4.3,201.8,S,6.5,5.22,7.0
490474,2017-04-30,2017,TB,2017-04-30 13:07:00,13,3,1,4,0,16,8,11,279,81.4,1,44,0.0227,0.0,0.0,6.0,2.0,7.0,133.0,82.1,39.0,0.0,0.0,10.0,5.0,4.0,146.0,80.2,26.0,0.0,43.0,6.1,72.3,1009.8,0.0,33.1,20.5,76.7,E,-7.63,3.84,-18.17
490575,2017-05-08,2017,CLE,2017-05-08 19:07:00,19,4,2,6,1,15,8,14,305,85.3,2,44,0.0455,0.0714,1.0,10.0,5.0,6.0,159.0,84.0,35.0,0.1667,0.0,5.0,3.0,8.0,146.0,86.3,40.0,0.0,45.1,7.3,42.0,1002.9,0.0,11.0,6.9,308.3,NW,-6.84,-9.39,-3.47
490586,2017-05-09,2017,CLE,2017-05-09 19:07:00,19,0,6,6,1,15,6,11,267,81.6,3,47,0.0638,0.0909,0.0,7.0,0.0,4.0,120.0,82.4,31.0,0.0,1.0,8.0,6.0,7.0,147.0,80.9,36.0,0.1429,45.0,7.2,71.0,1006.0,0.0,10.6,6.6,72.4,E,-3.22,0.44,-6.49
490602,2017-05-10,2017,CLE,2017-05-10 19:07:00,19,8,7,15,2,15,9,22,347,81.8,3,57,0.0526,0.0909,2.0,7.0,6.0,11.0,184.0,81.3,47.0,0.1818,0.0,8.0,3.0,11.0,163.0,82.3,44.0,0.0,45.4,7.4,68.3,1008.5,0.0,6.1,3.8,86.6,E,-0.36,1.76,-2.43
490622,2017-05-11,2017,SEA,2017-05-11 19:07:00,19,7,2,9,3,16,7,15,281,81.9,4,49,0.0816,0.2,2.0,6.0,3.0,9.0,136.0,79.2,41.0,0.2222,1.0,10.0,4.0,6.0,145.0,84.9,37.0,0.1667,49.2,9.5,67.7,1005.7,0.0,8.4,5.2,61.9,NE,-3.97,-1.19,-6.28
490637,2017-05-12,2017,SEA,2017-05-12 19:07:00,19,4,0,4,1,11,1,17,229,82.5,2,56,0.0357,0.0588,1.0,3.0,1.0,10.0,99.0,83.0,38.0,0.1,0.0,8.0,0.0,7.0,130.0,81.9,39.0,0.0,50.8,10.4,74.3,1003.1,0.1,3.6,2.3,178.1,S,3.63,3.45,3.37
490652,2017-05-13,2017,SEA,2017-05-13 13:07:00,13,7,2,9,2,13,4,23,294,81.5,4,60,0.0667,0.087,2.0,2.0,0.0,11.0,140.0,86.6,48.0,0.1818,0.0,11.0,4.0,12.0,154.0,76.3,47.0,0.0,55.3,13.0,83.0,1000.0,1.3,9.2,5.7,111.0,E,3.3,6.04,0.16
490667,2017-05-14,2017,SEA,2017-05-14 13:07:00,13,3,2,5,3,18,8,13,292,78.7,2,46,0.0435,0.2308,2.0,10.0,5.0,7.0,164.0,76.8,48.0,0.2857,1.0,8.0,3.0,6.0,128.0,81.6,33.0,0.1667,59.7,15.4,43.3,995.8,0.4,24.9,15.5,314.4,NW,-17.41,-22.45,-10.27
490669,2017-05-15,2017,ATL,2017-05-15 19:07:00,19,6,10,16,2,14,8,23,316,83.6,2,62,0.0323,0.087,1.0,5.0,5.0,10.0,159.0,84.1,48.0,0.1,1.0,9.0,3.0,13.0,157.0,83.0,41.0,0.0769,59.3,15.2,55.3,1005.1,0.0,14.0,8.7,328.7,NW,-11.99,-13.76,-8.77
490677,2017-05-16,2017,ATL,2017-05-16 16:07:00,16,5,9,14,3,13,6,22,291,81.8,6,59,0.1017,0.1364,1.0,6.0,5.0,7.0,140.0,84.9,29.0,0.1429,2.0,7.0,0.0,15.0,151.0,80.0,52.0,0.1333,59.4,15.2,64.3,1003.1,0.0,12.5,7.8,121.0,SE,6.46,9.74,2.39
490828,2017-05-26,2017,TEX,2017-05-26 19:07:00,19,7,6,13,4,17,10,19,315,82.1,4,52,0.0769,0.2105,3.0,9.0,5.0,9.0,156.0,78.7,44.0,0.3333,1.0,8.0,5.0,10.0,159.0,85.6,43.0,0.1,61.8,16.5,74.0,999.4,0.0,10.1,6.3,325.4,NW,-8.34,-9.81,-5.87
490843,2017-05-27,2017,TEX,2017-05-27 13:07:00,13,3,1,4,2,19,5,13,291,82.2,4,45,0.0889,0.1538,1.0,7.0,4.0,7.0,145.0,81.8,37.0,0.1429,1.0,12.0,1.0,6.0,146.0,82.5,34.0,0.1667,61.7,16.5,83.3,1002.5,0.0,9.8,6.1,133.2,SE,6.69,8.72,3.85
490858,2017-05-28,2017,TEX,2017-05-28 13:07:00,13,1,3,4,1,12,4,17,275,82.7,3,57,0.0526,0.0588,0.0,3.0,2.0,7.0,129.0,85.0,43.0,0.0,1.0,9.0,2.0,10.0,146.0,80.2,41.0,0.1,62.4,16.9,81.7,999.1,0.0,17.2,10.7,81.3,E,-2.6,3.39,-8.27
490863,2017-05-29,2017,CIN,2017-05-29 19:07:00,19,17,2,19,4,8,8,29,321,83.8,3,70,0.0429,0.1379,3.0,1.0,7.0,23.0,183.0,84.2,58.0,0.1304,1.0,7.0,1.0,6.0,138.0,83.2,32.0,0.1667,67.8,19.9,61.3,999.4,0.1,14.1,8.8,222.6,SW,10.4,6.49,13.04
490878,2017-05-30,2017,CIN,2017-05-30 19:07:00,19,6,4,10,7,19,9,15,302,82.3,7,44,0.1591,0.4667,4.0,8.0,3.0,7.0,134.0,81.7,35.0,0.5714,3.0,11.0,6.0,8.0,168.0,82.8,42.0,0.375,64.2,17.9,73.3,1001.2,0.1,8.2,5.1,136.5,SE,5.97,7.55,3.67
490893,2017-05-31,2017,CIN,2017-05-31 12:37:00,12,5,4,9,4,21,7,14,287,81.1,2,42,0.0476,0.2857,2.0,6.0,3.0,7.0,134.0,81.9,35.0,0.2857,2.0,15.0,4.0,7.0,153.0,80.3,33.0,0.2857,65.6,18.7,57.3,1001.2,2.3,18.9,11.7,233.3,SW,11.29,5.42,15.79
490910,2017-06-01,2017,NYY,2017-06-01 19:07:00,19,2,12,14,4,20,3,22,312,84.2,4,55,0.0727,0.1818,2.0,9.0,0.0,7.0,132.0,84.2,36.0,0.2857,2.0,11.0,3.0,15.0,180.0,84.2,53.0,0.1333,57.9,14.4,58.3,1004.4,0.0,11.8,7.3,321.7,NW,-9.26,-11.2,-6.2
490921,2017-06-02,2017,NYY,2017-06-02 19:07:00,19,7,5,12,5,15,7,20,298,82.5,7,56,0.125,0.25,3.0,5.0,3.0,12.0,142.0,81.1,43.0,0.25,2.0,10.0,4.0,8.0,156.0,84.0,41.0,0.25,60.4,15.8,66.0,1004.9,0.0,6.5,4.0,359.6,N,-6.47,-6.09,-6.06
490936,2017-06-03,2017,NYY,2017-06-03 13:07:00,13,0,7,7,4,17,6,11,288,84.3,3,49,0.0612,0.3636,0.0,9.0,5.0,3.0,151.0,81.8,37.0,0.0,4.0,8.0,1.0,8.0,137.0,86.4,44.0,0.5,66.4,19.1,46.3,1007.2,0.0,7.3,4.6,221.8,SW,5.46,3.46,6.81
490951,2017-06-04,2017,NYY,2017-06-04 13:07:00,13,3,2,5,2,17,2,13,243,82.9,3,44,0.0682,0.1538,2.0,8.0,1.0,7.0,111.0,84.4,38.0,0.2857,0.0,9.0,1.0,6.0,132.0,81.2,34.0,0.0,60.1,15.6,86.7,997.6,0.0,12.0,7.5,71.7,E,-3.78,0.35,-7.46
491073,2017-06-13,2017,TB,2017-06-13 19:07:00,19,1,8,9,3,19,4,24,314,83.4,7,56,0.125,0.125,0.0,10.0,2.0,8.0,139.0,84.6,39.0,0.0,3.0,9.0,2.0,16.0,175.0,82.5,50.0,0.1875,73.0,22.8,68.3,1005.2,0.0,6.3,3.9,54.9,NE,-3.61,-1.63,-5.14
491088,2017-06-14,2017,TB,2017-06-14 19:07:00,19,7,6,13,3,18,7,18,294,81.7,3,53,0.0566,0.1667,2.0,7.0,3.0,10.0,150.0,83.2,44.0,0.2,1.0,11.0,3.0,8.0,144.0,79.9,39.0,0.125,64.8,18.2,59.7,1005.8,0.0,11.8,7.3,75.3,E,-2.99,1.1,-6.71
491103,2017-06-16,2017,CWS,2017-06-16 19:07:00,19,4,11,15,4,16,6,22,291,82.7,5,55,0.0909,0.1818,3.0,6.0,3.0,8.0,138.0,83.1,40.0,0.375,1.0,10.0,3.0,14.0,153.0,82.3,47.0,0.0714,72.9,22.7,72.0,997.6,0.0,11.1,6.9,138.6,SE,8.35,10.37,5.33
491118,2017-06-17,2017,CWS,2017-06-17 13:07:00,13,2,5,7,3,15,3,14,250,83.7,4,52,0.0769,0.2143,0.0,9.0,1.0,6.0,128.0,81.1,34.0,0.0,3.0,6.0,1.0,8.0,122.0,86.2,35.0,0.375,80.1,26.7,68.0,996.8,0.0,15.5,9.7,187.3,S,15.41,13.81,15.15
491133,2017-06-18,2017,CWS,2017-06-18 13:07:00,13,7,3,10,2,16,4,21,279,81.8,4,55,0.0727,0.0952,2.0,3.0,3.0,13.0,142.0,84.9,40.0,0.1538,0.0,13.0,1.0,8.0,137.0,79.1,47.0,0.0,79.3,26.3,68.7,990.9,0.2,28.9,18.0,207.0,SW,25.75,19.71,28.68
491251,2017-06-27,2017,BAL,2017-06-27 19:07:00,19,1,3,4,1,15,8,13,300,82.5,2,49,0.0408,0.0769,1.0,9.0,3.0,6.0,150.0,82.2,37.0,0.1667,0.0,6.0,5.0,7.0,150.0,82.8,42.0,0.0,65.0,18.3,52.0,1004.2,0.0,11.7,7.2,290.3,W,-4.05,-7.55,-0.07
491266,2017-06-28,2017,BAL,2017-06-28 19:07:00,19,4,0,4,2,20,6,12,287,84.0,2,40,0.05,0.1667,2.0,8.0,4.0,7.0,146.0,84.9,34.0,0.2857,0.0,12.0,2.0,5.0,141.0,82.9,28.0,0.0,69.0,20.5,57.7,1004.9,0.0,20.5,12.7,210.7,SW,17.64,13.0,20.15
491281,2017-06-29,2017,BAL,2017-06-29 19:07:00,19,0,2,2,0,14,3,11,236,82.2,1,50,0.02,0.0,0.0,9.0,1.0,3.0,114.0,77.2,34.0,0.0,0.0,5.0,2.0,8.0,122.0,86.8,37.0,0.0,74.3,23.5,76.3,998.8,0.0,17.6,10.9,216.0,SW,14.21,9.82,16.89
491294,2017-06-30,2017,BOS,2017-06-30 19:07:00,19,4,7,11,2,18,20,19,456,78.5,1,64,0.0156,0.1053,2.0,10.0,5.0,6.0,205.0,76.4,56.0,0.3333,0.0,8.0,11.0,13.0,251.0,80.5,60.0,0.0,77.5,25.3,70.0,999.5,0.0,9.4,5.9,238.3,SW,4.95,1.91,7.4
491309,2017-07-01,2017,BOS,2017-07-01 13:07:00,13,1,7,8,1,21,5,18,304,79.9,2,49,0.0408,0.0556,1.0,13.0,1.0,6.0,149.0,79.6,44.0,0.1667,0.0,8.0,4.0,12.0,155.0,80.2,44.0,0.0,75.6,24.2,78.3,998.2,1.2,13.6,8.5,212.3,SW,11.49,8.31,13.29
491324,2017-07-02,2017,BOS,2017-07-02 13:07:00,13,1,15,16,3,15,7,26,355,82.2,4,62,0.0645,0.1154,0.0,6.0,3.0,5.0,157.0,79.6,39.0,0.0,3.0,9.0,4.0,21.0,198.0,84.2,52.0,0.1429,71.9,22.2,76.0,1003.9,1.6,14.3,8.9,200.5,S,13.36,10.85,14.27
491383,2017-07-06,2017,HOU,2017-07-06 19:07:00,19,7,4,11,3,15,5,24,321,79.5,5,58,0.0862,0.125,1.0,9.0,3.0,13.0,173.0,81.9,45.0,0.0769,2.0,6.0,2.0,11.0,148.0,77.2,47.0,0.1818,75.6,24.2,62.7,1000.9,0.0,17.0,10.6,202.0,S,15.76,12.63,16.99
491395,2017-07-07,2017,HOU,2017-07-07 19:07:00,19,2,12,14,6,17,7,20,322,78.7,5,53,0.0943,0.3,2.0,8.0,2.0,6.0,151.0,76.6,41.0,0.3333,4.0,9.0,5.0,14.0,171.0,80.7,43.0,0.2857,73.5,23.0,81.3,995.8,0.2,4.7,2.9,195.3,S,4.5,3.81,4.65
491410,2017-07-08,2017,HOU,2017-07-08 13:07:00,13,7,2,9,3,15,9,15,272,82.0,2,46,0.0435,0.2,2.0,8.0,6.0,8.0,143.0,78.9,29.0,0.25,1.0,7.0,3.0,7.0,129.0,85.0,30.0,0.1429,73.5,23.1,41.7,1000.0,0.0,23.7,14.7,322.7,NW,-18.82,-22.59,-12.77
491425,2017-07-09,2017,HOU,2017-07-09 13:07:00,13,1,19,20,6,14,13,24,353,82.6,5,64,0.0781,0.25,1.0,7.0,5.0,7.0,144.0,80.5,42.0,0.1429,5.0,7.0,8.0,17.0,209.0,84.2,56.0,0.2941,78.1,25.6,44.0,1003.7,0.0,18.4,11.5,245.0,SW,7.79,1.61,13.03
491587,2017-07-24,2017,ATH,2017-07-24 19:07:00,19,4,2,6,2,13,9,10,271,82.3,3,45,0.0667,0.2,1.0,4.0,6.0,8.0,140.0,82.1,42.0,0.125,1.0,9.0,3.0,2.0,131.0,82.6,25.0,0.5,66.0,18.9,75.3,1002.2,0.1,18.1,11.2,351.3,N,-17.89,-17.75,-15.88
491602,2017-07-25,2017,ATH,2017-07-25 19:07:00,19,4,1,5,0,17,6,12,272,79.8,0,44,0.0,0.0,0.0,11.0,4.0,6.0,152.0,76.1,38.0,0.0,0.0,6.0,2.0,6.0,120.0,83.5,37.0,0.0,67.3,19.6,74.0,1012.4,0.0,8.2,5.1,175.3,S,8.17,7.91,7.45
491617,2017-07-26,2017,ATH,2017-07-26 19:07:00,19,3,2,5,3,13,9,8,285,81.6,1,44,0.0227,0.375,2.0,4.0,4.0,5.0,126.0,85.5,36.0,0.4,1.0,9.0,5.0,3.0,159.0,78.0,40.0,0.3333,68.2,20.1,83.0,1006.4,0.4,11.4,7.1,131.3,SE,7.53,10.0,4.14
491625,2017-07-27,2017,ATH,2017-07-27 12:37:00,12,8,4,12,4,20,12,19,342,81.0,4,55,0.0727,0.2105,4.0,11.0,4.0,10.0,169.0,81.6,39.0,0.4,0.0,9.0,8.0,9.0,173.0,80.6,48.0,0.0,75.6,24.2,67.7,1003.0,0.0,3.3,2.1,206.3,SW,2.99,2.3,3.31
491636,2017-07-28,2017,LAA,2017-07-28 19:07:00,19,2,7,9,2,10,5,17,269,83.2,1,61,0.0164,0.1176,1.0,4.0,1.0,6.0,120.0,84.4,39.0,0.1667,1.0,6.0,4.0,11.0,149.0,82.1,45.0,0.0909,69.1,20.6,54.3,1004.2,0.0,11.5,7.2,20.4,N,-10.81,-8.79,-11.53
491651,2017-07-29,2017,LAA,2017-07-29 13:07:00,13,5,6,11,1,17,6,15,284,79.9,1,51,0.0196,0.0667,1.0,10.0,3.0,8.0,142.0,84.5,36.0,0.125,0.0,7.0,3.0,7.0,142.0,76.2,44.0,0.0,79.1,26.2,47.7,1005.8,0.0,14.7,9.1,38.3,NE,-11.53,-7.72,-13.96
491666,2017-07-30,2017,LAA,2017-07-30 13:07:00,13,11,10,21,5,10,9,26,341,78.6,2,64,0.0312,0.1923,3.0,4.0,6.0,12.0,173.0,81.4,51.0,0.25,2.0,6.0,2.0,14.0,168.0,75.9,55.0,0.1429,85.3,29.6,34.3,1007.9,0.0,12.2,7.6,335.0,NW,-11.03,-12.12,-8.6
491785,2017-08-08,2017,NYY,2017-08-08 19:07:00,19,4,2,6,2,9,7,18,285,84.2,3,57,0.0526,0.1111,2.0,3.0,2.0,11.0,134.0,87.3,37.0,0.1818,0.0,6.0,5.0,7.0,151.0,81.4,40.0,0.0,72.6,22.6,61.7,1006.8,0.0,9.6,5.9,254.7,W,2.53,-0.78,5.53
491800,2017-08-09,2017,NYY,2017-08-09 19:07:00,19,5,11,16,4,18,9,23,354,79.9,4,57,0.0702,0.1739,1.0,9.0,7.0,6.0,178.0,78.4,45.0,0.1667,3.0,9.0,2.0,17.0,176.0,81.0,58.0,0.1765,75.0,23.9,59.3,1010.2,0.0,8.0,5.0,310.7,NW,-5.23,-7.0,-2.83
491815,2017-08-10,2017,NYY,2017-08-10 19:07:00,19,4,0,4,1,19,9,11,281,81.6,1,42,0.0238,0.0909,1.0,9.0,4.0,5.0,130.0,81.1,21.0,0.2,0.0,10.0,5.0,6.0,151.0,81.9,33.0,0.0,73.2,22.9,79.0,1007.7,0.1,13.0,8.1,105.3,E,3.43,7.5,-1.06
491830,2017-08-11,2017,PIT,2017-08-11 19:07:00,19,2,4,6,1,15,2,12,249,82.0,1,51,0.0196,0.0833,1.0,9.0,1.0,8.0,129.0,80.5,43.0,0.125,0.0,6.0,1.0,4.0,120.0,83.9,33.0,0.0,69.3,20.7,87.3,1002.1,3.5,5.9,3.7,210.3,SW,5.1,3.77,5.81
491845,2017-08-12,2017,PIT,2017-08-12 13:07:00,13,7,2,9,1,16,7,16,261,82.0,1,51,0.0196,0.0625,0.0,9.0,4.0,8.0,133.0,82.7,32.0,0.0,1.0,7.0,3.0,8.0,128.0,81.3,34.0,0.125,74.4,23.5,65.3,1000.2,0.3,16.8,10.5,280.0,W,-2.93,-8.43,2.91
491860,2017-08-13,2017,PIT,2017-08-13 13:07:00,13,7,1,8,3,19,11,11,296,81.4,3,43,0.0698,0.2727,3.0,9.0,6.0,7.0,148.0,82.2,43.0,0.4286,0.0,10.0,5.0,4.0,148.0,80.3,31.0,0.0,75.5,24.2,54.7,1006.3,0.0,14.0,8.7,187.0,S,13.93,12.5,13.67
491872,2017-08-14,2017,TB,2017-08-14 19:07:00,19,2,1,3,2,8,8,9,278,77.0,3,52,0.0577,0.2222,1.0,4.0,3.0,5.0,144.0,76.6,48.0,0.2,1.0,4.0,4.0,4.0,134.0,77.3,48.0,0.25,70.5,21.4,76.0,1000.8,0.0,9.5,5.9,103.3,E,2.18,5.2,-1.1
491887,2017-08-15,2017,TB,2017-08-15 19:07:00,19,4,6,10,3,11,6,21,301,80.1,3,64,0.0469,0.1429,1.0,6.0,1.0,8.0,137.0,76.0,40.0,0.125,2.0,5.0,5.0,13.0,164.0,83.6,48.0,0.1538,71.9,22.2,70.7,1001.9,0.0,8.0,5.0,335.6,NW,-7.26,-7.94,-5.69
491902,2017-08-16,2017,TB,2017-08-16 19:07:00,19,3,2,5,1,16,6,14,283,81.0,0,47,0.0,0.0714,1.0,6.0,2.0,7.0,125.0,80.8,37.0,0.1429,0.0,10.0,4.0,7.0,158.0,81.2,35.0,0.0,68.1,20.1,77.0,1006.9,0.0,5.3,3.3,123.7,SE,2.94,4.27,1.25
491911,2017-08-17,2017,TB,2017-08-17 16:07:00,16,5,3,8,3,16,8,17,292,79.8,4,52,0.0769,0.1765,3.0,10.0,1.0,6.0,127.0,79.0,40.0,0.5,0.0,6.0,6.0,11.0,165.0,80.4,48.0,0.0,66.3,19.1,84.0,1000.4,4.0,24.1,15.0,80.7,E,-3.91,4.46,-11.81
492015,2017-08-25,2017,MIN,2017-08-25 19:07:00,19,1,6,7,1,11,4,23,289,82.2,2,66,0.0303,0.0435,1.0,1.0,2.0,10.0,127.0,83.9,53.0,0.1,0.0,10.0,2.0,13.0,162.0,80.4,51.0,0.0,63.4,17.5,63.0,1013.0,0.0,9.0,5.6,275.8,W,-0.9,-3.9,2.2
492030,2017-08-26,2017,MIN,2017-08-26 13:07:00,13,10,9,19,4,14,6,23,312,82.3,4,60,0.0667,0.1739,2.0,8.0,5.0,13.0,155.0,84.0,41.0,0.1538,2.0,6.0,1.0,10.0,157.0,80.7,46.0,0.2,70.6,21.4,46.7,1015.6,0.0,9.3,5.8,185.7,S,9.29,8.41,9.04
492045,2017-08-27,2017,MIN,2017-08-27 13:07:00,13,2,7,9,4,26,4,21,325,81.3,3,48,0.0625,0.1905,1.0,9.0,1.0,7.0,141.0,82.5,47.0,0.1429,3.0,17.0,3.0,14.0,184.0,80.2,51.0,0.2143,70.8,21.6,46.3,1014.3,0.0,19.5,12.1,93.7,E,1.25,7.84,-5.49
492054,2017-08-28,2017,BOS,2017-08-28 19:07:00,19,5,6,11,3,11,11,20,323,84.0,3,60,0.05,0.15,1.0,5.0,7.0,8.0,148.0,85.2,40.0,0.125,2.0,6.0,3.0,12.0,175.0,83.0,47.0,0.1667,66.9,19.4,74.3,1010.8,0.0,20.1,12.5,84.0,E,-2.1,4.87,-8.83
492064,2017-08-29,2017,BOS,2017-08-29 19:07:00,19,0,3,3,1,23,1,13,292,80.4,1,42,0.0238,0.0769,0.0,15.0,0.0,4.0,149.0,77.8,39.0,0.0,1.0,8.0,1.0,9.0,143.0,83.1,36.0,0.1111,65.0,18.3,74.3,1007.6,0.0,13.5,8.4,68.3,E,-5.0,-0.39,-9.0
492079,2017-08-30,2017,BOS,2017-08-30 19:07:00,19,1,7,8,3,15,8,16,313,79.7,3,52,0.0577,0.1875,1.0,9.0,2.0,6.0,132.0,78.9,44.0,0.1667,2.0,6.0,6.0,10.0,181.0,80.5,45.0,0.2,69.5,20.8,75.7,1003.3,0.2,5.8,3.6,265.0,W,0.5,-1.5,2.45
492204,2017-09-08,2017,DET,2017-09-08 19:07:00,19,4,5,9,4,13,4,15,258,84.1,5,53,0.0943,0.2667,2.0,5.0,3.0,8.0,125.0,85.0,35.0,0.25,2.0,8.0,1.0,7.0,133.0,83.4,40.0,0.2857,56.2,13.4,61.0,1013.4,0.0,14.3,8.9,335.0,NW,-12.99,-14.28,-10.14
492219,2017-09-09,2017,DET,2017-09-09 16:07:00,16,5,4,9,2,17,6,21,291,80.8,1,50,0.02,0.0952,1.0,8.0,5.0,13.0,154.0,80.0,37.0,0.0769,1.0,9.0,1.0,8.0,137.0,81.4,43.0,0.125,62.4,16.9,43.0,1019.1,0.0,14.0,8.7,347.7,N,-13.68,-13.87,-11.83
492234,2017-09-10,2017,DET,2017-09-10 13:07:00,13,8,2,10,3,19,3,23,302,81.0,3,53,0.0566,0.1304,2.0,8.0,1.0,16.0,155.0,82.2,49.0,0.125,1.0,11.0,2.0,7.0,147.0,79.5,40.0,0.1429,65.8,18.8,48.0,1021.5,0.0,5.1,3.2,84.2,E,-0.51,1.25,-2.22
492246,2017-09-11,2017,BAL,2017-09-11 19:07:00,19,4,3,7,2,20,3,14,290,79.9,2,45,0.0444,0.1429,1.0,8.0,2.0,8.0,143.0,80.9,38.0,0.125,1.0,12.0,1.0,6.0,147.0,79.1,42.0,0.1667,60.5,15.8,77.3,1011.6,0.0,7.5,4.6,165.4,S,7.22,7.43,6.14
492255,2017-09-12,2017,BAL,2017-09-12 19:07:00,19,3,2,5,1,15,3,16,238,80.5,2,52,0.0385,0.0625,0.0,11.0,3.0,10.0,139.0,82.6,39.0,0.0,1.0,4.0,0.0,6.0,99.0,78.3,37.0,0.1667,66.3,19.0,78.0,1002.5,0.0,4.3,2.7,170.6,S,4.27,4.26,3.77
492270,2017-09-13,2017,BAL,2017-09-13 19:07:00,19,1,2,3,0,19,5,14,254,81.6,1,45,0.0222,0.0,0.0,8.0,1.0,7.0,123.0,80.3,35.0,0.0,0.0,11.0,4.0,7.0,131.0,83.0,35.0,0.0,66.1,18.9,86.0,998.6,0.0,4.8,3.0,108.7,E,1.55,3.02,-0.11
492354,2017-09-19,2017,KC,2017-09-19 19:07:00,19,5,2,7,2,15,2,14,240,80.4,1,47,0.0213,0.1429,1.0,8.0,0.0,8.0,118.0,79.7,42.0,0.125,1.0,7.0,2.0,6.0,122.0,81.3,38.0,0.1667,70.5,21.4,94.0,1005.4,0.1,7.8,4.8,76.8,E,-1.77,0.93,-4.27
492369,2017-09-20,2017,KC,2017-09-20 19:07:00,19,5,15,20,4,13,7,24,301,84.4,3,66,0.0455,0.1667,1.0,5.0,2.0,6.0,129.0,83.4,40.0,0.1667,3.0,8.0,5.0,18.0,172.0,85.1,62.0,0.1667,69.5,20.8,91.3,1006.5,0.0,5.9,3.6,80.3,E,-0.99,1.05,-2.9
492382,2017-09-21,2017,KC,2017-09-21 19:07:00,19,0,1,1,0,17,5,10,253,76.9,0,44,0.0,0.0,0.0,10.0,3.0,2.0,113.0,75.3,26.0,0.0,0.0,7.0,2.0,8.0,140.0,77.9,44.0,0.0,69.6,20.9,83.3,1008.9,0.0,8.4,5.2,93.3,E,0.49,3.34,-2.42
492397,2017-09-22,2017,NYY,2017-09-22 19:07:00,19,8,1,9,4,13,7,10,247,85.2,5,48,0.1042,0.4,3.0,9.0,3.0,7.0,129.0,85.8,31.0,0.4286,1.0,4.0,4.0,3.0,118.0,84.6,34.0,0.3333,69.9,21.0,83.3,1008.4,0.0,3.6,2.2,223.6,SW,2.6,1.6,3.3
492412,2017-09-23,2017,NYY,2017-09-23 16:07:00,16,1,5,6,3,15,8,11,269,83.1,5,46,0.1087,0.2727,1.0,8.0,3.0,4.0,134.0,81.3,32.0,0.25,2.0,7.0,5.0,7.0,135.0,84.9,33.0,0.2857,81.8,27.7,55.0,1007.9,0.0,11.8,7.4,166.3,S,11.5,11.76,9.85
492427,2017-09-24,2017,NYY,2017-09-24 13:07:00,13,9,5,14,3,17,9,20,317,83.6,5,52,0.0962,0.15,1.0,9.0,5.0,11.0,158.0,80.6,44.0,0.0909,2.0,8.0,4.0,9.0,159.0,87.3,37.0,0.2222,85.8,29.9,58.7,1009.7,0.0,8.1,5.0,187.7,S,8.03,7.17,7.91
529415,2018-03-29,2018,NYY,2018-03-29 15:37:00,15,1,6,7,4,21,5,13,308,82.5,4,46,0.087,0.3077,1.0,12.0,3.0,2.0,136.0,80.0,33.0,0.5,3.0,9.0,2.0,11.0,172.0,84.1,48.0,0.2727,42.6,5.9,96.7,999.3,2.2,13.2,8.2,5.1,N,-13.15,-11.95,-12.76
529427,2018-03-30,2018,NYY,2018-03-30 19:07:00,19,2,4,6,1,18,5,13,256,82.9,3,47,0.0638,0.0769,1.0,12.0,1.0,5.0,125.0,83.1,42.0,0.2,0.0,6.0,4.0,8.0,131.0,82.7,36.0,0.0,34.9,1.6,45.3,1009.9,0.0,10.1,6.3,335.8,NW,-9.24,-10.11,-7.26
529439,2018-03-31,2018,NYY,2018-03-31 16:07:00,16,5,3,8,3,13,8,13,252,84.2,5,49,0.102,0.2308,1.0,9.0,4.0,9.0,138.0,85.3,31.0,0.1111,2.0,4.0,4.0,4.0,114.0,83.4,39.0,0.5,45.6,7.5,55.7,1001.3,0.7,26.6,16.5,197.7,S,25.32,21.03,26.54
529452,2018-04-01,2018,NYY,2018-04-01 13:07:00,13,7,4,11,3,24,11,17,314,83.5,5,44,0.1136,0.1765,2.0,12.0,4.0,12.0,163.0,82.5,39.0,0.1667,1.0,12.0,6.0,5.0,151.0,84.7,30.0,0.2,36.9,2.7,36.3,1009.7,0.0,19.2,12.0,268.7,W,0.45,-6.16,7.0
529460,2018-04-02,2018,CWS,2018-04-02 19:07:00,19,4,2,6,5,16,7,10,284,86.2,5,42,0.119,0.5,3.0,6.0,4.0,4.0,144.0,87.0,41.0,0.75,2.0,10.0,3.0,6.0,140.0,85.3,35.0,0.3333,38.1,3.4,63.7,1007.6,0.0,13.5,8.4,199.6,S,12.68,10.37,13.47
529474,2018-04-03,2018,CWS,2018-04-03 19:07:00,19,14,5,19,5,20,7,25,335,84.8,4,56,0.0714,0.2,2.0,6.0,4.0,15.0,171.0,85.2,53.0,0.1333,3.0,14.0,2.0,10.0,164.0,84.4,41.0,0.3,35.5,1.9,98.3,993.7,2.6,26.5,16.5,67.0,NE,-10.36,-1.39,-18.09
529485,2018-04-04,2018,CWS,2018-04-04 19:07:00,19,3,4,7,2,21,3,14,270,86.9,6,44,0.1364,0.1429,0.0,10.0,1.0,6.0,131.0,84.8,38.0,0.0,2.0,11.0,2.0,8.0,139.0,89.6,30.0,0.25,29.7,-1.3,49.3,1000.5,0.0,33.0,20.5,296.3,NW,-14.62,-23.85,-3.63
529647,2018-04-17,2018,KC,2018-04-16 19:07:00,19,5,4,9,2,21,11,19,383,83.9,2,55,0.0364,0.1053,0.0,13.0,6.0,9.0,194.0,85.6,43.0,0.0,2.0,8.0,4.0,10.0,189.0,82.6,52.0,0.2,36.2,2.3,88.0,990.4,1.0,16.2,10.1,256.3,W,3.84,-1.79,9.0
529661,2018-04-17,2018,KC,2018-04-17 15:07:00,15,11,3,14,4,17,4,24,300,86.8,6,55,0.1091,0.1667,2.0,10.0,2.0,13.0,154.0,87.8,50.0,0.1538,2.0,7.0,1.0,11.0,146.0,85.6,43.0,0.1818,37.2,2.9,48.0,993.3,0.2,23.0,14.3,263.0,W,2.8,-5.17,10.44
529676,2018-04-18,2018,KC,2018-04-18 16:07:00,16,15,5,20,5,19,10,23,335,85.0,8,57,0.1404,0.2174,3.0,9.0,7.0,15.0,182.0,86.7,48.0,0.2,2.0,10.0,3.0,8.0,153.0,83.3,51.0,0.25,43.5,6.4,55.7,998.2,0.0,15.4,9.5,269.3,W,0.18,-5.09,5.42
529747,2018-04-24,2018,BOS,2018-04-24 19:07:00,19,4,3,7,1,25,5,14,295,85.5,4,46,0.087,0.0714,1.0,11.0,3.0,5.0,132.0,86.0,37.0,0.2,0.0,14.0,2.0,9.0,163.0,85.2,42.0,0.0,50.0,10.0,91.3,1008.2,2.2,3.3,2.0,70.7,E,-1.08,0.04,-2.07
529762,2018-04-25,2018,BOS,2018-04-25 19:07:00,19,3,4,7,3,15,7,12,293,86.8,3,52,0.0577,0.25,1.0,5.0,1.0,6.0,136.0,87.8,39.0,0.1667,2.0,10.0,6.0,6.0,157.0,85.9,39.0,0.3333,44.2,6.8,90.7,998.2,0.6,24.0,14.9,318.3,NW,-17.95,-22.34,-11.41
529777,2018-04-26,2018,BOS,2018-04-26 19:07:00,19,4,5,9,3,17,7,14,316,81.6,6,50,0.12,0.2143,2.0,8.0,4.0,6.0,163.0,79.9,44.0,0.3333,1.0,9.0,3.0,8.0,153.0,83.1,50.0,0.125,51.6,10.9,67.7,999.5,0.0,10.9,6.8,308.2,NW,-6.74,-9.27,-3.41
529799,2018-04-27,2018,TEX,2018-04-27 19:07:00,19,4,6,10,1,12,3,20,270,83.7,5,60,0.0833,0.05,0.0,5.0,1.0,10.0,129.0,84.2,45.0,0.0,1.0,7.0,2.0,10.0,141.0,83.2,42.0,0.1,47.2,8.4,71.3,994.4,0.0,8.6,5.3,4.7,N,-8.54,-7.78,-8.26
529814,2018-04-28,2018,TEX,2018-04-28 16:07:00,16,4,7,11,6,16,6,16,303,86.6,5,54,0.0926,0.375,3.0,4.0,1.0,7.0,130.0,88.0,44.0,0.4286,3.0,12.0,5.0,9.0,173.0,85.2,45.0,0.3333,42.1,5.6,67.0,1002.2,0.2,24.0,14.9,327.0,NW,-20.1,-23.35,-14.42
529829,2018-04-29,2018,TEX,2018-04-29 13:07:00,13,7,2,9,4,17,5,15,255,83.0,4,45,0.0889,0.2667,3.0,5.0,5.0,9.0,132.0,86.1,46.0,0.3333,1.0,12.0,0.0,6.0,123.0,79.1,37.0,0.1667,49.3,9.6,32.0,1010.0,0.0,27.3,16.9,321.7,NW,-21.39,-25.88,-14.31
529946,2018-05-08,2018,SEA,2018-05-08 19:07:00,19,0,5,5,1,12,6,12,247,85.2,5,52,0.0962,0.0833,0.0,7.0,3.0,0.0,99.0,83.5,31.0,,1.0,5.0,3.0,12.0,148.0,86.3,47.0,0.0833,55.2,12.9,67.7,1009.5,0.0,7.6,4.7,89.7,E,-0.04,2.57,-2.65
529960,2018-05-09,2018,SEA,2018-05-09 19:07:00,19,5,2,7,1,15,8,17,288,85.2,3,51,0.0588,0.0588,1.0,7.0,2.0,12.0,139.0,87.3,44.0,0.0833,0.0,8.0,6.0,5.0,149.0,82.9,39.0,0.0,56.0,13.3,75.0,1000.4,0.0,13.4,8.3,86.3,E,-0.86,3.76,-5.37
529969,2018-05-10,2018,SEA,2018-05-10 19:07:00,19,3,9,12,5,19,7,25,331,85.5,6,55,0.1091,0.2,1.0,10.0,2.0,8.0,137.0,85.7,43.0,0.125,4.0,9.0,5.0,17.0,194.0,85.3,56.0,0.2353,57.6,14.2,51.3,1000.9,0.0,19.8,12.3,304.7,NW,-11.26,-16.15,-5.01
529973,2018-05-11,2018,BOS,2018-05-11 19:07:00,19,5,3,8,3,31,7,14,355,83.7,6,52,0.1154,0.2143,2.0,19.0,3.0,8.0,168.0,84.1,33.0,0.25,1.0,12.0,4.0,6.0,187.0,83.4,55.0,0.1667,47.7,8.7,52.7,1010.4,0.0,3.4,2.1,173.9,S,3.38,3.3,3.05
529988,2018-05-12,2018,BOS,2018-05-12 16:07:00,16,2,5,7,2,23,4,19,294,80.7,2,48,0.0417,0.1053,1.0,12.0,3.0,7.0,139.0,80.6,32.0,0.1429,1.0,11.0,1.0,12.0,155.0,80.7,45.0,0.0833,53.7,12.0,47.7,1008.6,0.0,6.9,4.3,147.3,SE,5.78,6.7,4.17
530003,2018-05-13,2018,BOS,2018-05-13 13:07:00,13,3,5,8,1,18,10,18,335,85.0,3,50,0.06,0.0556,0.0,11.0,5.0,10.0,168.0,86.6,43.0,0.0,1.0,7.0,5.0,8.0,167.0,83.5,45.0,0.125,59.2,15.1,61.3,1006.8,0.0,15.8,9.8,85.0,E,-1.38,4.1,-6.69
530057,2018-05-17,2018,ATH,2018-05-17 19:07:00,19,5,10,15,3,16,13,21,366,84.9,1,59,0.0169,0.1429,0.0,3.0,7.0,7.0,156.0,86.1,42.0,0.0,3.0,13.0,6.0,14.0,210.0,84.0,52.0,0.2143,63.3,17.4,59.7,1009.5,0.0,16.5,10.3,352.0,N,-16.37,-16.17,-14.59
530072,2018-05-18,2018,ATH,2018-05-18 19:07:00,19,1,3,4,1,22,4,15,286,81.1,2,45,0.0444,0.0667,0.0,15.0,3.0,6.0,136.0,83.4,25.0,0.0,1.0,7.0,1.0,9.0,150.0,80.1,53.0,0.1111,53.4,11.9,50.7,1013.3,0.0,19.3,12.0,78.3,E,-3.9,2.79,-10.11
530087,2018-05-19,2018,ATH,2018-05-19 13:07:00,13,4,5,9,2,15,10,16,324,83.4,5,55,0.0909,0.125,1.0,5.0,6.0,6.0,162.0,84.9,43.0,0.1667,1.0,10.0,4.0,10.0,162.0,82.2,52.0,0.1,56.1,13.4,95.7,1003.4,0.2,13.0,8.1,88.0,E,-0.45,4.02,-4.87
530102,2018-05-20,2018,ATH,2018-05-20 13:07:00,13,2,9,11,2,10,9,15,340,81.0,4,59,0.0678,0.1333,1.0,5.0,4.0,4.0,142.0,78.5,40.0,0.25,1.0,5.0,5.0,11.0,198.0,82.8,57.0,0.0909,66.1,18.9,57.0,1008.9,0.0,14.4,8.9,336.7,NW,-13.22,-14.38,-10.47
530124,2018-05-22,2018,LAA,2018-05-22 19:07:00,19,5,3,8,1,13,6,10,249,86.1,1,45,0.0222,0.1,1.0,7.0,3.0,6.0,128.0,88.2,39.0,0.1667,0.0,6.0,3.0,4.0,121.0,83.6,33.0,0.0,59.8,15.4,99.7,1002.5,0.5,4.4,2.7,352.8,N,-4.33,-4.26,-3.88
530139,2018-05-23,2018,LAA,2018-05-23 19:07:00,19,4,5,9,2,16,11,18,358,83.1,4,55,0.0727,0.1111,2.0,10.0,1.0,9.0,161.0,83.2,37.0,0.2222,0.0,6.0,9.0,9.0,197.0,83.1,47.0,0.0,69.3,20.7,48.0,1008.4,0.0,14.4,8.9,339.0,N,-13.44,-14.4,-10.87
530150,2018-05-24,2018,LAA,2018-05-24 12:37:00,12,1,8,9,3,14,5,17,277,83.1,3,55,0.0545,0.1765,1.0,8.0,1.0,5.0,113.0,80.4,34.0,0.2,2.0,6.0,4.0,12.0,164.0,84.8,52.0,0.1667,69.7,21.0,57.3,1010.8,0.0,13.0,8.1,181.7,S,12.96,12.05,12.31
530313,2018-06-05,2018,NYY,2018-06-05 19:07:00,19,2,7,9,4,18,3,12,279,82.5,3,46,0.0652,0.3333,2.0,9.0,1.0,3.0,114.0,84.9,27.0,0.6667,2.0,9.0,2.0,9.0,165.0,81.0,44.0,0.2222,56.5,13.6,61.7,998.4,0.0,19.9,12.4,326.0,NW,-16.53,-19.34,-11.72
530328,2018-06-06,2018,NYY,2018-06-06 19:07:00,19,0,3,3,2,25,7,12,369,83.6,4,61,0.0656,0.1667,0.0,15.0,2.0,4.0,165.0,84.3,47.0,0.0,2.0,10.0,5.0,8.0,204.0,83.1,57.0,0.25,59.1,15.1,68.0,1003.9,0.0,10.3,6.4,165.0,S,9.98,10.29,8.47
530333,2018-06-07,2018,BAL,2018-06-07 19:07:00,19,5,4,9,4,17,8,19,320,85.7,4,58,0.069,0.2105,1.0,6.0,4.0,12.0,176.0,84.6,54.0,0.0833,3.0,11.0,2.0,7.0,144.0,87.2,39.0,0.4286,68.7,20.4,76.7,1006.3,0.3,4.2,2.6,79.2,E,-0.79,0.67,-2.15
530345,2018-06-08,2018,BAL,2018-06-08 19:07:00,19,5,1,6,3,9,5,18,267,85.8,2,56,0.0357,0.1667,3.0,6.0,3.0,13.0,144.0,89.2,37.0,0.2308,0.0,3.0,2.0,5.0,123.0,82.5,39.0,0.0,65.6,18.7,67.7,1010.7,0.0,5.6,3.5,122.0,SE,2.99,4.44,1.17
530360,2018-06-09,2018,BAL,2018-06-09 13:07:00,13,4,3,7,1,16,10,20,326,83.6,4,61,0.0656,0.05,1.0,7.0,3.0,12.0,150.0,82.1,50.0,0.0833,0.0,9.0,6.0,8.0,176.0,85.3,41.0,0.0,70.6,21.4,53.7,1011.1,0.0,8.6,5.3,149.7,SE,7.42,8.46,5.49
530375,2018-06-10,2018,BAL,2018-06-10 13:07:00,13,13,3,16,6,22,5,26,326,82.2,7,54,0.1296,0.2308,4.0,10.0,3.0,19.0,173.0,87.0,49.0,0.2105,2.0,12.0,2.0,7.0,153.0,76.7,43.0,0.2857,68.9,20.5,39.7,1007.3,0.0,27.4,17.0,83.7,E,-3.02,6.47,-12.15
530449,2018-06-15,2018,WSH,2018-06-15 19:07:00,19,6,5,11,3,16,4,20,276,82.2,4,53,0.0755,0.15,3.0,5.0,2.0,10.0,129.0,86.1,37.0,0.3,0.0,11.0,2.0,10.0,147.0,78.8,43.0,0.0,70.2,21.2,51.0,1004.7,0.0,10.0,6.2,183.9,S,9.98,9.14,9.61
530464,2018-06-16,2018,WSH,2018-06-16 16:07:00,16,2,0,2,1,19,4,7,271,81.2,3,39,0.0769,0.1429,1.0,13.0,1.0,4.0,131.0,81.4,34.0,0.25,0.0,6.0,3.0,3.0,140.0,81.1,42.0,0.0,77.2,25.1,47.0,1004.7,0.0,20.1,12.5,187.7,S,19.92,17.8,19.64
530479,2018-06-17,2018,WSH,2018-06-17 13:07:00,13,8,6,14,4,16,5,28,331,85.6,5,60,0.0833,0.1429,4.0,4.0,2.0,15.0,170.0,85.8,53.0,0.2667,0.0,12.0,3.0,13.0,161.0,85.4,38.0,0.0,81.1,27.3,50.7,1005.9,0.0,20.4,12.7,168.7,S,19.97,20.13,17.4
530490,2018-06-19,2018,ATL,2018-06-19 19:07:00,19,4,11,15,2,14,8,22,297,85.9,2,63,0.0317,0.0909,0.0,7.0,2.0,8.0,129.0,86.4,38.0,0.0,2.0,7.0,5.0,14.0,168.0,85.6,52.0,0.1429,66.6,19.2,55.0,1004.0,0.0,4.2,2.6,212.2,SW,3.53,2.55,4.07
530504,2018-06-20,2018,ATL,2018-06-20 12:37:00,12,5,4,9,3,17,5,16,271,83.4,2,49,0.0408,0.1875,1.0,8.0,5.0,8.0,142.0,84.5,35.0,0.125,2.0,9.0,0.0,8.0,129.0,82.6,45.0,0.25,71.1,21.7,54.7,1001.4,0.0,7.7,4.8,216.3,SW,6.21,4.27,7.39
530628,2018-06-29,2018,DET,2018-06-29 19:07:00,19,3,2,5,2,15,6,13,261,82.5,0,44,0.0,0.1538,1.0,6.0,6.0,8.0,136.0,81.2,38.0,0.125,1.0,9.0,0.0,5.0,125.0,84.1,32.0,0.2,78.7,25.9,57.0,1003.7,0.0,22.4,13.9,199.3,S,21.11,17.3,22.37
530643,2018-06-30,2018,DET,2018-06-30 13:07:00,13,4,3,7,4,14,6,14,254,80.5,2,48,0.0417,0.2857,2.0,8.0,3.0,7.0,125.0,78.8,36.0,0.2857,2.0,6.0,3.0,7.0,129.0,82.2,36.0,0.2857,90.7,32.6,60.0,1003.6,0.0,19.3,12.0,212.0,SW,16.37,11.88,18.88
530658,2018-07-01,2018,DET,2018-07-01 13:07:00,13,1,9,10,2,11,2,19,269,82.5,5,59,0.0847,0.1053,0.0,6.0,0.0,6.0,121.0,83.7,45.0,0.0,2.0,5.0,2.0,13.0,148.0,81.2,47.0,0.1538,87.4,30.8,62.0,1004.4,0.0,20.5,12.8,177.0,S,20.51,19.64,18.9
530672,2018-07-02,2018,DET,2018-07-02 13:07:00,13,2,3,5,0,17,4,13,270,78.2,1,54,0.0185,0.0,0.0,7.0,3.0,5.0,131.0,80.2,42.0,0.0,0.0,10.0,0.0,8.0,139.0,76.0,38.0,0.0,83.7,28.7,75.0,1004.5,4.0,13.6,8.5,236.8,SW,7.44,3.1,10.89
530687,2018-07-03,2018,NYM,2018-07-03 19:07:00,19,8,6,14,5,14,12,15,323,82.5,3,49,0.0612,0.3333,2.0,5.0,5.0,7.0,153.0,81.8,37.0,0.2857,3.0,9.0,7.0,8.0,170.0,83.0,44.0,0.375,79.9,26.6,52.7,1013.0,0.0,5.1,3.2,97.0,E,0.62,2.32,-1.15
530702,2018-07-04,2018,NYM,2018-07-04 19:07:00,19,3,6,9,2,13,5,19,272,85.1,4,57,0.0702,0.1053,1.0,5.0,1.0,9.0,124.0,87.0,47.0,0.1111,1.0,8.0,4.0,10.0,148.0,83.0,41.0,0.1,81.6,27.5,60.7,1012.6,0.0,7.0,4.3,109.0,E,2.28,4.4,-0.12
530724,2018-07-06,2018,NYY,2018-07-06 19:07:00,19,6,2,8,2,16,8,16,330,82.8,2,52,0.0385,0.125,1.0,5.0,3.0,11.0,140.0,85.5,41.0,0.0909,1.0,11.0,5.0,5.0,190.0,80.2,41.0,0.2,70.2,21.2,41.3,1014.2,0.0,16.9,10.5,338.0,N,-15.67,-16.89,-12.56
530739,2018-07-07,2018,NYY,2018-07-07 16:07:00,16,5,8,13,5,21,12,18,359,82.3,8,50,0.16,0.2778,3.0,9.0,2.0,9.0,168.0,82.2,60.0,0.3333,2.0,12.0,10.0,9.0,191.0,82.5,42.0,0.2222,77.5,25.3,31.3,1016.0,0.0,16.6,10.3,169.3,S,16.31,16.38,14.28
530754,2018-07-08,2018,NYY,2018-07-08 13:07:00,13,1,2,3,1,18,4,15,311,83.0,3,54,0.0556,0.0667,1.0,10.0,2.0,6.0,164.0,84.2,40.0,0.1667,0.0,8.0,2.0,9.0,147.0,82.1,52.0,0.0,80.7,27.0,43.7,1015.2,0.0,17.4,10.8,169.0,S,17.11,17.22,14.94
530859,2018-07-20,2018,BAL,2018-07-20 19:07:00,19,8,7,15,7,21,4,20,316,85.6,8,59,0.1356,0.35,3.0,8.0,2.0,10.0,172.0,85.3,48.0,0.3,4.0,13.0,1.0,10.0,144.0,85.8,37.0,0.4,77.0,25.0,62.3,1001.6,0.0,19.8,12.3,95.1,E,1.77,8.42,-5.09
530874,2018-07-21,2018,BAL,2018-07-21 13:07:00,13,4,1,5,0,16,6,11,260,83.1,2,42,0.0476,0.0,0.0,7.0,4.0,6.0,131.0,84.2,35.0,0.0,0.0,9.0,2.0,5.0,129.0,82.0,31.0,0.0,75.6,24.2,63.3,1002.8,0.4,26.6,16.5,84.0,E,-2.78,6.44,-11.66
530889,2018-07-22,2018,BAL,2018-07-22 13:07:00,13,5,4,9,3,19,2,20,297,82.8,4,50,0.08,0.15,2.0,4.0,1.0,10.0,122.0,82.7,36.0,0.2,1.0,15.0,1.0,10.0,175.0,82.9,45.0,0.1,71.1,21.7,83.7,996.7,3.2,21.9,13.6,132.4,SE,14.76,19.4,8.34
530909,2018-07-23,2018,MIN,2018-07-23 19:07:00,19,3,8,11,3,21,7,24,317,84.2,6,56,0.1071,0.125,1.0,9.0,5.0,11.0,160.0,82.3,45.0,0.0909,2.0,12.0,2.0,13.0,157.0,86.6,36.0,0.1538,76.0,24.4,86.0,1003.9,1.7,14.8,9.2,109.7,E,4.98,9.45,-0.09
530923,2018-07-24,2018,MIN,2018-07-24 19:07:00,19,0,5,5,1,16,2,14,271,81.1,1,50,0.02,0.0714,0.0,11.0,1.0,5.0,123.0,81.5,28.0,0.0,1.0,5.0,1.0,9.0,148.0,80.9,46.0,0.1111,75.0,23.9,90.3,1002.6,0.6,5.6,3.5,118.3,SE,2.66,4.18,0.81
530937,2018-07-25,2018,MIN,2018-07-25 16:07:00,16,6,12,18,1,19,9,33,402,81.8,4,76,0.0526,0.0303,0.0,10.0,2.0,16.0,185.0,83.6,65.0,0.0,1.0,9.0,6.0,17.0,217.0,80.0,64.0,0.0588,82.9,28.3,50.0,1000.1,0.2,11.6,7.2,326.4,NW,-9.66,-11.27,-6.88
531106,2018-08-07,2018,BOS,2018-08-07 19:07:00,19,7,10,17,6,15,11,22,327,86.2,5,64,0.0781,0.2727,3.0,7.0,6.0,13.0,177.0,85.4,49.0,0.2308,3.0,8.0,5.0,9.0,150.0,87.1,42.0,0.3333,77.9,25.5,74.7,1002.4,0.3,3.7,2.3,168.3,S,3.59,3.63,3.12
531121,2018-08-08,2018,BOS,2018-08-08 19:07:00,19,5,10,15,3,15,10,21,306,84.0,6,57,0.1053,0.1429,2.0,9.0,2.0,9.0,131.0,84.2,40.0,0.2222,1.0,6.0,7.0,12.0,175.0,83.8,48.0,0.0833,73.9,23.3,86.7,998.7,0.3,4.3,2.7,262.2,W,0.58,-0.9,1.99
531135,2018-08-09,2018,BOS,2018-08-09 19:07:00,19,8,5,13,4,14,7,22,298,84.6,6,55,0.1091,0.1818,2.0,9.0,3.0,12.0,138.0,86.8,41.0,0.1667,2.0,5.0,4.0,10.0,160.0,82.7,46.0,0.2,76.2,24.5,74.7,1000.1,0.2,11.5,7.1,311.9,NW,-7.68,-10.14,-4.29
531154,2018-08-10,2018,TB,2018-08-10 19:07:00,19,0,7,7,2,19,3,12,245,82.0,3,46,0.0652,0.1667,0.0,9.0,1.0,3.0,103.0,83.6,28.0,0.0,2.0,10.0,2.0,9.0,142.0,80.9,43.0,0.2222,71.0,21.7,66.3,1003.5,0.0,5.8,3.6,128.2,SE,3.56,4.9,1.8
531169,2018-08-11,2018,TB,2018-08-11 16:07:00,16,1,3,4,1,19,5,15,280,84.3,4,45,0.0889,0.0667,1.0,8.0,4.0,5.0,132.0,86.3,32.0,0.2,0.0,11.0,1.0,10.0,148.0,82.6,40.0,0.0,77.7,25.4,53.3,1003.8,0.0,7.4,4.6,167.3,S,7.22,7.34,6.23
531184,2018-08-12,2018,TB,2018-08-12 13:07:00,13,2,1,3,0,13,4,11,240,83.0,3,45,0.0667,0.0,0.0,8.0,2.0,5.0,116.0,83.4,34.0,0.0,0.0,5.0,2.0,6.0,124.0,82.8,42.0,0.0,80.2,26.8,59.7,1009.0,0.0,7.7,4.8,116.7,SE,3.46,5.6,0.89
531280,2018-08-20,2018,BAL,2018-08-20 19:07:00,19,5,3,8,3,12,7,15,269,85.3,2,53,0.0377,0.2,2.0,5.0,4.0,7.0,131.0,86.3,35.0,0.2857,1.0,7.0,3.0,8.0,138.0,84.4,37.0,0.125,72.9,22.7,81.3,1005.9,0.0,17.9,11.1,76.7,E,-4.14,2.08,-9.85
531289,2018-08-21,2018,BAL,2018-08-21 19:07:00,19,8,2,10,5,13,4,19,266,83.2,3,56,0.0536,0.2632,4.0,4.0,2.0,12.0,131.0,86.3,43.0,0.3333,1.0,9.0,2.0,7.0,135.0,79.7,38.0,0.1429,72.4,22.4,93.7,993.3,2.0,18.1,11.3,203.7,SW,16.6,13.11,18.1
531304,2018-08-22,2018,BAL,2018-08-22 12:37:00,12,6,0,6,2,16,5,8,273,80.3,2,43,0.0465,0.25,2.0,8.0,2.0,6.0,128.0,83.3,36.0,0.3333,0.0,8.0,3.0,2.0,145.0,77.2,35.0,0.0,71.5,21.9,67.0,998.9,1.2,25.3,15.7,324.7,NW,-20.64,-24.4,-14.39
531335,2018-08-24,2018,PHI,2018-08-24 19:07:00,19,4,2,6,3,17,5,16,282,86.0,4,48,0.0833,0.1875,2.0,8.0,3.0,6.0,132.0,84.8,34.0,0.3333,1.0,9.0,2.0,10.0,150.0,87.2,38.0,0.1,72.3,22.4,60.7,1009.3,0.0,7.6,4.7,171.7,S,7.52,7.44,6.69
531350,2018-08-25,2018,PHI,2018-08-25 16:07:00,16,8,6,14,2,14,6,22,274,83.0,4,57,0.0702,0.0909,2.0,7.0,4.0,9.0,131.0,84.4,38.0,0.2222,0.0,7.0,2.0,13.0,143.0,82.0,51.0,0.0,71.5,22.0,85.7,1006.8,1.5,14.8,9.2,181.0,S,14.8,13.82,13.99
531365,2018-08-26,2018,PHI,2018-08-26 13:07:00,13,3,8,11,6,15,11,21,328,85.6,6,56,0.1071,0.2857,2.0,11.0,4.0,7.0,142.0,86.9,33.0,0.2857,4.0,4.0,7.0,14.0,186.0,84.8,50.0,0.2857,83.3,28.5,52.7,1005.6,0.0,17.9,11.1,271.3,W,-0.42,-6.5,5.72
531476,2018-09-03,2018,TB,2018-09-03 19:07:00,19,1,7,8,1,15,5,15,254,83.0,1,50,0.02,0.0667,0.0,6.0,4.0,4.0,98.0,84.4,29.0,0.0,1.0,9.0,1.0,11.0,156.0,82.1,44.0,0.0909,77.9,25.5,80.7,1012.0,0.0,8.8,5.5,336.4,NW,-8.06,-8.78,-6.37
531491,2018-09-04,2018,TB,2018-09-04 19:07:00,19,0,4,4,0,18,4,11,260,81.1,0,47,0.0,0.0,0.0,10.0,2.0,3.0,116.0,83.8,27.0,0.0,0.0,8.0,2.0,8.0,144.0,79.5,42.0,0.0,74.7,23.7,90.3,1011.8,0.0,6.9,4.3,123.3,SE,3.77,5.51,1.58
531505,2018-09-05,2018,TB,2018-09-05 19:07:00,19,10,3,13,4,19,8,22,292,84.5,5,54,0.0926,0.1818,2.0,10.0,3.0,16.0,154.0,85.8,50.0,0.125,2.0,9.0,4.0,6.0,138.0,82.6,36.0,0.3333,82.2,27.9,67.3,1007.0,0.0,16.3,10.1,234.3,SW,9.49,4.4,13.44
531508,2018-09-06,2018,CLE,2018-09-06 19:07:00,19,4,9,13,3,18,3,24,292,84.9,5,57,0.0877,0.125,0.0,9.0,2.0,11.0,133.0,86.9,38.0,0.0,3.0,9.0,1.0,13.0,159.0,83.0,42.0,0.2308,71.1,21.7,62.3,1012.7,0.0,14.7,9.2,344.3,N,-14.18,-14.69,-11.97
531513,2018-09-07,2018,CLE,2018-09-07 19:07:00,19,3,2,5,2,30,7,17,369,80.8,2,51,0.0392,0.1176,1.0,20.0,1.0,9.0,157.0,85.1,33.0,0.1111,1.0,10.0,6.0,8.0,212.0,78.3,56.0,0.125,69.1,20.6,63.0,1012.0,0.0,10.9,6.8,358.8,N,-10.86,-10.29,-10.13
531528,2018-09-08,2018,CLE,2018-09-08 16:07:00,16,8,9,17,5,15,11,29,378,85.3,9,68,0.1324,0.1724,3.0,7.0,1.0,18.0,183.0,85.5,61.0,0.1667,2.0,8.0,9.0,11.0,195.0,85.1,44.0,0.1818,63.6,17.5,47.3,1013.7,0.0,11.5,7.2,101.0,E,2.2,5.94,-1.8
531543,2018-09-09,2018,CLE,2018-09-09 13:07:00,13,6,2,8,4,19,6,12,289,83.5,3,45,0.0667,0.3333,2.0,11.0,2.0,6.0,138.0,83.6,36.0,0.3333,2.0,8.0,4.0,6.0,151.0,83.4,45.0,0.3333,62.1,16.7,56.7,1013.2,0.0,31.2,19.4,84.3,E,-3.08,7.73,-13.53
531697,2018-09-20,2018,TB,2018-09-20 19:07:00,19,9,8,17,4,16,6,22,294,81.4,4,59,0.0678,0.1818,4.0,9.0,1.0,11.0,137.0,79.5,48.0,0.3636,0.0,7.0,5.0,11.0,157.0,83.4,44.0,0.0,63.4,17.4,85.0,1008.5,0.3,23.0,14.3,83.0,E,-2.8,5.17,-10.43
531712,2018-09-21,2018,TB,2018-09-21 19:07:00,19,3,11,14,3,17,9,22,349,85.2,2,57,0.0351,0.1364,3.0,5.0,1.0,7.0,130.0,87.7,38.0,0.4286,0.0,12.0,7.0,15.0,219.0,83.3,48.0,0.0,75.2,24.0,57.7,997.7,0.0,29.7,18.4,273.9,W,-2.04,-12.04,8.21
531727,2018-09-22,2018,TB,2018-09-22 16:07:00,16,5,2,7,3,18,7,17,268,85.9,1,47,0.0213,0.1765,1.0,9.0,2.0,10.0,125.0,89.5,36.0,0.1,2.0,9.0,5.0,7.0,143.0,82.2,34.0,0.2857,62.7,17.0,45.3,1013.2,0.0,3.7,2.3,282.0,W,-0.78,-1.98,0.52
531742,2018-09-23,2018,TB,2018-09-23 13:07:00,13,2,5,7,2,18,7,13,276,82.5,3,48,0.0625,0.1538,0.0,11.0,2.0,8.0,133.0,86.0,26.0,0.0,2.0,7.0,4.0,5.0,143.0,80.1,39.0,0.4,64.7,18.2,57.0,1013.3,0.0,7.8,4.8,155.0,SE,7.07,7.77,5.52
531745,2018-09-24,2018,HOU,2018-09-24 19:07:00,19,3,5,8,3,16,4,22,303,82.8,3,56,0.0536,0.1364,1.0,9.0,3.0,11.0,148.0,79.6,42.0,0.0909,2.0,7.0,1.0,11.0,155.0,86.0,43.0,0.1818,66.3,19.1,72.7,1013.1,0.0,23.4,14.5,118.2,SE,11.03,17.41,3.32
531759,2018-09-25,2018,HOU,2018-09-25 19:07:00,19,1,4,5,2,14,4,14,260,82.7,3,54,0.0556,0.1429,1.0,7.0,2.0,6.0,118.0,83.7,34.0,0.1667,1.0,7.0,2.0,8.0,142.0,81.9,44.0,0.125,69.3,20.7,93.7,1002.4,0.3,21.4,13.3,199.3,S,20.22,16.58,21.43
531774,2018-09-26,2018,HOU,2018-09-26 16:07:00,16,3,1,4,2,19,6,8,243,78.5,1,37,0.027,0.25,2.0,8.0,3.0,3.0,119.0,77.1,35.0,0.6667,0.0,11.0,3.0,5.0,124.0,79.9,34.0,0.0,66.6,19.2,49.7,1002.8,0.0,23.1,14.3,292.7,NW,-8.89,-15.63,-1.07
566864,2019-03-28,2019,DET,2019-03-28 15:37:00,15,0,2,2,1,22,5,6,245,84.7,3,42,0.0714,0.1667,0.0,7.0,1.0,2.0,108.0,81.9,35.0,0.0,1.0,15.0,4.0,4.0,137.0,88.5,26.0,0.25,49.9,10.0,68.0,1004.5,0.0,25.1,15.6,217.7,SW,19.84,13.41,23.88
566865,2019-03-29,2019,DET,2019-03-29 19:07:00,19,6,0,6,0,21,5,9,252,85.0,3,39,0.0769,0.0,0.0,12.0,3.0,7.0,138.0,84.2,30.0,0.0,0.0,9.0,2.0,2.0,114.0,85.6,37.0,0.0,41.3,5.2,68.3,1008.2,0.0,8.6,5.3,13.3,N,-8.37,-7.18,-8.54
566866,2019-03-30,2019,DET,2019-03-30 15:07:00,15,3,0,3,1,19,8,11,299,82.5,2,41,0.0488,0.0909,1.0,6.0,4.0,6.0,135.0,83.7,34.0,0.1667,0.0,13.0,4.0,5.0,164.0,81.4,35.0,0.0,45.6,7.6,93.7,993.2,1.4,8.3,5.2,281.7,W,-1.7,-4.38,1.2
566867,2019-03-31,2019,DET,2019-03-31 13:07:00,13,3,4,7,1,23,5,18,323,83.8,5,59,0.0847,0.0556,1.0,10.0,1.0,8.0,139.0,86.5,40.0,0.125,0.0,13.0,3.0,10.0,184.0,81.9,54.0,0.0,37.9,3.3,62.3,1002.4,0.4,21.1,13.1,274.7,W,-1.72,-8.81,5.58
566868,2019-04-01,2019,BAL,2019-04-01 19:07:00,19,5,6,11,4,22,5,12,282,83.0,4,43,0.093,0.3333,2.0,10.0,2.0,6.0,126.0,85.5,38.0,0.3333,2.0,12.0,3.0,6.0,156.0,80.7,39.0,0.3333,33.1,0.6,70.7,1014.3,0.0,14.1,8.8,212.7,SW,11.87,8.55,13.76
566869,2019-04-02,2019,BAL,2019-04-02 19:07:00,19,1,2,3,1,12,6,16,281,84.6,2,53,0.0377,0.0625,1.0,4.0,4.0,6.0,127.0,85.4,40.0,0.1667,0.0,8.0,1.0,10.0,154.0,83.8,41.0,0.0,42.4,5.8,50.7,1005.6,0.0,15.5,9.7,190.0,S,15.3,13.45,15.3
566870,2019-04-03,2019,BAL,2019-04-03 16:07:00,16,5,3,8,3,15,3,16,265,81.8,4,47,0.0851,0.1875,2.0,5.0,2.0,10.0,123.0,80.1,39.0,0.2,1.0,10.0,1.0,6.0,142.0,83.4,40.0,0.1667,43.7,6.5,31.7,1009.6,0.0,35.6,22.1,281.7,W,-7.2,-18.69,5.16
566871,2019-04-12,2019,TB,2019-04-12 19:07:00,19,7,11,18,6,19,10,25,308,83.6,7,57,0.1228,0.24,1.0,11.0,3.0,9.0,134.0,79.2,40.0,0.1111,5.0,8.0,6.0,16.0,174.0,87.3,47.0,0.3125,54.1,12.3,89.3,998.7,0.0,22.3,13.9,204.7,SW,20.3,15.88,22.26
566872,2019-04-13,2019,TB,2019-04-13 15:07:00,15,3,1,4,0,22,4,13,252,83.6,1,39,0.0256,0.0,0.0,14.0,3.0,5.0,134.0,82.5,25.0,0.0,0.0,8.0,0.0,8.0,118.0,84.3,38.0,0.0,57.9,14.4,38.7,1004.9,0.0,18.0,11.2,247.3,SW,6.94,0.84,12.2
566873,2019-04-14,2019,TB,2019-04-14 13:07:00,13,4,8,12,3,21,10,17,356,80.1,5,51,0.098,0.1765,2.0,11.0,4.0,8.0,175.0,79.0,40.0,0.25,1.0,10.0,6.0,9.0,181.0,81.2,44.0,0.1111,37.8,3.2,87.7,999.2,2.0,20.6,12.8,71.0,E,-6.71,0.36,-12.96
566874,2019-04-23,2019,SF,2019-04-23 19:07:00,19,6,7,13,6,17,2,19,289,85.6,7,56,0.125,0.3158,2.0,9.0,2.0,9.0,140.0,85.8,44.0,0.2222,4.0,8.0,0.0,10.0,149.0,85.3,48.0,0.4,46.2,7.9,75.3,997.4,0.0,26.3,16.3,286.7,W,-7.54,-15.69,1.52
566875,2019-04-24,2019,SF,2019-04-24 16:07:00,16,0,4,4,1,12,7,9,281,82.3,3,49,0.0612,0.1111,0.0,9.0,2.0,2.0,136.0,83.0,31.0,0.0,1.0,3.0,4.0,7.0,145.0,81.8,44.0,0.1429,53.1,11.7,60.0,1001.6,0.0,15.3,9.5,171.0,S,15.11,15.02,13.38
566876,2019-04-26,2019,ATH,2019-04-26 19:07:00,19,4,2,6,3,16,3,13,268,83.0,2,50,0.04,0.2308,2.0,6.0,1.0,8.0,136.0,83.4,44.0,0.25,1.0,10.0,2.0,5.0,132.0,82.6,38.0,0.2,47.2,8.4,78.3,986.4,0.4,26.8,16.7,287.3,W,-7.99,-16.27,1.25
566877,2019-04-27,2019,ATH,2019-04-27 15:07:00,15,7,1,8,0,16,10,16,285,84.4,1,51,0.0196,0.0,0.0,9.0,5.0,12.0,146.0,85.3,35.0,0.0,0.0,7.0,5.0,4.0,139.0,83.6,36.0,0.0,51.1,10.6,47.7,996.6,0.0,28.5,17.7,287.7,W,-8.65,-17.41,1.16
566878,2019-04-28,2019,ATH,2019-04-28 13:07:00,13,5,4,9,2,24,11,17,376,81.2,5,60,0.0833,0.1176,2.0,11.0,2.0,11.0,167.0,79.9,56.0,0.1818,0.0,13.0,8.0,6.0,209.0,83.0,43.0,0.0,49.3,9.6,38.7,1009.6,0.0,15.4,9.5,328.0,NW,-13.03,-15.03,-9.46
566879,2019-05-06,2019,MIN,2019-05-06 19:07:00,19,0,8,8,3,15,5,15,279,85.4,5,51,0.098,0.2,0.0,10.0,2.0,3.0,125.0,82.5,30.0,0.0,3.0,5.0,3.0,12.0,154.0,87.2,47.0,0.25,61.6,16.4,79.7,1004.9,0.5,10.6,6.6,327.8,NW,-8.94,-10.33,-6.47
566880,2019-05-07,2019,MIN,2019-05-07 19:07:00,19,0,3,3,1,13,3,14,245,83.8,2,54,0.037,0.0714,0.0,6.0,0.0,6.0,119.0,84.0,37.0,0.0,1.0,7.0,3.0,8.0,126.0,83.6,40.0,0.125,51.9,11.0,61.0,1012.9,0.0,11.1,6.9,350.0,N,-10.96,-10.96,-9.64
566881,2019-05-08,2019,MIN,2019-05-08 19:07:00,19,1,9,10,5,26,5,20,311,86.9,2,48,0.0417,0.25,1.0,14.0,2.0,2.0,128.0,80.9,29.0,0.5,4.0,12.0,3.0,18.0,183.0,90.2,52.0,0.2222,45.1,7.3,58.7,1015.2,0.0,15.2,9.4,69.3,E,-5.35,-0.18,-9.88
566882,2019-05-10,2019,CWS,2019-05-10 19:07:00,19,4,3,7,3,15,9,10,275,84.6,8,46,0.1739,0.3,2.0,6.0,7.0,4.0,137.0,86.6,37.0,0.5,1.0,9.0,2.0,6.0,138.0,82.6,40.0,0.1667,47.1,8.4,62.7,1007.6,0.0,17.2,10.7,287.3,W,-5.12,-10.41,0.8
566883,2019-05-11,2019,CWS,2019-05-11 15:07:00,15,2,7,9,2,13,8,19,309,81.4,0,57,0.0,0.1053,1.0,5.0,3.0,8.0,135.0,82.5,43.0,0.125,1.0,8.0,5.0,11.0,174.0,80.3,42.0,0.0909,50.1,10.0,65.3,1009.5,0.0,8.7,5.4,174.3,S,8.62,8.4,7.81
566884,2019-05-12,2019,CWS,2019-05-12 13:07:00,13,1,5,6,2,26,3,14,269,87.1,4,41,0.0976,0.1429,0.0,10.0,1.0,4.0,124.0,85.2,33.0,0.0,2.0,16.0,2.0,10.0,145.0,89.2,29.0,0.2,44.3,6.8,83.7,1003.4,0.5,29.5,18.3,70.3,E,-9.93,0.17,-18.83
566885,2019-05-20,2019,BOS,2019-05-20 13:07:00,13,2,12,14,5,16,5,19,303,82.2,7,57,0.1228,0.2632,1.0,10.0,1.0,3.0,129.0,77.8,34.0,0.3333,4.0,6.0,4.0,16.0,174.0,84.7,59.0,0.25,61.0,16.1,55.0,998.3,0.0,33.2,20.7,274.0,W,-2.32,-13.52,9.16
566886,2019-05-21,2019,BOS,2019-05-21 19:07:00,19,10,3,13,6,20,13,18,327,85.5,7,46,0.1522,0.3333,3.0,10.0,5.0,11.0,166.0,85.7,41.0,0.2727,3.0,10.0,8.0,7.0,161.0,85.3,34.0,0.4286,58.3,14.6,53.7,1010.5,0.0,11.0,6.9,335.6,NW,-10.05,-11.0,-7.89
566887,2019-05-22,2019,BOS,2019-05-22 19:07:00,19,5,6,11,6,22,8,21,422,82.8,7,74,0.0946,0.2857,3.0,13.0,2.0,11.0,211.0,82.9,58.0,0.2727,3.0,9.0,5.0,10.0,211.0,82.7,56.0,0.3,51.4,10.8,62.7,1008.4,0.0,18.9,11.7,83.0,E,-2.31,4.23,-8.58
566888,2019-05-23,2019,BOS,2019-05-23 12:37:00,12,2,8,10,2,13,2,20,291,87.9,2,60,0.0333,0.1,1.0,6.0,0.0,5.0,134.0,86.9,36.0,0.2,1.0,7.0,2.0,15.0,157.0,88.6,51.0,0.0667,62.4,16.9,97.0,999.5,3.9,17.4,10.8,184.8,S,17.37,15.83,16.82
566889,2019-05-24,2019,SD,2019-05-24 19:07:00,19,3,6,9,5,25,5,10,284,83.1,2,39,0.0513,0.5,2.0,13.0,1.0,3.0,122.0,83.8,28.0,0.6667,3.0,12.0,4.0,7.0,162.0,82.6,35.0,0.4286,58.8,14.9,77.0,1008.6,0.0,8.4,5.2,177.2,S,8.42,8.06,7.78
566890,2019-05-25,2019,SD,2019-05-25 15:07:00,15,4,19,23,9,23,8,24,341,83.8,7,52,0.1346,0.375,2.0,12.0,2.0,4.0,128.0,82.0,29.0,0.5,7.0,11.0,6.0,20.0,213.0,84.9,47.0,0.35,67.6,19.8,85.0,999.0,0.1,5.6,3.5,155.1,SE,5.08,5.58,3.97
566891,2019-05-26,2019,SD,2019-05-26 13:07:00,13,10,1,11,5,17,2,27,326,83.0,4,58,0.069,0.1852,4.0,10.0,1.0,17.0,165.0,87.7,44.0,0.2353,1.0,7.0,1.0,10.0,161.0,78.8,50.0,0.1,74.6,23.7,46.3,1003.7,0.0,14.3,8.9,320.3,NW,-11.0,-13.46,-7.21
566892,2019-06-04,2019,NYY,2019-06-04 19:07:00,19,4,3,7,4,15,9,16,296,85.2,6,50,0.12,0.25,2.0,5.0,2.0,8.0,129.0,85.0,39.0,0.25,2.0,10.0,7.0,8.0,167.0,85.3,44.0,0.25,51.8,11.0,88.3,999.9,0.0,11.7,7.2,67.7,E,-4.43,-0.48,-7.86
566893,2019-06-05,2019,NYY,2019-06-05 19:07:00,19,11,7,18,6,16,10,19,340,84.3,6,55,0.1091,0.3158,4.0,7.0,6.0,10.0,179.0,87.8,43.0,0.4,2.0,9.0,4.0,9.0,161.0,80.4,39.0,0.2222,58.3,14.6,99.0,994.7,2.4,9.0,5.6,90.8,E,0.13,3.19,-2.94
566894,2019-06-06,2019,NYY,2019-06-06 19:07:00,19,2,6,8,3,11,4,16,296,86.0,5,59,0.0847,0.1875,1.0,4.0,0.0,8.0,133.0,84.0,47.0,0.125,2.0,7.0,4.0,8.0,163.0,88.3,43.0,0.25,61.3,16.3,70.3,1001.6,0.0,5.7,3.5,224.0,SW,4.08,2.49,5.18
566895,2019-06-07,2019,AZ,2019-06-07 19:07:00,19,2,8,10,4,12,5,15,278,87.2,2,55,0.0364,0.2667,1.0,4.0,2.0,5.0,126.0,87.1,38.0,0.2,3.0,8.0,3.0,10.0,152.0,87.3,36.0,0.3,69.5,20.8,70.0,1005.6,0.0,9.0,5.6,340.7,N,-8.52,-9.03,-6.99
566896,2019-06-08,2019,AZ,2019-06-08 15:07:00,15,0,6,6,2,15,7,15,284,82.0,3,52,0.0577,0.1333,0.0,11.0,3.0,5.0,146.0,81.9,40.0,0.0,2.0,4.0,4.0,10.0,138.0,82.1,45.0,0.2,66.3,19.0,50.7,1012.7,0.0,19.4,12.0,80.7,E,-3.14,3.58,-9.49
566897,2019-06-09,2019,AZ,2019-06-09 13:07:00,13,2,8,10,3,20,8,17,329,83.0,5,51,0.098,0.1765,1.0,13.0,1.0,7.0,135.0,79.2,30.0,0.1429,2.0,7.0,7.0,10.0,194.0,85.0,57.0,0.2,67.0,19.5,71.3,1011.4,0.0,18.8,11.7,79.7,E,-3.37,3.15,-9.48
566898,2019-06-17,2019,LAA,2019-06-17 19:07:00,19,5,10,15,7,14,9,21,298,81.9,7,59,0.1186,0.3333,3.0,8.0,3.0,8.0,129.0,82.5,36.0,0.375,4.0,6.0,6.0,13.0,169.0,81.6,52.0,0.3077,62.5,16.9,75.3,1004.7,0.0,7.3,4.5,100.6,E,1.34,3.72,-1.19
566899,2019-06-18,2019,LAA,2019-06-18 19:07:00,19,1,3,4,3,13,1,9,238,81.7,3,48,0.0625,0.3333,1.0,8.0,0.0,3.0,109.0,82.2,33.0,0.3333,2.0,5.0,1.0,6.0,129.0,81.2,39.0,0.3333,66.1,18.9,75.3,1000.5,0.0,5.9,3.7,123.8,SE,3.3,4.79,1.41
566900,2019-06-19,2019,LAA,2019-06-19 19:07:00,19,6,11,17,5,16,10,22,361,83.6,5,60,0.0833,0.2273,2.0,9.0,7.0,6.0,177.0,81.1,49.0,0.3333,3.0,7.0,3.0,16.0,184.0,85.9,53.0,0.1875,64.5,18.0,82.7,995.3,0.0,5.8,3.6,84.0,E,-0.61,1.4,-2.54
566901,2019-06-20,2019,LAA,2019-06-20 19:07:00,19,7,5,12,5,20,9,24,332,84.6,3,58,0.0517,0.2083,4.0,12.0,6.0,12.0,159.0,86.2,36.0,0.3333,1.0,8.0,3.0,12.0,173.0,83.4,49.0,0.0833,65.8,18.8,91.7,992.1,6.1,14.9,9.2,14.3,N,-14.4,-12.28,-14.79
566902,2019-06-28,2019,KC,2019-06-28 19:07:00,19,6,2,8,5,20,4,18,269,82.6,3,48,0.0625,0.2778,4.0,8.0,2.0,9.0,130.0,80.4,38.0,0.4444,1.0,12.0,1.0,9.0,139.0,85.3,31.0,0.1111,73.8,23.2,86.3,1007.9,0.4,4.9,3.0,115.1,SE,2.06,3.44,0.43
566903,2019-06-29,2019,KC,2019-06-29 16:07:00,16,7,5,12,4,21,12,13,316,82.2,4,42,0.0952,0.3077,3.0,11.0,7.0,6.0,162.0,82.3,42.0,0.5,1.0,10.0,5.0,7.0,154.0,82.1,32.0,0.1429,78.0,25.6,76.7,1002.8,0.5,7.6,4.7,261.8,W,1.09,-1.55,3.59
566904,2019-06-30,2019,KC,2019-06-30 13:07:00,13,6,7,13,3,13,8,19,295,82.0,2,58,0.0345,0.1579,2.0,5.0,3.0,8.0,142.0,83.2,42.0,0.25,1.0,8.0,5.0,11.0,153.0,80.8,42.0,0.0909,72.7,22.6,52.7,1004.4,0.0,20.2,12.5,344.0,N,-19.39,-20.12,-16.31
566905,2019-07-01,2019,KC,2019-07-01 13:07:00,13,11,4,15,3,11,5,27,267,85.7,5,62,0.0806,0.1111,3.0,3.0,4.0,18.0,157.0,87.8,52.0,0.1667,0.0,8.0,1.0,9.0,110.0,82.8,36.0,0.0,73.0,22.8,63.3,1004.5,0.0,11.4,7.1,162.3,S,10.89,11.42,9.05
566906,2019-07-02,2019,BOS,2019-07-02 19:07:00,19,6,10,16,4,18,8,23,322,84.5,6,57,0.1053,0.1739,1.0,10.0,6.0,8.0,164.0,82.7,36.0,0.125,3.0,8.0,2.0,15.0,158.0,85.9,46.0,0.2,74.0,23.3,85.7,998.7,0.0,5.1,3.2,212.7,SW,4.29,3.09,4.97
566907,2019-07-03,2019,BOS,2019-07-03 19:07:00,19,6,3,9,4,17,6,19,274,84.4,5,50,0.1,0.2105,3.0,8.0,5.0,11.0,149.0,85.4,50.0,0.2727,1.0,9.0,1.0,8.0,125.0,83.3,45.0,0.125,76.8,24.9,74.7,1002.4,0.0,5.4,3.4,122.0,SE,2.86,4.26,1.12
566908,2019-07-04,2019,BOS,2019-07-04 19:07:00,19,7,8,15,6,14,9,19,329,84.6,3,59,0.0508,0.3158,3.0,7.0,5.0,11.0,161.0,85.8,43.0,0.2727,3.0,7.0,4.0,8.0,168.0,83.4,46.0,0.375,74.6,23.7,75.3,1005.6,0.0,8.7,5.4,73.0,E,-2.53,0.45,-5.22
566909,2019-07-05,2019,BAL,2019-07-05 19:07:00,19,1,4,5,2,17,7,10,278,81.3,1,45,0.0222,0.2,1.0,8.0,2.0,4.0,129.0,80.1,40.0,0.25,1.0,9.0,5.0,6.0,149.0,82.5,41.0,0.1667,79.9,26.6,83.3,1003.7,5.7,10.3,6.4,228.0,SW,6.91,3.87,9.12
566910,2019-07-06,2019,BAL,2019-07-06 15:07:00,15,1,8,9,2,12,5,13,264,83.6,4,54,0.0741,0.1538,0.0,8.0,1.0,3.0,115.0,82.6,34.0,0.0,2.0,4.0,4.0,10.0,149.0,84.3,45.0,0.2,82.3,27.9,69.7,1002.0,1.3,11.7,7.3,19.4,N,-11.07,-9.07,-11.73
566911,2019-07-07,2019,BAL,2019-07-07 13:07:00,13,6,1,7,2,14,5,15,281,83.6,4,51,0.0784,0.1333,1.0,9.0,4.0,9.0,134.0,84.3,39.0,0.1111,1.0,5.0,1.0,6.0,147.0,82.9,49.0,0.1667,72.2,22.3,55.0,1006.8,0.0,15.3,9.5,112.0,E,5.73,10.24,0.53
566912,2019-07-22,2019,CLE,2019-07-22 19:07:00,19,3,7,10,3,12,9,17,293,85.6,4,55,0.0727,0.1765,2.0,7.0,2.0,5.0,124.0,83.4,28.0,0.4,1.0,5.0,7.0,12.0,169.0,86.8,49.0,0.0833,70.6,21.4,77.0,1001.2,0.8,9.0,5.6,344.3,N,-8.63,-8.94,-7.28
566913,2019-07-23,2019,CLE,2019-07-23 19:07:00,19,2,1,3,1,23,6,14,313,83.7,2,47,0.0426,0.0714,1.0,11.0,4.0,8.0,162.0,85.7,37.0,0.125,0.0,12.0,2.0,6.0,151.0,81.8,40.0,0.0,72.7,22.6,56.7,1003.1,0.0,5.5,3.4,284.3,W,-1.35,-3.08,0.54
566914,2019-07-24,2019,CLE,2019-07-24 19:07:00,19,0,4,4,0,18,2,10,239,84.4,0,44,0.0,0.0,0.0,10.0,1.0,1.0,102.0,84.2,26.0,0.0,0.0,8.0,1.0,9.0,137.0,84.6,39.0,0.0,72.7,22.6,44.3,1007.0,0.0,6.6,4.1,359.0,N,-6.57,-6.21,-6.13
566915,2019-07-26,2019,TB,2019-07-26 19:07:00,19,1,3,4,0,11,6,13,256,83.7,1,53,0.0189,0.0,0.0,7.0,3.0,4.0,112.0,82.3,32.0,0.0,0.0,4.0,3.0,9.0,144.0,84.7,41.0,0.0,77.9,25.5,61.7,1012.0,0.0,14.2,8.8,201.7,S,13.23,10.63,14.23
566916,2019-07-27,2019,TB,2019-07-27 15:07:00,15,10,9,19,8,25,10,29,405,84.3,7,72,0.0972,0.2759,6.0,14.0,5.0,16.0,210.0,85.5,53.0,0.375,2.0,11.0,5.0,13.0,195.0,83.0,52.0,0.1538,83.4,28.6,47.7,1008.2,0.0,24.6,15.3,200.0,S,23.15,18.87,24.63
566917,2019-07-28,2019,TB,2019-07-28 13:07:00,13,9,10,19,5,28,10,28,382,82.7,4,52,0.0769,0.1786,2.0,11.0,6.0,12.0,182.0,82.6,49.0,0.1667,3.0,17.0,4.0,16.0,200.0,82.8,55.0,0.1875,86.4,30.2,48.7,1004.2,0.2,16.0,9.9,248.7,W,5.8,0.36,10.54
566918,2019-08-08,2019,NYY,2019-08-08 19:07:00,19,6,12,18,6,16,2,27,321,87.1,5,66,0.0758,0.2222,3.0,11.0,2.0,12.0,154.0,88.0,42.0,0.25,3.0,5.0,0.0,15.0,167.0,86.4,53.0,0.2,74.9,23.8,46.0,995.0,0.0,16.7,10.4,293.0,NW,-6.51,-11.37,-0.87
566919,2019-08-09,2019,NYY,2019-08-09 19:07:00,19,8,2,10,6,16,7,13,307,83.6,5,46,0.1087,0.4615,4.0,7.0,5.0,6.0,157.0,85.5,33.0,0.6667,2.0,9.0,2.0,7.0,150.0,82.1,41.0,0.2857,72.9,22.7,47.0,998.6,0.0,18.2,11.3,294.3,NW,-7.48,-12.69,-1.37
566920,2019-08-10,2019,NYY,2019-08-10 15:07:00,15,5,4,9,3,23,14,10,361,83.3,4,37,0.1081,0.3,1.0,14.0,8.0,5.0,176.0,84.3,27.0,0.2,2.0,9.0,6.0,5.0,185.0,82.7,47.0,0.4,75.7,24.3,36.7,1002.1,0.0,24.5,15.2,306.0,NW,-14.4,-20.31,-6.75
566921,2019-08-11,2019,NYY,2019-08-11 13:07:00,13,0,1,1,0,13,1,9,257,83.4,1,46,0.0217,0.0,0.0,5.0,0.0,4.0,121.0,83.1,39.0,0.0,0.0,8.0,1.0,5.0,136.0,83.7,37.0,0.0,80.4,26.9,38.3,1005.9,0.0,13.5,8.4,236.3,SW,7.46,3.18,10.85
566922,2019-08-12,2019,TEX,2019-08-12 19:07:00,19,19,4,23,7,13,5,29,291,87.1,9,65,0.1385,0.2414,4.0,7.0,4.0,21.0,171.0,88.4,51.0,0.1905,3.0,6.0,1.0,8.0,120.0,85.4,40.0,0.375,76.8,24.9,77.7,999.1,0.4,6.2,3.8,283.7,W,-1.46,-3.42,0.68
566923,2019-08-13,2019,TEX,2019-08-13 19:07:00,19,3,0,3,3,18,9,11,289,83.7,3,44,0.0682,0.2727,3.0,8.0,4.0,6.0,145.0,84.3,43.0,0.5,0.0,10.0,5.0,5.0,144.0,83.1,41.0,0.0,75.9,24.4,67.3,998.6,0.0,5.9,3.6,71.8,E,-1.83,0.18,-3.63
566924,2019-08-14,2019,TEX,2019-08-14 12:37:00,12,3,7,10,2,22,11,16,353,84.1,1,49,0.0204,0.125,0.0,13.0,4.0,6.0,155.0,86.0,39.0,0.0,2.0,9.0,7.0,10.0,198.0,82.7,53.0,0.2,76.6,24.8,45.3,1003.7,0.0,7.1,4.4,108.6,E,2.27,4.43,-0.17
566925,2019-08-16,2019,SEA,2019-08-16 19:07:00,19,7,3,10,4,12,4,18,261,84.4,3,51,0.0588,0.2222,4.0,5.0,1.0,11.0,108.0,86.5,35.0,0.3636,0.0,7.0,3.0,7.0,153.0,82.6,40.0,0.0,71.4,21.9,85.3,1002.9,0.2,8.1,5.0,169.5,S,7.93,7.96,6.95
566926,2019-08-17,2019,SEA,2019-08-17 15:07:00,15,3,4,7,4,11,8,15,270,83.9,3,53,0.0566,0.2667,2.0,6.0,3.0,9.0,148.0,84.2,46.0,0.2222,2.0,5.0,5.0,6.0,122.0,83.5,34.0,0.3333,76.0,24.5,76.0,1001.3,1.9,7.7,4.8,118.3,SE,3.67,5.78,1.12
566927,2019-08-18,2019,SEA,2019-08-18 13:07:00,13,0,7,7,4,15,5,13,251,83.0,3,48,0.0625,0.3077,0.0,8.0,1.0,2.0,96.0,80.8,32.0,0.0,4.0,7.0,3.0,11.0,155.0,84.7,41.0,0.3636,78.3,25.7,75.0,1002.2,0.3,11.4,7.1,143.3,SE,9.12,10.89,6.24
566928,2019-08-27,2019,ATL,2019-08-27 19:07:00,19,3,1,4,1,14,9,17,289,87.6,3,50,0.06,0.0588,1.0,4.0,4.0,10.0,131.0,89.0,41.0,0.1,0.0,10.0,4.0,7.0,158.0,86.0,36.0,0.0,70.9,21.6,88.0,999.1,0.6,16.2,10.1,192.7,S,15.81,13.64,16.07
566929,2019-08-28,2019,ATL,2019-08-28 19:07:00,19,4,9,13,2,17,8,21,339,80.2,2,57,0.0351,0.0952,0.0,9.0,3.0,10.0,164.0,78.7,49.0,0.0,2.0,8.0,5.0,11.0,175.0,81.8,48.0,0.1818,73.3,22.9,47.0,999.0,0.0,15.6,9.7,248.7,W,5.66,0.34,10.29
566930,2019-08-30,2019,HOU,2019-08-30 19:07:00,19,4,7,11,4,18,11,21,366,81.3,4,55,0.0727,0.1905,3.0,10.0,7.0,8.0,193.0,80.2,46.0,0.375,1.0,8.0,4.0,13.0,173.0,82.2,53.0,0.0769,67.5,19.7,44.7,1008.5,0.0,10.9,6.8,324.3,NW,-8.88,-10.53,-6.16
566931,2019-08-31,2019,HOU,2019-08-31 15:07:00,15,6,4,10,2,16,13,16,293,84.8,3,46,0.0652,0.125,2.0,7.0,4.0,10.0,139.0,90.4,34.0,0.2,0.0,9.0,9.0,6.0,154.0,79.4,35.0,0.0,70.2,21.2,49.0,1015.1,0.0,7.8,4.8,188.3,S,7.69,6.84,7.6
566932,2019-09-01,2019,HOU,2019-09-01 13:07:00,13,0,2,2,1,23,2,5,248,79.2,2,36,0.0556,0.2,0.0,14.0,1.0,0.0,120.0,77.4,29.0,,1.0,9.0,1.0,5.0,128.0,80.7,37.0,0.2,68.1,20.0,70.3,1012.2,0.7,10.4,6.4,91.7,E,0.3,3.83,-3.26
566933,2019-09-10,2019,BOS,2019-09-10 19:07:00,19,4,3,7,4,16,9,17,344,82.5,5,51,0.098,0.2353,3.0,10.0,5.0,9.0,165.0,81.4,45.0,0.3333,1.0,6.0,4.0,8.0,179.0,83.4,60.0,0.125,71.2,21.8,76.7,1007.6,0.0,12.8,7.9,216.0,SW,10.33,7.14,12.27
566934,2019-09-11,2019,BOS,2019-09-11 19:07:00,19,8,0,8,2,17,4,13,271,82.4,3,46,0.0652,0.1538,2.0,8.0,3.0,11.0,144.0,81.6,48.0,0.1818,0.0,9.0,1.0,2.0,127.0,83.5,37.0,0.0,75.6,24.2,69.7,1007.4,0.0,12.3,7.6,16.3,N,-11.8,-9.91,-12.27
566935,2019-09-12,2019,BOS,2019-09-12 19:07:00,19,4,7,11,0,17,8,19,333,83.8,0,55,0.0,0.0,0.0,9.0,6.0,7.0,167.0,81.8,40.0,0.0,0.0,8.0,2.0,12.0,166.0,85.3,50.0,0.0,61.4,16.3,77.3,1015.1,0.0,9.1,5.7,100.7,E,1.69,4.66,-1.48
566936,2019-09-13,2019,NYY,2019-09-13 19:07:00,19,6,5,11,2,18,7,22,381,81.6,2,70,0.0286,0.0909,2.0,10.0,1.0,13.0,171.0,81.7,56.0,0.1538,0.0,8.0,5.0,9.0,210.0,81.6,62.0,0.0,69.2,20.7,80.0,1006.6,0.9,20.6,12.8,156.3,SE,18.84,20.52,14.88
566937,2019-09-14,2019,NYY,2019-09-14 15:07:00,15,3,13,16,5,15,7,28,376,83.0,4,65,0.0615,0.1786,0.0,9.0,3.0,9.0,181.0,80.5,48.0,0.0,5.0,6.0,4.0,19.0,195.0,85.0,60.0,0.2632,72.8,22.7,45.0,1008.5,0.0,24.3,15.1,263.3,W,2.82,-5.6,10.91
566938,2019-09-15,2019,NYY,2019-09-15 13:07:00,13,6,4,10,3,24,7,14,291,80.4,4,41,0.0976,0.2143,2.0,14.0,3.0,8.0,143.0,78.0,32.0,0.25,1.0,10.0,4.0,6.0,148.0,82.8,33.0,0.1667,65.2,18.5,78.3,1010.2,0.7,5.7,3.6,134.3,SE,4.01,5.17,2.36
566939,2019-09-23,2019,BAL,2019-09-23 19:07:00,19,11,10,21,10,18,12,29,530,81.5,8,95,0.0842,0.3448,5.0,7.0,6.0,13.0,271.0,82.8,91.0,0.3846,5.0,11.0,6.0,16.0,259.0,80.1,85.0,0.3125,66.6,19.2,60.7,998.6,0.0,16.1,10.0,295.3,NW,-6.9,-11.47,-1.5
566940,2019-09-24,2019,BAL,2019-09-24 19:07:00,19,4,11,15,4,21,6,21,311,84.9,5,54,0.0926,0.1905,1.0,10.0,2.0,6.0,127.0,86.5,30.0,0.1667,3.0,11.0,4.0,15.0,184.0,84.0,53.0,0.2,62.5,16.9,54.0,1001.2,0.0,6.8,4.2,315.3,NW,-4.86,-6.21,-2.92
566941,2019-09-25,2019,BAL,2019-09-25 19:07:00,19,3,2,5,3,20,9,12,302,83.3,2,40,0.05,0.25,3.0,9.0,4.0,5.0,155.0,83.8,36.0,0.6,0.0,11.0,5.0,7.0,147.0,82.8,35.0,0.0,72.9,22.7,51.7,995.3,0.0,23.9,14.9,225.0,SW,16.92,10.11,21.69
566942,2019-09-27,2019,TB,2019-09-27 19:07:00,19,2,6,8,3,23,6,14,296,87.2,3,45,0.0667,0.2143,1.0,11.0,2.0,4.0,130.0,86.6,25.0,0.25,2.0,12.0,4.0,10.0,166.0,87.6,40.0,0.2,68.8,20.4,58.3,1001.1,0.0,14.3,8.9,178.3,S,14.26,13.54,13.26
566943,2019-09-28,2019,TB,2019-09-28 15:07:00,15,4,1,5,2,21,11,11,309,82.1,3,37,0.0811,0.1818,1.0,9.0,4.0,8.0,149.0,82.3,33.0,0.125,1.0,12.0,6.0,3.0,160.0,81.8,36.0,0.3333,68.7,20.4,78.7,1006.5,1.6,14.2,8.8,343.3,N,-13.64,-14.21,-11.42
566944,2019-09-29,2019,TB,2019-09-29 15:07:00,15,8,3,11,3,19,4,20,298,84.1,4,52,0.0769,0.15,2.0,9.0,3.0,11.0,152.0,83.5,43.0,0.1818,1.0,10.0,1.0,9.0,146.0,84.6,46.0,0.1111,58.2,14.6,54.7,1018.4,0.0,17.2,10.7,90.3,E,0.1,5.97,-5.78
630916,2020-07-29,2020,WSH,2020-07-29 18:05:00,18,0,4,4,0,27,8,8,329,83.4,1,40,0.025,0.0,0.0,16.0,3.0,3.0,156.0,80.6,32.0,0.0,0.0,11.0,5.0,5.0,173.0,85.1,49.0,0.0,81.0,27.2,43.7,999.5,0.1,10.1,6.3,285.8,W,-2.74,-5.89,0.74
630917,2020-07-30,2020,WSH,2020-07-30 16:05:00,16,4,6,10,4,13,4,24,301,84.8,6,62,0.0968,0.1667,3.0,5.0,2.0,11.0,139.0,85.4,54.0,0.2727,1.0,8.0,2.0,13.0,162.0,84.2,55.0,0.0769,80.4,26.9,42.0,1000.7,0.0,10.6,6.6,314.9,NW,-7.48,-9.6,-4.46
630901,2020-08-11,2020,MIA,2020-08-11 18:37:00,18,5,4,9,3,16,9,11,318,83.7,5,52,0.0962,0.2727,1.0,7.0,4.0,7.0,152.0,85.6,43.0,0.1429,2.0,9.0,3.0,4.0,166.0,82.0,48.0,0.5,82.3,27.9,37.0,1001.6,0.0,16.9,10.5,304.3,NW,-9.55,-13.76,-4.19
630902,2020-08-12,2020,MIA,2020-08-12 18:37:00,18,11,14,25,8,25,10,32,384,83.0,8,65,0.1231,0.25,7.0,12.0,4.0,18.0,184.0,87.3,59.0,0.3889,1.0,13.0,6.0,14.0,200.0,78.1,52.0,0.0714,78.8,26.0,47.7,1007.8,0.0,8.3,5.2,148.1,SE,7.07,8.15,5.14
630903,2020-08-14,2020,TB,2020-08-14 18:37:00,18,12,4,16,7,15,12,15,323,85.5,6,51,0.1176,0.4667,6.0,6.0,5.0,10.0,149.0,87.3,43.0,0.6,1.0,9.0,7.0,5.0,174.0,83.1,33.0,0.2,77.9,25.5,50.0,1007.4,0.0,8.6,5.3,114.3,SE,3.54,6.01,0.65
630905,2020-08-15,2020,TB,2020-08-15 18:37:00,18,2,3,5,2,21,6,21,326,84.3,4,54,0.0741,0.0952,0.0,8.0,1.0,10.0,144.0,81.7,45.0,0.0,2.0,13.0,4.0,11.0,182.0,87.2,40.0,0.1818,75.7,24.3,77.0,1003.4,0.0,8.2,5.1,85.6,E,-0.62,2.22,-3.39
630872,2020-08-16,2020,TB,2020-08-16 14:07:00,14,5,7,12,5,18,5,18,249,83.9,4,44,0.0909,0.2778,3.0,9.0,1.0,9.0,119.0,82.7,33.0,0.3333,2.0,9.0,4.0,9.0,130.0,85.0,38.0,0.2222,76.4,24.7,57.7,1002.4,0.2,12.8,8.0,149.7,SE,11.05,12.59,8.17
630918,2020-08-20,2020,PHI,2020-08-01 15:12:00,15,9,8,17,3,17,8,17,291,80.7,4,41,0.0976,0.1765,3.0,8.0,5.0,8.0,129.0,81.6,42.0,0.375,0.0,9.0,3.0,9.0,162.0,79.7,37.0,0.0,83.5,28.6,42.3,1002.1,0.0,18.3,11.4,91.7,E,0.53,6.74,-5.75
630919,2020-08-20,2020,PHI,2020-08-01 15:07:00,15,3,2,5,1,17,4,17,260,82.5,3,39,0.0769,0.0588,0.0,6.0,3.0,11.0,123.0,87.0,39.0,0.0,1.0,11.0,1.0,6.0,137.0,77.8,38.0,0.1667,83.5,28.6,42.3,1002.1,0.0,18.3,11.4,91.7,E,0.53,6.74,-5.75
630862,2020-08-25,2020,BOS,2020-08-25 18:37:00,18,7,9,16,1,16,8,26,336,81.6,4,61,0.0656,0.0385,1.0,10.0,5.0,13.0,171.0,82.3,47.0,0.0769,0.0,6.0,3.0,13.0,165.0,81.0,51.0,0.0,74.5,23.6,56.0,1003.3,0.0,16.9,10.5,340.0,N,-15.88,-16.9,-12.95
630863,2020-08-26,2020,BOS,2020-08-26 18:37:00,18,9,1,10,4,13,7,14,285,87.3,3,50,0.06,0.2857,3.0,6.0,4.0,11.0,152.0,87.9,40.0,0.2727,1.0,7.0,3.0,3.0,133.0,86.6,37.0,0.3333,69.7,20.9,76.3,1002.4,0.2,7.8,4.8,141.0,SE,6.04,7.35,4.01
630871,2020-08-28,2020,BAL,2020-08-28 18:37:00,18,5,4,9,4,23,4,18,318,79.6,4,50,0.08,0.2222,3.0,11.0,2.0,8.0,160.0,82.7,41.0,0.375,1.0,12.0,2.0,10.0,158.0,77.2,54.0,0.1,72.3,22.4,66.3,997.2,0.0,13.1,8.2,110.0,E,4.49,8.44,-0.0
630906,2020-08-29,2020,BAL,2020-08-29 18:37:00,18,5,0,5,0,16,6,14,278,80.9,2,50,0.04,0.0,0.0,9.0,3.0,9.0,140.0,84.4,41.0,0.0,0.0,7.0,3.0,5.0,138.0,78.1,52.0,0.0,71.1,21.7,56.3,991.4,0.0,24.8,15.4,298.7,NW,-11.89,-18.6,-3.74
630852,2020-08-30,2020,BAL,2020-08-30 15:07:00,15,6,5,11,2,14,10,19,279,79.5,4,55,0.0727,0.1053,0.0,6.0,6.0,7.0,134.0,83.4,40.0,0.0,2.0,8.0,2.0,12.0,145.0,76.7,55.0,0.1667,71.7,22.0,52.3,1001.5,0.0,4.8,3.0,192.4,S,4.65,4.02,4.73
630900,2020-08-31,2020,BAL,2020-08-31 14:07:00,14,3,4,7,0,26,5,17,342,80.7,2,54,0.037,0.0,0.0,12.0,4.0,7.0,167.0,80.8,53.0,0.0,0.0,14.0,1.0,10.0,175.0,80.5,53.0,0.0,72.4,22.5,55.3,1004.2,0.0,25.6,15.9,83.0,E,-3.13,5.76,-11.64
630865,2020-09-04,2020,BOS,2020-08-27 18:37:00,18,2,3,5,1,15,7,13,262,81.3,1,37,0.027,0.0769,1.0,7.0,3.0,6.0,131.0,78.5,30.0,0.1667,0.0,8.0,3.0,7.0,131.0,83.5,37.0,0.0,79.0,26.1,61.7,996.0,0.0,22.2,13.8,304.3,NW,-12.52,-18.04,-5.5
630859,2020-09-07,2020,NYY,2020-09-07 18:37:00,18,12,7,19,4,11,15,21,403,83.7,3,63,0.0476,0.1905,1.0,5.0,9.0,12.0,215.0,82.7,64.0,0.0833,3.0,6.0,6.0,9.0,188.0,84.8,51.0,0.3333,70.7,21.5,63.3,1001.8,0.0,9.9,6.2,347.0,N,-9.65,-9.83,-8.31
630860,2020-09-08,2020,NYY,2020-09-08 18:37:00,18,2,1,3,1,22,8,9,302,81.4,2,36,0.0556,0.1111,1.0,13.0,2.0,4.0,133.0,80.9,35.0,0.25,0.0,9.0,6.0,5.0,169.0,81.9,39.0,0.0,61.3,16.3,77.7,1011.2,1.1,11.8,7.3,26.3,NE,-10.55,-8.13,-11.7
630864,2020-09-09,2020,NYY,2020-09-09 18:37:00,18,2,7,9,3,15,7,13,282,83.5,4,52,0.0769,0.2308,1.0,9.0,0.0,6.0,114.0,83.5,39.0,0.1667,2.0,6.0,7.0,7.0,168.0,83.5,45.0,0.2857,69.1,20.6,85.0,1013.9,0.0,5.7,3.5,74.7,E,-1.5,0.46,-3.28
630868,2020-09-11,2020,NYM,2020-09-11 18:37:00,18,1,18,19,3,20,9,24,363,82.4,6,58,0.1034,0.125,0.0,10.0,3.0,5.0,132.0,81.1,44.0,0.0,3.0,10.0,6.0,19.0,231.0,83.3,63.0,0.1579,59.7,15.4,69.0,1015.9,0.0,5.8,3.6,131.7,SE,3.88,5.13,2.15
630870,2020-09-12,2020,NYM,2020-09-12 18:37:00,18,3,2,5,0,19,6,17,290,85.7,1,48,0.0208,0.0,0.0,10.0,3.0,10.0,141.0,88.2,40.0,0.0,0.0,9.0,3.0,7.0,149.0,83.1,38.0,0.0,65.3,18.5,77.3,1006.2,0.0,15.8,9.8,75.0,E,-4.08,1.37,-9.04
630875,2020-09-13,2020,NYM,2020-09-13 15:07:00,15,7,3,10,1,15,8,19,303,83.0,2,53,0.0377,0.0526,1.0,6.0,6.0,7.0,150.0,82.6,49.0,0.1429,0.0,9.0,2.0,12.0,153.0,83.4,46.0,0.0,76.9,24.9,51.3,1001.9,0.0,26.3,16.3,276.3,W,-2.9,-11.67,6.21
630907,2020-09-18,2020,PHI,2020-08-02 15:07:00,15,0,7,7,1,18,8,13,236,86.0,1,35,0.0286,0.0769,0.0,9.0,2.0,4.0,92.0,87.3,26.0,0.0,1.0,9.0,6.0,9.0,144.0,85.2,43.0,0.1111,79.4,26.3,66.0,992.7,0.1,31.6,19.6,210.0,SW,27.37,20.31,31.12
630876,2020-09-21,2020,NYY,2020-09-21 18:37:00,18,11,5,16,2,15,9,21,365,86.9,2,55,0.0364,0.0952,2.0,12.0,4.0,13.0,190.0,87.5,52.0,0.1538,0.0,3.0,5.0,8.0,175.0,86.2,49.0,0.0,60.5,15.8,60.0,1019.2,0.0,13.2,8.2,116.0,SE,5.79,9.5,1.38
630881,2020-09-22,2020,NYY,2020-09-22 18:37:00,18,1,12,13,1,20,2,20,324,85.4,6,50,0.12,0.05,1.0,10.0,0.0,5.0,142.0,83.6,43.0,0.2,0.0,10.0,2.0,15.0,182.0,87.0,49.0,0.0,65.6,18.7,65.0,1005.8,0.0,11.2,7.0,216.7,SW,8.98,6.14,10.73
630885,2020-09-23,2020,NYY,2020-09-23 18:37:00,18,14,1,15,2,15,10,20,333,81.9,4,56,0.0714,0.1,2.0,6.0,5.0,16.0,176.0,82.0,59.0,0.125,0.0,9.0,5.0,4.0,157.0,81.8,38.0,0.0,72.0,22.2,47.7,1002.2,0.0,12.8,8.0,306.3,NW,-7.6,-10.68,-3.61
630887,2020-09-24,2020,NYY,2020-09-24 18:37:00,18,4,1,5,1,19,6,17,285,83.7,2,49,0.0408,0.0588,1.0,12.0,1.0,10.0,136.0,88.7,38.0,0.1,0.0,7.0,5.0,7.0,149.0,79.5,45.0,0.0,69.1,20.6,84.3,1003.1,0.6,5.5,3.4,257.1,W,1.23,-0.68,2.99
630889,2020-09-25,2020,BAL,2020-09-25 18:37:00,18,10,5,15,5,10,4,23,279,87.0,4,62,0.0645,0.2174,2.0,3.0,2.0,15.0,145.0,86.9,51.0,0.1333,3.0,7.0,2.0,8.0,134.0,87.0,46.0,0.375,68.5,20.3,69.7,1005.2,0.0,9.6,5.9,145.0,SE,7.84,9.24,5.49
630891,2020-09-26,2020,BAL,2020-09-26 18:37:00,18,5,2,7,2,19,1,14,284,84.0,2,47,0.0426,0.1429,2.0,13.0,1.0,5.0,151.0,80.2,47.0,0.4,0.0,6.0,0.0,9.0,133.0,88.0,46.0,0.0,70.5,21.4,69.7,1000.8,0.0,16.8,10.4,195.3,S,16.2,13.71,16.74
630858,2020-09-27,2020,BAL,2020-09-27 15:07:00,15,5,7,12,2,14,7,17,304,85.7,6,57,0.1053,0.1176,2.0,9.0,3.0,7.0,144.0,90.1,41.0,0.2857,0.0,5.0,4.0,10.0,160.0,82.2,53.0,0.0,76.4,24.7,58.3,997.3,0.0,23.9,14.9,197.7,S,22.77,18.92,23.88
634545,2021-04-08,2021,LAA,2021-04-08 19:07:00,19,5,7,12,3,25,6,18,353,80.0,4,58,0.069,0.1667,2.0,14.0,3.0,7.0,187.0,79.7,43.0,0.2857,1.0,11.0,3.0,11.0,166.0,80.2,54.0,0.0909,56.0,13.3,61.0,999.3,0.0,28.2,17.5,68.7,E,-10.25,-0.66,-18.6
634512,2021-04-09,2021,LAA,2021-04-09 19:07:00,19,1,7,8,2,19,9,14,322,82.9,4,49,0.0816,0.1429,0.0,12.0,4.0,5.0,158.0,81.6,42.0,0.0,2.0,7.0,5.0,9.0,164.0,84.1,44.0,0.2222,50.7,10.4,89.3,1001.7,0.0,15.2,9.5,70.0,E,-5.21,0.0,-9.79
632227,2021-04-10,2021,LAA,2021-04-10 19:07:00,19,15,1,16,1,16,12,20,326,81.8,2,54,0.037,0.05,0.0,6.0,9.0,14.0,194.0,82.6,59.0,0.0,1.0,10.0,3.0,6.0,132.0,80.6,38.0,0.1667,57.8,14.3,66.7,992.9,0.0,20.8,12.9,65.3,NE,-8.67,-1.69,-14.6
632203,2021-04-12,2021,NYY,2021-04-12 19:07:00,19,1,3,4,2,20,7,9,297,84.5,2,40,0.05,0.2222,0.0,12.0,2.0,5.0,144.0,82.9,43.0,0.0,2.0,8.0,5.0,4.0,153.0,86.3,39.0,0.5,45.3,7.4,90.0,1001.3,0.0,18.4,11.4,67.3,NE,-7.09,-0.86,-12.47
634569,2021-04-13,2021,NYY,2021-04-13 19:07:00,19,7,3,10,2,17,6,18,287,81.9,3,49,0.0612,0.1111,2.0,9.0,4.0,10.0,155.0,82.0,51.0,0.2,0.0,8.0,2.0,8.0,132.0,81.8,46.0,0.0,44.4,6.9,98.3,1007.3,0.0,8.9,5.5,72.2,E,-2.72,0.35,-5.45
634513,2021-04-14,2021,NYY,2021-04-14 13:07:00,13,5,4,9,5,10,5,18,265,83.2,5,55,0.0909,0.2778,3.0,6.0,2.0,12.0,143.0,81.9,61.0,0.25,2.0,4.0,3.0,6.0,122.0,84.9,47.0,0.3333,54.6,12.6,58.3,1004.1,0.0,14.6,9.1,164.6,S,14.11,14.59,11.93
634335,2021-04-27,2021,WSH,2021-04-27 19:07:00,19,9,5,14,7,17,5,19,281,84.2,7,49,0.1429,0.3684,3.0,7.0,3.0,10.0,131.0,86.1,42.0,0.3,4.0,10.0,2.0,9.0,150.0,82.4,45.0,0.4444,48.1,8.9,59.3,1000.6,0.7,13.8,8.6,72.7,E,-4.1,0.64,-8.35
634348,2021-04-28,2021,WSH,2021-04-28 19:07:00,19,2,8,10,4,17,6,16,308,82.2,4,52,0.0769,0.25,2.0,9.0,3.0,5.0,148.0,82.8,41.0,0.4,2.0,8.0,2.0,11.0,160.0,81.7,51.0,0.1818,52.7,11.5,95.3,998.6,0.0,8.4,5.2,60.3,NE,-4.14,-1.41,-6.38
634280,2021-04-30,2021,ATL,2021-04-30 19:37:00,19,13,5,18,7,13,9,23,325,86.1,6,59,0.1017,0.3043,6.0,6.0,7.0,14.0,170.0,85.8,58.0,0.4286,1.0,7.0,2.0,9.0,155.0,86.4,54.0,0.1111,43.6,6.4,43.3,1001.2,0.0,28.2,17.5,311.7,NW,-18.77,-24.85,-10.42
634312,2021-05-01,2021,ATL,2021-05-01 19:37:00,19,6,5,11,4,19,8,20,340,80.4,3,57,0.0526,0.2,2.0,9.0,3.0,9.0,171.0,80.5,53.0,0.2222,2.0,10.0,2.0,11.0,169.0,80.3,51.0,0.1818,52.0,11.1,44.3,996.3,0.2,17.9,11.1,223.7,SW,12.93,7.93,16.36
634256,2021-05-02,2021,ATL,2021-05-02 13:07:00,13,7,2,9,1,21,4,20,298,81.3,3,49,0.0612,0.05,1.0,8.0,3.0,11.0,157.0,83.2,54.0,0.0909,0.0,13.0,1.0,9.0,141.0,79.2,48.0,0.0,56.0,13.3,71.0,997.8,0.7,12.0,7.5,128.0,SE,7.41,10.21,3.72
634119,2021-05-14,2021,PHI,2021-05-14 19:37:00,19,1,5,6,1,24,13,13,342,83.9,3,40,0.075,0.0769,1.0,11.0,5.0,4.0,144.0,88.5,35.0,0.25,0.0,13.0,8.0,9.0,198.0,80.6,50.0,0.0,59.2,15.1,42.7,1011.5,0.0,22.1,13.7,204.7,SW,20.05,15.69,21.99
634139,2021-05-15,2021,PHI,2021-05-15 19:37:00,19,4,0,4,1,23,5,16,287,82.9,3,44,0.0682,0.0625,1.0,9.0,1.0,10.0,120.0,84.5,39.0,0.1,0.0,14.0,4.0,6.0,167.0,81.5,46.0,0.0,62.5,16.9,46.3,1011.9,0.0,6.9,4.3,30.6,NE,-5.94,-4.38,-6.78
634069,2021-05-16,2021,PHI,2021-05-16 13:07:00,13,10,8,18,6,15,6,28,358,83.2,6,64,0.0938,0.2143,3.0,4.0,2.0,16.0,164.0,84.4,59.0,0.1875,3.0,11.0,4.0,12.0,194.0,81.9,56.0,0.25,69.1,20.6,33.3,1013.2,0.0,5.5,3.4,156.3,SE,5.04,5.49,3.98
634133,2021-05-18,2021,BOS,2021-05-18 19:37:00,19,8,0,8,1,20,4,23,293,83.9,4,54,0.0741,0.0435,1.0,9.0,2.0,18.0,151.0,84.3,57.0,0.0556,0.0,11.0,2.0,5.0,142.0,83.4,45.0,0.0,70.8,21.5,47.0,1013.9,0.0,10.1,6.3,263.2,W,1.2,-2.3,4.56
634116,2021-05-19,2021,BOS,2021-05-19 19:37:00,19,3,7,10,5,17,5,22,303,85.9,9,54,0.1667,0.2273,1.0,6.0,5.0,9.0,140.0,84.9,49.0,0.1111,4.0,11.0,0.0,13.0,163.0,86.9,49.0,0.3077,67.0,19.5,49.0,1015.2,0.0,9.6,6.0,133.3,SE,6.59,8.58,3.8
634018,2021-05-20,2021,BOS,2021-05-20 19:37:00,19,7,8,15,2,21,8,25,325,81.3,2,57,0.0351,0.08,0.0,13.0,5.0,11.0,169.0,81.2,52.0,0.0,2.0,8.0,2.0,14.0,156.0,81.3,54.0,0.1429,69.5,20.8,64.0,1016.7,0.0,8.2,5.1,99.6,E,1.38,4.07,-1.48
634078,2021-05-21,2021,TB,2021-05-21 19:37:00,19,7,9,16,7,23,14,18,408,81.9,7,64,0.1094,0.3889,3.0,13.0,2.0,11.0,183.0,82.2,64.0,0.2727,4.0,10.0,6.0,7.0,225.0,81.6,70.0,0.5714,79.3,26.3,39.3,1015.7,0.0,21.0,13.0,219.7,SW,16.16,10.6,19.77
634081,2021-05-22,2021,TB,2021-05-22 19:37:00,19,1,3,4,1,21,5,14,288,83.8,2,46,0.0435,0.0714,0.0,10.0,4.0,6.0,130.0,84.8,40.0,0.0,1.0,11.0,0.0,8.0,158.0,82.9,46.0,0.125,74.8,23.8,74.0,1009.4,0.2,8.9,5.5,323.6,NW,-7.16,-8.54,-4.93
633975,2021-05-23,2021,TB,2021-05-23 13:07:00,13,4,6,10,3,13,8,20,287,83.0,3,59,0.0508,0.15,2.0,5.0,1.0,10.0,117.0,86.0,45.0,0.2,1.0,8.0,7.0,10.0,170.0,80.4,54.0,0.1,74.6,23.7,50.3,1008.1,0.0,22.6,14.1,356.7,N,-22.6,-21.68,-20.78
633963,2021-05-24,2021,TB,2021-05-24 13:07:00,13,8,14,22,6,26,7,22,351,81.2,4,61,0.0656,0.2727,5.0,10.0,0.0,11.0,169.0,80.7,66.0,0.4545,1.0,16.0,7.0,11.0,182.0,82.0,54.0,0.0909,66.1,18.9,41.0,1012.4,0.0,13.8,8.6,103.3,E,3.19,7.6,-1.61
633857,2021-06-01,2021,MIA,2021-06-01 19:07:00,19,5,1,6,2,20,4,18,268,82.7,2,47,0.0426,0.1111,2.0,6.0,0.0,11.0,127.0,83.0,50.0,0.1818,0.0,14.0,4.0,7.0,141.0,82.4,32.0,0.0,68.1,20.1,51.0,1010.5,0.0,12.9,8.0,211.9,SW,10.92,7.93,12.59
633844,2021-06-02,2021,MIA,2021-06-02 19:07:00,19,6,5,11,6,25,10,15,354,82.6,7,44,0.1591,0.4,2.0,15.0,4.0,9.0,194.0,82.8,56.0,0.2222,4.0,10.0,3.0,6.0,160.0,82.5,55.0,0.6667,63.3,17.4,61.0,1006.4,0.0,8.6,5.4,133.3,SE,5.93,7.72,3.42
633815,2021-06-04,2021,HOU,2021-06-04 19:07:00,19,1,13,14,5,9,5,22,281,84.1,8,65,0.1231,0.2273,1.0,3.0,1.0,6.0,102.0,82.4,46.0,0.1667,4.0,6.0,4.0,16.0,179.0,85.4,62.0,0.25,72.4,22.4,63.7,998.5,0.0,18.4,11.5,203.3,SW,16.93,13.41,18.4
633800,2021-06-05,2021,HOU,2021-06-05 15:07:00,15,6,2,8,2,19,5,20,271,83.5,2,47,0.0426,0.1,2.0,10.0,3.0,11.0,139.0,85.1,45.0,0.1818,0.0,9.0,2.0,9.0,132.0,81.8,42.0,0.0,87.6,30.9,34.0,999.2,0.0,23.8,14.8,226.0,SW,16.57,9.71,21.43
633780,2021-06-06,2021,HOU,2021-06-06 13:07:00,13,3,6,9,2,17,11,17,311,82.5,0,54,0.0,0.1176,0.0,9.0,4.0,5.0,134.0,80.0,40.0,0.0,2.0,8.0,7.0,12.0,177.0,84.4,54.0,0.1667,84.6,29.2,48.7,1003.5,0.0,24.9,15.5,189.7,S,24.51,21.61,24.46
633653,2021-06-15,2021,NYY,2021-06-15 19:07:00,19,5,6,11,4,13,12,18,322,81.6,3,58,0.0517,0.2222,1.0,6.0,6.0,9.0,158.0,79.1,49.0,0.1111,3.0,7.0,6.0,9.0,164.0,83.7,58.0,0.3333,66.3,19.0,33.3,1002.9,0.0,23.5,14.6,328.0,NW,-19.9,-22.95,-14.45
633695,2021-06-16,2021,NYY,2021-06-16 19:07:00,19,2,3,5,3,17,4,10,267,82.0,4,49,0.0816,0.3,2.0,5.0,1.0,6.0,125.0,84.6,45.0,0.3333,1.0,12.0,3.0,4.0,142.0,79.3,44.0,0.25,64.2,17.9,31.7,1004.9,0.0,16.2,10.0,334.7,NW,-14.61,-16.1,-11.36
633633,2021-06-17,2021,NYY,2021-06-17 19:07:00,19,4,8,12,2,15,8,21,317,81.5,2,58,0.0345,0.0952,0.0,7.0,2.0,10.0,125.0,77.3,48.0,0.0,2.0,8.0,6.0,11.0,192.0,84.8,62.0,0.1818,68.1,20.0,49.3,1002.5,0.0,25.1,15.6,190.3,S,24.73,21.69,24.78
633560,2021-06-24,2021,BAL,2021-06-24 19:07:00,19,9,0,9,2,17,8,17,304,82.8,7,51,0.1373,0.1176,2.0,7.0,5.0,10.0,153.0,82.9,60.0,0.2,0.0,10.0,3.0,7.0,151.0,82.7,51.0,0.0,75.0,23.9,50.3,1008.6,0.0,15.9,9.9,175.0,S,15.84,15.36,14.41
633536,2021-06-25,2021,BAL,2021-06-25 19:07:00,19,5,6,11,2,18,9,17,335,82.8,5,58,0.0862,0.1176,2.0,8.0,2.0,9.0,149.0,83.2,56.0,0.2222,0.0,10.0,7.0,8.0,186.0,82.5,57.0,0.0,69.4,20.8,90.3,1005.3,1.9,11.7,7.3,152.3,SE,10.39,11.63,7.9
633520,2021-06-26,2021,BAL,2021-06-26 15:07:00,15,12,4,16,3,9,6,22,296,83.9,4,63,0.0635,0.1364,3.0,4.0,4.0,15.0,171.0,85.5,69.0,0.2,0.0,5.0,2.0,7.0,125.0,81.0,40.0,0.0,79.0,26.1,72.0,1003.6,0.0,23.4,14.6,214.3,SW,19.35,13.66,22.7
633515,2021-06-27,2021,BAL,2021-06-27 13:07:00,13,5,2,7,1,16,7,19,311,83.1,1,50,0.02,0.0526,0.0,8.0,4.0,12.0,145.0,84.3,53.0,0.0,1.0,8.0,3.0,7.0,166.0,82.0,62.0,0.1429,83.7,28.7,60.3,1004.2,0.0,26.7,16.6,208.0,SW,23.58,17.87,26.44
633497,2021-06-29,2021,SEA,2021-06-29 19:07:00,19,9,3,12,3,19,7,23,291,84.0,4,53,0.0755,0.1304,2.0,5.0,4.0,15.0,145.0,84.8,51.0,0.1333,1.0,14.0,3.0,8.0,146.0,83.1,47.0,0.125,80.2,26.8,79.0,1007.9,0.0,11.2,6.9,253.3,W,3.2,-0.65,6.67
633445,2021-06-30,2021,SEA,2021-06-30 19:07:00,19,7,9,16,4,20,8,25,362,85.7,8,64,0.125,0.16,1.0,8.0,6.0,12.0,190.0,88.1,56.0,0.0833,3.0,12.0,2.0,13.0,172.0,83.7,66.0,0.2308,77.2,25.1,63.0,1003.3,0.0,11.0,6.9,329.8,NW,-9.54,-10.86,-7.06
633456,2021-07-01,2021,SEA,2021-07-01 13:07:00,13,2,7,9,3,19,7,19,328,81.4,4,52,0.0769,0.1579,1.0,10.0,2.0,8.0,141.0,83.5,44.0,0.125,2.0,9.0,5.0,11.0,187.0,79.9,63.0,0.1818,73.8,23.2,69.7,1001.2,0.4,4.8,3.0,16.2,N,-4.58,-3.84,-4.76
633464,2021-07-02,2021,TB,2021-07-02 19:07:00,19,11,1,12,3,21,5,17,305,82.3,4,48,0.0833,0.1765,3.0,9.0,4.0,12.0,166.0,81.9,51.0,0.25,0.0,12.0,1.0,5.0,139.0,82.8,38.0,0.0,67.9,20.0,77.0,1001.1,0.4,10.0,6.2,352.5,N,-9.88,-9.73,-8.84
633403,2021-07-03,2021,TB,2021-07-03 15:07:00,15,6,3,9,3,15,7,11,269,82.6,5,48,0.1042,0.2727,2.0,7.0,2.0,6.0,115.0,82.0,35.0,0.3333,1.0,8.0,5.0,5.0,154.0,83.1,43.0,0.2,71.2,21.8,66.3,999.3,0.1,11.0,6.9,165.7,S,10.69,10.98,9.11
633408,2021-07-04,2021,TB,2021-07-04 13:07:00,13,1,5,6,2,20,2,14,270,82.7,2,46,0.0435,0.1429,1.0,12.0,0.0,6.0,126.0,78.9,37.0,0.1667,1.0,8.0,2.0,8.0,144.0,85.2,56.0,0.125,70.8,21.6,76.3,1003.5,0.0,12.6,7.8,95.7,E,1.24,5.44,-3.11
633266,2021-07-16,2021,TEX,2021-07-16 19:07:00,19,10,2,12,6,18,8,16,289,84.6,5,49,0.102,0.375,5.0,6.0,4.0,10.0,146.0,86.9,51.0,0.5,1.0,12.0,4.0,6.0,143.0,81.7,38.0,0.1667,70.5,21.4,75.3,1006.8,0.0,5.2,3.2,90.9,E,0.08,1.84,-1.69
633256,2021-07-18,2021,TEX,2021-07-18 13:07:00,13,5,0,5,1,5,2,11,181,84.8,5,45,0.1111,0.0909,1.0,1.0,1.0,8.0,98.0,85.5,43.0,0.125,0.0,4.0,1.0,3.0,83.0,83.8,32.0,0.0,83.7,28.7,45.3,1008.0,0.0,5.0,3.1,351.5,N,-4.98,-4.93,-4.42
633292,2021-07-18,2021,TEX,2021-07-17 15:07:00,15,10,0,10,4,11,4,11,189,82.7,3,38,0.0789,0.3636,4.0,7.0,3.0,8.0,98.0,86.3,37.0,0.5,0.0,4.0,1.0,3.0,91.0,78.7,34.0,0.0,69.3,20.7,84.7,1007.5,2.3,16.7,10.4,42.3,NE,-12.37,-7.77,-15.48
633218,2021-07-19,2021,BOS,2021-07-19 19:07:00,19,4,13,17,7,16,9,25,340,85.4,6,61,0.0984,0.28,1.0,8.0,2.0,11.0,140.0,82.5,56.0,0.0909,6.0,8.0,7.0,14.0,200.0,87.9,62.0,0.4286,80.3,26.8,62.3,1005.4,0.1,10.8,6.7,331.6,NW,-9.5,-10.69,-7.18
633187,2021-07-21,2021,BOS,2021-07-21 19:07:00,19,4,7,11,8,18,4,14,277,84.6,8,50,0.16,0.5714,3.0,9.0,2.0,5.0,128.0,85.1,38.0,0.6,5.0,9.0,2.0,9.0,149.0,84.3,55.0,0.5556,70.1,21.2,52.3,1007.6,0.0,19.1,11.8,342.0,N,-18.13,-19.06,-15.02
633091,2021-07-30,2021,KC,2021-07-30 19:07:00,19,6,4,10,3,7,5,17,274,83.9,4,59,0.0678,0.1765,2.0,3.0,4.0,10.0,149.0,84.1,55.0,0.2,1.0,4.0,1.0,7.0,125.0,83.7,48.0,0.1429,62.8,17.1,53.7,1006.5,0.0,15.9,9.9,349.0,N,-15.58,-15.67,-13.6
633085,2021-07-31,2021,KC,2021-07-31 15:07:00,15,4,0,4,2,15,3,8,230,81.1,3,44,0.0682,0.25,2.0,7.0,1.0,5.0,109.0,81.8,36.0,0.4,0.0,8.0,2.0,3.0,121.0,80.4,39.0,0.0,70.6,21.5,53.3,1003.0,0.0,16.1,10.0,159.0,S,15.03,16.1,12.15
633067,2021-08-01,2021,KC,2021-08-01 13:07:00,13,5,1,6,3,20,8,14,301,80.5,6,43,0.1395,0.2143,2.0,8.0,7.0,8.0,160.0,83.2,48.0,0.25,1.0,12.0,1.0,6.0,141.0,78.1,51.0,0.1667,71.1,21.7,66.7,999.6,0.7,8.4,5.2,305.3,NW,-4.86,-6.91,-2.22
633041,2021-08-02,2021,CLE,2021-08-02 15:07:00,15,2,5,7,2,20,7,15,315,81.7,3,53,0.0566,0.1333,1.0,12.0,3.0,6.0,142.0,84.8,44.0,0.1667,1.0,8.0,4.0,9.0,173.0,79.3,55.0,0.1111,74.4,23.6,41.3,1007.2,0.0,13.2,8.2,167.3,S,12.85,13.06,11.08
633036,2021-08-03,2021,CLE,2021-08-03 19:07:00,19,7,2,9,2,13,1,19,255,82.0,5,57,0.0877,0.1053,2.0,2.0,1.0,12.0,134.0,83.8,55.0,0.1667,0.0,11.0,0.0,7.0,121.0,79.6,41.0,0.0,72.4,22.4,63.7,1006.9,0.0,16.0,9.9,213.0,SW,13.42,9.63,15.59
633011,2021-08-04,2021,CLE,2021-08-04 19:07:00,19,8,6,14,3,17,7,25,326,84.1,5,58,0.0862,0.12,1.0,5.0,5.0,10.0,165.0,85.9,49.0,0.1,2.0,12.0,2.0,15.0,161.0,82.7,57.0,0.1333,72.9,22.7,73.7,1008.8,0.0,7.2,4.5,105.3,E,1.9,4.16,-0.59
633003,2021-08-05,2021,CLE,2021-08-05 19:07:00,19,3,0,3,1,11,2,8,239,80.0,1,49,0.0204,0.125,1.0,4.0,0.0,5.0,105.0,80.9,46.0,0.2,0.0,7.0,2.0,3.0,134.0,79.2,43.0,0.0,73.9,23.3,73.7,1007.5,0.0,6.8,4.2,126.4,SE,4.01,5.64,1.91
632974,2021-08-06,2021,BOS,2021-08-06 19:07:00,19,12,4,16,2,16,8,25,323,82.9,5,59,0.0847,0.08,1.0,6.0,1.0,17.0,152.0,83.8,63.0,0.0588,1.0,10.0,6.0,8.0,171.0,81.5,44.0,0.125,77.7,25.4,63.3,1005.1,0.0,10.4,6.5,195.1,S,10.04,8.51,10.36
632963,2021-08-07,2021,BOS,2021-08-07 15:07:00,15,1,0,1,1,12,3,4,177,83.8,0,30,0.0,0.25,1.0,5.0,1.0,2.0,77.0,83.7,26.0,0.5,0.0,7.0,2.0,2.0,100.0,83.9,31.0,0.0,76.9,25.0,76.0,1004.9,2.5,8.3,5.1,218.2,SW,6.5,4.36,7.85
633246,2021-08-07,2021,BOS,2021-07-20 19:07:00,19,1,2,3,1,19,3,14,274,82.1,2,41,0.0488,0.0714,0.0,12.0,1.0,6.0,144.0,82.5,46.0,0.0,1.0,7.0,1.0,8.0,130.0,81.7,52.0,0.125,72.6,22.5,76.7,1001.8,0.6,14.2,8.8,325.4,NW,-11.69,-13.74,-8.22
633007,2021-08-08,2021,BOS,2021-08-08 13:07:00,13,9,8,17,2,11,7,26,325,83.0,4,65,0.0615,0.0769,2.0,4.0,5.0,10.0,158.0,83.8,60.0,0.2,0.0,7.0,2.0,16.0,167.0,82.3,64.0,0.0,78.8,26.0,73.3,1006.1,0.0,14.2,8.8,178.0,S,14.19,13.51,13.17
632208,2021-08-10,2021,LAA,2021-04-11 13:07:00,13,3,6,9,0,12,8,17,259,82.2,1,46,0.0217,0.0,0.0,6.0,3.0,9.0,111.0,84.0,35.0,0.0,0.0,6.0,4.0,8.0,148.0,80.8,44.0,0.0,52.9,11.6,99.7,988.2,2.7,11.7,7.3,75.8,E,-2.87,1.19,-6.59
632888,2021-08-20,2021,DET,2021-08-20 19:07:00,19,1,4,5,1,23,6,14,284,82.0,1,47,0.0213,0.0714,1.0,8.0,5.0,5.0,138.0,83.5,35.0,0.2,0.0,15.0,1.0,9.0,146.0,80.7,44.0,0.0,79.8,26.6,67.7,1002.6,0.0,4.9,3.0,197.8,S,4.63,3.85,4.86
632775,2021-08-21,2021,DET,2021-08-21 15:07:00,15,3,0,3,2,13,2,13,219,82.3,1,46,0.0217,0.1538,2.0,4.0,1.0,7.0,88.0,86.1,36.0,0.2857,0.0,9.0,1.0,6.0,131.0,78.6,38.0,0.0,78.5,25.8,76.3,1001.7,0.2,8.3,5.2,96.7,E,0.97,3.73,-1.91
632784,2021-08-22,2021,DET,2021-08-22 13:07:00,13,3,5,8,1,11,5,19,366,84.2,4,75,0.0533,0.0526,0.0,7.0,4.0,10.0,177.0,86.0,66.0,0.0,1.0,4.0,1.0,9.0,189.0,82.7,77.0,0.1111,84.3,29.1,60.0,1002.3,0.1,7.2,4.5,159.7,S,6.75,7.2,5.49
632787,2021-08-23,2021,CWS,2021-08-23 19:07:00,19,2,1,3,0,16,4,11,251,83.6,0,45,0.0,0.0,0.0,6.0,0.0,5.0,108.0,87.9,35.0,0.0,0.0,10.0,3.0,6.0,143.0,80.2,43.0,0.0,81.2,27.3,53.3,1001.1,0.0,12.1,7.5,351.6,N,-12.0,-11.88,-10.68
632779,2021-08-24,2021,CWS,2021-08-24 19:07:00,19,2,5,7,2,20,4,27,311,83.1,3,56,0.0536,0.0741,1.0,9.0,2.0,9.0,143.0,86.1,46.0,0.1111,1.0,11.0,2.0,18.0,168.0,81.0,64.0,0.0556,82.2,27.9,63.7,1004.2,0.0,10.2,6.4,210.9,SW,8.78,6.45,10.05
632752,2021-08-25,2021,CWS,2021-08-25 19:07:00,19,3,1,4,0,26,4,14,291,80.9,1,39,0.0256,0.0,0.0,10.0,3.0,8.0,151.0,83.7,44.0,0.0,0.0,16.0,1.0,6.0,140.0,78.1,46.0,0.0,82.5,28.0,71.0,1006.6,0.0,9.2,5.7,220.3,SW,7.01,4.55,8.63
632724,2021-08-26,2021,CWS,2021-08-26 15:07:00,15,7,10,17,6,15,3,22,273,85.0,8,61,0.1311,0.2727,2.0,8.0,1.0,10.0,116.0,86.7,44.0,0.2,4.0,7.0,2.0,12.0,157.0,83.8,60.0,0.3333,85.7,29.8,67.3,1008.0,0.4,3.3,2.0,189.9,S,3.22,2.83,3.22
632668,2021-08-30,2021,BAL,2021-08-30 19:07:00,19,7,3,10,3,15,6,12,272,85.6,5,46,0.1087,0.25,2.0,3.0,4.0,6.0,138.0,84.9,45.0,0.3333,1.0,12.0,2.0,6.0,134.0,86.3,39.0,0.1667,78.2,25.7,44.7,999.2,0.0,16.4,10.2,299.3,NW,-8.05,-12.46,-2.66
632715,2021-08-31,2021,BAL,2021-08-31 19:07:00,19,2,4,6,2,16,8,10,284,81.5,5,48,0.1042,0.2,2.0,6.0,4.0,6.0,138.0,82.8,54.0,0.3333,0.0,10.0,4.0,4.0,146.0,79.9,44.0,0.0,71.2,21.8,48.3,999.7,0.0,15.7,9.8,349.7,N,-15.48,-15.51,-13.58
632640,2021-09-01,2021,BAL,2021-09-01 19:07:00,19,5,4,9,1,12,8,18,294,80.6,3,51,0.0588,0.0556,1.0,4.0,2.0,10.0,130.0,82.4,45.0,0.1,0.0,8.0,6.0,8.0,164.0,79.0,53.0,0.0,71.2,21.8,41.3,1002.3,0.0,17.5,10.9,355.8,N,-17.45,-16.84,-15.96
632629,2021-09-03,2021,ATH,2021-09-03 19:07:00,19,11,10,21,5,16,6,21,288,81.6,5,56,0.0893,0.2381,3.0,11.0,3.0,10.0,139.0,83.3,47.0,0.3,2.0,5.0,3.0,11.0,149.0,80.2,57.0,0.1818,69.0,20.6,56.3,1008.7,0.0,7.0,4.3,347.5,N,-6.8,-6.91,-5.87
632616,2021-09-04,2021,ATH,2021-09-04 15:07:00,15,10,8,18,7,14,3,25,299,85.6,8,60,0.1333,0.28,4.0,4.0,2.0,15.0,145.0,88.0,48.0,0.2667,3.0,10.0,1.0,10.0,154.0,83.6,58.0,0.3,75.3,24.0,53.7,1002.8,0.0,13.8,8.6,162.0,S,13.09,13.76,10.85
632607,2021-09-05,2021,ATH,2021-09-05 13:07:00,13,8,0,8,2,21,6,15,292,82.6,5,45,0.1111,0.1333,2.0,6.0,3.0,13.0,147.0,83.8,58.0,0.1538,0.0,15.0,3.0,2.0,145.0,81.2,45.0,0.0,79.9,26.6,35.0,995.7,0.0,18.1,11.2,280.3,W,-3.24,-9.12,3.04
632489,2021-09-13,2021,TB,2021-09-13 19:07:00,19,8,1,9,3,12,2,19,282,82.5,4,57,0.0702,0.1579,2.0,2.0,2.0,17.0,169.0,82.2,70.0,0.1176,1.0,10.0,0.0,2.0,113.0,83.0,34.0,0.5,67.2,19.6,67.3,1007.2,0.8,10.0,6.2,320.1,NW,-7.7,-9.44,-5.04
632497,2021-09-14,2021,TB,2021-09-14 19:07:00,19,0,2,2,2,11,1,9,221,82.3,4,51,0.0784,0.2222,0.0,6.0,1.0,3.0,103.0,84.8,39.0,0.0,2.0,5.0,0.0,6.0,118.0,80.4,52.0,0.3333,76.2,24.5,71.7,996.7,0.0,24.0,14.9,207.3,SW,21.32,16.27,23.8
632483,2021-09-15,2021,TB,2021-09-15 15:07:00,15,6,3,9,3,23,2,13,260,81.8,5,41,0.122,0.2308,1.0,8.0,2.0,7.0,125.0,80.5,51.0,0.1429,2.0,15.0,0.0,6.0,135.0,83.1,50.0,0.3333,72.9,22.7,54.7,1003.6,0.0,4.7,2.9,232.3,SW,2.85,1.42,3.94
632430,2021-09-17,2021,MIN,2021-09-17 19:07:00,19,3,7,10,5,14,6,15,285,85.4,9,55,0.1636,0.3333,1.0,7.0,2.0,5.0,132.0,84.4,55.0,0.2,4.0,7.0,4.0,10.0,153.0,86.5,47.0,0.4,72.4,22.4,90.0,1007.3,0.0,11.3,7.0,141.0,SE,8.76,10.65,5.8
632431,2021-09-18,2021,MIN,2021-09-18 15:07:00,15,6,2,8,3,15,11,11,301,84.8,3,46,0.0652,0.2727,2.0,6.0,8.0,7.0,157.0,85.5,44.0,0.2857,1.0,9.0,3.0,4.0,144.0,84.1,41.0,0.25,75.0,23.9,40.7,1010.1,0.0,14.5,9.0,346.3,N,-14.06,-14.38,-12.04
632446,2021-09-19,2021,MIN,2021-09-19 13:07:00,13,5,3,8,2,19,4,15,290,83.2,4,47,0.0851,0.1333,1.0,9.0,3.0,11.0,159.0,81.3,68.0,0.0909,1.0,10.0,1.0,4.0,131.0,86.2,44.0,0.25,68.2,20.1,56.3,1013.9,0.0,12.1,7.5,129.7,SE,7.73,10.44,4.07
632288,2021-09-28,2021,NYY,2021-09-28 19:07:00,19,2,7,9,3,15,8,14,324,83.4,5,51,0.098,0.2143,0.0,7.0,4.0,3.0,141.0,83.3,40.0,0.0,3.0,8.0,4.0,11.0,183.0,83.5,64.0,0.2727,57.0,13.9,56.0,1005.7,0.3,13.3,8.2,332.0,NW,-11.71,-13.14,-8.88
632296,2021-09-29,2021,NYY,2021-09-29 19:07:00,19,6,5,11,3,18,0,17,269,81.4,8,50,0.16,0.1765,3.0,8.0,0.0,10.0,123.0,83.2,48.0,0.3,0.0,10.0,0.0,7.0,146.0,79.7,50.0,0.0,57.9,14.4,54.7,1008.7,0.0,16.0,9.9,340.0,N,-15.0,-15.97,-12.23
632280,2021-09-30,2021,NYY,2021-09-30 19:07:00,19,2,6,8,5,20,6,16,325,81.3,5,49,0.102,0.3125,0.0,9.0,2.0,10.0,163.0,78.7,63.0,0.0,5.0,11.0,4.0,6.0,162.0,85.0,43.0,0.8333,56.1,13.4,66.3,1013.8,0.0,9.3,5.8,346.3,N,-9.0,-9.21,-7.71
632268,2021-10-01,2021,BAL,2021-10-01 19:07:00,19,6,4,10,4,11,4,21,245,83.8,3,57,0.0526,0.1905,2.0,3.0,2.0,12.0,112.0,86.7,43.0,0.1667,2.0,8.0,2.0,9.0,133.0,81.2,47.0,0.2222,61.0,16.1,85.3,1010.6,0.0,8.5,5.3,201.6,S,7.93,6.38,8.53
632247,2021-10-02,2021,BAL,2021-10-02 15:07:00,15,10,1,11,5,16,1,16,251,85.3,5,52,0.0962,0.3125,5.0,6.0,0.0,14.0,140.0,87.8,56.0,0.3571,0.0,10.0,1.0,2.0,111.0,81.2,33.0,0.0,75.0,23.9,63.7,1004.4,0.0,18.9,11.8,217.0,SW,15.12,10.31,18.11
632235,2021-10-03,2021,BAL,2021-10-03 15:07:00,15,12,4,16,5,15,6,25,322,82.8,5,60,0.0833,0.2,4.0,4.0,4.0,12.0,168.0,83.3,60.0,0.3333,1.0,11.0,2.0,13.0,154.0,82.2,52.0,0.0769,67.0,19.4,97.3,1000.1,5.0,5.9,3.7,107.5,E,1.78,3.59,-0.26
661782,2022-04-08,2022,TEX,2022-04-08 19:07:00,19,10,8,18,5,10,10,17,302,85.2,7,57,0.1228,0.2941,2.0,8.0,5.0,9.0,145.0,86.2,47.0,0.2222,3.0,2.0,5.0,8.0,157.0,84.3,58.0,0.375,42.1,5.6,81.3,991.5,0.0,7.4,4.6,167.2,S,7.22,7.34,6.22
661803,2022-04-09,2022,TEX,2022-04-09 15:07:00,15,4,3,7,1,12,3,18,235,84.9,1,56,0.0179,0.0556,1.0,6.0,2.0,9.0,113.0,83.3,42.0,0.1111,0.0,6.0,1.0,9.0,122.0,86.5,42.0,0.0,45.8,7.7,66.3,993.7,1.2,12.6,7.8,233.7,SW,7.47,3.54,10.51
661802,2022-04-10,2022,TEX,2022-04-10 13:37:00,13,6,12,18,7,24,8,21,318,85.2,6,50,0.12,0.3333,4.0,14.0,1.0,10.0,143.0,85.5,39.0,0.4,3.0,10.0,7.0,11.0,175.0,85.0,59.0,0.2727,43.8,6.6,47.0,1003.4,0.0,23.2,14.4,311.7,NW,-15.42,-20.42,-8.57
661792,2022-04-15,2022,ATH,2022-04-15 19:07:00,19,4,1,5,1,16,5,17,270,83.4,4,49,0.0816,0.0588,1.0,5.0,3.0,11.0,133.0,86.0,36.0,0.0909,0.0,11.0,0.0,6.0,137.0,81.4,45.0,0.0,51.8,11.0,51.3,998.7,0.1,33.3,20.7,249.0,W,11.93,0.58,21.85
661759,2022-04-16,2022,ATH,2022-04-16 15:07:00,15,5,7,12,4,18,3,19,277,83.4,7,53,0.1321,0.2105,2.0,11.0,1.0,10.0,143.0,84.7,37.0,0.2,2.0,7.0,2.0,9.0,134.0,82.4,47.0,0.2222,43.6,6.5,65.7,1002.2,0.2,8.7,5.4,135.7,SE,6.23,7.93,3.78
661804,2022-04-17,2022,ATH,2022-04-17 13:37:00,13,4,3,7,1,14,8,13,266,83.2,2,49,0.0408,0.0769,0.0,6.0,4.0,7.0,143.0,84.5,45.0,0.0,1.0,8.0,3.0,6.0,123.0,81.9,43.0,0.1667,45.3,7.4,38.0,1015.1,0.0,12.7,7.9,335.0,NW,-11.51,-12.65,-8.98
661760,2022-04-25,2022,BOS,2022-04-25 19:07:00,19,6,2,8,3,11,1,17,206,84.5,5,54,0.0926,0.1765,3.0,6.0,0.0,10.0,97.0,82.0,49.0,0.3,0.0,5.0,1.0,7.0,109.0,87.3,45.0,0.0,55.8,13.2,91.3,1003.9,5.4,13.1,8.1,309.3,NW,-8.28,-11.24,-4.32
661758,2022-04-26,2022,BOS,2022-04-26 19:07:00,19,6,5,11,1,24,8,17,347,82.7,5,50,0.1,0.0588,1.0,10.0,5.0,8.0,184.0,82.7,56.0,0.125,0.0,14.0,2.0,9.0,163.0,82.7,45.0,0.0,42.6,5.9,76.7,1008.2,1.4,14.5,9.0,342.7,N,-13.81,-14.45,-11.5
661757,2022-04-27,2022,BOS,2022-04-27 19:07:00,19,1,7,8,0,17,5,18,303,81.9,0,55,0.0,0.0,0.0,8.0,3.0,5.0,141.0,84.4,42.0,0.0,0.0,9.0,2.0,13.0,162.0,80.1,59.0,0.0,34.5,1.4,55.0,1012.5,0.0,17.6,10.9,322.7,NW,-13.97,-16.77,-9.48
661827,2022-04-28,2022,BOS,2022-04-28 15:07:00,15,1,0,1,0,13,4,10,245,85.1,1,49,0.0204,0.0,0.0,5.0,3.0,6.0,131.0,85.4,45.0,0.0,0.0,8.0,1.0,4.0,114.0,84.7,44.0,0.0,49.6,9.8,26.3,1013.9,0.0,21.5,13.4,336.0,NW,-19.67,-21.48,-15.49
661826,2022-04-29,2022,HOU,2022-04-29 19:07:00,19,7,11,18,5,26,10,27,343,87.4,11,54,0.2037,0.1852,2.0,15.0,2.0,13.0,165.0,88.8,42.0,0.1538,3.0,11.0,8.0,14.0,178.0,86.2,49.0,0.2143,48.2,9.0,61.3,1012.3,0.0,8.5,5.3,311.8,NW,-5.65,-7.46,-3.15
661825,2022-04-30,2022,HOU,2022-04-30 15:07:00,15,2,1,3,3,14,5,14,230,81.6,4,51,0.0784,0.2143,2.0,6.0,2.0,6.0,106.0,83.5,39.0,0.3333,1.0,8.0,3.0,8.0,124.0,80.0,47.0,0.125,52.8,11.5,36.7,1011.6,0.0,8.8,5.5,154.7,SE,7.98,8.8,6.21
661824,2022-05-01,2022,HOU,2022-05-01 13:37:00,13,3,2,5,1,15,2,11,247,82.2,1,46,0.0217,0.0909,1.0,3.0,2.0,3.0,118.0,83.1,46.0,0.3333,0.0,12.0,0.0,8.0,129.0,81.4,50.0,0.0,44.8,7.1,85.0,1003.9,4.3,23.7,14.7,83.7,E,-2.61,5.59,-10.5
661823,2022-05-02,2022,NYY,2022-05-02 19:07:00,19,2,3,5,1,15,2,17,251,83.5,2,53,0.0377,0.0588,0.0,9.0,2.0,9.0,125.0,83.2,38.0,0.0,1.0,6.0,0.0,8.0,126.0,83.8,53.0,0.125,52.8,11.6,75.3,1007.2,0.0,9.5,5.9,230.4,SW,6.06,3.19,8.2
661796,2022-05-03,2022,NYY,2022-05-03 19:07:00,19,1,9,10,2,19,3,18,271,85.2,5,53,0.0943,0.1111,0.0,7.0,0.0,8.0,113.0,86.1,40.0,0.0,2.0,12.0,3.0,10.0,158.0,84.5,49.0,0.2,50.5,10.3,92.7,1001.3,6.3,22.0,13.7,55.7,NE,-12.41,-5.45,-17.87
661795,2022-05-04,2022,NYY,2022-05-04 19:07:00,19,2,1,3,2,17,8,9,258,85.2,3,41,0.0732,0.2222,1.0,7.0,4.0,4.0,129.0,83.6,40.0,0.25,1.0,10.0,4.0,5.0,129.0,87.1,36.0,0.2,54.4,12.4,63.7,1009.4,0.0,16.6,10.3,326.3,NW,-13.79,-16.1,-9.82
661794,2022-05-16,2022,SEA,2022-05-16 19:07:00,19,6,2,8,3,19,11,14,316,82.7,2,46,0.0435,0.2143,2.0,10.0,5.0,10.0,156.0,82.8,54.0,0.2,1.0,9.0,6.0,4.0,160.0,82.5,53.0,0.25,58.1,14.5,62.3,995.6,0.0,9.5,5.9,285.1,W,-2.49,-5.49,0.81
661765,2022-05-17,2022,SEA,2022-05-17 19:07:00,19,3,0,3,0,15,6,12,240,82.9,0,44,0.0,0.0,0.0,10.0,4.0,6.0,123.0,82.2,32.0,0.0,0.0,5.0,2.0,6.0,117.0,83.5,34.0,0.0,57.4,14.1,47.7,1003.7,0.0,19.0,11.8,287.3,W,-5.66,-11.52,0.88
661767,2022-05-18,2022,SEA,2022-05-18 19:07:00,19,1,5,6,3,9,6,17,277,80.1,4,58,0.069,0.1765,0.0,2.0,4.0,7.0,134.0,80.8,51.0,0.0,3.0,7.0,2.0,10.0,143.0,79.4,53.0,0.3,50.1,10.1,72.3,1000.7,0.0,7.1,4.4,133.1,SE,4.88,6.36,2.8
661766,2022-05-20,2022,CIN,2022-05-20 19:07:00,19,2,1,3,0,13,0,17,250,84.6,3,53,0.0566,0.0,0.0,6.0,0.0,9.0,113.0,84.7,54.0,0.0,0.0,7.0,0.0,8.0,137.0,84.4,46.0,0.0,67.4,19.7,85.0,993.7,0.0,16.6,10.3,182.3,S,16.55,15.32,15.79
661793,2022-05-21,2022,CIN,2022-05-21 15:07:00,15,3,1,4,2,14,3,14,205,84.4,4,48,0.0833,0.1429,2.0,7.0,3.0,7.0,106.0,85.6,34.0,0.2857,0.0,7.0,0.0,7.0,99.0,83.3,36.0,0.0,82.1,27.8,66.0,1001.1,0.1,17.6,10.9,238.0,SW,9.31,3.65,13.84
661763,2022-05-22,2022,CIN,2022-05-22 13:37:00,13,2,3,5,1,19,7,10,294,81.4,0,45,0.0,0.1,0.0,8.0,3.0,4.0,133.0,81.4,49.0,0.0,1.0,11.0,4.0,6.0,161.0,81.4,48.0,0.1667,58.7,14.8,69.0,1007.8,0.0,17.4,10.8,314.3,NW,-12.14,-15.65,-7.15
661797,2022-05-31,2022,CWS,2022-05-31 19:07:00,19,6,5,11,3,19,6,25,319,83.6,5,55,0.0909,0.12,2.0,10.0,3.0,12.0,157.0,83.3,44.0,0.1667,1.0,9.0,3.0,13.0,162.0,83.8,63.0,0.0769,79.0,26.1,55.7,1001.6,0.0,20.1,12.5,214.7,SW,16.56,11.64,19.48
661764,2022-06-01,2022,CWS,2022-06-01 19:07:00,19,7,3,10,5,18,9,19,319,81.0,7,50,0.14,0.2632,3.0,10.0,8.0,10.0,185.0,80.6,62.0,0.3,2.0,8.0,1.0,9.0,134.0,81.6,45.0,0.2222,68.7,20.4,66.7,999.0,0.0,14.0,8.7,346.3,N,-13.57,-13.88,-11.62
661762,2022-06-02,2022,CWS,2022-06-02 15:07:00,15,8,3,11,1,15,5,19,271,85.6,3,53,0.0566,0.0526,1.0,8.0,3.0,12.0,143.0,87.0,49.0,0.0833,0.0,7.0,2.0,7.0,128.0,84.1,44.0,0.0,65.8,18.8,55.7,997.7,0.0,17.0,10.6,248.7,W,6.17,0.38,11.21
661761,2022-06-03,2022,MIN,2022-06-03 19:07:00,19,3,9,12,7,19,4,16,304,84.0,8,49,0.1633,0.4375,2.0,7.0,3.0,4.0,144.0,84.1,42.0,0.5,5.0,12.0,1.0,12.0,160.0,84.0,59.0,0.4167,64.3,18.0,66.7,999.0,0.0,20.1,12.5,199.0,S,18.97,15.59,20.06
661749,2022-06-04,2022,MIN,2022-06-04 15:07:00,15,12,3,15,4,20,8,22,292,84.5,5,52,0.0962,0.1818,3.0,5.0,6.0,16.0,172.0,85.5,62.0,0.1875,1.0,15.0,2.0,6.0,120.0,82.6,32.0,0.1667,68.2,20.1,32.7,1003.6,0.0,15.5,9.6,266.6,W,0.91,-4.43,6.13
661747,2022-06-05,2022,MIN,2022-06-05 13:37:00,13,6,8,14,6,11,5,26,311,83.8,7,65,0.1077,0.2308,4.0,5.0,3.0,10.0,138.0,86.4,45.0,0.4,2.0,6.0,2.0,16.0,173.0,82.1,69.0,0.125,69.1,20.6,49.0,1004.2,0.0,17.4,10.8,161.0,S,16.42,17.36,13.5
661746,2022-06-13,2022,BAL,2022-06-13 19:07:00,19,11,1,12,1,15,2,24,292,84.0,1,58,0.0172,0.0417,1.0,5.0,1.0,19.0,166.0,83.6,63.0,0.0526,0.0,10.0,1.0,5.0,126.0,84.7,42.0,0.0,64.7,18.2,69.7,1004.7,0.0,3.8,2.3,112.9,SE,1.47,2.57,0.19
661745,2022-06-14,2022,BAL,2022-06-14 19:07:00,19,5,6,11,3,19,7,18,296,84.6,7,52,0.1346,0.1667,1.0,12.0,2.0,10.0,154.0,81.3,42.0,0.1,2.0,7.0,5.0,8.0,142.0,88.1,40.0,0.25,70.6,21.4,60.0,1005.3,0.0,2.4,1.5,126.8,SE,1.42,1.98,0.68
661744,2022-06-15,2022,BAL,2022-06-15 19:07:00,19,7,6,13,6,17,0,19,259,85.5,6,58,0.1034,0.3158,3.0,6.0,0.0,13.0,131.0,87.8,51.0,0.2308,3.0,11.0,0.0,6.0,128.0,83.1,49.0,0.5,67.8,19.9,77.7,1002.7,0.0,19.1,11.8,72.7,E,-5.68,0.89,-11.56
661743,2022-06-16,2022,BAL,2022-06-16 15:07:00,15,2,10,12,2,13,3,21,271,84.5,5,63,0.0794,0.0952,1.0,5.0,1.0,8.0,131.0,86.7,49.0,0.125,1.0,8.0,2.0,13.0,140.0,82.5,55.0,0.0769,87.0,30.5,54.7,997.2,0.0,21.9,13.6,244.7,SW,9.35,2.03,15.55
661742,2022-06-17,2022,NYY,2022-06-17 19:07:00,19,3,12,15,5,15,7,19,335,84.2,8,57,0.1404,0.2632,1.0,6.0,3.0,5.0,148.0,83.1,42.0,0.2,4.0,9.0,3.0,14.0,187.0,84.9,73.0,0.2857,67.0,19.5,53.3,997.3,0.0,27.4,17.0,303.7,NW,-15.19,-22.07,-6.47
661748,2022-06-18,2022,NYY,2022-06-18 15:07:00,15,0,4,4,0,18,6,13,287,80.7,0,47,0.0,0.0,0.0,12.0,3.0,5.0,136.0,80.1,34.0,0.0,0.0,6.0,3.0,8.0,151.0,81.1,45.0,0.0,64.6,18.1,37.0,1006.5,0.0,28.5,17.7,330.0,NW,-24.68,-28.07,-18.32
661741,2022-06-19,2022,NYY,2022-06-19 13:37:00,13,10,9,19,9,24,13,18,359,83.8,11,43,0.2558,0.5,4.0,11.0,8.0,7.0,172.0,83.1,49.0,0.5714,5.0,13.0,5.0,11.0,187.0,84.7,45.0,0.4545,70.3,21.3,27.0,1011.7,0.0,18.8,11.7,330.7,NW,-16.42,-18.58,-12.27
661740,2022-06-27,2022,BOS,2022-06-27 19:07:00,19,7,2,9,3,21,3,18,273,83.0,3,48,0.0625,0.1667,3.0,11.0,1.0,10.0,133.0,81.1,40.0,0.3,0.0,10.0,2.0,8.0,140.0,84.6,48.0,0.0,63.9,17.7,55.7,1008.4,0.0,17.1,10.6,285.6,W,-4.61,-9.96,1.3
661728,2022-06-28,2022,BOS,2022-06-28 19:07:00,19,6,5,11,2,12,9,23,298,84.8,7,58,0.1207,0.087,0.0,5.0,4.0,13.0,144.0,85.8,49.0,0.0,2.0,7.0,5.0,10.0,154.0,84.0,58.0,0.2,67.3,19.6,63.3,1010.4,0.0,21.7,13.5,197.3,S,20.75,17.28,21.71
661727,2022-06-29,2022,BOS,2022-06-29 19:07:00,19,5,6,11,2,18,10,18,354,82.3,7,59,0.1186,0.1111,1.0,11.0,5.0,10.0,193.0,84.4,80.0,0.1,1.0,7.0,4.0,8.0,161.0,79.5,59.0,0.125,68.1,20.0,73.7,1011.4,0.0,6.0,3.7,8.0,N,-5.91,-5.27,-5.84
661726,2022-06-30,2022,TB,2022-06-30 19:07:00,19,4,1,5,3,13,5,14,275,84.2,5,49,0.102,0.2143,2.0,2.0,3.0,9.0,142.0,83.2,56.0,0.2222,1.0,11.0,2.0,5.0,133.0,85.5,45.0,0.2,76.8,24.9,58.3,1005.0,0.0,15.8,9.8,184.3,S,15.72,14.37,15.18
661725,2022-07-01,2022,TB,2022-07-01 15:07:00,15,9,2,11,1,8,8,20,299,82.8,3,62,0.0484,0.05,1.0,1.0,5.0,11.0,130.0,84.0,50.0,0.0909,0.0,7.0,3.0,9.0,169.0,81.6,56.0,0.0,80.2,26.8,66.7,1000.1,0.0,12.7,7.9,192.7,S,12.39,10.69,12.6
661724,2022-07-02,2022,TB,2022-07-02 12:07:00,12,2,6,8,2,20,5,18,277,83.1,2,51,0.0392,0.1111,0.0,10.0,3.0,5.0,129.0,85.0,37.0,0.0,2.0,10.0,2.0,13.0,148.0,81.8,55.0,0.1538,74.2,23.5,48.7,1003.2,0.0,18.5,11.5,184.0,S,18.45,16.9,17.79
661836,2022-07-02,2022,TB,2022-07-02 18:07:00,18,5,11,16,5,15,6,25,255,85.8,5,58,0.0862,0.2,2.0,4.0,3.0,11.0,128.0,85.8,45.0,0.1818,3.0,11.0,3.0,14.0,127.0,85.7,48.0,0.2143,77.1,25.0,35.7,1002.7,0.0,19.3,12.0,305.3,NW,-11.18,-15.9,-5.11
661723,2022-07-03,2022,TB,2022-07-03 13:37:00,13,3,7,10,3,18,8,25,335,84.6,5,59,0.0847,0.12,0.0,11.0,4.0,11.0,161.0,84.6,56.0,0.0,3.0,7.0,4.0,14.0,174.0,84.6,57.0,0.2143,71.2,21.8,56.0,1009.5,0.0,17.1,10.6,184.3,S,17.05,15.58,16.46
661722,2022-07-12,2022,PHI,2022-07-12 19:07:00,19,4,3,7,1,23,2,21,268,80.8,2,45,0.0444,0.0476,0.0,9.0,2.0,14.0,132.0,81.4,38.0,0.0,1.0,14.0,0.0,7.0,136.0,80.3,47.0,0.1429,73.3,23.0,60.7,997.5,0.2,16.1,10.0,335.4,NW,-14.61,-16.02,-11.44
661721,2022-07-13,2022,PHI,2022-07-13 19:07:00,19,8,2,10,4,16,2,13,244,81.0,5,47,0.1064,0.3077,3.0,7.0,2.0,11.0,137.0,79.3,49.0,0.2727,1.0,9.0,0.0,2.0,107.0,83.8,30.0,0.5,67.4,19.7,74.7,1004.4,0.0,10.8,6.7,10.6,N,-10.65,-9.32,-10.69
661720,2022-07-14,2022,KC,2022-07-14 19:07:00,19,1,3,4,3,15,5,19,275,83.4,4,51,0.0784,0.1579,1.0,7.0,3.0,7.0,130.0,85.8,41.0,0.1429,2.0,8.0,2.0,12.0,145.0,81.7,54.0,0.1667,71.1,21.7,56.7,1008.5,0.0,4.6,2.9,258.7,W,0.91,-0.7,2.41
661719,2022-07-15,2022,KC,2022-07-15 19:07:00,19,8,1,9,2,15,1,21,274,86.0,4,56,0.0714,0.0952,2.0,5.0,1.0,16.0,155.0,87.5,56.0,0.125,0.0,10.0,0.0,5.0,119.0,84.1,45.0,0.0,72.2,22.3,55.7,1008.7,0.0,7.5,4.6,124.3,SE,4.21,6.07,1.85
661718,2022-07-16,2022,KC,2022-07-16 15:07:00,15,6,5,11,1,19,6,21,322,86.7,2,56,0.0357,0.0476,0.0,10.0,4.0,12.0,170.0,87.2,46.0,0.0,1.0,9.0,2.0,9.0,152.0,86.3,45.0,0.1111,81.1,27.3,38.3,1005.9,0.0,11.5,7.1,154.0,SE,10.34,11.44,7.99
661717,2022-07-17,2022,KC,2022-07-17 12:05:00,12,4,2,6,2,17,1,14,224,83.8,2,46,0.0435,0.1429,1.0,6.0,0.0,7.0,110.0,85.0,35.0,0.1429,1.0,11.0,1.0,7.0,114.0,82.8,39.0,0.1429,79.8,26.6,54.0,1004.7,0.0,13.7,8.5,108.3,E,4.3,8.48,-0.4
661716,2022-07-26,2022,STL,2022-07-26 19:07:00,19,10,3,13,4,14,9,22,302,84.7,2,55,0.0364,0.1818,3.0,5.0,4.0,14.0,153.0,86.9,49.0,0.2143,1.0,9.0,5.0,8.0,149.0,82.5,49.0,0.125,70.8,21.6,72.0,1003.7,0.0,7.3,4.6,151.3,SE,6.43,7.25,4.84
661715,2022-07-27,2022,STL,2022-07-27 19:07:00,19,1,6,7,2,21,2,18,277,83.0,5,46,0.1087,0.1111,0.0,11.0,0.0,5.0,122.0,84.2,37.0,0.0,2.0,10.0,2.0,13.0,155.0,82.3,57.0,0.1538,74.3,23.5,76.7,999.2,0.0,9.2,5.7,173.4,S,9.11,8.92,8.19
661714,2022-07-28,2022,DET,2022-07-28 19:07:00,19,5,3,8,4,11,6,14,266,82.3,6,55,0.1091,0.2857,2.0,5.0,3.0,10.0,140.0,84.3,47.0,0.2,2.0,6.0,3.0,4.0,126.0,80.2,45.0,0.5,77.1,25.1,48.7,997.5,0.0,15.8,9.8,273.6,W,-1.0,-6.32,4.44
661713,2022-07-29,2022,DET,2022-07-29 19:07:00,19,2,4,6,2,19,7,13,311,81.8,3,48,0.0625,0.1538,1.0,11.0,3.0,4.0,152.0,81.9,44.0,0.25,1.0,8.0,4.0,9.0,159.0,81.7,56.0,0.1111,74.6,23.7,45.7,1002.4,0.0,14.7,9.1,278.3,W,-2.13,-6.98,2.97
661712,2022-07-30,2022,DET,2022-07-30 15:07:00,15,5,3,8,1,15,6,14,244,84.3,3,46,0.0652,0.0714,1.0,5.0,4.0,4.0,116.0,83.9,36.0,0.25,0.0,10.0,2.0,10.0,128.0,84.6,47.0,0.0,76.8,24.9,54.7,1009.1,0.0,20.3,12.6,187.7,S,20.09,17.95,19.8
661711,2022-07-31,2022,DET,2022-07-31 12:05:00,12,4,1,5,2,12,3,9,224,85.4,5,49,0.102,0.2222,1.0,4.0,2.0,6.0,117.0,87.6,38.0,0.1667,1.0,8.0,1.0,3.0,107.0,83.1,38.0,0.3333,77.1,25.1,63.7,1009.6,0.0,13.0,8.1,175.7,S,12.96,12.52,11.85
661710,2022-08-12,2022,CLE,2022-08-12 19:07:00,19,0,8,8,2,12,3,17,282,83.8,5,57,0.0877,0.1176,0.0,8.0,0.0,3.0,132.0,85.0,44.0,0.0,2.0,4.0,3.0,14.0,150.0,82.8,53.0,0.1429,70.7,21.5,30.3,1010.1,0.0,13.7,8.5,359.0,N,-13.66,-12.92,-12.76
661709,2022-08-13,2022,CLE,2022-08-13 15:07:00,15,2,1,3,2,12,6,12,269,82.6,5,48,0.1042,0.1667,2.0,5.0,2.0,6.0,117.0,85.4,51.0,0.3333,0.0,7.0,4.0,6.0,152.0,80.2,58.0,0.0,75.4,24.1,33.0,1009.1,0.0,14.5,9.0,156.0,SE,13.22,14.43,10.41
661708,2022-08-14,2022,CLE,2022-08-14 13:37:00,13,2,7,9,1,18,2,21,281,81.7,2,55,0.0364,0.0476,0.0,9.0,0.0,8.0,122.0,83.0,45.0,0.0,1.0,9.0,2.0,13.0,159.0,80.7,60.0,0.0769,76.8,24.9,45.7,1006.6,0.0,15.6,9.7,104.3,E,3.86,8.8,-1.54
661707,2022-08-15,2022,BAL,2022-08-15 19:07:00,19,3,7,10,2,17,11,16,311,83.4,3,50,0.06,0.125,1.0,9.0,5.0,8.0,145.0,84.3,48.0,0.125,1.0,8.0,6.0,8.0,166.0,82.6,56.0,0.125,73.2,22.9,58.3,1005.9,0.0,3.9,2.4,34.5,NE,-3.22,-2.27,-3.78
661706,2022-08-16,2022,BAL,2022-08-16 19:07:00,19,2,4,6,3,16,6,14,268,81.3,4,51,0.0784,0.2143,1.0,8.0,1.0,7.0,121.0,81.7,38.0,0.1429,2.0,8.0,5.0,7.0,147.0,81.0,52.0,0.2857,72.6,22.6,61.3,1008.3,0.0,12.3,7.6,349.4,N,-12.06,-12.1,-10.55
661705,2022-08-17,2022,BAL,2022-08-17 15:07:00,15,6,1,7,0,14,3,12,246,82.7,2,49,0.0408,0.0,0.0,4.0,3.0,8.0,141.0,82.0,50.0,0.0,0.0,10.0,0.0,4.0,105.0,83.6,42.0,0.0,76.2,24.5,53.7,1006.9,0.1,8.7,5.4,14.0,N,-8.48,-7.24,-8.68
661704,2022-08-26,2022,LAA,2022-08-26 19:07:00,19,0,12,12,4,20,10,19,343,80.1,3,54,0.0556,0.2105,0.0,9.0,6.0,6.0,184.0,79.1,59.0,0.0,4.0,11.0,4.0,13.0,159.0,81.3,53.0,0.3077,67.3,19.6,66.0,1004.8,0.0,21.6,13.4,338.0,N,-20.0,-21.55,-16.03
661703,2022-08-27,2022,LAA,2022-08-27 15:07:00,15,0,2,2,1,22,5,8,288,78.9,1,40,0.025,0.125,0.0,11.0,1.0,2.0,133.0,80.9,37.0,0.0,1.0,11.0,4.0,6.0,155.0,77.4,52.0,0.1667,71.2,21.8,57.3,1009.4,0.0,7.3,4.5,141.7,SE,5.73,6.93,3.83
661773,2022-08-28,2022,LAA,2022-08-28 13:37:00,13,3,8,11,5,16,9,22,326,82.8,4,59,0.0678,0.2273,1.0,6.0,7.0,9.0,176.0,85.3,51.0,0.1111,4.0,10.0,2.0,13.0,150.0,80.4,53.0,0.3077,76.7,24.8,65.0,1007.6,0.0,9.3,5.8,140.3,SE,7.18,8.79,4.71
661801,2022-08-29,2022,CHC,2022-08-29 19:07:00,19,5,4,9,1,9,8,23,341,82.3,3,72,0.0417,0.0435,1.0,2.0,4.0,9.0,169.0,82.3,63.0,0.1111,0.0,7.0,1.0,14.0,172.0,82.3,62.0,0.0,78.7,26.0,75.3,999.5,0.0,19.9,12.4,201.7,S,18.49,14.86,19.89
661800,2022-08-30,2022,CHC,2022-08-30 19:07:00,19,5,3,8,4,15,7,13,294,82.1,3,47,0.0638,0.3077,2.0,3.0,4.0,6.0,146.0,82.3,52.0,0.3333,2.0,12.0,3.0,7.0,148.0,81.8,43.0,0.2857,73.9,23.3,60.3,996.1,0.0,14.2,8.8,278.5,W,-2.1,-6.77,2.81
661779,2022-08-31,2022,CHC,2022-08-31 19:07:00,19,5,7,12,3,17,3,17,284,83.8,8,52,0.1538,0.1765,2.0,5.0,2.0,7.0,137.0,84.7,46.0,0.2857,1.0,12.0,1.0,10.0,147.0,82.9,49.0,0.1,73.8,23.2,48.3,997.6,0.0,20.3,12.6,278.6,W,-3.04,-9.73,4.02
661799,2022-09-12,2022,TB,2022-09-12 19:07:00,19,3,2,5,1,13,2,12,242,85.3,2,48,0.0417,0.0833,1.0,8.0,1.0,6.0,111.0,84.6,34.0,0.1667,0.0,5.0,1.0,6.0,131.0,85.9,42.0,0.0,69.0,20.5,86.3,998.0,0.5,6.6,4.1,263.2,W,0.78,-1.51,2.97
661798,2022-09-13,2022,TB,2022-09-13 19:07:00,19,7,2,9,3,11,5,15,250,83.9,3,54,0.0556,0.2,1.0,5.0,2.0,8.0,106.0,82.7,41.0,0.125,2.0,6.0,3.0,7.0,144.0,84.8,51.0,0.2857,64.2,17.9,81.0,999.6,0.0,9.7,6.0,238.7,SW,5.04,1.9,7.57
661840,2022-09-13,2022,TB,2022-09-13 13:07:00,13,2,4,6,0,13,3,17,275,81.9,0,57,0.0,0.0,0.0,9.0,3.0,8.0,156.0,84.2,51.0,0.0,0.0,4.0,0.0,9.0,119.0,79.7,56.0,0.0,67.3,19.6,64.0,998.9,0.3,11.2,6.9,242.7,SW,5.12,1.42,8.21
661770,2022-09-14,2022,TB,2022-09-14 19:07:00,19,5,1,6,2,10,4,18,268,82.2,3,56,0.0536,0.1111,1.0,2.0,1.0,11.0,125.0,81.2,46.0,0.0909,1.0,8.0,2.0,7.0,143.0,83.0,54.0,0.1429,61.8,16.6,64.3,1008.9,0.0,21.2,13.2,339.3,N,-19.84,-21.2,-16.08
661822,2022-09-15,2022,TB,2022-09-15 15:07:00,15,0,11,11,2,15,5,17,296,82.5,2,55,0.0364,0.1176,0.0,8.0,1.0,6.0,129.0,86.0,37.0,0.0,2.0,7.0,4.0,11.0,167.0,80.5,63.0,0.1818,63.7,17.6,58.0,1014.0,0.0,13.2,8.2,184.3,S,13.2,12.06,12.74
661776,2022-09-16,2022,BAL,2022-09-16 19:07:00,19,6,3,9,5,20,3,13,262,85.0,7,42,0.1667,0.3846,3.0,9.0,1.0,8.0,135.0,85.1,45.0,0.375,2.0,11.0,2.0,5.0,127.0,85.0,35.0,0.4,63.1,17.3,86.7,1011.5,0.0,15.6,9.7,79.3,E,-2.89,2.54,-7.97
661769,2022-09-17,2022,BAL,2022-09-17 15:07:00,15,6,3,9,0,15,5,18,288,81.3,2,52,0.0385,0.0,0.0,9.0,2.0,9.0,134.0,78.4,44.0,0.0,0.0,6.0,3.0,9.0,154.0,83.6,54.0,0.0,73.0,22.8,77.3,1008.7,0.0,11.6,7.2,124.7,SE,6.6,9.46,2.94
661780,2022-09-18,2022,BAL,2022-09-18 13:37:00,13,4,5,9,3,12,14,15,301,83.1,4,53,0.0755,0.2,2.0,6.0,7.0,6.0,148.0,83.4,51.0,0.3333,1.0,6.0,6.0,9.0,153.0,82.9,59.0,0.1111,78.6,25.9,63.3,1002.9,2.0,15.4,9.5,237.4,SW,8.29,3.36,12.21
661768,2022-09-26,2022,NYY,2022-09-26 19:07:00,19,3,2,5,1,21,6,14,307,83.1,4,49,0.0816,0.0714,0.0,7.0,3.0,8.0,150.0,84.7,60.0,0.0,1.0,14.0,2.0,6.0,157.0,80.9,45.0,0.1667,55.9,13.3,86.7,990.1,3.3,26.3,16.3,247.7,W,9.99,1.07,17.71
661778,2022-09-27,2022,NYY,2022-09-27 19:07:00,19,2,5,7,1,20,4,19,277,83.9,1,49,0.0204,0.0526,1.0,7.0,0.0,8.0,111.0,86.5,38.0,0.125,0.0,13.0,4.0,11.0,166.0,81.8,47.0,0.0,55.9,13.3,88.0,1001.8,0.7,11.8,7.3,304.7,NW,-6.69,-9.6,-2.98
661737,2022-09-28,2022,NYY,2022-09-28 19:07:00,19,3,8,11,2,15,7,15,298,82.6,2,54,0.037,0.1333,1.0,7.0,4.0,4.0,140.0,82.5,40.0,0.25,1.0,8.0,3.0,11.0,158.0,82.7,57.0,0.0909,54.0,12.2,67.7,1017.9,0.0,15.2,9.4,321.0,NW,-11.81,-14.37,-7.82
661751,2022-09-30,2022,BOS,2022-09-30 19:07:00,19,9,0,9,3,15,6,16,287,82.3,3,51,0.0588,0.1875,3.0,6.0,3.0,13.0,146.0,84.7,55.0,0.2308,0.0,9.0,3.0,3.0,141.0,79.3,45.0,0.0,55.3,12.9,75.3,1013.0,0.0,6.2,3.9,117.5,SE,2.87,4.57,0.81
661736,2022-10-01,2022,BOS,2022-10-01 15:07:00,15,10,0,10,2,15,3,26,304,85.0,4,60,0.0667,0.0769,2.0,8.0,3.0,21.0,169.0,86.9,62.0,0.0952,0.0,7.0,0.0,5.0,135.0,82.7,52.0,0.0,64.8,18.2,64.7,1009.9,0.0,8.3,5.2,83.0,E,-1.02,1.87,-3.78
661735,2022-10-02,2022,BOS,2022-10-02 13:37:00,13,6,3,9,4,15,2,17,277,83.8,4,52,0.0769,0.2353,3.0,8.0,2.0,9.0,141.0,83.9,48.0,0.3333,1.0,7.0,0.0,8.0,136.0,83.8,47.0,0.125,57.9,14.4,43.3,1017.3,0.0,15.0,9.3,46.0,NE,-10.44,-6.11,-13.51
718622,2023-04-11,2023,DET,2023-04-11 19:07:00,19,9,3,12,6,16,8,15,290,84.3,7,49,0.1429,0.4,5.0,7.0,2.0,10.0,130.0,87.1,44.0,0.5,1.0,9.0,6.0,5.0,160.0,81.7,47.0,0.2,65.2,18.5,48.0,1002.9,0.0,24.6,15.3,253.7,W,6.91,-1.57,14.56
718603,2023-04-12,2023,DET,2023-04-12 19:07:00,19,4,3,7,2,17,3,15,284,82.0,3,51,0.0588,0.1333,0.0,6.0,2.0,9.0,151.0,81.2,49.0,0.0,2.0,11.0,1.0,6.0,133.0,82.8,49.0,0.3333,67.3,19.6,54.7,997.7,0.0,19.3,12.0,230.7,SW,12.25,6.4,16.63
718593,2023-04-13,2023,DET,2023-04-13 19:07:00,19,1,3,4,0,20,6,15,320,79.3,2,49,0.0408,0.0,0.0,10.0,1.0,8.0,139.0,81.1,48.0,0.0,0.0,10.0,4.0,7.0,181.0,77.9,57.0,0.0,67.0,19.4,62.3,998.6,0.0,14.0,8.7,227.7,SW,9.4,5.3,12.37
718587,2023-04-14,2023,TB,2023-04-14 19:07:00,19,6,3,9,3,16,8,18,289,83.3,6,52,0.1154,0.1667,1.0,6.0,7.0,10.0,148.0,82.1,48.0,0.1,2.0,10.0,1.0,8.0,141.0,84.5,46.0,0.25,66.0,18.9,44.7,999.1,0.0,5.4,3.3,138.3,SE,4.0,4.99,2.54
718569,2023-04-15,2023,TB,2023-04-15 15:07:00,15,5,2,7,1,15,9,15,295,82.6,3,50,0.06,0.0667,0.0,3.0,5.0,7.0,145.0,82.1,51.0,0.0,1.0,12.0,3.0,8.0,150.0,83.1,53.0,0.125,67.5,19.7,59.7,999.1,0.0,6.1,3.8,126.3,SE,3.59,5.05,1.7
718556,2023-04-16,2023,TB,2023-04-16 13:37:00,13,1,8,9,1,17,10,17,309,81.2,2,53,0.0377,0.0588,0.0,7.0,4.0,6.0,145.0,80.6,48.0,0.0,1.0,10.0,6.0,11.0,164.0,81.9,48.0,0.0909,64.9,18.3,70.7,994.9,0.0,13.0,8.1,105.3,E,3.43,7.5,-1.05
718444,2023-04-24,2023,CWS,2023-04-24 19:07:00,19,5,2,7,1,12,12,11,296,79.8,4,49,0.0816,0.0909,1.0,6.0,8.0,8.0,164.0,82.2,49.0,0.125,0.0,6.0,4.0,3.0,132.0,77.0,43.0,0.0,40.4,4.7,76.0,1009.7,0.1,5.5,3.4,167.8,S,5.37,5.45,4.65
718433,2023-04-25,2023,CWS,2023-04-25 19:07:00,19,7,0,7,2,15,4,14,279,80.1,3,48,0.0625,0.1429,2.0,5.0,3.0,10.0,140.0,81.7,53.0,0.2,0.0,10.0,1.0,4.0,139.0,78.1,43.0,0.0,42.4,5.8,81.0,1011.0,0.1,16.7,10.4,198.0,S,15.85,13.13,16.66
718420,2023-04-26,2023,CWS,2023-04-26 13:07:00,13,8,0,8,1,26,5,15,284,84.2,2,37,0.0541,0.0667,1.0,9.0,4.0,11.0,150.0,85.4,51.0,0.0909,0.0,17.0,1.0,4.0,134.0,82.4,36.0,0.0,47.2,8.5,68.0,1012.3,0.3,7.9,4.9,186.7,S,7.85,7.06,7.69
718392,2023-04-28,2023,SEA,2023-04-28 19:07:00,19,3,2,5,2,23,6,14,290,81.3,5,40,0.125,0.1429,1.0,8.0,2.0,8.0,141.0,82.0,49.0,0.125,1.0,15.0,4.0,6.0,149.0,80.4,41.0,0.1667,47.6,8.7,93.0,1003.8,2.6,15.3,9.5,66.7,NE,-6.06,-0.89,-10.5
718379,2023-04-29,2023,SEA,2023-04-29 15:07:00,15,1,0,1,0,26,4,9,257,83.0,2,39,0.0513,0.0,0.0,7.0,1.0,3.0,104.0,84.0,36.0,0.0,0.0,19.0,2.0,6.0,153.0,81.9,37.0,0.0,48.8,9.3,98.7,993.8,1.2,12.0,7.4,107.9,E,3.68,7.35,-0.44
718363,2023-04-30,2023,SEA,2023-04-30 13:37:00,13,8,10,18,5,19,9,21,361,81.9,4,61,0.0656,0.2381,1.0,8.0,4.0,14.0,184.0,81.2,70.0,0.0714,4.0,11.0,5.0,7.0,177.0,83.0,50.0,0.5714,48.7,9.3,99.7,983.1,2.6,17.7,11.0,75.7,E,-4.37,1.74,-9.96
718206,2023-05-12,2023,ATL,2023-05-12 19:07:00,19,3,0,3,1,22,5,8,241,84.3,2,34,0.0588,0.125,1.0,14.0,3.0,6.0,138.0,84.3,37.0,0.1667,0.0,8.0,2.0,2.0,103.0,84.2,34.0,0.0,70.2,21.2,51.3,1007.0,0.0,14.7,9.1,349.9,N,-14.44,-14.45,-12.69
718192,2023-05-13,2023,ATL,2023-05-13 15:07:00,15,5,2,7,1,13,9,16,321,81.3,4,53,0.0755,0.0625,0.0,7.0,3.0,9.0,162.0,81.3,56.0,0.0,1.0,6.0,6.0,7.0,159.0,81.2,56.0,0.1429,68.5,20.3,53.3,1010.7,0.0,8.4,5.2,212.3,SW,7.13,5.16,8.24
718181,2023-05-14,2023,ATL,2023-05-14 13:37:00,13,6,5,11,4,18,8,23,342,84.0,7,61,0.1148,0.1739,1.0,6.0,4.0,13.0,165.0,82.9,61.0,0.0769,3.0,12.0,4.0,10.0,177.0,85.3,49.0,0.3,58.8,14.9,71.7,1018.3,0.0,4.1,2.5,148.0,SE,3.48,4.01,2.52
718164,2023-05-15,2023,NYY,2023-05-15 19:07:00,19,4,7,11,3,11,10,16,295,83.1,4,57,0.0702,0.1875,0.0,2.0,0.0,8.0,121.0,79.0,50.0,0.0,3.0,9.0,9.0,8.0,174.0,87.5,46.0,0.375,64.5,18.1,35.0,1006.4,0.0,13.2,8.2,277.7,W,-1.76,-6.13,2.82
718157,2023-05-16,2023,NYY,2023-05-16 19:07:00,19,3,6,9,3,17,7,18,290,82.5,4,53,0.0755,0.1667,1.0,6.0,3.0,9.0,147.0,82.0,56.0,0.1111,2.0,11.0,4.0,9.0,143.0,83.1,43.0,0.2222,58.5,14.7,57.3,994.6,0.0,23.2,14.4,333.0,NW,-20.7,-23.06,-15.85
718134,2023-05-17,2023,NYY,2023-05-17 19:07:00,19,3,0,3,1,18,10,13,328,81.4,1,54,0.0185,0.0769,1.0,7.0,5.0,10.0,168.0,82.0,57.0,0.1,0.0,11.0,4.0,3.0,160.0,80.8,48.0,0.0,47.9,8.8,57.7,1008.1,0.0,4.5,2.8,270.4,W,-0.03,-1.57,1.51
718121,2023-05-18,2023,NYY,2023-05-18 19:07:00,19,2,4,6,3,18,3,15,265,83.0,5,49,0.102,0.2,1.0,8.0,2.0,6.0,126.0,80.2,51.0,0.1667,2.0,10.0,1.0,9.0,139.0,86.1,48.0,0.2222,50.1,10.0,52.3,1010.7,0.0,11.6,7.2,90.0,E,-0.0,3.98,-3.98
718115,2023-05-19,2023,BAL,2023-05-19 19:07:00,19,2,6,8,3,16,8,15,292,82.8,2,50,0.04,0.2,0.0,8.0,3.0,8.0,139.0,81.7,52.0,0.0,3.0,8.0,5.0,7.0,153.0,83.8,52.0,0.4286,62.6,17.0,76.7,1004.0,0.0,18.4,11.4,197.3,S,17.53,14.6,18.35
718102,2023-05-20,2023,BAL,2023-05-20 15:07:00,15,5,6,11,4,23,6,22,348,82.7,5,57,0.0877,0.1818,2.0,14.0,3.0,11.0,180.0,80.5,55.0,0.1818,2.0,9.0,3.0,11.0,168.0,84.8,60.0,0.1818,65.2,18.5,49.3,1001.1,0.0,19.9,12.3,252.0,W,6.12,-0.71,12.22
718087,2023-05-21,2023,BAL,2023-05-21 13:37:00,13,3,8,11,1,20,9,25,377,81.7,2,65,0.0308,0.04,1.0,12.0,5.0,12.0,206.0,80.9,66.0,0.0833,0.0,8.0,2.0,13.0,171.0,82.6,69.0,0.0,70.9,21.6,68.0,1005.7,0.0,9.3,5.8,204.0,SW,8.5,6.69,9.28
717965,2023-05-30,2023,MIL,2023-05-30 19:07:00,19,7,2,9,1,12,10,18,288,83.1,1,53,0.0189,0.0556,0.0,4.0,4.0,14.0,139.0,83.6,48.0,0.0,1.0,8.0,6.0,4.0,149.0,82.6,40.0,0.25,69.1,20.6,64.7,1007.4,0.0,9.6,6.0,77.3,E,-2.1,1.23,-5.18
717947,2023-05-31,2023,MIL,2023-05-31 19:07:00,19,2,4,6,1,7,4,14,297,82.0,4,61,0.0656,0.0714,0.0,0.0,0.0,7.0,126.0,84.0,54.0,0.0,1.0,7.0,4.0,7.0,171.0,80.0,53.0,0.1429,77.4,25.2,51.7,1007.8,0.0,3.7,2.3,125.1,SE,2.15,3.06,0.97
717942,2023-06-01,2023,MIL,2023-06-01 13:07:00,13,3,1,4,2,17,7,15,266,85.3,5,44,0.1136,0.1333,2.0,5.0,4.0,9.0,121.0,86.0,40.0,0.2222,0.0,12.0,3.0,6.0,145.0,84.7,50.0,0.0,81.3,27.4,50.3,1009.5,0.0,7.1,4.4,154.3,SE,6.37,7.03,4.94
717878,2023-06-05,2023,HOU,2023-06-05 19:07:00,19,4,11,15,6,15,2,31,342,82.7,10,68,0.1471,0.1935,2.0,5.0,1.0,12.0,147.0,85.5,56.0,0.1667,4.0,10.0,1.0,19.0,195.0,80.5,69.0,0.2105,70.0,21.1,54.3,1001.9,0.0,6.1,3.8,250.4,W,2.05,-0.05,3.91
717871,2023-06-06,2023,HOU,2023-06-06 19:07:00,19,5,1,6,4,22,6,9,260,80.8,2,36,0.0556,0.4444,3.0,6.0,5.0,5.0,131.0,79.8,49.0,0.6,1.0,16.0,1.0,4.0,129.0,82.1,37.0,0.25,67.6,19.8,36.3,997.9,0.0,20.9,13.0,335.0,NW,-18.94,-20.82,-14.78
717856,2023-06-07,2023,HOU,2023-06-07 19:07:00,19,3,2,5,3,12,6,10,222,82.8,2,45,0.0444,0.3,2.0,6.0,6.0,5.0,128.0,80.1,38.0,0.4,1.0,6.0,0.0,5.0,94.0,85.3,41.0,0.2,65.8,18.8,32.0,996.7,0.0,18.4,11.4,342.0,N,-17.5,-18.39,-14.5
717843,2023-06-08,2023,HOU,2023-06-08 19:07:00,19,3,2,5,1,15,7,11,281,83.5,4,45,0.0889,0.0909,0.0,10.0,5.0,5.0,155.0,82.2,40.0,0.0,1.0,5.0,2.0,6.0,126.0,84.7,46.0,0.1667,61.1,16.2,65.3,998.7,0.0,7.5,4.7,331.7,NW,-6.63,-7.45,-5.01
717835,2023-06-09,2023,MIN,2023-06-09 19:07:00,19,2,3,5,1,20,5,15,314,80.1,2,54,0.037,0.0667,0.0,11.0,3.0,8.0,162.0,79.6,51.0,0.0,1.0,9.0,1.0,7.0,152.0,80.8,45.0,0.1429,63.0,17.2,80.3,997.6,0.4,11.0,6.8,130.9,SE,7.21,9.62,3.93
717822,2023-06-10,2023,MIN,2023-06-10 15:07:00,15,4,9,13,3,23,3,21,303,83.7,6,51,0.1176,0.1429,0.0,6.0,2.0,9.0,129.0,86.6,55.0,0.0,3.0,17.0,1.0,12.0,174.0,80.4,49.0,0.25,76.8,24.9,41.3,996.7,0.0,15.0,9.3,201.4,S,13.94,11.23,14.96
717805,2023-06-11,2023,MIN,2023-06-11 13:37:00,13,7,6,13,3,19,8,22,316,85.2,4,52,0.0769,0.1364,2.0,8.0,2.0,12.0,148.0,84.5,55.0,0.1667,1.0,11.0,6.0,10.0,168.0,86.0,44.0,0.1,68.5,20.3,70.0,998.9,0.3,10.6,6.6,102.5,E,2.29,5.69,-1.39
717646,2023-06-23,2023,ATH,2023-06-23 19:07:00,19,4,5,9,3,19,4,14,271,82.1,3,46,0.0652,0.2143,1.0,11.0,1.0,7.0,138.0,83.2,47.0,0.1429,2.0,8.0,3.0,7.0,133.0,80.9,42.0,0.2857,68.3,20.2,92.7,1002.1,2.8,4.4,2.8,35.8,NE,-3.6,-2.49,-4.27
717634,2023-06-24,2023,ATH,2023-06-24 16:07:00,16,7,3,10,3,16,6,20,287,80.0,4,55,0.0727,0.15,2.0,6.0,4.0,12.0,152.0,82.5,49.0,0.1667,1.0,10.0,2.0,8.0,135.0,77.2,45.0,0.125,74.0,23.3,85.0,999.2,5.4,4.8,3.0,190.7,S,4.72,4.13,4.74
717617,2023-06-25,2023,ATH,2023-06-25 13:37:00,13,12,1,13,3,18,12,14,293,82.6,3,45,0.0667,0.2143,2.0,9.0,9.0,11.0,169.0,84.1,51.0,0.1818,1.0,9.0,3.0,3.0,124.0,80.5,36.0,0.3333,77.3,25.2,71.0,998.4,0.0,9.1,5.7,143.4,SE,7.3,8.72,5.01
717604,2023-06-27,2023,SF,2023-06-27 19:07:00,19,0,3,3,0,30,2,14,306,81.6,3,36,0.0833,0.0,0.0,17.0,0.0,8.0,153.0,79.8,45.0,0.0,0.0,13.0,2.0,6.0,153.0,83.6,43.0,0.0,68.5,20.3,73.3,994.5,0.1,20.6,12.8,316.0,NW,-14.82,-18.82,-9.03
717586,2023-06-28,2023,SF,2023-06-28 19:07:00,19,6,1,7,1,17,1,18,255,83.3,5,50,0.1,0.0556,0.0,8.0,0.0,12.0,142.0,82.7,51.0,0.0,1.0,9.0,1.0,6.0,113.0,84.0,37.0,0.1667,69.7,20.9,46.7,1003.9,0.0,16.2,10.0,342.7,N,-15.43,-16.15,-12.86
717564,2023-06-29,2023,SF,2023-06-29 19:07:00,19,2,1,3,1,18,5,8,243,84.3,3,40,0.075,0.125,1.0,4.0,2.0,3.0,97.0,83.5,38.0,0.3333,0.0,14.0,3.0,5.0,146.0,85.0,40.0,0.0,71.7,22.1,61.7,1005.3,0.0,8.5,5.3,127.7,SE,5.2,7.18,2.58
717555,2023-06-30,2023,BOS,2023-06-30 19:07:00,19,0,5,5,3,20,3,12,286,84.1,3,45,0.0667,0.25,0.0,9.0,2.0,3.0,129.0,82.6,45.0,0.0,3.0,11.0,1.0,9.0,157.0,85.3,55.0,0.3333,71.0,21.7,81.3,1003.0,0.0,12.4,7.7,108.0,E,3.83,7.63,-0.43
717547,2023-07-01,2023,BOS,2023-07-01 15:07:00,15,6,7,13,5,23,7,23,323,85.4,6,52,0.1154,0.2174,3.0,12.0,5.0,10.0,152.0,85.4,45.0,0.3,2.0,11.0,2.0,13.0,171.0,85.5,52.0,0.1538,78.1,25.6,77.3,1000.2,0.6,7.6,4.7,131.6,SE,5.04,6.68,2.79
717530,2023-07-02,2023,BOS,2023-07-02 13:37:00,13,4,5,9,3,24,6,18,313,82.0,3,47,0.0638,0.1667,2.0,9.0,2.0,6.0,132.0,83.1,49.0,0.3333,1.0,15.0,4.0,12.0,181.0,81.1,61.0,0.0833,72.7,22.6,91.3,999.2,0.4,8.8,5.5,113.0,SE,3.45,6.03,0.46
717420,2023-07-14,2023,AZ,2023-07-14 19:07:00,19,7,2,9,2,15,3,25,305,80.7,4,57,0.0702,0.08,1.0,4.0,1.0,16.0,164.0,80.1,66.0,0.0625,1.0,11.0,2.0,9.0,141.0,81.6,45.0,0.1111,73.4,23.0,76.3,1000.7,0.0,9.8,6.1,128.7,SE,6.1,8.34,3.13
717404,2023-07-15,2023,AZ,2023-07-15 15:07:00,15,5,2,7,2,15,6,18,279,81.8,2,49,0.0408,0.1111,2.0,7.0,5.0,8.0,140.0,81.7,41.0,0.25,0.0,8.0,1.0,10.0,139.0,81.9,51.0,0.0,78.3,25.7,72.7,1000.1,0.0,11.9,7.4,163.4,S,11.37,11.85,9.53
717386,2023-07-16,2023,AZ,2023-07-16 13:37:00,13,7,5,12,0,15,11,16,330,82.9,4,47,0.0851,0.0,0.0,7.0,3.0,12.0,149.0,83.3,57.0,0.0,0.0,8.0,8.0,4.0,181.0,82.4,45.0,0.0,75.9,24.4,77.0,998.0,0.2,10.3,6.4,177.3,S,10.29,9.83,9.5
717362,2023-07-18,2023,SD,2023-07-18 19:07:00,19,1,9,10,4,13,10,15,346,81.2,3,55,0.0545,0.2667,0.0,10.0,3.0,6.0,153.0,78.1,50.0,0.0,4.0,3.0,7.0,9.0,193.0,83.6,63.0,0.4444,72.6,22.6,63.7,1003.7,0.1,6.4,4.0,339.9,N,-6.04,-6.43,-4.92
717338,2023-07-19,2023,SD,2023-07-19 19:07:00,19,0,2,2,0,22,7,14,300,80.0,1,46,0.0217,0.0,0.0,10.0,3.0,6.0,144.0,78.1,49.0,0.0,0.0,12.0,3.0,8.0,156.0,82.0,49.0,0.0,72.9,22.7,67.3,1006.7,0.0,3.3,2.0,147.8,SE,2.76,3.19,2.0
717331,2023-07-20,2023,SD,2023-07-20 13:07:00,13,4,0,4,2,13,11,15,296,77.5,2,46,0.0435,0.1333,2.0,7.0,8.0,9.0,164.0,76.5,40.0,0.2222,0.0,6.0,3.0,6.0,132.0,78.6,40.0,0.0,78.4,25.8,65.0,1001.5,0.0,15.3,9.5,143.7,SE,12.3,14.65,8.46
717235,2023-07-28,2023,LAA,2023-07-28 19:07:00,19,4,1,5,4,23,5,17,289,82.0,6,44,0.1364,0.2353,3.0,9.0,0.0,8.0,121.0,85.7,31.0,0.375,1.0,14.0,4.0,9.0,168.0,79.8,52.0,0.1111,79.8,26.5,78.7,1001.8,0.0,5.5,3.4,226.2,SW,3.78,2.2,4.9
717222,2023-07-29,2023,LAA,2023-07-29 15:07:00,15,6,1,7,3,24,9,16,325,81.1,5,43,0.1163,0.1875,3.0,9.0,3.0,10.0,163.0,80.2,56.0,0.3,0.0,15.0,3.0,6.0,162.0,82.3,43.0,0.0,71.4,21.9,69.0,1002.1,0.0,17.7,11.0,357.7,N,-17.69,-16.87,-16.37
717201,2023-07-30,2023,LAA,2023-07-30 12:05:00,12,2,3,5,1,12,8,16,318,83.9,2,65,0.0308,0.0625,0.0,4.0,4.0,8.0,164.0,83.6,63.0,0.0,1.0,8.0,2.0,8.0,154.0,84.2,52.0,0.125,71.8,22.1,62.7,1006.1,0.1,6.4,4.0,192.0,S,6.26,5.43,6.34
717186,2023-07-31,2023,BAL,2023-07-31 19:07:00,19,2,4,6,2,21,10,13,334,79.9,1,44,0.0227,0.1538,1.0,10.0,7.0,5.0,170.0,79.5,41.0,0.2,1.0,11.0,3.0,8.0,164.0,80.3,49.0,0.125,68.5,20.3,48.3,1008.0,0.0,14.4,9.0,335.0,NW,-13.08,-14.38,-10.21
717177,2023-08-01,2023,BAL,2023-08-01 19:07:00,19,3,13,16,4,16,6,20,296,82.3,6,56,0.1071,0.2,2.0,11.0,1.0,5.0,126.0,81.5,39.0,0.4,2.0,5.0,4.0,15.0,170.0,82.9,58.0,0.1333,68.3,20.2,68.0,1011.5,0.0,6.8,4.2,173.0,S,6.72,6.59,6.03
717157,2023-08-02,2023,BAL,2023-08-02 19:07:00,19,4,1,5,0,15,5,10,274,82.1,1,44,0.0227,0.0,0.0,8.0,3.0,3.0,135.0,80.0,45.0,0.0,0.0,7.0,2.0,7.0,139.0,83.9,55.0,0.0,73.5,23.0,67.7,1007.3,0.0,15.5,9.7,186.7,S,15.43,13.88,15.11
717150,2023-08-03,2023,BAL,2023-08-03 15:07:00,15,1,6,7,0,22,5,20,309,81.9,3,51,0.0588,0.0,0.0,12.0,2.0,5.0,126.0,80.4,41.0,0.0,0.0,10.0,3.0,15.0,183.0,82.9,60.0,0.0,79.8,26.5,66.7,1001.0,0.7,15.9,9.9,210.1,SW,13.75,10.19,15.65
717041,2023-08-11,2023,CHC,2023-08-11 19:07:00,19,2,6,8,3,11,4,15,278,83.2,2,57,0.0351,0.2,1.0,5.0,2.0,5.0,123.0,81.6,41.0,0.2,2.0,6.0,2.0,10.0,155.0,84.6,50.0,0.2,71.4,21.9,69.0,999.7,0.0,7.1,4.4,180.6,S,7.07,6.61,6.67
717026,2023-08-12,2023,CHC,2023-08-12 15:07:00,15,4,5,9,2,20,6,15,310,81.1,5,46,0.1087,0.1333,1.0,11.0,3.0,8.0,161.0,83.2,48.0,0.125,1.0,9.0,3.0,7.0,149.0,79.5,61.0,0.1429,78.3,25.7,69.0,995.1,0.2,13.5,8.4,229.8,SW,8.7,4.65,11.69
717012,2023-08-13,2023,CHC,2023-08-13 13:37:00,13,11,4,15,2,13,8,19,340,78.4,4,58,0.069,0.1053,1.0,7.0,5.0,14.0,200.0,79.6,65.0,0.0714,1.0,6.0,3.0,5.0,140.0,76.8,49.0,0.2,75.7,24.3,55.7,1002.7,0.0,15.1,9.4,276.0,W,-1.57,-6.6,3.64
716990,2023-08-15,2023,PHI,2023-08-15 19:07:00,19,2,1,3,0,19,7,8,258,82.2,0,37,0.0,0.0,0.0,6.0,6.0,4.0,134.0,83.0,51.0,0.0,0.0,13.0,1.0,4.0,124.0,81.2,36.0,0.0,68.4,20.2,87.7,999.9,2.2,7.7,4.8,298.7,NW,-3.71,-5.81,-1.17
716967,2023-08-16,2023,PHI,2023-08-16 19:07:00,19,4,9,13,4,17,7,16,279,84.8,5,53,0.0943,0.25,1.0,11.0,4.0,5.0,143.0,82.7,47.0,0.2,3.0,6.0,3.0,11.0,136.0,86.4,60.0,0.2727,73.2,22.9,71.3,1002.4,0.0,15.4,9.6,194.1,S,14.94,12.76,15.32
716860,2023-08-25,2023,CLE,2023-08-25 19:07:00,19,2,5,7,5,18,4,14,288,78.9,5,49,0.102,0.3571,2.0,9.0,2.0,6.0,140.0,80.1,38.0,0.3333,3.0,9.0,1.0,8.0,148.0,78.0,53.0,0.375,71.3,21.8,68.3,1001.5,0.0,9.9,6.2,349.3,N,-9.73,-9.77,-8.52
716846,2023-08-26,2023,CLE,2023-08-26 15:07:00,15,8,3,11,3,16,4,16,270,83.3,5,51,0.098,0.1875,1.0,6.0,4.0,11.0,144.0,86.0,47.0,0.0909,2.0,10.0,0.0,5.0,126.0,80.4,43.0,0.4,73.3,22.9,71.7,1003.3,0.5,6.8,4.2,6.8,N,-6.72,-6.04,-6.59
716825,2023-08-27,2023,CLE,2023-08-27 13:37:00,13,7,10,17,5,21,11,21,384,81.2,8,63,0.127,0.2381,3.0,7.0,4.0,8.0,175.0,79.5,59.0,0.375,2.0,14.0,5.0,13.0,209.0,82.8,56.0,0.1538,66.7,19.3,66.7,1007.6,0.0,11.0,6.8,158.1,S,10.17,10.96,8.16
716816,2023-08-28,2023,WSH,2023-08-28 19:07:00,19,6,3,9,1,14,9,16,311,79.0,2,52,0.0385,0.0625,1.0,6.0,6.0,9.0,165.0,77.9,57.0,0.1111,0.0,8.0,3.0,7.0,146.0,80.1,52.0,0.0,65.7,18.7,80.7,1004.5,0.0,5.6,3.5,141.7,SE,4.39,5.32,2.94
716801,2023-08-29,2023,WSH,2023-08-29 19:07:00,19,4,5,9,3,11,6,19,317,82.0,3,60,0.05,0.1579,1.0,5.0,4.0,11.0,176.0,83.5,63.0,0.0909,2.0,6.0,2.0,8.0,141.0,80.3,58.0,0.25,67.7,19.8,84.0,997.7,0.0,9.3,5.8,145.0,SE,7.62,8.98,5.34
716785,2023-08-30,2023,WSH,2023-08-30 15:07:00,15,7,0,7,0,10,3,17,271,81.3,0,55,0.0,0.0,0.0,7.0,2.0,12.0,140.0,82.6,43.0,0.0,0.0,3.0,1.0,5.0,131.0,79.9,41.0,0.0,67.9,20.0,63.7,1001.6,0.0,22.9,14.2,328.3,NW,-19.46,-22.39,-14.18
716673,2023-09-08,2023,KC,2023-09-08 19:07:00,19,5,4,9,1,22,11,18,321,79.5,1,44,0.0227,0.0556,0.0,9.0,5.0,9.0,142.0,79.5,39.0,0.0,1.0,13.0,6.0,9.0,179.0,79.5,50.0,0.1111,62.9,17.2,67.3,1007.3,0.0,14.8,9.2,0.7,N,-14.8,-13.85,-13.97
716661,2023-09-09,2023,KC,2023-09-09 15:07:00,15,5,1,6,3,15,2,10,248,85.4,3,46,0.0652,0.3,2.0,5.0,1.0,8.0,136.0,88.7,45.0,0.25,1.0,10.0,1.0,2.0,112.0,81.1,35.0,0.5,67.3,19.6,71.7,1010.3,0.0,8.4,5.2,105.3,E,2.22,4.86,-0.68
716641,2023-09-10,2023,KC,2023-09-10 13:37:00,13,5,2,7,1,17,11,14,298,81.0,0,46,0.0,0.0714,1.0,8.0,8.0,6.0,156.0,80.4,47.0,0.1667,0.0,9.0,3.0,8.0,142.0,81.6,48.0,0.0,72.1,22.3,69.0,1009.0,0.6,6.3,3.9,113.0,SE,2.45,4.27,0.33
716630,2023-09-11,2023,TEX,2023-09-11 19:07:00,19,4,10,14,3,17,12,18,323,80.6,2,51,0.0392,0.1667,1.0,11.0,3.0,7.0,143.0,80.9,47.0,0.1429,2.0,6.0,8.0,11.0,180.0,80.3,54.0,0.1818,68.5,20.3,79.3,1007.3,0.0,5.8,3.6,121.7,SE,3.06,4.58,1.18
716616,2023-09-12,2023,TEX,2023-09-12 19:07:00,19,3,6,9,2,13,5,16,279,80.2,3,56,0.0536,0.125,1.0,5.0,1.0,7.0,131.0,80.9,46.0,0.1429,1.0,8.0,3.0,9.0,148.0,79.5,50.0,0.1111,66.8,19.3,80.7,1002.4,0.1,9.2,5.7,293.1,NW,-3.62,-6.29,-0.51
716594,2023-09-13,2023,TEX,2023-09-13 19:07:00,19,0,10,10,3,11,5,17,282,82.8,3,56,0.0536,0.1765,0.0,4.0,1.0,5.0,117.0,80.9,39.0,0.0,3.0,7.0,4.0,12.0,165.0,84.2,56.0,0.25,62.7,17.1,56.7,1006.1,0.0,13.2,8.2,300.0,NW,-6.59,-10.09,-2.29
716587,2023-09-14,2023,TEX,2023-09-14 19:07:00,19,2,9,11,3,20,15,15,362,78.9,4,48,0.0833,0.2,1.0,11.0,5.0,4.0,161.0,78.8,46.0,0.25,2.0,9.0,9.0,11.0,201.0,78.9,58.0,0.1818,61.3,16.3,64.7,1011.2,0.0,5.5,3.4,246.6,SW,2.17,0.32,3.75
716576,2023-09-15,2023,BOS,2023-09-15 19:07:00,19,3,0,3,1,24,1,9,251,80.6,3,37,0.0811,0.1111,1.0,13.0,1.0,4.0,131.0,80.7,43.0,0.25,0.0,11.0,0.0,5.0,120.0,80.5,37.0,0.0,63.2,17.3,67.3,1009.9,0.0,3.0,1.8,150.6,SE,2.58,2.93,1.93
716566,2023-09-16,2023,BOS,2023-09-16 15:07:00,15,4,3,7,2,25,12,13,394,80.4,1,62,0.0161,0.1538,1.0,14.0,6.0,8.0,205.0,82.8,57.0,0.125,1.0,11.0,3.0,5.0,189.0,78.2,63.0,0.2,71.1,21.7,49.7,1005.1,0.0,13.4,8.3,185.7,S,13.33,12.08,12.98
716548,2023-09-17,2023,BOS,2023-09-17 13:37:00,13,3,2,5,2,18,4,16,294,82.9,4,50,0.08,0.125,1.0,9.0,0.0,7.0,132.0,83.7,47.0,0.1429,1.0,9.0,4.0,9.0,162.0,82.1,49.0,0.1111,71.1,21.7,57.7,1002.0,0.2,9.9,6.2,181.3,S,9.9,9.22,9.38
716431,2023-09-26,2023,NYY,2023-09-26 19:07:00,19,0,2,2,1,14,8,8,279,83.6,2,45,0.0444,0.125,0.0,6.0,6.0,3.0,146.0,82.6,38.0,0.0,1.0,8.0,2.0,5.0,133.0,84.4,52.0,0.2,60.9,16.1,69.7,1017.0,0.0,20.7,12.9,77.3,E,-4.54,2.64,-11.17
716413,2023-09-27,2023,NYY,2023-09-27 19:07:00,19,0,6,6,2,18,5,11,248,84.3,4,45,0.0889,0.1818,0.0,5.0,0.0,2.0,105.0,85.6,41.0,0.0,2.0,13.0,4.0,9.0,143.0,83.1,46.0,0.2222,61.6,16.5,51.3,1014.3,0.0,20.3,12.6,85.0,E,-1.77,5.25,-8.57
716403,2023-09-28,2023,NYY,2023-09-28 19:07:00,19,6,0,6,3,23,3,20,281,81.3,3,47,0.0638,0.15,3.0,10.0,2.0,13.0,154.0,82.8,61.0,0.2308,0.0,13.0,0.0,7.0,127.0,79.1,43.0,0.0,61.5,16.4,71.7,1011.1,0.0,15.0,9.3,64.6,NE,-6.44,-1.4,-10.7
716392,2023-09-29,2023,TB,2023-09-29 19:07:00,19,11,4,15,4,21,7,23,308,83.7,7,52,0.1346,0.1739,3.0,11.0,4.0,16.0,171.0,84.3,62.0,0.1875,1.0,10.0,3.0,7.0,137.0,83.0,49.0,0.1429,62.5,16.9,85.0,1012.1,0.0,5.6,3.5,59.6,NE,-2.82,-1.01,-4.29
716383,2023-09-30,2023,TB,2023-09-30 15:07:00,15,5,7,12,2,11,9,21,321,83.5,7,69,0.1014,0.0952,1.0,6.0,5.0,7.0,157.0,80.6,53.0,0.1429,1.0,5.0,3.0,14.0,164.0,86.1,58.0,0.0714,70.5,21.4,69.0,1013.8,0.0,10.1,6.3,179.0,S,10.1,9.55,9.43
716357,2023-10-01,2023,TB,2023-10-01 15:07:00,15,8,12,20,4,16,6,28,321,82.9,4,67,0.0597,0.1429,1.0,7.0,3.0,12.0,155.0,82.7,61.0,0.0833,3.0,9.0,3.0,16.0,166.0,83.2,55.0,0.1875,76.3,24.6,59.7,1014.2,0.0,4.8,3.0,194.9,S,4.64,3.94,4.78
744956,2024-04-08,2024,SEA,2024-04-08 19:07:00,19,5,2,7,2,19,3,18,297,84.4,4,49,0.0816,0.1111,0.0,9.0,1.0,11.0,146.0,82.7,53.0,0.0,2.0,10.0,2.0,7.0,151.0,86.4,47.0,0.2857,45.9,7.7,64.0,1006.4,0.0,7.2,4.5,61.7,NE,-3.42,-1.04,-5.38
744957,2024-04-09,2024,SEA,2024-04-09 19:07:00,19,5,3,8,3,17,8,17,324,83.1,2,47,0.0426,0.1765,1.0,7.0,2.0,11.0,156.0,82.5,67.0,0.0909,2.0,10.0,6.0,6.0,168.0,83.8,55.0,0.3333,51.0,10.5,74.3,1000.2,0.0,11.7,7.2,69.1,E,-4.15,-0.18,-7.63
744950,2024-04-10,2024,SEA,2024-04-10 15:07:00,15,1,6,7,2,25,8,12,286,84.3,4,46,0.087,0.1667,1.0,10.0,3.0,6.0,130.0,85.8,36.0,0.1667,1.0,15.0,5.0,6.0,156.0,83.2,47.0,0.1667,60.4,15.8,61.7,1003.0,0.0,16.2,10.0,187.0,S,16.05,14.4,15.75
744954,2024-04-12,2024,COL,2024-04-12 19:07:00,19,4,12,16,4,16,5,31,319,82.8,4,65,0.0615,0.129,2.0,7.0,3.0,11.0,141.0,80.3,52.0,0.1818,2.0,9.0,2.0,20.0,178.0,85.0,58.0,0.1,43.2,6.2,79.3,979.7,0.6,27.2,16.9,274.3,W,-2.05,-11.19,7.34
744953,2024-04-13,2024,COL,2024-04-13 15:07:00,15,5,3,8,2,22,7,16,294,81.7,4,42,0.0952,0.125,1.0,7.0,3.0,9.0,141.0,83.9,41.0,0.1111,1.0,15.0,4.0,7.0,153.0,79.6,43.0,0.1429,53.3,11.8,41.3,998.0,0.0,33.0,20.5,296.3,NW,-14.65,-23.9,-3.64
744952,2024-04-14,2024,COL,2024-04-14 13:37:00,13,5,0,5,0,14,4,14,286,83.4,0,49,0.0,0.0,0.0,4.0,2.0,12.0,157.0,82.8,58.0,0.0,0.0,10.0,2.0,2.0,129.0,84.2,39.0,0.0,57.1,13.9,72.0,992.3,0.0,6.1,3.8,122.0,SE,3.23,4.81,1.27
744951,2024-04-15,2024,NYY,2024-04-15 19:07:00,19,3,1,4,0,14,10,8,264,82.7,0,40,0.0,0.0,0.0,8.0,8.0,4.0,135.0,81.2,38.0,0.0,0.0,6.0,2.0,4.0,129.0,84.1,40.0,0.0,53.7,12.0,45.3,1005.2,0.0,12.1,7.5,311.0,NW,-7.94,-10.58,-4.34
744944,2024-04-16,2024,NYY,2024-04-16 19:07:00,19,5,4,9,0,19,9,14,325,79.6,0,46,0.0,0.0,0.0,9.0,7.0,8.0,183.0,78.5,66.0,0.0,0.0,10.0,2.0,6.0,142.0,81.0,49.0,0.0,51.0,10.6,67.3,1010.5,0.0,7.4,4.6,47.5,NE,-4.98,-2.82,-6.54
744948,2024-04-17,2024,NYY,2024-04-17 15:07:00,15,4,6,10,4,16,8,20,349,80.8,4,54,0.0741,0.2,2.0,5.0,4.0,9.0,158.0,81.6,43.0,0.2222,2.0,11.0,4.0,11.0,191.0,80.3,61.0,0.1818,46.8,8.2,77.0,1002.0,1.6,31.7,19.7,75.7,E,-7.86,3.13,-17.9
744949,2024-04-26,2024,LAD,2024-04-26 19:07:00,19,2,12,14,4,10,9,24,317,84.9,5,67,0.0746,0.1667,1.0,3.0,4.0,5.0,123.0,84.5,44.0,0.2,3.0,7.0,5.0,19.0,194.0,85.3,58.0,0.1579,45.3,7.4,47.3,1016.0,0.0,21.3,13.2,78.7,E,-4.18,3.2,-11.06
744946,2024-04-27,2024,LAD,2024-04-27 15:07:00,15,2,4,6,0,18,4,15,290,84.2,2,52,0.0385,0.0,0.0,15.0,3.0,4.0,143.0,82.8,49.0,0.0,0.0,3.0,1.0,11.0,147.0,85.4,63.0,0.0,55.6,13.1,92.0,1007.2,0.6,13.9,8.6,123.7,SE,7.69,11.17,3.27
744947,2024-04-28,2024,LAD,2024-04-28 13:37:00,13,3,1,4,2,14,3,14,252,81.2,6,48,0.125,0.1429,1.0,6.0,1.0,8.0,116.0,80.8,40.0,0.125,1.0,8.0,1.0,6.0,136.0,81.5,57.0,0.1667,64.7,18.2,96.0,1006.2,2.4,15.1,9.4,238.0,SW,7.98,3.13,11.87
744945,2024-04-29,2024,KC,2024-04-29 19:07:00,19,6,5,11,5,15,7,23,316,84.0,4,57,0.0702,0.2174,3.0,8.0,4.0,12.0,156.0,84.4,51.0,0.25,2.0,7.0,3.0,11.0,160.0,83.6,64.0,0.1818,48.0,8.9,82.0,1003.5,0.0,18.6,11.6,71.0,E,-6.07,0.33,-11.73
744942,2024-04-30,2024,KC,2024-04-30 19:07:00,19,1,4,5,1,15,5,12,262,82.5,4,47,0.0851,0.0833,0.0,11.0,3.0,4.0,138.0,77.5,42.0,0.0,1.0,4.0,1.0,8.0,124.0,87.5,42.0,0.125,55.5,13.0,91.7,1001.1,0.2,10.2,6.3,35.6,NE,-8.27,-5.75,-9.79
744939,2024-05-01,2024,KC,2024-05-01 15:07:00,15,1,6,7,2,17,3,11,271,81.3,3,48,0.0625,0.1818,1.0,10.0,2.0,4.0,135.0,82.8,35.0,0.25,1.0,7.0,1.0,7.0,136.0,80.2,49.0,0.1429,56.7,13.7,84.7,1000.7,0.0,12.9,8.0,125.1,SE,7.41,10.57,3.35
744940,2024-05-10,2024,MIN,2024-05-10 19:07:00,19,2,3,5,2,13,2,15,258,85.2,3,54,0.0556,0.1333,1.0,8.0,2.0,8.0,143.0,84.0,52.0,0.125,1.0,5.0,0.0,7.0,115.0,86.5,46.0,0.1429,55.2,12.9,74.3,998.9,0.0,2.1,1.3,160.5,S,1.95,2.07,1.59
744943,2024-05-11,2024,MIN,2024-05-11 15:07:00,15,10,8,18,5,15,6,29,340,83.8,10,63,0.1587,0.1724,3.0,3.0,4.0,16.0,186.0,82.4,70.0,0.1875,2.0,12.0,2.0,13.0,154.0,86.0,45.0,0.1538,55.2,12.9,73.0,994.6,0.6,9.8,6.1,162.9,S,9.33,9.75,7.79
744941,2024-05-12,2024,MIN,2024-05-12 13:37:00,13,1,5,6,1,20,3,8,274,80.6,1,42,0.0238,0.125,0.0,11.0,1.0,2.0,153.0,78.0,51.0,0.0,1.0,9.0,2.0,6.0,121.0,84.2,36.0,0.1667,61.4,16.3,58.3,1000.8,0.3,5.4,3.4,239.6,SW,2.75,0.98,4.19
744934,2024-05-17,2024,TB,2024-05-17 19:07:00,19,3,4,7,2,14,3,12,265,82.9,3,51,0.0588,0.1667,1.0,5.0,0.0,4.0,117.0,82.5,54.0,0.25,1.0,9.0,3.0,8.0,148.0,83.3,51.0,0.125,58.0,14.5,96.7,1000.6,0.7,12.3,7.6,63.4,NE,-5.5,-1.42,-8.92
744938,2024-05-18,2024,TB,2024-05-18 15:07:00,15,4,5,9,1,15,4,22,290,82.4,5,59,0.0847,0.0455,0.0,5.0,0.0,10.0,118.0,81.4,52.0,0.0,1.0,10.0,4.0,12.0,172.0,83.2,60.0,0.0833,66.7,19.3,88.0,1002.7,0.0,7.6,4.7,114.0,SE,3.08,5.26,0.53
744937,2024-05-19,2024,TB,2024-05-19 13:37:00,13,5,2,7,2,18,5,11,273,82.4,2,42,0.0476,0.1818,1.0,8.0,4.0,7.0,134.0,85.7,38.0,0.1429,1.0,10.0,1.0,4.0,139.0,79.7,48.0,0.25,65.8,18.8,91.0,1004.9,0.0,8.8,5.5,136.3,SE,6.39,8.09,3.92
744935,2024-05-20,2024,CWS,2024-05-20 15:07:00,15,9,3,12,3,15,8,21,294,82.7,7,53,0.1321,0.1429,2.0,6.0,4.0,12.0,143.0,81.7,51.0,0.1667,1.0,9.0,4.0,9.0,151.0,83.7,53.0,0.1111,74.0,23.3,63.7,1002.9,0.0,8.8,5.5,128.0,SE,5.44,7.49,2.73
744936,2024-05-21,2024,CWS,2024-05-21 19:07:00,19,0,5,5,0,20,5,10,265,83.0,4,44,0.0909,0.0,0.0,9.0,1.0,2.0,125.0,82.1,46.0,0.0,0.0,11.0,4.0,8.0,140.0,84.0,43.0,0.0,75.6,24.2,65.7,999.0,0.0,12.5,7.8,275.6,W,-1.22,-5.41,3.12
744933,2024-05-22,2024,CWS,2024-05-22 19:07:00,19,9,2,11,2,13,11,16,325,81.8,3,54,0.0556,0.125,1.0,7.0,8.0,10.0,175.0,82.5,51.0,0.1,1.0,6.0,3.0,6.0,150.0,81.1,49.0,0.1667,70.0,21.1,79.7,995.2,0.0,20.2,12.6,198.7,S,19.17,15.8,20.23
744928,2024-05-31,2024,PIT,2024-05-31 19:07:00,19,5,3,8,1,23,8,12,385,81.9,2,70,0.0286,0.0833,,,,,,,,,,,,,,,,,65.2,18.5,61.0,1011.1,0.0,10.1,6.3,221.6,SW,7.58,4.83,9.42
744932,2024-06-01,2024,PIT,2024-06-01 15:07:00,15,1,8,9,2,16,3,17,272,82.2,5,54,0.0926,0.1176,,,,,,,,,,,,,,,,,70.9,21.6,54.0,1009.4,0.0,10.8,6.7,147.7,SE,9.13,10.55,6.6
744929,2024-06-02,2024,PIT,2024-06-02 13:37:00,13,5,4,9,0,17,4,22,332,83.7,3,55,0.0545,0.0,,,,,,,,,,,,,,,,,63.3,17.4,84.3,1004.5,0.2,6.6,4.1,126.3,SE,3.93,5.52,1.86
744930,2024-06-03,2024,BAL,2024-06-03 19:07:00,19,2,7,9,5,11,1,18,260,86.4,9,62,0.1452,0.2778,,,,,,,,,,,,,,,,,64.0,17.8,94.7,1003.0,0.0,9.9,6.1,89.7,E,-0.06,3.32,-3.43
744931,2024-06-04,2024,BAL,2024-06-04 19:07:00,19,1,10,11,4,13,5,14,285,83.3,4,54,0.0741,0.2857,,,,,,,,,,,,,,,,,68.8,20.5,86.3,1001.2,0.0,10.2,6.3,79.7,E,-1.83,1.71,-5.15
744927,2024-06-05,2024,BAL,2024-06-05 19:07:00,19,3,2,5,1,13,5,15,271,82.9,1,52,0.0192,0.0667,,,,,,,,,,,,,,,,,69.8,21.0,89.7,992.4,2.1,5.6,3.5,84.0,E,-0.59,1.36,-2.47
744923,2024-06-06,2024,BAL,2024-06-06 13:07:00,13,6,5,11,4,14,7,13,279,79.9,5,49,0.102,0.3077,,,,,,,,,,,,,,,,,73.9,23.3,57.3,988.8,0.6,19.8,12.3,247.3,SW,7.63,0.93,13.4
744924,2024-06-14,2024,CLE,2024-06-14 19:07:00,19,1,3,4,1,15,4,12,273,79.3,2,46,0.0435,0.0833,0.0,8.0,4.0,3.0,143.0,79.8,37.0,0.0,1.0,7.0,0.0,9.0,130.0,78.9,50.0,0.1111,67.1,19.5,50.0,1004.1,0.0,19.1,11.9,340.3,N,-18.02,-19.13,-14.73
744925,2024-06-15,2024,CLE,2024-06-15 15:07:00,15,5,0,5,0,6,5,15,261,79.8,0,56,0.0,0.0,0.0,2.0,4.0,7.0,118.0,79.0,43.0,0.0,0.0,4.0,1.0,8.0,143.0,80.4,55.0,0.0,70.9,21.6,40.0,1010.6,0.0,3.7,2.3,29.0,NE,-3.24,-2.43,-3.65
744926,2024-06-16,2024,CLE,2024-06-16 13:37:00,13,7,6,13,4,15,6,24,308,80.1,5,57,0.0877,0.1667,2.0,12.0,6.0,11.0,171.0,80.3,54.0,0.1818,2.0,3.0,0.0,13.0,137.0,79.9,61.0,0.1538,68.8,20.5,58.3,1010.4,0.0,15.5,9.7,93.3,E,0.9,6.15,-4.45
744918,2024-06-17,2024,BOS,2024-06-17 19:07:00,19,3,7,10,6,13,7,21,311,83.0,5,57,0.0877,0.2857,2.0,4.0,2.0,10.0,144.0,80.9,62.0,0.2,4.0,9.0,4.0,11.0,167.0,85.6,48.0,0.3636,78.1,25.6,74.7,1005.1,0.0,11.4,7.1,178.0,S,11.43,10.87,10.6
744917,2024-06-18,2024,BOS,2024-06-18 19:07:00,19,3,4,7,1,16,4,19,304,83.0,4,57,0.0702,0.0526,0.0,7.0,2.0,7.0,144.0,84.4,60.0,0.0,1.0,9.0,2.0,12.0,160.0,81.6,59.0,0.0833,78.6,25.9,75.0,1009.0,0.0,11.7,7.2,141.6,SE,9.15,11.07,6.12
744920,2024-06-19,2024,BOS,2024-06-19 19:07:00,19,3,7,10,2,14,5,20,275,83.8,5,60,0.0833,0.1,0.0,10.0,2.0,10.0,125.0,86.3,40.0,0.0,2.0,4.0,3.0,10.0,150.0,82.1,56.0,0.2,82.6,28.1,74.3,1012.4,0.0,8.0,5.0,227.2,SW,5.46,3.11,7.14
744919,2024-06-27,2024,NYY,2024-06-27 19:07:00,19,9,2,11,4,23,5,14,295,81.1,2,41,0.0488,0.2857,3.0,12.0,1.0,11.0,166.0,81.5,46.0,0.2727,1.0,11.0,4.0,3.0,129.0,80.5,32.0,0.3333,64.8,18.2,38.3,1004.6,0.0,16.2,10.1,344.0,N,-15.57,-16.16,-13.11
744922,2024-06-28,2024,NYY,2024-06-28 19:07:00,19,5,16,21,4,15,5,28,333,81.5,4,64,0.0625,0.1429,2.0,7.0,3.0,10.0,158.0,77.4,51.0,0.2,2.0,8.0,2.0,18.0,175.0,85.0,62.0,0.1111,64.6,18.1,63.7,1005.0,0.0,17.3,10.7,74.0,E,-4.76,1.2,-10.15
744921,2024-06-29,2024,NYY,2024-06-29 15:07:00,15,9,3,12,2,21,5,22,298,82.8,4,50,0.08,0.0909,1.0,10.0,3.0,14.0,161.0,84.5,48.0,0.0714,1.0,11.0,1.0,8.0,137.0,81.2,49.0,0.125,78.6,25.9,81.3,997.6,0.0,19.4,12.1,216.7,SW,15.59,10.68,18.62
744916,2024-06-30,2024,NYY,2024-06-30 13:37:00,13,1,8,9,1,21,7,16,320,82.3,4,48,0.0833,0.0625,0.0,10.0,2.0,4.0,141.0,79.9,49.0,0.0,1.0,11.0,5.0,12.0,179.0,84.4,59.0,0.0833,66.9,19.4,59.7,1006.0,0.1,25.6,15.9,311.0,NW,-16.79,-22.39,-9.17
744914,2024-07-01,2024,HOU,2024-07-01 15:07:00,15,1,3,4,3,16,6,8,244,79.6,5,45,0.1111,0.375,1.0,7.0,4.0,4.0,137.0,79.6,50.0,0.25,2.0,9.0,2.0,4.0,107.0,79.7,34.0,0.5,74.3,23.5,50.7,1012.2,0.0,7.7,4.8,178.3,S,7.66,7.28,7.12
744913,2024-07-02,2024,HOU,2024-07-02 19:07:00,19,7,6,13,3,16,7,14,279,82.2,5,47,0.1064,0.2143,2.0,10.0,5.0,6.0,157.0,81.1,49.0,0.3333,1.0,6.0,2.0,8.0,122.0,83.4,49.0,0.125,66.9,19.4,70.7,1008.9,0.0,16.7,10.4,84.3,E,-1.65,4.14,-7.25
744915,2024-07-03,2024,HOU,2024-07-03 19:07:00,19,2,9,11,1,14,7,16,304,81.0,5,55,0.0909,0.0625,0.0,7.0,2.0,5.0,135.0,80.3,51.0,0.0,1.0,7.0,4.0,11.0,169.0,81.6,64.0,0.0909,78.0,25.5,81.7,1000.5,0.1,11.5,7.1,263.0,W,1.4,-2.58,5.21
744912,2024-07-04,2024,HOU,2024-07-04 13:07:00,13,3,5,8,1,16,8,19,284,81.5,2,50,0.04,0.0526,0.0,7.0,3.0,10.0,124.0,81.6,38.0,0.0,1.0,9.0,4.0,9.0,160.0,81.4,50.0,0.1111,81.5,27.5,60.0,1002.2,0.0,11.1,6.9,178.7,S,11.1,10.52,10.34
744911,2024-07-19,2024,DET,2024-07-19 19:07:00,19,4,5,9,4,18,2,14,278,79.3,4,49,0.0816,0.2857,2.0,9.0,1.0,7.0,157.0,78.8,58.0,0.2857,2.0,9.0,1.0,7.0,121.0,80.0,43.0,0.2857,71.1,21.7,62.0,1008.4,0.0,13.0,8.1,187.7,S,12.85,11.49,12.67
744910,2024-07-20,2024,DET,2024-07-20 15:07:00,15,3,7,10,2,18,5,15,298,82.5,2,48,0.0417,0.1333,1.0,7.0,2.0,6.0,147.0,81.5,51.0,0.1667,1.0,11.0,3.0,9.0,151.0,83.5,49.0,0.1111,78.0,25.6,53.7,1006.2,0.0,19.4,12.0,182.3,S,19.35,17.91,18.45
744909,2024-07-21,2024,DET,2024-07-21 13:37:00,13,5,4,9,3,15,6,17,261,85.6,5,51,0.098,0.1765,2.0,9.0,2.0,11.0,132.0,85.6,46.0,0.1818,1.0,6.0,4.0,6.0,129.0,85.5,41.0,0.1667,78.0,25.6,64.0,1007.4,0.3,7.0,4.3,202.3,S,6.44,5.15,6.96
744904,2024-07-23,2024,TB,2024-07-23 19:07:00,19,2,4,6,3,20,9,10,301,80.1,6,42,0.1429,0.3,2.0,10.0,1.0,6.0,132.0,79.9,49.0,0.3333,1.0,10.0,8.0,4.0,169.0,80.3,53.0,0.25,75.3,24.0,65.7,1006.2,0.0,6.2,3.8,140.7,SE,4.77,5.82,3.15
744905,2024-07-24,2024,TB,2024-07-24 19:07:00,19,6,3,9,1,16,6,12,264,81.5,1,47,0.0213,0.0833,1.0,5.0,1.0,8.0,126.0,82.1,51.0,0.125,0.0,11.0,4.0,4.0,138.0,80.8,44.0,0.0,73.5,23.0,62.7,1005.4,0.0,14.9,9.3,313.9,NW,-10.36,-13.42,-6.06
744907,2024-07-25,2024,TB,2024-07-25 15:07:00,15,0,13,13,1,18,9,18,351,83.4,1,54,0.0185,0.0556,0.0,10.0,3.0,2.0,136.0,85.0,40.0,0.0,1.0,8.0,6.0,16.0,215.0,82.4,66.0,0.0625,75.3,24.1,41.0,1009.9,0.0,18.0,11.2,319.7,NW,-13.74,-16.91,-8.92
744906,2024-07-26,2024,TEX,2024-07-26 19:07:00,19,6,5,11,1,16,7,22,333,81.8,2,58,0.0345,0.0455,0.0,7.0,2.0,12.0,159.0,80.4,60.0,0.0,1.0,9.0,3.0,10.0,174.0,83.3,60.0,0.1,72.7,22.6,63.3,1010.2,0.0,7.0,4.4,231.8,SW,4.35,2.19,5.98
744908,2024-07-27,2024,TEX,2024-07-27 15:07:00,15,7,3,10,1,13,7,19,281,85.3,2,56,0.0357,0.0526,1.0,5.0,4.0,15.0,163.0,84.8,61.0,0.0667,0.0,8.0,3.0,4.0,118.0,86.0,43.0,0.0,79.3,26.3,45.7,1010.5,0.0,11.8,7.4,165.3,S,11.45,11.78,9.73
744902,2024-07-28,2024,TEX,2024-07-28 13:37:00,13,7,3,10,3,6,2,19,260,86.0,6,65,0.0923,0.1579,2.0,1.0,2.0,9.0,126.0,82.4,57.0,0.2222,1.0,5.0,0.0,10.0,134.0,89.8,55.0,0.1,80.2,26.8,64.7,1008.6,0.0,10.0,6.2,140.0,SE,7.69,9.43,5.02
744901,2024-08-06,2024,BAL,2024-08-06 19:07:00,19,5,2,7,2,22,6,12,269,81.5,3,38,0.0789,0.1667,1.0,10.0,2.0,9.0,140.0,80.1,43.0,0.1111,1.0,12.0,3.0,3.0,129.0,83.1,40.0,0.3333,68.5,20.3,75.3,1005.1,0.0,8.3,5.2,59.0,NE,-4.27,-1.58,-6.45
744903,2024-08-07,2024,BAL,2024-08-07 19:07:00,19,3,7,10,3,16,5,17,296,80.9,5,54,0.0926,0.1765,0.0,6.0,2.0,10.0,146.0,80.5,53.0,0.0,3.0,10.0,3.0,7.0,150.0,81.1,55.0,0.4286,69.8,21.0,64.0,1005.3,0.0,10.3,6.4,73.7,E,-2.89,0.66,-6.08
744899,2024-08-08,2024,BAL,2024-08-08 19:07:00,19,7,6,13,2,14,8,15,281,81.7,6,53,0.1132,0.1333,1.0,11.0,5.0,7.0,147.0,79.8,49.0,0.1429,1.0,3.0,3.0,8.0,134.0,83.5,53.0,0.125,71.4,21.9,91.7,1001.4,5.8,11.3,7.0,110.0,E,3.87,7.28,-0.01
744900,2024-08-09,2024,ATH,2024-08-09 19:07:00,19,3,1,4,3,12,2,16,234,81.1,3,54,0.0556,0.1875,2.0,4.0,0.0,10.0,108.0,82.4,43.0,0.2,1.0,8.0,2.0,6.0,126.0,79.9,43.0,0.1667,74.3,23.5,56.7,998.4,0.1,20.1,12.5,295.3,NW,-8.61,-14.32,-1.87
744897,2024-08-10,2024,ATH,2024-08-10 15:07:00,15,0,1,1,1,17,3,10,256,80.9,0,42,0.0,0.1,0.0,9.0,2.0,2.0,131.0,79.2,43.0,0.0,1.0,8.0,1.0,8.0,125.0,82.7,42.0,0.125,74.0,23.3,44.0,1002.6,0.0,25.8,16.0,262.3,W,3.45,-5.49,11.97
744895,2024-08-11,2024,ATH,2024-08-11 13:37:00,13,4,8,12,3,14,7,17,286,81.0,2,51,0.0392,0.1765,1.0,5.0,3.0,5.0,113.0,78.8,39.0,0.2,2.0,9.0,4.0,12.0,173.0,82.6,53.0,0.1667,70.3,21.3,52.3,1003.1,1.1,25.9,16.1,266.7,W,1.5,-7.42,10.24
744898,2024-08-19,2024,CIN,2024-08-19 19:07:00,19,3,6,9,3,15,6,15,281,85.0,8,53,0.1509,0.2,2.0,7.0,3.0,6.0,132.0,85.8,46.0,0.3333,1.0,8.0,3.0,9.0,149.0,84.3,54.0,0.1111,63.2,17.3,57.3,1004.7,0.0,18.1,11.2,353.3,N,-17.98,-17.61,-16.17
744896,2024-08-20,2024,CIN,2024-08-20 19:07:00,19,10,3,13,5,11,4,22,255,83.7,8,60,0.1333,0.2273,5.0,4.0,2.0,13.0,126.0,84.1,51.0,0.3846,0.0,7.0,2.0,9.0,129.0,83.3,46.0,0.0,61.9,16.6,56.7,1009.3,0.0,17.7,11.0,334.7,NW,-15.97,-17.59,-12.42
744893,2024-08-21,2024,CIN,2024-08-21 19:07:00,19,7,11,18,7,21,11,21,363,83.7,6,53,0.1132,0.3333,3.0,8.0,6.0,10.0,171.0,83.0,59.0,0.3,4.0,13.0,5.0,11.0,192.0,84.3,57.0,0.3636,63.8,17.7,60.0,1010.8,0.0,15.5,9.6,326.7,NW,-12.92,-15.05,-9.24
744894,2024-08-22,2024,LAA,2024-08-22 19:07:00,19,5,3,8,2,17,3,17,253,82.4,2,48,0.0417,0.1176,1.0,7.0,0.0,8.0,125.0,83.8,46.0,0.125,1.0,10.0,2.0,9.0,128.0,80.8,39.0,0.1111,70.1,21.2,62.3,1011.6,0.0,10.7,6.6,313.3,NW,-7.33,-9.56,-4.23
744889,2024-08-23,2024,LAA,2024-08-23 19:07:00,19,5,4,9,2,14,3,16,261,83.0,3,51,0.0588,0.125,2.0,3.0,1.0,10.0,115.0,84.8,45.0,0.2,0.0,11.0,2.0,6.0,146.0,81.3,45.0,0.0,70.3,21.3,67.7,1012.4,0.0,20.1,12.5,198.9,S,19.02,15.65,20.1
744890,2024-08-24,2024,LAA,2024-08-24 15:07:00,15,3,1,4,2,24,5,9,248,80.1,3,34,0.0882,0.2222,1.0,11.0,1.0,8.0,117.0,83.6,43.0,0.125,1.0,13.0,3.0,1.0,131.0,77.2,52.0,1.0,76.4,24.7,56.0,1011.9,0.0,15.0,9.3,161.3,S,14.18,14.96,11.69
744892,2024-08-25,2024,LAA,2024-08-25 13:37:00,13,8,2,10,3,20,8,10,293,81.6,3,41,0.0732,0.3,2.0,7.0,6.0,7.0,170.0,82.7,52.0,0.2857,1.0,13.0,0.0,3.0,123.0,80.1,41.0,0.3333,77.7,25.4,65.0,1013.3,0.1,10.2,6.4,184.0,S,10.21,9.35,9.84
744891,2024-09-03,2024,PHI,2024-09-03 19:07:00,19,9,10,19,7,19,8,34,360,84.0,9,66,0.1364,0.2059,4.0,8.0,2.0,16.0,161.0,83.6,57.0,0.25,3.0,11.0,6.0,18.0,199.0,84.3,72.0,0.1667,66.7,19.3,57.0,1016.0,0.0,13.1,8.2,200.7,S,12.29,9.96,13.13
744887,2024-09-04,2024,PHI,2024-09-04 15:07:00,15,2,4,6,3,18,3,14,268,81.9,2,48,0.0417,0.2143,0.0,10.0,1.0,6.0,126.0,80.4,42.0,0.0,3.0,8.0,2.0,8.0,142.0,83.3,49.0,0.375,74.4,23.5,51.3,1017.4,0.0,10.0,6.2,159.0,S,9.37,10.03,7.57
744888,2024-09-09,2024,NYM,2024-09-09 19:07:00,19,2,3,5,0,23,6,7,291,80.5,0,35,0.0,0.0,0.0,14.0,2.0,4.0,148.0,81.6,35.0,0.0,0.0,9.0,4.0,3.0,143.0,79.5,35.0,0.0,62.5,17.0,86.3,1005.7,0.0,11.4,7.1,327.3,NW,-9.6,-11.12,-6.91
744886,2024-09-10,2024,NYM,2024-09-10 19:07:00,19,6,2,8,0,16,6,18,296,83.1,4,51,0.0784,0.0,0.0,5.0,4.0,12.0,140.0,83.7,45.0,0.0,0.0,11.0,2.0,6.0,156.0,82.5,51.0,0.0,64.1,17.8,60.0,1009.4,0.0,8.3,5.1,169.0,S,8.11,8.17,7.08
744881,2024-09-11,2024,NYM,2024-09-11 15:07:00,15,2,6,8,2,10,10,10,298,82.6,4,54,0.0741,0.2,0.0,9.0,5.0,6.0,142.0,81.2,41.0,0.0,2.0,1.0,5.0,4.0,156.0,83.5,59.0,0.5,72.3,22.4,60.3,1010.0,0.0,9.3,5.8,137.7,SE,6.85,8.57,4.3
744882,2024-09-13,2024,STL,2024-09-13 19:07:00,19,4,3,7,1,13,5,22,340,82.9,6,70,0.0857,0.0455,0.0,7.0,2.0,10.0,179.0,81.8,69.0,0.0,1.0,6.0,2.0,12.0,161.0,84.2,60.0,0.0833,68.5,20.3,91.0,1013.1,0.0,6.2,3.9,78.4,E,-1.26,0.91,-3.27
744884,2024-09-14,2024,STL,2024-09-14 15:07:00,15,7,2,9,2,9,6,13,283,83.3,3,55,0.0545,0.1538,1.0,4.0,4.0,10.0,162.0,81.6,57.0,0.1,1.0,5.0,2.0,3.0,121.0,85.8,39.0,0.3333,74.4,23.6,74.0,1014.4,0.0,10.4,6.5,96.3,E,1.15,4.63,-2.46
744883,2024-09-15,2024,STL,2024-09-15 13:37:00,13,3,2,5,2,13,5,13,256,78.8,3,47,0.0638,0.1538,1.0,8.0,0.0,6.0,125.0,77.6,47.0,0.1667,1.0,5.0,3.0,7.0,131.0,80.0,46.0,0.1429,75.1,23.9,71.0,1015.8,0.0,9.9,6.1,143.7,SE,7.95,9.47,5.47
744885,2024-09-23,2024,BOS,2024-09-23 19:07:00,19,1,4,5,0,5,11,11,260,78.6,1,55,0.0182,0.0,0.0,1.0,1.0,6.0,96.0,80.9,35.0,0.0,0.0,4.0,10.0,5.0,164.0,77.0,51.0,0.0,65.1,18.4,88.0,1003.0,0.0,18.9,11.7,55.7,NE,-10.64,-4.67,-15.33
744876,2024-09-24,2024,BOS,2024-09-24 19:07:00,19,5,6,11,0,14,12,16,350,82.2,4,59,0.0678,0.0,0.0,6.0,8.0,5.0,177.0,82.4,52.0,0.0,0.0,8.0,3.0,11.0,173.0,82.0,71.0,0.0,64.2,17.9,93.3,1001.7,2.0,18.2,11.3,109.7,E,6.12,11.62,-0.11
744877,2024-09-25,2024,BOS,2024-09-25 19:07:00,19,6,1,7,1,12,5,18,271,80.9,1,54,0.0185,0.0556,1.0,6.0,2.0,11.0,132.0,77.6,54.0,0.0909,0.0,6.0,3.0,7.0,139.0,83.9,57.0,0.0,66.5,19.2,92.0,1001.8,0.0,16.0,9.9,206.0,SW,14.38,11.12,15.91
744879,2024-09-27,2024,MIA,2024-09-27 19:07:00,19,5,15,20,4,14,13,29,335,83.2,4,65,0.0615,0.1379,1.0,6.0,6.0,12.0,167.0,86.6,50.0,0.0833,3.0,8.0,7.0,17.0,168.0,80.6,64.0,0.1765,65.5,18.6,77.7,1004.1,0.0,16.3,10.1,72.7,E,-4.85,0.76,-9.86
744878,2024-09-28,2024,MIA,2024-09-28 15:07:00,15,1,8,9,2,13,4,15,264,80.6,1,54,0.0185,0.1333,1.0,5.0,2.0,4.0,119.0,80.0,39.0,0.25,1.0,8.0,2.0,11.0,145.0,81.0,56.0,0.0909,68.7,20.4,72.7,1002.6,0.0,20.5,12.7,79.3,E,-3.79,3.32,-10.46
744880,2024-09-29,2024,MIA,2024-09-29 15:07:00,15,1,3,4,0,18,5,13,294,80.5,0,48,0.0,0.0,0.0,10.0,4.0,4.0,152.0,80.1,47.0,0.0,0.0,8.0,1.0,9.0,142.0,80.8,51.0,0.0,70.5,21.4,80.7,1005.0,0.0,15.7,9.7,81.7,E,-2.27,3.17,-7.43
778556,2025-03-27,2025,BAL,2025-03-27 15:07:00,15,2,12,14,7,11,10,18,322,84.8,9,56,0.1607,0.3889,1.0,3.0,5.0,4.0,129.0,85.1,41.0,0.25,6.0,8.0,5.0,14.0,193.0,84.5,56.0,0.4286,48.7,9.3,47.3,1009.1,0.0,16.1,10.0,204.7,SW,14.6,11.43,16.01
778536,2025-03-29,2025,BAL,2025-03-29 15:07:00,15,5,9,14,4,23,6,20,317,84.7,8,50,0.16,0.2,1.0,14.0,5.0,8.0,158.0,83.2,43.0,0.125,3.0,9.0,1.0,12.0,159.0,85.9,53.0,0.25,34.9,1.6,86.3,1008.1,0.4,17.7,11.0,81.7,E,-2.57,3.59,-8.42
778525,2025-03-30,2025,BAL,2025-03-30 13:37:00,13,3,1,4,1,17,4,16,277,81.0,5,50,0.1,0.0625,1.0,6.0,2.0,7.0,128.0,81.8,49.0,0.1429,0.0,11.0,2.0,9.0,149.0,80.4,53.0,0.0,39.8,4.3,95.0,1000.2,0.1,8.9,5.5,84.7,E,-0.82,2.25,-3.79
778507,2025-03-31,2025,WSH,2025-03-31 19:07:00,19,5,2,7,3,12,6,15,285,83.4,4,52,0.0769,0.2,1.0,3.0,3.0,10.0,137.0,83.5,55.0,0.1,2.0,9.0,3.0,5.0,148.0,83.2,43.0,0.4,36.0,2.2,67.0,998.8,0.0,16.6,10.3,311.0,NW,-10.89,-14.52,-5.95
778491,2025-04-01,2025,WSH,2025-04-01 19:07:00,19,5,3,8,0,19,6,18,277,78.1,0,47,0.0,0.0,0.0,7.0,2.0,12.0,140.0,78.7,46.0,0.0,0.0,12.0,4.0,6.0,137.0,77.6,44.0,0.0,33.7,1.0,49.7,1015.9,0.0,8.1,5.1,14.0,N,-7.89,-6.74,-8.09
778478,2025-04-02,2025,WSH,2025-04-02 15:07:00,15,4,2,6,2,13,4,15,258,81.3,5,52,0.0962,0.1333,1.0,6.0,2.0,10.0,143.0,80.3,49.0,0.1,1.0,7.0,2.0,5.0,115.0,82.6,43.0,0.2,33.4,0.8,91.3,1008.6,6.5,30.8,19.2,83.7,E,-3.4,7.29,-13.68
778322,2025-04-14,2025,ATL,2025-04-14 19:07:00,19,4,8,12,4,10,6,11,248,83.0,5,52,0.0962,0.3636,1.0,6.0,2.0,5.0,120.0,82.1,46.0,0.2,3.0,4.0,4.0,6.0,128.0,83.7,57.0,0.5,57.4,14.1,74.3,989.0,0.0,14.8,9.2,227.1,SW,10.08,5.77,13.18
778311,2025-04-15,2025,ATL,2025-04-15 19:07:00,19,6,3,9,5,14,5,14,305,85.3,7,51,0.1373,0.3571,2.0,5.0,3.0,6.0,146.0,84.8,55.0,0.3333,3.0,9.0,2.0,8.0,159.0,85.7,51.0,0.375,37.7,3.2,65.7,993.0,0.0,23.4,14.5,290.7,W,-8.26,-15.25,-0.27
778297,2025-04-16,2025,ATL,2025-04-16 13:07:00,13,3,1,4,2,26,7,11,316,82.7,1,34,0.0294,0.1818,1.0,7.0,4.0,6.0,156.0,83.9,46.0,0.1667,1.0,19.0,3.0,5.0,160.0,81.1,35.0,0.2,41.7,5.4,56.0,1002.1,0.0,24.5,15.2,302.0,NW,-13.0,-19.33,-5.1
778273,2025-04-18,2025,SEA,2025-04-18 19:07:00,19,3,1,4,1,11,4,12,230,88.5,6,48,0.125,0.0833,0.0,4.0,2.0,7.0,105.0,89.1,46.0,0.0,1.0,7.0,2.0,5.0,125.0,87.8,40.0,0.2,59.9,15.5,73.7,997.6,0.0,9.2,5.7,203.3,SW,8.48,6.72,9.22
778258,2025-04-19,2025,SEA,2025-04-19 15:07:00,15,4,8,12,2,23,12,22,402,80.5,3,68,0.0441,0.0909,0.0,12.0,3.0,12.0,198.0,78.6,67.0,0.0,2.0,11.0,7.0,10.0,204.0,82.7,60.0,0.2,61.4,16.3,65.3,1001.8,0.0,16.4,10.2,283.0,W,-3.69,-8.93,2.0
778241,2025-04-20,2025,SEA,2025-04-20 13:37:00,13,3,8,11,3,25,6,23,319,84.1,7,51,0.1373,0.1304,0.0,7.0,4.0,11.0,146.0,81.7,57.0,0.0,3.0,18.0,2.0,12.0,173.0,86.9,49.0,0.25,48.1,9.0,63.7,1021.1,0.0,5.9,3.7,140.2,SE,4.56,5.58,2.98
778127,2025-04-29,2025,BOS,2025-04-29 19:07:00,19,2,10,12,6,13,6,18,291,83.9,8,57,0.1404,0.3333,1.0,8.0,3.0,4.0,117.0,81.0,46.0,0.25,5.0,5.0,3.0,14.0,174.0,86.0,66.0,0.3571,62.5,16.9,58.7,998.5,0.1,26.0,16.1,294.4,NW,-10.72,-18.16,-1.99
778114,2025-04-30,2025,BOS,2025-04-30 19:07:00,19,7,6,13,5,19,9,17,323,82.8,10,54,0.1852,0.2941,3.0,8.0,2.0,10.0,154.0,83.3,58.0,0.3,2.0,11.0,5.0,7.0,169.0,82.1,47.0,0.2857,47.8,8.8,50.0,1010.1,0.0,5.4,3.4,112.3,E,2.06,3.66,0.22
778095,2025-05-01,2025,BOS,2025-05-01 19:07:00,19,4,2,6,2,16,2,14,221,85.3,4,47,0.0851,0.1429,2.0,6.0,1.0,7.0,115.0,85.0,47.0,0.2857,0.0,10.0,1.0,7.0,106.0,85.8,36.0,0.0,46.5,8.1,91.7,997.6,1.6,18.7,11.6,77.2,E,-4.13,2.35,-10.11
778081,2025-05-02,2025,CLE,2025-05-02 19:07:00,19,5,3,8,3,11,4,18,304,81.4,3,57,0.0526,0.1667,1.0,5.0,3.0,9.0,146.0,82.6,50.0,0.1111,2.0,6.0,1.0,9.0,158.0,80.4,58.0,0.2222,57.8,14.3,68.7,1000.2,0.0,14.4,8.9,323.7,NW,-11.58,-13.79,-7.97
778064,2025-05-03,2025,CLE,2025-05-03 15:07:00,15,3,5,8,3,28,8,12,328,83.5,6,37,0.1622,0.25,1.0,12.0,5.0,8.0,165.0,82.6,55.0,0.125,2.0,16.0,3.0,4.0,163.0,84.5,47.0,0.5,49.9,10.0,81.0,1004.3,0.0,5.4,3.4,144.7,SE,4.43,5.24,3.09
778056,2025-05-04,2025,CLE,2025-05-04 13:37:00,13,4,5,9,0,11,11,17,332,81.9,1,58,0.0172,0.0,0.0,5.0,3.0,7.0,154.0,79.5,57.0,0.0,0.0,6.0,8.0,10.0,178.0,84.2,58.0,0.0,55.9,13.3,59.0,1005.5,0.0,15.4,9.6,83.0,E,-1.88,3.46,-6.99
777935,2025-05-13,2025,TB,2025-05-13 19:07:00,19,9,11,20,7,19,9,20,305,82.9,7,53,0.1321,0.35,4.0,11.0,5.0,10.0,163.0,81.7,64.0,0.4,3.0,8.0,4.0,10.0,142.0,84.4,49.0,0.3,58.5,14.7,95.3,1004.5,3.3,16.7,10.4,79.0,E,-3.18,2.61,-8.58
777923,2025-05-14,2025,TB,2025-05-14 19:07:00,19,3,1,4,1,16,3,15,259,84.7,2,50,0.04,0.0667,1.0,7.0,1.0,8.0,112.0,86.0,45.0,0.125,0.0,9.0,2.0,7.0,147.0,83.6,53.0,0.0,57.7,14.3,84.0,1001.8,0.0,14.1,8.7,60.3,NE,-6.96,-2.36,-10.72
777913,2025-05-15,2025,TB,2025-05-15 15:07:00,15,3,8,11,7,13,3,22,268,83.8,8,58,0.1379,0.3182,3.0,3.0,2.0,8.0,114.0,86.0,42.0,0.375,4.0,10.0,1.0,14.0,154.0,82.3,62.0,0.2857,68.5,20.3,72.7,998.3,0.0,8.4,5.2,115.0,SE,3.55,5.94,0.73
777906,2025-05-16,2025,DET,2025-05-16 19:07:00,19,4,5,9,5,19,5,20,321,83.7,7,52,0.1346,0.25,2.0,9.0,1.0,10.0,154.0,81.6,52.0,0.2,3.0,10.0,4.0,10.0,167.0,85.8,51.0,0.3,75.7,24.3,33.3,991.0,0.0,8.2,5.1,224.6,SW,5.81,3.5,7.43
777886,2025-05-17,2025,DET,2025-05-17 15:07:00,15,2,1,3,1,14,7,8,248,82.1,2,43,0.0465,0.125,0.0,7.0,4.0,4.0,148.0,80.1,45.0,0.0,1.0,7.0,2.0,4.0,100.0,85.4,28.0,0.25,64.6,18.1,51.7,987.0,0.0,23.4,14.5,268.7,W,0.54,-7.49,8.51
777871,2025-05-18,2025,DET,2025-05-18 13:37:00,13,2,3,5,0,16,7,18,292,83.6,5,54,0.0926,0.0,0.0,10.0,4.0,7.0,157.0,82.5,44.0,0.0,0.0,6.0,3.0,11.0,135.0,84.6,49.0,0.0,60.4,15.8,54.0,996.3,0.0,22.2,13.8,320.0,NW,-16.98,-20.83,-11.08
777845,2025-05-20,2025,SD,2025-05-20 19:07:00,19,3,0,3,2,15,3,8,254,82.1,4,42,0.0952,0.25,2.0,7.0,2.0,3.0,118.0,80.1,42.0,0.6667,0.0,8.0,1.0,5.0,136.0,84.1,42.0,0.0,53.1,11.7,52.3,1005.5,0.0,10.0,6.2,89.4,E,-0.11,3.31,-3.51
777837,2025-05-21,2025,SD,2025-05-21 19:07:00,19,14,0,14,2,17,3,19,290,83.2,5,57,0.0877,0.1053,2.0,7.0,3.0,14.0,163.0,84.4,59.0,0.1429,0.0,10.0,0.0,5.0,127.0,81.7,44.0,0.0,47.9,8.8,97.3,995.5,3.9,27.5,17.1,78.3,E,-5.55,3.98,-14.42
777816,2025-05-22,2025,SD,2025-05-22 13:07:00,13,7,6,13,2,18,11,20,379,81.6,3,64,0.0469,0.1,0.0,7.0,6.0,12.0,185.0,82.6,63.0,0.0,2.0,11.0,4.0,8.0,194.0,80.7,65.0,0.25,48.9,9.4,100.0,993.2,8.4,15.2,9.4,77.6,E,-3.26,2.0,-8.13
777727,2025-05-29,2025,ATH,2025-05-29 19:07:00,19,12,0,12,4,16,7,22,286,84.2,7,56,0.125,0.1818,4.0,3.0,5.0,18.0,148.0,87.0,53.0,0.2222,0.0,13.0,2.0,4.0,138.0,80.8,45.0,0.0,63.3,17.4,78.3,1000.3,0.1,10.0,6.2,237.7,SW,5.33,2.13,7.89
777716,2025-05-30,2025,ATH,2025-05-30 19:07:00,19,11,7,18,4,12,15,25,329,84.3,10,59,0.1695,0.16,2.0,4.0,10.0,15.0,193.0,84.8,64.0,0.1333,2.0,8.0,4.0,10.0,136.0,83.5,45.0,0.2,65.9,18.8,67.3,988.3,0.3,10.4,6.5,278.5,W,-1.54,-4.98,2.08
777701,2025-05-31,2025,ATH,2025-05-31 15:07:00,15,8,7,15,7,9,7,21,281,83.2,10,58,0.1724,0.3333,4.0,2.0,2.0,10.0,116.0,86.9,50.0,0.4,3.0,7.0,5.0,11.0,165.0,79.8,53.0,0.2727,53.4,11.9,57.0,990.5,0.0,28.1,17.5,330.3,NW,-24.42,-27.7,-18.19
777685,2025-06-01,2025,ATH,2025-06-01 13:37:00,13,8,4,12,1,20,4,24,301,81.5,2,54,0.037,0.0417,1.0,6.0,1.0,13.0,143.0,85.7,52.0,0.0769,0.0,14.0,3.0,11.0,158.0,77.2,50.0,0.0,59.7,15.4,47.7,996.1,0.1,21.1,13.1,316.7,NW,-15.35,-19.37,-9.47
777665,2025-06-03,2025,PHI,2025-06-03 19:07:00,19,3,8,11,5,17,10,16,303,81.5,5,52,0.0962,0.3125,2.0,7.0,6.0,5.0,137.0,81.2,38.0,0.4,3.0,10.0,4.0,11.0,166.0,81.6,66.0,0.2727,71.9,22.2,53.7,1005.3,0.0,14.0,8.7,191.7,S,13.68,11.89,13.82
777651,2025-06-04,2025,PHI,2025-06-04 19:07:00,19,2,1,3,1,12,2,10,262,82.4,5,50,0.1,0.1,0.0,4.0,0.0,5.0,134.0,83.1,58.0,0.0,1.0,8.0,2.0,5.0,128.0,81.4,44.0,0.2,79.6,26.4,54.3,1004.5,0.0,12.4,7.7,246.7,SW,4.9,0.71,8.5
777637,2025-06-05,2025,PHI,2025-06-05 15:07:00,15,9,1,10,1,12,4,19,261,82.5,2,57,0.0351,0.0526,1.0,4.0,2.0,14.0,137.0,87.8,49.0,0.0714,0.0,8.0,2.0,5.0,124.0,75.9,39.0,0.0,70.1,21.2,64.7,1006.9,0.0,7.8,4.9,5.7,N,-7.79,-7.06,-7.59
777479,2025-06-17,2025,AZ,2025-06-17 19:07:00,19,5,4,9,3,15,6,17,297,84.5,8,53,0.1509,0.1765,3.0,8.0,1.0,9.0,137.0,86.0,49.0,0.3333,0.0,7.0,5.0,8.0,160.0,83.0,52.0,0.0,68.7,20.4,76.0,998.7,0.0,5.4,3.4,130.0,SE,3.47,4.68,1.85
777462,2025-06-18,2025,AZ,2025-06-18 19:07:00,19,8,1,9,1,17,7,19,294,85.5,2,51,0.0392,0.0526,1.0,5.0,5.0,13.0,166.0,85.6,52.0,0.0769,0.0,12.0,1.0,6.0,128.0,85.4,38.0,0.0,71.2,21.8,89.7,998.7,0.3,6.8,4.2,175.7,S,6.81,6.58,6.23
777448,2025-06-19,2025,AZ,2025-06-19 15:07:00,15,5,9,14,5,15,7,15,291,81.7,4,51,0.0784,0.3333,3.0,7.0,2.0,6.0,146.0,81.4,53.0,0.5,2.0,8.0,5.0,9.0,145.0,82.2,36.0,0.2222,72.5,22.5,60.7,991.5,0.0,29.3,18.2,299.5,NW,-14.43,-22.27,-4.85
777435,2025-06-20,2025,CWS,2025-06-20 19:07:00,19,1,7,8,2,19,7,16,293,83.3,5,48,0.1042,0.125,0.0,6.0,2.0,7.0,125.0,83.6,42.0,0.0,2.0,13.0,5.0,9.0,168.0,83.1,45.0,0.2222,76.3,24.6,55.0,1003.8,0.0,11.4,7.1,262.7,W,1.45,-2.51,5.25
777418,2025-06-21,2025,CWS,2025-06-21 15:07:00,15,7,1,8,2,8,4,14,235,86.8,3,56,0.0536,0.1429,2.0,2.0,1.0,12.0,120.0,88.0,49.0,0.1667,0.0,6.0,3.0,2.0,115.0,85.1,34.0,0.0,78.7,26.0,70.3,1003.7,0.0,15.6,9.7,177.5,S,15.55,14.84,14.39
777408,2025-06-22,2025,CWS,2025-06-22 13:37:00,13,2,4,6,0,18,9,14,289,77.2,1,48,0.0208,0.0,0.0,6.0,4.0,8.0,133.0,77.0,46.0,0.0,0.0,12.0,5.0,6.0,156.0,77.3,41.0,0.0,90.6,32.5,61.3,1005.0,0.5,12.2,7.6,268.1,W,0.4,-3.81,4.55
777295,2025-06-30,2025,NYY,2025-06-30 19:07:00,19,5,4,9,2,18,7,17,290,84.4,2,48,0.0417,0.1176,0.0,6.0,3.0,10.0,137.0,84.1,45.0,0.0,2.0,12.0,2.0,7.0,153.0,84.7,46.0,0.2857,72.3,22.4,91.3,998.4,1.3,6.5,4.0,163.8,S,6.24,6.49,5.25
777283,2025-07-01,2025,NYY,2025-07-01 15:07:00,15,12,5,17,3,11,13,17,337,83.0,4,57,0.0702,0.1765,3.0,6.0,6.0,8.0,176.0,82.6,55.0,0.375,0.0,5.0,6.0,9.0,161.0,83.4,59.0,0.0,83.5,28.6,48.0,997.2,0.0,14.7,9.2,273.0,W,-0.77,-5.76,4.31
777274,2025-07-02,2025,NYY,2025-07-02 19:07:00,19,11,9,20,5,15,12,28,346,84.6,10,61,0.1639,0.1786,3.0,8.0,6.0,13.0,159.0,81.9,49.0,0.2308,2.0,7.0,4.0,15.0,187.0,86.9,56.0,0.1333,78.7,26.0,58.3,1000.5,0.1,7.9,4.9,249.7,W,2.73,0.05,5.09
777260,2025-07-03,2025,NYY,2025-07-03 19:07:00,19,8,5,13,4,18,9,23,349,81.6,8,55,0.1455,0.1739,3.0,6.0,4.0,11.0,165.0,81.6,54.0,0.2727,1.0,12.0,4.0,12.0,184.0,81.6,63.0,0.0833,71.2,21.8,40.3,1004.9,0.0,13.6,8.5,326.3,NW,-11.35,-13.25,-8.08
777242,2025-07-04,2025,LAA,2025-07-04 19:07:00,19,4,3,7,1,18,5,10,307,79.2,4,49,0.0816,0.1,0.0,7.0,1.0,5.0,144.0,75.7,61.0,0.0,1.0,11.0,3.0,5.0,163.0,83.3,51.0,0.2,74.1,23.4,41.7,1008.5,0.0,8.6,5.3,171.7,S,8.48,8.39,7.54
777231,2025-07-05,2025,LAA,2025-07-05 15:07:00,15,4,3,7,1,17,10,20,347,82.0,2,66,0.0303,0.05,1.0,8.0,2.0,13.0,186.0,84.4,71.0,0.0769,0.0,9.0,4.0,7.0,161.0,79.0,55.0,0.0,85.5,29.7,49.7,1005.4,0.0,11.5,7.1,153.0,SE,10.25,11.41,7.84
777214,2025-07-06,2025,LAA,2025-07-06 13:37:00,13,3,2,5,2,19,7,17,285,80.6,2,47,0.0426,0.1176,1.0,5.0,2.0,8.0,131.0,79.9,47.0,0.125,1.0,14.0,5.0,9.0,154.0,81.3,44.0,0.1111,89.4,31.9,44.3,1001.2,0.0,21.3,13.2,190.0,S,20.94,18.42,20.94
777108,2025-07-18,2025,SF,2025-07-18 19:07:00,19,4,0,4,0,14,3,21,262,82.5,2,53,0.0377,0.0,0.0,2.0,3.0,10.0,124.0,82.7,54.0,0.0,0.0,12.0,0.0,11.0,138.0,82.3,43.0,0.0,72.1,22.3,34.7,1009.2,0.0,6.3,3.9,141.8,SE,4.95,5.98,3.32
777094,2025-07-19,2025,SF,2025-07-19 15:07:00,15,6,3,9,3,12,1,18,225,85.4,2,54,0.037,0.1667,1.0,3.0,1.0,14.0,107.0,87.2,48.0,0.0714,2.0,9.0,0.0,4.0,118.0,83.4,45.0,0.5,78.9,26.0,41.0,1004.1,0.0,8.1,5.0,152.3,SE,7.17,8.03,5.45
777079,2025-07-20,2025,SF,2025-07-20 12:05:00,12,8,6,14,4,16,7,21,309,84.4,5,52,0.0962,0.1905,3.0,7.0,5.0,9.0,150.0,83.4,49.0,0.3333,1.0,9.0,2.0,12.0,159.0,85.3,55.0,0.0833,77.9,25.5,63.0,1000.9,0.2,15.2,9.4,321.3,NW,-11.87,-14.4,-7.9
777066,2025-07-21,2025,NYY,2025-07-21 19:07:00,19,4,1,5,1,16,9,11,278,83.6,3,47,0.0638,0.0909,0.0,4.0,6.0,6.0,154.0,84.9,54.0,0.0,1.0,12.0,2.0,5.0,124.0,82.1,43.0,0.2,71.0,21.7,40.7,1007.8,0.0,8.8,5.5,357.8,N,-8.83,-8.41,-8.18
777046,2025-07-22,2025,NYY,2025-07-22 19:07:00,19,4,5,9,3,12,6,17,298,83.9,5,59,0.0847,0.1765,0.0,6.0,4.0,11.0,162.0,83.4,74.0,0.0,3.0,6.0,1.0,6.0,136.0,84.6,48.0,0.5,71.1,21.7,56.3,1010.6,0.0,9.3,5.8,106.0,E,2.56,5.45,-0.64
777027,2025-07-23,2025,NYY,2025-07-23 19:07:00,19,8,4,12,4,12,4,15,243,84.6,3,55,0.0545,0.2667,1.0,4.0,4.0,10.0,130.0,83.2,49.0,0.1,3.0,8.0,0.0,5.0,113.0,86.1,42.0,0.6,75.3,24.0,61.0,1008.7,0.0,8.0,5.0,134.0,SE,5.56,7.19,3.25
776920,2025-08-01,2025,KC,2025-08-01 19:07:00,19,3,9,12,6,13,3,16,295,81.9,7,58,0.1207,0.375,2.0,6.0,0.0,5.0,119.0,80.8,51.0,0.4,4.0,7.0,3.0,11.0,176.0,82.8,62.0,0.3636,70.9,21.6,50.0,1015.1,0.0,8.7,5.4,149.1,SE,7.49,8.57,5.5
776900,2025-08-02,2025,KC,2025-08-02 15:07:00,15,4,2,6,1,9,2,14,250,81.8,2,55,0.0364,0.0714,0.0,2.0,2.0,8.0,125.0,81.6,48.0,0.0,1.0,7.0,0.0,6.0,125.0,82.0,44.0,0.1667,76.6,24.8,38.7,1013.7,0.0,15.4,9.5,179.0,S,15.36,14.53,14.35
776893,2025-08-03,2025,KC,2025-08-03 13:37:00,13,4,7,11,0,14,10,14,317,80.3,0,58,0.0,0.0,0.0,8.0,6.0,8.0,179.0,79.8,56.0,0.0,0.0,6.0,4.0,6.0,138.0,81.0,44.0,0.0,82.3,28.0,44.3,1010.2,0.0,11.8,7.3,185.7,S,11.71,10.61,11.4
776768,2025-08-12,2025,CHC,2025-08-12 19:07:00,19,5,1,6,2,11,9,16,279,82.8,4,54,0.0741,0.125,2.0,2.0,2.0,12.0,125.0,84.4,55.0,0.1667,0.0,9.0,7.0,4.0,154.0,81.0,49.0,0.0,81.9,27.7,71.0,1001.9,0.0,7.0,4.3,211.4,SW,5.97,4.36,6.86
776757,2025-08-13,2025,CHC,2025-08-13 19:07:00,19,1,4,5,2,16,4,8,239,83.8,3,46,0.0652,0.25,0.0,10.0,2.0,2.0,120.0,83.7,43.0,0.0,2.0,6.0,2.0,6.0,119.0,83.9,43.0,0.3333,76.0,24.5,56.3,1001.3,0.0,13.4,8.3,343.0,N,-12.81,-13.38,-10.7
776747,2025-08-14,2025,CHC,2025-08-14 15:07:00,15,2,1,3,2,15,3,9,206,80.5,5,44,0.1136,0.2222,1.0,6.0,1.0,3.0,94.0,75.1,40.0,0.3333,1.0,9.0,2.0,6.0,112.0,85.5,44.0,0.1667,78.5,25.8,60.7,1007.1,0.0,8.0,5.0,145.3,SE,6.61,7.77,4.64
776735,2025-08-15,2025,TEX,2025-08-15 19:07:00,19,6,5,11,3,18,8,13,305,82.1,3,44,0.0682,0.2308,1.0,7.0,2.0,8.0,151.0,81.4,58.0,0.125,2.0,11.0,6.0,5.0,154.0,83.3,36.0,0.4,74.1,23.4,66.7,1009.8,0.0,8.8,5.5,90.3,E,0.05,3.06,-2.96
776723,2025-08-16,2025,TEX,2025-08-16 15:07:00,15,14,2,16,4,13,9,25,307,83.3,4,61,0.0656,0.16,4.0,5.0,5.0,18.0,154.0,84.9,56.0,0.2222,0.0,8.0,4.0,7.0,153.0,81.7,56.0,0.0,83.5,28.6,49.7,1007.1,0.0,8.1,5.1,172.6,S,8.07,7.94,7.22
776710,2025-08-17,2025,TEX,2025-08-17 13:37:00,13,4,10,14,7,12,6,22,323,83.4,7,61,0.1148,0.3182,3.0,9.0,2.0,7.0,146.0,82.4,52.0,0.4286,4.0,3.0,4.0,15.0,177.0,84.2,60.0,0.2667,76.5,24.7,70.3,1004.7,3.3,17.1,10.6,6.4,N,-16.99,-15.32,-16.62
776596,2025-08-25,2025,MIN,2025-08-25 19:07:00,19,10,4,14,4,13,8,15,295,80.6,5,51,0.098,0.2667,2.0,7.0,5.0,10.0,153.0,85.0,52.0,0.2,2.0,6.0,3.0,5.0,142.0,76.0,51.0,0.4,64.8,18.2,49.3,1002.5,0.0,16.4,10.2,287.3,W,-4.9,-9.97,0.76
776582,2025-08-26,2025,MIN,2025-08-26 19:07:00,19,5,7,12,5,16,7,23,333,82.4,5,56,0.0893,0.2174,2.0,7.0,1.0,14.0,169.0,81.5,69.0,0.1429,3.0,9.0,6.0,9.0,164.0,84.1,40.0,0.3333,62.1,16.7,63.7,1007.4,0.0,12.5,7.7,307.7,NW,-7.62,-10.53,-3.78
776567,2025-08-27,2025,MIN,2025-08-27 19:07:00,19,9,8,17,8,19,6,24,320,82.7,10,56,0.1786,0.3333,4.0,9.0,4.0,12.0,156.0,82.2,48.0,0.3333,4.0,10.0,2.0,12.0,164.0,83.0,63.0,0.3333,65.8,18.8,50.0,1007.9,0.0,12.7,7.9,263.7,W,1.4,-3.01,5.65
776546,2025-08-29,2025,MIL,2025-08-29 19:07:00,19,2,7,9,1,21,7,15,328,83.4,2,45,0.0444,0.0667,0.0,9.0,3.0,4.0,143.0,84.2,46.0,0.0,1.0,12.0,4.0,11.0,185.0,82.6,48.0,0.0909,58.5,14.7,56.0,1008.1,0.0,12.7,7.9,331.7,NW,-11.21,-12.6,-8.46
776527,2025-08-30,2025,MIL,2025-08-30 15:07:00,15,1,4,5,2,17,1,16,257,81.6,3,49,0.0612,0.125,0.0,8.0,0.0,7.0,123.0,80.0,39.0,0.0,2.0,9.0,1.0,9.0,134.0,82.8,49.0,0.2222,70.3,21.3,37.7,1009.4,0.0,12.5,7.7,334.3,NW,-11.24,-12.41,-8.71
776515,2025-08-31,2025,MIL,2025-08-31 13:37:00,13,8,4,12,2,11,3,26,290,84.2,6,66,0.0909,0.0769,0.0,4.0,3.0,13.0,140.0,83.9,62.0,0.0,2.0,7.0,0.0,13.0,150.0,84.6,52.0,0.1538,71.3,21.8,49.3,1015.1,0.0,7.5,4.6,166.3,S,7.26,7.42,6.21
776393,2025-09-09,2025,HOU,2025-09-09 19:07:00,19,4,3,7,2,15,7,19,308,83.5,7,60,0.1167,0.1053,1.0,10.0,4.0,8.0,154.0,80.9,44.0,0.125,1.0,5.0,3.0,11.0,154.0,85.7,50.0,0.0909,64.2,17.9,74.3,1012.9,0.0,9.1,5.6,75.0,E,-2.35,0.78,-5.21
776385,2025-09-10,2025,HOU,2025-09-10 19:07:00,19,2,3,5,2,14,5,14,277,84.6,3,51,0.0588,0.1429,0.0,6.0,1.0,7.0,126.0,85.0,42.0,0.0,2.0,8.0,4.0,7.0,151.0,84.1,45.0,0.2857,67.2,19.5,75.3,1010.0,0.0,3.4,2.1,119.4,SE,1.65,2.56,0.55
776369,2025-09-11,2025,HOU,2025-09-11 15:07:00,15,6,0,6,1,15,3,10,217,84.6,2,46,0.0435,0.1,1.0,6.0,2.0,8.0,117.0,87.8,44.0,0.125,0.0,9.0,1.0,2.0,100.0,81.1,39.0,0.0,73.9,23.3,47.7,1011.7,0.0,8.1,5.1,163.7,S,7.81,8.12,6.55
776353,2025-09-12,2025,BAL,2025-09-12 19:07:00,19,6,1,7,0,17,10,13,283,85.5,3,45,0.0667,0.0,0.0,7.0,5.0,10.0,147.0,84.4,62.0,0.0,0.0,10.0,4.0,3.0,136.0,87.4,32.0,0.0,66.6,19.2,73.7,1011.3,0.0,3.0,1.9,115.1,SE,1.27,2.12,0.27
776343,2025-09-13,2025,BAL,2025-09-13 15:07:00,15,5,4,9,2,13,6,19,273,84.1,6,55,0.1091,0.1053,1.0,5.0,2.0,12.0,124.0,84.4,47.0,0.0833,1.0,8.0,4.0,7.0,149.0,83.7,49.0,0.1429,71.5,22.0,62.0,1007.1,0.0,11.3,7.0,175.3,S,11.26,10.9,10.27
776322,2025-09-14,2025,BAL,2025-09-14 13:37:00,13,11,2,13,3,16,4,21,294,83.4,6,54,0.1111,0.1429,1.0,8.0,2.0,14.0,156.0,82.6,55.0,0.0714,2.0,8.0,2.0,7.0,138.0,84.5,39.0,0.2857,75.1,23.9,60.7,1009.3,0.6,3.9,2.4,140.0,SE,2.96,3.63,1.93
776217,2025-09-23,2025,BOS,2025-09-23 19:07:00,19,1,4,5,0,15,8,12,296,83.8,3,52,0.0577,0.0,0.0,6.0,5.0,3.0,160.0,82.0,55.0,0.0,0.0,9.0,3.0,9.0,136.0,86.2,42.0,0.0,68.1,20.1,88.3,1004.6,0.4,5.1,3.2,341.6,N,-4.84,-5.1,-4.0
776206,2025-09-24,2025,BOS,2025-09-24 19:07:00,19,1,7,8,3,15,4,16,271,82.8,2,53,0.0377,0.1875,1.0,7.0,1.0,4.0,126.0,82.2,49.0,0.25,2.0,8.0,3.0,12.0,145.0,83.4,50.0,0.1667,66.4,19.1,90.0,1004.4,1.4,12.0,7.5,63.6,NE,-5.36,-1.35,-8.72
776186,2025-09-25,2025,BOS,2025-09-25 19:07:00,19,6,1,7,2,13,6,11,267,84.6,3,47,0.0638,0.1818,2.0,5.0,4.0,7.0,140.0,85.1,51.0,0.2857,0.0,8.0,2.0,4.0,127.0,84.0,36.0,0.0,67.2,19.6,87.0,997.3,0.0,7.8,4.9,318.7,NW,-5.88,-7.3,-3.76
776177,2025-09-26,2025,TB,2025-09-26 19:07:00,19,4,2,6,3,15,8,13,297,83.0,3,48,0.0625,0.2308,1.0,7.0,3.0,7.0,128.0,82.5,52.0,0.1429,2.0,8.0,5.0,6.0,169.0,83.5,50.0,0.3333,67.8,19.9,78.3,1001.2,0.0,7.5,4.7,231.9,SW,4.62,2.33,6.36
776159,2025-09-27,2025,TB,2025-09-27 15:07:00,15,5,1,6,2,20,7,14,290,82.4,2,42,0.0476,0.1429,1.0,8.0,3.0,7.0,130.0,81.8,44.0,0.1429,1.0,12.0,4.0,7.0,160.0,83.0,42.0,0.1429,71.8,22.1,77.7,1002.0,0.0,10.4,6.4,177.3,S,10.36,9.9,9.57
776145,2025-09-28,2025,TB,2025-09-28 15:07:00,15,13,4,17,4,26,8,24,348,81.5,4,48,0.0833,0.1667,4.0,12.0,4.0,15.0,179.0,83.2,62.0,0.2667,0.0,14.0,4.0,9.0,169.0,78.9,42.0,0.0,73.0,22.8,46.7,1010.8,0.0,8.3,5.2,340.3,N,-7.82,-8.3,-6.39
