game_pk,game_date,season,away_team,game_start,start_hour,home_runs_scored,away_runs_scored,total_runs,home_runs_hit,strikeouts,walks,hits,total_pitches,avg_exit_velocity,n_barrels,n_bbe,barrel_rate,hr_h_ratio,home_bat_hr,home_bat_k,home_bat_bb,home_bat_h,home_bat_pitches,home_bat_exit_velo,home_bat_bbe,home_bat_hr_h_ratio,away_bat_hr,away_bat_k,away_bat_bb,away_bat_h,away_bat_pitches,away_bat_exit_velo,away_bat_bbe,away_bat_hr_h_ratio,temp_f,temp_c,rhum,pres,prcp,wspd,wspd_mph,wdir,wind_dir_bucket,wind_cf,wind_lcf,wind_rcf
413703,2015-04-10,2015,NYM,2015-04-10 19:35:00,19,5,3,8,3,18,5,17,315,89.1,3,51,0.0588,0.1765,1.0,7.0,2.0,9.0,154.0,90.4,30.0,0.1111,2.0,11.0,2.0,8.0,161.0,87.6,27.0,0.25,65.4,18.6,96.7,979.6,0.3,4.2,2.6,283.2,W,2.47,3.5,1.15
413718,2015-04-11,2015,NYM,2015-04-11 19:10:00,19,5,3,8,1,9,4,12,234,86.7,1,52,0.0192,0.0833,1.0,4.0,0.0,9.0,115.0,85.8,31.0,0.1111,0.0,5.0,4.0,3.0,119.0,87.8,26.0,0.0,66.3,19.0,48.7,981.5,0.0,8.5,5.3,317.7,NW,8.03,8.53,6.55
413733,2015-04-12,2015,NYM,2015-04-12 13:35:00,13,3,4,7,2,16,6,16,233,85.1,2,52,0.0385,0.125,1.0,8.0,0.0,7.0,102.0,85.6,27.0,0.1429,1.0,8.0,5.0,9.0,131.0,84.6,31.0,0.1111,67.8,19.9,76.0,985.6,0.3,16.8,10.4,100.3,E,-9.09,-13.36,-3.72
413747,2015-04-13,2015,MIA,2015-04-13 19:10:00,19,3,2,5,0,16,11,13,295,88.6,3,44,0.0682,0.0,0.0,8.0,7.0,7.0,142.0,86.2,25.0,0.0,0.0,8.0,4.0,6.0,153.0,90.9,27.0,0.0,65.5,18.6,97.7,982.0,1.3,10.4,6.4,93.7,E,-4.57,-7.48,-1.11
413761,2015-04-14,2015,MIA,2015-04-14 19:10:00,19,2,8,10,2,14,8,19,307,83.5,1,58,0.0172,0.1053,2.0,6.0,2.0,8.0,147.0,83.8,33.0,0.25,0.0,8.0,6.0,11.0,160.0,83.2,34.0,0.0,73.3,23.0,69.7,980.2,0.0,9.0,5.6,244.3,SW,-0.5,2.61,-3.54
413775,2015-04-15,2015,MIA,2015-04-15 12:10:00,12,2,6,8,4,12,6,11,273,87.7,2,50,0.04,0.3636,2.0,7.0,2.0,3.0,130.0,85.6,26.0,0.6667,2.0,5.0,4.0,8.0,143.0,89.6,29.0,0.25,65.2,18.5,97.0,981.7,11.1,6.7,4.2,116.7,SE,-5.07,-6.26,-3.27
413943,2015-04-27,2015,WSH,2015-04-27 19:10:00,19,8,4,12,1,13,8,18,308,85.6,4,56,0.0714,0.0556,1.0,7.0,3.0,13.0,158.0,84.5,35.0,0.0769,0.0,6.0,5.0,5.0,150.0,86.7,34.0,0.0,61.2,16.2,51.7,974.5,0.0,11.2,7.0,323.7,NW,10.91,11.17,9.33
413958,2015-04-28,2015,WSH,2015-04-28 19:10:00,19,12,13,25,3,11,11,32,322,88.2,4,75,0.0533,0.0938,0.0,3.0,6.0,17.0,174.0,86.8,42.0,0.0,3.0,8.0,4.0,15.0,148.0,89.7,36.0,0.2,63.9,17.7,64.0,973.8,0.8,4.7,2.9,107.6,E,-3.03,-4.07,-1.61
413973,2015-04-29,2015,WSH,2015-04-29 19:10:00,19,4,13,17,1,21,6,23,312,85.5,4,53,0.0755,0.0435,0.0,10.0,1.0,8.0,120.0,80.9,25.0,0.0,1.0,11.0,5.0,15.0,192.0,88.7,37.0,0.0667,60.0,15.5,70.3,971.7,0.0,4.4,2.7,283.1,W,2.56,3.63,1.18
413976,2015-04-30,2015,CIN,2015-04-30 19:10:00,19,1,5,6,4,14,7,13,268,88.2,4,50,0.08,0.3077,0.0,3.0,3.0,4.0,122.0,83.8,29.0,0.0,4.0,11.0,3.0,9.0,146.0,92.8,27.0,0.4444,62.5,16.9,59.7,972.2,0.0,11.1,6.9,298.5,NW,8.65,10.53,5.74
413985,2015-05-01,2015,CIN,2015-05-01 19:35:00,19,4,3,7,1,13,9,13,275,85.3,4,50,0.08,0.0769,1.0,7.0,5.0,5.0,134.0,85.9,26.0,0.2,0.0,6.0,3.0,8.0,141.0,84.9,31.0,0.0,61.6,16.4,56.3,978.9,0.0,10.5,6.5,330.7,NW,10.43,10.22,9.37
414000,2015-05-02,2015,CIN,2015-05-02 19:10:00,19,4,8,12,4,13,5,19,269,85.2,3,58,0.0517,0.2105,1.0,10.0,3.0,7.0,138.0,87.2,30.0,0.1429,3.0,3.0,2.0,12.0,131.0,83.7,38.0,0.25,67.3,19.6,63.7,980.6,0.0,5.3,3.3,299.7,NW,4.16,5.01,2.81
414015,2015-05-03,2015,CIN,2015-05-03 13:35:00,13,5,0,5,2,13,4,13,254,85.6,5,49,0.102,0.1538,2.0,2.0,1.0,9.0,108.0,88.9,32.0,0.2222,0.0,11.0,3.0,4.0,146.0,81.5,26.0,0.0,74.1,23.4,41.0,984.9,0.0,7.9,4.9,193.7,S,-6.4,-4.42,-7.62
414033,2015-05-04,2015,PHI,2015-05-04 19:10:00,19,2,5,7,0,10,7,22,327,87.4,1,62,0.0161,0.0,0.0,5.0,4.0,8.0,164.0,88.1,34.0,0.0,0.0,5.0,3.0,14.0,163.0,86.9,39.0,0.0,71.4,21.9,61.0,986.7,0.0,5.6,3.5,125.6,SE,-4.79,-5.51,-3.48
414048,2015-05-05,2015,PHI,2015-05-05 19:10:00,19,9,0,9,2,13,6,15,249,87.0,3,51,0.0588,0.1333,2.0,5.0,5.0,12.0,150.0,90.8,29.0,0.1667,0.0,8.0,1.0,3.0,99.0,83.1,28.0,0.0,70.3,21.3,63.0,985.6,0.0,8.9,5.5,117.0,SE,-6.77,-8.34,-4.38
414063,2015-05-06,2015,PHI,2015-05-06 19:10:00,19,7,5,12,2,18,6,24,299,86.2,2,53,0.0377,0.0833,1.0,6.0,2.0,12.0,129.0,87.8,29.0,0.0833,1.0,12.0,4.0,12.0,170.0,85.0,38.0,0.0833,72.4,22.5,66.3,982.4,0.0,3.6,2.2,19.5,N,2.67,1.69,3.34
414240,2015-05-19,2015,TB,2015-05-19 19:10:00,19,3,5,8,1,19,4,12,269,85.9,1,47,0.0213,0.0833,0.0,9.0,3.0,4.0,146.0,85.1,27.0,0.0,1.0,10.0,1.0,8.0,123.0,86.6,30.0,0.125,77.1,25.0,62.7,979.9,0.0,5.4,3.4,309.7,NW,4.81,5.38,3.65
414255,2015-05-20,2015,TB,2015-05-20 19:10:00,19,2,1,3,0,15,6,13,254,85.4,1,48,0.0208,0.0,0.0,5.0,3.0,5.0,122.0,84.6,30.0,0.0,0.0,10.0,2.0,8.0,132.0,86.3,28.0,0.0,78.0,25.6,60.3,976.4,0.0,6.4,4.0,258.3,W,1.21,3.3,-1.02
414263,2015-05-21,2015,MIL,2015-05-21 19:10:00,19,10,1,11,0,14,5,13,260,85.6,1,50,0.02,0.0,0.0,4.0,3.0,11.0,146.0,85.8,38.0,0.0,0.0,10.0,2.0,2.0,114.0,85.2,22.0,0.0,67.6,19.8,60.0,979.9,0.0,19.8,12.3,315.3,NW,18.37,19.82,14.7
414274,2015-05-22,2015,MIL,2015-05-22 19:35:00,19,0,11,11,1,18,10,15,311,87.9,4,49,0.0816,0.0667,0.0,9.0,2.0,3.0,126.0,83.5,26.0,0.0,1.0,9.0,7.0,12.0,185.0,91.3,34.0,0.0833,72.4,22.5,45.3,985.9,0.0,5.5,3.4,304.0,NW,4.61,5.38,3.29
414289,2015-05-23,2015,MIL,2015-05-23 16:10:00,16,3,2,5,0,22,8,21,348,85.3,1,58,0.0172,0.0,0.0,12.0,3.0,11.0,180.0,85.6,33.0,0.0,0.0,10.0,3.0,10.0,168.0,84.9,32.0,0.0,80.2,26.8,31.0,989.6,0.0,12.6,7.8,113.7,SE,-9.09,-11.53,-5.56
414304,2015-05-24,2015,MIL,2015-05-24 13:35:00,13,2,1,3,0,19,8,9,262,82.1,0,38,0.0,0.0,0.0,8.0,5.0,6.0,143.0,82.6,6.0,0.0,0.0,11.0,2.0,3.0,119.0,81.8,8.0,0.0,78.4,25.8,46.3,989.1,0.0,14.4,9.0,137.0,SE,-13.52,-14.43,-10.98
414470,2015-06-05,2015,PIT,2015-06-05 19:35:00,19,8,10,18,2,14,10,27,338,86.5,2,65,0.0308,0.0741,0.0,6.0,5.0,14.0,161.0,87.1,39.0,0.0,2.0,8.0,5.0,13.0,177.0,85.9,36.0,0.1538,75.9,24.4,67.3,978.2,0.0,5.3,3.3,312.0,NW,4.81,5.31,3.74
414485,2015-06-06,2015,PIT,2015-06-06 19:10:00,19,5,4,9,3,11,2,15,237,87.4,1,54,0.0185,0.2,2.0,5.0,2.0,9.0,120.0,85.9,31.0,0.2222,1.0,6.0,0.0,6.0,117.0,89.0,28.0,0.1667,80.5,26.9,59.7,977.5,0.0,3.9,2.4,299.0,NW,3.08,3.73,2.05
414500,2015-06-07,2015,PIT,2015-06-07 13:35:00,13,0,3,3,0,18,6,16,286,86.1,0,50,0.0,0.0,0.0,10.0,4.0,6.0,148.0,84.9,25.0,0.0,0.0,8.0,2.0,10.0,138.0,87.2,30.0,0.0,84.6,29.2,46.7,981.5,0.0,8.8,5.5,158.3,S,-8.8,-8.22,-8.31
414512,2015-06-08,2015,SD,2015-06-08 19:10:00,19,3,5,8,0,19,4,20,357,84.9,1,65,0.0154,0.0,0.0,9.0,2.0,11.0,182.0,83.3,42.0,0.0,0.0,10.0,2.0,9.0,175.0,86.8,36.0,0.0,79.9,26.6,65.7,977.5,0.3,7.5,4.7,218.7,SW,-3.63,-1.15,-5.67
414523,2015-06-09,2015,SD,2015-06-09 19:10:00,19,6,5,11,2,12,5,25,299,85.6,3,65,0.0462,0.08,1.0,7.0,2.0,11.0,136.0,86.6,32.0,0.0909,1.0,5.0,3.0,14.0,163.0,84.8,41.0,0.0714,72.9,22.7,91.7,975.6,1.1,9.4,5.8,216.9,SW,-4.79,-1.73,-7.27
414538,2015-06-10,2015,SD,2015-06-10 19:10:00,19,4,1,5,0,11,5,18,262,86.0,1,53,0.0189,0.0,0.0,5.0,3.0,13.0,146.0,84.8,30.0,0.0,0.0,6.0,2.0,5.0,116.0,87.3,29.0,0.0,76.5,24.7,78.0,976.2,0.7,7.6,4.7,140.3,SE,-7.26,-7.59,-6.06
414548,2015-06-11,2015,SD,2015-06-11 12:10:00,12,4,6,10,1,17,13,14,342,83.7,1,60,0.0167,0.0714,1.0,5.0,5.0,7.0,164.0,83.5,37.0,0.1429,0.0,12.0,7.0,7.0,178.0,83.9,28.0,0.0,82.1,27.8,64.3,980.2,0.3,8.2,5.1,146.7,SE,-8.09,-8.13,-7.07
414630,2015-06-17,2015,BOS,2015-06-17 19:10:00,19,5,2,7,1,14,8,18,293,84.7,1,55,0.0182,0.0556,0.0,6.0,6.0,10.0,164.0,83.4,38.0,0.0,1.0,8.0,2.0,8.0,129.0,86.3,29.0,0.125,85.7,29.8,62.7,981.1,0.6,4.0,2.5,246.6,SW,-0.06,1.32,-1.44
414645,2015-06-18,2015,BOS,2015-06-18 19:10:00,19,2,5,7,0,15,5,15,287,84.5,1,53,0.0189,0.0,0.0,7.0,2.0,6.0,126.0,82.4,30.0,0.0,0.0,8.0,1.0,9.0,161.0,86.5,32.0,0.0,80.0,26.7,81.7,981.5,4.2,4.7,2.9,98.0,E,-2.39,-3.63,-0.86
414666,2015-06-19,2015,NYM,2015-06-19 19:35:00,19,2,1,3,0,8,2,12,228,86.1,0,55,0.0,0.0,0.0,4.0,1.0,6.0,119.0,85.7,30.0,0.0,0.0,4.0,0.0,6.0,109.0,86.5,31.0,0.0,84.4,29.1,61.3,979.7,0.1,7.7,4.8,194.0,S,-6.16,-4.23,-7.35
414681,2015-06-20,2015,NYM,2015-06-20 19:10:00,19,6,4,10,2,15,6,18,290,84.2,2,50,0.04,0.1111,0.0,7.0,3.0,10.0,150.0,80.3,30.0,0.0,2.0,8.0,2.0,8.0,140.0,87.9,31.0,0.25,82.7,28.2,64.7,979.6,0.0,11.3,7.0,233.7,SW,-2.71,1.22,-6.31
414696,2015-06-21,2015,NYM,2015-06-21 17:05:00,17,1,0,1,0,13,5,10,246,85.1,1,46,0.0217,0.0,0.0,7.0,3.0,6.0,143.0,84.9,28.0,0.0,0.0,6.0,2.0,4.0,103.0,85.3,24.0,0.0,87.7,31.0,51.7,980.6,0.6,11.0,6.9,266.3,W,3.56,6.92,-0.22
414819,2015-06-30,2015,WSH,2015-06-30 19:10:00,19,1,6,7,2,22,4,19,302,83.3,1,51,0.0196,0.1053,1.0,7.0,0.0,8.0,139.0,80.6,33.0,0.125,1.0,15.0,3.0,11.0,163.0,86.9,25.0,0.0909,71.1,21.7,94.0,977.5,9.3,10.1,6.3,260.3,W,2.25,5.49,-1.26
414834,2015-07-01,2015,WSH,2015-07-01 19:10:00,19,4,1,5,2,16,8,11,266,85.5,4,44,0.0909,0.1818,2.0,6.0,1.0,7.0,123.0,85.2,32.0,0.2857,0.0,10.0,6.0,4.0,143.0,85.9,22.0,0.0,78.0,25.6,69.0,981.7,0.0,5.3,3.3,273.8,W,2.34,3.81,0.58
414846,2015-07-02,2015,WSH,2015-07-02 19:10:00,19,2,1,3,0,19,0,10,215,85.7,0,40,0.0,0.0,0.0,9.0,0.0,5.0,105.0,82.7,21.0,0.0,0.0,10.0,0.0,5.0,110.0,88.7,21.0,0.0,76.4,24.7,87.0,978.0,0.2,5.2,3.3,235.4,SW,-1.1,0.72,-2.78
414856,2015-07-03,2015,PHI,2015-07-03 19:35:00,19,2,1,3,2,11,5,16,252,89.1,2,53,0.0377,0.125,2.0,6.0,2.0,7.0,118.0,90.3,27.0,0.2857,0.0,5.0,3.0,9.0,134.0,88.1,33.0,0.0,75.7,24.3,79.0,978.6,0.0,10.6,6.6,241.3,SW,-1.14,2.54,-4.69
414871,2015-07-04,2015,PHI,2015-07-04 19:15:00,19,9,5,14,3,12,8,21,297,85.8,2,59,0.0339,0.1429,1.0,5.0,5.0,10.0,167.0,86.0,37.0,0.1,2.0,7.0,3.0,11.0,130.0,85.4,30.0,0.1818,79.0,26.1,68.7,980.2,0.0,6.6,4.1,172.7,S,-6.4,-5.42,-6.61
414886,2015-07-05,2015,PHI,2015-07-05 13:35:00,13,0,4,4,0,22,4,19,314,86.3,0,54,0.0,0.0,0.0,10.0,1.0,7.0,149.0,84.8,28.0,0.0,0.0,12.0,3.0,12.0,165.0,87.8,30.0,0.0,77.1,25.0,73.0,983.6,0.2,11.1,6.9,268.0,W,3.89,7.21,0.1
414991,2015-07-17,2015,CHC,2015-07-17 19:35:00,19,4,2,6,0,14,8,14,289,87.8,1,47,0.0213,0.0,0.0,7.0,4.0,7.0,146.0,89.4,24.0,0.0,0.0,7.0,3.0,7.0,143.0,86.4,27.0,0.0,89.2,31.8,47.3,979.5,0.0,3.1,1.9,30.5,NE,1.89,0.92,2.63
415006,2015-07-18,2015,CHC,2015-07-18 19:10:00,19,0,4,4,0,19,7,10,296,87.2,0,45,0.0,0.0,0.0,9.0,2.0,2.0,138.0,83.0,24.0,0.0,0.0,10.0,5.0,8.0,158.0,90.7,29.0,0.0,85.9,30.0,60.0,980.3,1.6,5.4,3.3,227.0,SW,-1.88,-0.05,-3.49
415021,2015-07-19,2015,CHC,2015-07-19 17:05:00,17,1,4,5,1,23,10,14,308,84.7,3,45,0.0667,0.0714,0.0,12.0,4.0,5.0,151.0,81.4,28.0,0.0,1.0,11.0,5.0,9.0,157.0,87.5,35.0,0.1111,91.5,33.1,46.3,978.9,0.0,9.2,5.7,310.0,NW,8.13,9.09,6.19
415036,2015-07-20,2015,LAD,2015-07-20 19:10:00,19,7,5,12,2,7,4,25,290,89.7,4,66,0.0606,0.08,1.0,5.0,3.0,11.0,151.0,89.9,32.0,0.0909,1.0,2.0,0.0,14.0,139.0,89.5,40.0,0.0714,90.1,32.3,43.7,976.3,0.0,8.2,5.1,306.3,NW,7.01,8.04,5.14
415048,2015-07-21,2015,LAD,2015-07-21 19:10:00,19,4,3,7,2,12,9,15,297,86.4,6,52,0.1154,0.1333,0.0,8.0,5.0,9.0,158.0,85.4,33.0,0.0,2.0,4.0,4.0,6.0,139.0,87.4,29.0,0.3333,88.2,31.2,48.7,975.7,0.1,8.7,5.4,315.3,NW,8.06,8.69,6.45
415063,2015-07-22,2015,LAD,2015-07-22 12:10:00,12,1,3,4,0,21,7,9,264,86.2,0,40,0.0,0.0,0.0,7.0,2.0,3.0,125.0,81.3,25.0,0.0,0.0,14.0,5.0,6.0,139.0,92.3,20.0,0.0,87.4,30.8,52.0,978.7,0.0,4.0,2.5,310.7,NW,3.54,3.94,2.72
415235,2015-08-03,2015,SF,2015-08-03 19:10:00,19,9,8,17,8,8,6,31,352,86.0,4,87,0.046,0.2581,4.0,4.0,1.0,17.0,170.0,84.9,51.0,0.2353,4.0,4.0,4.0,14.0,182.0,87.2,50.0,0.2857,90.3,32.4,32.3,976.6,0.0,3.7,2.3,325.7,NW,3.65,3.7,3.17
415249,2015-08-04,2015,SF,2015-08-04 19:10:00,19,3,8,11,2,17,6,20,315,87.0,2,56,0.0357,0.1,0.0,11.0,1.0,9.0,161.0,86.0,31.0,0.0,2.0,6.0,4.0,11.0,154.0,87.9,35.0,0.1818,92.6,33.7,29.3,978.7,0.0,3.2,2.0,38.7,NE,1.53,0.49,2.38
415264,2015-08-05,2015,SF,2015-08-05 19:10:00,19,1,6,7,0,15,3,19,273,84.9,2,57,0.0351,0.0,0.0,11.0,1.0,7.0,141.0,80.4,25.0,0.0,0.0,4.0,2.0,12.0,132.0,88.3,33.0,0.0,89.4,31.9,37.3,979.1,0.0,9.3,5.8,203.0,SW,-6.5,-3.84,-8.36
415272,2015-08-06,2015,MIA,2015-08-06 19:10:00,19,9,8,17,2,5,6,25,291,88.3,3,70,0.0429,0.08,1.0,1.0,1.0,12.0,127.0,87.4,39.0,0.0833,1.0,4.0,4.0,13.0,164.0,89.3,39.0,0.0769,76.8,24.9,86.3,975.0,4.5,7.6,4.7,187.3,S,-6.62,-4.92,-7.52
415284,2015-08-07,2015,MIA,2015-08-07 19:35:00,19,6,3,9,0,13,4,16,266,87.6,1,54,0.0185,0.0,0.0,8.0,2.0,8.0,131.0,90.2,27.0,0.0,0.0,5.0,2.0,8.0,135.0,85.5,32.0,0.0,81.4,27.5,63.0,974.2,0.0,8.5,5.3,316.0,NW,7.94,8.53,6.39
415299,2015-08-08,2015,MIA,2015-08-08 19:10:00,19,7,2,9,0,9,8,20,280,87.1,0,59,0.0,0.0,0.0,5.0,3.0,14.0,146.0,89.0,39.0,0.0,0.0,4.0,5.0,6.0,134.0,84.9,33.0,0.0,85.2,29.5,58.3,976.9,0.0,4.0,2.5,159.4,S,-3.96,-3.68,-3.77
415314,2015-08-09,2015,MIA,2015-08-09 17:05:00,17,1,4,5,1,12,8,13,294,83.8,0,55,0.0,0.0769,1.0,5.0,3.0,3.0,122.0,85.6,29.0,0.3333,0.0,7.0,5.0,10.0,172.0,82.4,38.0,0.0,90.2,32.3,41.0,978.5,0.0,5.7,3.5,185.0,S,-5.03,-3.83,-5.62
415369,2015-08-14,2015,AZ,2015-08-14 19:35:00,19,3,2,5,0,10,8,13,285,90.1,1,50,0.02,0.0,0.0,0.0,5.0,8.0,140.0,88.6,31.0,0.0,0.0,10.0,2.0,5.0,145.0,92.0,23.0,0.0,81.5,27.5,56.3,982.5,0.0,5.6,3.5,93.0,E,-2.41,-3.99,-0.53
415384,2015-08-15,2015,AZ,2015-08-15 19:10:00,19,4,8,12,2,21,7,18,292,91.1,2,51,0.0392,0.1111,1.0,11.0,3.0,7.0,140.0,93.3,26.0,0.1429,1.0,10.0,4.0,11.0,152.0,89.2,30.0,0.0909,83.2,28.4,43.3,982.6,0.0,4.7,2.9,66.6,NE,0.07,-1.53,1.66
415399,2015-08-16,2015,AZ,2015-08-16 13:35:00,13,2,1,3,1,17,9,12,286,87.8,3,48,0.0625,0.0833,1.0,4.0,5.0,9.0,138.0,88.2,35.0,0.1111,0.0,13.0,4.0,3.0,148.0,87.3,23.0,0.0,86.4,30.2,42.0,984.8,0.0,9.1,5.6,115.7,SE,-6.76,-8.42,-4.28
415511,2015-08-24,2015,COL,2015-08-24 19:10:00,19,5,3,8,4,10,6,16,251,89.1,5,55,0.0909,0.25,2.0,4.0,5.0,10.0,127.0,91.0,30.0,0.2,2.0,6.0,1.0,6.0,124.0,87.3,30.0,0.3333,81.1,27.3,66.0,976.9,0.0,8.6,5.3,324.0,NW,8.36,8.54,7.17
415521,2015-08-25,2015,COL,2015-08-25 19:10:00,19,1,5,6,0,14,10,13,305,86.7,1,54,0.0185,0.0,0.0,8.0,6.0,7.0,158.0,86.1,26.0,0.0,0.0,6.0,3.0,6.0,147.0,87.2,32.0,0.0,75.1,23.9,45.7,977.5,0.0,12.7,7.9,324.0,NW,12.38,12.65,10.62
415536,2015-08-26,2015,COL,2015-08-26 19:10:00,19,3,6,9,3,18,12,21,328,87.6,3,54,0.0556,0.1429,2.0,10.0,6.0,10.0,182.0,88.6,25.0,0.2,1.0,8.0,2.0,11.0,146.0,86.8,29.0,0.0909,77.1,25.1,56.7,978.1,0.0,11.4,7.1,319.7,NW,10.88,11.43,9.03
415568,2015-08-28,2015,NYY,2015-08-28 19:35:00,19,4,15,19,4,15,11,23,346,89.0,7,60,0.1167,0.1739,1.0,9.0,3.0,7.0,147.0,90.0,30.0,0.1429,3.0,6.0,7.0,16.0,199.0,88.4,40.0,0.1875,78.1,25.6,59.7,982.6,0.0,9.6,6.0,107.7,E,-6.22,-8.36,-3.32
415583,2015-08-29,2015,NYY,2015-08-29 19:10:00,19,1,3,4,0,16,11,14,292,84.7,4,50,0.08,0.0,0.0,9.0,4.0,8.0,131.0,80.3,27.0,0.0,0.0,7.0,6.0,6.0,161.0,88.9,28.0,0.0,75.4,24.1,75.3,983.2,0.2,4.3,2.7,99.0,E,-2.23,-3.34,-0.85
415598,2015-08-30,2015,NYY,2015-08-30 13:35:00,13,6,20,26,4,17,15,33,377,87.8,4,69,0.058,0.1212,1.0,10.0,6.0,12.0,175.0,88.9,38.0,0.0833,3.0,7.0,9.0,21.0,202.0,86.9,43.0,0.1429,71.1,21.7,79.3,983.6,0.6,15.9,9.9,79.3,E,-3.26,-8.39,2.26
415607,2015-08-31,2015,MIA,2015-08-31 19:10:00,19,0,4,4,1,12,6,13,292,85.6,3,51,0.0588,0.0769,0.0,6.0,5.0,3.0,148.0,84.4,23.0,0.0,1.0,6.0,1.0,10.0,144.0,86.3,37.0,0.1,76.9,24.9,70.7,981.8,0.0,4.5,2.8,261.8,W,1.11,2.53,-0.45
415621,2015-09-01,2015,MIA,2015-09-01 19:10:00,19,1,7,8,1,12,6,19,278,88.3,2,59,0.0339,0.0526,0.0,3.0,3.0,8.0,121.0,86.7,32.0,0.0,1.0,9.0,3.0,11.0,157.0,90.0,32.0,0.0909,80.9,27.2,62.7,981.9,0.0,3.1,1.9,158.4,S,-3.1,-2.9,-2.93
415636,2015-09-02,2015,MIA,2015-09-02 12:10:00,12,3,7,10,1,11,6,19,291,87.1,1,58,0.0172,0.0526,0.0,7.0,5.0,5.0,148.0,81.3,33.0,0.0,1.0,4.0,1.0,14.0,143.0,91.4,44.0,0.0714,84.3,29.1,53.7,982.8,0.0,2.4,1.5,17.8,N,1.81,1.17,2.22
415744,2015-09-10,2015,NYM,2015-09-10 19:10:00,19,2,7,9,0,9,8,18,305,90.5,0,60,0.0,0.0,0.0,3.0,2.0,8.0,131.0,89.3,35.0,0.0,0.0,6.0,5.0,10.0,174.0,91.8,33.0,0.0,72.8,22.7,93.0,975.0,2.4,7.9,4.9,203.3,SW,-5.53,-3.25,-7.14
415757,2015-09-11,2015,NYM,2015-09-11 19:35:00,19,1,5,6,2,16,6,20,296,90.9,3,57,0.0526,0.1,1.0,9.0,2.0,9.0,140.0,89.6,28.0,0.1111,1.0,7.0,2.0,11.0,156.0,91.9,36.0,0.0909,78.1,25.6,59.3,974.6,0.0,7.8,4.8,227.3,SW,-2.68,-0.03,-5.01
415772,2015-09-12,2015,NYM,2015-09-12 19:10:00,19,4,6,10,2,13,7,15,271,87.9,2,52,0.0385,0.1333,1.0,10.0,2.0,4.0,131.0,85.9,27.0,0.25,1.0,3.0,5.0,11.0,140.0,89.6,34.0,0.0909,70.9,21.6,51.3,974.1,0.0,14.2,8.8,314.0,NW,12.99,14.14,10.28
415787,2015-09-13,2015,NYM,2015-09-13 13:35:00,13,7,10,17,2,12,10,22,334,86.0,3,69,0.0435,0.0909,0.0,5.0,2.0,13.0,150.0,82.8,42.0,0.0,2.0,7.0,8.0,9.0,184.0,90.0,33.0,0.2222,70.4,21.3,40.3,980.7,0.0,16.5,10.2,340.0,N,16.45,15.21,15.7
415818,2015-09-15,2015,TOR,2015-09-15 19:10:00,19,3,2,5,1,15,7,15,278,87.4,1,49,0.0204,0.0667,0.0,5.0,2.0,10.0,122.0,87.0,36.0,0.0,1.0,10.0,5.0,5.0,156.0,87.9,27.0,0.2,72.7,22.6,48.0,988.4,0.0,7.0,4.3,81.3,E,-1.67,-3.9,0.75
415833,2015-09-16,2015,TOR,2015-09-16 19:10:00,19,1,9,10,1,16,10,19,312,88.8,1,55,0.0182,0.0526,0.0,12.0,4.0,7.0,137.0,87.7,24.0,0.0,1.0,4.0,6.0,12.0,175.0,89.5,39.0,0.0833,73.6,23.1,49.7,986.7,0.0,7.1,4.4,90.7,E,-2.79,-4.86,-0.39
415843,2015-09-17,2015,TOR,2015-09-17 19:10:00,19,0,5,5,3,8,6,13,260,88.4,5,56,0.0893,0.2308,0.0,4.0,2.0,3.0,108.0,86.8,30.0,0.0,3.0,4.0,4.0,10.0,152.0,89.7,38.0,0.3,75.7,24.3,61.7,980.7,0.0,4.2,2.6,63.0,NE,0.33,-1.11,1.73
415854,2015-09-18,2015,PHI,2015-09-18 19:35:00,19,2,1,3,1,16,5,14,266,88.2,4,48,0.0833,0.0714,0.0,5.0,0.0,7.0,90.0,86.6,25.0,0.0,1.0,11.0,5.0,7.0,176.0,89.5,30.0,0.1429,77.5,25.3,52.3,977.4,0.0,5.3,3.3,98.7,E,-2.76,-4.15,-1.03
415869,2015-09-19,2015,PHI,2015-09-19 19:10:00,19,2,1,3,0,13,5,10,247,90.0,2,45,0.0444,0.0,0.0,5.0,3.0,7.0,118.0,89.5,28.0,0.0,0.0,8.0,2.0,3.0,129.0,90.5,23.0,0.0,79.2,26.2,52.7,976.9,0.0,6.2,3.8,18.6,N,4.64,2.98,5.75
415884,2015-09-20,2015,PHI,2015-09-20 13:35:00,13,2,1,3,0,14,6,14,240,87.5,0,48,0.0,0.0,0.0,6.0,4.0,8.0,128.0,87.9,24.0,0.0,0.0,8.0,1.0,6.0,112.0,87.1,24.0,0.0,86.3,30.2,42.0,978.9,0.0,5.1,3.2,308.0,NW,4.44,5.03,3.31
416007,2015-09-29,2015,WSH,2015-09-29 19:10:00,19,2,1,3,3,12,4,12,244,87.4,4,46,0.087,0.25,2.0,7.0,1.0,5.0,119.0,85.1,28.0,0.4,1.0,5.0,3.0,7.0,125.0,90.0,25.0,0.1429,71.1,21.7,97.7,973.4,0.0,3.7,2.3,309.3,NW,3.26,3.66,2.47
416022,2015-09-30,2015,WSH,2015-09-30 19:10:00,19,2,0,2,0,6,4,12,222,85.4,2,55,0.0364,0.0,0.0,1.0,1.0,6.0,99.0,82.6,29.0,0.0,0.0,5.0,2.0,6.0,123.0,88.1,30.0,0.0,70.6,21.4,89.3,972.5,0.0,9.3,5.8,316.7,NW,8.66,9.27,7.01
416034,2015-10-01,2015,WSH,2015-10-01 19:10:00,19,0,3,3,1,21,3,13,276,89.5,1,45,0.0222,0.0769,0.0,9.0,2.0,7.0,144.0,87.7,27.0,0.0,1.0,12.0,1.0,6.0,132.0,91.2,27.0,0.1667,65.2,18.4,98.7,973.0,5.4,9.0,5.6,350.7,N,8.76,7.53,8.94
416047,2015-10-02,2015,STL,2015-10-02 19:35:00,19,4,0,4,1,17,8,14,302,82.7,1,48,0.0208,0.0714,1.0,8.0,4.0,9.0,150.0,82.8,33.0,0.1111,0.0,9.0,4.0,5.0,152.0,82.4,21.0,0.0,61.7,16.5,83.3,971.3,0.9,7.5,4.6,45.3,NE,2.82,0.28,5.01
416062,2015-10-04,2015,STL,2015-10-03 19:10:00,19,2,0,2,0,11,1,15,237,86.8,3,50,0.06,0.0,0.0,7.0,0.0,11.0,130.0,87.7,22.0,0.0,0.0,4.0,1.0,4.0,107.0,86.0,24.0,0.0,59.8,15.4,96.3,968.4,3.8,9.1,5.6,358.0,N,8.49,6.89,9.07
416077,2015-10-04,2015,STL,2015-10-04 13:00:00,13,6,0,6,3,19,5,11,240,88.7,2,42,0.0476,0.2727,3.0,11.0,1.0,8.0,112.0,87.7,24.0,0.375,0.0,8.0,4.0,3.0,128.0,89.7,22.0,0.0,66.1,18.9,86.3,972.8,0.2,17.0,10.6,50.0,NE,5.12,-0.74,10.37
446879,2016-04-04,2016,WSH,2016-04-04 16:10:00,16,3,4,7,4,22,10,12,324,81.1,2,48,0.0417,0.3333,2.0,11.0,5.0,4.0,155.0,77.2,28.0,0.5,2.0,11.0,5.0,8.0,169.0,84.9,29.0,0.25,71.4,21.9,39.7,979.8,0.0,14.4,8.9,273.0,W,6.18,10.25,1.38
446902,2016-04-06,2016,WSH,2016-04-06 19:10:00,19,1,3,4,0,14,5,16,258,87.3,0,51,0.0,0.0,0.0,8.0,3.0,8.0,126.0,84.2,35.0,0.0,0.0,6.0,1.0,8.0,132.0,90.2,38.0,0.0,60.1,15.6,64.7,975.3,0.3,19.0,11.8,142.3,SE,-18.34,-18.93,-15.53
446924,2016-04-08,2016,STL,2016-04-08 19:35:00,19,4,7,11,4,18,7,16,274,83.6,4,51,0.0784,0.25,0.0,9.0,3.0,5.0,144.0,80.7,35.0,0.0,4.0,9.0,2.0,11.0,130.0,86.2,39.0,0.3636,54.3,12.4,41.3,976.8,0.0,14.2,8.8,282.3,W,8.11,11.61,3.63
446939,2016-04-09,2016,STL,2016-04-09 19:10:00,19,2,12,14,0,16,12,18,349,83.8,1,60,0.0167,0.0,0.0,7.0,3.0,4.0,137.0,83.1,37.0,0.0,0.0,9.0,8.0,14.0,212.0,84.3,54.0,0.0,50.7,10.4,38.0,983.4,0.0,10.0,6.2,318.0,NW,9.43,10.0,7.72
446954,2016-04-10,2016,STL,2016-04-10 13:35:00,13,7,12,19,3,23,18,21,380,86.4,7,52,0.1346,0.1429,1.0,13.0,7.0,11.0,187.0,89.1,34.0,0.0909,2.0,10.0,8.0,10.0,193.0,84.2,40.0,0.2,56.0,13.3,42.3,989.3,0.0,15.0,9.3,124.3,SE,-12.58,-14.64,-9.01
447065,2016-04-19,2016,LAD,2016-04-19 19:10:00,19,8,1,9,0,11,7,15,277,84.8,3,55,0.0545,0.0,0.0,4.0,3.0,10.0,138.0,83.0,42.0,0.0,0.0,7.0,4.0,5.0,139.0,87.2,31.0,0.0,71.5,22.0,52.7,982.5,0.0,7.3,4.5,257.2,W,1.22,3.6,-1.3
447080,2016-04-20,2016,LAD,2016-04-20 19:10:00,19,3,5,8,1,16,8,17,331,86.1,3,60,0.05,0.0588,0.0,7.0,2.0,7.0,169.0,85.3,46.0,0.0,1.0,9.0,4.0,10.0,162.0,87.0,39.0,0.1,71.8,22.1,40.0,980.9,0.0,11.1,6.9,139.7,SE,-10.6,-11.13,-8.79
447094,2016-04-21,2016,LAD,2016-04-21 12:10:00,12,1,2,3,0,21,6,20,313,83.1,0,57,0.0,0.0,0.0,11.0,1.0,11.0,138.0,83.7,36.0,0.0,0.0,10.0,4.0,9.0,175.0,82.7,48.0,0.0,72.7,22.6,49.3,981.8,0.1,15.2,9.5,168.0,S,-14.98,-13.12,-15.03
447110,2016-04-22,2016,NYM,2016-04-22 19:35:00,19,3,6,9,2,16,5,20,319,86.8,6,57,0.1053,0.1,0.0,12.0,2.0,10.0,167.0,85.1,44.0,0.0,2.0,4.0,3.0,10.0,152.0,88.5,43.0,0.2,64.2,17.9,89.3,976.0,3.2,4.5,2.8,113.0,SE,-3.21,-4.09,-1.94
447125,2016-04-23,2016,NYM,2016-04-23 19:10:00,19,2,8,10,2,21,3,25,304,85.6,1,58,0.0172,0.08,0.0,10.0,0.0,10.0,138.0,83.2,42.0,0.0,2.0,11.0,2.0,15.0,166.0,88.2,38.0,0.1333,67.9,19.9,51.3,977.8,0.0,11.2,7.0,327.7,NW,11.07,11.06,9.74
447140,2016-04-24,2016,NYM,2016-04-24 13:35:00,13,2,3,5,0,12,4,19,281,80.7,0,57,0.0,0.0,0.0,5.0,0.0,12.0,132.0,80.2,47.0,0.0,0.0,7.0,3.0,7.0,149.0,81.2,47.0,0.0,75.3,24.1,46.0,981.4,0.0,7.0,4.4,143.3,SE,-6.82,-7.0,-5.82
447149,2016-04-25,2016,BOS,2016-04-25 19:10:00,19,0,1,1,1,21,6,10,273,82.9,2,42,0.0476,0.1,0.0,10.0,3.0,4.0,134.0,80.8,33.0,0.0,1.0,11.0,3.0,6.0,139.0,84.7,39.0,0.1667,72.0,22.2,54.3,977.6,0.0,8.0,5.0,174.7,S,-7.61,-6.35,-7.96
447162,2016-04-26,2016,BOS,2016-04-26 19:10:00,19,4,11,15,1,19,6,21,283,84.3,1,56,0.0179,0.0476,0.0,14.0,3.0,8.0,130.0,86.4,28.0,0.0,1.0,5.0,2.0,13.0,153.0,83.2,50.0,0.0769,74.8,23.8,53.3,975.0,0.0,9.4,5.8,202.7,SW,-6.63,-3.95,-8.51
447295,2016-05-06,2016,AZ,2016-05-06 19:35:00,19,2,7,9,1,15,6,20,307,85.3,2,55,0.0364,0.05,0.0,11.0,1.0,10.0,133.0,85.0,35.0,0.0,1.0,4.0,3.0,10.0,174.0,85.6,42.0,0.1,63.4,17.5,41.3,975.9,0.0,13.1,8.2,322.0,NW,12.66,13.09,10.69
447310,2016-05-07,2016,AZ,2016-05-07 19:10:00,19,2,4,6,1,11,9,14,303,84.0,2,55,0.0364,0.0714,1.0,2.0,3.0,4.0,117.0,82.0,40.0,0.25,0.0,9.0,6.0,10.0,186.0,86.0,41.0,0.0,73.5,23.0,44.3,976.4,0.0,13.3,8.2,260.0,W,2.86,7.12,-1.74
447325,2016-05-08,2016,AZ,2016-05-08 13:35:00,13,3,5,8,2,24,6,20,368,86.0,4,60,0.0667,0.1,0.0,8.0,4.0,11.0,182.0,86.7,50.0,0.0,2.0,16.0,1.0,9.0,186.0,85.2,44.0,0.2222,83.2,28.4,28.7,979.8,0.0,14.5,9.0,282.7,W,8.33,11.87,3.79
447362,2016-05-10,2016,PHI,2016-05-10 19:10:00,19,2,3,5,2,7,4,15,251,85.8,3,61,0.0492,0.1333,1.0,4.0,2.0,6.0,129.0,83.7,40.0,0.1667,1.0,3.0,2.0,9.0,122.0,88.0,39.0,0.1111,76.0,24.4,57.0,982.4,0.1,8.7,5.4,185.7,S,-7.67,-5.8,-8.61
447377,2016-05-11,2016,PHI,2016-05-11 19:10:00,19,5,1,6,2,10,2,14,238,85.7,2,54,0.037,0.1429,1.0,5.0,2.0,10.0,131.0,87.4,41.0,0.1,1.0,5.0,0.0,4.0,107.0,83.8,37.0,0.25,79.0,26.1,59.3,982.4,0.1,5.8,3.6,218.3,SW,-2.84,-0.93,-4.41
447387,2016-05-12,2016,PHI,2016-05-12 19:10:00,19,4,7,11,1,18,5,18,291,84.8,0,55,0.0,0.0556,0.0,7.0,2.0,8.0,123.0,82.7,34.0,0.0,1.0,11.0,3.0,10.0,168.0,86.5,41.0,0.1,74.9,23.8,70.3,980.4,0.0,1.5,0.9,183.0,S,-1.32,-1.03,-1.46
447548,2016-05-24,2016,MIL,2016-05-24 19:10:00,19,1,2,3,1,24,6,9,291,82.8,2,37,0.0541,0.1111,0.0,9.0,4.0,5.0,146.0,82.3,34.0,0.0,1.0,15.0,2.0,4.0,145.0,83.3,30.0,0.25,77.2,25.1,48.0,983.1,0.0,3.8,2.4,244.3,SW,-0.21,1.11,-1.51
447564,2016-05-25,2016,MIL,2016-05-25 19:10:00,19,2,3,5,1,27,14,20,448,82.2,2,66,0.0303,0.05,1.0,12.0,5.0,9.0,200.0,81.8,41.0,0.1111,0.0,15.0,7.0,11.0,248.0,82.6,50.0,0.0,78.9,26.1,50.3,984.6,0.0,8.4,5.2,168.0,S,-8.26,-7.24,-8.28
447576,2016-05-26,2016,MIL,2016-05-26 19:10:00,19,2,6,8,3,20,8,18,303,85.2,6,50,0.12,0.1667,1.0,8.0,4.0,8.0,159.0,86.1,41.0,0.125,2.0,12.0,2.0,10.0,144.0,84.1,35.0,0.2,80.2,26.8,55.3,981.7,0.0,4.1,2.6,140.2,SE,-3.95,-4.13,-3.29
447586,2016-05-27,2016,MIA,2016-05-27 19:35:00,19,4,2,6,0,10,5,22,299,86.5,3,60,0.05,0.0,0.0,6.0,2.0,14.0,169.0,84.5,43.0,0.0,0.0,4.0,2.0,8.0,130.0,88.6,40.0,0.0,79.2,26.2,48.3,980.4,0.0,9.6,6.0,111.3,E,-6.65,-8.62,-3.88
447601,2016-05-28,2016,MIA,2016-05-28 16:10:00,16,7,2,9,1,15,8,13,323,85.4,5,51,0.098,0.0769,1.0,7.0,4.0,6.0,168.0,85.3,44.0,0.1667,0.0,8.0,4.0,7.0,155.0,85.5,43.0,0.0,84.0,28.9,34.0,982.7,0.0,7.9,4.9,99.3,E,-4.17,-6.21,-1.62
447616,2016-05-29,2016,MIA,2016-05-29 17:05:00,17,3,7,10,2,12,9,13,312,84.2,3,55,0.0545,0.1538,0.0,6.0,5.0,3.0,131.0,81.2,33.0,0.0,2.0,6.0,3.0,10.0,181.0,86.3,48.0,0.2,85.2,29.6,40.3,980.8,0.0,7.4,4.6,322.8,NW,7.19,7.4,6.11
447634,2016-05-30,2016,SF,2016-05-30 13:10:00,13,5,3,8,1,15,4,12,261,81.2,0,49,0.0,0.0833,0.0,8.0,1.0,6.0,123.0,82.7,38.0,0.0,1.0,7.0,2.0,6.0,138.0,79.8,39.0,0.1667,87.8,31.0,34.7,979.5,0.0,8.9,5.5,328.3,NW,8.79,8.74,7.77
447649,2016-05-31,2016,SF,2016-05-31 19:10:00,19,0,4,4,0,8,4,6,210,84.9,1,49,0.0204,0.0,0.0,4.0,1.0,1.0,100.0,82.8,28.0,0.0,0.0,4.0,2.0,5.0,110.0,86.8,30.0,0.0,81.3,27.4,53.0,976.3,0.0,7.6,4.7,92.6,E,-3.24,-5.41,-0.68
447663,2016-06-01,2016,SF,2016-06-01 19:10:00,19,5,4,9,2,18,8,15,340,83.4,2,58,0.0345,0.1333,1.0,10.0,2.0,7.0,142.0,81.7,37.0,0.1429,1.0,8.0,4.0,8.0,198.0,84.7,46.0,0.125,78.0,25.5,70.0,979.4,0.2,7.3,4.6,115.4,SE,-5.44,-6.79,-3.43
447676,2016-06-02,2016,SF,2016-06-02 12:10:00,12,0,6,6,3,17,8,12,280,83.5,4,49,0.0816,0.25,0.0,12.0,3.0,4.0,134.0,82.3,32.0,0.0,3.0,5.0,5.0,8.0,146.0,84.5,41.0,0.375,87.4,30.8,45.3,982.4,0.0,4.5,2.8,166.7,S,-4.41,-3.9,-4.39
447774,2016-06-10,2016,CHC,2016-06-10 19:35:00,19,5,1,6,2,14,3,16,255,85.7,2,52,0.0385,0.125,2.0,5.0,3.0,12.0,125.0,87.0,36.0,0.1667,0.0,9.0,0.0,4.0,130.0,84.1,31.0,0.0,87.4,30.8,35.7,981.5,0.0,6.3,3.9,106.3,E,-3.95,-5.39,-2.03
447789,2016-06-11,2016,CHC,2016-06-11 16:10:00,16,2,8,10,4,14,3,18,283,84.4,5,60,0.0833,0.2222,0.0,4.0,2.0,5.0,129.0,85.4,38.0,0.0,4.0,10.0,0.0,13.0,154.0,83.6,47.0,0.3077,93.7,34.3,31.0,982.9,0.0,6.2,3.8,271.6,W,2.51,4.29,0.44
447804,2016-06-12,2016,CHC,2016-06-12 13:35:00,13,2,13,15,1,18,9,23,340,83.8,3,59,0.0508,0.0435,0.0,8.0,1.0,7.0,146.0,83.1,38.0,0.0,1.0,10.0,7.0,16.0,194.0,84.4,43.0,0.0625,91.4,33.0,43.0,982.7,0.0,9.9,6.2,302.0,NW,8.09,9.57,5.63
447818,2016-06-13,2016,CIN,2016-06-13 19:10:00,19,8,9,17,3,9,12,19,338,86.3,6,63,0.0952,0.1579,2.0,3.0,4.0,10.0,151.0,87.5,43.0,0.2,1.0,6.0,6.0,9.0,187.0,85.3,49.0,0.1111,89.8,32.1,40.7,976.0,0.0,3.6,2.2,340.7,N,3.56,3.28,3.41
447829,2016-06-14,2016,CIN,2016-06-14 19:10:00,19,1,3,4,1,16,8,8,286,82.3,2,46,0.0435,0.125,0.0,6.0,5.0,5.0,139.0,81.4,32.0,0.0,1.0,10.0,3.0,3.0,147.0,83.1,36.0,0.3333,84.9,29.4,59.7,977.2,0.2,4.2,2.6,120.7,SE,-3.36,-4.02,-2.3
447844,2016-06-15,2016,CIN,2016-06-15 19:10:00,19,9,8,17,1,31,14,30,498,83.0,2,74,0.027,0.0333,1.0,15.0,6.0,19.0,257.0,84.8,63.0,0.0526,0.0,16.0,5.0,11.0,241.0,81.1,60.0,0.0,80.9,27.2,75.3,976.4,0.0,7.6,4.7,258.6,W,1.46,3.91,-1.17
447858,2016-06-16,2016,CIN,2016-06-16 12:10:00,12,7,2,9,2,14,7,17,296,82.8,2,54,0.037,0.1176,1.0,6.0,2.0,9.0,140.0,85.2,40.0,0.1111,1.0,8.0,4.0,8.0,156.0,80.8,47.0,0.125,83.1,28.4,69.3,977.2,0.2,14.2,8.8,303.3,NW,11.78,13.8,8.33
447954,2016-06-23,2016,NYM,2016-06-23 19:10:00,19,4,3,7,1,6,6,19,264,86.3,3,61,0.0492,0.0526,1.0,4.0,1.0,12.0,126.0,89.0,38.0,0.0833,0.0,2.0,5.0,7.0,138.0,83.7,41.0,0.0,88.3,31.3,45.0,979.5,0.0,10.4,6.5,240.7,SW,-1.24,2.38,-4.71
447967,2016-06-24,2016,NYM,2016-06-24 19:35:00,19,6,8,14,2,10,6,19,259,84.0,3,58,0.0517,0.1053,1.0,4.0,0.0,11.0,129.0,83.5,43.0,0.0909,1.0,6.0,5.0,8.0,130.0,84.8,30.0,0.125,89.3,31.8,44.7,980.3,0.0,6.6,4.1,321.0,NW,6.3,6.55,5.28
447982,2016-06-25,2016,NYM,2016-06-25 19:15:00,19,0,1,1,1,16,3,17,283,85.0,1,60,0.0167,0.0588,0.0,8.0,1.0,9.0,131.0,86.8,36.0,0.0,1.0,8.0,1.0,8.0,152.0,83.6,46.0,0.125,92.4,33.5,33.7,981.5,0.0,6.3,3.9,21.0,N,4.57,2.81,5.78
447997,2016-06-26,2016,NYM,2016-06-26 13:35:00,13,5,2,7,2,13,2,17,238,85.7,2,55,0.0364,0.1176,2.0,2.0,2.0,10.0,114.0,87.9,41.0,0.2,0.0,11.0,0.0,7.0,124.0,83.2,36.0,0.0,89.5,31.9,51.0,985.4,0.0,8.9,5.5,111.0,E,-6.13,-7.96,-3.55
448007,2016-06-27,2016,CLE,2016-06-27 19:10:00,19,3,8,11,3,15,5,22,298,86.2,3,58,0.0517,0.1364,1.0,9.0,4.0,8.0,156.0,86.3,40.0,0.125,2.0,6.0,1.0,14.0,142.0,86.1,41.0,0.1429,83.6,28.7,65.0,979.9,0.0,8.2,5.1,310.0,NW,7.28,8.13,5.54
448019,2016-06-28,2016,CLE,2016-06-28 19:10:00,19,3,5,8,1,19,6,14,250,87.8,2,46,0.0435,0.0714,1.0,8.0,1.0,5.0,104.0,89.7,27.0,0.2,0.0,11.0,5.0,9.0,146.0,86.1,32.0,0.0,82.6,28.1,62.7,978.8,0.0,6.6,4.1,126.6,SE,-5.66,-6.48,-4.16
448034,2016-06-29,2016,CLE,2016-06-29 19:10:00,19,0,3,3,1,12,3,15,267,86.0,1,55,0.0182,0.0667,0.0,10.0,2.0,7.0,139.0,83.3,37.0,0.0,1.0,2.0,1.0,8.0,128.0,88.4,41.0,0.125,87.2,30.7,38.3,977.2,0.0,7.9,4.9,337.7,N,7.93,7.45,7.46
448053,2016-06-30,2016,MIA,2016-06-30 19:10:00,19,8,5,13,1,13,11,21,353,84.4,5,60,0.0833,0.0476,0.0,5.0,2.0,14.0,149.0,84.3,45.0,0.0,1.0,8.0,7.0,7.0,204.0,84.6,49.0,0.1429,87.8,31.0,42.7,978.5,0.0,12.5,7.8,170.3,S,-12.22,-10.53,-12.44
448066,2016-07-01,2016,MIA,2016-07-01 19:35:00,19,5,7,12,4,19,6,28,357,86.0,5,79,0.0633,0.1429,2.0,9.0,2.0,11.0,171.0,90.2,44.0,0.1818,2.0,10.0,2.0,17.0,186.0,82.6,55.0,0.1176,89.9,32.2,29.7,979.0,0.0,10.0,6.2,325.0,NW,9.76,9.91,8.43
448081,2016-07-02,2016,MIA,2016-07-02 16:10:00,16,9,1,10,2,18,3,16,255,85.3,0,50,0.0,0.125,2.0,9.0,0.0,9.0,116.0,85.3,32.0,0.2222,0.0,9.0,2.0,7.0,139.0,85.4,28.0,0.0,95.3,35.2,27.0,979.9,0.0,8.0,5.0,268.7,W,2.88,5.24,0.16
448096,2016-07-03,2016,MIA,2016-07-03 20:05:00,20,2,5,7,1,13,5,18,284,,0,58,0.0,0.0556,0.0,6.0,2.0,5.0,134.0,,0.0,0.0,1.0,7.0,3.0,13.0,150.0,,0.0,0.0769,88.3,31.3,41.3,981.0,0.0,5.4,3.4,328.1,NW,5.33,5.31,4.71
448207,2016-07-15,2016,COL,2016-07-15 19:35:00,19,2,11,13,1,15,10,19,333,84.5,0,56,0.0,0.0526,0.0,5.0,4.0,9.0,138.0,82.5,37.0,0.0,1.0,10.0,6.0,10.0,195.0,86.5,38.0,0.1,85.4,29.7,51.7,979.6,0.1,3.4,2.1,222.0,SW,-1.48,-0.33,-2.45
448222,2016-07-16,2016,COL,2016-07-16 19:10:00,19,3,4,7,1,15,7,15,304,80.5,2,52,0.0385,0.0667,1.0,9.0,4.0,7.0,152.0,80.4,32.0,0.1429,0.0,6.0,3.0,8.0,152.0,80.6,44.0,0.0,85.6,29.8,55.7,983.1,0.8,4.2,2.6,17.9,N,3.2,2.08,3.94
448237,2016-07-17,2016,COL,2016-07-17 13:35:00,13,1,0,1,0,14,9,11,286,83.8,0,47,0.0,0.0,0.0,9.0,4.0,7.0,154.0,84.0,36.0,0.0,0.0,5.0,3.0,4.0,132.0,83.5,31.0,0.0,90.0,32.2,49.0,986.6,0.0,5.2,3.2,155.7,SE,-5.2,-4.94,-4.83
448390,2016-07-28,2016,PHI,2016-07-28 19:10:00,19,5,7,12,3,15,10,23,319,84.5,3,60,0.05,0.1304,0.0,8.0,7.0,13.0,171.0,83.2,42.0,0.0,3.0,7.0,3.0,10.0,148.0,85.9,40.0,0.3,82.9,28.3,61.3,978.8,0.4,15.4,9.6,259.0,W,3.08,8.06,-2.28
448403,2016-07-29,2016,PHI,2016-07-29 19:35:00,19,2,1,3,0,12,8,14,249,86.4,3,51,0.0588,0.0,0.0,6.0,2.0,9.0,117.0,85.5,39.0,0.0,0.0,6.0,5.0,5.0,132.0,87.5,30.0,0.0,80.4,26.9,72.7,978.9,0.0,2.2,1.4,262.7,W,0.58,1.29,-0.19
448418,2016-07-30,2016,PHI,2016-07-30 19:10:00,19,5,9,14,0,13,9,23,334,85.7,4,64,0.0625,0.0,0.0,7.0,1.0,14.0,151.0,84.1,46.0,0.0,0.0,6.0,7.0,9.0,183.0,87.4,40.0,0.0,80.9,27.2,77.7,979.6,0.0,5.3,3.3,243.8,SW,-0.34,1.49,-2.13
448433,2016-07-31,2016,PHI,2016-07-31 13:35:00,13,2,1,3,2,4,8,11,245,82.6,2,53,0.0377,0.1818,1.0,1.0,4.0,6.0,114.0,83.0,42.0,0.1667,1.0,3.0,4.0,5.0,131.0,82.1,33.0,0.2,90.4,32.4,49.7,981.7,0.0,3.8,2.4,239.0,SW,-0.57,0.76,-1.83
448455,2016-08-02,2016,PIT,2016-08-02 19:10:00,19,3,5,8,1,16,7,14,327,82.2,2,51,0.0392,0.0714,1.0,10.0,4.0,9.0,169.0,82.1,49.0,0.1111,0.0,6.0,3.0,5.0,158.0,82.4,49.0,0.0,80.9,27.2,80.0,980.4,0.0,7.4,4.6,249.2,W,0.21,2.72,-2.32
448470,2016-08-03,2016,PIT,2016-08-03 19:10:00,19,8,4,12,1,16,6,19,314,85.0,3,52,0.0577,0.0526,0.0,6.0,2.0,15.0,161.0,85.5,52.0,0.0,1.0,10.0,4.0,4.0,153.0,84.2,32.0,0.25,86.7,30.4,50.3,977.9,0.0,3.4,2.1,195.9,S,-2.64,-1.77,-3.2
448483,2016-08-04,2016,PIT,2016-08-04 19:10:00,19,5,2,7,1,9,8,11,282,84.8,5,52,0.0962,0.0909,0.0,6.0,2.0,6.0,134.0,82.5,39.0,0.0,1.0,3.0,5.0,5.0,148.0,87.3,36.0,0.2,79.6,26.5,85.7,978.9,4.3,4.6,2.8,134.7,SE,-4.21,-4.56,-3.35
448641,2016-08-16,2016,MIN,2016-08-16 19:10:00,19,2,4,6,1,14,9,17,335,84.3,2,54,0.037,0.0588,0.0,7.0,3.0,6.0,147.0,83.8,40.0,0.0,1.0,7.0,6.0,11.0,188.0,84.6,48.0,0.0909,83.3,28.5,72.0,984.6,1.3,5.8,3.6,159.7,S,-5.76,-5.34,-5.49
448656,2016-08-17,2016,MIN,2016-08-17 19:10:00,19,3,10,13,2,19,12,22,328,85.3,2,54,0.037,0.0909,2.0,6.0,2.0,8.0,115.0,87.3,33.0,0.25,0.0,13.0,7.0,14.0,213.0,83.8,45.0,0.0,83.7,28.7,65.3,983.4,0.8,8.0,5.0,296.5,NW,6.04,7.47,3.88
448676,2016-08-18,2016,WSH,2016-08-18 19:10:00,19,2,8,10,0,21,9,13,322,78.6,0,49,0.0,0.0,0.0,14.0,2.0,7.0,143.0,78.7,17.0,0.0,0.0,7.0,7.0,6.0,179.0,78.4,18.0,0.0,82.9,28.3,70.0,982.0,0.0,7.3,4.6,308.7,NW,6.42,7.25,4.83
448691,2016-08-19,2016,WSH,2016-08-19 19:35:00,19,6,7,13,2,17,9,19,342,84.2,4,55,0.0727,0.1053,2.0,6.0,3.0,7.0,165.0,84.2,46.0,0.2857,0.0,11.0,5.0,12.0,177.0,84.2,39.0,0.0,76.8,24.9,88.3,978.8,0.0,3.1,1.9,301.4,NW,2.48,2.95,1.71
448706,2016-08-20,2016,WSH,2016-08-20 19:10:00,19,9,11,20,3,16,8,29,314,87.8,6,66,0.0909,0.1034,0.0,7.0,5.0,12.0,154.0,85.4,44.0,0.0,3.0,9.0,3.0,17.0,160.0,90.4,42.0,0.1765,76.9,25.0,90.3,976.5,0.2,6.7,4.1,248.4,W,0.11,2.38,-2.18
448721,2016-08-21,2016,WSH,2016-08-21 13:35:00,13,7,6,13,4,23,8,17,344,83.4,2,54,0.037,0.2353,2.0,11.0,3.0,9.0,174.0,81.8,38.0,0.2222,2.0,12.0,3.0,8.0,170.0,84.9,38.0,0.25,84.9,29.4,68.7,979.4,0.0,14.0,8.7,263.3,W,3.83,8.22,-1.02
448839,2016-08-30,2016,SD,2016-08-30 19:10:00,19,7,3,10,1,14,7,19,273,87.3,1,53,0.0189,0.0526,0.0,2.0,7.0,12.0,149.0,90.3,37.0,0.0,1.0,12.0,0.0,7.0,124.0,83.5,30.0,0.1429,83.2,28.4,52.7,979.4,0.0,7.1,4.4,88.3,E,-2.51,-4.62,-0.1
448854,2016-08-31,2016,SD,2016-08-31 19:10:00,19,8,1,9,1,18,10,17,329,84.9,5,47,0.1064,0.0588,0.0,4.0,6.0,12.0,176.0,84.3,42.0,0.0,1.0,14.0,3.0,5.0,153.0,85.6,34.0,0.2,86.2,30.1,47.0,976.2,0.0,4.8,3.0,44.7,NE,1.86,0.23,3.26
448862,2016-09-01,2016,SD,2016-09-01 12:10:00,12,9,6,15,3,9,4,19,270,86.1,5,61,0.082,0.1579,1.0,5.0,4.0,11.0,135.0,85.5,42.0,0.0909,2.0,4.0,0.0,8.0,135.0,86.6,47.0,0.25,87.6,30.9,52.7,977.0,0.0,1.8,1.1,114.8,SE,-1.3,-1.63,-0.81
448970,2016-09-09,2016,NYM,2016-09-09 19:35:00,19,4,6,10,2,17,10,17,314,85.9,2,53,0.0377,0.1176,1.0,10.0,3.0,11.0,158.0,86.0,38.0,0.0909,1.0,7.0,4.0,6.0,156.0,85.8,35.0,0.1667,86.3,30.2,39.0,980.7,0.0,5.0,3.1,215.0,SW,-2.7,-1.09,-3.99
448985,2016-09-10,2016,NYM,2016-09-10 19:10:00,19,4,3,7,3,11,5,15,299,86.3,5,61,0.082,0.2,2.0,4.0,1.0,8.0,139.0,89.4,41.0,0.25,1.0,7.0,2.0,7.0,160.0,83.6,48.0,0.1429,85.9,30.0,42.7,980.4,0.0,7.3,4.5,222.3,SW,-3.1,-0.66,-5.18
449000,2016-09-11,2016,NYM,2016-09-11 13:35:00,13,3,10,13,3,12,6,22,271,86.8,3,60,0.05,0.1364,1.0,5.0,2.0,11.0,120.0,88.2,39.0,0.0909,2.0,7.0,3.0,11.0,151.0,85.7,50.0,0.1818,87.0,30.6,50.3,983.1,0.0,8.7,5.4,306.3,NW,7.42,8.5,5.43
449011,2016-09-12,2016,MIA,2016-09-12 19:10:00,19,12,7,19,1,13,7,34,331,87.0,3,71,0.0423,0.0294,1.0,5.0,4.0,17.0,169.0,88.0,48.0,0.0588,0.0,8.0,1.0,17.0,162.0,86.1,49.0,0.0,80.1,26.7,66.0,982.1,0.8,9.8,6.1,148.7,SE,-9.65,-9.58,-8.56
449026,2016-09-13,2016,MIA,2016-09-13 19:10:00,19,5,7,12,2,13,7,19,298,86.3,4,59,0.0678,0.1053,2.0,9.0,2.0,9.0,160.0,87.8,42.0,0.2222,0.0,4.0,4.0,10.0,138.0,84.5,37.0,0.0,80.7,27.0,61.3,983.0,0.2,7.7,4.8,70.3,E,-0.38,-2.98,2.26
449041,2016-09-14,2016,MIA,2016-09-14 19:10:00,19,5,7,12,2,10,4,17,279,83.4,2,57,0.0351,0.1176,1.0,3.0,2.0,9.0,139.0,84.2,43.0,0.1111,1.0,7.0,2.0,8.0,140.0,82.6,40.0,0.125,84.1,29.0,41.7,981.3,0.0,8.0,5.0,124.7,SE,-6.7,-7.77,-4.82
449075,2016-09-16,2016,WSH,2016-09-16 19:35:00,19,2,7,9,1,20,5,21,293,86.5,3,52,0.0577,0.0476,0.0,12.0,2.0,9.0,135.0,88.3,30.0,0.0,1.0,8.0,2.0,12.0,158.0,85.2,42.0,0.0833,81.7,27.6,51.3,982.1,0.0,9.7,6.0,121.3,SE,-7.83,-9.32,-5.4
449090,2016-09-17,2016,WSH,2016-09-17 13:05:00,13,7,3,10,2,18,6,20,328,84.2,3,50,0.06,0.1,0.0,9.0,2.0,13.0,155.0,85.8,36.0,0.0,2.0,9.0,4.0,7.0,173.0,82.8,43.0,0.2857,84.6,29.2,46.7,983.5,0.0,10.5,6.5,141.7,SE,-10.13,-10.51,-8.54
449105,2016-09-18,2016,WSH,2016-09-18 13:35:00,13,6,2,8,0,14,4,19,239,86.4,1,43,0.0233,0.0,0.0,10.0,2.0,12.0,141.0,84.9,36.0,0.0,0.0,4.0,0.0,7.0,98.0,88.3,28.0,0.0,75.3,24.1,84.3,980.1,6.6,8.9,5.6,165.6,S,-8.84,-7.88,-8.74
449223,2016-09-27,2016,PHI,2016-09-27 19:10:00,19,7,6,13,3,17,7,24,306,87.6,2,57,0.0351,0.125,2.0,7.0,2.0,10.0,141.0,89.1,37.0,0.2,1.0,10.0,3.0,14.0,165.0,86.2,38.0,0.0714,73.9,23.3,84.7,975.8,0.9,3.1,1.9,269.4,W,1.15,2.07,0.1
449238,2016-09-28,2016,PHI,2016-09-28 19:10:00,19,12,2,14,1,13,8,17,272,82.9,2,53,0.0377,0.0588,1.0,5.0,4.0,13.0,135.0,82.0,45.0,0.0769,0.0,8.0,4.0,4.0,137.0,83.9,35.0,0.0,77.2,25.1,38.7,976.1,0.0,6.2,3.8,251.0,W,0.38,2.46,-1.75
449251,2016-09-29,2016,PHI,2016-09-29 19:10:00,19,5,2,7,1,19,6,16,304,81.8,2,46,0.0435,0.0625,1.0,12.0,5.0,7.0,158.0,86.8,29.0,0.1429,0.0,7.0,0.0,9.0,146.0,78.6,45.0,0.0,69.4,20.8,36.7,979.8,0.0,11.1,6.9,327.0,NW,10.88,10.91,9.54
449256,2016-09-30,2016,DET,2016-09-30 19:35:00,19,2,6,8,6,20,5,17,308,86.6,6,51,0.1176,0.3529,2.0,12.0,2.0,6.0,155.0,86.4,30.0,0.3333,4.0,8.0,3.0,11.0,153.0,86.7,43.0,0.3636,66.4,19.1,45.7,979.8,0.0,6.0,3.7,284.7,W,3.64,5.07,1.78
449271,2016-10-01,2016,DET,2016-10-01 19:10:00,19,5,3,8,3,16,6,15,257,86.0,4,49,0.0816,0.2,2.0,4.0,3.0,8.0,122.0,87.3,31.0,0.25,1.0,12.0,3.0,7.0,135.0,84.5,26.0,0.1429,69.8,21.0,54.0,980.4,0.0,5.6,3.5,133.3,SE,-5.11,-5.59,-4.02
449286,2016-10-02,2016,DET,2016-10-02 15:10:00,15,1,0,1,0,25,2,11,251,83.8,2,35,0.0571,0.0,0.0,10.0,0.0,6.0,119.0,84.6,31.0,0.0,0.0,15.0,1.0,5.0,132.0,83.1,34.0,0.0,77.1,25.1,43.3,980.6,0.0,5.4,3.4,305.7,NW,4.62,5.32,3.36
490251,2017-04-14,2017,SD,2017-04-14 19:35:00,19,5,2,7,1,13,8,15,265,83.3,1,48,0.0208,0.0667,1.0,5.0,4.0,9.0,122.0,85.0,34.0,0.1111,0.0,8.0,4.0,6.0,143.0,81.7,37.0,0.0,74.5,23.6,43.0,986.3,0.0,7.9,4.9,180.0,S,-7.27,-5.8,-7.86
490266,2017-04-15,2017,SD,2017-04-15 19:10:00,19,4,2,6,4,14,3,17,233,79.9,2,51,0.0392,0.2353,2.0,4.0,2.0,9.0,117.0,79.9,39.0,0.2222,2.0,10.0,1.0,8.0,116.0,79.8,31.0,0.25,74.7,23.7,43.0,986.8,0.0,13.4,8.3,156.4,SE,-13.36,-12.65,-12.47
490281,2017-04-16,2017,SD,2017-04-16 13:35:00,13,9,2,11,2,16,7,13,262,82.7,3,45,0.0667,0.1538,1.0,8.0,3.0,10.0,140.0,84.1,34.0,0.1,1.0,8.0,3.0,3.0,122.0,81.3,35.0,0.3333,78.3,25.7,38.3,986.8,0.1,15.4,9.5,199.3,S,-11.45,-7.25,-14.26
490292,2017-04-17,2017,SD,2017-04-17 19:35:00,19,5,4,9,4,14,6,20,251,82.9,6,57,0.1053,0.2,2.0,5.0,0.0,12.0,118.0,82.8,44.0,0.1667,2.0,9.0,5.0,8.0,133.0,82.9,34.0,0.25,71.5,22.0,67.0,981.2,0.3,9.5,5.9,228.9,SW,-3.02,0.23,-5.9
490309,2017-04-18,2017,WSH,2017-04-18 19:35:00,19,1,3,4,0,13,9,12,299,81.0,1,50,0.02,0.0,0.0,9.0,5.0,5.0,161.0,79.5,47.0,0.0,0.0,4.0,4.0,7.0,138.0,82.8,38.0,0.0,68.5,20.3,81.7,984.6,0.1,14.5,9.0,93.7,E,-6.38,-10.44,-1.55
490324,2017-04-19,2017,WSH,2017-04-19 19:35:00,19,4,14,18,4,15,8,28,338,82.3,3,64,0.0469,0.1429,1.0,8.0,2.0,8.0,130.0,80.4,17.0,0.125,3.0,7.0,4.0,20.0,208.0,83.3,31.0,0.15,70.3,21.3,75.0,985.8,0.1,10.6,6.6,100.0,E,-5.69,-8.4,-2.29
490335,2017-04-20,2017,WSH,2017-04-20 19:35:00,19,2,3,5,1,18,6,11,238,78.2,0,47,0.0,0.0909,0.0,12.0,3.0,7.0,132.0,75.7,14.0,0.0,1.0,6.0,3.0,4.0,106.0,82.5,8.0,0.25,75.3,24.1,56.7,981.5,0.0,7.5,4.7,166.9,S,-7.43,-6.56,-7.41
490479,2017-05-01,2017,NYM,2017-05-01 19:35:00,19,5,7,12,3,12,7,17,271,82.6,4,55,0.0727,0.1765,1.0,5.0,2.0,9.0,131.0,81.9,41.0,0.1111,2.0,7.0,3.0,8.0,140.0,83.5,36.0,0.25,67.2,19.5,50.0,974.0,0.0,14.0,8.7,233.7,SW,-3.34,1.5,-7.77
490493,2017-05-02,2017,NYM,2017-05-02 19:35:00,19,9,7,16,4,7,9,22,281,83.6,4,62,0.0645,0.1818,1.0,3.0,5.0,13.0,140.0,86.9,46.0,0.0769,3.0,4.0,4.0,9.0,141.0,80.4,47.0,0.3333,66.6,19.2,50.3,978.8,0.0,8.5,5.3,307.3,NW,7.35,8.37,5.44
490509,2017-05-03,2017,NYM,2017-05-03 19:35:00,19,5,16,21,0,12,10,29,364,84.9,2,70,0.0286,0.0,0.0,9.0,5.0,9.0,183.0,82.8,50.0,0.0,0.0,3.0,5.0,20.0,181.0,86.8,58.0,0.0,72.0,22.2,54.0,977.4,0.0,8.0,5.0,143.0,SE,-7.71,-7.93,-6.57
490540,2017-05-05,2017,STL,2017-05-05 19:35:00,19,0,10,10,2,22,7,23,321,83.9,5,53,0.0943,0.087,0.0,10.0,2.0,7.0,137.0,80.4,38.0,0.0,2.0,12.0,5.0,16.0,184.0,86.8,45.0,0.125,49.6,9.8,89.7,967.2,0.1,19.4,12.0,276.9,W,9.52,14.71,3.18
490570,2017-05-07,2017,STL,2017-05-07 13:35:00,13,4,6,10,4,25,12,21,410,81.2,7,75,0.0933,0.1905,1.0,15.0,4.0,11.0,202.0,80.3,46.0,0.0909,3.0,10.0,5.0,10.0,208.0,81.9,62.0,0.3,64.1,17.8,37.0,979.8,0.0,14.5,9.0,312.0,NW,13.12,14.47,10.19
490705,2017-05-17,2017,TOR,2017-05-17 19:35:00,19,8,4,12,3,12,7,13,286,79.6,3,52,0.0577,0.2308,1.0,6.0,5.0,6.0,138.0,79.3,36.0,0.1667,2.0,6.0,2.0,7.0,148.0,80.0,39.0,0.2857,82.4,28.0,40.7,979.8,0.0,13.1,8.2,165.6,S,-13.0,-11.58,-12.85
490716,2017-05-18,2017,TOR,2017-05-18 19:35:00,19,0,9,9,3,18,5,19,305,81.3,4,54,0.0741,0.1579,0.0,11.0,1.0,7.0,140.0,81.7,41.0,0.0,3.0,7.0,4.0,12.0,165.0,81.0,57.0,0.25,80.8,27.1,58.3,981.0,0.6,5.3,3.3,159.0,S,-5.33,-4.96,-5.06
490732,2017-05-19,2017,WSH,2017-05-19 19:35:00,19,7,4,11,4,15,10,21,342,81.8,4,55,0.0727,0.1905,3.0,9.0,6.0,12.0,181.0,83.3,46.0,0.25,1.0,6.0,3.0,9.0,161.0,80.6,53.0,0.1111,83.9,28.8,46.3,980.5,0.0,6.8,4.2,173.8,S,-6.5,-5.45,-6.75
490747,2017-05-20,2017,WSH,2017-05-20 16:10:00,16,5,2,7,3,17,5,16,319,85.9,6,49,0.1224,0.1875,3.0,9.0,4.0,9.0,159.0,85.9,34.0,0.3333,0.0,8.0,1.0,7.0,160.0,85.9,39.0,0.0,84.2,29.0,50.3,981.4,0.4,17.2,10.7,180.0,S,-15.86,-12.66,-17.15
490762,2017-05-21,2017,WSH,2017-05-21 13:35:00,13,2,3,5,1,21,1,13,244,83.6,4,46,0.087,0.0769,0.0,12.0,1.0,6.0,133.0,83.3,35.0,0.0,1.0,9.0,0.0,7.0,111.0,83.9,31.0,0.1429,75.7,24.3,87.0,982.6,0.5,7.2,4.5,334.0,NW,7.22,6.93,6.63
490770,2017-05-22,2017,PIT,2017-05-22 19:35:00,19,5,2,7,2,11,6,21,317,85.7,3,58,0.0517,0.0952,2.0,3.0,3.0,13.0,152.0,86.2,52.0,0.1538,0.0,8.0,3.0,8.0,165.0,85.2,46.0,0.0,69.7,21.0,94.0,977.7,4.6,4.1,2.6,122.7,SE,-3.4,-4.0,-2.38
490780,2017-05-23,2017,PIT,2017-05-23 19:35:00,19,6,5,11,2,11,7,30,296,82.3,1,67,0.0149,0.0667,1.0,6.0,1.0,15.0,144.0,79.9,51.0,0.0667,1.0,5.0,4.0,15.0,152.0,85.4,40.0,0.0667,68.0,20.0,88.0,969.1,4.5,8.0,5.0,245.7,SW,-0.25,2.5,-2.97
490795,2017-05-24,2017,PIT,2017-05-24 19:35:00,19,5,12,17,4,23,9,26,377,80.4,6,63,0.0952,0.1538,0.0,13.0,2.0,12.0,160.0,79.3,50.0,0.0,4.0,10.0,6.0,14.0,217.0,81.1,69.0,0.2857,66.1,18.9,66.7,963.1,0.0,14.5,9.0,297.7,NW,11.16,13.67,7.31
490808,2017-05-25,2017,PIT,2017-05-25 12:10:00,12,4,9,13,1,8,5,24,264,84.1,1,68,0.0147,0.0417,0.0,2.0,1.0,11.0,110.0,89.1,44.0,0.0,1.0,6.0,3.0,13.0,154.0,79.5,48.0,0.0769,67.4,19.7,48.7,971.8,0.0,24.2,15.0,272.7,W,10.29,17.16,2.18
490959,2017-06-05,2017,PHI,2017-06-05 19:35:00,19,4,11,15,3,15,8,21,324,81.7,4,57,0.0702,0.1429,0.0,8.0,4.0,8.0,154.0,81.9,44.0,0.0,3.0,7.0,4.0,13.0,170.0,81.4,49.0,0.2308,72.6,22.5,91.7,972.8,0.5,7.0,4.4,257.5,W,1.22,3.51,-1.23
490972,2017-06-06,2017,PHI,2017-06-06 19:35:00,19,1,3,4,1,13,1,16,230,85.5,1,54,0.0185,0.0625,0.0,7.0,1.0,7.0,111.0,86.6,36.0,0.0,1.0,6.0,0.0,9.0,119.0,84.3,34.0,0.1111,73.9,23.3,83.7,971.1,0.0,4.3,2.7,333.3,NW,4.29,4.14,3.92
490987,2017-06-07,2017,PHI,2017-06-07 19:35:00,19,14,1,15,2,12,8,19,286,83.3,3,56,0.0536,0.1053,2.0,6.0,6.0,12.0,155.0,83.5,47.0,0.1667,0.0,6.0,2.0,7.0,131.0,83.2,43.0,0.0,71.9,22.2,70.3,973.7,0.1,6.3,3.9,131.7,SE,-5.64,-6.24,-4.37
491001,2017-06-08,2017,PHI,2017-06-08 19:35:00,19,3,1,4,0,12,3,15,255,81.7,2,51,0.0392,0.0,0.0,3.0,1.0,11.0,115.0,83.0,50.0,0.0,0.0,9.0,1.0,4.0,140.0,79.8,34.0,0.0,70.5,21.4,73.0,974.9,0.0,5.0,3.1,279.9,W,2.7,3.99,1.08
491015,2017-06-09,2017,NYM,2017-06-09 19:35:00,19,3,2,5,2,12,7,14,304,81.1,3,52,0.0577,0.1429,0.0,5.0,2.0,9.0,164.0,78.9,49.0,0.0,2.0,7.0,4.0,5.0,140.0,84.3,34.0,0.4,75.5,24.2,72.3,977.5,0.0,5.9,3.7,237.2,SW,-1.06,1.0,-2.99
490524,2017-06-10,2017,NYM,2017-05-04 19:35:00,19,1,6,7,2,16,7,13,297,82.0,3,55,0.0545,0.1538,1.0,7.0,2.0,6.0,143.0,81.6,47.0,0.1667,1.0,9.0,2.0,7.0,154.0,82.3,42.0,0.1429,63.1,17.3,94.0,965.8,6.4,16.3,10.1,189.7,S,-13.76,-9.97,-15.9
491030,2017-06-10,2017,NYM,2017-06-10 18:00:00,18,1,8,9,2,14,7,17,274,84.3,3,57,0.0526,0.1176,0.0,3.0,2.0,5.0,128.0,83.8,43.0,0.0,2.0,11.0,5.0,12.0,146.0,84.9,34.0,0.1667,78.7,25.9,59.3,981.7,0.0,8.8,5.5,162.3,S,-8.8,-8.02,-8.53
491046,2017-06-11,2017,NYM,2017-06-11 13:35:00,13,1,2,3,0,18,5,14,253,79.6,1,47,0.0213,0.0,0.0,9.0,2.0,6.0,119.0,80.2,31.0,0.0,0.0,9.0,2.0,8.0,134.0,79.1,33.0,0.0,81.4,27.4,70.0,985.9,0.3,11.8,7.4,136.3,SE,-11.03,-11.83,-8.91
491107,2017-06-16,2017,MIA,2017-06-16 19:35:00,19,0,5,5,1,16,4,14,263,80.1,1,50,0.02,0.0714,0.0,11.0,0.0,4.0,116.0,78.8,26.0,0.0,1.0,5.0,4.0,10.0,147.0,80.8,45.0,0.1,76.7,24.8,80.7,974.3,0.2,6.6,4.1,227.4,SW,-2.26,-0.01,-4.23
491122,2017-06-17,2017,MIA,2017-06-17 16:10:00,16,8,7,15,3,22,6,26,353,81.6,2,62,0.0323,0.1154,2.0,9.0,0.0,16.0,178.0,84.2,49.0,0.125,1.0,13.0,3.0,10.0,175.0,78.7,44.0,0.1,84.7,29.3,50.7,974.7,0.2,11.2,7.0,217.3,SW,-5.63,-1.98,-8.6
491137,2017-06-18,2017,MIA,2017-06-18 13:35:00,13,5,4,9,1,12,7,18,278,82.1,1,54,0.0185,0.0556,0.0,7.0,3.0,9.0,138.0,79.7,43.0,0.0,1.0,5.0,4.0,9.0,140.0,84.9,36.0,0.1111,76.8,24.9,76.0,978.0,6.4,17.4,10.8,210.7,SW,-10.45,-5.05,-14.59
491153,2017-06-19,2017,SF,2017-06-19 19:35:00,19,9,0,9,2,12,4,15,250,79.2,4,53,0.0755,0.1333,2.0,4.0,2.0,11.0,146.0,80.3,61.0,0.1818,0.0,8.0,1.0,4.0,104.0,77.2,34.0,0.0,75.9,24.4,91.0,979.3,0.3,4.8,3.0,268.1,W,1.7,3.14,0.05
491167,2017-06-20,2017,SF,2017-06-20 19:35:00,19,3,6,9,2,9,1,18,252,82.6,5,61,0.082,0.1111,0.0,7.0,1.0,9.0,140.0,81.8,51.0,0.0,2.0,2.0,0.0,9.0,112.0,83.7,37.0,0.2222,70.8,21.6,96.7,981.2,5.0,8.7,5.4,186.4,S,-7.62,-5.72,-8.6
491182,2017-06-21,2017,SF,2017-06-21 19:35:00,19,5,3,8,4,19,4,14,280,83.5,3,59,0.0508,0.2857,3.0,12.0,1.0,7.0,125.0,82.5,40.0,0.4286,1.0,7.0,3.0,7.0,155.0,84.2,51.0,0.1429,72.9,22.7,94.7,982.1,3.9,5.0,3.1,154.8,SE,-5.03,-4.8,-4.64
491195,2017-06-22,2017,SF,2017-06-22 19:35:00,19,12,11,23,7,8,6,31,346,84.6,8,75,0.1067,0.2258,4.0,2.0,1.0,16.0,156.0,82.3,60.0,0.25,3.0,6.0,4.0,15.0,190.0,87.2,53.0,0.2,73.6,23.1,96.3,979.9,5.5,11.2,7.0,160.0,S,-11.22,-10.38,-10.71
491205,2017-06-23,2017,MIL,2017-06-23 19:35:00,19,5,4,9,2,25,9,15,320,78.6,2,42,0.0476,0.1333,1.0,13.0,4.0,8.0,148.0,74.7,44.0,0.125,1.0,12.0,5.0,7.0,172.0,83.5,36.0,0.1429,80.2,26.8,70.0,976.9,0.4,17.0,10.6,232.6,SW,-4.36,1.52,-9.72
491220,2017-06-24,2017,MIL,2017-06-24 16:10:00,16,3,1,4,1,18,3,15,260,77.5,1,47,0.0213,0.0667,1.0,8.0,1.0,9.0,132.0,74.5,36.0,0.1111,0.0,10.0,2.0,6.0,128.0,80.3,38.0,0.0,83.3,28.5,65.0,979.1,0.3,4.8,3.0,240.7,SW,-0.57,1.09,-2.17
491235,2017-06-25,2017,MIL,2017-06-25 13:35:00,13,0,7,7,2,9,5,17,303,79.3,2,60,0.0333,0.1176,0.0,1.0,3.0,6.0,134.0,75.8,39.0,0.0,2.0,8.0,2.0,11.0,169.0,82.2,47.0,0.1818,76.9,24.9,59.3,984.2,0.0,15.8,9.8,332.0,NW,15.69,15.26,14.23
491353,2017-07-04,2017,HOU,2017-07-04 19:35:00,19,4,16,20,3,14,9,27,336,82.8,5,63,0.0794,0.1111,0.0,9.0,4.0,8.0,147.0,85.4,39.0,0.0,3.0,5.0,4.0,19.0,189.0,81.2,63.0,0.1579,77.5,25.3,86.7,981.4,0.0,5.9,3.7,206.1,SW,-3.9,-2.15,-5.18
491368,2017-07-05,2017,HOU,2017-07-05 19:35:00,19,4,10,14,1,16,3,24,312,81.6,0,60,0.0,0.0417,1.0,9.0,1.0,8.0,148.0,80.1,54.0,0.125,0.0,7.0,1.0,16.0,164.0,83.2,53.0,0.0,79.9,26.6,80.0,983.1,0.0,5.8,3.6,335.4,NW,5.83,5.55,5.4
491435,2017-07-14,2017,AZ,2017-07-14 19:35:00,19,4,3,7,2,14,3,19,293,81.5,2,55,0.0364,0.1053,1.0,8.0,0.0,9.0,142.0,79.7,45.0,0.1111,1.0,6.0,3.0,10.0,151.0,83.5,41.0,0.1,78.0,25.5,88.7,983.0,1.0,6.5,4.0,327.0,NW,6.36,6.38,5.57
491450,2017-07-15,2017,AZ,2017-07-15 19:10:00,19,8,5,13,2,17,8,24,331,79.8,3,57,0.0526,0.0833,2.0,8.0,1.0,14.0,155.0,80.0,46.0,0.1429,0.0,9.0,6.0,10.0,176.0,79.6,43.0,0.0,77.2,25.1,85.3,980.3,0.0,3.6,2.2,286.2,W,2.25,3.08,1.15
491465,2017-07-16,2017,AZ,2017-07-16 13:35:00,13,7,1,8,2,19,4,12,254,81.4,2,44,0.0455,0.1667,2.0,10.0,1.0,8.0,128.0,81.5,37.0,0.25,0.0,9.0,3.0,4.0,126.0,81.3,36.0,0.0,78.2,25.7,78.0,980.0,0.5,7.6,4.7,188.3,S,-6.5,-4.79,-7.43
491480,2017-07-17,2017,CHC,2017-07-17 19:35:00,19,3,4,7,1,17,7,15,298,84.8,1,51,0.0196,0.0667,0.0,7.0,2.0,6.0,147.0,81.8,41.0,0.0,1.0,10.0,4.0,9.0,151.0,88.0,38.0,0.1111,77.8,25.5,80.3,980.0,0.1,3.8,2.4,91.6,E,-1.57,-2.67,-0.27
491494,2017-07-18,2017,CHC,2017-07-18 19:35:00,19,1,5,6,3,13,7,15,309,82.3,3,56,0.0536,0.2,1.0,7.0,3.0,7.0,156.0,81.0,48.0,0.1429,2.0,6.0,4.0,8.0,153.0,83.4,51.0,0.25,78.3,25.7,81.0,982.3,0.0,4.8,3.0,9.3,N,4.05,2.95,4.67
491509,2017-07-19,2017,CHC,2017-07-19 12:10:00,12,2,8,10,5,17,4,19,269,83.6,2,53,0.0377,0.2632,2.0,10.0,1.0,6.0,123.0,83.0,32.0,0.3333,3.0,7.0,3.0,13.0,146.0,84.2,42.0,0.2308,85.9,29.9,60.3,984.6,0.0,4.9,3.0,303.7,NW,4.07,4.76,2.89
491686,2017-08-01,2017,LAD,2017-08-01 19:35:00,19,2,3,5,2,16,3,12,261,80.2,1,48,0.0208,0.1667,1.0,9.0,2.0,4.0,125.0,79.4,35.0,0.25,1.0,7.0,1.0,8.0,136.0,80.9,40.0,0.125,80.4,26.9,56.7,981.4,0.0,5.0,3.1,175.7,S,-4.78,-3.96,-5.03
491701,2017-08-02,2017,LAD,2017-08-02 19:35:00,19,5,3,8,3,13,7,15,255,78.9,2,51,0.0392,0.2,2.0,4.0,6.0,9.0,135.0,77.7,41.0,0.2222,1.0,9.0,1.0,6.0,120.0,80.3,35.0,0.1667,77.8,25.5,63.3,981.6,0.0,5.2,3.2,145.7,SE,-5.06,-5.11,-4.39
491715,2017-08-03,2017,LAD,2017-08-03 19:35:00,19,4,7,11,2,19,11,20,330,81.0,1,52,0.0192,0.1,1.0,8.0,2.0,11.0,144.0,81.8,46.0,0.0909,1.0,11.0,8.0,9.0,186.0,80.2,43.0,0.1111,75.7,24.3,79.7,981.9,0.0,8.3,5.1,195.8,S,-6.49,-4.35,-7.85
491728,2017-08-04,2017,MIA,2017-08-04 19:35:00,19,5,3,8,3,9,3,13,255,78.6,4,54,0.0741,0.2308,1.0,5.0,1.0,7.0,123.0,81.2,43.0,0.1429,2.0,4.0,2.0,6.0,132.0,76.7,58.0,0.3333,76.6,24.8,80.7,979.5,0.1,11.0,6.8,190.5,S,-9.2,-6.6,-10.69
491743,2017-08-05,2017,MIA,2017-08-05 19:10:00,19,7,2,9,2,20,4,18,299,83.2,4,49,0.0816,0.1111,1.0,7.0,4.0,9.0,155.0,80.7,43.0,0.1111,1.0,13.0,0.0,9.0,144.0,86.4,34.0,0.1111,81.9,27.7,52.0,980.2,0.0,6.9,4.3,332.6,NW,6.88,6.66,6.26
491758,2017-08-06,2017,MIA,2017-08-06 13:35:00,13,1,4,5,2,9,3,10,239,81.1,2,54,0.037,0.2,0.0,5.0,1.0,4.0,108.0,81.3,35.0,0.0,2.0,4.0,2.0,6.0,131.0,80.9,45.0,0.3333,83.3,28.5,64.0,981.5,0.1,11.1,6.9,165.3,S,-10.96,-9.79,-10.82
491786,2017-08-08,2017,PHI,2017-08-08 19:35:00,19,2,5,7,2,14,7,19,299,79.1,2,56,0.0357,0.1053,1.0,5.0,1.0,8.0,124.0,79.4,41.0,0.125,1.0,9.0,4.0,11.0,175.0,78.8,47.0,0.0909,73.0,22.8,92.0,980.8,3.9,3.9,2.4,230.0,SW,-1.17,0.17,-2.37
491801,2017-08-09,2017,PHI,2017-08-09 19:35:00,19,2,3,5,0,16,2,14,269,80.6,0,51,0.0,0.0,0.0,8.0,1.0,9.0,137.0,79.0,45.0,0.0,0.0,8.0,1.0,5.0,132.0,82.4,40.0,0.0,72.7,22.6,91.3,984.1,2.5,11.8,7.3,105.6,E,-7.28,-10.02,-3.66
491915,2017-08-18,2017,CIN,2017-08-18 19:35:00,19,3,5,8,4,16,8,17,297,82.3,3,52,0.0577,0.2353,1.0,5.0,4.0,8.0,142.0,85.0,37.0,0.125,3.0,11.0,4.0,9.0,155.0,79.9,40.0,0.3333,80.9,27.2,67.0,978.1,0.0,6.8,4.2,281.9,W,3.86,5.56,1.7
491930,2017-08-19,2017,CIN,2017-08-19 19:10:00,19,8,11,19,4,15,8,29,336,84.1,7,70,0.1,0.1379,3.0,7.0,3.0,15.0,159.0,86.4,48.0,0.2,1.0,8.0,5.0,14.0,177.0,81.9,48.0,0.0714,82.0,27.8,68.3,978.7,0.0,5.4,3.4,317.4,NW,5.1,5.43,4.16
491945,2017-08-20,2017,CIN,2017-08-20 13:35:00,13,8,1,9,1,12,10,20,311,78.3,1,57,0.0175,0.05,1.0,9.0,3.0,12.0,154.0,79.8,54.0,0.0833,0.0,3.0,5.0,8.0,157.0,76.6,48.0,0.0,88.3,31.3,49.7,983.1,0.0,5.2,3.3,154.0,SE,-5.22,-5.02,-4.8
491964,2017-08-21,2017,SEA,2017-08-21 19:35:00,19,5,6,11,1,10,4,21,275,80.9,2,63,0.0317,0.0476,1.0,4.0,1.0,12.0,130.0,78.0,46.0,0.0833,0.0,6.0,2.0,9.0,145.0,84.0,43.0,0.0,82.3,27.9,73.7,983.8,0.0,5.4,3.4,99.3,E,-2.85,-4.25,-1.11
491977,2017-08-22,2017,SEA,2017-08-22 19:35:00,19,4,0,4,1,12,8,16,290,81.7,1,50,0.02,0.0625,1.0,6.0,5.0,11.0,148.0,79.9,45.0,0.0909,0.0,6.0,3.0,5.0,142.0,83.7,37.0,0.0,82.1,27.8,69.7,979.5,0.0,8.4,5.2,233.0,SW,-2.12,0.8,-4.78
491992,2017-08-23,2017,SEA,2017-08-23 19:35:00,19,6,9,15,1,20,8,26,298,79.3,1,60,0.0167,0.0385,0.0,10.0,3.0,11.0,146.0,79.7,45.0,0.0,1.0,10.0,2.0,15.0,152.0,78.9,46.0,0.0667,82.0,27.8,56.7,975.6,0.0,9.2,5.7,341.7,N,9.21,8.42,8.88
492010,2017-08-25,2017,COL,2017-08-25 19:35:00,19,5,2,7,3,10,5,13,239,83.4,3,53,0.0566,0.2308,2.0,4.0,5.0,7.0,130.0,87.6,33.0,0.2857,1.0,6.0,0.0,6.0,109.0,80.0,42.0,0.1667,80.8,27.1,61.7,981.2,0.0,9.9,6.2,22.3,N,7.03,4.22,8.99
492025,2017-08-26,2017,COL,2017-08-26 19:10:00,19,6,7,13,4,17,5,25,303,82.6,2,58,0.0345,0.16,1.0,6.0,0.0,13.0,123.0,82.7,38.0,0.0769,3.0,11.0,4.0,12.0,180.0,82.5,51.0,0.25,80.1,26.7,66.7,981.9,0.0,4.5,2.8,25.1,NE,3.01,1.7,3.96
492040,2017-08-27,2017,COL,2017-08-27 13:35:00,13,0,3,3,1,16,8,14,296,81.9,2,48,0.0417,0.0714,0.0,7.0,3.0,6.0,134.0,81.3,32.0,0.0,1.0,9.0,4.0,8.0,162.0,82.3,39.0,0.125,83.5,28.6,47.7,981.6,0.0,16.5,10.2,87.3,E,-5.59,-10.55,0.05
492160,2017-09-04,2017,TEX,2017-09-04 19:35:00,19,2,8,10,4,12,6,19,296,83.5,3,59,0.0508,0.2105,1.0,6.0,2.0,8.0,149.0,82.2,51.0,0.125,3.0,6.0,4.0,11.0,147.0,85.1,42.0,0.2727,76.0,24.4,77.3,979.4,0.0,7.7,4.8,265.4,W,2.38,4.76,-0.28
492175,2017-09-06,2017,TEX,2017-09-05 19:35:00,19,8,12,20,4,20,7,27,343,84.6,5,60,0.0833,0.1481,2.0,8.0,2.0,15.0,177.0,83.1,62.0,0.1333,2.0,12.0,5.0,12.0,166.0,87.8,30.0,0.1667,72.0,22.2,92.3,976.7,7.3,6.2,3.9,297.3,NW,4.76,5.85,3.09
492190,2017-09-06,2017,TEX,2017-09-06 19:35:00,19,5,4,9,1,14,8,16,291,82.5,4,52,0.0769,0.0625,0.0,7.0,3.0,7.0,135.0,82.2,38.0,0.0,1.0,7.0,5.0,9.0,156.0,82.8,34.0,0.1111,65.4,18.5,61.7,978.1,0.0,7.7,4.8,330.3,NW,7.67,7.54,6.88
492197,2017-09-07,2017,MIA,2017-09-07 19:35:00,19,6,5,11,1,17,8,22,330,80.8,3,56,0.0536,0.0455,1.0,8.0,2.0,12.0,171.0,75.8,52.0,0.0833,0.0,9.0,4.0,10.0,159.0,87.6,38.0,0.0,65.8,18.8,61.7,981.8,0.0,7.2,4.5,351.3,N,6.99,5.98,7.16
492207,2017-09-08,2017,MIA,2017-09-08 19:35:00,19,1,7,8,2,18,10,16,344,79.6,2,52,0.0385,0.125,1.0,8.0,6.0,5.0,163.0,78.3,46.0,0.2,1.0,10.0,2.0,11.0,181.0,80.8,45.0,0.0909,70.5,21.4,62.7,983.4,0.0,7.2,4.5,68.3,E,-0.1,-2.54,2.36
492222,2017-09-09,2017,MIA,2017-09-09 19:10:00,19,6,5,11,2,15,11,22,313,83.0,6,59,0.1017,0.0909,1.0,6.0,7.0,13.0,159.0,83.3,48.0,0.0769,1.0,9.0,4.0,9.0,154.0,82.7,36.0,0.1111,69.1,20.6,57.7,983.9,0.0,11.3,7.0,50.2,NE,3.37,-0.53,6.87
492237,2017-09-10,2017,MIA,2017-09-10 13:35:00,13,10,8,18,2,14,12,26,358,86.1,2,75,0.0267,0.0769,1.0,3.0,7.0,13.0,177.0,85.9,51.0,0.0769,1.0,11.0,3.0,13.0,181.0,86.3,48.0,0.0769,71.2,21.8,41.3,985.8,0.0,23.3,14.5,68.7,E,-0.47,-8.41,7.52
492303,2017-09-15,2017,NYM,2017-09-15 19:35:00,19,3,2,5,0,16,5,17,293,79.7,1,49,0.0204,0.0,0.0,8.0,1.0,10.0,153.0,80.8,47.0,0.0,0.0,8.0,3.0,7.0,140.0,78.5,42.0,0.0,73.5,23.0,84.0,981.3,0.0,5.2,3.2,137.3,SE,-4.85,-5.17,-3.95
492318,2017-09-16,2017,NYM,2017-09-16 19:10:00,19,3,7,10,1,12,6,19,280,79.2,2,57,0.0351,0.0526,1.0,7.0,3.0,8.0,140.0,74.9,43.0,0.125,0.0,5.0,3.0,11.0,140.0,83.5,42.0,0.0,76.3,24.6,82.3,982.2,0.0,3.2,2.0,242.7,SW,-0.27,0.83,-1.33
492333,2017-09-17,2017,NYM,2017-09-17 13:35:00,13,1,5,6,1,18,8,11,300,77.6,2,48,0.0417,0.0909,0.0,6.0,2.0,4.0,146.0,76.7,40.0,0.0,1.0,12.0,6.0,7.0,154.0,78.5,37.0,0.1429,80.3,26.8,62.0,983.3,0.2,3.0,1.9,26.5,NE,1.99,1.09,2.65
492362,2017-09-19,2017,WSH,2017-09-19 19:35:00,19,2,4,6,0,15,4,16,281,82.1,2,55,0.0364,0.0,0.0,9.0,2.0,5.0,142.0,78.0,48.0,0.0,0.0,6.0,2.0,11.0,139.0,86.0,50.0,0.0,77.8,25.4,72.0,978.5,0.0,3.9,2.4,278.0,W,1.96,2.98,0.7
492377,2017-09-20,2017,WSH,2017-09-20 19:35:00,19,3,7,10,4,20,7,12,295,82.0,2,45,0.0444,0.3333,3.0,9.0,1.0,4.0,137.0,86.4,38.0,0.75,1.0,11.0,5.0,8.0,158.0,77.9,41.0,0.125,76.7,24.8,76.3,979.6,0.0,7.1,4.4,321.0,NW,6.78,7.05,5.68
492388,2017-09-21,2017,WSH,2017-09-21 19:35:00,19,3,2,5,1,14,0,11,214,81.3,1,46,0.0217,0.0909,0.0,7.0,0.0,7.0,106.0,81.1,36.0,0.0,1.0,7.0,0.0,4.0,108.0,81.4,32.0,0.25,76.0,24.5,82.7,979.9,0.3,5.7,3.5,176.1,S,-5.4,-4.45,-5.7
492398,2017-09-22,2017,PHI,2017-09-22 19:35:00,19,7,2,9,2,16,8,17,307,79.6,2,50,0.04,0.1176,2.0,7.0,3.0,11.0,150.0,80.4,41.0,0.1818,0.0,9.0,5.0,6.0,157.0,78.8,45.0,0.0,75.9,24.4,85.0,979.5,0.0,5.4,3.3,127.2,SE,-4.63,-5.28,-3.42
492413,2017-09-23,2017,PHI,2017-09-23 19:10:00,19,4,2,6,1,12,6,17,271,80.3,2,54,0.037,0.0588,1.0,4.0,3.0,9.0,145.0,81.6,42.0,0.1111,0.0,8.0,1.0,8.0,126.0,78.9,38.0,0.0,75.9,24.4,73.3,979.9,0.0,6.4,4.0,80.1,E,-1.4,-3.46,0.83
492428,2017-09-24,2017,PHI,2017-09-24 13:35:00,13,0,2,2,1,18,3,15,257,80.5,2,46,0.0435,0.0667,0.0,7.0,1.0,8.0,140.0,79.7,43.0,0.0,1.0,11.0,2.0,7.0,117.0,81.4,34.0,0.1429,81.9,27.7,51.3,981.2,0.0,16.6,10.3,93.0,E,-7.13,-11.82,-1.59
529416,2018-03-29,2018,PHI,2018-03-29 16:10:00,16,8,5,13,4,17,10,15,312,79.8,2,49,0.0408,0.2667,3.0,6.0,3.0,9.0,141.0,78.7,47.0,0.3333,1.0,11.0,6.0,6.0,171.0,81.4,34.0,0.1667,69.1,20.6,72.7,976.0,0.1,21.3,13.3,181.3,S,-19.51,-15.39,-21.29
529428,2018-03-30,2018,PHI,2018-03-30 19:35:00,19,4,5,9,2,19,10,19,397,83.6,4,62,0.0645,0.1053,0.0,9.0,5.0,9.0,185.0,84.3,56.0,0.0,2.0,10.0,5.0,10.0,212.0,82.9,53.0,0.2,55.0,12.8,60.0,984.3,0.0,12.7,7.9,334.0,NW,12.71,12.21,11.68
529440,2018-03-31,2018,PHI,2018-03-31 19:10:00,19,15,2,17,1,14,9,25,325,82.2,2,64,0.0312,0.04,1.0,5.0,4.0,19.0,183.0,81.7,56.0,0.0526,0.0,9.0,4.0,6.0,142.0,82.9,38.0,0.0,56.5,13.6,64.0,984.2,0.0,8.2,5.1,139.6,SE,-7.77,-8.16,-6.45
529470,2018-04-02,2018,WSH,2018-04-02 19:35:00,19,1,8,9,1,19,11,14,317,79.6,1,48,0.0208,0.0714,0.0,9.0,1.0,4.0,117.0,79.6,40.0,0.0,1.0,10.0,9.0,10.0,200.0,79.5,48.0,0.1,66.4,19.1,58.0,977.0,0.0,10.9,6.8,200.3,S,-8.02,-4.99,-10.08
529483,2018-04-03,2018,WSH,2018-04-03 19:35:00,19,13,6,19,5,14,11,24,318,84.7,6,60,0.1,0.2083,2.0,9.0,5.0,15.0,164.0,83.7,46.0,0.1333,3.0,5.0,6.0,9.0,154.0,85.5,53.0,0.3333,68.7,20.4,79.7,974.7,0.0,15.0,9.3,198.7,S,-11.27,-7.22,-13.96
529496,2018-04-04,2018,WSH,2018-04-04 12:10:00,12,7,1,8,1,23,10,13,329,84.1,4,41,0.0976,0.0769,1.0,11.0,4.0,7.0,157.0,84.3,35.0,0.1429,0.0,12.0,6.0,6.0,172.0,83.9,30.0,0.0,53.1,11.7,53.7,980.8,0.0,24.7,15.3,317.7,NW,23.2,24.67,18.94
529650,2018-04-16,2018,PHI,2018-04-16 19:35:00,19,2,1,3,1,14,7,10,250,84.4,1,45,0.0222,0.1,0.0,3.0,1.0,4.0,99.0,85.9,31.0,0.0,1.0,11.0,6.0,6.0,151.0,82.3,22.0,0.1667,47.1,8.4,53.3,978.3,0.0,19.8,12.3,291.0,W,13.61,17.69,7.88
529664,2018-04-17,2018,PHI,2018-04-17 19:35:00,19,1,5,6,0,19,14,16,378,82.2,3,53,0.0566,0.0,0.0,6.0,3.0,8.0,182.0,82.5,55.0,0.0,0.0,13.0,9.0,8.0,196.0,81.7,44.0,0.0,63.4,17.4,58.3,976.5,0.0,12.7,7.9,248.0,W,0.11,4.45,-4.24
529678,2018-04-18,2018,PHI,2018-04-18 19:35:00,19,7,3,10,2,20,6,17,300,82.9,4,44,0.0909,0.1176,2.0,10.0,1.0,11.0,143.0,82.5,48.0,0.1818,0.0,10.0,4.0,6.0,157.0,83.3,44.0,0.0,69.7,20.9,58.3,975.7,0.0,17.8,11.1,227.0,SW,-6.23,-0.16,-11.56
529687,2018-04-19,2018,NYM,2018-04-19 19:35:00,19,12,4,16,3,13,8,19,302,84.3,3,56,0.0536,0.1579,1.0,5.0,5.0,13.0,151.0,83.8,53.0,0.0769,2.0,8.0,3.0,6.0,151.0,85.0,42.0,0.3333,52.4,11.3,52.7,983.5,0.0,17.2,10.7,322.7,NW,16.63,17.13,14.12
529699,2018-04-20,2018,NYM,2018-04-20 19:35:00,19,3,5,8,1,24,9,17,400,81.8,1,59,0.0169,0.0588,1.0,12.0,3.0,8.0,196.0,82.4,56.0,0.125,0.0,12.0,6.0,9.0,204.0,81.3,56.0,0.0,60.7,15.9,47.0,987.4,0.0,3.4,2.1,121.4,SE,-2.72,-3.23,-1.88
529714,2018-04-21,2018,NYM,2018-04-21 19:10:00,19,4,3,7,0,21,9,15,278,82.1,3,45,0.0667,0.0,0.0,14.0,5.0,8.0,139.0,80.5,35.0,0.0,0.0,7.0,3.0,7.0,139.0,83.5,43.0,0.0,62.5,17.0,56.0,986.3,0.0,13.1,8.1,95.6,E,-6.17,-9.75,-1.85
529893,2018-05-04,2018,SF,2018-05-04 19:35:00,19,4,9,13,4,15,7,21,291,88.4,8,57,0.1404,0.1905,2.0,8.0,3.0,8.0,138.0,88.6,37.0,0.25,2.0,7.0,4.0,13.0,153.0,88.1,42.0,0.1538,73.6,23.1,68.0,982.1,0.0,8.7,5.4,274.7,W,3.98,6.38,1.09
529909,2018-05-05,2018,SF,2018-05-05 19:10:00,19,2,11,13,1,10,4,25,298,84.1,2,67,0.0299,0.04,0.0,2.0,2.0,7.0,118.0,86.5,42.0,0.0,1.0,8.0,2.0,18.0,180.0,82.3,53.0,0.0556,69.4,20.8,81.0,978.5,0.1,6.1,3.8,211.1,SW,-3.64,-1.73,-5.11
529924,2018-05-06,2018,SF,2018-05-06 13:35:00,13,3,4,7,0,15,7,19,305,83.7,2,56,0.0357,0.0,0.0,7.0,2.0,9.0,140.0,86.0,50.0,0.0,0.0,8.0,4.0,10.0,165.0,81.3,47.0,0.0,73.4,23.0,45.0,979.3,0.0,27.4,17.0,341.0,N,27.38,25.16,26.3
530024,2018-05-15,2018,CHC,2018-05-15 19:35:00,19,2,3,5,2,22,8,11,281,84.9,3,41,0.0732,0.1818,2.0,7.0,3.0,5.0,115.0,85.4,31.0,0.4,0.0,15.0,5.0,6.0,166.0,84.3,34.0,0.0,71.3,21.8,87.3,977.4,2.4,8.4,5.2,52.8,NE,2.14,-0.78,4.8
530039,2018-05-16,2018,CHC,2018-05-16 19:35:00,19,4,1,5,0,16,9,15,274,87.7,2,46,0.0435,0.0,0.0,5.0,6.0,7.0,142.0,87.8,38.0,0.0,0.0,11.0,2.0,8.0,132.0,87.6,33.0,0.0,70.3,21.3,91.7,975.6,0.0,5.1,3.1,87.1,E,-1.7,-3.23,0.03
530069,2018-05-18,2018,MIA,2018-05-18 19:35:00,19,0,2,2,0,13,6,10,251,84.6,7,45,0.1556,0.0,0.0,6.0,2.0,4.0,127.0,86.2,36.0,0.0,0.0,7.0,3.0,6.0,124.0,83.0,36.0,0.0,71.9,22.2,89.3,976.0,0.8,10.8,6.7,135.6,SE,-10.02,-10.79,-8.04
530084,2018-05-19,2018,MIA,2018-05-19 19:10:00,19,8,1,9,2,7,5,14,251,85.6,2,55,0.0364,0.1429,2.0,2.0,3.0,9.0,114.0,87.4,39.0,0.2222,0.0,5.0,2.0,5.0,137.0,83.9,41.0,0.0,75.1,24.0,86.7,980.7,0.2,3.3,2.0,318.3,NW,3.08,3.27,2.53
530099,2018-05-20,2018,MIA,2018-05-20 13:35:00,13,10,9,19,3,15,12,24,330,83.0,3,61,0.0492,0.125,0.0,7.0,6.0,12.0,167.0,82.9,47.0,0.0,3.0,8.0,4.0,12.0,163.0,83.1,39.0,0.25,79.4,26.3,74.7,983.3,1.3,4.1,2.5,59.2,NE,0.59,-0.82,1.93
529729,2018-05-28,2018,NYM,2018-04-22 13:35:00,13,5,8,13,2,16,4,28,318,83.0,4,65,0.0615,0.0714,1.0,10.0,1.0,13.0,161.0,84.8,48.0,0.0769,1.0,6.0,2.0,15.0,157.0,81.5,60.0,0.0667,58.9,14.9,95.0,984.2,4.6,23.6,14.7,107.7,E,-15.22,-20.47,-8.14
530206,2018-05-28,2018,NYM,2018-05-28 13:10:00,13,4,3,7,3,22,9,15,297,84.6,2,41,0.0488,0.2,2.0,10.0,4.0,8.0,147.0,82.4,43.0,0.25,1.0,12.0,5.0,7.0,150.0,87.8,30.0,0.1429,71.8,22.1,90.7,975.1,0.5,23.3,14.5,75.0,E,-3.04,-10.74,5.04
530221,2018-05-29,2018,NYM,2018-05-29 19:35:00,19,7,6,13,4,13,7,21,291,84.3,6,59,0.1017,0.1905,1.0,5.0,3.0,11.0,155.0,84.9,50.0,0.0909,3.0,8.0,2.0,10.0,136.0,83.5,36.0,0.3,72.4,22.5,94.0,972.9,1.2,15.4,9.6,153.3,SE,-15.36,-14.82,-14.05
530236,2018-05-30,2018,NYM,2018-05-30 19:35:00,19,1,4,5,1,6,7,14,267,84.3,3,60,0.05,0.0714,1.0,2.0,1.0,5.0,118.0,83.8,42.0,0.2,0.0,4.0,4.0,9.0,149.0,84.8,46.0,0.0,74.2,23.5,86.7,976.2,2.0,8.1,5.0,182.3,S,-7.32,-5.72,-8.04
530254,2018-05-31,2018,WSH,2018-05-31 19:35:00,19,4,2,6,0,12,8,12,257,84.4,1,48,0.0208,0.0,0.0,5.0,4.0,7.0,130.0,85.6,32.0,0.0,0.0,7.0,2.0,5.0,127.0,83.3,37.0,0.0,75.5,24.2,93.0,978.1,1.4,4.7,2.9,66.6,NE,0.08,-1.53,1.67
530269,2018-06-01,2018,WSH,2018-06-01 19:35:00,19,4,0,4,1,21,2,11,231,83.1,2,39,0.0513,0.0909,1.0,10.0,1.0,9.0,125.0,82.0,43.0,0.1111,0.0,11.0,1.0,2.0,106.0,84.5,32.0,0.0,72.8,22.7,90.3,977.2,0.0,4.4,2.7,222.2,SW,-1.87,-0.41,-3.11
530284,2018-06-02,2018,WSH,2018-06-02 16:10:00,16,3,5,8,3,34,3,14,387,82.2,3,64,0.0469,0.2143,1.0,16.0,0.0,5.0,177.0,80.8,54.0,0.2,2.0,18.0,2.0,9.0,210.0,83.6,56.0,0.2222,82.8,28.2,62.7,974.4,0.0,11.7,7.3,301.7,NW,9.51,11.29,6.59
530299,2018-06-03,2018,WSH,2018-06-03 13:35:00,13,4,2,6,3,11,6,10,266,80.3,3,51,0.0588,0.3,2.0,3.0,3.0,7.0,134.0,83.4,43.0,0.2857,1.0,8.0,2.0,3.0,132.0,76.6,36.0,0.3333,86.1,30.0,60.7,976.1,0.1,9.9,6.2,302.7,NW,8.16,9.6,5.73
530404,2018-06-12,2018,NYM,2018-06-12 19:35:00,19,8,2,10,2,14,7,13,271,84.7,3,48,0.0625,0.1538,2.0,4.0,5.0,10.0,136.0,83.9,40.0,0.2,0.0,10.0,2.0,3.0,135.0,85.7,35.0,0.0,74.4,23.6,87.7,981.0,0.2,8.3,5.2,139.4,SE,-7.89,-8.3,-6.53
530419,2018-06-13,2018,NYM,2018-06-13 12:10:00,12,2,0,2,1,15,3,10,221,83.8,0,44,0.0,0.1,1.0,8.0,0.0,8.0,103.0,85.1,38.0,0.125,0.0,7.0,3.0,2.0,118.0,82.3,33.0,0.0,78.1,25.6,86.7,982.7,0.9,6.7,4.1,191.0,S,-5.56,-3.96,-6.48
530432,2018-06-14,2018,SD,2018-06-14 19:35:00,19,4,2,6,1,12,2,13,240,81.0,0,51,0.0,0.0769,1.0,6.0,1.0,5.0,123.0,80.1,38.0,0.2,0.0,6.0,0.0,8.0,117.0,81.9,45.0,0.0,79.5,26.4,84.7,979.2,0.0,5.0,3.1,216.3,SW,-2.61,-0.98,-3.92
530446,2018-06-15,2018,SD,2018-06-15 19:35:00,19,3,9,12,3,16,8,20,270,86.2,1,55,0.0182,0.15,1.0,11.0,3.0,6.0,130.0,83.8,31.0,0.1667,2.0,5.0,5.0,14.0,140.0,88.3,37.0,0.1429,78.1,25.6,86.0,978.5,1.1,7.3,4.5,160.3,S,-7.26,-6.7,-6.94
530461,2018-06-16,2018,SD,2018-06-16 17:10:00,17,1,0,1,1,20,1,9,244,80.5,1,40,0.025,0.1111,1.0,7.0,0.0,5.0,107.0,82.8,35.0,0.2,0.0,13.0,1.0,4.0,137.0,78.5,39.0,0.0,82.3,28.0,73.7,980.7,0.5,9.3,5.8,113.0,SE,-6.63,-8.46,-4.0
530476,2018-06-17,2018,SD,2018-06-17 13:35:00,13,4,1,5,1,28,4,13,298,82.1,1,36,0.0278,0.0769,1.0,11.0,1.0,7.0,132.0,83.5,33.0,0.1429,0.0,17.0,3.0,6.0,166.0,80.6,31.0,0.0,81.5,27.5,76.7,984.0,0.1,4.4,2.7,171.3,S,-4.27,-3.65,-4.37
530529,2018-06-22,2018,BAL,2018-06-22 19:35:00,19,7,10,17,2,22,11,29,512,86.4,5,91,0.0549,0.069,0.0,11.0,4.0,14.0,256.0,87.1,70.0,0.0,2.0,11.0,4.0,15.0,256.0,85.7,72.0,0.1333,76.3,24.6,88.3,974.1,0.9,9.6,6.0,186.1,S,-8.46,-6.37,-9.52
530544,2018-06-23,2018,BAL,2018-06-23 16:10:00,16,5,7,12,1,23,9,19,310,84.0,1,49,0.0204,0.0526,0.0,11.0,6.0,12.0,161.0,83.3,52.0,0.0,1.0,12.0,3.0,7.0,149.0,84.8,45.0,0.1429,85.5,29.7,62.0,976.2,0.2,14.8,9.2,242.7,SW,-1.24,3.88,-6.21
530559,2018-06-24,2018,BAL,2018-06-24 13:35:00,13,7,3,10,3,13,3,17,273,82.3,5,52,0.0962,0.1765,1.0,8.0,2.0,11.0,153.0,83.2,50.0,0.0909,2.0,5.0,1.0,6.0,120.0,81.3,43.0,0.3333,82.3,27.9,76.3,981.1,1.3,9.7,6.0,250.0,W,0.42,3.72,-2.93
530575,2018-06-25,2018,CIN,2018-06-25 19:35:00,19,5,4,9,2,11,15,16,358,83.6,1,68,0.0147,0.125,1.0,6.0,6.0,10.0,166.0,83.0,49.0,0.1,1.0,5.0,7.0,6.0,192.0,84.2,53.0,0.1667,75.9,24.4,91.7,981.7,0.0,4.5,2.8,191.3,S,-3.77,-2.68,-4.4
530586,2018-06-26,2018,CIN,2018-06-26 19:35:00,19,3,5,8,0,13,8,20,279,84.0,3,58,0.0517,0.0,0.0,4.0,3.0,10.0,130.0,84.2,50.0,0.0,0.0,9.0,4.0,10.0,149.0,83.7,38.0,0.0,79.4,26.3,89.7,981.9,1.5,4.7,2.9,218.3,SW,-2.31,-0.76,-3.58
530601,2018-06-27,2018,CIN,2018-06-27 12:10:00,12,5,6,11,1,18,6,18,302,82.9,1,53,0.0189,0.0556,0.0,10.0,1.0,7.0,140.0,80.5,51.0,0.0,1.0,8.0,4.0,11.0,162.0,85.7,45.0,0.0909,83.1,28.4,75.3,981.7,0.3,6.3,3.9,229.9,SW,-1.89,0.27,-3.82
530785,2018-07-10,2018,TOR,2018-07-10 19:35:00,19,2,6,8,1,15,6,16,290,82.1,0,55,0.0,0.0625,0.0,9.0,2.0,8.0,126.0,80.7,27.0,0.0,1.0,6.0,3.0,8.0,164.0,83.0,42.0,0.125,81.1,27.3,77.3,980.5,0.1,8.8,5.5,278.3,W,4.51,6.82,1.65
530800,2018-07-11,2018,TOR,2018-07-11 19:35:00,19,9,5,14,4,18,6,20,300,83.4,3,54,0.0556,0.2,2.0,10.0,3.0,12.0,171.0,82.9,49.0,0.1667,2.0,8.0,2.0,8.0,129.0,84.3,31.0,0.25,80.7,27.1,86.0,979.2,0.2,5.6,3.5,112.2,E,-3.94,-5.06,-2.34
530811,2018-07-13,2018,AZ,2018-07-13 19:35:00,19,1,2,3,0,23,4,13,291,79.4,1,43,0.0233,0.0,0.0,12.0,2.0,6.0,147.0,80.2,40.0,0.0,0.0,11.0,2.0,7.0,144.0,78.3,28.0,0.0,80.0,26.7,83.0,982.7,0.8,6.1,3.8,128.6,SE,-5.37,-6.06,-4.03
530826,2018-07-14,2018,AZ,2018-07-14 16:10:00,16,0,3,3,1,16,4,12,289,85.3,1,50,0.02,0.0833,0.0,11.0,1.0,5.0,130.0,85.5,25.0,0.0,1.0,5.0,3.0,7.0,159.0,85.1,45.0,0.1429,77.6,25.3,88.3,982.4,1.5,7.5,4.6,134.0,SE,-6.85,-7.45,-5.42
530841,2018-07-15,2018,AZ,2018-07-15 13:35:00,13,5,1,6,2,11,5,12,240,85.6,1,50,0.02,0.1667,1.0,4.0,2.0,7.0,130.0,83.5,39.0,0.1429,1.0,7.0,3.0,5.0,110.0,88.4,29.0,0.2,81.2,27.3,79.7,981.9,0.6,5.6,3.5,47.1,NE,1.94,0.04,3.61
530948,2018-07-26,2018,LAD,2018-07-26 19:35:00,19,2,8,10,2,16,5,18,289,82.1,2,57,0.0351,0.1111,1.0,10.0,1.0,7.0,134.0,81.1,38.0,0.1429,1.0,6.0,3.0,11.0,155.0,83.0,42.0,0.0909,78.7,25.9,64.3,979.0,0.0,7.2,4.5,329.6,NW,7.13,7.04,6.36
530960,2018-07-27,2018,LAD,2018-07-27 19:35:00,19,1,4,5,2,22,7,13,288,84.3,1,43,0.0233,0.1538,0.0,10.0,0.0,6.0,117.0,81.5,37.0,0.0,2.0,12.0,7.0,7.0,171.0,87.9,30.0,0.2857,80.5,27.0,74.0,980.4,0.0,7.7,4.8,341.9,N,7.68,7.01,7.42
530975,2018-07-28,2018,LAD,2018-07-28 19:10:00,19,1,5,6,2,21,11,9,320,83.2,2,40,0.05,0.2222,1.0,8.0,3.0,3.0,142.0,79.8,35.0,0.3333,1.0,13.0,7.0,6.0,178.0,87.8,26.0,0.1667,77.2,25.1,60.7,980.7,0.0,10.5,6.5,339.3,N,10.46,9.72,9.94
530990,2018-07-29,2018,LAD,2018-07-29 13:35:00,13,4,1,5,1,17,3,10,288,79.4,2,44,0.0455,0.1,1.0,9.0,2.0,8.0,149.0,79.9,46.0,0.125,0.0,8.0,1.0,2.0,139.0,78.8,37.0,0.0,83.4,28.6,52.7,981.2,0.0,2.7,1.7,185.7,S,-2.38,-1.8,-2.67
531004,2018-07-30,2018,MIA,2018-07-30 19:35:00,19,5,3,8,3,9,7,14,274,81.8,5,55,0.0909,0.2143,2.0,3.0,2.0,6.0,121.0,80.9,39.0,0.3333,1.0,6.0,3.0,8.0,153.0,82.6,38.0,0.125,76.6,24.8,91.3,979.1,0.1,4.0,2.5,4.1,N,3.58,2.75,3.97
531018,2018-07-31,2018,MIA,2018-07-31 19:35:00,19,11,6,17,4,11,5,30,286,83.0,2,67,0.0299,0.1333,3.0,5.0,3.0,19.0,152.0,81.5,53.0,0.1579,1.0,6.0,2.0,11.0,134.0,84.9,44.0,0.0909,70.8,21.5,95.3,980.4,4.7,8.7,5.4,179.8,S,-8.08,-6.46,-8.73
531146,2018-08-10,2018,MIL,2018-08-10 19:35:00,19,10,1,11,0,16,8,19,294,84.4,1,54,0.0185,0.0,0.0,7.0,7.0,13.0,188.0,83.1,54.0,0.0,0.0,9.0,0.0,6.0,106.0,86.5,33.0,0.0,78.7,25.9,81.3,977.3,0.0,6.3,3.9,272.8,W,2.68,4.45,0.58
531161,2018-08-11,2018,MIL,2018-08-11 19:10:00,19,2,4,6,1,13,4,14,252,81.9,1,53,0.0189,0.0714,1.0,3.0,1.0,7.0,119.0,81.9,43.0,0.1429,0.0,10.0,3.0,7.0,133.0,81.8,33.0,0.0,78.4,25.8,74.3,978.5,0.0,7.5,4.6,316.3,NW,6.96,7.47,5.62
531176,2018-08-12,2018,MIL,2018-08-12 13:35:00,13,8,7,15,4,14,6,28,308,84.4,4,62,0.0645,0.1429,3.0,6.0,2.0,9.0,137.0,80.9,46.0,0.3333,1.0,8.0,3.0,19.0,171.0,87.4,52.0,0.0526,85.3,29.6,62.7,981.0,0.1,10.0,6.2,299.0,NW,7.83,9.48,5.23
531033,2018-08-13,2018,MIA,2018-08-01 19:35:00,19,9,1,10,1,14,10,14,292,80.2,2,48,0.0417,0.0714,1.0,7.0,3.0,11.0,147.0,81.2,45.0,0.0909,0.0,7.0,6.0,3.0,145.0,78.8,34.0,0.0,70.5,21.4,96.7,980.4,8.6,5.0,3.1,150.1,SE,-4.96,-4.88,-4.44
531190,2018-08-13,2018,MIA,2018-08-13 19:35:00,19,6,1,7,2,14,5,18,303,82.0,3,51,0.0588,0.1111,2.0,5.0,0.0,13.0,169.0,84.3,45.0,0.1538,0.0,9.0,4.0,5.0,134.0,78.6,30.0,0.0,78.0,25.6,71.0,979.5,0.0,6.7,4.1,322.9,NW,6.45,6.64,5.49
531201,2018-08-14,2018,MIA,2018-08-14 19:35:00,19,10,6,16,5,17,5,26,291,83.1,4,60,0.0667,0.1923,4.0,4.0,2.0,15.0,141.0,83.9,46.0,0.2667,1.0,13.0,3.0,11.0,150.0,82.1,38.0,0.0909,79.0,26.1,70.0,980.1,0.0,7.1,4.4,6.8,N,6.22,4.66,7.04
531216,2018-08-15,2018,MIA,2018-08-15 19:35:00,19,5,2,7,2,10,3,12,242,85.3,2,52,0.0385,0.1667,1.0,5.0,1.0,8.0,107.0,87.0,34.0,0.125,1.0,5.0,2.0,4.0,135.0,83.8,38.0,0.25,80.6,27.0,75.3,981.7,0.0,5.2,3.2,302.3,NW,4.22,4.98,2.95
531227,2018-08-16,2018,COL,2018-08-16 19:35:00,19,3,5,8,2,21,5,12,267,84.0,2,44,0.0455,0.1667,1.0,11.0,1.0,6.0,129.0,81.8,34.0,0.1667,1.0,10.0,4.0,6.0,138.0,86.0,37.0,0.1667,79.6,26.4,83.0,983.8,0.0,11.8,7.4,173.3,S,-11.38,-9.59,-11.8
531237,2018-08-17,2018,COL,2018-08-17 19:35:00,19,5,11,16,0,22,12,25,354,84.1,0,56,0.0,0.0,0.0,12.0,7.0,9.0,170.0,83.0,41.0,0.0,0.0,10.0,4.0,16.0,184.0,85.1,50.0,0.0,76.9,25.0,90.7,982.4,0.0,8.5,5.3,177.0,S,-8.04,-6.59,-8.53
531252,2018-08-18,2018,COL,2018-08-18 19:10:00,19,3,5,8,1,13,5,21,324,83.6,2,63,0.0317,0.0476,0.0,4.0,3.0,9.0,145.0,82.9,45.0,0.0,1.0,9.0,1.0,12.0,179.0,84.3,47.0,0.0833,75.0,23.9,93.0,978.9,5.1,11.7,7.3,224.4,SW,-4.6,-0.63,-8.02
531267,2018-08-19,2018,COL,2018-08-19 13:35:00,13,2,4,6,2,21,3,14,268,83.0,3,46,0.0652,0.1429,0.0,9.0,1.0,6.0,127.0,84.8,36.0,0.0,2.0,12.0,2.0,8.0,141.0,81.1,36.0,0.25,81.0,27.2,80.7,979.5,0.3,11.4,7.1,215.3,SW,-6.05,-2.39,-8.98
531391,2018-08-28,2018,TB,2018-08-28 19:35:00,19,9,5,14,3,11,6,24,276,86.4,4,63,0.0635,0.125,2.0,5.0,4.0,12.0,125.0,88.2,42.0,0.1667,1.0,6.0,2.0,12.0,151.0,84.5,39.0,0.0833,79.5,26.4,83.0,983.5,0.0,5.8,3.6,171.1,S,-5.61,-4.81,-5.73
531405,2018-08-29,2018,TB,2018-08-29 19:35:00,19,5,8,13,3,19,6,23,310,81.8,1,57,0.0175,0.1304,1.0,7.0,4.0,11.0,150.0,79.3,49.0,0.0909,2.0,12.0,2.0,12.0,160.0,85.1,39.0,0.1667,77.0,25.0,89.7,983.2,0.1,4.2,2.6,220.7,SW,-1.88,-0.5,-3.04
530053,2018-08-30,2018,CHC,2018-05-17 19:35:00,19,4,5,9,1,16,3,15,262,84.9,1,53,0.0189,0.0667,0.0,9.0,0.0,9.0,127.0,84.9,43.0,0.0,1.0,7.0,1.0,6.0,135.0,85.0,41.0,0.1667,69.8,21.0,93.3,974.9,5.3,3.6,2.2,57.5,NE,0.62,-0.62,1.78
531428,2018-08-31,2018,PIT,2018-08-31 19:35:00,19,2,3,5,2,18,3,14,277,81.5,2,48,0.0417,0.1429,2.0,10.0,1.0,7.0,133.0,82.0,44.0,0.2857,0.0,8.0,2.0,7.0,144.0,81.1,41.0,0.0,77.3,25.2,86.3,982.8,0.0,4.0,2.5,24.7,NE,2.74,1.57,3.59
531443,2018-09-01,2018,PIT,2018-09-01 19:10:00,19,5,3,8,2,16,1,11,252,82.9,2,48,0.0417,0.1818,1.0,10.0,1.0,6.0,125.0,83.3,38.0,0.1667,1.0,6.0,0.0,5.0,127.0,82.6,39.0,0.2,80.1,26.7,81.7,983.8,0.0,6.5,4.1,115.2,SE,-4.83,-6.05,-3.04
531458,2018-09-02,2018,PIT,2018-09-02 17:05:00,17,5,1,6,1,12,3,14,252,86.1,3,53,0.0566,0.0714,1.0,7.0,1.0,9.0,137.0,85.5,38.0,0.1111,0.0,5.0,2.0,5.0,115.0,86.8,31.0,0.0,83.4,28.5,65.0,984.1,0.0,11.6,7.2,117.3,SE,-8.84,-10.86,-5.75
531463,2018-09-03,2018,BOS,2018-09-03 13:05:00,13,2,8,10,1,15,12,18,345,83.5,0,57,0.0,0.0556,1.0,7.0,6.0,8.0,199.0,79.9,59.0,0.125,0.0,8.0,4.0,10.0,146.0,89.3,37.0,0.0,82.6,28.1,65.7,987.4,0.4,16.1,10.0,98.7,E,-8.32,-12.52,-3.11
531478,2018-09-04,2018,BOS,2018-09-04 19:35:00,19,1,5,6,1,18,12,12,323,81.9,0,48,0.0,0.0833,1.0,11.0,3.0,4.0,157.0,78.9,36.0,0.25,0.0,7.0,8.0,8.0,166.0,85.4,31.0,0.0,79.1,26.2,78.7,984.6,0.0,6.6,4.1,70.3,E,-0.32,-2.57,1.96
531493,2018-09-05,2018,BOS,2018-09-05 12:10:00,12,8,9,17,3,18,12,21,340,84.2,4,55,0.0727,0.1429,2.0,10.0,7.0,10.0,171.0,85.0,39.0,0.2,1.0,8.0,3.0,11.0,169.0,83.7,50.0,0.0909,81.5,27.5,68.7,986.1,0.2,13.7,8.5,121.0,SE,-11.01,-13.14,-7.56
531618,2018-09-14,2018,WSH,2018-09-14 19:35:00,19,10,5,15,1,13,11,22,340,83.8,4,58,0.069,0.0455,0.0,10.0,4.0,13.0,185.0,81.7,53.0,0.0,1.0,3.0,6.0,9.0,155.0,86.3,45.0,0.1111,81.8,27.7,70.0,976.7,0.0,12.0,7.5,325.0,NW,11.72,11.9,10.12
531633,2018-09-15,2018,WSH,2018-09-15 13:05:00,13,1,7,8,0,13,18,9,347,81.7,2,49,0.0408,0.0,0.0,2.0,4.0,2.0,145.0,82.7,51.0,0.0,0.0,11.0,13.0,7.0,202.0,80.2,37.0,0.0,88.0,31.1,52.3,976.2,0.2,11.7,7.3,2.7,N,10.62,8.27,11.68
531648,2018-09-16,2018,WSH,2018-09-16 13:35:00,13,4,6,10,4,11,7,19,311,84.3,3,61,0.0492,0.2105,2.0,7.0,2.0,8.0,144.0,86.5,42.0,0.25,2.0,4.0,5.0,11.0,167.0,82.5,50.0,0.1818,78.6,25.9,76.0,974.1,0.3,18.5,11.5,333.3,NW,18.42,17.77,16.85
531657,2018-09-17,2018,STL,2018-09-17 19:35:00,19,6,11,17,5,18,12,20,368,84.0,7,56,0.125,0.25,1.0,11.0,5.0,10.0,189.0,82.9,49.0,0.1,4.0,7.0,6.0,10.0,179.0,85.1,50.0,0.4,78.0,25.5,86.7,977.1,0.2,5.7,3.6,323.7,NW,5.57,5.7,4.77
531672,2018-09-18,2018,STL,2018-09-18 19:35:00,19,1,8,9,2,26,8,18,338,84.9,4,46,0.087,0.1111,1.0,12.0,4.0,7.0,165.0,82.8,38.0,0.1429,1.0,14.0,3.0,11.0,173.0,86.9,39.0,0.0909,79.3,26.3,72.0,977.4,0.0,8.8,5.5,342.0,N,8.77,8.01,8.48
531687,2018-09-19,2018,STL,2018-09-19 12:10:00,12,7,3,10,3,20,10,15,293,83.7,4,44,0.0909,0.2,2.0,10.0,4.0,7.0,146.0,81.3,38.0,0.2857,1.0,10.0,5.0,8.0,147.0,86.1,38.0,0.125,84.2,29.0,63.7,980.9,0.0,4.4,2.7,127.3,SE,-3.8,-4.33,-2.82
531696,2018-09-20,2018,PHI,2018-09-20 19:35:00,19,8,3,11,0,17,8,16,297,86.0,0,47,0.0,0.0,0.0,7.0,6.0,10.0,163.0,85.8,41.0,0.0,0.0,10.0,2.0,6.0,134.0,86.2,35.0,0.0,79.6,26.5,71.0,981.9,0.0,6.9,4.3,90.3,E,-2.66,-4.67,-0.34
531708,2018-09-21,2018,PHI,2018-09-21 19:35:00,19,6,5,11,2,14,7,16,305,83.4,3,52,0.0577,0.125,1.0,7.0,3.0,9.0,163.0,82.1,44.0,0.1111,1.0,7.0,2.0,7.0,142.0,84.9,38.0,0.1429,77.1,25.0,77.3,982.4,0.0,5.6,3.5,72.9,E,-0.53,-2.41,1.41
531723,2018-09-22,2018,PHI,2018-09-22 13:05:00,13,5,3,8,0,12,10,10,254,84.2,0,47,0.0,0.0,0.0,6.0,5.0,6.0,139.0,80.4,36.0,0.0,0.0,6.0,4.0,4.0,115.0,89.4,26.0,0.0,81.4,27.4,70.3,982.4,0.2,8.7,5.4,130.3,SE,-7.74,-8.63,-5.92
531738,2018-09-23,2018,PHI,2018-09-23 13:35:00,13,2,1,3,2,13,4,10,246,81.7,5,47,0.1064,0.2,1.0,9.0,1.0,4.0,115.0,84.6,29.0,0.25,1.0,4.0,3.0,6.0,131.0,79.5,39.0,0.1667,81.4,27.5,60.7,981.6,0.3,10.8,6.7,140.7,SE,-10.31,-10.75,-8.62
567157,2019-04-01,2019,CHC,2019-04-01 19:10:00,19,8,0,8,2,14,11,21,323,85.8,5,55,0.0909,0.0952,2.0,9.0,6.0,12.0,173.0,86.1,45.0,0.1667,0.0,5.0,4.0,9.0,150.0,85.4,44.0,0.0,51.2,10.7,49.0,983.0,0.0,9.1,5.7,93.7,E,-4.01,-6.57,-0.98
567158,2019-04-03,2019,CHC,2019-04-03 19:20:00,19,6,4,10,3,21,14,20,334,84.1,3,45,0.0667,0.15,2.0,8.0,8.0,8.0,154.0,84.7,35.0,0.25,1.0,13.0,6.0,12.0,180.0,83.6,37.0,0.0833,59.8,15.4,50.3,987.5,0.0,8.7,5.4,152.3,SE,-8.63,-8.38,-7.84
567159,2019-04-04,2019,CHC,2019-04-04 19:20:00,19,9,4,13,2,13,9,19,328,84.5,2,55,0.0364,0.1053,0.0,6.0,5.0,13.0,173.0,85.1,46.0,0.0,2.0,7.0,3.0,6.0,155.0,83.8,41.0,0.3333,60.6,15.9,67.3,984.3,2.3,9.5,5.9,119.7,SE,-7.48,-9.01,-5.04
567160,2019-04-05,2019,MIA,2019-04-05 19:20:00,19,4,0,4,2,18,6,10,263,84.8,2,40,0.05,0.2,2.0,8.0,2.0,7.0,137.0,84.6,38.0,0.2857,0.0,10.0,4.0,3.0,126.0,85.1,27.0,0.0,64.4,18.0,72.3,980.5,0.0,7.5,4.7,343.0,N,7.5,6.8,7.29
567161,2019-04-06,2019,MIA,2019-04-06 19:20:00,19,2,4,6,3,14,11,14,313,84.8,5,52,0.0962,0.2143,0.0,7.0,6.0,6.0,178.0,81.4,54.0,0.0,3.0,7.0,3.0,8.0,135.0,89.8,37.0,0.375,66.7,19.3,84.0,982.9,0.2,8.6,5.3,133.0,SE,-7.83,-8.57,-6.13
567162,2019-04-07,2019,MIA,2019-04-07 13:20:00,13,4,3,7,3,12,5,14,251,83.9,3,50,0.06,0.2143,2.0,8.0,3.0,7.0,124.0,84.4,31.0,0.2857,1.0,4.0,2.0,7.0,127.0,83.5,44.0,0.1429,74.5,23.6,65.3,984.1,0.0,14.5,9.0,156.4,SE,-14.53,-13.75,-13.56
567163,2019-04-11,2019,NYM,2019-04-11 19:20:00,19,3,6,9,4,23,10,16,330,84.0,6,47,0.1277,0.25,2.0,14.0,3.0,9.0,164.0,87.1,38.0,0.2222,2.0,9.0,7.0,7.0,166.0,81.4,46.0,0.2857,70.2,21.2,65.3,976.1,0.0,12.7,7.9,129.7,SE,-11.23,-12.58,-8.53
567164,2019-04-12,2019,NYM,2019-04-12 19:20:00,19,2,6,8,1,19,9,17,313,84.2,2,52,0.0385,0.0588,0.0,10.0,3.0,7.0,153.0,84.7,43.0,0.0,1.0,9.0,5.0,10.0,160.0,83.6,39.0,0.1,70.7,21.5,71.0,979.0,0.0,7.5,4.7,189.3,S,-6.37,-4.63,-7.34
567165,2019-04-13,2019,NYM,2019-04-13 19:20:00,19,11,7,18,2,16,12,24,349,83.7,3,56,0.0536,0.0833,2.0,7.0,7.0,13.0,194.0,84.2,47.0,0.1538,0.0,9.0,5.0,11.0,155.0,83.2,45.0,0.0,72.4,22.5,68.7,975.5,0.0,10.9,6.8,118.5,SE,-8.45,-10.27,-5.6
567166,2019-04-14,2019,NYM,2019-04-14 19:05:00,19,7,3,10,4,22,10,21,345,81.5,4,49,0.0816,0.1905,3.0,12.0,8.0,10.0,194.0,79.4,54.0,0.3,1.0,10.0,2.0,11.0,151.0,83.9,47.0,0.0909,63.0,17.2,74.7,967.3,0.0,25.0,15.5,279.1,W,13.08,19.58,5.01
567167,2019-04-16,2019,AZ,2019-04-16 19:20:00,19,6,9,15,3,15,12,22,347,85.4,5,56,0.0893,0.1364,2.0,8.0,4.0,10.0,154.0,86.1,36.0,0.2,1.0,7.0,5.0,12.0,193.0,84.9,45.0,0.0833,63.3,17.4,69.0,983.5,0.0,8.8,5.4,156.7,SE,-8.77,-8.28,-8.19
567168,2019-04-17,2019,AZ,2019-04-17 19:20:00,19,2,3,5,1,24,8,13,323,81.3,4,49,0.0816,0.0769,0.0,10.0,4.0,7.0,164.0,82.5,45.0,0.0,1.0,14.0,4.0,6.0,159.0,80.0,41.0,0.1667,67.0,19.4,69.7,979.6,0.0,8.2,5.1,140.3,SE,-7.87,-8.22,-6.56
567169,2019-04-18,2019,AZ,2019-04-18 12:10:00,12,1,4,5,2,25,4,17,321,81.4,1,48,0.0208,0.1176,1.0,16.0,1.0,7.0,161.0,82.7,35.0,0.1429,1.0,9.0,2.0,10.0,160.0,80.4,46.0,0.1,74.0,23.3,60.7,978.2,0.2,21.1,13.1,187.0,S,-18.39,-13.73,-20.84
567170,2019-04-26,2019,COL,2019-04-26 19:20:00,19,4,8,12,4,17,3,22,310,85.4,4,58,0.069,0.1818,2.0,7.0,3.0,10.0,157.0,84.7,46.0,0.2,2.0,10.0,0.0,12.0,153.0,86.1,41.0,0.1667,62.1,16.7,51.3,975.8,0.0,12.6,7.8,293.7,NW,9.11,11.56,5.57
567171,2019-04-27,2019,COL,2019-04-27 19:20:00,19,5,9,14,5,13,7,18,269,84.5,6,57,0.1053,0.2778,2.0,6.0,4.0,9.0,141.0,83.1,45.0,0.2222,3.0,7.0,3.0,9.0,128.0,86.1,41.0,0.3333,66.6,19.2,50.3,976.4,0.0,12.2,7.6,194.7,S,-9.7,-6.6,-11.62
567172,2019-04-28,2019,COL,2019-04-28 13:20:00,13,8,7,15,6,19,10,19,334,82.1,5,52,0.0962,0.3158,4.0,10.0,6.0,10.0,176.0,80.9,53.0,0.4,2.0,9.0,4.0,9.0,158.0,83.5,43.0,0.2222,76.8,24.9,56.0,980.6,0.0,13.1,8.1,286.3,W,8.19,11.18,4.22
567173,2019-04-29,2019,SD,2019-04-29 19:20:00,19,3,1,4,1,13,6,11,254,80.5,1,50,0.02,0.0909,1.0,3.0,4.0,6.0,135.0,80.4,43.0,0.1667,0.0,10.0,2.0,5.0,119.0,80.5,27.0,0.0,75.1,23.9,61.3,984.0,0.0,10.1,6.3,143.3,SE,-9.79,-10.05,-8.36
567179,2019-04-30,2019,SD,2019-04-30 19:20:00,19,3,4,7,3,18,2,14,247,83.8,4,47,0.0851,0.2143,0.0,9.0,1.0,8.0,136.0,83.4,46.0,0.0,3.0,9.0,1.0,6.0,111.0,84.5,37.0,0.5,76.6,24.8,64.0,984.5,0.0,7.7,4.8,155.5,SE,-7.7,-7.32,-7.14
567180,2019-05-01,2019,SD,2019-05-01 19:20:00,19,5,1,6,2,15,4,13,250,85.5,4,49,0.0816,0.1538,1.0,4.0,2.0,8.0,128.0,85.1,36.0,0.125,1.0,11.0,2.0,5.0,122.0,86.0,36.0,0.2,74.7,23.7,73.0,984.9,0.0,6.8,4.2,161.7,S,-6.82,-6.23,-6.57
567181,2019-05-02,2019,SD,2019-05-02 12:10:00,12,2,11,13,2,17,3,27,298,89.1,5,64,0.0781,0.0741,0.0,7.0,1.0,10.0,119.0,87.7,36.0,0.0,2.0,10.0,2.0,17.0,179.0,90.0,54.0,0.1176,78.1,25.6,56.7,985.5,0.0,10.3,6.4,137.3,SE,-9.64,-10.27,-7.85
567182,2019-05-14,2019,STL,2019-05-14 19:20:00,19,3,14,17,4,17,13,17,341,82.1,5,51,0.098,0.2353,0.0,11.0,6.0,3.0,159.0,76.0,37.0,0.0,4.0,6.0,7.0,14.0,182.0,86.2,56.0,0.2857,62.5,17.0,59.3,978.8,0.0,12.4,7.7,312.6,NW,11.25,12.35,8.79
567183,2019-05-15,2019,STL,2019-05-15 19:20:00,19,4,0,4,2,16,9,9,255,83.9,2,42,0.0476,0.2222,2.0,10.0,4.0,6.0,133.0,84.5,32.0,0.3333,0.0,6.0,5.0,3.0,122.0,83.4,34.0,0.0,67.8,19.9,65.0,979.2,0.0,5.0,3.1,3.7,N,4.49,3.46,4.97
567184,2019-05-16,2019,STL,2019-05-16 19:20:00,19,10,2,12,3,10,10,20,307,84.4,5,57,0.0877,0.15,1.0,4.0,4.0,14.0,159.0,84.9,47.0,0.0714,2.0,6.0,4.0,6.0,148.0,83.7,39.0,0.3333,74.1,23.4,76.7,977.6,0.0,7.3,4.5,277.0,W,3.58,5.52,1.2
567185,2019-05-17,2019,MIL,2019-05-17 19:20:00,19,12,8,20,5,15,10,27,341,89.0,4,63,0.0635,0.1852,4.0,7.0,5.0,17.0,183.0,87.7,49.0,0.2353,1.0,8.0,5.0,10.0,158.0,90.5,38.0,0.1,76.5,24.7,71.3,978.7,0.0,7.3,4.6,248.2,W,0.09,2.6,-2.42
567186,2019-05-18,2019,MIL,2019-05-18 19:15:00,19,4,3,7,2,18,9,16,312,83.6,3,54,0.0556,0.125,2.0,8.0,5.0,8.0,149.0,86.1,40.0,0.25,0.0,10.0,2.0,8.0,163.0,81.4,44.0,0.0,77.4,25.2,75.7,978.6,0.0,6.9,4.3,147.6,SE,-6.77,-6.76,-5.96
567187,2019-05-19,2019,MIL,2019-05-19 13:20:00,13,2,3,5,5,15,0,14,252,82.8,5,56,0.0893,0.3571,2.0,9.0,0.0,5.0,117.0,79.4,37.0,0.4,3.0,6.0,0.0,9.0,135.0,85.5,46.0,0.3333,84.4,29.1,43.0,980.5,0.0,16.3,10.1,203.0,SW,-11.45,-6.77,-14.74
567188,2019-05-28,2019,WSH,2019-05-28 19:20:00,19,4,5,9,2,24,9,19,312,82.1,2,47,0.0426,0.1053,1.0,16.0,2.0,8.0,156.0,80.7,35.0,0.125,1.0,8.0,5.0,11.0,156.0,83.3,38.0,0.0909,83.1,28.4,50.3,976.0,0.0,8.8,5.5,226.7,SW,-3.13,-0.13,-5.75
567189,2019-05-29,2019,WSH,2019-05-29 19:20:00,19,4,14,18,3,21,7,21,341,84.9,5,54,0.0926,0.1429,1.0,13.0,1.0,6.0,135.0,87.3,31.0,0.1667,2.0,8.0,6.0,15.0,206.0,83.8,65.0,0.1333,84.3,29.0,47.3,976.0,0.0,9.7,6.0,213.7,SW,-5.38,-2.31,-7.8
567190,2019-05-31,2019,DET,2019-05-31 19:20:00,19,2,8,10,4,19,4,18,286,83.9,3,52,0.0577,0.2222,0.0,4.0,1.0,7.0,127.0,81.7,38.0,0.0,4.0,15.0,2.0,11.0,159.0,86.2,35.0,0.3636,79.6,26.4,40.0,975.7,0.0,13.1,8.1,299.0,NW,10.23,12.39,6.83
567191,2019-06-01,2019,DET,2019-06-01 16:10:00,16,10,5,15,3,19,1,22,282,86.0,2,56,0.0357,0.1364,3.0,8.0,1.0,11.0,136.0,87.2,36.0,0.2727,0.0,11.0,0.0,11.0,146.0,85.1,46.0,0.0,86.8,30.5,30.3,974.5,0.0,13.4,8.3,291.7,W,9.32,12.04,5.49
567192,2019-06-02,2019,DET,2019-06-02 13:20:00,13,7,4,11,4,21,6,16,311,80.8,4,48,0.0833,0.25,1.0,13.0,2.0,7.0,150.0,82.5,35.0,0.1429,3.0,8.0,4.0,9.0,161.0,79.5,44.0,0.3333,85.3,29.6,40.3,976.4,0.0,10.3,6.4,305.0,NW,8.66,10.02,6.25
567193,2019-06-10,2019,PIT,2019-06-10 19:20:00,19,13,7,20,7,22,7,23,334,83.4,7,53,0.1321,0.3043,5.0,10.0,4.0,13.0,166.0,83.6,47.0,0.3846,2.0,12.0,3.0,10.0,168.0,83.1,42.0,0.2,75.9,24.4,89.7,978.1,0.7,6.4,4.0,263.0,W,1.7,3.69,-0.5
567199,2019-06-11,2019,PIT,2019-06-11 19:20:00,19,7,5,12,5,19,7,19,292,85.9,6,46,0.1304,0.2632,5.0,11.0,3.0,10.0,148.0,87.9,36.0,0.5,0.0,8.0,3.0,9.0,144.0,84.0,39.0,0.0,74.8,23.8,88.7,979.0,0.4,6.3,3.9,72.4,E,-0.54,-2.66,1.65
567200,2019-06-12,2019,PIT,2019-06-12 19:20:00,19,8,7,15,3,14,12,28,413,83.2,5,74,0.0676,0.1071,1.0,8.0,6.0,15.0,206.0,84.9,56.0,0.0667,2.0,6.0,4.0,13.0,207.0,81.7,63.0,0.1538,68.7,20.4,85.3,976.1,13.6,7.1,4.4,152.6,SE,-7.11,-6.89,-6.47
567201,2019-06-13,2019,PIT,2019-06-13 12:10:00,12,6,5,11,0,11,7,19,293,85.1,0,59,0.0,0.0,0.0,6.0,3.0,10.0,137.0,86.5,42.0,0.0,0.0,5.0,2.0,9.0,156.0,83.7,44.0,0.0,74.3,23.5,53.7,979.4,0.0,17.6,10.9,290.3,W,11.94,15.63,6.82
567202,2019-06-14,2019,PHI,2019-06-14 19:20:00,19,9,8,17,6,16,9,23,345,83.6,5,59,0.0847,0.2609,3.0,9.0,4.0,14.0,177.0,81.4,50.0,0.2143,3.0,7.0,5.0,9.0,168.0,86.5,39.0,0.3333,71.1,21.7,60.7,983.0,0.0,7.5,4.7,144.0,SE,-7.29,-7.45,-6.25
567203,2019-06-15,2019,PHI,2019-06-15 19:20:00,19,5,6,11,3,19,6,16,331,83.4,4,50,0.08,0.1875,2.0,9.0,2.0,8.0,163.0,84.7,43.0,0.25,1.0,10.0,3.0,8.0,168.0,81.9,36.0,0.125,77.1,25.0,72.3,981.4,0.0,8.4,5.2,138.7,SE,-7.92,-8.36,-6.52
567204,2019-06-16,2019,PHI,2019-06-16 13:20:00,13,15,1,16,3,19,7,25,303,85.4,6,54,0.1111,0.12,3.0,10.0,1.0,19.0,161.0,87.5,53.0,0.1579,0.0,9.0,5.0,6.0,142.0,82.5,40.0,0.0,83.0,28.3,63.3,981.1,0.1,10.1,6.3,210.7,SW,-6.08,-2.94,-8.48
567205,2019-06-17,2019,NYM,2019-06-17 19:20:00,19,12,3,15,4,10,11,23,293,85.6,3,62,0.0484,0.1739,3.0,5.0,7.0,16.0,177.0,85.7,60.0,0.1875,1.0,5.0,4.0,7.0,116.0,85.6,40.0,0.1429,78.5,25.8,79.0,979.8,2.1,6.8,4.2,156.8,SE,-6.83,-6.45,-6.39
567206,2019-06-18,2019,NYM,2019-06-18 19:20:00,19,2,10,12,5,22,8,20,297,86.0,7,50,0.14,0.25,2.0,12.0,0.0,5.0,123.0,83.9,32.0,0.4,3.0,10.0,7.0,15.0,174.0,87.4,46.0,0.2,73.5,23.0,94.0,977.3,2.0,8.7,5.4,178.2,S,-8.14,-6.6,-8.7
567207,2019-06-19,2019,NYM,2019-06-19 19:20:00,19,7,2,9,2,13,7,18,297,84.7,4,53,0.0755,0.1111,2.0,5.0,5.0,9.0,153.0,85.3,39.0,0.2222,0.0,8.0,2.0,9.0,144.0,84.0,40.0,0.0,77.1,25.1,87.3,973.2,0.6,10.8,6.7,192.8,S,-8.79,-6.13,-10.39
567208,2019-07-02,2019,PHI,2019-07-02 19:20:00,19,0,2,2,0,15,6,11,256,85.8,1,48,0.0208,0.0,0.0,11.0,3.0,4.0,132.0,83.1,26.0,0.0,0.0,4.0,3.0,7.0,124.0,87.8,34.0,0.0,86.8,30.5,56.3,977.6,0.0,7.4,4.6,336.2,NW,7.43,7.04,6.93
567209,2019-07-03,2019,PHI,2019-07-03 19:20:00,19,9,2,11,4,15,4,16,270,87.1,4,51,0.0784,0.25,3.0,6.0,1.0,10.0,130.0,87.9,41.0,0.3,1.0,9.0,3.0,6.0,140.0,86.1,33.0,0.1667,85.3,29.6,55.3,978.3,0.0,8.7,5.4,292.9,NW,6.22,7.94,3.75
567210,2019-07-04,2019,PHI,2019-07-04 19:20:00,19,12,6,18,6,19,9,24,341,84.9,5,53,0.0943,0.25,5.0,10.0,4.0,12.0,175.0,86.3,50.0,0.4167,1.0,9.0,4.0,12.0,166.0,83.6,57.0,0.0833,83.9,28.8,68.7,980.2,0.0,6.5,4.0,267.5,W,2.22,4.18,0.0
567211,2019-07-05,2019,MIA,2019-07-05 19:20:00,19,1,0,1,0,22,8,12,298,86.2,1,40,0.025,0.0,0.0,10.0,2.0,5.0,141.0,87.4,33.0,0.0,0.0,12.0,3.0,7.0,157.0,85.1,38.0,0.0,78.9,26.1,87.7,982.6,5.9,4.5,2.8,241.0,SW,-0.51,1.06,-2.02
567212,2019-07-06,2019,MIA,2019-07-06 16:10:00,16,4,5,9,4,20,2,24,306,84.6,4,56,0.0714,0.1667,2.0,9.0,1.0,9.0,150.0,84.9,44.0,0.2222,2.0,11.0,1.0,15.0,156.0,84.4,48.0,0.1333,91.8,33.2,42.0,979.5,0.0,6.4,4.0,210.7,SW,-3.86,-1.86,-5.38
567213,2019-07-07,2019,MIA,2019-07-07 13:20:00,13,4,3,7,2,15,8,18,284,79.1,2,52,0.0385,0.1111,1.0,10.0,5.0,9.0,145.0,78.8,40.0,0.1111,1.0,5.0,2.0,9.0,139.0,79.4,44.0,0.1111,81.4,27.5,74.3,978.1,9.7,10.8,6.7,274.0,W,4.83,7.86,1.23
567214,2019-07-18,2019,WSH,2019-07-18 19:20:00,19,4,13,17,2,22,9,26,358,87.1,5,56,0.0893,0.0769,1.0,14.0,2.0,10.0,156.0,84.8,34.0,0.1,1.0,8.0,7.0,16.0,202.0,88.6,52.0,0.0625,81.6,27.6,76.3,980.8,0.0,5.2,3.2,274.9,W,2.39,3.83,0.67
567215,2019-07-19,2019,WSH,2019-07-19 19:20:00,19,4,3,7,1,18,7,19,321,83.7,4,50,0.08,0.0526,0.0,8.0,5.0,12.0,181.0,83.7,50.0,0.0,1.0,10.0,1.0,7.0,140.0,83.6,36.0,0.1429,83.1,28.4,65.7,981.3,0.2,8.3,5.2,240.5,SW,-1.01,1.88,-3.78
567216,2019-07-20,2019,WSH,2019-07-20 19:20:00,19,3,5,8,2,15,9,20,300,85.8,2,56,0.0357,0.1,1.0,9.0,4.0,8.0,165.0,86.2,45.0,0.125,1.0,6.0,4.0,12.0,135.0,85.4,43.0,0.0833,77.7,25.4,88.0,980.9,2.2,6.2,3.9,252.4,W,0.53,2.63,-1.62
567217,2019-07-21,2019,WSH,2019-07-21 19:05:00,19,7,1,8,2,19,6,17,270,88.0,6,46,0.1304,0.1176,2.0,11.0,6.0,11.0,165.0,87.3,39.0,0.1818,0.0,8.0,0.0,6.0,105.0,88.7,34.0,0.0,82.6,28.1,69.0,979.9,0.0,5.1,3.1,101.0,E,-2.8,-4.07,-1.18
567218,2019-07-23,2019,KC,2019-07-23 19:20:00,19,4,5,9,2,28,7,16,329,85.2,3,41,0.0732,0.125,0.0,14.0,2.0,11.0,163.0,87.4,39.0,0.0,2.0,14.0,5.0,5.0,166.0,82.3,31.0,0.4,77.0,25.0,57.7,976.8,0.0,16.1,10.0,347.0,N,15.91,14.04,15.86
567219,2019-07-24,2019,KC,2019-07-24 19:20:00,19,0,2,2,0,17,3,10,272,83.3,1,46,0.0217,0.0,0.0,8.0,1.0,5.0,121.0,85.5,41.0,0.0,0.0,9.0,2.0,5.0,151.0,81.4,45.0,0.0,79.6,26.5,38.7,979.8,0.0,10.8,6.7,351.0,N,10.5,9.0,10.73
567220,2019-08-01,2019,CIN,2019-08-01 19:20:00,19,4,1,5,2,9,2,12,191,83.0,3,37,0.0811,0.1667,2.0,5.0,2.0,8.0,115.0,83.1,36.0,0.25,0.0,4.0,0.0,4.0,76.0,82.9,22.0,0.0,75.9,24.4,89.0,980.9,1.9,7.2,4.5,41.6,NE,3.14,0.74,5.17
567221,2019-08-02,2019,CIN,2019-08-02 19:20:00,19,2,5,7,3,15,5,14,289,82.4,4,52,0.0769,0.2143,2.0,8.0,1.0,4.0,131.0,83.4,40.0,0.5,1.0,7.0,4.0,10.0,158.0,81.5,49.0,0.1,78.7,25.9,73.0,979.5,0.0,5.6,3.5,52.9,NE,1.41,-0.53,3.18
567222,2019-08-03,2019,CIN,2019-08-03 19:20:00,19,5,4,9,1,18,12,16,349,83.3,1,55,0.0182,0.0625,0.0,11.0,9.0,8.0,209.0,82.6,51.0,0.0,1.0,7.0,3.0,8.0,140.0,84.1,39.0,0.125,79.3,26.3,78.7,978.4,0.4,5.5,3.4,47.3,NE,1.91,0.02,3.57
567223,2019-08-04,2019,CIN,2019-08-04 13:20:00,13,4,6,10,4,20,14,17,339,85.2,4,54,0.0741,0.2353,3.0,11.0,5.0,9.0,176.0,86.8,44.0,0.3333,1.0,9.0,7.0,8.0,163.0,83.5,41.0,0.125,80.5,27.0,69.7,979.8,0.4,3.8,2.3,165.6,S,-3.73,-3.32,-3.69
567224,2019-08-13,2019,NYM,2019-08-13 19:20:00,19,5,3,8,1,12,5,23,288,83.8,3,58,0.0517,0.0435,1.0,4.0,2.0,13.0,138.0,84.8,42.0,0.0769,0.0,8.0,3.0,10.0,150.0,82.8,44.0,0.0,85.5,29.7,78.3,975.7,0.0,8.8,5.5,192.8,S,-7.19,-5.02,-8.49
567225,2019-08-14,2019,NYM,2019-08-14 19:20:00,19,6,4,10,0,17,6,20,293,84.4,1,52,0.0192,0.0,0.0,7.0,4.0,8.0,136.0,85.2,36.0,0.0,0.0,10.0,2.0,12.0,157.0,83.6,38.0,0.0,83.4,28.6,66.0,976.8,0.0,9.6,6.0,333.7,NW,9.58,9.22,8.78
567226,2019-08-15,2019,NYM,2019-08-15 19:20:00,19,8,10,18,8,14,9,34,339,82.4,6,70,0.0857,0.2353,6.0,8.0,5.0,11.0,159.0,82.3,44.0,0.5455,2.0,6.0,4.0,23.0,180.0,82.5,63.0,0.087,85.8,29.9,39.0,977.4,0.0,9.6,5.9,345.7,N,9.47,8.43,9.36
567227,2019-08-16,2019,LAD,2019-08-16 19:20:00,19,3,8,11,4,18,9,17,286,85.5,7,49,0.1429,0.2353,0.0,10.0,5.0,6.0,148.0,81.4,40.0,0.0,4.0,8.0,4.0,11.0,138.0,89.8,38.0,0.3636,85.9,30.0,43.7,977.9,0.0,6.5,4.1,330.3,NW,6.48,6.37,5.81
567228,2019-08-17,2019,LAD,2019-08-17 19:20:00,19,4,3,7,4,19,5,16,319,85.1,4,48,0.0833,0.25,2.0,8.0,1.0,7.0,141.0,83.9,44.0,0.2857,2.0,11.0,4.0,9.0,178.0,86.4,40.0,0.2222,87.9,31.0,37.0,978.2,0.0,5.0,3.1,1.4,N,4.57,3.6,4.99
567229,2019-08-18,2019,LAD,2019-08-18 13:20:00,13,5,3,8,2,15,4,18,287,86.3,2,52,0.0385,0.1111,1.0,5.0,1.0,9.0,144.0,87.0,41.0,0.1111,1.0,10.0,2.0,9.0,143.0,85.5,36.0,0.1111,92.0,33.3,41.0,981.0,0.0,4.3,2.7,162.7,S,-4.25,-3.86,-4.13
567230,2019-08-20,2019,MIA,2019-08-20 19:20:00,19,5,1,6,3,18,5,15,278,84.6,3,48,0.0625,0.2,2.0,5.0,3.0,7.0,135.0,85.7,45.0,0.2857,1.0,13.0,2.0,8.0,143.0,83.2,37.0,0.125,81.2,27.3,71.3,982.4,3.4,10.5,6.5,150.0,SE,-10.41,-10.25,-9.31
567231,2019-08-21,2019,MIA,2019-08-21 19:20:00,19,5,0,5,2,20,9,10,256,84.6,3,37,0.0811,0.2,2.0,10.0,5.0,3.0,131.0,83.3,28.0,0.6667,0.0,10.0,4.0,7.0,125.0,85.6,35.0,0.0,80.6,27.0,79.0,981.1,1.0,8.0,5.0,203.9,SW,-5.54,-3.22,-7.2
567232,2019-08-22,2019,MIA,2019-08-22 19:20:00,19,3,2,5,1,18,3,12,260,85.4,2,48,0.0417,0.0833,1.0,9.0,3.0,6.0,133.0,84.0,38.0,0.1667,0.0,9.0,0.0,6.0,127.0,86.9,34.0,0.0,86.6,30.3,50.0,979.5,0.2,9.7,6.0,222.1,SW,-4.18,-0.92,-6.93
567233,2019-08-30,2019,CWS,2019-08-30 19:20:00,19,10,7,17,2,17,8,20,310,85.2,2,53,0.0377,0.1,1.0,2.0,6.0,13.0,168.0,82.2,49.0,0.0769,1.0,15.0,2.0,7.0,142.0,89.9,32.0,0.1429,78.4,25.8,52.7,982.0,0.0,6.8,4.2,74.5,E,-0.84,-3.1,1.53
567234,2019-08-31,2019,CWS,2019-08-31 19:20:00,19,11,5,16,1,14,7,25,345,83.1,1,61,0.0164,0.04,1.0,11.0,6.0,12.0,189.0,82.3,53.0,0.0833,0.0,3.0,0.0,13.0,156.0,83.9,53.0,0.0,81.0,27.2,51.0,982.5,0.0,7.4,4.6,90.2,E,-2.84,-4.99,-0.34
567235,2019-09-01,2019,CWS,2019-09-01 17:10:00,17,5,3,8,2,16,7,11,280,83.2,2,44,0.0455,0.1818,2.0,8.0,2.0,6.0,124.0,83.8,35.0,0.3333,0.0,8.0,5.0,5.0,156.0,82.7,45.0,0.0,85.5,29.7,49.3,981.7,0.0,9.7,6.0,102.7,E,-5.61,-7.99,-2.55
567236,2019-09-02,2019,TOR,2019-09-02 13:20:00,13,6,3,9,4,22,8,9,293,85.0,4,39,0.1026,0.4444,2.0,10.0,6.0,4.0,158.0,81.6,34.0,0.5,2.0,12.0,2.0,5.0,135.0,88.5,33.0,0.4,88.3,31.3,41.7,981.7,0.1,12.0,7.5,54.3,NE,2.74,-1.43,6.59
567237,2019-09-03,2019,TOR,2019-09-03 19:20:00,19,7,2,9,1,13,8,14,277,84.7,2,48,0.0417,0.0714,0.0,8.0,5.0,8.0,153.0,83.8,42.0,0.0,1.0,5.0,3.0,6.0,124.0,85.7,37.0,0.1667,84.9,29.4,49.3,978.6,0.0,6.8,4.2,46.7,NE,2.41,0.1,4.43
567238,2019-09-05,2019,WSH,2019-09-05 19:20:00,19,4,2,6,2,19,6,9,281,81.8,3,40,0.075,0.2222,1.0,9.0,4.0,6.0,147.0,79.7,33.0,0.1667,1.0,10.0,2.0,3.0,134.0,83.8,34.0,0.3333,85.0,29.5,39.7,975.7,0.0,15.2,9.4,321.3,NW,14.6,15.17,12.27
567239,2019-09-06,2019,WSH,2019-09-06 19:20:00,19,4,3,7,3,19,9,16,302,84.7,4,45,0.0889,0.1875,2.0,11.0,7.0,7.0,162.0,83.2,31.0,0.2857,1.0,8.0,2.0,9.0,140.0,85.8,40.0,0.1111,82.3,28.0,43.3,976.7,0.0,8.6,5.3,319.7,NW,8.15,8.56,6.77
567240,2019-09-07,2019,WSH,2019-09-07 19:20:00,19,5,4,9,5,20,11,11,315,83.9,3,37,0.0811,0.4545,4.0,10.0,5.0,6.0,151.0,85.3,32.0,0.6667,1.0,10.0,5.0,5.0,164.0,83.0,45.0,0.2,85.3,29.6,50.3,977.0,0.0,7.4,4.6,354.6,N,7.04,5.88,7.36
567241,2019-09-08,2019,WSH,2019-09-08 13:20:00,13,4,9,13,6,26,5,24,321,85.5,5,50,0.1,0.25,2.0,14.0,3.0,7.0,153.0,83.7,34.0,0.2857,4.0,12.0,2.0,17.0,168.0,86.9,43.0,0.2353,90.0,32.2,37.0,980.7,0.0,4.4,2.8,222.0,SW,-1.91,-0.42,-3.16
567242,2019-09-17,2019,PHI,2019-09-17 19:20:00,19,4,5,9,4,18,7,17,327,85.8,4,53,0.0755,0.2353,2.0,13.0,6.0,8.0,175.0,87.0,38.0,0.25,2.0,5.0,1.0,9.0,152.0,84.8,47.0,0.2222,86.1,30.1,49.3,978.1,0.0,6.5,4.1,8.3,N,5.61,4.13,6.42
567243,2019-09-18,2019,PHI,2019-09-18 19:20:00,19,1,4,5,2,20,5,9,278,84.1,2,44,0.0455,0.2222,0.0,8.0,2.0,5.0,132.0,85.2,40.0,0.0,2.0,12.0,3.0,4.0,146.0,82.8,36.0,0.5,75.9,24.4,70.0,981.5,0.0,17.9,11.1,82.0,E,-4.47,-10.12,1.71
567244,2019-09-19,2019,PHI,2019-09-19 12:10:00,12,5,4,9,2,16,3,20,271,86.9,5,53,0.0943,0.1,2.0,7.0,3.0,9.0,119.0,89.4,34.0,0.2222,0.0,9.0,0.0,11.0,152.0,84.9,43.0,0.0,75.3,24.0,49.0,986.5,0.1,16.7,10.4,118.7,SE,-13.01,-15.81,-8.64
567245,2019-09-20,2019,SF,2019-09-20 19:20:00,19,6,0,6,2,12,6,11,230,84.8,4,50,0.08,0.1818,2.0,5.0,5.0,7.0,125.0,86.7,35.0,0.2857,0.0,7.0,1.0,4.0,105.0,82.9,35.0,0.0,74.8,23.8,47.0,986.7,0.0,9.5,5.9,104.9,E,-5.79,-8.03,-2.85
567246,2019-09-21,2019,SF,2019-09-21 19:20:00,19,8,1,9,2,16,7,12,269,80.2,2,46,0.0435,0.1667,2.0,10.0,7.0,5.0,145.0,82.4,30.0,0.4,0.0,6.0,0.0,7.0,124.0,78.6,40.0,0.0,78.5,25.8,49.0,985.9,0.0,5.7,3.5,77.3,E,-0.96,-2.82,1.0
567247,2019-09-22,2019,SF,2019-09-22 13:20:00,13,1,4,5,0,20,4,15,307,84.8,4,51,0.0784,0.0,0.0,12.0,2.0,5.0,144.0,84.5,35.0,0.0,0.0,8.0,1.0,10.0,163.0,85.0,46.0,0.0,83.2,28.5,39.0,985.6,0.0,7.4,4.6,147.3,SE,-7.28,-7.29,-6.4
630272,2020-07-29,2020,TB,2020-07-29 19:10:00,19,7,4,11,1,19,8,18,312,80.7,5,50,0.1,0.0556,1.0,10.0,4.0,12.0,165.0,80.3,50.0,0.0833,0.0,9.0,4.0,6.0,147.0,81.2,40.0,0.0,78.1,25.6,87.0,979.1,3.9,4.7,2.9,166.6,S,-4.61,-4.08,-4.58
630346,2020-07-30,2020,TB,2020-07-30 19:10:00,19,2,1,3,0,17,6,8,236,79.4,1,39,0.0256,0.0,0.0,8.0,4.0,3.0,119.0,77.6,31.0,0.0,0.0,9.0,1.0,5.0,117.0,81.1,32.0,0.0,79.1,26.2,89.3,977.6,0.5,8.8,5.5,212.4,SW,-5.06,-2.29,-7.22
630275,2020-07-31,2020,NYM,2020-07-31 19:10:00,19,11,10,21,3,22,11,24,341,80.6,1,54,0.0185,0.125,0.0,11.0,7.0,11.0,169.0,82.1,44.0,0.0,3.0,11.0,4.0,13.0,172.0,79.2,47.0,0.2308,80.1,26.7,87.7,977.3,0.0,11.3,7.0,249.0,W,0.3,4.14,-3.58
630278,2020-08-01,2020,NYM,2020-08-01 19:10:00,19,7,1,8,2,21,7,15,326,80.3,3,44,0.0682,0.1333,2.0,10.0,2.0,9.0,159.0,78.6,53.0,0.2222,0.0,11.0,5.0,6.0,167.0,82.4,45.0,0.0,81.9,27.7,68.7,977.8,0.0,8.7,5.4,224.0,SW,-3.45,-0.53,-5.97
630280,2020-08-02,2020,NYM,2020-08-02 13:10:00,13,4,0,4,1,21,7,17,282,83.7,2,44,0.0455,0.0588,1.0,9.0,2.0,7.0,111.0,84.6,35.0,0.1429,0.0,12.0,5.0,10.0,171.0,83.2,54.0,0.0,85.5,29.7,57.3,980.1,0.3,4.8,3.0,251.3,W,0.32,1.95,-1.35
630281,2020-08-03,2020,NYM,2020-08-03 19:10:00,19,2,7,9,2,21,12,16,317,83.5,3,46,0.0652,0.125,1.0,15.0,4.0,7.0,162.0,83.5,35.0,0.1429,1.0,6.0,8.0,9.0,155.0,83.5,44.0,0.1111,77.6,25.3,80.3,977.4,0.5,5.7,3.6,80.5,E,-1.29,-3.12,0.7
630284,2020-08-04,2020,TOR,2020-08-04 19:10:00,19,10,1,11,3,11,11,18,295,82.7,4,56,0.0714,0.1667,3.0,5.0,6.0,13.0,165.0,83.7,53.0,0.2308,0.0,6.0,4.0,5.0,130.0,81.2,39.0,0.0,80.7,27.0,69.0,978.5,0.0,5.3,3.3,67.2,NE,0.03,-1.8,1.85
630307,2020-08-05,2020,TOR,2020-08-05 19:10:00,19,1,2,3,1,21,5,8,291,81.6,3,39,0.0769,0.125,1.0,12.0,4.0,3.0,142.0,81.4,31.0,0.3333,0.0,9.0,1.0,5.0,149.0,81.7,47.0,0.0,79.4,26.3,84.0,978.8,0.0,4.1,2.6,14.8,N,3.29,2.24,3.95
630313,2020-08-06,2020,TOR,2020-08-06 19:10:00,19,4,3,7,3,18,3,9,232,83.9,2,43,0.0465,0.3333,2.0,8.0,3.0,4.0,121.0,86.5,35.0,0.5,1.0,10.0,0.0,5.0,111.0,81.3,36.0,0.2,77.8,25.4,89.0,979.6,0.7,8.4,5.2,55.1,NE,1.81,-1.11,4.51
630316,2020-08-17,2020,WSH,2020-08-17 19:10:00,19,7,6,13,6,19,13,22,369,83.0,7,54,0.1296,0.2727,2.0,7.0,5.0,13.0,196.0,82.8,68.0,0.1538,4.0,12.0,7.0,9.0,173.0,83.5,36.0,0.4444,79.9,26.6,57.7,978.4,0.0,7.3,4.5,308.1,NW,6.36,7.2,4.75
630322,2020-08-18,2020,WSH,2020-08-18 19:10:00,19,5,8,13,1,13,8,31,327,85.6,4,68,0.0588,0.0323,1.0,9.0,4.0,14.0,171.0,84.8,58.0,0.0714,0.0,4.0,3.0,17.0,156.0,86.4,57.0,0.0,81.4,27.4,62.0,976.2,0.2,6.4,4.0,80.8,E,-1.47,-3.51,0.75
630324,2020-08-21,2020,PHI,2020-08-21 19:10:00,19,11,2,13,3,18,8,21,319,82.6,5,53,0.0943,0.1429,3.0,10.0,4.0,14.0,173.0,83.0,53.0,0.2143,0.0,8.0,4.0,7.0,146.0,82.1,43.0,0.0,72.4,22.4,92.3,976.5,0.4,4.2,2.6,104.8,E,-2.53,-3.51,-1.24
630338,2020-08-22,2020,PHI,2020-08-22 19:10:00,19,6,5,11,3,19,6,18,299,81.3,3,52,0.0577,0.1667,1.0,10.0,1.0,11.0,147.0,81.6,45.0,0.0909,2.0,9.0,4.0,7.0,152.0,81.1,47.0,0.2857,75.1,24.0,82.3,979.4,4.8,11.9,7.4,130.8,SE,-10.66,-11.85,-8.19
630273,2020-08-23,2020,PHI,2020-08-23 19:08:00,19,4,5,9,3,20,7,19,299,83.4,6,51,0.1176,0.1579,0.0,10.0,4.0,9.0,147.0,83.6,48.0,0.0,3.0,10.0,3.0,10.0,152.0,83.2,48.0,0.3,77.7,25.4,82.7,982.5,0.0,9.7,6.0,139.0,SE,-9.2,-9.7,-7.59
630360,2020-08-26,2020,NYY,2020-08-25 19:10:00,19,2,1,3,1,11,1,10,197,82.7,2,36,0.0556,0.1,1.0,6.0,0.0,5.0,87.0,84.3,26.0,0.2,0.0,5.0,1.0,5.0,110.0,81.5,36.0,0.0,72.5,22.5,98.0,982.5,0.5,7.2,4.5,63.7,NE,0.48,-2.01,2.92
630361,2020-08-26,2020,NYY,2020-08-26 16:10:00,16,5,1,6,4,17,4,8,217,86.0,4,30,0.1333,0.5,3.0,11.0,2.0,6.0,117.0,86.1,25.0,0.5,1.0,6.0,2.0,2.0,100.0,85.9,25.0,0.5,84.4,29.1,66.3,982.0,0.0,2.9,1.8,17.3,N,2.23,1.46,2.73
630323,2020-09-04,2020,WSH,2020-08-19 19:10:00,19,9,10,19,5,17,11,18,303,83.4,5,44,0.1136,0.2778,4.0,11.0,6.0,8.0,146.0,85.9,34.0,0.5,1.0,6.0,5.0,10.0,157.0,81.7,49.0,0.1,73.8,23.2,87.0,977.1,7.8,7.5,4.6,350.1,N,7.29,6.29,7.4
630371,2020-09-04,2020,WSH,2020-09-04 16:10:00,16,7,1,8,3,11,3,19,231,82.2,4,46,0.087,0.1579,3.0,6.0,2.0,11.0,113.0,87.2,37.0,0.2727,0.0,5.0,1.0,8.0,118.0,77.6,40.0,0.0,89.5,31.9,48.3,981.6,0.0,13.0,8.1,299.7,NW,10.29,12.41,6.94
630383,2020-09-05,2020,WSH,2020-09-05 19:10:00,19,4,10,14,3,17,9,20,358,80.1,4,57,0.0702,0.15,3.0,7.0,4.0,6.0,165.0,81.7,52.0,0.5,0.0,10.0,4.0,14.0,193.0,78.7,56.0,0.0,76.7,24.8,46.7,985.1,0.0,9.9,6.2,343.7,N,9.84,8.88,9.61
630491,2020-09-06,2020,WSH,2020-09-06 13:10:00,13,10,3,13,2,15,9,21,314,84.9,4,55,0.0727,0.0952,2.0,7.0,8.0,13.0,179.0,88.5,55.0,0.1538,0.0,8.0,0.0,8.0,135.0,81.0,49.0,0.0,82.4,28.0,43.3,985.6,0.0,10.7,6.6,81.0,E,-2.49,-5.89,1.21
630415,2020-09-07,2020,MIA,2020-09-07 13:10:00,13,4,5,9,1,11,14,17,361,82.7,3,64,0.0469,0.0588,1.0,4.0,5.0,8.0,175.0,83.0,54.0,0.125,0.0,7.0,5.0,9.0,186.0,82.4,61.0,0.0,82.3,28.0,40.0,981.0,0.0,8.3,5.2,109.0,E,-5.5,-7.29,-3.04
630438,2020-09-08,2020,MIA,2020-09-08 19:10:00,19,0,8,8,3,19,5,17,308,83.0,3,51,0.0588,0.1765,0.0,10.0,2.0,4.0,144.0,82.0,49.0,0.0,3.0,9.0,3.0,13.0,164.0,84.1,49.0,0.2308,77.1,25.0,56.7,980.2,0.0,8.1,5.1,64.7,NE,0.4,-2.4,3.16
630439,2020-09-09,2020,MIA,2020-09-09 19:10:00,19,29,9,38,9,16,13,36,437,84.6,8,71,0.1127,0.25,7.0,9.0,9.0,23.0,240.0,84.4,70.0,0.3043,2.0,7.0,4.0,13.0,197.0,84.9,55.0,0.1538,78.2,25.7,73.0,983.3,0.0,7.7,4.8,42.4,NE,3.26,0.68,5.45
630440,2020-09-21,2020,MIA,2020-09-21 19:10:00,19,5,4,9,0,19,9,17,316,81.3,2,46,0.0435,0.0,0.0,11.0,3.0,8.0,140.0,81.7,46.0,0.0,0.0,8.0,6.0,9.0,176.0,80.9,54.0,0.0,60.4,15.8,63.0,988.5,0.0,10.7,6.6,80.3,E,-2.37,-5.8,1.34
630385,2020-09-22,2020,MIA,2020-09-22 19:10:00,19,11,1,12,6,16,4,25,269,87.3,8,57,0.1404,0.24,5.0,6.0,2.0,15.0,134.0,88.4,49.0,0.3333,1.0,10.0,2.0,10.0,135.0,85.9,38.0,0.1,62.4,16.9,71.3,983.6,0.0,3.6,2.3,247.8,W,0.02,1.26,-1.23
630554,2020-09-23,2020,MIA,2020-09-23 19:10:00,19,9,4,13,3,15,7,17,290,82.9,5,51,0.098,0.1765,1.0,5.0,6.0,10.0,154.0,80.9,56.0,0.1,2.0,10.0,1.0,7.0,136.0,86.0,37.0,0.2857,67.0,19.4,65.7,980.3,0.0,4.2,2.6,19.5,N,3.15,1.99,3.92
631685,2020-09-24,2020,MIA,2020-09-24 19:10:00,19,2,4,6,1,23,8,15,319,81.9,1,48,0.0208,0.0667,0.0,13.0,6.0,6.0,166.0,81.1,49.0,0.0,1.0,10.0,2.0,9.0,153.0,82.7,45.0,0.1111,63.4,17.5,97.3,976.3,5.0,23.0,14.3,102.3,E,-13.14,-18.8,-5.89
630569,2020-09-25,2020,BOS,2020-09-25 19:10:00,19,8,7,15,3,18,14,18,360,82.0,7,64,0.1094,0.1667,2.0,11.0,5.0,11.0,208.0,80.7,65.0,0.1818,1.0,7.0,5.0,7.0,152.0,83.7,49.0,0.1429,71.0,21.7,91.0,978.6,0.4,4.9,3.1,356.6,N,4.66,3.83,4.93
630570,2020-09-26,2020,BOS,2020-09-26 19:10:00,19,2,8,10,3,25,10,14,324,80.2,4,43,0.093,0.2143,1.0,13.0,4.0,6.0,149.0,81.5,37.0,0.1667,2.0,12.0,6.0,8.0,175.0,79.2,53.0,0.25,70.9,21.6,87.3,979.0,0.1,3.6,2.2,59.2,NE,0.52,-0.73,1.71
630573,2020-09-27,2020,BOS,2020-09-27 15:10:00,15,1,9,10,5,20,8,22,339,84.2,7,56,0.125,0.2273,1.0,9.0,4.0,7.0,153.0,86.1,54.0,0.1429,4.0,11.0,4.0,15.0,186.0,82.2,55.0,0.2667,75.6,24.2,82.0,976.8,8.4,12.9,8.0,156.4,SE,-12.9,-12.21,-12.03
634534,2021-04-09,2021,PHI,2021-04-09 19:20:00,19,8,1,9,3,17,7,18,288,86.9,5,50,0.1,0.1667,3.0,7.0,5.0,12.0,161.0,87.9,49.0,0.25,0.0,10.0,2.0,6.0,127.0,85.6,39.0,0.0,64.9,18.3,79.3,976.7,0.0,10.3,6.4,174.3,S,-9.86,-8.25,-10.28
634524,2021-04-10,2021,PHI,2021-04-10 19:20:00,19,5,4,9,3,18,3,15,263,84.1,2,49,0.0408,0.2,1.0,6.0,0.0,9.0,117.0,86.0,41.0,0.1111,2.0,12.0,2.0,6.0,146.0,82.5,47.0,0.3333,64.8,18.2,83.0,967.9,0.0,11.4,7.1,201.9,S,-8.13,-4.92,-10.36
632207,2021-04-11,2021,PHI,2021-04-11 19:08:00,19,6,7,13,6,13,1,18,283,83.8,10,59,0.1695,0.3333,3.0,7.0,1.0,10.0,133.0,84.2,53.0,0.3,3.0,6.0,0.0,8.0,150.0,83.5,53.0,0.375,62.5,16.9,61.3,968.0,0.0,7.5,4.6,289.0,W,4.95,6.56,2.74
632219,2021-04-12,2021,MIA,2021-04-12 19:20:00,19,3,5,8,1,19,11,12,332,80.9,3,51,0.0588,0.0833,0.0,8.0,5.0,4.0,148.0,82.2,51.0,0.0,1.0,11.0,6.0,8.0,184.0,79.6,49.0,0.125,68.9,20.5,53.7,975.5,0.0,11.0,6.9,288.7,W,7.26,9.67,3.98
632211,2021-04-13,2021,MIA,2021-04-13 19:20:00,19,8,14,22,5,20,7,28,349,81.7,8,63,0.127,0.1786,2.0,12.0,4.0,11.0,169.0,81.4,62.0,0.1818,3.0,8.0,3.0,17.0,180.0,82.1,60.0,0.1765,70.2,21.2,63.7,980.3,0.0,8.4,5.2,320.0,NW,8.04,8.43,6.69
634581,2021-04-14,2021,MIA,2021-04-14 19:20:00,19,5,6,11,3,26,10,17,306,83.0,6,44,0.1364,0.1765,2.0,8.0,5.0,8.0,134.0,82.6,45.0,0.25,1.0,18.0,5.0,9.0,172.0,83.5,44.0,0.1111,63.2,17.3,90.3,978.2,1.5,9.7,6.0,284.6,W,5.83,8.11,2.84
634579,2021-04-15,2021,MIA,2021-04-15 12:20:00,12,7,6,13,3,21,10,17,336,80.9,4,48,0.0833,0.1765,2.0,11.0,5.0,8.0,170.0,79.9,56.0,0.25,1.0,10.0,5.0,9.0,166.0,82.0,49.0,0.1111,65.4,18.6,43.0,976.6,0.0,17.5,10.9,323.0,NW,16.97,17.45,14.45
634415,2021-04-23,2021,AZ,2021-04-23 19:20:00,19,5,4,9,3,17,7,12,273,85.1,7,46,0.1522,0.25,2.0,10.0,3.0,7.0,137.0,86.7,42.0,0.2857,1.0,7.0,3.0,5.0,136.0,83.6,43.0,0.2,60.2,15.7,48.0,980.9,0.0,7.8,4.8,91.1,E,-3.11,-5.36,-0.49
634380,2021-04-25,2021,AZ,2021-04-24 19:20:00,19,0,7,7,3,15,2,10,227,82.4,4,37,0.1081,0.3,0.0,7.0,0.0,0.0,98.0,81.2,39.0,,3.0,8.0,2.0,10.0,129.0,83.5,43.0,0.3,63.3,17.4,94.7,967.7,5.8,10.4,6.5,194.8,S,-8.27,-5.62,-9.93
634404,2021-04-25,2021,AZ,2021-04-25 13:20:00,13,0,5,5,2,13,5,9,190,83.6,3,36,0.0833,0.2222,0.0,6.0,2.0,1.0,83.0,84.2,25.0,0.0,2.0,7.0,3.0,8.0,107.0,83.2,30.0,0.25,65.1,18.4,60.3,978.6,0.0,20.3,12.6,326.0,NW,19.86,20.04,17.28
634402,2021-04-26,2021,CHC,2021-04-26 19:10:00,19,8,7,15,4,17,13,16,325,83.4,4,51,0.0784,0.25,2.0,8.0,7.0,10.0,172.0,83.1,54.0,0.2,2.0,9.0,6.0,6.0,153.0,83.8,51.0,0.3333,67.7,19.8,70.7,981.5,0.0,8.2,5.1,132.0,SE,-7.37,-8.13,-5.72
634351,2021-04-27,2021,CHC,2021-04-27 19:20:00,19,5,0,5,1,26,5,12,276,84.6,2,38,0.0526,0.0833,1.0,13.0,4.0,10.0,150.0,88.3,39.0,0.1,0.0,13.0,1.0,2.0,126.0,80.4,34.0,0.0,70.9,21.6,75.0,981.6,0.0,7.6,4.7,180.3,S,-7.0,-5.57,-7.59
634414,2021-04-28,2021,CHC,2021-04-28 19:20:00,19,10,0,10,5,17,5,23,322,83.9,5,58,0.0862,0.2174,5.0,6.0,2.0,18.0,168.0,86.2,66.0,0.2778,0.0,11.0,3.0,5.0,154.0,80.7,46.0,0.0,72.1,22.3,67.7,980.3,0.0,8.7,5.4,209.4,SW,-5.37,-2.7,-7.39
634347,2021-04-29,2021,CHC,2021-04-29 19:20:00,19,3,9,12,2,12,8,23,316,82.3,4,64,0.0625,0.087,1.0,7.0,3.0,7.0,144.0,83.6,41.0,0.1429,1.0,5.0,3.0,16.0,172.0,81.5,65.0,0.0625,72.1,22.3,74.0,977.6,0.0,11.5,7.1,219.0,SW,-5.47,-1.7,-8.59
634219,2021-05-07,2021,PHI,2021-05-07 19:20:00,19,2,12,14,3,23,7,21,349,79.1,3,51,0.0588,0.1429,1.0,10.0,1.0,5.0,134.0,79.2,45.0,0.2,2.0,13.0,6.0,16.0,215.0,79.1,70.0,0.125,58.1,14.5,56.3,980.3,0.0,8.8,5.5,316.7,NW,8.23,8.8,6.66
634199,2021-05-08,2021,PHI,2021-05-08 19:20:00,19,8,7,15,3,25,14,21,418,80.5,5,64,0.0781,0.1429,2.0,11.0,7.0,9.0,211.0,82.1,63.0,0.2222,1.0,14.0,4.0,12.0,207.0,78.7,56.0,0.0833,64.4,18.0,66.0,980.7,0.0,6.6,4.1,19.9,N,4.85,3.04,6.07
634175,2021-05-09,2021,PHI,2021-05-09 19:08:00,19,6,1,7,3,16,3,15,259,83.6,3,46,0.0652,0.2,2.0,7.0,2.0,9.0,121.0,84.9,45.0,0.2222,1.0,9.0,1.0,6.0,138.0,82.4,46.0,0.1667,74.6,23.7,56.7,976.6,0.0,12.0,7.5,212.7,SW,-6.85,-3.07,-9.81
634163,2021-05-11,2021,TOR,2021-05-11 19:20:00,19,3,5,8,3,23,2,18,305,81.6,4,47,0.0851,0.1667,2.0,13.0,1.0,7.0,153.0,83.4,45.0,0.2857,1.0,10.0,1.0,11.0,152.0,80.3,58.0,0.0909,67.9,19.9,71.0,980.8,0.0,8.5,5.3,335.0,NW,8.46,8.07,7.82
634238,2021-05-12,2021,TOR,2021-05-12 19:20:00,19,1,4,5,3,15,5,10,254,81.2,7,47,0.1489,0.3,1.0,8.0,2.0,5.0,121.0,81.2,40.0,0.2,2.0,7.0,3.0,5.0,133.0,81.1,42.0,0.4,52.2,11.2,75.7,986.3,0.0,14.3,8.9,72.7,E,-1.29,-6.07,3.65
634114,2021-05-13,2021,TOR,2021-05-13 12:20:00,12,4,8,12,2,22,5,19,306,82.8,5,50,0.1,0.1053,2.0,15.0,2.0,6.0,148.0,81.0,44.0,0.3333,0.0,7.0,3.0,13.0,158.0,84.4,48.0,0.0,63.3,17.4,43.3,987.5,0.0,12.2,7.6,77.7,E,-2.15,-6.13,2.08
634063,2021-05-17,2021,NYM,2021-05-17 19:10:00,19,1,3,4,1,20,6,12,282,82.3,4,46,0.087,0.0833,1.0,8.0,1.0,3.0,118.0,86.4,40.0,0.3333,0.0,12.0,4.0,9.0,164.0,78.9,48.0,0.0,72.0,22.2,53.7,984.3,0.0,13.1,8.2,88.0,E,-4.6,-8.53,-0.11
634107,2021-05-18,2021,NYM,2021-05-18 19:20:00,19,3,4,7,4,23,4,13,242,81.6,4,41,0.0976,0.3077,2.0,15.0,3.0,5.0,133.0,81.2,36.0,0.4,2.0,8.0,1.0,8.0,109.0,81.8,41.0,0.25,71.8,22.1,62.3,986.0,0.0,14.6,9.1,108.6,E,-9.6,-12.78,-5.26
634066,2021-05-19,2021,NYM,2021-05-19 19:20:00,19,5,4,9,2,23,4,14,251,83.2,4,41,0.0976,0.1429,1.0,10.0,2.0,10.0,124.0,84.5,47.0,0.1,1.0,13.0,1.0,4.0,127.0,81.6,36.0,0.25,73.9,23.3,55.0,987.0,0.0,15.3,9.5,97.3,E,-7.61,-11.69,-2.61
634041,2021-05-20,2021,PIT,2021-05-20 19:20:00,19,4,6,10,4,22,4,20,338,81.4,4,56,0.0714,0.2,2.0,12.0,3.0,8.0,160.0,81.7,52.0,0.25,2.0,10.0,1.0,12.0,178.0,81.1,72.0,0.1667,74.7,23.7,48.0,989.0,0.0,15.3,9.5,93.9,E,-6.83,-11.11,-1.72
634036,2021-05-21,2021,PIT,2021-05-21 19:20:00,19,20,1,21,7,18,6,31,320,79.4,9,63,0.1429,0.2258,7.0,9.0,5.0,20.0,184.0,80.9,75.0,0.35,0.0,9.0,1.0,11.0,136.0,77.1,49.0,0.0,76.3,24.6,52.0,990.9,0.0,10.4,6.5,90.6,E,-4.09,-7.13,-0.56
634049,2021-05-22,2021,PIT,2021-05-22 16:10:00,16,6,1,7,4,17,7,17,277,83.8,4,48,0.0833,0.2353,3.0,10.0,3.0,10.0,142.0,83.7,45.0,0.3,1.0,7.0,4.0,7.0,135.0,83.9,44.0,0.1429,83.1,28.4,35.3,989.4,0.0,6.8,4.2,120.3,SE,-5.42,-6.5,-3.69
634060,2021-05-23,2021,PIT,2021-05-23 13:20:00,13,7,1,8,3,12,4,11,227,80.1,3,48,0.0625,0.2727,3.0,8.0,1.0,7.0,115.0,80.5,40.0,0.4286,0.0,4.0,3.0,4.0,112.0,79.6,42.0,0.0,86.5,30.3,33.3,986.6,0.0,2.8,1.8,334.2,NW,2.83,2.71,2.6
633917,2021-05-31,2021,WSH,2021-05-31 17:10:00,17,5,3,8,2,21,8,13,286,79.9,3,43,0.0698,0.1538,1.0,11.0,5.0,6.0,151.0,78.9,38.0,0.1667,1.0,10.0,3.0,7.0,135.0,80.6,49.0,0.1429,78.5,25.8,39.3,986.6,0.0,6.5,4.0,112.7,SE,-4.61,-5.9,-2.76
633863,2021-06-01,2021,WSH,2021-06-01 19:20:00,19,6,11,17,3,21,7,22,344,83.0,7,57,0.1228,0.1364,1.0,9.0,4.0,8.0,170.0,84.3,52.0,0.125,2.0,12.0,3.0,14.0,174.0,81.7,55.0,0.1429,74.7,23.7,52.3,984.4,0.0,8.8,5.5,98.3,E,-4.51,-6.82,-1.66
633883,2021-06-02,2021,WSH,2021-06-02 19:20:00,19,3,5,8,3,17,5,16,287,81.6,5,52,0.0962,0.1875,1.0,10.0,3.0,7.0,145.0,81.8,45.0,0.1429,2.0,7.0,2.0,9.0,142.0,81.5,54.0,0.2222,74.4,23.5,61.7,980.6,0.0,8.0,5.0,69.7,E,-0.31,-3.04,2.45
633836,2021-06-03,2021,WSH,2021-06-03 12:20:00,12,5,1,6,1,19,8,11,258,82.1,4,43,0.093,0.0909,1.0,9.0,3.0,7.0,121.0,80.3,47.0,0.1429,0.0,10.0,5.0,4.0,137.0,84.3,39.0,0.0,81.3,27.4,51.7,980.4,0.0,10.6,6.6,229.3,SW,-3.32,0.34,-6.57
633820,2021-06-04,2021,LAD,2021-06-04 19:20:00,19,5,9,14,1,21,13,11,351,80.6,1,45,0.0222,0.0909,1.0,11.0,5.0,7.0,162.0,80.7,54.0,0.1429,0.0,10.0,8.0,4.0,189.0,80.6,60.0,0.0,77.8,25.5,65.0,980.2,0.2,7.2,4.5,235.1,SW,-1.56,0.95,-3.88
633828,2021-06-05,2021,LAD,2021-06-05 19:15:00,19,6,4,10,1,23,5,16,285,80.7,0,44,0.0,0.0625,1.0,12.0,3.0,11.0,130.0,82.6,36.0,0.0909,0.0,11.0,2.0,5.0,155.0,79.2,47.0,0.0,75.1,23.9,88.7,981.0,2.7,5.9,3.7,27.0,NE,3.85,2.08,5.16
633810,2021-06-06,2021,LAD,2021-06-06 13:20:00,13,4,2,6,1,15,6,14,273,82.3,3,50,0.06,0.0714,0.0,10.0,6.0,7.0,147.0,81.7,45.0,0.0,1.0,5.0,0.0,7.0,126.0,82.9,50.0,0.1429,77.7,25.4,74.7,983.1,0.2,4.2,2.6,132.6,SE,-3.84,-4.22,-3.0
633724,2021-06-15,2021,BOS,2021-06-15 19:20:00,19,8,10,18,4,26,5,23,318,80.9,6,52,0.1154,0.1739,0.0,15.0,3.0,9.0,162.0,76.8,47.0,0.0,4.0,11.0,2.0,14.0,156.0,84.5,53.0,0.2857,79.2,26.2,41.7,977.0,0.0,12.4,7.7,345.7,N,12.27,10.93,12.14
633708,2021-06-16,2021,BOS,2021-06-16 19:20:00,19,8,10,18,3,18,8,26,360,85.5,8,63,0.127,0.1154,2.0,8.0,5.0,12.0,181.0,85.9,55.0,0.1667,1.0,10.0,3.0,14.0,179.0,85.1,56.0,0.0714,79.0,26.1,40.0,978.7,0.0,13.1,8.2,323.9,NW,12.76,13.05,10.94
633691,2021-06-17,2021,STL,2021-06-17 19:20:00,19,4,0,4,1,14,5,11,271,82.4,1,46,0.0217,0.0909,1.0,5.0,5.0,8.0,143.0,82.8,51.0,0.125,0.0,9.0,0.0,3.0,128.0,81.8,37.0,0.0,81.3,27.4,43.0,980.1,0.0,6.3,3.9,359.6,N,5.87,4.7,6.33
633607,2021-06-18,2021,STL,2021-06-18 19:20:00,19,9,1,10,2,13,10,14,272,82.4,6,48,0.125,0.1429,2.0,7.0,7.0,11.0,149.0,84.1,46.0,0.1818,0.0,6.0,3.0,3.0,123.0,80.5,43.0,0.0,84.2,29.0,48.3,980.6,0.0,5.1,3.1,170.9,S,-4.93,-4.23,-5.03
633565,2021-06-20,2021,STL,2021-06-20 19:08:00,19,1,0,1,1,15,4,6,190,82.3,1,29,0.0345,0.1667,1.0,7.0,1.0,4.0,81.0,86.0,29.0,0.25,0.0,8.0,3.0,2.0,109.0,79.5,38.0,0.0,78.7,26.0,74.7,975.2,0.0,10.4,6.5,270.0,W,3.99,7.05,0.46
633610,2021-06-20,2021,STL,2021-06-19 19:15:00,19,1,9,10,2,17,6,15,224,82.1,3,39,0.0769,0.1333,0.0,11.0,3.0,3.0,111.0,80.4,29.0,0.0,2.0,6.0,3.0,12.0,113.0,83.1,47.0,0.1667,69.9,21.0,95.7,976.4,9.9,23.3,14.5,94.7,E,-10.64,-17.09,-2.91
633587,2021-06-29,2021,NYM,2021-06-29 19:20:00,19,3,4,7,2,19,7,13,283,83.1,3,47,0.0638,0.1538,1.0,9.0,3.0,6.0,144.0,84.6,55.0,0.1667,1.0,10.0,3.0,7.0,139.0,81.2,43.0,0.1429,78.4,25.8,72.3,986.5,0.2,7.0,4.3,141.2,SE,-6.72,-6.99,-5.64
633437,2021-06-30,2021,NYM,2021-06-30 19:20:00,19,20,2,22,5,18,9,24,314,84.6,7,55,0.1273,0.2083,4.0,6.0,6.0,20.0,195.0,85.7,61.0,0.2,1.0,12.0,3.0,4.0,119.0,82.6,35.0,0.25,78.1,25.6,82.7,983.2,0.0,7.1,4.4,207.9,SW,-4.5,-2.37,-6.09
633418,2021-07-01,2021,NYM,2021-07-01 19:20:00,19,4,3,7,3,21,6,15,281,84.1,2,47,0.0426,0.2,1.0,17.0,2.0,9.0,151.0,82.2,41.0,0.1111,2.0,4.0,3.0,6.0,130.0,85.7,47.0,0.3333,79.9,26.6,69.3,978.1,0.0,6.8,4.2,268.2,W,2.4,4.42,0.09
633468,2021-07-02,2021,MIA,2021-07-02 19:20:00,19,1,0,1,0,17,9,7,267,78.4,0,38,0.0,0.0,0.0,8.0,2.0,2.0,124.0,76.3,44.0,0.0,0.0,9.0,7.0,5.0,143.0,80.7,40.0,0.0,76.3,24.6,87.0,974.6,0.8,6.4,4.0,260.5,W,1.43,3.47,-0.78
633416,2021-07-03,2021,MIA,2021-07-03 16:10:00,16,2,3,5,1,16,10,13,297,80.6,2,49,0.0408,0.0769,0.0,6.0,5.0,8.0,149.0,82.6,52.0,0.0,1.0,10.0,5.0,5.0,148.0,78.0,41.0,0.2,83.2,28.4,37.3,976.9,0.0,2.7,1.7,200.3,S,-1.98,-1.23,-2.49
633423,2021-07-04,2021,MIA,2021-07-04 13:20:00,13,8,7,15,4,22,9,24,375,81.2,3,58,0.0517,0.1667,1.0,9.0,2.0,12.0,179.0,83.0,57.0,0.0833,3.0,13.0,2.0,12.0,196.0,79.6,63.0,0.25,83.2,28.4,43.7,979.8,0.0,6.9,4.3,137.0,SE,-6.46,-6.9,-5.25
633265,2021-07-16,2021,TB,2021-07-16 19:20:00,19,6,7,13,4,23,9,22,368,81.5,3,59,0.0508,0.1818,3.0,11.0,3.0,10.0,176.0,79.7,72.0,0.3,1.0,12.0,6.0,12.0,192.0,83.7,60.0,0.0833,77.7,25.4,87.3,983.0,1.4,8.1,5.0,196.0,S,-6.34,-4.23,-7.68
633303,2021-07-17,2021,TB,2021-07-17 19:20:00,19,9,0,9,2,11,5,15,252,85.7,3,55,0.0545,0.1333,2.0,3.0,2.0,11.0,131.0,85.1,58.0,0.1818,0.0,8.0,2.0,4.0,121.0,86.5,36.0,0.0,76.3,24.6,82.3,984.2,0.3,7.3,4.6,333.5,NW,7.32,7.05,6.7
633237,2021-07-18,2021,TB,2021-07-18 13:20:00,13,5,7,12,2,14,6,20,315,79.3,4,59,0.0678,0.1,0.0,8.0,3.0,12.0,169.0,79.1,61.0,0.0,2.0,6.0,3.0,8.0,146.0,79.4,54.0,0.25,77.2,25.1,77.7,984.7,0.3,8.0,5.0,193.0,S,-6.54,-4.55,-7.74
633240,2021-07-20,2021,SD,2021-07-20 19:20:00,19,2,1,3,1,11,4,10,243,84.7,2,50,0.04,0.1,1.0,5.0,2.0,5.0,132.0,83.9,40.0,0.2,0.0,6.0,2.0,5.0,111.0,85.7,36.0,0.0,74.1,23.4,89.7,978.8,0.6,5.6,3.5,128.6,SE,-4.9,-5.53,-3.68
633224,2021-07-21,2021,SD,2021-07-19 19:20:00,19,5,6,11,2,13,12,11,326,79.2,3,39,0.0769,0.1818,1.0,6.0,6.0,5.0,162.0,82.0,55.0,0.2,1.0,7.0,4.0,6.0,164.0,76.5,58.0,0.1667,71.9,22.2,97.0,979.5,29.2,5.4,3.4,119.2,SE,-4.26,-5.16,-2.85
633250,2021-07-21,2021,SD,2021-07-21 12:20:00,12,2,3,5,1,9,4,12,248,84.7,2,45,0.0444,0.0833,0.0,3.0,0.0,5.0,112.0,85.6,49.0,0.0,1.0,6.0,4.0,7.0,136.0,83.7,44.0,0.1429,76.3,24.6,84.3,982.3,1.1,2.6,1.6,279.5,W,1.36,2.02,0.53
633131,2021-07-30,2021,MIL,2021-07-30 19:20:00,19,5,9,14,4,20,7,23,336,81.9,4,55,0.0727,0.1739,1.0,12.0,3.0,10.0,162.0,80.5,45.0,0.1,3.0,8.0,4.0,13.0,174.0,83.0,62.0,0.2308,81.2,27.3,86.3,979.3,0.4,8.5,5.3,301.5,NW,6.88,8.17,4.75
633117,2021-07-31,2021,MIL,2021-07-31 19:20:00,19,8,1,9,2,17,6,20,296,84.3,3,54,0.0556,0.1,2.0,9.0,2.0,13.0,153.0,82.5,64.0,0.1538,0.0,8.0,4.0,7.0,143.0,86.8,44.0,0.0,85.4,29.7,65.7,978.5,0.0,5.9,3.7,259.7,W,1.25,3.15,-0.8
633095,2021-08-01,2021,MIL,2021-08-01 13:20:00,13,1,2,3,1,17,1,10,249,85.1,1,47,0.0213,0.1,0.0,9.0,1.0,7.0,127.0,86.2,39.0,0.0,1.0,8.0,0.0,3.0,122.0,84.2,43.0,0.3333,84.6,29.2,68.0,978.8,3.2,15.1,9.4,308.7,NW,13.2,14.89,9.92
633031,2021-08-06,2021,WSH,2021-08-06 19:20:00,19,8,4,12,0,16,8,16,314,82.4,2,49,0.0408,0.0,0.0,5.0,4.0,11.0,168.0,83.5,53.0,0.0,0.0,11.0,3.0,5.0,146.0,81.0,44.0,0.0,78.4,25.8,68.0,982.4,0.1,6.6,4.1,74.9,E,-0.85,-3.03,1.43
632994,2021-08-07,2021,WSH,2021-08-07 19:20:00,19,2,3,5,2,25,7,12,274,83.2,2,41,0.0488,0.1667,1.0,15.0,2.0,5.0,143.0,82.4,33.0,0.2,1.0,10.0,4.0,7.0,131.0,83.8,40.0,0.1429,76.5,24.7,78.7,981.7,0.0,2.8,1.7,180.6,S,-2.57,-2.04,-2.8
632975,2021-08-08,2021,WSH,2021-08-08 13:20:00,13,5,4,9,2,14,3,18,249,81.7,3,54,0.0556,0.1111,2.0,6.0,1.0,6.0,88.0,86.9,34.0,0.3333,0.0,8.0,2.0,12.0,161.0,78.8,61.0,0.0,85.2,29.5,57.0,983.1,0.0,6.0,3.7,186.3,S,-5.23,-3.93,-5.9
632989,2021-08-10,2021,CIN,2021-08-10 19:20:00,19,3,2,5,2,19,10,9,290,79.6,2,40,0.05,0.2222,1.0,9.0,6.0,5.0,141.0,80.0,43.0,0.2,1.0,10.0,4.0,4.0,149.0,79.0,38.0,0.25,78.9,26.0,84.0,984.1,0.0,4.4,2.7,231.4,SW,-1.21,0.3,-2.57
632923,2021-08-11,2021,CIN,2021-08-11 19:20:00,19,8,6,14,4,26,12,17,387,81.8,7,55,0.1273,0.2353,2.0,12.0,7.0,7.0,188.0,82.4,54.0,0.2857,2.0,14.0,4.0,10.0,199.0,81.4,69.0,0.2,78.0,25.6,79.0,984.0,0.0,7.6,4.7,303.8,NW,6.35,7.42,4.52
632929,2021-08-12,2021,CIN,2021-08-12 17:10:00,17,3,12,15,6,22,6,21,325,82.8,7,54,0.1296,0.2857,1.0,12.0,3.0,7.0,155.0,82.7,52.0,0.1429,5.0,10.0,3.0,14.0,170.0,82.8,61.0,0.3571,83.7,28.7,67.7,983.8,0.0,7.5,4.7,192.0,S,-6.21,-4.37,-7.29
632805,2021-08-23,2021,NYY,2021-08-23 19:20:00,19,1,5,6,2,21,8,11,277,84.7,4,43,0.093,0.1818,1.0,8.0,4.0,5.0,123.0,84.1,39.0,0.2,1.0,13.0,4.0,6.0,154.0,85.3,43.0,0.1667,81.5,27.5,75.0,978.7,0.0,5.1,3.2,48.5,NE,1.66,-0.09,3.21
632763,2021-08-24,2021,NYY,2021-08-24 19:20:00,19,4,5,9,3,25,7,16,312,83.7,2,43,0.0465,0.1875,0.0,10.0,4.0,9.0,157.0,82.2,47.0,0.0,3.0,15.0,3.0,7.0,155.0,85.3,46.0,0.4286,79.9,26.6,88.0,980.4,0.1,4.2,2.6,287.6,W,2.71,3.64,1.45
632732,2021-08-27,2021,SF,2021-08-27 19:20:00,19,6,5,11,4,10,2,16,266,82.6,5,56,0.0893,0.25,2.0,3.0,1.0,9.0,123.0,86.5,47.0,0.2222,2.0,7.0,1.0,7.0,143.0,78.5,46.0,0.2857,79.2,26.2,83.7,983.6,0.3,7.9,4.9,98.4,E,-4.04,-6.11,-1.49
632733,2021-08-28,2021,SF,2021-08-28 19:20:00,19,0,5,5,2,16,5,15,287,82.1,3,52,0.0577,0.1333,0.0,10.0,1.0,7.0,134.0,80.8,44.0,0.0,2.0,6.0,4.0,8.0,153.0,83.2,56.0,0.25,80.1,26.7,75.0,984.8,0.0,9.3,5.8,128.0,SE,-8.12,-9.21,-6.06
632701,2021-08-29,2021,SF,2021-08-29 13:20:00,13,9,0,9,3,10,8,17,294,81.1,5,57,0.0877,0.1765,3.0,7.0,3.0,12.0,160.0,81.1,69.0,0.25,0.0,3.0,5.0,5.0,134.0,81.1,43.0,0.0,84.6,29.2,63.0,984.7,0.0,11.6,7.2,109.7,E,-7.81,-10.29,-4.39
632583,2021-09-07,2021,WSH,2021-09-07 19:20:00,19,8,5,13,3,17,9,20,285,82.6,4,51,0.0784,0.15,2.0,9.0,4.0,11.0,141.0,83.8,48.0,0.1818,1.0,8.0,5.0,9.0,144.0,81.2,42.0,0.1111,74.1,23.4,93.0,977.5,0.6,7.1,4.4,92.7,E,-3.03,-5.04,-0.65
632554,2021-09-08,2021,WSH,2021-09-08 19:20:00,19,2,4,6,4,16,13,12,305,84.7,4,49,0.0816,0.3333,2.0,12.0,5.0,6.0,161.0,83.5,45.0,0.3333,2.0,4.0,8.0,6.0,144.0,86.0,39.0,0.3333,73.6,23.1,93.3,975.2,1.0,6.8,4.2,231.1,SW,-1.92,0.43,-4.03
632570,2021-09-09,2021,WSH,2021-09-09 19:20:00,19,7,6,13,6,20,8,18,360,82.1,8,57,0.1404,0.3333,5.0,11.0,3.0,9.0,185.0,83.8,59.0,0.5556,1.0,9.0,2.0,9.0,175.0,80.8,69.0,0.1111,71.8,22.1,57.0,977.2,0.0,12.3,7.6,332.0,NW,12.21,11.88,11.07
632571,2021-09-10,2021,MIA,2021-09-10 19:20:00,19,6,2,8,1,27,6,15,327,80.2,2,40,0.05,0.0667,0.0,10.0,4.0,8.0,168.0,79.1,51.0,0.0,1.0,17.0,2.0,7.0,159.0,81.3,49.0,0.1429,71.3,21.8,71.3,981.8,0.0,6.3,3.9,33.6,NE,3.53,1.52,5.12
632538,2021-09-11,2021,MIA,2021-09-11 19:20:00,19,4,6,10,3,17,2,21,304,83.3,4,59,0.0678,0.1429,0.0,9.0,1.0,10.0,167.0,83.5,62.0,0.0,3.0,8.0,1.0,11.0,137.0,83.1,47.0,0.2727,73.8,23.2,72.0,985.8,0.0,6.3,3.9,115.0,SE,-4.64,-5.82,-2.9
632523,2021-09-12,2021,MIA,2021-09-12 13:20:00,13,5,3,8,4,14,5,13,274,83.0,6,51,0.1176,0.3077,3.0,6.0,3.0,8.0,139.0,89.6,46.0,0.375,1.0,8.0,2.0,5.0,135.0,77.4,55.0,0.2,79.6,26.4,65.3,989.3,0.1,6.3,3.9,147.3,SE,-6.17,-6.17,-5.42
632504,2021-09-14,2021,COL,2021-09-14 19:20:00,19,4,5,9,3,21,8,15,312,84.2,6,47,0.1277,0.2,1.0,11.0,3.0,8.0,157.0,83.8,54.0,0.125,2.0,10.0,4.0,7.0,155.0,84.8,41.0,0.2857,77.8,25.4,71.0,979.6,0.2,7.9,4.9,144.3,SE,-7.69,-7.84,-6.61
632465,2021-09-15,2021,COL,2021-09-15 19:20:00,19,2,3,5,1,26,6,15,338,81.7,1,47,0.0213,0.0667,1.0,12.0,4.0,10.0,169.0,82.0,60.0,0.1,0.0,14.0,2.0,5.0,169.0,81.3,57.0,0.0,68.5,20.3,94.7,979.3,6.2,8.2,5.1,61.3,NE,0.89,-1.94,3.61
632320,2021-09-28,2021,PHI,2021-09-28 19:20:00,19,2,1,3,0,20,6,7,266,84.3,0,40,0.0,0.0,0.0,9.0,2.0,4.0,116.0,84.2,43.0,0.0,0.0,11.0,3.0,3.0,150.0,84.4,48.0,0.0,70.0,21.1,80.3,978.9,0.0,6.9,4.3,337.0,NW,6.9,6.5,6.46
632306,2021-09-29,2021,PHI,2021-09-29 19:20:00,19,7,2,9,0,14,5,16,262,81.9,1,53,0.0189,0.0,0.0,7.0,5.0,11.0,139.0,82.6,51.0,0.0,0.0,7.0,0.0,5.0,123.0,81.1,43.0,0.0,71.9,22.2,75.0,980.1,0.0,6.4,4.0,313.9,NW,5.89,6.42,4.66
632293,2021-09-30,2021,PHI,2021-09-30 19:20:00,19,5,3,8,4,19,5,11,271,80.8,5,43,0.1163,0.3636,2.0,14.0,2.0,6.0,142.0,81.2,39.0,0.3333,2.0,5.0,2.0,5.0,129.0,80.5,41.0,0.4,73.5,23.0,82.7,983.1,0.0,2.8,1.8,356.4,N,2.68,2.21,2.83
632277,2021-10-01,2021,NYM,2021-10-01 19:20:00,19,3,4,7,4,22,3,19,286,82.5,3,47,0.0638,0.2105,2.0,12.0,1.0,8.0,155.0,82.3,48.0,0.25,2.0,10.0,2.0,11.0,131.0,82.7,49.0,0.1818,72.9,22.7,79.0,985.0,0.0,7.0,4.4,111.0,E,-4.84,-6.3,-2.81
632262,2021-10-02,2021,NYM,2021-10-02 19:15:00,19,6,5,11,3,17,8,18,312,83.3,4,52,0.0769,0.1667,2.0,8.0,4.0,9.0,148.0,82.0,46.0,0.2222,1.0,9.0,3.0,9.0,164.0,84.3,59.0,0.1111,72.6,22.5,82.3,983.2,0.0,6.7,4.2,128.6,SE,-5.9,-6.65,-4.43
632254,2021-10-03,2021,NYM,2021-10-03 15:20:00,15,5,0,5,1,12,3,10,233,82.9,4,46,0.087,0.1,1.0,6.0,2.0,7.0,118.0,85.7,50.0,0.1429,0.0,6.0,1.0,3.0,115.0,79.7,45.0,0.0,72.4,22.4,86.3,979.9,2.6,13.3,8.3,209.7,SW,-8.16,-4.07,-11.26
661577,2022-04-07,2022,CIN,2022-04-07 20:08:00,20,3,6,9,2,26,6,14,300,81.8,1,41,0.0244,0.1429,1.0,13.0,5.0,4.0,158.0,83.2,41.0,0.25,1.0,13.0,1.0,10.0,142.0,80.5,44.0,0.1,54.7,12.6,44.3,971.7,0.0,16.1,10.0,304.0,NW,13.43,15.65,9.58
661576,2022-04-08,2022,CIN,2022-04-08 19:20:00,19,7,6,13,0,15,10,14,288,81.9,4,50,0.08,0.0,0.0,8.0,7.0,8.0,148.0,82.8,42.0,0.0,0.0,7.0,3.0,6.0,140.0,81.2,49.0,0.0,45.4,7.4,58.0,974.4,0.0,14.9,9.3,288.3,W,9.76,13.04,5.31
661575,2022-04-09,2022,CIN,2022-04-09 19:20:00,19,2,1,3,0,16,6,11,264,82.7,1,43,0.0233,0.0,0.0,7.0,4.0,8.0,134.0,83.9,42.0,0.0,0.0,9.0,2.0,3.0,130.0,81.3,38.0,0.0,47.0,8.3,55.7,977.1,0.0,12.0,7.5,298.8,NW,9.38,11.39,6.24
661573,2022-04-10,2022,CIN,2022-04-10 13:35:00,13,3,6,9,3,20,8,14,323,81.3,5,47,0.1064,0.2143,2.0,10.0,2.0,7.0,142.0,83.9,46.0,0.2857,1.0,10.0,6.0,7.0,181.0,79.2,55.0,0.1429,65.0,18.3,41.3,982.8,0.0,6.8,4.2,214.7,SW,-3.67,-1.5,-5.39
661572,2022-04-11,2022,WSH,2022-04-11 19:20:00,19,2,11,13,1,17,10,19,347,82.9,4,55,0.0727,0.0526,0.0,8.0,3.0,4.0,146.0,83.6,45.0,0.0,1.0,9.0,7.0,15.0,201.0,82.5,65.0,0.0667,61.0,16.1,59.3,981.5,0.0,10.5,6.5,156.3,SE,-10.5,-9.94,-9.79
661571,2022-04-12,2022,WSH,2022-04-12 19:20:00,19,16,4,20,5,16,10,28,354,84.3,8,61,0.1311,0.1786,3.0,8.0,9.0,19.0,204.0,84.8,61.0,0.1579,2.0,8.0,1.0,9.0,150.0,83.8,50.0,0.2222,69.2,20.7,66.0,981.4,0.0,9.5,5.9,207.0,SW,-6.19,-3.34,-8.3
661570,2022-04-13,2022,WSH,2022-04-13 12:20:00,12,1,3,4,1,17,3,10,256,82.8,3,44,0.0682,0.1,1.0,8.0,3.0,3.0,128.0,85.2,41.0,0.3333,0.0,9.0,0.0,7.0,128.0,80.6,46.0,0.0,75.5,24.2,57.7,980.4,0.0,20.5,12.8,174.3,S,-19.65,-16.43,-20.5
661569,2022-04-22,2022,MIA,2022-04-22 19:20:00,19,3,0,3,0,22,6,11,294,81.4,0,40,0.0,0.0,0.0,6.0,3.0,6.0,150.0,80.7,54.0,0.0,0.0,16.0,3.0,5.0,144.0,82.5,39.0,0.0,69.9,21.1,67.7,988.5,0.0,7.6,4.7,107.8,E,-4.93,-6.63,-2.65
661568,2022-04-23,2022,MIA,2022-04-23 19:20:00,19,7,9,16,4,21,8,23,351,82.8,7,56,0.125,0.1739,3.0,10.0,1.0,9.0,159.0,84.5,63.0,0.3333,1.0,11.0,6.0,14.0,192.0,81.1,63.0,0.0714,70.3,21.3,59.7,984.8,0.0,11.2,6.9,121.3,SE,-9.01,-10.73,-6.22
661590,2022-04-24,2022,MIA,2022-04-24 13:35:00,13,4,5,9,1,26,15,18,343,80.8,4,45,0.0889,0.0556,1.0,14.0,8.0,7.0,165.0,78.3,42.0,0.1429,0.0,12.0,7.0,11.0,178.0,83.1,45.0,0.0,76.1,24.5,47.7,985.5,0.0,9.9,6.2,165.3,S,-9.84,-8.79,-9.71
661589,2022-04-26,2022,CHC,2022-04-26 19:20:00,19,3,1,4,2,12,0,10,244,81.7,7,48,0.1458,0.2,1.0,6.0,0.0,6.0,118.0,86.1,47.0,0.1667,1.0,6.0,0.0,4.0,126.0,77.7,50.0,0.25,62.0,16.7,62.0,983.8,0.0,16.1,10.0,323.3,NW,15.58,15.98,13.29
661552,2022-04-27,2022,CHC,2022-04-27 19:20:00,19,3,6,9,1,22,10,19,389,80.3,3,55,0.0545,0.0526,0.0,12.0,4.0,8.0,180.0,83.2,66.0,0.0,1.0,10.0,6.0,11.0,209.0,77.8,75.0,0.0909,65.8,18.8,38.7,982.3,0.0,10.6,6.6,294.3,NW,7.73,9.75,4.79
661551,2022-04-28,2022,CHC,2022-04-28 19:20:00,19,5,1,6,3,18,6,14,250,82.3,5,44,0.1136,0.2143,3.0,8.0,1.0,11.0,126.0,82.0,44.0,0.2727,0.0,10.0,4.0,3.0,124.0,82.7,32.0,0.0,68.6,20.3,46.0,981.2,0.0,6.8,4.2,154.8,SE,-6.76,-6.46,-6.24
661541,2022-05-06,2022,MIL,2022-05-06 19:20:00,19,3,6,9,2,22,7,14,315,84.2,5,46,0.1087,0.1429,2.0,11.0,3.0,3.0,139.0,83.9,44.0,0.6667,0.0,11.0,4.0,11.0,176.0,84.5,62.0,0.0,71.1,21.7,45.7,969.0,0.0,22.8,14.2,274.7,W,10.43,16.73,2.86
661540,2022-05-07,2022,MIL,2022-05-07 19:20:00,19,3,2,5,2,19,4,15,266,86.5,3,45,0.0667,0.1333,1.0,8.0,3.0,8.0,135.0,87.4,40.0,0.125,1.0,11.0,1.0,7.0,131.0,85.5,41.0,0.1429,63.5,17.5,62.7,971.8,0.0,19.0,11.8,317.0,NW,17.77,18.97,14.42
661550,2022-05-08,2022,MIL,2022-05-08 13:35:00,13,9,2,11,2,16,9,14,291,86.5,4,46,0.087,0.1429,2.0,9.0,5.0,10.0,149.0,84.2,42.0,0.2,0.0,7.0,4.0,4.0,142.0,88.6,46.0,0.0,64.0,17.8,66.3,977.1,0.0,10.1,6.3,108.3,E,-6.6,-8.82,-3.59
661549,2022-05-10,2022,BOS,2022-05-10 19:20:00,19,4,9,13,2,20,12,17,357,82.5,6,51,0.1176,0.1176,1.0,10.0,5.0,6.0,174.0,81.9,51.0,0.1667,1.0,10.0,7.0,11.0,183.0,82.9,60.0,0.0909,73.3,22.9,43.0,984.0,0.0,5.8,3.6,287.9,W,3.76,5.04,2.02
661548,2022-05-11,2022,BOS,2022-05-11 19:20:00,19,5,3,8,3,19,5,15,288,82.6,5,47,0.1064,0.2,2.0,8.0,1.0,8.0,125.0,84.5,39.0,0.25,1.0,11.0,4.0,7.0,163.0,81.0,47.0,0.1429,77.4,25.2,57.0,981.5,0.0,15.1,9.4,319.7,NW,14.37,15.09,11.93
661547,2022-05-13,2022,SD,2022-05-13 19:20:00,19,6,11,17,4,18,7,28,338,83.3,8,64,0.125,0.1429,2.0,9.0,4.0,12.0,170.0,84.5,50.0,0.1667,2.0,9.0,2.0,16.0,168.0,82.3,59.0,0.125,70.5,21.4,70.7,979.1,0.1,10.2,6.3,101.1,E,-5.63,-8.19,-2.39
661546,2022-05-14,2022,SD,2022-05-14 16:05:00,16,6,5,11,2,25,4,13,262,82.4,3,39,0.0769,0.1538,2.0,13.0,2.0,9.0,128.0,83.9,38.0,0.2222,0.0,12.0,2.0,4.0,134.0,81.1,43.0,0.0,82.8,28.2,40.7,977.3,0.0,7.5,4.7,171.7,S,-7.3,-6.23,-7.49
661545,2022-05-15,2022,SD,2022-05-15 11:35:00,11,3,7,10,1,28,7,12,331,82.6,4,51,0.0784,0.0833,1.0,16.0,4.0,5.0,170.0,82.8,49.0,0.2,0.0,12.0,2.0,7.0,161.0,82.4,54.0,0.0,78.3,25.7,54.7,978.7,0.0,7.0,4.4,299.5,NW,5.55,6.69,3.73
661544,2022-05-23,2022,PHI,2022-05-23 19:20:00,19,3,7,10,0,23,9,21,340,82.9,1,49,0.0204,0.0,0.0,12.0,1.0,11.0,153.0,83.9,42.0,0.0,0.0,11.0,8.0,10.0,187.0,82.2,56.0,0.0,71.0,21.7,78.0,980.7,0.0,8.9,5.5,307.3,NW,7.67,8.73,5.68
661543,2022-05-24,2022,PHI,2022-05-24 19:20:00,19,6,5,11,2,22,6,24,339,83.7,3,51,0.0588,0.0833,1.0,13.0,2.0,14.0,176.0,84.2,53.0,0.0714,1.0,9.0,3.0,10.0,163.0,83.1,51.0,0.1,74.2,23.4,85.0,981.1,1.6,6.8,4.2,151.4,SE,-6.76,-6.6,-6.11
661542,2022-05-25,2022,PHI,2022-05-25 19:20:00,19,8,4,12,4,21,10,24,349,81.7,6,50,0.12,0.1667,3.0,12.0,7.0,13.0,185.0,82.7,55.0,0.2308,1.0,9.0,3.0,11.0,164.0,80.8,58.0,0.0909,72.3,22.4,84.3,981.6,0.5,13.3,8.2,127.9,SE,-11.54,-13.08,-8.6
661574,2022-05-26,2022,PHI,2022-05-26 19:20:00,19,1,4,5,1,18,3,11,246,83.3,3,46,0.0652,0.0909,0.0,11.0,1.0,5.0,124.0,82.3,38.0,0.0,1.0,7.0,2.0,6.0,122.0,84.1,47.0,0.1667,67.2,19.5,94.3,977.1,6.2,16.3,10.1,179.3,S,-15.16,-12.17,-16.32
661539,2022-05-27,2022,MIA,2022-05-27 19:20:00,19,6,4,10,3,17,6,11,289,82.9,4,45,0.0889,0.2727,1.0,7.0,3.0,6.0,145.0,84.1,48.0,0.1667,2.0,10.0,3.0,5.0,144.0,81.8,52.0,0.4,71.2,21.8,61.3,975.0,0.0,11.4,7.1,311.4,NW,10.24,11.34,7.9
661537,2022-05-28,2022,MIA,2022-05-28 16:10:00,16,1,4,5,1,22,7,13,286,82.0,3,41,0.0732,0.0769,0.0,16.0,1.0,5.0,131.0,82.6,36.0,0.0,1.0,6.0,6.0,8.0,155.0,81.7,52.0,0.125,78.7,25.9,45.7,976.2,0.0,6.8,4.2,303.7,NW,5.68,6.64,4.03
661517,2022-05-29,2022,MIA,2022-05-29 13:35:00,13,6,3,9,5,15,4,18,304,84.4,7,53,0.1321,0.2778,3.0,6.0,0.0,11.0,151.0,85.0,59.0,0.2727,2.0,9.0,4.0,7.0,153.0,83.5,44.0,0.2857,80.5,26.9,49.0,980.5,0.0,12.7,7.9,163.0,S,-12.61,-11.43,-12.26
661516,2022-06-07,2022,ATH,2022-06-07 19:20:00,19,3,2,5,3,20,1,14,233,83.3,5,43,0.1163,0.2143,3.0,12.0,1.0,9.0,120.0,85.4,43.0,0.3333,0.0,8.0,0.0,5.0,113.0,80.8,37.0,0.0,73.9,23.3,88.7,978.7,9.4,7.2,4.5,271.4,W,2.93,5.02,0.5
661515,2022-06-08,2022,ATH,2022-06-08 19:20:00,19,13,2,15,4,13,5,21,275,83.6,5,57,0.0877,0.1905,4.0,6.0,3.0,13.0,153.0,84.6,68.0,0.3077,0.0,7.0,2.0,8.0,122.0,81.9,44.0,0.0,75.3,24.0,88.0,976.4,4.0,10.4,6.5,261.6,W,2.55,5.85,-1.07
661514,2022-06-09,2022,PIT,2022-06-09 19:20:00,19,3,1,4,1,22,2,14,243,81.3,0,40,0.0,0.0714,0.0,9.0,2.0,6.0,109.0,80.3,31.0,0.0,1.0,13.0,0.0,8.0,134.0,82.1,46.0,0.125,77.8,25.5,58.7,976.4,0.0,10.4,6.5,336.0,NW,10.4,9.86,9.68
661513,2022-06-10,2022,PIT,2022-06-10 19:20:00,19,4,2,6,1,21,3,18,270,83.5,5,47,0.1064,0.0556,1.0,8.0,1.0,10.0,123.0,83.2,38.0,0.1,0.0,13.0,1.0,8.0,147.0,83.7,49.0,0.0,76.9,24.9,54.3,976.0,0.0,5.4,3.4,305.8,NW,4.62,5.32,3.37
661160,2022-06-11,2022,PIT,2022-06-11 16:10:00,16,10,4,14,5,24,5,14,269,84.6,5,41,0.122,0.3571,3.0,8.0,2.0,8.0,123.0,87.3,38.0,0.375,2.0,16.0,2.0,6.0,146.0,81.7,35.0,0.3333,85.9,29.9,43.3,974.4,1.0,5.6,3.5,206.3,SW,-3.66,-2.01,-4.88
661144,2022-06-12,2022,PIT,2022-06-12 13:35:00,13,5,3,8,5,17,5,14,260,81.2,6,46,0.1304,0.3571,4.0,7.0,3.0,7.0,146.0,78.8,48.0,0.5714,1.0,10.0,2.0,7.0,114.0,84.4,35.0,0.1429,87.9,31.1,51.7,977.9,0.0,5.4,3.4,223.3,SW,-2.22,-0.4,-3.79
661143,2022-06-20,2022,SF,2022-06-20 19:20:00,19,2,1,3,1,21,3,17,280,79.6,3,46,0.0652,0.0588,1.0,9.0,1.0,9.0,138.0,81.2,47.0,0.1111,0.0,12.0,2.0,8.0,142.0,78.2,49.0,0.0,84.1,28.9,37.0,984.9,0.0,7.8,4.8,312.1,NW,7.05,7.77,5.48
661142,2022-06-21,2022,SF,2022-06-21 19:20:00,19,10,12,22,6,16,6,26,326,81.7,7,62,0.1129,0.2308,4.0,6.0,2.0,12.0,150.0,81.8,57.0,0.3333,2.0,10.0,3.0,14.0,176.0,81.6,52.0,0.1429,87.3,30.7,38.0,983.6,0.0,7.7,4.8,307.3,NW,6.63,7.55,4.91
661141,2022-06-22,2022,SF,2022-06-22 19:20:00,19,4,3,7,3,27,1,13,280,81.8,3,41,0.0732,0.2308,1.0,13.0,1.0,7.0,133.0,81.9,46.0,0.1429,2.0,14.0,0.0,6.0,147.0,81.7,42.0,0.3333,89.5,32.0,43.3,978.3,0.0,10.8,6.7,305.0,NW,9.11,10.54,6.57
661140,2022-06-23,2022,SF,2022-06-23 12:20:00,12,7,6,13,4,16,5,24,302,82.5,4,55,0.0727,0.1667,2.0,7.0,3.0,10.0,153.0,81.3,61.0,0.2,2.0,9.0,2.0,14.0,149.0,84.0,52.0,0.1429,93.7,34.3,36.7,976.8,0.0,14.8,9.2,319.0,NW,14.07,14.83,11.61
661139,2022-06-24,2022,LAD,2022-06-24 19:20:00,19,1,4,5,1,21,6,15,295,82.6,1,47,0.0213,0.0667,0.0,10.0,2.0,6.0,136.0,81.2,40.0,0.0,1.0,11.0,4.0,9.0,159.0,83.7,46.0,0.1111,82.5,28.1,77.0,978.6,1.4,6.1,3.8,152.3,SE,-6.08,-5.9,-5.52
661138,2022-06-25,2022,LAD,2022-06-25 19:15:00,19,5,3,8,3,24,5,18,285,83.1,5,44,0.1136,0.1667,2.0,8.0,3.0,9.0,131.0,82.5,55.0,0.2222,1.0,16.0,2.0,9.0,154.0,83.9,42.0,0.1111,85.7,29.8,50.0,981.6,0.0,7.1,4.4,220.0,SW,-3.28,-0.92,-5.23
661512,2022-06-26,2022,LAD,2022-06-26 19:08:00,19,3,5,8,0,25,8,20,394,83.0,4,60,0.0667,0.0,0.0,12.0,5.0,8.0,195.0,81.0,70.0,0.0,0.0,13.0,1.0,12.0,199.0,85.2,65.0,0.0,83.1,28.4,63.0,982.4,0.0,4.6,2.8,348.6,N,4.48,3.91,4.51
661511,2022-07-04,2022,STL,2022-07-04 19:20:00,19,6,3,9,2,14,6,19,294,83.5,3,53,0.0566,0.1053,0.0,6.0,3.0,10.0,131.0,84.1,52.0,0.0,2.0,8.0,3.0,9.0,163.0,82.9,56.0,0.2222,82.5,28.0,78.0,982.1,0.6,5.3,3.3,173.7,S,-5.06,-4.25,-5.25
661510,2022-07-05,2022,STL,2022-07-05 19:20:00,19,7,1,8,2,16,4,21,319,80.9,1,57,0.0175,0.0952,2.0,10.0,1.0,12.0,162.0,81.1,56.0,0.1667,0.0,6.0,3.0,9.0,157.0,80.7,54.0,0.0,82.1,27.8,74.3,980.7,0.2,8.4,5.2,217.1,SW,-4.25,-1.52,-6.47
661509,2022-07-06,2022,STL,2022-07-06 19:20:00,19,3,0,3,2,12,4,12,240,82.0,4,49,0.0816,0.1667,2.0,4.0,1.0,5.0,111.0,86.5,43.0,0.4,0.0,8.0,3.0,7.0,129.0,77.7,45.0,0.0,81.6,27.6,83.3,979.3,0.5,7.3,4.5,224.4,SW,-2.87,-0.4,-4.99
661521,2022-07-07,2022,STL,2022-07-07 19:20:00,19,2,3,5,1,31,10,16,351,82.0,3,49,0.0612,0.0625,1.0,12.0,6.0,8.0,171.0,83.5,54.0,0.125,0.0,19.0,3.0,8.0,180.0,80.4,51.0,0.0,81.8,27.7,85.3,979.6,0.7,6.3,3.9,137.1,SE,-5.94,-6.33,-4.82
661522,2022-07-08,2022,WSH,2022-07-08 19:20:00,19,12,2,14,5,12,7,20,288,83.1,5,56,0.0893,0.25,4.0,5.0,4.0,15.0,153.0,84.6,57.0,0.2667,1.0,7.0,3.0,5.0,135.0,81.1,44.0,0.2,80.1,26.7,87.7,980.4,0.3,8.1,5.1,223.0,SW,-3.37,-0.64,-5.7
661508,2022-07-09,2022,WSH,2022-07-09 16:10:00,16,4,3,7,3,14,4,21,251,85.4,3,53,0.0566,0.1429,1.0,6.0,2.0,9.0,127.0,85.8,41.0,0.1111,2.0,8.0,2.0,12.0,124.0,84.9,41.0,0.1667,87.7,31.0,60.7,978.1,0.3,8.4,5.2,232.3,SW,-2.2,0.7,-4.84
661520,2022-07-10,2022,WSH,2022-07-10 13:35:00,13,4,3,7,2,19,11,17,361,81.4,5,64,0.0781,0.1176,1.0,10.0,4.0,12.0,177.0,85.0,56.0,0.0833,1.0,9.0,5.0,5.0,184.0,78.3,64.0,0.2,84.4,29.1,67.3,977.6,0.3,6.8,4.2,302.2,NW,5.55,6.56,3.87
661507,2022-07-11,2022,NYM,2022-07-11 19:20:00,19,1,4,5,2,21,6,14,289,82.2,3,45,0.0667,0.1429,1.0,13.0,0.0,5.0,124.0,86.6,42.0,0.2,1.0,8.0,6.0,9.0,165.0,78.8,54.0,0.1111,77.1,25.1,77.0,978.2,0.0,7.9,4.9,124.5,SE,-6.62,-7.7,-4.75
661506,2022-07-12,2022,NYM,2022-07-12 19:20:00,19,4,1,5,2,26,8,10,319,81.0,4,35,0.1143,0.2,2.0,13.0,4.0,5.0,153.0,81.8,41.0,0.4,0.0,13.0,3.0,5.0,166.0,80.3,49.0,0.0,78.3,25.7,84.3,978.2,0.1,8.0,5.0,160.7,S,-8.02,-7.39,-7.69
661505,2022-07-13,2022,NYM,2022-07-13 12:20:00,12,3,7,10,6,23,5,16,307,83.1,7,47,0.1489,0.375,3.0,13.0,2.0,8.0,139.0,85.6,44.0,0.375,3.0,10.0,3.0,8.0,168.0,81.4,60.0,0.375,83.2,28.5,73.7,980.5,1.4,6.0,3.7,253.7,W,0.65,2.66,-1.44
661504,2022-07-22,2022,LAA,2022-07-22 19:20:00,19,8,1,9,4,27,5,13,282,79.8,1,36,0.0278,0.3077,3.0,14.0,2.0,8.0,128.0,80.1,39.0,0.375,1.0,13.0,3.0,5.0,154.0,79.4,40.0,0.2,76.6,24.8,86.3,982.0,0.3,6.9,4.3,223.8,SW,-2.79,-0.45,-4.79
661503,2022-07-23,2022,LAA,2022-07-23 19:20:00,19,7,2,9,2,18,3,19,285,81.9,4,51,0.0784,0.1053,1.0,6.0,3.0,11.0,153.0,84.4,55.0,0.0909,1.0,12.0,0.0,8.0,132.0,78.6,41.0,0.125,80.6,27.0,75.7,983.2,0.1,7.9,4.9,206.3,SW,-5.18,-2.84,-6.89
661502,2022-07-24,2022,LAA,2022-07-24 13:35:00,13,1,9,10,1,18,10,19,336,80.7,3,55,0.0545,0.0526,0.0,9.0,5.0,6.0,172.0,81.7,57.0,0.0,1.0,9.0,5.0,13.0,164.0,79.8,57.0,0.0769,85.9,29.9,61.3,984.4,0.3,7.0,4.3,200.0,S,-5.14,-3.22,-6.44
661501,2022-07-29,2022,AZ,2022-07-29 19:20:00,19,5,2,7,2,10,7,14,255,85.6,4,53,0.0755,0.1429,1.0,1.0,3.0,8.0,123.0,85.2,57.0,0.125,1.0,9.0,4.0,6.0,132.0,86.2,35.0,0.1667,80.7,27.1,84.7,981.2,0.4,6.9,4.3,230.0,SW,-2.08,0.3,-4.22
661499,2022-07-30,2022,AZ,2022-07-30 19:20:00,19,6,2,8,3,21,4,15,307,84.2,6,45,0.1333,0.2,3.0,10.0,2.0,11.0,152.0,85.3,50.0,0.2727,0.0,11.0,2.0,4.0,155.0,83.0,46.0,0.0,75.6,24.2,97.0,984.3,6.6,5.8,3.6,248.1,W,0.06,2.04,-1.93
661498,2022-07-31,2022,AZ,2022-07-31 13:35:00,13,1,0,1,0,17,6,9,241,80.3,1,40,0.025,0.0,0.0,10.0,2.0,5.0,107.0,84.1,34.0,0.0,0.0,7.0,4.0,4.0,134.0,77.7,49.0,0.0,85.0,29.4,63.7,986.3,0.2,16.6,10.3,244.7,SW,-0.82,4.9,-6.44
661496,2022-08-02,2022,PHI,2022-08-02 19:20:00,19,13,1,14,2,23,10,18,328,83.7,2,43,0.0465,0.1111,2.0,9.0,6.0,14.0,177.0,86.4,51.0,0.1429,0.0,14.0,4.0,4.0,151.0,80.6,45.0,0.0,78.7,25.9,82.7,980.5,0.1,5.8,3.6,264.0,W,1.64,3.43,-0.35
661500,2022-08-03,2022,PHI,2022-08-03 12:20:00,12,1,3,4,2,22,3,11,256,82.2,4,42,0.0952,0.1818,1.0,10.0,1.0,6.0,121.0,82.8,41.0,0.1667,1.0,12.0,2.0,5.0,135.0,81.5,41.0,0.2,83.7,28.7,69.0,981.8,1.5,6.1,3.8,179.1,S,-5.7,-4.59,-6.13
661497,2022-08-15,2022,NYM,2022-08-15 19:20:00,19,13,1,14,3,9,4,22,318,82.1,7,64,0.1094,0.1364,3.0,4.0,3.0,15.0,162.0,82.9,51.0,0.2,0.0,5.0,1.0,7.0,156.0,81.3,53.0,0.0,77.1,25.0,86.0,975.1,0.3,6.3,3.9,264.9,W,1.89,3.84,-0.29
661495,2022-08-16,2022,NYM,2022-08-16 19:20:00,19,5,0,5,2,17,8,11,256,78.5,3,40,0.075,0.1818,2.0,3.0,6.0,8.0,126.0,78.8,44.0,0.25,0.0,14.0,2.0,3.0,130.0,78.1,39.0,0.0,77.4,25.2,63.3,976.9,0.0,7.7,4.8,318.8,NW,7.26,7.66,5.99
661494,2022-08-17,2022,NYM,2022-08-17 19:20:00,19,7,9,16,5,18,6,21,312,83.4,6,55,0.1091,0.2381,1.0,12.0,4.0,7.0,144.0,83.8,34.0,0.1429,4.0,6.0,2.0,14.0,168.0,83.2,58.0,0.2857,74.7,23.7,82.0,978.2,1.2,6.1,3.8,203.8,SW,-4.24,-2.47,-5.5
661493,2022-08-18,2022,NYM,2022-08-18 19:20:00,19,3,2,5,1,21,0,12,241,82.5,1,42,0.0238,0.0833,0.0,12.0,0.0,6.0,119.0,84.4,42.0,0.0,1.0,9.0,0.0,6.0,122.0,80.3,35.0,0.1667,73.9,23.3,84.7,978.0,0.5,5.8,3.6,163.4,S,-5.8,-5.25,-5.66
661492,2022-08-19,2022,HOU,2022-08-19 19:20:00,19,6,2,8,2,22,5,19,265,82.1,3,46,0.0652,0.1053,1.0,10.0,4.0,12.0,142.0,84.2,41.0,0.0833,1.0,12.0,1.0,7.0,123.0,80.1,44.0,0.1429,73.3,23.0,89.0,980.1,0.2,6.9,4.3,136.3,SE,-6.46,-6.93,-5.21
661610,2022-08-20,2022,HOU,2022-08-20 19:15:00,19,5,4,9,2,25,8,14,376,81.1,4,52,0.0769,0.1429,1.0,9.0,4.0,7.0,183.0,82.9,58.0,0.1429,1.0,16.0,3.0,7.0,193.0,79.4,61.0,0.1429,75.6,24.2,87.3,982.6,0.0,4.8,3.0,176.4,S,-4.54,-3.73,-4.8
661480,2022-08-21,2022,HOU,2022-08-21 13:35:00,13,4,5,9,1,23,6,17,281,81.5,1,46,0.0217,0.0588,1.0,9.0,2.0,7.0,125.0,82.3,39.0,0.1429,0.0,14.0,4.0,10.0,156.0,80.7,44.0,0.0,79.9,26.6,71.3,982.2,0.2,8.8,5.5,234.0,SW,-2.05,1.0,-4.86
661479,2022-08-30,2022,COL,2022-08-30 19:20:00,19,2,3,5,0,17,5,18,325,83.4,3,57,0.0526,0.0,0.0,12.0,4.0,7.0,161.0,85.1,54.0,0.0,0.0,5.0,1.0,11.0,164.0,82.0,65.0,0.0,75.6,24.2,85.7,978.4,0.0,7.2,4.5,303.0,NW,5.93,6.97,4.18
661478,2022-08-31,2022,COL,2022-08-31 19:20:00,19,3,2,5,3,19,7,11,245,83.2,2,40,0.05,0.2727,2.0,10.0,4.0,5.0,122.0,85.3,29.0,0.4,1.0,9.0,3.0,6.0,123.0,81.8,44.0,0.1667,77.5,25.3,55.0,978.2,0.0,6.8,4.2,301.7,NW,5.51,6.54,3.82
661477,2022-09-01,2022,COL,2022-09-01 19:20:00,19,3,0,3,2,29,1,7,240,80.6,3,30,0.1,0.2857,2.0,13.0,1.0,5.0,126.0,82.3,38.0,0.4,0.0,16.0,0.0,2.0,114.0,78.8,37.0,0.0,78.6,25.9,72.0,979.1,0.0,12.3,7.6,149.4,SE,-12.15,-12.0,-10.82
661476,2022-09-02,2022,MIA,2022-09-02 19:20:00,19,8,1,9,6,19,6,16,296,85.6,5,46,0.1087,0.375,5.0,8.0,3.0,11.0,158.0,86.1,56.0,0.4545,1.0,11.0,3.0,5.0,138.0,84.8,37.0,0.2,76.2,24.5,84.3,982.2,0.1,9.2,5.7,130.7,SE,-8.18,-9.1,-6.27
661475,2022-09-03,2022,MIA,2022-09-03 19:20:00,19,2,1,3,1,20,8,12,290,83.2,1,42,0.0238,0.0833,1.0,11.0,4.0,7.0,160.0,85.2,42.0,0.1429,0.0,9.0,3.0,5.0,130.0,81.1,38.0,0.0,75.9,24.4,85.7,981.9,0.0,9.5,5.9,95.6,E,-4.46,-7.05,-1.33
661474,2022-09-04,2022,MIA,2022-09-04 13:35:00,13,7,1,8,1,25,10,12,296,82.8,2,36,0.0556,0.0833,1.0,12.0,6.0,9.0,172.0,82.9,48.0,0.1111,0.0,13.0,3.0,3.0,124.0,82.6,35.0,0.0,75.6,24.2,84.7,981.0,2.7,11.3,7.0,147.0,SE,-11.14,-11.18,-9.77
661473,2022-09-16,2022,PHI,2022-09-16 19:20:00,19,7,2,9,4,13,8,13,298,81.4,5,50,0.1,0.3077,2.0,8.0,5.0,7.0,151.0,83.4,48.0,0.2857,2.0,5.0,3.0,6.0,147.0,79.5,46.0,0.3333,73.8,23.2,67.3,984.0,0.0,7.1,4.4,76.0,E,-1.05,-3.39,1.42
661472,2022-09-17,2022,PHI,2022-09-17 19:20:00,19,4,3,7,1,18,4,17,284,82.4,3,50,0.06,0.0588,1.0,9.0,2.0,8.0,116.0,84.6,42.0,0.125,0.0,9.0,2.0,9.0,168.0,81.0,70.0,0.0,71.6,22.0,67.3,983.4,0.0,7.8,4.8,113.6,SE,-5.62,-7.13,-3.43
661471,2022-09-18,2022,PHI,2022-09-18 13:35:00,13,5,2,7,4,23,6,14,290,85.3,4,43,0.093,0.2857,2.0,9.0,2.0,10.0,132.0,85.4,52.0,0.2,2.0,14.0,4.0,4.0,158.0,85.2,44.0,0.5,80.7,27.0,45.3,984.3,0.0,5.1,3.1,74.3,E,-0.6,-2.29,1.15
661470,2022-09-19,2022,WSH,2022-09-19 19:20:00,19,5,2,7,2,15,4,19,267,85.6,4,51,0.0784,0.1053,2.0,3.0,3.0,10.0,134.0,85.6,42.0,0.2,0.0,12.0,1.0,9.0,133.0,85.6,44.0,0.0,76.0,24.4,63.0,980.0,0.0,7.3,4.5,305.8,NW,6.18,7.11,4.5
661469,2022-09-20,2022,WSH,2022-09-20 19:20:00,19,3,2,5,2,22,5,15,288,82.5,3,44,0.0682,0.1333,2.0,8.0,1.0,7.0,135.0,83.6,48.0,0.2857,0.0,14.0,3.0,8.0,153.0,81.2,42.0,0.0,80.2,26.8,64.7,978.8,0.0,9.5,5.9,323.6,NW,9.25,9.48,7.91
661468,2022-09-21,2022,WSH,2022-09-21 12:20:00,12,2,3,5,1,14,7,16,311,79.4,1,54,0.0185,0.0625,0.0,7.0,3.0,10.0,164.0,80.0,63.0,0.0,1.0,7.0,3.0,6.0,147.0,78.7,54.0,0.1667,86.5,30.3,51.0,980.6,0.0,1.5,0.9,159.0,S,-1.47,-1.37,-1.39
661467,2022-09-30,2022,NYM,2022-09-30 19:20:00,19,5,2,7,4,20,1,16,263,82.7,6,44,0.1364,0.25,3.0,12.0,0.0,8.0,123.0,87.4,38.0,0.375,1.0,8.0,1.0,8.0,140.0,79.2,53.0,0.125,67.5,19.7,44.3,973.6,0.0,16.9,10.5,321.3,NW,16.26,16.9,13.67
661466,2022-10-01,2022,NYM,2022-10-01 19:20:00,19,4,2,6,2,16,1,19,265,83.6,2,52,0.0385,0.1053,2.0,8.0,0.0,11.0,133.0,82.7,50.0,0.1818,0.0,8.0,1.0,8.0,132.0,84.5,44.0,0.0,66.7,19.3,47.7,976.4,0.0,17.3,10.8,341.7,N,17.29,15.81,16.68
661465,2022-10-02,2022,NYM,2022-10-02 19:08:00,19,5,3,8,4,19,6,16,295,80.7,4,47,0.0851,0.25,2.0,10.0,4.0,5.0,155.0,80.9,46.0,0.4,2.0,9.0,2.0,11.0,140.0,80.5,54.0,0.1818,64.8,18.2,60.3,980.0,0.0,17.5,10.9,348.0,N,17.21,15.08,17.26
718681,2023-04-06,2023,SD,2023-04-06 19:20:00,19,7,6,13,3,19,14,20,373,83.5,3,52,0.0577,0.15,1.0,7.0,7.0,13.0,190.0,86.9,51.0,0.0769,2.0,12.0,7.0,7.0,183.0,80.1,49.0,0.2857,73.6,23.1,72.7,984.6,0.0,2.5,1.5,195.5,S,-1.94,-1.31,-2.35
718676,2023-04-07,2023,SD,2023-04-07 19:20:00,19,4,5,9,1,20,14,13,334,83.7,4,47,0.0851,0.0769,1.0,9.0,8.0,6.0,169.0,84.5,45.0,0.1667,0.0,11.0,6.0,7.0,165.0,82.9,44.0,0.0,62.0,16.7,74.0,984.8,0.2,15.8,9.8,26.3,NE,10.39,5.71,13.82
718659,2023-04-08,2023,SD,2023-04-08 19:20:00,19,1,4,5,1,26,8,13,337,81.2,2,41,0.0488,0.0769,0.0,15.0,3.0,5.0,163.0,81.7,45.0,0.0,1.0,11.0,4.0,8.0,174.0,80.8,55.0,0.125,43.4,6.3,92.7,985.0,0.2,19.3,12.0,72.7,E,-1.74,-8.2,4.93
718648,2023-04-09,2023,SD,2023-04-09 19:10:00,19,2,10,12,3,17,8,21,330,84.0,5,54,0.0926,0.1429,0.0,9.0,5.0,8.0,166.0,84.6,52.0,0.0,3.0,8.0,3.0,13.0,164.0,83.5,64.0,0.2308,55.0,12.8,54.7,987.5,0.0,12.1,7.5,69.4,E,-0.39,-4.49,3.76
718636,2023-04-10,2023,CIN,2023-04-10 19:20:00,19,5,4,9,1,22,6,22,325,81.8,5,52,0.0962,0.0455,1.0,13.0,5.0,10.0,160.0,81.9,56.0,0.1,0.0,9.0,1.0,12.0,165.0,81.6,54.0,0.0,54.2,12.3,64.3,988.9,0.0,8.9,5.5,88.7,E,-3.2,-5.84,-0.18
718620,2023-04-11,2023,CIN,2023-04-11 19:20:00,19,7,6,13,3,16,11,19,323,85.2,6,53,0.1132,0.1579,2.0,6.0,6.0,11.0,157.0,89.3,45.0,0.1818,1.0,10.0,5.0,8.0,166.0,81.5,51.0,0.125,59.1,15.1,60.7,986.1,0.0,8.1,5.0,158.3,S,-8.07,-7.54,-7.62
718601,2023-04-12,2023,CIN,2023-04-12 19:20:00,19,5,4,9,1,28,6,15,310,81.3,2,37,0.0541,0.0667,1.0,14.0,2.0,9.0,147.0,83.4,37.0,0.1111,0.0,14.0,4.0,6.0,163.0,79.7,51.0,0.0,63.3,17.4,55.3,980.2,0.0,9.0,5.6,146.3,SE,-8.86,-8.93,-7.73
718489,2023-04-21,2023,HOU,2023-04-21 19:20:00,19,4,6,10,1,20,7,18,314,84.7,4,49,0.0816,0.0556,0.0,12.0,4.0,7.0,152.0,83.8,43.0,0.0,1.0,8.0,3.0,11.0,162.0,85.5,52.0,0.0909,69.7,21.0,55.3,974.8,0.0,8.2,5.1,149.0,SE,-8.11,-8.04,-7.21
718471,2023-04-22,2023,HOU,2023-04-22 19:20:00,19,3,6,9,4,19,1,19,259,86.3,9,56,0.1607,0.2105,2.0,12.0,0.0,8.0,115.0,87.0,37.0,0.25,2.0,7.0,1.0,11.0,144.0,85.7,47.0,0.1818,59.9,15.5,43.0,976.5,0.0,10.3,6.4,311.3,NW,9.24,10.24,7.13
718462,2023-04-23,2023,HOU,2023-04-23 13:35:00,13,2,5,7,1,24,8,12,315,77.6,1,38,0.0263,0.0833,1.0,13.0,3.0,3.0,143.0,77.2,44.0,0.3333,0.0,11.0,5.0,9.0,172.0,77.9,60.0,0.0,64.1,17.8,40.3,981.2,0.0,12.8,7.9,314.7,NW,11.77,12.75,9.36
718443,2023-04-24,2023,MIA,2023-04-24 19:20:00,19,11,0,11,5,23,6,14,286,86.9,8,45,0.1778,0.3571,5.0,9.0,6.0,12.0,171.0,89.2,52.0,0.4167,0.0,14.0,0.0,2.0,115.0,83.7,39.0,0.0,57.5,14.2,37.3,980.5,0.0,11.4,7.1,318.3,NW,10.77,11.4,8.84
718429,2023-04-25,2023,MIA,2023-04-25 19:20:00,19,7,4,11,5,18,5,20,299,83.7,5,51,0.098,0.25,3.0,7.0,3.0,10.0,137.0,86.8,47.0,0.3,2.0,11.0,2.0,10.0,162.0,80.6,47.0,0.2,64.0,17.8,53.7,980.0,0.0,8.1,5.1,41.3,NE,3.59,0.88,5.87
718411,2023-04-26,2023,MIA,2023-04-26 19:20:00,19,6,4,10,5,15,9,14,289,84.2,5,50,0.1,0.3571,2.0,8.0,3.0,9.0,144.0,84.6,42.0,0.2222,3.0,7.0,4.0,5.0,145.0,83.8,54.0,0.6,57.3,14.1,77.0,980.8,0.0,11.3,7.0,53.7,NE,2.7,-1.21,6.29
718410,2023-04-27,2023,MIA,2023-04-27 12:20:00,12,4,5,9,0,24,5,16,295,84.3,1,45,0.0222,0.0,0.0,10.0,3.0,5.0,149.0,83.4,48.0,0.0,0.0,14.0,2.0,11.0,146.0,85.2,49.0,0.0,59.9,15.5,91.7,978.1,1.5,15.5,9.7,117.9,SE,-11.98,-14.64,-7.87
718298,2023-05-05,2023,BAL,2023-05-05 19:20:00,19,4,9,13,4,17,6,23,293,85.1,7,58,0.1207,0.1739,1.0,5.0,3.0,11.0,146.0,87.3,53.0,0.0909,3.0,12.0,3.0,12.0,147.0,82.1,40.0,0.25,59.5,15.3,89.0,983.6,0.0,11.2,7.0,104.3,E,-6.74,-9.4,-3.25
718283,2023-05-06,2023,BAL,2023-05-06 19:15:00,19,5,4,9,2,21,4,17,300,81.7,5,45,0.1111,0.1176,2.0,5.0,3.0,9.0,136.0,82.0,49.0,0.2222,0.0,16.0,1.0,8.0,164.0,81.4,50.0,0.0,68.9,20.5,67.7,985.3,0.0,8.9,5.6,116.0,SE,-6.69,-8.31,-4.26
718277,2023-05-07,2023,BAL,2023-05-07 11:35:00,11,3,2,5,1,22,9,9,380,81.0,2,57,0.0351,0.1111,1.0,13.0,2.0,4.0,200.0,81.9,59.0,0.25,0.0,9.0,5.0,5.0,180.0,80.2,64.0,0.0,73.9,23.3,67.0,985.6,0.4,8.1,5.0,213.4,SW,-4.54,-1.97,-6.56
718245,2023-05-09,2023,BOS,2023-05-09 19:20:00,19,9,3,12,2,18,9,20,314,86.1,2,51,0.0392,0.1,1.0,6.0,5.0,12.0,158.0,88.7,54.0,0.0833,1.0,12.0,4.0,8.0,156.0,81.9,34.0,0.125,72.1,22.3,83.0,978.9,0.7,10.8,6.7,296.8,NW,8.21,10.13,5.3
718220,2023-05-10,2023,BOS,2023-05-10 19:20:00,19,2,5,7,2,22,6,15,294,81.8,3,43,0.0698,0.1333,1.0,10.0,1.0,8.0,140.0,82.8,52.0,0.125,1.0,12.0,5.0,7.0,154.0,80.6,42.0,0.1429,75.0,23.9,59.3,980.5,0.0,8.4,5.2,98.7,E,-4.37,-6.57,-1.64
718110,2023-05-19,2023,SEA,2023-05-19 19:20:00,19,6,2,8,1,14,2,19,255,83.3,4,52,0.0769,0.0526,1.0,6.0,1.0,11.0,138.0,85.8,62.0,0.0909,0.0,8.0,1.0,8.0,117.0,79.8,45.0,0.0,70.9,21.6,67.3,981.9,0.0,7.2,4.5,124.7,SE,-6.02,-6.99,-4.33
718094,2023-05-20,2023,SEA,2023-05-20 19:15:00,19,3,7,10,2,27,6,17,304,84.3,5,43,0.1163,0.1176,1.0,13.0,1.0,8.0,135.0,84.6,45.0,0.125,1.0,14.0,5.0,9.0,169.0,83.9,42.0,0.1111,70.0,21.1,86.3,978.4,2.1,8.1,5.1,238.4,SW,-1.29,1.54,-3.96
718090,2023-05-21,2023,SEA,2023-05-21 13:35:00,13,3,2,5,3,19,2,10,234,85.3,3,42,0.0714,0.3,1.0,7.0,1.0,7.0,102.0,86.6,38.0,0.1429,2.0,12.0,1.0,3.0,132.0,83.9,34.0,0.6667,75.7,24.3,66.0,979.6,0.5,11.1,6.9,72.3,E,-0.94,-4.68,2.91
718074,2023-05-22,2023,LAD,2023-05-22 19:20:00,19,6,8,14,4,16,8,21,329,89.9,7,55,0.1273,0.1905,1.0,6.0,5.0,9.0,151.0,87.2,47.0,0.1111,3.0,10.0,3.0,12.0,178.0,92.3,53.0,0.25,65.5,18.6,82.7,980.7,2.7,15.5,9.6,99.3,E,-8.16,-12.16,-3.17
718057,2023-05-23,2023,LAD,2023-05-23 19:20:00,19,1,8,9,2,22,7,14,329,82.8,3,47,0.0638,0.1429,0.0,11.0,2.0,5.0,166.0,81.7,61.0,0.0,2.0,11.0,4.0,9.0,163.0,84.1,49.0,0.2222,66.8,19.3,63.3,980.9,0.2,12.9,8.0,66.3,NE,0.26,-4.16,4.66
718042,2023-05-24,2023,LAD,2023-05-24 19:20:00,19,4,3,7,3,14,5,17,286,83.0,4,53,0.0755,0.1765,2.0,6.0,2.0,5.0,133.0,82.2,52.0,0.4,1.0,8.0,2.0,12.0,153.0,83.8,57.0,0.0833,72.0,22.2,56.3,977.1,0.0,6.9,4.3,37.3,NE,3.45,1.22,5.28
718026,2023-05-25,2023,PHI,2023-05-25 19:20:00,19,8,5,13,5,18,4,23,278,84.5,5,54,0.0926,0.2174,3.0,10.0,3.0,12.0,144.0,85.8,45.0,0.25,2.0,8.0,1.0,11.0,134.0,83.4,52.0,0.1818,73.4,23.0,45.7,977.5,0.0,10.4,6.5,78.0,E,-1.9,-5.29,1.72
718019,2023-05-26,2023,PHI,2023-05-26 19:20:00,19,4,6,10,2,7,9,18,308,84.4,5,62,0.0806,0.1111,2.0,2.0,2.0,11.0,126.0,87.9,44.0,0.1818,0.0,5.0,7.0,7.0,182.0,81.8,59.0,0.0,72.0,22.2,48.3,981.3,0.0,12.4,7.7,99.3,E,-6.52,-9.72,-2.53
717997,2023-05-27,2023,PHI,2023-05-27 16:10:00,16,1,2,3,1,29,6,13,281,84.9,2,38,0.0526,0.0769,1.0,14.0,1.0,4.0,125.0,82.7,39.0,0.25,0.0,15.0,4.0,9.0,156.0,87.3,35.0,0.0,75.4,24.1,21.7,981.1,0.0,20.6,12.8,64.0,NE,1.26,-5.85,8.21
717992,2023-05-28,2023,PHI,2023-05-28 19:10:00,19,11,4,15,5,14,3,26,329,86.3,6,62,0.0968,0.1923,3.0,4.0,0.0,20.0,178.0,87.4,77.0,0.15,2.0,10.0,3.0,6.0,151.0,84.4,45.0,0.3333,73.5,23.0,44.0,976.6,0.0,8.7,5.4,320.9,NW,8.31,8.65,6.96
717872,2023-06-06,2023,NYM,2023-06-06 19:20:00,19,6,4,10,3,16,6,14,302,80.8,3,46,0.0652,0.2143,1.0,6.0,2.0,10.0,149.0,81.5,60.0,0.1,2.0,10.0,3.0,4.0,153.0,80.0,50.0,0.5,78.5,25.8,56.3,974.3,0.0,12.1,7.5,249.2,W,0.35,4.46,-3.81
717850,2023-06-07,2023,NYM,2023-06-07 19:20:00,19,7,5,12,4,18,6,20,315,83.0,6,51,0.1176,0.2,2.0,11.0,0.0,14.0,146.0,81.9,57.0,0.1429,2.0,7.0,6.0,6.0,169.0,84.4,46.0,0.3333,80.7,27.0,43.0,969.7,0.0,9.8,6.1,311.5,NW,8.77,9.71,6.78
717840,2023-06-08,2023,NYM,2023-06-08 19:20:00,19,13,10,23,8,22,10,33,388,85.2,7,67,0.1045,0.2424,5.0,6.0,5.0,19.0,205.0,85.5,73.0,0.2632,3.0,16.0,5.0,14.0,183.0,84.9,56.0,0.2143,76.8,24.9,34.7,971.5,0.0,13.6,8.4,0.3,N,12.51,9.96,13.55
717829,2023-06-09,2023,WSH,2023-06-09 19:20:00,19,3,2,5,0,15,6,14,293,85.1,1,49,0.0204,0.0,0.0,8.0,4.0,8.0,153.0,85.0,47.0,0.0,0.0,7.0,2.0,6.0,140.0,85.3,48.0,0.0,75.9,24.4,38.3,974.5,0.0,6.7,4.2,349.9,N,6.58,5.69,6.67
717816,2023-06-10,2023,WSH,2023-06-10 16:10:00,16,6,4,10,3,12,3,15,266,83.5,5,53,0.0943,0.2,2.0,8.0,3.0,6.0,132.0,86.1,40.0,0.3333,1.0,4.0,0.0,9.0,134.0,81.4,50.0,0.1111,85.8,29.9,25.7,974.9,0.0,13.4,8.3,185.6,S,-11.85,-8.97,-13.3
717807,2023-06-11,2023,WSH,2023-06-11 13:35:00,13,2,6,8,3,11,2,18,280,82.0,4,60,0.0667,0.1667,1.0,7.0,1.0,9.0,137.0,80.2,50.0,0.1111,2.0,4.0,1.0,9.0,143.0,83.8,51.0,0.2222,83.1,28.4,53.0,974.2,0.0,9.4,5.8,200.0,S,-6.93,-4.33,-8.68
717754,2023-06-15,2023,COL,2023-06-15 19:20:00,19,8,3,11,3,16,5,18,285,85.2,5,51,0.098,0.1667,1.0,4.0,3.0,11.0,141.0,84.7,53.0,0.0909,2.0,12.0,2.0,7.0,144.0,85.7,46.0,0.2857,70.1,21.2,89.0,972.3,0.0,5.9,3.7,222.1,SW,-2.53,-0.55,-4.2
717745,2023-06-16,2023,COL,2023-06-16 19:20:00,19,8,1,9,3,16,10,14,266,83.8,4,44,0.0909,0.2143,3.0,6.0,6.0,7.0,127.0,88.9,35.0,0.4286,0.0,10.0,4.0,7.0,139.0,79.7,44.0,0.0,78.5,25.8,63.7,974.0,0.0,10.0,6.2,266.7,W,3.27,6.29,-0.14
717724,2023-06-17,2023,COL,2023-06-17 16:10:00,16,10,2,12,5,14,6,19,298,83.5,6,55,0.1091,0.2632,4.0,5.0,4.0,13.0,149.0,86.6,43.0,0.3077,1.0,9.0,2.0,6.0,149.0,81.1,57.0,0.1667,85.7,29.8,41.7,974.1,0.0,9.9,6.1,315.7,NW,9.16,9.86,7.35
717716,2023-06-18,2023,COL,2023-06-18 13:35:00,13,14,6,20,6,23,11,29,373,83.8,9,56,0.1607,0.2069,4.0,8.0,7.0,18.0,195.0,84.9,65.0,0.2222,2.0,15.0,4.0,11.0,178.0,82.3,47.0,0.1818,84.3,29.1,49.0,976.7,0.2,11.4,7.1,224.2,SW,-4.5,-0.66,-7.8
717609,2023-06-26,2023,MIN,2023-06-26 19:20:00,19,4,1,5,3,19,4,14,267,85.3,3,45,0.0667,0.2143,2.0,7.0,2.0,8.0,129.0,87.1,43.0,0.25,1.0,12.0,2.0,6.0,138.0,82.9,34.0,0.1667,82.3,28.0,63.7,972.8,0.0,11.6,7.2,293.0,NW,8.25,10.53,4.99
717600,2023-06-27,2023,MIN,2023-06-27 19:20:00,19,6,2,8,5,13,7,17,291,83.2,7,53,0.1321,0.2941,5.0,8.0,2.0,10.0,149.0,84.0,60.0,0.5,0.0,5.0,5.0,7.0,142.0,82.2,46.0,0.0,79.4,26.3,58.3,975.3,0.0,9.1,5.7,314.4,NW,8.37,9.09,6.64
717588,2023-06-28,2023,MIN,2023-06-28 12:20:00,12,3,0,3,1,22,4,10,273,84.3,3,37,0.0811,0.1,1.0,8.0,3.0,6.0,136.0,85.0,44.0,0.1667,0.0,14.0,1.0,4.0,137.0,83.6,39.0,0.0,84.9,29.4,46.0,979.6,0.0,10.2,6.3,315.0,NW,9.42,10.19,7.52
717558,2023-06-30,2023,MIA,2023-06-30 19:20:00,19,16,4,20,8,15,4,22,290,85.7,11,58,0.1897,0.3636,6.0,5.0,3.0,14.0,139.0,90.1,51.0,0.4286,2.0,10.0,1.0,8.0,151.0,81.3,51.0,0.25,83.5,28.6,63.3,979.2,0.0,5.0,3.1,7.8,N,4.34,3.21,4.95
717536,2023-07-01,2023,MIA,2023-07-01 16:10:00,16,7,0,7,2,11,3,15,295,84.4,2,55,0.0364,0.1333,2.0,5.0,1.0,9.0,140.0,86.8,47.0,0.2222,0.0,6.0,2.0,6.0,155.0,81.9,48.0,0.0,85.6,29.8,70.3,979.6,0.9,8.1,5.0,349.8,N,7.91,6.85,8.03
717532,2023-07-02,2023,MIA,2023-07-02 13:35:00,13,6,3,9,3,22,3,17,280,79.2,2,46,0.0435,0.1765,3.0,10.0,2.0,9.0,137.0,80.0,50.0,0.3333,0.0,12.0,1.0,8.0,143.0,78.4,54.0,0.0,88.9,31.6,57.7,979.6,0.1,5.3,3.3,270.3,W,2.04,3.58,0.25
717414,2023-07-14,2023,CWS,2023-07-14 19:20:00,19,9,0,9,1,11,10,13,303,80.4,2,48,0.0417,0.0769,1.0,5.0,9.0,8.0,184.0,82.0,62.0,0.125,0.0,6.0,1.0,5.0,119.0,78.0,43.0,0.0,81.0,27.2,76.3,977.6,0.7,7.4,4.6,235.4,SW,-1.54,1.02,-3.91
717395,2023-07-15,2023,CWS,2023-07-15 19:15:00,19,5,6,11,4,24,5,22,299,82.8,3,49,0.0612,0.1818,3.0,11.0,5.0,11.0,167.0,84.7,48.0,0.2727,1.0,13.0,0.0,11.0,132.0,80.8,47.0,0.0909,83.7,28.7,65.0,975.5,0.0,12.1,7.5,276.4,W,5.84,9.11,1.86
717391,2023-07-16,2023,CWS,2023-07-16 13:35:00,13,1,8,9,2,20,5,19,293,82.6,2,51,0.0392,0.1053,0.0,12.0,3.0,5.0,159.0,83.1,47.0,0.0,2.0,8.0,2.0,14.0,134.0,82.2,55.0,0.1429,88.5,31.4,46.7,978.7,0.0,12.1,7.5,311.0,NW,10.86,12.06,8.35
717358,2023-07-18,2023,AZ,2023-07-18 19:20:00,19,13,16,29,6,12,7,27,346,85.9,7,71,0.0986,0.2222,3.0,5.0,4.0,11.0,158.0,86.8,53.0,0.2727,3.0,7.0,3.0,16.0,188.0,85.2,67.0,0.1875,83.8,28.8,62.0,981.2,0.0,8.5,5.3,243.5,SW,-0.59,2.35,-3.46
717340,2023-07-19,2023,AZ,2023-07-19 19:20:00,19,3,5,8,2,13,7,13,264,84.1,3,53,0.0566,0.1538,2.0,6.0,2.0,4.0,115.0,86.1,41.0,0.5,0.0,7.0,5.0,9.0,149.0,82.4,49.0,0.0,82.0,27.8,70.0,982.7,0.0,4.6,2.8,311.8,NW,4.11,4.54,3.19
717337,2023-07-20,2023,AZ,2023-07-20 12:20:00,12,7,5,12,7,20,3,14,267,84.1,7,44,0.1591,0.5,4.0,5.0,1.0,8.0,122.0,87.3,53.0,0.5,3.0,15.0,2.0,6.0,145.0,80.5,48.0,0.5,87.3,30.7,67.3,982.6,0.1,13.9,8.6,277.0,W,6.84,10.57,2.29
717231,2023-07-28,2023,MIL,2023-07-28 19:20:00,19,10,7,17,4,15,8,26,323,83.0,5,59,0.0847,0.1538,3.0,8.0,5.0,15.0,179.0,84.1,58.0,0.2,1.0,7.0,3.0,11.0,144.0,81.5,45.0,0.0909,82.8,28.2,70.0,983.0,0.4,5.9,3.6,247.2,SW,-0.03,1.98,-2.04
717211,2023-07-29,2023,MIL,2023-07-29 19:20:00,19,11,5,16,5,13,4,24,281,85.6,8,57,0.1404,0.2083,4.0,7.0,1.0,17.0,137.0,88.6,46.0,0.2353,1.0,6.0,3.0,7.0,144.0,82.7,48.0,0.1429,85.4,29.7,64.0,980.6,0.0,8.3,5.2,337.4,NW,8.33,7.83,7.83
717206,2023-07-30,2023,MIL,2023-07-30 13:35:00,13,8,6,14,6,20,9,16,282,84.4,6,44,0.1364,0.375,4.0,10.0,3.0,9.0,125.0,84.7,40.0,0.4444,2.0,10.0,6.0,7.0,157.0,84.1,46.0,0.2857,83.9,28.8,69.7,980.4,2.4,13.3,8.3,297.3,NW,10.16,12.48,6.62
717187,2023-07-31,2023,LAA,2023-07-31 19:20:00,19,1,4,5,4,21,8,14,295,86.6,4,45,0.0889,0.2857,1.0,8.0,3.0,4.0,139.0,86.4,39.0,0.25,3.0,13.0,3.0,10.0,156.0,86.8,48.0,0.3,85.0,29.4,44.7,979.8,0.0,10.6,6.6,330.0,NW,10.48,10.32,9.37
717176,2023-08-01,2023,LAA,2023-08-01 19:20:00,19,5,1,6,3,18,7,13,277,80.9,4,41,0.0976,0.2308,3.0,7.0,5.0,7.0,138.0,83.6,45.0,0.4286,0.0,11.0,2.0,6.0,139.0,78.3,48.0,0.0,83.9,28.8,38.0,981.0,0.0,10.3,6.4,320.0,NW,9.85,10.32,8.2
717165,2023-08-02,2023,LAA,2023-08-02 12:20:00,12,12,5,17,3,13,9,20,299,85.1,7,56,0.125,0.15,3.0,4.0,4.0,12.0,166.0,84.2,61.0,0.25,0.0,9.0,3.0,8.0,133.0,86.2,47.0,0.0,84.0,28.9,57.0,984.9,0.2,10.7,6.6,142.0,SE,-10.28,-10.63,-8.68
717001,2023-08-14,2023,NYY,2023-08-14 19:20:00,19,11,3,14,2,11,10,26,295,82.7,3,58,0.0517,0.0769,2.0,6.0,8.0,15.0,166.0,83.9,52.0,0.1333,0.0,5.0,2.0,11.0,129.0,81.1,42.0,0.0,84.6,29.2,78.3,978.3,0.0,8.1,5.0,221.5,SW,-3.54,-0.84,-5.82
716987,2023-08-15,2023,NYY,2023-08-15 19:20:00,19,5,0,5,2,13,10,7,268,81.7,2,42,0.0476,0.2857,2.0,9.0,5.0,6.0,149.0,82.6,40.0,0.3333,0.0,4.0,5.0,1.0,119.0,80.6,34.0,0.0,78.5,25.8,78.3,976.9,0.0,8.9,5.5,279.0,W,4.63,6.94,1.77
716970,2023-08-16,2023,NYY,2023-08-16 19:20:00,19,2,0,2,1,21,5,7,241,84.0,2,35,0.0571,0.1429,1.0,8.0,4.0,3.0,117.0,83.2,31.0,0.3333,0.0,13.0,1.0,4.0,124.0,84.7,30.0,0.0,76.0,24.5,61.7,977.1,0.0,6.7,4.2,315.4,NW,6.21,6.7,4.97
716949,2023-08-18,2023,SF,2023-08-18 19:20:00,19,4,0,4,0,21,6,12,282,84.3,1,41,0.0244,0.0,0.0,8.0,4.0,10.0,159.0,85.9,46.0,0.0,0.0,13.0,1.0,2.0,123.0,82.2,36.0,0.0,80.5,26.9,65.0,977.8,0.0,6.6,4.1,340.0,N,6.56,6.07,6.26
716934,2023-08-19,2023,SF,2023-08-19 19:20:00,19,6,5,11,3,19,2,22,264,85.2,4,50,0.08,0.1364,2.0,8.0,0.0,11.0,122.0,85.4,43.0,0.1818,1.0,11.0,2.0,11.0,142.0,85.0,50.0,0.0909,80.9,27.2,62.3,980.5,0.0,5.7,3.5,91.0,E,-2.26,-3.9,-0.34
716927,2023-08-20,2023,SF,2023-08-20 13:35:00,13,3,4,7,3,20,7,16,339,79.3,4,49,0.0816,0.1875,1.0,8.0,2.0,6.0,160.0,78.7,54.0,0.1667,2.0,12.0,4.0,10.0,179.0,79.9,58.0,0.2,88.9,31.6,43.3,985.0,0.0,5.1,3.2,110.7,E,-3.51,-4.58,-2.02
716910,2023-08-21,2023,NYM,2023-08-21 19:20:00,19,4,10,14,5,21,5,23,338,83.8,6,55,0.1091,0.2174,2.0,11.0,3.0,9.0,170.0,84.0,56.0,0.2222,3.0,10.0,2.0,14.0,168.0,83.7,64.0,0.2143,86.4,30.2,54.7,982.7,0.0,8.6,5.3,318.4,NW,8.13,8.6,6.67
716891,2023-08-22,2023,NYM,2023-08-22 19:20:00,19,3,2,5,3,15,7,14,279,86.3,5,50,0.1,0.2143,2.0,8.0,3.0,9.0,140.0,86.5,47.0,0.2222,1.0,7.0,4.0,5.0,139.0,86.1,51.0,0.2,87.1,30.6,61.3,979.7,0.0,9.6,5.9,294.3,NW,6.98,8.8,4.32
716876,2023-08-23,2023,NYM,2023-08-23 19:20:00,19,7,0,7,1,22,5,15,288,82.7,3,40,0.075,0.0667,1.0,8.0,3.0,12.0,140.0,82.6,58.0,0.0833,0.0,14.0,2.0,3.0,148.0,82.7,35.0,0.0,86.2,30.1,62.0,980.4,0.0,6.1,3.8,108.9,E,-4.06,-5.39,-2.24
716709,2023-09-05,2023,STL,2023-09-05 19:20:00,19,6,10,16,8,17,5,23,309,86.6,12,61,0.1967,0.3478,4.0,5.0,4.0,11.0,154.0,90.2,55.0,0.3636,4.0,12.0,1.0,12.0,155.0,82.3,45.0,0.3333,80.6,27.0,62.3,980.3,0.0,4.8,3.0,330.5,NW,4.73,4.65,4.25
716689,2023-09-06,2023,STL,2023-09-06 19:20:00,19,6,11,17,6,14,9,24,324,85.3,5,60,0.0833,0.25,2.0,3.0,4.0,10.0,146.0,86.7,54.0,0.2,4.0,11.0,5.0,14.0,178.0,83.8,51.0,0.2857,79.3,26.3,56.0,977.0,0.0,7.0,4.3,300.7,NW,5.58,6.67,3.82
716680,2023-09-07,2023,STL,2023-09-07 19:20:00,19,8,5,13,5,14,7,18,294,83.5,7,53,0.1321,0.2778,5.0,6.0,3.0,10.0,134.0,82.2,50.0,0.5,0.0,8.0,4.0,8.0,160.0,84.8,49.0,0.0,79.8,26.6,60.7,974.6,0.0,6.0,3.7,304.7,NW,5.04,5.85,3.63
716674,2023-09-08,2023,PIT,2023-09-08 19:20:00,19,8,2,10,3,18,3,18,263,85.5,3,51,0.0588,0.1667,2.0,9.0,2.0,12.0,140.0,83.1,53.0,0.1667,1.0,9.0,1.0,6.0,123.0,89.3,34.0,0.1667,76.1,24.5,48.3,976.5,0.0,6.9,4.3,324.2,NW,6.68,6.82,5.74
716651,2023-09-09,2023,PIT,2023-09-09 19:20:00,19,4,8,12,3,19,5,26,352,82.8,6,60,0.1,0.1154,1.0,11.0,2.0,12.0,181.0,83.7,63.0,0.0833,2.0,8.0,3.0,14.0,171.0,81.9,64.0,0.1429,73.7,23.2,87.0,978.3,0.0,3.3,2.0,36.6,NE,1.68,0.62,2.54
716644,2023-09-10,2023,PIT,2023-09-10 13:35:00,13,5,2,7,0,12,4,14,250,85.3,2,53,0.0377,0.0,0.0,1.0,4.0,7.0,132.0,86.7,55.0,0.0,0.0,11.0,0.0,7.0,118.0,83.5,39.0,0.0,81.4,27.5,63.3,980.8,0.3,1.3,0.8,102.5,E,-0.75,-1.07,-0.34
716532,2023-09-18,2023,PHI,2023-09-18 19:20:00,19,1,7,8,6,20,7,11,293,82.8,6,45,0.1333,0.5455,1.0,9.0,2.0,4.0,143.0,83.7,43.0,0.25,5.0,11.0,5.0,7.0,150.0,81.9,46.0,0.7143,68.6,20.3,67.7,978.5,0.0,6.6,4.1,347.9,N,6.49,5.69,6.51
716521,2023-09-19,2023,PHI,2023-09-19 19:20:00,19,9,3,12,3,19,6,17,276,82.9,5,46,0.1087,0.1765,2.0,5.0,6.0,13.0,157.0,83.9,56.0,0.1538,1.0,14.0,0.0,4.0,119.0,81.4,41.0,0.25,70.9,21.6,61.3,980.6,0.0,7.4,4.6,90.0,E,-2.82,-4.98,-0.32
716509,2023-09-20,2023,PHI,2023-09-20 12:20:00,12,5,6,11,2,16,11,14,319,84.6,3,55,0.0545,0.1429,0.0,13.0,1.0,9.0,163.0,84.4,56.0,0.0,2.0,3.0,9.0,5.0,156.0,84.9,45.0,0.4,76.6,24.8,54.3,984.5,0.0,9.1,5.7,136.7,SE,-8.51,-9.1,-6.89
716429,2023-09-26,2023,CHC,2023-09-26 19:20:00,19,7,6,13,2,18,8,21,298,81.7,3,52,0.0577,0.0952,2.0,11.0,4.0,8.0,149.0,82.4,52.0,0.25,0.0,7.0,4.0,13.0,149.0,81.0,56.0,0.0,75.1,23.9,71.7,981.5,0.0,7.7,4.8,96.8,E,-3.76,-5.82,-1.24
716412,2023-09-27,2023,CHC,2023-09-27 19:20:00,19,6,5,11,4,15,4,16,302,82.1,4,59,0.0678,0.25,2.0,5.0,1.0,9.0,132.0,82.5,54.0,0.2222,2.0,10.0,3.0,7.0,170.0,81.8,59.0,0.2857,69.6,20.9,71.3,982.5,0.0,8.3,5.2,111.1,E,-5.73,-7.44,-3.33
716399,2023-09-28,2023,CHC,2023-09-28 19:20:00,19,5,3,8,1,20,5,12,296,82.3,6,44,0.1364,0.0833,1.0,10.0,3.0,6.0,146.0,82.7,45.0,0.1667,0.0,10.0,2.0,6.0,150.0,81.9,49.0,0.0,70.1,21.2,73.0,980.8,0.0,5.6,3.5,99.7,E,-2.99,-4.43,-1.19
716394,2023-09-29,2023,WSH,2023-09-29 19:20:00,19,6,10,16,5,19,6,27,342,79.6,5,64,0.0781,0.1852,0.0,11.0,3.0,17.0,184.0,79.4,67.0,0.0,5.0,8.0,2.0,10.0,158.0,79.7,49.0,0.5,73.9,23.3,69.3,981.5,0.0,6.1,3.8,286.8,W,3.89,5.28,2.03
716369,2023-09-30,2023,WSH,2023-09-30 19:20:00,19,5,3,8,1,21,7,21,321,82.2,2,50,0.04,0.0476,1.0,9.0,4.0,11.0,170.0,80.6,59.0,0.0909,0.0,12.0,3.0,10.0,151.0,84.5,42.0,0.0,75.0,23.9,64.3,982.9,0.0,6.6,4.1,112.3,E,-4.65,-5.97,-2.77
716354,2023-10-01,2023,WSH,2023-10-01 15:10:00,15,9,10,19,2,9,10,26,336,83.3,5,70,0.0714,0.0769,2.0,8.0,4.0,11.0,167.0,86.6,57.0,0.1818,0.0,1.0,5.0,15.0,169.0,80.6,70.0,0.0,80.8,27.1,45.7,985.2,0.0,11.2,6.9,70.0,E,-0.49,-4.27,3.36
747143,2024-04-05,2024,AZ,2024-04-05 19:20:00,19,6,5,11,2,16,9,21,341,82.1,7,64,0.1094,0.0952,1.0,8.0,3.0,12.0,170.0,82.8,61.0,0.0833,1.0,8.0,6.0,9.0,171.0,81.4,57.0,0.1111,52.9,11.6,51.7,978.4,0.0,14.1,8.8,315.6,NW,13.08,14.09,10.49
747140,2024-04-06,2024,AZ,2024-04-06 19:20:00,19,9,8,17,2,16,4,27,311,82.6,5,64,0.0781,0.0741,1.0,10.0,2.0,15.0,144.0,85.1,47.0,0.0667,1.0,6.0,1.0,12.0,167.0,80.8,65.0,0.0833,54.5,12.5,49.3,979.6,0.0,9.5,5.9,308.3,NW,8.27,9.35,6.19
747141,2024-04-07,2024,AZ,2024-04-07 13:35:00,13,5,2,7,3,18,1,12,287,80.1,3,46,0.0652,0.25,3.0,10.0,0.0,7.0,139.0,83.7,54.0,0.4286,0.0,8.0,1.0,5.0,148.0,76.7,58.0,0.0,63.9,17.7,48.3,982.9,0.0,9.3,5.8,149.0,SE,-9.23,-9.15,-8.2
747142,2024-04-08,2024,NYM,2024-04-08 19:20:00,19,7,8,15,4,20,14,23,370,83.0,6,52,0.1154,0.1739,1.0,12.0,7.0,12.0,193.0,85.0,51.0,0.0833,3.0,8.0,7.0,11.0,177.0,81.3,62.0,0.2727,67.7,19.8,59.3,982.5,0.1,8.7,5.4,174.2,S,-8.33,-6.98,-8.69
747138,2024-04-09,2024,NYM,2024-04-09 19:20:00,19,6,5,11,1,13,5,23,300,85.9,2,57,0.0351,0.0435,0.0,5.0,2.0,11.0,134.0,86.5,52.0,0.0,1.0,8.0,3.0,12.0,166.0,85.3,62.0,0.0833,59.8,15.4,95.7,980.5,2.6,15.1,9.4,133.0,SE,-13.77,-15.09,-10.79
747137,2024-04-11,2024,NYM,2024-04-11 12:20:00,12,4,16,20,2,10,7,26,320,84.2,3,71,0.0423,0.0769,0.0,7.0,3.0,10.0,162.0,85.0,60.0,0.0,2.0,3.0,4.0,16.0,158.0,83.3,60.0,0.125,67.8,19.9,83.3,962.9,0.5,21.2,13.2,204.3,SW,-14.5,-8.34,-18.92
747136,2024-04-19,2024,TEX,2024-04-19 19:20:00,19,8,3,11,5,16,6,12,267,82.8,8,47,0.1702,0.4167,4.0,7.0,5.0,6.0,149.0,84.0,48.0,0.6667,1.0,9.0,1.0,6.0,118.0,81.6,50.0,0.1667,73.8,23.2,73.7,978.9,0.0,9.0,5.6,292.4,W,6.36,8.15,3.8
747135,2024-04-20,2024,TEX,2024-04-20 19:20:00,19,5,2,7,1,19,9,13,283,81.2,4,43,0.093,0.0769,1.0,10.0,7.0,8.0,151.0,83.7,42.0,0.125,0.0,9.0,2.0,5.0,132.0,78.8,43.0,0.0,67.3,19.6,62.0,979.1,0.1,14.3,8.9,334.0,NW,14.31,13.74,13.14
747133,2024-04-21,2024,TEX,2024-04-21 19:10:00,19,4,6,10,4,16,4,16,272,80.7,5,53,0.0943,0.25,1.0,9.0,3.0,5.0,137.0,82.6,42.0,0.2,3.0,7.0,1.0,11.0,135.0,79.0,49.0,0.2727,52.2,11.2,54.0,979.1,0.0,16.4,10.2,324.3,NW,15.94,16.25,13.7
747134,2024-04-22,2024,MIA,2024-04-22 19:20:00,19,3,0,3,1,11,5,16,254,83.0,1,53,0.0189,0.0625,1.0,4.0,5.0,8.0,145.0,82.0,54.0,0.125,0.0,7.0,0.0,8.0,109.0,84.3,38.0,0.0,55.9,13.3,51.0,982.6,0.0,8.7,5.4,287.7,W,5.59,7.52,2.99
747130,2024-04-23,2024,MIA,2024-04-23 19:20:00,19,5,0,5,1,12,2,13,212,81.5,3,52,0.0577,0.0769,1.0,6.0,2.0,10.0,120.0,85.2,46.0,0.1,0.0,6.0,0.0,3.0,92.0,76.6,35.0,0.0,63.3,17.4,46.7,981.7,0.0,12.3,7.6,210.7,SW,-7.37,-3.56,-10.3
747132,2024-04-24,2024,MIA,2024-04-24 19:20:00,19,4,3,7,1,19,7,17,295,84.1,1,50,0.02,0.0588,0.0,10.0,4.0,10.0,162.0,84.1,59.0,0.0,1.0,9.0,3.0,7.0,133.0,84.0,48.0,0.1429,66.6,19.2,68.0,981.4,0.0,7.1,4.4,304.0,NW,5.92,6.91,4.23
747129,2024-04-26,2024,CLE,2024-04-26 19:20:00,19,6,2,8,2,18,5,13,299,81.8,3,46,0.0652,0.1538,1.0,9.0,4.0,8.0,160.0,84.2,50.0,0.125,1.0,9.0,1.0,5.0,139.0,79.5,55.0,0.2,72.4,22.5,52.7,984.1,0.0,17.5,10.9,112.5,SE,-12.38,-15.86,-7.4
747131,2024-04-27,2024,CLE,2024-04-27 19:20:00,19,2,4,6,0,20,5,15,303,81.9,3,56,0.0536,0.0,0.0,11.0,0.0,7.0,142.0,86.0,43.0,0.0,0.0,9.0,2.0,8.0,161.0,78.7,55.0,0.0,70.9,21.6,59.3,986.8,0.0,14.1,8.8,119.3,SE,-11.09,-13.4,-7.44
747125,2024-04-28,2024,CLE,2024-04-28 13:35:00,13,4,3,7,0,18,6,19,319,81.9,2,52,0.0385,0.0,0.0,13.0,2.0,9.0,166.0,83.8,48.0,0.0,0.0,5.0,4.0,10.0,153.0,80.3,54.0,0.0,76.0,24.5,46.0,986.7,0.0,18.6,11.5,146.3,SE,-18.22,-18.35,-15.89
747126,2024-05-07,2024,BOS,2024-05-07 19:20:00,19,4,2,6,1,16,10,15,275,83.3,3,49,0.0612,0.0667,1.0,7.0,4.0,7.0,123.0,83.8,42.0,0.1429,0.0,9.0,5.0,8.0,152.0,82.8,49.0,0.0,77.9,25.5,65.0,973.1,0.0,10.1,6.3,199.7,S,-7.49,-4.71,-9.35
747127,2024-05-08,2024,BOS,2024-05-08 19:20:00,19,5,0,5,3,16,3,16,259,82.8,2,51,0.0392,0.1875,3.0,3.0,2.0,9.0,119.0,83.9,49.0,0.3333,0.0,13.0,1.0,7.0,140.0,81.7,43.0,0.0,80.4,26.9,61.7,971.8,0.1,11.3,7.0,184.3,S,-10.12,-7.76,-11.25
747128,2024-05-13,2024,CHC,2024-05-13 19:20:00,19,2,0,2,0,18,7,15,276,81.1,5,44,0.1136,0.0,0.0,10.0,4.0,10.0,151.0,80.1,47.0,0.0,0.0,8.0,3.0,5.0,125.0,82.3,42.0,0.0,65.9,18.8,74.0,976.6,0.0,15.3,9.5,131.7,SE,-13.74,-15.19,-10.64
747124,2024-05-14,2024,CHC,2024-05-14 19:20:00,19,7,0,7,2,15,4,12,255,82.6,4,49,0.0816,0.1667,2.0,4.0,4.0,9.0,140.0,85.3,52.0,0.2222,0.0,11.0,0.0,3.0,115.0,79.3,42.0,0.0,68.0,20.0,89.3,969.6,0.4,10.5,6.5,195.5,S,-8.27,-5.56,-9.98
747123,2024-05-15,2024,CHC,2024-05-15 19:20:00,19,1,7,8,2,19,6,21,283,81.9,3,54,0.0556,0.0952,0.0,11.0,2.0,8.0,128.0,84.3,44.0,0.0,2.0,8.0,4.0,13.0,155.0,80.2,61.0,0.1538,72.2,22.3,63.7,971.1,0.0,12.7,7.9,294.0,NW,9.24,11.68,5.68
747122,2024-05-17,2024,SD,2024-05-17 19:20:00,19,1,3,4,0,24,6,20,313,81.4,0,47,0.0,0.0,0.0,18.0,3.0,7.0,155.0,81.3,48.0,0.0,0.0,6.0,3.0,13.0,158.0,81.4,50.0,0.0,68.3,20.2,89.7,973.7,1.0,10.2,6.4,158.5,S,-10.23,-9.55,-9.68
747120,2024-05-19,2024,SD,2024-05-19 19:10:00,19,1,9,10,3,20,5,18,323,81.7,6,51,0.1176,0.1667,0.0,11.0,1.0,4.0,124.0,79.2,47.0,0.0,3.0,9.0,4.0,14.0,199.0,83.3,69.0,0.2143,72.2,22.3,82.0,977.2,0.0,4.6,2.8,23.1,NE,3.19,1.88,4.12
747119,2024-05-20,2024,SD,2024-05-20 12:20:00,12,5,6,11,2,15,7,22,309,82.6,2,59,0.0339,0.0909,2.0,10.0,3.0,12.0,175.0,82.6,60.0,0.1667,0.0,5.0,4.0,10.0,134.0,82.5,53.0,0.0,77.1,25.1,59.7,980.7,0.1,9.5,5.9,95.7,E,-4.5,-7.1,-1.35
747121,2024-05-20,2024,SD,2024-05-18 19:15:00,19,3,0,3,1,13,1,18,271,84.3,2,54,0.037,0.0556,1.0,3.0,1.0,11.0,135.0,84.1,53.0,0.0909,0.0,10.0,0.0,7.0,136.0,84.6,41.0,0.0,68.9,20.5,93.0,974.0,4.1,8.7,5.4,261.7,W,2.13,4.89,-0.88
747118,2024-05-27,2024,WSH,2024-05-27 16:10:00,16,4,8,12,2,20,4,23,295,83.9,4,53,0.0755,0.087,,,,,,,,,,,,,,,,,84.1,28.9,59.0,974.7,0.4,17.0,10.6,260.3,W,3.78,9.23,-2.13
747115,2024-05-28,2024,WSH,2024-05-28 19:20:00,19,2,0,2,1,20,4,12,246,80.6,1,36,0.0278,0.0833,,,,,,,,,,,,,,,,,75.7,24.3,50.7,979.2,0.0,11.5,7.1,308.0,NW,10.01,11.34,7.47
747117,2024-05-29,2024,WSH,2024-05-29 19:20:00,19,2,7,9,1,22,3,21,320,82.1,2,51,0.0392,0.0476,,,,,,,,,,,,,,,,,74.2,23.4,51.0,980.9,0.0,11.2,7.0,329.0,NW,11.11,11.01,9.88
747114,2024-05-30,2024,WSH,2024-05-30 19:20:00,19,1,3,4,0,18,6,13,282,81.0,3,47,0.0638,0.0,,,,,,,,,,,,,,,,,73.1,22.8,48.3,981.4,0.0,7.3,4.5,338.8,N,7.3,6.8,6.92
747116,2024-05-31,2024,ATH,2024-05-31 19:20:00,19,4,2,6,0,17,6,12,232,84.6,2,46,0.0435,0.0,,,,,,,,,,,,,,,,,75.7,24.3,42.7,984.4,0.0,13.4,8.3,96.7,E,-6.54,-10.14,-2.14
747111,2024-06-01,2024,ATH,2024-06-01 16:10:00,16,9,11,20,4,12,5,29,305,84.8,11,69,0.1594,0.1379,,,,,,,,,,,,,,,,,75.7,24.3,45.0,983.0,0.0,19.5,12.1,144.0,SE,-18.99,-19.41,-16.29
747110,2024-06-02,2024,ATH,2024-06-02 13:35:00,13,3,1,4,1,17,12,9,277,80.7,3,41,0.0732,0.1111,,,,,,,,,,,,,,,,,80.5,27.0,58.0,981.3,0.3,15.0,9.3,202.3,S,-10.61,-6.36,-13.58
747112,2024-06-14,2024,TB,2024-06-14 19:20:00,19,7,3,10,2,17,4,20,302,83.6,3,54,0.0556,0.1,2.0,8.0,1.0,12.0,165.0,83.0,65.0,0.1667,0.0,9.0,3.0,8.0,137.0,84.8,32.0,0.0,89.4,31.9,40.0,976.3,0.0,5.6,3.5,60.3,NE,0.7,-1.25,2.57
747113,2024-06-15,2024,TB,2024-06-15 16:10:00,16,9,2,11,5,18,11,17,317,85.2,7,46,0.1522,0.2941,4.0,6.0,5.0,11.0,151.0,87.1,50.0,0.3636,1.0,12.0,6.0,6.0,166.0,82.9,41.0,0.1667,94.3,34.6,36.0,978.2,0.1,7.3,4.5,91.0,E,-2.89,-5.0,-0.44
747109,2024-06-16,2024,TB,2024-06-16 13:35:00,13,6,8,14,6,22,7,17,284,80.8,4,44,0.0909,0.3529,3.0,12.0,2.0,9.0,142.0,81.8,46.0,0.3333,3.0,10.0,5.0,8.0,142.0,79.4,38.0,0.375,93.9,34.4,37.0,982.4,0.0,11.8,7.3,137.0,SE,-11.05,-11.8,-8.97
747108,2024-06-17,2024,DET,2024-06-17 19:20:00,19,2,1,3,1,20,4,12,287,82.9,3,42,0.0714,0.0833,1.0,9.0,0.0,7.0,129.0,87.7,41.0,0.1429,0.0,11.0,3.0,5.0,158.0,78.6,46.0,0.0,87.4,30.8,45.0,981.9,0.2,13.0,8.1,120.7,SE,-10.38,-12.41,-7.1
747107,2024-06-18,2024,DET,2024-06-18 19:20:00,19,2,1,3,0,18,2,10,270,80.1,1,44,0.0227,0.0,0.0,8.0,0.0,5.0,136.0,80.2,58.0,0.0,0.0,10.0,2.0,5.0,134.0,79.9,37.0,0.0,84.6,29.2,34.3,983.3,0.0,18.6,11.6,116.0,SE,-13.96,-17.34,-8.89
747106,2024-06-19,2024,DET,2024-06-19 12:20:00,12,7,0,7,3,23,3,20,303,80.8,5,46,0.1087,0.15,3.0,12.0,2.0,12.0,154.0,81.9,47.0,0.25,0.0,11.0,1.0,8.0,149.0,79.7,52.0,0.0,83.0,28.3,43.7,988.4,0.0,20.1,12.5,94.3,E,-9.09,-14.68,-2.4
747105,2024-06-28,2024,PIT,2024-06-28 19:20:00,19,6,1,7,1,21,5,16,310,81.6,2,45,0.0444,0.0625,1.0,8.0,4.0,10.0,157.0,80.4,66.0,0.1,0.0,13.0,1.0,6.0,153.0,83.5,44.0,0.0,81.9,27.7,71.0,978.1,4.5,12.8,8.0,142.5,SE,-12.4,-12.78,-10.51
747104,2024-06-29,2024,PIT,2024-06-29 16:10:00,16,2,1,3,1,22,9,14,329,80.5,6,46,0.1304,0.0714,1.0,12.0,3.0,7.0,157.0,85.4,48.0,0.1429,0.0,10.0,5.0,7.0,172.0,75.6,48.0,0.0,82.9,28.3,74.0,982.1,3.4,5.3,3.3,263.3,W,1.45,3.1,-0.39
747101,2024-06-30,2024,PIT,2024-06-30 11:35:00,11,2,4,6,2,21,7,12,274,82.7,3,44,0.0682,0.1667,0.0,9.0,5.0,6.0,145.0,85.2,47.0,0.0,2.0,12.0,2.0,6.0,129.0,79.5,37.0,0.3333,89.3,31.8,60.7,983.6,0.1,13.9,8.6,317.0,NW,12.99,13.87,10.54
747102,2024-07-02,2024,SF,2024-07-02 19:20:00,19,3,5,8,5,18,7,15,326,80.8,9,50,0.18,0.3333,2.0,9.0,2.0,6.0,141.0,76.7,45.0,0.3333,3.0,9.0,5.0,9.0,185.0,84.0,59.0,0.3333,85.9,30.0,46.0,982.2,0.0,12.4,7.7,135.3,SE,-11.48,-12.39,-9.19
747100,2024-07-03,2024,SF,2024-07-03 19:20:00,19,3,1,4,0,23,4,14,272,78.7,1,41,0.0244,0.0,0.0,11.0,2.0,10.0,133.0,80.4,41.0,0.0,0.0,12.0,2.0,4.0,139.0,77.0,44.0,0.0,87.2,30.7,53.7,981.1,0.0,8.9,5.5,137.7,SE,-8.34,-8.87,-6.81
747103,2024-07-04,2024,SF,2024-07-04 19:20:00,19,2,4,6,2,19,4,14,281,82.3,3,44,0.0682,0.1429,0.0,9.0,1.0,8.0,129.0,80.7,41.0,0.0,2.0,10.0,2.0,6.0,152.0,83.7,46.0,0.3333,88.5,31.4,56.7,977.8,0.4,6.9,4.3,200.4,S,-5.08,-3.16,-6.39
747097,2024-07-05,2024,PHI,2024-07-05 19:20:00,19,6,8,14,5,19,2,23,310,82.2,7,59,0.1186,0.2174,3.0,11.0,1.0,8.0,162.0,83.3,52.0,0.375,2.0,8.0,1.0,15.0,148.0,81.3,62.0,0.1333,85.2,29.6,65.0,976.4,0.3,8.4,5.2,260.9,W,1.94,4.62,-0.97
747099,2024-07-06,2024,PHI,2024-07-06 19:15:00,19,5,1,6,2,23,4,13,261,80.6,3,41,0.0732,0.1538,2.0,12.0,2.0,6.0,137.0,83.2,37.0,0.3333,0.0,11.0,1.0,7.0,124.0,78.0,37.0,0.0,78.9,26.0,93.7,978.0,0.9,2.4,1.5,225.8,SW,-0.9,-0.07,-1.62
747098,2024-07-07,2024,PHI,2024-07-07 13:35:00,13,6,0,6,4,19,6,14,278,81.5,4,46,0.087,0.2857,4.0,10.0,3.0,9.0,139.0,85.7,45.0,0.4444,0.0,9.0,3.0,5.0,139.0,78.0,54.0,0.0,87.3,30.7,62.0,979.9,0.8,6.7,4.2,154.4,SE,-6.69,-6.41,-6.16
747093,2024-07-20,2024,STL,2024-07-19 19:20:00,19,3,2,5,2,16,6,15,318,80.7,0,54,0.0,0.1333,1.0,8.0,4.0,6.0,157.0,80.1,55.0,0.1667,1.0,8.0,2.0,9.0,161.0,81.2,52.0,0.1111,72.7,22.6,94.7,981.5,4.9,5.1,3.2,233.3,SW,-1.26,0.52,-2.88
747096,2024-07-20,2024,STL,2024-07-20 19:20:00,19,5,9,14,6,26,2,23,271,86.1,9,49,0.1837,0.2609,4.0,12.0,0.0,9.0,112.0,87.5,35.0,0.4444,2.0,14.0,2.0,14.0,159.0,84.9,44.0,0.1429,74.7,23.7,92.3,981.4,3.3,8.0,5.0,150.2,SE,-7.9,-7.77,-7.08
747094,2024-07-21,2024,STL,2024-07-21 13:35:00,13,2,6,8,5,17,5,18,273,84.4,5,51,0.098,0.2778,1.0,6.0,2.0,9.0,126.0,86.2,49.0,0.1111,4.0,11.0,3.0,9.0,147.0,82.8,54.0,0.4444,82.8,28.2,68.0,981.8,0.1,7.4,4.6,215.3,SW,-3.92,-1.55,-5.82
747095,2024-07-22,2024,CIN,2024-07-22 19:20:00,19,1,4,5,1,18,7,12,277,81.9,4,48,0.0833,0.0833,0.0,8.0,5.0,3.0,142.0,81.8,46.0,0.0,1.0,10.0,2.0,9.0,135.0,82.0,44.0,0.1111,75.6,24.2,89.0,980.0,3.5,3.9,2.4,356.7,N,3.68,3.02,3.9
747091,2024-07-24,2024,CIN,2024-07-24 12:20:00,12,4,9,13,2,25,6,22,313,83.0,3,53,0.0566,0.0909,0.0,14.0,3.0,10.0,156.0,83.7,53.0,0.0,2.0,11.0,3.0,12.0,157.0,82.4,56.0,0.1667,78.4,25.8,79.7,987.0,0.5,1.9,1.2,175.6,S,-1.84,-1.52,-1.93
747092,2024-08-01,2024,MIA,2024-08-01 19:20:00,19,4,2,6,3,19,5,13,264,81.8,1,42,0.0238,0.2308,3.0,9.0,1.0,7.0,119.0,82.2,44.0,0.4286,0.0,10.0,4.0,6.0,145.0,81.4,40.0,0.0,81.7,27.6,86.7,981.5,0.0,3.0,1.9,147.4,SE,-2.99,-2.99,-2.62
747089,2024-08-02,2024,MIA,2024-08-02 19:20:00,19,5,3,8,3,25,6,13,267,82.6,2,38,0.0526,0.2308,1.0,10.0,4.0,5.0,128.0,83.9,35.0,0.2,2.0,15.0,1.0,8.0,139.0,81.4,40.0,0.25,83.4,28.5,69.3,977.4,0.1,10.5,6.5,235.6,SW,-2.15,1.48,-5.53
747087,2024-08-03,2024,MIA,2024-08-03 19:20:00,19,3,4,7,2,19,9,17,319,81.6,4,49,0.0816,0.1176,1.0,10.0,5.0,7.0,163.0,81.2,46.0,0.1429,1.0,9.0,3.0,10.0,156.0,81.9,55.0,0.1,80.1,26.7,74.0,976.6,0.0,6.4,4.0,301.0,NW,5.14,6.14,3.53
747088,2024-08-04,2024,MIA,2024-08-04 13:35:00,13,0,7,7,1,23,9,15,312,80.3,2,43,0.0465,0.0667,0.0,10.0,3.0,6.0,154.0,79.9,48.0,0.0,1.0,13.0,6.0,9.0,158.0,80.7,43.0,0.1111,85.7,29.8,56.7,980.4,0.1,4.4,2.8,123.7,SE,-3.68,-4.3,-2.62
747086,2024-08-06,2024,MIL,2024-08-06 19:20:00,19,0,10,10,2,18,7,22,317,83.3,5,55,0.0909,0.0909,0.0,10.0,2.0,6.0,125.0,83.9,45.0,0.0,2.0,8.0,5.0,16.0,192.0,83.0,62.0,0.125,83.7,28.7,59.7,973.6,0.0,9.9,6.2,332.4,NW,9.89,9.6,8.99
747085,2024-08-07,2024,MIL,2024-08-07 19:20:00,19,5,8,13,2,31,11,26,347,83.4,3,45,0.0667,0.0769,2.0,15.0,3.0,10.0,154.0,83.4,39.0,0.2,0.0,16.0,8.0,16.0,193.0,83.4,49.0,0.0,85.5,29.7,53.0,969.5,0.0,15.9,9.9,315.3,NW,14.76,15.92,11.81
747081,2024-08-08,2024,MIL,2024-08-08 12:20:00,12,7,16,23,8,20,12,30,400,84.2,9,64,0.1406,0.2667,2.0,12.0,6.0,10.0,177.0,81.5,66.0,0.2,6.0,8.0,6.0,20.0,223.0,86.6,71.0,0.3,89.5,32.0,53.7,970.5,0.0,17.6,10.9,302.3,NW,14.36,16.95,10.03
747083,2024-08-20,2024,PHI,2024-08-20 19:20:00,19,3,1,4,1,25,6,12,295,80.9,2,38,0.0526,0.0833,1.0,12.0,5.0,7.0,156.0,80.7,41.0,0.1429,0.0,13.0,1.0,5.0,139.0,81.0,40.0,0.0,76.8,24.9,48.7,978.4,0.0,13.3,8.3,324.3,NW,12.98,13.24,11.16
747084,2024-08-21,2024,PHI,2024-08-21 19:20:00,19,2,3,5,1,12,4,14,266,83.3,1,53,0.0189,0.0714,1.0,7.0,3.0,9.0,149.0,81.2,44.0,0.1111,0.0,5.0,1.0,5.0,117.0,85.3,46.0,0.0,78.3,25.7,50.7,981.3,0.0,5.5,3.4,115.8,SE,-4.08,-5.08,-2.6
747082,2024-08-22,2024,PHI,2024-08-22 19:08:00,19,3,2,5,1,25,4,13,263,79.5,1,37,0.027,0.0769,1.0,11.0,1.0,10.0,133.0,77.9,43.0,0.1,0.0,14.0,3.0,3.0,130.0,81.7,32.0,0.0,77.3,25.2,47.7,983.9,0.0,10.3,6.4,98.3,E,-5.25,-7.95,-1.92
747080,2024-08-23,2024,WSH,2024-08-23 19:20:00,19,3,2,5,1,12,1,18,267,82.6,1,60,0.0167,0.0556,1.0,7.0,0.0,8.0,138.0,83.7,48.0,0.125,0.0,5.0,1.0,10.0,129.0,81.3,44.0,0.0,76.0,24.5,45.0,985.7,0.0,8.7,5.4,89.0,E,-3.18,-5.74,-0.23
747077,2024-08-24,2024,WSH,2024-08-24 19:20:00,19,4,2,6,3,14,5,21,278,81.4,2,54,0.037,0.1429,2.0,7.0,3.0,11.0,143.0,78.6,54.0,0.1818,1.0,7.0,2.0,10.0,135.0,84.5,47.0,0.1,76.8,24.9,48.0,984.4,0.0,7.5,4.7,63.7,NE,0.5,-2.1,3.04
747078,2024-08-25,2024,WSH,2024-08-25 12:05:00,12,1,5,6,1,23,7,12,303,81.6,3,43,0.0698,0.0833,1.0,12.0,4.0,4.0,153.0,82.8,41.0,0.25,0.0,11.0,3.0,8.0,150.0,80.3,40.0,0.0,82.7,28.2,40.0,988.3,0.0,11.0,6.8,76.0,E,-1.63,-5.25,2.19
747079,2024-09-03,2024,COL,2024-09-03 19:20:00,19,3,0,3,0,19,6,13,277,82.0,3,43,0.0698,0.0,0.0,6.0,5.0,7.0,152.0,81.2,52.0,0.0,0.0,13.0,1.0,6.0,125.0,83.1,35.0,0.0,78.1,25.6,42.0,983.6,0.0,13.4,8.3,84.0,E,-3.8,-7.95,0.81
747075,2024-09-04,2024,COL,2024-09-04 19:20:00,19,5,2,7,1,22,13,12,310,83.5,4,39,0.1026,0.0833,1.0,6.0,8.0,7.0,153.0,86.3,45.0,0.1429,0.0,16.0,5.0,5.0,157.0,80.7,45.0,0.0,76.4,24.7,42.7,986.0,0.0,12.3,7.7,74.3,E,-1.47,-5.57,2.81
747073,2024-09-05,2024,COL,2024-09-05 19:20:00,19,1,3,4,2,24,3,11,255,84.1,2,40,0.05,0.1818,0.0,8.0,0.0,5.0,107.0,84.0,40.0,0.0,2.0,16.0,3.0,6.0,148.0,84.1,40.0,0.3333,78.3,25.7,49.7,983.7,0.0,8.8,5.5,49.1,NE,2.78,-0.25,5.48
747074,2024-09-06,2024,TOR,2024-09-06 19:20:00,19,3,1,4,0,19,4,14,264,81.7,2,46,0.0435,0.0,0.0,8.0,3.0,7.0,133.0,83.5,38.0,0.0,0.0,11.0,1.0,7.0,131.0,80.1,42.0,0.0,69.4,20.8,96.0,979.0,1.1,2.9,1.8,204.7,SW,-1.95,-1.11,-2.55
747076,2024-09-07,2024,TOR,2024-09-07 19:20:00,19,5,9,14,2,13,3,27,293,83.2,4,64,0.0625,0.0741,0.0,7.0,3.0,10.0,146.0,81.4,54.0,0.0,2.0,6.0,0.0,17.0,147.0,84.8,64.0,0.1176,74.9,23.8,51.7,976.8,0.0,12.5,7.8,348.3,N,12.28,10.73,12.34
747072,2024-09-08,2024,TOR,2024-09-08 13:35:00,13,4,3,7,2,19,6,16,343,83.0,2,61,0.0328,0.125,1.0,7.0,1.0,8.0,154.0,84.4,53.0,0.125,1.0,12.0,2.0,8.0,189.0,81.8,68.0,0.125,79.3,26.3,46.0,981.3,0.0,9.8,6.1,89.3,E,-3.66,-6.56,-0.31
747090,2024-09-09,2024,CIN,2024-07-23 19:20:00,19,0,1,1,0,19,3,10,256,80.1,0,44,0.0,0.0,0.0,7.0,1.0,2.0,120.0,78.8,40.0,0.0,0.0,12.0,2.0,8.0,136.0,81.6,33.0,0.0,75.4,24.1,91.3,983.5,0.9,8.3,5.1,230.9,SW,-2.36,0.5,-4.92
747069,2024-09-13,2024,LAD,2024-09-13 19:20:00,19,6,2,8,3,15,5,15,285,83.2,6,50,0.12,0.2,2.0,6.0,4.0,10.0,159.0,83.1,53.0,0.2,1.0,9.0,1.0,5.0,126.0,83.4,40.0,0.2,73.9,23.3,79.7,978.3,0.2,18.6,11.6,98.7,E,-9.64,-14.51,-3.61
747070,2024-09-14,2024,LAD,2024-09-14 19:20:00,19,10,1,11,0,13,9,17,291,83.0,4,53,0.0755,0.0,0.0,6.0,6.0,10.0,156.0,85.2,47.0,0.0,0.0,7.0,3.0,7.0,135.0,80.5,41.0,0.0,73.6,23.1,78.3,978.5,0.7,17.3,10.8,103.0,E,-10.07,-14.29,-4.64
747071,2024-09-15,2024,LAD,2024-09-15 19:10:00,19,2,9,11,3,18,11,15,293,83.5,6,50,0.12,0.2,0.0,8.0,6.0,4.0,141.0,79.4,46.0,0.0,3.0,10.0,4.0,11.0,152.0,88.1,42.0,0.2727,75.6,24.2,62.0,980.1,0.0,16.3,10.1,84.0,E,-4.63,-9.7,1.0
747067,2024-09-16,2024,LAD,2024-09-16 19:20:00,19,0,9,9,1,14,11,8,302,82.4,4,47,0.0851,0.125,0.0,5.0,4.0,4.0,140.0,82.4,49.0,0.0,1.0,9.0,7.0,4.0,162.0,82.5,42.0,0.25,74.1,23.4,52.3,979.2,0.0,9.2,5.7,91.0,E,-3.66,-6.33,-0.56
747068,2024-09-24,2024,NYM,2024-09-24 19:20:00,19,5,1,6,3,14,3,14,268,82.5,1,51,0.0196,0.2143,2.0,8.0,2.0,10.0,157.0,83.0,65.0,0.2,1.0,6.0,1.0,4.0,111.0,81.8,44.0,0.25,81.9,27.7,53.7,975.9,0.0,11.0,6.8,210.3,SW,-6.65,-3.25,-9.24
747065,2024-09-27,2024,KC,2024-09-27 19:20:00,19,3,0,3,1,16,6,7,225,81.6,2,42,0.0476,0.1429,1.0,7.0,4.0,4.0,126.0,79.7,41.0,0.25,0.0,9.0,2.0,3.0,99.0,84.0,33.0,0.0,71.0,21.7,63.0,966.0,0.0,19.0,11.8,193.0,S,-15.44,-10.74,-18.28
747066,2024-09-28,2024,KC,2024-09-28 19:20:00,19,2,1,3,1,25,7,8,275,85.2,3,33,0.0909,0.125,1.0,12.0,4.0,5.0,145.0,86.4,40.0,0.2,0.0,13.0,3.0,3.0,130.0,83.9,39.0,0.0,69.5,20.8,84.3,972.9,0.1,6.8,4.2,276.5,W,3.3,5.13,1.07
747061,2024-09-29,2024,KC,2024-09-29 15:20:00,15,2,4,6,3,21,5,13,313,78.6,4,43,0.093,0.2308,1.0,7.0,2.0,8.0,169.0,80.9,58.0,0.125,2.0,14.0,3.0,5.0,144.0,75.5,41.0,0.4,75.4,24.1,63.3,974.1,0.0,11.9,7.4,238.7,SW,-1.83,2.3,-5.74
747064,2024-09-30,2024,NYM,2024-09-25 19:20:00,19,3,0,3,0,18,6,9,255,83.6,1,40,0.025,0.0,0.0,7.0,5.0,6.0,141.0,83.1,50.0,0.0,0.0,11.0,1.0,3.0,114.0,84.3,34.0,0.0,68.7,20.4,97.3,975.7,11.2,9.7,6.0,90.3,E,-3.78,-6.62,-0.48
747139,2024-09-30,2024,NYM,2024-04-10 19:20:00,19,7,8,15,4,18,5,23,322,82.5,7,58,0.1207,0.1739,2.0,11.0,4.0,12.0,174.0,82.2,56.0,0.1667,2.0,7.0,1.0,11.0,148.0,82.8,63.0,0.1818,62.8,17.1,95.3,973.9,9.4,17.1,10.6,118.0,SE,-13.18,-16.09,-8.67
778464,2025-04-04,2025,MIA,2025-04-04 19:15:00,19,10,0,10,2,21,3,20,263,86.8,3,50,0.06,0.1,2.0,9.0,3.0,16.0,144.0,86.9,58.0,0.125,0.0,12.0,0.0,4.0,119.0,86.6,38.0,0.0,81.7,27.6,46.0,983.7,0.0,13.4,8.3,155.0,SE,-13.39,-12.78,-12.38
778451,2025-04-05,2025,MIA,2025-04-05 19:15:00,19,0,4,4,2,21,7,17,275,84.6,5,46,0.1087,0.1176,0.0,11.0,2.0,7.0,126.0,87.7,39.0,0.0,2.0,10.0,5.0,10.0,149.0,81.7,41.0,0.2,81.7,27.6,45.0,979.0,0.0,18.6,11.5,189.3,S,-15.77,-11.47,-18.17
778406,2025-04-08,2025,PHI,2025-04-08 19:15:00,19,7,5,12,2,17,9,20,312,81.0,5,54,0.0926,0.1,1.0,8.0,6.0,11.0,158.0,80.2,53.0,0.0909,1.0,9.0,3.0,9.0,154.0,81.9,48.0,0.1111,51.8,11.0,52.7,979.1,0.0,14.9,9.2,333.7,NW,14.83,14.28,13.6
778393,2025-04-09,2025,PHI,2025-04-09 19:15:00,19,3,4,7,3,21,10,19,363,80.0,3,50,0.06,0.1579,1.0,7.0,5.0,10.0,165.0,81.4,54.0,0.1,2.0,14.0,5.0,9.0,198.0,78.7,59.0,0.2222,59.3,15.2,62.7,983.3,0.0,6.6,4.1,113.0,SE,-4.73,-6.03,-2.85
778384,2025-04-10,2025,PHI,2025-04-10 19:15:00,19,4,2,6,2,20,10,16,346,80.0,6,55,0.1091,0.125,1.0,10.0,2.0,9.0,166.0,78.3,63.0,0.1111,1.0,10.0,5.0,7.0,180.0,82.0,54.0,0.1429,59.6,15.3,78.3,979.1,1.8,12.1,7.5,293.0,NW,8.6,10.98,5.19
778284,2025-04-18,2025,MIN,2025-04-18 19:15:00,19,6,4,10,2,13,7,14,303,82.4,5,53,0.0943,0.1429,1.0,9.0,4.0,8.0,162.0,84.6,56.0,0.125,1.0,4.0,3.0,6.0,141.0,80.1,54.0,0.1667,79.9,26.6,31.7,984.6,0.0,15.3,9.5,180.0,S,-14.1,-11.26,-15.25
778267,2025-04-19,2025,MIN,2025-04-19 19:15:00,19,4,3,7,2,19,6,19,336,83.3,5,50,0.1,0.1053,1.0,6.0,2.0,12.0,160.0,82.6,56.0,0.0833,1.0,13.0,4.0,7.0,176.0,84.0,52.0,0.1429,80.3,26.8,40.3,986.7,0.0,7.4,4.6,206.0,SW,-4.9,-2.71,-6.5
778249,2025-04-20,2025,MIN,2025-04-20 13:35:00,13,6,2,8,4,16,5,13,269,84.8,6,49,0.1224,0.3077,3.0,6.0,1.0,8.0,118.0,87.0,47.0,0.375,1.0,10.0,4.0,5.0,151.0,82.4,42.0,0.2,79.9,26.6,50.3,987.3,0.0,10.3,6.4,165.0,S,-10.24,-9.17,-10.09
778233,2025-04-21,2025,STL,2025-04-21 19:15:00,19,7,6,13,3,12,7,19,251,82.1,5,56,0.0893,0.1579,2.0,6.0,5.0,8.0,123.0,82.1,40.0,0.25,1.0,6.0,2.0,11.0,128.0,82.2,55.0,0.0909,78.7,26.0,47.3,981.3,0.0,7.4,4.6,245.2,SW,-0.29,2.26,-2.8
778229,2025-04-22,2025,STL,2025-04-22 19:15:00,19,4,10,14,3,13,13,20,338,82.8,6,61,0.0984,0.15,2.0,5.0,6.0,8.0,151.0,84.5,45.0,0.25,1.0,8.0,5.0,12.0,187.0,81.6,66.0,0.0833,67.5,19.7,85.0,982.0,5.0,3.8,2.4,297.3,NW,2.93,3.6,1.9
778214,2025-04-23,2025,STL,2025-04-23 12:15:00,12,4,1,5,1,11,6,18,275,80.2,3,56,0.0536,0.0556,1.0,6.0,2.0,11.0,127.0,80.5,44.0,0.0909,0.0,5.0,4.0,7.0,148.0,80.0,50.0,0.0,76.0,24.4,62.0,985.0,0.4,5.4,3.4,139.3,SE,-5.16,-5.43,-4.27
778092,2025-05-02,2025,LAD,2025-05-02 19:15:00,19,1,2,3,2,21,6,6,279,81.7,3,37,0.0811,0.3333,1.0,10.0,3.0,2.0,144.0,80.4,43.0,0.5,1.0,11.0,3.0,4.0,135.0,83.0,43.0,0.25,70.5,21.4,74.0,978.6,10.4,16.3,10.1,333.3,NW,16.22,15.65,14.84
778076,2025-05-03,2025,LAD,2025-05-03 19:15:00,19,3,10,13,3,21,7,22,358,81.6,5,55,0.0909,0.1364,1.0,9.0,3.0,10.0,170.0,80.3,54.0,0.1,2.0,12.0,4.0,12.0,188.0,83.1,50.0,0.1667,62.5,16.9,88.3,972.9,6.3,11.9,7.4,249.7,W,0.45,4.5,-3.65
778060,2025-05-04,2025,LAD,2025-05-04 19:10:00,19,4,3,7,3,19,4,15,291,85.0,3,46,0.0652,0.2,2.0,7.0,2.0,8.0,134.0,84.9,52.0,0.25,1.0,12.0,2.0,7.0,157.0,85.3,45.0,0.1429,61.2,16.2,61.3,974.5,0.0,10.7,6.6,293.0,NW,7.61,9.71,4.59
778049,2025-05-05,2025,CIN,2025-05-05 19:15:00,19,4,0,4,1,10,8,8,253,84.7,2,48,0.0417,0.125,1.0,4.0,3.0,7.0,135.0,86.2,46.0,0.1429,0.0,6.0,5.0,1.0,118.0,83.0,37.0,0.0,63.2,17.3,59.0,978.3,0.0,6.1,3.8,288.8,W,4.0,5.32,2.2
778034,2025-05-06,2025,CIN,2025-05-06 19:15:00,19,2,1,3,0,29,7,15,339,82.9,1,43,0.0233,0.0,0.0,12.0,3.0,8.0,171.0,82.3,57.0,0.0,0.0,17.0,3.0,7.0,168.0,83.5,45.0,0.0,69.9,21.0,55.3,980.4,0.0,8.3,5.2,346.7,N,8.19,7.25,8.15
778023,2025-05-07,2025,CIN,2025-05-07 19:15:00,19,3,4,7,3,22,4,13,295,82.4,3,43,0.0698,0.2308,1.0,13.0,1.0,6.0,153.0,81.5,51.0,0.1667,2.0,9.0,2.0,7.0,142.0,83.4,45.0,0.2857,68.8,20.4,77.0,979.7,0.0,9.7,6.0,113.0,SE,-6.9,-8.8,-4.16
778003,2025-05-08,2025,CIN,2025-05-08 19:15:00,19,5,4,9,1,23,7,19,362,82.8,2,59,0.0339,0.0526,0.0,12.0,2.0,10.0,188.0,80.1,56.0,0.0,1.0,11.0,4.0,9.0,174.0,85.9,49.0,0.1111,72.4,22.5,73.3,976.8,0.0,9.1,5.7,246.5,SW,-0.16,2.96,-3.27
777959,2025-05-12,2025,WSH,2025-05-12 19:15:00,19,4,3,7,2,12,4,18,258,87.7,7,56,0.125,0.1111,1.0,4.0,2.0,10.0,126.0,88.2,48.0,0.1,1.0,8.0,2.0,8.0,132.0,87.2,44.0,0.125,69.6,20.9,78.3,974.1,0.8,10.4,6.4,152.6,SE,-10.33,-10.01,-9.4
777942,2025-05-13,2025,WSH,2025-05-13 19:15:00,19,5,2,7,2,17,4,16,295,81.2,4,48,0.0833,0.125,1.0,12.0,2.0,11.0,169.0,79.2,59.0,0.0909,1.0,5.0,2.0,5.0,126.0,84.0,40.0,0.2,68.3,20.2,81.0,973.3,0.1,5.5,3.4,256.1,W,0.82,2.63,-1.09
777929,2025-05-14,2025,WSH,2025-05-14 19:15:00,19,4,5,9,0,15,5,19,317,84.5,4,54,0.0741,0.0,0.0,9.0,3.0,8.0,168.0,83.9,69.0,0.0,0.0,6.0,2.0,11.0,149.0,85.3,44.0,0.0,76.5,24.7,65.7,973.9,0.0,8.9,5.5,222.5,SW,-3.75,-0.77,-6.29
777909,2025-05-15,2025,WSH,2025-05-15 12:15:00,12,5,2,7,1,13,4,15,267,82.4,0,52,0.0,0.0667,0.0,7.0,1.0,9.0,143.0,83.4,47.0,0.0,1.0,6.0,3.0,6.0,124.0,81.1,41.0,0.1667,80.3,26.8,58.7,977.5,0.0,16.2,10.1,235.3,SW,-3.41,2.21,-8.62
777813,2025-05-23,2025,SD,2025-05-23 19:15:00,19,1,2,3,3,18,5,12,273,81.6,4,45,0.0889,0.25,1.0,10.0,3.0,6.0,142.0,82.7,47.0,0.1667,2.0,8.0,2.0,6.0,131.0,80.1,38.0,0.3333,75.1,24.0,41.3,981.2,0.0,11.5,7.1,298.0,NW,8.85,10.81,5.82
777803,2025-05-24,2025,SD,2025-05-24 16:10:00,16,7,1,8,2,15,7,19,283,81.4,3,54,0.0556,0.1053,2.0,9.0,3.0,13.0,159.0,79.2,47.0,0.1538,0.0,6.0,4.0,6.0,124.0,83.7,43.0,0.0,82.5,28.0,41.0,982.7,0.0,5.0,3.1,353.0,N,4.79,4.04,4.95
777783,2025-05-25,2025,SD,2025-05-25 16:10:00,16,3,5,8,3,24,2,16,277,83.4,5,43,0.1163,0.1875,0.0,11.0,2.0,7.0,141.0,83.8,48.0,0.0,3.0,13.0,0.0,9.0,136.0,83.0,53.0,0.3333,82.0,27.8,51.3,981.6,1.1,4.8,3.0,240.3,SW,-0.6,1.06,-2.18
777719,2025-05-30,2025,BOS,2025-05-30 19:15:00,19,1,5,6,1,22,5,17,321,82.8,3,49,0.0612,0.0588,0.0,8.0,3.0,6.0,154.0,82.3,51.0,0.0,1.0,14.0,2.0,11.0,167.0,83.2,54.0,0.0909,69.2,20.7,66.0,974.1,0.0,16.6,10.3,308.0,NW,14.42,16.34,10.76
777706,2025-05-31,2025,BOS,2025-05-31 16:10:00,16,5,0,5,2,23,2,16,266,84.4,5,43,0.1163,0.125,2.0,9.0,2.0,11.0,133.0,86.6,41.0,0.1818,0.0,14.0,0.0,5.0,133.0,82.2,43.0,0.0,77.0,25.0,45.0,973.7,0.0,21.6,13.4,301.0,NW,17.34,20.68,11.9
777692,2025-06-01,2025,BOS,2025-06-01 13:35:00,13,1,3,4,1,26,6,12,270,81.5,3,40,0.075,0.0833,1.0,14.0,3.0,5.0,140.0,81.9,48.0,0.2,0.0,12.0,3.0,7.0,130.0,81.1,38.0,0.0,77.6,25.3,47.0,977.4,0.0,10.9,6.8,288.3,W,7.15,9.55,3.89
777672,2025-06-03,2025,AZ,2025-06-03 19:15:00,19,3,8,11,5,12,5,17,280,82.6,7,57,0.1228,0.2941,1.0,5.0,1.0,6.0,117.0,80.6,47.0,0.1667,4.0,7.0,4.0,11.0,163.0,84.5,49.0,0.3636,79.1,26.2,53.7,982.5,0.0,9.7,6.0,150.3,SE,-9.59,-9.42,-8.6
777654,2025-06-04,2025,AZ,2025-06-04 19:15:00,19,1,2,3,0,25,12,8,308,83.0,2,36,0.0556,0.0,0.0,13.0,4.0,3.0,149.0,85.9,39.0,0.0,0.0,12.0,7.0,5.0,159.0,80.4,44.0,0.0,71.1,21.7,88.7,982.4,1.2,15.2,9.4,103.6,E,-8.97,-12.62,-4.23
777640,2025-06-05,2025,AZ,2025-06-05 12:15:00,12,10,11,21,6,16,10,25,336,84.3,7,58,0.1207,0.24,3.0,9.0,4.0,13.0,175.0,85.1,65.0,0.2308,3.0,7.0,6.0,12.0,161.0,83.1,50.0,0.25,76.7,24.8,72.3,981.8,0.3,1.8,1.1,349.4,N,1.73,1.5,1.75
777535,2025-06-13,2025,COL,2025-06-13 19:15:00,19,12,4,16,3,18,7,29,300,83.5,5,58,0.0862,0.1034,2.0,10.0,3.0,15.0,151.0,84.2,61.0,0.1333,1.0,8.0,4.0,14.0,149.0,82.5,48.0,0.0714,78.6,25.9,80.7,980.8,0.4,8.6,5.3,124.7,SE,-7.23,-8.39,-5.2
777523,2025-06-14,2025,COL,2025-06-14 16:10:00,16,4,1,5,1,25,4,11,261,82.5,2,37,0.0541,0.0909,1.0,6.0,3.0,7.0,126.0,81.6,39.0,0.1429,0.0,19.0,1.0,4.0,135.0,83.6,36.0,0.0,80.4,26.9,73.0,980.8,4.1,10.9,6.8,253.4,W,1.13,4.77,-2.65
777504,2025-06-15,2025,COL,2025-06-15 13:35:00,13,1,10,11,1,24,7,16,303,79.7,2,42,0.0476,0.0625,0.0,8.0,2.0,6.0,135.0,80.7,48.0,0.0,1.0,16.0,5.0,10.0,168.0,78.9,55.0,0.1,83.3,28.5,65.3,982.5,0.1,9.8,6.1,261.3,W,2.34,5.46,-1.05
777489,2025-06-17,2025,NYM,2025-06-17 19:15:00,19,5,4,9,2,16,7,14,277,84.8,4,52,0.0769,0.1429,0.0,5.0,4.0,7.0,143.0,84.4,45.0,0.0,2.0,11.0,2.0,7.0,134.0,85.1,40.0,0.2857,77.8,25.4,78.3,979.8,0.0,12.3,7.7,215.7,SW,-6.51,-2.53,-9.7
777470,2025-06-18,2025,NYM,2025-06-18 19:15:00,19,5,0,5,2,12,5,12,263,80.6,1,51,0.0196,0.1667,2.0,5.0,4.0,7.0,145.0,82.7,53.0,0.2857,0.0,7.0,1.0,5.0,118.0,78.3,50.0,0.0,79.5,26.4,72.0,981.5,0.0,11.6,7.2,201.7,S,-8.32,-5.05,-10.58
777455,2025-06-19,2025,NYM,2025-06-19 19:15:00,19,7,1,8,0,19,10,14,307,85.1,1,46,0.0217,0.0,0.0,6.0,9.0,8.0,171.0,84.6,52.0,0.0,0.0,13.0,1.0,6.0,136.0,85.8,45.0,0.0,78.8,26.0,71.7,980.6,0.0,11.5,7.2,281.0,W,6.36,9.27,2.69
777342,2025-06-27,2025,PHI,2025-06-27 19:15:00,19,0,13,13,5,16,10,26,334,83.2,9,63,0.1429,0.1923,0.0,7.0,3.0,9.0,147.0,82.6,54.0,0.0,5.0,9.0,7.0,17.0,187.0,83.8,63.0,0.2941,75.0,23.9,84.3,982.8,0.4,5.9,3.6,357.5,N,5.51,4.5,5.87
777333,2025-06-28,2025,PHI,2025-06-28 19:15:00,19,6,1,7,1,25,5,17,279,83.7,2,40,0.05,0.0588,1.0,11.0,4.0,13.0,157.0,83.0,46.0,0.0769,0.0,14.0,1.0,4.0,122.0,84.7,36.0,0.0,76.9,24.9,81.0,982.0,0.3,4.8,3.0,293.7,NW,3.49,4.42,2.13
777316,2025-06-29,2025,PHI,2025-06-29 13:35:00,13,1,2,3,1,17,5,13,249,82.0,4,49,0.0816,0.0769,1.0,11.0,2.0,6.0,130.0,77.3,42.0,0.1667,0.0,6.0,3.0,7.0,119.0,86.8,41.0,0.0,86.7,30.4,57.0,982.6,0.0,5.8,3.6,284.0,W,3.43,4.81,1.63
777298,2025-07-01,2025,LAA,2025-07-01 19:15:00,19,0,4,4,0,21,9,15,328,82.4,2,48,0.0417,0.0,0.0,11.0,1.0,7.0,134.0,82.2,42.0,0.0,0.0,10.0,7.0,8.0,194.0,82.6,54.0,0.0,76.6,24.8,86.3,977.7,8.9,6.6,4.1,271.5,W,2.7,4.61,0.46
777279,2025-07-02,2025,LAA,2025-07-02 19:15:00,19,8,3,11,4,22,7,19,310,84.0,7,46,0.1522,0.2105,3.0,10.0,4.0,12.0,149.0,85.4,59.0,0.25,1.0,12.0,3.0,7.0,161.0,82.1,42.0,0.1429,83.1,28.4,49.3,977.3,0.0,11.8,7.3,329.3,NW,11.68,11.55,10.4
777261,2025-07-03,2025,LAA,2025-07-03 19:15:00,19,1,5,6,3,23,6,16,303,84.1,6,47,0.1277,0.1875,1.0,11.0,2.0,5.0,136.0,84.4,39.0,0.2,2.0,12.0,4.0,11.0,167.0,83.9,44.0,0.1818,84.3,29.1,52.7,978.4,0.0,8.5,5.3,342.7,N,8.47,7.69,8.22
777252,2025-07-04,2025,BAL,2025-07-04 19:15:00,19,2,3,5,3,16,2,13,270,83.2,3,50,0.06,0.2308,1.0,8.0,1.0,6.0,129.0,82.7,42.0,0.1667,2.0,8.0,1.0,7.0,141.0,83.7,44.0,0.2857,87.0,30.5,48.7,980.9,0.0,8.3,5.1,58.1,NE,1.36,-1.51,4.06
777237,2025-07-05,2025,BAL,2025-07-05 16:10:00,16,6,9,15,5,26,9,18,371,83.3,5,51,0.098,0.2778,2.0,11.0,4.0,10.0,179.0,82.8,53.0,0.2,3.0,15.0,4.0,8.0,192.0,84.0,38.0,0.375,90.1,32.3,35.0,980.9,0.0,12.9,8.0,66.0,NE,0.34,-4.08,4.72
777222,2025-07-06,2025,BAL,2025-07-06 11:35:00,11,1,2,3,2,19,6,13,269,82.0,3,43,0.0698,0.1538,1.0,10.0,2.0,7.0,131.0,82.5,40.0,0.1429,1.0,9.0,3.0,6.0,138.0,81.6,41.0,0.1667,88.1,31.2,40.7,981.6,0.0,4.8,3.0,284.2,W,2.87,4.01,1.38
777114,2025-07-18,2025,NYY,2025-07-18 19:15:00,19,7,3,10,1,19,8,17,294,84.2,3,47,0.0638,0.0588,1.0,6.0,4.0,9.0,136.0,83.3,48.0,0.1111,0.0,13.0,4.0,8.0,158.0,85.1,46.0,0.0,80.1,26.7,77.3,984.0,1.4,7.7,4.8,232.8,SW,-1.94,0.71,-4.36
777097,2025-07-19,2025,NYY,2025-07-19 19:15:00,19,9,12,21,6,15,13,21,371,82.4,8,59,0.1356,0.2857,2.0,10.0,8.0,10.0,187.0,81.3,55.0,0.2,4.0,5.0,3.0,11.0,184.0,83.4,63.0,0.3636,82.3,27.9,73.7,982.8,0.9,6.2,3.8,271.1,W,2.47,4.25,0.38
777083,2025-07-20,2025,NYY,2025-07-20 13:35:00,13,2,4,6,3,11,3,16,275,81.7,5,58,0.0862,0.1875,2.0,7.0,0.0,7.0,132.0,79.7,56.0,0.2857,1.0,4.0,3.0,9.0,143.0,84.1,45.0,0.1111,90.8,32.7,51.3,982.6,0.0,13.7,8.5,286.7,W,8.63,11.73,4.49
777069,2025-07-21,2025,SF,2025-07-21 19:15:00,19,9,5,14,1,15,12,20,355,83.3,3,53,0.0566,0.05,0.0,12.0,9.0,8.0,189.0,82.4,56.0,0.0,1.0,3.0,3.0,12.0,166.0,84.0,73.0,0.0833,84.5,29.2,64.7,979.4,0.0,11.8,7.3,310.7,NW,10.5,11.68,8.05
777058,2025-07-22,2025,SF,2025-07-22 19:15:00,19,0,9,9,2,20,8,18,317,83.0,6,51,0.1176,0.1111,0.0,14.0,2.0,8.0,161.0,82.1,47.0,0.0,2.0,6.0,6.0,10.0,156.0,83.8,60.0,0.2,85.1,29.5,64.3,979.8,1.5,9.4,5.8,339.1,N,9.4,8.74,8.92
777041,2025-07-23,2025,SF,2025-07-23 12:15:00,12,3,9,12,3,19,9,17,339,82.8,4,51,0.0784,0.1765,0.0,7.0,5.0,7.0,159.0,79.6,57.0,0.0,3.0,12.0,4.0,10.0,180.0,86.4,51.0,0.3,82.8,28.2,66.3,984.5,0.9,15.1,9.4,110.3,E,-10.24,-13.4,-5.85
776882,2025-08-04,2025,MIL,2025-08-04 19:15:00,19,1,3,4,2,8,7,6,253,82.1,4,50,0.08,0.3333,1.0,6.0,3.0,3.0,114.0,82.9,44.0,0.3333,1.0,2.0,4.0,3.0,139.0,81.2,36.0,0.3333,65.9,18.8,92.0,982.2,0.1,12.9,8.0,74.0,E,-1.46,-5.76,3.01
776869,2025-08-05,2025,MIL,2025-08-05 19:15:00,19,2,7,9,1,18,12,16,359,80.4,3,52,0.0577,0.0625,1.0,11.0,8.0,8.0,186.0,82.5,45.0,0.125,0.0,7.0,4.0,8.0,173.0,78.8,58.0,0.0,72.9,22.7,84.7,984.9,0.3,9.7,6.0,69.7,E,-0.37,-3.67,2.96
776853,2025-08-06,2025,MIL,2025-08-06 19:15:00,19,4,5,9,4,19,2,22,304,84.6,5,55,0.0909,0.1818,2.0,11.0,0.0,8.0,134.0,82.9,46.0,0.25,2.0,8.0,2.0,14.0,170.0,85.9,59.0,0.1429,77.8,25.4,72.3,985.8,0.0,8.5,5.3,90.0,E,-3.24,-5.72,-0.37
776842,2025-08-07,2025,MIA,2025-08-07 19:15:00,19,8,6,14,4,11,6,21,292,83.6,5,60,0.0833,0.1905,3.0,4.0,3.0,11.0,145.0,84.1,61.0,0.2727,1.0,7.0,2.0,10.0,147.0,82.9,43.0,0.1,77.1,25.1,73.0,983.9,0.0,7.7,4.8,78.0,E,-1.41,-3.93,1.28
776834,2025-08-08,2025,MIA,2025-08-08 19:15:00,19,1,5,6,2,18,4,11,264,85.9,3,47,0.0638,0.1818,1.0,11.0,2.0,2.0,126.0,86.3,39.0,0.5,1.0,7.0,2.0,9.0,138.0,85.5,45.0,0.1111,76.4,24.7,75.7,982.0,0.0,10.6,6.6,89.0,E,-3.88,-7.02,-0.27
776819,2025-08-09,2025,MIA,2025-08-09 19:15:00,19,8,6,14,2,15,11,20,323,82.6,4,53,0.0755,0.1,2.0,6.0,6.0,11.0,146.0,85.6,50.0,0.1818,0.0,9.0,5.0,9.0,177.0,80.0,57.0,0.0,77.0,25.0,71.3,982.8,0.0,13.2,8.2,78.0,E,-2.41,-6.7,2.18
778431,2025-08-09,2025,MIA,2025-04-06 13:35:00,13,7,1,8,1,18,4,12,270,83.2,3,45,0.0667,0.0833,1.0,11.0,3.0,7.0,144.0,82.9,51.0,0.1429,0.0,7.0,1.0,5.0,126.0,83.6,40.0,0.0,65.9,18.8,87.0,976.9,5.1,11.8,7.3,57.1,NE,2.13,-1.96,5.98
776803,2025-08-10,2025,MIA,2025-08-10 13:35:00,13,7,1,8,3,11,6,15,293,83.7,7,55,0.1273,0.2,3.0,7.0,3.0,9.0,146.0,84.0,45.0,0.3333,0.0,4.0,3.0,6.0,147.0,83.4,54.0,0.0,79.3,26.3,69.7,984.2,0.4,16.2,10.0,71.0,E,-0.99,-6.45,4.59
776696,2025-08-18,2025,CWS,2025-08-18 19:15:00,19,9,13,22,7,17,8,34,371,82.8,6,71,0.0845,0.2059,3.0,9.0,3.0,15.0,176.0,83.1,63.0,0.2,4.0,8.0,5.0,19.0,195.0,82.6,72.0,0.2105,81.4,27.4,74.3,979.4,0.1,3.6,2.2,21.2,N,2.58,1.58,3.27
776687,2025-08-19,2025,CWS,2025-08-19 19:15:00,19,11,10,21,3,10,9,24,303,84.5,3,64,0.0469,0.125,2.0,4.0,5.0,13.0,154.0,85.6,49.0,0.1538,1.0,6.0,3.0,11.0,149.0,83.4,52.0,0.0909,78.6,25.9,81.3,979.2,0.0,5.7,3.5,113.3,SE,-4.06,-5.17,-2.46
776669,2025-08-20,2025,CWS,2025-08-20 19:15:00,19,1,0,1,0,16,1,8,218,82.5,2,41,0.0488,0.0,0.0,7.0,0.0,4.0,107.0,81.4,35.0,0.0,0.0,9.0,1.0,4.0,111.0,83.4,39.0,0.0,75.0,23.9,88.7,975.5,1.3,8.7,5.4,357.3,N,8.22,6.71,8.73
776645,2025-08-22,2025,NYM,2025-08-22 19:15:00,19,7,12,19,2,13,5,31,340,85.5,5,70,0.0714,0.0645,1.0,8.0,1.0,10.0,147.0,85.4,45.0,0.1,1.0,5.0,4.0,21.0,193.0,85.6,84.0,0.0476,75.7,24.3,85.3,978.4,0.5,10.8,6.7,85.3,E,-3.32,-6.65,0.41
776626,2025-08-23,2025,NYM,2025-08-23 19:15:00,19,2,9,11,6,13,9,16,320,83.1,8,57,0.1404,0.375,0.0,8.0,3.0,5.0,148.0,82.5,52.0,0.0,6.0,5.0,6.0,11.0,172.0,83.7,59.0,0.5455,74.8,23.8,83.0,977.8,0.4,8.8,5.4,96.0,E,-4.18,-6.57,-1.3
776624,2025-08-24,2025,NYM,2025-08-24 13:35:00,13,4,3,7,1,16,10,14,293,82.6,1,49,0.0204,0.0714,0.0,9.0,5.0,8.0,139.0,81.9,41.0,0.0,1.0,7.0,5.0,6.0,154.0,83.1,49.0,0.1667,81.9,27.7,62.7,978.1,0.1,5.0,3.1,307.6,NW,4.37,4.96,3.24
776460,2025-09-05,2025,SEA,2025-09-05 19:15:00,19,4,1,5,0,21,1,16,248,85.3,1,45,0.0222,0.0,0.0,10.0,1.0,10.0,118.0,85.7,39.0,0.0,0.0,11.0,0.0,6.0,130.0,84.9,37.0,0.0,83.4,28.5,57.3,978.7,0.0,7.0,4.3,173.0,S,-6.75,-5.7,-6.98
776447,2025-09-06,2025,SEA,2025-09-06 19:15:00,19,2,10,12,6,16,11,17,322,86.6,9,55,0.1636,0.3529,1.0,6.0,2.0,6.0,130.0,86.5,51.0,0.1667,5.0,10.0,9.0,11.0,192.0,86.7,59.0,0.4545,76.8,24.9,79.3,979.5,0.0,2.1,1.3,350.0,N,2.02,1.74,2.05
776428,2025-09-07,2025,SEA,2025-09-07 12:05:00,12,2,18,20,6,14,5,25,316,86.2,7,64,0.1094,0.24,1.0,7.0,2.0,6.0,131.0,85.0,49.0,0.1667,5.0,7.0,3.0,19.0,185.0,87.1,67.0,0.2632,77.8,25.5,54.0,982.0,0.0,12.4,7.7,332.3,NW,12.38,12.02,11.25
776412,2025-09-08,2025,CHC,2025-09-08 19:15:00,19,4,1,5,2,13,1,12,242,83.3,4,50,0.08,0.1667,2.0,5.0,0.0,7.0,125.0,81.9,52.0,0.2857,0.0,8.0,1.0,5.0,117.0,85.1,38.0,0.0,72.7,22.6,51.7,983.3,0.0,13.3,8.2,73.3,E,-1.35,-5.78,3.25
776402,2025-09-09,2025,CHC,2025-09-09 19:15:00,19,1,6,7,0,18,6,11,279,82.7,3,47,0.0638,0.0,0.0,6.0,0.0,4.0,124.0,84.0,50.0,0.0,0.0,12.0,6.0,7.0,155.0,81.0,40.0,0.0,73.1,22.8,50.0,982.3,0.0,7.3,4.6,106.3,E,-4.6,-6.27,-2.37
776381,2025-09-10,2025,CHC,2025-09-10 19:15:00,19,2,3,5,1,20,5,18,302,83.4,0,49,0.0,0.0556,0.0,7.0,2.0,7.0,143.0,81.1,51.0,0.0,1.0,13.0,3.0,11.0,159.0,86.1,46.0,0.0909,76.3,24.6,45.7,982.8,0.0,7.8,4.8,332.0,NW,7.76,7.55,7.04
776360,2025-09-12,2025,HOU,2025-09-12 19:15:00,19,3,11,14,4,14,5,18,299,83.4,5,57,0.0877,0.2222,2.0,5.0,2.0,5.0,140.0,83.7,60.0,0.4,2.0,9.0,3.0,13.0,159.0,83.1,50.0,0.1538,78.7,25.9,50.0,982.7,0.0,9.9,6.2,53.0,NE,2.48,-0.94,5.61
776346,2025-09-13,2025,HOU,2025-09-13 19:15:00,19,2,6,8,2,16,6,16,307,83.3,2,51,0.0392,0.125,1.0,5.0,1.0,6.0,153.0,82.3,57.0,0.1667,1.0,11.0,5.0,10.0,154.0,84.6,47.0,0.1,79.2,26.2,44.7,980.5,0.0,4.9,3.1,45.5,NE,1.85,0.17,3.3
776329,2025-09-14,2025,HOU,2025-09-14 13:35:00,13,8,3,11,3,18,8,20,335,82.7,5,53,0.0943,0.15,2.0,7.0,6.0,11.0,161.0,81.6,57.0,0.1818,1.0,11.0,2.0,9.0,174.0,83.7,61.0,0.1111,82.6,28.1,41.3,980.7,0.1,4.1,2.5,318.5,NW,3.88,4.1,3.19
776221,2025-09-22,2025,WSH,2025-09-22 19:15:00,19,11,5,16,3,17,12,22,351,84.8,4,54,0.0741,0.1364,1.0,8.0,9.0,14.0,212.0,86.6,67.0,0.0714,2.0,9.0,3.0,8.0,139.0,82.1,44.0,0.25,79.4,26.3,54.0,979.8,0.0,9.0,5.6,139.3,SE,-8.58,-9.03,-7.1
776219,2025-09-23,2025,WSH,2025-09-23 19:15:00,19,3,2,5,4,17,7,12,270,86.2,4,44,0.0909,0.3333,3.0,7.0,2.0,6.0,137.0,86.5,52.0,0.5,1.0,10.0,5.0,6.0,133.0,85.7,39.0,0.1667,80.6,27.0,60.7,980.3,0.0,3.6,2.3,321.3,NW,3.49,3.63,2.93
776200,2025-09-24,2025,WSH,2025-09-24 12:15:00,12,3,4,7,6,20,7,15,293,85.4,8,47,0.1702,0.4,3.0,11.0,7.0,6.0,172.0,84.0,47.0,0.5,3.0,9.0,0.0,9.0,121.0,86.8,47.0,0.3333,83.8,28.8,57.0,981.4,0.1,10.2,6.3,252.2,W,0.84,4.25,-2.68
776180,2025-09-26,2025,PIT,2025-09-26 19:15:00,19,3,9,12,5,16,8,22,347,82.6,7,58,0.1207,0.2273,2.0,9.0,5.0,8.0,169.0,82.6,57.0,0.25,3.0,7.0,3.0,14.0,178.0,82.6,62.0,0.2143,73.2,22.9,83.3,974.7,0.0,2.8,1.7,319.0,NW,2.66,2.8,2.19
776156,2025-09-27,2025,PIT,2025-09-27 19:15:00,19,1,3,4,1,19,4,15,276,84.8,3,48,0.0625,0.0667,0.0,12.0,0.0,5.0,136.0,79.0,40.0,0.0,1.0,7.0,4.0,10.0,140.0,90.5,41.0,0.1,75.2,24.0,75.0,976.7,0.1,2.5,1.5,58.3,NE,0.39,-0.46,1.2
776149,2025-09-28,2025,PIT,2025-09-28 15:15:00,15,4,1,5,1,18,7,12,269,82.3,3,41,0.0732,0.0833,1.0,7.0,4.0,6.0,126.0,83.5,37.0,0.1667,0.0,11.0,3.0,6.0,143.0,81.3,43.0,0.0,80.5,27.0,58.3,981.0,0.0,11.5,7.2,68.0,E,-0.1,-4.04,3.85
