game_pk,game_date,season,away_team,game_start,start_hour,home_runs_scored,away_runs_scored,total_runs,home_runs_hit,strikeouts,walks,hits,total_pitches,avg_exit_velocity,n_barrels,n_bbe,barrel_rate,hr_h_ratio,temp_f,temp_c,rhum,pres,prcp,wspd,wspd_mph,wdir,wind_dir_bucket,wind_cf,wind_lcf,wind_rcf
413655,2015-04-06,2015,COL,2015-04-06 13:10:00,13,0,10,10,2,15,1,24,284,87.7,0,61,0.0,0.0833,44.9,7.2,71.7,994.3,0.0,17.4,10.8,48.7,NE,-1.11,-6.97,4.88
413667,2015-04-07,2015,COL,2015-04-07 19:10:00,19,2,5,7,0,13,3,18,262,88.9,0,57,0.0,0.0,40.9,4.9,84.0,996.3,0.4,21.5,13.4,71.3,E,-9.54,-15.55,-2.37
413677,2015-04-08,2015,COL,2015-04-08 19:10:00,19,4,5,9,4,15,5,18,292,87.2,4,59,0.0678,0.2222,38.2,3.5,85.3,993.2,0.6,14.3,8.9,59.7,NE,-3.62,-8.13,1.33
413704,2015-04-10,2015,PIT,2015-04-10 19:10:00,19,2,6,8,2,18,4,19,290,84.8,6,54,0.1111,0.1053,42.9,6.1,75.3,994.9,0.0,13.5,8.4,269.7,W,9.49,12.2,5.63
413719,2015-04-11,2015,PIT,2015-04-11 18:10:00,18,6,0,6,1,17,4,9,226,91.6,3,40,0.075,0.1111,49.3,9.6,60.7,996.9,0.0,13.3,8.3,181.7,S,-9.15,-5.28,-11.92
413734,2015-04-12,2015,PIT,2015-04-12 13:10:00,13,2,10,12,3,18,4,18,290,88.0,3,53,0.0566,0.1667,60.6,15.9,50.3,993.2,0.0,24.5,15.2,171.3,S,-19.76,-13.6,-23.54
413836,2015-04-20,2015,CIN,2015-04-20 18:20:00,18,1,6,7,3,13,6,12,238,85.3,3,52,0.0577,0.25,45.3,7.4,52.3,977.7,0.0,24.6,15.3,270.3,W,17.52,22.39,10.54
413847,2015-04-21,2015,CIN,2015-04-21 19:10:00,19,10,16,26,7,23,9,25,344,89.3,4,58,0.069,0.28,42.0,5.6,48.7,981.1,0.0,22.7,14.1,274.3,W,17.24,21.27,11.14
413862,2015-04-22,2015,CIN,2015-04-22 19:10:00,19,1,2,3,0,16,5,9,249,85.4,0,44,0.0,0.0,40.6,4.8,46.7,987.9,0.0,12.5,7.7,305.3,NW,12.29,12.26,10.83
413877,2015-04-23,2015,CIN,2015-04-23 12:40:00,12,4,2,6,3,15,3,14,244,85.5,4,46,0.087,0.2143,46.2,7.9,41.0,993.6,0.0,7.3,4.6,319.0,NW,7.32,6.7,7.05
413896,2015-04-24,2015,STL,2015-04-24 19:10:00,19,0,3,3,2,19,5,13,261,86.9,2,46,0.0435,0.1538,36.9,2.7,86.3,992.3,2.0,13.7,8.5,65.3,NE,-4.77,-8.89,-0.08
413911,2015-04-25,2015,STL,2015-04-25 18:10:00,18,3,5,8,1,15,6,18,269,88.9,1,53,0.0189,0.0556,40.0,4.5,60.0,988.6,0.0,20.3,12.6,14.0,N,10.46,3.87,15.78
413926,2015-04-26,2015,STL,2015-04-26 13:10:00,13,6,3,9,2,14,5,23,291,90.3,4,60,0.0667,0.087,50.7,10.4,49.7,993.9,0.0,17.6,10.9,32.7,NE,3.75,-2.34,9.4
414029,2015-05-04,2015,LAD,2015-05-04 18:20:00,18,4,3,7,2,19,5,13,282,87.3,4,45,0.0889,0.1538,51.7,11.0,63.3,998.9,0.0,12.0,7.5,50.7,NE,-1.19,-5.21,2.98
414044,2015-05-05,2015,LAD,2015-05-05 19:10:00,19,2,8,10,3,17,9,12,303,86.1,5,49,0.102,0.25,46.8,8.2,85.0,1001.2,0.4,12.2,7.6,66.3,NE,-4.45,-8.08,-0.28
414059,2015-05-06,2015,LAD,2015-05-06 19:10:00,19,6,3,9,4,16,7,15,261,88.0,4,49,0.0816,0.2667,51.7,11.0,97.7,996.0,0.0,10.9,6.8,92.3,E,-8.04,-10.09,-5.02
414074,2015-05-07,2015,LAD,2015-05-07 12:40:00,12,4,14,18,4,20,13,21,325,89.1,4,53,0.0755,0.1905,70.8,21.6,52.3,992.4,0.0,23.8,14.8,162.7,S,-21.11,-16.05,-23.62
414082,2015-05-08,2015,CHC,2015-05-08 19:10:00,19,6,7,13,6,25,9,20,303,87.6,6,47,0.1277,0.3,63.2,17.3,96.0,992.1,3.1,2.8,1.8,165.7,S,-2.44,-1.79,-2.78
414097,2015-05-09,2015,CHC,2015-05-09 18:10:00,18,12,4,16,4,14,6,19,314,90.1,6,56,0.1071,0.2105,49.9,9.9,77.3,996.7,0.0,16.7,10.4,28.7,NE,4.7,-1.07,9.89
414112,2015-05-10,2015,CHC,2015-05-10 13:10:00,13,3,2,5,3,21,8,15,326,87.6,2,54,0.037,0.2,48.0,8.9,90.3,994.4,0.0,16.5,10.3,19.3,N,7.15,1.63,11.8
414126,2015-05-11,2015,CWS,2015-05-11 18:20:00,18,10,7,17,4,16,3,24,272,89.1,4,59,0.0678,0.1667,59.1,15.1,54.3,986.6,0.0,27.5,17.1,254.0,W,13.35,20.78,4.31
414136,2015-05-12,2015,CWS,2015-05-12 19:10:00,19,2,4,6,1,20,4,12,262,86.6,1,46,0.0217,0.0833,48.4,9.1,52.0,1001.1,0.0,15.3,9.5,309.7,NW,15.2,14.77,13.8
414151,2015-05-13,2015,CWS,2015-05-13 19:10:00,19,2,4,6,3,17,6,16,296,87.8,3,49,0.0612,0.1875,43.1,6.2,68.7,1007.3,0.0,7.8,4.8,60.3,NE,-2.05,-4.49,0.63
414326,2015-05-25,2015,SF,2015-05-25 13:10:00,13,4,8,12,4,19,9,18,301,89.2,4,51,0.0784,0.2222,71.8,22.1,61.7,987.7,0.0,24.7,15.3,222.7,SW,-1.01,7.5,-9.39
414341,2015-05-26,2015,SF,2015-05-26 19:10:00,19,3,6,9,4,17,5,18,310,85.2,4,54,0.0741,0.2222,65.4,18.6,78.0,985.0,0.0,24.5,15.2,226.0,SW,0.43,8.79,-7.99
414356,2015-05-27,2015,SF,2015-05-27 12:40:00,12,1,3,4,1,21,0,15,285,81.6,0,47,0.0,0.0667,66.9,19.4,67.0,993.0,0.4,15.7,9.8,318.3,NW,15.67,14.42,15.04
414365,2015-05-29,2015,AZ,2015-05-29 19:10:00,19,5,7,12,6,18,6,22,331,85.9,3,58,0.0517,0.2727,66.9,19.4,92.7,990.0,0.5,13.9,8.6,205.7,SW,-4.58,0.17,-8.78
414380,2015-05-30,2015,AZ,2015-05-30 15:10:00,15,3,7,10,2,11,2,21,279,87.0,2,65,0.0308,0.0952,45.9,7.7,90.7,997.9,2.6,30.5,19.0,19.3,N,13.21,3.01,21.82
414395,2015-05-31,2015,AZ,2015-05-31 13:10:00,13,7,6,13,3,27,14,32,528,85.4,4,103,0.0388,0.0938,53.0,11.7,60.0,1001.3,0.0,23.0,14.3,28.7,NE,6.47,-1.47,13.63
414552,2015-06-11,2015,WSH,2015-06-11 19:10:00,19,6,5,11,2,15,4,18,260,85.7,1,55,0.0182,0.1111,53.6,12.0,90.0,988.3,1.0,22.4,13.9,47.0,NE,-0.78,-8.39,6.92
414567,2015-06-12,2015,WSH,2015-06-12 19:10:00,19,8,4,12,2,19,5,22,295,89.1,1,51,0.0196,0.0909,56.1,13.4,81.7,991.6,0.0,13.1,8.2,37.3,NE,1.75,-2.81,6.1
414582,2015-06-13,2015,WSH,2015-06-13 15:10:00,15,2,7,9,2,15,3,19,263,85.7,2,58,0.0345,0.1053,66.8,19.3,88.7,990.5,0.0,8.1,5.1,69.2,E,-3.34,-5.67,-0.6
414597,2015-06-14,2015,WSH,2015-06-14 13:10:00,13,0,4,4,0,25,3,11,288,80.0,0,39,0.0,0.0,71.7,22.1,74.3,990.1,0.0,3.8,2.4,227.0,SW,0.14,1.44,-1.18
414604,2015-06-15,2015,KC,2015-06-15 19:10:00,19,5,8,13,1,10,7,24,321,87.1,1,64,0.0156,0.0417,65.8,18.8,90.7,990.7,11.6,9.0,5.6,5.7,N,5.68,2.97,7.71
414619,2015-06-16,2015,KC,2015-06-16 19:10:00,19,2,7,9,3,7,0,26,272,86.7,3,71,0.0423,0.1154,55.9,13.3,64.3,998.1,0.0,12.0,7.5,58.0,NE,-2.71,-6.55,1.47
414719,2015-06-23,2015,NYM,2015-06-23 19:10:00,19,3,2,5,1,18,7,13,285,84.5,1,45,0.0222,0.0769,63.7,17.6,76.3,995.9,0.0,7.8,4.8,134.5,SE,-7.77,-7.32,-7.28
414734,2015-06-24,2015,NYM,2015-06-24 19:10:00,19,4,1,5,2,10,3,13,222,84.8,1,52,0.0192,0.1538,66.1,19.0,75.0,994.7,0.0,10.0,6.2,178.2,S,-7.27,-4.5,-9.16
414747,2015-06-25,2015,NYM,2015-06-25 13:10:00,13,0,2,2,0,18,2,14,270,85.1,0,46,0.0,0.0,67.4,19.7,84.0,992.5,0.2,11.1,6.9,81.7,E,-6.61,-9.25,-3.18
414761,2015-06-26,2015,MIN,2015-06-26 19:10:00,19,10,4,14,5,10,4,19,290,86.3,3,61,0.0492,0.2632,60.6,15.9,79.7,993.9,0.0,14.9,9.3,25.7,NE,4.93,-0.17,9.44
414776,2015-06-27,2015,MIN,2015-06-27 13:10:00,13,2,5,7,3,8,5,14,260,86.8,3,57,0.0526,0.2143,70.0,21.1,46.7,993.3,0.0,14.6,9.1,22.3,N,5.64,0.68,9.92
414791,2015-06-28,2015,MIN,2015-06-28 13:10:00,13,5,3,8,3,15,9,15,288,84.2,4,49,0.0816,0.2,70.8,21.5,50.7,988.8,0.0,11.1,6.9,150.3,SE,-10.67,-9.03,-11.03
414892,2015-07-06,2015,ATL,2015-07-06 19:10:00,19,3,5,8,2,13,5,23,313,84.4,1,61,0.0164,0.087,71.6,22.0,95.0,987.5,11.9,14.8,9.2,216.4,SW,-2.23,2.92,-7.11
414905,2015-07-07,2015,ATL,2015-07-07 19:10:00,19,3,4,7,3,11,6,18,281,89.2,4,57,0.0702,0.1667,58.0,14.4,70.0,996.3,0.0,11.7,7.2,47.0,NE,-0.41,-4.37,3.6
414920,2015-07-08,2015,ATL,2015-07-08 13:10:00,13,6,5,11,5,17,9,12,285,85.4,2,45,0.0444,0.4167,63.7,17.6,68.7,995.4,0.0,12.8,7.9,104.3,E,-10.98,-12.55,-8.09
414999,2015-07-17,2015,PIT,2015-07-17 19:10:00,19,4,1,5,1,14,7,9,247,89.5,1,46,0.0217,0.1111,75.1,24.0,88.7,986.0,0.0,8.2,5.1,168.7,S,-6.8,-4.84,-7.94
415014,2015-07-18,2015,PIT,2015-07-18 18:10:00,18,8,5,13,3,16,9,20,302,85.8,2,54,0.037,0.15,77.5,25.3,85.7,987.0,0.0,13.9,8.7,213.7,SW,-2.74,2.1,-7.25
415029,2015-07-19,2015,PIT,2015-07-19 13:10:00,13,6,1,7,0,12,6,17,252,83.5,0,52,0.0,0.0,77.9,25.5,46.7,989.6,0.0,12.7,7.9,289.3,W,11.48,12.67,8.9
415047,2015-07-21,2015,CLE,2015-07-21 19:10:00,19,8,1,9,1,18,7,18,277,89.1,1,47,0.0213,0.0556,68.5,20.3,68.0,990.1,0.0,5.5,3.4,285.0,W,4.76,5.42,3.53
415062,2015-07-22,2015,CLE,2015-07-22 13:10:00,13,5,7,12,3,13,7,31,330,86.5,4,65,0.0615,0.0968,75.9,24.4,51.7,992.0,0.0,6.5,4.1,208.7,SW,-1.84,0.42,-3.87
415171,2015-07-30,2015,CHC,2015-07-30 19:10:00,19,2,5,7,1,18,6,15,277,85.5,1,50,0.02,0.0667,77.6,25.3,44.7,992.6,0.0,16.0,9.9,279.0,W,12.92,15.35,8.93
415184,2015-07-31,2015,CHC,2015-07-31 19:10:00,19,1,4,5,2,19,5,16,309,85.9,1,51,0.0196,0.125,74.1,23.4,43.7,991.5,0.0,12.3,7.7,285.0,W,10.68,12.15,7.93
415199,2015-08-01,2015,CHC,2015-08-01 18:10:00,18,2,4,6,2,16,7,10,277,86.6,2,46,0.0435,0.2,77.7,25.4,52.0,989.3,0.0,5.7,3.5,162.4,S,-5.03,-3.84,-5.62
415214,2015-08-02,2015,CHC,2015-08-02 13:10:00,13,3,4,7,1,15,2,17,316,88.8,2,56,0.0357,0.0588,85.2,29.5,57.0,981.3,0.0,31.8,19.8,218.0,SW,-3.88,7.15,-14.44
415233,2015-08-03,2015,SD,2015-08-03 19:10:00,19,5,13,18,4,16,10,22,321,88.2,3,59,0.0508,0.1818,71.2,21.8,54.3,988.8,0.0,11.4,7.1,285.0,W,9.9,11.26,7.35
415247,2015-08-04,2015,SD,2015-08-04 19:10:00,19,4,1,5,0,14,6,17,287,85.5,2,53,0.0377,0.0,71.6,22.0,65.0,993.2,0.0,9.4,5.8,156.8,SE,-8.73,-7.01,-9.4
415262,2015-08-05,2015,SD,2015-08-05 19:10:00,19,8,5,13,2,19,1,22,298,87.6,5,53,0.0943,0.0909,65.2,18.4,78.3,994.6,0.0,12.9,8.0,62.0,NE,-3.78,-7.78,0.68
415274,2015-08-06,2015,SD,2015-08-06 13:10:00,13,10,1,11,3,10,7,16,289,84.9,2,56,0.0357,0.1875,74.4,23.5,66.3,992.3,0.0,8.9,5.5,103.7,E,-7.57,-8.69,-5.54
415289,2015-08-07,2015,STL,2015-08-07 19:10:00,19,0,6,6,1,16,6,16,293,90.5,4,52,0.0769,0.0625,67.1,19.5,79.3,988.5,2.2,18.8,11.7,137.3,SE,-18.82,-17.42,-17.95
415304,2015-08-08,2015,STL,2015-08-08 18:10:00,18,0,3,3,1,15,7,7,270,87.7,0,44,0.0,0.1429,68.9,20.5,86.3,992.4,0.0,13.7,8.5,44.0,NE,0.24,-4.45,4.9
415319,2015-08-09,2015,STL,2015-08-09 13:10:00,13,5,4,9,4,13,4,15,218,86.3,3,49,0.0612,0.2667,74.3,23.5,78.0,991.6,0.0,5.6,3.5,117.6,SE,-5.38,-5.63,-4.48
415377,2015-08-14,2015,PHI,2015-08-14 19:10:00,19,3,1,4,1,8,3,13,232,89.6,2,55,0.0364,0.0769,78.8,26.0,63.7,995.9,0.0,5.4,3.3,46.1,NE,-0.1,-1.93,1.74
415392,2015-08-15,2015,PHI,2015-08-15 18:10:00,18,4,2,6,1,18,3,17,248,83.1,1,50,0.02,0.0588,76.4,24.7,84.0,995.4,0.0,11.6,7.2,159.0,S,-10.63,-8.37,-11.6
415407,2015-08-16,2015,PHI,2015-08-16 13:10:00,13,6,1,7,2,17,6,15,275,85.1,1,50,0.02,0.1333,84.9,29.4,51.0,994.3,0.0,19.4,12.0,196.3,S,-9.29,-2.92,-14.54
415417,2015-08-17,2015,MIA,2015-08-17 19:10:00,19,2,6,8,1,10,5,19,276,87.5,2,63,0.0317,0.0526,72.0,22.2,89.0,992.2,0.2,10.9,6.8,127.7,SE,-10.78,-10.6,-9.65
415430,2015-08-18,2015,MIA,2015-08-18 19:10:00,19,6,9,15,0,20,7,24,352,86.6,2,58,0.0345,0.0,71.9,22.2,88.3,983.1,0.3,19.2,12.0,139.3,SE,-19.18,-17.53,-18.52
415445,2015-08-19,2015,MIA,2015-08-19 13:10:00,13,8,7,15,5,14,11,23,298,87.0,6,59,0.1017,0.2174,72.7,22.6,52.3,982.1,0.0,24.2,15.1,215.0,SW,-4.21,4.21,-12.12
415562,2015-08-28,2015,CIN,2015-08-28 19:10:00,19,5,0,5,1,18,8,11,265,85.1,1,41,0.0244,0.0909,65.7,18.7,95.0,996.5,2.9,6.9,4.3,71.9,E,-3.12,-5.04,-0.83
415577,2015-08-29,2015,CIN,2015-08-29 18:10:00,18,9,12,21,3,13,7,30,358,87.4,3,69,0.0435,0.1,64.1,17.8,91.3,994.6,0.0,5.7,3.6,35.0,NE,1.0,-0.99,2.87
415592,2015-08-30,2015,CIN,2015-08-30 13:10:00,13,4,1,5,1,15,2,17,252,85.9,3,49,0.0612,0.0588,72.9,22.7,69.7,995.0,0.0,6.6,4.1,123.7,SE,-6.51,-6.56,-5.67
415624,2015-09-01,2015,PIT,2015-09-01 19:10:00,19,7,4,11,3,15,3,18,290,84.0,3,50,0.06,0.1667,76.5,24.7,69.7,993.0,0.0,14.8,9.2,201.7,S,-5.85,-0.86,-10.13
415639,2015-09-02,2015,PIT,2015-09-02 19:10:00,19,9,4,13,2,9,5,21,300,87.9,3,62,0.0484,0.0952,75.8,24.3,74.0,991.3,0.0,12.3,7.6,196.0,S,-5.95,-1.92,-9.26
415649,2015-09-03,2015,PIT,2015-09-03 18:20:00,18,5,3,8,1,14,8,18,275,88.2,4,52,0.0769,0.0556,72.4,22.4,85.3,991.1,0.0,10.5,6.5,43.3,NE,0.3,-3.29,3.86
415817,2015-09-15,2015,STL,2015-09-15 19:10:00,19,1,3,4,2,22,9,12,326,88.8,3,47,0.0638,0.1667,69.2,20.7,64.0,998.5,0.0,21.1,13.1,167.7,S,-17.73,-12.78,-20.55
415832,2015-09-16,2015,STL,2015-09-16 19:10:00,19,4,5,9,4,16,7,16,309,86.9,6,55,0.1091,0.25,70.6,21.5,64.3,995.2,0.0,20.1,12.5,177.7,S,-14.78,-9.23,-18.55
415842,2015-09-17,2015,STL,2015-09-17 19:10:00,19,3,6,9,2,21,2,21,255,86.2,2,52,0.0385,0.0952,70.3,21.3,86.3,988.0,7.0,20.0,12.4,191.0,S,-11.17,-4.83,-16.15
415849,2015-09-18,2015,CIN,2015-09-18 19:10:00,19,3,5,8,4,19,13,16,324,89.6,4,49,0.0816,0.25,64.9,18.3,98.0,986.6,10.5,14.4,9.0,63.3,NE,-4.54,-8.95,0.42
415864,2015-09-19,2015,CIN,2015-09-19 18:10:00,18,7,9,16,4,21,6,25,336,87.8,4,57,0.0702,0.16,62.3,16.8,58.3,995.8,0.0,9.5,5.9,302.0,NW,9.26,9.43,7.97
415879,2015-09-20,2015,CIN,2015-09-20 13:10:00,13,8,4,12,3,14,9,20,296,87.7,3,58,0.0517,0.15,68.3,20.2,54.0,998.2,0.0,10.7,6.7,152.7,SE,-10.23,-8.5,-10.72
416037,2015-10-02,2015,CHC,2015-10-02 19:10:00,19,1,6,7,2,19,5,14,287,86.8,2,49,0.0408,0.1429,52.8,11.6,61.3,1004.4,0.0,25.5,15.8,61.4,NE,-7.2,-15.13,1.6
416052,2015-10-03,2015,CHC,2015-10-03 18:10:00,18,0,1,1,0,20,6,10,268,85.4,0,42,0.0,0.0,50.3,10.2,68.7,1002.0,0.0,26.0,16.2,75.0,E,-13.0,-19.92,-4.51
416067,2015-10-04,2015,CHC,2015-10-04 14:10:00,14,1,3,4,0,15,6,10,269,82.3,0,46,0.0,0.0,54.3,12.4,78.7,1000.1,0.0,16.1,10.0,34.3,NE,2.99,-2.62,8.23
446875,2016-04-04,2016,SF,2016-04-04 13:10:00,13,3,12,15,6,13,10,23,352,86.3,4,60,0.0667,0.2609,32.5,0.3,50.7,1002.0,0.0,18.2,11.3,6.7,N,11.31,5.74,15.52
446885,2016-04-05,2016,SF,2016-04-05 19:10:00,19,1,2,3,1,11,2,13,231,87.6,1,54,0.0185,0.0769,37.0,2.8,75.7,995.3,1.7,27.3,17.0,142.3,SE,-27.11,-24.28,-26.67
446898,2016-04-06,2016,SF,2016-04-06 12:40:00,12,4,3,7,2,12,11,15,293,84.7,4,50,0.08,0.1333,46.9,8.3,78.7,976.8,0.2,10.9,6.8,310.3,NW,10.83,10.48,9.88
446915,2016-04-08,2016,HOU,2016-04-08 19:10:00,19,6,4,10,4,20,7,16,304,90.0,7,43,0.1628,0.25,30.0,-1.1,70.0,991.4,2.2,28.6,17.8,9.7,N,16.52,7.55,23.5
446930,2016-04-09,2016,HOU,2016-04-09 18:10:00,18,4,6,10,5,16,7,17,291,83.1,5,51,0.098,0.2941,29.8,-1.2,55.0,999.3,0.0,17.8,11.1,137.7,SE,-17.78,-16.43,-16.99
446945,2016-04-10,2016,HOU,2016-04-10 13:10:00,13,3,2,5,2,23,12,9,284,85.1,3,34,0.0882,0.2222,47.1,8.4,78.7,983.4,0.2,22.8,14.1,198.0,S,-10.34,-2.77,-16.65
447081,2016-04-20,2016,MIN,2016-04-20 19:10:00,19,10,5,15,5,19,9,25,323,87.6,4,53,0.0755,0.2,51.4,10.8,88.7,991.4,0.6,11.7,7.2,156.7,SE,-10.84,-8.71,-11.66
447095,2016-04-21,2016,MIN,2016-04-21 12:40:00,12,1,8,9,2,15,10,16,295,84.0,1,53,0.0189,0.125,59.7,15.4,66.7,985.9,0.0,3.7,2.3,211.9,SW,-0.84,0.45,-2.04
447112,2016-04-22,2016,PHI,2016-04-22 19:10:00,19,2,5,7,2,16,4,16,279,85.4,2,52,0.0385,0.125,42.0,5.6,73.0,998.5,0.0,16.1,10.0,26.0,NE,5.24,-0.28,10.13
447127,2016-04-23,2016,PHI,2016-04-23 18:10:00,18,6,10,16,4,21,10,23,387,83.6,5,55,0.0909,0.1739,44.4,6.9,76.0,995.5,0.0,10.9,6.8,106.3,E,-9.53,-10.74,-7.18
447142,2016-04-24,2016,PHI,2016-04-24 13:10:00,13,8,5,13,3,19,0,22,271,86.9,4,52,0.0769,0.1364,56.3,13.5,72.3,990.5,0.2,17.4,10.8,110.0,E,-15.77,-17.33,-12.3
447208,2016-04-29,2016,MIA,2016-04-29 19:10:00,19,3,6,9,2,17,10,14,314,84.9,4,48,0.0833,0.1429,40.8,4.9,77.0,998.0,0.0,8.4,5.2,60.0,NE,-2.17,-4.8,0.73
447223,2016-04-30,2016,MIA,2016-04-30 18:10:00,18,5,7,12,5,18,11,21,344,85.4,6,57,0.1053,0.2381,41.8,5.5,89.3,993.4,4.6,24.8,15.4,32.0,NE,5.58,-3.02,13.51
447238,2016-05-01,2016,MIA,2016-05-01 13:10:00,13,14,5,19,4,5,5,34,319,89.5,5,76,0.0658,0.1176,47.9,8.8,74.7,994.5,0.0,21.1,13.1,35.7,NE,3.42,-3.9,10.32
447247,2016-05-02,2016,LAA,2016-05-02 18:20:00,18,8,5,13,1,16,8,25,293,82.1,1,57,0.0175,0.04,48.0,8.9,68.3,993.8,0.0,5.5,3.4,98.0,E,-4.42,-5.29,-3.01
447260,2016-05-03,2016,LAA,2016-05-03 19:10:00,19,5,4,9,3,14,8,16,255,85.0,4,48,0.0833,0.1875,55.8,13.2,52.7,982.5,0.0,18.0,11.2,229.0,SW,1.25,7.31,-4.97
447275,2016-05-04,2016,LAA,2016-05-04 12:40:00,12,3,7,10,2,12,9,21,330,88.0,3,60,0.05,0.0952,47.2,8.5,65.7,986.7,0.3,23.2,14.4,356.3,N,17.45,11.15,21.64
447388,2016-05-12,2016,SD,2016-05-12 19:10:00,19,0,3,3,1,18,3,15,258,87.2,0,46,0.0,0.0667,58.8,14.9,60.7,990.4,0.0,22.4,13.9,282.3,W,18.83,21.82,13.56
447402,2016-05-13,2016,SD,2016-05-13 19:10:00,19,1,0,1,0,15,8,10,274,83.8,1,42,0.0238,0.0,47.7,8.7,86.3,989.4,4.4,15.4,9.6,316.0,NW,15.43,14.41,14.59
447417,2016-05-14,2016,SD,2016-05-14 18:10:00,18,7,8,15,5,24,17,23,456,86.8,7,66,0.1061,0.2174,43.3,6.3,47.3,993.9,0.0,18.5,11.5,307.0,NW,18.32,18.1,16.33
447432,2016-05-15,2016,SD,2016-05-15 13:10:00,13,3,2,5,3,19,1,18,281,89.0,5,51,0.098,0.1667,49.4,9.7,42.3,996.0,0.0,11.9,7.4,267.3,W,7.99,10.51,4.51
447446,2016-05-17,2016,CHC,2016-05-17 19:10:00,19,4,2,6,3,16,3,8,219,85.0,4,43,0.093,0.375,46.1,7.8,61.0,1000.7,0.0,12.5,7.8,9.3,N,7.29,3.37,10.32
447461,2016-05-18,2016,CHC,2016-05-18 19:10:00,19,1,2,3,0,23,16,16,457,82.4,2,63,0.0317,0.0,47.2,8.5,61.7,999.5,0.0,4.4,2.7,136.2,SE,-4.37,-4.07,-4.13
447475,2016-05-19,2016,CHC,2016-05-19 12:40:00,12,5,3,8,3,25,10,14,305,88.2,4,39,0.1026,0.2143,61.2,16.2,46.7,999.2,0.0,10.5,6.5,147.3,SE,-10.23,-8.84,-10.37
447582,2016-05-27,2016,CIN,2016-05-27 19:10:00,19,9,5,14,5,14,6,20,277,86.1,4,56,0.0714,0.25,63.4,17.5,98.7,988.0,1.5,20.1,12.5,155.0,SE,-18.92,-15.42,-20.13
447597,2016-05-28,2016,CIN,2016-05-28 15:10:00,15,6,7,13,2,17,7,18,334,84.8,1,53,0.0189,0.1111,72.4,22.4,67.0,988.6,0.0,21.7,13.5,171.0,S,-17.58,-12.14,-20.89
447612,2016-05-29,2016,CIN,2016-05-29 13:10:00,13,5,4,9,1,11,7,17,271,81.7,3,51,0.0588,0.0588,74.5,23.6,51.3,991.9,0.0,19.6,12.2,252.0,W,8.9,14.33,2.39
447635,2016-05-30,2016,STL,2016-05-30 13:10:00,13,0,6,6,1,22,2,17,273,85.6,3,48,0.0625,0.0588,73.5,23.1,52.3,992.8,0.0,3.8,2.3,25.3,NE,1.27,-0.02,2.41
447650,2016-05-31,2016,STL,2016-05-31 19:10:00,19,3,10,13,2,14,8,21,335,86.9,2,56,0.0357,0.0952,62.7,17.0,77.3,991.9,0.3,8.8,5.4,120.3,SE,-8.48,-8.73,-7.21
447665,2016-06-01,2016,STL,2016-06-01 12:40:00,12,3,1,4,2,14,3,10,229,84.2,2,46,0.0435,0.2,69.6,20.9,71.0,990.7,0.0,12.0,7.4,187.3,S,-7.31,-3.63,-10.11
447744,2016-06-07,2016,ATH,2016-06-07 19:10:00,19,5,4,9,3,16,5,11,255,86.3,4,46,0.087,0.2727,59.2,15.1,62.0,989.3,0.0,6.8,4.2,12.0,N,3.72,1.53,5.45
447759,2016-06-08,2016,ATH,2016-06-08 19:10:00,19,4,0,4,0,11,2,12,250,83.0,0,51,0.0,0.0,55.0,12.8,69.7,993.5,0.0,12.0,7.5,134.7,SE,-12.0,-11.3,-11.25
447769,2016-06-09,2016,NYM,2016-06-09 19:10:00,19,2,5,7,1,12,3,23,271,86.5,2,59,0.0339,0.0435,64.5,18.0,92.7,991.3,0.0,11.6,7.2,132.7,SE,-11.62,-11.08,-10.76
447781,2016-06-10,2016,NYM,2016-06-10 19:10:00,19,1,2,3,1,20,11,13,332,85.2,3,55,0.0545,0.0769,80.0,26.7,56.7,989.1,0.0,20.3,12.6,239.6,SW,5.12,11.52,-1.9
447796,2016-06-11,2016,NYM,2016-06-11 15:10:00,15,7,4,11,7,17,9,15,275,84.1,5,45,0.1111,0.4667,82.1,27.8,66.3,991.0,0.0,10.7,6.6,253.1,W,5.04,7.96,1.51
447811,2016-06-12,2016,NYM,2016-06-12 13:10:00,13,5,3,8,0,16,3,16,290,85.1,2,53,0.0377,0.0,64.0,17.8,47.3,999.4,0.0,14.7,9.1,52.7,NE,-1.96,-6.81,3.13
447974,2016-06-24,2016,WSH,2016-06-24 19:10:00,19,5,3,8,2,29,5,14,328,84.9,1,36,0.0278,0.1429,69.0,20.6,70.0,995.4,0.0,10.7,6.6,135.0,SE,-10.7,-10.05,-10.05
447989,2016-06-25,2016,WSH,2016-06-25 15:10:00,15,6,5,11,1,10,6,20,272,88.7,2,59,0.0339,0.05,82.2,27.9,56.7,993.0,0.0,20.7,12.9,162.7,S,-18.36,-13.97,-20.55
448004,2016-06-26,2016,WSH,2016-06-26 13:10:00,13,2,3,5,3,16,7,15,286,86.2,3,52,0.0577,0.2,84.7,29.3,41.3,992.9,0.0,15.0,9.3,251.3,W,6.64,10.83,1.65
448021,2016-06-28,2016,LAD,2016-06-28 19:10:00,19,5,6,11,0,17,13,16,305,82.4,3,51,0.0588,0.0,62.3,16.8,57.7,997.3,0.0,4.2,2.6,347.2,N,3.53,2.55,4.07
448037,2016-06-29,2016,LAD,2016-06-29 19:10:00,19,7,0,7,2,19,5,14,266,84.4,1,42,0.0238,0.1429,66.1,18.9,71.3,994.9,0.0,11.0,6.8,162.3,S,-9.74,-7.44,-10.88
448052,2016-06-30,2016,LAD,2016-06-30 13:10:00,13,1,8,9,3,17,6,18,325,84.3,3,54,0.0556,0.1667,75.9,24.4,48.3,991.2,0.0,16.3,10.1,196.3,S,-7.8,-2.45,-12.21
448169,2016-07-08,2016,STL,2016-07-08 19:10:00,19,4,3,7,4,15,8,14,279,86.5,2,54,0.037,0.2857,74.4,23.5,58.0,988.3,0.0,18.7,11.6,305.3,NW,18.4,18.36,16.22
448184,2016-07-09,2016,STL,2016-07-09 13:10:00,13,1,8,9,3,23,13,14,338,83.5,3,42,0.0714,0.2143,75.7,24.3,50.7,995.3,0.0,13.2,8.2,44.6,NE,0.08,-4.45,4.6
448199,2016-07-10,2016,STL,2016-07-10 13:10:00,13,1,5,6,2,23,3,18,298,84.2,3,48,0.0625,0.1111,77.6,25.3,54.0,994.6,0.0,17.7,11.0,145.0,SE,-17.43,-15.33,-17.43
448301,2016-07-22,2016,CHC,2016-07-22 19:10:00,19,2,5,7,2,16,8,12,281,83.5,3,49,0.0612,0.1667,79.0,26.1,85.7,992.3,0.0,6.2,3.9,238.0,SW,1.39,3.38,-0.76
448316,2016-07-23,2016,CHC,2016-07-23 18:10:00,18,6,1,7,3,13,5,14,286,87.5,4,49,0.0816,0.2143,78.1,25.6,86.0,991.8,0.0,12.9,8.0,197.0,S,-6.05,-1.79,-9.58
448331,2016-07-24,2016,CHC,2016-07-24 13:10:00,13,5,6,11,1,20,14,19,353,82.7,0,49,0.0,0.0526,83.2,28.5,75.0,987.9,0.8,19.7,12.2,207.7,SW,-5.85,0.92,-11.92
448344,2016-07-25,2016,AZ,2016-07-25 18:20:00,18,7,2,9,4,17,7,21,307,86.2,5,53,0.0943,0.1905,78.6,25.9,59.3,993.4,0.0,4.6,2.8,145.0,SE,-4.5,-3.96,-4.5
448355,2016-07-26,2016,AZ,2016-07-26 19:10:00,19,9,4,13,0,18,11,19,302,84.8,1,49,0.0204,0.0,76.0,24.4,69.3,993.1,0.0,9.8,6.1,184.7,S,-6.32,-3.4,-8.49
448370,2016-07-27,2016,AZ,2016-07-27 19:10:00,19,1,8,9,2,19,5,16,281,86.1,1,51,0.0196,0.125,74.7,23.7,81.7,991.8,0.0,9.7,6.0,95.3,E,-7.44,-9.1,-4.88
448385,2016-07-28,2016,AZ,2016-07-28 13:10:00,13,6,4,10,2,22,5,16,284,82.8,2,45,0.0444,0.125,73.2,22.9,85.7,990.8,4.7,17.0,10.6,43.0,NE,0.59,-5.25,6.37
448404,2016-07-29,2016,PIT,2016-07-29 19:10:00,19,3,1,4,1,9,4,12,242,86.7,3,53,0.0566,0.0833,68.8,20.5,78.3,993.0,0.0,16.5,10.3,46.0,NE,-0.29,-5.93,5.38
448419,2016-07-30,2016,PIT,2016-07-30 18:10:00,18,5,3,8,3,18,4,20,311,80.9,2,50,0.04,0.15,70.0,21.1,74.3,993.6,0.0,13.0,8.1,40.0,NE,1.14,-3.37,5.51
448434,2016-07-31,2016,PIT,2016-07-31 13:10:00,13,4,2,6,3,26,7,13,295,84.9,2,35,0.0571,0.2308,75.6,24.2,67.7,995.4,0.0,11.3,7.0,75.0,E,-5.63,-8.63,-1.95
448533,2016-08-08,2016,ATL,2016-08-08 18:20:00,18,3,4,7,3,22,4,18,337,85.6,1,64,0.0156,0.1667,74.7,23.7,70.7,993.7,0.0,8.9,5.5,87.7,E,-6.03,-7.91,-3.43
448542,2016-08-09,2016,ATL,2016-08-09 19:10:00,19,1,2,3,1,13,8,10,254,87.8,1,44,0.0227,0.1,77.1,25.0,72.7,992.9,0.0,6.2,3.9,207.7,SW,-1.85,0.29,-3.76
448557,2016-08-10,2016,ATL,2016-08-10 19:10:00,19,4,3,7,3,11,5,19,261,86.6,2,55,0.0364,0.1579,77.3,25.2,77.3,994.3,0.0,10.8,6.7,143.7,SE,-10.71,-9.51,-10.62
448572,2016-08-11,2016,ATL,2016-08-11 13:10:00,13,11,3,14,4,9,9,23,299,85.5,1,59,0.0169,0.1739,85.9,30.0,62.7,988.5,0.0,18.7,11.6,202.0,S,-7.31,-0.98,-12.75
448586,2016-08-12,2016,CIN,2016-08-12 19:10:00,19,4,7,11,3,27,6,18,348,82.5,3,46,0.0652,0.1667,70.8,21.5,94.0,987.1,1.7,9.7,6.0,98.3,E,-7.78,-9.29,-5.33
448601,2016-08-13,2016,CIN,2016-08-13 18:10:00,18,5,11,16,3,15,3,30,340,87.0,7,68,0.1029,0.1,75.3,24.1,75.7,989.4,0.0,7.6,4.7,311.0,NW,7.61,7.34,6.97
448616,2016-08-14,2016,CIN,2016-08-14 13:10:00,13,7,3,10,3,17,7,15,313,84.7,5,48,0.1042,0.2,80.2,26.8,54.7,994.4,0.0,4.9,3.1,249.0,W,2.01,3.43,0.34
448726,2016-08-22,2016,COL,2016-08-22 18:20:00,18,4,2,6,1,10,9,11,291,84.5,2,50,0.04,0.0909,72.6,22.5,56.0,997.2,0.0,13.9,8.7,188.7,S,-8.26,-3.92,-11.6
448735,2016-08-23,2016,COL,2016-08-23 19:10:00,19,6,4,10,1,21,10,19,328,86.8,2,49,0.0408,0.0526,72.9,22.7,66.7,996.1,0.0,19.9,12.3,170.0,S,-16.27,-11.4,-19.19
448751,2016-08-24,2016,COL,2016-08-24 13:10:00,13,7,1,8,3,22,8,16,286,83.0,3,46,0.0652,0.1875,79.3,26.3,74.7,990.5,0.0,15.8,9.8,213.7,SW,-3.1,2.38,-8.22
448769,2016-08-25,2016,PIT,2016-08-25 19:10:00,19,2,3,5,2,18,8,12,299,83.3,1,52,0.0192,0.1667,73.9,23.3,59.3,994.9,0.0,11.7,7.3,268.0,W,8.0,10.45,4.58
448783,2016-08-26,2016,PIT,2016-08-26 19:10:00,19,3,5,8,2,22,11,14,311,85.5,2,47,0.0426,0.1429,68.7,20.4,76.3,998.3,0.0,9.4,5.8,71.3,E,-4.17,-6.8,-1.04
448798,2016-08-27,2016,PIT,2016-08-27 18:10:00,18,6,9,15,3,17,8,23,325,85.0,5,57,0.0877,0.1304,73.6,23.1,84.3,994.6,0.0,2.3,1.4,319.7,NW,2.26,2.06,2.19
448813,2016-08-28,2016,PIT,2016-08-28 13:10:00,13,1,3,4,4,17,3,12,259,88.4,4,48,0.0833,0.3333,77.6,25.3,69.0,999.7,0.0,9.8,6.1,97.7,E,-7.82,-9.39,-5.31
448826,2016-08-29,2016,STL,2016-08-29 18:20:00,18,5,6,11,4,31,11,19,342,85.7,2,42,0.0476,0.2105,73.9,23.3,89.0,999.0,0.0,4.9,3.1,192.0,S,-2.69,-1.11,-3.94
448841,2016-08-30,2016,STL,2016-08-30 19:10:00,19,1,2,3,1,27,5,12,296,85.9,2,43,0.0465,0.0833,72.4,22.4,93.7,994.7,0.0,7.6,4.7,306.7,NW,7.52,7.44,6.69
448856,2016-08-31,2016,STL,2016-08-31 19:10:00,19,3,1,4,2,21,5,7,249,85.6,2,38,0.0526,0.2857,65.8,18.8,68.3,996.5,0.0,10.2,6.3,29.0,NE,2.8,-0.71,5.98
448913,2016-09-05,2016,CHC,2016-09-05 12:10:00,12,2,7,9,2,14,4,16,277,85.7,3,54,0.0556,0.125,81.8,27.7,59.0,994.4,0.0,22.8,14.1,184.7,S,-14.74,-7.91,-19.78
448928,2016-09-06,2016,CHC,2016-09-06 19:10:00,19,12,5,17,5,13,5,24,264,89.5,5,60,0.0833,0.2083,78.9,26.0,83.7,993.0,0.0,16.9,10.5,180.3,S,-11.9,-7.06,-15.3
448943,2016-09-07,2016,CHC,2016-09-07 19:10:00,19,2,1,3,3,16,7,8,267,83.0,3,39,0.0769,0.375,75.3,24.0,92.3,988.9,3.5,11.3,7.0,206.4,SW,-3.6,0.27,-7.03
449126,2016-09-20,2016,PIT,2016-09-20 19:10:00,19,3,6,9,1,19,5,20,307,84.7,1,51,0.0196,0.05,68.7,20.4,61.3,997.9,0.0,10.6,6.6,159.7,S,-9.6,-7.51,-10.53
449141,2016-09-21,2016,PIT,2016-09-21 19:10:00,19,1,4,5,2,17,3,16,270,83.6,1,52,0.0192,0.125,67.2,19.6,87.3,996.5,0.0,10.8,6.7,119.0,SE,-10.38,-10.77,-8.74
449154,2016-09-22,2016,PIT,2016-09-22 19:10:00,19,3,1,4,3,19,6,9,256,81.6,3,38,0.0789,0.3333,69.3,20.7,90.0,993.9,0.0,6.7,4.2,41.9,NE,0.37,-1.95,2.65
449160,2016-09-23,2016,CIN,2016-09-23 19:10:00,19,5,4,9,2,12,4,17,257,85.1,2,55,0.0364,0.1176,63.7,17.6,85.3,998.4,0.0,15.0,9.3,46.3,NE,-0.35,-5.47,4.81
449175,2016-09-24,2016,CIN,2016-09-24 18:10:00,18,1,6,7,2,14,9,16,291,82.3,2,53,0.0377,0.125,64.9,18.3,82.7,998.1,0.0,9.2,5.7,79.3,E,-5.19,-7.47,-2.28
449190,2016-09-25,2016,CIN,2016-09-25 13:10:00,13,2,4,6,0,20,3,15,256,84.1,1,45,0.0222,0.0,73.3,22.9,75.3,990.9,0.0,22.7,14.1,149.3,SE,-21.96,-18.72,-22.56
490101,2017-04-03,2017,COL,2017-04-03 13:10:00,13,5,7,12,1,22,8,17,301,82.4,2,43,0.0465,0.0588,44.4,6.9,84.0,977.2,2.7,13.3,8.2,46.3,NE,-0.3,-4.82,4.25
490114,2017-04-04,2017,COL,2017-04-04 18:40:00,18,5,6,11,1,18,10,21,322,85.9,2,51,0.0392,0.0476,47.7,8.7,74.0,989.1,0.0,7.2,4.5,202.4,S,-2.79,-0.33,-4.9
490123,2017-04-05,2017,COL,2017-04-05 19:10:00,19,6,1,7,3,16,7,15,305,80.7,2,44,0.0455,0.2,39.7,4.3,91.0,985.8,0.9,27.1,16.8,23.0,NE,10.15,0.95,18.13
490137,2017-04-06,2017,COL,2017-04-06 12:40:00,12,1,2,3,3,17,7,10,295,83.7,3,45,0.0667,0.3,46.3,7.9,52.0,989.7,0.0,28.2,17.5,12.7,N,15.07,6.01,22.31
490150,2017-04-07,2017,CHC,2017-04-07 19:10:00,19,2,1,3,1,22,9,13,353,80.8,1,52,0.0192,0.0769,40.3,4.6,68.3,993.7,0.0,6.1,3.8,192.4,S,-3.27,-1.33,-4.82
490165,2017-04-08,2017,CHC,2017-04-08 18:10:00,18,6,11,17,3,21,9,24,351,81.2,3,56,0.0536,0.125,55.0,12.8,57.3,986.0,0.0,22.4,13.9,170.7,S,-18.17,-12.61,-21.54
490180,2017-04-09,2017,CHC,2017-04-09 13:10:00,13,4,7,11,4,21,7,15,290,79.2,4,47,0.0851,0.2667,69.7,21.0,62.3,981.0,0.0,21.3,13.2,166.3,S,-18.19,-13.31,-20.88
490334,2017-04-20,2017,STL,2017-04-20 19:10:00,19,7,5,12,5,21,8,20,304,84.1,7,48,0.1458,0.25,51.1,10.6,68.7,989.4,0.0,20.9,13.0,282.3,W,17.59,20.39,12.67
490348,2017-04-21,2017,STL,2017-04-21 19:10:00,19,3,6,9,2,19,2,22,298,82.9,2,54,0.037,0.0909,41.8,5.5,76.0,998.2,0.0,5.9,3.7,60.7,NE,-1.6,-3.46,0.45
490363,2017-04-22,2017,STL,2017-04-22 18:10:00,18,1,4,5,1,14,6,17,296,79.8,1,55,0.0182,0.0588,48.8,9.3,60.3,997.6,0.0,7.0,4.4,186.4,S,-4.39,-2.24,-6.0
490378,2017-04-23,2017,STL,2017-04-23 13:10:00,13,4,6,10,1,19,12,15,316,80.2,2,48,0.0417,0.0667,52.1,11.2,64.0,995.7,0.0,19.1,11.9,35.1,NE,3.3,-3.34,9.55
490382,2017-04-24,2017,CIN,2017-04-24 18:40:00,18,11,7,18,4,17,11,18,340,82.8,4,56,0.0714,0.2222,50.7,10.4,59.0,985.6,0.0,10.2,6.3,136.7,SE,-10.2,-9.48,-9.68
490392,2017-04-25,2017,CIN,2017-04-25 18:40:00,18,9,1,10,3,15,10,18,298,79.2,3,54,0.0556,0.1667,54.6,12.6,78.0,978.9,0.0,17.5,10.9,122.0,SE,-17.09,-17.4,-14.71
490407,2017-04-26,2017,CIN,2017-04-26 12:40:00,12,9,4,13,5,17,7,22,289,80.0,4,55,0.0727,0.2273,68.5,20.3,68.7,974.4,0.3,25.2,15.6,223.0,SW,-0.88,7.78,-9.43
490430,2017-04-28,2017,ATL,2017-04-28 19:10:00,19,8,10,18,4,19,6,25,311,85.1,5,57,0.0877,0.16,43.4,6.3,93.3,992.2,0.9,11.1,6.9,18.0,N,5.04,1.35,8.12
490445,2017-04-29,2017,ATL,2017-04-29 18:10:00,18,3,11,14,4,8,8,24,286,84.4,4,63,0.0635,0.1667,37.3,3.0,85.7,998.7,6.5,30.3,18.8,31.7,NE,6.98,-3.51,16.63
490460,2017-04-30,2017,ATL,2017-04-30 13:10:00,13,4,3,7,3,18,1,12,241,84.4,3,45,0.0667,0.25,40.2,4.6,95.0,988.3,0.8,23.5,14.6,30.3,NE,5.96,-2.19,13.39
490584,2017-05-09,2017,BOS,2017-05-09 18:40:00,18,11,7,18,3,12,9,25,349,83.7,4,59,0.0678,0.12,45.7,7.6,68.0,990.8,0.0,7.5,4.7,87.0,E,-5.02,-6.62,-2.81
490600,2017-05-10,2017,BOS,2017-05-10 19:10:00,19,7,4,11,1,11,6,24,307,82.9,1,60,0.0167,0.0417,47.7,8.7,92.7,990.1,3.0,9.4,5.8,18.3,N,4.22,1.09,6.84
490613,2017-05-11,2017,BOS,2017-05-11 12:10:00,12,1,4,5,1,22,7,13,309,82.4,1,43,0.0233,0.0769,56.7,13.7,77.3,992.7,0.0,11.5,7.1,97.0,E,-9.06,-10.94,-6.09
490632,2017-05-12,2017,NYM,2017-05-12 19:10:00,19,7,4,11,5,16,10,20,299,84.3,5,51,0.098,0.25,51.9,11.1,75.3,991.1,0.0,4.8,3.0,92.3,E,-3.5,-4.4,-2.19
490647,2017-05-13,2017,NYM,2017-05-13 18:10:00,18,11,4,15,2,14,6,26,331,86.1,4,62,0.0645,0.0769,55.5,13.1,76.0,986.8,0.0,12.0,7.5,28.3,NE,3.44,-0.7,7.17
490662,2017-05-14,2017,NYM,2017-05-14 13:10:00,13,11,9,20,4,12,6,28,343,85.8,6,65,0.0923,0.1429,52.4,11.3,62.7,992.2,0.0,17.9,11.1,51.7,NE,-2.08,-8.05,4.14
490786,2017-05-23,2017,TOR,2017-05-23 18:40:00,18,3,4,7,1,16,7,14,289,85.4,3,49,0.0612,0.0714,53.6,12.0,96.7,983.9,5.2,8.8,5.4,120.6,SE,-8.49,-8.73,-7.23
490801,2017-05-24,2017,TOR,2017-05-24 12:10:00,12,4,8,12,6,16,5,15,280,84.9,6,51,0.1176,0.4,56.5,13.6,80.7,980.3,0.0,24.7,15.3,19.7,N,10.55,2.29,17.54
490802,2017-05-25,2017,AZ,2017-05-25 19:10:00,19,0,4,4,2,18,2,12,270,80.2,3,45,0.0667,0.1667,54.7,12.6,87.3,984.0,0.0,7.2,4.5,16.0,N,3.51,1.13,5.46
490814,2017-05-26,2017,AZ,2017-05-26 19:10:00,19,2,4,6,3,16,9,15,311,82.4,3,57,0.0526,0.2,51.7,11.0,96.3,988.1,0.0,3.7,2.3,47.5,NE,-0.16,-1.41,1.12
490829,2017-05-27,2017,AZ,2017-05-27 15:10:00,15,6,1,7,1,21,6,10,279,78.9,1,37,0.027,0.1,64.6,18.1,73.3,988.4,0.0,15.5,9.6,134.3,SE,-15.47,-14.6,-14.47
490844,2017-05-28,2017,AZ,2017-05-28 13:10:00,13,9,5,14,1,19,5,26,304,81.2,2,57,0.0351,0.0385,66.3,19.1,88.7,982.8,0.0,7.3,4.6,107.6,E,-6.51,-7.27,-4.97
490919,2017-06-02,2017,LAD,2017-06-02 19:10:00,19,1,2,3,3,42,5,13,362,78.8,4,42,0.0952,0.2308,64.7,18.2,45.7,992.9,0.0,13.3,8.2,165.7,S,-11.41,-8.4,-13.04
490934,2017-06-03,2017,LAD,2017-06-03 15:10:00,15,8,10,18,4,19,14,18,368,80.0,3,54,0.0556,0.2222,83.1,28.4,51.0,989.5,0.0,23.2,14.4,226.3,SW,0.54,8.45,-7.44
490949,2017-06-04,2017,LAD,2017-06-04 13:10:00,13,3,0,3,2,21,8,8,321,80.3,1,38,0.0263,0.25,85.0,29.4,31.3,985.3,0.0,18.7,11.6,302.7,NW,18.24,18.5,15.77
490960,2017-06-05,2017,SF,2017-06-05 18:40:00,18,2,7,9,1,17,7,17,297,82.7,1,51,0.0196,0.0588,61.3,16.3,60.3,991.8,0.0,19.2,12.0,18.3,N,8.63,2.23,13.99
490975,2017-06-06,2017,SF,2017-06-06 18:40:00,18,5,2,7,1,10,3,20,245,79.8,1,57,0.0175,0.05,61.9,16.6,57.3,994.9,0.0,14.3,8.9,20.3,N,5.97,1.16,10.05
490990,2017-06-07,2017,SF,2017-06-07 19:10:00,19,6,3,9,3,17,3,17,261,80.5,2,50,0.04,0.1765,64.0,17.8,51.0,995.2,0.0,6.4,4.0,216.9,SW,-0.9,1.32,-3.02
491003,2017-06-08,2017,SF,2017-06-08 13:10:00,13,5,9,14,4,17,12,27,399,82.1,3,68,0.0441,0.1481,76.8,24.9,41.7,990.0,0.0,10.1,6.3,219.7,SW,-0.94,2.56,-4.32
491109,2017-06-16,2017,SD,2017-06-16 19:10:00,19,6,5,11,7,18,7,14,313,83.3,5,53,0.0943,0.5,75.2,24.0,60.3,983.4,0.0,13.8,8.6,177.9,S,-10.1,-6.28,-12.71
491124,2017-06-17,2017,SD,2017-06-17 15:10:00,15,5,7,12,8,30,3,16,335,83.2,5,52,0.0962,0.5,79.6,26.5,69.7,979.7,0.1,6.4,4.0,183.8,S,-4.22,-2.32,-5.61
491139,2017-06-18,2017,SD,2017-06-18 13:10:00,13,2,1,3,2,16,4,15,233,79.8,1,45,0.0222,0.1333,74.8,23.8,49.7,980.6,0.0,27.2,16.9,285.3,W,23.66,26.85,17.63
491151,2017-06-19,2017,PIT,2017-06-19 18:40:00,18,1,8,9,2,13,5,16,307,80.6,1,56,0.0179,0.125,66.4,19.1,66.3,988.1,0.0,13.4,8.3,294.6,NW,12.59,13.43,10.22
491165,2017-06-20,2017,PIT,2017-06-20 18:40:00,18,3,7,10,3,16,6,20,309,81.2,3,57,0.0526,0.15,64.8,18.2,69.3,990.6,0.0,8.8,5.5,320.6,NW,8.76,7.93,8.53
491180,2017-06-21,2017,PIT,2017-06-21 19:10:00,19,4,3,7,2,20,7,18,300,82.6,3,46,0.0652,0.1111,62.8,17.1,73.7,989.9,0.0,10.7,6.6,136.7,SE,-10.66,-9.91,-10.12
491194,2017-06-22,2017,PIT,2017-06-22 13:10:00,13,4,2,6,2,15,5,15,253,84.0,1,45,0.0222,0.1333,85.5,29.7,51.7,983.7,0.0,28.2,17.5,218.3,SW,-3.27,6.5,-12.66
491299,2017-06-30,2017,MIA,2017-06-30 19:10:00,19,3,2,5,2,16,6,13,277,80.1,2,46,0.0435,0.1538,70.3,21.3,89.3,986.5,0.0,6.7,4.1,248.3,W,2.63,4.57,0.38
491314,2017-07-01,2017,MIA,2017-07-01 15:10:00,15,8,4,12,2,17,7,18,319,83.6,1,53,0.0189,0.1111,76.0,24.4,54.7,989.7,0.1,17.8,11.0,278.7,W,14.31,17.05,9.85
491329,2017-07-02,2017,MIA,2017-07-02 13:10:00,13,3,10,13,5,20,10,24,372,81.5,7,57,0.1228,0.2083,76.8,24.9,73.0,992.7,4.7,14.7,9.1,328.0,NW,14.32,12.33,14.59
491338,2017-07-03,2017,BAL,2017-07-03 13:10:00,13,8,1,9,0,18,4,17,281,80.6,0,48,0.0,0.0,69.4,20.8,75.0,996.3,0.0,12.1,7.5,67.0,NE,-4.54,-8.1,-0.42
491349,2017-07-04,2017,BAL,2017-07-04 15:10:00,15,6,2,8,5,21,3,16,237,80.8,6,42,0.1429,0.3125,70.9,21.6,75.3,996.0,0.0,10.1,6.3,67.7,E,-3.91,-6.87,-0.47
491364,2017-07-05,2017,BAL,2017-07-05 18:10:00,18,4,0,4,1,20,4,14,268,82.1,2,46,0.0435,0.0714,74.2,23.5,67.3,994.8,0.0,10.8,6.7,170.4,S,-8.84,-6.16,-10.45
491442,2017-07-14,2017,PHI,2017-07-14 19:10:00,19,9,6,15,3,21,10,17,308,83.1,1,49,0.0204,0.1765,63.7,17.6,87.3,997.6,0.0,5.8,3.6,143.2,SE,-5.71,-5.08,-5.65
491457,2017-07-15,2017,PHI,2017-07-15 18:10:00,18,3,2,5,3,22,6,12,256,84.4,3,39,0.0769,0.25,74.6,23.7,71.3,992.8,0.0,12.4,7.7,226.2,SW,0.26,4.47,-3.99
491472,2017-07-16,2017,PHI,2017-07-16 13:10:00,13,2,5,7,2,16,6,17,294,82.3,1,54,0.0185,0.1176,64.7,18.2,78.0,995.2,0.0,20.1,12.5,52.3,NE,-2.57,-9.25,4.41
491630,2017-07-28,2017,CHC,2017-07-28 19:10:00,19,2,1,3,1,14,6,9,250,84.1,2,45,0.0444,0.1111,67.5,19.7,73.0,994.7,0.0,18.1,11.3,9.3,N,10.57,4.9,14.97
491645,2017-07-29,2017,CHC,2017-07-29 18:10:00,18,1,2,3,1,28,12,13,373,81.7,1,49,0.0204,0.0769,70.2,21.2,66.3,997.7,0.0,4.5,2.8,78.6,E,-2.51,-3.65,-1.07
491660,2017-07-30,2017,CHC,2017-07-30 13:10:00,13,2,4,6,3,18,3,15,257,83.6,2,50,0.04,0.2,80.4,26.9,45.0,999.3,0.0,10.5,6.5,138.0,SE,-10.52,-9.7,-10.07
491692,2017-08-01,2017,STL,2017-08-01 18:40:00,18,3,2,5,0,23,9,12,302,81.1,0,38,0.0,0.0,75.6,24.2,58.3,993.4,0.0,8.1,5.1,286.0,W,7.11,8.03,5.34
491707,2017-08-02,2017,STL,2017-08-02 19:10:00,19,4,5,9,4,25,6,18,301,79.5,4,46,0.087,0.2222,66.6,19.2,91.0,994.9,0.0,14.6,9.1,28.7,NE,4.12,-0.94,8.67
491721,2017-08-03,2017,STL,2017-08-03 13:10:00,13,2,1,3,1,20,7,15,294,78.8,1,43,0.0233,0.0667,75.1,24.0,75.7,988.4,4.0,14.2,8.8,140.3,SE,-14.14,-12.84,-13.74
491799,2017-08-09,2017,MIN,2017-08-09 19:10:00,19,0,4,4,1,16,7,11,302,79.3,2,49,0.0408,0.0909,68.8,20.4,75.3,996.8,0.0,6.3,3.9,201.5,S,-2.51,-0.39,-4.34
491813,2017-08-10,2017,MIN,2017-08-10 19:10:00,19,2,7,9,1,13,5,19,293,81.9,1,58,0.0172,0.0526,68.8,20.5,81.7,991.7,0.0,11.3,7.0,223.2,SW,-0.35,3.54,-4.21
491822,2017-08-11,2017,CIN,2017-08-11 19:10:00,19,10,11,21,5,19,15,31,387,81.7,8,64,0.125,0.1613,66.0,18.9,74.3,993.8,0.0,9.6,6.0,339.7,N,8.72,6.83,9.57
491837,2017-08-12,2017,CIN,2017-08-12 18:10:00,18,6,5,11,6,23,12,18,367,80.5,5,52,0.0962,0.3333,66.6,19.2,71.7,994.9,0.0,4.9,3.0,132.6,SE,-4.9,-4.67,-4.53
491852,2017-08-13,2017,CIN,2017-08-13 13:10:00,13,7,4,11,2,16,7,16,278,80.4,3,48,0.0625,0.125,72.9,22.7,54.3,994.4,0.0,14.8,9.2,119.0,SE,-14.19,-14.73,-11.95
491884,2017-08-15,2017,PIT,2017-08-15 18:40:00,18,3,1,4,1,10,6,13,265,80.1,1,52,0.0192,0.0769,68.0,20.0,81.3,992.2,0.0,10.1,6.3,54.2,NE,-1.62,-4.92,1.88
491899,2017-08-16,2017,PIT,2017-08-16 13:10:00,13,7,6,13,5,26,4,19,308,81.4,4,43,0.093,0.2632,75.8,24.3,69.3,991.8,0.0,14.4,8.9,96.7,E,-11.3,-13.67,-7.56
492075,2017-08-29,2017,STL,2017-08-29 18:40:00,18,2,10,12,2,20,10,20,355,82.3,3,57,0.0526,0.1,65.8,18.8,81.3,994.8,0.0,3.1,1.9,64.4,NE,-1.03,-1.97,0.03
492090,2017-08-30,2017,STL,2017-08-30 13:10:00,13,6,5,11,5,19,3,15,275,81.3,5,48,0.1042,0.3333,78.7,26.0,46.0,994.4,0.0,13.9,8.6,300.3,NW,13.45,13.84,11.43
492102,2017-08-31,2017,WSH,2017-08-31 19:10:00,19,6,3,9,1,13,5,20,271,81.7,2,54,0.037,0.05,58.5,14.7,78.7,999.5,0.0,20.9,13.0,20.3,N,8.71,1.7,14.67
492117,2017-09-01,2017,WSH,2017-09-01 19:10:00,19,1,0,1,1,28,5,9,261,81.9,2,30,0.0667,0.1111,56.3,13.5,82.7,997.9,0.0,6.6,4.1,28.3,NE,1.88,-0.38,3.92
492132,2017-09-02,2017,WSH,2017-09-02 18:10:00,18,2,3,5,1,14,6,11,268,77.8,1,49,0.0204,0.0909,60.8,16.0,80.0,991.8,1.4,6.2,3.9,208.8,SW,-1.73,0.42,-3.68
492147,2017-09-03,2017,WSH,2017-09-03 13:10:00,13,7,2,9,3,18,7,10,274,79.0,3,42,0.0714,0.3,79.8,26.6,36.7,991.7,0.0,15.8,9.8,273.7,W,11.84,14.69,7.56
492252,2017-09-11,2017,PIT,2017-09-11 18:40:00,18,0,7,7,3,16,6,12,303,79.2,3,49,0.0612,0.25,60.6,15.9,78.3,997.5,0.0,8.4,5.2,165.8,S,-7.22,-5.31,-8.25
492266,2017-09-12,2017,PIT,2017-09-12 18:40:00,18,5,2,7,1,22,7,14,286,79.1,2,42,0.0476,0.0714,64.5,18.0,73.7,989.4,0.0,5.7,3.5,70.6,E,-2.46,-4.07,-0.56
492281,2017-09-13,2017,PIT,2017-09-13 19:10:00,19,8,2,10,2,12,8,22,313,82.8,3,58,0.0517,0.0909,60.6,15.9,96.3,985.8,0.0,6.4,4.0,137.7,SE,-6.36,-5.87,-6.08
492378,2017-09-21,2017,CHC,2017-09-21 19:10:00,19,3,5,8,3,16,10,24,333,81.6,3,61,0.0492,0.125,71.7,22.0,88.7,993.6,0.0,9.6,5.9,135.7,SE,-9.57,-8.95,-9.03
492390,2017-09-22,2017,CHC,2017-09-22 18:35:00,18,4,5,9,2,17,9,17,340,82.2,1,55,0.0182,0.1176,77.8,25.5,73.7,993.9,0.0,13.8,8.6,155.7,SE,-12.88,-10.44,-13.77
492405,2017-09-23,2017,CHC,2017-09-23 12:05:00,12,4,3,7,2,21,5,19,301,79.4,1,54,0.0185,0.1053,89.2,31.8,44.7,995.8,0.0,10.5,6.5,169.1,S,-8.67,-6.14,-10.15
492420,2017-09-24,2017,CHC,2017-09-24 13:10:00,13,0,5,5,1,22,3,13,251,80.3,2,42,0.0476,0.0769,85.9,30.0,45.3,994.3,0.0,16.7,10.4,149.0,SE,-16.24,-13.87,-16.64
492447,2017-09-26,2017,CIN,2017-09-26 18:40:00,18,7,6,13,4,18,8,21,321,82.5,2,54,0.037,0.1905,74.4,23.5,76.3,991.4,0.0,14.0,8.7,292.7,NW,12.95,13.99,10.35
492462,2017-09-27,2017,CIN,2017-09-27 19:10:00,19,0,6,6,2,11,7,14,300,82.4,1,56,0.0179,0.1429,58.0,14.4,58.7,998.6,0.0,12.7,7.9,313.3,NW,12.73,12.09,11.83
492476,2017-09-28,2017,CIN,2017-09-28 15:10:00,15,4,3,7,1,18,9,15,292,80.2,1,45,0.0222,0.0667,70.1,21.2,40.3,996.1,0.0,14.3,8.9,255.3,W,7.21,10.98,2.56
529467,2018-04-02,2018,STL,2018-04-02 13:10:00,13,4,8,12,5,17,2,21,277,83.0,7,56,0.125,0.2381,36.0,2.2,44.3,993.0,0.0,19.2,11.9,132.0,SE,-19.17,-18.36,-17.67
529481,2018-04-03,2018,STL,2018-04-03 18:40:00,18,5,4,9,5,20,3,22,313,87.0,5,54,0.0926,0.2273,32.7,0.4,93.0,980.3,1.4,25.7,16.0,25.3,NE,8.66,-0.15,16.43
529493,2018-04-04,2018,STL,2018-04-04 18:40:00,18,0,6,6,1,19,6,14,285,82.6,2,47,0.0426,0.0714,21.7,-5.7,62.7,998.1,0.0,11.4,7.1,275.0,W,8.71,10.68,5.68
529499,2018-04-05,2018,CHC,2018-04-05 19:10:00,19,0,8,8,1,20,5,17,296,80.9,4,52,0.0769,0.0588,33.0,0.6,85.3,991.8,0.0,14.3,8.9,224.0,SW,-0.25,4.67,-5.14
529510,2018-04-06,2018,CHC,2018-04-06 19:10:00,19,5,4,9,2,17,10,19,352,78.1,3,55,0.0545,0.1053,24.1,-4.4,46.0,995.5,0.0,12.8,8.0,294.7,NW,12.0,12.8,9.76
529520,2018-04-07,2018,CHC,2018-04-07 15:05:00,15,2,5,7,2,22,8,12,309,81.8,3,43,0.0698,0.1667,34.3,1.3,35.7,994.7,0.0,18.4,11.4,298.7,NW,17.63,18.33,14.8
529535,2018-04-08,2018,CHC,2018-04-08 13:10:00,13,0,3,3,1,17,4,10,272,82.8,3,45,0.0667,0.1,33.6,0.9,51.3,996.0,0.0,15.4,9.6,110.7,E,-14.06,-15.39,-11.04
529644,2018-04-16,2018,CIN,2018-04-16 18:40:00,18,4,10,14,0,18,8,21,294,80.2,4,55,0.0727,0.0,30.1,-1.0,71.3,988.7,0.0,17.4,10.8,289.3,W,15.65,17.28,12.14
529657,2018-04-17,2018,CIN,2018-04-17 18:40:00,18,2,0,2,1,17,5,11,284,83.4,3,44,0.0682,0.0909,33.7,0.9,68.7,990.3,0.0,3.8,2.4,358.1,N,2.8,1.74,3.53
529672,2018-04-18,2018,CIN,2018-04-18 12:40:00,12,2,0,2,1,13,8,11,266,84.3,2,48,0.0417,0.0909,33.4,0.8,79.3,987.9,1.8,21.9,13.6,51.0,NE,-2.28,-9.61,5.31
529686,2018-04-19,2018,MIA,2018-04-19 19:10:00,19,12,3,15,5,12,10,18,321,84.6,6,54,0.1111,0.2778,34.2,1.2,63.0,1006.0,0.0,12.0,7.5,278.3,W,9.63,11.5,6.59
529697,2018-04-20,2018,MIA,2018-04-20 19:10:00,19,8,0,8,2,24,12,16,334,80.9,3,42,0.0714,0.125,38.7,3.7,57.3,1007.4,0.0,7.9,4.9,198.5,S,-3.52,-0.89,-5.73
529712,2018-04-21,2018,MIA,2018-04-21 18:10:00,18,6,5,11,4,13,5,16,308,83.6,7,51,0.1373,0.25,42.6,5.9,60.7,1005.2,0.0,5.5,3.4,164.3,S,-4.83,-3.61,-5.46
529727,2018-04-22,2018,MIA,2018-04-22 13:10:00,13,4,2,6,1,25,6,10,259,80.8,1,35,0.0286,0.1,50.1,10.1,57.0,1004.8,0.0,8.1,5.1,73.7,E,-3.9,-6.11,-1.23
529892,2018-05-04,2018,PIT,2018-05-04 19:10:00,19,4,6,10,5,17,9,18,311,83.7,4,52,0.0769,0.2778,60.1,15.6,59.7,991.5,0.0,10.6,6.6,226.3,SW,0.25,3.87,-3.4
529908,2018-05-05,2018,PIT,2018-05-05 18:10:00,18,5,3,8,1,14,10,13,310,84.1,1,48,0.0208,0.0769,53.4,11.9,68.3,991.8,0.0,8.1,5.1,20.3,N,3.39,0.66,5.72
529923,2018-05-06,2018,PIT,2018-05-06 13:10:00,13,0,9,9,3,23,6,15,320,84.2,3,45,0.0667,0.2,57.4,14.1,60.7,995.6,0.0,17.7,11.0,40.0,NE,1.55,-4.59,7.49
529936,2018-05-08,2018,CLE,2018-05-08 18:40:00,18,3,2,5,4,15,4,14,292,82.3,3,49,0.0612,0.2857,67.3,19.6,46.7,993.3,0.0,14.2,8.8,177.7,S,-10.46,-6.53,-13.13
529951,2018-05-09,2018,CLE,2018-05-09 12:10:00,12,2,6,8,2,24,3,16,272,87.1,4,43,0.093,0.125,73.2,22.9,65.7,981.0,0.0,25.7,16.0,211.4,SW,-6.06,2.85,-14.24
530107,2018-05-21,2018,AZ,2018-05-21 18:40:00,18,4,2,6,4,17,4,9,237,82.4,3,42,0.0714,0.4444,46.5,8.0,96.3,994.0,0.1,15.2,9.4,33.3,NE,3.07,-2.2,7.98
530116,2018-05-22,2018,AZ,2018-05-22 18:40:00,18,1,0,1,0,18,10,7,265,82.9,1,34,0.0294,0.0,59.9,15.5,92.3,994.5,0.0,6.6,4.1,170.1,S,-5.4,-3.78,-6.37
530131,2018-05-23,2018,AZ,2018-05-23 12:10:00,12,9,2,11,4,20,10,14,301,84.2,8,44,0.1818,0.2857,71.4,21.9,72.3,999.0,0.0,14.4,8.9,129.3,SE,-14.3,-13.92,-12.95
530151,2018-05-24,2018,NYM,2018-05-24 19:10:00,19,0,5,5,0,10,7,18,315,82.5,0,59,0.0,0.0,68.6,20.3,67.3,993.5,0.0,12.1,7.5,178.0,S,-8.85,-5.49,-11.14
530163,2018-05-25,2018,NYM,2018-05-25 19:10:00,19,4,3,7,3,19,7,16,295,85.4,2,53,0.0377,0.1875,73.4,23.0,67.7,985.1,0.0,7.9,4.9,221.7,SW,-0.46,2.27,-3.13
530178,2018-05-26,2018,NYM,2018-05-26 15:10:00,15,17,6,23,4,20,13,31,360,83.3,4,61,0.0656,0.129,79.5,26.4,75.3,984.2,0.0,13.5,8.4,137.0,SE,-13.49,-12.52,-12.84
530193,2018-05-27,2018,NYM,2018-05-27 13:10:00,13,8,7,15,3,14,5,21,284,84.8,4,56,0.0714,0.1429,88.2,31.2,43.0,989.2,0.5,7.8,4.9,245.1,SW,2.69,5.04,0.01
530209,2018-05-28,2018,STL,2018-05-28 13:10:00,13,8,3,11,4,18,5,15,290,82.9,4,47,0.0851,0.2667,82.1,27.8,57.7,990.9,0.0,8.6,5.3,148.4,SE,-8.36,-7.18,-8.54
530224,2018-05-29,2018,STL,2018-05-29 18:40:00,18,1,6,7,3,16,7,13,266,84.2,1,48,0.0208,0.2308,60.9,16.1,87.3,988.0,0.0,10.4,6.5,42.3,NE,0.49,-3.09,4.02
530239,2018-05-30,2018,STL,2018-05-30 12:10:00,12,3,2,5,2,17,9,18,321,84.7,2,51,0.0392,0.1111,66.0,18.9,97.0,981.3,0.1,13.0,8.1,114.7,SE,-12.16,-12.97,-9.88
530389,2018-06-11,2018,CHC,2018-06-11 19:10:00,19,2,7,9,3,20,8,18,350,84.5,5,59,0.0847,0.1667,58.9,15.0,89.0,990.9,0.0,9.1,5.7,71.4,E,-4.04,-6.59,-1.01
530397,2018-06-12,2018,CHC,2018-06-12 19:10:00,19,4,0,4,0,18,5,9,290,80.4,0,41,0.0,0.0,71.2,21.8,94.0,988.0,0.1,9.3,5.8,199.7,S,-3.96,-0.86,-6.59
530412,2018-06-13,2018,CHC,2018-06-13 13:10:00,13,1,0,1,1,19,5,10,267,83.0,2,41,0.0488,0.1,77.7,25.4,35.0,992.1,0.0,14.3,8.9,324.3,NW,14.11,12.47,14.05
530445,2018-06-15,2018,PHI,2018-06-15 19:10:00,19,13,2,15,4,13,6,21,310,83.6,3,58,0.0517,0.1905,70.7,21.5,71.7,989.7,0.0,11.9,7.4,169.2,S,-9.81,-6.94,-11.5
530460,2018-06-16,2018,PHI,2018-06-16 15:10:00,15,1,4,5,2,23,11,14,324,84.4,2,43,0.0465,0.1429,88.1,31.2,57.0,989.8,0.0,14.0,8.7,201.7,S,-5.56,-0.82,-9.63
530475,2018-06-17,2018,PHI,2018-06-17 13:10:00,13,9,10,19,6,20,12,25,342,85.3,7,56,0.125,0.24,91.6,33.1,49.0,990.5,0.0,20.5,12.8,215.0,SW,-3.57,3.57,-10.27
530526,2018-06-21,2018,STL,2018-06-21 19:10:00,19,11,3,14,2,11,6,19,303,84.1,3,60,0.05,0.1053,56.0,13.3,91.3,988.1,2.1,13.7,8.5,24.3,NE,4.82,0.16,8.91
530540,2018-06-22,2018,STL,2018-06-22 19:10:00,19,2,1,3,2,30,7,6,302,79.9,2,29,0.069,0.3333,57.9,14.4,80.0,985.4,0.6,13.6,8.4,11.3,N,7.52,3.2,10.93
530555,2018-06-23,2018,STL,2018-06-23 15:10:00,15,2,3,5,2,19,7,10,288,80.9,4,41,0.0976,0.2,69.5,20.8,54.0,984.9,0.0,8.4,5.2,73.3,E,-3.97,-6.25,-1.21
530570,2018-06-24,2018,STL,2018-06-24 13:10:00,13,2,8,10,2,25,10,16,310,84.9,3,46,0.0652,0.125,68.9,20.5,75.7,993.5,0.0,17.2,10.7,45.3,NE,-0.1,-5.99,5.8
530589,2018-06-26,2018,KC,2018-06-26 19:10:00,19,5,1,6,4,20,7,12,287,84.1,4,43,0.093,0.3333,64.9,18.3,97.3,986.5,40.4,13.3,8.3,56.7,NE,-2.7,-6.99,1.92
530604,2018-06-27,2018,KC,2018-06-27 13:10:00,13,4,5,9,3,15,6,17,279,83.9,2,53,0.0377,0.1765,72.3,22.4,67.0,986.7,0.0,7.8,4.9,83.7,E,-4.9,-6.69,-2.51
530673,2018-07-02,2018,MIN,2018-07-02 19:10:00,19,6,5,11,2,17,4,25,325,80.9,3,64,0.0469,0.08,72.6,22.5,80.3,995.9,0.0,9.2,5.7,168.3,S,-7.69,-5.49,-8.95
530686,2018-07-03,2018,MIN,2018-07-03 15:10:00,15,2,0,2,1,29,8,6,283,80.4,2,30,0.0667,0.1667,79.2,26.2,71.7,997.1,0.0,17.0,10.6,126.0,SE,-16.79,-16.69,-14.87
530701,2018-07-04,2018,MIN,2018-07-04 15:10:00,15,3,2,5,4,11,3,12,236,85.8,5,50,0.1,0.3333,85.6,29.8,71.0,998.9,0.1,7.9,4.9,197.2,S,-3.68,-1.07,-5.85
530708,2018-07-05,2018,ATL,2018-07-05 19:10:00,19,7,2,9,1,17,5,10,258,84.8,3,41,0.0732,0.1,77.9,25.5,61.3,1001.5,0.0,15.1,9.4,346.3,N,12.87,9.41,14.77
530716,2018-07-06,2018,ATL,2018-07-06 19:10:00,19,5,4,9,2,19,5,16,294,81.8,3,43,0.0698,0.125,60.7,15.9,70.0,1005.6,0.0,9.4,5.8,31.3,NE,2.21,-1.03,5.19
530731,2018-07-07,2018,ATL,2018-07-07 15:10:00,15,1,5,6,0,20,7,12,303,82.5,0,45,0.0,0.0,75.3,24.1,40.3,1002.6,0.0,16.1,10.0,142.7,SE,-15.96,-14.26,-15.73
530746,2018-07-08,2018,ATL,2018-07-08 13:10:00,13,10,3,13,4,15,14,20,345,84.6,5,54,0.0926,0.2,82.9,28.3,42.3,1000.3,0.0,12.9,8.0,174.0,S,-9.99,-6.62,-12.16
530865,2018-07-20,2018,LAD,2018-07-20 19:10:00,19,4,6,10,2,20,9,20,296,83.5,2,51,0.0392,0.1,69.2,20.7,94.0,980.7,8.9,18.4,11.4,0.4,N,12.91,7.66,16.6
530880,2018-07-21,2018,LAD,2018-07-21 18:10:00,18,4,2,6,1,19,3,17,298,82.1,2,48,0.0417,0.0588,68.3,20.2,95.0,987.9,0.2,23.4,14.5,8.3,N,13.97,6.71,19.55
530895,2018-07-22,2018,LAD,2018-07-22 13:10:00,13,2,11,13,2,15,7,20,319,83.8,2,60,0.0333,0.1,72.4,22.5,75.3,990.3,0.0,27.0,16.8,31.0,NE,6.52,-2.82,15.08
530915,2018-07-23,2018,WSH,2018-07-23 19:10:00,19,6,1,7,1,21,8,12,317,83.1,3,42,0.0714,0.0833,68.7,20.4,86.0,991.9,0.1,6.1,3.8,29.4,NE,1.64,-0.47,3.55
530930,2018-07-24,2018,WSH,2018-07-24 19:10:00,19,5,4,9,2,15,5,20,302,81.7,2,61,0.0328,0.1,75.4,24.1,62.3,993.0,0.0,11.2,6.9,311.3,NW,11.14,10.72,10.23
530944,2018-07-25,2018,WSH,2018-07-25 13:10:00,13,3,7,10,3,20,5,11,247,82.7,5,45,0.1111,0.2727,84.3,29.1,41.3,991.9,0.0,8.2,5.1,305.7,NW,8.09,8.06,7.15
531053,2018-08-03,2018,COL,2018-08-03 19:10:00,19,5,3,8,4,17,6,10,254,81.7,2,45,0.0444,0.4,70.3,21.3,85.7,994.7,0.0,10.6,6.6,165.6,S,-9.09,-6.7,-10.38
531068,2018-08-04,2018,COL,2018-08-04 18:10:00,18,8,4,12,5,17,7,17,304,83.6,6,48,0.125,0.2941,83.8,28.8,56.7,992.9,0.0,16.6,10.3,199.0,S,-7.29,-1.74,-11.96
531083,2018-08-05,2018,COL,2018-08-05 13:10:00,13,4,5,9,4,24,9,16,318,85.7,2,58,0.0345,0.25,92.2,33.4,36.7,992.6,0.0,28.7,17.9,233.0,SW,4.0,13.49,-5.97
531116,2018-08-07,2018,SD,2018-08-07 19:10:00,19,5,11,16,5,17,11,22,334,86.0,8,59,0.1356,0.2273,64.9,18.3,94.0,991.4,0.0,8.2,5.1,23.9,NE,2.96,0.15,5.41
531130,2018-08-08,2018,SD,2018-08-08 19:10:00,19,8,4,12,6,17,2,23,301,83.0,7,57,0.1228,0.2609,72.6,22.5,70.0,990.2,0.0,8.8,5.4,244.6,SW,2.94,5.59,-0.06
531139,2018-08-09,2018,SD,2018-08-09 13:10:00,13,4,8,12,3,18,7,23,307,81.9,3,54,0.0556,0.1304,79.2,26.2,76.0,989.9,4.5,9.9,6.1,262.9,W,6.06,8.36,3.04
531281,2018-08-20,2018,CIN,2018-08-20 19:10:00,19,5,2,7,4,15,3,15,251,83.0,4,49,0.0816,0.2667,69.3,20.7,92.3,987.5,3.0,21.0,13.1,77.3,E,-11.24,-16.64,-4.48
531291,2018-08-21,2018,CIN,2018-08-21 19:10:00,19,7,9,16,3,19,5,27,330,82.3,6,61,0.0984,0.1111,65.7,18.7,82.3,993.7,1.9,17.6,10.9,329.0,NW,17.04,14.56,17.47
531306,2018-08-22,2018,CIN,2018-08-22 13:10:00,13,4,0,4,1,13,8,19,281,82.2,3,52,0.0577,0.0526,75.8,24.3,36.3,996.4,0.0,19.0,11.8,310.3,NW,18.94,18.32,17.27
531336,2018-08-24,2018,PIT,2018-08-24 19:10:00,19,7,6,13,2,33,14,30,514,84.0,4,83,0.0482,0.0667,65.7,18.7,85.7,989.7,0.4,20.3,12.6,175.7,S,-15.42,-9.96,-19.02
531351,2018-08-25,2018,PIT,2018-08-25 18:10:00,18,1,9,10,2,20,6,20,305,80.8,2,52,0.0385,0.1,75.0,23.9,91.0,991.0,0.0,4.6,2.9,109.3,E,-4.15,-4.58,-3.21
531366,2018-08-26,2018,PIT,2018-08-26 13:10:00,13,7,4,11,5,13,2,16,271,81.8,5,53,0.0943,0.3125,83.3,28.5,81.0,992.0,0.0,15.0,9.3,125.0,SE,-14.77,-14.77,-12.99
531464,2018-09-03,2018,CHC,2018-09-03 13:10:00,13,4,3,7,1,21,6,13,292,82.5,2,44,0.0455,0.0769,73.8,23.2,92.3,999.1,2.6,8.4,5.2,94.7,E,-6.43,-7.91,-4.17
531479,2018-09-04,2018,CHC,2018-09-04 19:10:00,19,11,1,12,0,18,10,16,332,80.9,0,49,0.0,0.0,76.0,24.5,84.3,995.8,0.7,13.0,8.1,172.8,S,-10.3,-6.95,-12.41
531494,2018-09-05,2018,CHC,2018-09-05 19:10:00,19,4,6,10,3,15,4,21,289,86.1,4,54,0.0741,0.1429,67.7,19.8,98.3,1000.3,6.9,11.8,7.4,28.0,NE,3.46,-0.62,7.12
531522,2018-09-07,2018,SF,2018-09-07 19:10:00,19,4,2,6,2,26,10,8,281,78.9,2,33,0.0606,0.25,63.0,17.2,72.0,1001.9,0.0,21.4,13.3,34.7,NE,3.84,-3.6,10.82
531537,2018-09-08,2018,SF,2018-09-08 18:10:00,18,4,3,7,3,22,6,11,283,82.1,3,40,0.075,0.2727,62.7,17.0,80.3,999.0,0.4,21.6,13.4,40.3,NE,1.77,-5.69,9.02
531552,2018-09-09,2018,SF,2018-09-09 13:10:00,13,6,3,9,2,13,4,14,269,85.1,4,51,0.0784,0.1429,64.1,17.8,63.3,995.9,0.0,23.1,14.4,46.3,NE,-0.54,-8.4,7.39
531614,2018-09-14,2018,PIT,2018-09-14 19:10:00,19,7,4,11,4,19,8,18,325,84.3,5,49,0.102,0.2222,66.9,19.4,93.7,998.2,0.0,6.0,3.7,175.2,S,-4.56,-2.96,-5.6
531629,2018-09-15,2018,PIT,2018-09-15 18:10:00,18,1,3,4,1,16,6,12,295,82.2,1,47,0.0213,0.0833,66.2,19.0,93.0,998.5,0.0,6.0,3.7,53.5,NE,-0.89,-2.88,1.2
531644,2018-09-16,2018,PIT,2018-09-16 13:10:00,13,2,3,5,2,17,7,10,274,81.5,2,45,0.0444,0.2,74.8,23.8,85.3,995.2,0.0,11.6,7.2,106.0,E,-10.15,-11.46,-7.61
531650,2018-09-17,2018,CIN,2018-09-17 18:40:00,18,8,0,8,2,14,4,19,283,85.8,3,55,0.0545,0.1053,77.6,25.3,75.7,989.6,0.0,6.5,4.0,226.7,SW,0.19,2.4,-2.04
531664,2018-09-18,2018,CIN,2018-09-18 18:40:00,18,1,3,4,1,21,4,12,264,82.7,1,43,0.0233,0.0833,63.7,17.6,91.0,992.5,0.0,8.1,5.1,65.3,NE,-2.83,-5.26,-0.05
531679,2018-09-19,2018,CIN,2018-09-19 18:40:00,18,7,0,7,2,16,7,9,278,80.8,3,43,0.0698,0.2222,62.7,17.0,92.7,994.1,0.8,9.4,5.8,54.8,NE,-1.6,-4.66,1.65
531797,2018-09-28,2018,DET,2018-09-28 19:10:00,19,6,5,11,4,19,3,18,308,81.0,4,47,0.0851,0.2222,47.0,8.3,70.7,1000.7,0.0,11.0,6.9,271.3,W,7.98,10.11,4.89
531812,2018-09-29,2018,DET,2018-09-29 18:10:00,18,6,5,11,3,23,7,16,317,79.9,4,45,0.0889,0.1875,50.0,10.0,80.7,1003.2,2.3,8.2,5.1,78.3,E,-4.52,-6.6,-1.9
531827,2018-09-30,2018,DET,2018-09-30 14:10:00,14,11,0,11,2,19,5,19,311,84.6,4,51,0.0784,0.1053,55.5,13.1,83.3,999.0,0.6,15.4,9.6,50.0,NE,-1.34,-6.51,3.99
567552,2019-03-28,2019,STL,2019-03-28 13:10:00,13,5,4,9,6,16,4,12,272,85.3,5,46,0.1087,0.5,50.7,10.4,75.0,993.7,0.0,12.5,7.7,79.7,E,-7.1,-10.18,-3.17
567553,2019-03-29,2019,STL,2019-03-29 19:10:00,19,5,9,14,5,18,9,22,345,84.9,4,55,0.0727,0.2273,35.7,2.0,80.0,992.9,0.4,10.2,6.3,42.3,NE,0.49,-3.03,3.94
567554,2019-03-30,2019,STL,2019-03-30 18:10:00,18,4,2,6,3,20,6,15,296,84.8,3,47,0.0638,0.2,31.8,-0.1,71.0,995.4,0.2,12.1,7.5,21.0,N,4.93,0.85,8.43
567555,2019-03-31,2019,STL,2019-03-31 13:10:00,13,5,4,9,4,24,8,16,293,84.3,5,42,0.119,0.25,36.7,2.6,38.0,1001.8,0.0,19.2,11.9,310.7,NW,19.15,18.49,17.49
567556,2019-04-05,2019,CHC,2019-04-05 19:10:00,19,13,10,23,8,22,7,27,345,87.2,9,53,0.1698,0.2963,41.9,5.5,91.3,996.1,0.0,8.8,5.5,155.7,SE,-8.23,-6.67,-8.8
567557,2019-04-06,2019,CHC,2019-04-06 18:10:00,18,8,14,22,7,18,12,22,376,85.4,9,59,0.1525,0.3182,42.2,5.7,99.3,994.8,0.0,11.0,6.8,125.3,SE,-10.81,-10.79,-9.53
567558,2019-04-07,2019,CHC,2019-04-07 13:10:00,13,4,2,6,2,15,7,16,291,82.6,2,53,0.0377,0.125,52.2,11.2,92.3,984.8,3.2,13.5,8.4,133.7,SE,-13.46,-12.76,-12.54
567559,2019-04-15,2019,STL,2019-04-15 18:40:00,18,10,7,17,7,19,13,21,335,83.5,6,53,0.1132,0.3333,40.5,4.7,61.3,992.6,0.0,15.4,9.5,165.7,S,-13.22,-9.74,-15.1
567560,2019-04-16,2019,STL,2019-04-16 18:40:00,18,8,4,12,4,27,6,23,300,85.4,5,45,0.1111,0.1739,41.8,5.4,88.3,992.8,0.0,12.3,7.6,33.7,NE,2.41,-1.85,6.38
567561,2019-04-17,2019,STL,2019-04-17 12:40:00,12,3,6,9,3,17,4,22,297,86.3,3,53,0.0566,0.1364,47.2,8.4,90.0,986.4,0.8,17.7,11.0,114.3,SE,-16.53,-17.67,-13.4
567562,2019-04-18,2019,LAD,2019-04-18 19:10:00,19,1,3,4,3,17,6,11,307,83.4,5,45,0.1111,0.2727,43.6,6.5,74.0,986.4,0.0,15.8,9.8,354.7,N,12.16,7.98,14.88
567563,2019-04-19,2019,LAD,2019-04-19 19:10:00,19,3,5,8,3,24,13,14,349,83.0,3,41,0.0732,0.2143,41.4,5.2,49.3,989.6,0.0,22.6,14.0,18.3,N,10.13,2.62,16.42
567564,2019-04-20,2019,LAD,2019-04-20 18:10:00,18,5,0,5,3,19,7,10,284,82.8,3,42,0.0714,0.3,46.0,7.8,43.0,986.7,0.0,4.8,3.0,4.4,N,3.12,1.69,4.18
567565,2019-04-21,2019,LAD,2019-04-21 13:10:00,13,5,6,11,5,23,9,16,307,82.6,4,45,0.0889,0.3125,67.8,19.9,56.3,991.4,0.0,18.9,11.7,147.3,SE,-18.43,-15.94,-18.7
567566,2019-04-29,2019,COL,2019-04-29 18:40:00,18,5,1,6,2,11,5,12,243,82.6,2,53,0.0377,0.1667,43.9,6.6,89.0,996.4,0.0,6.7,4.2,45.4,NE,-0.05,-2.34,2.25
567567,2019-04-30,2019,COL,2019-04-30 18:40:00,18,4,3,7,2,16,4,10,237,81.6,3,43,0.0698,0.2,40.0,4.4,94.7,998.9,3.5,18.4,11.4,58.0,NE,-4.14,-10.02,2.24
567568,2019-05-01,2019,COL,2019-05-01 18:40:00,18,4,11,15,4,18,15,18,366,84.9,4,50,0.08,0.2222,38.7,3.7,92.7,996.3,0.0,12.9,8.0,47.0,NE,-0.45,-4.82,3.98
567569,2019-05-02,2019,COL,2019-05-02 12:10:00,12,6,11,17,4,20,6,24,324,84.3,6,60,0.1,0.1667,43.3,6.3,89.0,997.0,0.3,8.3,5.2,42.4,NE,0.38,-2.48,3.2
567570,2019-05-03,2019,NYM,2019-05-03 19:10:00,19,3,1,4,2,16,5,17,288,83.2,3,49,0.0612,0.1176,39.4,4.1,87.3,994.7,0.3,4.5,2.8,71.8,E,-2.04,-3.3,-0.53
567571,2019-05-04,2019,NYM,2019-05-04 18:10:00,18,4,3,7,1,35,8,21,503,83.4,2,89,0.0225,0.0476,52.2,11.2,68.3,989.5,0.0,13.3,8.3,176.0,S,-10.06,-6.46,-12.45
567572,2019-05-05,2019,NYM,2019-05-05 13:10:00,13,3,2,5,2,17,2,11,245,83.6,2,42,0.0476,0.1818,69.2,20.7,44.3,986.6,0.1,9.9,6.2,214.3,SW,-1.84,1.6,-5.06
567573,2019-05-06,2019,WSH,2019-05-06 18:40:00,18,5,3,8,2,23,5,16,347,81.3,1,46,0.0217,0.125,43.3,6.3,76.3,996.9,0.0,12.8,8.0,33.7,NE,2.51,-1.93,6.65
567574,2019-05-07,2019,WSH,2019-05-07 18:40:00,18,6,0,6,0,22,8,13,284,82.0,0,41,0.0,0.0,42.1,5.6,52.3,1002.4,0.0,14.7,9.2,22.0,N,5.76,0.77,10.05
567575,2019-05-08,2019,WSH,2019-05-08 12:10:00,12,7,3,10,3,22,7,19,342,84.6,1,50,0.02,0.1579,45.0,7.2,73.7,994.7,0.6,22.7,14.1,89.0,E,-15.79,-20.43,-9.25
567576,2019-05-21,2019,CIN,2019-05-21 18:40:00,18,0,3,3,0,24,8,10,296,79.7,2,36,0.0556,0.0,46.7,8.2,68.7,993.4,0.1,22.7,14.1,88.9,E,-15.75,-20.39,-9.21
567577,2019-05-22,2019,CIN,2019-05-22 12:10:00,12,11,9,20,5,19,9,23,358,83.8,5,54,0.0926,0.2174,70.5,21.4,70.3,985.9,0.0,21.9,13.6,151.3,SE,-21.05,-17.67,-21.89
567578,2019-05-24,2019,PHI,2019-05-24 19:10:00,19,4,6,10,3,22,4,19,338,83.8,3,50,0.06,0.1579,51.6,10.9,98.0,990.5,4.7,8.9,5.5,125.1,SE,-8.77,-8.76,-7.72
567579,2019-05-25,2019,PHI,2019-05-25 15:10:00,15,2,7,9,5,17,6,17,290,84.2,4,51,0.0784,0.2941,80.2,26.8,47.0,988.5,0.0,21.8,13.5,251.0,W,9.54,15.66,2.28
567580,2019-05-26,2019,PHI,2019-05-26 13:10:00,13,9,1,10,6,20,4,13,264,84.4,6,43,0.1395,0.4615,59.5,15.3,75.3,995.6,0.0,14.9,9.3,60.3,NE,-3.94,-8.63,1.22
567581,2019-06-04,2019,MIA,2019-06-04 18:40:00,18,0,16,16,3,19,6,25,338,86.6,5,61,0.082,0.12,72.0,22.2,72.3,984.6,0.0,9.6,6.0,211.7,SW,-2.21,1.12,-5.27
567582,2019-06-05,2019,MIA,2019-06-05 18:40:00,18,3,8,11,2,21,7,18,314,82.7,3,48,0.0625,0.1111,52.8,11.6,95.7,987.0,0.0,11.1,6.9,37.7,NE,1.42,-2.44,5.11
567583,2019-06-06,2019,MIA,2019-06-06 13:10:00,13,5,1,6,3,18,4,14,269,84.8,3,46,0.0652,0.2143,60.4,15.8,87.7,991.3,0.0,11.2,7.0,54.7,NE,-1.88,-5.54,2.01
567584,2019-06-07,2019,PIT,2019-06-07 19:10:00,19,10,4,14,3,20,7,22,327,84.7,3,51,0.0588,0.1364,56.2,13.4,67.0,993.3,0.0,10.0,6.2,44.4,NE,0.11,-3.33,3.53
567585,2019-06-08,2019,PIT,2019-06-08 15:10:00,15,5,3,8,3,17,10,18,352,82.8,2,50,0.04,0.1667,65.2,18.5,65.7,993.3,0.0,12.8,8.0,51.0,NE,-1.34,-5.61,3.1
567586,2019-06-09,2019,PIT,2019-06-09 13:10:00,13,5,2,7,3,17,8,14,275,83.9,2,47,0.0426,0.2143,61.8,16.5,92.7,992.0,1.6,6.9,4.3,72.0,E,-3.12,-5.02,-0.83
567587,2019-06-20,2019,CIN,2019-06-20 19:10:00,19,1,7,8,3,16,5,15,309,84.2,2,50,0.04,0.2,57.9,14.4,61.3,988.6,0.0,10.0,6.2,21.3,N,4.01,0.64,6.9
567588,2019-06-21,2019,CIN,2019-06-21 19:10:00,19,7,11,18,5,21,16,20,415,82.5,3,52,0.0577,0.25,55.6,13.1,65.0,993.0,0.0,10.9,6.8,39.6,NE,1.02,-2.76,4.68
567589,2019-06-22,2019,CIN,2019-06-22 15:10:00,15,6,5,11,3,22,7,11,295,81.2,3,41,0.0732,0.2727,66.1,19.0,66.3,994.5,0.0,15.1,9.4,91.3,E,-10.95,-13.86,-6.71
567590,2019-06-23,2019,CIN,2019-06-23 13:10:00,13,7,5,12,3,25,6,21,282,84.4,3,43,0.0698,0.1429,61.7,16.5,94.7,986.7,11.9,17.7,11.0,122.7,SE,-17.29,-17.54,-14.96
567591,2019-06-25,2019,SEA,2019-06-25 19:10:00,19,3,8,11,2,16,10,20,354,81.8,2,59,0.0339,0.1,73.0,22.8,67.3,987.9,0.0,15.8,9.8,231.3,SW,1.75,7.02,-3.74
567592,2019-06-26,2019,SEA,2019-06-26 19:10:00,19,2,4,6,2,24,8,13,332,81.5,3,42,0.0714,0.1538,68.8,20.4,85.7,995.7,0.0,8.3,5.2,140.7,SE,-8.29,-7.51,-8.08
567593,2019-06-27,2019,SEA,2019-06-27 13:10:00,13,4,2,6,1,17,2,14,266,84.6,3,49,0.0612,0.0714,79.0,26.1,72.0,997.7,0.0,15.9,9.9,135.3,SE,-15.87,-14.88,-14.94
567594,2019-06-28,2019,PIT,2019-06-28 19:10:00,19,2,3,5,1,18,7,15,274,85.3,4,46,0.087,0.0667,68.4,20.2,85.0,995.7,0.0,7.5,4.7,294.9,NW,7.04,7.5,5.73
567595,2019-06-29,2019,PIT,2019-06-29 19:15:00,19,3,1,4,1,13,3,11,265,81.8,2,47,0.0426,0.0909,60.5,15.8,86.7,995.3,0.0,7.8,4.9,79.1,E,-4.4,-6.35,-1.91
567596,2019-06-30,2019,PIT,2019-06-30 13:10:00,13,2,1,3,1,14,9,15,320,83.7,4,47,0.0851,0.0667,73.5,23.1,82.3,993.3,0.0,9.7,6.0,154.6,SE,-9.17,-7.5,-9.73
567597,2019-07-12,2019,SF,2019-07-12 19:10:00,19,7,10,17,6,24,5,23,337,85.1,6,57,0.1053,0.2609,78.4,25.8,51.3,990.3,0.0,11.3,7.0,232.0,SW,1.38,5.14,-2.55
567598,2019-07-13,2019,SF,2019-07-13 18:15:00,18,5,4,9,0,24,8,22,365,85.0,2,50,0.04,0.0,71.4,21.9,70.7,994.5,0.0,9.0,5.6,54.8,NE,-1.53,-4.46,1.58
567599,2019-07-14,2019,SF,2019-07-14 13:10:00,13,3,8,11,2,21,7,19,327,83.5,2,51,0.0392,0.1053,77.5,25.3,47.7,997.3,0.0,16.0,9.9,104.7,E,-13.78,-15.71,-10.19
567600,2019-07-15,2019,ATL,2019-07-15 19:10:00,19,2,4,6,2,15,5,16,292,84.8,2,54,0.037,0.125,82.5,28.0,56.0,991.5,0.0,19.3,12.0,220.3,SW,-1.57,5.09,-8.04
567601,2019-07-16,2019,ATL,2019-07-16 19:10:00,19,13,1,14,4,15,11,18,321,82.4,3,54,0.0556,0.2222,77.5,25.3,83.3,989.0,0.0,12.5,7.8,178.0,S,-9.15,-5.68,-11.51
567602,2019-07-17,2019,ATL,2019-07-17 13:10:00,13,5,4,9,3,15,9,13,297,84.7,5,49,0.102,0.2308,79.8,26.5,76.0,990.9,0.0,12.3,7.6,93.0,E,-9.11,-11.37,-5.76
567603,2019-07-22,2019,CIN,2019-07-22 19:10:00,19,5,6,11,3,19,10,20,325,84.5,3,52,0.0577,0.15,64.1,17.8,71.7,996.0,0.0,5.7,3.6,215.7,SW,-0.93,1.06,-2.81
567604,2019-07-23,2019,CIN,2019-07-23 19:10:00,19,6,14,20,4,22,7,27,378,80.9,3,56,0.0536,0.1481,64.9,18.3,82.7,996.9,0.0,4.5,2.8,40.6,NE,0.34,-1.2,1.85
567605,2019-07-24,2019,CIN,2019-07-24 13:10:00,13,5,4,9,3,20,6,15,312,82.0,3,45,0.0667,0.2,77.6,25.3,44.0,998.0,0.0,14.8,9.2,119.0,SE,-14.23,-14.76,-11.97
567606,2019-07-26,2019,CHC,2019-07-26 19:10:00,19,3,2,5,1,19,7,8,289,81.3,1,39,0.0256,0.125,77.1,25.0,59.7,996.0,0.0,17.0,10.6,192.3,S,-9.2,-3.74,-13.54
567607,2019-07-27,2019,CHC,2019-07-27 18:10:00,18,5,3,8,5,19,8,15,311,84.3,5,51,0.098,0.3333,78.6,25.9,69.3,993.8,0.1,17.6,10.9,247.7,W,6.77,11.9,0.81
567608,2019-07-28,2019,CHC,2019-07-28 13:10:00,13,4,11,15,3,18,6,12,273,86.9,2,49,0.0408,0.25,86.0,30.0,55.0,992.2,0.3,14.6,9.1,224.0,SW,-0.24,4.78,-5.23
567609,2019-08-09,2019,TEX,2019-08-09 19:10:00,19,6,5,11,4,19,18,12,390,80.7,5,44,0.1136,0.3333,68.5,20.3,61.7,992.1,0.0,7.0,4.3,288.3,W,6.26,6.95,4.8
567610,2019-08-10,2019,TEX,2019-08-10 18:10:00,18,3,2,5,3,18,8,14,307,82.3,3,43,0.0698,0.2143,70.6,21.5,67.0,993.1,0.0,8.9,5.5,134.0,SE,-8.87,-8.38,-8.28
567611,2019-08-11,2019,TEX,2019-08-11 13:10:00,13,0,1,1,0,24,5,8,256,85.0,0,37,0.0,0.0,80.1,26.7,57.0,991.7,0.0,10.4,6.5,194.0,S,-5.36,-1.98,-8.08
567612,2019-08-13,2019,MIN,2019-08-13 19:10:00,19,5,7,12,3,13,11,19,341,81.4,4,58,0.069,0.1579,65.7,18.7,78.7,990.8,0.0,15.0,9.3,20.7,N,6.19,1.14,10.51
567613,2019-08-14,2019,MIN,2019-08-14 13:10:00,13,6,5,11,4,17,11,17,333,85.3,4,51,0.0784,0.2353,67.0,19.4,79.3,992.4,1.4,17.9,11.1,36.0,NE,2.8,-3.42,8.69
567614,2019-08-23,2019,AZ,2019-08-23 19:10:00,19,6,1,7,2,18,9,13,315,81.3,2,44,0.0455,0.1538,62.8,17.1,76.7,1001.1,0.0,13.1,8.1,16.3,N,6.27,1.97,9.81
567615,2019-08-24,2019,AZ,2019-08-24 18:10:00,18,4,0,4,2,20,9,11,324,80.9,3,42,0.0714,0.1818,65.4,18.5,68.0,1000.6,0.0,13.9,8.6,54.7,NE,-2.33,-6.88,2.49
567616,2019-08-25,2019,AZ,2019-08-25 13:10:00,13,2,5,7,3,20,10,16,346,83.6,5,49,0.102,0.1875,72.9,22.7,57.0,995.9,0.0,19.9,12.4,119.3,SE,-19.19,-19.88,-16.19
567617,2019-08-26,2019,STL,2019-08-26 18:05:00,18,2,12,14,2,17,11,21,349,83.1,3,57,0.0526,0.0952,68.8,20.5,94.3,981.8,0.3,15.2,9.4,219.1,SW,-1.56,3.7,-6.64
567618,2019-08-27,2019,STL,2019-08-27 18:40:00,18,3,6,9,3,17,7,18,330,83.4,3,51,0.0588,0.1667,70.6,21.5,45.3,987.6,0.0,15.5,9.6,263.3,W,9.59,13.16,4.86
567619,2019-08-28,2019,STL,2019-08-28 13:10:00,13,4,1,5,2,24,4,13,279,83.3,1,39,0.0256,0.1538,74.2,23.4,34.7,988.4,0.0,31.0,19.2,276.3,W,24.18,29.34,16.1
567620,2019-09-02,2019,HOU,2019-09-02 15:10:00,15,2,3,5,4,31,6,16,355,82.9,4,44,0.0909,0.25,71.0,21.7,78.7,995.3,0.5,15.0,9.3,104.0,E,-12.86,-14.72,-9.44
567621,2019-09-03,2019,HOU,2019-09-03 18:40:00,18,4,2,6,2,12,2,15,256,84.4,5,51,0.098,0.1333,73.7,23.2,68.0,986.7,0.0,16.9,10.5,283.3,W,14.4,16.58,10.49
567622,2019-09-05,2019,CHC,2019-09-05 18:10:00,18,5,10,15,6,18,10,22,349,84.0,6,57,0.1053,0.2727,62.7,17.1,79.0,993.7,0.0,15.4,9.6,169.7,S,-12.66,-8.9,-14.9
567623,2019-09-06,2019,CHC,2019-09-06 19:10:00,19,7,1,8,3,14,9,13,295,85.5,4,49,0.0816,0.2308,63.3,17.4,76.0,994.7,0.0,9.0,5.6,20.0,N,3.8,0.79,6.36
567624,2019-09-07,2019,CHC,2019-09-07 18:10:00,18,3,2,5,2,23,10,11,307,84.9,4,40,0.1,0.1818,65.3,18.5,67.7,994.7,0.0,9.3,5.8,32.7,NE,1.98,-1.26,4.98
567625,2019-09-08,2019,CHC,2019-09-08 13:10:00,13,8,5,13,3,24,7,16,288,81.9,3,41,0.0732,0.1875,63.1,17.3,63.7,998.2,0.0,15.5,9.6,73.0,E,-7.26,-11.49,-2.15
567626,2019-09-16,2019,SD,2019-09-16 18:40:00,18,5,1,6,1,21,4,10,258,84.5,2,40,0.05,0.1,62.1,16.7,98.7,997.5,0.0,5.0,3.1,71.0,E,-2.19,-3.6,-0.52
567627,2019-09-17,2019,SD,2019-09-17 18:40:00,18,3,1,4,3,29,3,8,292,78.3,3,29,0.1034,0.375,63.4,17.4,98.7,997.2,0.0,9.4,5.8,130.3,SE,-9.37,-9.07,-8.54
567628,2019-09-18,2019,SD,2019-09-18 18:40:00,18,1,2,3,2,26,6,11,264,83.4,1,37,0.027,0.1818,69.4,20.8,74.0,995.1,0.0,16.3,10.1,169.3,S,-13.43,-9.49,-15.76
567629,2019-09-19,2019,SD,2019-09-19 15:10:00,15,5,1,6,2,28,7,12,299,81.1,3,36,0.0833,0.1667,73.2,22.9,77.3,994.3,0.0,8.2,5.1,133.3,SE,-8.23,-7.82,-7.65
567630,2019-09-20,2019,PIT,2019-09-20 19:10:00,19,10,1,11,1,15,8,16,278,86.3,0,50,0.0,0.0625,67.8,19.9,92.0,996.6,0.0,4.2,2.6,127.5,SE,-4.2,-4.13,-3.76
567631,2019-09-21,2019,PIT,2019-09-21 18:10:00,18,10,1,11,2,14,7,16,287,85.9,2,53,0.0377,0.125,72.7,22.6,91.7,992.2,1.3,23.7,14.7,212.3,SW,-5.2,3.03,-12.79
567632,2019-09-22,2019,PIT,2019-09-22 13:10:00,13,4,3,7,3,23,4,11,278,80.2,1,39,0.0256,0.2727,71.4,21.9,89.7,986.6,1.8,21.4,13.3,241.0,SW,5.89,12.56,-1.49
631293,2020-08-03,2020,CWS,2020-08-03 19:10:00,19,4,6,10,2,23,6,22,331,81.1,2,51,0.0392,0.0909,63.4,17.5,64.7,996.1,0.0,17.4,10.8,20.7,N,7.18,1.32,12.18
631294,2020-08-04,2020,CWS,2020-08-04 19:10:00,19,2,3,5,2,25,6,17,302,82.3,2,43,0.0465,0.1176,60.4,15.8,75.3,995.6,0.0,5.0,3.1,12.2,N,2.72,1.11,4.01
631295,2020-08-07,2020,CIN,2020-08-07 19:10:00,19,3,8,11,4,23,8,14,325,80.8,4,42,0.0952,0.2857,69.6,20.9,72.3,997.2,0.0,11.7,7.3,156.3,SE,-10.9,-8.79,-11.7
631296,2020-08-08,2020,CIN,2020-08-08 18:10:00,18,1,4,5,1,21,6,9,284,83.8,1,41,0.0244,0.1111,81.5,27.5,67.3,994.7,0.0,16.0,10.0,213.6,SW,-3.16,2.41,-8.34
631297,2020-08-09,2020,CIN,2020-08-09 13:10:00,13,9,3,12,3,16,10,18,341,80.5,3,53,0.0566,0.1667,85.4,29.7,58.0,991.8,0.0,23.3,14.5,147.0,SE,-22.76,-19.73,-23.04
631298,2020-08-10,2020,MIN,2020-08-10 19:10:00,19,2,4,6,2,20,3,15,289,83.0,4,49,0.0816,0.1333,72.5,22.5,83.7,988.5,0.0,14.3,8.9,290.7,W,13.0,14.23,10.21
631299,2020-08-11,2020,MIN,2020-08-11 19:10:00,19,6,4,10,7,24,4,19,279,81.3,5,45,0.1111,0.3684,68.4,20.2,68.0,993.8,0.0,7.1,4.4,232.2,SW,0.88,3.23,-1.57
631300,2020-08-12,2020,MIN,2020-08-12 18:10:00,18,2,12,14,3,14,7,22,315,82.7,3,62,0.0484,0.1364,70.2,21.2,72.7,996.1,0.0,8.0,5.0,81.0,E,-4.7,-6.63,-2.21
631301,2020-08-24,2020,CIN,2020-08-24 19:10:00,19,4,2,6,4,19,4,12,265,82.7,5,41,0.122,0.3333,81.3,27.4,63.7,992.0,0.0,10.3,6.4,257.3,W,5.53,8.18,2.21
631302,2020-08-25,2020,CIN,2020-08-25 19:10:00,19,3,2,5,0,25,5,9,269,79.2,1,34,0.0294,0.0,70.5,21.4,83.3,994.3,0.0,9.3,5.8,114.9,SE,-8.77,-9.33,-7.14
631290,2020-08-27,2020,CIN,2020-08-27 16:10:00,16,1,6,7,4,11,8,19,288,79.9,3,46,0.0652,0.2105,83.4,28.5,67.3,987.4,0.0,7.8,4.8,342.7,N,6.91,5.25,7.73
631303,2020-08-27,2020,CIN,2020-08-26 19:10:00,19,0,6,6,1,16,7,10,270,79.7,0,36,0.0,0.1,82.0,27.8,60.7,988.5,0.0,17.5,10.9,221.7,SW,-1.02,5.01,-6.92
631291,2020-08-28,2020,PIT,2020-08-28 19:10:00,19,9,1,10,5,27,6,12,291,83.5,6,36,0.1667,0.4167,75.3,24.1,81.3,981.3,1.8,13.1,8.1,275.4,W,10.09,12.34,6.62
631277,2020-08-29,2020,PIT,2020-08-29 18:10:00,18,7,6,13,4,14,12,17,323,81.3,3,53,0.0566,0.2353,69.6,20.9,51.0,988.3,0.0,10.9,6.8,326.7,NW,10.64,9.25,10.75
631278,2020-08-30,2020,PIT,2020-08-30 13:10:00,13,1,5,6,2,22,8,13,297,81.0,2,45,0.0444,0.1538,69.0,20.5,56.0,990.5,0.0,12.5,7.7,96.3,E,-9.73,-11.81,-6.48
631281,2020-08-31,2020,PIT,2020-08-31 18:40:00,18,6,5,11,2,24,10,14,329,79.6,2,39,0.0513,0.1429,71.4,21.9,82.7,987.2,0.4,7.9,4.9,290.0,W,7.19,7.9,5.61
631287,2020-09-01,2020,DET,2020-09-01 18:40:00,18,1,12,13,4,22,8,23,362,81.3,4,53,0.0755,0.1739,66.0,18.9,71.0,986.8,0.3,13.0,8.1,136.7,SE,-13.03,-12.11,-12.37
631283,2020-09-02,2020,DET,2020-09-02 18:40:00,18,8,5,13,2,18,11,15,329,77.6,3,47,0.0638,0.1333,70.0,21.1,49.0,987.0,0.0,8.2,5.1,251.0,W,3.61,5.92,0.86
631284,2020-09-11,2020,CHC,2020-09-11 19:10:00,19,1,0,1,0,27,3,6,261,81.6,4,33,0.1212,0.0,60.4,15.8,90.3,999.2,2.7,12.8,8.0,98.7,E,-10.34,-12.32,-7.11
631285,2020-09-12,2020,CHC,2020-09-12 18:10:00,18,2,4,6,3,20,2,16,273,80.9,4,49,0.0816,0.1875,67.3,19.6,87.3,989.1,0.1,15.6,9.7,248.7,W,6.26,10.77,1.0
631286,2020-09-13,2020,CHC,2020-09-13 13:10:00,13,0,12,12,1,13,10,10,296,82.7,2,52,0.0385,0.1,72.6,22.5,54.7,995.6,0.0,9.9,6.2,303.0,NW,9.68,9.8,8.4
631282,2020-09-14,2020,STL,2020-09-14 16:10:00,16,2,1,3,0,18,6,9,245,81.0,2,37,0.0541,0.0,64.2,17.9,81.3,1004.2,0.0,11.4,7.1,109.7,E,-10.33,-11.38,-8.04
631288,2020-09-14,2020,STL,2020-08-01 18:10:00,18,2,3,5,1,32,8,14,339,79.4,1,36,0.0278,0.0714,72.6,22.6,68.7,989.0,0.4,8.7,5.4,327.0,NW,8.54,7.41,8.65
631263,2020-09-15,2020,STL,2020-09-15 18:40:00,18,18,3,21,4,19,11,22,351,85.9,4,53,0.0755,0.1818,69.9,21.1,71.0,995.3,0.0,18.6,11.5,208.7,SW,-5.22,1.19,-11.0
631265,2020-09-16,2020,STL,2020-09-16 16:10:00,16,2,4,6,3,14,1,11,190,80.6,4,38,0.1053,0.2727,73.4,23.0,64.0,992.9,0.0,11.6,7.2,312.0,NW,11.62,11.13,10.71
631289,2020-09-16,2020,STL,2020-07-31 13:10:00,13,6,0,6,2,14,5,9,210,84.4,3,33,0.0909,0.2222,74.1,23.4,57.0,992.9,0.0,16.9,10.5,67.0,NE,-6.33,-11.31,-0.59
631266,2020-09-18,2020,KC,2020-09-18 19:10:00,19,9,5,14,4,22,10,25,340,81.8,6,52,0.1154,0.16,48.0,8.9,69.0,1005.6,0.0,7.3,4.5,29.0,NE,2.01,-0.51,4.29
631267,2020-09-19,2020,KC,2020-09-19 18:10:00,18,5,0,5,1,26,5,8,284,77.8,1,30,0.0333,0.125,54.3,12.4,65.0,1003.4,0.0,12.3,7.6,168.7,S,-10.21,-7.27,-11.92
631268,2020-09-20,2020,KC,2020-09-20 13:10:00,13,5,3,8,3,13,5,13,278,79.7,2,49,0.0408,0.2308,65.4,18.5,45.7,1006.4,0.0,21.4,13.3,149.3,SE,-20.7,-17.64,-21.26
631292,2020-09-25,2020,STL,2020-08-02 13:10:00,13,1,9,10,2,16,8,11,273,80.8,4,37,0.1081,0.1818,77.1,25.0,62.7,988.5,1.4,6.4,4.0,313.3,NW,6.43,6.11,5.98
634638,2021-04-01,2021,MIN,2021-04-01 13:10:00,13,6,5,11,1,26,9,21,340,81.6,2,54,0.037,0.0476,35.1,1.7,47.0,1010.1,0.0,15.1,9.4,61.4,NE,-4.26,-8.96,0.95
634575,2021-04-03,2021,MIN,2021-04-03 18:10:00,18,0,2,2,1,30,1,5,256,79.0,2,29,0.069,0.2,52.5,11.4,62.3,995.9,0.0,7.6,4.7,65.6,NE,-2.68,-4.97,-0.08
634597,2021-04-04,2021,MIN,2021-04-04 13:10:00,13,2,8,10,3,17,8,16,319,85.6,3,52,0.0577,0.1875,61.9,16.6,55.3,995.6,0.0,18.1,11.2,135.0,SE,-18.1,-17.01,-17.01
632221,2021-04-12,2021,CHC,2021-04-12 18:40:00,18,6,3,9,1,21,9,12,277,80.8,2,40,0.05,0.0833,49.9,10.0,54.7,988.9,0.0,14.2,8.8,267.3,W,9.56,12.58,5.4
632194,2021-04-13,2021,CHC,2021-04-13 18:40:00,18,2,3,5,2,15,5,9,270,83.6,2,46,0.0435,0.2222,47.8,8.8,44.0,995.2,0.0,12.1,7.5,240.3,SW,3.19,6.98,-0.98
634553,2021-04-14,2021,CHC,2021-04-14 12:40:00,12,7,0,7,1,23,6,12,286,84.0,1,41,0.0244,0.0833,42.2,5.7,50.3,995.1,0.0,18.6,11.5,296.0,NW,17.56,18.56,14.43
634483,2021-04-16,2021,PIT,2021-04-16 19:10:00,19,1,6,7,2,21,7,13,293,81.7,4,44,0.0909,0.1538,35.8,2.1,86.0,992.4,0.0,5.1,3.2,47.0,NE,-0.18,-1.91,1.58
634473,2021-04-17,2021,PIT,2021-04-17 18:10:00,18,7,1,8,0,13,2,18,276,81.9,1,56,0.0179,0.0,41.4,5.2,58.0,991.5,0.0,3.5,2.2,103.8,E,-3.0,-3.43,-2.2
634455,2021-04-18,2021,PIT,2021-04-18 13:10:00,13,5,6,11,5,25,8,15,350,82.1,7,50,0.14,0.3333,58.3,14.6,34.0,987.8,0.0,5.3,3.3,270.5,W,3.78,4.82,2.29
634461,2021-04-26,2021,MIA,2021-04-26 18:40:00,18,0,8,8,2,25,2,19,308,81.2,4,44,0.0909,0.1053,60.2,15.7,52.3,982.2,0.0,18.6,11.6,159.0,S,-17.02,-13.4,-18.59
634320,2021-04-27,2021,MIA,2021-04-27 18:40:00,18,5,4,9,4,20,4,17,283,80.5,7,46,0.1522,0.2353,45.7,7.6,73.3,985.9,0.0,18.6,11.5,28.3,NE,5.33,-1.08,11.09
634317,2021-04-28,2021,MIA,2021-04-28 12:40:00,12,2,6,8,2,16,10,12,290,80.2,1,49,0.0204,0.1667,52.8,11.6,69.3,990.7,0.0,17.4,10.8,74.7,E,-8.61,-13.26,-2.92
634346,2021-04-29,2021,LAD,2021-04-29 18:40:00,18,2,1,3,1,12,5,13,254,82.9,1,49,0.0204,0.0769,58.2,14.5,59.0,989.4,0.1,15.2,9.4,323.1,NW,15.05,13.41,14.87
634290,2021-04-30,2021,LAD,2021-04-30 19:10:00,19,3,1,4,2,16,4,8,236,81.2,1,41,0.0244,0.25,41.4,5.2,68.0,999.0,0.0,11.3,7.0,169.8,S,-9.25,-6.49,-10.89
634338,2021-05-01,2021,LAD,2021-05-01 18:10:00,18,6,5,11,3,25,16,17,379,80.9,3,54,0.0556,0.1765,77.3,25.2,31.0,979.2,0.0,27.9,17.3,238.7,SW,6.59,15.47,-3.08
634282,2021-05-02,2021,LAD,2021-05-02 13:10:00,13,4,16,20,5,15,5,27,315,83.2,5,64,0.0781,0.1852,82.2,27.9,38.3,977.8,0.0,28.4,17.6,231.0,SW,2.97,12.45,-6.87
634159,2021-05-11,2021,STL,2021-05-11 18:40:00,18,1,6,7,2,21,8,11,340,80.8,4,56,0.0714,0.1818,43.3,6.3,62.7,1005.5,0.0,7.1,4.4,129.2,SE,-7.03,-6.85,-6.36
634198,2021-05-12,2021,STL,2021-05-12 18:40:00,18,4,1,5,2,19,7,9,271,80.5,4,40,0.1,0.2222,49.9,10.0,43.0,1006.3,0.0,9.8,6.1,157.6,S,-9.02,-7.19,-9.76
634158,2021-05-13,2021,STL,2021-05-13 12:40:00,12,0,2,2,0,22,12,13,317,82.3,2,43,0.0465,0.0,64.4,18.0,32.0,1004.6,0.0,16.0,9.9,113.7,SE,-14.87,-15.96,-11.99
634118,2021-05-14,2021,ATL,2021-05-14 19:10:00,19,3,6,9,4,15,7,16,316,79.1,10,55,0.1818,0.25,56.7,13.7,34.7,999.9,0.0,13.4,8.3,169.0,S,-11.14,-7.89,-13.03
634106,2021-05-15,2021,ATL,2021-05-15 18:10:00,18,1,5,6,2,18,9,14,307,83.4,9,48,0.1875,0.1429,52.0,11.1,92.0,997.8,0.2,13.4,8.3,139.3,SE,-13.33,-12.18,-12.87
634134,2021-05-16,2021,ATL,2021-05-16 13:10:00,13,10,9,19,2,23,13,20,354,81.9,4,51,0.0784,0.1,62.5,17.0,64.7,998.1,0.1,15.3,9.5,108.7,E,-13.74,-15.24,-10.59
633992,2021-05-24,2021,SD,2021-05-24 18:40:00,18,5,3,8,3,23,7,11,288,83.8,4,38,0.1053,0.2727,74.5,23.6,63.7,993.2,0.0,12.1,7.5,172.3,S,-9.62,-6.53,-11.55
633962,2021-05-25,2021,SD,2021-05-25 18:40:00,18,1,7,8,1,24,5,7,284,81.7,0,38,0.0,0.1429,73.2,22.9,76.3,989.1,0.0,24.3,15.1,220.3,SW,-1.97,6.42,-10.13
633927,2021-05-26,2021,SD,2021-05-26 18:40:00,18,1,2,3,1,21,3,11,295,82.1,2,50,0.04,0.0909,53.8,12.1,74.0,997.0,0.0,17.8,11.1,38.7,NE,1.96,-4.21,7.9
633937,2021-05-27,2021,SD,2021-05-27 12:10:00,12,6,5,11,2,19,8,17,360,80.9,4,56,0.0714,0.1176,46.8,8.2,69.0,997.9,1.0,32.3,20.0,45.3,NE,-0.19,-11.21,10.86
633948,2021-05-31,2021,DET,2021-05-31 13:10:00,13,3,2,5,2,23,4,15,287,82.4,1,46,0.0217,0.1333,73.1,22.8,29.3,999.2,0.0,13.6,8.4,235.3,SW,2.43,6.85,-2.28
633878,2021-06-01,2021,DET,2021-06-01 18:40:00,18,7,10,17,9,25,11,20,369,80.7,11,49,0.2245,0.45,66.1,18.9,42.0,997.2,0.0,13.2,8.2,159.3,S,-12.0,-9.42,-13.13
633876,2021-06-03,2021,AZ,2021-06-03 18:40:00,18,7,4,11,5,16,9,20,317,84.2,6,55,0.1091,0.25,79.6,26.5,28.7,987.2,0.0,10.7,6.6,288.3,W,9.56,10.63,7.34
633846,2021-06-04,2021,AZ,2021-06-04 19:10:00,19,5,1,6,2,16,7,7,272,80.4,2,41,0.0488,0.2857,81.9,27.7,30.7,987.8,0.0,25.2,15.6,231.3,SW,2.78,11.16,-5.95
633827,2021-06-05,2021,AZ,2021-06-05 15:10:00,15,7,5,12,6,21,5,18,303,83.4,6,47,0.1277,0.3333,94.0,34.5,28.0,986.2,0.0,22.3,13.9,233.7,SW,3.37,10.71,-4.39
633798,2021-06-06,2021,AZ,2021-06-06 13:10:00,13,2,0,2,2,27,3,12,263,82.3,6,36,0.1667,0.1667,89.8,32.1,28.0,987.5,0.0,19.6,12.2,173.4,S,-15.37,-10.28,-18.6
633768,2021-06-11,2021,PIT,2021-06-11 19:10:00,19,7,4,11,3,16,11,12,309,80.0,3,47,0.0638,0.25,61.8,16.6,89.0,988.0,0.0,8.9,5.5,38.6,NE,0.99,-2.1,3.95
633726,2021-06-12,2021,PIT,2021-06-12 15:10:00,15,7,4,11,0,18,8,19,312,81.5,1,51,0.0196,0.0,80.2,26.8,59.7,987.8,0.2,6.1,3.8,99.0,E,-4.91,-5.83,-3.39
633713,2021-06-13,2021,PIT,2021-06-13 13:10:00,13,5,2,7,2,19,4,15,278,81.7,3,46,0.0652,0.1333,83.7,28.7,33.7,991.6,0.0,11.1,6.9,113.7,SE,-10.31,-11.06,-8.31
633680,2021-06-14,2021,CIN,2021-06-14 19:10:00,19,2,10,12,3,18,8,15,320,80.5,3,51,0.0588,0.2,69.9,21.1,45.7,993.6,0.0,6.0,3.7,271.3,W,4.36,5.53,2.68
633714,2021-06-15,2021,CIN,2021-06-15 19:10:00,19,1,2,3,0,27,8,6,323,78.4,0,36,0.0,0.0,62.7,17.0,50.3,997.2,0.0,11.4,7.1,23.3,NE,4.2,0.33,7.56
633665,2021-06-16,2021,CIN,2021-06-16 13:10:00,13,1,2,3,0,25,4,11,293,78.3,0,38,0.0,0.0,70.6,21.4,27.3,996.8,0.0,14.4,8.9,81.7,E,-8.6,-12.03,-4.13
633599,2021-06-25,2021,COL,2021-06-25 15:10:00,15,5,4,9,4,31,5,16,359,80.7,3,49,0.0612,0.25,73.4,23.0,82.7,987.1,0.0,12.3,7.6,87.1,E,-8.25,-10.87,-4.63
633518,2021-06-26,2021,COL,2021-06-26 15:10:00,15,10,4,14,3,19,10,21,336,79.8,5,51,0.098,0.1429,78.9,26.0,70.3,984.3,0.3,20.4,12.7,237.3,SW,4.36,10.93,-2.73
633486,2021-06-27,2021,COL,2021-06-27 13:10:00,13,5,0,5,2,19,7,11,297,81.7,3,40,0.075,0.1818,77.9,25.5,60.7,990.9,0.0,19.0,11.8,294.7,NW,17.82,19.0,14.48
633450,2021-06-28,2021,CHC,2021-06-28 19:10:00,19,14,4,18,5,17,14,20,317,80.9,7,53,0.1321,0.25,66.7,19.3,89.0,997.3,0.0,5.1,3.2,119.7,SE,-4.95,-5.12,-4.19
633446,2021-06-29,2021,CHC,2021-06-29 19:10:00,19,2,1,3,0,22,11,8,316,78.7,0,36,0.0,0.0,73.9,23.3,86.0,996.8,0.0,11.3,7.0,254.0,W,5.46,8.5,1.76
633474,2021-06-30,2021,CHC,2021-06-30 13:10:00,13,15,7,22,3,18,16,20,340,82.7,4,52,0.0769,0.15,78.1,25.6,74.7,994.4,1.2,8.7,5.4,113.7,SE,-8.13,-8.73,-6.56
633351,2021-07-08,2021,CIN,2021-07-08 19:10:00,19,5,3,8,1,19,10,14,292,79.7,1,44,0.0227,0.0714,61.0,16.1,78.0,992.7,0.0,7.2,4.5,318.3,NW,7.22,6.64,6.93
633407,2021-07-09,2021,CIN,2021-07-09 19:10:00,19,0,2,2,0,16,8,14,257,83.5,1,47,0.0213,0.0,65.6,18.7,70.7,995.6,0.0,9.0,5.6,110.3,E,-8.15,-8.94,-6.38
633313,2021-07-10,2021,CIN,2021-07-10 18:15:00,18,3,4,7,3,18,8,12,312,79.0,1,44,0.0227,0.25,65.7,18.7,75.3,992.3,0.0,18.1,11.3,37.0,NE,2.52,-3.77,8.51
633274,2021-07-11,2021,CIN,2021-07-11 13:10:00,13,1,3,4,0,21,8,17,330,79.0,2,46,0.0435,0.0,71.1,21.7,60.7,993.5,0.0,19.8,12.3,41.3,NE,1.27,-5.58,7.96
633223,2021-07-20,2021,KC,2021-07-20 15:10:00,15,2,5,7,2,15,6,15,281,81.2,5,53,0.0943,0.1333,72.1,22.3,69.7,994.8,0.0,16.7,10.4,55.3,NE,-2.99,-8.42,2.8
633227,2021-07-21,2021,KC,2021-07-21 13:10:00,13,3,6,9,1,18,4,18,296,82.1,2,54,0.037,0.0556,70.9,21.6,54.3,998.8,0.0,12.7,7.9,65.7,NE,-4.47,-8.25,-0.15
633163,2021-07-23,2021,CWS,2021-07-23 19:10:00,19,7,1,8,2,15,13,13,272,82.4,3,47,0.0638,0.1538,79.4,26.3,71.7,992.7,0.0,10.5,6.5,197.3,S,-4.89,-1.4,-7.79
633167,2021-07-24,2021,CWS,2021-07-24 18:10:00,18,6,1,7,4,21,5,12,280,80.5,3,42,0.0714,0.3333,81.1,27.3,69.0,987.7,0.0,8.5,5.3,331.0,NW,8.17,6.88,8.48
633151,2021-07-25,2021,CWS,2021-07-25 18:08:00,18,1,3,4,0,20,4,15,286,79.2,1,47,0.0213,0.0,81.5,27.5,38.3,990.8,0.0,10.1,6.3,332.3,NW,9.64,8.03,10.09
633072,2021-08-02,2021,PIT,2021-08-02 19:10:00,19,6,2,8,1,10,10,12,320,79.7,1,51,0.0196,0.0833,68.5,20.3,65.3,996.8,0.0,6.2,3.9,175.9,S,-4.69,-3.02,-5.79
633059,2021-08-03,2021,PIT,2021-08-03 19:10:00,19,5,8,13,1,16,12,17,366,78.5,3,61,0.0492,0.0588,69.7,20.9,77.3,996.1,0.8,7.4,4.6,209.0,SW,-2.03,0.51,-4.33
633068,2021-08-04,2021,PIT,2021-08-04 13:10:00,13,4,2,6,1,19,6,15,319,80.8,2,47,0.0426,0.0667,81.4,27.4,42.7,996.7,0.4,10.6,6.6,124.0,SE,-10.44,-10.5,-9.11
633020,2021-08-06,2021,SF,2021-08-06 19:10:00,19,2,1,3,2,21,3,10,277,79.7,1,46,0.0217,0.2,70.0,21.1,93.0,992.5,2.3,6.6,4.1,93.0,E,-4.91,-6.12,-3.1
632983,2021-08-07,2021,SF,2021-08-07 18:10:00,18,6,9,15,4,15,5,23,371,83.4,7,75,0.0933,0.1739,72.1,22.3,92.0,990.6,0.0,13.6,8.4,111.6,E,-12.45,-13.54,-9.86
632945,2021-08-08,2021,SF,2021-08-08 13:10:00,13,4,5,9,3,14,7,14,279,78.2,2,53,0.0377,0.2143,87.8,31.0,50.7,987.5,0.3,21.7,13.5,198.6,S,-9.65,-2.42,-15.72
632896,2021-08-20,2021,WSH,2021-08-20 19:10:00,19,1,4,5,1,14,10,11,280,81.8,2,48,0.0417,0.0909,72.7,22.6,90.7,989.6,0.0,10.2,6.4,106.0,E,-8.95,-10.11,-6.72
632829,2021-08-21,2021,WSH,2021-08-21 15:05:00,15,9,6,15,3,18,8,22,360,81.9,2,53,0.0377,0.1364,82.8,28.2,65.0,987.5,0.7,14.2,8.8,257.5,W,7.64,11.29,3.07
632786,2021-08-22,2021,WSH,2021-08-22 13:10:00,13,7,3,10,3,19,15,18,363,80.2,5,46,0.1087,0.1667,72.6,22.5,58.0,994.0,0.0,18.9,11.7,49.0,NE,-1.32,-7.69,5.21
632728,2021-08-24,2021,CIN,2021-08-24 19:10:00,19,7,4,11,1,16,7,17,323,81.8,2,50,0.04,0.0588,78.1,25.6,84.3,990.8,0.0,13.3,8.2,165.7,S,-11.41,-8.4,-13.04
632761,2021-08-25,2021,CIN,2021-08-25 19:10:00,19,4,1,5,1,25,5,10,281,80.1,1,35,0.0286,0.1,81.6,27.5,72.3,995.5,0.0,5.2,3.3,339.2,N,4.77,3.75,5.22
632726,2021-08-26,2021,CIN,2021-08-26 13:10:00,13,1,5,6,3,18,7,13,281,80.4,3,43,0.0698,0.2308,80.2,26.8,76.0,997.4,0.0,15.1,9.4,63.0,NE,-4.67,-9.3,0.53
632638,2021-09-03,2021,STL,2021-09-03 19:10:00,19,4,15,19,6,14,8,21,331,81.6,2,59,0.0339,0.2857,67.3,19.6,84.7,993.8,0.6,13.3,8.3,124.3,SE,-13.07,-13.12,-11.44
632667,2021-09-04,2021,STL,2021-09-04 18:10:00,18,4,0,4,1,14,1,12,231,81.9,1,44,0.0227,0.0833,67.3,19.6,75.3,988.6,0.0,12.2,7.6,298.0,NW,11.63,12.15,9.72
632610,2021-09-05,2021,STL,2021-09-05 13:10:00,13,6,5,11,3,19,12,24,345,80.3,2,55,0.0364,0.125,78.6,25.9,33.7,988.1,0.0,24.1,15.0,283.3,W,20.48,23.57,14.93
632584,2021-09-06,2021,PHI,2021-09-06 13:10:00,13,0,12,12,6,22,5,22,318,82.3,5,54,0.0926,0.2727,77.6,25.3,34.3,990.7,0.0,3.9,2.4,258.2,W,2.16,3.15,0.9
632569,2021-09-07,2021,PHI,2021-09-07 18:40:00,18,10,0,10,1,15,4,17,267,83.0,1,51,0.0196,0.0588,70.7,21.5,55.0,983.6,0.0,12.3,7.6,290.7,W,11.18,12.23,8.79
632565,2021-09-08,2021,PHI,2021-09-08 18:40:00,18,4,3,7,2,20,9,13,311,78.7,2,42,0.0476,0.1538,66.3,19.0,56.7,988.8,0.0,12.9,8.0,290.3,W,11.75,12.89,9.2
632461,2021-09-17,2021,CHC,2021-09-17 19:10:00,19,8,5,13,1,20,11,20,342,80.9,1,49,0.0204,0.05,69.9,21.1,64.3,997.8,0.2,12.0,7.4,353.7,N,9.34,6.22,11.34
632425,2021-09-18,2021,CHC,2021-09-18 18:15:00,18,6,4,10,6,25,9,17,310,82.1,6,44,0.1364,0.3529,61.2,16.2,75.7,998.6,0.0,7.2,4.5,54.7,NE,-1.21,-3.56,1.29
632413,2021-09-19,2021,CHC,2021-09-19 13:10:00,13,4,6,10,2,16,14,14,338,82.9,3,50,0.06,0.1429,79.1,26.2,64.3,994.3,0.0,19.3,12.0,133.7,SE,-19.26,-18.25,-17.95
632415,2021-09-20,2021,STL,2021-09-20 18:40:00,18,2,5,7,3,14,3,12,243,78.0,3,50,0.06,0.25,72.4,22.5,88.3,986.5,0.0,23.6,14.7,174.3,S,-18.25,-12.04,-22.27
632397,2021-09-21,2021,STL,2021-09-21 18:40:00,18,1,2,3,0,25,7,9,301,80.5,1,38,0.0263,0.0,61.9,16.6,73.7,998.2,0.0,7.7,4.8,34.3,NE,1.42,-1.25,3.93
632386,2021-09-22,2021,STL,2021-09-22 18:40:00,18,2,10,12,3,13,2,19,291,80.9,3,62,0.0484,0.1579,58.2,14.5,48.0,996.6,0.0,19.3,12.0,340.3,N,17.41,13.54,19.18
632367,2021-09-23,2021,STL,2021-09-23 13:10:00,13,5,8,13,4,15,9,17,314,82.0,4,52,0.0769,0.2353,64.6,18.1,37.0,990.1,0.1,23.0,14.3,339.3,N,20.99,16.47,22.97
632366,2021-09-24,2021,NYM,2021-09-24 19:10:00,19,5,1,6,3,17,7,10,289,81.1,3,44,0.0682,0.3,60.6,15.9,84.0,987.1,3.4,20.9,13.0,275.7,W,16.17,19.73,10.67
632346,2021-09-25,2021,NYM,2021-09-25 18:10:00,18,2,1,3,0,19,8,10,285,78.3,0,39,0.0,0.0,58.5,14.7,40.0,991.0,0.0,11.5,7.2,251.3,W,5.12,8.34,1.27
632328,2021-09-26,2021,NYM,2021-09-26 13:10:00,13,8,4,12,2,19,8,15,307,81.9,3,48,0.0625,0.1333,80.0,26.7,34.7,987.0,0.0,24.0,14.9,234.3,SW,3.89,11.76,-4.44
661292,2022-04-14,2022,STL,2022-04-14 16:14:00,16,5,1,6,2,16,4,14,283,80.9,4,48,0.0833,0.1429,43.8,6.6,31.7,984.5,0.0,38.7,24.0,251.7,W,17.35,28.13,4.49
661267,2022-04-15,2022,STL,2022-04-15 19:10:00,19,1,10,11,2,15,7,20,307,82.2,3,58,0.0517,0.1,38.2,3.4,52.3,990.6,0.0,14.0,8.7,264.0,W,8.81,12.0,4.55
661335,2022-04-16,2022,STL,2022-04-16 18:10:00,18,1,2,3,1,16,3,13,274,84.6,3,49,0.0612,0.0769,36.7,2.6,48.3,998.9,0.0,12.9,8.0,315.3,NW,12.93,12.13,12.18
661226,2022-04-17,2022,STL,2022-04-17 13:10:00,13,6,5,11,1,17,14,12,365,80.6,2,46,0.0435,0.0833,35.4,1.9,63.3,1003.9,0.0,13.8,8.6,89.0,E,-9.59,-12.4,-5.61
661242,2022-04-18,2022,PIT,2022-04-18 18:40:00,18,6,1,7,2,17,7,14,273,83.3,4,47,0.0851,0.1429,34.7,1.5,72.3,993.7,0.0,18.1,11.2,299.7,NW,17.46,18.04,14.77
661211,2022-04-19,2022,PIT,2022-04-19 18:40:00,18,5,2,7,4,23,2,7,260,83.3,4,36,0.1111,0.5714,39.5,4.2,71.0,998.1,0.0,7.6,4.7,138.3,SE,-7.55,-6.95,-7.25
661203,2022-04-20,2022,PIT,2022-04-20 12:40:00,12,4,2,6,2,20,5,13,272,80.5,2,43,0.0465,0.1538,45.3,7.4,65.7,995.5,0.0,29.8,18.5,148.0,SE,-29.04,-24.99,-29.58
661210,2022-04-25,2022,SF,2022-04-25 17:10:00,17,2,4,6,3,23,5,11,284,80.7,4,40,0.1,0.2727,43.5,6.4,53.3,996.7,0.0,20.9,13.0,281.7,W,17.43,20.3,12.46
661209,2022-04-29,2022,CHC,2022-04-29 19:10:00,19,11,1,12,6,17,9,16,324,81.6,9,48,0.1875,0.375,49.8,9.9,59.0,994.1,0.1,24.1,15.0,123.0,SE,-23.54,-23.83,-20.41
661208,2022-04-30,2022,CHC,2022-04-30 18:10:00,18,9,1,10,4,30,6,18,301,83.2,6,40,0.15,0.2222,50.8,10.4,94.0,981.7,12.9,25.0,15.5,134.3,SE,-25.0,-23.6,-23.38
661216,2022-05-01,2022,CHC,2022-05-01 13:10:00,13,0,2,2,1,21,5,8,268,80.0,2,39,0.0513,0.125,54.1,12.3,65.7,984.6,0.0,28.7,17.8,239.3,SW,7.1,16.17,-2.83
661200,2022-05-03,2022,CIN,2022-05-03 18:40:00,18,6,3,9,4,23,5,12,311,81.0,7,40,0.175,0.3333,42.5,5.8,88.7,994.3,0.7,24.6,15.3,9.3,N,14.32,6.63,20.29
661197,2022-05-04,2022,CIN,2022-05-04 18:40:00,18,18,4,22,3,18,12,24,369,80.1,5,57,0.0877,0.125,40.5,4.7,81.0,1000.0,0.0,6.0,3.7,83.0,E,-3.72,-5.12,-1.87
661204,2022-05-05,2022,CIN,2022-05-05 12:40:00,12,10,5,15,7,26,3,21,306,81.8,9,47,0.1915,0.3333,49.0,9.4,79.3,995.8,0.0,9.1,5.7,71.3,E,-4.05,-6.61,-1.01
661212,2022-05-16,2022,ATL,2022-05-16 18:40:00,18,1,0,1,0,22,3,7,262,81.3,0,36,0.0,0.0,68.1,20.1,35.7,987.5,0.0,14.3,8.9,331.5,NW,13.68,11.46,14.24
661196,2022-05-17,2022,ATL,2022-05-17 18:40:00,18,0,3,3,1,16,11,11,307,81.8,1,48,0.0208,0.0909,46.5,8.0,71.7,994.8,0.0,9.0,5.6,115.4,SE,-8.51,-9.03,-6.96
661202,2022-05-18,2022,ATL,2022-05-18 12:10:00,12,7,6,13,3,23,6,20,346,82.1,4,58,0.069,0.15,53.3,11.8,74.0,987.4,0.0,12.5,7.8,86.3,E,-8.25,-10.96,-4.54
661195,2022-05-20,2022,WSH,2022-05-20 19:10:00,19,7,0,7,2,13,6,15,253,80.8,3,50,0.06,0.1333,61.9,16.6,86.0,982.0,1.5,6.9,4.3,304.0,NW,6.74,6.78,5.89
661280,2022-05-21,2022,WSH,2022-05-21 18:10:00,18,5,1,6,3,12,4,21,296,79.0,4,57,0.0702,0.1429,48.1,9.0,74.3,995.0,0.0,8.3,5.2,70.5,E,-3.59,-5.94,-0.8
661248,2022-05-22,2022,WSH,2022-05-22 13:10:00,13,2,8,10,1,11,4,22,304,80.7,1,61,0.0164,0.0455,61.8,16.5,31.3,1001.8,0.0,22.2,13.8,302.0,NW,21.66,22.07,18.65
661340,2022-06-02,2022,SD,2022-06-02 18:40:00,18,5,4,9,1,19,8,18,330,77.9,3,48,0.0625,0.0556,68.7,20.4,29.7,988.6,0.0,10.2,6.3,236.3,SW,1.99,5.28,-1.54
661334,2022-06-03,2022,SD,2022-06-03 19:10:00,19,0,7,7,1,18,5,14,308,81.2,1,52,0.0192,0.0714,63.6,17.6,34.0,991.0,0.0,4.1,2.6,98.8,E,-3.33,-3.97,-2.3
661214,2022-06-04,2022,SD,2022-06-04 15:10:00,15,0,4,4,1,22,3,12,280,78.6,1,44,0.0227,0.0833,62.8,17.1,57.3,991.9,0.9,10.3,6.4,231.7,SW,1.19,4.61,-2.37
661241,2022-06-05,2022,SD,2022-06-05 13:10:00,13,4,6,10,3,21,6,17,336,81.3,4,56,0.0714,0.1765,62.6,17.0,72.7,988.5,0.0,13.6,8.5,101.7,E,-11.36,-13.23,-8.12
661205,2022-06-07,2022,PHI,2022-06-07 19:10:00,19,2,3,5,2,13,6,16,281,82.8,4,55,0.0727,0.125,54.0,12.2,89.7,991.1,0.0,8.2,5.1,159.2,S,-7.45,-5.86,-8.14
661188,2022-06-08,2022,PHI,2022-06-08 19:10:00,19,0,10,10,4,15,1,19,260,82.4,4,56,0.0714,0.2105,53.1,11.7,95.3,989.6,0.0,6.5,4.0,327.0,NW,6.36,5.51,6.44
661194,2022-06-09,2022,PHI,2022-06-09 13:10:00,13,3,8,11,5,19,10,20,400,81.2,5,55,0.0909,0.25,73.8,23.2,37.0,990.7,0.0,16.5,10.3,313.7,NW,16.5,15.63,15.37
661186,2022-06-20,2022,STL,2022-06-20 19:10:00,19,2,0,2,1,16,4,9,263,79.8,2,43,0.0465,0.1111,83.2,28.4,41.3,992.9,0.0,16.1,10.0,226.3,SW,0.37,5.84,-5.14
661192,2022-06-21,2022,STL,2022-06-21 19:10:00,19,2,6,8,3,12,8,15,301,82.6,3,54,0.0556,0.2,88.8,31.6,54.3,991.7,0.0,17.8,11.1,267.3,W,12.01,15.79,6.77
661230,2022-06-22,2022,STL,2022-06-22 19:10:00,19,4,5,9,4,24,5,14,329,79.7,4,42,0.0952,0.2857,76.8,24.9,45.0,994.6,0.0,12.6,7.8,319.0,NW,12.54,11.48,12.08
661183,2022-06-23,2022,STL,2022-06-23 13:10:00,13,6,4,10,3,14,10,15,283,83.7,3,47,0.0638,0.2,77.9,25.5,39.0,994.0,0.0,19.5,12.1,120.3,SE,-18.86,-19.42,-16.04
661190,2022-06-24,2022,TOR,2022-06-24 19:10:00,19,4,9,13,3,14,7,21,330,82.3,3,57,0.0526,0.1429,76.3,24.6,49.3,993.1,0.0,11.7,7.3,163.6,S,-10.27,-7.73,-11.57
661264,2022-06-25,2022,TOR,2022-06-25 15:10:00,15,5,4,9,4,27,6,15,299,82.6,4,39,0.1026,0.2667,73.1,22.8,71.0,990.4,0.1,16.2,10.0,155.0,SE,-15.19,-12.38,-16.17
661206,2022-06-26,2022,TOR,2022-06-26 13:10:00,13,10,3,13,3,11,7,19,276,83.6,4,55,0.0727,0.1579,78.3,25.7,37.0,993.5,0.0,26.8,16.6,284.0,W,22.94,26.27,16.84
661181,2022-07-04,2022,CHC,2022-07-04 15:10:00,15,5,2,7,3,29,11,11,339,81.8,4,39,0.1026,0.2727,77.2,25.1,81.0,990.2,1.9,15.2,9.4,167.1,S,-12.85,-9.33,-14.83
661187,2022-07-05,2022,CHC,2022-07-05 19:10:00,19,3,8,11,2,15,8,16,313,82.9,1,54,0.0185,0.125,66.4,19.1,92.0,990.3,0.2,7.3,4.5,96.8,E,-5.73,-6.93,-3.84
661225,2022-07-06,2022,CHC,2022-07-06 13:10:00,13,1,2,3,1,22,4,12,293,81.0,4,43,0.093,0.0833,69.3,20.7,79.7,993.8,0.0,19.0,11.8,36.7,NE,2.76,-3.85,9.03
661177,2022-07-08,2022,PIT,2022-07-08 19:10:00,19,4,3,7,2,18,10,15,300,78.2,3,43,0.0698,0.1333,63.9,17.7,67.0,997.6,0.0,22.1,13.7,18.0,N,10.03,2.69,16.16
661224,2022-07-09,2022,PIT,2022-07-09 15:10:00,15,3,4,7,2,24,7,14,307,82.3,3,43,0.0698,0.1429,73.6,23.1,42.7,999.3,0.0,12.7,7.9,49.7,NE,-1.03,-5.29,3.35
661178,2022-07-10,2022,PIT,2022-07-10 13:10:00,13,6,8,14,5,24,6,22,346,78.9,3,51,0.0588,0.2273,81.6,27.5,40.7,993.6,0.0,17.6,10.9,133.7,SE,-17.56,-16.64,-16.36
661193,2022-07-22,2022,COL,2022-07-22 19:10:00,19,6,5,11,4,24,10,20,419,81.4,6,68,0.0882,0.2,80.9,27.2,48.7,990.5,0.0,14.3,8.9,218.7,SW,-1.57,3.38,-6.34
661201,2022-07-23,2022,COL,2022-07-23 18:10:00,18,9,4,13,3,17,4,19,303,82.9,4,52,0.0769,0.1579,75.7,24.3,81.3,990.3,6.5,7.6,4.7,8.7,N,4.52,2.14,6.35
661184,2022-07-24,2022,COL,2022-07-24 13:10:00,13,10,9,19,3,19,11,25,397,79.3,6,56,0.1071,0.12,85.5,29.7,45.7,986.9,0.0,21.5,13.4,297.7,NW,20.56,21.51,17.12
661231,2022-07-25,2022,COL,2022-07-25 19:10:00,19,0,2,2,1,20,3,10,274,85.7,2,42,0.0476,0.1,67.0,19.4,79.7,994.2,0.0,9.1,5.6,142.7,SE,-8.99,-8.03,-8.86
661281,2022-07-26,2022,MIN,2022-07-26 19:10:00,19,7,6,13,5,18,12,18,325,81.7,5,52,0.0962,0.2778,71.5,22.0,66.3,990.8,0.0,11.8,7.4,172.6,S,-9.37,-6.34,-11.28
661249,2022-07-27,2022,MIN,2022-07-27 13:10:00,13,10,4,14,5,21,12,15,337,80.7,4,45,0.0889,0.3333,83.9,28.8,45.7,986.7,0.0,17.0,10.6,282.0,W,14.26,16.56,10.23
661174,2022-08-05,2022,CIN,2022-08-05 19:10:00,19,5,1,6,2,16,12,14,295,83.0,3,47,0.0638,0.1429,69.7,21.0,94.7,994.9,0.0,8.9,5.6,109.3,E,-8.05,-8.89,-6.24
661173,2022-08-06,2022,CIN,2022-08-06 18:15:00,18,5,7,12,6,14,12,17,332,82.7,7,54,0.1296,0.3529,85.9,30.0,54.0,992.9,0.0,12.1,7.5,184.6,S,-7.84,-4.22,-10.52
661172,2022-08-07,2022,CIN,2022-08-07 13:10:00,13,2,4,6,3,25,7,12,343,80.6,2,44,0.0455,0.25,81.8,27.7,71.7,992.8,0.8,13.6,8.5,257.1,W,7.24,10.75,2.85
661182,2022-08-09,2022,TB,2022-08-09 19:10:00,19,5,3,8,1,19,5,11,265,80.0,2,41,0.0488,0.0909,64.1,17.8,79.0,996.7,0.0,6.2,3.9,133.0,SE,-6.2,-5.89,-5.75
661207,2022-08-10,2022,TB,2022-08-10 13:10:00,13,4,3,7,3,20,6,12,280,85.4,4,48,0.0833,0.25,84.2,29.0,44.3,996.6,0.0,8.0,5.0,289.0,W,7.19,7.96,5.56
661199,2022-08-15,2022,LAD,2022-08-15 19:10:00,19,0,4,4,2,17,6,10,327,82.3,3,48,0.0625,0.2,65.2,18.5,75.7,996.8,0.0,11.0,6.9,17.7,N,5.07,1.41,8.11
661191,2022-08-16,2022,LAD,2022-08-16 19:10:00,19,5,4,9,5,29,11,13,379,82.4,7,48,0.1458,0.3846,66.4,19.1,74.3,997.6,0.0,10.9,6.8,18.3,N,4.91,1.27,7.96
661171,2022-08-17,2022,LAD,2022-08-17 19:10:00,19,1,2,3,2,17,7,10,274,86.0,2,43,0.0465,0.2,66.1,19.0,88.0,996.0,0.0,3.9,2.4,33.3,NE,0.79,-0.56,2.05
661179,2022-08-18,2022,LAD,2022-08-18 13:10:00,13,5,3,8,3,26,6,12,284,82.2,6,37,0.1622,0.25,82.4,28.0,33.3,992.1,0.0,8.1,5.1,162.7,S,-7.2,-5.48,-8.06
661189,2022-08-26,2022,CHC,2022-08-26 19:10:00,19,3,4,7,4,20,9,9,319,81.5,3,47,0.0638,0.4444,63.7,17.6,83.0,995.7,0.0,5.0,3.1,83.5,E,-3.09,-4.24,-1.58
661180,2022-08-27,2022,CHC,2022-08-27 18:10:00,18,7,0,7,3,21,7,17,306,83.6,3,47,0.0638,0.1765,69.2,20.7,73.3,992.0,0.0,14.1,8.8,157.1,SE,-13.1,-10.49,-14.12
661168,2022-08-28,2022,CHC,2022-08-28 13:10:00,13,9,7,16,4,14,10,27,345,82.2,5,61,0.082,0.1481,82.5,28.0,60.7,986.5,1.0,20.8,12.9,171.0,S,-16.83,-11.63,-19.99
661167,2022-08-29,2022,PIT,2022-08-29 19:10:00,19,7,5,12,4,16,8,21,337,81.7,6,54,0.1111,0.1905,75.4,24.1,54.0,987.3,0.0,16.4,10.2,265.0,W,10.55,14.21,5.62
661166,2022-08-30,2022,PIT,2022-08-30 19:10:00,19,2,4,6,2,22,8,14,294,80.0,3,42,0.0714,0.1429,69.9,21.1,51.7,992.2,0.0,15.3,9.5,300.3,NW,14.77,15.2,12.56
661165,2022-08-31,2022,PIT,2022-08-31 13:10:00,13,6,1,7,1,17,9,13,320,77.3,2,50,0.04,0.0769,85.9,29.9,32.0,992.0,0.0,20.1,12.5,303.0,NW,19.69,19.94,17.07
661219,2022-09-08,2022,SF,2022-09-08 15:10:00,15,2,1,3,0,20,2,6,223,82.3,1,35,0.0286,0.0,80.6,27.0,48.0,989.0,0.0,17.7,11.0,148.3,SE,-17.22,-14.79,-17.58
661233,2022-09-08,2022,SF,2022-09-08 15:15:00,15,4,2,6,1,21,10,10,301,79.8,0,40,0.0,0.1,80.6,27.0,48.0,989.0,0.0,17.7,11.0,148.3,SE,-17.22,-14.79,-17.58
661185,2022-09-09,2022,CIN,2022-09-09 19:10:00,19,2,8,10,4,19,1,22,277,85.0,4,51,0.0784,0.1818,70.7,21.5,65.7,991.4,0.0,10.5,6.5,176.3,S,-7.88,-5.04,-9.78
661175,2022-09-10,2022,CIN,2022-09-10 18:15:00,18,5,1,6,2,16,7,7,280,79.6,3,41,0.0732,0.2857,66.6,19.2,90.3,994.7,0.0,18.0,11.2,30.3,NE,4.56,-1.67,10.24
661176,2022-09-11,2022,CIN,2022-09-11 13:10:00,13,7,6,13,4,21,6,18,304,83.0,5,48,0.1042,0.2222,61.8,16.5,93.0,988.7,11.4,33.4,20.8,11.7,N,18.37,7.71,26.82
661164,2022-09-16,2022,NYY,2022-09-16 19:10:00,19,7,6,13,2,21,14,21,384,81.0,3,54,0.0556,0.0952,69.0,20.6,78.3,994.8,0.0,12.9,8.0,173.3,S,-10.12,-6.78,-12.25
661163,2022-09-17,2022,NYY,2022-09-17 18:10:00,18,4,1,5,2,20,5,9,253,84.9,3,39,0.0769,0.2222,72.4,22.5,80.0,990.6,0.3,15.8,9.8,217.0,SW,-2.2,3.29,-7.43
661162,2022-09-18,2022,NYY,2022-09-18 13:10:00,13,8,12,20,8,22,8,28,361,85.5,13,60,0.2167,0.2857,82.8,28.2,55.7,989.2,0.0,14.1,8.7,236.7,SW,2.85,7.39,-2.04
661161,2022-09-19,2022,NYM,2022-09-19 18:40:00,18,2,7,9,2,22,5,14,282,79.3,3,45,0.0667,0.1429,66.6,19.2,71.7,992.7,0.0,11.5,7.2,167.0,S,-9.78,-7.1,-11.28
661159,2022-09-20,2022,NYM,2022-09-20 18:40:00,18,5,7,12,2,20,8,15,319,83.6,5,49,0.102,0.1333,73.5,23.0,83.3,987.6,0.0,7.5,4.7,207.0,SW,-2.33,0.26,-4.64
661158,2022-09-21,2022,NYM,2022-09-21 13:10:00,13,6,0,6,2,8,7,11,263,81.1,2,52,0.0385,0.1818,72.6,22.5,45.0,988.3,0.0,21.1,13.1,304.3,NW,20.7,20.79,18.12
661155,2022-09-27,2022,STL,2022-09-27 18:40:00,18,2,6,8,2,21,9,15,320,80.0,5,46,0.1087,0.1333,52.1,11.2,58.0,1000.9,0.0,15.1,9.4,331.7,NW,14.5,12.14,15.11
661154,2022-09-28,2022,STL,2022-09-28 18:40:00,18,5,1,6,1,25,9,18,321,79.7,2,42,0.0476,0.0556,48.1,8.9,77.0,1009.6,0.0,8.1,5.0,61.0,NE,-2.23,-4.76,0.57
661156,2022-09-29,2022,MIA,2022-09-29 18:40:00,18,2,4,6,1,19,4,15,284,83.6,2,47,0.0426,0.0667,51.0,10.5,78.0,1004.9,0.0,7.4,4.6,158.3,S,-6.79,-5.38,-7.39
661157,2022-09-30,2022,MIA,2022-09-30 19:10:00,19,1,0,1,0,18,2,10,230,80.2,0,41,0.0,0.0,52.9,11.6,86.0,999.7,0.0,8.7,5.4,68.7,E,-3.48,-5.98,-0.56
661152,2022-10-01,2022,MIA,2022-10-01 18:10:00,18,3,4,7,2,25,6,11,309,79.3,3,40,0.075,0.1818,57.5,14.2,83.3,1001.4,0.0,15.0,9.3,14.0,N,7.71,2.86,11.63
661153,2022-10-02,2022,MIA,2022-10-02 13:10:00,13,3,4,7,0,23,10,17,384,79.0,1,61,0.0164,0.0,60.3,15.7,58.7,1006.0,0.0,15.2,9.4,37.0,NE,2.11,-3.15,7.12
661213,2022-10-03,2022,AZ,2022-10-03 18:40:00,18,6,5,11,4,17,5,14,312,80.0,7,54,0.1296,0.2857,52.5,11.4,85.0,1002.7,0.0,6.7,4.1,155.6,SE,-6.24,-5.06,-6.67
661223,2022-10-04,2022,AZ,2022-10-04 18:40:00,18,3,0,3,2,19,8,9,302,78.1,2,41,0.0488,0.2222,57.6,14.2,64.3,997.8,0.0,6.9,4.3,205.6,SW,-2.28,0.08,-4.36
661227,2022-10-05,2022,AZ,2022-10-05 15:10:00,15,2,4,6,3,22,3,18,265,80.3,5,46,0.1087,0.1667,70.3,21.3,31.3,993.9,0.0,13.4,8.3,240.0,SW,3.46,7.67,-1.16
718731,2023-04-03,2023,NYM,2023-04-03 13:10:00,13,10,0,10,2,15,14,13,318,81.7,3,48,0.0625,0.1538,57.8,14.3,36.3,986.5,0.0,12.5,7.8,230.4,SW,1.18,5.36,-3.15
718712,2023-04-04,2023,NYM,2023-04-04 18:40:00,18,9,0,9,5,6,2,21,272,81.6,8,63,0.127,0.2381,46.9,8.3,93.3,982.1,12.9,20.6,12.8,90.7,E,-14.76,-18.8,-8.94
718698,2023-04-05,2023,NYM,2023-04-05 12:40:00,12,7,6,13,4,15,8,17,310,81.9,4,50,0.08,0.2353,60.9,16.0,59.0,979.0,0.0,34.0,21.1,249.0,W,13.82,23.6,2.37
718674,2023-04-07,2023,STL,2023-04-07 19:10:00,19,4,0,4,1,14,13,14,317,80.7,2,46,0.0435,0.0714,32.0,0.0,74.7,1008.7,0.0,8.0,5.0,66.0,NE,-2.87,-5.25,-0.14
718660,2023-04-08,2023,STL,2023-04-08 18:10:00,18,0,6,6,2,20,7,17,304,82.4,4,50,0.08,0.1176,46.7,8.2,67.0,1003.3,0.0,9.5,5.9,158.0,S,-8.74,-6.95,-9.49
718650,2023-04-09,2023,STL,2023-04-09 13:10:00,13,6,1,7,2,21,8,17,314,83.5,5,46,0.1087,0.1176,62.9,17.2,40.3,1005.4,0.0,16.2,10.1,163.3,S,-14.26,-10.77,-16.03
718483,2023-04-21,2023,BOS,2023-04-21 19:10:00,19,3,5,8,2,20,5,16,303,81.6,4,49,0.0816,0.125,45.1,7.3,49.3,988.0,0.0,13.7,8.5,278.3,W,10.99,13.12,7.53
718470,2023-04-22,2023,BOS,2023-04-22 18:10:00,18,5,4,9,3,11,2,17,274,80.1,6,54,0.1111,0.1765,39.0,3.9,58.3,989.0,0.1,12.2,7.6,278.7,W,9.8,11.68,6.75
718461,2023-04-23,2023,BOS,2023-04-23 13:10:00,13,5,12,17,5,17,13,19,342,80.2,5,53,0.0943,0.2632,42.4,5.8,47.7,995.2,0.0,16.9,10.5,279.7,W,13.79,16.3,9.61
718441,2023-04-24,2023,DET,2023-04-24 18:40:00,18,2,4,6,3,18,7,13,273,82.0,4,46,0.087,0.2308,40.9,5.0,62.7,997.7,0.0,7.5,4.7,138.0,SE,-7.49,-6.9,-7.17
718428,2023-04-25,2023,DET,2023-04-25 18:40:00,18,3,4,7,2,18,5,17,311,80.6,4,53,0.0755,0.1176,36.9,2.7,75.0,1000.8,0.0,7.7,4.8,39.0,NE,0.81,-1.87,3.39
718419,2023-04-26,2023,DET,2023-04-26 12:40:00,12,6,2,8,2,21,3,15,288,79.0,3,45,0.0667,0.1333,42.8,6.0,65.3,1002.4,0.0,14.2,8.8,103.3,E,-12.11,-13.94,-8.83
718386,2023-04-28,2023,LAA,2023-04-28 19:10:00,19,2,1,3,1,11,3,17,259,82.1,2,56,0.0357,0.0588,42.5,5.8,74.0,986.7,0.0,7.3,4.6,36.7,NE,1.06,-1.48,3.48
718376,2023-04-29,2023,LAA,2023-04-29 18:10:00,18,7,5,12,2,18,7,16,290,82.8,4,49,0.0816,0.125,45.3,7.4,64.3,979.1,0.0,15.9,9.9,283.4,W,13.57,15.61,9.89
718365,2023-04-30,2023,LAA,2023-04-30 13:10:00,13,0,3,3,2,20,7,8,280,82.8,2,39,0.0513,0.25,40.9,4.9,84.7,972.6,1.9,24.2,15.0,293.7,NW,22.54,24.19,18.17
718257,2023-05-08,2023,LAD,2023-05-08 18:40:00,18,9,3,12,3,13,4,14,261,81.6,4,53,0.0755,0.2143,50.1,10.0,94.3,994.0,0.0,10.0,6.2,357.0,N,7.46,4.71,9.3
718241,2023-05-09,2023,LAD,2023-05-09 18:40:00,18,2,6,8,5,15,9,13,318,84.1,6,52,0.1154,0.3846,51.0,10.5,85.0,997.7,0.0,3.1,1.9,71.0,E,-1.35,-2.21,-0.32
718228,2023-05-10,2023,LAD,2023-05-10 12:40:00,12,1,8,9,4,17,4,14,276,82.0,4,49,0.0816,0.2857,65.7,18.7,70.3,998.9,0.0,11.6,7.2,104.7,E,-10.04,-11.44,-7.43
718204,2023-05-12,2023,KC,2023-05-12 19:10:00,19,5,1,6,2,19,11,14,305,81.6,2,42,0.0476,0.1429,54.6,12.6,70.3,995.0,0.2,13.9,8.6,24.3,NE,4.89,0.16,9.04
718183,2023-05-13,2023,KC,2023-05-13 18:10:00,18,4,3,7,3,20,4,16,308,81.0,5,48,0.1042,0.1875,54.5,12.5,69.3,1000.7,0.0,19.1,11.9,26.3,NE,6.11,-0.44,11.93
718177,2023-05-14,2023,KC,2023-05-14 13:10:00,13,9,6,15,6,20,7,14,322,81.4,5,44,0.1136,0.4286,52.2,11.2,71.7,1006.7,0.8,19.0,11.8,31.3,NE,4.5,-2.1,10.55
718068,2023-05-22,2023,HOU,2023-05-22 18:40:00,18,2,12,14,6,16,7,21,329,84.3,7,58,0.1207,0.2857,61.4,16.3,57.0,996.6,0.0,8.0,5.0,127.7,SE,-7.93,-7.81,-7.11
718056,2023-05-23,2023,HOU,2023-05-23 18:40:00,18,6,0,6,2,21,5,14,286,83.1,4,43,0.093,0.1429,66.4,19.1,48.0,995.9,0.0,11.7,7.2,165.1,S,-10.09,-7.48,-11.49
718046,2023-05-24,2023,HOU,2023-05-24 12:10:00,12,4,0,4,3,11,2,9,241,83.1,3,49,0.0612,0.3333,57.3,14.0,61.0,1002.1,0.0,27.7,17.2,30.3,NE,7.01,-2.57,15.74
718028,2023-05-25,2023,SF,2023-05-25 18:40:00,18,0,5,5,1,24,4,15,290,81.8,5,44,0.1136,0.0667,48.7,9.3,49.3,1003.2,0.0,12.3,7.7,31.3,NE,2.91,-1.36,6.84
718017,2023-05-26,2023,SF,2023-05-26 19:10:00,19,1,15,16,3,20,6,23,320,81.6,6,58,0.1034,0.1304,51.6,10.9,47.3,1002.8,0.0,7.9,4.9,24.6,NE,2.76,0.05,5.14
717999,2023-05-27,2023,SF,2023-05-27 15:10:00,15,1,3,4,1,25,4,11,289,78.2,1,40,0.025,0.0909,66.6,19.2,34.3,1001.3,0.0,10.4,6.5,80.0,E,-5.96,-8.52,-2.69
717986,2023-05-28,2023,SF,2023-05-28 13:10:00,13,7,5,12,3,21,5,14,303,80.7,3,44,0.0682,0.2143,70.9,21.6,40.0,997.8,0.0,11.0,6.9,76.0,E,-5.68,-8.57,-2.11
717867,2023-06-06,2023,BAL,2023-06-06 18:40:00,18,4,3,7,2,32,8,16,375,83.1,5,43,0.1163,0.125,58.8,14.9,49.3,991.1,0.0,14.2,8.8,17.3,N,6.58,1.89,10.47
717851,2023-06-07,2023,BAL,2023-06-07 18:40:00,18,10,2,12,3,18,1,21,275,82.7,3,54,0.0556,0.1429,58.8,14.9,43.7,989.9,0.0,14.8,9.2,15.6,N,7.24,2.4,11.2
717849,2023-06-08,2023,BAL,2023-06-08 13:10:00,13,3,6,9,2,26,3,18,302,82.1,3,46,0.0652,0.1111,68.1,20.1,33.3,991.0,0.0,16.5,10.2,60.3,NE,-4.35,-9.52,1.34
717831,2023-06-09,2023,ATH,2023-06-09 19:10:00,19,2,5,7,0,22,11,10,343,81.4,2,41,0.0488,0.0,61.0,16.1,61.3,987.7,0.0,13.5,8.4,138.7,SE,-13.44,-12.33,-12.92
717814,2023-06-10,2023,ATH,2023-06-10 15:10:00,15,1,2,3,1,18,7,13,334,80.2,1,49,0.0204,0.0769,76.6,24.8,41.3,984.7,0.0,13.5,8.4,99.7,E,-10.99,-12.99,-7.66
717800,2023-06-11,2023,ATH,2023-06-11 13:10:00,13,6,8,14,4,17,11,16,351,82.0,3,51,0.0588,0.25,56.5,13.6,67.7,989.0,0.0,28.7,17.8,23.7,NE,10.43,0.67,18.93
717740,2023-06-16,2023,PIT,2023-06-16 19:10:00,19,5,4,9,2,16,12,9,284,80.9,3,42,0.0714,0.2222,56.7,13.7,82.7,992.7,0.0,5.8,3.6,29.7,NE,1.54,-0.47,3.37
717720,2023-06-17,2023,PIT,2023-06-17 15:10:00,15,5,0,5,2,19,6,12,273,82.0,5,42,0.119,0.1667,73.0,22.8,46.0,990.2,0.0,18.9,11.7,136.0,SE,-18.9,-17.65,-17.87
717710,2023-06-18,2023,PIT,2023-06-18 13:10:00,13,5,2,7,1,19,9,10,270,83.2,4,40,0.1,0.1,72.8,22.7,57.3,987.6,0.0,16.7,10.4,107.3,E,-14.82,-16.58,-11.27
717696,2023-06-19,2023,AZ,2023-06-19 19:10:00,19,1,9,10,2,12,6,14,270,80.6,4,53,0.0755,0.1429,62.2,16.8,68.7,993.0,0.0,10.9,6.8,25.8,NE,3.58,-0.16,6.88
717680,2023-06-20,2023,AZ,2023-06-20 19:10:00,19,7,5,12,2,17,3,20,263,81.3,3,53,0.0566,0.1,64.9,18.3,64.0,995.8,0.0,13.9,8.6,24.7,NE,4.82,0.08,8.98
717672,2023-06-21,2023,AZ,2023-06-21 13:10:00,13,1,5,6,1,15,10,12,303,85.0,2,49,0.0408,0.0833,79.6,26.4,53.3,997.4,0.0,9.0,5.6,76.3,E,-4.68,-7.03,-1.77
717511,2023-07-03,2023,CHC,2023-07-03 13:10:00,13,8,6,14,0,16,11,18,304,83.9,4,54,0.0741,0.0,78.7,25.9,55.3,990.2,0.0,14.3,8.9,109.3,E,-12.86,-14.2,-9.97
717503,2023-07-04,2023,CHC,2023-07-04 15:10:00,15,6,7,13,1,22,5,24,344,81.7,1,62,0.0161,0.0417,87.3,30.7,41.3,991.0,0.0,12.6,7.8,196.1,S,-6.11,-1.96,-9.53
717483,2023-07-05,2023,CHC,2023-07-05 19:10:00,19,3,4,7,1,13,6,18,300,84.0,2,55,0.0364,0.0556,71.3,21.8,95.3,991.5,3.7,4.6,2.9,304.8,NW,4.53,4.53,3.97
717474,2023-07-06,2023,CHC,2023-07-06 13:10:00,13,6,5,11,4,27,10,14,330,80.1,4,37,0.1081,0.2857,72.2,22.3,74.3,992.1,0.7,10.4,6.4,67.7,E,-4.0,-7.03,-0.48
717459,2023-07-07,2023,CIN,2023-07-07 19:10:00,19,7,3,10,3,21,14,18,314,80.7,6,44,0.1364,0.1667,64.8,18.2,83.0,990.7,1.1,5.6,3.5,25.8,NE,1.83,-0.08,3.52
717444,2023-07-08,2023,CIN,2023-07-08 15:10:00,15,5,8,13,4,17,6,22,332,83.2,4,57,0.0702,0.1818,75.1,23.9,51.0,987.5,0.0,9.9,6.2,117.3,SE,-9.46,-9.93,-7.86
717427,2023-07-09,2023,CIN,2023-07-09 13:10:00,13,1,0,1,0,19,6,11,236,82.3,1,41,0.0244,0.0,72.3,22.4,66.0,989.8,0.6,15.1,9.4,97.0,E,-11.93,-14.39,-8.02
717313,2023-07-21,2023,ATL,2023-07-21 19:10:00,19,4,6,10,3,21,8,12,300,85.1,3,42,0.0714,0.25,71.4,21.9,63.3,991.9,0.0,7.9,4.9,118.9,SE,-7.62,-7.92,-6.41
717296,2023-07-22,2023,ATL,2023-07-22 18:15:00,18,4,3,7,1,22,7,15,271,83.6,4,43,0.093,0.0667,69.3,20.7,78.0,989.1,0.6,11.7,7.3,209.0,SW,-3.22,0.82,-6.87
717287,2023-07-23,2023,ATL,2023-07-23 13:10:00,13,2,4,6,3,16,3,14,285,80.2,2,49,0.0408,0.2143,81.0,27.2,46.0,990.1,0.0,3.0,1.8,65.0,NE,-1.01,-1.91,0.0
717273,2023-07-24,2023,CIN,2023-07-24 19:10:00,19,3,2,5,2,19,9,13,300,82.2,4,42,0.0952,0.1538,72.1,22.3,65.7,994.7,0.0,6.8,4.2,138.0,SE,-6.79,-6.26,-6.5
717262,2023-07-25,2023,CIN,2023-07-25 19:10:00,19,3,4,7,2,18,7,16,352,79.3,2,50,0.04,0.125,77.6,25.3,64.0,992.9,0.0,14.2,8.8,174.3,S,-10.96,-7.22,-13.37
717254,2023-07-26,2023,CIN,2023-07-26 13:10:00,13,3,0,3,1,22,1,15,245,82.9,2,42,0.0476,0.0667,87.1,30.6,59.0,984.5,0.7,13.1,8.1,263.4,W,8.12,11.13,4.12
717143,2023-08-03,2023,PIT,2023-08-03 18:15:00,18,14,1,15,2,17,8,22,298,83.5,2,55,0.0364,0.0909,78.9,26.1,70.7,991.3,8.9,12.3,7.6,275.3,W,9.47,11.58,6.21
717131,2023-08-04,2023,PIT,2023-08-04 19:10:00,19,4,8,12,5,16,9,20,350,82.2,5,59,0.0847,0.25,68.1,20.0,80.3,994.5,0.0,10.5,6.5,29.3,NE,2.84,-0.8,6.14
717116,2023-08-05,2023,PIT,2023-08-05 18:10:00,18,3,2,5,0,16,10,12,307,83.6,0,52,0.0,0.0,70.3,21.3,79.7,992.4,0.0,20.3,12.6,39.7,NE,1.89,-5.14,8.69
717105,2023-08-06,2023,PIT,2023-08-06 13:10:00,13,1,4,5,3,22,5,10,285,81.0,2,40,0.05,0.3,71.8,22.1,66.7,988.9,0.2,18.4,11.5,45.3,NE,-0.11,-6.41,6.2
717086,2023-08-07,2023,COL,2023-08-07 19:10:00,19,12,1,13,4,24,4,14,275,82.2,3,41,0.0732,0.2857,68.7,20.4,73.3,989.3,0.0,5.0,3.1,111.6,E,-4.56,-4.96,-3.61
717078,2023-08-08,2023,COL,2023-08-08 19:10:00,19,3,7,10,5,14,8,15,289,80.0,4,56,0.0714,0.3333,71.9,22.2,54.3,987.9,0.0,8.1,5.0,267.0,W,5.4,7.12,3.03
717065,2023-08-09,2023,COL,2023-08-09 13:10:00,13,7,6,13,3,22,4,17,303,80.3,4,55,0.0727,0.1765,85.1,29.5,31.3,985.3,0.0,15.8,9.8,249.7,W,6.58,11.08,1.28
716894,2023-08-22,2023,MIN,2023-08-22 19:10:00,19,7,3,10,2,15,8,15,287,79.9,1,49,0.0204,0.1333,71.4,21.9,85.7,995.6,0.0,12.0,7.5,140.7,SE,-11.94,-10.82,-11.63
716882,2023-08-23,2023,MIN,2023-08-23 13:10:00,13,8,7,15,6,19,8,21,346,83.0,5,57,0.0877,0.2857,95.3,35.2,56.3,988.6,0.0,14.4,9.0,179.2,S,-10.36,-6.29,-13.17
716857,2023-08-25,2023,SD,2023-08-25 19:10:00,19,7,3,10,3,20,7,17,303,83.3,3,44,0.0682,0.1765,67.0,19.5,93.7,991.6,0.0,8.1,5.0,105.9,E,-7.08,-8.0,-5.3
716838,2023-08-26,2023,SD,2023-08-26 18:10:00,18,5,4,9,2,18,8,11,284,84.1,2,43,0.0465,0.1818,63.1,17.3,77.3,996.4,0.0,18.6,11.6,15.3,N,9.21,3.12,14.18
716822,2023-08-27,2023,SD,2023-08-27 13:10:00,13,10,6,16,3,18,14,19,330,79.9,5,51,0.098,0.1579,68.4,20.2,50.7,996.1,0.0,9.3,5.8,72.0,E,-4.24,-6.83,-1.14
716765,2023-09-01,2023,PHI,2023-09-01 19:10:00,19,7,5,12,3,27,4,12,307,82.4,3,37,0.0811,0.25,68.6,20.3,74.0,996.1,0.0,15.0,9.3,178.0,S,-10.97,-6.81,-13.81
716745,2023-09-02,2023,PHI,2023-09-02 18:15:00,18,7,5,12,4,24,6,19,313,83.6,5,46,0.1087,0.2105,79.4,26.3,44.0,991.6,0.0,22.7,14.1,227.3,SW,0.92,8.63,-6.89
716736,2023-09-03,2023,PHI,2023-09-03 12:05:00,12,2,4,6,4,18,10,13,302,80.9,3,49,0.0612,0.3077,92.2,33.5,36.3,989.0,0.0,23.9,14.9,229.3,SW,1.81,9.86,-6.46
716626,2023-09-11,2023,MIA,2023-09-11 18:40:00,18,12,0,12,1,14,7,23,260,82.6,2,58,0.0345,0.0435,60.3,15.7,92.0,995.5,0.1,11.5,7.1,23.3,NE,4.26,0.35,7.65
716610,2023-09-12,2023,MIA,2023-09-12 18:40:00,18,3,1,4,2,19,7,7,283,79.3,3,37,0.0811,0.2857,59.2,15.1,78.7,995.8,0.0,8.0,5.0,78.7,E,-4.42,-6.42,-1.88
716592,2023-09-13,2023,MIA,2023-09-13 18:40:00,18,0,2,2,0,19,5,15,279,80.6,2,47,0.0426,0.0,56.8,13.8,78.3,997.3,0.0,6.7,4.2,34.3,NE,1.24,-1.09,3.42
716585,2023-09-14,2023,MIA,2023-09-14 13:10:00,13,4,2,6,0,18,3,13,287,80.9,2,45,0.0444,0.0,68.5,20.3,49.3,998.6,0.0,10.6,6.6,127.7,SE,-10.55,-10.37,-9.45
716578,2023-09-15,2023,WSH,2023-09-15 19:10:00,19,5,3,8,4,17,7,13,295,81.1,4,44,0.0909,0.3077,63.6,17.5,74.3,995.1,0.0,14.1,8.7,174.0,S,-10.94,-7.25,-13.3
716559,2023-09-16,2023,WSH,2023-09-16 18:10:00,18,9,5,14,3,16,8,23,359,78.6,4,56,0.0714,0.1304,62.5,16.9,79.0,992.2,4.8,7.7,4.8,353.6,N,5.99,3.99,7.26
716543,2023-09-17,2023,WSH,2023-09-17 13:10:00,13,1,2,3,1,15,9,10,353,81.1,2,57,0.0351,0.1,64.8,18.2,65.7,993.2,0.0,18.0,11.2,49.3,NE,-1.36,-7.43,4.87
716423,2023-09-26,2023,STL,2023-09-26 18:40:00,18,1,4,5,1,20,6,10,281,83.0,1,43,0.0233,0.1,63.3,17.4,94.0,997.1,2.9,14.7,9.2,32.3,NE,3.24,-1.87,7.96
716408,2023-09-27,2023,STL,2023-09-27 18:40:00,18,3,2,5,0,14,7,15,304,79.9,1,50,0.02,0.0,62.4,16.9,90.7,996.5,0.2,17.5,10.9,82.3,E,-10.61,-14.73,-5.21
716396,2023-09-28,2023,STL,2023-09-28 15:10:00,15,3,0,3,0,14,7,14,259,80.2,3,47,0.0638,0.0,64.0,17.8,79.0,995.8,0.0,10.1,6.3,72.3,E,-4.65,-7.45,-1.29
716385,2023-09-29,2023,CHC,2023-09-29 19:10:00,19,4,3,7,2,20,9,14,310,82.0,4,48,0.0833,0.1429,62.2,16.8,91.7,997.7,0.0,13.7,8.5,155.3,SE,-12.85,-10.44,-13.7
716373,2023-09-30,2023,CHC,2023-09-30 18:10:00,18,6,10,16,5,20,10,25,331,83.6,6,58,0.1034,0.2,68.5,20.3,76.3,999.4,0.0,10.4,6.4,174.7,S,-7.98,-5.24,-9.76
716364,2023-10-01,2023,CHC,2023-10-01 14:10:00,14,4,0,4,1,21,8,11,274,82.9,2,40,0.05,0.0909,78.5,25.8,62.3,1000.9,0.0,11.7,7.3,140.7,SE,-11.68,-10.58,-11.37
746009,2024-04-02,2024,MIN,2024-04-02 15:10:00,15,3,2,5,1,16,9,10,277,80.7,1,44,0.0227,0.1,37.2,2.9,98.3,967.0,13.9,28.1,17.4,354.4,N,21.69,14.29,26.47
746008,2024-04-03,2024,MIN,2024-04-03 12:10:00,12,3,7,10,3,15,10,18,339,78.9,5,55,0.0909,0.1667,37.0,2.8,89.7,966.5,0.9,23.4,14.5,18.7,N,10.37,2.58,16.9
746007,2024-04-05,2024,SEA,2024-04-05 19:10:00,19,6,5,11,3,19,8,16,313,85.0,6,48,0.125,0.1875,34.4,1.3,70.3,999.4,0.0,7.0,4.3,1.6,N,4.81,2.78,6.26
746006,2024-04-06,2024,SEA,2024-04-06 18:10:00,18,3,5,8,3,19,7,15,257,83.6,3,48,0.0625,0.2,36.7,2.6,80.3,997.6,0.0,7.6,4.7,59.7,NE,-1.93,-4.34,0.71
746003,2024-04-07,2024,SEA,2024-04-07 13:10:00,13,12,4,16,4,19,5,22,300,83.9,5,53,0.0943,0.1818,44.4,6.9,83.0,990.3,2.8,21.4,13.3,115.7,SE,-20.16,-21.37,-16.53
746002,2024-04-15,2024,SD,2024-04-15 18:40:00,18,3,7,10,1,12,9,22,302,81.7,1,61,0.0164,0.0455,49.3,9.6,67.0,994.0,0.0,10.7,6.6,90.1,E,-7.58,-9.71,-4.54
746004,2024-04-16,2024,SD,2024-04-16 18:40:00,18,3,6,9,1,21,11,17,333,81.4,4,48,0.0833,0.0588,55.8,13.2,72.0,982.8,3.3,35.4,22.0,128.0,SE,-35.14,-34.49,-31.54
746005,2024-04-17,2024,SD,2024-04-17 12:10:00,12,1,0,1,0,14,4,8,238,77.2,0,42,0.0,0.0,66.7,19.3,51.0,978.3,0.3,31.5,19.6,259.0,W,17.64,25.51,7.63
746000,2024-04-26,2024,NYY,2024-04-26 19:10:00,19,7,6,13,5,19,9,16,342,83.5,8,59,0.1356,0.3125,49.3,9.6,84.7,988.9,0.1,26.9,16.7,148.3,SE,-26.17,-22.47,-26.72
745998,2024-04-27,2024,NYY,2024-04-27 18:10:00,18,3,15,18,5,17,9,24,339,84.2,8,61,0.1311,0.2083,69.9,21.1,70.7,988.5,0.0,20.2,12.5,217.3,SW,-2.68,4.31,-9.36
746001,2024-04-28,2024,NYY,2024-04-28 13:10:00,13,5,15,20,4,14,14,29,370,82.8,5,67,0.0746,0.1379,47.8,8.8,87.3,989.6,0.3,19.8,12.3,37.0,NE,2.76,-4.12,9.31
745999,2024-04-29,2024,TB,2024-04-29 18:40:00,18,0,1,1,0,22,5,9,271,84.1,0,37,0.0,0.0,61.0,16.1,59.0,986.4,0.0,19.3,12.0,257.2,W,10.28,15.24,4.07
745997,2024-04-30,2024,TB,2024-04-30 18:40:00,18,8,2,10,2,17,5,15,293,80.5,2,48,0.0417,0.1333,55.2,12.9,74.3,987.5,0.0,13.5,8.4,145.3,SE,-13.31,-11.68,-13.34
745996,2024-05-01,2024,TB,2024-05-01 12:10:00,12,7,1,8,2,15,7,15,292,79.3,4,52,0.0769,0.1333,69.8,21.0,38.3,988.0,0.0,23.2,14.4,286.3,W,20.39,22.97,15.34
745995,2024-05-09,2024,STL,2024-05-09 18:40:00,18,7,1,8,4,21,5,16,282,81.7,5,46,0.1087,0.25,48.7,9.3,85.0,990.4,0.0,12.7,7.9,23.3,NE,4.69,0.37,8.44
745993,2024-05-10,2024,STL,2024-05-10 19:10:00,19,11,2,13,1,14,5,17,297,79.9,2,51,0.0392,0.0588,58.5,14.7,49.7,983.3,0.3,14.2,8.8,213.4,SW,-2.87,2.06,-7.45
745994,2024-05-11,2024,STL,2024-05-11 18:15:00,18,5,3,8,1,20,6,18,312,80.1,4,49,0.0816,0.0556,53.3,11.8,81.0,987.2,0.0,10.4,6.5,97.3,E,-8.25,-9.94,-5.57
745990,2024-05-12,2024,STL,2024-05-12 13:10:00,13,3,4,7,1,13,10,18,298,83.9,1,55,0.0182,0.0556,76.8,24.9,40.3,983.8,0.3,18.3,11.4,196.0,S,-8.9,-2.88,-13.84
745991,2024-05-13,2024,PIT,2024-05-13 18:40:00,18,6,8,14,4,19,5,26,348,84.3,9,61,0.1475,0.1538,50.7,10.4,90.7,986.7,1.6,8.5,5.3,46.9,NE,-0.28,-3.18,2.65
745989,2024-05-14,2024,PIT,2024-05-14 18:40:00,18,4,3,7,3,22,3,13,291,85.1,3,42,0.0714,0.2308,49.9,10.0,66.0,988.5,0.0,20.4,12.7,22.0,N,7.96,1.07,13.89
745992,2024-05-15,2024,PIT,2024-05-15 12:10:00,12,10,2,12,6,17,4,21,279,81.0,5,54,0.0926,0.2857,57.4,14.1,64.7,989.9,0.0,16.0,9.9,45.7,NE,-0.19,-5.64,5.29
745986,2024-05-27,2024,CHC,2024-05-27 15:10:00,15,5,1,6,1,20,4,11,255,82.2,1,42,0.0238,0.0909,67.0,19.4,60.3,984.2,0.2,12.2,7.6,308.2,NW,12.15,11.91,10.92
745987,2024-05-28,2024,CHC,2024-05-28 18:40:00,18,3,6,9,1,30,9,12,334,80.9,2,41,0.0488,0.0833,54.6,12.6,94.0,993.4,5.5,12.2,7.6,15.0,N,6.08,2.11,9.32
745988,2024-05-29,2024,CHC,2024-05-29 18:40:00,18,10,6,16,4,7,5,19,285,81.8,8,64,0.125,0.2105,51.4,10.8,58.0,1000.0,0.0,8.6,5.3,20.0,N,3.62,0.75,6.06
745985,2024-05-30,2024,CHC,2024-05-30 12:10:00,12,6,4,10,4,13,4,18,271,81.8,6,53,0.1132,0.2222,60.8,16.0,42.7,1001.2,0.0,9.8,6.1,89.0,E,-6.83,-8.84,-4.0
745983,2024-05-31,2024,CWS,2024-05-31 19:10:00,19,12,5,17,1,21,7,32,336,81.5,3,60,0.05,0.0312,59.8,15.5,64.3,997.4,0.0,11.1,6.9,153.0,SE,-10.53,-8.72,-11.06
745980,2024-06-01,2024,CWS,2024-06-01 15:10:00,15,4,3,7,2,22,5,15,310,82.8,3,50,0.06,0.1333,57.5,14.2,96.7,991.0,4.2,10.1,6.3,111.6,E,-9.24,-10.05,-7.32
745984,2024-06-02,2024,CWS,2024-06-02 13:10:00,13,6,3,9,2,18,7,14,286,82.3,4,43,0.093,0.1429,70.9,21.6,63.7,992.4,0.0,12.7,7.9,100.0,E,-10.4,-12.27,-7.28
745982,2024-06-10,2024,TOR,2024-06-10 19:10:00,19,3,1,4,3,13,2,10,245,81.8,3,46,0.0652,0.3,52.2,11.2,73.7,992.7,0.0,6.3,3.9,75.0,E,-3.13,-4.8,-1.09
745981,2024-06-11,2024,TOR,2024-06-11 19:10:00,19,0,3,3,0,18,8,14,286,81.8,3,50,0.06,0.0,61.9,16.6,65.7,989.7,0.0,13.3,8.2,159.3,S,-12.09,-9.49,-13.23
745978,2024-06-12,2024,TOR,2024-06-12 13:10:00,13,5,4,9,2,16,7,18,267,82.1,4,51,0.0784,0.1111,86.2,30.1,32.7,988.3,0.0,12.7,7.9,219.3,SW,-1.26,3.15,-5.52
745979,2024-06-14,2024,CIN,2024-06-14 19:10:00,19,5,6,11,3,15,10,18,326,84.1,3,57,0.0526,0.1667,61.3,16.3,56.0,995.9,0.0,10.5,6.5,24.0,NE,3.77,0.18,6.91
745976,2024-06-15,2024,CIN,2024-06-15 15:10:00,15,3,1,4,1,15,6,9,262,83.1,1,43,0.0233,0.1111,72.7,22.6,54.3,993.4,0.0,18.8,11.7,132.3,SE,-18.81,-17.98,-17.38
745977,2024-06-16,2024,CIN,2024-06-16 13:10:00,13,5,4,9,3,19,7,16,278,82.0,4,47,0.0851,0.1875,88.0,31.1,49.3,986.6,0.0,21.4,13.3,205.3,SW,-7.21,0.13,-13.68
745974,2024-06-24,2024,TEX,2024-06-24 19:10:00,19,6,3,9,2,17,12,15,349,82.8,2,47,0.0426,0.1333,70.8,21.5,63.7,987.7,0.0,17.3,10.8,159.0,S,-15.83,-12.46,-17.29
745973,2024-06-25,2024,TEX,2024-06-25 19:10:00,19,3,1,4,1,12,5,13,267,82.3,1,51,0.0196,0.0769,80.3,26.8,70.7,985.7,0.0,11.1,6.9,278.7,W,8.92,10.62,6.13
745975,2024-06-26,2024,TEX,2024-06-26 13:10:00,13,6,5,11,4,19,7,21,302,84.2,3,59,0.0508,0.1905,83.1,28.4,32.7,986.5,0.0,16.2,10.1,338.7,N,14.87,11.74,16.2
745970,2024-06-28,2024,CHC,2024-06-28 19:10:00,19,4,2,6,2,19,4,10,269,83.5,4,40,0.1,0.2,70.7,21.5,91.7,984.8,0.9,14.7,9.1,178.0,S,-10.75,-6.67,-13.53
745972,2024-06-29,2024,CHC,2024-06-29 15:10:00,15,3,5,8,2,17,7,19,291,80.6,2,51,0.0392,0.1053,85.6,29.8,41.3,988.5,0.0,23.4,14.5,280.0,W,19.14,22.57,13.4
745971,2024-06-30,2024,CHC,2024-06-30 13:10:00,13,7,1,8,3,15,7,12,282,81.7,3,47,0.0638,0.25,62.2,16.8,61.3,1003.6,0.0,15.8,9.8,66.0,NE,-5.66,-10.37,-0.28
745968,2024-07-09,2024,PIT,2024-07-09 19:10:00,19,2,12,14,5,19,9,18,306,83.3,4,52,0.0769,0.2778,69.5,20.8,91.0,989.0,0.0,3.7,2.3,52.4,NE,-0.48,-1.72,0.82
745969,2024-07-10,2024,PIT,2024-07-10 19:10:00,19,9,0,9,2,12,7,18,292,81.8,3,55,0.0545,0.1111,65.5,18.6,86.7,992.6,0.0,5.5,3.4,26.3,NE,1.77,-0.13,3.46
745967,2024-07-11,2024,PIT,2024-07-11 13:10:00,13,0,1,1,0,23,5,8,264,80.3,0,39,0.0,0.0,72.7,22.6,71.0,996.3,0.0,10.7,6.7,78.3,E,-5.9,-8.61,-2.48
745965,2024-07-12,2024,WSH,2024-07-12 19:10:00,19,2,5,7,1,22,5,16,319,81.5,3,45,0.0667,0.0625,69.4,20.8,70.7,997.2,0.0,7.0,4.3,170.0,S,-5.73,-4.01,-6.76
745963,2024-07-13,2024,WSH,2024-07-13 15:10:00,15,5,6,11,2,18,8,18,330,82.6,2,51,0.0392,0.1111,82.6,28.1,63.7,995.0,0.0,14.1,8.8,156.4,SE,-13.13,-10.58,-14.1
745962,2024-07-14,2024,WSH,2024-07-14 13:10:00,13,9,3,12,3,21,8,19,299,82.5,4,46,0.087,0.1579,89.7,32.0,51.0,989.0,0.0,19.7,12.2,268.3,W,13.52,17.6,7.8
745964,2024-07-26,2024,MIA,2024-07-26 19:10:00,19,2,6,8,4,16,6,18,306,81.9,6,55,0.1091,0.2222,66.2,19.0,79.0,997.5,0.0,7.4,4.6,139.5,SE,-7.38,-6.73,-7.13
745966,2024-07-27,2024,MIA,2024-07-27 18:10:00,18,3,7,10,2,15,8,19,331,81.2,6,52,0.1154,0.1053,73.2,22.9,60.0,994.5,0.0,12.5,7.7,159.6,S,-11.33,-8.87,-12.43
745961,2024-07-28,2024,MIA,2024-07-28 13:10:00,13,6,2,8,3,20,8,16,307,79.6,3,44,0.0682,0.1875,78.9,26.0,75.0,991.2,1.9,16.4,10.2,171.7,S,-13.13,-8.99,-15.68
745959,2024-07-29,2024,ATL,2024-07-29 19:10:00,19,8,3,11,6,19,5,15,265,82.2,5,46,0.1087,0.4,70.9,21.6,96.7,986.8,0.2,2.5,1.5,274.1,W,1.86,2.3,1.2
745958,2024-07-30,2024,ATL,2024-07-30 19:10:00,19,1,5,6,1,18,6,20,291,84.1,2,54,0.037,0.05,77.1,25.1,74.7,987.4,0.0,6.6,4.1,185.0,S,-4.22,-2.25,-5.69
745960,2024-07-31,2024,ATL,2024-07-31 13:10:00,13,2,6,8,4,23,8,16,322,80.0,5,47,0.1064,0.25,88.9,31.6,54.3,990.0,0.0,8.4,5.2,295.0,NW,7.89,8.4,6.43
745957,2024-08-09,2024,CIN,2024-08-09 19:10:00,19,8,3,11,4,18,6,16,275,83.5,4,48,0.0833,0.25,62.4,16.9,63.3,993.8,0.0,13.4,8.3,269.3,W,9.34,12.05,5.5
745955,2024-08-10,2024,CIN,2024-08-10 18:10:00,18,1,0,1,1,22,0,5,244,82.2,1,34,0.0294,0.2,67.7,19.8,49.7,994.7,0.0,15.1,9.4,270.6,W,10.78,13.75,6.52
745956,2024-08-11,2024,CIN,2024-08-11 13:10:00,13,3,4,7,2,19,9,10,278,81.9,3,43,0.0698,0.2,76.8,24.9,38.0,995.4,0.0,18.3,11.4,298.3,NW,17.5,18.24,14.65
745953,2024-08-12,2024,LAD,2024-08-12 19:10:00,19,2,5,7,3,19,6,12,290,82.5,3,46,0.0652,0.25,68.6,20.3,70.7,996.1,0.0,6.5,4.1,207.0,SW,-2.02,0.23,-4.02
745954,2024-08-13,2024,LAD,2024-08-13 19:10:00,19,2,7,9,5,16,0,19,300,81.9,5,58,0.0862,0.2632,68.7,20.4,81.0,997.5,0.0,6.5,4.1,156.4,SE,-6.08,-4.9,-6.53
745951,2024-08-14,2024,LAD,2024-08-14 19:10:00,19,5,4,9,1,19,7,14,316,80.8,2,46,0.0435,0.0714,68.5,20.3,89.3,996.3,0.0,6.8,4.2,102.0,E,-5.68,-6.59,-4.07
745950,2024-08-15,2024,LAD,2024-08-15 13:10:00,13,6,4,10,2,14,6,17,295,83.0,4,52,0.0769,0.1176,68.7,20.4,87.7,990.3,2.0,22.8,14.1,151.7,SE,-21.81,-18.26,-22.73
745949,2024-08-16,2024,CLE,2024-08-16 19:10:00,19,5,3,8,3,19,6,13,298,80.4,3,45,0.0667,0.2308,70.8,21.5,85.0,984.3,0.0,15.4,9.6,244.7,SW,5.21,9.86,-0.08
745952,2024-08-17,2024,CLE,2024-08-17 18:15:00,18,2,1,3,2,17,3,8,245,78.7,2,39,0.0513,0.25,70.6,21.5,84.7,987.4,0.2,8.3,5.2,333.0,NW,7.9,6.54,8.29
745948,2024-08-18,2024,CLE,2024-08-18 13:10:00,13,2,0,2,0,13,2,8,223,80.5,0,43,0.0,0.0,74.3,23.5,70.3,992.3,0.3,17.9,11.1,31.3,NE,4.22,-1.97,9.9
745946,2024-08-27,2024,SF,2024-08-27 19:10:00,19,4,5,9,5,18,8,13,345,84.4,7,51,0.1373,0.3846,81.4,27.5,71.3,992.5,0.0,7.5,4.7,312.4,NW,7.53,7.19,6.96
745943,2024-08-28,2024,SF,2024-08-28 19:10:00,19,5,3,8,1,21,8,14,314,80.5,3,40,0.075,0.0714,65.7,18.7,87.7,998.5,0.0,17.0,10.6,36.0,NE,2.66,-3.25,8.26
745945,2024-08-29,2024,SF,2024-08-29 13:10:00,13,6,0,6,1,22,10,10,280,82.6,2,37,0.0541,0.1,76.6,24.8,71.0,997.9,0.0,13.9,8.6,109.3,E,-12.5,-13.8,-9.69
745947,2024-09-02,2024,STL,2024-09-02 13:10:00,13,9,3,12,5,17,13,13,328,82.8,4,45,0.0889,0.3846,72.7,22.6,37.3,1003.2,0.0,13.1,8.2,104.7,E,-11.34,-12.92,-8.38
745944,2024-09-03,2024,STL,2024-09-03 18:40:00,18,4,7,11,3,30,5,14,377,81.1,2,57,0.0351,0.2143,64.8,18.2,55.7,1001.7,0.0,11.4,7.1,158.7,S,-10.41,-8.22,-11.34
745938,2024-09-04,2024,STL,2024-09-04 18:40:00,18,2,3,5,1,25,8,11,328,80.8,2,47,0.0426,0.0909,67.9,19.9,59.3,999.7,0.0,10.6,6.6,159.0,S,-9.69,-7.63,-10.57
745941,2024-09-06,2024,COL,2024-09-06 17:10:00,17,2,3,5,1,21,8,7,278,80.9,1,38,0.0263,0.1429,61.6,16.5,51.7,998.3,0.0,15.5,9.7,4.3,N,10.13,5.49,13.54
745942,2024-09-07,2024,COL,2024-09-07 18:10:00,18,5,2,7,5,20,2,16,259,80.3,7,45,0.1556,0.3125,55.2,12.9,55.7,998.6,0.0,7.1,4.4,295.2,NW,6.71,7.13,5.48
745940,2024-09-08,2024,COL,2024-09-08 13:10:00,13,1,4,5,2,13,2,15,266,81.9,3,56,0.0536,0.1333,73.8,23.2,36.0,995.6,0.0,20.4,12.7,271.0,W,14.67,18.64,8.94
745939,2024-09-16,2024,PHI,2024-09-16 18:40:00,18,6,2,8,1,15,6,19,318,82.3,0,51,0.0,0.0526,69.9,21.1,59.0,997.2,0.0,9.0,5.6,150.3,SE,-8.71,-7.37,-9.0
745935,2024-09-17,2024,PHI,2024-09-17 18:40:00,18,1,5,6,2,25,3,15,285,80.8,3,42,0.0714,0.1333,67.6,19.8,75.7,994.5,0.0,6.5,4.0,97.6,E,-5.14,-6.17,-3.48
745933,2024-09-18,2024,PHI,2024-09-18 18:40:00,18,2,1,3,2,28,6,9,290,81.4,1,33,0.0303,0.2222,65.8,18.8,84.7,991.8,0.0,6.3,3.9,121.3,SE,-6.15,-6.29,-5.27
745937,2024-09-19,2024,AZ,2024-09-19 18:15:00,18,1,5,6,2,26,4,9,300,79.7,3,38,0.0789,0.2222,71.7,22.0,59.0,987.7,0.0,14.6,9.1,147.7,SE,-14.28,-12.32,-14.51
745934,2024-09-20,2024,AZ,2024-09-20 19:10:00,19,4,7,11,5,20,6,24,332,80.9,6,57,0.1053,0.2083,70.0,21.1,58.0,987.8,0.0,8.5,5.3,288.3,W,7.57,8.41,5.81
745936,2024-09-21,2024,AZ,2024-09-21 18:10:00,18,0,5,5,3,20,6,8,291,80.4,1,41,0.0244,0.375,75.4,24.1,44.3,988.6,0.0,17.3,10.7,191.0,S,-9.67,-4.18,-14.0
745929,2024-09-22,2024,AZ,2024-09-22 13:10:00,13,10,9,19,3,24,10,25,370,82.2,4,51,0.0784,0.12,68.2,20.1,92.7,987.9,7.0,9.8,6.1,21.3,N,3.95,0.63,6.79
745930,2024-09-27,2024,NYM,2024-09-27 19:10:00,19,8,4,12,3,19,9,15,334,83.3,3,47,0.0638,0.2,66.6,19.2,68.0,989.4,0.0,25.6,15.9,36.3,NE,3.87,-5.03,12.3
745931,2024-09-28,2024,NYM,2024-09-28 18:15:00,18,6,0,6,0,29,5,11,273,80.8,0,34,0.0,0.0,64.8,18.2,65.0,991.9,0.0,24.1,15.0,14.0,N,12.43,4.6,18.76
745932,2024-09-29,2024,NYM,2024-09-29 14:10:00,14,0,5,5,1,18,7,15,301,81.1,1,50,0.02,0.0667,68.8,20.5,72.3,994.4,0.0,20.2,12.6,28.7,NE,5.69,-1.29,11.99
778504,2025-03-31,2025,KC,2025-03-31 13:10:00,13,1,11,12,2,18,8,20,327,82.2,2,55,0.0364,0.1,44.5,7.0,41.7,992.2,0.0,12.4,7.7,330.7,NW,11.91,10.05,12.33
778488,2025-04-01,2025,KC,2025-04-01 18:40:00,18,5,0,5,2,17,7,11,281,82.7,3,44,0.0682,0.1818,36.6,2.5,69.7,994.9,0.4,20.3,12.6,94.3,E,-15.42,-19.03,-9.96
778477,2025-04-02,2025,KC,2025-04-02 12:10:00,12,3,2,5,1,31,8,12,354,81.2,1,44,0.0227,0.0833,47.0,8.3,90.3,974.0,2.3,23.4,14.5,147.7,SE,-22.8,-19.67,-23.18
778468,2025-04-03,2025,CIN,2025-04-03 18:40:00,18,1,0,1,0,13,4,7,240,82.5,1,46,0.0217,0.0,43.3,6.3,68.3,996.6,0.0,7.1,4.4,289.3,W,6.4,7.07,4.96
778453,2025-04-04,2025,CIN,2025-04-04 19:10:00,19,3,2,5,1,12,7,10,270,82.4,3,49,0.0612,0.1,37.9,3.3,84.7,998.8,0.3,11.6,7.2,25.7,NE,3.85,-0.14,7.37
778439,2025-04-05,2025,CIN,2025-04-05 18:10:00,18,7,11,18,4,18,6,26,309,84.5,4,60,0.0667,0.1538,42.8,6.0,58.3,996.4,0.0,9.7,6.0,310.4,NW,9.64,9.32,8.79
778421,2025-04-06,2025,CIN,2025-04-06 13:10:00,13,8,2,10,3,16,6,13,292,80.5,3,47,0.0638,0.2308,46.1,7.8,43.7,994.7,0.0,6.5,4.1,132.3,SE,-6.53,-6.24,-6.03
778323,2025-04-14,2025,DET,2025-04-14 18:40:00,18,1,9,10,1,20,4,14,280,79.7,2,50,0.04,0.0714,50.4,10.2,52.3,984.7,0.0,23.4,14.5,281.7,W,19.52,22.74,13.95
778310,2025-04-15,2025,DET,2025-04-15 18:40:00,18,5,0,5,1,15,8,10,310,81.0,5,47,0.1064,0.1,44.5,7.0,54.0,992.6,0.0,13.0,8.1,330.7,NW,12.48,10.53,12.93
778295,2025-04-16,2025,DET,2025-04-16 12:10:00,12,5,1,6,4,20,6,15,266,81.5,4,46,0.087,0.2667,43.7,6.5,56.3,997.7,0.0,10.9,6.8,97.7,E,-8.67,-10.41,-5.88
778261,2025-04-18,2025,ATH,2025-04-18 19:10:00,19,5,3,8,0,14,7,18,319,81.7,1,55,0.0182,0.0,62.0,16.7,95.0,982.9,2.7,13.9,8.6,231.5,SW,1.57,6.19,-3.24
778253,2025-04-19,2025,ATH,2025-04-19 18:10:00,18,1,3,4,2,12,1,11,241,83.0,4,51,0.0784,0.1818,47.4,8.5,91.3,999.5,0.0,4.9,3.0,82.0,E,-2.93,-4.08,-1.42
778239,2025-04-20,2025,ATH,2025-04-20 13:10:00,13,14,1,15,2,17,8,21,310,80.5,3,51,0.0588,0.0952,46.3,8.0,74.7,999.3,0.5,18.1,11.3,84.7,E,-11.57,-15.65,-6.1
778080,2025-05-02,2025,CHC,2025-05-02 19:10:00,19,0,10,10,3,16,6,17,292,83.8,6,54,0.1111,0.1765,43.3,6.3,87.0,991.5,0.0,11.6,7.2,55.3,NE,-2.09,-5.87,1.95
778071,2025-05-03,2025,CHC,2025-05-03 18:10:00,18,2,6,8,4,18,4,12,284,81.8,3,46,0.0652,0.3333,43.0,6.1,81.3,994.0,0.0,8.7,5.4,5.7,N,5.49,2.87,7.45
778054,2025-05-04,2025,CHC,2025-05-04 13:10:00,13,4,0,4,0,18,5,11,265,83.1,0,41,0.0,0.0,56.5,13.6,49.7,993.0,0.0,22.1,13.7,28.3,NE,6.34,-1.28,13.2
778042,2025-05-05,2025,HOU,2025-05-05 18:40:00,18,5,1,6,1,14,3,19,279,79.6,2,55,0.0364,0.0526,49.9,10.0,87.7,993.7,0.0,4.3,2.7,20.4,N,1.79,0.35,3.02
778031,2025-05-06,2025,HOU,2025-05-06 18:40:00,18,4,3,7,2,18,7,11,278,79.9,4,43,0.093,0.1818,60.7,15.9,78.3,992.8,0.0,7.0,4.3,142.1,SE,-6.95,-6.23,-6.82
778015,2025-05-07,2025,HOU,2025-05-07 12:10:00,12,1,9,10,2,14,10,12,282,84.3,4,52,0.0769,0.1667,52.6,11.5,59.3,998.1,0.0,20.3,12.6,33.7,NE,3.98,-3.05,10.54
777898,2025-05-16,2025,MIN,2025-05-16 19:10:00,19,0,3,3,0,21,2,14,268,82.5,3,46,0.0652,0.0,69.5,20.8,38.3,971.9,0.0,21.7,13.5,268.3,W,14.87,19.36,8.58
777883,2025-05-17,2025,MIN,2025-05-17 18:15:00,18,0,7,7,2,20,4,21,307,82.7,3,54,0.0556,0.0952,59.4,15.2,58.7,985.0,0.0,19.5,12.1,298.3,NW,18.65,19.43,15.61
777865,2025-05-18,2025,MIN,2025-05-18 13:10:00,13,5,2,7,1,16,6,11,273,81.5,3,47,0.0638,0.0909,50.8,10.5,63.3,993.6,0.0,13.7,8.5,85.0,E,-8.83,-11.89,-4.7
777860,2025-05-19,2025,BAL,2025-05-19 18:40:00,18,5,4,9,2,16,9,17,279,81.3,4,51,0.0784,0.1176,44.5,7.0,79.0,994.6,0.0,14.8,9.2,34.0,NE,2.82,-2.31,7.61
777844,2025-05-20,2025,BAL,2025-05-20 18:40:00,18,5,2,7,3,19,9,15,301,79.2,5,46,0.1087,0.2,45.9,7.7,89.3,985.8,0.5,23.3,14.5,69.0,E,-9.48,-16.19,-1.62
777826,2025-05-21,2025,BAL,2025-05-21 12:10:00,12,4,8,12,2,18,5,21,355,80.5,4,68,0.0588,0.0952,48.5,9.2,88.7,985.6,2.4,19.6,12.2,19.0,N,8.59,2.05,14.1
777764,2025-05-26,2025,BOS,2025-05-26 13:10:00,13,3,2,5,1,19,11,14,298,83.2,2,44,0.0455,0.0714,58.2,14.5,63.3,1004.3,0.0,11.9,7.4,53.0,NE,-1.66,-5.59,2.47
777747,2025-05-27,2025,BOS,2025-05-27 18:40:00,18,5,1,6,1,18,6,14,314,81.8,1,52,0.0192,0.0714,55.3,12.9,61.0,997.4,0.3,14.8,9.2,23.7,NE,5.38,0.34,9.77
777736,2025-05-28,2025,BOS,2025-05-28 12:10:00,12,6,5,11,3,18,10,17,374,81.5,6,59,0.1017,0.1765,57.1,13.9,90.7,995.6,3.7,11.1,6.9,360.0,N,7.83,4.68,10.03
777617,2025-06-06,2025,SD,2025-06-06 19:10:00,19,0,2,2,1,20,9,12,285,78.8,2,44,0.0455,0.0833,58.9,15.0,63.3,992.0,0.0,9.7,6.0,23.7,NE,3.52,0.23,6.38
777597,2025-06-07,2025,SD,2025-06-07 18:35:00,18,4,3,7,1,12,9,16,295,82.5,1,52,0.0192,0.0625,59.8,15.4,73.3,987.6,0.0,8.4,5.2,54.7,NE,-1.41,-4.15,1.5
777586,2025-06-08,2025,SD,2025-06-08 12:05:00,12,0,1,1,1,15,8,7,279,79.5,1,44,0.0227,0.1429,74.5,23.6,54.7,981.7,2.2,18.3,11.4,217.7,SW,-2.31,4.03,-8.37
777575,2025-06-09,2025,ATL,2025-06-09 18:40:00,18,1,7,8,3,22,8,16,288,82.7,4,46,0.087,0.1875,62.9,17.2,55.0,983.0,0.0,14.4,8.9,271.3,W,10.39,13.16,6.37
777568,2025-06-10,2025,ATL,2025-06-10 18:40:00,18,4,1,5,2,22,5,14,286,85.2,4,41,0.0976,0.1429,65.5,18.6,66.7,990.6,0.0,9.5,5.9,148.0,SE,-9.29,-8.0,-9.46
777554,2025-06-11,2025,ATL,2025-06-11 13:10:00,13,2,6,8,3,21,4,15,256,82.7,4,47,0.0851,0.2,87.5,30.8,34.0,991.9,0.0,13.9,8.6,287.3,W,12.27,13.74,9.33
777532,2025-06-12,2025,STL,2025-06-12 18:40:00,18,6,0,6,1,11,5,15,265,84.1,1,49,0.0204,0.0667,57.4,14.1,68.0,995.9,0.0,16.6,10.3,27.7,NE,4.94,-0.77,10.05
777525,2025-06-13,2025,STL,2025-06-13 19:10:00,19,3,2,5,0,19,3,12,286,82.4,2,44,0.0455,0.0,55.7,13.2,78.3,995.1,0.0,11.4,7.1,33.0,NE,2.36,-1.58,6.02
777512,2025-06-14,2025,STL,2025-06-14 15:10:00,15,5,8,13,3,22,10,19,356,80.0,3,50,0.06,0.1579,69.0,20.5,57.0,994.8,0.0,9.8,6.1,61.4,NE,-2.78,-5.83,0.62
777492,2025-06-15,2025,STL,2025-06-15 13:10:00,13,3,2,5,2,18,1,18,268,82.0,3,49,0.0612,0.1111,70.6,21.4,55.0,997.0,0.0,10.2,6.3,70.7,E,-4.42,-7.3,-1.01
777391,2025-06-23,2025,PIT,2025-06-23 18:40:00,18,4,5,9,2,23,4,23,317,81.1,2,50,0.04,0.087,82.6,28.1,64.3,995.6,0.2,8.6,5.3,276.9,W,6.74,8.14,4.53
777374,2025-06-24,2025,PIT,2025-06-24 18:40:00,18,9,3,12,4,16,4,19,315,82.7,4,52,0.0769,0.2105,73.5,23.1,92.0,998.3,3.0,7.9,4.9,105.9,E,-6.9,-7.8,-5.17
777361,2025-06-25,2025,PIT,2025-06-25 13:10:00,13,4,2,6,0,18,6,10,270,82.3,2,44,0.0455,0.0,71.7,22.1,69.7,997.6,0.0,10.8,6.7,56.0,NE,-2.05,-5.55,1.68
777339,2025-06-27,2025,COL,2025-06-27 19:10:00,19,10,6,16,1,15,7,25,290,81.7,3,59,0.0508,0.04,74.2,23.5,71.7,991.1,0.0,11.8,7.3,304.0,NW,11.55,11.62,10.09
777321,2025-06-28,2025,COL,2025-06-28 15:10:00,15,5,0,5,1,14,7,11,262,83.3,1,47,0.0213,0.0909,77.1,25.1,58.7,993.2,0.0,14.9,9.3,118.7,SE,-14.3,-14.87,-12.0
777301,2025-06-29,2025,COL,2025-06-29 13:10:00,13,3,4,7,3,25,7,17,383,82.1,3,56,0.0536,0.1765,91.3,33.0,41.0,990.5,0.0,14.1,8.8,161.3,S,-12.67,-9.76,-14.05
777201,2025-07-07,2025,LAD,2025-07-07 18:40:00,18,9,1,10,2,16,7,15,308,81.5,2,50,0.04,0.1333,66.3,19.1,80.3,995.2,0.0,7.9,4.9,82.7,E,-4.85,-6.7,-2.41
777193,2025-07-08,2025,LAD,2025-07-08 18:40:00,18,3,1,4,2,21,3,12,243,80.1,2,39,0.0513,0.1667,75.6,24.2,79.7,993.1,0.0,8.9,5.5,220.0,SW,-0.77,2.29,-3.75
777175,2025-07-09,2025,LAD,2025-07-09 13:10:00,13,3,2,5,0,21,10,13,324,82.4,2,49,0.0408,0.0,71.1,21.7,76.3,993.9,0.0,11.2,6.9,57.7,NE,-2.45,-6.03,1.43
777149,2025-07-11,2025,WSH,2025-07-11 19:10:00,19,8,3,11,3,10,7,16,252,82.0,4,56,0.0714,0.1875,70.0,21.1,95.3,988.8,19.6,8.1,5.0,112.0,E,-7.46,-8.09,-5.92
777135,2025-07-12,2025,WSH,2025-07-12 15:10:00,15,6,5,11,3,16,6,20,281,82.7,2,52,0.0385,0.15,80.8,27.1,65.3,987.7,0.0,15.2,9.4,265.3,W,9.84,13.21,5.28
777123,2025-07-13,2025,WSH,2025-07-13 13:10:00,13,8,1,9,2,19,5,13,306,81.2,3,46,0.0652,0.1538,79.5,26.4,48.0,993.1,0.0,6.7,4.1,244.7,SW,2.25,4.26,-0.03
777008,2025-07-25,2025,MIA,2025-07-25 15:10:00,15,1,5,6,2,21,9,12,307,83.9,4,45,0.0889,0.1667,77.5,25.3,53.0,994.2,0.0,11.0,6.9,58.7,NE,-2.61,-6.12,1.22
776996,2025-07-26,2025,MIA,2025-07-26 18:10:00,18,4,7,11,4,15,3,22,297,84.8,5,57,0.0877,0.1818,78.6,25.9,82.3,991.3,0.4,7.2,4.5,222.2,SW,-0.36,2.12,-2.8
776978,2025-07-27,2025,MIA,2025-07-27 13:10:00,13,3,2,5,1,17,9,15,281,80.6,3,48,0.0625,0.0667,84.7,29.3,62.3,994.6,0.0,10.8,6.7,132.0,SE,-10.82,-10.36,-9.97
776965,2025-07-28,2025,CHC,2025-07-28 18:40:00,18,8,4,12,3,17,10,16,283,85.1,5,48,0.1042,0.1875,76.3,24.6,77.7,996.1,0.0,8.6,5.4,56.3,NE,-1.7,-4.49,1.3
776956,2025-07-29,2025,CHC,2025-07-29 18:40:00,18,9,3,12,2,13,9,20,302,83.9,6,58,0.1034,0.1,83.5,28.6,61.0,995.5,0.0,3.6,2.3,81.7,E,-2.17,-3.04,-1.04
776929,2025-07-30,2025,CHC,2025-07-30 13:10:00,13,3,10,13,4,19,5,18,306,80.5,5,53,0.0943,0.2222,65.3,18.5,92.7,997.6,10.2,19.0,11.8,22.7,NE,7.23,0.77,12.82
776828,2025-08-08,2025,NYM,2025-08-08 19:10:00,19,3,2,5,3,17,8,9,256,85.0,2,42,0.0476,0.3333,83.0,28.3,63.7,993.1,0.0,14.6,9.1,164.3,S,-12.76,-9.54,-14.44
776817,2025-08-09,2025,NYM,2025-08-09 18:10:00,18,7,4,11,5,18,5,14,293,83.1,5,49,0.102,0.3571,82.3,28.0,67.0,993.3,0.9,11.5,7.1,222.3,SW,-0.55,3.41,-4.44
776799,2025-08-10,2025,NYM,2025-08-10 13:10:00,13,7,6,13,5,13,7,22,318,81.7,3,56,0.0536,0.2273,84.4,29.1,67.3,993.2,0.5,14.3,8.9,172.3,S,-11.37,-7.72,-13.65
776786,2025-08-11,2025,PIT,2025-08-11 18:40:00,18,7,1,8,3,14,4,14,256,82.5,4,49,0.0816,0.2143,78.7,25.9,75.3,992.6,0.0,4.6,2.9,236.7,SW,0.94,2.42,-0.66
776771,2025-08-12,2025,PIT,2025-08-12 18:40:00,18,14,0,14,5,16,6,19,313,80.9,5,56,0.0893,0.2632,72.9,22.7,89.7,989.2,0.0,8.5,5.3,233.7,SW,1.29,4.1,-1.67
776755,2025-08-13,2025,PIT,2025-08-13 13:10:00,13,12,5,17,2,17,11,24,357,82.7,4,57,0.0702,0.0833,76.0,24.4,67.0,992.4,0.2,10.2,6.4,64.0,NE,-3.33,-6.44,0.18
776634,2025-08-22,2025,SF,2025-08-22 19:10:00,19,5,4,9,4,15,9,12,313,81.3,3,47,0.0638,0.3333,71.7,22.0,77.7,992.9,0.0,8.5,5.3,215.3,SW,-1.43,1.53,-4.22
776621,2025-08-23,2025,SF,2025-08-23 18:10:00,18,1,7,8,1,17,8,17,323,81.9,1,53,0.0189,0.0588,66.8,19.3,62.3,990.9,0.0,11.5,7.1,304.3,NW,11.27,11.31,9.86
776608,2025-08-24,2025,SF,2025-08-24 13:10:00,13,3,4,7,2,17,7,18,301,83.5,4,53,0.0755,0.1111,69.7,21.0,47.7,990.3,0.4,21.4,13.3,295.3,NW,20.18,21.43,16.5
776593,2025-08-25,2025,AZ,2025-08-25 18:40:00,18,7,5,12,3,21,4,16,302,80.7,3,46,0.0652,0.1875,62.7,17.1,50.7,996.4,0.0,10.6,6.6,303.7,NW,10.36,10.45,9.03
776586,2025-08-26,2025,AZ,2025-08-26 18:40:00,18,9,8,17,3,23,6,26,369,82.7,5,56,0.0893,0.1154,64.2,17.9,52.7,999.6,0.0,8.6,5.4,177.9,S,-6.33,-3.94,-7.95
776572,2025-08-27,2025,AZ,2025-08-27 18:40:00,18,2,3,5,3,12,3,19,291,82.4,4,57,0.0702,0.1579,68.5,20.3,56.0,996.4,0.0,13.3,8.3,241.0,SW,3.67,7.84,-0.93
776553,2025-08-28,2025,AZ,2025-08-28 13:10:00,13,4,6,10,1,10,7,21,326,80.6,4,64,0.0625,0.0476,69.9,21.0,63.7,997.2,0.0,15.3,9.5,43.7,NE,0.36,-4.91,5.58
776500,2025-09-01,2025,PHI,2025-09-01 15:10:00,15,8,10,18,3,15,11,24,356,85.2,6,61,0.0984,0.125,71.4,21.9,57.3,999.7,0.0,9.5,5.9,78.7,E,-5.28,-7.68,-2.25
776471,2025-09-03,2025,PHI,2025-09-03 18:40:00,18,6,3,9,2,17,8,15,286,83.1,2,44,0.0455,0.1333,61.0,16.1,55.0,985.0,0.0,16.7,10.4,314.3,NW,16.67,15.73,15.59
776459,2025-09-04,2025,PHI,2025-09-04 15:10:00,15,0,2,2,0,20,6,13,299,80.1,1,46,0.0217,0.0,64.0,17.8,35.0,983.2,0.0,20.4,12.7,244.0,SW,6.63,12.82,-0.36
776356,2025-09-12,2025,STL,2025-09-12 19:10:00,19,8,2,10,1,11,8,19,303,82.9,2,57,0.0351,0.0526,67.4,19.7,74.3,996.8,0.0,9.4,5.9,143.3,SE,-9.33,-8.3,-9.24
776339,2025-09-13,2025,STL,2025-09-13 19:15:00,19,9,8,17,2,18,10,22,386,80.8,3,60,0.05,0.0909,64.6,18.1,93.3,994.2,0.0,6.3,3.9,104.0,E,-5.4,-6.18,-3.96
776326,2025-09-14,2025,STL,2025-09-14 13:10:00,13,2,3,5,2,21,7,14,322,78.7,2,46,0.0435,0.1429,73.0,22.8,69.0,995.9,0.0,10.5,6.5,89.7,E,-7.38,-9.49,-4.38
776295,2025-09-16,2025,LAA,2025-09-16 18:40:00,18,9,2,11,3,21,8,16,310,82.1,6,45,0.1333,0.1875,68.4,20.2,72.7,998.7,0.0,4.9,3.0,147.7,SE,-4.78,-4.12,-4.86
776291,2025-09-17,2025,LAA,2025-09-17 18:40:00,18,9,2,11,3,22,6,10,272,82.2,4,39,0.1026,0.3,72.6,22.6,56.7,994.8,0.0,7.4,4.6,156.3,SE,-6.87,-5.54,-7.36
776274,2025-09-18,2025,LAA,2025-09-18 18:40:00,18,5,2,7,1,18,7,16,283,82.1,3,49,0.0612,0.0625,66.9,19.4,87.3,995.3,0.0,10.5,6.5,41.7,NE,0.61,-3.0,4.15
776171,2025-09-26,2025,CIN,2025-09-26 19:10:00,19,1,3,4,0,16,5,12,264,85.5,2,48,0.0417,0.0,61.5,16.4,94.3,990.5,0.0,10.2,6.3,39.7,NE,0.94,-2.57,4.35
776153,2025-09-27,2025,CIN,2025-09-27 18:15:00,18,4,7,11,2,20,10,17,349,82.0,3,52,0.0577,0.1176,71.7,22.0,63.3,990.6,0.0,8.7,5.4,260.6,W,5.06,7.18,2.34
776144,2025-09-28,2025,CIN,2025-09-28 14:10:00,14,4,2,6,3,22,8,12,293,81.8,5,40,0.125,0.25,68.4,20.2,58.3,999.7,0.0,8.5,5.3,88.3,E,-5.81,-7.57,-3.35
