game_pk,game_date,season,away_team,game_start,start_hour,home_runs_scored,away_runs_scored,total_runs,home_runs_hit,strikeouts,walks,hits,total_pitches,avg_exit_velocity,n_barrels,n_bbe,barrel_rate,hr_h_ratio,home_bat_hr,home_bat_k,home_bat_bb,home_bat_h,home_bat_pitches,home_bat_exit_velo,home_bat_bbe,home_bat_hr_h_ratio,away_bat_hr,away_bat_k,away_bat_bb,away_bat_h,away_bat_pitches,away_bat_exit_velo,away_bat_bbe,away_bat_hr_h_ratio,temp_f,temp_c,rhum,pres,prcp,wspd,wspd_mph,wdir,wind_dir_bucket,wind_cf,wind_lcf,wind_rcf,day_night
413748,2015-04-13,2015,MIL,2015-04-13 15:15:00,15,4,5,9,0,12,7,17,268,84.9,0,60,0.0,0.0,0.0,6.0,5.0,9.0,141.0,86.6,32.0,0.0,0.0,6.0,1.0,8.0,127.0,83.2,32.0,0.0,65.1,18.4,48.3,1001.9,0.0,14.6,9.1,357.0,N,-9.75,-12.86,-5.46,day
413776,2015-04-15,2015,MIL,2015-04-15 19:15:00,19,4,2,6,0,10,3,20,265,86.6,1,62,0.0161,0.0,0.0,4.0,1.0,10.0,103.0,88.7,33.0,0.0,0.0,6.0,2.0,10.0,162.0,84.7,36.0,0.0,61.2,16.2,76.3,999.3,0.2,7.0,4.3,105.0,E,-3.48,-1.21,-5.34,night
413786,2015-04-16,2015,MIL,2015-04-16 12:45:00,12,4,0,4,0,15,3,17,281,87.2,1,52,0.0192,0.0,0.0,5.0,2.0,11.0,144.0,88.2,38.0,0.0,0.0,10.0,1.0,6.0,137.0,86.0,30.0,0.0,69.4,20.8,65.7,1001.1,0.0,2.9,1.8,1.9,N,-2.14,-2.7,-1.33,day
413794,2015-04-17,2015,CIN,2015-04-17 19:15:00,19,6,1,7,1,17,4,13,254,85.0,1,48,0.0208,0.0769,0.0,10.0,1.0,7.0,120.0,83.9,26.0,0.0,1.0,7.0,2.0,6.0,134.0,86.0,31.0,0.1667,69.8,21.0,67.0,998.3,0.0,5.6,3.5,108.0,E,-2.53,-0.68,-4.07,night
413809,2015-04-18,2015,CIN,2015-04-18 13:15:00,13,5,2,7,2,7,6,19,257,88.8,2,62,0.0323,0.1053,1.0,2.0,1.0,10.0,125.0,90.1,35.0,0.1,1.0,5.0,3.0,9.0,132.0,87.5,35.0,0.1111,75.3,24.0,56.7,997.0,0.0,12.5,7.8,140.7,SE,1.23,5.41,-3.09,day
413824,2015-04-19,2015,CIN,2015-04-19 19:05:00,19,2,1,3,1,8,2,12,200,85.0,1,54,0.0185,0.0833,1.0,3.0,0.0,4.0,86.0,90.6,29.0,0.25,0.0,5.0,2.0,8.0,114.0,80.9,39.0,0.0,60.8,16.0,93.3,981.5,0.8,12.2,7.6,260.7,W,9.88,6.86,11.71,night
413937,2015-04-27,2015,PHI,2015-04-27 19:15:00,19,1,4,5,0,15,5,16,255,83.2,1,52,0.0192,0.0,0.0,13.0,3.0,5.0,147.0,80.9,25.0,0.0,0.0,2.0,1.0,11.0,108.0,84.8,36.0,0.0,57.6,14.2,51.0,1000.0,0.0,10.9,6.8,34.3,NE,-10.71,-10.76,-9.38,night
413952,2015-04-28,2015,PHI,2015-04-28 19:15:00,19,11,5,16,0,11,8,24,298,85.4,4,63,0.0635,0.0,0.0,4.0,6.0,15.0,172.0,85.3,43.0,0.0,0.0,7.0,2.0,9.0,126.0,85.5,30.0,0.0,60.3,15.7,58.7,997.2,0.0,6.2,3.9,96.7,E,-3.84,-1.95,-5.28,night
413967,2015-04-29,2015,PHI,2015-04-29 19:15:00,19,5,2,7,1,12,6,17,248,87.3,1,55,0.0182,0.0588,0.0,6.0,2.0,9.0,110.0,89.0,30.0,0.0,1.0,6.0,3.0,8.0,138.0,85.8,32.0,0.125,63.0,17.2,59.0,993.5,0.0,3.5,2.2,11.9,N,-2.96,-3.44,-2.12,night
413978,2015-04-30,2015,PHI,2015-04-30 12:45:00,12,9,3,12,2,10,9,20,296,92.2,2,56,0.0357,0.1,1.0,3.0,7.0,12.0,163.0,91.3,18.0,0.0833,1.0,7.0,2.0,8.0,133.0,93.1,17.0,0.125,65.8,18.8,39.3,996.6,0.0,17.0,10.6,357.0,N,-11.4,-15.04,-6.38,day
413992,2015-05-01,2015,PIT,2015-05-01 19:15:00,19,2,1,3,0,22,6,16,314,85.8,1,49,0.0204,0.0,0.0,10.0,4.0,8.0,166.0,87.7,37.0,0.0,0.0,12.0,1.0,8.0,148.0,83.8,33.0,0.0,63.4,17.4,47.3,1001.9,0.0,3.7,2.3,128.9,SE,-0.4,0.9,-1.64,night
414007,2015-05-02,2015,PIT,2015-05-02 13:15:00,13,2,1,3,0,13,9,18,310,83.9,1,67,0.0149,0.0,0.0,6.0,4.0,6.0,131.0,79.7,35.0,0.0,0.0,7.0,2.0,12.0,179.0,87.5,40.0,0.0,74.2,23.5,38.7,1000.4,0.0,9.2,5.7,206.0,SW,8.7,9.2,7.15,day
414022,2015-05-03,2015,PIT,2015-05-03 13:15:00,13,3,2,5,4,20,9,23,434,86.4,5,82,0.061,0.1739,2.0,11.0,4.0,12.0,216.0,87.5,48.0,0.1667,2.0,9.0,4.0,11.0,218.0,85.4,57.0,0.1818,79.8,26.6,39.3,998.1,0.0,18.5,11.5,190.7,S,15.3,17.96,10.81,day
414028,2015-05-04,2015,CHC,2015-05-04 19:10:00,19,10,9,19,3,16,11,23,347,85.0,5,58,0.0862,0.1304,1.0,6.0,4.0,11.0,154.0,83.0,38.0,0.0909,2.0,10.0,7.0,12.0,193.0,87.0,36.0,0.1667,75.6,24.2,52.3,1000.5,0.0,12.4,7.7,171.3,S,7.35,10.32,3.49,night
414040,2015-05-05,2015,CHC,2015-05-05 19:15:00,19,7,4,11,1,14,6,22,307,90.0,6,58,0.1034,0.0455,1.0,2.0,2.0,12.0,127.0,89.1,35.0,0.0833,0.0,12.0,4.0,10.0,180.0,91.2,28.0,0.0,74.2,23.5,54.7,1002.3,0.0,6.6,4.1,141.3,SE,0.73,2.94,-1.57,night
414055,2015-05-06,2015,CHC,2015-05-06 19:15:00,19,5,6,11,2,14,7,19,280,87.2,2,57,0.0351,0.1053,1.0,7.0,3.0,9.0,140.0,87.1,33.0,0.1111,1.0,7.0,3.0,10.0,140.0,87.2,33.0,0.1,74.7,23.7,44.0,998.7,0.0,11.7,7.3,155.7,SE,4.13,7.62,0.14,night
414069,2015-05-07,2015,CHC,2015-05-07 12:45:00,12,5,1,6,0,22,3,16,275,84.1,1,44,0.0227,0.0,0.0,10.0,0.0,10.0,143.0,82.6,26.0,0.0,0.0,12.0,2.0,6.0,132.0,85.6,26.0,0.0,82.0,27.8,45.3,999.0,0.0,18.8,11.7,186.0,S,14.64,17.81,9.7,day
414182,2015-05-15,2015,DET,2015-05-15 19:15:00,19,4,10,14,5,20,7,26,346,90.4,5,58,0.0862,0.1923,2.0,8.0,3.0,9.0,154.0,88.6,29.0,0.2222,3.0,12.0,3.0,17.0,192.0,91.8,36.0,0.1765,72.5,22.5,86.3,998.1,0.0,10.2,6.3,160.3,S,4.35,7.23,0.95,night
414197,2015-05-16,2015,DET,2015-05-16 13:15:00,13,3,4,7,4,23,8,23,378,84.0,5,56,0.0893,0.1739,3.0,13.0,4.0,10.0,180.0,81.9,32.0,0.3,1.0,10.0,4.0,13.0,198.0,85.6,43.0,0.0769,73.3,22.9,77.3,999.0,1.1,15.1,9.4,170.3,S,8.73,12.42,3.99,day
414212,2015-05-17,2015,DET,2015-05-17 19:05:00,19,2,1,3,1,11,6,17,254,80.5,2,54,0.037,0.0588,1.0,4.0,3.0,10.0,119.0,86.1,31.0,0.1,0.0,7.0,2.0,7.0,135.0,75.3,33.0,0.0,76.2,24.6,75.7,998.1,0.0,17.8,11.1,182.0,S,13.02,16.38,8.08,night
414314,2015-05-25,2015,AZ,2015-05-25 15:15:00,15,3,2,5,2,18,7,24,302,82.9,2,59,0.0339,0.0833,1.0,8.0,2.0,15.0,152.0,85.6,36.0,0.0667,1.0,10.0,5.0,9.0,150.0,79.9,32.0,0.1111,81.4,27.4,51.3,997.7,0.0,15.6,9.7,180.3,S,11.09,14.18,6.67,day
414329,2015-05-26,2015,AZ,2015-05-26 19:15:00,19,6,4,10,2,17,6,19,277,89.2,1,52,0.0192,0.1053,1.0,9.0,3.0,8.0,137.0,89.5,25.0,0.125,1.0,8.0,2.0,11.0,140.0,89.0,29.0,0.0909,73.4,23.0,63.3,996.4,0.0,13.4,8.3,191.3,S,11.15,13.02,7.94,night
414344,2015-05-27,2015,AZ,2015-05-27 19:15:00,19,4,3,7,3,11,9,17,309,84.8,2,59,0.0339,0.1765,2.0,5.0,3.0,10.0,175.0,85.8,33.0,0.2,1.0,6.0,5.0,7.0,134.0,83.7,30.0,0.1429,75.0,23.9,64.0,1001.2,0.0,5.7,3.5,1.8,N,-4.13,-5.21,-2.55,night
414373,2015-05-29,2015,LAD,2015-05-29 19:15:00,19,3,0,3,0,15,6,16,275,85.9,1,50,0.02,0.0,0.0,4.0,4.0,10.0,146.0,88.1,34.0,0.0,0.0,11.0,1.0,6.0,129.0,83.1,27.0,0.0,76.3,24.6,76.3,998.5,0.0,6.3,3.9,173.3,S,3.89,5.33,1.97,night
414388,2015-05-30,2015,LAD,2015-05-30 18:15:00,18,1,5,6,1,19,5,15,295,87.1,2,46,0.0435,0.0667,0.0,8.0,2.0,6.0,130.0,87.3,23.0,0.0,1.0,11.0,3.0,9.0,165.0,87.0,31.0,0.1111,68.7,20.4,80.7,997.0,0.0,12.1,7.5,321.7,NW,-1.4,-5.42,2.78,night
414403,2015-05-31,2015,LAD,2015-05-31 13:15:00,13,3,1,4,2,18,10,10,282,87.0,3,38,0.0789,0.2,1.0,6.0,5.0,8.0,135.0,85.0,26.0,0.125,1.0,12.0,5.0,2.0,147.0,89.0,27.0,0.5,59.7,15.4,69.0,1003.2,0.0,9.4,5.8,8.7,N,-7.55,-8.99,-5.19,day
414414,2015-06-01,2015,MIL,2015-06-01 19:10:00,19,0,1,1,0,15,3,14,254,85.3,1,52,0.0192,0.0,0.0,11.0,3.0,8.0,145.0,84.3,27.0,0.0,0.0,4.0,0.0,6.0,109.0,86.1,34.0,0.0,63.4,17.5,73.0,1003.0,0.0,6.0,3.7,321.6,NW,-0.7,-2.71,1.39,night
414428,2015-06-02,2015,MIL,2015-06-02 19:15:00,19,1,0,1,0,12,3,11,235,86.8,1,44,0.0227,0.0,0.0,7.0,2.0,4.0,99.0,84.6,22.0,0.0,0.0,5.0,1.0,7.0,136.0,88.4,29.0,0.0,68.7,20.4,74.0,1000.1,0.0,5.8,3.6,148.0,SE,1.31,3.18,-0.71,night
414443,2015-06-03,2015,MIL,2015-06-03 12:45:00,12,7,4,11,1,12,3,24,241,90.6,1,62,0.0161,0.0417,0.0,7.0,2.0,10.0,125.0,88.2,34.0,0.0,1.0,5.0,1.0,14.0,116.0,93.0,36.0,0.0714,71.5,21.9,65.7,1000.1,0.0,8.0,5.0,176.7,S,5.3,7.01,2.95,day
414559,2015-06-12,2015,KC,2015-06-12 19:15:00,19,4,0,4,0,13,4,13,254,85.2,0,51,0.0,0.0,0.0,7.0,3.0,8.0,140.0,86.1,30.0,0.0,0.0,6.0,0.0,5.0,114.0,84.3,29.0,0.0,82.8,28.2,68.0,994.3,0.0,15.0,9.3,188.0,S,11.95,14.31,8.15,night
414574,2015-06-13,2015,KC,2015-06-13 15:10:00,15,3,2,5,3,17,4,15,278,84.2,3,50,0.06,0.2,1.0,7.0,1.0,10.0,139.0,84.6,32.0,0.1,2.0,10.0,1.0,5.0,139.0,83.7,29.0,0.4,84.9,29.4,59.7,995.8,0.6,15.9,9.9,181.7,S,11.59,14.63,7.15,day
414606,2015-06-15,2015,MIN,2015-06-15 19:15:00,19,3,2,5,2,13,3,14,249,87.9,2,50,0.04,0.1429,2.0,6.0,2.0,9.0,136.0,87.1,34.0,0.2222,0.0,7.0,1.0,5.0,113.0,88.9,27.0,0.0,80.1,26.7,78.3,997.5,0.0,14.2,8.8,215.3,SW,14.0,13.97,12.34,night
414621,2015-06-16,2015,MIN,2015-06-16 12:45:00,12,3,2,5,0,10,6,13,248,85.5,0,51,0.0,0.0,0.0,4.0,4.0,6.0,124.0,84.0,29.0,0.0,0.0,6.0,2.0,7.0,124.0,86.6,36.0,0.0,79.2,26.2,79.3,1001.9,0.6,3.4,2.1,29.4,NE,-3.27,-3.39,-2.76,day
414755,2015-06-26,2015,CHC,2015-06-26 19:15:00,19,3,2,5,1,17,7,18,311,85.6,2,57,0.0351,0.0556,1.0,9.0,3.0,6.0,146.0,85.7,30.0,0.1667,0.0,8.0,3.0,12.0,165.0,85.4,36.0,0.0,70.8,21.6,88.7,994.4,0.2,9.8,6.1,328.0,NW,-2.2,-5.32,1.19,night
414770,2015-06-27,2015,CHC,2015-06-27 18:15:00,18,8,1,9,0,12,10,20,304,87.3,1,54,0.0185,0.0,0.0,4.0,5.0,13.0,160.0,90.5,36.0,0.0,0.0,8.0,3.0,7.0,144.0,83.6,32.0,0.0,75.0,23.9,55.3,998.1,0.0,7.1,4.4,338.7,N,-2.84,-4.88,-0.45,night
414785,2015-06-28,2015,CHC,2015-06-28 19:05:00,19,4,1,5,0,21,4,14,254,84.1,0,44,0.0,0.0,0.0,12.0,0.0,8.0,123.0,88.8,24.0,0.0,0.0,9.0,3.0,6.0,131.0,80.6,32.0,0.0,74.5,23.6,71.3,991.7,6.1,14.5,9.0,199.6,S,13.1,14.44,10.19,night
414806,2015-06-30,2015,CWS,2015-06-30 19:15:00,19,1,2,3,2,28,4,17,349,83.2,1,55,0.0182,0.1176,1.0,14.0,2.0,8.0,158.0,82.1,30.0,0.125,1.0,14.0,2.0,9.0,191.0,84.2,33.0,0.1111,79.9,26.6,65.3,994.3,0.0,8.3,5.2,282.0,W,4.54,1.87,6.65,night
414821,2015-07-01,2015,CWS,2015-07-01 19:15:00,19,1,7,8,2,18,3,19,291,85.8,1,53,0.0189,0.1053,0.0,10.0,1.0,7.0,138.0,83.3,27.0,0.0,2.0,8.0,2.0,12.0,153.0,87.7,37.0,0.1667,74.2,23.5,91.0,994.3,10.9,1.6,1.0,159.0,S,0.65,1.11,0.11,night
414842,2015-07-02,2015,SD,2015-07-02 18:15:00,18,3,5,8,3,21,12,17,373,82.3,3,61,0.0492,0.1765,0.0,12.0,6.0,9.0,198.0,79.2,38.0,0.0,3.0,9.0,4.0,8.0,175.0,85.9,32.0,0.375,75.3,24.1,66.7,994.5,0.0,11.2,6.9,0.7,N,-7.99,-10.17,-4.84,night
414857,2015-07-03,2015,SD,2015-07-03 19:15:00,19,1,2,3,1,14,4,12,251,85.5,1,47,0.0213,0.0833,0.0,4.0,3.0,4.0,123.0,86.2,28.0,0.0,1.0,10.0,1.0,8.0,128.0,84.8,28.0,0.125,75.6,24.2,65.0,995.0,0.0,7.7,4.8,22.0,N,-7.09,-7.69,-5.63,night
414872,2015-07-04,2015,SD,2015-07-04 13:15:00,13,2,1,3,1,13,4,13,259,83.2,1,50,0.02,0.0769,0.0,7.0,1.0,4.0,129.0,85.3,27.0,0.0,1.0,6.0,2.0,9.0,130.0,81.3,30.0,0.1111,81.1,27.3,48.7,998.9,0.0,3.0,1.9,54.7,NE,-2.99,-2.63,-2.98,day
414887,2015-07-05,2015,SD,2015-07-05 13:15:00,13,3,1,4,1,14,3,10,269,86.7,0,45,0.0,0.1,1.0,5.0,0.0,7.0,135.0,89.6,27.0,0.1429,0.0,9.0,3.0,3.0,134.0,83.6,25.0,0.0,83.7,28.7,51.3,1000.6,0.0,7.1,4.4,170.7,S,4.16,5.89,1.93,day
414998,2015-07-17,2015,NYM,2015-07-17 19:15:00,19,3,2,5,2,18,3,14,286,87.7,2,47,0.0426,0.1429,1.0,6.0,2.0,7.0,125.0,86.9,29.0,0.1429,1.0,12.0,1.0,7.0,161.0,88.5,34.0,0.1429,86.3,30.2,69.0,993.3,0.0,10.0,6.2,187.3,S,7.89,9.5,5.33,night
415013,2015-07-18,2015,NYM,2015-07-18 18:15:00,18,12,2,14,3,10,7,27,294,88.2,4,67,0.0597,0.1111,2.0,6.0,3.0,15.0,164.0,87.4,36.0,0.1333,1.0,4.0,3.0,12.0,130.0,89.2,31.0,0.0833,89.8,32.1,59.7,994.9,0.0,10.2,6.3,191.7,S,8.49,9.89,6.07,night
415028,2015-07-19,2015,NYM,2015-07-19 13:15:00,13,1,3,4,1,30,18,29,558,88.2,1,102,0.0098,0.0345,1.0,15.0,3.0,13.0,239.0,90.6,54.0,0.0769,0.0,15.0,10.0,16.0,319.0,86.1,64.0,0.0,86.1,30.1,66.0,997.5,0.0,5.7,3.5,286.4,W,2.73,0.85,4.28,day
414589,2015-07-23,2015,KC,2015-06-14 13:15:00,13,4,3,7,2,10,7,17,292,86.6,6,55,0.1091,0.1176,2.0,4.0,4.0,7.0,143.0,86.2,25.0,0.2857,0.0,6.0,3.0,10.0,149.0,87.1,24.0,0.0,78.5,25.8,77.3,998.6,4.9,13.9,8.6,211.3,SW,13.51,13.82,11.57,day
415084,2015-07-24,2015,ATL,2015-07-24 19:15:00,19,4,2,6,1,14,6,15,253,88.5,3,49,0.0612,0.0667,1.0,6.0,5.0,9.0,144.0,88.1,29.0,0.1111,0.0,8.0,1.0,6.0,109.0,88.9,25.0,0.0,83.1,28.4,64.7,995.9,0.0,6.2,3.9,178.7,S,4.31,5.59,2.51,night
415099,2015-07-25,2015,ATL,2015-07-25 18:15:00,18,1,0,1,0,10,3,9,211,85.3,0,45,0.0,0.0,0.0,4.0,2.0,2.0,109.0,83.9,23.0,0.0,0.0,6.0,0.0,7.0,102.0,86.6,24.0,0.0,86.0,30.0,69.7,996.6,0.1,2.9,1.8,272.8,W,1.93,1.09,2.54,night
415114,2015-07-26,2015,ATL,2015-07-26 13:15:00,13,2,3,5,1,10,8,16,288,84.5,1,59,0.0169,0.0625,0.0,4.0,3.0,8.0,133.0,84.2,32.0,0.0,1.0,6.0,4.0,8.0,155.0,84.7,38.0,0.125,83.3,28.5,78.7,996.2,0.2,11.1,6.9,200.3,S,10.12,11.1,7.92,day
415132,2015-07-27,2015,CIN,2015-07-27 19:15:00,19,4,1,5,1,16,4,12,264,86.9,2,46,0.0435,0.0833,1.0,9.0,0.0,7.0,128.0,87.4,23.0,0.1429,0.0,7.0,3.0,5.0,136.0,86.5,27.0,0.0,85.4,29.7,77.7,997.1,0.3,4.9,3.1,17.9,N,-4.39,-4.9,-3.36,night
415142,2015-07-28,2015,CIN,2015-07-28 19:15:00,19,0,4,4,1,9,3,11,221,85.7,3,54,0.0556,0.0909,0.0,4.0,1.0,4.0,105.0,86.6,35.0,0.0,1.0,5.0,2.0,7.0,116.0,84.7,29.0,0.1429,88.4,31.3,68.3,996.0,0.0,4.5,2.8,215.3,SW,4.4,4.39,3.88,night
415157,2015-07-29,2015,CIN,2015-07-29 19:15:00,19,0,1,1,1,14,5,6,231,87.2,1,44,0.0227,0.1667,0.0,6.0,3.0,4.0,129.0,91.4,25.0,0.0,1.0,8.0,2.0,2.0,102.0,82.4,22.0,0.5,81.9,27.7,51.3,1000.8,0.0,12.1,7.5,342.3,N,-5.56,-8.9,-1.54,night
415173,2015-07-30,2015,COL,2015-07-30 18:15:00,18,9,8,17,4,14,7,30,338,86.5,3,64,0.0469,0.1333,2.0,6.0,4.0,14.0,171.0,86.3,40.0,0.1429,2.0,8.0,1.0,16.0,167.0,86.7,37.0,0.125,84.1,29.0,52.0,1002.0,0.0,6.2,3.8,299.0,NW,1.7,-0.43,3.63,night
415186,2015-07-31,2015,COL,2015-07-31 19:15:00,19,7,0,7,2,16,5,20,293,,0,56,0.0,0.1,2.0,7.0,3.0,14.0,160.0,,0.0,0.1429,0.0,9.0,1.0,6.0,133.0,,0.0,0.0,84.9,29.4,55.3,999.0,0.0,2.5,1.6,249.8,W,2.27,1.77,2.49,night
415201,2015-08-01,2015,COL,2015-08-01 18:15:00,18,2,6,8,3,13,3,19,267,,0,58,0.0,0.1579,1.0,6.0,0.0,8.0,126.0,,0.0,0.125,2.0,7.0,2.0,11.0,141.0,,0.0,0.1818,85.3,29.6,57.7,997.6,0.0,3.6,2.2,179.6,S,2.53,3.25,1.5,night
415216,2015-08-02,2015,COL,2015-08-02 13:15:00,13,3,2,5,1,14,6,14,298,,0,49,0.0,0.0714,1.0,7.0,2.0,9.0,155.0,,0.0,0.1111,0.0,7.0,4.0,5.0,143.0,,0.0,0.0,90.3,32.4,49.0,995.4,0.0,9.4,5.9,227.7,SW,9.42,8.7,9.0,day
415341,2015-08-11,2015,PIT,2015-08-11 19:15:00,19,4,3,7,1,15,4,19,254,86.9,2,54,0.037,0.0526,0.0,4.0,4.0,10.0,129.0,86.9,33.0,0.0,1.0,11.0,0.0,9.0,125.0,87.0,29.0,0.1111,78.4,25.8,57.7,1001.2,0.0,9.0,5.6,354.0,N,-5.68,-7.74,-2.94,night
415356,2015-08-12,2015,PIT,2015-08-12 19:15:00,19,4,2,6,1,18,5,18,283,88.7,1,50,0.02,0.0556,0.0,10.0,2.0,9.0,139.0,89.4,29.0,0.0,1.0,8.0,2.0,9.0,144.0,88.0,28.0,0.1111,77.4,25.2,65.7,1002.3,0.0,6.9,4.3,21.3,N,-6.29,-6.85,-4.97,night
415365,2015-08-13,2015,PIT,2015-08-13 18:15:00,18,5,10,15,1,11,8,22,310,88.3,5,62,0.0806,0.0455,0.0,6.0,5.0,9.0,147.0,85.8,30.0,0.0,1.0,5.0,2.0,13.0,163.0,90.2,39.0,0.0769,83.0,28.3,52.0,1001.7,0.0,4.5,2.8,82.3,E,-3.58,-2.43,-4.3,night
415374,2015-08-14,2015,MIA,2015-08-14 19:15:00,19,3,1,4,1,8,2,14,222,85.8,3,55,0.0545,0.0714,1.0,2.0,1.0,7.0,114.0,88.0,36.0,0.1429,0.0,6.0,1.0,7.0,108.0,82.9,27.0,0.0,79.7,26.5,66.7,1002.7,0.0,5.8,3.6,124.7,SE,-1.05,0.98,-2.95,night
415389,2015-08-15,2015,MIA,2015-08-15 18:15:00,18,6,2,8,3,12,2,22,253,88.4,5,57,0.0877,0.1364,2.0,6.0,1.0,13.0,130.0,89.5,35.0,0.1538,1.0,6.0,1.0,9.0,123.0,87.3,34.0,0.1111,84.6,29.2,56.0,1001.5,0.0,5.4,3.3,162.0,S,2.44,3.93,0.65,night
415404,2015-08-16,2015,MIA,2015-08-16 13:15:00,13,4,6,10,3,15,3,16,283,85.8,4,55,0.0727,0.1875,3.0,9.0,2.0,6.0,148.0,85.6,29.0,0.5,0.0,6.0,1.0,10.0,135.0,85.9,28.0,0.0,86.1,30.1,54.0,1002.1,0.0,9.0,5.6,172.3,S,5.46,7.58,2.68,day
415421,2015-08-17,2015,SF,2015-08-17 19:09:00,19,2,1,3,1,14,8,12,267,87.9,3,47,0.0638,0.0833,1.0,6.0,5.0,6.0,148.0,89.6,28.0,0.1667,0.0,8.0,2.0,6.0,119.0,86.2,26.0,0.0,80.0,26.7,69.3,996.7,0.0,9.5,5.9,158.0,S,3.7,6.46,0.5,night
415434,2015-08-18,2015,SF,2015-08-18 19:15:00,19,0,2,2,0,19,8,8,303,88.2,2,42,0.0476,0.0,0.0,11.0,2.0,2.0,146.0,87.8,25.0,0.0,0.0,8.0,5.0,6.0,157.0,88.6,27.0,0.0,80.0,26.7,71.0,991.0,0.2,10.6,6.6,173.3,S,6.55,8.99,3.32,night
415449,2015-08-19,2015,SF,2015-08-19 18:15:00,18,4,3,7,2,15,4,17,252,88.9,2,51,0.0392,0.1176,2.0,7.0,2.0,9.0,127.0,91.0,28.0,0.2222,0.0,8.0,2.0,8.0,125.0,86.8,27.0,0.0,69.2,20.7,58.3,993.5,0.0,13.1,8.1,285.3,W,6.47,2.19,9.96,night
415614,2015-08-31,2015,WSH,2015-08-31 19:15:00,19,8,5,13,1,17,11,21,307,90.0,2,51,0.0392,0.0476,0.0,5.0,3.0,13.0,148.0,87.1,38.0,0.0,1.0,12.0,7.0,8.0,159.0,94.5,25.0,0.125,81.7,27.6,63.0,999.5,0.0,11.0,6.8,174.0,S,6.92,9.43,3.58,night
415629,2015-09-01,2015,WSH,2015-09-01 19:15:00,19,8,5,13,2,13,10,20,327,88.2,4,61,0.0656,0.1,1.0,5.0,7.0,8.0,164.0,86.7,33.0,0.125,1.0,8.0,2.0,12.0,163.0,89.4,38.0,0.0833,83.5,28.6,56.3,1000.6,0.0,8.3,5.1,189.0,S,6.69,7.95,4.62,night
415644,2015-09-02,2015,WSH,2015-09-02 19:15:00,19,3,4,7,4,26,2,24,303,88.3,4,52,0.0769,0.1667,1.0,16.0,0.0,16.0,160.0,88.6,31.0,0.0625,3.0,10.0,2.0,8.0,143.0,87.9,28.0,0.375,84.3,29.1,54.7,998.3,0.0,4.9,3.1,214.0,SW,4.84,4.87,4.23,night
415661,2015-09-04,2015,PIT,2015-09-04 19:15:00,19,3,9,12,0,20,4,25,337,86.7,2,58,0.0345,0.0,0.0,9.0,1.0,8.0,166.0,88.2,29.0,0.0,0.0,11.0,3.0,17.0,171.0,85.6,37.0,0.0,85.3,29.6,56.0,998.5,0.0,5.5,3.4,163.0,S,2.58,4.09,0.76,night
415676,2015-09-05,2015,PIT,2015-09-05 15:05:00,15,4,1,5,1,18,8,12,279,87.3,4,46,0.087,0.0833,1.0,4.0,5.0,6.0,128.0,87.5,31.0,0.1667,0.0,14.0,3.0,6.0,151.0,87.1,24.0,0.0,91.9,33.3,36.7,1000.1,0.0,6.3,3.9,160.2,S,2.68,4.47,0.57,day
415691,2015-09-06,2015,PIT,2015-09-06 19:05:00,19,1,7,8,3,13,6,17,256,86.9,6,55,0.1091,0.1765,0.0,9.0,3.0,4.0,128.0,84.1,27.0,0.0,3.0,4.0,3.0,13.0,128.0,88.9,37.0,0.2308,86.8,30.4,43.3,998.2,0.0,9.8,6.1,158.7,S,3.95,6.79,0.63,night
415698,2015-09-07,2015,CHC,2015-09-07 13:15:00,13,0,9,9,2,17,7,19,283,86.8,3,52,0.0577,0.1053,0.0,8.0,3.0,7.0,133.0,88.6,29.0,0.0,2.0,9.0,4.0,12.0,150.0,85.4,38.0,0.1667,88.1,31.2,51.0,998.9,0.2,6.3,3.9,187.3,S,5.01,6.03,3.38,day
415713,2015-09-08,2015,CHC,2015-09-08 19:15:00,19,5,8,13,3,19,9,19,317,89.3,6,52,0.1154,0.1579,1.0,12.0,5.0,8.0,150.0,89.6,26.0,0.125,2.0,7.0,3.0,11.0,167.0,89.1,36.0,0.1818,75.0,23.9,93.0,994.9,4.4,5.1,3.2,94.0,E,-3.37,-1.84,-4.49,night
415728,2015-09-09,2015,CHC,2015-09-09 12:45:00,12,4,3,7,0,22,4,16,277,87.2,1,45,0.0222,0.0,0.0,8.0,3.0,5.0,130.0,85.5,25.0,0.0,0.0,14.0,1.0,11.0,147.0,88.6,30.0,0.0,76.6,24.8,79.7,997.4,0.2,4.9,3.0,340.3,N,-2.08,-3.46,-0.45,day
415894,2015-09-21,2015,CIN,2015-09-21 19:15:00,19,2,1,3,0,14,3,16,235,88.0,3,50,0.06,0.0,0.0,7.0,1.0,8.0,113.0,88.8,27.0,0.0,0.0,7.0,2.0,8.0,122.0,87.4,34.0,0.0,70.0,21.1,52.7,1000.5,0.0,7.6,4.7,151.7,SE,2.18,4.54,-0.44,night
415904,2015-09-22,2015,CIN,2015-09-22 19:15:00,19,3,1,4,1,15,7,18,305,86.4,3,50,0.06,0.0556,0.0,4.0,4.0,7.0,158.0,89.8,30.0,0.0,1.0,11.0,1.0,11.0,147.0,82.8,28.0,0.0909,73.6,23.1,52.7,1003.1,0.0,5.9,3.7,140.0,SE,0.51,2.49,-1.53,night
415919,2015-09-23,2015,CIN,2015-09-23 19:15:00,19,10,2,12,5,15,4,19,270,87.8,7,53,0.1321,0.2632,4.0,8.0,4.0,13.0,144.0,86.6,32.0,0.3077,1.0,7.0,0.0,6.0,126.0,89.1,26.0,0.1667,74.7,23.7,50.7,1002.9,0.0,6.3,3.9,100.3,E,-3.58,-1.59,-5.14,night
415932,2015-09-24,2015,MIL,2015-09-24 18:15:00,18,7,3,10,2,15,6,21,299,84.7,3,53,0.0566,0.0952,2.0,9.0,3.0,12.0,142.0,85.7,31.0,0.1667,0.0,6.0,3.0,9.0,157.0,83.8,38.0,0.0,78.0,25.5,46.7,1002.6,0.0,3.4,2.1,63.0,NE,-3.27,-2.71,-3.43,night
415946,2015-09-25,2015,MIL,2015-09-25 19:15:00,19,3,4,7,1,22,3,18,268,87.7,2,47,0.0426,0.0556,0.0,13.0,2.0,9.0,143.0,88.9,21.0,0.0,1.0,9.0,1.0,9.0,125.0,86.8,30.0,0.1111,75.7,24.3,46.3,1001.2,0.0,7.4,4.6,48.3,NE,-7.39,-6.79,-7.09,night
415961,2015-09-26,2015,MIL,2015-09-26 18:15:00,18,5,1,6,0,15,5,15,255,87.9,0,48,0.0,0.0,0.0,5.0,5.0,8.0,145.0,89.3,30.0,0.0,0.0,10.0,0.0,7.0,110.0,86.4,27.0,0.0,72.7,22.6,63.7,1001.0,0.0,3.2,2.0,70.7,E,-2.85,-2.21,-3.15,night
415976,2015-09-27,2015,MIL,2015-09-27 13:15:00,13,4,8,12,5,14,9,19,297,87.3,10,58,0.1724,0.2632,2.0,6.0,4.0,10.0,159.0,86.6,38.0,0.2,3.0,8.0,3.0,9.0,138.0,88.1,32.0,0.3333,73.0,22.8,76.7,999.9,0.2,4.2,2.6,121.3,SE,-0.99,0.46,-2.33,day
446964,2016-04-11,2016,MIL,2016-04-11 15:15:00,15,10,1,11,1,17,5,25,311,88.1,4,57,0.0702,0.04,0.0,7.0,2.0,19.0,170.0,88.4,53.0,0.0,1.0,10.0,3.0,6.0,141.0,87.7,35.0,0.1667,56.4,13.5,39.0,1000.0,0.0,16.0,9.9,333.7,NW,-5.11,-9.98,0.37,day
446975,2016-04-13,2016,MIL,2016-04-13 19:15:00,19,4,6,10,2,15,5,15,283,83.4,5,53,0.0943,0.1333,1.0,5.0,2.0,6.0,138.0,81.4,36.0,0.1667,1.0,10.0,3.0,9.0,145.0,85.3,39.0,0.1111,56.7,13.7,48.3,1003.3,0.0,7.7,4.8,86.0,E,-5.84,-3.75,-7.22,night
446991,2016-04-14,2016,MIL,2016-04-14 12:45:00,12,7,0,7,2,22,4,12,255,87.0,2,40,0.05,0.1667,2.0,9.0,3.0,11.0,151.0,87.3,40.0,0.1818,0.0,13.0,1.0,1.0,104.0,86.3,22.0,0.0,66.1,18.9,42.0,1003.2,0.0,10.4,6.5,90.0,E,-7.35,-4.4,-9.43,day
447011,2016-04-15,2016,CIN,2016-04-15 19:15:00,19,14,3,17,7,12,5,20,262,87.3,7,61,0.1148,0.35,6.0,5.0,4.0,13.0,151.0,89.4,41.0,0.4615,1.0,7.0,1.0,7.0,111.0,84.9,36.0,0.1429,66.6,19.2,51.0,1001.0,0.0,9.8,6.1,127.0,SE,-1.36,2.03,-4.59,night
447026,2016-04-16,2016,CIN,2016-04-16 13:15:00,13,8,9,17,3,9,9,25,305,85.3,5,70,0.0714,0.12,2.0,5.0,6.0,10.0,167.0,85.7,49.0,0.2,1.0,4.0,2.0,15.0,138.0,85.0,43.0,0.0667,73.8,23.2,48.3,1005.5,0.0,19.6,12.2,139.7,SE,1.6,8.19,-5.19,day
447041,2016-04-17,2016,CIN,2016-04-17 13:15:00,13,4,3,7,2,13,4,15,261,83.7,3,52,0.0577,0.1333,2.0,3.0,3.0,7.0,139.0,84.7,38.0,0.2857,0.0,10.0,0.0,8.0,122.0,82.5,32.0,0.0,77.3,25.2,43.3,1008.5,0.0,16.4,10.2,150.7,SE,4.44,9.58,-1.24,day
447053,2016-04-18,2016,CHC,2016-04-18 19:09:00,19,0,5,5,1,20,3,14,234,85.9,6,47,0.1277,0.0714,0.0,14.0,2.0,5.0,127.0,82.0,30.0,0.0,1.0,6.0,1.0,9.0,107.0,89.0,39.0,0.1111,70.3,21.3,48.7,1004.1,0.0,11.2,7.0,148.0,SE,2.53,6.12,-1.37,night
447060,2016-04-19,2016,CHC,2016-04-19 19:15:00,19,1,2,3,0,24,9,12,295,82.3,1,40,0.025,0.0,0.0,11.0,2.0,7.0,136.0,82.2,37.0,0.0,0.0,13.0,5.0,5.0,159.0,82.5,30.0,0.0,66.2,19.0,76.3,1001.2,0.0,5.7,3.5,143.3,SE,0.82,2.69,-1.15,night
447075,2016-04-20,2016,CHC,2016-04-20 12:45:00,12,5,3,8,2,15,7,14,263,86.6,3,49,0.0612,0.1429,1.0,7.0,2.0,9.0,123.0,85.4,26.0,0.1111,1.0,8.0,4.0,5.0,140.0,87.9,25.0,0.2,64.8,18.2,81.0,998.2,1.0,13.2,8.2,162.3,S,6.08,9.73,1.69,day
447213,2016-04-29,2016,WSH,2016-04-29 19:15:00,19,4,5,9,3,12,4,17,258,86.8,5,56,0.0893,0.1765,1.0,10.0,2.0,10.0,133.0,85.8,37.0,0.1,2.0,2.0,2.0,7.0,125.0,87.8,39.0,0.2857,62.3,16.8,72.7,997.0,0.8,13.0,8.1,87.3,E,-9.59,-6.03,-12.0,night
447228,2016-04-30,2016,WSH,2016-04-30 13:15:00,13,1,6,7,1,17,7,14,273,87.0,1,50,0.02,0.0714,0.0,10.0,2.0,8.0,141.0,86.8,33.0,0.0,1.0,7.0,5.0,6.0,132.0,87.2,30.0,0.1667,67.2,19.5,79.7,990.0,1.9,15.3,9.5,204.7,SW,14.32,15.27,11.64,day
447243,2016-05-01,2016,WSH,2016-05-01 13:15:00,13,1,6,7,4,23,0,17,272,84.9,6,48,0.125,0.2353,1.0,12.0,0.0,6.0,136.0,83.3,36.0,0.1667,3.0,11.0,0.0,11.0,136.0,86.4,38.0,0.2727,68.7,20.4,68.7,996.2,0.1,4.6,2.9,256.0,W,3.94,2.9,4.52,day
447249,2016-05-02,2016,PHI,2016-05-02 19:15:00,19,10,3,13,5,13,5,22,287,85.7,6,60,0.1,0.2273,5.0,7.0,4.0,14.0,146.0,88.2,40.0,0.3571,0.0,6.0,1.0,8.0,141.0,82.9,36.0,0.0,55.6,13.1,71.3,998.9,0.0,9.0,5.6,325.7,NW,-1.67,-4.61,1.46,night
447264,2016-05-03,2016,PHI,2016-05-03 19:15:00,19,0,1,1,1,20,4,8,254,82.9,2,40,0.05,0.125,0.0,11.0,1.0,3.0,144.0,78.9,37.0,0.0,1.0,9.0,3.0,5.0,110.0,87.4,32.0,0.2,58.6,14.8,59.7,996.2,0.0,8.1,5.0,240.2,SW,7.82,6.62,8.07,night
447279,2016-05-04,2016,PHI,2016-05-04 19:15:00,19,5,4,9,2,10,6,16,257,84.8,2,57,0.0351,0.125,0.0,2.0,4.0,10.0,138.0,86.4,40.0,0.0,2.0,8.0,1.0,6.0,119.0,82.8,32.0,0.3333,59.5,15.3,41.0,994.5,0.0,14.4,9.0,333.7,NW,-4.62,-9.02,0.33,night
447291,2016-05-05,2016,PHI,2016-05-05 12:45:00,12,4,0,4,1,10,4,12,250,83.0,2,51,0.0392,0.0833,1.0,4.0,3.0,7.0,127.0,86.1,39.0,0.1429,0.0,6.0,0.0,5.0,123.0,80.2,43.0,0.0,61.0,16.1,48.0,999.6,0.0,19.1,11.9,1.3,N,-13.82,-17.49,-8.47,day
447305,2016-05-06,2016,PIT,2016-05-06 19:15:00,19,2,4,6,2,22,5,15,263,83.1,2,46,0.0435,0.1333,0.0,12.0,2.0,7.0,130.0,85.8,29.0,0.0,2.0,10.0,3.0,8.0,133.0,80.8,33.0,0.25,68.9,20.5,54.3,996.0,0.0,9.1,5.7,233.0,SW,9.04,8.06,8.93,night
447320,2016-05-07,2016,PIT,2016-05-07 13:15:00,13,6,4,10,2,11,6,20,311,82.8,2,61,0.0328,0.1,2.0,2.0,4.0,9.0,149.0,85.9,45.0,0.2222,0.0,9.0,2.0,11.0,162.0,79.2,39.0,0.0,82.4,28.0,43.0,993.5,0.0,18.5,11.5,263.3,W,14.54,9.73,17.59,day
447335,2016-05-08,2016,PIT,2016-05-08 13:15:00,13,5,10,15,3,18,9,24,354,84.0,4,59,0.0678,0.125,1.0,10.0,5.0,10.0,161.0,84.5,42.0,0.1,2.0,8.0,3.0,14.0,193.0,83.6,54.0,0.1429,77.2,25.1,57.3,994.3,0.3,4.9,3.0,142.9,SE,0.67,2.28,-1.02,day
447448,2016-05-17,2016,COL,2016-05-17 19:15:00,19,1,3,4,0,16,7,13,276,86.8,6,51,0.1176,0.0,0.0,7.0,3.0,6.0,141.0,88.2,34.0,0.0,0.0,9.0,4.0,7.0,135.0,85.5,36.0,0.0,52.5,11.4,88.3,1004.1,0.2,10.2,6.3,34.7,NE,-10.04,-10.05,-8.81,night
447463,2016-05-18,2016,COL,2016-05-18 19:15:00,19,2,0,2,0,15,6,13,265,84.2,2,47,0.0426,0.0,0.0,6.0,4.0,7.0,125.0,85.9,36.0,0.0,0.0,9.0,2.0,6.0,140.0,82.7,41.0,0.0,61.3,16.3,57.0,1003.9,0.0,5.6,3.5,5.3,N,-4.31,-5.27,-2.83,night
447477,2016-05-19,2016,COL,2016-05-19 18:15:00,18,13,7,20,2,18,6,21,313,83.8,2,52,0.0385,0.0952,1.0,8.0,4.0,12.0,165.0,85.8,43.0,0.0833,1.0,10.0,2.0,9.0,148.0,81.3,35.0,0.1111,68.4,20.2,44.0,1001.1,0.0,7.3,4.6,85.6,E,-5.57,-3.6,-6.86,night
447486,2016-05-20,2016,AZ,2016-05-20 19:15:00,19,7,11,18,2,14,13,26,371,84.5,5,63,0.0794,0.0769,0.0,9.0,8.0,11.0,182.0,85.5,44.0,0.0,2.0,5.0,4.0,15.0,189.0,83.5,48.0,0.1333,64.6,18.1,62.7,999.4,0.0,9.3,5.8,56.3,NE,-9.12,-7.94,-9.19,night
447501,2016-05-21,2016,AZ,2016-05-21 15:05:00,15,6,2,8,4,15,7,18,319,85.5,4,55,0.0727,0.2222,3.0,8.0,5.0,10.0,181.0,86.9,29.0,0.3,1.0,7.0,1.0,8.0,138.0,83.8,24.0,0.125,73.9,23.3,36.0,1002.2,0.0,11.4,7.1,5.7,N,-8.79,-10.73,-5.8,day
447516,2016-05-22,2016,AZ,2016-05-22 13:15:00,13,2,7,9,1,9,4,19,263,82.6,2,62,0.0323,0.0526,1.0,8.0,2.0,6.0,127.0,83.7,39.0,0.1667,0.0,1.0,2.0,13.0,136.0,81.5,42.0,0.0,78.5,25.8,37.0,1001.4,0.0,5.9,3.7,359.7,N,-4.17,-5.36,-2.48,day
447531,2016-05-23,2016,CHC,2016-05-23 19:15:00,19,4,3,7,2,17,5,14,269,82.9,3,49,0.0612,0.1429,2.0,11.0,1.0,5.0,116.0,89.6,27.0,0.4,0.0,6.0,4.0,9.0,153.0,77.9,36.0,0.0,74.7,23.7,55.0,996.2,0.0,8.4,5.2,188.3,S,6.71,8.02,4.6,night
447542,2016-05-24,2016,CHC,2016-05-24 18:10:00,18,3,12,15,1,15,9,22,336,86.8,3,59,0.0508,0.0455,0.0,5.0,3.0,7.0,133.0,87.1,39.0,0.0,1.0,10.0,6.0,15.0,203.0,86.7,48.0,0.0667,74.8,23.8,78.3,997.5,0.9,9.2,5.7,207.9,SW,8.76,9.15,7.31,night
447557,2016-05-25,2016,CHC,2016-05-25 12:45:00,12,8,9,17,4,19,8,23,339,84.7,3,58,0.0517,0.1739,3.0,7.0,2.0,13.0,155.0,88.7,41.0,0.2308,1.0,12.0,6.0,10.0,184.0,81.0,46.0,0.1,81.1,27.3,65.0,999.1,0.0,17.3,10.7,180.7,S,12.37,15.76,7.49,day
447689,2016-06-03,2016,SF,2016-06-03 19:15:00,19,1,5,6,0,13,9,13,294,84.1,1,53,0.0189,0.0,0.0,4.0,5.0,5.0,145.0,84.1,36.0,0.0,0.0,9.0,4.0,8.0,149.0,84.1,38.0,0.0,68.8,20.5,82.0,998.2,1.0,4.9,3.0,127.7,SE,-0.62,1.08,-2.25,night
447704,2016-06-04,2016,SF,2016-06-04 18:15:00,18,7,4,11,4,9,2,18,258,88.5,4,59,0.0678,0.2222,4.0,3.0,0.0,12.0,124.0,89.4,42.0,0.3333,0.0,6.0,1.0,6.0,134.0,87.5,38.0,0.0,76.7,24.8,66.0,992.1,0.0,9.1,5.7,213.7,SW,8.96,9.03,7.8,night
447719,2016-06-05,2016,SF,2016-06-05 19:05:00,19,6,3,9,1,16,5,16,262,86.1,1,50,0.02,0.0625,0.0,6.0,2.0,10.0,122.0,88.9,31.0,0.0,1.0,10.0,3.0,6.0,140.0,83.5,32.0,0.1667,73.7,23.2,59.3,993.5,0.0,6.1,3.8,281.2,W,3.38,1.45,4.9,night
447832,2016-06-14,2016,HOU,2016-06-14 19:15:00,19,2,5,7,3,14,1,14,207,88.7,2,52,0.0385,0.2143,2.0,9.0,1.0,5.0,102.0,89.7,28.0,0.4,1.0,5.0,0.0,9.0,105.0,87.7,32.0,0.1111,84.8,29.3,62.3,991.0,0.0,10.9,6.8,186.7,S,8.55,10.35,5.72,night
447847,2016-06-15,2016,HOU,2016-06-15 18:15:00,18,1,4,5,1,13,8,17,266,86.9,2,51,0.0392,0.0588,0.0,6.0,2.0,8.0,133.0,86.7,35.0,0.0,1.0,7.0,5.0,9.0,133.0,87.1,35.0,0.1111,94.0,34.4,38.0,992.0,0.0,5.5,3.4,267.4,W,4.08,2.56,5.11,night
447879,2016-06-17,2016,TEX,2016-06-17 19:15:00,19,0,1,1,1,14,5,9,228,84.0,1,47,0.0213,0.1111,0.0,6.0,3.0,3.0,109.0,83.6,32.0,0.0,1.0,8.0,2.0,6.0,119.0,84.4,34.0,0.1667,82.5,28.0,49.3,998.3,0.0,10.6,6.6,53.3,NE,-10.52,-9.36,-10.41,night
447894,2016-06-18,2016,TEX,2016-06-18 15:15:00,15,3,4,7,0,13,5,16,300,85.1,0,53,0.0,0.0,0.0,6.0,3.0,7.0,141.0,85.3,37.0,0.0,0.0,7.0,2.0,9.0,159.0,85.0,45.0,0.0,89.1,31.7,32.7,1003.6,0.0,9.3,5.8,89.3,E,-6.63,-4.01,-8.44,day
447909,2016-06-19,2016,TEX,2016-06-19 13:15:00,13,4,5,9,4,9,6,20,274,86.0,4,61,0.0656,0.2,2.0,2.0,5.0,10.0,139.0,84.5,45.0,0.2,2.0,7.0,0.0,10.0,135.0,88.1,31.0,0.2,88.8,31.6,47.0,1005.6,0.0,11.9,7.4,177.3,S,8.04,10.57,4.53,day
448036,2016-06-29,2016,KC,2016-06-29 19:15:00,19,2,3,5,1,16,10,24,410,82.7,3,82,0.0366,0.0417,1.0,7.0,4.0,10.0,195.0,83.8,54.0,0.1,0.0,9.0,5.0,14.0,215.0,81.7,64.0,0.0,77.6,25.3,39.7,1000.0,0.0,4.1,2.5,49.7,NE,-4.09,-3.73,-3.95,night
448051,2016-06-30,2016,KC,2016-06-30 18:15:00,18,2,4,6,3,18,8,10,303,83.6,4,45,0.0889,0.3,2.0,12.0,7.0,3.0,165.0,80.5,31.0,0.6667,1.0,6.0,1.0,7.0,138.0,86.4,36.0,0.1429,81.1,27.3,63.7,996.1,0.1,8.0,5.0,197.1,S,7.04,7.89,5.34,night
448067,2016-07-01,2016,MIL,2016-07-01 19:15:00,19,7,1,8,1,13,9,15,243,85.9,5,53,0.0943,0.0667,0.0,7.0,5.0,11.0,137.0,84.9,36.0,0.0,1.0,6.0,4.0,4.0,106.0,87.1,27.0,0.25,78.0,25.5,47.0,1000.9,0.0,7.6,4.7,18.3,N,-6.79,-7.55,-5.22,night
448082,2016-07-02,2016,MIL,2016-07-02 13:15:00,13,3,0,3,0,14,6,15,243,81.6,2,47,0.0426,0.0,0.0,7.0,3.0,8.0,119.0,81.7,33.0,0.0,0.0,7.0,3.0,7.0,124.0,81.6,31.0,0.0,65.7,18.7,85.0,1002.9,4.4,9.3,5.8,85.3,E,-7.06,-4.59,-8.69,day
448097,2016-07-03,2016,MIL,2016-07-03 13:15:00,13,9,8,17,2,15,12,27,353,85.9,6,62,0.0968,0.0741,2.0,4.0,8.0,11.0,154.0,87.0,40.0,0.1818,0.0,11.0,4.0,16.0,199.0,85.1,56.0,0.0,69.7,21.0,89.0,996.8,4.1,8.0,5.0,96.0,E,-5.03,-2.6,-6.86,day
448113,2016-07-04,2016,PIT,2016-07-04 13:15:00,13,2,4,6,2,17,5,21,291,83.3,3,55,0.0545,0.0952,0.0,7.0,3.0,10.0,143.0,84.4,38.0,0.0,2.0,10.0,2.0,11.0,148.0,82.4,43.0,0.1818,73.8,23.2,90.7,994.5,0.7,8.7,5.4,287.7,W,3.98,1.1,6.37,day
448128,2016-07-05,2016,PIT,2016-07-05 19:09:00,19,2,5,7,0,15,3,17,289,83.4,1,56,0.0179,0.0,0.0,9.0,3.0,6.0,158.0,83.1,35.0,0.0,0.0,6.0,0.0,11.0,131.0,83.6,45.0,0.0,84.0,28.9,78.0,994.7,0.0,7.2,4.5,173.8,S,4.49,6.13,2.31,night
448143,2016-07-06,2016,PIT,2016-07-06 19:15:00,19,5,7,12,3,17,6,21,319,83.2,6,57,0.1053,0.1429,1.0,7.0,1.0,12.0,151.0,83.0,48.0,0.0833,2.0,10.0,5.0,9.0,168.0,83.4,37.0,0.2222,75.8,24.3,94.0,993.8,0.1,4.6,2.9,106.8,E,-2.18,-0.66,-3.43,night
448153,2016-07-07,2016,PIT,2016-07-07 12:45:00,12,5,1,6,2,15,3,12,254,81.8,4,47,0.0851,0.1667,2.0,5.0,2.0,6.0,115.0,83.7,34.0,0.3333,0.0,10.0,1.0,6.0,139.0,79.8,31.0,0.0,82.8,28.2,75.0,992.7,3.0,21.0,13.0,197.3,S,18.57,20.78,14.12,day
448211,2016-07-15,2016,MIA,2016-07-15 19:15:00,19,6,7,13,4,16,6,23,312,87.7,5,60,0.0833,0.1739,4.0,9.0,2.0,10.0,148.0,89.3,36.0,0.4,0.0,7.0,3.0,13.0,164.0,86.4,45.0,0.0,80.4,26.9,57.0,999.2,0.0,6.4,4.0,30.0,NE,-6.15,-6.34,-5.21,night
448226,2016-07-16,2016,MIA,2016-07-16 18:15:00,18,5,0,5,1,11,5,11,270,86.2,2,50,0.04,0.0909,1.0,6.0,3.0,8.0,150.0,86.5,41.0,0.125,0.0,5.0,2.0,3.0,120.0,85.9,32.0,0.0,83.2,28.5,58.3,1000.1,0.0,8.7,5.4,124.3,SE,-1.62,1.42,-4.45,night
448241,2016-07-17,2016,MIA,2016-07-17 13:15:00,13,3,6,9,1,22,6,17,308,84.9,3,49,0.0612,0.0588,1.0,15.0,3.0,4.0,142.0,83.8,27.0,0.25,0.0,7.0,1.0,13.0,166.0,85.6,43.0,0.0,89.7,32.0,62.7,1001.1,0.4,12.1,7.5,212.0,SW,11.76,11.98,10.12,day
448256,2016-07-18,2016,SD,2016-07-18 19:15:00,19,10,2,12,4,20,6,20,293,84.8,4,50,0.08,0.2,3.0,5.0,5.0,13.0,164.0,85.4,44.0,0.2308,1.0,15.0,1.0,7.0,129.0,83.7,27.0,0.1429,85.9,29.9,70.0,1003.5,0.3,6.2,3.8,85.0,E,-4.72,-3.08,-5.79,night
448269,2016-07-20,2016,SD,2016-07-19 19:15:00,19,4,2,6,4,12,4,13,245,86.2,3,48,0.0625,0.3077,3.0,4.0,3.0,9.0,128.0,87.3,40.0,0.3333,1.0,8.0,1.0,4.0,117.0,85.1,37.0,0.25,87.6,30.9,69.0,1004.7,0.0,4.7,2.9,4.6,N,-3.58,-4.4,-2.32,night
448284,2016-07-20,2016,SD,2016-07-20 19:15:00,19,3,2,5,4,16,5,14,261,85.5,4,49,0.0816,0.2857,2.0,9.0,3.0,7.0,128.0,86.7,33.0,0.2857,2.0,7.0,2.0,7.0,133.0,84.5,38.0,0.2857,84.8,29.3,76.7,1002.5,0.0,8.2,5.1,186.0,S,6.35,7.72,4.21,night
448296,2016-07-21,2016,SD,2016-07-21 18:15:00,18,6,5,11,2,21,4,20,312,88.2,2,50,0.04,0.1,1.0,9.0,0.0,10.0,144.0,91.8,31.0,0.1,1.0,12.0,2.0,10.0,168.0,85.1,36.0,0.1,88.8,31.5,72.7,999.2,0.0,7.3,4.5,180.6,S,5.19,6.62,3.14,night
448305,2016-07-22,2016,LAD,2016-07-22 19:15:00,19,4,3,7,4,23,8,22,444,84.2,5,91,0.0549,0.1818,2.0,11.0,4.0,8.0,224.0,84.2,62.0,0.25,2.0,12.0,3.0,14.0,220.0,84.2,59.0,0.1429,86.1,30.0,65.3,999.2,0.0,2.0,1.2,272.8,W,1.34,0.76,1.77,night
448320,2016-07-23,2016,LAD,2016-07-23 18:15:00,18,2,7,9,2,14,1,19,268,84.3,2,56,0.0357,0.1053,1.0,7.0,0.0,6.0,127.0,82.8,40.0,0.1667,1.0,7.0,1.0,13.0,141.0,85.9,38.0,0.0769,90.9,32.7,59.0,995.4,0.0,7.7,4.8,125.7,SE,-1.25,1.42,-3.77,night
448335,2016-07-24,2016,LAD,2016-07-24 19:08:00,19,6,9,15,3,15,9,21,376,83.2,4,58,0.069,0.1429,1.0,8.0,2.0,8.0,177.0,84.0,48.0,0.125,2.0,7.0,7.0,13.0,199.0,82.5,55.0,0.1538,87.9,31.0,70.7,995.9,0.0,9.8,6.1,193.2,S,8.33,9.59,6.06,night
448488,2016-08-05,2016,ATL,2016-08-05 19:15:00,19,1,0,1,0,15,8,5,222,86.0,1,39,0.0256,0.0,0.0,3.0,7.0,2.0,115.0,85.2,29.0,0.0,0.0,12.0,1.0,3.0,107.0,87.0,22.0,0.0,82.7,28.2,76.0,996.3,0.0,5.1,3.2,359.5,N,-3.6,-4.63,-2.13,night
448503,2016-08-06,2016,ATL,2016-08-06 18:15:00,18,5,13,18,5,15,7,26,326,85.3,5,64,0.0781,0.1923,1.0,7.0,3.0,11.0,162.0,86.8,43.0,0.0909,4.0,8.0,4.0,15.0,164.0,84.0,48.0,0.2667,81.1,27.3,60.0,996.8,0.0,9.8,6.1,27.0,NE,-9.35,-9.83,-7.75,night
448518,2016-08-07,2016,ATL,2016-08-07 13:15:00,13,3,6,9,0,13,6,20,315,82.2,1,58,0.0172,0.0,0.0,8.0,3.0,9.0,161.0,83.3,46.0,0.0,0.0,5.0,3.0,11.0,154.0,80.9,42.0,0.0,82.2,27.9,54.0,998.9,0.0,6.1,3.8,38.0,NE,-6.09,-5.98,-5.46,day
448535,2016-08-08,2016,CIN,2016-08-08 19:15:00,19,5,4,9,0,13,10,17,312,84.7,2,55,0.0364,0.0,0.0,6.0,5.0,9.0,171.0,85.6,44.0,0.0,0.0,7.0,5.0,8.0,141.0,83.7,34.0,0.0,79.7,26.5,71.0,996.3,0.0,6.2,3.9,64.7,NE,-5.87,-4.8,-6.23,night
448545,2016-08-09,2016,CIN,2016-08-09 19:15:00,19,4,7,11,2,11,11,20,286,86.4,2,57,0.0351,0.1,2.0,9.0,5.0,9.0,138.0,87.3,33.0,0.2222,0.0,2.0,5.0,11.0,148.0,85.6,40.0,0.0,83.5,28.6,65.0,997.3,0.0,5.0,3.1,127.4,SE,-0.66,1.06,-2.3,night
448560,2016-08-10,2016,CIN,2016-08-10 18:15:00,18,3,2,5,3,13,4,15,243,85.7,5,51,0.098,0.2,2.0,8.0,3.0,9.0,153.0,83.8,40.0,0.2222,1.0,5.0,1.0,6.0,90.0,88.0,32.0,0.1667,87.0,30.5,64.3,998.5,0.0,5.8,3.6,112.6,SE,-2.21,-0.25,-3.91,night
448740,2016-08-23,2016,NYM,2016-08-23 19:15:00,19,4,7,11,3,20,8,21,315,83.6,3,53,0.0566,0.1429,1.0,8.0,5.0,9.0,171.0,84.9,38.0,0.1111,2.0,12.0,2.0,12.0,144.0,82.3,39.0,0.1667,73.5,23.0,94.7,1001.6,0.0,11.7,7.3,137.7,SE,0.54,4.51,-3.49,night
448756,2016-08-24,2016,NYM,2016-08-24 19:15:00,19,8,1,9,3,12,6,23,275,84.4,4,57,0.0702,0.1304,3.0,7.0,3.0,19.0,166.0,85.3,55.0,0.1579,0.0,5.0,3.0,4.0,109.0,82.9,31.0,0.0,79.3,26.3,88.0,998.9,0.0,7.8,4.8,187.7,S,6.18,7.41,4.19,night
448768,2016-08-25,2016,NYM,2016-08-25 18:15:00,18,6,10,16,5,15,7,26,323,85.6,5,64,0.0781,0.1923,4.0,8.0,2.0,11.0,157.0,86.4,40.0,0.3636,1.0,7.0,2.0,15.0,166.0,85.0,50.0,0.0667,86.2,30.1,65.3,999.1,0.0,4.4,2.8,160.6,S,1.92,3.17,0.44,night
448781,2016-08-26,2016,ATH,2016-08-26 19:15:00,19,3,1,4,2,16,6,11,255,85.3,2,44,0.0455,0.1818,1.0,8.0,3.0,6.0,121.0,84.6,31.0,0.1667,1.0,8.0,3.0,5.0,134.0,85.9,36.0,0.2,80.8,27.1,82.0,1000.5,0.0,6.3,3.9,138.7,SE,0.4,2.54,-1.78,night
448796,2016-08-27,2016,ATH,2016-08-27 18:15:00,18,2,3,5,1,17,5,10,280,83.3,2,48,0.0417,0.1,1.0,9.0,0.0,6.0,129.0,83.6,43.0,0.1667,0.0,8.0,5.0,4.0,151.0,82.8,32.0,0.0,82.8,28.2,70.7,999.5,0.0,5.3,3.3,107.1,E,-2.48,-0.73,-3.93,night
448811,2016-08-28,2016,ATH,2016-08-28 13:15:00,13,4,7,11,3,19,2,17,260,81.7,3,50,0.06,0.1765,1.0,10.0,0.0,8.0,134.0,84.5,37.0,0.125,2.0,9.0,1.0,9.0,126.0,78.6,33.0,0.2222,89.0,31.7,55.3,1003.0,0.0,3.9,2.4,159.7,S,1.63,2.74,0.32,day
448957,2016-09-08,2016,MIL,2016-09-08 18:15:00,18,5,12,17,4,9,7,28,307,86.1,4,68,0.0588,0.1429,1.0,5.0,3.0,11.0,140.0,84.3,43.0,0.0909,3.0,4.0,4.0,17.0,167.0,87.9,42.0,0.1765,77.2,25.1,91.0,997.0,1.3,3.5,2.2,212.3,SW,3.38,3.44,2.92,night
448969,2016-09-09,2016,MIL,2016-09-09 19:15:00,19,4,3,7,3,11,5,14,247,87.1,3,49,0.0612,0.2143,2.0,6.0,2.0,5.0,117.0,85.8,33.0,0.4,1.0,5.0,2.0,9.0,130.0,88.4,32.0,0.1111,78.0,25.5,91.0,994.6,0.6,5.3,3.3,179.1,S,3.69,4.77,2.16,night
448984,2016-09-10,2016,MIL,2016-09-10 18:15:00,18,5,1,6,1,15,7,14,245,82.5,1,45,0.0222,0.0714,0.0,7.0,2.0,8.0,127.0,80.9,36.0,0.0,1.0,8.0,3.0,6.0,118.0,84.5,30.0,0.1667,72.3,22.4,48.7,1001.8,0.0,12.7,7.9,317.7,NW,-0.59,-4.88,3.77,night
448999,2016-09-11,2016,MIL,2016-09-11 13:15:00,13,1,2,3,1,23,2,9,260,80.6,3,41,0.0732,0.1111,0.0,10.0,1.0,5.0,114.0,81.6,33.0,0.0,1.0,13.0,1.0,4.0,146.0,79.7,31.0,0.25,76.2,24.6,43.7,1004.7,0.0,4.6,2.8,150.7,SE,1.23,2.66,-0.34,day
449007,2016-09-12,2016,CHC,2016-09-12 19:15:00,19,1,4,5,3,14,6,8,242,82.1,3,46,0.0652,0.375,1.0,8.0,3.0,1.0,112.0,81.8,26.0,1.0,2.0,6.0,2.0,7.0,130.0,82.3,38.0,0.2857,72.5,22.5,60.3,999.6,0.0,7.8,4.9,148.0,SE,1.76,4.27,-0.95,night
449022,2016-09-13,2016,CHC,2016-09-13 19:15:00,19,4,2,6,3,18,11,11,283,84.2,3,43,0.0698,0.2727,2.0,11.0,3.0,7.0,121.0,89.0,32.0,0.2857,1.0,7.0,8.0,4.0,162.0,79.7,34.0,0.25,78.4,25.8,79.0,1000.7,0.0,5.8,3.6,171.0,S,3.43,4.84,1.61,night
449037,2016-09-14,2016,CHC,2016-09-14 12:45:00,12,0,7,7,3,21,2,15,278,79.7,2,45,0.0444,0.2,0.0,9.0,1.0,3.0,121.0,81.3,34.0,0.0,3.0,12.0,1.0,12.0,157.0,78.5,44.0,0.25,83.2,28.5,67.3,1004.1,0.0,4.7,2.9,48.7,NE,-4.72,-4.34,-4.54,day
449203,2016-09-26,2016,CIN,2016-09-26 19:15:00,19,2,15,17,4,9,1,28,278,85.2,5,71,0.0704,0.1429,0.0,5.0,0.0,6.0,106.0,85.0,36.0,0.0,4.0,4.0,1.0,22.0,172.0,85.3,55.0,0.1818,64.4,18.0,47.3,1001.3,0.0,7.4,4.6,281.0,W,4.12,1.78,5.96,night
449215,2016-09-27,2016,CIN,2016-09-27 19:15:00,19,12,5,17,7,15,7,25,333,85.6,6,60,0.1,0.28,5.0,7.0,5.0,13.0,184.0,86.0,46.0,0.3846,2.0,8.0,2.0,12.0,149.0,85.2,40.0,0.1667,69.3,20.7,57.0,993.3,0.0,13.6,8.5,221.3,SW,13.61,13.08,12.49,night
449230,2016-09-28,2016,CIN,2016-09-28 19:15:00,19,1,2,3,0,15,3,17,287,80.5,1,56,0.0179,0.0,0.0,5.0,3.0,7.0,121.0,85.3,35.0,0.0,0.0,10.0,0.0,10.0,166.0,76.4,41.0,0.0,62.0,16.7,55.0,1002.1,0.0,14.7,9.1,329.0,NW,-3.55,-8.2,1.54,night
449245,2016-09-29,2016,CIN,2016-09-29 18:15:00,18,4,3,7,2,22,6,21,311,84.4,3,50,0.06,0.0952,2.0,11.0,3.0,9.0,140.0,87.2,30.0,0.2222,0.0,11.0,3.0,12.0,171.0,82.6,46.0,0.0,64.9,18.3,73.3,1004.0,0.1,12.1,7.5,347.7,N,-6.51,-9.6,-2.65,night
449264,2016-09-30,2016,PIT,2016-09-30 19:15:00,19,7,0,7,3,18,6,12,266,83.1,3,44,0.0682,0.25,3.0,7.0,5.0,7.0,143.0,83.7,36.0,0.4286,0.0,11.0,1.0,5.0,123.0,82.4,30.0,0.0,64.4,18.0,78.0,1000.0,0.3,12.5,7.7,316.0,NW,-0.22,-4.47,4.06,night
449279,2016-10-01,2016,PIT,2016-10-01 12:05:00,12,4,3,7,2,20,4,18,284,84.0,3,47,0.0638,0.1111,1.0,7.0,2.0,11.0,131.0,84.6,39.0,0.0909,1.0,13.0,2.0,7.0,153.0,83.2,33.0,0.1429,68.5,20.3,78.0,1000.0,0.0,10.4,6.5,286.7,W,4.94,1.51,7.77,day
449294,2016-10-02,2016,PIT,2016-10-02 14:15:00,14,10,4,14,2,16,8,21,296,85.2,0,57,0.0,0.0952,1.0,5.0,4.0,12.0,158.0,84.1,43.0,0.0833,1.0,11.0,4.0,9.0,138.0,86.6,34.0,0.1111,69.2,20.7,70.3,1001.1,0.3,6.2,3.9,291.7,W,2.47,0.36,4.28,day
490099,2017-04-02,2017,CHC,2017-04-02 19:35:00,19,4,3,7,2,20,8,19,341,83.0,4,50,0.08,0.1053,1.0,8.0,7.0,11.0,198.0,80.1,48.0,0.0909,1.0,12.0,0.0,8.0,143.0,88.2,27.0,0.125,60.1,15.6,67.3,993.0,0.0,10.6,6.6,94.0,E,-6.98,-3.81,-9.3,night
490136,2017-04-04,2017,CHC,2017-04-04 19:15:00,19,1,2,3,0,16,7,9,260,86.2,3,47,0.0638,0.0,0.0,8.0,3.0,4.0,130.0,84.1,27.0,0.0,0.0,8.0,3.0,5.0,130.0,88.3,26.0,0.0,57.1,14.0,79.3,991.5,0.0,11.1,6.9,60.3,NE,-10.74,-9.08,-11.1,night
490121,2017-04-06,2017,CHC,2017-04-05 12:45:00,12,4,6,10,1,18,6,17,319,83.2,2,55,0.0364,0.0588,0.0,11.0,3.0,7.0,152.0,82.0,43.0,0.0,1.0,7.0,3.0,10.0,167.0,84.2,53.0,0.1,58.8,14.9,82.7,981.7,3.8,3.9,2.4,84.0,E,-3.01,-1.99,-3.66,day
490151,2017-04-07,2017,CIN,2017-04-07 19:15:00,19,0,2,2,1,15,6,9,236,83.3,1,45,0.0222,0.1111,0.0,8.0,3.0,2.0,120.0,84.5,31.0,0.0,1.0,7.0,3.0,7.0,116.0,82.3,38.0,0.1429,48.2,9.0,60.7,1001.5,0.0,10.0,6.2,95.4,E,-6.39,-3.36,-8.65,night
490166,2017-04-08,2017,CIN,2017-04-08 13:15:00,13,10,4,14,4,17,13,17,312,82.2,4,50,0.08,0.2353,2.0,7.0,11.0,10.0,180.0,81.0,43.0,0.2,2.0,10.0,1.0,7.0,132.0,83.6,37.0,0.2857,72.3,22.4,42.3,996.5,0.0,23.3,14.5,177.7,S,15.81,20.73,8.99,day
490181,2017-04-09,2017,CIN,2017-04-09 13:15:00,13,0,8,8,2,12,5,17,288,80.8,2,56,0.0357,0.1176,0.0,9.0,1.0,6.0,134.0,80.0,38.0,0.0,2.0,3.0,4.0,11.0,154.0,81.3,49.0,0.1818,75.9,24.4,56.0,990.7,0.0,29.2,18.1,181.0,S,20.98,26.65,12.79,day
490291,2017-04-17,2017,PIT,2017-04-17 18:05:00,18,2,1,3,1,9,1,10,206,84.2,1,51,0.0196,0.1,1.0,3.0,0.0,5.0,78.0,86.2,28.0,0.2,0.0,6.0,1.0,5.0,128.0,82.8,39.0,0.0,63.9,17.7,60.7,1001.7,0.0,7.2,4.5,110.0,E,-3.03,-0.62,-5.07,night
490306,2017-04-18,2017,PIT,2017-04-18 19:15:00,19,2,1,3,0,8,1,15,244,79.7,1,57,0.0175,0.0,0.0,5.0,1.0,4.0,99.0,81.3,28.0,0.0,0.0,3.0,0.0,11.0,145.0,78.6,43.0,0.0,68.7,20.4,74.0,998.2,0.0,10.5,6.5,166.0,S,5.41,8.16,2.01,night
490321,2017-04-19,2017,PIT,2017-04-19 12:45:00,12,2,1,3,3,17,5,13,263,80.3,3,45,0.0667,0.2308,2.0,11.0,2.0,8.0,125.0,82.5,35.0,0.25,1.0,6.0,3.0,5.0,138.0,78.3,38.0,0.2,80.3,26.8,54.7,999.9,0.1,15.0,9.3,204.7,SW,14.1,15.03,11.46,day
490403,2017-04-25,2017,TOR,2017-04-25 19:15:00,19,5,6,11,1,27,4,23,371,81.3,3,61,0.0492,0.0435,1.0,15.0,1.0,13.0,187.0,79.2,56.0,0.0769,0.0,12.0,3.0,10.0,184.0,83.4,54.0,0.0,71.4,21.9,50.7,982.4,0.0,16.9,10.5,171.0,S,9.93,14.01,4.66,night
490418,2017-04-27,2017,TOR,2017-04-26 19:15:00,19,6,4,10,2,10,7,21,290,79.7,1,60,0.0167,0.0952,1.0,2.0,6.0,12.0,149.0,80.8,44.0,0.0833,1.0,8.0,1.0,9.0,141.0,78.5,41.0,0.1111,61.2,16.2,92.0,980.6,12.0,20.3,12.6,147.0,SE,4.22,10.76,-2.84,night
490428,2017-04-27,2017,TOR,2017-04-27 12:45:00,12,8,4,12,3,20,11,22,335,83.7,6,62,0.0968,0.1364,2.0,9.0,3.0,13.0,165.0,83.1,42.0,0.1538,1.0,11.0,4.0,9.0,170.0,84.3,48.0,0.1111,53.7,12.0,61.0,991.0,0.0,16.5,10.2,259.3,W,13.6,9.6,15.95,day
490434,2017-04-28,2017,CIN,2017-04-28 19:15:00,19,7,5,12,4,11,8,21,296,82.0,5,59,0.0847,0.1905,2.0,4.0,4.0,11.0,136.0,84.6,39.0,0.1818,2.0,7.0,4.0,10.0,160.0,79.5,43.0,0.2,58.7,14.8,95.7,992.2,0.7,5.8,3.6,53.9,NE,-5.7,-5.05,-5.66,night
490464,2017-04-30,2017,CIN,2017-04-30 13:15:00,13,4,5,9,0,16,8,24,326,83.0,3,59,0.0508,0.0,0.0,7.0,5.0,8.0,151.0,82.3,42.0,0.0,0.0,9.0,3.0,16.0,175.0,83.7,46.0,0.0,69.2,20.7,85.0,985.4,1.6,22.0,13.7,145.7,SE,4.08,11.24,-3.57,day
490478,2017-05-01,2017,MIL,2017-05-01 19:15:00,19,5,7,12,6,14,7,24,304,83.4,5,62,0.0806,0.25,4.0,7.0,4.0,13.0,163.0,85.9,48.0,0.3077,2.0,7.0,2.0,11.0,141.0,80.4,42.0,0.1818,49.3,9.6,70.7,990.1,0.0,18.6,11.6,248.0,W,17.15,13.63,18.61,night
490492,2017-05-02,2017,MIL,2017-05-02 19:15:00,19,2,1,3,0,20,5,11,287,80.3,2,43,0.0465,0.0,0.0,13.0,4.0,6.0,158.0,78.4,36.0,0.0,0.0,7.0,1.0,5.0,129.0,81.9,42.0,0.0,56.5,13.6,60.3,998.1,0.0,10.0,6.2,328.0,NW,-2.26,-5.46,1.22,night
490523,2017-05-04,2017,MIL,2017-05-04 18:15:00,18,4,5,9,2,17,11,25,342,83.5,3,59,0.0508,0.08,0.0,8.0,6.0,10.0,163.0,81.8,48.0,0.0,2.0,9.0,4.0,15.0,179.0,85.4,44.0,0.1333,51.1,10.6,65.3,992.3,0.1,25.1,15.6,4.3,N,-19.04,-23.48,-12.3,night
490626,2017-05-12,2017,CHC,2017-05-12 19:15:00,19,2,3,5,4,19,11,10,313,80.7,5,45,0.1111,0.4,1.0,11.0,6.0,4.0,166.0,76.6,43.0,0.25,3.0,8.0,5.0,6.0,147.0,85.6,36.0,0.5,64.3,18.0,66.7,995.3,0.0,8.4,5.2,16.3,N,-7.34,-8.27,-5.52,night
490641,2017-05-13,2017,CHC,2017-05-13 15:05:00,15,5,3,8,2,21,9,14,278,79.5,5,41,0.122,0.1429,1.0,12.0,5.0,8.0,151.0,77.9,33.0,0.125,1.0,9.0,4.0,6.0,127.0,80.8,37.0,0.1667,76.4,24.7,45.0,996.0,0.0,4.4,2.7,323.5,NW,-0.65,-2.1,0.88,day
490656,2017-05-14,2017,CHC,2017-05-14 13:15:00,13,5,0,5,3,15,5,16,263,84.3,4,49,0.0816,0.1875,3.0,8.0,1.0,12.0,133.0,84.7,38.0,0.25,0.0,7.0,4.0,4.0,130.0,83.7,31.0,0.0,79.6,26.4,45.0,996.6,0.0,16.4,10.2,210.0,SW,15.81,16.3,13.41,day
490679,2017-05-16,2017,BOS,2017-05-16 19:15:00,19,3,6,9,2,11,6,12,307,81.5,4,54,0.0741,0.1667,0.0,7.0,3.0,6.0,157.0,82.1,42.0,0.0,2.0,4.0,3.0,6.0,150.0,80.8,41.0,0.3333,78.1,25.6,56.3,990.8,0.0,19.6,12.2,178.7,S,13.53,17.57,7.87,night
490693,2017-05-17,2017,BOS,2017-05-17 19:15:00,19,4,5,9,2,23,8,23,399,80.5,2,73,0.0274,0.087,1.0,12.0,5.0,12.0,194.0,79.7,54.0,0.0833,1.0,11.0,1.0,11.0,205.0,81.3,58.0,0.0909,76.9,25.0,65.7,987.9,0.9,26.3,16.3,194.3,S,22.62,25.85,16.67,night
490729,2017-05-19,2017,SF,2017-05-19 19:15:00,19,5,6,11,1,15,10,21,301,80.5,1,57,0.0175,0.0476,1.0,8.0,3.0,8.0,125.0,83.9,36.0,0.125,0.0,7.0,4.0,13.0,176.0,78.3,56.0,0.0,65.2,18.5,89.0,997.5,0.2,15.4,9.5,31.7,NE,-14.95,-15.26,-12.84,night
490744,2017-05-20,2017,SF,2017-05-20 18:15:00,18,1,3,4,0,21,1,17,320,80.7,1,70,0.0143,0.0,0.0,13.0,0.0,10.0,169.0,81.4,53.0,0.0,0.0,8.0,1.0,7.0,151.0,79.9,54.0,0.0,74.2,23.4,71.0,994.8,0.7,10.5,6.5,208.0,SW,10.01,10.45,8.36,night
490759,2017-05-21,2017,SF,2017-05-21 13:15:00,13,8,3,11,3,12,6,19,295,83.5,3,56,0.0536,0.1579,1.0,1.0,3.0,12.0,137.0,85.3,47.0,0.0833,2.0,11.0,3.0,7.0,158.0,81.2,39.0,0.2857,67.5,19.7,50.7,1000.1,0.0,18.2,11.3,265.7,W,13.78,8.9,17.0,day
490866,2017-05-29,2017,LAD,2017-05-29 13:15:00,13,1,5,6,3,14,4,14,274,82.0,4,51,0.0784,0.2143,0.0,6.0,2.0,5.0,145.0,80.9,40.0,0.0,3.0,8.0,2.0,9.0,129.0,83.2,37.0,0.3333,81.9,27.7,33.7,995.7,0.0,17.3,10.7,246.0,SW,16.12,13.03,17.26,day
490881,2017-05-30,2017,LAD,2017-05-30 18:05:00,18,4,9,13,1,19,11,19,363,82.5,0,53,0.0,0.0526,1.0,8.0,3.0,8.0,157.0,83.0,38.0,0.125,0.0,11.0,8.0,11.0,206.0,81.9,41.0,0.0,73.9,23.3,51.3,998.3,0.0,8.0,5.0,226.5,SW,8.03,7.47,7.62,night
490897,2017-05-31,2017,LAD,2017-05-31 19:15:00,19,2,1,3,1,16,4,10,232,82.5,1,43,0.0233,0.1,1.0,5.0,0.0,5.0,109.0,79.8,34.0,0.2,0.0,11.0,3.0,5.0,123.0,85.5,30.0,0.0,71.8,22.1,67.3,999.1,0.0,7.7,4.8,328.8,NW,-1.83,-4.27,0.83,night
490907,2017-06-01,2017,LAD,2017-06-01 12:45:00,12,2,0,2,1,19,6,14,308,79.7,2,43,0.0465,0.0714,1.0,10.0,2.0,9.0,149.0,79.5,46.0,0.1111,0.0,9.0,4.0,5.0,159.0,79.9,42.0,0.0,79.0,26.1,42.7,1001.8,0.0,2.8,1.7,106.3,E,-1.34,-0.42,-2.1,day
491017,2017-06-09,2017,PHI,2017-06-09 19:15:00,19,3,2,5,1,14,3,18,267,83.1,3,52,0.0577,0.0556,1.0,6.0,0.0,11.0,129.0,85.3,39.0,0.0909,0.0,8.0,1.0,7.0,138.0,80.7,35.0,0.0,76.5,24.7,51.3,994.4,0.0,7.6,4.7,204.3,SW,7.14,7.63,5.79,night
491033,2017-06-10,2017,PHI,2017-06-10 13:15:00,13,7,0,7,0,17,7,10,249,82.8,1,42,0.0238,0.0,0.0,6.0,6.0,6.0,142.0,81.9,38.0,0.0,0.0,11.0,1.0,4.0,107.0,84.1,27.0,0.0,86.2,30.1,33.0,995.6,0.0,21.8,13.5,189.7,S,17.78,21.02,12.4,day
491048,2017-06-11,2017,PHI,2017-06-11 13:15:00,13,6,5,11,2,20,6,22,296,86.6,4,48,0.0833,0.0909,1.0,10.0,3.0,10.0,145.0,88.7,31.0,0.1,1.0,10.0,3.0,12.0,151.0,85.1,42.0,0.0833,90.4,32.5,37.7,997.5,0.0,24.0,14.9,188.0,S,19.14,22.92,13.05,day
490508,2017-06-13,2017,MIL,2017-05-03 19:15:00,19,6,0,6,2,15,8,14,320,78.8,3,49,0.0612,0.1429,2.0,5.0,4.0,8.0,174.0,78.8,58.0,0.25,0.0,10.0,4.0,6.0,146.0,79.0,39.0,0.0,46.8,8.2,89.3,999.0,6.2,17.1,10.6,35.3,NE,-16.82,-16.79,-14.83,night
491068,2017-06-13,2017,MIL,2017-06-13 19:15:00,19,5,8,13,4,14,5,23,297,81.9,5,59,0.0847,0.1739,1.0,8.0,2.0,12.0,134.0,80.6,39.0,0.0833,3.0,6.0,3.0,11.0,163.0,83.0,49.0,0.2727,85.8,29.9,53.7,995.0,0.0,10.6,6.6,190.3,S,8.72,10.25,6.13,night
491084,2017-06-14,2017,MIL,2017-06-14 19:15:00,19,6,7,13,2,15,6,19,307,80.6,2,56,0.0357,0.1053,1.0,7.0,4.0,7.0,159.0,82.5,44.0,0.1429,1.0,8.0,2.0,12.0,148.0,79.0,48.0,0.0833,77.3,25.2,86.3,993.4,14.1,10.9,6.8,128.4,SE,-1.25,2.54,-4.89,night
491094,2017-06-15,2017,MIL,2017-06-15 18:15:00,18,4,6,10,3,11,6,20,325,85.8,5,59,0.0847,0.15,1.0,3.0,3.0,9.0,163.0,87.2,51.0,0.1111,2.0,8.0,3.0,11.0,162.0,84.3,47.0,0.1818,86.1,30.0,54.0,993.2,0.0,5.7,3.5,90.2,E,-3.99,-2.38,-5.13,night
491210,2017-06-23,2017,PIT,2017-06-23 19:15:00,19,3,4,7,4,16,9,11,313,77.3,4,49,0.0816,0.3636,2.0,10.0,5.0,6.0,170.0,76.1,41.0,0.3333,2.0,6.0,3.0,5.0,143.0,78.5,44.0,0.4,77.1,25.1,49.7,993.9,0.0,11.4,7.1,309.3,NW,1.13,-2.83,4.95,night
491225,2017-06-24,2017,PIT,2017-06-24 18:15:00,18,3,7,10,3,13,7,14,305,78.6,2,53,0.0377,0.2143,1.0,7.0,4.0,8.0,156.0,79.0,43.0,0.125,2.0,6.0,2.0,6.0,149.0,78.2,44.0,0.3333,74.8,23.8,34.3,1002.3,0.0,14.2,8.8,337.1,NW,-5.34,-9.52,-0.52,night
491240,2017-06-25,2017,PIT,2017-06-25 19:05:00,19,8,4,12,1,13,6,18,318,82.7,3,55,0.0545,0.0556,1.0,10.0,3.0,11.0,179.0,82.3,38.0,0.0909,0.0,3.0,2.0,7.0,139.0,83.0,45.0,0.0,73.9,23.3,38.3,1004.0,0.0,13.7,8.5,333.4,NW,-4.33,-8.53,0.39,night
490449,2017-06-26,2017,CIN,2017-04-29 13:15:00,13,8,2,10,2,14,5,22,270,81.7,3,56,0.0536,0.0909,2.0,7.0,4.0,13.0,140.0,84.1,39.0,0.1538,0.0,7.0,1.0,9.0,130.0,79.7,46.0,0.0,70.2,21.2,87.7,993.0,1.9,19.6,12.2,112.7,SE,-7.45,-0.8,-13.2,day
491307,2017-06-30,2017,WSH,2017-06-30 19:15:00,19,8,1,9,1,12,11,17,283,84.0,5,51,0.098,0.0588,1.0,7.0,7.0,11.0,170.0,83.9,43.0,0.0909,0.0,5.0,4.0,6.0,113.0,84.2,30.0,0.0,78.2,25.7,70.7,995.1,0.0,7.5,4.7,243.5,SW,7.14,5.89,7.53,night
491322,2017-07-01,2017,WSH,2017-07-01 18:15:00,18,2,1,3,1,24,5,11,298,84.0,1,37,0.027,0.0909,1.0,10.0,2.0,4.0,135.0,83.4,27.0,0.25,0.0,14.0,3.0,7.0,163.0,84.3,43.0,0.0,81.6,27.5,47.7,999.1,0.0,10.2,6.3,351.0,N,-5.98,-8.43,-2.8,night
491337,2017-07-02,2017,WSH,2017-07-02 19:05:00,19,2,7,9,3,20,11,15,326,83.2,3,48,0.0625,0.2,1.0,15.0,3.0,5.0,150.0,80.4,29.0,0.2,2.0,5.0,5.0,10.0,176.0,84.9,47.0,0.2,81.3,27.4,48.0,999.8,0.0,7.2,4.5,74.7,E,-6.23,-4.64,-7.06,night
491344,2017-07-03,2017,MIA,2017-07-03 18:15:00,18,14,6,20,1,15,9,28,345,87.1,3,63,0.0476,0.0357,1.0,5.0,5.0,15.0,171.0,86.2,50.0,0.0667,0.0,10.0,3.0,13.0,174.0,88.1,42.0,0.0,83.8,28.8,50.3,997.8,0.0,8.7,5.4,170.0,S,4.97,7.1,2.25,night
491356,2017-07-04,2017,MIA,2017-07-04 13:15:00,13,2,5,7,2,20,3,17,311,80.3,2,50,0.04,0.1176,1.0,12.0,2.0,7.0,154.0,80.9,36.0,0.1429,1.0,8.0,1.0,10.0,157.0,79.9,47.0,0.1,89.5,31.9,41.7,999.2,0.0,6.6,4.1,96.7,E,-4.07,-2.07,-5.59,day
491371,2017-07-05,2017,MIA,2017-07-05 19:15:00,19,6,9,15,4,13,7,23,316,82.0,4,62,0.0645,0.1739,0.0,6.0,4.0,9.0,154.0,83.3,44.0,0.0,4.0,7.0,2.0,14.0,162.0,80.7,44.0,0.2857,75.5,24.2,88.3,998.5,1.7,4.5,2.8,22.4,N,-4.15,-4.5,-3.31,night
491384,2017-07-06,2017,MIA,2017-07-06 12:45:00,12,4,3,7,2,22,7,20,307,79.2,2,48,0.0417,0.1,2.0,10.0,3.0,8.0,148.0,82.3,41.0,0.25,0.0,12.0,2.0,12.0,159.0,76.4,47.0,0.0,83.6,28.7,61.3,999.5,0.1,10.1,6.3,23.3,NE,-9.39,-10.1,-7.54,day
491400,2017-07-07,2017,NYM,2017-07-07 19:15:00,19,5,6,11,6,16,3,19,271,84.4,7,55,0.1273,0.3158,4.0,6.0,0.0,10.0,129.0,82.7,43.0,0.4,2.0,10.0,3.0,9.0,142.0,86.5,36.0,0.2222,84.0,28.9,62.7,996.0,0.0,14.9,9.2,330.0,NW,-3.85,-8.53,1.29,night
491415,2017-07-08,2017,NYM,2017-07-08 15:10:00,15,4,1,5,2,18,5,18,283,81.2,1,49,0.0204,0.1111,1.0,9.0,5.0,11.0,159.0,83.1,39.0,0.0909,1.0,9.0,0.0,7.0,124.0,79.4,41.0,0.1429,86.7,30.4,44.0,999.3,0.0,12.9,8.0,328.3,NW,-2.98,-7.09,1.5,day
491430,2017-07-09,2017,NYM,2017-07-09 13:15:00,13,6,0,6,3,10,3,13,257,81.2,3,52,0.0577,0.2308,3.0,5.0,2.0,10.0,140.0,81.4,45.0,0.3,0.0,5.0,1.0,3.0,117.0,81.1,37.0,0.0,91.5,33.1,39.0,998.5,0.0,10.4,6.5,225.7,SW,10.43,9.76,9.85,day
491581,2017-07-24,2017,COL,2017-07-24 19:08:00,19,8,2,10,4,18,7,19,284,85.2,5,49,0.102,0.2105,3.0,7.0,6.0,12.0,152.0,85.6,41.0,0.25,1.0,11.0,1.0,7.0,132.0,84.8,34.0,0.1429,81.7,27.6,62.0,997.7,0.0,8.4,5.2,61.0,NE,-8.08,-6.8,-8.38,night
491594,2017-07-25,2017,COL,2017-07-25 19:15:00,19,3,2,5,2,16,3,18,287,81.6,1,50,0.02,0.1111,1.0,8.0,0.0,12.0,142.0,80.3,38.0,0.0833,1.0,8.0,3.0,6.0,145.0,82.7,44.0,0.1667,83.7,28.7,66.3,1000.6,0.0,13.3,8.3,96.3,E,-8.31,-4.26,-11.36,night
491609,2017-07-26,2017,COL,2017-07-26 19:15:00,19,10,5,15,2,17,10,24,308,80.1,1,55,0.0182,0.0833,1.0,6.0,7.0,15.0,186.0,79.7,49.0,0.0667,1.0,11.0,2.0,9.0,122.0,80.7,36.0,0.1111,85.5,29.7,69.0,997.5,0.0,11.0,6.8,146.8,SE,2.24,5.77,-1.57,night
491619,2017-07-27,2017,AZ,2017-07-27 18:15:00,18,0,4,4,1,20,4,13,285,75.1,0,44,0.0,0.0769,0.0,12.0,2.0,5.0,139.0,72.1,35.0,0.0,1.0,8.0,2.0,8.0,146.0,77.7,41.0,0.125,78.6,25.9,86.3,994.2,2.4,7.9,4.9,331.9,NW,-2.29,-4.74,0.43,night
491627,2017-07-28,2017,AZ,2017-07-28 19:15:00,19,1,0,1,0,15,3,15,275,81.2,0,49,0.0,0.0,0.0,5.0,2.0,8.0,126.0,83.3,40.0,0.0,0.0,10.0,1.0,7.0,149.0,78.6,33.0,0.0,78.4,25.8,65.7,996.4,0.0,14.1,8.8,16.3,N,-12.4,-13.97,-9.33,night
491642,2017-07-29,2017,AZ,2017-07-29 18:15:00,18,1,7,8,3,18,8,13,299,82.4,4,48,0.0833,0.2308,0.0,11.0,1.0,5.0,118.0,85.9,27.0,0.0,3.0,7.0,7.0,8.0,181.0,80.3,45.0,0.375,75.9,24.4,44.7,1000.3,0.0,13.0,8.1,20.7,N,-11.88,-13.0,-9.32,night
491657,2017-07-30,2017,AZ,2017-07-30 13:15:00,13,3,2,5,1,22,9,11,304,81.5,1,40,0.025,0.0909,1.0,13.0,4.0,6.0,146.0,81.6,31.0,0.1667,0.0,9.0,5.0,5.0,158.0,81.5,43.0,0.0,82.7,28.2,37.3,1003.5,0.0,10.0,6.2,70.0,E,-9.03,-7.05,-9.93,day
491796,2017-08-09,2017,KC,2017-08-09 19:15:00,19,8,5,13,3,16,8,26,314,84.5,4,56,0.0714,0.1154,2.0,7.0,6.0,11.0,171.0,86.3,42.0,0.1818,1.0,9.0,1.0,15.0,143.0,82.6,42.0,0.0667,77.2,25.1,53.0,1001.5,0.0,5.3,3.3,109.4,E,-2.3,-0.52,-3.81,night
491809,2017-08-10,2017,KC,2017-08-10 18:15:00,18,8,6,14,1,16,10,21,315,85.6,1,56,0.0179,0.0476,1.0,9.0,4.0,9.0,167.0,87.9,37.0,0.1111,0.0,7.0,3.0,12.0,148.0,83.5,43.0,0.0,79.9,26.6,74.3,999.0,0.0,7.0,4.3,191.8,S,5.83,6.78,4.17,night
491818,2017-08-11,2017,ATL,2017-08-11 19:15:00,19,8,5,13,1,11,13,15,313,82.7,1,52,0.0192,0.0667,0.0,10.0,8.0,8.0,168.0,80.9,38.0,0.0,1.0,1.0,5.0,7.0,145.0,84.1,48.0,0.1429,75.3,24.0,81.3,998.1,0.0,6.9,4.3,7.9,N,-5.48,-6.56,-3.73,night
491833,2017-08-12,2017,ATL,2017-08-12 18:15:00,18,6,5,11,3,15,6,20,293,78.7,2,54,0.037,0.15,2.0,4.0,2.0,11.0,132.0,80.2,42.0,0.1818,1.0,11.0,4.0,9.0,161.0,77.5,48.0,0.1111,74.8,23.8,55.7,999.5,0.0,6.7,4.1,51.5,NE,-6.62,-5.97,-6.48,night
491848,2017-08-13,2017,ATL,2017-08-13 13:15:00,13,3,6,9,2,10,4,23,286,78.8,3,64,0.0469,0.087,1.0,6.0,2.0,11.0,136.0,79.7,48.0,0.0909,1.0,4.0,1.0,12.0,150.0,78.0,54.0,0.0833,79.6,26.4,44.0,998.4,0.0,6.9,4.3,125.7,SE,-1.12,1.27,-3.37,day
491976,2017-08-22,2017,SD,2017-08-22 19:15:00,19,4,12,16,5,20,8,18,308,81.7,3,51,0.0588,0.2778,3.0,12.0,4.0,7.0,133.0,84.7,33.0,0.4286,2.0,8.0,3.0,11.0,175.0,80.0,57.0,0.1818,75.1,24.0,65.3,999.0,0.0,9.3,5.8,334.4,NW,-3.07,-5.88,0.1,night
491991,2017-08-23,2017,SD,2017-08-23 19:15:00,19,6,2,8,1,19,7,15,300,79.8,1,45,0.0222,0.0667,0.0,7.0,5.0,9.0,153.0,80.5,36.0,0.0,1.0,12.0,1.0,6.0,147.0,79.3,45.0,0.1667,69.6,20.9,68.0,999.7,0.0,7.2,4.5,352.7,N,-4.38,-6.06,-2.18,night
492004,2017-08-24,2017,SD,2017-08-24 18:15:00,18,3,4,7,1,15,7,22,276,79.7,1,56,0.0179,0.0455,1.0,6.0,2.0,12.0,121.0,87.0,39.0,0.0833,0.0,9.0,4.0,10.0,155.0,72.9,42.0,0.0,75.6,24.2,53.3,1000.1,0.0,7.0,4.4,48.7,NE,-7.02,-6.44,-6.75,night
492021,2017-08-25,2017,TB,2017-08-25 19:15:00,19,3,7,10,2,21,8,21,339,80.3,3,53,0.0566,0.0952,1.0,7.0,4.0,5.0,138.0,81.0,42.0,0.2,1.0,14.0,2.0,16.0,201.0,79.9,60.0,0.0625,71.8,22.1,65.3,1003.9,0.0,6.4,4.0,75.6,E,-5.54,-4.08,-6.32,night
492036,2017-08-26,2017,TB,2017-08-26 18:15:00,18,6,4,10,4,13,4,16,243,82.9,4,54,0.0741,0.25,1.0,8.0,4.0,10.0,148.0,83.6,36.0,0.1,3.0,5.0,0.0,6.0,95.0,82.3,36.0,0.5,78.7,26.0,49.3,1002.3,0.0,9.0,5.6,113.0,SE,-3.38,-0.32,-6.04,night
492051,2017-08-27,2017,TB,2017-08-27 13:15:00,13,2,3,5,5,26,6,17,309,82.3,5,49,0.102,0.2941,2.0,14.0,1.0,9.0,154.0,84.1,41.0,0.2222,3.0,12.0,5.0,8.0,155.0,80.4,39.0,0.375,82.0,27.8,44.0,1000.2,0.0,6.6,4.1,149.3,SE,1.63,3.7,-0.65,day
492212,2017-09-08,2017,PIT,2017-09-08 19:15:00,19,4,1,5,0,19,5,14,285,76.0,1,43,0.0233,0.0,0.0,8.0,4.0,5.0,124.0,77.4,31.0,0.0,0.0,11.0,1.0,9.0,161.0,75.1,45.0,0.0,72.3,22.4,52.0,1003.8,0.0,6.4,4.0,96.8,E,-3.94,-1.99,-5.41,night
492227,2017-09-09,2017,PIT,2017-09-09 18:15:00,18,4,3,7,3,20,7,11,285,82.9,4,42,0.0952,0.2727,2.0,8.0,5.0,4.0,125.0,86.0,31.0,0.5,1.0,12.0,1.0,7.0,160.0,80.4,39.0,0.1429,77.1,25.0,43.3,1006.3,0.0,8.2,5.1,47.4,NE,-8.16,-7.55,-7.78,night
492242,2017-09-10,2017,PIT,2017-09-10 13:15:00,13,7,0,7,2,17,3,14,263,82.3,4,48,0.0833,0.1429,2.0,9.0,2.0,8.0,155.0,81.7,46.0,0.25,0.0,8.0,0.0,6.0,108.0,83.0,37.0,0.0,77.3,25.2,36.0,1008.7,0.0,12.2,7.6,67.3,NE,-11.29,-9.02,-12.19,day
492257,2017-09-12,2017,CIN,2017-09-12 19:15:00,19,13,4,17,2,14,10,23,312,83.4,5,58,0.0862,0.087,1.0,9.0,9.0,14.0,191.0,82.3,43.0,0.0714,1.0,5.0,1.0,9.0,121.0,84.7,38.0,0.1111,67.5,19.7,74.7,991.5,2.3,6.7,4.1,14.6,N,-5.75,-6.56,-4.25,night
492272,2017-09-13,2017,CIN,2017-09-13 19:15:00,19,0,6,6,2,13,5,13,261,84.4,2,51,0.0392,0.1538,0.0,8.0,3.0,5.0,142.0,82.9,29.0,0.0,2.0,5.0,2.0,8.0,119.0,85.6,37.0,0.25,70.0,21.1,87.0,990.7,0.0,3.5,2.2,121.0,SE,-0.85,0.37,-1.98,night
492287,2017-09-14,2017,CIN,2017-09-14 12:45:00,12,5,2,7,1,19,8,12,302,79.1,1,44,0.0227,0.0833,1.0,8.0,6.0,6.0,148.0,79.9,40.0,0.1667,0.0,11.0,1.0,6.0,154.0,78.4,44.0,0.0,81.7,27.6,45.3,995.2,0.0,5.0,3.1,167.7,S,2.72,4.0,1.1,day
492435,2017-09-25,2017,CHC,2017-09-25 19:15:00,19,2,10,12,4,13,8,18,312,81.0,5,57,0.0877,0.2222,2.0,6.0,3.0,6.0,147.0,81.1,39.0,0.3333,2.0,7.0,5.0,12.0,165.0,80.9,47.0,0.1667,81.3,27.4,54.7,995.9,0.0,7.1,4.4,174.7,S,4.51,6.1,2.38,night
492446,2017-09-26,2017,CHC,2017-09-26 19:15:00,19,8,7,15,6,21,13,17,354,82.5,7,45,0.1556,0.3529,4.0,6.0,5.0,10.0,168.0,84.4,46.0,0.4,2.0,15.0,7.0,7.0,186.0,80.2,40.0,0.2857,81.0,27.2,60.7,997.8,0.1,15.3,9.5,314.6,NW,0.09,-5.16,5.33,night
492461,2017-09-27,2017,CHC,2017-09-27 18:08:00,18,1,5,6,1,15,5,13,256,82.9,3,49,0.0612,0.0769,0.0,6.0,3.0,5.0,139.0,85.3,33.0,0.0,1.0,9.0,1.0,8.0,117.0,80.6,33.0,0.125,69.4,20.8,46.7,1002.4,0.0,14.6,9.1,345.0,N,-7.32,-11.21,-2.54,night
492475,2017-09-28,2017,CHC,2017-09-28 18:15:00,18,1,2,3,1,28,8,13,337,80.4,4,49,0.0816,0.0769,0.0,17.0,4.0,6.0,173.0,79.6,34.0,0.0,1.0,11.0,4.0,7.0,164.0,81.1,49.0,0.1429,68.7,20.4,42.7,1003.1,0.0,8.6,5.3,353.7,N,-5.35,-7.32,-2.74,night
492492,2017-09-29,2017,MIL,2017-09-29 19:15:00,19,3,5,8,3,15,7,15,283,79.8,2,48,0.0417,0.2,2.0,8.0,1.0,6.0,133.0,80.6,37.0,0.3333,1.0,7.0,6.0,9.0,150.0,79.0,42.0,0.1111,73.3,22.9,41.7,1005.1,0.0,9.8,6.1,22.3,N,-9.07,-9.82,-7.23,night
492507,2017-09-30,2017,MIL,2017-09-30 15:15:00,15,7,6,13,1,19,9,21,315,78.7,2,50,0.04,0.0476,0.0,10.0,5.0,8.0,143.0,76.3,34.0,0.0,1.0,9.0,3.0,13.0,172.0,80.3,49.0,0.0769,74.1,23.4,27.7,1006.6,0.0,12.9,8.0,84.3,E,-9.98,-6.58,-12.17,day
492522,2017-10-01,2017,MIL,2017-10-01 14:15:00,14,1,6,7,3,17,4,10,260,78.9,3,48,0.0625,0.3,1.0,8.0,2.0,3.0,128.0,76.5,36.0,0.3333,2.0,9.0,2.0,7.0,132.0,81.6,33.0,0.2857,76.3,24.6,35.3,1000.4,0.0,14.7,9.1,139.3,SE,1.11,6.06,-3.97,day
529497,2018-04-05,2018,AZ,2018-04-05 18:15:00,18,1,3,4,0,22,10,11,319,83.0,5,43,0.1163,0.0,0.0,13.0,5.0,2.0,144.0,81.7,29.0,0.0,0.0,9.0,4.0,9.0,175.0,84.0,41.0,0.0,53.7,12.1,52.7,996.4,0.0,13.0,8.1,175.0,S,8.33,11.23,4.43,night
529517,2018-04-07,2018,AZ,2018-04-07 13:15:00,13,5,3,8,1,21,7,15,289,84.8,7,45,0.1556,0.0667,1.0,9.0,0.0,10.0,136.0,85.6,39.0,0.1,0.0,12.0,7.0,5.0,153.0,83.9,37.0,0.0,38.8,3.8,43.7,1004.7,0.0,14.6,9.1,341.3,N,-6.46,-10.54,-1.61,day
529532,2018-04-08,2018,AZ,2018-04-08 13:15:00,13,1,4,5,2,15,4,12,282,84.7,5,48,0.1042,0.1667,0.0,6.0,2.0,5.0,125.0,88.1,36.0,0.0,2.0,9.0,2.0,7.0,157.0,81.6,39.0,0.2857,41.9,5.5,40.0,999.9,0.0,9.2,5.7,145.7,SE,1.71,4.71,-1.5,day
529553,2018-04-09,2018,MIL,2018-04-09 18:05:00,18,4,5,9,0,16,9,19,339,82.0,1,62,0.0161,0.0,0.0,10.0,4.0,8.0,176.0,81.6,44.0,0.0,0.0,6.0,4.0,11.0,163.0,82.4,48.0,0.0,43.2,6.2,64.7,1005.6,0.0,14.7,9.2,0.4,N,-10.49,-13.39,-6.31,night
529566,2018-04-10,2018,MIL,2018-04-10 19:15:00,19,5,3,8,2,18,13,20,371,78.0,4,64,0.0625,0.1,1.0,8.0,7.0,9.0,196.0,75.3,48.0,0.1111,1.0,10.0,4.0,11.0,175.0,80.7,47.0,0.0909,42.9,6.1,63.3,1004.5,0.0,7.3,4.5,136.7,SE,0.21,2.69,-2.3,night
529580,2018-04-11,2018,MIL,2018-04-11 12:15:00,12,2,3,5,3,14,3,15,264,81.2,2,51,0.0392,0.2,1.0,9.0,2.0,7.0,148.0,84.2,33.0,0.1429,2.0,5.0,1.0,8.0,116.0,78.8,41.0,0.25,68.1,20.0,42.3,998.7,0.0,19.1,11.9,215.7,SW,18.88,18.8,16.68,day
529693,2018-04-20,2018,CIN,2018-04-20 19:15:00,19,4,2,6,0,12,9,17,294,82.2,3,53,0.0566,0.0,0.0,7.0,6.0,8.0,156.0,81.6,39.0,0.0,0.0,5.0,2.0,9.0,138.0,82.8,42.0,0.0,50.5,10.3,45.7,1009.4,0.0,8.5,5.3,81.3,E,-6.87,-4.73,-8.19,night
529708,2018-04-21,2018,CIN,2018-04-21 13:15:00,13,4,3,7,3,12,8,15,272,84.5,2,51,0.0392,0.2,3.0,5.0,1.0,8.0,129.0,85.5,45.0,0.375,0.0,7.0,6.0,7.0,143.0,83.4,40.0,0.0,64.2,17.9,34.7,1006.6,0.0,17.0,10.6,88.7,E,-12.32,-7.56,-15.6,day
529723,2018-04-22,2018,CIN,2018-04-22 13:15:00,13,9,2,11,2,14,7,17,263,85.1,7,53,0.1321,0.1176,2.0,6.0,7.0,12.0,159.0,89.6,39.0,0.1667,0.0,8.0,0.0,5.0,104.0,80.5,37.0,0.0,58.7,14.8,53.3,1002.2,0.1,15.4,9.6,56.3,NE,-15.1,-13.15,-15.22,day
529754,2018-04-24,2018,NYM,2018-04-24 19:15:00,19,5,6,11,3,18,12,16,336,85.7,7,54,0.1296,0.1875,1.0,9.0,4.0,10.0,167.0,86.4,43.0,0.1,2.0,9.0,8.0,6.0,169.0,85.0,45.0,0.3333,60.8,16.0,70.3,997.7,0.0,5.2,3.2,238.3,SW,5.06,4.35,5.16,night
529769,2018-04-25,2018,NYM,2018-04-25 19:15:00,19,9,1,10,1,19,3,14,295,81.9,3,49,0.0612,0.0714,1.0,7.0,2.0,7.0,152.0,80.9,45.0,0.1429,0.0,12.0,1.0,7.0,143.0,83.0,39.0,0.0,58.0,14.5,80.0,997.3,0.5,7.6,4.7,301.3,NW,1.8,-0.82,4.2,night
529782,2018-04-26,2018,NYM,2018-04-26 12:15:00,12,4,3,7,0,19,4,20,383,81.6,1,76,0.0132,0.0,0.0,11.0,2.0,11.0,190.0,80.9,60.0,0.0,0.0,8.0,2.0,9.0,193.0,82.3,62.0,0.0,64.0,17.8,45.7,997.1,0.0,6.0,3.7,338.7,N,-2.42,-4.17,-0.39,day
529843,2018-05-01,2018,CWS,2018-05-01 19:15:00,19,3,2,5,2,12,6,13,290,83.0,4,51,0.0784,0.1538,2.0,5.0,2.0,7.0,141.0,83.5,41.0,0.2857,0.0,7.0,4.0,6.0,149.0,82.6,48.0,0.0,74.7,23.7,47.7,997.0,0.0,19.7,12.2,171.0,S,11.58,16.33,5.43,night
529858,2018-05-02,2018,CWS,2018-05-02 12:15:00,12,3,2,5,2,14,6,10,234,84.5,3,42,0.0714,0.2,2.0,7.0,3.0,4.0,103.0,90.4,25.0,0.5,0.0,7.0,3.0,6.0,131.0,81.2,44.0,0.0,77.8,25.4,65.7,999.3,0.7,15.8,9.8,197.0,S,13.98,15.68,10.59,day
529882,2018-05-04,2018,CHC,2018-05-04 19:15:00,19,3,2,5,1,12,5,19,274,83.5,1,57,0.0175,0.0526,1.0,7.0,5.0,9.0,151.0,86.4,38.0,0.1111,0.0,5.0,0.0,10.0,123.0,81.0,45.0,0.0,65.1,18.4,79.0,1000.5,0.0,6.6,4.1,295.0,NW,2.25,0.0,4.22,night
529897,2018-05-05,2018,CHC,2018-05-05 13:15:00,13,8,6,14,3,15,9,19,325,84.0,4,63,0.0635,0.1579,1.0,9.0,7.0,7.0,163.0,85.1,39.0,0.1429,2.0,6.0,2.0,12.0,162.0,83.2,51.0,0.1667,76.7,24.8,37.3,999.5,0.0,6.5,4.1,330.0,NW,-1.69,-3.75,0.57,day
529913,2018-05-06,2018,CHC,2018-05-06 19:05:00,19,4,3,7,4,23,12,19,450,82.7,6,73,0.0822,0.2105,2.0,13.0,7.0,10.0,234.0,81.7,60.0,0.2,2.0,10.0,4.0,9.0,216.0,83.8,58.0,0.2222,67.9,19.9,77.7,998.6,0.0,6.0,3.7,175.1,S,3.87,5.2,2.06,night
529929,2018-05-07,2018,MIN,2018-05-07 19:10:00,19,0,6,6,0,22,6,15,301,84.5,4,45,0.0889,0.0,0.0,12.0,3.0,4.0,137.0,85.0,23.0,0.0,0.0,10.0,2.0,11.0,164.0,84.2,45.0,0.0,65.7,18.7,59.3,1002.2,0.0,9.7,6.0,69.6,E,-8.85,-6.93,-9.7,night
529942,2018-05-08,2018,MIN,2018-05-08 12:15:00,12,1,7,8,2,11,5,12,278,80.2,4,55,0.0727,0.1667,1.0,7.0,2.0,2.0,137.0,76.1,42.0,0.5,1.0,4.0,3.0,10.0,141.0,83.8,47.0,0.1,77.8,25.4,33.3,1002.0,0.0,14.1,8.8,140.7,SE,1.39,6.11,-3.49,day
530058,2018-05-17,2018,PHI,2018-05-17 18:15:00,18,2,6,8,2,13,5,21,293,84.2,1,61,0.0164,0.0952,0.0,5.0,3.0,10.0,150.0,85.3,41.0,0.0,2.0,8.0,1.0,11.0,143.0,83.1,37.0,0.1818,74.8,23.8,71.7,995.0,0.0,4.6,2.9,233.4,SW,4.58,4.08,4.54,night
530073,2018-05-18,2018,PHI,2018-05-18 19:15:00,19,12,4,16,5,13,7,22,320,83.2,5,59,0.0847,0.2273,3.0,4.0,5.0,15.0,180.0,84.7,60.0,0.2,2.0,9.0,2.0,7.0,140.0,81.2,45.0,0.2857,66.9,19.4,99.0,993.0,9.4,4.9,3.1,334.2,NW,-1.63,-3.12,0.07,night
530088,2018-05-19,2018,PHI,2018-05-19 13:15:00,13,6,7,13,2,19,8,14,330,82.8,6,51,0.1176,0.1429,1.0,7.0,3.0,7.0,150.0,81.5,47.0,0.1429,1.0,12.0,5.0,7.0,180.0,84.4,37.0,0.1429,81.0,27.2,57.7,995.3,0.0,6.2,3.9,168.3,S,3.43,5.0,1.44,day
530103,2018-05-20,2018,PHI,2018-05-20 13:15:00,13,5,1,6,2,22,4,12,277,83.0,3,41,0.0732,0.1667,1.0,8.0,1.0,10.0,129.0,87.8,32.0,0.1,1.0,14.0,3.0,2.0,148.0,78.7,36.0,0.5,80.4,26.9,61.7,1000.6,0.0,2.8,1.8,132.6,SE,-0.12,0.86,-1.08,day
530112,2018-05-21,2018,KC,2018-05-21 19:15:00,19,6,0,6,2,19,2,14,250,84.3,2,44,0.0455,0.1429,2.0,10.0,1.0,10.0,141.0,85.1,38.0,0.2,0.0,9.0,1.0,4.0,109.0,83.4,33.0,0.0,72.0,22.2,91.7,997.8,0.8,5.9,3.6,158.5,S,2.34,4.04,0.35,night
530123,2018-05-22,2018,KC,2018-05-22 19:15:00,19,1,5,6,2,17,4,21,247,81.9,1,54,0.0185,0.0952,0.0,8.0,0.0,11.0,112.0,81.8,36.0,0.0,2.0,9.0,4.0,10.0,135.0,82.1,41.0,0.2,75.7,24.3,73.3,998.7,0.0,6.8,4.2,38.3,NE,-6.79,-6.65,-6.11,night
530138,2018-05-23,2018,KC,2018-05-23 12:15:00,12,2,5,7,1,22,4,14,301,82.4,2,52,0.0385,0.0714,0.0,12.0,2.0,6.0,141.0,83.8,33.0,0.0,1.0,10.0,1.0,8.0,160.0,81.3,45.0,0.125,83.1,28.4,52.3,1003.1,0.0,8.0,5.0,55.3,NE,-7.9,-6.93,-7.92,day
530251,2018-05-31,2018,PIT,2018-05-31 18:15:00,18,10,8,18,3,13,6,26,326,82.7,3,64,0.0469,0.1154,1.0,5.0,2.0,14.0,150.0,81.4,48.0,0.0714,2.0,8.0,3.0,12.0,176.0,84.1,43.0,0.1667,78.0,25.5,82.0,991.1,0.9,9.7,6.0,216.0,SW,9.61,9.55,8.51,night
530265,2018-06-01,2018,PIT,2018-06-01 19:15:00,19,0,4,4,0,12,3,13,267,84.9,4,54,0.0741,0.0,0.0,6.0,1.0,4.0,122.0,86.6,34.0,0.0,0.0,6.0,2.0,9.0,145.0,83.6,45.0,0.0,82.3,28.0,72.3,993.1,0.0,7.5,4.6,119.5,SE,-2.0,0.58,-4.34,night
530280,2018-06-02,2018,PIT,2018-06-02 13:15:00,13,3,2,5,4,15,5,10,271,84.3,6,45,0.1333,0.4,2.0,6.0,4.0,5.0,128.0,84.6,34.0,0.4,2.0,9.0,1.0,5.0,143.0,84.0,42.0,0.4,87.1,30.6,56.7,992.7,0.0,15.6,9.7,188.5,S,12.56,14.99,8.62,day
530295,2018-06-03,2018,PIT,2018-06-03 13:15:00,13,5,0,5,1,18,5,8,264,84.7,3,42,0.0714,0.125,1.0,8.0,3.0,6.0,137.0,85.7,36.0,0.1667,0.0,10.0,2.0,2.0,127.0,83.7,36.0,0.0,81.9,27.7,30.0,999.1,0.0,20.7,12.9,311.7,NW,1.21,-5.95,8.21,day
530311,2018-06-05,2018,MIA,2018-06-05 19:15:00,19,4,7,11,2,15,10,21,324,83.8,2,56,0.0357,0.0952,0.0,5.0,1.0,12.0,145.0,85.1,47.0,0.0,2.0,10.0,9.0,9.0,179.0,82.5,45.0,0.2222,77.2,25.1,54.7,993.6,0.0,7.0,4.3,203.3,SW,6.47,6.96,5.2,night
530326,2018-06-06,2018,MIA,2018-06-06 19:15:00,19,3,11,14,3,17,4,25,336,84.2,3,63,0.0476,0.12,0.0,7.0,1.0,8.0,154.0,81.9,51.0,0.0,3.0,10.0,2.0,17.0,182.0,86.4,51.0,0.1765,81.4,27.5,60.7,994.5,0.0,8.0,5.0,217.4,SW,7.9,7.78,7.06,night
530340,2018-06-07,2018,MIA,2018-06-07 12:15:00,12,4,1,5,2,14,3,15,271,86.3,2,52,0.0385,0.1333,2.0,6.0,0.0,11.0,137.0,89.3,40.0,0.1818,0.0,8.0,1.0,4.0,134.0,83.4,41.0,0.0,90.4,32.4,42.7,998.0,0.0,10.4,6.5,196.0,S,9.1,10.27,6.82,day
530393,2018-06-11,2018,SD,2018-06-11 19:15:00,19,5,2,7,4,14,3,16,286,83.6,5,52,0.0962,0.25,3.0,4.0,0.0,12.0,130.0,86.4,41.0,0.25,1.0,10.0,3.0,4.0,156.0,80.5,38.0,0.25,77.8,25.4,89.0,991.7,0.0,5.7,3.6,86.5,E,-4.3,-2.74,-5.34,night
530406,2018-06-12,2018,SD,2018-06-12 19:15:00,19,2,4,6,1,18,0,12,230,82.4,1,47,0.0213,0.0833,0.0,9.0,0.0,5.0,113.0,83.1,33.0,0.0,1.0,9.0,0.0,7.0,117.0,81.9,39.0,0.1429,82.9,28.3,65.0,994.5,0.0,4.5,2.8,255.0,W,3.9,2.89,4.43,night
530421,2018-06-13,2018,SD,2018-06-13 19:15:00,19,2,4,6,1,16,1,18,260,81.6,2,53,0.0377,0.0556,1.0,7.0,0.0,8.0,132.0,79.9,45.0,0.125,0.0,9.0,1.0,10.0,128.0,83.6,38.0,0.0,80.8,27.1,57.3,998.0,0.0,12.3,7.6,16.0,N,-10.76,-12.15,-8.07,night
530436,2018-06-15,2018,CHC,2018-06-15 19:15:00,19,5,13,18,6,12,8,23,338,82.5,7,63,0.1111,0.2609,3.0,5.0,3.0,9.0,161.0,83.8,45.0,0.3333,3.0,7.0,5.0,14.0,177.0,81.5,58.0,0.2143,84.7,29.3,70.0,995.5,0.0,8.5,5.3,176.0,S,5.58,7.43,3.05,night
530451,2018-06-16,2018,CHC,2018-06-16 19:15:00,19,3,6,9,3,15,12,19,309,83.5,4,57,0.0702,0.1579,1.0,7.0,4.0,9.0,154.0,81.8,42.0,0.1111,2.0,8.0,6.0,10.0,155.0,85.5,35.0,0.2,88.0,31.1,51.7,996.9,0.0,8.8,5.5,153.9,SE,2.85,5.52,-0.17,night
530466,2018-06-17,2018,CHC,2018-06-17 19:05:00,19,5,0,5,1,15,7,14,308,84.0,0,47,0.0,0.0714,1.0,6.0,4.0,10.0,161.0,85.6,43.0,0.1,0.0,9.0,3.0,4.0,147.0,81.9,35.0,0.0,88.4,31.3,57.3,998.2,0.0,9.0,5.6,191.0,S,7.44,8.7,5.27,night
530576,2018-06-25,2018,CLE,2018-06-25 19:15:00,19,4,0,4,0,11,8,15,274,82.3,1,51,0.0196,0.0,0.0,5.0,2.0,11.0,145.0,81.5,40.0,0.0,0.0,6.0,6.0,4.0,129.0,83.5,30.0,0.0,75.9,24.4,91.0,997.5,5.4,8.6,5.4,106.2,E,-4.15,-1.31,-6.49,night
530587,2018-06-26,2018,CLE,2018-06-26 19:15:00,19,11,2,13,4,16,3,19,289,83.4,3,55,0.0545,0.2105,4.0,7.0,2.0,13.0,151.0,83.8,44.0,0.3077,0.0,9.0,1.0,6.0,138.0,83.0,43.0,0.0,72.5,22.5,93.0,994.2,1.0,17.1,10.6,218.7,SW,17.03,16.65,15.36,night
530602,2018-06-27,2018,CLE,2018-06-27 19:15:00,19,1,5,6,2,17,4,15,291,82.7,1,53,0.0189,0.1333,0.0,8.0,1.0,6.0,132.0,82.4,39.0,0.0,2.0,9.0,2.0,9.0,159.0,83.1,35.0,0.2222,81.6,27.5,86.3,993.0,0.0,4.2,2.6,164.5,S,2.07,3.19,0.69,night
530623,2018-06-29,2018,ATL,2018-06-29 19:15:00,19,1,5,6,0,11,8,14,294,80.9,0,57,0.0,0.0,0.0,6.0,4.0,4.0,139.0,85.2,32.0,0.0,0.0,5.0,4.0,10.0,155.0,78.5,57.0,0.0,78.3,25.7,94.0,997.5,0.4,15.2,9.4,160.2,S,6.46,10.76,1.38,night
530638,2018-06-30,2018,ATL,2018-06-30 18:15:00,18,4,11,15,3,20,5,24,299,83.4,2,56,0.0357,0.125,1.0,13.0,3.0,9.0,141.0,83.4,37.0,0.1111,2.0,7.0,1.0,15.0,158.0,83.4,53.0,0.1333,83.9,28.8,82.3,995.2,0.0,12.4,7.7,170.7,S,7.25,10.27,3.36,night
530653,2018-07-01,2018,ATL,2018-07-01 13:15:00,13,5,6,11,2,15,7,13,297,84.3,2,52,0.0385,0.1538,1.0,11.0,4.0,7.0,162.0,85.7,33.0,0.1429,1.0,4.0,2.0,6.0,135.0,83.2,43.0,0.1667,88.5,31.4,61.3,994.7,0.0,16.0,10.0,194.7,S,13.84,15.77,10.23,day
530813,2018-07-13,2018,CIN,2018-07-13 19:15:00,19,1,9,10,2,11,7,18,324,83.9,4,60,0.0667,0.1111,0.0,6.0,3.0,4.0,141.0,87.2,36.0,0.0,2.0,5.0,3.0,14.0,183.0,82.0,62.0,0.1429,88.3,31.3,57.0,999.1,0.0,11.3,7.0,125.3,SE,-1.9,2.03,-5.59,night
530828,2018-07-14,2018,CIN,2018-07-14 15:10:00,15,2,8,10,1,16,5,23,282,82.1,4,58,0.069,0.0435,1.0,7.0,0.0,9.0,113.0,88.0,31.0,0.1111,0.0,9.0,4.0,14.0,169.0,78.5,50.0,0.0,88.0,31.1,65.7,997.6,4.5,9.4,5.8,224.1,SW,9.4,8.88,8.78,day
530843,2018-07-15,2018,CIN,2018-07-15 13:15:00,13,6,4,10,2,11,6,15,268,86.7,1,54,0.0185,0.1333,2.0,5.0,1.0,7.0,108.0,89.0,32.0,0.2857,0.0,6.0,4.0,8.0,160.0,85.1,45.0,0.0,82.8,28.2,75.3,997.2,9.0,8.7,5.4,210.9,SW,8.41,8.62,7.18,day
530957,2018-07-27,2018,CHC,2018-07-27 19:15:00,19,5,2,7,2,15,3,20,257,84.3,4,52,0.0769,0.1,0.0,7.0,2.0,12.0,144.0,84.9,40.0,0.0,2.0,8.0,0.0,8.0,113.0,83.6,37.0,0.25,77.1,25.1,53.7,1001.4,0.0,8.4,5.2,32.8,NE,-8.21,-8.32,-7.11,night
530972,2018-07-28,2018,CHC,2018-07-28 15:05:00,15,6,2,8,2,13,6,16,272,83.5,3,49,0.0612,0.125,1.0,8.0,4.0,9.0,143.0,84.3,40.0,0.1111,1.0,5.0,2.0,7.0,129.0,82.8,43.0,0.1429,83.4,28.5,46.7,1001.4,0.0,4.2,2.6,51.0,NE,-4.18,-3.77,-4.08,day
530987,2018-07-29,2018,CHC,2018-07-29 19:05:00,19,2,5,7,3,16,4,15,279,82.8,3,52,0.0577,0.2,1.0,9.0,1.0,5.0,137.0,82.7,34.0,0.2,2.0,7.0,3.0,10.0,142.0,82.9,43.0,0.2,69.3,20.7,92.0,999.3,4.0,7.1,4.4,82.7,E,-5.59,-3.78,-6.73,night
531002,2018-07-30,2018,COL,2018-07-30 19:10:00,19,5,4,9,3,21,9,16,319,83.7,4,52,0.0769,0.1875,2.0,9.0,4.0,7.0,149.0,85.9,40.0,0.2857,1.0,12.0,4.0,9.0,170.0,81.6,42.0,0.1111,70.9,21.6,87.3,998.0,1.2,7.0,4.4,28.1,NE,-6.73,-7.02,-5.63,night
531014,2018-07-31,2018,COL,2018-07-31 19:15:00,19,3,6,9,3,17,6,13,275,83.5,3,48,0.0625,0.2308,1.0,6.0,2.0,4.0,103.0,82.6,31.0,0.25,2.0,11.0,4.0,9.0,172.0,84.2,40.0,0.2222,68.8,20.5,90.3,998.1,0.0,5.1,3.2,355.0,N,-3.3,-4.44,-1.75,night
531029,2018-08-01,2018,COL,2018-08-01 19:15:00,19,6,3,9,0,19,10,20,371,82.0,1,52,0.0192,0.0,0.0,9.0,4.0,13.0,195.0,83.9,50.0,0.0,0.0,10.0,6.0,7.0,176.0,79.8,44.0,0.0,75.9,24.4,67.7,998.4,0.0,7.2,4.5,147.3,SE,1.55,3.87,-0.96,night
531040,2018-08-02,2018,COL,2018-08-02 12:15:00,12,3,2,5,0,16,6,15,270,81.7,1,48,0.0208,0.0,0.0,7.0,3.0,8.0,136.0,84.4,37.0,0.0,0.0,9.0,2.0,7.0,134.0,78.9,36.0,0.0,85.0,29.5,49.0,999.7,0.0,13.4,8.3,254.3,W,11.68,8.74,13.22,day
531194,2018-08-13,2018,WSH,2018-08-13 19:10:00,19,7,6,13,5,8,5,25,284,85.6,7,64,0.1094,0.2,3.0,3.0,2.0,17.0,138.0,86.2,48.0,0.1765,2.0,5.0,3.0,8.0,146.0,84.9,45.0,0.25,78.8,26.0,65.3,998.9,0.0,7.7,4.8,179.3,S,5.4,6.97,3.19,night
531209,2018-08-14,2018,WSH,2018-08-14 19:15:00,19,6,4,10,3,14,6,17,306,83.9,1,54,0.0185,0.1765,2.0,5.0,5.0,8.0,142.0,85.4,36.0,0.25,1.0,9.0,1.0,9.0,164.0,82.8,48.0,0.1111,73.2,22.9,96.7,996.4,7.1,10.7,6.6,130.1,SE,-0.92,2.77,-4.5,night
531224,2018-08-15,2018,WSH,2018-08-15 19:15:00,19,4,2,6,2,12,7,14,281,82.6,6,52,0.1154,0.1429,1.0,5.0,2.0,7.0,139.0,83.3,41.0,0.1429,1.0,7.0,4.0,7.0,142.0,82.0,48.0,0.1429,74.4,23.6,93.3,995.3,3.2,10.8,6.7,212.0,SW,10.52,10.72,9.06,night
531233,2018-08-16,2018,WSH,2018-08-16 18:15:00,18,4,5,9,1,9,9,16,322,82.9,2,64,0.0312,0.0625,1.0,4.0,5.0,6.0,148.0,84.1,48.0,0.1667,0.0,5.0,4.0,10.0,174.0,81.8,53.0,0.0,84.5,29.2,70.0,995.8,0.0,7.2,4.5,204.7,SW,6.72,7.17,5.47,night
531244,2018-08-17,2018,MIL,2018-08-17 19:15:00,19,5,2,7,1,15,10,13,295,84.0,2,47,0.0426,0.0769,1.0,7.0,4.0,6.0,148.0,85.1,35.0,0.1667,0.0,8.0,5.0,7.0,147.0,82.8,36.0,0.0,76.4,24.7,86.3,997.1,1.1,6.1,3.8,313.7,NW,0.14,-1.96,2.21,night
531259,2018-08-18,2018,MIL,2018-08-18 18:15:00,18,7,2,9,3,21,3,12,298,82.0,4,44,0.0909,0.25,1.0,10.0,3.0,6.0,159.0,83.5,39.0,0.1667,2.0,11.0,0.0,6.0,139.0,80.3,38.0,0.3333,80.6,27.0,72.3,996.5,0.2,8.1,5.0,349.5,N,-4.59,-6.59,-2.03,night
531274,2018-08-19,2018,MIL,2018-08-19 13:15:00,13,1,2,3,1,10,6,11,275,79.2,4,52,0.0769,0.0909,1.0,7.0,0.0,5.0,123.0,77.4,40.0,0.2,0.0,3.0,5.0,6.0,152.0,80.9,43.0,0.0,84.0,28.9,59.3,995.9,0.2,10.7,6.6,131.0,SE,-0.74,2.95,-4.35,day
531389,2018-08-28,2018,PIT,2018-08-28 19:15:00,19,5,2,7,2,14,4,16,268,84.5,4,48,0.0833,0.125,2.0,9.0,2.0,10.0,152.0,86.1,37.0,0.2,0.0,5.0,2.0,6.0,116.0,82.9,39.0,0.0,84.6,29.2,68.7,996.5,0.0,17.6,11.0,180.0,S,12.47,15.98,7.46,night
531403,2018-08-29,2018,PIT,2018-08-29 19:15:00,19,0,2,2,0,17,4,15,286,82.1,2,51,0.0392,0.0,0.0,10.0,3.0,5.0,144.0,81.8,45.0,0.0,0.0,7.0,1.0,10.0,142.0,82.4,52.0,0.0,75.4,24.1,82.0,1001.5,0.2,9.1,5.6,6.7,N,-7.11,-8.61,-4.76,night
531415,2018-08-30,2018,PIT,2018-08-30 18:15:00,18,5,0,5,2,20,7,13,270,83.2,2,43,0.0465,0.1538,2.0,9.0,1.0,7.0,111.0,82.4,32.0,0.2857,0.0,11.0,6.0,6.0,159.0,83.8,42.0,0.0,79.0,26.1,76.0,1000.4,0.3,5.4,3.3,91.9,E,-3.67,-2.11,-4.79,night
531421,2018-08-31,2018,CIN,2018-08-31 19:15:00,19,12,5,17,4,11,8,28,320,83.9,5,69,0.0725,0.1429,3.0,8.0,4.0,14.0,169.0,84.7,48.0,0.2143,1.0,3.0,3.0,14.0,151.0,83.1,48.0,0.0714,75.3,24.1,95.0,999.2,8.8,6.3,3.9,82.3,E,-5.01,-3.4,-6.01,night
531436,2018-09-01,2018,CIN,2018-09-01 18:15:00,18,0,4,4,0,21,5,12,292,81.1,2,43,0.0465,0.0,0.0,14.0,4.0,2.0,151.0,80.7,28.0,0.0,0.0,7.0,1.0,10.0,141.0,81.4,48.0,0.0,83.8,28.8,67.0,998.3,0.0,12.3,7.6,184.3,S,9.33,11.51,6.03,night
531451,2018-09-02,2018,CIN,2018-09-02 13:15:00,13,4,6,10,2,15,17,16,365,82.2,2,58,0.0345,0.125,0.0,8.0,6.0,9.0,192.0,81.5,42.0,0.0,2.0,7.0,8.0,7.0,173.0,82.8,49.0,0.2857,88.6,31.4,53.7,1000.4,0.0,20.4,12.7,179.7,S,14.34,18.44,8.51,day
531564,2018-09-10,2018,PIT,2018-09-10 19:15:00,19,8,7,15,4,16,3,22,274,82.9,6,56,0.1071,0.1818,1.0,8.0,2.0,9.0,125.0,83.0,35.0,0.1111,3.0,8.0,1.0,13.0,149.0,82.8,42.0,0.2308,68.8,20.4,77.0,999.3,0.0,6.6,4.1,300.7,NW,1.62,-0.65,3.7,night
531577,2018-09-11,2018,PIT,2018-09-11 19:15:00,19,11,5,16,1,19,8,21,308,82.9,2,53,0.0377,0.0476,1.0,11.0,5.0,11.0,155.0,85.9,40.0,0.0909,0.0,8.0,2.0,10.0,153.0,80.7,54.0,0.0,71.7,22.1,68.0,1001.2,0.0,9.0,5.6,147.7,SE,1.97,4.86,-1.15,night
531592,2018-09-12,2018,PIT,2018-09-12 12:15:00,12,3,4,7,0,18,5,17,276,82.8,0,52,0.0,0.0,0.0,6.0,3.0,7.0,133.0,86.9,42.0,0.0,0.0,12.0,2.0,10.0,143.0,79.2,47.0,0.0,76.1,24.5,65.0,1004.0,0.0,8.6,5.3,114.4,SE,-3.03,-0.09,-5.6,day
531598,2018-09-13,2018,LAD,2018-09-13 18:15:00,18,7,9,16,2,18,5,28,309,85.7,6,62,0.0968,0.0714,1.0,11.0,4.0,12.0,149.0,85.3,43.0,0.0833,1.0,7.0,1.0,16.0,160.0,86.0,50.0,0.0625,80.8,27.1,62.3,1000.6,0.0,3.4,2.1,183.4,S,2.57,3.19,1.63,night
531609,2018-09-14,2018,LAD,2018-09-14 19:15:00,19,0,3,3,2,22,6,9,284,82.7,3,39,0.0769,0.2222,0.0,10.0,2.0,2.0,116.0,81.5,35.0,0.0,2.0,12.0,4.0,7.0,168.0,83.9,35.0,0.2857,81.9,27.7,64.0,1001.0,0.0,3.7,2.3,192.9,S,3.11,3.59,2.25,night
531624,2018-09-15,2018,LAD,2018-09-15 12:05:00,12,4,17,21,6,20,14,21,335,83.3,7,53,0.1321,0.2857,1.0,11.0,4.0,5.0,142.0,79.6,40.0,0.2,5.0,9.0,9.0,16.0,193.0,86.6,45.0,0.3125,86.3,30.2,50.3,1002.6,0.0,11.1,6.9,47.0,NE,-11.06,-10.26,-10.53,day
531639,2018-09-16,2018,LAD,2018-09-16 19:05:00,19,5,0,5,1,23,6,12,293,83.3,1,38,0.0263,0.0833,1.0,11.0,1.0,8.0,143.0,83.8,40.0,0.125,0.0,12.0,5.0,4.0,150.0,82.4,22.0,0.0,80.6,27.0,76.7,996.9,0.0,4.7,2.9,40.7,NE,-4.69,-4.53,-4.28,night
531710,2018-09-21,2018,SF,2018-09-21 19:15:00,19,5,3,8,0,24,7,19,314,83.9,3,45,0.0667,0.0,0.0,8.0,2.0,11.0,140.0,82.9,42.0,0.0,0.0,16.0,4.0,8.0,174.0,85.2,35.0,0.0,68.9,20.5,58.0,1003.8,0.0,17.8,11.1,352.0,N,-10.72,-14.93,-5.21,night
531725,2018-09-22,2018,SF,2018-09-22 12:05:00,12,5,4,9,2,14,4,19,294,81.3,4,63,0.0635,0.1053,2.0,5.0,1.0,8.0,126.0,85.6,39.0,0.25,0.0,9.0,1.0,11.0,168.0,78.0,52.0,0.0,64.9,18.3,61.7,1005.4,0.0,10.4,6.5,63.0,NE,-9.89,-8.19,-10.39,day
531740,2018-09-23,2018,SF,2018-09-23 13:15:00,13,9,2,11,2,20,4,17,292,82.2,4,50,0.08,0.1176,1.0,9.0,4.0,12.0,154.0,83.7,41.0,0.0833,1.0,11.0,0.0,5.0,138.0,80.9,49.0,0.2,75.7,24.3,55.3,1000.5,0.0,10.0,6.2,68.6,E,-9.16,-7.24,-9.98,day
531748,2018-09-24,2018,MIL,2018-09-24 19:15:00,19,4,6,10,3,18,8,17,310,85.5,6,51,0.1176,0.1765,2.0,11.0,2.0,8.0,133.0,88.3,42.0,0.25,1.0,7.0,5.0,9.0,177.0,82.9,45.0,0.1111,71.8,22.1,93.3,995.4,0.6,8.0,5.0,150.0,SE,2.07,4.6,-0.71,night
531763,2018-09-25,2018,MIL,2018-09-25 19:15:00,19,4,12,16,5,16,8,23,315,84.4,7,63,0.1111,0.2174,1.0,7.0,4.0,8.0,151.0,82.3,44.0,0.125,4.0,9.0,2.0,15.0,164.0,86.1,53.0,0.2667,75.4,24.1,83.0,995.3,0.4,7.3,4.5,229.1,SW,7.25,6.63,6.99,night
531778,2018-09-26,2018,MIL,2018-09-26 18:10:00,18,1,2,3,0,17,11,7,285,81.7,2,42,0.0476,0.0,0.0,9.0,3.0,2.0,107.0,84.8,27.0,0.0,0.0,8.0,8.0,5.0,178.0,79.9,46.0,0.0,63.4,17.5,61.7,1003.2,0.0,6.8,4.2,339.1,N,-2.78,-4.74,-0.49,night
566567,2019-04-05,2019,SD,2019-04-04 15:15:00,15,3,5,8,4,17,8,13,291,85.6,5,50,0.1,0.3077,2.0,7.0,2.0,4.0,121.0,87.1,35.0,0.5,2.0,10.0,6.0,9.0,170.0,84.4,45.0,0.2222,54.4,12.4,91.7,999.7,5.0,13.6,8.5,135.3,SE,0.08,4.74,-4.59,day
566568,2019-04-06,2019,SD,2019-04-06 13:15:00,13,4,6,10,4,18,16,18,387,81.5,5,53,0.0943,0.2222,1.0,10.0,6.0,9.0,198.0,78.8,60.0,0.1111,3.0,8.0,10.0,9.0,189.0,84.8,47.0,0.3333,70.3,21.3,51.7,1000.1,0.0,14.4,8.9,142.7,SE,1.92,6.67,-3.07,day
566569,2019-04-07,2019,SD,2019-04-07 13:15:00,13,4,1,5,0,18,5,16,299,83.9,3,47,0.0638,0.0,0.0,6.0,3.0,10.0,150.0,84.6,42.0,0.0,0.0,12.0,2.0,6.0,149.0,83.3,39.0,0.0,75.8,24.3,56.0,993.7,0.0,19.7,12.3,217.7,SW,19.57,19.25,17.53,day
566570,2019-04-08,2019,LAD,2019-04-08 18:45:00,18,4,3,7,1,9,5,10,243,83.6,1,49,0.0204,0.1,1.0,4.0,2.0,5.0,111.0,86.2,34.0,0.2,0.0,5.0,3.0,5.0,132.0,81.1,35.0,0.0,66.6,19.2,64.3,993.3,0.0,8.8,5.4,329.7,NW,-2.22,-4.99,0.81,night
566571,2019-04-09,2019,LAD,2019-04-09 18:45:00,18,4,0,4,1,23,12,13,325,84.3,3,40,0.075,0.0769,1.0,12.0,4.0,6.0,145.0,84.4,38.0,0.1667,0.0,11.0,7.0,7.0,180.0,84.2,32.0,0.0,66.0,18.9,44.3,993.8,0.0,6.3,3.9,30.7,NE,-6.14,-6.3,-5.23,night
566572,2019-04-10,2019,LAD,2019-04-10 18:45:00,18,7,2,9,4,17,2,15,266,81.9,4,47,0.0851,0.2667,2.0,6.0,1.0,10.0,118.0,82.9,29.0,0.2,2.0,11.0,1.0,5.0,148.0,81.2,46.0,0.4,71.7,22.1,46.7,983.8,0.0,18.1,11.2,148.3,SE,4.17,9.93,-2.1,night
566573,2019-04-11,2019,LAD,2019-04-11 12:15:00,12,11,7,18,3,21,5,20,338,84.6,5,51,0.098,0.15,0.0,10.0,4.0,10.0,174.0,82.5,40.0,0.0,3.0,11.0,1.0,10.0,164.0,86.6,44.0,0.3,72.6,22.6,55.3,981.5,0.0,30.0,18.7,169.7,S,17.09,24.5,7.61,day
566574,2019-04-19,2019,NYM,2019-04-19 19:15:00,19,4,5,9,3,15,10,21,334,82.8,9,61,0.1475,0.1429,2.0,7.0,5.0,10.0,174.0,82.9,52.0,0.2,1.0,8.0,5.0,11.0,160.0,82.7,48.0,0.0909,54.0,12.2,40.7,991.6,0.0,21.4,13.3,351.7,N,-12.76,-17.85,-6.13,night
566575,2019-04-20,2019,NYM,2019-04-20 13:15:00,13,10,2,12,1,7,9,14,279,83.7,5,58,0.0862,0.0714,1.0,2.0,6.0,10.0,170.0,83.0,49.0,0.1,0.0,5.0,2.0,4.0,109.0,84.6,37.0,0.0,62.8,17.1,29.3,994.4,0.0,21.8,13.5,327.7,NW,-4.77,-11.75,2.78,day
566576,2019-04-21,2019,NYM,2019-04-21 13:15:00,13,6,4,10,4,18,5,15,294,83.2,5,51,0.098,0.2667,0.0,6.0,2.0,8.0,133.0,83.5,43.0,0.0,4.0,12.0,3.0,7.0,161.0,82.9,46.0,0.5714,75.7,24.3,37.0,998.8,0.0,16.5,10.3,168.7,S,9.17,13.32,3.91,day
566577,2019-04-22,2019,MIL,2019-04-22 18:45:00,18,13,5,18,6,22,6,22,318,87.7,5,51,0.098,0.2727,2.0,8.0,5.0,17.0,179.0,88.1,52.0,0.1176,4.0,14.0,1.0,5.0,139.0,87.0,31.0,0.8,74.4,23.5,63.3,996.2,1.9,11.1,6.9,175.9,S,7.28,9.72,3.96,night
566578,2019-04-23,2019,MIL,2019-04-23 18:45:00,18,4,3,7,4,17,7,16,320,84.0,4,47,0.0851,0.25,1.0,5.0,2.0,11.0,161.0,85.3,49.0,0.0909,3.0,12.0,3.0,5.0,159.0,82.4,37.0,0.6,61.1,16.2,84.7,998.5,0.3,8.4,5.2,18.6,N,-7.52,-8.35,-5.79,night
566579,2019-04-24,2019,MIL,2019-04-24 12:15:00,12,5,2,7,3,14,7,15,293,85.4,3,49,0.0612,0.2,2.0,6.0,3.0,10.0,146.0,83.0,40.0,0.2,1.0,8.0,3.0,5.0,147.0,87.8,38.0,0.2,63.8,17.7,86.7,995.0,1.9,4.6,2.9,190.6,S,3.79,4.45,2.68,day
566580,2019-04-26,2019,CIN,2019-04-26 19:15:00,19,1,12,13,5,17,7,22,294,84.6,6,56,0.1071,0.2273,0.0,6.0,4.0,8.0,128.0,85.7,34.0,0.0,5.0,11.0,3.0,14.0,166.0,83.9,52.0,0.3571,55.1,12.8,61.3,997.9,0.0,9.4,5.9,287.1,W,4.42,1.3,7.0,night
566581,2019-04-27,2019,CIN,2019-04-27 13:15:00,13,6,3,9,1,10,5,16,249,85.9,2,53,0.0377,0.0625,1.0,3.0,3.0,9.0,118.0,87.6,31.0,0.1111,0.0,7.0,2.0,7.0,131.0,84.5,39.0,0.0,65.0,18.3,72.0,986.6,0.5,23.5,14.6,184.6,S,17.93,22.06,11.64,day
566582,2019-04-28,2019,CIN,2019-04-28 13:15:00,13,5,2,7,0,14,5,15,275,80.9,1,50,0.02,0.0,0.0,8.0,3.0,7.0,148.0,80.4,38.0,0.0,0.0,6.0,1.0,8.0,127.0,81.4,40.0,0.0,56.7,13.7,54.3,1002.3,0.0,13.5,8.4,101.7,E,-7.42,-3.11,-10.83,day
566583,2019-05-06,2019,PHI,2019-05-06 19:05:00,19,6,0,6,3,11,7,12,287,83.8,6,49,0.1224,0.25,3.0,4.0,5.0,7.0,156.0,84.8,44.0,0.4286,0.0,7.0,0.0,5.0,131.0,82.7,39.0,0.0,67.7,19.8,64.7,998.9,0.0,8.8,5.5,149.0,SE,2.14,4.94,-0.92,night
566584,2019-05-07,2019,PHI,2019-05-07 18:45:00,18,1,11,12,3,17,6,16,295,85.9,3,52,0.0577,0.1875,1.0,12.0,2.0,4.0,144.0,85.8,33.0,0.25,2.0,5.0,4.0,12.0,151.0,86.0,42.0,0.1667,72.2,22.3,68.0,999.3,0.0,8.9,5.6,43.3,NE,-8.93,-8.48,-8.3,night
566585,2019-05-08,2019,PHI,2019-05-08 12:15:00,12,0,5,5,1,11,6,10,270,80.7,1,52,0.0192,0.1,0.0,5.0,3.0,3.0,119.0,83.2,33.0,0.0,1.0,6.0,3.0,7.0,151.0,78.9,48.0,0.1429,78.7,26.0,60.3,992.7,0.0,26.9,16.7,164.3,S,13.16,20.38,4.36,day
566586,2019-05-09,2019,PIT,2019-05-09 18:45:00,18,17,4,21,1,16,10,26,324,85.1,4,62,0.0645,0.0385,0.0,10.0,8.0,16.0,189.0,86.0,48.0,0.0,1.0,6.0,2.0,10.0,135.0,84.1,45.0,0.1,58.9,15.0,70.3,996.3,0.0,16.3,10.1,312.7,NW,0.66,-4.94,6.18,night
566587,2019-05-10,2019,PIT,2019-05-10 19:15:00,19,1,2,3,1,18,3,19,264,83.8,2,52,0.0385,0.0526,0.0,7.0,2.0,10.0,132.0,84.2,37.0,0.0,1.0,11.0,1.0,9.0,132.0,83.4,36.0,0.1111,54.3,12.4,69.0,1003.0,0.0,7.7,4.8,112.8,SE,-2.91,-0.3,-5.17,night
566588,2019-05-11,2019,PIT,2019-05-11 13:15:00,13,1,2,3,0,19,6,6,269,83.2,3,41,0.0732,0.0,0.0,8.0,5.0,2.0,146.0,84.6,34.0,0.0,0.0,11.0,1.0,4.0,123.0,81.8,35.0,0.0,50.8,10.5,76.7,996.9,1.9,13.1,8.1,37.0,NE,-12.97,-12.81,-11.57,day
566589,2019-05-12,2019,PIT,2019-05-12 13:15:00,13,6,10,16,3,12,9,26,330,86.0,5,65,0.0769,0.1154,2.0,6.0,3.0,12.0,166.0,86.5,50.0,0.1667,1.0,6.0,5.0,14.0,164.0,85.6,49.0,0.0714,54.1,12.3,70.7,993.1,0.3,11.3,7.0,322.4,NW,-1.44,-5.18,2.46,day
566590,2019-05-22,2019,KC,2019-05-21 19:15:00,19,10,3,13,5,16,9,20,330,84.2,4,51,0.0784,0.25,4.0,11.0,5.0,12.0,175.0,83.8,48.0,0.3333,1.0,5.0,4.0,8.0,155.0,84.7,37.0,0.125,68.9,20.5,87.7,989.1,14.9,11.1,6.9,227.7,SW,11.09,10.24,10.6,night
566591,2019-05-22,2019,KC,2019-05-22 12:15:00,12,2,8,10,1,13,9,12,285,84.7,1,51,0.0196,0.0833,0.0,4.0,4.0,4.0,125.0,86.5,33.0,0.0,1.0,9.0,4.0,8.0,160.0,83.3,42.0,0.125,81.9,27.7,49.0,994.0,0.0,22.7,14.1,187.0,S,17.86,21.56,12.01,day
566592,2019-05-24,2019,ATL,2019-05-24 19:15:00,19,2,5,7,4,22,0,19,269,85.9,4,49,0.0816,0.2105,1.0,11.0,0.0,7.0,127.0,86.2,37.0,0.1429,3.0,11.0,0.0,12.0,142.0,85.5,38.0,0.25,81.0,27.2,64.7,996.8,0.0,12.6,7.8,190.7,S,10.38,12.18,7.33,night
566593,2019-05-25,2019,ATL,2019-05-25 18:15:00,18,6,3,9,1,10,5,16,238,85.4,2,53,0.0377,0.0625,1.0,8.0,1.0,9.0,116.0,81.8,38.0,0.1111,0.0,2.0,3.0,7.0,122.0,89.4,34.0,0.0,81.9,27.7,69.7,998.2,0.0,9.6,5.9,196.2,S,8.38,9.45,6.3,night
566594,2019-05-26,2019,ATL,2019-05-26 18:05:00,18,3,4,7,0,18,12,12,368,82.3,0,54,0.0,0.0,0.0,5.0,6.0,3.0,162.0,84.4,45.0,0.0,0.0,13.0,5.0,9.0,206.0,80.7,61.0,0.0,76.8,24.9,77.3,999.4,0.3,4.7,2.9,330.7,NW,-1.26,-2.72,0.35,night
566595,2019-05-31,2019,CHC,2019-05-31 19:15:00,19,2,1,3,0,15,9,11,304,82.0,1,50,0.02,0.0,0.0,9.0,5.0,5.0,154.0,82.4,38.0,0.0,0.0,6.0,4.0,6.0,150.0,81.5,40.0,0.0,74.5,23.6,64.7,995.7,0.0,3.6,2.2,66.2,NE,-3.33,-2.68,-3.57,night
566596,2019-06-01,2019,CHC,2019-06-01 18:15:00,18,7,4,11,5,22,3,19,298,85.2,5,47,0.1064,0.2632,3.0,8.0,1.0,12.0,143.0,85.5,36.0,0.25,2.0,14.0,2.0,7.0,155.0,85.0,38.0,0.2857,78.1,25.6,61.3,992.2,0.0,15.2,9.4,243.0,SW,14.42,11.95,15.16,night
566597,2019-06-02,2019,CHC,2019-06-02 13:15:00,13,2,1,3,0,14,10,7,255,84.0,0,39,0.0,0.0,0.0,5.0,2.0,4.0,103.0,85.6,33.0,0.0,0.0,9.0,8.0,3.0,152.0,82.2,28.0,0.0,77.2,25.1,50.3,997.4,0.0,15.2,9.4,351.0,N,-8.93,-12.6,-4.19,day
566598,2019-06-04,2019,CIN,2019-06-04 19:15:00,19,1,4,5,2,18,6,16,306,82.6,4,52,0.0769,0.125,1.0,14.0,4.0,6.0,156.0,85.9,31.0,0.1667,1.0,4.0,2.0,10.0,150.0,80.7,53.0,0.1,76.3,24.6,84.3,993.1,2.1,16.4,10.2,204.0,SW,15.31,16.4,12.38,night
566600,2019-06-06,2019,CIN,2019-06-06 12:15:00,12,3,1,4,1,17,5,14,273,81.9,3,48,0.0625,0.0714,1.0,11.0,0.0,9.0,147.0,78.9,40.0,0.1111,0.0,6.0,3.0,5.0,126.0,85.5,34.0,0.0,76.4,24.7,77.3,993.9,0.2,4.1,2.5,316.3,NW,-0.09,-1.48,1.31,day
566601,2019-06-17,2019,MIA,2019-06-17 19:15:00,19,5,0,5,2,14,0,16,263,80.6,1,52,0.0192,0.125,2.0,8.0,0.0,8.0,136.0,78.4,52.0,0.25,0.0,6.0,0.0,8.0,127.0,83.5,40.0,0.0,70.2,21.2,97.3,996.3,1.5,7.8,4.8,17.7,N,-6.93,-7.74,-5.29,night
566602,2019-06-18,2019,MIA,2019-06-18 19:15:00,19,0,6,6,2,16,5,10,269,83.6,5,46,0.1087,0.2,0.0,7.0,4.0,2.0,135.0,81.7,34.0,0.0,2.0,9.0,1.0,8.0,134.0,85.1,42.0,0.25,74.7,23.7,89.0,993.2,1.3,3.7,2.3,337.0,NW,-1.39,-2.48,-0.13,night
566603,2019-06-19,2019,MIA,2019-06-19 19:15:00,19,2,1,3,1,23,7,11,336,81.1,2,51,0.0392,0.0909,1.0,13.0,5.0,6.0,182.0,82.0,42.0,0.1667,0.0,10.0,1.0,5.0,154.0,80.4,50.0,0.0,71.2,21.8,88.7,986.3,8.8,6.9,4.3,209.9,SW,6.63,6.84,5.62,night
566604,2019-06-20,2019,MIA,2019-06-20 18:15:00,18,6,7,13,3,20,5,27,383,87.2,6,70,0.0857,0.1111,1.0,9.0,2.0,16.0,206.0,87.2,66.0,0.0625,2.0,11.0,2.0,11.0,177.0,87.0,45.0,0.1818,77.2,25.1,65.0,992.7,0.0,4.8,3.0,247.3,SW,4.44,3.55,4.8,night
566605,2019-06-21,2019,LAA,2019-06-21 19:15:00,19,5,1,6,1,13,8,16,302,84.0,2,51,0.0392,0.0625,1.0,5.0,6.0,8.0,154.0,85.3,47.0,0.125,0.0,8.0,2.0,8.0,148.0,82.3,38.0,0.0,72.8,22.7,83.3,991.7,0.0,15.8,9.8,137.3,SE,0.64,5.99,-4.78,night
566606,2019-06-22,2019,LAA,2019-06-22 13:15:00,13,4,2,6,3,14,4,11,276,82.2,2,49,0.0408,0.2727,1.0,6.0,2.0,5.0,119.0,84.6,37.0,0.2,2.0,8.0,2.0,6.0,157.0,80.0,42.0,0.3333,85.0,29.5,67.0,996.5,0.0,4.7,2.9,114.2,SE,-1.66,-0.07,-3.05,day
566607,2019-06-23,2019,LAA,2019-06-23 18:05:00,18,4,6,10,1,16,8,25,343,83.8,3,61,0.0492,0.04,1.0,7.0,1.0,10.0,149.0,84.6,50.0,0.1,0.0,9.0,7.0,15.0,194.0,83.2,58.0,0.0,76.2,24.6,83.7,989.7,0.7,15.0,9.3,224.3,SW,14.97,14.12,14.0,night
566608,2019-06-25,2019,ATH,2019-06-25 19:15:00,19,3,7,10,3,17,6,20,335,82.9,2,57,0.0351,0.15,0.0,9.0,5.0,10.0,197.0,79.9,54.0,0.0,3.0,8.0,1.0,10.0,138.0,86.5,47.0,0.3,79.2,26.2,68.7,997.4,0.0,9.6,5.9,194.3,S,8.23,9.4,6.06,night
566609,2019-06-26,2019,ATH,2019-06-26 18:15:00,18,0,2,2,2,19,2,13,283,80.7,3,48,0.0625,0.1538,0.0,8.0,1.0,5.0,141.0,79.4,47.0,0.0,2.0,11.0,1.0,8.0,142.0,82.3,37.0,0.25,75.7,24.3,79.7,1001.7,0.0,13.8,8.6,186.2,S,10.74,13.04,7.14,night
566610,2019-07-12,2019,AZ,2019-07-12 19:15:00,19,2,4,6,4,20,4,10,282,82.6,3,43,0.0698,0.4,1.0,12.0,3.0,4.0,145.0,83.6,42.0,0.25,3.0,8.0,1.0,6.0,137.0,81.6,45.0,0.5,80.8,27.1,63.7,997.0,0.0,7.2,4.5,78.9,E,-6.0,-4.26,-7.02,night
566611,2019-07-13,2019,AZ,2019-07-13 18:15:00,18,4,2,6,2,17,9,11,267,84.3,2,46,0.0435,0.1818,1.0,7.0,4.0,7.0,132.0,83.2,36.0,0.1429,1.0,10.0,5.0,4.0,135.0,85.6,33.0,0.25,86.2,30.1,52.3,998.2,0.0,5.8,3.6,147.0,SE,1.2,3.06,-0.8,night
566612,2019-07-14,2019,AZ,2019-07-14 13:15:00,13,5,2,7,1,17,5,17,261,84.4,2,49,0.0408,0.0588,1.0,7.0,1.0,9.0,115.0,85.1,36.0,0.1111,0.0,10.0,4.0,8.0,146.0,83.7,36.0,0.0,88.0,31.1,51.7,1002.0,0.2,14.9,9.3,180.0,S,10.54,13.5,6.3,day
566613,2019-07-15,2019,PIT,2019-07-15 19:15:00,19,7,0,7,2,13,4,16,263,84.7,4,50,0.08,0.125,2.0,10.0,4.0,8.0,163.0,86.3,41.0,0.25,0.0,3.0,0.0,8.0,100.0,83.2,43.0,0.0,73.1,22.8,93.7,995.6,4.0,15.7,9.7,128.4,SE,-1.81,3.62,-7.03,night
566614,2019-07-16,2019,PIT,2019-07-16 19:15:00,19,1,3,4,0,12,7,10,263,80.3,0,48,0.0,0.0,0.0,3.0,3.0,5.0,126.0,78.4,46.0,0.0,0.0,9.0,3.0,5.0,137.0,83.0,35.0,0.0,78.1,25.6,91.3,994.6,0.0,5.0,3.1,276.5,W,3.09,1.58,4.23,night
566615,2019-07-17,2019,PIT,2019-07-17 12:15:00,12,6,5,11,3,19,5,18,296,82.8,3,50,0.06,0.1667,2.0,10.0,3.0,7.0,148.0,81.3,36.0,0.2857,1.0,9.0,1.0,11.0,148.0,83.9,49.0,0.0909,87.6,30.9,68.3,997.8,0.2,7.0,4.3,185.4,S,5.37,6.56,3.52,day
566616,2019-07-26,2019,HOU,2019-07-26 19:15:00,19,5,3,8,3,20,8,13,300,81.9,3,44,0.0682,0.2308,2.0,8.0,4.0,8.0,143.0,80.8,42.0,0.25,1.0,12.0,4.0,5.0,157.0,83.1,41.0,0.2,77.7,25.4,66.0,1004.2,0.0,6.9,4.3,167.3,S,3.69,5.46,1.47,night
566617,2019-07-27,2019,HOU,2019-07-27 18:15:00,18,2,8,10,2,16,9,18,300,82.2,4,53,0.0755,0.1111,1.0,9.0,3.0,7.0,131.0,82.9,44.0,0.1429,1.0,7.0,6.0,11.0,169.0,81.6,51.0,0.0909,84.0,28.9,54.7,1002.7,0.0,9.9,6.1,199.4,S,8.9,9.82,6.9,night
566618,2019-07-28,2019,HOU,2019-07-28 13:15:00,13,2,6,8,4,22,5,22,330,85.3,4,54,0.0741,0.1818,1.0,10.0,2.0,9.0,159.0,84.6,43.0,0.1111,3.0,12.0,3.0,13.0,171.0,86.0,40.0,0.2308,89.8,32.1,38.7,1000.7,0.0,17.7,11.0,198.0,S,15.77,17.57,12.07,day
566619,2019-07-30,2019,CHC,2019-07-30 19:15:00,19,2,1,3,1,21,6,13,279,85.4,2,42,0.0476,0.0769,1.0,11.0,0.0,7.0,125.0,85.3,29.0,0.1429,0.0,10.0,5.0,6.0,154.0,85.6,39.0,0.0,76.7,24.8,66.0,999.8,0.0,5.8,3.6,335.0,NW,-2.0,-3.75,-0.0,night
566620,2019-07-31,2019,CHC,2019-07-31 19:15:00,19,0,2,2,0,17,2,17,280,77.1,2,53,0.0377,0.0,0.0,10.0,0.0,9.0,132.0,73.4,50.0,0.0,0.0,7.0,2.0,8.0,148.0,81.9,38.0,0.0,77.2,25.1,62.3,1001.7,0.0,8.3,5.2,33.7,NE,-8.14,-8.21,-7.09,night
566621,2019-08-01,2019,CHC,2019-08-01 18:15:00,18,8,0,8,1,20,4,15,277,83.9,1,46,0.0217,0.0667,1.0,9.0,2.0,14.0,155.0,84.5,41.0,0.0714,0.0,11.0,2.0,1.0,122.0,83.2,35.0,0.0,78.0,25.6,51.7,1001.2,0.0,9.6,6.0,17.3,N,-8.5,-9.51,-6.46,night
566622,2019-08-09,2019,PIT,2019-08-09 19:15:00,19,6,2,8,1,15,4,17,263,84.7,4,50,0.08,0.0588,1.0,10.0,1.0,10.0,139.0,81.5,37.0,0.1,0.0,5.0,2.0,7.0,124.0,87.8,38.0,0.0,80.1,26.7,66.0,996.6,0.0,7.5,4.7,33.3,NE,-7.38,-7.45,-6.41,night
566623,2019-08-10,2019,PIT,2019-08-10 18:15:00,18,3,1,4,1,18,5,13,242,84.6,3,41,0.0732,0.0769,0.0,9.0,3.0,7.0,119.0,84.4,28.0,0.0,1.0,9.0,2.0,6.0,123.0,84.8,43.0,0.1667,85.0,29.4,51.3,996.4,0.0,6.1,3.8,102.0,E,-3.34,-1.38,-4.9,night
566624,2019-08-11,2019,PIT,2019-08-11 13:15:00,13,11,9,20,6,15,5,27,321,83.1,7,60,0.1167,0.2222,3.0,7.0,4.0,14.0,172.0,82.7,54.0,0.2143,3.0,8.0,1.0,13.0,149.0,83.6,46.0,0.2308,87.8,31.0,62.0,998.0,0.0,9.7,6.0,225.4,SW,9.7,9.09,9.14,day
566625,2019-08-19,2019,MIL,2019-08-19 18:45:00,18,3,0,3,1,13,7,6,262,83.5,2,44,0.0455,0.1667,1.0,5.0,2.0,5.0,113.0,84.2,33.0,0.2,0.0,8.0,4.0,1.0,149.0,82.7,35.0,0.0,82.6,28.1,82.3,998.2,0.0,4.8,3.0,225.0,SW,4.83,4.54,4.54,night
566626,2019-08-20,2019,MIL,2019-08-20 18:45:00,18,9,4,13,0,19,11,22,349,83.9,2,52,0.0385,0.0,0.0,9.0,9.0,10.0,179.0,81.8,43.0,0.0,0.0,10.0,2.0,12.0,170.0,85.6,49.0,0.0,78.7,25.9,83.3,997.5,0.0,11.4,7.1,179.3,S,7.96,10.27,4.69,night
566627,2019-08-21,2019,MIL,2019-08-21 18:45:00,18,3,5,8,1,13,9,14,280,85.3,2,46,0.0435,0.0714,0.0,9.0,3.0,6.0,121.0,83.8,29.0,0.0,1.0,4.0,5.0,8.0,159.0,86.4,42.0,0.125,83.2,28.5,75.7,996.7,0.0,6.2,3.9,105.4,E,-3.08,-1.04,-4.74,night
566628,2019-08-22,2019,COL,2019-08-22 18:45:00,18,6,5,11,4,13,7,17,271,86.2,4,53,0.0755,0.2353,3.0,7.0,5.0,9.0,142.0,88.7,37.0,0.3333,1.0,6.0,2.0,8.0,129.0,84.2,45.0,0.125,74.2,23.4,89.7,997.3,1.8,4.5,2.8,38.9,NE,-4.51,-4.4,-4.07,night
566629,2019-08-23,2019,COL,2019-08-23 19:15:00,19,8,3,11,1,13,8,18,293,86.2,2,56,0.0357,0.0556,1.0,1.0,5.0,13.0,147.0,88.4,47.0,0.0769,0.0,12.0,3.0,5.0,146.0,82.7,30.0,0.0,74.6,23.7,71.0,1001.4,0.0,9.4,5.8,68.0,E,-8.65,-6.87,-9.39,night
566630,2019-08-24,2019,COL,2019-08-24 18:15:00,18,6,0,6,2,12,11,10,290,84.2,3,46,0.0652,0.2,2.0,4.0,8.0,6.0,146.0,82.1,38.0,0.3333,0.0,8.0,3.0,4.0,144.0,86.6,34.0,0.0,72.8,22.7,58.7,1001.0,0.0,10.0,6.2,74.3,E,-8.69,-6.49,-9.83,night
566631,2019-08-25,2019,COL,2019-08-25 13:15:00,13,11,4,15,4,19,11,22,362,83.8,4,53,0.0755,0.1818,2.0,5.0,6.0,15.0,162.0,84.5,47.0,0.1333,2.0,14.0,5.0,7.0,200.0,83.2,54.0,0.2857,74.2,23.5,80.0,996.9,3.1,10.9,6.8,107.0,E,-5.12,-1.52,-8.1,day
566599,2019-08-31,2019,CIN,2019-06-05 19:15:00,19,10,6,16,3,15,7,19,300,86.0,3,54,0.0556,0.1579,2.0,6.0,4.0,12.0,161.0,88.1,49.0,0.1667,1.0,9.0,3.0,7.0,139.0,83.3,39.0,0.1429,73.1,22.8,93.3,992.9,15.2,10.0,6.2,328.1,NW,-2.27,-5.47,1.19,night
566633,2019-08-31,2019,CIN,2019-08-31 18:15:00,18,3,2,5,2,15,6,11,261,85.9,5,47,0.1064,0.1818,0.0,7.0,2.0,8.0,135.0,89.2,33.0,0.0,2.0,8.0,3.0,3.0,126.0,83.0,38.0,0.6667,75.4,24.1,79.7,1001.1,0.0,9.6,6.0,66.7,NE,-8.95,-7.19,-9.63,night
566632,2019-09-01,2019,CIN,2019-08-30 19:15:00,19,3,5,8,3,22,7,13,320,83.3,3,45,0.0667,0.2308,1.0,14.0,3.0,6.0,154.0,80.8,29.0,0.1667,2.0,8.0,4.0,7.0,166.0,85.0,43.0,0.2857,72.3,22.4,91.7,1002.2,12.2,10.5,6.5,89.4,E,-7.53,-4.55,-9.59,night
566634,2019-09-01,2019,CIN,2019-09-01 12:05:00,12,4,3,7,1,16,2,11,271,82.6,2,47,0.0426,0.0909,0.0,6.0,2.0,6.0,139.0,82.0,39.0,0.0,1.0,10.0,0.0,5.0,132.0,83.2,39.0,0.2,78.2,25.7,74.0,1002.0,0.3,10.0,6.2,293.2,NW,3.72,0.31,6.68,day
566635,2019-09-02,2019,SF,2019-09-02 13:15:00,13,3,1,4,1,11,4,11,265,84.9,0,51,0.0,0.0909,0.0,6.0,3.0,6.0,126.0,85.2,38.0,0.0,1.0,5.0,1.0,5.0,139.0,84.6,37.0,0.2,81.2,27.3,60.3,1002.7,0.0,1.7,1.1,210.2,SW,1.64,1.69,1.4,day
566636,2019-09-03,2019,SF,2019-09-03 18:45:00,18,1,0,1,1,17,2,7,229,80.2,2,40,0.05,0.1429,1.0,8.0,1.0,5.0,106.0,80.6,29.0,0.2,0.0,9.0,1.0,2.0,123.0,79.9,39.0,0.0,84.7,29.3,72.3,996.2,0.0,10.7,6.6,206.7,SW,10.16,10.7,8.39,night
566637,2019-09-04,2019,SF,2019-09-04 18:45:00,18,8,9,17,4,14,8,28,365,81.2,6,70,0.0857,0.1429,1.0,5.0,3.0,13.0,169.0,79.4,62.0,0.0769,3.0,9.0,5.0,15.0,196.0,83.3,54.0,0.2,75.7,24.3,66.3,1001.5,0.0,8.3,5.2,358.0,N,-5.66,-7.39,-3.24,night
566638,2019-09-05,2019,SF,2019-09-05 12:15:00,12,10,0,10,2,12,8,16,295,83.4,4,56,0.0714,0.125,2.0,7.0,6.0,12.0,159.0,85.0,44.0,0.1667,0.0,5.0,2.0,4.0,136.0,81.7,40.0,0.0,76.2,24.5,60.3,1003.2,0.0,2.7,1.7,79.7,E,-2.22,-1.56,-2.61,day
566639,2019-09-13,2019,MIL,2019-09-13 19:15:00,19,10,0,10,2,21,12,10,327,82.9,3,38,0.0789,0.2,2.0,13.0,7.0,8.0,180.0,83.5,37.0,0.25,0.0,8.0,5.0,2.0,147.0,82.3,36.0,0.0,71.7,22.0,63.7,1004.4,0.0,8.1,5.0,329.7,NW,-2.04,-4.59,0.75,night
566640,2019-09-14,2019,MIL,2019-09-14 18:15:00,18,2,5,7,3,25,4,14,291,84.2,3,42,0.0714,0.2143,1.0,8.0,0.0,7.0,135.0,83.7,42.0,0.1429,2.0,17.0,4.0,7.0,156.0,84.9,34.0,0.2857,77.6,25.3,50.7,1003.0,0.0,9.5,5.9,151.3,SE,2.68,5.65,-0.61,night
566641,2019-09-15,2019,MIL,2019-09-15 13:15:00,13,6,7,13,6,16,7,17,309,84.0,6,54,0.1111,0.3529,4.0,10.0,4.0,5.0,139.0,82.5,39.0,0.8,2.0,6.0,3.0,12.0,170.0,85.2,51.0,0.1667,89.8,32.1,47.7,1000.8,0.0,12.3,7.6,213.0,SW,12.03,12.18,10.43,day
566642,2019-09-16,2019,WSH,2019-09-16 18:45:00,18,4,2,6,2,12,8,10,272,83.1,3,48,0.0625,0.2,1.0,11.0,6.0,5.0,159.0,80.1,41.0,0.2,1.0,1.0,2.0,5.0,113.0,86.8,34.0,0.2,82.7,28.2,76.7,999.6,0.0,5.2,3.3,7.5,N,-4.15,-4.99,-2.82,night
566643,2019-09-17,2019,WSH,2019-09-17 18:45:00,18,2,6,8,1,21,8,18,309,84.6,2,50,0.04,0.0556,0.0,14.0,4.0,6.0,154.0,82.9,28.0,0.0,1.0,7.0,3.0,12.0,155.0,85.6,44.0,0.0833,82.5,28.0,66.7,998.9,0.0,6.5,4.0,70.6,E,-5.86,-4.54,-6.47,night
566644,2019-09-18,2019,WSH,2019-09-18 12:15:00,12,5,1,6,2,15,3,17,257,81.7,2,51,0.0392,0.1176,2.0,12.0,1.0,8.0,128.0,78.7,35.0,0.25,0.0,3.0,2.0,9.0,129.0,83.7,51.0,0.0,86.1,30.0,57.0,1000.8,0.0,6.0,3.7,103.0,E,-3.16,-1.24,-4.7,day
566645,2019-09-27,2019,CHC,2019-09-27 19:15:00,19,2,8,10,3,25,12,18,381,83.0,3,48,0.0625,0.1667,1.0,12.0,5.0,8.0,186.0,83.5,44.0,0.125,2.0,13.0,6.0,10.0,195.0,82.5,43.0,0.2,80.7,27.1,61.7,989.7,0.0,19.6,12.2,181.0,S,14.12,17.94,8.61,night
566646,2019-09-28,2019,CHC,2019-09-28 18:15:00,18,6,8,14,6,21,7,22,342,83.4,8,54,0.1481,0.2727,2.0,14.0,6.0,6.0,184.0,82.7,43.0,0.3333,4.0,7.0,1.0,16.0,158.0,84.0,55.0,0.25,78.6,25.9,77.7,998.4,0.0,5.7,3.5,86.2,E,-4.26,-2.73,-5.28,night
566647,2019-09-29,2019,CHC,2019-09-29 14:15:00,14,9,0,9,3,14,9,12,261,83.9,2,45,0.0444,0.25,3.0,7.0,8.0,9.0,170.0,84.5,47.0,0.3333,0.0,7.0,1.0,3.0,91.0,83.0,30.0,0.0,83.9,28.8,67.7,1000.8,0.9,9.7,6.0,183.3,S,7.27,9.05,4.62,day
630989,2020-07-24,2020,PIT,2020-07-24 19:15:00,19,5,4,9,3,15,3,17,262,81.1,1,51,0.0196,0.1765,3.0,9.0,3.0,9.0,139.0,81.2,36.0,0.3333,0.0,6.0,0.0,8.0,123.0,81.1,40.0,0.0,81.1,27.3,84.3,1001.3,0.1,7.3,4.5,115.3,SE,-2.44,0.04,-4.64,night
630992,2020-07-25,2020,PIT,2020-07-25 13:15:00,13,9,1,10,1,14,4,13,253,80.1,2,51,0.0392,0.0769,1.0,7.0,2.0,10.0,135.0,78.1,51.0,0.1,0.0,7.0,2.0,3.0,118.0,82.7,40.0,0.0,86.8,30.4,68.3,1001.2,0.8,10.8,6.7,151.8,SE,3.13,6.49,-0.6,day
630993,2020-07-26,2020,PIT,2020-07-26 13:15:00,13,1,5,6,2,17,6,13,267,86.9,2,45,0.0444,0.1538,0.0,10.0,3.0,5.0,144.0,84.1,38.0,0.0,2.0,7.0,3.0,8.0,123.0,89.7,38.0,0.25,89.1,31.7,63.0,1000.4,0.1,10.4,6.5,206.7,SW,9.87,10.4,8.16,day
630996,2020-08-17,2020,CHC,2020-08-07 19:15:00,19,4,5,9,4,16,13,8,254,82.5,4,32,0.125,0.5,3.0,6.0,4.0,5.0,118.0,88.1,26.0,0.6,1.0,10.0,8.0,3.0,136.0,76.4,24.0,0.3333,76.0,24.5,66.3,1002.0,0.0,8.5,5.3,124.7,SE,-1.52,1.42,-4.28,night
630997,2020-08-19,2020,CHC,2020-08-08 19:15:00,19,2,4,6,0,17,5,9,234,85.9,3,32,0.0938,0.0,0.0,9.0,3.0,3.0,113.0,80.7,29.0,0.0,0.0,8.0,2.0,6.0,121.0,90.9,31.0,0.0,78.3,25.7,90.0,1001.6,2.6,8.1,5.0,140.3,SE,0.75,3.45,-2.04,night
630986,2020-08-20,2020,CIN,2020-08-20 19:15:00,19,5,4,9,1,17,9,15,304,82.8,0,50,0.0,0.0667,0.0,11.0,5.0,7.0,155.0,80.9,31.0,0.0,1.0,6.0,4.0,8.0,149.0,84.0,50.0,0.125,72.5,22.5,67.3,996.4,0.0,6.7,4.2,76.7,E,-5.7,-4.16,-6.56,night
630990,2020-08-21,2020,CIN,2020-08-21 19:15:00,19,2,4,6,1,16,9,5,300,77.2,4,44,0.0909,0.2,0.0,7.0,5.0,3.0,144.0,76.5,42.0,0.0,1.0,9.0,4.0,2.0,156.0,77.8,47.0,0.5,74.1,23.4,75.0,995.9,0.0,6.5,4.0,58.3,NE,-6.29,-5.4,-6.42,night
630991,2020-08-22,2020,CIN,2020-08-22 19:15:00,19,3,0,3,1,10,7,11,252,81.7,2,48,0.0417,0.0909,1.0,6.0,5.0,7.0,134.0,77.9,35.0,0.1429,0.0,4.0,2.0,4.0,118.0,85.1,39.0,0.0,77.5,25.3,72.0,996.4,0.0,6.8,4.2,174.0,S,4.3,5.86,2.22,night
630976,2020-08-23,2020,CIN,2020-08-23 13:15:00,13,6,2,8,3,11,12,15,311,81.4,3,53,0.0566,0.2,2.0,8.0,6.0,12.0,179.0,81.2,47.0,0.1667,1.0,3.0,6.0,3.0,132.0,81.7,42.0,0.3333,88.5,31.4,46.7,998.8,0.0,6.1,3.8,245.7,SW,5.74,4.65,6.13,day
630977,2020-08-24,2020,KC,2020-08-24 19:15:00,19,9,3,12,2,11,9,16,324,84.0,4,58,0.069,0.125,1.0,6.0,7.0,12.0,181.0,84.6,57.0,0.0833,1.0,5.0,2.0,4.0,143.0,83.2,47.0,0.25,82.7,28.2,77.0,999.4,0.0,5.6,3.5,344.7,N,-2.78,-4.27,-0.95,night
630978,2020-08-25,2020,KC,2020-08-25 19:15:00,19,4,5,9,1,15,9,18,291,84.1,2,51,0.0392,0.0556,0.0,8.0,6.0,8.0,159.0,83.6,46.0,0.0,1.0,7.0,3.0,10.0,132.0,84.7,38.0,0.1,82.3,28.0,68.3,999.4,0.0,7.9,4.9,145.3,SE,1.41,3.97,-1.32,night
630979,2020-08-26,2020,KC,2020-08-26 19:15:00,19,6,5,11,2,20,13,16,334,81.0,2,48,0.0417,0.125,0.0,14.0,8.0,9.0,195.0,81.4,52.0,0.0,2.0,6.0,3.0,7.0,139.0,80.5,43.0,0.2857,77.2,25.1,90.7,997.2,0.0,11.7,7.3,182.3,S,8.63,10.83,5.39,night
630999,2020-08-27,2020,PIT,2020-08-10 19:15:00,19,3,4,7,1,7,6,13,246,81.4,2,53,0.0377,0.0769,1.0,3.0,4.0,7.0,120.0,82.1,36.0,0.1429,0.0,4.0,2.0,6.0,126.0,80.9,48.0,0.0,73.5,23.0,92.0,998.5,3.2,16.0,10.0,53.2,NE,-15.87,-14.13,-15.7,night
631000,2020-08-27,2020,PIT,2020-08-11 19:15:00,19,0,2,2,0,6,4,11,193,86.7,2,45,0.0444,0.0,0.0,3.0,2.0,5.0,91.0,83.8,29.0,0.0,0.0,3.0,2.0,6.0,102.0,89.3,31.0,0.0,75.0,23.9,90.0,998.5,0.7,5.5,3.4,66.8,NE,-5.14,-4.12,-5.53,night
630980,2020-08-28,2020,CLE,2020-08-28 19:15:00,19,2,14,16,4,10,13,26,412,82.1,3,66,0.0455,0.1538,1.0,5.0,6.0,6.0,180.0,81.7,58.0,0.1667,3.0,5.0,7.0,20.0,232.0,82.3,83.0,0.15,80.1,26.7,85.3,989.7,0.0,3.7,2.3,246.1,SW,3.45,2.79,3.7,night
630981,2020-08-29,2020,CLE,2020-08-29 12:15:00,12,1,2,3,1,23,11,9,377,79.6,3,52,0.0577,0.1111,0.0,11.0,3.0,4.0,173.0,77.8,54.0,0.0,1.0,12.0,6.0,5.0,204.0,81.4,53.0,0.2,81.4,27.5,61.3,995.6,0.0,14.7,9.1,312.0,NW,0.77,-4.3,5.74,day
630982,2020-08-30,2020,CLE,2020-08-30 13:15:00,13,7,2,9,2,13,4,15,255,80.3,2,49,0.0408,0.1333,1.0,4.0,2.0,11.0,133.0,82.2,45.0,0.0909,1.0,9.0,2.0,4.0,122.0,78.1,39.0,0.25,79.5,26.4,49.7,993.1,0.0,6.8,4.2,100.7,E,-3.81,-1.67,-5.5,day
630998,2020-09-05,2020,CHC,2020-08-09 18:08:00,18,5,1,6,2,12,8,9,223,82.0,3,34,0.0882,0.2222,2.0,4.0,2.0,6.0,86.0,84.0,29.0,0.3333,0.0,8.0,6.0,3.0,137.0,80.0,30.0,0.0,81.7,27.6,82.7,998.3,5.2,6.7,4.1,139.9,SE,0.57,2.8,-1.74,night
630983,2020-09-08,2020,MIN,2020-09-08 14:15:00,14,3,7,10,4,16,4,15,263,83.9,1,41,0.0244,0.2667,1.0,11.0,2.0,4.0,136.0,81.1,47.0,0.25,3.0,5.0,2.0,11.0,127.0,86.5,50.0,0.2727,81.0,27.2,71.3,997.7,1.0,9.3,5.8,218.1,SW,9.2,9.03,8.26,day
630984,2020-09-08,2020,MIN,2020-09-08 14:20:00,14,6,4,10,2,13,9,12,256,82.3,2,39,0.0513,0.1667,0.0,6.0,6.0,5.0,135.0,80.4,41.0,0.0,2.0,7.0,3.0,7.0,121.0,84.3,40.0,0.2857,81.0,27.2,71.3,997.7,1.0,9.3,5.8,218.1,SW,9.2,9.03,8.26,day
630994,2020-09-10,2020,DET,2020-08-05 14:15:00,14,12,2,14,6,13,6,17,279,81.5,4,42,0.0952,0.3529,5.0,6.0,4.0,12.0,158.0,84.8,52.0,0.4167,1.0,7.0,2.0,5.0,121.0,77.4,42.0,0.2,75.1,24.0,45.7,1002.3,0.0,3.9,2.4,39.3,NE,-3.85,-3.75,-3.49,day
630995,2020-09-10,2020,DET,2020-08-06 12:10:00,12,3,6,9,3,15,7,19,244,83.3,5,42,0.119,0.1579,1.0,6.0,3.0,8.0,113.0,83.5,31.0,0.125,2.0,9.0,3.0,11.0,131.0,83.2,40.0,0.1818,76.8,24.9,50.3,1003.0,0.0,6.0,3.7,89.3,E,-4.29,-2.6,-5.47,day
630985,2020-09-11,2020,CIN,2020-09-11 19:15:00,19,1,3,4,1,14,5,10,255,80.4,1,47,0.0213,0.1,0.0,6.0,3.0,2.0,112.0,80.2,32.0,0.0,1.0,8.0,2.0,8.0,143.0,80.6,46.0,0.125,78.2,25.7,71.7,1000.1,0.0,6.8,4.2,130.6,SE,-0.52,1.83,-2.8,night
630988,2020-09-12,2020,CIN,2020-09-12 19:15:00,19,7,1,8,4,16,10,12,291,84.0,4,45,0.0889,0.3333,4.0,8.0,6.0,9.0,162.0,86.0,37.0,0.4444,0.0,8.0,4.0,3.0,129.0,82.2,41.0,0.0,70.2,21.2,92.3,997.2,0.0,6.0,3.7,221.0,SW,6.02,5.8,5.51,night
630961,2020-09-13,2020,CIN,2020-09-13 13:15:00,13,5,10,15,3,22,12,21,389,84.5,7,52,0.1346,0.1429,0.0,8.0,7.0,8.0,169.0,84.6,45.0,0.0,3.0,14.0,4.0,13.0,220.0,84.4,55.0,0.2308,76.3,24.6,56.0,1002.1,0.0,9.5,5.9,349.7,N,-5.42,-7.78,-2.41,day
630987,2020-09-18,2020,PIT,2020-08-12 13:15:00,13,7,2,9,2,21,4,10,226,76.5,2,29,0.069,0.2,1.0,8.0,2.0,6.0,109.0,76.1,33.0,0.1667,1.0,13.0,2.0,4.0,117.0,76.9,32.0,0.25,82.1,27.8,70.0,999.7,0.0,5.5,3.4,116.1,SE,-1.78,0.11,-3.45,day
630975,2020-09-24,2020,MIL,2020-09-24 19:15:00,19,4,2,6,1,21,8,19,346,79.4,3,48,0.0625,0.0526,1.0,11.0,5.0,10.0,166.0,79.3,49.0,0.1,0.0,10.0,3.0,9.0,180.0,79.4,54.0,0.0,65.4,18.6,76.0,996.0,0.0,8.3,5.2,157.7,S,3.21,5.65,0.39,night
630963,2020-09-25,2020,MIL,2020-09-25 16:15:00,16,0,3,3,1,14,5,11,224,81.2,2,34,0.0588,0.0909,0.0,7.0,1.0,5.0,103.0,79.0,26.0,0.0,1.0,7.0,4.0,6.0,121.0,83.2,28.0,0.1667,78.4,25.8,52.7,995.7,0.0,11.7,7.2,161.0,S,5.12,8.4,1.23,day
630964,2020-09-26,2020,MIL,2020-09-26 18:07:00,18,0,3,3,2,20,3,11,245,78.2,2,44,0.0455,0.1818,0.0,11.0,1.0,2.0,129.0,76.8,40.0,0.0,2.0,9.0,2.0,9.0,116.0,79.4,44.0,0.2222,75.9,24.4,60.0,992.0,0.0,17.8,11.1,177.3,S,11.99,15.76,6.76,night
630965,2020-09-27,2020,MIL,2020-09-27 14:15:00,14,5,2,7,1,18,7,12,294,80.7,6,43,0.1395,0.0833,1.0,8.0,2.0,7.0,137.0,81.2,43.0,0.1429,0.0,10.0,5.0,5.0,157.0,80.2,45.0,0.0,78.6,25.9,62.7,990.9,0.1,4.3,2.7,185.6,S,3.35,4.09,2.21,day
634568,2021-04-08,2021,MIL,2021-04-08 15:15:00,15,3,1,4,1,23,5,11,293,82.4,2,39,0.0513,0.0909,1.0,12.0,1.0,5.0,140.0,82.7,35.0,0.2,0.0,11.0,3.0,6.0,153.0,82.2,44.0,0.0,57.7,14.3,56.7,984.9,0.1,21.5,13.4,224.7,SW,21.5,20.24,20.16,day
632222,2021-04-10,2021,MIL,2021-04-10 13:15:00,13,5,9,14,3,13,11,24,365,84.0,8,62,0.129,0.125,1.0,7.0,5.0,11.0,174.0,84.6,59.0,0.0909,2.0,6.0,6.0,13.0,191.0,83.4,65.0,0.1538,58.3,14.6,67.7,979.9,0.2,31.2,19.4,243.7,SW,29.53,24.34,31.16,day
632196,2021-04-11,2021,MIL,2021-04-11 13:15:00,13,3,9,12,3,12,12,17,329,86.8,5,57,0.0877,0.1765,0.0,3.0,4.0,8.0,157.0,88.6,46.0,0.0,3.0,9.0,7.0,9.0,172.0,85.3,51.0,0.3333,65.0,18.3,33.3,983.8,0.0,26.0,16.2,286.0,W,12.61,4.07,19.62,day
632230,2021-04-12,2021,WSH,2021-04-12 18:45:00,18,2,5,7,2,20,7,18,293,82.6,3,50,0.06,0.1111,1.0,11.0,3.0,6.0,146.0,80.5,50.0,0.1667,1.0,9.0,4.0,12.0,147.0,85.0,44.0,0.0833,58.9,15.0,54.7,997.4,0.2,7.9,4.9,325.0,NW,-1.38,-3.97,1.38,night
634502,2021-04-13,2021,WSH,2021-04-13 18:45:00,18,14,3,17,3,16,9,21,319,82.0,6,56,0.1071,0.1429,3.0,7.0,5.0,15.0,166.0,84.5,49.0,0.2,0.0,9.0,2.0,6.0,153.0,79.7,53.0,0.0,60.3,15.7,38.3,1002.9,0.0,1.9,1.2,229.0,SW,1.93,1.77,1.86,night
634541,2021-04-14,2021,WSH,2021-04-14 12:15:00,12,0,6,6,1,17,10,13,298,80.4,2,48,0.0417,0.0769,0.0,8.0,3.0,4.0,137.0,80.3,42.0,0.0,1.0,9.0,6.0,9.0,161.0,80.5,40.0,0.1111,58.3,14.6,45.7,1003.6,0.0,11.2,7.0,324.3,NW,-1.82,-5.49,2.07,day
634378,2021-04-23,2021,CIN,2021-04-23 19:15:00,19,5,4,9,2,26,8,14,298,82.0,4,39,0.1026,0.1429,1.0,12.0,4.0,6.0,144.0,82.1,36.0,0.1667,1.0,14.0,4.0,8.0,154.0,81.8,42.0,0.125,55.8,13.2,67.0,995.4,0.0,13.2,8.2,127.0,SE,-1.84,2.75,-6.21,night
634395,2021-04-24,2021,CIN,2021-04-24 13:15:00,13,2,0,2,0,8,4,10,244,82.7,3,53,0.0566,0.0,0.0,2.0,2.0,7.0,124.0,80.4,41.0,0.0,0.0,6.0,2.0,3.0,120.0,84.9,43.0,0.0,55.4,13.0,87.0,993.2,3.0,14.6,9.1,4.0,N,-10.99,-13.6,-7.06,day
634456,2021-04-25,2021,CIN,2021-04-25 13:15:00,13,5,2,7,3,13,4,14,281,82.4,4,49,0.0816,0.2143,2.0,5.0,1.0,9.0,134.0,82.8,45.0,0.2222,1.0,8.0,3.0,5.0,147.0,82.0,45.0,0.2,63.4,17.5,48.0,1000.8,0.0,5.4,3.4,93.1,E,-3.63,-2.03,-4.79,day
634345,2021-04-26,2021,PHI,2021-04-26 18:45:00,18,1,2,3,2,17,3,8,232,84.3,2,42,0.0476,0.25,0.0,9.0,3.0,2.0,125.0,82.7,41.0,0.0,2.0,8.0,0.0,6.0,107.0,85.9,39.0,0.3333,72.5,22.5,52.7,990.6,0.0,24.9,15.5,173.3,S,15.46,21.22,7.84,night
634318,2021-04-27,2021,PHI,2021-04-27 18:45:00,18,5,2,7,0,16,2,15,249,84.8,5,50,0.1,0.0,0.0,10.0,0.0,12.0,131.0,85.5,38.0,0.0,0.0,6.0,2.0,3.0,118.0,84.2,44.0,0.0,76.2,24.5,61.7,991.6,0.0,18.3,11.4,194.3,S,15.77,18.02,11.62,night
634314,2021-04-28,2021,PHI,2021-04-28 18:45:00,18,3,5,8,3,18,7,14,285,79.6,4,48,0.0833,0.2143,2.0,8.0,2.0,8.0,134.0,82.0,47.0,0.25,1.0,10.0,4.0,6.0,151.0,77.1,46.0,0.1667,68.7,20.4,91.7,992.1,9.5,15.5,9.7,176.7,S,10.33,13.67,5.73,night
634352,2021-04-29,2021,PHI,2021-04-29 12:15:00,12,4,3,7,1,24,3,14,285,81.3,2,45,0.0444,0.0714,1.0,11.0,0.0,4.0,121.0,81.2,36.0,0.25,0.0,13.0,1.0,10.0,164.0,81.4,52.0,0.0,68.4,20.2,74.0,995.3,0.3,19.7,12.2,336.3,NW,-7.15,-12.99,-0.46,day
634292,2021-05-03,2021,NYM,2021-05-03 18:45:00,18,6,5,11,3,12,9,16,303,83.0,4,52,0.0769,0.1875,2.0,5.0,2.0,9.0,144.0,84.9,47.0,0.2222,1.0,7.0,6.0,7.0,159.0,81.6,59.0,0.1429,74.3,23.5,70.3,985.7,0.0,12.5,7.8,251.8,W,11.19,8.58,12.44,night
634239,2021-05-05,2021,NYM,2021-05-04 18:45:00,18,2,7,9,2,5,4,20,220,82.3,5,56,0.0893,0.1,0.0,2.0,1.0,11.0,108.0,83.4,43.0,0.0,2.0,3.0,3.0,9.0,112.0,81.1,37.0,0.2222,56.2,13.4,86.7,994.8,0.9,13.6,8.4,338.0,N,-5.3,-9.25,-0.71,night
634250,2021-05-05,2021,NYM,2021-05-05 16:15:00,16,4,1,5,2,13,5,10,212,79.8,3,38,0.0789,0.2,2.0,8.0,1.0,8.0,111.0,82.7,40.0,0.25,0.0,5.0,4.0,2.0,101.0,76.1,32.0,0.0,65.4,18.5,41.0,1002.4,0.0,5.6,3.5,332.3,NW,-1.66,-3.38,0.26,day
634223,2021-05-06,2021,NYM,2021-05-06 12:15:00,12,1,4,5,0,21,11,12,320,80.4,2,47,0.0426,0.0,0.0,10.0,0.0,3.0,128.0,78.5,50.0,0.0,0.0,11.0,11.0,9.0,192.0,82.1,53.0,0.0,62.5,17.0,59.0,1000.9,2.0,22.0,13.6,298.9,NW,6.07,-1.51,12.93,day
634200,2021-05-07,2021,COL,2021-05-07 19:15:00,19,5,0,5,2,17,2,12,262,82.0,2,46,0.0435,0.1667,2.0,9.0,1.0,8.0,130.0,81.6,48.0,0.25,0.0,8.0,1.0,4.0,132.0,82.3,41.0,0.0,63.1,17.3,52.3,997.7,0.0,9.3,5.8,289.1,W,4.07,0.96,6.68,night
634165,2021-05-08,2021,COL,2021-05-08 13:15:00,13,9,8,17,1,11,12,23,331,81.2,1,61,0.0164,0.0435,1.0,4.0,5.0,12.0,161.0,81.3,55.0,0.0833,0.0,7.0,6.0,11.0,170.0,81.1,62.0,0.0,58.3,14.6,46.3,998.7,0.1,21.4,13.3,120.3,SE,-5.42,1.99,-12.17,day
634194,2021-05-09,2021,COL,2021-05-09 13:15:00,13,2,0,2,1,12,7,11,246,80.6,2,49,0.0408,0.0909,1.0,7.0,1.0,8.0,124.0,81.8,43.0,0.125,0.0,5.0,4.0,3.0,122.0,79.2,35.0,0.0,53.6,12.0,69.3,994.1,0.0,23.7,14.7,351.3,N,-14.06,-19.75,-6.67,day
634109,2021-05-18,2021,PIT,2021-05-18 18:45:00,18,5,2,7,1,11,5,17,259,83.6,3,57,0.0526,0.0588,1.0,5.0,3.0,11.0,120.0,84.4,48.0,0.0909,0.0,6.0,2.0,6.0,139.0,82.8,48.0,0.0,68.1,20.1,82.0,999.7,0.9,19.2,12.0,141.3,SE,2.12,8.53,-4.54,night
634026,2021-05-19,2021,PIT,2021-05-19 18:45:00,18,8,5,13,1,20,13,19,335,83.6,3,50,0.06,0.0526,0.0,9.0,8.0,10.0,164.0,85.0,52.0,0.0,1.0,11.0,4.0,9.0,171.0,82.2,54.0,0.1111,73.1,22.8,69.0,1002.1,0.0,13.5,8.4,132.0,SE,-0.71,3.95,-5.27,night
634022,2021-05-21,2021,CHC,2021-05-21 19:15:00,19,3,12,15,1,11,7,21,291,82.6,3,62,0.0484,0.0476,0.0,7.0,0.0,9.0,123.0,83.7,49.0,0.0,1.0,4.0,5.0,12.0,168.0,81.7,58.0,0.0833,75.4,24.1,63.0,1008.5,0.0,10.9,6.8,135.0,SE,-0.0,3.72,-3.72,night
634032,2021-05-22,2021,CHC,2021-05-22 18:15:00,18,2,1,3,1,18,3,11,229,81.3,1,44,0.0227,0.0909,1.0,7.0,0.0,6.0,99.0,83.2,43.0,0.1667,0.0,11.0,3.0,5.0,130.0,79.2,38.0,0.0,74.1,23.4,72.7,1007.7,0.0,7.0,4.3,355.8,N,-4.58,-6.11,-2.49,night
633973,2021-05-23,2021,CHC,2021-05-23 18:08:00,18,1,2,3,1,17,9,9,316,78.1,3,52,0.0577,0.1111,0.0,7.0,6.0,6.0,172.0,77.0,55.0,0.0,1.0,10.0,3.0,3.0,144.0,79.8,39.0,0.3333,79.9,26.6,58.0,1003.1,0.0,6.2,3.8,193.2,S,5.24,6.04,3.81,night
633809,2021-06-03,2021,CIN,2021-06-03 19:15:00,19,2,4,6,1,15,7,16,288,81.8,3,53,0.0566,0.0625,0.0,8.0,5.0,6.0,140.0,79.9,39.0,0.0,1.0,7.0,2.0,10.0,148.0,83.4,48.0,0.1,72.9,22.7,64.7,996.6,0.0,6.1,3.8,254.1,W,5.33,3.99,6.02,night
633825,2021-06-04,2021,CIN,2021-06-04 19:15:00,19,4,6,10,3,17,8,16,309,80.6,4,52,0.0769,0.1875,1.0,11.0,4.0,7.0,159.0,79.9,45.0,0.1429,2.0,6.0,3.0,9.0,150.0,81.3,48.0,0.2222,75.0,23.9,65.3,997.6,0.0,7.7,4.8,159.7,S,3.21,5.41,0.63,night
633797,2021-06-05,2021,CIN,2021-06-05 13:15:00,13,2,5,7,2,18,5,16,278,81.2,6,53,0.1132,0.125,0.0,10.0,1.0,7.0,120.0,80.4,40.0,0.0,2.0,8.0,3.0,9.0,158.0,81.8,59.0,0.2222,85.1,29.5,40.3,997.2,0.0,12.9,8.0,193.3,S,10.95,12.6,7.98,day
633808,2021-06-06,2021,CIN,2021-06-06 13:15:00,13,7,8,15,4,20,8,24,346,83.2,5,55,0.0909,0.1667,1.0,12.0,4.0,14.0,184.0,84.4,63.0,0.0714,3.0,8.0,4.0,10.0,162.0,81.8,59.0,0.3,82.6,28.1,60.7,995.1,0.2,17.6,10.9,162.0,S,7.98,12.85,2.14,day
633778,2021-06-08,2021,CLE,2021-06-08 19:15:00,19,1,10,11,1,23,6,21,303,82.9,1,51,0.0196,0.0476,0.0,11.0,3.0,6.0,134.0,81.4,39.0,0.0,1.0,12.0,3.0,15.0,169.0,84.0,50.0,0.0667,73.0,22.8,92.3,996.3,0.1,3.7,2.3,130.3,SE,-0.3,0.98,-1.54,night
633775,2021-06-09,2021,CLE,2021-06-09 19:15:00,19,8,2,10,3,18,4,13,286,79.9,3,46,0.0652,0.2308,3.0,11.0,4.0,10.0,166.0,82.3,52.0,0.3,0.0,7.0,0.0,3.0,120.0,77.1,45.0,0.0,76.2,24.5,88.3,996.8,0.0,4.0,2.5,222.0,SW,3.99,3.82,3.68,night
633727,2021-06-14,2021,MIA,2021-06-14 19:15:00,19,4,2,6,0,13,6,15,262,81.9,2,49,0.0408,0.0,0.0,4.0,2.0,10.0,123.0,83.5,46.0,0.0,0.0,9.0,3.0,5.0,139.0,80.2,39.0,0.0,83.4,28.6,46.3,997.1,0.0,14.3,8.9,13.3,N,-12.16,-14.0,-8.86,night
633694,2021-06-15,2021,MIA,2021-06-15 19:15:00,19,2,1,3,1,19,7,9,265,77.5,1,39,0.0256,0.1111,1.0,9.0,1.0,6.0,123.0,79.9,33.0,0.1667,0.0,10.0,6.0,3.0,142.0,75.5,40.0,0.0,79.3,26.3,53.0,999.0,0.0,8.0,5.0,36.7,NE,-7.92,-7.83,-7.04,night
633709,2021-06-16,2021,MIA,2021-06-16 12:15:00,12,1,0,1,0,13,2,12,225,82.0,0,49,0.0,0.0,0.0,7.0,1.0,6.0,108.0,77.5,39.0,0.0,0.0,6.0,1.0,6.0,117.0,86.4,40.0,0.0,84.4,29.1,44.0,1000.7,0.0,6.8,4.2,33.7,NE,-6.7,-6.76,-5.84,day
633502,2021-06-24,2021,PIT,2021-06-24 19:15:00,19,2,8,10,3,7,13,16,308,83.9,3,59,0.0508,0.1875,0.0,4.0,5.0,4.0,147.0,83.0,42.0,0.0,3.0,3.0,7.0,12.0,161.0,84.7,53.0,0.25,78.9,26.0,85.7,996.6,0.1,11.1,6.9,161.8,S,5.03,8.12,1.33,night
633498,2021-06-25,2021,PIT,2021-06-25 19:15:00,19,4,5,9,2,13,9,18,309,82.6,2,57,0.0351,0.1111,2.0,7.0,6.0,9.0,163.0,84.6,49.0,0.2222,0.0,6.0,3.0,9.0,146.0,80.4,44.0,0.0,81.3,27.4,83.3,993.1,1.7,17.6,11.0,157.9,S,6.87,12.01,0.9,night
633589,2021-06-26,2021,PIT,2021-06-26 13:15:00,13,3,1,4,3,14,5,13,254,81.5,4,48,0.0833,0.2308,2.0,4.0,4.0,6.0,120.0,82.4,45.0,0.3333,1.0,10.0,1.0,7.0,134.0,80.5,47.0,0.1429,90.3,32.4,50.0,993.1,0.0,29.1,18.1,202.3,S,26.85,29.07,21.4,day
633482,2021-06-27,2021,PIT,2021-06-27 13:15:00,13,2,7,9,2,17,7,15,279,82.3,3,50,0.06,0.1333,0.0,6.0,2.0,3.0,115.0,85.0,39.0,0.0,2.0,11.0,5.0,12.0,164.0,80.4,53.0,0.1667,85.2,29.5,72.7,997.4,9.9,11.6,7.2,202.9,SW,10.71,11.56,8.58,day
633490,2021-06-28,2021,AZ,2021-06-28 19:15:00,19,7,1,8,2,11,4,17,320,81.5,2,58,0.0345,0.1176,1.0,5.0,1.0,10.0,141.0,82.7,50.0,0.1,1.0,6.0,2.0,7.0,179.0,80.6,66.0,0.1429,77.2,25.1,89.3,1002.7,1.8,3.4,2.1,77.1,E,-2.91,-2.11,-3.36,night
633508,2021-06-29,2021,AZ,2021-06-29 19:15:00,19,3,2,5,1,19,9,12,295,79.4,1,43,0.0233,0.0833,1.0,9.0,4.0,6.0,148.0,80.4,50.0,0.1667,0.0,10.0,5.0,6.0,147.0,78.2,42.0,0.0,78.6,25.9,86.7,1003.6,0.0,8.5,5.3,355.3,N,-5.51,-7.41,-2.95,night
633426,2021-06-30,2021,AZ,2021-06-30 12:15:00,12,7,4,11,0,9,8,18,299,84.4,4,60,0.0667,0.0,0.0,3.0,1.0,12.0,131.0,85.3,51.0,0.0,0.0,6.0,7.0,6.0,168.0,83.5,52.0,0.0,77.6,25.3,83.3,1002.0,0.5,3.2,2.0,15.6,N,-2.76,-3.12,-2.06,day
633285,2021-07-16,2021,SF,2021-07-16 19:15:00,19,2,7,9,4,17,6,21,308,81.0,4,58,0.069,0.1905,1.0,9.0,4.0,11.0,164.0,77.5,54.0,0.0909,3.0,8.0,1.0,10.0,144.0,84.4,53.0,0.3,73.8,23.2,91.3,997.1,0.1,3.6,2.3,239.4,SW,3.52,3.0,3.62,night
633281,2021-07-17,2021,SF,2021-07-17 18:15:00,18,3,1,4,2,8,4,13,249,83.0,4,55,0.0727,0.1538,2.0,4.0,0.0,7.0,106.0,81.5,46.0,0.2857,0.0,4.0,3.0,6.0,143.0,84.7,38.0,0.0,79.7,26.5,64.3,1001.1,0.0,8.5,5.3,37.1,NE,-8.39,-8.28,-7.48,night
633228,2021-07-18,2021,SF,2021-07-18 13:15:00,13,2,1,3,2,18,7,10,278,82.2,3,43,0.0698,0.2,1.0,8.0,2.0,5.0,117.0,83.2,48.0,0.2,1.0,10.0,4.0,5.0,161.0,81.3,48.0,0.2,83.1,28.4,53.0,1002.4,0.0,10.9,6.8,51.3,NE,-10.87,-9.8,-10.62,day
633226,2021-07-19,2021,CHC,2021-07-19 19:15:00,19,8,3,11,3,17,3,19,269,83.4,4,53,0.0755,0.1579,2.0,10.0,2.0,10.0,138.0,82.0,46.0,0.2,1.0,7.0,1.0,9.0,131.0,84.9,45.0,0.1111,77.3,25.2,67.0,1001.7,0.0,10.5,6.5,32.3,NE,-10.21,-10.38,-8.81,night
633230,2021-07-20,2021,CHC,2021-07-20 19:15:00,19,6,7,13,3,23,7,16,337,83.4,3,48,0.0625,0.1875,3.0,11.0,1.0,10.0,161.0,82.5,57.0,0.3,0.0,12.0,5.0,6.0,176.0,84.6,46.0,0.0,77.3,25.2,72.3,1000.1,0.0,7.1,4.4,12.0,N,-5.98,-6.95,-4.29,night
633241,2021-07-21,2021,CHC,2021-07-21 19:15:00,19,3,2,5,0,15,4,20,301,80.6,4,60,0.0667,0.0,0.0,9.0,2.0,12.0,159.0,79.3,56.0,0.0,0.0,6.0,1.0,8.0,142.0,82.0,48.0,0.0,80.4,26.9,77.7,1001.7,0.1,4.3,2.7,233.0,SW,4.23,3.77,4.17,night
633178,2021-07-22,2021,CHC,2021-07-22 18:15:00,18,3,2,5,2,19,8,8,262,83.0,4,38,0.1053,0.25,2.0,9.0,5.0,5.0,139.0,81.8,42.0,0.4,0.0,10.0,3.0,3.0,123.0,84.5,31.0,0.0,84.0,28.9,63.3,1002.2,0.0,6.5,4.0,179.0,S,4.52,5.84,2.64,night
633119,2021-07-30,2021,MIN,2021-07-30 19:15:00,19,5,1,6,0,9,5,17,258,82.9,0,56,0.0,0.0,0.0,4.0,3.0,8.0,138.0,84.3,42.0,0.0,0.0,5.0,2.0,9.0,120.0,81.5,41.0,0.0,79.0,26.1,66.3,1001.0,0.0,10.6,6.6,69.0,E,-9.68,-7.63,-10.57,night
633127,2021-07-31,2021,MIN,2021-07-31 18:15:00,18,1,8,9,1,24,5,17,293,83.5,2,47,0.0426,0.0588,0.0,14.0,3.0,5.0,133.0,77.5,36.0,0.0,1.0,10.0,2.0,12.0,160.0,87.2,58.0,0.0833,73.9,23.3,80.3,997.7,0.2,11.5,7.1,3.3,N,-8.56,-10.65,-5.43,night
633024,2021-08-01,2021,MIN,2021-08-01 13:15:00,13,7,3,10,2,13,4,18,256,82.1,4,55,0.0727,0.1111,1.0,6.0,2.0,12.0,154.0,80.9,65.0,0.0833,1.0,7.0,1.0,6.0,102.0,84.1,37.0,0.1667,82.1,27.8,54.7,1000.0,0.1,13.9,8.6,338.7,N,-5.58,-9.6,-0.89,day
633032,2021-08-03,2021,ATL,2021-08-03 19:15:00,19,1,6,7,2,13,4,18,275,82.4,3,54,0.0556,0.1111,0.0,8.0,1.0,8.0,141.0,83.2,55.0,0.0,2.0,5.0,3.0,10.0,134.0,81.3,45.0,0.2,73.0,22.8,61.0,1000.8,0.0,7.0,4.3,49.7,NE,-6.98,-6.36,-6.75,night
633037,2021-08-04,2021,ATL,2021-08-04 19:15:00,19,4,7,11,3,15,5,17,315,83.0,5,56,0.0893,0.1765,1.0,7.0,2.0,7.0,153.0,80.7,55.0,0.1429,2.0,8.0,3.0,10.0,162.0,85.4,51.0,0.2,77.5,25.3,53.0,1001.6,0.0,3.4,2.1,73.4,E,-3.02,-2.28,-3.4,night
633043,2021-08-05,2021,ATL,2021-08-05 19:15:00,19,4,8,12,3,7,11,15,319,85.9,6,58,0.1034,0.2,1.0,5.0,3.0,8.0,156.0,87.1,45.0,0.125,2.0,2.0,7.0,7.0,163.0,84.8,53.0,0.2857,78.3,25.7,52.0,1000.1,0.0,9.7,6.0,149.3,SE,2.4,5.47,-0.96,night
632982,2021-08-06,2021,KC,2021-08-06 19:15:00,19,4,2,6,2,18,5,16,256,84.6,3,47,0.0638,0.125,2.0,10.0,3.0,9.0,140.0,83.1,39.0,0.2222,0.0,8.0,2.0,7.0,116.0,86.0,41.0,0.0,81.0,27.2,65.3,998.1,0.0,10.9,6.8,186.0,S,8.44,10.27,5.59,night
632968,2021-08-07,2021,KC,2021-08-07 18:15:00,18,5,2,7,1,16,7,15,289,80.6,3,48,0.0625,0.0667,1.0,7.0,5.0,10.0,133.0,81.2,44.0,0.1,0.0,9.0,2.0,5.0,156.0,80.2,58.0,0.0,86.6,30.3,53.7,996.4,0.0,12.7,7.9,163.0,S,5.95,9.41,1.76,night
632985,2021-08-08,2021,KC,2021-08-08 13:15:00,13,5,6,11,1,15,8,18,331,80.6,3,56,0.0536,0.0556,1.0,9.0,6.0,9.0,188.0,79.3,55.0,0.1111,0.0,6.0,2.0,9.0,143.0,81.9,53.0,0.0,91.5,33.1,41.7,995.3,0.0,20.4,12.7,189.0,S,16.53,19.64,11.43,day
632884,2021-08-17,2021,MIL,2021-08-17 18:45:00,18,0,2,2,0,14,5,18,285,82.1,2,56,0.0357,0.0,0.0,7.0,3.0,4.0,140.0,86.1,36.0,0.0,0.0,7.0,2.0,14.0,145.0,79.6,59.0,0.0,81.6,27.5,58.0,996.8,0.0,6.3,3.9,71.0,E,-5.63,-4.35,-6.23,night
632844,2021-08-18,2021,MIL,2021-08-18 18:45:00,18,4,6,10,3,24,6,16,322,80.8,2,53,0.0377,0.1875,0.0,11.0,4.0,8.0,165.0,81.6,54.0,0.0,3.0,13.0,2.0,8.0,157.0,80.0,51.0,0.375,83.7,28.7,55.0,1000.2,0.0,8.7,5.4,167.0,S,4.61,6.85,1.81,night
632845,2021-08-19,2021,MIL,2021-08-19 18:45:00,18,8,4,12,2,12,8,16,280,82.9,4,54,0.0741,0.125,2.0,8.0,5.0,10.0,153.0,80.5,54.0,0.2,0.0,4.0,3.0,6.0,127.0,85.9,46.0,0.0,83.5,28.6,62.3,997.9,0.0,5.7,3.5,97.8,E,-3.42,-1.67,-4.76,night
632815,2021-08-20,2021,PIT,2021-08-20 19:15:00,19,0,4,4,1,18,6,14,285,83.5,0,49,0.0,0.0714,0.0,10.0,3.0,10.0,149.0,82.4,48.0,0.0,1.0,8.0,3.0,4.0,136.0,84.7,45.0,0.25,82.4,28.0,70.7,993.5,0.0,8.4,5.2,172.0,S,5.03,7.02,2.45,night
632810,2021-08-21,2021,PIT,2021-08-21 18:15:00,18,4,5,9,2,19,4,22,291,82.8,3,55,0.0545,0.0909,0.0,7.0,2.0,10.0,152.0,82.5,61.0,0.0,2.0,12.0,1.0,12.0,139.0,83.3,51.0,0.1667,80.5,27.0,76.3,994.5,0.9,7.3,4.5,320.9,NW,-0.75,-3.19,1.78,night
632794,2021-08-22,2021,PIT,2021-08-22 13:15:00,13,3,0,3,1,14,3,13,269,83.9,2,49,0.0408,0.0769,1.0,4.0,3.0,9.0,150.0,84.3,56.0,0.1111,0.0,10.0,0.0,4.0,119.0,83.3,39.0,0.0,87.4,30.8,46.7,998.6,0.0,7.2,4.5,344.0,N,-3.47,-5.41,-1.12,day
632781,2021-08-24,2021,DET,2021-08-24 18:45:00,18,3,4,7,2,13,10,13,291,85.8,3,51,0.0588,0.1538,0.0,6.0,3.0,6.0,136.0,83.1,40.0,0.0,2.0,7.0,6.0,7.0,155.0,88.3,44.0,0.2857,88.5,31.4,65.7,996.8,0.0,14.5,9.0,158.0,S,5.66,9.88,0.75,night
632751,2021-08-25,2021,DET,2021-08-25 12:15:00,12,3,2,5,2,22,8,16,325,80.2,3,49,0.0612,0.125,2.0,14.0,3.0,5.0,170.0,77.7,53.0,0.4,0.0,8.0,2.0,11.0,155.0,83.0,47.0,0.0,95.5,35.3,42.3,1001.0,0.0,8.7,5.4,160.7,S,3.75,6.2,0.86,day
632628,2021-09-06,2021,LAD,2021-09-06 15:15:00,15,1,5,6,1,20,2,11,252,82.6,1,44,0.0227,0.0909,0.0,14.0,0.0,6.0,115.0,85.2,37.0,0.0,1.0,6.0,2.0,5.0,137.0,80.6,49.0,0.2,86.0,30.0,40.3,997.0,0.0,6.5,4.0,245.0,SW,6.11,4.98,6.5,day
632558,2021-09-07,2021,LAD,2021-09-07 18:45:00,18,2,7,9,4,13,3,19,282,83.7,8,60,0.1333,0.2105,0.0,5.0,2.0,8.0,137.0,82.4,58.0,0.0,4.0,8.0,1.0,11.0,145.0,85.0,52.0,0.3636,83.5,28.6,55.0,991.2,0.9,13.8,8.6,207.7,SW,13.17,13.79,10.97,night
632643,2021-09-08,2021,LAD,2021-09-08 18:45:00,18,5,4,9,3,12,2,14,229,82.3,4,52,0.0769,0.2143,2.0,7.0,2.0,7.0,117.0,81.6,40.0,0.2857,1.0,5.0,0.0,7.0,112.0,83.1,36.0,0.1429,73.3,22.9,47.3,995.9,0.0,11.2,7.0,332.6,NW,-3.4,-6.85,0.47,night
632564,2021-09-09,2021,LAD,2021-09-09 12:15:00,12,2,1,3,1,18,6,9,263,83.0,0,42,0.0,0.1111,1.0,11.0,3.0,5.0,129.0,80.5,39.0,0.2,0.0,7.0,3.0,4.0,134.0,85.3,40.0,0.0,76.6,24.8,46.3,1000.9,0.0,11.9,7.4,330.3,NW,-3.14,-6.86,0.97,day
632534,2021-09-10,2021,CIN,2021-09-10 19:15:00,19,2,4,6,3,14,6,11,269,80.7,4,51,0.0784,0.2727,1.0,12.0,2.0,5.0,140.0,78.3,45.0,0.2,2.0,2.0,4.0,6.0,129.0,83.1,47.0,0.3333,75.9,24.4,58.3,998.1,0.0,14.1,8.7,166.7,S,7.38,11.03,2.84,night
632525,2021-09-11,2021,CIN,2021-09-11 18:15:00,18,6,4,10,4,12,3,17,251,80.7,5,52,0.0962,0.2353,2.0,7.0,1.0,11.0,123.0,80.8,43.0,0.1818,2.0,5.0,2.0,6.0,128.0,80.5,60.0,0.3333,83.2,28.4,51.0,997.7,0.0,15.7,9.8,189.0,S,12.7,15.09,8.78,night
632516,2021-09-12,2021,CIN,2021-09-12 13:15:00,13,2,0,2,1,16,2,8,240,83.0,2,43,0.0465,0.125,1.0,6.0,1.0,3.0,108.0,80.6,33.0,0.3333,0.0,10.0,1.0,5.0,132.0,84.9,43.0,0.0,89.4,31.9,43.0,1001.4,0.0,18.2,11.3,194.3,S,15.68,17.92,11.56,day
632436,2021-09-17,2021,SD,2021-09-17 19:15:00,19,8,2,10,3,16,7,13,287,82.7,6,47,0.1277,0.2308,3.0,10.0,3.0,6.0,140.0,84.0,45.0,0.5,0.0,6.0,4.0,7.0,147.0,81.5,46.0,0.0,78.3,25.7,76.7,1000.8,0.0,6.8,4.2,166.2,S,3.51,5.28,1.32,night
632488,2021-09-18,2021,SD,2021-09-18 18:15:00,18,3,2,5,1,13,2,14,246,84.8,3,51,0.0588,0.0714,1.0,9.0,2.0,5.0,115.0,84.0,42.0,0.2,0.0,4.0,0.0,9.0,131.0,85.4,47.0,0.0,79.8,26.6,75.3,1000.7,0.0,5.0,3.1,49.6,NE,-4.95,-4.52,-4.79,night
632443,2021-09-19,2021,SD,2021-09-19 13:15:00,13,8,7,15,1,12,4,21,280,81.1,3,58,0.0517,0.0476,0.0,6.0,2.0,11.0,130.0,82.0,41.0,0.0,1.0,6.0,2.0,10.0,150.0,80.4,58.0,0.1,85.0,29.5,52.7,998.7,0.2,18.2,11.3,118.0,SE,-5.32,0.95,-10.95,day
632314,2021-09-28,2021,MIL,2021-09-28 18:45:00,18,6,2,8,4,13,3,20,255,83.1,4,56,0.0714,0.2,3.0,7.0,0.0,11.0,118.0,86.8,40.0,0.2727,1.0,6.0,3.0,9.0,137.0,80.1,49.0,0.1111,78.7,25.9,60.7,994.9,0.0,7.3,4.6,105.9,E,-3.56,-1.15,-5.54,night
632301,2021-09-29,2021,MIL,2021-09-29 18:45:00,18,0,4,4,2,21,7,12,286,80.8,2,43,0.0465,0.1667,0.0,9.0,4.0,3.0,139.0,76.8,35.0,0.0,2.0,12.0,3.0,9.0,147.0,84.3,39.0,0.2222,79.0,26.1,60.7,997.9,0.0,6.8,4.2,135.9,SE,0.11,2.42,-2.21,night
632281,2021-09-30,2021,MIL,2021-09-30 12:15:00,12,4,3,7,3,16,4,14,257,84.4,6,46,0.1304,0.2143,2.0,5.0,2.0,5.0,116.0,86.0,40.0,0.4,1.0,11.0,2.0,9.0,141.0,83.0,45.0,0.1111,83.4,28.6,56.0,1002.0,0.0,11.4,7.1,126.7,SE,-1.65,2.3,-5.41,day
632266,2021-10-01,2021,CHC,2021-10-01 19:15:00,19,4,3,7,3,15,9,17,296,80.0,5,51,0.098,0.1765,2.0,7.0,3.0,9.0,142.0,84.0,50.0,0.2222,1.0,8.0,5.0,8.0,154.0,75.5,45.0,0.125,71.9,22.2,92.3,1001.8,4.0,10.4,6.5,151.2,SE,2.9,6.16,-0.7,night
632257,2021-10-02,2021,CHC,2021-10-02 18:15:00,18,5,6,11,3,17,10,17,327,82.2,4,51,0.0784,0.1765,1.0,11.0,4.0,8.0,175.0,83.1,54.0,0.125,2.0,6.0,6.0,9.0,152.0,81.2,48.0,0.2222,72.1,22.3,89.3,996.1,0.7,8.0,5.0,182.7,S,5.89,7.37,3.7,night
632238,2021-10-03,2021,CHC,2021-10-03 14:15:00,14,2,3,5,1,12,4,12,208,81.5,3,40,0.075,0.0833,1.0,3.0,3.0,6.0,95.0,78.2,31.0,0.1667,0.0,9.0,1.0,6.0,113.0,84.8,32.0,0.0,75.1,24.0,66.3,994.2,0.5,13.6,8.5,286.3,W,6.54,2.06,10.24,day
662021,2022-04-07,2022,PIT,2022-04-07 15:15:00,15,9,0,9,3,14,9,14,289,81.8,4,49,0.0816,0.2143,3.0,5.0,7.0,8.0,168.0,82.5,48.0,0.375,0.0,9.0,2.0,6.0,121.0,81.0,38.0,0.0,49.4,9.7,41.7,990.1,0.2,28.9,18.0,280.0,W,16.6,7.49,23.7,day
662020,2022-04-09,2022,PIT,2022-04-09 13:15:00,13,6,2,8,1,14,8,19,315,82.1,3,55,0.0545,0.0526,1.0,7.0,4.0,10.0,144.0,82.5,43.0,0.1,0.0,7.0,4.0,9.0,171.0,81.9,62.0,0.0,53.7,12.0,38.7,997.2,0.0,14.3,8.9,300.7,NW,3.55,-1.42,8.08,day
662019,2022-04-10,2022,PIT,2022-04-10 13:15:00,13,4,9,13,2,15,5,22,318,84.0,3,59,0.0508,0.0909,1.0,5.0,2.0,7.0,138.0,83.0,48.0,0.1429,1.0,10.0,3.0,15.0,180.0,84.8,58.0,0.0667,70.9,21.6,50.0,986.9,0.0,28.6,17.8,154.0,SE,9.31,18.0,-0.5,day
662017,2022-04-12,2022,KC,2022-04-12 18:45:00,18,6,5,11,6,15,4,18,255,86.2,7,53,0.1321,0.3333,3.0,9.0,2.0,10.0,121.0,91.2,35.0,0.3,3.0,6.0,2.0,8.0,134.0,82.2,43.0,0.375,74.2,23.5,63.7,988.1,0.0,26.9,16.7,177.0,S,18.0,23.75,10.08,night
662008,2022-04-25,2022,NYM,2022-04-25 18:45:00,18,2,5,7,1,20,4,14,282,77.9,1,49,0.0204,0.0714,0.0,13.0,3.0,5.0,147.0,75.6,47.0,0.0,1.0,7.0,1.0,9.0,135.0,80.1,50.0,0.1111,55.2,12.9,51.7,1005.5,0.0,12.2,7.6,305.3,NW,2.06,-2.19,6.06,night
662007,2022-04-26,2022,NYM,2022-04-26 18:45:00,18,0,3,3,0,13,8,11,295,81.9,6,48,0.125,0.0,0.0,9.0,4.0,3.0,141.0,80.7,36.0,0.0,0.0,4.0,4.0,8.0,154.0,82.7,55.0,0.0,55.5,13.1,51.0,1009.0,0.0,6.5,4.0,40.0,NE,-6.48,-6.28,-5.89,night
662048,2022-04-27,2022,NYM,2022-04-27 12:15:00,12,10,5,15,0,18,5,27,320,81.1,2,56,0.0357,0.0,0.0,9.0,2.0,16.0,160.0,82.5,56.0,0.0,0.0,9.0,2.0,11.0,160.0,79.8,62.0,0.0,68.9,20.5,36.3,1005.7,0.0,15.2,9.5,198.7,S,13.65,15.14,10.52,day
662047,2022-04-28,2022,AZ,2022-04-28 18:45:00,18,8,3,11,1,11,6,21,295,85.8,5,60,0.0833,0.0476,0.0,4.0,2.0,15.0,156.0,84.3,65.0,0.0,1.0,7.0,4.0,6.0,139.0,87.8,44.0,0.1667,64.0,17.8,67.0,999.2,0.2,8.0,5.0,249.7,W,7.27,5.69,7.97,night
662037,2022-04-29,2022,AZ,2022-04-29 19:15:00,19,2,6,8,1,13,9,14,314,82.6,2,53,0.0377,0.0714,1.0,5.0,3.0,5.0,153.0,84.0,49.0,0.2,0.0,8.0,6.0,9.0,161.0,81.4,53.0,0.0,66.5,19.2,62.3,991.0,0.0,22.9,14.3,118.7,SE,-6.44,1.48,-13.58,night
662036,2022-04-30,2022,AZ,2022-04-30 13:15:00,13,0,2,2,2,13,1,7,254,82.6,3,50,0.06,0.2857,0.0,5.0,1.0,2.0,136.0,84.6,50.0,0.0,2.0,8.0,0.0,5.0,118.0,80.5,45.0,0.4,73.8,23.2,68.0,988.1,0.9,30.7,19.1,198.0,S,27.39,30.5,20.96,day
661988,2022-05-01,2022,AZ,2022-05-01 13:15:00,13,7,5,12,6,18,5,16,308,80.3,7,49,0.1429,0.375,2.0,6.0,2.0,9.0,155.0,79.2,58.0,0.2222,4.0,12.0,3.0,7.0,153.0,81.7,46.0,0.5714,66.5,19.2,45.7,996.3,0.0,23.4,14.5,261.3,W,18.85,12.97,22.46,day
662009,2022-05-02,2022,KC,2022-04-13 12:15:00,12,1,0,1,1,12,1,9,268,80.6,4,47,0.0851,0.1111,1.0,4.0,1.0,4.0,124.0,80.0,51.0,0.25,0.0,8.0,0.0,5.0,144.0,81.1,57.0,0.0,67.2,19.6,85.3,984.7,6.2,24.4,15.2,186.1,S,18.98,23.08,12.59,day
661987,2022-05-10,2022,BAL,2022-05-10 18:45:00,18,3,5,8,4,19,1,18,266,83.6,3,49,0.0612,0.2222,2.0,12.0,0.0,7.0,123.0,84.4,36.0,0.2857,2.0,7.0,1.0,11.0,143.0,83.0,48.0,0.1818,79.8,26.6,81.0,999.2,0.0,13.9,8.7,192.0,S,11.68,13.58,8.38,night
662006,2022-05-11,2022,BAL,2022-05-11 18:45:00,18,10,1,11,1,13,6,16,301,82.8,5,54,0.0926,0.0625,1.0,6.0,5.0,11.0,169.0,83.2,64.0,0.0909,0.0,7.0,1.0,5.0,132.0,82.4,53.0,0.0,85.2,29.5,70.0,1000.1,0.0,9.1,5.7,150.5,SE,2.43,5.28,-0.72,night
662005,2022-05-12,2022,BAL,2022-05-12 12:15:00,12,2,3,5,3,16,3,14,288,81.7,3,49,0.0612,0.2143,1.0,9.0,3.0,6.0,160.0,80.0,53.0,0.1667,2.0,7.0,0.0,8.0,128.0,83.5,50.0,0.25,88.0,31.1,59.0,999.9,0.2,9.6,6.0,162.4,S,4.43,7.09,1.23,day
661986,2022-05-13,2022,SF,2022-05-13 19:15:00,19,2,8,10,2,9,10,14,292,83.3,3,56,0.0536,0.1429,1.0,1.0,3.0,6.0,138.0,82.3,58.0,0.1667,1.0,8.0,7.0,8.0,154.0,84.6,48.0,0.125,76.3,24.6,72.0,993.9,0.0,8.3,5.1,245.8,SW,7.73,6.26,8.27,night
661985,2022-05-14,2022,SF,2022-05-14 13:15:00,13,4,0,4,1,12,5,17,282,84.0,2,54,0.037,0.0588,1.0,5.0,1.0,9.0,134.0,84.1,40.0,0.1111,0.0,7.0,4.0,8.0,148.0,83.8,48.0,0.0,83.1,28.4,48.3,996.0,0.1,6.0,3.7,312.6,NW,0.25,-1.81,2.29,day
661984,2022-05-15,2022,SF,2022-05-15 18:08:00,18,15,6,21,6,9,10,24,314,83.4,7,65,0.1077,0.25,3.0,3.0,6.0,17.0,166.0,79.6,73.0,0.1765,3.0,6.0,4.0,7.0,148.0,88.5,55.0,0.4286,72.6,22.5,65.7,994.2,0.0,12.1,7.5,359.7,N,-8.48,-10.91,-5.03,night
661999,2022-05-23,2022,TOR,2022-05-23 18:45:00,18,7,3,10,3,15,10,14,310,86.0,5,54,0.0926,0.2143,2.0,9.0,3.0,10.0,156.0,84.2,53.0,0.2,1.0,6.0,5.0,4.0,154.0,87.9,49.0,0.25,64.3,17.9,51.0,1003.0,0.0,9.7,6.0,65.3,NE,-9.13,-7.42,-9.73,night
661998,2022-05-24,2022,TOR,2022-05-24 18:45:00,18,1,8,9,3,16,11,18,348,84.0,6,57,0.1053,0.1667,0.0,12.0,3.0,6.0,166.0,81.6,55.0,0.0,3.0,4.0,8.0,12.0,182.0,86.1,64.0,0.25,71.3,21.8,69.3,995.8,0.0,14.7,9.2,110.7,E,-6.07,-1.11,-10.3,night
661997,2022-05-26,2022,MIL,2022-05-26 18:45:00,18,3,4,7,2,9,7,19,324,81.4,2,64,0.0312,0.1053,1.0,4.0,6.0,7.0,169.0,81.3,59.0,0.1429,1.0,5.0,1.0,12.0,155.0,81.5,57.0,0.0833,60.0,15.6,85.0,989.7,0.5,8.6,5.3,232.3,SW,8.5,7.61,8.36,night
661992,2022-05-27,2022,MIL,2022-05-27 19:15:00,19,4,2,6,2,15,5,13,276,82.5,4,48,0.0833,0.1538,1.0,7.0,1.0,5.0,114.0,80.0,43.0,0.2,1.0,8.0,4.0,8.0,162.0,84.3,57.0,0.125,62.7,17.1,81.0,996.5,0.0,3.9,2.4,268.8,W,2.81,1.72,3.57,night
661991,2022-05-28,2022,MIL,2022-05-28 13:15:00,13,8,3,11,4,13,4,19,271,85.9,6,57,0.1053,0.2105,2.0,4.0,1.0,12.0,119.0,85.8,45.0,0.1667,2.0,9.0,3.0,7.0,152.0,86.0,54.0,0.2857,76.4,24.7,54.3,995.0,0.0,14.9,9.3,169.7,S,8.49,12.18,3.78,day
661990,2022-05-29,2022,MIL,2022-05-29 13:15:00,13,0,8,8,3,21,3,17,289,80.9,0,48,0.0,0.1765,0.0,12.0,1.0,4.0,122.0,82.2,35.0,0.0,3.0,9.0,2.0,13.0,167.0,80.2,65.0,0.2308,83.6,28.7,55.0,991.9,0.0,26.2,16.3,166.3,S,13.61,20.43,5.14,day
661989,2022-05-30,2022,SD,2022-05-30 13:15:00,13,6,3,9,2,17,8,21,294,82.1,3,52,0.0577,0.0952,2.0,4.0,6.0,10.0,140.0,82.2,53.0,0.2,0.0,13.0,2.0,11.0,154.0,82.0,45.0,0.0,85.6,29.8,49.7,992.5,0.0,28.1,17.5,176.7,S,18.7,24.76,10.39,day
661977,2022-05-31,2022,SD,2022-05-31 18:45:00,18,3,2,5,1,20,8,12,337,82.9,3,49,0.0612,0.0833,0.0,7.0,4.0,7.0,162.0,82.7,50.0,0.0,1.0,13.0,3.0,5.0,175.0,83.0,51.0,0.2,82.7,28.2,63.7,995.4,0.0,16.4,10.2,188.0,S,13.07,15.65,8.91,night
661982,2022-06-01,2022,SD,2022-06-01 12:15:00,12,5,2,7,2,7,5,14,256,83.1,3,56,0.0536,0.1429,1.0,4.0,2.0,8.0,101.0,82.8,42.0,0.125,1.0,3.0,3.0,6.0,155.0,83.3,54.0,0.1667,77.8,25.4,71.0,997.8,0.5,5.2,3.3,105.0,E,-2.62,-0.91,-4.01,day
661983,2022-06-10,2022,CIN,2022-06-10 19:15:00,19,2,0,2,0,13,7,10,271,82.1,0,47,0.0,0.0,0.0,5.0,2.0,6.0,127.0,79.4,42.0,0.0,0.0,8.0,5.0,4.0,144.0,84.5,47.0,0.0,70.6,21.5,84.7,994.2,0.1,8.0,5.0,52.4,NE,-7.93,-7.1,-7.81,night
661976,2022-06-11,2022,CIN,2022-06-11 13:15:00,13,5,4,9,1,15,6,19,310,83.5,1,53,0.0189,0.0526,1.0,7.0,5.0,7.0,173.0,84.7,52.0,0.1429,0.0,8.0,1.0,12.0,137.0,82.2,51.0,0.0,83.7,28.7,62.3,991.5,0.3,8.5,5.3,203.0,SW,7.91,8.53,6.34,day
661975,2022-06-12,2022,CIN,2022-06-12 13:15:00,13,6,7,13,3,11,4,23,290,82.4,3,62,0.0484,0.1304,2.0,8.0,2.0,12.0,171.0,83.9,69.0,0.1667,1.0,3.0,2.0,11.0,119.0,80.1,43.0,0.0909,85.3,29.6,73.0,991.5,0.0,11.1,6.9,244.7,SW,10.48,8.57,11.13,day
661974,2022-06-13,2022,PIT,2022-06-13 18:45:00,18,7,5,12,4,10,3,21,293,82.7,7,62,0.1129,0.1905,2.0,4.0,1.0,14.0,150.0,83.0,61.0,0.1429,2.0,6.0,2.0,7.0,143.0,82.4,53.0,0.2857,91.5,33.0,55.7,992.3,0.0,15.9,9.9,188.3,S,12.75,15.23,8.74,night
661973,2022-06-14,2022,PIT,2022-06-14 18:45:00,18,9,1,10,3,11,4,15,279,85.6,5,54,0.0926,0.2,3.0,5.0,3.0,14.0,147.0,85.4,63.0,0.2143,0.0,6.0,1.0,1.0,132.0,85.9,39.0,0.0,92.7,33.7,49.7,993.8,0.0,15.4,9.5,190.3,S,12.64,14.87,8.89,night
662018,2022-06-14,2022,PIT,2022-04-11 13:15:00,13,3,1,4,2,17,6,14,287,82.2,4,49,0.0816,0.1429,1.0,7.0,3.0,7.0,150.0,81.7,52.0,0.1429,1.0,10.0,3.0,7.0,137.0,82.9,46.0,0.1429,59.9,15.5,75.7,994.2,3.3,5.2,3.2,30.3,NE,-5.0,-5.14,-4.25,day
661972,2022-06-15,2022,PIT,2022-06-15 18:45:00,18,4,6,10,2,12,8,16,300,80.4,3,55,0.0545,0.125,1.0,6.0,4.0,9.0,158.0,81.0,53.0,0.1111,1.0,6.0,4.0,7.0,142.0,79.8,46.0,0.1429,91.6,33.1,44.3,994.4,0.0,19.9,12.3,189.0,S,16.07,19.1,11.11,night
661971,2022-06-24,2022,CHC,2022-06-24 19:15:00,19,0,3,3,1,11,4,13,235,85.9,2,54,0.037,0.0769,0.0,7.0,1.0,5.0,108.0,87.1,37.0,0.0,1.0,4.0,3.0,8.0,127.0,84.9,49.0,0.125,81.6,27.5,54.7,997.6,0.0,6.4,4.0,96.3,E,-3.98,-2.04,-5.44,night
661970,2022-06-25,2022,CHC,2022-06-25 13:15:00,13,5,3,8,1,21,6,18,312,82.7,1,47,0.0213,0.0556,0.0,9.0,3.0,10.0,148.0,84.0,43.0,0.0,1.0,12.0,3.0,8.0,164.0,81.7,60.0,0.125,95.2,35.1,39.7,997.2,0.0,8.2,5.1,193.7,S,6.98,8.01,5.1,day
661969,2022-06-26,2022,CHC,2022-06-26 13:15:00,13,5,6,11,3,17,7,19,332,81.4,2,58,0.0345,0.1579,3.0,10.0,3.0,8.0,153.0,81.4,49.0,0.375,0.0,7.0,3.0,11.0,179.0,81.5,63.0,0.0,77.1,25.0,67.0,1002.9,0.5,16.2,10.1,336.0,NW,-5.8,-10.62,-0.28,day
661968,2022-06-27,2022,MIA,2022-06-27 18:45:00,18,9,0,9,3,20,2,19,257,83.6,5,47,0.1064,0.1579,3.0,11.0,1.0,11.0,140.0,87.1,44.0,0.2727,0.0,9.0,1.0,8.0,117.0,80.4,46.0,0.0,76.3,24.6,37.0,1005.8,0.0,12.7,7.9,8.7,N,-10.23,-12.19,-7.04,night
661967,2022-06-28,2022,MIA,2022-06-28 18:45:00,18,5,3,8,0,19,3,17,281,82.3,2,45,0.0444,0.0,0.0,9.0,1.0,11.0,133.0,84.6,45.0,0.0,0.0,10.0,2.0,6.0,148.0,80.1,48.0,0.0,79.8,26.5,37.3,1003.8,0.0,5.5,3.4,191.0,S,4.56,5.34,3.23,night
661134,2022-06-29,2022,MIA,2022-06-29 18:45:00,18,3,4,7,1,9,4,14,246,84.9,3,56,0.0536,0.0714,0.0,3.0,2.0,7.0,117.0,81.4,44.0,0.0,1.0,6.0,2.0,7.0,129.0,88.4,44.0,0.1429,85.2,29.5,42.3,1003.0,0.0,8.2,5.1,167.7,S,4.44,6.55,1.81,night
661136,2022-07-08,2022,PHI,2022-07-08 19:15:00,19,0,2,2,2,8,1,11,219,82.7,4,56,0.0714,0.1818,0.0,5.0,1.0,6.0,116.0,77.9,50.0,0.0,2.0,3.0,0.0,5.0,103.0,89.4,36.0,0.4,79.2,26.2,91.7,995.6,13.9,14.9,9.2,320.6,NW,-1.46,-6.43,3.69,night
661137,2022-07-09,2022,PHI,2022-07-09 13:15:00,13,0,1,1,0,15,7,7,276,83.9,4,46,0.087,0.0,0.0,7.0,2.0,2.0,131.0,82.9,39.0,0.0,0.0,8.0,4.0,5.0,145.0,84.6,49.0,0.0,79.9,26.6,71.3,1000.5,0.4,21.3,13.2,37.0,NE,-21.06,-20.8,-18.78,day
661135,2022-07-10,2022,PHI,2022-07-10 13:15:00,13,4,3,7,2,12,7,19,299,83.7,4,55,0.0727,0.1053,1.0,5.0,6.0,8.0,157.0,82.1,53.0,0.125,1.0,7.0,1.0,11.0,142.0,85.1,58.0,0.0909,84.6,29.2,53.3,1000.3,0.0,3.6,2.2,36.0,NE,-3.56,-3.53,-3.15,day
661120,2022-07-11,2022,PHI,2022-07-11 18:15:00,18,6,1,7,3,16,0,17,251,82.8,7,49,0.1429,0.1765,2.0,9.0,0.0,9.0,117.0,81.1,50.0,0.2222,1.0,7.0,0.0,8.0,134.0,84.5,52.0,0.125,92.3,33.5,52.7,991.6,0.1,8.3,5.1,188.2,S,6.62,7.91,4.53,night
661119,2022-07-12,2022,LAD,2022-07-12 18:45:00,18,7,6,13,4,12,9,23,316,85.2,6,60,0.1,0.1739,2.0,5.0,3.0,13.0,130.0,86.2,50.0,0.1538,2.0,7.0,6.0,10.0,186.0,84.5,62.0,0.2,81.1,27.3,49.3,996.6,0.0,9.4,5.9,4.7,N,-7.19,-8.85,-4.67,night
661118,2022-07-13,2022,LAD,2022-07-13 18:45:00,18,6,7,13,2,20,8,21,349,81.1,3,54,0.0556,0.0952,1.0,9.0,2.0,9.0,146.0,82.3,54.0,0.1111,1.0,11.0,6.0,12.0,203.0,80.1,61.0,0.0833,84.8,29.3,50.0,998.9,0.0,6.8,4.2,27.4,NE,-6.51,-6.83,-5.41,night
661117,2022-07-14,2022,LAD,2022-07-14 18:15:00,18,0,4,4,1,10,5,13,275,83.1,5,51,0.098,0.0769,0.0,7.0,3.0,5.0,148.0,80.4,45.0,0.0,1.0,3.0,2.0,8.0,127.0,85.7,48.0,0.125,88.2,31.2,45.3,1000.5,0.0,7.6,4.7,93.7,E,-5.02,-2.76,-6.67,night
661116,2022-07-15,2022,CIN,2022-07-15 19:15:00,19,7,3,10,1,19,11,18,330,83.5,4,45,0.0889,0.0556,1.0,9.0,8.0,8.0,177.0,82.9,62.0,0.125,0.0,10.0,3.0,10.0,153.0,84.2,56.0,0.0,85.5,29.7,42.7,997.8,0.0,12.2,7.6,179.4,S,8.51,10.97,5.02,night
661966,2022-07-16,2022,CIN,2022-07-16 13:15:00,13,11,3,14,3,15,10,16,304,81.4,3,53,0.0566,0.1875,2.0,9.0,6.0,12.0,168.0,82.6,43.0,0.1667,1.0,6.0,4.0,4.0,136.0,80.5,54.0,0.25,97.7,36.5,37.3,994.6,0.0,15.3,9.5,260.7,W,12.46,8.65,14.76,day
661959,2022-08-02,2022,CHC,2022-08-02 18:45:00,18,6,0,6,3,11,3,18,264,84.0,5,53,0.0943,0.1667,3.0,4.0,3.0,11.0,133.0,87.7,45.0,0.2727,0.0,7.0,0.0,7.0,131.0,80.2,45.0,0.0,84.6,29.2,71.3,995.4,0.0,13.7,8.5,189.3,S,11.1,13.16,7.71,night
661932,2022-08-04,2022,CHC,2022-08-04 18:45:00,18,7,2,9,3,12,14,12,319,82.1,6,46,0.1304,0.25,2.0,4.0,7.0,10.0,179.0,83.0,67.0,0.2,1.0,8.0,6.0,2.0,140.0,80.9,45.0,0.5,78.3,25.7,85.7,997.5,0.6,8.2,5.1,156.8,SE,3.04,5.46,0.26,night
661945,2022-08-04,2022,CHC,2022-08-03 18:45:00,18,4,3,7,3,16,3,15,264,86.6,8,51,0.1569,0.2,2.0,7.0,2.0,6.0,125.0,89.5,41.0,0.3333,1.0,9.0,1.0,9.0,139.0,84.1,50.0,0.1111,82.0,27.8,80.3,994.8,0.9,12.9,8.0,153.8,SE,4.15,8.07,-0.27,night
661946,2022-08-05,2022,NYY,2022-08-05 19:15:00,19,4,3,7,0,13,11,15,297,83.2,2,50,0.04,0.0,0.0,9.0,6.0,5.0,141.0,82.2,40.0,0.0,0.0,4.0,5.0,10.0,156.0,83.9,52.0,0.0,83.2,28.4,77.3,999.3,0.4,6.8,4.2,145.3,SE,1.22,3.43,-1.14,night
661949,2022-08-06,2022,NYY,2022-08-06 18:15:00,18,1,0,1,0,11,5,7,276,84.4,1,44,0.0227,0.0,0.0,5.0,2.0,5.0,131.0,85.8,49.0,0.0,0.0,6.0,3.0,2.0,145.0,83.0,49.0,0.0,86.5,30.3,70.0,999.8,0.0,8.6,5.3,128.4,SE,-0.99,1.99,-3.85,night
661948,2022-08-07,2022,NYY,2022-08-07 13:15:00,13,12,9,21,3,20,12,27,382,84.9,4,58,0.069,0.1111,2.0,7.0,8.0,11.0,173.0,86.9,46.0,0.1818,1.0,13.0,3.0,16.0,209.0,83.5,67.0,0.0625,91.8,33.2,54.7,1000.3,0.0,10.4,6.5,206.0,SW,9.86,10.43,8.11,day
661947,2022-08-12,2022,MIL,2022-08-12 19:15:00,19,3,1,4,2,17,5,14,290,84.8,2,47,0.0426,0.1429,2.0,6.0,3.0,6.0,129.0,83.8,43.0,0.3333,0.0,11.0,2.0,8.0,161.0,85.6,53.0,0.0,73.3,22.9,65.3,1002.7,0.0,6.9,4.3,95.7,E,-4.35,-2.27,-5.91,night
661951,2022-08-13,2022,MIL,2022-08-13 18:15:00,18,2,3,5,1,19,1,10,264,82.8,4,51,0.0784,0.1,0.0,11.0,0.0,6.0,139.0,82.0,42.0,0.0,1.0,8.0,1.0,4.0,125.0,83.7,41.0,0.25,81.9,27.7,51.0,997.7,0.0,13.8,8.6,178.3,S,9.49,12.36,5.48,night
661957,2022-08-14,2022,MIL,2022-08-14 13:15:00,13,6,3,9,6,18,3,13,238,82.3,6,44,0.1364,0.4615,4.0,11.0,3.0,7.0,123.0,82.5,32.0,0.5714,2.0,7.0,0.0,6.0,115.0,82.1,42.0,0.3333,84.9,29.4,63.0,995.9,0.0,14.1,8.8,319.3,NW,-1.06,-5.81,3.81,day
661955,2022-08-16,2022,COL,2022-08-16 18:45:00,18,5,4,9,2,12,6,16,292,83.5,2,53,0.0377,0.125,2.0,5.0,3.0,10.0,154.0,86.7,58.0,0.2,0.0,7.0,3.0,6.0,138.0,80.0,51.0,0.0,75.6,24.2,70.0,999.1,0.3,5.5,3.4,39.3,NE,-5.47,-5.33,-4.96,night
661938,2022-08-17,2022,COL,2022-08-17 18:45:00,18,5,1,6,0,16,7,16,282,82.9,2,47,0.0426,0.0,0.0,5.0,6.0,9.0,147.0,84.9,52.0,0.0,0.0,11.0,1.0,7.0,135.0,80.9,50.0,0.0,76.4,24.7,63.7,1000.0,0.0,8.2,5.1,16.0,N,-7.17,-8.1,-5.38,night
661937,2022-08-18,2022,COL,2022-08-18 12:15:00,12,13,0,13,2,14,6,19,272,81.0,3,53,0.0566,0.1053,2.0,7.0,5.0,15.0,161.0,81.7,53.0,0.1333,0.0,7.0,1.0,4.0,111.0,80.0,42.0,0.0,79.8,26.5,53.0,1000.2,0.1,3.9,2.4,27.3,NE,-3.72,-3.9,-3.09,day
661940,2022-08-26,2022,ATL,2022-08-26 19:15:00,19,4,11,15,1,12,9,26,355,84.0,5,64,0.0781,0.0385,1.0,7.0,3.0,10.0,170.0,84.1,61.0,0.1,0.0,5.0,6.0,16.0,185.0,83.9,61.0,0.0,78.9,26.1,70.7,998.6,0.0,5.7,3.5,26.7,NE,-5.41,-5.7,-4.47,night
661939,2022-08-27,2022,ATL,2022-08-27 18:15:00,18,6,5,11,3,17,6,19,292,85.0,7,53,0.1321,0.1579,2.0,6.0,5.0,9.0,159.0,85.5,54.0,0.2222,1.0,11.0,1.0,10.0,133.0,84.5,46.0,0.1,84.0,28.9,55.3,994.9,0.0,6.4,4.0,116.9,SE,-1.98,0.21,-3.93,night
661950,2022-08-28,2022,ATL,2022-08-28 18:08:00,18,6,3,9,4,15,3,16,260,83.5,5,51,0.098,0.25,3.0,8.0,3.0,6.0,132.0,85.4,43.0,0.5,1.0,7.0,0.0,10.0,128.0,82.1,53.0,0.1,82.2,27.9,73.3,993.0,0.0,13.7,8.5,191.7,S,11.42,13.3,8.16,night
661920,2022-09-02,2022,CHC,2022-09-02 19:15:00,19,8,0,8,2,16,8,16,301,83.8,2,49,0.0408,0.125,2.0,7.0,6.0,9.0,169.0,88.3,50.0,0.2222,0.0,9.0,2.0,7.0,132.0,78.7,44.0,0.0,73.1,22.8,96.7,999.7,3.6,3.5,2.2,311.2,NW,0.23,-0.99,1.42,night
661928,2022-09-03,2022,CHC,2022-09-03 18:15:00,18,8,4,12,3,12,10,19,287,81.6,5,53,0.0943,0.1579,3.0,8.0,7.0,9.0,162.0,81.0,54.0,0.3333,0.0,4.0,3.0,10.0,125.0,82.4,37.0,0.0,74.1,23.4,81.3,999.8,0.0,5.4,3.3,68.0,E,-4.94,-3.92,-5.36,night
661927,2022-09-04,2022,CHC,2022-09-04 13:15:00,13,2,0,2,1,9,2,9,223,80.0,1,48,0.0208,0.1111,1.0,5.0,0.0,7.0,114.0,79.5,45.0,0.1429,0.0,4.0,2.0,2.0,109.0,80.6,42.0,0.0,74.8,23.8,80.3,998.4,0.9,11.2,7.0,18.3,N,-10.01,-11.12,-7.68,day
661926,2022-09-05,2022,WSH,2022-09-05 15:15:00,15,0,6,6,1,10,7,17,299,81.4,3,61,0.0492,0.0588,0.0,4.0,2.0,3.0,123.0,81.0,48.0,0.0,1.0,6.0,5.0,14.0,176.0,81.6,62.0,0.0714,80.0,26.7,66.0,997.7,0.4,7.3,4.5,62.6,NE,-6.93,-5.76,-7.26,day
661925,2022-09-06,2022,WSH,2022-09-06 18:45:00,18,4,1,5,2,13,2,15,267,82.9,4,50,0.08,0.1333,2.0,6.0,1.0,8.0,127.0,84.8,42.0,0.25,0.0,7.0,1.0,7.0,140.0,81.5,58.0,0.0,75.8,24.3,74.7,1000.9,0.1,8.6,5.4,351.0,N,-5.07,-7.16,-2.38,night
661924,2022-09-07,2022,WSH,2022-09-07 18:45:00,18,6,5,11,2,15,5,19,298,79.4,4,54,0.0741,0.1053,1.0,8.0,2.0,9.0,154.0,79.3,46.0,0.1111,1.0,7.0,3.0,10.0,144.0,79.5,54.0,0.1,75.4,24.1,62.3,1000.6,0.0,11.2,7.0,9.0,N,-9.06,-10.77,-6.26,night
661923,2022-09-08,2022,WSH,2022-09-08 12:15:00,12,6,11,17,3,9,7,29,349,82.4,3,74,0.0405,0.1034,2.0,4.0,5.0,11.0,175.0,82.0,71.0,0.1818,1.0,5.0,2.0,18.0,174.0,82.9,61.0,0.0556,78.7,26.0,53.7,998.2,0.0,6.2,3.8,32.0,NE,-6.01,-6.12,-5.17,day
661922,2022-09-13,2022,MIL,2022-09-13 18:45:00,18,4,8,12,1,13,6,17,280,82.2,2,58,0.0345,0.0588,0.0,5.0,3.0,6.0,129.0,81.5,45.0,0.0,1.0,8.0,2.0,11.0,151.0,82.7,52.0,0.0909,70.7,21.5,53.7,997.5,0.0,8.6,5.3,55.8,NE,-8.41,-7.36,-8.46,night
661921,2022-09-14,2022,MIL,2022-09-14 18:45:00,18,4,1,5,2,15,6,20,304,80.5,2,53,0.0377,0.1,2.0,5.0,2.0,10.0,133.0,81.7,45.0,0.2,0.0,10.0,4.0,10.0,171.0,79.6,62.0,0.0,74.9,23.8,60.7,1001.4,0.0,7.7,4.8,122.7,SE,-1.64,1.02,-4.1,night
661919,2022-09-15,2022,CIN,2022-09-15 18:45:00,18,2,3,5,2,11,8,10,289,78.9,2,50,0.04,0.2,0.0,8.0,3.0,3.0,143.0,76.5,46.0,0.0,2.0,3.0,5.0,7.0,146.0,80.7,62.0,0.2857,76.3,24.6,60.7,1002.0,0.0,9.1,5.7,143.7,SE,1.37,4.37,-1.79,night
661953,2022-09-16,2022,CIN,2022-09-16 19:15:00,19,6,5,11,2,20,8,16,306,82.6,5,46,0.1087,0.125,1.0,9.0,4.0,8.0,153.0,80.2,46.0,0.125,1.0,11.0,4.0,8.0,153.0,85.1,46.0,0.125,75.7,24.3,61.0,1000.3,0.0,7.7,4.8,175.0,S,4.93,6.64,2.62,night
661952,2022-09-17,2022,CIN,2022-09-17 18:15:00,18,1,0,1,0,27,5,8,300,75.3,0,43,0.0,0.0,0.0,17.0,4.0,5.0,154.0,76.8,39.0,0.0,0.0,10.0,0.0,3.0,146.0,74.0,50.0,0.0,80.2,26.8,48.3,998.5,0.0,13.0,8.1,166.7,S,6.81,10.17,2.62,night
661965,2022-09-17,2022,CIN,2022-07-17 13:15:00,13,5,1,6,1,8,8,17,272,81.3,2,58,0.0345,0.0588,1.0,2.0,6.0,9.0,155.0,82.1,52.0,0.1111,0.0,6.0,2.0,8.0,117.0,80.4,50.0,0.0,77.4,25.2,85.7,994.8,1.6,8.0,5.0,269.4,W,5.69,3.44,7.26,day
661930,2022-09-18,2022,CIN,2022-09-18 13:15:00,13,0,3,3,1,14,6,12,261,82.4,2,49,0.0408,0.0833,0.0,2.0,4.0,2.0,120.0,86.6,41.0,0.0,1.0,12.0,2.0,10.0,141.0,79.0,50.0,0.1,86.1,30.1,58.0,998.0,0.0,16.0,10.0,209.0,SW,15.41,15.99,12.97,day
661958,2022-09-30,2022,PIT,2022-09-30 19:15:00,19,2,1,3,1,15,8,12,281,81.6,2,47,0.0426,0.0833,1.0,5.0,3.0,6.0,127.0,82.8,46.0,0.1667,0.0,10.0,5.0,6.0,154.0,80.1,36.0,0.0,59.5,15.3,57.3,1001.5,0.0,8.2,5.1,40.0,NE,-8.14,-7.89,-7.4,night
661956,2022-10-01,2022,PIT,2022-10-01 18:15:00,18,13,3,16,1,11,9,15,297,82.7,3,56,0.0536,0.0667,1.0,5.0,8.0,8.0,168.0,83.1,48.0,0.125,0.0,6.0,1.0,7.0,129.0,82.4,49.0,0.0,65.2,18.4,48.0,1003.0,0.0,9.9,6.1,8.3,N,-7.91,-9.45,-5.42,night
661954,2022-10-02,2022,PIT,2022-10-02 13:15:00,13,5,7,12,3,14,8,19,307,83.6,8,59,0.1356,0.1579,1.0,5.0,5.0,10.0,163.0,83.1,49.0,0.1,2.0,9.0,3.0,9.0,144.0,84.2,42.0,0.2222,73.0,22.8,44.0,1007.5,0.0,13.1,8.1,11.7,N,-10.94,-12.75,-7.82,day
718772,2023-03-30,2023,TOR,2023-03-30 15:10:00,15,9,10,19,2,19,9,34,387,81.9,5,67,0.0746,0.0588,2.0,8.0,5.0,15.0,182.0,83.2,48.0,0.1333,0.0,11.0,3.0,19.0,205.0,81.1,76.0,0.0,64.7,18.2,39.0,998.8,0.0,24.1,15.0,158.0,S,9.42,16.44,1.26,day
718759,2023-04-01,2023,TOR,2023-04-01 13:15:00,13,4,1,5,0,16,12,13,288,82.1,0,46,0.0,0.0,0.0,8.0,2.0,10.0,122.0,84.1,51.0,0.0,0.0,8.0,10.0,3.0,166.0,79.7,42.0,0.0,53.9,12.2,40.7,997.4,0.0,33.3,20.7,308.7,NW,3.67,-7.86,14.76,day
718737,2023-04-02,2023,TOR,2023-04-02 13:15:00,13,9,4,13,4,9,3,26,267,86.1,10,64,0.1562,0.1538,4.0,3.0,2.0,16.0,124.0,89.9,46.0,0.25,0.0,6.0,1.0,10.0,143.0,83.2,58.0,0.0,64.3,17.9,43.7,995.6,0.0,22.0,13.7,164.7,S,10.91,16.8,3.7,day
718727,2023-04-03,2023,ATL,2023-04-03 18:45:00,18,4,8,12,4,15,8,22,321,85.3,5,59,0.0847,0.1818,1.0,6.0,3.0,12.0,153.0,84.3,54.0,0.0833,3.0,9.0,5.0,10.0,168.0,86.2,52.0,0.3,70.0,21.1,65.7,986.2,0.0,16.4,10.2,180.7,S,11.73,14.94,7.1,night
718711,2023-04-04,2023,ATL,2023-04-04 18:45:00,18,1,4,5,2,18,2,22,272,84.2,3,53,0.0566,0.0909,0.0,6.0,1.0,10.0,134.0,85.3,48.0,0.0,2.0,12.0,1.0,12.0,138.0,83.0,42.0,0.1667,78.4,25.8,64.0,985.1,0.0,30.1,18.7,183.7,S,22.63,28.07,14.46,night
718697,2023-04-05,2023,ATL,2023-04-05 12:15:00,12,2,5,7,2,15,5,16,290,84.0,6,52,0.1154,0.125,1.0,7.0,4.0,6.0,142.0,85.5,46.0,0.1667,1.0,8.0,1.0,10.0,148.0,82.8,58.0,0.1,60.8,16.0,69.0,993.6,0.4,21.4,13.3,276.0,W,13.49,6.98,18.37,day
718591,2023-04-13,2023,PIT,2023-04-13 18:45:00,18,0,5,5,2,19,8,15,292,84.4,4,50,0.08,0.1333,0.0,10.0,3.0,6.0,145.0,83.2,42.0,0.0,2.0,9.0,5.0,9.0,147.0,85.4,47.0,0.2222,69.0,20.6,44.0,991.3,0.0,9.2,5.7,139.6,SE,0.74,3.82,-2.43,night
718582,2023-04-14,2023,PIT,2023-04-14 19:15:00,19,3,0,3,0,20,4,17,251,85.3,0,45,0.0,0.0,0.0,12.0,2.0,9.0,118.0,83.2,36.0,0.0,0.0,8.0,2.0,8.0,133.0,87.1,40.0,0.0,69.8,21.0,57.3,989.9,0.0,12.8,8.0,151.7,SE,3.67,7.64,-0.74,night
718568,2023-04-15,2023,PIT,2023-04-15 13:15:00,13,3,6,9,2,21,13,17,334,84.1,2,50,0.04,0.1176,0.0,11.0,6.0,7.0,156.0,83.8,44.0,0.0,2.0,10.0,6.0,10.0,178.0,84.3,54.0,0.2,73.8,23.2,62.0,990.5,0.2,24.2,15.1,163.3,S,11.5,18.1,3.51,day
718548,2023-04-16,2023,PIT,2023-04-16 13:15:00,13,5,4,9,1,12,9,20,304,84.4,6,66,0.0909,0.05,1.0,6.0,3.0,12.0,161.0,84.6,59.0,0.0833,0.0,6.0,4.0,8.0,143.0,84.3,54.0,0.0,49.0,9.4,52.3,995.3,0.3,33.6,20.9,268.7,W,24.33,14.92,30.8,day
718538,2023-04-17,2023,AZ,2023-04-17 18:45:00,18,3,6,9,3,16,4,11,262,82.3,7,44,0.1591,0.2727,1.0,7.0,0.0,6.0,125.0,80.9,53.0,0.1667,2.0,9.0,4.0,5.0,137.0,84.3,38.0,0.4,58.9,14.9,39.7,993.8,0.0,11.9,7.4,261.3,W,9.56,6.59,11.39,night
718527,2023-04-18,2023,AZ,2023-04-18 18:45:00,18,7,8,15,4,16,9,22,327,85.9,11,59,0.1864,0.1818,3.0,9.0,8.0,8.0,163.0,86.2,46.0,0.375,1.0,7.0,1.0,14.0,164.0,85.7,53.0,0.0714,66.8,19.3,48.0,993.4,0.0,13.1,8.1,69.0,E,-11.97,-9.42,-13.07,night
718512,2023-04-19,2023,AZ,2023-04-19 12:15:00,12,14,5,19,4,16,12,24,337,83.7,5,58,0.0862,0.1667,2.0,6.0,9.0,13.0,178.0,82.2,55.0,0.1538,2.0,10.0,3.0,11.0,159.0,85.7,41.0,0.1818,77.8,25.5,45.0,993.2,0.0,31.2,19.4,178.0,S,21.28,27.8,12.19,day
718338,2023-05-02,2023,LAA,2023-05-02 18:45:00,18,1,5,6,1,17,6,12,308,80.6,4,48,0.0833,0.0833,0.0,9.0,3.0,4.0,154.0,77.1,48.0,0.0,1.0,8.0,3.0,8.0,154.0,83.7,54.0,0.125,60.3,15.7,24.0,991.7,0.0,18.4,11.4,303.7,NW,3.62,-2.77,9.57,night
718320,2023-05-03,2023,LAA,2023-05-03 18:45:00,18,4,6,10,5,25,3,20,297,84.0,6,47,0.1277,0.25,2.0,17.0,1.0,7.0,144.0,83.9,37.0,0.2857,3.0,8.0,2.0,13.0,153.0,84.0,56.0,0.2308,62.8,17.1,36.3,995.8,0.0,7.4,4.6,322.0,NW,-0.91,-3.37,1.67,night
718311,2023-05-04,2023,LAA,2023-05-04 12:15:00,12,7,11,18,2,13,7,26,340,83.9,2,65,0.0308,0.0769,1.0,5.0,4.0,10.0,160.0,81.7,55.0,0.1,1.0,8.0,3.0,16.0,180.0,86.3,52.0,0.0625,72.0,22.2,26.3,998.6,0.0,7.6,4.7,163.0,S,3.55,5.62,1.05,day
718292,2023-05-05,2023,DET,2023-05-05 19:15:00,19,4,5,9,2,21,5,21,323,82.4,5,55,0.0909,0.0952,1.0,12.0,1.0,12.0,163.0,83.0,51.0,0.0833,1.0,9.0,4.0,9.0,160.0,81.7,52.0,0.1111,64.6,18.1,60.3,998.0,0.0,16.8,10.5,160.0,S,7.11,11.9,1.47,night
718288,2023-05-06,2023,DET,2023-05-06 13:15:00,13,5,6,11,2,18,7,22,330,80.5,3,63,0.0476,0.0909,2.0,8.0,5.0,9.0,164.0,81.9,56.0,0.2222,0.0,10.0,2.0,13.0,166.0,79.3,60.0,0.0,76.2,24.6,66.3,997.6,0.0,17.7,11.0,158.4,S,7.04,12.18,1.05,day
718272,2023-05-07,2023,DET,2023-05-07 13:15:00,13,12,6,18,6,9,2,18,301,84.9,8,65,0.1231,0.3333,4.0,3.0,1.0,10.0,156.0,84.6,67.0,0.4,2.0,6.0,1.0,8.0,145.0,85.2,52.0,0.25,81.9,27.7,64.3,995.0,0.0,10.0,6.2,181.7,S,7.3,9.22,4.51,day
718166,2023-05-15,2023,MIL,2023-05-15 18:45:00,18,18,1,19,4,18,11,22,305,84.6,5,53,0.0943,0.1818,4.0,7.0,8.0,16.0,165.0,88.0,48.0,0.25,0.0,11.0,3.0,6.0,140.0,80.6,40.0,0.0,71.1,21.7,77.7,1001.7,0.0,7.2,4.5,64.6,NE,-6.82,-5.58,-7.23,night
718151,2023-05-16,2023,MIL,2023-05-16 18:45:00,18,2,3,5,3,20,8,16,306,83.7,5,49,0.102,0.1875,1.0,9.0,6.0,7.0,161.0,85.9,45.0,0.1429,2.0,11.0,1.0,9.0,145.0,81.2,40.0,0.2222,66.6,19.2,72.0,994.7,0.0,10.0,6.2,314.4,NW,0.1,-3.32,3.52,night
718131,2023-05-17,2023,MIL,2023-05-17 18:45:00,18,3,0,3,1,20,7,15,288,82.2,3,45,0.0667,0.0667,1.0,9.0,1.0,8.0,113.0,81.0,35.0,0.125,0.0,11.0,6.0,7.0,175.0,83.0,50.0,0.0,74.2,23.4,60.3,994.5,0.0,6.5,4.0,46.8,NE,-6.46,-6.01,-6.14,night
718124,2023-05-18,2023,LAD,2023-05-18 18:45:00,18,16,8,24,9,8,10,21,330,84.2,17,67,0.2537,0.4286,7.0,5.0,5.0,12.0,176.0,81.1,62.0,0.5833,2.0,3.0,4.0,9.0,154.0,87.6,57.0,0.2222,74.8,23.8,56.0,996.8,0.0,6.3,3.9,184.5,S,4.82,5.93,3.12,night
718113,2023-05-19,2023,LAD,2023-05-19 19:15:00,19,0,5,5,1,18,9,12,338,82.8,6,49,0.1224,0.0833,0.0,7.0,4.0,2.0,151.0,81.7,47.0,0.0,1.0,11.0,5.0,10.0,187.0,83.7,57.0,0.1,60.9,16.1,87.3,1000.3,0.7,14.3,8.9,343.3,N,-6.79,-10.68,-2.07,night
718109,2023-05-20,2023,LAD,2023-05-20 18:15:00,18,6,5,11,2,12,2,17,267,83.5,5,54,0.0926,0.1176,1.0,7.0,1.0,8.0,123.0,83.3,52.0,0.125,1.0,5.0,0.0,9.0,144.0,83.8,53.0,0.1111,66.6,19.2,57.3,1003.2,0.0,9.7,6.0,343.7,N,-4.64,-7.26,-1.46,night
718083,2023-05-21,2023,LAD,2023-05-21 13:15:00,13,10,5,15,1,22,9,18,348,80.1,2,45,0.0444,0.0556,1.0,11.0,4.0,12.0,175.0,80.8,61.0,0.0833,0.0,11.0,5.0,6.0,173.0,79.3,57.0,0.0,75.3,24.0,32.7,1003.7,0.0,8.5,5.3,102.3,E,-4.59,-1.86,-6.76,day
717975,2023-05-29,2023,KC,2023-05-29 13:15:00,13,0,7,7,2,19,3,18,313,82.4,6,53,0.1132,0.1111,0.0,7.0,0.0,2.0,117.0,81.6,42.0,0.0,2.0,12.0,3.0,16.0,196.0,82.9,63.0,0.125,82.9,28.3,31.0,997.9,0.0,5.8,3.6,14.0,N,-5.0,-5.73,-3.67,day
717960,2023-05-30,2023,KC,2023-05-30 18:45:00,18,2,1,3,0,20,3,10,251,83.3,2,40,0.05,0.0,0.0,9.0,2.0,5.0,132.0,80.6,49.0,0.0,0.0,11.0,1.0,5.0,119.0,87.6,30.0,0.0,82.3,28.0,39.7,994.9,0.0,9.4,5.8,189.3,S,7.64,9.05,5.3,night
717832,2023-06-09,2023,CIN,2023-06-09 19:15:00,19,7,4,11,3,17,7,18,278,84.2,5,51,0.098,0.1667,3.0,8.0,2.0,11.0,112.0,86.1,42.0,0.2727,0.0,9.0,5.0,7.0,166.0,82.2,42.0,0.0,74.7,23.7,39.7,993.9,0.0,5.7,3.5,101.3,E,-3.14,-1.34,-4.57,night
717817,2023-06-10,2023,CIN,2023-06-10 13:15:00,13,4,8,12,2,10,9,20,319,86.4,5,64,0.0781,0.1,2.0,6.0,5.0,10.0,165.0,86.6,55.0,0.2,0.0,4.0,4.0,10.0,154.0,86.1,44.0,0.0,84.9,29.4,28.3,991.4,0.0,12.9,8.0,167.0,S,6.85,10.19,2.69,day
717797,2023-06-11,2023,CIN,2023-06-11 13:15:00,13,3,4,7,1,15,6,17,305,81.1,5,55,0.0909,0.0588,0.0,10.0,3.0,7.0,140.0,84.6,45.0,0.0,1.0,5.0,3.0,10.0,165.0,78.4,58.0,0.1,67.6,19.8,84.3,987.9,2.9,23.6,14.7,351.3,N,-14.0,-19.67,-6.64,day
717791,2023-06-12,2023,SF,2023-06-12 18:45:00,18,3,4,7,2,12,5,22,280,86.3,3,61,0.0492,0.0909,2.0,6.0,2.0,10.0,134.0,88.9,45.0,0.2,0.0,6.0,3.0,12.0,146.0,84.2,59.0,0.0,68.2,20.1,49.3,994.3,0.0,10.0,6.2,332.3,NW,-2.97,-6.04,0.46,night
717781,2023-06-13,2023,SF,2023-06-13 18:45:00,18,3,11,14,2,18,12,24,360,83.4,5,58,0.0862,0.0833,0.0,10.0,5.0,7.0,153.0,83.7,54.0,0.0,2.0,8.0,7.0,17.0,207.0,83.2,68.0,0.1176,75.5,24.2,40.3,990.0,0.0,13.5,8.4,248.0,W,12.43,9.87,13.48,night
717767,2023-06-14,2023,SF,2023-06-14 12:15:00,12,5,8,13,2,31,5,20,324,82.8,1,48,0.0208,0.1,1.0,17.0,2.0,9.0,159.0,83.8,40.0,0.1111,1.0,14.0,3.0,11.0,165.0,82.0,52.0,0.0909,84.9,29.4,30.7,989.0,0.0,9.0,5.6,291.6,W,3.58,0.53,6.2,day
717637,2023-06-24,2023,CHC,2023-06-24 12:10:00,12,1,9,10,3,14,5,20,295,84.1,4,58,0.069,0.15,0.0,9.0,3.0,6.0,136.0,84.3,50.0,0.0,3.0,5.0,2.0,14.0,159.0,83.9,53.0,0.2143,91.6,33.1,36.3,995.1,0.0,9.7,6.0,186.3,S,7.6,9.22,5.06,day
717623,2023-06-25,2023,CHC,2023-06-25 09:10:00,9,7,5,12,0,19,6,19,299,83.8,1,50,0.02,0.0,0.0,9.0,2.0,12.0,134.0,84.8,44.0,0.0,0.0,10.0,4.0,7.0,165.0,82.9,49.0,0.0,87.6,30.9,63.3,991.5,0.0,12.4,7.7,260.3,W,10.12,7.06,11.96,day
717598,2023-06-27,2023,HOU,2023-06-27 18:45:00,18,4,2,6,2,16,5,15,250,86.3,5,48,0.1042,0.1333,1.0,9.0,4.0,8.0,124.0,87.2,37.0,0.125,1.0,7.0,1.0,7.0,126.0,85.5,45.0,0.1429,82.8,28.2,48.0,994.9,0.0,7.3,4.5,30.8,NE,-7.08,-7.26,-6.04,night
717582,2023-06-28,2023,HOU,2023-06-28 18:45:00,18,7,10,17,5,18,9,22,335,81.8,6,57,0.1053,0.2273,3.0,10.0,1.0,11.0,166.0,83.0,53.0,0.2727,2.0,8.0,8.0,11.0,169.0,80.6,55.0,0.1818,88.4,31.3,45.3,993.1,0.0,16.1,10.0,161.7,S,7.23,11.71,1.87,night
717566,2023-06-29,2023,HOU,2023-06-29 18:15:00,18,0,14,14,2,11,10,22,331,81.7,3,62,0.0484,0.0909,0.0,3.0,2.0,4.0,113.0,80.9,46.0,0.0,2.0,8.0,8.0,18.0,218.0,82.2,69.0,0.1111,85.1,29.5,67.0,994.5,0.0,11.9,7.4,101.5,E,-6.57,-2.78,-9.57,night
717545,2023-07-01,2023,NYY,2023-07-01 13:15:00,13,11,4,15,3,9,13,22,343,84.3,4,62,0.0645,0.1364,2.0,4.0,6.0,12.0,160.0,85.4,57.0,0.1667,1.0,5.0,7.0,10.0,183.0,83.2,61.0,0.1,92.5,33.6,48.7,993.0,0.0,10.0,6.2,213.0,SW,9.81,9.94,8.51,day
717550,2023-07-01,2023,NYY,2023-06-30 19:15:00,19,2,6,8,1,14,8,17,281,82.5,3,54,0.0556,0.0588,1.0,10.0,5.0,7.0,156.0,82.6,44.0,0.1429,0.0,4.0,3.0,10.0,125.0,82.5,48.0,0.0,79.3,26.3,92.7,994.5,0.0,7.3,4.5,93.8,E,-4.78,-2.63,-6.37,night
717524,2023-07-02,2023,NYY,2023-07-02 13:15:00,13,5,1,6,1,16,7,14,276,84.7,2,47,0.0426,0.0714,1.0,7.0,2.0,11.0,140.0,85.0,43.0,0.0909,0.0,9.0,5.0,3.0,136.0,84.5,35.0,0.0,84.0,28.9,54.3,991.8,0.9,20.0,12.4,273.0,W,13.41,7.51,17.69,day
717407,2023-07-14,2023,WSH,2023-07-14 18:05:00,18,5,7,12,3,18,3,14,284,83.4,4,56,0.0714,0.2143,3.0,10.0,1.0,6.0,135.0,83.2,40.0,0.5,0.0,8.0,2.0,8.0,149.0,83.5,56.0,0.0,83.7,28.7,68.3,992.9,0.0,8.4,5.2,237.5,SW,8.17,7.06,8.3,night
717396,2023-07-15,2023,WSH,2023-07-15 18:15:00,18,9,6,15,4,13,4,28,334,82.2,4,64,0.0625,0.1429,2.0,4.0,1.0,17.0,164.0,83.1,68.0,0.1176,2.0,9.0,3.0,11.0,170.0,81.2,60.0,0.1818,81.7,27.6,59.3,994.8,0.0,13.3,8.3,305.5,NW,2.19,-2.43,6.54,night
717380,2023-07-16,2023,WSH,2023-07-16 13:15:00,13,8,4,12,3,13,10,17,306,81.6,3,55,0.0545,0.1765,2.0,4.0,5.0,13.0,162.0,82.7,60.0,0.1538,1.0,9.0,5.0,4.0,144.0,80.3,47.0,0.25,92.5,33.6,31.7,997.1,0.2,18.8,11.7,290.6,W,7.77,1.43,13.17,day
717374,2023-07-17,2023,MIA,2023-07-17 18:45:00,18,6,4,10,2,10,5,23,312,83.0,6,62,0.0968,0.087,0.0,6.0,4.0,11.0,170.0,83.9,58.0,0.0,2.0,4.0,1.0,12.0,142.0,82.2,58.0,0.1667,78.6,25.9,72.0,996.1,0.0,4.8,3.0,252.7,W,4.28,3.25,4.79,night
717357,2023-07-18,2023,MIA,2023-07-18 18:45:00,18,5,2,7,2,27,8,17,311,83.5,3,47,0.0638,0.1176,2.0,14.0,5.0,6.0,156.0,80.0,35.0,0.3333,0.0,13.0,2.0,11.0,155.0,85.5,59.0,0.0,79.5,26.4,77.0,996.0,0.0,4.3,2.7,294.3,NW,1.51,0.06,2.78,night
717351,2023-07-19,2023,MIA,2023-07-19 13:15:00,13,6,4,10,2,11,4,23,294,83.5,3,60,0.05,0.087,1.0,7.0,3.0,11.0,128.0,82.9,43.0,0.0909,1.0,4.0,1.0,12.0,166.0,83.8,72.0,0.0833,85.1,29.5,66.3,997.9,0.0,5.7,3.6,151.3,SE,1.61,3.4,-0.37,day
717238,2023-07-27,2023,CHC,2023-07-27 18:45:00,18,3,10,13,3,14,8,22,338,84.8,4,62,0.0645,0.1364,2.0,8.0,3.0,8.0,143.0,86.5,55.0,0.25,1.0,6.0,5.0,14.0,195.0,83.5,67.0,0.0714,93.7,34.3,51.0,996.2,0.0,11.0,6.8,225.9,SW,11.0,10.27,10.4,night
717226,2023-07-28,2023,CHC,2023-07-28 19:15:00,19,2,3,5,3,17,7,15,283,83.1,5,47,0.1064,0.2,2.0,12.0,2.0,7.0,143.0,83.9,43.0,0.2857,1.0,5.0,5.0,8.0,140.0,82.5,48.0,0.125,90.2,32.3,56.7,996.9,0.0,15.6,9.7,207.7,SW,14.92,15.62,12.43,night
717213,2023-07-29,2023,CHC,2023-07-29 18:15:00,18,1,5,6,2,11,8,15,272,84.5,2,54,0.037,0.1333,0.0,5.0,5.0,5.0,143.0,82.8,45.0,0.0,2.0,6.0,3.0,10.0,129.0,86.5,39.0,0.2,78.3,25.7,85.0,999.0,7.9,6.5,4.1,278.1,W,3.93,1.9,5.48,night
717195,2023-07-30,2023,CHC,2023-07-30 13:15:00,13,3,0,3,0,8,2,13,249,81.3,1,54,0.0185,0.0,0.0,2.0,2.0,8.0,106.0,82.1,45.0,0.0,0.0,6.0,0.0,5.0,143.0,80.6,57.0,0.0,86.7,30.4,52.3,1001.5,0.0,6.3,3.9,21.6,N,-5.81,-6.32,-4.6,day
717174,2023-08-01,2023,MIN,2023-08-01 18:45:00,18,2,3,5,1,16,2,14,275,83.2,5,51,0.098,0.0714,1.0,8.0,1.0,7.0,138.0,80.0,52.0,0.1429,0.0,8.0,1.0,7.0,137.0,86.8,47.0,0.0,82.1,27.8,56.0,1001.3,0.0,8.4,5.2,146.5,SE,1.68,4.41,-1.24,night
717155,2023-08-02,2023,MIN,2023-08-02 18:45:00,18,7,3,10,5,19,4,14,274,84.3,6,43,0.1395,0.3571,4.0,10.0,1.0,10.0,150.0,84.3,52.0,0.4,1.0,9.0,3.0,4.0,124.0,84.4,47.0,0.25,78.5,25.8,85.7,998.3,15.8,10.6,6.6,72.1,E,-9.44,-7.22,-10.52,night
717145,2023-08-03,2023,MIN,2023-08-03 18:45:00,18,3,5,8,3,15,4,15,257,82.8,3,54,0.0556,0.2,1.0,11.0,0.0,8.0,105.0,84.0,37.0,0.125,2.0,4.0,4.0,7.0,152.0,82.0,55.0,0.2857,81.6,27.5,78.3,996.1,0.0,5.6,3.5,115.6,SE,-1.85,0.06,-3.53,night
717127,2023-08-04,2023,COL,2023-08-04 19:15:00,19,4,9,13,3,12,5,29,305,84.4,7,69,0.1014,0.1034,3.0,4.0,1.0,14.0,130.0,85.9,52.0,0.2143,0.0,8.0,4.0,15.0,175.0,83.1,60.0,0.0,79.9,26.6,83.0,995.6,0.0,9.6,6.0,124.7,SE,-1.72,1.62,-4.86,night
717119,2023-08-05,2023,COL,2023-08-05 18:15:00,18,6,2,8,2,14,6,18,279,83.6,4,55,0.0727,0.1111,1.0,4.0,4.0,11.0,142.0,85.1,59.0,0.0909,1.0,10.0,2.0,7.0,137.0,81.7,47.0,0.1429,80.9,27.2,69.3,994.3,0.0,12.2,7.6,335.0,NW,-4.17,-7.83,-0.01,night
717099,2023-08-06,2023,COL,2023-08-06 13:15:00,13,0,1,1,0,18,7,13,275,83.4,2,48,0.0417,0.0,0.0,5.0,5.0,8.0,146.0,82.5,54.0,0.0,0.0,13.0,1.0,5.0,129.0,84.7,37.0,0.0,85.1,29.5,65.7,992.9,0.1,13.9,8.6,185.6,S,10.74,13.11,7.08,day
716995,2023-08-14,2023,ATH,2023-08-14 18:45:00,18,7,5,12,2,17,13,16,313,82.8,2,48,0.0417,0.125,1.0,11.0,10.0,8.0,170.0,81.4,41.0,0.125,1.0,6.0,3.0,8.0,143.0,83.8,53.0,0.125,76.2,24.5,57.0,995.8,0.0,17.2,10.7,289.7,W,7.37,1.6,12.26,night
716984,2023-08-15,2023,ATH,2023-08-15 18:45:00,18,6,2,8,4,12,5,20,299,83.9,6,57,0.1053,0.2,3.0,7.0,4.0,14.0,171.0,84.1,62.0,0.2143,1.0,5.0,1.0,6.0,128.0,83.8,51.0,0.1667,72.0,22.2,68.3,1000.2,0.0,8.4,5.2,315.9,NW,-0.14,-2.99,2.73,night
716969,2023-08-16,2023,ATH,2023-08-16 17:45:00,17,0,8,8,1,19,6,23,278,82.1,3,53,0.0566,0.0435,0.0,10.0,2.0,9.0,123.0,81.4,39.0,0.0,1.0,9.0,4.0,14.0,155.0,82.6,54.0,0.0714,77.9,25.5,50.7,997.1,0.0,9.7,6.0,187.0,S,7.62,9.19,5.13,night
716958,2023-08-17,2023,NYM,2023-08-17 18:15:00,18,2,4,6,3,11,8,12,282,82.0,6,55,0.1091,0.25,1.0,7.0,5.0,5.0,149.0,81.9,46.0,0.2,2.0,4.0,3.0,7.0,133.0,82.2,46.0,0.2857,77.0,25.0,55.3,994.6,0.0,12.2,7.6,345.0,N,-6.08,-9.32,-2.11,night
716952,2023-08-18,2023,NYM,2023-08-18 19:15:00,19,1,7,8,2,14,8,19,304,84.1,4,59,0.0678,0.1053,0.0,7.0,5.0,6.0,148.0,80.2,45.0,0.0,2.0,7.0,3.0,13.0,156.0,88.0,44.0,0.1538,72.6,22.5,65.0,998.4,0.0,7.5,4.7,125.3,SE,-1.26,1.35,-3.71,night
716940,2023-08-19,2023,NYM,2023-08-19 18:15:00,18,2,13,15,4,16,6,18,314,81.3,4,55,0.0727,0.2222,1.0,7.0,2.0,5.0,134.0,81.4,43.0,0.2,3.0,9.0,4.0,13.0,180.0,81.2,63.0,0.2308,83.0,28.3,65.3,996.1,0.0,14.3,8.9,163.7,S,6.84,10.71,2.15,night
716921,2023-08-20,2023,NYM,2023-08-20 13:15:00,13,7,3,10,2,18,3,22,309,83.7,3,54,0.0556,0.0909,1.0,7.0,1.0,15.0,163.0,84.7,60.0,0.0667,1.0,11.0,2.0,7.0,146.0,82.4,45.0,0.1429,95.4,35.2,55.7,998.8,0.0,5.8,3.6,187.5,S,4.6,5.53,3.11,day
716809,2023-08-28,2023,SD,2023-08-28 18:45:00,18,1,4,5,1,13,10,16,279,84.2,3,56,0.0536,0.0625,1.0,12.0,5.0,4.0,138.0,81.7,37.0,0.25,0.0,1.0,5.0,12.0,141.0,86.0,52.0,0.0,75.7,24.3,56.7,997.4,0.0,8.0,5.0,3.7,N,-6.03,-7.48,-3.85,night
716797,2023-08-29,2023,SD,2023-08-29 18:45:00,18,6,5,11,3,18,6,21,317,81.9,4,60,0.0667,0.1429,2.0,10.0,1.0,9.0,141.0,82.3,53.0,0.2222,1.0,8.0,4.0,12.0,176.0,81.6,58.0,0.0833,79.9,26.6,64.3,994.7,0.0,6.2,3.9,297.8,NW,1.83,-0.3,3.75,night
716782,2023-08-30,2023,SD,2023-08-30 13:15:00,13,5,4,9,2,9,3,21,271,82.0,2,60,0.0333,0.0952,2.0,7.0,1.0,10.0,139.0,81.7,49.0,0.2,0.0,2.0,2.0,11.0,132.0,82.3,56.0,0.0,78.9,26.1,48.3,998.8,0.0,16.0,10.0,24.7,NE,-15.03,-16.03,-12.22,day
716766,2023-09-01,2023,PIT,2023-09-01 19:15:00,19,2,4,6,1,15,7,13,307,81.0,3,56,0.0536,0.0769,1.0,11.0,4.0,6.0,160.0,80.0,60.0,0.1667,0.0,4.0,3.0,7.0,147.0,82.1,54.0,0.0,74.1,23.4,61.3,1002.1,0.0,7.6,4.7,96.0,E,-4.78,-2.48,-6.51,night
716744,2023-09-02,2023,PIT,2023-09-02 18:15:00,18,6,7,13,4,10,6,19,294,86.2,5,62,0.0806,0.2105,3.0,6.0,1.0,8.0,132.0,86.9,48.0,0.375,1.0,4.0,5.0,11.0,162.0,85.6,55.0,0.0909,83.3,28.5,62.7,999.9,0.0,11.0,6.9,175.4,S,7.14,9.59,3.84,night
716733,2023-09-03,2023,PIT,2023-09-03 13:15:00,13,6,4,10,2,13,11,16,313,84.0,5,53,0.0943,0.125,1.0,6.0,8.0,8.0,191.0,83.1,58.0,0.125,1.0,7.0,2.0,8.0,122.0,85.3,43.0,0.125,88.6,31.5,53.3,998.7,0.0,8.3,5.2,174.7,S,5.32,7.19,2.8,day
716572,2023-09-15,2023,PHI,2023-09-15 19:15:00,19,4,5,9,1,16,10,17,351,82.8,3,55,0.0545,0.0588,0.0,7.0,7.0,9.0,195.0,81.8,66.0,0.0,1.0,9.0,3.0,8.0,156.0,84.2,48.0,0.125,69.4,20.8,44.0,1000.4,0.0,7.7,4.8,329.1,NW,-1.89,-4.34,0.79,night
716557,2023-09-16,2023,PHI,2023-09-16 18:15:00,18,1,6,7,1,12,8,17,304,84.8,7,58,0.1207,0.0588,0.0,8.0,8.0,6.0,166.0,83.8,41.0,0.0,1.0,4.0,0.0,11.0,138.0,85.5,67.0,0.0909,72.9,22.7,57.7,998.0,0.0,6.6,4.1,262.4,W,5.27,3.57,6.33,night
716541,2023-09-17,2023,PHI,2023-09-17 13:15:00,13,6,5,11,3,11,7,20,264,82.7,8,58,0.1379,0.15,2.0,3.0,1.0,9.0,120.0,82.1,50.0,0.2222,1.0,8.0,6.0,11.0,144.0,83.3,53.0,0.0909,74.4,23.5,46.7,998.7,0.0,16.2,10.1,336.0,NW,-5.81,-10.63,-0.28,day
716531,2023-09-18,2023,MIL,2023-09-18 18:45:00,18,1,0,1,1,13,2,11,230,80.7,2,46,0.0435,0.0909,1.0,8.0,0.0,5.0,111.0,81.2,42.0,0.2,0.0,5.0,2.0,6.0,119.0,80.1,40.0,0.0,71.2,21.8,50.7,998.6,0.0,7.3,4.6,139.9,SE,0.63,3.09,-1.91,night
716515,2023-09-19,2023,MIL,2023-09-19 18:45:00,18,3,7,10,2,15,12,17,337,84.0,3,55,0.0545,0.1176,1.0,6.0,6.0,8.0,167.0,84.0,54.0,0.125,1.0,9.0,6.0,9.0,170.0,84.0,57.0,0.1111,76.5,24.7,49.0,996.7,0.0,13.2,8.2,156.3,SE,4.79,8.69,0.31,night
716495,2023-09-20,2023,MIL,2023-09-20 18:45:00,18,2,8,10,3,12,5,16,279,84.9,3,56,0.0536,0.1875,0.0,5.0,3.0,6.0,132.0,84.8,36.0,0.0,3.0,7.0,2.0,10.0,147.0,85.0,57.0,0.3,70.3,21.3,78.0,998.5,0.6,7.7,4.8,16.1,N,-6.77,-7.64,-5.08,night
716491,2023-09-21,2023,MIL,2023-09-21 12:15:00,12,0,6,6,2,15,4,16,276,84.1,3,53,0.0566,0.125,0.0,9.0,2.0,6.0,131.0,82.1,46.0,0.0,2.0,6.0,2.0,10.0,145.0,85.9,50.0,0.2,79.5,26.4,59.3,1002.5,0.0,10.8,6.7,198.3,S,9.62,10.69,7.39,day
716388,2023-09-29,2023,CIN,2023-09-29 19:15:00,19,2,19,21,7,10,4,23,302,82.4,10,67,0.1493,0.3043,1.0,3.0,2.0,6.0,122.0,82.7,39.0,0.1667,6.0,7.0,2.0,17.0,180.0,82.3,71.0,0.3529,75.5,24.2,78.7,1000.7,0.0,7.4,4.6,106.7,E,-3.53,-1.08,-5.55,night
716372,2023-09-30,2023,CIN,2023-09-30 18:15:00,18,15,6,21,3,11,14,27,343,82.4,5,64,0.0781,0.1111,1.0,3.0,10.0,13.0,171.0,81.2,56.0,0.0769,2.0,8.0,4.0,14.0,172.0,83.7,48.0,0.1429,78.8,26.0,65.3,1003.1,0.0,7.7,4.8,100.0,E,-4.42,-1.99,-6.31,night
716353,2023-10-01,2023,CIN,2023-10-01 14:15:00,14,4,3,7,1,23,1,18,250,82.0,8,44,0.1818,0.0556,0.0,9.0,1.0,9.0,132.0,83.4,47.0,0.0,1.0,14.0,0.0,9.0,118.0,80.4,42.0,0.1111,82.5,28.0,47.7,1005.1,0.0,9.3,5.8,106.3,E,-4.45,-1.4,-6.96,day
745200,2024-04-04,2024,MIA,2024-04-04 15:15:00,15,8,5,13,4,18,5,19,313,83.2,7,53,0.1321,0.2105,1.0,9.0,3.0,10.0,165.0,84.3,50.0,0.1,3.0,9.0,2.0,9.0,148.0,82.1,53.0,0.3333,49.2,9.5,44.3,993.5,0.0,25.6,15.9,320.3,NW,-2.38,-10.95,6.48,day
745197,2024-04-06,2024,MIA,2024-04-06 13:15:00,13,3,1,4,0,8,5,16,274,79.6,2,56,0.0357,0.0,0.0,3.0,4.0,8.0,133.0,82.0,44.0,0.0,0.0,5.0,1.0,8.0,141.0,77.8,61.0,0.0,56.5,13.6,41.0,1003.1,0.0,13.1,8.2,122.7,SE,-2.81,1.75,-7.02,day
745198,2024-04-07,2024,MIA,2024-04-07 13:15:00,13,3,10,13,4,17,4,18,294,84.1,5,56,0.0893,0.2222,2.0,9.0,2.0,5.0,133.0,82.3,39.0,0.4,2.0,8.0,2.0,13.0,161.0,85.3,57.0,0.1538,67.1,19.5,70.0,989.2,1.4,22.4,13.9,173.3,S,13.92,19.09,7.06,day
745194,2024-04-08,2024,PHI,2024-04-08 18:45:00,18,3,5,8,2,16,6,16,305,84.7,4,59,0.0678,0.125,1.0,11.0,3.0,6.0,165.0,85.0,49.0,0.1667,1.0,5.0,2.0,10.0,140.0,84.3,51.0,0.1,67.9,19.9,38.7,994.0,0.0,11.0,6.8,161.0,S,4.82,7.91,1.15,night
745195,2024-04-09,2024,PHI,2024-04-09 18:45:00,18,3,0,3,1,19,5,15,279,80.0,2,44,0.0455,0.0667,1.0,6.0,2.0,7.0,129.0,83.1,51.0,0.1429,0.0,13.0,3.0,8.0,150.0,76.5,46.0,0.0,64.9,18.3,51.7,995.3,0.0,6.4,4.0,14.0,N,-5.48,-6.28,-4.03,night
745196,2024-04-10,2024,PHI,2024-04-10 12:15:00,12,3,4,7,2,17,9,15,310,83.2,3,50,0.06,0.1333,2.0,4.0,4.0,7.0,147.0,84.4,57.0,0.2857,0.0,13.0,5.0,8.0,163.0,81.9,51.0,0.0,61.7,16.5,78.7,993.0,0.9,14.4,8.9,31.3,NE,-13.99,-14.31,-11.98,day
745189,2024-04-19,2024,MIL,2024-04-19 19:15:00,19,1,2,3,0,20,12,10,339,82.2,2,48,0.0417,0.0,0.0,11.0,5.0,5.0,175.0,82.4,44.0,0.0,0.0,9.0,6.0,5.0,164.0,82.1,48.0,0.0,52.9,11.6,55.7,1004.5,0.0,6.8,4.2,351.4,N,-4.05,-5.69,-1.92,night
745190,2024-04-20,2024,MIL,2024-04-20 13:15:00,13,5,12,17,3,14,10,24,343,81.7,4,63,0.0635,0.125,0.0,7.0,8.0,6.0,170.0,79.9,40.0,0.0,3.0,7.0,2.0,18.0,173.0,82.8,64.0,0.1667,56.1,13.4,37.0,1007.7,0.0,15.9,9.9,310.3,NW,1.3,-4.21,6.65,day
745192,2024-04-21,2024,MIL,2024-04-21 13:15:00,13,0,2,2,0,21,6,12,270,82.5,2,44,0.0455,0.0,0.0,8.0,4.0,6.0,147.0,83.1,52.0,0.0,0.0,13.0,2.0,6.0,123.0,81.4,30.0,0.0,56.4,13.6,33.7,1006.8,0.0,18.2,11.3,324.7,NW,-3.06,-9.03,3.27,day
745191,2024-04-22,2024,AZ,2024-04-22 18:45:00,18,5,3,8,2,16,8,16,262,85.3,2,48,0.0417,0.125,2.0,5.0,4.0,7.0,119.0,87.0,34.0,0.2857,0.0,11.0,4.0,9.0,143.0,84.0,44.0,0.0,62.1,16.7,36.3,997.8,0.0,17.5,10.9,180.7,S,12.54,15.98,7.59,night
745193,2024-04-23,2024,AZ,2024-04-23 18:45:00,18,1,14,15,4,18,6,21,309,83.6,8,55,0.1455,0.1905,1.0,8.0,2.0,6.0,127.0,82.9,42.0,0.1667,3.0,10.0,4.0,15.0,182.0,84.0,70.0,0.2,58.8,14.9,87.7,995.6,0.0,8.0,5.0,250.4,W,7.2,5.6,7.93,night
745188,2024-04-24,2024,AZ,2024-04-24 12:15:00,12,5,1,6,0,11,7,16,228,84.9,1,51,0.0196,0.0,0.0,4.0,3.0,9.0,110.0,84.1,36.0,0.0,0.0,7.0,3.0,7.0,118.0,85.8,33.0,0.0,65.5,18.6,45.3,1005.4,0.0,11.4,7.1,358.3,N,-7.82,-10.19,-4.52,day
745187,2024-05-03,2024,CWS,2024-05-03 19:15:00,19,3,0,3,0,13,4,9,272,80.4,3,48,0.0625,0.0,0.0,7.0,3.0,6.0,157.0,77.8,50.0,0.0,0.0,6.0,1.0,3.0,115.0,83.2,47.0,0.0,68.9,20.5,74.0,996.9,0.0,7.7,4.8,1.3,N,-5.54,-7.02,-3.39,night
745183,2024-05-04,2024,CWS,2024-05-04 13:15:00,13,5,6,11,1,17,10,13,348,81.4,1,57,0.0175,0.0769,1.0,9.0,7.0,5.0,182.0,81.1,54.0,0.2,0.0,8.0,3.0,8.0,166.0,81.6,49.0,0.0,81.1,27.3,54.7,994.9,0.0,14.8,9.2,198.7,S,13.24,14.68,10.21,day
745185,2024-05-05,2024,CWS,2024-05-05 13:15:00,13,1,5,6,2,23,0,13,277,83.5,4,44,0.0909,0.1538,1.0,11.0,0.0,4.0,141.0,80.0,51.0,0.25,1.0,12.0,0.0,9.0,136.0,87.1,49.0,0.1111,70.6,21.5,59.7,1000.1,0.0,3.6,2.2,76.7,E,-3.06,-2.23,-3.53,day
745182,2024-05-06,2024,NYM,2024-05-06 18:45:00,18,3,4,7,1,9,3,18,263,85.4,4,61,0.0656,0.0556,0.0,4.0,1.0,8.0,129.0,82.4,49.0,0.0,1.0,5.0,2.0,10.0,134.0,88.7,44.0,0.1,73.9,23.3,67.3,990.4,0.0,8.0,5.0,159.2,S,3.28,5.57,0.58,night
745186,2024-05-07,2024,NYM,2024-05-07 18:45:00,18,5,7,12,5,17,6,25,321,85.4,8,61,0.1311,0.2,3.0,11.0,5.0,11.0,167.0,85.3,47.0,0.2727,2.0,6.0,1.0,14.0,154.0,85.5,61.0,0.1429,77.2,25.1,48.0,983.3,0.0,11.0,6.8,247.9,W,10.1,8.03,10.95,night
745178,2024-05-17,2024,BOS,2024-05-17 19:15:00,19,10,6,16,5,10,7,26,330,86.8,8,65,0.1231,0.1923,4.0,6.0,3.0,14.0,187.0,85.2,61.0,0.2857,1.0,4.0,4.0,12.0,143.0,89.0,43.0,0.0833,70.2,21.2,79.0,990.7,0.0,6.2,3.8,199.0,S,5.54,6.13,4.28,night
745177,2024-05-18,2024,BOS,2024-05-18 18:15:00,18,7,2,9,2,14,4,20,288,81.5,3,54,0.0556,0.1,1.0,7.0,3.0,14.0,164.0,81.1,65.0,0.0714,1.0,7.0,1.0,6.0,124.0,82.0,54.0,0.1667,79.3,26.3,60.3,993.7,0.0,4.0,2.5,168.1,S,2.2,3.23,0.91,night
745179,2024-05-19,2024,BOS,2024-05-19 12:05:00,12,3,11,14,4,25,4,20,325,81.5,4,48,0.0833,0.2,1.0,15.0,0.0,6.0,131.0,82.8,39.0,0.1667,3.0,10.0,4.0,14.0,194.0,80.8,69.0,0.2143,85.7,29.8,48.7,997.7,0.0,7.8,4.8,185.7,S,6.01,7.33,3.96,day
745181,2024-05-20,2024,BAL,2024-05-20 18:45:00,18,6,3,9,2,13,11,11,287,82.8,2,50,0.04,0.1818,1.0,6.0,7.0,8.0,161.0,81.8,51.0,0.125,1.0,7.0,4.0,3.0,126.0,84.0,42.0,0.3333,76.5,24.7,76.0,993.4,0.0,9.4,5.8,167.3,S,5.01,7.41,2.0,night
745180,2024-05-21,2024,BAL,2024-05-21 18:45:00,18,3,1,4,1,16,3,8,239,83.8,3,43,0.0698,0.125,1.0,8.0,2.0,5.0,122.0,80.9,38.0,0.2,0.0,8.0,1.0,3.0,117.0,86.3,45.0,0.0,83.5,28.6,53.0,987.6,0.0,27.8,17.3,194.0,S,23.83,27.29,17.5,night
745173,2024-05-22,2024,BAL,2024-05-22 12:46:00,12,5,4,9,1,8,4,16,285,83.2,1,60,0.0167,0.0625,1.0,3.0,2.0,8.0,129.0,83.6,52.0,0.125,0.0,5.0,2.0,8.0,156.0,82.9,58.0,0.0,78.4,25.8,44.3,994.7,0.0,9.8,6.1,280.3,W,5.6,2.5,8.03,day
745176,2024-05-25,2024,CHC,2024-05-25 18:15:00,18,7,6,13,0,15,4,27,296,84.3,2,60,0.0333,0.0,0.0,7.0,1.0,15.0,155.0,83.5,53.0,0.0,0.0,8.0,3.0,12.0,141.0,85.1,52.0,0.0,76.6,24.8,54.3,992.1,0.0,6.3,3.9,124.3,SE,-1.16,1.01,-3.2,night
745172,2024-05-26,2024,CHC,2024-05-26 18:10:00,18,4,3,7,4,21,6,14,273,83.7,5,45,0.1111,0.2857,,,,,,,,,,,,,,,,,70.0,21.1,89.0,984.5,0.7,8.2,5.1,238.3,SW,7.98,6.85,8.14,night
745174,2024-06-06,2024,COL,2024-06-06 18:45:00,18,2,3,5,0,14,11,12,318,82.5,4,50,0.08,0.0,,,,,,,,,,,,,,,,,77.4,25.2,37.7,991.2,0.0,13.6,8.5,295.3,NW,4.59,-0.08,8.7,night
745169,2024-06-07,2024,COL,2024-06-07 13:15:00,13,8,5,13,0,20,5,22,342,83.2,3,53,0.0566,0.0,,,,,,,,,,,,,,,,,84.4,29.1,28.7,996.2,0.0,11.9,7.4,308.3,NW,1.39,-2.75,5.36,day
745166,2024-06-08,2024,COL,2024-06-08 15:15:00,15,5,6,11,3,21,3,17,270,82.8,3,49,0.0612,0.1765,,,,,,,,,,,,,,,,,84.3,29.0,65.0,991.1,0.2,14.2,8.8,244.0,SW,13.46,11.06,14.23,day
745167,2024-06-09,2024,COL,2024-06-09 13:15:00,13,5,1,6,1,14,4,15,248,83.7,3,51,0.0588,0.0667,1.0,6.0,2.0,10.0,126.0,82.5,49.0,0.1,0.0,8.0,2.0,5.0,122.0,85.2,37.0,0.0,70.8,21.5,61.3,997.3,0.0,6.1,3.8,316.3,NW,-0.14,-2.21,1.94,day
745170,2024-06-11,2024,PIT,2024-06-11 18:45:00,18,1,2,3,1,17,4,11,269,81.8,4,46,0.087,0.0909,1.0,10.0,1.0,8.0,154.0,83.2,56.0,0.125,0.0,7.0,3.0,3.0,115.0,79.9,39.0,0.0,76.9,25.0,50.0,996.6,0.0,5.1,3.1,154.7,SE,1.7,3.23,-0.03,night
745171,2024-06-12,2024,PIT,2024-06-12 18:45:00,18,4,2,6,1,25,2,17,249,82.2,2,42,0.0476,0.0588,0.0,13.0,1.0,11.0,136.0,80.0,53.0,0.0,1.0,12.0,1.0,6.0,113.0,85.2,39.0,0.1667,83.6,28.7,47.0,995.8,0.0,9.7,6.0,178.3,S,6.68,8.7,3.85,night
745168,2024-06-13,2024,PIT,2024-06-13 13:15:00,13,4,3,7,2,15,5,15,273,81.8,1,50,0.02,0.1333,2.0,6.0,0.0,8.0,120.0,80.8,51.0,0.25,0.0,9.0,5.0,7.0,153.0,83.1,45.0,0.0,91.9,33.3,39.3,995.2,0.0,16.7,10.4,195.7,S,14.56,16.48,10.88,day
745164,2024-06-20,2024,SF,2024-06-20 18:15:00,18,6,5,11,2,19,6,18,288,87.0,1,47,0.0213,0.1111,1.0,11.0,2.0,7.0,122.0,85.0,25.0,0.1429,1.0,8.0,4.0,11.0,166.0,88.7,31.0,0.0909,88.1,31.2,43.7,1005.0,0.0,9.4,5.9,162.6,S,4.37,6.96,1.24,night
745163,2024-06-22,2024,SF,2024-06-22 13:15:00,13,9,4,13,4,13,5,24,286,82.8,7,59,0.1186,0.1667,4.0,8.0,3.0,14.0,155.0,82.5,46.0,0.2857,0.0,5.0,2.0,10.0,131.0,83.1,47.0,0.0,94.2,34.6,36.0,996.2,0.0,17.9,11.1,219.0,SW,17.8,17.37,16.09,day
745165,2024-06-23,2024,SF,2024-06-23 13:15:00,13,5,3,8,1,20,5,13,245,80.5,3,43,0.0698,0.0769,0.0,10.0,2.0,11.0,132.0,82.6,38.0,0.0,1.0,10.0,3.0,2.0,113.0,78.3,36.0,0.5,88.5,31.4,43.3,994.4,0.0,16.8,10.4,322.7,NW,-2.24,-7.79,3.58,day
745160,2024-06-24,2024,ATL,2024-06-24 18:45:00,18,4,3,7,1,19,4,17,264,82.7,1,46,0.0217,0.0588,0.0,9.0,0.0,11.0,128.0,80.4,49.0,0.0,1.0,10.0,4.0,6.0,136.0,85.3,43.0,0.1667,89.1,31.7,49.7,993.9,0.0,17.5,10.9,120.9,SE,-4.26,1.81,-9.8,night
745157,2024-06-26,2024,ATL,2024-06-25 18:45:00,18,2,6,8,1,14,13,13,335,79.7,3,52,0.0577,0.0769,0.0,8.0,6.0,4.0,157.0,81.8,54.0,0.0,1.0,6.0,7.0,9.0,178.0,77.9,65.0,0.1111,87.1,30.6,58.7,992.6,2.8,15.2,9.4,175.1,S,9.8,13.18,5.23,night
745158,2024-06-26,2024,ATL,2024-06-26 18:15:00,18,4,1,5,0,17,3,14,275,81.4,1,47,0.0213,0.0,0.0,6.0,1.0,8.0,135.0,80.5,45.0,0.0,0.0,11.0,2.0,6.0,140.0,82.3,41.0,0.0,79.9,26.6,70.7,993.1,0.0,8.8,5.5,16.7,N,-7.75,-8.71,-5.86,night
745162,2024-06-27,2024,CIN,2024-06-27 18:45:00,18,4,11,15,2,10,7,23,316,83.2,5,65,0.0769,0.087,1.0,5.0,6.0,7.0,156.0,83.6,50.0,0.1429,1.0,5.0,1.0,16.0,160.0,83.0,67.0,0.0625,83.8,28.8,50.7,994.0,0.0,5.5,3.4,22.7,NE,-5.12,-5.53,-4.09,night
745161,2024-06-28,2024,CIN,2024-06-28 19:15:00,19,1,0,1,0,14,7,8,272,80.4,3,43,0.0698,0.0,0.0,5.0,3.0,4.0,138.0,82.0,45.0,0.0,0.0,9.0,4.0,4.0,134.0,78.6,39.0,0.0,83.5,28.6,67.3,990.6,0.0,17.9,11.1,183.0,S,13.33,16.63,8.42,night
745159,2024-06-29,2024,CIN,2024-06-29 13:15:00,13,4,9,13,1,19,5,21,339,81.3,4,58,0.069,0.0476,1.0,9.0,2.0,8.0,164.0,80.7,54.0,0.125,0.0,10.0,3.0,13.0,175.0,81.9,58.0,0.0,88.0,31.1,65.0,997.4,0.0,11.7,7.3,263.5,W,9.18,6.12,11.12,day
745154,2024-06-30,2024,CIN,2024-06-30 13:15:00,13,2,0,2,0,18,4,9,257,81.9,4,42,0.0952,0.0,0.0,10.0,2.0,7.0,143.0,80.9,43.0,0.0,0.0,8.0,2.0,2.0,114.0,83.1,37.0,0.0,79.5,26.4,52.7,1006.3,0.0,13.9,8.6,6.7,N,-10.9,-13.19,-7.3,day
745155,2024-07-10,2024,KC,2024-07-09 18:45:00,18,4,6,10,4,18,1,15,287,80.6,2,51,0.0392,0.2667,3.0,11.0,1.0,6.0,148.0,77.6,49.0,0.5,1.0,7.0,0.0,9.0,139.0,83.5,51.0,0.1111,70.2,21.2,91.0,991.9,3.6,18.8,11.7,341.0,N,-8.23,-13.5,-1.96,night
745156,2024-07-10,2024,KC,2024-07-10 18:45:00,18,5,8,13,4,13,2,22,284,85.2,10,62,0.1613,0.1818,1.0,7.0,1.0,10.0,147.0,83.8,54.0,0.1,3.0,6.0,1.0,12.0,137.0,86.5,57.0,0.25,82.2,27.9,54.3,997.4,0.1,4.2,2.6,245.2,SW,3.97,3.23,4.23,night
745153,2024-07-12,2024,CHC,2024-07-12 19:15:00,19,1,5,6,0,12,4,19,287,79.0,0,56,0.0,0.0,0.0,6.0,4.0,6.0,145.0,80.1,45.0,0.0,0.0,6.0,0.0,13.0,142.0,78.2,60.0,0.0,79.1,26.2,74.3,1001.5,0.0,8.4,5.2,210.7,SW,8.14,8.36,6.94,night
745152,2024-07-13,2024,CHC,2024-07-13 13:15:00,13,11,3,14,3,19,4,20,285,82.0,6,52,0.1154,0.15,1.0,9.0,2.0,13.0,144.0,82.8,49.0,0.0769,2.0,10.0,2.0,7.0,141.0,81.2,49.0,0.2857,87.6,30.9,60.7,1002.8,0.0,13.8,8.6,190.7,S,11.42,13.4,8.07,day
745175,2024-07-13,2024,CHC,2024-05-24 19:15:00,19,5,4,9,3,13,6,23,283,85.7,4,57,0.0702,0.1304,2.0,7.0,3.0,11.0,122.0,88.0,40.0,0.1818,1.0,6.0,3.0,12.0,161.0,84.1,58.0,0.0833,71.4,21.9,85.7,990.6,8.2,11.9,7.4,113.9,SE,-4.26,-0.22,-7.79,night
745151,2024-07-14,2024,CHC,2024-07-14 13:15:00,13,3,8,11,7,10,2,19,251,85.1,8,61,0.1311,0.3684,1.0,5.0,1.0,8.0,129.0,84.3,57.0,0.125,6.0,5.0,1.0,11.0,122.0,85.9,52.0,0.5455,93.0,33.9,51.3,998.9,0.0,14.9,9.3,202.7,SW,13.81,14.92,11.04,day
745146,2024-07-26,2024,WSH,2024-07-26 19:15:00,19,8,10,18,3,20,10,22,334,82.0,4,59,0.0678,0.1364,3.0,6.0,2.0,11.0,152.0,83.4,55.0,0.2727,0.0,14.0,7.0,11.0,182.0,80.2,43.0,0.0,80.8,27.1,64.0,1000.2,0.0,7.1,4.4,100.7,E,-4.02,-1.77,-5.8,night
745150,2024-07-27,2024,WSH,2024-07-27 18:15:00,18,3,14,17,2,13,11,24,380,82.7,4,65,0.0615,0.0833,1.0,8.0,3.0,8.0,162.0,83.6,61.0,0.125,1.0,5.0,8.0,16.0,218.0,81.8,65.0,0.0625,77.7,25.4,76.7,998.1,1.9,9.4,5.8,142.7,SE,1.26,4.36,-1.99,night
745145,2024-07-28,2024,WSH,2024-07-28 13:15:00,13,4,3,7,2,14,4,16,247,81.2,3,50,0.06,0.125,2.0,9.0,3.0,7.0,130.0,82.7,46.0,0.2857,0.0,5.0,1.0,9.0,117.0,80.0,60.0,0.0,77.9,25.5,77.3,998.1,3.5,13.0,8.1,203.0,SW,12.02,12.96,9.64,day
745147,2024-07-29,2024,TEX,2024-07-29 18:45:00,18,3,6,9,2,11,2,20,289,82.4,3,61,0.0492,0.1,1.0,5.0,0.0,7.0,134.0,84.0,57.0,0.1429,1.0,6.0,2.0,13.0,155.0,80.9,60.0,0.0769,90.6,32.5,58.7,992.6,0.0,10.8,6.7,235.8,SW,10.61,9.27,10.66,night
745149,2024-07-30,2024,TEX,2024-07-30 18:45:00,18,8,1,9,3,13,4,13,280,83.9,4,51,0.0784,0.2308,2.0,7.0,3.0,9.0,143.0,85.1,46.0,0.2222,1.0,6.0,1.0,4.0,137.0,82.9,53.0,0.25,81.4,27.4,84.0,993.8,0.8,11.7,7.3,206.2,SW,11.11,11.73,9.14,night
745148,2024-07-31,2024,TEX,2024-07-31 13:15:00,13,10,1,11,0,9,2,19,290,83.5,2,62,0.0323,0.0,0.0,6.0,1.0,14.0,171.0,82.7,74.0,0.0,0.0,3.0,1.0,5.0,119.0,85.0,37.0,0.0,84.0,28.9,74.7,997.2,1.5,15.8,9.8,166.9,S,8.38,12.47,3.28,day
745184,2024-08-05,2024,NYM,2024-05-08 12:15:00,12,0,6,6,1,22,3,15,263,85.1,1,46,0.0217,0.0667,0.0,12.0,1.0,6.0,128.0,84.5,44.0,0.0,1.0,10.0,2.0,9.0,135.0,85.7,47.0,0.1111,78.5,25.8,59.7,985.9,0.0,16.2,10.1,106.8,E,-7.67,-2.32,-12.09,day
745141,2024-08-06,2024,TB,2024-08-06 18:45:00,18,4,3,7,3,13,5,14,266,84.4,4,51,0.0784,0.2143,2.0,5.0,3.0,8.0,126.0,87.7,44.0,0.25,1.0,8.0,2.0,6.0,140.0,81.1,45.0,0.1667,79.8,26.6,66.7,996.0,0.0,20.7,12.9,341.7,N,-9.31,-15.08,-2.41,night
745142,2024-08-07,2024,TB,2024-08-07 18:45:00,18,5,2,7,0,14,7,17,289,85.5,5,54,0.0926,0.0,0.0,6.0,3.0,9.0,131.0,87.8,41.0,0.0,0.0,8.0,4.0,8.0,158.0,83.6,48.0,0.0,77.1,25.1,62.7,994.7,0.0,10.9,6.8,19.3,N,-9.79,-10.81,-7.59,night
745143,2024-08-08,2024,TB,2024-08-08 18:15:00,18,4,6,10,1,12,5,21,282,81.4,5,59,0.0847,0.0476,0.0,5.0,3.0,9.0,155.0,83.3,57.0,0.0,1.0,7.0,2.0,12.0,127.0,79.0,45.0,0.0833,79.5,26.4,58.7,996.1,0.0,12.4,7.7,344.3,N,-6.06,-9.38,-2.0,night
745144,2024-08-16,2024,LAD,2024-08-16 19:15:00,19,6,7,13,6,19,6,18,309,82.2,6,52,0.1154,0.3333,3.0,8.0,6.0,6.0,149.0,84.4,45.0,0.5,3.0,11.0,0.0,12.0,160.0,80.6,65.0,0.25,80.6,27.0,65.7,994.5,0.0,9.4,5.8,222.7,SW,9.36,8.92,8.67,night
745140,2024-08-17,2024,LAD,2024-08-17 18:15:00,18,5,2,7,4,7,4,15,258,85.3,4,57,0.0702,0.2667,3.0,1.0,2.0,11.0,144.0,87.8,52.0,0.2727,1.0,6.0,2.0,4.0,114.0,81.7,36.0,0.25,81.1,27.3,61.3,994.6,0.0,11.6,7.2,348.2,N,-6.34,-9.27,-2.65,night
745139,2024-08-18,2024,LAD,2024-08-18 13:15:00,13,1,2,3,2,12,5,15,274,83.6,4,53,0.0755,0.1333,1.0,3.0,1.0,6.0,117.0,84.4,40.0,0.1667,1.0,9.0,4.0,9.0,157.0,83.0,49.0,0.1111,81.6,27.6,56.3,998.1,0.0,18.4,11.5,339.0,N,-7.5,-12.8,-1.29,day
745136,2024-08-20,2024,MIL,2024-08-20 18:45:00,18,2,3,5,1,11,7,14,266,85.3,2,53,0.0377,0.0714,1.0,8.0,1.0,6.0,136.0,86.5,44.0,0.1667,0.0,3.0,5.0,8.0,130.0,84.2,46.0,0.0,72.3,22.4,54.3,1003.3,0.0,12.4,7.7,53.7,NE,-12.23,-10.85,-12.13,night
745138,2024-08-21,2024,MIL,2024-08-21 18:45:00,18,10,6,16,2,25,16,24,417,82.7,5,53,0.0943,0.0833,2.0,11.0,7.0,13.0,211.0,83.1,70.0,0.1538,0.0,14.0,7.0,11.0,206.0,82.2,52.0,0.0,69.4,20.8,63.0,1004.6,0.0,5.6,3.5,119.4,SE,-1.5,0.42,-3.24,night
745137,2024-08-22,2024,MIL,2024-08-22 13:15:00,13,3,0,3,0,9,7,12,295,81.6,2,55,0.0364,0.0,0.0,3.0,5.0,9.0,157.0,83.4,53.0,0.0,0.0,6.0,2.0,3.0,138.0,79.5,44.0,0.0,76.8,24.9,42.3,1005.5,0.0,9.7,6.0,104.3,E,-4.93,-1.79,-7.48,day
745133,2024-08-26,2024,SD,2024-08-26 18:45:00,18,4,7,11,1,7,6,19,311,81.6,1,64,0.0156,0.0526,0.0,3.0,2.0,11.0,148.0,82.0,66.0,0.0,1.0,4.0,3.0,8.0,163.0,81.1,56.0,0.125,90.7,32.6,50.3,1000.0,0.0,10.9,6.8,175.7,S,7.08,9.47,3.84,night
745132,2024-08-27,2024,SD,2024-08-27 18:45:00,18,5,7,12,2,12,7,21,310,84.4,4,61,0.0656,0.0952,1.0,8.0,5.0,11.0,167.0,84.8,56.0,0.0909,1.0,4.0,2.0,10.0,143.0,84.1,58.0,0.1,90.1,32.3,56.3,998.7,0.0,11.0,6.8,209.3,SW,10.56,10.94,8.91,night
745134,2024-08-28,2024,SD,2024-08-28 18:45:00,18,4,3,7,1,14,6,21,319,82.1,4,59,0.0678,0.0476,0.0,7.0,3.0,11.0,164.0,84.7,57.0,0.0,1.0,7.0,3.0,10.0,155.0,79.8,60.0,0.1,83.7,28.7,70.7,1000.3,0.0,7.2,4.5,55.1,NE,-7.12,-6.26,-7.12,night
745135,2024-08-29,2024,SD,2024-08-29 13:15:00,13,4,1,5,2,13,6,14,299,80.8,1,52,0.0192,0.1429,1.0,6.0,3.0,11.0,154.0,78.2,50.0,0.0909,1.0,7.0,2.0,3.0,145.0,83.3,52.0,0.3333,88.4,31.3,55.0,1001.5,0.1,3.9,2.4,155.4,SE,1.36,2.53,0.03,day
745131,2024-09-06,2024,SEA,2024-09-06 19:15:00,19,1,6,7,2,11,7,16,315,83.9,3,58,0.0517,0.125,1.0,6.0,3.0,5.0,141.0,82.2,45.0,0.2,1.0,5.0,4.0,11.0,174.0,85.0,67.0,0.0909,72.4,22.5,46.7,1002.2,0.0,18.8,11.7,2.0,N,-13.77,-17.34,-8.55,night
745125,2024-09-07,2024,SEA,2024-09-07 18:15:00,18,2,0,2,1,23,6,7,256,82.2,1,34,0.0294,0.1429,1.0,10.0,1.0,2.0,101.0,86.4,25.0,0.5,0.0,13.0,5.0,5.0,155.0,79.5,38.0,0.0,65.8,18.8,35.0,1003.8,0.0,12.3,7.6,0.3,N,-8.72,-11.15,-5.25,night
745128,2024-09-08,2024,SEA,2024-09-08 13:15:00,13,4,10,14,2,23,7,23,323,82.8,4,52,0.0769,0.087,0.0,10.0,3.0,9.0,151.0,83.7,43.0,0.0,2.0,13.0,4.0,14.0,172.0,82.2,61.0,0.1429,71.1,21.7,32.0,1005.8,0.0,3.4,2.1,53.6,NE,-3.33,-2.95,-3.3,day
745126,2024-09-10,2024,CIN,2024-09-10 18:45:00,18,0,3,3,0,19,8,15,283,83.8,0,47,0.0,0.0,0.0,9.0,2.0,8.0,146.0,85.0,49.0,0.0,0.0,10.0,6.0,7.0,137.0,82.1,36.0,0.0,76.0,24.4,41.7,999.4,0.0,8.3,5.1,113.6,SE,-3.01,-0.2,-5.46,night
745127,2024-09-11,2024,CIN,2024-09-11 18:45:00,18,2,1,3,1,21,4,11,281,82.3,3,40,0.075,0.0909,1.0,10.0,2.0,6.0,144.0,83.2,43.0,0.1667,0.0,11.0,1.0,5.0,137.0,81.6,49.0,0.0,79.6,26.4,43.7,997.3,0.0,7.8,4.9,76.7,E,-6.67,-4.86,-7.67,night
745129,2024-09-12,2024,CIN,2024-09-12 12:15:00,12,6,1,7,2,18,6,14,269,80.9,4,48,0.0833,0.1429,2.0,7.0,3.0,10.0,143.0,81.7,48.0,0.2,0.0,11.0,3.0,4.0,126.0,79.8,32.0,0.0,82.5,28.1,44.0,997.8,0.0,11.2,7.0,84.0,E,-8.73,-5.79,-10.62,day
745130,2024-09-16,2024,PIT,2024-09-16 18:45:00,18,4,0,4,0,20,5,11,270,81.0,0,42,0.0,0.0,0.0,8.0,4.0,7.0,146.0,82.9,46.0,0.0,0.0,12.0,1.0,4.0,124.0,79.0,42.0,0.0,78.5,25.8,61.7,1000.0,0.0,7.2,4.5,77.9,E,-6.07,-4.36,-7.05,night
745122,2024-09-17,2024,PIT,2024-09-17 18:45:00,18,3,1,4,2,16,5,12,259,85.8,5,46,0.1087,0.1667,1.0,6.0,3.0,4.0,121.0,85.5,39.0,0.25,1.0,10.0,2.0,8.0,138.0,86.1,47.0,0.125,78.6,25.9,51.0,997.2,0.0,7.3,4.5,113.1,SE,-2.72,-0.24,-4.87,night
745121,2024-09-18,2024,PIT,2024-09-18 18:45:00,18,10,5,15,3,20,4,27,289,84.7,6,57,0.1053,0.1111,2.0,8.0,4.0,14.0,156.0,83.1,54.0,0.1429,1.0,12.0,0.0,13.0,133.0,87.2,36.0,0.0769,79.6,26.5,47.3,995.4,0.0,7.7,4.8,124.0,SE,-1.47,1.21,-3.96,night
745120,2024-09-19,2024,PIT,2024-09-19 18:15:00,18,2,3,5,1,13,6,14,261,83.6,1,53,0.0189,0.0714,0.0,9.0,3.0,6.0,128.0,81.6,47.0,0.0,1.0,4.0,3.0,8.0,133.0,85.3,51.0,0.125,82.5,28.0,51.0,993.2,0.0,11.1,6.9,162.3,S,5.08,8.14,1.41,night
745123,2024-09-20,2024,CLE,2024-09-20 19:15:00,19,1,5,6,3,8,7,15,251,84.4,3,58,0.0517,0.2,0.0,5.0,3.0,7.0,128.0,83.8,54.0,0.0,3.0,3.0,4.0,8.0,123.0,85.1,42.0,0.375,80.9,27.2,77.7,993.0,0.0,5.8,3.6,101.0,E,-3.26,-1.41,-4.72,night
745124,2024-09-21,2024,CLE,2024-09-21 18:15:00,18,6,5,11,4,19,4,18,293,81.5,4,50,0.08,0.2222,2.0,10.0,3.0,8.0,157.0,81.0,51.0,0.25,2.0,9.0,1.0,10.0,136.0,82.1,53.0,0.2,80.5,26.9,74.0,994.8,0.0,3.8,2.3,201.4,S,3.45,3.76,2.73,night
745118,2024-09-22,2024,CLE,2024-09-22 13:15:00,13,2,1,3,0,8,6,7,230,82.6,0,48,0.0,0.0,0.0,4.0,4.0,5.0,120.0,81.8,43.0,0.0,0.0,4.0,2.0,2.0,110.0,83.4,44.0,0.0,77.7,25.4,74.3,995.4,0.0,8.1,5.0,255.5,W,6.98,5.16,7.97,day
778551,2025-03-27,2025,MIN,2025-03-27 15:15:00,15,5,3,8,3,16,5,18,298,87.2,4,51,0.0784,0.1667,2.0,5.0,2.0,10.0,151.0,86.6,57.0,0.2,1.0,11.0,3.0,8.0,147.0,88.0,46.0,0.125,57.1,13.9,83.0,1001.6,9.4,12.8,8.0,105.3,E,-6.33,-2.15,-9.76,day
778528,2025-03-29,2025,MIN,2025-03-29 13:15:00,13,5,1,6,0,13,5,13,269,83.5,5,50,0.1,0.0,0.0,10.0,5.0,10.0,164.0,81.0,53.0,0.0,0.0,3.0,0.0,3.0,105.0,86.9,40.0,0.0,71.5,22.0,60.7,992.5,0.0,21.6,13.4,180.0,S,15.3,19.61,9.14,day
778517,2025-03-30,2025,MIN,2025-03-30 13:15:00,13,9,2,11,4,9,7,15,285,83.9,6,56,0.1071,0.2667,3.0,4.0,5.0,10.0,156.0,88.2,49.0,0.3,1.0,5.0,2.0,5.0,129.0,79.2,46.0,0.2,66.3,19.1,75.0,988.0,0.4,19.2,11.9,263.3,W,15.03,10.06,18.19,day
778503,2025-03-31,2025,LAA,2025-03-31 18:45:00,18,4,5,9,2,19,10,15,344,78.3,4,55,0.0727,0.1333,2.0,9.0,4.0,11.0,194.0,78.0,69.0,0.1818,0.0,10.0,4.0,4.0,150.0,78.8,44.0,0.0,50.2,10.1,61.0,998.6,0.0,7.2,4.5,306.9,NW,1.02,-1.48,3.4,night
778495,2025-04-01,2025,LAA,2025-04-01 18:45:00,18,7,9,16,1,15,5,21,349,83.2,4,69,0.058,0.0476,1.0,9.0,2.0,11.0,182.0,81.1,60.0,0.0909,0.0,6.0,1.0,10.0,167.0,84.9,74.0,0.0,55.6,13.1,58.0,990.6,1.1,19.1,11.9,123.0,SE,-3.97,2.66,-10.12,night
778473,2025-04-02,2025,LAA,2025-04-02 12:15:00,12,12,5,17,5,20,9,18,300,80.5,6,48,0.125,0.2778,3.0,9.0,7.0,12.0,175.0,80.6,54.0,0.25,2.0,11.0,1.0,6.0,125.0,80.3,30.0,0.3333,70.1,21.2,84.3,982.5,26.4,24.4,15.2,203.7,SW,22.76,24.43,18.35,day
778365,2025-04-11,2025,PHI,2025-04-11 19:15:00,19,2,0,2,0,14,7,12,246,85.0,0,48,0.0,0.0,0.0,10.0,4.0,9.0,130.0,85.4,38.0,0.0,0.0,4.0,2.0,3.0,116.0,84.6,37.0,0.0,50.3,10.2,69.3,1005.6,0.0,6.2,3.8,311.7,NW,0.36,-1.77,2.44,night
778347,2025-04-12,2025,PHI,2025-04-12 13:15:00,13,1,4,5,0,15,5,17,277,82.6,3,52,0.0577,0.0,0.0,5.0,2.0,9.0,119.0,82.5,49.0,0.0,0.0,10.0,3.0,8.0,158.0,82.7,53.0,0.0,58.5,14.7,50.3,1004.4,0.0,7.1,4.4,155.3,SE,2.46,4.57,0.04,day
778336,2025-04-13,2025,PHI,2025-04-13 13:15:00,13,7,0,7,2,15,2,13,238,80.6,5,49,0.102,0.1538,2.0,6.0,1.0,10.0,123.0,80.5,49.0,0.2,0.0,9.0,1.0,3.0,115.0,80.8,33.0,0.0,70.7,21.5,56.0,989.3,0.0,21.8,13.5,158.0,S,8.51,14.85,1.14,day
778325,2025-04-14,2025,HOU,2025-04-14 18:45:00,18,8,3,11,2,13,4,21,282,83.8,4,56,0.0714,0.0952,1.0,8.0,2.0,14.0,151.0,83.3,54.0,0.0714,1.0,5.0,2.0,7.0,131.0,84.3,55.0,0.1429,58.6,14.8,53.7,997.3,0.1,13.3,8.3,284.7,W,6.72,2.38,10.24,night
778308,2025-04-15,2025,HOU,2025-04-15 18:45:00,18,0,2,2,1,13,5,13,277,83.0,2,50,0.04,0.0769,0.0,5.0,2.0,6.0,141.0,82.5,38.0,0.0,1.0,8.0,3.0,7.0,136.0,83.5,48.0,0.1429,55.3,13.0,49.0,1002.0,0.0,11.0,6.9,297.7,NW,3.29,-0.51,6.69,night
778290,2025-04-16,2025,HOU,2025-04-16 12:15:00,12,4,1,5,1,10,5,12,266,83.4,3,53,0.0566,0.0833,1.0,2.0,4.0,8.0,138.0,80.7,51.0,0.125,0.0,8.0,1.0,4.0,128.0,86.2,50.0,0.0,64.4,18.0,38.3,1002.0,0.0,6.1,3.8,149.4,SE,1.52,3.46,-0.6,day
778184,2025-04-25,2025,MIL,2025-04-25 19:15:00,19,3,2,5,0,9,3,18,271,86.6,2,56,0.0357,0.0,0.0,4.0,2.0,9.0,129.0,85.8,49.0,0.0,0.0,5.0,1.0,9.0,142.0,87.3,51.0,0.0,68.7,20.4,77.0,998.8,0.0,13.4,8.3,322.4,NW,-1.72,-6.16,2.93,night
778164,2025-04-26,2025,MIL,2025-04-26 13:15:00,13,6,5,11,2,12,7,21,304,84.7,5,60,0.0833,0.0952,1.0,6.0,4.0,11.0,163.0,83.4,52.0,0.0909,1.0,6.0,3.0,10.0,141.0,86.2,43.0,0.1,63.5,17.5,54.0,1006.7,0.0,9.1,5.7,39.0,NE,-9.08,-8.86,-8.21,day
778150,2025-04-27,2025,MIL,2025-04-27 13:15:00,13,1,7,8,0,16,9,18,304,84.1,2,54,0.037,0.0,0.0,9.0,6.0,7.0,157.0,82.6,48.0,0.0,0.0,7.0,3.0,11.0,147.0,85.6,47.0,0.0,57.4,14.1,81.3,1005.3,0.9,12.3,7.6,104.3,E,-6.27,-2.28,-9.51,day
778084,2025-05-02,2025,NYM,2025-05-02 19:15:00,19,3,9,12,2,13,5,26,297,86.7,8,62,0.129,0.0769,0.0,5.0,1.0,9.0,124.0,87.0,46.0,0.0,2.0,8.0,4.0,17.0,173.0,86.5,62.0,0.1176,60.6,15.9,79.0,994.3,0.0,4.4,2.7,255.5,W,3.79,2.8,4.33,night
778053,2025-05-04,2025,NYM,2025-05-04 12:15:00,12,6,5,11,1,12,13,21,332,81.4,4,58,0.069,0.0476,1.0,5.0,5.0,11.0,153.0,80.9,50.0,0.0909,0.0,7.0,8.0,10.0,179.0,81.8,61.0,0.0,58.9,15.0,58.0,997.2,0.0,15.6,9.7,348.3,N,-8.55,-12.49,-3.59,day
778068,2025-05-04,2025,NYM,2025-05-03 13:15:00,13,5,4,9,1,15,8,19,293,84.6,4,54,0.0741,0.0526,1.0,9.0,3.0,9.0,141.0,83.4,44.0,0.1111,0.0,6.0,5.0,10.0,152.0,85.7,51.0,0.0,56.9,13.8,76.0,995.4,8.0,14.7,9.1,331.8,NW,-4.26,-8.82,0.81,day
778036,2025-05-05,2025,PIT,2025-05-05 18:45:00,18,6,3,9,4,10,7,18,307,85.7,6,56,0.1071,0.2222,3.0,5.0,3.0,11.0,159.0,85.6,50.0,0.2727,1.0,5.0,4.0,7.0,148.0,85.8,39.0,0.1429,58.0,14.4,71.3,997.8,0.0,2.8,1.8,270.0,W,2.0,1.2,2.57,night
778030,2025-05-06,2025,PIT,2025-05-06 18:45:00,18,2,1,3,0,17,7,8,254,84.2,2,41,0.0488,0.0,0.0,8.0,4.0,4.0,131.0,84.9,37.0,0.0,0.0,9.0,3.0,4.0,123.0,83.6,36.0,0.0,66.3,19.0,62.0,999.9,0.0,3.2,2.0,100.0,E,-1.85,-0.84,-2.65,night
778016,2025-05-07,2025,PIT,2025-05-07 12:15:00,12,5,0,5,0,19,4,15,235,83.3,3,44,0.0682,0.0,0.0,9.0,3.0,11.0,124.0,84.0,34.0,0.0,0.0,10.0,1.0,4.0,111.0,82.6,35.0,0.0,70.2,21.2,53.3,999.3,0.0,13.8,8.6,99.0,E,-8.11,-3.8,-11.44,day
777862,2025-05-19,2025,DET,2025-05-19 18:45:00,18,11,4,15,1,15,4,24,298,84.3,5,58,0.0862,0.0417,1.0,3.0,2.0,16.0,142.0,85.1,60.0,0.0625,0.0,12.0,2.0,8.0,156.0,83.4,49.0,0.0,73.4,23.0,79.7,990.0,6.9,16.6,10.3,127.3,SE,-2.21,3.54,-7.7,night
777840,2025-05-20,2025,DET,2025-05-20 18:45:00,18,4,5,9,3,15,3,15,260,85.3,11,54,0.2037,0.2,1.0,10.0,3.0,8.0,144.0,84.3,45.0,0.125,2.0,5.0,0.0,7.0,116.0,86.3,44.0,0.2857,72.5,22.5,66.3,986.1,0.0,16.7,10.4,275.6,W,10.61,5.55,14.4,night
777827,2025-05-21,2025,DET,2025-05-21 12:15:00,12,1,5,6,0,16,7,12,275,83.2,1,47,0.0213,0.0,0.0,9.0,1.0,5.0,120.0,83.2,38.0,0.0,0.0,7.0,6.0,7.0,155.0,83.2,51.0,0.0,67.2,19.6,48.7,994.8,0.0,24.4,15.2,292.7,NW,9.28,0.99,16.45,day
777797,2025-05-23,2025,AZ,2025-05-23 19:15:00,19,4,3,7,2,10,6,12,252,86.5,8,51,0.1569,0.1667,0.0,5.0,3.0,4.0,117.0,87.7,38.0,0.0,2.0,5.0,2.0,8.0,135.0,85.5,47.0,0.25,65.7,18.7,56.7,1001.3,0.0,5.2,3.2,164.4,S,2.55,3.95,0.85,night
777786,2025-05-24,2025,AZ,2025-05-24 13:15:00,13,6,5,11,1,15,3,20,282,82.9,4,55,0.0727,0.05,0.0,8.0,2.0,8.0,133.0,84.8,42.0,0.0,1.0,7.0,1.0,12.0,149.0,81.5,59.0,0.0833,70.1,21.2,50.3,1003.0,0.0,12.5,7.7,132.3,SE,-0.58,3.71,-4.8,day
777766,2025-05-25,2025,AZ,2025-05-25 13:15:00,13,4,3,7,1,14,2,18,268,85.0,5,55,0.0909,0.0556,1.0,7.0,1.0,8.0,135.0,86.9,41.0,0.125,0.0,7.0,1.0,10.0,133.0,83.4,49.0,0.0,63.1,17.3,75.3,1004.1,0.8,12.7,7.9,74.0,E,-11.11,-8.33,-12.54,day
777660,2025-06-03,2025,KC,2025-06-03 18:45:00,18,7,10,17,4,13,7,25,326,83.9,4,66,0.0606,0.16,2.0,8.0,5.0,12.0,184.0,83.0,64.0,0.1667,2.0,5.0,2.0,13.0,142.0,85.0,56.0,0.1538,84.2,29.0,47.3,993.5,0.0,22.6,14.0,175.0,S,14.53,19.57,7.73,night
777635,2025-06-05,2025,KC,2025-06-05 18:45:00,18,5,7,12,3,19,7,19,319,82.2,7,52,0.1346,0.1579,1.0,13.0,4.0,7.0,154.0,82.3,45.0,0.1429,2.0,6.0,3.0,12.0,165.0,82.2,60.0,0.1667,72.5,22.5,79.0,997.9,0.0,6.6,4.1,5.8,N,-5.09,-6.2,-3.36,night
777642,2025-06-05,2025,KC,2025-06-04 12:45:00,12,6,5,11,2,7,5,20,308,86.2,5,70,0.0714,0.1,1.0,3.0,2.0,8.0,152.0,87.1,51.0,0.125,1.0,4.0,1.0,12.0,156.0,85.4,62.0,0.0833,79.1,26.2,74.0,997.4,0.7,12.6,7.8,186.7,S,9.88,11.96,6.62,day
777620,2025-06-06,2025,LAD,2025-06-06 19:15:00,19,5,0,5,2,15,3,17,261,82.8,2,51,0.0392,0.1176,2.0,6.0,3.0,7.0,139.0,82.5,53.0,0.2857,0.0,9.0,0.0,10.0,122.0,83.1,41.0,0.0,69.6,20.9,94.3,994.1,2.7,9.1,5.7,358.0,N,-6.21,-8.11,-3.56,night
777601,2025-06-07,2025,LAD,2025-06-07 13:15:00,13,2,1,3,0,17,7,18,279,82.0,1,51,0.0196,0.0,0.0,11.0,2.0,9.0,128.0,82.4,40.0,0.0,0.0,6.0,5.0,9.0,151.0,81.6,51.0,0.0,72.6,22.6,79.3,992.2,0.8,11.3,7.0,142.3,SE,1.44,5.19,-2.48,day
777582,2025-06-08,2025,LAD,2025-06-08 13:15:00,13,3,7,10,1,16,4,21,327,82.9,2,59,0.0339,0.0476,0.0,8.0,1.0,11.0,165.0,82.6,60.0,0.0,1.0,8.0,3.0,10.0,162.0,83.2,55.0,0.1,79.3,26.3,59.3,992.7,0.0,9.0,5.6,249.3,W,8.17,6.41,8.94,day
777581,2025-06-09,2025,TOR,2025-06-09 18:45:00,18,4,5,9,3,12,6,20,290,83.4,5,64,0.0781,0.15,1.0,7.0,3.0,7.0,136.0,82.9,46.0,0.1429,2.0,5.0,2.0,13.0,154.0,83.7,57.0,0.1538,74.3,23.5,54.3,991.3,0.0,11.8,7.3,306.3,NW,1.79,-2.31,5.67,night
777558,2025-06-10,2025,TOR,2025-06-10 18:45:00,18,9,10,19,5,9,2,28,266,82.9,7,71,0.0986,0.1786,3.0,4.0,2.0,12.0,125.0,80.9,56.0,0.25,2.0,5.0,0.0,16.0,141.0,84.8,59.0,0.125,75.1,23.9,62.0,998.3,0.0,5.1,3.2,251.9,W,4.55,3.49,5.06,night
777545,2025-06-11,2025,TOR,2025-06-11 13:15:00,13,2,5,7,2,17,5,18,294,83.1,2,53,0.0377,0.1111,1.0,11.0,2.0,7.0,152.0,80.0,46.0,0.1429,1.0,6.0,3.0,11.0,142.0,85.4,62.0,0.0909,83.2,28.4,51.7,1001.4,0.0,10.8,6.7,167.0,S,5.72,8.51,2.25,day
777433,2025-06-20,2025,CIN,2025-06-20 18:15:00,18,6,1,7,0,19,8,12,307,82.8,2,43,0.0465,0.0,0.0,11.0,5.0,7.0,169.0,83.4,45.0,0.0,0.0,8.0,3.0,5.0,138.0,82.1,41.0,0.0,85.9,30.0,61.0,996.2,0.0,14.5,9.0,176.0,S,9.49,12.65,5.18,night
777415,2025-06-21,2025,CIN,2025-06-21 13:15:00,13,6,5,11,3,20,10,17,341,83.3,2,57,0.0351,0.1765,2.0,9.0,4.0,9.0,158.0,83.7,50.0,0.2222,1.0,11.0,5.0,8.0,183.0,82.9,54.0,0.125,94.4,34.7,46.7,997.0,0.1,18.6,11.5,206.7,SW,17.62,18.56,14.56,day
777407,2025-06-22,2025,CIN,2025-06-22 13:15:00,13,1,4,5,1,13,2,10,274,80.0,3,50,0.06,0.1,0.0,3.0,1.0,4.0,130.0,77.0,60.0,0.0,1.0,10.0,1.0,6.0,144.0,84.2,43.0,0.1667,95.9,35.5,39.0,1001.1,0.1,15.0,9.3,205.7,SW,14.19,15.03,11.63,day
777392,2025-06-23,2025,CHC,2025-06-23 18:45:00,18,8,2,10,4,9,4,18,235,89.8,8,57,0.1404,0.2222,4.0,4.0,2.0,11.0,114.0,90.1,46.0,0.3636,0.0,5.0,2.0,7.0,121.0,89.6,42.0,0.0,93.1,34.0,41.3,1001.1,0.0,14.6,9.1,187.0,S,11.48,13.85,7.72,night
777373,2025-06-24,2025,CHC,2025-06-24 18:45:00,18,8,7,15,5,10,4,23,270,87.3,6,62,0.0968,0.2174,3.0,5.0,2.0,10.0,125.0,88.1,45.0,0.3,2.0,5.0,2.0,13.0,145.0,86.6,45.0,0.1538,92.4,33.5,46.7,1002.7,0.2,8.6,5.3,193.4,S,7.3,8.39,5.32,night
777357,2025-06-25,2025,CHC,2025-06-25 18:45:00,18,0,8,8,3,12,4,15,259,84.6,5,60,0.0833,0.2,0.0,4.0,0.0,4.0,106.0,85.5,49.0,0.0,3.0,8.0,4.0,11.0,153.0,83.9,60.0,0.2727,89.2,31.8,56.0,999.9,0.0,8.1,5.0,181.7,S,5.87,7.41,3.62,night
777348,2025-06-26,2025,CHC,2025-06-26 13:15:00,13,0,3,3,1,12,6,12,307,82.3,4,52,0.0769,0.0833,0.0,7.0,3.0,3.0,151.0,81.9,59.0,0.0,1.0,5.0,3.0,9.0,156.0,82.9,46.0,0.1111,95.4,35.2,37.3,998.2,0.0,11.6,7.2,210.7,SW,11.27,11.58,9.61,day
777191,2025-07-08,2025,WSH,2025-07-08 18:45:00,18,4,2,6,2,12,7,15,270,83.2,3,50,0.06,0.1333,2.0,4.0,4.0,7.0,122.0,84.9,45.0,0.2857,0.0,8.0,3.0,8.0,148.0,81.6,46.0,0.0,75.5,24.2,85.0,999.5,6.7,5.3,3.3,355.9,N,-3.45,-4.6,-1.88,night
777178,2025-07-09,2025,WSH,2025-07-09 18:45:00,18,2,8,10,3,13,4,16,279,82.9,6,56,0.1071,0.1875,0.0,11.0,2.0,7.0,138.0,83.3,44.0,0.0,3.0,2.0,2.0,9.0,141.0,82.6,50.0,0.3333,83.8,28.8,61.0,997.4,0.0,5.8,3.6,351.7,N,-3.46,-4.85,-1.66,night
777167,2025-07-10,2025,WSH,2025-07-10 18:45:00,18,8,1,9,1,15,6,14,286,82.9,4,49,0.0816,0.0714,1.0,8.0,3.0,10.0,161.0,84.3,52.0,0.1,0.0,7.0,3.0,4.0,125.0,81.4,45.0,0.0,87.4,30.8,48.0,995.0,0.0,7.6,4.7,180.7,S,5.46,6.96,3.31,night
777147,2025-07-11,2025,ATL,2025-07-11 19:15:00,19,5,6,11,2,12,6,22,322,83.2,5,62,0.0806,0.0909,0.0,3.0,4.0,10.0,163.0,82.2,56.0,0.0,2.0,9.0,2.0,12.0,159.0,84.2,59.0,0.1667,87.3,30.7,58.3,994.0,0.0,12.2,7.6,189.0,S,9.87,11.73,6.83,night
777133,2025-07-12,2025,ATL,2025-07-12 13:15:00,13,6,7,13,5,18,6,17,294,83.5,7,52,0.1346,0.2941,2.0,12.0,4.0,7.0,167.0,80.8,44.0,0.2857,3.0,6.0,2.0,10.0,127.0,86.0,48.0,0.3,83.9,28.8,65.3,996.4,0.7,11.5,7.1,277.4,W,7.0,3.47,9.69,day
777118,2025-07-13,2025,ATL,2025-07-13 13:15:00,13,5,4,9,1,22,6,17,307,84.2,2,47,0.0426,0.0588,1.0,9.0,4.0,8.0,139.0,81.8,50.0,0.125,0.0,13.0,2.0,9.0,168.0,86.1,64.0,0.0,76.4,24.7,84.0,998.9,6.1,6.9,4.3,197.2,S,6.13,6.87,4.66,day
777023,2025-07-24,2025,SD,2025-07-24 18:45:00,18,9,7,16,5,18,6,25,290,84.4,7,57,0.1228,0.2,3.0,6.0,5.0,12.0,147.0,84.8,47.0,0.25,2.0,12.0,1.0,13.0,143.0,84.0,45.0,0.1538,94.8,34.9,41.0,997.9,0.0,9.3,5.8,196.3,S,8.19,9.23,6.16,night
777005,2025-07-25,2025,SD,2025-07-25 18:15:00,18,3,0,3,0,8,2,16,220,83.2,2,57,0.0351,0.0,0.0,4.0,2.0,5.0,105.0,80.9,46.0,0.0,0.0,4.0,0.0,11.0,115.0,85.2,53.0,0.0,89.4,31.9,58.0,997.4,0.0,8.6,5.4,158.7,S,3.47,5.97,0.56,night
776992,2025-07-26,2025,SD,2025-07-26 18:15:00,18,1,3,4,0,11,4,12,268,83.3,3,53,0.0566,0.0,0.0,5.0,2.0,3.0,131.0,85.9,48.0,0.0,0.0,6.0,2.0,9.0,137.0,80.8,49.0,0.0,85.6,29.8,70.0,997.6,1.4,5.4,3.4,222.5,SW,5.39,5.15,4.99,night
776980,2025-07-27,2025,SD,2025-07-27 13:15:00,13,2,9,11,2,11,7,22,318,84.8,1,63,0.0159,0.0909,1.0,5.0,4.0,6.0,147.0,84.6,55.0,0.1667,1.0,6.0,3.0,16.0,171.0,85.0,60.0,0.0625,88.2,31.2,66.7,1000.7,0.0,3.6,2.2,237.0,SW,3.52,3.05,3.57,day
776960,2025-07-28,2025,MIA,2025-07-28 18:45:00,18,7,1,8,1,13,7,12,267,84.0,5,50,0.1,0.0833,1.0,7.0,5.0,8.0,147.0,84.6,45.0,0.125,0.0,6.0,2.0,4.0,120.0,83.2,37.0,0.0,93.8,34.3,50.0,1000.8,0.0,9.4,5.9,329.7,NW,-2.4,-5.37,0.87,night
776946,2025-07-29,2025,MIA,2025-07-29 18:45:00,18,0,5,5,1,15,6,16,297,83.8,2,50,0.04,0.0625,0.0,10.0,5.0,4.0,153.0,82.7,44.0,0.0,1.0,5.0,1.0,12.0,144.0,84.7,53.0,0.0833,89.7,32.1,55.3,1000.5,0.0,6.1,3.8,344.4,N,-3.0,-4.63,-1.0,night
776934,2025-07-30,2025,MIA,2025-07-30 18:45:00,18,0,2,2,1,16,4,11,255,83.6,4,48,0.0833,0.0909,0.0,9.0,4.0,5.0,138.0,84.3,45.0,0.0,1.0,7.0,0.0,6.0,117.0,83.0,45.0,0.1667,85.2,29.6,72.7,997.9,0.8,4.9,3.1,316.6,NW,-0.14,-1.82,1.55,night
776826,2025-08-08,2025,CHC,2025-08-08 19:15:00,19,5,0,5,1,11,2,20,285,84.2,2,58,0.0345,0.05,1.0,5.0,1.0,13.0,154.0,83.2,60.0,0.0769,0.0,6.0,1.0,7.0,131.0,85.6,42.0,0.0,86.3,30.2,59.7,997.6,0.0,13.5,8.4,146.0,SE,2.57,6.95,-2.11,night
776818,2025-08-09,2025,CHC,2025-08-09 18:15:00,18,1,9,10,2,16,7,20,335,83.4,4,57,0.0702,0.1,0.0,10.0,4.0,7.0,160.0,80.8,53.0,0.0,2.0,6.0,3.0,13.0,175.0,85.9,58.0,0.1538,87.9,31.1,53.7,998.2,0.0,13.6,8.5,165.7,S,6.95,10.55,2.52,night
776795,2025-08-10,2025,CHC,2025-08-10 18:10:00,18,3,2,5,2,19,3,12,238,77.1,3,42,0.0714,0.1667,1.0,11.0,0.0,4.0,107.0,75.8,39.0,0.25,1.0,8.0,3.0,8.0,131.0,78.3,43.0,0.125,87.2,30.7,53.0,998.3,0.0,9.4,5.8,202.8,SW,8.67,9.36,6.93,night
776783,2025-08-11,2025,COL,2025-08-11 18:45:00,18,3,2,5,0,12,5,14,246,80.3,1,53,0.0189,0.0,0.0,7.0,4.0,9.0,141.0,78.0,49.0,0.0,0.0,5.0,1.0,5.0,105.0,83.2,41.0,0.0,87.9,31.1,48.3,997.4,0.8,10.9,6.8,183.5,S,8.16,10.14,5.2,night
776775,2025-08-12,2025,COL,2025-08-12 18:45:00,18,0,3,3,1,15,3,11,267,84.4,4,45,0.0889,0.0909,0.0,5.0,2.0,6.0,120.0,88.3,45.0,0.0,1.0,10.0,1.0,5.0,147.0,81.2,56.0,0.2,77.4,25.2,85.7,995.6,0.5,3.6,2.2,267.0,W,2.65,1.67,3.31,night
776758,2025-08-13,2025,COL,2025-08-13 13:15:00,13,5,6,11,4,12,2,21,262,87.1,7,61,0.1148,0.1905,2.0,6.0,1.0,9.0,130.0,87.0,50.0,0.2222,2.0,6.0,1.0,12.0,132.0,87.3,45.0,0.1667,85.2,29.6,59.7,997.4,0.0,6.9,4.3,355.0,N,-4.44,-5.98,-2.36,day
776731,2025-08-15,2025,NYY,2025-08-15 19:15:00,19,3,4,7,1,22,12,13,316,82.4,1,40,0.025,0.0769,0.0,10.0,5.0,6.0,137.0,83.3,41.0,0.0,1.0,12.0,7.0,7.0,179.0,81.8,52.0,0.1429,89.5,32.0,49.7,1000.5,0.0,8.3,5.2,153.0,SE,2.57,5.13,-0.29,night
776713,2025-08-16,2025,NYY,2025-08-16 18:15:00,18,8,12,20,6,25,7,27,342,85.2,7,54,0.1296,0.2222,3.0,12.0,1.0,12.0,160.0,83.9,53.0,0.25,3.0,13.0,6.0,15.0,182.0,86.5,53.0,0.2,92.1,33.4,50.0,999.4,0.0,4.3,2.7,93.9,E,-2.8,-1.54,-3.74,night
776698,2025-08-17,2025,NYY,2025-08-17 13:15:00,13,4,8,12,1,11,11,16,316,85.8,4,59,0.0678,0.0625,1.0,6.0,3.0,7.0,152.0,86.9,57.0,0.1429,0.0,5.0,7.0,9.0,164.0,84.7,54.0,0.0,90.3,32.4,58.0,999.8,0.0,7.2,4.5,173.3,S,4.44,6.1,2.25,day
776589,2025-08-25,2025,PIT,2025-08-25 18:45:00,18,7,6,13,3,21,5,20,294,79.7,4,51,0.0784,0.15,1.0,11.0,1.0,11.0,144.0,80.8,52.0,0.0909,2.0,10.0,4.0,9.0,150.0,78.4,50.0,0.2222,70.9,21.6,43.3,1003.4,0.0,8.4,5.2,329.6,NW,-2.12,-4.77,0.79,night
776578,2025-08-26,2025,PIT,2025-08-26 18:45:00,18,3,8,11,2,24,4,14,305,83.5,3,43,0.0698,0.1429,1.0,13.0,2.0,3.0,137.0,81.6,43.0,0.3333,1.0,11.0,2.0,11.0,168.0,84.9,58.0,0.0909,72.3,22.4,41.0,1006.2,0.0,8.9,5.5,28.0,NE,-8.51,-8.89,-7.11,night
776568,2025-08-27,2025,PIT,2025-08-27 18:45:00,18,1,2,3,0,18,10,7,236,86.4,2,41,0.0488,0.0,0.0,9.0,5.0,4.0,120.0,87.3,30.0,0.0,0.0,9.0,5.0,3.0,116.0,85.6,38.0,0.0,76.2,24.5,38.0,1003.8,0.0,8.3,5.1,133.2,SE,-0.26,2.58,-3.07,night
776554,2025-08-28,2025,PIT,2025-08-28 13:15:00,13,4,1,5,2,16,5,12,273,84.7,5,45,0.1111,0.1667,1.0,7.0,2.0,7.0,117.0,85.5,40.0,0.1429,1.0,9.0,3.0,5.0,156.0,84.0,52.0,0.2,82.9,28.3,33.3,1002.8,0.0,6.7,4.2,181.3,S,4.87,6.17,2.98,day
776497,2025-09-01,2025,ATH,2025-09-01 13:15:00,13,3,11,14,4,18,4,25,268,85.7,6,58,0.1034,0.16,1.0,12.0,1.0,8.0,146.0,83.7,46.0,0.125,3.0,6.0,3.0,17.0,122.0,87.5,51.0,0.1765,79.4,26.3,40.3,1002.9,0.0,6.8,4.2,47.3,NE,-6.83,-6.32,-6.51,day
776483,2025-09-02,2025,ATH,2025-09-02 18:45:00,18,2,1,3,1,8,4,10,215,84.2,3,49,0.0612,0.1,1.0,5.0,2.0,5.0,99.0,82.2,32.0,0.2,0.0,3.0,1.0,5.0,116.0,85.7,42.0,0.0,78.1,25.6,39.0,998.0,0.0,8.7,5.4,13.7,N,-7.41,-8.5,-5.42,night
776470,2025-09-03,2025,ATH,2025-09-03 18:45:00,18,5,1,6,2,15,5,16,268,84.6,4,49,0.0816,0.125,1.0,5.0,2.0,7.0,133.0,84.4,39.0,0.1429,1.0,10.0,2.0,9.0,135.0,84.9,42.0,0.1111,79.2,26.2,49.7,991.0,0.1,13.9,8.7,302.0,NW,3.13,-1.71,7.58,night
776445,2025-09-05,2025,SF,2025-09-05 19:15:00,19,2,8,10,3,16,4,23,296,84.5,4,59,0.0678,0.1304,1.0,7.0,1.0,5.0,132.0,82.7,44.0,0.2,2.0,9.0,3.0,18.0,164.0,86.2,48.0,0.1111,66.6,19.2,57.3,998.6,0.0,6.5,4.1,271.7,W,4.48,2.59,5.84,night
776437,2025-09-06,2025,SF,2025-09-06 18:15:00,18,3,2,5,0,12,2,14,245,82.8,0,51,0.0,0.0,0.0,7.0,1.0,7.0,125.0,79.4,45.0,0.0,0.0,5.0,1.0,7.0,120.0,86.3,43.0,0.0,70.2,21.2,48.3,1001.1,0.0,5.6,3.5,277.3,W,3.42,1.7,4.73,night
776416,2025-09-07,2025,SF,2025-09-07 13:15:00,13,4,3,7,0,24,11,13,295,81.6,1,37,0.027,0.0,0.0,13.0,6.0,8.0,141.0,82.5,38.0,0.0,0.0,11.0,4.0,5.0,154.0,80.7,34.0,0.0,69.6,20.9,34.3,1007.3,0.0,9.6,5.9,357.3,N,-6.44,-8.47,-3.64,day
776312,2025-09-15,2025,CIN,2025-09-15 18:45:00,18,6,11,17,1,16,5,23,309,84.9,6,60,0.1,0.0435,0.0,8.0,0.0,10.0,147.0,82.9,54.0,0.0,1.0,8.0,5.0,13.0,162.0,87.2,50.0,0.0769,86.6,30.3,43.3,1000.9,0.0,8.6,5.3,60.3,NE,-8.3,-7.02,-8.57,night
776300,2025-09-16,2025,CIN,2025-09-16 18:45:00,18,3,0,3,1,18,4,11,243,84.5,3,42,0.0714,0.0909,1.0,9.0,1.0,8.0,132.0,82.8,55.0,0.125,0.0,9.0,3.0,3.0,111.0,87.6,31.0,0.0,85.6,29.8,33.3,1001.2,0.0,9.7,6.0,18.3,N,-8.7,-9.67,-6.68,night
776283,2025-09-17,2025,CIN,2025-09-17 12:15:00,12,2,6,8,2,20,7,16,320,83.8,5,49,0.102,0.125,1.0,11.0,4.0,5.0,150.0,86.3,38.0,0.2,1.0,9.0,3.0,11.0,170.0,82.1,57.0,0.0909,87.9,31.0,33.7,1000.8,0.0,3.7,2.3,68.7,E,-3.36,-2.65,-3.66,day
776265,2025-09-19,2025,MIL,2025-09-19 19:15:00,19,7,1,8,1,17,5,26,312,85.2,2,56,0.0357,0.0385,0.0,6.0,4.0,14.0,170.0,83.8,50.0,0.0,1.0,11.0,1.0,12.0,142.0,86.7,45.0,0.0833,77.3,25.2,62.0,998.9,0.1,7.1,4.4,157.7,S,2.72,4.79,0.33,night
776244,2025-09-20,2025,MIL,2025-09-20 18:15:00,18,2,3,5,0,12,3,18,283,81.9,5,63,0.0794,0.0,0.0,7.0,0.0,9.0,128.0,79.5,46.0,0.0,0.0,5.0,3.0,9.0,155.0,83.6,61.0,0.0,76.3,24.6,71.0,997.7,0.2,7.8,4.8,151.3,SE,2.18,4.61,-0.51,night
776231,2025-09-21,2025,MIL,2025-09-21 13:15:00,13,5,1,6,1,14,9,10,275,82.3,3,46,0.0652,0.1,1.0,4.0,6.0,3.0,124.0,83.7,38.0,0.3333,0.0,10.0,2.0,7.0,151.0,81.3,55.0,0.0,78.4,25.8,67.7,997.2,5.8,10.3,6.4,233.6,SW,10.15,9.02,10.06,day
