game_pk,game_date,season,away_team,game_start,start_hour,home_runs_scored,away_runs_scored,total_runs,home_runs_hit,strikeouts,walks,hits,total_pitches,avg_exit_velocity,n_barrels,n_bbe,barrel_rate,hr_h_ratio,home_bat_hr,home_bat_k,home_bat_bb,home_bat_h,home_bat_pitches,home_bat_exit_velo,home_bat_bbe,home_bat_hr_h_ratio,away_bat_hr,away_bat_k,away_bat_bb,away_bat_h,away_bat_pitches,away_bat_exit_velo,away_bat_bbe,away_bat_hr_h_ratio,temp_f,temp_c,rhum,pres,prcp,wspd,wspd_mph,wdir,wind_dir_bucket,wind_cf,wind_lcf,wind_rcf,day_night
413659,2015-04-06,2015,SD,2015-04-06 13:10:00,13,6,3,9,2,22,7,16,282,85.9,2,42,0.0476,0.125,2.0,10.0,3.0,9.0,148.0,84.9,26.0,0.2222,0.0,12.0,2.0,7.0,134.0,86.8,27.0,0.0,64.2,17.9,33.3,995.1,0.0,15.5,9.6,209.7,SW,15.38,13.79,15.11,day
413668,2015-04-07,2015,SD,2015-04-07 19:10:00,19,3,7,10,1,16,6,18,309,88.5,1,57,0.0175,0.0556,1.0,9.0,4.0,7.0,134.0,89.2,27.0,0.1429,0.0,7.0,1.0,11.0,175.0,88.0,38.0,0.0,52.7,11.5,92.3,995.7,1.3,7.9,4.9,217.3,SW,7.67,6.51,7.9,night
413681,2015-04-08,2015,SD,2015-04-08 19:10:00,19,7,4,11,5,22,4,23,293,89.8,5,51,0.098,0.2174,3.0,9.0,3.0,12.0,151.0,89.2,32.0,0.25,2.0,13.0,1.0,11.0,142.0,90.4,30.0,0.1818,60.1,15.6,52.0,994.9,0.0,9.3,5.8,268.9,W,3.71,0.58,6.39,night
413752,2015-04-13,2015,SEA,2015-04-13 19:10:00,19,6,5,11,5,22,5,15,297,85.3,5,51,0.098,0.3333,1.0,7.0,3.0,9.0,155.0,85.5,38.0,0.1111,4.0,15.0,1.0,6.0,142.0,85.1,26.0,0.6667,65.8,18.8,55.3,997.1,0.0,8.8,5.5,232.7,SW,7.64,5.66,8.69,night
413765,2015-04-14,2015,SEA,2015-04-14 19:10:00,19,6,5,11,4,18,8,22,322,84.4,0,55,0.0,0.1818,2.0,6.0,4.0,12.0,152.0,87.5,10.0,0.1667,2.0,12.0,4.0,10.0,170.0,81.8,12.0,0.2,67.1,19.5,46.3,994.9,0.0,6.4,4.0,259.7,W,3.47,1.42,5.1,night
413780,2015-04-15,2015,SEA,2015-04-15 19:10:00,19,5,2,7,1,14,9,18,265,88.6,2,51,0.0392,0.0556,0.0,7.0,5.0,9.0,133.0,90.9,28.0,0.0,1.0,7.0,2.0,9.0,132.0,86.4,29.0,0.1111,71.1,21.7,17.7,992.4,0.0,7.9,4.9,269.0,W,3.15,0.48,5.44,night
413796,2015-04-17,2015,COL,2015-04-17 19:10:00,19,7,3,10,3,25,6,17,302,89.1,2,42,0.0476,0.1765,1.0,9.0,4.0,10.0,154.0,89.1,31.0,0.1,2.0,16.0,1.0,7.0,148.0,89.2,21.0,0.2857,70.4,21.3,18.7,995.3,0.0,8.1,5.0,258.3,W,4.53,1.97,6.54,night
413811,2015-04-18,2015,COL,2015-04-18 18:10:00,18,6,3,9,1,13,7,14,265,89.2,2,50,0.04,0.0714,0.0,8.0,5.0,9.0,131.0,91.1,29.0,0.0,1.0,5.0,2.0,5.0,134.0,87.3,30.0,0.2,71.7,22.0,28.3,993.5,0.0,9.4,5.8,234.0,SW,8.01,5.85,9.21,night
413826,2015-04-19,2015,COL,2015-04-19 13:10:00,13,7,0,7,3,15,5,18,289,87.0,3,51,0.0588,0.1667,3.0,6.0,2.0,14.0,152.0,89.2,38.0,0.2143,0.0,9.0,3.0,4.0,137.0,83.8,27.0,0.0,79.6,26.5,23.3,992.7,0.0,14.0,8.7,231.0,SW,12.33,9.3,13.88,day
413940,2015-04-27,2015,SF,2015-04-27 19:10:00,19,8,3,11,2,9,9,18,279,88.2,2,58,0.0345,0.1111,2.0,2.0,5.0,11.0,136.0,88.3,35.0,0.1818,0.0,7.0,4.0,7.0,143.0,88.1,27.0,0.0,76.7,24.8,21.7,993.5,0.0,9.4,5.9,263.3,W,4.6,1.5,7.14,night
413955,2015-04-28,2015,SF,2015-04-28 19:10:00,19,1,2,3,1,18,3,15,249,83.2,1,50,0.02,0.0667,0.0,10.0,1.0,5.0,120.0,86.5,24.0,0.0,1.0,8.0,2.0,10.0,129.0,80.8,34.0,0.1,79.0,26.1,15.3,992.7,0.0,7.0,4.3,278.6,W,1.67,-0.74,3.89,night
413970,2015-04-29,2015,SF,2015-04-29 19:10:00,19,7,3,10,5,14,5,15,273,88.2,5,51,0.098,0.3333,4.0,4.0,3.0,8.0,119.0,88.0,30.0,0.5,1.0,10.0,2.0,7.0,154.0,88.4,28.0,0.1429,81.9,27.7,16.3,989.6,0.0,7.2,4.5,266.0,W,3.23,0.82,5.25,night
413983,2015-05-01,2015,AZ,2015-05-01 19:10:00,19,8,0,8,3,17,7,11,270,87.7,3,45,0.0667,0.2727,3.0,12.0,6.0,6.0,157.0,91.8,18.0,0.5,0.0,5.0,1.0,5.0,113.0,85.6,35.0,0.0,77.1,25.1,26.3,991.3,0.0,9.5,5.9,269.7,W,3.69,0.47,6.46,night
413998,2015-05-02,2015,AZ,2015-05-02 18:10:00,18,6,4,10,4,14,4,21,285,88.8,4,55,0.0727,0.1905,2.0,9.0,2.0,12.0,142.0,89.2,25.0,0.1667,2.0,5.0,2.0,9.0,143.0,88.6,34.0,0.2222,74.9,23.8,28.3,989.9,0.0,12.2,7.6,231.4,SW,10.68,8.02,12.05,night
414013,2015-05-03,2015,AZ,2015-05-03 13:10:00,13,1,0,1,1,28,3,15,368,86.1,1,56,0.0179,0.0667,1.0,15.0,2.0,6.0,191.0,84.4,32.0,0.1667,0.0,13.0,0.0,9.0,177.0,87.6,38.0,0.0,75.9,24.4,34.0,992.9,0.0,15.1,9.4,224.0,SW,14.05,11.31,15.09,day
414128,2015-05-11,2015,MIA,2015-05-11 19:10:00,19,5,3,8,3,14,9,16,296,88.7,4,49,0.0816,0.1875,1.0,6.0,5.0,7.0,155.0,88.4,26.0,0.1429,2.0,8.0,4.0,9.0,141.0,89.0,26.0,0.2222,70.6,21.4,36.7,989.9,0.0,7.4,4.6,220.7,SW,7.06,5.84,7.43,night
414139,2015-05-12,2015,MIA,2015-05-12 19:10:00,19,11,1,12,3,13,5,26,288,87.1,4,62,0.0645,0.1154,2.0,8.0,1.0,21.0,155.0,90.4,41.0,0.0952,1.0,5.0,4.0,5.0,133.0,82.1,28.0,0.2,61.5,16.4,59.0,992.1,0.0,9.3,5.8,189.3,S,9.02,9.2,7.76,night
414154,2015-05-13,2015,MIA,2015-05-13 16:50:00,16,4,5,9,2,14,5,18,289,87.5,2,55,0.0364,0.1111,2.0,6.0,3.0,6.0,125.0,93.6,27.0,0.3333,0.0,8.0,2.0,12.0,164.0,82.3,32.0,0.0,67.0,19.4,43.7,992.7,0.0,12.0,7.5,227.3,SW,10.92,8.53,11.99,day
414165,2015-05-14,2015,COL,2015-05-14 19:10:00,19,4,5,9,2,19,8,18,306,89.4,4,53,0.0755,0.1111,0.0,5.0,6.0,9.0,160.0,89.4,36.0,0.0,2.0,14.0,2.0,9.0,146.0,89.6,27.0,0.2222,52.1,11.2,88.3,991.1,3.4,8.7,5.4,160.3,S,6.42,8.03,4.05,night
414181,2015-05-15,2015,COL,2015-05-15 19:10:00,19,6,4,10,1,24,9,20,315,85.3,1,46,0.0217,0.05,1.0,6.0,5.0,12.0,156.0,86.5,31.0,0.0833,0.0,18.0,4.0,8.0,159.0,83.6,23.0,0.0,58.1,14.5,72.3,990.9,0.0,10.3,6.4,253.3,W,6.51,3.38,8.84,night
414196,2015-05-16,2015,COL,2015-05-16 18:10:00,18,1,7,8,3,18,2,12,273,89.4,2,49,0.0408,0.25,0.0,7.0,1.0,3.0,121.0,88.5,30.0,0.0,3.0,11.0,1.0,9.0,152.0,90.3,31.0,0.3333,60.8,16.0,73.3,995.8,0.0,7.3,4.6,206.3,SW,7.32,6.71,7.04,night
414211,2015-05-17,2015,COL,2015-05-17 13:10:00,13,1,0,1,0,13,8,6,242,87.8,0,42,0.0,0.0,0.0,2.0,6.0,3.0,117.0,89.4,29.0,0.0,0.0,11.0,2.0,3.0,125.0,85.8,22.0,0.0,66.1,18.9,64.0,996.2,0.2,9.7,6.0,209.9,SW,9.65,8.64,9.5,day
414279,2015-05-22,2015,SD,2015-05-22 19:10:00,19,2,1,3,1,11,2,12,251,83.1,4,51,0.0784,0.0833,1.0,4.0,1.0,6.0,133.0,84.3,31.0,0.1667,0.0,7.0,1.0,6.0,118.0,81.9,31.0,0.0,59.5,15.3,72.7,997.0,0.0,6.2,3.9,227.3,SW,5.63,4.4,6.18,night
414294,2015-05-23,2015,SD,2015-05-23 19:10:00,19,2,0,2,1,18,0,7,233,86.6,1,39,0.0256,0.1429,1.0,9.0,0.0,6.0,134.0,88.3,27.0,0.1667,0.0,9.0,0.0,1.0,99.0,84.3,20.0,0.0,60.4,15.8,70.7,996.5,0.0,10.3,6.4,221.7,SW,9.7,7.96,10.27,night
414309,2015-05-24,2015,SD,2015-05-24 13:10:00,13,3,11,14,3,15,4,27,272,85.8,2,62,0.0323,0.1111,1.0,10.0,1.0,7.0,114.0,86.2,26.0,0.1429,2.0,5.0,3.0,20.0,158.0,85.5,43.0,0.1,68.2,20.1,55.3,995.9,0.0,8.7,5.4,212.3,SW,8.57,7.55,8.56,day
414315,2015-05-25,2015,ATL,2015-05-25 17:10:00,17,6,3,9,3,13,7,20,293,86.3,2,55,0.0364,0.15,3.0,9.0,5.0,11.0,164.0,87.2,26.0,0.2727,0.0,4.0,1.0,9.0,129.0,85.7,31.0,0.0,67.5,19.7,57.7,994.3,0.0,12.0,7.5,212.0,SW,11.87,10.47,11.83,night
414330,2015-05-26,2015,ATL,2015-05-26 19:10:00,19,8,0,8,1,13,4,16,254,86.6,1,50,0.02,0.0625,1.0,2.0,2.0,11.0,119.0,89.5,33.0,0.0909,0.0,11.0,1.0,5.0,135.0,83.2,28.0,0.0,63.1,17.3,63.0,994.7,0.0,8.7,5.4,228.7,SW,7.78,6.0,8.62,night
414345,2015-05-27,2015,ATL,2015-05-27 19:10:00,19,2,3,5,2,20,7,14,279,86.7,3,45,0.0667,0.1429,1.0,8.0,2.0,9.0,130.0,87.8,32.0,0.1111,1.0,12.0,4.0,5.0,149.0,85.0,21.0,0.2,65.7,18.7,55.7,994.7,0.0,8.6,5.4,232.0,SW,7.51,5.61,8.51,night
414459,2015-06-04,2015,STL,2015-06-04 19:10:00,19,1,7,8,0,14,5,21,290,89.4,1,60,0.0167,0.0,0.0,7.0,0.0,9.0,141.0,90.0,33.0,0.0,0.0,7.0,4.0,12.0,149.0,88.9,36.0,0.0,61.7,16.5,77.3,990.5,0.0,7.6,4.7,229.0,SW,6.77,5.21,7.52,night
414473,2015-06-05,2015,STL,2015-06-05 19:10:00,19,1,2,3,0,19,7,9,233,84.3,0,42,0.0,0.0,0.0,14.0,4.0,4.0,132.0,84.0,25.0,0.0,0.0,5.0,3.0,5.0,101.0,84.5,31.0,0.0,62.4,16.9,66.0,991.1,0.0,10.3,6.4,237.0,SW,8.46,5.96,9.94,night
414488,2015-06-06,2015,STL,2015-06-06 19:10:00,19,2,0,2,0,18,2,8,216,82.3,0,37,0.0,0.0,0.0,6.0,0.0,7.0,99.0,84.3,25.0,0.0,0.0,12.0,2.0,1.0,117.0,79.7,19.0,0.0,68.1,20.0,56.0,991.8,0.0,10.0,6.2,241.0,SW,7.85,5.24,9.51,night
414503,2015-06-07,2015,STL,2015-06-07 17:08:00,17,2,4,6,1,19,4,16,304,85.4,1,49,0.0204,0.0625,0.0,10.0,2.0,7.0,168.0,89.0,30.0,0.0,1.0,9.0,2.0,9.0,136.0,81.7,28.0,0.1111,83.1,28.4,28.0,989.8,0.0,11.5,7.2,223.0,SW,10.8,8.77,11.53,night
414506,2015-06-08,2015,AZ,2015-06-08 19:10:00,19,9,3,12,2,15,3,15,264,87.8,2,50,0.04,0.1333,2.0,5.0,1.0,10.0,135.0,86.8,33.0,0.2,0.0,10.0,2.0,5.0,129.0,89.3,22.0,0.0,79.6,26.4,39.7,991.2,0.0,6.6,4.1,196.7,S,6.6,6.43,5.97,night
414515,2015-06-09,2015,AZ,2015-06-09 19:10:00,19,3,1,4,1,10,6,16,237,90.0,1,54,0.0185,0.0625,1.0,4.0,4.0,7.0,126.0,93.1,28.0,0.1429,0.0,6.0,1.0,9.0,111.0,87.1,30.0,0.0,83.4,28.6,39.3,989.8,0.0,12.6,7.8,351.1,N,-10.79,-12.39,-7.89,night
414530,2015-06-10,2015,AZ,2015-06-10 19:10:00,19,7,6,13,5,13,7,20,305,87.4,5,60,0.0833,0.25,2.0,8.0,5.0,9.0,156.0,89.4,27.0,0.2222,3.0,5.0,2.0,11.0,149.0,85.8,35.0,0.2727,70.2,21.2,69.0,991.6,0.0,8.4,5.2,223.0,SW,7.84,6.36,8.37,night
414642,2015-06-17,2015,TEX,2015-06-17 19:10:00,19,3,5,8,3,19,6,17,305,85.4,3,49,0.0612,0.1765,1.0,5.0,5.0,9.0,154.0,86.5,32.0,0.1111,2.0,14.0,1.0,8.0,151.0,83.7,22.0,0.25,77.0,25.0,39.7,992.3,0.0,8.3,5.2,210.0,SW,8.23,7.36,8.1,night
414657,2015-06-18,2015,TEX,2015-06-18 19:10:00,19,0,0,0,0,19,4,9,260,85.2,0,41,0.0,0.0,0.0,6.0,4.0,5.0,137.0,86.6,25.0,0.0,0.0,13.0,0.0,4.0,123.0,83.6,23.0,0.0,76.5,24.7,41.3,992.4,0.0,5.8,3.6,211.3,SW,5.7,5.05,5.66,night
414669,2015-06-19,2015,SF,2015-06-19 19:10:00,19,5,9,14,2,15,8,21,304,86.7,2,56,0.0357,0.0952,1.0,4.0,2.0,9.0,124.0,87.0,36.0,0.1111,1.0,11.0,6.0,12.0,180.0,86.5,37.0,0.0833,80.5,26.9,37.7,989.7,0.0,6.5,4.0,210.8,SW,6.4,5.69,6.33,night
414684,2015-06-20,2015,SF,2015-06-20 16:15:00,16,2,6,8,4,11,4,15,271,88.5,2,56,0.0357,0.2667,2.0,6.0,2.0,7.0,127.0,89.6,31.0,0.2857,2.0,5.0,2.0,8.0,144.0,87.3,32.0,0.25,87.6,30.9,26.7,990.5,0.0,12.4,7.7,207.0,SW,12.36,11.28,11.95,day
414699,2015-06-21,2015,SF,2015-06-21 17:08:00,17,10,2,12,4,10,6,24,293,87.6,3,61,0.0492,0.1667,4.0,5.0,3.0,16.0,151.0,86.9,36.0,0.25,0.0,5.0,3.0,8.0,142.0,88.4,30.0,0.0,82.7,28.2,34.7,993.1,0.0,9.8,6.1,222.0,SW,9.27,7.59,9.83,night
414855,2015-07-03,2015,NYM,2015-07-03 19:10:00,19,1,2,3,1,20,4,9,293,87.6,1,45,0.0222,0.1111,1.0,10.0,2.0,3.0,152.0,88.8,27.0,0.3333,0.0,10.0,2.0,6.0,141.0,86.5,29.0,0.0,75.8,24.3,51.3,990.8,0.0,9.5,5.9,232.4,SW,8.24,6.12,9.36,night
414870,2015-07-04,2015,NYM,2015-07-04 16:15:00,16,4,3,7,1,12,6,19,286,86.9,3,57,0.0526,0.0526,1.0,6.0,6.0,10.0,149.0,85.0,33.0,0.1,0.0,6.0,0.0,9.0,137.0,88.5,40.0,0.0,80.5,27.0,37.7,991.8,0.0,11.6,7.2,221.3,SW,11.01,9.06,11.63,day
414885,2015-07-05,2015,NYM,2015-07-05 13:10:00,13,0,8,8,0,20,6,18,310,85.6,0,52,0.0,0.0,0.0,11.0,2.0,3.0,142.0,88.4,25.0,0.0,0.0,9.0,3.0,15.0,168.0,84.1,44.0,0.0,80.9,27.2,35.0,995.2,0.0,10.9,6.8,206.7,SW,10.87,9.94,10.49,day
414898,2015-07-06,2015,PHI,2015-07-06 19:10:00,19,10,7,17,5,16,9,26,367,89.0,5,59,0.0847,0.1923,2.0,4.0,3.0,15.0,181.0,88.2,44.0,0.1333,3.0,12.0,6.0,11.0,186.0,90.1,29.0,0.2727,72.3,22.4,56.0,995.2,0.0,9.6,5.9,220.0,SW,9.12,7.59,9.56,night
414913,2015-07-07,2015,PHI,2015-07-07 19:10:00,19,2,7,9,2,15,5,16,286,87.1,2,54,0.037,0.125,1.0,7.0,1.0,6.0,123.0,87.6,28.0,0.1667,1.0,8.0,4.0,10.0,163.0,86.6,34.0,0.1,71.5,22.0,59.0,992.0,0.0,9.8,6.1,230.7,SW,8.67,6.56,9.73,night
414928,2015-07-08,2015,PHI,2015-07-08 19:10:00,19,5,0,5,2,20,2,17,278,85.8,1,49,0.0204,0.1176,2.0,7.0,2.0,9.0,155.0,87.9,29.0,0.2222,0.0,13.0,0.0,8.0,123.0,83.3,25.0,0.0,68.3,20.2,65.3,990.5,0.0,11.1,6.9,228.3,SW,10.02,7.76,11.08,night
414939,2015-07-09,2015,PHI,2015-07-09 19:10:00,19,6,0,6,2,14,4,9,234,84.0,2,46,0.0435,0.2222,2.0,5.0,4.0,7.0,123.0,83.7,32.0,0.2857,0.0,9.0,0.0,2.0,111.0,84.4,21.0,0.0,66.1,18.9,65.0,991.6,0.0,9.6,6.0,243.3,SW,7.29,4.69,9.0,night
414950,2015-07-10,2015,MIL,2015-07-10 19:10:00,19,3,2,5,0,18,4,12,232,88.0,0,44,0.0,0.0,0.0,9.0,3.0,5.0,110.0,87.4,22.0,0.0,0.0,9.0,1.0,7.0,122.0,88.5,28.0,0.0,67.9,20.0,62.3,992.5,0.0,8.9,5.5,234.3,SW,7.53,5.48,8.68,night
414965,2015-07-11,2015,MIL,2015-07-11 19:10:00,19,1,7,8,1,13,7,15,257,87.4,3,51,0.0588,0.0667,0.0,7.0,2.0,3.0,100.0,88.3,23.0,0.0,1.0,6.0,3.0,12.0,157.0,86.8,37.0,0.0833,71.7,22.1,63.3,994.6,0.0,9.6,6.0,221.0,SW,9.1,7.51,9.6,night
414980,2015-07-12,2015,MIL,2015-07-12 13:10:00,13,4,3,7,4,16,1,17,272,87.2,4,51,0.0784,0.2353,2.0,10.0,1.0,9.0,163.0,86.0,33.0,0.2222,2.0,6.0,0.0,8.0,109.0,88.4,30.0,0.25,85.7,29.8,34.0,995.6,0.0,13.4,8.3,229.7,SW,11.95,9.13,13.33,day
415148,2015-07-28,2015,ATH,2015-07-28 19:10:00,19,0,2,2,1,14,2,9,227,90.0,1,47,0.0213,0.1111,0.0,9.0,1.0,3.0,110.0,90.3,23.0,0.0,1.0,5.0,1.0,6.0,117.0,89.8,32.0,0.1667,78.1,25.6,47.0,991.3,0.0,8.0,5.0,226.0,SW,7.3,5.77,7.95,night
415163,2015-07-29,2015,ATH,2015-07-29 19:10:00,19,10,7,17,2,16,8,25,312,87.3,2,58,0.0345,0.08,1.0,9.0,4.0,12.0,152.0,89.3,31.0,0.0833,1.0,7.0,4.0,13.0,160.0,85.4,33.0,0.0769,79.1,26.2,50.7,994.2,0.0,9.6,6.0,208.7,SW,9.58,8.65,9.35,night
415181,2015-07-31,2015,LAA,2015-07-31 19:10:00,19,5,3,8,3,16,3,16,250,89.4,2,49,0.0408,0.1875,2.0,7.0,2.0,10.0,116.0,86.6,27.0,0.2,1.0,9.0,1.0,6.0,134.0,91.9,31.0,0.1667,78.1,25.6,57.3,994.1,0.0,7.4,4.6,242.0,SW,5.71,3.76,6.98,night
415196,2015-08-01,2015,LAA,2015-08-01 13:05:00,13,3,1,4,1,15,5,11,274,86.4,1,46,0.0217,0.0909,1.0,6.0,3.0,7.0,135.0,91.4,32.0,0.1429,0.0,9.0,2.0,4.0,139.0,80.8,29.0,0.0,88.2,31.2,35.0,994.0,0.0,12.0,7.5,225.3,SW,11.06,8.8,11.99,day
415211,2015-08-02,2015,LAA,2015-08-02 13:10:00,13,5,3,8,4,15,4,17,299,88.9,6,59,0.1017,0.2353,3.0,10.0,3.0,9.0,158.0,88.6,32.0,0.3333,1.0,5.0,1.0,8.0,141.0,89.1,38.0,0.125,89.0,31.7,32.7,992.6,0.0,12.6,7.8,220.0,SW,11.98,9.97,12.55,day
415328,2015-08-10,2015,WSH,2015-08-10 19:10:00,19,3,8,11,3,19,5,21,300,88.7,4,55,0.0727,0.1429,1.0,9.0,2.0,8.0,143.0,85.1,30.0,0.125,2.0,10.0,3.0,13.0,157.0,92.4,29.0,0.1538,71.8,22.1,51.3,992.0,0.0,10.6,6.6,238.7,SW,8.53,5.88,10.15,night
415343,2015-08-11,2015,WSH,2015-08-11 19:10:00,19,5,0,5,1,12,7,13,283,88.3,2,51,0.0392,0.0769,1.0,4.0,6.0,6.0,133.0,84.5,29.0,0.1667,0.0,8.0,1.0,7.0,150.0,92.1,28.0,0.0,74.8,23.8,48.0,992.7,0.0,7.6,4.7,232.7,SW,6.6,4.89,7.51,night
415358,2015-08-12,2015,WSH,2015-08-12 19:10:00,19,3,0,3,0,20,2,7,230,84.5,1,37,0.027,0.0,0.0,10.0,2.0,4.0,121.0,81.2,25.0,0.0,0.0,10.0,0.0,3.0,109.0,87.7,26.0,0.0,84.3,29.1,28.0,992.9,0.0,6.0,3.7,244.8,SW,4.44,2.79,5.55,night
415360,2015-08-13,2015,CIN,2015-08-13 19:10:00,19,3,10,13,3,13,5,26,330,87.4,5,65,0.0769,0.1154,1.0,4.0,3.0,11.0,159.0,89.8,37.0,0.0909,2.0,9.0,1.0,15.0,171.0,85.3,43.0,0.1333,87.9,31.1,24.7,992.4,0.0,6.8,4.2,217.2,SW,6.61,5.62,6.8,night
415371,2015-08-14,2015,CIN,2015-08-14 19:10:00,19,5,3,8,2,15,7,16,254,88.9,1,47,0.0213,0.125,1.0,9.0,4.0,11.0,144.0,88.3,28.0,0.0909,1.0,6.0,3.0,5.0,110.0,89.6,26.0,0.2,89.1,31.7,22.7,992.3,0.0,7.4,4.6,260.3,W,3.95,1.57,5.85,night
415386,2015-08-15,2015,CIN,2015-08-15 18:10:00,18,8,3,11,5,7,7,19,282,88.4,4,59,0.0678,0.2632,4.0,2.0,5.0,12.0,149.0,90.7,35.0,0.3333,1.0,5.0,2.0,7.0,133.0,85.7,29.0,0.1429,93.8,34.3,19.7,991.0,0.0,9.7,6.0,247.7,W,6.82,4.06,8.75,night
415401,2015-08-16,2015,CIN,2015-08-16 13:10:00,13,2,1,3,2,20,4,13,259,88.6,3,41,0.0732,0.1538,2.0,10.0,2.0,7.0,113.0,91.0,21.0,0.2857,0.0,10.0,2.0,6.0,146.0,86.5,24.0,0.0,99.4,37.5,21.0,991.7,0.0,13.3,8.3,231.7,SW,11.61,8.7,13.13,day
415561,2015-08-28,2015,CHC,2015-08-28 19:10:00,19,4,1,5,1,20,5,9,248,84.4,1,39,0.0256,0.1111,0.0,5.0,4.0,6.0,131.0,86.6,29.0,0.0,1.0,15.0,1.0,3.0,117.0,80.9,19.0,0.3333,85.0,29.5,37.7,990.9,0.0,6.5,4.0,209.4,SW,6.42,5.76,6.3,night
415576,2015-08-29,2015,CHC,2015-08-29 18:10:00,18,5,2,7,0,18,6,17,302,85.1,0,48,0.0,0.0,0.0,7.0,1.0,11.0,136.0,85.7,32.0,0.0,0.0,11.0,5.0,6.0,166.0,84.4,25.0,0.0,87.1,30.6,34.7,990.9,0.0,10.3,6.4,253.0,W,6.57,3.45,8.9,night
415591,2015-08-30,2015,CHC,2015-08-30 17:08:00,17,0,2,2,1,22,3,13,255,85.9,3,45,0.0667,0.0769,0.0,12.0,1.0,0.0,116.0,87.9,19.0,,1.0,10.0,2.0,13.0,139.0,84.7,31.0,0.0769,84.3,29.0,43.0,990.4,0.0,11.3,7.0,227.3,SW,10.22,7.99,11.23,night
415611,2015-08-31,2015,SF,2015-08-31 19:10:00,19,5,4,9,2,19,9,25,452,87.6,2,86,0.0233,0.08,2.0,9.0,3.0,12.0,221.0,88.3,49.0,0.1667,0.0,10.0,2.0,13.0,231.0,87.0,56.0,0.0,73.3,22.9,61.0,991.5,0.0,7.5,4.7,205.7,SW,7.49,6.9,7.18,night
415626,2015-09-01,2015,SF,2015-09-01 19:10:00,19,2,1,3,1,14,2,14,251,85.8,2,51,0.0392,0.0714,1.0,9.0,1.0,9.0,122.0,85.0,31.0,0.1111,0.0,5.0,1.0,5.0,129.0,86.4,37.0,0.0,71.8,22.1,59.3,993.1,0.0,9.4,5.9,208.7,SW,9.38,8.47,9.16,night
415641,2015-09-02,2015,SF,2015-09-02 19:10:00,19,2,1,3,1,20,1,12,221,90.2,1,39,0.0256,0.0833,1.0,5.0,0.0,6.0,89.0,93.9,25.0,0.1667,0.0,15.0,1.0,6.0,132.0,85.9,21.0,0.0,69.7,21.0,58.0,992.6,0.0,8.3,5.1,218.7,SW,7.94,6.67,8.25,night
415796,2015-09-14,2015,COL,2015-09-14 19:10:00,19,4,1,5,1,20,5,14,275,90.9,1,43,0.0233,0.0714,1.0,12.0,2.0,9.0,140.0,89.1,24.0,0.1111,0.0,8.0,2.0,5.0,135.0,92.5,26.0,0.0,72.1,22.3,74.7,990.1,0.0,5.2,3.2,228.0,SW,4.66,3.62,5.14,night
415809,2015-09-15,2015,COL,2015-09-15 19:10:00,19,4,5,9,1,27,9,24,453,84.6,3,87,0.0345,0.0417,0.0,9.0,8.0,12.0,246.0,87.0,56.0,0.0,1.0,18.0,1.0,12.0,207.0,81.7,48.0,0.0833,68.6,20.3,83.3,992.3,0.0,6.4,4.0,235.0,SW,5.4,3.9,6.25,night
415824,2015-09-16,2015,COL,2015-09-16 19:10:00,19,2,0,2,1,12,1,8,195,86.4,1,47,0.0213,0.125,1.0,5.0,1.0,6.0,103.0,88.0,28.0,0.1667,0.0,7.0,0.0,2.0,92.0,84.7,28.0,0.0,66.6,19.2,78.7,994.2,0.0,5.3,3.3,278.3,W,1.3,-0.54,2.98,night
415855,2015-09-18,2015,PIT,2015-09-18 19:10:00,19,6,2,8,2,10,6,15,255,88.4,2,53,0.0377,0.1333,1.0,6.0,4.0,9.0,131.0,89.5,29.0,0.1111,1.0,4.0,2.0,6.0,124.0,87.5,32.0,0.1667,75.4,24.1,64.3,988.8,0.0,4.1,2.5,227.9,SW,3.67,2.86,4.05,night
415870,2015-09-19,2015,PIT,2015-09-19 18:10:00,18,2,3,5,0,17,6,13,254,83.8,1,45,0.0222,0.0,0.0,9.0,1.0,5.0,125.0,81.5,23.0,0.0,0.0,8.0,2.0,8.0,129.0,85.6,29.0,0.0,82.0,27.8,49.0,988.4,0.0,5.3,3.3,217.3,SW,5.12,4.35,5.28,night
415885,2015-09-20,2015,PIT,2015-09-20 13:10:00,13,3,4,7,3,16,4,18,280,86.5,3,52,0.0577,0.1667,1.0,10.0,0.0,6.0,136.0,86.2,24.0,0.1667,2.0,6.0,3.0,12.0,144.0,86.8,34.0,0.1667,100.8,38.2,17.3,989.4,0.0,9.9,6.1,244.3,SW,7.35,4.66,9.16,day
415890,2015-09-21,2015,AZ,2015-09-21 19:10:00,19,4,8,12,5,9,9,25,301,89.5,6,70,0.0857,0.2,2.0,6.0,5.0,8.0,155.0,91.7,32.0,0.25,3.0,3.0,3.0,17.0,146.0,87.9,42.0,0.1765,73.2,22.9,71.3,990.7,0.0,5.8,3.6,222.3,SW,5.49,4.48,5.83,night
415900,2015-09-22,2015,AZ,2015-09-22 19:10:00,19,0,8,8,3,19,5,14,280,86.8,3,47,0.0638,0.2143,0.0,8.0,3.0,3.0,137.0,87.3,26.0,0.0,3.0,11.0,1.0,11.0,143.0,86.3,25.0,0.2727,73.3,22.9,63.3,992.8,0.0,5.5,3.4,252.3,W,3.53,1.88,4.74,night
415915,2015-09-23,2015,AZ,2015-09-23 19:10:00,19,4,1,5,3,19,3,9,226,85.3,1,40,0.025,0.3333,2.0,13.0,3.0,4.0,121.0,82.8,20.0,0.5,1.0,6.0,0.0,5.0,105.0,87.1,27.0,0.2,77.8,25.5,54.3,991.1,0.0,4.0,2.5,265.9,W,1.77,0.45,2.88,night
415929,2015-09-24,2015,AZ,2015-09-24 12:10:00,12,6,3,9,2,20,8,16,308,87.8,1,47,0.0213,0.125,1.0,6.0,6.0,9.0,152.0,89.7,31.0,0.1111,1.0,14.0,2.0,7.0,156.0,85.5,27.0,0.1429,95.1,35.1,24.3,992.1,0.0,9.9,6.1,227.3,SW,8.95,7.0,9.83,day
416046,2015-10-02,2015,SD,2015-10-02 19:10:00,19,6,2,8,0,14,4,14,252,88.7,1,49,0.0204,0.0,0.0,8.0,3.0,8.0,132.0,90.7,30.0,0.0,0.0,6.0,1.0,6.0,120.0,86.5,26.0,0.0,73.3,23.0,46.7,989.0,0.0,6.0,3.7,226.0,SW,5.47,4.33,5.96,night
416061,2015-10-03,2015,SD,2015-10-03 18:10:00,18,2,1,3,2,14,1,10,216,88.4,2,44,0.0455,0.2,1.0,5.0,0.0,5.0,96.0,89.5,18.0,0.2,1.0,9.0,1.0,5.0,120.0,87.4,20.0,0.2,71.8,22.1,63.0,981.7,0.0,8.8,5.5,193.7,S,8.73,8.67,7.74,night
416076,2015-10-04,2015,SD,2015-10-04 12:10:00,12,6,3,9,4,28,9,16,295,87.3,2,38,0.0526,0.25,3.0,14.0,7.0,9.0,153.0,90.3,17.0,0.3333,1.0,14.0,2.0,7.0,142.0,84.1,16.0,0.1429,66.0,18.9,60.3,984.8,0.0,8.6,5.4,201.7,S,8.63,8.15,8.07,day
446968,2016-04-12,2016,AZ,2016-04-12 13:10:00,13,2,4,6,2,10,4,18,266,85.3,4,60,0.0667,0.1111,0.0,4.0,1.0,9.0,110.0,87.0,34.0,0.0,2.0,6.0,2.0,9.0,156.0,83.8,42.0,0.2222,70.3,21.3,57.3,1000.7,0.0,12.8,7.9,222.0,SW,12.03,9.85,12.77,day
446981,2016-04-13,2016,AZ,2016-04-13 19:10:00,19,3,1,4,2,13,5,12,268,86.5,2,47,0.0426,0.1667,1.0,8.0,1.0,7.0,140.0,86.4,35.0,0.1429,1.0,5.0,4.0,5.0,128.0,86.6,34.0,0.2,60.2,15.7,77.7,996.2,0.0,5.8,3.6,228.1,SW,5.2,4.03,5.74,night
446996,2016-04-14,2016,AZ,2016-04-14 19:10:00,19,5,2,7,0,15,6,14,259,85.5,1,46,0.0217,0.0,0.0,6.0,5.0,8.0,118.0,88.8,29.0,0.0,0.0,9.0,1.0,6.0,141.0,82.8,35.0,0.0,61.9,16.6,70.0,991.2,0.0,3.4,2.1,253.5,W,2.14,1.11,2.91,night
447018,2016-04-15,2016,SF,2016-04-15 19:10:00,19,7,3,10,2,20,2,14,268,83.7,2,48,0.0417,0.1429,2.0,11.0,2.0,9.0,130.0,86.0,36.0,0.2222,0.0,9.0,0.0,5.0,138.0,81.6,38.0,0.0,68.8,20.5,29.7,991.8,0.0,8.7,5.4,303.9,NW,-1.72,-4.53,1.3,night
447033,2016-04-16,2016,SF,2016-04-16 18:10:00,18,3,4,7,1,15,9,13,311,82.6,2,50,0.04,0.0769,1.0,8.0,3.0,5.0,147.0,85.4,36.0,0.2,0.0,7.0,4.0,8.0,164.0,80.5,48.0,0.0,77.2,25.1,16.3,994.3,0.0,10.9,6.8,256.7,W,6.38,2.98,9.02,night
447048,2016-04-17,2016,SF,2016-04-17 17:05:00,17,3,1,4,2,11,6,11,233,82.7,1,46,0.0217,0.1818,1.0,3.0,3.0,6.0,104.0,85.7,30.0,0.1667,1.0,8.0,2.0,5.0,129.0,80.1,34.0,0.2,80.1,26.7,20.0,994.9,0.0,16.5,10.3,251.3,W,10.88,5.97,14.48,night
447155,2016-04-25,2016,MIA,2016-04-25 19:10:00,19,2,3,5,3,14,5,15,282,84.7,5,54,0.0926,0.2,2.0,8.0,2.0,7.0,136.0,84.9,38.0,0.2857,1.0,6.0,3.0,8.0,146.0,84.6,45.0,0.125,60.9,16.1,27.7,991.1,0.0,8.1,5.1,314.0,NW,-2.98,-5.39,-0.21,night
447168,2016-04-26,2016,MIA,2016-04-26 19:10:00,19,3,6,9,1,17,6,17,294,83.2,1,54,0.0185,0.0588,0.0,7.0,5.0,6.0,144.0,83.2,43.0,0.0,1.0,10.0,1.0,11.0,150.0,83.1,40.0,0.0909,62.0,16.7,43.7,993.9,0.0,6.6,4.1,212.9,SW,6.46,5.66,6.48,night
447183,2016-04-27,2016,MIA,2016-04-27 19:10:00,19,0,2,2,0,12,7,10,294,82.9,0,50,0.0,0.0,0.0,4.0,5.0,2.0,137.0,86.0,33.0,0.0,0.0,8.0,2.0,8.0,157.0,80.7,46.0,0.0,61.4,16.3,65.0,987.0,0.0,12.2,7.6,236.3,SW,10.16,7.22,11.88,night
447193,2016-04-28,2016,MIA,2016-04-28 19:10:00,19,3,5,8,2,18,6,17,281,81.5,2,51,0.0392,0.1176,0.0,12.0,4.0,8.0,146.0,83.9,30.0,0.0,2.0,6.0,2.0,9.0,135.0,79.5,37.0,0.2222,59.4,15.2,58.0,991.7,0.0,8.6,5.3,186.4,S,8.26,8.58,6.95,night
447210,2016-04-29,2016,SD,2016-04-29 19:10:00,19,1,5,6,2,23,6,15,281,82.6,4,44,0.0909,0.1333,1.0,11.0,4.0,6.0,140.0,86.1,25.0,0.1667,1.0,12.0,2.0,9.0,141.0,80.1,35.0,0.1111,59.1,15.0,64.7,993.1,0.0,8.9,5.5,231.3,SW,7.77,5.84,8.76,night
447225,2016-04-30,2016,SD,2016-04-30 18:10:00,18,2,5,7,1,17,10,13,310,83.7,2,49,0.0408,0.0769,1.0,5.0,4.0,4.0,143.0,82.7,39.0,0.25,0.0,12.0,5.0,9.0,167.0,84.8,36.0,0.0,62.9,17.2,57.3,989.1,0.0,11.6,7.2,225.0,SW,10.75,8.58,11.62,night
447240,2016-05-01,2016,SD,2016-05-01 13:10:00,13,1,0,1,0,21,2,6,219,82.4,2,34,0.0588,0.0,0.0,7.0,1.0,3.0,118.0,84.1,32.0,0.0,0.0,14.0,0.0,3.0,101.0,79.8,21.0,0.0,72.6,22.6,46.7,993.3,0.0,13.4,8.3,201.7,S,13.37,12.63,12.49,day
447347,2016-05-09,2016,NYM,2016-05-09 19:10:00,19,2,4,6,3,18,7,14,312,85.6,0,49,0.0,0.2143,1.0,8.0,2.0,6.0,149.0,86.5,33.0,0.1667,2.0,10.0,4.0,8.0,163.0,84.6,31.0,0.25,60.0,15.5,71.0,993.6,0.0,8.0,5.0,252.0,W,5.17,2.79,6.93,night
447360,2016-05-10,2016,NYM,2016-05-10 19:10:00,19,3,2,5,1,17,3,15,271,83.9,3,49,0.0612,0.0667,1.0,4.0,0.0,10.0,134.0,85.3,45.0,0.1,0.0,13.0,2.0,5.0,137.0,81.6,27.0,0.0,61.7,16.5,70.0,994.6,0.0,9.1,5.6,238.0,SW,7.38,5.14,8.74,night
447375,2016-05-11,2016,NYM,2016-05-11 19:10:00,19,3,4,7,4,18,5,15,273,87.2,5,50,0.1,0.2667,2.0,7.0,1.0,7.0,107.0,89.4,30.0,0.2857,2.0,11.0,3.0,8.0,166.0,85.6,41.0,0.25,68.0,20.0,59.3,995.1,0.0,7.5,4.7,231.7,SW,6.58,4.92,7.44,night
447386,2016-05-12,2016,NYM,2016-05-12 19:10:00,19,5,0,5,2,19,1,11,222,83.3,3,42,0.0714,0.1818,2.0,6.0,0.0,8.0,113.0,86.1,43.0,0.25,0.0,13.0,1.0,3.0,109.0,78.3,24.0,0.0,69.6,20.9,51.0,995.0,0.0,7.9,4.9,202.3,S,7.87,7.4,7.39,night
447404,2016-05-13,2016,STL,2016-05-13 19:10:00,19,8,4,12,2,12,7,20,287,86.7,6,61,0.0984,0.1,1.0,7.0,3.0,11.0,147.0,87.0,48.0,0.0909,1.0,5.0,4.0,9.0,140.0,86.4,42.0,0.1111,66.0,18.9,59.3,994.9,0.0,8.9,5.6,205.3,SW,8.92,8.23,8.54,night
447419,2016-05-14,2016,STL,2016-05-14 18:10:00,18,5,3,8,3,16,4,11,256,81.8,3,47,0.0638,0.2727,2.0,8.0,3.0,6.0,133.0,81.8,30.0,0.3333,1.0,8.0,1.0,5.0,123.0,81.8,36.0,0.2,64.4,18.0,63.0,993.3,0.0,11.1,6.9,205.7,SW,11.08,10.2,10.62,night
447434,2016-05-15,2016,STL,2016-05-15 17:05:00,17,2,5,7,3,13,6,13,279,83.9,2,50,0.04,0.2308,2.0,5.0,3.0,6.0,127.0,84.8,37.0,0.3333,1.0,8.0,1.0,7.0,152.0,83.1,35.0,0.1429,66.3,19.1,59.0,992.0,0.0,11.2,6.9,213.3,SW,10.97,9.59,11.02,night
447439,2016-05-16,2016,LAA,2016-05-16 19:10:00,19,6,7,13,2,15,9,21,333,83.2,5,58,0.0862,0.0952,2.0,8.0,5.0,9.0,172.0,83.0,42.0,0.2222,0.0,7.0,3.0,12.0,161.0,83.3,46.0,0.0,61.9,16.6,73.7,991.9,0.0,8.6,5.4,210.0,SW,8.56,7.66,8.43,night
447450,2016-05-17,2016,LAA,2016-05-17 19:10:00,19,5,1,6,3,15,2,17,212,88.5,4,50,0.08,0.1765,3.0,2.0,2.0,13.0,98.0,92.0,44.0,0.2308,0.0,13.0,0.0,4.0,114.0,83.7,31.0,0.0,63.7,17.6,71.0,993.9,0.0,9.3,5.8,215.3,SW,9.04,7.79,9.19,night
447532,2016-05-23,2016,CIN,2016-05-23 19:10:00,19,1,0,1,0,9,5,7,209,82.8,0,45,0.0,0.0,0.0,2.0,4.0,5.0,107.0,83.4,33.0,0.0,0.0,7.0,1.0,2.0,102.0,82.1,28.0,0.0,61.6,16.5,65.0,992.0,0.0,10.4,6.4,206.7,SW,10.34,9.46,9.97,night
447543,2016-05-24,2016,CIN,2016-05-24 19:10:00,19,8,2,10,1,16,7,14,307,79.8,4,49,0.0816,0.0714,0.0,7.0,6.0,11.0,178.0,81.1,45.0,0.0,1.0,9.0,1.0,3.0,129.0,78.0,30.0,0.3333,59.7,15.4,72.7,996.7,0.0,11.6,7.2,238.7,SW,9.36,6.46,11.14,night
447558,2016-05-25,2016,CIN,2016-05-25 19:10:00,19,3,1,4,1,27,3,7,243,81.4,1,30,0.0333,0.1429,1.0,13.0,1.0,3.0,116.0,85.5,25.0,0.3333,0.0,14.0,2.0,4.0,127.0,77.7,28.0,0.0,61.2,16.2,64.7,998.0,0.0,8.4,5.2,225.0,SW,7.79,6.22,8.43,night
447680,2016-06-03,2016,ATL,2016-06-03 19:10:00,19,4,2,6,4,18,5,12,256,84.5,5,44,0.1136,0.3333,4.0,11.0,3.0,5.0,126.0,82.6,30.0,0.8,0.0,7.0,1.0,7.0,130.0,86.1,35.0,0.0,80.7,27.1,37.3,993.8,0.0,6.7,4.2,212.3,SW,6.6,5.81,6.59,night
447695,2016-06-04,2016,ATL,2016-06-04 19:10:00,19,4,0,4,0,11,9,11,297,82.7,0,49,0.0,0.0,0.0,3.0,6.0,6.0,152.0,83.0,42.0,0.0,0.0,8.0,2.0,5.0,145.0,82.3,37.0,0.0,76.3,24.6,43.7,993.2,0.0,8.3,5.2,236.0,SW,6.95,4.96,8.1,night
447710,2016-06-05,2016,ATL,2016-06-05 13:10:00,13,12,6,18,5,16,8,26,337,86.0,5,59,0.0847,0.1923,4.0,9.0,6.0,14.0,188.0,85.2,45.0,0.2857,1.0,7.0,2.0,12.0,149.0,86.8,40.0,0.0833,83.7,28.7,29.7,992.2,0.0,12.7,7.9,217.3,SW,12.31,10.46,12.68,day
447727,2016-06-06,2016,COL,2016-06-06 19:10:00,19,1,6,7,2,16,7,10,254,84.8,4,44,0.0909,0.2,0.0,6.0,3.0,1.0,113.0,85.6,26.0,0.0,2.0,10.0,1.0,9.0,141.0,84.1,33.0,0.2222,67.6,19.8,57.0,990.3,0.0,8.7,5.4,226.0,SW,7.95,6.29,8.65,night
447738,2016-06-07,2016,COL,2016-06-07 19:10:00,19,4,3,7,3,20,9,14,313,82.4,3,43,0.0698,0.2143,2.0,5.0,5.0,5.0,127.0,84.1,34.0,0.4,1.0,15.0,4.0,9.0,186.0,81.0,43.0,0.1111,68.2,20.1,59.3,992.0,0.0,7.7,4.8,216.7,SW,7.47,6.37,7.66,night
447753,2016-06-08,2016,COL,2016-06-08 19:10:00,19,0,1,1,0,16,3,10,271,84.0,2,48,0.0417,0.0,0.0,6.0,2.0,4.0,139.0,87.4,37.0,0.0,0.0,10.0,1.0,6.0,132.0,80.9,39.0,0.0,71.1,21.7,56.3,990.8,0.0,8.5,5.3,220.7,SW,8.08,6.68,8.5,night
447860,2016-06-16,2016,MIL,2016-06-16 19:10:00,19,6,8,14,4,19,5,18,303,85.0,7,51,0.1373,0.2222,1.0,8.0,2.0,8.0,138.0,87.1,36.0,0.125,3.0,11.0,3.0,10.0,165.0,83.4,49.0,0.3,71.1,21.7,42.0,995.5,0.0,9.0,5.6,251.7,W,5.88,3.2,7.86,night
447874,2016-06-17,2016,MIL,2016-06-17 19:10:00,19,3,2,5,2,24,5,20,322,81.3,2,52,0.0385,0.1,2.0,8.0,1.0,8.0,140.0,83.8,31.0,0.25,0.0,16.0,2.0,12.0,182.0,79.7,48.0,0.0,78.7,26.0,31.7,995.4,0.0,8.8,5.5,258.7,W,4.92,2.11,7.13,night
447889,2016-06-18,2016,MIL,2016-06-18 19:10:00,19,10,6,16,4,16,8,25,327,84.8,5,55,0.0909,0.16,3.0,9.0,4.0,14.0,167.0,83.6,50.0,0.2143,1.0,7.0,4.0,11.0,160.0,86.2,43.0,0.0909,84.9,29.4,20.0,995.5,0.0,7.1,4.4,278.0,W,1.77,-0.68,4.0,night
447904,2016-06-19,2016,MIL,2016-06-19 13:10:00,13,2,1,3,2,16,5,14,241,83.4,3,46,0.0652,0.1429,1.0,6.0,2.0,8.0,116.0,85.1,32.0,0.125,1.0,10.0,3.0,6.0,125.0,81.7,31.0,0.1667,105.8,41.0,8.0,992.7,0.0,12.7,7.9,259.0,W,7.01,2.97,10.21,day
447920,2016-06-20,2016,WSH,2016-06-20 19:10:00,19,4,1,5,2,19,2,14,274,84.1,3,45,0.0667,0.1429,2.0,9.0,1.0,7.0,140.0,85.6,38.0,0.2857,0.0,10.0,0.0,7.0,134.0,82.7,39.0,0.0,95.7,35.4,14.7,991.7,0.0,8.6,5.3,196.8,S,8.56,8.33,7.75,night
447935,2016-06-21,2016,WSH,2016-06-21 19:10:00,19,3,2,5,3,11,3,18,262,86.9,3,55,0.0545,0.1667,1.0,6.0,1.0,7.0,115.0,87.2,33.0,0.1429,2.0,5.0,0.0,11.0,147.0,86.7,46.0,0.1818,78.5,25.8,49.7,994.3,0.0,6.3,3.9,197.0,S,6.27,6.1,5.69,night
447950,2016-06-22,2016,WSH,2016-06-22 19:10:00,19,4,3,7,2,18,4,20,305,83.5,3,52,0.0577,0.1,1.0,8.0,1.0,9.0,131.0,85.6,35.0,0.1111,1.0,10.0,3.0,11.0,174.0,81.9,47.0,0.0909,74.7,23.7,46.3,993.5,0.0,7.8,4.8,208.3,SW,7.76,7.02,7.56,night
448062,2016-07-01,2016,COL,2016-07-01 19:10:00,19,5,0,5,0,16,7,12,257,82.2,2,43,0.0465,0.0,0.0,4.0,4.0,9.0,112.0,84.8,32.0,0.0,0.0,12.0,3.0,3.0,145.0,79.6,32.0,0.0,72.0,22.2,63.0,992.9,0.0,10.1,6.3,195.3,S,10.02,9.85,8.99,night
448077,2016-07-02,2016,COL,2016-07-02 19:10:00,19,6,1,7,1,21,4,15,326,81.8,1,45,0.0222,0.0667,0.0,7.0,3.0,10.0,167.0,80.9,44.0,0.0,1.0,14.0,1.0,5.0,159.0,83.0,32.0,0.2,70.6,21.5,53.0,995.6,0.0,8.2,5.1,204.7,SW,8.23,7.62,7.84,night
448092,2016-07-03,2016,COL,2016-07-03 13:10:00,13,4,1,5,3,21,5,11,264,83.3,4,37,0.1081,0.2727,2.0,6.0,4.0,7.0,136.0,84.4,34.0,0.2857,1.0,15.0,1.0,4.0,128.0,82.0,27.0,0.25,79.7,26.5,41.3,997.7,0.0,12.2,7.6,218.7,SW,11.75,9.88,12.21,day
448103,2016-07-04,2016,BAL,2016-07-04 18:10:00,18,7,5,12,2,15,8,17,297,85.5,2,52,0.0385,0.1176,2.0,7.0,6.0,9.0,157.0,84.6,37.0,0.2222,0.0,8.0,2.0,8.0,140.0,86.5,37.0,0.0,73.2,22.9,49.0,995.1,0.0,10.8,6.7,232.0,SW,9.37,6.99,10.62,night
448118,2016-07-05,2016,BAL,2016-07-05 19:10:00,19,1,4,5,1,18,5,15,294,82.4,1,49,0.0204,0.0667,0.0,7.0,2.0,6.0,130.0,84.0,34.0,0.0,1.0,11.0,2.0,9.0,164.0,81.0,39.0,0.1111,70.3,21.3,56.7,994.4,0.0,9.6,6.0,237.0,SW,7.94,5.59,9.33,night
448133,2016-07-06,2016,BAL,2016-07-06 12:10:00,12,4,6,10,3,36,14,29,526,81.8,2,72,0.0278,0.1034,1.0,18.0,4.0,16.0,249.0,82.8,57.0,0.0625,2.0,18.0,6.0,13.0,277.0,81.0,67.0,0.1538,78.8,26.0,44.3,995.5,0.0,12.8,8.0,212.3,SW,12.61,11.1,12.6,day
448154,2016-07-07,2016,SD,2016-07-07 19:10:00,19,0,6,6,1,16,7,12,284,84.2,3,50,0.06,0.0833,0.0,9.0,4.0,2.0,135.0,82.6,29.0,0.0,1.0,7.0,2.0,10.0,149.0,85.3,42.0,0.1,73.9,23.3,52.3,993.3,0.0,8.0,5.0,225.0,SW,7.36,5.87,7.96,night
448167,2016-07-08,2016,SD,2016-07-08 19:10:00,19,10,6,16,7,13,11,28,339,84.6,6,62,0.0968,0.25,5.0,6.0,8.0,14.0,162.0,88.1,44.0,0.3571,2.0,7.0,3.0,14.0,177.0,81.2,47.0,0.1429,75.7,24.3,50.3,994.1,0.0,7.9,4.9,232.3,SW,6.82,5.07,7.75,night
448182,2016-07-09,2016,SD,2016-07-09 16:15:00,16,4,3,7,1,20,5,12,240,84.3,0,42,0.0,0.0833,0.0,6.0,2.0,9.0,110.0,86.5,34.0,0.0,1.0,14.0,3.0,3.0,130.0,81.6,29.0,0.3333,84.9,29.4,34.0,995.3,0.0,11.6,7.2,229.0,SW,10.35,7.96,11.49,day
448197,2016-07-10,2016,SD,2016-07-10 13:10:00,13,3,1,4,2,26,2,13,269,80.4,1,37,0.027,0.1538,1.0,10.0,1.0,10.0,130.0,82.9,42.0,0.1,1.0,16.0,1.0,3.0,139.0,76.5,27.0,0.3333,86.3,30.2,33.7,993.2,0.0,12.7,7.9,224.0,SW,11.79,9.49,12.66,day
448368,2016-07-26,2016,TB,2016-07-26 19:10:00,19,3,2,5,1,19,4,11,258,84.1,2,45,0.0444,0.0909,1.0,9.0,0.0,5.0,97.0,84.9,27.0,0.2,0.0,10.0,2.0,6.0,161.0,83.5,40.0,0.0,82.8,28.2,39.3,991.2,0.0,8.4,5.2,221.8,SW,7.93,6.5,8.4,night
448383,2016-07-27,2016,TB,2016-07-27 12:10:00,12,1,3,4,1,20,7,13,306,82.7,1,45,0.0222,0.0769,0.0,7.0,4.0,5.0,136.0,83.7,30.0,0.0,1.0,13.0,2.0,8.0,170.0,81.7,34.0,0.125,93.6,34.2,23.7,993.4,0.0,12.6,7.8,223.7,SW,11.78,9.51,12.63,day
448393,2016-07-29,2016,AZ,2016-07-29 19:10:00,19,9,7,16,2,13,7,19,291,83.2,4,56,0.0714,0.1053,2.0,6.0,4.0,10.0,139.0,86.5,33.0,0.2,0.0,7.0,2.0,9.0,152.0,81.1,51.0,0.0,81.7,27.6,48.3,989.3,0.0,7.8,4.9,231.0,SW,6.89,5.2,7.75,night
448408,2016-07-30,2016,AZ,2016-07-30 18:10:00,18,2,4,6,2,15,3,18,305,85.8,2,54,0.037,0.1111,1.0,6.0,3.0,8.0,166.0,89.8,43.0,0.125,1.0,9.0,0.0,10.0,139.0,81.1,38.0,0.1,80.5,27.0,52.7,990.5,0.0,8.3,5.2,203.7,SW,8.3,7.74,7.86,night
448423,2016-07-31,2016,AZ,2016-07-31 13:10:00,13,14,3,17,3,19,7,20,322,83.2,4,52,0.0769,0.15,3.0,13.0,3.0,17.0,187.0,83.3,42.0,0.1765,0.0,6.0,4.0,3.0,135.0,83.1,35.0,0.0,89.1,31.7,35.3,993.0,0.0,13.8,8.6,205.3,SW,13.82,12.75,13.22,day
448490,2016-08-05,2016,BOS,2016-08-05 19:10:00,19,0,9,9,3,15,6,13,271,84.8,2,51,0.0392,0.2308,0.0,9.0,1.0,3.0,119.0,81.9,28.0,0.0,3.0,6.0,4.0,10.0,152.0,86.8,39.0,0.3,74.8,23.8,56.3,990.4,0.0,9.0,5.6,237.0,SW,7.44,5.25,8.75,night
448505,2016-08-06,2016,BOS,2016-08-06 13:05:00,13,3,0,3,0,22,3,16,282,83.1,0,44,0.0,0.0,0.0,11.0,1.0,11.0,147.0,81.7,40.0,0.0,0.0,11.0,2.0,5.0,135.0,84.5,37.0,0.0,85.1,29.5,41.7,990.8,0.0,11.6,7.2,229.3,SW,10.32,7.91,11.48,day
448520,2016-08-07,2016,BOS,2016-08-07 16:10:00,16,8,5,13,3,15,12,15,302,87.3,4,49,0.0816,0.2,3.0,5.0,5.0,9.0,155.0,88.9,36.0,0.3333,0.0,10.0,6.0,6.0,147.0,85.4,30.0,0.0,84.9,29.4,38.7,989.0,0.0,11.6,7.2,224.7,SW,10.77,8.62,11.63,day
448538,2016-08-08,2016,PHI,2016-08-08 19:10:00,19,9,4,13,5,11,4,19,279,84.0,5,59,0.0847,0.2632,4.0,4.0,2.0,11.0,127.0,88.3,47.0,0.3636,1.0,7.0,2.0,8.0,152.0,79.8,47.0,0.125,73.1,22.8,61.3,989.7,0.0,8.3,5.1,203.0,SW,8.27,7.74,7.79,night
448551,2016-08-09,2016,PHI,2016-08-09 19:10:00,19,9,3,12,5,20,5,22,315,84.0,5,51,0.098,0.2273,3.0,11.0,3.0,13.0,152.0,86.9,36.0,0.2308,2.0,9.0,2.0,9.0,163.0,81.6,44.0,0.2222,73.1,22.8,55.3,990.4,0.0,8.4,5.2,227.7,SW,7.63,5.95,8.4,night
448567,2016-08-10,2016,PHI,2016-08-10 12:10:00,12,2,6,8,1,23,8,15,317,81.5,0,44,0.0,0.0667,0.0,11.0,3.0,8.0,155.0,84.0,34.0,0.0,1.0,12.0,4.0,7.0,162.0,79.2,38.0,0.1429,83.3,28.5,31.7,993.8,0.0,9.6,6.0,197.7,S,9.6,9.3,8.74,day
448592,2016-08-12,2016,PIT,2016-08-12 19:10:00,19,1,5,6,2,13,0,19,269,84.5,3,59,0.0508,0.1053,0.0,7.0,0.0,12.0,146.0,84.6,46.0,0.0,2.0,6.0,0.0,7.0,123.0,84.4,41.0,0.2857,78.1,25.6,50.0,993.6,0.0,9.3,5.8,231.1,SW,8.17,6.16,9.2,night
448607,2016-08-13,2016,PIT,2016-08-13 13:05:00,13,8,4,12,2,18,11,27,352,85.1,3,61,0.0492,0.0741,1.0,7.0,0.0,17.0,151.0,84.9,51.0,0.0588,1.0,11.0,11.0,10.0,201.0,85.3,38.0,0.1,94.3,34.6,28.0,992.9,0.0,12.7,7.9,240.7,SW,9.99,6.7,12.07,day
448622,2016-08-14,2016,PIT,2016-08-14 13:10:00,13,3,11,14,4,16,6,23,360,84.1,4,61,0.0656,0.1739,1.0,9.0,1.0,7.0,162.0,82.3,47.0,0.1429,3.0,7.0,5.0,16.0,198.0,85.7,49.0,0.1875,96.4,35.8,26.7,992.2,0.0,14.8,9.2,237.7,SW,12.1,8.45,14.28,day
448743,2016-08-23,2016,SF,2016-08-23 19:10:00,19,9,5,14,3,19,7,23,310,82.5,3,53,0.0566,0.1304,2.0,12.0,3.0,14.0,158.0,82.7,48.0,0.1429,1.0,7.0,3.0,9.0,152.0,82.2,35.0,0.1111,75.3,24.1,47.7,996.1,0.0,6.4,4.0,237.0,SW,5.25,3.7,6.16,night
448759,2016-08-24,2016,SF,2016-08-24 19:10:00,19,1,0,1,1,15,3,11,252,85.9,1,46,0.0217,0.0909,1.0,8.0,1.0,5.0,119.0,85.9,30.0,0.2,0.0,7.0,2.0,6.0,133.0,85.8,36.0,0.0,75.0,23.9,51.3,994.0,0.0,7.1,4.4,225.3,SW,6.54,5.21,7.09,night
448770,2016-08-25,2016,SF,2016-08-25 19:10:00,19,0,4,4,1,13,5,9,304,82.4,2,51,0.0392,0.1111,0.0,7.0,3.0,1.0,134.0,82.5,33.0,0.0,1.0,6.0,1.0,8.0,170.0,82.3,49.0,0.125,71.5,22.0,57.0,992.6,0.0,7.6,4.7,202.0,S,7.63,7.2,7.15,night
448774,2016-08-26,2016,CHC,2016-08-26 19:10:00,19,4,6,10,3,24,9,18,334,85.1,3,53,0.0566,0.1667,1.0,12.0,5.0,9.0,166.0,86.7,39.0,0.1111,2.0,12.0,4.0,9.0,168.0,83.8,50.0,0.2222,68.4,20.2,63.3,994.0,0.0,8.8,5.4,227.3,SW,7.96,6.22,8.74,night
448789,2016-08-27,2016,CHC,2016-08-27 13:05:00,13,3,2,5,1,16,4,14,263,82.4,2,46,0.0435,0.0714,1.0,6.0,0.0,6.0,117.0,84.8,36.0,0.1667,0.0,10.0,4.0,8.0,146.0,79.9,34.0,0.0,80.2,26.8,41.7,995.3,0.0,10.2,6.4,229.7,SW,9.1,6.96,10.15,day
448804,2016-08-28,2016,CHC,2016-08-28 13:10:00,13,1,0,1,0,22,7,8,285,84.1,1,37,0.027,0.0,0.0,12.0,2.0,4.0,150.0,85.1,31.0,0.0,0.0,10.0,4.0,4.0,135.0,83.2,33.0,0.0,90.0,32.2,29.0,995.5,0.0,12.9,8.0,240.3,SW,10.16,6.85,12.25,day
448874,2016-09-02,2016,SD,2016-09-02 19:10:00,19,2,4,6,2,25,5,19,331,84.6,3,46,0.0652,0.1053,1.0,13.0,1.0,13.0,167.0,90.0,37.0,0.0769,1.0,12.0,3.0,6.0,164.0,79.6,40.0,0.1667,69.8,21.0,64.0,991.3,0.0,8.2,5.1,213.0,SW,8.1,7.09,8.12,night
448889,2016-09-03,2016,SD,2016-09-03 18:10:00,18,5,1,6,2,20,6,13,250,84.0,2,41,0.0488,0.1538,2.0,7.0,3.0,9.0,109.0,90.7,30.0,0.2222,0.0,13.0,3.0,4.0,141.0,78.0,34.0,0.0,68.7,20.4,58.7,990.3,0.0,10.0,6.2,221.7,SW,9.41,7.73,9.97,night
448904,2016-09-04,2016,SD,2016-09-04 13:10:00,13,7,4,11,3,19,7,16,297,83.6,2,45,0.0444,0.1875,2.0,7.0,6.0,9.0,160.0,85.6,43.0,0.2222,1.0,12.0,1.0,7.0,137.0,80.9,33.0,0.1429,76.2,24.5,45.0,990.3,0.0,12.1,7.5,215.0,SW,11.78,10.18,11.96,day
448909,2016-09-05,2016,AZ,2016-09-05 17:10:00,17,10,2,12,5,18,6,15,307,84.1,5,48,0.1042,0.3333,5.0,9.0,3.0,11.0,165.0,84.5,44.0,0.4545,0.0,9.0,3.0,4.0,142.0,83.5,29.0,0.0,71.8,22.1,52.7,988.4,0.0,11.4,7.1,234.7,SW,9.62,6.97,11.11,night
448924,2016-09-06,2016,AZ,2016-09-06 19:10:00,19,5,2,7,1,16,3,15,254,89.7,4,48,0.0833,0.0667,0.0,6.0,2.0,11.0,139.0,91.2,40.0,0.0,1.0,10.0,1.0,4.0,115.0,87.3,25.0,0.25,73.9,23.3,54.0,989.9,0.0,6.8,4.2,211.4,SW,6.69,5.93,6.64,night
448939,2016-09-07,2016,AZ,2016-09-07 19:10:00,19,3,1,4,1,20,9,11,272,82.7,1,42,0.0238,0.0909,1.0,12.0,4.0,4.0,123.0,84.9,24.0,0.25,0.0,8.0,4.0,7.0,149.0,81.4,41.0,0.0,69.7,21.0,61.0,997.6,0.0,8.5,5.3,189.3,S,8.28,8.44,7.12,night
449112,2016-09-19,2016,SF,2016-09-19 19:10:00,19,2,1,3,0,20,1,9,253,80.7,1,39,0.0256,0.0,0.0,11.0,0.0,6.0,136.0,82.6,44.0,0.0,0.0,9.0,1.0,3.0,117.0,78.7,40.0,0.0,74.8,23.8,56.3,996.5,0.0,4.9,3.0,137.0,SE,2.02,3.41,0.38,night
449127,2016-09-20,2016,SF,2016-09-20 19:10:00,19,0,2,2,2,23,4,20,308,85.3,2,48,0.0417,0.1,0.0,13.0,2.0,9.0,145.0,87.6,31.0,0.0,2.0,10.0,1.0,11.0,163.0,83.8,49.0,0.1818,76.5,24.7,67.7,993.6,0.0,4.8,3.0,222.7,SW,4.51,3.67,4.8,night
449142,2016-09-21,2016,SF,2016-09-21 19:10:00,19,9,3,12,2,13,4,19,293,84.5,2,55,0.0364,0.1053,1.0,4.0,2.0,12.0,140.0,85.2,41.0,0.0833,1.0,9.0,2.0,7.0,153.0,83.7,34.0,0.1429,72.1,22.3,70.7,990.9,0.0,6.0,3.7,215.1,SW,5.86,5.06,5.95,night
449148,2016-09-22,2016,COL,2016-09-22 19:10:00,19,7,4,11,3,13,9,16,268,85.9,4,51,0.0784,0.1875,2.0,6.0,8.0,9.0,152.0,86.4,29.0,0.2222,1.0,7.0,1.0,7.0,116.0,85.5,37.0,0.1429,70.9,21.6,37.3,991.9,0.0,4.5,2.8,173.7,S,3.91,4.41,2.94,night
449161,2016-09-23,2016,COL,2016-09-23 19:10:00,19,5,2,7,3,25,8,16,330,82.3,4,39,0.1026,0.1875,2.0,14.0,6.0,8.0,179.0,84.5,41.0,0.25,1.0,11.0,2.0,8.0,151.0,80.4,45.0,0.125,72.4,22.5,37.3,994.8,0.0,3.9,2.4,265.3,W,1.76,0.48,2.83,night
449176,2016-09-24,2016,COL,2016-09-24 18:10:00,18,14,1,15,2,15,8,19,316,84.9,2,55,0.0364,0.1053,1.0,7.0,7.0,13.0,196.0,87.9,45.0,0.0769,1.0,8.0,0.0,6.0,120.0,81.5,39.0,0.1667,82.4,28.0,25.0,994.9,0.0,8.2,5.1,250.7,W,5.45,3.04,7.2,night
449191,2016-09-25,2016,COL,2016-09-25 13:10:00,13,4,3,7,3,17,5,20,310,82.6,2,60,0.0333,0.15,2.0,7.0,3.0,12.0,153.0,84.0,45.0,0.1667,1.0,10.0,1.0,8.0,157.0,81.2,48.0,0.125,99.1,37.3,8.0,995.1,0.0,4.3,2.7,203.0,SW,4.3,4.03,4.05,day
490109,2017-04-03,2017,SD,2017-04-03 13:10:00,13,14,3,17,5,14,5,19,267,85.7,7,56,0.125,0.2632,4.0,5.0,3.0,14.0,152.0,86.5,45.0,0.2857,1.0,9.0,0.0,5.0,115.0,84.5,34.0,0.2,67.6,19.8,49.0,992.9,0.0,12.1,7.5,203.8,SW,12.13,11.31,11.49,day
490117,2017-04-04,2017,SD,2017-04-04 19:10:00,19,0,4,4,1,14,4,16,258,85.3,2,49,0.0408,0.0625,0.0,5.0,2.0,5.0,110.0,90.3,27.0,0.0,1.0,9.0,2.0,11.0,148.0,82.0,40.0,0.0909,61.3,16.3,67.0,995.9,0.0,8.8,5.5,228.7,SW,7.9,6.09,8.75,night
490131,2017-04-05,2017,SD,2017-04-05 19:10:00,19,3,1,4,2,19,7,9,258,85.7,4,39,0.1026,0.2222,1.0,12.0,3.0,6.0,142.0,84.7,34.0,0.1667,1.0,7.0,4.0,3.0,116.0,86.9,27.0,0.3333,65.8,18.8,55.0,995.8,0.0,7.9,4.9,228.0,SW,7.13,5.54,7.86,night
490144,2017-04-06,2017,SD,2017-04-06 12:10:00,12,10,2,12,3,13,13,14,307,82.9,4,52,0.0769,0.2143,2.0,5.0,11.0,8.0,175.0,81.2,44.0,0.25,1.0,8.0,2.0,6.0,132.0,84.9,36.0,0.1667,78.0,25.5,28.0,995.7,0.0,9.5,5.9,170.3,S,8.04,9.28,5.82,day
490240,2017-04-14,2017,AZ,2017-04-14 19:10:00,19,7,1,8,1,13,6,17,275,85.3,2,53,0.0377,0.0588,1.0,4.0,4.0,13.0,160.0,85.6,43.0,0.0769,0.0,9.0,2.0,4.0,115.0,84.9,31.0,0.0,59.5,15.3,42.7,994.4,0.0,6.4,4.0,256.0,W,3.83,1.83,5.36,night
490255,2017-04-15,2017,AZ,2017-04-15 18:10:00,18,8,4,12,3,19,5,16,278,83.1,2,51,0.0392,0.1875,2.0,7.0,3.0,11.0,137.0,85.2,35.0,0.1818,1.0,12.0,1.0,5.0,141.0,81.2,36.0,0.2,65.8,18.8,35.3,994.4,0.0,9.6,5.9,239.0,SW,7.69,5.28,9.17,night
490270,2017-04-16,2017,AZ,2017-04-16 13:10:00,13,1,3,4,1,16,7,14,291,83.1,2,48,0.0417,0.0714,0.0,9.0,3.0,5.0,141.0,82.2,41.0,0.0,1.0,7.0,4.0,9.0,150.0,84.1,40.0,0.1111,75.9,24.4,25.7,996.5,0.0,17.7,11.0,229.7,SW,15.74,12.03,17.56,day
490285,2017-04-17,2017,AZ,2017-04-17 19:10:00,19,2,4,6,2,29,9,15,297,81.1,2,38,0.0526,0.1333,1.0,15.0,4.0,5.0,135.0,81.9,28.0,0.2,1.0,14.0,4.0,10.0,162.0,80.5,36.0,0.1,61.7,16.5,82.3,997.7,0.0,12.0,7.4,260.6,W,6.32,2.46,9.41,night
490300,2017-04-18,2017,COL,2017-04-18 19:10:00,19,3,4,7,3,19,7,16,307,83.8,3,49,0.0612,0.1875,0.0,7.0,5.0,9.0,166.0,83.4,39.0,0.0,3.0,12.0,2.0,7.0,141.0,84.3,32.0,0.4286,63.6,17.6,75.7,998.7,0.0,9.9,6.2,237.3,SW,8.13,5.7,9.57,night
490315,2017-04-19,2017,COL,2017-04-19 19:10:00,19,4,2,6,1,19,4,13,253,82.3,1,46,0.0217,0.0769,1.0,7.0,2.0,7.0,124.0,82.8,34.0,0.1429,0.0,12.0,2.0,6.0,129.0,81.7,31.0,0.0,62.1,16.7,67.3,998.3,0.0,8.2,5.1,171.8,S,7.05,8.06,5.2,night
490440,2017-04-28,2017,PHI,2017-04-28 19:10:00,19,5,3,8,0,17,4,17,278,80.3,1,51,0.0196,0.0,0.0,5.0,3.0,10.0,136.0,83.0,39.0,0.0,0.0,12.0,1.0,7.0,142.0,77.4,36.0,0.0,72.6,22.5,17.0,988.2,0.0,26.6,16.5,333.3,NW,-17.41,-23.26,-9.47,night
490455,2017-04-29,2017,PHI,2017-04-29 18:10:00,18,6,5,11,7,13,4,24,323,84.8,5,64,0.0781,0.2917,5.0,7.0,1.0,11.0,157.0,87.0,48.0,0.4545,2.0,6.0,2.0,13.0,166.0,83.0,55.0,0.1538,74.4,23.5,14.7,995.8,0.0,15.5,9.6,281.3,W,3.02,-2.36,8.04,night
490470,2017-04-30,2017,PHI,2017-04-30 13:10:00,13,5,3,8,3,21,7,19,287,86.9,4,45,0.0889,0.1579,2.0,8.0,2.0,13.0,140.0,88.4,37.0,0.1538,1.0,13.0,5.0,6.0,147.0,85.3,32.0,0.1667,84.5,29.2,13.7,997.3,0.0,19.2,11.9,224.3,SW,17.79,14.28,19.16,day
490482,2017-05-01,2017,SF,2017-05-01 19:10:00,19,3,4,7,2,16,2,14,268,80.1,4,50,0.08,0.1429,0.0,8.0,1.0,6.0,129.0,80.7,39.0,0.0,2.0,8.0,1.0,8.0,139.0,79.7,49.0,0.25,67.5,19.7,44.3,991.9,0.0,8.4,5.2,222.4,SW,7.93,6.47,8.43,night
490497,2017-05-02,2017,SF,2017-05-02 19:10:00,19,13,5,18,1,19,10,23,331,82.9,3,53,0.0566,0.0435,1.0,5.0,9.0,11.0,158.0,87.7,40.0,0.0909,0.0,14.0,1.0,12.0,173.0,79.2,52.0,0.0,67.9,19.9,52.3,992.3,0.0,9.2,5.7,217.6,SW,8.91,7.55,9.2,night
490513,2017-05-03,2017,SF,2017-05-03 19:10:00,19,1,4,5,0,23,8,17,330,80.4,1,56,0.0179,0.0,0.0,13.0,0.0,6.0,140.0,80.5,42.0,0.0,0.0,10.0,7.0,11.0,190.0,80.2,50.0,0.0,65.3,18.5,75.0,993.6,0.0,10.1,6.3,220.7,SW,9.56,7.91,10.06,night
490579,2017-05-08,2017,PIT,2017-05-08 19:10:00,19,12,1,13,2,24,6,20,324,82.4,1,47,0.0213,0.1,2.0,7.0,4.0,15.0,170.0,84.3,49.0,0.1333,0.0,17.0,2.0,5.0,154.0,79.4,31.0,0.0,60.4,15.8,75.3,990.4,0.0,9.0,5.6,252.8,W,5.75,3.03,7.77,night
490592,2017-05-09,2017,PIT,2017-05-09 19:10:00,19,4,3,7,2,18,4,17,307,84.7,3,57,0.0526,0.1176,1.0,8.0,2.0,13.0,161.0,86.0,57.0,0.0769,1.0,10.0,2.0,4.0,146.0,82.6,37.0,0.25,60.0,15.5,71.0,995.0,0.0,12.0,7.4,150.0,SE,7.29,10.09,3.6,night
490607,2017-05-10,2017,PIT,2017-05-10 19:10:00,19,5,2,7,2,11,4,13,232,81.1,1,50,0.02,0.1538,1.0,6.0,4.0,8.0,122.0,82.9,34.0,0.125,1.0,5.0,0.0,5.0,110.0,79.4,36.0,0.2,62.2,16.8,72.0,999.3,0.0,7.8,4.9,258.8,W,4.35,1.85,6.31,night
490712,2017-05-18,2017,MIA,2017-05-18 19:10:00,19,7,2,9,3,18,12,18,289,85.0,5,44,0.1136,0.1667,1.0,5.0,8.0,11.0,152.0,85.3,40.0,0.0909,2.0,13.0,3.0,7.0,137.0,84.5,26.0,0.2857,64.0,17.8,61.3,991.5,0.0,9.7,6.0,235.8,SW,8.11,5.8,9.44,night
490725,2017-05-19,2017,MIA,2017-05-19 19:10:00,19,7,2,9,4,14,6,17,263,82.6,3,50,0.06,0.2353,3.0,8.0,4.0,8.0,141.0,84.0,38.0,0.375,1.0,6.0,2.0,9.0,122.0,81.2,37.0,0.1111,72.8,22.7,32.7,992.6,0.0,12.4,7.7,261.3,W,6.43,2.41,9.67,night
490740,2017-05-20,2017,MIA,2017-05-20 19:10:00,19,6,10,16,4,19,8,21,334,81.6,6,55,0.1091,0.1905,3.0,10.0,4.0,7.0,159.0,81.1,41.0,0.4286,1.0,9.0,4.0,14.0,175.0,82.1,48.0,0.0714,81.4,27.4,24.0,990.2,0.0,11.0,6.9,266.2,W,4.88,1.2,7.97,night
490755,2017-05-21,2017,MIA,2017-05-21 13:10:00,13,6,3,9,2,14,4,19,269,82.9,2,54,0.037,0.1053,1.0,7.0,2.0,12.0,151.0,84.4,41.0,0.0833,1.0,7.0,2.0,7.0,118.0,81.5,40.0,0.1429,91.1,32.8,19.3,993.0,0.0,15.3,9.5,216.4,SW,14.89,12.73,15.25,day
490784,2017-05-23,2017,STL,2017-05-23 19:10:00,19,2,1,3,1,33,5,7,374,82.2,1,50,0.02,0.1429,1.0,19.0,5.0,3.0,209.0,81.5,41.0,0.3333,0.0,14.0,0.0,4.0,165.0,82.8,47.0,0.0,63.6,17.6,73.7,992.3,0.0,9.1,5.7,197.0,S,9.06,8.81,8.21,night
490799,2017-05-24,2017,STL,2017-05-24 19:10:00,19,1,6,7,1,14,9,12,279,83.3,1,50,0.02,0.0833,0.0,6.0,0.0,4.0,108.0,87.4,31.0,0.0,1.0,8.0,8.0,8.0,171.0,80.1,40.0,0.125,61.0,16.1,74.7,989.7,0.0,12.7,7.9,216.6,SW,12.28,10.48,12.6,night
490812,2017-05-25,2017,STL,2017-05-25 19:10:00,19,7,3,10,1,16,5,20,287,82.8,1,50,0.02,0.05,1.0,10.0,2.0,11.0,154.0,82.7,41.0,0.0909,0.0,6.0,2.0,9.0,133.0,83.0,34.0,0.0,61.5,16.4,59.7,991.4,0.0,12.0,7.4,242.0,SW,9.23,6.07,11.28,night
490817,2017-05-26,2017,CHC,2017-05-26 19:10:00,19,4,0,4,2,22,6,7,265,78.9,2,32,0.0625,0.2857,2.0,12.0,3.0,5.0,128.0,81.7,23.0,0.4,0.0,10.0,3.0,2.0,137.0,76.9,33.0,0.0,62.8,17.1,56.3,995.6,0.0,10.8,6.7,253.3,W,6.82,3.55,9.27,night
490832,2017-05-27,2017,CHC,2017-05-27 16:15:00,16,5,0,5,1,19,7,9,268,78.2,0,42,0.0,0.1111,1.0,11.0,6.0,6.0,145.0,75.1,35.0,0.1667,0.0,8.0,1.0,3.0,123.0,81.3,36.0,0.0,68.6,20.3,49.3,996.8,0.0,16.6,10.3,234.7,SW,14.02,10.16,16.19,day
490847,2017-05-28,2017,CHC,2017-05-28 13:10:00,13,9,4,13,7,22,8,22,344,80.8,7,51,0.1373,0.3182,4.0,10.0,5.0,11.0,161.0,83.4,41.0,0.3636,3.0,12.0,3.0,11.0,183.0,78.8,54.0,0.2727,77.1,25.0,42.0,995.7,0.0,16.2,10.0,229.7,SW,14.38,10.99,16.04,day
490963,2017-06-05,2017,WSH,2017-06-05 19:10:00,19,2,4,6,1,16,4,13,289,82.3,0,53,0.0,0.0769,0.0,11.0,3.0,6.0,156.0,83.6,35.0,0.0,1.0,5.0,1.0,7.0,133.0,81.3,48.0,0.1429,64.8,18.2,77.7,992.0,0.0,9.5,5.9,205.7,SW,9.45,8.7,9.06,night
490978,2017-06-06,2017,WSH,2017-06-06 19:10:00,19,1,2,3,0,23,5,8,267,80.1,1,40,0.025,0.0,0.0,17.0,2.0,4.0,137.0,79.3,30.0,0.0,0.0,6.0,3.0,4.0,130.0,80.6,41.0,0.0,63.7,17.6,76.7,993.5,0.0,9.0,5.6,217.3,SW,8.73,7.41,9.0,night
490993,2017-06-07,2017,WSH,2017-06-07 12:10:00,12,2,1,3,2,22,4,8,253,81.6,2,39,0.0513,0.25,1.0,11.0,0.0,3.0,132.0,81.7,31.0,0.3333,1.0,11.0,3.0,5.0,121.0,81.6,29.0,0.2,73.1,22.8,55.7,994.5,0.0,8.8,5.4,210.1,SW,8.69,7.77,8.56,day
491007,2017-06-09,2017,CIN,2017-06-09 19:10:00,19,7,2,9,3,17,8,14,309,80.7,2,47,0.0426,0.2143,2.0,6.0,4.0,9.0,151.0,82.3,35.0,0.2222,1.0,11.0,3.0,5.0,158.0,79.3,41.0,0.2,64.2,17.9,85.0,992.3,0.0,9.8,6.1,239.7,SW,7.78,5.29,9.33,night
491022,2017-06-10,2017,CIN,2017-06-10 19:10:00,19,5,4,9,2,15,1,18,280,81.7,2,57,0.0351,0.1111,1.0,4.0,0.0,10.0,145.0,83.2,51.0,0.1,1.0,11.0,0.0,8.0,135.0,80.0,43.0,0.125,64.6,18.1,67.7,991.2,0.0,9.8,6.1,201.4,S,9.8,9.27,9.14,night
491038,2017-06-11,2017,CIN,2017-06-11 13:10:00,13,9,7,16,8,13,7,22,280,83.0,5,60,0.0833,0.3636,4.0,6.0,5.0,10.0,133.0,85.4,37.0,0.4,4.0,7.0,2.0,12.0,147.0,81.1,49.0,0.3333,70.2,21.2,48.7,993.3,0.0,16.1,10.0,188.9,S,15.68,16.03,13.45,day
491150,2017-06-19,2017,NYM,2017-06-19 19:10:00,19,10,6,16,8,25,7,25,341,86.5,8,50,0.16,0.32,4.0,12.0,3.0,17.0,177.0,86.8,42.0,0.2353,4.0,13.0,4.0,8.0,164.0,86.0,33.0,0.5,68.7,20.4,73.7,990.0,0.0,10.2,6.3,226.0,SW,9.35,7.4,10.18,night
491164,2017-06-20,2017,NYM,2017-06-20 19:10:00,19,12,0,12,5,15,9,17,318,84.9,4,52,0.0769,0.2941,5.0,7.0,6.0,13.0,183.0,86.7,44.0,0.3846,0.0,8.0,2.0,4.0,135.0,82.6,34.0,0.0,71.7,22.1,64.7,989.1,0.0,10.2,6.3,224.0,SW,9.49,7.64,10.2,night
491179,2017-06-21,2017,NYM,2017-06-21 19:10:00,19,8,2,10,4,24,8,14,317,81.6,3,43,0.0698,0.2857,3.0,9.0,3.0,7.0,159.0,81.0,42.0,0.4286,1.0,15.0,3.0,7.0,158.0,82.4,30.0,0.1429,73.0,22.8,60.3,986.5,0.0,9.5,5.9,208.0,SW,9.46,8.57,9.2,night
491193,2017-06-22,2017,NYM,2017-06-22 19:10:00,19,6,3,9,5,15,14,13,327,83.8,3,47,0.0638,0.3846,3.0,10.0,8.0,6.0,160.0,86.9,31.0,0.5,2.0,5.0,5.0,7.0,167.0,81.8,50.0,0.2857,68.2,20.1,71.7,990.6,0.0,10.4,6.5,218.7,SW,10.02,8.42,10.41,night
491201,2017-06-23,2017,COL,2017-06-23 19:10:00,19,6,1,7,1,16,7,14,293,82.3,1,48,0.0208,0.0714,1.0,5.0,5.0,11.0,153.0,83.7,38.0,0.0909,0.0,11.0,2.0,3.0,140.0,80.7,31.0,0.0,64.8,18.2,80.7,992.9,0.0,7.3,4.5,223.3,SW,6.83,5.53,7.3,night
491216,2017-06-24,2017,COL,2017-06-24 19:10:00,19,4,0,4,1,18,11,11,301,79.0,1,43,0.0233,0.0909,1.0,8.0,10.0,6.0,163.0,82.9,27.0,0.1667,0.0,10.0,1.0,5.0,138.0,76.4,41.0,0.0,68.8,20.4,72.0,991.1,0.0,6.8,4.2,236.8,SW,5.59,3.95,6.56,night
491231,2017-06-25,2017,COL,2017-06-25 13:10:00,13,12,6,18,3,18,13,21,373,81.4,3,53,0.0566,0.1429,3.0,10.0,7.0,13.0,197.0,85.6,44.0,0.2308,0.0,8.0,6.0,8.0,176.0,77.5,47.0,0.0,85.8,29.9,41.0,992.1,0.0,17.7,11.0,226.3,SW,16.19,12.77,17.66,day
491245,2017-06-26,2017,LAA,2017-06-26 19:10:00,19,0,4,4,1,17,6,13,253,85.3,2,47,0.0426,0.0769,0.0,8.0,3.0,5.0,119.0,91.7,29.0,0.0,1.0,9.0,3.0,8.0,134.0,79.8,34.0,0.125,75.8,24.3,46.0,992.3,0.0,6.7,4.2,187.3,S,6.5,6.71,5.5,night
491255,2017-06-27,2017,LAA,2017-06-27 19:10:00,19,4,0,4,1,14,4,9,235,80.9,1,44,0.0227,0.1111,1.0,7.0,4.0,4.0,127.0,81.4,26.0,0.25,0.0,7.0,0.0,5.0,108.0,80.4,35.0,0.0,69.3,20.7,57.7,990.5,0.0,10.0,6.2,216.7,SW,9.73,8.3,9.98,night
491348,2017-07-04,2017,AZ,2017-07-04 18:10:00,18,4,3,7,2,22,6,15,330,79.2,2,44,0.0455,0.1333,1.0,9.0,3.0,9.0,168.0,81.5,44.0,0.1111,1.0,13.0,3.0,6.0,162.0,76.6,40.0,0.1667,74.1,23.4,46.3,993.0,0.0,11.7,7.3,230.1,SW,10.37,7.89,11.6,night
491363,2017-07-05,2017,AZ,2017-07-05 19:10:00,19,1,0,1,0,24,6,8,256,82.7,1,34,0.0294,0.0,0.0,10.0,2.0,4.0,136.0,82.9,23.0,0.0,0.0,14.0,3.0,4.0,120.0,82.5,29.0,0.0,73.7,23.2,50.7,994.3,0.0,10.4,6.5,205.2,SW,10.42,9.63,9.96,night
491378,2017-07-06,2017,AZ,2017-07-06 19:10:00,19,5,4,9,4,27,11,15,296,79.0,5,37,0.1351,0.2667,1.0,16.0,8.0,8.0,158.0,80.9,23.0,0.125,3.0,11.0,0.0,7.0,138.0,78.0,43.0,0.4286,72.4,22.5,64.3,993.5,0.0,10.2,6.3,212.3,SW,10.05,8.85,10.04,night
491396,2017-07-07,2017,KC,2017-07-07 19:10:00,19,4,1,5,1,18,6,15,268,78.4,1,46,0.0217,0.0667,1.0,11.0,4.0,10.0,135.0,81.1,40.0,0.1,0.0,7.0,2.0,5.0,133.0,75.9,42.0,0.0,80.2,26.8,47.0,990.5,0.0,10.2,6.3,212.4,SW,10.05,8.84,10.04,night
491411,2017-07-08,2017,KC,2017-07-08 16:15:00,16,5,4,9,3,15,8,19,325,81.8,4,60,0.0667,0.1579,2.0,8.0,5.0,8.0,164.0,85.8,47.0,0.25,1.0,7.0,3.0,11.0,161.0,78.2,52.0,0.0909,92.2,33.4,32.3,990.4,0.0,15.2,9.4,192.5,S,14.97,14.97,13.16,day
491426,2017-07-09,2017,KC,2017-07-09 13:10:00,13,5,2,7,4,22,0,12,211,79.3,3,41,0.0732,0.3333,3.0,9.0,0.0,6.0,112.0,79.3,32.0,0.5,1.0,13.0,0.0,6.0,99.0,79.3,24.0,0.1667,94.7,34.8,28.7,993.9,0.0,14.0,8.7,173.3,S,12.2,13.79,9.13,day
491524,2017-07-20,2017,ATL,2017-07-20 19:10:00,19,3,6,9,2,16,5,18,270,82.9,1,54,0.0185,0.1111,1.0,7.0,3.0,7.0,134.0,84.8,41.0,0.1429,1.0,9.0,2.0,11.0,136.0,80.8,39.0,0.0909,71.6,22.0,66.0,994.5,0.0,10.7,6.6,218.7,SW,10.24,8.61,10.64,night
491532,2017-07-21,2017,ATL,2017-07-21 19:10:00,19,3,12,15,3,13,7,20,291,82.6,4,61,0.0656,0.15,0.0,6.0,2.0,7.0,124.0,80.6,42.0,0.0,3.0,7.0,4.0,13.0,167.0,84.1,54.0,0.2308,71.6,22.0,67.7,992.2,0.0,11.0,6.8,219.0,SW,10.55,8.84,10.98,night
491547,2017-07-22,2017,ATL,2017-07-22 18:10:00,18,6,2,8,3,17,3,18,255,82.5,3,52,0.0577,0.1667,3.0,7.0,1.0,12.0,125.0,84.0,38.0,0.25,0.0,10.0,2.0,6.0,130.0,80.7,32.0,0.0,75.0,23.9,64.7,991.3,0.0,12.7,7.9,228.3,SW,11.46,8.87,12.67,night
491562,2017-07-23,2017,ATL,2017-07-23 13:10:00,13,5,4,9,3,18,9,13,291,82.0,2,52,0.0385,0.2308,2.0,11.0,5.0,8.0,161.0,83.5,38.0,0.25,1.0,7.0,2.0,5.0,130.0,80.6,40.0,0.2,86.1,30.1,41.0,991.7,0.0,14.8,9.2,217.7,SW,14.28,12.1,14.75,day
491585,2017-07-24,2017,MIN,2017-07-24 19:10:00,19,6,4,10,4,16,5,20,261,84.9,8,51,0.1569,0.2,3.0,9.0,0.0,11.0,114.0,82.7,39.0,0.2727,1.0,7.0,5.0,9.0,147.0,87.5,34.0,0.1111,74.5,23.6,63.7,992.1,0.0,9.2,5.7,223.3,SW,8.63,6.99,9.23,night
491600,2017-07-25,2017,MIN,2017-07-25 19:10:00,19,6,2,8,0,15,4,16,277,85.9,1,51,0.0196,0.0,0.0,7.0,1.0,11.0,138.0,85.5,42.0,0.0,0.0,8.0,3.0,5.0,139.0,86.3,43.0,0.0,69.9,21.1,73.3,995.0,0.0,11.7,7.3,226.7,SW,10.67,8.39,11.67,night
491615,2017-07-26,2017,MIN,2017-07-26 19:10:00,19,6,5,11,2,16,3,18,291,82.2,3,56,0.0536,0.1111,2.0,8.0,2.0,11.0,156.0,81.5,46.0,0.1818,0.0,8.0,1.0,7.0,135.0,83.1,39.0,0.0,70.9,21.6,71.0,994.5,0.0,11.2,7.0,215.7,SW,10.91,9.38,11.12,night
491640,2017-07-28,2017,SF,2017-07-28 19:10:00,19,6,4,10,3,18,5,14,251,84.3,3,45,0.0667,0.2143,2.0,8.0,5.0,6.0,129.0,87.8,28.0,0.3333,1.0,10.0,0.0,8.0,122.0,81.2,31.0,0.125,69.9,21.1,70.3,993.9,0.0,10.4,6.5,198.3,S,10.41,10.04,9.52,night
491655,2017-07-29,2017,SF,2017-07-29 13:05:00,13,2,1,3,1,10,7,12,249,80.2,2,48,0.0417,0.0833,0.0,5.0,3.0,8.0,115.0,81.1,33.0,0.0,1.0,5.0,3.0,4.0,134.0,79.4,38.0,0.25,84.4,29.1,44.3,995.6,0.0,15.9,9.9,225.0,SW,14.72,11.75,15.92,day
491670,2017-07-30,2017,SF,2017-07-30 17:05:00,17,3,2,5,1,17,10,21,329,84.1,0,62,0.0,0.0476,0.0,8.0,4.0,11.0,184.0,85.3,48.0,0.0,1.0,9.0,2.0,10.0,145.0,82.8,40.0,0.1,75.6,24.2,63.0,995.5,0.0,14.8,9.2,226.0,SW,13.6,10.76,14.81,night
491831,2017-08-11,2017,SD,2017-08-11 19:10:00,19,3,4,7,3,21,8,15,289,84.6,3,45,0.0667,0.2,0.0,9.0,4.0,8.0,140.0,83.6,30.0,0.0,3.0,12.0,3.0,7.0,149.0,85.5,34.0,0.4286,71.1,21.7,69.7,990.0,0.0,9.9,6.2,209.4,SW,9.86,8.86,9.67,night
491846,2017-08-12,2017,SD,2017-08-12 18:10:00,18,6,3,9,3,16,9,18,326,81.5,4,53,0.0755,0.1667,2.0,6.0,6.0,8.0,158.0,85.8,35.0,0.25,1.0,10.0,3.0,10.0,168.0,78.4,48.0,0.1,73.4,23.0,61.3,991.5,0.0,12.3,7.6,221.0,SW,11.66,9.62,12.3,night
491861,2017-08-13,2017,SD,2017-08-13 13:10:00,13,6,4,10,5,14,2,10,248,81.0,4,49,0.0816,0.5,3.0,2.0,1.0,5.0,106.0,85.4,36.0,0.6,2.0,12.0,1.0,5.0,142.0,77.0,40.0,0.4,86.1,30.0,39.3,993.1,0.0,14.0,8.7,216.7,SW,13.6,11.61,13.96,day
491875,2017-08-15,2017,CWS,2017-08-15 19:10:00,19,6,1,7,1,14,7,15,271,80.1,1,51,0.0196,0.0667,0.0,7.0,6.0,9.0,158.0,80.6,41.0,0.0,1.0,7.0,1.0,6.0,113.0,79.6,36.0,0.1667,68.6,20.3,70.0,992.4,0.0,9.3,5.8,199.7,S,9.29,8.89,8.57,night
491891,2017-08-16,2017,CWS,2017-08-16 19:10:00,19,5,4,9,5,8,5,21,260,85.0,3,58,0.0517,0.2381,1.0,4.0,4.0,9.0,133.0,85.8,37.0,0.1111,4.0,4.0,1.0,12.0,127.0,84.3,43.0,0.3333,67.6,19.8,69.7,994.0,0.0,9.7,6.0,244.3,SW,7.23,4.58,9.0,night
492014,2017-08-25,2017,MIL,2017-08-25 19:10:00,19,3,1,4,3,21,7,9,274,80.0,2,38,0.0526,0.3333,2.0,10.0,4.0,8.0,157.0,79.6,42.0,0.25,1.0,11.0,3.0,1.0,117.0,80.6,27.0,1.0,69.1,20.6,77.0,990.4,0.0,8.8,5.5,233.3,SW,7.56,5.56,8.64,night
492029,2017-08-26,2017,MIL,2017-08-26 18:10:00,18,0,3,3,1,26,2,11,286,83.0,1,39,0.0256,0.0909,0.0,12.0,0.0,5.0,139.0,83.7,27.0,0.0,1.0,14.0,2.0,6.0,147.0,82.4,34.0,0.1667,75.2,24.0,66.3,992.4,0.0,11.4,7.1,226.0,SW,10.45,8.27,11.38,night
492044,2017-08-27,2017,MIL,2017-08-27 13:10:00,13,2,3,5,1,23,7,12,302,78.9,1,39,0.0256,0.0833,0.0,9.0,3.0,4.0,144.0,79.4,34.0,0.0,1.0,14.0,4.0,8.0,158.0,78.5,36.0,0.125,87.6,30.9,38.7,992.7,0.0,15.0,9.3,230.7,SW,13.19,9.98,14.82,day
492148,2017-09-04,2017,AZ,2017-09-04 17:10:00,17,0,13,13,6,27,3,17,295,81.6,6,43,0.1395,0.3529,0.0,16.0,1.0,3.0,130.0,78.7,34.0,0.0,6.0,11.0,2.0,14.0,165.0,84.1,39.0,0.4286,77.1,25.0,67.3,993.4,0.0,9.7,6.0,161.3,S,7.3,9.04,4.68,night
492163,2017-09-05,2017,AZ,2017-09-05 19:10:00,19,1,3,4,1,19,10,10,324,81.4,1,48,0.0208,0.1,1.0,8.0,1.0,6.0,142.0,83.7,40.0,0.1667,0.0,11.0,8.0,4.0,182.0,78.8,34.0,0.0,73.0,22.8,76.0,993.8,0.0,8.9,5.5,227.3,SW,8.05,6.29,8.84,night
492178,2017-09-06,2017,AZ,2017-09-06 19:10:00,19,1,3,4,0,18,7,12,304,81.1,2,47,0.0426,0.0,0.0,7.0,3.0,4.0,139.0,85.5,35.0,0.0,0.0,11.0,3.0,8.0,165.0,77.9,48.0,0.0,70.0,21.1,77.7,993.4,0.0,6.9,4.3,185.9,S,6.61,6.89,5.54,night
492196,2017-09-07,2017,COL,2017-09-07 19:10:00,19,1,9,10,2,20,9,22,346,82.5,3,54,0.0556,0.0909,0.0,8.0,3.0,6.0,164.0,80.1,42.0,0.0,2.0,12.0,5.0,16.0,182.0,84.5,51.0,0.125,72.3,22.4,71.3,990.3,0.0,8.2,5.1,186.0,S,7.86,8.18,6.59,night
492203,2017-09-08,2017,COL,2017-09-08 19:10:00,19,4,5,9,2,21,10,13,341,78.7,1,46,0.0217,0.1538,1.0,7.0,5.0,7.0,176.0,78.3,49.0,0.1429,1.0,14.0,3.0,6.0,165.0,79.3,39.0,0.1667,68.8,20.5,78.7,992.0,0.0,10.0,6.2,199.4,S,9.95,9.54,9.17,night
492218,2017-09-09,2017,COL,2017-09-09 18:10:00,18,5,6,11,3,18,4,19,331,81.3,4,57,0.0702,0.1579,2.0,10.0,1.0,8.0,170.0,82.2,43.0,0.25,1.0,8.0,1.0,11.0,161.0,80.4,47.0,0.0909,72.0,22.2,63.7,993.6,0.0,12.3,7.7,241.7,SW,9.56,6.32,11.65,night
492233,2017-09-10,2017,COL,2017-09-10 13:10:00,13,1,8,9,4,22,7,19,310,83.6,5,49,0.102,0.2105,1.0,12.0,3.0,8.0,138.0,83.3,34.0,0.125,3.0,10.0,4.0,11.0,172.0,83.8,45.0,0.2727,88.5,31.4,32.7,992.5,0.0,14.3,8.9,227.7,SW,12.94,10.08,14.24,day
492399,2017-09-22,2017,SF,2017-09-22 19:10:00,19,4,2,6,2,21,5,13,299,82.7,2,42,0.0476,0.1538,1.0,8.0,3.0,5.0,151.0,85.2,30.0,0.2,1.0,13.0,2.0,8.0,148.0,80.6,38.0,0.125,65.3,18.5,54.7,989.9,0.0,9.1,5.6,255.3,W,5.48,2.68,7.62,night
492414,2017-09-23,2017,SF,2017-09-23 18:10:00,18,1,2,3,1,10,3,15,256,81.1,1,56,0.0179,0.0667,1.0,5.0,1.0,6.0,122.0,83.4,35.0,0.1667,0.0,5.0,2.0,9.0,134.0,79.4,48.0,0.0,65.3,18.5,61.3,990.9,0.0,11.0,6.8,276.6,W,3.0,-0.78,6.43,night
492429,2017-09-24,2017,SF,2017-09-24 13:10:00,13,3,1,4,2,10,3,15,251,81.6,1,51,0.0196,0.1333,1.0,2.0,3.0,7.0,150.0,81.8,42.0,0.1429,1.0,8.0,0.0,8.0,101.0,81.3,35.0,0.125,83.7,28.7,17.3,991.5,0.0,10.2,6.3,235.7,SW,8.51,6.09,9.9,day
492439,2017-09-25,2017,SD,2017-09-25 19:10:00,19,9,3,12,2,20,6,16,311,80.8,3,45,0.0667,0.125,2.0,7.0,6.0,10.0,181.0,81.9,57.0,0.2,0.0,13.0,0.0,6.0,130.0,78.9,33.0,0.0,73.9,23.3,22.0,989.1,0.0,3.6,2.2,297.3,NW,-0.3,-1.51,0.94,night
492453,2017-09-26,2017,SD,2017-09-26 19:10:00,19,9,2,11,5,13,10,20,302,83.8,4,58,0.069,0.25,3.0,9.0,8.0,11.0,176.0,83.1,45.0,0.2727,2.0,4.0,0.0,9.0,126.0,84.5,46.0,0.2222,71.8,22.1,50.3,989.4,0.0,4.1,2.6,217.1,SW,4.0,3.4,4.11,night
492468,2017-09-27,2017,SD,2017-09-27 19:10:00,19,10,0,10,3,23,6,15,271,83.4,4,43,0.093,0.2,3.0,9.0,3.0,12.0,144.0,86.1,37.0,0.25,0.0,14.0,3.0,3.0,127.0,80.1,30.0,0.0,70.9,21.6,60.3,991.8,0.0,5.5,3.4,197.3,S,5.51,5.35,5.01,night
529418,2018-03-29,2018,SF,2018-03-29 16:08:00,16,0,1,1,1,21,7,14,285,80.8,0,44,0.0,0.0714,0.0,10.0,5.0,6.0,154.0,81.9,39.0,0.0,1.0,11.0,2.0,8.0,131.0,79.8,38.0,0.125,68.7,20.4,52.0,995.8,0.0,12.3,7.6,234.7,SW,10.38,7.52,11.99,day
529429,2018-03-30,2018,SF,2018-03-30 19:10:00,19,0,1,1,1,13,0,3,226,80.7,2,46,0.0435,0.3333,0.0,8.0,0.0,1.0,124.0,77.5,30.0,0.0,1.0,5.0,0.0,2.0,102.0,83.6,34.0,0.5,56.7,13.7,88.7,996.4,0.0,5.7,3.5,185.1,S,5.44,5.69,4.53,night
529442,2018-03-31,2018,SF,2018-03-31 18:10:00,18,5,0,5,0,16,6,13,258,82.1,1,46,0.0217,0.0,0.0,5.0,3.0,4.0,112.0,84.9,32.0,0.0,0.0,11.0,3.0,9.0,146.0,80.0,44.0,0.0,58.0,14.4,83.3,995.5,0.0,9.7,6.0,220.3,SW,9.23,7.66,9.69,night
529454,2018-04-01,2018,SF,2018-04-01 17:37:00,17,9,0,9,1,14,3,19,265,85.8,5,54,0.0926,0.0526,1.0,7.0,0.0,13.0,135.0,85.6,42.0,0.0769,0.0,7.0,2.0,6.0,130.0,85.9,40.0,0.0,61.6,16.4,65.3,992.0,0.0,9.7,6.0,192.3,S,9.55,9.56,8.39,night
529569,2018-04-10,2018,ATH,2018-04-10 19:10:00,19,4,0,4,3,20,4,16,297,85.1,3,45,0.0667,0.1875,3.0,9.0,2.0,11.0,145.0,87.3,38.0,0.2727,0.0,11.0,2.0,5.0,152.0,82.8,38.0,0.0,68.5,20.3,40.3,995.0,0.0,9.5,5.9,224.0,SW,8.81,7.09,9.46,night
529583,2018-04-11,2018,ATH,2018-04-11 19:10:00,19,6,16,22,5,14,1,33,369,84.8,4,75,0.0533,0.1515,2.0,5.0,0.0,12.0,161.0,84.1,48.0,0.1667,3.0,9.0,1.0,21.0,208.0,85.4,63.0,0.1429,60.5,15.8,66.3,993.6,0.0,7.9,4.9,175.2,S,6.99,7.8,5.34,night
529597,2018-04-13,2018,AZ,2018-04-13 19:10:00,19,7,8,15,4,22,6,21,322,83.5,3,52,0.0577,0.1905,2.0,8.0,3.0,11.0,146.0,84.4,42.0,0.1818,2.0,14.0,3.0,10.0,176.0,82.6,45.0,0.2,66.0,18.9,26.0,1001.7,0.0,7.6,4.7,301.8,NW,-1.23,-3.73,1.42,night
529612,2018-04-14,2018,AZ,2018-04-14 18:10:00,18,1,9,10,4,12,4,18,313,84.2,5,58,0.0862,0.2222,0.0,5.0,2.0,8.0,164.0,83.5,43.0,0.0,4.0,7.0,2.0,10.0,149.0,84.9,43.0,0.4,72.0,22.2,16.3,998.9,0.0,10.4,6.5,233.0,SW,8.99,6.64,10.26,night
529627,2018-04-15,2018,AZ,2018-04-15 13:10:00,13,7,2,9,2,27,8,12,297,80.3,4,38,0.1053,0.1667,1.0,13.0,7.0,8.0,164.0,80.7,35.0,0.125,1.0,14.0,1.0,4.0,133.0,79.9,34.0,0.25,74.2,23.4,23.3,995.5,0.0,10.1,6.3,201.3,S,10.06,9.53,9.39,day
529705,2018-04-20,2018,WSH,2018-04-20 19:10:00,19,2,5,7,0,18,7,16,278,82.3,4,50,0.08,0.0,0.0,12.0,4.0,6.0,151.0,85.2,35.0,0.0,0.0,6.0,3.0,10.0,127.0,80.1,47.0,0.0,57.7,14.3,68.0,998.8,0.0,6.8,4.2,207.9,SW,6.77,6.14,6.58,night
529720,2018-04-21,2018,WSH,2018-04-21 18:10:00,18,4,0,4,3,21,7,9,247,84.4,3,37,0.0811,0.3333,3.0,10.0,2.0,7.0,130.0,86.1,34.0,0.4286,0.0,11.0,4.0,2.0,117.0,81.6,20.0,0.0,67.8,19.9,47.3,994.8,0.0,6.2,3.9,213.9,SW,6.08,5.29,6.13,night
529735,2018-04-22,2018,WSH,2018-04-22 17:05:00,17,4,3,7,1,17,7,14,291,84.7,2,45,0.0444,0.0714,0.0,8.0,4.0,5.0,138.0,83.9,37.0,0.0,1.0,9.0,2.0,9.0,153.0,85.5,35.0,0.1111,72.6,22.6,38.3,992.6,0.0,12.7,7.9,229.7,SW,11.27,8.61,12.57,night
529739,2018-04-23,2018,MIA,2018-04-23 19:10:00,19,2,1,3,1,19,7,12,283,83.0,2,43,0.0465,0.0833,1.0,11.0,2.0,6.0,134.0,83.1,36.0,0.1667,0.0,8.0,5.0,6.0,149.0,82.9,37.0,0.0,58.8,14.9,79.0,995.2,0.0,9.3,5.8,218.3,SW,8.95,7.55,9.27,night
529751,2018-04-24,2018,MIA,2018-04-24 19:10:00,19,2,3,5,1,19,6,13,300,81.7,2,48,0.0417,0.0769,0.0,7.0,5.0,5.0,162.0,81.2,57.0,0.0,1.0,12.0,1.0,8.0,138.0,82.5,35.0,0.125,59.2,15.1,73.0,995.8,0.0,8.8,5.5,217.0,SW,8.55,7.28,8.79,night
529766,2018-04-25,2018,MIA,2018-04-25 16:35:00,16,6,8,14,5,27,11,20,390,83.2,5,49,0.102,0.25,2.0,12.0,4.0,9.0,191.0,86.0,44.0,0.2222,3.0,15.0,7.0,11.0,199.0,79.9,37.0,0.2727,69.4,20.8,42.3,996.6,0.0,14.9,9.3,236.7,SW,12.36,8.74,14.48,day
529933,2018-05-08,2018,AZ,2018-05-08 19:10:00,19,5,8,13,6,22,12,21,411,84.3,9,68,0.1324,0.2857,2.0,11.0,6.0,9.0,215.0,83.9,47.0,0.2222,4.0,11.0,5.0,12.0,196.0,84.8,51.0,0.3333,63.1,17.3,65.0,994.3,0.0,8.9,5.5,224.0,SW,8.28,6.67,8.9,night
529948,2018-05-09,2018,AZ,2018-05-09 19:10:00,19,6,3,9,1,17,11,16,332,83.5,4,48,0.0833,0.0625,0.0,10.0,6.0,8.0,175.0,83.7,37.0,0.0,1.0,7.0,5.0,8.0,157.0,83.3,40.0,0.125,64.4,18.0,70.3,991.9,0.0,7.4,4.6,203.1,SW,7.37,6.89,6.95,night
529964,2018-05-10,2018,CIN,2018-05-10 19:10:00,19,1,4,5,1,16,4,13,300,82.0,1,53,0.0189,0.0769,0.0,7.0,4.0,4.0,161.0,79.2,45.0,0.0,1.0,9.0,0.0,9.0,139.0,84.5,49.0,0.1111,63.9,17.7,67.0,990.1,0.0,8.8,5.4,196.0,S,8.71,8.52,7.85,night
529975,2018-05-11,2018,CIN,2018-05-11 19:10:00,19,2,6,8,2,16,6,15,317,83.0,3,53,0.0566,0.1333,1.0,9.0,1.0,5.0,143.0,85.5,37.0,0.2,1.0,7.0,5.0,10.0,174.0,81.2,50.0,0.1,60.4,15.8,69.7,990.3,0.2,16.2,10.0,138.0,SE,6.96,11.53,1.55,night
529990,2018-05-12,2018,CIN,2018-05-12 18:10:00,18,3,5,8,2,17,3,25,302,82.3,1,62,0.0161,0.08,1.0,7.0,2.0,12.0,140.0,83.8,41.0,0.0833,1.0,10.0,0.0,13.0,162.0,81.1,56.0,0.0769,62.0,16.7,65.3,994.6,0.0,10.1,6.3,230.0,SW,8.93,6.8,9.98,night
530005,2018-05-13,2018,CIN,2018-05-13 13:10:00,13,3,5,8,4,19,6,14,298,81.1,4,50,0.08,0.2857,2.0,12.0,0.0,5.0,150.0,84.6,31.0,0.4,2.0,7.0,5.0,9.0,148.0,78.4,41.0,0.2222,67.6,19.8,49.7,996.7,0.0,4.4,2.7,287.8,W,0.36,-1.16,1.84,day
530110,2018-05-21,2018,COL,2018-05-21 19:10:00,19,1,2,3,2,14,5,6,245,84.2,3,45,0.0667,0.3333,1.0,7.0,3.0,3.0,117.0,86.0,33.0,0.3333,1.0,7.0,2.0,3.0,128.0,82.7,39.0,0.3333,60.7,15.9,69.7,991.6,0.0,4.6,2.9,226.3,SW,4.21,3.32,4.59,night
530121,2018-05-22,2018,COL,2018-05-22 19:10:00,19,5,3,8,3,13,5,13,274,85.7,3,51,0.0588,0.2308,2.0,6.0,3.0,6.0,130.0,84.8,30.0,0.3333,1.0,7.0,1.0,7.0,144.0,86.5,41.0,0.1429,61.6,16.4,66.7,992.8,0.0,11.1,6.9,244.7,SW,8.25,5.2,10.31,night
530136,2018-05-23,2018,COL,2018-05-23 19:10:00,19,3,0,3,0,18,7,10,248,80.7,1,39,0.0256,0.0,0.0,3.0,2.0,6.0,112.0,81.8,37.0,0.0,0.0,15.0,4.0,4.0,136.0,79.5,36.0,0.0,60.3,15.7,75.7,995.0,0.0,12.9,8.0,244.7,SW,9.56,6.02,11.95,night
530164,2018-05-25,2018,SD,2018-05-25 19:10:00,19,4,1,5,2,20,3,11,254,82.6,2,40,0.05,0.1818,2.0,5.0,3.0,5.0,121.0,86.2,32.0,0.4,0.0,15.0,0.0,6.0,133.0,79.4,35.0,0.0,61.9,16.6,69.0,997.5,0.0,14.0,8.7,257.3,W,8.05,3.66,11.46,night
530179,2018-05-26,2018,SD,2018-05-26 19:10:00,19,5,7,12,6,17,9,18,308,84.9,6,53,0.1132,0.3333,2.0,8.0,5.0,8.0,162.0,84.6,42.0,0.25,4.0,9.0,3.0,10.0,146.0,85.3,40.0,0.4,63.3,17.4,61.0,994.9,0.0,7.8,4.8,239.3,SW,6.22,4.25,7.43,night
530194,2018-05-27,2018,SD,2018-05-27 13:10:00,13,6,1,7,2,15,2,16,238,82.3,3,50,0.06,0.125,2.0,5.0,2.0,10.0,111.0,81.4,36.0,0.2,0.0,10.0,0.0,6.0,127.0,83.1,40.0,0.0,74.8,23.8,43.7,993.3,0.0,15.3,9.5,220.7,SW,14.57,12.05,15.33,day
530207,2018-05-28,2018,PHI,2018-05-28 17:10:00,17,5,4,9,1,21,4,14,301,80.6,0,44,0.0,0.0714,0.0,11.0,2.0,7.0,148.0,82.2,30.0,0.0,1.0,10.0,2.0,7.0,153.0,79.4,40.0,0.1429,69.1,20.6,58.7,991.3,0.0,15.5,9.7,229.0,SW,13.9,10.69,15.43,night
530222,2018-05-29,2018,PHI,2018-05-29 19:10:00,19,1,6,7,1,17,7,21,309,81.7,2,55,0.0364,0.0476,0.0,7.0,2.0,9.0,136.0,83.0,40.0,0.0,1.0,10.0,4.0,12.0,173.0,80.6,47.0,0.0833,62.1,16.7,74.7,990.5,0.0,8.5,5.3,178.7,S,7.78,8.48,6.13,night
530237,2018-05-30,2018,PHI,2018-05-30 19:10:00,19,8,2,10,3,23,6,21,301,81.6,3,50,0.06,0.1429,2.0,10.0,3.0,13.0,152.0,84.6,39.0,0.1538,1.0,13.0,2.0,8.0,149.0,78.5,39.0,0.125,62.7,17.1,73.0,991.3,0.0,10.9,6.8,239.7,SW,8.69,5.91,10.41,night
530250,2018-05-31,2018,PHI,2018-05-31 16:35:00,16,1,2,3,0,21,2,8,252,84.6,0,40,0.0,0.0,0.0,9.0,1.0,2.0,134.0,86.1,39.0,0.0,0.0,12.0,1.0,6.0,118.0,82.9,33.0,0.0,68.2,20.1,55.3,993.5,0.0,15.6,9.7,228.0,SW,14.05,10.91,15.49,day
530344,2018-06-08,2018,ATL,2018-06-08 19:10:00,19,7,3,10,6,15,4,14,263,84.1,6,47,0.1277,0.4286,5.0,9.0,3.0,8.0,131.0,84.4,27.0,0.625,1.0,6.0,1.0,6.0,132.0,83.9,42.0,0.1667,70.6,21.4,49.0,992.1,0.0,8.8,5.5,212.7,SW,8.66,7.61,8.67,night
530359,2018-06-09,2018,ATL,2018-06-09 18:10:00,18,3,5,8,1,20,3,20,284,84.8,2,51,0.0392,0.05,1.0,10.0,3.0,6.0,140.0,83.5,30.0,0.1667,0.0,10.0,0.0,14.0,144.0,85.8,43.0,0.0,71.3,21.8,52.3,991.3,0.0,12.3,7.7,215.4,SW,12.02,10.36,12.24,night
530374,2018-06-10,2018,ATL,2018-06-10 13:10:00,13,7,2,9,5,15,4,17,259,80.9,3,52,0.0577,0.2941,3.0,8.0,4.0,10.0,132.0,83.9,39.0,0.3,2.0,7.0,0.0,7.0,127.0,78.4,48.0,0.2857,80.6,27.0,33.3,991.5,0.0,18.1,11.3,238.2,SW,14.72,10.21,17.45,day
530408,2018-06-12,2018,TEX,2018-06-12 19:10:00,19,12,5,17,4,14,8,24,321,85.5,6,59,0.1017,0.1667,3.0,9.0,2.0,16.0,173.0,85.2,44.0,0.1875,1.0,5.0,5.0,8.0,148.0,85.9,41.0,0.125,68.9,20.5,66.0,989.4,0.0,10.8,6.7,235.3,SW,9.07,6.52,10.53,night
530423,2018-06-13,2018,TEX,2018-06-13 19:10:00,19,3,2,5,1,21,15,14,360,80.5,5,53,0.0943,0.0714,1.0,13.0,8.0,6.0,180.0,82.3,37.0,0.1667,0.0,8.0,5.0,8.0,180.0,79.1,47.0,0.0,69.3,20.7,62.7,989.2,0.0,11.1,6.9,224.3,SW,10.27,8.25,11.06,night
530447,2018-06-15,2018,SF,2018-06-15 19:10:00,19,3,2,5,3,17,3,10,271,86.9,5,45,0.1111,0.3,2.0,9.0,3.0,6.0,153.0,88.0,38.0,0.3333,1.0,8.0,0.0,4.0,118.0,85.4,31.0,0.25,65.1,18.4,68.7,987.5,0.0,12.4,7.7,223.8,SW,11.59,9.34,12.43,night
530462,2018-06-16,2018,SF,2018-06-16 17:15:00,17,3,1,4,2,12,8,10,269,83.8,2,48,0.0417,0.2,2.0,6.0,3.0,6.0,135.0,82.9,37.0,0.3333,0.0,6.0,4.0,4.0,134.0,84.8,34.0,0.0,64.6,18.1,61.0,990.9,0.0,18.5,11.5,152.7,SE,11.93,16.05,6.38,night
530477,2018-06-17,2018,SF,2018-06-17 13:10:00,13,1,4,5,2,19,6,7,296,81.6,2,42,0.0476,0.2857,0.0,8.0,1.0,4.0,137.0,84.5,38.0,0.0,2.0,11.0,4.0,3.0,159.0,78.9,41.0,0.6667,66.6,19.2,53.3,995.1,0.2,8.6,5.4,202.0,S,8.63,8.14,8.09,day
530574,2018-06-25,2018,CHC,2018-06-25 19:10:00,19,2,1,3,2,13,4,12,228,84.2,2,46,0.0435,0.1667,2.0,4.0,3.0,5.0,118.0,84.4,39.0,0.4,0.0,9.0,1.0,7.0,110.0,84.0,31.0,0.0,66.1,19.0,72.7,993.3,0.0,11.9,7.4,223.3,SW,11.12,9.0,11.9,night
530585,2018-06-26,2018,CHC,2018-06-26 19:10:00,19,4,9,13,2,20,8,21,337,84.0,3,54,0.0556,0.0952,0.0,11.0,3.0,6.0,159.0,81.8,35.0,0.0,2.0,9.0,5.0,15.0,178.0,85.8,46.0,0.1333,66.6,19.2,70.0,993.3,0.0,10.3,6.4,217.0,SW,9.97,8.49,10.25,night
530600,2018-06-27,2018,CHC,2018-06-27 19:10:00,19,7,5,12,4,14,8,22,305,81.1,5,58,0.0862,0.1818,3.0,6.0,6.0,12.0,185.0,79.0,42.0,0.25,1.0,8.0,1.0,10.0,120.0,83.5,39.0,0.1,69.0,20.5,63.3,992.9,0.0,9.2,5.7,221.0,SW,8.72,7.2,9.2,night
530614,2018-06-28,2018,CHC,2018-06-28 12:10:00,12,5,11,16,4,16,6,24,296,87.2,7,61,0.1148,0.1667,2.0,5.0,5.0,9.0,141.0,86.4,38.0,0.2222,2.0,11.0,1.0,15.0,155.0,88.1,39.0,0.1333,79.9,26.6,41.7,993.1,0.0,12.9,8.0,190.1,S,12.6,12.79,10.89,day
530627,2018-06-29,2018,COL,2018-06-29 19:10:00,19,1,3,4,4,22,1,14,261,83.3,4,42,0.0952,0.2857,1.0,10.0,1.0,5.0,111.0,84.4,29.0,0.2,3.0,12.0,0.0,9.0,150.0,82.7,47.0,0.3333,67.3,19.6,70.3,992.6,0.0,10.4,6.4,199.0,S,10.35,9.94,9.51,night
530642,2018-06-30,2018,COL,2018-06-30 16:15:00,16,1,3,4,2,22,2,9,232,86.9,4,41,0.0976,0.2222,1.0,10.0,0.0,3.0,107.0,91.4,25.0,0.3333,1.0,12.0,2.0,6.0,125.0,84.2,41.0,0.1667,76.2,24.6,47.7,993.9,0.0,14.7,9.2,210.7,SW,14.58,12.99,14.42,day
530657,2018-07-01,2018,COL,2018-07-01 13:10:00,13,6,4,10,2,17,5,20,275,86.0,6,50,0.12,0.1,1.0,7.0,3.0,11.0,148.0,86.9,38.0,0.0909,1.0,10.0,2.0,9.0,127.0,85.1,36.0,0.1111,79.9,26.6,40.0,996.3,0.0,15.7,9.8,223.7,SW,14.64,11.82,15.7,day
530674,2018-07-02,2018,PIT,2018-07-02 19:10:00,19,17,1,18,5,11,6,30,330,86.0,6,68,0.0882,0.1667,4.0,7.0,6.0,21.0,186.0,89.4,51.0,0.1905,1.0,4.0,0.0,9.0,144.0,82.9,53.0,0.1111,66.3,19.1,66.3,992.2,0.0,10.8,6.7,237.0,SW,8.93,6.29,10.49,night
530688,2018-07-03,2018,PIT,2018-07-03 19:10:00,19,8,3,11,7,19,4,16,272,84.8,8,45,0.1778,0.4375,6.0,10.0,4.0,11.0,153.0,85.0,35.0,0.5455,1.0,9.0,0.0,5.0,119.0,84.6,26.0,0.2,67.4,19.7,68.7,993.2,0.0,12.6,7.8,228.7,SW,11.31,8.73,12.53,night
530703,2018-07-04,2018,PIT,2018-07-04 17:10:00,17,6,4,10,1,15,8,18,285,84.2,0,51,0.0,0.0556,0.0,4.0,6.0,9.0,144.0,83.5,44.0,0.0,1.0,11.0,2.0,9.0,141.0,85.0,38.0,0.1111,75.2,24.0,50.7,995.5,0.0,14.9,9.2,225.3,SW,13.7,10.9,14.85,night
530816,2018-07-13,2018,LAA,2018-07-13 19:10:00,19,3,2,5,3,17,7,17,291,85.2,5,49,0.102,0.1765,1.0,8.0,4.0,9.0,155.0,86.4,40.0,0.1111,2.0,9.0,2.0,8.0,136.0,84.0,41.0,0.25,72.7,22.6,67.7,995.5,0.0,11.7,7.3,210.3,SW,11.62,10.38,11.47,night
530831,2018-07-14,2018,LAA,2018-07-14 16:15:00,16,4,5,9,3,22,8,19,339,84.9,6,57,0.1053,0.1579,1.0,11.0,3.0,10.0,171.0,86.1,37.0,0.1,2.0,11.0,4.0,9.0,168.0,83.9,49.0,0.2222,82.3,27.9,46.0,993.0,0.0,17.3,10.8,231.3,SW,15.18,11.41,17.13,day
530846,2018-07-15,2018,LAA,2018-07-15 13:10:00,13,5,3,8,3,18,6,16,280,82.9,1,45,0.0222,0.1875,2.0,6.0,2.0,10.0,138.0,80.8,43.0,0.2,1.0,12.0,4.0,6.0,142.0,85.7,31.0,0.1667,88.6,31.5,36.7,994.0,0.0,14.6,9.1,184.0,S,13.88,14.63,11.45,day
531005,2018-07-30,2018,MIL,2018-07-30 19:10:00,19,2,5,7,2,22,10,15,356,81.5,4,47,0.0851,0.1333,1.0,13.0,7.0,5.0,200.0,79.5,46.0,0.2,1.0,9.0,3.0,10.0,156.0,83.7,42.0,0.1,75.5,24.2,52.0,992.8,0.0,9.2,5.7,218.0,SW,8.9,7.52,9.2,night
531019,2018-07-31,2018,MIL,2018-07-31 19:10:00,19,0,1,1,0,17,2,8,250,82.0,2,43,0.0465,0.0,0.0,7.0,2.0,2.0,117.0,84.5,30.0,0.0,0.0,10.0,0.0,6.0,133.0,80.2,42.0,0.0,75.0,23.9,56.3,993.5,0.0,12.0,7.5,233.3,SW,10.33,7.6,11.82,night
531034,2018-08-01,2018,MIL,2018-08-01 19:10:00,19,6,4,10,3,15,9,20,317,83.1,4,59,0.0678,0.15,3.0,8.0,3.0,10.0,154.0,84.0,45.0,0.3,0.0,7.0,4.0,10.0,163.0,82.2,47.0,0.0,75.6,24.2,52.3,992.3,0.0,10.8,6.7,220.9,SW,10.25,8.46,10.8,night
531044,2018-08-02,2018,MIL,2018-08-02 18:00:00,18,21,5,26,9,17,9,27,374,84.5,10,61,0.1639,0.3333,7.0,7.0,6.0,18.0,213.0,87.3,50.0,0.3889,2.0,10.0,3.0,9.0,161.0,81.8,54.0,0.2222,77.6,25.3,54.0,991.7,0.0,12.2,7.6,223.4,SW,11.4,9.22,12.2,night
531055,2018-08-03,2018,HOU,2018-08-03 19:10:00,19,1,2,3,1,21,4,8,269,81.4,0,40,0.0,0.125,1.0,16.0,1.0,4.0,127.0,81.8,27.0,0.25,0.0,5.0,3.0,4.0,142.0,81.2,36.0,0.0,78.3,25.7,52.3,991.4,0.0,10.4,6.4,210.6,SW,10.26,9.14,10.15,night
531070,2018-08-04,2018,HOU,2018-08-04 18:10:00,18,0,14,14,3,19,11,16,331,84.4,4,48,0.0833,0.1875,0.0,12.0,6.0,3.0,153.0,82.7,30.0,0.0,3.0,7.0,3.0,13.0,178.0,85.4,46.0,0.2308,78.0,25.5,53.7,990.0,0.0,12.5,7.8,222.7,SW,11.76,9.58,12.53,night
531085,2018-08-05,2018,HOU,2018-08-05 13:10:00,13,3,2,5,2,24,4,12,275,83.8,2,36,0.0556,0.1667,0.0,13.0,1.0,7.0,141.0,85.7,34.0,0.0,2.0,11.0,3.0,5.0,134.0,81.5,28.0,0.4,92.3,33.5,29.0,991.3,0.0,15.8,9.8,232.7,SW,13.65,10.11,15.55,day
531191,2018-08-13,2018,SF,2018-08-13 19:10:00,19,2,5,7,1,17,3,16,291,83.1,1,52,0.0192,0.0625,1.0,7.0,3.0,8.0,150.0,83.2,43.0,0.125,0.0,10.0,0.0,8.0,141.0,83.0,38.0,0.0,71.2,21.8,64.3,993.0,0.0,9.6,6.0,230.7,SW,8.46,6.4,9.5,night
531205,2018-08-14,2018,SF,2018-08-14 19:10:00,19,1,2,3,0,17,5,12,294,84.5,3,47,0.0638,0.0,0.0,8.0,3.0,5.0,147.0,84.6,36.0,0.0,0.0,9.0,2.0,7.0,147.0,84.4,40.0,0.0,71.8,22.1,63.7,991.1,0.0,10.8,6.7,213.4,SW,10.64,9.3,10.7,night
531220,2018-08-15,2018,SF,2018-08-15 19:10:00,19,4,3,7,1,24,12,20,385,83.3,1,63,0.0159,0.05,0.0,13.0,6.0,14.0,217.0,84.5,59.0,0.0,1.0,11.0,1.0,6.0,168.0,81.7,48.0,0.1667,74.1,23.4,67.7,993.0,0.0,9.3,5.8,193.0,S,9.21,9.18,8.13,night
531286,2018-08-20,2018,STL,2018-08-20 19:10:00,19,3,5,8,3,25,14,17,357,83.6,3,45,0.0667,0.1765,0.0,12.0,9.0,7.0,190.0,80.3,44.0,0.0,3.0,13.0,3.0,10.0,167.0,87.4,37.0,0.3,74.8,23.8,69.7,993.0,0.0,9.4,5.8,208.7,SW,9.35,8.44,9.13,night
531301,2018-08-21,2018,STL,2018-08-21 19:10:00,19,2,5,7,3,21,6,16,309,83.3,2,48,0.0417,0.1875,1.0,10.0,4.0,9.0,166.0,81.3,52.0,0.1111,2.0,11.0,1.0,7.0,143.0,86.8,31.0,0.2857,72.0,22.2,74.3,994.0,0.0,12.1,7.5,228.0,SW,10.95,8.5,12.08,night
531316,2018-08-22,2018,STL,2018-08-22 19:10:00,19,1,3,4,3,23,5,9,297,80.8,1,40,0.025,0.3333,1.0,13.0,3.0,2.0,154.0,83.4,32.0,0.5,2.0,10.0,2.0,7.0,143.0,78.8,40.0,0.2857,72.4,22.5,63.7,995.0,0.0,10.3,6.4,228.7,SW,9.27,7.16,10.27,night
531337,2018-08-24,2018,SD,2018-08-24 19:10:00,19,11,1,12,3,25,8,17,304,83.6,4,42,0.0952,0.1765,3.0,12.0,6.0,13.0,161.0,84.2,42.0,0.2308,0.0,13.0,2.0,4.0,143.0,82.7,33.0,0.0,70.2,21.2,66.3,992.3,0.0,10.0,6.2,213.7,SW,9.81,8.55,9.88,night
531352,2018-08-25,2018,SD,2018-08-25 18:10:00,18,5,4,9,4,26,3,22,328,82.8,5,63,0.0794,0.1818,2.0,11.0,3.0,11.0,165.0,83.5,46.0,0.1818,2.0,15.0,0.0,11.0,163.0,82.1,46.0,0.1818,72.0,22.2,63.0,993.2,0.0,12.7,7.9,232.7,SW,10.95,8.11,12.47,night
531367,2018-08-26,2018,SD,2018-08-26 13:10:00,13,7,3,10,3,20,6,26,304,84.9,4,55,0.0727,0.1154,1.0,8.0,5.0,11.0,175.0,86.4,47.0,0.0909,2.0,12.0,1.0,15.0,129.0,83.1,41.0,0.1333,81.0,27.2,48.7,995.4,0.0,15.0,9.3,223.7,SW,14.02,11.32,15.03,day
531408,2018-08-30,2018,AZ,2018-08-30 19:10:00,19,1,3,4,2,27,2,18,302,82.6,1,42,0.0238,0.1111,1.0,15.0,2.0,8.0,154.0,87.6,25.0,0.125,1.0,12.0,0.0,10.0,148.0,79.7,44.0,0.1,73.2,22.9,50.0,992.4,0.0,7.6,4.7,213.8,SW,7.45,6.5,7.51,night
531417,2018-08-31,2018,AZ,2018-08-31 19:10:00,19,3,2,5,3,13,1,12,230,82.2,3,49,0.0612,0.25,2.0,6.0,1.0,6.0,110.0,84.2,32.0,0.3333,1.0,7.0,0.0,6.0,120.0,80.2,32.0,0.1667,71.4,21.9,61.0,988.7,0.0,7.6,4.7,224.0,SW,7.07,5.69,7.6,night
531432,2018-09-01,2018,AZ,2018-09-01 18:10:00,18,3,2,5,3,19,2,11,277,85.1,4,45,0.0889,0.2727,1.0,13.0,2.0,6.0,157.0,86.6,39.0,0.1667,2.0,6.0,0.0,5.0,120.0,83.6,37.0,0.4,73.3,22.9,67.0,988.9,0.0,10.8,6.7,205.7,SW,10.78,9.93,10.34,night
531447,2018-09-02,2018,AZ,2018-09-02 13:10:00,13,3,2,5,2,21,11,10,299,82.5,3,40,0.075,0.2,1.0,9.0,5.0,5.0,147.0,81.9,37.0,0.2,1.0,12.0,5.0,5.0,152.0,83.1,33.0,0.2,82.5,28.0,44.7,990.9,0.0,10.9,6.8,206.0,SW,10.91,10.02,10.49,day
531470,2018-09-03,2018,NYM,2018-09-03 17:10:00,17,2,4,6,2,13,5,18,319,81.6,2,55,0.0364,0.1111,1.0,8.0,2.0,7.0,154.0,83.7,42.0,0.1429,1.0,5.0,3.0,11.0,165.0,79.9,50.0,0.0909,72.5,22.5,68.7,990.8,0.0,16.0,9.9,234.7,SW,13.52,9.79,15.61,night
531485,2018-09-04,2018,NYM,2018-09-04 19:10:00,19,11,4,15,4,19,5,24,323,82.1,6,56,0.1071,0.1667,2.0,7.0,3.0,13.0,170.0,83.6,47.0,0.1538,2.0,12.0,2.0,11.0,153.0,80.5,41.0,0.1818,65.8,18.8,80.0,992.4,0.0,11.2,6.9,238.0,SW,9.09,6.32,10.76,night
531500,2018-09-05,2018,NYM,2018-09-05 16:35:00,16,3,7,10,2,21,2,16,259,81.2,1,47,0.0213,0.125,2.0,10.0,2.0,3.0,126.0,85.7,33.0,0.6667,0.0,11.0,0.0,13.0,133.0,77.6,40.0,0.0,73.3,23.0,63.7,994.6,0.0,17.2,10.7,240.7,SW,13.5,9.06,16.31,day
531651,2018-09-17,2018,COL,2018-09-17 19:10:00,19,8,2,10,3,14,8,17,297,84.5,2,50,0.04,0.1765,3.0,8.0,6.0,11.0,163.0,85.8,43.0,0.2727,0.0,6.0,2.0,6.0,134.0,83.0,38.0,0.0,68.5,20.3,61.3,991.1,0.0,6.3,3.9,205.0,SW,6.29,5.82,6.01,night
531665,2018-09-18,2018,COL,2018-09-18 19:10:00,19,3,2,5,2,16,9,10,274,85.0,4,51,0.0784,0.2,1.0,7.0,4.0,6.0,143.0,84.8,39.0,0.1667,1.0,9.0,5.0,4.0,131.0,85.3,33.0,0.25,68.1,20.1,56.0,989.5,0.0,7.1,4.4,204.7,SW,7.06,6.54,6.73,night
531680,2018-09-19,2018,COL,2018-09-19 19:10:00,19,5,2,7,2,21,4,9,259,79.7,2,40,0.05,0.2222,2.0,5.0,3.0,5.0,127.0,82.9,36.0,0.4,0.0,16.0,1.0,4.0,132.0,76.5,37.0,0.0,67.5,19.7,66.7,987.0,0.0,7.4,4.6,214.3,SW,7.24,6.29,7.32,night
531709,2018-09-21,2018,SD,2018-09-21 19:10:00,19,3,5,8,3,19,9,17,340,81.7,4,53,0.0755,0.1765,1.0,10.0,4.0,9.0,178.0,82.3,47.0,0.1111,2.0,9.0,4.0,8.0,162.0,81.2,47.0,0.25,67.7,19.8,77.0,994.1,0.0,10.5,6.5,229.3,SW,9.37,7.18,10.43,night
531724,2018-09-22,2018,SD,2018-09-22 18:10:00,18,7,2,9,4,21,2,17,273,86.0,4,47,0.0851,0.2353,3.0,10.0,2.0,9.0,134.0,87.5,34.0,0.3333,1.0,11.0,0.0,8.0,139.0,84.7,41.0,0.125,72.9,22.7,48.3,991.2,0.0,8.7,5.4,188.3,S,8.47,8.69,7.22,night
531739,2018-09-23,2018,SD,2018-09-23 13:10:00,13,14,0,14,3,24,4,21,307,84.8,5,49,0.102,0.1429,3.0,11.0,4.0,16.0,178.0,88.6,40.0,0.1875,0.0,13.0,0.0,5.0,129.0,80.7,37.0,0.0,81.0,27.2,42.3,992.2,0.0,13.6,8.4,219.7,SW,12.96,10.81,13.55,day
570335,2018-10-01,2018,COL,2018-10-01 13:09:00,13,5,2,7,4,16,6,13,272,84.3,3,47,0.0638,0.3077,2.0,10.0,1.0,9.0,131.0,86.7,35.0,0.2222,2.0,6.0,4.0,4.0,141.0,81.9,36.0,0.5,90.4,32.4,32.0,988.7,0.0,15.2,9.4,225.0,SW,14.04,11.21,15.19,day
565799,2019-03-28,2019,AZ,2019-03-28 13:10:00,13,12,5,17,10,13,3,21,269,85.3,9,58,0.1552,0.4762,8.0,3.0,3.0,12.0,144.0,86.3,46.0,0.6667,2.0,10.0,0.0,9.0,125.0,84.2,39.0,0.2222,64.5,18.1,57.0,1002.6,0.3,13.8,8.6,231.0,SW,12.1,9.12,13.62,day
565800,2019-03-29,2019,AZ,2019-03-29 19:10:00,19,4,5,9,2,29,18,21,499,81.6,3,68,0.0441,0.0952,1.0,14.0,12.0,11.0,262.0,83.1,59.0,0.0909,1.0,15.0,4.0,10.0,237.0,80.0,57.0,0.1,59.2,15.1,63.0,998.9,0.0,4.9,3.0,280.0,W,1.06,-0.64,2.63,night
565801,2019-03-30,2019,AZ,2019-03-30 18:10:00,18,18,5,23,8,11,9,26,329,85.0,7,63,0.1111,0.3077,4.0,4.0,5.0,19.0,183.0,86.4,51.0,0.2105,4.0,7.0,3.0,7.0,146.0,83.3,40.0,0.5714,67.3,19.6,39.3,996.0,0.0,8.8,5.4,292.1,W,0.07,-2.93,3.06,night
565802,2019-03-31,2019,AZ,2019-03-31 13:10:00,13,8,7,15,2,12,7,21,330,83.8,1,61,0.0164,0.0952,1.0,8.0,6.0,8.0,170.0,86.8,46.0,0.125,1.0,4.0,1.0,13.0,160.0,81.6,62.0,0.0769,80.4,26.9,16.3,996.8,0.0,4.8,3.0,127.8,SE,1.28,2.8,-0.39,day
565803,2019-04-01,2019,SF,2019-04-01 19:10:00,19,2,4,6,3,19,2,16,281,84.3,3,49,0.0612,0.1875,2.0,8.0,2.0,7.0,136.0,85.8,37.0,0.2857,1.0,11.0,0.0,9.0,145.0,82.8,38.0,0.1111,64.6,18.1,36.7,992.6,0.0,7.4,4.6,243.7,SW,5.57,3.57,6.9,night
565804,2019-04-02,2019,SF,2019-04-02 19:10:00,19,6,5,11,2,13,5,16,266,83.4,2,52,0.0385,0.125,1.0,5.0,2.0,7.0,135.0,88.9,36.0,0.1429,1.0,8.0,2.0,9.0,131.0,78.9,44.0,0.1111,57.1,14.0,77.7,994.2,0.0,9.8,6.1,226.1,SW,9.01,7.13,9.81,night
565805,2019-04-03,2019,SF,2019-04-03 19:10:00,19,5,3,8,3,15,6,13,278,83.3,4,48,0.0833,0.2308,1.0,10.0,5.0,7.0,163.0,84.8,38.0,0.1429,2.0,5.0,1.0,6.0,115.0,81.9,40.0,0.3333,57.7,14.3,76.7,998.0,0.0,10.9,6.8,248.3,W,7.62,4.48,9.84,night
565806,2019-04-12,2019,MIL,2019-04-12 19:10:00,19,5,8,13,5,13,6,24,327,86.0,6,65,0.0923,0.2083,3.0,6.0,4.0,12.0,175.0,86.9,50.0,0.25,2.0,7.0,2.0,12.0,152.0,84.9,44.0,0.1667,60.6,15.9,55.3,989.4,0.0,7.9,4.9,117.2,SE,0.65,3.29,-2.07,night
565807,2019-04-13,2019,MIL,2019-04-13 18:10:00,18,1,4,5,3,16,5,17,276,87.0,2,51,0.0392,0.1765,1.0,6.0,0.0,8.0,123.0,85.3,31.0,0.125,2.0,10.0,5.0,9.0,153.0,88.2,43.0,0.2222,67.5,19.7,40.0,994.8,0.0,10.2,6.3,236.0,SW,8.51,6.07,9.92,night
565808,2019-04-14,2019,MIL,2019-04-14 13:10:00,13,7,1,8,2,13,7,15,253,85.8,2,52,0.0385,0.1333,2.0,8.0,5.0,11.0,144.0,86.8,37.0,0.1818,0.0,5.0,2.0,4.0,109.0,84.8,34.0,0.0,75.4,24.1,24.3,994.3,0.0,14.8,9.2,235.0,SW,12.51,9.03,14.48,day
565809,2019-04-15,2019,CIN,2019-04-15 19:10:00,19,4,3,7,2,20,6,12,267,82.5,3,42,0.0714,0.1667,1.0,10.0,6.0,5.0,146.0,83.2,25.0,0.2,1.0,10.0,0.0,7.0,121.0,82.1,34.0,0.1429,56.6,13.7,72.7,992.2,0.0,11.0,6.8,223.3,SW,10.25,8.3,10.97,night
565810,2019-04-16,2019,CIN,2019-04-16 19:10:00,19,6,1,7,1,11,4,17,273,82.8,2,55,0.0364,0.0588,1.0,5.0,0.0,13.0,142.0,87.2,41.0,0.0769,0.0,6.0,3.0,4.0,131.0,78.7,44.0,0.0,57.2,14.0,84.3,995.9,0.0,9.2,5.7,231.0,SW,8.12,6.12,9.13,night
565811,2019-04-17,2019,CIN,2019-04-17 12:10:00,12,3,2,5,1,21,3,6,247,83.0,1,36,0.0278,0.1667,1.0,11.0,1.0,3.0,120.0,83.8,19.0,0.3333,0.0,10.0,1.0,3.0,127.0,82.5,32.0,0.0,73.3,22.9,34.7,1000.3,0.0,12.3,7.6,212.1,SW,12.13,10.7,12.1,day
565812,2019-04-26,2019,PIT,2019-04-26 19:10:00,19,6,2,8,3,21,5,18,284,84.9,1,46,0.0217,0.1667,2.0,10.0,5.0,9.0,165.0,84.7,38.0,0.2222,1.0,11.0,0.0,9.0,119.0,85.0,33.0,0.1111,58.6,14.8,77.3,995.4,0.0,10.2,6.3,227.7,SW,9.23,7.19,10.16,night
565813,2019-04-27,2019,PIT,2019-04-27 18:10:00,18,3,1,4,0,16,4,11,258,81.4,0,46,0.0,0.0,0.0,7.0,2.0,6.0,119.0,83.3,35.0,0.0,0.0,9.0,2.0,5.0,139.0,79.6,37.0,0.0,59.0,15.0,78.7,992.9,0.0,10.2,6.4,231.3,SW,8.96,6.74,10.11,night
565814,2019-04-28,2019,PIT,2019-04-28 13:10:00,13,7,6,13,3,18,4,19,297,83.3,5,53,0.0943,0.1579,1.0,7.0,2.0,10.0,145.0,83.1,46.0,0.1,2.0,11.0,2.0,9.0,152.0,83.4,44.0,0.2222,66.3,19.1,59.7,991.9,0.0,11.1,6.9,201.1,S,11.13,10.55,10.37,day
565815,2019-05-06,2019,ATL,2019-05-06 19:10:00,19,5,3,8,2,19,5,14,270,86.1,3,46,0.0652,0.1429,0.0,9.0,5.0,9.0,138.0,85.3,34.0,0.0,2.0,10.0,0.0,5.0,132.0,86.7,42.0,0.4,60.7,15.9,66.7,994.1,0.0,10.4,6.5,255.0,W,6.34,3.13,8.78,night
565816,2019-05-07,2019,ATL,2019-05-07 19:10:00,19,9,0,9,3,11,3,15,240,85.9,4,54,0.0741,0.2,3.0,5.0,3.0,11.0,147.0,85.7,42.0,0.2727,0.0,6.0,0.0,4.0,93.0,86.2,32.0,0.0,60.7,15.9,64.7,997.7,0.0,5.7,3.5,217.3,SW,5.51,4.68,5.68,night
565817,2019-05-08,2019,ATL,2019-05-08 19:10:00,19,9,4,13,4,12,8,20,285,85.1,4,58,0.069,0.2,3.0,5.0,5.0,9.0,153.0,85.7,36.0,0.3333,1.0,7.0,1.0,11.0,132.0,84.5,41.0,0.0909,60.4,15.8,68.3,993.2,0.0,9.0,5.6,238.0,SW,7.36,5.12,8.71,night
565818,2019-05-09,2019,WSH,2019-05-09 19:10:00,19,0,6,6,1,16,7,15,312,84.0,2,51,0.0392,0.0667,0.0,9.0,4.0,6.0,146.0,86.3,35.0,0.0,1.0,7.0,3.0,9.0,166.0,82.3,47.0,0.1111,60.4,15.8,70.3,989.1,0.0,9.7,6.0,223.3,SW,9.1,7.36,9.73,night
565819,2019-05-10,2019,WSH,2019-05-10 19:10:00,19,5,0,5,3,13,6,13,293,83.1,3,51,0.0588,0.2308,3.0,6.0,3.0,9.0,167.0,84.0,45.0,0.3333,0.0,7.0,2.0,4.0,126.0,82.0,39.0,0.0,60.8,16.0,78.3,992.0,0.1,5.4,3.3,5.3,N,-5.13,-5.36,-4.28,night
565820,2019-05-11,2019,WSH,2019-05-11 18:10:00,18,2,5,7,2,18,4,12,281,82.6,4,47,0.0851,0.1667,1.0,8.0,2.0,5.0,139.0,83.4,41.0,0.2,1.0,10.0,2.0,7.0,142.0,81.9,44.0,0.1429,62.4,16.9,75.7,991.8,0.0,14.3,8.9,238.7,SW,11.57,7.98,13.77,night
565821,2019-05-12,2019,WSH,2019-05-12 13:10:00,13,6,0,6,1,18,5,8,282,80.0,2,41,0.0488,0.125,1.0,8.0,3.0,7.0,152.0,81.4,36.0,0.1429,0.0,10.0,1.0,1.0,130.0,78.6,35.0,0.0,75.9,24.4,51.0,994.2,0.0,13.1,8.1,214.7,SW,12.77,11.06,12.94,day
565822,2019-05-14,2019,SD,2019-05-14 19:10:00,19,6,3,9,4,12,2,15,256,82.6,5,52,0.0962,0.2667,2.0,5.0,1.0,8.0,130.0,83.9,46.0,0.25,2.0,7.0,1.0,7.0,126.0,80.7,34.0,0.2857,61.6,16.5,76.3,994.2,0.0,11.1,6.9,233.7,SW,9.5,6.96,10.89,night
565823,2019-05-15,2019,SD,2019-05-15 19:10:00,19,2,0,2,0,22,3,12,255,80.3,2,43,0.0465,0.0,0.0,6.0,2.0,8.0,124.0,81.8,44.0,0.0,0.0,16.0,1.0,4.0,131.0,78.4,35.0,0.0,59.5,15.3,71.3,993.8,0.0,10.6,6.6,239.0,SW,8.55,5.87,10.2,night
565824,2019-05-27,2019,NYM,2019-05-27 17:10:00,17,9,5,14,5,12,4,32,331,,0,69,0.0,0.1562,3.0,3.0,1.0,17.0,171.0,,0.0,0.1765,2.0,9.0,2.0,15.0,160.0,,0.0,0.1333,63.6,17.6,46.3,995.8,0.0,13.4,8.3,239.3,SW,10.7,7.31,12.79,night
565825,2019-05-28,2019,NYM,2019-05-28 19:10:00,19,3,7,10,3,18,11,18,333,85.5,3,53,0.0566,0.1667,1.0,9.0,5.0,8.0,150.0,86.8,39.0,0.125,2.0,9.0,6.0,10.0,183.0,84.4,47.0,0.2,62.0,16.7,60.3,992.0,0.0,10.2,6.3,241.3,SW,7.92,5.26,9.62,night
565826,2019-05-29,2019,NYM,2019-05-29 19:10:00,19,9,8,17,7,13,7,28,348,84.4,8,65,0.1231,0.25,3.0,5.0,3.0,15.0,180.0,82.6,57.0,0.2,4.0,8.0,3.0,13.0,168.0,86.3,51.0,0.3077,65.3,18.5,55.7,990.9,0.0,9.8,6.1,217.0,SW,9.46,8.05,9.72,night
565827,2019-05-30,2019,NYM,2019-05-30 19:10:00,19,2,0,2,0,16,4,13,252,82.0,1,46,0.0217,0.0,0.0,7.0,3.0,9.0,126.0,84.8,36.0,0.0,0.0,9.0,1.0,4.0,126.0,79.0,33.0,0.0,61.2,16.2,76.3,992.1,0.0,11.0,6.9,226.3,SW,10.09,7.96,11.01,night
565828,2019-05-31,2019,PHI,2019-05-31 19:10:00,19,6,3,9,5,16,3,17,276,86.0,4,51,0.0784,0.2941,4.0,7.0,1.0,12.0,137.0,86.1,37.0,0.3333,1.0,9.0,2.0,5.0,139.0,86.0,33.0,0.2,61.4,16.3,74.3,991.6,0.0,9.2,5.7,215.0,SW,8.95,7.73,9.09,night
565829,2019-06-01,2019,PHI,2019-06-01 19:10:00,19,4,3,7,3,14,4,15,273,84.5,3,51,0.0588,0.2,2.0,7.0,3.0,8.0,147.0,84.6,43.0,0.25,1.0,7.0,0.0,7.0,126.0,84.5,40.0,0.1429,61.1,16.2,70.7,991.2,0.0,10.5,6.5,245.3,SW,7.7,4.8,9.68,night
565830,2019-06-02,2019,PHI,2019-06-02 13:10:00,13,8,0,8,2,20,7,13,286,85.1,2,44,0.0455,0.1538,2.0,9.0,4.0,10.0,151.0,88.2,30.0,0.2,0.0,11.0,1.0,3.0,135.0,82.3,34.0,0.0,71.5,22.0,50.0,992.7,0.0,15.9,9.9,228.3,SW,14.34,11.1,15.85,day
565831,2019-06-13,2019,CHC,2019-06-13 19:10:00,19,7,3,10,6,17,6,19,282,84.1,6,49,0.1224,0.3158,4.0,9.0,3.0,11.0,148.0,87.6,38.0,0.3636,2.0,8.0,3.0,8.0,134.0,80.6,37.0,0.25,62.4,16.9,77.7,992.9,0.0,9.6,5.9,227.0,SW,8.71,6.82,9.54,night
565832,2019-06-14,2019,CHC,2019-06-14 19:10:00,19,5,3,8,4,16,6,15,298,82.9,5,51,0.098,0.2667,2.0,6.0,6.0,7.0,165.0,83.6,39.0,0.2857,2.0,10.0,0.0,8.0,133.0,82.2,42.0,0.25,62.9,17.2,76.7,993.5,0.0,8.9,5.5,231.0,SW,7.82,5.9,8.8,night
565833,2019-06-15,2019,CHC,2019-06-15 18:10:00,18,1,2,3,2,20,3,9,266,84.3,2,42,0.0476,0.2222,1.0,12.0,2.0,5.0,141.0,84.3,33.0,0.2,1.0,8.0,1.0,4.0,125.0,84.2,39.0,0.25,65.1,18.4,72.3,992.7,0.0,13.8,8.6,226.7,SW,12.56,9.88,13.73,night
565834,2019-06-16,2019,CHC,2019-06-16 16:05:00,16,3,2,5,1,16,6,16,280,82.6,1,51,0.0196,0.0625,1.0,6.0,4.0,7.0,150.0,85.9,39.0,0.1429,0.0,10.0,1.0,9.0,130.0,79.2,39.0,0.0,70.5,21.4,62.0,991.0,0.0,15.3,9.5,225.7,SW,14.1,11.18,15.31,day
565835,2019-06-17,2019,SF,2019-06-17 19:10:00,19,2,3,5,1,17,10,8,288,82.2,1,45,0.0222,0.125,1.0,9.0,5.0,5.0,133.0,83.0,38.0,0.2,0.0,8.0,5.0,3.0,155.0,81.5,42.0,0.0,66.0,18.9,69.3,992.6,0.0,8.4,5.2,210.0,SW,8.3,7.42,8.17,night
565836,2019-06-18,2019,SF,2019-06-18 19:10:00,19,9,0,9,2,14,8,18,283,83.1,4,54,0.0741,0.1111,2.0,4.0,4.0,14.0,146.0,82.5,47.0,0.1429,0.0,10.0,3.0,4.0,137.0,84.0,35.0,0.0,62.3,16.8,81.0,994.7,0.0,9.1,5.7,249.3,W,6.23,3.58,8.12,night
565837,2019-06-19,2019,SF,2019-06-19 19:10:00,19,9,2,11,6,16,1,17,275,86.3,6,50,0.12,0.3529,4.0,7.0,1.0,13.0,165.0,86.7,46.0,0.3077,2.0,9.0,0.0,4.0,110.0,85.6,27.0,0.5,64.0,17.8,73.3,994.5,0.0,10.9,6.8,245.7,SW,7.98,4.94,10.05,night
565838,2019-06-20,2019,SF,2019-06-20 19:10:00,19,9,8,17,4,19,5,25,322,82.2,4,57,0.0702,0.16,3.0,8.0,2.0,16.0,155.0,82.1,47.0,0.1875,1.0,11.0,3.0,9.0,167.0,82.3,50.0,0.1111,65.2,18.4,72.7,992.9,0.0,11.0,6.8,224.0,SW,10.23,8.24,11.0,night
565839,2019-06-21,2019,COL,2019-06-21 19:10:00,19,4,2,6,4,25,1,9,219,84.6,1,37,0.027,0.4444,2.0,9.0,1.0,6.0,108.0,85.2,35.0,0.3333,2.0,16.0,0.0,3.0,111.0,83.9,28.0,0.6667,63.7,17.6,76.3,992.8,0.0,8.9,5.6,233.6,SW,7.65,5.6,8.76,night
565840,2019-06-22,2019,COL,2019-06-22 16:15:00,16,5,4,9,3,20,5,22,372,82.0,3,65,0.0462,0.1364,2.0,9.0,3.0,14.0,195.0,84.0,53.0,0.1429,1.0,11.0,2.0,8.0,177.0,80.0,54.0,0.125,72.3,22.4,56.3,993.7,0.0,17.5,10.9,240.7,SW,13.73,9.21,16.6,day
565841,2019-06-23,2019,COL,2019-06-23 13:10:00,13,6,3,9,3,16,5,17,263,85.6,3,55,0.0545,0.1765,2.0,6.0,2.0,7.0,144.0,88.0,53.0,0.2857,1.0,10.0,2.0,10.0,119.0,81.9,35.0,0.1,77.3,25.2,48.7,995.2,0.0,14.8,9.2,239.7,SW,11.82,8.04,14.17,day
565842,2019-07-02,2019,AZ,2019-07-02 19:10:00,19,5,4,9,2,15,12,15,301,84.5,2,51,0.0392,0.1333,1.0,5.0,8.0,7.0,166.0,85.1,46.0,0.1429,1.0,10.0,3.0,8.0,135.0,83.9,37.0,0.125,68.2,20.1,68.7,991.7,0.0,9.6,6.0,209.7,SW,9.52,8.54,9.36,night
565843,2019-07-03,2019,AZ,2019-07-03 19:10:00,19,5,4,9,4,20,3,20,296,84.7,6,57,0.1053,0.2,2.0,9.0,3.0,10.0,153.0,85.9,43.0,0.2,2.0,11.0,0.0,10.0,143.0,83.7,49.0,0.2,66.6,19.2,70.0,992.0,0.0,10.0,6.2,223.0,SW,9.34,7.58,9.97,night
565844,2019-07-04,2019,SD,2019-07-04 18:10:00,18,5,1,6,2,23,5,11,272,81.7,2,38,0.0526,0.1818,2.0,11.0,2.0,6.0,131.0,83.5,33.0,0.3333,0.0,12.0,3.0,5.0,141.0,80.1,37.0,0.0,68.1,20.0,65.3,993.2,0.0,13.7,8.5,226.3,SW,12.5,9.86,13.64,night
565845,2019-07-05,2019,SD,2019-07-05 19:10:00,19,2,3,5,1,21,2,12,264,82.8,1,47,0.0213,0.0833,0.0,9.0,1.0,6.0,141.0,82.3,39.0,0.0,1.0,12.0,1.0,6.0,123.0,83.4,30.0,0.1667,65.9,18.8,70.3,995.4,0.0,11.9,7.4,231.7,SW,10.36,7.76,11.71,night
565846,2019-07-06,2019,SD,2019-07-06 19:10:00,19,1,3,4,2,16,2,10,255,80.8,3,47,0.0638,0.2,0.0,8.0,1.0,6.0,145.0,82.6,52.0,0.0,2.0,8.0,1.0,4.0,110.0,77.9,31.0,0.5,65.7,18.7,74.0,994.7,0.0,11.5,7.1,232.7,SW,9.91,7.35,11.29,night
565847,2019-07-07,2019,SD,2019-07-07 13:10:00,13,3,5,8,5,18,0,15,264,83.4,3,49,0.0612,0.3333,2.0,7.0,0.0,7.0,126.0,86.6,36.0,0.2857,3.0,11.0,0.0,8.0,138.0,80.1,36.0,0.375,77.4,25.2,46.3,995.2,0.0,13.5,8.4,211.0,SW,13.35,11.86,13.23,day
565848,2019-07-19,2019,MIA,2019-07-19 19:10:00,19,2,1,3,0,18,7,10,275,81.9,1,44,0.0227,0.0,0.0,6.0,4.0,6.0,146.0,81.8,40.0,0.0,0.0,12.0,3.0,4.0,129.0,82.1,25.0,0.0,68.4,20.2,68.7,992.7,0.0,11.9,7.4,232.7,SW,10.29,7.62,11.71,night
565849,2019-07-20,2019,MIA,2019-07-20 18:10:00,18,10,6,16,4,19,10,18,340,86.2,6,49,0.1224,0.2222,3.0,6.0,7.0,12.0,175.0,86.4,43.0,0.25,1.0,13.0,3.0,6.0,165.0,85.8,30.0,0.1667,70.9,21.6,59.0,991.9,0.0,13.0,8.1,237.3,SW,10.7,7.51,12.6,night
565850,2019-07-21,2019,MIA,2019-07-21 13:10:00,13,9,0,9,3,23,3,15,292,84.0,1,44,0.0227,0.2,3.0,9.0,3.0,9.0,167.0,85.9,39.0,0.3333,0.0,14.0,0.0,6.0,125.0,81.9,33.0,0.0,84.0,28.9,38.7,993.1,0.0,15.5,9.7,233.3,SW,13.34,9.81,15.26,day
565851,2019-07-23,2019,LAA,2019-07-23 19:10:00,19,4,5,9,2,20,10,20,341,85.4,6,53,0.1132,0.1,0.0,10.0,7.0,9.0,181.0,87.3,37.0,0.0,2.0,10.0,3.0,11.0,160.0,83.7,41.0,0.1818,77.2,25.1,48.3,994.4,0.0,10.1,6.3,192.0,S,9.9,9.93,8.67,night
565852,2019-07-24,2019,LAA,2019-07-24 19:10:00,19,2,3,5,2,11,8,11,288,81.2,1,51,0.0196,0.1818,1.0,5.0,5.0,5.0,153.0,82.4,39.0,0.2,1.0,6.0,3.0,6.0,135.0,79.9,40.0,0.1667,76.7,24.8,50.0,994.2,0.0,9.6,6.0,196.0,S,9.57,9.37,8.62,night
565853,2019-08-01,2019,SD,2019-08-01 19:10:00,19,8,2,10,3,14,11,19,301,86.2,5,51,0.098,0.1579,2.0,8.0,4.0,11.0,157.0,87.5,37.0,0.1818,1.0,6.0,7.0,8.0,144.0,84.9,36.0,0.125,72.6,22.6,55.0,993.6,0.0,7.4,4.6,211.8,SW,7.3,6.45,7.27,night
565854,2019-08-02,2019,SD,2019-08-02 19:10:00,19,2,5,7,1,17,1,18,303,84.9,2,52,0.0385,0.0556,1.0,8.0,0.0,4.0,140.0,83.5,34.0,0.25,0.0,9.0,1.0,14.0,163.0,86.0,45.0,0.0,73.2,22.9,51.7,992.7,0.0,9.1,5.6,209.7,SW,9.0,8.07,8.84,night
565855,2019-08-03,2019,SD,2019-08-03 18:10:00,18,4,1,5,2,20,2,12,228,82.9,2,42,0.0476,0.1667,1.0,5.0,2.0,7.0,118.0,81.5,42.0,0.1429,1.0,15.0,0.0,5.0,110.0,84.8,33.0,0.2,75.1,24.0,52.7,992.0,0.0,10.9,6.8,227.4,SW,9.89,7.73,10.86,night
565856,2019-08-04,2019,SD,2019-08-04 13:10:00,13,11,10,21,5,21,6,23,341,84.8,4,54,0.0741,0.2174,3.0,10.0,3.0,11.0,163.0,87.0,41.0,0.2727,2.0,11.0,3.0,12.0,178.0,82.8,47.0,0.1667,90.3,32.4,31.7,993.8,0.0,13.0,8.1,218.7,SW,12.45,10.47,12.94,day
565857,2019-08-05,2019,STL,2019-08-05 19:10:00,19,8,0,8,2,14,8,14,300,83.8,2,49,0.0408,0.1429,2.0,5.0,6.0,12.0,178.0,85.3,50.0,0.1667,0.0,9.0,2.0,2.0,122.0,80.9,26.0,0.0,71.9,22.2,64.7,991.9,0.0,9.1,5.7,193.7,S,9.03,8.96,8.01,night
565858,2019-08-06,2019,STL,2019-08-06 19:10:00,19,3,1,4,0,19,4,14,273,82.8,0,46,0.0,0.0,0.0,8.0,2.0,7.0,128.0,86.0,34.0,0.0,0.0,11.0,2.0,7.0,145.0,79.8,35.0,0.0,71.5,21.9,66.0,992.2,0.0,12.5,7.7,178.3,S,11.37,12.43,8.94,night
565859,2019-08-07,2019,STL,2019-08-07 12:10:00,12,2,1,3,1,24,3,14,274,83.7,4,42,0.0952,0.0714,0.0,13.0,1.0,7.0,133.0,87.6,29.0,0.0,1.0,11.0,2.0,7.0,141.0,80.7,38.0,0.1429,84.0,28.9,41.3,994.3,0.0,12.1,7.5,196.7,S,12.01,11.7,10.87,day
565860,2019-08-09,2019,AZ,2019-08-09 19:10:00,19,2,3,5,2,24,8,14,338,82.9,4,54,0.0741,0.1429,0.0,10.0,3.0,2.0,160.0,83.8,31.0,0.0,2.0,14.0,4.0,12.0,178.0,82.2,44.0,0.1667,68.9,20.5,69.0,992.5,0.0,10.4,6.5,219.3,SW,9.99,8.35,10.42,night
565861,2019-08-10,2019,AZ,2019-08-10 18:10:00,18,4,0,4,1,12,6,10,281,81.4,2,49,0.0408,0.1,1.0,6.0,4.0,6.0,154.0,84.3,34.0,0.1667,0.0,6.0,1.0,4.0,127.0,78.9,38.0,0.0,71.9,22.2,61.3,993.0,0.0,13.4,8.3,226.7,SW,12.26,9.64,13.4,night
565862,2019-08-11,2019,AZ,2019-08-11 13:10:00,13,9,3,12,6,12,4,23,260,82.8,3,59,0.0508,0.2609,4.0,4.0,2.0,14.0,130.0,83.6,50.0,0.2857,2.0,8.0,1.0,9.0,130.0,81.8,39.0,0.2222,83.8,28.8,41.3,994.2,0.0,15.5,9.7,227.7,SW,14.06,10.95,15.47,day
565863,2019-08-20,2019,TOR,2019-08-20 19:10:00,19,16,3,19,8,16,14,22,334,86.0,6,51,0.1176,0.3636,5.0,8.0,9.0,15.0,206.0,85.7,46.0,0.3333,3.0,8.0,4.0,7.0,128.0,86.4,31.0,0.4286,72.4,22.4,59.3,991.7,0.0,7.8,4.9,216.4,SW,7.6,6.5,7.79,night
565864,2019-08-21,2019,TOR,2019-08-21 19:10:00,19,2,1,3,3,21,8,12,287,82.7,2,46,0.0435,0.25,2.0,10.0,6.0,6.0,147.0,85.7,34.0,0.3333,1.0,11.0,1.0,6.0,140.0,80.5,45.0,0.1667,76.6,24.8,40.0,988.5,0.0,7.9,4.9,219.0,SW,7.54,6.32,7.85,night
565865,2019-08-22,2019,TOR,2019-08-22 19:10:00,19,3,2,5,1,21,4,9,252,82.4,1,39,0.0256,0.1111,0.0,6.0,3.0,4.0,128.0,83.5,42.0,0.0,1.0,15.0,1.0,5.0,124.0,80.5,25.0,0.2,69.5,20.8,75.7,989.3,0.0,10.0,6.2,164.7,S,7.9,9.52,5.33,night
565866,2019-08-23,2019,NYY,2019-08-23 19:10:00,19,2,10,12,5,26,2,22,312,85.0,4,50,0.08,0.2273,0.0,15.0,1.0,6.0,147.0,85.0,32.0,0.0,5.0,11.0,0.0,16.0,165.0,85.0,52.0,0.3125,71.8,22.1,61.3,990.5,0.0,9.8,6.1,232.0,SW,8.5,6.34,9.63,night
565867,2019-08-24,2019,NYY,2019-08-24 13:05:00,13,2,1,3,2,22,5,11,281,82.5,1,40,0.025,0.1818,1.0,12.0,2.0,6.0,138.0,83.8,32.0,0.1667,1.0,10.0,3.0,5.0,143.0,81.3,33.0,0.2,86.6,30.3,39.7,993.7,0.0,15.7,9.8,227.0,SW,14.32,11.22,15.68,day
565868,2019-08-25,2019,NYY,2019-08-25 16:05:00,16,1,5,6,4,24,4,13,251,86.0,5,41,0.122,0.3077,1.0,12.0,3.0,5.0,121.0,88.6,26.0,0.2,3.0,12.0,1.0,8.0,130.0,84.0,33.0,0.375,84.7,29.3,36.0,993.1,0.0,17.5,10.9,230.3,SW,15.5,11.77,17.37,day
565869,2019-09-02,2019,COL,2019-09-02 17:10:00,17,16,9,25,11,16,6,29,355,84.9,12,64,0.1875,0.3793,7.0,6.0,4.0,17.0,208.0,84.2,60.0,0.4118,4.0,10.0,0.0,12.0,147.0,85.8,46.0,0.3333,84.0,28.9,45.3,993.0,0.0,12.0,7.4,221.0,SW,11.35,9.37,11.96,night
565870,2019-09-03,2019,COL,2019-09-03 19:10:00,19,5,3,8,5,14,5,14,284,83.0,3,49,0.0612,0.3571,3.0,4.0,3.0,6.0,135.0,82.6,38.0,0.5,2.0,10.0,2.0,8.0,149.0,83.4,38.0,0.25,78.9,26.0,48.7,991.6,0.0,8.4,5.2,216.6,SW,8.18,6.99,8.39,night
565871,2019-09-04,2019,COL,2019-09-04 19:10:00,19,7,3,10,2,18,7,15,306,83.5,2,47,0.0426,0.1333,2.0,8.0,2.0,8.0,141.0,86.8,30.0,0.25,0.0,10.0,5.0,7.0,165.0,81.3,47.0,0.0,78.9,26.0,50.7,991.3,0.0,8.8,5.5,253.5,W,5.53,2.86,7.54,night
565872,2019-09-06,2019,SF,2019-09-06 19:10:00,19,4,5,9,4,20,7,15,308,83.4,3,48,0.0625,0.2667,3.0,8.0,2.0,6.0,132.0,84.5,40.0,0.5,1.0,12.0,3.0,9.0,176.0,82.4,45.0,0.1111,78.1,25.6,47.3,995.1,0.0,7.0,4.3,237.1,SW,5.76,4.06,6.77,night
565873,2019-09-07,2019,SF,2019-09-07 18:10:00,18,0,1,1,0,18,12,9,293,83.7,0,42,0.0,0.0,0.0,7.0,4.0,4.0,125.0,89.4,33.0,0.0,0.0,11.0,8.0,5.0,168.0,79.3,43.0,0.0,72.8,22.7,54.0,991.8,0.0,11.4,7.1,213.3,SW,11.23,9.82,11.29,night
565874,2019-09-08,2019,SF,2019-09-08 13:10:00,13,5,0,5,2,18,4,9,254,82.9,1,43,0.0233,0.2222,2.0,7.0,3.0,5.0,125.0,86.4,33.0,0.4,0.0,11.0,1.0,4.0,129.0,80.0,40.0,0.0,80.4,26.9,42.3,992.1,0.0,15.5,9.6,228.3,SW,13.92,10.78,15.39,day
565875,2019-09-17,2019,TB,2019-09-17 19:10:00,19,7,5,12,2,19,6,12,313,83.6,3,46,0.0652,0.1667,0.0,8.0,3.0,6.0,154.0,83.0,44.0,0.0,2.0,11.0,3.0,6.0,159.0,84.3,39.0,0.3333,70.5,21.4,58.0,992.7,0.0,5.5,3.4,247.1,SW,3.94,2.37,5.03,night
565876,2019-09-18,2019,TB,2019-09-18 17:10:00,17,7,8,15,2,26,6,26,379,86.1,4,65,0.0615,0.0769,1.0,13.0,1.0,12.0,165.0,87.2,50.0,0.0833,1.0,13.0,4.0,14.0,214.0,85.2,58.0,0.0714,74.8,23.8,48.0,991.7,0.0,14.6,9.1,231.3,SW,12.79,9.61,14.43,night
565877,2019-09-20,2019,COL,2019-09-20 19:10:00,19,12,5,17,6,16,6,23,323,84.7,4,55,0.0727,0.2609,2.0,7.0,4.0,13.0,182.0,85.5,44.0,0.1538,4.0,9.0,2.0,10.0,141.0,83.8,37.0,0.4,68.8,20.5,70.0,990.8,0.0,7.1,4.4,240.4,SW,5.63,3.8,6.79,night
565878,2019-09-21,2019,COL,2019-09-21 18:10:00,18,2,4,6,2,20,4,13,269,83.1,2,45,0.0444,0.1538,0.0,12.0,1.0,6.0,139.0,83.9,35.0,0.0,2.0,8.0,3.0,7.0,130.0,82.2,34.0,0.2857,79.4,26.3,37.0,990.1,0.0,8.0,5.0,285.3,W,1.0,-1.78,3.65,night
565879,2019-09-22,2019,COL,2019-09-22 13:10:00,13,7,4,11,6,17,6,19,304,86.0,6,50,0.12,0.3158,4.0,7.0,5.0,11.0,172.0,87.7,45.0,0.3636,2.0,10.0,1.0,8.0,132.0,84.2,40.0,0.25,90.3,32.4,22.7,992.7,0.0,10.3,6.4,181.3,S,9.64,10.33,7.78,day
631377,2020-07-23,2020,SF,2020-07-23 19:08:00,19,8,1,9,1,14,5,20,257,80.6,2,56,0.0357,0.05,1.0,6.0,5.0,12.0,149.0,84.1,45.0,0.0833,0.0,8.0,0.0,8.0,108.0,76.6,40.0,0.0,65.6,18.7,69.0,991.9,0.0,10.2,6.3,232.7,SW,8.79,6.51,10.01,night
631378,2020-07-24,2020,SF,2020-07-24 18:40:00,18,9,1,10,3,12,9,17,273,83.2,4,57,0.0702,0.1765,2.0,3.0,8.0,13.0,151.0,84.6,50.0,0.1538,1.0,9.0,1.0,4.0,122.0,81.2,34.0,0.25,69.7,21.0,65.7,992.6,0.0,13.5,8.4,231.7,SW,11.79,8.83,13.33,night
631382,2020-07-25,2020,SF,2020-07-25 13:10:00,13,4,5,9,2,19,6,16,306,84.2,7,47,0.1489,0.125,1.0,6.0,2.0,9.0,148.0,84.3,38.0,0.1111,1.0,13.0,4.0,7.0,158.0,84.1,33.0,0.1429,82.4,28.0,40.7,993.4,0.0,16.6,10.3,234.3,SW,14.1,10.26,16.25,day
631384,2020-07-26,2020,SF,2020-07-26 19:08:00,19,1,3,4,0,12,8,16,289,84.2,2,56,0.0357,0.0,0.0,8.0,3.0,7.0,141.0,85.5,35.0,0.0,0.0,4.0,5.0,9.0,148.0,83.3,51.0,0.0,70.6,21.4,61.3,992.4,0.0,9.3,5.8,188.3,S,8.98,9.22,7.67,night
631358,2020-08-07,2020,SF,2020-08-07 18:40:00,18,7,2,9,5,17,6,17,315,83.4,2,50,0.04,0.2941,4.0,7.0,4.0,9.0,156.0,86.2,47.0,0.4444,1.0,10.0,2.0,8.0,159.0,81.0,53.0,0.125,72.6,22.5,52.0,993.3,0.0,12.4,7.7,230.3,SW,10.94,8.3,12.25,night
631343,2020-08-08,2020,SF,2020-08-08 18:10:00,18,4,5,9,4,16,6,12,281,85.3,3,50,0.06,0.3333,1.0,4.0,4.0,2.0,130.0,85.8,37.0,0.5,3.0,12.0,2.0,10.0,151.0,84.9,45.0,0.3,72.4,22.4,56.0,993.6,0.0,12.4,7.7,231.3,SW,10.83,8.14,12.22,night
631373,2020-08-09,2020,SF,2020-08-09 13:10:00,13,6,2,8,2,19,5,9,239,84.1,2,40,0.05,0.2222,2.0,8.0,1.0,7.0,115.0,84.8,43.0,0.2857,0.0,11.0,4.0,2.0,124.0,82.9,25.0,0.0,83.0,28.3,36.3,994.6,0.0,15.7,9.7,226.3,SW,14.33,11.3,15.63,day
631346,2020-08-10,2020,SD,2020-08-10 18:40:00,18,1,2,3,1,10,7,10,269,84.4,3,50,0.06,0.1,0.0,6.0,3.0,4.0,145.0,85.6,38.0,0.0,1.0,4.0,4.0,6.0,124.0,83.2,41.0,0.1667,72.1,22.3,50.7,992.4,0.0,12.4,7.7,234.7,SW,10.52,7.63,12.15,night
631347,2020-08-11,2020,SD,2020-08-11 18:40:00,18,2,6,8,2,11,4,19,273,82.4,2,59,0.0339,0.1053,0.0,7.0,2.0,9.0,144.0,83.0,46.0,0.0,2.0,4.0,2.0,10.0,129.0,82.0,51.0,0.2,76.0,24.4,45.3,991.2,0.0,11.7,7.3,216.9,SW,11.33,9.66,11.64,night
631350,2020-08-12,2020,SD,2020-08-12 18:40:00,18,6,0,6,1,20,6,14,261,78.7,1,43,0.0233,0.0714,1.0,6.0,2.0,8.0,105.0,80.1,34.0,0.125,0.0,14.0,4.0,6.0,156.0,77.4,37.0,0.0,76.4,24.7,43.0,991.3,0.0,11.6,7.2,220.7,SW,11.05,9.14,11.63,night
631351,2020-08-13,2020,SD,2020-08-13 18:40:00,18,11,2,13,8,12,5,19,288,83.8,7,57,0.1228,0.4211,6.0,6.0,4.0,13.0,151.0,86.6,48.0,0.4615,2.0,6.0,1.0,6.0,137.0,80.9,46.0,0.3333,79.0,26.1,34.7,990.8,0.0,11.3,7.0,227.3,SW,10.22,7.99,11.23,night
631352,2020-08-17,2020,SEA,2020-08-17 18:40:00,18,11,9,20,7,15,8,26,339,85.9,6,59,0.1017,0.2692,3.0,7.0,6.0,13.0,170.0,88.0,47.0,0.2308,4.0,8.0,2.0,13.0,169.0,83.9,52.0,0.3077,81.8,27.7,47.3,991.4,0.0,11.9,7.4,220.7,SW,11.34,9.38,11.93,night
631353,2020-08-18,2020,SEA,2020-08-18 16:10:00,16,2,1,3,0,17,4,9,263,80.8,2,42,0.0476,0.0,0.0,11.0,2.0,6.0,131.0,78.7,39.0,0.0,0.0,6.0,2.0,3.0,132.0,82.8,43.0,0.0,93.9,34.4,35.3,991.0,0.0,16.9,10.5,209.2,SW,16.75,15.07,16.41,day
631348,2020-08-21,2020,COL,2020-08-21 18:40:00,18,5,1,6,0,15,3,14,247,85.5,3,48,0.0625,0.0,0.0,1.0,3.0,10.0,125.0,88.1,42.0,0.0,0.0,14.0,0.0,4.0,122.0,82.5,37.0,0.0,85.4,29.7,47.3,989.9,0.0,10.5,6.5,161.0,S,7.84,9.74,4.99,night
631349,2020-08-22,2020,COL,2020-08-22 18:10:00,18,4,3,7,3,13,10,9,286,82.0,1,44,0.0227,0.3333,2.0,9.0,6.0,5.0,133.0,83.5,41.0,0.4,1.0,4.0,4.0,4.0,153.0,81.0,61.0,0.25,80.7,27.1,59.0,991.2,0.0,14.1,8.8,233.0,SW,12.18,8.99,13.9,night
631354,2020-08-23,2020,COL,2020-08-23 13:10:00,13,11,3,14,10,9,7,21,275,88.5,9,61,0.1475,0.4762,7.0,2.0,5.0,12.0,141.0,90.2,42.0,0.5833,3.0,7.0,2.0,9.0,134.0,86.7,40.0,0.3333,90.0,32.2,45.3,992.1,0.0,17.7,11.0,227.3,SW,16.09,12.58,17.67,day
631355,2020-09-01,2020,AZ,2020-09-01 18:40:00,18,6,3,9,2,16,10,13,284,85.9,5,49,0.102,0.1538,0.0,7.0,7.0,8.0,150.0,89.1,45.0,0.0,2.0,9.0,2.0,5.0,134.0,81.6,34.0,0.4,67.5,19.7,72.7,994.2,0.0,13.0,8.1,237.7,SW,10.65,7.44,12.58,night
631356,2020-09-02,2020,AZ,2020-09-02 18:40:00,18,3,2,5,2,17,6,9,289,80.8,3,51,0.0588,0.2222,1.0,8.0,2.0,4.0,137.0,80.1,41.0,0.25,1.0,9.0,4.0,5.0,152.0,81.6,41.0,0.2,70.8,21.6,67.0,993.8,0.0,9.4,5.9,207.3,SW,9.4,8.56,9.1,night
631370,2020-09-03,2020,AZ,2020-09-03 18:40:00,18,5,1,6,1,18,5,14,293,79.1,1,48,0.0208,0.0714,1.0,7.0,2.0,10.0,143.0,80.6,54.0,0.1,0.0,11.0,3.0,4.0,150.0,77.2,42.0,0.0,73.2,22.9,65.3,991.5,0.0,10.1,6.3,218.0,SW,9.7,8.2,10.04,night
631345,2020-09-04,2020,COL,2020-09-04 18:40:00,18,10,6,16,8,12,3,22,314,83.3,7,60,0.1167,0.3636,5.0,5.0,1.0,15.0,166.0,88.5,53.0,0.3333,3.0,7.0,2.0,7.0,148.0,78.0,52.0,0.4286,75.4,24.1,61.0,991.4,0.0,9.2,5.7,213.0,SW,9.05,7.93,9.07,night
631328,2020-09-05,2020,COL,2020-09-05 18:10:00,18,2,5,7,1,22,4,13,255,84.5,2,44,0.0455,0.0769,0.0,8.0,3.0,6.0,126.0,86.5,43.0,0.0,1.0,14.0,0.0,7.0,129.0,82.2,36.0,0.1429,101.2,38.5,17.0,990.0,0.0,10.7,6.6,264.2,W,5.06,1.54,7.98,night
631344,2020-09-06,2020,COL,2020-09-06 19:10:00,19,6,7,13,6,17,10,21,333,80.0,3,53,0.0566,0.2857,4.0,6.0,6.0,9.0,164.0,82.7,54.0,0.4444,2.0,11.0,4.0,12.0,169.0,77.4,56.0,0.1667,89.3,31.8,29.7,989.6,0.0,12.0,7.4,152.9,SE,7.76,10.41,4.18,night
631331,2020-09-12,2020,HOU,2020-09-12 17:07:00,17,5,7,12,2,19,5,22,290,85.1,7,53,0.1321,0.0909,2.0,13.0,1.0,10.0,142.0,87.2,40.0,0.2,0.0,6.0,4.0,12.0,148.0,83.7,55.0,0.0,80.4,26.9,35.3,990.9,0.0,11.4,7.1,223.1,SW,10.64,8.63,11.37,night
631332,2020-09-13,2020,HOU,2020-09-13 17:08:00,17,8,1,9,4,18,1,16,267,82.5,4,48,0.0833,0.25,3.0,8.0,0.0,12.0,131.0,82.4,41.0,0.25,1.0,10.0,1.0,4.0,136.0,82.5,48.0,0.25,77.9,25.5,37.3,991.5,0.0,13.7,8.5,233.0,SW,11.8,8.71,13.47,night
631333,2020-09-22,2020,ATH,2020-09-22 18:40:00,18,7,2,9,5,19,7,16,295,82.9,4,47,0.0851,0.3125,4.0,6.0,4.0,11.0,141.0,83.8,44.0,0.3636,1.0,13.0,3.0,5.0,154.0,81.9,43.0,0.2,69.7,21.0,63.7,995.6,0.0,11.4,7.1,227.3,SW,10.35,8.08,11.36,night
631334,2020-09-23,2020,ATH,2020-09-23 18:40:00,18,4,6,10,4,14,4,13,280,83.3,5,53,0.0943,0.3077,3.0,7.0,1.0,7.0,141.0,86.2,44.0,0.4286,1.0,7.0,3.0,6.0,139.0,80.4,45.0,0.1667,72.5,22.5,55.0,994.6,0.0,7.3,4.6,212.7,SW,7.22,6.34,7.23,night
631335,2020-09-24,2020,ATH,2020-09-24 18:40:00,18,5,1,6,2,19,7,11,274,86.1,4,42,0.0952,0.1818,1.0,3.0,4.0,8.0,134.0,86.9,51.0,0.125,1.0,16.0,3.0,3.0,140.0,85.0,36.0,0.3333,75.0,23.9,49.0,991.7,0.0,8.2,5.1,229.1,SW,7.36,5.66,8.18,night
631336,2020-09-25,2020,LAA,2020-09-25 18:40:00,18,9,5,14,8,16,5,24,328,82.4,6,58,0.1034,0.3333,5.0,6.0,5.0,12.0,163.0,84.7,55.0,0.4167,3.0,10.0,0.0,12.0,165.0,80.4,60.0,0.25,72.3,22.4,63.7,993.3,0.0,8.9,5.5,229.3,SW,7.91,6.07,8.8,night
631337,2020-09-26,2020,LAA,2020-09-26 18:10:00,18,7,6,13,3,23,5,19,313,83.3,2,47,0.0426,0.1579,3.0,14.0,3.0,8.0,163.0,81.7,47.0,0.375,0.0,9.0,2.0,11.0,150.0,85.2,40.0,0.0,70.6,21.5,69.7,991.6,0.0,8.9,5.5,223.4,SW,8.32,6.73,8.9,night
631338,2020-09-27,2020,LAA,2020-09-27 12:10:00,12,5,0,5,2,15,7,9,264,81.5,2,43,0.0465,0.2222,2.0,7.0,4.0,6.0,142.0,82.3,38.0,0.3333,0.0,8.0,3.0,3.0,122.0,80.7,36.0,0.0,82.0,27.8,46.7,992.7,0.0,7.5,4.6,195.0,S,7.4,7.29,6.62,day
634533,2021-04-09,2021,WSH,2021-04-09 13:10:00,13,1,0,1,1,16,3,12,233,84.8,2,44,0.0455,0.0833,1.0,6.0,2.0,4.0,104.0,84.9,32.0,0.25,0.0,10.0,0.0,8.0,129.0,84.7,46.0,0.0,77.5,25.3,30.7,994.8,0.0,15.1,9.4,226.1,SW,13.81,10.92,15.04,day
632191,2021-04-10,2021,WSH,2021-04-10 18:10:00,18,9,5,14,3,15,8,24,300,84.2,6,56,0.1071,0.125,1.0,9.0,5.0,9.0,141.0,86.7,36.0,0.1111,2.0,6.0,1.0,15.0,159.0,82.7,59.0,0.1333,66.4,19.1,43.3,990.2,0.0,8.8,5.5,223.4,SW,8.22,6.65,8.8,night
632214,2021-04-11,2021,WSH,2021-04-11 13:10:00,13,3,0,3,1,16,1,12,243,82.2,4,46,0.087,0.0833,1.0,7.0,1.0,5.0,119.0,81.5,42.0,0.2,0.0,9.0,0.0,7.0,124.0,83.1,35.0,0.0,74.4,23.5,38.3,988.2,0.0,9.4,5.8,201.0,S,9.4,8.91,8.75,day
632212,2021-04-13,2021,COL,2021-04-13 19:10:00,19,7,0,7,4,18,6,12,292,82.4,6,45,0.1333,0.3333,4.0,6.0,4.0,10.0,169.0,85.8,48.0,0.4,0.0,12.0,2.0,2.0,123.0,77.9,36.0,0.0,56.2,13.5,75.3,992.8,0.7,11.6,7.2,242.0,SW,8.92,5.87,10.9,night
634614,2021-04-14,2021,COL,2021-04-14 19:10:00,19,4,2,6,2,20,7,18,307,79.7,2,49,0.0408,0.1111,2.0,8.0,5.0,9.0,177.0,79.8,57.0,0.2222,0.0,12.0,2.0,9.0,130.0,79.5,42.0,0.0,53.4,11.9,64.3,995.8,0.0,8.0,5.0,241.0,SW,6.29,4.2,7.62,night
634547,2021-04-15,2021,COL,2021-04-15 19:10:00,19,7,5,12,4,17,7,18,275,80.5,8,51,0.1569,0.2222,2.0,9.0,5.0,9.0,144.0,81.7,46.0,0.2222,2.0,8.0,1.0,9.0,131.0,79.4,54.0,0.2222,56.0,13.3,73.7,995.7,0.0,9.7,6.0,224.4,SW,9.0,7.23,9.69,night
634420,2021-04-22,2021,SD,2021-04-22 19:10:00,19,2,3,5,3,20,3,13,282,82.4,5,45,0.1111,0.2308,2.0,10.0,2.0,6.0,156.0,83.4,48.0,0.3333,1.0,10.0,0.0,7.0,126.0,81.3,47.0,0.1429,54.4,12.4,77.7,994.3,0.0,7.7,4.8,233.7,SW,6.59,4.83,7.55,night
634370,2021-04-23,2021,SD,2021-04-23 19:10:00,19,1,6,7,3,19,7,12,249,84.0,3,43,0.0698,0.25,0.0,11.0,3.0,4.0,118.0,82.2,33.0,0.0,3.0,8.0,3.0,8.0,131.0,85.6,37.0,0.375,58.2,14.5,72.7,996.9,0.0,9.4,5.8,242.0,SW,7.25,4.77,8.86,night
634361,2021-04-24,2021,SD,2021-04-24 18:10:00,18,5,4,9,2,25,6,20,311,82.2,4,45,0.0889,0.1,0.0,10.0,4.0,12.0,134.0,85.1,39.0,0.0,2.0,15.0,2.0,8.0,177.0,79.8,46.0,0.25,57.8,14.3,68.7,994.6,0.0,12.3,7.7,234.0,SW,10.52,7.68,12.09,night
634356,2021-04-25,2021,SD,2021-04-25 16:08:00,16,7,8,15,3,32,15,21,431,80.2,3,56,0.0536,0.1429,2.0,16.0,6.0,10.0,231.0,80.2,61.0,0.2,1.0,16.0,6.0,11.0,200.0,80.3,53.0,0.0909,62.1,16.7,54.0,991.5,0.0,19.4,12.1,241.7,SW,15.07,9.96,18.36,day
634363,2021-04-26,2021,CIN,2021-04-26 19:10:00,19,3,5,8,2,20,10,12,358,80.4,3,50,0.06,0.1667,1.0,12.0,5.0,6.0,187.0,81.3,48.0,0.1667,1.0,8.0,5.0,6.0,171.0,79.6,52.0,0.1667,56.6,13.7,60.3,991.8,0.0,14.0,8.7,230.0,SW,12.42,9.46,13.88,night
634379,2021-04-27,2021,CIN,2021-04-27 19:10:00,19,5,6,11,2,22,9,14,299,83.1,4,45,0.0889,0.1429,1.0,9.0,8.0,4.0,155.0,83.1,44.0,0.25,1.0,13.0,1.0,10.0,144.0,83.1,42.0,0.1,58.3,14.6,63.3,995.2,0.0,8.4,5.2,243.0,SW,6.41,4.15,7.9,night
634365,2021-04-28,2021,CIN,2021-04-28 13:10:00,13,8,0,8,1,24,9,15,293,82.4,2,40,0.05,0.0667,1.0,11.0,7.0,8.0,159.0,86.3,33.0,0.125,0.0,13.0,1.0,7.0,134.0,78.7,35.0,0.0,88.3,31.3,4.0,996.8,0.0,4.9,3.0,299.7,NW,-0.61,-2.23,1.07,day
634142,2021-05-11,2021,SEA,2021-05-11 19:10:00,19,6,4,10,5,27,3,13,270,83.1,4,36,0.1111,0.3846,2.0,15.0,2.0,9.0,149.0,82.9,47.0,0.2222,3.0,12.0,1.0,4.0,121.0,83.5,31.0,0.75,61.0,16.1,78.3,993.3,0.0,11.6,7.2,224.0,SW,10.76,8.66,11.56,night
634140,2021-05-12,2021,SEA,2021-05-12 19:10:00,19,7,1,8,1,13,5,13,279,83.8,1,52,0.0192,0.0769,1.0,5.0,4.0,11.0,166.0,86.1,55.0,0.0909,0.0,8.0,1.0,2.0,113.0,79.9,33.0,0.0,60.5,15.8,77.3,997.4,0.0,11.9,7.4,232.0,SW,10.39,7.75,11.77,night
634145,2021-05-14,2021,MIA,2021-05-14 19:10:00,19,9,6,15,2,20,5,20,308,83.8,2,51,0.0392,0.1,1.0,6.0,3.0,12.0,159.0,86.0,47.0,0.0833,1.0,14.0,2.0,8.0,149.0,81.2,39.0,0.125,60.4,15.8,73.0,994.0,0.0,13.6,8.5,233.0,SW,11.75,8.67,13.41,night
634096,2021-05-15,2021,MIA,2021-05-15 18:10:00,18,7,0,7,0,16,8,8,302,78.0,2,43,0.0465,0.0,0.0,6.0,7.0,6.0,159.0,80.4,43.0,0.0,0.0,10.0,1.0,2.0,143.0,75.8,46.0,0.0,61.8,16.5,67.7,992.9,0.0,15.0,9.3,224.3,SW,13.92,11.18,14.99,night
634122,2021-05-16,2021,MIA,2021-05-16 13:10:00,13,2,3,5,1,20,4,16,311,81.6,3,50,0.06,0.0625,0.0,8.0,1.0,10.0,146.0,83.7,51.0,0.0,1.0,12.0,3.0,6.0,165.0,79.3,45.0,0.1667,66.0,18.9,52.3,995.6,0.2,13.0,8.1,217.4,SW,12.6,10.69,12.98,day
634091,2021-05-17,2021,AZ,2021-05-17 19:10:00,19,3,1,4,1,17,13,9,284,82.6,1,42,0.0238,0.1111,1.0,10.0,5.0,5.0,151.0,84.6,37.0,0.2,0.0,7.0,6.0,4.0,133.0,81.1,48.0,0.0,59.0,15.0,74.7,996.3,0.0,10.1,6.3,218.7,SW,9.67,8.13,10.04,night
634092,2021-05-18,2021,AZ,2021-05-18 19:10:00,19,9,1,10,3,19,6,13,268,82.0,1,45,0.0222,0.2308,3.0,9.0,6.0,10.0,159.0,83.8,44.0,0.3,0.0,10.0,0.0,3.0,109.0,79.8,36.0,0.0,63.4,17.5,70.0,992.5,0.0,6.1,3.8,196.7,S,6.04,5.88,5.46,night
634033,2021-05-19,2021,AZ,2021-05-19 19:10:00,19,4,2,6,1,18,5,9,269,82.2,3,42,0.0714,0.1111,0.0,7.0,3.0,7.0,150.0,86.8,42.0,0.0,1.0,11.0,2.0,2.0,119.0,76.5,35.0,0.5,60.6,15.9,65.7,991.4,0.0,10.5,6.5,216.3,SW,10.16,8.69,10.41,night
634059,2021-05-20,2021,AZ,2021-05-20 19:10:00,19,3,2,5,3,27,2,14,262,82.8,3,35,0.0857,0.2143,2.0,13.0,1.0,7.0,115.0,86.4,32.0,0.2857,1.0,14.0,1.0,7.0,147.0,80.2,43.0,0.1429,61.7,16.5,54.0,991.1,0.0,11.8,7.3,205.4,SW,11.75,10.84,11.24,night
633930,2021-05-27,2021,SF,2021-05-27 19:10:00,19,4,3,7,5,24,2,9,221,81.2,7,36,0.1944,0.5556,3.0,11.0,0.0,6.0,102.0,84.0,42.0,0.5,2.0,13.0,2.0,3.0,119.0,78.0,37.0,0.6667,62.1,16.7,68.7,996.2,0.0,12.2,7.6,221.7,SW,11.49,9.43,12.17,night
633921,2021-05-28,2021,SF,2021-05-28 19:10:00,19,5,8,13,4,14,13,14,343,83.2,3,60,0.05,0.2857,2.0,5.0,7.0,8.0,172.0,84.7,55.0,0.25,2.0,9.0,5.0,6.0,171.0,81.7,56.0,0.3333,62.1,16.7,71.7,993.9,0.0,10.2,6.3,217.7,SW,9.84,8.34,10.16,night
633938,2021-05-29,2021,SF,2021-05-29 16:15:00,16,6,11,17,4,24,7,24,334,84.1,7,55,0.1273,0.1667,2.0,13.0,2.0,8.0,156.0,84.4,49.0,0.25,2.0,11.0,2.0,16.0,178.0,83.9,54.0,0.125,68.1,20.0,56.0,992.4,0.0,14.1,8.8,221.0,SW,13.4,11.06,14.13,day
633923,2021-05-30,2021,SF,2021-05-30 13:10:00,13,4,5,9,4,22,6,13,275,80.5,6,46,0.1304,0.3077,2.0,11.0,1.0,5.0,118.0,80.1,41.0,0.4,2.0,11.0,5.0,8.0,157.0,81.0,39.0,0.25,75.4,24.1,44.7,991.6,0.0,14.8,9.2,222.0,SW,13.92,11.39,14.77,day
633851,2021-05-31,2021,STL,2021-05-31 18:10:00,18,9,4,13,6,19,5,15,288,84.9,8,46,0.1739,0.4,3.0,12.0,3.0,10.0,169.0,84.8,47.0,0.3,3.0,7.0,1.0,5.0,119.0,84.9,48.0,0.6,65.2,18.5,66.0,993.9,0.0,12.0,7.5,239.2,SW,9.62,6.59,11.5,night
633879,2021-06-01,2021,STL,2021-06-01 19:10:00,19,2,3,5,1,20,6,15,298,83.6,1,48,0.0208,0.0667,1.0,7.0,5.0,7.0,150.0,85.1,41.0,0.1429,0.0,13.0,1.0,8.0,148.0,82.2,46.0,0.0,62.4,16.9,75.0,993.8,0.0,11.3,7.0,232.3,SW,9.83,7.31,11.17,night
633988,2021-06-02,2021,STL,2021-06-02 18:10:00,18,14,3,17,3,20,12,17,337,81.1,2,50,0.04,0.1765,1.0,8.0,10.0,10.0,190.0,81.0,64.0,0.1,2.0,12.0,1.0,7.0,147.0,81.2,50.0,0.2857,64.5,18.0,69.0,991.5,0.0,12.8,8.0,220.7,SW,12.19,10.09,12.83,night
633761,2021-06-11,2021,TEX,2021-06-11 19:10:00,19,12,1,13,5,16,6,20,315,83.9,5,57,0.0877,0.25,5.0,4.0,3.0,16.0,160.0,84.8,59.0,0.3125,0.0,12.0,3.0,4.0,155.0,82.6,44.0,0.0,69.1,20.6,39.3,992.2,0.0,10.0,6.2,220.0,SW,9.54,7.93,9.99,night
633723,2021-06-12,2021,TEX,2021-06-12 19:10:00,19,1,12,13,4,21,6,23,338,82.5,5,54,0.0926,0.1739,1.0,10.0,2.0,6.0,153.0,81.7,56.0,0.1667,3.0,11.0,4.0,17.0,185.0,83.3,61.0,0.1765,71.0,21.7,48.3,990.9,0.0,10.7,6.7,215.8,SW,10.44,8.97,10.66,night
633719,2021-06-13,2021,TEX,2021-06-13 13:10:00,13,5,3,8,1,15,7,21,298,80.5,2,54,0.037,0.0476,1.0,9.0,3.0,11.0,146.0,79.7,47.0,0.0909,0.0,6.0,4.0,10.0,152.0,81.2,62.0,0.0,86.1,30.0,27.7,992.8,0.0,16.0,9.9,226.7,SW,14.6,11.47,15.96,day
633652,2021-06-14,2021,PHI,2021-06-14 19:10:00,19,3,1,4,2,17,4,11,279,80.0,1,45,0.0222,0.1818,2.0,7.0,1.0,3.0,122.0,81.3,38.0,0.6667,0.0,10.0,3.0,8.0,157.0,79.1,56.0,0.0,74.2,23.5,52.3,991.7,0.0,8.3,5.1,196.9,S,8.23,8.01,7.46,night
633675,2021-06-15,2021,PHI,2021-06-15 19:10:00,19,5,3,8,2,14,7,17,295,78.9,2,54,0.037,0.1176,1.0,5.0,3.0,11.0,135.0,80.6,47.0,0.0909,1.0,9.0,3.0,6.0,160.0,77.4,54.0,0.1667,80.1,26.7,33.3,988.7,0.0,8.2,5.1,178.7,S,7.47,8.15,5.89,night
633677,2021-06-16,2021,PHI,2021-06-16 19:10:00,19,0,2,2,1,21,6,15,280,79.9,2,46,0.0435,0.0667,0.0,10.0,4.0,5.0,130.0,77.6,39.0,0.0,1.0,11.0,1.0,10.0,150.0,81.4,55.0,0.1,72.3,22.4,55.0,990.5,0.0,13.7,8.5,159.3,S,10.02,12.63,6.2,night
633505,2021-06-24,2021,CHC,2021-06-24 19:10:00,19,0,4,4,2,15,12,8,291,80.7,2,42,0.0476,0.25,0.0,7.0,8.0,0.0,139.0,81.4,41.0,,2.0,8.0,4.0,8.0,152.0,80.1,48.0,0.25,66.3,19.1,65.7,994.8,0.0,9.1,5.6,217.8,SW,8.75,7.4,9.04,night
633608,2021-06-25,2021,CHC,2021-06-25 19:10:00,19,6,2,8,4,20,9,13,301,81.7,2,46,0.0435,0.3077,3.0,6.0,4.0,8.0,149.0,81.5,52.0,0.375,1.0,14.0,4.0,5.0,152.0,81.9,38.0,0.2,68.7,20.4,62.7,991.5,0.0,9.5,5.9,200.6,S,9.53,9.06,8.85,night
633562,2021-06-26,2021,CHC,2021-06-26 16:15:00,16,3,2,5,2,27,4,17,263,86.3,3,39,0.0769,0.1176,1.0,11.0,3.0,10.0,138.0,86.1,40.0,0.1,1.0,16.0,1.0,7.0,125.0,86.6,32.0,0.1429,79.8,26.5,44.7,988.1,0.0,13.7,8.5,223.3,SW,12.84,10.39,13.73,day
633472,2021-06-27,2021,CHC,2021-06-27 16:08:00,16,7,1,8,3,27,4,12,247,83.3,2,35,0.0571,0.25,2.0,12.0,3.0,8.0,133.0,83.7,46.0,0.25,1.0,15.0,1.0,4.0,114.0,82.7,25.0,0.25,80.9,27.2,47.3,985.6,0.0,15.5,9.6,213.3,SW,15.22,13.31,15.3,day
633458,2021-06-28,2021,SF,2021-06-28 19:10:00,19,3,2,5,5,21,4,16,263,81.0,2,44,0.0455,0.3125,3.0,10.0,2.0,5.0,116.0,82.4,31.0,0.6,2.0,11.0,2.0,11.0,147.0,79.8,40.0,0.1818,71.7,22.0,67.0,987.0,0.0,9.8,6.1,182.7,S,9.19,9.77,7.5,night
633471,2021-06-29,2021,SF,2021-06-29 19:10:00,19,3,1,4,1,17,7,6,263,83.1,2,40,0.05,0.1667,1.0,7.0,5.0,3.0,121.0,84.9,38.0,0.3333,0.0,10.0,2.0,3.0,142.0,81.6,44.0,0.0,69.6,20.9,67.7,990.8,0.0,9.1,5.6,198.3,S,9.04,8.72,8.27,night
633320,2021-07-09,2021,AZ,2021-07-09 19:10:00,19,2,5,7,2,18,10,13,302,82.9,1,51,0.0196,0.1538,1.0,7.0,3.0,5.0,115.0,84.4,41.0,0.2,1.0,11.0,7.0,8.0,187.0,81.9,55.0,0.125,72.4,22.5,62.3,993.1,0.0,10.6,6.6,222.3,SW,9.97,8.14,10.6,night
633311,2021-07-10,2021,AZ,2021-07-10 19:10:00,19,22,1,23,9,15,10,25,325,85.4,9,60,0.15,0.36,8.0,4.0,8.0,21.0,192.0,88.5,73.0,0.381,1.0,11.0,2.0,4.0,133.0,79.1,36.0,0.25,74.0,23.3,53.3,992.9,0.0,9.8,6.1,169.9,S,8.23,9.53,5.94,night
633302,2021-07-11,2021,AZ,2021-07-11 13:10:00,13,7,4,11,4,15,5,20,304,81.5,2,55,0.0364,0.2,2.0,6.0,2.0,10.0,144.0,85.7,57.0,0.2,2.0,9.0,1.0,10.0,160.0,77.7,61.0,0.2,89.1,31.7,30.3,991.8,0.0,16.7,10.4,210.0,SW,16.52,14.78,16.27,day
633259,2021-07-19,2021,SF,2021-07-19 19:10:00,19,2,7,9,4,17,8,16,316,81.5,5,52,0.0962,0.25,2.0,11.0,4.0,4.0,157.0,78.0,53.0,0.5,2.0,6.0,4.0,12.0,159.0,85.1,52.0,0.1667,73.9,23.3,53.0,995.5,0.0,8.5,5.3,202.3,S,8.47,7.96,7.95,night
633199,2021-07-20,2021,SF,2021-07-20 19:10:00,19,8,6,14,7,23,6,17,286,85.3,8,45,0.1778,0.4118,3.0,10.0,3.0,10.0,135.0,84.6,44.0,0.3,4.0,13.0,3.0,7.0,151.0,86.1,38.0,0.5714,74.1,23.4,55.7,992.0,0.0,9.6,5.9,202.4,S,9.57,9.0,8.98,night
633217,2021-07-21,2021,SF,2021-07-21 19:10:00,19,2,4,6,3,16,7,9,273,81.3,2,46,0.0435,0.3333,1.0,9.0,3.0,3.0,130.0,83.1,43.0,0.3333,2.0,7.0,4.0,6.0,143.0,79.8,53.0,0.3333,76.2,24.5,52.7,990.7,0.0,10.4,6.5,194.0,S,10.28,10.19,9.14,night
633244,2021-07-22,2021,SF,2021-07-22 19:10:00,19,3,5,8,1,21,5,16,268,81.9,3,48,0.0625,0.0625,1.0,9.0,2.0,7.0,128.0,82.1,46.0,0.1429,0.0,12.0,3.0,9.0,140.0,81.6,45.0,0.0,74.7,23.7,63.0,995.3,0.0,11.0,6.8,188.0,S,10.62,10.92,9.04,night
633173,2021-07-23,2021,COL,2021-07-23 19:10:00,19,6,9,15,5,18,6,22,343,82.9,8,63,0.127,0.2273,1.0,12.0,4.0,10.0,187.0,81.4,56.0,0.1,4.0,6.0,2.0,12.0,156.0,84.5,54.0,0.3333,71.3,21.8,69.3,996.6,0.0,11.0,6.9,225.7,SW,10.14,8.05,11.02,night
633188,2021-07-24,2021,COL,2021-07-24 18:10:00,18,1,0,1,1,17,4,7,220,79.9,1,40,0.025,0.1429,1.0,7.0,0.0,5.0,98.0,82.2,33.0,0.2,0.0,10.0,4.0,2.0,122.0,77.8,37.0,0.0,72.0,22.2,64.3,994.5,0.0,11.6,7.2,232.0,SW,10.1,7.53,11.44,night
633172,2021-07-25,2021,COL,2021-07-25 13:10:00,13,3,2,5,4,17,7,13,292,82.9,2,45,0.0444,0.3077,3.0,6.0,3.0,7.0,147.0,84.4,47.0,0.4286,1.0,11.0,3.0,6.0,145.0,81.0,38.0,0.1667,80.2,26.8,45.7,995.0,0.0,15.5,9.6,207.0,SW,15.42,14.07,14.9,day
633061,2021-08-03,2021,HOU,2021-08-03 19:10:00,19,0,3,3,1,21,8,13,313,83.2,2,45,0.0444,0.0769,0.0,13.0,3.0,5.0,151.0,82.7,41.0,0.0,1.0,8.0,3.0,8.0,162.0,83.6,55.0,0.125,71.7,22.0,60.0,991.8,0.0,10.5,6.5,187.7,S,10.18,10.49,8.65,night
633019,2021-08-04,2021,HOU,2021-08-04 18:40:00,18,7,5,12,7,21,4,17,287,81.7,6,47,0.1277,0.4118,4.0,6.0,3.0,9.0,136.0,82.6,51.0,0.4444,3.0,15.0,1.0,8.0,151.0,80.7,41.0,0.375,74.7,23.7,51.7,990.7,0.0,13.1,8.2,206.4,SW,13.1,12.01,12.62,night
633028,2021-08-06,2021,LAA,2021-08-06 19:10:00,19,3,4,7,2,18,5,18,326,78.8,3,57,0.0526,0.1111,0.0,7.0,2.0,11.0,181.0,80.8,68.0,0.0,2.0,11.0,2.0,7.0,145.0,76.0,46.0,0.2857,70.8,21.6,66.0,992.6,0.0,10.6,6.6,199.7,S,10.62,10.16,9.8,night
632986,2021-08-07,2021,LAA,2021-08-07 18:10:00,18,5,3,8,1,19,5,17,270,79.9,1,49,0.0204,0.0588,1.0,7.0,2.0,9.0,124.0,83.8,43.0,0.1111,0.0,12.0,3.0,8.0,146.0,76.9,56.0,0.0,72.7,22.6,62.3,992.1,0.0,12.3,7.7,222.7,SW,11.58,9.42,12.33,night
632956,2021-08-08,2021,LAA,2021-08-08 13:10:00,13,8,2,10,2,19,8,18,297,82.1,5,51,0.098,0.1111,2.0,7.0,1.0,11.0,149.0,83.6,53.0,0.1818,0.0,12.0,5.0,7.0,148.0,80.3,45.0,0.0,83.3,28.5,41.7,993.2,0.0,12.2,7.6,214.3,SW,11.94,10.36,12.08,day
632882,2021-08-16,2021,PIT,2021-08-16 19:10:00,19,2,1,3,2,17,7,11,261,81.1,3,43,0.0698,0.1818,2.0,7.0,2.0,5.0,124.0,82.1,37.0,0.4,0.0,10.0,4.0,6.0,137.0,80.3,42.0,0.0,73.5,23.1,70.0,989.5,0.0,9.4,5.8,226.7,SW,8.55,6.72,9.34,night
632909,2021-08-17,2021,PIT,2021-08-17 19:10:00,19,4,3,7,0,17,5,13,280,79.2,3,49,0.0612,0.0,0.0,10.0,3.0,8.0,150.0,79.8,48.0,0.0,0.0,7.0,2.0,5.0,130.0,78.5,53.0,0.0,71.5,22.0,75.0,990.6,0.0,12.7,7.9,224.3,SW,11.76,9.44,12.66,night
632887,2021-08-18,2021,PIT,2021-08-18 19:10:00,19,9,0,9,4,16,9,12,262,82.9,3,46,0.0652,0.3333,4.0,9.0,7.0,9.0,151.0,82.5,41.0,0.4444,0.0,7.0,2.0,3.0,111.0,83.4,34.0,0.0,70.8,21.6,75.0,992.3,0.3,11.9,7.4,203.3,SW,11.9,11.12,11.24,night
632835,2021-08-19,2021,NYM,2021-08-19 19:10:00,19,4,1,5,0,14,2,12,247,84.7,1,46,0.0217,0.0,0.0,6.0,2.0,6.0,122.0,85.1,38.0,0.0,0.0,8.0,0.0,6.0,125.0,84.3,46.0,0.0,70.5,21.4,64.0,992.0,0.0,10.3,6.4,246.3,SW,7.43,4.54,9.42,night
632811,2021-08-20,2021,NYM,2021-08-20 19:10:00,19,3,2,5,1,20,2,11,239,84.2,1,42,0.0238,0.0909,0.0,10.0,1.0,5.0,110.0,85.2,29.0,0.0,1.0,10.0,1.0,6.0,129.0,83.5,42.0,0.1667,69.2,20.7,70.7,989.5,0.0,12.6,7.8,244.3,SW,9.36,5.93,11.67,night
632795,2021-08-21,2021,NYM,2021-08-21 13:05:00,13,4,3,7,5,16,5,16,277,81.9,4,50,0.08,0.3125,3.0,4.0,3.0,8.0,122.0,81.7,41.0,0.375,2.0,12.0,2.0,8.0,155.0,82.0,47.0,0.25,72.3,22.4,62.7,990.2,0.0,15.9,9.9,230.0,SW,14.13,10.76,15.8,day
632796,2021-08-22,2021,NYM,2021-08-22 13:10:00,13,2,7,9,1,16,6,14,294,80.6,3,50,0.06,0.0714,0.0,8.0,2.0,5.0,133.0,82.4,42.0,0.0,1.0,8.0,3.0,9.0,161.0,79.3,55.0,0.1111,77.8,25.4,50.7,990.5,0.0,15.3,9.5,228.0,SW,13.78,10.7,15.2,day
632740,2021-08-27,2021,COL,2021-08-27 19:10:00,19,2,4,6,5,21,3,13,285,80.2,5,45,0.1111,0.3846,2.0,12.0,0.0,6.0,140.0,86.6,37.0,0.3333,3.0,9.0,3.0,7.0,145.0,75.6,52.0,0.4286,73.7,23.2,51.3,985.6,0.0,8.8,5.5,213.7,SW,8.63,7.53,8.7,night
632707,2021-08-28,2021,COL,2021-08-28 18:10:00,18,5,2,7,1,14,10,10,299,80.4,0,42,0.0,0.1,1.0,9.0,8.0,7.0,166.0,79.3,55.0,0.1429,0.0,5.0,2.0,3.0,133.0,81.8,49.0,0.0,72.0,22.2,64.3,989.0,0.0,11.0,6.8,225.3,SW,10.11,8.04,10.95,night
632714,2021-08-29,2021,COL,2021-08-29 13:10:00,13,0,5,5,1,17,9,13,288,81.7,6,51,0.1176,0.0769,0.0,8.0,3.0,3.0,130.0,83.4,37.0,0.0,1.0,9.0,5.0,10.0,158.0,80.6,57.0,0.1,86.2,30.1,32.3,989.3,0.0,15.8,9.8,226.0,SW,14.49,11.46,15.77,day
632674,2021-08-30,2021,ATL,2021-08-30 19:10:00,19,5,3,8,7,18,1,18,264,83.6,5,50,0.1,0.3889,4.0,9.0,1.0,10.0,134.0,83.3,47.0,0.4,3.0,9.0,0.0,8.0,130.0,84.0,46.0,0.375,67.2,19.5,76.0,988.2,0.0,9.3,5.8,221.3,SW,8.8,7.24,9.3,night
632663,2021-08-31,2021,ATL,2021-08-31 19:10:00,19,3,2,5,2,20,7,10,279,81.8,3,41,0.0732,0.2,1.0,10.0,4.0,6.0,157.0,82.6,44.0,0.1667,1.0,10.0,2.0,4.0,122.0,80.8,36.0,0.25,66.6,19.2,76.3,989.0,0.0,9.6,6.0,221.8,SW,9.09,7.46,9.63,night
632656,2021-09-01,2021,ATL,2021-09-01 19:10:00,19,4,3,7,4,23,3,14,275,83.8,5,42,0.119,0.2857,2.0,12.0,3.0,7.0,146.0,84.7,46.0,0.2857,2.0,11.0,0.0,7.0,129.0,82.7,43.0,0.2857,67.9,19.9,73.7,991.9,0.0,10.9,6.8,244.3,SW,8.1,5.13,10.09,night
632542,2021-09-10,2021,SD,2021-09-10 19:10:00,19,3,0,3,1,17,6,10,260,83.1,3,43,0.0698,0.1,1.0,8.0,4.0,4.0,134.0,86.0,35.0,0.25,0.0,9.0,1.0,6.0,126.0,80.5,40.0,0.0,73.7,23.2,58.7,993.6,0.0,8.8,5.5,204.9,SW,8.79,8.13,8.39,night
632530,2021-09-11,2021,SD,2021-09-11 18:10:00,18,5,4,9,2,14,5,12,273,83.0,2,46,0.0435,0.1667,1.0,6.0,3.0,4.0,142.0,81.3,53.0,0.25,1.0,8.0,2.0,8.0,131.0,84.9,46.0,0.125,79.9,26.6,44.7,992.2,0.0,8.4,5.2,213.9,SW,8.27,7.2,8.34,night
632568,2021-09-12,2021,SD,2021-09-12 13:10:00,13,8,0,8,3,16,4,10,240,84.0,5,45,0.1111,0.3,3.0,7.0,3.0,9.0,142.0,84.4,43.0,0.3333,0.0,9.0,0.0,1.0,98.0,83.4,32.0,0.0,90.6,32.5,26.3,993.1,0.0,15.4,9.6,225.0,SW,14.26,11.38,15.42,day
632509,2021-09-13,2021,AZ,2021-09-13 19:10:00,19,5,1,6,1,14,6,17,274,83.9,6,54,0.1111,0.0588,1.0,5.0,3.0,11.0,145.0,85.4,58.0,0.0909,0.0,9.0,3.0,6.0,129.0,82.1,46.0,0.0,67.2,19.5,67.3,991.0,0.0,7.7,4.8,207.0,SW,7.64,6.98,7.39,night
632505,2021-09-14,2021,AZ,2021-09-14 19:10:00,19,8,4,12,4,16,6,17,289,81.9,4,51,0.0784,0.2353,3.0,6.0,4.0,9.0,157.0,84.0,60.0,0.3333,1.0,10.0,2.0,8.0,132.0,79.3,47.0,0.125,66.0,18.9,71.0,993.1,0.0,9.0,5.6,234.0,SW,7.64,5.58,8.79,night
632484,2021-09-15,2021,AZ,2021-09-15 19:10:00,19,5,3,8,2,14,7,18,274,82.8,2,51,0.0392,0.1111,1.0,3.0,2.0,14.0,142.0,84.4,50.0,0.0714,1.0,11.0,4.0,4.0,132.0,80.1,32.0,0.25,63.4,17.4,75.0,991.9,0.0,9.3,5.8,228.7,SW,8.35,6.44,9.25,night
632318,2021-09-28,2021,SD,2021-09-28 19:10:00,19,2,1,3,1,19,12,10,284,81.7,1,40,0.025,0.1,0.0,10.0,8.0,6.0,161.0,83.0,48.0,0.0,1.0,9.0,3.0,4.0,123.0,80.1,38.0,0.25,64.2,17.9,77.3,992.0,0.1,7.0,4.3,263.6,W,3.38,1.09,5.28,night
632297,2021-09-29,2021,SD,2021-09-29 19:10:00,19,11,9,20,8,16,6,25,299,83.9,8,60,0.1333,0.32,6.0,7.0,3.0,12.0,139.0,83.6,51.0,0.5,2.0,9.0,3.0,13.0,160.0,84.2,54.0,0.1538,66.0,18.9,66.3,992.6,0.0,4.8,3.0,252.5,W,3.07,1.63,4.13,night
632291,2021-09-30,2021,SD,2021-09-30 19:10:00,19,8,3,11,7,18,6,16,255,83.5,5,47,0.1064,0.4375,5.0,8.0,2.0,11.0,117.0,86.7,40.0,0.4545,2.0,10.0,4.0,5.0,138.0,80.8,46.0,0.4,71.9,22.2,30.3,992.6,0.0,3.7,2.3,141.3,SE,1.78,2.78,0.57,night
632273,2021-10-01,2021,MIL,2021-10-01 19:10:00,19,8,6,14,3,13,4,21,305,78.9,2,58,0.0345,0.1429,3.0,3.0,2.0,10.0,133.0,81.0,48.0,0.3,0.0,10.0,1.0,11.0,172.0,77.2,60.0,0.0,73.8,23.2,31.7,994.4,0.0,4.2,2.6,232.4,SW,3.64,2.71,4.14,night
632260,2021-10-02,2021,MIL,2021-10-02 18:10:00,18,8,3,11,4,17,4,13,266,83.5,4,45,0.0889,0.3077,3.0,9.0,1.0,9.0,133.0,86.1,40.0,0.3333,1.0,8.0,3.0,4.0,133.0,81.4,47.0,0.25,82.1,27.8,12.3,993.2,0.0,8.8,5.5,310.3,NW,-2.7,-5.42,0.34,night
632242,2021-10-03,2021,MIL,2021-10-03 12:10:00,12,10,3,13,2,22,7,17,305,83.6,7,46,0.1522,0.1176,2.0,7.0,6.0,10.0,158.0,81.8,49.0,0.2,0.0,15.0,1.0,7.0,147.0,85.8,40.0,0.0,94.6,34.8,9.0,993.8,0.0,12.8,8.0,181.6,S,11.96,12.8,9.68,day
662627,2022-04-14,2022,CIN,2022-04-14 19:10:00,19,9,3,12,3,13,6,20,307,81.0,4,55,0.0727,0.15,1.0,7.0,3.0,14.0,161.0,79.8,54.0,0.0714,2.0,6.0,3.0,6.0,146.0,82.3,51.0,0.3333,60.1,15.6,51.3,993.7,0.0,8.4,5.2,232.0,SW,7.31,5.46,8.28,night
662620,2022-04-15,2022,CIN,2022-04-15 19:10:00,19,3,1,4,0,13,9,12,287,80.3,2,48,0.0417,0.0,0.0,7.0,6.0,7.0,145.0,80.6,50.0,0.0,0.0,6.0,3.0,5.0,142.0,80.0,49.0,0.0,59.4,15.2,62.7,994.4,0.0,9.9,6.1,220.7,SW,9.37,7.76,9.86,night
662619,2022-04-16,2022,CIN,2022-04-16 19:10:00,19,5,2,7,1,19,4,12,276,82.1,2,42,0.0476,0.0833,1.0,7.0,2.0,8.0,140.0,84.7,36.0,0.125,0.0,12.0,2.0,4.0,136.0,79.6,37.0,0.0,58.7,14.8,78.7,998.7,0.0,13.3,8.3,239.0,SW,10.69,7.34,12.75,night
662618,2022-04-17,2022,CIN,2022-04-17 13:10:00,13,9,1,10,0,25,10,14,306,83.3,3,39,0.0769,0.0,0.0,10.0,7.0,10.0,169.0,86.0,47.0,0.0,0.0,15.0,3.0,4.0,137.0,80.0,38.0,0.0,72.5,22.5,41.3,999.2,0.0,14.5,9.0,228.7,SW,12.99,10.02,14.38,day
662617,2022-04-18,2022,ATL,2022-04-18 19:10:00,19,7,4,11,4,19,7,17,308,83.2,5,49,0.102,0.2353,2.0,7.0,7.0,7.0,161.0,84.9,51.0,0.2857,2.0,12.0,0.0,10.0,147.0,81.4,52.0,0.2,62.7,17.1,56.3,994.8,0.0,7.9,4.9,196.4,S,7.86,7.67,7.1,night
662717,2022-04-19,2022,ATL,2022-04-19 19:10:00,19,1,3,4,1,17,2,14,251,78.8,4,48,0.0833,0.0714,0.0,10.0,1.0,2.0,121.0,76.8,37.0,0.0,1.0,7.0,1.0,12.0,130.0,80.3,53.0,0.0833,61.0,16.1,74.3,992.9,0.0,11.1,6.9,197.2,S,11.09,10.77,10.07,night
662734,2022-04-20,2022,ATL,2022-04-20 12:10:00,12,5,1,6,2,14,9,11,263,81.5,4,45,0.0889,0.1818,2.0,8.0,5.0,8.0,138.0,81.1,42.0,0.25,0.0,6.0,4.0,3.0,125.0,82.0,38.0,0.0,72.1,22.3,38.7,995.7,0.0,14.9,9.2,159.0,S,10.78,13.63,6.63,day
662699,2022-04-29,2022,DET,2022-04-29 19:10:00,19,5,1,6,2,15,5,12,253,87.0,4,46,0.087,0.1667,2.0,8.0,4.0,6.0,144.0,88.6,24.0,0.3333,0.0,7.0,1.0,6.0,109.0,85.4,25.0,0.0,61.3,16.3,65.3,993.3,0.0,8.4,5.2,227.6,SW,7.58,5.91,8.33,night
662698,2022-04-30,2022,DET,2022-04-30 19:10:00,19,1,5,6,1,19,6,14,285,80.9,4,48,0.0833,0.0714,1.0,5.0,3.0,4.0,138.0,80.1,59.0,0.25,0.0,14.0,3.0,10.0,147.0,81.9,43.0,0.0,62.1,16.7,61.0,990.6,0.0,5.9,3.6,208.6,SW,5.83,5.27,5.7,night
662716,2022-05-01,2022,DET,2022-05-01 13:10:00,13,6,3,9,2,22,2,18,281,79.9,5,48,0.1042,0.1111,0.0,9.0,0.0,8.0,119.0,79.8,55.0,0.0,2.0,13.0,2.0,10.0,162.0,79.9,51.0,0.2,72.9,22.7,45.7,990.8,0.0,15.0,9.3,209.0,SW,14.9,13.42,14.59,day
662708,2022-05-03,2022,SF,2022-05-03 19:10:00,19,3,1,4,0,13,6,11,265,82.2,1,48,0.0208,0.0,0.0,5.0,3.0,5.0,136.0,85.0,53.0,0.0,0.0,8.0,3.0,6.0,129.0,79.2,49.0,0.0,61.8,16.5,69.7,992.8,0.0,9.7,6.0,238.8,SW,7.85,5.4,9.34,night
662707,2022-05-04,2022,SF,2022-05-04 19:10:00,19,9,1,10,3,15,6,17,282,82.7,3,49,0.0612,0.1765,2.0,9.0,3.0,11.0,162.0,84.9,53.0,0.1818,1.0,6.0,2.0,6.0,120.0,80.3,47.0,0.1667,64.3,17.9,71.7,993.1,0.0,8.6,5.4,196.8,S,8.59,8.37,7.78,night
662706,2022-05-12,2022,PHI,2022-05-12 19:10:00,19,7,9,16,3,20,6,24,312,82.2,5,58,0.0862,0.125,1.0,10.0,5.0,12.0,172.0,81.4,62.0,0.0833,2.0,10.0,1.0,12.0,140.0,83.4,41.0,0.1667,69.3,20.7,28.7,997.5,0.0,6.8,4.2,270.0,W,2.6,0.3,4.6,night
662705,2022-05-13,2022,PHI,2022-05-13 19:10:00,19,10,12,22,4,18,13,27,379,82.8,3,67,0.0448,0.1481,2.0,9.0,6.0,12.0,185.0,81.9,56.0,0.1667,2.0,9.0,6.0,15.0,194.0,83.6,66.0,0.1333,73.3,23.0,27.7,993.6,0.0,6.8,4.2,218.0,SW,6.59,5.56,6.81,night
662704,2022-05-14,2022,PHI,2022-05-14 19:10:00,19,3,8,11,5,16,4,15,259,79.4,4,52,0.0769,0.3333,1.0,10.0,4.0,5.0,137.0,79.7,44.0,0.2,4.0,6.0,0.0,10.0,122.0,79.1,49.0,0.4,77.3,25.2,30.0,992.1,0.0,6.2,3.9,179.3,S,5.7,6.19,4.52,night
662696,2022-05-15,2022,PHI,2022-05-15 13:10:00,13,5,4,9,1,15,11,15,302,82.3,2,49,0.0408,0.0667,1.0,8.0,5.0,7.0,146.0,82.8,38.0,0.1429,0.0,7.0,6.0,8.0,156.0,81.9,49.0,0.0,83.0,28.3,26.7,992.9,0.0,19.8,12.3,218.2,SW,19.03,16.06,19.71,day
662695,2022-05-16,2022,AZ,2022-05-16 19:10:00,19,5,4,9,3,15,9,14,286,82.9,2,49,0.0408,0.2143,1.0,4.0,5.0,9.0,153.0,82.8,52.0,0.1111,2.0,11.0,3.0,5.0,133.0,82.9,40.0,0.4,63.5,17.5,66.0,992.7,0.0,6.6,4.1,188.8,S,6.45,6.59,5.52,night
662628,2022-05-17,2022,AZ,2022-05-17 12:10:00,12,7,6,13,6,22,8,15,321,79.4,6,43,0.1395,0.4,4.0,8.0,2.0,9.0,139.0,82.8,46.0,0.4444,2.0,14.0,6.0,6.0,182.0,75.5,40.0,0.3333,73.3,23.0,46.0,995.6,0.0,14.7,9.2,214.7,SW,14.4,12.47,14.6,day
662697,2022-05-17,2022,AZ,2022-05-17 19:10:00,19,12,3,15,3,16,7,21,265,83.4,3,54,0.0556,0.1429,1.0,8.0,6.0,10.0,147.0,84.2,44.0,0.1,2.0,8.0,0.0,11.0,118.0,82.7,46.0,0.1818,62.0,16.7,71.7,994.6,0.0,9.0,5.6,229.3,SW,8.06,6.18,8.97,night
662744,2022-05-18,2022,AZ,2022-05-18 13:10:00,13,5,3,8,1,15,3,18,290,79.7,1,53,0.0189,0.0556,1.0,6.0,0.0,9.0,132.0,80.6,46.0,0.1111,0.0,9.0,3.0,9.0,158.0,78.9,52.0,0.0,76.6,24.8,43.7,995.2,0.0,15.4,9.6,229.7,SW,13.73,10.49,15.31,day
662743,2022-05-30,2022,PIT,2022-05-30 19:10:00,19,5,6,11,5,21,6,19,320,80.8,4,52,0.0769,0.2632,3.0,10.0,3.0,10.0,171.0,81.4,57.0,0.3,2.0,11.0,3.0,9.0,149.0,80.2,45.0,0.2222,63.0,17.2,62.3,988.9,0.0,8.5,5.3,195.4,S,8.47,8.32,7.6,night
662735,2022-05-31,2022,PIT,2022-05-31 19:10:00,19,3,5,8,3,24,9,15,298,80.8,4,44,0.0909,0.2,1.0,11.0,7.0,4.0,159.0,81.5,39.0,0.25,2.0,13.0,1.0,11.0,139.0,80.1,42.0,0.1818,67.0,19.5,56.3,990.1,0.0,9.6,6.0,219.3,SW,9.19,7.68,9.59,night
662721,2022-06-01,2022,PIT,2022-06-01 17:10:00,17,4,8,12,3,17,7,21,319,79.6,4,54,0.0741,0.1429,1.0,7.0,3.0,12.0,161.0,78.9,63.0,0.0833,2.0,10.0,3.0,9.0,158.0,80.6,49.0,0.2222,74.8,23.8,48.3,990.1,0.0,14.9,9.2,221.3,SW,14.07,11.58,14.86,night
662693,2022-06-02,2022,NYM,2022-06-02 19:10:00,19,2,0,2,0,13,3,12,265,82.8,3,49,0.0612,0.0,0.0,4.0,2.0,9.0,138.0,84.7,48.0,0.0,0.0,9.0,1.0,3.0,127.0,80.5,42.0,0.0,65.0,18.3,75.0,990.1,0.0,11.5,7.1,218.3,SW,11.03,9.3,11.44,night
662720,2022-06-03,2022,NYM,2022-06-03 19:10:00,19,6,1,7,4,19,4,13,280,81.0,5,45,0.1111,0.3077,3.0,11.0,2.0,8.0,144.0,86.3,43.0,0.375,1.0,8.0,2.0,5.0,136.0,76.4,49.0,0.2,62.5,17.0,76.3,991.5,0.0,11.3,7.0,225.3,SW,10.41,8.28,11.29,night
662687,2022-06-04,2022,NYM,2022-06-04 19:10:00,19,4,9,13,4,21,7,19,336,81.5,5,51,0.098,0.2105,0.0,10.0,5.0,6.0,182.0,79.6,51.0,0.0,4.0,11.0,2.0,13.0,154.0,83.1,58.0,0.3077,64.1,17.8,73.0,993.1,0.0,11.5,7.2,212.4,SW,11.36,10.0,11.35,night
662612,2022-06-05,2022,NYM,2022-06-05 13:10:00,13,4,5,9,3,17,4,17,344,82.8,6,59,0.1017,0.1765,2.0,7.0,0.0,9.0,167.0,85.1,66.0,0.2222,1.0,10.0,4.0,8.0,177.0,80.3,63.0,0.125,78.9,26.0,42.0,992.3,0.0,17.2,10.7,232.7,SW,14.9,11.04,16.96,day
662611,2022-06-14,2022,LAA,2022-06-14 19:10:00,19,2,0,2,1,19,8,6,260,82.2,1,38,0.0263,0.1667,1.0,8.0,5.0,3.0,130.0,82.0,43.0,0.3333,0.0,11.0,3.0,3.0,130.0,82.4,39.0,0.0,68.3,20.2,71.0,990.1,0.0,9.9,6.2,232.0,SW,8.65,6.45,9.8,night
662694,2022-06-15,2022,LAA,2022-06-15 19:10:00,19,4,1,5,2,18,5,9,282,80.6,6,42,0.1429,0.2222,2.0,8.0,3.0,6.0,148.0,82.7,55.0,0.3333,0.0,10.0,2.0,3.0,134.0,77.9,44.0,0.0,68.3,20.2,76.3,989.8,0.0,11.3,7.0,226.7,SW,10.31,8.11,11.27,night
662719,2022-06-17,2022,CLE,2022-06-17 19:10:00,19,1,2,3,1,14,6,14,304,83.1,4,59,0.0678,0.0714,1.0,6.0,3.0,8.0,166.0,84.2,62.0,0.125,0.0,8.0,3.0,6.0,138.0,81.8,50.0,0.0,66.1,18.9,59.0,990.8,0.0,12.0,7.5,207.4,SW,11.96,10.89,11.58,night
662686,2022-06-18,2022,CLE,2022-06-18 16:15:00,16,7,1,8,1,19,8,13,296,82.6,2,47,0.0426,0.0769,1.0,10.0,6.0,11.0,168.0,84.2,52.0,0.0909,0.0,9.0,2.0,2.0,128.0,80.7,42.0,0.0,73.9,23.3,40.7,992.6,0.0,18.4,11.5,234.3,SW,15.66,11.39,18.04,day
662590,2022-06-19,2022,CLE,2022-06-19 13:10:00,13,3,5,8,2,27,6,19,293,82.7,4,46,0.087,0.1053,1.0,13.0,2.0,8.0,142.0,85.5,41.0,0.125,1.0,14.0,3.0,11.0,151.0,80.3,46.0,0.0909,80.3,26.8,32.3,994.2,0.0,28.5,17.7,229.3,SW,25.43,19.5,28.3,day
662733,2022-06-30,2022,SD,2022-06-30 19:10:00,19,3,1,4,2,20,4,12,260,80.9,4,41,0.0976,0.1667,2.0,12.0,1.0,5.0,111.0,83.1,36.0,0.4,0.0,8.0,3.0,7.0,149.0,79.5,56.0,0.0,70.3,21.3,67.3,994.3,0.0,10.1,6.3,217.0,SW,9.75,8.29,10.02,night
662609,2022-07-01,2022,SD,2022-07-01 19:10:00,19,5,1,6,3,26,4,14,275,83.5,6,39,0.1538,0.2143,2.0,17.0,4.0,10.0,170.0,83.7,43.0,0.2,1.0,9.0,0.0,4.0,105.0,83.3,39.0,0.25,70.2,21.2,61.0,993.4,0.0,11.5,7.2,214.0,SW,11.3,9.83,11.41,night
662718,2022-07-02,2022,SD,2022-07-02 16:15:00,16,7,2,9,4,20,6,18,294,80.8,4,49,0.0816,0.2222,3.0,10.0,3.0,8.0,143.0,79.8,48.0,0.375,1.0,10.0,3.0,10.0,151.0,81.9,43.0,0.1,77.2,25.1,40.3,992.7,0.0,16.0,9.9,229.0,SW,14.32,11.01,15.9,day
662684,2022-07-03,2022,SD,2022-07-03 13:10:00,13,2,4,6,1,17,5,16,282,81.5,3,50,0.06,0.0625,0.0,6.0,4.0,8.0,150.0,84.9,43.0,0.0,1.0,11.0,1.0,8.0,132.0,78.5,46.0,0.125,78.7,25.9,44.7,993.6,0.0,17.5,10.9,220.0,SW,16.69,13.88,17.48,day
662732,2022-07-04,2022,COL,2022-07-04 18:10:00,18,5,3,8,3,16,5,16,289,83.5,4,50,0.08,0.1875,1.0,7.0,3.0,8.0,139.0,84.2,46.0,0.125,2.0,9.0,2.0,8.0,150.0,82.9,53.0,0.25,70.9,21.6,56.3,993.4,0.0,13.9,8.6,228.7,SW,12.45,9.6,13.79,night
662731,2022-07-05,2022,COL,2022-07-05 19:10:00,19,5,2,7,3,22,6,16,302,80.5,1,42,0.0238,0.1875,2.0,10.0,5.0,8.0,154.0,82.7,43.0,0.25,1.0,12.0,1.0,8.0,148.0,78.7,54.0,0.125,68.1,20.1,73.7,993.1,0.0,12.3,7.6,233.7,SW,10.5,7.69,12.03,night
662630,2022-07-06,2022,COL,2022-07-06 19:10:00,19,2,1,3,0,11,9,9,268,81.5,1,47,0.0213,0.0,0.0,4.0,5.0,8.0,135.0,83.0,49.0,0.0,0.0,7.0,4.0,1.0,133.0,79.7,44.0,0.0,68.1,20.1,69.7,993.0,0.0,11.5,7.2,226.7,SW,10.52,8.27,11.5,night
662730,2022-07-07,2022,CHC,2022-07-07 19:10:00,19,5,3,8,5,13,1,13,272,84.0,4,49,0.0816,0.3846,4.0,6.0,0.0,7.0,129.0,82.1,40.0,0.5714,1.0,7.0,1.0,6.0,143.0,85.7,43.0,0.1667,69.2,20.7,66.7,994.4,0.0,11.0,6.8,210.7,SW,10.85,9.66,10.73,night
662610,2022-07-08,2022,CHC,2022-07-08 19:10:00,19,4,3,7,2,16,5,11,284,79.9,1,53,0.0189,0.1818,1.0,11.0,4.0,6.0,170.0,80.4,59.0,0.1667,1.0,5.0,0.0,5.0,114.0,79.2,50.0,0.2,69.6,20.9,67.3,996.5,0.0,10.6,6.6,229.3,SW,9.49,7.27,10.56,night
662683,2022-07-09,2022,CHC,2022-07-09 19:10:00,19,4,2,6,1,17,2,15,243,84.4,1,49,0.0204,0.0667,1.0,5.0,1.0,10.0,125.0,83.5,52.0,0.1,0.0,12.0,1.0,5.0,118.0,85.7,35.0,0.0,71.7,22.0,60.7,996.8,0.0,9.7,6.0,211.1,SW,9.62,8.55,9.54,night
662729,2022-07-10,2022,CHC,2022-07-10 13:10:00,13,11,9,20,4,18,11,22,370,81.3,4,54,0.0741,0.1818,1.0,8.0,7.0,14.0,205.0,83.6,69.0,0.0714,3.0,10.0,4.0,8.0,165.0,78.5,57.0,0.375,87.6,30.9,34.3,996.5,0.0,17.5,10.9,218.7,SW,16.77,14.1,17.43,day
662685,2022-07-21,2022,SF,2022-07-21 19:09:00,19,9,6,15,4,16,10,16,318,82.4,5,51,0.098,0.25,2.0,9.0,3.0,10.0,148.0,84.2,46.0,0.2,2.0,7.0,5.0,6.0,170.0,81.0,58.0,0.3333,72.5,22.5,53.3,992.9,0.0,10.0,6.2,214.3,SW,9.82,8.52,9.93,night
662589,2022-07-22,2022,SF,2022-07-22 19:10:00,19,5,1,6,1,11,8,15,285,82.4,1,54,0.0185,0.0667,1.0,4.0,5.0,8.0,147.0,84.6,51.0,0.125,0.0,7.0,3.0,7.0,138.0,80.2,50.0,0.0,72.7,22.6,62.7,990.4,0.0,10.4,6.5,215.7,SW,10.16,8.73,10.36,night
662608,2022-07-23,2022,SF,2022-07-23 16:15:00,16,4,2,6,3,18,8,12,313,83.4,3,45,0.0667,0.25,3.0,9.0,3.0,7.0,168.0,83.1,55.0,0.4286,0.0,9.0,5.0,5.0,145.0,83.8,45.0,0.0,78.3,25.7,53.7,990.6,0.0,18.0,11.2,231.7,SW,15.72,11.77,17.77,day
662682,2022-07-24,2022,SF,2022-07-24 13:10:00,13,7,4,11,1,20,5,19,311,83.4,2,50,0.04,0.0526,0.0,6.0,3.0,12.0,150.0,85.8,44.0,0.0,1.0,14.0,2.0,7.0,161.0,81.1,47.0,0.1429,82.2,27.9,47.0,992.6,0.0,15.7,9.8,227.3,SW,14.28,11.16,15.68,day
662576,2022-07-25,2022,WSH,2022-07-25 19:10:00,19,1,4,5,2,17,7,16,286,82.5,2,52,0.0385,0.125,1.0,8.0,1.0,8.0,134.0,84.1,51.0,0.125,1.0,9.0,5.0,8.0,152.0,80.6,46.0,0.125,69.3,20.7,75.3,992.3,0.0,11.7,7.3,227.0,SW,10.68,8.37,11.7,night
662573,2022-07-26,2022,WSH,2022-07-26 19:10:00,19,3,8,11,3,16,4,20,304,81.5,3,59,0.0508,0.15,2.0,8.0,3.0,6.0,150.0,84.6,40.0,0.3333,1.0,8.0,1.0,14.0,154.0,79.4,60.0,0.0714,69.4,20.8,71.7,993.6,0.0,10.6,6.6,221.3,SW,10.0,8.23,10.56,night
662565,2022-07-27,2022,WSH,2022-07-27 12:10:00,12,7,1,8,0,15,12,16,315,82.4,2,47,0.0426,0.0,0.0,5.0,7.0,11.0,168.0,82.0,53.0,0.0,0.0,10.0,5.0,5.0,147.0,83.1,36.0,0.0,80.2,26.8,44.0,994.9,0.0,11.1,6.9,211.4,SW,10.93,9.69,10.86,day
662564,2022-08-05,2022,SD,2022-08-05 19:10:00,19,8,1,9,0,22,5,16,315,82.1,2,45,0.0444,0.0,0.0,9.0,2.0,12.0,148.0,82.4,57.0,0.0,0.0,13.0,3.0,4.0,167.0,81.7,56.0,0.0,75.1,24.0,60.7,992.4,0.0,9.6,6.0,203.1,SW,9.6,8.99,9.05,night
662654,2022-08-06,2022,SD,2022-08-06 18:10:00,18,8,3,11,2,11,3,16,275,83.9,5,58,0.0862,0.125,2.0,4.0,1.0,10.0,136.0,86.1,50.0,0.2,0.0,7.0,2.0,6.0,139.0,81.2,42.0,0.0,79.7,26.5,49.0,990.8,0.0,12.2,7.6,205.7,SW,12.18,11.21,11.68,night
662563,2022-08-07,2022,SD,2022-08-07 16:08:00,16,4,0,4,2,11,2,13,251,85.4,2,52,0.0385,0.1538,2.0,7.0,0.0,11.0,137.0,85.4,61.0,0.1818,0.0,4.0,2.0,2.0,114.0,85.5,39.0,0.0,89.2,31.8,26.3,991.9,0.0,16.8,10.4,227.6,SW,15.18,11.83,16.7,day
662562,2022-08-09,2022,MIN,2022-08-09 19:10:00,19,10,3,13,2,19,2,22,303,82.2,2,54,0.037,0.0909,1.0,8.0,2.0,15.0,177.0,85.0,57.0,0.0667,1.0,11.0,0.0,7.0,126.0,79.1,51.0,0.1429,76.2,24.6,48.3,993.2,0.0,9.7,6.0,209.2,SW,9.67,8.7,9.47,night
662575,2022-08-10,2022,MIN,2022-08-10 19:10:00,19,8,5,13,5,17,7,18,311,83.3,6,52,0.1154,0.2778,3.0,9.0,2.0,10.0,146.0,84.4,47.0,0.3,2.0,8.0,4.0,8.0,165.0,82.4,59.0,0.25,77.1,25.1,46.7,995.4,0.0,8.4,5.2,190.4,S,8.25,8.35,7.15,night
662574,2022-08-19,2022,MIA,2022-08-19 19:10:00,19,2,1,3,0,16,6,11,255,82.0,3,45,0.0667,0.0,0.0,9.0,2.0,6.0,131.0,82.6,43.0,0.0,0.0,7.0,3.0,5.0,124.0,81.3,36.0,0.0,72.0,22.2,63.0,988.3,0.0,9.0,5.6,194.7,S,8.88,8.76,7.93,night
662561,2022-08-20,2022,MIA,2022-08-20 18:10:00,18,7,0,7,2,24,5,15,278,81.7,2,41,0.0488,0.1333,2.0,9.0,3.0,12.0,163.0,83.5,54.0,0.1667,0.0,15.0,2.0,3.0,115.0,78.5,32.0,0.0,74.2,23.5,67.7,991.9,0.0,14.5,9.0,167.3,S,11.88,14.03,8.3,night
662600,2022-08-21,2022,MIA,2022-08-21 13:10:00,13,10,3,13,4,20,7,22,323,82.8,2,51,0.0392,0.1818,2.0,10.0,4.0,16.0,187.0,82.7,60.0,0.125,2.0,10.0,3.0,6.0,136.0,82.8,42.0,0.3333,81.8,27.7,49.0,996.8,0.0,11.4,7.1,204.8,SW,11.39,10.54,10.86,day
662594,2022-08-22,2022,MIL,2022-08-22 19:10:00,19,0,4,4,2,18,5,13,303,80.1,3,47,0.0638,0.1538,0.0,7.0,3.0,8.0,159.0,78.9,56.0,0.0,2.0,11.0,2.0,5.0,144.0,81.4,52.0,0.4,70.0,21.1,72.0,992.2,0.0,7.4,4.6,213.3,SW,7.27,6.35,7.31,night
662605,2022-08-23,2022,MIL,2022-08-23 19:10:00,19,10,1,11,1,11,6,15,295,84.9,2,55,0.0364,0.0667,1.0,6.0,4.0,11.0,165.0,83.6,50.0,0.0909,0.0,5.0,2.0,4.0,130.0,86.3,45.0,0.0,71.8,22.1,74.0,989.3,0.0,6.9,4.3,213.3,SW,6.78,5.93,6.81,night
662604,2022-08-24,2022,MIL,2022-08-24 18:00:00,18,12,6,18,3,19,9,22,321,81.6,2,54,0.037,0.1364,1.0,6.0,6.0,13.0,174.0,82.4,66.0,0.0769,2.0,13.0,3.0,9.0,147.0,80.5,47.0,0.2222,78.0,25.6,56.3,991.3,0.0,13.3,8.3,156.3,SE,9.21,11.94,5.37,night
662603,2022-09-02,2022,SD,2022-09-02 19:10:00,19,1,7,8,3,22,11,11,328,81.2,6,42,0.1429,0.2727,0.0,11.0,3.0,4.0,155.0,80.2,60.0,0.0,3.0,11.0,8.0,7.0,173.0,82.3,53.0,0.4286,81.1,27.3,46.3,988.5,0.0,7.9,4.9,209.3,SW,7.84,7.05,7.69,night
662597,2022-09-03,2022,SD,2022-09-03 18:10:00,18,12,1,13,5,11,7,15,262,82.9,5,55,0.0909,0.3333,4.0,6.0,4.0,13.0,158.0,82.5,59.0,0.3077,1.0,5.0,3.0,2.0,104.0,83.7,38.0,0.5,87.2,30.7,38.3,990.0,0.0,11.6,7.2,207.3,SW,11.53,10.5,11.16,night
662599,2022-09-04,2022,SD,2022-09-04 16:08:00,16,9,4,13,2,21,12,17,353,81.9,3,48,0.0625,0.1176,2.0,10.0,6.0,9.0,151.0,84.3,50.0,0.2222,0.0,11.0,6.0,8.0,202.0,80.3,70.0,0.0,95.8,35.5,33.0,989.2,0.0,19.8,12.3,234.4,SW,16.82,12.23,19.38,day
662602,2022-09-05,2022,SF,2022-09-05 19:10:00,19,4,7,11,7,22,3,18,305,84.6,7,49,0.1429,0.3889,2.0,11.0,0.0,9.0,144.0,83.2,47.0,0.2222,5.0,11.0,3.0,9.0,161.0,86.0,49.0,0.5556,84.0,28.9,49.7,987.3,0.0,9.4,5.8,200.0,S,9.36,8.93,8.65,night
662601,2022-09-06,2022,SF,2022-09-06 19:10:00,19,6,3,9,5,11,2,16,236,79.5,4,55,0.0727,0.3125,3.0,6.0,2.0,8.0,125.0,80.2,52.0,0.375,2.0,5.0,0.0,8.0,111.0,78.8,52.0,0.25,77.7,25.4,66.3,991.5,0.0,7.6,4.7,205.3,SW,7.62,7.04,7.29,night
662582,2022-09-07,2022,SF,2022-09-07 13:10:00,13,7,3,10,4,21,9,19,306,82.2,2,48,0.0417,0.2105,2.0,9.0,6.0,11.0,167.0,82.3,53.0,0.1818,2.0,12.0,3.0,8.0,139.0,82.1,41.0,0.25,100.1,37.8,26.7,993.3,0.0,14.5,9.0,218.9,SW,13.94,11.69,14.51,day
662622,2022-09-19,2022,AZ,2022-09-19 19:10:00,19,5,2,7,2,20,4,16,264,84.3,4,43,0.093,0.125,2.0,8.0,4.0,9.0,133.0,85.0,46.0,0.2222,0.0,12.0,0.0,7.0,131.0,83.6,48.0,0.0,68.8,20.5,75.3,991.2,0.0,12.4,7.7,256.7,W,7.24,3.37,10.23,night
662607,2022-09-20,2022,AZ,2022-09-20 19:10:00,19,2,5,7,2,17,4,13,259,80.6,2,51,0.0392,0.1538,1.0,9.0,1.0,8.0,126.0,83.1,48.0,0.125,1.0,8.0,2.0,5.0,133.0,78.1,48.0,0.2,70.9,21.6,71.3,991.9,0.0,11.0,6.8,250.3,W,7.36,4.14,9.7,night
662621,2022-09-20,2022,AZ,2022-09-20 12:10:00,12,6,5,11,3,22,7,23,346,81.3,3,55,0.0545,0.1304,1.0,9.0,5.0,13.0,188.0,80.4,61.0,0.0769,2.0,13.0,2.0,10.0,158.0,82.4,51.0,0.2,79.9,26.6,49.0,993.5,0.0,12.5,7.7,237.7,SW,10.19,7.12,12.03,day
662606,2022-09-21,2022,AZ,2022-09-21 19:10:00,19,1,6,7,1,14,5,10,273,80.2,1,49,0.0204,0.1,1.0,7.0,2.0,3.0,136.0,79.2,55.0,0.3333,0.0,7.0,3.0,7.0,137.0,81.3,46.0,0.0,71.8,22.1,56.3,992.8,0.0,12.4,7.7,259.3,W,6.78,2.83,9.93,night
662586,2022-09-22,2022,AZ,2022-09-22 19:10:00,19,3,2,5,1,26,3,10,274,80.5,2,37,0.0541,0.1,0.0,14.0,0.0,6.0,130.0,79.2,40.0,0.0,1.0,12.0,2.0,4.0,144.0,81.4,52.0,0.25,72.1,22.3,65.0,992.3,0.0,5.7,3.5,183.4,S,5.36,5.67,4.4,night
662585,2022-09-23,2022,STL,2022-09-23 19:10:00,19,0,11,11,5,15,4,19,307,82.6,4,58,0.069,0.2632,0.0,7.0,2.0,7.0,141.0,79.3,48.0,0.0,5.0,8.0,2.0,12.0,166.0,85.0,65.0,0.4167,73.6,23.1,59.0,994.0,0.0,8.2,5.1,220.7,SW,7.82,6.47,8.23,night
662584,2022-09-24,2022,STL,2022-09-24 18:10:00,18,6,2,8,4,16,5,16,274,83.1,4,49,0.0816,0.25,3.0,6.0,3.0,9.0,146.0,83.6,45.0,0.3333,1.0,10.0,2.0,7.0,128.0,82.5,43.0,0.1429,76.8,24.9,44.7,995.2,0.0,9.5,5.9,212.4,SW,9.33,8.21,9.32,night
662598,2022-09-25,2022,STL,2022-09-25 13:10:00,13,4,1,5,0,14,4,14,266,83.3,0,50,0.0,0.0,0.0,7.0,3.0,7.0,148.0,82.6,55.0,0.0,0.0,7.0,1.0,7.0,118.0,84.2,41.0,0.0,90.8,32.7,27.0,994.7,0.0,17.7,11.0,235.7,SW,14.84,10.63,17.27,day
662596,2022-09-30,2022,COL,2022-09-30 19:10:00,19,10,1,11,1,14,5,22,278,82.1,5,58,0.0862,0.0455,1.0,8.0,3.0,15.0,156.0,82.0,58.0,0.0667,0.0,6.0,2.0,7.0,122.0,82.2,44.0,0.0,66.0,18.9,79.3,990.2,0.0,8.8,5.5,232.4,SW,7.63,5.67,8.67,night
662595,2022-10-01,2022,COL,2022-10-01 18:10:00,18,6,4,10,2,17,14,18,312,82.2,2,49,0.0408,0.1111,0.0,10.0,10.0,10.0,167.0,80.4,49.0,0.0,2.0,7.0,4.0,8.0,145.0,84.0,51.0,0.25,66.4,19.1,71.3,991.6,0.0,12.6,7.8,243.7,SW,9.51,6.09,11.78,night
662581,2022-10-02,2022,COL,2022-10-02 13:10:00,13,1,4,5,1,28,5,14,275,78.1,2,39,0.0513,0.0714,0.0,15.0,3.0,4.0,132.0,80.7,37.0,0.0,1.0,13.0,2.0,10.0,143.0,76.1,48.0,0.1,78.7,25.9,49.3,993.7,0.0,14.9,9.3,235.0,SW,12.57,9.07,14.55,day
662629,2022-10-03,2022,COL,2022-10-03 19:10:00,19,1,2,3,1,17,1,15,290,83.0,2,51,0.0392,0.0667,1.0,6.0,0.0,6.0,130.0,85.8,52.0,0.1667,0.0,11.0,1.0,9.0,160.0,80.3,52.0,0.0,67.3,19.6,81.0,993.7,0.0,6.8,4.2,203.3,SW,6.77,6.33,6.39,night
662624,2022-10-04,2022,COL,2022-10-04 19:10:00,19,2,5,7,4,19,3,14,267,83.1,5,50,0.1,0.2857,1.0,8.0,2.0,5.0,122.0,83.2,45.0,0.2,3.0,11.0,1.0,9.0,145.0,82.9,45.0,0.3333,68.7,20.4,79.3,993.2,0.0,5.6,3.5,212.1,SW,5.49,4.84,5.48,night
662623,2022-10-05,2022,COL,2022-10-05 13:20:00,13,6,1,7,4,26,6,10,275,80.4,3,35,0.0857,0.4,3.0,9.0,4.0,8.0,147.0,81.9,52.0,0.375,1.0,17.0,2.0,2.0,128.0,78.5,41.0,0.5,83.0,28.3,48.0,994.4,0.0,12.8,7.9,221.4,SW,12.08,9.94,12.76,day
718770,2023-03-30,2023,AZ,2023-03-30 19:10:00,19,8,2,10,1,20,5,16,273,85.7,2,44,0.0455,0.0625,1.0,12.0,5.0,12.0,159.0,86.8,47.0,0.0833,0.0,8.0,0.0,4.0,114.0,84.5,41.0,0.0,48.6,9.2,83.3,997.0,0.0,6.8,4.2,288.5,W,0.47,-1.89,2.78,night
718765,2023-03-31,2023,AZ,2023-03-31 19:10:00,19,1,2,3,2,14,10,12,285,86.0,6,51,0.1176,0.1667,1.0,9.0,9.0,5.0,163.0,85.8,42.0,0.2,1.0,5.0,1.0,7.0,122.0,86.2,49.0,0.1429,52.9,11.6,79.3,1000.6,0.0,6.5,4.1,298.7,NW,-0.71,-2.89,1.56,night
718749,2023-04-01,2023,AZ,2023-04-01 18:10:00,18,10,1,11,5,17,5,13,263,83.8,6,46,0.1304,0.3846,4.0,7.0,5.0,8.0,145.0,83.3,47.0,0.5,1.0,10.0,0.0,5.0,118.0,84.4,36.0,0.2,55.9,13.3,74.3,998.7,0.0,7.1,4.4,227.4,SW,6.41,5.0,7.04,night
718736,2023-04-02,2023,AZ,2023-04-02 13:10:00,13,1,2,3,1,17,4,13,272,82.3,1,47,0.0213,0.0769,1.0,11.0,4.0,4.0,148.0,83.8,43.0,0.25,0.0,6.0,0.0,9.0,124.0,80.9,43.0,0.0,62.3,16.8,67.0,997.8,0.0,13.2,8.2,220.0,SW,12.59,10.47,13.19,day
718718,2023-04-03,2023,COL,2023-04-03 19:10:00,19,13,4,17,3,23,8,19,307,81.3,6,46,0.1304,0.1579,3.0,11.0,5.0,13.0,161.0,82.4,47.0,0.2308,0.0,12.0,3.0,6.0,146.0,80.1,46.0,0.0,49.5,9.7,30.7,995.0,0.0,26.1,16.2,345.0,N,-20.73,-24.92,-14.04,night
718703,2023-04-04,2023,COL,2023-04-04 19:10:00,19,5,2,7,3,16,7,14,286,81.3,5,45,0.1111,0.2143,3.0,9.0,5.0,7.0,151.0,85.6,43.0,0.4286,0.0,7.0,2.0,7.0,135.0,77.5,49.0,0.0,51.5,10.8,58.7,998.9,0.0,15.1,9.4,303.0,NW,-2.75,-7.67,2.51,night
718575,2023-04-14,2023,CHC,2023-04-14 19:10:00,19,2,8,10,7,21,4,15,291,84.4,9,48,0.1875,0.4667,2.0,10.0,1.0,3.0,135.0,83.6,39.0,0.6667,5.0,11.0,3.0,12.0,156.0,84.9,51.0,0.4167,54.2,12.3,78.0,995.3,0.0,8.9,5.5,257.6,W,5.09,2.29,7.28,night
718564,2023-04-15,2023,CHC,2023-04-15 18:10:00,18,2,1,3,1,24,9,9,293,81.3,2,36,0.0556,0.1111,0.0,13.0,3.0,5.0,149.0,81.6,40.0,0.0,1.0,11.0,6.0,4.0,144.0,81.0,35.0,0.25,57.6,14.2,72.0,998.2,0.0,11.4,7.1,232.3,SW,9.86,7.33,11.2,night
718547,2023-04-16,2023,CHC,2023-04-16 13:10:00,13,2,3,5,3,22,6,19,311,81.5,3,50,0.06,0.1579,1.0,11.0,4.0,8.0,151.0,80.8,45.0,0.125,2.0,11.0,2.0,11.0,160.0,82.0,58.0,0.1818,67.6,19.8,57.7,998.8,0.0,11.6,7.2,224.3,SW,10.8,8.67,11.63,day
718532,2023-04-17,2023,NYM,2023-04-17 19:10:00,19,6,8,14,4,12,3,23,307,84.2,6,63,0.0952,0.1739,3.0,9.0,0.0,9.0,143.0,86.0,41.0,0.3333,1.0,3.0,2.0,14.0,164.0,82.9,60.0,0.0714,55.6,13.1,77.0,993.7,0.0,9.0,5.6,243.0,SW,6.85,4.44,8.43,night
718516,2023-04-18,2023,NYM,2023-04-18 19:10:00,19,5,0,5,2,19,7,13,281,81.2,3,44,0.0682,0.1538,2.0,8.0,7.0,9.0,156.0,82.2,53.0,0.2222,0.0,11.0,0.0,4.0,125.0,80.1,50.0,0.0,57.0,13.9,65.7,994.8,0.0,9.1,5.6,240.0,SW,7.19,4.87,8.65,night
718508,2023-04-19,2023,NYM,2023-04-19 12:10:00,12,3,5,8,2,11,9,16,286,82.1,3,56,0.0536,0.125,1.0,7.0,4.0,5.0,151.0,82.1,51.0,0.2,1.0,4.0,4.0,11.0,135.0,82.2,42.0,0.0909,70.0,21.1,20.7,997.7,0.0,8.6,5.3,263.0,W,4.23,1.41,6.54,day
718382,2023-04-28,2023,STL,2023-04-28 19:10:00,19,7,3,10,2,17,11,15,343,83.9,2,48,0.0417,0.1333,2.0,10.0,4.0,9.0,180.0,81.5,49.0,0.2222,0.0,7.0,7.0,6.0,163.0,86.0,58.0,0.0,56.5,13.6,83.0,995.4,0.0,10.8,6.7,214.7,SW,10.56,9.14,10.7,night
718369,2023-04-29,2023,STL,2023-04-29 18:10:00,18,1,0,1,0,21,5,8,240,82.2,0,39,0.0,0.0,0.0,10.0,4.0,5.0,117.0,86.0,29.0,0.0,0.0,11.0,1.0,3.0,123.0,79.7,45.0,0.0,60.6,15.9,74.7,994.4,0.0,12.0,7.5,209.7,SW,11.94,10.71,11.73,night
718359,2023-04-30,2023,STL,2023-04-30 13:10:00,13,6,3,9,0,10,8,17,285,85.9,0,56,0.0,0.0,0.0,5.0,7.0,7.0,173.0,84.9,50.0,0.0,0.0,5.0,0.0,10.0,112.0,87.1,42.0,0.0,70.5,21.4,51.7,992.8,0.0,13.3,8.3,205.7,SW,13.31,12.26,12.76,day
718343,2023-05-01,2023,PHI,2023-05-01 19:10:00,19,13,4,17,5,19,11,24,328,83.4,5,55,0.0909,0.2083,4.0,13.0,8.0,15.0,179.0,83.4,46.0,0.2667,1.0,6.0,3.0,9.0,149.0,83.3,55.0,0.1111,56.8,13.8,67.0,990.4,0.0,9.7,6.0,197.4,S,9.63,9.34,8.75,night
718331,2023-05-02,2023,PHI,2023-05-02 19:10:00,19,13,1,14,2,24,7,19,307,83.0,3,46,0.0652,0.1053,1.0,10.0,5.0,17.0,176.0,84.5,52.0,0.0588,1.0,14.0,2.0,2.0,131.0,80.8,38.0,0.5,54.6,12.6,68.7,993.2,0.0,12.9,8.0,242.7,SW,9.86,6.42,12.11,night
718327,2023-05-03,2023,PHI,2023-05-03 13:10:00,13,10,6,16,2,14,7,21,306,83.7,3,59,0.0508,0.0952,2.0,7.0,2.0,11.0,149.0,88.3,42.0,0.1818,0.0,7.0,4.0,10.0,157.0,80.2,55.0,0.0,64.5,18.0,37.7,992.3,0.0,16.0,9.9,201.7,S,15.96,15.08,14.92,day
718201,2023-05-12,2023,SD,2023-05-12 19:10:00,19,4,2,6,2,13,5,14,250,85.0,3,50,0.06,0.1429,2.0,6.0,4.0,6.0,131.0,82.8,44.0,0.3333,0.0,7.0,1.0,8.0,119.0,87.1,44.0,0.0,59.4,15.2,79.3,993.0,0.0,8.8,5.5,227.0,SW,8.04,6.3,8.81,night
718185,2023-05-13,2023,SD,2023-05-13 16:15:00,16,4,2,6,3,13,5,13,254,82.5,3,51,0.0588,0.2308,1.0,7.0,4.0,8.0,137.0,81.0,45.0,0.125,2.0,6.0,0.0,5.0,117.0,84.0,42.0,0.4,72.0,22.2,55.3,989.9,0.0,14.5,9.0,224.0,SW,13.52,10.88,14.53,day
718168,2023-05-14,2023,SD,2023-05-14 13:10:00,13,4,0,4,1,14,7,7,260,83.8,1,42,0.0238,0.1429,1.0,4.0,4.0,4.0,116.0,86.1,36.0,0.25,0.0,10.0,3.0,3.0,144.0,82.2,53.0,0.0,78.9,26.1,42.7,993.7,0.0,12.1,7.5,213.7,SW,11.84,10.32,11.93,day
718159,2023-05-15,2023,MIN,2023-05-15 19:10:00,19,9,8,17,5,26,11,24,427,82.7,9,68,0.1324,0.2083,3.0,11.0,2.0,11.0,205.0,84.0,74.0,0.2727,2.0,15.0,6.0,13.0,222.0,81.3,68.0,0.1538,59.4,15.2,83.0,997.8,0.0,11.0,6.9,248.3,W,7.69,4.52,9.93,night
718141,2023-05-16,2023,MIN,2023-05-16 19:10:00,19,1,5,6,1,21,6,19,321,83.5,2,50,0.04,0.0526,0.0,9.0,3.0,8.0,155.0,84.3,48.0,0.0,1.0,12.0,3.0,11.0,166.0,82.5,44.0,0.0909,60.0,15.5,81.3,994.4,0.0,10.4,6.5,229.0,SW,9.34,7.18,10.37,night
718136,2023-05-17,2023,MIN,2023-05-17 12:10:00,12,7,3,10,3,19,6,17,299,80.7,6,50,0.12,0.1765,1.0,8.0,5.0,9.0,151.0,82.9,49.0,0.1111,2.0,11.0,1.0,8.0,148.0,78.8,56.0,0.25,73.6,23.1,49.7,993.0,0.0,13.5,8.4,227.0,SW,12.28,9.63,13.46,day
717973,2023-05-29,2023,WSH,2023-05-29 18:10:00,18,6,1,7,1,9,5,12,259,83.3,2,53,0.0377,0.0833,1.0,5.0,3.0,6.0,128.0,81.0,46.0,0.1667,0.0,4.0,2.0,6.0,131.0,85.6,44.0,0.0,63.7,17.6,70.3,994.7,0.0,11.8,7.3,232.3,SW,10.24,7.61,11.63,night
717957,2023-05-30,2023,WSH,2023-05-30 19:10:00,19,9,3,12,4,7,5,20,250,84.6,7,62,0.1129,0.2,3.0,3.0,2.0,14.0,131.0,83.6,49.0,0.2143,1.0,4.0,3.0,6.0,119.0,85.8,43.0,0.1667,59.7,15.4,71.3,994.1,0.0,11.6,7.2,245.3,SW,8.53,5.31,10.72,night
717954,2023-05-31,2023,WSH,2023-05-31 13:10:00,13,6,10,16,8,16,10,23,326,83.9,9,60,0.15,0.3478,3.0,9.0,6.0,11.0,172.0,86.1,43.0,0.2727,5.0,7.0,2.0,12.0,154.0,82.3,58.0,0.4167,66.5,19.2,58.0,993.1,0.1,13.4,8.3,210.7,SW,13.26,11.81,13.12,day
717917,2023-06-02,2023,NYY,2023-06-02 19:10:00,19,8,4,12,7,15,5,18,294,87.0,7,52,0.1346,0.3889,4.0,4.0,2.0,13.0,158.0,88.1,52.0,0.3077,3.0,11.0,3.0,5.0,136.0,85.7,43.0,0.6,61.9,16.6,69.0,994.4,0.0,12.3,7.6,227.0,SW,11.16,8.74,12.23,night
717905,2023-06-03,2023,NYY,2023-06-03 16:15:00,16,3,6,9,4,20,5,13,277,82.9,5,46,0.1087,0.3077,0.0,8.0,4.0,7.0,138.0,84.3,36.0,0.0,4.0,12.0,1.0,6.0,139.0,81.8,48.0,0.6667,69.7,21.0,57.7,992.6,0.0,15.4,9.6,234.7,SW,13.06,9.47,15.09,day
717888,2023-06-04,2023,NYY,2023-06-04 16:10:00,16,1,4,5,2,18,7,9,279,80.5,3,44,0.0682,0.2222,1.0,8.0,3.0,4.0,134.0,79.5,43.0,0.25,1.0,10.0,4.0,5.0,145.0,81.6,43.0,0.2,69.9,21.1,55.7,990.8,0.0,16.7,10.4,226.7,SW,15.27,12.0,16.69,day
717776,2023-06-13,2023,CWS,2023-06-13 19:10:00,19,5,1,6,2,20,4,11,286,80.8,2,44,0.0455,0.1818,2.0,10.0,2.0,8.0,152.0,80.9,57.0,0.25,0.0,10.0,2.0,3.0,134.0,80.7,46.0,0.0,61.8,16.6,75.0,994.9,0.0,11.4,7.1,250.7,W,7.58,4.23,10.02,night
717760,2023-06-14,2023,CWS,2023-06-14 19:10:00,19,4,8,12,3,17,9,20,306,83.3,3,57,0.0526,0.15,0.0,9.0,6.0,7.0,147.0,81.3,47.0,0.0,3.0,8.0,3.0,13.0,159.0,85.1,53.0,0.2308,62.4,16.9,72.7,992.7,0.0,9.6,6.0,237.0,SW,7.94,5.6,9.33,night
717748,2023-06-15,2023,CWS,2023-06-15 19:10:00,19,5,4,9,5,32,11,17,369,81.6,6,47,0.1277,0.2941,1.0,16.0,7.0,9.0,205.0,82.3,64.0,0.1111,4.0,16.0,3.0,8.0,164.0,80.6,50.0,0.5,63.6,17.5,76.3,992.5,0.0,11.2,7.0,244.0,SW,8.39,5.34,10.42,night
717731,2023-06-16,2023,SF,2023-06-16 19:10:00,19,5,7,12,1,19,10,18,380,80.4,4,63,0.0635,0.0556,0.0,11.0,3.0,10.0,175.0,80.2,62.0,0.0,1.0,8.0,5.0,8.0,205.0,80.7,65.0,0.125,63.4,17.5,77.0,994.7,0.0,10.4,6.5,241.0,SW,8.14,5.43,9.86,night
717721,2023-06-17,2023,SF,2023-06-17 18:10:00,18,0,15,15,2,16,6,22,279,84.0,6,58,0.1034,0.0909,0.0,6.0,1.0,6.0,118.0,84.6,44.0,0.0,2.0,10.0,5.0,16.0,161.0,83.6,61.0,0.125,68.1,20.1,69.3,993.1,0.0,13.3,8.2,215.7,SW,12.92,11.11,13.17,night
717702,2023-06-18,2023,SF,2023-06-18 13:10:00,13,3,7,10,0,19,6,17,279,84.4,1,52,0.0192,0.0,0.0,8.0,3.0,9.0,133.0,84.8,40.0,0.0,0.0,11.0,2.0,8.0,146.0,84.0,55.0,0.0,76.0,24.4,48.0,993.0,0.0,16.1,10.0,217.7,SW,15.54,13.16,16.04,day
717643,2023-06-23,2023,HOU,2023-06-23 19:10:00,19,3,2,5,3,13,5,12,243,83.4,3,47,0.0638,0.25,1.0,8.0,2.0,9.0,130.0,85.4,44.0,0.1111,2.0,5.0,3.0,3.0,113.0,81.7,48.0,0.6667,65.4,18.5,59.0,995.7,0.0,10.9,6.8,241.7,SW,8.48,5.6,10.33,night
717626,2023-06-24,2023,HOU,2023-06-24 16:15:00,16,8,7,15,4,17,11,18,305,81.9,5,48,0.1042,0.2222,3.0,8.0,6.0,5.0,162.0,81.1,52.0,0.6,1.0,9.0,4.0,13.0,143.0,82.9,41.0,0.0769,72.1,22.3,46.0,996.5,0.0,16.6,10.3,234.3,SW,14.13,10.28,16.28,day
717615,2023-06-25,2023,HOU,2023-06-25 16:10:00,16,5,6,11,4,19,4,16,311,81.3,4,59,0.0678,0.25,2.0,12.0,2.0,6.0,179.0,81.1,65.0,0.3333,2.0,7.0,2.0,10.0,132.0,81.7,47.0,0.2,73.2,22.9,42.7,995.6,0.0,14.2,8.8,232.7,SW,12.31,9.12,14.01,day
717506,2023-07-03,2023,PIT,2023-07-03 19:10:00,19,5,2,7,1,18,5,16,301,80.7,2,47,0.0426,0.0625,1.0,10.0,1.0,9.0,138.0,80.2,52.0,0.1111,0.0,8.0,4.0,7.0,163.0,81.3,47.0,0.0,66.6,19.2,70.3,991.7,0.0,10.8,6.7,204.3,SW,10.76,9.99,10.23,night
717492,2023-07-04,2023,PIT,2023-07-04 18:10:00,18,7,9,16,5,22,10,23,349,86.9,6,56,0.1071,0.2174,4.0,10.0,3.0,11.0,158.0,87.8,50.0,0.3636,1.0,12.0,7.0,12.0,191.0,86.0,54.0,0.0833,68.4,20.2,54.7,993.2,0.0,11.7,7.3,219.3,SW,11.2,9.36,11.68,night
717479,2023-07-05,2023,PIT,2023-07-05 19:10:00,19,6,4,10,4,19,11,15,329,84.2,5,45,0.1111,0.2667,2.0,7.0,6.0,6.0,144.0,83.6,34.0,0.3333,2.0,12.0,5.0,9.0,185.0,84.5,52.0,0.2222,64.9,18.3,65.7,993.1,0.0,10.3,6.4,220.0,SW,9.85,8.2,10.32,night
717462,2023-07-06,2023,PIT,2023-07-06 19:10:00,19,5,2,7,2,21,3,11,246,80.8,3,40,0.075,0.1818,2.0,8.0,2.0,7.0,121.0,79.7,45.0,0.2857,0.0,13.0,1.0,4.0,125.0,82.3,36.0,0.0,65.0,18.3,68.3,991.7,0.0,9.6,5.9,218.7,SW,9.19,7.72,9.55,night
717456,2023-07-07,2023,LAA,2023-07-07 19:10:00,19,11,4,15,7,13,7,19,261,85.0,8,56,0.1429,0.3684,5.0,5.0,4.0,11.0,147.0,88.0,50.0,0.4545,2.0,8.0,2.0,8.0,114.0,82.0,51.0,0.25,64.8,18.2,67.0,989.8,0.0,11.4,7.1,216.0,SW,11.12,9.53,11.36,night
717437,2023-07-08,2023,LAA,2023-07-08 18:10:00,18,10,5,15,6,16,7,19,290,82.2,6,54,0.1111,0.3158,5.0,6.0,4.0,10.0,163.0,81.2,54.0,0.5,1.0,10.0,2.0,9.0,127.0,83.6,39.0,0.1111,67.8,19.9,62.0,990.2,0.0,14.8,9.2,228.7,SW,13.25,10.23,14.68,night
717271,2023-07-24,2023,TOR,2023-07-24 19:10:00,19,3,6,9,3,23,10,20,378,82.7,6,60,0.1,0.15,2.0,9.0,6.0,7.0,198.0,83.6,62.0,0.2857,1.0,14.0,3.0,13.0,180.0,81.8,61.0,0.0769,74.1,23.4,69.0,994.5,0.0,9.5,5.9,199.4,S,9.45,9.06,8.71,night
717256,2023-07-25,2023,TOR,2023-07-25 19:10:00,19,8,7,15,3,21,12,24,364,82.1,6,58,0.1034,0.125,2.0,11.0,5.0,12.0,180.0,83.0,67.0,0.1667,1.0,10.0,6.0,12.0,184.0,81.1,61.0,0.0833,77.1,25.0,57.0,993.4,0.0,10.8,6.7,207.6,SW,10.72,9.75,10.41,night
717253,2023-07-26,2023,TOR,2023-07-26 13:10:00,13,1,8,9,2,19,8,19,327,81.4,3,50,0.06,0.1053,0.0,12.0,3.0,8.0,152.0,79.0,48.0,0.0,2.0,7.0,5.0,11.0,175.0,83.6,53.0,0.1818,95.2,35.1,25.3,993.7,0.0,18.1,11.3,224.7,SW,16.79,13.44,18.12,day
717225,2023-07-28,2023,CIN,2023-07-28 19:10:00,19,5,6,11,2,14,9,20,304,85.2,1,54,0.0185,0.1,0.0,4.0,6.0,12.0,136.0,88.8,46.0,0.0,2.0,10.0,2.0,8.0,168.0,82.3,56.0,0.25,74.0,23.3,69.7,993.4,0.0,10.7,6.6,214.0,SW,10.49,9.12,10.58,night
717205,2023-07-29,2023,CIN,2023-07-29 18:10:00,18,3,2,5,2,14,5,8,272,82.5,2,47,0.0426,0.25,2.0,5.0,2.0,2.0,117.0,82.6,45.0,1.0,0.0,9.0,3.0,6.0,155.0,82.3,54.0,0.0,75.9,24.4,69.0,992.2,0.0,11.8,7.4,221.7,SW,11.18,9.17,11.83,night
717194,2023-07-30,2023,CIN,2023-07-30 13:10:00,13,0,9,9,3,19,1,20,252,81.9,4,52,0.0769,0.15,0.0,6.0,0.0,6.0,118.0,82.4,46.0,0.0,3.0,13.0,1.0,14.0,134.0,81.4,47.0,0.2143,88.5,31.4,44.3,993.3,0.0,12.7,7.9,192.3,S,12.47,12.48,10.95,day
717171,2023-08-01,2023,ATH,2023-08-01 19:10:00,19,7,3,10,4,18,12,13,320,84.0,5,46,0.1087,0.3077,1.0,8.0,8.0,7.0,190.0,81.9,61.0,0.1429,3.0,10.0,3.0,6.0,130.0,87.4,36.0,0.5,73.9,23.3,65.7,995.1,0.0,10.8,6.7,213.8,SW,10.62,9.26,10.71,night
717154,2023-08-02,2023,ATH,2023-08-02 19:10:00,19,10,1,11,5,12,9,19,290,82.6,6,53,0.1132,0.2632,4.0,5.0,3.0,13.0,143.0,83.2,49.0,0.3077,1.0,7.0,6.0,6.0,147.0,82.0,50.0,0.1667,71.8,22.1,60.3,994.6,0.0,11.3,7.0,217.0,SW,10.94,9.31,11.25,night
717137,2023-08-03,2023,ATH,2023-08-03 19:10:00,19,8,2,10,3,15,6,19,260,81.6,5,52,0.0962,0.1579,1.0,7.0,4.0,14.0,136.0,79.2,50.0,0.0714,2.0,8.0,2.0,5.0,124.0,84.2,45.0,0.4,72.0,22.2,56.7,994.1,0.0,10.2,6.3,210.1,SW,10.08,9.01,9.93,night
717045,2023-08-10,2023,COL,2023-08-10 19:10:00,19,2,1,3,2,12,5,9,246,81.5,1,44,0.0227,0.2222,1.0,3.0,5.0,5.0,130.0,83.9,43.0,0.2,1.0,9.0,0.0,4.0,116.0,78.9,41.0,0.25,68.8,20.4,78.0,994.1,0.0,12.1,7.5,233.0,SW,10.4,7.68,11.86,night
717032,2023-08-11,2023,COL,2023-08-11 19:10:00,19,6,1,7,0,19,5,17,300,80.7,4,45,0.0889,0.0,0.0,3.0,3.0,11.0,149.0,81.2,56.0,0.0,0.0,16.0,2.0,6.0,151.0,80.0,43.0,0.0,68.0,20.0,79.0,994.4,0.0,10.7,6.6,238.0,SW,8.68,6.04,10.28,night
717017,2023-08-12,2023,COL,2023-08-12 18:10:00,18,4,1,5,4,16,1,11,236,82.3,7,45,0.1556,0.3636,3.0,5.0,1.0,8.0,109.0,84.7,40.0,0.375,1.0,11.0,0.0,3.0,127.0,80.1,44.0,0.3333,73.0,22.8,64.7,994.4,0.0,12.7,7.9,230.7,SW,11.23,8.49,12.6,night
717007,2023-08-13,2023,COL,2023-08-13 13:10:00,13,8,3,11,2,17,5,15,292,82.1,3,47,0.0638,0.1333,1.0,4.0,4.0,10.0,177.0,83.0,66.0,0.1,1.0,13.0,0.0,5.0,115.0,80.5,38.0,0.2,82.1,27.8,49.7,994.4,0.0,19.6,12.2,224.0,SW,18.21,14.65,19.56,day
716979,2023-08-15,2023,MIL,2023-08-15 19:10:00,19,6,2,8,1,14,1,12,242,82.5,3,51,0.0588,0.0833,0.0,8.0,0.0,10.0,126.0,84.1,52.0,0.0,1.0,6.0,1.0,2.0,116.0,80.3,36.0,0.5,73.0,22.8,66.7,993.3,0.0,8.4,5.2,169.6,S,7.05,8.19,5.07,night
716962,2023-08-16,2023,MIL,2023-08-16 19:10:00,19,7,1,8,3,13,7,13,257,82.4,3,48,0.0625,0.2308,2.0,6.0,4.0,10.0,142.0,81.0,52.0,0.2,1.0,7.0,3.0,3.0,115.0,84.6,35.0,0.3333,74.5,23.6,61.7,990.8,0.0,8.7,5.4,169.6,S,7.33,8.51,5.27,night
716961,2023-08-17,2023,MIL,2023-08-17 19:10:00,19,1,0,1,1,15,4,9,237,83.9,0,43,0.0,0.1111,1.0,10.0,2.0,4.0,117.0,85.9,31.0,0.25,0.0,5.0,2.0,5.0,120.0,82.5,44.0,0.0,70.6,21.4,69.7,990.1,0.0,9.3,5.8,187.0,S,8.93,9.24,7.55,night
716946,2023-08-18,2023,MIA,2023-08-18 19:10:00,19,3,11,14,8,17,10,19,327,84.5,9,55,0.1636,0.4211,3.0,9.0,4.0,10.0,159.0,82.7,58.0,0.3,5.0,8.0,6.0,9.0,168.0,86.6,48.0,0.5556,70.2,21.2,65.3,989.5,0.0,11.0,6.8,199.9,S,10.99,10.5,10.15,night
716909,2023-08-19,2023,MIA,2023-08-19 12:00:00,12,3,1,4,0,17,3,11,252,81.0,2,44,0.0455,0.0,0.0,11.0,1.0,6.0,128.0,83.7,38.0,0.0,0.0,6.0,1.0,5.0,124.0,78.5,43.0,0.0,79.3,26.3,48.3,991.3,0.0,16.5,10.2,211.7,SW,16.26,14.38,16.17,day
716926,2023-08-19,2023,MIA,2023-08-19 18:10:00,18,3,1,4,3,14,0,13,235,85.0,4,49,0.0816,0.2308,2.0,8.0,0.0,5.0,103.0,82.5,34.0,0.4,1.0,6.0,0.0,8.0,132.0,86.6,53.0,0.125,75.4,24.1,56.3,989.2,0.0,6.9,4.3,223.2,SW,6.42,5.21,6.87,night
716805,2023-08-28,2023,AZ,2023-08-28 19:10:00,19,7,4,11,5,10,7,19,260,85.0,6,58,0.1034,0.2632,4.0,4.0,5.0,11.0,143.0,86.0,43.0,0.3636,1.0,6.0,2.0,8.0,117.0,84.0,41.0,0.125,73.7,23.2,69.3,990.3,0.0,7.0,4.4,172.3,S,6.08,6.92,4.5,night
716792,2023-08-29,2023,AZ,2023-08-29 19:10:00,19,9,1,10,3,12,8,22,273,84.5,4,55,0.0727,0.1364,2.0,3.0,3.0,16.0,132.0,85.8,52.0,0.125,1.0,9.0,5.0,6.0,141.0,82.7,39.0,0.1667,74.6,23.7,69.0,989.3,0.0,3.5,2.2,171.2,S,3.02,3.47,2.21,night
716774,2023-08-30,2023,AZ,2023-08-30 19:10:00,19,7,0,7,2,14,5,17,303,81.2,2,54,0.037,0.1176,2.0,7.0,4.0,11.0,161.0,82.6,65.0,0.1818,0.0,7.0,1.0,6.0,142.0,79.1,44.0,0.0,75.9,24.4,68.3,989.6,0.0,8.5,5.3,182.1,S,8.0,8.53,6.5,night
716768,2023-08-31,2023,ATL,2023-08-31 19:10:00,19,7,8,15,7,17,8,18,316,82.6,7,55,0.1273,0.3889,4.0,14.0,5.0,9.0,149.0,81.9,44.0,0.4444,3.0,3.0,2.0,9.0,167.0,83.0,69.0,0.3333,72.3,22.4,70.7,989.6,0.0,10.8,6.7,170.0,S,9.08,10.51,6.56,night
716757,2023-09-01,2023,ATL,2023-09-01 19:10:00,19,3,6,9,4,20,6,20,311,78.2,5,50,0.1,0.2,1.0,13.0,4.0,6.0,160.0,77.1,49.0,0.1667,3.0,7.0,2.0,14.0,151.0,79.0,62.0,0.2143,69.1,20.6,78.3,993.3,0.8,12.6,7.8,141.3,SE,6.09,9.51,1.94,night
716741,2023-09-02,2023,ATL,2023-09-02 18:10:00,18,2,4,6,2,20,10,11,304,83.2,2,48,0.0417,0.1818,0.0,9.0,5.0,6.0,153.0,84.1,50.0,0.0,2.0,11.0,4.0,5.0,151.0,82.4,51.0,0.4,72.3,22.4,81.0,996.0,0.5,10.5,6.5,229.6,SW,9.31,7.12,10.39,night
716725,2023-09-03,2023,ATL,2023-09-03 13:10:00,13,3,1,4,1,11,6,16,280,83.4,3,51,0.0588,0.0625,0.0,5.0,4.0,11.0,150.0,83.4,42.0,0.0,1.0,6.0,2.0,5.0,130.0,83.5,46.0,0.2,76.6,24.8,57.0,996.3,0.0,16.7,10.4,229.0,SW,14.95,11.5,16.59,day
716622,2023-09-11,2023,SD,2023-09-11 19:10:00,19,8,11,19,6,13,6,22,335,82.9,4,64,0.0625,0.2727,2.0,6.0,5.0,9.0,197.0,84.1,73.0,0.2222,4.0,7.0,1.0,13.0,138.0,81.3,53.0,0.3077,75.6,24.2,52.0,993.0,0.0,7.0,4.3,215.8,SW,6.78,5.82,6.92,night
716608,2023-09-12,2023,SD,2023-09-12 19:10:00,19,11,2,13,3,14,8,16,302,80.7,4,52,0.0769,0.1875,2.0,8.0,6.0,11.0,167.0,80.4,66.0,0.1818,1.0,6.0,2.0,5.0,135.0,81.2,42.0,0.2,69.2,20.7,72.0,993.0,0.0,8.3,5.1,199.1,S,8.25,7.92,7.58,night
716589,2023-09-13,2023,SD,2023-09-13 19:10:00,19,1,6,7,3,25,3,11,285,81.7,1,39,0.0256,0.2727,1.0,13.0,1.0,3.0,139.0,80.3,40.0,0.3333,2.0,12.0,2.0,8.0,146.0,82.8,49.0,0.25,67.3,19.6,78.0,992.9,0.0,7.7,4.8,224.0,SW,7.16,5.77,7.7,night
716528,2023-09-18,2023,DET,2023-09-18 19:10:00,19,8,3,11,4,20,5,15,306,82.1,5,45,0.1111,0.2667,3.0,7.0,3.0,9.0,158.0,81.9,63.0,0.3333,1.0,13.0,2.0,6.0,148.0,82.3,42.0,0.1667,66.7,19.3,70.3,994.2,0.0,7.8,4.8,246.9,SW,5.54,3.35,7.07,night
716510,2023-09-19,2023,DET,2023-09-19 19:10:00,19,3,2,5,3,12,4,17,277,82.2,1,57,0.0175,0.1765,1.0,4.0,3.0,11.0,141.0,83.0,53.0,0.0909,2.0,8.0,1.0,6.0,136.0,81.4,50.0,0.3333,66.3,19.0,78.3,992.5,0.0,7.9,4.9,230.0,SW,6.98,5.31,7.8,night
716494,2023-09-20,2023,DET,2023-09-20 19:10:00,19,2,4,6,1,17,4,10,285,82.0,2,48,0.0417,0.1,1.0,9.0,3.0,3.0,143.0,82.2,41.0,0.3333,0.0,8.0,1.0,7.0,142.0,81.8,55.0,0.0,64.8,18.2,74.0,991.9,0.0,9.0,5.6,247.3,SW,6.36,3.81,8.14,night
716484,2023-09-21,2023,SF,2023-09-21 19:10:00,19,7,2,9,2,20,6,12,293,82.0,2,43,0.0465,0.1667,1.0,5.0,1.0,9.0,122.0,83.5,49.0,0.1111,1.0,15.0,5.0,3.0,171.0,80.3,46.0,0.3333,64.6,18.1,73.0,994.3,0.0,10.2,6.4,269.1,W,4.06,0.6,7.03,night
716474,2023-09-22,2023,SF,2023-09-22 19:10:00,19,1,5,6,3,15,5,13,299,78.5,2,50,0.04,0.2308,0.0,5.0,1.0,5.0,138.0,80.8,58.0,0.0,3.0,10.0,4.0,8.0,161.0,75.9,52.0,0.375,65.7,18.7,75.0,995.2,0.0,8.3,5.2,267.1,W,3.56,0.78,5.91,night
716456,2023-09-23,2023,SF,2023-09-23 18:10:00,18,7,0,7,1,20,8,12,291,86.5,5,43,0.1163,0.0833,1.0,9.0,5.0,10.0,148.0,84.7,46.0,0.1,0.0,11.0,3.0,2.0,143.0,88.4,42.0,0.0,68.5,20.3,59.0,994.8,0.0,11.3,7.0,236.7,SW,9.32,6.6,10.92,night
716439,2023-09-24,2023,SF,2023-09-24 16:10:00,16,3,2,5,2,18,6,14,297,83.3,3,51,0.0588,0.1429,1.0,9.0,1.0,6.0,136.0,83.4,46.0,0.1667,1.0,9.0,3.0,8.0,161.0,83.2,52.0,0.125,74.3,23.5,54.3,994.9,0.0,16.3,10.1,240.0,SW,12.96,8.78,15.58,day
746175,2024-03-21,2024,SD,2024-03-21 03:05:00,3,11,15,26,2,17,12,34,386,86.0,6,71,0.0845,0.0588,1.0,9.0,6.0,16.0,191.0,86.6,50.0,0.0625,1.0,8.0,6.0,18.0,195.0,85.6,56.0,0.0556,50.8,10.5,90.7,997.7,0.0,6.1,3.8,44.7,NE,-5.65,-4.52,-6.1,day
746165,2024-03-28,2024,STL,2024-03-28 13:10:00,13,7,1,8,3,16,5,13,259,82.3,4,47,0.0851,0.2308,2.0,10.0,4.0,10.0,134.0,81.5,49.0,0.2,1.0,6.0,1.0,3.0,125.0,83.0,48.0,0.3333,65.7,18.7,53.3,996.8,0.0,9.2,5.7,235.4,SW,7.76,5.58,9.0,day
746167,2024-03-29,2024,STL,2024-03-29 19:10:00,19,6,3,9,4,23,4,13,265,80.1,2,40,0.05,0.3077,4.0,9.0,2.0,7.0,119.0,81.6,38.0,0.5714,0.0,14.0,2.0,6.0,146.0,79.0,48.0,0.0,54.6,12.5,64.3,991.4,0.0,16.3,10.1,148.1,SE,9.48,13.44,4.38,night
746168,2024-03-30,2024,STL,2024-03-30 18:10:00,18,5,6,11,1,24,6,21,354,86.3,4,56,0.0714,0.0476,1.0,14.0,4.0,14.0,204.0,85.7,58.0,0.0714,0.0,10.0,1.0,7.0,150.0,87.0,41.0,0.0,50.2,10.1,81.3,987.4,0.3,12.6,7.8,115.5,SE,0.65,4.93,-3.7,night
746166,2024-03-31,2024,STL,2024-03-31 16:10:00,16,5,4,9,2,19,7,16,298,81.4,3,46,0.0652,0.125,2.0,6.0,4.0,8.0,137.0,84.0,44.0,0.25,0.0,13.0,3.0,8.0,161.0,79.0,47.0,0.0,56.3,13.5,71.0,987.9,0.7,14.4,8.9,121.0,SE,2.13,6.87,-2.87,day
746170,2024-04-01,2024,SF,2024-04-01 19:10:00,19,8,3,11,2,18,8,17,317,81.8,2,49,0.0408,0.1176,1.0,10.0,2.0,9.0,150.0,82.9,49.0,0.1111,1.0,8.0,6.0,8.0,167.0,80.7,50.0,0.125,54.9,12.7,78.0,998.2,0.0,6.5,4.1,244.0,SW,4.89,3.12,6.08,night
746169,2024-04-02,2024,SF,2024-04-02 19:10:00,19,5,4,9,2,18,8,18,320,81.4,3,49,0.0612,0.1111,1.0,11.0,5.0,9.0,177.0,78.9,43.0,0.1111,1.0,7.0,3.0,9.0,143.0,83.3,56.0,0.1111,61.0,16.1,75.0,1003.7,0.0,4.3,2.7,238.1,SW,3.5,2.43,4.14,night
746163,2024-04-03,2024,SF,2024-04-03 19:10:00,19,5,4,9,4,18,5,14,274,82.8,4,44,0.0909,0.2857,2.0,6.0,3.0,9.0,135.0,83.5,45.0,0.2222,2.0,12.0,2.0,5.0,139.0,82.2,47.0,0.4,56.6,13.7,87.3,996.1,0.0,7.0,4.3,175.4,S,6.23,6.95,4.76,night
746162,2024-04-12,2024,SD,2024-04-12 19:10:00,19,7,8,15,8,19,7,17,367,83.6,9,65,0.1385,0.4706,4.0,9.0,2.0,7.0,173.0,83.1,58.0,0.5714,4.0,10.0,2.0,10.0,194.0,84.1,67.0,0.4,57.2,14.0,66.7,995.5,0.0,13.9,8.6,152.3,SE,8.88,11.99,4.71,night
746161,2024-04-13,2024,SD,2024-04-13 18:10:00,18,5,2,7,0,15,5,15,270,79.3,3,51,0.0588,0.0,0.0,7.0,4.0,8.0,142.0,77.4,54.0,0.0,0.0,8.0,1.0,7.0,128.0,81.6,44.0,0.0,52.2,11.2,76.7,997.2,4.5,19.2,11.9,289.1,W,1.13,-5.5,7.62,night
746164,2024-04-14,2024,SD,2024-04-14 16:10:00,16,3,6,9,2,6,17,14,301,83.1,2,55,0.0364,0.1429,1.0,3.0,3.0,6.0,139.0,83.4,58.0,0.1667,1.0,3.0,13.0,8.0,162.0,82.7,41.0,0.125,55.3,12.9,76.7,999.1,0.2,11.9,7.4,248.3,W,8.31,4.89,10.74,day
746158,2024-04-15,2024,WSH,2024-04-15 19:10:00,19,4,6,10,2,16,2,17,292,82.2,5,55,0.0909,0.1176,0.0,9.0,0.0,9.0,162.0,82.0,61.0,0.0,2.0,7.0,2.0,8.0,130.0,82.6,45.0,0.25,55.1,12.8,78.3,997.0,0.0,6.2,3.9,216.1,SW,6.03,5.17,6.16,night
746157,2024-04-16,2024,WSH,2024-04-16 19:10:00,19,6,2,8,2,13,6,19,267,80.4,3,53,0.0566,0.1053,1.0,8.0,4.0,13.0,139.0,82.4,51.0,0.0769,1.0,5.0,1.0,6.0,128.0,78.2,45.0,0.1667,61.4,16.3,73.7,995.5,0.0,6.8,4.2,190.3,S,6.65,6.74,5.75,night
746159,2024-04-17,2024,WSH,2024-04-17 12:10:00,12,0,2,2,1,20,6,9,259,85.0,0,40,0.0,0.1111,0.0,9.0,2.0,5.0,118.0,83.5,44.0,0.0,1.0,11.0,4.0,4.0,141.0,86.7,41.0,0.25,75.3,24.0,36.3,996.3,0.0,9.2,5.7,184.3,S,8.77,9.23,7.26,day
746160,2024-04-19,2024,NYM,2024-04-19 19:10:00,19,4,9,13,2,22,7,20,337,83.1,6,54,0.1111,0.1,0.0,9.0,5.0,6.0,178.0,81.7,58.0,0.0,2.0,13.0,2.0,14.0,159.0,84.9,45.0,0.1429,57.4,14.1,76.0,994.5,0.0,10.2,6.3,228.0,SW,9.21,7.15,10.15,night
746156,2024-04-20,2024,NYM,2024-04-20 13:05:00,13,4,6,10,1,18,17,14,339,84.9,3,49,0.0612,0.0714,0.0,14.0,10.0,6.0,176.0,85.8,37.0,0.0,1.0,4.0,7.0,8.0,163.0,84.3,46.0,0.125,71.4,21.9,45.7,996.3,0.0,9.5,5.9,213.7,SW,9.35,8.15,9.42,day
746154,2024-04-21,2024,NYM,2024-04-21 13:10:00,13,10,0,10,2,15,7,16,270,84.2,4,49,0.0816,0.125,2.0,5.0,7.0,9.0,162.0,83.0,58.0,0.2222,0.0,10.0,0.0,7.0,108.0,86.2,35.0,0.0,76.3,24.6,42.3,994.1,0.0,16.5,10.3,229.3,SW,14.75,11.31,16.42,day
746152,2024-05-03,2024,ATL,2024-05-03 19:10:00,19,4,3,7,3,16,6,15,342,83.2,4,59,0.0678,0.2,1.0,8.0,3.0,9.0,178.0,83.2,62.0,0.1111,2.0,8.0,1.0,6.0,164.0,83.2,64.0,0.3333,60.7,16.0,76.3,991.2,0.0,9.4,5.8,217.0,SW,9.07,7.72,9.32,night
746155,2024-05-04,2024,ATL,2024-05-04 18:10:00,18,11,2,13,5,19,7,22,284,84.7,9,53,0.1698,0.2273,5.0,7.0,5.0,16.0,153.0,83.9,49.0,0.3125,0.0,12.0,2.0,6.0,131.0,85.7,35.0,0.0,58.2,14.5,76.3,992.7,0.0,12.7,7.9,235.0,SW,10.71,7.73,12.4,night
746153,2024-05-05,2024,ATL,2024-05-05 13:10:00,13,5,1,6,4,15,5,10,236,83.1,5,44,0.1136,0.4,3.0,8.0,3.0,5.0,124.0,82.2,41.0,0.6,1.0,7.0,2.0,5.0,112.0,84.0,47.0,0.2,67.7,19.8,24.0,993.0,0.0,18.1,11.2,294.0,NW,-0.48,-6.64,5.74,day
746149,2024-05-06,2024,MIA,2024-05-06 19:10:00,19,6,3,9,5,14,5,16,269,83.7,5,51,0.098,0.3125,4.0,6.0,5.0,9.0,143.0,85.5,45.0,0.4444,1.0,8.0,0.0,7.0,126.0,82.0,46.0,0.1429,60.1,15.6,55.7,994.7,0.0,7.4,4.6,229.3,SW,6.57,5.04,7.31,night
746147,2024-05-07,2024,MIA,2024-05-07 19:10:00,19,8,2,10,4,15,5,11,256,81.9,5,46,0.1087,0.3636,2.0,9.0,5.0,5.0,144.0,80.9,43.0,0.4,2.0,6.0,0.0,6.0,112.0,82.8,47.0,0.3333,61.9,16.6,64.0,991.3,0.0,7.5,4.7,213.5,SW,7.36,6.43,7.41,night
746151,2024-05-08,2024,MIA,2024-05-08 12:10:00,12,3,1,4,2,9,1,12,234,81.0,3,51,0.0588,0.1667,1.0,3.0,1.0,6.0,121.0,83.3,43.0,0.1667,1.0,6.0,0.0,6.0,113.0,79.0,52.0,0.1667,73.5,23.1,43.0,991.1,0.0,10.9,6.8,213.0,SW,10.68,9.36,10.72,day
746150,2024-05-16,2024,CIN,2024-05-16 19:10:00,19,2,7,9,1,22,6,15,328,80.5,2,46,0.0435,0.0667,0.0,11.0,3.0,4.0,164.0,78.0,54.0,0.0,1.0,11.0,3.0,11.0,164.0,82.7,60.0,0.0909,57.0,13.9,79.3,993.6,0.0,7.2,4.5,217.0,SW,7.0,5.96,7.2,night
746148,2024-05-17,2024,CIN,2024-05-17 19:10:00,19,7,3,10,5,6,4,17,272,83.2,2,58,0.0345,0.2941,3.0,2.0,3.0,9.0,156.0,83.7,53.0,0.3333,2.0,4.0,0.0,8.0,116.0,82.7,47.0,0.25,58.2,14.5,82.0,993.7,0.0,9.5,5.9,239.7,SW,7.54,5.13,9.04,night
746142,2024-05-18,2024,CIN,2024-05-18 18:10:00,18,4,0,4,0,19,3,9,257,78.9,0,41,0.0,0.0,0.0,8.0,3.0,6.0,140.0,80.0,50.0,0.0,0.0,11.0,0.0,3.0,117.0,77.6,41.0,0.0,61.8,16.6,67.3,995.6,0.0,15.0,9.3,232.3,SW,12.98,9.65,14.75,night
746144,2024-05-19,2024,CIN,2024-05-19 13:10:00,13,3,2,5,1,21,7,13,310,78.8,1,49,0.0204,0.0769,1.0,10.0,3.0,7.0,158.0,78.5,58.0,0.1429,0.0,11.0,3.0,6.0,152.0,79.1,52.0,0.0,68.8,20.5,46.7,997.1,0.0,16.1,10.0,223.7,SW,15.01,12.12,16.1,day
746146,2024-05-20,2024,AZ,2024-05-20 19:10:00,19,6,4,10,5,12,3,18,273,83.4,6,56,0.1071,0.2778,3.0,2.0,2.0,8.0,119.0,82.3,50.0,0.375,2.0,10.0,1.0,10.0,154.0,84.5,49.0,0.2,57.3,14.0,74.7,993.9,0.0,10.0,6.2,213.3,SW,9.86,8.62,9.9,night
746145,2024-05-21,2024,AZ,2024-05-21 19:10:00,19,3,7,10,2,17,3,18,269,83.7,4,54,0.0741,0.1111,0.0,10.0,1.0,6.0,122.0,83.8,45.0,0.0,2.0,7.0,2.0,12.0,147.0,83.7,51.0,0.1667,59.4,15.2,71.3,993.8,0.0,11.6,7.2,222.3,SW,10.94,8.93,11.63,night
746143,2024-05-22,2024,AZ,2024-05-22 19:10:00,19,0,6,6,2,17,5,15,282,82.9,4,52,0.0769,0.1333,0.0,9.0,3.0,6.0,131.0,82.1,47.0,0.0,2.0,8.0,2.0,9.0,151.0,83.5,53.0,0.2222,58.9,15.0,76.0,994.1,0.0,9.5,5.9,232.3,SW,8.21,6.11,9.33,night
746140,2024-05-31,2024,COL,2024-05-31 19:10:00,19,1,4,5,1,13,8,12,259,86.1,2,49,0.0408,0.0833,,,,,,,,,,,,,,,,,60.6,15.9,77.3,992.9,0.0,10.2,6.3,223.0,SW,9.52,7.73,10.17,night
746138,2024-06-01,2024,COL,2024-06-01 19:10:00,19,4,1,5,0,17,5,20,303,82.0,1,51,0.0196,0.0,,,,,,,,,,,,,,,,,58.7,14.8,77.7,992.8,0.0,8.8,5.5,225.3,SW,8.14,6.48,8.82,night
746141,2024-06-02,2024,COL,2024-06-02 13:10:00,13,4,0,4,2,16,10,13,300,79.8,1,45,0.0222,0.1538,,,,,,,,,,,,,,,,,72.0,22.2,49.0,993.4,0.0,14.7,9.1,185.7,S,14.04,14.64,11.74,day
746139,2024-06-11,2024,TEX,2024-06-11 19:10:00,19,15,2,17,6,8,10,19,330,82.8,5,60,0.0833,0.3158,5.0,3.0,8.0,14.0,193.0,81.6,58.0,0.3571,1.0,5.0,2.0,5.0,137.0,84.3,48.0,0.2,62.1,16.7,76.3,992.7,0.0,9.1,5.7,215.7,SW,8.86,7.61,9.04,night
746137,2024-06-12,2024,TEX,2024-06-12 19:10:00,19,2,3,5,2,12,6,15,308,83.2,5,54,0.0926,0.1333,1.0,9.0,4.0,7.0,174.0,80.6,57.0,0.1429,1.0,3.0,2.0,8.0,134.0,86.1,50.0,0.125,64.6,18.1,70.7,993.4,0.0,13.5,8.4,241.7,SW,10.49,6.94,12.78,night
746136,2024-06-13,2024,TEX,2024-06-13 19:10:00,19,1,3,4,1,16,8,12,281,82.4,1,45,0.0222,0.0833,1.0,8.0,2.0,5.0,141.0,86.0,42.0,0.2,0.0,8.0,6.0,7.0,140.0,78.8,41.0,0.0,63.3,17.4,74.0,994.9,0.0,11.1,6.9,219.8,SW,10.63,8.86,11.12,night
746134,2024-06-14,2024,KC,2024-06-14 19:10:00,19,4,3,7,3,10,3,13,239,85.5,3,51,0.0588,0.2308,2.0,6.0,1.0,8.0,123.0,84.6,39.0,0.25,1.0,4.0,2.0,5.0,116.0,86.4,39.0,0.2,68.1,20.1,62.7,991.6,0.0,8.5,5.3,223.7,SW,7.96,6.42,8.53,night
746135,2024-06-15,2024,KC,2024-06-15 18:10:00,18,2,7,9,1,15,9,13,304,82.8,1,50,0.02,0.0769,0.0,7.0,3.0,6.0,143.0,82.1,49.0,0.0,1.0,8.0,5.0,7.0,161.0,83.6,49.0,0.1429,74.4,23.6,43.7,988.2,0.0,12.0,7.4,191.8,S,11.76,11.81,10.29,night
746130,2024-06-16,2024,KC,2024-06-16 13:10:00,13,3,0,3,3,17,4,8,232,81.8,4,40,0.1,0.375,3.0,6.0,2.0,5.0,119.0,79.7,38.0,0.6,0.0,11.0,2.0,3.0,113.0,84.2,33.0,0.0,82.5,28.1,35.0,987.2,0.0,18.5,11.5,221.0,SW,17.51,14.45,18.46,day
746131,2024-06-21,2024,LAA,2024-06-21 19:10:00,19,2,3,5,1,16,4,9,276,81.5,1,51,0.0196,0.1111,1.0,8.0,2.0,5.0,115.0,84.8,40.0,0.2,0.0,8.0,2.0,4.0,161.0,79.4,60.0,0.0,70.8,21.6,53.0,987.5,0.0,9.9,6.1,220.7,SW,9.37,7.75,9.86,night
746132,2024-06-22,2024,LAA,2024-06-22 19:10:00,19,7,2,9,3,19,4,12,248,81.0,7,44,0.1591,0.25,2.0,7.0,4.0,9.0,145.0,82.0,46.0,0.2222,1.0,12.0,0.0,3.0,103.0,79.5,34.0,0.3333,72.9,22.7,59.3,991.0,0.0,10.4,6.4,222.7,SW,9.73,7.92,10.37,night
746133,2024-07-02,2024,AZ,2024-07-02 19:10:00,19,6,5,11,3,16,6,22,303,81.5,5,59,0.0847,0.1364,1.0,7.0,2.0,12.0,142.0,81.1,56.0,0.0833,2.0,9.0,4.0,10.0,161.0,82.0,50.0,0.2,69.7,21.0,69.0,989.4,0.0,11.5,7.1,229.0,SW,10.29,7.92,11.43,night
746128,2024-07-03,2024,AZ,2024-07-03 19:10:00,19,4,12,16,6,13,13,22,371,82.5,8,60,0.1333,0.2727,2.0,5.0,6.0,6.0,166.0,81.9,62.0,0.3333,4.0,8.0,6.0,16.0,205.0,83.0,72.0,0.25,67.3,19.6,74.0,991.8,0.0,11.1,6.9,203.7,SW,11.13,10.38,10.54,night
746126,2024-07-04,2024,AZ,2024-07-04 18:10:00,18,3,9,12,3,21,8,18,326,82.9,6,51,0.1176,0.1667,0.0,12.0,3.0,6.0,152.0,79.2,40.0,0.0,3.0,9.0,3.0,12.0,174.0,85.8,51.0,0.25,73.5,23.1,56.3,992.7,0.0,12.3,7.7,212.7,SW,12.14,10.66,12.15,night
746127,2024-07-05,2024,MIL,2024-07-05 19:10:00,19,8,5,13,5,21,8,14,294,82.3,4,44,0.0909,0.3571,4.0,10.0,6.0,10.0,160.0,83.1,47.0,0.4,1.0,11.0,2.0,4.0,134.0,81.2,36.0,0.25,77.2,25.1,54.0,988.3,0.0,11.3,7.0,193.9,S,11.21,11.11,9.95,night
746129,2024-07-06,2024,MIL,2024-07-06 16:15:00,16,5,3,8,5,13,7,14,318,83.7,5,54,0.0926,0.3571,3.0,6.0,4.0,9.0,175.0,81.9,58.0,0.3333,2.0,7.0,3.0,5.0,143.0,86.3,38.0,0.4,84.8,29.3,45.0,991.2,0.0,15.8,9.8,189.7,S,15.41,15.68,13.28,day
746122,2024-07-07,2024,MIL,2024-07-07 13:10:00,13,2,9,11,4,18,11,19,341,84.0,6,52,0.1154,0.2105,1.0,9.0,5.0,7.0,172.0,84.8,43.0,0.1429,3.0,9.0,5.0,12.0,169.0,83.3,54.0,0.25,86.4,30.2,39.0,993.4,0.0,15.0,9.3,191.0,S,14.67,14.8,12.76,day
746123,2024-07-19,2024,BOS,2024-07-19 19:10:00,19,4,1,5,2,19,4,13,284,78.9,3,43,0.0698,0.1538,1.0,10.0,3.0,4.0,134.0,77.5,45.0,0.25,1.0,9.0,0.0,9.0,150.0,80.2,50.0,0.1111,72.8,22.7,64.3,993.7,0.0,10.2,6.3,215.3,SW,9.91,8.54,10.09,night
746121,2024-07-20,2024,BOS,2024-07-20 16:15:00,16,7,6,13,4,24,11,22,375,84.1,10,57,0.1754,0.1818,2.0,12.0,4.0,12.0,180.0,84.1,53.0,0.1667,2.0,12.0,4.0,10.0,195.0,84.2,63.0,0.2,88.5,31.4,29.7,991.9,0.0,18.8,11.7,233.0,SW,16.2,11.96,18.49,day
746125,2024-07-21,2024,BOS,2024-07-21 16:10:00,16,9,6,15,7,19,7,19,295,86.2,7,51,0.1373,0.3684,6.0,5.0,1.0,10.0,128.0,85.5,50.0,0.6,1.0,14.0,6.0,9.0,167.0,87.1,43.0,0.1111,84.7,29.3,37.7,991.4,0.0,16.5,10.3,220.3,SW,15.74,13.06,16.52,day
746124,2024-07-22,2024,SF,2024-07-22 19:10:00,19,3,2,5,2,16,8,11,262,82.5,2,44,0.0455,0.1818,1.0,6.0,3.0,6.0,124.0,84.5,39.0,0.1667,1.0,10.0,5.0,5.0,138.0,80.6,40.0,0.2,72.6,22.5,60.0,990.5,0.0,10.1,6.3,209.0,SW,10.0,9.01,9.79,night
746118,2024-07-23,2024,SF,2024-07-23 19:10:00,19,5,2,7,1,21,12,14,351,82.6,3,42,0.0714,0.0714,0.0,13.0,6.0,9.0,182.0,83.9,45.0,0.0,1.0,8.0,6.0,5.0,169.0,81.4,47.0,0.2,73.2,22.9,64.0,994.0,0.0,10.9,6.8,205.0,SW,10.89,10.07,10.4,night
746119,2024-07-24,2024,SF,2024-07-24 19:10:00,19,3,8,11,1,20,11,14,331,80.5,1,45,0.0222,0.0714,0.0,10.0,2.0,5.0,150.0,81.0,39.0,0.0,1.0,10.0,8.0,9.0,181.0,80.1,50.0,0.1111,74.5,23.6,53.3,995.9,0.0,9.9,6.2,200.0,S,9.92,9.47,9.18,night
746117,2024-07-25,2024,SF,2024-07-25 13:10:00,13,6,4,10,2,23,7,25,311,86.1,4,50,0.08,0.08,2.0,7.0,3.0,14.0,143.0,86.9,48.0,0.1429,0.0,16.0,4.0,11.0,168.0,85.4,46.0,0.0,94.1,34.5,29.7,995.5,0.0,18.0,11.2,220.7,SW,17.1,14.15,17.99,day
746116,2024-08-05,2024,PHI,2024-08-05 19:10:00,19,5,3,8,2,17,1,17,252,86.0,5,49,0.102,0.1176,2.0,5.0,0.0,9.0,114.0,89.3,41.0,0.2222,0.0,12.0,1.0,8.0,138.0,82.7,41.0,0.0,74.8,23.8,55.3,991.2,0.0,9.1,5.7,188.2,S,8.82,9.05,7.52,night
746120,2024-08-06,2024,PHI,2024-08-06 19:10:00,19,2,6,8,3,12,3,21,306,83.7,3,61,0.0492,0.1429,1.0,6.0,1.0,7.0,144.0,81.3,62.0,0.1429,2.0,6.0,2.0,14.0,162.0,86.0,65.0,0.1429,76.8,24.9,54.7,993.4,0.0,11.0,6.8,192.1,S,10.79,10.81,9.46,night
746115,2024-08-07,2024,PHI,2024-08-07 19:10:00,19,4,9,13,3,8,5,18,299,81.1,5,62,0.0806,0.1667,0.0,4.0,2.0,8.0,142.0,77.9,53.0,0.0,3.0,4.0,3.0,10.0,157.0,84.1,57.0,0.3,73.1,22.8,63.7,994.3,0.0,7.4,4.6,184.4,S,7.0,7.36,5.8,night
746113,2024-08-09,2024,PIT,2024-08-09 19:10:00,19,9,5,14,5,24,6,19,330,82.8,6,46,0.1304,0.2632,3.0,8.0,4.0,8.0,170.0,83.1,59.0,0.375,2.0,16.0,2.0,11.0,160.0,82.5,49.0,0.1818,70.5,21.4,69.3,991.0,0.0,10.4,6.4,206.0,SW,10.35,9.51,9.94,night
746112,2024-08-10,2024,PIT,2024-08-10 18:10:00,18,4,1,5,2,21,3,17,260,83.5,3,46,0.0652,0.1176,1.0,12.0,1.0,8.0,134.0,81.2,41.0,0.125,1.0,9.0,1.0,9.0,126.0,86.4,34.0,0.1111,77.4,25.2,51.3,991.8,0.0,11.4,7.1,204.0,SW,11.4,10.61,10.81,night
746114,2024-08-11,2024,PIT,2024-08-11 13:10:00,13,6,5,11,2,13,8,22,346,84.0,5,65,0.0769,0.0909,0.0,6.0,6.0,13.0,197.0,83.5,75.0,0.0,2.0,7.0,2.0,9.0,149.0,84.8,46.0,0.2222,91.3,33.0,34.3,993.8,0.0,15.4,9.6,191.0,S,15.12,15.26,13.16,day
746109,2024-08-19,2024,SEA,2024-08-19 19:10:00,19,3,0,3,2,18,7,6,248,82.3,2,38,0.0526,0.3333,2.0,6.0,5.0,4.0,132.0,82.2,51.0,0.5,0.0,12.0,2.0,2.0,116.0,82.5,31.0,0.0,75.5,24.2,53.0,993.4,0.0,7.2,4.5,195.4,S,7.11,6.98,6.38,night
746107,2024-08-20,2024,SEA,2024-08-20 19:10:00,19,6,3,9,3,14,8,18,336,83.3,5,52,0.0962,0.1667,3.0,9.0,3.0,10.0,177.0,83.2,57.0,0.3,0.0,5.0,4.0,8.0,159.0,83.4,46.0,0.0,77.6,25.3,49.3,992.8,0.0,7.5,4.7,209.5,SW,7.44,6.68,7.31,night
746110,2024-08-21,2024,SEA,2024-08-21 19:10:00,19,8,4,12,1,19,4,19,300,82.4,3,54,0.0556,0.0526,0.0,10.0,2.0,10.0,150.0,83.3,51.0,0.0,1.0,9.0,2.0,9.0,150.0,81.5,49.0,0.1111,73.9,23.3,58.0,993.0,0.0,8.6,5.4,189.2,S,8.4,8.57,7.22,night
746111,2024-08-23,2024,TB,2024-08-23 19:10:00,19,7,3,10,4,17,3,17,260,83.2,2,50,0.04,0.2353,2.0,4.0,3.0,9.0,129.0,81.1,48.0,0.2222,2.0,13.0,0.0,8.0,131.0,85.5,43.0,0.25,69.1,20.6,56.3,994.3,0.0,9.9,6.2,211.4,SW,9.81,8.69,9.75,night
746108,2024-08-24,2024,TB,2024-08-24 18:10:00,18,8,9,17,5,15,5,23,330,85.7,5,65,0.0769,0.2174,3.0,7.0,1.0,8.0,158.0,83.7,55.0,0.375,2.0,8.0,3.0,15.0,172.0,87.5,66.0,0.1333,72.1,22.3,51.3,995.4,0.0,13.6,8.4,229.7,SW,12.07,9.22,13.46,night
746106,2024-08-25,2024,TB,2024-08-25 13:10:00,13,3,1,4,3,20,6,10,231,83.7,4,40,0.1,0.3,2.0,11.0,4.0,5.0,127.0,82.1,37.0,0.4,1.0,9.0,2.0,5.0,104.0,85.5,32.0,0.2,84.3,29.0,33.3,996.8,0.0,17.9,11.1,231.3,SW,15.68,11.78,17.69,day
746105,2024-08-27,2024,BAL,2024-08-27 19:10:00,19,2,3,5,2,16,8,14,293,83.2,5,50,0.1,0.1429,0.0,7.0,3.0,7.0,136.0,86.4,50.0,0.0,2.0,9.0,5.0,7.0,157.0,79.8,46.0,0.2857,69.1,20.6,71.7,993.9,0.0,10.7,6.6,228.3,SW,9.63,7.45,10.64,night
746103,2024-08-28,2024,BAL,2024-08-28 19:10:00,19,6,4,10,2,16,1,12,271,84.8,3,51,0.0588,0.1667,2.0,6.0,0.0,5.0,124.0,85.9,39.0,0.4,0.0,10.0,1.0,7.0,147.0,83.9,49.0,0.0,66.2,19.0,75.7,993.8,0.0,11.4,7.1,233.3,SW,9.79,7.2,11.2,night
746102,2024-08-29,2024,BAL,2024-08-29 19:10:00,19,6,3,9,1,15,9,18,312,83.4,2,52,0.0385,0.0556,0.0,6.0,4.0,14.0,163.0,82.0,53.0,0.0,1.0,9.0,5.0,4.0,149.0,85.2,41.0,0.25,65.7,18.7,78.3,995.1,0.0,10.5,6.5,233.7,SW,8.96,6.56,10.27,night
746104,2024-09-06,2024,CLE,2024-09-06 19:10:00,19,1,3,4,3,18,4,11,267,83.4,4,45,0.0889,0.2727,1.0,8.0,0.0,6.0,130.0,84.8,44.0,0.1667,2.0,10.0,2.0,5.0,137.0,82.1,47.0,0.4,86.5,30.3,34.7,989.2,0.0,11.4,7.1,172.3,S,9.88,11.25,7.32,night
746099,2024-09-07,2024,CLE,2024-09-07 18:10:00,18,7,2,9,3,15,6,15,289,83.5,2,50,0.04,0.2,2.0,8.0,3.0,8.0,144.0,84.2,47.0,0.25,1.0,7.0,3.0,7.0,145.0,82.9,53.0,0.1429,87.6,30.9,30.7,987.6,0.0,9.5,5.9,202.5,S,9.53,8.96,8.96,night
746098,2024-09-08,2024,CLE,2024-09-08 13:10:00,13,4,0,4,2,17,4,15,267,80.3,3,46,0.0652,0.1333,2.0,9.0,3.0,9.0,145.0,82.7,50.0,0.2222,0.0,8.0,1.0,6.0,122.0,77.0,36.0,0.0,105.1,40.6,15.7,988.7,0.0,18.4,11.4,220.3,SW,17.52,14.53,18.39,day
746101,2024-09-09,2024,CHC,2024-09-09 19:10:00,19,4,10,14,3,14,6,26,322,83.3,1,63,0.0159,0.1154,1.0,7.0,5.0,10.0,170.0,82.5,62.0,0.1,2.0,7.0,1.0,16.0,152.0,84.0,67.0,0.125,93.2,34.0,18.7,989.2,0.0,14.1,8.8,271.3,W,5.1,0.29,9.3,night
746097,2024-09-10,2024,CHC,2024-09-10 19:10:00,19,3,6,9,3,14,3,18,273,85.7,3,58,0.0517,0.1667,3.0,4.0,1.0,8.0,121.0,88.6,41.0,0.375,0.0,10.0,1.0,10.0,152.0,83.4,53.0,0.0,69.8,21.0,67.0,989.1,0.0,10.2,6.3,197.0,S,10.15,9.88,9.21,night
746100,2024-09-11,2024,CHC,2024-09-11 19:10:00,19,10,8,18,7,11,16,18,335,82.9,6,57,0.1053,0.3889,5.0,5.0,6.0,12.0,158.0,83.3,57.0,0.4167,2.0,6.0,10.0,6.0,177.0,82.5,56.0,0.3333,69.3,20.7,63.0,987.3,0.0,10.1,6.3,163.0,S,7.77,9.49,5.11,night
746094,2024-09-20,2024,COL,2024-09-20 19:10:00,19,6,4,10,6,17,3,14,265,82.6,8,48,0.1667,0.4286,3.0,2.0,1.0,9.0,117.0,85.1,44.0,0.3333,3.0,15.0,2.0,5.0,148.0,80.0,43.0,0.6,64.4,18.0,73.7,992.2,0.0,9.7,6.0,211.9,SW,9.54,8.42,9.5,night
746096,2024-09-21,2024,COL,2024-09-21 18:10:00,18,3,6,9,3,23,9,15,320,79.4,1,45,0.0222,0.2,1.0,9.0,7.0,7.0,167.0,81.2,46.0,0.1429,2.0,14.0,2.0,8.0,153.0,77.6,46.0,0.25,65.5,18.6,74.7,992.7,0.0,10.7,6.7,239.3,SW,8.59,5.87,10.27,night
746092,2024-09-22,2024,COL,2024-09-22 13:10:00,13,6,5,11,4,22,11,20,332,83.6,3,45,0.0667,0.2,4.0,5.0,6.0,11.0,150.0,85.9,48.0,0.3636,0.0,17.0,5.0,9.0,182.0,80.9,40.0,0.0,79.2,26.2,48.0,992.2,0.0,17.6,10.9,237.3,SW,14.42,10.12,16.98,day
746093,2024-09-24,2024,SD,2024-09-24 19:10:00,19,2,4,6,1,12,4,17,285,82.9,3,55,0.0545,0.0588,0.0,5.0,3.0,9.0,148.0,80.1,54.0,0.0,1.0,7.0,1.0,8.0,137.0,85.6,57.0,0.125,62.8,17.1,87.0,990.2,0.0,8.4,5.2,207.0,SW,8.41,7.67,8.13,night
746095,2024-09-25,2024,SD,2024-09-25 19:10:00,19,4,3,7,1,14,12,12,299,82.6,4,45,0.0889,0.0833,0.0,5.0,6.0,8.0,149.0,83.1,46.0,0.0,1.0,9.0,6.0,4.0,150.0,82.1,46.0,0.25,62.8,17.1,83.7,989.9,0.0,6.9,4.3,177.8,S,6.24,6.84,4.88,night
746088,2024-09-26,2024,SD,2024-09-26 19:10:00,19,7,2,9,2,9,5,19,268,86.0,3,60,0.05,0.1053,2.0,7.0,1.0,11.0,140.0,86.1,43.0,0.1818,0.0,2.0,2.0,8.0,128.0,85.9,44.0,0.0,63.5,17.5,80.3,991.3,0.0,7.3,4.6,197.0,S,7.3,7.1,6.62,night
778546,2025-03-27,2025,DET,2025-03-27 16:10:00,16,5,4,9,4,15,7,16,295,81.4,6,52,0.1154,0.25,3.0,6.0,1.0,7.0,122.0,85.1,41.0,0.4286,1.0,9.0,6.0,9.0,173.0,78.8,56.0,0.1111,63.1,17.3,65.0,996.3,0.0,13.1,8.2,242.0,SW,10.13,6.67,12.38,day
778533,2025-03-29,2025,DET,2025-03-29 18:10:00,18,7,3,10,3,22,7,13,300,79.9,3,41,0.0732,0.2308,3.0,9.0,2.0,7.0,143.0,81.2,45.0,0.4286,0.0,13.0,4.0,6.0,157.0,78.6,48.0,0.0,59.5,15.3,64.0,995.3,0.0,8.8,5.5,236.0,SW,7.34,5.23,8.56,night
778500,2025-03-31,2025,ATL,2025-03-31 19:10:00,19,6,1,7,3,21,10,13,310,84.7,7,42,0.1667,0.2308,2.0,7.0,6.0,9.0,170.0,86.1,57.0,0.2222,1.0,14.0,4.0,4.0,140.0,82.4,34.0,0.25,56.4,13.6,88.7,996.5,0.0,5.8,3.6,224.0,SW,5.43,4.37,5.83,night
778487,2025-04-01,2025,ATL,2025-04-01 19:10:00,19,3,1,4,1,17,4,8,288,82.0,1,41,0.0244,0.125,1.0,7.0,0.0,5.0,136.0,79.1,56.0,0.2,0.0,10.0,4.0,3.0,152.0,85.5,47.0,0.0,56.1,13.4,62.7,990.9,0.0,8.9,5.6,240.3,SW,7.05,4.76,8.5,night
778472,2025-04-02,2025,ATL,2025-04-02 17:38:00,17,6,5,11,3,16,9,17,290,82.3,5,52,0.0962,0.1765,3.0,8.0,4.0,9.0,146.0,80.8,50.0,0.3333,0.0,8.0,5.0,8.0,144.0,83.9,46.0,0.0,61.7,16.5,38.0,989.1,0.0,14.4,9.0,246.4,SW,10.41,6.36,13.2,night
778356,2025-04-11,2025,CHC,2025-04-11 19:10:00,19,3,0,3,1,20,4,8,285,80.5,1,38,0.0263,0.125,1.0,9.0,3.0,6.0,139.0,80.7,42.0,0.1667,0.0,11.0,1.0,2.0,146.0,80.2,47.0,0.0,66.9,19.4,56.3,994.2,0.0,6.0,3.7,205.0,SW,6.03,5.57,5.75,night
778345,2025-04-12,2025,CHC,2025-04-12 18:10:00,18,0,16,16,4,11,4,27,307,82.8,7,69,0.1014,0.1481,0.0,7.0,0.0,6.0,125.0,80.8,49.0,0.0,4.0,4.0,4.0,21.0,182.0,84.0,81.0,0.1905,64.2,17.9,65.3,993.0,0.0,8.7,5.4,219.7,SW,8.28,6.91,8.66,night
778331,2025-04-13,2025,CHC,2025-04-13 16:10:00,16,2,4,6,3,23,5,15,300,81.1,3,45,0.0667,0.2,0.0,10.0,3.0,7.0,152.0,79.5,48.0,0.0,3.0,13.0,2.0,8.0,148.0,82.8,43.0,0.375,70.1,21.2,48.0,993.4,0.0,11.0,6.8,220.0,SW,10.46,8.7,10.96,day
778326,2025-04-14,2025,COL,2025-04-14 19:10:00,19,5,3,8,3,12,7,18,317,84.4,6,55,0.1091,0.1667,2.0,3.0,5.0,10.0,176.0,85.4,50.0,0.2,1.0,9.0,2.0,8.0,141.0,83.3,41.0,0.125,57.6,14.2,65.7,996.0,0.0,6.8,4.2,237.7,SW,5.53,3.87,6.53,night
778302,2025-04-15,2025,COL,2025-04-15 19:10:00,19,6,2,8,1,15,13,15,321,84.1,1,48,0.0208,0.0667,1.0,5.0,8.0,10.0,170.0,85.1,53.0,0.1,0.0,10.0,5.0,5.0,151.0,83.0,53.0,0.0,57.0,13.9,56.7,995.3,0.0,7.9,4.9,244.7,SW,5.83,3.67,7.28,night
778287,2025-04-16,2025,COL,2025-04-16 19:10:00,19,8,7,15,4,26,5,21,336,84.5,4,45,0.0889,0.1905,2.0,10.0,4.0,10.0,163.0,88.1,54.0,0.2,2.0,16.0,1.0,11.0,173.0,80.9,53.0,0.1818,58.3,14.6,60.3,994.8,0.0,9.6,5.9,260.0,W,5.14,2.07,7.59,night
778176,2025-04-25,2025,PIT,2025-04-25 19:10:00,19,0,3,3,0,18,6,12,305,82.4,2,46,0.0435,0.0,0.0,11.0,1.0,6.0,143.0,81.6,37.0,0.0,0.0,7.0,5.0,6.0,162.0,83.0,51.0,0.0,56.5,13.6,61.3,994.6,0.0,9.6,5.9,241.3,SW,7.45,4.95,9.05,night
778163,2025-04-26,2025,PIT,2025-04-26 18:10:00,18,8,4,12,3,15,9,19,332,83.3,4,54,0.0741,0.1579,2.0,6.0,5.0,11.0,161.0,82.8,57.0,0.1818,1.0,9.0,4.0,8.0,171.0,84.0,47.0,0.125,55.2,12.9,62.7,994.8,0.3,6.6,4.1,222.4,SW,6.21,5.07,6.6,night
778145,2025-04-27,2025,PIT,2025-04-27 13:10:00,13,9,2,11,4,15,6,23,298,81.7,6,56,0.1071,0.1739,2.0,3.0,5.0,14.0,152.0,82.7,56.0,0.1429,2.0,12.0,1.0,9.0,146.0,80.2,39.0,0.2222,61.5,16.4,51.3,998.3,0.0,9.7,6.0,246.7,SW,6.93,4.21,8.82,day
778132,2025-04-28,2025,MIA,2025-04-28 19:10:00,19,7,6,13,2,12,11,20,317,84.8,3,61,0.0492,0.1,1.0,8.0,7.0,12.0,184.0,83.0,64.0,0.0833,1.0,4.0,4.0,8.0,133.0,87.3,48.0,0.125,59.9,15.5,61.7,997.1,0.0,6.3,3.9,246.4,SW,4.52,2.76,5.73,night
778123,2025-04-29,2025,MIA,2025-04-29 19:10:00,19,15,2,17,2,12,9,27,319,82.2,5,64,0.0781,0.0741,2.0,5.0,8.0,18.0,179.0,84.0,58.0,0.1111,0.0,7.0,1.0,9.0,140.0,80.2,52.0,0.0,60.9,16.1,70.3,996.0,0.0,6.2,3.9,205.9,SW,6.19,5.69,5.94,night
778109,2025-04-30,2025,MIA,2025-04-30 12:10:00,12,12,7,19,4,19,7,26,312,83.6,6,57,0.1053,0.1538,2.0,7.0,5.0,17.0,176.0,85.7,56.0,0.1176,2.0,12.0,2.0,9.0,136.0,80.9,43.0,0.2222,72.6,22.6,42.0,995.7,0.0,5.9,3.7,171.7,S,5.07,5.8,3.73,day
777937,2025-05-13,2025,ATH,2025-05-13 19:10:00,19,1,11,12,5,16,3,26,298,85.7,9,61,0.1475,0.1923,0.0,5.0,2.0,8.0,138.0,87.2,45.0,0.0,5.0,11.0,1.0,18.0,160.0,84.6,60.0,0.2778,62.4,16.9,53.7,995.1,0.0,7.9,4.9,221.1,SW,7.46,6.15,7.86,night
777917,2025-05-14,2025,ATH,2025-05-14 19:10:00,19,9,3,12,5,15,8,18,287,83.7,7,53,0.1321,0.2778,4.0,7.0,5.0,13.0,161.0,83.3,50.0,0.3077,1.0,8.0,2.0,5.0,126.0,84.0,47.0,0.2,64.2,17.9,52.0,995.2,0.0,6.8,4.2,229.7,SW,6.05,4.62,6.75,night
777946,2025-05-15,2025,ATH,2025-05-15 19:10:00,19,19,2,21,6,13,11,21,320,83.0,6,57,0.1053,0.2857,5.0,6.0,8.0,18.0,192.0,84.1,68.0,0.2778,1.0,7.0,3.0,3.0,128.0,81.5,51.0,0.3333,63.0,17.2,66.0,994.2,0.0,7.4,4.6,210.4,SW,7.36,6.57,7.27,night
777899,2025-05-16,2025,LAA,2025-05-16 19:10:00,19,2,6,8,2,22,8,17,300,85.7,3,43,0.0698,0.1176,1.0,7.0,5.0,7.0,134.0,88.2,44.0,0.1429,1.0,15.0,3.0,10.0,166.0,82.9,41.0,0.1,60.7,16.0,71.3,993.7,0.0,7.3,4.6,202.4,S,7.33,6.9,6.88,night
777884,2025-05-17,2025,LAA,2025-05-17 18:10:00,18,9,11,20,5,13,10,28,389,81.6,7,68,0.1029,0.1786,2.0,7.0,5.0,15.0,206.0,81.0,75.0,0.1333,3.0,6.0,5.0,13.0,183.0,82.3,59.0,0.2308,58.2,14.6,74.7,993.6,0.0,5.7,3.6,214.5,SW,5.61,4.86,5.68,night
777866,2025-05-18,2025,LAA,2025-05-18 13:10:00,13,4,6,10,4,19,10,13,340,81.5,5,47,0.1064,0.3077,1.0,11.0,4.0,5.0,152.0,81.2,44.0,0.2,3.0,8.0,6.0,8.0,188.0,81.8,56.0,0.375,73.6,23.1,41.3,993.8,0.0,14.6,9.1,228.1,SW,13.2,10.24,14.56,day
777854,2025-05-19,2025,AZ,2025-05-19 19:10:00,19,5,9,14,6,7,5,17,322,85.9,10,64,0.1562,0.3529,3.0,2.0,2.0,6.0,151.0,86.7,58.0,0.5,3.0,5.0,3.0,11.0,171.0,85.1,68.0,0.2727,69.8,21.0,49.3,993.2,0.0,4.4,2.7,201.3,S,4.4,4.17,4.1,night
777838,2025-05-20,2025,AZ,2025-05-20 19:10:00,19,4,3,7,2,20,8,14,332,82.1,4,52,0.0769,0.1429,0.0,7.0,3.0,7.0,167.0,84.5,54.0,0.0,2.0,13.0,2.0,7.0,165.0,79.2,45.0,0.2857,76.0,24.4,35.0,992.0,0.0,5.4,3.4,220.3,SW,5.14,4.26,5.4,night
777824,2025-05-21,2025,AZ,2025-05-21 19:10:00,19,3,1,4,2,20,2,12,243,84.9,3,42,0.0714,0.1667,1.0,9.0,1.0,5.0,109.0,84.9,36.0,0.2,1.0,11.0,1.0,7.0,134.0,84.9,48.0,0.1429,74.4,23.6,39.3,992.5,0.0,6.3,3.9,198.3,S,6.32,6.09,5.78,night
777708,2025-05-30,2025,NYY,2025-05-30 19:10:00,19,8,5,13,6,10,6,21,271,87.5,7,60,0.1167,0.2857,2.0,4.0,1.0,12.0,135.0,84.8,49.0,0.1667,4.0,6.0,4.0,9.0,136.0,90.4,45.0,0.4444,74.0,23.3,54.0,993.6,0.0,8.2,5.1,199.0,S,8.22,7.89,7.55,night
777698,2025-05-31,2025,NYY,2025-05-31 16:15:00,16,18,2,20,7,14,11,28,335,83.6,9,61,0.1475,0.25,5.0,5.0,7.0,21.0,189.0,85.6,72.0,0.2381,2.0,9.0,4.0,7.0,146.0,80.5,47.0,0.2857,83.4,28.5,38.0,992.4,0.0,11.3,7.0,226.0,SW,10.33,8.17,11.25,day
777682,2025-06-01,2025,NYY,2025-06-01 16:10:00,16,3,7,10,4,21,7,17,346,81.7,4,48,0.0833,0.2353,3.0,10.0,0.0,6.0,140.0,82.5,37.0,0.5,1.0,11.0,7.0,11.0,206.0,81.3,58.0,0.0909,76.3,24.6,45.3,991.8,0.0,13.1,8.1,225.0,SW,12.07,9.63,13.05,day
777675,2025-06-02,2025,NYM,2025-06-02 19:10:00,19,3,4,7,2,18,7,17,326,82.5,6,58,0.1034,0.1176,1.0,10.0,4.0,9.0,190.0,82.3,62.0,0.1111,1.0,8.0,2.0,8.0,136.0,82.8,54.0,0.125,65.2,18.4,67.7,994.6,0.0,8.0,5.0,214.7,SW,7.85,6.8,7.96,night
777657,2025-06-03,2025,NYM,2025-06-03 19:10:00,19,6,5,11,3,18,7,15,321,83.4,6,55,0.1091,0.2,2.0,12.0,3.0,7.0,168.0,80.8,46.0,0.2857,1.0,6.0,3.0,8.0,153.0,85.5,57.0,0.125,62.4,16.9,82.0,992.7,0.0,6.9,4.3,221.7,SW,6.55,5.37,6.93,night
777638,2025-06-04,2025,NYM,2025-06-04 19:10:00,19,1,6,7,3,17,5,10,297,85.5,4,47,0.0851,0.3,1.0,10.0,1.0,6.0,147.0,85.5,49.0,0.1667,2.0,7.0,4.0,4.0,150.0,85.4,48.0,0.5,62.2,16.8,79.7,992.3,0.0,7.6,4.7,230.3,SW,6.72,5.1,7.53,night
777631,2025-06-05,2025,NYM,2025-06-05 13:10:00,13,6,5,11,3,14,11,20,301,83.7,6,55,0.1091,0.15,0.0,7.0,3.0,9.0,120.0,84.7,39.0,0.0,3.0,7.0,6.0,11.0,181.0,83.1,65.0,0.2727,72.2,22.3,56.3,992.5,0.0,10.7,6.6,226.7,SW,9.76,7.68,10.67,day
777522,2025-06-13,2025,SF,2025-06-13 19:10:00,19,2,6,8,4,14,9,12,289,83.6,4,50,0.08,0.3333,1.0,5.0,4.0,2.0,121.0,80.1,41.0,0.5,3.0,9.0,5.0,10.0,168.0,86.5,51.0,0.3,67.6,19.8,68.0,991.4,0.0,7.8,4.8,209.3,SW,7.74,6.96,7.59,night
777506,2025-06-14,2025,SF,2025-06-14 19:10:00,19,11,5,16,5,9,14,17,305,87.1,6,58,0.1034,0.2941,4.0,1.0,9.0,11.0,164.0,87.7,51.0,0.3636,1.0,8.0,4.0,6.0,141.0,86.3,44.0,0.1667,71.1,21.7,61.7,992.0,0.0,7.0,4.3,223.4,SW,6.51,5.27,6.97,night
777498,2025-06-15,2025,SF,2025-06-15 16:10:00,16,5,4,9,3,17,6,15,244,84.3,3,48,0.0625,0.2,2.0,9.0,2.0,8.0,104.0,86.4,29.0,0.25,1.0,8.0,3.0,7.0,140.0,82.8,44.0,0.1429,84.6,29.2,33.0,991.4,0.0,10.4,6.5,225.7,SW,9.56,7.58,10.38,day
777490,2025-06-16,2025,SD,2025-06-16 19:10:00,19,6,3,9,1,19,4,16,297,82.8,1,49,0.0204,0.0625,0.0,12.0,2.0,10.0,150.0,82.9,52.0,0.0,1.0,7.0,2.0,6.0,147.0,82.7,52.0,0.1667,75.3,24.0,47.3,991.1,0.0,5.7,3.5,193.3,S,5.63,5.6,4.98,night
777471,2025-06-17,2025,SD,2025-06-17 19:10:00,19,8,6,14,4,14,8,21,318,83.9,7,54,0.1296,0.1905,3.0,5.0,1.0,12.0,143.0,85.6,59.0,0.25,1.0,9.0,5.0,9.0,175.0,82.1,54.0,0.1111,78.4,25.8,35.7,989.2,0.0,7.2,4.5,165.3,S,5.74,6.88,3.9,night
777457,2025-06-18,2025,SD,2025-06-18 19:10:00,19,4,3,7,1,15,4,14,284,84.9,6,50,0.12,0.0714,1.0,6.0,4.0,7.0,145.0,86.9,48.0,0.1429,0.0,9.0,0.0,7.0,139.0,83.4,62.0,0.0,75.0,23.9,52.3,989.6,0.0,7.8,4.8,194.7,S,7.73,7.63,6.9,night
777442,2025-06-19,2025,SD,2025-06-19 19:10:00,19,3,5,8,1,13,6,17,312,81.7,5,56,0.0893,0.0588,0.0,7.0,5.0,6.0,162.0,82.0,53.0,0.0,1.0,6.0,1.0,11.0,150.0,81.5,61.0,0.0909,67.4,19.7,66.7,990.1,0.0,6.4,4.0,199.3,S,6.42,6.16,5.91,night
777427,2025-06-20,2025,WSH,2025-06-20 19:10:00,19,6,5,11,4,13,9,18,300,85.0,5,54,0.0926,0.2222,1.0,5.0,6.0,9.0,148.0,83.2,54.0,0.1111,3.0,8.0,3.0,9.0,152.0,87.2,45.0,0.3333,67.0,19.5,67.0,990.1,0.0,7.8,4.8,201.0,S,7.76,7.37,7.23,night
777416,2025-06-21,2025,WSH,2025-06-21 19:10:00,19,3,7,10,8,20,4,17,288,82.8,7,51,0.1373,0.4706,3.0,11.0,1.0,7.0,144.0,83.6,56.0,0.4286,5.0,9.0,2.0,10.0,144.0,81.8,47.0,0.5,67.8,19.9,62.3,990.8,0.0,7.3,4.6,210.7,SW,7.26,6.47,7.18,night
777398,2025-06-22,2025,WSH,2025-06-22 13:10:00,13,13,7,20,4,15,9,22,301,83.8,4,58,0.069,0.1818,3.0,11.0,3.0,11.0,136.0,86.9,47.0,0.2727,1.0,4.0,6.0,11.0,165.0,81.3,58.0,0.0909,80.2,26.8,39.3,992.6,0.0,13.2,8.2,229.0,SW,11.84,9.11,13.15,day
777280,2025-07-01,2025,CWS,2025-07-01 19:10:00,19,6,1,7,1,22,5,10,279,82.5,2,39,0.0513,0.1,1.0,10.0,3.0,7.0,144.0,84.6,43.0,0.1429,0.0,12.0,2.0,3.0,135.0,80.5,46.0,0.0,66.7,19.3,65.7,990.3,0.0,7.8,4.8,219.7,SW,7.42,6.19,7.76,night
777267,2025-07-02,2025,CWS,2025-07-02 19:10:00,19,5,4,9,3,14,6,18,300,84.1,3,56,0.0536,0.1667,2.0,7.0,4.0,9.0,144.0,84.4,46.0,0.2222,1.0,7.0,2.0,9.0,156.0,83.7,47.0,0.1111,67.3,19.6,64.0,991.1,0.0,7.2,4.5,203.3,SW,7.17,6.7,6.77,night
777253,2025-07-03,2025,CWS,2025-07-03 19:10:00,19,6,2,8,3,19,4,11,248,83.7,3,44,0.0682,0.2727,2.0,6.0,2.0,7.0,134.0,83.0,46.0,0.2857,1.0,13.0,2.0,4.0,114.0,84.5,34.0,0.25,69.6,20.9,62.7,993.8,0.0,7.3,4.6,210.7,SW,7.26,6.46,7.18,night
777235,2025-07-04,2025,HOU,2025-07-04 18:10:00,18,1,18,19,6,14,14,26,324,84.7,10,64,0.1562,0.2308,1.0,6.0,6.0,6.0,144.0,83.1,47.0,0.1667,5.0,8.0,7.0,20.0,180.0,85.9,61.0,0.25,74.8,23.8,51.3,995.7,0.0,9.3,5.8,217.0,SW,9.0,7.66,9.26,night
777221,2025-07-05,2025,HOU,2025-07-05 16:15:00,16,4,6,10,3,21,4,18,299,81.8,4,50,0.08,0.1667,2.0,11.0,3.0,9.0,148.0,84.1,51.0,0.2222,1.0,10.0,1.0,9.0,151.0,79.7,55.0,0.1111,83.4,28.6,34.0,995.9,0.0,10.9,6.8,224.0,SW,10.14,8.16,10.9,day
777206,2025-07-06,2025,HOU,2025-07-06 13:10:00,13,1,5,6,3,16,3,18,284,84.0,4,55,0.0727,0.1667,0.0,7.0,1.0,7.0,128.0,86.5,43.0,0.0,3.0,9.0,2.0,11.0,156.0,81.8,51.0,0.2727,85.7,29.8,31.3,994.0,0.0,11.3,7.0,212.3,SW,11.1,9.77,11.09,day
777103,2025-07-18,2025,MIL,2025-07-18 19:10:00,19,0,2,2,1,18,3,12,257,81.9,2,46,0.0435,0.0833,0.0,10.0,1.0,3.0,107.0,83.5,32.0,0.0,1.0,8.0,2.0,9.0,150.0,80.9,53.0,0.1111,69.7,20.9,67.0,994.0,0.0,8.2,5.1,208.0,SW,8.2,7.43,7.97,night
777085,2025-07-19,2025,MIL,2025-07-19 18:10:00,18,7,8,15,5,17,7,23,311,84.8,5,58,0.0862,0.2174,3.0,9.0,3.0,10.0,139.0,86.8,43.0,0.3,2.0,8.0,4.0,13.0,172.0,83.2,58.0,0.1538,72.0,22.2,64.3,994.7,0.0,9.9,6.2,210.3,SW,9.81,8.75,9.68,night
777070,2025-07-20,2025,MIL,2025-07-20 13:10:00,13,5,6,11,2,11,5,17,314,84.3,5,61,0.082,0.1176,2.0,5.0,2.0,6.0,136.0,85.4,45.0,0.3333,0.0,6.0,3.0,11.0,178.0,83.2,45.0,0.0,80.5,27.0,47.7,994.6,0.0,10.6,6.6,205.7,SW,10.62,9.77,10.18,day
777051,2025-07-21,2025,MIN,2025-07-21 19:10:00,19,5,2,7,5,15,7,16,293,87.2,6,51,0.1176,0.3125,4.0,8.0,1.0,7.0,116.0,84.4,38.0,0.5714,1.0,7.0,6.0,9.0,177.0,89.1,58.0,0.1111,68.4,20.2,70.7,994.1,0.0,8.8,5.4,236.0,SW,7.31,5.21,8.52,night
777039,2025-07-22,2025,MIN,2025-07-22 19:10:00,19,7,10,17,2,21,13,18,344,83.0,2,48,0.0417,0.1111,2.0,8.0,6.0,8.0,151.0,84.1,43.0,0.25,0.0,13.0,7.0,10.0,193.0,82.2,60.0,0.0,67.5,19.7,72.0,994.8,0.0,7.5,4.7,227.0,SW,6.86,5.37,7.51,night
777022,2025-07-23,2025,MIN,2025-07-23 13:10:00,13,4,3,7,2,23,9,14,306,83.5,2,42,0.0476,0.1429,1.0,8.0,3.0,9.0,155.0,83.0,49.0,0.1111,1.0,15.0,4.0,5.0,151.0,84.1,38.0,0.2,81.1,27.3,42.3,997.1,0.0,10.7,6.6,221.3,SW,10.1,8.31,10.66,day
776870,2025-08-04,2025,STL,2025-08-04 19:10:00,19,2,3,5,3,18,4,10,258,85.7,3,46,0.0652,0.3,1.0,9.0,2.0,3.0,115.0,83.9,38.0,0.3333,2.0,9.0,2.0,7.0,143.0,87.3,41.0,0.2857,74.0,23.3,60.0,992.7,0.0,5.8,3.6,215.0,SW,5.63,4.86,5.72,night
776858,2025-08-05,2025,STL,2025-08-05 19:10:00,19,12,6,18,6,14,6,26,314,84.9,7,62,0.1129,0.2308,4.0,8.0,3.0,17.0,169.0,84.3,58.0,0.2353,2.0,6.0,3.0,9.0,145.0,85.5,51.0,0.2222,75.8,24.3,52.3,995.0,0.0,6.4,4.0,199.0,S,6.42,6.17,5.9,night
776839,2025-08-06,2025,STL,2025-08-06 13:10:00,13,3,5,8,1,20,5,20,303,82.9,1,53,0.0189,0.05,1.0,6.0,2.0,8.0,138.0,82.8,48.0,0.125,0.0,14.0,2.0,12.0,165.0,83.0,55.0,0.0,93.4,34.1,24.7,996.3,0.0,9.5,5.9,219.0,SW,9.14,7.66,9.52,day
776823,2025-08-08,2025,TOR,2025-08-08 19:10:00,19,5,1,6,1,14,7,17,261,85.4,2,51,0.0392,0.0588,1.0,7.0,6.0,7.0,137.0,85.3,45.0,0.1429,0.0,7.0,1.0,10.0,124.0,85.6,44.0,0.0,75.1,24.0,56.0,992.0,0.0,7.3,4.6,207.0,SW,7.31,6.67,7.07,night
776808,2025-08-09,2025,TOR,2025-08-09 18:10:00,18,9,1,10,3,22,10,15,313,84.8,5,45,0.1111,0.2,2.0,8.0,4.0,10.0,150.0,87.1,40.0,0.2,1.0,14.0,5.0,5.0,163.0,82.6,42.0,0.2,73.6,23.1,53.0,991.2,0.0,8.0,5.0,213.7,SW,7.82,6.81,7.87,night
776788,2025-08-10,2025,TOR,2025-08-10 13:10:00,13,4,5,9,5,24,17,18,345,82.5,6,44,0.1364,0.2778,2.0,10.0,11.0,9.0,208.0,82.1,56.0,0.2222,3.0,14.0,4.0,9.0,137.0,83.0,38.0,0.3333,87.4,30.8,38.0,994.6,0.0,8.5,5.3,210.7,SW,8.45,7.52,8.35,day
776727,2025-08-15,2025,SD,2025-08-15 19:10:00,19,3,2,5,2,16,6,8,275,84.4,3,40,0.075,0.25,1.0,11.0,4.0,4.0,138.0,85.5,32.0,0.25,1.0,5.0,2.0,4.0,137.0,83.7,49.0,0.25,69.7,20.9,66.7,994.5,0.0,7.0,4.4,197.3,S,7.0,6.8,6.37,night
776717,2025-08-16,2025,SD,2025-08-16 18:10:00,18,6,0,6,1,10,9,11,286,80.5,3,49,0.0612,0.0909,1.0,4.0,6.0,5.0,144.0,83.0,46.0,0.2,0.0,6.0,3.0,6.0,142.0,77.9,45.0,0.0,71.7,22.1,63.3,995.3,0.0,8.3,5.1,222.0,SW,7.79,6.38,8.27,night
776697,2025-08-17,2025,SD,2025-08-17 13:10:00,13,5,4,9,4,24,3,16,309,80.9,5,42,0.119,0.25,3.0,11.0,2.0,6.0,137.0,82.7,48.0,0.5,1.0,13.0,1.0,10.0,172.0,79.3,56.0,0.1,83.6,28.7,43.0,994.8,0.0,11.5,7.1,220.3,SW,10.92,9.06,11.46,day
776594,2025-08-25,2025,CIN,2025-08-25 19:10:00,19,7,0,7,3,20,6,12,293,86.5,2,44,0.0455,0.25,3.0,8.0,3.0,9.0,161.0,84.9,50.0,0.3333,0.0,12.0,3.0,3.0,132.0,88.7,35.0,0.0,76.5,24.7,56.0,992.9,0.0,7.0,4.3,196.1,S,6.92,6.77,6.24,night
776574,2025-08-26,2025,CIN,2025-08-26 19:10:00,19,6,3,9,2,17,5,17,275,83.5,3,48,0.0625,0.1176,1.0,6.0,4.0,10.0,148.0,85.3,41.0,0.1,1.0,11.0,1.0,7.0,127.0,81.9,47.0,0.1429,71.5,22.0,64.0,995.0,0.0,6.6,4.1,225.0,SW,6.1,4.87,6.59,night
776562,2025-08-27,2025,CIN,2025-08-27 17:40:00,17,5,1,6,2,28,11,13,317,81.2,2,36,0.0556,0.1538,1.0,9.0,4.0,7.0,147.0,82.0,42.0,0.1429,1.0,19.0,6.0,6.0,170.0,80.3,36.0,0.1667,81.5,27.5,35.7,996.1,0.0,9.5,5.9,209.0,SW,9.41,8.47,9.21,night
776534,2025-08-29,2025,AZ,2025-08-29 19:10:00,19,0,3,3,1,24,9,7,302,79.6,1,36,0.0278,0.1429,0.0,10.0,4.0,3.0,146.0,80.4,43.0,0.0,1.0,14.0,5.0,4.0,156.0,78.6,39.0,0.25,76.0,24.5,39.7,994.5,0.0,6.7,4.1,202.4,S,6.67,6.27,6.26,night
776523,2025-08-30,2025,AZ,2025-08-30 18:10:00,18,1,6,7,2,14,6,14,284,83.2,2,52,0.0385,0.1429,0.0,7.0,5.0,6.0,144.0,84.4,44.0,0.0,2.0,7.0,1.0,8.0,140.0,82.1,42.0,0.25,81.6,27.5,37.7,991.6,0.0,7.9,4.9,222.7,SW,7.42,6.04,7.9,night
776509,2025-08-31,2025,AZ,2025-08-31 13:10:00,13,5,4,9,2,21,3,17,279,80.2,2,46,0.0435,0.1176,1.0,10.0,2.0,10.0,151.0,80.4,52.0,0.1,1.0,11.0,1.0,7.0,128.0,80.0,38.0,0.1429,94.7,34.8,28.0,992.8,0.0,9.0,5.6,223.0,SW,8.4,6.82,8.97,day
776408,2025-09-08,2025,COL,2025-09-08 19:10:00,19,3,1,4,0,19,6,5,265,82.4,1,36,0.0278,0.0,0.0,7.0,3.0,4.0,139.0,83.8,47.0,0.0,0.0,12.0,2.0,1.0,126.0,80.5,31.0,0.0,71.0,21.7,64.7,994.6,0.0,5.9,3.7,212.3,SW,5.81,5.12,5.81,night
776389,2025-09-09,2025,COL,2025-09-09 19:10:00,19,7,2,9,5,16,2,14,260,88.1,8,48,0.1667,0.3571,4.0,4.0,1.0,9.0,133.0,90.7,47.0,0.4444,1.0,12.0,1.0,5.0,127.0,85.0,40.0,0.2,70.5,21.4,68.7,991.4,0.0,6.5,4.1,207.7,SW,6.51,5.91,6.32,night
776380,2025-09-10,2025,COL,2025-09-10 19:10:00,19,9,0,9,2,22,7,16,305,86.3,6,46,0.1304,0.125,2.0,5.0,1.0,14.0,137.0,88.9,50.0,0.1429,0.0,17.0,6.0,2.0,168.0,82.0,30.0,0.0,69.9,21.1,64.7,993.0,0.0,5.9,3.6,214.0,SW,5.75,5.0,5.8,night
776311,2025-09-15,2025,PHI,2025-09-15 19:10:00,19,5,6,11,6,22,11,14,331,82.6,6,51,0.1176,0.4286,3.0,11.0,4.0,9.0,160.0,83.5,48.0,0.3333,3.0,11.0,5.0,5.0,171.0,81.7,49.0,0.6,75.3,24.0,61.0,991.2,0.0,5.5,3.4,221.0,SW,5.18,4.28,5.46,night
776297,2025-09-16,2025,PHI,2025-09-16 19:10:00,19,6,9,15,6,12,5,18,282,86.1,7,57,0.1228,0.3333,3.0,6.0,1.0,10.0,138.0,85.2,53.0,0.3,3.0,6.0,3.0,8.0,144.0,87.2,44.0,0.375,78.1,25.6,50.3,992.7,0.0,5.6,3.5,215.7,SW,5.49,4.72,5.59,night
776280,2025-09-17,2025,PHI,2025-09-17 19:10:00,19,5,0,5,2,20,5,10,283,82.1,3,41,0.0732,0.2,2.0,7.0,2.0,7.0,135.0,83.5,40.0,0.2857,0.0,13.0,3.0,3.0,148.0,80.5,35.0,0.0,70.8,21.6,70.7,993.1,0.0,6.5,4.0,146.7,SE,3.65,5.27,1.59,night
776271,2025-09-18,2025,SF,2025-09-18 19:10:00,19,2,1,3,0,19,11,6,300,79.7,2,37,0.0541,0.0,0.0,5.0,1.0,5.0,116.0,82.7,41.0,0.0,0.0,14.0,10.0,1.0,184.0,76.5,38.0,0.0,72.0,22.2,90.0,991.0,1.7,3.3,2.1,164.7,S,2.61,3.14,1.76,night
776256,2025-09-19,2025,SF,2025-09-19 19:10:00,19,6,3,9,4,20,7,15,293,84.1,6,45,0.1333,0.2667,3.0,6.0,2.0,7.0,122.0,86.7,42.0,0.4286,1.0,14.0,5.0,8.0,171.0,82.0,50.0,0.125,69.5,20.8,86.3,993.0,0.0,3.6,2.3,223.7,SW,3.39,2.74,3.63,night
776233,2025-09-20,2025,SF,2025-09-20 18:10:00,18,7,5,12,5,22,11,17,337,83.5,5,45,0.1111,0.2941,4.0,10.0,4.0,9.0,172.0,82.5,42.0,0.4444,1.0,12.0,6.0,8.0,165.0,84.5,41.0,0.125,70.6,21.4,81.0,993.1,0.0,5.5,3.4,236.0,SW,4.59,3.27,5.35,night
776227,2025-09-21,2025,SF,2025-09-21 13:10:00,13,1,3,4,0,16,3,12,254,83.7,1,48,0.0208,0.0,0.0,6.0,1.0,7.0,128.0,84.9,39.0,0.0,0.0,10.0,1.0,5.0,126.0,82.7,44.0,0.0,76.3,24.6,67.0,993.3,0.0,3.6,2.2,218.7,SW,3.46,2.9,3.59,day
