game_pk,game_date,season,away_team,game_start,start_hour,home_runs_scored,away_runs_scored,total_runs,home_runs_hit,strikeouts,walks,hits,total_pitches,avg_exit_velocity,n_barrels,n_bbe,barrel_rate,hr_h_ratio,temp_f,temp_c,rhum,pres,prcp,wspd,wspd_mph,wdir,wind_dir_bucket,wind_cf,wind_lcf,wind_rcf
413659,2015-04-06,2015,SD,2015-04-06 13:10:00,13,6,3,9,2,22,7,16,282,85.9,2,42,0.0476,0.125,63.9,17.7,34.3,994.7,0.0,16.0,10.0,216.3,SW,15.57,13.32,15.94
413668,2015-04-07,2015,SD,2015-04-07 19:10:00,19,3,7,10,1,16,6,18,309,88.5,1,57,0.0175,0.0556,52.1,11.2,94.7,995.9,0.3,6.3,3.9,222.7,SW,5.95,4.84,6.33
413681,2015-04-08,2015,SD,2015-04-08 19:10:00,19,7,4,11,5,22,4,23,293,89.8,5,51,0.098,0.2174,57.6,14.2,60.7,995.1,0.0,5.5,3.4,301.4,NW,-0.86,-2.68,1.06
413752,2015-04-13,2015,SEA,2015-04-13 19:10:00,19,6,5,11,5,22,5,15,297,85.3,5,51,0.098,0.3333,62.8,17.1,64.0,997.5,0.0,6.8,4.2,222.1,SW,6.44,5.27,6.83
413765,2015-04-14,2015,SEA,2015-04-14 19:10:00,19,6,5,11,4,18,8,22,322,84.4,0,55,0.0,0.1818,64.4,18.0,49.0,994.8,0.0,3.1,1.9,295.8,NW,-0.18,-1.23,0.89
413780,2015-04-15,2015,SEA,2015-04-15 19:10:00,19,5,2,7,1,14,9,18,265,88.6,2,51,0.0392,0.0556,67.6,19.8,20.3,992.8,0.0,4.6,2.8,311.1,NW,-1.45,-2.85,0.11
413796,2015-04-17,2015,COL,2015-04-17 19:10:00,19,7,3,10,3,25,6,17,302,89.1,2,42,0.0476,0.1765,67.2,19.6,22.0,995.7,0.0,4.5,2.8,234.1,SW,3.83,2.79,4.41
413811,2015-04-18,2015,COL,2015-04-18 18:10:00,18,6,3,9,1,13,7,14,265,89.2,2,50,0.04,0.0714,68.2,20.1,34.7,993.7,0.0,6.9,4.3,224.7,SW,6.39,5.11,6.89
413826,2015-04-19,2015,COL,2015-04-19 13:10:00,13,7,0,7,3,15,5,18,289,87.0,3,51,0.0588,0.1667,79.6,26.4,23.3,992.2,0.0,15.2,9.5,237.0,SW,12.55,8.85,14.75
413940,2015-04-27,2015,SF,2015-04-27 19:10:00,19,8,3,11,2,9,9,18,279,88.2,2,58,0.0345,0.1111,72.6,22.6,27.3,994.0,0.0,5.8,3.6,270.7,W,2.16,0.18,3.87
413955,2015-04-28,2015,SF,2015-04-28 19:10:00,19,1,2,3,1,18,3,15,249,83.2,1,50,0.02,0.0667,75.6,24.2,18.3,993.0,0.0,3.6,2.2,299.6,NW,-0.45,-1.64,0.8
413970,2015-04-29,2015,SF,2015-04-29 19:10:00,19,7,3,10,5,14,5,15,273,88.2,5,51,0.098,0.3333,78.8,26.0,18.3,989.8,0.0,4.1,2.5,244.3,SW,3.05,1.94,3.81
413983,2015-05-01,2015,AZ,2015-05-01 19:10:00,19,8,0,8,3,17,7,11,270,87.7,3,45,0.0667,0.2727,73.9,23.3,31.0,991.7,0.0,6.4,4.0,279.3,W,1.45,-0.75,3.49
413998,2015-05-02,2015,AZ,2015-05-02 18:10:00,18,6,4,10,4,14,4,21,285,88.8,4,55,0.0727,0.1905,70.9,21.6,35.0,990.3,0.0,9.7,6.0,209.6,SW,9.66,8.66,9.49
414013,2015-05-03,2015,AZ,2015-05-03 13:10:00,13,1,0,1,1,28,3,15,368,86.1,1,56,0.0179,0.0667,75.1,24.0,35.3,992.4,0.0,15.5,9.6,229.7,SW,13.76,10.52,15.35
414128,2015-05-11,2015,MIA,2015-05-11 19:10:00,19,5,3,8,3,14,9,16,296,88.7,4,49,0.0816,0.1875,66.9,19.4,45.3,990.3,0.0,5.3,3.3,197.1,S,5.31,5.16,4.82
414139,2015-05-12,2015,MIA,2015-05-12 19:10:00,19,11,1,12,3,13,5,26,288,87.1,4,62,0.0645,0.1154,59.0,15.0,67.0,992.8,0.0,7.3,4.6,188.0,S,7.1,7.3,6.04
414154,2015-05-13,2015,MIA,2015-05-13 16:50:00,16,4,5,9,2,14,5,18,289,87.5,2,55,0.0364,0.1111,65.3,18.5,48.0,992.3,0.0,11.5,7.2,236.3,SW,9.58,6.8,11.2
414165,2015-05-14,2015,COL,2015-05-14 19:10:00,19,4,5,9,2,19,8,18,306,89.4,4,53,0.0755,0.1111,51.2,10.7,91.7,991.6,1.6,6.6,4.1,160.3,S,4.89,6.11,3.08
414181,2015-05-15,2015,COL,2015-05-15 19:10:00,19,6,4,10,1,24,9,20,315,85.3,1,46,0.0217,0.05,55.9,13.3,80.7,991.3,0.0,6.0,3.7,238.1,SW,4.85,3.38,5.75
414196,2015-05-16,2015,COL,2015-05-16 18:10:00,18,1,7,8,3,18,2,12,273,89.4,2,49,0.0408,0.25,59.4,15.2,78.0,996.0,0.0,6.0,3.7,203.0,SW,6.03,5.65,5.69
414211,2015-05-17,2015,COL,2015-05-17 13:10:00,13,1,0,1,0,13,8,6,242,87.8,0,42,0.0,0.0,65.2,18.4,67.0,995.9,0.1,11.0,6.8,221.0,SW,10.4,8.58,10.96
414279,2015-05-22,2015,SD,2015-05-22 19:10:00,19,2,1,3,1,11,2,12,251,83.1,4,51,0.0784,0.0833,58.1,14.5,79.0,997.4,0.0,5.0,3.1,223.0,SW,4.65,3.78,4.97
414294,2015-05-23,2015,SD,2015-05-23 19:10:00,19,2,0,2,1,18,0,7,233,86.6,1,39,0.0256,0.1429,58.8,14.9,75.3,996.8,0.0,7.0,4.3,222.7,SW,6.54,5.32,6.97
414309,2015-05-24,2015,SD,2015-05-24 13:10:00,13,3,11,14,3,15,4,27,272,85.8,2,62,0.0323,0.1111,69.7,20.9,52.3,995.5,0.0,9.0,5.6,214.0,SW,8.82,7.67,8.9
414315,2015-05-25,2015,ATL,2015-05-25 17:10:00,17,6,3,9,3,13,7,20,293,86.3,2,55,0.0364,0.15,64.9,18.3,63.3,994.4,0.0,11.2,7.0,216.7,SW,10.86,9.27,11.14
414330,2015-05-26,2015,ATL,2015-05-26 19:10:00,19,8,0,8,1,13,4,16,254,86.6,1,50,0.02,0.0625,61.0,16.1,68.7,995.0,0.0,6.4,4.0,216.0,SW,6.19,5.31,6.33
414345,2015-05-27,2015,ATL,2015-05-27 19:10:00,19,2,3,5,2,20,7,14,279,86.7,3,45,0.0667,0.1429,63.0,17.2,62.7,995.0,0.0,6.0,3.7,225.0,SW,5.54,4.42,5.99
414459,2015-06-04,2015,STL,2015-06-04 19:10:00,19,1,7,8,0,14,5,21,290,89.4,1,60,0.0167,0.0,60.1,15.6,80.7,990.7,0.0,6.7,4.2,236.0,SW,5.61,4.0,6.55
414473,2015-06-05,2015,STL,2015-06-05 19:10:00,19,1,2,3,0,19,7,9,233,84.3,0,42,0.0,0.0,60.5,15.8,70.7,991.5,0.0,7.8,4.9,234.0,SW,6.68,4.88,7.68
414488,2015-06-06,2015,STL,2015-06-06 19:10:00,19,2,0,2,0,18,2,8,216,82.3,0,37,0.0,0.0,65.0,18.3,63.3,992.3,0.0,7.9,4.9,238.7,SW,6.38,4.4,7.59
414503,2015-06-07,2015,STL,2015-06-07 17:08:00,17,2,4,6,1,19,4,16,304,85.4,1,49,0.0204,0.0625,80.2,26.8,32.3,990.1,0.0,9.4,5.8,211.3,SW,9.29,8.23,9.22
414506,2015-06-08,2015,AZ,2015-06-08 19:10:00,19,9,3,12,2,15,3,15,264,87.8,2,50,0.04,0.1333,75.0,23.9,48.0,991.6,0.0,4.1,2.5,171.5,S,3.49,3.99,2.56
414515,2015-06-09,2015,AZ,2015-06-09 19:10:00,19,3,1,4,1,10,6,16,237,90.0,1,54,0.0185,0.0625,80.4,26.9,45.0,990.0,0.0,8.6,5.3,32.8,NE,-8.43,-7.4,-8.44
414530,2015-06-10,2015,AZ,2015-06-10 19:10:00,19,7,6,13,5,13,7,20,305,87.4,5,60,0.0833,0.25,67.5,19.7,76.0,991.9,0.0,7.2,4.5,224.3,SW,6.68,5.36,7.2
414642,2015-06-17,2015,TEX,2015-06-17 19:10:00,19,3,5,8,3,19,6,17,305,85.4,3,49,0.0612,0.1765,73.2,22.9,47.7,992.8,0.0,6.4,4.0,192.0,S,6.26,6.28,5.49
414657,2015-06-18,2015,TEX,2015-06-18 19:10:00,19,0,0,0,0,19,4,9,260,85.2,0,41,0.0,0.0,73.3,23.0,47.0,992.6,0.0,3.9,2.4,198.7,S,3.86,3.71,3.54
414669,2015-06-19,2015,SF,2015-06-19 19:10:00,19,5,9,14,2,15,8,21,304,86.7,2,56,0.0357,0.0952,77.1,25.1,43.0,989.8,0.0,4.6,2.9,179.3,S,4.23,4.59,3.35
414684,2015-06-20,2015,SF,2015-06-20 16:15:00,16,2,6,8,4,11,4,15,271,88.5,2,56,0.0357,0.2667,84.7,29.3,30.0,990.4,0.0,11.0,6.9,210.0,SW,10.94,9.79,10.77
414699,2015-06-21,2015,SF,2015-06-21 17:08:00,17,10,2,12,4,10,6,24,293,87.6,3,61,0.0492,0.1667,80.2,26.8,38.0,992.9,0.0,8.9,5.6,224.3,SW,8.29,6.66,8.93
414855,2015-07-03,2015,NYM,2015-07-03 19:10:00,19,1,2,3,1,20,4,9,293,87.6,1,45,0.0222,0.1111,72.7,22.6,57.7,991.3,0.0,7.1,4.4,212.6,SW,7.02,6.17,7.03
414870,2015-07-04,2015,NYM,2015-07-04 16:15:00,16,4,3,7,1,12,6,19,286,86.9,3,57,0.0526,0.0526,78.6,25.9,40.7,991.6,0.0,11.4,7.1,222.7,SW,10.67,8.69,11.37
414885,2015-07-05,2015,NYM,2015-07-05 13:10:00,13,0,8,8,0,20,6,18,310,85.6,0,52,0.0,0.0,81.0,27.2,35.3,994.9,0.0,11.1,6.9,211.0,SW,11.01,9.78,10.91
414898,2015-07-06,2015,PHI,2015-07-06 19:10:00,19,10,7,17,5,16,9,26,367,89.0,5,59,0.0847,0.1923,69.5,20.8,62.3,995.7,0.0,7.1,4.4,214.7,SW,6.91,5.98,7.0
414913,2015-07-07,2015,PHI,2015-07-07 19:10:00,19,2,7,9,2,15,5,16,286,87.1,2,54,0.037,0.125,68.7,20.4,66.7,992.4,0.0,8.0,5.0,225.0,SW,7.39,5.9,7.99
414928,2015-07-08,2015,PHI,2015-07-08 19:10:00,19,5,0,5,2,20,2,17,278,85.8,1,49,0.0204,0.1176,65.8,18.8,70.7,991.0,0.0,9.2,5.7,231.3,SW,8.09,6.08,9.12
414939,2015-07-09,2015,PHI,2015-07-09 19:10:00,19,6,0,6,2,14,4,9,234,84.0,2,46,0.0435,0.2222,64.9,18.3,68.0,992.1,0.0,7.5,4.6,235.0,SW,6.3,4.54,7.29
414950,2015-07-10,2015,MIL,2015-07-10 19:10:00,19,3,2,5,0,18,4,12,232,88.0,0,44,0.0,0.0,66.0,18.9,67.0,992.9,0.0,7.8,4.8,235.7,SW,6.5,4.66,7.56
414965,2015-07-11,2015,MIL,2015-07-11 19:10:00,19,1,7,8,1,13,7,15,257,87.4,3,51,0.0588,0.0667,68.9,20.5,71.0,995.2,0.0,6.7,4.1,217.0,SW,6.45,5.49,6.64
414980,2015-07-12,2015,MIL,2015-07-12 13:10:00,13,4,3,7,4,16,1,17,272,87.2,4,51,0.0784,0.2353,85.5,29.7,35.0,995.1,0.0,13.8,8.6,234.3,SW,11.72,8.53,13.51
415148,2015-07-28,2015,ATH,2015-07-28 19:10:00,19,0,2,2,1,14,2,9,227,90.0,1,47,0.0213,0.1111,75.0,23.9,53.7,992.0,0.0,6.7,4.2,204.4,SW,6.73,6.25,6.4
415163,2015-07-29,2015,ATH,2015-07-29 19:10:00,19,10,7,17,2,16,8,25,312,87.3,2,58,0.0345,0.08,75.9,24.4,57.3,994.6,0.0,8.0,5.0,199.0,S,7.95,7.64,7.31
415181,2015-07-31,2015,LAA,2015-07-31 19:10:00,19,5,3,8,3,16,3,16,250,89.4,2,49,0.0408,0.1875,76.0,24.5,61.7,994.4,0.0,5.9,3.7,231.7,SW,5.15,3.86,5.82
415196,2015-08-01,2015,LAA,2015-08-01 13:05:00,13,3,1,4,1,15,5,11,274,86.4,1,46,0.0217,0.0909,88.5,31.4,34.7,993.6,0.0,12.4,7.7,227.3,SW,11.28,8.82,12.39
415211,2015-08-02,2015,LAA,2015-08-02 13:10:00,13,5,3,8,4,15,4,17,299,88.9,6,59,0.1017,0.2353,89.5,31.9,32.0,992.1,0.0,12.7,7.9,224.0,SW,11.79,9.49,12.66
415328,2015-08-10,2015,WSH,2015-08-10 19:10:00,19,3,8,11,3,19,5,21,300,88.7,4,55,0.0727,0.1429,69.0,20.5,59.0,992.5,0.0,8.2,5.1,238.3,SW,6.67,4.62,7.92
415343,2015-08-11,2015,WSH,2015-08-11 19:10:00,19,5,0,5,1,12,7,13,283,88.3,2,51,0.0392,0.0769,71.8,22.1,55.7,993.3,0.0,5.9,3.7,225.0,SW,5.48,4.37,5.93
415358,2015-08-12,2015,WSH,2015-08-12 19:10:00,19,3,0,3,0,20,2,7,230,84.5,1,37,0.027,0.0,80.6,27.0,33.0,993.4,0.0,3.7,2.3,208.4,SW,3.71,3.36,3.62
415360,2015-08-13,2015,CIN,2015-08-13 19:10:00,19,3,10,13,3,13,5,26,330,87.4,5,65,0.0769,0.1154,84.3,29.1,29.0,992.8,0.0,5.0,3.1,182.4,S,4.73,5.03,3.85
415371,2015-08-14,2015,CIN,2015-08-14 19:10:00,19,5,3,8,2,15,7,16,254,88.9,1,47,0.0213,0.125,85.6,29.8,26.3,992.7,0.0,3.7,2.3,238.7,SW,3.01,2.08,3.59
415386,2015-08-15,2015,CIN,2015-08-15 18:10:00,18,8,3,11,5,7,7,19,282,88.4,4,59,0.0678,0.2632,90.1,32.3,23.7,991.1,0.0,7.5,4.7,252.3,W,4.84,2.59,6.51
415401,2015-08-16,2015,CIN,2015-08-16 13:10:00,13,2,1,3,2,20,4,13,259,88.6,3,41,0.0732,0.1538,99.4,37.4,21.0,991.2,0.0,13.0,8.1,238.0,SW,10.58,7.36,12.53
415561,2015-08-28,2015,CHC,2015-08-28 19:10:00,19,4,1,5,1,20,5,9,248,84.4,1,39,0.0256,0.1111,82.5,28.0,42.0,991.3,0.0,4.5,2.8,184.8,S,4.32,4.53,3.59
415576,2015-08-29,2015,CHC,2015-08-29 18:10:00,18,5,2,7,0,18,6,17,302,85.1,0,48,0.0,0.0,83.8,28.8,40.3,991.0,0.0,6.5,4.0,242.8,SW,4.95,3.22,6.09
415591,2015-08-30,2015,CHC,2015-08-30 17:08:00,17,0,2,2,1,22,3,13,255,85.9,3,45,0.0667,0.0769,80.8,27.1,48.3,990.2,0.0,9.5,5.9,220.3,SW,9.01,7.48,9.46
415611,2015-08-31,2015,SF,2015-08-31 19:10:00,19,5,4,9,2,19,9,25,452,87.6,2,86,0.0233,0.08,71.0,21.7,67.0,992.1,0.0,6.6,4.1,196.0,S,6.56,6.42,5.91
415626,2015-09-01,2015,SF,2015-09-01 19:10:00,19,2,1,3,1,14,2,14,251,85.8,2,51,0.0392,0.0714,69.6,20.9,66.3,993.8,0.0,7.8,4.8,210.3,SW,7.73,6.9,7.62
415641,2015-09-02,2015,SF,2015-09-02 19:10:00,19,2,1,3,1,20,1,12,221,90.2,1,39,0.0256,0.0833,67.5,19.7,65.0,993.1,0.0,6.5,4.0,216.7,SW,6.3,5.38,6.47
415796,2015-09-14,2015,COL,2015-09-14 19:10:00,19,4,1,5,1,20,5,14,275,90.9,1,43,0.0233,0.0714,71.4,21.9,77.0,990.5,0.0,4.2,2.6,224.0,SW,3.91,3.15,4.2
415809,2015-09-15,2015,COL,2015-09-15 19:10:00,19,4,5,9,1,27,9,24,453,84.6,3,87,0.0345,0.0417,66.9,19.4,88.3,992.8,0.0,6.1,3.8,231.3,SW,5.37,4.04,6.06
415824,2015-09-16,2015,COL,2015-09-16 19:10:00,19,2,0,2,1,12,1,8,195,86.4,1,47,0.0213,0.125,65.8,18.8,81.7,994.4,0.0,4.8,3.0,293.7,NW,-0.1,-1.72,1.54
415855,2015-09-18,2015,PIT,2015-09-18 19:10:00,19,6,2,8,2,10,6,15,255,88.4,2,53,0.0377,0.1333,72.7,22.6,70.3,989.1,0.0,3.1,1.9,199.0,S,3.13,3.0,2.87
415870,2015-09-19,2015,PIT,2015-09-19 18:10:00,18,2,3,5,0,17,6,13,254,83.8,1,45,0.0222,0.0,79.0,26.1,55.7,988.8,0.0,3.7,2.3,212.0,SW,3.68,3.25,3.67
415885,2015-09-20,2015,PIT,2015-09-20 13:10:00,13,3,4,7,3,16,4,18,280,86.5,3,52,0.0577,0.1667,100.9,38.3,18.0,988.8,0.0,10.6,6.6,248.0,W,7.45,4.41,9.6
415890,2015-09-21,2015,AZ,2015-09-21 19:10:00,19,4,8,12,5,9,9,25,301,89.5,6,70,0.0857,0.2,72.0,22.2,75.0,991.0,0.0,3.0,1.9,243.9,SW,2.28,1.45,2.83
415900,2015-09-22,2015,AZ,2015-09-22 19:10:00,19,0,8,8,3,19,5,14,280,86.8,3,47,0.0638,0.2143,71.8,22.1,67.7,993.1,0.0,3.2,2.0,260.0,W,1.72,0.69,2.54
415915,2015-09-23,2015,AZ,2015-09-23 19:10:00,19,4,1,5,3,19,3,9,226,85.3,1,40,0.025,0.3333,75.6,24.2,59.7,991.4,0.0,2.2,1.4,251.5,W,1.46,0.8,1.95
415929,2015-09-24,2015,AZ,2015-09-24 12:10:00,12,6,3,9,2,20,8,16,308,87.8,1,47,0.0213,0.125,95.6,35.3,26.0,991.5,0.0,11.4,7.1,230.0,SW,10.11,7.7,11.3
416046,2015-10-02,2015,SD,2015-10-02 19:10:00,19,6,2,8,0,14,4,14,252,88.7,1,49,0.0204,0.0,71.2,21.8,51.7,989.0,0.0,4.0,2.5,205.8,SW,4.03,3.7,3.86
416061,2015-10-03,2015,SD,2015-10-03 18:10:00,18,2,1,3,2,14,1,10,216,88.4,2,44,0.0455,0.2,69.4,20.8,71.0,981.9,0.0,7.5,4.7,185.0,S,7.19,7.53,5.98
416076,2015-10-04,2015,SD,2015-10-04 12:10:00,12,6,3,9,4,28,9,16,295,87.3,2,38,0.0526,0.25,67.2,19.5,56.7,984.6,0.0,8.7,5.4,195.3,S,8.63,8.48,7.74
446968,2016-04-12,2016,AZ,2016-04-12 13:10:00,13,2,4,6,2,10,4,18,266,85.3,4,60,0.0667,0.1111,69.9,21.0,58.7,1000.4,0.0,12.6,7.8,226.0,SW,11.52,9.12,12.54
446981,2016-04-13,2016,AZ,2016-04-13 19:10:00,19,3,1,4,2,13,5,12,268,86.5,2,47,0.0426,0.1667,58.3,14.6,83.3,996.4,0.0,3.7,2.3,194.2,S,3.69,3.66,3.29
446996,2016-04-14,2016,AZ,2016-04-14 19:10:00,19,5,2,7,0,15,6,14,259,85.5,1,46,0.0217,0.0,59.3,15.2,77.3,991.4,0.0,2.3,1.4,28.6,NE,-2.29,-2.07,-2.23
447018,2016-04-15,2016,SF,2016-04-15 19:10:00,19,7,3,10,2,20,2,14,268,83.7,2,48,0.0417,0.1429,64.3,18.0,37.7,992.7,0.0,8.9,5.5,317.4,NW,-3.75,-6.29,-0.77
447033,2016-04-16,2016,SF,2016-04-16 18:10:00,18,3,4,7,1,15,9,13,311,82.6,2,50,0.04,0.0769,73.2,22.9,22.7,994.7,0.0,8.1,5.0,269.0,W,3.22,0.5,5.56
447048,2016-04-17,2016,SF,2016-04-17 17:05:00,17,3,1,4,2,11,6,11,233,82.7,1,46,0.0217,0.1818,76.0,24.5,24.3,995.2,0.0,11.9,7.4,257.0,W,6.93,3.19,9.83
447155,2016-04-25,2016,MIA,2016-04-25 19:10:00,19,2,3,5,3,14,5,15,282,84.7,5,54,0.0926,0.2,58.5,14.7,31.3,991.9,0.0,5.5,3.4,314.0,NW,-2.01,-3.64,-0.14
447168,2016-04-26,2016,MIA,2016-04-26 19:10:00,19,3,6,9,1,17,6,17,294,83.2,1,54,0.0185,0.0588,59.7,15.4,49.0,993.9,0.0,4.2,2.6,174.0,S,3.72,4.19,2.81
447183,2016-04-27,2016,MIA,2016-04-27 19:10:00,19,0,2,2,0,12,7,10,294,82.9,0,50,0.0,0.0,58.6,14.8,72.7,987.0,0.0,9.4,5.8,230.7,SW,8.26,6.25,9.27
447193,2016-04-28,2016,MIA,2016-04-28 19:10:00,19,3,5,8,2,18,6,17,281,81.5,2,51,0.0392,0.1176,57.5,14.2,64.7,992.5,0.0,7.0,4.4,163.2,S,5.45,6.64,3.59
447210,2016-04-29,2016,SD,2016-04-29 19:10:00,19,1,5,6,2,23,6,15,281,82.6,4,44,0.0909,0.1333,57.0,13.9,70.7,993.0,0.0,5.9,3.7,213.2,SW,5.83,5.1,5.86
447225,2016-04-30,2016,SD,2016-04-30 18:10:00,18,2,5,7,1,17,10,13,310,83.7,2,49,0.0408,0.0769,60.7,16.0,62.7,989.5,0.0,8.2,5.1,217.7,SW,7.91,6.7,8.17
447240,2016-05-01,2016,SD,2016-05-01 13:10:00,13,1,0,1,0,21,2,6,219,82.4,2,34,0.0588,0.0,72.5,22.5,46.7,993.2,0.0,12.8,8.0,210.3,SW,12.71,11.35,12.54
447347,2016-05-09,2016,NYM,2016-05-09 19:10:00,19,2,4,6,3,18,7,14,312,85.6,0,49,0.0,0.2143,58.5,14.7,75.0,993.9,0.0,5.5,3.4,261.0,W,2.89,1.1,4.33
447360,2016-05-10,2016,NYM,2016-05-10 19:10:00,19,3,2,5,1,17,3,15,271,83.9,3,49,0.0612,0.0667,59.5,15.3,76.0,995.2,0.0,7.8,4.8,243.0,SW,5.91,3.82,7.27
447375,2016-05-11,2016,NYM,2016-05-11 19:10:00,19,3,4,7,4,18,5,15,273,87.2,5,50,0.1,0.2667,65.1,18.4,67.0,995.7,0.0,6.1,3.8,221.0,SW,5.79,4.77,6.1
447386,2016-05-12,2016,NYM,2016-05-12 19:10:00,19,5,0,5,2,19,1,11,222,83.3,3,42,0.0714,0.1818,66.3,19.0,59.0,995.6,0.0,5.9,3.7,189.3,S,5.74,5.86,4.94
447404,2016-05-13,2016,STL,2016-05-13 19:10:00,19,8,4,12,2,12,7,20,287,86.7,6,61,0.0984,0.1,63.4,17.4,66.0,995.4,0.0,7.5,4.7,199.0,S,7.52,7.22,6.91
447419,2016-05-14,2016,STL,2016-05-14 18:10:00,18,5,3,8,3,16,4,11,256,81.8,3,47,0.0638,0.2727,61.4,16.3,70.0,993.5,0.0,9.2,5.7,204.3,SW,9.16,8.51,8.71
447434,2016-05-15,2016,STL,2016-05-15 17:05:00,17,2,5,7,3,13,6,13,279,83.9,2,50,0.04,0.2308,63.8,17.7,65.3,992.1,0.0,9.5,5.9,213.0,SW,9.31,8.16,9.34
447439,2016-05-16,2016,LAA,2016-05-16 19:10:00,19,6,7,13,2,15,9,21,333,83.2,5,58,0.0862,0.0952,59.8,15.4,79.7,992.3,0.0,7.6,4.7,215.0,SW,7.42,6.41,7.53
447450,2016-05-17,2016,LAA,2016-05-17 19:10:00,19,5,1,6,3,15,2,17,212,88.5,4,50,0.08,0.1765,61.3,16.3,77.7,994.5,0.0,6.7,4.1,220.3,SW,6.35,5.27,6.66
447532,2016-05-23,2016,CIN,2016-05-23 19:10:00,19,1,0,1,0,9,5,7,209,82.8,0,45,0.0,0.0,59.7,15.4,70.7,992.5,0.0,8.0,5.0,195.0,S,7.93,7.81,7.1
447543,2016-05-24,2016,CIN,2016-05-24 19:10:00,19,8,2,10,1,16,7,14,307,79.8,4,49,0.0816,0.0714,58.3,14.6,77.7,997.1,0.0,9.5,5.9,242.7,SW,7.26,4.73,8.92
447558,2016-05-25,2016,CIN,2016-05-25 19:10:00,19,3,1,4,1,27,3,7,243,81.4,1,30,0.0333,0.1429,59.2,15.1,71.0,998.3,0.0,5.5,3.4,201.5,S,5.5,5.2,5.13
447680,2016-06-03,2016,ATL,2016-06-03 19:10:00,19,4,2,6,4,18,5,12,256,84.5,5,44,0.1136,0.3333,77.3,25.2,43.0,994.3,0.0,5.5,3.4,207.0,SW,5.45,4.97,5.27
447695,2016-06-04,2016,ATL,2016-06-04 19:10:00,19,4,0,4,0,11,9,11,297,82.7,0,49,0.0,0.0,72.9,22.7,50.7,993.4,0.0,5.5,3.4,225.4,SW,5.04,4.0,5.46
447710,2016-06-05,2016,ATL,2016-06-05 13:10:00,13,12,6,18,5,16,8,26,337,86.0,5,59,0.0847,0.1923,83.1,28.4,30.3,991.9,0.0,12.4,7.7,225.7,SW,11.43,9.06,12.41
447727,2016-06-06,2016,COL,2016-06-06 19:10:00,19,1,6,7,2,16,7,10,254,84.8,4,44,0.0909,0.2,65.1,18.4,63.0,990.9,0.0,6.5,4.1,225.0,SW,6.04,4.82,6.53
447738,2016-06-07,2016,COL,2016-06-07 19:10:00,19,4,3,7,3,20,9,14,313,82.4,3,43,0.0698,0.2143,65.7,18.7,65.0,992.4,0.0,6.1,3.8,209.3,SW,6.06,5.44,5.94
447753,2016-06-08,2016,COL,2016-06-08 19:10:00,19,0,1,1,0,16,3,10,271,84.0,2,48,0.0417,0.0,68.3,20.2,62.7,991.2,0.0,6.8,4.2,217.0,SW,6.62,5.63,6.8
447860,2016-06-16,2016,MIL,2016-06-16 19:10:00,19,6,8,14,4,19,5,18,303,85.0,7,51,0.1373,0.2222,68.5,20.3,47.3,995.7,0.0,6.7,4.2,256.3,W,3.97,1.88,5.59
447874,2016-06-17,2016,MIL,2016-06-17 19:10:00,19,3,2,5,2,24,5,20,322,81.3,2,52,0.0385,0.1,75.8,24.3,36.3,995.7,0.0,5.7,3.6,273.1,W,1.91,-0.06,3.64
447889,2016-06-18,2016,MIL,2016-06-18 19:10:00,19,10,6,16,4,16,8,25,327,84.8,5,55,0.0909,0.16,81.4,27.5,23.0,995.3,0.0,5.7,3.6,304.0,NW,-1.14,-2.99,0.85
447904,2016-06-19,2016,MIL,2016-06-19 13:10:00,13,2,1,3,2,16,5,14,241,83.4,3,46,0.0652,0.1429,106.0,41.1,8.7,992.4,0.0,14.3,8.9,255.0,W,8.73,4.31,12.09
447920,2016-06-20,2016,WSH,2016-06-20 19:10:00,19,4,1,5,2,19,2,14,274,84.1,3,45,0.0667,0.1429,91.0,32.8,18.3,992.1,0.0,8.2,5.1,165.3,S,6.5,7.8,4.42
447935,2016-06-21,2016,WSH,2016-06-21 19:10:00,19,3,2,5,3,11,3,18,262,86.9,3,55,0.0545,0.1667,75.9,24.4,54.3,994.6,0.0,4.1,2.5,199.3,S,4.06,3.89,3.74
447950,2016-06-22,2016,WSH,2016-06-22 19:10:00,19,4,3,7,2,18,4,20,305,83.5,3,52,0.0577,0.1,71.8,22.1,52.7,993.7,0.0,6.2,3.9,202.7,SW,6.23,5.85,5.86
448062,2016-07-01,2016,COL,2016-07-01 19:10:00,19,5,0,5,0,16,7,12,257,82.2,2,43,0.0465,0.0,69.0,20.6,68.7,993.5,0.0,8.6,5.4,198.7,S,8.61,8.29,7.9
448077,2016-07-02,2016,COL,2016-07-02 19:10:00,19,6,1,7,1,21,4,15,326,81.8,1,45,0.0222,0.0667,67.8,19.9,59.3,996.1,0.0,6.8,4.2,203.3,SW,6.83,6.39,6.45
448092,2016-07-03,2016,COL,2016-07-03 13:10:00,13,4,1,5,3,21,5,11,264,83.3,4,37,0.1081,0.2727,80.3,26.8,40.0,997.4,0.0,12.6,7.8,222.3,SW,11.85,9.67,12.6
448103,2016-07-04,2016,BAL,2016-07-04 18:10:00,18,7,5,12,2,15,8,17,297,85.5,2,52,0.0385,0.1176,70.0,21.1,55.7,995.2,0.0,9.5,5.9,230.7,SW,8.35,6.31,9.37
448118,2016-07-05,2016,BAL,2016-07-05 19:10:00,19,1,4,5,1,18,5,15,294,82.4,1,49,0.0204,0.0667,67.7,19.8,63.0,994.7,0.0,8.0,5.0,239.7,SW,6.35,4.32,7.61
448133,2016-07-06,2016,BAL,2016-07-06 12:10:00,12,4,6,10,3,36,14,29,526,81.8,2,72,0.0278,0.1034,79.4,26.3,43.0,995.1,0.0,13.2,8.2,214.7,SW,12.94,11.2,13.11
448154,2016-07-07,2016,SD,2016-07-07 19:10:00,19,0,6,6,1,16,7,12,284,84.2,3,50,0.06,0.0833,71.2,21.8,58.3,993.8,0.0,7.6,4.7,223.7,SW,7.12,5.75,7.63
448167,2016-07-08,2016,SD,2016-07-08 19:10:00,19,10,6,16,7,13,11,28,339,84.6,6,62,0.0968,0.25,72.9,22.7,56.7,994.6,0.0,6.4,4.0,227.7,SW,5.79,4.51,6.37
448182,2016-07-09,2016,SD,2016-07-09 16:15:00,16,4,3,7,1,20,5,12,240,84.3,0,42,0.0,0.0833,83.1,28.4,36.3,994.9,0.0,11.0,6.8,229.7,SW,9.79,7.48,10.91
448197,2016-07-10,2016,SD,2016-07-10 13:10:00,13,3,1,4,2,26,2,13,269,80.4,1,37,0.027,0.1538,87.0,30.5,32.7,992.5,0.0,13.5,8.4,227.0,SW,12.28,9.63,13.46
448368,2016-07-26,2016,TB,2016-07-26 19:10:00,19,3,2,5,1,19,4,11,258,84.1,2,45,0.0444,0.0909,79.6,26.5,45.3,991.6,0.0,6.2,3.9,199.0,S,6.22,5.98,5.71
448383,2016-07-27,2016,TB,2016-07-27 12:10:00,12,1,3,4,1,20,7,13,306,82.7,1,45,0.0222,0.0769,94.5,34.7,22.7,993.3,0.0,14.1,8.8,228.3,SW,12.72,9.85,14.06
448393,2016-07-29,2016,AZ,2016-07-29 19:10:00,19,9,7,16,2,13,7,19,291,83.2,4,56,0.0714,0.1053,78.7,26.0,54.0,989.6,0.0,6.7,4.2,219.3,SW,6.41,5.36,6.69
448408,2016-07-30,2016,AZ,2016-07-30 18:10:00,18,2,4,6,2,15,3,18,305,85.8,2,54,0.037,0.1111,76.6,24.8,60.0,990.7,0.0,6.1,3.8,209.6,SW,6.02,5.4,5.91
448423,2016-07-31,2016,AZ,2016-07-31 13:10:00,13,14,3,17,3,19,7,20,322,83.2,4,52,0.0769,0.15,88.5,31.4,36.0,992.7,0.0,14.4,9.0,212.7,SW,14.21,12.48,14.22
448490,2016-08-05,2016,BOS,2016-08-05 19:10:00,19,0,9,9,3,15,6,13,271,84.8,2,51,0.0392,0.2308,72.3,22.4,62.0,990.8,0.0,7.1,4.4,228.3,SW,6.36,4.92,7.03
448505,2016-08-06,2016,BOS,2016-08-06 13:05:00,13,3,0,3,0,22,3,16,282,83.1,0,44,0.0,0.0,85.7,29.8,40.3,990.4,0.0,11.8,7.3,231.0,SW,10.34,7.8,11.64
448520,2016-08-07,2016,BOS,2016-08-07 16:10:00,16,8,5,13,3,15,12,15,302,87.3,4,49,0.0816,0.2,82.3,27.9,42.7,988.7,0.0,11.2,7.0,215.7,SW,10.91,9.38,11.12
448538,2016-08-08,2016,PHI,2016-08-08 19:10:00,19,9,4,13,5,11,4,19,279,84.0,5,59,0.0847,0.2632,70.1,21.2,69.0,990.2,0.0,6.6,4.1,199.3,S,6.62,6.35,6.1
448551,2016-08-09,2016,PHI,2016-08-09 19:10:00,19,9,3,12,5,20,5,22,315,84.0,5,51,0.098,0.2273,70.1,21.2,63.7,991.0,0.0,7.2,4.5,219.4,SW,6.89,5.76,7.19
448567,2016-08-10,2016,PHI,2016-08-10 12:10:00,12,2,6,8,1,23,8,15,317,81.5,0,44,0.0,0.0667,85.2,29.6,28.0,993.4,0.0,10.7,6.7,207.0,SW,10.7,9.77,10.34
448592,2016-08-12,2016,PIT,2016-08-12 19:10:00,19,1,5,6,2,13,0,19,269,84.5,3,59,0.0508,0.1053,75.3,24.0,55.7,994.2,0.0,7.2,4.5,213.7,SW,7.06,6.16,7.11
448607,2016-08-13,2016,PIT,2016-08-13 13:05:00,13,8,4,12,2,18,11,27,352,85.1,3,61,0.0492,0.0741,94.9,34.9,27.3,992.3,0.0,13.1,8.1,243.0,SW,9.96,6.45,12.27
448622,2016-08-14,2016,PIT,2016-08-14 13:10:00,13,3,11,14,4,16,6,23,360,84.1,4,61,0.0656,0.1739,96.1,35.6,27.0,991.9,0.0,15.1,9.4,241.7,SW,11.68,7.72,14.23
448743,2016-08-23,2016,SF,2016-08-23 19:10:00,19,9,5,14,3,19,7,23,310,82.5,3,53,0.0566,0.1304,73.0,22.8,53.3,996.6,0.0,4.5,2.8,225.0,SW,4.13,3.29,4.46
448759,2016-08-24,2016,SF,2016-08-24 19:10:00,19,1,0,1,1,15,3,11,252,85.9,1,46,0.0217,0.0909,72.4,22.4,57.3,994.4,0.0,5.7,3.5,215.3,SW,5.53,4.76,5.62
448770,2016-08-25,2016,SF,2016-08-25 19:10:00,19,0,4,4,1,13,5,9,304,82.4,2,51,0.0392,0.1111,68.8,20.5,64.0,993.0,0.0,6.9,4.3,197.7,S,6.91,6.69,6.29
448774,2016-08-26,2016,CHC,2016-08-26 19:10:00,19,4,6,10,3,24,9,18,334,85.1,3,53,0.0566,0.1667,66.3,19.0,69.3,994.5,0.0,7.0,4.4,220.3,SW,6.69,5.55,7.03
448789,2016-08-27,2016,CHC,2016-08-27 13:05:00,13,3,2,5,1,16,4,14,263,82.4,2,46,0.0435,0.0714,81.1,27.3,39.0,994.8,0.0,10.5,6.5,236.0,SW,8.76,6.25,10.21
448804,2016-08-28,2016,CHC,2016-08-28 13:10:00,13,1,0,1,0,22,7,8,285,84.1,1,37,0.027,0.0,90.5,32.5,28.0,995.1,0.0,13.2,8.2,244.3,SW,9.86,6.25,12.28
448874,2016-09-02,2016,SD,2016-09-02 19:10:00,19,2,4,6,2,25,5,19,331,84.6,3,46,0.0652,0.1053,67.4,19.7,70.3,991.6,0.0,6.7,4.2,207.0,SW,6.68,6.1,6.46
448889,2016-09-03,2016,SD,2016-09-03 18:10:00,18,5,1,6,2,20,6,13,250,84.0,2,41,0.0488,0.1538,66.1,19.0,65.3,990.5,0.0,8.4,5.2,220.0,SW,7.98,6.64,8.36
448904,2016-09-04,2016,SD,2016-09-04 13:10:00,13,7,4,11,3,19,7,16,297,83.6,2,45,0.0444,0.1875,76.2,24.5,44.3,989.8,0.0,12.8,8.0,215.3,SW,12.51,10.78,12.73
448909,2016-09-05,2016,AZ,2016-09-05 17:10:00,17,10,2,12,5,18,6,15,307,84.1,5,48,0.1042,0.3333,68.8,20.5,58.0,988.5,0.0,9.9,6.2,238.3,SW,8.05,5.58,9.56
448924,2016-09-06,2016,AZ,2016-09-06 19:10:00,19,5,2,7,1,16,3,15,254,89.7,4,48,0.0833,0.0667,71.3,21.8,60.3,990.5,0.0,5.5,3.4,198.6,S,5.52,5.32,5.06
448939,2016-09-07,2016,AZ,2016-09-07 19:10:00,19,3,1,4,1,20,9,11,272,82.7,1,42,0.0238,0.0909,67.0,19.5,68.3,998.2,0.0,6.8,4.2,182.7,S,6.4,6.8,5.22
449112,2016-09-19,2016,SF,2016-09-19 19:10:00,19,2,1,3,0,20,1,9,253,80.7,1,39,0.0256,0.0,73.7,23.2,59.7,996.8,0.0,4.4,2.8,87.0,E,-1.91,-0.42,-3.16
449127,2016-09-20,2016,SF,2016-09-20 19:10:00,19,0,2,2,2,23,4,20,308,85.3,2,48,0.0417,0.1,74.8,23.8,72.0,993.9,0.0,2.8,1.8,213.3,SW,2.78,2.43,2.8
449142,2016-09-21,2016,SF,2016-09-21 19:10:00,19,9,3,12,2,13,4,19,293,84.5,2,55,0.0364,0.1053,70.4,21.3,74.7,991.1,0.0,4.8,3.0,184.0,S,4.52,4.77,3.73
449148,2016-09-22,2016,COL,2016-09-22 19:10:00,19,7,4,11,3,13,9,16,268,85.9,4,51,0.0784,0.1875,67.9,19.9,41.7,992.5,0.0,2.8,1.7,114.4,SE,0.09,1.03,-0.86
449161,2016-09-23,2016,COL,2016-09-23 19:10:00,19,5,2,7,3,25,8,16,330,82.3,4,39,0.1026,0.1875,69.6,20.9,41.3,994.9,0.0,2.2,1.4,34.4,NE,-2.19,-1.9,-2.21
449176,2016-09-24,2016,COL,2016-09-24 18:10:00,18,14,1,15,2,15,8,19,316,84.9,2,55,0.0364,0.1053,78.9,26.1,28.3,995.2,0.0,4.5,2.8,273.5,W,1.48,-0.08,2.85
449191,2016-09-25,2016,COL,2016-09-25 13:10:00,13,4,3,7,3,17,5,20,310,82.6,2,60,0.0333,0.15,99.3,37.4,8.3,994.5,0.0,6.9,4.3,231.9,SW,6.04,4.51,6.84
490109,2017-04-03,2017,SD,2017-04-03 13:10:00,13,14,3,17,5,14,5,19,267,85.7,7,56,0.125,0.2632,67.4,19.7,49.3,992.3,0.0,14.4,9.0,219.7,SW,13.79,11.5,14.42
490117,2017-04-04,2017,SD,2017-04-04 19:10:00,19,0,4,4,1,14,4,16,258,85.3,2,49,0.0408,0.0625,58.9,14.9,77.0,996.2,0.0,5.9,3.7,210.5,SW,5.84,5.21,5.77
490131,2017-04-05,2017,SD,2017-04-05 19:10:00,19,3,1,4,2,19,7,9,258,85.7,4,39,0.1026,0.2222,62.9,17.2,64.3,996.1,0.0,7.4,4.6,201.2,S,7.36,6.98,6.86
490144,2017-04-06,2017,SD,2017-04-06 12:10:00,12,10,2,12,3,13,13,14,307,82.9,4,52,0.0769,0.2143,78.6,25.9,28.0,995.3,0.0,14.5,9.0,189.5,S,14.13,14.39,12.16
490240,2017-04-14,2017,AZ,2017-04-14 19:10:00,19,7,1,8,1,13,6,17,275,85.3,2,53,0.0377,0.0588,57.8,14.3,48.3,994.6,0.0,4.3,2.7,247.1,SW,3.04,1.83,3.88
490255,2017-04-15,2017,AZ,2017-04-15 18:10:00,18,8,4,12,3,19,5,16,278,83.1,2,51,0.0392,0.1875,62.9,17.2,42.0,994.5,0.0,7.2,4.5,223.6,SW,6.72,5.43,7.2
490270,2017-04-16,2017,AZ,2017-04-16 13:10:00,13,1,3,4,1,16,7,14,291,83.1,2,48,0.0417,0.0714,73.9,23.3,27.3,996.5,0.0,19.8,12.3,237.3,SW,16.28,11.42,19.17
490285,2017-04-17,2017,AZ,2017-04-17 19:10:00,19,2,4,6,2,29,9,15,297,81.1,2,38,0.0526,0.1333,60.4,15.8,86.3,998.0,0.0,9.2,5.7,256.0,W,5.5,2.63,7.7
490300,2017-04-18,2017,COL,2017-04-18 19:10:00,19,3,4,7,3,19,7,16,307,83.8,3,49,0.0612,0.1875,61.5,16.4,82.7,999.3,0.0,8.9,5.6,252.0,W,5.81,3.13,7.78
490315,2017-04-19,2017,COL,2017-04-19 19:10:00,19,4,2,6,1,19,4,13,253,82.3,1,46,0.0217,0.0769,60.6,15.9,73.3,998.5,0.0,10.0,6.2,134.5,SE,3.73,6.67,0.35
490440,2017-04-28,2017,PHI,2017-04-28 19:10:00,19,5,3,8,0,17,4,17,278,80.3,1,51,0.0196,0.0,71.1,21.7,16.7,988.8,0.0,22.4,13.9,341.3,N,-16.88,-20.92,-10.81
490455,2017-04-29,2017,PHI,2017-04-29 18:10:00,18,6,5,11,7,13,4,24,323,84.8,5,64,0.0781,0.2917,72.0,22.2,16.7,996.1,0.0,11.5,7.1,296.1,NW,-0.72,-4.6,3.25
490470,2017-04-30,2017,PHI,2017-04-30 13:10:00,13,5,3,8,3,21,7,19,287,86.9,4,45,0.0889,0.1579,82.9,28.3,14.3,996.8,0.0,21.0,13.0,234.0,SW,17.88,13.05,20.55
490482,2017-05-01,2017,SF,2017-05-01 19:10:00,19,3,4,7,2,16,2,14,268,80.1,4,50,0.08,0.1429,64.3,18.0,54.7,992.4,0.0,6.6,4.1,190.2,S,6.42,6.51,5.55
490497,2017-05-02,2017,SF,2017-05-02 19:10:00,19,13,5,18,1,19,10,23,331,82.9,3,53,0.0566,0.0435,64.8,18.2,62.0,993.0,0.0,7.9,4.9,193.4,S,7.77,7.73,6.87
490513,2017-05-03,2017,SF,2017-05-03 19:10:00,19,1,4,5,0,23,8,17,330,80.4,1,56,0.0179,0.0,62.5,17.0,85.0,994.4,0.0,7.7,4.8,210.4,SW,7.66,6.83,7.56
490579,2017-05-08,2017,PIT,2017-05-08 19:10:00,19,12,1,13,2,24,6,20,324,82.4,1,47,0.0213,0.1,58.5,14.7,82.0,990.4,0.0,7.0,4.3,217.8,SW,6.75,5.72,6.98
490592,2017-05-09,2017,PIT,2017-05-09 19:10:00,19,4,3,7,2,18,4,17,307,84.7,3,57,0.0526,0.1176,59.0,15.0,74.0,995.4,0.0,10.3,6.4,146.3,SE,5.73,8.31,2.46
490607,2017-05-10,2017,PIT,2017-05-10 19:10:00,19,5,2,7,2,11,4,13,232,81.1,1,50,0.02,0.1538,61.2,16.2,74.7,999.7,0.0,7.7,4.8,266.7,W,3.37,0.79,5.55
490712,2017-05-18,2017,MIA,2017-05-18 19:10:00,19,7,2,9,3,18,12,18,289,85.0,5,44,0.1136,0.1667,61.6,16.5,68.0,991.9,0.0,5.5,3.4,229.3,SW,4.94,3.79,5.49
490725,2017-05-19,2017,MIA,2017-05-19 19:10:00,19,7,2,9,4,14,6,17,263,82.6,3,50,0.06,0.2353,70.3,21.3,36.3,992.8,0.0,11.5,7.1,278.7,W,2.74,-1.24,6.38
490740,2017-05-20,2017,MIA,2017-05-20 19:10:00,19,6,10,16,4,19,8,21,334,81.6,6,55,0.1091,0.1905,78.9,26.1,23.3,990.3,0.0,10.0,6.2,286.1,W,1.12,-2.34,4.45
490755,2017-05-21,2017,MIA,2017-05-21 13:10:00,13,6,3,9,2,14,4,19,269,82.9,2,54,0.037,0.1053,89.4,31.9,21.0,992.7,0.0,17.8,11.1,227.3,SW,16.18,12.65,17.77
490784,2017-05-23,2017,STL,2017-05-23 19:10:00,19,2,1,3,1,33,5,7,374,82.2,1,50,0.02,0.1429,61.2,16.2,81.3,992.6,0.0,8.5,5.3,197.0,S,8.43,8.2,7.64
490799,2017-05-24,2017,STL,2017-05-24 19:10:00,19,1,6,7,1,14,9,12,279,83.3,1,50,0.02,0.0833,58.9,15.0,78.3,990.3,0.0,10.7,6.7,211.7,SW,10.6,9.37,10.54
490812,2017-05-25,2017,STL,2017-05-25 19:10:00,19,7,3,10,1,16,5,20,287,82.8,1,50,0.02,0.05,60.5,15.8,64.3,992.0,0.0,9.6,5.9,243.3,SW,7.24,4.66,8.94
490817,2017-05-26,2017,CHC,2017-05-26 19:10:00,19,4,0,4,2,22,6,7,265,78.9,2,32,0.0625,0.2857,61.5,16.4,60.0,996.0,0.0,8.0,5.0,254.7,W,4.89,2.44,6.74
490832,2017-05-27,2017,CHC,2017-05-27 16:15:00,16,5,0,5,1,19,7,9,268,78.2,0,42,0.0,0.1111,66.4,19.1,53.3,996.9,0.0,15.1,9.4,233.7,SW,12.95,9.49,14.85
490847,2017-05-28,2017,CHC,2017-05-28 13:10:00,13,9,4,13,7,22,8,22,344,80.8,7,51,0.1373,0.3182,75.6,24.2,43.7,995.2,0.0,17.5,10.9,234.0,SW,14.95,10.91,17.18
490963,2017-06-05,2017,WSH,2017-06-05 19:10:00,19,2,4,6,1,16,4,13,289,82.3,0,53,0.0,0.0769,62.7,17.0,83.7,992.4,0.0,7.7,4.8,193.7,S,7.61,7.55,6.75
490978,2017-06-06,2017,WSH,2017-06-06 19:10:00,19,1,2,3,0,23,5,8,267,80.1,1,40,0.025,0.0,62.1,16.7,81.3,993.7,0.0,7.5,4.7,221.7,SW,7.12,5.84,7.53
490993,2017-06-07,2017,WSH,2017-06-07 12:10:00,12,2,1,3,2,22,4,8,253,81.6,2,39,0.0513,0.25,75.0,23.9,52.3,994.1,0.0,11.6,7.2,221.7,SW,10.96,8.99,11.6
491007,2017-06-09,2017,CIN,2017-06-09 19:10:00,19,7,2,9,3,17,8,14,309,80.7,2,47,0.0426,0.2143,62.8,17.1,89.3,992.6,0.0,5.4,3.3,212.6,SW,5.28,4.65,5.29
491022,2017-06-10,2017,CIN,2017-06-10 19:10:00,19,5,4,9,2,15,1,18,280,81.7,2,57,0.0351,0.1111,62.8,17.1,71.7,991.4,0.0,8.7,5.4,206.7,SW,8.68,7.94,8.37
491038,2017-06-11,2017,CIN,2017-06-11 13:10:00,13,9,7,16,8,13,7,22,280,83.0,5,60,0.0833,0.3636,70.5,21.4,47.7,993.0,0.0,17.9,11.1,207.0,SW,17.81,16.26,17.22
491150,2017-06-19,2017,NYM,2017-06-19 19:10:00,19,10,6,16,8,25,7,25,341,86.5,8,50,0.16,0.32,65.7,18.7,82.3,990.4,0.0,8.1,5.1,218.1,SW,7.84,6.62,8.11
491164,2017-06-20,2017,NYM,2017-06-20 19:10:00,19,12,0,12,5,15,9,17,318,84.9,4,52,0.0769,0.2941,68.1,20.0,74.0,989.3,0.0,7.9,4.9,213.1,SW,7.73,6.77,7.76
491179,2017-06-21,2017,NYM,2017-06-21 19:10:00,19,8,2,10,4,24,8,14,317,81.6,3,43,0.0698,0.2857,69.1,20.6,70.7,986.9,0.0,8.5,5.3,204.0,SW,8.53,7.94,8.09
491193,2017-06-22,2017,NYM,2017-06-22 19:10:00,19,6,3,9,5,15,14,13,327,83.8,3,47,0.0638,0.3846,65.5,18.6,78.3,991.2,0.0,9.1,5.6,217.3,SW,8.76,7.44,9.03
491201,2017-06-23,2017,COL,2017-06-23 19:10:00,19,6,1,7,1,16,7,14,293,82.3,1,48,0.0208,0.0714,63.1,17.3,85.3,992.8,0.0,6.5,4.1,175.2,S,5.8,6.48,4.43
491216,2017-06-24,2017,COL,2017-06-24 19:10:00,19,4,0,4,1,18,11,11,301,79.0,1,43,0.0233,0.0909,66.7,19.3,77.0,991.2,0.0,3.9,2.4,219.1,SW,3.71,3.1,3.86
491231,2017-06-25,2017,COL,2017-06-25 13:10:00,13,12,6,18,3,18,13,21,373,81.4,3,53,0.0566,0.1429,84.1,29.0,41.3,992.0,0.0,14.3,8.9,220.7,SW,13.62,11.27,14.33
491245,2017-06-26,2017,LAA,2017-06-26 19:10:00,19,0,4,4,1,17,6,13,253,85.3,2,47,0.0426,0.0769,72.7,22.6,53.0,992.4,0.0,6.4,4.0,181.3,S,5.97,6.4,4.82
491255,2017-06-27,2017,LAA,2017-06-27 19:10:00,19,4,0,4,1,14,4,9,235,80.9,1,44,0.0227,0.1111,65.4,18.6,72.3,990.9,0.0,8.1,5.1,203.7,SW,8.13,7.58,7.7
491348,2017-07-04,2017,AZ,2017-07-04 18:10:00,18,4,3,7,2,22,6,15,330,79.2,2,44,0.0455,0.1333,70.9,21.6,55.7,993.0,0.0,7.4,4.6,216.2,SW,7.22,6.18,7.39
491363,2017-07-05,2017,AZ,2017-07-05 19:10:00,19,1,0,1,0,24,6,8,256,82.7,1,34,0.0294,0.0,70.0,21.1,62.3,995.0,0.0,10.0,6.2,188.4,S,9.73,9.98,8.3
491378,2017-07-06,2017,AZ,2017-07-06 19:10:00,19,5,4,9,4,27,11,15,296,79.0,5,37,0.1351,0.2667,69.7,21.0,70.0,994.0,0.0,7.3,4.6,166.1,S,5.9,7.03,4.06
491396,2017-07-07,2017,KC,2017-07-07 19:10:00,19,4,1,5,1,18,6,15,268,78.4,1,46,0.0217,0.0667,76.3,24.6,55.3,990.7,0.0,8.6,5.4,196.9,S,8.59,8.36,7.79
491411,2017-07-08,2017,KC,2017-07-08 16:15:00,16,5,4,9,3,15,8,19,325,81.8,4,60,0.0667,0.1579,87.9,31.1,38.3,990.6,0.0,12.1,7.5,184.3,S,11.5,12.09,9.51
491426,2017-07-09,2017,KC,2017-07-09 13:10:00,13,5,2,7,4,22,0,12,211,79.3,3,41,0.0732,0.3333,95.6,35.3,27.0,993.3,0.0,14.8,9.2,183.6,S,14.04,14.83,11.55
491524,2017-07-20,2017,ATL,2017-07-20 19:10:00,19,3,6,9,2,16,5,18,270,82.9,1,54,0.0185,0.1111,69.0,20.5,75.3,994.8,0.0,7.7,4.8,211.3,SW,7.64,6.77,7.59
491532,2017-07-21,2017,ATL,2017-07-21 19:10:00,19,3,12,15,3,13,7,20,291,82.6,4,61,0.0656,0.15,68.8,20.5,76.7,992.4,0.0,8.7,5.4,208.0,SW,8.66,7.85,8.42
491547,2017-07-22,2017,ATL,2017-07-22 18:10:00,18,6,2,8,3,17,3,18,255,82.5,3,52,0.0577,0.1667,72.3,22.4,71.7,991.6,0.0,10.6,6.6,230.3,SW,9.4,7.14,10.53
491562,2017-07-23,2017,ATL,2017-07-23 13:10:00,13,5,4,9,3,18,9,13,291,82.0,2,52,0.0385,0.2308,85.2,29.6,41.3,991.0,0.0,15.8,9.8,225.0,SW,14.6,11.65,15.78
491585,2017-07-24,2017,MIN,2017-07-24 19:10:00,19,6,4,10,4,16,5,20,261,84.9,8,51,0.1569,0.2,72.3,22.4,71.7,992.4,0.0,10.1,6.3,209.3,SW,10.0,8.98,9.8
491600,2017-07-25,2017,MIN,2017-07-25 19:10:00,19,6,2,8,0,15,4,16,277,85.9,1,51,0.0196,0.0,68.1,20.1,80.3,995.4,0.0,10.1,6.3,222.5,SW,9.46,7.72,10.07
491615,2017-07-26,2017,MIN,2017-07-26 19:10:00,19,6,5,11,2,16,3,18,291,82.2,3,56,0.0536,0.1111,68.5,20.3,77.3,995.1,0.0,9.8,6.1,213.3,SW,9.63,8.42,9.67
491640,2017-07-28,2017,SF,2017-07-28 19:10:00,19,6,4,10,3,18,5,14,251,84.3,3,45,0.0667,0.2143,67.3,19.6,76.3,994.5,0.0,9.0,5.6,188.7,S,8.74,8.95,7.48
491655,2017-07-29,2017,SF,2017-07-29 13:05:00,13,2,1,3,1,10,7,12,249,80.2,2,48,0.0417,0.0833,83.2,28.5,46.0,995.4,0.0,16.8,10.4,226.3,SW,15.37,12.12,16.76
491670,2017-07-30,2017,SF,2017-07-30 17:05:00,17,3,2,5,1,17,10,21,329,84.1,0,62,0.0,0.0476,72.5,22.5,70.0,995.7,0.0,13.6,8.4,226.0,SW,12.44,9.84,13.54
491831,2017-08-11,2017,SD,2017-08-11 19:10:00,19,3,4,7,3,21,8,15,289,84.6,3,45,0.0667,0.2,68.2,20.1,78.0,990.2,0.0,8.4,5.2,200.3,S,8.43,8.03,7.81
491846,2017-08-12,2017,SD,2017-08-12 18:10:00,18,6,3,9,3,16,9,18,326,81.5,4,53,0.0755,0.1667,70.0,21.1,70.7,991.9,0.0,10.1,6.3,211.3,SW,10.01,8.88,9.94
491861,2017-08-13,2017,SD,2017-08-13 13:10:00,13,6,4,10,5,14,2,10,248,81.0,4,49,0.0816,0.5,84.8,29.3,40.7,992.6,0.0,16.8,10.4,226.0,SW,15.38,12.16,16.74
491875,2017-08-15,2017,CWS,2017-08-15 19:10:00,19,6,1,7,1,14,7,15,271,80.1,1,51,0.0196,0.0667,66.9,19.4,74.3,993.0,0.0,8.1,5.1,204.3,SW,8.13,7.55,7.73
491891,2017-08-16,2017,CWS,2017-08-16 19:10:00,19,5,4,9,5,8,5,21,260,85.0,3,58,0.0517,0.2381,65.8,18.8,74.0,994.4,0.0,7.6,4.7,249.7,W,5.19,2.96,6.79
492014,2017-08-25,2017,MIL,2017-08-25 19:10:00,19,3,1,4,3,21,7,9,274,80.0,2,38,0.0526,0.3333,67.3,19.6,82.3,990.9,0.0,7.5,4.7,236.3,SW,6.23,4.43,7.28
492029,2017-08-26,2017,MIL,2017-08-26 18:10:00,18,0,3,3,1,26,2,11,286,83.0,1,39,0.0256,0.0909,70.9,21.6,77.7,992.9,0.0,10.7,6.6,221.0,SW,10.15,8.37,10.7
492044,2017-08-27,2017,MIL,2017-08-27 13:10:00,13,2,3,5,1,23,7,12,302,78.9,1,39,0.0256,0.0833,86.1,30.1,40.7,991.8,0.0,15.6,9.7,227.0,SW,14.23,11.15,15.59
492148,2017-09-04,2017,AZ,2017-09-04 17:10:00,17,0,13,13,6,27,3,17,295,81.6,6,43,0.1395,0.3529,75.9,24.4,69.3,993.4,0.0,10.2,6.3,160.7,S,7.6,9.47,4.81
492163,2017-09-05,2017,AZ,2017-09-05 19:10:00,19,1,3,4,1,19,10,10,324,81.4,1,48,0.0208,0.1,70.9,21.6,83.3,994.4,0.0,6.6,4.1,214.7,SW,6.42,5.56,6.51
492178,2017-09-06,2017,AZ,2017-09-06 19:10:00,19,1,3,4,0,18,7,12,304,81.1,2,47,0.0426,0.0,68.8,20.4,81.3,993.6,0.0,7.2,4.5,167.3,S,5.91,6.98,4.13
492196,2017-09-07,2017,COL,2017-09-07 19:10:00,19,1,9,10,2,20,9,22,346,82.5,3,54,0.0556,0.0909,70.6,21.5,76.3,990.7,0.0,8.3,5.1,167.8,S,6.79,7.99,4.77
492203,2017-09-08,2017,COL,2017-09-08 19:10:00,19,4,5,9,2,21,10,13,341,78.7,1,46,0.0217,0.1538,67.3,19.6,82.7,992.8,0.0,7.3,4.5,176.0,S,6.53,7.25,5.02
492218,2017-09-09,2017,COL,2017-09-09 18:10:00,18,5,6,11,3,18,4,19,331,81.3,4,57,0.0702,0.1579,68.6,20.3,76.7,994.0,0.0,9.8,6.1,231.8,SW,8.57,6.41,9.7
492233,2017-09-10,2017,COL,2017-09-10 13:10:00,13,1,8,9,4,22,7,19,310,83.6,5,49,0.102,0.2105,86.6,30.3,35.3,992.2,0.0,17.4,10.8,232.0,SW,15.14,11.3,17.16
492399,2017-09-22,2017,SF,2017-09-22 19:10:00,19,4,2,6,2,21,5,13,299,82.7,2,42,0.0476,0.1538,64.2,17.9,57.7,990.0,0.0,7.3,4.5,265.3,W,3.32,0.91,5.33
492414,2017-09-23,2017,SF,2017-09-23 18:10:00,18,1,2,3,1,10,3,15,256,81.1,1,56,0.0179,0.0667,63.2,17.3,70.7,990.9,0.0,9.2,5.7,290.4,W,0.34,-2.82,3.45
492429,2017-09-24,2017,SF,2017-09-24 13:10:00,13,3,1,4,2,10,3,15,251,81.6,1,51,0.0196,0.1333,82.9,28.3,18.7,991.0,0.0,15.6,9.7,241.7,SW,12.09,8.0,14.74
492439,2017-09-25,2017,SD,2017-09-25 19:10:00,19,9,3,12,2,20,6,16,311,80.8,3,45,0.0667,0.125,70.8,21.6,24.7,989.1,0.0,4.4,2.7,5.2,N,-4.2,-4.4,-3.5
492453,2017-09-26,2017,SD,2017-09-26 19:10:00,19,9,2,11,5,13,10,20,302,83.8,4,58,0.069,0.25,69.6,20.9,57.7,989.7,0.0,4.7,2.9,179.7,S,4.3,4.66,3.42
492468,2017-09-27,2017,SD,2017-09-27 19:10:00,19,10,0,10,3,23,6,15,271,83.4,4,43,0.093,0.2,68.6,20.3,68.7,992.0,0.0,5.6,3.5,162.2,S,4.25,5.22,2.76
529418,2018-03-29,2018,SF,2018-03-29 16:08:00,16,0,1,1,1,21,7,14,285,80.8,0,44,0.0,0.0714,65.3,18.5,55.7,995.8,0.0,10.0,6.2,233.3,SW,8.56,6.29,9.79
529429,2018-03-30,2018,SF,2018-03-30 19:10:00,19,0,1,1,1,13,0,3,226,80.7,2,46,0.0435,0.3333,54.8,12.7,95.0,996.9,0.0,4.8,3.0,166.6,S,3.92,4.65,2.71
529442,2018-03-31,2018,SF,2018-03-31 18:10:00,18,5,0,5,0,16,6,13,258,82.1,1,46,0.0217,0.0,55.5,13.0,91.3,995.7,0.0,8.1,5.0,210.7,SW,7.98,7.11,7.9
529454,2018-04-01,2018,SF,2018-04-01 17:37:00,17,9,0,9,1,14,3,19,265,85.8,5,54,0.0926,0.0526,58.7,14.8,75.7,992.0,0.0,8.4,5.2,185.7,S,8.07,8.42,6.75
529569,2018-04-10,2018,ATH,2018-04-10 19:10:00,19,4,0,4,3,20,4,16,297,85.1,3,45,0.0667,0.1875,64.6,18.1,51.0,995.1,0.0,6.6,4.1,192.8,S,6.54,6.53,5.76
529583,2018-04-11,2018,ATH,2018-04-11 19:10:00,19,6,16,22,5,14,1,33,369,84.8,4,75,0.0533,0.1515,58.5,14.7,69.7,994.0,0.0,8.5,5.3,145.6,SE,4.63,6.77,1.92
529597,2018-04-13,2018,AZ,2018-04-13 19:10:00,19,7,8,15,4,22,6,21,322,83.5,3,52,0.0577,0.1905,63.4,17.4,27.0,1001.7,0.0,6.1,3.8,343.6,N,-4.74,-5.77,-3.15
529612,2018-04-14,2018,AZ,2018-04-14 18:10:00,18,1,9,10,4,12,4,18,313,84.2,5,58,0.0862,0.2222,68.4,20.2,21.7,998.7,0.0,7.2,4.5,230.7,SW,6.32,4.78,7.09
529627,2018-04-15,2018,AZ,2018-04-15 13:10:00,13,7,2,9,2,27,8,12,297,80.3,4,38,0.1053,0.1667,73.8,23.2,25.7,994.9,0.0,12.8,8.0,207.6,SW,12.75,11.59,12.37
529705,2018-04-20,2018,WSH,2018-04-20 19:10:00,19,2,5,7,0,18,7,16,278,82.3,4,50,0.08,0.0,55.9,13.3,74.7,999.1,0.0,4.1,2.5,40.9,NE,-3.89,-3.21,-4.1
529720,2018-04-21,2018,WSH,2018-04-21 18:10:00,18,4,0,4,3,21,7,9,247,84.4,3,37,0.0811,0.3333,64.5,18.0,56.7,994.7,0.0,5.4,3.4,188.3,S,5.27,5.41,4.49
529735,2018-04-22,2018,WSH,2018-04-22 17:05:00,17,4,3,7,1,17,7,14,291,84.7,2,45,0.0444,0.0714,67.9,20.0,49.3,992.8,0.0,10.2,6.3,220.7,SW,9.69,8.02,10.19
529739,2018-04-23,2018,MIA,2018-04-23 19:10:00,19,2,1,3,1,19,7,12,283,83.0,2,43,0.0465,0.0833,56.7,13.7,86.7,995.7,0.0,7.0,4.3,193.1,S,6.87,6.85,6.07
529751,2018-04-24,2018,MIA,2018-04-24 19:10:00,19,2,3,5,1,19,6,13,300,81.7,2,48,0.0417,0.0769,56.2,13.5,82.0,996.3,0.0,6.6,4.1,212.7,SW,6.5,5.71,6.5
529766,2018-04-25,2018,MIA,2018-04-25 16:35:00,16,6,8,14,5,27,11,20,390,83.2,5,49,0.102,0.25,66.6,19.2,49.0,996.4,0.0,13.3,8.3,235.0,SW,11.22,8.1,12.98
529933,2018-05-08,2018,AZ,2018-05-08 19:10:00,19,5,8,13,6,22,12,21,411,84.3,9,68,0.1324,0.2857,59.8,15.5,77.0,994.7,0.0,5.1,3.2,215.3,SW,5.01,4.31,5.09
529948,2018-05-09,2018,AZ,2018-05-09 19:10:00,19,6,3,9,1,17,11,16,332,83.5,4,48,0.0833,0.0625,62.5,17.0,74.7,992.4,0.0,6.8,4.2,181.8,S,6.36,6.8,5.16
529964,2018-05-10,2018,CIN,2018-05-10 19:10:00,19,1,4,5,1,16,4,13,300,82.0,1,53,0.0189,0.0769,61.6,16.4,72.7,990.5,0.0,8.2,5.1,173.7,S,7.15,8.07,5.38
529975,2018-05-11,2018,CIN,2018-05-11 19:10:00,19,2,6,8,2,16,6,15,317,83.0,3,53,0.0566,0.1333,59.9,15.5,71.7,990.8,0.4,16.5,10.3,133.3,SE,5.88,10.81,0.24
529990,2018-05-12,2018,CIN,2018-05-12 18:10:00,18,3,5,8,2,17,3,25,302,82.3,1,62,0.0161,0.08,60.4,15.8,71.7,994.9,0.0,10.8,6.7,242.3,SW,8.27,5.41,10.13
530005,2018-05-13,2018,CIN,2018-05-13 13:10:00,13,3,5,8,4,19,6,14,298,81.1,4,50,0.08,0.2857,69.6,20.9,45.7,995.6,0.0,7.2,4.5,297.7,NW,-0.65,-3.06,1.83
530110,2018-05-21,2018,COL,2018-05-21 19:10:00,19,1,2,3,2,14,5,6,245,84.2,3,45,0.0667,0.3333,59.7,15.4,72.7,991.9,0.0,5.7,3.6,215.4,SW,5.59,4.82,5.69
530121,2018-05-22,2018,COL,2018-05-22 19:10:00,19,5,3,8,3,13,5,13,274,85.7,3,51,0.0588,0.2308,60.3,15.7,70.0,993.1,0.0,9.3,5.8,253.3,W,5.89,3.06,8.01
530136,2018-05-23,2018,COL,2018-05-23 19:10:00,19,3,0,3,0,18,7,10,248,80.7,1,39,0.0256,0.0,58.6,14.8,80.7,995.7,0.0,11.6,7.2,240.7,SW,9.09,6.1,10.99
530164,2018-05-25,2018,SD,2018-05-25 19:10:00,19,4,1,5,2,20,3,11,254,82.6,2,40,0.05,0.1818,60.6,15.9,68.7,997.6,0.0,12.7,7.9,263.3,W,6.19,2.02,9.61
530179,2018-05-26,2018,SD,2018-05-26 19:10:00,19,5,7,12,6,17,9,18,308,84.9,6,53,0.1132,0.3333,60.9,16.1,68.3,995.3,0.0,7.5,4.6,219.5,SW,7.14,5.96,7.46
530194,2018-05-27,2018,SD,2018-05-27 13:10:00,13,6,1,7,2,15,2,16,238,82.3,3,50,0.06,0.125,74.0,23.3,44.0,993.0,0.0,19.2,12.0,229.0,SW,17.21,13.24,19.11
530207,2018-05-28,2018,PHI,2018-05-28 17:10:00,17,5,4,9,1,21,4,14,301,80.6,0,44,0.0,0.0714,65.1,18.4,67.7,991.3,0.0,14.2,8.8,224.7,SW,13.15,10.53,14.19
530222,2018-05-29,2018,PHI,2018-05-29 19:10:00,19,1,6,7,1,17,7,21,309,81.7,2,55,0.0364,0.0476,61.3,16.3,77.0,990.6,0.0,9.0,5.6,169.0,S,7.53,8.78,5.37
530237,2018-05-30,2018,PHI,2018-05-30 19:10:00,19,8,2,10,3,23,6,21,301,81.6,3,50,0.06,0.1429,61.2,16.2,76.3,991.7,0.0,9.3,5.8,244.3,SW,6.95,4.41,8.66
530250,2018-05-31,2018,PHI,2018-05-31 16:35:00,16,1,2,3,0,21,2,8,252,84.6,0,40,0.0,0.0,66.9,19.4,56.3,993.4,0.0,13.1,8.1,227.7,SW,11.86,9.24,13.05
530344,2018-06-08,2018,ATL,2018-06-08 19:10:00,19,7,3,10,6,15,4,14,263,84.1,6,47,0.1277,0.4286,67.3,19.6,57.7,992.5,0.0,7.2,4.5,188.5,S,6.99,7.16,5.97
530359,2018-06-09,2018,ATL,2018-06-09 18:10:00,18,3,5,8,1,20,3,20,284,84.8,2,51,0.0392,0.05,68.3,20.2,59.7,991.4,0.0,9.9,6.1,194.5,S,9.77,9.65,8.71
530374,2018-06-10,2018,ATL,2018-06-10 13:10:00,13,7,2,9,5,15,4,17,259,80.9,3,52,0.0577,0.2941,80.5,26.9,33.0,991.1,0.0,19.3,12.0,251.3,W,12.7,6.97,16.91
530408,2018-06-12,2018,TEX,2018-06-12 19:10:00,19,12,5,17,4,14,8,24,321,85.5,6,59,0.1017,0.1667,65.8,18.8,74.3,989.8,0.0,8.7,5.4,232.3,SW,7.55,5.61,8.57
530423,2018-06-13,2018,TEX,2018-06-13 19:10:00,19,3,2,5,1,21,15,14,360,80.5,5,53,0.0943,0.0714,65.7,18.7,73.7,989.6,0.0,9.1,5.7,212.4,SW,8.96,7.89,8.96
530447,2018-06-15,2018,SF,2018-06-15 19:10:00,19,3,2,5,3,17,3,10,271,86.9,5,45,0.1111,0.3,63.1,17.3,73.0,987.9,0.0,9.6,6.0,204.9,SW,9.59,8.87,9.15
530462,2018-06-16,2018,SF,2018-06-16 17:15:00,17,3,1,4,2,12,8,10,269,83.8,2,48,0.0417,0.2,63.2,17.3,63.7,990.9,0.0,18.0,11.2,150.0,SE,10.98,15.21,5.42
530477,2018-06-17,2018,SF,2018-06-17 13:10:00,13,1,4,5,2,19,6,7,296,81.6,2,42,0.0476,0.2857,68.4,20.2,48.7,994.8,0.0,7.6,4.7,195.3,S,7.57,7.44,6.79
530574,2018-06-25,2018,CHC,2018-06-25 19:10:00,19,2,1,3,2,13,4,12,228,84.2,2,46,0.0435,0.1667,63.4,17.4,82.3,993.6,0.0,9.5,5.9,217.7,SW,9.2,7.79,9.5
530585,2018-06-26,2018,CHC,2018-06-26 19:10:00,19,4,9,13,2,20,8,21,337,84.0,3,54,0.0556,0.0952,63.9,17.7,81.0,993.6,0.0,7.8,4.8,203.7,SW,7.76,7.24,7.35
530600,2018-06-27,2018,CHC,2018-06-27 19:10:00,19,7,5,12,4,14,8,22,305,81.1,5,58,0.0862,0.1818,66.3,19.1,71.3,993.1,0.0,6.7,4.2,210.7,SW,6.63,5.9,6.56
530614,2018-06-28,2018,CHC,2018-06-28 12:10:00,12,5,11,16,4,16,6,24,296,87.2,7,61,0.1148,0.1667,80.5,26.9,40.7,992.7,0.0,14.1,8.8,202.3,S,14.1,13.26,13.24
530627,2018-06-29,2018,COL,2018-06-29 19:10:00,19,1,3,4,4,22,1,14,261,83.3,4,42,0.0952,0.2857,65.4,18.5,75.7,993.1,0.0,8.9,5.5,185.4,S,8.51,8.89,7.1
530642,2018-06-30,2018,COL,2018-06-30 16:15:00,16,1,3,4,2,22,2,9,232,86.9,4,41,0.0976,0.2222,73.8,23.2,52.7,993.9,0.0,12.8,8.0,215.3,SW,12.48,10.76,12.7
530657,2018-07-01,2018,COL,2018-07-01 13:10:00,13,6,4,10,2,17,5,20,275,86.0,6,50,0.12,0.1,78.6,25.9,42.3,996.0,0.0,17.2,10.7,230.0,SW,15.26,11.62,17.05
530674,2018-07-02,2018,PIT,2018-07-02 19:10:00,19,17,1,18,5,11,6,30,330,86.0,6,68,0.0882,0.1667,64.1,17.8,75.7,992.5,0.0,8.1,5.0,234.7,SW,6.83,4.95,7.89
530688,2018-07-03,2018,PIT,2018-07-03 19:10:00,19,8,3,11,7,19,4,16,272,84.8,8,45,0.1778,0.4375,65.1,18.4,75.3,993.6,0.0,11.8,7.3,228.0,SW,10.62,8.25,11.71
530703,2018-07-04,2018,PIT,2018-07-04 17:10:00,17,6,4,10,1,15,8,18,285,84.2,0,51,0.0,0.0556,71.7,22.0,59.0,995.7,0.0,14.6,9.1,229.0,SW,13.07,10.05,14.51
530816,2018-07-13,2018,LAA,2018-07-13 19:10:00,19,3,2,5,3,17,7,17,291,85.2,5,49,0.102,0.1765,70.3,21.3,74.0,996.3,0.0,10.1,6.3,196.4,S,10.04,9.8,9.07
530831,2018-07-14,2018,LAA,2018-07-14 16:15:00,16,4,5,9,3,22,8,19,339,84.9,6,57,0.1053,0.1579,79.4,26.3,51.7,992.9,0.0,15.1,9.4,225.0,SW,13.95,11.13,15.09
530846,2018-07-15,2018,LAA,2018-07-15 13:10:00,13,5,3,8,3,18,6,16,280,82.9,1,45,0.0222,0.1875,88.4,31.3,37.0,993.5,0.0,14.4,8.9,195.7,S,14.3,14.02,12.85
531005,2018-07-30,2018,MIL,2018-07-30 19:10:00,19,2,5,7,2,22,10,15,356,81.5,4,47,0.0851,0.1333,72.9,22.7,60.7,993.0,0.0,7.3,4.5,199.5,S,7.26,6.95,6.69
531019,2018-07-31,2018,MIL,2018-07-31 19:10:00,19,0,1,1,0,17,2,8,250,82.0,2,43,0.0465,0.0,71.8,22.1,66.0,994.0,0.0,9.3,5.8,222.9,SW,8.75,7.11,9.33
531034,2018-08-01,2018,MIL,2018-08-01 19:10:00,19,6,4,10,3,15,9,20,317,83.1,4,59,0.0678,0.15,73.2,22.9,62.7,992.7,0.0,9.3,5.8,201.8,S,9.3,8.78,8.7
531044,2018-08-02,2018,MIL,2018-08-02 18:00:00,18,21,5,26,9,17,9,27,374,84.5,10,61,0.1639,0.3333,74.8,23.8,59.3,992.0,0.0,9.3,5.8,213.9,SW,9.15,7.96,9.23
531055,2018-08-03,2018,HOU,2018-08-03 19:10:00,19,1,2,3,1,21,4,8,269,81.4,0,40,0.0,0.125,75.0,23.9,60.3,991.6,0.0,8.1,5.0,195.7,S,8.04,7.89,7.23
531070,2018-08-04,2018,HOU,2018-08-04 18:10:00,18,0,14,14,3,19,11,16,331,84.4,4,48,0.0833,0.1875,74.2,23.5,64.3,990.2,0.0,9.4,5.8,217.0,SW,9.07,7.72,9.32
531085,2018-08-05,2018,HOU,2018-08-05 13:10:00,13,3,2,5,2,24,4,12,275,83.8,2,36,0.0556,0.1667,91.3,32.9,29.3,990.8,0.0,17.8,11.1,239.7,SW,14.21,9.67,17.04
531191,2018-08-13,2018,SF,2018-08-13 19:10:00,19,2,5,7,1,17,3,16,291,83.1,1,52,0.0192,0.0625,69.3,20.7,72.7,993.3,0.0,7.5,4.7,215.1,SW,7.35,6.35,7.47
531205,2018-08-14,2018,SF,2018-08-14 19:10:00,19,1,2,3,0,17,5,12,294,84.5,3,47,0.0638,0.0,69.7,21.0,74.0,991.6,0.0,9.1,5.7,196.3,S,9.08,8.87,8.2
531220,2018-08-15,2018,SF,2018-08-15 19:10:00,19,4,3,7,1,24,12,20,385,83.3,1,63,0.0159,0.05,72.5,22.5,71.7,993.7,0.0,8.6,5.3,177.3,S,7.75,8.53,6.04
531286,2018-08-20,2018,STL,2018-08-20 19:10:00,19,3,5,8,3,25,14,17,357,83.6,3,45,0.0667,0.1765,73.2,22.9,74.0,993.6,0.0,8.5,5.3,196.5,S,8.45,8.25,7.64
531301,2018-08-21,2018,STL,2018-08-21 19:10:00,19,2,5,7,3,21,6,16,309,83.3,2,48,0.0417,0.1875,70.2,21.2,80.0,994.7,0.0,9.6,6.0,224.0,SW,8.93,7.19,9.6
531316,2018-08-22,2018,STL,2018-08-22 19:10:00,19,1,3,4,3,23,5,9,297,80.8,1,40,0.025,0.3333,70.5,21.4,72.3,995.5,0.0,8.6,5.4,217.1,SW,8.36,7.11,8.59
531337,2018-08-24,2018,SD,2018-08-24 19:10:00,19,11,1,12,3,25,8,17,304,83.6,4,42,0.0952,0.1765,68.4,20.2,72.7,992.7,0.0,7.7,4.8,193.2,S,7.63,7.6,6.74
531352,2018-08-25,2018,SD,2018-08-25 18:10:00,18,5,4,9,4,26,3,22,328,82.8,5,63,0.0794,0.1818,69.6,20.9,69.0,993.7,0.0,10.5,6.5,229.3,SW,9.37,7.18,10.43
531367,2018-08-26,2018,SD,2018-08-26 13:10:00,13,7,3,10,3,20,6,26,304,84.9,4,55,0.0727,0.1154,80.1,26.7,49.0,994.9,0.0,16.1,10.0,229.0,SW,14.41,11.08,16.0
531408,2018-08-30,2018,AZ,2018-08-30 19:10:00,19,1,3,4,2,27,2,18,302,82.6,1,42,0.0238,0.1111,70.5,21.4,62.7,992.7,0.0,6.5,4.0,180.6,S,6.0,6.46,4.82
531417,2018-08-31,2018,AZ,2018-08-31 19:10:00,19,3,2,5,3,13,1,12,230,82.2,3,49,0.0612,0.25,69.8,21.0,65.7,988.9,0.0,5.5,3.4,170.6,S,4.7,5.41,3.41
531432,2018-09-01,2018,AZ,2018-09-01 18:10:00,18,3,2,5,3,19,2,11,277,85.1,4,45,0.0889,0.2727,70.8,21.6,74.0,989.3,0.0,9.4,5.8,199.7,S,9.39,8.98,8.67
531447,2018-09-02,2018,AZ,2018-09-02 13:10:00,13,3,2,5,2,21,11,10,299,82.5,3,40,0.075,0.2,82.4,28.0,46.0,990.4,0.0,14.3,8.9,217.3,SW,13.86,11.76,14.28
531470,2018-09-03,2018,NYM,2018-09-03 17:10:00,17,2,4,6,2,13,5,18,319,81.6,2,55,0.0364,0.1111,69.7,20.9,75.0,991.3,0.0,14.6,9.1,240.0,SW,11.56,7.83,13.89
531485,2018-09-04,2018,NYM,2018-09-04 19:10:00,19,11,4,15,4,19,5,24,323,82.1,6,56,0.1071,0.1667,65.1,18.4,81.7,993.1,0.0,7.9,4.9,235.7,SW,6.59,4.72,7.66
531500,2018-09-05,2018,NYM,2018-09-05 16:35:00,16,3,7,10,2,21,2,16,259,81.2,1,47,0.0213,0.125,70.6,21.4,70.3,994.7,0.0,15.1,9.4,239.0,SW,12.14,8.33,14.48
531651,2018-09-17,2018,COL,2018-09-17 19:10:00,19,8,2,10,3,14,8,17,297,84.5,2,50,0.04,0.1765,66.6,19.2,73.0,991.4,0.0,5.0,3.1,159.5,S,3.63,4.57,2.26
531665,2018-09-18,2018,COL,2018-09-18 19:10:00,19,3,2,5,2,16,9,10,274,85.0,4,51,0.0784,0.2,66.1,19.0,65.3,989.7,0.0,5.5,3.4,167.7,S,4.52,5.32,3.17
531680,2018-09-19,2018,COL,2018-09-19 19:10:00,19,5,2,7,2,21,4,9,259,79.7,2,40,0.05,0.2222,65.6,18.7,75.3,987.5,0.0,6.0,3.7,176.8,S,5.37,5.94,4.16
531709,2018-09-21,2018,SD,2018-09-21 19:10:00,19,3,5,8,3,19,9,17,340,81.7,4,53,0.0755,0.1765,65.5,18.6,85.7,994.6,0.0,8.2,5.1,222.0,SW,7.76,6.35,8.23
531724,2018-09-22,2018,SD,2018-09-22 18:10:00,18,7,2,9,4,21,2,17,273,86.0,4,47,0.0851,0.2353,70.2,21.2,54.0,991.4,0.0,7.6,4.7,147.9,SE,4.42,6.28,2.02
531739,2018-09-23,2018,SD,2018-09-23 13:10:00,13,14,0,14,3,24,4,21,307,84.8,5,49,0.102,0.1429,80.2,26.8,42.3,991.5,0.0,15.0,9.3,225.7,SW,13.76,10.92,14.94
570335,2018-10-01,2018,COL,2018-10-01 13:09:00,13,5,2,7,4,16,6,13,272,84.3,3,47,0.0638,0.3077,89.2,31.8,33.7,988.1,0.0,18.6,11.5,237.0,SW,15.31,10.79,17.98
565799,2019-03-28,2019,AZ,2019-03-28 13:10:00,13,12,5,17,10,13,3,21,269,85.3,9,58,0.1552,0.4762,64.5,18.1,54.3,1002.2,0.2,15.6,9.7,236.3,SW,12.93,9.19,15.12
565800,2019-03-29,2019,AZ,2019-03-29 19:10:00,19,4,5,9,2,29,18,21,499,81.6,3,68,0.0441,0.0952,57.2,14.0,63.3,999.0,0.0,6.4,4.0,309.7,NW,-1.88,-3.85,0.31
565801,2019-03-30,2019,AZ,2019-03-30 18:10:00,18,18,5,23,8,11,9,26,329,85.0,7,63,0.1111,0.3077,64.1,17.8,48.7,996.1,0.0,5.7,3.6,328.6,NW,-3.38,-4.76,-1.59
565802,2019-03-31,2019,AZ,2019-03-31 13:10:00,13,8,7,15,2,12,7,21,330,83.8,1,61,0.0164,0.0952,80.8,27.1,17.3,996.2,0.0,9.4,5.8,195.4,S,9.33,9.16,8.37
565803,2019-04-01,2019,SF,2019-04-01 19:10:00,19,2,4,6,3,19,2,16,281,84.3,3,49,0.0612,0.1875,61.3,16.3,47.0,993.0,0.0,5.7,3.6,225.6,SW,5.27,4.18,5.72
565804,2019-04-02,2019,SF,2019-04-02 19:10:00,19,6,5,11,2,13,5,16,266,83.4,2,52,0.0385,0.125,56.3,13.5,84.7,994.7,0.0,6.5,4.1,191.5,S,6.41,6.45,5.6
565805,2019-04-03,2019,SF,2019-04-03 19:10:00,19,5,3,8,3,15,6,13,278,83.3,4,48,0.0833,0.2308,56.5,13.6,80.7,998.4,0.0,7.6,4.7,241.7,SW,5.92,3.91,7.21
565806,2019-04-12,2019,MIL,2019-04-12 19:10:00,19,5,8,13,5,13,6,24,327,86.0,6,65,0.0923,0.2083,59.2,15.1,58.7,990.1,0.0,5.3,3.3,69.8,E,-3.59,-2.04,-4.71
565807,2019-04-13,2019,MIL,2019-04-13 18:10:00,18,1,4,5,3,16,5,17,276,87.0,2,51,0.0392,0.1765,64.2,17.9,52.0,994.9,0.0,6.1,3.8,238.3,SW,4.98,3.45,5.9
565808,2019-04-14,2019,MIL,2019-04-14 13:10:00,13,7,1,8,2,13,7,15,253,85.8,2,52,0.0385,0.1333,75.0,23.9,23.3,993.8,0.0,16.9,10.5,240.0,SW,13.41,9.08,16.12
565809,2019-04-15,2019,CIN,2019-04-15 19:10:00,19,4,3,7,2,20,6,12,267,82.5,3,42,0.0714,0.1667,54.9,12.7,78.7,992.8,0.0,9.1,5.7,204.8,SW,9.13,8.45,8.7
565810,2019-04-16,2019,CIN,2019-04-16 19:10:00,19,6,1,7,1,11,4,17,273,82.8,2,55,0.0364,0.0588,55.9,13.3,87.7,996.7,0.0,6.3,3.9,212.8,SW,6.23,5.47,6.24
565811,2019-04-17,2019,CIN,2019-04-17 12:10:00,12,3,2,5,1,21,3,6,247,83.0,1,36,0.0278,0.1667,73.5,23.1,37.0,1000.0,0.0,15.8,9.8,234.1,SW,13.49,9.84,15.51
565812,2019-04-26,2019,PIT,2019-04-26 19:10:00,19,6,2,8,3,21,5,18,284,84.9,1,46,0.0217,0.1667,57.1,14.0,81.7,995.9,0.0,7.8,4.8,221.7,SW,7.37,6.05,7.8
565813,2019-04-27,2019,PIT,2019-04-27 18:10:00,18,3,1,4,0,16,4,11,258,81.4,0,46,0.0,0.0,57.0,13.9,84.3,993.1,0.0,8.2,5.1,229.7,SW,7.33,5.6,8.17
565814,2019-04-28,2019,PIT,2019-04-28 13:10:00,13,7,6,13,3,18,4,19,297,83.3,5,53,0.0943,0.1579,67.2,19.6,56.3,991.2,0.0,12.1,7.5,185.0,S,11.51,12.06,9.57
565815,2019-05-06,2019,ATL,2019-05-06 19:10:00,19,5,3,8,2,19,5,14,270,86.1,3,46,0.0652,0.1429,59.6,15.3,69.7,994.6,0.0,9.7,6.0,259.3,W,5.29,2.2,7.74
565816,2019-05-07,2019,ATL,2019-05-07 19:10:00,19,9,0,9,3,11,3,15,240,85.9,4,54,0.0741,0.2,59.2,15.1,69.3,997.9,0.0,4.8,3.0,222.0,SW,4.56,3.73,4.83
565817,2019-05-08,2019,ATL,2019-05-08 19:10:00,19,9,4,13,4,12,8,20,285,85.1,4,58,0.069,0.2,59.3,15.2,71.3,993.5,0.0,8.3,5.2,242.0,SW,6.4,4.21,7.82
565818,2019-05-09,2019,WSH,2019-05-09 19:10:00,19,0,6,6,1,16,7,15,312,84.0,2,51,0.0392,0.0667,59.1,15.1,74.7,989.6,0.0,9.1,5.6,222.7,SW,8.51,6.93,9.07
565819,2019-05-10,2019,WSH,2019-05-10 19:10:00,19,5,0,5,3,13,6,13,293,83.1,3,51,0.0588,0.2308,60.4,15.8,78.3,992.2,0.0,4.7,2.9,1.1,N,-4.38,-4.7,-3.52
565820,2019-05-11,2019,WSH,2019-05-11 18:10:00,18,2,5,7,2,18,4,12,281,82.6,4,47,0.0851,0.1667,60.1,15.6,83.3,992.2,0.0,9.2,5.7,213.9,SW,9.05,7.88,9.13
565821,2019-05-12,2019,WSH,2019-05-12 13:10:00,13,6,0,6,1,18,5,8,282,80.0,2,41,0.0488,0.125,75.3,24.0,51.7,993.9,0.0,15.3,9.5,219.3,SW,14.68,12.27,15.31
565822,2019-05-14,2019,SD,2019-05-14 19:10:00,19,6,3,9,4,12,2,15,256,82.6,5,52,0.0962,0.2667,60.0,15.5,82.0,994.6,0.0,8.3,5.2,217.6,SW,8.01,6.79,8.27
565823,2019-05-15,2019,SD,2019-05-15 19:10:00,19,2,0,2,0,22,3,12,255,80.3,2,43,0.0465,0.0,58.9,14.9,72.3,994.2,0.0,7.8,4.8,235.1,SW,6.54,4.71,7.58
565824,2019-05-27,2019,NYM,2019-05-27 17:10:00,17,9,5,14,5,12,4,32,331,,0,69,0.0,0.1562,61.5,16.4,51.3,995.9,0.0,12.5,7.8,233.4,SW,10.75,7.9,12.31
565825,2019-05-28,2019,NYM,2019-05-28 19:10:00,19,3,7,10,3,18,11,18,333,85.5,3,53,0.0566,0.1667,60.1,15.6,64.7,992.2,0.0,7.0,4.3,244.3,SW,5.19,3.29,6.47
565826,2019-05-29,2019,NYM,2019-05-29 19:10:00,19,9,8,17,7,13,7,28,348,84.4,8,65,0.1231,0.25,62.1,16.7,65.0,991.4,0.0,7.9,4.9,206.7,SW,7.88,7.21,7.6
565827,2019-05-30,2019,NYM,2019-05-30 19:10:00,19,2,0,2,0,16,4,13,252,82.0,1,46,0.0217,0.0,59.0,15.0,83.0,992.6,0.0,8.2,5.1,217.7,SW,7.88,6.67,8.14
565828,2019-05-31,2019,PHI,2019-05-31 19:10:00,19,6,3,9,5,16,3,17,276,86.0,4,51,0.0784,0.2941,59.6,15.3,79.3,992.1,0.0,8.5,5.3,220.0,SW,8.07,6.72,8.46
565829,2019-06-01,2019,PHI,2019-06-01 19:10:00,19,4,3,7,3,14,4,15,273,84.5,3,51,0.0588,0.2,59.3,15.2,75.3,991.7,0.0,8.6,5.3,242.7,SW,6.57,4.28,8.07
565830,2019-06-02,2019,PHI,2019-06-02 13:10:00,13,8,0,8,2,20,7,13,286,85.1,2,44,0.0455,0.1538,70.9,21.6,51.3,992.3,0.0,16.4,10.2,233.3,SW,14.05,10.34,16.08
565831,2019-06-13,2019,CHC,2019-06-13 19:10:00,19,7,3,10,6,17,6,19,282,84.1,6,49,0.1224,0.3158,60.9,16.0,82.3,993.5,0.0,7.7,4.8,220.3,SW,7.36,6.11,7.73
565832,2019-06-14,2019,CHC,2019-06-14 19:10:00,19,5,3,8,4,16,6,15,298,82.9,5,51,0.098,0.2667,60.9,16.0,82.7,993.9,0.0,7.5,4.7,233.0,SW,6.46,4.77,7.37
565833,2019-06-15,2019,CHC,2019-06-15 18:10:00,18,1,2,3,2,20,3,9,266,84.3,2,42,0.0476,0.2222,62.3,16.8,78.3,993.1,0.0,11.2,6.9,232.7,SW,9.66,7.15,10.99
565834,2019-06-16,2019,CHC,2019-06-16 16:05:00,16,3,2,5,1,16,6,16,280,82.6,1,51,0.0196,0.0625,67.6,19.8,67.7,991.2,0.0,14.8,9.2,228.7,SW,13.25,10.23,14.68
565835,2019-06-17,2019,SF,2019-06-17 19:10:00,19,2,3,5,1,17,10,8,288,82.2,1,45,0.0222,0.125,63.7,17.6,75.3,993.0,0.0,7.9,4.9,221.0,SW,7.49,6.18,7.9
565836,2019-06-18,2019,SF,2019-06-18 19:10:00,19,9,0,9,2,14,8,18,283,83.1,4,54,0.0741,0.1111,60.6,15.9,85.7,995.2,0.0,7.8,4.8,256.3,W,4.6,2.17,6.48
565837,2019-06-19,2019,SF,2019-06-19 19:10:00,19,9,2,11,6,16,1,17,275,86.3,6,50,0.12,0.3529,62.5,17.0,77.3,994.9,0.0,8.0,5.0,248.0,W,5.58,3.3,7.19
565838,2019-06-20,2019,SF,2019-06-20 19:10:00,19,9,8,17,4,19,5,25,322,82.2,4,57,0.0702,0.16,63.7,17.6,76.3,993.1,0.0,9.2,5.7,234.0,SW,7.84,5.73,9.02
565839,2019-06-21,2019,COL,2019-06-21 19:10:00,19,4,2,6,4,25,1,9,219,84.6,1,37,0.027,0.4444,62.0,16.7,80.3,993.1,0.0,8.2,5.1,242.7,SW,6.29,4.09,7.73
565840,2019-06-22,2019,COL,2019-06-22 16:15:00,16,5,4,9,3,20,5,22,372,82.0,3,65,0.0462,0.1364,69.6,20.9,62.0,993.7,0.0,16.9,10.5,240.3,SW,13.37,9.02,16.12
565841,2019-06-23,2019,COL,2019-06-23 13:10:00,13,6,3,9,3,16,5,17,263,85.6,3,55,0.0545,0.1765,77.1,25.1,49.0,994.6,0.0,15.9,9.9,241.0,SW,12.42,8.29,15.05
565842,2019-07-02,2019,AZ,2019-07-02 19:10:00,19,5,4,9,2,15,12,15,301,84.5,2,51,0.0392,0.1333,65.9,18.8,74.7,991.9,0.0,7.0,4.3,187.3,S,6.75,6.98,5.72
565843,2019-07-03,2019,AZ,2019-07-03 19:10:00,19,5,4,9,4,20,3,20,296,84.7,6,57,0.1053,0.2,64.5,18.0,73.3,992.6,0.0,7.0,4.3,210.0,SW,6.94,6.21,6.83
565844,2019-07-04,2019,SD,2019-07-04 18:10:00,18,5,1,6,2,23,5,11,272,81.7,2,38,0.0526,0.1818,65.1,18.4,72.3,993.5,0.0,11.0,6.8,221.7,SW,10.36,8.5,10.97
565845,2019-07-05,2019,SD,2019-07-05 19:10:00,19,2,3,5,1,21,2,12,264,82.8,1,47,0.0213,0.0833,63.4,17.5,77.3,995.8,0.0,9.1,5.7,221.4,SW,8.64,7.11,9.13
565846,2019-07-06,2019,SD,2019-07-06 19:10:00,19,1,3,4,2,16,2,10,255,80.8,3,47,0.0638,0.2,63.9,17.7,79.3,995.0,0.0,9.5,5.9,231.0,SW,8.35,6.29,9.4
565847,2019-07-07,2019,SD,2019-07-07 13:10:00,13,3,5,8,5,18,0,15,264,83.4,3,49,0.0612,0.3333,77.6,25.3,45.3,995.0,0.0,14.7,9.1,218.3,SW,14.11,11.89,14.63
565848,2019-07-19,2019,MIA,2019-07-19 19:10:00,19,2,1,3,0,18,7,10,275,81.9,1,44,0.0227,0.0,66.1,18.9,75.7,993.1,0.0,10.1,6.3,229.7,SW,9.02,6.89,10.05
565849,2019-07-20,2019,MIA,2019-07-20 18:10:00,18,10,6,16,4,19,10,18,340,86.2,6,49,0.1224,0.2222,68.0,20.0,68.3,992.0,0.0,10.9,6.8,237.3,SW,8.92,6.26,10.5
565850,2019-07-21,2019,MIA,2019-07-21 13:10:00,13,9,0,9,3,23,3,15,292,84.0,1,44,0.0227,0.2,84.1,28.9,36.7,992.5,0.0,16.7,10.4,235.7,SW,13.98,10.01,16.26
565851,2019-07-23,2019,LAA,2019-07-23 19:10:00,19,4,5,9,2,20,10,20,341,85.4,6,53,0.1132,0.1,74.3,23.5,55.3,994.9,0.0,8.9,5.5,191.7,S,8.71,8.75,7.61
565852,2019-07-24,2019,LAA,2019-07-24 19:10:00,19,2,3,5,2,11,8,11,288,81.2,1,51,0.0196,0.1818,74.7,23.7,55.7,994.6,0.0,7.7,4.8,180.7,S,7.18,7.73,5.77
565853,2019-08-01,2019,SD,2019-08-01 19:10:00,19,8,2,10,3,14,11,19,301,86.2,5,51,0.098,0.1579,69.3,20.7,66.0,993.8,0.0,6.5,4.1,181.5,S,6.1,6.53,4.93
565854,2019-08-02,2019,SD,2019-08-02 19:10:00,19,2,5,7,1,17,1,18,303,84.9,2,52,0.0385,0.0556,69.8,21.0,62.3,993.0,0.0,6.8,4.2,189.4,S,6.62,6.75,5.7
565855,2019-08-03,2019,SD,2019-08-03 18:10:00,18,4,1,5,2,20,2,12,228,82.9,2,42,0.0476,0.1667,71.6,22.0,63.3,992.1,0.0,9.1,5.7,211.0,SW,9.0,7.99,8.92
565856,2019-08-04,2019,SD,2019-08-04 13:10:00,13,11,10,21,5,21,6,23,341,84.8,4,54,0.0741,0.2174,89.4,31.9,32.7,993.4,0.0,16.0,10.0,227.0,SW,14.59,11.44,15.98
565857,2019-08-05,2019,STL,2019-08-05 19:10:00,19,8,0,8,2,14,8,14,300,83.8,2,49,0.0408,0.1429,68.8,20.5,73.0,992.3,0.0,9.1,5.7,173.9,S,7.99,9.0,6.02
565858,2019-08-06,2019,STL,2019-08-06 19:10:00,19,3,1,4,0,19,4,14,273,82.8,0,46,0.0,0.0,69.6,20.9,71.0,993.1,0.0,12.2,7.6,160.0,S,9.0,11.27,5.63
565859,2019-08-07,2019,STL,2019-08-07 12:10:00,12,2,1,3,1,24,3,14,274,83.7,4,42,0.0952,0.0714,84.5,29.2,40.0,993.9,0.0,14.2,8.8,212.7,SW,13.94,12.25,13.96
565860,2019-08-09,2019,AZ,2019-08-09 19:10:00,19,2,3,5,2,24,8,14,338,82.9,4,54,0.0741,0.1429,66.0,18.9,77.0,992.8,0.0,7.8,4.8,202.9,SW,7.8,7.31,7.35
565861,2019-08-10,2019,AZ,2019-08-10 18:10:00,18,4,0,4,1,12,6,10,281,81.4,2,49,0.0408,0.1,68.8,20.5,72.0,993.3,0.0,11.5,7.1,220.3,SW,10.92,9.06,11.46
565862,2019-08-11,2019,AZ,2019-08-11 13:10:00,13,9,3,12,6,12,4,23,260,82.8,3,59,0.0508,0.2609,82.6,28.1,42.7,993.7,0.0,18.3,11.4,233.7,SW,15.63,11.45,17.92
565863,2019-08-20,2019,TOR,2019-08-20 19:10:00,19,16,3,19,8,16,14,22,334,86.0,6,51,0.1176,0.3636,69.4,20.8,70.0,991.9,0.0,6.1,3.8,192.0,S,6.0,6.02,5.26
565864,2019-08-21,2019,TOR,2019-08-21 19:10:00,19,2,1,3,3,21,8,12,287,82.7,2,46,0.0435,0.25,72.7,22.6,50.7,988.6,0.0,6.6,4.1,191.9,S,6.52,6.54,5.71
565865,2019-08-22,2019,TOR,2019-08-22 19:10:00,19,3,2,5,1,21,4,9,252,82.4,1,39,0.0256,0.1111,67.9,19.9,79.3,989.4,0.0,7.7,4.8,149.0,SE,4.56,6.39,2.18
565866,2019-08-23,2019,NYY,2019-08-23 19:10:00,19,2,10,12,5,26,2,22,312,85.0,4,50,0.08,0.2273,69.8,21.0,67.7,991.1,0.0,7.6,4.7,227.7,SW,6.91,5.38,7.6
565867,2019-08-24,2019,NYY,2019-08-24 13:05:00,13,2,1,3,2,22,5,11,281,82.5,1,40,0.025,0.1818,86.1,30.0,39.3,993.3,0.0,16.4,10.2,230.0,SW,14.58,11.1,16.29
565868,2019-08-25,2019,NYY,2019-08-25 16:05:00,16,1,5,6,4,24,4,13,251,86.0,5,41,0.122,0.3077,81.4,27.4,39.7,993.0,0.0,14.9,9.3,226.0,SW,13.66,10.81,14.87
565869,2019-09-02,2019,COL,2019-09-02 17:10:00,17,16,9,25,11,16,6,29,355,84.9,12,64,0.1875,0.3793,81.1,27.3,51.7,993.4,0.0,9.0,5.6,216.0,SW,8.72,7.48,8.91
565870,2019-09-03,2019,COL,2019-09-03 19:10:00,19,5,3,8,5,14,5,14,284,83.0,3,49,0.0612,0.3571,76.6,24.8,57.0,991.8,0.0,6.6,4.1,192.5,S,6.5,6.5,5.71
565871,2019-09-04,2019,COL,2019-09-04 19:10:00,19,7,3,10,2,18,7,15,306,83.5,2,47,0.0426,0.1333,77.7,25.4,52.0,991.6,0.0,8.3,5.2,220.6,SW,7.89,6.53,8.3
565872,2019-09-06,2019,SF,2019-09-06 19:10:00,19,4,5,9,4,20,7,15,308,83.4,3,48,0.0625,0.2667,76.8,24.9,51.3,995.2,0.0,5.1,3.2,211.9,SW,5.03,4.44,5.01
565873,2019-09-07,2019,SF,2019-09-07 18:10:00,18,0,1,1,0,18,12,9,293,83.7,0,42,0.0,0.0,70.0,21.1,62.7,992.0,0.0,10.1,6.3,178.2,S,9.24,10.11,7.26
565874,2019-09-08,2019,SF,2019-09-08 13:10:00,13,5,0,5,2,18,4,9,254,82.9,1,43,0.0233,0.2222,80.6,27.0,40.3,991.6,0.0,14.8,9.2,225.3,SW,13.67,10.88,14.82
565875,2019-09-17,2019,TB,2019-09-17 19:10:00,19,7,5,12,2,19,6,12,313,83.6,3,46,0.0652,0.1667,69.2,20.7,62.7,992.9,0.0,3.8,2.4,217.6,SW,3.7,3.14,3.82
565876,2019-09-18,2019,TB,2019-09-18 17:10:00,17,7,8,15,2,26,6,26,379,86.1,4,65,0.0615,0.0769,71.5,21.9,61.0,991.8,0.0,12.1,7.5,226.7,SW,11.07,8.7,12.1
565877,2019-09-20,2019,COL,2019-09-20 19:10:00,19,12,5,17,6,16,6,23,323,84.7,4,55,0.0727,0.2609,67.2,19.5,78.0,991.3,0.0,6.1,3.8,203.1,SW,6.13,5.74,5.79
565878,2019-09-21,2019,COL,2019-09-21 18:10:00,18,2,4,6,2,20,4,13,269,83.1,2,45,0.0444,0.1538,78.4,25.8,35.3,990.3,0.0,5.3,3.3,319.6,NW,-2.43,-3.91,-0.66
565879,2019-09-22,2019,COL,2019-09-22 13:10:00,13,7,4,11,6,17,6,19,304,86.0,6,50,0.12,0.3158,91.0,32.8,21.7,992.3,0.0,11.5,7.1,191.3,S,11.25,11.33,9.81
631377,2020-07-23,2020,SF,2020-07-23 19:08:00,19,8,1,9,1,14,5,20,257,80.6,2,56,0.0357,0.05,63.6,17.6,73.7,992.3,0.0,7.2,4.5,220.1,SW,6.86,5.7,7.19
631378,2020-07-24,2020,SF,2020-07-24 18:40:00,18,9,1,10,3,12,9,17,273,83.2,4,57,0.0702,0.1765,66.9,19.4,72.0,992.9,0.0,10.9,6.8,232.3,SW,9.43,7.01,10.71
631382,2020-07-25,2020,SF,2020-07-25 13:10:00,13,4,5,9,2,19,6,16,306,84.2,7,47,0.1489,0.125,81.0,27.2,42.3,993.1,0.0,19.1,11.8,236.3,SW,15.84,11.25,18.51
631384,2020-07-26,2020,SF,2020-07-26 19:08:00,19,1,3,4,0,12,8,16,289,84.2,2,56,0.0357,0.0,67.2,19.5,69.3,992.8,0.0,10.2,6.4,156.6,SE,7.12,9.2,4.17
631358,2020-08-07,2020,SF,2020-08-07 18:40:00,18,7,2,9,5,17,6,17,315,83.4,2,50,0.04,0.2941,69.4,20.8,60.7,993.5,0.0,9.9,6.2,223.3,SW,9.28,7.52,9.93
631343,2020-08-08,2020,SF,2020-08-08 18:10:00,18,4,5,9,4,16,6,12,281,85.3,3,50,0.06,0.3333,68.9,20.5,64.7,993.8,0.0,10.4,6.5,230.3,SW,9.2,6.98,10.3
631373,2020-08-09,2020,SF,2020-08-09 13:10:00,13,6,2,8,2,19,5,9,239,84.1,2,40,0.05,0.2222,82.2,27.9,37.0,994.1,0.0,17.1,10.6,231.0,SW,15.0,11.31,16.88
631346,2020-08-10,2020,SD,2020-08-10 18:40:00,18,1,2,3,1,10,7,10,269,84.4,3,50,0.06,0.1,69.0,20.5,59.7,992.6,0.0,10.2,6.4,226.0,SW,9.38,7.42,10.21
631347,2020-08-11,2020,SD,2020-08-11 18:40:00,18,2,6,8,2,11,4,19,273,82.4,2,59,0.0339,0.1053,70.6,21.4,60.0,991.5,0.0,9.2,5.7,190.7,S,8.97,9.07,7.79
631350,2020-08-12,2020,SD,2020-08-12 18:40:00,18,6,0,6,1,20,6,14,261,78.7,1,43,0.0233,0.0714,71.7,22.0,54.7,991.8,0.0,9.6,6.0,206.0,SW,9.61,8.83,9.24
631351,2020-08-13,2020,SD,2020-08-13 18:40:00,18,11,2,13,8,12,5,19,288,83.8,7,57,0.1228,0.4211,75.0,23.9,43.7,990.9,0.0,9.1,5.7,210.0,SW,9.06,8.1,8.92
631352,2020-08-17,2020,SEA,2020-08-17 18:40:00,18,11,9,20,7,15,8,26,339,85.9,6,59,0.1017,0.2692,77.7,25.4,55.7,991.9,0.0,9.0,5.6,195.1,S,8.89,8.75,7.96
631353,2020-08-18,2020,SEA,2020-08-18 16:10:00,16,2,1,3,0,17,4,9,263,80.8,2,42,0.0476,0.0,86.2,30.1,45.7,991.0,0.0,16.8,10.4,216.0,SW,16.34,14.01,16.69
631348,2020-08-21,2020,COL,2020-08-21 18:40:00,18,5,1,6,0,15,3,14,247,85.5,3,48,0.0625,0.0,82.8,28.2,51.3,990.3,0.0,10.3,6.4,169.0,S,8.56,9.98,6.11
631349,2020-08-22,2020,COL,2020-08-22 18:10:00,18,4,3,7,3,13,10,9,286,82.0,1,44,0.0227,0.3333,77.6,25.3,67.7,991.8,0.0,10.1,6.3,224.3,SW,9.41,7.55,10.13
631354,2020-08-23,2020,COL,2020-08-23 13:10:00,13,11,3,14,10,9,7,21,275,88.5,9,61,0.1475,0.4762,88.4,31.3,48.0,991.7,0.0,19.8,12.3,233.7,SW,16.91,12.39,19.39
631355,2020-09-01,2020,AZ,2020-09-01 18:40:00,18,6,3,9,2,16,10,13,284,85.9,5,49,0.102,0.1538,65.0,18.3,80.7,994.7,0.0,10.7,6.6,239.3,SW,8.54,5.84,10.21
631356,2020-09-02,2020,AZ,2020-09-02 18:40:00,18,3,2,5,2,17,6,9,289,80.8,3,51,0.0588,0.2222,68.7,20.4,72.0,994.1,0.0,8.3,5.2,172.5,S,7.19,8.17,5.34
631370,2020-09-03,2020,AZ,2020-09-03 18:40:00,18,5,1,6,1,18,5,14,293,79.1,1,48,0.0208,0.0714,69.9,21.1,72.7,992.0,0.0,7.4,4.6,194.4,S,7.33,7.24,6.53
631345,2020-09-04,2020,COL,2020-09-04 18:40:00,18,10,6,16,8,12,3,22,314,83.3,7,60,0.1167,0.3636,72.8,22.7,68.0,991.9,0.0,6.9,4.3,192.9,S,6.8,6.79,6.0
631328,2020-09-05,2020,COL,2020-09-05 18:10:00,18,2,5,7,1,22,4,13,255,84.5,2,44,0.0455,0.0769,97.6,36.5,18.0,990.2,0.0,9.4,5.9,284.7,W,1.28,-1.99,4.4
631344,2020-09-06,2020,COL,2020-09-06 19:10:00,19,6,7,13,6,17,10,21,333,80.0,3,53,0.0566,0.2857,84.2,29.0,39.3,990.2,0.0,13.6,8.5,138.4,SE,5.93,9.76,1.39
631331,2020-09-12,2020,HOU,2020-09-12 17:07:00,17,5,7,12,2,19,5,22,290,85.1,7,53,0.1321,0.0909,76.3,24.6,43.3,991.0,0.0,8.2,5.1,199.2,S,8.15,7.82,7.5
631332,2020-09-13,2020,HOU,2020-09-13 17:08:00,17,8,1,9,4,18,1,16,267,82.5,4,48,0.0833,0.25,73.6,23.1,47.3,991.8,0.0,10.0,6.2,205.8,SW,9.95,9.15,9.55
631333,2020-09-22,2020,ATH,2020-09-22 18:40:00,18,7,2,9,5,19,7,16,295,82.9,4,47,0.0851,0.3125,66.7,19.3,75.3,996.1,0.0,9.2,5.7,219.7,SW,8.76,7.3,9.16
631334,2020-09-23,2020,ATH,2020-09-23 18:40:00,18,4,6,10,4,14,4,13,280,83.3,5,53,0.0943,0.3077,69.0,20.6,67.0,994.7,0.0,5.9,3.7,176.3,S,5.32,5.9,4.1
631335,2020-09-24,2020,ATH,2020-09-24 18:40:00,18,5,1,6,2,19,7,11,274,86.1,4,42,0.0952,0.1818,71.7,22.0,59.7,991.9,0.0,6.6,4.1,200.6,S,6.6,6.27,6.12
631336,2020-09-25,2020,LAA,2020-09-25 18:40:00,18,9,5,14,8,16,5,24,328,82.4,6,58,0.1034,0.3333,69.7,20.9,72.0,993.7,0.0,7.3,4.5,221.4,SW,6.88,5.66,7.27
631337,2020-09-26,2020,LAA,2020-09-26 18:10:00,18,7,6,13,3,23,5,19,313,83.3,2,47,0.0426,0.1579,68.1,20.1,77.0,991.8,0.0,6.3,3.9,212.0,SW,6.18,5.46,6.16
631338,2020-09-27,2020,LAA,2020-09-27 12:10:00,12,5,0,5,2,15,7,9,264,81.5,2,43,0.0465,0.2222,84.0,28.9,43.7,992.1,0.0,10.5,6.5,205.0,SW,10.46,9.67,9.98
634533,2021-04-09,2021,WSH,2021-04-09 13:10:00,13,1,0,1,1,16,3,12,233,84.8,2,44,0.0455,0.0833,76.3,24.6,29.7,994.2,0.0,17.8,11.1,234.0,SW,15.18,11.08,17.44
632191,2021-04-10,2021,WSH,2021-04-10 18:10:00,18,9,5,14,3,15,8,24,300,84.2,6,56,0.1071,0.125,64.3,18.0,48.0,990.6,0.0,7.3,4.5,193.8,S,7.18,7.13,6.37
632214,2021-04-11,2021,WSH,2021-04-11 13:10:00,13,3,0,3,1,16,1,12,243,82.2,4,46,0.087,0.0833,75.8,24.3,37.3,987.5,0.0,10.9,6.8,202.7,SW,10.9,10.23,10.25
632212,2021-04-13,2021,COL,2021-04-13 19:10:00,19,7,0,7,4,18,6,12,292,82.4,6,45,0.1333,0.3333,55.3,12.9,75.7,993.2,0.4,12.0,7.5,246.3,SW,8.68,5.31,11.01
634614,2021-04-14,2021,COL,2021-04-14 19:10:00,19,4,2,6,2,20,7,18,307,79.7,2,49,0.0408,0.1111,52.3,11.3,66.3,996.3,0.0,4.0,2.5,246.0,SW,2.88,1.77,3.64
634547,2021-04-15,2021,COL,2021-04-15 19:10:00,19,7,5,12,4,17,7,18,275,80.5,8,51,0.1569,0.2222,54.7,12.6,80.0,996.2,0.0,7.5,4.7,197.1,S,7.47,7.26,6.78
634420,2021-04-22,2021,SD,2021-04-22 19:10:00,19,2,3,5,3,20,3,13,282,82.4,5,45,0.1111,0.2308,53.5,12.0,79.0,994.7,0.0,6.0,3.7,231.0,SW,5.3,4.0,5.97
634370,2021-04-23,2021,SD,2021-04-23 19:10:00,19,1,6,7,3,19,7,12,249,84.0,3,43,0.0698,0.25,57.2,14.0,74.0,997.3,0.0,6.4,4.0,242.7,SW,4.92,3.2,6.04
634361,2021-04-24,2021,SD,2021-04-24 18:10:00,18,5,4,9,2,25,6,20,311,82.2,4,45,0.0889,0.1,55.9,13.3,73.0,994.5,0.0,8.7,5.4,234.3,SW,7.36,5.36,8.48
634356,2021-04-25,2021,SD,2021-04-25 16:08:00,16,7,8,15,3,32,15,21,431,80.2,3,56,0.0536,0.1429,60.4,15.8,61.0,991.2,0.0,18.2,11.3,240.7,SW,14.34,9.62,17.32
634363,2021-04-26,2021,CIN,2021-04-26 19:10:00,19,3,5,8,2,20,10,12,358,80.4,3,50,0.06,0.1667,56.1,13.4,60.7,992.2,0.0,10.7,6.6,224.0,SW,9.95,8.01,10.7
634379,2021-04-27,2021,CIN,2021-04-27 19:10:00,19,5,6,11,2,22,9,14,299,83.1,4,45,0.0889,0.1429,57.1,13.9,67.7,996.0,0.0,5.8,3.6,122.4,SE,1.0,2.89,-1.01
634365,2021-04-28,2021,CIN,2021-04-28 13:10:00,13,8,0,8,1,24,9,15,293,82.4,2,40,0.05,0.0667,89.5,32.0,4.0,996.2,0.0,7.8,4.8,298.8,NW,-0.85,-3.44,1.84
634142,2021-05-11,2021,SEA,2021-05-11 19:10:00,19,6,4,10,5,27,3,13,270,83.1,4,36,0.1111,0.3846,59.4,15.2,83.7,994.1,0.0,8.8,5.5,214.0,SW,8.62,7.5,8.7
634140,2021-05-12,2021,SEA,2021-05-12 19:10:00,19,7,1,8,1,13,5,13,279,83.8,1,52,0.0192,0.0769,59.2,15.1,80.7,997.9,0.0,9.3,5.8,233.3,SW,7.96,5.85,9.1
634145,2021-05-14,2021,MIA,2021-05-14 19:10:00,19,9,6,15,2,20,5,20,308,83.8,2,51,0.0392,0.1,58.9,14.9,77.0,994.5,0.0,11.3,7.0,225.0,SW,10.41,8.3,11.26
634096,2021-05-15,2021,MIA,2021-05-15 18:10:00,18,7,0,7,0,16,8,8,302,78.0,2,43,0.0465,0.0,60.3,15.7,69.7,993.2,0.0,13.5,8.4,229.3,SW,12.08,9.26,13.44
634122,2021-05-16,2021,MIA,2021-05-16 13:10:00,13,2,3,5,1,20,4,16,311,81.6,3,50,0.06,0.0625,66.2,19.0,52.0,995.5,0.1,13.9,8.7,228.7,SW,12.51,9.65,13.85
634091,2021-05-17,2021,AZ,2021-05-17 19:10:00,19,3,1,4,1,17,13,9,284,82.6,1,42,0.0238,0.1111,57.4,14.1,79.3,996.7,0.0,7.1,4.4,219.7,SW,6.78,5.66,7.09
634092,2021-05-18,2021,AZ,2021-05-18 19:10:00,19,9,1,10,3,19,6,13,268,82.0,1,45,0.0222,0.2308,61.9,16.6,73.7,992.7,0.0,4.9,3.0,169.8,S,4.12,4.78,2.97
634033,2021-05-19,2021,AZ,2021-05-19 19:10:00,19,4,2,6,1,18,5,9,269,82.2,3,42,0.0714,0.1111,58.5,14.7,68.3,992.0,0.0,7.3,4.5,200.4,S,7.26,6.92,6.73
634059,2021-05-20,2021,AZ,2021-05-20 19:10:00,19,3,2,5,3,27,2,14,262,82.8,3,35,0.0857,0.2143,60.0,15.5,58.3,991.5,0.0,9.7,6.0,179.8,S,8.98,9.72,7.15
633930,2021-05-27,2021,SF,2021-05-27 19:10:00,19,4,3,7,5,24,2,9,221,81.2,7,36,0.1944,0.5556,59.8,15.5,74.7,996.5,0.0,9.1,5.7,209.8,SW,9.06,8.12,8.91
633921,2021-05-28,2021,SF,2021-05-28 19:10:00,19,5,8,13,4,14,13,14,343,83.2,3,60,0.05,0.2857,59.6,15.3,78.7,994.2,0.0,7.9,4.9,212.0,SW,7.82,6.9,7.8
633938,2021-05-29,2021,SF,2021-05-29 16:15:00,16,6,11,17,4,24,7,24,334,84.1,7,55,0.1273,0.1667,65.2,18.4,61.0,992.3,0.0,13.4,8.3,226.7,SW,12.23,9.61,13.36
633923,2021-05-30,2021,SF,2021-05-30 13:10:00,13,4,5,9,4,22,6,13,275,80.5,6,46,0.1304,0.3077,74.9,23.8,46.0,991.3,0.0,16.9,10.5,226.3,SW,15.43,12.17,16.83
633851,2021-05-31,2021,STL,2021-05-31 18:10:00,18,9,4,13,6,19,5,15,288,84.9,8,46,0.1739,0.4,62.3,16.8,73.0,994.3,0.0,10.5,6.5,241.5,SW,8.16,5.41,9.93
633879,2021-06-01,2021,STL,2021-06-01 19:10:00,19,2,3,5,1,20,6,15,298,83.6,1,48,0.0208,0.0667,60.3,15.7,81.0,994.2,0.0,8.1,5.1,248.9,W,5.61,3.26,7.29
633988,2021-06-02,2021,STL,2021-06-02 18:10:00,18,14,3,17,3,20,12,17,337,81.1,2,50,0.04,0.1765,61.3,16.3,76.7,991.8,0.0,9.1,5.7,214.3,SW,8.91,7.73,9.01
633761,2021-06-11,2021,TEX,2021-06-11 19:10:00,19,12,1,13,5,16,6,20,315,83.9,5,57,0.0877,0.25,65.5,18.6,50.7,992.6,0.0,7.7,4.8,199.5,S,7.66,7.33,7.06
633723,2021-06-12,2021,TEX,2021-06-12 19:10:00,19,1,12,13,4,21,6,23,338,82.5,5,54,0.0926,0.1739,68.1,20.0,56.0,991.3,0.0,8.1,5.0,192.9,S,7.99,7.97,7.04
633719,2021-06-13,2021,TEX,2021-06-13 13:10:00,13,5,3,8,1,15,7,21,298,80.5,2,54,0.037,0.0476,84.9,29.4,26.7,992.5,0.0,18.2,11.3,234.7,SW,15.43,11.18,17.82
633652,2021-06-14,2021,PHI,2021-06-14 19:10:00,19,3,1,4,2,17,4,11,279,80.0,1,45,0.0222,0.1818,70.5,21.4,61.7,992.0,0.0,7.8,4.8,177.8,S,7.09,7.77,5.54
633675,2021-06-15,2021,PHI,2021-06-15 19:10:00,19,5,3,8,2,14,7,17,295,78.9,2,54,0.037,0.1176,77.2,25.1,37.3,989.2,0.0,6.6,4.1,170.1,S,5.55,6.41,4.01
633677,2021-06-16,2021,PHI,2021-06-16 19:10:00,19,0,2,2,1,21,6,15,280,79.9,2,46,0.0435,0.0667,69.1,20.6,62.3,991.0,0.0,9.1,5.7,138.5,SE,3.99,6.55,0.95
633505,2021-06-24,2021,CHC,2021-06-24 19:10:00,19,0,4,4,2,15,12,8,291,80.7,2,42,0.0476,0.25,64.2,17.9,73.3,995.1,0.0,7.0,4.4,189.8,S,6.86,6.98,5.92
633608,2021-06-25,2021,CHC,2021-06-25 19:10:00,19,6,2,8,4,20,9,13,301,81.7,2,46,0.0435,0.3077,66.1,19.0,70.7,991.9,0.0,7.0,4.4,192.3,S,6.92,6.93,6.08
633562,2021-06-26,2021,CHC,2021-06-26 16:15:00,16,3,2,5,2,27,4,17,263,86.3,3,39,0.0769,0.1176,76.6,24.8,50.3,987.9,0.0,12.6,7.8,219.3,SW,12.06,10.09,12.58
633472,2021-06-27,2021,CHC,2021-06-27 16:08:00,16,7,1,8,3,27,4,12,247,83.3,2,35,0.0571,0.25,77.6,25.3,54.0,985.6,0.0,14.2,8.8,204.7,SW,14.16,13.12,13.49
633458,2021-06-28,2021,SF,2021-06-28 19:10:00,19,3,2,5,5,21,4,16,263,81.0,2,44,0.0455,0.3125,69.7,21.0,71.7,987.4,0.0,8.7,5.4,179.0,S,7.95,8.65,6.29
633471,2021-06-29,2021,SF,2021-06-29 19:10:00,19,3,1,4,1,17,7,6,263,83.1,2,40,0.05,0.1667,67.6,19.8,73.0,991.3,0.0,6.9,4.3,183.9,S,6.54,6.9,5.39
633320,2021-07-09,2021,AZ,2021-07-09 19:10:00,19,2,5,7,2,18,10,13,302,82.9,1,51,0.0196,0.1538,69.6,20.9,71.0,993.6,0.0,9.1,5.7,216.3,SW,8.84,7.56,9.05
633311,2021-07-10,2021,AZ,2021-07-10 19:10:00,19,22,1,23,9,15,10,25,325,85.4,9,60,0.15,0.36,72.0,22.2,57.7,993.3,0.0,8.4,5.2,154.0,SE,5.54,7.35,3.07
633302,2021-07-11,2021,AZ,2021-07-11 13:10:00,13,7,4,11,4,15,5,20,304,81.5,2,55,0.0364,0.2,87.5,30.8,31.7,991.6,0.0,17.3,10.7,210.7,SW,17.12,15.25,16.93
633259,2021-07-19,2021,SF,2021-07-19 19:10:00,19,2,7,9,4,17,8,16,316,81.5,5,52,0.0962,0.25,71.4,21.9,60.7,995.9,0.0,8.3,5.1,188.6,S,8.03,8.22,6.86
633199,2021-07-20,2021,SF,2021-07-20 19:10:00,19,8,6,14,7,23,6,17,286,85.3,8,45,0.1778,0.4118,71.2,21.8,63.3,992.4,0.0,8.6,5.3,182.6,S,8.09,8.6,6.6
633217,2021-07-21,2021,SF,2021-07-21 19:10:00,19,2,4,6,3,16,7,9,273,81.3,2,46,0.0435,0.3333,73.5,23.1,60.0,991.4,0.0,8.8,5.4,182.3,S,8.23,8.77,6.7
633244,2021-07-22,2021,SF,2021-07-22 19:10:00,19,3,5,8,1,21,5,16,268,81.9,3,48,0.0625,0.0625,72.4,22.5,68.7,996.1,0.0,9.9,6.2,175.3,S,8.81,9.82,6.73
633173,2021-07-23,2021,COL,2021-07-23 19:10:00,19,6,9,15,5,18,6,22,343,82.9,8,63,0.127,0.2273,69.2,20.7,74.0,996.9,0.0,9.0,5.6,227.0,SW,8.19,6.42,8.97
633188,2021-07-24,2021,COL,2021-07-24 18:10:00,18,1,0,1,1,17,4,7,220,79.9,1,40,0.025,0.1429,69.8,21.0,69.7,994.8,0.0,10.9,6.8,229.3,SW,9.76,7.48,10.86
633172,2021-07-25,2021,COL,2021-07-25 13:10:00,13,3,2,5,4,17,7,13,292,82.9,2,45,0.0444,0.3077,79.4,26.3,46.3,994.6,0.0,15.3,9.5,216.7,SW,14.83,12.66,15.22
633061,2021-08-03,2021,HOU,2021-08-03 19:10:00,19,0,3,3,1,21,8,13,313,83.2,2,45,0.0444,0.0769,68.8,20.4,68.0,992.2,0.0,10.2,6.4,166.9,S,8.32,9.86,5.78
633019,2021-08-04,2021,HOU,2021-08-04 18:40:00,18,7,5,12,7,21,4,17,287,81.7,6,47,0.1277,0.4118,71.0,21.7,60.7,991.0,0.0,11.3,7.0,193.3,S,11.12,11.07,9.84
633028,2021-08-06,2021,LAA,2021-08-06 19:10:00,19,3,4,7,2,18,5,18,326,78.8,3,57,0.0526,0.1111,67.5,19.7,75.3,993.2,0.0,9.6,6.0,192.0,S,9.44,9.47,8.27
632986,2021-08-07,2021,LAA,2021-08-07 18:10:00,18,5,3,8,1,19,5,17,270,79.9,1,49,0.0204,0.0588,69.0,20.6,71.7,992.2,0.0,11.3,7.0,228.3,SW,10.17,7.87,11.24
632956,2021-08-08,2021,LAA,2021-08-08 13:10:00,13,8,2,10,2,19,8,18,297,82.1,5,51,0.098,0.1111,83.3,28.5,41.3,992.5,0.0,13.8,8.6,220.3,SW,13.17,10.93,13.82
632882,2021-08-16,2021,PIT,2021-08-16 19:10:00,19,2,1,3,2,17,7,11,261,81.1,3,43,0.0698,0.1818,71.8,22.1,74.3,990.1,0.0,6.7,4.2,218.4,SW,6.44,5.43,6.68
632909,2021-08-17,2021,PIT,2021-08-17 19:10:00,19,4,3,7,0,17,5,13,280,79.2,3,49,0.0612,0.0,69.9,21.1,78.7,991.1,0.0,10.9,6.8,220.0,SW,10.43,8.67,10.92
632887,2021-08-18,2021,PIT,2021-08-18 19:10:00,19,9,0,9,4,16,9,12,262,82.9,3,46,0.0652,0.3333,69.9,21.1,77.3,992.7,0.5,10.0,6.2,211.3,SW,9.85,8.73,9.78
632835,2021-08-19,2021,NYM,2021-08-19 19:10:00,19,4,1,5,0,14,2,12,247,84.7,1,46,0.0217,0.0,69.3,20.7,66.7,992.2,0.0,8.9,5.5,236.4,SW,7.39,5.25,8.64
632811,2021-08-20,2021,NYM,2021-08-20 19:10:00,19,3,2,5,1,20,2,11,239,84.2,1,42,0.0238,0.0909,67.9,19.9,75.0,989.9,0.0,11.0,6.9,248.3,W,7.69,4.52,9.93
632795,2021-08-21,2021,NYM,2021-08-21 13:05:00,13,4,3,7,5,16,5,16,277,81.9,4,50,0.08,0.3125,72.7,22.6,60.7,989.7,0.0,16.9,10.5,233.3,SW,14.51,10.67,16.6
632796,2021-08-22,2021,NYM,2021-08-22 13:10:00,13,2,7,9,1,16,6,14,294,80.6,3,50,0.06,0.0714,77.8,25.5,50.7,990.0,0.0,17.3,10.7,232.7,SW,14.93,11.06,17.0
632740,2021-08-27,2021,COL,2021-08-27 19:10:00,19,2,4,6,5,21,3,13,285,80.2,5,45,0.1111,0.3846,70.2,21.2,63.0,986.0,0.0,7.2,4.5,192.5,S,7.12,7.12,6.26
632707,2021-08-28,2021,COL,2021-08-28 18:10:00,18,5,2,7,1,14,10,10,299,80.4,0,42,0.0,0.1,69.2,20.7,72.0,989.3,0.0,9.0,5.6,224.0,SW,8.4,6.77,9.03
632714,2021-08-29,2021,COL,2021-08-29 13:10:00,13,0,5,5,1,17,9,13,288,81.7,6,51,0.1176,0.0769,86.2,30.1,31.0,988.8,0.0,15.5,9.6,231.0,SW,13.59,10.25,15.3
632674,2021-08-30,2021,ATL,2021-08-30 19:10:00,19,5,3,8,7,18,1,18,264,83.6,5,50,0.1,0.3889,65.3,18.5,81.7,989.0,0.0,6.8,4.2,223.7,SW,6.31,5.09,6.77
632663,2021-08-31,2021,ATL,2021-08-31 19:10:00,19,3,2,5,2,20,7,10,279,81.8,3,41,0.0732,0.2,65.2,18.5,80.3,989.7,0.0,6.4,4.0,200.6,S,6.36,6.05,5.91
632656,2021-09-01,2021,ATL,2021-09-01 19:10:00,19,4,3,7,4,23,3,14,275,83.8,5,42,0.119,0.2857,66.7,19.3,75.7,992.4,0.0,8.1,5.0,258.6,W,4.51,1.94,6.54
632542,2021-09-10,2021,SD,2021-09-10 19:10:00,19,3,0,3,1,17,6,10,260,83.1,3,43,0.0698,0.1,71.3,21.8,65.3,994.2,0.0,7.9,4.9,198.7,S,7.85,7.56,7.2
632530,2021-09-11,2021,SD,2021-09-11 18:10:00,18,5,4,9,2,14,5,12,273,83.0,2,46,0.0435,0.1667,77.4,25.2,49.3,992.4,0.0,6.1,3.8,189.4,S,5.91,6.02,5.08
632568,2021-09-12,2021,SD,2021-09-12 13:10:00,13,8,0,8,3,16,4,10,240,84.0,5,45,0.1111,0.3,89.7,32.1,25.3,992.5,0.0,16.8,10.4,230.0,SW,14.87,11.33,16.62
632509,2021-09-13,2021,AZ,2021-09-13 19:10:00,19,5,1,6,1,14,6,17,274,83.9,6,54,0.1111,0.0588,64.5,18.0,81.0,991.5,0.0,6.2,3.9,201.0,S,6.2,5.88,5.77
632505,2021-09-14,2021,AZ,2021-09-14 19:10:00,19,8,4,12,4,16,6,17,289,81.9,4,51,0.0784,0.2353,64.2,17.9,76.7,993.5,0.0,6.8,4.2,224.3,SW,6.31,5.07,6.8
632484,2021-09-15,2021,AZ,2021-09-15 19:10:00,19,5,3,8,2,14,7,18,274,82.8,2,51,0.0392,0.1111,61.9,16.6,82.0,992.2,0.0,6.8,4.2,224.0,SW,6.33,5.09,6.8
632318,2021-09-28,2021,SD,2021-09-28 19:10:00,19,2,1,3,1,19,12,10,284,81.7,1,40,0.025,0.1,63.4,17.4,79.7,992.3,0.0,4.8,3.0,265.6,W,2.17,0.58,3.5
632297,2021-09-29,2021,SD,2021-09-29 19:10:00,19,11,9,20,8,16,6,25,299,83.9,8,60,0.1333,0.32,64.6,18.1,69.3,993.0,0.0,3.4,2.1,183.7,S,3.25,3.43,2.68
632291,2021-09-30,2021,SD,2021-09-30 19:10:00,19,8,3,11,7,18,6,16,255,83.5,5,47,0.1064,0.4375,69.1,20.6,31.0,992.8,0.0,5.4,3.4,87.0,E,-2.32,-0.51,-3.85
632273,2021-10-01,2021,MIL,2021-10-01 19:10:00,19,8,6,14,3,13,4,21,305,78.9,2,58,0.0345,0.1429,71.4,21.9,37.7,994.7,0.0,4.1,2.5,197.5,S,4.08,3.96,3.72
632260,2021-10-02,2021,MIL,2021-10-02 18:10:00,18,8,3,11,4,17,4,13,266,83.5,4,45,0.0889,0.3077,79.7,26.5,12.3,993.4,0.0,8.0,5.0,329.0,NW,-4.78,-6.7,-2.28
632242,2021-10-03,2021,MIL,2021-10-03 12:10:00,12,10,3,13,2,22,7,17,305,83.6,7,46,0.1522,0.1176,94.8,34.9,9.7,993.2,0.0,16.3,10.1,206.1,SW,16.27,14.94,15.63
662627,2022-04-14,2022,CIN,2022-04-14 19:10:00,19,9,3,12,3,13,6,20,307,81.0,4,55,0.0727,0.15,57.6,14.2,68.3,994.1,0.0,6.7,4.2,197.2,S,6.67,6.48,6.06
662620,2022-04-15,2022,CIN,2022-04-15 19:10:00,19,3,1,4,0,13,9,12,287,80.3,2,48,0.0417,0.0,57.4,14.1,71.7,995.0,0.0,9.0,5.6,206.7,SW,8.98,8.21,8.66
662619,2022-04-16,2022,CIN,2022-04-16 19:10:00,19,5,2,7,1,19,4,12,276,82.1,2,42,0.0476,0.0833,57.5,14.2,81.3,999.5,0.0,10.8,6.7,234.7,SW,9.17,6.64,10.59
662618,2022-04-17,2022,CIN,2022-04-17 13:10:00,13,9,1,10,0,25,10,14,306,83.3,3,39,0.0769,0.0,72.4,22.5,42.0,998.3,0.0,16.8,10.5,237.3,SW,13.82,9.69,16.27
662617,2022-04-18,2022,ATL,2022-04-18 19:10:00,19,7,4,11,4,19,7,17,308,83.2,5,49,0.102,0.2353,60.7,15.9,62.0,995.1,0.0,8.3,5.1,181.9,S,7.74,8.27,6.27
662717,2022-04-19,2022,ATL,2022-04-19 19:10:00,19,1,3,4,1,17,2,14,251,78.8,4,48,0.0833,0.0714,59.5,15.3,79.3,993.3,0.0,9.5,5.9,171.8,S,8.19,9.37,6.03
662734,2022-04-20,2022,ATL,2022-04-20 12:10:00,12,5,1,6,2,14,9,11,263,81.5,4,45,0.0889,0.1818,71.8,22.1,39.3,995.6,0.0,15.5,9.7,182.3,S,14.58,15.53,11.86
662699,2022-04-29,2022,DET,2022-04-29 19:10:00,19,5,1,6,2,15,5,12,253,87.0,4,46,0.087,0.1667,58.8,14.9,73.3,993.7,0.0,5.8,3.6,195.3,S,5.75,5.65,5.16
662698,2022-04-30,2022,DET,2022-04-30 19:10:00,19,1,5,6,1,19,6,14,285,80.9,4,48,0.0833,0.0714,60.5,15.8,65.3,990.8,0.0,4.8,3.0,177.4,S,4.32,4.75,3.37
662716,2022-05-01,2022,DET,2022-05-01 13:10:00,13,6,3,9,2,22,2,18,281,79.9,5,48,0.1042,0.1111,73.0,22.8,44.7,990.5,0.0,14.0,8.7,216.0,SW,13.61,11.67,13.91
662708,2022-05-03,2022,SF,2022-05-03 19:10:00,19,3,1,4,0,13,6,11,265,82.2,1,48,0.0208,0.0,60.2,15.7,73.7,993.2,0.0,6.0,3.7,206.6,SW,5.95,5.45,5.74
662707,2022-05-04,2022,SF,2022-05-04 19:10:00,19,9,1,10,3,15,6,17,282,82.7,3,49,0.0612,0.1765,61.2,16.2,80.3,993.5,0.0,7.5,4.7,172.3,S,6.51,7.41,4.82
662706,2022-05-12,2022,PHI,2022-05-12 19:10:00,19,7,9,16,3,20,6,24,312,82.2,5,58,0.0862,0.125,66.7,19.3,34.0,997.7,0.0,4.1,2.5,296.7,NW,-0.3,-1.67,1.11
662705,2022-05-13,2022,PHI,2022-05-13 19:10:00,19,10,12,22,4,18,13,27,379,82.8,3,67,0.0448,0.1481,69.7,20.9,34.3,993.8,0.0,4.9,3.1,178.4,S,4.5,4.92,3.54
662704,2022-05-14,2022,PHI,2022-05-14 19:10:00,19,3,8,11,5,16,4,15,259,79.4,4,52,0.0769,0.3333,73.8,23.2,34.3,992.4,0.0,4.6,2.9,142.2,SE,2.29,3.53,0.78
662696,2022-05-15,2022,PHI,2022-05-15 13:10:00,13,5,4,9,1,15,11,15,302,82.3,2,49,0.0408,0.0667,81.4,27.4,27.0,992.9,0.0,21.3,13.2,238.6,SW,17.17,11.85,20.43
662695,2022-05-16,2022,AZ,2022-05-16 19:10:00,19,5,4,9,3,15,9,14,286,82.9,2,49,0.0408,0.2143,61.9,16.6,69.7,993.1,0.0,8.0,5.0,161.2,S,5.99,7.42,3.83
662628,2022-05-17,2022,AZ,2022-05-17 12:10:00,12,7,6,13,6,22,8,15,321,79.4,6,43,0.1395,0.4,73.4,23.0,46.7,995.3,0.0,16.4,10.2,223.0,SW,15.36,12.47,16.4
662697,2022-05-17,2022,AZ,2022-05-17 19:10:00,19,12,3,15,3,16,7,21,265,83.4,3,54,0.0556,0.1429,60.3,15.7,75.3,995.0,0.0,6.8,4.2,218.4,SW,6.51,5.48,6.75
662744,2022-05-18,2022,AZ,2022-05-18 13:10:00,13,5,3,8,1,15,3,18,290,79.7,1,53,0.0189,0.0556,76.3,24.6,43.7,994.6,0.0,17.1,10.6,230.3,SW,15.09,11.46,16.91
662743,2022-05-30,2022,PIT,2022-05-30 19:10:00,19,5,6,11,5,21,6,19,320,80.8,4,52,0.0769,0.2632,61.3,16.3,68.0,989.1,0.0,6.9,4.3,165.6,S,5.51,6.6,3.76
662735,2022-05-31,2022,PIT,2022-05-31 19:10:00,19,3,5,8,3,24,9,15,298,80.8,4,44,0.0909,0.2,64.6,18.1,64.7,990.5,0.0,7.6,4.7,194.4,S,7.52,7.44,6.7
662721,2022-06-01,2022,PIT,2022-06-01 17:10:00,17,4,8,12,3,17,7,21,319,79.6,4,54,0.0741,0.1429,71.2,21.8,56.0,990.1,0.0,12.7,7.9,212.0,SW,12.53,11.05,12.49
662693,2022-06-02,2022,NYM,2022-06-02 19:10:00,19,2,0,2,0,13,3,12,265,82.8,3,49,0.0612,0.0,63.0,17.2,79.7,990.6,0.0,7.9,4.9,206.6,SW,7.91,7.24,7.63
662720,2022-06-03,2022,NYM,2022-06-03 19:10:00,19,6,1,7,4,19,4,13,280,81.0,5,45,0.1111,0.3077,60.7,15.9,81.0,991.9,0.0,7.3,4.6,200.7,S,7.33,6.97,6.81
662687,2022-06-04,2022,NYM,2022-06-04 19:10:00,19,4,9,13,4,21,7,19,336,81.5,5,51,0.098,0.2105,62.2,16.8,77.7,993.5,0.0,9.7,6.0,195.0,S,9.58,9.44,8.57
662612,2022-06-05,2022,NYM,2022-06-05 13:10:00,13,4,5,9,3,17,4,17,344,82.8,6,59,0.1017,0.1765,78.7,26.0,41.7,991.9,0.0,16.7,10.4,232.3,SW,14.49,10.77,16.45
662611,2022-06-14,2022,LAA,2022-06-14 19:10:00,19,2,0,2,1,19,8,6,260,82.2,1,38,0.0263,0.1667,66.1,18.9,77.3,990.4,0.0,6.5,4.0,234.7,SW,5.5,3.99,6.35
662694,2022-06-15,2022,LAA,2022-06-15 19:10:00,19,4,1,5,2,18,5,9,282,80.6,6,42,0.1429,0.2222,66.3,19.0,82.0,990.3,0.0,8.3,5.2,214.6,SW,8.15,7.06,8.25
662719,2022-06-17,2022,CLE,2022-06-17 19:10:00,19,1,2,3,1,14,6,14,304,83.1,4,59,0.0678,0.0714,64.8,18.2,62.7,991.0,0.0,9.9,6.2,187.8,S,9.61,9.89,8.17
662686,2022-06-18,2022,CLE,2022-06-18 16:15:00,16,7,1,8,1,19,8,13,296,82.6,2,47,0.0426,0.0769,72.6,22.6,43.7,992.5,0.0,16.5,10.3,234.0,SW,14.07,10.27,16.17
662590,2022-06-19,2022,CLE,2022-06-19 13:10:00,13,3,5,8,2,27,6,19,293,82.7,4,46,0.087,0.1053,80.8,27.1,28.7,993.6,0.0,28.1,17.4,229.3,SW,25.04,19.2,27.87
662733,2022-06-30,2022,SD,2022-06-30 19:10:00,19,3,1,4,2,20,4,12,260,80.9,4,41,0.0976,0.1667,67.9,20.0,73.7,994.7,0.0,7.8,4.9,196.1,S,7.78,7.61,7.02
662609,2022-07-01,2022,SD,2022-07-01 19:10:00,19,5,1,6,3,26,4,14,275,83.5,6,39,0.1538,0.2143,67.3,19.6,71.3,993.8,0.0,9.4,5.8,201.0,S,9.4,8.92,8.74
662718,2022-07-02,2022,SD,2022-07-02 16:15:00,16,7,2,9,4,20,6,18,294,80.8,4,49,0.0816,0.2222,74.7,23.7,43.7,992.3,0.0,15.2,9.5,227.3,SW,13.82,10.8,15.18
662684,2022-07-03,2022,SD,2022-07-03 13:10:00,13,2,4,6,1,17,5,16,282,81.5,3,50,0.06,0.0625,78.1,25.6,44.3,993.3,0.0,18.4,11.4,224.3,SW,17.08,13.71,18.39
662732,2022-07-04,2022,COL,2022-07-04 18:10:00,18,5,3,8,3,16,5,16,289,83.5,4,50,0.08,0.1875,67.9,19.9,64.3,993.6,0.0,12.1,7.5,221.0,SW,11.47,9.47,12.1
662731,2022-07-05,2022,COL,2022-07-05 19:10:00,19,5,2,7,3,22,6,16,302,80.5,1,42,0.0238,0.1875,66.0,18.9,82.0,993.5,0.0,8.8,5.4,227.0,SW,7.98,6.25,8.74
662630,2022-07-06,2022,COL,2022-07-06 19:10:00,19,2,1,3,0,11,9,9,268,81.5,1,47,0.0213,0.0,65.5,18.6,78.0,993.3,0.0,8.3,5.2,214.1,SW,8.16,7.1,8.24
662730,2022-07-07,2022,CHC,2022-07-07 19:10:00,19,5,3,8,5,13,1,13,272,84.0,4,49,0.0816,0.3846,66.4,19.1,75.0,995.0,0.0,9.3,5.8,195.3,S,9.23,9.07,8.28
662610,2022-07-08,2022,CHC,2022-07-08 19:10:00,19,4,3,7,2,16,5,11,284,79.9,1,53,0.0189,0.1818,67.3,19.6,74.0,997.0,0.0,9.1,5.6,220.7,SW,8.61,7.12,9.06
662683,2022-07-09,2022,CHC,2022-07-09 19:10:00,19,4,2,6,1,17,2,15,243,84.4,1,49,0.0204,0.0667,68.3,20.2,69.3,997.1,0.0,8.2,5.1,182.6,S,7.68,8.17,6.27
662729,2022-07-10,2022,CHC,2022-07-10 13:10:00,13,11,9,20,4,18,11,22,370,81.3,4,54,0.0741,0.1818,86.5,30.3,34.7,995.9,0.0,18.7,11.6,226.3,SW,17.11,13.49,18.66
662685,2022-07-21,2022,SF,2022-07-21 19:09:00,19,9,6,15,4,16,10,16,318,82.4,5,51,0.098,0.25,69.4,20.8,60.0,993.1,0.0,8.4,5.2,205.4,SW,8.36,7.71,7.99
662589,2022-07-22,2022,SF,2022-07-22 19:10:00,19,5,1,6,1,11,8,15,285,82.4,1,54,0.0185,0.0667,69.7,21.0,70.0,991.1,0.0,7.8,4.9,195.2,S,7.77,7.64,6.96
662608,2022-07-23,2022,SF,2022-07-23 16:15:00,16,4,2,6,3,18,8,12,313,83.4,3,45,0.0667,0.25,74.7,23.7,61.7,990.6,0.0,16.8,10.4,229.0,SW,15.03,11.56,16.69
662682,2022-07-24,2022,SF,2022-07-24 13:10:00,13,7,4,11,1,20,5,19,311,83.4,2,50,0.04,0.0526,81.4,27.5,48.0,992.1,0.0,17.5,10.9,231.7,SW,15.25,11.42,17.24
662576,2022-07-25,2022,WSH,2022-07-25 19:10:00,19,1,4,5,2,17,7,16,286,82.5,2,52,0.0385,0.125,67.3,19.6,79.3,993.0,0.0,9.8,6.1,227.3,SW,8.86,6.93,9.73
662573,2022-07-26,2022,WSH,2022-07-26 19:10:00,19,3,8,11,3,16,4,20,304,81.5,3,59,0.0508,0.15,67.2,19.6,78.7,994.1,0.0,8.2,5.1,204.3,SW,8.23,7.64,7.82
662565,2022-07-27,2022,WSH,2022-07-27 12:10:00,12,7,1,8,0,15,12,16,315,82.4,2,47,0.0426,0.0,81.7,27.6,40.7,994.2,0.0,13.8,8.6,222.3,SW,12.98,10.6,13.8
662564,2022-08-05,2022,SD,2022-08-05 19:10:00,19,8,1,9,0,22,5,16,315,82.1,2,45,0.0444,0.0,72.7,22.6,66.3,992.9,0.0,7.6,4.7,175.9,S,6.77,7.52,5.2
662654,2022-08-06,2022,SD,2022-08-06 18:10:00,18,8,3,11,2,11,3,16,275,83.9,5,58,0.0862,0.125,76.2,24.5,55.3,991.2,0.0,9.6,5.9,170.1,S,8.08,9.34,5.83
662563,2022-08-07,2022,SD,2022-08-07 16:08:00,16,4,0,4,2,11,2,13,251,85.4,2,52,0.0385,0.1538,83.6,28.7,37.3,992.1,0.0,14.1,8.8,216.3,SW,13.72,11.74,14.05
662562,2022-08-09,2022,MIN,2022-08-09 19:10:00,19,10,3,13,2,19,2,22,303,82.2,2,54,0.037,0.0909,73.3,23.0,55.7,994.0,0.0,7.8,4.8,188.5,S,7.53,7.72,6.44
662575,2022-08-10,2022,MIN,2022-08-10 19:10:00,19,8,5,13,5,17,7,18,311,83.3,6,52,0.1154,0.2778,74.2,23.5,54.7,995.9,0.0,7.0,4.3,166.5,S,5.66,6.73,3.91
662574,2022-08-19,2022,MIA,2022-08-19 19:10:00,19,2,1,3,0,16,6,11,255,82.0,3,45,0.0667,0.0,70.2,21.2,69.3,988.9,0.0,7.1,4.4,173.5,S,6.24,7.05,4.68
662561,2022-08-20,2022,MIA,2022-08-20 18:10:00,18,7,0,7,2,24,5,15,278,81.7,2,41,0.0488,0.1333,71.7,22.1,74.0,992.6,0.0,12.9,8.0,163.0,S,9.93,12.13,6.53
662600,2022-08-21,2022,MIA,2022-08-21 13:10:00,13,10,3,13,4,20,7,22,323,82.8,2,51,0.0392,0.1818,82.2,27.9,48.0,996.2,0.0,13.6,8.5,222.3,SW,12.82,10.47,13.63
662594,2022-08-22,2022,MIL,2022-08-22 19:10:00,19,0,4,4,2,18,5,13,303,80.1,3,47,0.0638,0.1538,68.1,20.0,76.7,992.5,0.0,5.9,3.6,185.5,S,5.61,5.86,4.69
662605,2022-08-23,2022,MIL,2022-08-23 19:10:00,19,10,1,11,1,11,6,15,295,84.9,2,55,0.0364,0.0667,70.2,21.2,78.0,989.9,0.0,4.7,2.9,196.2,S,4.67,4.57,4.21
662604,2022-08-24,2022,MIL,2022-08-24 18:00:00,18,12,6,18,3,19,9,22,321,81.6,2,54,0.037,0.1364,75.0,23.9,61.7,991.8,0.0,12.8,8.0,151.3,SE,8.05,10.98,4.14
662603,2022-09-02,2022,SD,2022-09-02 19:10:00,19,1,7,8,3,22,11,11,328,81.2,6,42,0.1429,0.2727,78.6,25.9,52.0,989.4,0.0,9.0,5.6,181.2,S,8.42,9.03,6.78
662597,2022-09-03,2022,SD,2022-09-03 18:10:00,18,12,1,13,5,11,7,15,262,82.9,5,55,0.0909,0.3333,83.8,28.8,43.3,990.5,0.0,8.6,5.3,175.9,S,7.66,8.51,5.88
662599,2022-09-04,2022,SD,2022-09-04 16:08:00,16,9,4,13,2,21,12,17,353,81.9,3,48,0.0625,0.1176,89.7,32.0,40.7,989.5,0.0,14.5,9.0,220.1,SW,13.79,11.46,14.45
662602,2022-09-05,2022,SF,2022-09-05 19:10:00,19,4,7,11,7,22,3,18,305,84.6,7,49,0.1429,0.3889,81.0,27.2,54.7,988.1,0.0,6.7,4.1,192.1,S,6.56,6.57,5.75
662601,2022-09-06,2022,SF,2022-09-06 19:10:00,19,6,3,9,5,11,2,16,236,79.5,4,55,0.0727,0.3125,76.0,24.4,71.0,992.2,0.0,6.0,3.7,189.8,S,5.82,5.92,5.02
662582,2022-09-07,2022,SF,2022-09-07 13:10:00,13,7,3,10,4,21,9,19,306,82.2,2,48,0.0417,0.2105,99.3,37.4,26.3,992.4,0.0,16.9,10.5,238.7,SW,13.66,9.42,16.26
662622,2022-09-19,2022,AZ,2022-09-19 19:10:00,19,5,2,7,2,20,4,16,264,84.3,4,43,0.093,0.125,67.5,19.7,80.7,991.8,0.0,9.4,5.8,257.3,W,5.41,2.46,7.72
662607,2022-09-20,2022,AZ,2022-09-20 19:10:00,19,2,5,7,2,17,4,13,259,80.6,2,51,0.0392,0.1538,69.5,20.8,75.7,992.4,0.0,7.8,4.8,248.7,W,5.38,3.14,6.97
662621,2022-09-20,2022,AZ,2022-09-20 12:10:00,12,6,5,11,3,22,7,23,346,81.3,3,55,0.0545,0.1304,80.2,26.8,49.7,992.9,0.0,16.8,10.4,242.3,SW,12.88,8.43,15.77
662606,2022-09-21,2022,AZ,2022-09-21 19:10:00,19,1,6,7,1,14,5,10,273,80.2,1,49,0.0204,0.1,70.2,21.2,56.7,993.4,0.0,9.9,6.2,268.3,W,4.07,0.72,6.92
662586,2022-09-22,2022,AZ,2022-09-22 19:10:00,19,3,2,5,1,26,3,10,274,80.5,2,37,0.0541,0.1,69.9,21.1,72.0,992.8,0.0,4.8,3.0,140.5,SE,2.27,3.59,0.67
662585,2022-09-23,2022,STL,2022-09-23 19:10:00,19,0,11,11,5,15,4,19,307,82.6,4,58,0.069,0.2632,71.7,22.1,67.7,994.6,0.0,6.0,3.7,204.5,SW,6.0,5.56,5.71
662584,2022-09-24,2022,STL,2022-09-24 18:10:00,18,6,2,8,4,16,5,16,274,83.1,4,49,0.0816,0.25,73.3,23.0,57.7,995.8,0.0,6.8,4.2,180.8,S,6.35,6.83,5.11
662598,2022-09-25,2022,STL,2022-09-25 13:10:00,13,4,1,5,0,14,4,14,266,83.3,0,50,0.0,0.0,90.1,32.3,27.0,994.0,0.0,18.8,11.7,235.3,SW,15.82,11.38,18.36
662596,2022-09-30,2022,COL,2022-09-30 19:10:00,19,10,1,11,1,14,5,22,278,82.1,5,58,0.0862,0.0455,64.8,18.2,83.0,990.6,0.0,6.6,4.1,210.2,SW,6.57,5.87,6.48
662595,2022-10-01,2022,COL,2022-10-01 18:10:00,18,6,4,10,2,17,14,18,312,82.2,2,49,0.0408,0.1111,65.1,18.4,75.3,992.1,0.0,10.0,6.2,249.3,W,6.86,3.95,8.95
662581,2022-10-02,2022,COL,2022-10-02 13:10:00,13,1,4,5,1,28,5,14,275,78.1,2,39,0.0513,0.0714,78.1,25.6,50.3,993.3,0.0,16.1,10.0,239.0,SW,12.94,8.89,15.44
662629,2022-10-03,2022,COL,2022-10-03 19:10:00,19,1,2,3,1,17,1,15,290,83.0,2,51,0.0392,0.0667,66.1,19.0,84.3,994.2,0.0,6.0,3.7,160.3,S,4.42,5.52,2.78
662624,2022-10-04,2022,COL,2022-10-04 19:10:00,19,2,5,7,4,19,3,14,267,83.1,5,50,0.1,0.2857,67.7,19.8,82.3,993.8,0.0,4.2,2.6,178.1,S,3.86,4.22,3.02
662623,2022-10-05,2022,COL,2022-10-05 13:20:00,13,6,1,7,4,26,6,10,275,80.4,3,35,0.0857,0.4,81.7,27.6,49.0,994.0,0.0,15.4,9.6,229.0,SW,13.78,10.6,15.3
718770,2023-03-30,2023,AZ,2023-03-30 19:10:00,19,8,2,10,1,20,5,16,273,85.7,2,44,0.0455,0.0625,46.3,7.9,88.0,997.6,0.0,5.4,3.4,328.0,NW,-3.14,-4.45,-1.45
718765,2023-03-31,2023,AZ,2023-03-31 19:10:00,19,1,2,3,2,14,10,12,285,86.0,6,51,0.1176,0.1667,52.1,11.2,82.7,1000.5,0.0,4.8,3.0,337.6,N,-3.4,-4.36,-2.04
718749,2023-04-01,2023,AZ,2023-04-01 18:10:00,18,10,1,11,5,17,5,13,263,83.8,6,46,0.1304,0.3846,52.2,11.2,85.7,998.9,0.0,5.3,3.3,193.9,S,5.27,5.23,4.68
718736,2023-04-02,2023,AZ,2023-04-02 13:10:00,13,1,2,3,1,17,4,13,272,82.3,1,47,0.0213,0.0769,61.3,16.3,65.3,997.4,0.0,15.3,9.5,227.7,SW,13.88,10.81,15.27
718718,2023-04-03,2023,COL,2023-04-03 19:10:00,19,13,4,17,3,23,8,19,307,81.3,6,46,0.1304,0.1579,48.2,9.0,32.3,996.1,0.0,23.8,14.8,337.7,N,-16.86,-21.57,-10.11
718703,2023-04-04,2023,COL,2023-04-04 19:10:00,19,5,2,7,3,16,7,14,286,81.3,5,45,0.1111,0.2143,49.8,9.9,53.7,999.4,0.0,13.3,8.3,325.8,NW,-7.32,-10.69,-3.06
718575,2023-04-14,2023,CHC,2023-04-14 19:10:00,19,2,8,10,7,21,4,15,291,84.4,9,48,0.1875,0.4667,52.2,11.2,84.7,995.9,0.0,6.4,4.0,284.1,W,0.93,-1.29,3.04
718564,2023-04-15,2023,CHC,2023-04-15 18:10:00,18,2,1,3,1,24,9,9,293,81.3,2,36,0.0556,0.1111,54.7,12.6,82.0,998.5,0.0,8.2,5.1,211.4,SW,8.1,7.18,8.05
718547,2023-04-16,2023,CHC,2023-04-16 13:10:00,13,2,3,5,3,22,6,19,311,81.5,3,50,0.06,0.1579,67.4,19.7,58.0,998.1,0.0,13.9,8.7,226.3,SW,12.75,10.05,13.9
718532,2023-04-17,2023,NYM,2023-04-17 19:10:00,19,6,8,14,4,12,3,23,307,84.2,6,63,0.0952,0.1739,54.5,12.5,79.0,993.8,0.0,6.4,4.0,230.8,SW,5.63,4.26,6.33
718516,2023-04-18,2023,NYM,2023-04-18 19:10:00,19,5,0,5,2,19,7,13,281,81.2,3,44,0.0682,0.1538,55.0,12.8,72.7,995.2,0.0,7.4,4.6,236.7,SW,6.1,4.31,7.14
718508,2023-04-19,2023,NYM,2023-04-19 12:10:00,12,3,5,8,2,11,9,16,286,82.1,3,56,0.0536,0.125,70.6,21.5,24.3,997.0,0.0,16.4,10.2,252.8,W,10.48,5.54,14.16
718382,2023-04-28,2023,STL,2023-04-28 19:10:00,19,7,3,10,2,17,11,15,343,83.9,2,48,0.0417,0.1333,54.7,12.6,88.3,996.0,0.0,8.6,5.4,218.0,SW,8.32,7.03,8.61
718369,2023-04-29,2023,STL,2023-04-29 18:10:00,18,1,0,1,0,21,5,8,240,82.2,0,39,0.0,0.0,57.8,14.3,82.3,994.9,0.0,9.3,5.8,203.0,SW,9.33,8.74,8.8
718359,2023-04-30,2023,STL,2023-04-30 13:10:00,13,6,3,9,0,10,8,17,285,85.9,0,56,0.0,0.0,70.5,21.4,50.7,992.3,0.0,13.6,8.5,207.0,SW,13.56,12.38,13.11
718343,2023-05-01,2023,PHI,2023-05-01 19:10:00,19,13,4,17,5,19,11,24,328,83.4,5,55,0.0909,0.2083,55.5,13.0,73.3,990.8,0.0,8.6,5.3,175.6,S,7.64,8.5,5.85
718331,2023-05-02,2023,PHI,2023-05-02 19:10:00,19,13,1,14,2,24,7,19,307,83.0,3,46,0.0652,0.1053,53.1,11.7,76.0,993.6,0.0,10.6,6.6,253.6,W,6.68,3.45,9.11
718327,2023-05-03,2023,PHI,2023-05-03 13:10:00,13,10,6,16,2,14,7,21,306,83.7,3,59,0.0508,0.0952,63.9,17.7,39.0,991.8,0.0,17.6,11.0,211.7,SW,17.41,15.4,17.32
718201,2023-05-12,2023,SD,2023-05-12 19:10:00,19,4,2,6,2,13,5,14,250,85.0,3,50,0.06,0.1429,57.4,14.1,85.0,993.3,0.0,5.4,3.3,245.8,SW,3.91,2.41,4.93
718185,2023-05-13,2023,SD,2023-05-13 16:15:00,16,4,2,6,3,13,5,13,254,82.5,3,51,0.0588,0.2308,68.1,20.1,64.3,990.0,0.0,13.6,8.5,223.7,SW,12.68,10.24,13.6
718168,2023-05-14,2023,SD,2023-05-14 13:10:00,13,4,0,4,1,14,7,7,260,83.8,1,42,0.0238,0.1429,77.4,25.2,44.3,993.7,0.0,17.1,10.6,225.7,SW,15.75,12.5,17.11
718159,2023-05-15,2023,MIN,2023-05-15 19:10:00,19,9,8,17,5,26,11,24,427,82.7,9,68,0.1324,0.2083,57.7,14.3,88.0,998.1,0.0,8.7,5.4,255.3,W,5.28,2.58,7.34
718141,2023-05-16,2023,MIN,2023-05-16 19:10:00,19,1,5,6,1,21,6,19,321,83.5,2,50,0.04,0.0526,57.8,14.3,87.7,994.8,0.0,8.2,5.1,218.4,SW,7.92,6.67,8.21
718136,2023-05-17,2023,MIN,2023-05-17 12:10:00,12,7,3,10,3,19,6,17,299,80.7,6,50,0.12,0.1765,74.2,23.4,48.0,992.2,0.0,14.7,9.1,227.3,SW,13.34,10.42,14.65
717973,2023-05-29,2023,WSH,2023-05-29 18:10:00,18,6,1,7,1,9,5,12,259,83.3,2,53,0.0377,0.0833,62.0,16.7,74.0,995.0,0.0,11.6,7.2,239.6,SW,9.25,6.29,11.08
717957,2023-05-30,2023,WSH,2023-05-30 19:10:00,19,9,3,12,4,7,5,20,250,84.6,7,62,0.1129,0.2,58.8,14.9,75.0,994.3,0.0,9.1,5.6,243.3,SW,6.86,4.42,8.47
717954,2023-05-31,2023,WSH,2023-05-31 13:10:00,13,6,10,16,8,16,10,23,326,83.9,9,60,0.15,0.3478,66.3,19.1,58.7,992.9,0.1,14.6,9.1,213.0,SW,14.36,12.58,14.4
717917,2023-06-02,2023,NYY,2023-06-02 19:10:00,19,8,4,12,7,15,5,18,294,87.0,7,52,0.1346,0.3889,59.8,15.5,74.7,994.8,0.0,8.6,5.4,208.8,SW,8.58,7.74,8.39
717905,2023-06-03,2023,NYY,2023-06-03 16:15:00,16,3,6,9,4,20,5,13,277,82.9,5,46,0.1087,0.3077,66.9,19.4,64.0,992.4,0.0,14.8,9.2,234.3,SW,12.57,9.15,14.49
717888,2023-06-04,2023,NYY,2023-06-04 16:10:00,16,1,4,5,2,18,7,9,279,80.5,3,44,0.0682,0.2222,67.0,19.4,61.3,990.9,0.0,16.9,10.5,230.7,SW,14.87,11.25,16.7
717776,2023-06-13,2023,CWS,2023-06-13 19:10:00,19,5,1,6,2,20,4,11,286,80.8,2,44,0.0455,0.1818,59.4,15.2,82.0,995.1,0.0,10.0,6.2,253.0,W,6.34,3.33,8.59
717760,2023-06-14,2023,CWS,2023-06-14 19:10:00,19,4,8,12,3,17,9,20,306,83.3,3,57,0.0526,0.15,60.7,16.0,77.0,993.1,0.0,7.7,4.8,252.0,W,5.0,2.7,6.7
717748,2023-06-15,2023,CWS,2023-06-15 19:10:00,19,5,4,9,5,32,11,17,369,81.6,6,47,0.1277,0.2941,61.6,16.5,81.3,993.3,0.0,8.9,5.5,242.7,SW,6.8,4.43,8.35
717731,2023-06-16,2023,SF,2023-06-16 19:10:00,19,5,7,12,1,19,10,18,380,80.4,4,63,0.0635,0.0556,61.2,16.2,83.3,995.0,0.0,7.4,4.6,219.5,SW,7.11,5.94,7.42
717721,2023-06-17,2023,SF,2023-06-17 18:10:00,18,0,15,15,2,16,6,22,279,84.0,6,58,0.1034,0.0909,65.3,18.5,77.0,993.4,0.0,10.9,6.8,205.0,SW,10.89,10.07,10.39
717702,2023-06-18,2023,SF,2023-06-18 13:10:00,13,3,7,10,0,19,6,17,279,84.4,1,52,0.0192,0.0,74.9,23.8,49.3,992.7,0.0,17.2,10.7,221.3,SW,16.31,13.42,17.23
717643,2023-06-23,2023,HOU,2023-06-23 19:10:00,19,3,2,5,3,13,5,12,243,83.4,3,47,0.0638,0.25,63.6,17.6,64.3,996.1,0.0,7.3,4.5,237.7,SW,5.94,4.15,7.01
717626,2023-06-24,2023,HOU,2023-06-24 16:15:00,16,8,7,15,4,17,11,18,305,81.9,5,48,0.1042,0.2222,69.9,21.1,49.3,996.4,0.0,14.1,8.8,240.3,SW,11.14,7.51,13.42
717615,2023-06-25,2023,HOU,2023-06-25 16:10:00,16,5,6,11,4,19,4,16,311,81.3,4,59,0.0678,0.25,71.5,21.9,44.7,995.1,0.0,13.7,8.5,234.0,SW,11.65,8.51,13.39
717506,2023-07-03,2023,PIT,2023-07-03 19:10:00,19,5,2,7,1,18,5,16,301,80.7,2,47,0.0426,0.0625,63.2,17.3,77.3,992.0,0.0,8.5,5.3,191.8,S,8.32,8.36,7.28
717492,2023-07-04,2023,PIT,2023-07-04 18:10:00,18,7,9,16,5,22,10,23,349,86.9,6,56,0.1071,0.2174,65.3,18.5,63.7,993.3,0.0,9.2,5.7,217.3,SW,8.86,7.52,9.13
717479,2023-07-05,2023,PIT,2023-07-05 19:10:00,19,6,4,10,4,19,11,15,329,84.2,5,45,0.1111,0.2667,62.5,16.9,76.3,993.4,0.0,7.5,4.7,207.1,SW,7.51,6.85,7.26
717462,2023-07-06,2023,PIT,2023-07-06 19:10:00,19,5,2,7,2,21,3,11,246,80.8,3,40,0.075,0.1818,62.9,17.2,73.7,991.8,0.0,7.6,4.7,206.8,SW,7.58,6.93,7.32
717456,2023-07-07,2023,LAA,2023-07-07 19:10:00,19,11,4,15,7,13,7,19,261,85.0,8,56,0.1429,0.3684,62.1,16.7,75.3,990.1,0.0,8.0,5.0,202.7,SW,8.0,7.51,7.53
717437,2023-07-08,2023,LAA,2023-07-08 18:10:00,18,10,5,15,6,16,7,19,290,82.2,6,54,0.1111,0.3158,64.4,18.0,70.0,990.4,0.0,12.7,7.9,228.0,SW,11.43,8.88,12.61
717271,2023-07-24,2023,TOR,2023-07-24 19:10:00,19,3,6,9,3,23,10,20,378,82.7,6,60,0.1,0.15,71.5,21.9,74.3,994.8,0.0,7.6,4.7,188.3,S,7.37,7.56,6.28
717256,2023-07-25,2023,TOR,2023-07-25 19:10:00,19,8,7,15,3,21,12,24,364,82.1,6,58,0.1034,0.125,74.4,23.5,63.7,993.7,0.0,8.2,5.1,192.0,S,8.06,8.09,7.07
717253,2023-07-26,2023,TOR,2023-07-26 13:10:00,13,1,8,9,2,19,8,19,327,81.4,3,50,0.06,0.1053,94.8,34.9,25.0,993.2,0.0,19.6,12.2,229.7,SW,17.44,13.33,19.45
717225,2023-07-28,2023,CIN,2023-07-28 19:10:00,19,5,6,11,2,14,9,20,304,85.2,1,54,0.0185,0.1,71.7,22.0,75.3,993.6,0.0,7.8,4.9,199.6,S,7.82,7.49,7.22
717205,2023-07-29,2023,CIN,2023-07-29 18:10:00,18,3,2,5,2,14,5,8,272,82.5,2,47,0.0426,0.25,72.7,22.6,77.0,992.3,0.0,8.4,5.2,223.3,SW,7.85,6.36,8.4
717194,2023-07-30,2023,CIN,2023-07-30 13:10:00,13,0,9,9,3,19,1,20,252,81.9,4,52,0.0769,0.15,89.4,31.9,43.0,992.6,0.0,13.6,8.5,205.4,SW,13.58,12.53,13.0
717171,2023-08-01,2023,ATH,2023-08-01 19:10:00,19,7,3,10,4,18,12,13,320,84.0,5,46,0.1087,0.3077,71.6,22.0,71.7,995.7,0.0,7.8,4.8,184.9,S,7.4,7.76,6.16
717154,2023-08-02,2023,ATH,2023-08-02 19:10:00,19,10,1,11,5,12,9,19,290,82.6,6,53,0.1132,0.2632,68.9,20.5,72.0,995.0,0.0,8.2,5.1,199.3,S,8.19,7.85,7.54
717137,2023-08-03,2023,ATH,2023-08-03 19:10:00,19,8,2,10,3,15,6,19,260,81.6,5,52,0.0962,0.1579,69.0,20.5,70.7,994.4,0.0,8.6,5.3,185.6,S,8.2,8.55,6.85
717045,2023-08-10,2023,COL,2023-08-10 19:10:00,19,2,1,3,2,12,5,9,246,81.5,1,44,0.0227,0.2222,67.2,19.6,82.7,994.6,0.0,9.0,5.6,230.0,SW,7.98,6.08,8.92
717032,2023-08-11,2023,COL,2023-08-11 19:10:00,19,6,1,7,0,19,5,17,300,80.7,4,45,0.0889,0.0,66.9,19.4,83.3,994.8,0.0,7.2,4.5,228.5,SW,6.47,5.0,7.16
717017,2023-08-12,2023,COL,2023-08-12 18:10:00,18,4,1,5,4,16,1,11,236,82.3,7,45,0.1556,0.3636,70.3,21.3,72.0,994.6,0.0,9.2,5.7,226.0,SW,8.44,6.67,9.18
717007,2023-08-13,2023,COL,2023-08-13 13:10:00,13,8,3,11,2,17,5,15,292,82.1,3,47,0.0638,0.1333,80.9,27.2,50.7,994.2,0.0,20.4,12.7,225.3,SW,18.77,14.93,20.34
716979,2023-08-15,2023,MIL,2023-08-15 19:10:00,19,6,2,8,1,14,1,12,242,82.5,3,51,0.0588,0.0833,70.4,21.3,73.7,993.9,0.0,8.4,5.2,149.3,SE,5.03,7.03,2.43
716962,2023-08-16,2023,MIL,2023-08-16 19:10:00,19,7,1,8,3,13,7,13,257,82.4,3,48,0.0625,0.2308,71.7,22.0,68.3,991.2,0.0,7.8,4.8,146.3,SE,4.32,6.27,1.86
716961,2023-08-17,2023,MIL,2023-08-17 19:10:00,19,1,0,1,1,15,4,9,237,83.9,0,43,0.0,0.1111,68.2,20.1,75.7,990.7,0.0,9.0,5.6,160.2,S,6.68,8.36,4.2
716946,2023-08-18,2023,MIA,2023-08-18 19:10:00,19,3,11,14,8,17,10,19,327,84.5,9,55,0.1636,0.4211,67.6,19.8,73.7,990.3,0.0,9.4,5.8,179.8,S,8.67,9.39,6.91
716909,2023-08-19,2023,MIA,2023-08-19 12:00:00,12,3,1,4,0,17,3,11,252,81.0,2,44,0.0455,0.0,78.4,25.8,50.3,990.9,0.0,15.8,9.8,219.0,SW,15.18,12.73,15.8
716926,2023-08-19,2023,MIA,2023-08-19 18:10:00,18,3,1,4,3,14,0,13,235,85.0,4,49,0.0816,0.2308,73.8,23.2,63.0,989.3,2.2,7.8,4.8,323.3,NW,-4.0,-6.05,-1.46
716805,2023-08-28,2023,AZ,2023-08-28 19:10:00,19,7,4,11,5,10,7,19,260,85.0,6,58,0.1034,0.2632,70.3,21.3,77.3,990.5,0.0,6.0,3.7,139.1,SE,2.67,4.33,0.69
716792,2023-08-29,2023,AZ,2023-08-29 19:10:00,19,9,1,10,3,12,8,22,273,84.5,4,55,0.0727,0.1364,72.3,22.4,77.0,989.4,0.0,3.0,1.8,136.4,SE,1.2,2.06,0.2
716774,2023-08-30,2023,AZ,2023-08-30 19:10:00,19,7,0,7,2,14,5,17,303,81.2,2,54,0.037,0.1176,72.9,22.7,79.0,990.0,0.0,7.6,4.7,163.3,S,5.87,7.15,3.88
716768,2023-08-31,2023,ATL,2023-08-31 19:10:00,19,7,8,15,7,17,8,18,316,82.6,7,55,0.1273,0.3889,69.7,21.0,78.3,990.1,0.0,8.9,5.5,158.0,S,6.33,8.07,3.82
716757,2023-09-01,2023,ATL,2023-09-01 19:10:00,19,3,6,9,4,20,6,20,311,78.2,5,50,0.1,0.2,68.5,20.3,82.7,993.8,0.7,12.3,7.6,135.3,SE,4.77,8.36,0.61
716741,2023-09-02,2023,ATL,2023-09-02 18:10:00,18,2,4,6,2,20,10,11,304,83.2,2,48,0.0417,0.1818,70.5,21.4,85.3,996.2,1.3,10.9,6.8,252.8,W,6.99,3.69,9.44
716725,2023-09-03,2023,ATL,2023-09-03 13:10:00,13,3,1,4,1,11,6,16,280,83.4,3,51,0.0588,0.0625,76.6,24.8,56.0,995.7,0.0,17.3,10.7,228.7,SW,15.53,11.98,17.2
716622,2023-09-11,2023,SD,2023-09-11 19:10:00,19,8,11,19,6,13,6,22,335,82.9,4,64,0.0625,0.2727,73.7,23.2,57.0,993.6,0.0,5.8,3.6,220.7,SW,5.54,4.58,5.83
716608,2023-09-12,2023,SD,2023-09-12 19:10:00,19,11,2,13,3,14,8,16,302,80.7,4,52,0.0769,0.1875,67.7,19.8,76.7,993.6,0.0,6.3,3.9,179.0,S,5.78,6.29,4.57
716589,2023-09-13,2023,SD,2023-09-13 19:10:00,19,1,6,7,3,25,3,11,285,81.7,1,39,0.0256,0.2727,66.0,18.9,82.0,993.5,0.0,5.1,3.2,207.8,SW,5.08,4.61,4.93
716528,2023-09-18,2023,DET,2023-09-18 19:10:00,19,8,3,11,4,20,5,15,306,82.1,5,45,0.1111,0.2667,65.4,18.6,73.7,994.5,0.0,4.0,2.5,259.4,W,2.19,0.91,3.2
716510,2023-09-19,2023,DET,2023-09-19 19:10:00,19,3,2,5,3,12,4,17,277,82.2,1,57,0.0175,0.1765,65.2,18.4,82.7,992.6,0.0,5.9,3.7,215.4,SW,5.75,4.95,5.85
716494,2023-09-20,2023,DET,2023-09-20 19:10:00,19,2,4,6,1,17,4,10,285,82.0,2,48,0.0417,0.1,64.1,17.8,76.3,992.4,0.0,4.9,3.1,254.6,W,3.03,1.51,4.18
716484,2023-09-21,2023,SF,2023-09-21 19:10:00,19,7,2,9,2,20,6,12,293,82.0,2,43,0.0465,0.1667,63.6,17.5,75.3,994.7,0.0,7.6,4.7,270.5,W,2.84,0.27,5.07
716474,2023-09-22,2023,SF,2023-09-22 19:10:00,19,1,5,6,3,15,5,13,299,78.5,2,50,0.04,0.2308,65.2,18.4,76.0,995.2,0.0,6.9,4.3,278.0,W,1.74,-0.66,3.93
716456,2023-09-23,2023,SF,2023-09-23 18:10:00,18,7,0,7,1,20,8,12,291,86.5,5,43,0.1163,0.0833,66.2,19.0,65.0,995.0,0.0,9.6,6.0,236.0,SW,8.01,5.71,9.33
716439,2023-09-24,2023,SF,2023-09-24 16:10:00,16,3,2,5,2,18,6,14,297,83.3,3,51,0.0588,0.1429,71.1,21.7,63.3,994.9,0.0,14.6,9.1,239.3,SW,11.71,8.01,14.01
746175,2024-03-21,2024,SD,2024-03-21 03:05:00,3,11,15,26,2,17,12,34,386,86.0,6,71,0.0845,0.0588,50.7,10.4,89.3,997.8,0.0,6.3,3.9,53.2,NE,-5.39,-3.97,-6.16
746165,2024-03-28,2024,STL,2024-03-28 13:10:00,13,7,1,8,3,16,5,13,259,82.3,4,47,0.0851,0.2308,65.8,18.8,54.3,996.2,0.0,15.2,9.5,235.7,SW,12.75,9.13,14.83
746167,2024-03-29,2024,STL,2024-03-29 19:10:00,19,6,3,9,4,23,4,13,265,80.1,2,40,0.05,0.3077,53.7,12.1,68.3,991.3,0.1,15.7,9.7,128.6,SE,4.34,9.23,-1.07
746168,2024-03-30,2024,STL,2024-03-30 18:10:00,18,5,6,11,1,24,6,21,354,86.3,4,56,0.0714,0.0476,49.4,9.7,85.7,987.6,1.0,9.2,5.7,96.6,E,-2.54,0.65,-5.42
746166,2024-03-31,2024,STL,2024-03-31 16:10:00,16,5,4,9,2,19,7,16,298,81.4,3,46,0.0652,0.125,54.7,12.6,75.7,988.2,0.7,12.4,7.7,111.9,E,-0.13,4.11,-4.35
746170,2024-04-01,2024,SF,2024-04-01 19:10:00,19,8,3,11,2,18,8,17,317,81.8,2,49,0.0408,0.1176,52.9,11.6,81.7,998.8,0.0,5.3,3.3,263.0,W,2.59,0.87,4.01
746169,2024-04-02,2024,SF,2024-04-02 19:10:00,19,5,4,9,2,18,8,18,320,81.4,3,49,0.0612,0.1111,58.5,14.7,79.3,1003.9,0.0,3.9,2.4,117.2,SE,0.32,1.64,-1.04
746163,2024-04-03,2024,SF,2024-04-03 19:10:00,19,5,4,9,4,18,5,14,274,82.8,4,44,0.0909,0.2857,54.1,12.3,94.3,996.1,0.0,6.7,4.2,149.6,SE,4.07,5.66,1.98
746162,2024-04-12,2024,SD,2024-04-12 19:10:00,19,7,8,15,8,19,7,17,367,83.6,9,65,0.1385,0.4706,56.4,13.5,69.3,995.8,0.0,13.2,8.2,144.3,SE,6.98,10.4,2.71
746161,2024-04-13,2024,SD,2024-04-13 18:10:00,18,5,2,7,0,15,5,15,270,79.3,3,51,0.0588,0.0,50.6,10.3,75.3,997.5,2.7,10.9,6.8,295.8,NW,-0.62,-4.3,3.13
746164,2024-04-14,2024,SD,2024-04-14 16:10:00,16,3,6,9,2,6,17,14,301,83.1,2,55,0.0364,0.1429,54.4,12.4,79.7,999.0,0.2,7.0,4.4,269.1,W,2.8,0.42,4.84
746158,2024-04-15,2024,WSH,2024-04-15 19:10:00,19,4,6,10,2,16,2,17,292,82.2,5,55,0.0909,0.1176,53.5,11.9,84.0,997.5,0.0,4.2,2.6,148.0,SE,2.46,3.49,1.13
746157,2024-04-16,2024,WSH,2024-04-16 19:10:00,19,6,2,8,2,13,6,19,267,80.4,3,53,0.0566,0.1053,58.8,14.9,81.0,995.9,0.0,6.6,4.1,148.4,SE,3.85,5.44,1.8
746159,2024-04-17,2024,WSH,2024-04-17 12:10:00,12,0,2,2,1,20,6,9,259,85.0,0,40,0.0,0.1111,76.4,24.7,35.0,995.9,0.0,11.9,7.4,202.3,S,11.9,11.19,11.17
746160,2024-04-19,2024,NYM,2024-04-19 19:10:00,19,4,9,13,2,22,7,20,337,83.1,6,54,0.1111,0.1,55.8,13.2,80.7,995.0,0.0,7.4,4.6,208.9,SW,7.32,6.6,7.16
746156,2024-04-20,2024,NYM,2024-04-20 13:05:00,13,4,6,10,1,18,17,14,339,84.9,3,49,0.0612,0.0714,72.0,22.2,45.7,995.7,0.0,13.3,8.3,235.7,SW,11.13,7.97,12.95
746154,2024-04-21,2024,NYM,2024-04-21 13:10:00,13,10,0,10,2,15,7,16,270,84.2,4,49,0.0816,0.125,75.0,23.9,44.7,993.6,0.0,18.4,11.4,230.3,SW,16.27,12.35,18.23
746152,2024-05-03,2024,ATL,2024-05-03 19:10:00,19,4,3,7,3,16,6,15,342,83.2,4,59,0.0678,0.2,59.1,15.0,81.7,991.6,0.0,6.9,4.3,205.7,SW,6.86,6.31,6.57
746155,2024-05-04,2024,ATL,2024-05-04 18:10:00,18,11,2,13,5,19,7,22,284,84.7,9,53,0.1698,0.2273,57.1,14.0,76.7,992.8,0.0,10.7,6.7,241.0,SW,8.4,5.61,10.18
746153,2024-05-05,2024,ATL,2024-05-05 13:10:00,13,5,1,6,4,15,5,10,236,83.1,5,44,0.1136,0.4,69.1,20.6,19.0,992.8,0.0,20.4,12.7,304.2,NW,-4.14,-10.73,2.96
746149,2024-05-06,2024,MIA,2024-05-06 19:10:00,19,6,3,9,5,14,5,16,269,83.7,5,51,0.098,0.3125,58.0,14.5,63.7,994.9,0.0,5.3,3.3,199.4,S,5.29,5.07,4.88
746147,2024-05-07,2024,MIA,2024-05-07 19:10:00,19,8,2,10,4,15,5,11,256,81.9,5,46,0.1087,0.3636,60.1,15.6,71.0,991.5,0.0,6.4,4.0,183.9,S,6.07,6.4,5.0
746151,2024-05-08,2024,MIA,2024-05-08 12:10:00,12,3,1,4,2,9,1,12,234,81.0,3,51,0.0588,0.1667,74.9,23.8,39.3,990.5,0.0,15.9,9.9,224.3,SW,14.79,11.87,15.93
746150,2024-05-16,2024,CIN,2024-05-16 19:10:00,19,2,7,9,1,22,6,15,328,80.5,2,46,0.0435,0.0667,55.3,13.0,83.7,994.2,0.0,4.6,2.9,179.6,S,4.24,4.59,3.37
746148,2024-05-17,2024,CIN,2024-05-17 19:10:00,19,7,3,10,5,6,4,17,272,83.2,2,58,0.0345,0.2941,56.8,13.8,86.3,994.3,0.0,5.7,3.5,219.2,SW,5.43,4.54,5.66
746142,2024-05-18,2024,CIN,2024-05-18 18:10:00,18,4,0,4,0,19,3,9,257,78.9,0,41,0.0,0.0,59.7,15.4,72.7,996.0,0.0,13.0,8.1,236.0,SW,10.87,7.75,12.67
746144,2024-05-19,2024,CIN,2024-05-19 13:10:00,13,3,2,5,1,21,7,13,310,78.8,1,49,0.0204,0.0769,68.3,20.2,47.3,996.9,0.0,18.0,11.2,226.7,SW,16.42,12.91,17.95
746146,2024-05-20,2024,AZ,2024-05-20 19:10:00,19,6,4,10,5,12,3,18,273,83.4,6,56,0.1071,0.2778,55.6,13.1,79.3,994.3,0.0,7.8,4.9,179.8,S,7.22,7.82,5.75
746145,2024-05-21,2024,AZ,2024-05-21 19:10:00,19,3,7,10,2,17,3,18,269,83.7,4,54,0.0741,0.1111,57.7,14.3,76.7,994.3,0.0,9.2,5.7,214.0,SW,9.02,7.84,9.1
746143,2024-05-22,2024,AZ,2024-05-22 19:10:00,19,0,6,6,2,17,5,15,282,82.9,4,52,0.0769,0.1333,57.7,14.3,79.3,994.5,0.0,6.8,4.2,223.0,SW,6.4,5.19,6.83
746140,2024-05-31,2024,COL,2024-05-31 19:10:00,19,1,4,5,1,13,8,12,259,86.1,2,49,0.0408,0.0833,58.9,14.9,82.0,993.3,0.0,6.7,4.2,208.6,SW,6.66,6.02,6.5
746138,2024-06-01,2024,COL,2024-06-01 19:10:00,19,4,1,5,0,17,5,20,303,82.0,1,51,0.0196,0.0,57.0,13.9,82.7,993.2,0.0,5.1,3.2,205.8,SW,5.09,4.68,4.89
746141,2024-06-02,2024,COL,2024-06-02 13:10:00,13,4,0,4,2,16,10,13,300,79.8,1,45,0.0222,0.1538,72.4,22.5,48.3,993.0,0.0,14.1,8.8,190.3,S,13.82,14.0,11.96
746139,2024-06-11,2024,TEX,2024-06-11 19:10:00,19,15,2,17,6,8,10,19,330,82.8,5,60,0.0833,0.3158,60.4,15.8,80.7,993.1,0.0,5.5,3.4,201.6,S,5.47,5.16,5.11
746137,2024-06-12,2024,TEX,2024-06-12 19:10:00,19,2,3,5,2,12,6,15,308,83.2,5,54,0.0926,0.1333,62.1,16.7,77.7,993.6,0.0,10.7,6.7,244.0,SW,8.04,5.12,9.99
746136,2024-06-13,2024,TEX,2024-06-13 19:10:00,19,1,3,4,1,16,8,12,281,82.4,1,45,0.0222,0.0833,60.6,15.9,84.0,995.1,0.0,7.1,4.4,193.6,S,6.98,6.93,6.19
746134,2024-06-14,2024,KC,2024-06-14 19:10:00,19,4,3,7,3,10,3,13,239,85.5,3,51,0.0588,0.2308,65.5,18.6,68.7,991.8,0.0,5.3,3.3,200.4,S,5.33,5.08,4.94
746135,2024-06-15,2024,KC,2024-06-15 18:10:00,18,2,7,9,1,15,9,13,304,82.8,1,50,0.02,0.0769,71.3,21.8,47.3,988.3,0.0,11.1,6.9,169.0,S,9.28,10.83,6.62
746130,2024-06-16,2024,KC,2024-06-16 13:10:00,13,3,0,3,3,17,4,8,232,81.8,4,40,0.1,0.375,82.0,27.8,34.0,986.9,0.0,18.6,11.6,227.0,SW,16.96,13.29,18.58
746131,2024-06-21,2024,LAA,2024-06-21 19:10:00,19,2,3,5,1,16,4,9,276,81.5,1,51,0.0196,0.1111,67.5,19.7,61.7,987.9,0.0,7.0,4.3,198.6,S,6.98,6.73,6.4
746132,2024-06-22,2024,LAA,2024-06-22 19:10:00,19,7,2,9,3,19,4,12,248,81.0,7,44,0.1591,0.25,69.8,21.0,66.7,991.5,0.0,7.9,4.9,224.7,SW,7.32,5.86,7.89
746133,2024-07-02,2024,AZ,2024-07-02 19:10:00,19,6,5,11,3,16,6,22,303,81.5,5,59,0.0847,0.1364,66.1,19.0,79.0,989.9,0.0,8.0,5.0,217.8,SW,7.72,6.53,7.97
746128,2024-07-03,2024,AZ,2024-07-03 19:10:00,19,4,12,16,6,13,13,22,371,82.5,8,60,0.1333,0.2727,64.5,18.0,83.0,992.6,0.0,10.2,6.4,194.3,S,10.13,10.02,9.02
746126,2024-07-04,2024,AZ,2024-07-04 18:10:00,18,3,9,12,3,21,8,18,326,82.9,6,51,0.1176,0.1667,70.5,21.4,63.0,992.9,0.0,9.8,6.1,205.3,SW,9.79,9.03,9.36
746127,2024-07-05,2024,MIL,2024-07-05 19:10:00,19,8,5,13,5,21,8,14,294,82.3,4,44,0.0909,0.3571,74.5,23.6,59.7,988.7,0.0,10.5,6.5,174.4,S,9.23,10.36,6.99
746129,2024-07-06,2024,MIL,2024-07-06 16:15:00,16,5,3,8,5,13,7,14,318,83.7,5,54,0.0926,0.3571,82.6,28.1,48.0,991.1,0.0,13.1,8.1,184.0,S,12.39,13.06,10.23
746122,2024-07-07,2024,MIL,2024-07-07 13:10:00,13,2,9,11,4,18,11,19,341,84.0,6,52,0.1154,0.2105,86.0,30.0,40.0,993.0,0.0,15.5,9.7,201.7,S,15.53,14.67,14.52
746123,2024-07-19,2024,BOS,2024-07-19 19:10:00,19,4,1,5,2,19,4,13,284,78.9,3,43,0.0698,0.1538,69.7,20.9,73.0,993.9,0.0,8.2,5.1,210.0,SW,8.1,7.24,7.97
746121,2024-07-20,2024,BOS,2024-07-20 16:15:00,16,7,6,13,4,24,11,22,375,84.1,10,57,0.1754,0.1818,84.7,29.3,35.0,991.7,0.0,16.3,10.1,231.3,SW,14.25,10.71,16.07
746125,2024-07-21,2024,BOS,2024-07-21 16:10:00,16,9,6,15,7,19,7,19,295,86.2,7,51,0.1373,0.3684,81.9,27.7,41.0,991.2,0.0,15.2,9.4,220.0,SW,14.46,12.03,15.15
746124,2024-07-22,2024,SF,2024-07-22 19:10:00,19,3,2,5,2,16,8,11,262,82.5,2,44,0.0455,0.1818,70.4,21.3,65.0,991.1,0.0,7.1,4.4,201.0,S,7.1,6.73,6.61
746118,2024-07-23,2024,SF,2024-07-23 19:10:00,19,5,2,7,1,21,12,14,351,82.6,3,42,0.0714,0.0714,71.2,21.8,69.7,994.6,0.0,8.8,5.4,212.6,SW,8.63,7.59,8.64
746119,2024-07-24,2024,SF,2024-07-24 19:10:00,19,3,8,11,1,20,11,14,331,80.5,1,45,0.0222,0.0714,72.0,22.2,58.7,996.4,0.0,8.2,5.1,180.9,S,7.6,8.16,6.11
746117,2024-07-25,2024,SF,2024-07-25 13:10:00,13,6,4,10,2,23,7,25,311,86.1,4,50,0.08,0.08,92.8,33.8,29.3,994.9,0.0,20.9,13.0,225.0,SW,19.31,15.41,20.88
746116,2024-08-05,2024,PHI,2024-08-05 19:10:00,19,5,3,8,2,17,1,17,252,86.0,5,49,0.102,0.1176,71.4,21.9,63.7,991.8,0.0,8.6,5.4,171.0,S,7.36,8.46,5.37
746120,2024-08-06,2024,PHI,2024-08-06 19:10:00,19,2,6,8,3,12,3,21,306,83.7,3,61,0.0492,0.1429,73.9,23.3,62.7,994.4,0.0,9.8,6.1,172.1,S,8.48,9.67,6.27
746115,2024-08-07,2024,PHI,2024-08-07 19:10:00,19,4,9,13,3,8,5,18,299,81.1,5,62,0.0806,0.1667,71.2,21.8,68.7,994.5,0.0,5.0,3.1,172.6,S,4.31,4.89,3.2
746113,2024-08-09,2024,PIT,2024-08-09 19:10:00,19,9,5,14,5,24,6,19,330,82.8,6,46,0.1304,0.2632,68.0,20.0,75.3,991.6,0.0,7.6,4.7,192.7,S,7.52,7.51,6.62
746112,2024-08-10,2024,PIT,2024-08-10 18:10:00,18,4,1,5,2,21,3,17,260,83.5,3,46,0.0652,0.1176,74.5,23.6,57.7,992.3,0.0,9.0,5.6,193.3,S,8.89,8.84,7.86
746114,2024-08-11,2024,PIT,2024-08-11 13:10:00,13,6,5,11,2,13,8,22,346,84.0,5,65,0.0769,0.0909,90.3,32.4,33.7,993.6,0.0,17.2,10.7,194.3,S,17.03,16.83,15.16
746109,2024-08-19,2024,SEA,2024-08-19 19:10:00,19,3,0,3,2,18,7,6,248,82.3,2,38,0.0526,0.3333,72.7,22.6,62.0,993.7,0.0,5.7,3.5,163.8,S,4.45,5.4,2.96
746107,2024-08-20,2024,SEA,2024-08-20 19:10:00,19,6,3,9,3,14,8,18,336,83.3,5,52,0.0962,0.1667,74.0,23.3,61.3,993.1,0.0,6.8,4.2,180.1,S,6.26,6.76,5.0
746110,2024-08-21,2024,SEA,2024-08-21 19:10:00,19,8,4,12,1,19,4,19,300,82.4,3,54,0.0556,0.0526,71.7,22.0,65.0,993.4,0.0,6.8,4.2,169.7,S,5.74,6.66,4.13
746111,2024-08-23,2024,TB,2024-08-23 19:10:00,19,7,3,10,4,17,3,17,260,83.2,2,50,0.04,0.2353,67.0,19.5,64.0,994.7,0.0,8.4,5.2,191.3,S,8.24,8.3,7.19
746108,2024-08-24,2024,TB,2024-08-24 18:10:00,18,8,9,17,5,15,5,23,330,85.7,5,65,0.0769,0.2174,69.7,21.0,59.3,995.6,0.0,9.9,6.1,219.7,SW,9.42,7.86,9.86
746106,2024-08-25,2024,TB,2024-08-25 13:10:00,13,3,1,4,3,20,6,10,231,83.7,4,40,0.1,0.3,83.4,28.5,34.0,996.6,0.0,23.0,14.3,238.3,SW,18.65,12.92,22.13
746105,2024-08-27,2024,BAL,2024-08-27 19:10:00,19,2,3,5,2,16,8,14,293,83.2,5,50,0.1,0.1429,66.8,19.3,78.0,994.3,0.0,8.3,5.1,219.3,SW,7.91,6.62,8.25
746103,2024-08-28,2024,BAL,2024-08-28 19:10:00,19,6,4,10,2,16,1,12,271,84.8,3,51,0.0588,0.1667,64.4,18.0,81.7,994.3,0.0,8.5,5.3,234.7,SW,7.22,5.23,8.34
746102,2024-08-29,2024,BAL,2024-08-29 19:10:00,19,6,3,9,1,15,9,18,312,83.4,2,52,0.0385,0.0556,63.9,17.7,83.7,995.4,0.0,7.3,4.5,219.7,SW,6.94,5.79,7.26
746104,2024-09-06,2024,CLE,2024-09-06 19:10:00,19,1,3,4,3,18,4,11,267,83.4,4,45,0.0889,0.2727,83.0,28.3,40.0,989.6,0.0,12.1,7.5,144.7,SE,6.42,9.53,2.54
746099,2024-09-07,2024,CLE,2024-09-07 18:10:00,18,7,2,9,3,15,6,15,289,83.5,2,50,0.04,0.2,83.9,28.8,37.3,988.0,0.0,6.0,3.7,162.1,S,4.59,5.65,2.98
746098,2024-09-08,2024,CLE,2024-09-08 13:10:00,13,4,0,4,2,17,4,15,267,80.3,3,46,0.0652,0.1333,104.4,40.2,16.0,988.4,0.0,18.6,11.6,230.0,SW,16.5,12.56,18.44
746101,2024-09-09,2024,CHC,2024-09-09 19:10:00,19,4,10,14,3,14,6,26,322,83.3,1,63,0.0159,0.1154,90.3,32.4,21.0,989.5,0.0,12.7,7.9,268.4,W,5.19,0.92,8.84
746097,2024-09-10,2024,CHC,2024-09-10 19:10:00,19,3,6,9,3,14,3,18,273,85.7,3,58,0.0517,0.1667,67.8,19.9,73.0,989.3,0.0,8.7,5.4,201.0,S,8.66,8.22,8.06
746100,2024-09-11,2024,CHC,2024-09-11 19:10:00,19,10,8,18,7,11,16,18,335,82.9,6,57,0.1053,0.3889,67.0,19.5,69.3,987.5,0.0,9.8,6.1,148.4,SE,5.73,8.09,2.68
746094,2024-09-20,2024,COL,2024-09-20 19:10:00,19,6,4,10,6,17,3,14,265,82.6,8,48,0.1667,0.4286,63.0,17.2,79.3,992.6,0.0,7.6,4.7,181.8,S,7.11,7.6,5.76
746096,2024-09-21,2024,COL,2024-09-21 18:10:00,18,3,6,9,3,23,9,15,320,79.4,1,45,0.0222,0.2,63.9,17.7,78.3,993.0,0.0,7.6,4.7,243.0,SW,5.75,3.73,7.09
746092,2024-09-22,2024,COL,2024-09-22 13:10:00,13,6,5,11,4,22,11,20,332,83.6,3,45,0.0667,0.2,78.7,26.0,48.7,991.6,0.0,18.4,11.4,237.7,SW,15.01,10.49,17.73
746093,2024-09-24,2024,SD,2024-09-24 19:10:00,19,2,4,6,1,12,4,17,285,82.9,3,55,0.0545,0.0588,62.1,16.7,89.7,990.6,0.0,7.2,4.5,198.6,S,7.22,6.95,6.61
746095,2024-09-25,2024,SD,2024-09-25 19:10:00,19,4,3,7,1,14,12,12,299,82.6,4,45,0.0889,0.0833,61.6,16.5,87.7,990.4,0.0,5.8,3.6,151.9,SE,3.71,5.02,1.94
746088,2024-09-26,2024,SD,2024-09-26 19:10:00,19,7,2,9,2,9,5,19,268,86.0,3,60,0.05,0.1053,61.9,16.6,86.7,991.6,0.0,5.1,3.2,177.6,S,4.66,5.11,3.64
778546,2025-03-27,2025,DET,2025-03-27 16:10:00,16,5,4,9,4,15,7,16,295,81.4,6,52,0.1154,0.25,60.5,15.8,72.7,996.1,0.0,10.7,6.7,245.0,SW,7.91,4.96,9.92
778533,2025-03-29,2025,DET,2025-03-29 18:10:00,18,7,3,10,3,22,7,13,300,79.9,3,41,0.0732,0.2308,57.5,14.2,69.0,995.7,0.0,6.9,4.3,238.3,SW,5.59,3.88,6.64
778500,2025-03-31,2025,ATL,2025-03-31 19:10:00,19,6,1,7,3,21,10,13,310,84.7,7,42,0.1667,0.2308,55.5,13.0,91.0,996.7,0.0,5.2,3.2,219.3,SW,4.98,4.16,5.19
778487,2025-04-01,2025,ATL,2025-04-01 19:10:00,19,3,1,4,1,17,4,8,288,82.0,1,41,0.0244,0.125,55.1,12.8,62.7,991.0,0.0,9.2,5.7,250.0,W,6.22,3.52,8.16
778472,2025-04-02,2025,ATL,2025-04-02 17:38:00,17,6,5,11,3,16,9,17,290,82.3,5,52,0.0962,0.1765,58.9,14.9,49.0,989.4,0.0,12.8,8.0,236.6,SW,10.59,7.5,12.41
778356,2025-04-11,2025,CHC,2025-04-11 19:10:00,19,3,0,3,1,20,4,8,285,80.5,1,38,0.0263,0.125,64.9,18.3,61.7,994.4,0.0,4.2,2.6,188.0,S,4.1,4.21,3.49
778345,2025-04-12,2025,CHC,2025-04-12 18:10:00,18,0,16,16,4,11,4,27,307,82.8,7,69,0.1014,0.1481,61.1,16.2,73.0,993.5,0.0,6.9,4.3,215.0,SW,6.74,5.82,6.84
778331,2025-04-13,2025,CHC,2025-04-13 16:10:00,16,2,4,6,3,23,5,15,300,81.1,3,45,0.0667,0.2,66.6,19.2,54.3,993.5,0.0,10.1,6.3,225.7,SW,9.29,7.37,10.08
778326,2025-04-14,2025,COL,2025-04-14 19:10:00,19,5,3,8,3,12,7,18,317,84.4,6,55,0.1091,0.1667,56.2,13.4,69.7,996.3,0.0,5.2,3.3,246.7,SW,3.75,2.28,4.77
778302,2025-04-15,2025,COL,2025-04-15 19:10:00,19,6,2,8,1,15,13,15,321,84.1,1,48,0.0208,0.0667,55.8,13.2,61.3,995.6,0.0,6.5,4.1,252.7,W,4.19,2.22,5.65
778287,2025-04-16,2025,COL,2025-04-16 19:10:00,19,8,7,15,4,26,5,21,336,84.5,4,45,0.0889,0.1905,57.3,14.1,64.7,995.2,0.0,7.8,4.8,270.7,W,2.89,0.25,5.18
778176,2025-04-25,2025,PIT,2025-04-25 19:10:00,19,0,3,3,0,18,6,12,305,82.4,2,46,0.0435,0.0,55.5,13.1,66.0,994.7,0.0,8.4,5.2,239.0,SW,6.75,4.63,8.05
778163,2025-04-26,2025,PIT,2025-04-26 18:10:00,18,8,4,12,3,15,9,19,332,83.3,4,54,0.0741,0.1579,54.0,12.2,69.7,995.1,0.1,3.4,2.1,202.5,SW,3.37,3.16,3.16
778145,2025-04-27,2025,PIT,2025-04-27 13:10:00,13,9,2,11,4,15,6,23,298,81.7,6,56,0.1071,0.1739,60.9,16.1,54.7,998.3,0.0,10.0,6.2,249.7,W,6.78,3.87,8.87
778132,2025-04-28,2025,MIA,2025-04-28 19:10:00,19,7,6,13,2,12,11,20,317,84.8,3,61,0.0492,0.1,58.5,14.7,66.3,997.6,0.0,3.4,2.1,219.8,SW,3.25,2.7,3.4
778123,2025-04-29,2025,MIA,2025-04-29 19:10:00,19,15,2,17,2,12,9,27,319,82.2,5,64,0.0781,0.0741,59.3,15.2,76.7,996.5,0.0,5.4,3.3,194.3,S,5.31,5.25,4.73
778109,2025-04-30,2025,MIA,2025-04-30 12:10:00,12,12,7,19,4,19,7,26,312,83.6,6,57,0.1053,0.1538,73.8,23.2,41.0,995.1,0.0,8.8,5.4,197.0,S,8.73,8.49,7.91
777937,2025-05-13,2025,ATH,2025-05-13 19:10:00,19,1,11,12,5,16,3,26,298,85.7,9,61,0.1475,0.1923,61.2,16.2,59.3,995.4,0.0,6.6,4.1,202.6,SW,6.6,6.2,6.21
777917,2025-05-14,2025,ATH,2025-05-14 19:10:00,19,9,3,12,5,15,8,18,287,83.7,7,53,0.1321,0.2778,61.4,16.3,65.7,995.5,0.0,6.3,3.9,211.7,SW,6.19,5.47,6.16
777946,2025-05-15,2025,ATH,2025-05-15 19:10:00,19,19,2,21,6,13,11,21,320,83.0,6,57,0.1053,0.2857,61.0,16.1,73.3,994.6,0.0,6.2,3.8,196.3,S,6.13,5.99,5.53
777899,2025-05-16,2025,LAA,2025-05-16 19:10:00,19,2,6,8,2,22,8,17,300,85.7,3,43,0.0698,0.1176,59.9,15.5,73.0,994.3,0.0,5.9,3.7,185.6,S,5.65,5.89,4.72
777884,2025-05-17,2025,LAA,2025-05-17 18:10:00,18,9,11,20,5,13,10,28,389,81.6,7,68,0.1029,0.1786,57.2,14.0,77.0,993.8,0.0,4.2,2.6,202.5,SW,4.2,3.95,3.95
777866,2025-05-18,2025,LAA,2025-05-18 13:10:00,13,4,6,10,4,19,10,13,340,81.5,5,47,0.1064,0.3077,72.1,22.3,46.0,993.6,0.0,15.3,9.5,238.0,SW,12.46,8.67,14.74
777854,2025-05-19,2025,AZ,2025-05-19 19:10:00,19,5,9,14,6,7,5,17,322,85.9,10,64,0.1562,0.3529,67.2,19.6,57.0,993.4,0.0,6.0,3.7,175.1,S,5.3,5.92,4.04
777838,2025-05-20,2025,AZ,2025-05-20 19:10:00,19,4,3,7,2,20,8,14,332,82.1,4,52,0.0769,0.1429,72.7,22.6,41.0,992.4,0.0,4.6,2.9,202.5,S,4.6,4.32,4.32
777824,2025-05-21,2025,AZ,2025-05-21 19:10:00,19,3,1,4,2,20,2,12,243,84.9,3,42,0.0714,0.1667,71.2,21.8,46.3,992.9,0.0,5.6,3.5,193.3,S,5.5,5.47,4.86
777708,2025-05-30,2025,NYY,2025-05-30 19:10:00,19,8,5,13,6,10,6,21,271,87.5,7,60,0.1167,0.2857,70.3,21.3,63.0,994.3,0.0,7.2,4.5,196.7,S,7.16,6.98,6.48
777698,2025-05-31,2025,NYY,2025-05-31 16:15:00,16,18,2,20,7,14,11,28,335,83.6,9,61,0.1475,0.25,81.1,27.3,40.7,992.6,0.0,9.9,6.2,216.6,SW,9.6,8.2,9.85
777682,2025-06-01,2025,NYY,2025-06-01 16:10:00,16,3,7,10,4,21,7,17,346,81.7,4,48,0.0833,0.2353,74.1,23.4,50.7,991.8,0.0,12.0,7.5,225.0,SW,11.12,8.87,12.02
777675,2025-06-02,2025,NYM,2025-06-02 19:10:00,19,3,4,7,2,18,7,17,326,82.5,6,58,0.1034,0.1176,63.3,17.4,72.7,995.2,0.0,7.1,4.4,218.0,SW,6.84,5.78,7.08
777657,2025-06-03,2025,NYM,2025-06-03 19:10:00,19,6,5,11,3,18,7,15,321,83.4,6,55,0.1091,0.2,60.8,16.0,85.3,993.0,0.0,6.1,3.8,243.0,SW,4.66,3.02,5.74
777638,2025-06-04,2025,NYM,2025-06-04 19:10:00,19,1,6,7,3,17,5,10,297,85.5,4,47,0.0851,0.3,61.0,16.1,82.7,992.7,0.0,6.8,4.2,227.0,SW,6.16,4.83,6.75
777631,2025-06-05,2025,NYM,2025-06-05 13:10:00,13,6,5,11,3,14,11,20,301,83.7,6,55,0.1091,0.15,72.0,22.2,56.3,992.1,0.0,11.7,7.2,229.0,SW,10.44,8.03,11.59
777522,2025-06-13,2025,SF,2025-06-13 19:10:00,19,2,6,8,4,14,9,12,289,83.6,4,50,0.08,0.3333,65.4,18.5,73.7,991.7,0.0,6.2,3.8,203.3,SW,6.17,5.76,5.82
777506,2025-06-14,2025,SF,2025-06-14 19:10:00,19,11,5,16,5,9,14,17,305,87.1,6,58,0.1034,0.2941,68.5,20.3,67.0,992.2,0.0,4.8,3.0,209.9,SW,4.79,4.29,4.72
777498,2025-06-15,2025,SF,2025-06-15 16:10:00,16,5,4,9,3,17,6,15,244,84.3,3,48,0.0625,0.2,81.1,27.3,37.7,991.3,0.0,8.8,5.5,220.7,SW,8.36,6.92,8.8
777490,2025-06-16,2025,SD,2025-06-16 19:10:00,19,6,3,9,1,19,4,16,297,82.8,1,49,0.0204,0.0625,72.7,22.6,53.3,991.2,0.0,5.0,3.1,175.1,S,4.41,4.93,3.36
777471,2025-06-17,2025,SD,2025-06-17 19:10:00,19,8,6,14,4,14,8,21,318,83.9,7,54,0.1296,0.1905,75.6,24.2,40.7,989.5,0.0,6.8,4.2,160.3,S,5.02,6.27,3.16
777457,2025-06-18,2025,SD,2025-06-18 19:10:00,19,4,3,7,1,15,4,14,284,84.9,6,50,0.12,0.0714,72.4,22.4,60.0,990.0,0.0,6.9,4.3,177.1,S,6.26,6.9,4.86
777442,2025-06-19,2025,SD,2025-06-19 19:10:00,19,3,5,8,1,13,6,17,312,81.7,5,56,0.0893,0.0588,65.4,18.5,72.0,990.2,0.0,5.1,3.2,202.7,SW,5.13,4.82,4.83
777427,2025-06-20,2025,WSH,2025-06-20 19:10:00,19,6,5,11,4,13,9,18,300,85.0,5,54,0.0926,0.2222,65.2,18.5,71.7,990.4,0.0,6.9,4.3,189.1,S,6.71,6.85,5.76
777416,2025-06-21,2025,WSH,2025-06-21 19:10:00,19,3,7,10,8,20,4,17,288,82.8,7,51,0.1373,0.4706,66.3,19.1,65.7,991.1,0.0,5.5,3.4,207.0,SW,5.45,4.97,5.27
777398,2025-06-22,2025,WSH,2025-06-22 13:10:00,13,13,7,20,4,15,9,22,301,83.8,4,58,0.069,0.1818,79.2,26.2,39.0,992.4,0.0,13.8,8.6,235.3,SW,11.62,8.36,13.49
777280,2025-07-01,2025,CWS,2025-07-01 19:10:00,19,6,1,7,1,22,5,10,279,82.5,2,39,0.0513,0.1,63.9,17.7,74.3,990.5,0.0,7.4,4.6,219.7,SW,7.1,5.92,7.42
777267,2025-07-02,2025,CWS,2025-07-02 19:10:00,19,5,4,9,3,14,6,18,300,84.1,3,56,0.0536,0.1667,65.4,18.6,69.0,991.6,0.0,6.3,3.9,182.5,S,5.95,6.33,4.85
777253,2025-07-03,2025,CWS,2025-07-03 19:10:00,19,6,2,8,3,19,4,11,248,83.7,3,44,0.0682,0.2727,67.3,19.6,68.3,994.3,0.0,6.0,3.7,208.0,SW,5.97,5.42,5.81
777235,2025-07-04,2025,HOU,2025-07-04 18:10:00,18,1,18,19,6,14,14,26,324,84.7,10,64,0.1562,0.2308,71.2,21.8,60.0,996.0,0.0,7.9,4.9,210.7,SW,7.85,6.99,7.77
777221,2025-07-05,2025,HOU,2025-07-05 16:15:00,16,4,6,10,3,21,4,18,299,81.8,4,50,0.08,0.1667,80.7,27.0,37.0,995.7,0.0,9.6,5.9,222.0,SW,9.02,7.38,9.57
777206,2025-07-06,2025,HOU,2025-07-06 13:10:00,13,1,5,6,3,16,3,18,284,84.0,4,55,0.0727,0.1667,85.1,29.5,31.7,993.5,0.0,12.0,7.4,218.0,SW,11.53,9.74,11.93
777103,2025-07-18,2025,MIL,2025-07-18 19:10:00,19,0,2,2,1,18,3,12,257,81.9,2,46,0.0435,0.0833,67.1,19.5,73.7,994.6,0.0,7.2,4.5,197.7,S,7.17,6.95,6.53
777085,2025-07-19,2025,MIL,2025-07-19 18:10:00,18,7,8,15,5,17,7,23,311,84.8,5,58,0.0862,0.2174,69.3,20.7,71.0,995.3,0.0,8.0,5.0,200.3,S,8.03,7.65,7.44
777070,2025-07-20,2025,MIL,2025-07-20 13:10:00,13,5,6,11,2,11,5,17,314,84.3,5,61,0.082,0.1176,79.5,26.4,49.7,994.3,0.0,11.3,7.0,216.7,SW,10.99,9.38,11.27
777051,2025-07-21,2025,MIN,2025-07-21 19:10:00,19,5,2,7,5,15,7,16,293,87.2,6,51,0.1176,0.3125,66.6,19.2,75.3,994.6,0.0,7.0,4.4,238.7,SW,5.68,3.92,6.76
777039,2025-07-22,2025,MIN,2025-07-22 19:10:00,19,7,10,17,2,21,13,18,344,83.0,2,48,0.0417,0.1111,65.6,18.7,77.0,995.4,0.0,5.2,3.2,220.4,SW,4.95,4.11,5.2
777022,2025-07-23,2025,MIN,2025-07-23 13:10:00,13,4,3,7,2,23,9,14,306,83.5,2,42,0.0476,0.1429,80.8,27.1,41.3,996.9,0.0,11.7,7.3,224.7,SW,10.87,8.7,11.72
776870,2025-08-04,2025,STL,2025-08-04 19:10:00,19,2,3,5,3,18,4,10,258,85.7,3,46,0.0652,0.3,71.4,21.9,67.3,993.0,0.0,4.6,2.9,209.7,SW,4.6,4.12,4.52
776858,2025-08-05,2025,STL,2025-08-05 19:10:00,19,12,6,18,6,14,6,26,314,84.9,7,62,0.1129,0.2308,73.3,23.0,58.7,995.5,0.0,5.3,3.3,188.3,S,5.11,5.24,4.36
776839,2025-08-06,2025,STL,2025-08-06 13:10:00,13,3,5,8,1,20,5,20,303,82.9,1,53,0.0189,0.05,93.7,34.3,22.0,995.9,0.0,10.1,6.3,227.3,SW,9.14,7.14,10.03
776823,2025-08-08,2025,TOR,2025-08-08 19:10:00,19,5,1,6,1,14,7,17,261,85.4,2,51,0.0392,0.0588,72.3,22.4,61.7,992.3,0.0,6.2,3.8,201.7,S,6.17,5.82,5.76
776808,2025-08-09,2025,TOR,2025-08-09 18:10:00,18,9,1,10,3,22,10,15,313,84.8,5,45,0.1111,0.2,70.3,21.3,60.7,991.6,0.0,6.8,4.2,201.0,S,6.83,6.48,6.36
776788,2025-08-10,2025,TOR,2025-08-10 13:10:00,13,4,5,9,5,24,17,18,345,82.5,6,44,0.1364,0.2778,87.6,30.9,37.0,994.0,0.0,10.4,6.4,216.0,SW,10.08,8.64,10.3
776727,2025-08-15,2025,SD,2025-08-15 19:10:00,19,3,2,5,2,16,6,8,275,84.4,3,40,0.075,0.25,67.6,19.8,72.0,994.9,0.0,5.7,3.6,185.7,S,5.49,5.72,4.59
776717,2025-08-16,2025,SD,2025-08-16 18:10:00,18,6,0,6,1,10,9,11,286,80.5,3,49,0.0612,0.0909,69.2,20.7,70.3,995.6,0.0,6.9,4.3,214.0,SW,6.79,5.91,6.86
776697,2025-08-17,2025,SD,2025-08-17 13:10:00,13,5,4,9,4,24,3,16,309,80.9,5,42,0.119,0.25,82.6,28.1,44.3,994.2,0.0,12.9,8.0,225.7,SW,11.89,9.43,12.91
776594,2025-08-25,2025,CIN,2025-08-25 19:10:00,19,7,0,7,3,20,6,12,293,86.5,2,44,0.0455,0.25,74.4,23.6,62.0,993.4,0.0,5.8,3.6,209.0,SW,5.8,5.22,5.67
776574,2025-08-26,2025,CIN,2025-08-26 19:10:00,19,6,3,9,2,17,5,17,275,83.5,3,48,0.0625,0.1176,69.6,20.9,68.0,995.9,0.0,5.2,3.2,224.3,SW,4.8,3.85,5.16
776562,2025-08-27,2025,CIN,2025-08-27 17:40:00,17,5,1,6,2,28,11,13,317,81.2,2,36,0.0556,0.1538,79.2,26.2,40.0,996.4,0.0,8.9,5.5,193.0,S,8.74,8.72,7.71
776534,2025-08-29,2025,AZ,2025-08-29 19:10:00,19,0,3,3,1,24,9,7,302,79.6,1,36,0.0278,0.1429,73.9,23.3,45.7,995.0,0.0,5.0,3.1,183.7,S,4.73,5.0,3.9
776523,2025-08-30,2025,AZ,2025-08-30 18:10:00,18,1,6,7,2,14,6,14,284,83.2,2,52,0.0385,0.1429,77.5,25.3,48.0,991.9,0.0,6.2,3.9,215.7,SW,6.04,5.19,6.16
776509,2025-08-31,2025,AZ,2025-08-31 13:10:00,13,5,4,9,2,21,3,17,279,80.2,2,46,0.0435,0.1176,94.0,34.4,27.0,992.3,0.0,11.3,7.0,231.0,SW,9.9,7.47,11.14
776408,2025-09-08,2025,COL,2025-09-08 19:10:00,19,3,1,4,0,19,6,5,265,82.4,1,36,0.0278,0.0,69.0,20.5,73.7,994.9,0.0,5.0,3.1,212.7,SW,4.89,4.29,4.89
776389,2025-09-09,2025,COL,2025-09-09 19:10:00,19,7,2,9,5,16,2,14,260,88.1,8,48,0.1667,0.3571,68.9,20.5,75.7,991.8,0.0,5.9,3.7,200.3,S,5.93,5.65,5.49
776380,2025-09-10,2025,COL,2025-09-10 19:10:00,19,9,0,9,2,22,7,16,305,86.3,6,46,0.1304,0.125,68.9,20.5,68.0,993.4,0.0,4.8,3.0,208.3,SW,4.81,4.35,4.69
776311,2025-09-15,2025,PHI,2025-09-15 19:10:00,19,5,6,11,6,22,11,14,331,82.6,6,51,0.1176,0.4286,72.6,22.5,68.0,991.6,0.0,4.8,3.0,213.4,SW,4.75,4.15,4.77
776297,2025-09-16,2025,PHI,2025-09-16 19:10:00,19,6,9,15,6,12,5,18,282,86.1,7,57,0.1228,0.3333,75.7,24.3,57.0,993.3,0.0,4.8,3.0,203.7,SW,4.83,4.51,4.57
776280,2025-09-17,2025,PHI,2025-09-17 19:10:00,19,5,0,5,2,20,5,10,283,82.1,3,41,0.0732,0.2,70.0,21.1,72.7,992.5,0.0,3.2,2.0,156.1,SE,2.21,2.87,1.28
776271,2025-09-18,2025,SF,2025-09-18 19:10:00,19,2,1,3,0,19,11,6,300,79.7,2,37,0.0541,0.0,71.1,21.7,93.7,991.5,0.9,2.3,1.4,191.4,S,2.26,2.27,1.97
776256,2025-09-19,2025,SF,2025-09-19 19:10:00,19,6,3,9,4,20,7,15,293,84.1,6,45,0.1333,0.2667,68.4,20.2,90.0,993.4,0.0,2.5,1.6,222.7,SW,2.38,1.94,2.53
776233,2025-09-20,2025,SF,2025-09-20 18:10:00,18,7,5,12,5,22,11,17,337,83.5,5,45,0.1111,0.2941,68.7,20.4,87.0,993.3,0.0,3.6,2.2,222.7,SW,3.35,2.72,3.57
776227,2025-09-21,2025,SF,2025-09-21 13:10:00,13,1,3,4,0,16,3,12,254,83.7,1,48,0.0208,0.0,77.8,25.5,62.3,992.6,0.0,4.2,2.6,255.7,W,2.52,1.21,3.51
