game_pk,game_date,season,away_team,game_start,start_hour,home_runs_scored,away_runs_scored,total_runs,home_runs_hit,strikeouts,walks,hits,total_pitches,avg_exit_velocity,n_barrels,n_bbe,barrel_rate,hr_h_ratio,home_bat_hr,home_bat_k,home_bat_bb,home_bat_h,home_bat_pitches,home_bat_exit_velo,home_bat_bbe,home_bat_hr_h_ratio,away_bat_hr,away_bat_k,away_bat_bb,away_bat_h,away_bat_pitches,away_bat_exit_velo,away_bat_bbe,away_bat_hr_h_ratio,temp_f,temp_c,rhum,pres,prcp,wspd,wspd_mph,wdir,wind_dir_bucket,wind_cf,wind_lcf,wind_rcf
631014,2020-07-28,2020,SD,2020-07-28 18:45:00,18,3,5,8,2,15,2,12,269,82.9,1,48,0.0208,0.1667,0.0,10.0,1.0,7.0,128.0,80.9,32.0,0.0,2.0,5.0,1.0,5.0,141.0,84.3,45.0,0.4,59.0,15.0,89.7,1010.4,0.0,28.4,17.6,252.3,W,27.03,28.34,22.45
631033,2020-07-29,2020,SD,2020-07-29 18:45:00,18,7,6,13,6,14,8,21,306,82.1,6,54,0.1111,0.2857,4.0,8.0,1.0,12.0,147.0,84.0,48.0,0.3333,2.0,6.0,7.0,9.0,159.0,80.0,45.0,0.2222,59.2,15.1,86.0,1011.7,0.0,29.2,18.2,253.3,W,28.01,29.18,23.45
631018,2020-07-30,2020,SD,2020-07-30 18:45:00,18,7,12,19,1,27,9,25,358,83.6,3,59,0.0508,0.04,0.0,12.0,7.0,11.0,187.0,83.7,48.0,0.0,1.0,15.0,2.0,14.0,171.0,83.4,43.0,0.0714,58.1,14.5,85.3,1013.9,0.0,29.5,18.4,254.3,W,28.44,29.45,23.99
631019,2020-07-31,2020,TEX,2020-07-31 18:10:00,18,9,2,11,2,18,9,17,292,83.0,4,49,0.0816,0.1176,1.0,7.0,5.0,11.0,142.0,82.0,40.0,0.0909,1.0,11.0,4.0,6.0,150.0,84.2,31.0,0.1667,61.9,16.6,78.0,1013.8,0.0,29.5,18.4,251.7,W,28.03,29.52,23.17
631020,2020-08-01,2020,TEX,2020-08-01 18:10:00,18,7,3,10,1,17,15,14,314,82.4,4,44,0.0909,0.0714,0.0,4.0,10.0,7.0,163.0,81.7,37.0,0.0,1.0,13.0,4.0,7.0,151.0,83.1,41.0,0.1429,62.2,16.8,75.0,1013.7,0.0,29.6,18.4,246.3,SW,27.14,29.57,21.44
631021,2020-08-02,2020,TEX,2020-08-02 13:05:00,13,5,9,14,4,11,10,17,301,85.2,9,61,0.1475,0.2353,2.0,8.0,3.0,8.0,153.0,86.4,44.0,0.25,2.0,3.0,7.0,9.0,148.0,83.9,43.0,0.2222,65.7,18.7,66.3,1015.1,0.0,22.3,13.9,235.3,SW,18.37,21.61,12.92
631022,2020-08-14,2020,ATH,2020-08-14 18:45:00,18,7,8,15,5,17,6,21,330,85.5,4,63,0.0635,0.2381,3.0,10.0,3.0,13.0,164.0,88.1,43.0,0.2308,2.0,7.0,3.0,8.0,166.0,83.0,46.0,0.25,81.0,27.2,40.0,1007.8,0.0,21.4,13.3,264.0,W,21.25,20.73,19.21
631023,2020-08-15,2020,ATH,2020-08-15 16:07:00,16,6,7,13,5,24,8,17,345,82.8,7,46,0.1522,0.2941,1.0,10.0,3.0,7.0,156.0,85.3,43.0,0.1429,4.0,14.0,5.0,10.0,189.0,80.5,45.0,0.4,70.3,21.3,60.3,1009.4,0.0,24.8,15.4,248.7,W,23.1,24.79,18.63
631024,2020-08-16,2020,ATH,2020-08-16 13:05:00,13,3,15,18,5,14,11,26,340,85.2,9,62,0.1452,0.1923,2.0,6.0,4.0,9.0,149.0,86.3,54.0,0.2222,3.0,8.0,7.0,17.0,191.0,84.1,54.0,0.1765,71.1,21.7,60.0,1012.0,0.0,24.2,15.0,252.0,W,22.99,24.15,19.05
631025,2020-08-19,2020,LAA,2020-08-19 18:45:00,18,7,2,9,2,20,5,16,295,83.7,3,47,0.0638,0.125,2.0,7.0,2.0,10.0,127.0,82.5,43.0,0.2,0.0,13.0,3.0,6.0,168.0,84.8,46.0,0.0,71.8,22.1,48.3,1010.0,0.0,24.4,15.2,261.7,W,24.14,23.9,21.48
631026,2020-08-20,2020,LAA,2020-08-20 18:45:00,18,10,5,15,3,16,11,22,349,80.7,5,57,0.0877,0.1364,2.0,4.0,6.0,12.0,166.0,82.3,53.0,0.1667,1.0,12.0,5.0,10.0,183.0,78.8,46.0,0.1,65.4,18.5,82.3,1008.5,0.0,27.6,17.2,253.7,W,26.52,27.58,22.26
631027,2020-08-21,2020,AZ,2020-08-21 18:45:00,18,6,2,8,2,21,7,17,296,81.8,4,44,0.0909,0.1176,2.0,11.0,6.0,10.0,162.0,82.1,47.0,0.2,0.0,10.0,0.0,7.0,134.0,81.5,44.0,0.0,67.9,19.9,77.7,1009.1,0.0,25.2,15.7,257.3,W,24.62,25.03,21.24
631028,2020-08-22,2020,AZ,2020-08-22 18:15:00,18,5,1,6,0,11,8,8,251,82.3,1,48,0.0208,0.0,0.0,7.0,8.0,5.0,148.0,80.6,34.0,0.0,0.0,4.0,0.0,3.0,103.0,83.9,35.0,0.0,61.9,16.6,83.3,1009.1,0.0,23.7,14.7,236.3,SW,19.7,23.0,14.02
631029,2020-08-23,2020,AZ,2020-08-23 13:10:00,13,6,1,7,2,18,4,15,274,86.4,2,47,0.0426,0.1333,2.0,8.0,1.0,10.0,127.0,84.7,45.0,0.2,0.0,10.0,3.0,5.0,147.0,88.1,49.0,0.0,64.6,18.1,72.0,1011.0,0.0,27.4,17.0,253.7,W,26.29,27.34,22.07
631015,2020-08-25,2020,LAD,2020-08-25 18:45:00,18,10,8,18,5,27,8,26,370,82.1,6,65,0.0923,0.1923,3.0,14.0,3.0,14.0,168.0,83.1,54.0,0.2143,2.0,13.0,4.0,12.0,202.0,81.3,62.0,0.1667,61.6,16.5,87.0,1009.2,0.0,25.4,15.8,249.7,W,23.85,25.43,19.39
631001,2020-08-27,2020,LAD,2020-08-26 18:45:00,18,0,2,2,1,16,6,5,226,84.4,1,30,0.0333,0.2,0.0,8.0,3.0,2.0,104.0,82.6,33.0,0.0,1.0,8.0,3.0,3.0,122.0,86.8,25.0,0.3333,58.5,14.7,85.7,1008.4,0.0,31.7,19.7,250.0,W,29.76,31.67,24.26
631017,2020-08-27,2020,LAD,2020-08-27 13:05:00,13,0,7,7,1,12,3,15,223,82.7,5,43,0.1163,0.0667,0.0,5.0,0.0,4.0,93.0,81.1,33.0,0.0,1.0,7.0,3.0,11.0,130.0,83.9,42.0,0.0909,63.0,17.2,73.0,1008.8,0.0,22.1,13.8,243.7,SW,19.84,22.0,15.28
631003,2020-09-04,2020,AZ,2020-09-04 18:45:00,18,5,6,11,2,11,8,24,323,83.0,5,64,0.0781,0.0833,1.0,7.0,6.0,12.0,177.0,82.5,60.0,0.0833,1.0,4.0,2.0,12.0,146.0,83.6,49.0,0.0833,66.9,19.4,59.0,1012.2,0.0,15.1,9.4,228.3,SW,11.26,14.0,7.15
631004,2020-09-05,2020,AZ,2020-09-05 18:15:00,18,4,3,7,3,16,8,15,285,84.8,4,49,0.0816,0.2,2.0,8.0,4.0,9.0,143.0,84.6,41.0,0.2222,1.0,8.0,4.0,6.0,142.0,85.0,40.0,0.1667,70.8,21.5,56.0,1011.4,0.0,15.4,9.5,249.0,W,14.35,15.36,11.6
631005,2020-09-06,2020,AZ,2020-09-06 13:05:00,13,4,2,6,4,16,5,18,295,84.5,5,50,0.1,0.2222,3.0,3.0,1.0,10.0,132.0,86.7,46.0,0.3,1.0,13.0,3.0,8.0,163.0,82.5,50.0,0.125,79.1,26.2,44.3,1012.8,0.0,26.9,16.7,255.7,W,26.06,26.77,22.21
631006,2020-09-07,2020,AZ,2020-09-07 17:05:00,17,4,2,6,1,22,8,9,284,80.8,1,38,0.0263,0.1111,0.0,10.0,3.0,6.0,127.0,84.1,33.0,0.0,1.0,12.0,5.0,3.0,157.0,78.3,43.0,0.3333,68.8,20.5,63.0,1004.9,0.0,28.1,17.5,242.7,SW,24.99,27.9,19.07
631007,2020-09-08,2020,SEA,2020-09-08 18:45:00,18,6,5,11,3,14,4,21,308,83.6,0,55,0.0,0.1429,3.0,6.0,0.0,11.0,142.0,83.5,53.0,0.2727,0.0,8.0,4.0,10.0,166.0,83.7,44.0,0.0,62.3,16.8,89.3,1003.1,0.0,24.8,15.4,249.0,W,23.12,24.76,18.69
631008,2020-09-09,2020,SEA,2020-09-09 18:45:00,18,10,1,11,1,17,6,18,326,79.2,3,52,0.0577,0.0556,1.0,9.0,2.0,13.0,165.0,79.2,60.0,0.0769,0.0,8.0,3.0,5.0,161.0,79.2,48.0,0.0,60.4,15.8,82.0,1010.5,0.0,23.1,14.4,250.0,W,21.74,23.13,17.72
631009,2020-09-21,2020,COL,2020-09-21 18:45:00,18,2,7,9,2,16,8,15,347,80.2,3,54,0.0556,0.1333,1.0,5.0,4.0,6.0,167.0,80.3,56.0,0.1667,1.0,11.0,4.0,9.0,180.0,80.1,58.0,0.1111,63.4,17.5,84.0,1011.5,0.0,28.2,17.5,252.7,W,26.95,28.2,22.45
631010,2020-09-22,2020,COL,2020-09-22 18:45:00,18,5,2,7,2,14,9,18,319,81.5,6,52,0.1154,0.1111,2.0,4.0,6.0,10.0,154.0,83.0,45.0,0.2,0.0,10.0,3.0,8.0,165.0,80.0,49.0,0.0,62.3,16.8,82.7,1016.1,0.0,25.0,15.5,261.3,W,24.71,24.51,21.94
631011,2020-09-23,2020,COL,2020-09-23 18:45:00,18,7,2,9,2,9,7,20,297,85.2,3,61,0.0492,0.1,2.0,6.0,6.0,11.0,169.0,85.7,52.0,0.1818,0.0,3.0,1.0,9.0,128.0,84.7,45.0,0.0,64.4,18.0,89.7,1016.3,0.0,26.5,16.5,267.3,W,26.47,25.3,24.45
631012,2020-09-24,2020,COL,2020-09-24 12:45:00,12,4,5,9,1,24,7,23,365,80.4,1,62,0.0161,0.0435,1.0,8.0,3.0,10.0,164.0,83.4,57.0,0.1,0.0,16.0,2.0,13.0,201.0,77.5,61.0,0.0,66.1,19.0,86.7,1016.4,0.0,27.7,17.2,252.3,W,26.39,27.68,21.93
631013,2020-09-25,2020,SD,2020-09-25 16:10:00,16,5,4,9,3,11,6,15,237,81.1,4,42,0.0952,0.2,3.0,7.0,1.0,9.0,117.0,78.5,36.0,0.3333,0.0,4.0,5.0,6.0,120.0,83.5,37.0,0.0,67.5,19.7,64.0,1014.1,0.0,28.9,17.9,268.0,W,28.85,27.46,26.76
631016,2020-09-26,2020,SD,2020-09-26 18:15:00,18,2,6,8,3,20,3,16,282,80.4,3,49,0.0612,0.1875,0.0,12.0,2.0,7.0,145.0,76.6,43.0,0.0,3.0,8.0,1.0,9.0,137.0,83.5,52.0,0.3333,72.4,22.5,56.3,1012.1,0.0,14.3,8.9,293.7,NW,13.06,10.31,14.24
631002,2020-09-27,2020,SD,2020-09-27 12:05:00,12,4,5,9,4,26,7,14,321,83.6,2,43,0.0465,0.2857,3.0,12.0,4.0,6.0,151.0,84.3,29.0,0.5,1.0,14.0,2.0,8.0,170.0,83.2,45.0,0.125,78.3,25.7,37.3,1011.4,0.0,17.7,11.0,255.4,W,17.09,17.59,14.53
634494,2021-04-09,2021,COL,2021-04-09 13:35:00,13,3,1,4,0,15,8,9,279,81.8,2,43,0.0465,0.0,0.0,7.0,7.0,5.0,158.0,80.8,44.0,0.0,0.0,8.0,1.0,4.0,121.0,83.0,38.0,0.0,57.7,14.3,67.7,1018.4,0.0,25.8,16.0,262.7,W,25.59,25.17,22.92
632169,2021-04-10,2021,COL,2021-04-10 13:05:00,13,4,3,7,2,15,10,14,304,81.4,4,45,0.0889,0.1429,1.0,4.0,7.0,5.0,144.0,81.7,53.0,0.2,1.0,11.0,3.0,9.0,160.0,81.2,49.0,0.1111,55.9,13.3,68.0,1016.8,0.0,22.1,13.7,255.7,W,21.38,21.96,18.22
632188,2021-04-11,2021,COL,2021-04-11 13:05:00,13,4,0,4,2,17,8,16,285,82.9,5,50,0.1,0.125,2.0,7.0,4.0,8.0,139.0,85.7,47.0,0.25,0.0,10.0,4.0,8.0,146.0,80.2,47.0,0.0,57.3,14.1,69.7,1011.1,0.0,21.6,13.4,255.7,W,20.96,21.53,17.86
634648,2021-04-12,2021,CIN,2021-04-12 18:45:00,18,0,3,3,2,18,3,7,267,81.6,3,42,0.0714,0.2857,0.0,9.0,2.0,2.0,138.0,79.3,38.0,0.0,2.0,9.0,1.0,5.0,129.0,83.9,40.0,0.4,52.0,11.1,88.3,1008.9,0.0,25.9,16.1,245.3,SW,23.54,25.81,18.42
634510,2021-04-13,2021,CIN,2021-04-13 18:45:00,18,7,6,13,5,24,7,18,313,82.2,7,43,0.1628,0.2778,3.0,12.0,4.0,11.0,174.0,83.3,49.0,0.2727,2.0,12.0,3.0,7.0,139.0,80.9,42.0,0.2857,51.9,11.1,74.0,1008.8,0.0,31.0,19.2,249.3,W,28.97,30.96,23.49
634582,2021-04-14,2021,CIN,2021-04-14 12:45:00,12,3,0,3,0,16,4,9,244,76.1,0,42,0.0,0.0,0.0,10.0,2.0,5.0,138.0,78.2,40.0,0.0,0.0,6.0,1.0,4.0,106.0,74.1,40.0,0.0,57.3,14.0,68.7,1013.9,0.0,18.0,11.2,247.0,SW,16.54,17.94,13.14
634432,2021-04-22,2021,MIA,2021-04-22 18:45:00,18,3,0,3,0,13,3,7,240,79.5,1,42,0.0238,0.0,0.0,5.0,2.0,5.0,116.0,80.3,41.0,0.0,0.0,8.0,1.0,2.0,124.0,78.8,41.0,0.0,50.4,10.2,81.3,1012.7,0.0,32.8,20.4,260.7,W,32.4,32.27,28.62
634369,2021-04-23,2021,MIA,2021-04-23 18:45:00,18,5,3,8,3,17,8,11,277,82.6,1,43,0.0233,0.2727,1.0,7.0,6.0,8.0,150.0,80.6,40.0,0.125,2.0,10.0,1.0,3.0,127.0,84.6,41.0,0.6667,51.6,10.9,82.0,1014.8,0.0,36.3,22.6,254.0,W,34.93,36.24,29.39
634503,2021-04-24,2021,MIA,2021-04-24 18:05:00,18,2,5,7,3,20,3,11,268,81.7,4,45,0.0889,0.2727,1.0,8.0,1.0,5.0,139.0,79.6,49.0,0.2,2.0,12.0,2.0,6.0,129.0,84.2,39.0,0.3333,53.4,11.9,83.0,1013.9,0.0,21.5,13.4,242.3,SW,19.07,21.34,14.5
634342,2021-04-25,2021,MIA,2021-04-25 13:05:00,13,4,3,7,1,21,6,15,291,82.0,5,42,0.119,0.0667,0.0,10.0,3.0,7.0,149.0,82.0,46.0,0.0,1.0,11.0,3.0,8.0,142.0,81.9,37.0,0.125,53.1,11.7,82.3,1011.7,2.2,29.3,18.2,232.7,SW,23.28,27.94,15.81
634374,2021-04-26,2021,COL,2021-04-26 18:45:00,18,12,0,12,1,20,7,15,260,84.4,2,46,0.0435,0.0667,1.0,11.0,4.0,12.0,160.0,83.8,45.0,0.0833,0.0,9.0,1.0,3.0,100.0,85.2,32.0,0.0,53.2,11.8,71.3,1011.9,0.0,26.7,16.6,281.7,W,26.15,22.72,26.42
634354,2021-04-27,2021,COL,2021-04-27 18:45:00,18,5,7,12,5,17,8,18,294,83.4,6,60,0.1,0.2778,2.0,8.0,1.0,11.0,140.0,84.5,49.0,0.1818,3.0,9.0,7.0,7.0,154.0,82.3,48.0,0.4286,59.0,15.0,59.7,1016.0,0.0,19.2,11.9,259.3,W,18.87,18.95,16.51
634309,2021-04-28,2021,COL,2021-04-28 18:45:00,18,7,3,10,0,20,13,16,329,80.0,0,43,0.0,0.0,0.0,10.0,9.0,9.0,189.0,77.1,43.0,0.0,0.0,10.0,4.0,7.0,140.0,83.0,42.0,0.0,61.4,16.3,62.7,1019.7,0.0,22.7,14.1,258.3,W,22.23,22.46,19.32
634240,2021-05-07,2021,SD,2021-05-07 18:45:00,18,5,4,9,4,17,9,10,331,83.1,5,44,0.1136,0.4,2.0,10.0,7.0,4.0,162.0,81.6,34.0,0.5,2.0,7.0,2.0,6.0,169.0,84.0,54.0,0.3333,61.3,16.3,57.0,1014.5,0.0,20.2,12.5,282.7,W,19.68,16.98,20.0
634178,2021-05-08,2021,SD,2021-05-08 13:05:00,13,7,1,8,3,16,6,17,289,78.6,5,51,0.098,0.1765,3.0,8.0,3.0,11.0,140.0,78.5,51.0,0.2727,0.0,8.0,2.0,6.0,149.0,78.8,50.0,0.0,74.7,23.7,34.0,1014.6,0.0,23.7,14.7,269.0,W,23.66,22.38,22.1
634185,2021-05-09,2021,SD,2021-05-09 13:05:00,13,1,11,12,2,18,6,24,315,82.2,3,60,0.05,0.0833,0.0,10.0,3.0,8.0,151.0,80.8,44.0,0.0,2.0,8.0,2.0,16.0,164.0,83.3,59.0,0.125,69.6,20.9,45.7,1011.4,0.0,30.1,18.7,267.0,W,30.09,28.82,27.74
634153,2021-05-10,2021,TEX,2021-05-10 18:45:00,18,3,1,4,1,18,7,12,277,82.8,2,44,0.0455,0.0833,1.0,10.0,4.0,6.0,156.0,84.2,45.0,0.1667,0.0,8.0,3.0,6.0,121.0,81.1,35.0,0.0,64.8,18.2,51.0,1009.3,0.0,26.0,16.2,255.7,W,25.19,25.87,21.47
634164,2021-05-11,2021,TEX,2021-05-11 12:45:00,12,4,2,6,1,23,9,8,282,83.2,1,36,0.0278,0.125,0.0,11.0,6.0,4.0,144.0,82.1,38.0,0.0,1.0,12.0,3.0,4.0,138.0,84.4,35.0,0.25,60.3,15.7,69.3,1012.3,0.0,22.0,13.7,260.3,W,21.69,21.64,19.12
634013,2021-05-21,2021,LAD,2021-05-21 18:45:00,18,1,2,3,1,24,6,12,287,82.1,1,41,0.0244,0.0833,0.0,13.0,4.0,2.0,151.0,79.3,39.0,0.0,1.0,11.0,1.0,10.0,136.0,84.5,44.0,0.1,57.8,14.3,64.0,1013.3,0.0,20.3,12.6,261.7,W,20.12,19.91,17.9
634011,2021-05-22,2021,LAD,2021-05-22 16:15:00,16,3,6,9,3,12,3,16,278,81.8,4,56,0.0714,0.1875,1.0,7.0,2.0,7.0,138.0,82.4,38.0,0.1429,2.0,5.0,1.0,9.0,140.0,81.4,52.0,0.2222,56.6,13.7,70.0,1017.1,0.0,28.7,17.8,261.7,W,28.36,28.07,25.23
633980,2021-05-23,2021,LAD,2021-05-23 13:05:00,13,5,11,16,3,19,8,18,302,84.2,7,52,0.1346,0.1667,1.0,12.0,4.0,7.0,160.0,83.5,47.0,0.1429,2.0,7.0,3.0,11.0,142.0,84.8,48.0,0.1818,55.8,13.2,77.7,1020.5,0.0,34.8,21.6,253.3,W,33.31,34.71,27.89
633897,2021-05-31,2021,LAA,2021-05-31 13:05:00,13,6,1,7,3,15,7,13,277,81.7,5,47,0.1064,0.2308,3.0,9.0,5.0,7.0,151.0,80.3,48.0,0.4286,0.0,6.0,1.0,6.0,126.0,83.3,39.0,0.0,62.0,16.7,66.0,1011.9,0.0,29.8,18.5,250.3,W,28.09,29.83,22.96
633864,2021-06-01,2021,LAA,2021-06-01 18:45:00,18,1,8,9,0,16,6,14,278,81.1,2,50,0.04,0.0,0.0,9.0,1.0,6.0,128.0,80.6,41.0,0.0,0.0,7.0,5.0,8.0,150.0,81.4,48.0,0.0,55.5,13.1,86.7,1011.8,0.0,26.3,16.3,244.7,SW,23.77,26.19,18.49
633823,2021-06-03,2021,CHC,2021-06-03 18:45:00,18,7,2,9,2,17,5,16,290,80.3,5,48,0.1042,0.125,1.0,9.0,5.0,11.0,175.0,79.7,50.0,0.0909,1.0,8.0,0.0,5.0,115.0,81.0,41.0,0.2,58.9,14.9,73.0,1008.4,0.0,33.7,21.0,231.3,SW,26.34,31.96,17.54
633817,2021-06-04,2021,CHC,2021-06-04 18:45:00,18,8,5,13,6,17,9,15,317,85.3,6,49,0.1224,0.4,4.0,9.0,6.0,10.0,167.0,87.2,47.0,0.4,2.0,8.0,3.0,5.0,150.0,83.7,55.0,0.4,56.3,13.5,77.0,1011.4,0.0,34.4,21.4,239.7,SW,29.69,33.84,21.96
633886,2021-06-05,2021,CHC,2021-06-05 16:15:00,16,4,3,7,2,22,5,13,296,83.1,3,42,0.0714,0.1538,1.0,9.0,5.0,9.0,164.0,82.2,48.0,0.1111,1.0,13.0,0.0,4.0,132.0,84.3,37.0,0.25,63.7,17.6,62.7,1009.2,0.0,22.3,13.9,242.3,SW,19.75,22.1,15.02
633869,2021-06-06,2021,CHC,2021-06-06 13:05:00,13,3,4,7,3,15,5,17,264,84.2,5,54,0.0926,0.1765,1.0,7.0,3.0,9.0,129.0,84.9,43.0,0.1111,2.0,8.0,2.0,8.0,135.0,83.5,43.0,0.25,67.5,19.7,48.7,1008.2,0.0,24.5,15.2,259.0,W,24.02,24.17,20.97
633734,2021-06-14,2021,AZ,2021-06-14 18:45:00,18,5,2,7,2,14,6,20,301,83.5,6,55,0.1091,0.1,1.0,6.0,3.0,14.0,160.0,83.0,57.0,0.0714,1.0,8.0,2.0,6.0,141.0,84.2,43.0,0.1667,62.1,16.7,74.3,1016.2,0.0,31.3,19.4,276.7,W,31.09,27.97,30.46
633679,2021-06-15,2021,AZ,2021-06-15 18:45:00,18,9,8,17,2,12,7,23,284,82.2,4,61,0.0656,0.087,2.0,5.0,4.0,11.0,143.0,82.3,54.0,0.1818,0.0,7.0,3.0,12.0,141.0,82.2,53.0,0.0,67.5,19.7,56.7,1015.7,0.0,22.7,14.1,278.0,W,22.48,20.04,22.2
633645,2021-06-16,2021,AZ,2021-06-16 18:45:00,18,13,7,20,6,16,11,23,361,82.9,5,60,0.0833,0.2609,5.0,9.0,8.0,13.0,198.0,83.2,63.0,0.3846,1.0,7.0,2.0,10.0,163.0,82.6,65.0,0.1,71.5,21.9,51.0,1010.1,0.0,19.6,12.2,265.3,W,19.5,18.87,17.78
633622,2021-06-17,2021,AZ,2021-06-17 12:45:00,12,10,3,13,1,11,3,20,271,82.3,3,59,0.0508,0.05,1.0,5.0,2.0,15.0,162.0,80.9,63.0,0.0667,0.0,6.0,1.0,5.0,109.0,84.6,40.0,0.0,71.4,21.9,52.3,1008.0,0.0,23.2,14.4,250.3,W,21.82,23.17,17.83
633600,2021-06-18,2021,PHI,2021-06-18 18:45:00,18,5,3,8,3,16,4,13,277,81.6,5,47,0.1064,0.2308,1.0,8.0,4.0,6.0,149.0,81.4,48.0,0.1667,2.0,8.0,0.0,7.0,128.0,81.8,48.0,0.2857,61.2,16.2,75.0,1004.4,0.0,30.0,18.6,230.0,SW,22.96,28.16,14.98
633592,2021-06-19,2021,PHI,2021-06-19 13:05:00,13,6,13,19,5,19,9,24,343,82.8,7,58,0.1207,0.2083,2.0,8.0,4.0,8.0,161.0,81.9,58.0,0.25,3.0,11.0,5.0,16.0,182.0,83.6,63.0,0.1875,63.2,17.3,70.7,1007.3,0.0,31.7,19.7,239.7,SW,27.39,31.22,20.26
633611,2021-06-20,2021,PHI,2021-06-20 13:05:00,13,11,2,13,5,19,4,19,277,82.2,7,52,0.1346,0.2632,4.0,11.0,3.0,15.0,169.0,82.5,62.0,0.2667,1.0,8.0,1.0,4.0,108.0,81.9,46.0,0.25,62.0,16.7,72.3,1010.1,0.0,31.4,19.5,243.3,SW,28.09,31.22,21.57
633523,2021-06-25,2021,ATH,2021-06-25 18:45:00,18,2,0,2,1,16,4,11,243,83.6,2,46,0.0435,0.0909,1.0,7.0,3.0,5.0,116.0,82.6,44.0,0.2,0.0,9.0,1.0,6.0,127.0,84.5,45.0,0.0,56.7,13.7,87.0,1013.3,0.0,34.6,21.5,259.7,W,34.01,34.08,29.83
633500,2021-06-26,2021,ATH,2021-06-26 19:05:00,19,6,5,11,3,18,9,15,374,82.7,4,54,0.0741,0.2,2.0,9.0,7.0,9.0,203.0,84.3,66.0,0.2222,1.0,9.0,2.0,6.0,171.0,80.7,55.0,0.1667,56.6,13.7,88.7,1009.4,0.0,32.9,20.5,251.3,W,31.2,32.92,25.71
633527,2021-06-27,2021,ATH,2021-06-27 13:05:00,13,2,6,8,0,15,6,13,277,82.2,2,52,0.0385,0.0,0.0,9.0,2.0,6.0,121.0,83.5,42.0,0.0,0.0,6.0,4.0,7.0,156.0,81.2,53.0,0.0,60.7,16.0,81.7,1009.5,0.0,34.4,21.4,255.0,W,33.26,34.3,28.21
633380,2021-07-05,2021,STL,2021-07-05 15:05:00,15,3,5,8,1,14,7,13,283,80.2,2,51,0.0392,0.0769,1.0,6.0,3.0,6.0,127.0,84.1,38.0,0.1667,0.0,8.0,4.0,7.0,156.0,77.4,51.0,0.0,59.9,15.5,80.7,1014.7,0.0,31.2,19.4,254.7,W,30.06,31.06,25.43
633358,2021-07-06,2021,STL,2021-07-06 18:45:00,18,5,6,11,2,16,7,24,322,83.3,2,61,0.0328,0.0833,0.0,5.0,5.0,11.0,170.0,85.9,56.0,0.0,2.0,11.0,1.0,13.0,152.0,80.4,50.0,0.1538,57.4,14.1,83.7,1013.7,0.0,35.2,21.9,257.7,W,34.36,34.85,29.71
633347,2021-07-07,2021,STL,2021-07-07 18:45:00,18,5,2,7,1,14,10,15,299,83.0,2,51,0.0392,0.0667,1.0,7.0,7.0,8.0,170.0,82.0,44.0,0.125,0.0,7.0,2.0,7.0,129.0,84.1,41.0,0.0,56.8,13.8,81.0,1009.5,0.0,32.2,20.0,253.0,W,30.82,32.19,25.74
633322,2021-07-09,2021,WSH,2021-07-09 18:45:00,18,5,3,8,3,13,5,21,258,82.1,4,56,0.0714,0.1429,3.0,5.0,1.0,10.0,123.0,79.8,48.0,0.3,0.0,8.0,4.0,11.0,135.0,84.7,43.0,0.0,60.7,16.0,75.3,1011.0,0.0,30.7,19.1,236.3,SW,25.55,29.83,18.19
633294,2021-07-10,2021,WSH,2021-07-10 13:05:00,13,10,4,14,1,18,7,22,325,80.0,3,57,0.0526,0.0455,1.0,10.0,6.0,14.0,185.0,78.0,58.0,0.0714,0.0,8.0,1.0,8.0,140.0,82.7,44.0,0.0,60.9,16.0,76.0,1012.8,0.0,27.9,17.4,239.7,SW,24.11,27.48,17.83
633279,2021-07-11,2021,WSH,2021-07-11 13:05:00,13,3,1,4,1,23,7,13,277,79.6,2,38,0.0526,0.0769,1.0,11.0,3.0,8.0,139.0,80.4,37.0,0.125,0.0,12.0,3.0,5.0,138.0,78.8,39.0,0.0,58.3,14.6,81.0,1011.7,0.0,31.8,19.7,243.7,SW,28.47,31.57,21.93
633215,2021-07-23,2021,PIT,2021-07-23 18:45:00,18,4,6,10,3,26,9,12,332,82.1,4,40,0.1,0.25,2.0,14.0,4.0,8.0,168.0,83.7,43.0,0.25,1.0,12.0,5.0,4.0,164.0,80.9,57.0,0.25,58.3,14.6,82.3,1014.4,0.0,28.8,17.9,240.7,SW,25.14,28.45,18.79
633144,2021-07-24,2021,PIT,2021-07-24 18:05:00,18,2,10,12,2,19,5,21,317,80.4,4,54,0.0741,0.0952,1.0,12.0,1.0,5.0,132.0,79.0,44.0,0.2,1.0,7.0,4.0,16.0,185.0,81.2,76.0,0.0625,58.7,14.8,83.0,1012.4,0.0,28.8,17.9,245.0,SW,26.07,28.66,20.34
633171,2021-07-25,2021,PIT,2021-07-25 13:05:00,13,6,1,7,4,21,6,14,285,84.1,5,44,0.1136,0.2857,4.0,11.0,4.0,9.0,159.0,83.0,45.0,0.4444,0.0,10.0,2.0,5.0,126.0,85.3,42.0,0.0,60.3,15.7,73.7,1012.8,0.0,31.1,19.3,247.3,SW,28.67,31.03,22.84
633149,2021-07-27,2021,LAD,2021-07-27 18:45:00,18,2,1,3,0,14,3,12,258,80.4,3,47,0.0638,0.0,0.0,7.0,2.0,6.0,130.0,78.7,44.0,0.0,0.0,7.0,1.0,6.0,128.0,82.3,39.0,0.0,59.7,15.4,85.3,1013.7,0.0,31.5,19.6,251.7,W,29.9,31.49,24.71
633125,2021-07-28,2021,LAD,2021-07-28 18:45:00,18,0,8,8,1,18,5,18,315,80.4,2,55,0.0364,0.0556,0.0,9.0,2.0,5.0,132.0,78.8,48.0,0.0,1.0,9.0,3.0,13.0,183.0,81.8,58.0,0.0769,59.8,15.4,87.3,1014.1,0.0,28.4,17.6,244.3,SW,25.6,28.26,19.85
633109,2021-07-29,2021,LAD,2021-07-29 12:45:00,12,5,0,5,0,19,8,13,248,81.4,0,43,0.0,0.0,0.0,8.0,3.0,9.0,130.0,80.9,43.0,0.0,0.0,11.0,2.0,4.0,118.0,81.8,42.0,0.0,60.7,15.9,79.7,1013.4,0.0,25.4,15.8,249.3,W,23.73,25.36,19.24
633120,2021-07-30,2021,HOU,2021-07-30 18:45:00,18,6,9,15,3,24,9,24,356,85.1,2,56,0.0357,0.125,0.0,11.0,4.0,11.0,169.0,85.9,46.0,0.0,3.0,13.0,5.0,13.0,187.0,84.6,62.0,0.2308,59.4,15.2,85.3,1012.5,0.0,31.1,19.3,243.7,SW,27.84,30.88,21.45
633088,2021-07-31,2021,HOU,2021-07-31 13:05:00,13,8,6,14,8,19,4,21,288,83.3,6,54,0.1111,0.381,5.0,12.0,3.0,14.0,174.0,82.8,55.0,0.3571,3.0,7.0,1.0,7.0,114.0,83.9,51.0,0.4286,63.2,17.3,73.7,1016.7,0.0,31.5,19.6,242.0,SW,27.84,31.23,21.1
633086,2021-08-01,2021,HOU,2021-08-01 13:05:00,13,5,3,8,3,14,4,20,261,81.2,6,54,0.1111,0.15,2.0,9.0,3.0,10.0,126.0,83.7,35.0,0.2,1.0,5.0,1.0,10.0,135.0,79.7,54.0,0.1,63.1,17.3,71.0,1017.3,0.0,25.3,15.7,255.7,W,24.48,25.14,20.86
632933,2021-08-10,2021,AZ,2021-08-10 18:45:00,18,8,7,15,2,16,7,20,304,84.2,5,56,0.0893,0.1,1.0,7.0,3.0,10.0,166.0,81.8,56.0,0.1,1.0,9.0,2.0,10.0,138.0,86.8,52.0,0.1,61.6,16.4,81.0,1011.5,0.0,26.1,16.2,253.7,W,25.01,26.01,21.0
632951,2021-08-11,2021,AZ,2021-08-11 18:45:00,18,7,2,9,4,13,6,20,292,81.4,4,56,0.0714,0.2,4.0,5.0,1.0,14.0,136.0,83.7,55.0,0.2857,0.0,8.0,4.0,6.0,156.0,79.1,56.0,0.0,60.6,15.9,87.7,1012.7,0.0,29.5,18.3,254.7,W,28.45,29.4,24.07
632939,2021-08-12,2021,COL,2021-08-12 18:45:00,18,7,0,7,1,24,6,11,288,81.5,2,35,0.0571,0.0909,1.0,10.0,3.0,7.0,160.0,84.2,55.0,0.1429,0.0,14.0,2.0,4.0,128.0,76.4,30.0,0.0,60.4,15.8,82.7,1013.1,0.0,31.3,19.4,254.7,W,30.16,31.16,25.51
632906,2021-08-13,2021,COL,2021-08-13 18:45:00,18,5,4,9,2,15,6,22,293,80.8,5,58,0.0862,0.0909,1.0,6.0,3.0,11.0,141.0,82.1,55.0,0.0909,1.0,9.0,3.0,11.0,152.0,79.7,64.0,0.0909,60.6,15.9,84.7,1015.8,0.0,30.8,19.2,247.7,W,28.52,30.81,22.79
632889,2021-08-14,2021,COL,2021-08-14 18:05:00,18,1,4,5,1,18,7,12,298,81.9,1,46,0.0217,0.0833,0.0,9.0,3.0,7.0,156.0,84.5,53.0,0.0,1.0,9.0,3.0,5.0,142.0,79.4,52.0,0.2,60.4,15.8,87.0,1015.4,0.0,32.8,20.4,242.7,SW,29.11,32.5,22.21
632863,2021-08-15,2021,COL,2021-08-15 13:05:00,13,5,2,7,0,16,2,18,245,83.4,3,51,0.0588,0.0,0.0,10.0,1.0,10.0,128.0,83.8,48.0,0.0,0.0,6.0,1.0,8.0,117.0,82.9,40.0,0.0,63.3,17.4,78.3,1012.8,0.0,27.5,17.1,244.0,SW,24.72,27.35,19.1
632886,2021-08-16,2021,NYM,2021-08-16 18:45:00,18,7,5,12,4,18,3,23,299,83.6,6,56,0.1071,0.1739,3.0,6.0,1.0,13.0,145.0,83.8,53.0,0.2308,1.0,12.0,2.0,10.0,154.0,83.4,55.0,0.1,67.0,19.4,68.7,1005.3,0.0,34.3,21.3,261.3,W,33.94,33.66,30.12
632919,2021-08-17,2021,NYM,2021-08-17 18:45:00,18,3,2,5,3,20,3,13,233,83.3,4,42,0.0952,0.2308,2.0,10.0,2.0,5.0,126.0,82.2,34.0,0.4,1.0,10.0,1.0,8.0,107.0,84.4,33.0,0.125,62.8,17.1,72.3,1005.0,0.0,32.1,19.9,234.7,SW,26.16,30.93,18.24
632850,2021-08-18,2021,NYM,2021-08-18 12:45:00,12,2,6,8,1,25,4,17,344,84.1,3,61,0.0492,0.0588,0.0,14.0,2.0,7.0,160.0,83.5,55.0,0.0,1.0,11.0,1.0,10.0,184.0,84.6,73.0,0.1,69.1,20.6,60.0,1009.2,0.0,23.2,14.4,246.7,SW,21.27,23.13,16.85
632687,2021-08-30,2021,MIL,2021-08-30 18:45:00,18,1,3,4,0,18,4,15,269,84.3,3,50,0.06,0.0,0.0,10.0,1.0,6.0,129.0,85.7,39.0,0.0,0.0,8.0,3.0,9.0,140.0,83.1,50.0,0.0,62.8,17.1,77.3,1004.3,0.0,28.5,17.7,237.0,SW,23.93,27.8,17.18
632682,2021-08-31,2021,MIL,2021-08-31 18:45:00,18,2,6,8,3,24,8,18,313,81.5,7,46,0.1522,0.1667,2.0,15.0,5.0,7.0,158.0,82.1,50.0,0.2857,1.0,9.0,3.0,11.0,155.0,81.0,61.0,0.0909,62.1,16.7,73.7,1004.8,0.0,35.2,21.9,227.7,SW,26.0,32.53,16.33
632661,2021-09-01,2021,MIL,2021-09-01 18:45:00,18,2,5,7,1,23,10,17,334,83.4,3,48,0.0625,0.0588,0.0,13.0,4.0,8.0,165.0,82.6,42.0,0.0,1.0,10.0,4.0,9.0,169.0,84.0,53.0,0.1111,60.7,15.9,77.7,1009.2,0.0,28.5,17.7,240.0,SW,24.71,28.1,18.34
632659,2021-09-02,2021,MIL,2021-09-02 12:45:00,12,5,1,6,2,19,4,10,238,85.3,2,41,0.0488,0.2,2.0,5.0,3.0,5.0,116.0,84.4,42.0,0.4,0.0,14.0,1.0,5.0,122.0,86.4,33.0,0.0,63.7,17.6,66.3,1013.0,0.0,15.5,9.6,241.4,SW,13.61,15.32,10.25
632645,2021-09-03,2021,LAD,2021-09-03 18:45:00,18,3,2,5,0,18,12,16,364,83.3,1,64,0.0156,0.0,0.0,9.0,7.0,8.0,203.0,82.6,59.0,0.0,0.0,9.0,4.0,8.0,161.0,84.0,57.0,0.0,58.2,14.5,85.0,1012.2,0.0,25.4,15.8,254.0,W,24.38,25.3,20.52
632636,2021-09-04,2021,LAD,2021-09-04 18:05:00,18,1,6,7,2,19,6,15,295,81.6,3,49,0.0612,0.1333,0.0,11.0,0.0,9.0,138.0,81.1,54.0,0.0,2.0,8.0,6.0,6.0,157.0,82.2,48.0,0.3333,61.6,16.5,82.3,1011.5,0.0,23.6,14.6,251.0,W,22.28,23.56,18.31
632599,2021-09-05,2021,LAD,2021-09-05 16:08:00,16,6,4,10,2,15,11,16,301,81.8,4,51,0.0784,0.125,1.0,6.0,4.0,10.0,134.0,79.4,42.0,0.1,1.0,9.0,6.0,6.0,167.0,84.0,45.0,0.1667,63.1,17.3,76.0,1011.6,0.0,24.7,15.4,253.0,W,23.65,24.7,19.75
632520,2021-09-13,2021,SD,2021-09-13 18:45:00,18,9,1,10,4,18,6,15,283,82.9,7,48,0.1458,0.2667,4.0,7.0,4.0,8.0,155.0,83.0,54.0,0.5,0.0,11.0,2.0,7.0,128.0,82.8,40.0,0.0,62.8,17.1,77.7,1008.7,0.0,21.1,13.1,237.0,SW,17.72,20.59,12.72
632491,2021-09-14,2021,SD,2021-09-14 18:45:00,18,6,1,7,1,17,7,14,282,82.9,4,48,0.0833,0.0714,1.0,10.0,5.0,11.0,165.0,83.9,51.0,0.0909,0.0,7.0,1.0,3.0,117.0,81.7,42.0,0.0,58.9,14.9,87.3,1010.8,0.0,28.3,17.6,248.7,W,26.39,28.33,21.28
632464,2021-09-15,2021,SD,2021-09-15 18:45:00,18,6,9,15,5,10,8,25,360,83.4,5,67,0.0746,0.2,4.0,5.0,5.0,9.0,169.0,83.3,57.0,0.4444,1.0,5.0,2.0,16.0,191.0,83.5,70.0,0.0625,58.0,14.5,86.3,1010.6,0.0,28.5,17.7,242.7,SW,25.29,28.23,19.29
632473,2021-09-16,2021,SD,2021-09-16 12:45:00,12,4,7,11,2,18,5,26,339,82.6,6,58,0.1034,0.0769,1.0,10.0,2.0,12.0,177.0,80.8,64.0,0.0833,1.0,8.0,3.0,14.0,162.0,84.5,65.0,0.0714,62.0,16.7,70.3,1010.0,0.0,24.5,15.2,228.3,SW,18.3,22.77,11.63
632453,2021-09-17,2021,ATL,2021-09-17 18:45:00,18,6,5,11,5,23,8,17,336,87.8,5,57,0.0877,0.2941,4.0,13.0,3.0,8.0,197.0,88.3,45.0,0.5,1.0,10.0,0.0,9.0,139.0,87.4,53.0,0.1111,59.4,15.2,81.3,1013.8,0.0,31.0,19.3,236.0,SW,25.7,30.08,18.22
632442,2021-09-18,2021,ATL,2021-09-18 18:05:00,18,2,0,2,0,16,5,10,249,81.6,3,43,0.0698,0.0,0.0,6.0,3.0,5.0,130.0,83.5,34.0,0.0,0.0,10.0,2.0,5.0,119.0,80.0,42.0,0.0,62.2,16.8,88.0,1016.1,0.0,24.2,15.0,234.3,SW,19.66,23.3,13.65
632433,2021-09-19,2021,ATL,2021-09-19 13:05:00,13,0,3,3,2,16,1,15,254,81.9,6,50,0.12,0.1333,0.0,7.0,1.0,4.0,121.0,78.9,44.0,0.0,2.0,9.0,0.0,11.0,133.0,84.5,51.0,0.1818,64.6,18.1,78.3,1017.3,0.0,30.9,19.2,265.3,W,30.83,29.83,28.11
632307,2021-09-28,2021,AZ,2021-09-28 18:45:00,18,6,4,10,1,16,10,17,336,82.0,5,51,0.098,0.0588,0.0,8.0,7.0,9.0,181.0,79.2,57.0,0.0,1.0,8.0,3.0,8.0,155.0,85.0,54.0,0.125,63.4,17.4,63.0,1012.9,0.0,26.6,16.5,290.0,W,24.96,20.35,26.57
632298,2021-09-29,2021,AZ,2021-09-29 18:45:00,18,1,0,1,0,16,4,11,258,82.1,2,45,0.0444,0.0,0.0,6.0,4.0,7.0,153.0,81.9,58.0,0.0,0.0,10.0,0.0,4.0,105.0,82.4,37.0,0.0,64.9,18.3,61.3,1013.5,0.0,16.1,10.0,271.0,W,16.13,15.06,15.25
632278,2021-09-30,2021,AZ,2021-09-30 18:45:00,18,5,4,9,1,18,7,22,314,80.8,3,55,0.0545,0.0455,1.0,6.0,1.0,10.0,141.0,82.9,54.0,0.1,0.0,12.0,5.0,12.0,173.0,78.6,53.0,0.0,64.5,18.0,69.0,1012.8,0.0,17.5,10.9,258.0,W,17.15,17.36,14.87
632267,2021-10-01,2021,SD,2021-10-01 18:45:00,18,3,0,3,1,15,4,15,264,81.8,4,50,0.08,0.0667,1.0,8.0,4.0,6.0,138.0,83.8,49.0,0.1667,0.0,7.0,0.0,9.0,126.0,79.5,44.0,0.0,66.3,19.1,67.3,1012.2,0.0,15.9,9.9,268.6,W,15.9,15.07,14.81
632256,2021-10-02,2021,SD,2021-10-02 13:05:00,13,2,3,5,1,20,2,16,303,81.3,2,54,0.037,0.0625,1.0,11.0,0.0,5.0,145.0,82.6,55.0,0.2,0.0,9.0,1.0,11.0,158.0,79.9,54.0,0.0,75.4,24.1,42.0,1014.0,0.0,15.7,9.8,257.3,W,15.35,15.6,13.25
632241,2021-10-03,2021,SD,2021-10-03 12:05:00,12,11,4,15,1,17,8,17,266,83.8,3,50,0.06,0.0588,1.0,6.0,6.0,10.0,138.0,83.7,51.0,0.1,0.0,11.0,2.0,7.0,128.0,83.8,42.0,0.0,69.3,20.7,51.7,1013.6,0.0,14.5,9.0,249.7,W,13.63,14.53,11.08
662124,2022-04-08,2022,MIA,2022-04-08 13:35:00,13,6,5,11,5,13,10,15,310,81.9,6,59,0.1017,0.3333,3.0,7.0,6.0,6.0,154.0,85.3,46.0,0.5,2.0,6.0,3.0,9.0,156.0,79.1,57.0,0.2222,67.9,19.9,59.3,1016.1,0.0,19.9,12.4,258.0,W,19.47,19.71,16.88
662123,2022-04-09,2022,MIA,2022-04-09 13:05:00,13,1,2,3,0,28,5,10,268,82.7,3,35,0.0857,0.0,0.0,14.0,2.0,5.0,131.0,83.8,36.0,0.0,0.0,14.0,3.0,5.0,137.0,81.7,38.0,0.0,64.2,17.9,54.0,1014.3,0.0,27.7,17.2,263.7,W,27.56,26.95,24.86
662122,2022-04-10,2022,MIA,2022-04-10 13:05:00,13,3,2,5,0,14,2,17,235,82.4,3,51,0.0588,0.0,0.0,5.0,1.0,6.0,106.0,79.7,39.0,0.0,0.0,9.0,1.0,11.0,129.0,84.6,49.0,0.0,61.5,16.4,51.7,1013.1,0.0,35.2,21.9,278.0,W,34.89,31.11,34.46
662116,2022-04-11,2022,SD,2022-04-11 18:45:00,18,2,4,6,1,22,8,20,323,81.9,3,50,0.06,0.05,0.0,11.0,4.0,10.0,153.0,83.9,36.0,0.0,1.0,11.0,4.0,10.0,170.0,80.4,47.0,0.1,49.9,9.9,63.0,1014.5,0.0,34.0,21.1,295.3,NW,30.76,23.92,33.89
662104,2022-04-12,2022,SD,2022-04-12 18:45:00,18,13,2,15,3,25,10,20,328,82.5,5,43,0.1163,0.15,3.0,11.0,4.0,15.0,176.0,82.2,51.0,0.2,0.0,14.0,6.0,5.0,152.0,83.1,37.0,0.0,49.8,9.9,67.7,1021.7,0.0,36.2,22.5,283.3,W,35.19,30.22,35.92
662115,2022-04-13,2022,SD,2022-04-13 12:45:00,12,2,1,3,0,20,3,9,227,83.6,2,39,0.0513,0.0,0.0,11.0,2.0,4.0,112.0,85.8,26.0,0.0,0.0,9.0,1.0,5.0,115.0,82.3,40.0,0.0,51.6,10.9,70.7,1023.5,0.0,18.0,11.2,241.7,SW,15.81,17.78,11.94
662086,2022-04-26,2022,ATH,2022-04-26 18:45:00,18,8,2,10,2,21,6,12,296,80.5,2,42,0.0476,0.1667,2.0,6.0,3.0,7.0,134.0,81.9,45.0,0.2857,0.0,15.0,3.0,5.0,162.0,79.5,61.0,0.0,55.7,13.2,74.3,1013.1,0.0,22.7,14.1,274.7,W,22.59,20.6,21.86
662066,2022-04-27,2022,ATH,2022-04-27 18:45:00,18,0,1,1,1,18,5,10,282,80.8,2,44,0.0455,0.1,0.0,7.0,3.0,3.0,155.0,78.5,51.0,0.0,1.0,11.0,1.0,7.0,127.0,83.8,37.0,0.1429,53.6,12.0,74.0,1014.2,0.0,31.7,19.7,270.0,W,31.67,29.76,29.76
662081,2022-04-29,2022,WSH,2022-04-29 19:15:00,19,4,14,18,3,17,4,33,343,83.2,5,69,0.0725,0.0909,2.0,10.0,2.0,11.0,162.0,85.7,59.0,0.1818,1.0,7.0,2.0,22.0,181.0,81.2,73.0,0.0455,55.9,13.3,75.3,1016.1,0.0,17.3,10.7,264.0,W,17.17,16.75,15.52
662084,2022-04-30,2022,WSH,2022-04-30 13:05:00,13,9,3,12,1,15,6,22,301,82.1,0,55,0.0,0.0455,1.0,7.0,5.0,11.0,173.0,83.1,59.0,0.0909,0.0,8.0,1.0,11.0,128.0,80.6,42.0,0.0,60.4,15.8,78.7,1016.1,0.0,39.0,24.3,270.0,W,39.03,36.68,36.68
662106,2022-05-01,2022,WSH,2022-05-01 13:05:00,13,5,11,16,0,14,14,18,336,81.3,0,58,0.0,0.0,0.0,8.0,7.0,6.0,157.0,82.6,48.0,0.0,0.0,6.0,6.0,12.0,179.0,80.2,62.0,0.0,60.2,15.7,61.3,1012.8,0.0,33.0,20.5,264.3,W,32.84,31.97,29.74
662105,2022-05-05,2022,STL,2022-05-05 18:45:00,18,1,7,8,1,12,6,22,304,80.6,3,60,0.05,0.0455,0.0,5.0,4.0,10.0,150.0,82.3,55.0,0.0,1.0,7.0,2.0,12.0,154.0,79.0,61.0,0.0833,54.4,12.5,83.7,1017.2,0.0,24.0,14.9,259.0,W,23.59,23.74,20.6
662103,2022-05-06,2022,STL,2022-05-06 19:15:00,19,2,3,5,1,22,4,13,259,80.5,1,43,0.0233,0.0769,0.0,9.0,2.0,7.0,128.0,81.6,42.0,0.0,1.0,13.0,2.0,6.0,131.0,79.3,38.0,0.1667,55.3,13.0,96.7,1016.5,0.0,20.6,12.8,257.3,W,20.07,20.4,17.31
662102,2022-05-07,2022,STL,2022-05-07 16:15:00,16,13,7,20,4,16,11,23,337,82.7,4,58,0.069,0.1739,3.0,6.0,8.0,9.0,178.0,80.7,54.0,0.3333,1.0,10.0,3.0,14.0,159.0,85.0,47.0,0.0714,58.2,14.5,65.0,1015.2,0.0,36.1,22.5,280.3,W,35.55,31.19,35.62
662098,2022-05-08,2022,STL,2022-05-08 13:05:00,13,4,3,7,3,11,12,13,295,83.0,5,53,0.0943,0.2308,2.0,1.0,7.0,7.0,142.0,86.7,45.0,0.2857,1.0,10.0,5.0,6.0,153.0,79.4,47.0,0.1667,55.1,12.8,58.0,1015.4,0.0,42.0,26.1,280.3,W,41.29,36.22,41.37
662097,2022-05-09,2022,COL,2022-05-09 18:45:00,18,8,5,13,1,19,7,22,323,79.9,3,51,0.0588,0.0455,1.0,3.0,5.0,11.0,160.0,81.0,59.0,0.0909,0.0,16.0,2.0,11.0,163.0,78.6,52.0,0.0,51.1,10.6,66.3,1016.8,0.0,26.2,16.3,270.0,W,26.2,24.62,24.62
662096,2022-05-10,2022,COL,2022-05-10 18:45:00,18,9,2,11,0,13,7,22,334,81.4,3,59,0.0508,0.0,0.0,6.0,5.0,12.0,175.0,81.9,68.0,0.0,0.0,7.0,2.0,10.0,159.0,80.8,56.0,0.0,52.6,11.4,65.3,1021.6,0.0,30.5,18.9,284.3,W,29.52,25.16,30.32
662095,2022-05-11,2022,COL,2022-05-11 12:45:00,12,7,1,8,1,22,7,14,308,79.5,1,44,0.0227,0.0714,1.0,12.0,5.0,10.0,176.0,79.0,56.0,0.1,0.0,10.0,2.0,4.0,132.0,80.4,35.0,0.0,58.3,14.6,57.3,1023.1,0.0,31.5,19.6,272.3,W,31.51,29.17,30.05
662078,2022-05-20,2022,SD,2022-05-20 19:15:00,19,7,8,15,3,15,6,21,326,83.0,4,65,0.0615,0.1429,2.0,9.0,5.0,10.0,170.0,82.9,60.0,0.2,1.0,6.0,1.0,11.0,156.0,83.0,66.0,0.0909,61.2,16.2,56.3,1007.5,0.0,26.7,16.6,275.3,W,26.62,24.16,25.86
662077,2022-05-21,2022,SD,2022-05-21 13:05:00,13,1,2,3,2,16,9,12,278,80.5,3,49,0.0612,0.1667,1.0,6.0,3.0,6.0,130.0,82.7,41.0,0.1667,1.0,10.0,6.0,6.0,148.0,78.8,53.0,0.1667,61.0,16.1,59.3,1012.8,0.0,25.6,15.9,248.0,W,23.74,25.58,19.02
662076,2022-05-22,2022,SD,2022-05-22 13:05:00,13,1,10,11,0,15,6,21,296,84.4,3,60,0.05,0.0,0.0,9.0,3.0,4.0,127.0,84.8,39.0,0.0,0.0,6.0,2.0,17.0,169.0,84.1,66.0,0.0,65.5,18.6,54.0,1015.1,0.0,25.7,16.0,255.7,W,24.93,25.61,21.25
662075,2022-05-23,2022,NYM,2022-05-23 18:45:00,18,3,13,16,4,16,2,25,285,83.8,6,61,0.0984,0.16,1.0,8.0,1.0,7.0,143.0,84.4,47.0,0.1429,3.0,8.0,1.0,18.0,142.0,83.4,60.0,0.1667,64.2,17.9,58.0,1009.7,0.0,17.5,10.9,247.0,SW,16.14,17.51,12.82
662074,2022-05-24,2022,NYM,2022-05-24 18:45:00,18,13,12,25,5,17,7,37,361,84.4,5,72,0.0694,0.1351,4.0,10.0,6.0,19.0,193.0,85.1,52.0,0.2105,1.0,7.0,1.0,18.0,168.0,83.9,70.0,0.0556,68.6,20.3,49.0,1007.2,0.0,18.6,11.6,247.7,W,17.24,18.62,13.77
662093,2022-05-25,2022,NYM,2022-05-25 12:45:00,12,9,3,12,5,17,9,13,279,83.1,5,45,0.1111,0.3846,4.0,10.0,5.0,8.0,135.0,83.0,40.0,0.5,1.0,7.0,4.0,5.0,144.0,83.2,41.0,0.2,68.5,20.3,54.3,1009.3,0.0,29.1,18.1,250.3,W,27.37,29.07,22.37
662092,2022-06-07,2022,COL,2022-06-07 18:45:00,18,3,5,8,3,19,6,13,324,82.3,2,49,0.0408,0.2308,1.0,11.0,4.0,5.0,148.0,83.9,46.0,0.2,2.0,8.0,2.0,8.0,176.0,81.3,69.0,0.25,58.0,14.4,78.7,1012.8,0.0,30.8,19.1,256.0,W,29.85,30.6,25.51
662094,2022-06-08,2022,COL,2022-06-08 18:45:00,18,2,1,3,0,16,3,13,279,83.0,1,53,0.0189,0.0,0.0,8.0,3.0,7.0,145.0,83.8,48.0,0.0,0.0,8.0,0.0,6.0,134.0,82.2,51.0,0.0,59.0,15.0,81.0,1010.8,0.0,30.8,19.2,252.7,W,29.43,30.8,24.52
662091,2022-06-09,2022,COL,2022-06-09 12:45:00,12,2,4,6,0,13,3,17,288,82.0,2,57,0.0351,0.0,0.0,8.0,1.0,7.0,143.0,82.4,47.0,0.0,0.0,5.0,2.0,10.0,145.0,81.7,51.0,0.0,68.6,20.3,51.7,1012.0,0.0,20.5,12.7,247.0,SW,18.87,20.47,14.99
662090,2022-06-10,2022,LAD,2022-06-10 19:15:00,19,7,2,9,3,15,3,16,271,83.1,4,51,0.0784,0.1875,2.0,9.0,0.0,10.0,128.0,83.2,43.0,0.2,1.0,6.0,2.0,6.0,143.0,83.1,58.0,0.1667,69.6,20.9,66.3,1011.6,0.0,27.7,17.2,282.3,W,27.03,23.38,27.42
662089,2022-06-11,2022,LAD,2022-06-11 16:15:00,16,3,2,5,2,14,8,18,312,81.5,1,56,0.0179,0.1111,1.0,9.0,5.0,5.0,146.0,80.6,35.0,0.2,1.0,5.0,3.0,13.0,166.0,82.1,56.0,0.0769,67.8,19.9,73.7,1012.3,0.0,30.3,18.8,259.0,W,29.74,29.93,25.97
662085,2022-06-12,2022,LAD,2022-06-12 13:05:00,13,2,0,2,2,21,6,10,265,80.1,6,40,0.15,0.2,2.0,11.0,2.0,5.0,121.0,79.8,38.0,0.4,0.0,10.0,4.0,5.0,144.0,80.3,50.0,0.0,62.6,17.0,86.0,1011.1,0.0,25.7,16.0,244.3,SW,23.2,25.61,17.99
662069,2022-06-13,2022,KC,2022-06-13 18:45:00,18,6,2,8,0,14,10,11,277,82.3,2,46,0.0435,0.0,0.0,6.0,9.0,5.0,164.0,85.7,38.0,0.0,0.0,8.0,1.0,6.0,113.0,79.1,41.0,0.0,65.8,18.8,56.3,1014.3,0.0,25.6,15.9,292.3,W,23.71,18.95,25.61
662068,2022-06-14,2022,KC,2022-06-14 18:45:00,18,4,2,6,0,20,8,13,295,79.7,0,40,0.0,0.0,0.0,9.0,4.0,5.0,143.0,79.1,48.0,0.0,0.0,11.0,4.0,8.0,152.0,80.6,38.0,0.0,66.5,19.2,57.3,1011.8,0.0,22.2,13.8,267.0,W,22.14,21.2,20.4
662082,2022-06-15,2022,KC,2022-06-15 12:45:00,12,2,3,5,1,15,4,11,296,80.1,3,50,0.06,0.0909,1.0,8.0,3.0,7.0,178.0,81.4,54.0,0.1429,0.0,7.0,1.0,4.0,118.0,78.5,45.0,0.0,66.0,18.9,59.7,1011.7,0.0,30.6,19.0,261.0,W,30.22,30.04,26.76
662067,2022-06-24,2022,CIN,2022-06-24 19:15:00,19,2,4,6,1,17,3,12,263,82.8,1,48,0.0208,0.0833,1.0,9.0,1.0,6.0,123.0,81.6,45.0,0.1667,0.0,8.0,2.0,6.0,140.0,84.2,40.0,0.0,55.6,13.1,88.0,1010.0,0.0,25.2,15.7,243.3,SW,22.55,25.06,17.32
662083,2022-06-25,2022,CIN,2022-06-25 16:15:00,16,9,2,11,5,13,6,14,288,81.6,4,50,0.08,0.3571,4.0,6.0,4.0,9.0,147.0,84.1,46.0,0.4444,1.0,7.0,2.0,5.0,141.0,79.0,45.0,0.2,59.8,15.4,82.0,1012.4,0.0,28.7,17.8,253.3,W,27.49,28.65,23.02
662061,2022-06-26,2022,CIN,2022-06-26 13:05:00,13,3,10,13,1,15,5,19,286,82.5,4,56,0.0714,0.0526,1.0,9.0,2.0,5.0,130.0,84.6,38.0,0.2,0.0,6.0,3.0,14.0,156.0,81.1,59.0,0.0,59.7,15.4,81.3,1016.1,0.0,28.1,17.5,258.7,W,27.58,27.81,24.03
662060,2022-06-28,2022,DET,2022-06-28 18:45:00,18,4,3,7,0,17,9,17,320,82.0,0,48,0.0,0.0,0.0,9.0,5.0,7.0,172.0,77.3,51.0,0.0,0.0,8.0,4.0,10.0,148.0,88.0,40.0,0.0,61.2,16.2,73.3,1014.3,0.0,28.9,18.0,251.7,W,27.43,28.89,22.67
662080,2022-06-29,2022,DET,2022-06-29 12:45:00,12,2,3,5,2,16,5,16,290,82.0,4,52,0.0769,0.125,1.0,7.0,5.0,7.0,154.0,81.3,51.0,0.1429,1.0,9.0,0.0,9.0,136.0,82.7,49.0,0.1111,60.4,15.8,75.0,1016.3,0.0,33.4,20.7,248.7,W,31.08,33.36,25.05
662079,2022-07-01,2022,CWS,2022-07-01 19:15:00,19,0,1,1,0,14,8,9,281,86.1,2,48,0.0417,0.0,0.0,7.0,5.0,3.0,150.0,85.5,42.0,0.0,0.0,7.0,3.0,6.0,131.0,86.6,42.0,0.0,55.8,13.2,86.3,1013.4,0.0,34.3,21.3,257.0,W,33.45,34.08,28.79
662101,2022-07-02,2022,CWS,2022-07-02 13:05:00,13,3,5,8,1,13,6,16,326,80.9,2,57,0.0351,0.0625,1.0,8.0,5.0,8.0,187.0,79.9,52.0,0.125,0.0,5.0,1.0,8.0,139.0,81.8,56.0,0.0,60.6,15.9,74.3,1014.6,0.0,40.9,25.4,260.3,W,40.29,40.2,35.51
662099,2022-07-03,2022,CWS,2022-07-03 13:05:00,13,4,13,17,0,21,5,24,338,80.1,5,58,0.0862,0.0,0.0,11.0,2.0,7.0,158.0,81.0,45.0,0.0,0.0,10.0,3.0,17.0,180.0,79.6,69.0,0.0,60.1,15.6,72.3,1015.5,0.0,30.7,19.1,255.7,W,29.78,30.58,25.38
662100,2022-07-11,2022,AZ,2022-07-11 18:45:00,18,3,4,7,0,11,11,18,326,82.1,2,58,0.0345,0.0,0.0,5.0,4.0,8.0,152.0,80.3,52.0,0.0,0.0,6.0,6.0,10.0,174.0,83.7,59.0,0.0,58.6,14.8,92.0,1010.0,0.0,26.0,16.2,247.7,W,24.08,26.01,19.24
662108,2022-07-12,2022,AZ,2022-07-12 18:45:00,18,13,0,13,4,20,5,22,301,84.7,5,53,0.0943,0.1818,4.0,10.0,3.0,14.0,158.0,85.5,44.0,0.2857,0.0,10.0,2.0,8.0,143.0,83.9,44.0,0.0,61.8,16.5,84.0,1010.5,0.0,27.6,17.1,241.0,SW,24.14,27.26,18.11
662107,2022-07-13,2022,AZ,2022-07-13 12:45:00,12,4,3,7,3,14,8,17,289,81.8,5,50,0.1,0.1765,2.0,8.0,3.0,9.0,131.0,81.5,44.0,0.2222,1.0,6.0,5.0,8.0,158.0,82.2,46.0,0.125,63.1,17.3,73.0,1014.7,0.0,22.1,13.7,255.0,W,21.35,22.02,18.1
662109,2022-07-14,2022,MIL,2022-07-14 18:45:00,18,2,3,5,0,24,7,17,342,82.3,3,51,0.0588,0.0,0.0,13.0,3.0,4.0,156.0,81.3,37.0,0.0,0.0,11.0,4.0,13.0,186.0,82.9,67.0,0.0,61.2,16.2,75.3,1012.2,0.0,32.7,20.3,262.0,W,32.35,31.95,28.84
662072,2022-07-15,2022,MIL,2022-07-15 19:15:00,19,8,5,13,3,18,11,17,341,79.6,5,52,0.0962,0.1765,3.0,5.0,5.0,11.0,155.0,80.6,46.0,0.2727,0.0,13.0,6.0,6.0,186.0,78.7,48.0,0.0,60.7,16.0,81.7,1012.4,0.0,24.8,15.4,241.7,SW,21.86,24.57,16.51
662113,2022-07-16,2022,MIL,2022-07-16 16:15:00,16,2,1,3,1,13,4,9,257,83.7,1,46,0.0217,0.1111,1.0,6.0,3.0,4.0,132.0,84.0,43.0,0.25,0.0,7.0,1.0,5.0,125.0,83.3,41.0,0.0,65.7,18.7,68.7,1010.0,0.0,24.3,15.1,247.7,W,22.48,24.28,17.96
662059,2022-07-17,2022,MIL,2022-07-17 13:05:00,13,9,5,14,4,18,5,21,272,85.5,7,51,0.1373,0.1905,2.0,9.0,3.0,12.0,142.0,86.3,44.0,0.1667,2.0,9.0,2.0,9.0,130.0,84.8,46.0,0.2222,64.2,17.9,71.0,1009.2,0.0,30.9,19.2,240.3,SW,26.88,30.49,20.02
662058,2022-07-28,2022,CHC,2022-07-28 18:45:00,18,4,2,6,1,19,4,10,269,83.1,1,42,0.0238,0.1,0.0,12.0,2.0,7.0,144.0,83.1,40.0,0.0,1.0,7.0,2.0,3.0,125.0,83.1,40.0,0.3333,56.2,13.5,92.0,1011.0,0.0,31.9,19.8,249.0,W,29.78,31.9,24.08
662057,2022-07-29,2022,CHC,2022-07-29 19:15:00,19,2,4,6,2,20,7,19,304,82.0,1,52,0.0192,0.1053,1.0,6.0,3.0,13.0,152.0,82.1,60.0,0.0769,1.0,14.0,4.0,6.0,152.0,81.8,38.0,0.1667,56.4,13.6,87.7,1010.9,0.0,31.2,19.4,235.3,SW,25.69,30.22,18.06
662112,2022-07-30,2022,CHC,2022-07-30 18:05:00,18,5,4,9,2,19,5,17,309,82.8,2,50,0.04,0.1176,2.0,10.0,4.0,7.0,156.0,83.6,44.0,0.2857,0.0,9.0,1.0,10.0,153.0,82.2,53.0,0.0,58.0,14.4,87.3,1012.4,0.0,28.4,17.7,255.7,W,27.55,28.29,23.48
662071,2022-07-31,2022,CHC,2022-07-31 16:08:00,16,4,0,4,0,24,3,13,283,81.8,2,39,0.0513,0.0,0.0,11.0,3.0,9.0,151.0,81.1,41.0,0.0,0.0,13.0,0.0,4.0,132.0,82.6,41.0,0.0,60.6,15.9,84.7,1014.2,0.0,27.6,17.2,264.7,W,27.51,26.73,24.98
662070,2022-08-01,2022,LAD,2022-08-01 18:45:00,18,2,8,10,3,13,5,16,285,82.5,7,55,0.1273,0.1875,1.0,8.0,2.0,5.0,137.0,81.0,56.0,0.2,2.0,5.0,3.0,11.0,148.0,84.5,42.0,0.1818,66.9,19.4,66.3,1013.7,0.0,14.8,9.2,268.0,W,14.82,14.11,13.75
662056,2022-08-02,2022,LAD,2022-08-02 18:45:00,18,5,9,14,2,17,5,20,277,77.4,4,55,0.0727,0.1,1.0,8.0,4.0,7.0,130.0,73.4,56.0,0.1429,1.0,9.0,1.0,13.0,147.0,81.5,56.0,0.0769,61.5,16.4,79.0,1013.9,0.0,29.4,18.3,254.0,W,28.26,29.33,23.78
662055,2022-08-03,2022,LAD,2022-08-03 18:45:00,18,0,3,3,0,18,5,14,274,81.7,4,49,0.0816,0.0,0.0,8.0,1.0,8.0,133.0,80.6,59.0,0.0,0.0,10.0,4.0,6.0,141.0,83.3,43.0,0.0,61.8,16.6,82.3,1009.7,0.0,25.6,15.9,240.0,SW,22.17,25.21,16.46
662114,2022-08-04,2022,LAD,2022-08-04 12:45:00,12,3,5,8,3,22,4,13,301,80.0,6,44,0.1364,0.2308,1.0,8.0,2.0,5.0,130.0,80.8,41.0,0.2,2.0,14.0,2.0,8.0,171.0,79.6,63.0,0.25,65.8,18.8,74.0,1011.4,0.0,29.0,18.0,245.3,SW,26.32,28.87,20.6
662111,2022-08-12,2022,PIT,2022-08-12 19:15:00,19,5,3,8,4,14,7,17,314,79.6,4,53,0.0755,0.2353,1.0,4.0,5.0,7.0,156.0,80.9,49.0,0.1429,3.0,10.0,1.0,10.0,158.0,78.3,49.0,0.3,62.5,17.0,81.0,1014.1,0.0,28.2,17.5,260.7,W,27.86,27.75,24.61
662110,2022-08-13,2022,PIT,2022-08-13 18:05:00,18,2,0,2,1,22,8,9,272,82.2,4,38,0.1053,0.1111,1.0,12.0,5.0,4.0,158.0,79.7,37.0,0.25,0.0,10.0,3.0,5.0,114.0,85.4,29.0,0.0,64.2,17.9,78.7,1013.5,0.0,29.9,18.6,253.0,W,28.59,29.86,23.88
662035,2022-08-14,2022,PIT,2022-08-14 13:05:00,13,8,7,15,3,23,7,24,319,81.6,3,51,0.0588,0.125,2.0,8.0,4.0,13.0,157.0,81.4,42.0,0.1538,1.0,15.0,3.0,11.0,162.0,81.8,46.0,0.0909,71.0,21.7,60.7,1013.2,0.0,23.2,14.4,256.7,W,22.57,23.04,19.38
662034,2022-08-15,2022,AZ,2022-08-15 18:45:00,18,6,1,7,2,17,8,15,278,83.2,6,47,0.1277,0.1333,1.0,10.0,3.0,9.0,133.0,85.6,46.0,0.1111,1.0,7.0,5.0,6.0,145.0,81.1,50.0,0.1667,70.7,21.5,61.0,1007.7,0.0,16.7,10.4,239.7,SW,14.39,16.4,10.64
662004,2022-08-16,2022,AZ,2022-08-16 18:45:00,18,2,1,3,2,20,2,12,262,82.4,5,44,0.1136,0.1667,1.0,10.0,2.0,7.0,130.0,84.3,48.0,0.1429,1.0,10.0,0.0,5.0,132.0,80.3,43.0,0.2,61.0,16.1,87.0,1006.5,0.0,22.2,13.8,241.7,SW,19.51,21.93,14.74
662003,2022-08-17,2022,AZ,2022-08-17 18:45:00,18,2,3,5,2,23,5,14,285,83.9,6,44,0.1364,0.1429,2.0,9.0,3.0,8.0,132.0,83.6,37.0,0.25,0.0,14.0,2.0,6.0,153.0,84.2,39.0,0.0,61.6,16.4,88.0,1010.7,0.0,25.7,15.9,247.3,SW,23.68,25.64,18.87
662002,2022-08-18,2022,AZ,2022-08-18 12:45:00,12,0,5,5,0,17,4,17,276,82.5,1,50,0.02,0.0,0.0,12.0,0.0,4.0,112.0,80.0,31.0,0.0,0.0,5.0,4.0,13.0,164.0,83.8,60.0,0.0,60.1,15.6,83.3,1013.7,0.0,29.2,18.2,252.3,W,27.85,29.21,23.14
662001,2022-08-29,2022,SD,2022-08-29 18:45:00,18,5,6,11,2,10,9,18,325,84.5,5,59,0.0847,0.1111,1.0,7.0,3.0,11.0,162.0,83.9,55.0,0.0909,1.0,3.0,6.0,7.0,163.0,85.1,57.0,0.1429,57.7,14.3,93.3,1011.8,0.0,23.4,14.5,252.0,W,22.25,23.39,18.44
662000,2022-08-30,2022,SD,2022-08-30 18:45:00,18,3,4,7,2,20,8,16,330,81.6,3,50,0.06,0.125,1.0,11.0,5.0,7.0,159.0,81.2,46.0,0.1429,1.0,9.0,3.0,9.0,171.0,81.9,51.0,0.1111,58.5,14.7,94.0,1014.1,0.0,24.7,15.3,256.0,W,23.93,24.53,20.45
662033,2022-08-31,2022,SD,2022-08-31 12:45:00,12,4,5,9,0,22,5,15,293,82.2,2,44,0.0455,0.0,0.0,14.0,2.0,6.0,137.0,80.7,42.0,0.0,0.0,8.0,3.0,9.0,156.0,83.5,51.0,0.0,62.7,17.0,69.0,1014.7,0.0,24.5,15.2,254.7,W,23.66,24.45,20.01
662032,2022-09-02,2022,PHI,2022-09-02 19:15:00,19,13,1,14,1,18,11,16,306,81.9,3,48,0.0625,0.0625,1.0,9.0,10.0,11.0,200.0,81.5,64.0,0.0909,0.0,9.0,1.0,5.0,106.0,82.8,31.0,0.0,63.4,17.5,76.3,1009.9,0.0,25.0,15.5,260.0,W,24.59,24.59,21.62
662031,2022-09-03,2022,PHI,2022-09-03 13:05:00,13,5,4,9,1,20,8,23,318,81.8,5,51,0.098,0.0435,0.0,10.0,5.0,11.0,170.0,78.5,52.0,0.0,1.0,10.0,3.0,12.0,148.0,85.7,45.0,0.0833,73.0,22.8,52.7,1012.2,0.0,24.5,15.2,255.7,W,23.74,24.38,20.23
662030,2022-09-04,2022,PHI,2022-09-04 13:05:00,13,5,3,8,2,26,7,17,318,82.0,4,43,0.093,0.1176,1.0,12.0,5.0,8.0,165.0,82.7,45.0,0.125,1.0,14.0,2.0,9.0,153.0,81.4,50.0,0.1111,68.5,20.3,66.0,1010.5,0.0,20.8,12.9,248.3,W,19.33,20.79,15.54
662029,2022-09-12,2022,ATL,2022-09-12 18:45:00,18,3,2,5,0,21,2,20,265,82.5,1,46,0.0217,0.0,0.0,14.0,1.0,10.0,133.0,85.0,37.0,0.0,0.0,7.0,1.0,10.0,132.0,80.5,45.0,0.0,61.8,16.5,85.3,1011.2,0.0,31.6,19.6,251.7,W,30.0,31.59,24.79
662028,2022-09-13,2022,ATL,2022-09-13 18:45:00,18,1,5,6,1,14,8,14,312,82.5,3,51,0.0588,0.0714,0.0,9.0,5.0,4.0,150.0,81.9,46.0,0.0,1.0,5.0,3.0,10.0,162.0,82.8,63.0,0.1,62.6,17.0,82.3,1010.5,0.0,27.2,16.9,252.0,W,25.87,27.18,21.43
662027,2022-09-14,2022,ATL,2022-09-14 12:45:00,12,4,1,5,0,23,4,11,276,81.3,1,37,0.027,0.0,0.0,10.0,3.0,5.0,143.0,82.0,51.0,0.0,0.0,13.0,1.0,6.0,133.0,80.4,37.0,0.0,64.5,18.0,76.0,1013.8,0.0,21.7,13.5,254.0,W,20.89,21.68,17.58
662026,2022-09-16,2022,LAD,2022-09-16 19:15:00,19,0,5,5,0,17,4,11,287,81.7,0,47,0.0,0.0,0.0,9.0,1.0,2.0,120.0,79.9,40.0,0.0,0.0,8.0,3.0,9.0,167.0,83.1,52.0,0.0,59.7,15.4,83.7,1011.3,0.0,26.4,16.4,262.7,W,26.18,25.76,23.45
662024,2022-09-17,2022,LAD,2022-09-17 18:05:00,18,2,7,9,2,17,6,18,291,82.7,4,55,0.0727,0.1111,1.0,13.0,2.0,5.0,142.0,77.5,47.0,0.2,1.0,4.0,4.0,13.0,149.0,87.1,55.0,0.0769,61.8,16.5,79.0,1006.2,0.0,24.1,15.0,245.7,SW,21.96,24.03,17.24
662025,2022-09-18,2022,LAD,2022-09-18 16:08:00,16,3,4,7,0,25,13,12,364,82.6,4,46,0.087,0.0,0.0,17.0,5.0,6.0,191.0,83.1,61.0,0.0,0.0,8.0,6.0,6.0,173.0,82.0,56.0,0.0,65.9,18.8,75.3,1002.4,1.8,34.5,21.5,173.3,S,-4.01,7.96,-15.5
662046,2022-09-27,2022,COL,2022-09-27 18:45:00,18,5,2,7,2,17,4,17,260,82.4,1,50,0.02,0.1176,2.0,7.0,1.0,9.0,125.0,84.9,42.0,0.2222,0.0,10.0,3.0,8.0,135.0,79.9,43.0,0.0,61.8,16.5,80.0,1013.1,0.0,22.7,14.1,270.0,W,22.67,21.3,21.3
662045,2022-09-28,2022,COL,2022-09-28 18:45:00,18,6,3,9,1,24,8,13,324,80.4,2,41,0.0488,0.0769,0.0,13.0,4.0,9.0,167.0,80.3,58.0,0.0,1.0,11.0,4.0,4.0,157.0,80.6,46.0,0.25,63.3,17.4,85.7,1015.3,0.0,27.4,17.0,268.7,W,27.36,25.93,25.49
662050,2022-09-29,2022,COL,2022-09-29 18:45:00,18,6,4,10,2,19,4,16,296,80.7,3,46,0.0652,0.125,1.0,7.0,3.0,9.0,120.0,81.4,46.0,0.1111,1.0,12.0,1.0,7.0,176.0,80.1,64.0,0.1429,66.6,19.2,72.0,1012.0,0.0,16.4,10.2,256.3,W,15.94,16.3,13.65
662049,2022-09-30,2022,AZ,2022-09-30 19:15:00,19,10,4,14,4,13,6,23,299,83.7,6,59,0.1017,0.1739,4.0,5.0,3.0,12.0,148.0,82.8,60.0,0.3333,0.0,8.0,3.0,11.0,151.0,84.9,44.0,0.0,61.0,16.1,89.3,1007.4,0.0,17.9,11.1,238.7,SW,15.26,17.52,11.16
662023,2022-10-01,2022,AZ,2022-10-01 13:05:00,13,4,8,12,2,14,7,20,297,82.4,4,60,0.0667,0.1,2.0,8.0,3.0,8.0,150.0,83.4,52.0,0.25,0.0,6.0,4.0,12.0,147.0,81.3,52.0,0.0,63.3,17.4,75.3,1009.8,0.0,25.3,15.7,243.0,SW,22.51,25.08,17.23
662022,2022-10-02,2022,AZ,2022-10-02 13:05:00,13,4,3,7,1,11,9,19,320,83.4,5,62,0.0806,0.0526,1.0,9.0,7.0,6.0,172.0,85.6,42.0,0.1667,0.0,2.0,2.0,13.0,148.0,81.8,59.0,0.0,65.0,18.3,63.7,1014.7,0.0,22.2,13.8,257.7,W,21.72,22.03,18.79
718680,2023-04-07,2023,KC,2023-04-07 13:35:00,13,1,3,4,2,15,6,14,275,84.9,3,49,0.0612,0.1429,0.0,8.0,5.0,5.0,152.0,83.0,53.0,0.0,2.0,7.0,1.0,9.0,123.0,87.2,43.0,0.2222,55.6,13.1,84.7,1015.6,0.0,26.7,16.6,185.0,S,2.32,11.27,-6.9
718672,2023-04-08,2023,KC,2023-04-08 13:05:00,13,5,6,11,4,21,1,20,265,87.1,7,51,0.1373,0.2,1.0,11.0,0.0,12.0,129.0,86.9,45.0,0.0833,3.0,10.0,1.0,8.0,136.0,87.3,45.0,0.375,55.3,12.9,77.0,1019.5,0.0,9.2,5.7,277.3,W,9.16,8.2,9.01
718643,2023-04-09,2023,KC,2023-04-09 13:05:00,13,3,1,4,1,21,1,10,242,77.1,2,39,0.0513,0.1,1.0,11.0,1.0,5.0,117.0,73.4,37.0,0.2,0.0,10.0,0.0,5.0,125.0,80.2,44.0,0.0,60.1,15.6,72.0,1021.1,0.0,16.7,10.4,267.3,W,16.72,15.97,15.44
718641,2023-04-10,2023,LAD,2023-04-10 18:45:00,18,1,9,10,4,24,4,16,291,86.1,6,45,0.1333,0.25,1.0,13.0,2.0,7.0,145.0,86.6,42.0,0.1429,3.0,11.0,2.0,9.0,146.0,85.6,44.0,0.3333,52.9,11.6,97.3,1015.9,0.0,27.9,17.3,262.3,W,27.62,27.22,24.68
718624,2023-04-11,2023,LAD,2023-04-11 18:45:00,18,5,0,5,2,18,11,10,296,84.6,7,42,0.1667,0.2,2.0,7.0,6.0,7.0,141.0,85.8,35.0,0.2857,0.0,11.0,5.0,3.0,155.0,83.5,39.0,0.0,52.2,11.2,76.7,1016.1,0.0,32.9,20.4,283.3,W,32.01,27.49,32.68
718612,2023-04-12,2023,LAD,2023-04-12 18:45:00,18,5,10,15,4,18,9,23,375,83.5,7,58,0.1207,0.1739,1.0,9.0,2.0,10.0,168.0,81.4,58.0,0.1,3.0,9.0,7.0,13.0,207.0,85.5,61.0,0.2308,52.8,11.6,69.3,1010.0,0.0,19.0,11.8,286.0,W,18.26,15.37,18.95
718503,2023-04-20,2023,NYM,2023-04-20 18:45:00,18,4,9,13,5,13,8,20,301,85.3,2,58,0.0345,0.25,2.0,5.0,4.0,7.0,132.0,84.2,42.0,0.2857,3.0,8.0,4.0,13.0,169.0,86.2,49.0,0.2308,57.1,13.9,66.3,1024.5,0.0,20.2,12.6,279.3,W,19.97,17.64,19.88
718480,2023-04-21,2023,NYM,2023-04-21 19:15:00,19,0,7,7,1,21,4,18,265,86.7,3,48,0.0625,0.0556,0.0,12.0,2.0,5.0,126.0,85.0,39.0,0.0,1.0,9.0,2.0,13.0,139.0,88.2,44.0,0.0769,60.7,15.9,77.0,1019.1,0.0,12.1,7.5,271.7,W,12.13,11.28,11.52
718478,2023-04-22,2023,NYM,2023-04-22 13:05:00,13,7,4,11,3,20,4,17,284,82.4,6,47,0.1277,0.1765,2.0,11.0,3.0,7.0,149.0,83.3,42.0,0.2857,1.0,9.0,1.0,10.0,135.0,81.6,43.0,0.1,60.8,16.0,81.7,1014.2,0.0,22.4,13.9,250.3,W,21.09,22.4,17.24
718455,2023-04-23,2023,NYM,2023-04-23 16:10:00,16,5,4,9,2,20,3,16,288,81.6,2,47,0.0426,0.125,1.0,10.0,2.0,8.0,156.0,81.4,48.0,0.125,1.0,10.0,1.0,8.0,132.0,81.8,43.0,0.125,58.1,14.5,76.0,1011.5,0.0,31.3,19.5,269.3,W,31.33,29.57,29.32
718446,2023-04-24,2023,STL,2023-04-24 18:45:00,18,4,0,4,1,14,3,14,255,80.9,2,51,0.0392,0.0714,1.0,10.0,1.0,8.0,146.0,78.8,41.0,0.125,0.0,4.0,1.0,6.0,109.0,82.7,46.0,0.0,55.1,12.8,77.0,1012.9,0.0,21.9,13.6,261.3,W,21.62,21.44,19.19
718439,2023-04-25,2023,STL,2023-04-25 18:45:00,18,5,4,9,3,17,2,18,277,82.8,5,51,0.098,0.1667,2.0,9.0,2.0,9.0,151.0,84.3,48.0,0.2222,1.0,8.0,0.0,9.0,126.0,81.3,49.0,0.1111,57.1,14.0,74.7,1011.9,0.0,23.5,14.6,253.0,W,22.51,23.5,18.8
718423,2023-04-26,2023,STL,2023-04-26 18:45:00,18,7,3,10,4,17,11,21,342,84.5,7,52,0.1346,0.1905,2.0,11.0,5.0,13.0,187.0,84.8,52.0,0.1538,2.0,6.0,6.0,8.0,155.0,84.2,44.0,0.25,52.7,11.5,97.0,1012.3,0.0,20.1,12.5,247.0,SW,18.53,20.11,14.72
718409,2023-04-27,2023,STL,2023-04-27 12:45:00,12,0,6,6,2,19,5,18,310,83.1,6,52,0.1154,0.1111,0.0,10.0,3.0,6.0,143.0,80.7,53.0,0.0,2.0,9.0,2.0,12.0,167.0,85.3,55.0,0.1667,59.4,15.2,85.7,1012.7,0.0,14.3,8.9,257.0,W,13.9,14.16,11.96
718293,2023-05-05,2023,MIL,2023-05-05 19:15:00,19,6,4,10,2,20,9,12,298,83.2,4,42,0.0952,0.1667,2.0,8.0,6.0,5.0,140.0,88.2,30.0,0.4,0.0,12.0,3.0,7.0,158.0,80.6,58.0,0.0,53.9,12.2,85.7,1017.2,1.4,21.7,13.5,225.3,SW,15.46,19.75,9.3
718287,2023-05-06,2023,MIL,2023-05-06 16:15:00,16,4,1,5,2,12,6,12,268,81.4,2,50,0.04,0.1667,2.0,5.0,1.0,6.0,120.0,79.7,46.0,0.3333,0.0,7.0,5.0,6.0,148.0,83.3,41.0,0.0,55.5,13.1,83.0,1017.8,0.0,20.5,12.7,254.0,W,19.68,20.42,16.56
718267,2023-05-07,2023,MIL,2023-05-07 13:05:00,13,3,7,10,3,20,6,25,321,81.9,6,55,0.1091,0.12,1.0,14.0,1.0,13.0,164.0,82.9,53.0,0.0769,2.0,6.0,5.0,12.0,157.0,81.1,62.0,0.1667,56.1,13.4,79.7,1019.4,0.0,22.7,14.1,259.0,W,22.28,22.42,19.46
718260,2023-05-08,2023,WSH,2023-05-08 18:45:00,18,1,5,6,1,10,4,17,237,83.0,1,55,0.0182,0.0588,1.0,6.0,3.0,6.0,126.0,81.7,43.0,0.1667,0.0,4.0,1.0,11.0,111.0,84.0,51.0,0.0,55.5,13.1,70.7,1017.1,0.0,24.3,15.1,268.3,W,24.26,23.03,22.55
718250,2023-05-09,2023,WSH,2023-05-09 18:45:00,18,4,1,5,1,14,5,20,281,81.1,2,57,0.0351,0.05,1.0,5.0,3.0,10.0,144.0,80.6,61.0,0.1,0.0,9.0,2.0,10.0,137.0,81.7,52.0,0.0,55.7,13.2,84.3,1014.5,0.0,29.9,18.6,271.0,W,29.9,27.91,28.27
718230,2023-05-10,2023,WSH,2023-05-10 12:45:00,12,6,11,17,4,12,10,20,277,84.5,7,61,0.1148,0.2,2.0,4.0,5.0,8.0,123.0,83.4,46.0,0.25,2.0,8.0,5.0,12.0,154.0,85.3,60.0,0.1667,55.9,13.3,73.0,1018.2,0.1,27.7,17.2,258.0,W,27.13,27.46,23.52
718170,2023-05-15,2023,PHI,2023-05-15 18:45:00,18,6,3,9,2,17,7,16,286,84.7,3,51,0.0588,0.125,1.0,8.0,2.0,10.0,137.0,82.7,51.0,0.1,1.0,9.0,5.0,6.0,149.0,87.3,38.0,0.1667,56.7,13.7,90.0,1016.9,0.0,21.0,13.0,252.7,W,20.05,20.98,16.7
718156,2023-05-16,2023,PHI,2023-05-16 18:45:00,18,4,3,7,1,21,7,20,286,83.7,3,49,0.0612,0.05,0.0,11.0,1.0,10.0,129.0,84.1,37.0,0.0,1.0,10.0,6.0,10.0,157.0,83.5,49.0,0.1,60.4,15.8,79.0,1012.9,0.0,24.1,15.0,254.7,W,23.27,24.05,19.69
718143,2023-05-17,2023,PHI,2023-05-17 12:45:00,12,7,4,11,1,18,7,19,315,80.0,2,52,0.0385,0.0526,0.0,8.0,5.0,11.0,173.0,78.5,54.0,0.0,1.0,10.0,2.0,8.0,142.0,81.8,45.0,0.125,58.0,14.5,83.0,1013.3,0.0,27.3,17.0,251.0,W,25.84,27.33,21.24
718105,2023-05-19,2023,MIA,2023-05-19 19:15:00,19,4,3,7,1,18,8,11,274,81.3,2,44,0.0455,0.0909,0.0,8.0,4.0,5.0,136.0,81.9,40.0,0.0,1.0,10.0,3.0,6.0,138.0,80.7,44.0,0.1667,55.5,13.1,85.7,1015.9,0.0,32.0,19.9,252.7,W,30.52,31.93,25.42
718103,2023-05-20,2023,MIA,2023-05-20 13:05:00,13,0,1,1,0,21,4,8,267,79.7,0,40,0.0,0.0,0.0,10.0,1.0,3.0,119.0,81.9,38.0,0.0,0.0,11.0,2.0,5.0,148.0,77.4,38.0,0.0,58.1,14.5,78.3,1019.0,0.0,34.4,21.4,256.3,W,33.39,34.16,28.6
718078,2023-05-21,2023,MIA,2023-05-21 13:05:00,13,7,5,12,4,17,2,22,279,82.0,4,54,0.0741,0.1818,2.0,10.0,2.0,9.0,140.0,81.3,46.0,0.2222,2.0,7.0,0.0,13.0,139.0,82.6,47.0,0.1538,57.8,14.3,85.0,1014.8,0.0,20.3,12.6,248.3,W,18.83,20.26,15.14
717978,2023-05-29,2023,PIT,2023-05-29 14:05:00,14,14,4,18,4,6,4,27,256,85.5,8,71,0.1127,0.1481,2.0,3.0,4.0,18.0,160.0,85.3,54.0,0.1111,2.0,3.0,0.0,9.0,96.0,85.7,40.0,0.2222,60.6,15.9,68.3,1012.9,0.0,32.3,20.0,237.3,SW,27.16,31.48,19.57
717972,2023-05-30,2023,PIT,2023-05-30 18:45:00,18,1,2,3,1,20,9,11,292,81.5,2,41,0.0488,0.0909,0.0,9.0,7.0,5.0,153.0,81.5,45.0,0.0,1.0,11.0,2.0,6.0,139.0,81.5,34.0,0.1667,56.6,13.7,78.3,1012.9,0.0,27.2,16.9,253.3,W,26.06,27.15,21.82
717953,2023-05-31,2023,PIT,2023-05-31 12:45:00,12,4,9,13,0,23,4,26,301,80.4,3,51,0.0588,0.0,0.0,11.0,1.0,12.0,147.0,83.7,54.0,0.0,0.0,12.0,3.0,14.0,154.0,76.8,51.0,0.0,57.2,14.0,74.7,1011.4,0.0,24.8,15.4,239.7,SW,21.43,24.43,15.85
717920,2023-06-02,2023,BAL,2023-06-02 19:15:00,19,2,3,5,2,19,4,10,267,82.6,4,41,0.0976,0.2,1.0,12.0,3.0,6.0,150.0,83.3,43.0,0.1667,1.0,7.0,1.0,4.0,117.0,82.0,42.0,0.25,56.7,13.7,81.3,1013.1,0.0,25.6,15.9,247.0,SW,23.53,25.53,18.7
717916,2023-06-03,2023,BAL,2023-06-03 19:05:00,19,4,0,4,0,19,4,15,276,81.9,3,47,0.0638,0.0,0.0,11.0,4.0,10.0,158.0,83.4,44.0,0.0,0.0,8.0,0.0,5.0,118.0,80.2,37.0,0.0,59.5,15.3,77.0,1010.1,0.0,22.1,13.7,233.7,SW,17.8,21.21,12.25
717890,2023-06-04,2023,BAL,2023-06-04 13:05:00,13,3,8,11,2,20,6,16,309,79.8,2,49,0.0408,0.125,1.0,11.0,3.0,5.0,152.0,76.9,49.0,0.2,1.0,9.0,3.0,11.0,157.0,82.5,52.0,0.0909,60.2,15.7,74.7,1009.1,0.0,27.1,16.8,243.3,SW,24.22,26.92,18.6
717823,2023-06-09,2023,CHC,2023-06-09 19:15:00,19,2,3,5,0,14,9,14,267,83.5,0,48,0.0,0.0,0.0,9.0,4.0,7.0,129.0,82.7,41.0,0.0,0.0,5.0,5.0,7.0,138.0,84.1,51.0,0.0,56.0,13.3,82.3,1014.1,0.0,26.3,16.3,270.0,W,26.27,24.68,24.68
717826,2023-06-10,2023,CHC,2023-06-10 16:35:00,16,0,4,4,2,15,2,6,255,80.0,6,45,0.1333,0.3333,0.0,4.0,1.0,1.0,106.0,82.3,36.0,0.0,2.0,11.0,1.0,5.0,149.0,78.6,59.0,0.4,56.8,13.8,81.3,1010.8,0.0,27.2,16.9,244.3,SW,24.55,27.1,19.03
717796,2023-06-11,2023,CHC,2023-06-11 13:05:00,13,13,3,16,4,13,8,22,340,81.0,6,63,0.0952,0.1818,4.0,6.0,5.0,15.0,161.0,84.2,57.0,0.2667,0.0,7.0,3.0,7.0,179.0,78.3,68.0,0.0,61.5,16.4,70.3,1009.3,0.0,30.6,19.0,233.0,SW,24.44,29.26,16.67
717697,2023-06-19,2023,SD,2023-06-19 18:45:00,18,7,4,11,5,12,9,16,315,83.8,5,61,0.082,0.3125,3.0,4.0,6.0,6.0,158.0,86.3,54.0,0.5,2.0,8.0,1.0,10.0,157.0,81.4,58.0,0.2,59.3,15.2,66.7,1015.2,0.0,30.0,18.6,274.0,W,29.89,27.38,28.81
717688,2023-06-20,2023,SD,2023-06-20 18:45:00,18,4,3,7,2,15,7,18,278,82.6,2,55,0.0364,0.1111,1.0,6.0,5.0,8.0,126.0,85.8,42.0,0.125,1.0,9.0,2.0,10.0,152.0,80.3,57.0,0.1,59.5,15.3,70.3,1017.1,0.0,31.0,19.2,275.0,W,30.85,28.07,29.91
717674,2023-06-21,2023,SD,2023-06-21 18:45:00,18,4,2,6,0,17,9,16,278,82.8,0,44,0.0,0.0,0.0,8.0,3.0,8.0,132.0,83.7,45.0,0.0,0.0,9.0,6.0,8.0,146.0,81.8,42.0,0.0,57.1,14.0,79.7,1013.7,0.0,28.7,17.9,256.3,W,27.92,28.56,23.91
717661,2023-06-22,2023,SD,2023-06-22 12:45:00,12,0,10,10,3,20,6,14,283,82.6,4,46,0.087,0.2143,0.0,14.0,0.0,3.0,124.0,80.0,28.0,0.0,3.0,6.0,6.0,11.0,159.0,84.0,50.0,0.2727,61.5,16.4,64.7,1012.8,0.0,28.5,17.7,234.3,SW,23.13,27.41,16.06
717641,2023-06-23,2023,AZ,2023-06-23 19:15:00,19,8,5,13,2,14,6,20,276,84.0,5,56,0.0893,0.1,1.0,7.0,4.0,12.0,144.0,86.4,43.0,0.0833,1.0,7.0,2.0,8.0,132.0,81.8,47.0,0.125,56.9,13.8,82.3,1016.7,0.0,27.3,17.0,266.0,W,27.27,26.27,24.97
717639,2023-06-24,2023,AZ,2023-06-24 13:05:00,13,7,6,13,2,19,4,22,266,81.1,1,54,0.0185,0.0909,1.0,7.0,2.0,10.0,117.0,83.8,38.0,0.1,1.0,12.0,2.0,12.0,149.0,79.4,57.0,0.0833,59.7,15.4,73.0,1017.5,0.0,31.7,19.7,262.0,W,31.42,31.04,28.02
717612,2023-06-25,2023,AZ,2023-06-25 13:05:00,13,2,5,7,1,15,9,16,298,82.3,6,53,0.1132,0.0625,0.0,9.0,5.0,6.0,142.0,81.6,54.0,0.0,1.0,6.0,4.0,10.0,156.0,83.1,47.0,0.1,59.5,15.3,75.0,1017.7,0.0,29.5,18.3,258.3,W,28.89,29.19,25.11
717516,2023-07-03,2023,SEA,2023-07-03 18:45:00,18,5,6,11,2,23,4,17,269,84.8,5,49,0.102,0.1176,2.0,11.0,2.0,7.0,132.0,84.5,45.0,0.2857,0.0,12.0,2.0,10.0,137.0,85.2,41.0,0.0,58.5,14.7,83.7,1011.0,0.0,24.3,15.1,242.7,SW,21.59,24.1,16.47
717509,2023-07-04,2023,SEA,2023-07-04 13:35:00,13,0,6,6,2,16,1,18,263,85.6,3,55,0.0545,0.1111,0.0,7.0,0.0,5.0,105.0,86.5,39.0,0.0,2.0,9.0,1.0,13.0,158.0,85.0,55.0,0.1538,63.0,17.2,63.7,1012.3,0.0,26.5,16.4,251.3,W,25.07,26.46,20.67
717490,2023-07-05,2023,SEA,2023-07-05 18:05:00,18,2,0,2,0,14,4,15,261,79.6,3,51,0.0588,0.0,0.0,5.0,4.0,8.0,137.0,78.7,53.0,0.0,0.0,9.0,0.0,7.0,124.0,80.5,46.0,0.0,60.3,15.7,80.0,1012.3,0.0,22.8,14.2,243.0,SW,20.31,22.63,15.55
717448,2023-07-07,2023,COL,2023-07-07 19:15:00,19,2,5,7,3,9,2,14,250,82.3,6,55,0.1091,0.2143,1.0,1.0,0.0,5.0,112.0,80.9,48.0,0.2,2.0,8.0,2.0,9.0,138.0,83.5,52.0,0.2222,56.5,13.6,79.3,1010.8,0.0,29.1,18.1,251.7,W,27.65,29.12,22.85
717451,2023-07-08,2023,COL,2023-07-08 13:05:00,13,5,3,8,3,16,3,20,280,85.1,5,53,0.0943,0.15,2.0,7.0,1.0,11.0,137.0,87.8,53.0,0.1818,1.0,9.0,2.0,9.0,143.0,82.1,46.0,0.1111,63.7,17.6,60.7,1011.5,0.0,33.1,20.6,263.3,W,32.91,32.24,29.61
717422,2023-07-09,2023,COL,2023-07-09 13:05:00,13,1,0,1,1,11,3,14,205,85.5,1,49,0.0204,0.0714,1.0,1.0,3.0,7.0,102.0,86.2,43.0,0.1429,0.0,10.0,0.0,7.0,103.0,84.8,37.0,0.0,62.3,16.8,67.7,1014.4,0.0,35.0,21.7,261.7,W,34.63,34.28,30.81
717272,2023-07-25,2023,ATH,2023-07-25 18:45:00,18,2,1,3,0,24,5,9,259,81.6,0,37,0.0,0.0,0.0,10.0,3.0,4.0,120.0,85.4,36.0,0.0,0.0,14.0,1.0,5.0,139.0,78.0,38.0,0.0,67.4,19.7,63.7,1013.4,0.0,22.0,13.7,246.3,SW,20.18,21.99,15.94
717251,2023-07-26,2023,ATH,2023-07-26 18:45:00,18,8,3,11,2,18,5,17,274,82.5,4,47,0.0851,0.1176,2.0,10.0,3.0,9.0,140.0,83.5,40.0,0.2222,0.0,8.0,2.0,8.0,134.0,81.5,38.0,0.0,59.3,15.2,81.0,1013.0,0.0,27.0,16.8,244.3,SW,24.31,26.83,18.85
717220,2023-07-28,2023,BOS,2023-07-28 19:15:00,19,2,3,5,2,18,1,14,237,84.2,5,48,0.1042,0.1429,1.0,13.0,1.0,6.0,134.0,84.6,46.0,0.1667,1.0,5.0,0.0,8.0,103.0,83.7,44.0,0.125,60.0,15.6,77.3,1014.4,0.0,25.2,15.7,250.7,W,23.78,25.2,19.49
717221,2023-07-29,2023,BOS,2023-07-29 16:15:00,16,3,2,5,1,17,5,16,278,83.1,1,47,0.0213,0.0625,1.0,8.0,3.0,11.0,156.0,82.3,49.0,0.0909,0.0,9.0,1.0,5.0,122.0,84.1,36.0,0.0,66.4,19.1,58.7,1015.3,0.0,27.4,17.0,254.7,W,26.42,27.31,22.35
717197,2023-07-30,2023,BOS,2023-07-30 13:05:00,13,4,3,7,2,15,6,19,329,80.6,1,64,0.0156,0.1053,0.0,6.0,1.0,11.0,168.0,79.1,69.0,0.0,2.0,9.0,2.0,8.0,161.0,82.5,55.0,0.25,67.9,19.9,56.3,1014.5,0.0,24.7,15.3,242.0,SW,21.81,24.46,16.53
717190,2023-07-31,2023,AZ,2023-07-31 18:45:00,18,3,4,7,1,19,9,10,324,81.4,5,55,0.0909,0.1,1.0,6.0,5.0,5.0,160.0,83.9,50.0,0.2,0.0,13.0,3.0,5.0,164.0,78.9,51.0,0.0,60.7,15.9,76.0,1013.1,0.0,25.4,15.8,232.7,SW,20.22,24.28,13.73
717180,2023-08-01,2023,AZ,2023-08-01 18:45:00,18,4,3,7,5,12,3,15,249,85.6,4,48,0.0833,0.3333,2.0,8.0,2.0,9.0,125.0,87.7,37.0,0.2222,3.0,4.0,1.0,6.0,124.0,83.7,40.0,0.5,56.8,13.8,88.7,1015.3,0.0,26.4,16.4,248.0,W,24.51,26.42,19.64
717164,2023-08-02,2023,AZ,2023-08-02 18:45:00,18,4,2,6,0,10,2,15,240,83.7,5,54,0.0926,0.0,0.0,5.0,1.0,10.0,115.0,84.1,48.0,0.0,0.0,5.0,1.0,5.0,125.0,83.3,41.0,0.0,58.8,14.9,84.3,1015.4,0.0,30.5,19.0,256.0,W,29.63,30.37,25.31
717151,2023-08-03,2023,AZ,2023-08-03 12:45:00,12,1,0,1,1,15,4,8,214,80.7,2,42,0.0476,0.125,1.0,8.0,1.0,2.0,93.0,80.5,29.0,0.5,0.0,7.0,3.0,6.0,121.0,80.8,42.0,0.0,61.0,16.1,76.0,1018.1,0.0,32.2,20.0,258.0,W,31.46,31.85,27.28
717031,2023-08-11,2023,TEX,2023-08-11 19:15:00,19,1,2,3,2,18,3,9,255,85.8,4,46,0.087,0.2222,0.0,10.0,1.0,3.0,118.0,83.2,38.0,0.0,2.0,8.0,2.0,6.0,137.0,88.4,36.0,0.3333,58.9,15.0,90.3,1013.9,0.0,20.7,12.9,240.7,SW,18.07,20.46,13.51
717029,2023-08-12,2023,TEX,2023-08-12 18:05:00,18,3,9,12,3,11,6,25,317,83.5,3,65,0.0462,0.12,2.0,4.0,4.0,9.0,146.0,83.1,44.0,0.2222,1.0,7.0,2.0,16.0,171.0,83.8,65.0,0.0625,60.6,15.9,81.0,1013.7,0.0,21.1,13.1,252.0,W,20.04,21.05,16.6
717008,2023-08-13,2023,TEX,2023-08-13 13:05:00,13,3,2,5,2,24,3,18,286,78.1,3,50,0.06,0.1111,2.0,17.0,0.0,10.0,159.0,74.9,51.0,0.2,0.0,7.0,2.0,8.0,127.0,81.6,49.0,0.0,65.2,18.5,70.7,1012.9,0.0,21.2,13.2,254.3,W,20.41,21.14,17.22
716999,2023-08-14,2023,TB,2023-08-14 18:45:00,18,2,10,12,1,21,7,24,309,83.4,2,56,0.0357,0.0417,0.0,9.0,3.0,6.0,134.0,85.4,37.0,0.0,1.0,12.0,4.0,18.0,175.0,82.3,63.0,0.0556,60.7,16.0,77.3,1012.1,0.0,19.4,12.1,251.0,W,18.34,19.4,15.08
716989,2023-08-15,2023,TB,2023-08-15 18:45:00,18,7,0,7,2,21,4,12,266,83.0,2,43,0.0465,0.1667,2.0,6.0,1.0,9.0,128.0,85.5,50.0,0.2222,0.0,15.0,3.0,3.0,138.0,79.7,40.0,0.0,60.4,15.8,88.7,1012.9,0.0,22.9,14.3,252.3,W,21.85,22.91,18.15
716975,2023-08-16,2023,TB,2023-08-16 12:45:00,12,1,6,7,3,13,4,22,269,82.4,3,58,0.0517,0.1364,0.0,7.0,3.0,8.0,134.0,83.4,44.0,0.0,3.0,6.0,1.0,14.0,135.0,81.6,57.0,0.2143,66.3,19.0,74.7,1012.7,0.0,21.7,13.5,254.0,W,20.89,21.68,17.58
716852,2023-08-25,2023,ATL,2023-08-25 19:15:00,19,1,5,6,1,14,3,13,263,83.3,5,51,0.098,0.0769,0.0,11.0,1.0,6.0,119.0,81.5,45.0,0.0,1.0,3.0,2.0,7.0,144.0,84.8,56.0,0.1429,61.1,16.2,83.0,1013.3,0.0,21.7,13.5,260.3,W,21.39,21.35,18.86
716848,2023-08-26,2023,ATL,2023-08-26 13:05:00,13,3,7,10,3,19,6,17,301,84.3,3,51,0.0588,0.1765,1.0,10.0,2.0,8.0,142.0,82.5,51.0,0.125,2.0,9.0,4.0,9.0,159.0,86.4,45.0,0.2222,65.1,18.4,69.3,1015.1,0.0,27.2,16.9,255.0,W,26.24,27.06,22.25
716819,2023-08-27,2023,ATL,2023-08-27 16:10:00,16,8,5,13,2,17,8,14,295,79.2,3,47,0.0638,0.1429,1.0,8.0,5.0,8.0,153.0,79.2,48.0,0.125,1.0,9.0,2.0,6.0,142.0,79.1,47.0,0.1667,72.8,22.7,53.3,1013.7,0.0,24.5,15.2,265.7,W,24.46,23.62,22.35
716823,2023-08-28,2023,CIN,2023-08-28 18:45:00,18,4,1,5,0,26,6,14,278,81.4,2,38,0.0526,0.0,0.0,12.0,4.0,8.0,155.0,80.2,53.0,0.0,0.0,14.0,2.0,6.0,123.0,83.5,32.0,0.0,67.0,19.5,65.7,1012.5,0.0,23.2,14.4,258.0,W,22.69,22.97,19.68
716803,2023-08-29,2023,CIN,2023-08-29 18:45:00,18,6,1,7,1,15,2,8,269,83.0,1,45,0.0222,0.125,1.0,7.0,1.0,7.0,138.0,82.4,53.0,0.1429,0.0,8.0,1.0,1.0,131.0,83.9,34.0,0.0,75.3,24.0,48.0,1011.4,0.0,12.9,8.0,275.0,W,12.85,11.69,12.46
716789,2023-08-30,2023,CIN,2023-08-30 12:45:00,12,1,4,5,1,18,6,15,303,84.3,0,49,0.0,0.0667,0.0,8.0,3.0,4.0,152.0,81.2,48.0,0.0,1.0,10.0,2.0,11.0,151.0,87.4,47.0,0.0909,76.5,24.7,42.3,1010.0,0.0,20.0,12.4,255.0,W,19.29,19.89,16.36
716668,2023-09-08,2023,COL,2023-09-08 19:15:00,19,9,8,17,6,18,6,24,300,83.6,9,55,0.1636,0.25,4.0,8.0,3.0,13.0,140.0,84.4,49.0,0.3077,2.0,10.0,3.0,11.0,160.0,82.8,50.0,0.1818,60.1,15.6,81.3,1015.0,0.0,16.9,10.5,241.3,SW,14.8,16.67,11.14
716663,2023-09-09,2023,COL,2023-09-09 18:05:00,18,9,1,10,1,13,4,20,318,83.7,4,56,0.0714,0.05,1.0,7.0,3.0,13.0,180.0,84.0,63.0,0.0769,0.0,6.0,1.0,7.0,138.0,83.3,44.0,0.0,64.7,18.2,67.3,1014.9,0.0,18.5,11.5,255.0,W,17.9,18.46,15.18
716634,2023-09-10,2023,COL,2023-09-10 17:10:00,17,6,3,9,3,17,4,17,258,84.5,3,50,0.06,0.1765,3.0,5.0,4.0,11.0,147.0,84.9,58.0,0.2727,0.0,12.0,0.0,6.0,111.0,84.0,35.0,0.0,67.5,19.7,60.0,1013.6,0.0,17.0,10.5,245.0,SW,15.38,16.9,12.0
716632,2023-09-11,2023,CLE,2023-09-11 18:45:00,18,5,4,9,2,10,9,21,330,82.6,2,68,0.0294,0.0952,1.0,4.0,4.0,12.0,159.0,85.1,60.0,0.0833,1.0,6.0,3.0,9.0,171.0,80.1,61.0,0.1111,63.7,17.6,78.0,1012.5,0.0,23.2,14.4,260.7,W,22.93,22.83,20.25
716619,2023-09-12,2023,CLE,2023-09-12 18:45:00,18,1,3,4,1,12,6,10,249,77.9,3,50,0.06,0.1,1.0,3.0,4.0,6.0,127.0,75.3,53.0,0.1667,0.0,9.0,2.0,4.0,122.0,80.8,47.0,0.0,61.7,16.5,79.7,1011.5,0.0,18.8,11.7,226.3,SW,13.6,17.22,8.34
716605,2023-09-13,2023,CLE,2023-09-13 12:45:00,12,6,5,11,2,14,6,24,357,82.3,1,66,0.0152,0.0833,1.0,9.0,5.0,12.0,190.0,83.3,57.0,0.0833,1.0,5.0,1.0,12.0,167.0,81.5,68.0,0.0833,67.9,20.0,67.3,1012.2,0.0,15.8,9.8,236.3,SW,13.12,15.32,9.35
716441,2023-09-25,2023,SD,2023-09-25 18:45:00,18,2,1,3,0,14,4,16,262,84.4,1,50,0.02,0.0,0.0,7.0,3.0,7.0,151.0,83.8,41.0,0.0,0.0,7.0,0.0,9.0,111.0,85.1,40.0,0.0,68.2,20.1,55.3,1016.5,0.0,20.0,12.4,207.7,SW,9.3,14.81,2.67
716437,2023-09-26,2023,SD,2023-09-26 18:45:00,18,0,4,4,2,19,8,10,287,81.3,3,45,0.0667,0.2,0.0,8.0,3.0,3.0,129.0,81.9,51.0,0.0,2.0,11.0,5.0,7.0,158.0,80.6,47.0,0.2857,62.7,17.0,84.3,1017.7,0.0,21.4,13.3,273.7,W,21.39,19.63,20.57
716426,2023-09-27,2023,SD,2023-09-27 18:45:00,18,2,5,7,2,16,6,15,330,82.0,2,58,0.0345,0.1333,1.0,5.0,5.0,5.0,162.0,82.6,53.0,0.2,1.0,11.0,0.0,10.0,168.0,81.4,57.0,0.1,63.1,17.3,81.7,1013.9,0.0,25.5,15.9,275.3,W,25.42,23.08,24.7
716382,2023-09-29,2023,LAD,2023-09-29 19:15:00,19,2,6,8,4,16,6,8,263,82.6,4,44,0.0909,0.5,1.0,7.0,6.0,2.0,132.0,82.9,36.0,0.5,3.0,9.0,0.0,6.0,131.0,82.5,52.0,0.5,61.2,16.2,84.7,1008.2,0.0,22.6,14.0,263.7,W,22.46,21.96,20.25
716381,2023-09-30,2023,LAD,2023-09-30 18:05:00,18,2,1,3,1,14,4,13,234,86.2,3,46,0.0652,0.0769,1.0,8.0,2.0,5.0,119.0,88.8,31.0,0.2,0.0,6.0,2.0,8.0,115.0,84.1,39.0,0.0,60.9,16.1,77.7,1007.8,0.1,12.2,7.6,249.4,W,11.45,12.23,9.29
716363,2023-10-01,2023,LAD,2023-10-01 12:05:00,12,2,5,7,3,17,5,10,310,80.2,3,48,0.0625,0.3,2.0,9.0,2.0,3.0,137.0,78.5,47.0,0.6667,1.0,8.0,3.0,7.0,173.0,81.5,63.0,0.1429,66.5,19.2,56.3,1011.0,0.0,16.3,10.1,256.0,W,15.82,16.21,13.51
745361,2024-04-05,2024,SD,2024-04-05 13:35:00,13,3,2,5,0,16,3,11,271,84.3,3,46,0.0652,0.0,0.0,8.0,2.0,5.0,141.0,85.1,44.0,0.0,0.0,8.0,1.0,6.0,130.0,83.4,47.0,0.0,54.6,12.6,52.7,1012.1,0.0,18.9,11.7,295.3,NW,17.08,13.29,18.82
745359,2024-04-06,2024,SD,2024-04-06 18:05:00,18,0,4,4,1,7,6,9,247,83.1,1,54,0.0185,0.1111,0.0,5.0,3.0,4.0,123.0,83.2,37.0,0.0,1.0,2.0,3.0,5.0,124.0,82.9,48.0,0.2,52.2,11.2,66.3,1023.9,0.0,18.8,11.7,277.3,W,18.61,16.67,18.31
745362,2024-04-07,2024,SD,2024-04-07 13:05:00,13,3,2,5,0,14,2,17,231,83.2,2,53,0.0377,0.0,0.0,6.0,2.0,6.0,118.0,82.0,40.0,0.0,0.0,8.0,0.0,11.0,113.0,84.2,43.0,0.0,58.9,14.9,53.3,1021.1,0.4,11.8,7.4,280.3,W,11.64,10.21,11.67
745363,2024-04-08,2024,WSH,2024-04-08 18:45:00,18,1,8,9,1,17,10,16,337,79.9,2,51,0.0392,0.0625,0.0,7.0,3.0,6.0,141.0,80.4,50.0,0.0,1.0,10.0,7.0,10.0,196.0,79.5,47.0,0.1,59.6,15.3,66.0,1017.0,0.0,17.3,10.7,285.3,W,16.65,14.09,17.21
745357,2024-04-09,2024,WSH,2024-04-09 18:45:00,18,3,5,8,1,15,5,18,314,81.0,2,55,0.0364,0.0556,0.0,6.0,5.0,10.0,166.0,82.8,60.0,0.0,1.0,9.0,0.0,8.0,148.0,79.0,52.0,0.125,56.9,13.8,81.3,1018.2,0.0,16.1,10.0,249.7,W,15.1,16.1,12.27
745355,2024-04-10,2024,WSH,2024-04-10 12:45:00,12,7,1,8,1,8,2,16,229,82.9,1,54,0.0185,0.0625,0.0,3.0,0.0,12.0,111.0,83.8,49.0,0.0,1.0,5.0,2.0,4.0,118.0,81.8,39.0,0.25,69.7,21.0,65.3,1018.0,0.0,6.4,4.0,354.5,N,0.62,-1.61,2.77
745356,2024-04-18,2024,AZ,2024-04-18 18:45:00,18,5,0,5,0,12,4,11,246,84.0,3,49,0.0612,0.0,0.0,4.0,2.0,8.0,121.0,85.5,47.0,0.0,0.0,8.0,1.0,3.0,125.0,82.1,39.0,0.0,55.2,12.9,88.3,1012.2,0.0,16.8,10.4,239.3,SW,14.42,16.48,10.63
745352,2024-04-19,2024,AZ,2024-04-19 19:15:00,19,1,17,18,2,10,8,26,323,83.7,4,69,0.058,0.0769,1.0,5.0,3.0,4.0,129.0,84.1,44.0,0.25,1.0,5.0,5.0,22.0,194.0,83.4,74.0,0.0455,53.9,12.2,87.7,1013.3,0.0,16.2,10.0,242.7,SW,14.36,16.03,10.96
745354,2024-04-20,2024,AZ,2024-04-20 13:05:00,13,7,3,10,2,21,2,23,297,80.1,4,52,0.0769,0.087,2.0,8.0,1.0,16.0,166.0,80.8,57.0,0.125,0.0,13.0,1.0,7.0,131.0,79.2,40.0,0.0,63.7,17.6,61.0,1017.5,0.0,23.4,14.5,252.7,W,22.31,23.34,18.58
745353,2024-04-21,2024,AZ,2024-04-21 13:05:00,13,3,5,8,1,6,7,12,285,82.1,1,58,0.0172,0.0833,1.0,4.0,2.0,5.0,118.0,84.8,41.0,0.2,0.0,2.0,4.0,7.0,167.0,80.1,56.0,0.0,65.0,18.3,76.7,1014.9,0.0,12.6,7.8,251.7,W,11.96,12.59,9.88
745351,2024-04-22,2024,NYM,2024-04-22 18:45:00,18,5,2,7,2,14,8,12,272,80.8,2,47,0.0426,0.1667,1.0,7.0,5.0,8.0,141.0,82.5,41.0,0.125,1.0,7.0,3.0,4.0,131.0,79.3,47.0,0.25,55.2,12.9,80.7,1008.9,0.0,28.4,17.7,231.0,SW,22.1,26.88,14.64
745348,2024-04-23,2024,NYM,2024-04-23 18:45:00,18,5,1,6,0,12,1,17,253,81.9,2,55,0.0364,0.0,0.0,7.0,0.0,8.0,128.0,83.4,52.0,0.0,0.0,5.0,1.0,9.0,125.0,80.5,52.0,0.0,56.7,13.7,71.0,1014.5,0.0,20.6,12.8,213.0,SW,11.2,16.43,4.63
745346,2024-04-24,2024,NYM,2024-04-24 12:45:00,12,2,8,10,4,19,10,19,342,79.6,4,52,0.0769,0.2105,1.0,13.0,6.0,8.0,181.0,79.7,51.0,0.125,3.0,6.0,4.0,11.0,161.0,79.6,55.0,0.2727,60.8,16.0,67.3,1017.2,0.1,13.2,8.2,242.0,SW,11.66,13.07,8.83
745347,2024-04-26,2024,PIT,2024-04-26 19:15:00,19,3,0,3,1,18,6,14,290,80.4,5,46,0.1087,0.0714,1.0,7.0,4.0,6.0,129.0,80.4,41.0,0.1667,0.0,11.0,2.0,8.0,161.0,80.4,54.0,0.0,54.2,12.3,80.3,1014.1,0.0,29.9,18.6,288.7,W,28.36,23.37,29.93
745350,2024-04-27,2024,PIT,2024-04-27 18:05:00,18,3,4,7,3,21,3,18,295,83.9,2,54,0.037,0.1667,1.0,8.0,2.0,7.0,136.0,85.6,47.0,0.1429,2.0,13.0,1.0,11.0,159.0,82.4,55.0,0.1818,57.1,14.0,70.7,1017.6,0.0,22.3,13.9,281.0,W,21.89,19.12,22.03
745349,2024-04-28,2024,PIT,2024-04-28 13:05:00,13,3,2,5,2,15,4,13,270,83.5,2,46,0.0435,0.1538,2.0,8.0,1.0,8.0,132.0,83.4,49.0,0.25,0.0,7.0,3.0,5.0,138.0,83.7,42.0,0.0,65.8,18.8,55.0,1018.2,0.0,29.4,18.3,278.0,W,29.15,25.99,28.79
745340,2024-05-10,2024,CIN,2024-05-10 19:15:00,19,2,4,6,2,12,6,16,287,85.3,2,55,0.0364,0.125,1.0,6.0,2.0,7.0,146.0,84.4,55.0,0.1429,1.0,6.0,4.0,9.0,141.0,86.5,45.0,0.1111,57.3,14.0,77.3,1011.4,0.0,16.4,10.2,245.3,SW,14.9,16.35,11.66
745344,2024-05-11,2024,CIN,2024-05-11 16:15:00,16,5,1,6,2,16,4,15,292,75.3,3,47,0.0638,0.1333,1.0,9.0,1.0,7.0,144.0,76.7,46.0,0.1429,1.0,7.0,3.0,8.0,148.0,74.1,52.0,0.125,61.8,16.5,71.3,1011.1,0.0,23.1,14.4,249.7,W,21.66,23.1,17.61
745345,2024-05-12,2024,CIN,2024-05-12 13:05:00,13,6,5,11,2,19,10,19,345,82.7,5,59,0.0847,0.1053,1.0,8.0,2.0,9.0,162.0,83.3,60.0,0.1111,1.0,11.0,7.0,10.0,183.0,81.9,48.0,0.1,60.4,15.8,74.3,1013.1,0.0,24.3,15.1,247.7,W,22.51,24.31,17.99
745343,2024-05-13,2024,LAD,2024-05-13 18:45:00,18,4,6,10,3,26,6,17,321,87.0,5,48,0.1042,0.1765,1.0,13.0,4.0,6.0,145.0,84.8,40.0,0.1667,2.0,13.0,2.0,11.0,176.0,88.7,52.0,0.1818,56.2,13.5,81.0,1012.4,0.0,21.4,13.3,238.7,SW,18.28,20.98,13.37
745342,2024-05-14,2024,LAD,2024-05-14 18:45:00,18,2,10,12,1,15,7,22,288,84.9,6,59,0.1017,0.0455,0.0,3.0,4.0,9.0,132.0,80.9,41.0,0.0,1.0,12.0,3.0,13.0,156.0,87.9,54.0,0.0769,55.6,13.1,86.7,1010.5,0.0,22.9,14.2,240.3,SW,19.9,22.57,14.82
745341,2024-05-15,2024,LAD,2024-05-15 18:45:00,18,4,1,5,1,16,7,14,296,81.9,3,49,0.0612,0.0714,1.0,6.0,3.0,7.0,137.0,81.4,48.0,0.1429,0.0,10.0,4.0,7.0,159.0,82.5,51.0,0.0,56.7,13.7,86.3,1010.5,0.0,27.0,16.8,246.7,SW,24.76,26.92,19.61
745335,2024-05-17,2024,COL,2024-05-17 19:15:00,19,10,5,15,2,12,9,25,341,81.5,5,63,0.0794,0.08,1.0,5.0,5.0,14.0,171.0,82.9,59.0,0.0714,1.0,7.0,3.0,11.0,170.0,80.4,73.0,0.0909,54.9,12.7,84.3,1011.0,0.0,22.1,13.7,235.0,SW,18.1,21.35,12.68
745339,2024-05-18,2024,COL,2024-05-18 13:05:00,13,14,4,18,1,17,8,28,314,82.3,6,60,0.1,0.0357,1.0,7.0,5.0,18.0,169.0,85.8,60.0,0.0556,0.0,10.0,3.0,10.0,145.0,78.2,51.0,0.0,61.5,16.4,66.3,1013.1,0.0,28.9,17.9,231.3,SW,22.54,27.35,15.01
745336,2024-05-19,2024,COL,2024-05-19 13:05:00,13,4,1,5,2,10,5,12,281,83.4,3,54,0.0556,0.1667,1.0,5.0,2.0,9.0,140.0,84.8,56.0,0.1111,1.0,5.0,3.0,3.0,141.0,81.9,53.0,0.3333,62.4,16.9,54.3,1014.5,0.0,22.2,13.8,250.0,W,20.89,22.23,17.03
745338,2024-05-27,2024,PHI,2024-05-27 14:05:00,14,8,4,12,1,15,5,19,311,82.9,5,57,0.0877,0.0526,,,,,,,,,,,,,,,,,59.2,15.1,68.0,1015.3,0.0,23.4,14.5,237.7,SW,19.77,22.86,14.3
745337,2024-05-28,2024,PHI,2024-05-28 18:45:00,18,1,0,1,0,22,7,11,307,83.6,0,46,0.0,0.0,,,,,,,,,,,,,,,,,61.0,16.1,61.7,1015.7,0.0,25.9,16.1,255.0,W,24.99,25.77,21.19
745333,2024-05-29,2024,PHI,2024-05-29 12:45:00,12,1,6,7,2,19,6,20,306,81.2,4,54,0.0741,0.1,,,,,,,,,,,,,,,,,69.7,21.0,41.3,1017.1,0.0,23.0,14.3,256.3,W,22.32,22.83,19.11
745331,2024-05-31,2024,NYY,2024-05-31 19:15:00,19,2,6,8,2,9,2,14,260,84.1,4,56,0.0714,0.1429,,,,,,,,,,,,,,,,,56.8,13.8,70.7,1009.5,0.0,25.5,15.8,231.7,SW,19.98,24.17,13.37
745332,2024-06-01,2024,NYY,2024-06-01 19:05:00,19,3,7,10,3,21,4,16,281,84.3,7,46,0.1522,0.1875,,,,,,,,,,,,,,,,,58.8,14.9,73.0,1010.7,0.0,26.5,16.5,275.0,W,26.4,24.02,25.6
745330,2024-06-02,2024,NYY,2024-06-02 13:05:00,13,5,7,12,4,22,6,22,331,82.7,8,54,0.1481,0.1818,,,,,,,,,,,,,,,,,69.0,20.5,52.0,1012.6,0.0,29.8,18.5,268.3,W,29.82,28.32,27.73
745334,2024-06-10,2024,HOU,2024-06-10 18:45:00,18,4,3,7,0,13,5,18,289,82.6,3,64,0.0469,0.0,0.0,7.0,4.0,9.0,155.0,80.8,57.0,0.0,0.0,6.0,1.0,9.0,134.0,84.8,46.0,0.0,59.2,15.1,75.3,1011.1,0.0,24.6,15.3,245.0,SW,22.3,24.51,17.39
745327,2024-06-11,2024,HOU,2024-06-11 18:45:00,18,1,3,4,1,22,3,10,271,86.2,6,41,0.1463,0.1,1.0,12.0,2.0,3.0,142.0,88.2,33.0,0.3333,0.0,10.0,1.0,7.0,129.0,84.4,37.0,0.0,67.6,19.8,53.7,1007.7,0.0,16.6,10.3,228.0,SW,12.34,15.39,7.8
745328,2024-06-12,2024,HOU,2024-06-12 12:45:00,12,5,3,8,1,14,3,19,241,81.2,7,53,0.1321,0.0526,0.0,7.0,3.0,10.0,132.0,80.7,42.0,0.0,1.0,7.0,0.0,9.0,109.0,81.7,39.0,0.1111,65.4,18.6,57.3,1011.3,0.0,28.3,17.6,225.3,SW,20.13,25.72,12.11
745326,2024-06-14,2024,LAA,2024-06-14 19:15:00,19,6,8,14,2,10,13,21,341,81.9,5,63,0.0794,0.0952,1.0,7.0,7.0,10.0,175.0,80.9,52.0,0.1,1.0,3.0,6.0,11.0,166.0,82.9,55.0,0.0909,61.9,16.6,55.7,1014.2,0.0,20.4,12.7,268.7,W,20.39,19.33,19.0
745329,2024-06-15,2024,LAA,2024-06-15 13:05:00,13,3,4,7,3,18,6,16,305,81.9,4,50,0.08,0.1875,1.0,10.0,1.0,10.0,161.0,81.2,56.0,0.1,2.0,8.0,4.0,6.0,144.0,82.9,42.0,0.3333,74.2,23.4,36.0,1012.9,0.0,24.5,15.2,272.0,W,24.45,22.68,23.27
745321,2024-06-16,2024,LAA,2024-06-16 13:05:00,13,13,6,19,3,13,8,25,311,87.1,7,63,0.1111,0.12,2.0,5.0,4.0,16.0,162.0,88.6,53.0,0.125,1.0,8.0,4.0,9.0,149.0,85.3,43.0,0.1111,74.2,23.4,30.3,1009.7,0.0,29.0,18.0,280.0,W,28.53,25.09,28.53
745323,2024-06-24,2024,CHC,2024-06-24 18:45:00,18,5,4,9,2,22,11,19,326,83.1,4,49,0.0816,0.1053,2.0,10.0,3.0,9.0,140.0,85.1,53.0,0.2222,0.0,12.0,7.0,10.0,186.0,81.1,56.0,0.0,56.8,13.8,78.0,1010.8,0.0,19.3,12.0,252.0,W,18.32,19.25,15.18
745322,2024-06-25,2024,CHC,2024-06-25 18:45:00,18,5,1,6,0,16,6,12,278,79.6,2,44,0.0455,0.0,0.0,5.0,2.0,8.0,125.0,80.4,48.0,0.0,0.0,11.0,4.0,4.0,153.0,78.8,42.0,0.0,56.8,13.8,80.0,1011.9,0.0,23.2,14.4,241.3,SW,20.38,22.97,15.34
745325,2024-06-26,2024,CHC,2024-06-26 18:45:00,18,4,3,7,4,19,6,15,283,87.9,5,43,0.1163,0.2667,3.0,12.0,1.0,6.0,133.0,90.5,33.0,0.5,1.0,7.0,5.0,9.0,150.0,85.9,42.0,0.1111,58.9,15.0,73.0,1013.7,0.0,28.9,17.9,251.0,W,27.29,28.86,22.43
745324,2024-06-27,2024,CHC,2024-06-27 12:45:00,12,3,5,8,2,24,6,16,330,82.7,2,51,0.0392,0.125,0.0,10.0,3.0,6.0,164.0,81.4,58.0,0.0,2.0,14.0,3.0,10.0,166.0,84.2,50.0,0.2,69.1,20.6,50.7,1011.5,0.0,19.3,12.0,249.0,W,17.99,19.26,14.54
745319,2024-06-28,2024,LAD,2024-06-28 19:15:00,19,5,3,8,3,15,5,15,254,82.0,5,50,0.1,0.2,3.0,7.0,2.0,8.0,132.0,83.8,44.0,0.375,0.0,8.0,2.0,7.0,122.0,80.0,39.0,0.0,57.7,14.3,76.3,1007.4,0.0,21.2,13.2,225.0,SW,14.99,19.21,8.96
745317,2024-06-29,2024,LAD,2024-06-29 16:15:00,16,7,14,21,1,17,12,29,390,81.4,5,77,0.0649,0.0345,0.0,9.0,6.0,13.0,188.0,81.1,64.0,0.0,1.0,8.0,4.0,16.0,202.0,81.8,67.0,0.0625,64.9,18.3,59.7,1010.6,0.0,24.7,15.4,237.0,SW,20.74,24.1,14.89
745320,2024-06-30,2024,LAD,2024-06-30 13:05:00,13,10,4,14,2,12,5,24,289,84.6,6,62,0.0968,0.0833,1.0,5.0,3.0,16.0,146.0,85.4,55.0,0.0625,1.0,7.0,2.0,8.0,143.0,83.6,50.0,0.125,77.1,25.1,44.7,1012.9,0.0,28.0,17.4,269.7,W,28.03,26.4,26.29
745316,2024-07-09,2024,TOR,2024-07-09 18:45:00,18,4,3,7,3,22,7,12,294,83.8,4,41,0.0976,0.25,2.0,14.0,2.0,9.0,144.0,85.1,44.0,0.2222,1.0,8.0,5.0,3.0,150.0,82.7,49.0,0.3333,61.0,16.1,83.0,1010.0,0.0,23.7,14.7,250.3,W,22.32,23.7,18.24
745318,2024-07-10,2024,TOR,2024-07-10 18:45:00,18,6,10,16,3,16,7,23,295,86.5,7,61,0.1148,0.1304,2.0,9.0,6.0,9.0,162.0,83.0,51.0,0.2222,1.0,7.0,1.0,14.0,133.0,90.5,43.0,0.0714,62.7,17.0,76.0,1009.1,0.0,18.9,11.8,233.1,SW,15.13,18.11,10.33
745313,2024-07-11,2024,TOR,2024-07-11 12:45:00,12,3,5,8,4,9,2,17,288,83.6,7,60,0.1167,0.2353,2.0,4.0,0.0,7.0,131.0,82.4,56.0,0.2857,2.0,5.0,2.0,10.0,157.0,84.8,55.0,0.2,70.0,21.1,57.7,1010.0,0.0,16.0,9.9,256.0,W,15.49,15.88,13.24
745312,2024-07-12,2024,MIN,2024-07-12 19:15:00,19,7,1,8,0,12,7,19,282,85.4,2,55,0.0364,0.0,0.0,7.0,6.0,9.0,151.0,83.2,44.0,0.0,0.0,5.0,1.0,10.0,131.0,87.7,43.0,0.0,58.6,14.8,82.0,1009.3,0.0,20.6,12.8,239.7,SW,17.81,20.3,13.17
745311,2024-07-13,2024,MIN,2024-07-13 16:15:00,16,2,4,6,1,17,6,18,305,84.9,1,51,0.0196,0.0556,0.0,10.0,1.0,8.0,138.0,86.1,56.0,0.0,1.0,7.0,5.0,10.0,167.0,83.7,51.0,0.1,63.0,17.2,74.0,1012.6,0.0,29.0,18.0,244.3,SW,26.14,28.86,20.27
745314,2024-07-14,2024,MIN,2024-07-14 13:05:00,13,3,2,5,0,20,3,11,248,83.8,3,41,0.0732,0.0,0.0,11.0,2.0,8.0,139.0,84.4,47.0,0.0,0.0,9.0,1.0,3.0,109.0,82.8,30.0,0.0,64.5,18.0,71.3,1016.5,0.0,24.8,15.4,257.7,W,24.23,24.58,20.95
745315,2024-07-26,2024,COL,2024-07-26 19:15:00,19,11,4,15,4,22,8,19,315,82.6,8,48,0.1667,0.2105,4.0,10.0,5.0,14.0,160.0,84.5,53.0,0.2857,0.0,12.0,3.0,5.0,155.0,80.3,41.0,0.0,57.8,14.3,82.0,1010.4,0.0,27.8,17.3,250.0,W,26.15,27.83,21.32
745307,2024-07-27,2024,COL,2024-07-27 16:05:00,16,4,1,5,2,25,7,10,281,86.9,5,34,0.1471,0.2,1.0,8.0,4.0,6.0,137.0,88.8,37.0,0.1667,1.0,17.0,3.0,4.0,144.0,84.5,31.0,0.25,60.0,15.6,75.3,1011.8,0.0,26.4,16.4,256.3,W,25.68,26.27,22.0
745310,2024-07-27,2024,COL,2024-07-27 16:10:00,16,5,0,5,1,19,3,15,259,83.2,3,44,0.0682,0.0667,1.0,6.0,0.0,11.0,106.0,83.5,42.0,0.0909,0.0,13.0,3.0,4.0,153.0,82.8,38.0,0.0,60.0,15.6,75.3,1011.8,0.0,26.4,16.4,256.3,W,25.68,26.27,22.0
745305,2024-07-28,2024,COL,2024-07-28 13:05:00,13,5,4,9,2,22,4,22,318,82.1,4,52,0.0769,0.0909,1.0,11.0,3.0,13.0,173.0,82.9,55.0,0.0769,1.0,11.0,1.0,9.0,145.0,81.1,43.0,0.1111,64.3,17.9,68.3,1012.8,0.0,23.5,14.6,243.0,SW,20.91,23.29,16.0
745309,2024-07-30,2024,ATH,2024-07-30 18:45:00,18,2,5,7,4,19,6,15,298,82.6,3,45,0.0667,0.2667,0.0,12.0,3.0,5.0,135.0,83.2,37.0,0.0,4.0,7.0,3.0,10.0,163.0,82.3,54.0,0.4,61.5,16.4,83.7,1012.7,0.0,25.7,16.0,257.0,W,25.04,25.51,21.55
745306,2024-07-31,2024,ATH,2024-07-31 18:45:00,18,1,0,1,0,9,3,9,219,83.8,4,52,0.0769,0.0,0.0,3.0,2.0,4.0,113.0,86.4,39.0,0.0,0.0,6.0,1.0,5.0,106.0,81.3,41.0,0.0,60.1,15.6,86.0,1012.0,0.0,21.9,13.6,242.3,SW,19.43,21.74,14.77
745308,2024-08-09,2024,DET,2024-08-09 19:15:00,19,3,2,5,0,17,5,9,291,81.7,1,44,0.0227,0.0,0.0,7.0,2.0,4.0,149.0,80.9,49.0,0.0,0.0,10.0,3.0,5.0,142.0,82.7,42.0,0.0,58.1,14.5,87.7,1011.8,0.0,26.8,16.7,249.3,W,25.08,26.8,20.33
745304,2024-08-10,2024,DET,2024-08-10 13:05:00,13,3,1,4,0,20,6,11,284,81.9,0,45,0.0,0.0,0.0,9.0,4.0,6.0,145.0,84.2,41.0,0.0,0.0,11.0,2.0,5.0,139.0,79.8,44.0,0.0,66.7,19.3,63.3,1012.6,0.0,23.6,14.6,242.0,SW,20.81,23.34,15.77
745303,2024-08-11,2024,DET,2024-08-11 13:05:00,13,4,5,9,2,11,10,17,316,82.7,7,58,0.1207,0.1176,0.0,3.0,6.0,8.0,146.0,80.6,54.0,0.0,2.0,8.0,4.0,9.0,170.0,85.0,49.0,0.2222,60.7,15.9,79.3,1013.7,0.0,27.2,16.9,242.7,SW,24.16,26.98,18.43
745300,2024-08-12,2024,ATL,2024-08-12 18:45:00,18,0,1,1,0,33,3,8,300,79.9,0,34,0.0,0.0,0.0,17.0,0.0,4.0,137.0,78.4,39.0,0.0,0.0,16.0,3.0,4.0,163.0,81.2,43.0,0.0,59.7,15.4,75.3,1012.2,0.0,27.8,17.3,248.3,W,25.87,27.82,20.79
745302,2024-08-13,2024,ATL,2024-08-13 18:45:00,18,3,4,7,3,21,4,17,312,85.0,7,56,0.125,0.1765,1.0,10.0,2.0,7.0,143.0,86.5,43.0,0.1429,2.0,11.0,2.0,10.0,169.0,83.7,53.0,0.2,65.1,18.4,64.0,1012.9,0.0,22.1,13.7,244.7,SW,19.97,22.0,15.54
745301,2024-08-14,2024,ATL,2024-08-14 18:45:00,18,2,13,15,5,14,8,20,306,85.1,6,58,0.1034,0.25,1.0,7.0,1.0,9.0,116.0,85.9,45.0,0.1111,4.0,7.0,7.0,11.0,190.0,84.4,55.0,0.3636,64.0,17.8,71.0,1015.2,0.0,24.3,15.1,249.3,W,22.77,24.33,18.46
745298,2024-08-15,2024,ATL,2024-08-15 12:45:00,12,6,0,6,2,17,4,14,279,84.5,2,47,0.0426,0.1429,2.0,9.0,3.0,10.0,158.0,83.2,53.0,0.2,0.0,8.0,1.0,4.0,121.0,86.6,36.0,0.0,74.9,23.8,46.3,1015.0,0.0,20.8,12.9,259.0,W,20.42,20.54,17.83
745294,2024-08-19,2024,CWS,2024-08-19 18:45:00,18,5,3,8,1,13,4,23,282,81.4,1,58,0.0172,0.0435,1.0,6.0,1.0,12.0,123.0,83.7,45.0,0.0833,0.0,7.0,3.0,11.0,159.0,79.5,53.0,0.0,63.6,17.6,63.0,1015.1,0.0,24.1,15.0,260.7,W,23.78,23.68,21.01
745295,2024-08-20,2024,CWS,2024-08-20 18:45:00,18,4,1,5,0,21,7,10,277,81.0,0,39,0.0,0.0,0.0,9.0,6.0,7.0,158.0,80.1,40.0,0.0,0.0,12.0,0.0,3.0,119.0,81.9,39.0,0.0,66.3,19.1,59.3,1015.0,0.0,24.2,15.0,261.3,W,23.89,23.7,21.2
745297,2024-08-21,2024,CWS,2024-08-21 12:45:00,12,2,6,8,0,19,3,14,261,85.3,4,46,0.087,0.0,0.0,12.0,1.0,6.0,132.0,83.7,43.0,0.0,0.0,7.0,2.0,8.0,129.0,87.1,38.0,0.0,65.2,18.5,71.7,1015.9,0.0,23.6,14.7,243.7,SW,21.15,23.46,16.29
745299,2024-08-30,2024,MIA,2024-08-30 19:15:00,19,3,1,4,0,21,5,10,270,83.2,3,39,0.0769,0.0,0.0,11.0,4.0,6.0,147.0,86.0,39.0,0.0,0.0,10.0,1.0,4.0,123.0,80.6,42.0,0.0,61.0,16.1,82.3,1015.0,0.0,17.7,11.0,244.3,SW,15.93,17.58,12.35
745296,2024-08-31,2024,MIA,2024-08-31 18:05:00,18,3,4,7,3,18,3,14,274,82.6,3,48,0.0625,0.2143,1.0,7.0,2.0,7.0,143.0,86.3,53.0,0.1429,2.0,11.0,1.0,7.0,131.0,78.1,43.0,0.2857,61.9,16.6,80.3,1013.2,0.0,22.1,13.7,255.0,W,21.35,22.02,18.1
745292,2024-09-01,2024,MIA,2024-09-01 13:05:00,13,5,7,12,2,18,3,16,292,82.7,2,51,0.0392,0.125,1.0,11.0,2.0,6.0,156.0,83.2,49.0,0.1667,1.0,7.0,1.0,10.0,136.0,82.2,48.0,0.1,67.6,19.8,64.3,1013.4,0.0,27.4,17.0,260.0,W,26.98,26.98,23.73
745293,2024-09-03,2024,AZ,2024-09-03 18:45:00,18,7,8,15,4,26,7,22,337,82.8,3,51,0.0588,0.1818,2.0,15.0,3.0,11.0,154.0,82.4,45.0,0.1818,2.0,11.0,3.0,11.0,183.0,83.1,63.0,0.1818,73.0,22.8,53.0,1010.2,0.0,20.3,12.6,245.0,SW,18.43,20.26,14.38
745290,2024-09-04,2024,AZ,2024-09-04 18:45:00,18,4,6,10,3,22,13,11,331,80.9,4,42,0.0952,0.2727,1.0,14.0,5.0,4.0,155.0,80.8,44.0,0.25,2.0,8.0,8.0,7.0,176.0,81.1,51.0,0.2857,60.8,16.0,93.7,1014.1,0.0,20.1,12.5,252.7,W,19.19,20.08,15.98
745289,2024-09-05,2024,AZ,2024-09-05 12:45:00,12,3,2,5,0,23,5,13,286,83.5,0,43,0.0,0.0,0.0,9.0,0.0,9.0,123.0,90.2,37.0,0.0,0.0,14.0,5.0,4.0,163.0,77.8,44.0,0.0,66.0,18.9,67.7,1015.8,0.0,16.2,10.1,250.0,W,15.25,16.23,12.44
745291,2024-09-10,2024,MIL,2024-09-10 18:45:00,18,2,3,5,2,12,5,13,240,85.8,5,52,0.0962,0.1538,1.0,6.0,3.0,4.0,114.0,85.2,39.0,0.25,1.0,6.0,2.0,9.0,126.0,86.5,42.0,0.1111,57.6,14.2,86.7,1009.6,0.0,24.3,15.1,253.0,W,23.24,24.27,19.41
745285,2024-09-11,2024,MIL,2024-09-11 18:45:00,18,13,2,15,3,17,8,24,308,85.9,6,57,0.1053,0.125,3.0,6.0,3.0,17.0,148.0,89.2,54.0,0.1765,0.0,11.0,5.0,7.0,160.0,81.2,39.0,0.0,64.9,18.3,84.0,1009.1,0.0,26.5,16.5,275.0,W,26.43,24.05,25.63
745288,2024-09-12,2024,MIL,2024-09-12 18:45:00,18,0,3,3,1,22,4,9,291,82.8,3,42,0.0714,0.1111,0.0,15.0,2.0,5.0,152.0,81.3,40.0,0.0,1.0,7.0,2.0,4.0,139.0,84.2,46.0,0.25,64.6,18.1,67.3,1006.3,0.0,17.5,10.9,255.7,W,16.99,17.45,14.48
745286,2024-09-13,2024,SD,2024-09-13 19:15:00,19,0,5,5,1,23,3,16,288,85.4,2,46,0.0435,0.0625,0.0,12.0,2.0,4.0,127.0,86.5,41.0,0.0,1.0,11.0,1.0,12.0,161.0,84.5,54.0,0.0833,58.6,14.8,87.7,1007.9,0.0,17.7,11.0,236.0,SW,14.65,17.14,10.38
745284,2024-09-14,2024,SD,2024-09-14 18:05:00,18,0,8,8,1,15,4,22,298,83.0,3,61,0.0492,0.0455,0.0,10.0,0.0,5.0,132.0,80.3,44.0,0.0,1.0,5.0,4.0,17.0,166.0,84.8,69.0,0.0588,59.1,15.0,83.0,1009.0,0.0,25.3,15.7,234.3,SW,20.58,24.39,14.29
745287,2024-09-15,2024,SD,2024-09-15 13:05:00,13,3,4,7,3,14,5,10,307,80.8,4,55,0.0727,0.3,2.0,6.0,2.0,4.0,154.0,81.0,60.0,0.5,1.0,8.0,3.0,6.0,153.0,80.6,53.0,0.1667,64.9,18.3,64.0,1008.3,0.0,37.0,23.0,271.0,W,36.96,34.51,34.95
745280,2024-09-27,2024,STL,2024-09-27 19:15:00,19,3,6,9,2,13,7,22,333,81.5,5,61,0.082,0.0909,1.0,8.0,3.0,9.0,138.0,82.5,55.0,0.1111,1.0,5.0,4.0,13.0,195.0,80.8,74.0,0.0769,65.8,18.8,68.7,1006.9,0.0,11.1,6.9,233.1,SW,8.91,10.65,6.08
745281,2024-09-28,2024,STL,2024-09-28 13:05:00,13,6,5,11,0,16,8,24,333,82.0,4,58,0.069,0.0,0.0,7.0,2.0,11.0,128.0,81.6,51.0,0.0,0.0,9.0,6.0,13.0,205.0,82.4,71.0,0.0,62.8,17.1,77.0,1009.8,0.0,24.0,14.9,248.0,W,22.22,23.95,17.81
745282,2024-09-29,2024,STL,2024-09-29 12:05:00,12,1,6,7,1,20,6,14,285,81.2,2,46,0.0435,0.0714,0.0,6.0,0.0,7.0,109.0,81.2,47.0,0.0,1.0,14.0,6.0,7.0,176.0,81.1,43.0,0.1429,64.6,18.1,65.7,1013.0,0.0,16.2,10.1,244.0,SW,14.59,16.14,11.28
778444,2025-04-04,2025,SEA,2025-04-04 13:35:00,13,10,9,19,3,20,13,32,459,83.7,7,79,0.0886,0.0938,1.0,12.0,4.0,17.0,243.0,83.6,72.0,0.0588,2.0,8.0,6.0,15.0,216.0,83.8,74.0,0.1333,63.5,17.5,53.7,1020.6,0.0,12.0,7.5,274.0,W,12.0,10.99,11.57
778436,2025-04-05,2025,SEA,2025-04-05 18:05:00,18,4,1,5,1,10,10,17,262,82.6,5,51,0.098,0.0588,0.0,5.0,4.0,10.0,129.0,83.4,41.0,0.0,1.0,5.0,6.0,7.0,133.0,81.8,44.0,0.1429,58.4,14.7,68.0,1023.4,0.0,12.0,7.5,250.7,W,11.32,12.0,9.28
778427,2025-04-06,2025,SEA,2025-04-06 13:05:00,13,5,4,9,3,15,6,18,291,83.5,2,55,0.0364,0.1667,1.0,9.0,3.0,7.0,137.0,79.3,52.0,0.1429,2.0,6.0,2.0,11.0,154.0,88.1,48.0,0.1818,62.5,16.9,39.3,1022.2,0.0,13.9,8.7,255.7,W,13.5,13.87,11.51
778410,2025-04-07,2025,CIN,2025-04-07 18:45:00,18,0,2,2,0,20,4,9,249,82.2,3,42,0.0714,0.0,0.0,7.0,1.0,4.0,109.0,87.5,39.0,0.0,0.0,13.0,2.0,5.0,140.0,76.8,39.0,0.0,55.2,12.9,85.7,1019.5,0.0,13.9,8.6,255.0,W,13.39,13.81,11.36
778397,2025-04-08,2025,CIN,2025-04-08 18:45:00,18,0,1,1,0,11,2,12,234,80.9,2,53,0.0377,0.0,0.0,5.0,1.0,4.0,114.0,81.7,51.0,0.0,0.0,6.0,1.0,8.0,120.0,79.9,40.0,0.0,57.7,14.3,66.3,1018.2,0.0,14.3,8.9,256.7,W,13.88,14.17,11.92
778376,2025-04-09,2025,CIN,2025-04-09 12:45:00,12,8,6,14,2,24,5,18,282,85.1,4,54,0.0741,0.1111,2.0,8.0,1.0,12.0,136.0,88.8,54.0,0.1667,0.0,16.0,4.0,6.0,146.0,80.8,46.0,0.0,69.8,21.0,46.7,1019.7,0.0,8.8,5.4,273.7,W,8.75,8.03,8.41
778226,2025-04-21,2025,MIL,2025-04-21 18:45:00,18,5,2,7,2,15,10,14,286,84.8,2,46,0.0435,0.1429,1.0,6.0,5.0,8.0,138.0,85.8,40.0,0.125,1.0,9.0,5.0,6.0,148.0,83.8,42.0,0.1667,59.8,15.4,68.3,1011.8,0.0,12.2,7.6,246.3,SW,11.14,12.14,8.8
778210,2025-04-22,2025,MIL,2025-04-22 18:45:00,18,3,11,14,2,10,8,24,311,82.7,3,64,0.0469,0.0833,0.0,4.0,4.0,11.0,146.0,80.6,45.0,0.0,2.0,6.0,4.0,13.0,165.0,84.3,57.0,0.1538,55.3,13.0,72.0,1010.8,0.0,20.1,12.5,236.0,SW,16.66,19.5,11.81
778198,2025-04-23,2025,MIL,2025-04-23 18:45:00,18,4,2,6,0,15,6,17,308,80.5,1,52,0.0192,0.0,0.0,7.0,3.0,8.0,158.0,80.0,49.0,0.0,0.0,8.0,3.0,9.0,150.0,80.9,53.0,0.0,53.8,12.1,71.7,1013.4,0.0,19.7,12.3,257.0,W,19.23,19.59,16.55
778194,2025-04-24,2025,MIL,2025-04-24 12:45:00,12,6,5,11,2,11,13,16,318,81.0,1,56,0.0179,0.125,2.0,4.0,7.0,7.0,167.0,81.1,66.0,0.2857,0.0,7.0,6.0,9.0,151.0,80.8,40.0,0.0,54.7,12.6,67.7,1014.9,0.1,17.9,11.1,257.3,W,17.5,17.79,15.1
778171,2025-04-25,2025,TEX,2025-04-25 19:15:00,19,0,2,2,0,23,2,10,270,83.2,5,40,0.125,0.0,0.0,13.0,1.0,4.0,143.0,85.5,42.0,0.0,0.0,10.0,1.0,6.0,127.0,81.3,47.0,0.0,52.9,11.6,69.7,1012.5,0.0,8.7,5.4,268.0,W,8.69,8.27,8.07
778159,2025-04-26,2025,TEX,2025-04-26 13:05:00,13,3,2,5,0,14,4,19,267,83.2,3,54,0.0556,0.0,0.0,4.0,3.0,11.0,143.0,83.4,45.0,0.0,0.0,10.0,1.0,8.0,124.0,83.0,41.0,0.0,56.7,13.7,61.0,1011.4,0.0,16.8,10.5,262.0,W,16.67,16.47,14.86
778151,2025-04-27,2025,TEX,2025-04-27 13:05:00,13,3,2,5,0,14,4,15,282,82.6,1,49,0.0204,0.0,0.0,4.0,4.0,5.0,138.0,83.0,48.0,0.0,0.0,10.0,0.0,10.0,144.0,82.2,55.0,0.0,58.6,14.8,65.0,1016.6,0.1,15.0,9.3,258.0,W,14.64,14.82,12.69
778098,2025-05-01,2025,COL,2025-05-01 18:45:00,18,3,4,7,2,11,4,17,247,83.5,6,57,0.1053,0.1176,1.0,5.0,2.0,9.0,121.0,83.3,49.0,0.1111,1.0,6.0,2.0,8.0,126.0,83.6,42.0,0.125,54.2,12.3,78.0,1012.4,0.0,17.2,10.7,243.3,SW,15.4,17.12,11.83
778082,2025-05-02,2025,COL,2025-05-02 19:15:00,19,4,0,4,1,14,4,10,231,84.8,3,44,0.0682,0.1,1.0,5.0,2.0,7.0,119.0,84.8,41.0,0.1429,0.0,9.0,2.0,3.0,112.0,84.9,42.0,0.0,54.1,12.3,83.3,1013.7,0.0,20.7,12.8,257.0,W,20.14,20.51,17.33
778069,2025-05-03,2025,COL,2025-05-03 13:05:00,13,6,3,9,2,16,9,10,272,81.3,3,44,0.0682,0.2,2.0,7.0,6.0,5.0,127.0,82.5,43.0,0.4,0.0,9.0,3.0,5.0,145.0,80.1,47.0,0.0,60.7,16.0,60.0,1013.1,0.0,22.8,14.2,269.0,W,22.83,21.59,21.32
778048,2025-05-04,2025,COL,2025-05-04 13:05:00,13,9,3,12,2,15,3,23,278,84.6,7,57,0.1228,0.087,2.0,7.0,1.0,13.0,142.0,84.8,56.0,0.1538,0.0,8.0,2.0,10.0,136.0,84.4,47.0,0.0,64.9,18.3,48.3,1006.8,0.0,19.1,11.8,254.0,W,18.33,19.02,15.43
777939,2025-05-12,2025,AZ,2025-05-12 18:45:00,18,1,2,3,2,18,2,17,238,83.8,6,49,0.1224,0.1176,0.0,10.0,1.0,8.0,135.0,78.9,46.0,0.0,2.0,8.0,1.0,9.0,103.0,90.0,37.0,0.2222,56.1,13.4,74.0,1012.7,0.1,19.8,12.3,256.3,W,19.27,19.71,16.51
777930,2025-05-13,2025,AZ,2025-05-13 18:45:00,18,10,6,16,5,15,10,24,333,84.4,7,59,0.1186,0.2083,3.0,6.0,5.0,13.0,178.0,84.7,57.0,0.2308,2.0,9.0,4.0,11.0,155.0,84.0,55.0,0.1818,60.3,15.7,65.0,1016.0,0.0,13.9,8.6,257.0,W,13.54,13.8,11.66
777916,2025-05-14,2025,AZ,2025-05-14 12:45:00,12,7,8,15,4,18,13,24,367,82.8,5,58,0.0862,0.1667,1.0,12.0,7.0,11.0,185.0,80.1,51.0,0.0909,3.0,6.0,6.0,13.0,182.0,85.3,53.0,0.2308,63.5,17.5,54.0,1017.7,0.0,14.2,8.8,255.7,W,13.79,14.16,11.75
777891,2025-05-16,2025,ATH,2025-05-16 19:15:00,19,9,1,10,3,15,7,18,299,85.0,4,53,0.0755,0.1667,3.0,8.0,5.0,13.0,180.0,84.0,54.0,0.2308,0.0,7.0,2.0,5.0,119.0,86.3,40.0,0.0,55.6,13.1,77.3,1010.7,0.0,16.2,10.1,225.7,SW,11.59,14.76,7.02
777879,2025-05-17,2025,ATH,2025-05-17 18:05:00,18,1,0,1,0,18,8,10,287,79.9,2,50,0.04,0.0,0.0,10.0,4.0,5.0,161.0,75.5,51.0,0.0,0.0,8.0,3.0,5.0,126.0,85.2,42.0,0.0,58.1,14.5,69.0,1012.3,0.0,16.7,10.4,265.7,W,16.62,16.05,15.19
777867,2025-05-18,2025,ATH,2025-05-18 13:05:00,13,3,2,5,1,10,7,9,256,85.6,4,49,0.0816,0.1111,1.0,5.0,2.0,5.0,119.0,85.6,43.0,0.2,0.0,5.0,5.0,4.0,137.0,85.6,38.0,0.0,68.5,20.3,46.3,1015.9,0.0,19.6,12.2,266.0,W,19.52,18.81,17.87
777855,2025-05-19,2025,KC,2025-05-19 18:45:00,18,1,3,4,1,14,5,16,253,80.7,2,52,0.0385,0.0625,0.0,7.0,3.0,6.0,123.0,80.1,39.0,0.0,1.0,7.0,2.0,10.0,130.0,81.1,56.0,0.1,63.5,17.5,60.7,1016.1,0.0,18.9,11.7,281.0,W,18.52,16.17,18.63
777836,2025-05-20,2025,KC,2025-05-20 18:45:00,18,3,2,5,0,18,4,15,280,82.3,2,45,0.0444,0.0,0.0,8.0,3.0,8.0,141.0,81.8,40.0,0.0,0.0,10.0,1.0,7.0,139.0,82.8,38.0,0.0,62.0,16.7,57.3,1014.5,0.0,11.8,7.3,244.4,SW,10.61,11.71,8.23
777819,2025-05-21,2025,KC,2025-05-21 12:45:00,12,4,8,12,4,12,6,24,309,83.6,7,66,0.1061,0.1667,3.0,7.0,6.0,8.0,176.0,83.5,60.0,0.375,1.0,5.0,0.0,16.0,133.0,83.7,54.0,0.0625,67.3,19.6,48.7,1014.6,0.0,16.0,9.9,249.3,W,14.97,16.0,12.14
777676,2025-06-02,2025,SD,2025-06-02 18:45:00,18,0,1,1,0,19,6,11,302,81.1,0,49,0.0,0.0,0.0,10.0,5.0,5.0,179.0,80.7,55.0,0.0,0.0,9.0,0.0,6.0,123.0,81.6,43.0,0.0,58.8,14.9,75.7,1012.8,0.0,17.1,10.6,259.7,W,16.86,16.89,14.79
777656,2025-06-03,2025,SD,2025-06-03 18:45:00,18,2,3,5,1,12,9,17,313,83.3,3,61,0.0492,0.0588,1.0,4.0,3.0,7.0,139.0,83.8,48.0,0.1429,0.0,8.0,6.0,10.0,174.0,83.0,53.0,0.0,58.5,14.7,79.3,1011.2,0.0,16.6,10.3,256.3,W,16.1,16.47,13.79
777641,2025-06-04,2025,SD,2025-06-04 18:45:00,18,6,5,11,1,12,4,20,266,82.2,6,59,0.1017,0.05,1.0,6.0,2.0,8.0,118.0,85.3,39.0,0.125,0.0,6.0,2.0,12.0,148.0,80.2,59.0,0.0,58.0,14.5,80.0,1009.3,0.0,18.4,11.5,244.7,SW,16.66,18.35,12.96
777633,2025-06-05,2025,SD,2025-06-05 12:45:00,12,3,2,5,1,23,5,13,280,82.6,5,40,0.125,0.0769,0.0,11.0,4.0,6.0,142.0,82.6,43.0,0.0,1.0,12.0,1.0,7.0,138.0,82.5,43.0,0.1429,63.6,17.6,63.7,1011.1,0.0,19.4,12.0,239.7,SW,16.72,19.05,12.36
777619,2025-06-06,2025,ATL,2025-06-06 19:15:00,19,5,4,9,1,17,10,14,328,82.7,2,54,0.037,0.0714,0.0,7.0,3.0,8.0,141.0,83.3,49.0,0.0,1.0,10.0,6.0,6.0,187.0,82.2,60.0,0.1667,58.3,14.6,84.0,1012.3,0.0,15.7,9.8,262.7,W,15.6,15.35,13.98
777598,2025-06-07,2025,ATL,2025-06-07 13:05:00,13,3,2,5,3,23,2,12,270,83.8,1,42,0.0238,0.25,2.0,13.0,0.0,5.0,122.0,81.2,38.0,0.4,1.0,10.0,1.0,7.0,148.0,85.9,45.0,0.1429,60.6,15.9,75.3,1014.5,0.0,19.8,12.3,260.3,W,19.55,19.51,17.23
777587,2025-06-08,2025,ATL,2025-06-08 13:05:00,13,4,3,7,0,14,5,9,265,79.8,2,46,0.0435,0.0,0.0,6.0,3.0,3.0,119.0,80.4,38.0,0.0,0.0,8.0,2.0,6.0,146.0,79.2,42.0,0.0,59.3,15.2,74.3,1014.9,0.0,20.9,13.0,254.0,W,20.12,20.88,16.94
777472,2025-06-17,2025,CLE,2025-06-17 18:45:00,18,2,3,5,1,16,7,16,289,84.4,3,53,0.0566,0.0625,0.0,10.0,5.0,10.0,158.0,83.4,46.0,0.0,1.0,6.0,2.0,6.0,131.0,85.5,45.0,0.1667,62.0,16.7,64.0,1011.9,0.0,15.0,9.3,229.0,SW,11.3,13.97,7.26
777454,2025-06-18,2025,CLE,2025-06-18 18:45:00,18,2,4,6,2,17,6,13,286,80.2,2,48,0.0417,0.1538,1.0,7.0,3.0,6.0,142.0,78.2,54.0,0.1667,1.0,10.0,3.0,7.0,144.0,82.4,49.0,0.1429,68.3,20.2,50.0,1008.4,0.0,12.9,8.0,231.7,SW,10.15,12.28,6.79
777440,2025-06-19,2025,CLE,2025-06-19 13:05:00,13,2,1,3,0,19,4,12,257,81.8,0,42,0.0,0.0,0.0,7.0,4.0,5.0,137.0,80.9,45.0,0.0,0.0,12.0,0.0,7.0,120.0,82.8,45.0,0.0,63.8,17.7,59.0,1010.4,0.0,26.9,16.7,265.0,W,26.76,25.95,24.35
777425,2025-06-20,2025,BOS,2025-06-20 19:15:00,19,5,7,12,2,18,9,18,325,81.5,3,53,0.0566,0.1111,0.0,8.0,8.0,7.0,169.0,80.1,47.0,0.0,2.0,10.0,1.0,11.0,156.0,82.8,49.0,0.1818,57.8,14.3,69.0,1012.0,0.0,19.5,12.1,275.7,W,19.37,17.55,18.86
777417,2025-06-21,2025,BOS,2025-06-21 13:05:00,13,3,2,5,2,15,4,10,243,85.4,4,46,0.087,0.2,2.0,7.0,1.0,4.0,114.0,87.6,42.0,0.5,0.0,8.0,3.0,6.0,129.0,83.2,42.0,0.0,67.9,20.0,47.0,1014.5,0.0,23.4,14.5,274.3,W,23.3,21.29,22.5
777395,2025-06-22,2025,BOS,2025-06-22 13:05:00,13,9,5,14,6,16,5,23,292,84.2,7,56,0.125,0.2609,3.0,5.0,2.0,11.0,131.0,87.1,50.0,0.2727,3.0,11.0,3.0,12.0,161.0,81.4,51.0,0.25,68.6,20.3,42.7,1014.4,0.0,18.9,11.8,260.0,W,18.65,18.65,16.4
777364,2025-06-24,2025,MIA,2025-06-24 18:45:00,18,2,4,6,1,17,5,16,311,82.3,4,50,0.08,0.0625,1.0,10.0,4.0,5.0,156.0,81.7,45.0,0.2,0.0,7.0,1.0,11.0,155.0,82.8,58.0,0.0,55.3,13.0,87.3,1014.9,0.0,19.3,12.0,254.0,W,18.58,19.29,15.64
777355,2025-06-25,2025,MIA,2025-06-25 18:45:00,18,5,8,13,1,17,10,18,318,84.3,4,56,0.0714,0.0556,1.0,7.0,4.0,5.0,140.0,85.3,44.0,0.2,0.0,10.0,6.0,13.0,178.0,83.6,61.0,0.0,56.9,13.8,81.3,1013.9,0.0,20.2,12.6,240.3,SW,17.58,19.95,13.1
777347,2025-06-26,2025,MIA,2025-06-26 12:45:00,12,5,12,17,3,15,7,23,312,84.0,6,62,0.0968,0.1304,1.0,7.0,1.0,12.0,154.0,83.2,69.0,0.0833,2.0,8.0,6.0,11.0,158.0,85.2,50.0,0.1818,65.8,18.8,60.0,1012.8,0.0,12.3,7.6,211.3,SW,6.39,9.6,2.42
777199,2025-07-07,2025,PHI,2025-07-07 18:45:00,18,3,1,4,0,14,4,14,302,82.0,2,51,0.0392,0.0,0.0,9.0,1.0,8.0,136.0,82.8,43.0,0.0,0.0,5.0,3.0,6.0,166.0,81.4,60.0,0.0,59.9,15.5,78.7,1013.8,0.0,19.6,12.2,245.7,SW,17.86,19.54,14.02
777186,2025-07-08,2025,PHI,2025-07-08 18:45:00,18,4,3,7,2,14,7,18,285,81.6,4,54,0.0741,0.1111,1.0,8.0,3.0,9.0,133.0,82.9,44.0,0.1111,1.0,6.0,4.0,9.0,152.0,80.7,65.0,0.1111,60.3,15.7,80.3,1018.0,0.0,15.9,9.9,259.7,W,15.67,15.71,13.75
777163,2025-07-09,2025,PHI,2025-07-09 12:45:00,12,0,13,13,2,17,5,21,324,81.8,5,57,0.0877,0.0952,0.0,8.0,2.0,4.0,138.0,80.7,56.0,0.0,2.0,9.0,3.0,17.0,186.0,82.8,64.0,0.1176,61.5,16.4,69.3,1019.6,0.0,18.9,11.7,247.3,SW,17.44,18.88,13.9
777143,2025-07-11,2025,LAD,2025-07-11 19:15:00,19,8,7,15,4,13,8,20,300,84.2,9,56,0.1607,0.2,2.0,7.0,6.0,9.0,154.0,83.5,42.0,0.2222,2.0,6.0,2.0,11.0,146.0,84.8,53.0,0.1818,57.9,14.4,88.3,1010.6,0.0,14.9,9.3,242.7,SW,13.24,14.78,10.1
777127,2025-07-12,2025,LAD,2025-07-12 13:05:00,13,1,2,3,0,19,5,11,252,86.1,3,45,0.0667,0.0,0.0,9.0,4.0,3.0,110.0,90.5,32.0,0.0,0.0,10.0,1.0,8.0,142.0,83.4,53.0,0.0,63.5,17.5,71.0,1013.3,0.0,19.6,12.2,249.7,W,18.35,19.57,14.92
777119,2025-07-13,2025,LAD,2025-07-13 13:05:00,13,2,5,7,2,23,8,11,329,80.5,4,54,0.0741,0.1818,1.0,11.0,3.0,5.0,157.0,81.3,52.0,0.2,1.0,12.0,3.0,6.0,172.0,79.8,60.0,0.1667,62.4,16.9,72.0,1014.6,0.0,18.1,11.3,257.3,W,17.69,17.99,15.27
777004,2025-07-25,2025,NYM,2025-07-25 19:15:00,19,1,8,9,1,19,3,19,322,86.6,3,53,0.0566,0.0526,0.0,9.0,1.0,9.0,160.0,84.1,58.0,0.0,1.0,10.0,2.0,10.0,162.0,89.6,49.0,0.1,57.8,14.3,86.3,1014.3,0.0,18.7,11.6,256.7,W,18.2,18.57,15.62
776985,2025-07-26,2025,NYM,2025-07-26 18:05:00,18,1,2,3,0,15,8,16,282,84.3,1,52,0.0192,0.0,0.0,7.0,3.0,9.0,127.0,86.0,42.0,0.0,0.0,8.0,5.0,7.0,155.0,82.6,44.0,0.0,58.5,14.7,85.0,1014.2,0.0,18.9,11.7,256.0,W,18.34,18.8,15.67
776974,2025-07-27,2025,NYM,2025-07-27 16:10:00,16,3,5,8,4,17,10,18,322,82.2,8,53,0.1509,0.2222,2.0,9.0,7.0,6.0,178.0,81.1,58.0,0.3333,2.0,8.0,2.0,12.0,144.0,83.3,55.0,0.1667,60.9,16.0,76.0,1015.3,0.0,22.8,14.2,254.7,W,22.02,22.76,18.63
776964,2025-07-28,2025,PIT,2025-07-28 18:45:00,18,5,6,11,2,16,9,20,335,82.0,4,56,0.0714,0.1,0.0,8.0,5.0,11.0,186.0,78.6,67.0,0.0,2.0,8.0,4.0,9.0,149.0,87.4,43.0,0.2222,59.4,15.2,82.0,1016.0,0.0,19.4,12.1,240.3,SW,16.89,19.16,12.58
776943,2025-07-29,2025,PIT,2025-07-29 18:45:00,18,1,3,4,2,15,5,14,267,83.5,3,51,0.0588,0.1429,1.0,4.0,4.0,2.0,120.0,82.8,45.0,0.5,1.0,11.0,1.0,12.0,147.0,84.1,44.0,0.0833,60.3,15.7,82.3,1016.2,0.0,22.6,14.0,250.3,W,21.28,22.6,17.4
776933,2025-07-30,2025,PIT,2025-07-30 12:45:00,12,1,2,3,0,24,8,13,317,80.4,1,48,0.0208,0.0,0.0,10.0,1.0,6.0,136.0,78.8,47.0,0.0,0.0,14.0,7.0,7.0,181.0,82.1,45.0,0.0,62.3,16.8,77.3,1016.1,0.0,20.6,12.8,246.3,SW,18.87,20.56,14.9
776822,2025-08-08,2025,WSH,2025-08-08 19:15:00,19,5,0,5,2,11,4,14,271,81.3,3,53,0.0566,0.1429,2.0,4.0,2.0,10.0,146.0,82.5,53.0,0.2,0.0,7.0,2.0,4.0,125.0,79.8,42.0,0.0,59.0,15.0,89.7,1010.2,0.0,13.9,8.6,267.3,W,13.89,13.27,12.83
776802,2025-08-09,2025,WSH,2025-08-09 13:05:00,13,2,4,6,4,15,6,19,276,86.0,8,54,0.1481,0.2105,1.0,8.0,3.0,8.0,129.0,83.3,43.0,0.125,3.0,7.0,3.0,11.0,147.0,88.9,39.0,0.2727,66.6,19.2,66.7,1012.0,0.0,16.8,10.5,267.0,W,16.81,16.1,15.5
776793,2025-08-10,2025,WSH,2025-08-10 13:05:00,13,0,8,8,1,23,2,20,290,84.5,3,51,0.0588,0.05,0.0,15.0,1.0,3.0,131.0,81.3,36.0,0.0,1.0,8.0,1.0,17.0,159.0,86.3,62.0,0.0588,65.2,18.5,69.7,1014.6,0.0,16.8,10.4,263.0,W,16.64,16.34,14.94
776780,2025-08-11,2025,SD,2025-08-11 18:45:00,18,1,4,5,2,15,1,16,276,82.6,3,53,0.0566,0.125,1.0,10.0,0.0,5.0,138.0,80.1,50.0,0.2,1.0,5.0,1.0,11.0,138.0,85.2,49.0,0.0909,58.8,14.9,88.3,1013.6,0.0,21.8,13.5,253.0,W,20.85,21.77,17.41
776767,2025-08-12,2025,SD,2025-08-12 18:45:00,18,1,5,6,2,15,6,20,317,84.1,5,57,0.0877,0.1,0.0,11.0,2.0,10.0,144.0,85.8,54.0,0.0,2.0,4.0,4.0,10.0,173.0,82.7,66.0,0.2,60.9,16.0,82.3,1012.8,0.0,19.8,12.3,254.7,W,19.1,19.73,16.15
776749,2025-08-13,2025,SD,2025-08-13 12:45:00,12,1,11,12,1,11,8,19,304,83.4,3,60,0.05,0.0526,0.0,7.0,1.0,5.0,120.0,86.8,36.0,0.0,1.0,4.0,7.0,14.0,184.0,81.9,78.0,0.0714,65.4,18.6,74.3,1014.2,0.0,16.8,10.5,252.0,W,16.01,16.82,13.26
776729,2025-08-15,2025,TB,2025-08-15 19:15:00,19,6,7,13,2,20,5,19,320,81.8,4,53,0.0755,0.1053,1.0,10.0,3.0,9.0,161.0,81.4,47.0,0.1111,1.0,10.0,2.0,10.0,159.0,82.2,49.0,0.1,63.6,17.6,82.0,1011.6,0.0,17.1,10.6,262.3,W,16.95,16.71,15.14
776711,2025-08-16,2025,TB,2025-08-16 18:05:00,18,1,2,3,0,23,3,13,263,83.0,1,44,0.0227,0.0,0.0,14.0,1.0,7.0,135.0,81.3,46.0,0.0,0.0,9.0,2.0,6.0,128.0,85.0,39.0,0.0,62.1,16.7,91.7,1014.6,0.0,20.1,12.5,239.3,SW,17.26,19.72,12.72
776703,2025-08-17,2025,TB,2025-08-17 13:05:00,13,7,1,8,2,20,3,16,255,83.9,3,46,0.0652,0.125,2.0,11.0,2.0,11.0,135.0,84.7,39.0,0.1818,0.0,9.0,1.0,5.0,120.0,83.2,41.0,0.0,62.7,17.0,76.3,1016.1,0.0,22.3,13.9,257.7,W,21.79,22.1,18.84
776576,2025-08-26,2025,CHC,2025-08-26 18:45:00,18,5,2,7,2,20,5,15,267,83.0,5,45,0.1111,0.1333,2.0,10.0,3.0,7.0,122.0,82.7,38.0,0.2857,0.0,10.0,2.0,8.0,145.0,83.2,49.0,0.0,61.8,16.5,84.7,1012.7,0.0,15.8,9.8,259.7,W,15.51,15.54,13.61
776557,2025-08-27,2025,CHC,2025-08-27 18:45:00,18,12,3,15,5,12,7,18,275,84.5,6,55,0.1091,0.2778,4.0,4.0,3.0,13.0,137.0,86.6,51.0,0.3077,1.0,8.0,4.0,5.0,138.0,82.3,50.0,0.2,63.7,17.6,79.3,1015.3,0.0,11.7,7.2,264.0,W,11.6,11.32,10.49
776550,2025-08-28,2025,CHC,2025-08-28 12:45:00,12,4,3,7,4,15,2,16,240,84.4,6,48,0.125,0.25,2.0,6.0,1.0,8.0,123.0,81.6,48.0,0.25,2.0,9.0,1.0,8.0,117.0,87.8,40.0,0.25,67.4,19.7,61.7,1016.8,0.0,13.8,8.6,256.0,W,13.42,13.76,11.47
776533,2025-08-29,2025,BAL,2025-08-29 19:15:00,19,15,8,23,3,17,7,28,337,85.7,6,63,0.0952,0.1071,2.0,8.0,4.0,18.0,179.0,87.2,63.0,0.1111,1.0,9.0,3.0,10.0,158.0,83.6,49.0,0.1,60.9,16.1,82.3,1015.5,0.0,13.6,8.4,242.0,SW,11.98,13.43,9.08
776516,2025-08-30,2025,BAL,2025-08-30 16:15:00,16,1,11,12,4,17,5,18,290,82.6,8,55,0.1455,0.2222,1.0,7.0,1.0,5.0,118.0,80.2,41.0,0.2,3.0,10.0,4.0,13.0,172.0,84.5,54.0,0.2308,80.6,27.0,34.3,1011.8,0.0,14.5,9.0,258.7,W,14.25,14.37,12.41
776507,2025-08-31,2025,BAL,2025-08-31 13:05:00,13,13,2,15,1,16,13,25,373,82.9,4,58,0.069,0.04,1.0,6.0,7.0,16.0,178.0,83.1,57.0,0.0625,0.0,10.0,6.0,9.0,195.0,82.7,74.0,0.0,77.9,25.5,43.3,1012.1,0.0,14.5,9.0,241.7,SW,12.79,14.38,9.66
776399,2025-09-08,2025,AZ,2025-09-08 18:45:00,18,11,5,16,6,16,4,20,265,83.3,5,56,0.0893,0.3,5.0,6.0,2.0,12.0,121.0,87.8,47.0,0.4167,1.0,10.0,2.0,8.0,144.0,79.2,51.0,0.125,68.4,20.2,77.7,1013.9,0.0,11.7,7.3,233.4,SW,9.41,11.24,6.45
776394,2025-09-09,2025,AZ,2025-09-09 18:45:00,18,5,3,8,2,12,6,13,286,83.9,4,50,0.08,0.1538,2.0,5.0,3.0,5.0,125.0,85.7,42.0,0.4,0.0,7.0,3.0,8.0,161.0,82.7,64.0,0.0,64.8,18.2,89.3,1010.5,0.0,12.1,7.5,245.7,SW,11.03,12.07,8.65
776374,2025-09-10,2025,AZ,2025-09-10 12:45:00,12,3,5,8,1,16,7,17,320,81.0,3,52,0.0577,0.0588,0.0,7.0,3.0,6.0,150.0,79.4,48.0,0.0,1.0,9.0,4.0,11.0,170.0,82.3,55.0,0.0909,65.5,18.6,77.7,1012.0,0.1,17.5,10.9,256.0,W,17.01,17.44,14.54
776350,2025-09-12,2025,LAD,2025-09-12 19:15:00,19,5,1,6,2,18,9,7,281,83.9,5,46,0.1087,0.2857,1.0,13.0,2.0,3.0,134.0,82.8,43.0,0.3333,1.0,5.0,3.0,4.0,147.0,85.0,45.0,0.25,62.0,16.7,85.7,1012.2,0.0,15.7,9.8,239.7,SW,13.55,15.45,10.02
776328,2025-09-13,2025,LAD,2025-09-13 18:05:00,18,7,13,20,1,19,13,25,367,84.3,2,58,0.0345,0.04,0.0,12.0,7.0,8.0,174.0,87.7,44.0,0.0,1.0,7.0,5.0,17.0,193.0,81.8,61.0,0.0588,62.7,17.0,83.7,1012.0,0.0,18.3,11.4,249.0,W,17.12,18.33,13.84
776325,2025-09-14,2025,LAD,2025-09-14 13:05:00,13,2,10,12,0,13,11,23,351,84.6,1,63,0.0159,0.0,0.0,4.0,5.0,5.0,144.0,84.3,44.0,0.0,0.0,9.0,6.0,18.0,207.0,84.9,65.0,0.0,70.5,21.4,71.3,1011.9,0.0,20.2,12.6,249.0,W,18.86,20.2,15.25
776220,2025-09-22,2025,STL,2025-09-22 18:45:00,18,5,6,11,3,14,8,17,288,82.0,7,57,0.1228,0.1765,2.0,5.0,4.0,7.0,147.0,86.1,45.0,0.2857,1.0,9.0,3.0,10.0,141.0,77.6,41.0,0.1,64.5,18.0,77.3,1007.9,0.0,10.8,6.7,245.0,SW,9.82,10.79,7.66
776211,2025-09-23,2025,STL,2025-09-23 18:45:00,18,8,9,17,3,18,5,26,344,83.6,7,60,0.1167,0.1154,1.0,10.0,2.0,11.0,171.0,80.0,53.0,0.0909,2.0,8.0,3.0,15.0,173.0,86.9,57.0,0.1333,78.5,25.8,44.3,1007.3,0.0,13.8,8.6,268.0,W,13.79,13.12,12.8
776196,2025-09-24,2025,STL,2025-09-24 18:45:00,18,4,3,7,1,19,6,18,279,81.3,3,50,0.06,0.0556,1.0,9.0,2.0,11.0,132.0,79.7,39.0,0.0909,0.0,10.0,3.0,7.0,147.0,82.9,42.0,0.0,67.1,19.5,76.0,1013.9,0.0,8.1,5.0,276.8,W,8.01,7.2,7.85
776166,2025-09-26,2025,COL,2025-09-26 19:15:00,19,6,3,9,3,17,8,12,286,84.4,5,47,0.1064,0.25,2.0,4.0,8.0,7.0,169.0,85.8,62.0,0.2857,1.0,13.0,0.0,5.0,117.0,82.1,38.0,0.2,61.8,16.6,81.7,1007.4,0.0,10.2,6.3,215.3,SW,5.88,8.36,2.68
776146,2025-09-27,2025,COL,2025-09-27 13:05:00,13,4,3,7,4,15,5,11,264,83.2,5,46,0.1087,0.3636,1.0,7.0,2.0,4.0,126.0,83.4,45.0,0.25,3.0,8.0,3.0,7.0,138.0,83.0,47.0,0.4286,66.3,19.1,70.0,1009.8,0.0,21.2,13.2,231.3,SW,16.53,20.05,11.01
776137,2025-09-28,2025,COL,2025-09-28 12:05:00,12,4,0,4,2,19,5,12,267,83.6,4,41,0.0976,0.1667,2.0,6.0,3.0,7.0,136.0,83.6,51.0,0.2857,0.0,13.0,2.0,5.0,131.0,83.6,31.0,0.0,67.7,19.8,70.3,1014.2,0.0,14.6,9.1,237.3,SW,12.26,14.21,8.83
