team_code,weather_variable,quintile_bin,quintile_order,metric,diff_from_mean,n_games
AZ,temp,54-86°F,1,away_runs,-0.2975289597764714,164
AZ,temp,86-94°F,2,away_runs,0.22076372315035808,165
AZ,temp,94-99°F,3,away_runs,-0.04303995783123682,163
AZ,temp,99-104°F,4,away_runs,0.2948377972244325,162
AZ,temp,104-112°F,5,away_runs,-0.2823809309376921,159
AZ,temp,54-86°F,1,away_home_runs,-0.004942387553372063,164
AZ,temp,86-94°F,2,away_home_runs,-0.004942387553372063,165
AZ,temp,94-99°F,3,away_home_runs,-0.0024427662838673037,163
AZ,temp,99-104°F,4,away_home_runs,0.022401954213027153,162
AZ,temp,104-112°F,5,away_home_runs,-0.06990633907967969,159
AZ,temp,54-86°F,1,away_strikeouts,0.05220214072644325,164
AZ,temp,86-94°F,2,away_strikeouts,-0.29535883488331294,165
AZ,temp,94-99°F,3,away_strikeouts,-0.06687072702086816,163
AZ,temp,99-104°F,4,away_strikeouts,0.1939988381965243,162
AZ,temp,104-112°F,5,away_strikeouts,-0.06698791909868262,159
AZ,temp,54-86°F,1,away_walks,0.04867813066619853,164
AZ,temp,86-94°F,2,away_walks,0.10965374042229614,165
AZ,temp,94-99°F,3,away_walks,-0.13686193902021238,163
AZ,temp,99-104°F,4,away_walks,-0.08717249802642346,162
AZ,temp,104-112°F,5,away_walks,0.03115243654133293,159
AZ,temp,54-86°F,1,away_hr_h_ratio,-0.00035207595233213707,164
AZ,temp,86-94°F,2,away_hr_h_ratio,-0.005952726857614193,165
AZ,temp,94-99°F,3,away_hr_h_ratio,0.0019117855837987585,163
AZ,temp,99-104°F,4,away_hr_h_ratio,-0.004286972180176402,162
AZ,temp,104-112°F,5,away_hr_h_ratio,-0.003678682793872262,159
AZ,wspd,1-4 mph,1,away_runs,-0.08646519251229279,166
AZ,wspd,4-6 mph,2,away_runs,-0.3229862768496421,160
AZ,wspd,6-8 mph,3,away_runs,-0.10022393117062922,162
AZ,wspd,8-10 mph,4,away_runs,-0.03533383782525146,164
AZ,wspd,10-23 mph,5,away_runs,0.44436620762240775,161
AZ,wspd,1-4 mph,1,away_home_runs,-0.10878569871375632,166
AZ,wspd,4-6 mph,2,away_home_runs,-0.045338729016786594,160
AZ,wspd,6-8 mph,3,away_home_runs,-0.04032329691802117,162
AZ,wspd,8-10 mph,4,away_home_runs,0.04724667470992139,164
AZ,wspd,10-23 mph,5,away_home_runs,0.0907249355794868,161
AZ,wspd,1-4 mph,1,away_strikeouts,-0.07876607804665348,166
AZ,wspd,4-6 mph,2,away_strikeouts,-0.3263039568345327,160
AZ,wspd,6-8 mph,3,away_strikeouts,0.3066435740296658,162
AZ,wspd,8-10 mph,4,away_strikeouts,0.10083113633316998,164
AZ,wspd,10-23 mph,5,away_strikeouts,-0.19109432950534,161
AZ,wspd,1-4 mph,1,away_walks,-0.07279267495094821,166
AZ,wspd,4-6 mph,2,away_walks,0.11849520383693024,160
AZ,wspd,6-8 mph,3,away_walks,-0.012523314681588182,162
AZ,wspd,8-10 mph,4,away_walks,-0.09959485827487091,164
AZ,wspd,10-23 mph,5,away_walks,0.03705110445804838,161
AZ,wspd,1-4 mph,1,away_hr_h_ratio,-0.01059688748226563,166
AZ,wspd,4-6 mph,2,away_hr_h_ratio,-0.007655978391356538,160
AZ,wspd,6-8 mph,3,away_hr_h_ratio,-0.004301879012474558,162
AZ,wspd,8-10 mph,4,away_hr_h_ratio,0.002534766950258366,164
AZ,wspd,10-23 mph,5,away_hr_h_ratio,0.007842220366407443,161
AZ,rhum,2-9%,1,away_runs,-0.034791832405197454,180
AZ,rhum,9-12%,2,away_runs,-0.006509004122369433,154
AZ,rhum,12-17%,3,away_runs,-0.058739382439704,161
AZ,rhum,17-26%,4,away_runs,-0.004236276849641563,160
AZ,rhum,26-89%,5,away_runs,0.0055738497326363046,158
AZ,rhum,2-9%,1,away_home_runs,-0.10538086384824719,180
AZ,rhum,9-12%,2,away_home_runs,0.03196390256216075,154
AZ,rhum,12-17%,3,away_home_runs,0.0969361157037103,161
AZ,rhum,17-26%,4,away_home_runs,-0.02658872901678655,160
AZ,rhum,26-89%,5,away_home_runs,-0.04415202015602704,158
AZ,rhum,2-9%,1,away_strikeouts,-0.36092474335138647,180
AZ,rhum,9-12%,2,away_strikeouts,-0.15623816736084706,154
AZ,rhum,12-17%,3,away_strikeouts,0.07598641583627597,161
AZ,rhum,17-26%,4,away_strikeouts,0.3611960431654673,160
AZ,rhum,26-89%,5,away_strikeouts,-0.07654129860668313,158
AZ,rhum,2-9%,1,away_walks,-0.010858728747339175,180
AZ,rhum,9-12%,2,away_walks,-0.03347848037359569,154
AZ,rhum,12-17%,3,away_walks,-0.0561165974053055,161
AZ,rhum,17-26%,4,away_walks,-0.006504796163069759,160
AZ,rhum,26-89%,5,away_walks,0.07561545700148731,158
AZ,rhum,2-9%,1,away_hr_h_ratio,-0.02107406827899698,180
AZ,rhum,9-12%,2,away_hr_h_ratio,0.007376390029696117,154
AZ,rhum,12-17%,3,away_hr_h_ratio,0.012576381857090674,161
AZ,rhum,17-26%,4,away_hr_h_ratio,-0.0011366033913565443,160
AZ,rhum,26-89%,5,away_hr_h_ratio,-0.007696296862694116,158
AZ,pres,960-967 hPa,1,away_runs,0.3618680176288853,163
AZ,pres,967-969 hPa,2,away_runs,-0.16477844552434107,166
AZ,pres,969-970 hPa,3,away_runs,0.13693138782101677,167
AZ,pres,970-972 hPa,4,away_runs,-0.13772684288737747,159
AZ,pres,972-981 hPa,5,away_runs,-0.31088184646989525,158
AZ,pres,960-967 hPa,1,away_home_runs,0.07696065369926286,163
AZ,pres,967-969 hPa,2,away_home_runs,0.030608240680183085,166
AZ,pres,969-970 hPa,3,away_home_runs,0.011513680621767719,167
AZ,pres,970-972 hPa,4,away_home_runs,-0.06313936192817904,159
AZ,pres,972-981 hPa,5,away_home_runs,-0.1201013872446346,158
AZ,pres,960-967 hPa,1,away_strikeouts,0.06590283328892532,163
AZ,pres,967-969 hPa,2,away_strikeouts,-0.13331153259210815,166
AZ,pres,969-970 hPa,3,away_strikeouts,0.1894339949726973,167
AZ,pres,970-972 hPa,4,away_strikeouts,-0.3297058555687098,159
AZ,pres,972-981 hPa,5,away_strikeouts,0.012066296330024429,158
AZ,pres,960-967 hPa,1,away_walks,0.09241495692335011,163
AZ,pres,967-969 hPa,2,away_walks,-0.07885328101155453,166
AZ,pres,969-970 hPa,3,away_walks,0.024067492993556705,167
AZ,pres,970-972 hPa,4,away_walks,-0.0952706189478798,159
AZ,pres,972-981 hPa,5,away_walks,0.02498254560908242,158
AZ,pres,960-967 hPa,1,away_hr_h_ratio,0.0009287129666681604,163
AZ,pres,967-969 hPa,2,away_hr_h_ratio,0.005718264032885889,166
AZ,pres,969-970 hPa,3,away_hr_h_ratio,-0.0010935687528023097,167
AZ,pres,970-972 hPa,4,away_hr_h_ratio,-0.005147877125533745,159
AZ,pres,972-981 hPa,5,away_hr_h_ratio,-0.013340245907280099,158
ATH,temp,46-59°F,1,away_runs,0.3594617132012532,166
ATH,temp,59-62°F,2,away_runs,-0.14291817672883766,162
ATH,temp,62-67°F,3,away_runs,-0.16290274463007215,160
ATH,temp,67-72°F,4,away_runs,-0.13924476916994877,163
ATH,temp,72-96°F,5,away_runs,-0.04722022929264824,163
ATH,temp,46-59°F,1,away_home_runs,-0.11661550046339209,166
ATH,temp,59-62°F,2,away_home_runs,0.12524635690396568,162
ATH,temp,62-67°F,3,away_home_runs,-0.05425284228350269,160
ATH,temp,67-72°F,4,away_home_runs,0.038289835164835084,163
ATH,temp,72-96°F,5,away_home_runs,0.03207865504061158,163
ATH,temp,46-59°F,1,away_strikeouts,-0.28410275718257694,166
ATH,temp,59-62°F,2,away_strikeouts,0.07034609412326809,162
ATH,temp,62-67°F,3,away_strikeouts,0.38063165215287853,160
ATH,temp,67-72°F,4,away_strikeouts,0.039290193502148796,163
ATH,temp,72-96°F,5,away_strikeouts,-0.20915701146679488,163
ATH,temp,46-59°F,1,away_walks,0.4227873030583873,166
ATH,temp,59-62°F,2,away_walks,-0.04368729096989954,162
ATH,temp,62-67°F,3,away_walks,-0.195724479922593,160
ATH,temp,67-72°F,4,away_walks,-0.18654443382704233,163
ATH,temp,72-96°F,5,away_walks,-0.025053750597228586,163
ATH,temp,46-59°F,1,away_hr_h_ratio,-0.017234826579043447,166
ATH,temp,59-62°F,2,away_hr_h_ratio,0.012248885542168686,162
ATH,temp,62-67°F,3,away_hr_h_ratio,-0.009684935212548304,160
ATH,temp,67-72°F,4,away_hr_h_ratio,0.007230112250243198,163
ATH,temp,72-96°F,5,away_hr_h_ratio,0.012048745790615878,163
ATH,wspd,2-6 mph,1,away_runs,-0.05302848427504259,169
ATH,wspd,6-7 mph,2,away_runs,0.3988852300534722,158
ATH,wspd,7-9 mph,3,away_runs,-0.02368490837276216,171
ATH,wspd,9-10 mph,4,away_runs,-0.5059361841205172,157
ATH,wspd,10-17 mph,5,away_runs,0.05962084027558845,159
ATH,wspd,2-6 mph,1,away_home_runs,0.003217123445416803,169
ATH,wspd,6-7 mph,2,away_home_runs,0.05366054040895807,158
ATH,wspd,7-9 mph,3,away_home_runs,-0.03356139053254448,171
ATH,wspd,9-10 mph,4,away_home_runs,-0.046875,157
ATH,wspd,10-17 mph,5,away_home_runs,0.0473314264849074,159
ATH,wspd,2-6 mph,1,away_strikeouts,0.05234482957162534,169
ATH,wspd,6-7 mph,2,away_strikeouts,0.1811252434274575,158
ATH,wspd,7-9 mph,3,away_strikeouts,-0.08552144970414233,171
ATH,wspd,9-10 mph,4,away_strikeouts,0.14623397435897267,157
ATH,wspd,10-17 mph,5,away_strikeouts,-0.30621652872444116,159
ATH,wspd,2-6 mph,1,away_walks,-0.12439543988945179,169
ATH,wspd,6-7 mph,2,away_walks,0.3407375851996104,158
ATH,wspd,7-9 mph,3,away_walks,0.09652366863905337,171
ATH,wspd,9-10 mph,4,away_walks,-0.1105769230769229,157
ATH,wspd,10-17 mph,5,away_walks,-0.21622444011684516,159
ATH,wspd,2-6 mph,1,away_hr_h_ratio,-0.003115783132530109,169
ATH,wspd,6-7 mph,2,away_hr_h_ratio,-0.0006166524325148526,158
ATH,wspd,7-9 mph,3,away_hr_h_ratio,0.0015465038853639534,171
ATH,wspd,9-10 mph,4,away_hr_h_ratio,0.004840579090555769,157
ATH,wspd,10-17 mph,5,away_hr_h_ratio,0.0017915754155863883,159
ATH,rhum,11-53%,1,away_runs,0.27021851285495835,167
ATH,rhum,53-63%,2,away_runs,0.12251392203659517,159
ATH,rhum,63-72%,3,away_runs,-0.1965917690203156,164
ATH,rhum,72-82%,4,away_runs,-0.18657698705431436,165
ATH,rhum,82-98%,5,away_runs,-0.13534771318353123,159
ATH,rhum,11-53%,1,away_home_runs,0.09422787303058389,167
ATH,rhum,53-63%,2,away_home_runs,0.024464950372208527,159
ATH,rhum,63-72%,3,away_home_runs,-0.09237218574108819,164
ATH,rhum,72-82%,4,away_home_runs,0.041774155722326345,165
ATH,rhum,82-98%,5,away_home_runs,-0.04796353410740206,159
ATH,rhum,11-53%,1,away_strikeouts,-0.3744642029657097,167
ATH,rhum,53-63%,2,away_strikeouts,-0.045742866004964355,159
ATH,rhum,63-72%,3,away_strikeouts,-0.0241850375234538,164
ATH,rhum,72-82%,4,away_strikeouts,0.06727837711069284,165
ATH,rhum,82-98%,5,away_strikeouts,0.37434234397677635,159
ATH,rhum,11-53%,1,away_walks,-0.004923540315106667,167
ATH,rhum,53-63%,2,away_walks,-0.05350496277915617,159
ATH,rhum,63-72%,3,away_walks,-0.18234052532833012,164
ATH,rhum,72-82%,4,away_walks,0.012781425891182252,165
ATH,rhum,82-98%,5,away_walks,0.2193698597000484,159
ATH,rhum,11-53%,1,away_hr_h_ratio,0.014899277108433723,167
ATH,rhum,53-63%,2,away_hr_h_ratio,0.0032386436066848268,159
ATH,rhum,63-72%,3,away_hr_h_ratio,-0.01201629738466059,164
ATH,rhum,72-82%,4,away_hr_h_ratio,0.0003858947446226668,165
ATH,rhum,82-98%,5,away_hr_h_ratio,-0.0024520954704895515,159
ATH,pres,1000-1011 hPa,1,away_runs,0.2664981429438926,169
ATH,pres,1011-1013 hPa,2,away_runs,-0.031652744630071616,160
ATH,pres,1013-1014 hPa,3,away_runs,-0.08632141932886661,166
ATH,pres,1014-1016 hPa,4,away_runs,-0.3907785115012379,163
ATH,pres,1016-1025 hPa,5,away_runs,0.11610366562633878,156
ATH,pres,1000-1011 hPa,1,away_home_runs,0.1620993589743589,169
ATH,pres,1011-1013 hPa,2,away_home_runs,0.02121885582970484,160
ATH,pres,1013-1014 hPa,3,away_home_runs,-0.03830224745134392,166
ATH,pres,1014-1016 hPa,4,away_home_runs,-0.09839446818613484,163
ATH,pres,1016-1025 hPa,5,away_home_runs,-0.027644230769230838,156
ATH,pres,1000-1011 hPa,1,away_strikeouts,-0.6125072843822856,169
ATH,pres,1011-1013 hPa,2,away_strikeouts,0.034719702467343794,160
ATH,pres,1013-1014 hPa,3,away_strikeouts,0.4267406163113989,166
ATH,pres,1014-1016 hPa,4,away_strikeouts,0.5322738603988597,163
ATH,pres,1016-1025 hPa,5,away_strikeouts,-0.4114583333333339,156
ATH,pres,1000-1011 hPa,1,away_walks,0.18266317016317002,169
ATH,pres,1011-1013 hPa,2,away_walks,0.024401306240928733,160
ATH,pres,1013-1014 hPa,3,away_walks,-0.10733317886932348,166
ATH,pres,1014-1016 hPa,4,away_walks,-0.11722459639126281,163
ATH,pres,1016-1025 hPa,5,away_walks,0.004807692307692513,156
ATH,pres,1000-1011 hPa,1,away_hr_h_ratio,0.010326991602774754,169
ATH,pres,1011-1013 hPa,2,away_hr_h_ratio,0.011640850950973725,160
ATH,pres,1013-1014 hPa,3,away_hr_h_ratio,-0.010030240963855408,166
ATH,pres,1014-1016 hPa,4,away_hr_h_ratio,-0.008777962283918264,163
ATH,pres,1016-1025 hPa,5,away_hr_h_ratio,0.001312837155071911,156
ATL,temp,43-70°F,1,away_runs,0.39253205306099836,172
ATL,temp,70-76°F,2,away_runs,0.1519839774456031,171
ATL,temp,76-79°F,3,away_runs,-0.17313351977392877,163
ATL,temp,79-83°F,4,away_runs,-0.357893358169858,164
ATL,temp,83-95°F,5,away_runs,-0.03922320718263439,168
ATL,temp,43-70°F,1,away_home_runs,0.10643522794055915,172
ATL,temp,70-76°F,2,away_home_runs,-0.020421034317776643,171
ATL,temp,76-79°F,3,away_home_runs,-0.13029611747248127,163
ATL,temp,79-83°F,4,away_home_runs,-0.08121636287125433,164
ATL,temp,83-95°F,5,away_home_runs,0.11712315441319521,168
ATL,temp,43-70°F,1,away_strikeouts,0.14539081521282782,172
ATL,temp,70-76°F,2,away_strikeouts,-0.3049454134226437,171
ATL,temp,76-79°F,3,away_strikeouts,0.18444774202121827,163
ATL,temp,79-83°F,4,away_strikeouts,0.09242320214391597,164
ATL,temp,83-95°F,5,away_strikeouts,-0.11686374543332079,168
ATL,temp,43-70°F,1,away_walks,0.196820865866286,172
ATL,temp,70-76°F,2,away_walks,0.027865976541545212,171
ATL,temp,76-79°F,3,away_walks,0.06142351959720305,163
ATL,temp,79-83°F,4,away_walks,-0.13489549880770468,164
ATL,temp,83-95°F,5,away_walks,-0.1587006492430305,168
ATL,temp,43-70°F,1,away_hr_h_ratio,0.006825620574818794,172
ATL,temp,70-76°F,2,away_hr_h_ratio,-0.003326382787467566,171
ATL,temp,76-79°F,3,away_hr_h_ratio,-0.013460568610514367,163
ATL,temp,79-83°F,4,away_hr_h_ratio,-0.005888789469410058,164
ATL,temp,83-95°F,5,away_hr_h_ratio,0.015162384256757241,168
ATL,wspd,1-4 mph,1,away_runs,-0.27711780322329727,178
ATL,wspd,4-5 mph,2,away_runs,-0.21779463575406233,168
ATL,wspd,5-6 mph,3,away_runs,0.09500298329355594,160
ATL,wspd,6-8 mph,4,away_runs,0.038301176064640785,166
ATL,wspd,8-17 mph,5,away_runs,0.38769876642608647,166
ATL,wspd,1-4 mph,1,away_home_runs,-0.07301342635784702,178
ATL,wspd,4-5 mph,2,away_home_runs,0.0033506993233749505,168
ATL,wspd,5-6 mph,3,away_home_runs,-0.0880415162454874,160
ATL,wspd,6-8 mph,4,away_home_runs,-0.013956150391828848,166
ATL,wspd,8-17 mph,5,away_home_runs,0.17785354548290755,166
ATL,wspd,1-4 mph,1,away_strikeouts,-0.27171135358779885,178
ATL,wspd,4-5 mph,2,away_strikeouts,-0.11087572148122504,168
ATL,wspd,5-6 mph,3,away_strikeouts,-0.020306859205776462,160
ATL,wspd,6-8 mph,4,away_strikeouts,0.1778638725015398,166
ATL,wspd,8-17 mph,5,away_strikeouts,0.25284128894237234,166
ATL,wspd,1-4 mph,1,away_walks,0.07348666152868466,178
ATL,wspd,4-5 mph,2,away_walks,-0.0748683139136892,168
ATL,wspd,5-6 mph,3,away_walks,0.09623947051744874,160
ATL,wspd,6-8 mph,4,away_walks,-0.11656540753133182,166
ATL,wspd,8-17 mph,5,away_walks,0.019387618665597017,166
ATL,wspd,1-4 mph,1,away_hr_h_ratio,-0.004608466177206311,178
ATL,wspd,4-5 mph,2,away_hr_h_ratio,-0.0004933043659972602,168
ATL,wspd,5-6 mph,3,away_hr_h_ratio,-0.014644161401925412,160
ATL,wspd,6-8 mph,4,away_hr_h_ratio,0.001831859939538022,166
ATL,wspd,8-17 mph,5,away_hr_h_ratio,0.018181046931407943,166
ATL,rhum,22-48%,1,away_runs,-0.1642232071826344,168
ATL,rhum,48-60%,2,away_runs,0.3285785646889048,172
ATL,rhum,60-70%,3,away_runs,-0.04517558813501488,168
ATL,rhum,70-83%,4,away_runs,0.013907304281210564,162
ATL,rhum,83-99%,5,away_runs,-0.14041368337311066,168
ATL,rhum,22-48%,1,away_home_runs,-0.008117273821244941,168
ATL,rhum,48-60%,2,away_home_runs,0.04469657899260793,172
ATL,rhum,60-70%,3,away_home_runs,0.07445848375451258,168
ATL,rhum,70-83%,4,away_home_runs,-0.03819583723314168,162
ATL,rhum,83-99%,5,away_home_runs,-0.07435104005501125,168
ATL,rhum,22-48%,1,away_strikeouts,0.27439011049119344,168
ATL,rhum,48-60%,2,away_strikeouts,-0.07983066872958666,172
ATL,rhum,60-70%,3,away_strikeouts,0.2415979026989863,168
ATL,rhum,70-83%,4,away_strikeouts,-0.2286401925391104,162
ATL,rhum,83-99%,5,away_strikeouts,-0.21078304968196626,168
ATL,rhum,22-48%,1,away_walks,-0.06815446887649079,168
ATL,rhum,48-60%,2,away_walks,0.07957280385078214,172
ATL,rhum,60-70%,3,away_walks,-0.08709386281588483,168
ATL,rhum,70-83%,4,away_walks,0.2230913223693003,162
ATL,rhum,83-99%,5,away_walks,-0.1406652913873132,168
ATL,rhum,22-48%,1,away_hr_h_ratio,-0.0024138015534405505,168
ATL,rhum,48-60%,2,away_hr_h_ratio,0.003038189788550791,172
ATL,rhum,60-70%,3,away_hr_h_ratio,0.017817951693312697,168
ATL,rhum,70-83%,4,away_hr_h_ratio,-0.00349364442661676,162
ATL,rhum,83-99%,5,away_hr_h_ratio,-0.015116572116211119,168
ATL,pres,963-977 hPa,1,away_runs,0.23801768917590937,170
ATL,pres,977-979 hPa,2,away_runs,0.005040862081434838,165
ATL,pres,979-981 hPa,3,away_runs,-0.21950972857085027,177
ATL,pres,981-983 hPa,4,away_runs,-0.06235461164315215,158
ATL,pres,983-991 hPa,5,away_runs,0.044110126150699536,168
ATL,pres,963-977 hPa,1,away_home_runs,0.06188451925747107,170
ATL,pres,977-979 hPa,2,away_home_runs,0.028726776437439483,165
ATL,pres,979-981 hPa,3,away_home_runs,0.03468575648178529,177
ATL,pres,981-983 hPa,4,away_home_runs,0.007150791446820293,158
ATL,pres,983-991 hPa,5,away_home_runs,-0.13487886564307783,168
ATL,pres,963-977 hPa,1,away_strikeouts,-0.2503364450045922,170
ATL,pres,977-979 hPa,2,away_strikeouts,-0.05994100554723936,165
ATL,pres,979-981 hPa,3,away_strikeouts,0.39446586806695016,177
ATL,pres,981-983 hPa,4,away_strikeouts,-0.2158196797185976,158
ATL,pres,983-991 hPa,5,away_strikeouts,0.09866904440868218,168
ATL,pres,963-977 hPa,1,away_walks,-0.05183745255947425,170
ATL,pres,977-979 hPa,2,away_walks,0.08465410466379009,165
ATL,pres,979-981 hPa,3,away_walks,-0.08330598402800593,177
ATL,pres,981-983 hPa,4,away_walks,-0.0261964269184487,158
ATL,pres,983-991 hPa,5,away_walks,0.08208284401142452,168
ATL,pres,963-977 hPa,1,away_hr_h_ratio,0.0015000804619799274,170
ATL,pres,977-979 hPa,2,away_hr_h_ratio,0.001776372134659962,165
ATL,pres,979-981 hPa,3,away_hr_h_ratio,0.002482940870801878,177
ATL,pres,981-983 hPa,4,away_hr_h_ratio,0.005608611033972047,158
ATL,pres,983-991 hPa,5,away_hr_h_ratio,-0.011185418932045887,168
BAL,temp,39-64°F,1,away_runs,-0.6867515182473465,168
BAL,temp,64-72°F,2,away_runs,-0.10068709247703822,170
BAL,temp,72-77°F,3,away_runs,0.3430103865145586,168
BAL,temp,77-81°F,4,away_runs,0.25298502725843,169
BAL,temp,81-100°F,5,away_runs,0.1957978429605518,164
BAL,temp,39-64°F,1,away_home_runs,-0.22478991596638642,168
BAL,temp,64-72°F,2,away_home_runs,-0.06407563025210083,170
BAL,temp,72-77°F,3,away_home_runs,0.08166859558194539,168
BAL,temp,77-81°F,4,away_home_runs,0.12358476324661605,169
BAL,temp,81-100°F,5,away_home_runs,0.08743620147445497,164
BAL,temp,39-64°F,1,away_strikeouts,0.040216086434574194,168
BAL,temp,64-72°F,2,away_strikeouts,-0.03121248499399698,170
BAL,temp,72-77°F,3,away_strikeouts,-0.13300889217962553,168
BAL,temp,77-81°F,4,away_strikeouts,-0.007260389185614002,169
BAL,temp,81-100°F,5,away_strikeouts,0.1344316867851436,164
BAL,temp,39-64°F,1,away_walks,0.055522208883553414,168
BAL,temp,64-72°F,2,away_walks,0.18052220888355341,170
BAL,temp,72-77°F,3,away_walks,-0.1474290314928366,168
BAL,temp,77-81°F,4,away_walks,-0.04563262430720805,169
BAL,temp,81-100°F,5,away_walks,-0.04548567893415045,164
BAL,temp,39-64°F,1,away_hr_h_ratio,-0.01359135154061622,168
BAL,temp,64-72°F,2,away_hr_h_ratio,-0.015269922969187666,170
BAL,temp,72-77°F,3,away_hr_h_ratio,0.005056035827504662,168
BAL,temp,77-81°F,4,away_hr_h_ratio,0.007717113671816045,169
BAL,temp,81-100°F,5,away_hr_h_ratio,0.016659988658039915,164
BAL,wspd,1-4 mph,1,away_runs,-0.008180089675917657,168
BAL,wspd,4-5 mph,2,away_runs,0.5378155813197534,176
BAL,wspd,5-6 mph,3,away_runs,-0.11053913145213734,163
BAL,wspd,6-9 mph,4,away_runs,-0.11532294681877442,168
BAL,wspd,9-20 mph,5,away_runs,-0.3407875228931072,164
BAL,wspd,1-4 mph,1,away_home_runs,-0.13390026669350363,168
BAL,wspd,4-5 mph,2,away_home_runs,0.23300229182582144,176
BAL,wspd,5-6 mph,3,away_home_runs,0.01639174188193815,163
BAL,wspd,6-9 mph,4,away_home_runs,-0.029867368634200586,168
BAL,wspd,9-20 mph,5,away_home_runs,-0.10089220873534588,164
BAL,wspd,1-4 mph,1,away_strikeouts,-0.05516458080237996,168
BAL,wspd,4-5 mph,2,away_strikeouts,-0.27553066681217864,176
BAL,wspd,5-6 mph,3,away_strikeouts,0.1354541816726691,163
BAL,wspd,6-9 mph,4,away_strikeouts,0.19770317765660472,168
BAL,wspd,9-20 mph,5,away_strikeouts,0.018170231055385955,164
BAL,wspd,1-4 mph,1,away_walks,0.014247615213750287,168
BAL,wspd,4-5 mph,2,away_walks,0.01656116992251455,176
BAL,wspd,5-6 mph,3,away_walks,-0.280015709987699,163
BAL,wspd,6-9 mph,4,away_walks,0.002596219210575512,168
BAL,wspd,9-20 mph,5,away_walks,0.2446756480369925,164
BAL,wspd,1-4 mph,1,away_hr_h_ratio,-0.010999053992854613,168
BAL,wspd,4-5 mph,2,away_hr_h_ratio,0.02110063980137511,176
BAL,wspd,5-6 mph,3,away_hr_h_ratio,0.0012727357609710888,163
BAL,wspd,6-9 mph,4,away_hr_h_ratio,-0.005626728763794664,168
BAL,wspd,9-20 mph,5,away_hr_h_ratio,-0.0070926963377943575,164
BAL,rhum,23-50%,1,away_runs,-0.3242165042417442,170
BAL,rhum,50-63%,2,away_runs,0.3643568561368902,174
BAL,rhum,63-73%,3,away_runs,-0.018514591574836814,163
BAL,rhum,73-83%,4,away_runs,-0.31639727899066816,164
BAL,rhum,83-97%,5,away_runs,0.27753419603836793,168
BAL,rhum,23-50%,1,away_home_runs,-0.1322770071884174,170
BAL,rhum,50-63%,2,away_home_runs,0.11388003477252973,174
BAL,rhum,63-73%,3,away_home_runs,0.07194729743749351,163
BAL,rhum,73-83%,4,away_home_runs,-0.09238573478171741,164
BAL,rhum,83-97%,5,away_home_runs,0.03376440396517899,168
BAL,rhum,23-50%,1,away_strikeouts,0.5230043824758823,170
BAL,rhum,50-63%,2,away_strikeouts,0.10671854948876103,174
BAL,rhum,63-73%,3,away_strikeouts,0.1045899841418052,163
BAL,rhum,73-83%,4,away_strikeouts,-0.1653588264574113,164
BAL,rhum,83-97%,5,away_strikeouts,-0.5701346406826193,168
BAL,rhum,23-50%,1,away_walks,-0.11788570850026758,170
BAL,rhum,50-63%,2,away_walks,0.2529770528901216,174
BAL,rhum,63-73%,3,away_walks,-0.088657685296341,163
BAL,rhum,73-83%,4,away_walks,-0.08210845313735238,164
BAL,rhum,83-97%,5,away_walks,0.02023563916584603,168
BAL,rhum,23-50%,1,away_hr_h_ratio,-0.01256588539030068,170
BAL,rhum,50-63%,2,away_hr_h_ratio,0.002626567178595607,174
BAL,rhum,63-73%,3,away_hr_h_ratio,0.017104834526403156,163
BAL,rhum,73-83%,4,away_hr_h_ratio,-0.008880042016806727,164
BAL,rhum,83-97%,5,away_hr_h_ratio,0.0018817843304986814,168
BAL,pres,991-1009 hPa,1,away_runs,0.1755082979598388,171
BAL,pres,1009-1012 hPa,2,away_runs,0.2537246722288442,168
BAL,pres,1012-1015 hPa,3,away_runs,-0.17896763546346328,169
BAL,pres,1015-1018 hPa,4,away_runs,-0.07486814214241289,167
BAL,pres,1018-1031 hPa,5,away_runs,-0.18225093752725297,164
BAL,pres,991-1009 hPa,1,away_home_runs,-0.030580279449057723,171
BAL,pres,1009-1012 hPa,2,away_home_runs,0.12957278719871201,168
BAL,pres,1012-1015 hPa,3,away_home_runs,-0.010504201680672232,169
BAL,pres,1015-1018 hPa,4,away_home_runs,-0.10396014693302469,167
BAL,pres,1018-1031 hPa,5,away_home_runs,0.01639174188193815,164
BAL,pres,991-1009 hPa,1,away_strikeouts,-0.3803249110294997,171
BAL,pres,1009-1012 hPa,2,away_strikeouts,-0.05516458080237996,168
BAL,pres,1012-1015 hPa,3,away_strikeouts,-0.055022008803520706,169
BAL,pres,1015-1018 hPa,4,away_strikeouts,-0.0611526047544757,167
BAL,pres,1018-1031 hPa,5,away_strikeouts,0.5737257866109413,164
BAL,pres,991-1009 hPa,1,away_walks,-0.16996384352557614,171
BAL,pres,1009-1012 hPa,2,away_walks,-0.04563262430720805,168
BAL,pres,1012-1015 hPa,3,away_walks,-0.158763505402161,169
BAL,pres,1015-1018 hPa,4,away_walks,0.17592426192033672,167
BAL,pres,1018-1031 hPa,5,away_walks,0.2076386109999553,164
BAL,pres,991-1009 hPa,1,away_hr_h_ratio,-0.005034036099646949,171
BAL,pres,1009-1012 hPa,2,away_hr_h_ratio,0.017324299300558565,168
BAL,pres,1012-1015 hPa,3,away_hr_h_ratio,-0.002277065826330499,169
BAL,pres,1015-1018 hPa,4,away_hr_h_ratio,-0.006584083932974383,167
BAL,pres,1018-1031 hPa,5,away_hr_h_ratio,-0.0034587457205104144,164
BOS,temp,34-56°F,1,away_runs,-0.28898764060547144,152
BOS,temp,56-66°F,2,away_runs,-0.578461324815998,152
BOS,temp,66-72°F,3,away_runs,0.31627551728926573,152
BOS,temp,72-77°F,4,away_runs,-0.08020409233081072,151
BOS,temp,77-100°F,5,away_runs,0.6350276957486587,151
BOS,temp,34-56°F,1,away_home_runs,-0.24648713995374594,152
BOS,temp,56-66°F,2,away_home_runs,-0.08780292942743007,152
BOS,temp,66-72°F,3,away_home_runs,0.10385269971164268,152
BOS,temp,72-77°F,4,away_home_runs,-0.021136262760763413,151
BOS,temp,77-100°F,5,away_home_runs,0.25760247597797536,151
BOS,temp,34-56°F,1,away_strikeouts,0.5927272408718203,152
BOS,temp,56-66°F,2,away_strikeouts,-0.1519218819351984,152
BOS,temp,66-72°F,3,away_strikeouts,0.034126683186213924,152
BOS,temp,72-77°F,4,away_strikeouts,-0.25192188193519804,151
BOS,temp,77-100°F,5,away_strikeouts,-0.23426422427754012,151
BOS,temp,34-56°F,1,away_walks,0.14644509075618473,152
BOS,temp,56-66°F,2,away_walks,-0.15574789169995595,152
BOS,temp,66-72°F,3,away_walks,0.10230950344353218,152
BOS,temp,72-77°F,4,away_walks,-0.14908122503328913,151
BOS,temp,77-100°F,5,away_walks,0.054162018209954255,151
BOS,temp,34-56°F,1,away_hr_h_ratio,-0.009449054769079798,152
BOS,temp,56-66°F,2,away_hr_h_ratio,-0.004769958277851705,152
BOS,temp,66-72°F,3,away_hr_h_ratio,0.011095860706695743,152
BOS,temp,72-77°F,4,away_hr_h_ratio,-0.011845291611185041,151
BOS,temp,77-100°F,5,away_hr_h_ratio,0.01522343811854468,151
BOS,wspd,1-5 mph,1,away_runs,0.11933709279666171,153
BOS,wspd,5-7 mph,2,away_runs,-0.17291932411889022,151
BOS,wspd,7-8 mph,3,away_runs,-0.01267185113178737,152
BOS,wspd,8-11 mph,4,away_runs,0.19127551728926573,152
BOS,wspd,11-23 mph,5,away_runs,-0.12863676341248897,150
BOS,wspd,1-5 mph,1,away_home_runs,0.01998230547189883,153
BOS,wspd,5-7 mph,2,away_home_runs,0.09060766659906005,151
BOS,wspd,7-8 mph,3,away_home_runs,0.013270896075925576,152
BOS,wspd,8-11 mph,4,away_home_runs,-0.035960824164272154,152
BOS,wspd,11-23 mph,5,away_home_runs,-0.08780292942743007,150
BOS,wspd,1-5 mph,1,away_strikeouts,-0.031742911017971664,153
BOS,wspd,5-7 mph,2,away_strikeouts,-0.15792629694623628,151
BOS,wspd,7-8 mph,3,away_strikeouts,-0.22637378350119342,152
BOS,wspd,8-11 mph,4,away_strikeouts,0.1914114513981353,152
BOS,wspd,11-23 mph,5,away_strikeouts,0.22141145139813467,150
BOS,wspd,1-5 mph,1,away_walks,-0.14881276865745008,153
BOS,wspd,5-7 mph,2,away_walks,0.07581943721836648,151
BOS,wspd,7-8 mph,3,away_walks,-0.0011617619460406736,152
BOS,wspd,8-11 mph,4,away_walks,-0.2614496460859206,152
BOS,wspd,11-23 mph,5,away_walks,0.33758544163337767,150
BOS,wspd,1-5 mph,1,away_hr_h_ratio,-0.004866190940044118,153
BOS,wspd,5-7 mph,2,away_hr_h_ratio,0.012659436865636142,151
BOS,wspd,7-8 mph,3,away_hr_h_ratio,0.005928439932439106,152
BOS,wspd,8-11 mph,4,away_hr_h_ratio,-0.006378660032237707,152
BOS,wspd,11-23 mph,5,away_hr_h_ratio,-0.0073352916111850686,150
BOS,rhum,21-49%,1,away_runs,0.8294334120261073,152
BOS,rhum,49-63%,2,away_runs,0.11232814886821263,152
BOS,rhum,63-75%,3,away_runs,-0.36369052685334946,155
BOS,rhum,75-85%,4,away_runs,-0.2914939062696318,147
BOS,rhum,85-99%,5,away_runs,-0.28898764060547144,152
BOS,rhum,21-49%,1,away_home_runs,0.10051921822357657,152
BOS,rhum,49-63%,2,away_home_runs,0.02438250103614603,152
BOS,rhum,63-75%,3,away_home_runs,-0.017932799557300205,155
BOS,rhum,75-85%,4,away_home_runs,-0.05876183353701925,147
BOS,rhum,85-99%,5,away_home_runs,-0.048465181083059194,152
BOS,rhum,21-49%,1,away_strikeouts,-0.08543418618575771,152
BOS,rhum,49-63%,2,away_strikeouts,-0.10494616449590488,152
BOS,rhum,63-75%,3,away_strikeouts,-0.22741971743303324,155
BOS,rhum,75-85%,4,away_strikeouts,0.24963062948032722,147
BOS,rhum,85-99%,5,away_strikeouts,0.1798220474246257,152
BOS,rhum,21-49%,1,away_walks,0.16662347295328805,152
BOS,rhum,49-63%,2,away_walks,0.11555453655611458,152
BOS,rhum,63-75%,3,away_walks,-0.10466564061770489,155
BOS,rhum,75-85%,4,away_walks,-0.27812232092370026,147
BOS,rhum,85-99%,5,away_walks,0.09568698688724053,152
BOS,rhum,21-49%,1,away_hr_h_ratio,-0.0020158553695743264,152
BOS,rhum,49-63%,2,away_hr_h_ratio,0.005144867329212294,152
BOS,rhum,63-75%,3,away_hr_h_ratio,-0.0033079149878084413,155
BOS,rhum,75-85%,4,away_hr_h_ratio,0.0009666535942944032,147
BOS,rhum,85-99%,5,away_hr_h_ratio,-0.0007167220747612002,152
BOS,pres,990-1009 hPa,1,away_runs,0.32285446465768697,152
BOS,pres,1009-1012 hPa,2,away_runs,0.09917025413137104,152
BOS,pres,1012-1015 hPa,3,away_runs,0.23732814886821263,152
BOS,pres,1015-1019 hPa,4,away_runs,-0.10007164199968521,151
BOS,pres,1019-1035 hPa,5,away_runs,-0.5636478009400827,151
BOS,pres,990-1009 hPa,1,away_home_runs,0.08903917583572785,152
BOS,pres,1009-1012 hPa,2,away_home_runs,0.044250050705020305,152
BOS,pres,1012-1015 hPa,3,away_home_runs,0.04138625976175914,152
BOS,pres,1015-1019 hPa,4,away_home_runs,-0.02028615090394026,151
BOS,pres,1019-1035 hPa,5,away_home_runs,-0.15442544598372154,151
BOS,pres,990-1009 hPa,1,away_strikeouts,0.26377987245076717,152
BOS,pres,1009-1012 hPa,2,away_strikeouts,-0.2042839128402747,152
BOS,pres,1012-1015 hPa,3,away_strikeouts,0.25897901896570374,152
BOS,pres,1015-1019 hPa,4,away_strikeouts,-0.18610532712535388,151
BOS,pres,1019-1035 hPa,5,away_strikeouts,-0.1314362307210697,151
BOS,pres,990-1009 hPa,1,away_walks,0.0872345644403949,152
BOS,pres,1009-1012 hPa,2,away_walks,0.06257440410578363,152
BOS,pres,1012-1015 hPa,3,away_walks,-0.05394608989815408,152
BOS,pres,1015-1019 hPa,4,away_walks,-0.041430218321879764,151
BOS,pres,1019-1035 hPa,5,away_walks,-0.056630893907461566,151
BOS,pres,990-1009 hPa,1,away_hr_h_ratio,0.0071266031256570495,152
BOS,pres,1009-1012 hPa,2,away_hr_h_ratio,0.004349503090801704,152
BOS,pres,1012-1015 hPa,3,away_hr_h_ratio,-0.0035434537733472216,152
BOS,pres,1015-1019 hPa,4,away_hr_h_ratio,-0.008956794966889753,151
BOS,pres,1019-1035 hPa,5,away_hr_h_ratio,0.0007879136868281789,151
CHC,temp,32-56°F,1,away_runs,-0.6083335075870053,171
CHC,temp,56-67°F,2,away_runs,-0.1541541470099137,167
CHC,temp,67-73°F,3,away_runs,-0.16499636789359018,169
CHC,temp,73-78°F,4,away_runs,-0.05213999349875387,165
CHC,temp,78-92°F,5,away_runs,0.9955464517924817,167
CHC,temp,32-56°F,1,away_home_runs,-0.36911523412848657,171
CHC,temp,56-67°F,2,away_home_runs,-0.09319816873773701,167
CHC,temp,67-73°F,3,away_home_runs,-0.05723613879980349,169
CHC,temp,73-78°F,4,away_home_runs,-0.00228907782864618,165
CHC,temp,78-92°F,5,away_home_runs,0.5291934117376758,167
CHC,temp,32-56°F,1,away_strikeouts,0.13279902393874465,171
CHC,temp,56-67°F,2,away_strikeouts,-0.09101809461521704,167
CHC,temp,67-73°F,3,away_strikeouts,-0.035523388518100774,169
CHC,temp,73-78°F,4,away_strikeouts,0.06655766296054111,165
CHC,temp,78-92°F,5,away_strikeouts,-0.07650167291316556,167
CHC,temp,32-56°F,1,away_walks,0.44145736042744765,171
CHC,temp,56-67°F,2,away_walks,-0.12940919991279687,167
CHC,temp,67-73°F,3,away_walks,-0.08661986073791539,169
CHC,temp,73-78°F,4,away_walks,-0.3778940483976454,165
CHC,temp,78-92°F,5,away_walks,0.13529774982409304,167
CHC,temp,32-56°F,1,away_hr_h_ratio,-0.03547762192596336,171
CHC,temp,56-67°F,2,away_hr_h_ratio,-0.00046606424387937717,167
CHC,temp,67-73°F,3,away_hr_h_ratio,-0.0010609200306628819,169
CHC,temp,73-78°F,4,away_hr_h_ratio,-0.00904566143530583,165
CHC,temp,78-92°F,5,away_hr_h_ratio,0.04672559970095824,167
CHC,wspd,1-6 mph,1,away_runs,-0.1680229611058599,174
CHC,wspd,6-8 mph,2,away_runs,-0.4445549405149283,163
CHC,wspd,8-11 mph,3,away_runs,-0.391959238581157,171
CHC,wspd,11-14 mph,4,away_runs,0.5150440419779638,164
CHC,wspd,14-27 mph,5,away_runs,0.5045284877206253,167
CHC,wspd,1-6 mph,1,away_home_runs,0.0556895524043195,174
CHC,wspd,6-8 mph,2,away_home_runs,-0.13584687805311302,163
CHC,wspd,8-11 mph,3,away_home_runs,-0.094261432958896,171
CHC,wspd,11-14 mph,4,away_home_runs,0.07525656493438793,164
CHC,wspd,14-27 mph,5,away_home_runs,0.0980556871867777,167
CHC,wspd,1-6 mph,1,away_strikeouts,-0.0060645125518075105,174
CHC,wspd,6-8 mph,2,away_strikeouts,-0.07642774669153596,163
CHC,wspd,8-11 mph,3,away_strikeouts,0.3608691993773405,171
CHC,wspd,11-14 mph,4,away_strikeouts,-0.5434931557859297,164
CHC,wspd,14-27 mph,5,away_strikeouts,0.2348755725958167,167
CHC,wspd,1-6 mph,1,away_walks,-0.2229106887900083,174
CHC,wspd,6-8 mph,2,away_walks,-0.137490007993605,163
CHC,wspd,8-11 mph,3,away_walks,-0.00883503723337098,171
CHC,wspd,11-14 mph,4,away_walks,0.20964594783800283,164
CHC,wspd,14-27 mph,5,away_walks,0.17122589353666795,167
CHC,wspd,1-6 mph,1,away_hr_h_ratio,0.010110996537343264,174
CHC,wspd,6-8 mph,2,away_hr_h_ratio,-0.0074667832350331365,163
CHC,wspd,8-11 mph,3,away_hr_h_ratio,-0.006223235961051066,171
CHC,wspd,11-14 mph,4,away_hr_h_ratio,0.004030732292917172,164
CHC,wspd,14-27 mph,5,away_hr_h_ratio,-0.0007893703589220147,167
CHC,rhum,28-56%,1,away_runs,0.4414428942017805,170
CHC,rhum,56-66%,2,away_runs,0.02606373048810262,166
CHC,rhum,66-74%,3,away_runs,-0.14770276406152494,168
CHC,rhum,74-83%,4,away_runs,-0.3798456212043817,168
CHC,rhum,83-100%,5,away_runs,0.055426691313440024,167
CHC,rhum,28-56%,1,away_home_runs,0.1823811539004092,170
CHC,rhum,56-66%,2,away_home_runs,0.041132947300696054,166
CHC,rhum,66-74%,3,away_home_runs,-0.11754881808838635,168
CHC,rhum,74-83%,4,away_home_runs,-0.08158503137609663,168
CHC,rhum,83-100%,5,away_home_runs,-0.026531502071070356,167
CHC,rhum,28-56%,1,away_strikeouts,0.2740442939765835,170
CHC,rhum,56-66%,2,away_strikeouts,-0.3606041995671756,166
CHC,rhum,66-74%,3,away_strikeouts,0.04372216512504323,168
CHC,rhum,74-83%,4,away_strikeouts,0.2468516205000082,168
CHC,rhum,83-100%,5,away_strikeouts,-0.21829082188794402,167
CHC,rhum,28-56%,1,away_walks,-0.02637889688249384,170
CHC,rhum,56-66%,2,away_walks,-0.0202813359068843,166
CHC,rhum,66-74%,3,away_walks,0.02719253168893454,168
CHC,rhum,74-83%,4,away_walks,-0.08027111245135599,168
CHC,rhum,83-100%,5,away_walks,0.10089383039023359,167
CHC,rhum,28-56%,1,away_hr_h_ratio,0.01866552220888354,170
CHC,rhum,56-66%,2,away_hr_h_ratio,0.004354132818771672,166
CHC,rhum,66-74%,3,away_hr_h_ratio,-0.017954981992797117,168
CHC,rhum,74-83%,4,away_hr_h_ratio,-0.004671406287065721,168
CHC,rhum,83-100%,5,away_hr_h_ratio,-0.0005230339408490714,167
CHC,pres,970-990 hPa,1,away_runs,0.5618620963654042,174
CHC,pres,990-993 hPa,2,away_runs,0.43585102782560003,162
CHC,pres,993-995 hPa,3,away_runs,0.24328765577504896,169
CHC,pres,995-998 hPa,4,away_runs,-0.6511601350338658,167
CHC,pres,998-1012 hPa,5,away_runs,-0.6032559434170994,167
CHC,pres,970-990 hPa,1,away_home_runs,0.3183592660755117,174
CHC,pres,990-993 hPa,2,away_home_runs,0.2056913475430837,162
CHC,pres,993-995 hPa,3,away_home_runs,0.12649880095923272,169
CHC,pres,995-998 hPa,4,away_home_runs,-0.2193095822743002,167
CHC,pres,998-1012 hPa,5,away_home_runs,-0.43675421108896006,167
CHC,pres,970-990 hPa,1,away_strikeouts,-0.22192013830795787,174
CHC,pres,990-993 hPa,2,away_strikeouts,0.040357775891088465,162
CHC,pres,993-995 hPa,3,away_strikeouts,-0.27770640630352794,169
CHC,pres,995-998 hPa,4,away_strikeouts,0.36062407558982734,167
CHC,pres,998-1012 hPa,5,away_strikeouts,0.1090549247349113,167
CHC,pres,970-990 hPa,1,away_walks,0.10152807986169199,174
CHC,pres,990-993 hPa,2,away_walks,0.17859004721688487,162
CHC,pres,993-995 hPa,3,away_walks,0.015287769784172678,169
CHC,pres,995-998 hPa,4,away_walks,-0.3317681184393799,167
CHC,pres,998-1012 hPa,5,away_walks,0.03988616335846995,167
CHC,pres,970-990 hPa,1,away_hr_h_ratio,0.03503264259192049,174
CHC,pres,990-993 hPa,2,away_hr_h_ratio,0.01675495589540163,162
CHC,pres,993-995 hPa,3,away_hr_h_ratio,0.015587279911964791,169
CHC,pres,995-998 hPa,4,away_hr_h_ratio,-0.02187440029904178,167
CHC,pres,998-1012 hPa,5,away_hr_h_ratio,-0.04659879151660663,167
CIN,temp,35-67°F,1,away_runs,-0.21289351062620732,168
CIN,temp,67-74°F,2,away_runs,0.24543982270712572,168
CIN,temp,74-78°F,3,away_runs,-0.070963085761651,167
CIN,temp,78-83°F,4,away_runs,0.12043982270712572,168
CIN,temp,83-92°F,5,away_runs,-0.08293913366584249,167
CIN,temp,35-67°F,1,away_home_runs,-0.1162224287886322,168
CIN,temp,67-74°F,2,away_home_runs,-0.05035416531557835,168
CIN,temp,74-78°F,3,away_home_runs,-0.023777688639301298,167
CIN,temp,78-83°F,4,away_home_runs,0.04809179989685397,168
CIN,temp,83-92°F,5,away_home_runs,0.14126260115148748,167
CIN,temp,35-67°F,1,away_strikeouts,-0.1714477182818488,168
CIN,temp,67-74°F,2,away_strikeouts,-0.003783047623166169,168
CIN,temp,74-78°F,3,away_strikeouts,-0.02736551232339579,167
CIN,temp,78-83°F,4,away_strikeouts,0.18052690390235426,168
CIN,temp,83-92°F,5,away_strikeouts,0.02016904818521681,167
CIN,temp,35-67°F,1,away_walks,0.24269151228229457,168
CIN,temp,67-74°F,2,away_walks,0.14688312904876177,168
CIN,temp,74-78°F,3,away_walks,-0.06654187279939405,167
CIN,temp,78-83°F,4,away_walks,0.036853188929001135,168
CIN,temp,83-92°F,5,away_walks,-0.3620989068793823,167
CIN,temp,35-67°F,1,away_hr_h_ratio,-0.00017071993197717572,168
CIN,temp,67-74°F,2,away_hr_h_ratio,-0.005473115141558016,168
CIN,temp,74-78°F,3,away_hr_h_ratio,-0.0037643290101171956,167
CIN,temp,78-83°F,4,away_hr_h_ratio,0.0025776903902355597,168
CIN,temp,83-92°F,5,away_hr_h_ratio,0.0067023339602383936,167
CIN,wspd,1-4 mph,1,away_runs,-0.26010204921405666,174
CIN,wspd,4-5 mph,2,away_runs,-0.108045547344509,166
CIN,wspd,5-7 mph,3,away_runs,0.12714977941708216,165
CIN,wspd,7-9 mph,4,away_runs,0.271472524944647,166
CIN,wspd,9-21 mph,5,away_runs,-0.017070870192788412,167
CIN,wspd,1-4 mph,1,away_home_runs,-0.13786879123615092,174
CIN,wspd,4-5 mph,2,away_home_runs,0.0006161831441287013,166
CIN,wspd,5-7 mph,3,away_home_runs,0.22796192976698393,165
CIN,wspd,7-9 mph,4,away_home_runs,-0.026583524778470702,166
CIN,wspd,9-21 mph,5,away_home_runs,-0.058015860558632504,167
CIN,wspd,1-4 mph,1,away_strikeouts,-0.03396406489895831,174
CIN,wspd,4-5 mph,2,away_strikeouts,0.24342133878474215,166
CIN,wspd,5-7 mph,3,away_strikeouts,0.1663494147248663,165
CIN,wspd,7-9 mph,4,away_strikeouts,-0.18516573679028525,166
CIN,wspd,9-21 mph,5,away_strikeouts,-0.19499069444133,167
CIN,wspd,1-4 mph,1,away_walks,-0.11975600647329765,174
CIN,wspd,4-5 mph,2,away_walks,-0.05501428095051697,166
CIN,wspd,5-7 mph,3,away_walks,0.14064106771688012,165
CIN,wspd,7-9 mph,4,away_walks,-0.016934689858877583,166
CIN,wspd,9-21 mph,5,away_walks,0.059368716879311556,167
CIN,wspd,1-4 mph,1,away_hr_h_ratio,-0.0106205444209303,174
CIN,wspd,4-5 mph,2,away_hr_h_ratio,-0.014660074956867164,166
CIN,wspd,5-7 mph,3,away_hr_h_ratio,0.027130699048244195,165
CIN,wspd,7-9 mph,4,away_hr_h_ratio,-0.008104452466907303,166
CIN,wspd,9-21 mph,5,away_hr_h_ratio,0.0070945123364053175,167
CIN,rhum,23-46%,1,away_runs,-0.06695985626558709,178
CIN,rhum,46-54%,2,away_runs,-0.10045964819234499,162
CIN,rhum,54-62%,3,away_runs,-0.059852776260171936,166
CIN,rhum,62-74%,4,away_runs,0.2310670004074744,164
CIN,rhum,74-97%,5,away_runs,0.0013922036595070963,168
CIN,rhum,23-46%,1,away_home_runs,0.06811344491849902,178
CIN,rhum,46-54%,2,away_home_runs,0.10492019163090616,162
CIN,rhum,54-62%,3,away_home_runs,-0.08112897932392515,166
CIN,rhum,62-74%,4,away_home_runs,-0.0022295556392255556,164
CIN,rhum,74-97%,5,away_home_runs,-0.08881296200790789,168
CIN,rhum,23-46%,1,away_strikeouts,0.29551608139153274,178
CIN,rhum,46-54%,2,away_strikeouts,0.14896805394727863,162
CIN,rhum,54-62%,3,away_strikeouts,-0.3912263428508922,166
CIN,rhum,62-74%,4,away_strikeouts,0.18728267369493423,164
CIN,rhum,74-97%,5,away_strikeouts,-0.24804452466907456,168
CIN,rhum,23-46%,1,away_walks,0.0709440980199103,178
CIN,rhum,46-54%,2,away_walks,-0.1683354903162817,162
CIN,rhum,54-62%,3,away_walks,0.05579258286839517,166
CIN,rhum,62-74%,4,away_walks,0.011546440462743668,164
CIN,rhum,74-97%,5,away_walks,0.01899604607185834,168
CIN,rhum,23-46%,1,away_hr_h_ratio,0.008807668745213909,178
CIN,rhum,46-54%,2,away_hr_h_ratio,0.014130138728061237,162
CIN,rhum,54-62%,3,away_hr_h_ratio,-0.008082634285089124,166
CIN,rhum,62-74%,4,away_hr_h_ratio,-0.005844534266498308,164
CIN,rhum,74-97%,5,away_hr_h_ratio,-0.008991357228812058,168
CIN,pres,975-993 hPa,1,away_runs,-0.0740979924189249,170
CIN,pres,993-996 hPa,2,away_runs,0.05442250668980986,165
CIN,pres,996-998 hPa,3,away_runs,-0.1550405448785046,171
CIN,pres,998-1000 hPa,4,away_runs,0.037106489373792684,168
CIN,pres,1000-1011 hPa,5,away_runs,0.1457011467489373,164
CIN,pres,975-993 hPa,1,away_home_runs,0.04008314188819595,170
CIN,pres,993-996 hPa,2,away_home_runs,-0.04191981450500437,165
CIN,pres,996-998 hPa,3,away_home_runs,-0.07283551839888536,171
CIN,pres,998-1000 hPa,4,away_home_runs,0.045454217917954676,168
CIN,pres,1000-1011 hPa,5,away_home_runs,0.03125091720231277,164
CIN,pres,975-993 hPa,1,away_strikeouts,-0.524559676184225,170
CIN,pres,993-996 hPa,2,away_strikeouts,0.20419124768864982,165
CIN,pres,996-998 hPa,3,away_strikeouts,-0.01047142525386846,171
CIN,pres,998-1000 hPa,4,away_strikeouts,0.08603731165827178,168
CIN,pres,1000-1011 hPa,5,away_strikeouts,0.24687417451791838,164
CIN,pres,975-993 hPa,1,away_walks,-0.22905590198008996,170
CIN,pres,993-996 hPa,2,away_walks,-0.13082973790026697,165
CIN,pres,996-998 hPa,3,away_walks,0.024426288344205904,171
CIN,pres,998-1000 hPa,4,away_walks,0.11095498533618686,168
CIN,pres,1000-1011 hPa,5,away_walks,0.22282879868509875,164
CIN,pres,975-993 hPa,1,away_hr_h_ratio,0.003973729351274519,170
CIN,pres,993-996 hPa,2,away_hr_h_ratio,-0.009341444336826016,165
CIN,pres,996-998 hPa,3,away_hr_h_ratio,-0.006123750712521359,171
CIN,pres,998-1000 hPa,4,away_hr_h_ratio,0.007766405816525823,168
CIN,pres,1000-1011 hPa,5,away_hr_h_ratio,0.0038201410290276405,164
CLE,temp,32-60°F,1,away_runs,-0.24142695641251066,152
CLE,temp,60-68°F,2,away_runs,-0.11002228579557105,151
CLE,temp,68-73°F,3,away_runs,-0.3532690616756686,152
CLE,temp,73-77°F,4,away_runs,0.16150089301237625,151
CLE,temp,77-89°F,5,away_runs,0.5257393036084022,151
CLE,temp,32-60°F,1,away_home_runs,-0.16811461426675933,152
CLE,temp,60-68°F,2,away_home_runs,-0.10744700564789667,151
CLE,temp,68-73°F,3,away_home_runs,-0.10180231032810472,152
CLE,temp,73-77°F,4,away_home_runs,0.134163732607137,151
CLE,temp,77-89°F,5,away_home_runs,0.19621093470500783,151
CLE,temp,32-60°F,1,away_strikeouts,-0.14016396032097056,152
CLE,temp,60-68°F,2,away_strikeouts,0.3716251601311651,151
CLE,temp,68-73°F,3,away_strikeouts,-0.3382730575673989,152
CLE,temp,73-77°F,4,away_strikeouts,0.08974596550029368,151
CLE,temp,77-89°F,5,away_strikeouts,-0.2720478920044851,151
CLE,temp,32-60°F,1,away_walks,0.24196783976748604,152
CLE,temp,60-68°F,2,away_walks,0.17445635972509832,151
CLE,temp,68-73°F,3,away_walks,-0.1488913446173168,152
CLE,temp,73-77°F,4,away_walks,-0.12084565369772049,151
CLE,temp,77-89°F,5,away_walks,0.10938680107804721,151
CLE,temp,32-60°F,1,away_hr_h_ratio,-0.013500014216212802,152
CLE,temp,60-68°F,2,away_hr_h_ratio,-0.002921411249063366,151
CLE,temp,68-73°F,3,away_hr_h_ratio,-0.002139723174037822,152
CLE,temp,73-77°F,4,away_hr_h_ratio,0.002440333717379589,151
CLE,temp,77-89°F,5,away_hr_h_ratio,0.018544382786227054,151
CLE,wspd,1-5 mph,1,away_runs,0.34321937278628223,157
CLE,wspd,5-6 mph,2,away_runs,-0.43647339604099367,153
CLE,wspd,6-9 mph,3,away_runs,0.2315362735802795,146
CLE,wspd,9-11 mph,4,away_runs,-0.1232673189081539,151
CLE,wspd,11-28 mph,5,away_runs,-0.0368655529037385,150
CLE,wspd,1-5 mph,1,away_home_runs,0.06388878131897924,157
CLE,wspd,5-6 mph,2,away_home_runs,-0.12898492730425493,153
CLE,wspd,6-9 mph,3,away_home_runs,0.06010680134122626,146
CLE,wspd,9-11 mph,4,away_home_runs,0.09872749099639866,151
CLE,wspd,11-28 mph,5,away_home_runs,-0.1410040526277625,150
CLE,wspd,1-5 mph,1,away_strikeouts,-0.677303179336251,157
CLE,wspd,5-6 mph,2,away_strikeouts,0.4017607042817115,153
CLE,wspd,6-9 mph,3,away_strikeouts,-0.2601730347311353,146
CLE,wspd,9-11 mph,4,away_strikeouts,0.13430972388955453,151
CLE,wspd,11-28 mph,5,away_strikeouts,0.10988019368821256,150
CLE,wspd,1-5 mph,1,away_walks,0.18428532703403944,157
CLE,wspd,5-6 mph,2,away_walks,-0.091236494597839,153
CLE,wspd,6-9 mph,3,away_walks,0.047911578424473245,146
CLE,wspd,9-11 mph,4,away_walks,-0.2516286514605839,151
CLE,wspd,11-28 mph,5,away_walks,0.3690872322083196,150
CLE,wspd,1-5 mph,1,away_hr_h_ratio,0.004816683576656461,157
CLE,wspd,5-6 mph,2,away_hr_h_ratio,-0.00018827531012405307,153
CLE,wspd,6-9 mph,3,away_hr_h_ratio,-0.0006143064122200448,146
CLE,wspd,9-11 mph,4,away_hr_h_ratio,0.015418705082032802,151
CLE,wspd,11-28 mph,5,away_hr_h_ratio,-0.01736973339671441,150
CLE,rhum,37-60%,1,away_runs,-0.0012537385577466864,158
CLE,rhum,60-66%,2,away_runs,-0.009706716214700428,149
CLE,rhum,66-73%,3,away_runs,0.20898478723231584,147
CLE,rhum,73-81%,4,away_runs,0.3602177804295943,160
CLE,rhum,81-98%,5,away_runs,-0.6289867650249508,143
CLE,rhum,37-60%,1,away_home_runs,-0.046657124388216786,158
CLE,rhum,60-66%,2,away_home_runs,-0.05375573048011151,149
CLE,rhum,66-73%,3,away_home_runs,-0.004401760704281665,147
CLE,rhum,73-81%,4,away_home_runs,0.10353761757867708,160
CLE,rhum,81-98%,5,away_home_runs,-0.054511945623319624,143
CLE,rhum,37-60%,1,away_strikeouts,0.2871302367100679,158
CLE,rhum,60-66%,2,away_strikeouts,-0.05119363181514203,149
CLE,rhum,66-73%,3,away_strikeouts,-0.04881952781112453,147
CLE,rhum,73-81%,4,away_strikeouts,-0.15607002294588845,160
CLE,rhum,81-98%,5,away_strikeouts,-0.35245083949072686,143
CLE,rhum,37-60%,1,away_walks,0.011704681872749312,158
CLE,rhum,60-66%,2,away_walks,0.06036239999355475,149
CLE,rhum,66-73%,3,away_walks,0.295718287314926,147
CLE,rhum,73-81%,4,away_walks,0.17309708693604042,160
CLE,rhum,81-98%,5,away_walks,-0.30167559981739167,143
CLE,rhum,37-60%,1,away_hr_h_ratio,0.005290269184596907,158
CLE,rhum,60-66%,2,away_hr_h_ratio,-0.014149599168526483,149
CLE,rhum,66-73%,3,away_hr_h_ratio,-0.007315526210484202,147
CLE,rhum,73-81%,4,away_hr_h_ratio,0.009440975124226925,160
CLE,rhum,81-98%,5,away_hr_h_ratio,0.008592517288605578,143
CLE,pres,974-988 hPa,1,away_runs,-0.1974562702033169,158
CLE,pres,988-991 hPa,2,away_runs,0.007376871338685476,154
CLE,pres,991-994 hPa,3,away_runs,0.8053566693184839,144
CLE,pres,994-997 hPa,4,away_runs,-0.05019888623707214,150
CLE,pres,997-1010 hPa,5,away_runs,-0.5404858619545112,151
CLE,pres,974-988 hPa,1,away_home_runs,0.011035183304090923,158
CLE,pres,988-991 hPa,2,away_home_runs,-0.011337868480725488,154
CLE,pres,991-994 hPa,3,away_home_runs,0.2423386021075098,144
CLE,pres,994-997 hPa,4,away_home_runs,0.02678118227156645,150
CLE,pres,997-1010 hPa,5,away_home_runs,-0.3079391756702681,151
CLE,pres,974-988 hPa,1,away_strikeouts,-0.14876719918736825,158
CLE,pres,988-991 hPa,2,away_strikeouts,-0.10150726957449763,154
CLE,pres,991-994 hPa,3,away_strikeouts,-0.44096805388822347,144
CLE,pres,994-997 hPa,4,away_strikeouts,0.049477509124454144,150
CLE,pres,997-1010 hPa,5,away_strikeouts,0.3343097238895556,151
CLE,pres,974-988 hPa,1,away_walks,-0.013936343768276238,158
CLE,pres,988-991 hPa,2,away_walks,0.04601840736294527,154
CLE,pres,991-994 hPa,3,away_walks,0.10198245965052699,144
CLE,pres,994-997 hPa,4,away_walks,0.154322131537179,150
CLE,pres,997-1010 hPa,5,away_walks,-0.024961984793917313,151
CLE,pres,974-988 hPa,1,away_hr_h_ratio,0.0036755255948533183,158
CLE,pres,988-991 hPa,2,away_hr_h_ratio,-0.00030657596371883034,154
CLE,pres,991-994 hPa,3,away_hr_h_ratio,0.018741871748699485,144
CLE,pres,994-997 hPa,4,away_hr_h_ratio,0.009875233046238635,150
CLE,pres,997-1010 hPa,5,away_hr_h_ratio,-0.02895529491796718,151
COL,temp,23-62°F,1,away_runs,-0.16819920394401677,153
COL,temp,62-72°F,2,away_runs,-0.14447934072279,151
COL,temp,72-79°F,3,away_runs,0.1866464870917799,151
COL,temp,79-85°F,4,away_runs,0.1527932281165265,152
COL,temp,85-97°F,5,away_runs,-0.025715543813297437,150
COL,temp,23-62°F,1,away_home_runs,-0.29356862745098056,153
COL,temp,62-72°F,2,away_home_runs,-0.10047682119205303,151
COL,temp,72-79°F,3,away_home_runs,0.158612244897959,151
COL,temp,79-85°F,4,away_home_runs,0.20133333333333314,152
COL,temp,85-97°F,5,away_home_runs,0.04410738255033553,150
COL,temp,23-62°F,1,away_strikeouts,-0.07845751633986975,153
COL,temp,62-72°F,2,away_strikeouts,-0.03841942604856552,151
COL,temp,72-79°F,3,away_strikeouts,0.07893877551020356,151
COL,temp,79-85°F,4,away_strikeouts,0.24533333333333296,152
COL,temp,85-97°F,5,away_strikeouts,-0.20536017897091785,150
COL,temp,23-62°F,1,away_walks,0.0029019607843139283,153
COL,temp,62-72°F,2,away_walks,0.03939072847682157,151
COL,temp,72-79°F,3,away_walks,0.08813605442176886,151
COL,temp,79-85°F,4,away_walks,-0.0519999999999996,152
COL,temp,85-97°F,5,away_walks,-0.0775033557046978,150
COL,temp,23-62°F,1,away_hr_h_ratio,-0.029136585620915034,153
COL,temp,62-72°F,2,away_hr_h_ratio,-0.008412930684326692,151
COL,temp,72-79°F,3,away_hr_h_ratio,0.015937670748299326,151
COL,temp,79-85°F,4,away_hr_h_ratio,0.020035466666666696,152
COL,temp,85-97°F,5,away_hr_h_ratio,0.0025509565995525674,150
COL,wspd,1-4 mph,1,away_runs,0.021214280748106162,152
COL,wspd,4-5 mph,2,away_runs,0.04748707056578727,153
COL,wspd,5-7 mph,3,away_runs,-0.15135656945432352,156
COL,wspd,7-9 mph,4,away_runs,0.08176744938398084,147
COL,wspd,9-31 mph,5,away_runs,0.007394075873503603,149
COL,wspd,1-4 mph,1,away_home_runs,0.01872847682119194,152
COL,wspd,4-5 mph,2,away_home_runs,-0.04305263157894745,153
COL,wspd,5-7 mph,3,away_home_runs,-0.08353846153846156,156
COL,wspd,7-9 mph,4,away_home_runs,0.14524137931034464,147
COL,wspd,9-31 mph,5,away_home_runs,-0.029534246575342538,149
COL,wspd,1-4 mph,1,away_strikeouts,0.19999116997792488,152
COL,wspd,4-5 mph,2,away_strikeouts,0.03682456140350876,153
COL,wspd,5-7 mph,3,away_strikeouts,0.21276923076923016,156
COL,wspd,7-9 mph,4,away_strikeouts,-0.2909885057471264,147
COL,wspd,9-31 mph,5,away_strikeouts,-0.18352511415525186,149
COL,wspd,1-4 mph,1,away_walks,-0.03345695364238388,152
COL,wspd,4-5 mph,2,away_walks,-0.02831578947368385,153
COL,wspd,5-7 mph,3,away_walks,-0.14943589743589714,156
COL,wspd,7-9 mph,4,away_walks,0.016965517241379402,147
COL,wspd,9-31 mph,5,away_walks,0.20690410958904115,149
COL,wspd,1-4 mph,1,away_hr_h_ratio,-0.004806970419426043,152
COL,wspd,4-5 mph,2,away_hr_h_ratio,-0.0015777964912280507,153
COL,wspd,5-7 mph,3,away_hr_h_ratio,-0.005216764102564109,156
COL,wspd,7-9 mph,4,away_hr_h_ratio,0.01776057011494253,147
COL,wspd,9-31 mph,5,away_hr_h_ratio,-0.005450615525114166,149
COL,rhum,5-18%,1,away_runs,0.259701122853369,160
COL,rhum,18-26%,2,away_runs,0.2396266195421104,151
COL,rhum,26-36%,3,away_runs,0.24928445618670203,144
COL,rhum,36-53%,4,away_runs,-0.5190488771466306,150
COL,rhum,53-95%,5,away_runs,-0.23536466662031508,152
COL,rhum,5-18%,1,away_home_runs,0.1279999999999999,160
COL,rhum,18-26%,2,away_home_runs,0.12124324324324309,151
COL,rhum,26-36%,3,away_home_runs,0.04466666666666663,144
COL,rhum,36-53%,4,away_home_runs,-0.09866666666666668,150
COL,rhum,53-95%,5,away_home_runs,-0.19436842105263175,152
COL,rhum,5-18%,1,away_strikeouts,0.0909743589743588,160
COL,rhum,18-26%,2,away_strikeouts,-0.31079279279279337,151
COL,rhum,26-36%,3,away_strikeouts,0.23199999999999932,144
COL,rhum,36-53%,4,away_strikeouts,0.09199999999999964,150
COL,rhum,53-95%,5,away_strikeouts,-0.10133333333333372,152
COL,rhum,5-18%,1,away_walks,0.11338461538461564,160
COL,rhum,18-26%,2,away_walks,0.1466486486486489,151
COL,rhum,26-36%,3,away_walks,0.01188888888888906,144
COL,rhum,36-53%,4,away_walks,-0.23199999999999976,150
COL,rhum,53-95%,5,away_walks,-0.041473684210525885,152
COL,rhum,5-18%,1,away_hr_h_ratio,0.012184517948717971,160
COL,rhum,18-26%,2,away_hr_h_ratio,0.009849763963963948,151
COL,rhum,26-36%,3,away_hr_h_ratio,0.0023052444444444375,144
COL,rhum,36-53%,4,away_hr_h_ratio,-0.006777200000000011,150
COL,rhum,53-95%,5,away_hr_h_ratio,-0.017591612280701746,152
COL,pres,824-841 hPa,1,away_runs,-0.03799624556768322,152
COL,pres,841-844 hPa,2,away_runs,0.13069471259695842,156
COL,pres,844-847 hPa,3,away_runs,-0.0343913429000553,146
COL,pres,847-849 hPa,4,away_runs,-0.010330928428682107,156
COL,pres,849-855 hPa,5,away_runs,-0.05428697238472591,147
COL,pres,824-841 hPa,1,away_home_runs,-0.001139072847682332,152
COL,pres,841-844 hPa,2,away_home_runs,-0.00598692810457524,156
COL,pres,844-847 hPa,3,away_home_runs,0.021103448275861858,146
COL,pres,847-849 hPa,4,away_home_runs,-0.021350649350649453,156
COL,pres,849-855 hPa,5,away_home_runs,0.008952380952380823,147
COL,pres,824-841 hPa,1,away_strikeouts,-0.4225253863134659,152
COL,pres,841-844 hPa,2,away_strikeouts,0.26141176470588157,156
COL,pres,844-847 hPa,3,away_strikeouts,0.19177011494252838,146
COL,pres,847-849 hPa,4,away_strikeouts,-0.44548917748917827,156
COL,pres,849-855 hPa,5,away_strikeouts,0.4394829931972781,147
COL,pres,824-841 hPa,1,away_walks,-0.06656953642384078,152
COL,pres,841-844 hPa,2,away_walks,-0.02977777777777746,156
COL,pres,844-847 hPa,3,away_walks,-0.07268965517241366,146
COL,pres,847-849 hPa,4,away_walks,0.09215584415584432,156
COL,pres,849-855 hPa,5,away_walks,0.0745306122448981,147
COL,pres,824-841 hPa,1,away_hr_h_ratio,0.0012287911699779275,152
COL,pres,841-844 hPa,2,away_hr_h_ratio,-0.006587566013071894,156
COL,pres,844-847 hPa,3,away_hr_h_ratio,0.002457811494252893,146
COL,pres,847-849 hPa,4,away_hr_h_ratio,0.0011482458874458867,156
COL,pres,849-855 hPa,5,away_hr_h_ratio,0.0019669224489796133,147
CWS,temp,32-57°F,1,away_runs,-0.20119753722027411,169
CWS,temp,57-67°F,2,away_runs,-0.159881228697488,171
CWS,temp,67-73°F,3,away_runs,-0.04441073427962561,165
CWS,temp,73-78°F,4,away_runs,0.021823031954141037,168
CWS,temp,78-96°F,5,away_runs,0.3915878053333719,166
CWS,temp,32-57°F,1,away_home_runs,-0.12809065934065944,169
CWS,temp,57-67°F,2,away_home_runs,-0.13404304029304037,171
CWS,temp,67-73°F,3,away_home_runs,0.014986942070275289,165
CWS,temp,73-78°F,4,away_home_runs,0.1457188644688645,168
CWS,temp,78-96°F,5,away_home_runs,0.10319161260426313,166
CWS,temp,32-57°F,1,away_strikeouts,-0.13238324175824268,169
CWS,temp,57-67°F,2,away_strikeouts,0.09975961538461497,171
CWS,temp,67-73°F,3,away_strikeouts,0.2741423314339979,165
CWS,temp,73-78°F,4,away_strikeouts,-0.3704784798534799,168
CWS,temp,78-96°F,5,away_strikeouts,0.14042226598702534,166
CWS,temp,32-57°F,1,away_walks,0.0742330586080584,169
CWS,temp,57-67°F,2,away_walks,0.11589972527472536,171
CWS,temp,67-73°F,3,away_walks,-0.12219551282051277,165
CWS,temp,73-78°F,4,away_walks,0.014709249084249088,168
CWS,temp,78-96°F,5,away_walks,-0.08805896663577384,166
CWS,temp,32-57°F,1,away_hr_h_ratio,-0.017731017242623187,169
CWS,temp,57-67°F,2,away_hr_h_ratio,-0.00655047475616749,171
CWS,temp,67-73°F,3,away_hr_h_ratio,1.0614309088219365e-05,165
CWS,temp,73-78°F,4,away_hr_h_ratio,0.015048024673544491,168
CWS,temp,78-96°F,5,away_hr_h_ratio,0.009318192771084366,166
CWS,wspd,1-6 mph,1,away_runs,-0.05722458709347844,175
CWS,wspd,6-8 mph,2,away_runs,-0.26503870069072466,166
CWS,wspd,8-10 mph,3,away_runs,0.3192256293567386,165
CWS,wspd,10-13 mph,4,away_runs,0.11497257247210246,171
CWS,wspd,13-30 mph,5,away_runs,-0.11309760296649429,162
CWS,wspd,1-6 mph,1,away_home_runs,-0.07164566755084012,175
CWS,wspd,6-8 mph,2,away_home_runs,-0.12572405004633924,166
CWS,wspd,8-10 mph,3,away_home_runs,0.16032925407925402,165
CWS,wspd,10-13 mph,4,away_home_runs,0.08619505494505497,171
CWS,wspd,13-30 mph,5,away_home_runs,-0.047789671020803226,162
CWS,wspd,1-6 mph,1,away_strikeouts,-0.15455072944297044,175
CWS,wspd,6-8 mph,2,away_strikeouts,-0.26319219184430054,166
CWS,wspd,8-10 mph,3,away_strikeouts,0.006577797202796276,165
CWS,wspd,10-13 mph,4,away_strikeouts,0.20095009157509125,171
CWS,wspd,13-30 mph,5,away_strikeouts,0.22475961538461497,162
CWS,wspd,1-6 mph,1,away_walks,-0.13943689213085797,175
CWS,wspd,6-8 mph,2,away_walks,-0.28685414735866566,166
CWS,wspd,8-10 mph,3,away_walks,0.40507721445221456,165
CWS,wspd,10-13 mph,4,away_walks,-0.09243360805860812,171
CWS,wspd,13-30 mph,5,away_walks,0.12937681422351233,162
CWS,wspd,1-6 mph,1,away_hr_h_ratio,-0.008279189862899855,175
CWS,wspd,6-8 mph,2,away_hr_h_ratio,-0.006339879518072272,166
CWS,wspd,8-10 mph,3,away_hr_h_ratio,0.008319632677049688,165
CWS,wspd,10-13 mph,4,away_hr_h_ratio,0.011813215720022946,171
CWS,wspd,13-30 mph,5,away_hr_h_ratio,-0.005423778889141473,162
CWS,rhum,21-54%,1,away_runs,0.5325302734306128,169
CWS,rhum,54-65%,2,away_runs,-0.08579601566490691,175
CWS,rhum,65-73%,3,away_runs,-0.04753514609968956,161
CWS,rhum,73-84%,4,away_runs,-0.24008172995062083,168
CWS,rhum,84-100%,5,away_runs,-0.1626290621365074,166
CWS,rhum,21-54%,1,away_home_runs,0.15167124542124544,169
CWS,rhum,54-65%,2,away_home_runs,0.026055481874447395,175
CWS,rhum,65-73%,3,away_home_runs,-0.0415003628447026,161
CWS,rhum,73-84%,4,away_home_runs,-0.11367585727525498,168
CWS,rhum,84-100%,5,away_home_runs,-0.027549533799533954,166
CWS,rhum,21-54%,1,away_strikeouts,0.6533310439560438,169
CWS,rhum,54-65%,2,away_strikeouts,-0.0970794650751543,175
CWS,rhum,65-73%,3,away_strikeouts,0.15557722544750874,161
CWS,rhum,73-84%,4,away_strikeouts,-0.18487893883225226,168
CWS,rhum,84-100%,5,away_strikeouts,-0.5267555361305369,166
CWS,rhum,21-54%,1,away_walks,0.35994734432234443,169
CWS,rhum,54-65%,2,away_walks,-0.10495413351016802,175
CWS,rhum,65-73%,3,away_walks,0.022458575229801436,161
CWS,rhum,73-84%,4,away_walks,-0.14829993049119583,168
CWS,rhum,84-100%,5,away_walks,-0.1282561188811191,166
CWS,rhum,21-54%,1,away_hr_h_ratio,0.012069763339070588,169
CWS,rhum,54-65%,2,away_hr_h_ratio,0.0025185112865254433,175
CWS,rhum,65-73%,3,away_hr_h_ratio,-0.0031258288851608584,161
CWS,rhum,73-84%,4,away_hr_h_ratio,-0.011358915662650598,168
CWS,rhum,84-100%,5,away_hr_h_ratio,-0.0005273185424625182,166
CWS,pres,967-990 hPa,1,away_runs,-0.029599904084180118,169
CWS,pres,990-993 hPa,2,away_runs,0.4733586757974768,169
CWS,pres,993-996 hPa,3,away_runs,-0.11244014077057063,169
CWS,pres,996-998 hPa,4,away_runs,-0.07226761635337464,166
CWS,pres,998-1008 hPa,5,away_runs,-0.26503870069072466,166
CWS,pres,967-990 hPa,1,away_home_runs,0.0901149155722325,169
CWS,pres,990-993 hPa,2,away_home_runs,0.1635760073260073,169
CWS,pres,993-996 hPa,3,away_home_runs,-0.0759985207100593,169
CWS,pres,996-998 hPa,4,away_home_runs,-0.023314411492122433,166
CWS,pres,998-1008 hPa,5,away_home_runs,-0.15482226107226116,166
CWS,pres,967-990 hPa,1,away_strikeouts,-0.4825574577861165,169
CWS,pres,990-993 hPa,2,away_strikeouts,0.23071199633699635,169
CWS,pres,993-996 hPa,3,away_strikeouts,0.14783653846153832,169
CWS,pres,996-998 hPa,4,away_strikeouts,-0.11258978220574711,166
CWS,pres,998-1008 hPa,5,away_strikeouts,0.20657779720279734,166
CWS,pres,967-990 hPa,1,away_walks,0.10544676360225136,169
CWS,pres,990-993 hPa,2,away_walks,0.20518543956043933,169
CWS,pres,993-996 hPa,3,away_walks,-0.17742233727810675,169
CWS,pres,996-998 hPa,4,away_walks,-0.11817944856348461,166
CWS,pres,998-1008 hPa,5,away_walks,-0.01310460372960387,166
CWS,pres,967-990 hPa,1,away_hr_h_ratio,0.024135486335586265,169
CWS,pres,990-993 hPa,2,away_hr_h_ratio,0.007480477624784876,169
CWS,pres,993-996 hPa,3,away_hr_h_ratio,-0.009940950946643712,169
CWS,pres,996-998 hPa,4,away_hr_h_ratio,-0.007662303760496508,166
CWS,pres,998-1008 hPa,5,away_hr_h_ratio,-0.013821697699890445,166
DET,temp,31-61°F,1,away_runs,-0.3477158806106173,168
DET,temp,61-70°F,2,away_runs,0.033236500341764064,168
DET,temp,70-75°F,3,away_runs,0.2713317384370022,168
DET,temp,75-79°F,4,away_runs,-0.06027575663203155,169
DET,temp,79-92°F,5,away_runs,0.10696568526726757,163
DET,temp,31-61°F,1,away_home_runs,-0.13668987450575898,168
DET,temp,61-70°F,2,away_home_runs,0.028136965321080787,168
DET,temp,70-75°F,3,away_home_runs,-0.07042953803584173,168
DET,temp,75-79°F,4,away_home_runs,0.08354822073233636,169
DET,temp,79-92°F,5,away_home_runs,0.09844743195056593,163
DET,temp,31-61°F,1,away_strikeouts,-0.08887742822760902,168
DET,temp,61-70°F,2,away_strikeouts,-0.12350946285964337,168
DET,temp,70-75°F,3,away_strikeouts,0.11927769010715039,168
DET,temp,75-79°F,4,away_strikeouts,-0.26744885679903785,169
DET,temp,79-92°F,5,away_strikeouts,0.3700767055731511,163
DET,temp,31-61°F,1,away_walks,0.23809523809523814,168
DET,temp,61-70°F,2,away_walks,-0.0121212121212122,168
DET,temp,70-75°F,3,away_walks,0.011976047904191489,168
DET,temp,75-79°F,4,away_walks,-0.023809523809523725,169
DET,temp,79-92°F,5,away_walks,-0.22085889570552153,163
DET,temp,31-61°F,1,away_hr_h_ratio,-0.005456130235226647,168
DET,temp,61-70°F,2,away_hr_h_ratio,0.00010847487511017606,168
DET,temp,70-75°F,3,away_hr_h_ratio,-0.013735179279994222,168
DET,temp,75-79°F,4,away_hr_h_ratio,0.007797441193344801,169
DET,temp,79-92°F,5,away_hr_h_ratio,0.011549968216423956,163
DET,wspd,1-6 mph,1,away_runs,-0.06619291639534541,169
DET,wspd,6-8 mph,2,away_runs,-0.02334697642243544,166
DET,wspd,8-10 mph,3,away_runs,0.15408367642149834,172
DET,wspd,10-13 mph,4,away_runs,0.22966507177033524,163
DET,wspd,13-27 mph,5,away_runs,-0.29443131377183374,166
DET,wspd,1-6 mph,1,away_home_runs,-0.05423707089910912,169
DET,wspd,6-8 mph,2,away_home_runs,-0.11125697407285862,166
DET,wspd,8-10 mph,3,away_home_runs,0.08271765594828318,172
DET,wspd,10-13 mph,4,away_home_runs,0.14566002197457228,163
DET,wspd,13-27 mph,5,away_home_runs,-0.06192216254292515,166
DET,wspd,1-6 mph,1,away_strikeouts,0.0841290524711793,169
DET,wspd,6-8 mph,2,away_strikeouts,0.37952084017065957,166
DET,wspd,8-10 mph,3,away_strikeouts,-0.39147986455097517,172
DET,wspd,10-13 mph,4,away_strikeouts,-0.2855647988280232,163
DET,wspd,13-27 mph,5,away_strikeouts,0.22238854157494536,166
DET,wspd,1-6 mph,1,away_walks,0.2899408284023668,169
DET,wspd,6-8 mph,2,away_walks,-0.27272727272727293,166
DET,wspd,8-10 mph,3,away_walks,0.005813953488372103,172
DET,wspd,10-13 mph,4,away_walks,0.006211180124223503,163
DET,wspd,13-27 mph,5,away_walks,-0.03658536585365857,166
DET,wspd,1-6 mph,1,away_hr_h_ratio,-0.008908194196905986,169
DET,wspd,6-8 mph,2,away_hr_h_ratio,-0.006802500734645889,166
DET,wspd,8-10 mph,3,away_hr_h_ratio,0.009796804427010364,172
DET,wspd,10-13 mph,4,away_hr_h_ratio,0.011161209309286824,163
DET,wspd,13-27 mph,5,away_hr_h_ratio,-0.005249451954158102,166
DET,rhum,24-47%,1,away_runs,-0.2644525752884883,170
DET,rhum,47-54%,2,away_runs,0.08173607768749491,169
DET,rhum,54-62%,3,away_runs,0.1376405318930347,163
DET,rhum,62-72%,4,away_runs,-0.014382547277283386,168
DET,rhum,72-98%,5,away_runs,0.06701446936069644,166
DET,rhum,24-47%,1,away_home_runs,-0.11288035069623525,170
DET,rhum,47-54%,2,away_home_runs,0.1114434024736719,169
DET,rhum,54-62%,3,away_home_runs,-0.06636359584614704,163
DET,rhum,62-72%,4,away_home_runs,0.1331632763354158,168
DET,rhum,72-98%,5,away_home_runs,-0.06883273164861614,166
DET,rhum,24-47%,1,away_strikeouts,0.11945590510572401,170
DET,rhum,47-54%,2,away_strikeouts,0.21430656726407804,169
DET,rhum,54-62%,3,away_strikeouts,-0.11004144939163041,163
DET,rhum,62-72%,4,away_strikeouts,-0.07832710031201184,168
DET,rhum,72-98%,5,away_strikeouts,-0.15381249316267365,166
DET,rhum,24-47%,1,away_walks,0.07738095238095255,170
DET,rhum,47-54%,2,away_walks,-0.13609467455621305,169
DET,rhum,54-62%,3,away_walks,0.1049382716049383,163
DET,rhum,62-72%,4,away_walks,-0.2335329341317367,168
DET,rhum,72-98%,5,away_walks,0.19393939393939386,166
DET,rhum,24-47%,1,away_hr_h_ratio,-0.005385892139988524,170
DET,rhum,47-54%,2,away_hr_h_ratio,0.009600681542738992,169
DET,rhum,54-62%,3,away_hr_h_ratio,-0.010142594080023812,163
DET,rhum,62-72%,4,away_hr_h_ratio,0.01383009018108361,168
DET,rhum,72-98%,5,away_hr_h_ratio,-0.008440305612694696,166
DET,pres,972-989 hPa,1,away_runs,0.18342229720386083,173
DET,pres,989-992 hPa,2,away_runs,0.32663476874003194,165
DET,pres,992-995 hPa,3,away_runs,-0.05177205397816742,167
DET,pres,995-998 hPa,4,away_runs,-0.2794258373205736,165
DET,pres,998-1011 hPa,5,away_runs,-0.18599757883207424,166
DET,pres,972-989 hPa,1,away_home_runs,0.06099182975489259,173
DET,pres,989-992 hPa,2,away_home_runs,0.04323270802418544,165
DET,pres,992-995 hPa,3,away_home_runs,0.04334291705397875,167
DET,pres,995-998 hPa,4,away_home_runs,-0.13509289425024207,165
DET,pres,998-1011 hPa,5,away_home_runs,-0.015419077030142114,166
DET,pres,972-989 hPa,1,away_strikeouts,-0.07885236557096764,173
DET,pres,989-992 hPa,2,away_strikeouts,-0.39679446007102115,165
DET,pres,992-995 hPa,3,away_strikeouts,0.023469306873616702,167
DET,pres,995-998 hPa,4,away_strikeouts,-0.07639194622993184,165
DET,pres,998-1011 hPa,5,away_strikeouts,0.5227117857712429,166
DET,pres,972-989 hPa,1,away_walks,0.16374269005847975,173
DET,pres,989-992 hPa,2,away_walks,-0.41717791411042926,165
DET,pres,992-995 hPa,3,away_walks,-0.011976047904191489,167
DET,pres,995-998 hPa,4,away_walks,0.07926829268292668,165
DET,pres,998-1011 hPa,5,away_walks,0.17469879518072284,166
DET,pres,972-989 hPa,1,away_hr_h_ratio,0.0035215308291991487,173
DET,pres,989-992 hPa,2,away_hr_h_ratio,-0.008346964298913448,165
DET,pres,992-995 hPa,3,away_hr_h_ratio,0.0042019464685087715,167
DET,pres,995-998 hPa,4,away_hr_h_ratio,-0.012004330002938587,165
DET,pres,998-1011 hPa,5,away_hr_h_ratio,0.012222168674698775,166
HOU,temp,51-76°F,1,away_runs,-0.24305383346451181,137
HOU,temp,76-80°F,2,away_runs,-0.011111356070460321,134
HOU,temp,80-83°F,3,away_runs,0.0997473936591522,138
HOU,temp,83-87°F,4,away_runs,-0.10066359487643028,134
HOU,temp,87-103°F,5,away_runs,0.25754536034745,134
HOU,temp,51-76°F,1,away_home_runs,-0.10243997954899009,137
HOU,temp,76-80°F,2,away_home_runs,0.004815712792223481,134
HOU,temp,80-83°F,3,away_home_runs,-0.008482458007911031,138
HOU,temp,83-87°F,4,away_home_runs,0.05918671492441985,134
HOU,temp,87-103°F,5,away_home_runs,0.049591832195208685,134
HOU,temp,51-76°F,1,away_strikeouts,-0.3338844953060587,137
HOU,temp,76-80°F,2,away_strikeouts,0.04197344128834146,134
HOU,temp,80-83°F,3,away_strikeouts,0.23869659244982877,138
HOU,temp,83-87°F,4,away_strikeouts,0.11839584057012864,134
HOU,temp,87-103°F,5,away_strikeouts,-0.05504148408479281,134
HOU,temp,51-76°F,1,away_walks,0.17101613236589897,137
HOU,temp,76-80°F,2,away_walks,-0.07165736147874657,134
HOU,temp,80-83°F,3,away_walks,-0.0948309671346772,138
HOU,temp,83-87°F,4,away_walks,-0.1474625460820458,134
HOU,temp,87-103°F,5,away_walks,0.1372978624018506,134
HOU,temp,51-76°F,1,away_hr_h_ratio,-0.013228434307854892,137
HOU,temp,76-80°F,2,away_hr_h_ratio,-0.00369684958441327,134
HOU,temp,80-83°F,3,away_hr_h_ratio,-0.010699122056638588,138
HOU,temp,83-87°F,4,away_hr_h_ratio,0.02100690437307204,134
HOU,temp,87-103°F,5,away_hr_h_ratio,0.007101629823060646,134
HOU,wspd,1-5 mph,1,away_runs,0.7131505460975323,137
HOU,wspd,5-6 mph,2,away_runs,-0.595743749658078,135
HOU,wspd,6-8 mph,3,away_runs,-0.015055918970247273,140
HOU,wspd,8-11 mph,4,away_runs,-0.13345418736851533,132
HOU,wspd,11-24 mph,5,away_runs,0.01840272764629436,133
HOU,wspd,1-5 mph,1,away_home_runs,0.0749430174454282,137
HOU,wspd,5-6 mph,2,away_home_runs,-0.2416790859413811,135
HOU,wspd,6-8 mph,3,away_home_runs,-0.012241856504151771,140
HOU,wspd,8-11 mph,4,away_home_runs,0.0007451564828613311,132
HOU,wspd,11-24 mph,5,away_home_runs,0.17805258188188966,133
HOU,wspd,1-5 mph,1,away_strikeouts,0.11308845445778815,137
HOU,wspd,5-6 mph,2,away_strikeouts,0.3323397913561852,135
HOU,wspd,6-8 mph,3,away_strikeouts,-0.20791994890355525,140
HOU,wspd,8-11 mph,4,away_strikeouts,0.16567312468951734,132
HOU,wspd,11-24 mph,5,away_strikeouts,-0.39701482349461337,133
HOU,wspd,1-5 mph,1,away_walks,0.42219689664241233,137
HOU,wspd,5-6 mph,2,away_walks,-0.09562841530054644,135
HOU,wspd,6-8 mph,3,away_walks,-0.08242495209708345,140
HOU,wspd,8-11 mph,4,away_walks,-0.004719324391455615,132
HOU,wspd,11-24 mph,5,away_walks,-0.24910979397276511,133
HOU,wspd,1-5 mph,1,away_hr_h_ratio,-0.006475493131384291,137
HOU,wspd,5-6 mph,2,away_hr_h_ratio,-0.024860259633404935,135
HOU,wspd,6-8 mph,3,away_hr_h_ratio,0.008405389221556897,140
HOU,wspd,8-11 mph,4,away_hr_h_ratio,0.0022977556337706317,132
HOU,wspd,11-24 mph,5,away_hr_h_ratio,0.020458466144633813,133
HOU,rhum,17-58%,1,away_runs,0.44586845077765247,136
HOU,rhum,58-69%,2,away_runs,-0.0475956015099297,135
HOU,rhum,69-79%,3,away_runs,-0.08036938248514947,139
HOU,rhum,79-85%,4,away_runs,-0.39449975757439093,131
HOU,rhum,85-97%,5,away_runs,0.06351550960118146,136
HOU,rhum,17-58%,1,away_home_runs,0.09700184097483988,136
HOU,rhum,58-69%,2,away_home_runs,0.040139095876800646,135
HOU,rhum,69-79%,3,away_home_runs,0.016119488033663476,139
HOU,rhum,79-85%,4,away_home_runs,-0.11024850102242412,131
HOU,rhum,85-97%,5,away_home_runs,-0.04874979301208815,136
HOU,rhum,17-58%,1,away_strikeouts,0.13514727798720116,136
HOU,rhum,58-69%,2,away_strikeouts,-0.31479825578186293,135
HOU,rhum,69-79%,3,away_strikeouts,0.09838257210484791,139
HOU,rhum,79-85%,4,away_strikeouts,-0.26949248489469646,131
HOU,rhum,85-97%,5,away_strikeouts,0.33705359606998897,136
HOU,rhum,17-58%,1,away_walks,0.17219689664241233,136
HOU,rhum,58-69%,2,away_walks,-0.2117900314621628,135
HOU,rhum,69-79%,3,away_walks,-0.048391338651704974,139
HOU,rhum,79-85%,4,away_walks,0.11895932254300545,131
HOU,rhum,85-97%,5,away_walks,-0.02660484627697768,136
HOU,rhum,17-58%,1,away_hr_h_ratio,0.004272055888223575,136
HOU,rhum,58-69%,2,away_hr_h_ratio,0.007639463295630977,135
HOU,rhum,69-79%,3,away_hr_h_ratio,0.003015018851186546,139
HOU,rhum,79-85%,4,away_hr_h_ratio,-0.00271492327844311,131
HOU,rhum,85-97%,5,away_hr_h_ratio,-0.012352388556220867,136
HOU,pres,999-1008 hPa,1,away_runs,-0.2625714469205578,138
HOU,pres,1008-1010 hPa,2,away_runs,0.08525464003596372,138
HOU,pres,1010-1012 hPa,3,away_runs,0.12233903901294596,136
HOU,pres,1012-1013 hPa,4,away_runs,-0.09802295193727995,130
HOU,pres,1013-1021 hPa,5,away_runs,0.15240439849007004,135
HOU,pres,999-1008 hPa,1,away_home_runs,-0.05615720041949568,138
HOU,pres,1008-1010 hPa,2,away_home_runs,0.016119488033663476,138
HOU,pres,1010-1012 hPa,3,away_home_runs,0.03273168846939334,136
HOU,pres,1012-1013 hPa,4,away_home_runs,0.035010890748595536,130
HOU,pres,1013-1021 hPa,5,away_home_runs,-0.026527570789866006,135
HOU,pres,999-1008 hPa,1,away_strikeouts,-0.3296130705966771,138
HOU,pres,1008-1010 hPa,2,away_strikeouts,-0.19573507495397635,138
HOU,pres,1010-1012 hPa,3,away_strikeouts,0.19631285532924814,136
HOU,pres,1012-1013 hPa,4,away_strikeouts,0.42394818296457615,130
HOU,pres,1013-1021 hPa,5,away_strikeouts,-0.07776121874482556,135
HOU,pres,999-1008 hPa,1,away_walks,-0.16734558701771807,138
HOU,pres,1008-1010 hPa,2,away_walks,0.1574910142894712,138
HOU,pres,1010-1012 hPa,3,away_walks,0.025247005574874137,136
HOU,pres,1012-1013 hPa,4,away_walks,-0.06649088616301757,130
HOU,pres,1013-1021 hPa,5,away_walks,0.047469227797096725,135
HOU,pres,999-1008 hPa,1,away_hr_h_ratio,0.0034912101170792853,138
HOU,pres,1008-1010 hPa,2,away_hr_h_ratio,-0.006399055222887556,138
HOU,pres,1010-1012 hPa,3,away_hr_h_ratio,0.008248352184519858,136
HOU,pres,1012-1013 hPa,4,away_hr_h_ratio,0.00636430395023907,130
HOU,pres,1013-1021 hPa,5,away_hr_h_ratio,-0.011396092259924606,135
KC,temp,28-68°F,1,away_runs,-0.5978943949386393,169
KC,temp,68-74°F,2,away_runs,0.04459577265516668,167
KC,temp,74-79°F,3,away_runs,-0.033248538722078,167
KC,temp,79-84°F,4,away_runs,0.33202092235576597,167
KC,temp,84-97°F,5,away_runs,0.2601289919309018,168
KC,temp,28-68°F,1,away_home_runs,-0.2981192476990797,169
KC,temp,68-74°F,2,away_home_runs,0.11961670895903276,167
KC,temp,74-79°F,3,away_home_runs,0.06045791810700174,167
KC,temp,79-84°F,4,away_home_runs,-0.12063007020990213,167
KC,temp,84-97°F,5,away_home_runs,0.23937718800094876,168
KC,temp,28-68°F,1,away_strikeouts,0.08548419367747151,169
KC,temp,68-74°F,2,away_strikeouts,0.34193557662586116,167
KC,temp,74-79°F,3,away_strikeouts,-0.22984856593239655,167
KC,temp,79-84°F,4,away_strikeouts,-0.1418967587034814,167
KC,temp,84-97°F,5,away_strikeouts,-0.059262028164559055,168
KC,temp,28-68°F,1,away_walks,0.07613045218087233,169
KC,temp,68-74°F,2,away_walks,-0.0003594252072085524,167
KC,temp,74-79°F,3,away_walks,-0.023553999913218604,167
KC,temp,79-84°F,4,away_walks,0.24993997599039597,167
KC,temp,84-97°F,5,away_walks,-0.29976062281199933,168
KC,temp,28-68°F,1,away_hr_h_ratio,-0.027941191476590632,169
KC,temp,68-74°F,2,away_hr_h_ratio,0.013153601081151031,167
KC,temp,74-79°F,3,away_hr_h_ratio,0.0084748369227209,167
KC,temp,79-84°F,4,away_hr_h_ratio,-0.01201215468005383,167
KC,temp,84-97°F,5,away_hr_h_ratio,0.018399110063186938,168
KC,wspd,1-4 mph,1,away_runs,-0.3858233890214793,175
KC,wspd,4-6 mph,2,away_runs,-0.21855066174875226,165
KC,wspd,6-7 mph,3,away_runs,0.17230526594928097,171
KC,wspd,7-9 mph,4,away_runs,0.010426610978520046,160
KC,wspd,9-22 mph,5,away_runs,0.4338173295413945,167
KC,wspd,1-4 mph,1,away_home_runs,-0.008595438175270198,175
KC,wspd,4-6 mph,2,away_home_runs,-0.06002400960384158,165
KC,wspd,6-7 mph,3,away_home_runs,-0.0073924306564732145,171
KC,wspd,7-9 mph,4,away_home_runs,0.08554561064932309,160
KC,wspd,9-22 mph,5,away_home_runs,-0.005807142133962051,167
KC,wspd,1-4 mph,1,away_strikeouts,-0.004753901560623497,175
KC,wspd,4-6 mph,2,away_strikeouts,-0.024105347660536403,165
KC,wspd,6-7 mph,3,away_strikeouts,-0.355931846422779,171
KC,wspd,7-9 mph,4,away_strikeouts,0.3213943805370256,160
KC,wspd,9-22 mph,5,away_strikeouts,0.08942854250133792,167
KC,wspd,1-4 mph,1,away_walks,-0.06434573829531809,175
KC,wspd,4-6 mph,2,away_walks,-0.1255201467089906,165
KC,wspd,6-7 mph,3,away_walks,0.21836102862197482,171
KC,wspd,7-9 mph,4,away_walks,-0.023477745528591498,160
KC,wspd,9-22 mph,5,away_walks,-0.011505807142134117,167
KC,wspd,1-4 mph,1,away_hr_h_ratio,-0.0024195486194477644,175
KC,wspd,4-6 mph,2,away_hr_h_ratio,0.0008511507670553031,165
KC,wspd,6-7 mph,3,away_hr_h_ratio,0.0058974572285054455,171
KC,wspd,7-9 mph,4,away_hr_h_ratio,0.0051480716337167914,160
KC,wspd,9-22 mph,5,away_hr_h_ratio,-0.009260102836315245,167
KC,rhum,24-47%,1,away_runs,-0.07915672235481264,168
KC,rhum,47-55%,2,away_runs,0.08750994431185344,168
KC,rhum,55-63%,3,away_runs,0.2541766109785204,169
KC,rhum,63-73%,4,away_runs,-0.024611267809357962,165
KC,rhum,73-97%,5,away_runs,-0.23987100806909822,168
KC,rhum,24-47%,1,away_home_runs,-0.08383353341336541,168
KC,rhum,47-55%,2,away_home_runs,0.15339062454249985,168
KC,rhum,55-63%,3,away_home_runs,-0.10144412794703683,169
KC,rhum,63-73%,4,away_home_runs,-0.0054785550583871245,165
KC,rhum,73-97%,5,away_home_runs,0.04177239758178719,168
KC,rhum,24-47%,1,away_strikeouts,0.44857943177270876,168
KC,rhum,47-55%,2,away_strikeouts,0.15444470471115324,168
KC,rhum,55-63%,3,away_strikeouts,-0.5170446876975641,169
KC,rhum,63-73%,4,away_strikeouts,0.1550729382662155,165
KC,rhum,73-97%,5,away_strikeouts,-0.23291472277533742,168
KC,rhum,24-47%,1,away_walks,0.12374949979991978,168
KC,rhum,47-55%,2,away_walks,-0.3451819752291163,168
KC,rhum,55-63%,3,away_walks,0.15171512391939013,169
KC,rhum,63-73%,4,away_walks,0.13478846083888074,165
KC,rhum,73-97%,5,away_walks,-0.07221571263235838,168
KC,rhum,24-47%,1,away_hr_h_ratio,-0.007719167667066831,168
KC,rhum,47-55%,2,away_hr_h_ratio,0.00759735381957663,168
KC,rhum,55-63%,3,away_hr_h_ratio,-0.01298219950702173,169
KC,rhum,63-73%,4,away_hr_h_ratio,0.0051072392593401045,165
KC,rhum,73-97%,5,away_hr_h_ratio,0.00839611605121092,168
KC,pres,962-980 hPa,1,away_runs,0.39703375383566364,175
KC,pres,980-983 hPa,2,away_runs,-0.10207338902147978,160
KC,pres,983-985 hPa,3,away_runs,-0.0307395901387979,179
KC,pres,985-987 hPa,4,away_runs,-0.2992825085183348,159
KC,pres,987-1002 hPa,5,away_runs,-0.0003688435669344514,165
KC,pres,962-980 hPa,1,away_home_runs,0.14806847594529127,175
KC,pres,980-983 hPa,2,away_home_runs,-0.06635312352789224,160
KC,pres,983-985 hPa,3,away_home_runs,-0.03193412196339218,179
KC,pres,985-987 hPa,4,away_home_runs,0.002869072157164698,159
KC,pres,987-1002 hPa,5,away_home_runs,-0.06002400960384158,165
KC,pres,962-980 hPa,1,away_strikeouts,0.14249630488033382,175
KC,pres,980-983 hPa,2,away_strikeouts,-0.08366891060221526,160
KC,pres,983-985 hPa,3,away_strikeouts,-0.36549226432145865,179
KC,pres,985-987 hPa,4,away_strikeouts,-0.09409801656511618,159
KC,pres,987-1002 hPa,5,away_strikeouts,0.4156789988722771,165
KC,pres,962-980 hPa,1,away_walks,0.24300355980542498,175
KC,pres,980-983 hPa,2,away_walks,0.10310453295242139,160
KC,pres,983-985 hPa,3,away_walks,-0.35230721502083995,179
KC,pres,985-987 hPa,4,away_walks,-0.0494310931919939,159
KC,pres,987-1002 hPa,5,away_walks,0.07418240023282019,165
KC,pres,962-980 hPa,1,away_hr_h_ratio,0.009119202825638925,175
KC,pres,980-983 hPa,2,away_hr_h_ratio,-0.012741801784004733,160
KC,pres,983-985 hPa,3,away_hr_h_ratio,0.0016189008187544734,179
KC,pres,985-987 hPa,4,away_hr_h_ratio,0.009190086600678035,159
KC,pres,987-1002 hPa,5,away_hr_h_ratio,-0.007962457710356849,165
LAA,temp,52-65°F,1,away_runs,0.177093802345059,120
LAA,temp,65-70°F,2,away_runs,-0.4103711836493389,119
LAA,temp,70-74°F,3,away_runs,-0.08670401186259102,122
LAA,temp,74-79°F,4,away_runs,0.2578409287818406,116
LAA,temp,79-111°F,5,away_runs,0.06876046901172561,120
LAA,temp,52-65°F,1,away_home_runs,0.13432491640724087,120
LAA,temp,65-70°F,2,away_home_runs,-0.10866293420022877,119
LAA,temp,70-74°F,3,away_home_runs,-0.07662899870692086,122
LAA,temp,74-79°F,4,away_home_runs,-0.12414965986394555,116
LAA,temp,79-111°F,5,away_home_runs,0.1675170068027212,120
LAA,temp,52-65°F,1,away_strikeouts,0.24236135132018966,120
LAA,temp,65-70°F,2,away_strikeouts,-0.47242790921678335,119
LAA,temp,70-74°F,3,away_strikeouts,-0.03645921178388711,122
LAA,temp,74-79°F,4,away_strikeouts,0.3759089842833685,116
LAA,temp,79-111°F,5,away_strikeouts,-0.12006802721088405,120
LAA,temp,52-65°F,1,away_walks,0.02383834889888181,120
LAA,temp,65-70°F,2,away_walks,0.08983504906387374,119
LAA,temp,70-74°F,3,away_walks,-0.046199471524146496,122
LAA,temp,74-79°F,4,away_walks,0.10127844241144768,116
LAA,temp,79-111°F,5,away_walks,-0.15935374149659864,120
LAA,temp,52-65°F,1,away_hr_h_ratio,0.011387743939791722,120
LAA,temp,65-70°F,2,away_hr_h_ratio,-0.0037894968135552265,119
LAA,temp,70-74°F,3,away_hr_h_ratio,-0.013217704778157008,122
LAA,temp,74-79°F,4,away_hr_h_ratio,-0.012812963398846633,116
LAA,temp,79-111°F,5,away_hr_h_ratio,0.018068961888509677,120
LAA,wspd,3-5 mph,1,away_runs,0.25478197438806927,124
LAA,wspd,5-6 mph,2,away_runs,0.03370299774735752,116
LAA,wspd,6-7 mph,3,away_runs,-0.01941157399902682,124
LAA,wspd,7-8 mph,4,away_runs,-0.027616342582477138,115
LAA,wspd,8-22 mph,5,away_runs,-0.2535559151690654,118
LAA,wspd,3-5 mph,1,away_home_runs,0.1500438885231512,124
LAA,wspd,5-6 mph,2,away_home_runs,0.07321876118868609,116
LAA,wspd,6-7 mph,3,away_home_runs,-0.2584471805251025,124
LAA,wspd,7-8 mph,4,away_home_runs,0.054421768707483054,115
LAA,wspd,8-22 mph,5,away_home_runs,-0.015175300889586518,118
LAA,wspd,3-5 mph,1,away_strikeouts,-0.16469168312486282,124
LAA,wspd,5-6 mph,2,away_strikeouts,-0.4507697815968488,116
LAA,wspd,6-7 mph,3,away_strikeouts,0.06271434193512171,124
LAA,wspd,7-8 mph,4,away_strikeouts,-0.0034013605442169137,115
LAA,wspd,8-22 mph,5,away_strikeouts,0.5521541950113384,118
LAA,wspd,3-5 mph,1,away_walks,-0.1289773974105768,124
LAA,wspd,5-6 mph,2,away_walks,-0.020318653777300355,116
LAA,wspd,6-7 mph,3,away_walks,0.13561871029403516,124
LAA,wspd,7-8 mph,4,away_walks,-0.08375850340136015,115
LAA,wspd,8-22 mph,5,away_walks,0.09641548927263255,118
LAA,wspd,3-5 mph,1,away_hr_h_ratio,0.01470044038313334,124
LAA,wspd,5-6 mph,2,away_hr_h_ratio,0.005478644779365133,116
LAA,wspd,6-7 mph,3,away_hr_h_ratio,-0.025564089075677643,124
LAA,wspd,7-8 mph,4,away_hr_h_ratio,-0.0003980619210141312,115
LAA,wspd,8-22 mph,5,away_hr_h_ratio,0.005999105566670604,118
LAA,rhum,6-47%,1,away_runs,0.02709380234505865,120
LAA,rhum,47-56%,2,away_runs,0.3291246146699889,119
LAA,rhum,56-65%,3,away_runs,-0.18876641270870476,124
LAA,rhum,65-72%,4,away_runs,0.11151409220013164,115
LAA,rhum,72-87%,5,away_runs,-0.26751404079219565,119
LAA,rhum,6-47%,1,away_home_runs,0.11751700680272115,120
LAA,rhum,47-56%,2,away_home_runs,0.007206272339444375,119
LAA,rhum,56-65%,3,away_home_runs,-0.2115480338476854,124
LAA,rhum,65-72%,4,away_home_runs,0.06335034013605445,115
LAA,rhum,72-87%,5,away_home_runs,0.03454599230996758,119
LAA,rhum,6-47%,1,away_strikeouts,0.02159863945578344,120
LAA,rhum,47-56%,2,away_strikeouts,0.37795457165917234,119
LAA,rhum,56-65%,3,away_strikeouts,-0.11722249875559854,124
LAA,rhum,65-72%,4,away_strikeouts,-0.5837585034013593,115
LAA,rhum,72-87%,5,away_strikeouts,0.2835551611949132,119
LAA,rhum,6-47%,1,away_walks,-0.17602040816326525,120
LAA,rhum,47-56%,2,away_walks,0.10010953533955957,119
LAA,rhum,56-65%,3,away_walks,-0.09370333499253336,124
LAA,rhum,65-72%,4,away_walks,0.2733843537414966,115
LAA,rhum,72-87%,5,away_walks,-0.08507837917775785,119
LAA,rhum,6-47%,1,away_hr_h_ratio,0.014401727994952235,120
LAA,rhum,47-56%,2,away_hr_h_ratio,-0.0054895268120553065,119
LAA,rhum,56-65%,3,away_hr_h_ratio,-0.028865164127750503,124
LAA,rhum,65-72%,4,away_hr_h_ratio,0.006968009507557299,115
LAA,rhum,72-87%,5,away_hr_h_ratio,0.014946988204299155,119
LAA,pres,999-1005 hPa,1,away_runs,-0.3535972545655106,123
LAA,pres,1005-1006 hPa,2,away_runs,0.15573963567839222,128
LAA,pres,1006-1008 hPa,3,away_runs,0.1916218259438791,113
LAA,pres,1008-1009 hPa,4,away_runs,-0.17121003246320043,113
LAA,pres,1009-1016 hPa,5,away_runs,0.177093802345059,120
LAA,pres,999-1005 hPa,1,away_home_runs,-0.13448023837634215,123
LAA,pres,1005-1006 hPa,2,away_home_runs,0.14965986394557818,128
LAA,pres,1006-1008 hPa,3,away_home_runs,-0.05272108843537415,113
LAA,pres,1008-1009 hPa,4,away_home_runs,-0.03180731752160315,113
LAA,pres,1009-1016 hPa,5,away_home_runs,0.058053729966562884,120
LAA,pres,999-1005 hPa,1,away_strikeouts,-0.019930286164051125,123
LAA,pres,1005-1006 hPa,2,away_strikeouts,-0.14625850340135926,128
LAA,pres,1006-1008 hPa,3,away_strikeouts,-0.1909013605442169,113
LAA,pres,1008-1009 hPa,4,away_strikeouts,0.32092296378010765,113
LAA,pres,1009-1016 hPa,5,away_strikeouts,0.05592067335408757,120
LAA,pres,999-1005 hPa,1,away_walks,-0.13710856243323777,123
LAA,pres,1005-1006 hPa,2,away_walks,0.06405895691609986,128
LAA,pres,1006-1008 hPa,3,away_walks,0.1483843537414966,113
LAA,pres,1008-1009 hPa,4,away_walks,-0.22444383158668835,113
LAA,pres,1009-1016 hPa,5,away_walks,0.1424824166954921,120
LAA,pres,999-1005 hPa,1,away_hr_h_ratio,-0.015501038111490312,123
LAA,pres,1005-1006 hPa,2,away_hr_h_ratio,0.014510271412319198,128
LAA,pres,1006-1008 hPa,3,away_hr_h_ratio,-0.009065026206728416,113
LAA,pres,1008-1009 hPa,4,away_hr_h_ratio,-0.00806624081419302,113
LAA,pres,1009-1016 hPa,5,away_hr_h_ratio,0.016602273854321642,120
LAD,temp,49-63°F,1,away_runs,-0.025859397013243246,169
LAD,temp,63-69°F,2,away_runs,-0.03535437430786281,172
LAD,temp,69-73°F,3,away_runs,0.00031405200116818577,163
LAD,temp,73-78°F,4,away_runs,0.047408963585434005,170
LAD,temp,78-106°F,5,away_runs,0.01409925415949509,166
LAD,temp,49-63°F,1,away_home_runs,-0.1721288605584529,169
LAD,temp,63-69°F,2,away_home_runs,0.13124114361923822,172
LAD,temp,69-73°F,3,away_home_runs,0.0551573078454799,163
LAD,temp,73-78°F,4,away_home_runs,0.06379928315412187,170
LAD,temp,78-106°F,5,away_home_runs,-0.08198384937599856,166
LAD,temp,49-63°F,1,away_strikeouts,-0.16040320792107643,169
LAD,temp,63-69°F,2,away_strikeouts,0.19508349309549544,172
LAD,temp,69-73°F,3,away_strikeouts,-0.2353643966547203,163
LAD,temp,73-78°F,4,away_strikeouts,-0.09636657530395709,170
LAD,temp,78-106°F,5,away_strikeouts,0.2876164154827183,166
LAD,temp,49-63°F,1,away_walks,-0.0839968807903908,169
LAD,temp,63-69°F,2,away_walks,-0.1115348281514823,172
LAD,temp,69-73°F,3,away_walks,0.10573476702508966,163
LAD,temp,73-78°F,4,away_walks,-0.08424344648253568,170
LAD,temp,78-106°F,5,away_walks,0.18315556131335375,166
LAD,temp,49-63°F,1,away_hr_h_ratio,-0.016190453501598978,169
LAD,temp,63-69°F,2,away_hr_h_ratio,0.019868988080353422,172
LAD,temp,69-73°F,3,away_hr_h_ratio,0.0039087813620071465,163
LAD,temp,73-78°F,4,away_hr_h_ratio,0.0024496310352097594,170
LAD,temp,78-106°F,5,away_hr_h_ratio,-0.010622410070389082,166
LAD,wspd,2-5 mph,1,away_runs,0.14799394896079976,181
LAD,wspd,5-6 mph,2,away_runs,-0.133456486042693,174
LAD,wspd,6-7 mph,3,away_runs,0.13634873110920998,167
LAD,wspd,7-8 mph,4,away_runs,-0.20660173160173168,154
LAD,wspd,8-18 mph,5,away_runs,0.03342044134727029,164
LAD,wspd,2-5 mph,1,away_home_runs,-0.0036040317630050556,181
LAD,wspd,5-6 mph,2,away_home_runs,0.05455072824082707,174
LAD,wspd,6-7 mph,3,away_home_runs,0.08669084941918226,167
LAD,wspd,7-8 mph,4,away_home_runs,-0.07126565191081324,154
LAD,wspd,8-18 mph,5,away_home_runs,-0.07485102359434426,164
LAD,wspd,2-5 mph,1,away_strikeouts,-0.4487877647742202,181
LAD,wspd,5-6 mph,2,away_strikeouts,-0.1674988432400326,174
LAD,wspd,6-7 mph,3,away_strikeouts,0.0827971383742856,167
LAD,wspd,7-8 mph,4,away_strikeouts,0.22807956678924413,154
LAD,wspd,8-18 mph,5,away_strikeouts,0.37631476717168333,164
LAD,wspd,2-5 mph,1,away_walks,-0.09981055730476518,181
LAD,wspd,5-6 mph,2,away_walks,-0.0671404203009649,174
LAD,wspd,6-7 mph,3,away_walks,0.11086640468684772,167
LAD,wspd,7-8 mph,4,away_walks,0.0037626650529873906,154
LAD,wspd,8-18 mph,5,away_walks,0.06563024532547557,164
LAD,wspd,2-5 mph,1,away_hr_h_ratio,-0.0016751658448682372,181
LAD,wspd,5-6 mph,2,away_hr_h_ratio,0.010116071021608969,174
LAD,wspd,6-7 mph,3,away_hr_h_ratio,0.00946734896575549,167
LAD,wspd,7-8 mph,4,away_hr_h_ratio,-0.0009934552902294835,154
LAD,wspd,8-18 mph,5,away_hr_h_ratio,-0.017579528113112114,164
LAD,rhum,4-41%,1,away_runs,-0.06731411862990822,171
LAD,rhum,41-54%,2,away_runs,0.2418831168831166,165
LAD,rhum,54-64%,3,away_runs,0.19899267399267373,169
LAD,rhum,64-71%,4,away_runs,-0.355952380952381,168
LAD,rhum,71-92%,5,away_runs,-0.013351867693185415,167
LAD,rhum,4-41%,1,away_home_runs,-0.11865685719675523,171
LAD,rhum,41-54%,2,away_home_runs,0.06501879534924382,165
LAD,rhum,54-64%,3,away_home_runs,0.11823715297660709,169
LAD,rhum,64-71%,4,away_home_runs,-0.05286738351254483,168
LAD,rhum,71-92%,5,away_home_runs,-0.008927989573150885,167
LAD,rhum,4-41%,1,away_strikeouts,-0.011192856693705622,171
LAD,rhum,41-54%,2,away_strikeouts,0.279314916805081,165
LAD,rhum,54-64%,3,away_strikeouts,-0.099708030229122,169
LAD,rhum,64-71%,4,away_strikeouts,-0.18642259771292125,168
LAD,rhum,71-92%,5,away_strikeouts,0.02591506462474058,167
LAD,rhum,4-41%,1,away_walks,0.07746965981261367,171
LAD,rhum,41-54%,2,away_walks,-0.01057056269487422,165
LAD,rhum,54-64%,3,away_walks,0.16633086608272718,169
LAD,rhum,64-71%,4,away_walks,-0.3598736985833759,168
LAD,rhum,71-92%,5,away_walks,0.12627348756381007,167
LAD,rhum,4-41%,1,away_hr_h_ratio,-0.013586247877758917,171
LAD,rhum,41-54%,2,away_hr_h_ratio,-0.0045149313751202125,165
LAD,rhum,54-64%,3,away_hr_h_ratio,0.008539780704544975,169
LAD,rhum,64-71%,4,away_hr_h_ratio,-0.005995782130056332,168
LAD,rhum,71-92%,5,away_hr_h_ratio,0.015925852069077873,167
LAD,pres,982-991 hPa,1,away_runs,-0.004761904761904745,168
LAD,pres,991-992 hPa,2,away_runs,-0.2612493311931514,178
LAD,pres,992-993 hPa,3,away_runs,0.15761000602772723,158
LAD,pres,993-995 hPa,4,away_runs,0.047408963585434005,170
LAD,pres,995-1004 hPa,5,away_runs,0.08638841078600112,166
LAD,pres,982-991 hPa,1,away_home_runs,-0.0469150025601639,168
LAD,pres,991-992 hPa,2,away_home_runs,-0.1305827393177883,178
LAD,pres,992-993 hPa,3,away_home_runs,0.12831541218637987,158
LAD,pres,993-995 hPa,4,away_home_runs,0.010858106683533597,170
LAD,pres,995-1004 hPa,5,away_home_runs,0.05657036749147126,166
LAD,pres,982-991 hPa,1,away_strikeouts,-0.37094640723672967,168
LAD,pres,991-992 hPa,2,away_strikeouts,-0.08784046823191538,178
LAD,pres,992-993 hPa,3,away_strikeouts,0.19091995221027425,158
LAD,pres,993-995 hPa,4,away_strikeouts,0.0565746011666306,170
LAD,pres,995-1004 hPa,5,away_strikeouts,0.23339954801283902,166
LAD,pres,982-991 hPa,1,away_walks,0.14012630141662408,168
LAD,pres,991-992 hPa,2,away_walks,-0.13354946102318355,178
LAD,pres,992-993 hPa,3,away_walks,-0.16678614097968936,158
LAD,pres,993-995 hPa,4,away_walks,-0.09012579942371213,170
LAD,pres,995-1004 hPa,5,away_walks,0.24942062155431755,166
LAD,pres,982-991 hPa,1,away_hr_h_ratio,-0.004894591653865854,168
LAD,pres,991-992 hPa,2,away_hr_h_ratio,-0.010555326003785587,178
LAD,pres,992-993 hPa,3,away_hr_h_ratio,0.00699627240143369,158
LAD,pres,993-995 hPa,4,away_hr_h_ratio,-0.001119780729496117,170
LAD,pres,995-1004 hPa,5,away_hr_h_ratio,0.010886023664550687,166
MIA,temp,68-79°F,1,away_runs,0.1796187683284458,88
MIA,temp,79-82°F,2,away_runs,-0.03629032258064502,88
MIA,temp,82-84°F,3,away_runs,-0.21301446051167972,87
MIA,temp,84-86°F,4,away_runs,0.1387096774193548,85
MIA,temp,86-92°F,5,away_runs,-0.06826706676669136,86
MIA,temp,68-79°F,1,away_home_runs,0.007903981264637094,88
MIA,temp,79-82°F,2,away_home_runs,0.04382352149452218,88
MIA,temp,82-84°F,3,away_home_runs,-0.008662283795603853,87
MIA,temp,84-86°F,4,away_home_runs,0.027482294517649164,85
MIA,temp,86-92°F,5,away_home_runs,-0.07058439082838608,86
MIA,temp,68-79°F,1,away_strikeouts,-0.11355652544177097,88
MIA,temp,79-82°F,2,away_strikeouts,0.22905058009637003,88
MIA,temp,82-84°F,3,away_strikeouts,0.45311926864366114,87
MIA,temp,84-86°F,4,away_strikeouts,-0.4866397675009164,85
MIA,temp,86-92°F,5,away_strikeouts,-0.08316540493437152,86
MIA,temp,68-79°F,1,away_walks,-0.0261869278262723,88
MIA,temp,79-82°F,2,away_walks,-0.08261326011467363,88
MIA,temp,82-84°F,3,away_walks,-0.23757794644620667,87
MIA,temp,84-86°F,4,away_walks,0.23230157162608256,85
MIA,temp,86-92°F,5,away_walks,0.11546212079952056,86
MIA,temp,68-79°F,1,away_hr_h_ratio,0.015239881839471975,88
MIA,temp,79-82°F,2,away_hr_h_ratio,-0.004507270720611606,88
MIA,temp,82-84°F,3,away_hr_h_ratio,0.0004590220366242348,87
MIA,temp,84-86°F,4,away_hr_h_ratio,-0.00912290567421914,85
MIA,temp,86-92°F,5,away_hr_h_ratio,-0.0026729617123250615,86
MIA,wspd,1-5 mph,1,away_runs,0.21914446002805033,92
MIA,wspd,5-7 mph,2,away_runs,-0.2245087133852426,87
MIA,wspd,7-9 mph,3,away_runs,-0.3359891177613683,83
MIA,wspd,9-11 mph,4,away_runs,-0.20780195048762184,86
MIA,wspd,11-21 mph,5,away_runs,0.5247561890472623,86
MIA,wspd,1-5 mph,1,away_home_runs,0.14664024500090078,92
MIA,wspd,5-7 mph,2,away_home_runs,-0.02514199574685705,87
MIA,wspd,7-9 mph,3,away_home_runs,-0.10459601873536295,83
MIA,wspd,9-11 mph,4,away_home_runs,-0.18686346059582803,86
MIA,wspd,11-21 mph,5,away_home_runs,0.16001241499957675,86
MIA,wspd,1-5 mph,1,away_strikeouts,-0.4698252567105019,92
MIA,wspd,5-7 mph,2,away_strikeouts,0.03364828124579411,87
MIA,wspd,7-9 mph,3,away_strikeouts,-0.09537470725995334,83
MIA,wspd,9-11 mph,4,away_strikeouts,0.3354392462284199,86
MIA,wspd,11-21 mph,5,away_strikeouts,0.22420360599305944,86
MIA,wspd,1-5 mph,1,away_walks,-0.029183930823275084,92
MIA,wspd,5-7 mph,2,away_walks,0.009340762873832453,87
MIA,wspd,7-9 mph,3,away_walks,0.10790398126463696,83
MIA,wspd,9-11 mph,4,away_walks,-0.03570066989815368,86
MIA,wspd,11-21 mph,5,away_walks,-0.04480686210885709,86
MIA,wspd,1-5 mph,1,away_hr_h_ratio,0.010504791929382085,92
MIA,wspd,5-7 mph,2,away_hr_h_ratio,-0.003986581065439199,87
MIA,wspd,7-9 mph,3,away_hr_h_ratio,0.0025034045667447213,83
MIA,wspd,9-11 mph,4,away_hr_h_ratio,-0.016404357061162264,86
MIA,wspd,11-21 mph,5,away_hr_h_ratio,0.007245769024576021,86
MIA,rhum,20-62%,1,away_runs,0.22376714868372272,87
MIA,rhum,62-69%,2,away_runs,0.3275985663082439,90
MIA,rhum,69-76%,3,away_runs,-0.3721336960746209,83
MIA,rhum,76-81%,4,away_runs,-0.43657122145704985,89
MIA,rhum,81-91%,5,away_runs,0.2445920303605318,85
MIA,rhum,20-62%,1,away_home_runs,0.02408045185287233,87
MIA,rhum,62-69%,2,away_home_runs,0.1638028576691315,90
MIA,rhum,69-76%,3,away_home_runs,-0.3045960187353629,83
MIA,rhum,76-81%,4,away_home_runs,-0.1170960187353629,89
MIA,rhum,81-91%,5,away_home_runs,0.2123157459705194,85
MIA,rhum,20-62%,1,away_strikeouts,-0.026257060201128724,87
MIA,rhum,62-69%,2,away_strikeouts,0.2818724837512825,90
MIA,rhum,69-76%,3,away_strikeouts,0.2546252927400481,83
MIA,rhum,76-81%,4,away_strikeouts,0.20462529274004737,89
MIA,rhum,81-91%,5,away_strikeouts,-0.7203747072599533,85
MIA,rhum,20-62%,1,away_walks,0.4005510400881662,87
MIA,rhum,62-69%,2,away_walks,0.028971396994974086,90
MIA,rhum,69-76%,3,away_walks,-0.01709601873536304,83
MIA,rhum,76-81%,4,away_walks,-0.0943687460080902,89
MIA,rhum,81-91%,5,away_walks,-0.3170960187353633,85
MIA,rhum,20-62%,1,away_hr_h_ratio,0.01974215456674472,87
MIA,rhum,62-69%,2,away_hr_h_ratio,0.0037005815330368452,90
MIA,rhum,69-76%,3,away_hr_h_ratio,-0.03598034543325529,83
MIA,rhum,76-81%,4,away_hr_h_ratio,-0.014140799978709831,89
MIA,rhum,81-91%,5,away_hr_h_ratio,0.02488686044909766,85
MIA,pres,1002-1013 hPa,1,away_runs,0.6498207885304659,90
MIA,pres,1013-1015 hPa,2,away_runs,0.05635673624288451,85
MIA,pres,1015-1016 hPa,3,away_runs,-0.396922506488691,87
MIA,pres,1016-1018 hPa,4,away_runs,-0.03906810035842323,90
MIA,pres,1018-1024 hPa,5,away_runs,-0.3076317859952793,82
MIA,pres,1002-1013 hPa,1,away_home_runs,0.10129478586233831,90
MIA,pres,1013-1015 hPa,2,away_home_runs,0.22814207650273244,85
MIA,pres,1015-1016 hPa,3,away_home_runs,-0.0941075129882365,87
MIA,pres,1016-1018 hPa,4,away_home_runs,0.089800532988775,90
MIA,pres,1018-1024 hPa,5,away_home_runs,-0.3366082138573141,82
MIA,pres,1002-1013 hPa,1,away_strikeouts,-0.06979999461627528,90
MIA,pres,1013-1015 hPa,2,away_strikeouts,-0.12275565964090518,85
MIA,pres,1015-1016 hPa,3,away_strikeouts,-0.1732482704783429,87
MIA,pres,1016-1018 hPa,4,away_strikeouts,0.504912649061886,90
MIA,pres,1018-1024 hPa,5,away_strikeouts,-0.152082024333124,82
MIA,pres,1002-1013 hPa,1,away_walks,-0.08261326011467363,90
MIA,pres,1013-1015 hPa,2,away_walks,0.03766588602654153,85
MIA,pres,1015-1016 hPa,3,away_walks,-0.35847532908019053,87
MIA,pres,1016-1018 hPa,4,away_walks,0.15876605023015422,90
MIA,pres,1018-1024 hPa,5,away_walks,0.26095276175244164,82
MIA,pres,1002-1013 hPa,1,away_hr_h_ratio,-0.004999224743600109,90
MIA,pres,1013-1015 hPa,2,away_hr_h_ratio,0.025218345042935186,85
MIA,pres,1015-1016 hPa,3,away_hr_h_ratio,-0.003970489111416203,87
MIA,pres,1016-1018 hPa,4,away_hr_h_ratio,0.010944453417319422,90
MIA,pres,1018-1024 hPa,5,away_hr_h_ratio,-0.02792857714057237,82
MIL,temp,25-53°F,1,away_runs,0.21785714285714342,168
MIL,temp,53-65°F,2,away_runs,-0.18718653141730002,169
MIL,temp,65-71°F,3,away_runs,0.09481750784146037,167
MIL,temp,71-77°F,4,away_runs,-0.09761904761904727,168
MIL,temp,77-95°F,5,away_runs,-0.026190476190476097,168
MIL,temp,25-53°F,1,away_home_runs,0.10759303721488589,168
MIL,temp,53-65°F,2,away_home_runs,-0.17071706731473069,169
MIL,temp,65-71°F,3,away_home_runs,0.033367563893027086,167
MIL,temp,71-77°F,4,away_home_runs,-0.08199207826843313,168
MIL,temp,77-95°F,5,away_home_runs,0.10759303721488589,168
MIL,temp,25-53°F,1,away_strikeouts,-0.5373149259703887,168
MIL,temp,53-65°F,2,away_strikeouts,0.18945627031300205,169
MIL,temp,65-71°F,3,away_strikeouts,0.19518650833827422,167
MIL,temp,71-77°F,4,away_strikeouts,-0.02954475203254958,168
MIL,temp,77-95°F,5,away_strikeouts,0.18887555022008762,168
MIL,temp,25-53°F,1,away_walks,-0.005352140856342391,168
MIL,temp,53-65°F,2,away_walks,-0.18668198986911833,169
MIL,temp,65-71°F,3,away_walks,-0.05275604217590679,167
MIL,temp,71-77°F,4,away_walks,0.12078843513453297,168
MIL,temp,77-95°F,5,away_walks,0.11964785914365761,168
MIL,temp,25-53°F,1,away_hr_h_ratio,0.0021109593837535245,168
MIL,temp,53-65°F,2,away_hr_h_ratio,-0.016281302521008373,169
MIL,temp,65-71°F,3,away_hr_h_ratio,0.01184128784043742,167
MIL,temp,71-77°F,4,away_hr_h_ratio,-0.007219775574900611,168
MIL,temp,77-95°F,5,away_hr_h_ratio,0.009259173669467796,168
MIL,wspd,1-5 mph,1,away_runs,-0.1398492533107918,169
MIL,wspd,5-7 mph,2,away_runs,0.05119047619047645,175
MIL,wspd,7-9 mph,3,away_runs,-0.09955448437043479,163
MIL,wspd,9-12 mph,4,away_runs,-0.19816017316017298,165
MIL,wspd,12-27 mph,5,away_runs,0.378571428571429,168
MIL,wspd,1-5 mph,1,away_home_runs,0.022745192751656873,169
MIL,wspd,5-7 mph,2,away_home_runs,0.05900499734777642,175
MIL,wspd,7-9 mph,3,away_home_runs,-0.06294267707082835,163
MIL,wspd,9-12 mph,4,away_home_runs,-0.05486340877814544,165
MIL,wspd,12-27 mph,5,away_home_runs,0.03021208483393356,168
MIL,wspd,1-5 mph,1,away_strikeouts,-0.2165907783231642,169
MIL,wspd,5-7 mph,2,away_strikeouts,0.11855439850358707,175
MIL,wspd,7-9 mph,3,away_strikeouts,0.0900660264105646,163
MIL,wspd,9-12 mph,4,away_strikeouts,0.4333587093373925,165
MIL,wspd,12-27 mph,5,away_strikeouts,-0.41231492597038866,168
MIL,wspd,1-5 mph,1,away_walks,0.03568054440711199,169
MIL,wspd,5-7 mph,2,away_walks,-0.047572517379044665,175
MIL,wspd,7-9 mph,3,away_walks,-0.020828331332533256,163
MIL,wspd,9-12 mph,4,away_walks,-0.10131613621058166,165
MIL,wspd,12-27 mph,5,away_walks,0.13155262104841947,168
MIL,wspd,1-5 mph,1,away_hr_h_ratio,0.020679200437571488,169
MIL,wspd,5-7 mph,2,away_hr_h_ratio,-0.00037083740472931837,175
MIL,wspd,7-9 mph,3,away_hr_h_ratio,-0.005901927521008377,163
MIL,wspd,9-12 mph,4,away_hr_h_ratio,-0.004116058618569368,165
MIL,wspd,12-27 mph,5,away_hr_h_ratio,-0.010783683473389344,168
MIL,rhum,26-52%,1,away_runs,0.21785714285714342,168
MIL,rhum,52-62%,2,away_runs,0.12429971988795518,170
MIL,rhum,62-70%,3,away_runs,-0.2766924842226044,166
MIL,rhum,70-81%,4,away_runs,-0.2166666666666659,168
MIL,rhum,81-99%,5,away_runs,0.14642857142857224,168
MIL,rhum,26-52%,1,away_home_runs,0.0976486402944412,168
MIL,rhum,52-62%,2,away_home_runs,0.006402561024409836,170
MIL,rhum,62-70%,3,away_home_runs,-0.10974145755863307,166
MIL,rhum,70-81%,4,away_home_runs,-0.05907362945178063,168
MIL,rhum,81-99%,5,away_home_runs,0.06348804582073786,168
MIL,rhum,26-52%,1,away_strikeouts,0.4195570443746366,168
MIL,rhum,52-62%,2,away_strikeouts,-0.44802921168467336,170
MIL,rhum,62-70%,3,away_strikeouts,0.09799285567885718,166
MIL,rhum,70-81%,4,away_strikeouts,0.10554221688675369,168
MIL,rhum,81-99%,5,away_strikeouts,-0.1722833711797982,168
MIL,rhum,26-52%,1,away_walks,0.13276448303872446,168
MIL,rhum,52-62%,2,away_walks,0.25060024009603854,170
MIL,rhum,62-70%,3,away_walks,0.026732644277223105,166
MIL,rhum,70-81%,4,away_walks,-0.24939975990396146,168
MIL,rhum,81-99%,5,away_walks,-0.1611897771156654,168
MIL,rhum,26-52%,1,away_hr_h_ratio,-0.000249116892265866,168
MIL,rhum,52-62%,2,away_hr_h_ratio,-0.003034278711484567,170
MIL,rhum,62-70%,3,away_hr_h_ratio,-0.0033928878868620393,166
MIL,rhum,70-81%,4,away_hr_h_ratio,0.01367107843137258,168
MIL,rhum,81-99%,5,away_hr_h_ratio,-0.007162326617393938,168
MIL,pres,966-988 hPa,1,away_runs,0.17023809523809597,168
MIL,pres,988-992 hPa,2,away_runs,0.5997957171034098,169
MIL,pres,992-994 hPa,3,away_runs,-0.18690476190476168,168
MIL,pres,994-997 hPa,4,away_runs,-0.33511552550014034,169
MIL,pres,997-1010 hPa,5,away_runs,-0.2525960986804354,166
MIL,pres,966-988 hPa,1,away_home_runs,0.0018402570609081792,168
MIL,pres,988-992 hPa,2,away_home_runs,0.13140256102440984,169
MIL,pres,992-994 hPa,3,away_home_runs,0.07553623859182235,168
MIL,pres,994-997 hPa,4,away_home_runs,-0.10743232204124253,169
MIL,pres,997-1010 hPa,5,away_home_runs,-0.10285832124260752,166
MIL,pres,966-988 hPa,1,away_strikeouts,-0.31098187778105313,168
MIL,pres,988-992 hPa,2,away_strikeouts,-0.03136254501800728,169
MIL,pres,992-994 hPa,3,away_strikeouts,-0.214452045878593,168
MIL,pres,994-997 hPa,4,away_strikeouts,0.061515730552574865,169
MIL,pres,997-1010 hPa,5,away_strikeouts,0.5055568239565762,166
MIL,pres,966-988 hPa,1,away_walks,0.0429441237572874,168
MIL,pres,988-992 hPa,2,away_walks,0.16131452581032413,169
MIL,pres,992-994 hPa,3,away_walks,-0.08287652410361757,168
MIL,pres,994-997 hPa,4,away_walks,-0.04715969227927852,169
MIL,pres,997-1010 hPa,5,away_walks,-0.07696330065768642,166
MIL,pres,966-988 hPa,1,away_hr_h_ratio,-0.0006604941377748585,168
MIL,pres,988-992 hPa,2,away_hr_h_ratio,0.0008133403361344771,169
MIL,pres,992-994 hPa,3,away_hr_h_ratio,0.018368998683810894,168
MIL,pres,994-997 hPa,4,away_hr_h_ratio,-0.008642101337576424,169
MIL,pres,997-1010 hPa,5,away_hr_h_ratio,-0.009908449760272192,166
MIN,temp,27-60°F,1,away_runs,-0.6114918553833926,168
MIN,temp,60-69°F,2,away_runs,-0.3121180596223141,173
MIN,temp,69-74°F,3,away_runs,0.2172118483203107,162
MIN,temp,74-79°F,4,away_runs,-0.12653130311514804,169
MIN,temp,79-92°F,5,away_runs,0.8558235138780841,167
MIN,temp,27-60°F,1,away_home_runs,-0.12405789653991106,168
MIN,temp,60-69°F,2,away_home_runs,-0.07717849389127762,173
MIN,temp,69-74°F,3,away_home_runs,-0.02859934274802378,162
MIN,temp,74-79°F,4,away_home_runs,0.012846865364850801,169
MIN,temp,79-92°F,5,away_home_runs,0.21772282772584317,167
MIN,temp,27-60°F,1,away_strikeouts,0.31273552586502085,168
MIN,temp,60-69°F,2,away_strikeouts,0.4969775658762927,173
MIN,temp,69-74°F,3,away_strikeouts,-0.09356958877342691,162
MIN,temp,74-79°F,4,away_strikeouts,-0.41345495032545365,169
MIN,temp,79-92°F,5,away_strikeouts,-0.31083875414638484,167
MIN,temp,27-60°F,1,away_walks,-0.005609797875985034,168
MIN,temp,60-69°F,2,away_walks,0.13770522043903322,173
MIN,temp,69-74°F,3,away_walks,0.15289990230038208,162
MIN,temp,74-79°F,4,away_walks,-0.11275265501884224,169
MIN,temp,79-92°F,5,away_walks,-0.16860523557202134,167
MIN,temp,27-60°F,1,away_hr_h_ratio,-0.005471839671120249,168
MIN,temp,60-69°F,2,away_hr_h_ratio,-0.010725995771430213,173
MIN,temp,69-74°F,3,away_hr_h_ratio,-0.0009180477839950407,162
MIN,temp,74-79°F,4,away_hr_h_ratio,0.006382922233641647,169
MIN,temp,79-92°F,5,away_hr_h_ratio,0.010828473987277237,167
MIN,wspd,1-4 mph,1,away_runs,0.18592193772005583,174
MIN,wspd,4-6 mph,2,away_runs,-0.1439560680623293,163
MIN,wspd,6-8 mph,3,away_runs,-0.40034953328601475,178
MIN,wspd,8-10 mph,4,away_runs,0.10325173436019686,156
MIN,wspd,10-19 mph,5,away_runs,0.2754129065213693,168
MIN,wspd,1-4 mph,1,away_home_runs,0.11251463945122953,174
MIN,wspd,4-6 mph,2,away_home_runs,-0.07873946241779595,163
MIN,wspd,6-8 mph,3,away_home_runs,-0.11052975801177256,178
MIN,wspd,8-10 mph,4,away_home_runs,-0.009131156613171099,156
MIN,wspd,10-19 mph,5,away_home_runs,0.08598630077973546,168
MIN,wspd,1-4 mph,1,away_strikeouts,-0.22477831688137861,174
MIN,wspd,4-6 mph,2,away_strikeouts,0.15516176016242156,163
MIN,wspd,6-8 mph,3,away_strikeouts,-0.004905166775671432,178
MIN,wspd,8-10 mph,4,away_strikeouts,0.18040951853901355,156
MIN,wspd,10-19 mph,5,away_strikeouts,-0.083293843966743,168
MIN,wspd,1-4 mph,1,away_walks,-0.11676705147509914,174
MIN,wspd,4-6 mph,2,away_walks,-0.036905444969177914,163
MIN,wspd,6-8 mph,3,away_walks,-0.15468988445607135,178
MIN,wspd,8-10 mph,4,away_walks,0.02873086146467463,156
MIN,wspd,10-19 mph,5,away_walks,0.2924726087393559,168
MIN,wspd,1-4 mph,1,away_hr_h_ratio,0.007099616585801133,174
MIN,wspd,4-6 mph,2,away_hr_h_ratio,-0.009511337187918398,163
MIN,wspd,6-8 mph,3,away_hr_h_ratio,-0.0051793342598648595,178
MIN,wspd,8-10 mph,4,away_hr_h_ratio,0.003480907581627002,156
MIN,wspd,10-19 mph,5,away_hr_h_ratio,0.004178174586079636,168
MIN,rhum,16-46%,1,away_runs,0.1586061838322932,170
MIN,rhum,46-54%,2,away_runs,-0.2543489982405358,168
MIN,rhum,54-62%,3,away_runs,-0.10609969852064793,170
MIN,rhum,62-73%,4,away_runs,-0.0396615895347221,163
MIN,rhum,73-99%,5,away_runs,0.2396986208070837,168
MIN,rhum,16-46%,1,away_home_runs,0.0707505001915627,170
MIN,rhum,46-54%,2,away_home_runs,-0.08167836987894717,168
MIN,rhum,54-62%,3,away_home_runs,0.03665638917437475,170
MIN,rhum,62-73%,4,away_home_runs,-0.09100940106810262,163
MIN,rhum,73-99%,5,away_home_runs,0.06203420497135226,168
MIN,rhum,16-46%,1,away_strikeouts,0.1596994593674168,170
MIN,rhum,46-54%,2,away_strikeouts,-0.14916210743979796,168
MIN,rhum,54-62%,3,away_strikeouts,0.15202124015073615,170
MIN,rhum,62-73%,4,away_strikeouts,0.007922496358741427,163
MIN,rhum,73-99%,5,away_strikeouts,-0.17311420324818094,168
MIN,rhum,16-46%,1,away_walks,-0.12856696891007902,170
MIN,rhum,46-54%,2,away_walks,0.08887979436809834,168
MIN,rhum,54-62%,3,away_walks,0.13724734498115776,170
MIN,rhum,62-73%,4,away_walks,-0.1780097394477056,163
MIN,rhum,73-99%,5,away_walks,0.07690374646390685,168
MIN,rhum,16-46%,1,away_hr_h_ratio,0.006885838548096435,170
MIN,rhum,46-54%,2,away_hr_h_ratio,-0.008379909246255701,168
MIN,rhum,54-62%,3,away_hr_h_ratio,0.0044305412812606915,170
MIN,rhum,62-73%,4,away_hr_h_ratio,-0.00690520221859324,163
MIN,rhum,73-99%,5,away_hr_h_ratio,0.0036943422507502988,168
MIN,pres,965-980 hPa,1,away_runs,0.15636528747374978,168
MIN,pres,980-983 hPa,2,away_runs,0.22849828268366856,169
MIN,pres,983-986 hPa,3,away_runs,0.23238364662463962,166
MIN,pres,986-988 hPa,4,away_runs,-0.10877982382520734,169
MIN,pres,988-1001 hPa,5,away_runs,-0.5094459471997599,167
MIN,pres,965-980 hPa,1,away_home_runs,0.06964548842853424,168
MIN,pres,980-983 hPa,2,away_home_runs,0.041164701374994506,169
MIN,pres,983-986 hPa,3,away_home_runs,0.015428620958654715,166
MIN,pres,986-988 hPa,4,away_home_runs,-0.012089736494827807,169
MIN,pres,988-1001 hPa,5,away_home_runs,-0.11607299526232673,167
MIN,pres,965-980 hPa,1,away_strikeouts,-0.1708416399410595,168
MIN,pres,980-983 hPa,2,away_strikeouts,-0.30183900217104487,169
MIN,pres,983-986 hPa,3,away_strikeouts,-0.0021669411458784538,166
MIN,pres,986-988 hPa,4,away_strikeouts,-0.04740113234855947,169
MIN,pres,988-1001 hPa,5,away_strikeouts,0.5350061414283207,167
MIN,pres,965-980 hPa,1,away_walks,0.05800179133801375,168
MIN,pres,980-983 hPa,2,away_walks,-0.06939537127694306,169
MIN,pres,983-986 hPa,3,away_walks,0.08209817688018273,166
MIN,pres,986-988 hPa,4,away_walks,0.043030664226015425,169
MIN,pres,988-1001 hPa,5,away_walks,-0.11463999532081637,167
MIN,pres,965-980 hPa,1,away_hr_h_ratio,0.005111923954812053,168
MIN,pres,980-983 hPa,2,away_hr_h_ratio,-0.002733688079122526,169
MIN,pres,983-986 hPa,3,away_hr_h_ratio,0.001126984195775893,166
MIN,pres,986-988 hPa,4,away_hr_h_ratio,0.0039029983114100275,169
MIN,pres,988-1001 hPa,5,away_hr_h_ratio,-0.007519952330818286,167
NYM,temp,34-60°F,1,away_runs,-0.32352941176470607,170
NYM,temp,60-69°F,2,away_runs,-0.08433734939759052,166
NYM,temp,69-74°F,3,away_runs,0.07017543859649145,171
NYM,temp,74-79°F,4,away_runs,0.1506024096385543,166
NYM,temp,79-97°F,5,away_runs,0.19277108433734913,166
NYM,temp,34-60°F,1,away_home_runs,-0.18178596739900776,170
NYM,temp,60-69°F,2,away_home_runs,-0.08203858378298468,166
NYM,temp,69-74°F,3,away_home_runs,0.05939050318922745,171
NYM,temp,74-79°F,4,away_home_runs,0.1020104959716166,166
NYM,temp,79-97°F,5,away_home_runs,0.10702321481046129,166
NYM,temp,34-60°F,1,away_strikeouts,0.35081502480510274,170
NYM,temp,60-69°F,2,away_strikeouts,0.3317244437874187,166
NYM,temp,69-74°F,3,away_strikeouts,-0.30212615166548673,171
NYM,temp,74-79°F,4,away_strikeouts,-0.343122181979453,166
NYM,temp,79-97°F,5,away_strikeouts,-0.03914193358801121,166
NYM,temp,34-60°F,1,away_walks,0.2621545003543586,170
NYM,temp,60-69°F,2,away_walks,-0.11272821346736617,166
NYM,temp,69-74°F,3,away_walks,-0.08490432317505325,171
NYM,temp,74-79°F,4,away_walks,0.1633454061645354,166
NYM,temp,79-97°F,5,away_walks,-0.23404349103731992,166
NYM,temp,34-60°F,1,away_hr_h_ratio,-0.01296743634949074,170
NYM,temp,60-69°F,2,away_hr_h_ratio,-0.007036137115454366,166
NYM,temp,69-74°F,3,away_hr_h_ratio,0.002699326616050518,171
NYM,temp,74-79°F,4,away_hr_h_ratio,0.010213556136079355,166
NYM,temp,79-97°F,5,away_hr_h_ratio,0.007406658036423541,166
NYM,wspd,1-5 mph,1,away_runs,0.033519553072625996,179
NYM,wspd,5-6 mph,2,away_runs,-0.25766871165644156,163
NYM,wspd,6-8 mph,3,away_runs,-0.0242424242424244,165
NYM,wspd,8-11 mph,4,away_runs,0.17073170731707332,164
NYM,wspd,11-22 mph,5,away_runs,0.07142857142857117,168
NYM,wspd,1-5 mph,1,away_home_runs,-0.04238406138520556,179
NYM,wspd,5-6 mph,2,away_home_runs,0.017846385542168663,163
NYM,wspd,6-8 mph,3,away_home_runs,0.009462239200705325,165
NYM,wspd,8-11 mph,4,away_home_runs,0.016688978134761223,164
NYM,wspd,11-22 mph,5,away_home_runs,0.0028842643300475146,168
NYM,wspd,1-5 mph,1,away_strikeouts,0.2191357609207767,179
NYM,wspd,5-6 mph,2,away_strikeouts,-0.5153614457831335,163
NYM,wspd,6-8 mph,3,away_strikeouts,0.16817513958272023,165
NYM,wspd,8-11 mph,4,away_strikeouts,-0.28048490257325653,164
NYM,wspd,11-22 mph,5,away_strikeouts,0.37024461482292814,168
NYM,wspd,1-5 mph,1,away_walks,0.06419196338426358,179
NYM,wspd,5-6 mph,2,away_walks,-0.04593373493975905,163
NYM,wspd,6-8 mph,3,away_walks,0.0037613870114605596,165
NYM,wspd,8-11 mph,4,away_walks,-0.03312509296445043,164
NYM,wspd,11-22 mph,5,away_walks,0.003687477181453236,168
NYM,wspd,1-5 mph,1,away_hr_h_ratio,-0.015074715447702364,179
NYM,wspd,5-6 mph,2,away_hr_h_ratio,0.004972267792521079,163
NYM,wspd,6-8 mph,3,away_hr_h_ratio,0.00825970681691135,165
NYM,wspd,8-11 mph,4,away_hr_h_ratio,0.007032578351527319,164
NYM,wspd,11-22 mph,5,away_hr_h_ratio,-0.0035395503892970692,168
NYM,rhum,23-50%,1,away_runs,0.1904761904761907,168
NYM,rhum,50-64%,2,away_runs,-0.12865497076023402,171
NYM,rhum,64-74%,3,away_runs,0.19642857142857117,168
NYM,rhum,74-84%,4,away_runs,0.0,165
NYM,rhum,84-99%,5,away_runs,-0.2574850299401197,167
NYM,rhum,23-50%,1,away_home_runs,-0.0022839825559908267,168
NYM,rhum,50-64%,2,away_home_runs,0.024688101518500094,171
NYM,rhum,64-74%,3,away_home_runs,0.04984488853618063,168
NYM,rhum,74-84%,4,away_home_runs,0.015005476451259492,165
NYM,rhum,84-99%,5,away_home_runs,-0.08795180722891571,167
NYM,rhum,23-50%,1,away_strikeouts,0.4482888609653326,168
NYM,rhum,50-64%,2,away_strikeouts,-0.17675197832751266,171
NYM,rhum,64-74%,3,away_strikeouts,-0.11311593680109766,168
NYM,rhum,74-84%,4,away_strikeouts,0.05509309967141185,165
NYM,rhum,84-99%,5,away_strikeouts,-0.20120481927710898,167
NYM,rhum,23-50%,1,away_walks,0.20629019144060923,168
NYM,rhum,50-64%,2,away_walks,-0.06760533257289492,171
NYM,rhum,64-74%,3,away_walks,-0.12220619002957944,168
NYM,rhum,74-84%,4,away_walks,-0.02661555312157704,165
NYM,rhum,84-99%,5,away_walks,0.015662650602409567,167
NYM,rhum,23-50%,1,away_hr_h_ratio,0.0019439961875828138,168
NYM,rhum,50-64%,2,away_hr_h_ratio,0.006354457141633518,171
NYM,rhum,64-74%,3,away_hr_h_ratio,-0.0080554567583771,168
NYM,rhum,74-84%,4,away_hr_h_ratio,0.005248934459187754,165
NYM,rhum,84-99%,5,away_hr_h_ratio,-0.0054797804002499895,167
NYM,pres,989-1011 hPa,1,away_runs,0.22352941176470598,170
NYM,pres,1011-1014 hPa,2,away_runs,-0.24096385542168663,166
NYM,pres,1014-1017 hPa,3,away_runs,0.14705882352941213,170
NYM,pres,1017-1020 hPa,4,away_runs,0.39759036144578275,166
NYM,pres,1020-1033 hPa,5,away_runs,-0.532934131736527,167
NYM,pres,989-1011 hPa,1,away_home_runs,0.10972512805713874,170
NYM,pres,1011-1014 hPa,2,away_home_runs,-0.00883044372612396,166
NYM,pres,1014-1017 hPa,3,away_home_runs,-0.06399885255306947,170
NYM,pres,1017-1020 hPa,4,away_home_runs,0.10702321481046129,166
NYM,pres,1020-1033 hPa,5,away_home_runs,-0.1417718779308852,167
NYM,pres,989-1011 hPa,1,away_strikeouts,-0.30473270326816326,170
NYM,pres,1011-1014 hPa,2,away_strikeouts,-0.38060534822215786,166
NYM,pres,1014-1017 hPa,3,away_strikeouts,0.06916236374067708,170
NYM,pres,1017-1020 hPa,4,away_strikeouts,0.41817513958272023,166
NYM,pres,1020-1033 hPa,5,away_strikeouts,0.1982613087078846,167
NYM,pres,989-1011 hPa,1,away_walks,0.117314768054253,170
NYM,pres,1011-1014 hPa,2,away_walks,-0.20965324713488087,166
NYM,pres,1014-1017 hPa,3,away_walks,-0.10367183017785431,170
NYM,pres,1017-1020 hPa,4,away_walks,0.022054069938289622,166
NYM,pres,1020-1033 hPa,5,away_walks,0.17120698362311515,167
NYM,pres,989-1011 hPa,1,away_hr_h_ratio,0.013399633061982164,170
NYM,pres,1011-1014 hPa,2,away_hr_h_ratio,-3.175659772280959e-05,166
NYM,pres,1014-1017 hPa,3,away_hr_h_ratio,-0.0058248750646217595,170
NYM,pres,1017-1020 hPa,4,away_hr_h_ratio,0.001936869019514953,166
NYM,pres,1020-1033 hPa,5,away_hr_h_ratio,-0.009399169333227403,167
NYY,temp,36-61°F,1,away_runs,-0.44653499063511015,168
NYY,temp,61-69°F,2,away_runs,0.02965548555536568,168
NYY,temp,69-75°F,3,away_runs,-0.2314039678117794,169
NYY,temp,75-80°F,4,away_runs,0.33575756710654936,167
NYY,temp,80-96°F,5,away_runs,0.3177934952502621,167
NYY,temp,36-61°F,1,away_home_runs,-0.1804556354916067,168
NYY,temp,61-69°F,2,away_home_runs,-0.0063039388848202815,168
NYY,temp,69-75°F,3,away_home_runs,-0.022825113403253106,169
NYY,temp,75-80°F,4,away_home_runs,-0.004752824246626819,167
NYY,temp,80-96°F,5,away_home_runs,0.2152529473427247,167
NYY,temp,36-61°F,1,away_strikeouts,0.3998372730387114,168
NYY,temp,61-69°F,2,away_strikeouts,-0.229368600927641,168
NYY,temp,69-75°F,3,away_strikeouts,0.07962786397388122,169
NYY,temp,75-80°F,4,away_strikeouts,-0.19145647337551708,167
NYY,temp,80-96°F,5,away_strikeouts,-0.061703930268958374,167
NYY,temp,36-61°F,1,away_walks,0.09416752312435772,168
NYY,temp,61-69°F,2,away_walks,-0.037105644825456974,168
NYY,temp,69-75°F,3,away_walks,-0.043454393112016376,169
NYY,temp,75-80°F,4,away_walks,0.09509982375545345,167
NYY,temp,80-96°F,5,away_walks,-0.1089619322506068,167
NYY,temp,36-61°F,1,away_hr_h_ratio,-0.008209536656389183,168
NYY,temp,61-69°F,2,away_hr_h_ratio,-0.004757087982308783,168
NYY,temp,69-75°F,3,away_hr_h_ratio,-0.006274489324203297,169
NYY,temp,75-80°F,4,away_hr_h_ratio,-0.00514015197480569,167
NYY,temp,80-96°F,5,away_hr_h_ratio,0.024362073694337932,167
NYY,wspd,1-5 mph,1,away_runs,-0.21148515674806712,172
NYY,wspd,5-6 mph,2,away_runs,0.03486822153733282,169
NYY,wspd,6-8 mph,3,away_runs,0.2419688132533091,169
NYY,wspd,8-10 mph,4,away_runs,-0.21361573597672479,161
NYY,wspd,10-21 mph,5,away_runs,0.14275072365060382,168
NYY,wspd,1-5 mph,1,away_home_runs,0.003652891640176348,172
NYY,wspd,5-6 mph,2,away_home_runs,0.13502055498458376,169
NYY,wspd,6-8 mph,3,away_home_runs,-0.07926515930113043,169
NYY,wspd,8-10 mph,4,away_home_runs,-0.08024466502747152,161
NYY,wspd,10-21 mph,5,away_home_runs,0.015972935936964694,168
NYY,wspd,1-5 mph,1,away_strikeouts,-0.4530143327198708,172
NYY,wspd,5-6 mph,2,away_strikeouts,0.006980130181569066,169
NYY,wspd,6-8 mph,3,away_strikeouts,0.012932511133950442,169
NYY,wspd,8-10 mph,4,away_strikeouts,-0.016452660656286255,161
NYY,wspd,10-21 mph,5,away_strikeouts,0.4593610825625216,168
NYY,wspd,1-5 mph,1,away_walks,-0.14019017344264117,172
NYY,wspd,5-6 mph,2,away_walks,0.04654847550530983,169
NYY,wspd,6-8 mph,3,away_walks,-0.1022610483042139,169
NYY,wspd,8-10 mph,4,away_walks,0.010457456819354505,161
NYY,wspd,10-21 mph,5,away_walks,0.18940561836245262,168
NYY,wspd,1-5 mph,1,away_hr_h_ratio,-0.0028085815068875086,172
NYY,wspd,5-6 mph,2,away_hr_h_ratio,0.014939272867420333,169
NYY,wspd,6-8 mph,3,away_hr_h_ratio,-0.007230369989722513,169
NYY,wspd,8-10 mph,4,away_hr_h_ratio,-0.0028317563670582635,161
NYY,wspd,10-21 mph,5,away_hr_h_ratio,-0.0021702509421034633,168
NYY,rhum,23-48%,1,away_runs,-0.0952744864334294,170
NYY,rhum,48-61%,2,away_runs,-0.19180177204646975,166
NYY,rhum,61-71%,3,away_runs,0.23605165348999524,169
NYY,rhum,71-82%,4,away_runs,-0.21219915103611253,171
NYY,rhum,82-98%,5,away_runs,0.27257105669179627,163
NYY,rhum,23-48%,1,away_home_runs,-0.010847792354351737,170
NYY,rhum,48-61%,2,away_home_runs,-0.013788968824939962,166
NYY,rhum,61-71%,3,away_home_runs,0.09715777673719028,169
NYY,rhum,71-82%,4,away_home_runs,-0.028494851177881086,171
NYY,rhum,82-98%,5,away_home_runs,-0.0463976644771138,163
NYY,rhum,23-48%,1,away_strikeouts,0.41839469600789947,170
NYY,rhum,48-61%,2,away_strikeouts,0.1845352985903954,166
NYY,rhum,61-71%,3,away_strikeouts,-0.5464504136335897,169
NYY,rhum,71-82%,4,away_strikeouts,0.03604175483142846,171
NYY,rhum,82-98%,5,away_strikeouts,-0.09421034600890721,163
NYY,rhum,23-48%,1,away_walks,-0.030272252786006426,170
NYY,rhum,48-61%,2,away_walks,-0.07467684389074103,166
NYY,rhum,61-71%,3,away_walks,0.004952251216777892,169
NYY,rhum,71-82%,4,away_walks,0.12266892368458171,171
NYY,rhum,82-98%,5,away_walks,-0.02669169012616024,163
NYY,rhum,23-48%,1,away_hr_h_ratio,0.001872123007476384,170
NYY,rhum,48-61%,2,away_hr_h_ratio,0.007201656723401756,166
NYY,rhum,61-71%,3,away_hr_h_ratio,0.007067037730762116,169
NYY,rhum,71-82%,4,away_hr_h_ratio,-0.0010331711101706775,171
NYY,rhum,82-98%,5,away_hr_h_ratio,-0.015639893799246324,163
NYY,pres,993-1009 hPa,1,away_runs,0.015871024402484224,171
NYY,pres,1009-1013 hPa,2,away_runs,0.29012593879690396,166
NYY,pres,1013-1016 hPa,3,away_runs,0.14489358079346104,175
NYY,pres,1016-1020 hPa,4,away_runs,-0.028042440240719557,163
NYY,pres,1020-1030 hPa,5,away_runs,-0.43695310910200913,164
NYY,pres,993-1009 hPa,1,away_home_runs,0.035612228779850374,171
NYY,pres,1009-1013 hPa,2,away_home_runs,0.08560862153650572,166
NYY,pres,1013-1016 hPa,3,away_home_runs,0.052302985198048546,175
NYY,pres,1016-1020 hPa,4,away_home_runs,0.018419620132115178,163
NYY,pres,1020-1030 hPa,5,away_home_runs,-0.19671579809323259,164
NYY,pres,993-1009 hPa,1,away_strikeouts,0.3993739140424193,171
NYY,pres,1009-1013 hPa,2,away_strikeouts,-0.11916731674901015,166
NYY,pres,1013-1016 hPa,3,away_strikeouts,-0.045770280327461776,175
NYY,pres,1016-1020 hPa,4,away_strikeouts,-0.30192287887481406,163
NYY,pres,1020-1030 hPa,5,away_strikeouts,0.06258407907820107,164
NYY,pres,993-1009 hPa,1,away_walks,0.06469076236017157,171
NYY,pres,1009-1013 hPa,2,away_walks,-0.03140620034093233,166
NYY,pres,1013-1016 hPa,3,away_walks,-0.08666170511866378,175
NYY,pres,1016-1020 hPa,4,away_walks,0.078136263994939,163
NYY,pres,1020-1030 hPa,5,away_walks,-0.019798795110253398,164
NYY,pres,993-1009 hPa,1,away_hr_h_ratio,0.002273450939846905,171
NYY,pres,1009-1013 hPa,2,away_hr_h_ratio,0.00574177573603768,166
NYY,pres,1013-1016 hPa,3,away_hr_h_ratio,0.00117061523195236,175
NYY,pres,1016-1020 hPa,4,away_hr_h_ratio,0.0046781605390534,163
NYY,pres,1020-1030 hPa,5,away_hr_h_ratio,-0.014018465227817772,164
PHI,temp,41-64°F,1,away_runs,-0.2908044363330058,170
PHI,temp,64-73°F,2,away_runs,-0.08046575540608991,165
PHI,temp,73-77°F,3,away_runs,-0.11245427970230626,169
PHI,temp,77-82°F,4,away_runs,0.1989714740311399,168
PHI,temp,82-97°F,5,away_runs,0.2909106593438189,166
PHI,temp,41-64°F,1,away_home_runs,-0.3238829185520361,170
PHI,temp,64-73°F,2,away_home_runs,-0.020080909943714698,165
PHI,temp,73-77°F,3,away_home_runs,-0.06093821971441726,169
PHI,temp,77-82°F,4,away_home_runs,0.13323968952734022,168
PHI,temp,82-97°F,5,away_home_runs,0.28128642191142195,166
PHI,temp,41-64°F,1,away_strikeouts,0.22116798642533908,170
PHI,temp,64-73°F,2,away_strikeouts,0.19878635084427643,165
PHI,temp,73-77°F,3,away_strikeouts,-0.28682778673422504,169
PHI,temp,77-82°F,4,away_strikeouts,0.031727873030583,168
PHI,temp,82-97°F,5,away_strikeouts,-0.16706730769230838,166
PHI,temp,41-64°F,1,away_walks,0.2166572398190043,170
PHI,temp,64-73°F,2,away_walks,-0.025738742964352745,165
PHI,temp,73-77°F,3,away_walks,-0.004159949332104951,169
PHI,temp,77-82°F,4,away_walks,0.0790952270620946,168
PHI,temp,82-97°F,5,away_walks,-0.2730040792540791,166
PHI,temp,41-64°F,1,away_hr_h_ratio,-0.03554353082749345,170
PHI,temp,64-73°F,2,away_hr_h_ratio,-0.0036996140412667855,165
PHI,temp,73-77°F,3,away_hr_h_ratio,0.0017229432831088742,169
PHI,temp,77-82°F,4,away_hr_h_ratio,0.0009020609513867572,168
PHI,temp,82-97°F,5,away_hr_h_ratio,0.0378759957148308,166
PHI,wspd,1-4 mph,1,away_runs,-0.15387439804550151,169
PHI,wspd,4-6 mph,2,away_runs,0.022564547624212672,176
PHI,wspd,6-7 mph,3,away_runs,0.0933355487749612,158
PHI,wspd,7-9 mph,4,away_runs,0.08587623593590177,168
PHI,wspd,9-20 mph,5,away_runs,-0.04275935003501363,167
PHI,wspd,1-4 mph,1,away_home_runs,0.1138128698224854,169
PHI,wspd,4-6 mph,2,away_home_runs,-0.001367705570291644,176
PHI,wspd,6-7 mph,3,away_home_runs,0.03245192307692313,158
PHI,wspd,7-9 mph,4,away_home_runs,0.026957417582417653,168
PHI,wspd,9-20 mph,5,away_home_runs,-0.17325903263403264,167
PHI,wspd,1-4 mph,1,away_strikeouts,0.2116309171597628,169
PHI,wspd,4-6 mph,2,away_strikeouts,-0.6153431697612746,176
PHI,wspd,6-7 mph,3,away_strikeouts,-0.07091346153846168,158
PHI,wspd,7-9 mph,4,away_strikeouts,0.1245993589743577,168
PHI,wspd,9-20 mph,5,away_strikeouts,0.3723266317016307,167
PHI,wspd,1-4 mph,1,away_walks,-0.043454142011834396,169
PHI,wspd,4-6 mph,2,away_walks,-0.03141578249336874,176
PHI,wspd,6-7 mph,3,away_walks,0.028044871794871806,158
PHI,wspd,7-9 mph,4,away_walks,-0.13404304029304015,168
PHI,wspd,9-20 mph,5,away_walks,0.18760198135198136,167
PHI,wspd,1-4 mph,1,away_hr_h_ratio,0.017096510940693116,169
PHI,wspd,4-6 mph,2,away_hr_h_ratio,-0.00727840574297689,176
PHI,wspd,6-7 mph,3,away_hr_h_ratio,-0.006574460618764794,158
PHI,wspd,7-9 mph,4,away_hr_h_ratio,0.012542386539453304,168
PHI,wspd,9-20 mph,5,away_hr_h_ratio,-0.016429983590416808,167
PHI,rhum,16-44%,1,away_runs,-0.3964779483413601,169
PHI,rhum,44-55%,2,away_runs,0.24466579966558477,167
PHI,rhum,55-65%,3,away_runs,0.5446272802132617,171
PHI,rhum,65-78%,4,away_runs,-0.11076878570912019,165
PHI,rhum,78-97%,5,away_runs,-0.29342669005377164,166
PHI,rhum,16-44%,1,away_home_runs,-0.12579645505097292,169
PHI,rhum,44-55%,2,away_home_runs,-0.0035620629370627377,167
PHI,rhum,55-65%,3,away_home_runs,0.2552364484930276,171
PHI,rhum,65-78%,4,away_home_runs,-0.007885787992495175,165
PHI,rhum,78-97%,5,away_home_runs,-0.12579645505097292,166
PHI,rhum,16-44%,1,away_strikeouts,0.07992064411492095,169
PHI,rhum,44-55%,2,away_strikeouts,-0.12464306526806546,167
PHI,rhum,55-65%,3,away_strikeouts,-0.12028368196131467,171
PHI,rhum,65-78%,4,away_strikeouts,0.07073757035647255,165
PHI,rhum,78-97%,5,away_strikeouts,0.09799293327154679,166
PHI,rhum,16-44%,1,away_walks,-0.16186862835959248,169
PHI,rhum,44-55%,2,away_walks,0.369420163170163,167
PHI,rhum,55-65%,3,away_walks,-0.2806595816464239,171
PHI,rhum,65-78%,4,away_walks,0.13279784240150105,165
PHI,rhum,78-97%,5,away_walks,-0.047410797034291186,166
PHI,rhum,16-44%,1,away_hr_h_ratio,-0.0030378623782956193,169
PHI,rhum,44-55%,2,away_hr_h_ratio,-0.0064639229843562185,167
PHI,rhum,55-65%,3,away_hr_h_ratio,0.015503445436696434,171
PHI,rhum,65-78%,4,away_hr_h_ratio,-0.0027996140412667736,165
PHI,rhum,78-97%,5,away_hr_h_ratio,-0.0037599872413843216,166
PHI,pres,992-1010 hPa,1,away_runs,-0.05625836356864067,173
PHI,pres,1010-1014 hPa,2,away_runs,0.308759833819499,162
PHI,pres,1014-1017 hPa,3,away_runs,0.1394476645073297,168
PHI,pres,1017-1020 hPa,4,away_runs,-0.1105523354926703,168
PHI,pres,1020-1032 hPa,5,away_runs,-0.2703042602146546,167
PHI,pres,992-1010 hPa,1,away_home_runs,-0.03284324686940954,173
PHI,pres,1010-1014 hPa,2,away_home_runs,-0.002545688007644431,162
PHI,pres,1014-1017 hPa,3,away_home_runs,0.13926378591288247,168
PHI,pres,1017-1020 hPa,4,away_home_runs,0.016906091662828304,168
PHI,pres,1020-1032 hPa,5,away_home_runs,-0.1197723586654309,167
PHI,pres,992-1010 hPa,1,away_strikeouts,-0.021718470483005348,173
PHI,pres,1010-1014 hPa,2,away_strikeouts,-0.2043343884376494,162
PHI,pres,1014-1017 hPa,3,away_strikeouts,-0.07670586190917561,168
PHI,pres,1017-1020 hPa,4,away_strikeouts,0.18023808152924836,168
PHI,pres,1020-1032 hPa,5,away_strikeouts,0.11606522242817441,167
PHI,pres,992-1010 hPa,1,away_walks,-0.14428667262969608,173
PHI,pres,1010-1014 hPa,2,away_walks,0.3431826325848064,162
PHI,pres,1014-1017 hPa,3,away_walks,0.05499884151992562,168
PHI,pres,1017-1020 hPa,4,away_walks,-0.2436809074159374,168
PHI,pres,1020-1032 hPa,5,away_walks,0.006806070435588563,167
PHI,pres,992-1010 hPa,1,away_hr_h_ratio,-0.008095969767981936,173
PHI,pres,1010-1014 hPa,2,away_hr_h_ratio,0.0008639445104678123,162
PHI,pres,1014-1017 hPa,3,away_hr_h_ratio,0.011017723601989188,168
PHI,pres,1017-1020 hPa,4,away_hr_h_ratio,0.006658272624426226,168
PHI,pres,1020-1032 hPa,5,away_hr_h_ratio,-0.010214204108854208,167
PIT,temp,34-64°F,1,away_runs,-0.06786843769766016,170
PIT,temp,64-71°F,2,away_runs,-0.09439186143841383,167
PIT,temp,71-75°F,3,away_runs,-0.027761485826002463,165
PIT,temp,75-79°F,4,away_runs,0.3849335114843795,169
PIT,temp,79-94°F,5,away_runs,-0.19983158440212456,166
PIT,temp,34-64°F,1,away_home_runs,-0.13716995823600187,170
PIT,temp,64-71°F,2,away_home_runs,0.016905165789511845,167
PIT,temp,71-75°F,3,away_home_runs,-0.055827482595438904,165
PIT,temp,75-79°F,4,away_home_runs,0.17829323302852784,169
PIT,temp,79-94°F,5,away_home_runs,-0.0009845749917951618,166
PIT,temp,34-64°F,1,away_strikeouts,0.18994124725702655,170
PIT,temp,64-71°F,2,away_strikeouts,-0.27561509576210863,167
PIT,temp,71-75°F,3,away_strikeouts,-0.10450119229548172,165
PIT,temp,75-79°F,4,away_strikeouts,-0.023901655173407477,169
PIT,temp,79-94°F,5,away_strikeouts,0.2090143310359931,166
PIT,temp,34-64°F,1,away_walks,0.1222977277553623,170
PIT,temp,64-71°F,2,away_walks,-0.09853855856639537,167
PIT,temp,71-75°F,3,away_walks,0.09988704569112539,165
PIT,temp,75-79°F,4,away_walks,0.020536544240040033,169
PIT,temp,79-94°F,5,away_walks,-0.1463297232250298,166
PIT,temp,34-64°F,1,away_hr_h_ratio,-0.015765054151624547,170
PIT,temp,64-71°F,2,away_hr_h_ratio,0.0013461506676525764,167
PIT,temp,71-75°F,3,away_hr_h_ratio,-0.0024246860534650333,165
PIT,temp,75-79°F,4,away_hr_h_ratio,0.013135065608854496,169
PIT,temp,79-94°F,5,away_hr_h_ratio,0.0039894913029208945,166
PIT,wspd,1-3 mph,1,away_runs,0.34312596006144336,168
PIT,wspd,3-5 mph,2,away_runs,-0.13630802910308493,167
PIT,wspd,5-6 mph,3,away_runs,-0.13845667299177755,170
PIT,wspd,6-8 mph,4,away_runs,-0.2841689337997151,166
PIT,wspd,8-19 mph,5,away_runs,0.21583106620028492,166
PIT,wspd,1-3 mph,1,away_home_runs,0.10561715660993642,168
PIT,wspd,3-5 mph,2,away_home_runs,-0.10357676192133147,167
PIT,wspd,5-6 mph,3,away_home_runs,-0.043121924821452606,170
PIT,wspd,6-8 mph,4,away_home_runs,0.017792149306401495,166
PIT,wspd,8-19 mph,5,away_home_runs,0.023257849250629015,166
PIT,wspd,1-3 mph,1,away_strikeouts,0.010529482551143943,168
PIT,wspd,3-5 mph,2,away_strikeouts,0.2966740608643974,167
PIT,wspd,5-6 mph,3,away_strikeouts,-0.14479596123583782,170
PIT,wspd,6-8 mph,4,away_strikeouts,-0.2762803333997761,166
PIT,wspd,8-19 mph,5,away_strikeouts,0.1120446340662955,166
PIT,wspd,1-3 mph,1,away_walks,-0.010615437510744119,168
PIT,wspd,3-5 mph,2,away_walks,0.100256622156496,167
PIT,wspd,5-6 mph,3,away_walks,0.04144147993078873,170
PIT,wspd,6-8 mph,4,away_walks,0.032402383114438216,166
PIT,wspd,8-19 mph,5,away_walks,-0.16451154140684832,166
PIT,wspd,1-3 mph,1,away_hr_h_ratio,0.004512802991232606,168
PIT,wspd,3-5 mph,2,away_hr_h_ratio,-0.01261770475403419,167
PIT,wspd,5-6 mph,3,away_hr_h_ratio,-0.00041097131138785603,170
PIT,wspd,6-8 mph,4,away_hr_h_ratio,0.009321326216473622,166
PIT,wspd,8-19 mph,5,away_hr_h_ratio,-0.0006880844546548609,166
PIT,rhum,22-48%,1,away_runs,0.2178507054509291,173
PIT,rhum,48-58%,2,away_runs,-0.5550342130987298,165
PIT,rhum,58-68%,3,away_runs,0.017035885477392654,166
PIT,rhum,68-79%,4,away_runs,0.2267839687194524,165
PIT,rhum,79-99%,5,away_runs,0.0812211981566815,168
PIT,rhum,22-48%,1,away_home_runs,-0.01959169886207679,173
PIT,rhum,48-58%,2,away_home_runs,-0.13494614188019127,165
PIT,rhum,58-68%,3,away_home_runs,0.023590443485662416,166
PIT,rhum,68-79%,4,away_home_runs,0.07780330379608369,165
PIT,rhum,79-99%,5,away_home_runs,0.052544730034515874,168
PIT,rhum,22-48%,1,away_strikeouts,0.6552663246564077,173
PIT,rhum,48-58%,2,away_strikeouts,0.17516362889260684,165
PIT,rhum,58-68%,3,away_strikeouts,-0.12361685891227125,166
PIT,rhum,68-79%,4,away_strikeouts,-0.5303796083579471,165
PIT,rhum,79-99%,5,away_strikeouts,-0.19755434978418585,168
PIT,rhum,22-48%,1,away_walks,0.23144805455274797,173
PIT,rhum,48-58%,2,away_walks,-0.09104517037950144,165
PIT,rhum,58-68%,3,away_walks,-0.005679316720964778,166
PIT,rhum,68-79%,4,away_walks,0.11427633738103049,165
PIT,rhum,79-99%,5,away_walks,-0.2549125575563673,168
PIT,rhum,22-48%,1,away_hr_h_ratio,0.0032838347372643323,173
PIT,rhum,48-58%,2,away_hr_h_ratio,-0.0025355419565025877,165
PIT,rhum,58-68%,3,away_hr_h_ratio,-0.003495907810161139,166
PIT,rhum,68-79%,4,away_hr_h_ratio,0.007311309484739084,165
PIT,rhum,79-99%,5,away_hr_h_ratio,-0.0046631379839598835,168
PIT,pres,968-985 hPa,1,away_runs,0.11717357910906223,175
PIT,pres,985-988 hPa,2,away_runs,0.33717357910906287,168
PIT,pres,988-990 hPa,3,away_runs,-0.1951714343680262,159
PIT,pres,990-993 hPa,4,away_runs,-0.006602527824939308,171
PIT,pres,993-1005 hPa,5,away_runs,-0.27432467873065836,164
PIT,pres,968-985 hPa,1,away_home_runs,-0.01945328576819816,175
PIT,pres,985-988 hPa,2,away_home_runs,0.06990287089565084,168
PIT,pres,988-990 hPa,3,away_home_runs,-0.05015552982312732,159
PIT,pres,990-993 hPa,4,away_home_runs,0.1032153186817828,171
PIT,pres,993-1005 hPa,5,away_home_runs,-0.11055589797775223,164
PIT,pres,968-985 hPa,1,away_strikeouts,0.20431646479966403,175
PIT,pres,985-988 hPa,2,away_strikeouts,-0.3525657555440942,168
PIT,pres,988-990 hPa,3,away_strikeouts,-0.0633698885180376,159
PIT,pres,990-993 hPa,4,away_strikeouts,-0.1517512192032413,171
PIT,pres,993-1005 hPa,5,away_strikeouts,0.3702855801121192,164
PIT,pres,968-985 hPa,1,away_walks,-0.23074786918163737,175
PIT,pres,985-988 hPa,2,away_walks,0.07271789582258892,168
PIT,pres,988-990 hPa,3,away_walks,0.19580864155484434,159
PIT,pres,990-993 hPa,4,away_walks,-0.04340574661684293,171
PIT,pres,993-1005 hPa,5,away_walks,0.01871092718147427,164
PIT,pres,968-985 hPa,1,away_hr_h_ratio,0.0010547091619849264,175
PIT,pres,985-988 hPa,2,away_hr_h_ratio,0.0022735172769468848,168
PIT,pres,988-990 hPa,3,away_hr_h_ratio,-0.00836543151011511,159
PIT,pres,990-993 hPa,4,away_hr_h_ratio,0.012324770409778973,171
PIT,pres,993-1005 hPa,5,away_hr_h_ratio,-0.008156273663819671,164
SD,temp,53-63°F,1,away_runs,-0.05108502214190125,173
SD,temp,63-67°F,2,away_runs,-0.025501635286837576,162
SD,temp,67-70°F,3,away_runs,0.1762640839207421,172
SD,temp,70-74°F,4,away_runs,-0.21537222877188889,166
SD,temp,74-90°F,5,away_runs,0.11153540175019927,165
SD,temp,53-63°F,1,away_home_runs,0.016182520359331765,173
SD,temp,63-67°F,2,away_home_runs,-0.05162224930442183,162
SD,temp,67-70°F,3,away_home_runs,0.028796419448138932,172
SD,temp,70-74°F,4,away_home_runs,-0.1709147057544257,166
SD,temp,74-90°F,5,away_home_runs,0.17435729132480038,165
SD,temp,53-63°F,1,away_strikeouts,0.08712534631852975,173
SD,temp,63-67°F,2,away_strikeouts,-0.37499137712984876,162
SD,temp,67-70°F,3,away_strikeouts,0.0011400342010272624,172
SD,temp,70-74°F,4,away_strikeouts,0.127963116001915,166
SD,temp,74-90°F,5,away_strikeouts,0.1360682638660986,165
SD,temp,53-63°F,1,away_walks,-0.09640248509780847,173
SD,temp,63-67°F,2,away_walks,0.09767987307135151,162
SD,temp,67-70°F,3,away_walks,0.10728988536322781,172
SD,temp,70-74°F,4,away_walks,-0.006111086947066191,166
SD,temp,74-90°F,5,away_walks,-0.09749480363198781,165
SD,temp,53-63°F,1,away_hr_h_ratio,0.002551240450004183,173
SD,temp,63-67°F,2,away_hr_h_ratio,-0.007998992848766345,162
SD,temp,67-70°F,3,away_hr_h_ratio,-0.004289066227542382,172
SD,temp,70-74°F,4,away_hr_h_ratio,-0.020308124918446357,166
SD,temp,74-90°F,5,away_hr_h_ratio,0.02982792473471174,165
SD,wspd,1-5 mph,1,away_runs,-0.28303824166065317,172
SD,wspd,5-7 mph,2,away_runs,0.3732778259926235,176
SD,wspd,7-8 mph,3,away_runs,-0.4652578471949482,158
SD,wspd,8-10 mph,4,away_runs,0.08155512561607736,169
SD,wspd,10-22 mph,5,away_runs,0.26204664919396237,163
SD,wspd,1-5 mph,1,away_home_runs,-0.1291663168499706,172
SD,wspd,5-7 mph,2,away_home_runs,-0.037937080969572046,176
SD,wspd,7-8 mph,3,away_home_runs,-0.0831019161344071,158
SD,wspd,8-10 mph,4,away_home_runs,0.144920061887571,169
SD,wspd,10-22 mph,5,away_home_runs,0.1092057761732852,163
SD,wspd,1-5 mph,1,away_strikeouts,-0.37217697926286597,172
SD,wspd,5-7 mph,2,away_strikeouts,0.08775657555441008,176
SD,wspd,7-8 mph,3,away_strikeouts,0.309844487642323,158
SD,wspd,8-10 mph,4,away_strikeouts,-0.292719614921781,169
SD,wspd,10-22 mph,5,away_strikeouts,0.30936371841155363,163
SD,wspd,1-5 mph,1,away_walks,-0.038262950214087876,172
SD,wspd,5-7 mph,2,away_walks,0.16934502320783906,176
SD,wspd,7-8 mph,3,away_walks,-0.08164398778117166,158
SD,wspd,8-10 mph,4,away_walks,-0.011131167268351394,169
SD,wspd,10-22 mph,5,away_walks,-0.05279783393501791,163
SD,wspd,1-5 mph,1,away_hr_h_ratio,-0.007707480480228346,172
SD,wspd,5-7 mph,2,away_hr_h_ratio,-0.009011174832387836,176
SD,wspd,7-8 mph,3,away_hr_h_ratio,-0.005506317689530693,158
SD,wspd,8-10 mph,4,away_hr_h_ratio,0.013266301358088373,169
SD,wspd,10-22 mph,5,away_hr_h_ratio,0.009580557310469334,163
SD,rhum,13-62%,1,away_runs,0.05663344096588574,170
SD,rhum,62-69%,2,away_runs,-0.03464933720562424,166
SD,rhum,69-75%,3,away_runs,-0.21658377888294789,179
SD,rhum,75-79%,4,away_runs,0.184491376592967,159
SD,rhum,79-93%,5,away_runs,0.03389312532743549,164
SD,rhum,13-62%,1,away_home_runs,0.07349149045899939,170
SD,rhum,62-69%,2,away_home_runs,0.022842139809648776,166
SD,rhum,69-75%,3,away_home_runs,-0.005962763152557393,179
SD,rhum,75-79%,4,away_home_runs,0.032282699250208324,159
SD,rhum,79-93%,5,away_home_runs,-0.12250154089988552,164
SD,rhum,13-62%,1,away_strikeouts,0.11799467079250547,170
SD,rhum,62-69%,2,away_strikeouts,-0.11847719067935536,166
SD,rhum,69-75%,3,away_strikeouts,0.07151259481604733,179
SD,rhum,75-79%,4,away_strikeouts,-0.10682217902434488,159
SD,rhum,79-93%,5,away_strikeouts,0.022321035484724305,164
SD,rhum,13-62%,1,away_walks,0.0007735946364104684,170
SD,rhum,62-69%,2,away_walks,0.05402034788316401,166
SD,rhum,69-75%,3,away_walks,-0.040157384496815496,179
SD,rhum,75-79%,4,away_walks,0.07220216606498209,159
SD,rhum,79-93%,5,away_walks,-0.08023685832526173,164
SD,rhum,13-62%,1,away_hr_h_ratio,0.00932106326285026,170
SD,rhum,62-69%,2,away_hr_h_ratio,-0.0019460146592276406,166
SD,rhum,69-75%,3,away_hr_h_ratio,0.003731322759907507,179
SD,rhum,75-79%,4,away_hr_h_ratio,0.0035052207720077666,159
SD,rhum,79-93%,5,away_hr_h_ratio,-0.014974610372457509,164
SD,pres,1001-1010 hPa,1,away_runs,0.26251579390706237,170
SD,pres,1010-1012 hPa,2,away_runs,-0.29798840777361013,175
SD,pres,1012-1013 hPa,3,away_runs,-0.0032325307392522262,158
SD,pres,1013-1014 hPa,4,away_runs,0.06839814684823864,170
SD,pres,1014-1023 hPa,5,away_runs,-0.02179793158313359,165
SD,pres,1001-1010 hPa,1,away_home_runs,0.10772648623245673,170
SD,pres,1010-1012 hPa,2,away_home_runs,-0.07757583302211701,175
SD,pres,1012-1013 hPa,3,away_home_runs,0.0057025914599093674,158
SD,pres,1013-1014 hPa,4,away_home_runs,0.018029305585050004,170
SD,pres,1014-1023 hPa,5,away_home_runs,-0.05383770208758443,165
SD,pres,1001-1010 hPa,1,away_strikeouts,-0.19755196206181935,170
SD,pres,1010-1012 hPa,2,away_strikeouts,0.06072866094028839,175
SD,pres,1012-1013 hPa,3,away_strikeouts,-0.34314424337188676,158
SD,pres,1013-1014 hPa,4,away_strikeouts,0.40237842429390547,170
SD,pres,1014-1023 hPa,5,away_strikeouts,0.05148328362894361,165
SD,pres,1001-1010 hPa,1,away_walks,0.018947728195159552,170
SD,pres,1010-1012 hPa,2,away_walks,-0.15768289140628244,175
SD,pres,1012-1013 hPa,3,away_walks,0.09131044631975938,158
SD,pres,1013-1014 hPa,4,away_walks,0.04279040135909984,170
SD,pres,1014-1023 hPa,5,away_walks,0.01630154494696967,165
SD,pres,1001-1010 hPa,1,away_hr_h_ratio,0.024193386452481175,170
SD,pres,1010-1012 hPa,2,away_hr_h_ratio,-0.01822298435619736,175
SD,pres,1012-1013 hPa,3,away_hr_h_ratio,-0.00672255972774724,158
SD,pres,1013-1014 hPa,4,away_hr_h_ratio,0.0018148587810575545,170
SD,pres,1014-1023 hPa,5,away_hr_h_ratio,-0.001061907751642499,165
SEA,temp,43-57°F,1,away_runs,-0.11471667520054574,168
SEA,temp,57-62°F,2,away_runs,-0.35008082085880954,170
SEA,temp,62-67°F,3,away_runs,0.17630064081676977,165
SEA,temp,67-72°F,4,away_runs,-0.006896601063107077,167
SEA,temp,72-86°F,5,away_runs,0.3044806444458752,167
SEA,temp,43-57°F,1,away_home_runs,-0.15180722891566267,168
SEA,temp,57-62°F,2,away_home_runs,-0.055421686746987886,170
SEA,temp,62-67°F,3,away_home_runs,0.10553923009109623,165
SEA,temp,67-72°F,4,away_home_runs,0.02722025827862362,167
SEA,temp,72-86°F,5,away_home_runs,0.07512444989539002,167
SEA,temp,43-57°F,1,away_strikeouts,0.22650602409638587,168
SEA,temp,57-62°F,2,away_strikeouts,0.06385542168674618,170
SEA,temp,62-67°F,3,away_strikeouts,-0.14419629738466,165
SEA,temp,67-72°F,4,away_strikeouts,-0.13338864439795195,167
SEA,temp,72-86°F,5,away_strikeouts,-0.013628165356035282,167
SEA,temp,43-57°F,1,away_walks,0.27831325301204846,168
SEA,temp,57-62°F,2,away_walks,-0.05903614457831319,170
SEA,temp,62-67°F,3,away_walks,-0.07703496914487218,165
SEA,temp,67-72°F,4,away_walks,-0.09810259000072108,167
SEA,temp,72-86°F,5,away_walks,-0.044210374431858934,167
SEA,temp,43-57°F,1,away_hr_h_ratio,-0.00999437193890157,168
SEA,temp,57-62°F,2,away_hr_h_ratio,-0.003377504469022047,170
SEA,temp,62-67°F,3,away_hr_h_ratio,-0.0020799288004942906,165
SEA,temp,67-72°F,4,away_hr_h_ratio,0.007983266759605034,167
SEA,temp,72-86°F,5,away_hr_h_ratio,0.0073953870972430225,167
SEA,wspd,0-4 mph,1,away_runs,-0.030273575926938356,177
SEA,wspd,4-6 mph,2,away_runs,0.012664277180406636,165
SEA,wspd,6-8 mph,3,away_runs,-0.21326164874551967,162
SEA,wspd,8-9 mph,4,away_runs,0.42424112348779186,167
SEA,wspd,9-22 mph,5,away_runs,-0.1989823091649754,166
SEA,wspd,0-4 mph,1,away_home_runs,-0.005629296848410625,177
SEA,wspd,4-6 mph,2,away_home_runs,0.01572178283686898,165
SEA,wspd,6-8 mph,3,away_home_runs,-0.09893736436428946,162
SEA,wspd,8-9 mph,4,away_home_runs,0.10161135338901617,167
SEA,wspd,9-22 mph,5,away_home_runs,-0.013253012048192625,166
SEA,wspd,0-4 mph,1,away_strikeouts,0.22014158328228106,177
SEA,wspd,4-6 mph,2,away_strikeouts,-0.2930815285682602,165
SEA,wspd,6-8 mph,3,away_strikeouts,-0.09329491880565755,162
SEA,wspd,8-9 mph,4,away_strikeouts,-0.20105698869095967,167
SEA,wspd,9-22 mph,5,away_strikeouts,0.34096385542168584,166
SEA,wspd,0-4 mph,1,away_walks,0.17957933428629813,177
SEA,wspd,4-6 mph,2,away_walks,-0.07393007613275149,165
SEA,wspd,6-8 mph,3,away_walks,-0.11729402080371143,162
SEA,wspd,8-9 mph,4,away_walks,0.09171409564638955,167
SEA,wspd,9-22 mph,5,away_walks,-0.0951807228915662,166
SEA,wspd,0-4 mph,1,away_hr_h_ratio,-0.005082381604683328,177
SEA,wspd,4-6 mph,2,away_hr_h_ratio,0.009878698119108242,165
SEA,wspd,6-8 mph,3,away_hr_h_ratio,-0.021346100592646994,162
SEA,wspd,8-9 mph,4,away_hr_h_ratio,0.005330186417222327,167
SEA,wspd,9-22 mph,5,away_hr_h_ratio,0.011247796735797233,166
SEA,rhum,27-51%,1,away_runs,-0.025430960914832212,168
SEA,rhum,51-58%,2,away_runs,0.14637639839252703,176
SEA,rhum,58-65%,3,away_runs,-0.12695836432902796,159
SEA,rhum,65-73%,4,away_runs,-0.03191165970322274,169
SEA,rhum,73-97%,5,away_runs,0.02478548930161839,165
SEA,rhum,27-51%,1,away_home_runs,0.019592656339644243,168
SEA,rhum,51-58%,2,away_home_runs,-0.025645438898450834,176
SEA,rhum,58-65%,3,away_home_runs,-0.018548077660962337,159
SEA,rhum,65-73%,4,away_home_runs,0.04340218014916819,169
SEA,rhum,73-97%,5,away_home_runs,-0.01964896623531165,165
SEA,rhum,27-51%,1,away_strikeouts,-0.09614170969592628,168
SEA,rhum,51-58%,2,away_strikeouts,0.026953528399310756,176
SEA,rhum,58-65%,3,away_strikeouts,0.296070907835162,159
SEA,rhum,65-73%,4,away_strikeouts,-0.15566551921973648,169
SEA,rhum,73-97%,5,away_strikeouts,-0.05491596013684408,165
SEA,rhum,27-51%,1,away_walks,-0.17241824440619613,168
SEA,rhum,51-58%,2,away_walks,0.056867469879518406,176
SEA,rhum,58-65%,3,away_walks,0.09202670554830794,159
SEA,rhum,65-73%,4,away_walks,0.012105565117613626,169
SEA,rhum,73-97%,5,away_walks,0.01563290197828371,165
SEA,rhum,27-51%,1,away_hr_h_ratio,0.01189584160990445,168
SEA,rhum,51-58%,2,away_hr_h_ratio,-0.005277852145441991,176
SEA,rhum,58-65%,3,away_hr_h_ratio,-0.007367562791483873,159
SEA,rhum,65-73%,4,away_hr_h_ratio,0.0038939097593198857,169
SEA,rhum,73-97%,5,away_hr_h_ratio,-0.0034595734858300087,165
SEA,pres,1000-1012 hPa,1,away_runs,0.5734485909058966,170
SEA,pres,1012-1014 hPa,2,away_runs,-0.33279026827413904,165
SEA,pres,1014-1016 hPa,3,away_runs,0.2397960601261424,172
SEA,pres,1016-1019 hPa,4,away_runs,-0.1999373488358538,164
SEA,pres,1019-1029 hPa,5,away_runs,-0.30741604410473444,166
SEA,pres,1000-1012 hPa,1,away_home_runs,0.18365295501532763,170
SEA,pres,1012-1014 hPa,2,away_home_runs,-0.08348516015280638,165
SEA,pres,1014-1016 hPa,3,away_home_runs,0.07911646586345378,172
SEA,pres,1016-1019 hPa,4,away_home_runs,-0.05176287973981819,164
SEA,pres,1019-1029 hPa,5,away_home_runs,-0.13765245029196538,166
SEA,pres,1000-1012 hPa,1,away_strikeouts,-0.43803379197262515,170
SEA,pres,1012-1014 hPa,2,away_strikeouts,-0.010049955921246578,165
SEA,pres,1014-1016 hPa,3,away_strikeouts,0.1533361516240408,172
SEA,pres,1016-1019 hPa,4,away_strikeouts,-0.15811220341488585,164
SEA,pres,1019-1029 hPa,5,away_strikeouts,0.4615196984256045,166
SEA,pres,1000-1012 hPa,1,away_walks,0.10325800242389693,170
SEA,pres,1012-1014 hPa,2,away_walks,0.0693064942697621,165
SEA,pres,1014-1016 hPa,3,away_walks,-0.021729021348551925,172
SEA,pres,1016-1019 hPa,4,away_walks,-0.25184418656219965,164
SEA,pres,1019-1029 hPa,5,away_walks,0.09784906497154289,166
SEA,pres,1000-1012 hPa,1,away_hr_h_ratio,0.01980087651051743,170
SEA,pres,1012-1014 hPa,2,away_hr_h_ratio,-0.007375335055170323,165
SEA,pres,1014-1016 hPa,3,away_hr_h_ratio,0.0069993608871394275,172
SEA,pres,1016-1019 hPa,4,away_hr_h_ratio,-0.007074721558237795,164
SEA,pres,1019-1029 hPa,5,away_hr_h_ratio,-0.013422574318974007,166
SF,temp,50-57°F,1,away_runs,-0.1563218390804595,87
SF,temp,57-60°F,2,away_runs,0.02758620689655178,87
SF,temp,60-62°F,3,away_runs,-0.3402298850574712,87
SF,temp,62-66°F,4,away_runs,0.17701149425287355,87
SF,temp,66-81°F,5,away_runs,0.2919540229885058,87
SF,temp,50-57°F,1,away_home_runs,0.02596628178023519,87
SF,temp,57-60°F,2,away_home_runs,-0.11685177567530514,87
SF,temp,60-62°F,3,away_home_runs,-0.020545346126741526,87
SF,temp,62-66°F,4,away_home_runs,-0.018406880475846044,87
SF,temp,66-81°F,5,away_home_runs,0.13020704785410664,87
SF,temp,50-57°F,1,away_strikeouts,0.07499864476608664,87
SF,temp,57-60°F,2,away_strikeouts,-0.2799945152886334,87
SF,temp,60-62°F,3,away_strikeouts,-0.06453623895484384,87
SF,temp,62-66°F,4,away_strikeouts,-0.06092757816895755,87
SF,temp,66-81°F,5,away_strikeouts,0.33177019059371915,87
SF,temp,50-57°F,1,away_walks,0.044993765923998286,87
SF,temp,57-60°F,2,away_walks,-0.0879747703277114,87
SF,temp,60-62°F,3,away_walks,0.021737951970509872,87
SF,temp,62-66°F,4,away_walks,0.128928542721646,87
SF,temp,66-81°F,5,away_walks,-0.11150418209241764,87
SF,temp,50-57°F,1,away_hr_h_ratio,0.015805721797582273,87
SF,temp,57-60°F,2,away_hr_h_ratio,-0.014773744686685852,87
SF,temp,60-62°F,3,away_hr_h_ratio,0.0014115357510706417,87
SF,temp,62-66°F,4,away_hr_h_ratio,-0.008718937384454603,87
SF,temp,66-81°F,5,away_hr_h_ratio,0.006278020019196501,87
SF,wspd,4-11 mph,1,away_runs,0.3264367816091953,87
SF,wspd,11-14 mph,2,away_runs,0.07134273772204835,88
SF,wspd,14-16 mph,3,away_runs,0.09655172413793078,87
SF,wspd,16-18 mph,4,away_runs,-0.12183908045976999,86
SF,wspd,18-26 mph,5,away_runs,-0.3747126436781607,87
SF,wspd,4-11 mph,1,away_home_runs,0.0735471425126597,87
SF,wspd,11-14 mph,2,away_home_runs,0.09731934731934722,88
SF,wspd,14-16 mph,3,away_home_runs,-0.10830835830835839,87
SF,wspd,16-18 mph,4,away_home_runs,-0.03687978687978688,86
SF,wspd,18-26 mph,5,away_home_runs,-0.03217325310348573,87
SF,wspd,4-11 mph,1,away_strikeouts,-0.23334137127240595,87
SF,wspd,11-14 mph,2,away_strikeouts,-0.3074009324009328,88
SF,wspd,14-16 mph,3,away_strikeouts,0.16608391608391493,87
SF,wspd,16-18 mph,4,away_strikeouts,0.2375124875124861,86
SF,wspd,18-26 mph,5,away_strikeouts,0.1563939936032952,87
SF,wspd,4-11 mph,1,away_walks,-0.0434852503818024,87
SF,wspd,11-14 mph,2,away_walks,0.09731934731934722,88
SF,wspd,14-16 mph,3,away_walks,0.12112887112887094,87
SF,wspd,16-18 mph,4,away_walks,0.049700299700299766,86
SF,wspd,18-26 mph,5,away_walks,-0.22244809454111802,87
SF,wspd,4-11 mph,1,away_hr_h_ratio,-0.00266031669479945,87
SF,wspd,11-14 mph,2,away_hr_h_ratio,0.004374009324009331,88
SF,wspd,14-16 mph,3,away_hr_h_ratio,-0.014275341325341306,87
SF,wspd,16-18 mph,4,away_hr_h_ratio,0.00626632534132536,86
SF,wspd,18-26 mph,5,away_hr_h_ratio,0.006038279937117155,87
SF,rhum,30-61%,1,away_runs,0.5940700104493208,88
SF,rhum,61-71%,2,away_runs,-0.20049076585302839,89
SF,rhum,71-78%,3,away_runs,0.00038314176245179965,90
SF,rhum,78-83%,4,away_runs,-0.2576415495955726,81
SF,rhum,83-97%,5,away_runs,-0.1563218390804595,87
SF,rhum,30-61%,1,away_home_runs,0.09573372364070032,88
SF,rhum,61-71%,2,away_home_runs,0.11898953759418873,89
SF,rhum,71-78%,3,away_home_runs,-0.12663366595950876,90
SF,rhum,78-83%,4,away_home_runs,-0.05672105672105676,81
SF,rhum,83-97%,5,away_home_runs,-0.029901133349409248,87
SF,rhum,30-61%,1,away_strikeouts,-0.029652518024612107,88
SF,rhum,61-71%,2,away_strikeouts,-0.11104786686182067,89
SF,rhum,71-78%,3,away_strikeouts,0.18200151908017048,90
SF,rhum,78-83%,4,away_strikeouts,0.0025036691703359537,81
SF,rhum,83-97%,5,away_strikeouts,-0.04943332529539468,87
SF,rhum,30-61%,1,away_walks,-0.05965739686669913,88
SF,rhum,61-71%,2,away_walks,-0.024773675936466955,89
SF,rhum,71-78%,3,away_walks,-0.04593907964694477,90
SF,rhum,78-83%,4,away_walks,0.08806008806008814,81
SF,rhum,83-97%,5,away_walks,0.04846877260670368,87
SF,rhum,30-61%,1,away_hr_h_ratio,-0.0002559061093944659,88
SF,rhum,61-71%,2,away_hr_h_ratio,0.006763861332465995,89
SF,rhum,71-78%,3,away_hr_h_ratio,-0.016105919174458486,90
SF,rhum,78-83%,4,away_hr_h_ratio,0.0049319778986445795,81
SF,rhum,83-97%,5,away_hr_h_ratio,0.005451177558074116,87
SF,pres,1002-1010 hPa,1,away_runs,0.26946526736631693,92
SF,pres,1010-1012 hPa,2,away_runs,0.09909115209836994,86
SF,pres,1012-1014 hPa,3,away_runs,-0.4515094101300998,91
SF,pres,1014-1015 hPa,4,away_runs,-0.09652262476356732,79
SF,pres,1015-1024 hPa,5,away_runs,0.17701149425287355,87
SF,pres,1002-1010 hPa,1,away_home_runs,0.044622044622044554,92
SF,pres,1010-1012 hPa,2,away_home_runs,-0.04626354038118752,86
SF,pres,1012-1014 hPa,3,away_home_runs,-0.03449883449883451,91
SF,pres,1014-1015 hPa,4,away_home_runs,-0.03962703962703973,79
SF,pres,1015-1024 hPa,5,away_home_runs,0.07138351844234192,87
SF,pres,1002-1010 hPa,1,away_strikeouts,-0.17915417915417997,92
SF,pres,1010-1012 hPa,2,away_strikeouts,0.16706430824077856,86
SF,pres,1012-1014 hPa,3,away_strikeouts,0.3494172494172485,91
SF,pres,1014-1015 hPa,4,away_strikeouts,-0.34032634032634057,79
SF,pres,1015-1024 hPa,5,away_strikeouts,-0.03293569175922251,87
SF,pres,1002-1010 hPa,1,away_walks,-0.09224109224109256,92
SF,pres,1010-1012 hPa,2,away_walks,0.18261346496640618,86
SF,pres,1012-1014 hPa,3,away_walks,0.013986013986013734,91
SF,pres,1014-1015 hPa,4,away_walks,-0.13986013986014,79
SF,pres,1015-1024 hPa,5,away_walks,0.0296722884958176,87
SF,pres,1002-1010 hPa,1,away_hr_h_ratio,0.01364388944388946,92
SF,pres,1010-1012 hPa,2,away_hr_h_ratio,-0.005544332921979964,86
SF,pres,1012-1014 hPa,3,away_hr_h_ratio,-0.010882960372960354,91
SF,pres,1014-1015 hPa,4,away_hr_h_ratio,0.0026283216783216934,79
SF,pres,1015-1024 hPa,5,away_hr_h_ratio,4.860825449061468e-05,87
STL,temp,39-69°F,1,away_runs,-0.4059523809523813,168
STL,temp,69-75°F,2,away_runs,0.15693277310924358,170
STL,temp,75-79°F,3,away_runs,0.005153977758768136,167
STL,temp,79-84°F,4,away_runs,-0.13172020287404917,169
STL,temp,84-98°F,5,away_runs,0.3790447504302925,166
STL,temp,39-69°F,1,away_home_runs,-0.17951127819548862,168
STL,temp,69-75°F,2,away_home_runs,0.046714419184054834,170
STL,temp,75-79°F,3,away_home_runs,0.02251109701965759,167
STL,temp,79-84°F,4,away_home_runs,0.023045780130800386,169
STL,temp,84-98°F,5,away_home_runs,0.08921694480102704,166
STL,temp,39-69°F,1,away_strikeouts,0.10372522214627455,168
STL,temp,69-75°F,2,away_strikeouts,0.10921972764078003,170
STL,temp,75-79°F,3,away_strikeouts,-0.13637804807747766,167
STL,temp,79-84°F,4,away_strikeouts,0.13288836669403548,169
STL,temp,84-98°F,5,away_strikeouts,-0.21770334928229662,166
STL,temp,39-69°F,1,away_walks,0.13670539986329455,168
STL,temp,69-75°F,2,away_walks,-0.040386738767305363,170
STL,temp,75-79°F,3,away_walks,0.20210987490632393,167
STL,temp,79-84°F,4,away_walks,-0.20015005237677297,169
STL,temp,84-98°F,5,away_walks,-0.09674407748862146,166
STL,temp,39-69°F,1,away_hr_h_ratio,-0.02001979665071771,168
STL,temp,69-75°F,2,away_hr_h_ratio,0.00314743707709296,170
STL,temp,75-79°F,3,away_hr_h_ratio,0.0060589684095232604,167
STL,temp,79-84°F,4,away_hr_h_ratio,0.006566371988335554,169
STL,temp,84-98°F,5,away_hr_h_ratio,0.004365264324892051,166
STL,wspd,1-4 mph,1,away_runs,-0.2154761904761906,168
STL,wspd,4-5 mph,2,away_runs,0.006324820430965161,179
STL,wspd,5-7 mph,3,away_runs,0.021564195298372724,158
STL,wspd,7-9 mph,4,away_runs,0.17765780730896985,172
STL,wspd,9-21 mph,5,away_runs,0.006770376862401228,163
STL,wspd,1-4 mph,1,away_home_runs,0.010964912280701844,168
STL,wspd,4-5 mph,2,away_home_runs,-0.07096392667060902,179
STL,wspd,5-7 mph,3,away_home_runs,-0.004330446369087193,158
STL,wspd,7-9 mph,4,away_home_runs,0.05854873871068211,172
STL,wspd,9-21 mph,5,away_home_runs,0.00968679367129488,163
STL,wspd,1-4 mph,1,away_strikeouts,-0.1641319207108678,168
STL,wspd,4-5 mph,2,away_strikeouts,0.11656631363905223,179
STL,wspd,5-7 mph,3,away_strikeouts,0.18419538489491938,158
STL,wspd,7-9 mph,4,away_strikeouts,-0.3582358936609946,172
STL,wspd,9-21 mph,5,away_strikeouts,0.2347506384477649,163
STL,wspd,1-4 mph,1,away_walks,-0.14900888585099104,168
STL,wspd,4-5 mph,2,away_walks,0.12948228589860777,179
STL,wspd,5-7 mph,3,away_walks,-0.12097995275876672,158
STL,wspd,7-9 mph,4,away_walks,-0.05813821805724606,172
STL,wspd,9-21 mph,5,away_walks,0.18972906331640615,163
STL,wspd,1-4 mph,1,away_hr_h_ratio,0.002279012873091832,168
STL,wspd,4-5 mph,2,away_hr_h_ratio,-0.0164443753024031,179
STL,wspd,5-7 mph,3,away_hr_h_ratio,0.00033890588092787277,158
STL,wspd,7-9 mph,4,away_hr_h_ratio,0.007442703349282306,172
STL,wspd,9-21 mph,5,away_hr_h_ratio,0.007563562244987818,163
STL,rhum,24-48%,1,away_runs,-0.11365546218487399,170
STL,rhum,48-56%,2,away_runs,0.2326988879384091,167
STL,rhum,56-65%,3,away_runs,0.2609231411862991,171
STL,rhum,65-76%,4,away_runs,-0.47889610389610393,165
STL,rhum,76-99%,5,away_runs,0.08898631308810945,167
STL,rhum,24-48%,1,away_home_runs,-0.04260651629072676,170
STL,rhum,48-56%,2,away_home_runs,0.08855972265994339,167
STL,rhum,56-65%,3,away_home_runs,0.07616099071207427,171
STL,rhum,65-76%,4,away_home_runs,-0.1413078149920255,165
STL,rhum,76-99%,5,away_home_runs,0.016487000634115456,167
STL,rhum,24-48%,1,away_strikeouts,0.31801093643198985,170
STL,rhum,48-56%,2,away_strikeouts,-0.027583588803254955,167
STL,rhum,56-65%,3,away_strikeouts,0.13229665071770302,171
STL,rhum,65-76%,4,away_strikeouts,-0.1434609250398724,165
STL,rhum,76-99%,5,away_strikeouts,-0.286980457716032,167
STL,rhum,24-48%,1,away_walks,0.005753018910913621,170
STL,rhum,48-56%,2,away_walks,0.06442139644156697,167
STL,rhum,56-65%,3,away_walks,0.0022516183506895437,171
STL,rhum,65-76%,4,away_walks,-0.17368421052631566,165
STL,rhum,76-99%,5,away_walks,0.09970023635210712,167
STL,rhum,24-48%,1,away_hr_h_ratio,-0.005343010936431983,170
STL,rhum,48-56%,2,away_hr_h_ratio,0.009381625504970917,167
STL,rhum,56-65%,3,away_hr_h_ratio,0.006148585702223486,171
STL,rhum,65-76%,4,away_hr_h_ratio,-0.009990023923444974,165
STL,rhum,76-99%,5,away_hr_h_ratio,-0.0003976580965008303,167
STL,pres,980-994 hPa,1,away_runs,0.3357354184277259,169
STL,pres,994-997 hPa,2,away_runs,0.11472431077694178,171
STL,pres,997-999 hPa,3,away_runs,0.2381362889983576,174
STL,pres,999-1001 hPa,4,away_runs,-0.3500224618149148,159
STL,pres,1001-1009 hPa,5,away_runs,-0.37209153122326777,167
STL,pres,980-994 hPa,1,away_home_runs,0.10082435003170576,169
STL,pres,994-997 hPa,2,away_home_runs,0.1820433436532508,171
STL,pres,997-999 hPa,3,away_home_runs,-0.004839685420447659,174
STL,pres,999-1001 hPa,4,away_home_runs,-0.09202250910294596,159
STL,pres,1001-1009 hPa,5,away_home_runs,-0.19287740308855972,167
STL,pres,980-994 hPa,1,away_strikeouts,0.014224361561076648,169
STL,pres,994-997 hPa,2,away_strikeouts,-0.19711511398817905,171
STL,pres,997-999 hPa,3,away_strikeouts,-0.375749326293791,174
STL,pres,999-1001 hPa,4,away_strikeouts,0.22097589600072265,159
STL,pres,1001-1009 hPa,5,away_strikeouts,0.3676259920350686,167
STL,pres,980-994 hPa,1,away_walks,-0.02680578774427822,169
STL,pres,994-997 hPa,2,away_walks,-0.044807205178722054,171
STL,pres,997-999 hPa,3,away_walks,0.10468569542979722,174
STL,pres,999-1001 hPa,4,away_walks,0.16410881405916156,159
STL,pres,1001-1009 hPa,5,away_walks,-0.19306363349855316,167
STL,pres,980-994 hPa,1,away_hr_h_ratio,0.01064692021675219,169
STL,pres,994-997 hPa,2,away_hr_h_ratio,0.024243879819870556,171
STL,pres,997-999 hPa,3,away_hr_h_ratio,-0.007382584007039533,174
STL,pres,999-1001 hPa,4,away_hr_h_ratio,-0.006493145707321471,159
STL,pres,1001-1009 hPa,5,away_hr_h_ratio,-0.021388434375268606,167
TB,temp,64-79°F,1,away_runs,0.003551874210304895,170
TB,temp,79-81°F,2,away_runs,0.07187221439457137,166
TB,temp,81-84°F,3,away_runs,-0.06737442734480004,174
TB,temp,84-86°F,4,away_runs,-0.03671118753613278,161
TB,temp,86-95°F,5,away_runs,0.030533205665042473,167
TB,temp,64-79°F,1,away_home_runs,0.0490667420814479,170
TB,temp,79-81°F,2,away_home_runs,0.02922265987025008,166
TB,temp,81-84°F,3,away_home_runs,-0.09866821396993819,174
TB,temp,84-86°F,4,away_home_runs,0.03408683707596749,161
TB,temp,86-95°F,5,away_home_runs,-0.00939142379359792,167
TB,temp,64-79°F,1,away_strikeouts,-0.3311651583710411,170
TB,temp,79-81°F,2,away_strikeouts,0.24785681186283526,166
TB,temp,81-84°F,3,away_strikeouts,-0.19391025641025728,174
TB,temp,84-86°F,4,away_strikeouts,-0.03138437649307235,161
TB,temp,86-95°F,5,away_strikeouts,0.33507525083611966,167
TB,temp,64-79°F,1,away_walks,0.10883766968325803,170
TB,temp,79-81°F,2,away_walks,-0.09002838276181624,166
TB,temp,81-84°F,3,away_walks,0.18936505305039786,174
TB,temp,84-86°F,4,away_walks,-0.23449444577161938,161
TB,temp,86-95°F,5,away_walks,0.007741579073100802,167
TB,temp,64-79°F,1,away_hr_h_ratio,-0.00010562236985450779,170
TB,temp,79-81°F,2,away_hr_h_ratio,0.008379324518289794,166
TB,temp,81-84°F,3,away_hr_h_ratio,-0.00828820075521805,174
TB,temp,84-86°F,4,away_hr_h_ratio,0.001782388949929381,161
TB,temp,86-95°F,5,away_hr_h_ratio,-0.0013536358947910943,167
TB,wspd,1-5 mph,1,away_runs,0.059062354264395545,174
TB,wspd,5-6 mph,2,away_runs,-0.03884283515273035,169
TB,wspd,6-8 mph,3,away_runs,0.21146763310645555,162
TB,wspd,8-10 mph,4,away_runs,-0.2260279577224682,175
TB,wspd,10-28 mph,5,away_runs,0.010029908461980153,158
TB,wspd,1-5 mph,1,away_home_runs,-0.046478990662516706,174
TB,wspd,5-6 mph,2,away_home_runs,0.044193786982248406,169
TB,wspd,6-8 mph,3,away_home_runs,0.0701270180436846,162
TB,wspd,8-10 mph,4,away_home_runs,-0.046478990662516706,175
TB,wspd,10-28 mph,5,away_home_runs,-0.0177264267990076,158
TB,wspd,1-5 mph,1,away_strikeouts,-0.03687750111160604,174
TB,wspd,5-6 mph,2,away_strikeouts,-0.023298816568047442,169
TB,wspd,6-8 mph,3,away_strikeouts,-0.002552231718897957,162
TB,wspd,8-10 mph,4,away_strikeouts,-0.048438194753224195,175
TB,wspd,10-28 mph,5,away_strikeouts,0.12329404466501259,158
TB,wspd,1-5 mph,1,away_walks,-0.0023830035571363872,174
TB,wspd,5-6 mph,2,away_walks,-0.011002218934911046,169
TB,wspd,6-8 mph,3,away_walks,0.19511217948717974,162
TB,wspd,8-10 mph,4,away_walks,-0.112209593152512,175
TB,wspd,10-28 mph,5,away_walks,-0.06402760545905695,158
TB,wspd,1-5 mph,1,away_hr_h_ratio,-0.0071480207007366126,174
TB,wspd,5-6 mph,2,away_hr_h_ratio,0.006170708991092233,169
TB,wspd,6-8 mph,3,away_hr_h_ratio,0.010899538708383505,162
TB,wspd,8-10 mph,4,away_hr_h_ratio,-0.0022173848625863246,175
TB,wspd,10-28 mph,5,away_hr_h_ratio,-0.007716622907778137,158
TB,rhum,21-55%,1,away_runs,0.1799536629959948,171
TB,rhum,55-66%,2,away_runs,-0.39537860707311756,165
TB,rhum,66-73%,3,away_runs,0.24170408424686185,177
TB,rhum,73-79%,4,away_runs,0.01635902238603082,158
TB,rhum,79-91%,5,away_runs,-0.06527517756849077,167
TB,rhum,21-55%,1,away_home_runs,0.05116758241758235,171
TB,rhum,55-66%,2,away_home_runs,-0.10888532763532766,165
TB,rhum,66-73%,3,away_home_runs,0.1211837244676226,177
TB,rhum,73-79%,4,away_home_runs,-0.09575827653359315,158
TB,rhum,79-91%,5,away_home_runs,0.016308728696453167,167
TB,rhum,21-55%,1,away_strikeouts,0.0263278388278394,171
TB,rhum,55-66%,2,away_strikeouts,-0.11983618233618287,165
TB,rhum,66-73%,3,away_strikeouts,0.16484680573663546,177
TB,rhum,73-79%,4,away_strikeouts,-0.07576679649464424,158
TB,rhum,79-91%,5,away_strikeouts,-0.013271533855366613,167
TB,rhum,21-55%,1,away_walks,-0.0072687728937728124,171
TB,rhum,55-66%,2,away_walks,0.06548254985754998,165
TB,rhum,66-73%,3,away_walks,-0.06759968491960011,177
TB,rhum,73-79%,4,away_walks,0.0263358081791627,158
TB,rhum,79-91%,5,away_walks,-0.009478638876093903,167
TB,rhum,21-55%,1,away_hr_h_ratio,0.0015499355337803,171
TB,rhum,55-66%,2,away_hr_h_ratio,0.001001390560235349,165
TB,rhum,66-73%,3,away_hr_h_ratio,0.012014322135878774,177
TB,rhum,73-79%,4,away_hr_h_ratio,-0.012096312205821858,158
TB,rhum,79-91%,5,away_hr_h_ratio,-0.003842964638336721,167
TB,pres,999-1011 hPa,1,away_runs,0.1742101375156273,168
TB,pres,1011-1013 hPa,2,away_runs,-0.10393159254918016,169
TB,pres,1013-1015 hPa,3,away_runs,-0.03412319581770662,168
TB,pres,1015-1016 hPa,4,away_runs,0.05583172106028744,169
TB,pres,1016-1023 hPa,5,away_runs,-0.09393736538797359,164
TB,pres,999-1011 hPa,1,away_home_runs,0.09548772011121409,168
TB,pres,1011-1013 hPa,2,away_home_runs,-0.06752360663288814,169
TB,pres,1013-1015 hPa,3,away_home_runs,-0.03101830398517147,168
TB,pres,1015-1016 hPa,4,away_home_runs,0.050110946745562046,169
TB,pres,1016-1023 hPa,5,away_home_runs,-0.04813555347091936,164
TB,pres,999-1011 hPa,1,away_strikeouts,-0.5172034291010199,168
TB,pres,1011-1013 hPa,2,away_strikeouts,0.2921176877015199,169
TB,pres,1013-1015 hPa,3,away_strikeouts,0.18159175162187147,168
TB,pres,1015-1016 hPa,4,away_strikeouts,0.26664201183431935,169
TB,pres,1016-1023 hPa,5,away_strikeouts,-0.2325281425891177,164
TB,pres,999-1011 hPa,1,away_walks,0.024429448563484613,168
TB,pres,1011-1013 hPa,2,away_walks,0.008485432980193774,169
TB,pres,1013-1015 hPa,3,away_walks,-0.09605247914735848,168
TB,pres,1015-1016 hPa,4,away_walks,-0.1352625739644968,169
TB,pres,1016-1023 hPa,5,away_walks,0.20324226078799246,164
TB,pres,999-1011 hPa,1,away_hr_h_ratio,0.013182938976121106,168
TB,pres,1011-1013 hPa,2,away_hr_h_ratio,-0.0070670610238788845,169
TB,pres,1013-1015 hPa,3,away_hr_h_ratio,0.0005726980122656988,168
TB,pres,1015-1016 hPa,4,away_hr_h_ratio,0.003998519641979809,169
TB,pres,1016-1023 hPa,5,away_hr_h_ratio,-0.010890569692700525,164
TEX,temp,41-75°F,1,away_runs,-0.19642290413354857,169
TEX,temp,75-81°F,2,away_runs,-0.5259875702366763,168
TEX,temp,81-87°F,3,away_runs,0.24144691835165855,169
TEX,temp,87-92°F,4,away_runs,0.22465786866177417,166
TEX,temp,92-106°F,5,away_runs,0.2602613604733319,167
TEX,temp,41-75°F,1,away_home_runs,-0.0896291208791209,169
TEX,temp,75-81°F,2,away_home_runs,0.025319553201289757,168
TEX,temp,81-87°F,3,away_home_runs,-0.05111793327154768,169
TEX,temp,87-92°F,4,away_home_runs,0.08969988344988344,166
TEX,temp,92-106°F,5,away_home_runs,0.02719531974050038,167
TEX,temp,41-75°F,1,away_strikeouts,-0.3139308608058613,169
TEX,temp,75-81°F,2,away_strikeouts,0.05522368724090221,168
TEX,temp,81-87°F,3,away_strikeouts,-0.004909059314179842,169
TEX,temp,87-92°F,4,away_strikeouts,0.09180506993006965,166
TEX,temp,92-106°F,5,away_strikeouts,0.1758138322520857,167
TEX,temp,41-75°F,1,away_walks,-0.18263507326007344,169
TEX,temp,75-81°F,2,away_walks,-0.06291023721787203,168
TEX,temp,81-87°F,3,away_walks,0.004040199258572574,169
TEX,temp,87-92°F,4,away_walks,0.023317307692307665,166
TEX,temp,92-106°F,5,away_walks,0.22090766913809068,167
TEX,temp,41-75°F,1,away_hr_h_ratio,-0.007237402701465195,169
TEX,temp,75-81°F,2,away_hr_h_ratio,0.012989183412022126,168
TEX,temp,81-87°F,3,away_hr_h_ratio,-0.008631500521316005,169
TEX,temp,87-92°F,4,away_hr_h_ratio,0.008823322406759926,166
TEX,temp,92-106°F,5,away_hr_h_ratio,-0.00588150052131603,167
TEX,wspd,1-5 mph,1,away_runs,-0.32955899880810513,170
TEX,wspd,5-7 mph,2,away_runs,0.14102923648601262,170
TEX,wspd,7-8 mph,3,away_runs,0.12195615270704607,165
TEX,wspd,8-11 mph,4,away_runs,0.17044100119189487,168
TEX,wspd,11-29 mph,5,away_runs,-0.10064333615750254,166
TEX,wspd,1-5 mph,1,away_home_runs,-0.031619822485207116,170
TEX,wspd,5-7 mph,2,away_home_runs,-0.037536982248520756,170
TEX,wspd,7-8 mph,3,away_home_runs,0.07151806526806537,165
TEX,wspd,8-11 mph,4,away_home_runs,-0.008949258572752639,168
TEX,wspd,11-29 mph,5,away_home_runs,0.008420835299669749,166
TEX,wspd,1-5 mph,1,away_strikeouts,-0.2704326923076925,170
TEX,wspd,5-7 mph,2,away_strikeouts,-0.518953402366864,170
TEX,wspd,7-8 mph,3,away_strikeouts,0.200895979020979,165
TEX,wspd,8-11 mph,4,away_strikeouts,0.38665720574606155,168
TEX,wspd,11-29 mph,5,away_strikeouts,0.22130869513921603,166
TEX,wspd,1-5 mph,1,away_walks,0.12509245562130156,170
TEX,wspd,5-7 mph,2,away_walks,-0.09975961538461542,170
TEX,wspd,7-8 mph,3,away_walks,0.017256701631701343,165
TEX,wspd,8-11 mph,4,away_walks,-0.08632124652456019,168
TEX,wspd,11-29 mph,5,away_walks,0.04417620339782902,166
TEX,wspd,1-5 mph,1,away_hr_h_ratio,0.00373869267751481,170
TEX,wspd,5-7 mph,2,away_hr_h_ratio,-0.007817520340236667,170
TEX,wspd,7-8 mph,3,away_hr_h_ratio,0.007399079982517487,165
TEX,wspd,8-11 mph,4,away_hr_h_ratio,0.0017468127316960236,168
TEX,wspd,11-29 mph,5,away_hr_h_ratio,-0.005039860340962682,166
TEX,rhum,20-40%,1,away_runs,0.22246412257917836,173
TEX,rhum,40-49%,2,away_runs,0.1464889053835119,167
TEX,rhum,49-59%,3,away_runs,0.35718798914370176,166
TEX,rhum,59-72%,4,away_runs,-0.3777517698924422,166
TEX,rhum,72-95%,5,away_runs,-0.356505106592536,167
TEX,rhum,20-40%,1,away_home_runs,0.18215040017785689,173
TEX,rhum,40-49%,2,away_home_runs,-0.05111793327154768,167
TEX,rhum,49-59%,3,away_home_runs,-0.09328660797034294,166
TEX,rhum,59-72%,4,away_home_runs,-0.034523949976403845,166
TEX,rhum,72-95%,5,away_home_runs,-0.011667448405253245,167
TEX,rhum,20-40%,1,away_strikeouts,0.3031555691418397,173
TEX,rhum,40-49%,2,away_strikeouts,-0.15551146895273416,167
TEX,rhum,49-59%,3,away_strikeouts,-0.26394520389249365,166
TEX,rhum,59-72%,4,away_strikeouts,0.17222894053798932,166
TEX,rhum,72-95%,5,away_strikeouts,-0.06639892120075075,167
TEX,rhum,20-40%,1,away_walks,0.06031152734548684,173
TEX,rhum,40-49%,2,away_walks,0.23295586190917517,167
TEX,rhum,49-59%,3,away_walks,0.13657031974050016,166
TEX,rhum,59-72%,4,away_walks,-0.31165201746106685,166
TEX,rhum,72-95%,5,away_walks,-0.12790220450281442,167
TEX,rhum,20-40%,1,away_hr_h_ratio,0.016718092068697232,173
TEX,rhum,40-49%,2,away_hr_h_ratio,-0.010134512569508786,167
TEX,rhum,49-59%,3,away_hr_h_ratio,-0.012176078834569032,166
TEX,rhum,59-72%,4,away_hr_h_ratio,0.0017337592909391353,166
TEX,rhum,72-95%,5,away_hr_h_ratio,0.0032239358583489863,167
TEX,pres,976-990 hPa,1,away_runs,-0.1001472341022227,170
TEX,pres,990-992 hPa,2,away_runs,0.26080244697502764,166
TEX,pres,992-994 hPa,3,away_runs,0.23189351515837497,179
TEX,pres,994-996 hPa,4,away_runs,-0.12046808971719614,165
TEX,pres,996-1006 hPa,5,away_runs,-0.3012571120156524,159
TEX,pres,976-990 hPa,1,away_home_runs,0.09948447636700641,170
TEX,pres,990-992 hPa,2,away_home_runs,-0.03757284382284376,166
TEX,pres,992-994 hPa,3,away_home_runs,0.043551246239793784,179
TEX,pres,994-996 hPa,4,away_home_runs,-0.07264305816135086,165
TEX,pres,996-1006 hPa,5,away_home_runs,-0.039222249269717624,159
TEX,pres,976-990 hPa,1,away_strikeouts,-0.11936689063948158,170
TEX,pres,990-992 hPa,2,away_strikeouts,-0.18092220279720284,166
TEX,pres,992-994 hPa,3,away_strikeouts,0.15457805113880418,179
TEX,pres,994-996 hPa,4,away_strikeouts,0.06774742026266445,165
TEX,pres,996-1006 hPa,5,away_strikeouts,0.06890518500486742,159
TEX,pres,976-990 hPa,1,away_walks,-0.0742730537534757,170
TEX,pres,990-992 hPa,2,away_walks,0.16877185314685272,166
TEX,pres,992-994 hPa,3,away_walks,0.013261441770519689,179
TEX,pres,994-996 hPa,4,away_walks,-0.17058513133208297,165
TEX,pres,996-1006 hPa,5,away_walks,0.06382363680623149,159
TEX,pres,976-990 hPa,1,away_hr_h_ratio,0.005214282611214122,170
TEX,pres,990-992 hPa,2,away_hr_h_ratio,-0.010146374562937044,166
TEX,pres,992-994 hPa,3,away_hr_h_ratio,0.003961263832187395,179
TEX,pres,994-996 hPa,4,away_hr_h_ratio,-0.0040236251172607596,165
TEX,pres,996-1006 hPa,5,away_hr_h_ratio,0.004806260649951322,159
TOR,temp,30-56°F,1,away_runs,-0.2925611722638992,170
TOR,temp,56-66°F,2,away_runs,0.18033798739996598,168
TOR,temp,66-71°F,3,away_runs,0.1743856064475855,168
TOR,temp,71-76°F,4,away_runs,-0.2363286792667001,168
TOR,temp,76-91°F,5,away_runs,0.18087911294109205,165
TOR,temp,30-56°F,1,away_home_runs,-0.058795248868778405,170
TOR,temp,56-66°F,2,away_home_runs,0.09325466200466193,168
TOR,temp,66-71°F,3,away_home_runs,0.10307576459684897,168
TOR,temp,71-76°F,4,away_home_runs,-0.059574837812789605,168
TOR,temp,76-91°F,5,away_home_runs,-0.07644230769230775,165
TOR,temp,30-56°F,1,away_strikeouts,0.18429015837104146,170
TOR,temp,56-66°F,2,away_strikeouts,0.047035256410255855,168
TOR,temp,66-71°F,3,away_strikeouts,-0.18629807692307665,168
TOR,temp,71-76°F,4,away_strikeouts,0.0004489110287302367,168
TOR,temp,76-91°F,5,away_strikeouts,-0.04993444055943996,165
TOR,temp,30-56°F,1,away_walks,0.04478223981900431,170
TOR,temp,56-66°F,2,away_walks,0.03390879953379944,168
TOR,temp,66-71°F,3,away_walks,0.05179854031510667,168
TOR,temp,71-76°F,4,away_walks,-0.17109302594995368,168
TOR,temp,76-91°F,5,away_walks,0.039969405594405316,165
TOR,temp,30-56°F,1,away_hr_h_ratio,-0.00643923925339368,170
TOR,temp,56-66°F,2,away_hr_h_ratio,0.006183701923076906,168
TOR,temp,66-71°F,3,away_hr_h_ratio,0.015057075417052812,168
TOR,temp,71-76°F,4,away_hr_h_ratio,-0.008662201691380933,168
TOR,temp,76-91°F,5,away_hr_h_ratio,-0.005982964743589725,165
TOR,wspd,1-5 mph,1,away_runs,-0.0672269476649685,176
TOR,wspd,5-6 mph,2,away_runs,-0.7463936143316356,165
TOR,wspd,6-9 mph,3,away_runs,0.27784880991078875,165
TOR,wspd,9-11 mph,4,away_runs,0.22330335536533408,165
TOR,wspd,11-22 mph,5,away_runs,0.31129036835234736,168
TOR,wspd,1-5 mph,1,away_home_runs,0.022408267020336048,176
TOR,wspd,5-6 mph,2,away_home_runs,-0.060392924976258255,165
TOR,wspd,6-9 mph,3,away_home_runs,-0.11790572232645413,165
TOR,wspd,9-11 mph,4,away_home_runs,-0.02795745920745918,165
TOR,wspd,11-22 mph,5,away_home_runs,0.17864751266697376,168
TOR,wspd,1-5 mph,1,away_strikeouts,-0.28974635278514604,176
TOR,wspd,5-6 mph,2,away_strikeouts,-0.16160671889838518,165
TOR,wspd,6-9 mph,3,away_strikeouts,-0.015566369606004216,165
TOR,wspd,9-11 mph,4,away_strikeouts,-0.08023747086247113,165
TOR,wspd,11-22 mph,5,away_strikeouts,0.5532228811607549,168
TOR,wspd,1-5 mph,1,away_walks,-0.07685400088417316,176
TOR,wspd,5-6 mph,2,away_walks,-0.07664114434947766,165
TOR,wspd,6-9 mph,3,away_walks,0.18043503752345202,165
TOR,wspd,9-11 mph,4,away_walks,-0.014576048951048914,165
TOR,wspd,11-22 mph,5,away_walks,-0.008370278673422327,168
TOR,wspd,1-5 mph,1,away_hr_h_ratio,-0.008994918766578236,176
TOR,wspd,5-6 mph,2,away_hr_h_ratio,0.021810615503323832,165
TOR,wspd,6-9 mph,3,away_hr_h_ratio,-0.014171054174484055,165
TOR,wspd,9-11 mph,4,away_hr_h_ratio,-0.0016926617132867194,165
TOR,wspd,11-22 mph,5,away_hr_h_ratio,0.0038032228811607505,168
TOR,rhum,26-51%,1,away_runs,0.14472812942168733,171
TOR,rhum,51-61%,2,away_runs,0.4539692962109161,167
TOR,rhum,61-69%,3,away_runs,-0.010138203076223817,168
TOR,rhum,69-79%,4,away_runs,-0.37669664463466557,165
TOR,rhum,79-100%,5,away_runs,-0.21847153640955774,168
TOR,rhum,26-51%,1,away_home_runs,-0.0015885065227170259,171
TOR,rhum,51-61%,2,away_home_runs,0.21446678321678325,167
TOR,rhum,61-69%,3,away_home_runs,0.03493493781667434,168
TOR,rhum,69-79%,4,away_home_runs,-0.08856351981351973,165
TOR,rhum,79-100%,5,away_home_runs,-0.16058864915572224,168
TOR,rhum,26-51%,1,away_strikeouts,0.4891405195681511,171
TOR,rhum,51-61%,2,away_strikeouts,-0.06205565268065172,167
TOR,rhum,61-69%,3,away_strikeouts,0.1819653961308152,168
TOR,rhum,69-79%,4,away_strikeouts,-0.377207167832168,165
TOR,rhum,79-100%,5,away_strikeouts,-0.25337124765478336,168
TOR,rhum,26-51%,1,away_walks,0.1673484592892489,171
TOR,rhum,51-61%,2,away_walks,0.05815122377622384,167
TOR,rhum,61-69%,3,away_walks,0.06348600875172705,168
TOR,rhum,69-79%,4,away_walks,-0.14790938228438222,165
TOR,rhum,79-100%,5,away_walks,-0.14883325515947465,168
TOR,rhum,26-51%,1,away_hr_h_ratio,-0.005453841936572196,171
TOR,rhum,51-61%,2,away_hr_h_ratio,0.026346732226107228,167
TOR,rhum,61-69%,3,away_hr_h_ratio,0.005301426473975135,168
TOR,rhum,69-79%,4,away_hr_h_ratio,-0.0009944798951048994,165
TOR,rhum,79-100%,5,away_hr_h_ratio,-0.025218615150093826,168
TOR,pres,980-1000 hPa,1,away_runs,0.030421043878371634,172
TOR,pres,1000-1003 hPa,2,away_runs,-0.2586055540884855,167
TOR,pres,1003-1006 hPa,3,away_runs,0.7020912341532126,165
TOR,pres,1006-1010 hPa,4,away_runs,-0.5160905840286052,170
TOR,pres,1010-1022 hPa,5,away_runs,0.05966699172897094,165
TOR,pres,980-1000 hPa,1,away_home_runs,0.052969457013574583,172
TOR,pres,1000-1003 hPa,2,away_home_runs,-0.05219988344988358,167
TOR,pres,1003-1006 hPa,3,away_home_runs,0.083313789868668,165
TOR,pres,1006-1010 hPa,4,away_home_runs,-0.12259615384615397,170
TOR,pres,1010-1022 hPa,5,away_home_runs,0.04063086303939967,165
TOR,pres,980-1000 hPa,1,away_strikeouts,0.2842901583710411,172
TOR,pres,1000-1003 hPa,2,away_strikeouts,-0.3105405011655016,167
TOR,pres,1003-1006 hPa,3,away_strikeouts,0.1063848499061919,165
TOR,pres,1006-1010 hPa,4,away_strikeouts,9.245562130288931e-05,170
TOR,pres,1010-1022 hPa,5,away_strikeouts,-0.08873710131332047,165
TOR,pres,980-1000 hPa,1,away_walks,-0.21404128959276036,172
TOR,pres,1000-1003 hPa,2,away_walks,0.039969405594405316,167
TOR,pres,1003-1006 hPa,3,away_walks,0.11336186679174487,165
TOR,pres,1006-1010 hPa,4,away_walks,-0.008228550295858117,170
TOR,pres,1010-1022 hPa,5,away_walks,0.0767765009380863,165
TOR,pres,980-1000 hPa,1,away_hr_h_ratio,0.00013487839366516097,172
TOR,pres,1000-1003 hPa,2,away_hr_h_ratio,0.0008418837412587366,167
TOR,pres,1003-1006 hPa,3,away_hr_h_ratio,-0.0015576395403377186,165
TOR,pres,1006-1010 hPa,4,away_hr_h_ratio,-0.011126238905325464,170
TOR,pres,1010-1022 hPa,5,away_hr_h_ratio,0.012036262898686673,165
WSH,temp,40-67°F,1,away_runs,-0.2425151824734666,168
WSH,temp,67-74°F,2,away_runs,-0.21863563065273794,170
WSH,temp,74-79°F,3,away_runs,0.2641253350052013,173
WSH,temp,79-83°F,4,away_runs,-0.1818890801806976,162
WSH,temp,83-97°F,5,away_runs,0.371584071686029,166
WSH,temp,40-67°F,1,away_home_runs,-0.1824061355311355,168
WSH,temp,67-74°F,2,away_home_runs,-0.08352658371040733,170
WSH,temp,74-79°F,3,away_home_runs,0.12001658794421943,173
WSH,temp,79-83°F,4,away_home_runs,-0.08896498548621201,162
WSH,temp,83-97°F,5,away_home_runs,0.23455089118198869,166
WSH,temp,40-67°F,1,away_strikeouts,0.1049679487179489,168
WSH,temp,67-74°F,2,away_strikeouts,0.24369343891402728,170
WSH,temp,74-79°F,3,away_strikeouts,0.12762876743139806,173
WSH,temp,79-83°F,4,away_strikeouts,-0.43984337203676915,162
WSH,temp,83-97°F,5,away_strikeouts,-0.06678001876172601,166
WSH,temp,40-67°F,1,away_walks,0.48071199633699635,168
WSH,temp,67-74°F,2,away_walks,-0.2296521493212671,170
WSH,temp,74-79°F,3,away_walks,0.029584176788123973,173
WSH,temp,79-83°F,4,away_walks,-0.0008693154329946218,162
WSH,temp,83-97°F,5,away_walks,-0.28438672607879933,166
WSH,temp,40-67°F,1,away_hr_h_ratio,-0.01499440433212998,168
WSH,temp,67-74°F,2,away_hr_h_ratio,-0.006187933743894702,170
WSH,temp,74-79°F,3,away_hr_h_ratio,0.008822262334536674,173
WSH,temp,79-83°F,4,away_hr_h_ratio,-0.0069444043321299775,162
WSH,temp,83-97°F,5,away_hr_h_ratio,0.019426761312041796,166
WSH,wspd,0-4 mph,1,away_runs,-0.19053105548933935,180
WSH,wspd,4-5 mph,2,away_runs,0.22955441459613102,156
WSH,wspd,5-6 mph,3,away_runs,0.10867529371700968,168
WSH,wspd,6-8 mph,4,away_runs,-0.028542751395772115,171
WSH,wspd,8-20 mph,5,away_runs,-0.09080205819936626,164
WSH,wspd,0-4 mph,1,away_home_runs,-0.002363331892826448,180
WSH,wspd,4-5 mph,2,away_home_runs,0.05568910256410242,156
WSH,wspd,5-6 mph,3,away_home_runs,0.0037928949792722655,168
WSH,wspd,6-8 mph,4,away_home_runs,0.06164148351648335,171
WSH,wspd,8-20 mph,5,away_home_runs,-0.11813502831524314,164
WSH,wspd,0-4 mph,1,away_strikeouts,-0.02471369922212574,180
WSH,wspd,4-5 mph,2,away_strikeouts,0.3197115384615383,156
WSH,wspd,5-6 mph,3,away_strikeouts,-0.07043125287885843,168
WSH,wspd,6-8 mph,4,away_strikeouts,0.09306318681318615,171
WSH,wspd,8-20 mph,5,away_strikeouts,-0.3027518876828701,164
WSH,wspd,0-4 mph,1,away_walks,-0.383386452031115,180
WSH,wspd,4-5 mph,2,away_walks,0.13181089743589736,156
WSH,wspd,5-6 mph,3,away_walks,0.02191530400736985,168
WSH,wspd,6-8 mph,4,away_walks,-0.049049908424908306,171
WSH,wspd,8-20 mph,5,away_walks,0.32061851109013695,164
WSH,wspd,0-4 mph,1,away_hr_h_ratio,0.002089865330791363,180
WSH,wspd,4-5 mph,2,away_hr_h_ratio,-0.0016232504859761132,156
WSH,wspd,5-6 mph,3,away_hr_h_ratio,-0.0054761408590760785,168
WSH,wspd,6-8 mph,4,away_hr_h_ratio,0.013399907045115539,171
WSH,wspd,8-20 mph,5,away_hr_h_ratio,-0.00884685831986004,164
WSH,rhum,16-43%,1,away_runs,-0.10810211492086363,172
WSH,rhum,43-54%,2,away_runs,-0.040134230092514045,168
WSH,rhum,54-65%,3,away_runs,0.031149161312828966,164
WSH,rhum,65-78%,4,away_runs,0.14189788507913637,172
WSH,rhum,78-97%,5,away_runs,-0.025636713294383995,163
WSH,rhum,16-43%,1,away_home_runs,-0.06587952488687798,172
WSH,rhum,43-54%,2,away_home_runs,-0.03359661172161177,168
WSH,rhum,54-65%,3,away_home_runs,-0.010563485427615982,164
WSH,rhum,65-78%,4,away_home_runs,0.15840228085867625,172
WSH,rhum,78-97%,5,away_home_runs,-0.05404174629718117,163
WSH,rhum,16-43%,1,away_strikeouts,0.12016402714932006,172
WSH,rhum,43-54%,2,away_strikeouts,-0.043841575091574825,168
WSH,rhum,54-65%,3,away_strikeouts,-0.261750477783087,164
WSH,rhum,65-78%,4,away_strikeouts,0.25128577817531195,172
WSH,rhum,78-97%,5,away_strikeouts,-0.08783743430482538,163
WSH,rhum,16-43%,1,away_walks,0.12917138009049767,172
WSH,rhum,43-54%,2,away_walks,0.040235805860806106,168
WSH,rhum,54-65%,3,away_walks,-0.19837703057811762,164
WSH,rhum,65-78%,4,away_walks,0.11138752236135963,172
WSH,rhum,78-97%,5,away_walks,-0.09899814859053979,163
WSH,rhum,16-43%,1,away_hr_h_ratio,-0.0038379337438946837,172
WSH,rhum,43-54%,2,away_hr_h_ratio,0.0020704766202509772,168
WSH,rhum,54-65%,3,away_hr_h_ratio,-0.0058183173756082285,164
WSH,rhum,65-78%,4,away_hr_h_ratio,0.011756180463191657,172
WSH,rhum,78-97%,5,away_hr_h_ratio,-0.004776081350763517,163
WSH,pres,989-1010 hPa,1,away_runs,-0.15654025996008247,169
WSH,pres,1010-1012 hPa,2,away_runs,-0.20979469782990456,169
WSH,pres,1012-1015 hPa,3,away_runs,0.19257216607542116,169
WSH,pres,1015-1018 hPa,4,away_runs,-0.019982193374212365,166
WSH,pres,1018-1028 hPa,5,away_runs,0.19688527650530574,166
WSH,pres,989-1010 hPa,1,away_home_runs,-0.053401806526806705,169
WSH,pres,1010-1012 hPa,2,away_home_runs,0.023560588507877567,169
WSH,pres,1012-1015 hPa,3,away_home_runs,0.1010539940828401,169
WSH,pres,1015-1018 hPa,4,away_home_runs,0.02958468489341981,166
WSH,pres,1018-1028 hPa,5,away_home_runs,-0.102945435588508,166
WSH,pres,989-1010 hPa,1,away_strikeouts,-0.21548659673659643,169
WSH,pres,1010-1012 hPa,2,away_strikeouts,0.1315743744207598,169
WSH,pres,1012-1015 hPa,3,away_strikeouts,0.05935650887573907,169
WSH,pres,1015-1018 hPa,4,away_strikeouts,-0.20577502316960228,166
WSH,pres,1018-1028 hPa,5,away_strikeouts,0.22795991658943393,166
WSH,pres,989-1010 hPa,1,away_walks,0.05733537296037294,169
WSH,pres,1010-1012 hPa,2,away_walks,-0.24361387859128802,169
WSH,pres,1012-1015 hPa,3,away_walks,-0.0008321005917157898,169
WSH,pres,1015-1018 hPa,4,away_walks,-0.12915604726598717,166
WSH,pres,1018-1028 hPa,5,away_walks,0.3166270852641335,166
WSH,pres,989-1010 hPa,1,away_hr_h_ratio,-0.004349252816978455,169
WSH,pres,1010-1012 hPa,2,away_hr_h_ratio,0.006205292637567,169
WSH,pres,1012-1015 hPa,3,away_hr_h_ratio,0.006854412235917345,169
WSH,pres,1015-1018 hPa,4,away_hr_h_ratio,0.008853186029315813,166
WSH,pres,1018-1028 hPa,5,away_hr_h_ratio,-0.017676332042973336,166
