game_pk,game_date,season,away_team,game_start,start_hour,home_runs_scored,away_runs_scored,total_runs,home_runs_hit,strikeouts,walks,hits,total_pitches,avg_exit_velocity,n_barrels,n_bbe,barrel_rate,hr_h_ratio,home_bat_hr,home_bat_k,home_bat_bb,home_bat_h,home_bat_pitches,home_bat_exit_velo,home_bat_bbe,home_bat_hr_h_ratio,away_bat_hr,away_bat_k,away_bat_bb,away_bat_h,away_bat_pitches,away_bat_exit_velo,away_bat_bbe,away_bat_hr_h_ratio,temp_f,temp_c,rhum,pres,prcp,wspd,wspd_mph,wdir,wind_dir_bucket,wind_cf,wind_lcf,wind_rcf
413692,2015-04-09,2015,SF,2015-04-09 15:40:00,15,0,1,1,0,12,10,13,335,83.5,1,69,0.0145,0.0,0.0,7.0,4.0,7.0,165.0,82.5,38.0,0.0,0.0,5.0,4.0,6.0,170.0,84.6,37.0,0.0,66.2,19.0,51.3,1012.7,0.0,13.5,8.4,249.7,W,4.68,0.08,8.72
413706,2015-04-10,2015,SF,2015-04-10 19:10:00,19,1,0,1,0,13,7,10,223,89.3,1,40,0.025,0.0,0.0,6.0,2.0,5.0,115.0,89.5,19.0,0.0,0.0,7.0,3.0,5.0,108.0,89.1,17.0,0.0,60.3,15.7,67.7,1014.2,0.0,6.7,4.1,277.0,W,-0.81,-3.03,1.5
413721,2015-04-11,2015,SF,2015-04-11 17:40:00,17,10,2,12,1,17,3,25,316,87.0,1,59,0.0169,0.04,0.0,8.0,1.0,20.0,179.0,88.1,44.0,0.0,1.0,9.0,2.0,5.0,137.0,85.4,30.0,0.2,65.1,18.4,52.0,1011.4,0.0,12.4,7.7,268.3,W,0.36,-3.9,4.58
413736,2015-04-12,2015,SF,2015-04-12 13:10:00,13,6,4,10,3,18,8,16,287,85.8,2,47,0.0426,0.1875,2.0,6.0,4.0,9.0,151.0,84.6,29.0,0.2222,1.0,12.0,4.0,7.0,136.0,87.1,28.0,0.1429,68.4,20.2,51.7,1012.7,0.0,12.5,7.8,246.0,SW,5.1,0.87,8.71
413742,2015-04-13,2015,AZ,2015-04-13 19:10:00,19,4,8,12,1,18,5,21,318,84.6,2,56,0.0357,0.0476,1.0,7.0,1.0,9.0,145.0,86.1,34.0,0.1111,0.0,11.0,4.0,12.0,173.0,83.1,36.0,0.0,61.3,16.3,81.0,1016.7,0.0,6.9,4.3,281.3,W,-1.35,-3.57,1.03
413756,2015-04-14,2015,AZ,2015-04-14 19:10:00,19,5,1,6,1,12,6,11,233,85.8,1,48,0.0208,0.0909,1.0,8.0,2.0,8.0,125.0,83.9,11.0,0.125,0.0,4.0,3.0,3.0,108.0,88.5,8.0,0.0,62.1,16.7,75.0,1014.3,0.0,7.6,4.7,308.7,NW,-4.75,-6.49,-2.43
413769,2015-04-15,2015,AZ,2015-04-15 18:10:00,18,3,2,5,2,13,3,18,240,87.0,2,50,0.04,0.1111,1.0,5.0,2.0,9.0,118.0,86.4,28.0,0.1111,1.0,8.0,1.0,9.0,122.0,87.7,29.0,0.1111,67.0,19.4,59.3,1011.0,0.0,10.2,6.3,267.0,W,0.53,-2.98,3.99
413891,2015-04-24,2015,LAD,2015-04-24 19:10:00,19,0,3,3,1,15,5,14,277,81.1,3,50,0.06,0.0714,0.0,9.0,3.0,6.0,133.0,78.4,23.0,0.0,1.0,6.0,2.0,8.0,144.0,83.0,32.0,0.125,59.9,15.5,75.0,1014.9,0.1,10.7,6.6,224.0,SW,7.7,4.69,9.77
413906,2015-04-25,2015,LAD,2015-04-25 17:40:00,17,8,11,19,7,14,8,21,360,87.4,4,60,0.0667,0.3333,3.0,10.0,3.0,8.0,164.0,84.8,29.0,0.375,4.0,4.0,5.0,13.0,196.0,89.4,38.0,0.3077,61.2,16.2,79.3,1012.5,3.5,24.8,15.4,261.7,W,3.59,-5.01,11.75
413921,2015-04-26,2015,LAD,2015-04-26 13:10:00,13,3,1,4,3,14,3,10,250,87.0,3,44,0.0682,0.3,2.0,8.0,2.0,5.0,118.0,89.8,23.0,0.4,1.0,6.0,1.0,5.0,132.0,84.6,26.0,0.2,67.3,19.6,58.0,1013.6,0.0,12.6,7.8,270.3,W,-0.07,-4.39,4.25
413933,2015-04-27,2015,HOU,2015-04-27 19:10:00,19,4,9,13,3,20,5,20,330,82.9,1,54,0.0185,0.15,0.0,7.0,0.0,10.0,137.0,81.6,37.0,0.0,3.0,13.0,5.0,10.0,193.0,84.5,31.0,0.3,68.8,20.4,60.7,1012.0,0.0,10.0,6.2,341.7,N,-9.46,-9.96,-7.82
413948,2015-04-28,2015,HOU,2015-04-28 19:10:00,19,3,14,17,5,23,6,23,328,88.0,5,55,0.0909,0.2174,2.0,10.0,2.0,6.0,143.0,83.5,32.0,0.3333,3.0,13.0,4.0,17.0,185.0,92.1,35.0,0.1765,70.5,21.4,51.7,1012.0,0.0,5.1,3.2,309.8,NW,-3.29,-4.44,-1.74
413963,2015-04-29,2015,HOU,2015-04-29 12:40:00,12,2,7,9,1,14,3,12,286,86.2,2,54,0.037,0.0833,0.0,4.0,0.0,3.0,127.0,82.4,33.0,0.0,1.0,10.0,3.0,9.0,159.0,90.1,32.0,0.1111,82.0,27.8,34.7,1010.1,0.0,17.0,10.6,281.0,W,-3.24,-8.76,2.66
413986,2015-05-01,2015,COL,2015-05-01 19:10:00,19,14,3,17,2,13,7,20,323,85.9,0,59,0.0,0.1,0.0,4.0,4.0,14.0,173.0,84.8,43.0,0.0,2.0,9.0,3.0,6.0,150.0,87.5,29.0,0.3333,69.0,20.6,66.7,1009.7,0.0,12.3,7.6,301.7,NW,-6.46,-9.65,-2.49
414001,2015-05-02,2015,COL,2015-05-02 17:40:00,17,4,2,6,1,18,5,15,287,85.9,1,47,0.0213,0.0667,0.0,11.0,3.0,8.0,150.0,84.5,26.0,0.0,1.0,7.0,1.0,7.0,137.0,87.2,28.0,0.1429,66.9,19.4,68.0,1010.0,0.0,12.6,7.8,254.3,W,3.41,-0.95,7.37
414016,2015-05-03,2015,COL,2015-05-03 13:10:00,13,8,6,14,7,16,2,18,287,89.9,5,52,0.0962,0.3889,3.0,4.0,1.0,7.0,136.0,90.0,29.0,0.4286,4.0,12.0,1.0,11.0,151.0,89.7,27.0,0.3636,68.5,20.3,59.0,1011.4,0.0,14.1,8.7,268.7,W,0.33,-4.5,5.12
414174,2015-05-14,2015,WSH,2015-05-14 19:10:00,19,8,3,11,3,18,6,21,284,88.2,3,53,0.0566,0.1429,3.0,8.0,2.0,13.0,129.0,90.7,30.0,0.2308,0.0,10.0,4.0,8.0,155.0,85.8,32.0,0.0,57.8,14.3,87.7,1011.4,2.6,12.8,8.0,205.0,SW,11.63,9.07,12.78
414189,2015-05-15,2015,WSH,2015-05-15 19:10:00,19,0,10,10,1,13,4,23,305,88.1,0,60,0.0,0.0435,0.0,7.0,1.0,7.0,128.0,86.3,30.0,0.0,1.0,6.0,2.0,16.0,177.0,89.4,45.0,0.0625,59.3,15.2,75.7,1011.0,0.0,14.4,8.9,296.0,NW,-6.31,-10.36,-1.51
414204,2015-05-16,2015,WSH,2015-05-16 17:40:00,17,1,4,5,0,21,7,16,288,87.9,0,45,0.0,0.0,0.0,13.0,4.0,5.0,146.0,88.1,23.0,0.0,0.0,8.0,3.0,11.0,142.0,87.6,29.0,0.0,61.8,16.6,71.3,1015.2,0.0,11.2,7.0,229.3,SW,7.32,3.96,9.79
414219,2015-05-17,2015,WSH,2015-05-17 13:10:00,13,5,10,15,5,19,7,15,300,85.5,3,50,0.06,0.3333,3.0,9.0,1.0,7.0,141.0,86.3,30.0,0.4286,2.0,10.0,5.0,8.0,159.0,84.6,26.0,0.25,66.0,18.9,63.7,1015.2,0.0,13.3,8.2,234.3,SW,7.74,3.58,10.96
414229,2015-05-19,2015,CHC,2015-05-19 19:10:00,19,4,3,7,3,24,1,12,276,83.1,3,41,0.0732,0.25,0.0,10.0,0.0,5.0,134.0,83.7,24.0,0.0,3.0,14.0,1.0,7.0,142.0,82.4,27.0,0.4286,60.3,15.7,73.3,1014.3,0.0,6.1,3.8,273.3,W,-0.36,-2.43,1.76
414244,2015-05-20,2015,CHC,2015-05-20 19:10:00,19,2,3,5,1,25,9,11,293,87.6,1,37,0.027,0.0909,1.0,15.0,4.0,6.0,147.0,88.8,20.0,0.1667,0.0,10.0,4.0,5.0,146.0,86.4,20.0,0.0,60.0,15.5,66.3,1013.3,0.0,8.8,5.5,227.0,SW,6.02,3.45,7.87
414259,2015-05-21,2015,CHC,2015-05-21 18:10:00,18,0,3,3,2,15,2,12,247,83.2,2,49,0.0408,0.1667,0.0,7.0,0.0,5.0,108.0,88.2,25.0,0.0,2.0,8.0,2.0,7.0,139.0,79.3,32.0,0.2857,60.7,15.9,63.0,1013.8,0.0,13.9,8.6,241.3,SW,6.65,2.09,10.41
414364,2015-05-28,2015,PIT,2015-05-28 19:10:00,19,5,11,16,3,18,5,24,307,89.9,4,59,0.0678,0.125,0.0,8.0,2.0,9.0,128.0,90.5,31.0,0.0,3.0,10.0,3.0,15.0,179.0,89.5,36.0,0.2,62.7,17.0,78.3,1012.7,0.0,7.0,4.3,288.0,W,-2.16,-4.31,0.25
414376,2015-05-29,2015,PIT,2015-05-29 19:10:00,19,6,2,8,1,22,8,13,292,88.3,2,44,0.0455,0.0769,1.0,12.0,4.0,7.0,150.0,90.7,23.0,0.1429,0.0,10.0,3.0,6.0,142.0,86.3,27.0,0.0,64.5,18.1,71.7,1011.7,0.0,6.6,4.1,272.6,W,-0.3,-2.54,1.97
414391,2015-05-30,2015,PIT,2015-05-30 19:10:00,19,2,5,7,0,14,5,14,271,86.1,2,54,0.037,0.0,0.0,6.0,1.0,4.0,110.0,85.3,28.0,0.0,0.0,8.0,3.0,10.0,161.0,86.9,31.0,0.0,64.2,17.9,75.7,1011.4,0.0,6.8,4.2,259.7,W,1.21,-1.14,3.42
414406,2015-05-31,2015,PIT,2015-05-31 18:10:00,18,7,1,8,2,13,4,21,285,86.4,1,60,0.0167,0.0952,1.0,7.0,3.0,13.0,159.0,88.8,33.0,0.0769,1.0,6.0,1.0,8.0,126.0,84.2,35.0,0.125,64.2,17.9,73.7,1011.7,0.0,7.6,4.7,272.3,W,-0.31,-2.87,2.3
414417,2015-06-01,2015,NYM,2015-06-01 19:10:00,19,0,7,7,1,25,1,15,266,89.5,0,41,0.0,0.0667,0.0,9.0,0.0,2.0,114.0,87.6,23.0,0.0,1.0,16.0,1.0,13.0,152.0,91.2,26.0,0.0769,63.4,17.4,76.0,1013.9,0.0,7.7,4.8,296.0,NW,-3.38,-5.54,-0.8
414431,2015-06-02,2015,NYM,2015-06-02 19:10:00,19,7,2,9,1,25,4,22,292,87.7,0,46,0.0,0.0455,1.0,13.0,2.0,14.0,151.0,84.2,25.0,0.0714,0.0,12.0,2.0,8.0,141.0,90.9,28.0,0.0,63.3,17.4,77.0,1012.8,0.0,6.9,4.3,277.3,W,-0.88,-3.18,1.52
414446,2015-06-03,2015,NYM,2015-06-03 18:10:00,18,7,3,10,0,11,4,19,255,83.5,0,59,0.0,0.0,0.0,5.0,1.0,10.0,124.0,83.8,36.0,0.0,0.0,6.0,3.0,9.0,131.0,83.1,31.0,0.0,64.3,17.9,71.7,1010.8,0.0,9.3,5.8,259.7,W,1.67,-1.57,4.71
414560,2015-06-12,2015,LAD,2015-06-12 19:10:00,19,3,4,7,2,22,7,18,323,83.1,1,47,0.0213,0.1111,2.0,16.0,3.0,7.0,168.0,83.7,25.0,0.2857,0.0,6.0,4.0,11.0,155.0,82.7,37.0,0.0,65.1,18.4,78.3,1008.9,0.0,7.0,4.3,216.0,SW,5.63,3.89,6.7
414575,2015-06-13,2015,LAD,2015-06-13 19:10:00,19,2,1,3,2,13,2,13,224,83.8,1,46,0.0217,0.1538,1.0,7.0,1.0,8.0,100.0,81.4,22.0,0.125,1.0,6.0,1.0,5.0,124.0,85.8,26.0,0.2,65.8,18.8,74.0,1008.1,0.0,6.2,3.8,255.7,W,1.53,-0.61,3.48
414590,2015-06-14,2015,LAD,2015-06-14 13:10:00,13,2,4,6,1,27,11,21,363,87.8,3,61,0.0492,0.0476,0.0,15.0,4.0,11.0,181.0,87.4,32.0,0.0,1.0,12.0,7.0,10.0,182.0,88.1,35.0,0.1,71.7,22.1,62.3,1007.8,0.0,10.7,6.7,267.0,W,0.56,-3.14,4.19
414608,2015-06-15,2015,ATH,2015-06-15 19:10:00,19,1,9,10,1,17,10,18,325,86.3,0,56,0.0,0.0556,0.0,7.0,3.0,5.0,141.0,85.9,27.0,0.0,1.0,10.0,6.0,13.0,184.0,86.6,38.0,0.0769,65.8,18.8,82.0,1009.7,0.0,6.8,4.2,276.3,W,-0.75,-3.0,1.6
414623,2015-06-16,2015,ATH,2015-06-16 12:40:00,12,5,6,11,3,17,7,17,282,86.1,2,50,0.04,0.1765,2.0,12.0,1.0,9.0,131.0,83.6,28.0,0.2222,1.0,5.0,6.0,8.0,151.0,88.2,32.0,0.125,71.3,21.8,72.7,1012.0,0.0,12.1,7.5,254.0,W,3.34,-0.85,7.13
414751,2015-06-26,2015,AZ,2015-06-26 19:10:00,19,4,2,6,0,15,6,10,267,84.6,1,43,0.0233,0.0,0.0,7.0,0.0,8.0,137.0,85.2,30.0,0.0,0.0,8.0,6.0,2.0,130.0,83.6,18.0,0.0,67.8,19.9,79.3,1012.3,0.0,9.3,5.8,294.0,NW,-3.78,-6.46,-0.65
414766,2015-06-27,2015,AZ,2015-06-27 19:10:00,19,7,2,9,1,16,1,23,270,84.8,1,55,0.0182,0.0435,1.0,8.0,1.0,15.0,129.0,85.7,40.0,0.0667,0.0,8.0,0.0,8.0,141.0,83.5,30.0,0.0,68.0,20.0,81.7,1011.9,0.0,8.1,5.0,325.8,NW,-6.68,-7.82,-4.72
414781,2015-06-28,2015,AZ,2015-06-28 13:10:00,13,4,6,10,6,11,2,11,251,87.1,5,55,0.0909,0.5455,3.0,3.0,2.0,5.0,119.0,84.3,32.0,0.6,3.0,8.0,0.0,6.0,132.0,90.3,29.0,0.5,74.8,23.8,66.0,1011.5,1.4,13.2,8.2,301.7,NW,-6.93,-10.36,-2.67
414816,2015-06-30,2015,SEA,2015-06-30 19:10:00,19,0,5,5,2,15,5,8,252,88.1,3,46,0.0652,0.25,0.0,7.0,4.0,1.0,113.0,87.1,22.0,0.0,2.0,8.0,1.0,7.0,139.0,88.8,32.0,0.2857,71.9,22.2,80.3,1008.7,0.0,9.1,5.6,271.0,W,-0.16,-3.25,2.95
414831,2015-07-01,2015,SEA,2015-07-01 12:40:00,12,0,7,7,2,20,6,12,295,89.3,1,45,0.0222,0.1667,0.0,10.0,1.0,3.0,127.0,85.7,22.0,0.0,2.0,10.0,5.0,9.0,168.0,91.8,31.0,0.2222,76.9,24.9,73.7,1012.2,0.1,6.8,4.2,254.7,W,1.81,-0.56,3.95
414993,2015-07-17,2015,COL,2015-07-17 19:10:00,19,4,2,6,4,22,8,15,309,88.5,4,38,0.1053,0.2667,3.0,11.0,3.0,6.0,151.0,86.9,29.0,0.5,1.0,11.0,5.0,9.0,158.0,90.4,24.0,0.1111,69.7,20.9,71.7,1009.0,0.0,7.3,4.6,281.0,W,-1.41,-3.78,1.14
415008,2015-07-18,2015,COL,2015-07-18 17:40:00,17,5,4,9,3,18,6,13,263,87.0,3,43,0.0698,0.2308,2.0,7.0,4.0,5.0,110.0,88.1,26.0,0.4,1.0,11.0,2.0,8.0,153.0,86.0,28.0,0.125,78.7,26.0,83.0,1012.2,0.0,11.8,7.3,24.7,NE,-10.69,-8.37,-11.73
415041,2015-07-20,2015,SF,2015-07-20 19:10:00,19,4,2,6,2,14,5,17,301,89.1,5,52,0.0962,0.1176,1.0,6.0,4.0,10.0,164.0,86.9,31.0,0.1,1.0,8.0,1.0,7.0,137.0,91.2,32.0,0.1429,72.0,22.2,86.0,1013.3,0.0,6.6,4.1,250.0,W,2.26,-0.0,4.24
415054,2015-07-21,2015,SF,2015-07-21 19:10:00,19,3,9,12,3,13,5,13,293,86.3,5,51,0.098,0.2308,0.0,7.0,2.0,4.0,150.0,84.2,33.0,0.0,3.0,6.0,2.0,9.0,143.0,88.5,32.0,0.3333,71.4,21.9,87.7,1010.3,0.2,8.8,5.4,280.0,W,-1.52,-4.38,1.52
415069,2015-07-22,2015,SF,2015-07-22 12:40:00,12,1,7,8,3,18,9,17,333,89.4,3,51,0.0588,0.1765,1.0,8.0,3.0,6.0,152.0,91.5,28.0,0.1667,2.0,10.0,5.0,11.0,181.0,87.5,33.0,0.1818,77.1,25.0,70.3,1010.9,0.0,12.0,7.4,244.7,SW,5.12,1.11,8.51
415078,2015-07-23,2015,MIA,2015-07-23 19:10:00,19,0,4,4,0,18,5,13,277,84.9,0,46,0.0,0.0,0.0,9.0,4.0,3.0,135.0,85.9,27.0,0.0,0.0,9.0,1.0,10.0,142.0,84.0,28.0,0.0,71.5,21.9,84.7,1014.0,0.0,7.0,4.3,273.7,W,-0.45,-2.81,1.97
415091,2015-07-24,2015,MIA,2015-07-24 19:10:00,19,3,1,4,3,12,3,13,262,85.5,4,51,0.0784,0.2308,3.0,6.0,0.0,8.0,117.0,87.7,29.0,0.375,0.0,6.0,3.0,5.0,145.0,83.4,30.0,0.0,72.3,22.4,84.3,1014.9,0.0,7.3,4.6,285.0,W,-1.9,-4.21,0.64
415106,2015-07-25,2015,MIA,2015-07-25 17:40:00,17,3,1,4,1,19,3,16,267,88.1,1,47,0.0213,0.0625,0.0,9.0,2.0,8.0,130.0,87.8,26.0,0.0,1.0,10.0,1.0,8.0,137.0,88.4,24.0,0.125,79.0,26.1,65.0,1011.9,0.0,12.2,7.6,288.3,W,-3.82,-7.54,0.36
415121,2015-07-26,2015,MIA,2015-07-26 13:10:00,13,3,2,5,2,13,3,11,253,85.5,3,49,0.0612,0.1818,1.0,8.0,1.0,7.0,116.0,86.5,24.0,0.1429,1.0,5.0,2.0,4.0,137.0,84.6,28.0,0.25,78.9,26.1,53.7,1012.8,0.0,14.5,9.0,270.7,W,-0.17,-5.13,4.81
415287,2015-08-07,2015,PHI,2015-08-07 19:10:00,19,3,4,7,4,27,6,19,381,86.9,4,63,0.0635,0.2105,0.0,12.0,3.0,11.0,189.0,84.0,40.0,0.0,4.0,15.0,3.0,8.0,192.0,90.3,36.0,0.5,67.9,19.9,73.3,1010.8,0.0,8.9,5.5,266.0,W,0.62,-2.45,3.62
415302,2015-08-08,2015,PHI,2015-08-08 17:40:00,17,2,4,6,0,16,3,16,273,88.3,2,50,0.04,0.0,0.0,6.0,1.0,9.0,133.0,89.8,30.0,0.0,0.0,10.0,2.0,7.0,140.0,86.5,27.0,0.0,72.2,22.3,59.3,1011.8,0.0,12.2,7.6,274.3,W,-0.92,-5.03,3.29
415317,2015-08-09,2015,PHI,2015-08-09 13:10:00,13,3,5,8,2,15,1,20,291,88.5,3,60,0.05,0.1,1.0,7.0,0.0,9.0,149.0,87.0,35.0,0.1111,1.0,8.0,0.0,11.0,142.0,90.0,35.0,0.0909,72.6,22.5,62.3,1012.9,0.0,12.3,7.6,266.7,W,0.71,-3.53,4.87
415324,2015-08-10,2015,CIN,2015-08-10 19:10:00,19,2,1,3,2,15,11,11,293,84.3,2,46,0.0435,0.1818,1.0,6.0,4.0,7.0,135.0,85.5,26.0,0.1429,1.0,9.0,7.0,4.0,158.0,83.0,24.0,0.25,68.7,20.4,64.0,1010.9,0.0,9.4,5.9,286.7,W,-2.71,-5.63,0.55
415333,2015-08-11,2015,CIN,2015-08-11 19:10:00,19,11,6,17,3,12,7,22,292,89.9,5,60,0.0833,0.1364,1.0,5.0,5.0,11.0,153.0,87.6,37.0,0.0909,2.0,7.0,2.0,11.0,139.0,92.4,34.0,0.1818,68.7,20.4,71.7,1011.5,0.0,7.3,4.5,287.0,W,-2.12,-4.37,0.38
415348,2015-08-12,2015,CIN,2015-08-12 12:40:00,12,3,7,10,2,22,6,14,297,85.0,3,43,0.0698,0.1429,1.0,11.0,2.0,5.0,143.0,82.4,21.0,0.2,1.0,11.0,2.0,9.0,154.0,87.1,26.0,0.1111,76.8,24.9,58.0,1013.5,0.0,16.3,10.1,288.0,W,-5.03,-10.01,0.57
415414,2015-08-17,2015,ATL,2015-08-17 19:10:00,19,5,3,8,3,13,6,16,281,87.1,5,49,0.102,0.1875,2.0,4.0,4.0,9.0,132.0,89.1,28.0,0.2222,1.0,9.0,2.0,7.0,149.0,85.3,31.0,0.1429,73.5,23.0,76.0,1011.4,0.0,6.0,3.7,224.0,SW,4.29,2.62,5.45
415424,2015-08-18,2015,ATL,2015-08-18 19:10:00,19,9,0,9,3,10,9,21,309,89.4,4,57,0.0702,0.1429,3.0,2.0,6.0,13.0,158.0,91.7,33.0,0.2308,0.0,8.0,3.0,8.0,151.0,86.6,27.0,0.0,70.3,21.3,76.7,1011.0,0.0,5.9,3.7,268.7,W,0.14,-1.89,2.15
415439,2015-08-19,2015,ATL,2015-08-19 12:40:00,12,3,2,5,1,19,6,16,272,85.6,0,44,0.0,0.0625,1.0,9.0,2.0,8.0,135.0,86.3,24.0,0.125,0.0,10.0,4.0,8.0,137.0,84.9,25.0,0.0,76.3,24.6,59.7,1011.7,0.0,13.6,8.4,269.3,W,0.16,-4.49,4.79
415475,2015-08-21,2015,STL,2015-08-21 19:10:00,19,9,3,12,3,20,6,21,316,88.4,3,52,0.0577,0.1429,3.0,9.0,3.0,13.0,140.0,89.6,30.0,0.2308,0.0,11.0,3.0,8.0,176.0,87.1,29.0,0.0,68.9,20.5,77.7,1010.1,0.0,7.7,4.8,275.3,W,-0.72,-3.31,1.96
415490,2015-08-22,2015,STL,2015-08-22 17:40:00,17,8,0,8,0,24,4,20,293,85.3,1,48,0.0208,0.0,0.0,8.0,2.0,12.0,142.0,84.1,29.0,0.0,0.0,16.0,2.0,8.0,151.0,86.8,23.0,0.0,73.0,22.8,68.7,1010.5,0.0,10.7,6.6,285.3,W,-2.83,-6.19,0.87
415505,2015-08-23,2015,STL,2015-08-23 13:10:00,13,3,10,13,2,14,6,22,369,85.8,2,62,0.0323,0.0909,0.0,6.0,2.0,11.0,170.0,85.9,36.0,0.0,2.0,8.0,3.0,11.0,199.0,85.7,39.0,0.1818,77.1,25.1,61.3,1012.8,0.0,13.0,8.1,281.0,W,-2.47,-6.68,2.03
415613,2015-08-31,2015,TEX,2015-08-31 19:10:00,19,7,0,7,0,9,4,15,264,87.0,2,58,0.0345,0.0,0.0,2.0,1.0,12.0,138.0,87.2,37.0,0.0,0.0,7.0,2.0,3.0,126.0,86.7,27.0,0.0,69.8,21.0,71.3,1010.6,0.0,7.5,4.6,203.0,SW,6.87,5.46,7.46
415628,2015-09-01,2015,TEX,2015-09-01 19:10:00,19,6,8,14,2,13,5,26,341,88.5,2,67,0.0299,0.0769,1.0,5.0,3.0,14.0,179.0,88.7,42.0,0.0714,1.0,8.0,1.0,12.0,162.0,88.2,36.0,0.0833,69.7,21.0,74.3,1012.3,0.0,7.4,4.6,261.7,W,1.07,-1.5,3.51
415643,2015-09-02,2015,TEX,2015-09-02 19:10:00,19,3,4,7,1,27,8,17,332,87.3,1,49,0.0204,0.0588,0.0,11.0,2.0,8.0,143.0,86.4,30.0,0.0,1.0,16.0,6.0,9.0,189.0,88.4,26.0,0.1111,68.8,20.5,71.3,1011.7,0.0,7.1,4.4,261.0,W,1.11,-1.35,3.43
415648,2015-09-03,2015,LAD,2015-09-03 19:10:00,19,10,7,17,2,15,5,24,282,88.4,2,58,0.0345,0.0833,2.0,7.0,1.0,15.0,138.0,87.9,31.0,0.1333,0.0,8.0,4.0,9.0,144.0,89.0,29.0,0.0,67.6,19.8,72.3,1009.6,0.0,8.5,5.3,258.3,W,1.72,-1.23,4.46
415656,2015-09-04,2015,LAD,2015-09-04 19:10:00,19,4,8,12,8,22,11,14,338,86.5,9,46,0.1957,0.5714,3.0,12.0,2.0,4.0,142.0,87.0,21.0,0.75,5.0,10.0,9.0,10.0,196.0,86.2,36.0,0.5,68.8,20.5,67.7,1009.7,0.0,8.0,5.0,276.0,W,-0.84,-3.51,1.93
415671,2015-09-05,2015,LAD,2015-09-05 17:40:00,17,0,2,2,0,14,9,11,277,85.6,1,50,0.02,0.0,0.0,6.0,4.0,3.0,120.0,85.0,22.0,0.0,0.0,8.0,4.0,8.0,157.0,86.1,28.0,0.0,73.1,22.8,59.3,1010.5,0.0,10.1,6.3,272.0,W,-0.35,-3.78,3.12
415686,2015-09-06,2015,LAD,2015-09-06 13:10:00,13,1,5,6,1,18,11,13,324,88.6,3,47,0.0638,0.0769,1.0,8.0,4.0,6.0,142.0,87.5,33.0,0.1667,0.0,10.0,7.0,7.0,182.0,90.4,22.0,0.0,81.4,27.4,52.3,1011.1,0.0,13.6,8.4,263.0,W,1.66,-3.05,6.16
415700,2015-09-07,2015,COL,2015-09-07 13:10:00,13,4,6,10,2,28,4,20,293,87.4,2,42,0.0476,0.1,1.0,12.0,3.0,11.0,149.0,85.2,27.0,0.0909,1.0,16.0,1.0,9.0,144.0,90.3,21.0,0.1111,85.9,29.9,51.3,1009.6,0.0,15.2,9.4,272.7,W,-0.71,-5.85,4.52
415715,2015-09-08,2015,COL,2015-09-08 19:10:00,19,2,1,3,2,14,7,10,258,89.7,5,47,0.1064,0.2,1.0,8.0,4.0,7.0,139.0,89.4,25.0,0.1429,1.0,6.0,3.0,3.0,119.0,90.0,24.0,0.3333,79.3,26.3,68.0,1007.9,0.0,9.8,6.1,328.8,NW,-8.36,-9.58,-6.13
415730,2015-09-09,2015,COL,2015-09-09 18:10:00,18,11,4,15,3,10,7,28,321,87.5,4,64,0.0625,0.1071,2.0,2.0,2.0,18.0,174.0,88.0,45.0,0.1111,1.0,8.0,5.0,10.0,147.0,86.8,34.0,0.1,83.5,28.6,63.7,1007.9,0.0,8.0,5.0,236.0,SW,4.46,1.93,6.45
415023,2015-09-10,2015,COL,2015-07-19 13:10:00,13,3,4,7,5,23,3,11,262,85.0,5,41,0.122,0.4545,1.0,14.0,3.0,6.0,149.0,82.2,24.0,0.1667,4.0,9.0,0.0,5.0,113.0,87.5,27.0,0.8,79.9,26.6,80.3,1015.9,4.1,7.8,4.9,242.3,SW,3.65,1.06,5.8
415911,2015-09-22,2015,SF,2015-09-22 19:10:00,19,2,4,6,3,27,9,14,334,84.3,2,37,0.0541,0.2143,2.0,11.0,5.0,6.0,163.0,86.3,23.0,0.3333,1.0,16.0,4.0,8.0,171.0,82.3,22.0,0.125,73.1,22.8,80.0,1011.6,0.0,5.4,3.4,286.3,W,-1.53,-3.22,0.35
415926,2015-09-23,2015,SF,2015-09-23 19:10:00,19,5,4,9,1,16,10,15,319,82.5,1,51,0.0196,0.0667,0.0,6.0,3.0,11.0,163.0,81.4,32.0,0.0,1.0,10.0,5.0,4.0,156.0,84.0,24.0,0.25,73.4,23.0,72.3,1009.6,0.0,6.9,4.3,316.7,NW,-5.04,-6.37,-3.11
415937,2015-09-24,2015,SF,2015-09-24 18:10:00,18,5,4,9,2,17,8,19,295,86.2,1,51,0.0196,0.1053,1.0,10.0,4.0,6.0,145.0,85.1,25.0,0.1667,1.0,7.0,2.0,13.0,150.0,87.0,34.0,0.0769,76.0,24.5,71.0,1009.8,0.0,6.6,4.1,253.7,W,1.86,-0.42,3.91
415940,2015-09-25,2015,AZ,2015-09-25 19:10:00,19,3,6,9,1,10,5,12,276,86.4,1,56,0.0179,0.0833,0.0,7.0,3.0,6.0,151.0,86.4,31.0,0.0,1.0,3.0,2.0,6.0,125.0,86.3,32.0,0.1667,77.4,25.2,70.3,1009.5,0.0,6.8,4.2,290.7,W,-2.4,-4.43,-0.08
415955,2015-09-26,2015,AZ,2015-09-26 17:40:00,17,3,0,3,0,15,3,11,245,88.4,0,46,0.0,0.0,0.0,8.0,2.0,7.0,138.0,90.3,19.0,0.0,0.0,7.0,1.0,4.0,107.0,86.7,22.0,0.0,79.2,26.2,61.7,1007.4,0.0,7.4,4.6,284.0,W,-1.79,-4.14,0.77
415970,2015-09-27,2015,AZ,2015-09-27 13:10:00,13,2,4,6,3,22,12,14,315,87.1,2,43,0.0465,0.2143,0.0,11.0,4.0,5.0,161.0,84.1,25.0,0.0,3.0,11.0,7.0,9.0,154.0,89.8,28.0,0.3333,83.7,28.7,59.0,1007.9,0.0,13.3,8.2,264.3,W,1.31,-3.28,5.75
416001,2015-09-29,2015,MIL,2015-09-29 19:10:00,19,3,4,7,1,22,6,16,280,85.9,3,44,0.0682,0.0625,0.0,10.0,2.0,9.0,137.0,88.4,32.0,0.0,1.0,12.0,4.0,7.0,143.0,82.7,24.0,0.1429,73.0,22.8,74.7,1009.7,0.0,6.7,4.1,322.3,NW,-5.28,-6.35,-3.56
416016,2015-09-30,2015,MIL,2015-09-30 19:10:00,19,0,5,5,0,20,7,19,290,84.3,0,47,0.0,0.0,0.0,9.0,5.0,6.0,140.0,81.9,26.0,0.0,0.0,11.0,2.0,13.0,150.0,86.0,36.0,0.0,74.7,23.7,72.3,1008.7,0.0,3.2,2.0,274.0,W,-0.22,-1.29,0.87
416030,2015-10-01,2015,MIL,2015-10-01 15:40:00,15,3,1,4,2,21,7,13,298,86.8,1,38,0.0263,0.1538,1.0,5.0,7.0,6.0,154.0,84.9,24.0,0.1667,1.0,16.0,0.0,7.0,144.0,89.4,18.0,0.1429,80.1,26.7,54.3,1011.2,0.0,12.9,8.0,260.0,W,2.23,-2.23,6.43
446871,2016-04-04,2016,LAD,2016-04-04 16:05:00,16,0,15,15,0,20,6,21,319,84.6,1,54,0.0185,0.0,0.0,10.0,2.0,4.0,139.0,79.4,23.0,0.0,0.0,10.0,4.0,17.0,180.0,87.3,44.0,0.0,70.6,21.5,52.7,1015.9,0.0,15.5,9.6,289.0,W,-5.05,-9.75,0.27
446884,2016-04-05,2016,LAD,2016-04-05 19:10:00,19,0,3,3,0,21,2,8,247,82.9,0,41,0.0,0.0,0.0,11.0,0.0,2.0,115.0,82.8,25.0,0.0,0.0,10.0,2.0,6.0,132.0,82.9,35.0,0.0,64.2,17.9,70.3,1015.9,0.0,5.2,3.3,216.7,SW,4.2,2.87,5.01
446894,2016-04-06,2016,LAD,2016-04-06 18:10:00,18,0,7,7,2,16,3,16,292,80.0,1,53,0.0189,0.125,0.0,7.0,0.0,5.0,121.0,79.8,38.0,0.0,2.0,9.0,3.0,11.0,171.0,80.2,45.0,0.1818,63.7,17.6,73.3,1017.8,0.0,5.9,3.6,152.3,SE,5.19,5.81,3.95
447007,2016-04-15,2016,AZ,2016-04-15 19:40:00,19,2,3,5,1,15,7,16,256,83.3,1,51,0.0196,0.0625,0.0,7.0,1.0,8.0,128.0,80.4,33.0,0.0,1.0,8.0,4.0,8.0,128.0,86.2,33.0,0.125,62.4,16.9,69.0,1011.2,0.0,6.1,3.8,352.6,N,-6.08,-5.99,-5.44
447022,2016-04-16,2016,AZ,2016-04-16 17:40:00,17,5,3,8,2,31,9,25,471,83.0,3,76,0.0395,0.08,2.0,14.0,3.0,14.0,238.0,82.3,65.0,0.1429,0.0,17.0,3.0,11.0,233.0,83.9,49.0,0.0,69.7,21.0,40.3,1013.4,0.0,12.4,7.7,304.6,NW,-7.03,-10.09,-3.13
447037,2016-04-17,2016,AZ,2016-04-17 13:40:00,13,3,7,10,4,15,4,17,248,84.0,4,53,0.0755,0.2353,0.0,10.0,3.0,6.0,131.0,82.4,36.0,0.0,4.0,5.0,1.0,11.0,117.0,85.4,42.0,0.3636,82.9,28.3,19.3,1013.3,0.0,9.3,5.8,327.2,NW,-7.85,-9.1,-5.65
447069,2016-04-19,2016,PIT,2016-04-19 19:10:00,19,5,4,9,3,20,12,20,365,83.7,4,49,0.0816,0.15,3.0,9.0,10.0,9.0,196.0,81.5,34.0,0.3333,0.0,11.0,2.0,11.0,169.0,85.7,39.0,0.0,72.4,22.5,41.3,1011.7,0.0,6.2,3.9,353.6,N,-6.2,-6.06,-5.59
447084,2016-04-20,2016,PIT,2016-04-20 19:10:00,19,8,2,10,1,17,9,20,310,84.7,1,51,0.0196,0.05,1.0,6.0,4.0,12.0,155.0,85.1,38.0,0.0833,0.0,11.0,5.0,8.0,155.0,84.1,33.0,0.0,69.3,20.7,47.3,1011.4,0.0,7.1,4.4,316.0,NW,-5.11,-6.48,-3.11
447098,2016-04-21,2016,PIT,2016-04-21 18:10:00,18,1,11,12,0,17,5,16,319,83.4,2,53,0.0377,0.0,0.0,10.0,0.0,5.0,141.0,86.5,30.0,0.0,0.0,7.0,4.0,11.0,178.0,81.4,49.0,0.0,65.0,18.3,71.0,1010.8,0.0,12.5,7.8,292.0,W,-4.7,-8.39,-0.44
447115,2016-04-22,2016,STL,2016-04-22 19:40:00,19,4,1,5,2,10,3,15,252,82.0,3,54,0.0556,0.1333,1.0,2.0,1.0,9.0,115.0,83.0,36.0,0.1111,1.0,8.0,1.0,6.0,137.0,81.1,41.0,0.1667,62.3,16.8,77.3,1015.1,0.0,13.8,8.6,304.3,NW,-7.8,-11.24,-3.42
447130,2016-04-23,2016,STL,2016-04-23 17:40:00,17,2,11,13,3,8,9,21,310,83.9,6,64,0.0938,0.1429,0.0,4.0,3.0,5.0,127.0,81.8,36.0,0.0,3.0,4.0,5.0,16.0,183.0,85.3,51.0,0.1875,66.7,19.3,55.3,1013.6,0.0,14.7,9.1,295.3,NW,-6.29,-10.45,-1.37
447145,2016-04-24,2016,STL,2016-04-24 13:40:00,13,5,8,13,3,18,7,23,356,82.8,3,60,0.05,0.1304,1.0,10.0,3.0,9.0,173.0,81.8,42.0,0.1111,2.0,8.0,3.0,14.0,183.0,83.7,44.0,0.1429,67.5,19.7,59.0,1011.9,0.0,18.9,11.7,210.0,SW,16.37,12.14,18.61
447246,2016-05-02,2016,COL,2016-05-02 19:10:00,19,2,1,3,0,23,6,15,286,82.6,1,38,0.0263,0.0,0.0,12.0,2.0,6.0,132.0,82.1,26.0,0.0,0.0,11.0,3.0,9.0,154.0,83.1,30.0,0.0,60.9,16.1,80.3,1013.9,0.0,7.5,4.7,294.7,NW,-3.14,-5.3,-0.61
447258,2016-05-03,2016,COL,2016-05-03 19:10:00,19,6,3,9,3,16,4,14,269,84.5,4,46,0.087,0.2143,2.0,5.0,1.0,9.0,123.0,84.1,39.0,0.2222,1.0,11.0,3.0,5.0,146.0,85.0,33.0,0.2,62.0,16.7,76.7,1012.5,0.0,7.3,4.5,269.0,W,0.13,-2.38,2.62
447273,2016-05-04,2016,COL,2016-05-04 12:40:00,12,0,2,2,0,13,5,11,246,80.9,3,48,0.0625,0.0,0.0,7.0,1.0,3.0,112.0,77.7,33.0,0.0,0.0,6.0,4.0,8.0,134.0,83.7,36.0,0.0,65.2,18.4,65.3,1012.5,0.0,14.7,9.1,261.7,W,2.13,-2.97,6.98
447289,2016-05-05,2016,NYM,2016-05-05 19:10:00,19,5,3,8,4,12,4,15,267,86.3,6,53,0.1132,0.2667,2.0,7.0,2.0,11.0,145.0,84.7,42.0,0.1818,2.0,5.0,2.0,4.0,122.0,88.5,31.0,0.5,61.6,16.4,71.7,1010.2,0.3,9.5,5.9,244.7,SW,4.05,0.88,6.73
447302,2016-05-06,2016,NYM,2016-05-06 19:40:00,19,2,0,2,0,17,7,11,294,84.9,0,42,0.0,0.0,0.0,8.0,2.0,8.0,134.0,85.7,33.0,0.0,0.0,9.0,5.0,3.0,160.0,84.1,32.0,0.0,59.8,15.5,84.0,1012.0,0.8,9.1,5.6,242.0,SW,4.26,1.26,6.74
447317,2016-05-07,2016,NYM,2016-05-07 17:40:00,17,3,6,9,5,20,8,17,283,86.9,3,50,0.06,0.2941,1.0,9.0,1.0,8.0,124.0,85.2,33.0,0.125,4.0,11.0,5.0,9.0,159.0,88.8,29.0,0.4444,63.6,17.5,68.7,1013.0,0.1,12.4,7.7,259.3,W,2.31,-2.0,6.33
447332,2016-05-08,2016,NYM,2016-05-08 13:40:00,13,3,4,7,2,17,6,19,332,78.0,3,54,0.0556,0.1053,1.0,13.0,2.0,8.0,155.0,76.6,38.0,0.125,1.0,4.0,4.0,11.0,177.0,79.1,53.0,0.0909,65.5,18.6,66.3,1013.4,0.1,13.1,8.1,263.3,W,1.52,-3.02,5.88
447454,2016-05-17,2016,SF,2016-05-17 19:10:00,19,1,5,6,2,15,3,15,264,85.3,4,54,0.0741,0.1333,1.0,11.0,0.0,5.0,108.0,81.3,33.0,0.2,1.0,4.0,3.0,10.0,156.0,88.7,39.0,0.1,62.8,17.1,78.0,1012.8,0.0,8.1,5.0,250.0,W,2.77,0.0,5.21
447469,2016-05-18,2016,SF,2016-05-18 19:10:00,19,1,2,3,1,15,4,8,261,80.7,0,48,0.0,0.125,0.0,8.0,2.0,4.0,117.0,77.9,32.0,0.0,1.0,7.0,2.0,4.0,144.0,83.3,33.0,0.25,63.1,17.3,76.3,1013.1,0.0,6.6,4.1,259.0,W,1.26,-1.04,3.41
447482,2016-05-19,2016,SF,2016-05-19 18:10:00,18,1,3,4,1,19,2,13,273,86.8,1,48,0.0208,0.0769,0.0,10.0,0.0,4.0,125.0,86.4,33.0,0.0,1.0,9.0,2.0,9.0,148.0,87.2,36.0,0.1111,63.7,17.6,74.0,1009.5,0.0,8.9,5.5,247.3,SW,3.42,0.41,6.01
447493,2016-05-20,2016,LAD,2016-05-20 19:40:00,19,7,6,13,5,15,13,18,334,81.1,8,53,0.1509,0.2778,3.0,6.0,6.0,7.0,147.0,76.8,37.0,0.4286,2.0,9.0,5.0,11.0,187.0,84.8,43.0,0.1818,60.3,15.7,62.0,1012.4,0.0,12.5,7.8,238.3,SW,6.56,2.53,9.81
447508,2016-05-21,2016,LAD,2016-05-21 19:10:00,19,3,2,5,1,32,8,9,329,80.6,2,41,0.0488,0.1111,0.0,19.0,5.0,5.0,179.0,79.8,36.0,0.0,1.0,13.0,3.0,4.0,150.0,81.4,37.0,0.25,60.9,16.1,57.3,1016.5,0.0,11.0,6.8,270.0,W,0.0,-3.75,3.75
447523,2016-05-22,2016,LAD,2016-05-22 13:40:00,13,5,9,14,2,21,13,25,525,84.3,4,103,0.0388,0.08,0.0,12.0,4.0,9.0,256.0,83.8,72.0,0.0,2.0,9.0,5.0,16.0,269.0,84.8,80.0,0.125,67.7,19.8,51.3,1015.1,0.0,15.3,9.5,273.0,W,-0.8,-5.97,4.46
447664,2016-06-01,2016,SEA,2016-06-01 19:10:00,19,14,6,20,5,20,5,33,352,83.7,4,65,0.0615,0.1515,4.0,13.0,1.0,19.0,181.0,82.3,62.0,0.2105,1.0,7.0,4.0,14.0,171.0,85.5,46.0,0.0714,63.5,17.5,81.0,1012.6,0.0,6.9,4.3,246.7,SW,2.73,0.4,4.74
447677,2016-06-02,2016,SEA,2016-06-02 18:10:00,18,13,16,29,2,18,5,36,366,85.2,2,72,0.0278,0.0556,0.0,10.0,3.0,20.0,172.0,84.2,61.0,0.0,2.0,8.0,2.0,16.0,194.0,86.3,56.0,0.125,69.0,20.6,76.3,1012.4,0.0,7.2,4.5,272.0,W,-0.25,-2.71,2.24
447682,2016-06-03,2016,COL,2016-06-03 19:40:00,19,4,0,4,1,13,5,6,240,80.0,1,45,0.0222,0.1667,1.0,4.0,3.0,4.0,105.0,81.3,33.0,0.25,0.0,9.0,2.0,2.0,135.0,78.5,29.0,0.0,69.0,20.5,81.7,1012.1,0.0,6.6,4.1,289.0,W,-2.14,-4.15,0.12
447697,2016-06-04,2016,COL,2016-06-04 19:10:00,19,4,3,7,3,14,6,21,294,83.3,3,55,0.0545,0.1429,2.0,5.0,1.0,12.0,132.0,84.0,40.0,0.1667,1.0,9.0,5.0,9.0,162.0,82.8,44.0,0.1111,67.0,19.5,76.3,1011.9,0.0,8.5,5.3,291.7,W,-3.15,-5.67,-0.25
447712,2016-06-05,2016,COL,2016-06-05 18:10:00,18,3,10,13,5,21,4,16,280,84.8,6,48,0.125,0.3125,2.0,12.0,1.0,6.0,118.0,86.4,27.0,0.3333,3.0,9.0,3.0,10.0,162.0,83.8,45.0,0.3,65.1,18.4,74.3,1009.3,0.0,10.6,6.6,288.3,W,-3.33,-6.57,0.31
447724,2016-06-06,2016,ATL,2016-06-06 19:10:00,19,7,2,9,1,16,3,20,281,83.5,1,56,0.0179,0.05,1.0,5.0,1.0,11.0,140.0,84.5,42.0,0.0909,0.0,11.0,2.0,9.0,141.0,82.3,40.0,0.0,63.1,17.3,79.3,1009.4,0.0,9.6,5.9,280.7,W,-1.77,-4.88,1.55
447734,2016-06-07,2016,ATL,2016-06-07 19:10:00,19,4,3,7,1,11,6,16,264,83.6,1,54,0.0185,0.0625,1.0,6.0,4.0,9.0,143.0,83.3,40.0,0.1111,0.0,5.0,2.0,7.0,121.0,83.9,38.0,0.0,62.7,17.0,77.3,1011.0,0.0,7.7,4.8,273.7,W,-0.49,-3.09,2.17
447749,2016-06-08,2016,ATL,2016-06-08 12:40:00,12,2,4,6,2,19,5,19,285,83.5,4,53,0.0755,0.1053,2.0,9.0,2.0,5.0,124.0,84.0,32.0,0.4,0.0,10.0,2.0,14.0,161.0,83.1,45.0,0.0,67.2,19.5,70.7,1010.9,0.0,12.4,7.7,264.3,W,1.23,-3.08,5.39
447822,2016-06-13,2016,MIA,2016-06-13 19:10:00,19,4,13,17,5,22,8,26,324,84.3,5,57,0.0877,0.1923,4.0,10.0,2.0,7.0,139.0,82.7,38.0,0.5714,1.0,12.0,6.0,19.0,185.0,85.5,47.0,0.0526,63.9,17.7,75.7,1015.8,0.0,12.5,7.7,308.7,NW,-7.79,-10.65,-3.99
447834,2016-06-14,2016,MIA,2016-06-14 19:10:00,19,2,5,7,1,18,7,13,301,82.4,0,49,0.0,0.0769,0.0,12.0,2.0,7.0,146.0,84.5,31.0,0.0,1.0,6.0,5.0,6.0,155.0,80.9,44.0,0.1667,63.5,17.5,76.3,1012.1,0.0,7.6,4.7,267.7,W,0.31,-2.31,2.89
447849,2016-06-15,2016,MIA,2016-06-15 12:40:00,12,6,3,9,1,11,3,22,271,83.9,1,60,0.0167,0.0455,1.0,6.0,1.0,13.0,128.0,85.3,40.0,0.0769,0.0,5.0,1.0,9.0,143.0,82.4,38.0,0.0,68.2,20.1,57.0,1015.0,0.0,14.7,9.1,248.3,W,5.43,0.43,9.77
447866,2016-06-16,2016,WSH,2016-06-16 19:10:00,19,5,8,13,4,13,9,19,334,85.6,4,60,0.0667,0.2105,1.0,8.0,4.0,10.0,157.0,86.5,33.0,0.1,3.0,5.0,4.0,9.0,177.0,85.1,52.0,0.3333,67.1,19.5,68.0,1014.0,0.0,10.0,6.2,309.0,NW,-6.27,-8.54,-3.24
447881,2016-06-17,2016,WSH,2016-06-17 19:40:00,19,5,7,12,3,15,7,20,301,83.8,4,57,0.0702,0.15,1.0,8.0,5.0,9.0,163.0,82.5,43.0,0.1111,2.0,7.0,2.0,11.0,138.0,85.2,39.0,0.1818,70.3,21.3,65.7,1014.2,0.0,9.0,5.6,309.7,NW,-5.72,-7.74,-3.02
447896,2016-06-18,2016,WSH,2016-06-18 19:10:00,19,7,3,10,1,20,5,17,288,81.1,1,46,0.0217,0.0588,1.0,10.0,2.0,9.0,163.0,77.7,42.0,0.1111,0.0,10.0,2.0,8.0,125.0,85.7,31.0,0.0,72.9,22.7,67.3,1013.1,0.0,11.2,7.0,328.6,NW,-9.59,-11.01,-7.01
447911,2016-06-19,2016,WSH,2016-06-19 13:40:00,13,6,3,9,3,19,5,17,279,84.1,3,44,0.0682,0.1765,0.0,6.0,4.0,10.0,147.0,85.1,35.0,0.0,3.0,13.0,1.0,7.0,132.0,82.8,30.0,0.4286,88.2,31.2,32.7,1009.8,0.0,20.3,12.6,298.3,NW,-9.63,-15.16,-2.94
448016,2016-06-28,2016,BAL,2016-06-28 19:10:00,19,7,11,18,5,16,9,25,334,83.5,6,61,0.0984,0.2,2.0,9.0,6.0,8.0,176.0,82.7,34.0,0.25,3.0,7.0,3.0,17.0,158.0,84.0,57.0,0.1765,72.3,22.4,74.0,1011.5,0.0,8.3,5.2,289.3,W,-2.75,-5.28,0.1
448031,2016-06-29,2016,BAL,2016-06-29 12:40:00,12,6,12,18,2,18,10,20,304,82.6,1,56,0.0179,0.1,1.0,8.0,5.0,8.0,146.0,79.5,36.0,0.125,1.0,10.0,3.0,12.0,158.0,85.6,37.0,0.0833,77.2,25.1,62.3,1011.3,0.0,13.9,8.7,271.0,W,-0.24,-4.99,4.54
448068,2016-07-01,2016,NYY,2016-07-01 19:40:00,19,7,6,13,3,14,7,15,295,81.2,3,50,0.06,0.2,2.0,5.0,5.0,8.0,149.0,79.7,40.0,0.25,1.0,9.0,2.0,7.0,146.0,83.0,35.0,0.1429,66.1,19.0,73.0,1012.2,0.0,8.4,5.2,234.0,SW,4.96,2.32,6.99
448083,2016-07-02,2016,NYY,2016-07-02 19:10:00,19,2,1,3,1,18,4,13,246,80.7,1,43,0.0233,0.0769,1.0,11.0,3.0,7.0,124.0,80.8,28.0,0.1429,0.0,7.0,1.0,6.0,122.0,80.6,31.0,0.0,66.7,19.3,73.3,1014.6,0.0,7.1,4.4,256.0,W,1.72,-0.75,3.99
448098,2016-07-03,2016,NYY,2016-07-03 13:40:00,13,3,6,9,5,18,5,18,285,83.0,2,53,0.0377,0.2778,2.0,12.0,1.0,8.0,143.0,79.2,33.0,0.25,3.0,6.0,3.0,10.0,142.0,85.9,42.0,0.3,71.9,22.2,65.3,1016.5,0.0,11.6,7.2,265.3,W,0.94,-3.06,4.83
448215,2016-07-15,2016,SF,2016-07-15 19:40:00,19,4,1,5,2,21,2,12,254,80.8,3,39,0.0769,0.1667,2.0,11.0,2.0,7.0,130.0,80.6,28.0,0.2857,0.0,10.0,0.0,5.0,124.0,81.0,33.0,0.0,66.8,19.3,85.0,1011.1,0.0,7.8,4.9,266.0,W,0.55,-2.16,3.19
448230,2016-07-16,2016,SF,2016-07-16 17:40:00,17,6,6,12,6,15,8,24,361,82.1,3,64,0.0469,0.25,2.0,8.0,5.0,10.0,179.0,82.3,46.0,0.2,4.0,7.0,1.0,14.0,182.0,81.9,57.0,0.2857,70.5,21.4,72.3,1010.6,0.0,10.1,6.3,276.3,W,-1.11,-4.47,2.38
448245,2016-07-17,2016,SF,2016-07-17 13:40:00,13,5,3,8,4,14,10,12,296,79.9,3,50,0.06,0.3333,3.0,8.0,3.0,10.0,160.0,80.2,47.0,0.3,1.0,6.0,7.0,2.0,136.0,79.4,34.0,0.5,74.4,23.6,65.0,1013.1,0.0,13.2,8.2,261.0,W,2.07,-2.53,6.42
448397,2016-07-29,2016,CIN,2016-07-29 19:40:00,19,0,6,6,0,18,10,17,301,84.2,2,49,0.0408,0.0,0.0,12.0,4.0,6.0,141.0,84.7,28.0,0.0,0.0,6.0,5.0,11.0,160.0,83.8,43.0,0.0,73.1,22.8,75.0,1008.5,0.0,10.6,6.6,231.7,SW,6.55,3.32,8.99
448412,2016-07-30,2016,CIN,2016-07-30 17:40:00,17,2,1,3,1,15,3,11,265,82.4,2,51,0.0392,0.0909,1.0,11.0,2.0,6.0,138.0,84.4,28.0,0.1667,0.0,4.0,1.0,5.0,127.0,81.1,46.0,0.0,75.6,24.2,71.3,1009.0,0.0,7.6,4.7,240.4,SW,3.75,1.27,5.79
448427,2016-07-31,2016,CIN,2016-07-31 13:40:00,13,2,3,5,1,19,6,14,297,80.4,1,48,0.0208,0.0714,0.0,12.0,4.0,5.0,155.0,81.3,34.0,0.0,1.0,7.0,2.0,9.0,142.0,79.6,41.0,0.1111,80.1,26.7,60.0,1011.5,0.0,13.4,8.3,239.4,SW,6.85,2.48,10.39
448441,2016-08-01,2016,MIL,2016-08-01 19:10:00,19,7,3,10,2,15,15,16,344,82.5,2,48,0.0417,0.125,0.0,7.0,8.0,10.0,165.0,80.0,44.0,0.0,2.0,8.0,7.0,6.0,179.0,85.7,33.0,0.3333,71.7,22.0,77.0,1013.4,0.0,7.9,4.9,276.7,W,-0.91,-3.53,1.81
448451,2016-08-02,2016,MIL,2016-08-02 19:10:00,19,2,3,5,1,15,6,17,263,82.5,2,52,0.0385,0.0588,0.0,7.0,2.0,6.0,124.0,84.6,35.0,0.0,1.0,8.0,2.0,11.0,139.0,80.5,37.0,0.0909,70.5,21.4,77.3,1014.2,0.0,7.9,4.9,266.3,W,0.51,-2.23,3.18
448466,2016-08-03,2016,MIL,2016-08-03 12:40:00,12,12,3,15,3,14,5,23,295,84.4,3,60,0.05,0.1304,2.0,8.0,5.0,14.0,169.0,81.7,49.0,0.1429,1.0,6.0,0.0,9.0,126.0,88.1,36.0,0.1111,75.6,24.2,66.7,1013.6,0.0,13.9,8.7,262.0,W,1.94,-2.9,6.54
448499,2016-08-05,2016,PHI,2016-08-05 19:40:00,19,4,5,9,3,10,3,16,265,83.5,2,58,0.0345,0.1875,2.0,5.0,2.0,10.0,143.0,80.3,44.0,0.2,1.0,5.0,1.0,6.0,122.0,87.5,36.0,0.1667,70.0,21.1,77.7,1009.5,0.0,8.2,5.1,279.0,W,-1.29,-3.99,1.57
448514,2016-08-06,2016,PHI,2016-08-06 17:40:00,17,9,7,16,2,14,5,23,309,86.8,5,60,0.0833,0.087,0.0,5.0,4.0,14.0,143.0,86.5,44.0,0.0,2.0,9.0,1.0,9.0,166.0,87.1,45.0,0.2222,72.4,22.5,71.7,1008.2,0.0,11.0,6.8,280.7,W,-2.04,-5.61,1.78
448529,2016-08-07,2016,PHI,2016-08-07 13:40:00,13,5,6,11,3,18,3,19,299,82.7,1,53,0.0189,0.1579,2.0,9.0,2.0,5.0,139.0,80.5,34.0,0.4,1.0,9.0,1.0,14.0,160.0,84.6,40.0,0.0714,74.7,23.7,65.3,1008.6,0.0,13.7,8.5,263.7,W,1.51,-3.24,6.08
448665,2016-08-18,2016,AZ,2016-08-18 19:10:00,19,9,8,17,1,11,11,26,331,84.2,4,64,0.0625,0.0385,0.0,6.0,5.0,12.0,163.0,82.8,41.0,0.0,1.0,5.0,5.0,14.0,168.0,85.4,48.0,0.0714,69.4,20.8,73.0,1010.5,0.0,8.1,5.0,284.0,W,-1.95,-4.51,0.84
448677,2016-08-19,2016,AZ,2016-08-19 19:40:00,19,7,4,11,2,22,13,24,344,83.7,3,55,0.0545,0.0833,2.0,11.0,5.0,11.0,139.0,87.4,33.0,0.1818,0.0,11.0,6.0,13.0,205.0,80.9,44.0,0.0,68.8,20.4,77.3,1011.2,0.0,7.8,4.8,291.3,W,-2.84,-5.15,-0.18
448692,2016-08-20,2016,AZ,2016-08-20 17:40:00,17,1,2,3,1,21,7,7,271,84.4,2,40,0.05,0.1429,1.0,15.0,3.0,3.0,148.0,84.2,29.0,0.3333,0.0,6.0,4.0,4.0,123.0,84.5,30.0,0.0,73.3,23.0,62.7,1009.9,0.0,15.0,9.3,302.3,NW,-8.04,-11.9,-3.21
448707,2016-08-21,2016,AZ,2016-08-21 13:40:00,13,9,1,10,2,15,3,16,264,83.1,3,51,0.0588,0.125,2.0,7.0,3.0,11.0,136.0,84.1,38.0,0.1818,0.0,8.0,0.0,5.0,128.0,82.1,36.0,0.0,78.1,25.6,55.7,1010.8,0.0,16.1,10.0,287.3,W,-4.8,-9.76,0.75
448724,2016-08-22,2016,CHC,2016-08-22 19:10:00,19,1,5,6,3,16,7,17,322,83.3,1,52,0.0192,0.1765,0.0,14.0,2.0,6.0,155.0,79.2,32.0,0.0,3.0,2.0,3.0,11.0,167.0,86.0,47.0,0.2727,68.8,20.5,80.3,1012.2,0.0,7.5,4.6,304.3,NW,-4.21,-6.06,-1.85
448733,2016-08-23,2016,CHC,2016-08-23 19:10:00,19,3,5,8,2,12,10,14,279,83.5,3,53,0.0566,0.1429,0.0,8.0,6.0,4.0,134.0,77.3,28.0,0.0,2.0,4.0,4.0,10.0,145.0,87.5,43.0,0.2,69.9,21.0,76.7,1015.1,0.0,5.9,3.7,288.0,W,-1.83,-3.65,0.21
448749,2016-08-24,2016,CHC,2016-08-24 12:40:00,12,3,6,9,1,24,3,16,288,84.8,3,47,0.0638,0.0625,0.0,14.0,3.0,6.0,150.0,83.2,30.0,0.0,1.0,10.0,0.0,10.0,138.0,86.1,35.0,0.1,77.3,25.2,57.3,1014.8,0.0,14.4,8.9,280.3,W,-2.58,-7.26,2.41
448912,2016-09-05,2016,BOS,2016-09-05 13:40:00,13,2,1,3,2,22,4,13,275,81.2,1,39,0.0256,0.1538,1.0,8.0,2.0,6.0,134.0,79.8,39.0,0.1667,1.0,14.0,2.0,7.0,141.0,82.9,32.0,0.1429,72.0,22.2,51.3,1008.1,0.0,11.9,7.4,244.0,SW,5.21,1.24,8.56
448927,2016-09-06,2016,BOS,2016-09-06 19:10:00,19,1,5,6,3,19,5,19,281,84.9,1,52,0.0192,0.1579,1.0,9.0,0.0,9.0,119.0,85.5,32.0,0.1111,2.0,10.0,4.0,10.0,162.0,84.4,39.0,0.2,68.1,20.0,75.3,1009.0,0.0,7.2,4.5,299.3,NW,-3.51,-5.44,-1.16
448942,2016-09-07,2016,BOS,2016-09-07 18:10:00,18,2,7,9,3,17,4,16,279,83.3,4,53,0.0755,0.1875,0.0,11.0,0.0,7.0,128.0,77.7,34.0,0.0,3.0,6.0,4.0,9.0,151.0,87.7,43.0,0.3333,68.9,20.5,75.3,1016.1,0.0,8.3,5.2,215.0,SW,6.8,4.76,8.02
448955,2016-09-08,2016,COL,2016-09-08 19:10:00,19,14,1,15,3,17,9,20,351,82.4,4,55,0.0727,0.15,2.0,8.0,6.0,12.0,198.0,82.4,54.0,0.1667,1.0,9.0,3.0,8.0,153.0,82.5,35.0,0.125,67.8,19.9,80.3,1014.8,0.0,9.0,5.6,288.0,W,-2.78,-5.54,0.31
448966,2016-09-09,2016,COL,2016-09-09 19:40:00,19,1,4,5,2,16,5,14,275,83.6,2,48,0.0417,0.1429,1.0,9.0,3.0,5.0,132.0,82.9,31.0,0.2,1.0,7.0,2.0,9.0,143.0,84.0,45.0,0.1111,67.9,20.0,82.0,1014.0,0.0,7.9,4.9,313.3,NW,-5.44,-7.09,-3.14
448981,2016-09-10,2016,COL,2016-09-10 17:40:00,17,6,3,9,0,16,5,12,262,82.8,2,47,0.0426,0.0,0.0,5.0,3.0,8.0,123.0,82.6,37.0,0.0,0.0,11.0,2.0,4.0,139.0,83.0,33.0,0.0,72.6,22.5,68.7,1014.7,0.0,10.5,6.5,295.7,NW,-4.55,-7.51,-1.04
448996,2016-09-11,2016,COL,2016-09-11 13:40:00,13,2,3,5,2,17,5,12,267,85.4,2,54,0.037,0.1667,0.0,9.0,4.0,5.0,148.0,84.9,35.0,0.0,2.0,8.0,1.0,7.0,119.0,85.9,35.0,0.2857,75.8,24.3,66.0,1015.6,0.0,14.1,8.7,283.3,W,-3.24,-7.73,1.63
449106,2016-09-19,2016,AZ,2016-09-19 19:10:00,19,3,2,5,1,10,5,15,268,84.7,2,53,0.0377,0.0667,1.0,5.0,3.0,8.0,142.0,80.2,36.0,0.125,0.0,5.0,2.0,7.0,126.0,89.4,34.0,0.0,72.7,22.6,74.3,1014.8,0.0,6.8,4.2,50.0,NE,-4.37,-2.33,-5.89
449116,2016-09-20,2016,AZ,2016-09-20 19:10:00,19,5,2,7,2,17,7,8,279,85.1,1,42,0.0238,0.25,1.0,12.0,2.0,4.0,150.0,80.4,30.0,0.25,1.0,5.0,2.0,4.0,129.0,88.8,38.0,0.25,74.7,23.7,92.7,1012.3,0.7,2.2,1.4,10.9,N,-2.16,-1.89,-2.17
449131,2016-09-21,2016,AZ,2016-09-21 18:10:00,18,2,3,5,3,13,6,9,276,86.6,4,48,0.0833,0.3333,1.0,11.0,3.0,4.0,160.0,84.2,34.0,0.25,2.0,2.0,1.0,5.0,116.0,88.9,35.0,0.4,70.1,21.2,93.0,1010.4,0.0,7.4,4.6,260.3,W,1.24,-1.32,3.65
449155,2016-09-22,2016,SF,2016-09-22 19:10:00,19,1,2,3,1,20,3,12,263,86.2,2,46,0.0435,0.0833,1.0,11.0,0.0,6.0,139.0,85.5,30.0,0.1667,0.0,9.0,3.0,6.0,124.0,86.8,32.0,0.0,64.3,18.0,79.3,1012.0,0.0,4.3,2.7,235.4,SW,2.44,1.08,3.5
449166,2016-09-23,2016,SF,2016-09-23 19:40:00,19,7,2,9,1,9,8,12,260,83.4,2,53,0.0377,0.0833,1.0,3.0,2.0,8.0,123.0,85.5,40.0,0.125,0.0,6.0,5.0,4.0,137.0,81.3,40.0,0.0,66.9,19.4,85.0,1013.4,0.0,7.6,4.7,337.3,NW,-7.04,-7.63,-5.61
449181,2016-09-24,2016,SF,2016-09-24 17:40:00,17,6,9,15,4,14,5,20,323,84.5,3,68,0.0441,0.2,3.0,10.0,1.0,8.0,150.0,85.1,41.0,0.375,1.0,4.0,4.0,12.0,173.0,84.1,51.0,0.0833,75.6,24.2,62.0,1013.1,0.0,9.3,5.8,327.1,NW,-7.81,-9.07,-5.61
449196,2016-09-25,2016,SF,2016-09-25 13:40:00,13,4,3,7,1,10,8,15,283,81.3,0,53,0.0,0.0667,1.0,8.0,5.0,8.0,155.0,81.2,39.0,0.125,0.0,2.0,3.0,7.0,128.0,81.3,43.0,0.0,84.1,28.9,49.7,1012.4,0.0,10.9,6.8,333.3,NW,-9.77,-10.86,-7.5
449218,2016-09-27,2016,LAD,2016-09-27 19:10:00,19,7,1,8,3,16,9,11,287,82.2,3,45,0.0667,0.2727,2.0,10.0,3.0,6.0,131.0,78.8,30.0,0.3333,1.0,6.0,6.0,5.0,156.0,84.6,42.0,0.2,73.9,23.3,68.3,1010.8,0.0,6.2,3.9,203.0,SW,5.74,4.56,6.22
449233,2016-09-28,2016,LAD,2016-09-28 19:10:00,19,6,5,11,4,17,4,17,262,83.2,5,47,0.1064,0.2353,1.0,8.0,3.0,8.0,141.0,81.4,38.0,0.125,3.0,9.0,1.0,9.0,121.0,85.3,33.0,0.3333,74.3,23.5,62.7,1012.8,0.0,5.1,3.2,309.4,NW,-3.26,-4.42,-1.71
449248,2016-09-29,2016,LAD,2016-09-29 18:10:00,18,4,9,13,0,18,4,29,322,85.0,2,64,0.0312,0.0,0.0,10.0,2.0,14.0,163.0,82.4,41.0,0.0,0.0,8.0,2.0,15.0,159.0,87.4,44.0,0.0,76.1,24.5,64.3,1015.0,0.0,6.6,4.1,299.0,NW,-3.18,-4.95,-1.02
490159,2017-04-07,2017,SF,2017-04-07 15:40:00,15,7,6,13,4,13,9,16,279,86.5,3,53,0.0566,0.25,2.0,5.0,7.0,8.0,143.0,84.6,39.0,0.25,2.0,8.0,2.0,8.0,136.0,88.5,39.0,0.25,66.3,19.0,52.0,1015.3,0.0,15.0,9.3,270.7,W,-0.18,-5.3,4.96
490174,2017-04-08,2017,SF,2017-04-08 17:40:00,17,2,1,3,0,12,3,11,238,78.5,0,51,0.0,0.0,0.0,5.0,2.0,6.0,114.0,75.4,42.0,0.0,0.0,7.0,1.0,5.0,124.0,82.4,33.0,0.0,61.5,16.4,65.3,1015.2,0.0,24.3,15.1,298.0,NW,-11.41,-18.06,-3.38
490189,2017-04-09,2017,SF,2017-04-09 13:40:00,13,3,5,8,4,13,9,15,288,77.7,2,55,0.0364,0.2667,2.0,8.0,5.0,7.0,143.0,75.5,42.0,0.2857,2.0,5.0,4.0,8.0,145.0,79.6,46.0,0.25,67.0,19.5,41.3,1015.5,0.0,25.4,15.8,307.0,NW,-15.31,-21.33,-7.44
490295,2017-04-18,2017,AZ,2017-04-18 19:10:00,19,2,11,13,2,13,11,16,327,81.1,3,58,0.0517,0.125,0.0,5.0,2.0,7.0,131.0,79.7,39.0,0.0,2.0,8.0,9.0,9.0,196.0,82.3,48.0,0.2222,64.0,17.8,84.7,1018.1,0.0,10.7,6.7,297.3,NW,-4.93,-7.89,-1.37
490310,2017-04-19,2017,AZ,2017-04-19 19:10:00,19,1,0,1,1,13,2,9,217,83.9,0,45,0.0,0.1111,1.0,6.0,1.0,5.0,96.0,87.4,25.0,0.2,0.0,7.0,1.0,4.0,121.0,81.1,30.0,0.0,61.6,16.4,89.3,1018.5,0.0,8.3,5.2,330.4,NW,-7.25,-8.22,-5.41
490325,2017-04-20,2017,AZ,2017-04-20 18:10:00,18,4,1,5,2,26,0,14,242,81.9,2,39,0.0513,0.1429,2.0,12.0,0.0,5.0,108.0,81.0,27.0,0.4,0.0,14.0,0.0,9.0,134.0,82.7,32.0,0.0,64.1,17.8,66.3,1015.0,0.0,11.8,7.3,311.7,NW,-7.85,-10.39,-4.36
490344,2017-04-21,2017,MIA,2017-04-21 19:10:00,19,5,3,8,3,14,5,15,254,83.6,3,51,0.0588,0.2,1.0,7.0,2.0,10.0,129.0,79.8,32.0,0.1,2.0,7.0,2.0,5.0,125.0,87.4,32.0,0.4,64.6,18.1,77.7,1010.3,0.0,5.6,3.5,236.0,SW,3.12,1.35,4.51
490359,2017-04-22,2017,MIA,2017-04-22 17:40:00,17,3,6,9,4,24,5,16,320,80.7,3,57,0.0526,0.25,1.0,17.0,2.0,7.0,163.0,79.3,40.0,0.1429,3.0,7.0,1.0,9.0,157.0,82.0,45.0,0.3333,68.0,20.0,74.7,1010.2,0.0,9.8,6.1,227.1,SW,6.7,3.83,8.76
490374,2017-04-23,2017,MIA,2017-04-23 13:40:00,13,3,7,10,2,17,5,18,267,82.5,3,53,0.0566,0.1111,1.0,8.0,2.0,7.0,118.0,80.0,30.0,0.1429,1.0,9.0,3.0,11.0,149.0,84.9,32.0,0.0909,68.2,20.1,64.7,1011.2,0.0,17.2,10.7,255.3,W,4.35,-1.6,9.78
490490,2017-05-02,2017,COL,2017-05-02 19:10:00,19,6,2,8,2,24,6,11,287,81.3,2,38,0.0526,0.1818,2.0,9.0,5.0,5.0,142.0,79.5,35.0,0.4,0.0,15.0,1.0,6.0,145.0,83.1,36.0,0.0,62.8,17.1,85.3,1011.7,0.0,8.6,5.4,213.7,SW,7.18,5.11,8.39
490505,2017-05-03,2017,COL,2017-05-03 19:10:00,19,3,11,14,3,12,2,21,292,83.8,2,66,0.0303,0.1429,1.0,6.0,1.0,7.0,130.0,83.5,36.0,0.1429,2.0,6.0,1.0,14.0,162.0,84.0,54.0,0.1429,64.4,18.0,88.7,1013.3,0.0,10.8,6.7,209.3,SW,9.44,7.06,10.69
490520,2017-05-04,2017,COL,2017-05-04 12:40:00,12,2,3,5,1,18,11,18,342,79.6,0,62,0.0,0.0556,0.0,8.0,7.0,7.0,174.0,77.9,43.0,0.0,1.0,10.0,4.0,11.0,168.0,81.1,49.0,0.0909,69.3,20.7,69.7,1013.3,0.0,16.4,10.2,255.0,W,4.24,-1.42,9.39
490535,2017-05-05,2017,LAD,2017-05-05 19:10:00,19,2,8,10,2,23,9,18,342,79.2,3,46,0.0652,0.1111,0.0,13.0,6.0,4.0,167.0,74.4,30.0,0.0,2.0,10.0,3.0,14.0,175.0,82.2,48.0,0.1429,61.8,16.6,80.3,1009.5,0.0,8.7,5.4,240.3,SW,4.31,1.46,6.63
490581,2017-05-08,2017,TEX,2017-05-08 19:10:00,19,5,1,6,4,19,7,12,273,79.7,5,43,0.1163,0.3333,3.0,6.0,2.0,10.0,127.0,82.1,43.0,0.3,1.0,13.0,5.0,2.0,146.0,75.3,23.0,0.5,59.8,15.4,83.0,1009.8,0.0,10.2,6.3,327.3,NW,-8.55,-9.92,-6.16
490596,2017-05-09,2017,TEX,2017-05-09 12:40:00,12,0,11,11,3,12,8,13,271,79.6,2,52,0.0385,0.2308,0.0,4.0,1.0,4.0,104.0,78.4,34.0,0.0,3.0,8.0,7.0,9.0,167.0,80.8,36.0,0.3333,63.3,17.4,74.3,1012.6,0.0,19.9,12.3,199.3,S,18.75,15.37,19.87
490673,2017-05-15,2017,MIL,2017-05-15 19:10:00,19,6,5,11,3,27,9,20,321,83.0,2,47,0.0426,0.15,1.0,12.0,5.0,11.0,169.0,82.8,36.0,0.0909,2.0,15.0,3.0,9.0,152.0,83.3,34.0,0.2222,56.7,13.7,74.7,1014.1,1.1,14.7,9.2,254.7,W,3.9,-1.2,8.52
490685,2017-05-16,2017,MIL,2017-05-16 19:10:00,19,2,6,8,1,17,2,20,268,85.4,1,54,0.0185,0.05,1.0,8.0,1.0,8.0,130.0,86.1,33.0,0.125,0.0,9.0,1.0,12.0,138.0,84.6,33.0,0.0,58.6,14.8,70.3,1016.0,0.0,9.1,5.7,276.0,W,-0.95,-3.99,2.2
490699,2017-05-17,2017,MIL,2017-05-17 19:10:00,19,1,3,4,0,16,4,13,280,81.9,0,51,0.0,0.0,0.0,7.0,2.0,6.0,144.0,79.1,36.0,0.0,0.0,9.0,2.0,7.0,136.0,85.2,31.0,0.0,60.4,15.8,75.0,1010.9,0.1,9.6,6.0,297.1,NW,-4.39,-7.06,-1.19
490713,2017-05-18,2017,MIL,2017-05-18 12:40:00,12,2,4,6,1,14,8,14,277,80.6,1,49,0.0204,0.0714,1.0,9.0,4.0,5.0,140.0,80.3,32.0,0.2,0.0,5.0,4.0,9.0,137.0,80.9,37.0,0.0,69.6,20.9,55.7,1011.1,0.0,20.6,12.8,283.7,W,-4.87,-11.41,2.26
490718,2017-05-19,2017,AZ,2017-05-19 19:10:00,19,1,10,11,4,17,11,20,349,82.8,6,55,0.1091,0.2,0.0,6.0,4.0,4.0,134.0,85.1,33.0,0.0,4.0,11.0,7.0,16.0,215.0,81.5,59.0,0.25,70.3,21.3,48.3,1011.3,0.0,10.0,6.2,336.6,NW,-9.15,-9.95,-7.24
490733,2017-05-20,2017,AZ,2017-05-20 19:10:00,19,1,9,10,1,15,9,18,316,84.4,1,56,0.0179,0.0556,0.0,8.0,5.0,4.0,146.0,83.2,32.0,0.0,1.0,7.0,4.0,14.0,170.0,85.3,40.0,0.0714,67.5,19.7,67.3,1009.5,0.0,7.4,4.6,233.4,SW,4.44,2.13,6.21
490748,2017-05-21,2017,AZ,2017-05-21 13:40:00,13,5,1,6,2,8,2,14,213,84.2,6,55,0.1091,0.1429,1.0,2.0,2.0,9.0,117.0,81.2,36.0,0.1111,1.0,6.0,0.0,5.0,96.0,87.5,32.0,0.2,75.9,24.4,49.3,1011.9,0.0,16.0,9.9,249.3,W,5.64,0.19,10.41
490862,2017-05-29,2017,CHC,2017-05-29 13:40:00,13,5,2,7,1,14,11,11,296,82.5,1,45,0.0222,0.0909,1.0,8.0,1.0,8.0,120.0,81.4,37.0,0.125,0.0,6.0,10.0,3.0,176.0,83.5,38.0,0.0,66.9,19.4,67.3,1012.2,0.0,15.5,9.6,246.3,SW,6.22,0.99,10.7
490877,2017-05-30,2017,CHC,2017-05-30 19:10:00,19,6,2,8,2,26,6,14,289,79.6,5,40,0.125,0.1429,1.0,13.0,2.0,8.0,123.0,82.1,28.0,0.125,1.0,13.0,3.0,6.0,166.0,78.1,44.0,0.1667,61.9,16.6,77.0,1011.5,0.0,10.9,6.8,203.7,SW,9.95,7.86,10.84
490892,2017-05-31,2017,CHC,2017-05-31 12:40:00,12,2,1,3,1,14,5,8,234,80.5,1,44,0.0227,0.125,1.0,9.0,3.0,6.0,113.0,84.0,25.0,0.1667,0.0,5.0,2.0,2.0,121.0,77.4,28.0,0.0,65.6,18.7,68.3,1010.7,0.0,14.5,9.0,231.0,SW,9.1,4.71,12.4
490917,2017-06-02,2017,COL,2017-06-02 19:10:00,19,8,5,13,3,24,2,27,295,80.7,2,53,0.0377,0.1111,3.0,14.0,1.0,14.0,136.0,81.7,34.0,0.2143,0.0,10.0,1.0,13.0,159.0,80.0,41.0,0.0,64.7,18.2,82.7,1010.1,0.0,7.5,4.7,250.7,W,2.48,-0.09,4.75
490932,2017-06-03,2017,COL,2017-06-03 13:10:00,13,1,10,11,3,18,6,17,297,80.2,4,52,0.0769,0.1765,1.0,8.0,1.0,4.0,122.0,78.0,33.0,0.25,2.0,10.0,4.0,13.0,175.0,81.9,42.0,0.1538,68.3,20.2,72.0,1011.7,0.0,14.9,9.3,236.3,SW,8.26,3.52,12.0
490947,2017-06-04,2017,COL,2017-06-04 13:40:00,13,1,3,4,1,22,5,12,280,82.6,2,43,0.0465,0.0833,1.0,10.0,0.0,3.0,107.0,86.4,27.0,0.3333,0.0,12.0,4.0,9.0,173.0,80.4,46.0,0.0,68.1,20.0,71.3,1011.5,0.0,16.6,10.3,231.0,SW,10.45,5.4,14.23
491010,2017-06-09,2017,KC,2017-06-09 19:10:00,19,6,3,9,2,21,7,21,282,82.7,2,44,0.0455,0.0952,1.0,13.0,5.0,14.0,146.0,86.1,28.0,0.0714,1.0,8.0,2.0,7.0,136.0,80.4,40.0,0.1429,65.8,18.8,79.0,1011.9,0.0,10.6,6.6,300.3,NW,-5.37,-8.19,-1.91
491025,2017-06-10,2017,KC,2017-06-10 13:10:00,13,6,12,18,6,18,7,24,339,83.6,3,57,0.0526,0.25,1.0,9.0,4.0,10.0,173.0,79.9,50.0,0.1,5.0,9.0,3.0,14.0,166.0,87.8,43.0,0.3571,66.1,18.9,65.7,1012.0,0.0,15.4,9.5,260.0,W,2.67,-2.67,7.69
491041,2017-06-11,2017,KC,2017-06-11 13:40:00,13,3,8,11,7,18,3,13,259,85.7,6,50,0.12,0.5385,3.0,9.0,2.0,6.0,127.0,86.3,27.0,0.5,4.0,9.0,1.0,7.0,132.0,85.3,41.0,0.5714,64.8,18.2,67.0,1013.8,0.0,21.1,13.1,225.7,SW,14.74,8.69,19.02
491054,2017-06-12,2017,CIN,2017-06-12 19:10:00,19,9,3,12,2,15,3,22,271,83.0,3,56,0.0536,0.0909,2.0,7.0,1.0,14.0,142.0,81.7,42.0,0.1429,0.0,8.0,2.0,8.0,129.0,84.6,34.0,0.0,63.3,17.4,71.3,1014.5,0.0,12.2,7.6,306.3,NW,-7.21,-10.13,-3.42
491064,2017-06-13,2017,CIN,2017-06-13 19:10:00,19,6,2,8,2,15,4,21,265,79.9,2,56,0.0357,0.0952,2.0,9.0,2.0,12.0,131.0,80.9,32.0,0.1667,0.0,6.0,2.0,9.0,134.0,79.1,42.0,0.0,66.5,19.2,75.3,1010.5,0.0,11.7,7.2,301.3,NW,-6.07,-9.11,-2.29
491080,2017-06-14,2017,CIN,2017-06-14 12:40:00,12,4,2,6,3,16,6,14,243,82.1,2,45,0.0444,0.2143,1.0,11.0,4.0,8.0,141.0,83.4,34.0,0.125,2.0,5.0,1.0,6.0,102.0,80.7,34.0,0.3333,73.5,23.1,51.0,1010.5,0.0,15.0,9.3,259.0,W,2.86,-2.34,7.71
491202,2017-06-23,2017,DET,2017-06-23 19:10:00,19,1,0,1,0,19,9,5,260,79.3,1,35,0.0286,0.0,0.0,8.0,3.0,2.0,117.0,75.1,25.0,0.0,0.0,11.0,5.0,3.0,143.0,83.4,25.0,0.0,65.9,18.8,83.7,1012.0,0.0,9.4,5.8,317.1,NW,-6.86,-8.63,-4.26
491217,2017-06-24,2017,DET,2017-06-24 19:10:00,19,7,3,10,1,15,4,13,248,83.2,2,50,0.04,0.0769,1.0,7.0,3.0,7.0,121.0,81.3,32.0,0.1429,0.0,8.0,1.0,6.0,127.0,84.9,34.0,0.0,66.9,19.4,81.3,1010.0,0.0,9.0,5.6,280.0,W,-1.56,-4.49,1.55
491232,2017-06-25,2017,DET,2017-06-25 13:40:00,13,5,7,12,3,19,8,21,295,80.3,2,51,0.0392,0.1429,2.0,12.0,5.0,7.0,152.0,79.0,44.0,0.2857,1.0,7.0,3.0,14.0,143.0,81.4,46.0,0.0714,77.0,25.0,62.3,1011.0,0.0,17.4,10.8,279.7,W,-2.92,-8.62,3.13
491250,2017-06-27,2017,ATL,2017-06-27 19:10:00,19,0,3,3,0,20,3,15,273,80.4,3,47,0.0638,0.0,0.0,14.0,2.0,7.0,148.0,78.7,33.0,0.0,0.0,6.0,1.0,8.0,125.0,82.0,38.0,0.0,66.8,19.3,84.7,1010.1,0.0,9.7,6.0,283.0,W,-2.17,-5.26,1.19
491265,2017-06-28,2017,ATL,2017-06-28 19:10:00,19,7,4,11,0,16,7,19,281,80.3,0,52,0.0,0.0,0.0,9.0,5.0,12.0,166.0,78.5,41.0,0.0,0.0,7.0,2.0,7.0,115.0,82.4,35.0,0.0,64.3,17.9,81.0,1011.6,0.0,8.9,5.6,209.0,SW,7.81,5.86,8.82
491280,2017-06-29,2017,ATL,2017-06-29 18:10:00,18,6,0,6,2,21,5,13,247,80.8,3,42,0.0714,0.1538,2.0,8.0,4.0,9.0,122.0,86.3,31.0,0.2222,0.0,13.0,1.0,4.0,125.0,76.4,39.0,0.0,64.9,18.3,77.0,1012.6,0.0,12.1,7.5,216.7,SW,9.71,6.65,11.59
491298,2017-06-30,2017,LAD,2017-06-30 19:10:00,19,4,10,14,4,20,13,22,357,82.4,3,53,0.0566,0.1818,1.0,12.0,6.0,6.0,165.0,77.3,38.0,0.1667,3.0,8.0,7.0,16.0,192.0,85.9,55.0,0.1875,65.1,18.4,78.3,1010.3,0.0,9.1,5.7,252.0,W,2.82,-0.32,5.62
491313,2017-07-01,2017,LAD,2017-07-01 19:10:00,19,0,8,8,3,24,5,18,291,80.2,3,47,0.0638,0.1667,0.0,13.0,1.0,4.0,122.0,77.0,28.0,0.0,3.0,11.0,3.0,14.0,169.0,82.2,45.0,0.2143,63.5,17.5,82.0,1011.6,0.0,11.6,7.2,205.0,SW,10.48,8.18,11.52
491328,2017-07-02,2017,LAD,2017-07-02 13:40:00,13,5,3,8,2,17,6,20,312,82.1,1,51,0.0196,0.1,1.0,7.0,2.0,11.0,135.0,85.7,33.0,0.0909,1.0,10.0,4.0,9.0,177.0,79.5,44.0,0.1111,71.1,21.7,60.7,1015.1,0.0,15.8,9.8,222.0,SW,11.74,7.42,14.65
491443,2017-07-14,2017,SF,2017-07-14 19:10:00,19,4,5,9,1,19,7,25,305,83.6,1,56,0.0179,0.04,0.0,11.0,4.0,11.0,160.0,84.1,40.0,0.0,1.0,8.0,3.0,14.0,145.0,83.2,41.0,0.0714,70.7,21.5,76.7,1013.7,0.0,13.1,8.1,305.0,NW,-7.51,-10.73,-3.39
491458,2017-07-15,2017,SF,2017-07-15 17:40:00,17,5,3,8,4,13,8,13,271,81.9,4,50,0.08,0.3077,3.0,6.0,3.0,7.0,130.0,84.4,46.0,0.4286,1.0,7.0,5.0,6.0,141.0,79.0,39.0,0.1667,71.4,21.9,75.3,1012.0,0.0,10.7,6.7,207.7,SW,9.51,7.23,10.64
491473,2017-07-16,2017,SF,2017-07-16 13:40:00,13,7,1,8,2,19,1,20,237,82.5,2,49,0.0408,0.1,2.0,10.0,0.0,11.0,116.0,85.0,37.0,0.1818,0.0,9.0,1.0,9.0,121.0,80.4,41.0,0.0,75.6,24.2,65.0,1010.8,0.0,19.7,12.2,209.0,SW,17.2,12.9,19.42
491586,2017-07-24,2017,NYM,2017-07-24 19:10:00,19,3,5,8,3,18,5,20,267,84.4,5,53,0.0943,0.15,2.0,9.0,2.0,8.0,121.0,83.3,34.0,0.25,1.0,9.0,1.0,12.0,146.0,85.4,37.0,0.0833,71.2,21.8,81.7,1011.4,0.0,6.0,3.7,237.6,SW,3.23,1.29,4.78
491601,2017-07-25,2017,NYM,2017-07-25 19:10:00,19,5,6,11,3,11,2,19,302,81.2,1,61,0.0164,0.1579,2.0,4.0,0.0,10.0,140.0,82.8,46.0,0.2,1.0,7.0,2.0,9.0,162.0,79.6,44.0,0.1111,70.3,21.3,80.3,1014.0,0.0,9.1,5.7,263.7,W,1.0,-2.15,4.04
491616,2017-07-26,2017,NYM,2017-07-26 19:10:00,19,6,3,9,2,20,5,15,281,82.7,4,45,0.0889,0.1333,1.0,11.0,1.0,10.0,138.0,80.4,34.0,0.1,1.0,9.0,4.0,5.0,143.0,85.3,31.0,0.2,70.6,21.4,82.7,1013.4,0.0,12.3,7.6,297.3,NW,-5.63,-9.02,-1.57
491624,2017-07-27,2017,NYM,2017-07-27 18:10:00,18,7,5,12,3,14,8,17,267,81.7,3,50,0.06,0.1765,2.0,6.0,6.0,7.0,131.0,82.3,35.0,0.2857,1.0,8.0,2.0,10.0,136.0,81.2,39.0,0.1,71.8,22.1,80.0,1011.4,0.0,11.3,7.0,278.7,W,-1.71,-5.44,2.23
491639,2017-07-28,2017,PIT,2017-07-28 19:10:00,19,3,2,5,1,18,7,9,270,82.8,2,39,0.0513,0.1111,0.0,6.0,5.0,6.0,144.0,81.6,37.0,0.0,1.0,12.0,1.0,3.0,126.0,84.2,31.0,0.3333,69.4,20.8,82.0,1012.9,0.0,10.6,6.6,256.3,W,2.52,-1.16,5.9
491654,2017-07-29,2017,PIT,2017-07-29 17:40:00,17,4,2,6,1,20,4,13,259,81.6,1,40,0.025,0.0769,1.0,9.0,1.0,8.0,105.0,82.6,34.0,0.125,0.0,11.0,3.0,5.0,154.0,80.6,36.0,0.0,70.1,21.2,73.7,1015.0,0.0,14.8,9.2,217.3,SW,11.79,8.01,14.16
491669,2017-07-30,2017,PIT,2017-07-30 13:40:00,13,1,7,8,5,19,5,17,290,84.1,2,50,0.04,0.2941,1.0,11.0,2.0,6.0,124.0,79.0,32.0,0.1667,4.0,8.0,3.0,11.0,166.0,88.3,39.0,0.3636,76.0,24.4,64.7,1015.9,0.0,17.8,11.0,268.3,W,0.52,-5.59,6.56
491687,2017-08-01,2017,MIN,2017-08-01 19:10:00,19,3,0,3,1,11,4,7,234,80.0,1,45,0.0222,0.1429,1.0,5.0,2.0,4.0,95.0,83.4,26.0,0.25,0.0,6.0,2.0,3.0,139.0,78.0,43.0,0.0,76.5,24.7,71.3,1010.1,0.0,6.8,4.2,251.9,W,2.13,-0.22,4.22
491702,2017-08-02,2017,MIN,2017-08-02 12:40:00,12,2,5,7,2,15,3,11,237,80.9,2,48,0.0417,0.1818,1.0,9.0,1.0,4.0,110.0,79.3,32.0,0.25,1.0,6.0,1.0,7.0,127.0,82.2,39.0,0.1429,79.8,26.5,83.0,1011.2,0.0,14.0,8.7,293.3,NW,-5.54,-9.61,-0.81
491870,2017-08-14,2017,PHI,2017-08-14 19:10:00,19,7,4,11,3,15,7,21,307,81.3,2,57,0.0351,0.1429,1.0,7.0,5.0,10.0,151.0,79.2,42.0,0.1,2.0,8.0,2.0,11.0,156.0,83.1,50.0,0.1818,66.5,19.2,81.0,1010.9,0.0,8.4,5.2,233.7,SW,4.97,2.36,6.99
491883,2017-08-15,2017,PHI,2017-08-15 19:10:00,19,8,4,12,4,12,6,14,279,81.8,3,52,0.0577,0.2857,2.0,5.0,5.0,8.0,145.0,81.1,41.0,0.25,2.0,7.0,1.0,6.0,134.0,82.5,39.0,0.3333,65.8,18.8,75.0,1011.7,0.0,9.2,5.7,233.0,SW,5.52,2.68,7.69
491898,2017-08-16,2017,PHI,2017-08-16 12:40:00,12,3,0,3,0,22,4,10,248,80.5,1,39,0.0256,0.0,0.0,16.0,3.0,7.0,134.0,77.3,30.0,0.0,0.0,6.0,1.0,3.0,114.0,83.6,31.0,0.0,73.9,23.3,52.7,1014.4,0.0,15.3,9.5,258.7,W,3.01,-2.31,7.97
491912,2017-08-17,2017,WSH,2017-08-17 19:10:00,19,1,2,3,1,20,6,12,269,83.6,2,43,0.0465,0.0833,0.0,7.0,1.0,8.0,110.0,85.1,37.0,0.0,1.0,13.0,5.0,4.0,159.0,81.4,25.0,0.25,68.9,20.5,77.0,1014.2,0.0,9.0,5.6,294.3,NW,-3.71,-6.29,-0.68
491927,2017-08-18,2017,WSH,2017-08-18 19:10:00,19,1,7,8,2,18,7,13,267,83.3,4,47,0.0851,0.1538,1.0,8.0,3.0,4.0,116.0,86.9,29.0,0.25,1.0,10.0,3.0,9.0,151.0,81.0,45.0,0.1111,68.4,20.2,80.7,1013.2,0.0,11.7,7.3,291.0,W,-4.19,-7.68,-0.2
491942,2017-08-19,2017,WSH,2017-08-19 17:40:00,17,3,1,4,1,17,5,8,262,83.7,3,41,0.0732,0.125,1.0,10.0,3.0,5.0,131.0,85.5,27.0,0.2,0.0,7.0,2.0,3.0,131.0,82.3,37.0,0.0,69.7,21.0,75.3,1011.9,0.0,12.5,7.8,268.3,W,0.36,-3.93,4.62
491957,2017-08-20,2017,WSH,2017-08-20 13:40:00,13,1,4,5,0,24,9,10,320,78.5,0,42,0.0,0.0,0.0,12.0,1.0,5.0,150.0,79.5,40.0,0.0,0.0,12.0,8.0,5.0,170.0,77.4,38.0,0.0,73.8,23.2,60.0,1011.7,0.0,17.3,10.7,239.0,SW,8.89,3.29,13.42
492060,2017-08-28,2017,SF,2017-08-28 19:10:00,19,0,3,3,2,11,6,10,254,83.0,2,51,0.0392,0.2,0.0,5.0,0.0,3.0,102.0,84.5,33.0,0.0,2.0,6.0,5.0,7.0,152.0,81.8,41.0,0.2857,72.3,22.4,82.3,1007.0,0.0,11.9,7.4,284.7,W,-3.03,-6.78,1.09
492073,2017-08-29,2017,SF,2017-08-29 19:10:00,19,6,3,9,3,11,5,18,246,85.8,3,57,0.0526,0.1667,2.0,4.0,2.0,10.0,121.0,83.1,40.0,0.2,1.0,7.0,3.0,8.0,125.0,89.2,31.0,0.125,72.0,22.2,86.3,1007.0,0.0,8.8,5.5,232.3,SW,5.4,2.68,7.47
492088,2017-08-30,2017,SF,2017-08-30 18:10:00,18,5,0,5,2,10,9,14,306,80.5,1,53,0.0189,0.1429,2.0,2.0,3.0,8.0,137.0,81.7,42.0,0.25,0.0,8.0,6.0,6.0,169.0,79.3,44.0,0.0,76.0,24.4,73.7,1005.0,0.0,6.1,3.8,238.5,SW,3.21,1.22,4.8
492110,2017-09-01,2017,LAD,2017-09-01 19:10:00,19,0,1,1,0,25,4,11,260,,0,38,0.0,0.0,0.0,13.0,0.0,2.0,107.0,,0.0,0.0,0.0,12.0,3.0,9.0,153.0,,0.0,0.0,76.8,24.9,74.3,1006.1,0.0,8.4,5.2,250.0,W,2.86,-0.0,5.38
490565,2017-09-02,2017,LAD,2017-05-07 13:40:00,13,6,5,11,3,15,11,17,304,83.3,2,51,0.0392,0.1765,1.0,9.0,7.0,7.0,183.0,81.3,51.0,0.1429,2.0,6.0,2.0,10.0,121.0,86.2,35.0,0.2,59.1,15.1,75.7,1010.4,1.1,23.4,14.5,202.0,S,21.7,17.39,23.39
492125,2017-09-02,2017,LAD,2017-09-02 19:10:00,19,7,2,9,1,21,10,18,332,79.2,0,47,0.0,0.0556,1.0,14.0,5.0,11.0,182.0,77.7,45.0,0.0909,0.0,7.0,4.0,7.0,150.0,80.8,46.0,0.0,84.2,29.0,57.0,1008.8,0.0,6.8,4.2,258.1,W,1.41,-0.96,3.61
492140,2017-09-03,2017,LAD,2017-09-03 13:40:00,13,6,4,10,4,17,4,17,263,82.2,3,49,0.0612,0.2353,2.0,9.0,4.0,10.0,134.0,82.7,40.0,0.2,2.0,8.0,0.0,7.0,129.0,81.6,35.0,0.2857,75.8,24.3,79.0,1013.4,3.0,16.8,10.4,191.7,S,16.42,14.27,16.59
492159,2017-09-04,2017,STL,2017-09-04 13:40:00,13,0,2,2,0,20,6,10,238,82.0,0,42,0.0,0.0,0.0,10.0,3.0,3.0,109.0,80.8,30.0,0.0,0.0,10.0,3.0,7.0,129.0,83.3,30.0,0.0,78.2,25.7,64.7,1012.8,0.0,23.3,14.5,199.3,S,21.99,18.02,23.3
492174,2017-09-05,2017,STL,2017-09-05 19:10:00,19,4,8,12,4,19,7,18,289,81.7,5,48,0.1042,0.2222,1.0,8.0,3.0,9.0,132.0,80.9,37.0,0.1111,3.0,11.0,4.0,9.0,157.0,82.5,43.0,0.3333,73.2,22.9,89.0,1012.6,0.0,13.1,8.1,294.7,NW,-5.47,-9.21,-1.07
492189,2017-09-06,2017,STL,2017-09-06 19:10:00,19,1,3,4,2,19,11,10,287,79.7,1,41,0.0244,0.2,1.0,9.0,6.0,5.0,140.0,78.6,38.0,0.2,1.0,10.0,5.0,5.0,147.0,81.0,30.0,0.2,71.4,21.9,86.3,1012.4,0.0,14.6,9.1,303.0,NW,-7.97,-11.69,-3.29
492200,2017-09-07,2017,STL,2017-09-07 18:10:00,18,3,0,3,1,15,4,20,303,78.5,1,53,0.0189,0.05,1.0,4.0,3.0,9.0,147.0,76.6,38.0,0.1111,0.0,11.0,1.0,11.0,156.0,80.4,39.0,0.0,73.0,22.8,80.0,1009.4,0.0,10.0,6.2,287.3,W,-2.97,-6.04,0.46
492341,2017-09-18,2017,AZ,2017-09-18 19:10:00,19,4,2,6,2,14,11,9,279,80.1,2,43,0.0465,0.2222,2.0,6.0,4.0,4.0,131.0,77.8,34.0,0.5,0.0,8.0,6.0,5.0,148.0,82.3,36.0,0.0,68.2,20.1,78.0,1012.0,0.0,7.1,4.4,300.0,NW,-3.55,-5.44,-1.23
492348,2017-09-19,2017,AZ,2017-09-19 19:10:00,19,6,2,8,2,15,6,13,275,84.1,3,46,0.0652,0.1538,0.0,9.0,4.0,9.0,141.0,86.3,28.0,0.0,2.0,6.0,2.0,4.0,134.0,82.8,44.0,0.5,69.3,20.7,75.0,1010.9,0.0,6.5,4.1,186.9,S,6.49,5.82,6.36
492363,2017-09-20,2017,AZ,2017-09-20 18:10:00,18,7,13,20,9,15,11,23,327,84.1,5,61,0.082,0.3913,5.0,8.0,5.0,12.0,162.0,81.8,47.0,0.4167,4.0,7.0,6.0,11.0,165.0,86.7,43.0,0.3636,67.8,19.9,75.3,1009.9,0.0,12.5,7.8,189.7,S,12.36,10.89,12.33
492381,2017-09-21,2017,COL,2017-09-21 19:10:00,19,3,0,3,1,23,3,14,247,81.6,2,40,0.05,0.0714,1.0,11.0,2.0,7.0,119.0,83.1,29.0,0.1429,0.0,12.0,1.0,7.0,128.0,80.4,35.0,0.0,65.4,18.6,66.0,1010.1,0.0,13.5,8.4,290.7,W,-4.75,-8.78,-0.16
492392,2017-09-22,2017,COL,2017-09-22 19:10:00,19,1,4,5,3,21,4,14,263,79.7,1,45,0.0222,0.2143,0.0,11.0,1.0,7.0,143.0,79.5,33.0,0.0,3.0,10.0,3.0,7.0,120.0,80.0,28.0,0.4286,66.4,19.1,73.0,1008.9,0.0,13.8,8.6,300.3,NW,-6.97,-10.62,-2.47
492407,2017-09-23,2017,COL,2017-09-23 17:40:00,17,5,0,5,0,21,5,17,284,78.5,0,46,0.0,0.0,0.0,9.0,2.0,12.0,145.0,78.8,46.0,0.0,0.0,12.0,3.0,5.0,139.0,78.2,35.0,0.0,67.7,19.8,61.0,1009.4,0.0,10.0,6.2,266.6,W,0.6,-2.85,3.98
492422,2017-09-24,2017,COL,2017-09-24 13:40:00,13,4,8,12,5,18,6,20,302,79.4,1,52,0.0192,0.25,3.0,10.0,3.0,8.0,146.0,77.5,44.0,0.375,2.0,8.0,3.0,12.0,156.0,81.1,51.0,0.1667,77.2,25.1,43.7,1009.2,0.0,22.8,14.2,299.0,NW,-11.07,-17.23,-3.57
529413,2018-03-29,2018,MIL,2018-03-29 13:10:00,13,1,2,3,0,24,8,16,355,81.5,1,57,0.0175,0.0,0.0,15.0,5.0,6.0,202.0,79.8,50.0,0.0,0.0,9.0,2.0,10.0,153.0,83.0,54.0,0.0,68.7,20.4,50.7,1015.8,0.0,17.9,11.1,279.7,W,-3.01,-8.88,3.22
529426,2018-03-30,2018,MIL,2018-03-30 19:10:00,19,6,8,14,3,11,5,23,286,84.4,5,65,0.0769,0.1304,2.0,7.0,4.0,12.0,150.0,86.3,45.0,0.1667,1.0,4.0,1.0,11.0,136.0,82.5,48.0,0.0909,60.9,16.0,81.3,1015.8,0.0,7.8,4.8,276.0,W,-0.81,-3.41,1.88
529437,2018-03-31,2018,MIL,2018-03-31 17:40:00,17,3,7,10,1,17,7,18,312,83.8,3,53,0.0566,0.0556,1.0,8.0,1.0,6.0,128.0,83.4,37.0,0.1667,0.0,9.0,5.0,12.0,184.0,84.2,49.0,0.0,60.9,16.1,78.3,1014.8,0.0,8.6,5.4,261.3,W,1.3,-1.7,4.14
529462,2018-04-02,2018,COL,2018-04-02 19:10:00,19,4,7,11,5,11,11,20,321,83.3,7,62,0.1129,0.25,2.0,8.0,5.0,8.0,156.0,85.1,44.0,0.25,3.0,3.0,6.0,12.0,165.0,81.7,52.0,0.25,59.7,15.4,70.7,1010.9,0.0,10.6,6.6,212.3,SW,8.98,6.5,10.39
529476,2018-04-03,2018,COL,2018-04-03 19:10:00,19,8,4,12,3,12,9,14,282,85.2,3,50,0.06,0.2143,3.0,7.0,4.0,8.0,149.0,85.0,43.0,0.375,0.0,5.0,5.0,6.0,133.0,85.4,38.0,0.0,60.0,15.5,78.7,1014.4,0.0,9.1,5.6,305.0,NW,-5.2,-7.43,-2.35
529487,2018-04-04,2018,COL,2018-04-04 19:10:00,19,2,5,7,0,18,5,15,284,83.6,0,49,0.0,0.0,0.0,7.0,2.0,6.0,124.0,83.1,43.0,0.0,0.0,11.0,2.0,9.0,160.0,84.2,38.0,0.0,57.7,14.3,80.3,1016.3,0.0,11.3,7.0,313.0,NW,-7.69,-10.04,-4.41
529501,2018-04-05,2018,COL,2018-04-05 12:40:00,12,1,3,4,1,19,7,10,279,80.4,2,44,0.0455,0.1,1.0,8.0,0.0,6.0,123.0,80.1,44.0,0.1667,0.0,11.0,6.0,4.0,156.0,80.8,37.0,0.0,65.0,18.3,62.7,1016.1,0.0,13.2,8.2,263.7,W,1.45,-3.11,5.84
529595,2018-04-12,2018,SF,2018-04-12 19:10:00,19,0,7,7,0,13,11,11,297,81.8,0,51,0.0,0.0,0.0,6.0,3.0,1.0,126.0,82.9,39.0,0.0,0.0,7.0,8.0,10.0,171.0,81.0,50.0,0.0,60.4,15.8,53.7,1017.3,0.0,15.7,9.8,315.7,NW,-11.26,-14.34,-6.82
529608,2018-04-13,2018,SF,2018-04-13 19:10:00,19,5,1,6,1,14,2,18,244,83.5,3,55,0.0545,0.0556,1.0,6.0,1.0,8.0,118.0,85.0,35.0,0.125,0.0,8.0,1.0,10.0,126.0,82.2,38.0,0.0,65.3,18.5,39.3,1020.4,0.0,10.2,6.3,335.0,NW,-9.21,-10.13,-7.18
529623,2018-04-14,2018,SF,2018-04-14 17:40:00,17,5,4,9,4,20,7,20,298,85.6,4,49,0.0816,0.2,2.0,9.0,4.0,11.0,149.0,85.7,44.0,0.1818,2.0,11.0,3.0,9.0,149.0,85.5,35.0,0.2222,73.1,22.8,30.7,1017.6,0.0,15.9,9.9,319.0,NW,-12.02,-14.87,-7.72
529638,2018-04-15,2018,SF,2018-04-15 13:10:00,13,10,1,11,1,24,8,18,309,84.2,5,44,0.1136,0.0556,1.0,12.0,7.0,11.0,182.0,82.9,44.0,0.0909,0.0,12.0,1.0,7.0,127.0,86.1,28.0,0.0,70.9,21.6,31.7,1014.6,0.0,15.1,9.4,287.3,W,-4.5,-9.16,0.7
529648,2018-04-16,2018,LAD,2018-04-16 19:10:00,19,3,10,13,3,23,8,15,314,82.9,3,45,0.0667,0.2,1.0,12.0,1.0,6.0,140.0,83.5,36.0,0.1667,2.0,11.0,6.0,9.0,174.0,82.4,38.0,0.2222,57.6,14.2,58.7,1018.4,0.0,22.6,14.1,298.0,NW,-10.63,-16.82,-3.15
529662,2018-04-17,2018,LAD,2018-04-17 19:10:00,19,3,7,10,2,28,13,16,401,84.0,5,60,0.0833,0.125,1.0,20.0,6.0,5.0,195.0,83.0,41.0,0.2,1.0,8.0,4.0,11.0,206.0,84.7,54.0,0.0909,58.5,14.7,56.0,1017.2,0.0,10.4,6.5,335.4,NW,-9.48,-10.4,-7.42
529677,2018-04-18,2018,LAD,2018-04-18 19:10:00,19,4,13,17,1,24,6,26,336,84.9,2,56,0.0357,0.0385,0.0,13.0,3.0,8.0,150.0,84.7,38.0,0.0,1.0,11.0,3.0,18.0,186.0,85.1,42.0,0.0556,58.8,14.9,80.3,1015.8,0.0,10.3,6.4,242.6,SW,4.73,1.33,7.56
529793,2018-04-27,2018,NYM,2018-04-27 19:10:00,19,1,5,6,2,15,8,15,268,85.0,4,49,0.0816,0.1333,1.0,8.0,4.0,6.0,135.0,83.8,37.0,0.1667,1.0,7.0,4.0,9.0,133.0,86.3,36.0,0.1111,58.8,14.9,79.7,1014.4,0.0,9.2,5.7,306.3,NW,-5.47,-7.68,-2.6
529808,2018-04-28,2018,NYM,2018-04-28 17:40:00,17,12,2,14,3,19,6,17,272,81.0,5,50,0.1,0.1765,2.0,10.0,4.0,13.0,163.0,81.3,52.0,0.1538,1.0,9.0,2.0,4.0,109.0,80.5,29.0,0.25,62.7,17.0,71.0,1012.7,0.0,14.7,9.1,269.0,W,0.26,-4.78,5.27
529823,2018-04-29,2018,NYM,2018-04-29 13:10:00,13,2,14,16,3,19,9,30,378,82.3,3,65,0.0462,0.1,0.0,12.0,2.0,11.0,162.0,80.0,52.0,0.0,3.0,7.0,7.0,19.0,216.0,84.3,61.0,0.1579,65.6,18.7,59.0,1014.7,0.0,19.8,12.3,235.7,SW,11.18,4.9,16.11
529888,2018-05-04,2018,LAD,2018-05-04 18:10:00,18,0,4,4,2,22,8,9,310,,0,38,0.0,0.2222,0.0,13.0,5.0,0.0,146.0,,0.0,,2.0,9.0,3.0,9.0,164.0,,0.0,0.2222,68.5,20.3,63.0,1015.6,0.0,10.6,6.6,282.6,W,-2.31,-5.7,1.35
529903,2018-05-05,2018,LAD,2018-05-05 16:10:00,16,7,4,11,3,20,10,19,302,,0,45,0.0,0.1579,2.0,10.0,5.0,9.0,148.0,,0.0,0.2222,1.0,10.0,5.0,10.0,154.0,,0.0,0.1,72.1,22.3,56.0,1011.8,0.0,15.9,9.9,299.3,NW,-7.81,-12.09,-2.59
529919,2018-05-06,2018,LAD,2018-05-06 13:10:00,13,3,0,3,1,20,6,20,310,,0,50,0.0,0.05,1.0,8.0,3.0,11.0,149.0,,0.0,0.0909,0.0,12.0,3.0,9.0,161.0,,0.0,0.0,70.7,21.5,54.7,1014.6,0.0,20.7,12.9,283.3,W,-4.78,-11.39,2.41
529932,2018-05-07,2018,WSH,2018-05-07 19:10:00,19,5,8,13,3,17,10,16,312,86.2,7,49,0.1429,0.1875,0.0,9.0,3.0,8.0,152.0,83.6,44.0,0.0,3.0,8.0,7.0,8.0,160.0,88.7,43.0,0.375,59.4,15.2,86.7,1015.1,0.0,7.2,4.5,231.6,SW,4.47,2.27,6.13
529947,2018-05-08,2018,WSH,2018-05-08 19:10:00,19,0,4,4,0,18,2,12,248,85.8,1,46,0.0217,0.0,0.0,8.0,1.0,3.0,116.0,87.2,31.0,0.0,0.0,10.0,1.0,9.0,132.0,84.8,43.0,0.0,60.4,15.8,86.3,1013.7,0.0,7.6,4.7,218.0,SW,5.96,4.01,7.2
529961,2018-05-09,2018,WSH,2018-05-09 18:10:00,18,2,1,3,1,20,7,16,266,82.5,2,42,0.0476,0.0625,0.0,8.0,4.0,8.0,140.0,81.3,31.0,0.0,1.0,12.0,2.0,8.0,126.0,83.8,28.0,0.125,63.3,17.4,79.3,1011.4,0.0,9.1,5.7,241.6,SW,4.33,1.33,6.8
529970,2018-05-10,2018,STL,2018-05-10 19:10:00,19,1,2,3,2,16,3,13,273,82.9,1,47,0.0213,0.1538,1.0,5.0,2.0,5.0,134.0,81.6,37.0,0.2,1.0,11.0,1.0,8.0,139.0,84.3,32.0,0.125,61.7,16.5,82.7,1010.2,0.0,8.2,5.1,238.3,SW,4.32,1.67,6.46
529983,2018-05-11,2018,STL,2018-05-11 19:10:00,19,5,9,14,6,11,8,24,336,85.9,6,66,0.0909,0.25,1.0,8.0,3.0,11.0,174.0,82.7,49.0,0.0909,5.0,3.0,5.0,13.0,162.0,89.0,49.0,0.3846,59.4,15.2,73.3,1010.7,0.1,18.5,11.5,210.3,SW,15.97,11.81,18.2
529998,2018-05-12,2018,STL,2018-05-12 17:40:00,17,2,1,3,0,28,9,16,400,84.5,1,61,0.0164,0.0,0.0,14.0,5.0,7.0,196.0,84.7,40.0,0.0,0.0,14.0,4.0,9.0,204.0,84.4,40.0,0.0,61.6,16.5,70.7,1013.8,0.0,11.4,7.1,221.7,SW,8.49,5.4,10.56
530013,2018-05-13,2018,STL,2018-05-13 13:10:00,13,5,3,8,1,21,9,14,288,84.1,0,41,0.0,0.0714,0.0,9.0,6.0,8.0,159.0,83.7,34.0,0.0,1.0,12.0,3.0,6.0,129.0,84.5,31.0,0.1667,66.1,18.9,52.7,1015.4,0.0,17.4,10.8,257.3,W,3.82,-2.23,9.41
530019,2018-05-14,2018,COL,2018-05-14 19:10:00,19,4,6,10,3,13,6,19,284,84.4,1,58,0.0172,0.1579,0.0,8.0,3.0,8.0,145.0,84.1,37.0,0.0,3.0,5.0,2.0,11.0,139.0,84.7,47.0,0.2727,60.7,15.9,78.3,1014.2,0.0,11.6,7.2,306.0,NW,-6.84,-9.64,-3.21
530028,2018-05-15,2018,COL,2018-05-15 12:40:00,12,4,0,4,2,20,4,9,240,83.0,2,38,0.0526,0.2222,2.0,7.0,2.0,8.0,127.0,86.4,34.0,0.25,0.0,13.0,2.0,1.0,113.0,79.0,29.0,0.0,67.5,19.7,58.3,1016.6,0.0,20.9,13.0,284.7,W,-5.28,-11.87,1.94
530204,2018-05-28,2018,MIA,2018-05-28 13:10:00,13,2,7,9,1,11,3,21,282,81.4,4,58,0.069,0.0476,1.0,4.0,1.0,6.0,125.0,80.0,38.0,0.1667,0.0,7.0,2.0,15.0,157.0,82.4,49.0,0.0,69.2,20.7,63.0,1012.2,0.0,19.7,12.2,278.0,W,-2.74,-9.23,4.09
530219,2018-05-29,2018,MIA,2018-05-29 19:10:00,19,9,5,14,2,17,3,20,301,85.0,2,52,0.0385,0.1,1.0,8.0,2.0,10.0,151.0,83.7,45.0,0.1,1.0,9.0,1.0,10.0,150.0,86.4,40.0,0.1,61.8,16.6,80.7,1009.7,0.0,10.5,6.5,206.0,SW,9.47,7.32,10.48
530234,2018-05-30,2018,MIA,2018-05-30 19:10:00,19,3,2,5,2,15,6,10,257,82.5,2,47,0.0426,0.2,1.0,9.0,4.0,6.0,135.0,80.6,31.0,0.1667,1.0,6.0,1.0,4.0,122.0,84.4,30.0,0.25,62.7,17.1,77.7,1010.5,0.0,10.9,6.8,204.3,SW,9.93,7.8,10.87
530248,2018-05-31,2018,MIA,2018-05-31 18:10:00,18,8,3,11,2,22,9,20,318,86.1,1,49,0.0204,0.1,1.0,11.0,6.0,10.0,163.0,87.0,35.0,0.1,1.0,11.0,2.0,10.0,155.0,85.2,41.0,0.1,63.6,17.5,75.0,1012.6,0.0,13.7,8.5,286.0,W,-3.78,-8.07,0.96
530257,2018-06-01,2018,CIN,2018-06-01 19:10:00,19,2,7,9,1,13,10,15,294,85.9,4,54,0.0741,0.0667,0.0,9.0,3.0,7.0,150.0,85.8,43.0,0.0,1.0,4.0,7.0,8.0,144.0,86.0,38.0,0.125,63.6,17.5,67.0,1013.2,0.0,8.0,5.0,279.7,W,-1.34,-3.96,1.44
530272,2018-06-02,2018,CIN,2018-06-02 17:40:00,17,8,2,10,2,16,4,20,303,87.1,3,52,0.0577,0.1,0.0,4.0,2.0,12.0,150.0,87.7,43.0,0.0,2.0,12.0,2.0,8.0,153.0,86.3,32.0,0.25,67.0,19.5,68.0,1012.3,0.0,12.7,7.9,271.7,W,-0.37,-4.7,4.01
530287,2018-06-03,2018,CIN,2018-06-03 15:10:00,15,6,3,9,4,13,5,21,306,81.9,5,56,0.0893,0.1905,2.0,6.0,2.0,9.0,143.0,80.5,43.0,0.2222,2.0,7.0,2.0,12.0,163.0,83.1,50.0,0.1667,70.3,21.3,62.3,1011.1,0.0,15.4,9.6,265.7,W,1.16,-4.16,6.34
530301,2018-06-04,2018,ATL,2018-06-04 19:10:00,19,11,4,15,4,11,7,22,308,85.1,5,62,0.0806,0.1818,4.0,4.0,5.0,13.0,163.0,84.9,45.0,0.3077,0.0,7.0,2.0,9.0,145.0,85.3,53.0,0.0,62.4,16.9,83.0,1010.7,0.0,10.8,6.7,212.0,SW,9.16,6.65,10.56
530304,2018-06-05,2018,ATL,2018-06-05 19:10:00,19,1,14,15,4,12,10,22,329,85.4,4,61,0.0656,0.1818,1.0,9.0,5.0,4.0,144.0,83.8,32.0,0.25,3.0,3.0,5.0,18.0,185.0,86.2,62.0,0.1667,62.2,16.8,79.0,1011.5,0.0,10.0,6.2,227.3,SW,6.75,3.84,8.85
530319,2018-06-06,2018,ATL,2018-06-06 12:40:00,12,3,1,4,1,24,6,11,275,82.2,2,37,0.0541,0.0909,0.0,11.0,4.0,7.0,143.0,79.6,30.0,0.0,1.0,13.0,2.0,4.0,132.0,84.4,34.0,0.25,68.2,20.1,64.3,1012.0,0.0,16.2,10.0,265.0,W,1.41,-4.18,6.83
530499,2018-06-19,2018,ATH,2018-06-19 19:10:00,19,2,4,6,2,24,7,13,338,83.1,5,48,0.1042,0.1538,0.0,14.0,3.0,6.0,166.0,82.8,40.0,0.0,2.0,10.0,3.0,7.0,172.0,83.4,42.0,0.2857,64.2,17.9,79.7,1013.4,0.0,10.1,6.3,253.0,W,2.95,-0.53,6.08
530513,2018-06-20,2018,ATH,2018-06-20 12:40:00,12,4,12,16,6,21,8,24,343,83.1,6,56,0.1071,0.25,1.0,11.0,4.0,9.0,148.0,85.2,36.0,0.1111,5.0,10.0,4.0,15.0,195.0,81.9,64.0,0.3333,70.5,21.4,65.0,1012.2,0.0,13.3,8.3,250.0,W,4.55,-0.0,8.55
530635,2018-06-29,2018,PIT,2018-06-29 19:10:00,19,3,6,9,1,16,2,23,280,84.1,2,59,0.0339,0.0435,0.0,8.0,2.0,12.0,137.0,86.8,43.0,0.0,1.0,8.0,0.0,11.0,143.0,81.6,48.0,0.0909,64.0,17.8,77.7,1012.1,0.0,14.5,9.0,185.3,S,14.44,13.11,14.03
530650,2018-06-30,2018,PIT,2018-06-30 19:10:00,19,4,3,7,1,19,6,12,273,84.3,1,43,0.0233,0.0833,1.0,9.0,2.0,5.0,115.0,87.0,27.0,0.2,0.0,10.0,4.0,7.0,158.0,82.4,39.0,0.0,63.4,17.5,76.3,1013.3,0.0,9.0,5.6,236.3,SW,4.99,2.13,7.25
530665,2018-07-01,2018,PIT,2018-07-01 13:10:00,13,5,7,12,4,15,10,18,327,83.4,3,57,0.0526,0.2222,1.0,10.0,7.0,9.0,189.0,84.4,49.0,0.1111,3.0,5.0,3.0,9.0,138.0,82.4,45.0,0.3333,70.7,21.5,59.0,1015.5,0.0,16.1,10.0,260.7,W,2.62,-2.99,7.9
530765,2018-07-09,2018,LAD,2018-07-09 19:10:00,19,2,8,10,1,12,5,19,289,85.5,0,61,0.0,0.0526,1.0,10.0,1.0,5.0,136.0,81.9,43.0,0.2,0.0,2.0,3.0,14.0,153.0,88.4,51.0,0.0,71.9,22.2,79.7,1012.7,0.0,10.8,6.7,216.7,SW,8.69,5.95,10.38
530777,2018-07-10,2018,LAD,2018-07-10 19:10:00,19,4,1,5,3,17,3,12,232,85.8,3,44,0.0682,0.25,2.0,8.0,1.0,8.0,111.0,87.2,41.0,0.25,1.0,9.0,2.0,4.0,121.0,84.0,33.0,0.25,73.9,23.3,61.3,1012.0,0.0,6.0,3.7,218.7,SW,4.71,3.13,5.71
530792,2018-07-11,2018,LAD,2018-07-11 19:10:00,19,2,4,6,1,17,7,15,300,79.3,2,51,0.0392,0.0667,1.0,12.0,2.0,5.0,134.0,78.3,36.0,0.2,0.0,5.0,3.0,10.0,166.0,80.1,48.0,0.0,71.1,21.7,84.3,1011.1,0.0,6.9,4.3,226.4,SW,4.76,2.77,6.18
530803,2018-07-12,2018,LAD,2018-07-12 19:10:00,19,2,3,5,0,19,7,13,299,81.5,2,46,0.0435,0.0,0.0,10.0,3.0,8.0,155.0,82.3,35.0,0.0,0.0,9.0,4.0,5.0,144.0,80.6,34.0,0.0,71.7,22.1,78.3,1014.3,0.0,10.5,6.5,266.0,W,0.73,-2.9,4.28
530812,2018-07-13,2018,CHC,2018-07-13 19:10:00,19,4,5,9,1,21,9,19,328,80.7,2,54,0.037,0.0526,1.0,14.0,3.0,10.0,168.0,80.6,46.0,0.1,0.0,7.0,5.0,9.0,160.0,80.8,46.0,0.0,71.7,22.1,79.7,1014.5,0.0,10.3,6.4,290.8,W,-3.65,-6.71,-0.15
530827,2018-07-14,2018,CHC,2018-07-14 19:10:00,19,6,11,17,5,14,7,21,334,87.4,6,59,0.1017,0.2381,2.0,4.0,4.0,8.0,168.0,87.0,42.0,0.25,3.0,10.0,2.0,13.0,166.0,87.8,45.0,0.2308,71.7,22.1,80.3,1012.7,0.0,9.6,6.0,288.0,W,-2.98,-5.93,0.34
530842,2018-07-15,2018,CHC,2018-07-15 13:10:00,13,4,7,11,2,21,8,19,342,83.7,3,49,0.0612,0.1053,2.0,10.0,5.0,9.0,177.0,87.7,37.0,0.2222,0.0,11.0,2.0,10.0,165.0,80.9,52.0,0.0,75.6,24.2,64.0,1013.1,0.0,17.5,10.9,241.0,SW,8.48,2.74,13.21
530956,2018-07-27,2018,AZ,2018-07-27 19:10:00,19,2,6,8,2,16,2,19,268,83.6,3,53,0.0566,0.1053,2.0,9.0,0.0,8.0,126.0,83.1,40.0,0.25,0.0,7.0,2.0,11.0,142.0,84.0,46.0,0.0,70.8,21.6,84.0,1010.7,0.0,10.0,6.2,234.0,SW,5.88,2.76,8.29
530971,2018-07-28,2018,AZ,2018-07-28 17:40:00,17,4,9,13,0,15,9,22,318,84.7,2,59,0.0339,0.0,0.0,9.0,2.0,7.0,144.0,83.3,38.0,0.0,0.0,6.0,6.0,15.0,174.0,85.8,48.0,0.0,73.3,23.0,77.0,1012.0,0.0,12.8,8.0,216.0,SW,10.36,7.16,12.31
530986,2018-07-29,2018,AZ,2018-07-29 13:10:00,13,4,5,9,3,20,7,17,295,84.7,3,49,0.0612,0.1765,0.0,12.0,3.0,8.0,145.0,83.3,37.0,0.0,3.0,8.0,4.0,9.0,150.0,85.9,41.0,0.3333,79.7,26.5,61.0,1013.6,0.0,16.5,10.2,228.0,SW,11.02,6.17,14.54
531007,2018-07-30,2018,SF,2018-07-30 19:10:00,19,3,5,8,3,24,5,20,378,83.5,4,66,0.0606,0.15,1.0,15.0,2.0,9.0,180.0,85.9,44.0,0.1111,2.0,9.0,3.0,11.0,198.0,81.8,60.0,0.1818,75.4,24.1,69.0,1011.5,0.0,10.0,6.2,264.4,W,0.97,-2.48,4.3
531022,2018-07-31,2018,SF,2018-07-31 13:10:00,13,2,3,5,1,16,11,15,325,83.7,2,57,0.0351,0.0667,0.0,10.0,4.0,5.0,167.0,81.6,37.0,0.0,1.0,6.0,6.0,10.0,158.0,85.2,51.0,0.1,80.5,26.9,54.7,1012.4,0.0,15.7,9.7,259.0,W,2.99,-2.45,8.07
531150,2018-08-10,2018,PHI,2018-08-10 19:10:00,19,2,0,2,1,19,4,15,255,81.2,2,44,0.0455,0.0667,1.0,11.0,0.0,7.0,118.0,81.3,26.0,0.1429,0.0,8.0,3.0,8.0,137.0,81.1,42.0,0.0,78.5,25.8,68.7,1014.3,0.0,8.3,5.2,262.3,W,1.11,-1.77,3.86
531165,2018-08-11,2018,PHI,2018-08-11 17:40:00,17,1,5,6,2,19,7,14,314,80.8,1,48,0.0208,0.1429,0.0,9.0,4.0,7.0,153.0,78.3,45.0,0.0,2.0,10.0,3.0,7.0,161.0,84.0,36.0,0.2857,79.9,26.6,64.7,1012.3,0.0,19.7,12.3,300.3,NW,-9.97,-15.19,-3.54
531180,2018-08-12,2018,PHI,2018-08-12 12:40:00,12,9,3,12,1,17,11,15,308,82.4,3,47,0.0638,0.0667,1.0,7.0,6.0,9.0,150.0,80.3,37.0,0.1111,0.0,10.0,5.0,6.0,158.0,84.4,37.0,0.0,80.9,27.2,62.0,1014.4,0.0,18.7,11.6,268.0,W,0.65,-5.79,7.02
531189,2018-08-13,2018,LAA,2018-08-13 19:10:00,19,3,6,9,4,13,3,14,259,83.4,4,61,0.0656,0.2857,2.0,8.0,2.0,6.0,140.0,79.4,46.0,0.3333,2.0,5.0,1.0,8.0,119.0,88.0,41.0,0.25,73.6,23.1,75.3,1011.9,0.0,9.9,6.2,286.7,W,-2.84,-5.91,0.58
531200,2018-08-14,2018,LAA,2018-08-14 19:10:00,19,3,7,10,2,15,5,21,324,83.9,2,55,0.0364,0.0952,1.0,11.0,1.0,10.0,155.0,84.9,38.0,0.1,1.0,4.0,4.0,11.0,169.0,83.2,54.0,0.0909,73.0,22.8,79.0,1010.3,0.0,9.4,5.8,286.7,W,-2.7,-5.61,0.55
531215,2018-08-15,2018,LAA,2018-08-15 18:10:00,18,2,3,5,2,17,4,14,262,78.5,2,49,0.0408,0.1429,1.0,11.0,4.0,4.0,135.0,74.8,37.0,0.25,1.0,6.0,0.0,10.0,127.0,82.1,39.0,0.1,73.1,22.8,77.0,1011.5,0.0,12.2,7.6,249.0,W,4.38,0.21,8.03
531225,2018-08-16,2018,AZ,2018-08-16 19:10:00,19,1,5,6,2,21,8,12,304,82.9,2,45,0.0444,0.1667,1.0,6.0,0.0,5.0,112.0,84.4,33.0,0.2,1.0,15.0,8.0,7.0,192.0,81.7,37.0,0.1429,73.0,22.8,81.3,1015.6,0.0,9.9,6.1,236.0,SW,5.52,2.39,7.98
531234,2018-08-17,2018,AZ,2018-08-17 19:10:00,19,4,9,13,4,23,13,18,370,80.4,3,49,0.0612,0.2222,2.0,8.0,7.0,5.0,173.0,83.2,42.0,0.4,2.0,15.0,5.0,13.0,197.0,78.0,47.0,0.1538,74.3,23.5,79.3,1015.4,0.0,9.3,5.8,276.0,W,-0.97,-4.08,2.25
531249,2018-08-18,2018,AZ,2018-08-18 17:40:00,17,7,6,13,0,19,6,21,279,82.8,0,54,0.0,0.0,0.0,11.0,5.0,9.0,161.0,82.3,39.0,0.0,0.0,8.0,0.0,12.0,118.0,83.3,42.0,0.0,75.4,24.1,74.0,1013.6,0.0,14.4,8.9,294.7,NW,-6.0,-10.1,-1.17
531264,2018-08-19,2018,AZ,2018-08-19 13:10:00,13,3,4,7,4,19,5,19,320,83.8,3,52,0.0577,0.2105,1.0,11.0,1.0,8.0,158.0,82.3,36.0,0.125,3.0,8.0,3.0,11.0,162.0,84.9,49.0,0.2727,78.1,25.6,63.7,1012.0,0.0,15.8,9.8,249.3,W,5.56,0.18,10.27
531390,2018-08-28,2018,SEA,2018-08-28 19:10:00,19,2,1,3,2,10,2,13,218,86.3,4,52,0.0769,0.1538,1.0,9.0,2.0,5.0,121.0,84.4,35.0,0.2,1.0,1.0,0.0,8.0,97.0,88.2,34.0,0.125,71.3,21.8,75.7,1012.0,0.0,11.5,7.2,321.3,NW,-9.01,-10.93,-6.0
531404,2018-08-29,2018,SEA,2018-08-29 12:40:00,12,8,3,11,2,16,7,22,318,81.4,4,56,0.0714,0.0909,2.0,5.0,3.0,13.0,154.0,81.3,50.0,0.1538,0.0,11.0,4.0,9.0,164.0,81.4,40.0,0.0,79.5,26.4,59.7,1012.6,0.0,22.6,14.1,295.0,NW,-9.57,-16.0,-1.97
531410,2018-08-30,2018,COL,2018-08-30 19:10:00,19,3,2,5,1,24,7,10,359,82.8,2,64,0.0312,0.1,1.0,16.0,1.0,6.0,170.0,84.4,40.0,0.1667,0.0,8.0,3.0,4.0,189.0,81.7,58.0,0.0,71.1,21.7,80.7,1011.7,0.0,12.2,7.6,306.0,NW,-7.19,-10.14,-3.37
531422,2018-08-31,2018,COL,2018-08-31 19:10:00,19,7,0,7,3,12,4,16,240,84.5,3,54,0.0556,0.1875,3.0,6.0,2.0,11.0,124.0,90.7,39.0,0.2727,0.0,6.0,2.0,5.0,116.0,78.6,41.0,0.0,70.0,21.1,84.3,1008.0,0.0,10.0,6.2,239.3,SW,5.08,1.84,7.71
531437,2018-09-01,2018,COL,2018-09-01 17:40:00,17,2,4,6,3,13,3,17,262,83.4,3,57,0.0526,0.1765,2.0,4.0,1.0,7.0,130.0,84.5,41.0,0.2857,1.0,9.0,2.0,10.0,132.0,82.3,43.0,0.1,70.5,21.4,73.3,1007.9,0.0,15.5,9.6,197.7,S,14.77,12.27,15.49
531452,2018-09-02,2018,COL,2018-09-02 13:10:00,13,3,7,10,1,16,6,16,277,84.1,5,53,0.0943,0.0625,0.0,8.0,3.0,7.0,136.0,82.2,40.0,0.0,1.0,8.0,3.0,9.0,141.0,85.8,43.0,0.1111,74.5,23.6,60.7,1010.0,0.0,20.0,12.4,216.3,SW,16.11,11.09,19.19
531616,2018-09-14,2018,TEX,2018-09-14 19:10:00,19,0,4,4,1,18,5,14,263,81.4,0,44,0.0,0.0714,0.0,8.0,5.0,5.0,145.0,80.8,32.0,0.0,1.0,10.0,0.0,9.0,118.0,82.1,35.0,0.1111,71.1,21.7,78.0,1008.0,0.0,9.8,6.1,302.0,NW,-5.18,-7.7,-2.03
531631,2018-09-15,2018,TEX,2018-09-15 17:40:00,17,3,6,9,2,15,8,17,313,85.5,3,54,0.0556,0.1176,1.0,7.0,5.0,8.0,154.0,83.5,45.0,0.125,1.0,8.0,3.0,9.0,159.0,87.6,42.0,0.1111,73.5,23.0,62.0,1008.4,0.0,15.4,9.5,302.7,NW,-8.29,-12.22,-3.37
531646,2018-09-16,2018,TEX,2018-09-16 13:10:00,13,7,3,10,4,15,8,16,283,83.9,5,50,0.1,0.25,2.0,8.0,5.0,8.0,148.0,80.1,43.0,0.25,2.0,7.0,3.0,8.0,135.0,88.5,36.0,0.25,77.1,25.1,52.0,1011.4,0.0,19.0,11.8,283.0,W,-4.27,-10.33,2.31
531655,2018-09-17,2018,SF,2018-09-17 19:10:00,19,2,4,6,3,15,4,17,254,82.8,4,53,0.0755,0.1765,1.0,4.0,4.0,5.0,113.0,82.1,37.0,0.2,2.0,11.0,0.0,12.0,141.0,83.5,42.0,0.1667,69.4,20.8,81.7,1010.1,0.0,13.7,8.5,311.3,NW,-9.07,-12.05,-5.0
531670,2018-09-18,2018,SF,2018-09-18 19:10:00,19,4,5,9,2,26,7,18,312,81.6,1,45,0.0222,0.1111,1.0,10.0,5.0,9.0,150.0,83.3,39.0,0.1111,1.0,16.0,2.0,9.0,162.0,79.7,36.0,0.1111,68.3,20.2,79.7,1008.9,0.0,10.5,6.5,303.0,NW,-5.7,-8.36,-2.36
531685,2018-09-19,2018,SF,2018-09-19 18:10:00,18,8,4,12,3,16,5,18,295,84.9,4,52,0.0769,0.1667,2.0,10.0,2.0,10.0,158.0,85.3,44.0,0.2,1.0,6.0,3.0,8.0,137.0,84.5,48.0,0.125,68.4,20.2,78.0,1005.9,0.0,8.7,5.4,263.0,W,1.06,-1.97,3.96
531793,2018-09-28,2018,AZ,2018-09-28 19:10:00,19,3,2,5,2,33,14,18,435,81.8,3,68,0.0441,0.1111,2.0,16.0,7.0,8.0,223.0,81.1,59.0,0.25,0.0,17.0,5.0,10.0,212.0,82.6,58.0,0.0,65.3,18.5,86.3,1010.4,0.0,9.0,5.6,261.0,W,1.41,-1.72,4.38
531808,2018-09-29,2018,AZ,2018-09-29 17:40:00,17,4,5,9,2,10,9,14,285,82.4,4,56,0.0714,0.1429,1.0,6.0,3.0,7.0,137.0,85.5,39.0,0.1429,1.0,4.0,6.0,7.0,148.0,79.8,47.0,0.1429,69.2,20.7,66.3,1010.2,0.0,11.5,7.1,295.6,NW,-4.97,-8.22,-1.13
531823,2018-09-30,2018,AZ,2018-09-30 12:10:00,12,4,3,7,3,24,7,17,313,80.8,3,49,0.0612,0.1765,1.0,11.0,5.0,11.0,183.0,81.3,50.0,0.0909,2.0,13.0,1.0,6.0,130.0,80.1,41.0,0.3333,76.8,24.9,59.7,1010.1,0.0,16.2,10.1,278.0,W,-2.26,-7.61,3.36
566275,2019-03-28,2019,SF,2019-03-28 13:10:00,13,2,0,2,1,14,2,11,210,84.5,3,43,0.0698,0.0909,1.0,9.0,1.0,6.0,102.0,85.4,32.0,0.1667,0.0,5.0,1.0,5.0,108.0,83.7,36.0,0.0,64.1,17.8,72.3,1022.4,0.0,19.2,11.9,292.0,W,-7.19,-12.85,-0.67
566276,2019-03-29,2019,SF,2019-03-29 19:10:00,19,4,1,5,2,21,7,14,291,84.0,2,41,0.0488,0.1429,1.0,9.0,4.0,8.0,142.0,83.5,37.0,0.125,1.0,12.0,3.0,6.0,149.0,84.7,32.0,0.1667,57.6,14.2,81.3,1018.4,0.0,9.5,5.9,311.3,NW,-6.3,-8.37,-3.47
566277,2019-03-30,2019,SF,2019-03-30 17:40:00,17,2,3,5,0,18,2,17,286,84.2,0,51,0.0,0.0,0.0,9.0,0.0,8.0,134.0,85.6,40.0,0.0,0.0,9.0,2.0,9.0,152.0,82.7,40.0,0.0,65.7,18.7,61.7,1014.5,0.0,13.8,8.6,309.7,NW,-8.83,-11.94,-4.66
566278,2019-03-31,2019,SF,2019-03-31 13:10:00,13,3,1,4,0,14,7,10,261,83.7,1,45,0.0222,0.0,0.0,4.0,3.0,8.0,132.0,87.4,38.0,0.0,0.0,10.0,2.0,2.0,129.0,79.9,37.0,0.0,75.4,24.1,36.7,1014.7,0.0,17.8,11.1,283.3,W,-4.1,-9.78,2.07
566279,2019-04-01,2019,AZ,2019-04-01 19:10:00,19,3,10,13,2,13,6,21,282,83.1,2,60,0.0333,0.0952,1.0,5.0,2.0,6.0,121.0,84.0,41.0,0.1667,1.0,8.0,4.0,15.0,161.0,82.3,52.0,0.0667,62.3,16.8,74.0,1012.2,0.0,9.3,5.8,197.3,S,8.88,7.39,9.29
566280,2019-04-02,2019,AZ,2019-04-02 19:10:00,19,5,8,13,8,21,5,25,309,85.0,8,58,0.1379,0.32,3.0,13.0,1.0,11.0,159.0,85.6,38.0,0.2727,5.0,8.0,4.0,14.0,150.0,84.4,44.0,0.3571,60.5,15.8,75.7,1014.3,0.0,12.0,7.5,238.0,SW,6.38,2.5,9.48
566281,2019-04-03,2019,AZ,2019-04-03 12:40:00,12,4,1,5,1,18,7,12,263,84.0,1,43,0.0233,0.0833,1.0,7.0,6.0,5.0,125.0,84.4,34.0,0.2,0.0,11.0,1.0,7.0,138.0,83.7,40.0,0.0,63.6,17.6,64.7,1018.0,0.0,14.7,9.2,248.0,W,5.51,0.51,9.85
566282,2019-04-15,2019,COL,2019-04-15 19:10:00,19,2,5,7,4,14,4,16,251,85.0,4,53,0.0755,0.25,2.0,7.0,2.0,8.0,134.0,89.8,34.0,0.25,2.0,7.0,2.0,8.0,117.0,80.5,36.0,0.25,58.9,15.0,79.0,1012.2,0.3,11.3,7.0,244.3,SW,4.89,1.12,8.08
566283,2019-04-16,2019,COL,2019-04-16 18:10:00,18,2,8,10,3,20,8,17,294,83.9,3,49,0.0612,0.1765,1.0,7.0,5.0,5.0,125.0,88.1,28.0,0.2,2.0,13.0,3.0,12.0,169.0,81.0,41.0,0.1667,59.8,15.5,76.3,1015.2,0.5,13.5,8.4,277.2,W,-1.69,-6.16,2.98
566284,2019-04-18,2019,CIN,2019-04-18 19:10:00,19,1,4,5,3,20,3,11,276,82.6,3,41,0.0732,0.2727,0.0,13.0,2.0,6.0,138.0,82.9,33.0,0.0,3.0,7.0,1.0,5.0,138.0,82.3,36.0,0.6,62.5,17.0,78.3,1016.5,0.0,7.2,4.5,322.5,NW,-5.71,-6.87,-3.87
566285,2019-04-19,2019,CIN,2019-04-19 19:10:00,19,2,3,5,3,20,3,8,275,85.5,4,55,0.0727,0.375,1.0,13.0,3.0,4.0,151.0,87.5,41.0,0.25,2.0,7.0,0.0,4.0,124.0,83.5,42.0,0.5,59.1,15.0,83.7,1012.7,0.0,10.3,6.4,287.0,W,-3.0,-6.18,0.54
566286,2019-04-20,2019,CIN,2019-04-20 17:40:00,17,2,4,6,2,25,6,14,293,83.1,2,41,0.0488,0.1429,1.0,14.0,2.0,7.0,139.0,83.9,31.0,0.1429,1.0,11.0,4.0,7.0,154.0,82.4,40.0,0.1429,60.7,16.0,69.3,1014.5,0.0,13.3,8.3,273.0,W,-0.7,-5.2,3.89
566287,2019-04-21,2019,CIN,2019-04-21 13:10:00,13,4,3,7,3,19,2,18,248,83.1,4,48,0.0833,0.1667,1.0,9.0,0.0,9.0,114.0,84.8,31.0,0.1111,2.0,10.0,2.0,9.0,134.0,81.6,34.0,0.2222,62.1,16.7,50.0,1016.0,0.0,14.9,9.3,253.0,W,4.36,-0.78,8.97
566288,2019-04-23,2019,SEA,2019-04-23 19:10:00,19,6,3,9,3,14,6,15,281,80.7,3,51,0.0588,0.2,3.0,6.0,0.0,8.0,117.0,83.1,44.0,0.375,0.0,8.0,6.0,7.0,164.0,77.9,39.0,0.0,62.5,16.9,82.0,1013.0,0.0,5.6,3.5,254.8,W,1.46,-0.47,3.21
566289,2019-04-24,2019,SEA,2019-04-24 12:40:00,12,1,0,1,1,19,2,6,197,81.5,0,37,0.0,0.1667,1.0,9.0,1.0,4.0,90.0,83.2,25.0,0.25,0.0,10.0,1.0,2.0,107.0,80.1,31.0,0.0,69.3,20.7,64.7,1014.6,0.0,14.9,9.3,240.0,SW,7.45,2.59,11.41
566290,2019-05-03,2019,LAD,2019-05-03 19:10:00,19,3,4,7,4,23,4,15,296,84.8,3,46,0.0652,0.2667,2.0,10.0,2.0,6.0,142.0,84.9,40.0,0.3333,2.0,13.0,2.0,9.0,154.0,84.7,41.0,0.2222,61.6,16.5,78.0,1012.3,0.0,6.9,4.3,256.3,W,1.63,-0.76,3.83
566291,2019-05-04,2019,LAD,2019-05-04 17:40:00,17,6,7,13,3,18,9,21,387,82.2,3,56,0.0536,0.1429,2.0,8.0,4.0,10.0,190.0,82.7,54.0,0.2,1.0,10.0,5.0,11.0,197.0,81.6,45.0,0.0909,64.2,17.9,64.0,1010.5,0.0,14.4,8.9,296.0,NW,-6.31,-10.36,-1.51
566292,2019-05-05,2019,LAD,2019-05-05 13:10:00,13,8,5,13,4,15,7,15,261,84.4,5,52,0.0962,0.2667,2.0,12.0,3.0,7.0,132.0,80.8,38.0,0.2857,2.0,3.0,4.0,8.0,129.0,88.1,38.0,0.25,65.4,18.6,55.7,1011.3,0.0,14.3,8.9,256.7,W,3.31,-1.66,7.88
566293,2019-05-06,2019,NYM,2019-05-06 19:10:00,19,4,0,4,1,20,2,11,228,86.4,0,42,0.0,0.0909,1.0,8.0,1.0,7.0,124.0,85.0,38.0,0.1429,0.0,12.0,1.0,4.0,104.0,88.2,29.0,0.0,61.0,16.1,77.7,1013.7,0.4,11.6,7.2,299.3,NW,-5.67,-8.77,-1.88
566294,2019-05-07,2019,NYM,2019-05-07 19:10:00,19,6,7,13,3,21,9,24,340,86.1,4,54,0.0741,0.125,2.0,9.0,3.0,12.0,160.0,86.0,41.0,0.1667,1.0,12.0,5.0,12.0,180.0,86.2,49.0,0.0833,60.1,15.6,76.7,1017.0,0.0,12.1,7.5,302.3,NW,-6.46,-9.55,-2.58
566295,2019-05-08,2019,NYM,2019-05-08 12:40:00,12,3,2,5,3,20,3,12,261,83.5,7,42,0.1667,0.25,2.0,7.0,1.0,5.0,124.0,86.7,35.0,0.4,1.0,13.0,2.0,7.0,137.0,80.7,39.0,0.1429,63.9,17.7,69.3,1014.7,0.0,15.9,9.9,275.7,W,-1.57,-6.87,3.93
566296,2019-05-16,2019,PIT,2019-05-16 19:10:00,19,4,3,7,3,15,4,13,298,83.1,5,49,0.102,0.2308,2.0,9.0,3.0,5.0,143.0,81.0,35.0,0.4,1.0,6.0,1.0,8.0,155.0,84.6,49.0,0.125,60.4,15.8,69.0,1014.6,0.0,19.5,12.1,279.3,W,-3.16,-9.57,3.62
566297,2019-05-17,2019,PIT,2019-05-17 19:10:00,19,3,5,8,3,22,5,16,281,82.1,4,47,0.0851,0.1875,2.0,15.0,2.0,7.0,141.0,80.9,42.0,0.2857,1.0,7.0,3.0,9.0,140.0,83.3,45.0,0.1111,60.1,15.6,75.7,1014.8,0.0,9.4,5.8,307.4,NW,-5.68,-7.89,-2.8
566298,2019-05-18,2019,PIT,2019-05-18 17:40:00,17,2,7,9,4,21,9,20,329,84.9,3,51,0.0588,0.2,0.0,13.0,5.0,8.0,160.0,83.5,31.0,0.0,4.0,8.0,4.0,12.0,169.0,85.8,47.0,0.3333,63.1,17.3,70.3,1013.2,0.0,14.5,9.0,234.0,SW,8.52,4.0,12.02
566299,2019-05-19,2019,PIT,2019-05-19 13:10:00,13,4,6,10,2,13,5,16,279,86.3,4,54,0.0741,0.125,1.0,7.0,3.0,5.0,127.0,87.7,34.0,0.2,1.0,6.0,2.0,11.0,152.0,85.3,48.0,0.0909,63.2,17.3,69.3,1012.2,0.7,27.8,17.3,235.3,SW,15.8,7.04,22.66
566300,2019-05-20,2019,AZ,2019-05-20 19:10:00,19,2,1,3,1,24,4,11,254,81.9,2,37,0.0541,0.0909,1.0,12.0,0.0,6.0,114.0,86.6,27.0,0.1667,0.0,12.0,3.0,5.0,140.0,78.0,33.0,0.0,59.7,15.4,72.7,1014.1,0.0,12.3,7.6,253.0,W,3.6,-0.64,7.41
566301,2019-05-21,2019,AZ,2019-05-21 19:10:00,19,3,2,5,3,14,1,9,225,81.1,5,46,0.1087,0.3333,1.0,6.0,1.0,4.0,111.0,81.0,32.0,0.25,2.0,8.0,0.0,5.0,114.0,81.1,35.0,0.4,59.1,15.0,73.7,1009.5,0.0,23.9,14.8,271.0,W,-0.42,-8.55,7.77
566302,2019-05-22,2019,AZ,2019-05-22 12:40:00,12,5,2,7,0,14,5,18,284,81.5,6,50,0.12,0.0,0.0,5.0,5.0,12.0,157.0,82.5,46.0,0.0,0.0,9.0,0.0,6.0,127.0,80.4,43.0,0.0,61.7,16.5,64.3,1007.6,0.3,27.5,17.1,261.3,W,4.14,-5.4,13.18
566303,2019-05-31,2019,MIA,2019-05-31 19:10:00,19,5,2,7,4,20,4,13,283,85.1,3,45,0.0667,0.3077,3.0,13.0,3.0,9.0,164.0,84.3,36.0,0.3333,1.0,7.0,1.0,4.0,119.0,86.0,31.0,0.25,60.7,15.9,77.3,1010.8,0.0,7.3,4.5,214.0,SW,6.05,4.29,7.08
566304,2019-06-01,2019,MIA,2019-06-01 19:10:00,19,3,9,12,2,20,7,15,295,86.0,1,48,0.0208,0.1333,1.0,11.0,3.0,4.0,128.0,88.4,32.0,0.25,1.0,9.0,4.0,11.0,167.0,84.1,40.0,0.0909,60.8,16.0,77.3,1010.5,0.0,10.6,6.6,241.0,SW,5.14,1.66,8.0
566305,2019-06-02,2019,MIA,2019-06-02 15:10:00,15,3,9,12,4,19,3,17,322,83.6,4,51,0.0784,0.2353,2.0,12.0,2.0,4.0,154.0,81.1,49.0,0.5,2.0,7.0,1.0,13.0,168.0,85.9,54.0,0.1538,65.5,18.6,63.0,1011.5,0.0,15.6,9.7,263.3,W,1.82,-3.59,7.01
566306,2019-06-03,2019,PHI,2019-06-03 19:10:00,19,8,2,10,3,12,11,15,271,83.6,5,50,0.1,0.2,2.0,6.0,8.0,9.0,141.0,82.4,39.0,0.2222,1.0,6.0,3.0,6.0,130.0,84.7,42.0,0.1667,62.8,17.1,78.0,1011.7,0.0,10.9,6.8,294.0,NW,-4.43,-7.57,-0.76
566307,2019-06-04,2019,PHI,2019-06-04 19:10:00,19,6,9,15,7,15,2,23,318,84.9,6,62,0.0968,0.3043,3.0,10.0,1.0,10.0,156.0,83.0,41.0,0.3,4.0,5.0,1.0,13.0,162.0,86.4,49.0,0.3077,62.4,16.9,83.0,1012.0,0.0,8.9,5.5,235.3,SW,5.06,2.25,7.26
566308,2019-06-05,2019,PHI,2019-06-05 12:40:00,12,5,7,12,3,19,9,19,326,85.1,4,54,0.0741,0.1579,2.0,8.0,6.0,8.0,168.0,82.7,39.0,0.25,1.0,11.0,2.0,11.0,158.0,87.6,37.0,0.0909,68.4,20.2,67.0,1013.3,0.0,15.7,9.8,241.7,SW,7.45,2.28,11.73
566309,2019-06-06,2019,WSH,2019-06-06 19:10:00,19,5,4,9,2,20,10,10,284,83.5,4,40,0.1,0.2,1.0,9.0,7.0,6.0,143.0,84.9,33.0,0.1667,1.0,11.0,3.0,4.0,141.0,81.9,31.0,0.25,62.4,16.9,82.3,1013.1,0.0,12.5,7.8,201.3,S,11.67,9.41,12.53
566310,2019-06-07,2019,WSH,2019-06-07 19:10:00,19,5,4,9,1,15,1,18,276,84.4,1,53,0.0189,0.0556,1.0,9.0,1.0,8.0,135.0,84.8,29.0,0.125,0.0,6.0,0.0,10.0,141.0,84.2,39.0,0.0,62.8,17.1,78.7,1011.6,0.0,10.5,6.5,251.3,W,3.36,-0.24,6.56
566311,2019-06-08,2019,WSH,2019-06-08 19:10:00,19,1,4,5,1,18,5,14,268,84.4,1,49,0.0204,0.0714,0.0,11.0,1.0,7.0,140.0,86.4,35.0,0.0,1.0,7.0,3.0,7.0,128.0,82.4,35.0,0.1429,62.0,16.7,78.3,1012.7,0.0,8.7,5.4,238.3,SW,4.58,1.77,6.85
566312,2019-06-09,2019,WSH,2019-06-09 13:10:00,13,2,5,7,4,12,1,15,266,84.4,5,55,0.0909,0.2667,0.0,7.0,0.0,7.0,149.0,79.8,44.0,0.0,4.0,5.0,1.0,8.0,117.0,89.6,38.0,0.5,73.5,23.0,57.7,1012.6,0.0,17.8,11.0,271.7,W,-0.52,-6.56,5.59
566313,2019-06-17,2019,MIL,2019-06-17 19:10:00,19,2,0,2,1,19,6,11,281,83.8,4,41,0.0976,0.0909,1.0,11.0,3.0,7.0,152.0,85.3,35.0,0.1429,0.0,8.0,3.0,4.0,129.0,82.2,34.0,0.0,62.8,17.1,77.7,1011.8,0.0,8.5,5.3,240.3,SW,4.21,1.43,6.48
566314,2019-06-18,2019,MIL,2019-06-18 19:10:00,19,4,1,5,1,18,6,12,255,83.9,2,43,0.0465,0.0833,1.0,11.0,2.0,8.0,134.0,81.4,34.0,0.125,0.0,7.0,3.0,4.0,121.0,86.4,32.0,0.0,63.7,17.6,76.7,1013.7,0.0,9.7,6.0,275.3,W,-0.9,-4.16,2.47
566315,2019-06-19,2019,MIL,2019-06-19 12:40:00,12,8,7,15,5,12,9,22,303,86.5,8,59,0.1356,0.2273,2.0,7.0,4.0,13.0,141.0,87.2,37.0,0.1538,3.0,5.0,5.0,9.0,162.0,85.9,51.0,0.3333,69.6,20.9,64.0,1014.8,0.0,17.7,11.0,247.3,SW,6.83,0.82,12.02
566316,2019-06-28,2019,STL,2019-06-28 19:10:00,19,3,1,4,2,11,4,16,271,83.2,2,53,0.0377,0.125,2.0,3.0,2.0,7.0,97.0,85.8,32.0,0.2857,0.0,8.0,1.0,9.0,174.0,81.5,49.0,0.0,65.6,18.7,81.7,1014.4,0.0,7.1,4.4,250.3,W,2.39,-0.03,4.52
566317,2019-06-29,2019,STL,2019-06-29 19:10:00,19,12,2,14,6,23,6,17,321,83.7,8,47,0.1702,0.3529,5.0,11.0,4.0,12.0,167.0,83.7,43.0,0.4167,1.0,12.0,2.0,5.0,154.0,83.8,39.0,0.2,68.1,20.0,78.0,1014.7,0.0,7.8,4.8,297.4,NW,-3.57,-5.71,-1.0
566318,2019-06-30,2019,STL,2019-06-30 13:10:00,13,3,5,8,2,24,8,19,366,82.7,3,57,0.0526,0.1053,1.0,13.0,4.0,10.0,189.0,81.4,49.0,0.1,1.0,11.0,4.0,9.0,177.0,84.0,52.0,0.1111,76.7,24.8,56.0,1014.4,0.0,18.7,11.6,275.3,W,-1.74,-8.0,4.73
566319,2019-07-01,2019,SF,2019-07-01 19:10:00,19,2,13,15,3,13,5,19,310,84.9,5,63,0.0794,0.1579,0.0,7.0,2.0,5.0,128.0,86.0,39.0,0.0,3.0,6.0,3.0,14.0,182.0,84.1,56.0,0.2143,67.5,19.7,77.3,1012.3,0.0,8.5,5.3,284.3,W,-2.11,-4.81,0.84
566320,2019-07-02,2019,SF,2019-07-02 19:10:00,19,4,10,14,5,17,4,26,313,88.2,8,62,0.129,0.1923,2.0,6.0,0.0,9.0,147.0,88.2,51.0,0.2222,3.0,11.0,3.0,17.0,166.0,88.2,54.0,0.1765,67.2,19.5,80.7,1011.1,0.0,6.7,4.1,236.3,SW,3.7,1.58,5.37
566321,2019-07-03,2019,SF,2019-07-03 18:10:00,18,5,7,12,4,16,4,20,286,85.6,4,56,0.0714,0.2,2.0,9.0,1.0,11.0,138.0,85.0,48.0,0.1818,2.0,7.0,3.0,9.0,148.0,86.3,43.0,0.2222,65.8,18.8,73.0,1011.4,0.0,11.3,7.0,203.3,SW,10.35,8.2,11.25
566322,2019-07-12,2019,ATL,2019-07-12 19:10:00,19,3,5,8,4,16,9,17,269,84.5,5,49,0.102,0.2353,1.0,7.0,6.0,9.0,146.0,83.6,43.0,0.1111,3.0,9.0,3.0,8.0,123.0,85.8,33.0,0.375,68.4,20.2,82.0,1008.4,0.0,6.4,4.0,253.0,W,1.87,-0.34,3.85
566323,2019-07-13,2019,ATL,2019-07-13 17:40:00,17,5,7,12,5,21,13,16,365,85.3,5,54,0.0926,0.3125,3.0,11.0,6.0,5.0,182.0,86.1,32.0,0.6,2.0,10.0,5.0,11.0,183.0,84.7,53.0,0.1818,69.7,20.9,75.3,1010.0,0.0,11.6,7.2,239.0,SW,5.99,2.22,9.04
566324,2019-07-14,2019,ATL,2019-07-14 13:10:00,13,1,4,5,1,18,4,17,277,82.9,2,53,0.0377,0.0588,0.0,10.0,2.0,10.0,130.0,82.9,42.0,0.0,1.0,8.0,2.0,7.0,147.0,83.0,46.0,0.1429,72.3,22.4,66.7,1014.1,0.0,15.2,9.4,249.7,W,5.28,0.09,9.84
566325,2019-07-26,2019,SF,2019-07-26 19:10:00,19,1,2,3,2,24,8,10,313,85.2,4,52,0.0769,0.2,1.0,10.0,3.0,5.0,149.0,86.5,39.0,0.2,1.0,14.0,5.0,5.0,164.0,83.6,33.0,0.2,72.2,22.3,75.3,1013.6,0.0,9.5,5.9,299.3,NW,-4.65,-7.21,-1.54
566326,2019-07-27,2019,SF,2019-07-27 17:40:00,17,5,1,6,1,16,10,14,296,83.1,1,45,0.0222,0.0714,1.0,8.0,5.0,9.0,152.0,85.4,35.0,0.1111,0.0,8.0,5.0,5.0,144.0,81.4,45.0,0.0,74.8,23.8,66.7,1012.4,0.0,12.9,8.0,281.0,W,-2.47,-6.66,2.02
566327,2019-07-28,2019,SF,2019-07-28 13:10:00,13,6,7,13,2,14,6,23,268,84.7,4,58,0.069,0.087,2.0,7.0,2.0,7.0,116.0,85.4,41.0,0.2857,0.0,7.0,4.0,16.0,152.0,84.1,53.0,0.0,74.5,23.6,65.7,1013.0,0.0,14.7,9.2,235.7,SW,8.31,3.65,11.97
566328,2019-07-29,2019,BAL,2019-07-29 19:10:00,19,8,1,9,5,20,6,17,293,84.1,5,50,0.1,0.2941,5.0,10.0,2.0,10.0,133.0,85.1,42.0,0.5,0.0,10.0,4.0,7.0,160.0,82.8,32.0,0.0,69.9,21.1,80.3,1010.4,0.0,9.4,5.9,280.0,W,-1.64,-4.72,1.64
566329,2019-07-30,2019,BAL,2019-07-30 12:40:00,12,5,8,13,3,26,5,23,317,84.2,6,51,0.1176,0.1304,2.0,12.0,2.0,10.0,146.0,84.5,41.0,0.2,1.0,14.0,3.0,13.0,171.0,84.1,46.0,0.0769,72.1,22.3,65.3,1012.2,0.0,19.1,11.9,208.0,SW,16.86,12.78,18.91
566330,2019-08-08,2019,COL,2019-08-08 19:10:00,19,9,3,12,3,16,4,21,270,86.7,2,54,0.037,0.1429,2.0,8.0,3.0,8.0,128.0,87.9,35.0,0.25,1.0,8.0,1.0,13.0,142.0,85.8,45.0,0.0769,68.6,20.3,82.0,1011.3,0.0,9.2,5.7,284.0,W,-2.22,-5.13,0.96
566331,2019-08-09,2019,COL,2019-08-09 19:10:00,19,7,1,8,1,12,6,17,279,85.9,2,54,0.037,0.0588,1.0,6.0,4.0,11.0,142.0,88.0,38.0,0.0909,0.0,6.0,2.0,6.0,137.0,84.1,44.0,0.0,68.6,20.3,84.0,1011.5,0.0,6.7,4.2,239.0,SW,3.45,1.28,5.21
566332,2019-08-10,2019,COL,2019-08-10 17:40:00,17,8,5,13,5,18,6,19,288,86.9,3,53,0.0566,0.2632,3.0,8.0,3.0,11.0,141.0,89.8,42.0,0.2727,2.0,10.0,3.0,8.0,147.0,84.2,44.0,0.25,71.3,21.8,71.7,1012.2,0.0,12.6,7.8,288.7,W,-4.04,-7.89,0.29
566333,2019-08-11,2019,COL,2019-08-11 12:40:00,12,3,8,11,3,20,9,18,282,84.8,3,51,0.0588,0.1667,2.0,10.0,3.0,6.0,117.0,87.7,34.0,0.3333,1.0,10.0,6.0,12.0,165.0,82.5,42.0,0.0833,73.3,22.9,63.3,1013.8,0.0,16.4,10.2,255.3,W,4.14,-1.52,9.31
566334,2019-08-12,2019,TB,2019-08-12 19:10:00,19,4,10,14,2,20,9,24,336,81.9,2,57,0.0351,0.0833,1.0,11.0,1.0,10.0,132.0,83.8,37.0,0.1,1.0,9.0,8.0,14.0,204.0,80.7,59.0,0.0714,66.0,18.9,83.3,1012.9,0.0,7.6,4.7,241.0,SW,3.7,1.19,5.76
566335,2019-08-13,2019,TB,2019-08-13 19:10:00,19,5,7,12,2,26,14,18,347,82.2,3,45,0.0667,0.1111,0.0,18.0,9.0,7.0,172.0,80.7,29.0,0.0,2.0,8.0,5.0,11.0,175.0,83.1,48.0,0.1818,69.1,20.6,79.3,1012.5,0.0,10.1,6.3,300.0,NW,-5.05,-7.74,-1.75
566336,2019-08-14,2019,TB,2019-08-14 12:40:00,12,7,2,9,2,17,6,16,325,82.3,3,48,0.0625,0.125,1.0,10.0,4.0,10.0,161.0,81.0,42.0,0.1,1.0,7.0,1.0,6.0,164.0,83.4,48.0,0.1667,77.3,25.2,60.7,1013.7,0.0,17.8,11.1,286.7,W,-5.11,-10.65,1.04
566337,2019-08-23,2019,BOS,2019-08-23 19:10:00,19,0,11,11,2,10,3,19,292,85.9,1,62,0.0161,0.1053,0.0,7.0,1.0,5.0,114.0,88.8,31.0,0.0,2.0,3.0,2.0,14.0,178.0,84.4,58.0,0.1429,67.9,19.9,84.7,1009.5,0.0,7.5,4.7,240.0,SW,3.75,1.3,5.74
566338,2019-08-24,2019,BOS,2019-08-24 17:40:00,17,4,5,9,2,21,11,17,335,83.1,2,47,0.0426,0.1176,1.0,12.0,6.0,7.0,180.0,81.9,35.0,0.1429,1.0,9.0,5.0,10.0,155.0,84.2,38.0,0.1,71.4,21.9,77.0,1012.5,0.0,10.9,6.8,250.7,W,3.62,-0.13,6.93
566339,2019-08-25,2019,BOS,2019-08-25 13:10:00,13,3,1,4,2,16,8,9,276,85.7,2,42,0.0476,0.2222,1.0,7.0,5.0,5.0,138.0,84.3,27.0,0.2,1.0,9.0,3.0,4.0,138.0,86.6,40.0,0.25,81.6,27.6,50.0,1012.6,0.0,15.7,9.8,272.3,W,-0.64,-5.98,4.77
566340,2019-08-26,2019,LAD,2019-08-26 19:10:00,19,4,3,7,2,18,5,11,261,82.2,2,44,0.0455,0.1818,0.0,5.0,1.0,4.0,116.0,83.5,35.0,0.0,2.0,13.0,3.0,7.0,145.0,81.2,45.0,0.2857,70.6,21.5,82.3,1009.6,0.0,6.4,4.0,230.0,SW,4.09,2.18,5.51
566341,2019-08-27,2019,LAD,2019-08-27 19:10:00,19,0,9,9,2,17,5,19,291,82.5,2,52,0.0385,0.1053,0.0,13.0,2.0,5.0,132.0,81.3,38.0,0.0,2.0,4.0,3.0,14.0,159.0,83.3,48.0,0.1429,70.5,21.4,87.7,1010.0,0.0,9.8,6.1,236.3,SW,5.41,2.31,7.87
566342,2019-08-28,2019,LAD,2019-08-28 18:10:00,18,4,6,10,1,21,13,14,350,81.8,1,52,0.0192,0.0714,1.0,10.0,5.0,5.0,155.0,81.3,42.0,0.2,0.0,11.0,7.0,9.0,195.0,82.3,43.0,0.0,70.4,21.3,78.0,1012.0,0.0,9.6,5.9,277.6,W,-1.27,-4.44,2.05
566343,2019-09-06,2019,COL,2019-09-06 19:10:00,19,2,3,5,0,17,6,12,290,82.2,1,47,0.0213,0.0,0.0,10.0,4.0,5.0,146.0,82.5,35.0,0.0,0.0,7.0,2.0,7.0,144.0,82.0,45.0,0.0,74.9,23.8,70.7,1014.0,0.0,9.1,5.7,307.3,NW,-5.52,-7.66,-2.71
566344,2019-09-07,2019,COL,2019-09-07 17:40:00,17,3,0,3,2,20,9,9,256,82.9,3,38,0.0789,0.2222,2.0,9.0,4.0,6.0,128.0,86.8,32.0,0.3333,0.0,11.0,5.0,3.0,128.0,79.2,33.0,0.0,74.8,23.8,69.7,1011.6,0.0,12.9,8.0,288.0,W,-3.98,-7.94,0.45
566345,2019-09-08,2019,COL,2019-09-08 13:10:00,13,2,1,3,0,18,9,11,296,84.6,2,47,0.0426,0.0,0.0,7.0,7.0,7.0,158.0,86.2,37.0,0.0,0.0,11.0,1.0,4.0,138.0,83.0,41.0,0.0,75.3,24.1,54.7,1011.2,0.0,12.9,8.0,259.0,W,2.47,-2.02,6.66
566346,2019-09-09,2019,CHC,2019-09-09 19:10:00,19,2,10,12,2,19,4,24,312,79.1,2,61,0.0328,0.0833,0.0,9.0,1.0,9.0,147.0,78.4,50.0,0.0,2.0,10.0,3.0,15.0,165.0,79.9,45.0,0.1333,68.1,20.1,77.3,1009.3,0.0,10.0,6.2,188.0,S,9.87,8.8,9.75
566347,2019-09-10,2019,CHC,2019-09-10 19:10:00,19,9,8,17,5,18,11,20,343,86.5,4,61,0.0656,0.25,1.0,6.0,6.0,11.0,170.0,86.0,47.0,0.0909,4.0,12.0,5.0,9.0,173.0,87.3,37.0,0.4444,68.5,20.3,75.7,1010.8,0.0,11.5,7.1,187.0,S,11.41,10.25,11.2
566348,2019-09-11,2019,CHC,2019-09-11 19:10:00,19,4,0,4,1,23,7,10,295,81.4,2,37,0.0541,0.1,1.0,11.0,5.0,7.0,164.0,80.2,33.0,0.1429,0.0,12.0,0.0,3.0,131.0,82.5,33.0,0.0,69.0,20.5,78.7,1012.8,0.0,11.0,6.8,306.0,NW,-6.45,-9.09,-3.03
566349,2019-09-12,2019,CHC,2019-09-12 12:40:00,12,1,4,5,0,30,6,13,310,83.3,0,34,0.0,0.0,0.0,19.0,4.0,5.0,168.0,82.8,28.0,0.0,0.0,11.0,2.0,8.0,142.0,83.7,41.0,0.0,76.8,24.9,63.0,1013.8,0.0,18.8,11.7,282.3,W,-4.02,-10.05,2.51
566350,2019-09-20,2019,AZ,2019-09-20 19:10:00,19,0,9,9,0,25,10,10,307,81.7,1,41,0.0244,0.0,0.0,12.0,3.0,3.0,123.0,86.6,21.0,0.0,0.0,13.0,7.0,7.0,184.0,79.3,42.0,0.0,68.4,20.2,82.7,1010.0,0.0,7.8,4.9,284.7,W,-1.98,-4.46,0.73
566351,2019-09-21,2019,AZ,2019-09-21 17:40:00,17,2,4,6,1,18,4,13,269,83.1,2,50,0.04,0.0769,1.0,9.0,3.0,5.0,135.0,82.0,40.0,0.2,0.0,9.0,1.0,8.0,134.0,84.1,47.0,0.0,71.5,22.0,73.3,1008.9,0.0,9.1,5.7,268.0,W,0.32,-2.81,3.41
566352,2019-09-22,2019,AZ,2019-09-22 13:10:00,13,6,4,10,3,24,9,18,326,82.8,5,51,0.098,0.1667,2.0,14.0,5.0,10.0,159.0,82.5,37.0,0.2,1.0,10.0,4.0,8.0,167.0,83.1,44.0,0.125,75.7,24.3,68.0,1011.3,0.0,11.8,7.3,235.0,SW,6.77,3.05,9.67
566353,2019-09-24,2019,LAD,2019-09-24 19:10:00,19,3,6,9,2,20,9,12,280,84.6,1,45,0.0222,0.1667,0.0,12.0,4.0,5.0,139.0,81.7,32.0,0.0,2.0,8.0,5.0,7.0,141.0,87.2,36.0,0.2857,70.8,21.5,77.7,1008.9,0.0,9.0,5.6,236.0,SW,5.03,2.18,7.28
566354,2019-09-25,2019,LAD,2019-09-25 19:10:00,19,4,6,10,4,27,5,17,303,83.3,4,43,0.093,0.2353,0.0,14.0,2.0,7.0,155.0,81.0,34.0,0.0,4.0,13.0,2.0,10.0,148.0,85.7,34.0,0.4,70.0,21.1,85.0,1010.0,0.0,16.0,9.9,190.7,S,15.72,13.76,15.79
566355,2019-09-26,2019,LAD,2019-09-26 12:40:00,12,0,1,1,0,23,4,8,257,81.3,1,38,0.0263,0.0,0.0,12.0,2.0,3.0,138.0,81.7,41.0,0.0,0.0,11.0,2.0,5.0,119.0,80.7,29.0,0.0,72.5,22.5,74.3,1014.3,0.0,18.7,11.6,208.0,SW,16.48,12.49,18.48
631091,2020-07-24,2020,AZ,2020-07-24 18:10:00,18,7,2,9,1,15,8,15,295,81.2,4,47,0.0851,0.0667,0.0,8.0,7.0,8.0,168.0,82.8,44.0,0.0,1.0,7.0,1.0,7.0,127.0,79.6,46.0,0.1429,68.7,20.4,71.3,1011.6,0.0,11.2,6.9,262.3,W,1.49,-2.39,5.18
631092,2020-07-25,2020,AZ,2020-07-25 18:10:00,18,5,1,6,2,24,8,12,309,84.2,2,37,0.0541,0.1667,2.0,13.0,7.0,7.0,184.0,86.9,30.0,0.2857,0.0,11.0,1.0,5.0,125.0,82.3,43.0,0.0,69.6,20.9,75.7,1011.4,0.0,13.6,8.5,287.3,W,-4.05,-8.25,0.63
631097,2020-07-26,2020,AZ,2020-07-26 13:10:00,13,3,4,7,1,22,16,13,344,82.6,2,43,0.0465,0.0769,1.0,11.0,8.0,6.0,174.0,82.5,34.0,0.1667,0.0,11.0,7.0,7.0,170.0,82.6,49.0,0.0,75.4,24.1,65.3,1012.7,0.0,19.8,12.3,281.7,W,-4.01,-10.41,2.87
631098,2020-07-27,2020,AZ,2020-07-27 13:10:00,13,6,2,8,1,16,7,13,265,83.5,1,46,0.0217,0.0769,1.0,10.0,3.0,7.0,133.0,83.9,34.0,0.1429,0.0,6.0,3.0,6.0,132.0,83.1,38.0,0.0,75.3,24.0,61.0,1012.2,0.0,22.0,13.6,288.7,W,-7.03,-13.72,0.51
631090,2020-08-03,2020,LAD,2020-08-03 18:10:00,18,5,4,9,5,15,6,15,267,85.0,7,47,0.1489,0.3333,3.0,5.0,4.0,9.0,134.0,86.3,39.0,0.3333,2.0,10.0,2.0,6.0,133.0,83.5,34.0,0.3333,67.6,19.8,82.0,1012.4,0.0,9.7,6.0,214.4,SW,8.01,5.65,9.4
631069,2020-08-04,2020,LAD,2020-08-04 18:10:00,18,2,5,7,2,17,5,10,277,83.0,3,47,0.0638,0.2,1.0,12.0,1.0,4.0,129.0,78.5,39.0,0.25,1.0,5.0,4.0,6.0,148.0,87.1,44.0,0.1667,68.9,20.5,76.3,1013.0,0.0,9.9,6.2,264.0,W,1.04,-2.39,4.34
631085,2020-08-05,2020,LAD,2020-08-05 18:10:00,18,6,7,13,4,19,7,17,301,85.5,6,50,0.12,0.2353,2.0,12.0,5.0,9.0,159.0,85.6,42.0,0.2222,2.0,7.0,2.0,8.0,142.0,85.5,41.0,0.25,68.1,20.0,76.3,1012.2,0.0,9.4,5.9,247.0,SW,3.69,0.49,6.43
631073,2020-08-07,2020,AZ,2020-08-07 18:10:00,18,3,0,3,3,18,2,9,237,81.6,3,41,0.0732,0.3333,3.0,7.0,1.0,5.0,106.0,83.9,35.0,0.6,0.0,11.0,1.0,4.0,131.0,79.8,45.0,0.0,69.3,20.7,68.3,1012.4,0.0,10.6,6.6,293.0,NW,-4.14,-7.23,-0.55
631074,2020-08-08,2020,AZ,2020-08-08 18:10:00,18,2,3,5,4,16,3,12,267,85.4,5,48,0.1042,0.3333,2.0,7.0,1.0,7.0,128.0,85.8,36.0,0.2857,2.0,9.0,2.0,5.0,139.0,85.0,38.0,0.4,68.7,20.4,76.7,1012.8,0.0,12.4,7.7,297.3,NW,-5.71,-9.14,-1.59
631075,2020-08-09,2020,AZ,2020-08-09 13:10:00,13,9,5,14,9,25,8,16,305,85.2,9,42,0.2143,0.5625,6.0,10.0,4.0,11.0,155.0,85.6,42.0,0.5455,3.0,15.0,4.0,5.0,150.0,84.7,34.0,0.6,74.8,23.8,60.7,1013.3,0.0,19.2,11.9,278.3,W,-2.78,-9.1,3.88
631076,2020-08-19,2020,TEX,2020-08-19 18:10:00,18,6,3,9,5,17,4,15,320,84.1,6,56,0.1071,0.3333,3.0,8.0,2.0,9.0,165.0,84.7,53.0,0.3333,2.0,9.0,2.0,6.0,155.0,83.3,43.0,0.3333,74.5,23.6,81.3,1008.2,0.0,10.8,6.7,232.3,SW,6.58,3.27,9.1
631077,2020-08-20,2020,TEX,2020-08-20 17:10:00,17,8,7,15,5,25,10,18,362,85.2,11,49,0.2245,0.2778,3.0,9.0,5.0,10.0,169.0,87.5,50.0,0.3,2.0,16.0,5.0,8.0,193.0,82.9,49.0,0.25,75.1,23.9,79.0,1006.5,0.0,15.8,9.8,207.3,SW,14.01,10.69,15.64
631078,2020-08-21,2020,HOU,2020-08-21 18:10:00,18,4,3,7,0,18,12,17,332,81.3,3,46,0.0652,0.0,0.0,5.0,4.0,9.0,145.0,86.2,36.0,0.0,0.0,13.0,7.0,8.0,187.0,78.1,55.0,0.0,76.8,24.9,70.0,1008.3,0.0,12.0,7.5,213.7,SW,9.99,7.11,11.66
631079,2020-08-22,2020,HOU,2020-08-22 18:10:00,18,13,2,15,7,15,4,19,258,85.5,9,55,0.1636,0.3684,6.0,8.0,2.0,14.0,140.0,86.9,46.0,0.4286,1.0,7.0,2.0,5.0,118.0,83.8,38.0,0.2,76.0,24.5,81.7,1010.2,0.0,9.5,5.9,218.0,SW,7.49,5.03,9.03
631080,2020-08-23,2020,HOU,2020-08-23 13:10:00,13,5,3,8,2,14,4,11,265,79.6,5,47,0.1064,0.1818,1.0,6.0,3.0,6.0,138.0,79.8,37.0,0.1667,1.0,8.0,1.0,5.0,127.0,79.5,41.0,0.2,81.4,27.4,67.0,1010.7,0.0,17.4,10.8,252.0,W,5.38,-0.61,10.71
631081,2020-08-25,2020,SEA,2020-08-25 18:10:00,18,3,8,11,3,20,5,24,325,81.8,3,58,0.0517,0.125,1.0,7.0,3.0,11.0,163.0,83.5,52.0,0.0909,2.0,13.0,2.0,13.0,162.0,80.2,57.0,0.1538,76.1,24.5,78.3,1007.2,0.0,16.7,10.4,310.0,NW,-10.76,-14.49,-5.72
631082,2020-08-27,2020,SEA,2020-08-26 18:10:00,18,3,8,11,3,15,8,18,254,86.3,5,43,0.1163,0.1667,1.0,7.0,3.0,9.0,117.0,85.5,33.0,0.1111,2.0,8.0,5.0,9.0,137.0,87.0,36.0,0.2222,74.2,23.5,80.7,1005.2,0.0,15.0,9.3,306.3,NW,-8.87,-12.46,-4.21
631083,2020-08-27,2020,SEA,2020-08-27 12:10:00,12,10,7,17,5,16,5,19,254,84.5,5,44,0.1136,0.2632,4.0,8.0,2.0,10.0,127.0,87.9,33.0,0.4,1.0,8.0,3.0,9.0,127.0,81.0,31.0,0.1111,83.4,28.6,56.3,1005.6,0.0,17.9,11.1,286.0,W,-4.93,-10.52,1.25
631084,2020-09-07,2020,COL,2020-09-07 18:10:00,18,1,0,1,0,20,4,13,270,83.1,3,42,0.0714,0.0,0.0,8.0,4.0,6.0,142.0,79.6,37.0,0.0,0.0,12.0,0.0,7.0,128.0,86.9,34.0,0.0,70.9,21.6,88.7,1005.1,0.0,12.1,7.5,198.3,S,11.49,9.49,12.09
631071,2020-09-08,2020,COL,2020-09-08 18:10:00,18,14,5,19,4,17,6,23,300,82.6,4,53,0.0755,0.1739,3.0,4.0,5.0,14.0,152.0,85.4,50.0,0.2143,1.0,13.0,1.0,9.0,148.0,79.7,50.0,0.1111,72.4,22.4,84.0,1004.1,0.0,9.1,5.7,212.7,SW,7.66,5.52,8.88
631056,2020-09-09,2020,COL,2020-09-09 17:10:00,17,5,3,8,3,16,6,16,277,83.3,3,49,0.0612,0.1875,1.0,4.0,4.0,8.0,125.0,85.2,42.0,0.125,2.0,12.0,2.0,8.0,152.0,81.3,38.0,0.25,75.3,24.1,62.7,1009.1,0.0,11.9,7.4,268.3,W,0.36,-3.75,4.41
631072,2020-09-10,2020,SF,2020-09-10 18:10:00,18,6,1,7,3,25,2,15,269,84.7,6,39,0.1538,0.2,2.0,11.0,1.0,7.0,121.0,87.3,31.0,0.2857,1.0,14.0,1.0,8.0,148.0,82.6,40.0,0.125,74.1,23.4,64.7,1013.5,0.0,11.5,7.1,314.0,NW,-7.99,-10.34,-4.68
631058,2020-09-13,2020,SF,2020-09-11 18:10:00,18,3,1,4,1,12,5,9,200,79.8,1,33,0.0303,0.1111,1.0,6.0,3.0,6.0,102.0,77.4,27.0,0.1667,0.0,6.0,2.0,3.0,98.0,81.9,30.0,0.0,74.2,23.4,63.0,1011.8,0.0,11.7,7.3,318.7,NW,-8.82,-10.93,-5.64
631060,2020-09-13,2020,SF,2020-09-13 13:10:00,13,6,0,6,0,10,4,10,214,81.0,0,37,0.0,0.0,0.0,3.0,3.0,8.0,115.0,81.4,34.0,0.0,0.0,7.0,1.0,2.0,99.0,80.7,31.0,0.0,78.0,25.6,58.0,1011.0,0.0,18.1,11.2,288.7,W,-5.78,-11.29,0.42
631061,2020-09-14,2020,LAD,2020-09-14 18:10:00,18,7,2,9,2,24,4,14,280,83.6,4,41,0.0976,0.1429,2.0,10.0,0.0,10.0,139.0,80.3,46.0,0.2,0.0,14.0,4.0,4.0,141.0,87.3,42.0,0.0,72.2,22.3,78.3,1013.0,0.0,9.5,5.9,286.3,W,-2.67,-5.63,0.61
631062,2020-09-15,2020,LAD,2020-09-15 18:10:00,18,1,3,4,1,15,2,15,276,82.7,2,52,0.0385,0.0667,0.0,6.0,1.0,6.0,125.0,83.5,47.0,0.0,1.0,9.0,1.0,9.0,151.0,81.8,40.0,0.1111,76.3,24.6,55.0,1013.3,0.0,13.5,8.4,335.0,NW,-12.2,-13.42,-9.52
631063,2020-09-16,2020,LAD,2020-09-16 13:10:00,13,5,7,12,4,18,7,14,300,84.8,5,50,0.1,0.2857,2.0,8.0,4.0,6.0,138.0,84.9,44.0,0.3333,2.0,10.0,3.0,8.0,162.0,84.7,39.0,0.25,89.1,31.7,28.7,1012.6,0.0,20.4,12.7,306.7,NW,-12.16,-17.02,-5.84
631064,2020-09-22,2020,LAA,2020-09-22 18:10:00,18,2,4,6,2,22,11,14,302,83.2,4,45,0.0889,0.1429,0.0,13.0,7.0,4.0,153.0,82.0,31.0,0.0,2.0,9.0,4.0,10.0,149.0,84.1,39.0,0.2,70.0,21.1,76.7,1014.5,0.0,8.2,5.1,290.0,W,-2.8,-5.27,0.0
631065,2020-09-23,2020,LAA,2020-09-23 13:10:00,13,2,5,7,4,21,5,17,301,85.7,3,49,0.0612,0.2353,1.0,9.0,1.0,7.0,149.0,84.8,44.0,0.1429,3.0,12.0,4.0,10.0,152.0,86.8,38.0,0.3,78.7,26.0,55.7,1014.8,0.0,19.1,11.9,286.0,W,-5.27,-11.25,1.33
631059,2020-09-25,2020,SF,2020-09-12 18:10:00,18,6,5,11,3,15,6,10,227,79.5,3,36,0.0833,0.3,2.0,6.0,2.0,7.0,108.0,83.6,34.0,0.2857,1.0,9.0,4.0,3.0,119.0,76.1,40.0,0.3333,73.8,23.2,62.0,1010.2,0.0,9.4,5.9,313.0,NW,-6.43,-8.41,-3.69
634618,2021-04-01,2021,AZ,2021-04-01 13:10:00,13,8,7,15,6,22,6,22,318,85.9,6,51,0.1176,0.2727,2.0,10.0,5.0,10.0,149.0,87.3,43.0,0.2,4.0,12.0,1.0,12.0,169.0,84.9,59.0,0.3333,78.6,25.9,13.0,1010.9,0.0,17.3,10.7,253.0,W,5.07,-0.9,10.42
634576,2021-04-02,2021,AZ,2021-04-02 19:10:00,19,4,2,6,2,20,9,17,319,80.8,2,45,0.0444,0.1176,1.0,8.0,7.0,9.0,159.0,80.9,50.0,0.1111,1.0,12.0,2.0,8.0,160.0,80.7,50.0,0.125,59.1,15.0,85.0,1016.6,0.0,7.4,4.6,283.6,W,-1.74,-4.1,0.82
634623,2021-04-03,2021,AZ,2021-04-03 17:40:00,17,7,0,7,1,19,6,14,288,82.6,4,46,0.087,0.0714,1.0,8.0,5.0,10.0,172.0,82.2,44.0,0.1,0.0,11.0,0.0,4.0,116.0,83.2,31.0,0.0,61.7,16.5,74.0,1017.8,0.0,16.6,10.3,310.0,NW,-10.65,-14.35,-5.67
634572,2021-04-04,2021,AZ,2021-04-04 13:10:00,13,1,3,4,1,15,11,12,299,81.2,2,49,0.0408,0.0833,1.0,7.0,4.0,6.0,140.0,84.1,40.0,0.1667,0.0,8.0,5.0,6.0,159.0,78.8,49.0,0.0,68.1,20.1,52.7,1016.6,0.0,15.8,9.8,279.7,W,-2.66,-7.84,2.84
634591,2021-04-05,2021,SF,2021-04-05 19:10:00,19,2,3,5,3,14,6,17,310,80.9,7,57,0.1228,0.1765,0.0,6.0,4.0,8.0,158.0,79.9,54.0,0.0,3.0,8.0,2.0,9.0,152.0,82.1,43.0,0.3333,58.5,14.7,83.0,1012.6,0.0,7.5,4.7,275.0,W,-0.65,-3.18,1.95
634529,2021-04-06,2021,SF,2021-04-06 19:10:00,19,3,1,4,2,16,3,11,257,81.2,2,42,0.0476,0.1818,1.0,5.0,2.0,8.0,124.0,83.1,39.0,0.125,1.0,11.0,1.0,3.0,133.0,79.0,35.0,0.3333,58.9,15.0,84.3,1015.8,0.0,8.5,5.3,297.1,NW,-3.87,-6.22,-1.05
634563,2021-04-07,2021,SF,2021-04-07 13:10:00,13,2,3,5,2,22,6,11,295,82.8,4,48,0.0833,0.1818,1.0,8.0,1.0,6.0,129.0,87.1,42.0,0.1667,1.0,14.0,4.0,5.0,166.0,78.8,45.0,0.2,71.1,21.7,50.0,1016.4,0.0,17.7,11.0,287.0,W,-5.18,-10.67,0.93
634531,2021-04-16,2021,LAD,2021-04-16 19:10:00,19,6,11,17,3,26,11,24,424,82.4,4,70,0.0571,0.125,1.0,14.0,5.0,12.0,208.0,81.2,61.0,0.0833,2.0,12.0,5.0,12.0,216.0,83.6,68.0,0.1667,58.8,14.9,79.7,1013.5,0.0,10.1,6.3,293.3,NW,-3.99,-6.91,-0.59
634449,2021-04-17,2021,LAD,2021-04-17 17:40:00,17,0,2,2,1,25,6,6,285,77.8,1,34,0.0294,0.1667,0.0,12.0,4.0,3.0,141.0,79.7,31.0,0.0,1.0,13.0,2.0,3.0,144.0,76.3,41.0,0.3333,61.9,16.6,72.7,1012.6,0.0,12.5,7.7,280.0,W,-2.16,-6.22,2.17
634488,2021-04-18,2021,LAD,2021-04-18 13:10:00,13,5,2,7,2,22,5,10,291,79.2,3,39,0.0769,0.2,1.0,8.0,3.0,7.0,143.0,80.2,53.0,0.1429,1.0,14.0,2.0,3.0,148.0,77.7,39.0,0.3333,81.8,27.7,16.7,1013.0,0.0,29.5,18.4,306.7,NW,-17.63,-24.67,-8.47
634399,2021-04-19,2021,MIL,2021-04-19 19:10:00,19,1,3,4,3,23,7,7,257,80.2,3,36,0.0833,0.4286,0.0,8.0,5.0,2.0,130.0,79.3,35.0,0.0,3.0,15.0,2.0,5.0,127.0,81.2,31.0,0.6,63.3,17.4,75.3,1014.0,0.0,6.8,4.2,255.0,W,1.76,-0.59,3.88
634392,2021-04-20,2021,MIL,2021-04-20 19:10:00,19,0,6,6,2,27,1,17,277,81.8,4,45,0.0889,0.1176,0.0,14.0,0.0,6.0,134.0,80.2,38.0,0.0,2.0,13.0,1.0,11.0,143.0,83.1,44.0,0.1818,57.4,14.1,77.3,1011.7,0.0,17.4,10.8,187.7,S,17.28,15.44,17.03
634476,2021-04-21,2021,MIL,2021-04-21 13:10:00,13,2,4,6,2,30,12,14,345,79.4,3,38,0.0789,0.1429,0.0,13.0,6.0,7.0,179.0,81.6,46.0,0.0,2.0,17.0,6.0,7.0,166.0,76.9,41.0,0.2857,60.9,16.1,57.3,1013.0,0.0,19.1,11.9,219.7,SW,14.7,9.65,17.99
634303,2021-04-30,2021,SF,2021-04-30 19:10:00,19,3,2,5,1,22,9,13,275,81.9,2,40,0.05,0.0769,0.0,6.0,4.0,8.0,126.0,81.5,42.0,0.0,1.0,16.0,5.0,5.0,149.0,82.3,36.0,0.2,64.2,17.9,71.3,1014.9,0.0,7.8,4.8,296.7,NW,-3.49,-5.65,-0.9
634316,2021-05-01,2021,SF,2021-05-01 17:40:00,17,6,2,8,3,16,9,11,273,82.9,3,43,0.0698,0.2727,2.0,4.0,4.0,6.0,130.0,81.3,44.0,0.3333,1.0,12.0,4.0,5.0,143.0,84.9,35.0,0.2,60.6,15.9,76.3,1012.6,0.0,19.0,11.8,214.0,SW,15.75,11.17,18.44
634301,2021-05-02,2021,SF,2021-05-02 13:10:00,13,1,7,8,2,19,8,13,302,84.8,2,48,0.0417,0.1538,1.0,9.0,1.0,8.0,143.0,86.6,46.0,0.125,1.0,10.0,7.0,5.0,159.0,82.7,40.0,0.2,64.0,17.8,64.0,1010.1,0.0,24.0,14.9,197.7,S,22.87,19.0,23.98
634243,2021-05-03,2021,PIT,2021-05-03 19:10:00,19,2,0,2,0,16,6,7,240,84.1,0,42,0.0,0.0,0.0,6.0,3.0,3.0,106.0,81.6,34.0,0.0,0.0,10.0,3.0,4.0,134.0,86.4,37.0,0.0,61.2,16.2,82.3,1011.5,0.0,9.4,5.8,204.3,SW,8.54,6.7,9.34
634313,2021-05-04,2021,PIT,2021-05-04 19:10:00,19,1,2,3,0,10,5,14,251,84.2,0,56,0.0,0.0,0.0,7.0,3.0,4.0,138.0,85.1,44.0,0.0,0.0,3.0,2.0,10.0,113.0,83.2,45.0,0.0,61.4,16.3,86.0,1012.2,0.0,8.6,5.3,236.0,SW,4.79,2.07,6.93
634227,2021-05-05,2021,PIT,2021-05-05 17:10:00,17,4,2,6,2,19,5,16,287,81.3,2,49,0.0408,0.125,1.0,8.0,4.0,9.0,144.0,83.4,41.0,0.1111,1.0,11.0,1.0,7.0,143.0,79.2,43.0,0.1429,63.4,17.4,78.0,1013.6,0.0,12.4,7.7,229.7,SW,8.03,4.31,10.78
634132,2021-05-14,2021,STL,2021-05-14 19:10:00,19,5,4,9,2,14,16,14,357,81.7,3,47,0.0638,0.1429,0.0,4.0,12.0,4.0,184.0,82.7,39.0,0.0,2.0,10.0,3.0,10.0,173.0,81.0,52.0,0.2,60.6,15.9,77.3,1013.6,0.0,12.1,7.5,264.0,W,1.26,-2.93,5.3
634143,2021-05-15,2021,STL,2021-05-15 17:40:00,17,13,3,16,6,9,9,23,360,84.1,6,62,0.0968,0.2609,3.0,2.0,6.0,17.0,192.0,85.0,59.0,0.1765,3.0,7.0,3.0,6.0,168.0,83.2,52.0,0.5,61.3,16.3,69.0,1012.9,0.0,14.9,9.2,218.3,SW,11.66,7.8,14.11
634090,2021-05-16,2021,STL,2021-05-16 16:08:00,16,5,3,8,1,12,10,15,328,85.0,3,53,0.0566,0.0667,0.0,9.0,8.0,7.0,177.0,83.0,37.0,0.0,1.0,3.0,2.0,8.0,151.0,86.5,52.0,0.125,61.5,16.4,69.3,1015.0,0.5,15.9,9.9,244.0,SW,6.97,1.66,11.44
634057,2021-05-17,2021,COL,2021-05-17 19:10:00,19,7,0,7,1,15,3,14,240,81.0,0,49,0.0,0.0714,1.0,3.0,3.0,10.0,141.0,82.5,47.0,0.1,0.0,12.0,0.0,4.0,99.0,79.0,32.0,0.0,60.9,16.1,81.0,1015.7,0.0,13.5,8.4,303.3,NW,-7.4,-10.8,-3.11
634065,2021-05-18,2021,COL,2021-05-18 19:10:00,19,2,1,3,0,29,5,12,323,77.8,2,42,0.0476,0.0,0.0,11.0,1.0,6.0,155.0,77.4,49.0,0.0,0.0,18.0,2.0,6.0,168.0,78.4,44.0,0.0,60.9,16.1,87.3,1012.0,0.0,11.6,7.2,271.3,W,-0.27,-4.21,3.7
634031,2021-05-19,2021,COL,2021-05-19 13:10:00,13,3,0,3,2,22,2,8,236,81.5,2,37,0.0541,0.25,2.0,8.0,2.0,6.0,117.0,86.7,36.0,0.3333,0.0,14.0,0.0,2.0,119.0,76.0,34.0,0.0,67.5,19.7,65.3,1011.1,0.0,16.6,10.3,228.3,SW,11.01,6.12,14.58
634019,2021-05-21,2021,SEA,2021-05-21 19:10:00,19,16,1,17,3,19,12,21,359,82.4,5,51,0.098,0.1429,3.0,8.0,6.0,17.0,197.0,85.3,60.0,0.1765,0.0,11.0,6.0,4.0,162.0,78.2,42.0,0.0,59.7,15.4,69.7,1016.6,0.0,12.1,7.5,278.0,W,-1.69,-5.7,2.52
633991,2021-05-22,2021,SEA,2021-05-22 17:40:00,17,6,4,10,1,18,11,17,293,81.8,4,48,0.0833,0.0588,0.0,7.0,8.0,8.0,159.0,79.6,49.0,0.0,1.0,11.0,2.0,9.0,134.0,84.3,45.0,0.1111,60.5,15.8,60.7,1017.8,0.0,12.1,7.5,271.0,W,-0.22,-4.33,3.92
633996,2021-05-23,2021,SEA,2021-05-23 13:10:00,13,9,2,11,2,18,4,17,256,81.1,2,48,0.0417,0.1176,2.0,9.0,4.0,8.0,133.0,81.5,49.0,0.25,0.0,9.0,0.0,9.0,123.0,80.5,40.0,0.0,68.8,20.5,53.7,1017.7,0.0,24.2,15.1,290.7,W,-8.55,-15.79,-0.28
633841,2021-06-03,2021,NYM,2021-06-03 19:10:00,19,4,3,7,2,12,8,14,295,83.6,1,52,0.0192,0.1429,1.0,5.0,4.0,8.0,141.0,85.9,46.0,0.125,1.0,7.0,4.0,6.0,154.0,81.7,57.0,0.1667,60.9,16.1,82.3,1012.4,0.0,15.1,9.4,191.0,S,14.82,12.95,14.91
633816,2021-06-04,2021,NYM,2021-06-04 19:10:00,19,2,0,2,1,19,5,9,257,81.9,3,40,0.075,0.1111,1.0,5.0,3.0,6.0,120.0,82.8,40.0,0.1667,0.0,14.0,2.0,3.0,137.0,81.0,42.0,0.0,62.0,16.7,81.7,1013.7,0.0,8.8,5.5,218.0,SW,6.96,4.68,8.4
633821,2021-06-05,2021,NYM,2021-06-05 19:10:00,19,0,4,4,2,31,4,18,313,81.0,2,42,0.0476,0.1111,0.0,15.0,1.0,5.0,126.0,81.1,40.0,0.0,2.0,16.0,3.0,13.0,187.0,80.9,56.0,0.1538,62.5,16.9,75.7,1012.2,0.0,9.0,5.6,252.3,W,2.72,-0.37,5.48
633806,2021-06-06,2021,NYM,2021-06-06 13:10:00,13,2,6,8,2,18,7,16,281,82.4,4,49,0.0816,0.125,0.0,9.0,5.0,6.0,141.0,83.6,40.0,0.0,2.0,9.0,2.0,10.0,140.0,81.5,52.0,0.2,67.1,19.5,60.0,1012.7,0.0,19.5,12.1,222.7,SW,14.36,8.97,18.02
633779,2021-06-07,2021,CHC,2021-06-07 19:10:00,19,9,4,13,3,20,10,17,327,83.5,4,45,0.0889,0.1765,2.0,11.0,8.0,10.0,191.0,85.4,53.0,0.2,1.0,9.0,2.0,7.0,136.0,81.3,44.0,0.1429,61.0,16.1,71.3,1013.2,0.1,14.2,8.8,193.0,S,13.8,11.88,14.06
633777,2021-06-08,2021,CHC,2021-06-08 19:10:00,19,1,7,8,3,17,8,10,278,83.5,4,45,0.0889,0.3,0.0,9.0,5.0,3.0,140.0,80.7,35.0,0.0,3.0,8.0,3.0,7.0,138.0,86.0,40.0,0.4286,62.9,17.2,76.7,1016.4,0.0,11.9,7.4,307.7,NW,-7.26,-10.03,-3.61
633739,2021-06-09,2021,CHC,2021-06-09 13:10:00,13,1,3,4,2,22,3,8,260,81.0,3,37,0.0811,0.25,0.0,11.0,1.0,4.0,134.0,82.5,41.0,0.0,2.0,11.0,2.0,4.0,126.0,79.4,36.0,0.5,69.5,20.8,50.3,1018.0,0.0,22.4,13.9,287.3,W,-6.68,-13.6,1.04
633617,2021-06-17,2021,CIN,2021-06-17 17:40:00,17,6,4,10,5,12,6,16,280,84.3,6,55,0.1091,0.3125,4.0,8.0,3.0,7.0,140.0,85.2,36.0,0.5714,1.0,4.0,3.0,9.0,140.0,83.7,46.0,0.1111,67.9,20.0,77.3,1007.6,0.0,14.2,8.8,224.3,SW,10.16,6.16,12.94
633596,2021-06-18,2021,CIN,2021-06-18 19:10:00,19,8,2,10,3,20,7,18,318,85.2,7,49,0.1429,0.1667,3.0,5.0,4.0,12.0,164.0,87.6,49.0,0.25,0.0,15.0,2.0,6.0,154.0,81.8,35.0,0.0,64.5,18.0,80.3,1007.5,0.0,6.8,4.2,222.3,SW,5.03,3.16,6.29
633597,2021-06-19,2021,CIN,2021-06-19 16:15:00,16,7,5,12,2,17,7,21,303,80.8,7,53,0.1321,0.0952,2.0,8.0,4.0,11.0,157.0,81.9,54.0,0.1818,0.0,9.0,3.0,10.0,146.0,79.8,53.0,0.0,70.3,21.3,67.0,1007.2,0.0,14.3,8.9,273.3,W,-0.83,-5.68,4.11
633566,2021-06-20,2021,CIN,2021-06-20 13:10:00,13,3,2,5,0,19,7,15,277,81.5,3,45,0.0667,0.0,0.0,11.0,3.0,7.0,133.0,82.4,43.0,0.0,0.0,8.0,3.0,8.0,144.0,80.5,42.0,0.0,71.8,22.1,62.7,1011.2,0.0,16.4,10.2,246.0,SW,6.68,1.15,11.42
633651,2021-06-21,2021,LAD,2021-06-21 19:10:00,19,6,2,8,4,25,8,13,310,84.3,4,39,0.1026,0.3077,2.0,9.0,5.0,10.0,155.0,84.4,51.0,0.2,2.0,16.0,3.0,3.0,155.0,84.3,40.0,0.6667,64.9,18.3,80.7,1013.3,0.0,11.7,7.3,283.7,W,-2.77,-6.5,1.3
633540,2021-06-22,2021,LAD,2021-06-22 19:10:00,19,3,2,5,3,19,8,12,286,84.4,4,43,0.093,0.25,2.0,10.0,3.0,4.0,120.0,82.1,34.0,0.5,1.0,9.0,5.0,8.0,166.0,86.2,45.0,0.125,65.7,18.7,83.7,1011.1,0.0,15.0,9.3,312.7,NW,-10.19,-13.35,-5.79
633627,2021-06-23,2021,LAD,2021-06-23 19:10:00,19,5,3,8,3,17,9,12,293,78.5,6,44,0.1364,0.25,3.0,11.0,4.0,7.0,145.0,75.1,45.0,0.4286,0.0,6.0,3.0,5.0,148.0,81.7,47.0,0.0,66.0,18.9,81.3,1014.4,0.0,10.4,6.4,292.0,W,-3.88,-6.94,-0.36
633492,2021-06-25,2021,AZ,2021-06-25 19:10:00,19,11,5,16,5,13,8,26,336,84.2,5,64,0.0781,0.1923,5.0,5.0,2.0,13.0,156.0,85.6,51.0,0.3846,0.0,8.0,5.0,13.0,180.0,83.1,67.0,0.0,66.8,19.3,80.7,1010.4,0.0,15.1,9.4,305.3,NW,-8.71,-12.39,-3.98
633512,2021-06-26,2021,AZ,2021-06-26 19:10:00,19,1,10,11,2,10,7,25,315,78.7,5,66,0.0758,0.08,0.0,6.0,4.0,9.0,162.0,80.2,51.0,0.0,2.0,4.0,3.0,16.0,153.0,77.5,60.0,0.125,66.1,18.9,80.3,1007.2,0.0,8.9,5.5,253.0,W,2.59,-0.46,5.34
633544,2021-06-27,2021,AZ,2021-06-27 13:10:00,13,5,4,9,1,18,5,19,275,82.8,2,51,0.0392,0.0526,1.0,8.0,3.0,11.0,127.0,85.8,48.0,0.0909,0.0,10.0,2.0,8.0,148.0,79.9,50.0,0.0,72.4,22.4,65.0,1005.7,0.0,16.6,10.3,218.7,SW,12.94,8.62,15.7
633378,2021-07-05,2021,WSH,2021-07-05 19:10:00,19,5,7,12,3,15,8,19,341,80.3,3,60,0.05,0.1579,1.0,8.0,5.0,7.0,162.0,81.8,49.0,0.1429,2.0,7.0,2.0,12.0,179.0,79.1,64.0,0.1667,67.3,19.6,79.0,1012.9,0.0,14.0,8.7,310.7,NW,-9.1,-12.18,-4.93
633396,2021-07-06,2021,WSH,2021-07-06 19:10:00,19,7,4,11,3,11,6,22,308,86.6,6,59,0.1017,0.1364,1.0,5.0,1.0,14.0,160.0,87.9,55.0,0.0714,2.0,6.0,5.0,8.0,148.0,84.9,41.0,0.25,66.1,19.0,78.7,1010.8,0.0,7.0,4.3,255.3,W,1.76,-0.65,3.96
633362,2021-07-07,2021,WSH,2021-07-07 19:10:00,19,5,15,20,3,12,8,28,363,81.7,3,72,0.0417,0.1071,2.0,9.0,5.0,11.0,168.0,82.3,49.0,0.1818,1.0,3.0,2.0,17.0,195.0,81.2,73.0,0.0588,65.8,18.8,80.3,1008.6,0.0,9.8,6.1,219.0,SW,7.64,5.06,9.3
633343,2021-07-08,2021,WSH,2021-07-08 18:10:00,18,9,8,17,4,16,4,22,328,83.4,7,59,0.1186,0.1818,2.0,9.0,1.0,11.0,177.0,84.2,58.0,0.1818,2.0,7.0,2.0,11.0,151.0,82.5,56.0,0.1818,69.3,20.7,78.7,1009.6,0.0,10.1,6.3,239.0,SW,5.18,1.92,7.82
633367,2021-07-09,2021,COL,2021-07-09 19:10:00,19,4,2,6,0,15,9,14,245,80.8,2,46,0.0435,0.0,0.0,5.0,4.0,10.0,107.0,80.1,35.0,0.0,0.0,10.0,5.0,4.0,138.0,81.4,40.0,0.0,69.4,20.8,80.0,1012.1,0.0,8.9,5.5,279.0,W,-1.39,-4.31,1.7
633301,2021-07-10,2021,COL,2021-07-10 19:10:00,19,0,3,3,0,18,6,13,274,82.7,2,47,0.0426,0.0,0.0,10.0,1.0,5.0,111.0,89.2,35.0,0.0,0.0,8.0,5.0,8.0,163.0,78.2,51.0,0.0,69.5,20.8,78.7,1012.1,0.0,9.8,6.1,226.3,SW,6.74,3.92,8.75
633314,2021-07-11,2021,COL,2021-07-11 13:10:00,13,1,3,4,2,16,5,15,263,82.1,4,51,0.0784,0.1333,0.0,10.0,4.0,4.0,138.0,88.6,32.0,0.0,2.0,6.0,1.0,11.0,125.0,78.2,53.0,0.1818,73.6,23.1,63.0,1011.5,0.0,18.0,11.2,224.0,SW,12.92,7.88,16.41
633155,2021-07-27,2021,ATH,2021-07-27 19:10:00,19,7,4,11,3,15,3,23,275,83.4,6,56,0.1071,0.1304,2.0,7.0,2.0,12.0,132.0,83.0,45.0,0.1667,1.0,8.0,1.0,11.0,143.0,83.7,52.0,0.0909,70.8,21.5,75.3,1013.9,0.0,12.2,7.6,311.7,NW,-8.09,-10.71,-4.49
633096,2021-07-28,2021,ATH,2021-07-28 13:10:00,13,4,10,14,1,21,8,19,336,78.3,1,52,0.0192,0.0526,0.0,12.0,3.0,8.0,155.0,78.1,50.0,0.0,1.0,9.0,5.0,11.0,181.0,78.4,65.0,0.0909,78.7,25.9,56.3,1014.8,0.0,20.3,12.6,287.0,W,-5.94,-12.22,1.06
633065,2021-07-29,2021,COL,2021-07-29 19:10:00,19,3,0,3,1,19,3,14,238,85.6,4,43,0.093,0.0714,1.0,6.0,2.0,9.0,118.0,88.3,40.0,0.1111,0.0,13.0,1.0,5.0,120.0,82.2,33.0,0.0,70.7,21.5,80.0,1011.3,0.0,11.7,7.2,289.3,W,-3.86,-7.39,0.14
633112,2021-07-30,2021,COL,2021-07-30 19:10:00,19,4,9,13,6,13,7,21,310,85.8,6,58,0.1034,0.2857,2.0,5.0,3.0,7.0,141.0,85.8,53.0,0.2857,4.0,8.0,4.0,14.0,169.0,85.8,48.0,0.2857,69.7,21.0,82.3,1014.1,0.0,11.1,6.9,296.3,NW,-4.92,-8.03,-1.22
633142,2021-07-31,2021,COL,2021-07-31 17:40:00,17,3,5,8,4,24,8,13,300,80.7,4,41,0.0976,0.3077,1.0,10.0,5.0,7.0,151.0,81.3,49.0,0.1429,3.0,14.0,3.0,6.0,149.0,80.0,43.0,0.5,74.6,23.7,62.3,1014.4,0.0,17.8,11.1,304.3,NW,-10.04,-14.46,-4.41
633084,2021-08-01,2021,COL,2021-08-01 13:10:00,13,8,1,9,2,23,6,17,292,83.0,4,42,0.0952,0.1176,1.0,13.0,3.0,10.0,160.0,82.2,52.0,0.1,1.0,10.0,3.0,7.0,132.0,83.8,47.0,0.1429,79.2,26.2,51.7,1015.4,0.0,21.8,13.5,295.7,NW,-9.44,-15.59,-2.15
633008,2021-08-06,2021,AZ,2021-08-06 19:10:00,19,5,8,13,1,13,8,20,291,85.2,2,58,0.0345,0.05,1.0,7.0,6.0,8.0,144.0,87.9,43.0,0.125,0.0,6.0,2.0,12.0,147.0,83.2,57.0,0.0,66.0,18.9,85.3,1012.1,0.0,9.8,6.1,217.0,SW,7.83,5.34,9.37
632988,2021-08-07,2021,AZ,2021-08-07 17:40:00,17,6,2,8,3,23,6,14,275,80.5,3,38,0.0789,0.2143,2.0,11.0,4.0,9.0,153.0,78.6,46.0,0.2222,1.0,12.0,1.0,5.0,122.0,82.6,43.0,0.2,68.6,20.3,77.0,1011.3,0.0,11.3,7.0,249.7,W,3.94,0.07,7.34
633051,2021-08-08,2021,AZ,2021-08-08 13:10:00,13,2,0,2,1,22,4,11,251,85.7,1,38,0.0263,0.0909,1.0,5.0,1.0,8.0,107.0,85.4,40.0,0.125,0.0,17.0,3.0,3.0,144.0,86.1,31.0,0.0,73.2,22.9,65.7,1012.1,0.0,15.2,9.5,251.3,W,4.88,-0.35,9.52
632942,2021-08-09,2021,MIA,2021-08-09 19:10:00,19,8,3,11,2,18,5,16,286,83.6,2,48,0.0417,0.125,1.0,4.0,4.0,9.0,135.0,85.1,44.0,0.1111,1.0,14.0,1.0,7.0,151.0,81.8,37.0,0.1429,69.0,20.5,82.3,1011.2,0.0,8.1,5.0,267.4,W,0.37,-2.41,3.11
632976,2021-08-10,2021,MIA,2021-08-10 19:10:00,19,6,5,11,0,19,2,24,287,79.6,0,53,0.0,0.0,0.0,9.0,2.0,12.0,134.0,80.8,48.0,0.0,0.0,10.0,0.0,12.0,153.0,78.4,54.0,0.0,70.5,21.4,82.3,1012.0,0.0,7.9,4.9,258.5,W,1.57,-1.17,4.13
632959,2021-08-11,2021,MIA,2021-08-11 13:10:00,13,0,7,7,3,21,9,16,305,79.3,3,45,0.0667,0.1875,0.0,9.0,2.0,4.0,125.0,79.2,39.0,0.0,3.0,12.0,7.0,12.0,180.0,79.4,55.0,0.25,79.6,26.4,58.3,1012.9,0.0,13.3,8.3,249.3,W,4.71,0.16,8.69
632817,2021-08-20,2021,PHI,2021-08-20 19:10:00,19,3,4,7,2,24,14,9,348,83.3,3,38,0.0789,0.2222,1.0,11.0,9.0,4.0,182.0,80.5,52.0,0.25,1.0,13.0,4.0,5.0,166.0,86.0,54.0,0.2,69.1,20.6,72.7,1008.3,0.0,10.7,6.7,268.3,W,0.31,-3.38,3.96
632806,2021-08-21,2021,PHI,2021-08-21 17:40:00,17,4,3,7,2,25,9,8,316,80.2,2,40,0.05,0.25,1.0,11.0,3.0,4.0,135.0,84.2,44.0,0.25,1.0,14.0,5.0,4.0,181.0,76.9,54.0,0.25,71.2,21.8,60.7,1007.7,0.0,16.5,10.3,289.0,W,-5.37,-10.38,0.29
632830,2021-08-22,2021,PHI,2021-08-22 12:40:00,12,4,7,11,4,11,5,20,305,82.5,5,61,0.082,0.2,0.0,6.0,1.0,9.0,131.0,83.0,52.0,0.0,4.0,5.0,2.0,11.0,174.0,82.0,65.0,0.3636,72.4,22.4,63.3,1009.7,0.0,15.5,9.7,273.3,W,-0.9,-6.15,4.46
632748,2021-08-24,2021,LAD,2021-08-24 19:10:00,19,2,5,7,2,18,9,9,289,81.1,2,44,0.0455,0.2222,1.0,9.0,6.0,3.0,159.0,79.9,49.0,0.3333,1.0,9.0,3.0,6.0,130.0,82.4,46.0,0.1667,70.2,21.2,80.3,1012.0,0.0,11.5,7.1,310.3,NW,-7.44,-9.99,-3.99
632764,2021-08-25,2021,LAD,2021-08-25 19:10:00,19,3,5,8,3,34,14,14,533,81.3,5,77,0.0649,0.2143,1.0,16.0,1.0,4.0,248.0,79.1,78.0,0.25,2.0,18.0,2.0,10.0,285.0,83.1,96.0,0.2,72.4,22.4,79.7,1010.9,0.0,13.4,8.3,312.3,NW,-9.02,-11.87,-5.09
632685,2021-08-26,2021,LAD,2021-08-26 18:10:00,18,0,4,4,1,19,3,8,264,83.5,3,42,0.0714,0.125,0.0,11.0,1.0,3.0,123.0,82.7,39.0,0.0,1.0,8.0,2.0,5.0,141.0,84.2,43.0,0.2,74.2,23.4,72.0,1007.4,0.0,13.2,8.2,299.0,NW,-6.4,-9.96,-2.06
632651,2021-09-03,2021,HOU,2021-09-03 19:10:00,19,3,6,9,2,15,7,15,305,82.3,4,53,0.0755,0.1333,0.0,8.0,6.0,7.0,164.0,80.7,54.0,0.0,2.0,7.0,1.0,8.0,141.0,84.0,50.0,0.25,68.9,20.5,81.0,1010.8,0.0,10.0,6.2,295.3,NW,-4.27,-7.09,-0.93
632612,2021-09-04,2021,HOU,2021-09-04 17:40:00,17,10,2,12,4,15,9,18,294,84.9,4,51,0.0784,0.2222,3.0,8.0,5.0,11.0,145.0,86.5,40.0,0.2727,1.0,7.0,4.0,7.0,149.0,83.5,46.0,0.1429,79.8,26.5,53.7,1008.7,0.0,16.2,10.0,318.3,NW,-12.08,-15.02,-7.67
632647,2021-09-05,2021,HOU,2021-09-05 13:10:00,13,4,3,7,3,9,5,14,220,84.4,6,52,0.1154,0.2143,1.0,6.0,2.0,8.0,114.0,83.7,47.0,0.125,2.0,3.0,3.0,6.0,106.0,85.2,41.0,0.3333,78.6,25.9,56.0,1010.1,0.0,14.8,9.2,242.3,SW,6.86,1.97,10.92
632581,2021-09-07,2021,LAA,2021-09-07 19:10:00,19,0,4,4,1,21,5,9,262,82.2,3,41,0.0732,0.1111,0.0,8.0,3.0,4.0,124.0,80.4,40.0,0.0,1.0,13.0,2.0,5.0,138.0,83.7,48.0,0.2,71.0,21.7,81.0,1011.4,0.0,7.1,4.4,275.0,W,-0.62,-3.0,1.84
632631,2021-09-08,2021,LAA,2021-09-08 17:10:00,17,8,5,13,2,22,9,14,320,81.5,4,42,0.0952,0.1429,0.0,10.0,8.0,7.0,169.0,83.3,43.0,0.0,2.0,12.0,1.0,7.0,151.0,79.7,42.0,0.2857,73.9,23.3,74.0,1008.6,0.0,16.2,10.1,272.3,W,-0.64,-6.15,4.95
632378,2021-09-21,2021,SF,2021-09-21 19:10:00,19,5,6,11,5,15,4,26,304,85.0,8,61,0.1311,0.1923,4.0,7.0,1.0,13.0,157.0,84.4,68.0,0.3077,1.0,8.0,3.0,13.0,147.0,85.7,57.0,0.0769,73.8,23.2,69.0,1016.5,0.0,7.7,4.8,296.7,NW,-3.46,-5.6,-0.89
632384,2021-09-22,2021,SF,2021-09-22 19:10:00,19,6,8,14,1,16,9,25,340,81.4,6,60,0.1,0.04,1.0,8.0,5.0,13.0,172.0,82.6,60.0,0.0769,0.0,8.0,3.0,12.0,168.0,80.1,60.0,0.0,73.8,23.2,59.3,1013.8,0.0,10.1,6.3,320.7,NW,-7.84,-9.56,-5.17
632370,2021-09-23,2021,SF,2021-09-23 13:10:00,13,7,6,13,4,17,12,14,357,80.0,5,54,0.0926,0.2857,2.0,7.0,6.0,8.0,183.0,80.8,57.0,0.25,2.0,10.0,5.0,6.0,174.0,79.1,54.0,0.3333,76.5,24.7,57.7,1010.7,0.0,17.4,10.8,281.3,W,-3.42,-9.05,2.62
632352,2021-09-24,2021,ATL,2021-09-24 19:10:00,19,0,4,4,1,13,0,10,219,84.6,1,51,0.0196,0.1,0.0,4.0,0.0,3.0,98.0,82.7,41.0,0.0,1.0,9.0,0.0,7.0,121.0,86.5,42.0,0.1429,66.4,19.1,83.3,1013.4,0.0,8.8,5.5,295.5,NW,-3.81,-6.3,-0.85
632343,2021-09-25,2021,ATL,2021-09-25 16:15:00,16,8,10,18,4,23,6,23,352,86.1,8,61,0.1311,0.1739,3.0,10.0,0.0,10.0,146.0,87.4,45.0,0.3,1.0,13.0,4.0,13.0,206.0,85.1,65.0,0.0769,69.8,21.0,76.0,1013.6,0.0,13.3,8.3,273.7,W,-0.85,-5.35,3.75
632325,2021-09-26,2021,ATL,2021-09-26 13:10:00,13,3,4,7,1,17,12,20,333,82.8,7,55,0.1273,0.05,0.0,7.0,6.0,10.0,169.0,81.6,54.0,0.0,1.0,10.0,5.0,10.0,164.0,83.9,56.0,0.1,70.5,21.4,70.7,1015.6,0.0,17.9,11.1,272.7,W,-0.83,-6.91,5.34
662237,2022-04-14,2022,ATL,2022-04-14 17:10:00,17,12,1,13,3,15,5,22,292,81.7,4,58,0.069,0.1364,2.0,6.0,5.0,16.0,168.0,83.3,53.0,0.125,1.0,9.0,0.0,6.0,124.0,79.6,42.0,0.1667,61.0,16.1,69.3,1013.6,0.0,14.0,8.7,258.3,W,2.82,-2.02,7.33
662236,2022-04-15,2022,ATL,2022-04-15 18:40:00,18,2,5,7,1,25,4,15,307,81.9,1,43,0.0233,0.0667,0.0,16.0,0.0,6.0,145.0,77.8,40.0,0.0,1.0,9.0,4.0,9.0,162.0,85.1,53.0,0.1111,61.2,16.2,72.0,1013.7,0.0,8.5,5.3,282.3,W,-1.81,-4.56,1.15
662235,2022-04-16,2022,ATL,2022-04-16 13:05:00,13,2,5,7,5,17,5,13,282,82.0,6,48,0.125,0.3846,2.0,11.0,1.0,4.0,142.0,81.3,39.0,0.5,3.0,6.0,4.0,9.0,140.0,82.6,43.0,0.3333,66.2,19.0,53.3,1019.2,0.0,23.5,14.6,304.7,NW,-13.37,-19.17,-5.95
662234,2022-04-17,2022,ATL,2022-04-17 16:08:00,16,2,1,3,1,16,8,7,275,82.4,3,42,0.0714,0.1429,0.0,6.0,8.0,3.0,150.0,79.8,43.0,0.0,1.0,10.0,0.0,4.0,125.0,85.3,40.0,0.25,64.0,17.8,65.3,1016.0,0.0,20.9,13.0,298.3,NW,-9.9,-15.59,-3.02
662233,2022-04-18,2022,CIN,2022-04-18 18:40:00,18,4,1,5,2,19,9,13,275,79.5,2,44,0.0455,0.1538,1.0,10.0,6.0,7.0,140.0,77.2,40.0,0.1429,1.0,9.0,3.0,6.0,135.0,81.4,49.0,0.1667,61.8,16.5,81.0,1014.1,0.0,15.2,9.4,309.7,NW,-9.68,-13.09,-5.11
662232,2022-04-19,2022,CIN,2022-04-19 18:40:00,18,6,2,8,2,17,4,13,260,82.7,3,46,0.0652,0.1538,1.0,8.0,2.0,8.0,124.0,83.4,41.0,0.125,1.0,9.0,2.0,5.0,136.0,82.0,41.0,0.2,62.0,16.7,77.3,1013.1,0.0,11.5,7.2,277.4,W,-1.48,-5.3,2.52
662231,2022-04-20,2022,CIN,2022-04-20 13:10:00,13,6,0,6,2,17,8,11,268,82.5,3,42,0.0714,0.1818,2.0,4.0,5.0,6.0,133.0,83.6,38.0,0.3333,0.0,13.0,2.0,5.0,135.0,81.4,37.0,0.0,66.1,18.9,56.0,1016.0,0.0,20.1,12.5,255.7,W,4.98,-1.99,11.35
662230,2022-04-22,2022,LAD,2022-04-22 18:40:00,18,1,6,7,3,16,10,12,321,82.9,3,49,0.0612,0.25,0.0,10.0,3.0,4.0,136.0,83.4,38.0,0.0,3.0,6.0,7.0,8.0,185.0,82.5,51.0,0.375,58.8,14.9,65.3,1017.5,0.1,17.1,10.6,297.3,NW,-7.87,-12.6,-2.19
662276,2022-04-23,2022,LAD,2022-04-23 17:40:00,17,3,2,5,1,21,7,10,305,78.3,2,45,0.0444,0.1,1.0,9.0,4.0,5.0,149.0,76.0,48.0,0.2,0.0,12.0,3.0,5.0,156.0,80.9,40.0,0.0,64.4,18.0,65.3,1013.9,0.0,14.4,9.0,305.0,NW,-8.28,-11.82,-3.73
662274,2022-04-24,2022,LAD,2022-04-24 13:10:00,13,2,10,12,3,16,5,16,299,81.4,6,54,0.1111,0.1875,0.0,6.0,1.0,8.0,140.0,82.2,46.0,0.0,3.0,10.0,4.0,8.0,159.0,80.9,60.0,0.375,79.3,26.3,28.0,1013.6,0.0,23.0,14.3,280.3,W,-4.12,-11.6,3.86
662262,2022-05-05,2022,MIA,2022-05-05 18:40:00,18,2,1,3,2,14,6,10,263,82.3,3,44,0.0682,0.2,2.0,8.0,5.0,5.0,130.0,84.2,38.0,0.4,0.0,6.0,1.0,5.0,133.0,80.9,52.0,0.0,64.5,18.1,74.3,1014.3,0.0,13.2,8.2,299.0,NW,-6.4,-9.96,-2.06
662272,2022-05-06,2022,MIA,2022-05-06 18:40:00,18,3,2,5,1,12,7,11,297,81.0,4,50,0.08,0.0909,0.0,8.0,6.0,5.0,168.0,79.8,55.0,0.0,1.0,4.0,1.0,6.0,129.0,82.1,57.0,0.1667,63.0,17.2,77.3,1013.2,0.0,9.2,5.7,237.3,SW,4.99,2.03,7.34
662261,2022-05-07,2022,MIA,2022-05-07 17:40:00,17,0,8,8,2,16,6,15,270,81.3,3,53,0.0566,0.1333,0.0,5.0,2.0,5.0,108.0,83.6,41.0,0.0,2.0,11.0,4.0,10.0,162.0,79.6,54.0,0.2,63.6,17.5,76.3,1011.5,0.0,17.3,10.7,219.4,SW,13.38,8.82,16.32
662260,2022-05-08,2022,MIA,2022-05-08 13:10:00,13,3,2,5,2,18,3,13,284,83.0,2,48,0.0417,0.1538,1.0,9.0,2.0,8.0,155.0,82.2,44.0,0.125,1.0,9.0,1.0,5.0,129.0,83.8,44.0,0.2,64.5,18.1,64.7,1011.9,0.1,17.2,10.7,222.3,SW,12.75,8.01,15.95
662259,2022-05-09,2022,CHC,2022-05-09 18:40:00,18,0,6,6,0,16,2,14,282,81.8,1,48,0.0208,0.0,0.0,7.0,1.0,3.0,123.0,76.6,45.0,0.0,0.0,9.0,1.0,11.0,159.0,86.4,50.0,0.0,60.3,15.7,61.3,1014.1,0.0,17.3,10.8,298.3,NW,-8.22,-12.95,-2.51
662258,2022-05-10,2022,CHC,2022-05-10 18:40:00,18,5,4,9,1,19,7,21,294,83.9,3,51,0.0588,0.0476,0.0,7.0,5.0,11.0,122.0,86.2,38.0,0.0,1.0,12.0,2.0,10.0,172.0,82.2,52.0,0.1,61.5,16.4,57.3,1017.3,0.0,21.5,13.4,300.0,NW,-10.75,-16.47,-3.73
662273,2022-05-11,2022,CHC,2022-05-11 13:10:00,13,5,7,12,4,17,5,21,314,84.4,8,55,0.1455,0.1905,3.0,7.0,2.0,12.0,167.0,84.8,54.0,0.25,1.0,10.0,3.0,9.0,147.0,84.0,51.0,0.1111,66.1,18.9,33.0,1019.1,0.0,21.0,13.0,280.0,W,-3.64,-10.48,3.64
662257,2022-05-23,2022,MIL,2022-05-23 18:40:00,18,3,2,5,0,15,11,17,363,79.6,0,58,0.0,0.0,0.0,6.0,4.0,9.0,189.0,80.2,60.0,0.0,0.0,9.0,5.0,8.0,174.0,78.9,56.0,0.0,60.5,15.8,75.7,1010.8,0.0,12.6,7.8,215.3,SW,10.28,7.17,12.15
662229,2022-05-24,2022,MIL,2022-05-24 18:40:00,18,1,4,5,2,17,4,13,298,82.9,2,48,0.0417,0.1538,0.0,8.0,2.0,8.0,149.0,82.4,36.0,0.0,2.0,9.0,2.0,5.0,149.0,83.2,48.0,0.4,62.2,16.8,75.7,1009.3,0.0,9.9,6.1,237.6,SW,5.28,2.12,7.81
662228,2022-05-25,2022,MIL,2022-05-25 13:10:00,13,1,2,3,0,18,7,9,287,79.1,1,43,0.0233,0.0,0.0,8.0,3.0,5.0,141.0,81.0,43.0,0.0,0.0,10.0,4.0,4.0,146.0,77.1,42.0,0.0,67.8,19.9,64.0,1012.0,0.0,17.5,10.9,231.0,SW,11.01,5.7,15.0
662281,2022-05-27,2022,PIT,2022-05-27 18:40:00,18,4,3,7,2,13,7,12,274,80.3,2,48,0.0417,0.1667,1.0,7.0,4.0,8.0,149.0,75.7,41.0,0.125,1.0,6.0,3.0,4.0,125.0,84.9,42.0,0.25,64.0,17.8,70.3,1014.2,0.0,15.2,9.4,293.7,NW,-6.08,-10.47,-0.97
662280,2022-05-28,2022,PIT,2022-05-28 19:10:00,19,2,4,6,1,23,11,18,345,79.9,2,50,0.04,0.0556,0.0,8.0,6.0,10.0,190.0,78.8,60.0,0.0,1.0,15.0,4.0,8.0,155.0,81.5,39.0,0.125,61.2,16.2,76.0,1011.5,0.1,11.1,6.9,246.3,SW,4.44,0.71,7.64
662279,2022-05-29,2022,PIT,2022-05-29 13:10:00,13,4,2,6,2,18,5,13,256,82.1,3,48,0.0625,0.1538,2.0,7.0,2.0,8.0,132.0,83.1,44.0,0.25,0.0,11.0,3.0,5.0,124.0,80.9,39.0,0.0,68.1,20.1,61.0,1009.5,0.0,16.7,10.4,249.3,W,5.9,0.19,10.9
662278,2022-06-06,2022,NYM,2022-06-06 18:40:00,18,5,11,16,2,19,5,23,329,83.9,6,56,0.1071,0.087,1.0,13.0,1.0,7.0,140.0,82.9,45.0,0.1429,1.0,6.0,4.0,16.0,189.0,84.6,64.0,0.0625,67.0,19.4,80.7,1009.4,0.0,9.9,6.1,238.0,SW,5.23,2.05,7.77
662277,2022-06-07,2022,NYM,2022-06-07 18:40:00,18,7,0,7,1,11,6,8,262,80.7,3,48,0.0625,0.125,1.0,4.0,6.0,6.0,144.0,79.8,46.0,0.1667,0.0,7.0,0.0,2.0,118.0,81.7,40.0,0.0,64.6,18.1,75.7,1010.0,0.0,14.4,9.0,203.7,SW,13.22,10.44,14.4
662223,2022-06-08,2022,NYM,2022-06-08 18:40:00,18,13,2,15,1,12,7,21,292,81.7,3,59,0.0508,0.0476,1.0,7.0,4.0,16.0,169.0,81.5,54.0,0.0625,0.0,5.0,3.0,5.0,123.0,81.9,41.0,0.0,65.3,18.5,78.3,1007.8,0.0,13.2,8.2,232.7,SW,7.98,3.92,11.08
662275,2022-06-10,2022,COL,2022-06-10 18:40:00,18,9,0,9,1,14,8,19,318,81.1,4,54,0.0741,0.0526,1.0,3.0,5.0,14.0,179.0,83.1,58.0,0.0714,0.0,11.0,2.0,5.0,139.0,78.0,38.0,0.0,67.4,19.7,79.0,1011.3,0.0,9.7,6.0,232.3,SW,5.95,2.95,8.22
662222,2022-06-11,2022,COL,2022-06-11 19:10:00,19,2,6,8,0,16,7,13,319,82.8,1,52,0.0192,0.0,0.0,8.0,2.0,4.0,146.0,83.6,44.0,0.0,0.0,8.0,5.0,9.0,173.0,82.1,59.0,0.0,66.3,19.0,75.7,1011.2,0.0,8.7,5.4,281.0,W,-1.66,-4.48,1.36
662251,2022-06-11,2022,COL,2022-06-11 13:10:00,13,2,1,3,1,22,4,11,272,81.2,2,45,0.0444,0.0909,1.0,11.0,1.0,3.0,136.0,82.7,46.0,0.3333,0.0,11.0,3.0,8.0,136.0,79.7,43.0,0.0,71.7,22.0,64.7,1012.8,0.0,17.6,10.9,260.0,W,3.05,-3.05,8.78
662256,2022-06-12,2022,COL,2022-06-12 13:10:00,13,2,4,6,1,20,3,15,261,82.8,1,46,0.0217,0.0667,1.0,10.0,1.0,6.0,122.0,84.6,36.0,0.1667,0.0,10.0,2.0,9.0,139.0,81.3,43.0,0.0,70.3,21.3,64.7,1011.0,0.0,18.8,11.7,223.0,SW,13.77,8.55,17.34
662221,2022-06-20,2022,AZ,2022-06-20 18:40:00,18,4,1,5,2,10,7,9,254,83.1,3,49,0.0612,0.2222,2.0,3.0,5.0,4.0,123.0,84.0,43.0,0.5,0.0,7.0,2.0,5.0,131.0,82.3,46.0,0.0,71.6,22.0,59.0,1009.6,0.0,11.5,7.1,261.4,W,1.72,-2.26,5.49
662248,2022-06-21,2022,AZ,2022-06-21 18:40:00,18,3,2,5,2,29,11,9,347,78.9,1,43,0.0233,0.2222,1.0,15.0,5.0,5.0,179.0,81.9,45.0,0.2,1.0,14.0,5.0,4.0,168.0,76.2,50.0,0.25,68.5,20.3,69.0,1011.8,0.0,10.9,6.8,287.7,W,-3.31,-6.66,0.44
662245,2022-06-22,2022,AZ,2022-06-22 13:10:00,13,10,4,14,3,15,6,24,337,81.3,2,64,0.0312,0.125,1.0,9.0,2.0,16.0,177.0,82.0,68.0,0.0625,2.0,6.0,4.0,8.0,160.0,80.4,58.0,0.25,79.6,26.5,53.0,1011.2,0.0,17.7,11.0,276.7,W,-2.05,-7.93,4.08
662227,2022-06-23,2022,PHI,2022-06-23 18:40:00,18,2,6,8,3,6,3,15,238,83.3,3,61,0.0492,0.2,1.0,4.0,2.0,7.0,117.0,84.5,43.0,0.1429,2.0,2.0,1.0,8.0,121.0,82.2,49.0,0.25,72.3,22.4,64.0,1009.7,0.0,14.4,8.9,291.3,W,-5.24,-9.51,-0.33
662255,2022-06-24,2022,PHI,2022-06-24 18:40:00,18,1,0,1,0,22,7,12,277,83.9,3,39,0.0769,0.0,0.0,13.0,2.0,7.0,113.0,82.0,38.0,0.0,0.0,9.0,5.0,5.0,164.0,85.4,51.0,0.0,70.8,21.6,69.0,1010.0,0.0,13.5,8.4,291.3,W,-4.92,-8.94,-0.31
662247,2022-06-25,2022,PHI,2022-06-25 19:10:00,19,2,4,6,1,11,4,11,264,83.0,3,53,0.0566,0.0909,0.0,7.0,2.0,4.0,130.0,80.2,38.0,0.0,1.0,4.0,2.0,7.0,134.0,85.6,43.0,0.1429,68.7,20.4,80.0,1011.8,0.0,11.2,7.0,303.0,NW,-6.12,-8.97,-2.52
662254,2022-06-26,2022,PHI,2022-06-26 13:10:00,13,5,8,13,1,20,5,18,290,82.6,5,49,0.102,0.0556,0.0,7.0,3.0,5.0,137.0,83.4,42.0,0.0,1.0,13.0,2.0,13.0,153.0,81.8,47.0,0.0769,76.8,24.9,56.3,1013.2,0.0,16.6,10.3,271.3,W,-0.39,-6.03,5.3
662270,2022-07-04,2022,SEA,2022-07-04 15:40:00,15,2,8,10,2,20,11,19,338,83.9,4,53,0.0755,0.1053,1.0,9.0,5.0,7.0,153.0,81.7,55.0,0.1429,1.0,11.0,6.0,12.0,185.0,86.5,46.0,0.0833,69.9,21.1,62.3,1012.9,0.0,16.9,10.5,237.7,SW,9.04,3.61,13.38
662226,2022-07-05,2022,SEA,2022-07-05 13:10:00,13,2,6,8,1,16,6,19,309,82.0,2,56,0.0357,0.0526,0.0,8.0,4.0,8.0,162.0,83.9,55.0,0.0,1.0,8.0,2.0,11.0,147.0,80.1,55.0,0.0909,73.3,22.9,61.0,1012.9,0.0,17.9,11.1,247.3,SW,6.91,0.83,12.15
662253,2022-07-07,2022,SF,2022-07-07 18:40:00,18,2,1,3,1,17,8,10,283,81.9,6,48,0.125,0.1,1.0,5.0,2.0,8.0,134.0,81.1,46.0,0.125,0.0,12.0,4.0,2.0,149.0,82.6,48.0,0.0,68.5,20.3,77.7,1013.4,0.0,12.3,7.6,256.7,W,2.84,-1.43,6.76
662225,2022-07-08,2022,SF,2022-07-08 18:40:00,18,6,3,9,3,22,11,14,309,83.8,2,43,0.0465,0.2143,1.0,8.0,7.0,9.0,160.0,81.6,42.0,0.1111,2.0,14.0,4.0,5.0,149.0,86.3,38.0,0.4,69.1,20.6,74.0,1015.4,0.0,9.8,6.1,277.3,W,-1.25,-4.5,2.15
662266,2022-07-09,2022,SF,2022-07-09 16:15:00,16,1,3,4,1,19,5,10,257,84.7,3,45,0.0667,0.1,0.0,12.0,2.0,3.0,112.0,87.1,29.0,0.0,1.0,7.0,3.0,7.0,145.0,83.2,48.0,0.1429,73.1,22.8,63.3,1016.4,0.0,16.8,10.5,288.3,W,-5.29,-10.44,0.49
662198,2022-07-10,2022,SF,2022-07-10 13:10:00,13,0,12,12,3,22,6,23,313,84.6,7,54,0.1296,0.1304,0.0,12.0,2.0,6.0,126.0,80.9,35.0,0.0,3.0,10.0,4.0,17.0,187.0,86.8,57.0,0.1765,75.7,24.3,58.3,1015.3,0.0,16.3,10.1,260.7,W,2.65,-3.02,8.0
662197,2022-07-15,2022,AZ,2022-07-15 18:40:00,18,5,3,8,2,14,6,14,295,82.4,3,50,0.06,0.1429,0.0,4.0,4.0,8.0,151.0,81.9,65.0,0.0,2.0,10.0,2.0,6.0,144.0,83.1,47.0,0.3333,68.3,20.2,78.7,1012.0,0.0,11.1,6.9,249.7,W,3.86,0.07,7.18
662271,2022-07-16,2022,AZ,2022-07-16 17:40:00,17,4,3,7,2,9,5,18,276,83.1,4,58,0.069,0.1111,1.0,4.0,1.0,8.0,129.0,84.3,51.0,0.125,1.0,5.0,4.0,10.0,147.0,82.0,53.0,0.1,70.1,21.2,74.7,1010.7,0.0,13.8,8.6,228.3,SW,9.17,5.09,12.15
662269,2022-07-17,2022,AZ,2022-07-17 13:10:00,13,1,3,4,2,19,6,12,288,81.4,3,47,0.0638,0.1667,1.0,8.0,0.0,6.0,135.0,79.9,50.0,0.1667,1.0,11.0,6.0,6.0,153.0,83.2,40.0,0.1667,74.3,23.5,67.0,1010.7,0.0,17.0,10.5,240.7,SW,8.31,2.75,12.87
662268,2022-07-29,2022,MIN,2022-07-29 18:40:00,18,10,1,11,6,22,5,14,263,86.6,5,42,0.119,0.4286,5.0,11.0,4.0,9.0,140.0,85.6,41.0,0.5556,1.0,11.0,1.0,5.0,123.0,87.7,38.0,0.2,69.7,21.0,75.0,1011.4,0.0,10.2,6.3,219.3,SW,7.86,5.19,9.59
662196,2022-07-30,2022,MIN,2022-07-30 16:15:00,16,4,7,11,4,23,6,17,318,84.0,5,46,0.1087,0.2353,2.0,11.0,3.0,8.0,156.0,81.5,42.0,0.25,2.0,12.0,3.0,9.0,162.0,86.0,50.0,0.2222,73.8,23.2,63.7,1012.3,0.0,14.9,9.2,232.7,SW,9.0,4.41,12.51
662267,2022-07-31,2022,MIN,2022-07-31 13:10:00,13,3,2,5,3,15,3,11,255,82.8,3,48,0.0625,0.2727,1.0,5.0,0.0,7.0,137.0,82.6,53.0,0.1429,2.0,10.0,2.0,4.0,118.0,82.9,39.0,0.5,74.1,23.4,80.0,1015.0,0.0,13.5,8.4,247.0,SW,5.26,0.71,9.18
662224,2022-08-01,2022,COL,2022-08-01 18:40:00,18,4,1,5,2,15,5,13,270,82.5,2,46,0.0435,0.1538,2.0,7.0,5.0,6.0,138.0,83.1,38.0,0.3333,0.0,8.0,0.0,7.0,132.0,82.0,40.0,0.0,72.0,22.2,77.3,1014.1,0.0,9.3,5.8,240.7,SW,4.54,1.5,7.03
662220,2022-08-02,2022,COL,2022-08-02 19:10:00,19,3,2,5,1,15,7,11,321,85.6,2,47,0.0426,0.0909,1.0,9.0,5.0,5.0,148.0,83.6,38.0,0.2,0.0,6.0,2.0,6.0,173.0,87.0,56.0,0.0,71.9,22.2,78.0,1013.7,0.0,12.9,8.0,312.0,NW,-8.65,-11.42,-4.84
662250,2022-08-02,2022,COL,2022-08-02 13:10:00,13,13,5,18,4,16,8,31,323,83.4,3,62,0.0484,0.129,2.0,7.0,5.0,19.0,180.0,84.9,53.0,0.1053,2.0,9.0,2.0,12.0,143.0,81.8,48.0,0.1667,77.6,25.3,65.7,1014.7,0.0,19.6,12.2,281.3,W,-3.85,-10.19,2.95
662244,2022-08-03,2022,COL,2022-08-03 18:40:00,18,9,1,10,3,22,5,16,313,82.6,6,44,0.1364,0.1875,3.0,10.0,4.0,10.0,152.0,84.7,48.0,0.3,0.0,12.0,1.0,6.0,161.0,81.1,63.0,0.0,72.1,22.3,78.7,1011.0,0.0,11.2,7.0,277.4,W,-1.44,-5.15,2.45
662219,2022-08-04,2022,COL,2022-08-04 13:10:00,13,3,7,10,1,18,6,23,338,81.9,2,53,0.0377,0.0435,0.0,9.0,5.0,9.0,175.0,85.8,49.0,0.0,1.0,9.0,1.0,14.0,163.0,77.9,48.0,0.0714,77.7,25.4,59.7,1011.5,0.0,18.0,11.2,274.0,W,-1.26,-7.33,4.97
662218,2022-08-08,2022,SF,2022-08-08 18:40:00,18,0,1,1,0,22,2,12,276,83.4,0,42,0.0,0.0,0.0,7.0,0.0,5.0,114.0,84.6,40.0,0.0,0.0,15.0,2.0,7.0,162.0,82.4,50.0,0.0,73.9,23.3,71.3,1011.4,0.0,8.7,5.4,254.3,W,2.36,-0.66,5.09
662246,2022-08-09,2022,SF,2022-08-09 18:40:00,18,7,4,11,3,15,6,20,317,83.3,3,55,0.0545,0.15,2.0,9.0,2.0,11.0,164.0,86.4,44.0,0.1818,1.0,6.0,3.0,9.0,153.0,80.6,52.0,0.1111,75.5,24.2,71.7,1011.8,0.0,10.0,6.2,233.3,SW,5.99,2.88,8.38
662217,2022-08-10,2022,SF,2022-08-10 13:10:00,13,13,7,20,3,13,8,27,319,82.6,3,63,0.0476,0.1111,2.0,9.0,3.0,16.0,165.0,82.6,57.0,0.125,1.0,4.0,5.0,11.0,154.0,82.5,54.0,0.0909,82.3,27.9,58.0,1014.3,0.0,17.8,11.0,261.7,W,2.57,-3.59,8.43
662182,2022-08-18,2022,WSH,2022-08-18 18:40:00,18,1,3,4,2,14,8,9,284,82.7,2,48,0.0417,0.2222,1.0,8.0,7.0,3.0,171.0,82.6,44.0,0.3333,1.0,6.0,1.0,6.0,113.0,82.8,42.0,0.1667,71.7,22.0,75.7,1010.4,0.0,12.7,7.9,291.0,W,-4.56,-8.35,-0.22
662181,2022-08-19,2022,WSH,2022-08-19 18:40:00,18,3,6,9,1,23,8,13,324,80.8,1,46,0.0217,0.0769,0.0,10.0,4.0,4.0,158.0,82.5,38.0,0.0,1.0,13.0,4.0,9.0,166.0,79.6,51.0,0.1111,70.9,21.6,75.0,1007.3,0.0,11.1,6.9,219.0,SW,8.65,5.73,10.53
662180,2022-08-20,2022,WSH,2022-08-20 17:40:00,17,2,1,3,3,13,6,12,287,82.7,3,51,0.0588,0.25,2.0,5.0,6.0,5.0,148.0,83.6,43.0,0.4,1.0,8.0,0.0,7.0,139.0,82.0,48.0,0.1429,71.8,22.1,72.0,1010.6,0.0,16.2,10.1,209.3,SW,14.15,10.58,16.02
662179,2022-08-21,2022,WSH,2022-08-21 13:10:00,13,2,1,3,2,11,2,16,224,85.6,5,52,0.0962,0.125,1.0,5.0,2.0,9.0,125.0,86.7,37.0,0.1111,1.0,6.0,0.0,7.0,99.0,84.7,40.0,0.1429,76.3,24.6,61.7,1015.3,0.0,16.5,10.3,251.0,W,5.38,-0.29,10.4
662213,2022-08-23,2022,CLE,2022-08-23 18:40:00,18,1,3,4,2,20,7,10,306,82.5,3,44,0.0682,0.2,0.0,13.0,4.0,6.0,169.0,84.5,40.0,0.0,2.0,7.0,3.0,4.0,137.0,80.7,45.0,0.5,70.8,21.6,77.3,1007.7,0.0,10.4,6.5,229.6,SW,6.73,3.62,9.04
662212,2022-08-24,2022,CLE,2022-08-24 13:10:00,13,0,7,7,3,18,3,19,280,82.8,4,54,0.0741,0.1579,0.0,9.0,1.0,6.0,121.0,83.4,46.0,0.0,3.0,9.0,2.0,13.0,159.0,82.3,60.0,0.2308,77.1,25.0,65.0,1010.1,0.0,16.7,10.4,224.3,SW,11.95,7.23,15.22
662211,2022-09-05,2022,AZ,2022-09-05 15:40:00,15,0,5,5,1,18,3,11,257,84.3,2,46,0.0435,0.0909,0.0,7.0,0.0,4.0,106.0,87.0,39.0,0.0,1.0,11.0,3.0,7.0,151.0,81.8,42.0,0.1429,80.7,27.1,62.3,1005.9,0.0,17.6,10.9,231.0,SW,11.06,5.72,15.06
662205,2022-09-06,2022,AZ,2022-09-06 18:40:00,18,6,5,11,6,15,6,16,297,82.4,4,53,0.0755,0.375,3.0,6.0,4.0,6.0,138.0,83.4,51.0,0.5,3.0,9.0,2.0,10.0,159.0,81.5,56.0,0.3,77.5,25.3,73.7,1009.5,0.0,8.3,5.2,249.0,W,2.98,0.15,5.45
662216,2022-09-07,2022,AZ,2022-09-07 17:40:00,17,6,3,9,6,13,7,16,258,85.6,5,51,0.098,0.375,3.0,5.0,3.0,10.0,126.0,85.6,40.0,0.3,3.0,8.0,4.0,6.0,132.0,85.5,37.0,0.5,81.6,27.5,70.3,1009.9,0.0,13.7,8.5,282.0,W,-2.85,-7.26,1.91
661850,2022-09-09,2022,LAD,2022-09-09 18:40:00,18,5,4,9,3,19,6,14,322,83.8,4,53,0.0755,0.2143,1.0,7.0,3.0,8.0,142.0,85.5,50.0,0.125,2.0,12.0,2.0,6.0,180.0,82.3,57.0,0.3333,74.9,23.8,90.0,1000.8,9.9,11.3,7.0,186.9,S,11.25,10.11,11.04
661849,2022-09-10,2022,LAD,2022-09-10 17:40:00,17,4,8,12,3,17,7,20,272,85.2,4,53,0.0755,0.15,2.0,7.0,2.0,9.0,112.0,85.8,42.0,0.2222,1.0,10.0,5.0,11.0,160.0,84.7,54.0,0.0909,75.1,24.0,86.0,1009.9,0.2,17.5,10.9,183.0,S,17.48,16.11,16.74
661848,2022-09-11,2022,LAD,2022-09-11 13:10:00,13,2,11,13,5,19,5,18,285,85.6,7,52,0.1346,0.2778,1.0,11.0,2.0,6.0,139.0,87.2,42.0,0.1667,4.0,8.0,1.0,12.0,146.0,84.3,51.0,0.3333,78.2,25.7,81.3,1014.1,0.0,14.1,8.8,256.4,W,3.33,-1.56,7.81
662204,2022-09-20,2022,STL,2022-09-20 18:40:00,18,5,0,5,1,7,4,15,288,84.5,0,57,0.0,0.0667,1.0,2.0,2.0,10.0,152.0,83.1,57.0,0.1,0.0,5.0,2.0,5.0,136.0,86.1,46.0,0.0,71.2,21.8,81.3,1010.7,0.0,15.9,9.9,311.7,NW,-10.57,-14.0,-5.87
662203,2022-09-21,2022,STL,2022-09-21 18:40:00,18,1,0,1,0,20,6,7,280,82.2,0,37,0.0,0.0,0.0,7.0,4.0,5.0,139.0,82.5,36.0,0.0,0.0,13.0,2.0,2.0,141.0,81.8,37.0,0.0,71.1,21.7,73.3,1011.4,0.0,18.3,11.4,318.0,NW,-13.6,-16.97,-8.59
662202,2022-09-22,2022,STL,2022-09-22 13:10:00,13,4,5,9,4,16,9,14,277,82.2,5,50,0.1,0.2857,2.0,11.0,5.0,6.0,138.0,82.8,37.0,0.3333,2.0,5.0,4.0,8.0,139.0,81.8,47.0,0.25,78.1,25.6,56.3,1011.7,0.0,20.5,12.7,278.3,W,-2.97,-9.73,4.15
662210,2022-09-27,2022,LAD,2022-09-27 18:40:00,18,4,3,7,0,21,13,12,358,82.7,1,52,0.0192,0.0,0.0,10.0,4.0,6.0,151.0,80.0,51.0,0.0,0.0,11.0,8.0,6.0,207.0,85.3,54.0,0.0,73.9,23.3,78.7,1009.8,0.0,9.8,6.1,282.3,W,-2.08,-5.22,1.31
662214,2022-09-28,2022,LAD,2022-09-28 18:40:00,18,0,1,1,0,22,7,12,325,80.4,1,48,0.0208,0.0,0.0,9.0,2.0,7.0,148.0,80.3,54.0,0.0,0.0,13.0,5.0,5.0,177.0,80.5,52.0,0.0,70.7,21.5,89.0,1013.2,0.0,10.6,6.6,199.7,S,9.98,8.16,10.6
662209,2022-09-29,2022,LAD,2022-09-29 18:40:00,18,2,5,7,1,19,5,17,314,82.9,3,51,0.0588,0.0588,0.0,10.0,3.0,10.0,160.0,82.4,54.0,0.0,1.0,9.0,2.0,7.0,154.0,83.6,42.0,0.1429,68.7,20.4,93.0,1012.1,0.0,8.1,5.0,215.0,SW,6.63,4.64,7.82
662208,2022-09-30,2022,CWS,2022-09-30 18:40:00,18,1,3,4,1,25,3,15,306,82.1,3,43,0.0698,0.0667,0.0,15.0,2.0,7.0,172.0,80.9,52.0,0.0,1.0,10.0,1.0,8.0,134.0,83.4,52.0,0.125,66.9,19.4,77.7,1009.3,0.0,11.8,7.3,238.4,SW,6.17,2.37,9.23
662207,2022-10-01,2022,CWS,2022-10-01 17:40:00,17,5,2,7,4,16,6,15,273,83.6,4,47,0.0851,0.2667,3.0,9.0,5.0,9.0,152.0,85.2,43.0,0.3333,1.0,7.0,1.0,6.0,121.0,81.8,41.0,0.1667,68.0,20.0,70.0,1010.2,0.0,13.9,8.6,273.7,W,-0.89,-5.58,3.91
662190,2022-10-02,2022,CWS,2022-10-02 13:10:00,13,1,2,3,2,16,5,12,288,81.3,2,50,0.04,0.1667,1.0,8.0,2.0,7.0,134.0,81.3,49.0,0.1429,1.0,8.0,3.0,5.0,154.0,81.4,50.0,0.2,73.6,23.1,60.3,1012.6,0.0,19.2,12.0,273.7,W,-1.23,-7.72,5.41
662239,2022-10-03,2022,SF,2022-10-03 18:40:00,18,7,4,11,1,20,9,13,304,84.3,1,41,0.0244,0.0769,1.0,10.0,3.0,8.0,144.0,85.1,38.0,0.125,0.0,10.0,5.0,5.0,160.0,83.7,47.0,0.0,69.0,20.6,78.7,1012.6,0.0,9.7,6.0,271.3,W,-0.23,-3.52,3.09
662252,2022-10-04,2022,SF,2022-10-04 18:40:00,18,6,2,8,1,22,5,18,259,84.8,3,44,0.0682,0.0556,1.0,11.0,3.0,14.0,149.0,83.2,43.0,0.0714,0.0,11.0,2.0,4.0,110.0,86.6,37.0,0.0,69.0,20.5,83.0,1011.9,0.0,9.4,5.8,230.7,SW,5.96,3.11,8.09
662238,2022-10-05,2022,SF,2022-10-05 13:10:00,13,1,8,9,3,20,5,16,286,82.0,1,49,0.0204,0.1875,0.0,12.0,1.0,4.0,135.0,82.8,38.0,0.0,3.0,8.0,4.0,12.0,151.0,81.5,50.0,0.25,73.9,23.3,67.7,1013.4,0.0,14.2,8.8,241.3,SW,6.83,2.14,10.69
718778,2023-03-30,2023,COL,2023-03-30 18:40:00,18,2,7,9,3,27,2,24,320,81.8,3,50,0.06,0.125,0.0,10.0,1.0,7.0,133.0,86.0,40.0,0.0,3.0,17.0,1.0,17.0,187.0,79.0,61.0,0.1765,53.6,12.0,75.7,1015.6,0.1,9.0,5.6,222.7,SW,6.61,4.12,8.3
718766,2023-03-31,2023,COL,2023-03-31 18:40:00,18,1,4,5,1,13,5,14,268,79.1,2,53,0.0377,0.0714,0.0,5.0,2.0,5.0,127.0,78.8,46.0,0.0,1.0,8.0,3.0,9.0,141.0,79.4,43.0,0.1111,55.3,12.9,82.3,1020.1,0.0,14.4,9.0,328.0,NW,-12.24,-14.12,-8.88
718750,2023-04-01,2023,COL,2023-04-01 17:40:00,17,8,4,12,2,10,11,16,275,82.5,5,54,0.0926,0.125,1.0,4.0,8.0,10.0,158.0,82.6,47.0,0.1,1.0,6.0,3.0,6.0,117.0,82.3,38.0,0.1667,58.3,14.6,79.3,1018.8,0.0,9.5,5.9,283.0,W,-2.13,-5.16,1.15
718733,2023-04-02,2023,COL,2023-04-02 13:10:00,13,3,1,4,3,15,3,8,237,78.6,5,43,0.1163,0.375,2.0,5.0,2.0,4.0,110.0,77.6,36.0,0.5,1.0,10.0,1.0,4.0,127.0,79.4,43.0,0.25,59.2,15.1,74.0,1017.3,0.0,13.8,8.6,224.0,SW,9.95,6.06,12.64
718722,2023-04-03,2023,AZ,2023-04-03 18:40:00,18,5,4,9,5,14,6,17,283,84.7,6,51,0.1176,0.2941,3.0,6.0,5.0,8.0,145.0,83.1,40.0,0.375,2.0,8.0,1.0,9.0,138.0,86.2,43.0,0.2222,53.4,11.9,64.3,1014.2,0.0,20.7,12.9,286.7,W,-5.95,-12.38,1.21
718717,2023-04-04,2023,AZ,2023-04-04 13:10:00,13,6,8,14,3,11,9,19,315,82.2,2,60,0.0333,0.1579,3.0,6.0,2.0,10.0,136.0,87.7,40.0,0.3,0.0,5.0,7.0,9.0,179.0,77.9,52.0,0.0,57.7,14.3,38.3,1019.2,0.0,25.9,16.1,300.0,NW,-12.95,-19.84,-4.5
718589,2023-04-13,2023,MIL,2023-04-13 18:40:00,18,3,4,7,4,18,7,12,323,82.2,4,52,0.0769,0.3333,2.0,13.0,2.0,6.0,163.0,83.6,50.0,0.3333,2.0,5.0,5.0,6.0,160.0,80.7,47.0,0.3333,53.8,12.1,75.7,1010.6,0.0,16.0,10.0,189.7,S,15.81,13.93,15.77
718574,2023-04-14,2023,MIL,2023-04-14 18:40:00,18,2,11,13,4,11,7,24,332,85.6,10,63,0.1587,0.1667,1.0,7.0,2.0,9.0,146.0,86.8,49.0,0.1111,3.0,4.0,5.0,15.0,186.0,84.5,54.0,0.2,56.5,13.6,76.0,1014.1,0.0,9.5,5.9,278.3,W,-1.38,-4.51,1.92
718560,2023-04-15,2023,MIL,2023-04-15 13:05:00,13,10,3,13,2,15,9,24,354,82.1,3,58,0.0517,0.0833,2.0,5.0,5.0,12.0,176.0,81.1,56.0,0.1667,0.0,10.0,3.0,12.0,178.0,83.2,49.0,0.0,62.2,16.8,72.3,1018.7,0.0,17.6,10.9,283.3,W,-4.05,-9.65,2.04
718549,2023-04-16,2023,MIL,2023-04-16 13:10:00,13,0,1,1,0,25,5,9,268,78.9,2,39,0.0513,0.0,0.0,11.0,2.0,5.0,130.0,79.2,34.0,0.0,0.0,14.0,3.0,4.0,138.0,78.6,38.0,0.0,61.3,16.3,74.3,1018.3,0.0,14.8,9.2,277.0,W,-1.81,-6.73,3.34
718533,2023-04-17,2023,ATL,2023-04-17 18:40:00,18,0,2,2,1,17,5,13,282,78.2,4,47,0.0851,0.0769,0.0,9.0,1.0,6.0,128.0,75.6,43.0,0.0,1.0,8.0,4.0,7.0,154.0,80.6,47.0,0.1429,56.5,13.6,77.0,1012.9,0.0,9.6,6.0,252.3,W,2.91,-0.39,5.87
718519,2023-04-18,2023,ATL,2023-04-18 18:40:00,18,1,8,9,3,20,8,12,314,80.7,6,44,0.1364,0.25,0.0,13.0,3.0,4.0,147.0,80.6,42.0,0.0,3.0,7.0,5.0,8.0,167.0,80.8,51.0,0.375,57.2,14.0,76.3,1014.2,0.0,14.0,8.7,289.0,W,-4.57,-8.83,0.24
718507,2023-04-19,2023,ATL,2023-04-19 13:10:00,13,1,0,1,1,17,6,10,248,77.4,3,41,0.0732,0.1,1.0,8.0,3.0,6.0,113.0,78.6,35.0,0.1667,0.0,9.0,3.0,4.0,135.0,76.5,48.0,0.0,64.0,17.8,55.7,1016.5,0.0,20.7,12.9,283.0,W,-4.66,-11.27,2.52
718384,2023-04-29,2023,SF,2023-04-29 15:05:00,15,16,11,27,11,23,15,30,410,82.1,6,57,0.1053,0.3667,6.0,11.0,9.0,17.0,210.0,81.2,57.0,0.3529,5.0,12.0,5.0,13.0,200.0,83.2,47.0,0.3846,64.8,18.2,68.7,1014.4,0.0,17.8,11.0,279.0,W,-2.78,-8.61,3.39
718368,2023-04-30,2023,SF,2023-04-30 13:05:00,13,6,4,10,4,24,1,19,289,84.8,6,45,0.1333,0.2105,1.0,13.0,1.0,10.0,152.0,86.5,39.0,0.1,3.0,11.0,0.0,9.0,137.0,83.0,38.0,0.3333,63.8,17.7,68.3,1012.3,0.0,16.3,10.1,254.0,W,4.5,-1.14,9.6
718345,2023-05-01,2023,CIN,2023-05-01 18:40:00,18,8,3,11,2,20,4,24,293,80.2,3,53,0.0566,0.0833,1.0,9.0,4.0,16.0,154.0,79.1,55.0,0.0625,1.0,11.0,0.0,8.0,139.0,81.8,38.0,0.125,57.9,14.4,71.0,1010.7,0.2,17.5,10.9,227.3,SW,11.86,6.74,15.55
718335,2023-05-02,2023,CIN,2023-05-02 18:40:00,18,1,2,3,0,14,6,12,304,79.8,0,58,0.0,0.0,0.0,8.0,3.0,6.0,151.0,83.0,50.0,0.0,0.0,6.0,3.0,6.0,153.0,76.8,54.0,0.0,58.6,14.8,62.0,1012.6,0.0,12.6,7.8,260.3,W,2.12,-2.27,6.25
718330,2023-05-03,2023,CIN,2023-05-03 13:10:00,13,7,1,8,2,10,9,18,328,79.9,1,56,0.0179,0.1111,1.0,5.0,7.0,10.0,183.0,79.6,63.0,0.1,1.0,5.0,2.0,8.0,145.0,80.3,54.0,0.125,63.3,17.4,48.0,1012.0,0.0,19.4,12.1,234.3,SW,11.31,5.24,16.02
718295,2023-05-05,2023,LAD,2023-05-05 18:40:00,18,5,2,7,2,21,13,12,300,82.7,3,39,0.0769,0.1667,2.0,12.0,10.0,8.0,175.0,82.7,38.0,0.25,0.0,9.0,2.0,4.0,125.0,82.8,36.0,0.0,60.7,16.0,59.7,1016.8,0.0,12.8,8.0,282.3,W,-2.73,-6.85,1.71
718279,2023-05-06,2023,LAD,2023-05-06 17:40:00,17,1,2,3,1,18,8,8,305,80.2,2,44,0.0455,0.125,0.0,10.0,3.0,5.0,160.0,78.9,57.0,0.0,1.0,8.0,5.0,3.0,145.0,82.1,39.0,0.3333,61.7,16.5,65.7,1017.8,0.0,17.1,10.6,289.3,W,-5.66,-10.84,0.2
718266,2023-05-07,2023,LAD,2023-05-07 16:10:00,16,2,5,7,2,20,6,15,308,82.4,4,55,0.0727,0.1333,0.0,9.0,1.0,9.0,139.0,81.9,51.0,0.0,2.0,11.0,5.0,6.0,169.0,82.8,50.0,0.3333,64.2,17.9,56.0,1017.1,0.0,20.1,12.5,292.3,W,-7.64,-13.54,-0.82
718162,2023-05-15,2023,KC,2023-05-15 18:40:00,18,4,0,4,0,19,11,7,296,78.8,1,38,0.0263,0.0,0.0,6.0,10.0,5.0,173.0,79.8,42.0,0.0,0.0,13.0,1.0,2.0,123.0,77.8,45.0,0.0,61.8,16.5,77.7,1016.6,0.0,10.8,6.7,283.0,W,-2.44,-5.9,1.32
718144,2023-05-16,2023,KC,2023-05-16 18:40:00,18,4,5,9,0,18,7,16,294,83.2,3,48,0.0625,0.0,0.0,8.0,4.0,8.0,148.0,84.1,48.0,0.0,0.0,10.0,3.0,8.0,146.0,82.3,44.0,0.0,62.7,17.0,79.3,1013.6,0.0,11.9,7.4,291.3,W,-4.34,-7.88,-0.28
718140,2023-05-17,2023,KC,2023-05-17 13:10:00,13,3,4,7,2,23,11,17,318,78.7,0,45,0.0,0.1176,1.0,13.0,9.0,8.0,174.0,80.0,46.0,0.125,1.0,10.0,2.0,9.0,144.0,77.5,50.0,0.1111,67.4,19.7,63.0,1011.5,0.0,17.9,11.1,279.3,W,-2.9,-8.77,3.31
718107,2023-05-19,2023,BOS,2023-05-19 18:40:00,18,1,6,7,3,15,6,13,293,84.5,5,50,0.1,0.2308,1.0,7.0,3.0,5.0,148.0,83.2,40.0,0.2,2.0,8.0,3.0,8.0,145.0,85.7,42.0,0.25,62.5,16.9,74.3,1016.2,0.0,8.8,5.5,248.0,W,3.3,0.31,5.89
718092,2023-05-20,2023,BOS,2023-05-20 19:10:00,19,2,4,6,3,17,5,10,305,83.5,6,48,0.125,0.3,2.0,8.0,3.0,3.0,142.0,82.1,45.0,0.6667,1.0,9.0,2.0,7.0,163.0,84.7,54.0,0.1429,62.2,16.8,79.3,1016.6,0.0,6.7,4.2,276.3,W,-0.73,-2.97,1.59
718079,2023-05-21,2023,BOS,2023-05-21 13:10:00,13,7,0,7,1,16,6,13,284,80.4,3,47,0.0638,0.0769,1.0,7.0,3.0,6.0,140.0,79.1,49.0,0.1667,0.0,9.0,3.0,7.0,144.0,81.8,44.0,0.0,67.8,19.9,66.7,1014.7,0.0,17.9,11.1,252.7,W,5.34,-0.84,10.87
717921,2023-06-02,2023,CHC,2023-06-02 18:40:00,18,1,2,3,1,23,7,8,282,80.3,1,37,0.027,0.125,0.0,10.0,2.0,4.0,123.0,81.8,41.0,0.0,1.0,13.0,5.0,4.0,159.0,79.0,49.0,0.25,63.0,17.2,73.3,1013.5,0.0,12.7,7.9,294.7,NW,-5.3,-8.93,-1.03
717903,2023-06-03,2023,CHC,2023-06-03 19:10:00,19,6,0,6,2,19,7,12,275,84.3,4,44,0.0909,0.1667,2.0,7.0,5.0,10.0,131.0,89.3,38.0,0.2,0.0,12.0,2.0,2.0,144.0,79.8,42.0,0.0,62.1,16.7,80.0,1012.1,0.0,10.2,6.3,273.7,W,-0.65,-4.09,2.87
717889,2023-06-04,2023,CHC,2023-06-04 14:30:00,14,1,7,8,3,17,7,16,282,83.1,4,48,0.0833,0.1875,0.0,9.0,4.0,5.0,130.0,86.3,36.0,0.0,3.0,8.0,3.0,11.0,152.0,80.8,52.0,0.2727,67.6,19.8,60.3,1011.0,0.0,17.7,11.0,266.0,W,1.23,-4.88,7.2
717880,2023-06-05,2023,CHC,2023-06-05 18:10:00,18,5,0,5,1,16,6,12,279,79.7,1,48,0.0208,0.0833,1.0,4.0,3.0,8.0,125.0,84.5,44.0,0.125,0.0,12.0,3.0,4.0,154.0,75.6,52.0,0.0,61.6,16.5,68.7,1011.3,0.0,14.8,9.2,217.7,SW,11.69,7.9,14.07
717864,2023-06-06,2023,SEA,2023-06-06 18:40:00,18,1,4,5,2,21,6,12,308,78.8,5,43,0.1163,0.1667,0.0,10.0,3.0,4.0,135.0,80.9,34.0,0.0,2.0,11.0,3.0,8.0,173.0,77.5,52.0,0.25,62.4,16.9,73.3,1011.9,0.1,12.6,7.8,240.3,SW,6.22,2.11,9.58
717863,2023-06-07,2023,SEA,2023-06-07 13:10:00,13,10,3,13,1,16,7,21,305,84.8,4,54,0.0741,0.0476,1.0,8.0,2.0,17.0,168.0,84.7,58.0,0.0588,0.0,8.0,5.0,4.0,137.0,84.9,45.0,0.0,65.8,18.8,62.7,1015.0,0.0,13.9,8.7,249.7,W,4.84,0.08,9.02
717772,2023-06-13,2023,CLE,2023-06-13 18:40:00,18,6,3,9,3,15,5,17,249,81.3,3,52,0.0577,0.1765,2.0,6.0,3.0,8.0,119.0,86.5,40.0,0.25,1.0,9.0,2.0,9.0,130.0,77.1,50.0,0.1111,63.6,17.5,78.7,1014.0,0.0,16.1,10.0,306.3,NW,-9.52,-13.37,-4.52
717758,2023-06-14,2023,CLE,2023-06-14 18:40:00,18,5,0,5,4,14,7,14,289,81.4,4,48,0.0833,0.2857,4.0,8.0,5.0,9.0,161.0,82.8,44.0,0.4444,0.0,6.0,2.0,5.0,128.0,80.1,47.0,0.0,63.6,17.6,76.0,1011.8,0.0,13.3,8.3,285.7,W,-3.6,-7.77,1.01
717750,2023-06-15,2023,CLE,2023-06-15 17:40:00,17,6,8,14,2,15,9,23,343,81.6,5,61,0.082,0.087,1.0,7.0,8.0,9.0,180.0,82.7,56.0,0.1111,1.0,8.0,1.0,14.0,163.0,80.6,63.0,0.0714,65.3,18.5,74.3,1011.4,0.0,15.5,9.7,281.0,W,-2.96,-8.0,2.43
717732,2023-06-16,2023,TB,2023-06-16 18:40:00,18,2,6,8,3,16,9,16,294,83.5,3,49,0.0612,0.1875,1.0,6.0,5.0,7.0,137.0,81.5,45.0,0.1429,2.0,10.0,4.0,9.0,157.0,85.4,45.0,0.2222,65.8,18.8,77.0,1013.5,0.0,16.4,10.2,301.3,NW,-8.53,-12.8,-3.22
717717,2023-06-17,2023,TB,2023-06-17 16:15:00,16,2,0,2,0,23,6,7,256,79.1,2,36,0.0556,0.0,0.0,6.0,3.0,4.0,115.0,81.4,37.0,0.0,0.0,17.0,3.0,3.0,141.0,76.5,32.0,0.0,69.5,20.8,70.3,1012.7,0.0,19.4,12.0,296.0,NW,-8.49,-13.93,-2.02
717703,2023-06-18,2023,TB,2023-06-18 13:10:00,13,5,4,9,0,13,6,19,295,83.3,2,53,0.0377,0.0,0.0,8.0,3.0,7.0,145.0,84.8,43.0,0.0,0.0,5.0,2.0,12.0,150.0,82.2,60.0,0.0,69.6,20.9,65.7,1012.6,0.0,18.0,11.2,251.3,W,5.77,-0.42,11.27
717642,2023-06-23,2023,WSH,2023-06-23 18:40:00,18,13,3,16,4,13,5,25,285,86.3,7,61,0.1148,0.16,3.0,5.0,5.0,15.0,163.0,88.7,51.0,0.2,1.0,8.0,0.0,10.0,122.0,83.6,45.0,0.1,64.5,18.1,69.0,1014.5,0.0,17.8,11.1,303.3,NW,-9.78,-14.28,-4.11
717638,2023-06-24,2023,WSH,2023-06-24 17:40:00,17,0,2,2,2,17,8,10,296,80.6,3,45,0.0667,0.2,0.0,12.0,4.0,4.0,152.0,81.4,43.0,0.0,2.0,5.0,4.0,6.0,144.0,80.1,59.0,0.3333,65.8,18.8,70.0,1015.6,0.0,19.3,12.0,300.6,NW,-9.82,-14.91,-3.54
717610,2023-06-25,2023,WSH,2023-06-25 13:10:00,13,3,8,11,2,17,7,19,332,83.7,6,56,0.1071,0.1053,1.0,12.0,6.0,8.0,184.0,86.1,47.0,0.125,1.0,5.0,1.0,11.0,148.0,81.7,59.0,0.0909,69.1,20.6,54.7,1016.3,0.0,20.2,12.6,281.0,W,-3.85,-10.4,3.16
717505,2023-07-03,2023,LAA,2023-07-03 18:40:00,18,10,3,13,2,19,11,26,366,82.3,3,54,0.0556,0.0769,1.0,8.0,5.0,12.0,181.0,82.8,58.0,0.0833,1.0,11.0,6.0,14.0,185.0,81.8,49.0,0.0714,66.9,19.4,76.7,1010.6,0.0,14.9,9.2,302.7,NW,-8.02,-11.82,-3.26
717497,2023-07-04,2023,LAA,2023-07-04 15:40:00,15,8,5,13,3,21,10,17,301,80.7,4,44,0.0909,0.1765,2.0,7.0,5.0,11.0,142.0,83.4,48.0,0.1818,1.0,14.0,5.0,6.0,159.0,77.2,38.0,0.1667,71.6,22.0,59.3,1012.3,0.0,19.0,11.8,293.0,NW,-7.44,-12.98,-1.0
717478,2023-07-05,2023,LAA,2023-07-05 17:40:00,17,5,3,8,2,16,14,11,297,82.2,2,46,0.0435,0.1818,1.0,8.0,9.0,5.0,160.0,84.0,32.0,0.2,1.0,8.0,3.0,6.0,137.0,80.7,38.0,0.1667,67.4,19.7,72.3,1012.3,0.0,14.7,9.1,276.7,W,-1.7,-6.58,3.39
717454,2023-07-07,2023,NYM,2023-07-07 18:40:00,18,5,7,12,2,14,10,22,351,82.4,2,65,0.0308,0.0909,1.0,4.0,4.0,9.0,152.0,84.5,46.0,0.1111,1.0,10.0,6.0,13.0,199.0,80.6,52.0,0.0769,65.2,18.5,73.0,1008.8,0.0,11.9,7.4,288.4,W,-3.74,-7.36,0.34
717436,2023-07-08,2023,NYM,2023-07-08 19:10:00,19,3,1,4,2,28,5,8,280,82.3,2,31,0.0645,0.25,1.0,11.0,2.0,5.0,127.0,82.9,38.0,0.2,1.0,17.0,3.0,3.0,153.0,81.5,33.0,0.3333,63.8,17.7,78.3,1009.7,0.0,8.4,5.2,247.3,SW,3.22,0.39,5.67
717423,2023-07-09,2023,NYM,2023-07-09 13:10:00,13,6,2,8,2,18,6,14,284,82.4,4,42,0.0952,0.1429,2.0,10.0,4.0,9.0,147.0,82.8,43.0,0.2222,0.0,8.0,2.0,5.0,137.0,82.0,41.0,0.0,70.9,21.6,58.7,1012.4,0.0,17.0,10.6,247.3,SW,6.56,0.79,11.54
717276,2023-07-24,2023,PIT,2023-07-24 18:40:00,18,4,8,12,6,18,10,19,325,81.9,3,52,0.0577,0.3158,2.0,7.0,4.0,6.0,148.0,85.7,46.0,0.3333,4.0,11.0,6.0,13.0,177.0,78.4,50.0,0.3077,71.7,22.1,78.7,1013.4,0.0,10.0,6.2,292.3,W,-3.81,-6.75,-0.41
717258,2023-07-25,2023,PIT,2023-07-25 18:40:00,18,5,1,6,3,15,9,14,297,82.5,5,49,0.102,0.2143,3.0,7.0,2.0,11.0,142.0,86.2,42.0,0.2727,0.0,8.0,7.0,3.0,155.0,79.2,46.0,0.0,72.9,22.7,77.0,1012.3,0.0,10.5,6.5,250.3,W,3.53,-0.06,6.7
717246,2023-07-26,2023,PIT,2023-07-26 13:10:00,13,2,3,5,3,18,5,9,272,82.8,5,43,0.1163,0.3333,0.0,8.0,5.0,4.0,152.0,80.3,49.0,0.0,3.0,10.0,0.0,5.0,120.0,86.6,32.0,0.6,81.9,27.7,54.3,1012.0,0.0,15.7,9.8,264.3,W,1.55,-3.9,6.81
717224,2023-07-28,2023,TEX,2023-07-28 18:40:00,18,7,1,8,1,17,12,15,310,81.8,3,48,0.0625,0.0667,1.0,7.0,7.0,9.0,153.0,81.9,39.0,0.1111,0.0,10.0,5.0,6.0,157.0,81.7,50.0,0.0,70.2,21.2,80.3,1011.9,0.0,9.8,6.1,235.3,SW,5.56,2.47,7.97
717209,2023-07-29,2023,TEX,2023-07-29 17:40:00,17,4,0,4,0,18,6,13,284,80.9,1,44,0.0227,0.0,0.0,4.0,3.0,9.0,129.0,82.3,44.0,0.0,0.0,14.0,3.0,4.0,155.0,79.7,48.0,0.0,72.4,22.4,77.0,1011.3,0.0,11.8,7.3,245.0,SW,4.97,1.02,8.32
717191,2023-07-30,2023,TEX,2023-07-30 13:10:00,13,5,3,8,2,21,10,21,329,82.2,4,49,0.0816,0.0952,2.0,8.0,3.0,13.0,154.0,83.5,49.0,0.1538,0.0,13.0,7.0,8.0,175.0,80.7,42.0,0.0,74.4,23.5,70.7,1011.8,0.0,13.3,8.3,232.3,SW,8.15,4.05,11.27
717129,2023-08-04,2023,LAD,2023-08-04 18:40:00,18,5,10,15,2,10,8,21,322,83.4,4,64,0.0625,0.0952,1.0,5.0,4.0,10.0,171.0,83.6,52.0,0.1,1.0,5.0,3.0,11.0,151.0,83.1,52.0,0.0909,70.5,21.4,72.7,1010.6,0.0,11.4,7.1,282.7,W,-2.51,-6.17,1.46
717112,2023-08-05,2023,LAD,2023-08-05 17:40:00,17,8,3,11,2,19,8,17,293,82.9,1,46,0.0217,0.1176,1.0,9.0,3.0,11.0,139.0,82.1,54.0,0.0909,1.0,10.0,5.0,6.0,154.0,84.0,36.0,0.1667,71.7,22.0,74.7,1010.5,0.0,11.7,7.3,258.3,W,2.37,-1.7,6.14
717093,2023-08-06,2023,LAD,2023-08-06 16:10:00,16,2,8,10,5,20,5,19,318,82.6,7,52,0.1346,0.2632,2.0,7.0,2.0,7.0,127.0,85.9,48.0,0.2857,3.0,13.0,3.0,12.0,191.0,79.6,54.0,0.25,73.5,23.0,69.3,1013.1,0.0,13.4,8.3,233.7,SW,7.91,3.75,11.12
717094,2023-08-07,2023,LAD,2023-08-07 13:10:00,13,7,13,20,4,14,5,25,300,83.9,9,63,0.1429,0.16,2.0,7.0,1.0,11.0,127.0,86.8,48.0,0.1818,2.0,7.0,3.0,14.0,173.0,81.9,66.0,0.1429,77.3,25.2,55.0,1016.3,0.0,16.3,10.1,215.7,SW,13.27,9.21,15.73
716996,2023-08-14,2023,BAL,2023-08-14 18:40:00,18,1,4,5,2,14,5,13,236,82.3,2,48,0.0417,0.1538,1.0,6.0,3.0,4.0,127.0,82.8,36.0,0.25,1.0,8.0,2.0,9.0,109.0,81.9,42.0,0.1111,70.6,21.5,79.7,1011.7,0.0,13.2,8.2,288.7,W,-4.24,-8.27,0.31
716980,2023-08-15,2023,BAL,2023-08-15 18:40:00,18,10,3,13,2,14,6,24,315,84.1,3,59,0.0508,0.0833,1.0,7.0,5.0,13.0,157.0,83.7,52.0,0.0769,1.0,7.0,1.0,11.0,158.0,84.4,55.0,0.0909,72.5,22.5,74.3,1011.9,0.0,15.4,9.6,308.9,NW,-9.7,-13.22,-5.01
716965,2023-08-16,2023,BAL,2023-08-16 17:40:00,17,5,2,7,2,12,4,13,267,83.7,4,50,0.08,0.1538,1.0,4.0,2.0,8.0,125.0,84.6,49.0,0.125,1.0,8.0,2.0,5.0,142.0,82.7,43.0,0.2,75.1,24.0,67.0,1009.6,0.0,15.9,9.9,297.7,NW,-7.4,-11.78,-2.12
716957,2023-08-17,2023,AZ,2023-08-17 18:40:00,18,1,3,4,2,16,5,6,253,84.5,6,44,0.1364,0.3333,0.0,9.0,3.0,3.0,145.0,86.8,45.0,0.0,2.0,7.0,2.0,3.0,108.0,81.9,39.0,0.6667,71.0,21.7,76.7,1009.1,0.0,13.4,8.3,297.3,NW,-6.15,-9.85,-1.71
716942,2023-08-18,2023,AZ,2023-08-18 18:40:00,18,4,0,4,1,18,7,10,261,81.2,3,40,0.075,0.1,1.0,5.0,4.0,4.0,129.0,80.5,43.0,0.25,0.0,13.0,3.0,6.0,132.0,81.9,36.0,0.0,70.9,21.6,74.3,1008.2,0.0,11.6,7.2,283.3,W,-2.68,-6.39,1.35
716919,2023-08-19,2023,AZ,2023-08-19 12:10:00,12,4,6,10,4,18,11,16,366,79.9,5,50,0.1,0.25,3.0,6.0,6.0,7.0,182.0,82.2,51.0,0.4286,1.0,12.0,5.0,9.0,184.0,77.9,60.0,0.1111,71.7,22.0,71.3,1010.0,0.0,15.3,9.5,224.0,SW,11.01,6.71,13.98
716931,2023-08-19,2023,AZ,2023-08-19 17:40:00,17,1,8,9,2,14,8,18,334,83.4,4,54,0.0741,0.1111,1.0,4.0,4.0,5.0,150.0,87.1,45.0,0.2,1.0,10.0,4.0,13.0,184.0,81.1,71.0,0.0769,72.8,22.7,63.7,1007.4,0.0,8.7,5.4,279.7,W,-1.47,-4.33,1.56
716907,2023-08-21,2023,MIA,2023-08-21 18:40:00,18,6,2,8,3,18,9,14,287,86.4,4,44,0.0909,0.2143,2.0,6.0,6.0,7.0,141.0,88.0,33.0,0.2857,1.0,12.0,3.0,7.0,146.0,85.3,47.0,0.1429,67.9,19.9,92.7,1013.5,0.0,5.5,3.4,239.3,SW,2.79,1.01,4.23
716887,2023-08-22,2023,MIA,2023-08-22 18:40:00,18,0,3,3,1,21,5,11,282,82.5,2,42,0.0476,0.0909,0.0,12.0,2.0,3.0,138.0,83.9,40.0,0.0,1.0,9.0,3.0,8.0,144.0,81.0,39.0,0.125,70.0,21.1,86.3,1011.4,0.0,12.5,7.8,312.7,NW,-8.47,-11.1,-4.82
716883,2023-08-23,2023,MIA,2023-08-23 13:10:00,13,4,0,4,1,13,6,11,260,81.9,1,49,0.0204,0.0909,1.0,4.0,3.0,7.0,116.0,79.9,45.0,0.1429,0.0,9.0,3.0,4.0,144.0,84.2,38.0,0.0,73.5,23.0,81.7,1011.0,0.0,15.0,9.3,278.3,W,-2.18,-7.13,3.04
716777,2023-08-31,2023,SF,2023-08-31 18:40:00,18,2,7,9,1,17,8,17,336,79.5,1,53,0.0189,0.0588,0.0,7.0,6.0,7.0,167.0,78.6,56.0,0.0,1.0,10.0,2.0,10.0,169.0,80.1,70.0,0.1,70.4,21.3,81.3,1008.0,0.0,9.4,5.8,199.3,S,8.84,7.25,9.37
716761,2023-09-01,2023,SF,2023-09-01 18:40:00,18,7,3,10,3,14,3,22,305,81.9,4,57,0.0702,0.1364,2.0,5.0,1.0,13.0,159.0,85.1,63.0,0.1538,1.0,9.0,2.0,9.0,146.0,77.8,49.0,0.1111,68.4,20.2,91.0,1011.3,0.8,13.1,8.1,193.0,S,12.73,10.96,12.97
716743,2023-09-02,2023,SF,2023-09-02 17:40:00,17,6,1,7,4,19,7,11,278,82.2,5,43,0.1163,0.3636,4.0,7.0,2.0,6.0,111.0,84.5,33.0,0.6667,0.0,12.0,5.0,5.0,167.0,80.3,42.0,0.0,74.1,23.4,86.3,1013.9,0.0,11.1,6.9,294.7,NW,-4.63,-7.8,-0.91
716728,2023-09-03,2023,SF,2023-09-03 13:10:00,13,4,0,4,2,14,4,14,278,80.7,4,50,0.08,0.1429,2.0,5.0,1.0,10.0,128.0,81.7,44.0,0.2,0.0,9.0,3.0,4.0,150.0,79.8,44.0,0.0,73.7,23.2,74.7,1015.0,0.0,21.1,13.1,297.3,NW,-9.69,-15.52,-2.69
716720,2023-09-04,2023,PHI,2023-09-04 15:40:00,15,7,9,16,4,17,13,26,378,81.3,6,64,0.0938,0.1538,1.0,9.0,8.0,10.0,194.0,84.7,62.0,0.1,3.0,8.0,5.0,16.0,184.0,78.6,76.0,0.1875,71.9,22.2,69.0,1010.6,0.0,14.5,9.0,262.7,W,1.85,-3.18,6.66
716703,2023-09-05,2023,PHI,2023-09-05 18:40:00,18,8,0,8,1,6,11,13,244,87.0,2,52,0.0385,0.0769,1.0,1.0,4.0,10.0,122.0,87.0,45.0,0.1,0.0,5.0,7.0,3.0,122.0,87.0,35.0,0.0,68.4,20.2,80.0,1011.9,0.0,9.6,6.0,272.7,W,-0.45,-3.7,2.86
716691,2023-09-06,2023,PHI,2023-09-06 13:10:00,13,1,5,6,2,23,9,15,349,80.8,4,46,0.087,0.1333,0.0,11.0,3.0,3.0,161.0,79.0,45.0,0.0,2.0,12.0,6.0,12.0,188.0,82.2,56.0,0.1667,74.4,23.6,62.0,1012.7,0.0,18.3,11.4,280.7,W,-3.38,-9.32,2.96
716526,2023-09-18,2023,COL,2023-09-18 18:40:00,18,11,9,20,4,19,7,28,370,81.8,6,60,0.1,0.1429,3.0,6.0,4.0,15.0,180.0,87.1,61.0,0.2,1.0,13.0,3.0,13.0,190.0,76.4,60.0,0.0769,67.6,19.8,77.3,1013.3,0.0,14.0,8.7,300.0,NW,-7.0,-10.73,-2.43
716516,2023-09-19,2023,COL,2023-09-19 18:40:00,18,2,0,2,1,22,9,7,288,76.3,0,36,0.0,0.1429,1.0,10.0,4.0,5.0,150.0,76.4,37.0,0.2,0.0,12.0,4.0,2.0,138.0,76.1,33.0,0.0,68.3,20.2,77.3,1011.5,0.0,11.1,6.9,272.0,W,-0.39,-4.15,3.42
716500,2023-09-20,2023,COL,2023-09-20 13:10:00,13,3,2,5,1,14,5,17,256,82.4,5,50,0.1,0.0588,0.0,5.0,2.0,8.0,113.0,82.1,36.0,0.0,1.0,9.0,2.0,9.0,143.0,82.6,51.0,0.1111,72.4,22.4,61.7,1011.1,0.0,16.9,10.5,251.0,W,5.5,-0.29,10.64
716476,2023-09-22,2023,STL,2023-09-22 18:40:00,18,4,2,6,3,16,5,19,269,85.8,3,51,0.0588,0.1579,2.0,4.0,1.0,11.0,111.0,88.5,34.0,0.1818,1.0,12.0,4.0,8.0,158.0,83.7,44.0,0.125,68.1,20.0,74.0,1013.1,0.0,10.7,6.6,343.7,N,-10.24,-10.64,-8.6
716457,2023-09-23,2023,STL,2023-09-23 17:40:00,17,2,5,7,0,14,19,12,379,80.4,2,57,0.0351,0.0,0.0,5.0,10.0,6.0,194.0,83.1,53.0,0.0,0.0,9.0,6.0,6.0,185.0,77.7,54.0,0.0,69.0,20.5,70.7,1013.7,0.0,14.9,9.3,293.3,NW,-5.9,-10.23,-0.87
716444,2023-09-24,2023,STL,2023-09-24 13:10:00,13,12,2,14,3,14,5,24,294,84.9,5,60,0.0833,0.125,2.0,5.0,2.0,18.0,156.0,86.5,52.0,0.1111,1.0,9.0,3.0,6.0,138.0,82.6,35.0,0.1667,74.1,23.4,59.3,1014.1,0.0,19.2,11.9,284.0,W,-4.64,-10.72,2.0
745444,2024-03-20,2024,LAD,2024-03-20 03:05:00,3,2,5,7,0,13,13,11,304,83.6,2,52,0.0385,0.0,0.0,6.0,4.0,4.0,127.0,83.5,38.0,0.0,0.0,7.0,9.0,7.0,177.0,83.6,51.0,0.0,54.4,12.5,87.7,1014.7,0.0,6.6,4.1,69.0,E,-2.35,-0.11,-4.31
745445,2024-03-28,2024,SF,2024-03-28 13:10:00,13,6,4,10,1,17,4,18,272,80.3,1,49,0.0204,0.0556,0.0,7.0,2.0,9.0,141.0,75.9,44.0,0.0,1.0,10.0,1.0,9.0,131.0,84.9,42.0,0.1111,62.7,17.0,68.7,1016.4,0.0,20.9,13.0,295.3,NW,-8.96,-14.89,-1.94
745435,2024-03-29,2024,SF,2024-03-29 18:40:00,18,3,8,11,5,12,2,22,280,86.8,8,59,0.1356,0.2273,3.0,5.0,0.0,9.0,123.0,87.4,44.0,0.3333,2.0,7.0,2.0,13.0,157.0,86.3,50.0,0.1538,56.8,13.8,66.3,1011.9,0.0,12.1,7.5,183.0,S,12.08,11.14,11.57
745436,2024-03-30,2024,SF,2024-03-30 16:15:00,16,6,9,15,4,20,8,16,329,83.5,6,51,0.1176,0.25,2.0,10.0,5.0,7.0,165.0,82.6,49.0,0.2857,2.0,10.0,3.0,9.0,164.0,84.4,51.0,0.2222,54.4,12.5,77.7,1007.0,0.2,12.6,7.8,171.6,S,12.47,12.34,11.09
745438,2024-03-31,2024,SF,2024-03-31 13:10:00,13,13,4,17,3,16,12,21,311,83.5,4,55,0.0727,0.1429,2.0,7.0,4.0,16.0,162.0,83.5,56.0,0.125,1.0,9.0,8.0,5.0,149.0,83.4,40.0,0.2,59.8,15.4,68.0,1007.5,0.3,35.0,21.7,177.3,S,34.93,33.38,32.27
745437,2024-04-01,2024,STL,2024-04-01 18:40:00,18,2,6,8,4,18,5,19,282,81.4,5,53,0.0943,0.2105,2.0,5.0,2.0,5.0,109.0,85.7,38.0,0.4,2.0,13.0,3.0,14.0,173.0,78.6,59.0,0.1429,57.7,14.3,82.3,1017.1,0.0,10.2,6.3,317.2,NW,-7.48,-9.4,-4.66
745439,2024-04-02,2024,STL,2024-04-02 18:40:00,18,2,5,7,1,14,6,15,247,82.1,3,54,0.0556,0.0667,0.0,7.0,2.0,9.0,122.0,79.7,46.0,0.0,1.0,7.0,4.0,6.0,125.0,85.1,37.0,0.1667,60.8,16.0,84.0,1022.9,0.0,6.5,4.0,306.9,NW,-3.9,-5.45,-1.89
745440,2024-04-03,2024,STL,2024-04-03 13:10:00,13,3,2,5,1,21,9,13,304,80.0,1,38,0.0263,0.0769,1.0,10.0,4.0,7.0,149.0,81.1,48.0,0.1429,0.0,11.0,4.0,6.0,155.0,78.7,38.0,0.0,65.4,18.6,74.7,1019.1,0.0,16.9,10.5,287.3,W,-5.03,-10.23,0.78
745432,2024-04-08,2024,CHC,2024-04-08 18:40:00,18,9,8,17,3,19,12,17,318,83.8,4,46,0.087,0.1765,3.0,9.0,6.0,9.0,165.0,83.9,50.0,0.3333,0.0,10.0,6.0,8.0,153.0,83.6,45.0,0.0,58.5,14.7,76.3,1013.8,0.0,9.8,6.1,319.1,NW,-7.4,-9.15,-4.76
745433,2024-04-09,2024,CHC,2024-04-09 19:05:00,19,1,5,6,3,22,5,13,321,80.4,4,42,0.0952,0.2308,1.0,11.0,2.0,4.0,154.0,79.1,42.0,0.25,2.0,11.0,3.0,9.0,167.0,81.2,60.0,0.2222,62.5,16.9,61.7,1016.8,0.0,11.4,7.1,1.2,N,-11.43,-10.66,-10.82
745429,2024-04-10,2024,CHC,2024-04-10 15:40:00,15,10,2,12,3,16,7,15,293,81.7,4,49,0.0816,0.2,2.0,7.0,4.0,12.0,156.0,80.1,66.0,0.1667,1.0,9.0,3.0,3.0,137.0,84.0,44.0,0.3333,71.2,21.8,46.7,1015.2,0.0,12.6,7.8,286.7,W,-3.61,-7.52,0.73
745430,2024-04-19,2024,TOR,2024-04-19 18:40:00,18,1,5,6,2,23,3,16,322,78.5,7,46,0.1522,0.125,1.0,14.0,2.0,5.0,161.0,77.6,60.0,0.2,1.0,9.0,1.0,11.0,161.0,79.5,57.0,0.0909,60.0,15.6,73.7,1013.5,0.0,10.3,6.4,291.9,W,-3.83,-6.86,-0.34
745431,2024-04-20,2024,TOR,2024-04-20 17:40:00,17,2,5,7,1,12,4,17,273,84.0,4,58,0.069,0.0588,0.0,8.0,3.0,9.0,135.0,84.0,53.0,0.0,1.0,4.0,1.0,8.0,138.0,84.0,51.0,0.125,62.4,16.9,70.0,1014.5,0.0,15.7,9.8,279.3,W,-2.55,-7.71,2.91
745434,2024-04-21,2024,TOR,2024-04-21 13:10:00,13,6,3,9,3,10,9,12,271,81.7,5,48,0.1042,0.25,1.0,6.0,9.0,6.0,158.0,83.5,41.0,0.1667,2.0,4.0,0.0,6.0,113.0,80.1,46.0,0.3333,66.4,19.1,67.3,1013.6,0.0,14.0,8.7,256.7,W,3.22,-1.62,7.67
745424,2024-04-26,2024,PHI,2024-04-26 18:40:00,18,3,9,12,6,19,5,20,296,85.5,8,54,0.1481,0.3,1.0,11.0,1.0,7.0,117.0,84.0,42.0,0.1429,5.0,8.0,4.0,13.0,179.0,86.6,57.0,0.3846,59.9,15.5,70.0,1012.8,0.1,15.6,9.7,266.3,W,1.0,-4.38,6.25
745425,2024-04-27,2024,PHI,2024-04-27 17:40:00,17,1,5,6,2,21,3,11,249,80.2,5,43,0.1163,0.1818,1.0,11.0,0.0,3.0,111.0,82.1,38.0,0.3333,1.0,10.0,3.0,8.0,138.0,78.5,43.0,0.125,62.8,17.1,67.0,1014.8,0.0,13.4,8.3,275.0,W,-1.17,-5.68,3.48
745428,2024-04-28,2024,PHI,2024-04-28 13:10:00,13,6,8,14,5,14,6,21,277,85.5,9,57,0.1579,0.2381,2.0,6.0,2.0,9.0,121.0,85.7,49.0,0.2222,3.0,8.0,4.0,12.0,156.0,85.3,48.0,0.25,67.0,19.4,59.0,1014.7,0.0,16.9,10.5,249.0,W,6.05,0.29,11.07
745427,2024-04-29,2024,CIN,2024-04-29 18:40:00,18,2,5,7,2,20,3,12,276,80.6,2,45,0.0444,0.1667,1.0,14.0,2.0,4.0,136.0,79.7,42.0,0.25,1.0,6.0,1.0,8.0,140.0,81.3,52.0,0.125,62.7,17.0,78.7,1009.8,0.0,8.4,5.2,242.7,SW,3.85,1.06,6.17
745426,2024-04-30,2024,CIN,2024-04-30 18:40:00,18,6,4,10,2,15,2,18,266,80.6,3,56,0.0536,0.1111,0.0,6.0,2.0,10.0,137.0,79.6,55.0,0.0,2.0,9.0,0.0,8.0,129.0,81.6,52.0,0.25,61.0,16.1,79.0,1010.1,0.0,12.7,7.9,211.4,SW,10.84,7.93,12.45
745423,2024-05-01,2024,CIN,2024-05-01 13:10:00,13,6,2,8,2,18,5,12,264,82.4,3,45,0.0667,0.1667,1.0,6.0,3.0,8.0,133.0,82.6,42.0,0.125,1.0,12.0,2.0,4.0,131.0,82.2,42.0,0.25,67.5,19.7,58.7,1009.1,0.0,18.7,11.6,239.7,SW,9.44,3.35,14.39
745421,2024-05-10,2024,LAD,2024-05-10 18:40:00,18,2,1,3,1,24,6,7,254,80.4,1,33,0.0303,0.1429,1.0,13.0,2.0,3.0,120.0,80.6,42.0,0.3333,0.0,11.0,3.0,4.0,134.0,80.1,35.0,0.0,61.9,16.6,72.7,1012.8,0.0,14.8,9.2,288.4,W,-4.65,-9.16,0.42
745422,2024-05-11,2024,LAD,2024-05-11 17:40:00,17,0,5,5,2,16,6,11,293,81.7,4,49,0.0816,0.1818,0.0,6.0,0.0,6.0,137.0,83.1,52.0,0.0,2.0,10.0,5.0,5.0,156.0,79.9,42.0,0.4,62.7,17.1,73.7,1012.3,0.0,13.0,8.1,265.9,W,0.92,-3.56,5.29
745419,2024-05-12,2024,LAD,2024-05-12 13:10:00,13,4,0,4,3,14,3,13,295,80.3,3,50,0.06,0.2308,3.0,5.0,2.0,9.0,150.0,80.2,59.0,0.3333,0.0,9.0,1.0,4.0,145.0,80.5,55.0,0.0,69.4,20.8,57.7,1012.1,0.0,17.9,11.1,262.0,W,2.5,-3.73,8.42
745420,2024-05-13,2024,COL,2024-05-13 18:40:00,18,4,5,9,3,10,12,13,301,81.5,6,55,0.1091,0.2308,3.0,4.0,11.0,4.0,160.0,87.5,42.0,0.75,0.0,6.0,1.0,9.0,141.0,77.0,56.0,0.0,61.6,16.5,74.7,1012.9,0.0,12.7,7.9,297.7,NW,-5.88,-9.36,-1.69
745418,2024-05-14,2024,COL,2024-05-14 18:40:00,18,3,6,9,2,19,5,21,295,81.3,1,51,0.0196,0.0952,0.0,6.0,4.0,11.0,145.0,84.1,50.0,0.0,2.0,13.0,1.0,10.0,150.0,78.7,54.0,0.2,61.0,16.1,73.0,1012.1,0.0,11.0,6.8,233.0,SW,6.62,3.22,9.23
745417,2024-05-15,2024,COL,2024-05-15 13:10:00,13,0,8,8,2,18,6,16,286,80.9,3,51,0.0588,0.125,0.0,9.0,4.0,4.0,147.0,81.1,42.0,0.0,2.0,9.0,2.0,12.0,139.0,80.8,51.0,0.1667,65.8,18.8,62.0,1012.0,0.0,14.2,8.8,261.3,W,2.14,-2.8,6.83
745415,2024-05-24,2024,NYY,2024-05-24 18:40:00,18,0,8,8,4,13,5,13,272,84.8,5,52,0.0962,0.3077,0.0,6.0,3.0,3.0,130.0,83.5,44.0,0.0,4.0,7.0,2.0,10.0,142.0,85.9,53.0,0.4,61.9,16.6,71.3,1012.4,0.0,14.0,8.7,263.0,W,1.71,-3.16,6.37
745411,2024-05-25,2024,NYY,2024-05-25 18:40:00,18,1,4,5,2,20,4,13,288,83.0,4,47,0.0851,0.1538,1.0,7.0,3.0,4.0,139.0,82.3,49.0,0.25,1.0,13.0,1.0,9.0,149.0,83.8,44.0,0.1111,60.1,15.6,73.3,1015.0,0.0,9.6,6.0,259.7,W,1.73,-1.62,4.86
745413,2024-05-26,2024,NYY,2024-05-26 13:10:00,13,5,2,7,1,19,7,17,314,82.5,5,47,0.1064,0.0588,,,,,,,,,,,,,,,,,65.6,18.7,59.3,1015.8,0.0,17.0,10.6,263.7,W,1.88,-4.02,7.56
745416,2024-05-27,2024,MIA,2024-05-27 15:40:00,15,2,1,3,2,15,5,12,291,81.5,2,48,0.0417,0.1667,,,,,,,,,,,,,,,,,66.3,19.1,64.3,1015.7,0.0,18.9,11.7,276.7,W,-2.19,-8.48,4.36
745412,2024-05-28,2024,MIA,2024-05-28 18:40:00,18,4,0,4,1,17,2,15,231,83.8,2,48,0.0417,0.0667,,,,,,,,,,,,,,,,,62.1,16.7,76.7,1016.1,0.0,11.0,6.8,277.7,W,-1.47,-5.11,2.35
745414,2024-05-29,2024,MIA,2024-05-29 13:10:00,13,1,9,10,2,8,3,24,308,85.3,4,69,0.058,0.0833,,,,,,,,,,,,,,,,,67.2,19.6,61.7,1015.3,0.0,17.0,10.6,232.0,SW,10.47,5.25,14.42
745408,2024-06-06,2024,AZ,2024-06-06 18:40:00,18,3,4,7,3,10,6,19,295,82.2,8,62,0.129,0.1579,,,,,,,,,,,,,,,,,65.3,18.5,77.7,1010.3,0.0,9.5,5.9,269.7,W,0.06,-3.2,3.3
745406,2024-06-07,2024,AZ,2024-06-07 18:40:00,18,10,3,13,5,18,5,23,325,82.0,5,56,0.0893,0.2174,,,,,,,,,,,,,,,,,63.7,17.6,78.3,1011.3,0.0,11.3,7.0,241.3,SW,5.44,1.71,8.51
745410,2024-06-08,2024,AZ,2024-06-08 17:40:00,17,13,1,14,3,11,9,19,326,82.8,6,60,0.1,0.1579,,,,,,,,,,,,,,,,,65.9,18.8,73.0,1012.4,0.0,13.5,8.4,241.0,SW,6.54,2.11,10.19
745407,2024-06-09,2024,AZ,2024-06-09 13:10:00,13,3,9,12,3,12,7,22,325,82.2,2,62,0.0323,0.1364,2.0,6.0,3.0,7.0,144.0,81.0,55.0,0.2857,1.0,6.0,4.0,15.0,181.0,83.2,68.0,0.0667,69.1,20.6,58.3,1013.8,0.0,18.0,11.2,236.7,SW,9.87,4.14,14.41
745409,2024-06-10,2024,ATH,2024-06-10 18:40:00,18,6,1,7,3,22,8,18,323,82.4,7,46,0.1522,0.1667,2.0,6.0,5.0,10.0,165.0,81.8,59.0,0.2,1.0,16.0,3.0,8.0,158.0,83.1,45.0,0.125,64.9,18.3,75.7,1011.5,0.0,13.1,8.2,270.7,W,-0.15,-4.63,4.35
745404,2024-06-11,2024,ATH,2024-06-11 18:40:00,18,4,3,7,3,11,8,19,275,84.6,6,54,0.1111,0.1579,1.0,3.0,4.0,10.0,136.0,87.4,37.0,0.1,2.0,8.0,3.0,9.0,139.0,82.6,51.0,0.2222,63.9,17.7,78.3,1011.5,0.0,12.0,7.5,242.3,SW,5.59,1.6,8.9
745405,2024-06-12,2024,ATH,2024-06-12 13:10:00,13,5,4,9,4,28,6,16,321,81.4,4,41,0.0976,0.25,4.0,10.0,2.0,6.0,140.0,85.8,40.0,0.6667,0.0,18.0,4.0,10.0,181.0,77.8,48.0,0.0,71.8,22.1,57.7,1013.9,0.0,16.6,10.3,258.0,W,3.45,-2.31,8.8
745401,2024-06-20,2024,MIL,2024-06-20 18:40:00,18,7,6,13,5,18,12,19,350,84.2,3,54,0.0556,0.2632,4.0,9.0,3.0,10.0,157.0,85.0,55.0,0.4,1.0,9.0,8.0,9.0,193.0,83.5,67.0,0.1111,66.5,19.2,76.0,1007.3,0.0,15.3,9.5,298.3,NW,-7.28,-11.45,-2.22
745403,2024-06-21,2024,MIL,2024-06-21 18:40:00,18,9,5,14,2,17,7,26,330,81.3,2,58,0.0345,0.0769,2.0,2.0,4.0,15.0,139.0,84.1,54.0,0.1333,0.0,15.0,3.0,11.0,191.0,78.6,56.0,0.0,68.0,20.0,70.0,1006.3,0.0,9.9,6.2,277.3,W,-1.27,-4.56,2.18
745402,2024-06-22,2024,MIL,2024-06-22 16:15:00,16,6,4,10,4,11,5,20,293,81.4,3,54,0.0556,0.2,3.0,4.0,1.0,10.0,121.0,84.5,47.0,0.3,1.0,7.0,4.0,10.0,172.0,79.0,62.0,0.1,74.4,23.6,60.7,1008.9,0.0,14.6,9.1,273.0,W,-0.76,-5.69,4.26
745396,2024-06-23,2024,MIL,2024-06-23 13:10:00,13,2,6,8,0,16,1,22,276,81.7,5,58,0.0862,0.0,0.0,6.0,0.0,8.0,132.0,81.6,53.0,0.0,0.0,10.0,1.0,14.0,144.0,82.2,52.0,0.0,77.2,25.1,58.0,1011.7,0.0,15.8,9.8,235.0,SW,9.04,4.08,12.92
745397,2024-06-24,2024,WSH,2024-06-24 18:40:00,18,7,6,13,1,17,4,19,324,80.4,0,60,0.0,0.0526,0.0,6.0,1.0,8.0,146.0,81.7,52.0,0.0,1.0,11.0,2.0,11.0,178.0,79.3,61.0,0.0909,71.0,21.7,63.0,1011.3,0.0,10.5,6.5,255.7,W,2.61,-1.04,5.94
745399,2024-06-25,2024,WSH,2024-06-25 18:40:00,18,9,7,16,3,5,5,18,276,84.0,1,64,0.0156,0.1667,2.0,4.0,3.0,9.0,151.0,82.3,56.0,0.2222,1.0,1.0,2.0,9.0,125.0,86.1,48.0,0.1111,69.4,20.8,75.3,1012.9,0.0,11.6,7.2,245.7,SW,4.78,0.88,8.11
745400,2024-06-26,2024,WSH,2024-06-26 13:10:00,13,8,5,13,2,15,7,14,276,83.1,3,48,0.0625,0.1429,2.0,5.0,4.0,9.0,137.0,83.0,49.0,0.2222,0.0,10.0,3.0,5.0,139.0,83.1,40.0,0.0,73.5,23.0,62.3,1013.3,0.0,17.7,11.0,244.3,SW,7.68,1.75,12.68
745398,2024-07-05,2024,AZ,2024-07-05 18:40:00,18,10,8,18,6,11,5,26,304,84.3,7,64,0.1094,0.2308,3.0,2.0,3.0,14.0,147.0,83.9,60.0,0.2143,3.0,9.0,2.0,12.0,157.0,84.7,53.0,0.25,70.2,21.2,79.0,1007.5,0.0,11.7,7.3,216.3,SW,9.43,6.49,11.23
745395,2024-07-06,2024,AZ,2024-07-06 18:40:00,18,5,7,12,1,24,6,23,349,79.5,4,58,0.069,0.0435,0.0,14.0,2.0,14.0,173.0,82.9,55.0,0.0,1.0,10.0,4.0,9.0,176.0,76.5,61.0,0.1111,69.9,21.0,78.7,1009.8,0.0,10.7,6.6,211.7,SW,9.11,6.63,10.48
745391,2024-07-07,2024,AZ,2024-07-07 13:10:00,13,1,9,10,3,13,3,16,279,82.9,3,54,0.0556,0.1875,1.0,5.0,1.0,4.0,122.0,81.5,52.0,0.25,2.0,8.0,2.0,12.0,157.0,84.3,52.0,0.1667,74.0,23.3,67.3,1012.4,0.0,16.7,10.4,236.0,SW,9.34,4.04,13.51
745393,2024-07-09,2024,SEA,2024-07-09 18:40:00,18,3,8,11,5,18,3,17,272,83.4,4,50,0.08,0.2941,2.0,7.0,1.0,4.0,104.0,83.6,36.0,0.5,3.0,11.0,2.0,13.0,168.0,83.2,52.0,0.2308,69.5,20.8,77.0,1008.2,0.0,11.1,6.9,277.0,W,-1.34,-5.02,2.49
745394,2024-07-10,2024,SEA,2024-07-10 15:40:00,15,0,2,2,0,17,6,10,287,81.4,0,45,0.0,0.0,0.0,4.0,3.0,6.0,139.0,83.8,51.0,0.0,0.0,13.0,3.0,4.0,148.0,79.0,52.0,0.0,74.4,23.5,69.3,1010.1,0.0,16.3,10.1,226.7,SW,11.19,6.46,14.57
745390,2024-07-12,2024,ATL,2024-07-12 18:40:00,18,1,6,7,3,9,2,14,249,84.4,3,57,0.0526,0.2143,0.0,6.0,1.0,5.0,131.0,83.3,51.0,0.0,3.0,3.0,1.0,9.0,118.0,85.7,45.0,0.3333,70.6,21.4,76.0,1009.8,0.0,12.2,7.6,299.8,NW,-6.07,-9.32,-2.09
745392,2024-07-13,2024,ATL,2024-07-13 16:15:00,16,4,0,4,1,19,3,18,284,81.7,2,47,0.0426,0.0556,1.0,5.0,0.0,13.0,129.0,83.4,50.0,0.0769,0.0,14.0,3.0,5.0,155.0,79.6,42.0,0.0,73.1,22.8,67.7,1013.4,0.0,14.0,8.7,247.0,SW,5.46,0.73,9.53
745385,2024-07-14,2024,ATL,2024-07-14 13:10:00,13,3,6,9,3,16,5,17,286,84.7,7,53,0.1321,0.1765,1.0,6.0,3.0,8.0,140.0,83.3,49.0,0.125,2.0,10.0,2.0,9.0,146.0,86.1,48.0,0.2222,74.8,23.8,65.3,1016.3,0.0,17.5,10.9,256.3,W,4.14,-1.93,9.72
745389,2024-07-30,2024,LAD,2024-07-30 18:40:00,18,6,5,11,4,24,8,16,315,80.4,4,49,0.0816,0.25,3.0,11.0,2.0,9.0,151.0,80.5,45.0,0.3333,1.0,13.0,4.0,7.0,164.0,80.3,44.0,0.1429,69.6,20.9,71.7,1011.2,0.0,8.9,5.6,285.0,W,-2.31,-5.13,0.78
745386,2024-07-31,2024,LAD,2024-07-31 17:40:00,17,8,1,9,1,16,6,15,301,78.4,2,50,0.04,0.0667,1.0,5.0,3.0,12.0,164.0,78.2,65.0,0.0833,0.0,11.0,3.0,3.0,137.0,78.8,38.0,0.0,72.4,22.4,62.0,1011.3,0.0,14.9,9.2,283.0,W,-3.34,-8.1,1.81
745387,2024-08-02,2024,COL,2024-08-02 18:40:00,18,2,5,7,3,17,6,13,293,80.8,5,49,0.102,0.2308,2.0,7.0,2.0,5.0,133.0,81.3,53.0,0.4,1.0,10.0,4.0,8.0,160.0,80.4,54.0,0.125,75.5,24.2,58.0,1013.5,0.0,13.0,8.1,298.7,NW,-6.22,-9.74,-1.95
745388,2024-08-03,2024,COL,2024-08-03 17:40:00,17,3,2,5,2,16,1,10,228,82.9,1,45,0.0222,0.2,0.0,5.0,1.0,5.0,114.0,82.1,48.0,0.0,2.0,11.0,0.0,5.0,114.0,83.9,41.0,0.4,74.7,23.7,62.7,1010.7,0.0,14.3,8.9,288.3,W,-4.5,-8.87,0.42
745384,2024-08-04,2024,COL,2024-08-04 13:10:00,13,10,2,12,5,16,8,17,282,82.3,5,49,0.102,0.2941,3.0,4.0,6.0,12.0,165.0,81.8,64.0,0.25,2.0,12.0,2.0,5.0,117.0,83.1,32.0,0.4,78.7,25.9,59.3,1010.1,0.0,18.1,11.2,281.7,W,-3.66,-9.5,2.62
745383,2024-08-12,2024,PIT,2024-08-12 18:40:00,18,2,1,3,0,10,3,13,251,84.7,1,52,0.0192,0.0,0.0,4.0,0.0,6.0,114.0,85.3,40.0,0.0,0.0,6.0,3.0,7.0,137.0,84.1,44.0,0.0,73.8,23.2,78.0,1010.8,0.0,9.3,5.8,275.3,W,-0.87,-4.0,2.36
745382,2024-08-13,2024,PIT,2024-08-13 18:40:00,18,3,0,3,1,21,2,16,281,82.1,2,42,0.0476,0.0625,1.0,6.0,2.0,7.0,143.0,85.9,49.0,0.1429,0.0,15.0,0.0,9.0,138.0,76.9,37.0,0.0,72.0,22.2,79.0,1011.7,0.0,9.5,5.9,242.3,SW,4.41,1.27,7.02
745381,2024-08-14,2024,PIT,2024-08-14 13:10:00,13,8,2,10,3,17,4,18,288,82.3,4,53,0.0755,0.1667,2.0,3.0,2.0,10.0,131.0,83.7,51.0,0.2,1.0,14.0,2.0,8.0,157.0,80.8,49.0,0.125,77.8,25.5,61.3,1013.5,0.0,17.2,10.7,234.3,SW,10.03,4.64,14.2
745380,2024-08-19,2024,MIN,2024-08-19 18:40:00,18,5,3,8,0,12,6,9,260,85.2,2,48,0.0417,0.0,0.0,3.0,2.0,4.0,128.0,85.2,54.0,0.0,0.0,9.0,4.0,5.0,132.0,85.1,39.0,0.0,73.8,23.2,71.7,1012.0,0.0,14.0,8.7,307.3,NW,-8.51,-11.81,-4.18
745374,2024-08-20,2024,MIN,2024-08-20 18:40:00,18,7,5,12,3,12,1,23,264,85.2,3,58,0.0517,0.1304,2.0,7.0,0.0,10.0,122.0,87.9,44.0,0.2,1.0,5.0,1.0,13.0,142.0,82.9,52.0,0.0769,75.5,24.2,58.7,1011.5,0.0,10.2,6.3,290.0,W,-3.49,-6.56,-0.0
745375,2024-08-21,2024,MIN,2024-08-21 15:40:00,15,4,11,15,3,21,3,26,336,78.2,5,58,0.0862,0.1154,2.0,12.0,2.0,8.0,165.0,77.6,64.0,0.25,1.0,9.0,1.0,18.0,171.0,78.8,72.0,0.0556,77.2,25.1,63.7,1012.0,0.0,18.2,11.3,212.3,SW,15.38,11.12,17.78
745379,2024-08-22,2024,NYM,2024-08-22 18:40:00,18,3,8,11,0,18,8,24,330,82.2,2,56,0.0357,0.0,0.0,7.0,7.0,7.0,172.0,79.6,59.0,0.0,0.0,11.0,1.0,17.0,158.0,84.5,66.0,0.0,70.9,21.6,77.7,1011.7,0.0,12.5,7.7,290.7,W,-4.4,-8.12,-0.15
745378,2024-08-23,2024,NYM,2024-08-23 18:40:00,18,7,0,7,2,20,2,18,274,82.8,3,48,0.0625,0.1111,2.0,6.0,2.0,16.0,161.0,83.5,58.0,0.125,0.0,14.0,0.0,2.0,113.0,81.3,32.0,0.0,69.8,21.0,74.7,1013.3,0.0,10.4,6.5,249.6,W,3.62,0.07,6.74
745377,2024-08-24,2024,NYM,2024-08-24 17:40:00,17,1,7,8,3,16,5,11,256,83.6,4,51,0.0784,0.2727,0.0,5.0,2.0,6.0,125.0,82.7,50.0,0.0,3.0,11.0,3.0,5.0,131.0,84.7,39.0,0.6,70.4,21.3,70.7,1014.7,0.0,11.2,7.0,255.3,W,2.84,-1.04,6.37
745376,2024-08-25,2024,NYM,2024-08-25 13:10:00,13,3,2,5,4,13,6,14,303,83.7,5,51,0.098,0.2857,2.0,2.0,3.0,7.0,147.0,84.4,55.0,0.2857,2.0,11.0,3.0,7.0,156.0,82.8,46.0,0.2857,77.1,25.1,51.3,1015.3,0.0,19.0,11.8,265.0,W,1.66,-4.92,8.03
745373,2024-09-02,2024,DET,2024-09-02 15:40:00,15,3,0,3,0,14,2,14,256,83.1,3,50,0.06,0.0,0.0,4.0,0.0,8.0,122.0,83.5,51.0,0.0,0.0,10.0,2.0,6.0,134.0,82.6,45.0,0.0,74.8,23.8,69.0,1011.0,0.0,15.5,9.6,229.0,SW,10.15,5.54,13.53
745370,2024-09-04,2024,DET,2024-09-04 18:40:00,18,6,5,11,3,19,14,17,367,81.3,3,57,0.0526,0.1765,1.0,7.0,7.0,10.0,173.0,81.2,64.0,0.1,2.0,12.0,6.0,7.0,194.0,81.4,62.0,0.2857,75.6,24.2,72.3,1010.7,0.0,9.3,5.8,266.3,W,0.59,-2.61,3.72
745369,2024-09-05,2024,DET,2024-09-05 17:40:00,17,3,4,7,3,11,4,15,254,83.6,2,56,0.0357,0.2,2.0,3.0,1.0,7.0,127.0,84.8,44.0,0.2857,1.0,8.0,3.0,8.0,127.0,82.3,42.0,0.125,82.5,28.0,55.7,1008.3,0.0,9.6,5.9,257.8,W,2.03,-1.29,5.1
745371,2024-09-06,2024,SF,2024-09-06 18:40:00,18,5,1,6,3,20,2,15,285,82.7,2,46,0.0435,0.2,2.0,9.0,1.0,9.0,147.0,82.2,58.0,0.2222,1.0,11.0,1.0,6.0,138.0,83.3,38.0,0.1667,74.8,23.8,74.7,1008.4,0.0,7.1,4.4,214.4,SW,5.83,4.12,6.85
745372,2024-09-07,2024,SF,2024-09-07 17:40:00,17,3,6,9,2,11,5,19,268,85.1,4,57,0.0702,0.1053,0.0,5.0,2.0,11.0,119.0,84.4,45.0,0.0,2.0,6.0,3.0,8.0,149.0,85.8,45.0,0.25,85.2,29.5,51.7,1005.3,0.0,10.4,6.5,264.3,W,1.03,-2.57,4.51
745368,2024-09-08,2024,SF,2024-09-08 13:10:00,13,6,7,13,6,18,7,17,308,82.0,4,52,0.0769,0.3529,2.0,4.0,5.0,8.0,167.0,80.2,55.0,0.25,4.0,14.0,2.0,9.0,141.0,84.5,42.0,0.4444,90.4,32.5,42.7,1006.2,0.0,15.1,9.4,264.2,W,1.54,-3.69,6.58
745367,2024-09-16,2024,HOU,2024-09-16 18:40:00,18,3,1,4,2,10,4,19,270,82.2,2,56,0.0357,0.1053,2.0,6.0,2.0,13.0,148.0,84.3,64.0,0.1538,0.0,4.0,2.0,6.0,122.0,79.4,49.0,0.0,66.9,19.4,63.3,1011.8,0.0,18.1,11.3,285.0,W,-4.69,-10.4,1.58
745366,2024-09-17,2024,HOU,2024-09-17 18:40:00,18,3,4,7,1,19,6,15,299,82.5,3,56,0.0536,0.0667,1.0,8.0,3.0,6.0,162.0,84.4,56.0,0.1667,0.0,11.0,2.0,9.0,137.0,80.5,52.0,0.0,67.0,19.4,65.7,1012.1,0.0,9.0,5.6,248.3,W,3.31,0.26,5.96
745365,2024-09-18,2024,HOU,2024-09-18 15:40:00,15,4,0,4,4,14,2,11,221,85.0,5,49,0.102,0.3636,4.0,8.0,2.0,9.0,112.0,82.8,38.0,0.4444,0.0,6.0,0.0,2.0,109.0,86.8,46.0,0.0,71.1,21.7,58.0,1009.4,0.0,17.0,10.5,246.0,SW,6.9,1.18,11.79
745364,2024-09-20,2024,CWS,2024-09-20 18:40:00,18,3,2,5,1,23,4,16,322,80.9,1,49,0.0204,0.0625,0.0,10.0,3.0,10.0,167.0,82.3,56.0,0.0,1.0,13.0,1.0,6.0,155.0,79.5,53.0,0.1667,67.0,19.5,72.7,1011.2,0.0,11.4,7.1,307.4,NW,-6.92,-9.6,-3.41
745360,2024-09-21,2024,CWS,2024-09-21 17:40:00,17,6,2,8,3,18,9,15,290,81.8,5,47,0.1064,0.2,3.0,6.0,3.0,11.0,146.0,84.2,49.0,0.2727,0.0,12.0,6.0,4.0,144.0,78.6,37.0,0.0,68.3,20.2,74.7,1011.3,0.0,15.4,9.5,290.0,W,-5.25,-9.88,0.0
745358,2024-09-22,2024,CWS,2024-09-22 13:10:00,13,4,2,6,4,23,2,10,255,79.6,5,38,0.1316,0.4,2.0,8.0,2.0,5.0,126.0,79.8,45.0,0.4,2.0,15.0,0.0,5.0,129.0,79.3,35.0,0.4,73.5,23.0,66.0,1010.7,0.0,19.3,12.0,291.3,W,-7.03,-12.77,-0.45
778545,2025-03-27,2025,ATL,2025-03-27 13:10:00,13,7,4,11,3,19,8,17,338,82.5,6,50,0.12,0.1765,1.0,9.0,1.0,10.0,143.0,83.5,47.0,0.1,2.0,10.0,6.0,7.0,195.0,81.7,62.0,0.2857,64.4,18.0,60.3,1017.2,0.0,12.9,8.0,288.0,W,-4.0,-7.96,0.45
778520,2025-03-29,2025,ATL,2025-03-29 16:15:00,16,1,0,1,0,12,7,9,258,80.2,1,44,0.0227,0.0,0.0,7.0,1.0,4.0,124.0,79.1,37.0,0.0,0.0,5.0,5.0,5.0,134.0,81.2,38.0,0.0,61.7,16.5,63.0,1014.0,0.0,11.2,7.0,244.7,SW,4.79,1.04,7.96
778514,2025-03-30,2025,ATL,2025-03-30 16:10:00,16,5,0,5,0,17,7,10,253,82.3,5,40,0.125,0.0,0.0,9.0,6.0,9.0,146.0,84.3,31.0,0.0,0.0,8.0,1.0,1.0,107.0,80.4,32.0,0.0,62.9,17.2,50.7,1017.8,0.0,11.4,7.1,279.3,W,-1.84,-5.57,2.1
778499,2025-03-31,2025,CLE,2025-03-31 18:40:00,18,7,2,9,2,12,6,20,277,83.8,4,55,0.0727,0.1,0.0,4.0,5.0,12.0,134.0,85.1,51.0,0.0,2.0,8.0,1.0,8.0,143.0,82.3,46.0,0.25,59.1,15.1,92.3,1016.4,0.0,10.4,6.5,253.3,W,2.99,-0.61,6.23
778485,2025-04-01,2025,CLE,2025-04-01 18:40:00,18,7,0,7,1,19,10,12,296,79.4,2,41,0.0488,0.0833,1.0,3.0,7.0,10.0,145.0,78.0,50.0,0.1,0.0,16.0,3.0,2.0,151.0,81.7,30.0,0.0,56.5,13.6,67.7,1013.0,0.2,14.2,8.8,293.0,NW,-5.54,-9.66,-0.74
778476,2025-04-02,2025,CLE,2025-04-02 13:10:00,13,5,2,7,2,14,3,18,269,79.5,3,54,0.0556,0.1111,2.0,5.0,2.0,10.0,143.0,77.9,52.0,0.2,0.0,9.0,1.0,8.0,126.0,81.5,42.0,0.0,59.4,15.2,52.0,1010.7,0.0,19.0,11.8,277.0,W,-2.31,-8.61,4.27
778361,2025-04-11,2025,COL,2025-04-11 18:40:00,18,8,0,8,2,21,3,13,238,87.7,3,42,0.0714,0.1538,2.0,6.0,2.0,10.0,120.0,88.5,36.0,0.2,0.0,15.0,1.0,3.0,118.0,86.5,25.0,0.0,62.8,17.1,78.3,1013.2,0.0,5.9,3.7,228.0,SW,3.97,2.23,5.24
778352,2025-04-12,2025,COL,2025-04-12 17:40:00,17,2,0,2,2,17,4,7,241,81.4,6,39,0.1538,0.2857,2.0,8.0,3.0,3.0,125.0,81.2,39.0,0.6667,0.0,9.0,1.0,4.0,116.0,81.5,40.0,0.0,61.2,16.2,80.7,1012.7,0.0,7.8,4.8,219.7,SW,6.0,3.94,7.35
778330,2025-04-13,2025,COL,2025-04-13 13:10:00,13,6,0,6,0,11,7,13,254,81.8,0,49,0.0,0.0,0.0,3.0,6.0,11.0,144.0,82.1,55.0,0.0,0.0,8.0,1.0,2.0,110.0,81.4,32.0,0.0,65.2,18.5,63.0,1013.4,0.0,11.3,7.0,247.7,W,4.29,0.46,7.61
778315,2025-04-14,2025,CHC,2025-04-14 18:40:00,18,10,4,14,4,15,10,23,341,81.7,4,59,0.0678,0.1739,3.0,6.0,6.0,12.0,179.0,79.9,59.0,0.25,1.0,9.0,2.0,11.0,162.0,83.6,55.0,0.0909,58.5,14.7,73.7,1015.2,0.0,7.5,4.7,279.7,W,-1.26,-3.73,1.35
778305,2025-04-15,2025,CHC,2025-04-15 18:40:00,18,1,2,3,1,19,7,15,312,83.1,2,57,0.0351,0.0667,1.0,11.0,3.0,5.0,159.0,83.5,60.0,0.2,0.0,8.0,3.0,10.0,153.0,82.6,60.0,0.0,58.1,14.5,66.0,1014.7,0.0,6.7,4.1,293.6,NW,-2.67,-4.6,-0.42
778288,2025-04-16,2025,CHC,2025-04-16 13:10:00,13,4,2,6,1,13,8,13,284,80.7,3,49,0.0612,0.0769,0.0,4.0,7.0,7.0,160.0,81.3,64.0,0.0,1.0,9.0,1.0,6.0,124.0,79.8,45.0,0.1667,64.8,18.2,50.3,1014.5,0.0,10.2,6.4,253.0,W,2.99,-0.53,6.16
778172,2025-04-25,2025,TB,2025-04-25 18:40:00,18,0,1,1,0,26,2,11,274,80.5,2,38,0.0526,0.0,0.0,9.0,1.0,5.0,128.0,83.9,37.0,0.0,0.0,17.0,1.0,6.0,146.0,77.2,39.0,0.0,58.8,14.9,57.3,1014.2,0.0,8.5,5.3,273.3,W,-0.49,-3.35,2.43
778160,2025-04-26,2025,TB,2025-04-26 17:40:00,17,1,4,5,1,16,9,14,296,84.4,4,50,0.08,0.0714,0.0,6.0,3.0,5.0,120.0,85.3,40.0,0.0,1.0,10.0,6.0,9.0,176.0,83.7,52.0,0.1111,59.4,15.2,56.3,1014.4,0.2,14.2,8.8,263.3,W,1.65,-3.28,6.39
778146,2025-04-27,2025,TB,2025-04-27 13:10:00,13,2,4,6,1,9,5,15,267,80.2,5,56,0.0893,0.0667,0.0,4.0,3.0,5.0,125.0,80.9,46.0,0.0,1.0,5.0,2.0,10.0,142.0,79.7,51.0,0.1,63.9,17.7,44.3,1017.8,0.0,12.4,7.7,273.0,W,-0.65,-4.85,3.63
778126,2025-04-29,2025,SF,2025-04-29 18:40:00,18,7,4,11,2,22,2,18,279,85.8,6,47,0.1277,0.1111,1.0,8.0,1.0,11.0,138.0,84.7,46.0,0.0909,1.0,14.0,1.0,7.0,141.0,87.0,42.0,0.1429,59.7,15.4,81.7,1015.7,0.0,6.5,4.1,257.7,W,1.39,-0.87,3.49
778105,2025-04-30,2025,SF,2025-04-30 13:10:00,13,5,3,8,3,18,7,15,293,82.2,4,45,0.0889,0.2,1.0,6.0,4.0,10.0,143.0,83.6,41.0,0.1,2.0,12.0,3.0,5.0,150.0,81.0,46.0,0.4,66.3,19.0,62.7,1014.6,0.0,11.2,6.9,263.7,W,1.23,-2.64,4.95
777947,2025-05-12,2025,LAA,2025-05-12 18:40:00,18,5,9,14,3,22,9,16,322,82.0,4,47,0.0851,0.1875,1.0,6.0,2.0,9.0,144.0,81.4,52.0,0.1111,2.0,16.0,7.0,7.0,178.0,82.6,43.0,0.2857,62.2,16.8,68.0,1013.4,0.0,10.1,6.3,284.0,W,-2.44,-5.65,1.06
777932,2025-05-13,2025,LAA,2025-05-13 18:40:00,18,6,4,10,3,18,9,14,282,85.2,7,44,0.1591,0.2143,1.0,7.0,8.0,6.0,154.0,82.7,32.0,0.1667,2.0,11.0,1.0,8.0,128.0,87.4,34.0,0.25,61.2,16.2,60.0,1015.3,0.0,9.9,6.2,269.0,W,0.17,-3.23,3.55
777914,2025-05-14,2025,LAA,2025-05-14 18:40:00,18,5,1,6,2,15,7,11,261,84.2,3,47,0.0638,0.1818,1.0,8.0,4.0,7.0,136.0,83.6,38.0,0.1429,1.0,7.0,2.0,4.0,125.0,84.8,43.0,0.25,63.0,17.2,74.7,1015.1,0.0,8.3,5.2,258.7,W,1.63,-1.25,4.32
777896,2025-05-16,2025,SEA,2025-05-16 18:40:00,18,1,5,6,3,18,4,18,280,83.4,2,51,0.0392,0.1667,0.0,9.0,1.0,8.0,135.0,82.8,45.0,0.0,3.0,9.0,3.0,10.0,145.0,83.9,50.0,0.3,60.9,16.0,71.0,1013.2,0.0,6.2,3.9,242.0,SW,2.91,0.87,4.61
777875,2025-05-17,2025,SEA,2025-05-17 17:40:00,17,1,4,5,3,19,4,14,298,81.8,4,49,0.0816,0.2143,1.0,8.0,1.0,8.0,149.0,83.0,43.0,0.125,2.0,11.0,3.0,6.0,149.0,80.7,52.0,0.3333,60.1,15.6,74.7,1013.6,0.5,13.8,8.6,236.3,SW,7.65,3.26,11.12
777868,2025-05-18,2025,SEA,2025-05-18 13:10:00,13,1,6,7,2,17,7,15,288,82.0,6,51,0.1176,0.1333,1.0,5.0,2.0,7.0,124.0,83.5,53.0,0.1429,1.0,12.0,5.0,8.0,164.0,80.4,52.0,0.125,65.6,18.7,63.3,1013.9,0.0,10.8,6.7,246.0,SW,4.41,0.75,7.52
777756,2025-05-26,2025,MIA,2025-05-26 17:40:00,17,4,3,7,2,16,7,12,314,86.2,5,58,0.0862,0.1667,1.0,7.0,4.0,5.0,160.0,87.1,43.0,0.2,1.0,9.0,2.0,7.0,154.0,85.5,50.0,0.1429,65.2,18.5,68.7,1013.6,0.0,7.6,4.7,242.3,SW,3.55,1.02,5.64
777742,2025-05-27,2025,MIA,2025-05-27 18:40:00,18,8,6,14,2,11,7,23,303,84.0,5,65,0.0769,0.087,2.0,5.0,4.0,13.0,159.0,81.9,64.0,0.1538,0.0,6.0,3.0,10.0,144.0,86.5,52.0,0.0,62.2,16.8,75.3,1014.5,0.0,7.5,4.7,236.0,SW,4.21,1.82,6.09
777726,2025-05-28,2025,MIA,2025-05-28 13:10:00,13,8,10,18,4,8,6,22,252,84.5,4,65,0.0615,0.1818,1.0,3.0,5.0,9.0,134.0,84.3,45.0,0.1111,3.0,5.0,1.0,13.0,118.0,84.7,46.0,0.2308,68.4,20.2,63.3,1014.3,0.0,13.7,8.5,254.0,W,3.77,-0.95,8.03
777707,2025-05-30,2025,PIT,2025-05-30 18:40:00,18,3,2,5,0,17,4,10,227,84.0,1,43,0.0233,0.0,0.0,3.0,2.0,3.0,95.0,88.3,35.0,0.0,0.0,14.0,2.0,7.0,132.0,80.3,40.0,0.0,65.1,18.4,80.3,1012.9,0.0,6.7,4.2,240.7,SW,3.28,1.09,5.08
777691,2025-05-31,2025,PIT,2025-05-31 18:40:00,18,0,5,5,1,14,5,14,309,84.2,2,51,0.0392,0.0714,0.0,4.0,3.0,2.0,134.0,83.8,48.0,0.0,1.0,10.0,2.0,12.0,175.0,84.6,51.0,0.0833,71.1,21.7,69.7,1011.9,0.0,7.2,4.5,264.6,W,0.68,-1.81,3.09
777681,2025-06-01,2025,PIT,2025-06-01 14:10:00,14,6,4,10,3,16,8,15,320,83.3,6,49,0.1224,0.2,1.0,6.0,4.0,8.0,149.0,83.1,49.0,0.125,2.0,10.0,4.0,7.0,171.0,83.4,55.0,0.2857,72.7,22.6,70.3,1011.4,0.0,11.8,7.4,272.7,W,-0.55,-4.56,3.53
777579,2025-06-09,2025,LAD,2025-06-09 18:40:00,18,7,8,15,1,14,8,19,354,84.1,3,67,0.0448,0.0526,0.0,6.0,5.0,7.0,165.0,83.9,50.0,0.0,1.0,8.0,2.0,12.0,189.0,84.2,61.0,0.0833,63.6,17.6,78.3,1011.7,0.0,6.3,3.9,267.7,W,0.26,-1.91,2.39
777560,2025-06-10,2025,LAD,2025-06-10 18:40:00,18,11,1,12,1,18,12,22,300,84.6,4,53,0.0755,0.0455,1.0,6.0,5.0,16.0,165.0,83.5,58.0,0.0625,0.0,12.0,7.0,6.0,135.0,86.2,39.0,0.0,64.4,18.0,76.0,1012.5,0.0,7.0,4.3,239.7,SW,3.52,1.25,5.36
777543,2025-06-11,2025,LAD,2025-06-11 13:10:00,13,2,5,7,2,15,9,13,293,82.8,4,52,0.0769,0.1538,0.0,7.0,6.0,4.0,137.0,81.9,34.0,0.0,2.0,8.0,3.0,9.0,156.0,83.4,56.0,0.2222,70.9,21.6,62.7,1012.1,0.0,11.4,7.1,249.7,W,3.97,0.07,7.4
777426,2025-06-20,2025,KC,2025-06-20 18:40:00,18,5,6,11,3,11,8,23,329,83.6,6,63,0.0952,0.1304,1.0,4.0,5.0,12.0,168.0,81.5,57.0,0.0833,2.0,7.0,3.0,11.0,161.0,86.0,48.0,0.1818,66.2,19.0,71.0,1009.7,0.0,5.8,3.6,238.7,SW,3.02,1.14,4.53
777413,2025-06-21,2025,KC,2025-06-21 16:15:00,16,5,1,6,1,11,7,12,261,84.8,3,49,0.0612,0.0833,1.0,5.0,4.0,8.0,123.0,86.8,40.0,0.125,0.0,6.0,3.0,4.0,138.0,83.1,51.0,0.0,67.5,19.7,62.3,1009.8,0.0,11.9,7.4,217.3,SW,9.44,6.41,11.33
777396,2025-06-22,2025,KC,2025-06-22 13:10:00,13,3,2,5,1,12,6,12,252,81.2,3,51,0.0588,0.0833,0.0,9.0,3.0,5.0,140.0,78.9,41.0,0.0,1.0,3.0,3.0,7.0,112.0,83.2,48.0,0.1429,71.8,22.1,57.3,1011.8,0.0,12.5,7.8,240.3,SW,6.2,2.1,9.55
777382,2025-06-23,2025,WSH,2025-06-23 18:40:00,18,6,10,16,5,17,5,24,331,84.7,7,61,0.1148,0.2083,3.0,3.0,3.0,9.0,155.0,86.7,61.0,0.3333,2.0,14.0,2.0,15.0,176.0,82.5,55.0,0.1333,62.7,17.1,72.0,1012.7,0.0,8.5,5.3,235.7,SW,4.79,2.1,6.91
777372,2025-06-24,2025,WSH,2025-06-24 18:40:00,18,4,3,7,1,14,6,14,250,81.5,3,52,0.0577,0.0714,1.0,5.0,3.0,7.0,112.0,81.4,44.0,0.1429,0.0,9.0,3.0,7.0,138.0,81.7,45.0,0.0,65.8,18.8,72.7,1014.1,0.0,9.1,5.7,281.3,W,-1.79,-4.75,1.38
777360,2025-06-25,2025,WSH,2025-06-25 13:10:00,13,1,0,1,0,20,4,9,248,79.1,2,38,0.0526,0.0,0.0,8.0,4.0,6.0,137.0,76.8,37.0,0.0,0.0,12.0,0.0,3.0,111.0,81.6,34.0,0.0,70.8,21.5,62.0,1013.8,0.0,12.6,7.8,260.0,W,2.19,-2.19,6.3
777239,2025-07-04,2025,TEX,2025-07-04 15:40:00,15,3,2,5,1,15,11,15,313,82.8,7,58,0.1207,0.0667,1.0,10.0,3.0,10.0,157.0,82.2,50.0,0.1,0.0,5.0,5.0,5.0,156.0,83.4,59.0,0.0,73.1,22.8,58.0,1015.2,0.0,11.0,6.8,263.3,W,1.28,-2.54,4.94
777223,2025-07-05,2025,TEX,2025-07-05 18:40:00,18,4,7,11,3,11,7,21,306,82.1,3,62,0.0484,0.1429,1.0,7.0,4.0,10.0,162.0,81.7,53.0,0.1,2.0,4.0,3.0,11.0,144.0,82.6,50.0,0.1818,68.7,20.4,72.7,1014.8,0.0,6.1,3.8,255.3,W,1.54,-0.56,3.45
777207,2025-07-06,2025,TEX,2025-07-06 18:10:00,18,4,1,5,0,16,6,16,298,83.3,3,50,0.06,0.0,0.0,7.0,4.0,10.0,165.0,83.6,59.0,0.0,0.0,9.0,1.0,6.0,133.0,82.9,45.0,0.0,67.6,19.8,71.7,1012.1,0.0,7.6,4.7,265.7,W,0.57,-2.04,3.12
777203,2025-07-07,2025,AZ,2025-07-07 18:40:00,18,3,6,9,2,19,11,16,306,84.6,2,49,0.0408,0.125,1.0,10.0,5.0,7.0,153.0,83.7,37.0,0.1429,1.0,9.0,6.0,9.0,153.0,85.2,50.0,0.1111,67.9,20.0,72.7,1014.5,0.0,9.1,5.7,269.7,W,0.05,-3.07,3.17
777185,2025-07-08,2025,AZ,2025-07-08 18:40:00,18,1,0,1,1,17,6,7,269,84.3,3,39,0.0769,0.1429,1.0,5.0,1.0,4.0,93.0,81.7,34.0,0.25,0.0,12.0,4.0,3.0,176.0,86.0,51.0,0.0,70.7,21.5,74.3,1015.3,0.0,11.2,6.9,298.3,NW,-5.3,-8.34,-1.62
777162,2025-07-09,2025,AZ,2025-07-09 18:40:00,18,2,8,10,5,17,5,12,266,83.2,6,49,0.1224,0.4167,1.0,5.0,0.0,4.0,110.0,83.5,41.0,0.25,4.0,12.0,5.0,8.0,156.0,82.9,51.0,0.5,71.1,21.7,69.3,1013.0,0.0,8.9,5.6,293.0,NW,-3.49,-6.09,-0.47
777158,2025-07-10,2025,AZ,2025-07-10 18:40:00,18,4,3,7,2,11,11,22,318,84.2,5,59,0.0847,0.0909,2.0,6.0,4.0,13.0,152.0,84.3,49.0,0.1538,0.0,5.0,4.0,9.0,166.0,84.2,57.0,0.0,70.3,21.3,75.7,1010.8,0.0,5.7,3.6,242.0,SW,2.69,0.8,4.26
777139,2025-07-11,2025,PHI,2025-07-11 18:40:00,18,4,2,6,3,16,7,13,272,83.7,6,46,0.1304,0.2308,1.0,5.0,3.0,8.0,114.0,82.0,38.0,0.125,2.0,11.0,4.0,5.0,158.0,85.2,43.0,0.4,66.3,19.0,77.7,1012.6,0.0,7.6,4.7,236.3,SW,4.23,1.8,6.15
777126,2025-07-12,2025,PHI,2025-07-12 16:35:00,16,5,4,9,2,13,5,17,274,83.0,4,53,0.0755,0.1176,2.0,10.0,1.0,8.0,134.0,83.5,37.0,0.25,0.0,3.0,4.0,9.0,140.0,82.7,48.0,0.0,70.4,21.3,66.0,1014.1,0.0,9.4,5.8,244.7,SW,4.02,0.87,6.69
777117,2025-07-13,2025,PHI,2025-07-13 13:10:00,13,1,2,3,0,17,8,13,270,82.8,2,50,0.04,0.0,0.0,6.0,5.0,7.0,117.0,80.3,32.0,0.0,0.0,11.0,2.0,6.0,153.0,84.6,44.0,0.0,73.3,22.9,61.3,1014.6,0.0,12.2,7.6,261.0,W,1.91,-2.33,5.91
776959,2025-07-28,2025,NYM,2025-07-28 18:40:00,18,7,6,13,3,24,9,20,330,81.6,5,49,0.102,0.15,1.0,9.0,4.0,14.0,172.0,81.5,59.0,0.0714,2.0,15.0,4.0,6.0,158.0,81.9,36.0,0.3333,67.7,19.8,76.7,1015.4,0.0,9.5,5.9,295.0,NW,-4.0,-6.69,-0.83
776947,2025-07-29,2025,NYM,2025-07-29 18:40:00,18,7,1,8,1,13,7,13,297,80.5,3,51,0.0588,0.0769,1.0,5.0,3.0,9.0,147.0,80.6,68.0,0.1111,0.0,8.0,4.0,4.0,150.0,80.3,52.0,0.0,68.4,20.2,76.0,1015.0,0.0,7.5,4.7,285.7,W,-2.03,-4.39,0.57
776931,2025-07-30,2025,NYM,2025-07-30 13:10:00,13,5,0,5,1,18,5,12,252,83.2,2,46,0.0435,0.0833,1.0,8.0,5.0,9.0,144.0,84.5,43.0,0.1111,0.0,10.0,0.0,3.0,108.0,81.3,33.0,0.0,74.6,23.7,61.0,1014.1,0.0,11.1,6.9,258.7,W,2.18,-1.67,5.76
776906,2025-08-01,2025,STL,2025-08-01 18:40:00,18,4,1,5,1,10,2,11,241,83.6,3,51,0.0588,0.0909,0.0,4.0,2.0,7.0,131.0,84.3,51.0,0.0,1.0,6.0,0.0,4.0,110.0,82.8,45.0,0.25,67.5,19.7,73.0,1017.1,0.0,6.5,4.0,250.7,W,2.15,-0.08,4.12
776896,2025-08-02,2025,STL,2025-08-02 19:10:00,19,5,8,13,2,15,4,21,268,84.1,6,57,0.1053,0.0952,1.0,5.0,2.0,9.0,133.0,81.5,44.0,0.1111,1.0,10.0,2.0,12.0,135.0,86.5,45.0,0.0833,67.2,19.6,77.3,1015.9,0.0,4.8,3.0,265.7,W,0.36,-1.29,1.96
776884,2025-08-03,2025,STL,2025-08-03 13:10:00,13,7,3,10,2,23,8,16,324,80.6,3,43,0.0698,0.125,2.0,7.0,5.0,10.0,151.0,81.6,48.0,0.2,0.0,16.0,3.0,6.0,173.0,79.5,46.0,0.0,75.9,24.4,54.7,1013.5,0.0,10.6,6.6,260.3,W,1.77,-1.9,5.23
776820,2025-08-08,2025,BOS,2025-08-08 18:40:00,18,2,10,12,2,10,15,16,342,82.6,5,59,0.0847,0.125,0.0,6.0,7.0,6.0,168.0,82.1,46.0,0.0,2.0,4.0,8.0,10.0,174.0,83.0,57.0,0.2,69.7,21.0,76.7,1011.1,0.0,7.0,4.3,231.7,SW,4.32,2.19,5.93
776807,2025-08-09,2025,BOS,2025-08-09 17:40:00,17,5,4,9,1,19,14,16,353,83.5,3,53,0.0566,0.0625,1.0,4.0,7.0,7.0,166.0,85.2,54.0,0.1429,0.0,15.0,3.0,9.0,187.0,81.3,45.0,0.0,71.2,21.8,73.7,1010.8,0.0,9.7,6.0,270.0,W,-0.0,-3.33,3.33
776789,2025-08-10,2025,BOS,2025-08-10 13:10:00,13,6,2,8,0,23,8,14,311,83.3,1,39,0.0256,0.0,0.0,10.0,5.0,9.0,168.0,84.9,58.0,0.0,0.0,13.0,3.0,5.0,143.0,81.1,41.0,0.0,75.5,24.2,64.7,1014.0,0.0,10.8,6.7,243.7,SW,4.81,1.2,7.84
776683,2025-08-18,2025,SF,2025-08-18 18:40:00,18,3,4,7,4,17,7,14,290,81.9,4,50,0.08,0.2857,1.0,7.0,1.0,6.0,145.0,81.6,51.0,0.1667,3.0,10.0,6.0,8.0,145.0,82.3,46.0,0.375,68.5,20.3,79.3,1012.9,0.0,5.4,3.4,238.0,SW,2.86,1.12,4.26
776667,2025-08-19,2025,SF,2025-08-19 18:40:00,18,5,1,6,1,19,5,13,310,81.9,2,45,0.0444,0.0769,0.0,7.0,3.0,9.0,163.0,82.5,51.0,0.0,1.0,12.0,2.0,4.0,147.0,81.3,52.0,0.25,70.9,21.6,72.0,1014.0,0.0,8.1,5.0,289.7,W,-2.71,-5.15,0.05
776656,2025-08-20,2025,SF,2025-08-20 18:40:00,18,8,1,9,5,14,6,14,290,83.2,4,51,0.0784,0.3571,4.0,8.0,3.0,10.0,151.0,84.3,52.0,0.4,1.0,6.0,3.0,4.0,139.0,81.8,43.0,0.25,72.0,22.2,69.7,1010.9,0.0,5.7,3.5,241.7,SW,2.7,0.82,4.26
776642,2025-08-21,2025,SF,2025-08-21 13:10:00,13,8,4,12,2,18,6,17,301,81.9,2,49,0.0408,0.1176,0.0,7.0,2.0,10.0,150.0,80.8,65.0,0.0,2.0,11.0,4.0,7.0,151.0,83.4,51.0,0.2857,80.7,27.0,53.0,1009.4,0.0,8.9,5.5,246.0,SW,3.61,0.62,6.16
776636,2025-08-22,2025,LAD,2025-08-22 18:40:00,18,2,1,3,1,13,5,10,239,81.8,4,43,0.093,0.1,0.0,5.0,2.0,7.0,111.0,77.0,32.0,0.0,1.0,8.0,3.0,3.0,128.0,85.6,41.0,0.3333,73.1,22.8,77.3,1009.4,0.0,6.5,4.0,235.7,SW,3.65,1.6,5.25
776617,2025-08-23,2025,LAD,2025-08-23 17:40:00,17,5,1,6,1,12,6,5,264,85.1,3,44,0.0682,0.2,0.0,5.0,5.0,3.0,141.0,85.0,47.0,0.0,1.0,7.0,0.0,2.0,123.0,85.2,43.0,0.5,77.1,25.1,61.3,1010.0,0.0,7.5,4.6,244.0,SW,3.27,0.78,5.37
776603,2025-08-24,2025,LAD,2025-08-24 13:10:00,13,2,8,10,5,17,6,14,290,85.9,7,50,0.14,0.3571,1.0,8.0,2.0,5.0,126.0,83.7,34.0,0.2,4.0,9.0,4.0,9.0,164.0,87.8,41.0,0.4444,80.9,27.2,52.0,1010.8,0.0,11.6,7.2,277.0,W,-1.41,-5.25,2.6
776494,2025-09-01,2025,BAL,2025-09-01 15:40:00,15,3,4,7,1,22,5,18,329,81.5,1,49,0.0204,0.0556,0.0,9.0,3.0,7.0,157.0,79.2,46.0,0.0,1.0,13.0,2.0,11.0,172.0,83.4,55.0,0.0909,81.2,27.3,56.7,1010.9,0.0,9.5,5.9,287.7,W,-2.88,-5.81,0.39
776480,2025-09-02,2025,BAL,2025-09-02 18:40:00,18,2,6,8,2,17,8,16,318,81.8,2,51,0.0392,0.125,1.0,6.0,3.0,6.0,154.0,84.2,56.0,0.1667,1.0,11.0,4.0,10.0,164.0,79.3,53.0,0.1,74.3,23.5,81.7,1011.4,0.0,6.5,4.0,242.7,SW,2.96,0.82,4.75
776465,2025-09-03,2025,BAL,2025-09-03 13:10:00,13,5,7,12,6,22,11,18,314,83.5,6,48,0.125,0.3333,2.0,10.0,3.0,10.0,139.0,82.4,43.0,0.2,4.0,12.0,8.0,8.0,175.0,84.7,43.0,0.5,81.3,27.4,61.0,1011.4,0.0,10.3,6.4,272.0,W,-0.36,-3.85,3.17
776407,2025-09-08,2025,CIN,2025-09-08 18:40:00,18,4,3,7,2,20,2,13,292,82.3,1,52,0.0192,0.1538,0.0,7.0,2.0,6.0,148.0,81.6,45.0,0.0,2.0,13.0,0.0,7.0,144.0,83.0,44.0,0.2857,70.9,21.6,77.7,1013.5,0.0,8.1,5.0,299.7,NW,-4.01,-6.17,-1.36
776392,2025-09-09,2025,CIN,2025-09-09 18:40:00,18,2,4,6,3,17,4,8,269,83.5,6,45,0.1333,0.375,0.0,8.0,2.0,3.0,138.0,84.7,47.0,0.0,3.0,9.0,2.0,5.0,131.0,82.2,42.0,0.6,70.3,21.3,76.7,1010.5,0.0,9.4,5.8,301.3,NW,-4.88,-7.34,-1.84
776377,2025-09-10,2025,CIN,2025-09-10 17:40:00,17,1,2,3,1,17,7,13,267,80.7,3,49,0.0612,0.0769,1.0,7.0,2.0,6.0,115.0,79.7,42.0,0.1667,0.0,10.0,4.0,7.0,152.0,81.5,50.0,0.0,70.9,21.6,69.0,1011.7,0.0,9.7,6.0,274.3,W,-0.73,-3.99,2.62
776365,2025-09-11,2025,COL,2025-09-11 18:40:00,18,2,0,2,1,23,2,10,265,80.9,1,38,0.0263,0.1,1.0,9.0,2.0,6.0,139.0,80.5,42.0,0.1667,0.0,14.0,0.0,4.0,126.0,81.3,47.0,0.0,68.5,20.3,77.0,1012.2,0.0,7.4,4.6,291.7,W,-2.75,-4.94,-0.22
776357,2025-09-12,2025,COL,2025-09-12 18:40:00,18,2,4,6,3,23,4,14,260,79.2,5,44,0.1136,0.2143,1.0,12.0,3.0,5.0,139.0,81.3,49.0,0.2,2.0,11.0,1.0,9.0,121.0,76.9,43.0,0.2222,67.9,19.9,78.0,1011.6,0.0,6.5,4.0,257.7,W,1.38,-0.86,3.46
776341,2025-09-13,2025,COL,2025-09-13 17:40:00,17,11,3,14,4,15,4,20,321,84.1,6,56,0.1071,0.2,4.0,5.0,3.0,12.0,165.0,86.3,58.0,0.3333,0.0,10.0,1.0,8.0,156.0,81.5,49.0,0.0,69.7,21.0,74.3,1010.7,0.0,7.9,4.9,252.3,W,2.41,-0.32,4.85
776323,2025-09-14,2025,COL,2025-09-14 13:10:00,13,9,6,15,3,15,4,22,306,81.3,7,58,0.1207,0.1364,1.0,2.0,3.0,14.0,147.0,83.8,61.0,0.0714,2.0,13.0,1.0,8.0,159.0,78.3,51.0,0.25,74.2,23.4,67.0,1009.9,0.0,10.4,6.5,263.0,W,1.27,-2.34,4.72
776222,2025-09-22,2025,MIL,2025-09-22 18:40:00,18,5,4,9,1,21,13,16,364,83.3,4,58,0.069,0.0625,1.0,10.0,4.0,9.0,166.0,82.8,49.0,0.1111,0.0,11.0,7.0,7.0,198.0,83.7,59.0,0.0,71.3,21.8,83.3,1008.0,0.0,8.5,5.3,331.8,NW,-7.46,-8.38,-5.64
776214,2025-09-23,2025,MIL,2025-09-23 18:40:00,18,7,0,7,3,6,4,12,250,86.0,2,58,0.0345,0.25,3.0,1.0,2.0,8.0,118.0,88.8,42.0,0.375,0.0,5.0,2.0,4.0,132.0,83.5,47.0,0.0,70.9,21.6,90.7,1010.2,0.0,5.8,3.6,259.3,W,1.07,-0.94,2.96
776198,2025-09-24,2025,MIL,2025-09-24 13:10:00,13,1,3,4,2,22,6,16,313,81.1,3,45,0.0667,0.125,1.0,13.0,2.0,6.0,150.0,78.5,50.0,0.1667,1.0,9.0,3.0,10.0,163.0,83.7,50.0,0.1,77.8,25.4,68.7,1012.9,0.0,12.5,7.8,284.3,W,-3.1,-7.07,1.24
776170,2025-09-26,2025,AZ,2025-09-26 18:40:00,18,7,4,11,3,19,13,20,350,83.2,7,49,0.1429,0.15,1.0,8.0,5.0,12.0,170.0,81.6,63.0,0.0833,2.0,11.0,8.0,8.0,180.0,85.6,40.0,0.25,66.9,19.4,82.0,1010.4,0.0,6.3,3.9,197.0,S,6.06,5.06,6.32
776152,2025-09-27,2025,AZ,2025-09-27 17:40:00,17,5,1,6,4,19,6,12,274,84.4,4,42,0.0952,0.3333,3.0,7.0,2.0,7.0,135.0,86.7,43.0,0.4286,1.0,12.0,4.0,5.0,139.0,81.7,37.0,0.2,70.0,21.1,71.7,1011.0,0.0,7.5,4.7,235.3,SW,4.27,1.9,6.12
776136,2025-09-28,2025,AZ,2025-09-28 12:10:00,12,12,4,16,2,19,8,22,346,85.4,3,54,0.0556,0.0909,1.0,9.0,4.0,11.0,172.0,85.4,64.0,0.0909,1.0,10.0,4.0,11.0,174.0,85.4,54.0,0.0909,74.9,23.8,59.3,1014.9,0.0,11.0,6.8,243.0,SW,4.98,1.34,8.02
