game_pk,game_date,season,away_team,game_start,start_hour,home_runs_scored,away_runs_scored,total_runs,home_runs_hit,strikeouts,walks,hits,total_pitches,avg_exit_velocity,n_barrels,n_bbe,barrel_rate,hr_h_ratio,home_bat_hr,home_bat_k,home_bat_bb,home_bat_h,home_bat_pitches,home_bat_exit_velo,home_bat_bbe,home_bat_hr_h_ratio,away_bat_hr,away_bat_k,away_bat_bb,away_bat_h,away_bat_pitches,away_bat_exit_velo,away_bat_bbe,away_bat_hr_h_ratio,temp_f,temp_c,rhum,pres,prcp,wspd,wspd_mph,wdir,wind_dir_bucket,wind_cf,wind_lcf,wind_rcf,day_night
413652,2015-04-06,2015,BOS,2015-04-06 15:05:00,15,0,8,8,5,18,9,12,302,87.7,1,48,0.0208,0.4167,0.0,9.0,2.0,3.0,118.0,85.2,19.0,0.0,5.0,9.0,7.0,9.0,184.0,89.7,23.0,0.5556,70.0,21.1,37.0,1020.6,0.0,19.0,11.8,206.3,SW,18.99,17.41,18.28,day
413674,2015-04-08,2015,BOS,2015-04-08 19:05:00,19,4,2,6,1,17,6,9,292,85.3,1,45,0.0222,0.1111,1.0,7.0,2.0,6.0,127.0,83.2,28.0,0.1667,0.0,10.0,4.0,3.0,165.0,87.7,24.0,0.0,41.6,5.3,76.7,1023.4,0.0,12.0,7.5,56.0,NE,-10.03,-7.16,-11.7,night
413686,2015-04-09,2015,BOS,2015-04-09 19:05:00,19,2,6,8,0,17,9,16,340,86.5,0,54,0.0,0.0,0.0,10.0,3.0,5.0,137.0,84.6,28.0,0.0,0.0,7.0,6.0,11.0,203.0,87.9,38.0,0.0,41.9,5.5,79.0,1024.3,0.0,12.1,7.5,81.3,E,-6.24,-2.34,-9.4,night
413710,2015-04-10,2015,WSH,2015-04-10 19:05:00,19,4,1,5,1,14,5,13,253,87.9,1,46,0.0217,0.0769,0.0,5.0,4.0,7.0,122.0,86.1,30.0,0.0,1.0,9.0,1.0,6.0,131.0,90.1,26.0,0.1667,59.6,15.3,93.7,1009.2,0.1,10.8,6.7,252.3,W,6.97,3.72,9.37,night
413725,2015-04-11,2015,WSH,2015-04-11 19:05:00,19,3,2,5,1,14,6,20,335,87.3,3,63,0.0476,0.05,0.0,5.0,1.0,13.0,155.0,89.1,35.0,0.0,1.0,9.0,3.0,7.0,180.0,85.4,34.0,0.1429,53.5,11.9,40.7,1020.4,0.0,7.9,4.9,295.7,NW,-0.44,-3.11,2.29,night
413740,2015-04-12,2015,WSH,2015-04-12 13:35:00,13,3,4,7,2,20,8,18,323,85.0,3,57,0.0526,0.1111,1.0,12.0,4.0,9.0,165.0,80.8,33.0,0.1111,1.0,8.0,4.0,9.0,158.0,88.9,36.0,0.1111,62.5,16.9,34.7,1026.0,0.0,6.2,3.8,244.7,SW,4.57,2.88,5.71,day
413851,2015-04-21,2015,MIA,2015-04-21 19:05:00,19,7,3,10,3,18,4,17,258,89.1,2,49,0.0408,0.1765,2.0,8.0,3.0,7.0,127.0,89.1,30.0,0.2857,1.0,10.0,1.0,10.0,131.0,89.2,29.0,0.1,58.3,14.6,44.0,1007.5,0.0,7.8,4.8,228.0,SW,7.01,5.44,7.73,night
413866,2015-04-22,2015,MIA,2015-04-22 19:05:00,19,1,6,7,1,15,5,15,304,86.6,2,53,0.0377,0.0667,1.0,7.0,0.0,5.0,126.0,88.7,25.0,0.2,0.0,8.0,4.0,10.0,178.0,85.2,39.0,0.0,55.2,12.9,59.0,1004.8,0.0,16.0,10.0,263.7,W,7.73,2.46,12.07,night
413880,2015-04-23,2015,MIA,2015-04-23 13:05:00,13,1,9,10,1,17,7,20,312,85.0,2,55,0.0364,0.05,0.0,7.0,2.0,8.0,124.0,84.2,33.0,0.0,1.0,10.0,5.0,12.0,188.0,85.9,31.0,0.0833,50.7,10.4,37.3,1008.4,0.1,25.9,16.1,283.0,W,4.27,-4.71,12.74,day
413885,2015-04-24,2015,ATL,2015-04-24 19:05:00,19,1,0,1,0,8,4,10,259,84.7,1,53,0.0189,0.0,0.0,2.0,2.0,8.0,142.0,82.0,41.0,0.0,0.0,6.0,2.0,2.0,117.0,90.1,20.0,0.0,49.3,9.6,33.3,1011.8,0.0,8.8,5.5,300.5,NW,-1.23,-4.14,1.82,night
413900,2015-04-25,2015,ATL,2015-04-25 19:05:00,19,2,5,7,2,9,6,15,240,86.8,2,57,0.0351,0.1333,1.0,4.0,2.0,6.0,106.0,84.8,29.0,0.1667,1.0,5.0,4.0,9.0,134.0,88.5,33.0,0.1111,50.2,10.1,51.0,1006.4,0.0,9.6,5.9,222.3,SW,9.0,7.35,9.57,night
413915,2015-04-26,2015,ATL,2015-04-26 13:35:00,13,5,4,9,2,7,8,16,263,88.9,3,59,0.0508,0.125,1.0,3.0,3.0,6.0,121.0,90.2,32.0,0.1667,1.0,4.0,4.0,10.0,142.0,87.6,35.0,0.1,58.2,14.5,38.0,1005.1,0.0,6.3,3.9,2.3,N,-5.95,-6.33,-4.84,day
414089,2015-05-08,2015,NYM,2015-05-08 19:05:00,19,3,1,4,1,16,4,12,251,89.7,2,46,0.0435,0.0833,1.0,5.0,2.0,7.0,114.0,87.3,29.0,0.1429,0.0,11.0,1.0,5.0,137.0,92.0,30.0,0.0,71.1,21.7,57.7,1019.7,0.0,12.0,7.5,179.0,S,11.0,11.98,8.7,night
414104,2015-05-09,2015,NYM,2015-05-09 19:05:00,19,2,3,5,1,11,6,16,264,86.8,2,59,0.0339,0.0625,0.0,7.0,3.0,7.0,120.0,85.5,30.0,0.0,1.0,4.0,3.0,9.0,144.0,87.9,35.0,0.1111,71.7,22.1,75.0,1022.4,0.0,8.6,5.3,104.7,E,-1.17,1.81,-4.02,night
414119,2015-05-10,2015,NYM,2015-05-10 13:35:00,13,4,7,11,2,12,2,23,263,87.1,1,64,0.0156,0.087,1.0,7.0,1.0,9.0,130.0,86.2,33.0,0.1111,1.0,5.0,1.0,14.0,133.0,87.9,38.0,0.0714,79.4,26.3,60.7,1021.9,0.0,11.1,6.9,222.0,SW,10.46,8.56,11.1,day
414131,2015-05-11,2015,PIT,2015-05-11 19:05:00,19,3,4,7,2,14,5,16,263,88.0,2,53,0.0377,0.125,1.0,7.0,2.0,9.0,120.0,88.4,30.0,0.1111,1.0,7.0,3.0,7.0,143.0,87.5,28.0,0.1429,73.0,22.8,80.3,1014.7,0.0,8.2,5.1,136.6,SE,3.34,5.68,0.59,night
414143,2015-05-12,2015,PIT,2015-05-12 19:05:00,19,2,7,9,2,13,4,16,282,90.4,1,55,0.0182,0.125,0.0,7.0,1.0,8.0,115.0,91.7,28.0,0.0,2.0,6.0,3.0,8.0,167.0,89.1,30.0,0.25,79.1,26.2,41.0,1009.6,0.0,14.3,8.9,264.6,W,6.69,1.96,10.61,night
414158,2015-05-13,2015,PIT,2015-05-13 19:05:00,19,3,2,5,0,19,5,13,263,85.0,0,42,0.0,0.0,0.0,8.0,3.0,7.0,121.0,82.4,22.0,0.0,0.0,11.0,2.0,6.0,142.0,87.2,27.0,0.0,62.7,17.0,42.3,1022.6,0.0,16.9,10.5,350.7,N,-14.33,-16.51,-10.43,night
414170,2015-05-14,2015,PIT,2015-05-14 13:05:00,13,4,2,6,1,10,4,18,276,87.5,1,55,0.0182,0.0556,1.0,4.0,2.0,11.0,147.0,87.8,40.0,0.0909,0.0,6.0,1.0,7.0,129.0,87.1,30.0,0.0,67.7,19.8,29.7,1028.5,0.0,2.8,1.7,296.3,NW,-0.18,-1.13,0.78,day
414176,2015-05-15,2015,AZ,2015-05-15 19:05:00,19,4,3,7,0,12,4,17,272,84.8,1,55,0.0182,0.0,0.0,6.0,3.0,7.0,146.0,84.1,29.0,0.0,0.0,6.0,1.0,10.0,126.0,85.4,32.0,0.0,65.3,18.5,41.3,1022.5,0.0,11.5,7.2,174.3,S,10.17,11.42,7.69,night
414191,2015-05-16,2015,AZ,2015-05-16 19:05:00,19,7,5,12,3,16,4,23,295,86.8,3,59,0.0508,0.1304,1.0,8.0,3.0,13.0,158.0,86.9,37.0,0.0769,2.0,8.0,0.0,10.0,137.0,86.8,34.0,0.2,74.7,23.7,75.7,1020.0,2.8,7.4,4.6,268.7,W,2.99,0.5,5.13,night
414206,2015-05-17,2015,AZ,2015-05-17 13:35:00,13,6,0,6,2,10,7,19,257,87.9,3,58,0.0517,0.1053,2.0,4.0,4.0,11.0,137.0,87.4,33.0,0.1818,0.0,6.0,2.0,8.0,120.0,88.4,30.0,0.0,79.9,26.6,61.3,1020.5,0.0,8.0,5.0,267.7,W,3.37,0.68,5.66,day
414370,2015-05-29,2015,COL,2015-05-29 19:05:00,19,1,4,5,3,17,2,9,261,85.5,5,47,0.1064,0.3333,0.0,8.0,0.0,2.0,123.0,82.4,31.0,0.0,3.0,9.0,2.0,7.0,138.0,89.0,28.0,0.4286,77.7,25.4,63.3,1022.3,0.0,12.9,8.0,180.3,S,11.95,12.89,9.56,night
414385,2015-05-30,2015,COL,2015-05-30 15:05:00,15,2,5,7,4,15,2,18,303,86.7,3,57,0.0526,0.2222,1.0,5.0,2.0,8.0,144.0,84.3,35.0,0.125,3.0,10.0,0.0,10.0,159.0,89.3,32.0,0.3,84.9,29.4,45.7,1018.7,0.0,17.5,10.9,195.7,S,17.38,17.04,15.62,day
414400,2015-05-31,2015,COL,2015-05-31 13:35:00,13,1,4,5,2,17,2,16,263,87.6,3,51,0.0588,0.125,0.0,8.0,1.0,7.0,147.0,84.8,38.0,0.0,2.0,9.0,1.0,9.0,116.0,91.3,30.0,0.2222,86.5,30.3,48.0,1015.9,0.0,14.8,9.2,206.0,SW,14.77,13.57,14.19,day
414425,2015-06-02,2015,CIN,2015-06-02 19:05:00,19,5,4,9,2,10,2,19,251,81.5,1,62,0.0161,0.1053,2.0,5.0,0.0,9.0,126.0,78.8,41.0,0.2222,0.0,5.0,2.0,10.0,125.0,85.4,30.0,0.0,54.9,12.7,94.0,1020.3,1.4,9.6,5.9,43.7,NE,-8.92,-7.2,-9.56,night
414440,2015-06-03,2015,CIN,2015-06-03 19:05:00,19,5,4,9,2,22,11,16,344,85.5,3,61,0.0492,0.125,1.0,10.0,4.0,7.0,171.0,87.0,38.0,0.1429,1.0,12.0,6.0,9.0,173.0,83.9,33.0,0.1111,63.1,17.3,66.7,1021.7,0.0,8.4,5.2,109.7,E,-0.42,2.49,-3.27,night
414454,2015-06-04,2015,CIN,2015-06-04 19:05:00,19,4,6,10,0,10,8,13,272,82.9,0,54,0.0,0.0,0.0,5.0,2.0,7.0,131.0,80.8,29.0,0.0,0.0,5.0,5.0,6.0,141.0,84.8,31.0,0.0,60.1,15.6,68.0,1022.1,0.0,10.3,6.4,61.0,NE,-8.06,-5.38,-9.77,night
414472,2015-06-05,2015,SF,2015-06-05 19:05:00,19,4,5,9,5,14,5,18,294,86.3,3,54,0.0556,0.2778,2.0,7.0,4.0,6.0,142.0,84.3,31.0,0.3333,3.0,7.0,1.0,12.0,152.0,88.1,33.0,0.25,64.0,17.8,86.0,1013.4,0.0,5.2,3.2,78.7,E,-2.88,-1.24,-4.17,night
414487,2015-06-06,2015,SF,2015-06-06 15:05:00,15,5,7,12,2,23,4,18,285,86.0,3,48,0.0625,0.1111,2.0,13.0,1.0,6.0,118.0,85.5,22.0,0.3333,0.0,10.0,3.0,12.0,167.0,86.4,32.0,0.0,75.2,24.0,62.7,1013.8,0.1,13.4,8.3,30.0,NE,-13.32,-11.92,-13.11,day
414502,2015-06-07,2015,SF,2015-06-07 13:35:00,13,6,4,10,2,11,6,20,266,84.9,3,59,0.0508,0.1,2.0,7.0,2.0,10.0,117.0,84.1,26.0,0.2,0.0,4.0,2.0,10.0,149.0,85.3,41.0,0.0,73.3,23.0,52.0,1020.5,0.0,11.1,6.9,184.7,S,10.57,11.09,8.77,day
414629,2015-06-17,2015,BAL,2015-06-17 19:05:00,19,4,6,10,3,18,2,17,252,85.0,2,52,0.0385,0.1765,1.0,9.0,1.0,9.0,124.0,81.5,29.0,0.1111,2.0,9.0,1.0,8.0,128.0,88.2,31.0,0.25,72.9,22.7,60.0,1018.5,0.0,10.8,6.7,149.0,SE,6.44,9.03,3.08,night
414644,2015-06-18,2015,BAL,2015-06-18 13:05:00,13,2,1,3,2,15,4,11,238,86.7,1,46,0.0217,0.1818,1.0,4.0,2.0,5.0,107.0,84.4,24.0,0.2,1.0,11.0,2.0,6.0,131.0,88.7,28.0,0.1667,70.5,21.4,83.7,1016.8,0.3,11.9,7.4,167.0,S,9.66,11.44,6.72,day
414670,2015-06-19,2015,STL,2015-06-19 19:05:00,19,4,12,16,4,18,14,27,392,88.5,3,62,0.0484,0.1481,1.0,8.0,4.0,11.0,166.0,87.3,40.0,0.0909,3.0,10.0,10.0,16.0,226.0,89.6,43.0,0.1875,78.7,25.9,69.3,1013.7,0.0,6.1,3.8,316.0,NW,-2.42,-4.18,-0.38,night
414685,2015-06-20,2015,STL,2015-06-20 19:05:00,19,1,10,11,3,12,6,22,313,84.8,3,60,0.05,0.1364,1.0,4.0,4.0,6.0,137.0,80.1,37.0,0.1667,2.0,8.0,2.0,16.0,176.0,89.0,41.0,0.125,78.0,25.6,78.0,1012.1,0.0,12.6,7.8,109.0,E,-0.77,3.58,-5.02,night
414700,2015-06-21,2015,STL,2015-06-21 13:35:00,13,9,2,11,3,18,4,20,258,87.4,1,52,0.0192,0.15,1.0,8.0,2.0,13.0,144.0,89.3,33.0,0.0769,2.0,10.0,2.0,7.0,114.0,84.7,24.0,0.2857,85.7,29.8,53.7,1008.4,0.0,20.9,13.0,291.3,W,0.43,-6.73,7.54,day
414765,2015-06-26,2015,WSH,2015-06-26 19:05:00,19,2,5,7,2,17,2,16,242,89.0,2,52,0.0385,0.125,1.0,7.0,0.0,7.0,107.0,89.2,26.0,0.1429,1.0,10.0,2.0,9.0,135.0,88.8,28.0,0.1111,75.3,24.0,61.7,1015.8,0.0,8.8,5.5,138.7,SE,3.9,6.38,0.96,night
414780,2015-06-28,2015,WSH,2015-06-27 15:05:00,15,8,5,13,2,12,3,26,321,87.4,2,66,0.0303,0.0769,0.0,2.0,1.0,16.0,145.0,86.5,45.0,0.0,2.0,10.0,2.0,10.0,176.0,88.5,33.0,0.2,64.5,18.1,83.3,1014.0,4.4,22.2,13.8,83.7,E,-10.71,-3.41,-16.71,day
414795,2015-06-28,2015,WSH,2015-06-28 13:05:00,13,2,3,5,1,19,7,14,291,83.7,1,51,0.0196,0.0714,1.0,11.0,1.0,5.0,138.0,79.2,23.0,0.2,0.0,8.0,6.0,9.0,153.0,86.9,32.0,0.0,76.2,24.5,54.7,1005.2,0.0,19.3,12.0,259.7,W,10.45,4.28,15.36,day
414801,2015-06-29,2015,MIL,2015-06-29 19:05:00,19,4,7,11,0,12,4,25,278,87.7,0,63,0.0,0.0,0.0,7.0,2.0,9.0,142.0,87.7,31.0,0.0,0.0,5.0,2.0,16.0,136.0,87.8,46.0,0.0,73.1,22.8,64.3,1013.1,0.0,7.9,4.9,195.7,S,7.88,7.72,7.08,night
414812,2015-06-30,2015,MIL,2015-06-30 19:05:00,19,3,4,7,1,17,7,18,328,87.6,0,55,0.0,0.0556,1.0,8.0,4.0,8.0,160.0,85.8,31.0,0.125,0.0,9.0,3.0,10.0,168.0,89.2,36.0,0.0,76.2,24.6,80.7,1010.1,0.4,12.2,7.6,164.7,S,9.64,11.62,6.5,night
414827,2015-07-01,2015,MIL,2015-07-01 19:05:00,19,5,9,14,1,12,4,27,275,86.9,3,68,0.0441,0.037,0.0,6.0,3.0,10.0,128.0,87.6,34.0,0.0,1.0,6.0,1.0,17.0,147.0,86.4,43.0,0.0588,78.3,25.7,58.0,1010.0,0.0,9.2,5.7,254.0,W,5.75,2.93,7.87,night
414839,2015-07-02,2015,MIL,2015-07-02 18:35:00,18,7,8,15,1,14,7,32,358,87.5,1,80,0.0125,0.0312,1.0,8.0,3.0,16.0,186.0,86.7,43.0,0.0625,0.0,6.0,4.0,16.0,172.0,88.1,50.0,0.0,73.2,22.9,77.7,1011.4,0.9,2.0,1.2,199.4,S,2.0,1.91,1.84,night
414996,2015-07-17,2015,MIA,2015-07-17 19:05:00,19,6,3,9,2,11,5,16,229,85.6,0,53,0.0,0.125,1.0,7.0,2.0,7.0,99.0,82.8,24.0,0.1429,1.0,4.0,3.0,9.0,130.0,88.0,29.0,0.1111,75.3,24.0,64.3,1016.0,0.0,12.0,7.5,167.7,S,9.85,11.6,6.91,night
415011,2015-07-18,2015,MIA,2015-07-18 19:05:00,19,3,1,4,0,13,3,15,257,89.8,2,52,0.0385,0.0,0.0,5.0,2.0,5.0,119.0,88.5,27.0,0.0,0.0,8.0,1.0,10.0,138.0,90.9,32.0,0.0,81.6,27.6,76.3,1012.0,0.2,9.6,6.0,206.3,SW,9.61,8.81,9.25,night
415026,2015-07-19,2015,MIA,2015-07-19 13:35:00,13,8,7,15,3,9,4,24,296,85.0,4,64,0.0625,0.125,3.0,4.0,2.0,10.0,126.0,85.2,36.0,0.3,0.0,5.0,2.0,14.0,170.0,84.8,42.0,0.0,91.6,33.1,52.0,1010.2,0.0,9.5,5.9,222.0,SW,8.99,7.36,9.53,day
415042,2015-07-20,2015,TB,2015-07-20 19:05:00,19,5,3,8,0,13,7,15,253,88.1,0,48,0.0,0.0,0.0,4.0,4.0,9.0,121.0,89.1,27.0,0.0,0.0,9.0,3.0,6.0,132.0,87.1,28.0,0.0,85.0,29.4,70.3,1005.4,0.0,7.9,4.9,224.3,SW,7.33,5.89,7.9,night
415056,2015-07-21,2015,TB,2015-07-21 19:05:00,19,0,1,1,1,19,4,11,270,86.6,0,44,0.0,0.0909,0.0,9.0,3.0,4.0,137.0,87.3,22.0,0.0,1.0,10.0,1.0,7.0,133.0,86.0,24.0,0.1429,82.4,28.0,66.7,1003.3,0.2,11.6,7.2,306.4,NW,-2.78,-6.46,1.24,night
415071,2015-07-22,2015,TB,2015-07-22 13:05:00,13,5,4,9,1,15,8,25,330,85.2,2,67,0.0299,0.04,0.0,8.0,3.0,12.0,163.0,82.6,40.0,0.0,1.0,7.0,5.0,13.0,167.0,87.9,39.0,0.0769,82.9,28.3,36.3,1009.6,0.0,18.1,11.2,287.7,W,1.53,-4.72,7.59,day
415169,2015-07-30,2015,ATL,2015-07-30 19:05:00,19,4,1,5,1,13,3,24,284,85.8,1,59,0.0169,0.0417,1.0,6.0,1.0,12.0,127.0,85.9,34.0,0.0833,0.0,7.0,2.0,12.0,157.0,85.7,36.0,0.0,76.5,24.7,92.7,1010.4,1.4,8.7,5.4,250.0,W,5.88,3.33,7.72,night
415183,2015-07-31,2015,ATL,2015-07-31 19:05:00,19,9,3,12,2,8,5,21,269,88.8,4,64,0.0625,0.0952,1.0,4.0,4.0,11.0,148.0,89.1,35.0,0.0909,1.0,4.0,0.0,10.0,121.0,88.5,37.0,0.1,81.5,27.5,58.0,1009.7,0.0,7.4,4.6,262.1,W,3.73,1.33,5.67,night
415198,2015-08-01,2015,ATL,2015-08-01 19:05:00,19,12,2,14,4,13,3,21,296,86.5,8,59,0.1356,0.1905,3.0,7.0,2.0,15.0,157.0,86.7,38.0,0.2,1.0,6.0,0.0,6.0,139.0,86.2,33.0,0.1667,80.5,27.0,50.7,1009.9,0.0,8.9,5.5,269.3,W,3.5,0.49,6.09,night
415213,2015-08-02,2015,ATL,2015-08-02 13:35:00,13,2,6,8,1,12,3,21,268,85.8,2,61,0.0328,0.0476,0.0,9.0,0.0,10.0,128.0,87.6,32.0,0.0,1.0,3.0,3.0,11.0,140.0,84.2,38.0,0.0909,86.3,30.2,33.7,1013.1,0.0,9.3,5.8,248.7,W,6.46,3.77,8.38,day
415244,2015-08-04,2015,LAD,2015-08-04 19:05:00,19,6,2,8,1,22,8,21,322,84.7,0,49,0.0,0.0476,1.0,10.0,2.0,10.0,141.0,82.1,31.0,0.1,0.0,12.0,5.0,11.0,181.0,87.4,30.0,0.0,80.8,27.1,62.3,1011.5,0.0,5.6,3.5,274.3,W,1.75,-0.18,3.46,night
415259,2015-08-05,2015,LAD,2015-08-05 19:05:00,19,3,4,7,2,17,11,16,344,85.3,5,51,0.098,0.125,1.0,12.0,2.0,6.0,152.0,81.7,28.0,0.1667,1.0,5.0,9.0,10.0,192.0,87.9,39.0,0.1,79.8,26.5,48.0,1012.7,0.0,10.3,6.4,297.3,NW,-0.86,-4.31,2.69,night
415271,2015-08-06,2015,LAD,2015-08-06 13:05:00,13,8,10,18,3,19,4,27,336,87.3,6,61,0.0984,0.1111,1.0,10.0,2.0,12.0,163.0,85.9,32.0,0.0833,2.0,9.0,2.0,15.0,173.0,88.4,44.0,0.1333,81.8,27.7,42.3,1013.7,0.0,3.8,2.4,285.5,W,0.46,-0.85,1.73,day
415436,2015-08-18,2015,TOR,2015-08-18 19:05:00,19,5,8,13,4,16,8,20,311,89.2,2,57,0.0351,0.2,1.0,7.0,1.0,11.0,145.0,90.8,29.0,0.0909,3.0,9.0,6.0,9.0,166.0,87.9,33.0,0.3333,79.9,26.6,69.0,1014.7,0.0,13.7,8.5,164.7,S,10.82,13.04,7.29,night
415451,2015-08-19,2015,TOR,2015-08-19 19:05:00,19,7,4,11,4,11,5,15,240,86.7,3,55,0.0545,0.2667,3.0,7.0,3.0,10.0,124.0,87.8,32.0,0.3,1.0,4.0,2.0,5.0,116.0,85.7,36.0,0.2,80.2,26.8,66.3,1015.1,0.0,12.3,7.6,157.0,SE,8.62,11.1,5.1,night
415513,2015-08-24,2015,NYM,2015-08-24 19:05:00,19,7,16,23,11,17,6,31,358,91.5,11,68,0.1618,0.3548,3.0,9.0,4.0,11.0,177.0,86.4,35.0,0.2727,8.0,8.0,2.0,20.0,181.0,95.8,41.0,0.4,80.1,26.7,60.0,1010.2,0.0,12.0,7.5,176.7,S,10.83,11.97,8.38,night
415526,2015-08-25,2015,NYM,2015-08-25 19:05:00,19,5,6,11,3,26,9,14,337,89.9,5,43,0.1163,0.2143,2.0,16.0,3.0,7.0,175.0,88.8,23.0,0.2857,1.0,10.0,6.0,7.0,162.0,90.7,29.0,0.1429,77.9,25.5,51.0,1011.9,0.0,11.9,7.4,295.3,NW,-0.58,-4.6,3.51,night
415541,2015-08-26,2015,NYM,2015-08-26 19:05:00,19,4,9,13,1,16,5,21,307,89.3,5,60,0.0833,0.0476,0.0,10.0,3.0,9.0,159.0,88.0,34.0,0.0,1.0,6.0,2.0,12.0,148.0,90.4,39.0,0.0833,74.8,23.8,46.7,1015.3,0.0,8.6,5.3,298.3,NW,-0.88,-3.75,2.1,night
415552,2015-08-27,2015,NYM,2015-08-27 19:05:00,19,5,9,14,4,18,12,24,423,87.1,7,81,0.0864,0.1667,1.0,12.0,5.0,8.0,187.0,87.0,40.0,0.125,3.0,6.0,7.0,16.0,236.0,87.2,63.0,0.1875,74.3,23.5,48.0,1018.6,0.0,7.7,4.8,338.0,N,-5.52,-7.04,-3.33,night
415570,2015-08-28,2015,SD,2015-08-28 19:05:00,19,7,1,8,2,16,7,8,249,89.4,2,42,0.0476,0.25,1.0,9.0,4.0,6.0,145.0,89.1,24.0,0.1667,1.0,7.0,2.0,2.0,104.0,89.9,21.0,0.5,75.3,24.1,50.7,1020.7,0.0,2.9,1.8,19.7,N,-2.93,-2.8,-2.7,night
415585,2015-08-29,2015,SD,2015-08-29 19:05:00,19,4,3,7,1,13,3,14,266,89.0,2,51,0.0392,0.0714,1.0,7.0,3.0,6.0,130.0,90.7,27.0,0.1667,0.0,6.0,0.0,8.0,136.0,87.5,33.0,0.0,77.7,25.4,59.7,1019.1,0.0,10.3,6.4,200.3,S,10.33,9.84,9.57,night
415600,2015-08-30,2015,SD,2015-08-30 13:35:00,13,4,9,13,4,17,4,26,320,88.0,4,59,0.0678,0.1538,1.0,10.0,1.0,10.0,141.0,92.6,31.0,0.1,3.0,7.0,3.0,16.0,179.0,84.3,40.0,0.1875,87.0,30.5,44.0,1018.0,0.0,8.8,5.5,221.7,SW,8.31,6.82,8.8,day
415696,2015-09-07,2015,ATL,2015-09-07 19:05:00,19,2,7,9,3,16,3,18,260,90.2,2,54,0.037,0.1667,1.0,9.0,0.0,6.0,121.0,90.2,26.0,0.1667,2.0,7.0,1.0,12.0,139.0,90.1,32.0,0.1667,80.0,26.7,61.0,1016.4,0.0,11.9,7.4,196.3,S,11.8,11.52,10.65,night
415711,2015-09-08,2015,ATL,2015-09-08 19:05:00,19,5,0,5,1,14,5,16,235,85.6,2,48,0.0417,0.0625,1.0,4.0,2.0,9.0,115.0,88.7,36.0,0.1111,0.0,10.0,3.0,7.0,120.0,81.3,26.0,0.0,81.7,27.6,66.7,1014.1,0.0,11.7,7.2,191.7,S,11.46,11.52,10.02,night
415726,2015-09-09,2015,ATL,2015-09-09 19:05:00,19,1,8,9,1,8,9,22,283,88.2,2,65,0.0308,0.0455,0.0,4.0,3.0,4.0,129.0,87.8,29.0,0.0,1.0,4.0,5.0,18.0,154.0,88.5,38.0,0.0556,80.8,27.1,80.3,1009.7,0.5,7.8,4.9,178.0,S,7.13,7.81,5.59,night
415741,2015-09-11,2015,CHC,2015-09-10 19:05:00,19,3,7,10,3,15,5,17,274,89.9,4,56,0.0714,0.1765,0.0,9.0,2.0,5.0,130.0,90.7,25.0,0.0,3.0,6.0,3.0,12.0,144.0,89.3,40.0,0.25,70.6,21.4,96.0,1006.1,4.0,12.7,7.9,22.0,N,-12.73,-12.0,-11.93,night
415749,2015-09-11,2015,CHC,2015-09-11 17:05:00,17,1,5,6,2,22,4,17,288,85.4,3,50,0.06,0.1176,1.0,9.0,2.0,7.0,125.0,83.5,27.0,0.1429,1.0,13.0,2.0,10.0,163.0,87.1,32.0,0.1,77.5,25.3,59.7,1008.2,0.0,2.5,1.5,308.1,NW,-0.66,-1.44,0.19,night
415764,2015-09-12,2015,CHC,2015-09-12 19:05:00,19,7,5,12,2,23,9,12,290,88.5,2,42,0.0476,0.1667,1.0,12.0,4.0,6.0,148.0,89.1,25.0,0.1667,1.0,11.0,5.0,6.0,142.0,88.1,29.0,0.1667,68.7,20.4,97.3,1003.5,6.0,3.5,2.2,160.5,S,2.57,3.21,1.63,night
415779,2015-09-13,2015,CHC,2015-09-13 13:35:00,13,7,4,11,2,16,6,20,313,90.0,5,55,0.0909,0.1,1.0,9.0,3.0,12.0,143.0,90.0,29.0,0.0833,1.0,7.0,2.0,8.0,170.0,90.0,39.0,0.125,70.3,21.3,59.3,1008.0,0.0,14.1,8.8,288.7,W,0.94,-3.93,5.7,day
415804,2015-09-14,2015,WSH,2015-09-14 19:05:00,19,7,8,15,7,30,6,24,366,88.2,6,58,0.1034,0.2917,3.0,15.0,2.0,9.0,173.0,89.9,30.0,0.3333,4.0,15.0,4.0,15.0,193.0,87.0,40.0,0.2667,66.5,19.2,55.0,1021.0,0.0,8.8,5.4,261.7,W,4.49,1.65,6.8,night
415819,2015-09-15,2015,WSH,2015-09-15 19:05:00,19,0,4,4,2,24,6,8,259,87.8,1,37,0.027,0.25,0.0,14.0,1.0,1.0,115.0,80.9,15.0,0.0,2.0,10.0,5.0,7.0,144.0,91.2,30.0,0.2857,71.3,21.8,59.0,1025.7,0.0,6.8,4.2,249.0,W,4.7,2.72,6.12,night
415834,2015-09-16,2015,WSH,2015-09-16 19:05:00,19,2,12,14,4,19,6,21,293,87.3,4,51,0.0784,0.1905,1.0,13.0,2.0,5.0,133.0,83.8,25.0,0.2,3.0,6.0,4.0,16.0,160.0,89.5,39.0,0.1875,73.7,23.2,56.3,1023.3,0.0,5.8,3.6,247.7,W,4.11,2.45,5.28,night
416003,2015-09-29,2015,NYM,2015-09-29 19:05:00,19,4,3,7,3,13,5,21,267,89.3,2,58,0.0345,0.1429,1.0,6.0,0.0,12.0,111.0,89.4,34.0,0.0833,2.0,7.0,5.0,9.0,156.0,89.3,33.0,0.2222,73.0,22.8,93.7,1012.4,0.6,5.5,3.4,123.0,SE,1.0,2.79,-0.91,night
416018,2015-09-30,2015,NYM,2015-09-30 19:05:00,19,7,5,12,2,14,10,14,342,87.1,3,50,0.06,0.1429,0.0,8.0,6.0,8.0,170.0,88.2,34.0,0.0,2.0,6.0,4.0,6.0,172.0,85.8,33.0,0.3333,68.6,20.3,76.0,1011.5,0.0,14.3,8.9,1.7,N,-13.37,-14.3,-10.82,night
416032,2015-10-01,2015,NYM,2015-10-01 12:05:00,12,3,0,3,2,18,2,11,254,87.1,3,43,0.0698,0.1818,2.0,7.0,1.0,5.0,113.0,92.2,21.0,0.4,0.0,11.0,1.0,6.0,141.0,83.7,31.0,0.0,57.4,14.1,82.3,1017.8,1.7,15.8,9.8,39.7,NE,-15.1,-12.59,-15.78,day
416043,2015-10-03,2015,MIA,2015-10-02 19:05:00,19,2,5,7,1,10,3,19,252,87.1,1,59,0.0169,0.0526,1.0,6.0,0.0,8.0,112.0,84.4,35.0,0.125,0.0,4.0,3.0,11.0,140.0,90.0,32.0,0.0,48.2,9.0,90.0,1021.3,3.2,27.9,17.4,44.0,NE,-25.99,-20.92,-27.92,night
416058,2015-10-03,2015,MIA,2015-10-03 16:05:00,16,6,7,13,2,19,8,22,341,89.5,2,57,0.0351,0.0909,1.0,11.0,6.0,9.0,170.0,89.1,29.0,0.1111,1.0,8.0,1.0,13.0,171.0,89.7,40.0,0.0769,55.0,12.8,76.0,1023.3,0.0,21.4,13.3,39.7,NE,-20.48,-17.08,-21.41,day
416073,2015-10-04,2015,MIA,2015-10-04 15:05:00,15,7,2,9,1,14,6,18,259,86.5,3,54,0.0556,0.0556,0.0,3.0,4.0,10.0,124.0,85.3,34.0,0.0,1.0,11.0,1.0,8.0,135.0,87.8,32.0,0.125,58.8,14.9,63.7,1023.1,0.0,20.8,12.9,55.7,NE,-17.38,-12.45,-20.22,day
446966,2016-04-11,2016,SD,2016-04-11 15:05:00,15,3,4,7,1,18,3,14,267,83.2,2,46,0.0435,0.0714,0.0,9.0,1.0,8.0,137.0,83.4,40.0,0.0,1.0,9.0,2.0,6.0,130.0,83.0,31.0,0.1667,64.2,17.9,45.3,1017.1,0.0,20.6,12.8,196.3,S,20.45,19.97,18.46,day
446978,2016-04-12,2016,SD,2016-04-12 19:05:00,19,3,0,3,0,16,10,8,268,81.3,0,41,0.0,0.0,0.0,7.0,5.0,4.0,133.0,82.4,36.0,0.0,0.0,9.0,5.0,4.0,135.0,80.1,34.0,0.0,52.9,11.6,37.3,1022.6,0.0,15.9,9.9,335.0,NW,-10.72,-14.07,-6.07,night
446993,2016-04-13,2016,SD,2016-04-13 19:05:00,19,2,1,3,1,19,5,11,255,83.1,1,42,0.0238,0.0909,1.0,6.0,2.0,5.0,108.0,86.2,25.0,0.2,0.0,13.0,2.0,6.0,147.0,80.8,33.0,0.0,50.3,10.2,50.0,1026.1,0.0,4.6,2.8,100.9,E,-0.92,0.67,-2.39,night
447005,2016-04-14,2016,SD,2016-04-14 13:05:00,13,3,0,3,1,26,5,6,255,83.7,2,31,0.0645,0.1667,1.0,10.0,5.0,3.0,142.0,86.9,27.0,0.3333,0.0,16.0,0.0,3.0,113.0,80.4,26.0,0.0,58.9,14.9,38.7,1026.9,0.0,6.9,4.3,45.3,NE,-6.39,-5.08,-6.92,day
447021,2016-04-15,2016,WSH,2016-04-15 19:05:00,19,1,9,10,3,16,6,20,303,84.8,5,59,0.0847,0.15,1.0,6.0,3.0,4.0,131.0,83.6,40.0,0.25,2.0,10.0,3.0,16.0,172.0,85.6,51.0,0.125,55.3,12.9,47.3,1028.6,0.0,9.5,5.9,170.7,S,8.04,9.27,5.85,night
447036,2016-04-16,2016,WSH,2016-04-16 19:05:00,19,1,8,9,3,20,4,15,266,79.0,2,48,0.0417,0.2,1.0,10.0,1.0,7.0,137.0,76.8,39.0,0.1429,2.0,10.0,2.0,8.0,129.0,81.9,29.0,0.25,57.1,13.9,44.3,1028.7,0.0,7.6,4.7,126.7,SE,1.85,4.25,-0.77,night
447051,2016-04-17,2016,WSH,2016-04-17 13:35:00,13,3,2,5,2,19,7,15,301,87.0,4,51,0.0784,0.1333,1.0,9.0,2.0,7.0,144.0,83.8,37.0,0.1429,1.0,10.0,5.0,8.0,157.0,90.1,39.0,0.125,66.1,18.9,36.0,1028.5,0.0,5.4,3.3,325.3,NW,-2.91,-4.28,-1.19,day
447067,2016-04-18,2016,NYM,2016-04-18 19:05:00,19,2,5,7,4,25,6,17,278,84.3,2,44,0.0455,0.2353,0.0,13.0,3.0,7.0,132.0,80.7,28.0,0.0,4.0,12.0,3.0,10.0,146.0,87.0,38.0,0.4,66.8,19.3,54.7,1019.0,0.0,6.8,4.2,218.3,SW,6.51,5.49,6.75,night
447082,2016-04-19,2016,NYM,2016-04-19 19:05:00,19,1,11,12,6,14,5,21,313,86.6,9,60,0.15,0.2857,0.0,7.0,2.0,9.0,143.0,86.8,42.0,0.0,6.0,7.0,3.0,12.0,170.0,86.5,49.0,0.5,61.9,16.6,32.7,1019.0,0.0,13.3,8.3,343.3,N,-10.31,-12.56,-6.82,night
447096,2016-04-20,2016,NYM,2016-04-20 19:05:00,19,5,4,9,3,27,5,24,364,85.2,5,61,0.082,0.125,1.0,10.0,1.0,10.0,173.0,83.1,52.0,0.1,2.0,17.0,2.0,14.0,191.0,87.9,41.0,0.1429,60.7,16.0,40.3,1022.3,0.0,10.7,6.6,176.7,S,9.6,10.61,7.43,night
447202,2016-04-29,2016,CLE,2016-04-29 19:05:00,19,4,3,7,2,26,5,16,322,84.0,3,50,0.06,0.125,1.0,8.0,0.0,10.0,143.0,83.4,42.0,0.1,1.0,18.0,2.0,6.0,179.0,84.7,35.0,0.1667,48.5,9.2,72.3,1018.9,0.0,7.3,4.5,74.0,E,-4.52,-2.31,-6.2,night
447217,2016-04-30,2016,CLE,2016-04-30 19:05:00,19,4,3,7,1,11,4,16,266,88.2,5,55,0.0909,0.0625,1.0,6.0,3.0,7.0,126.0,85.4,35.0,0.1429,0.0,5.0,1.0,9.0,140.0,90.6,41.0,0.0,55.2,12.9,64.3,1023.1,0.0,9.6,6.0,155.7,SE,6.59,8.59,3.79,night
447232,2016-05-01,2016,CLE,2016-05-01 14:35:00,14,2,1,3,1,17,6,8,261,81.5,0,37,0.0,0.125,0.0,8.0,2.0,4.0,110.0,80.1,30.0,0.0,1.0,9.0,4.0,4.0,151.0,82.5,40.0,0.25,51.9,11.0,85.7,1019.6,0.3,11.7,7.3,129.3,SE,3.39,7.01,-0.65,day
447393,2016-05-13,2016,CIN,2016-05-13 19:05:00,19,3,2,5,0,18,6,11,238,87.9,1,38,0.0263,0.0,0.0,7.0,5.0,7.0,119.0,90.9,21.0,0.0,0.0,11.0,1.0,4.0,119.0,85.5,25.0,0.0,64.8,18.2,92.3,1008.8,0.0,8.1,5.1,240.3,SW,6.42,4.33,7.74,night
447408,2016-05-14,2016,CIN,2016-05-14 19:05:00,19,4,3,7,1,17,6,17,249,80.9,1,47,0.0213,0.0588,1.0,6.0,3.0,10.0,107.0,82.9,33.0,0.1,0.0,11.0,3.0,7.0,142.0,79.0,33.0,0.0,59.4,15.2,85.3,1004.6,0.4,10.3,6.4,231.9,SW,8.98,6.71,10.16,night
447423,2016-05-15,2016,CIN,2016-05-15 13:35:00,13,4,9,13,1,16,14,26,391,81.8,3,63,0.0476,0.0385,0.0,10.0,7.0,12.0,198.0,81.4,62.0,0.0,1.0,6.0,6.0,14.0,193.0,82.3,53.0,0.0714,55.3,12.9,44.7,1011.0,0.0,25.5,15.9,282.0,W,4.65,-4.21,12.96,day
447451,2016-05-16,2016,MIA,2016-05-16 19:05:00,19,3,5,8,2,17,9,20,312,86.3,2,56,0.0357,0.1,0.0,9.0,2.0,10.0,141.0,84.1,41.0,0.0,2.0,8.0,5.0,10.0,171.0,88.8,36.0,0.2,59.0,15.0,48.7,1020.2,0.0,10.5,6.5,237.2,SW,8.63,6.07,10.16,night
447466,2016-05-17,2016,MIA,2016-05-17 19:05:00,19,3,1,4,1,26,3,14,278,83.7,3,39,0.0769,0.0714,1.0,9.0,0.0,6.0,109.0,80.6,29.0,0.1667,0.0,17.0,3.0,8.0,169.0,86.3,35.0,0.0,52.9,11.6,89.0,1020.6,0.0,2.6,1.6,199.5,S,2.63,2.52,2.42,night
447480,2016-05-18,2016,MIA,2016-05-18 13:05:00,13,4,2,6,1,12,6,14,253,82.6,2,49,0.0408,0.0714,1.0,6.0,4.0,8.0,135.0,82.6,35.0,0.125,0.0,6.0,1.0,6.0,118.0,82.7,39.0,0.0,63.7,17.6,47.7,1019.6,0.0,6.6,4.1,74.7,E,-4.05,-2.02,-5.59,day
447487,2016-05-20,2016,ATL,2016-05-20 19:05:00,19,1,7,8,3,15,7,14,286,85.5,3,54,0.0556,0.2143,0.0,9.0,2.0,6.0,140.0,84.2,42.0,0.0,3.0,6.0,3.0,8.0,146.0,87.1,36.0,0.375,66.3,19.1,51.7,1021.8,0.0,11.1,6.9,161.0,S,8.34,10.36,5.31,night
447502,2016-05-21,2016,ATL,2016-05-21 15:05:00,15,0,2,2,0,12,6,8,277,85.2,1,49,0.0204,0.0,0.0,8.0,1.0,2.0,123.0,84.9,27.0,0.0,0.0,4.0,5.0,6.0,154.0,85.4,49.0,0.0,59.6,15.3,79.7,1014.9,0.6,10.7,6.6,62.3,NE,-8.22,-5.38,-10.06,day
447517,2016-05-22,2016,ATL,2016-05-22 13:35:00,13,5,0,5,1,7,2,19,240,83.2,2,60,0.0333,0.0526,1.0,3.0,1.0,13.0,126.0,83.6,46.0,0.0769,0.0,4.0,1.0,6.0,114.0,82.7,34.0,0.0,63.1,17.3,61.7,1010.1,0.4,7.6,4.7,33.7,NE,-7.42,-6.47,-7.48,day
447638,2016-05-30,2016,WSH,2016-05-30 19:05:00,19,3,4,7,2,17,5,11,245,83.4,4,46,0.087,0.1818,1.0,8.0,2.0,6.0,128.0,81.7,39.0,0.1667,1.0,9.0,3.0,5.0,117.0,86.1,25.0,0.2,73.0,22.8,85.0,1014.5,0.1,10.2,6.3,202.7,SW,10.17,9.54,9.56,night
447653,2016-05-31,2016,WSH,2016-05-31 19:05:00,19,1,5,6,4,18,4,12,268,86.1,2,46,0.0435,0.3333,0.0,8.0,2.0,4.0,124.0,86.2,36.0,0.0,4.0,10.0,2.0,8.0,144.0,86.0,32.0,0.5,79.6,26.4,58.3,1013.7,0.0,3.8,2.4,298.0,NW,-0.37,-1.65,0.96,night
447668,2016-06-01,2016,WSH,2016-06-01 19:05:00,19,2,7,9,3,20,4,18,261,85.4,2,51,0.0392,0.1667,1.0,12.0,3.0,6.0,131.0,82.1,35.0,0.1667,2.0,8.0,1.0,12.0,130.0,88.4,39.0,0.1667,76.5,24.7,65.0,1017.8,0.0,9.8,6.1,146.7,SE,5.53,7.98,2.41,night
447674,2016-06-02,2016,MIL,2016-06-02 19:05:00,19,1,4,5,3,19,3,17,297,84.2,3,50,0.06,0.1765,1.0,11.0,0.0,5.0,138.0,81.2,32.0,0.2,2.0,8.0,2.0,12.0,159.0,86.6,39.0,0.1667,72.3,22.4,75.0,1016.8,0.0,12.0,7.5,141.0,SE,5.74,9.01,1.78,night
447685,2016-06-03,2016,MIL,2016-06-03 19:05:00,19,6,3,9,3,15,9,12,271,85.2,1,45,0.0222,0.25,2.0,6.0,4.0,7.0,108.0,86.4,31.0,0.2857,1.0,9.0,5.0,5.0,163.0,84.3,42.0,0.2,70.1,21.2,89.0,1016.3,0.0,5.8,3.6,132.7,SE,2.01,3.77,0.02,night
447700,2016-06-04,2016,MIL,2016-06-04 15:05:00,15,3,6,9,4,11,7,17,313,83.9,6,60,0.1,0.2353,2.0,4.0,2.0,7.0,131.0,84.2,36.0,0.2857,2.0,7.0,5.0,10.0,182.0,83.6,47.0,0.2,79.9,26.6,62.3,1013.6,0.0,6.9,4.3,202.0,S,6.87,6.47,6.43,day
447715,2016-06-05,2016,MIL,2016-06-05 13:35:00,13,8,1,9,3,15,5,24,294,85.5,3,58,0.0517,0.125,3.0,2.0,1.0,13.0,141.0,86.7,46.0,0.2308,0.0,13.0,3.0,11.0,153.0,84.0,37.0,0.0,76.5,24.7,82.7,1005.3,0.1,14.2,8.8,187.0,S,13.65,14.12,11.53,day
447725,2016-06-06,2016,CHC,2016-06-06 19:05:00,19,4,6,10,3,18,0,22,282,84.0,4,57,0.0702,0.1364,2.0,10.0,0.0,9.0,118.0,82.0,28.0,0.2222,1.0,8.0,0.0,13.0,164.0,85.3,41.0,0.0769,76.6,24.8,57.0,1004.4,0.0,12.1,7.5,204.3,SW,12.09,11.23,11.5,night
447736,2016-06-07,2016,CHC,2016-06-07 19:05:00,19,3,2,5,1,17,6,12,261,84.3,0,45,0.0,0.0833,1.0,8.0,3.0,6.0,126.0,84.5,35.0,0.1667,0.0,9.0,2.0,6.0,135.0,84.1,34.0,0.0,73.6,23.1,46.0,1000.0,0.0,13.3,8.3,300.7,NW,-1.89,-6.29,2.73,night
447751,2016-06-08,2016,CHC,2016-06-08 13:05:00,13,1,8,9,2,18,3,16,278,84.4,3,49,0.0612,0.125,0.0,11.0,1.0,3.0,125.0,86.0,28.0,0.0,2.0,7.0,2.0,13.0,153.0,83.5,48.0,0.1538,59.8,15.4,66.3,1006.3,0.7,24.6,15.3,310.0,NW,-7.39,-14.95,1.07,day
447856,2016-06-15,2016,TOR,2016-06-15 19:05:00,19,2,7,9,3,13,6,15,299,82.6,4,54,0.0741,0.2,1.0,7.0,2.0,6.0,135.0,80.2,42.0,0.1667,2.0,6.0,4.0,9.0,164.0,85.7,34.0,0.2222,69.8,21.0,76.0,1010.9,0.0,7.3,4.6,202.0,S,7.33,6.91,6.87,night
447865,2016-06-16,2016,TOR,2016-06-16 19:05:00,19,2,13,15,5,17,5,22,294,86.5,7,60,0.1167,0.2273,0.0,6.0,2.0,5.0,106.0,86.2,36.0,0.0,5.0,11.0,3.0,17.0,188.0,86.7,51.0,0.2941,68.7,20.4,78.3,1007.0,0.0,4.7,2.9,56.3,NE,-3.9,-2.77,-4.56,night
447867,2016-06-17,2016,AZ,2016-06-17 19:05:00,19,2,10,12,6,25,2,23,303,84.4,7,52,0.1346,0.2609,0.0,10.0,1.0,7.0,136.0,84.5,39.0,0.0,6.0,15.0,1.0,16.0,167.0,84.3,50.0,0.375,72.0,22.2,49.0,1016.6,0.0,12.6,7.8,117.7,SE,1.13,5.34,-3.22,night
447882,2016-06-18,2016,AZ,2016-06-18 15:05:00,15,1,4,5,4,18,2,15,248,79.3,3,50,0.06,0.2667,1.0,7.0,1.0,4.0,102.0,80.5,25.0,0.25,3.0,11.0,1.0,11.0,146.0,78.7,49.0,0.2727,81.9,27.7,37.3,1023.5,0.0,6.3,3.9,198.3,S,6.25,6.03,5.72,day
447897,2016-06-19,2016,AZ,2016-06-19 13:35:00,13,1,5,6,0,17,7,13,277,85.3,2,51,0.0392,0.0,0.0,8.0,3.0,3.0,122.0,83.6,34.0,0.0,0.0,9.0,3.0,10.0,155.0,86.6,49.0,0.0,87.9,31.0,32.0,1024.7,0.0,8.2,5.1,285.0,W,1.07,-1.77,3.79,day
447912,2016-06-20,2016,AZ,2016-06-20 13:05:00,13,1,3,4,1,17,1,13,235,81.0,1,47,0.0213,0.0769,0.0,7.0,1.0,6.0,124.0,78.6,43.0,0.0,1.0,10.0,0.0,7.0,111.0,83.9,37.0,0.1429,89.1,31.7,35.0,1018.4,0.0,8.9,5.5,245.6,SW,6.49,4.02,8.18,day
448064,2016-07-01,2016,KC,2016-07-01 19:05:00,19,4,3,7,2,18,4,20,295,84.1,3,50,0.06,0.1,1.0,11.0,3.0,12.0,149.0,81.3,42.0,0.0833,1.0,7.0,1.0,8.0,146.0,87.1,40.0,0.125,76.9,24.9,83.0,1011.8,0.0,8.3,5.2,209.1,SW,8.25,7.42,8.07,night
448079,2016-07-02,2016,KC,2016-07-02 17:50:00,17,2,6,8,2,20,2,17,274,79.6,1,49,0.0204,0.1176,0.0,9.0,0.0,7.0,114.0,81.1,36.0,0.0,2.0,11.0,2.0,10.0,160.0,78.4,46.0,0.2,77.9,25.5,36.7,1017.2,0.0,11.9,7.4,303.7,NW,-2.31,-6.18,1.83,night
448094,2016-07-03,2016,KC,2016-07-03 13:35:00,13,7,2,9,4,15,4,18,261,82.3,3,52,0.0577,0.2222,3.0,4.0,1.0,11.0,122.0,84.1,44.0,0.2727,1.0,11.0,3.0,7.0,139.0,80.1,33.0,0.1429,75.9,24.4,50.3,1019.3,0.0,10.1,6.3,180.0,S,9.36,10.12,7.47,day
448102,2016-07-04,2016,ATL,2016-07-04 16:05:00,16,8,2,10,3,13,4,18,242,87.2,4,57,0.0702,0.1667,2.0,4.0,1.0,12.0,117.0,87.9,39.0,0.1667,1.0,9.0,3.0,6.0,125.0,86.5,37.0,0.1667,73.8,23.2,76.3,1015.9,0.3,13.1,8.1,193.0,S,12.89,12.85,11.37,day
448117,2016-07-05,2016,ATL,2016-07-05 19:05:00,19,5,1,6,5,15,2,14,218,87.3,4,46,0.087,0.3571,4.0,9.0,1.0,8.0,126.0,87.9,31.0,0.5,1.0,6.0,0.0,6.0,92.0,86.6,29.0,0.1667,82.4,28.0,63.3,1009.6,0.0,7.5,4.6,282.7,W,1.27,-1.32,3.71,night
448132,2016-07-06,2016,ATL,2016-07-06 13:05:00,13,4,3,7,2,11,6,16,261,84.1,1,56,0.0179,0.125,2.0,6.0,3.0,9.0,132.0,86.6,35.0,0.2222,0.0,5.0,2.0,7.0,129.0,82.2,45.0,0.0,89.6,32.0,49.0,1011.0,0.0,9.3,5.8,261.3,W,4.81,1.8,7.24,day
448213,2016-07-15,2016,NYM,2016-07-15 19:05:00,19,3,5,8,2,17,4,14,272,81.2,1,52,0.0192,0.1429,0.0,9.0,2.0,5.0,124.0,80.8,36.0,0.0,2.0,8.0,2.0,9.0,148.0,81.6,43.0,0.2222,85.3,29.6,56.0,1011.7,0.0,10.8,6.7,227.0,SW,9.83,7.71,10.77,night
448228,2016-07-16,2016,NYM,2016-07-16 19:05:00,19,4,2,6,1,12,4,16,275,82.8,1,55,0.0182,0.0625,1.0,6.0,2.0,10.0,143.0,80.9,43.0,0.1,0.0,6.0,2.0,6.0,132.0,85.0,37.0,0.0,79.3,26.3,80.0,1017.5,1.1,5.9,3.7,176.4,S,5.3,5.87,4.09,night
448243,2016-07-17,2016,NYM,2016-07-17 13:35:00,13,0,5,5,2,12,3,9,253,82.1,1,50,0.02,0.2222,0.0,7.0,1.0,1.0,105.0,79.0,29.0,0.0,2.0,5.0,2.0,8.0,148.0,84.0,46.0,0.25,89.2,31.8,42.7,1019.2,0.0,7.6,4.7,240.5,SW,5.97,4.01,7.2,day
448253,2016-07-18,2016,MIA,2016-07-18 19:05:00,19,2,3,5,2,28,7,10,301,84.2,3,45,0.0667,0.2,1.0,18.0,3.0,4.0,159.0,81.8,32.0,0.25,1.0,10.0,4.0,6.0,142.0,86.6,33.0,0.1667,82.3,27.9,67.3,1016.6,0.0,10.0,6.2,243.7,SW,7.55,4.84,9.36,night
448280,2016-07-20,2016,MIA,2016-07-20 19:05:00,19,4,1,5,2,16,0,17,241,81.3,1,51,0.0196,0.1176,1.0,8.0,0.0,12.0,129.0,83.6,43.0,0.0833,1.0,8.0,0.0,5.0,112.0,78.2,32.0,0.2,77.7,25.4,67.0,1020.5,0.0,3.7,2.3,171.7,S,3.15,3.6,2.32,night
448293,2016-07-21,2016,MIA,2016-07-21 19:05:00,19,3,9,12,3,15,1,19,294,84.3,4,59,0.0678,0.1579,2.0,5.0,1.0,3.0,126.0,83.0,42.0,0.6667,1.0,10.0,0.0,16.0,168.0,85.5,47.0,0.0625,80.7,27.1,59.3,1017.7,0.0,13.0,8.1,196.0,S,12.95,12.67,11.66,night
448456,2016-08-02,2016,SF,2016-08-02 19:05:00,19,13,8,21,6,20,8,25,318,84.8,5,57,0.0877,0.24,3.0,11.0,3.0,15.0,155.0,87.4,38.0,0.2,3.0,9.0,5.0,10.0,163.0,82.6,45.0,0.3,74.8,23.8,67.3,1018.8,0.0,10.8,6.7,92.7,E,-3.66,0.03,-6.92,night
448471,2016-08-03,2016,SF,2016-08-03 19:05:00,19,5,4,9,2,17,6,19,343,83.6,4,71,0.0563,0.1053,2.0,13.0,3.0,9.0,171.0,84.9,44.0,0.2222,0.0,4.0,2.0,10.0,172.0,82.6,59.0,0.0,75.8,24.3,60.0,1020.1,0.0,10.9,6.8,126.3,SE,2.6,6.05,-1.17,night
448484,2016-08-04,2016,SF,2016-08-04 13:05:00,13,2,3,5,1,23,10,12,324,82.4,2,47,0.0426,0.0833,0.0,11.0,7.0,4.0,163.0,83.7,41.0,0.0,1.0,12.0,3.0,8.0,161.0,81.2,40.0,0.125,80.9,27.2,48.7,1020.2,0.0,4.9,3.0,129.7,SE,1.45,2.96,-0.24,day
448587,2016-08-12,2016,COL,2016-08-12 19:05:00,19,10,6,16,5,22,9,19,331,83.5,3,50,0.06,0.2632,1.0,11.0,6.0,11.0,172.0,83.2,49.0,0.0909,4.0,11.0,3.0,8.0,159.0,83.9,40.0,0.5,86.1,30.0,74.7,1012.1,0.0,12.4,7.7,208.3,SW,12.37,11.19,12.06,night
448602,2016-08-13,2016,COL,2016-08-13 19:05:00,19,6,3,9,3,15,7,19,288,82.2,3,52,0.0577,0.1579,1.0,6.0,5.0,6.0,138.0,81.5,35.0,0.1667,2.0,9.0,2.0,13.0,150.0,82.9,43.0,0.1538,87.4,30.8,73.0,1011.1,0.6,8.1,5.0,221.9,SW,7.61,6.23,8.07,night
448617,2016-08-14,2016,COL,2016-08-14 13:35:00,13,7,6,13,3,14,10,22,329,84.9,3,61,0.0492,0.1364,1.0,8.0,5.0,10.0,153.0,84.3,46.0,0.1,2.0,6.0,4.0,12.0,176.0,85.6,48.0,0.1667,93.6,34.2,50.3,1014.7,0.0,15.0,9.3,259.3,W,8.22,3.42,12.03,day
448638,2016-08-16,2016,LAD,2016-08-16 19:05:00,19,5,15,20,7,25,6,21,351,82.4,7,51,0.1373,0.3333,3.0,13.0,1.0,8.0,143.0,81.1,39.0,0.375,4.0,12.0,5.0,13.0,208.0,83.3,51.0,0.3077,83.7,28.7,81.0,1016.8,4.5,12.1,7.5,217.0,SW,11.75,10.0,12.08,night
448653,2016-08-17,2016,LAD,2016-08-17 19:05:00,19,2,7,9,4,13,8,22,325,83.0,2,61,0.0328,0.1818,1.0,5.0,3.0,11.0,164.0,80.1,55.0,0.0909,3.0,8.0,5.0,11.0,161.0,87.3,38.0,0.2727,83.4,28.5,63.0,1016.0,0.0,6.1,3.8,342.7,N,-4.69,-5.74,-3.07,night
448669,2016-08-18,2016,LAD,2016-08-18 19:05:00,19,5,4,9,4,18,6,16,284,84.9,4,50,0.08,0.25,2.0,9.0,3.0,9.0,150.0,85.3,43.0,0.2222,2.0,9.0,1.0,7.0,134.0,84.5,35.0,0.2857,81.5,27.5,68.3,1013.3,0.0,2.6,1.6,311.5,NW,-0.85,-1.64,0.05,night
448688,2016-08-19,2016,STL,2016-08-19 19:05:00,19,3,4,7,4,19,8,20,353,83.8,3,63,0.0476,0.2,2.0,13.0,4.0,11.0,186.0,80.6,46.0,0.1818,2.0,6.0,3.0,9.0,167.0,86.4,56.0,0.2222,82.4,28.0,57.7,1012.2,0.0,4.3,2.7,358.9,N,-3.91,-4.26,-3.09,night
448703,2016-08-20,2016,STL,2016-08-20 19:05:00,19,4,2,6,3,21,1,20,272,82.5,2,46,0.0435,0.15,2.0,10.0,0.0,11.0,138.0,81.5,43.0,0.1818,1.0,11.0,1.0,9.0,134.0,83.5,41.0,0.1111,80.0,26.7,68.0,1011.0,0.0,12.9,8.0,159.3,S,9.39,11.83,5.81,night
448718,2016-08-21,2016,STL,2016-08-21 13:35:00,13,0,9,9,4,18,3,22,307,82.9,4,56,0.0714,0.1818,0.0,8.0,1.0,9.0,126.0,83.2,33.0,0.0,4.0,10.0,2.0,13.0,181.0,82.7,57.0,0.3077,81.7,27.6,65.3,1008.8,0.4,12.8,8.0,180.7,S,11.92,12.83,9.57,day
448829,2016-08-29,2016,WSH,2016-08-29 19:05:00,19,0,4,4,1,12,3,13,277,85.0,4,53,0.0755,0.0769,0.0,7.0,1.0,4.0,127.0,85.4,29.0,0.0,1.0,5.0,2.0,9.0,150.0,84.8,49.0,0.1111,84.2,29.0,40.3,1018.8,0.0,13.0,8.1,8.0,N,-12.59,-12.94,-10.71,night
448844,2016-08-30,2016,WSH,2016-08-30 19:05:00,19,2,3,5,1,19,5,10,253,85.5,1,42,0.0238,0.1,1.0,12.0,2.0,3.0,114.0,83.6,30.0,0.3333,0.0,7.0,3.0,7.0,139.0,87.2,36.0,0.0,80.7,27.1,58.3,1016.6,0.0,2.5,1.5,46.4,NE,-2.26,-1.78,-2.46,night
448859,2016-08-31,2016,WSH,2016-08-31 19:05:00,19,1,2,3,2,14,3,8,286,81.4,2,47,0.0426,0.25,1.0,6.0,2.0,2.0,135.0,82.6,37.0,0.5,1.0,8.0,1.0,6.0,151.0,80.2,38.0,0.1667,82.6,28.1,56.0,1011.9,0.0,5.9,3.6,241.7,SW,4.55,3.01,5.54,night
448865,2016-09-02,2016,ATL,2016-09-02 19:05:00,19,4,8,12,2,20,7,22,327,85.9,2,55,0.0364,0.0909,1.0,11.0,2.0,9.0,148.0,86.1,37.0,0.1111,1.0,9.0,5.0,13.0,179.0,85.7,44.0,0.0769,73.9,23.3,58.3,1018.3,0.0,5.0,3.1,29.7,NE,-4.99,-4.48,-4.91,night
448880,2016-09-03,2016,ATL,2016-09-03 19:05:00,19,4,6,10,3,18,5,15,328,82.8,4,59,0.0678,0.2,1.0,9.0,1.0,6.0,176.0,83.4,56.0,0.1667,2.0,9.0,2.0,9.0,152.0,82.1,43.0,0.2222,70.4,21.3,61.0,1020.0,0.0,9.0,5.6,71.3,E,-5.9,-3.24,-7.86,night
448895,2016-09-04,2016,ATL,2016-09-04 13:35:00,13,0,2,2,2,22,9,13,292,82.1,2,44,0.0455,0.1538,0.0,13.0,3.0,5.0,151.0,83.9,33.0,0.0,2.0,9.0,4.0,8.0,141.0,80.6,37.0,0.25,77.6,25.3,43.7,1022.8,0.0,12.4,7.7,53.7,NE,-10.61,-7.78,-12.17,day
449016,2016-09-12,2016,PIT,2016-09-12 19:05:00,19,6,2,8,1,19,11,14,317,83.3,2,44,0.0455,0.0714,1.0,11.0,8.0,9.0,166.0,84.2,34.0,0.1111,0.0,8.0,3.0,5.0,151.0,82.5,37.0,0.0,74.2,23.4,48.3,1021.8,0.0,9.5,5.9,122.3,SE,1.62,4.71,-1.67,night
449031,2016-09-13,2016,PIT,2016-09-13 19:05:00,19,3,5,8,1,22,10,13,293,82.5,1,42,0.0238,0.0769,0.0,15.0,3.0,6.0,138.0,82.5,23.0,0.0,1.0,7.0,5.0,7.0,155.0,82.5,33.0,0.1429,75.3,24.1,63.3,1019.3,0.0,13.6,8.4,182.7,S,12.76,13.57,10.42,night
449046,2016-09-14,2016,PIT,2016-09-14 19:05:00,19,6,2,8,3,16,6,24,266,84.7,1,54,0.0185,0.125,2.0,9.0,0.0,15.0,120.0,84.5,43.0,0.1333,1.0,7.0,6.0,9.0,146.0,84.9,34.0,0.1111,82.2,27.9,46.0,1017.1,0.0,10.7,6.6,343.7,N,-8.31,-10.1,-5.53,night
449057,2016-09-15,2016,PIT,2016-09-15 19:05:00,19,2,15,17,5,17,3,18,296,85.6,6,55,0.1091,0.2778,0.0,9.0,0.0,5.0,118.0,84.4,36.0,0.0,5.0,8.0,3.0,13.0,178.0,86.6,48.0,0.3846,71.4,21.9,43.3,1023.2,0.0,9.9,6.2,110.3,E,-0.38,3.04,-3.75,night
449065,2016-09-16,2016,MIA,2016-09-16 19:05:00,19,4,3,7,2,30,9,26,423,84.6,1,70,0.0143,0.0769,1.0,18.0,4.0,13.0,207.0,85.5,46.0,0.0769,1.0,12.0,3.0,13.0,216.0,84.0,61.0,0.0769,68.6,20.3,55.3,1024.1,0.0,11.9,7.4,139.7,SE,5.42,8.7,1.48,night
449080,2016-09-17,2016,MIA,2016-09-17 19:05:00,19,8,0,8,1,16,5,14,250,85.2,1,47,0.0213,0.0714,1.0,11.0,4.0,11.0,144.0,87.4,40.0,0.0909,0.0,5.0,0.0,3.0,106.0,82.1,27.0,0.0,74.5,23.6,70.0,1019.4,0.0,10.7,6.6,176.3,S,9.57,10.6,7.38,night
449095,2016-09-18,2016,MIA,2016-09-18 13:35:00,13,4,5,9,3,16,7,16,306,82.9,2,52,0.0385,0.1875,2.0,8.0,5.0,8.0,162.0,84.8,37.0,0.25,1.0,8.0,2.0,8.0,144.0,81.3,45.0,0.125,83.4,28.5,59.3,1016.6,0.0,11.9,7.4,217.0,SW,11.52,9.81,11.85,day
449119,2016-09-20,2016,CWS,2016-09-20 19:05:00,19,7,6,13,2,9,8,22,301,84.7,3,59,0.0508,0.0909,1.0,6.0,3.0,12.0,137.0,83.2,43.0,0.0833,1.0,3.0,5.0,10.0,164.0,86.2,45.0,0.1,75.6,24.2,80.3,1019.0,0.0,4.4,2.7,168.6,S,3.63,4.24,2.57,night
449134,2016-09-21,2016,CWS,2016-09-21 19:05:00,19,8,3,11,4,15,5,17,266,86.7,3,50,0.06,0.2353,1.0,8.0,3.0,10.0,145.0,86.3,37.0,0.1,3.0,7.0,2.0,7.0,121.0,87.2,33.0,0.4286,74.8,23.8,65.3,1020.5,0.0,5.3,3.3,94.0,E,-1.69,0.14,-3.32,night
449262,2016-09-30,2016,NYM,2016-09-30 19:05:00,19,1,5,6,1,20,3,16,290,86.0,3,50,0.06,0.0625,0.0,14.0,1.0,7.0,129.0,88.4,32.0,0.0,1.0,6.0,1.0,9.0,161.0,84.0,41.0,0.1111,61.4,16.3,83.0,1022.6,0.0,18.0,11.2,48.3,NE,-16.2,-12.54,-17.91,night
449277,2016-10-01,2016,NYM,2016-10-01 13:05:00,13,3,5,8,3,16,4,19,282,82.9,3,54,0.0556,0.1579,2.0,10.0,1.0,8.0,133.0,83.9,40.0,0.25,1.0,6.0,2.0,11.0,149.0,82.0,41.0,0.0909,64.8,18.2,87.0,1020.1,2.2,16.1,10.0,68.7,E,-11.13,-6.49,-14.42,day
449292,2016-10-02,2016,NYM,2016-10-02 15:05:00,15,5,2,7,0,12,4,18,250,82.7,1,55,0.0182,0.0,0.0,3.0,2.0,10.0,106.0,84.4,43.0,0.0,0.0,9.0,2.0,8.0,144.0,81.0,44.0,0.0,70.1,21.2,72.7,1016.6,0.2,1.8,1.1,249.8,W,1.24,0.71,1.63,day
490162,2017-04-07,2017,WSH,2017-04-07 15:05:00,15,6,7,13,5,26,10,20,327,83.3,3,44,0.0682,0.25,2.0,9.0,4.0,9.0,149.0,82.8,45.0,0.2222,3.0,17.0,6.0,11.0,178.0,84.0,30.0,0.2727,48.3,9.0,46.3,998.7,0.1,29.1,18.1,289.3,W,1.61,-8.43,11.45,day
490177,2017-04-08,2017,WSH,2017-04-08 19:05:00,19,17,3,20,2,20,7,25,340,85.5,5,54,0.0926,0.08,2.0,10.0,5.0,15.0,196.0,86.3,50.0,0.1333,0.0,10.0,2.0,10.0,144.0,84.5,37.0,0.0,50.1,10.1,44.0,1013.4,0.0,9.6,5.9,288.7,W,0.64,-2.66,3.87,night
490192,2017-04-09,2017,WSH,2017-04-09 13:35:00,13,4,3,7,1,14,9,13,289,84.6,3,51,0.0588,0.0769,0.0,8.0,5.0,7.0,139.0,83.3,38.0,0.0,1.0,6.0,4.0,6.0,150.0,86.0,37.0,0.1667,63.9,17.7,30.3,1021.4,0.0,14.1,8.8,230.7,SW,12.43,9.4,13.96,day
490198,2017-04-10,2017,NYM,2017-04-10 19:05:00,19,3,4,7,3,14,9,14,280,85.2,2,50,0.04,0.2143,1.0,6.0,4.0,10.0,155.0,83.5,42.0,0.1,2.0,8.0,4.0,4.0,125.0,87.4,32.0,0.5,66.6,19.2,52.0,1019.6,0.0,13.5,8.4,192.3,S,13.29,13.3,11.67,night
490211,2017-04-11,2017,NYM,2017-04-11 19:05:00,19,4,14,18,8,17,7,28,359,83.2,7,65,0.1077,0.2857,1.0,8.0,2.0,8.0,149.0,79.6,43.0,0.125,7.0,9.0,4.0,20.0,210.0,86.0,56.0,0.35,68.5,20.3,61.7,1018.3,0.0,9.4,5.8,196.6,S,9.35,9.12,8.46,night
490224,2017-04-12,2017,NYM,2017-04-12 19:05:00,19,4,5,9,2,20,7,12,293,82.1,2,43,0.0465,0.1667,1.0,7.0,2.0,6.0,136.0,83.3,38.0,0.1667,1.0,13.0,5.0,6.0,157.0,81.0,41.0,0.1667,63.8,17.7,54.7,1022.3,0.0,9.3,5.8,268.3,W,3.79,0.67,6.46,night
490336,2017-04-21,2017,ATL,2017-04-21 19:05:00,19,4,3,7,2,12,1,17,233,83.9,5,55,0.0909,0.1176,0.0,5.0,1.0,11.0,114.0,84.1,38.0,0.0,2.0,7.0,0.0,6.0,119.0,83.8,34.0,0.3333,60.4,15.8,87.3,1011.3,0.3,9.6,5.9,39.3,NE,-9.16,-7.66,-9.55,night
490351,2017-04-22,2017,ATL,2017-04-22 19:05:00,19,4,3,7,1,23,7,17,331,81.6,3,50,0.06,0.0588,0.0,11.0,3.0,11.0,155.0,82.9,37.0,0.0,1.0,12.0,3.0,6.0,176.0,80.6,44.0,0.1667,52.8,11.5,86.3,1014.8,0.9,10.3,6.4,347.3,N,-8.39,-9.91,-5.86,night
490366,2017-04-23,2017,ATL,2017-04-23 13:35:00,13,5,2,7,4,14,4,14,254,81.3,3,50,0.06,0.2857,3.0,9.0,2.0,8.0,123.0,83.9,33.0,0.375,1.0,5.0,2.0,6.0,131.0,79.6,50.0,0.1667,62.2,16.8,46.3,1018.8,0.0,5.1,3.1,68.5,E,-3.52,-2.06,-4.55,day
490411,2017-04-26,2017,MIA,2017-04-26 19:05:00,19,7,4,11,4,12,4,18,269,85.5,2,55,0.0364,0.2222,3.0,7.0,2.0,10.0,135.0,87.5,40.0,0.3,1.0,5.0,2.0,8.0,134.0,83.9,50.0,0.125,60.2,15.7,88.7,1008.9,0.0,5.9,3.7,130.9,SE,1.86,3.67,-0.16,night
490423,2017-04-27,2017,MIA,2017-04-27 13:05:00,13,3,2,5,0,6,5,16,276,78.7,1,58,0.0172,0.0,0.0,2.0,5.0,7.0,137.0,82.1,38.0,0.0,0.0,4.0,0.0,9.0,139.0,76.3,51.0,0.0,77.2,25.1,64.3,1010.0,0.0,12.7,7.9,185.8,S,12.13,12.65,10.16,day
490543,2017-05-05,2017,WSH,2017-05-05 19:05:00,19,2,4,6,3,23,6,20,339,83.4,4,51,0.0784,0.15,0.0,12.0,3.0,8.0,179.0,81.2,46.0,0.0,3.0,11.0,1.0,12.0,160.0,85.8,40.0,0.25,64.2,17.9,87.7,998.0,0.1,16.3,10.1,149.0,SE,9.71,13.62,4.63,night
490573,2017-05-07,2017,WSH,2017-05-07 14:35:00,14,6,5,11,3,16,11,18,350,82.6,4,59,0.0678,0.1667,1.0,8.0,4.0,11.0,175.0,83.2,37.0,0.0909,2.0,8.0,6.0,7.0,175.0,82.1,46.0,0.2857,55.5,13.0,50.7,1005.9,0.2,23.6,14.7,288.0,W,1.85,-6.32,9.8,day
490594,2017-05-09,2017,SEA,2017-05-09 19:05:00,19,9,10,19,5,13,12,27,347,83.6,7,68,0.1029,0.1852,3.0,7.0,6.0,11.0,158.0,84.3,46.0,0.2727,2.0,6.0,4.0,16.0,189.0,82.9,50.0,0.125,56.4,13.6,53.7,1014.1,0.0,8.1,5.0,319.6,NW,-3.69,-5.94,-1.0,night
490610,2017-05-10,2017,SEA,2017-05-10 13:05:00,13,6,11,17,5,10,12,27,356,83.5,8,71,0.1127,0.1852,3.0,4.0,5.0,11.0,174.0,85.3,44.0,0.2727,2.0,6.0,6.0,16.0,182.0,82.1,57.0,0.125,65.7,18.7,41.7,1015.0,0.0,8.1,5.0,331.7,NW,-5.12,-6.95,-2.66,day
490765,2017-05-22,2017,COL,2017-05-22 19:05:00,19,1,8,9,1,18,0,16,285,82.8,2,52,0.0385,0.0625,0.0,11.0,0.0,3.0,128.0,82.2,36.0,0.0,1.0,7.0,0.0,13.0,157.0,83.3,44.0,0.0769,64.5,18.0,92.7,1014.4,0.0,2.6,1.6,338.1,N,-1.83,-2.34,-1.11,night
490774,2017-05-23,2017,COL,2017-05-23 19:05:00,19,2,8,10,4,16,5,18,291,85.1,5,52,0.0962,0.2222,1.0,8.0,2.0,8.0,151.0,88.0,40.0,0.125,3.0,8.0,2.0,10.0,140.0,82.0,37.0,0.3,64.0,17.8,74.0,1009.5,0.0,4.8,3.0,96.5,E,-1.32,0.34,-2.82,night
490789,2017-05-24,2017,COL,2017-05-24 19:05:00,19,2,7,9,2,17,9,15,308,79.1,2,48,0.0417,0.1333,1.0,12.0,5.0,3.0,161.0,75.7,33.0,0.3333,1.0,5.0,4.0,12.0,147.0,81.8,43.0,0.0833,62.5,16.9,70.0,1007.7,0.0,14.8,9.2,109.3,E,-0.81,4.28,-5.81,night
490804,2017-05-25,2017,COL,2017-05-25 13:05:00,13,2,1,3,2,22,6,18,316,81.7,4,57,0.0702,0.1111,1.0,12.0,4.0,8.0,155.0,79.9,46.0,0.125,1.0,10.0,2.0,10.0,161.0,83.3,48.0,0.1,64.3,17.9,88.3,999.0,0.6,17.8,11.1,102.0,E,-3.25,2.94,-9.06,day
490818,2017-05-26,2017,CIN,2017-05-26 19:05:00,19,2,5,7,2,13,5,10,255,79.1,2,50,0.04,0.2,0.0,5.0,3.0,3.0,121.0,79.1,36.0,0.0,2.0,8.0,2.0,7.0,134.0,79.1,38.0,0.2857,68.6,20.3,61.0,1007.7,0.0,15.7,9.8,286.0,W,1.78,-3.67,7.02,night
490833,2017-05-27,2017,CIN,2017-05-27 16:05:00,16,4,3,7,4,13,4,16,279,84.9,4,52,0.0769,0.25,3.0,5.0,1.0,7.0,123.0,86.7,32.0,0.4286,1.0,8.0,3.0,9.0,156.0,83.4,41.0,0.1111,73.0,22.8,57.0,1011.1,0.0,8.7,5.4,274.0,W,2.76,-0.23,5.42,day
490848,2017-05-28,2017,CIN,2017-05-28 13:35:00,13,4,8,12,6,13,3,22,278,81.3,5,57,0.0877,0.2727,1.0,6.0,2.0,10.0,141.0,81.8,44.0,0.1,5.0,7.0,1.0,12.0,137.0,80.8,45.0,0.4167,74.1,23.4,61.3,1011.5,0.1,14.4,8.9,139.4,SE,6.49,10.48,1.72,day
490923,2017-06-02,2017,SF,2017-06-02 19:05:00,19,0,10,10,0,15,10,22,317,85.3,0,61,0.0,0.0,0.0,4.0,0.0,7.0,112.0,86.3,34.0,0.0,0.0,11.0,10.0,15.0,205.0,84.7,52.0,0.0,66.3,19.1,57.0,1013.4,0.0,10.3,6.4,286.7,W,1.05,-2.51,4.48,night
490938,2017-06-03,2017,SF,2017-06-03 16:05:00,16,5,3,8,1,13,4,19,283,84.2,3,52,0.0577,0.0526,1.0,10.0,1.0,11.0,141.0,90.8,33.0,0.0909,0.0,3.0,3.0,8.0,142.0,79.2,43.0,0.0,73.8,23.2,34.7,1014.1,0.0,14.5,9.0,307.4,NW,-3.73,-8.31,1.3,day
490953,2017-06-04,2017,SF,2017-06-04 13:35:00,13,9,7,16,6,13,8,17,312,84.3,6,53,0.1132,0.3529,4.0,6.0,3.0,10.0,150.0,87.8,37.0,0.4,2.0,7.0,5.0,7.0,162.0,81.8,53.0,0.2857,78.6,25.9,47.7,1012.8,0.0,13.6,8.5,208.0,SW,13.54,12.28,13.17,day
491078,2017-06-14,2017,BOS,2017-06-14 19:05:00,19,3,7,10,3,9,7,19,285,85.5,6,60,0.1,0.1579,1.0,6.0,4.0,6.0,148.0,83.6,38.0,0.1667,2.0,3.0,3.0,13.0,137.0,87.4,38.0,0.1538,76.1,24.5,56.0,1014.4,0.0,12.1,7.5,137.3,SE,5.08,8.53,1.02,night
491091,2017-06-15,2017,BOS,2017-06-15 19:05:00,19,1,0,1,0,22,4,9,249,82.8,0,37,0.0,0.0,0.0,10.0,1.0,4.0,110.0,81.1,32.0,0.0,0.0,12.0,3.0,5.0,139.0,84.3,35.0,0.0,72.4,22.4,46.0,1014.6,0.0,13.7,8.5,126.7,SE,3.34,7.68,-1.39,night
491100,2017-06-16,2017,AZ,2017-06-16 19:05:00,19,4,5,9,2,17,5,17,283,82.5,4,54,0.0741,0.1176,1.0,9.0,2.0,5.0,124.0,81.3,32.0,0.2,1.0,8.0,3.0,12.0,159.0,83.4,42.0,0.0833,74.8,23.8,81.0,1012.0,0.1,10.7,6.6,34.8,NE,-10.45,-9.04,-10.6,night
491115,2017-06-17,2017,AZ,2017-06-17 16:05:00,16,1,5,6,0,18,9,18,326,82.3,0,54,0.0,0.0,0.0,10.0,5.0,9.0,161.0,82.3,37.0,0.0,0.0,8.0,3.0,9.0,165.0,82.3,37.0,0.0,79.9,26.6,76.3,1011.2,0.8,14.4,8.9,201.7,S,14.37,13.57,13.43,day
491130,2017-06-18,2017,AZ,2017-06-18 13:35:00,13,4,5,9,5,22,9,24,383,81.2,2,57,0.0351,0.2083,2.0,15.0,6.0,11.0,196.0,83.3,44.0,0.1818,3.0,7.0,3.0,13.0,187.0,79.6,58.0,0.2308,84.7,29.3,67.7,1009.5,0.2,19.5,12.1,195.0,S,19.33,19.04,17.3,day
491168,2017-06-20,2017,STL,2017-06-20 19:05:00,19,1,8,9,3,19,6,19,333,82.8,3,62,0.0484,0.1579,0.0,10.0,2.0,7.0,156.0,80.3,38.0,0.0,3.0,9.0,4.0,12.0,177.0,84.7,49.0,0.25,78.9,26.0,56.7,1013.8,0.0,9.4,5.8,217.7,SW,9.07,7.69,9.37,night
491183,2017-06-21,2017,STL,2017-06-21 19:05:00,19,6,7,13,4,27,6,25,357,83.7,6,57,0.1053,0.16,0.0,10.0,2.0,16.0,184.0,82.5,51.0,0.0,4.0,17.0,1.0,9.0,173.0,85.1,40.0,0.4444,74.1,23.4,70.0,1013.2,0.0,10.3,6.4,267.9,W,4.27,0.82,7.21,night
491196,2017-06-22,2017,STL,2017-06-22 13:05:00,13,5,1,6,3,15,6,12,248,81.2,1,44,0.0227,0.25,2.0,6.0,3.0,8.0,121.0,85.0,35.0,0.25,1.0,9.0,2.0,4.0,127.0,76.9,30.0,0.25,86.0,30.0,49.0,1014.0,0.0,12.9,8.0,247.3,SW,9.12,5.47,11.68,day
491346,2017-07-03,2017,PIT,2017-07-03 19:05:00,19,4,0,4,2,12,2,11,239,84.6,3,50,0.06,0.1818,2.0,3.0,1.0,7.0,116.0,85.2,35.0,0.2857,0.0,9.0,1.0,4.0,123.0,83.9,29.0,0.0,82.1,27.8,58.3,1015.1,0.0,9.3,5.8,267.9,W,3.89,0.76,6.56,night
491358,2017-07-04,2017,PIT,2017-07-04 16:05:00,16,0,3,3,2,24,7,11,287,77.0,4,40,0.1,0.1818,0.0,14.0,5.0,6.0,154.0,76.4,39.0,0.0,2.0,10.0,2.0,5.0,133.0,77.7,36.0,0.4,83.9,28.8,59.0,1016.2,2.3,7.1,4.4,261.4,W,3.67,1.36,5.52,day
491373,2017-07-05,2017,PIT,2017-07-05 19:05:00,19,2,5,7,1,19,5,18,316,82.7,4,53,0.0755,0.0556,1.0,13.0,1.0,10.0,153.0,80.9,45.0,0.1,0.0,6.0,4.0,8.0,163.0,84.7,40.0,0.0,77.8,25.4,52.7,1020.2,0.0,10.5,6.5,117.7,SE,0.94,4.45,-2.68,night
491386,2017-07-06,2017,PIT,2017-07-06 18:05:00,18,3,6,9,2,12,5,17,268,81.8,3,53,0.0566,0.1176,0.0,4.0,3.0,6.0,123.0,79.0,38.0,0.0,2.0,8.0,2.0,11.0,145.0,84.1,47.0,0.1818,72.4,22.5,87.0,1015.1,0.4,10.9,6.8,71.6,E,-7.12,-3.88,-9.5,night
491403,2017-07-07,2017,SD,2017-07-07 18:35:00,18,3,4,7,4,20,2,17,266,80.7,2,51,0.0392,0.2353,1.0,8.0,2.0,9.0,136.0,79.4,44.0,0.1111,3.0,12.0,0.0,8.0,130.0,82.0,46.0,0.375,82.0,27.8,62.0,1006.9,0.0,12.0,7.5,240.3,SW,9.48,6.39,11.42,night
491418,2017-07-08,2017,SD,2017-07-08 16:05:00,16,1,2,3,1,18,5,9,239,80.1,2,43,0.0465,0.1111,1.0,8.0,3.0,4.0,117.0,83.8,33.0,0.25,0.0,10.0,2.0,5.0,122.0,76.7,37.0,0.0,83.9,28.8,51.3,1007.7,0.2,17.5,10.9,260.0,W,9.38,3.78,13.86,day
491433,2017-07-09,2017,SD,2017-07-09 13:35:00,13,7,1,8,6,22,2,18,267,84.8,6,46,0.1304,0.3333,6.0,9.0,0.0,9.0,132.0,84.6,35.0,0.6667,0.0,13.0,2.0,9.0,135.0,85.0,35.0,0.0,81.7,27.6,39.0,1016.4,0.0,9.9,6.1,257.7,W,5.64,2.53,8.07,day
491538,2017-07-21,2017,MIL,2017-07-21 19:05:00,19,6,1,7,2,20,7,14,280,79.0,2,43,0.0465,0.1429,1.0,8.0,5.0,8.0,163.0,79.0,53.0,0.125,1.0,12.0,2.0,6.0,117.0,79.0,28.0,0.1667,86.4,30.2,60.7,1010.9,0.0,9.2,5.7,231.7,SW,8.06,6.04,9.12,night
491553,2017-07-22,2017,MIL,2017-07-22 19:05:00,19,8,9,17,5,18,6,26,318,80.2,5,60,0.0833,0.1923,3.0,8.0,1.0,13.0,153.0,78.3,53.0,0.2308,2.0,10.0,5.0,13.0,165.0,82.8,40.0,0.1538,84.6,29.2,60.0,1007.0,0.1,12.5,7.8,220.0,SW,11.92,9.91,12.49,night
491568,2017-07-23,2017,MIL,2017-07-23 13:35:00,13,6,3,9,1,18,7,13,282,79.9,1,43,0.0233,0.0769,1.0,7.0,5.0,8.0,144.0,80.1,40.0,0.125,0.0,11.0,2.0,5.0,138.0,79.7,38.0,0.0,84.6,29.2,59.0,1007.8,0.0,3.3,2.0,335.8,NW,-2.24,-2.92,-1.29,day
491582,2017-07-24,2017,HOU,2017-07-24 19:05:00,19,4,13,17,2,17,10,28,345,86.1,2,61,0.0328,0.0714,0.0,11.0,4.0,10.0,150.0,86.4,36.0,0.0,2.0,6.0,6.0,18.0,195.0,85.8,52.0,0.1111,78.6,25.9,76.7,1009.5,4.4,8.2,5.1,143.1,SE,4.18,6.34,1.51,night
491595,2017-07-25,2017,HOU,2017-07-25 19:05:00,19,0,5,5,0,20,3,11,266,81.6,2,46,0.0435,0.0,0.0,12.0,1.0,4.0,138.0,79.8,30.0,0.0,0.0,8.0,2.0,7.0,128.0,83.0,39.0,0.0,73.3,23.0,69.7,1020.3,0.8,8.4,5.2,25.4,NE,-8.42,-7.77,-8.06,night
491610,2017-07-26,2017,HOU,2017-07-26 19:05:00,19,9,0,9,3,27,4,23,313,81.4,2,46,0.0435,0.1304,3.0,14.0,3.0,14.0,167.0,80.9,47.0,0.2143,0.0,13.0,1.0,9.0,146.0,81.9,40.0,0.0,72.6,22.6,71.0,1019.7,0.0,10.6,6.6,156.6,SE,7.37,9.53,4.33,night
491628,2017-07-28,2017,ATL,2017-07-28 19:05:00,19,10,3,13,6,17,7,23,280,84.7,4,54,0.0741,0.2609,4.0,8.0,3.0,12.0,139.0,85.5,43.0,0.3333,2.0,9.0,4.0,11.0,141.0,83.9,39.0,0.1818,76.5,24.7,82.3,1007.4,1.1,7.3,4.5,100.7,E,-1.49,1.03,-3.83,night
491643,2017-07-29,2017,ATL,2017-07-29 19:05:00,19,4,3,7,1,23,8,18,371,79.5,4,58,0.069,0.0556,1.0,12.0,5.0,8.0,192.0,77.9,46.0,0.125,0.0,11.0,1.0,10.0,179.0,80.8,54.0,0.0,71.4,21.9,65.3,1010.0,0.1,13.3,8.3,16.6,N,-13.26,-12.93,-12.0,night
491658,2017-07-30,2017,ATL,2017-07-30 13:35:00,13,2,1,3,0,17,9,17,295,80.6,0,49,0.0,0.0,0.0,10.0,5.0,9.0,152.0,81.2,29.0,0.0,0.0,7.0,3.0,8.0,143.0,80.3,47.0,0.0,79.8,26.6,42.0,1015.9,0.0,10.1,6.3,9.7,N,-9.85,-10.02,-8.49,day
491672,2017-07-31,2017,ATL,2017-07-31 12:35:00,12,7,6,13,4,12,8,19,319,81.1,3,58,0.0517,0.2105,2.0,6.0,4.0,9.0,155.0,80.4,41.0,0.2222,2.0,6.0,4.0,10.0,164.0,81.6,54.0,0.2,84.5,29.2,43.0,1017.9,0.0,5.4,3.4,337.0,NW,-3.81,-4.9,-2.25,day
491814,2017-08-10,2017,NYM,2017-08-10 19:05:00,19,0,10,10,4,24,4,17,302,82.4,3,44,0.0682,0.2353,0.0,13.0,1.0,4.0,141.0,77.7,37.0,0.0,4.0,11.0,3.0,13.0,161.0,86.5,42.0,0.3077,74.9,23.8,63.0,1021.0,0.0,9.1,5.7,187.3,S,8.81,9.1,7.47,night
491829,2017-08-11,2017,NYM,2017-08-11 19:05:00,19,6,7,13,4,20,6,26,318,84.9,5,58,0.0862,0.1538,1.0,12.0,4.0,13.0,178.0,82.8,51.0,0.0769,3.0,8.0,2.0,13.0,140.0,87.6,39.0,0.2308,75.1,24.0,75.3,1016.2,0.2,10.5,6.5,167.7,S,8.59,10.12,6.03,night
491844,2017-08-12,2017,NYM,2017-08-12 19:05:00,19,3,1,4,1,14,8,8,288,82.3,1,45,0.0222,0.125,0.0,3.0,4.0,5.0,135.0,81.5,38.0,0.0,1.0,11.0,4.0,3.0,153.0,83.1,35.0,0.3333,73.5,23.1,90.7,1011.4,0.6,10.2,6.3,201.4,S,10.16,9.62,9.48,night
491859,2017-08-13,2017,NYM,2017-08-13 13:35:00,13,2,6,8,2,18,5,19,329,80.5,5,55,0.0909,0.1053,0.0,8.0,5.0,7.0,155.0,79.3,42.0,0.0,2.0,10.0,0.0,12.0,174.0,81.5,56.0,0.1667,83.3,28.5,47.3,1014.1,0.0,8.8,5.5,332.0,NW,-5.6,-7.58,-2.94,day
490396,2017-08-22,2017,MIA,2017-04-25 19:05:00,19,4,7,11,5,18,6,21,352,80.8,4,55,0.0727,0.2381,3.0,7.0,2.0,8.0,157.0,81.4,47.0,0.375,2.0,11.0,4.0,13.0,195.0,80.3,57.0,0.1538,54.3,12.4,97.0,1008.6,2.7,26.5,16.4,51.3,NE,-23.19,-17.43,-26.15,night
491971,2017-08-22,2017,MIA,2017-08-22 16:05:00,16,8,12,20,9,24,5,22,326,81.4,7,51,0.1373,0.4091,5.0,13.0,2.0,8.0,164.0,81.8,46.0,0.625,4.0,11.0,3.0,14.0,162.0,81.0,51.0,0.2857,87.4,30.8,62.0,1010.4,0.1,20.0,12.4,209.7,SW,19.84,17.79,19.5,day
491986,2017-08-23,2017,MIA,2017-08-23 19:05:00,19,8,0,8,1,14,7,13,282,81.0,2,48,0.0417,0.0769,1.0,8.0,5.0,11.0,160.0,82.0,44.0,0.0909,0.0,6.0,2.0,2.0,122.0,79.7,35.0,0.0,73.6,23.1,65.7,1010.5,0.0,8.1,5.0,317.9,NW,-3.47,-5.77,-0.76,night
492001,2017-08-24,2017,MIA,2017-08-24 13:05:00,13,8,9,17,6,16,10,24,307,80.5,8,59,0.1356,0.25,2.0,9.0,3.0,12.0,155.0,80.7,46.0,0.1667,4.0,7.0,6.0,12.0,152.0,80.3,43.0,0.3333,81.0,27.2,35.7,1013.4,0.0,8.9,5.6,312.7,NW,-3.09,-5.77,-0.04,day
492009,2017-08-25,2017,CHC,2017-08-25 19:05:00,19,7,1,8,3,23,7,20,286,80.4,3,45,0.0667,0.15,2.0,9.0,3.0,11.0,139.0,80.5,38.0,0.1818,1.0,14.0,3.0,9.0,147.0,80.3,29.0,0.1111,70.9,21.6,60.3,1020.7,0.0,6.0,3.7,342.7,N,-4.63,-5.68,-3.03,night
492024,2017-08-26,2017,CHC,2017-08-26 19:05:00,19,2,17,19,7,18,5,22,310,81.8,8,56,0.1429,0.3182,1.0,9.0,0.0,8.0,114.0,78.2,37.0,0.125,6.0,9.0,5.0,14.0,196.0,84.3,53.0,0.4286,70.5,21.4,62.0,1022.7,0.0,6.2,3.9,18.6,N,-6.22,-5.99,-5.7,night
492039,2017-08-27,2017,CHC,2017-08-27 13:35:00,13,6,3,9,2,19,5,15,283,82.8,3,47,0.0638,0.1333,2.0,12.0,1.0,8.0,130.0,83.8,40.0,0.25,0.0,7.0,4.0,7.0,153.0,81.9,47.0,0.0,76.6,24.8,35.7,1023.1,0.0,9.9,6.2,56.7,NE,-8.19,-5.8,-9.6,day
492053,2017-08-28,2017,ATL,2017-08-28 19:05:00,19,6,1,7,1,17,3,17,264,80.9,1,49,0.0204,0.0588,1.0,9.0,3.0,10.0,138.0,80.8,40.0,0.1,0.0,8.0,0.0,7.0,126.0,81.0,31.0,0.0,68.5,20.3,58.0,1023.5,0.0,13.4,8.3,94.3,E,-4.19,0.42,-8.29,night
492063,2017-08-30,2017,ATL,2017-08-29 19:05:00,19,2,5,7,0,19,7,19,307,83.0,2,53,0.0377,0.0,0.0,12.0,4.0,6.0,158.0,81.7,38.0,0.0,0.0,7.0,2.0,13.0,149.0,84.1,42.0,0.0,63.9,17.7,93.0,1015.8,4.3,19.5,12.1,36.0,NE,-18.93,-16.23,-19.34,night
492078,2017-08-30,2017,ATL,2017-08-30 12:05:00,12,1,9,10,1,14,6,22,290,79.5,2,60,0.0333,0.0455,0.0,9.0,1.0,7.0,134.0,77.8,38.0,0.0,1.0,5.0,5.0,15.0,156.0,80.7,52.0,0.0667,75.1,24.0,49.0,1014.9,0.0,13.5,8.4,324.0,NW,-7.05,-10.57,-2.69,day
492262,2017-09-12,2017,MIA,2017-09-12 19:05:00,19,9,8,17,4,22,12,30,450,84.2,4,93,0.043,0.1333,2.0,10.0,7.0,17.0,232.0,84.6,67.0,0.1176,2.0,12.0,3.0,13.0,218.0,83.8,65.0,0.1538,67.1,19.5,69.7,1013.4,0.0,7.8,4.8,233.9,SW,6.65,4.86,7.65,night
492277,2017-09-13,2017,MIA,2017-09-13 19:05:00,19,8,1,9,3,21,4,17,234,81.8,2,47,0.0426,0.1765,2.0,7.0,1.0,13.0,113.0,83.2,35.0,0.1538,1.0,14.0,3.0,4.0,121.0,79.7,24.0,0.25,72.6,22.6,91.0,1010.7,0.0,4.1,2.6,189.1,S,4.02,4.11,3.45,night
492291,2017-09-14,2017,MIA,2017-09-14 19:05:00,19,10,0,10,4,21,7,22,301,82.8,4,48,0.0833,0.1818,4.0,10.0,3.0,14.0,150.0,83.1,49.0,0.2857,0.0,11.0,4.0,8.0,151.0,82.4,38.0,0.0,71.5,22.0,84.0,1012.7,0.2,10.2,6.4,218.3,SW,9.84,8.3,10.21,night
492304,2017-09-15,2017,ATH,2017-09-15 19:05:00,19,0,4,4,2,21,2,10,273,79.8,2,42,0.0476,0.2,0.0,7.0,0.0,2.0,118.0,84.3,27.0,0.0,2.0,14.0,2.0,8.0,155.0,76.5,37.0,0.25,76.0,24.5,68.0,1017.8,0.1,5.2,3.2,225.0,SW,4.8,3.83,5.2,night
492319,2017-09-16,2017,ATH,2017-09-16 19:05:00,19,5,3,8,3,15,4,11,274,81.6,3,47,0.0638,0.2727,1.0,7.0,3.0,8.0,150.0,83.7,41.0,0.125,2.0,8.0,1.0,3.0,124.0,79.3,38.0,0.6667,73.6,23.1,84.7,1019.4,0.0,5.3,3.3,120.6,SE,0.74,2.48,-1.09,night
492334,2017-09-17,2017,ATH,2017-09-17 13:35:00,13,3,6,9,3,20,7,12,301,84.0,3,48,0.0625,0.25,0.0,9.0,4.0,6.0,151.0,85.1,46.0,0.0,3.0,11.0,3.0,6.0,150.0,82.7,41.0,0.5,78.6,25.9,64.7,1019.5,0.0,2.2,1.4,84.2,E,-1.06,-0.32,-1.67,day
492343,2017-09-18,2017,LAD,2017-09-18 19:05:00,19,4,3,7,4,22,6,9,272,82.3,2,37,0.0541,0.4444,1.0,10.0,2.0,4.0,123.0,80.7,30.0,0.25,3.0,12.0,4.0,5.0,149.0,83.6,35.0,0.6,71.7,22.1,86.0,1017.4,0.0,12.3,7.6,59.0,NE,-9.89,-6.8,-11.8,night
492355,2017-09-19,2017,LAD,2017-09-19 19:05:00,19,6,2,8,2,18,6,17,274,80.9,4,47,0.0851,0.1176,1.0,9.0,4.0,8.0,158.0,79.9,45.0,0.125,1.0,9.0,2.0,9.0,116.0,82.3,31.0,0.1111,74.9,23.8,74.3,1010.9,0.6,17.7,11.0,9.0,N,-17.24,-17.62,-14.78,night
492370,2017-09-20,2017,LAD,2017-09-20 19:05:00,19,7,5,12,3,15,9,13,310,82.0,5,51,0.098,0.2308,2.0,8.0,2.0,6.0,130.0,77.7,33.0,0.3333,1.0,7.0,5.0,7.0,180.0,85.5,41.0,0.1429,75.4,24.1,70.7,1012.6,0.0,6.8,4.2,12.0,N,-6.72,-6.74,-5.89,night
492383,2017-09-21,2017,LAD,2017-09-21 13:05:00,13,4,5,9,3,19,9,14,314,80.1,6,50,0.12,0.2143,1.0,12.0,5.0,7.0,167.0,78.7,50.0,0.1429,2.0,7.0,4.0,7.0,147.0,81.8,39.0,0.2857,85.9,29.9,44.3,1015.1,0.0,11.0,6.8,2.7,N,-10.35,-11.0,-8.45,day
492443,2017-09-25,2017,WSH,2017-09-25 19:05:00,19,1,3,4,2,20,5,14,304,83.8,1,48,0.0208,0.1429,1.0,7.0,3.0,6.0,149.0,84.1,45.0,0.1667,1.0,13.0,2.0,8.0,155.0,83.4,35.0,0.125,77.6,25.3,71.0,1015.8,0.0,9.4,5.8,134.1,SE,3.46,6.24,0.26,night
492458,2017-09-26,2017,WSH,2017-09-26 19:05:00,19,4,1,5,1,25,9,10,309,79.2,1,35,0.0286,0.1,0.0,11.0,7.0,6.0,158.0,79.3,33.0,0.0,1.0,14.0,2.0,4.0,151.0,79.2,33.0,0.25,76.0,24.5,76.7,1013.9,0.0,11.0,6.8,77.0,E,-6.36,-2.93,-9.04,night
492473,2017-09-27,2017,WSH,2017-09-27 19:05:00,19,7,5,12,1,19,14,20,353,83.2,1,47,0.0213,0.05,0.0,7.0,7.0,9.0,165.0,84.3,41.0,0.0,1.0,12.0,6.0,11.0,188.0,82.1,39.0,0.0909,77.5,25.3,84.3,1008.1,0.0,8.6,5.4,53.8,NE,-7.38,-5.4,-8.47,night
492493,2017-09-29,2017,NYM,2017-09-29 19:05:00,19,6,2,8,5,8,4,20,270,81.4,2,61,0.0328,0.25,3.0,4.0,3.0,10.0,133.0,78.9,51.0,0.3,2.0,4.0,1.0,10.0,137.0,84.1,45.0,0.2,63.6,17.6,61.3,1016.4,0.0,8.0,5.0,230.4,SW,7.07,5.37,7.92,night
492508,2017-09-30,2017,NYM,2017-09-30 19:05:00,19,4,7,11,2,20,13,18,420,82.5,7,61,0.1148,0.1111,1.0,13.0,3.0,7.0,209.0,80.6,58.0,0.1429,1.0,7.0,9.0,11.0,211.0,84.8,48.0,0.0909,58.8,14.9,55.7,1025.0,0.0,17.7,11.0,359.0,N,-16.2,-17.63,-12.81,night
492523,2017-10-01,2017,NYM,2017-10-01 15:05:00,15,11,0,11,2,22,12,13,317,80.4,2,42,0.0476,0.1538,2.0,11.0,7.0,11.0,175.0,80.7,35.0,0.1818,0.0,11.0,5.0,2.0,142.0,80.2,35.0,0.0,68.0,20.0,42.3,1025.7,0.0,3.3,2.0,164.5,S,2.57,3.11,1.73,day
529503,2018-04-05,2018,MIA,2018-04-05 15:05:00,15,5,0,5,1,21,9,10,316,80.0,1,40,0.025,0.1,1.0,9.0,7.0,6.0,184.0,79.5,35.0,0.1667,0.0,12.0,0.0,4.0,132.0,80.6,35.0,0.0,45.0,7.2,32.3,1019.5,0.0,28.3,17.6,281.7,W,5.32,-4.51,14.5,day
529525,2018-04-07,2018,MIA,2018-04-07 18:05:00,18,20,1,21,4,21,7,25,337,85.9,8,54,0.1481,0.16,4.0,11.0,6.0,20.0,200.0,87.4,56.0,0.2,0.0,10.0,1.0,5.0,137.0,83.7,40.0,0.0,44.1,6.7,37.3,1012.3,0.0,5.8,3.6,271.3,W,2.1,0.12,3.82,night
529540,2018-04-08,2018,MIA,2018-04-08 13:35:00,13,3,6,9,1,15,9,14,301,83.3,1,48,0.0208,0.0714,0.0,5.0,4.0,7.0,153.0,82.5,39.0,0.0,1.0,10.0,4.0,7.0,148.0,84.1,39.0,0.1429,44.8,7.1,33.0,1011.9,0.0,21.6,13.4,314.0,NW,-7.93,-14.33,-0.56,day
529549,2018-04-09,2018,CIN,2018-04-09 19:05:00,19,6,5,11,4,17,9,17,333,82.6,5,50,0.1,0.2353,3.0,6.0,4.0,6.0,163.0,85.6,41.0,0.5,1.0,11.0,4.0,11.0,170.0,79.9,45.0,0.0909,40.8,4.9,68.0,1021.6,0.1,4.8,3.0,220.1,SW,4.61,3.83,4.83,night
529562,2018-04-10,2018,CIN,2018-04-10 19:05:00,19,6,1,7,1,19,5,9,259,84.9,3,41,0.0732,0.1111,1.0,11.0,1.0,6.0,142.0,88.2,33.0,0.1667,0.0,8.0,3.0,3.0,117.0,81.2,29.0,0.0,41.7,5.4,54.7,1021.5,0.0,9.6,6.0,321.0,NW,-4.6,-7.22,-1.43,night
529576,2018-04-11,2018,CIN,2018-04-11 19:05:00,19,4,3,7,2,25,7,17,377,80.4,6,62,0.0968,0.1176,2.0,12.0,4.0,6.0,190.0,81.3,43.0,0.3333,0.0,13.0,1.0,11.0,187.0,79.7,53.0,0.0,44.7,7.1,58.0,1018.7,0.0,8.7,5.4,208.0,SW,8.66,7.85,8.42,night
529688,2018-04-19,2018,PIT,2018-04-19 19:05:00,19,7,0,7,1,29,7,11,295,83.5,1,32,0.0312,0.0909,1.0,16.0,5.0,9.0,165.0,84.5,26.0,0.1111,0.0,13.0,2.0,2.0,130.0,82.7,34.0,0.0,43.9,6.6,49.0,1015.2,0.0,23.4,14.5,305.7,NW,-5.33,-12.8,2.78,night
529700,2018-04-20,2018,PIT,2018-04-20 19:05:00,19,2,1,3,0,12,4,14,260,84.6,1,51,0.0196,0.0,0.0,5.0,1.0,8.0,129.0,85.4,41.0,0.0,0.0,7.0,3.0,6.0,131.0,83.7,37.0,0.0,46.4,8.0,48.7,1026.1,0.0,13.8,8.6,354.4,N,-12.14,-13.63,-9.19,night
529715,2018-04-21,2018,PIT,2018-04-21 16:05:00,16,6,2,8,2,21,4,15,290,84.1,2,45,0.0444,0.1333,1.0,10.0,4.0,7.0,156.0,84.9,36.0,0.1429,1.0,11.0,0.0,8.0,134.0,83.4,40.0,0.125,58.3,14.6,35.7,1026.4,0.0,12.1,7.5,300.3,NW,-1.65,-5.65,2.55,day
529730,2018-04-22,2018,PIT,2018-04-22 13:35:00,13,3,2,5,1,23,9,15,332,82.9,2,56,0.0357,0.0667,0.0,12.0,5.0,8.0,167.0,84.7,41.0,0.0,1.0,11.0,2.0,7.0,165.0,81.5,52.0,0.1429,61.6,16.5,32.0,1028.9,0.0,2.7,1.7,212.3,SW,2.69,2.37,2.69,day
529745,2018-04-24,2018,AZ,2018-04-24 19:05:00,19,4,8,12,3,28,10,18,350,83.9,3,40,0.075,0.1667,0.0,16.0,4.0,7.0,176.0,82.9,33.0,0.0,3.0,12.0,6.0,11.0,174.0,84.8,40.0,0.2727,55.0,12.8,69.7,1020.8,0.4,15.0,9.3,85.7,E,-6.77,-1.79,-10.94,night
529760,2018-04-25,2018,AZ,2018-04-25 19:05:00,19,5,3,8,1,17,5,15,273,86.6,1,46,0.0217,0.0667,1.0,11.0,1.0,10.0,123.0,89.9,33.0,0.1,0.0,6.0,4.0,5.0,150.0,83.7,37.0,0.0,60.9,16.1,93.7,1003.7,1.1,9.5,5.9,337.0,NW,-6.68,-8.61,-3.96,night
529775,2018-04-26,2018,AZ,2018-04-26 13:05:00,13,2,8,10,3,17,9,20,319,85.1,6,52,0.1154,0.15,0.0,7.0,2.0,9.0,148.0,84.8,48.0,0.0,3.0,10.0,6.0,11.0,171.0,85.3,43.0,0.2727,64.9,18.3,49.0,1009.0,0.0,16.7,10.4,278.0,W,4.19,-1.6,9.48,day
529786,2018-04-27,2018,ATL,2018-04-27 19:05:00,19,7,3,10,3,14,5,18,261,84.4,3,53,0.0566,0.1667,3.0,6.0,4.0,9.0,127.0,86.6,31.0,0.3333,0.0,8.0,1.0,9.0,134.0,82.9,44.0,0.0,56.5,13.6,83.7,1007.1,0.1,4.6,2.9,355.4,N,-4.09,-4.56,-3.13,night
529801,2018-04-28,2018,ATL,2018-04-28 18:05:00,18,1,4,5,2,18,10,14,300,82.9,4,48,0.0833,0.1429,1.0,11.0,5.0,5.0,151.0,85.6,36.0,0.2,1.0,7.0,5.0,9.0,149.0,80.7,46.0,0.1111,64.4,18.0,73.3,1007.4,1.8,9.4,5.9,228.0,SW,8.52,6.62,9.39,night
529816,2018-04-29,2018,ATL,2018-04-29 13:35:00,13,1,10,11,2,23,11,16,317,84.7,3,47,0.0638,0.125,0.0,13.0,5.0,5.0,146.0,83.6,41.0,0.0,2.0,10.0,6.0,11.0,171.0,85.5,49.0,0.1818,54.9,12.7,46.0,1015.2,0.0,20.6,12.8,298.0,NW,-1.98,-8.87,5.16,day
529931,2018-05-07,2018,SF,2018-05-07 19:05:00,19,11,0,11,4,18,8,18,327,82.3,6,52,0.1154,0.2222,4.0,6.0,4.0,12.0,175.0,84.7,53.0,0.3333,0.0,12.0,4.0,6.0,152.0,79.1,40.0,0.0,66.0,18.9,64.7,1019.2,0.0,8.0,5.0,101.3,E,-1.55,1.24,-4.16,night
529945,2018-05-08,2018,SF,2018-05-08 19:05:00,19,4,2,6,4,23,4,14,268,84.2,4,39,0.1026,0.2857,3.0,6.0,3.0,8.0,125.0,85.8,36.0,0.375,1.0,17.0,1.0,6.0,143.0,82.2,29.0,0.1667,64.3,18.0,55.3,1021.3,0.0,10.6,6.6,113.0,SE,0.09,3.7,-3.53,night
529959,2018-05-09,2018,SF,2018-05-09 19:05:00,19,11,3,14,1,20,10,19,345,84.3,2,49,0.0408,0.0526,1.0,9.0,7.0,10.0,170.0,88.3,37.0,0.1,0.0,11.0,3.0,9.0,175.0,80.7,40.0,0.0,66.9,19.4,54.3,1017.8,0.0,10.3,6.4,147.6,SE,5.91,8.42,2.68,night
529968,2018-05-10,2018,SF,2018-05-10 13:05:00,13,6,3,9,3,24,4,16,286,84.0,2,42,0.0476,0.1875,1.0,9.0,3.0,11.0,151.0,82.1,39.0,0.0909,2.0,15.0,1.0,5.0,135.0,86.3,32.0,0.4,75.7,24.3,56.3,1010.7,0.0,19.6,12.2,202.3,S,19.6,18.44,18.4,day
529979,2018-05-11,2018,NYM,2018-05-11 19:05:00,19,1,3,4,3,13,6,16,279,86.3,3,53,0.0566,0.1875,1.0,8.0,4.0,7.0,153.0,83.5,37.0,0.1429,2.0,5.0,2.0,9.0,126.0,89.2,36.0,0.2222,67.0,19.4,48.3,1017.3,0.0,8.6,5.3,41.9,NE,-8.11,-6.65,-8.6,night
530009,2018-05-13,2018,NYM,2018-05-13 13:35:00,13,4,2,6,3,15,10,19,305,81.5,2,49,0.0408,0.1579,2.0,7.0,7.0,8.0,163.0,81.3,43.0,0.25,1.0,8.0,3.0,11.0,142.0,81.8,42.0,0.0909,57.7,14.3,85.3,1019.1,0.7,14.7,9.1,99.3,E,-3.35,1.74,-8.05,day
530108,2018-05-21,2018,ATL,2018-05-21 19:05:00,19,3,0,3,2,16,4,13,271,84.6,2,47,0.0426,0.1538,2.0,7.0,3.0,8.0,138.0,82.6,31.0,0.25,0.0,9.0,1.0,5.0,133.0,86.5,34.0,0.0,69.9,21.1,65.7,1020.5,0.0,7.9,4.9,151.4,SE,4.98,6.79,2.57,night
530117,2018-05-22,2018,ATL,2018-05-22 19:05:00,19,1,3,4,1,23,5,17,288,83.4,1,46,0.0217,0.0588,0.0,9.0,2.0,7.0,133.0,83.9,39.0,0.0,1.0,14.0,3.0,10.0,155.0,82.9,37.0,0.1,61.7,16.5,91.7,1015.2,0.4,5.4,3.4,91.8,E,-1.9,-0.06,-3.52,night
530132,2018-05-23,2018,ATL,2018-05-23 19:05:00,19,4,0,4,0,17,7,16,274,83.8,2,48,0.0417,0.0,0.0,8.0,5.0,8.0,135.0,86.2,32.0,0.0,0.0,9.0,2.0,8.0,139.0,82.1,44.0,0.0,71.5,22.0,67.0,1015.6,0.0,7.8,4.8,315.9,NW,-3.09,-5.36,-0.46,night
530167,2018-05-25,2018,TOR,2018-05-25 19:05:00,19,5,6,11,3,21,6,18,291,83.6,4,50,0.08,0.1667,2.0,10.0,5.0,7.0,146.0,81.6,42.0,0.2857,1.0,11.0,1.0,11.0,145.0,85.6,40.0,0.0909,77.5,25.3,62.0,1011.6,0.0,15.0,9.3,215.3,SW,14.63,12.6,14.88,night
530182,2018-05-26,2018,TOR,2018-05-26 16:05:00,16,2,1,3,2,17,3,9,223,83.0,1,41,0.0244,0.2222,2.0,5.0,0.0,6.0,88.0,88.1,28.0,0.3333,0.0,12.0,3.0,3.0,135.0,78.7,32.0,0.0,79.8,26.6,75.0,1009.6,5.0,8.9,5.5,232.6,SW,7.67,5.69,8.73,day
530197,2018-05-27,2018,TOR,2018-05-27 13:35:00,13,3,5,8,1,23,8,14,283,82.6,1,42,0.0238,0.0714,0.0,10.0,3.0,6.0,130.0,80.4,36.0,0.0,1.0,13.0,4.0,8.0,153.0,84.9,34.0,0.125,69.1,20.6,88.3,1014.1,0.0,17.8,11.0,48.7,NE,-15.95,-12.3,-17.66,day
530351,2018-06-08,2018,MIL,2018-06-08 19:05:00,19,4,12,16,4,22,6,21,316,82.4,8,53,0.1509,0.1905,1.0,11.0,2.0,8.0,152.0,80.0,43.0,0.125,3.0,11.0,4.0,13.0,164.0,84.4,50.0,0.2308,73.6,23.1,79.0,1019.2,0.0,7.4,4.6,209.3,SW,7.38,6.63,7.24,night
530366,2018-06-09,2018,MIL,2018-06-09 13:05:00,13,3,12,15,4,15,6,19,346,80.1,3,57,0.0526,0.2105,1.0,8.0,3.0,6.0,153.0,79.4,44.0,0.1667,3.0,7.0,3.0,13.0,193.0,80.7,59.0,0.2308,82.2,27.9,54.0,1017.9,0.0,4.4,2.7,327.8,NW,-2.52,-3.59,-1.15,day
530381,2018-06-10,2018,MIL,2018-06-10 13:35:00,13,4,3,7,0,20,5,12,281,81.2,0,45,0.0,0.0,0.0,6.0,4.0,4.0,133.0,80.5,33.0,0.0,0.0,14.0,1.0,8.0,148.0,81.8,32.0,0.0,67.5,19.7,73.7,1016.3,2.0,17.5,10.9,77.7,E,-9.97,-4.47,-14.28,day
530400,2018-06-12,2018,COL,2018-06-12 19:05:00,19,5,4,9,1,25,5,15,290,81.6,1,41,0.0244,0.0667,1.0,12.0,5.0,4.0,134.0,79.8,28.0,0.25,0.0,13.0,0.0,11.0,156.0,82.9,43.0,0.0,66.0,18.9,61.3,1019.4,0.0,10.4,6.4,180.0,S,9.58,10.36,7.64,night
530415,2018-06-13,2018,COL,2018-06-13 19:05:00,19,2,7,9,3,19,5,18,289,83.4,2,52,0.0385,0.1667,2.0,9.0,1.0,7.0,139.0,83.2,39.0,0.2857,1.0,10.0,4.0,11.0,150.0,83.7,37.0,0.0909,75.6,24.2,84.3,1009.1,0.0,15.8,9.8,222.0,SW,14.93,12.22,15.83,night
530428,2018-06-14,2018,COL,2018-06-14 13:05:00,13,9,3,12,3,17,5,16,308,83.4,5,48,0.1042,0.1875,2.0,8.0,3.0,13.0,169.0,83.5,46.0,0.1538,1.0,9.0,2.0,3.0,139.0,83.3,36.0,0.3333,80.5,26.9,40.0,1009.6,0.0,23.1,14.3,286.7,W,2.34,-5.65,10.05,day
530486,2018-06-18,2018,STL,2018-06-18 19:05:00,19,6,5,11,4,27,6,17,347,83.6,2,51,0.0392,0.2353,1.0,8.0,4.0,8.0,179.0,82.7,44.0,0.125,3.0,19.0,1.0,9.0,168.0,84.5,41.0,0.3333,83.5,28.6,71.3,1010.4,0.0,14.1,8.7,219.0,SW,13.49,11.31,14.04,night
530501,2018-06-19,2018,STL,2018-06-19 19:05:00,19,6,7,13,5,20,8,17,290,86.1,3,50,0.06,0.2941,2.0,9.0,5.0,9.0,154.0,86.6,38.0,0.2222,3.0,11.0,3.0,8.0,136.0,85.6,34.0,0.375,79.4,26.3,58.0,1009.8,0.0,7.7,4.8,356.9,N,-6.91,-7.63,-5.37,night
530515,2018-06-20,2018,STL,2018-06-20 13:05:00,13,4,3,7,4,18,5,16,289,80.9,3,50,0.06,0.25,2.0,10.0,2.0,9.0,139.0,83.7,37.0,0.2222,2.0,8.0,2.0,7.0,150.0,78.7,47.0,0.2857,85.0,29.4,42.7,1009.5,0.0,6.7,4.1,229.2,SW,5.95,4.57,6.62,day
530577,2018-06-25,2018,NYY,2018-06-25 19:05:00,19,2,4,6,2,27,11,10,304,81.7,2,36,0.0556,0.2,1.0,15.0,5.0,3.0,154.0,78.0,31.0,0.3333,1.0,12.0,6.0,7.0,150.0,85.1,34.0,0.1429,73.3,22.9,54.3,1018.9,0.0,9.2,5.7,343.7,N,-7.14,-8.68,-4.74,night
530592,2018-06-26,2018,NYY,2018-06-26 19:05:00,19,0,6,6,2,18,3,16,269,86.6,2,51,0.0392,0.125,0.0,10.0,1.0,6.0,141.0,83.0,31.0,0.0,2.0,8.0,2.0,10.0,128.0,89.9,35.0,0.2,72.3,22.4,59.3,1021.4,0.0,13.8,8.6,178.0,S,12.56,13.76,9.84,night
530607,2018-06-27,2018,NYY,2018-06-27 19:05:00,19,3,0,3,1,19,4,12,267,83.4,2,43,0.0465,0.0833,1.0,10.0,2.0,8.0,150.0,83.1,37.0,0.125,0.0,9.0,2.0,4.0,117.0,83.8,33.0,0.0,71.8,22.1,84.7,1012.1,0.3,17.9,11.1,173.7,S,15.71,17.72,11.81,night
530622,2018-06-28,2018,WSH,2018-06-28 19:05:00,19,4,3,7,1,16,5,16,279,82.6,3,49,0.0612,0.0625,1.0,6.0,2.0,9.0,144.0,80.8,42.0,0.1111,0.0,10.0,2.0,7.0,135.0,85.1,31.0,0.0,79.2,26.2,77.7,1009.1,0.0,7.8,4.8,266.7,W,3.38,0.78,5.56,night
530637,2018-06-29,2018,WSH,2018-06-29 19:05:00,19,7,17,24,10,18,12,28,386,84.7,9,62,0.1452,0.3571,3.0,6.0,5.0,10.0,173.0,84.5,58.0,0.3,7.0,12.0,7.0,18.0,213.0,85.0,57.0,0.3889,80.7,27.1,68.7,1014.9,0.0,7.2,4.5,291.1,W,0.18,-2.3,2.64,night
530652,2018-06-30,2018,WSH,2018-06-30 18:05:00,18,3,2,5,2,17,6,15,299,82.4,3,47,0.0638,0.1333,1.0,8.0,3.0,7.0,146.0,82.8,37.0,0.1429,1.0,9.0,3.0,8.0,153.0,82.1,38.0,0.125,88.9,31.6,57.7,1015.5,0.0,5.9,3.6,229.7,SW,5.22,3.99,5.82,night
530667,2018-07-01,2018,WSH,2018-07-01 13:35:00,13,4,3,7,1,21,14,15,400,78.6,1,65,0.0154,0.0667,1.0,12.0,6.0,7.0,189.0,77.7,54.0,0.1429,0.0,9.0,7.0,8.0,211.0,79.5,55.0,0.0,93.0,33.9,44.7,1016.3,0.0,6.8,4.2,220.0,SW,6.49,5.39,6.79,day
530679,2018-07-03,2018,BAL,2018-07-03 19:05:00,19,3,2,5,1,15,6,12,252,83.5,3,49,0.0612,0.0833,0.0,6.0,3.0,5.0,127.0,86.7,35.0,0.0,1.0,9.0,2.0,7.0,125.0,80.6,39.0,0.1429,84.1,28.9,79.3,1021.5,0.4,6.1,3.8,53.4,NE,-5.27,-3.87,-6.02,night
530694,2018-07-04,2018,BAL,2018-07-04 16:05:00,16,4,1,5,1,19,6,10,267,80.7,2,41,0.0488,0.1,1.0,7.0,3.0,3.0,128.0,79.6,35.0,0.3333,0.0,12.0,3.0,7.0,139.0,81.7,35.0,0.0,87.3,30.7,59.7,1023.8,0.8,6.3,3.9,125.4,SE,1.41,3.42,-0.78,day
530870,2018-07-20,2018,SD,2018-07-20 19:05:00,19,11,5,16,1,18,9,21,315,82.6,1,51,0.0196,0.0476,1.0,8.0,4.0,12.0,135.0,83.9,38.0,0.0833,0.0,10.0,5.0,9.0,180.0,81.6,49.0,0.0,75.4,24.1,56.0,1018.3,0.0,14.3,8.9,137.7,SE,6.08,10.14,1.29,night
530885,2018-07-22,2018,SD,2018-07-21 19:05:00,19,5,0,5,2,17,4,10,243,80.7,0,43,0.0,0.2,2.0,9.0,3.0,8.0,138.0,81.5,37.0,0.25,0.0,8.0,1.0,2.0,105.0,79.6,29.0,0.0,67.9,19.9,92.0,1010.4,9.2,25.5,15.8,57.7,NE,-20.85,-14.57,-24.61,night
530900,2018-07-22,2018,SD,2018-07-22 12:05:00,12,2,10,12,2,24,5,21,318,82.1,2,52,0.0385,0.0952,1.0,11.0,4.0,6.0,148.0,84.9,37.0,0.1667,1.0,13.0,1.0,15.0,170.0,80.0,48.0,0.0667,82.8,28.2,66.3,1011.3,1.8,16.2,10.1,167.8,S,13.32,15.67,9.37,day
530908,2018-07-23,2018,LAD,2018-07-23 19:05:00,19,6,7,13,8,20,6,18,344,85.6,6,51,0.1176,0.4444,4.0,12.0,0.0,8.0,156.0,84.5,37.0,0.5,4.0,8.0,6.0,10.0,188.0,86.4,46.0,0.4,77.4,25.2,85.0,1018.2,0.2,18.4,11.4,150.0,SE,11.2,15.52,5.53,night
530922,2018-07-24,2018,LAD,2018-07-24 19:05:00,19,7,4,11,5,34,11,22,496,82.5,6,81,0.0741,0.2273,3.0,17.0,5.0,11.0,237.0,82.9,61.0,0.2727,2.0,17.0,3.0,11.0,259.0,82.1,64.0,0.1818,77.8,25.4,83.7,1017.4,0.7,18.5,11.5,148.0,SE,10.76,15.27,4.95,night
530936,2018-07-25,2018,LAD,2018-07-25 12:35:00,12,7,3,10,3,21,7,13,298,83.4,4,42,0.0952,0.2308,2.0,10.0,2.0,7.0,154.0,83.6,41.0,0.2857,1.0,11.0,4.0,6.0,144.0,83.3,39.0,0.1667,80.7,27.1,74.0,1013.4,1.1,17.6,11.0,183.0,S,16.62,17.63,13.61,day
531043,2018-08-02,2018,MIA,2018-08-02 19:05:00,19,5,2,7,3,16,3,12,261,80.6,2,46,0.0435,0.25,2.0,8.0,3.0,7.0,143.0,80.3,39.0,0.2857,1.0,8.0,0.0,5.0,118.0,81.0,41.0,0.2,78.5,25.8,88.0,1018.8,3.2,8.6,5.3,247.0,SW,6.11,3.69,7.8,night
531058,2018-08-03,2018,MIA,2018-08-03 19:05:00,19,5,1,6,0,20,6,15,298,81.5,2,45,0.0444,0.0,0.0,10.0,4.0,9.0,160.0,83.1,40.0,0.0,0.0,10.0,1.0,6.0,138.0,80.0,40.0,0.0,76.5,24.7,90.3,1019.5,0.3,8.1,5.0,177.1,S,7.29,8.03,5.67,night
531073,2018-08-04,2018,MIA,2018-08-04 19:05:00,19,8,3,11,6,15,3,15,241,86.6,4,50,0.08,0.4,4.0,7.0,2.0,11.0,135.0,88.5,38.0,0.3636,2.0,8.0,1.0,4.0,106.0,84.5,36.0,0.5,80.1,26.7,78.3,1018.5,0.0,7.4,4.6,245.8,SW,5.36,3.31,6.76,night
531088,2018-08-05,2018,MIA,2018-08-05 13:35:00,13,5,3,8,3,16,8,15,288,81.8,2,49,0.0408,0.2,1.0,9.0,6.0,6.0,163.0,82.4,37.0,0.1667,2.0,7.0,2.0,9.0,125.0,81.3,45.0,0.2222,87.9,31.0,53.0,1020.3,0.0,5.6,3.5,267.3,W,2.37,0.5,3.95,day
531196,2018-08-14,2018,BOS,2018-08-14 19:05:00,19,1,2,3,3,21,3,8,255,82.7,5,40,0.125,0.375,1.0,13.0,1.0,2.0,126.0,78.7,30.0,0.5,2.0,8.0,2.0,6.0,129.0,86.1,35.0,0.3333,72.9,22.7,91.0,1011.4,0.7,11.8,7.3,252.7,W,7.56,4.01,10.2,night
531211,2018-08-15,2018,BOS,2018-08-15 19:05:00,19,7,4,11,0,14,6,22,305,82.2,2,58,0.0345,0.0,0.0,8.0,2.0,12.0,146.0,79.0,54.0,0.0,0.0,6.0,4.0,10.0,159.0,86.6,39.0,0.0,80.2,26.8,73.3,1014.6,0.0,7.1,4.4,251.3,W,4.7,2.58,6.25,night
529994,2018-08-16,2018,NYM,2018-05-12 19:05:00,19,9,6,15,2,14,6,23,301,83.1,1,60,0.0167,0.087,2.0,6.0,1.0,14.0,152.0,82.6,49.0,0.1429,0.0,8.0,5.0,9.0,149.0,83.7,46.0,0.0,64.3,18.0,86.7,1016.0,9.2,12.5,7.7,48.4,NE,-11.22,-8.68,-12.4,night
531230,2018-08-16,2018,NYM,2018-08-16 16:05:00,16,4,24,28,7,9,8,35,327,86.3,5,81,0.0617,0.2,4.0,4.0,1.0,10.0,146.0,83.6,51.0,0.4,3.0,5.0,6.0,25.0,181.0,89.4,45.0,0.12,87.8,31.0,53.0,1016.8,0.0,10.1,6.3,242.7,SW,7.74,5.04,9.51,day
531245,2018-08-17,2018,NYM,2018-08-17 18:05:00,18,4,2,6,0,21,5,14,300,77.3,0,42,0.0,0.0,0.0,7.0,4.0,8.0,146.0,79.1,36.0,0.0,0.0,14.0,1.0,6.0,154.0,75.7,40.0,0.0,85.8,29.9,67.7,1013.2,0.0,14.5,9.0,185.9,S,13.86,14.44,11.61,night
531260,2018-08-18,2018,NYM,2018-08-18 16:05:00,16,1,3,4,1,21,0,14,259,83.1,2,46,0.0435,0.0714,0.0,9.0,0.0,7.0,108.0,81.7,30.0,0.0,1.0,12.0,0.0,7.0,151.0,84.2,40.0,0.1429,83.1,28.4,71.0,1008.3,0.2,16.7,10.4,247.6,W,11.79,7.03,15.12,day
531275,2018-08-19,2018,NYM,2018-08-19 19:10:00,19,2,8,10,1,18,2,22,307,80.8,0,55,0.0,0.0455,1.0,7.0,0.0,8.0,144.0,82.1,38.0,0.125,0.0,11.0,2.0,14.0,163.0,79.6,41.0,0.0,70.8,21.6,85.3,1016.2,0.1,13.8,8.6,39.7,NE,-13.19,-11.0,-13.78,night
531378,2018-08-27,2018,WSH,2018-08-27 19:05:00,19,3,5,8,2,16,8,15,301,82.0,1,52,0.0192,0.1333,1.0,8.0,3.0,6.0,134.0,81.1,42.0,0.1667,1.0,8.0,5.0,9.0,167.0,82.9,40.0,0.1111,82.3,28.0,77.3,1017.2,0.0,7.8,4.9,242.3,SW,6.02,3.95,7.37,night
531393,2018-08-28,2018,WSH,2018-08-28 19:05:00,19,4,5,9,3,21,4,13,309,81.7,3,44,0.0682,0.2308,2.0,10.0,1.0,7.0,160.0,82.4,52.0,0.2857,1.0,11.0,3.0,6.0,149.0,80.7,34.0,0.1667,84.6,29.2,72.7,1016.4,0.0,9.4,5.8,225.7,SW,8.61,6.83,9.35,night
531407,2018-08-29,2018,WSH,2018-08-29 19:05:00,19,8,6,14,4,21,9,19,341,83.4,4,48,0.0833,0.2105,1.0,11.0,5.0,9.0,174.0,84.2,44.0,0.1111,3.0,10.0,4.0,10.0,167.0,82.7,49.0,0.3,85.6,29.8,67.7,1014.0,0.0,11.7,7.2,224.7,SW,10.8,8.65,11.66,night
531420,2018-08-31,2018,CHC,2018-08-31 19:05:00,19,2,1,3,2,21,6,14,318,84.2,2,47,0.0426,0.1429,1.0,9.0,1.0,5.0,144.0,83.8,36.0,0.2,1.0,12.0,5.0,9.0,174.0,84.6,37.0,0.1111,72.2,22.3,85.7,1023.1,1.5,14.8,9.2,83.3,E,-7.21,-2.36,-11.2,night
531435,2018-09-01,2018,CHC,2018-09-01 19:05:00,19,1,7,8,1,16,3,17,260,83.8,1,54,0.0185,0.0588,0.0,7.0,2.0,6.0,124.0,83.5,37.0,0.0,1.0,9.0,1.0,11.0,136.0,84.0,40.0,0.0909,73.5,23.0,84.7,1023.8,0.0,10.1,6.3,113.7,SE,0.21,3.66,-3.27,night
531450,2018-09-02,2018,CHC,2018-09-02 13:35:00,13,1,8,9,3,25,4,19,324,82.1,3,46,0.0652,0.1579,0.0,12.0,0.0,10.0,156.0,79.9,45.0,0.0,3.0,13.0,4.0,9.0,168.0,85.0,36.0,0.3333,83.0,28.3,66.0,1022.9,0.1,6.6,4.1,247.7,W,4.63,2.76,5.94,day
531566,2018-09-11,2018,WSH,2018-09-10 19:05:00,19,6,7,13,3,18,12,19,378,81.7,6,57,0.1053,0.1579,1.0,6.0,4.0,13.0,179.0,81.1,56.0,0.0769,2.0,12.0,7.0,6.0,199.0,82.5,44.0,0.3333,65.9,18.8,93.3,1016.9,0.6,16.5,10.3,45.0,NE,-15.27,-12.19,-16.52,night
531581,2018-09-11,2018,WSH,2018-09-11 15:05:00,15,1,3,4,1,19,9,15,340,82.0,0,45,0.0,0.0667,0.0,15.0,4.0,5.0,167.0,82.6,31.0,0.0,1.0,4.0,5.0,10.0,173.0,81.7,46.0,0.1,77.4,25.2,83.7,1018.5,0.8,7.2,4.5,340.3,N,-5.31,-6.64,-3.34,day
531596,2018-09-12,2018,WSH,2018-09-12 19:05:00,19,1,5,6,4,19,2,14,277,83.9,4,48,0.0833,0.2857,1.0,10.0,1.0,5.0,134.0,85.2,34.0,0.2,3.0,9.0,1.0,9.0,143.0,82.9,45.0,0.3333,74.4,23.6,93.3,1022.0,0.0,8.0,5.0,57.3,NE,-6.54,-4.59,-7.7,night
531610,2018-09-14,2018,MIA,2018-09-14 19:05:00,19,14,2,16,6,13,6,27,300,85.1,7,62,0.1129,0.2222,5.0,8.0,4.0,18.0,171.0,88.2,45.0,0.2778,1.0,5.0,2.0,9.0,129.0,81.8,41.0,0.1111,72.4,22.4,84.7,1021.3,0.0,12.4,7.7,78.7,E,-6.89,-2.96,-9.98,night
531625,2018-09-15,2018,MIA,2018-09-15 19:05:00,19,5,4,9,1,22,4,10,284,84.4,3,41,0.0732,0.1,1.0,10.0,3.0,4.0,134.0,85.4,35.0,0.25,0.0,12.0,1.0,6.0,150.0,83.5,40.0,0.0,73.9,23.3,81.0,1021.2,0.0,5.5,3.4,56.8,NE,-4.52,-3.19,-5.3,night
531640,2018-09-16,2018,MIA,2018-09-16 13:35:00,13,4,6,10,2,21,3,16,312,82.5,3,50,0.06,0.125,1.0,10.0,1.0,7.0,160.0,83.7,43.0,0.1429,1.0,11.0,2.0,9.0,152.0,81.0,36.0,0.1111,82.1,27.8,56.3,1022.3,0.0,9.0,5.6,93.7,E,-2.91,0.18,-5.64,day
531654,2018-09-17,2018,NYM,2018-09-17 19:05:00,19,4,9,13,1,15,5,19,286,83.4,1,54,0.0185,0.0526,0.0,5.0,3.0,5.0,125.0,83.1,38.0,0.0,1.0,10.0,2.0,14.0,161.0,83.7,49.0,0.0714,73.9,23.3,92.3,1013.1,7.4,16.3,10.1,148.3,SE,9.56,13.51,4.46,night
531669,2018-09-18,2018,NYM,2018-09-18 19:05:00,19,5,2,7,2,24,10,13,313,82.4,1,39,0.0256,0.1538,1.0,9.0,6.0,7.0,159.0,86.1,36.0,0.1429,1.0,15.0,3.0,6.0,154.0,78.8,38.0,0.1667,72.2,22.3,92.0,1008.1,0.0,6.3,3.9,25.4,NE,-6.26,-5.77,-5.99,night
531684,2018-09-19,2018,NYM,2018-09-19 18:05:00,18,4,0,4,2,19,8,13,294,80.4,2,45,0.0444,0.1538,2.0,10.0,5.0,7.0,153.0,80.4,41.0,0.2857,0.0,9.0,3.0,6.0,141.0,80.5,41.0,0.0,76.1,24.5,71.0,1013.7,0.0,10.1,6.3,338.0,N,-7.2,-9.19,-4.35,night
531794,2018-09-28,2018,ATL,2018-09-28 19:05:00,19,2,10,12,2,27,7,23,346,83.0,5,49,0.102,0.087,1.0,14.0,4.0,4.0,162.0,79.6,40.0,0.25,1.0,13.0,3.0,19.0,184.0,85.9,46.0,0.0526,63.3,17.4,84.3,1019.1,0.0,5.5,3.4,130.8,SE,1.72,3.39,-0.16,night
531809,2018-09-29,2018,ATL,2018-09-29 19:05:00,19,3,0,3,0,20,12,7,256,80.3,0,36,0.0,0.0,0.0,10.0,6.0,5.0,138.0,81.0,26.0,0.0,0.0,10.0,4.0,2.0,118.0,79.7,29.0,0.0,66.0,18.9,72.7,1023.2,0.0,9.2,5.7,332.3,NW,-5.87,-7.92,-3.11,night
531824,2018-09-30,2018,ATL,2018-09-30 15:05:00,15,3,1,4,1,27,8,10,283,81.8,1,35,0.0286,0.1,1.0,11.0,4.0,6.0,133.0,81.7,37.0,0.1667,0.0,16.0,4.0,4.0,150.0,82.0,35.0,0.0,72.4,22.4,49.7,1025.3,0.0,5.1,3.2,227.3,SW,4.63,3.62,5.08,day
567059,2019-03-28,2019,ATL,2019-03-28 15:05:00,15,10,4,14,4,18,12,14,311,88.3,5,43,0.1163,0.2857,3.0,9.0,4.0,7.0,155.0,89.9,34.0,0.4286,1.0,9.0,6.0,7.0,156.0,86.3,29.0,0.1429,56.1,13.4,40.3,1024.7,0.0,18.1,11.2,200.0,S,18.08,17.26,16.72,day
567060,2019-03-30,2019,ATL,2019-03-30 16:05:00,16,8,6,14,5,18,9,19,325,87.4,5,49,0.102,0.2632,3.0,9.0,4.0,9.0,166.0,90.1,34.0,0.3333,2.0,9.0,4.0,10.0,159.0,85.4,44.0,0.2,70.0,21.1,43.0,1011.5,0.0,22.4,13.9,175.0,S,19.87,22.21,15.13,day
567061,2019-03-31,2019,ATL,2019-03-31 19:05:00,19,5,1,6,2,16,15,9,297,83.6,4,41,0.0976,0.2222,2.0,8.0,9.0,5.0,156.0,82.5,38.0,0.4,0.0,8.0,6.0,4.0,141.0,85.1,28.0,0.0,46.8,8.2,44.7,1012.2,0.0,21.1,13.1,300.7,NW,-2.99,-9.94,4.32,night
567062,2019-04-05,2019,MIN,2019-04-05 19:05:00,19,10,4,14,2,17,10,22,330,83.3,4,55,0.0727,0.0909,0.0,7.0,8.0,11.0,194.0,83.7,50.0,0.0,2.0,10.0,1.0,11.0,136.0,82.8,39.0,0.1818,42.0,5.6,91.0,1025.1,1.3,10.9,6.8,51.7,NE,-9.49,-7.1,-10.73,night
567063,2019-04-06,2019,MIN,2019-04-06 14:05:00,14,2,6,8,4,7,8,14,256,84.8,4,59,0.0678,0.2857,1.0,6.0,3.0,7.0,136.0,83.8,37.0,0.1429,3.0,1.0,4.0,7.0,120.0,85.5,46.0,0.4286,65.4,18.5,49.3,1021.2,0.0,3.9,2.4,292.1,W,0.03,-1.31,1.36,day
567064,2019-04-07,2019,MIN,2019-04-07 13:05:00,13,2,1,3,2,14,4,11,267,81.2,2,47,0.0426,0.1818,1.0,7.0,4.0,4.0,133.0,76.6,29.0,0.25,1.0,7.0,0.0,7.0,134.0,84.7,39.0,0.1429,69.6,20.9,45.0,1021.7,0.0,12.5,7.8,192.0,S,12.29,12.33,10.77,day
567065,2019-04-08,2019,WSH,2019-04-08 19:05:00,19,4,3,7,5,12,2,17,245,84.7,3,54,0.0556,0.2941,3.0,7.0,2.0,10.0,116.0,82.4,32.0,0.3,2.0,5.0,0.0,7.0,129.0,86.5,41.0,0.2857,68.3,20.2,68.0,1006.9,0.0,10.7,6.6,237.7,SW,8.72,6.09,10.3,night
567066,2019-04-09,2019,WSH,2019-04-09 19:05:00,19,6,10,16,6,16,8,23,344,84.4,7,66,0.1061,0.2609,2.0,9.0,4.0,9.0,164.0,85.5,46.0,0.2222,4.0,7.0,3.0,14.0,180.0,83.4,52.0,0.2857,64.3,18.0,60.3,1001.3,0.8,11.7,7.2,279.5,W,2.63,-1.42,6.36,night
567067,2019-04-10,2019,WSH,2019-04-10 19:05:00,19,1,15,16,0,21,13,20,377,84.0,6,52,0.1154,0.0,0.0,10.0,7.0,3.0,160.0,82.0,35.0,0.0,0.0,11.0,6.0,17.0,217.0,85.2,58.0,0.0,53.9,12.2,51.0,1013.2,0.0,13.6,8.5,36.6,NE,-13.19,-11.26,-13.53,night
567068,2019-04-15,2019,NYM,2019-04-15 19:05:00,19,6,7,13,2,27,14,24,382,87.9,4,59,0.0678,0.0833,1.0,16.0,8.0,12.0,209.0,86.5,42.0,0.0833,1.0,11.0,5.0,12.0,173.0,89.1,45.0,0.0833,50.2,10.1,46.3,1009.2,0.0,28.5,17.7,294.7,NW,-1.08,-10.75,8.73,night
567069,2019-04-16,2019,NYM,2019-04-16 19:05:00,19,14,3,17,5,13,6,23,330,84.0,8,61,0.1311,0.2174,3.0,5.0,3.0,13.0,171.0,84.6,61.0,0.2308,2.0,8.0,3.0,10.0,159.0,83.1,41.0,0.2,57.6,14.2,58.0,1016.0,0.0,5.4,3.4,264.9,W,2.5,0.71,3.99,night
567070,2019-04-17,2019,NYM,2019-04-17 13:05:00,13,3,2,5,3,11,5,12,250,84.2,5,49,0.102,0.25,2.0,6.0,3.0,5.0,125.0,84.1,39.0,0.4,1.0,5.0,2.0,7.0,125.0,84.4,32.0,0.1429,60.9,16.1,50.0,1020.4,0.1,7.1,4.4,98.3,E,-1.75,0.72,-4.01,day
567071,2019-04-25,2019,MIA,2019-04-25 19:05:00,19,1,3,4,2,20,3,16,307,83.4,3,53,0.0566,0.125,1.0,13.0,1.0,4.0,145.0,81.2,45.0,0.25,1.0,7.0,2.0,12.0,162.0,85.5,50.0,0.0833,59.8,15.4,68.0,1012.3,0.0,9.6,6.0,100.7,E,-1.97,1.37,-5.08,night
567072,2019-04-26,2019,MIA,2019-04-26 19:05:00,19,4,0,4,3,11,7,11,284,82.4,2,49,0.0408,0.2727,3.0,4.0,4.0,6.0,155.0,83.8,44.0,0.5,0.0,7.0,2.0,5.0,129.0,80.8,38.0,0.0,60.4,15.8,89.3,994.7,5.3,17.6,10.9,261.8,W,9.0,3.28,13.63,night
567073,2019-04-27,2019,MIA,2019-04-27 18:05:00,18,12,9,21,4,17,8,31,363,83.7,3,61,0.0492,0.129,3.0,8.0,5.0,14.0,183.0,82.8,51.0,0.2143,1.0,9.0,3.0,17.0,180.0,84.7,50.0,0.0588,59.9,15.5,44.3,1007.6,0.0,16.3,10.1,286.0,W,1.85,-3.81,7.29,night
567074,2019-04-28,2019,MIA,2019-04-28 13:05:00,13,5,1,6,0,12,6,11,250,81.3,1,47,0.0213,0.0,0.0,9.0,6.0,4.0,143.0,81.1,36.0,0.0,0.0,3.0,0.0,7.0,107.0,81.5,39.0,0.0,64.5,18.1,53.0,1011.7,0.0,7.5,4.7,32.6,NE,-7.42,-6.52,-7.42,day
567075,2019-04-30,2019,DET,2019-04-30 19:05:00,19,1,3,4,1,21,6,11,304,83.1,1,44,0.0227,0.0909,0.0,10.0,2.0,4.0,133.0,83.1,32.0,0.0,1.0,11.0,4.0,7.0,171.0,83.1,52.0,0.1429,65.0,18.3,70.3,1025.1,0.0,12.7,7.9,32.3,NE,-12.55,-11.05,-12.53,night
567076,2019-05-01,2019,DET,2019-05-01 19:05:00,19,7,3,10,2,18,4,27,295,85.0,3,55,0.0545,0.0741,1.0,7.0,1.0,15.0,131.0,89.8,40.0,0.0667,1.0,11.0,2.0,12.0,164.0,81.1,48.0,0.0833,56.5,13.6,84.3,1023.4,0.0,9.5,5.9,69.7,E,-6.46,-3.69,-8.45,night
567077,2019-05-03,2019,WSH,2019-05-03 19:05:00,19,4,2,6,3,22,4,12,269,84.2,6,40,0.15,0.25,2.0,10.0,1.0,6.0,127.0,85.7,34.0,0.3333,1.0,12.0,3.0,6.0,142.0,82.9,39.0,0.1667,63.1,17.3,87.3,1014.2,0.0,11.4,7.1,49.6,NE,-10.12,-7.74,-11.28,night
567078,2019-05-04,2019,WSH,2019-05-04 19:05:00,19,8,10,18,3,16,7,25,350,85.6,4,64,0.0625,0.12,0.0,8.0,5.0,12.0,184.0,86.8,47.0,0.0,3.0,8.0,1.0,13.0,166.0,84.3,41.0,0.2308,67.9,20.0,81.7,1008.3,0.0,6.4,4.0,93.8,E,-2.05,0.14,-3.98,night
567079,2019-05-05,2019,WSH,2019-05-05 14:05:00,14,7,1,8,1,20,7,14,309,82.7,2,46,0.0435,0.0714,0.0,11.0,4.0,8.0,172.0,84.3,42.0,0.0,1.0,9.0,2.0,6.0,137.0,81.0,40.0,0.1667,57.3,14.0,93.3,1006.6,1.2,19.8,12.3,60.7,NE,-15.59,-10.46,-18.84,day
567080,2019-05-13,2019,MIL,2019-05-13 19:05:00,19,7,4,11,2,20,10,23,355,82.5,3,54,0.0556,0.087,1.0,11.0,2.0,11.0,148.0,85.2,43.0,0.0909,1.0,9.0,6.0,12.0,207.0,80.5,56.0,0.0833,48.3,9.1,91.0,1009.4,0.1,9.5,5.9,33.0,NE,-9.34,-8.18,-9.37,night
567081,2019-05-14,2019,MIL,2019-05-14 19:05:00,19,1,6,7,2,15,10,17,325,81.0,3,52,0.0577,0.1176,0.0,10.0,5.0,5.0,150.0,80.1,34.0,0.0,2.0,5.0,5.0,12.0,175.0,81.6,48.0,0.1667,51.3,10.7,73.3,1010.9,0.0,13.5,8.4,315.3,NW,-5.25,-9.2,-0.67,night
567082,2019-05-15,2019,MIL,2019-05-15 19:05:00,19,2,5,7,1,15,8,16,316,81.8,3,53,0.0566,0.0625,1.0,6.0,1.0,9.0,136.0,83.0,39.0,0.1111,0.0,9.0,7.0,7.0,180.0,80.7,39.0,0.0,60.7,15.9,69.0,1010.5,0.0,7.9,4.9,272.7,W,2.68,-0.02,5.06,night
567083,2019-05-16,2019,MIL,2019-05-16 13:05:00,13,3,11,14,5,21,8,17,332,86.5,5,51,0.098,0.2941,1.0,7.0,1.0,4.0,129.0,86.8,36.0,0.25,4.0,14.0,7.0,13.0,203.0,86.2,38.0,0.3077,69.7,21.0,55.0,1011.3,0.0,11.3,7.0,278.3,W,2.76,-1.14,6.33,day
567084,2019-05-17,2019,COL,2019-05-17 19:05:00,19,5,4,9,2,16,4,13,256,83.6,4,47,0.0851,0.1538,1.0,12.0,3.0,8.0,140.0,84.9,34.0,0.125,1.0,4.0,1.0,5.0,116.0,82.8,50.0,0.2,69.8,21.0,84.3,1007.9,0.1,9.0,5.6,263.1,W,4.4,1.46,6.8,night
567085,2019-05-18,2019,COL,2019-05-18 16:05:00,16,2,1,3,1,17,7,15,295,85.8,3,49,0.0612,0.0667,1.0,4.0,5.0,6.0,152.0,87.7,45.0,0.1667,0.0,13.0,2.0,9.0,143.0,83.3,33.0,0.0,77.5,25.3,50.0,1014.3,0.0,8.2,5.1,269.1,W,3.24,0.48,5.61,day
567086,2019-05-19,2019,COL,2019-05-19 13:05:00,13,7,5,12,6,16,8,16,317,84.4,6,51,0.1176,0.375,2.0,7.0,6.0,9.0,183.0,84.6,48.0,0.2222,4.0,9.0,1.0,7.0,134.0,84.1,38.0,0.5714,81.8,27.7,63.0,1015.2,0.1,20.2,12.5,184.3,S,19.16,20.16,15.86,day
567087,2019-05-28,2019,STL,2019-05-28 19:05:00,19,4,3,7,3,24,2,12,284,80.7,4,38,0.1053,0.25,1.0,13.0,0.0,8.0,115.0,80.8,28.0,0.125,2.0,11.0,2.0,4.0,169.0,80.6,40.0,0.5,75.0,23.9,85.0,1005.6,0.1,11.3,7.0,186.4,S,10.86,11.27,9.13,night
567088,2019-05-29,2019,STL,2019-05-29 19:05:00,19,11,4,15,5,22,11,20,293,84.0,6,49,0.1224,0.25,4.0,11.0,7.0,12.0,156.0,86.3,39.0,0.3333,1.0,11.0,3.0,8.0,137.0,81.7,40.0,0.125,74.7,23.7,88.7,1005.5,0.6,7.0,4.4,340.4,N,-5.22,-6.52,-3.3,night
567089,2019-05-30,2019,STL,2019-05-30 13:05:00,13,3,5,8,4,14,6,17,282,83.3,3,53,0.0566,0.2353,0.0,6.0,3.0,7.0,141.0,82.6,38.0,0.0,4.0,8.0,1.0,10.0,141.0,84.0,41.0,0.4,76.2,24.6,74.7,1007.0,0.8,5.5,3.4,204.1,SW,5.53,5.15,5.25,day
567090,2019-06-07,2019,CIN,2019-06-07 19:05:00,19,4,2,6,2,16,6,12,267,85.3,3,48,0.0625,0.1667,1.0,5.0,1.0,6.0,117.0,84.9,37.0,0.1667,1.0,11.0,3.0,6.0,150.0,85.6,36.0,0.1667,74.2,23.5,72.0,1013.3,0.0,6.9,4.3,28.5,NE,-6.83,-6.17,-6.66,night
567091,2019-06-08,2019,CIN,2019-06-08 16:05:00,16,4,1,5,1,13,4,12,245,85.5,0,47,0.0,0.0833,1.0,7.0,3.0,6.0,140.0,85.8,32.0,0.1667,0.0,6.0,0.0,6.0,105.0,85.3,32.0,0.0,78.8,26.0,46.3,1019.8,0.0,18.5,11.5,85.0,E,-8.54,-2.41,-13.64,day
567092,2019-06-09,2019,CIN,2019-06-09 13:05:00,13,3,4,7,0,16,7,14,290,82.4,1,50,0.02,0.0,0.0,7.0,3.0,5.0,137.0,83.1,33.0,0.0,0.0,9.0,3.0,9.0,153.0,81.9,41.0,0.0,78.0,25.6,32.3,1023.4,0.0,23.5,14.6,95.3,E,-6.95,1.16,-14.22,day
567093,2019-06-10,2019,AZ,2019-06-10 19:05:00,19,8,13,21,13,14,10,27,364,84.9,9,66,0.1364,0.4815,5.0,5.0,4.0,13.0,176.0,84.7,52.0,0.3846,8.0,9.0,6.0,14.0,188.0,85.2,48.0,0.5714,73.8,23.2,93.0,1010.9,0.2,9.9,6.2,175.3,S,8.81,9.82,6.73,night
567094,2019-06-11,2019,AZ,2019-06-11 19:05:00,19,7,4,11,2,11,9,20,303,83.5,2,59,0.0339,0.1,1.0,5.0,4.0,12.0,148.0,84.5,45.0,0.0833,1.0,6.0,5.0,8.0,155.0,82.5,49.0,0.125,69.9,21.0,56.0,1016.8,0.0,10.0,6.2,352.7,N,-8.68,-9.85,-6.45,night
567095,2019-06-12,2019,AZ,2019-06-12 19:05:00,19,0,2,2,0,15,1,9,201,81.8,2,46,0.0435,0.0,0.0,6.0,0.0,3.0,107.0,83.0,38.0,0.0,0.0,9.0,0.0,6.0,94.0,80.2,27.0,0.0,67.9,20.0,56.3,1018.6,0.0,12.1,7.5,114.0,SE,0.31,4.42,-3.83,night
567096,2019-06-21,2019,MIA,2019-06-21 19:05:00,19,1,2,3,1,20,5,15,257,84.2,1,48,0.0208,0.0667,0.0,8.0,3.0,9.0,132.0,84.7,41.0,0.0,1.0,12.0,1.0,6.0,125.0,83.5,31.0,0.1667,73.0,22.8,57.0,1009.2,0.0,13.8,8.6,311.0,NW,-4.39,-8.61,0.36,night
567097,2019-06-22,2019,MIA,2019-06-22 16:05:00,16,3,5,8,3,16,6,14,251,82.2,4,49,0.0816,0.2143,2.0,9.0,4.0,7.0,140.0,80.1,38.0,0.2857,1.0,7.0,2.0,7.0,111.0,84.3,36.0,0.1429,77.2,25.1,42.3,1013.8,0.0,17.4,10.8,323.0,NW,-8.83,-13.43,-3.17,day
567098,2019-06-23,2019,MIA,2019-06-23 13:05:00,13,4,6,10,3,18,10,20,297,85.7,2,51,0.0392,0.15,0.0,10.0,5.0,4.0,147.0,83.1,35.0,0.0,3.0,8.0,4.0,16.0,150.0,88.0,41.0,0.1875,80.8,27.1,37.7,1014.8,0.0,8.4,5.2,292.0,W,0.08,-2.81,2.96,day
567099,2019-06-24,2019,NYM,2019-06-24 19:05:00,19,13,7,20,8,8,7,34,322,86.2,5,75,0.0667,0.2353,4.0,2.0,3.0,19.0,166.0,87.7,55.0,0.2105,4.0,6.0,3.0,15.0,156.0,84.7,52.0,0.2667,79.0,26.1,72.3,1009.2,0.0,8.3,5.1,144.7,SE,4.4,6.53,1.74,night
567100,2019-06-25,2019,NYM,2019-06-25 19:05:00,19,7,5,12,6,13,7,20,282,86.9,6,59,0.1017,0.3,4.0,7.0,3.0,8.0,134.0,89.0,36.0,0.5,2.0,6.0,4.0,12.0,148.0,85.1,43.0,0.1667,80.1,26.7,63.0,1011.1,0.0,8.0,5.0,285.7,W,0.96,-1.83,3.63,night
567101,2019-06-26,2019,NYM,2019-06-26 19:05:00,19,5,4,9,3,21,9,19,305,82.6,4,55,0.0727,0.1579,1.0,15.0,3.0,9.0,154.0,81.2,40.0,0.1111,2.0,6.0,4.0,10.0,151.0,83.8,48.0,0.2,82.3,27.9,56.7,1016.2,0.0,7.9,4.9,226.6,SW,7.24,5.69,7.91,night
567102,2019-06-27,2019,NYM,2019-06-27 13:05:00,13,6,3,9,4,21,6,11,317,79.4,2,44,0.0455,0.3636,3.0,10.0,5.0,6.0,177.0,78.3,53.0,0.5,1.0,11.0,1.0,5.0,140.0,80.9,37.0,0.2,90.4,32.4,32.0,1019.8,0.0,13.2,8.2,327.0,NW,-7.49,-10.77,-3.31,day
567103,2019-07-12,2019,WSH,2019-07-12 18:05:00,18,0,4,4,0,14,6,17,317,84.4,0,57,0.0,0.0,0.0,10.0,2.0,8.0,153.0,84.5,30.0,0.0,0.0,4.0,3.0,9.0,164.0,84.4,50.0,0.0,82.0,27.8,58.7,1008.4,0.0,11.0,6.8,315.7,NW,-4.33,-7.51,-0.62,night
567104,2019-07-13,2019,WSH,2019-07-13 19:15:00,19,3,4,7,2,21,8,16,327,83.6,2,48,0.0417,0.125,1.0,11.0,3.0,7.0,161.0,85.8,43.0,0.1429,1.0,10.0,5.0,9.0,166.0,81.5,44.0,0.1111,80.5,27.0,65.0,1012.9,0.0,7.1,4.4,282.8,W,1.2,-1.27,3.52,night
567105,2019-07-14,2019,WSH,2019-07-14 13:05:00,13,4,3,7,2,16,6,14,263,83.7,2,47,0.0426,0.1429,2.0,7.0,1.0,7.0,116.0,84.3,34.0,0.2857,0.0,9.0,4.0,7.0,147.0,83.1,38.0,0.0,89.2,31.8,48.3,1013.5,0.0,16.5,10.3,280.7,W,3.38,-2.34,8.7,day
567106,2019-07-15,2019,LAD,2019-07-15 19:05:00,19,2,16,18,5,17,7,26,334,84.2,4,65,0.0615,0.1923,1.0,10.0,2.0,7.0,143.0,82.0,43.0,0.1429,4.0,7.0,5.0,19.0,191.0,85.8,57.0,0.2105,79.7,26.5,60.7,1016.3,0.0,5.7,3.5,290.7,W,0.18,-1.77,2.11,night
567107,2019-07-16,2019,LAD,2019-07-16 19:05:00,19,9,8,17,8,21,6,15,291,85.5,6,48,0.125,0.5333,3.0,9.0,4.0,8.0,146.0,85.4,37.0,0.375,5.0,12.0,2.0,7.0,145.0,85.7,35.0,0.7143,85.7,29.8,56.3,1015.7,0.0,9.3,5.8,195.0,S,9.25,9.11,8.28,night
567108,2019-07-17,2019,LAD,2019-07-17 19:05:00,19,2,7,9,2,23,16,9,369,80.8,1,41,0.0244,0.2222,0.0,10.0,5.0,2.0,166.0,79.0,38.0,0.0,2.0,13.0,10.0,7.0,203.0,82.5,38.0,0.2857,83.7,28.7,71.0,1011.8,3.1,12.6,7.8,235.1,SW,10.65,7.68,12.33,night
567109,2019-07-18,2019,LAD,2019-07-18 12:35:00,12,7,6,13,5,18,4,20,312,85.8,4,52,0.0769,0.25,1.0,9.0,1.0,10.0,148.0,85.0,34.0,0.1,4.0,9.0,2.0,10.0,164.0,86.4,41.0,0.4,85.5,29.7,70.0,1011.3,0.3,2.8,1.7,131.6,SE,0.91,1.75,-0.04,day
567110,2019-07-26,2019,ATL,2019-07-26 19:05:00,19,2,9,11,2,14,7,20,299,81.5,2,56,0.0357,0.1,1.0,8.0,1.0,12.0,144.0,82.2,48.0,0.0833,1.0,6.0,6.0,8.0,155.0,80.6,39.0,0.125,79.5,26.4,65.3,1023.3,0.0,4.9,3.1,183.9,S,4.68,4.93,3.85,night
567111,2019-07-27,2019,ATL,2019-07-27 19:05:00,19,7,15,22,6,27,11,28,353,86.2,5,54,0.0926,0.2143,2.0,12.0,4.0,12.0,158.0,87.2,35.0,0.1667,4.0,15.0,7.0,16.0,195.0,85.5,47.0,0.25,80.2,26.8,61.0,1021.2,0.0,11.5,7.1,198.7,S,11.44,11.01,10.49,night
567112,2019-07-28,2019,ATL,2019-07-28 13:05:00,13,9,4,13,6,22,6,20,294,84.9,4,48,0.0833,0.3,4.0,12.0,2.0,12.0,161.0,84.7,40.0,0.3333,2.0,10.0,3.0,8.0,133.0,85.1,36.0,0.25,89.7,32.1,42.0,1018.0,0.0,12.0,7.5,224.7,SW,11.11,8.89,11.99,day
567113,2019-07-30,2019,SF,2019-07-30 19:05:00,19,4,2,6,3,18,4,17,269,85.4,3,47,0.0638,0.1765,1.0,10.0,3.0,11.0,134.0,87.6,38.0,0.0909,2.0,8.0,1.0,6.0,135.0,83.5,45.0,0.3333,85.5,29.7,57.7,1014.2,0.0,12.7,7.9,170.0,S,10.71,12.4,7.73,night
567114,2019-07-31,2019,SF,2019-07-31 19:05:00,19,1,5,6,3,20,7,13,295,85.1,3,45,0.0667,0.2308,0.0,8.0,2.0,5.0,130.0,86.4,36.0,0.0,3.0,12.0,5.0,8.0,165.0,84.1,51.0,0.375,78.7,25.9,80.0,1016.0,0.0,5.0,3.1,77.0,E,-2.92,-1.34,-4.15,night
567115,2019-08-01,2019,SF,2019-08-01 13:05:00,13,10,2,12,3,12,7,22,300,84.6,5,61,0.082,0.1364,3.0,3.0,5.0,12.0,154.0,86.1,45.0,0.25,0.0,9.0,2.0,10.0,146.0,83.2,47.0,0.0,80.6,27.0,69.3,1018.9,1.6,4.8,3.0,324.1,NW,-2.5,-3.74,-0.96,day
567116,2019-08-02,2019,CWS,2019-08-02 19:05:00,19,3,4,7,2,31,10,24,496,83.2,3,79,0.038,0.0833,1.0,16.0,4.0,12.0,253.0,82.8,63.0,0.0833,1.0,15.0,3.0,12.0,243.0,83.5,58.0,0.0833,78.3,25.7,73.7,1018.2,0.0,6.3,3.9,179.7,S,5.78,6.26,4.6,night
567117,2019-08-03,2019,CWS,2019-08-03 19:05:00,19,3,2,5,2,21,6,9,266,84.8,3,40,0.075,0.2222,2.0,7.0,4.0,4.0,130.0,82.6,30.0,0.5,0.0,14.0,2.0,5.0,136.0,86.8,32.0,0.0,79.5,26.4,80.7,1013.1,0.2,6.0,3.7,228.4,SW,5.37,4.15,5.94,night
567118,2019-08-04,2019,CWS,2019-08-04 13:05:00,13,5,10,15,4,16,5,20,295,83.0,4,56,0.0714,0.2,1.0,7.0,4.0,9.0,147.0,85.4,38.0,0.1111,3.0,9.0,1.0,11.0,148.0,81.0,48.0,0.2727,85.5,29.7,48.0,1012.4,0.2,3.7,2.3,120.6,SE,0.52,1.74,-0.76,day
567119,2019-08-13,2019,CHC,2019-08-13 19:05:00,19,4,2,6,2,18,6,14,283,82.2,2,47,0.0426,0.1429,1.0,15.0,1.0,9.0,140.0,83.4,36.0,0.1111,1.0,3.0,5.0,5.0,143.0,81.3,46.0,0.2,76.6,24.8,86.0,1008.1,0.8,2.1,1.3,250.7,W,1.42,0.79,1.88,night
567120,2019-08-14,2019,CHC,2019-08-14 19:05:00,19,11,1,12,4,16,5,17,264,86.5,6,49,0.1224,0.2353,3.0,6.0,4.0,13.0,133.0,88.8,42.0,0.2308,1.0,10.0,1.0,4.0,131.0,83.8,35.0,0.25,76.2,24.6,85.0,1010.8,0.7,6.9,4.3,59.9,NE,-5.5,-3.73,-6.61,night
567121,2019-08-15,2019,CHC,2019-08-15 19:05:00,19,7,5,12,3,19,5,19,285,84.0,2,50,0.04,0.1579,1.0,11.0,1.0,10.0,139.0,85.3,34.0,0.1,2.0,8.0,4.0,9.0,146.0,82.9,43.0,0.2222,76.9,25.0,71.7,1014.5,0.0,8.4,5.2,129.3,SE,2.43,5.03,-0.47,night
567122,2019-08-16,2019,SD,2019-08-16 19:05:00,19,8,4,12,3,15,4,19,323,85.5,4,54,0.0741,0.1579,3.0,9.0,2.0,12.0,164.0,86.3,50.0,0.25,0.0,6.0,2.0,7.0,159.0,84.5,45.0,0.0,78.4,25.8,81.3,1014.4,0.0,7.8,4.8,128.7,SE,2.18,4.61,-0.52,night
567123,2019-08-17,2019,SD,2019-08-17 19:05:00,19,3,5,8,1,14,4,18,292,82.8,3,57,0.0526,0.0556,1.0,9.0,1.0,6.0,140.0,80.8,39.0,0.1667,0.0,5.0,3.0,12.0,152.0,84.4,47.0,0.0,82.8,28.2,69.3,1013.9,0.0,9.2,5.7,212.2,SW,9.04,7.97,9.02,night
567124,2019-08-18,2019,SD,2019-08-18 13:05:00,13,2,3,5,2,16,4,13,304,81.9,2,49,0.0408,0.1538,0.0,8.0,2.0,4.0,163.0,81.7,51.0,0.0,2.0,8.0,2.0,9.0,141.0,82.3,35.0,0.2222,85.9,30.0,66.7,1015.4,2.2,7.4,4.6,184.7,S,7.08,7.43,5.87,day
567125,2019-08-26,2019,PIT,2019-08-26 19:05:00,19,6,5,11,5,18,8,24,334,82.9,5,64,0.0781,0.2083,4.0,11.0,4.0,11.0,174.0,85.4,45.0,0.3636,1.0,7.0,3.0,13.0,160.0,80.5,48.0,0.0769,68.1,20.1,59.3,1019.8,0.0,10.5,6.5,93.0,E,-3.49,0.09,-6.66,night
567126,2019-08-27,2019,PIT,2019-08-27 19:05:00,19,4,5,9,3,9,4,22,296,87.4,3,64,0.0469,0.1364,1.0,4.0,1.0,11.0,155.0,84.8,49.0,0.0909,2.0,5.0,3.0,11.0,141.0,90.4,42.0,0.1818,71.8,22.1,69.3,1015.0,0.0,9.1,5.7,125.3,SE,2.03,4.95,-1.14,night
567127,2019-08-28,2019,PIT,2019-08-28 18:05:00,18,12,3,15,4,19,3,26,311,83.0,4,57,0.0702,0.1538,2.0,12.0,3.0,17.0,189.0,80.9,53.0,0.1176,2.0,7.0,0.0,9.0,122.0,85.4,44.0,0.2222,74.7,23.7,85.0,1009.1,0.0,5.5,3.4,306.9,NW,-1.38,-3.13,0.54,night
567128,2019-08-30,2019,NYM,2019-08-30 19:05:00,19,5,11,16,3,16,8,24,307,84.8,3,60,0.05,0.125,0.0,7.0,3.0,12.0,149.0,83.9,49.0,0.0,3.0,9.0,4.0,12.0,158.0,86.1,37.0,0.25,79.3,26.3,54.3,1016.5,0.0,10.1,6.3,232.3,SW,8.76,6.51,9.95,night
567129,2019-08-31,2019,NYM,2019-08-31 16:05:00,16,3,6,9,1,18,5,22,338,80.1,2,59,0.0339,0.0455,1.0,12.0,2.0,9.0,156.0,78.7,52.0,0.1111,0.0,6.0,3.0,13.0,182.0,81.3,55.0,0.0,85.3,29.6,38.0,1021.0,0.0,3.1,1.9,35.3,NE,-3.06,-2.63,-3.11,day
567130,2019-09-01,2019,NYM,2019-09-01 19:05:00,19,5,2,7,2,12,7,13,252,86.6,1,50,0.02,0.1538,1.0,7.0,3.0,9.0,134.0,86.7,30.0,0.1111,1.0,5.0,3.0,4.0,118.0,86.5,30.0,0.25,75.0,23.9,58.7,1023.1,0.0,15.0,9.3,132.7,SE,5.16,9.65,0.04,night
567131,2019-09-09,2019,ATL,2019-09-09 19:05:00,19,2,7,9,4,17,6,13,278,83.9,4,48,0.0833,0.3077,2.0,8.0,0.0,5.0,130.0,82.1,43.0,0.4,2.0,9.0,6.0,8.0,148.0,86.1,35.0,0.25,73.2,22.9,68.7,1022.8,0.0,10.1,6.3,114.9,SE,0.43,3.84,-3.04,night
567132,2019-09-10,2019,ATL,2019-09-10 19:05:00,19,6,5,11,6,22,7,18,282,84.9,8,44,0.1818,0.3333,5.0,10.0,4.0,8.0,136.0,86.7,33.0,0.625,1.0,12.0,3.0,10.0,146.0,83.3,37.0,0.1,75.0,23.9,64.0,1024.5,0.0,12.2,7.6,187.3,S,11.78,12.16,9.97,night
567133,2019-09-11,2019,ATL,2019-09-11 19:05:00,19,1,3,4,1,21,10,12,325,81.7,2,42,0.0476,0.0833,0.0,11.0,4.0,5.0,159.0,81.4,32.0,0.0,1.0,10.0,5.0,7.0,166.0,81.9,48.0,0.1429,82.0,27.8,70.3,1017.4,0.0,10.5,6.5,242.3,SW,8.06,5.28,9.88,night
567134,2019-09-12,2019,ATL,2019-09-12 19:15:00,19,9,5,14,7,18,9,18,334,84.4,6,51,0.1176,0.3889,4.0,6.0,5.0,11.0,163.0,85.6,41.0,0.3636,3.0,12.0,4.0,7.0,171.0,83.2,45.0,0.4286,72.5,22.5,90.0,1020.3,4.4,12.7,7.9,60.6,NE,-9.96,-6.69,-12.04,night
567135,2019-09-14,2019,BOS,2019-09-14 19:05:00,19,1,2,3,0,25,8,11,287,82.6,0,39,0.0,0.0,0.0,15.0,2.0,5.0,147.0,82.6,29.0,0.0,0.0,10.0,5.0,6.0,140.0,82.6,38.0,0.0,73.2,22.9,80.0,1021.2,0.0,7.3,4.6,223.5,SW,6.84,5.53,7.33,night
567136,2019-09-15,2019,BOS,2019-09-15 13:05:00,13,3,6,9,3,20,6,13,287,83.4,2,46,0.0435,0.2308,1.0,10.0,4.0,7.0,135.0,83.2,31.0,0.1429,2.0,10.0,2.0,6.0,152.0,83.6,42.0,0.3333,82.2,27.9,47.7,1019.4,0.0,3.9,2.4,297.5,NW,-0.34,-1.66,1.02,day
567137,2019-09-27,2019,MIA,2019-09-27 19:05:00,19,5,4,9,1,27,6,28,438,83.9,4,86,0.0465,0.0357,0.0,14.0,4.0,11.0,235.0,86.3,65.0,0.0,1.0,13.0,0.0,17.0,203.0,81.5,63.0,0.0588,69.6,20.9,62.7,1019.4,0.0,10.2,6.3,180.6,S,9.46,10.19,7.59,night
567138,2019-09-28,2019,MIA,2019-09-28 18:05:00,18,9,3,12,4,11,8,17,284,84.3,4,55,0.0727,0.2353,3.0,3.0,5.0,10.0,152.0,85.1,48.0,0.3,1.0,8.0,3.0,7.0,132.0,83.2,37.0,0.1429,78.7,26.0,73.3,1016.7,0.0,9.0,5.6,168.0,S,7.42,8.71,5.23,night
567139,2019-09-29,2019,MIA,2019-09-29 15:05:00,15,3,4,7,5,19,3,20,284,81.9,3,54,0.0556,0.25,2.0,10.0,3.0,13.0,164.0,83.4,51.0,0.1538,3.0,9.0,0.0,7.0,120.0,79.5,34.0,0.4286,84.0,28.9,44.0,1021.5,0.0,9.4,5.8,24.9,NE,-9.39,-8.69,-8.96,day
631121,2020-07-24,2020,MIA,2020-07-24 19:05:00,19,2,5,7,2,17,6,14,284,83.9,3,49,0.0612,0.1429,1.0,8.0,3.0,5.0,124.0,83.2,33.0,0.2,1.0,9.0,3.0,9.0,160.0,84.5,47.0,0.1111,76.7,24.8,87.7,1017.4,0.0,5.6,3.5,89.4,E,-2.21,-0.3,-3.85,night
631108,2020-07-25,2020,MIA,2020-07-25 16:05:00,16,7,1,8,4,12,12,13,286,81.2,3,46,0.0652,0.3077,4.0,5.0,9.0,7.0,165.0,82.3,36.0,0.5714,0.0,7.0,3.0,6.0,121.0,80.1,31.0,0.0,86.8,30.5,55.7,1016.9,0.0,7.8,4.8,222.3,SW,7.34,5.99,7.8,day
631126,2020-07-26,2020,MIA,2020-07-26 13:05:00,13,6,11,17,5,13,11,24,326,85.8,7,65,0.1077,0.2083,1.0,5.0,7.0,12.0,179.0,84.6,54.0,0.0833,4.0,8.0,4.0,12.0,147.0,87.4,42.0,0.3333,92.5,33.6,41.0,1014.6,0.0,11.6,7.2,255.3,W,7.01,3.42,9.75,day
631127,2020-08-05,2020,NYY,2020-07-27 19:05:00,19,1,3,4,1,20,1,10,217,85.1,1,31,0.0323,0.1,0.0,7.0,1.0,3.0,101.0,85.1,30.0,0.0,1.0,13.0,0.0,7.0,116.0,85.1,21.0,0.1429,88.3,31.3,55.7,1008.2,0.0,14.8,9.2,227.3,SW,13.43,10.5,14.75,night
631129,2020-08-06,2020,NYY,2020-07-28 18:05:00,18,5,4,9,2,18,5,17,335,77.2,2,49,0.0408,0.1176,1.0,8.0,4.0,8.0,178.0,77.3,54.0,0.125,1.0,10.0,1.0,9.0,157.0,77.0,49.0,0.1111,84.0,28.9,70.3,1009.7,0.3,8.5,5.3,233.7,SW,7.3,5.35,8.37,night
631133,2020-08-08,2020,ATL,2020-08-08 18:05:00,18,5,0,5,2,13,5,12,246,84.5,3,48,0.0625,0.1667,2.0,4.0,4.0,8.0,119.0,86.6,39.0,0.25,0.0,9.0,1.0,4.0,127.0,82.4,40.0,0.0,79.6,26.4,72.0,1018.6,0.0,6.5,4.1,226.2,SW,5.98,4.72,6.52,night
631131,2020-08-09,2020,ATL,2020-08-07 19:05:00,19,0,8,8,3,16,2,18,241,85.4,1,44,0.0227,0.1667,0.0,8.0,1.0,4.0,111.0,82.6,28.0,0.0,3.0,8.0,1.0,14.0,130.0,87.4,39.0,0.2143,72.8,22.7,92.3,1018.6,2.0,4.7,2.9,51.9,NE,-4.07,-3.04,-4.6,night
631136,2020-08-09,2020,ATL,2020-08-09 13:05:00,13,2,5,7,1,10,11,12,250,84.4,3,41,0.0732,0.0833,0.0,3.0,6.0,3.0,118.0,85.8,31.0,0.0,1.0,7.0,5.0,9.0,132.0,83.5,45.0,0.1111,84.0,28.9,64.3,1018.9,1.1,11.1,6.9,221.0,SW,10.56,8.71,11.13,day
631138,2020-08-10,2020,ATL,2020-08-10 18:05:00,18,13,8,21,8,21,5,23,291,83.9,6,52,0.1154,0.3478,5.0,10.0,4.0,14.0,158.0,83.0,52.0,0.3571,3.0,11.0,1.0,9.0,133.0,85.0,44.0,0.3333,85.2,29.5,63.3,1014.2,0.0,9.6,6.0,198.0,S,9.57,9.25,8.74,night
631139,2020-08-11,2020,BAL,2020-08-11 19:05:00,19,9,10,19,4,15,8,27,354,84.0,4,70,0.0571,0.1481,3.0,9.0,5.0,11.0,171.0,82.8,53.0,0.2727,1.0,6.0,2.0,16.0,183.0,85.0,63.0,0.0625,81.6,27.5,80.0,1013.0,0.0,9.0,5.6,199.6,S,9.02,8.63,8.32,night
631141,2020-08-12,2020,BAL,2020-08-12 19:05:00,19,4,5,9,3,26,7,21,309,80.8,1,47,0.0213,0.1429,0.0,11.0,5.0,10.0,160.0,80.9,41.0,0.0,3.0,15.0,2.0,11.0,149.0,80.8,44.0,0.2727,80.6,27.0,79.7,1016.8,0.9,4.7,2.9,210.4,SW,4.69,4.18,4.63,night
631142,2020-08-13,2020,BAL,2020-08-13 16:05:00,16,4,11,15,4,12,5,23,312,82.3,8,62,0.129,0.1739,2.0,4.0,0.0,8.0,123.0,83.3,45.0,0.25,2.0,8.0,5.0,15.0,189.0,81.7,65.0,0.1333,77.3,25.2,89.3,1016.6,2.2,7.2,4.5,96.7,E,-1.96,0.52,-4.21,day
631150,2020-08-14,2020,NYM,2020-08-14 19:05:00,19,6,5,11,3,15,8,23,290,84.1,4,57,0.0702,0.1304,1.0,7.0,3.0,11.0,138.0,83.3,53.0,0.0909,2.0,8.0,5.0,12.0,152.0,85.0,42.0,0.1667,77.5,25.3,67.3,1014.4,0.0,7.9,4.9,89.0,E,-3.15,-0.48,-5.44,night
631151,2020-08-15,2020,NYM,2020-08-15 18:05:00,18,6,2,8,2,18,5,13,273,80.0,5,44,0.1136,0.1538,1.0,8.0,3.0,7.0,141.0,78.9,43.0,0.1429,1.0,10.0,2.0,6.0,132.0,81.4,35.0,0.1667,75.9,24.4,71.0,1014.8,0.0,12.1,7.5,96.0,E,-3.43,0.75,-7.19,night
631124,2020-08-16,2020,NYM,2020-08-16 13:05:00,13,6,2,8,1,14,2,21,254,82.0,3,55,0.0545,0.0476,1.0,8.0,0.0,14.0,130.0,81.7,56.0,0.0714,0.0,6.0,1.0,7.0,124.0,82.4,48.0,0.0,71.4,21.9,84.0,1012.6,0.9,22.0,13.7,33.0,NE,-21.63,-18.96,-21.7,day
631125,2020-08-28,2020,ATL,2020-08-28 19:05:00,19,7,4,11,5,19,9,17,361,82.8,6,60,0.1,0.2941,3.0,11.0,2.0,7.0,177.0,81.2,55.0,0.4286,2.0,8.0,5.0,10.0,184.0,84.2,67.0,0.2,77.2,25.1,88.0,1009.6,0.0,9.0,5.6,240.7,SW,7.07,4.74,8.55,night
631134,2020-08-29,2020,ATL,2020-08-29 13:15:00,13,4,1,5,2,13,3,12,224,84.6,4,48,0.0833,0.1667,1.0,4.0,2.0,7.0,112.0,82.6,45.0,0.1429,1.0,9.0,1.0,5.0,112.0,87.0,36.0,0.2,76.7,24.8,88.0,1001.1,0.8,17.1,10.6,225.3,SW,15.76,12.54,17.08,day
631135,2020-08-30,2020,ATL,2020-08-30 19:08:00,19,10,12,22,6,16,12,28,372,82.8,7,65,0.1077,0.2143,4.0,8.0,2.0,13.0,174.0,84.7,56.0,0.3077,2.0,8.0,9.0,15.0,198.0,81.1,60.0,0.1333,70.4,21.3,72.7,1011.1,0.0,6.6,4.1,273.3,W,2.17,-0.09,4.17,night
631143,2020-08-31,2020,WSH,2020-08-31 19:05:00,19,8,6,14,6,17,4,18,283,83.4,7,52,0.1346,0.3333,2.0,8.0,1.0,7.0,127.0,83.8,43.0,0.2857,4.0,9.0,2.0,11.0,156.0,83.1,52.0,0.3636,70.3,21.3,83.0,1017.6,0.5,6.1,3.8,95.0,E,-1.85,0.26,-3.74,night
631153,2020-09-01,2020,WSH,2020-09-01 19:05:00,19,6,0,6,2,15,12,12,300,83.5,2,48,0.0417,0.1667,2.0,5.0,9.0,8.0,167.0,86.0,46.0,0.25,0.0,10.0,3.0,4.0,133.0,80.7,42.0,0.0,74.7,23.7,71.7,1017.3,0.0,9.5,5.9,93.3,E,-3.12,0.14,-6.0,night
631145,2020-09-02,2020,WSH,2020-09-02 19:05:00,19,3,0,3,1,17,7,11,282,84.7,1,44,0.0227,0.0909,1.0,9.0,4.0,7.0,134.0,81.9,33.0,0.1429,0.0,8.0,2.0,4.0,148.0,86.7,46.0,0.0,79.6,26.4,84.7,1008.6,0.0,11.1,6.9,196.8,S,11.05,10.75,10.01,night
631146,2020-09-03,2020,WSH,2020-09-03 16:05:00,16,6,5,11,3,23,8,21,343,82.3,4,55,0.0727,0.1429,1.0,11.0,3.0,11.0,181.0,84.1,62.0,0.0909,2.0,12.0,2.0,10.0,162.0,80.1,51.0,0.2,85.4,29.7,60.3,1006.5,0.1,12.2,7.6,207.0,SW,12.2,11.14,11.79,day
631149,2020-09-08,2020,BOS,2020-09-08 16:05:00,16,6,5,11,5,12,10,19,253,83.7,5,46,0.1087,0.2632,1.0,5.0,8.0,8.0,129.0,82.8,39.0,0.125,4.0,7.0,2.0,11.0,124.0,84.7,38.0,0.3636,86.1,30.0,45.3,1019.3,0.0,2.6,1.6,207.5,SW,2.62,2.39,2.54,day
631152,2020-09-08,2020,BOS,2020-09-08 16:10:00,16,2,5,7,1,15,7,15,223,79.8,3,40,0.075,0.0667,0.0,4.0,4.0,5.0,95.0,83.9,29.0,0.0,1.0,11.0,3.0,10.0,128.0,77.0,42.0,0.1,86.1,30.0,45.3,1019.3,0.0,2.6,1.6,207.5,SW,2.62,2.39,2.54,day
631144,2020-09-15,2020,NYM,2020-09-15 19:05:00,19,4,1,5,2,16,4,17,280,81.8,3,50,0.06,0.1176,1.0,8.0,2.0,6.0,126.0,82.6,40.0,0.1667,1.0,8.0,2.0,11.0,154.0,81.2,52.0,0.0909,63.1,17.3,51.7,1025.2,0.0,5.5,3.4,344.8,N,-4.32,-5.21,-2.92,night
631119,2020-09-16,2020,NYM,2020-09-16 19:05:00,19,4,5,9,2,17,4,21,290,83.0,3,55,0.0545,0.0952,1.0,12.0,2.0,11.0,158.0,82.4,38.0,0.0909,1.0,5.0,1.0,10.0,132.0,83.3,55.0,0.1,66.1,19.0,73.3,1019.6,0.0,7.4,4.6,188.7,S,7.19,7.36,6.15,night
631117,2020-09-17,2020,NYM,2020-09-17 19:05:00,19,6,10,16,7,26,14,20,371,85.3,9,47,0.1915,0.35,4.0,12.0,7.0,9.0,191.0,86.2,48.0,0.4444,3.0,14.0,7.0,11.0,180.0,84.4,50.0,0.2727,68.8,20.4,91.3,1014.2,1.0,5.9,3.7,194.0,S,5.87,5.81,5.21,night
631122,2020-09-18,2020,TOR,2020-09-18 16:10:00,16,8,7,15,3,11,10,19,267,84.5,6,46,0.1304,0.1579,2.0,8.0,6.0,9.0,131.0,86.5,36.0,0.2222,1.0,3.0,4.0,10.0,136.0,82.8,41.0,0.1,69.9,21.1,52.7,1014.4,0.0,15.7,9.8,10.0,N,-15.36,-15.6,-13.27,day
631123,2020-09-19,2020,TOR,2020-09-19 18:05:00,18,3,1,4,1,21,7,11,296,77.6,1,40,0.025,0.0909,0.0,10.0,4.0,9.0,152.0,76.8,43.0,0.0,1.0,11.0,3.0,2.0,144.0,78.3,53.0,0.5,58.9,15.0,44.3,1026.0,0.0,7.6,4.7,10.3,N,-7.43,-7.53,-6.43,night
631128,2020-09-20,2020,TOR,2020-09-20 15:05:00,15,3,6,9,1,22,9,14,333,78.3,6,48,0.125,0.0714,0.0,12.0,5.0,6.0,166.0,77.4,53.0,0.0,1.0,10.0,4.0,8.0,167.0,79.3,47.0,0.125,64.0,17.8,30.3,1031.7,0.0,16.8,10.4,53.7,NE,-14.35,-10.51,-16.45,day
634622,2021-04-01,2021,ATL,2021-04-01 15:05:00,15,3,2,5,1,23,6,16,289,82.5,4,52,0.0769,0.0625,0.0,13.0,3.0,9.0,155.0,79.9,44.0,0.0,1.0,10.0,2.0,7.0,134.0,84.5,57.0,0.1429,51.1,10.6,36.7,1012.3,0.0,22.7,14.1,316.7,NW,-9.28,-15.79,-1.65,day
634580,2021-04-03,2021,ATL,2021-04-03 16:05:00,16,4,0,4,0,24,4,9,261,84.0,1,34,0.0294,0.0,0.0,10.0,3.0,8.0,148.0,85.4,37.0,0.0,0.0,14.0,0.0,1.0,113.0,82.2,28.0,0.0,51.7,10.9,30.0,1024.4,0.0,10.3,6.4,285.7,W,1.23,-2.36,4.66,day
634617,2021-04-04,2021,ATL,2021-04-04 13:05:00,13,2,1,3,2,24,6,12,250,83.4,2,36,0.0556,0.1667,1.0,13.0,2.0,8.0,137.0,80.2,34.0,0.125,1.0,11.0,3.0,4.0,113.0,87.0,30.0,0.25,63.6,17.5,34.7,1016.2,0.0,13.7,8.5,319.0,NW,-6.11,-9.94,-1.55,day
634606,2021-04-05,2021,NYM,2021-04-05 19:05:00,19,5,3,8,0,19,7,17,284,84.2,3,47,0.0638,0.0,0.0,8.0,3.0,7.0,120.0,83.7,44.0,0.0,0.0,11.0,4.0,10.0,164.0,84.6,63.0,0.0,58.3,14.6,42.3,1013.8,0.0,10.9,6.8,312.8,NW,-3.79,-7.07,-0.06,night
634608,2021-04-06,2021,NYM,2021-04-06 19:05:00,19,4,8,12,3,15,11,15,328,82.9,4,54,0.0741,0.2,1.0,8.0,3.0,10.0,160.0,86.4,46.0,0.1,2.0,7.0,8.0,5.0,168.0,79.2,44.0,0.4,56.6,13.7,52.7,1013.3,0.0,8.2,5.1,318.8,NW,-3.62,-5.91,-0.9,night
634626,2021-04-07,2021,NYM,2021-04-07 16:05:00,16,8,2,10,3,19,6,20,321,78.2,6,53,0.1132,0.15,3.0,10.0,3.0,9.0,154.0,78.7,45.0,0.3333,0.0,9.0,3.0,11.0,167.0,77.8,58.0,0.0,68.2,20.1,44.7,1013.8,0.0,5.3,3.3,169.7,S,4.48,5.2,3.23,day
634474,2021-04-16,2021,STL,2021-04-16 19:05:00,19,9,2,11,2,14,4,15,271,83.4,5,50,0.1,0.1333,1.0,7.0,3.0,9.0,151.0,83.1,56.0,0.1111,1.0,7.0,0.0,6.0,120.0,83.8,43.0,0.1667,50.7,10.4,64.3,1006.1,0.0,11.1,6.9,326.0,NW,-6.11,-8.9,-2.58,night
634470,2021-04-17,2021,STL,2021-04-17 16:05:00,16,4,9,13,4,24,13,20,384,79.4,5,49,0.102,0.2,0.0,13.0,5.0,9.0,194.0,76.7,61.0,0.0,4.0,11.0,7.0,11.0,190.0,82.3,59.0,0.3636,56.7,13.7,45.7,1008.4,0.0,15.5,9.7,312.0,NW,-5.19,-9.88,0.14,day
634498,2021-04-18,2021,STL,2021-04-18 13:05:00,13,2,0,2,1,19,6,8,242,81.2,2,40,0.05,0.125,1.0,9.0,5.0,6.0,133.0,82.0,37.0,0.1667,0.0,10.0,0.0,2.0,109.0,80.3,30.0,0.0,60.9,16.1,42.7,1010.3,0.0,13.4,8.3,281.7,W,2.51,-2.13,6.85,day
634457,2021-04-19,2021,SF,2021-04-19 19:05:00,19,0,2,2,1,19,5,14,294,83.6,2,49,0.0408,0.0714,0.0,7.0,4.0,7.0,144.0,86.2,46.0,0.0,1.0,12.0,1.0,7.0,150.0,81.0,43.0,0.1429,54.4,12.5,65.3,1010.6,0.0,9.5,5.9,217.3,SW,9.18,7.8,9.46,night
634439,2021-04-20,2021,SF,2021-04-20 19:05:00,19,7,10,17,8,16,8,20,314,83.1,6,55,0.1091,0.4,3.0,9.0,4.0,9.0,150.0,81.8,49.0,0.3333,5.0,7.0,4.0,11.0,164.0,84.1,61.0,0.4545,63.1,17.3,52.0,1011.7,0.0,16.3,10.1,174.0,S,14.29,16.09,10.78,night
634428,2021-04-21,2021,SF,2021-04-21 13:05:00,13,6,5,11,3,21,6,23,302,83.2,5,53,0.0943,0.1304,2.0,12.0,5.0,12.0,146.0,84.8,42.0,0.1667,1.0,9.0,0.0,11.0,156.0,81.8,48.0,0.0909,60.4,15.8,65.7,1002.8,2.4,30.2,18.8,284.1,W,4.41,-6.08,14.36,day
634336,2021-04-30,2021,NYM,2021-04-30 19:05:00,19,2,1,3,0,22,9,9,270,81.9,4,38,0.1053,0.0,0.0,12.0,4.0,3.0,119.0,79.3,31.0,0.0,0.0,10.0,4.0,6.0,151.0,83.6,46.0,0.0,56.4,13.6,38.7,1004.7,0.0,26.9,16.7,295.3,NW,-1.33,-10.44,7.94,night
634276,2021-05-01,2021,NYM,2021-05-01 18:05:00,18,4,5,9,2,14,3,16,250,82.3,3,53,0.0566,0.125,1.0,7.0,2.0,8.0,133.0,84.6,51.0,0.125,1.0,7.0,1.0,8.0,117.0,79.7,47.0,0.125,62.7,17.1,27.0,1012.2,0.0,12.5,7.8,251.1,W,8.27,4.57,10.98,night
634257,2021-05-02,2021,NYM,2021-05-02 19:08:00,19,7,8,15,3,23,6,25,330,82.9,5,57,0.0877,0.12,2.0,14.0,4.0,8.0,161.0,86.4,40.0,0.25,1.0,9.0,2.0,17.0,169.0,81.0,75.0,0.0588,76.2,24.6,36.0,1007.5,0.0,20.2,12.6,218.3,SW,19.47,16.4,20.18,night
634244,2021-05-03,2021,MIL,2021-05-03 19:05:00,19,4,3,7,2,19,7,13,311,82.7,4,44,0.0909,0.1538,1.0,7.0,2.0,6.0,139.0,83.3,46.0,0.1667,1.0,12.0,5.0,7.0,172.0,82.2,46.0,0.1429,65.9,18.8,85.3,1006.6,2.9,11.4,7.1,113.6,SE,0.22,4.09,-3.68,night
634324,2021-05-04,2021,MIL,2021-05-04 19:05:00,19,6,5,11,4,23,2,18,296,83.4,3,46,0.0652,0.2222,3.0,11.0,0.0,8.0,121.0,82.6,37.0,0.375,1.0,12.0,2.0,10.0,175.0,84.0,62.0,0.1,74.7,23.7,69.3,1005.6,0.4,12.8,7.9,170.2,S,10.8,12.48,7.81,night
634294,2021-05-05,2021,MIL,2021-05-05 19:05:00,19,5,4,9,2,20,10,12,310,79.5,1,39,0.0256,0.1667,1.0,13.0,3.0,4.0,135.0,83.0,36.0,0.25,1.0,7.0,7.0,8.0,175.0,77.0,51.0,0.125,63.1,17.3,70.7,1008.6,0.0,19.4,12.1,331.7,NW,-12.25,-16.66,-6.37,night
634283,2021-05-06,2021,MIL,2021-05-06 13:05:00,13,2,0,2,1,21,3,7,246,78.6,2,36,0.0556,0.1429,1.0,13.0,3.0,4.0,128.0,81.7,40.0,0.25,0.0,8.0,0.0,3.0,118.0,75.8,44.0,0.0,63.7,17.6,37.0,1014.2,0.0,13.4,8.3,322.0,NW,-6.6,-10.19,-2.21,day
634051,2021-05-18,2021,MIA,2021-05-18 19:05:00,19,8,3,11,1,19,4,20,293,82.6,2,52,0.0385,0.05,0.0,4.0,4.0,14.0,159.0,82.3,62.0,0.0,1.0,15.0,0.0,6.0,134.0,83.1,39.0,0.1667,72.0,22.2,41.7,1024.3,0.0,14.1,8.7,211.3,SW,13.9,12.32,13.8,night
634044,2021-05-19,2021,MIA,2021-05-19 19:05:00,19,1,3,4,2,19,3,18,258,82.2,3,49,0.0612,0.1111,1.0,10.0,2.0,7.0,120.0,82.7,39.0,0.1429,1.0,9.0,1.0,11.0,138.0,81.7,40.0,0.0909,81.6,27.6,29.3,1024.8,0.0,8.3,5.2,121.0,SE,1.23,3.98,-1.66,night
634039,2021-05-20,2021,MIA,2021-05-20 19:05:00,19,0,6,6,2,25,9,11,314,81.8,2,38,0.0526,0.1818,0.0,15.0,4.0,3.0,151.0,82.1,35.0,0.0,2.0,10.0,4.0,8.0,163.0,81.5,49.0,0.25,71.4,21.9,32.0,1030.8,0.0,14.5,9.0,159.0,S,10.52,13.3,6.47,night
634054,2021-05-21,2021,BOS,2021-05-21 19:05:00,19,3,11,14,3,30,6,19,322,83.6,3,43,0.0698,0.1579,1.0,13.0,4.0,6.0,143.0,81.7,41.0,0.1667,2.0,17.0,1.0,13.0,179.0,85.4,45.0,0.1538,75.0,23.9,40.0,1028.6,0.0,15.3,9.5,211.0,SW,15.1,13.42,14.96,night
633984,2021-05-22,2021,BOS,2021-05-22 19:15:00,19,3,4,7,3,24,9,14,317,82.7,3,44,0.0682,0.2143,1.0,13.0,4.0,7.0,154.0,83.8,42.0,0.1429,2.0,11.0,5.0,7.0,163.0,81.7,46.0,0.2857,83.2,28.5,38.3,1018.0,0.0,12.8,8.0,279.9,W,2.78,-1.66,6.89,night
634004,2021-05-23,2021,BOS,2021-05-23 13:05:00,13,6,2,8,3,21,6,14,296,78.5,3,43,0.0698,0.2143,1.0,9.0,3.0,10.0,167.0,77.3,60.0,0.1,2.0,12.0,2.0,4.0,129.0,80.1,46.0,0.5,92.7,33.7,29.0,1011.9,0.0,19.4,12.1,315.3,NW,-7.53,-13.19,-0.96,day
633862,2021-06-04,2021,WSH,2021-06-04 19:05:00,19,1,2,3,1,19,3,12,254,82.8,2,42,0.0476,0.0833,0.0,11.0,1.0,6.0,128.0,82.8,38.0,0.0,1.0,8.0,1.0,6.0,126.0,82.9,44.0,0.1667,72.4,22.5,83.3,1012.6,0.0,7.1,4.4,226.4,SW,6.52,5.14,7.12,night
633795,2021-06-05,2021,WSH,2021-06-05 16:05:00,16,5,2,7,2,16,7,10,282,80.5,1,46,0.0217,0.2,1.0,7.0,2.0,6.0,125.0,83.5,48.0,0.1667,1.0,9.0,5.0,4.0,157.0,77.3,44.0,0.25,88.2,31.2,40.0,1013.3,0.0,17.5,10.9,244.7,SW,12.97,8.17,16.21,day
633786,2021-06-06,2021,WSH,2021-06-06 13:05:00,13,12,6,18,2,18,7,19,337,81.9,4,53,0.0755,0.1053,2.0,9.0,4.0,9.0,154.0,82.0,50.0,0.2222,0.0,9.0,3.0,10.0,183.0,81.8,62.0,0.0,90.7,32.6,39.3,1016.9,0.0,11.4,7.1,225.3,SW,10.48,8.34,11.35,day
633785,2021-06-08,2021,ATL,2021-06-08 19:05:00,19,5,9,14,5,11,10,23,315,82.7,6,62,0.0968,0.2174,2.0,4.0,6.0,11.0,161.0,79.2,58.0,0.1818,3.0,7.0,4.0,12.0,154.0,86.2,58.0,0.25,78.7,26.0,85.7,1015.8,0.0,4.0,2.5,180.0,S,3.73,4.03,2.97,night
633764,2021-06-09,2021,ATL,2021-06-09 19:05:00,19,2,1,3,1,18,4,13,258,83.0,2,47,0.0426,0.0769,1.0,8.0,2.0,5.0,127.0,82.4,44.0,0.2,0.0,10.0,2.0,8.0,131.0,83.6,40.0,0.0,80.4,26.9,77.0,1014.9,2.1,5.6,3.5,249.6,W,3.79,2.16,4.95,night
633762,2021-06-10,2021,ATL,2021-06-10 13:05:00,13,4,3,7,1,19,6,14,302,80.5,2,51,0.0392,0.0714,0.0,4.0,2.0,9.0,140.0,80.6,52.0,0.0,1.0,15.0,4.0,5.0,162.0,80.5,53.0,0.2,84.0,28.9,42.7,1014.7,0.0,17.2,10.7,87.3,E,-7.31,-1.55,-12.2,day
633763,2021-06-12,2021,NYY,2021-06-12 16:05:00,16,8,7,15,3,19,9,24,358,81.0,4,61,0.0656,0.125,0.0,8.0,4.0,14.0,190.0,79.5,74.0,0.0,3.0,11.0,4.0,10.0,168.0,83.3,48.0,0.3,78.3,25.7,53.3,1008.7,0.0,6.5,4.1,47.7,NE,-5.91,-4.6,-6.51,day
633715,2021-06-13,2021,NYY,2021-06-13 13:05:00,13,7,0,7,0,16,2,16,253,83.0,1,49,0.0204,0.0,0.0,5.0,1.0,12.0,132.0,83.2,51.0,0.0,0.0,11.0,1.0,4.0,121.0,82.7,45.0,0.0,80.1,26.7,51.3,1011.7,0.0,11.0,6.8,227.7,SW,9.96,7.76,10.96,day
633549,2021-06-22,2021,WSH,2021-06-22 19:05:00,19,2,3,5,2,23,6,15,344,81.3,4,46,0.087,0.1333,2.0,13.0,4.0,6.0,183.0,80.6,55.0,0.3333,0.0,10.0,2.0,9.0,161.0,82.0,50.0,0.0,64.9,18.3,82.3,1011.7,0.2,14.1,8.8,310.7,NW,-4.41,-8.73,0.45,night
633546,2021-06-23,2021,WSH,2021-06-23 13:05:00,13,12,13,25,5,14,14,27,378,82.1,6,65,0.0923,0.1852,3.0,5.0,6.0,15.0,183.0,83.3,67.0,0.2,2.0,9.0,8.0,12.0,195.0,80.7,59.0,0.1667,74.7,23.7,33.0,1022.2,0.0,8.4,5.2,327.7,NW,-4.84,-6.9,-2.2,day
633495,2021-06-29,2021,MIA,2021-06-29 19:05:00,19,4,3,7,2,22,10,7,295,79.0,2,36,0.0556,0.2857,1.0,12.0,7.0,3.0,146.0,74.4,34.0,0.3333,1.0,10.0,3.0,4.0,149.0,82.5,45.0,0.25,88.3,31.3,53.7,1019.5,0.0,12.1,7.5,229.0,SW,10.8,8.31,11.99,night
633419,2021-06-30,2021,MIA,2021-06-30 19:05:00,19,6,11,17,4,26,7,26,344,80.2,6,55,0.1091,0.1538,2.0,10.0,6.0,8.0,154.0,83.8,51.0,0.25,2.0,16.0,1.0,18.0,190.0,77.7,71.0,0.1111,88.9,31.6,53.7,1012.8,0.4,16.4,10.2,251.6,W,10.75,5.86,14.34,night
633448,2021-07-02,2021,SD,2021-07-02 18:05:00,18,4,3,7,1,18,4,11,290,81.2,3,51,0.0588,0.0909,1.0,6.0,1.0,5.0,132.0,85.7,53.0,0.2,0.0,12.0,2.0,6.0,158.0,76.8,54.0,0.0,73.1,22.8,79.0,1006.1,0.7,6.8,4.2,260.9,W,3.58,1.38,5.36,night
633390,2021-07-03,2021,SD,2021-07-03 16:05:00,16,4,2,6,3,15,5,12,260,81.9,4,45,0.0889,0.25,2.0,11.0,3.0,8.0,137.0,82.3,53.0,0.25,1.0,4.0,2.0,4.0,123.0,81.4,42.0,0.25,71.5,22.0,70.3,1007.4,0.6,4.7,2.9,323.3,NW,-2.41,-3.64,-0.88,day
633374,2021-07-04,2021,SD,2021-07-04 13:05:00,13,1,11,12,4,14,12,20,327,82.7,5,53,0.0943,0.2,1.0,5.0,6.0,5.0,139.0,81.4,41.0,0.2,3.0,9.0,4.0,15.0,188.0,83.6,60.0,0.2,76.8,24.9,62.0,1012.2,1.3,6.4,4.0,245.0,SW,4.74,2.97,5.94,day
633283,2021-07-16,2021,MIA,2021-07-16 16:05:00,16,5,2,7,0,18,4,14,242,81.2,0,34,0.0,0.0,0.0,6.0,4.0,6.0,125.0,79.2,39.0,0.0,0.0,12.0,0.0,8.0,117.0,83.1,38.0,0.0,91.0,32.8,47.0,1015.0,0.0,12.0,7.5,228.0,SW,10.86,8.43,11.98,day
633447,2021-07-16,2021,MIA,2021-07-01 18:05:00,18,0,7,7,2,17,5,10,223,83.5,2,37,0.0541,0.2,0.0,8.0,3.0,2.0,96.0,81.4,34.0,0.0,2.0,9.0,2.0,8.0,127.0,85.2,43.0,0.25,75.2,24.0,89.3,1008.7,10.7,5.1,3.2,253.8,W,3.21,1.64,4.38,night
633299,2021-07-17,2021,MIA,2021-07-17 18:05:00,18,4,2,6,2,15,6,12,289,79.9,2,53,0.0377,0.1667,1.0,5.0,3.0,7.0,135.0,78.9,46.0,0.1429,1.0,10.0,3.0,5.0,154.0,80.7,55.0,0.2,83.1,28.4,75.0,1014.3,0.4,10.7,6.6,195.0,S,10.58,10.41,9.46,night
633239,2021-07-18,2021,MIA,2021-07-18 14:01:00,14,7,4,11,3,13,7,23,285,80.3,2,58,0.0345,0.1304,2.0,3.0,4.0,13.0,139.0,79.7,60.0,0.1538,1.0,10.0,3.0,10.0,146.0,81.1,51.0,0.1,81.8,27.7,57.3,1014.3,0.0,19.4,12.1,265.4,W,8.85,2.41,14.22,day
633276,2021-07-22,2021,ATL,2021-07-22 19:05:00,19,2,7,9,2,17,11,14,304,82.6,1,50,0.02,0.1429,0.0,11.0,4.0,7.0,150.0,82.1,43.0,0.0,2.0,6.0,6.0,7.0,154.0,83.1,50.0,0.2857,76.0,24.4,51.0,1018.8,0.0,9.1,5.7,325.4,NW,-4.95,-7.26,-2.04,night
633214,2021-07-23,2021,ATL,2021-07-23 19:05:00,19,5,1,6,1,15,8,17,293,81.8,3,51,0.0588,0.0588,1.0,7.0,5.0,8.0,143.0,81.1,46.0,0.125,0.0,8.0,3.0,9.0,150.0,82.4,57.0,0.0,77.7,25.4,51.3,1018.4,0.0,4.8,3.0,27.9,NE,-4.78,-4.34,-4.64,night
633202,2021-07-24,2021,ATL,2021-07-24 18:05:00,18,3,15,18,5,16,11,25,344,82.5,6,64,0.0938,0.2,0.0,7.0,6.0,8.0,166.0,80.4,59.0,0.0,5.0,9.0,5.0,17.0,178.0,84.3,67.0,0.2941,81.0,27.2,42.7,1016.0,0.0,13.6,8.4,201.6,S,13.57,12.82,12.68,night
633192,2021-07-25,2021,ATL,2021-07-25 13:05:00,13,2,1,3,3,22,0,10,227,84.9,1,39,0.0256,0.3,2.0,12.0,0.0,6.0,107.0,85.1,32.0,0.3333,1.0,10.0,0.0,4.0,120.0,84.7,38.0,0.25,87.8,31.0,50.0,1011.3,0.0,18.4,11.4,221.3,SW,17.38,14.31,18.36,day
633168,2021-07-26,2021,WSH,2021-07-26 19:05:00,19,6,5,11,2,16,10,21,307,79.3,2,55,0.0364,0.0952,2.0,9.0,3.0,11.0,156.0,79.2,44.0,0.1818,0.0,7.0,5.0,10.0,151.0,79.3,53.0,0.0,82.8,28.2,47.3,1011.8,0.0,8.3,5.2,18.8,N,-8.32,-8.0,-7.63,night
633152,2021-07-27,2021,WSH,2021-07-27 19:05:00,19,4,6,10,4,15,5,17,275,80.8,4,55,0.0727,0.2353,2.0,7.0,3.0,9.0,149.0,86.6,57.0,0.2222,2.0,8.0,2.0,8.0,126.0,73.9,48.0,0.25,83.1,28.4,52.3,1012.7,0.0,10.4,6.4,260.1,W,5.56,2.23,8.22,night
633081,2021-07-29,2021,WSH,2021-07-29 12:05:00,12,1,3,4,2,12,5,10,200,82.9,2,36,0.0556,0.2,1.0,7.0,3.0,3.0,100.0,80.5,28.0,0.3333,1.0,5.0,2.0,7.0,100.0,85.1,31.0,0.1429,80.8,27.1,67.7,1013.2,0.7,19.2,11.9,196.7,S,19.1,18.61,17.28,day
633134,2021-07-29,2021,WSH,2021-07-28 19:05:00,19,11,8,19,5,13,11,26,310,83.3,4,59,0.0678,0.1923,4.0,4.0,4.0,12.0,150.0,81.8,54.0,0.3333,1.0,9.0,3.0,14.0,160.0,84.9,51.0,0.0714,77.1,25.0,73.7,1014.9,0.2,9.3,5.8,140.3,SE,4.33,6.87,1.26,night
633074,2021-08-06,2021,NYM,2021-08-06 19:05:00,19,4,2,6,3,16,5,13,300,81.3,5,48,0.1042,0.2308,2.0,9.0,1.0,8.0,141.0,83.4,48.0,0.25,1.0,7.0,4.0,5.0,159.0,79.1,48.0,0.2,80.8,27.1,52.3,1018.9,0.0,15.0,9.3,199.3,S,14.94,14.33,13.76,night
632981,2021-08-07,2021,NYM,2021-08-07 16:15:00,16,5,3,8,6,20,6,14,313,81.9,7,46,0.1522,0.4286,3.0,7.0,1.0,8.0,141.0,81.4,45.0,0.375,3.0,13.0,5.0,6.0,172.0,82.3,49.0,0.5,81.9,27.7,50.7,1016.2,0.0,17.2,10.7,185.0,S,16.44,17.22,13.67,day
632967,2021-08-08,2021,NYM,2021-08-08 13:05:00,13,3,0,3,3,15,2,7,215,83.5,6,41,0.1463,0.4286,3.0,4.0,1.0,5.0,107.0,83.7,43.0,0.6,0.0,11.0,1.0,2.0,108.0,83.2,38.0,0.0,80.0,26.7,58.0,1017.3,0.0,11.1,6.9,41.6,NE,-10.52,-8.63,-11.13,day
632984,2021-08-10,2021,LAD,2021-08-10 19:05:00,19,0,5,5,2,30,7,18,320,81.2,3,40,0.075,0.1111,0.0,15.0,3.0,6.0,155.0,77.7,47.0,0.0,2.0,15.0,3.0,12.0,165.0,84.7,46.0,0.1667,81.3,27.4,82.7,1017.1,2.1,10.9,6.8,205.3,SW,10.85,10.02,10.38,night
632915,2021-08-11,2021,LAD,2021-08-11 19:05:00,19,2,8,10,2,17,7,20,329,83.5,4,56,0.0714,0.1,0.0,9.0,2.0,7.0,123.0,83.7,47.0,0.0,2.0,8.0,5.0,13.0,206.0,83.4,69.0,0.1538,83.3,28.5,77.0,1015.7,0.0,8.4,5.2,261.1,W,4.38,1.66,6.57,night
632969,2021-08-12,2021,LAD,2021-08-12 13:05:00,13,2,1,3,1,15,10,7,275,82.6,1,42,0.0238,0.1429,1.0,9.0,4.0,4.0,124.0,82.9,39.0,0.25,0.0,6.0,4.0,3.0,151.0,82.4,52.0,0.0,94.0,34.4,46.7,1015.9,0.0,16.2,10.1,218.7,SW,15.59,13.1,16.2,day
632901,2021-08-13,2021,CIN,2021-08-13 19:05:00,19,1,6,7,3,14,3,13,282,82.4,4,51,0.0784,0.2308,0.0,8.0,1.0,5.0,144.0,81.7,53.0,0.0,3.0,6.0,2.0,8.0,138.0,83.1,52.0,0.375,88.2,31.2,63.0,1016.1,0.0,12.6,7.8,223.3,SW,11.74,9.51,12.57,night
632916,2021-08-14,2021,CIN,2021-08-14 16:05:00,16,6,1,7,3,21,5,11,262,81.5,1,40,0.025,0.2727,2.0,9.0,3.0,8.0,141.0,80.0,43.0,0.25,1.0,12.0,2.0,3.0,121.0,83.5,34.0,0.3333,86.2,30.1,60.0,1016.9,0.4,8.0,5.0,307.0,NW,-1.99,-4.51,0.77,day
632891,2021-08-15,2021,CIN,2021-08-15 13:05:00,13,4,7,11,2,19,10,17,328,81.8,2,51,0.0392,0.1176,0.0,7.0,6.0,7.0,154.0,82.6,52.0,0.0,2.0,12.0,4.0,10.0,174.0,81.0,50.0,0.2,83.5,28.6,32.7,1021.6,0.0,3.6,2.2,359.7,N,-3.32,-3.6,-2.64,day
632777,2021-08-24,2021,TB,2021-08-24 19:05:00,19,1,3,4,0,20,2,15,261,84.3,1,47,0.0213,0.0,0.0,8.0,1.0,6.0,116.0,84.3,48.0,0.0,0.0,12.0,1.0,9.0,145.0,84.3,48.0,0.0,81.6,27.5,70.7,1015.0,0.0,6.6,4.1,319.0,NW,-2.93,-4.76,-0.74,night
632727,2021-08-25,2021,TB,2021-08-25 19:05:00,19,4,7,11,4,15,2,20,240,82.7,6,58,0.1034,0.2,2.0,3.0,2.0,9.0,122.0,82.6,51.0,0.2222,2.0,12.0,0.0,11.0,118.0,82.8,45.0,0.1818,83.1,28.4,62.3,1018.1,0.0,7.4,4.6,212.3,SW,7.29,6.42,7.28,night
632746,2021-08-26,2021,AZ,2021-08-26 19:05:00,19,7,8,15,3,17,8,22,353,82.1,2,61,0.0328,0.1364,1.0,11.0,5.0,7.0,193.0,80.9,63.0,0.1429,2.0,6.0,3.0,15.0,160.0,83.3,62.0,0.1333,82.2,27.9,82.3,1017.9,0.0,5.1,3.2,197.8,S,5.08,4.92,4.63,night
632808,2021-08-27,2021,AZ,2021-08-27 19:05:00,19,7,6,13,4,22,9,15,370,82.4,4,58,0.069,0.2667,2.0,9.0,6.0,9.0,184.0,84.6,57.0,0.2222,2.0,13.0,1.0,6.0,186.0,80.6,69.0,0.3333,82.6,28.1,81.0,1018.3,0.0,3.9,2.4,12.2,N,-3.84,-3.84,-3.37,night
632712,2021-08-28,2021,AZ,2021-08-28 18:05:00,18,7,0,7,2,13,1,16,280,81.2,2,53,0.0377,0.125,2.0,4.0,1.0,12.0,129.0,82.7,57.0,0.1667,0.0,9.0,0.0,4.0,151.0,79.5,55.0,0.0,73.3,22.9,87.3,1021.8,0.2,15.6,9.7,44.3,NE,-14.51,-11.65,-15.63,night
632673,2021-08-29,2021,AZ,2021-08-29 13:05:00,13,7,4,11,0,12,9,21,315,79.9,2,59,0.0339,0.0,0.0,3.0,4.0,11.0,147.0,77.6,55.0,0.0,0.0,9.0,4.0,10.0,168.0,82.1,61.0,0.0,79.3,26.3,73.7,1020.5,0.0,8.9,5.5,64.0,NE,-6.66,-4.24,-8.28,day
632548,2021-09-09,2021,COL,2021-09-09 19:05:00,19,3,4,7,3,15,3,17,280,83.1,3,54,0.0556,0.1765,1.0,6.0,2.0,6.0,133.0,84.4,43.0,0.1667,2.0,9.0,1.0,11.0,147.0,82.0,56.0,0.1818,70.6,21.4,79.7,1007.9,0.0,7.7,4.8,301.3,NW,-1.18,-3.7,1.49,night
632537,2021-09-10,2021,COL,2021-09-10 19:05:00,19,2,11,13,4,19,12,18,354,81.6,5,53,0.0943,0.2222,1.0,8.0,6.0,8.0,162.0,85.9,43.0,0.125,3.0,11.0,6.0,10.0,192.0,78.7,66.0,0.3,66.3,19.1,62.3,1016.4,0.0,7.6,4.7,292.7,NW,-0.02,-2.62,2.58,night
632540,2021-09-11,2021,COL,2021-09-11 18:05:00,18,6,1,7,4,15,8,17,283,81.9,3,50,0.06,0.2353,3.0,6.0,4.0,9.0,138.0,84.1,43.0,0.3333,1.0,9.0,3.0,8.0,145.0,80.2,55.0,0.125,71.1,21.7,59.3,1019.8,0.0,8.3,5.1,215.7,SW,8.05,6.92,8.21,night
632514,2021-09-12,2021,COL,2021-09-12 13:05:00,13,4,5,9,3,21,4,16,291,82.8,2,48,0.0417,0.1875,1.0,9.0,3.0,7.0,142.0,84.1,40.0,0.1429,2.0,12.0,1.0,9.0,149.0,81.8,48.0,0.2222,83.2,28.5,51.0,1018.2,0.0,21.7,13.5,234.0,SW,18.5,13.51,21.26,day
632495,2021-09-14,2021,CHC,2021-09-14 19:05:00,19,3,6,9,3,18,6,15,292,84.6,4,47,0.0851,0.2,1.0,8.0,3.0,6.0,124.0,85.0,40.0,0.1667,2.0,10.0,3.0,9.0,168.0,84.3,57.0,0.2222,79.0,26.1,74.0,1014.9,0.0,11.2,7.0,170.0,S,9.45,10.93,6.82,night
632486,2021-09-15,2021,CHC,2021-09-15 19:05:00,19,6,5,11,5,16,3,19,267,79.0,4,55,0.0727,0.2632,2.0,5.0,1.0,11.0,125.0,74.5,48.0,0.1818,3.0,11.0,1.0,8.0,142.0,84.2,41.0,0.375,79.3,26.3,65.3,1014.5,0.0,11.6,7.2,178.3,S,10.55,11.54,8.3,night
632475,2021-09-16,2021,CHC,2021-09-16 18:05:00,18,17,8,25,3,13,12,26,358,77.0,3,61,0.0492,0.1154,1.0,6.0,6.0,16.0,182.0,74.8,59.0,0.0625,2.0,7.0,6.0,10.0,176.0,79.5,51.0,0.2,73.3,23.0,89.7,1021.3,0.1,13.8,8.6,62.0,NE,-10.67,-7.02,-13.04,night
632429,2021-09-20,2021,BAL,2021-09-20 19:05:00,19,0,2,2,0,13,2,13,268,83.0,3,52,0.0577,0.0,0.0,6.0,1.0,4.0,124.0,82.7,46.0,0.0,0.0,7.0,1.0,9.0,144.0,83.1,54.0,0.0,67.0,19.4,71.7,1026.4,0.0,8.9,5.6,121.0,SE,1.32,4.26,-1.78,night
632402,2021-09-21,2021,BAL,2021-09-21 19:05:00,19,3,2,5,0,17,5,16,308,78.7,0,56,0.0,0.0,0.0,10.0,1.0,9.0,155.0,80.7,53.0,0.0,0.0,7.0,2.0,7.0,153.0,76.6,49.0,0.0,71.2,21.8,80.7,1023.3,0.0,9.2,5.7,111.7,E,-0.13,3.03,-3.28,night
632382,2021-09-22,2021,BAL,2021-09-22 19:05:00,19,4,3,7,1,18,8,17,311,81.8,1,47,0.0213,0.0588,1.0,6.0,1.0,10.0,146.0,82.3,59.0,0.1,0.0,12.0,6.0,7.0,165.0,81.2,53.0,0.0,76.0,24.4,78.0,1013.5,0.0,20.1,12.5,152.7,SE,12.94,17.41,6.92,night
632365,2021-09-23,2021,PIT,2021-09-23 19:05:00,19,12,6,18,5,21,9,17,305,81.3,2,46,0.0435,0.2941,3.0,12.0,5.0,11.0,184.0,80.5,67.0,0.2727,2.0,9.0,2.0,6.0,121.0,82.8,38.0,0.3333,67.1,19.5,87.0,1013.5,0.6,4.0,2.5,199.6,S,4.03,3.86,3.72,night
632360,2021-09-24,2021,PIT,2021-09-24 19:05:00,19,8,6,14,4,20,10,17,309,83.0,6,48,0.125,0.2353,3.0,9.0,4.0,9.0,153.0,84.7,49.0,0.3333,1.0,11.0,5.0,8.0,156.0,81.2,46.0,0.125,62.9,17.2,69.0,1017.7,0.0,7.7,4.8,315.0,NW,-2.93,-5.18,-0.33,night
632341,2021-09-25,2021,PIT,2021-09-25 16:05:00,16,3,0,3,2,10,6,12,241,81.6,2,47,0.0426,0.1667,2.0,3.0,6.0,8.0,144.0,81.0,54.0,0.25,0.0,7.0,0.0,4.0,97.0,82.8,26.0,0.0,74.5,23.6,44.3,1012.8,0.0,5.7,3.5,209.7,SW,5.66,5.07,5.56,day
632329,2021-09-26,2021,PIT,2021-09-26 13:05:00,13,0,6,6,1,18,14,13,332,78.2,0,47,0.0,0.0769,0.0,11.0,2.0,6.0,157.0,78.3,45.0,0.0,1.0,7.0,9.0,7.0,175.0,78.1,49.0,0.1429,72.6,22.5,38.0,1013.7,0.0,20.0,12.4,296.0,NW,-1.22,-7.97,5.68,day
661131,2022-04-08,2022,ATH,2022-04-08 15:05:00,15,9,5,14,3,19,5,17,279,83.6,4,49,0.0816,0.1765,1.0,8.0,5.0,11.0,164.0,84.9,50.0,0.0909,2.0,11.0,0.0,6.0,115.0,81.8,36.0,0.3333,60.2,15.7,35.7,1004.0,0.0,17.8,11.1,232.3,SW,15.44,11.48,17.54,day
661130,2022-04-09,2022,ATH,2022-04-09 16:05:00,16,4,2,6,3,19,5,12,248,83.5,5,40,0.125,0.25,3.0,7.0,4.0,7.0,133.0,86.7,38.0,0.4286,0.0,12.0,1.0,5.0,115.0,80.0,34.0,0.0,55.1,12.8,44.0,1003.1,0.2,16.0,10.0,281.3,W,3.11,-2.46,8.3,day
661129,2022-04-10,2022,ATH,2022-04-10 13:05:00,13,1,4,5,2,15,6,12,247,83.6,5,49,0.102,0.1667,1.0,7.0,3.0,3.0,103.0,83.2,35.0,0.3333,1.0,8.0,3.0,9.0,144.0,84.0,47.0,0.1111,49.7,9.8,43.7,1010.3,0.1,27.5,17.1,291.0,W,0.72,-8.73,10.08,day
661637,2022-04-11,2022,NYM,2022-04-11 18:45:00,18,5,4,9,1,15,7,15,283,81.3,2,49,0.0408,0.0667,1.0,9.0,4.0,8.0,142.0,81.1,36.0,0.125,0.0,6.0,3.0,7.0,141.0,81.5,47.0,0.0,55.8,13.2,53.0,1017.5,0.0,11.3,7.0,200.3,S,11.33,10.79,10.5,night
661636,2022-04-12,2022,NYM,2022-04-12 18:45:00,18,0,2,2,1,20,3,9,269,81.1,1,41,0.0244,0.1111,0.0,12.0,0.0,6.0,133.0,83.4,36.0,0.0,1.0,8.0,3.0,3.0,136.0,78.9,40.0,0.3333,64.6,18.1,62.3,1017.5,0.0,8.2,5.1,294.3,NW,-0.25,-3.03,2.55,night
661643,2022-04-13,2022,NYM,2022-04-13 13:05:00,13,6,9,15,3,21,12,18,358,81.3,7,48,0.1458,0.1667,1.0,11.0,6.0,9.0,182.0,80.1,60.0,0.1111,2.0,10.0,6.0,9.0,176.0,82.5,58.0,0.2222,78.6,25.9,50.7,1013.7,0.0,13.4,8.3,214.7,SW,13.1,11.34,13.27,day
661621,2022-04-22,2022,MIL,2022-04-22 19:05:00,19,4,2,6,0,22,8,15,320,81.5,1,44,0.0227,0.0,0.0,11.0,3.0,10.0,157.0,84.0,49.0,0.0,0.0,11.0,5.0,5.0,163.0,79.1,50.0,0.0,58.9,14.9,52.0,1028.1,0.0,8.6,5.4,313.7,NW,-3.12,-5.68,-0.18,night
661620,2022-04-23,2022,MIL,2022-04-23 16:05:00,16,3,5,8,1,16,2,16,261,83.5,3,51,0.0588,0.0625,0.0,7.0,1.0,7.0,117.0,83.6,40.0,0.0,1.0,9.0,1.0,9.0,144.0,83.4,52.0,0.1111,63.6,17.6,45.0,1023.5,0.0,10.1,6.3,118.4,SE,1.03,4.4,-2.47,day
661640,2022-04-24,2022,MIL,2022-04-24 19:08:00,19,0,1,1,0,26,3,8,245,80.4,2,35,0.0571,0.0,0.0,16.0,2.0,5.0,132.0,78.9,36.0,0.0,0.0,10.0,1.0,3.0,113.0,82.1,32.0,0.0,56.5,13.6,58.7,1022.0,0.0,12.5,7.7,106.3,E,-1.34,2.98,-5.5,night
661639,2022-04-25,2022,COL,2022-04-25 18:45:00,18,8,2,10,3,13,5,14,286,84.4,5,51,0.098,0.2143,1.0,8.0,3.0,9.0,157.0,83.1,56.0,0.1111,2.0,5.0,2.0,5.0,129.0,86.2,41.0,0.4,57.1,13.9,56.3,1021.5,0.0,12.9,8.0,99.0,E,-2.99,1.47,-7.09,night
661567,2022-04-26,2022,COL,2022-04-26 18:45:00,18,10,3,13,3,13,7,17,319,80.9,5,56,0.0893,0.1765,1.0,7.0,4.0,11.0,162.0,85.2,57.0,0.0909,2.0,6.0,3.0,6.0,157.0,76.5,57.0,0.3333,63.1,17.3,84.0,1014.0,1.2,8.2,5.1,324.4,NW,-4.31,-6.43,-1.68,night
661638,2022-04-27,2022,COL,2022-04-27 18:45:00,18,7,3,10,2,16,5,24,301,81.5,3,55,0.0545,0.0833,1.0,9.0,2.0,12.0,150.0,83.9,50.0,0.0833,1.0,7.0,2.0,12.0,151.0,79.1,53.0,0.0833,49.6,9.8,39.0,1016.1,0.0,24.3,15.1,306.0,NW,-5.68,-13.43,2.75,night
661641,2022-04-28,2022,COL,2022-04-28 13:05:00,13,7,1,8,1,19,11,9,289,79.6,2,41,0.0488,0.1111,1.0,9.0,5.0,4.0,136.0,78.5,45.0,0.25,0.0,10.0,6.0,5.0,153.0,80.5,50.0,0.0,53.8,12.1,33.0,1017.9,0.0,26.7,16.6,315.3,NW,-10.37,-18.18,-1.32,day
661635,2022-05-03,2022,TEX,2022-05-03 18:45:00,18,4,6,10,3,19,3,20,291,84.1,5,54,0.0926,0.15,1.0,9.0,1.0,11.0,133.0,85.1,41.0,0.0909,2.0,10.0,2.0,9.0,158.0,83.2,52.0,0.2222,61.0,16.1,66.0,1018.1,0.0,16.7,10.4,112.7,SE,0.05,5.77,-5.68,night
661634,2022-05-04,2022,TEX,2022-05-04 18:45:00,18,1,2,3,0,15,7,13,247,86.5,2,51,0.0392,0.0,0.0,6.0,4.0,6.0,133.0,87.6,48.0,0.0,0.0,9.0,3.0,7.0,114.0,85.1,40.0,0.0,68.7,20.4,72.7,1012.7,0.0,5.9,3.6,250.3,W,3.94,2.21,5.19,night
661619,2022-05-05,2022,NYM,2022-05-05 18:45:00,18,7,8,15,4,15,3,23,274,84.0,5,62,0.0806,0.1739,2.0,6.0,2.0,12.0,134.0,83.6,52.0,0.1667,2.0,9.0,1.0,11.0,140.0,84.4,46.0,0.1818,66.3,19.1,57.0,1016.3,0.0,10.9,6.8,214.3,SW,10.7,9.29,10.82,night
661626,2022-05-08,2022,NYM,2022-05-08 12:35:00,12,3,2,5,1,21,4,17,275,83.6,2,43,0.0465,0.0588,1.0,11.0,1.0,11.0,141.0,82.1,53.0,0.0909,0.0,10.0,3.0,6.0,134.0,85.6,41.0,0.0,52.9,11.6,50.3,1018.3,0.0,25.0,15.6,40.3,NE,-23.83,-19.77,-25.02,day
661627,2022-05-08,2022,NYM,2022-05-07 16:05:00,16,1,6,7,3,17,6,14,318,83.2,4,52,0.0769,0.2143,1.0,8.0,1.0,6.0,147.0,82.0,49.0,0.1667,2.0,9.0,5.0,8.0,171.0,84.4,49.0,0.25,48.0,8.9,86.3,1009.1,1.6,31.5,19.6,35.7,NE,-30.64,-26.34,-31.24,day
661625,2022-05-17,2022,SD,2022-05-17 18:45:00,18,0,3,3,0,16,2,13,269,80.3,1,51,0.0196,0.0,0.0,10.0,0.0,5.0,127.0,79.8,41.0,0.0,0.0,6.0,2.0,8.0,142.0,80.8,51.0,0.0,71.5,21.9,43.7,1008.9,0.0,16.1,10.0,292.0,W,0.14,-5.39,5.65,night
661624,2022-05-18,2022,SD,2022-05-18 18:45:00,18,3,0,3,1,23,3,9,256,76.8,3,36,0.0833,0.1111,1.0,12.0,3.0,5.0,140.0,75.0,38.0,0.2,0.0,11.0,0.0,4.0,116.0,78.8,35.0,0.0,68.8,20.4,50.3,1012.1,0.0,7.7,4.8,258.6,W,4.32,1.86,6.25,night
661623,2022-05-19,2022,SD,2022-05-19 13:05:00,13,0,2,2,0,18,2,18,310,84.2,1,53,0.0189,0.0,0.0,8.0,1.0,8.0,156.0,80.4,56.0,0.0,0.0,10.0,1.0,10.0,154.0,88.1,55.0,0.0,72.9,22.7,60.3,1005.9,0.0,13.3,8.3,281.0,W,2.66,-1.96,6.95,day
661632,2022-05-20,2022,LAD,2022-05-20 19:05:00,19,1,4,5,0,19,8,16,350,81.5,3,49,0.0612,0.0,0.0,10.0,1.0,7.0,156.0,79.0,57.0,0.0,0.0,9.0,7.0,9.0,194.0,84.0,55.0,0.0,74.3,23.5,88.3,1011.3,0.0,8.7,5.4,111.4,E,-0.17,2.81,-3.12,night
661631,2022-05-21,2022,LAD,2022-05-21 18:05:00,18,4,7,11,5,20,6,19,329,84.0,7,51,0.1373,0.2632,2.0,8.0,2.0,6.0,150.0,84.0,55.0,0.3333,3.0,12.0,3.0,13.0,179.0,84.0,46.0,0.2308,85.5,29.7,57.3,1015.2,0.0,10.5,6.5,222.7,SW,9.89,8.05,10.53,night
661611,2022-05-22,2022,LAD,2022-05-22 13:35:00,13,4,3,7,3,26,8,14,319,80.2,3,45,0.0667,0.2143,1.0,12.0,2.0,8.0,156.0,76.5,45.0,0.125,2.0,14.0,3.0,6.0,163.0,83.7,49.0,0.3333,85.6,29.8,62.3,1015.0,0.2,13.6,8.4,213.0,SW,13.34,11.69,13.38,day
661613,2022-05-30,2022,SF,2022-05-30 16:05:00,16,4,5,9,6,19,2,11,284,81.2,7,50,0.14,0.5455,3.0,12.0,0.0,5.0,125.0,82.6,38.0,0.6,3.0,7.0,2.0,6.0,159.0,80.3,58.0,0.5,86.0,30.0,47.7,1016.7,0.0,16.0,10.0,210.0,SW,15.9,14.22,15.65,day
661618,2022-05-31,2022,SF,2022-05-31 18:45:00,18,4,7,11,1,21,13,21,403,79.0,6,64,0.0938,0.0476,0.0,10.0,6.0,9.0,191.0,78.8,57.0,0.0,1.0,11.0,4.0,12.0,212.0,79.1,68.0,0.0833,86.7,30.4,51.3,1012.2,0.0,8.9,5.5,285.1,W,1.14,-1.94,4.07,night
661612,2022-06-01,2022,SF,2022-06-01 18:05:00,18,6,5,11,3,15,1,15,276,85.0,2,52,0.0385,0.2,2.0,7.0,1.0,10.0,148.0,84.4,51.0,0.2,1.0,8.0,0.0,5.0,128.0,85.7,43.0,0.2,78.0,25.6,69.7,1009.0,0.0,15.6,9.7,133.7,SE,5.65,10.29,0.32,night
661642,2022-06-03,2022,LAA,2022-06-03 19:05:00,19,10,0,10,5,12,4,15,260,85.4,4,54,0.0741,0.3333,5.0,4.0,3.0,10.0,143.0,85.4,47.0,0.5,0.0,8.0,1.0,5.0,117.0,85.3,36.0,0.0,74.2,23.5,51.0,1008.9,0.0,6.3,3.9,295.7,NW,-0.36,-2.5,1.83,night
661615,2022-06-04,2022,LAA,2022-06-04 19:15:00,19,7,2,9,0,24,9,14,279,80.6,5,39,0.1282,0.0,0.0,12.0,7.0,7.0,143.0,87.3,35.0,0.0,0.0,12.0,2.0,7.0,136.0,75.0,42.0,0.0,73.4,23.0,48.3,1010.4,0.0,8.2,5.1,281.2,W,1.61,-1.24,4.26,night
661633,2022-06-05,2022,LAA,2022-06-05 13:35:00,13,9,7,16,2,17,10,17,343,81.6,5,54,0.0926,0.1176,2.0,8.0,6.0,9.0,183.0,82.6,53.0,0.2222,0.0,9.0,4.0,8.0,160.0,80.5,46.0,0.0,76.1,24.5,28.3,1015.5,0.0,4.4,2.7,70.0,E,-2.95,-1.67,-3.87,day
661617,2022-06-10,2022,AZ,2022-06-10 19:05:00,19,7,5,12,4,12,5,19,306,81.5,6,56,0.1071,0.2105,3.0,5.0,1.0,12.0,152.0,81.6,57.0,0.25,1.0,7.0,4.0,7.0,154.0,81.3,51.0,0.1429,72.7,22.6,51.0,1010.9,0.0,7.3,4.5,251.0,W,4.82,2.67,6.39,night
661614,2022-06-11,2022,AZ,2022-06-11 16:05:00,16,4,0,4,1,16,3,15,286,82.4,2,49,0.0408,0.0667,1.0,5.0,2.0,9.0,138.0,83.3,47.0,0.1111,0.0,11.0,1.0,6.0,148.0,81.5,41.0,0.0,73.3,22.9,49.3,1012.2,0.0,1.9,1.2,304.1,NW,-0.39,-1.01,0.28,day
661622,2022-06-12,2022,AZ,2022-06-12 13:35:00,13,1,13,14,1,17,16,19,368,79.8,3,54,0.0556,0.0526,0.0,13.0,5.0,7.0,158.0,77.9,46.0,0.0,1.0,4.0,11.0,12.0,210.0,81.3,63.0,0.0833,75.7,24.3,73.3,1013.0,0.2,13.5,8.4,184.0,S,12.8,13.5,10.57,day
661629,2022-06-13,2022,MIA,2022-06-13 19:05:00,19,3,2,5,0,16,3,16,261,82.3,3,52,0.0577,0.0,0.0,8.0,3.0,10.0,135.0,82.4,41.0,0.0,0.0,8.0,0.0,6.0,126.0,82.3,42.0,0.0,79.5,26.4,71.7,1011.3,0.0,9.2,5.7,222.0,SW,8.67,7.1,9.2,night
661616,2022-06-14,2022,MIA,2022-06-14 19:05:00,19,9,11,20,6,16,9,25,343,82.8,6,62,0.0968,0.24,2.0,6.0,6.0,13.0,187.0,82.6,74.0,0.1538,4.0,10.0,3.0,12.0,156.0,83.2,47.0,0.3333,77.0,25.0,62.3,1011.8,0.0,9.3,5.8,18.2,N,-9.31,-8.99,-8.51,night
661583,2022-06-15,2022,MIA,2022-06-15 13:05:00,13,3,1,4,2,14,3,15,255,79.9,2,50,0.04,0.1333,1.0,6.0,3.0,8.0,152.0,78.9,58.0,0.125,1.0,8.0,0.0,7.0,103.0,81.6,38.0,0.1429,84.7,29.3,38.0,1018.6,0.0,2.4,1.5,209.8,SW,2.38,2.13,2.34,day
661580,2022-06-28,2022,ATL,2022-06-28 19:05:00,19,3,5,8,4,21,5,16,312,84.3,4,47,0.0851,0.25,1.0,10.0,4.0,8.0,152.0,83.5,46.0,0.125,3.0,11.0,1.0,8.0,160.0,85.2,45.0,0.375,73.2,22.9,60.7,1021.0,0.0,6.3,3.9,285.8,W,0.74,-1.45,2.85,night
661584,2022-06-29,2022,ATL,2022-06-29 19:05:00,19,1,4,5,2,18,5,12,274,82.5,4,46,0.087,0.1667,1.0,9.0,3.0,4.0,134.0,81.5,50.0,0.25,1.0,9.0,2.0,8.0,140.0,83.6,43.0,0.125,77.5,25.3,60.3,1020.7,0.0,9.9,6.2,219.0,SW,9.52,7.98,9.92,night
661579,2022-06-30,2022,ATL,2022-06-30 18:05:00,18,14,4,18,7,14,6,22,293,82.5,11,59,0.1864,0.3182,5.0,5.0,5.0,13.0,154.0,84.4,50.0,0.3846,2.0,9.0,1.0,9.0,139.0,80.6,50.0,0.2222,83.7,28.7,43.7,1018.9,0.0,12.2,7.6,216.7,SW,11.83,10.09,12.14,night
661582,2022-07-01,2022,STL,2022-07-01 18:05:00,18,5,3,8,3,18,7,14,307,83.5,5,46,0.1087,0.2143,2.0,3.0,4.0,7.0,142.0,81.6,50.0,0.2857,1.0,15.0,3.0,7.0,165.0,85.9,41.0,0.1429,83.6,28.7,67.7,1014.2,0.0,14.2,8.8,209.7,SW,14.09,12.63,13.85,night
661581,2022-07-02,2022,STL,2022-07-02 16:05:00,16,6,7,13,5,18,9,21,346,84.6,3,57,0.0526,0.2381,0.0,10.0,4.0,12.0,179.0,84.6,59.0,0.0,5.0,8.0,5.0,9.0,167.0,84.6,54.0,0.5556,83.2,28.5,70.0,1012.1,2.1,11.4,7.1,245.3,SW,8.33,5.19,10.48,day
661630,2022-07-03,2022,STL,2022-07-03 19:08:00,19,4,0,4,2,15,3,13,273,81.7,3,48,0.0625,0.1538,2.0,7.0,1.0,9.0,138.0,85.8,46.0,0.2222,0.0,8.0,2.0,4.0,135.0,78.2,54.0,0.0,79.9,26.6,49.7,1016.0,0.0,8.0,5.0,355.0,N,-7.09,-7.93,-5.4,night
661578,2022-07-05,2022,WSH,2022-07-05 19:05:00,19,11,0,11,3,12,9,16,308,84.3,5,53,0.0943,0.1875,3.0,6.0,4.0,13.0,194.0,82.8,70.0,0.2308,0.0,6.0,4.0,3.0,114.0,87.6,34.0,0.0,74.8,23.8,87.3,1011.2,2.0,14.9,9.2,199.4,S,14.84,14.23,13.67,night
661564,2022-07-06,2022,WSH,2022-07-06 19:05:00,19,2,3,5,2,20,4,12,273,78.4,3,43,0.0698,0.1667,2.0,16.0,3.0,4.0,153.0,75.9,44.0,0.5,0.0,4.0,1.0,8.0,120.0,80.6,50.0,0.0,80.3,26.8,64.0,1011.5,0.2,8.4,5.2,25.0,NE,-8.39,-7.76,-8.01,night
661566,2022-07-07,2022,WSH,2022-07-07 16:05:00,16,5,3,8,1,22,5,16,284,84.1,2,45,0.0444,0.0625,1.0,10.0,3.0,8.0,150.0,84.4,56.0,0.125,0.0,12.0,2.0,8.0,134.0,83.7,37.0,0.0,80.1,26.7,65.7,1013.7,0.0,11.9,7.4,76.0,E,-7.08,-3.38,-9.92,day
661560,2022-07-22,2022,CHC,2022-07-22 19:05:00,19,2,15,17,6,8,12,25,332,84.4,7,68,0.1029,0.24,2.0,4.0,6.0,6.0,148.0,81.3,52.0,0.3333,4.0,4.0,6.0,19.0,184.0,87.2,59.0,0.2105,84.9,29.4,53.7,1012.3,0.0,11.0,6.8,218.7,SW,10.56,8.88,10.98,night
661559,2022-07-23,2022,CHC,2022-07-23 18:05:00,18,2,6,8,1,21,4,13,317,81.7,3,49,0.0612,0.0769,0.0,10.0,3.0,6.0,144.0,82.5,46.0,0.0,1.0,11.0,1.0,7.0,173.0,81.0,53.0,0.1429,90.0,32.2,43.0,1014.9,0.0,13.6,8.5,223.3,SW,12.74,10.32,13.63,night
661556,2022-07-24,2022,CHC,2022-07-24 12:05:00,12,3,4,7,4,14,4,16,267,81.6,5,54,0.0926,0.25,1.0,7.0,1.0,9.0,138.0,80.7,48.0,0.1111,3.0,7.0,3.0,7.0,129.0,82.5,45.0,0.4286,93.4,34.1,39.3,1015.8,0.0,17.2,10.7,217.3,SW,16.59,14.09,17.1,day
661555,2022-07-25,2022,ATL,2022-07-25 19:05:00,19,6,4,10,1,19,2,20,284,80.9,3,52,0.0577,0.05,1.0,10.0,0.0,12.0,135.0,80.5,48.0,0.0833,0.0,9.0,2.0,8.0,149.0,81.3,48.0,0.0,81.6,27.6,82.0,1011.8,0.5,13.5,8.4,226.3,SW,12.38,9.76,13.5,night
661563,2022-07-26,2022,ATL,2022-07-26 19:05:00,19,3,6,9,4,19,4,15,294,82.9,5,49,0.102,0.2667,2.0,8.0,2.0,5.0,145.0,80.9,59.0,0.4,2.0,11.0,2.0,10.0,149.0,85.5,44.0,0.2,77.2,25.1,65.3,1014.7,0.0,10.7,6.6,207.0,SW,10.63,9.71,10.28,night
661554,2022-07-27,2022,ATL,2022-07-27 12:35:00,12,7,2,9,1,15,5,15,271,80.8,2,50,0.04,0.0667,0.0,8.0,2.0,10.0,126.0,82.3,55.0,0.0,1.0,7.0,3.0,5.0,145.0,79.1,48.0,0.2,83.3,28.5,56.3,1013.4,0.0,3.9,2.4,270.7,W,1.44,0.12,2.58,day
661565,2022-08-04,2022,WSH,2022-08-04 19:05:00,19,5,4,9,2,5,0,18,150,83.5,0,39,0.0,0.1111,2.0,3.0,0.0,7.0,71.0,87.7,25.0,0.2857,0.0,2.0,0.0,11.0,79.0,80.6,36.0,0.0,85.5,29.7,58.0,1017.0,0.0,14.9,9.3,248.2,W,10.41,6.13,13.43,night
661562,2022-08-05,2022,WSH,2022-08-05 19:05:00,19,7,2,9,5,9,5,12,247,83.9,4,52,0.0769,0.4167,5.0,4.0,3.0,9.0,123.0,86.7,51.0,0.5556,0.0,5.0,2.0,3.0,124.0,80.5,41.0,0.0,79.1,26.2,84.3,1020.5,0.0,8.1,5.0,194.0,S,8.01,7.94,7.12,night
661561,2022-08-06,2022,WSH,2022-08-06 18:05:00,18,11,5,16,4,13,8,26,360,85.3,6,63,0.0952,0.1538,3.0,6.0,4.0,13.0,186.0,86.2,62.0,0.2308,1.0,7.0,4.0,13.0,174.0,84.3,60.0,0.0769,83.2,28.5,73.3,1021.0,0.2,12.2,7.6,196.5,S,12.17,11.87,10.99,night
661558,2022-08-07,2022,WSH,2022-08-07 13:35:00,13,13,1,14,4,14,9,20,290,81.8,4,56,0.0714,0.2,4.0,6.0,6.0,13.0,154.0,83.6,56.0,0.3077,0.0,8.0,3.0,7.0,136.0,79.5,42.0,0.0,90.3,32.4,51.3,1020.2,0.0,21.8,13.5,221.0,SW,20.64,17.03,21.76,day
661553,2022-08-09,2022,MIA,2022-08-09 19:05:00,19,4,1,5,3,18,6,13,267,84.1,6,43,0.1395,0.2308,2.0,6.0,2.0,8.0,123.0,85.2,40.0,0.25,1.0,12.0,4.0,5.0,144.0,83.1,47.0,0.2,86.0,30.0,68.3,1013.3,0.2,12.3,7.7,242.0,SW,9.52,6.26,11.63,night
661557,2022-08-10,2022,MIA,2022-08-10 19:05:00,19,4,3,7,0,10,3,17,224,83.7,4,54,0.0741,0.0,0.0,4.0,1.0,8.0,93.0,85.2,37.0,0.0,0.0,6.0,2.0,9.0,131.0,82.6,48.0,0.0,78.2,25.7,85.7,1015.0,3.8,15.3,9.5,223.0,SW,14.33,11.63,15.3,night
661608,2022-08-11,2022,MIA,2022-08-11 13:05:00,13,0,3,3,0,21,6,14,293,80.1,2,46,0.0435,0.0,0.0,13.0,4.0,7.0,165.0,79.3,43.0,0.0,0.0,8.0,2.0,7.0,128.0,80.8,45.0,0.0,87.3,30.7,45.7,1011.2,0.0,7.5,4.7,305.6,NW,-1.7,-4.1,0.9,day
661607,2022-08-19,2022,NYM,2022-08-19 19:05:00,19,2,7,9,1,20,5,20,312,81.9,2,54,0.037,0.05,0.0,6.0,0.0,9.0,143.0,81.1,54.0,0.0,1.0,14.0,5.0,11.0,169.0,82.7,48.0,0.0909,81.0,27.2,55.3,1017.9,0.0,10.9,6.8,195.0,S,10.81,10.64,9.67,night
661606,2022-08-20,2022,NYM,2022-08-20 19:15:00,19,4,1,5,0,16,7,14,307,82.6,2,49,0.0408,0.0,0.0,9.0,3.0,11.0,177.0,81.5,63.0,0.0,0.0,7.0,4.0,3.0,130.0,84.9,31.0,0.0,80.1,26.7,53.7,1019.5,0.0,11.7,7.3,188.0,S,11.36,11.68,9.67,night
661628,2022-08-20,2022,NYM,2022-05-06 19:05:00,19,2,8,10,0,17,10,17,331,81.6,1,52,0.0192,0.0,0.0,10.0,3.0,7.0,145.0,85.5,41.0,0.0,0.0,7.0,7.0,10.0,186.0,78.7,55.0,0.0,50.8,10.4,88.3,1008.9,5.7,17.8,11.1,66.0,NE,-12.92,-7.95,-16.33,night
661602,2022-08-21,2022,NYM,2022-08-21 13:35:00,13,9,10,19,6,16,10,30,399,82.6,7,67,0.1045,0.2,3.0,7.0,5.0,14.0,189.0,83.3,65.0,0.2143,3.0,9.0,4.0,16.0,210.0,81.9,73.0,0.1875,86.5,30.3,48.0,1017.8,0.0,9.9,6.2,173.3,S,8.64,9.77,6.47,day
661601,2022-08-22,2022,CIN,2022-08-22 19:05:00,19,4,1,5,3,17,4,11,248,82.2,6,44,0.1364,0.2727,2.0,12.0,1.0,8.0,130.0,86.1,41.0,0.25,1.0,5.0,3.0,3.0,118.0,78.7,46.0,0.3333,73.0,22.8,90.0,1009.7,1.4,6.5,4.0,319.7,NW,-2.95,-4.74,-0.81,night
661600,2022-08-23,2022,CIN,2022-08-23 19:05:00,19,7,6,13,1,19,7,18,289,82.6,4,51,0.0784,0.0556,1.0,9.0,3.0,7.0,136.0,83.2,40.0,0.1429,0.0,10.0,4.0,11.0,153.0,82.1,47.0,0.0,78.7,25.9,63.7,1010.8,0.0,8.2,5.1,254.9,W,5.02,2.48,6.95,night
661605,2022-08-24,2022,CIN,2022-08-24 19:05:00,19,7,5,12,3,12,7,26,307,82.2,5,63,0.0794,0.1154,1.0,2.0,5.0,16.0,164.0,82.9,61.0,0.0625,2.0,10.0,2.0,10.0,143.0,81.3,54.0,0.2,77.5,25.3,61.7,1014.7,0.0,8.1,5.0,293.0,NW,-0.07,-2.83,2.69,night
661604,2022-08-25,2022,CIN,2022-08-25 19:05:00,19,4,0,4,1,19,2,12,228,78.2,1,43,0.0233,0.0833,1.0,8.0,2.0,7.0,127.0,79.1,42.0,0.1429,0.0,11.0,0.0,5.0,101.0,77.0,33.0,0.0,80.2,26.8,57.7,1015.4,0.0,9.0,5.6,235.3,SW,7.56,5.44,8.78,night
661603,2022-08-26,2022,PIT,2022-08-26 19:05:00,19,7,4,11,3,12,1,18,267,85.1,1,56,0.0179,0.1667,0.0,4.0,0.0,11.0,154.0,85.1,61.0,0.0,3.0,8.0,1.0,7.0,113.0,85.1,41.0,0.4286,79.6,26.4,72.7,1012.5,0.0,9.0,5.6,238.3,SW,7.33,5.08,8.69,night
661599,2022-08-27,2022,PIT,2022-08-27 18:05:00,18,6,0,6,1,24,7,13,282,80.0,1,38,0.0263,0.0769,1.0,12.0,3.0,7.0,157.0,83.6,38.0,0.1429,0.0,12.0,2.0,6.0,125.0,76.7,40.0,0.0,81.9,27.7,64.0,1014.7,0.1,10.9,6.8,147.6,SE,6.28,8.96,2.84,night
661598,2022-08-28,2022,PIT,2022-08-28 13:35:00,13,0,5,5,0,14,4,13,271,80.3,1,52,0.0192,0.0,0.0,7.0,3.0,4.0,134.0,82.5,45.0,0.0,0.0,7.0,1.0,9.0,137.0,78.3,50.0,0.0,84.0,28.9,62.0,1019.3,0.0,9.1,5.6,128.0,SE,2.42,5.27,-0.71,day
661597,2022-09-06,2022,MIA,2022-09-06 18:45:00,18,3,2,5,1,23,8,12,264,82.4,5,37,0.1351,0.0833,1.0,10.0,3.0,6.0,122.0,83.4,36.0,0.1667,0.0,13.0,4.0,6.0,142.0,81.6,41.0,0.0,71.7,22.1,80.7,1013.0,0.0,13.5,8.4,45.7,NE,-12.44,-9.87,-13.51,night
661596,2022-09-07,2022,MIA,2022-09-07 18:45:00,18,4,3,7,3,18,1,18,260,81.9,2,49,0.0408,0.1667,2.0,10.0,1.0,8.0,127.0,83.7,41.0,0.25,1.0,8.0,0.0,10.0,133.0,80.3,47.0,0.1,71.5,22.0,77.3,1013.0,0.0,12.0,7.4,51.7,NE,-10.45,-7.82,-11.81,night
661595,2022-09-08,2022,MIA,2022-09-08 18:45:00,18,5,6,11,3,15,3,21,278,83.9,4,58,0.069,0.1429,1.0,8.0,0.0,9.0,124.0,84.2,50.0,0.1111,2.0,7.0,3.0,12.0,154.0,83.6,56.0,0.1667,75.0,23.9,53.3,1010.7,0.0,9.5,5.9,66.1,NE,-6.9,-4.23,-8.73,night
661594,2022-09-09,2022,WSH,2022-09-09 19:05:00,19,5,3,8,3,8,0,23,218,84.4,9,61,0.1475,0.1304,2.0,4.0,0.0,13.0,91.0,86.9,45.0,0.1538,1.0,4.0,0.0,10.0,127.0,82.0,47.0,0.1,71.8,22.1,59.7,1019.0,0.0,10.0,6.2,129.9,SE,2.99,6.07,-0.45,night
661593,2022-09-10,2022,WSH,2022-09-10 18:05:00,18,8,5,13,5,9,8,20,292,85.5,4,62,0.0645,0.25,4.0,3.0,6.0,9.0,145.0,84.3,47.0,0.4444,1.0,6.0,2.0,11.0,147.0,86.6,51.0,0.0909,74.6,23.7,61.3,1021.8,0.0,7.1,4.4,207.6,SW,7.04,6.4,6.83,night
661592,2022-09-11,2022,WSH,2022-09-11 13:05:00,13,7,5,12,2,14,8,21,328,82.0,2,57,0.0351,0.0952,2.0,5.0,6.0,10.0,160.0,83.5,64.0,0.2,0.0,9.0,2.0,11.0,168.0,80.2,57.0,0.0,69.4,20.8,87.3,1018.4,6.0,11.2,7.0,66.4,NE,-8.1,-4.95,-10.27,day
661591,2022-09-20,2022,TOR,2022-09-20 18:45:00,18,11,18,29,5,16,6,36,338,84.0,7,75,0.0933,0.1389,3.0,8.0,3.0,15.0,163.0,84.3,61.0,0.2,2.0,8.0,3.0,21.0,175.0,83.8,78.0,0.0952,77.3,25.2,45.3,1012.2,0.0,10.3,6.4,327.1,NW,-5.86,-8.42,-2.6,night
661588,2022-09-21,2022,TOR,2022-09-21 18:45:00,18,4,3,7,2,19,11,19,347,80.4,2,56,0.0357,0.1053,1.0,11.0,4.0,12.0,168.0,79.8,56.0,0.0833,1.0,8.0,7.0,7.0,179.0,80.9,62.0,0.1429,76.4,24.7,53.7,1010.4,0.0,10.0,6.2,211.0,SW,9.86,8.76,9.77,night
661609,2022-09-22,2022,ATL,2022-09-22 19:15:00,19,1,0,1,0,21,4,12,268,80.6,1,42,0.0238,0.0,0.0,12.0,2.0,6.0,154.0,79.1,47.0,0.0,0.0,9.0,2.0,6.0,114.0,82.7,35.0,0.0,66.0,18.9,50.3,1006.0,0.0,20.2,12.6,323.7,NW,-10.47,-15.76,-3.92,night
661587,2022-09-23,2022,ATL,2022-09-23 19:05:00,19,9,1,10,1,21,11,16,312,79.4,3,45,0.0667,0.0625,1.0,9.0,7.0,10.0,166.0,81.0,61.0,0.1,0.0,12.0,3.0,6.0,146.0,77.2,44.0,0.0,58.2,14.5,44.7,1016.3,0.0,14.7,9.1,332.7,NW,-9.46,-12.72,-5.06,night
661586,2022-09-24,2022,ATL,2022-09-24 16:05:00,16,3,6,9,3,19,4,17,320,82.9,3,52,0.0577,0.1765,1.0,8.0,3.0,3.0,154.0,84.2,49.0,0.3333,2.0,11.0,1.0,14.0,166.0,81.8,57.0,0.1429,69.1,20.6,36.3,1013.3,0.0,11.2,7.0,261.3,W,5.8,2.17,8.73,day
661585,2022-09-25,2022,ATL,2022-09-25 13:05:00,13,7,8,15,3,29,10,21,369,82.1,6,55,0.1091,0.1429,2.0,12.0,4.0,10.0,186.0,83.4,60.0,0.2,1.0,17.0,4.0,11.0,183.0,80.6,55.0,0.0909,75.6,24.2,52.3,1004.5,0.0,17.8,11.1,219.7,SW,17.04,14.21,17.81,day
718685,2023-04-07,2023,CIN,2023-04-06 15:05:00,15,5,2,7,2,19,9,16,317,83.9,3,46,0.0652,0.125,2.0,9.0,4.0,10.0,166.0,86.3,51.0,0.2,0.0,10.0,5.0,6.0,151.0,80.2,35.0,0.0,79.2,26.2,55.0,1018.5,0.2,15.2,9.4,241.8,SW,11.76,7.75,14.34,day
718668,2023-04-08,2023,CIN,2023-04-08 16:05:00,16,3,2,5,1,20,5,14,294,79.5,3,46,0.0652,0.0714,0.0,15.0,2.0,6.0,148.0,76.7,43.0,0.0,1.0,5.0,2.0,8.0,146.0,81.9,52.0,0.125,51.0,10.6,32.0,1029.9,0.0,3.9,2.4,125.5,SE,0.89,2.14,-0.48,day
718652,2023-04-09,2023,CIN,2023-04-09 13:05:00,13,4,6,10,1,21,12,13,323,80.1,4,41,0.0976,0.0769,1.0,9.0,3.0,7.0,125.0,83.0,42.0,0.1429,0.0,12.0,9.0,6.0,198.0,77.7,53.0,0.0,57.5,14.2,31.3,1031.9,0.0,7.2,4.5,47.7,NE,-6.49,-5.05,-7.14,day
718633,2023-04-10,2023,MIA,2023-04-10 18:40:00,18,15,3,18,4,13,6,29,282,83.6,5,66,0.0758,0.1379,3.0,6.0,2.0,20.0,147.0,82.9,58.0,0.15,1.0,7.0,4.0,9.0,135.0,84.4,45.0,0.1111,58.3,14.6,38.3,1026.9,0.0,14.4,9.0,209.0,SW,14.34,12.92,14.03,night
718619,2023-04-11,2023,MIA,2023-04-11 18:40:00,18,4,8,12,3,19,7,25,324,83.3,3,56,0.0536,0.12,1.0,9.0,4.0,11.0,153.0,82.3,54.0,0.0909,2.0,10.0,3.0,14.0,171.0,84.3,52.0,0.1429,65.8,18.8,37.3,1016.6,0.0,18.5,11.5,225.3,SW,17.05,13.57,18.48,night
718609,2023-04-12,2023,MIA,2023-04-12 16:05:00,16,2,3,5,1,24,5,16,298,82.5,5,50,0.1,0.0625,0.0,12.0,1.0,8.0,145.0,80.7,45.0,0.0,1.0,12.0,4.0,8.0,153.0,84.6,40.0,0.125,80.8,27.1,30.7,1010.2,0.0,18.2,11.3,272.3,W,6.29,0.05,11.76,day
718498,2023-04-20,2023,COL,2023-04-20 18:40:00,18,0,5,5,1,26,9,13,302,80.2,1,41,0.0244,0.0769,0.0,11.0,5.0,6.0,145.0,83.3,35.0,0.0,1.0,15.0,4.0,7.0,157.0,78.2,52.0,0.1429,67.7,19.8,48.7,1018.9,0.0,11.4,7.1,141.0,SE,5.42,8.51,1.68,night
718493,2023-04-21,2023,COL,2023-04-21 19:05:00,19,4,3,7,2,11,7,13,275,82.2,3,51,0.0588,0.1538,1.0,8.0,3.0,9.0,154.0,81.9,55.0,0.1111,1.0,3.0,4.0,4.0,121.0,82.5,41.0,0.25,67.7,19.8,65.7,1013.5,0.0,14.5,9.0,86.3,E,-6.38,-1.55,-10.44,night
718475,2023-04-22,2023,COL,2023-04-22 15:05:00,15,4,3,7,3,21,3,16,268,85.2,4,46,0.087,0.1875,3.0,10.0,1.0,7.0,126.0,86.1,37.0,0.4286,0.0,11.0,2.0,9.0,142.0,84.5,47.0,0.0,74.2,23.4,52.7,1008.1,0.0,30.8,19.1,165.3,S,24.54,29.43,16.7,day
718458,2023-04-23,2023,COL,2023-04-23 12:05:00,12,9,3,12,4,20,8,15,314,81.2,4,44,0.0909,0.2667,4.0,5.0,5.0,8.0,151.0,83.3,54.0,0.5,0.0,15.0,3.0,7.0,163.0,79.0,50.0,0.0,66.7,19.3,35.7,1011.3,0.0,17.2,10.7,291.4,W,0.34,-5.57,6.21,day
718430,2023-04-25,2023,SEA,2023-04-25 18:40:00,18,3,5,8,3,16,2,18,287,83.7,6,54,0.1111,0.1667,1.0,7.0,1.0,10.0,142.0,83.0,54.0,0.1,2.0,9.0,1.0,8.0,145.0,84.4,57.0,0.25,55.4,13.0,38.0,1021.3,0.0,8.6,5.3,263.1,W,4.23,1.41,6.53,night
718415,2023-04-26,2023,SEA,2023-04-26 18:40:00,18,6,5,11,3,22,3,20,291,82.5,3,49,0.0612,0.15,1.0,8.0,1.0,12.0,138.0,81.8,53.0,0.0833,2.0,14.0,2.0,8.0,153.0,83.3,43.0,0.25,56.8,13.8,60.3,1021.0,0.9,8.1,5.0,237.0,SW,6.65,4.69,7.81,night
718404,2023-04-27,2023,SEA,2023-04-27 13:05:00,13,1,0,1,0,16,3,7,208,81.3,0,39,0.0,0.0,0.0,7.0,1.0,4.0,89.0,80.8,36.0,0.0,0.0,9.0,2.0,3.0,119.0,81.6,47.0,0.0,61.1,16.2,64.7,1021.2,0.2,9.4,5.9,143.3,SE,4.84,7.32,1.78,day
718301,2023-05-05,2023,BOS,2023-05-05 19:05:00,19,3,5,8,0,22,3,16,302,77.9,1,49,0.0204,0.0,0.0,14.0,2.0,8.0,145.0,78.1,50.0,0.0,0.0,8.0,1.0,8.0,157.0,77.8,55.0,0.0,53.4,11.9,82.7,1023.1,0.0,9.6,5.9,138.6,SE,4.2,6.89,1.01,night
718284,2023-05-06,2023,BOS,2023-05-06 19:15:00,19,4,7,11,2,12,6,20,298,82.7,4,61,0.0656,0.1,2.0,4.0,1.0,10.0,147.0,85.4,54.0,0.2,0.0,8.0,4.0,10.0,151.0,79.4,44.0,0.0,62.2,16.8,57.3,1021.0,0.0,8.0,5.0,278.1,W,2.0,-0.78,4.54,night
718270,2023-05-07,2023,BOS,2023-05-07 13:35:00,13,6,1,7,2,14,3,14,254,81.6,4,47,0.0851,0.1429,1.0,5.0,2.0,9.0,129.0,82.9,46.0,0.1111,1.0,9.0,0.0,5.0,125.0,80.2,42.0,0.2,74.4,23.5,43.7,1015.0,0.0,14.2,8.8,226.0,SW,12.99,10.28,14.14,day
718244,2023-05-09,2023,TOR,2023-05-09 18:40:00,18,8,4,12,2,16,9,16,314,81.2,2,50,0.04,0.125,1.0,6.0,6.0,9.0,171.0,82.2,62.0,0.1111,1.0,10.0,2.0,7.0,143.0,80.0,52.0,0.1429,65.2,18.4,42.0,1014.0,0.0,6.7,4.2,255.0,W,4.08,2.02,5.65,night
718233,2023-05-10,2023,TOR,2023-05-10 16:05:00,16,2,1,3,1,25,5,11,330,79.5,0,45,0.0,0.0909,0.0,13.0,2.0,7.0,172.0,80.2,58.0,0.0,1.0,12.0,2.0,4.0,158.0,78.6,45.0,0.25,71.4,21.9,33.7,1019.0,0.0,2.0,1.2,62.3,NE,-1.54,-1.0,-1.88,day
718116,2023-05-19,2023,CHC,2023-05-19 19:05:00,19,1,10,11,1,20,10,16,334,82.8,3,51,0.0588,0.0625,0.0,7.0,3.0,3.0,125.0,84.7,42.0,0.0,1.0,13.0,7.0,13.0,209.0,81.3,53.0,0.0769,64.1,17.8,58.7,1023.1,0.0,13.6,8.5,159.7,S,9.97,12.53,6.21,night
718097,2023-05-20,2023,CHC,2023-05-20 16:05:00,16,12,3,15,4,21,8,19,305,83.9,7,48,0.1458,0.2105,2.0,8.0,7.0,13.0,180.0,86.3,63.0,0.1538,2.0,13.0,1.0,6.0,125.0,79.8,38.0,0.3333,67.9,19.9,86.0,1012.4,0.0,9.1,5.6,217.1,SW,8.77,7.46,9.03,day
718088,2023-05-21,2023,CHC,2023-05-21 13:35:00,13,2,1,3,2,17,8,10,296,82.0,2,41,0.0488,0.2,1.0,9.0,2.0,7.0,135.0,81.7,49.0,0.1429,1.0,8.0,6.0,3.0,161.0,82.3,55.0,0.3333,70.9,21.6,42.3,1014.4,0.0,19.7,12.2,326.7,NW,-11.05,-15.94,-4.81,day
718073,2023-05-22,2023,AZ,2023-05-22 18:40:00,18,3,6,9,4,18,7,16,317,81.3,5,53,0.0943,0.25,2.0,12.0,4.0,6.0,158.0,79.2,48.0,0.3333,2.0,6.0,2.0,10.0,159.0,83.2,54.0,0.2,73.0,22.8,45.3,1021.0,0.0,11.6,7.2,127.5,SE,2.99,6.65,-1.02,night
718060,2023-05-23,2023,AZ,2023-05-23 18:40:00,18,3,4,7,1,15,5,16,296,82.5,4,53,0.0755,0.0625,0.0,4.0,2.0,6.0,135.0,86.5,48.0,0.0,1.0,11.0,3.0,10.0,161.0,78.6,50.0,0.1,66.9,19.4,44.7,1023.3,0.0,13.9,8.7,109.3,E,-0.77,4.04,-5.48,night
718043,2023-05-24,2023,AZ,2023-05-24 13:05:00,13,6,5,11,2,19,12,17,363,82.5,2,54,0.037,0.1176,1.0,8.0,4.0,11.0,177.0,83.3,60.0,0.0909,1.0,11.0,7.0,6.0,186.0,81.7,52.0,0.1667,79.1,26.2,36.0,1015.2,0.0,6.3,3.9,172.7,S,5.47,6.21,4.06,day
717886,2023-06-05,2023,DET,2023-06-05 18:40:00,18,8,3,11,3,21,11,14,322,83.3,7,41,0.1707,0.2143,2.0,8.0,7.0,11.0,171.0,87.9,45.0,0.1818,1.0,13.0,4.0,3.0,151.0,78.5,43.0,0.3333,75.7,24.3,27.3,1009.0,0.0,12.4,7.7,338.0,N,-8.87,-11.31,-5.35,night
717875,2023-06-06,2023,DET,2023-06-06 18:40:00,18,1,0,1,1,22,3,6,246,84.5,3,35,0.0857,0.1667,1.0,9.0,0.0,3.0,124.0,85.0,42.0,0.3333,0.0,13.0,3.0,3.0,122.0,83.8,32.0,0.0,74.8,23.8,41.0,1002.6,0.8,14.5,9.0,281.8,W,2.69,-2.33,7.39,night
717862,2023-06-08,2023,DET,2023-06-07 18:05:00,18,3,2,5,0,18,6,11,295,81.0,2,45,0.0444,0.0,0.0,9.0,3.0,6.0,149.0,84.3,52.0,0.0,0.0,9.0,3.0,5.0,146.0,78.0,57.0,0.0,74.4,23.6,23.3,1002.3,0.0,14.0,8.7,337.8,N,-9.95,-12.72,-5.98,night
717837,2023-06-09,2023,LAD,2023-06-09 19:05:00,19,5,4,9,3,21,6,15,320,83.0,4,47,0.0851,0.2,1.0,8.0,2.0,8.0,153.0,82.5,56.0,0.125,2.0,13.0,4.0,7.0,167.0,83.6,45.0,0.2857,69.6,20.9,40.7,1006.9,0.0,15.2,9.4,300.7,NW,-2.16,-7.18,3.11,night
717811,2023-06-10,2023,LAD,2023-06-10 16:05:00,16,0,9,9,2,19,6,15,298,82.3,4,49,0.0816,0.1333,0.0,10.0,3.0,6.0,143.0,79.9,50.0,0.0,2.0,9.0,3.0,9.0,155.0,85.1,43.0,0.2222,83.3,28.5,27.7,1007.5,0.0,14.6,9.1,270.0,W,5.57,0.64,9.84,day
717806,2023-06-11,2023,LAD,2023-06-11 13:35:00,13,7,3,10,3,19,8,18,317,84.9,5,48,0.1042,0.1667,1.0,10.0,3.0,13.0,153.0,83.4,48.0,0.0769,2.0,9.0,4.0,5.0,164.0,86.5,45.0,0.4,86.5,30.3,31.0,1009.5,0.0,19.0,11.8,212.0,SW,18.71,16.51,18.65,day
717689,2023-06-20,2023,ATL,2023-06-20 18:40:00,18,2,4,6,2,21,4,21,296,83.9,4,52,0.0769,0.0952,0.0,12.0,1.0,11.0,152.0,82.3,46.0,0.0,2.0,9.0,3.0,10.0,144.0,85.5,46.0,0.2,75.1,23.9,55.7,1019.9,0.0,15.7,9.8,87.3,E,-6.69,-1.42,-11.16,night
717657,2023-06-22,2023,ATL,2023-06-22 13:05:00,13,1,5,6,1,21,7,10,323,83.0,2,49,0.0408,0.1,0.0,10.0,3.0,4.0,151.0,82.8,47.0,0.0,1.0,11.0,3.0,6.0,172.0,83.1,68.0,0.1667,71.7,22.1,63.0,1019.4,0.0,20.4,12.7,65.3,NE,-14.96,-9.31,-18.8,day
717656,2023-06-23,2023,NYM,2023-06-23 19:05:00,19,5,1,6,1,17,8,11,283,82.5,1,44,0.0227,0.0909,0.0,7.0,5.0,8.0,145.0,82.6,48.0,0.0,1.0,10.0,3.0,3.0,138.0,82.4,38.0,0.3333,71.9,22.2,92.3,1012.3,0.6,6.5,4.0,148.7,SE,3.84,5.4,1.81,night
717635,2023-06-24,2023,NYM,2023-06-24 16:05:00,16,2,4,6,2,18,4,18,281,86.5,3,48,0.0625,0.1111,1.0,10.0,3.0,9.0,157.0,84.2,52.0,0.1111,1.0,8.0,1.0,9.0,124.0,89.2,46.0,0.1111,79.5,26.4,70.0,1008.3,0.3,12.7,7.9,213.7,SW,12.43,10.84,12.52,day
717624,2023-06-25,2023,NYM,2023-06-25 13:35:00,13,7,6,13,3,23,10,18,343,82.4,5,46,0.1087,0.1667,1.0,8.0,7.0,7.0,169.0,84.2,50.0,0.1429,2.0,15.0,3.0,11.0,174.0,80.7,54.0,0.1818,83.5,28.6,59.0,1008.8,1.2,10.1,6.3,198.0,S,10.04,9.7,9.16,day
717563,2023-06-30,2023,WSH,2023-06-30 18:05:00,18,1,2,3,1,23,2,16,282,81.3,1,45,0.0222,0.0625,0.0,12.0,1.0,8.0,145.0,84.2,43.0,0.0,1.0,11.0,1.0,8.0,137.0,78.5,45.0,0.125,82.1,27.8,43.0,1015.3,0.0,11.2,7.0,183.0,S,10.56,11.2,8.64,night
717543,2023-07-01,2023,WSH,2023-07-01 16:05:00,16,19,4,23,5,13,5,28,308,79.4,6,66,0.0909,0.1786,4.0,6.0,5.0,18.0,178.0,80.4,72.0,0.2222,1.0,7.0,0.0,10.0,130.0,77.9,46.0,0.1,85.2,29.5,47.3,1013.3,0.0,17.7,11.0,161.0,S,13.28,16.5,8.46,day
717528,2023-07-02,2023,WSH,2023-07-02 13:35:00,13,4,5,9,4,9,8,18,271,87.1,4,57,0.0702,0.2222,2.0,3.0,5.0,10.0,138.0,90.5,50.0,0.2,2.0,6.0,3.0,8.0,133.0,83.4,45.0,0.25,87.9,31.1,58.3,1010.5,0.3,11.7,7.3,229.0,SW,10.47,8.06,11.63,day
717418,2023-07-14,2023,SD,2023-07-14 18:05:00,18,3,8,11,5,19,9,18,327,83.4,5,52,0.0962,0.2778,1.0,12.0,5.0,7.0,153.0,82.3,44.0,0.1429,4.0,7.0,4.0,11.0,174.0,84.3,56.0,0.3636,82.4,28.0,70.7,1011.4,0.0,14.3,8.9,192.3,S,14.07,14.09,12.36,night
717397,2023-07-15,2023,SD,2023-07-15 19:05:00,19,9,4,13,2,11,11,17,323,82.5,5,54,0.0926,0.1176,2.0,5.0,5.0,12.0,152.0,82.6,52.0,0.1667,0.0,6.0,6.0,5.0,171.0,82.4,43.0,0.0,82.6,28.1,77.7,1011.2,0.0,8.7,5.4,138.9,SE,3.85,6.27,0.96,night
717408,2023-07-15,2023,SD,2023-07-15 13:05:00,13,6,4,10,3,18,10,19,310,79.5,4,51,0.0784,0.1579,1.0,11.0,5.0,10.0,148.0,79.9,42.0,0.1,2.0,7.0,5.0,9.0,162.0,79.2,57.0,0.2222,89.4,31.9,55.3,1012.4,0.4,7.5,4.7,200.0,S,7.53,7.18,6.96,day
717387,2023-07-16,2023,SD,2023-07-16 13:35:00,13,7,6,13,4,21,5,17,347,80.5,5,65,0.0769,0.2353,2.0,11.0,2.0,10.0,172.0,82.6,55.0,0.2,2.0,10.0,3.0,7.0,175.0,78.7,62.0,0.2857,76.8,24.9,90.0,1008.9,4.8,7.5,4.7,215.0,SW,7.32,6.33,7.44,day
717363,2023-07-18,2023,MIL,2023-07-18 18:40:00,18,4,3,7,1,14,2,16,249,84.1,2,54,0.037,0.0625,1.0,7.0,2.0,12.0,134.0,84.3,49.0,0.0833,0.0,7.0,0.0,4.0,115.0,83.7,42.0,0.0,86.1,30.1,47.7,1012.3,0.2,7.7,4.8,263.3,W,3.76,1.24,5.83,night
717347,2023-07-19,2023,MIL,2023-07-19 18:40:00,18,3,5,8,1,15,3,17,287,83.1,0,56,0.0,0.0588,1.0,10.0,0.0,7.0,128.0,83.6,48.0,0.1429,0.0,5.0,3.0,10.0,159.0,82.6,59.0,0.0,78.5,25.8,74.3,1014.9,0.7,8.0,5.0,211.2,SW,7.94,7.05,7.88,night
717329,2023-07-20,2023,MIL,2023-07-20 12:35:00,12,0,4,4,1,22,5,10,266,80.7,0,40,0.0,0.1,0.0,13.0,2.0,2.0,119.0,79.4,35.0,0.0,1.0,9.0,3.0,8.0,147.0,81.6,54.0,0.125,84.6,29.2,55.3,1014.5,0.1,2.6,1.6,121.9,SE,0.42,1.26,-0.47,day
717280,2023-07-24,2023,BAL,2023-07-24 18:40:00,18,2,3,5,2,14,5,12,268,82.6,2,51,0.0392,0.1667,0.0,3.0,4.0,7.0,139.0,83.2,49.0,0.0,2.0,11.0,1.0,5.0,129.0,82.0,47.0,0.4,80.0,26.7,61.7,1017.2,0.4,11.9,7.4,201.0,S,11.86,11.25,11.04,night
717267,2023-07-25,2023,BAL,2023-07-25 18:40:00,18,4,3,7,2,16,5,16,286,82.4,4,52,0.0769,0.125,1.0,9.0,0.0,8.0,127.0,81.6,41.0,0.125,1.0,7.0,5.0,8.0,159.0,82.9,58.0,0.125,76.3,24.6,79.0,1017.3,1.4,5.6,3.5,299.9,NW,-0.73,-2.59,1.23,night
717245,2023-07-26,2023,BAL,2023-07-26 18:05:00,18,6,4,10,2,16,4,17,239,85.1,1,49,0.0204,0.1176,1.0,5.0,3.0,9.0,111.0,87.8,35.0,0.1111,1.0,11.0,1.0,8.0,128.0,82.5,37.0,0.125,86.8,30.5,43.7,1016.7,0.0,12.2,7.6,202.7,SW,12.23,11.48,11.51,night
717140,2023-08-04,2023,KC,2023-08-04 19:05:00,19,5,7,12,3,15,4,20,311,83.0,4,58,0.069,0.15,1.0,4.0,2.0,9.0,146.0,85.2,55.0,0.1111,2.0,11.0,2.0,11.0,165.0,81.0,56.0,0.1818,75.0,23.9,78.0,1012.8,0.1,12.6,7.8,182.7,S,11.82,12.57,9.65,night
717123,2023-08-05,2023,KC,2023-08-05 18:05:00,18,9,6,15,5,16,6,19,273,81.8,6,51,0.1176,0.2632,3.0,5.0,2.0,13.0,122.0,83.0,42.0,0.2308,2.0,11.0,4.0,6.0,151.0,80.5,42.0,0.3333,85.2,29.6,34.0,1013.2,0.0,8.6,5.3,4.2,N,-8.14,-8.56,-6.73,night
717113,2023-08-06,2023,KC,2023-08-06 13:35:00,13,8,4,12,4,10,1,19,225,85.1,5,59,0.0847,0.2105,3.0,6.0,0.0,12.0,110.0,86.6,40.0,0.25,1.0,4.0,1.0,7.0,115.0,83.6,40.0,0.1429,89.6,32.0,34.3,1014.5,0.0,5.4,3.3,230.7,SW,4.73,3.58,5.31,day
717082,2023-08-08,2023,WSH,2023-08-08 16:05:00,16,8,4,12,6,18,2,21,288,81.3,6,54,0.1111,0.2857,4.0,11.0,2.0,10.0,157.0,79.0,56.0,0.4,2.0,7.0,0.0,11.0,131.0,83.8,53.0,0.1818,85.0,29.4,35.0,1004.1,0.0,26.4,16.4,293.7,NW,-0.54,-9.53,8.52,day
717096,2023-08-08,2023,WSH,2023-08-07 18:40:00,18,4,5,9,4,20,8,16,328,81.5,5,51,0.098,0.25,1.0,11.0,4.0,8.0,171.0,80.7,52.0,0.125,3.0,9.0,4.0,8.0,157.0,82.4,47.0,0.375,82.1,27.8,73.3,1006.6,1.0,21.5,13.3,190.2,S,20.97,21.27,18.15,night
717066,2023-08-09,2023,WSH,2023-08-09 18:40:00,18,7,0,7,3,14,6,8,260,83.5,6,43,0.1395,0.375,3.0,9.0,2.0,8.0,136.0,83.0,41.0,0.375,0.0,5.0,4.0,0.0,124.0,84.1,39.0,,82.9,28.3,43.7,1007.8,0.0,10.4,6.4,265.3,W,4.73,1.29,7.6,night
717049,2023-08-10,2023,WSH,2023-08-10 18:40:00,18,6,2,8,3,17,10,16,311,82.0,3,51,0.0588,0.1875,3.0,4.0,9.0,6.0,145.0,82.6,45.0,0.5,0.0,13.0,1.0,10.0,166.0,81.5,55.0,0.0,73.5,23.0,89.7,1002.3,2.6,13.6,8.5,250.4,W,9.15,5.14,12.05,night
717044,2023-08-11,2023,MIN,2023-08-11 19:05:00,19,13,2,15,5,17,10,22,325,84.1,4,53,0.0755,0.2273,3.0,6.0,6.0,15.0,171.0,89.0,55.0,0.2,2.0,11.0,4.0,7.0,154.0,78.2,47.0,0.2857,79.3,26.3,52.0,1009.9,0.0,7.7,4.8,254.9,W,4.71,2.33,6.53,night
717028,2023-08-12,2023,MIN,2023-08-12 18:05:00,18,1,8,9,4,19,8,20,326,81.8,5,54,0.0926,0.2,0.0,10.0,1.0,9.0,140.0,81.3,51.0,0.0,4.0,9.0,7.0,11.0,186.0,82.3,56.0,0.3636,84.2,29.0,57.0,1009.6,0.0,11.7,7.3,202.1,S,11.7,11.02,10.97,night
717009,2023-08-13,2023,MIN,2023-08-13 13:35:00,13,0,3,3,1,19,7,15,263,84.3,3,47,0.0638,0.0667,0.0,11.0,3.0,5.0,128.0,86.3,31.0,0.0,1.0,8.0,4.0,10.0,135.0,82.9,41.0,0.1,88.9,31.6,43.3,1011.6,0.0,15.5,9.6,290.0,W,0.67,-4.65,5.92,day
716911,2023-08-21,2023,SF,2023-08-21 18:40:00,18,10,4,14,6,16,5,26,279,83.9,7,54,0.1296,0.2308,4.0,9.0,2.0,17.0,139.0,83.3,59.0,0.2353,2.0,7.0,3.0,9.0,140.0,84.6,48.0,0.2222,87.9,31.1,49.0,1015.0,0.0,10.8,6.7,340.3,N,-7.98,-9.97,-5.02,night
716899,2023-08-22,2023,SF,2023-08-22 18:40:00,18,4,3,7,1,23,7,17,314,82.9,3,44,0.0682,0.0588,1.0,11.0,2.0,9.0,151.0,87.2,44.0,0.1111,0.0,12.0,4.0,8.0,163.0,78.7,45.0,0.0,77.8,25.4,36.7,1017.8,0.0,12.9,8.0,21.7,N,-12.87,-12.15,-12.03,night
716879,2023-08-23,2023,SF,2023-08-23 16:05:00,16,6,8,14,5,19,10,24,374,84.3,6,63,0.0952,0.2083,3.0,11.0,6.0,10.0,210.0,83.3,60.0,0.3,2.0,8.0,4.0,14.0,164.0,85.4,53.0,0.1429,81.0,27.2,29.0,1016.9,0.0,5.8,3.6,68.7,E,-4.01,-2.34,-5.2,day
716861,2023-08-25,2023,STL,2023-08-25 19:05:00,19,7,2,9,3,15,0,16,256,84.9,5,53,0.0943,0.1875,2.0,4.0,0.0,11.0,129.0,87.0,50.0,0.1818,1.0,11.0,0.0,5.0,127.0,82.7,46.0,0.2,83.6,28.7,61.3,1009.0,0.0,6.0,3.7,14.2,N,-5.9,-5.84,-5.25,night
716847,2023-08-26,2023,STL,2023-08-26 19:15:00,19,12,1,13,4,14,7,15,264,84.1,3,49,0.0612,0.2667,3.0,3.0,7.0,12.0,163.0,86.2,61.0,0.25,1.0,11.0,0.0,3.0,101.0,80.4,34.0,0.3333,81.9,27.7,54.7,1009.9,0.0,11.4,7.1,354.3,N,-10.08,-11.32,-7.62,night
716835,2023-08-27,2023,STL,2023-08-27 13:35:00,13,3,0,3,1,18,4,13,271,82.0,2,45,0.0444,0.0769,1.0,6.0,1.0,11.0,142.0,81.3,49.0,0.0909,0.0,12.0,3.0,2.0,129.0,82.9,36.0,0.0,86.4,30.2,42.0,1011.9,0.0,7.6,4.7,23.7,NE,-7.6,-7.09,-7.19,day
716817,2023-08-28,2023,LAA,2023-08-28 18:40:00,18,6,4,10,3,14,8,18,280,85.7,5,55,0.0909,0.1667,3.0,6.0,5.0,7.0,150.0,86.7,43.0,0.4286,0.0,8.0,1.0,11.0,130.0,84.8,49.0,0.0,75.6,24.2,68.7,1014.7,0.0,12.9,8.0,105.1,E,-1.66,2.83,-5.94,night
716806,2023-08-29,2023,LAA,2023-08-29 18:40:00,18,12,7,19,8,12,6,24,281,83.8,9,62,0.1452,0.3333,5.0,5.0,2.0,13.0,146.0,83.8,59.0,0.3846,3.0,7.0,3.0,11.0,135.0,83.8,52.0,0.2727,79.6,26.4,65.7,1009.7,0.0,6.8,4.2,115.7,SE,0.37,2.66,-1.96,night
716787,2023-08-30,2023,LAA,2023-08-30 13:05:00,13,8,10,18,4,19,9,23,322,82.3,5,56,0.0893,0.1739,2.0,8.0,6.0,11.0,183.0,82.1,69.0,0.1818,2.0,11.0,3.0,12.0,139.0,82.6,42.0,0.1667,88.3,31.3,34.7,1005.7,0.0,17.4,10.8,298.3,NW,-1.77,-7.59,4.27,day
716679,2023-09-08,2023,MIA,2023-09-08 19:05:00,19,2,3,5,3,16,7,12,291,84.3,3,49,0.0612,0.25,1.0,8.0,5.0,5.0,143.0,85.2,39.0,0.2,2.0,8.0,2.0,7.0,148.0,83.6,46.0,0.2857,76.8,24.9,83.0,1014.7,6.9,9.1,5.7,277.7,W,2.32,-0.83,5.19,night
716653,2023-09-09,2023,MIA,2023-09-09 18:05:00,18,8,4,12,2,18,5,17,324,83.4,4,49,0.0816,0.1176,1.0,6.0,5.0,7.0,170.0,82.8,65.0,0.1429,1.0,12.0,0.0,10.0,154.0,84.2,45.0,0.1,76.8,24.9,77.0,1017.2,0.0,9.7,6.0,102.9,E,-1.63,1.75,-4.81,night
716643,2023-09-10,2023,MIA,2023-09-10 13:05:00,13,4,5,9,3,27,11,13,328,81.0,3,39,0.0769,0.2308,2.0,13.0,6.0,8.0,187.0,83.1,51.0,0.25,1.0,14.0,5.0,5.0,141.0,78.4,40.0,0.2,74.5,23.6,86.0,1017.9,2.3,4.9,3.0,75.3,E,-2.94,-1.44,-4.09,day
716590,2023-09-11,2023,ATL,2023-09-11 18:40:00,18,7,5,12,4,20,5,15,294,81.1,6,48,0.125,0.2667,1.0,12.0,3.0,8.0,137.0,80.2,45.0,0.125,3.0,8.0,2.0,7.0,157.0,81.8,54.0,0.4286,76.1,24.5,79.7,1015.0,0.2,3.0,1.9,294.8,NW,-0.12,-1.15,0.92,night
717664,2023-09-11,2023,ATL,2023-06-21 18:40:00,18,8,10,18,4,22,9,19,323,82.7,5,56,0.0893,0.2105,2.0,15.0,5.0,8.0,165.0,82.6,48.0,0.25,2.0,7.0,4.0,11.0,158.0,82.8,54.0,0.1818,61.8,16.5,83.3,1021.3,4.1,22.2,13.8,63.3,NE,-16.77,-10.8,-20.72,night
716618,2023-09-12,2023,ATL,2023-09-12 18:40:00,18,6,7,13,7,21,10,22,376,83.0,3,59,0.0508,0.3182,4.0,13.0,5.0,12.0,195.0,81.3,56.0,0.3333,3.0,8.0,5.0,10.0,181.0,84.5,65.0,0.3,80.3,26.8,53.7,1013.0,0.0,6.9,4.3,200.4,S,6.93,6.6,6.43,night
716603,2023-09-13,2023,ATL,2023-09-13 18:40:00,18,1,4,5,1,23,3,14,257,83.9,2,45,0.0444,0.0714,0.0,12.0,2.0,4.0,138.0,82.9,46.0,0.0,1.0,11.0,1.0,10.0,119.0,85.0,41.0,0.1,76.2,24.6,59.7,1012.3,0.0,7.7,4.8,322.0,NW,-3.81,-5.88,-1.27,night
716490,2023-09-21,2023,NYM,2023-09-21 19:15:00,19,5,4,9,3,23,6,15,293,78.8,2,44,0.0455,0.2,2.0,13.0,4.0,7.0,162.0,75.7,53.0,0.2857,1.0,10.0,2.0,8.0,131.0,82.5,45.0,0.125,64.1,17.8,55.7,1024.1,0.0,8.0,5.0,38.4,NE,-7.69,-6.48,-7.98,night
716481,2023-09-22,2023,NYM,2023-09-22 19:05:00,19,5,4,9,3,16,7,17,332,81.7,5,56,0.0893,0.1765,1.0,8.0,2.0,9.0,158.0,76.9,53.0,0.1111,2.0,8.0,3.0,8.0,174.0,86.0,59.0,0.25,64.3,17.9,62.0,1024.0,0.0,18.8,11.7,61.0,NE,-14.71,-9.82,-17.83,night
716466,2023-09-23,2023,NYM,2023-09-23 16:05:00,16,7,5,12,2,20,2,20,261,82.6,2,50,0.04,0.1,2.0,11.0,0.0,11.0,130.0,84.3,42.0,0.1818,0.0,9.0,2.0,9.0,131.0,81.0,47.0,0.0,62.4,16.9,85.0,1013.4,0.2,26.1,16.2,44.3,NE,-24.26,-19.47,-26.12,day
716454,2023-09-24,2023,NYM,2023-09-24 18:05:00,18,5,2,7,2,23,4,9,266,82.3,2,35,0.0571,0.2222,1.0,10.0,3.0,6.0,145.0,84.4,45.0,0.1667,1.0,13.0,1.0,3.0,121.0,79.6,35.0,0.3333,67.8,19.9,90.0,1011.7,0.3,6.0,3.7,228.0,SW,5.44,4.23,6.01,night
716432,2023-09-26,2023,PIT,2023-09-26 18:40:00,18,3,2,5,3,24,4,10,299,83.6,4,43,0.093,0.3,1.0,12.0,3.0,5.0,150.0,80.9,47.0,0.2,2.0,12.0,1.0,5.0,149.0,86.2,48.0,0.4,60.6,15.9,80.3,1026.2,0.1,14.9,9.3,49.3,NE,-13.3,-10.19,-14.79,night
716415,2023-09-27,2023,PIT,2023-09-27 18:40:00,18,7,6,13,3,25,8,19,306,81.8,2,43,0.0465,0.1579,3.0,12.0,4.0,8.0,137.0,82.1,41.0,0.375,0.0,13.0,4.0,11.0,169.0,81.5,57.0,0.0,60.1,15.6,60.7,1024.6,0.0,10.1,6.3,70.6,E,-6.76,-3.77,-8.94,night
716409,2023-09-28,2023,PIT,2023-09-28 18:05:00,18,2,3,5,1,18,5,16,305,83.1,3,52,0.0577,0.0625,1.0,8.0,3.0,5.0,155.0,85.3,53.0,0.2,0.0,10.0,2.0,11.0,150.0,81.1,58.0,0.0,63.7,17.6,77.0,1021.7,0.0,15.1,9.4,46.3,NE,-13.78,-10.87,-15.03,night
745604,2024-03-29,2024,ATL,2024-03-28 15:05:00,15,3,9,12,1,25,8,18,319,83.1,1,47,0.0213,0.0556,1.0,15.0,3.0,5.0,144.0,83.1,34.0,0.2,0.0,10.0,5.0,13.0,175.0,83.1,53.0,0.0,50.9,10.5,84.3,1011.9,1.1,14.0,8.7,331.7,NW,-8.86,-12.05,-4.61,day
745599,2024-03-30,2024,ATL,2024-03-30 16:05:00,16,4,12,16,5,9,8,26,307,82.0,2,65,0.0308,0.1923,1.0,4.0,5.0,8.0,139.0,81.9,48.0,0.125,4.0,5.0,3.0,18.0,168.0,82.2,70.0,0.2222,57.0,13.9,50.0,1008.2,0.1,12.5,7.8,240.0,SW,9.92,6.72,11.92,day
745602,2024-03-31,2024,ATL,2024-03-31 13:35:00,13,5,4,9,2,23,4,16,275,82.1,3,41,0.0732,0.125,1.0,9.0,3.0,9.0,126.0,84.5,42.0,0.1111,1.0,14.0,1.0,7.0,149.0,80.0,47.0,0.1429,62.2,16.8,42.7,1012.9,0.0,14.6,9.1,288.7,W,0.98,-4.07,5.91,day
745600,2024-04-01,2024,CIN,2024-04-01 18:40:00,18,3,6,9,1,27,9,15,341,80.4,1,45,0.0222,0.0667,0.0,10.0,4.0,7.0,159.0,79.4,59.0,0.0,1.0,17.0,5.0,8.0,182.0,81.9,42.0,0.125,54.1,12.3,73.7,1013.1,0.0,6.3,3.9,87.2,E,-2.69,-0.58,-4.48,night
745598,2024-04-02,2024,CIN,2024-04-02 18:40:00,18,9,4,13,4,17,3,17,292,83.8,3,55,0.0545,0.2353,4.0,6.0,3.0,9.0,136.0,87.5,39.0,0.4444,0.0,11.0,0.0,8.0,156.0,81.2,55.0,0.0,46.1,7.8,93.0,1008.0,0.9,17.9,11.1,63.3,NE,-13.52,-8.71,-16.7,night
745603,2024-04-03,2024,CIN,2024-04-03 16:05:00,16,1,4,5,1,25,5,13,289,82.5,3,41,0.0732,0.0769,1.0,10.0,4.0,6.0,155.0,82.6,45.0,0.1667,0.0,15.0,1.0,7.0,134.0,82.3,37.0,0.0,48.4,9.1,94.7,992.4,16.9,25.5,15.9,66.7,NE,-18.31,-11.12,-23.29,day
745601,2024-04-11,2024,PIT,2024-04-11 18:40:00,18,5,1,6,3,24,2,14,260,80.1,3,41,0.0732,0.2143,3.0,10.0,0.0,7.0,107.0,83.8,33.0,0.4286,0.0,14.0,2.0,7.0,153.0,77.6,49.0,0.0,63.7,17.6,84.7,1006.0,0.1,26.4,16.4,156.0,SE,18.2,23.66,10.54,night
745596,2024-04-12,2024,PIT,2024-04-12 18:40:00,18,2,5,7,0,15,8,16,304,82.3,1,55,0.0182,0.0,0.0,7.0,3.0,7.0,148.0,82.3,51.0,0.0,0.0,8.0,5.0,9.0,156.0,82.4,49.0,0.0,59.2,15.1,55.3,998.9,0.0,23.5,14.6,235.0,SW,19.79,14.29,22.91,night
745594,2024-04-13,2024,PIT,2024-04-13 16:05:00,16,4,3,7,2,19,12,14,323,79.0,4,46,0.087,0.1429,1.0,9.0,6.0,9.0,152.0,80.4,43.0,0.1111,1.0,10.0,5.0,5.0,171.0,77.8,48.0,0.2,58.3,14.6,39.7,1007.4,0.0,31.6,19.7,290.7,W,1.01,-9.86,11.77,day
745595,2024-04-14,2024,PIT,2024-04-14 13:35:00,13,2,9,11,4,21,6,18,294,86.2,1,50,0.02,0.2222,1.0,6.0,0.0,8.0,112.0,87.0,43.0,0.125,3.0,15.0,6.0,10.0,182.0,85.3,42.0,0.3,71.7,22.1,33.7,1009.2,0.0,27.3,17.0,211.7,SW,26.98,23.87,26.85,day
745597,2024-04-15,2024,COL,2024-04-15 18:40:00,18,2,1,3,1,14,5,11,262,79.6,1,53,0.0189,0.0909,0.0,4.0,3.0,6.0,132.0,79.5,46.0,0.0,1.0,10.0,1.0,5.0,130.0,79.7,41.0,0.2,69.9,21.1,70.3,1010.5,0.0,6.4,4.0,259.3,W,3.5,1.46,5.12,night
745593,2024-04-16,2024,COL,2024-04-16 18:40:00,18,5,0,5,2,16,2,14,245,78.3,2,45,0.0444,0.1429,2.0,8.0,1.0,7.0,133.0,79.8,46.0,0.2857,0.0,8.0,1.0,7.0,112.0,76.6,40.0,0.0,67.5,19.7,48.0,1019.5,0.0,5.6,3.5,10.2,N,-5.47,-5.55,-4.74,night
745591,2024-04-17,2024,COL,2024-04-17 18:05:00,18,7,6,13,3,23,6,24,307,82.3,3,51,0.0588,0.125,3.0,11.0,2.0,12.0,136.0,80.8,45.0,0.25,0.0,12.0,4.0,12.0,171.0,83.3,62.0,0.0,59.9,15.5,83.0,1014.2,0.0,12.7,7.9,106.0,E,-1.43,2.98,-5.67,night
745592,2024-04-19,2024,CWS,2024-04-19 18:40:00,18,7,0,7,3,15,5,9,269,83.6,4,44,0.0909,0.3333,3.0,7.0,2.0,7.0,142.0,84.3,49.0,0.4286,0.0,8.0,3.0,2.0,127.0,82.7,39.0,0.0,57.3,14.1,76.7,1015.9,0.2,8.2,5.1,177.3,S,7.42,8.17,5.78,night
745590,2024-04-20,2024,CWS,2024-04-20 18:05:00,18,9,5,14,1,15,11,19,328,81.0,1,55,0.0182,0.0526,1.0,6.0,6.0,12.0,176.0,82.2,55.0,0.0833,0.0,9.0,5.0,7.0,152.0,79.7,50.0,0.0,62.4,16.9,35.0,1011.3,0.0,18.3,11.4,304.4,NW,-3.77,-9.65,2.57,night
745588,2024-04-21,2024,CWS,2024-04-21 13:35:00,13,8,2,10,2,15,8,15,273,83.0,3,51,0.0588,0.1333,1.0,7.0,6.0,11.0,163.0,84.3,54.0,0.0909,1.0,8.0,2.0,4.0,110.0,81.1,37.0,0.25,53.2,11.8,40.0,1015.7,0.0,15.1,9.4,270.3,W,5.71,0.57,10.16,day
745589,2024-05-03,2024,SF,2024-05-03 18:40:00,18,4,3,7,0,21,8,14,320,83.4,3,45,0.0667,0.0,0.0,10.0,4.0,6.0,151.0,83.9,41.0,0.0,0.0,11.0,4.0,8.0,169.0,83.0,50.0,0.0,57.5,14.2,65.7,1021.1,0.0,15.3,9.5,102.0,E,-2.79,2.53,-7.78,night
745583,2024-05-04,2024,SF,2024-05-04 18:05:00,18,14,3,17,2,12,13,22,327,81.1,2,59,0.0339,0.0909,1.0,4.0,10.0,12.0,189.0,80.6,73.0,0.0833,1.0,8.0,3.0,10.0,138.0,81.8,47.0,0.1,52.4,11.3,83.3,1024.7,0.5,13.6,8.5,94.7,E,-4.18,0.52,-8.36,night
745587,2024-05-05,2024,SF,2024-05-05 19:10:00,19,5,4,9,3,28,4,17,301,85.1,8,40,0.2,0.1765,1.0,17.0,2.0,10.0,159.0,84.7,44.0,0.1,2.0,11.0,2.0,7.0,142.0,85.6,42.0,0.2857,59.8,15.5,92.3,1019.4,0.0,5.8,3.6,108.3,E,-0.43,1.58,-2.39,night
745585,2024-05-06,2024,SF,2024-05-06 16:05:00,16,6,1,7,2,20,5,15,269,80.7,2,46,0.0435,0.1333,2.0,7.0,4.0,10.0,136.0,81.6,47.0,0.2,0.0,13.0,1.0,5.0,133.0,79.4,32.0,0.0,74.5,23.6,68.0,1011.8,0.1,3.4,2.1,264.0,W,1.62,0.5,2.55,day
745586,2024-05-07,2024,TOR,2024-05-07 18:40:00,18,10,1,11,2,15,6,17,277,82.4,3,48,0.0625,0.1176,2.0,10.0,3.0,11.0,154.0,80.6,53.0,0.1818,0.0,5.0,3.0,6.0,123.0,84.5,44.0,0.0,73.3,22.9,60.3,1005.8,0.0,13.6,8.4,198.3,S,13.53,13.05,12.38,night
745584,2024-05-08,2024,TOR,2024-05-08 13:05:00,13,3,5,8,0,16,4,19,306,80.7,2,57,0.0351,0.0,0.0,7.0,2.0,7.0,138.0,82.5,50.0,0.0,0.0,9.0,2.0,12.0,168.0,79.1,55.0,0.0,85.8,29.9,44.0,1001.0,0.0,18.2,11.3,269.0,W,7.25,1.11,12.53,day
745582,2024-05-15,2024,NYM,2024-05-15 18:40:00,18,10,5,15,2,6,8,19,272,86.0,5,64,0.0781,0.1053,1.0,3.0,5.0,10.0,131.0,85.5,46.0,0.1,1.0,3.0,3.0,9.0,141.0,86.5,54.0,0.1111,64.5,18.1,71.7,1005.3,0.0,20.4,12.7,38.0,NE,-19.69,-16.64,-20.37,night
745580,2024-05-16,2024,NYM,2024-05-16 18:40:00,18,5,6,11,1,22,7,17,363,83.4,2,60,0.0333,0.0588,0.0,9.0,3.0,9.0,174.0,84.7,51.0,0.0,1.0,13.0,3.0,8.0,189.0,82.4,67.0,0.125,65.9,18.8,75.7,1009.1,0.0,15.1,9.4,22.7,NE,-15.1,-14.17,-14.2,night
745579,2024-05-17,2024,WSH,2024-05-17 18:40:00,18,4,2,6,0,10,4,9,255,83.3,0,49,0.0,0.0,0.0,4.0,1.0,5.0,131.0,84.6,43.0,0.0,0.0,6.0,3.0,4.0,124.0,81.9,42.0,0.0,68.2,20.1,68.7,1013.1,0.0,7.2,4.5,129.0,SE,2.05,4.3,-0.45,night
745581,2024-05-18,2024,WSH,2024-05-18 18:05:00,18,4,3,7,2,16,4,18,293,85.8,2,57,0.0351,0.1111,2.0,4.0,3.0,7.0,148.0,85.2,52.0,0.2857,0.0,12.0,0.0,11.0,145.0,86.4,54.0,0.0,64.5,18.1,89.3,1013.8,0.4,5.5,3.4,107.8,E,-0.45,1.46,-2.31,night
745577,2024-05-19,2024,WSH,2024-05-19 13:35:00,13,11,5,16,3,13,10,19,312,82.5,4,56,0.0714,0.1579,1.0,6.0,6.0,12.0,167.0,82.5,54.0,0.0833,2.0,7.0,4.0,7.0,145.0,82.6,47.0,0.2857,72.9,22.7,57.0,1014.6,0.0,11.7,7.3,45.3,NE,-10.81,-8.6,-11.72,day
745578,2024-05-21,2024,TEX,2024-05-21 18:40:00,18,5,2,7,2,20,5,17,273,83.6,4,46,0.087,0.1176,1.0,7.0,3.0,8.0,129.0,82.7,52.0,0.125,1.0,13.0,2.0,9.0,144.0,84.6,45.0,0.1111,77.5,25.3,57.7,1013.8,0.0,13.7,8.5,204.0,SW,13.7,12.75,12.99,night
745576,2024-05-22,2024,TEX,2024-05-22 18:40:00,18,11,4,15,5,18,11,15,320,85.2,5,48,0.1042,0.3333,3.0,10.0,6.0,8.0,181.0,85.2,51.0,0.375,2.0,8.0,5.0,7.0,139.0,85.2,50.0,0.2857,79.5,26.4,61.7,1011.5,0.0,13.7,8.5,180.3,S,12.69,13.69,10.15,night
745573,2024-05-23,2024,TEX,2024-05-23 13:05:00,13,5,2,7,3,13,5,18,267,82.7,2,54,0.037,0.1667,2.0,6.0,2.0,12.0,136.0,84.6,48.0,0.1667,1.0,7.0,3.0,6.0,131.0,80.7,44.0,0.1667,77.0,25.0,71.7,1012.1,0.0,5.4,3.4,261.4,W,2.79,1.04,4.21,day
745574,2024-05-31,2024,STL,2024-05-31 18:40:00,18,4,2,6,3,17,3,10,252,83.1,2,43,0.0465,0.3,,,,,,,,,,,,,,,,,71.6,22.0,37.0,1020.3,0.0,9.9,6.2,312.7,NW,-3.42,-6.39,-0.04,night
745575,2024-06-01,2024,STL,2024-06-01 19:15:00,19,6,1,7,1,26,4,12,271,82.0,4,39,0.1026,0.0833,,,,,,,,,,,,,,,,,74.5,23.6,33.0,1019.0,0.0,10.7,6.7,229.0,SW,9.61,7.39,10.67,night
745572,2024-06-02,2024,STL,2024-06-02 19:10:00,19,4,5,9,2,20,5,16,315,81.8,2,59,0.0339,0.125,,,,,,,,,,,,,,,,,76.6,24.8,53.0,1014.0,0.0,8.3,5.2,232.5,SW,7.19,5.33,8.17,night
745569,2024-06-03,2024,MIL,2024-06-03 18:40:00,18,3,1,4,2,9,4,12,243,81.8,4,50,0.08,0.1667,,,,,,,,,,,,,,,,,83.1,28.4,45.7,1011.0,0.0,8.8,5.5,74.4,E,-5.46,-2.75,-7.5,night
745568,2024-06-04,2024,MIL,2024-06-04 18:40:00,18,2,1,3,1,18,7,15,309,81.4,3,52,0.0577,0.0667,,,,,,,,,,,,,,,,,80.8,27.1,41.3,1013.6,0.0,17.1,10.6,155.7,SE,11.7,15.26,6.73,night
745570,2024-06-05,2024,MIL,2024-06-05 16:05:00,16,2,0,2,1,13,6,6,264,83.0,4,43,0.093,0.1667,,,,,,,,,,,,,,,,,78.9,26.1,68.7,1008.2,1.9,16.3,10.1,180.3,S,15.07,16.26,12.06,day
745571,2024-06-09,2024,NYM,2024-06-09 10:10:00,10,5,6,11,1,16,11,17,332,81.3,2,51,0.0392,0.0588,1.0,6.0,6.0,10.0,163.0,81.7,46.0,0.1,0.0,10.0,5.0,7.0,169.0,80.9,46.0,0.0,77.7,25.4,50.3,1001.9,0.0,21.6,13.4,257.8,W,12.28,5.48,17.6,day
745567,2024-06-17,2024,SD,2024-06-17 18:40:00,18,9,2,11,3,9,4,25,266,83.3,4,59,0.0678,0.12,3.0,3.0,3.0,18.0,155.0,84.0,61.0,0.1667,0.0,6.0,1.0,7.0,111.0,82.2,45.0,0.0,83.7,28.7,50.7,1019.2,0.0,19.3,12.0,169.0,S,16.09,18.77,11.48,night
745563,2024-06-18,2024,SD,2024-06-18 18:40:00,18,4,3,7,2,21,5,17,298,81.3,2,46,0.0435,0.1176,1.0,12.0,4.0,13.0,160.0,79.8,48.0,0.0769,1.0,9.0,1.0,4.0,138.0,82.7,55.0,0.25,85.7,29.8,46.3,1022.2,0.0,16.4,10.2,184.0,S,15.55,16.39,12.83,night
745561,2024-06-19,2024,SD,2024-06-19 13:05:00,13,2,5,7,3,16,3,18,290,80.4,3,55,0.0545,0.1667,2.0,10.0,2.0,6.0,132.0,82.7,34.0,0.3333,1.0,6.0,1.0,12.0,158.0,79.2,60.0,0.0833,91.2,32.9,37.0,1026.0,0.0,9.4,5.8,197.3,S,9.33,9.05,8.48,day
745562,2024-06-21,2024,AZ,2024-06-21 18:40:00,18,4,5,9,5,12,8,16,295,86.0,5,55,0.0909,0.3125,2.0,6.0,4.0,7.0,132.0,87.9,40.0,0.2857,3.0,6.0,4.0,9.0,163.0,84.6,53.0,0.3333,91.8,33.2,37.0,1017.1,0.0,15.3,9.5,209.1,SW,15.17,13.65,14.85,night
745564,2024-06-22,2024,AZ,2024-06-22 16:05:00,16,12,1,13,4,11,5,16,260,82.5,4,55,0.0727,0.25,4.0,2.0,5.0,14.0,137.0,84.0,51.0,0.2857,0.0,9.0,0.0,2.0,123.0,80.6,41.0,0.0,96.6,35.9,33.0,1011.7,0.0,13.2,8.2,235.6,SW,11.02,7.9,12.82,day
745566,2024-06-23,2024,AZ,2024-06-23 11:35:00,11,4,1,5,0,12,2,17,258,80.1,0,54,0.0,0.0,0.0,5.0,2.0,11.0,145.0,78.3,55.0,0.0,0.0,7.0,0.0,6.0,113.0,82.4,43.0,0.0,94.2,34.5,40.3,1006.4,0.0,22.1,13.7,229.0,SW,19.78,15.21,21.96,day
745565,2024-06-27,2024,MIA,2024-06-27 18:20:00,18,4,7,11,2,15,6,21,305,84.2,3,58,0.0517,0.0952,1.0,6.0,4.0,8.0,141.0,86.2,51.0,0.125,1.0,9.0,2.0,13.0,164.0,82.6,63.0,0.0769,85.9,29.9,33.3,1008.2,0.0,14.9,9.3,319.8,NW,-6.83,-10.95,-1.89,night
745560,2024-06-28,2024,MIA,2024-06-28 18:20:00,18,2,0,2,0,17,3,10,245,77.2,1,41,0.0244,0.0,0.0,8.0,3.0,7.0,144.0,76.6,53.0,0.0,0.0,9.0,0.0,3.0,101.0,78.1,36.0,0.0,76.6,24.8,37.0,1019.6,0.0,17.7,11.0,149.0,SE,10.51,14.73,5.02,night
745559,2024-06-29,2024,MIA,2024-06-29 16:05:00,16,2,3,5,2,22,3,13,274,81.1,0,45,0.0,0.1538,1.0,10.0,3.0,5.0,141.0,81.5,47.0,0.2,1.0,12.0,0.0,8.0,133.0,80.8,49.0,0.125,87.4,30.8,55.3,1016.5,0.0,23.0,14.3,177.0,S,20.73,22.86,16.1,day
745555,2024-06-30,2024,MIA,2024-06-30 13:35:00,13,7,6,13,2,18,7,26,319,82.5,1,60,0.0167,0.0769,1.0,12.0,4.0,14.0,168.0,82.1,52.0,0.0714,1.0,6.0,3.0,12.0,151.0,82.8,55.0,0.0833,88.1,31.2,63.3,1011.8,0.0,19.1,11.9,207.3,SW,19.07,17.36,18.47,day
745557,2024-07-09,2024,LAD,2024-07-09 18:40:00,18,10,1,11,4,17,9,19,310,82.7,4,51,0.0784,0.2105,3.0,5.0,3.0,12.0,155.0,83.1,65.0,0.25,1.0,12.0,6.0,7.0,155.0,82.1,39.0,0.1429,90.7,32.6,54.3,1011.4,0.1,14.3,8.9,186.3,S,13.73,14.27,11.54,night
745556,2024-07-10,2024,LAD,2024-07-10 19:05:00,19,4,3,7,1,14,1,19,264,80.1,1,52,0.0192,0.0526,1.0,6.0,0.0,10.0,126.0,79.7,50.0,0.1,0.0,8.0,1.0,9.0,138.0,80.4,49.0,0.0,84.3,29.1,67.3,1007.3,0.0,24.2,15.1,167.0,S,19.73,23.35,13.73,night
745558,2024-07-11,2024,LAD,2024-07-11 18:05:00,18,5,1,6,4,20,9,15,292,82.5,3,45,0.0667,0.2667,3.0,9.0,3.0,10.0,145.0,84.0,41.0,0.3,1.0,11.0,5.0,5.0,147.0,81.0,41.0,0.2,88.6,31.5,41.3,1014.2,0.0,17.5,10.9,200.3,S,17.52,16.69,16.24,night
745552,2024-07-12,2024,ATH,2024-07-12 18:40:00,18,2,6,8,1,14,11,14,306,80.0,4,50,0.08,0.0714,0.0,6.0,7.0,6.0,168.0,77.4,53.0,0.0,1.0,8.0,4.0,8.0,138.0,83.3,42.0,0.125,79.0,26.1,80.0,1020.3,0.4,9.6,5.9,222.5,SW,8.99,7.33,9.57,night
745549,2024-07-13,2024,ATH,2024-07-13 16:05:00,16,11,5,16,6,24,12,19,325,87.0,8,46,0.1739,0.3158,4.0,12.0,8.0,9.0,173.0,87.1,43.0,0.4444,2.0,12.0,3.0,10.0,152.0,86.9,44.0,0.2,89.4,31.9,50.3,1017.4,0.0,2.2,1.4,176.3,S,2.0,2.22,1.55,day
745551,2024-07-14,2024,ATH,2024-07-14 13:35:00,13,3,18,21,9,12,6,19,298,83.6,5,60,0.0833,0.4737,1.0,7.0,1.0,4.0,127.0,82.5,59.0,0.25,8.0,5.0,5.0,15.0,171.0,84.8,57.0,0.5333,89.8,32.1,55.3,1015.6,0.2,10.4,6.5,206.8,SW,10.4,9.51,10.04,day
745554,2024-07-26,2024,CLE,2024-07-26 18:40:00,18,1,3,4,1,15,5,15,270,82.5,1,55,0.0182,0.0667,1.0,7.0,2.0,6.0,138.0,84.0,49.0,0.1667,0.0,8.0,3.0,9.0,132.0,81.0,48.0,0.0,81.5,27.5,42.3,1016.9,0.0,6.2,3.9,8.6,N,-6.05,-6.2,-5.18,night
745553,2024-07-27,2024,CLE,2024-07-27 18:05:00,18,8,0,8,4,15,3,16,262,82.0,6,49,0.1224,0.25,4.0,11.0,2.0,12.0,157.0,81.0,53.0,0.3333,0.0,4.0,1.0,4.0,105.0,83.1,44.0,0.0,82.9,28.3,38.7,1017.7,0.0,10.1,6.3,54.3,NE,-8.59,-6.25,-9.89,night
745550,2024-07-28,2024,CLE,2024-07-28 13:35:00,13,3,4,7,4,13,6,14,286,84.3,4,55,0.0727,0.2857,2.0,9.0,5.0,5.0,152.0,84.1,47.0,0.4,2.0,4.0,1.0,9.0,134.0,84.6,56.0,0.2222,87.4,30.8,33.0,1018.2,0.0,2.3,1.4,119.6,SE,0.29,1.06,-0.52,day
745547,2024-07-29,2024,NYY,2024-07-29 18:40:00,18,4,14,18,7,18,9,22,318,82.1,5,55,0.0909,0.3182,1.0,9.0,4.0,8.0,138.0,79.7,47.0,0.125,6.0,9.0,5.0,14.0,180.0,84.0,60.0,0.4286,83.8,28.8,61.7,1012.2,0.4,11.5,7.2,189.3,S,11.23,11.45,9.65,night
745546,2024-07-30,2024,NYY,2024-07-30 18:40:00,18,6,7,13,3,21,11,20,384,83.5,3,70,0.0429,0.15,1.0,11.0,2.0,9.0,194.0,80.3,61.0,0.1111,2.0,10.0,6.0,11.0,190.0,86.9,59.0,0.1818,82.3,28.0,66.3,1011.4,0.3,18.4,11.5,173.3,S,16.1,18.2,12.05,night
745543,2024-07-31,2024,NYY,2024-07-31 12:35:00,12,5,6,11,2,18,5,18,303,83.3,5,52,0.0962,0.1111,1.0,9.0,3.0,9.0,166.0,82.3,51.0,0.1111,1.0,9.0,2.0,9.0,137.0,84.6,42.0,0.1111,89.0,31.7,54.0,1011.8,0.0,13.6,8.5,241.0,SW,10.64,7.11,12.9,day
745548,2024-08-13,2024,MIA,2024-08-13 18:40:00,18,0,5,5,2,18,6,12,270,84.3,4,48,0.0833,0.1667,0.0,6.0,1.0,4.0,114.0,84.1,47.0,0.0,2.0,12.0,5.0,8.0,156.0,84.5,41.0,0.25,76.8,24.9,51.7,1015.5,0.0,9.9,6.1,307.3,NW,-2.52,-5.63,0.89,night
745544,2024-08-14,2024,MIA,2024-08-14 18:40:00,18,9,5,14,2,16,6,24,311,85.3,5,57,0.0877,0.0833,1.0,5.0,4.0,13.0,155.0,86.7,45.0,0.0769,1.0,11.0,2.0,11.0,156.0,84.0,52.0,0.0909,78.7,26.0,49.7,1016.4,0.0,7.8,4.8,339.0,N,-5.63,-7.12,-3.46,night
745545,2024-08-15,2024,WSH,2024-08-15 18:40:00,18,13,3,16,5,16,3,25,302,83.7,5,61,0.082,0.2,3.0,9.0,3.0,17.0,157.0,86.0,59.0,0.1765,2.0,7.0,0.0,8.0,145.0,80.8,48.0,0.25,82.8,28.2,42.0,1015.8,0.0,5.4,3.3,328.0,NW,-3.12,-4.42,-1.44,night
745542,2024-08-16,2024,WSH,2024-08-16 18:40:00,18,3,2,5,0,12,7,21,318,82.3,1,56,0.0179,0.0,0.0,4.0,4.0,10.0,157.0,83.7,58.0,0.0,0.0,8.0,2.0,11.0,161.0,80.8,55.0,0.0,83.4,28.5,43.7,1014.5,0.0,9.1,5.6,203.3,SW,9.07,8.47,8.56,night
745537,2024-08-17,2024,WSH,2024-08-17 18:05:00,18,5,1,6,1,12,2,12,224,80.1,1,49,0.0204,0.0833,0.0,8.0,2.0,10.0,125.0,83.7,47.0,0.0,1.0,4.0,0.0,2.0,99.0,76.0,42.0,0.5,75.7,24.3,72.7,1012.2,10.5,9.9,6.2,154.6,SE,6.63,8.75,3.72,night
745539,2024-08-18,2024,WSH,2024-08-18 13:35:00,13,4,6,10,6,12,6,21,321,81.4,3,60,0.05,0.2857,3.0,6.0,1.0,10.0,145.0,83.3,59.0,0.3,3.0,6.0,5.0,11.0,176.0,79.8,68.0,0.2727,81.7,27.6,72.0,1008.0,0.2,11.3,7.0,162.0,S,8.57,10.55,5.55,day
745538,2024-08-26,2024,HOU,2024-08-26 18:40:00,18,3,2,5,1,20,7,17,306,83.3,1,51,0.0196,0.0588,1.0,12.0,4.0,9.0,160.0,84.2,54.0,0.1111,0.0,8.0,3.0,8.0,146.0,82.4,54.0,0.0,80.4,26.9,58.7,1017.4,0.0,4.7,2.9,74.0,E,-2.95,-1.51,-4.04,night
745540,2024-08-27,2024,HOU,2024-08-27 18:40:00,18,5,0,5,1,16,2,17,262,81.3,2,51,0.0392,0.0588,1.0,8.0,1.0,11.0,131.0,82.5,50.0,0.0909,0.0,8.0,1.0,6.0,131.0,80.2,53.0,0.0,83.8,28.8,50.0,1016.3,0.0,10.5,6.5,153.6,SE,6.9,9.19,3.77,night
745541,2024-08-28,2024,HOU,2024-08-28 16:05:00,16,0,10,10,4,14,6,21,261,82.9,4,56,0.0714,0.1905,0.0,12.0,4.0,3.0,122.0,79.9,33.0,0.0,4.0,2.0,2.0,18.0,139.0,84.6,61.0,0.2222,94.5,34.7,42.0,1012.7,0.2,13.2,8.2,297.3,NW,-1.11,-5.54,3.46,day
745531,2024-08-29,2024,ATL,2024-08-29 18:40:00,18,5,4,9,4,21,7,14,292,82.5,4,44,0.0909,0.2857,2.0,8.0,6.0,7.0,137.0,84.2,38.0,0.2857,2.0,13.0,1.0,7.0,155.0,81.4,56.0,0.2857,76.4,24.7,64.7,1021.6,0.0,16.9,10.5,102.0,E,-3.09,2.79,-8.6,night
745533,2024-08-30,2024,ATL,2024-08-30 18:40:00,18,2,7,9,5,20,6,16,314,80.6,5,49,0.102,0.3125,2.0,10.0,2.0,7.0,165.0,79.9,62.0,0.2857,3.0,10.0,4.0,9.0,149.0,81.3,54.0,0.3333,73.9,23.3,71.0,1021.2,0.0,13.2,8.2,93.0,E,-4.42,0.12,-8.42,night
745532,2024-08-31,2024,ATL,2024-08-31 19:15:00,19,3,0,3,2,16,4,11,241,84.6,3,45,0.0667,0.1818,2.0,5.0,4.0,5.0,111.0,85.0,36.0,0.4,0.0,11.0,0.0,6.0,130.0,84.3,45.0,0.0,77.1,25.0,72.0,1014.2,0.0,8.9,5.6,200.3,S,8.93,8.5,8.27,night
745536,2024-09-01,2024,ATL,2024-09-01 19:10:00,19,3,2,5,1,23,7,12,322,81.4,2,52,0.0385,0.0833,0.0,9.0,3.0,6.0,141.0,80.6,60.0,0.0,1.0,14.0,4.0,6.0,181.0,82.2,56.0,0.1667,79.3,26.3,73.0,1010.3,0.0,10.7,6.7,242.0,SW,8.28,5.45,10.12,night
745534,2024-09-09,2024,TB,2024-09-09 18:40:00,18,2,1,3,2,11,6,13,292,82.7,4,53,0.0755,0.1538,1.0,4.0,5.0,5.0,141.0,82.1,50.0,0.2,1.0,7.0,1.0,8.0,151.0,83.2,52.0,0.125,71.4,21.9,39.0,1016.7,0.0,12.7,7.9,217.0,SW,12.3,10.47,12.64,night
745535,2024-09-10,2024,TB,2024-09-10 18:40:00,18,9,4,13,3,14,7,26,285,83.3,6,62,0.0968,0.1154,3.0,9.0,3.0,13.0,143.0,83.7,52.0,0.2308,0.0,5.0,4.0,13.0,142.0,82.9,60.0,0.0,74.4,23.5,46.7,1018.2,0.0,7.3,4.6,330.3,NW,-4.5,-6.21,-2.25,night
745525,2024-09-11,2024,TB,2024-09-11 18:40:00,18,3,2,5,2,15,5,10,256,82.6,3,46,0.0652,0.2,1.0,5.0,2.0,5.0,121.0,82.4,48.0,0.2,1.0,10.0,3.0,5.0,135.0,82.8,51.0,0.2,75.9,24.4,51.3,1020.0,0.0,6.3,3.9,128.7,SE,1.76,3.72,-0.42,night
745529,2024-09-13,2024,NYM,2024-09-13 18:40:00,18,3,11,14,5,16,6,18,318,82.4,4,55,0.0727,0.2778,1.0,7.0,3.0,4.0,143.0,81.2,47.0,0.25,4.0,9.0,3.0,14.0,175.0,83.4,61.0,0.2857,78.0,25.5,47.7,1021.3,0.0,6.8,4.2,44.2,NE,-6.32,-5.08,-6.8,night
745528,2024-09-14,2024,NYM,2024-09-14 16:05:00,16,6,4,10,2,13,5,18,271,82.8,8,54,0.1481,0.1111,2.0,9.0,2.0,8.0,127.0,80.8,43.0,0.25,0.0,4.0,3.0,10.0,144.0,84.5,51.0,0.0,84.1,28.9,40.0,1022.0,0.0,14.5,9.0,106.7,E,-1.48,3.56,-6.33,day
745530,2024-09-15,2024,NYM,2024-09-15 13:35:00,13,2,1,3,1,18,2,13,234,83.7,3,47,0.0638,0.0769,0.0,8.0,1.0,6.0,120.0,84.2,45.0,0.0,1.0,10.0,1.0,7.0,114.0,83.2,44.0,0.1429,82.3,28.0,43.7,1025.7,0.0,16.4,10.2,82.7,E,-8.14,-2.8,-12.51,day
745527,2024-09-23,2024,CHC,2024-09-23 18:40:00,18,6,2,8,2,14,9,18,278,81.8,5,53,0.0943,0.1111,2.0,4.0,5.0,11.0,126.0,82.3,48.0,0.1818,0.0,10.0,4.0,7.0,152.0,81.3,47.0,0.0,66.2,19.0,60.3,1016.2,0.3,10.8,6.7,109.0,E,-0.66,3.08,-4.32,night
745526,2024-09-24,2024,CHC,2024-09-24 18:40:00,18,4,10,14,2,19,5,22,307,81.4,4,56,0.0714,0.0909,2.0,10.0,1.0,7.0,128.0,80.4,49.0,0.2857,0.0,9.0,4.0,15.0,179.0,82.1,73.0,0.0,67.3,19.6,62.7,1018.1,0.0,14.3,8.9,100.0,E,-3.09,1.86,-7.67,night
745521,2024-09-25,2024,CHC,2024-09-25 18:05:00,18,9,6,15,5,15,5,22,321,82.2,7,58,0.1207,0.2273,3.0,8.0,3.0,13.0,154.0,84.7,53.0,0.2308,2.0,7.0,2.0,9.0,167.0,80.4,75.0,0.2222,67.7,19.8,87.7,1018.7,0.1,13.3,8.3,106.3,E,-1.43,3.19,-5.88,night
778502,2025-03-31,2025,COL,2025-03-31 15:05:00,15,6,1,7,4,18,5,17,296,81.1,3,48,0.0625,0.2353,3.0,5.0,1.0,11.0,142.0,85.2,53.0,0.2727,1.0,13.0,4.0,6.0,154.0,76.7,49.0,0.1667,76.8,24.9,59.0,1002.7,0.0,20.4,12.7,207.7,SW,20.28,18.43,19.69,day
778482,2025-04-02,2025,COL,2025-04-02 18:45:00,18,5,1,6,1,18,4,16,267,83.1,4,48,0.0833,0.0625,0.0,4.0,1.0,12.0,119.0,83.3,46.0,0.0,1.0,14.0,2.0,4.0,148.0,82.8,36.0,0.25,47.5,8.6,62.3,1027.0,0.0,14.6,9.1,127.3,SE,3.73,8.32,-1.31,night
778467,2025-04-03,2025,COL,2025-04-03 13:05:00,13,3,1,4,1,17,6,19,294,83.2,3,50,0.06,0.0526,1.0,7.0,4.0,11.0,155.0,84.2,46.0,0.0909,0.0,10.0,2.0,8.0,139.0,82.2,42.0,0.0,71.1,21.7,80.0,1016.7,0.0,25.8,16.1,223.3,SW,24.14,19.55,25.83,day
778459,2025-04-04,2025,LAD,2025-04-04 18:45:00,18,3,2,5,1,18,9,10,265,83.3,2,38,0.0526,0.1,0.0,7.0,4.0,5.0,129.0,84.1,38.0,0.0,1.0,11.0,4.0,5.0,136.0,82.5,39.0,0.2,64.5,18.1,59.0,1023.2,0.0,6.3,3.9,9.7,N,-6.11,-6.22,-5.27,night
778448,2025-04-05,2025,LAD,2025-04-05 16:05:00,16,1,3,4,2,11,4,11,256,87.6,6,51,0.1176,0.1818,0.0,8.0,2.0,4.0,124.0,88.0,37.0,0.0,2.0,3.0,2.0,7.0,132.0,87.2,39.0,0.2857,57.3,14.1,79.0,1016.5,0.0,7.6,4.7,64.0,NE,-5.67,-3.61,-7.04,day
778434,2025-04-06,2025,LAD,2025-04-06 13:35:00,13,8,7,15,3,17,13,15,306,84.6,1,48,0.0208,0.2,1.0,7.0,11.0,6.0,163.0,81.7,41.0,0.1667,2.0,10.0,2.0,9.0,143.0,87.5,41.0,0.2222,58.5,14.7,67.3,1010.6,0.0,12.2,7.6,350.3,N,-10.36,-11.96,-7.5,day
778320,2025-04-14,2025,SF,2025-04-14 18:45:00,18,4,10,14,4,24,6,20,346,83.3,3,50,0.06,0.2,1.0,13.0,4.0,8.0,167.0,84.2,43.0,0.125,3.0,11.0,2.0,12.0,179.0,82.6,55.0,0.25,61.8,16.5,63.3,1006.2,0.0,8.6,5.3,175.7,S,7.67,8.54,5.88,night
778313,2025-04-15,2025,SF,2025-04-15 18:45:00,18,6,4,10,2,10,6,18,296,83.7,3,56,0.0536,0.1111,2.0,2.0,4.0,10.0,148.0,84.0,52.0,0.2,0.0,8.0,2.0,8.0,148.0,83.4,48.0,0.0,56.0,13.3,44.3,1000.6,0.0,23.1,14.4,274.0,W,7.34,-0.61,14.4,night
778296,2025-04-16,2025,SF,2025-04-16 18:45:00,18,4,11,15,1,23,15,20,336,84.2,4,51,0.0784,0.05,1.0,13.0,6.0,7.0,161.0,82.0,44.0,0.1429,0.0,10.0,9.0,13.0,175.0,85.9,55.0,0.0,49.8,9.9,47.7,1011.8,0.0,18.9,11.7,300.3,NW,-2.58,-8.82,3.98,night
778279,2025-04-17,2025,SF,2025-04-17 16:05:00,16,6,4,10,2,21,7,12,255,83.2,4,40,0.1,0.1667,0.0,7.0,6.0,6.0,131.0,80.0,37.0,0.0,2.0,14.0,1.0,6.0,124.0,86.4,36.0,0.3333,59.5,15.3,34.7,1020.6,0.0,11.1,6.9,292.0,W,0.1,-3.72,3.9,day
778274,2025-04-18,2025,MIA,2025-04-18 18:45:00,18,7,2,9,3,22,6,14,292,79.6,3,43,0.0698,0.2143,2.0,6.0,4.0,9.0,166.0,80.9,59.0,0.2222,1.0,16.0,2.0,5.0,126.0,77.3,33.0,0.2,63.1,17.3,63.7,1018.1,0.0,19.8,12.3,178.7,S,18.14,19.79,14.31,night
778252,2025-04-19,2025,MIA,2025-04-19 13:05:00,13,11,10,21,2,9,7,33,348,84.6,7,74,0.0946,0.0606,0.0,7.0,4.0,18.0,193.0,83.9,72.0,0.0,2.0,2.0,3.0,15.0,155.0,85.4,62.0,0.1333,76.0,24.5,55.3,1016.4,0.0,17.6,10.9,223.0,SW,16.49,13.38,17.6,day
778248,2025-04-20,2025,MIA,2025-04-20 13:35:00,13,5,7,12,1,15,4,23,316,83.1,1,67,0.0149,0.0435,0.0,6.0,3.0,10.0,179.0,82.0,56.0,0.0,1.0,9.0,1.0,13.0,137.0,84.2,50.0,0.0769,70.2,21.2,20.0,1025.0,0.0,14.2,8.8,347.0,N,-11.53,-13.65,-8.02,day
778131,2025-04-29,2025,WSH,2025-04-29 18:45:00,18,7,6,13,4,22,2,20,319,85.0,5,53,0.0943,0.2,2.0,9.0,1.0,9.0,154.0,84.0,44.0,0.2222,2.0,13.0,1.0,11.0,165.0,85.7,55.0,0.1818,76.8,24.9,43.3,1014.0,0.0,22.8,14.2,201.0,S,22.83,21.65,21.24,night
778118,2025-04-30,2025,WSH,2025-04-30 18:45:00,18,7,2,9,3,14,6,15,253,84.1,4,51,0.0784,0.2,3.0,2.0,3.0,10.0,118.0,86.8,45.0,0.3,0.0,12.0,3.0,5.0,135.0,80.8,35.0,0.0,76.7,24.8,16.3,1016.2,0.0,11.0,6.8,354.9,N,-9.72,-10.87,-7.39,night
778099,2025-05-01,2025,WSH,2025-05-01 18:45:00,18,2,4,6,0,11,6,15,248,84.5,1,57,0.0175,0.0,0.0,7.0,2.0,9.0,118.0,84.3,46.0,0.0,0.0,4.0,4.0,6.0,130.0,84.7,50.0,0.0,70.8,21.5,56.0,1014.6,0.0,15.0,9.3,139.0,SE,6.69,10.88,1.7,night
778086,2025-05-02,2025,AZ,2025-05-02 18:45:00,18,3,2,5,2,12,2,16,233,86.7,3,52,0.0577,0.125,2.0,4.0,1.0,6.0,105.0,86.5,40.0,0.3333,0.0,8.0,1.0,10.0,128.0,86.9,38.0,0.0,82.8,28.2,34.7,1010.1,0.0,16.4,10.2,213.0,SW,16.09,14.1,16.14,night
778078,2025-05-03,2025,AZ,2025-05-03 18:05:00,18,7,2,9,3,19,3,18,309,83.2,4,50,0.08,0.1667,2.0,6.0,1.0,11.0,150.0,83.9,54.0,0.1818,1.0,13.0,1.0,7.0,159.0,82.4,52.0,0.1429,70.8,21.5,79.0,1011.2,4.1,12.6,7.8,206.8,SW,12.56,11.48,12.13,night
778059,2025-05-04,2025,AZ,2025-05-04 14:05:00,14,9,11,20,3,23,11,26,368,82.0,3,61,0.0492,0.1154,3.0,14.0,5.0,14.0,183.0,83.9,59.0,0.2143,0.0,9.0,6.0,12.0,185.0,80.3,64.0,0.0,67.2,19.6,86.0,1011.0,3.9,17.1,10.6,170.3,S,14.45,16.68,10.47,day
777953,2025-05-12,2025,STL,2025-05-12 18:45:00,18,2,3,5,2,18,4,14,266,84.9,5,50,0.1,0.1429,0.0,8.0,1.0,9.0,130.0,86.5,47.0,0.0,2.0,10.0,3.0,5.0,136.0,82.9,40.0,0.4,76.3,24.6,46.7,1020.9,0.0,13.8,8.6,182.3,S,12.96,13.8,10.55,night
777922,2025-05-14,2025,STL,2025-05-14 13:05:00,13,2,1,3,0,15,7,13,279,82.1,0,45,0.0,0.0,0.0,5.0,4.0,7.0,143.0,82.8,50.0,0.0,0.0,10.0,3.0,6.0,136.0,81.2,40.0,0.0,67.2,19.5,82.7,1013.6,0.5,19.1,11.8,93.0,E,-6.36,0.17,-12.13,day
777933,2025-05-14,2025,STL,2025-05-13 18:45:00,18,7,14,21,6,17,6,29,360,83.4,5,66,0.0758,0.2069,3.0,11.0,3.0,10.0,167.0,82.4,59.0,0.3,3.0,6.0,3.0,19.0,193.0,84.2,79.0,0.1579,64.6,18.1,88.3,1017.8,1.9,15.5,9.6,108.3,E,-1.12,4.22,-6.33,night
777905,2025-05-16,2025,PIT,2025-05-16 18:45:00,18,8,4,12,1,12,13,16,313,81.3,2,53,0.0377,0.0625,0.0,4.0,8.0,9.0,172.0,81.1,60.0,0.0,1.0,8.0,5.0,7.0,141.0,81.5,47.0,0.1429,76.2,24.6,84.7,1004.8,0.0,8.4,5.2,208.1,SW,8.33,7.55,8.1,night
777894,2025-05-17,2025,PIT,2025-05-17 18:05:00,18,5,2,7,2,18,6,14,305,80.4,2,46,0.0435,0.1429,1.0,7.0,4.0,10.0,165.0,83.3,60.0,0.1,1.0,11.0,2.0,4.0,140.0,76.3,42.0,0.25,77.8,25.5,50.0,998.9,0.0,15.0,9.3,251.3,W,9.85,5.4,13.11,night
777880,2025-05-18,2025,PIT,2025-05-18 13:35:00,13,1,0,1,0,23,2,9,227,81.6,0,35,0.0,0.0,0.0,9.0,1.0,3.0,102.0,80.4,29.0,0.0,0.0,14.0,1.0,6.0,125.0,82.7,33.0,0.0,74.3,23.5,40.3,1004.1,0.1,24.8,15.4,283.3,W,3.96,-4.67,12.1,day
777748,2025-05-27,2025,ATL,2025-05-27 18:45:00,18,2,0,2,0,22,11,10,297,81.9,0,39,0.0,0.0,0.0,11.0,7.0,5.0,154.0,82.8,40.0,0.0,0.0,11.0,4.0,5.0,143.0,81.1,49.0,0.0,67.6,19.8,45.3,1025.7,0.0,11.5,7.2,199.3,S,11.52,11.04,10.6,night
777723,2025-05-29,2025,ATL,2025-05-29 18:45:00,18,3,9,12,2,19,12,15,354,81.5,4,50,0.08,0.1333,0.0,12.0,4.0,7.0,167.0,79.6,54.0,0.0,2.0,7.0,8.0,8.0,187.0,83.1,63.0,0.25,70.8,21.5,69.3,1013.4,0.0,8.2,5.1,252.4,W,5.28,2.82,7.11,night
777735,2025-05-29,2025,ATL,2025-05-28 18:45:00,18,5,4,9,3,15,9,23,311,84.9,10,54,0.1852,0.1304,2.0,7.0,4.0,10.0,155.0,82.6,49.0,0.2,1.0,8.0,5.0,13.0,156.0,87.4,45.0,0.0769,55.9,13.3,96.3,1020.2,8.4,15.9,9.9,67.3,NE,-11.3,-6.78,-14.46,night
777715,2025-05-30,2025,MIL,2025-05-30 18:45:00,18,2,6,8,3,17,5,16,303,82.0,3,53,0.0566,0.1875,1.0,4.0,1.0,4.0,115.0,82.5,43.0,0.25,2.0,13.0,4.0,12.0,188.0,81.7,55.0,0.1667,72.4,22.4,73.0,998.3,3.0,5.4,3.3,188.6,S,5.21,5.34,4.46,night
777702,2025-05-31,2025,MIL,2025-05-31 16:05:00,16,7,17,24,5,15,3,33,312,85.8,8,70,0.1143,0.1515,2.0,8.0,0.0,10.0,134.0,85.8,50.0,0.2,3.0,7.0,3.0,23.0,178.0,85.9,64.0,0.1304,65.7,18.7,61.7,994.9,1.4,17.1,10.6,287.3,W,1.54,-4.37,7.26,day
777688,2025-06-01,2025,MIL,2025-06-01 13:35:00,13,2,5,7,0,10,6,15,276,82.8,0,58,0.0,0.0,0.0,5.0,4.0,6.0,129.0,84.2,43.0,0.0,0.0,5.0,2.0,9.0,147.0,81.7,52.0,0.0,66.8,19.3,37.7,1008.0,0.0,21.1,13.1,273.7,W,6.8,-0.43,13.21,day
777578,2025-06-09,2025,CHC,2025-06-09 18:45:00,18,4,3,7,2,11,6,21,306,82.1,7,68,0.1029,0.0952,0.0,2.0,2.0,16.0,125.0,80.2,57.0,0.0,2.0,9.0,3.0,5.0,181.0,83.8,67.0,0.4,74.1,23.4,77.0,1009.6,0.0,7.6,4.7,85.3,E,-3.47,-0.95,-5.57,night
777571,2025-06-10,2025,CHC,2025-06-10 18:45:00,18,4,8,12,5,17,6,23,336,84.2,3,58,0.0517,0.2174,1.0,10.0,1.0,10.0,156.0,83.5,56.0,0.1,4.0,7.0,5.0,13.0,180.0,84.9,57.0,0.3077,77.3,25.2,59.0,1011.5,0.0,9.6,5.9,250.4,W,6.42,3.6,8.46,night
777553,2025-06-11,2025,CHC,2025-06-11 13:05:00,13,7,2,9,2,20,4,18,285,83.7,3,48,0.0625,0.1111,2.0,9.0,3.0,10.0,135.0,85.6,42.0,0.2,0.0,11.0,1.0,8.0,150.0,82.2,57.0,0.0,81.9,27.7,40.3,1018.4,0.0,11.8,7.3,254.3,W,7.29,3.68,10.02,day
777531,2025-06-13,2025,TOR,2025-06-13 18:45:00,18,8,0,8,1,17,8,16,275,83.0,2,48,0.0417,0.0625,1.0,10.0,5.0,10.0,152.0,88.8,42.0,0.1,0.0,7.0,3.0,6.0,123.0,77.7,46.0,0.0,79.5,26.4,48.3,1016.8,0.0,11.3,7.0,109.3,E,-0.63,3.28,-4.46,night
777509,2025-06-14,2025,TOR,2025-06-14 16:05:00,16,3,2,5,1,13,5,9,273,80.2,3,46,0.0652,0.1111,1.0,6.0,5.0,4.0,156.0,78.7,57.0,0.25,0.0,7.0,0.0,5.0,117.0,82.1,45.0,0.0,70.3,21.3,75.7,1016.4,0.3,10.8,6.7,55.0,NE,-9.08,-6.55,-10.51,day
777499,2025-06-15,2025,TOR,2025-06-15 13:35:00,13,11,4,15,2,16,7,26,326,83.3,2,57,0.0351,0.0769,2.0,6.0,4.0,18.0,185.0,83.4,71.0,0.1111,0.0,10.0,2.0,8.0,141.0,83.1,52.0,0.0,67.0,19.5,77.3,1019.9,0.1,11.0,6.9,72.7,E,-7.07,-3.74,-9.54,day
777437,2025-06-20,2025,NYM,2025-06-20 19:15:00,19,10,2,12,3,18,8,20,318,82.6,5,51,0.098,0.15,1.0,8.0,5.0,13.0,163.0,83.4,48.0,0.0769,2.0,10.0,3.0,7.0,155.0,81.7,42.0,0.2857,76.9,24.9,66.3,1015.7,0.0,9.0,5.6,239.6,SW,7.21,4.91,8.63,night
777423,2025-06-21,2025,NYM,2025-06-21 19:15:00,19,4,11,15,7,13,5,23,340,84.2,8,64,0.125,0.3043,0.0,7.0,2.0,8.0,146.0,84.3,48.0,0.0,7.0,6.0,3.0,15.0,194.0,84.1,72.0,0.4667,81.3,27.4,63.3,1018.5,0.0,8.8,5.4,202.7,SW,8.77,8.23,8.25,night
777405,2025-06-22,2025,NYM,2025-06-22 19:10:00,19,7,1,8,3,17,4,14,272,85.0,3,47,0.0638,0.2143,2.0,8.0,3.0,10.0,137.0,86.3,44.0,0.2,1.0,9.0,1.0,4.0,135.0,83.5,38.0,0.25,85.9,29.9,71.7,1016.2,0.0,9.1,5.6,225.3,SW,8.36,6.65,9.06,night
777306,2025-06-30,2025,SD,2025-06-30 18:35:00,18,4,0,4,1,15,6,13,257,80.1,2,46,0.0435,0.0769,1.0,5.0,6.0,6.0,141.0,79.9,46.0,0.1667,0.0,10.0,0.0,7.0,116.0,80.4,43.0,0.0,81.6,27.5,84.3,1012.5,0.1,8.9,5.6,206.0,SW,8.92,8.19,8.57,night
777273,2025-07-02,2025,SD,2025-07-02 13:05:00,13,4,6,10,1,16,10,17,313,82.6,1,53,0.0189,0.0588,1.0,9.0,1.0,12.0,142.0,82.2,66.0,0.0833,0.0,7.0,9.0,5.0,171.0,83.1,50.0,0.0,80.6,27.0,71.3,1011.6,0.3,4.4,2.8,238.4,SW,3.59,2.48,4.26,day
777290,2025-07-02,2025,SD,2025-07-01 18:35:00,18,5,1,6,2,15,6,16,276,81.0,2,51,0.0392,0.125,2.0,6.0,3.0,10.0,154.0,80.3,52.0,0.2,0.0,9.0,2.0,6.0,122.0,81.8,43.0,0.0,77.2,25.1,91.3,1009.7,3.6,9.1,5.7,220.2,SW,8.67,7.2,9.09,night
777255,2025-07-04,2025,CIN,2025-07-04 13:05:00,13,6,9,15,1,18,7,25,331,83.7,5,60,0.0833,0.04,1.0,6.0,2.0,14.0,163.0,84.8,65.0,0.0714,0.0,12.0,5.0,11.0,168.0,81.9,41.0,0.0,82.4,28.0,41.3,1018.4,0.0,5.0,3.1,348.1,N,-4.1,-4.81,-2.89,day
777233,2025-07-05,2025,CIN,2025-07-05 16:05:00,16,5,1,6,4,18,4,13,256,84.6,4,47,0.0851,0.3077,3.0,11.0,2.0,5.0,115.0,86.8,38.0,0.6,1.0,7.0,2.0,8.0,141.0,82.9,48.0,0.125,86.8,30.4,35.3,1018.9,0.0,10.5,6.5,207.0,SW,10.47,9.55,10.12,day
777217,2025-07-06,2025,CIN,2025-07-06 13:35:00,13,3,1,4,2,26,6,8,278,80.3,2,33,0.0606,0.25,1.0,14.0,6.0,7.0,170.0,79.0,50.0,0.1429,1.0,12.0,0.0,1.0,108.0,82.4,30.0,1.0,89.4,31.9,41.7,1017.1,0.0,13.6,8.5,202.3,S,13.6,12.79,12.77,day
777106,2025-07-18,2025,LAA,2025-07-18 18:45:00,18,5,6,11,6,19,7,17,306,83.4,8,50,0.16,0.3529,3.0,7.0,3.0,7.0,136.0,83.5,46.0,0.4286,3.0,12.0,4.0,10.0,170.0,83.3,51.0,0.3,82.6,28.1,49.7,1017.0,0.0,6.4,4.0,5.3,N,-6.11,-6.39,-5.1,night
777089,2025-07-19,2025,LAA,2025-07-19 18:05:00,18,9,5,14,5,23,8,21,308,85.2,5,46,0.1087,0.2381,2.0,11.0,7.0,9.0,163.0,84.5,47.0,0.2222,3.0,12.0,1.0,12.0,145.0,85.8,53.0,0.25,80.3,26.8,76.3,1014.2,0.4,5.3,3.3,142.0,SE,2.63,4.06,0.88,night
777078,2025-07-20,2025,LAA,2025-07-20 13:35:00,13,2,8,10,2,12,8,20,297,83.9,6,61,0.0984,0.1,1.0,6.0,2.0,6.0,115.0,84.0,44.0,0.1667,1.0,6.0,6.0,14.0,182.0,83.9,68.0,0.0714,87.3,30.7,64.0,1008.1,0.0,9.4,5.9,258.7,W,5.25,2.26,7.62,day
777063,2025-07-21,2025,BOS,2025-07-21 18:45:00,18,3,2,5,1,24,5,15,302,84.8,1,44,0.0227,0.0667,0.0,8.0,2.0,7.0,139.0,86.0,51.0,0.0,1.0,16.0,2.0,8.0,163.0,83.6,47.0,0.125,83.3,28.5,43.0,1012.1,0.0,8.2,5.1,354.7,N,-7.25,-8.12,-5.5,night
777045,2025-07-22,2025,BOS,2025-07-22 18:45:00,18,4,1,5,3,20,2,11,249,83.8,3,41,0.0732,0.2727,2.0,8.0,2.0,7.0,143.0,82.2,53.0,0.2857,1.0,12.0,0.0,4.0,106.0,86.6,28.0,0.25,78.9,26.0,52.0,1018.8,0.0,12.8,8.0,94.7,E,-3.93,0.48,-7.87,night
777038,2025-07-23,2025,BOS,2025-07-23 19:10:00,19,8,9,17,7,23,7,18,345,84.0,6,59,0.1017,0.3889,5.0,7.0,1.0,11.0,151.0,85.2,60.0,0.4545,2.0,16.0,6.0,7.0,194.0,82.9,61.0,0.2857,77.7,25.4,55.0,1022.5,0.0,11.8,7.4,185.1,S,11.29,11.82,9.4,night
776913,2025-08-01,2025,DET,2025-08-01 18:45:00,18,5,4,9,2,16,4,13,256,83.4,5,49,0.102,0.1538,0.0,11.0,4.0,8.0,148.0,82.9,40.0,0.0,2.0,5.0,0.0,5.0,108.0,84.0,40.0,0.4,72.7,22.6,72.0,1021.2,0.0,8.8,5.4,64.3,NE,-6.53,-4.14,-8.14,night
776912,2025-08-02,2025,DET,2025-08-02 16:05:00,16,5,7,12,6,25,2,20,295,82.5,6,48,0.125,0.3,2.0,13.0,0.0,8.0,135.0,81.6,49.0,0.25,4.0,12.0,2.0,12.0,160.0,83.4,51.0,0.3333,78.0,25.5,43.3,1021.3,0.0,8.0,5.0,78.7,E,-4.43,-1.9,-6.43,day
776890,2025-08-03,2025,DET,2025-08-03 19:10:00,19,2,0,2,1,14,2,10,207,86.4,3,45,0.0667,0.1,1.0,7.0,0.0,5.0,110.0,85.5,48.0,0.2,0.0,7.0,1.0,5.0,97.0,87.8,32.0,0.0,75.7,24.3,57.0,1019.1,0.0,7.0,4.3,100.3,E,-1.48,0.95,-3.73,night
776877,2025-08-04,2025,BAL,2025-08-04 18:45:00,18,13,3,16,8,22,3,18,290,83.7,7,47,0.1489,0.4444,6.0,9.0,2.0,13.0,152.0,85.4,42.0,0.4615,2.0,13.0,1.0,5.0,138.0,81.7,37.0,0.4,82.7,28.2,42.0,1019.3,0.0,8.6,5.4,161.7,S,6.53,8.07,4.21,night
776868,2025-08-05,2025,BAL,2025-08-05 18:45:00,18,5,0,5,2,19,1,15,260,83.6,2,45,0.0444,0.1333,2.0,9.0,1.0,10.0,138.0,82.1,46.0,0.2,0.0,10.0,0.0,5.0,122.0,85.4,38.0,0.0,81.1,27.3,46.0,1024.4,0.0,9.9,6.2,148.3,SE,5.8,8.19,2.7,night
776851,2025-08-06,2025,BAL,2025-08-06 12:35:00,12,1,5,6,1,15,3,19,263,82.2,1,54,0.0185,0.0526,0.0,11.0,3.0,9.0,148.0,83.0,55.0,0.0,1.0,4.0,0.0,10.0,115.0,81.3,47.0,0.1,80.4,26.9,56.0,1028.0,0.1,10.1,6.3,88.4,E,-4.12,-0.73,-7.01,day
776689,2025-08-18,2025,SEA,2025-08-18 18:45:00,18,12,7,19,6,18,3,31,314,84.3,5,64,0.0781,0.1935,4.0,4.0,2.0,22.0,163.0,87.4,74.0,0.1818,2.0,14.0,1.0,9.0,151.0,79.1,46.0,0.2222,70.9,21.6,74.0,1019.7,0.0,10.4,6.4,77.0,E,-6.02,-2.77,-8.54,night
776680,2025-08-19,2025,SEA,2025-08-19 18:45:00,18,6,4,10,3,21,7,14,268,83.6,7,44,0.1591,0.2143,3.0,6.0,3.0,7.0,131.0,85.5,52.0,0.4286,0.0,15.0,4.0,7.0,137.0,80.4,32.0,0.0,70.7,21.5,68.0,1018.7,0.0,10.5,6.5,99.3,E,-2.4,1.26,-5.76,night
776662,2025-08-20,2025,SEA,2025-08-20 13:05:00,13,11,2,13,4,22,6,25,329,85.6,5,52,0.0962,0.16,2.0,5.0,5.0,20.0,194.0,87.2,65.0,0.1,2.0,17.0,1.0,5.0,135.0,82.7,36.0,0.4,76.5,24.7,78.3,1014.4,0.4,11.5,7.1,81.0,E,-5.99,-2.29,-8.98,day
776648,2025-08-22,2025,WSH,2025-08-22 18:45:00,18,4,5,9,3,19,6,16,282,82.3,2,48,0.0417,0.1875,2.0,10.0,2.0,8.0,138.0,83.2,48.0,0.25,1.0,9.0,4.0,8.0,144.0,81.6,53.0,0.125,75.9,24.4,49.0,1015.9,0.0,7.5,4.6,204.0,SW,7.46,6.95,7.08,night
776628,2025-08-23,2025,WSH,2025-08-23 18:05:00,18,6,4,10,4,17,4,17,286,86.0,4,50,0.08,0.2353,2.0,5.0,3.0,8.0,146.0,84.5,51.0,0.25,2.0,12.0,1.0,9.0,140.0,87.8,42.0,0.2222,75.4,24.1,52.0,1015.6,0.0,15.1,9.4,163.3,S,11.73,14.3,7.76,night
776613,2025-08-24,2025,WSH,2025-08-24 13:35:00,13,3,2,5,1,21,7,12,292,82.4,3,42,0.0714,0.0833,0.0,9.0,5.0,7.0,164.0,82.6,53.0,0.0,1.0,12.0,2.0,5.0,128.0,82.1,42.0,0.2,82.9,28.3,47.3,1012.4,0.0,12.7,7.9,177.7,S,11.56,12.69,9.03,day
776560,2025-08-28,2025,ATL,2025-08-28 18:45:00,18,19,4,23,8,9,7,26,309,82.4,9,66,0.1364,0.3077,7.0,3.0,4.0,20.0,169.0,83.0,72.0,0.35,1.0,6.0,3.0,6.0,140.0,81.4,49.0,0.1667,73.6,23.1,41.0,1017.2,0.0,11.8,7.4,189.0,S,11.51,11.76,9.87,night
776552,2025-08-29,2025,ATL,2025-08-29 18:45:00,18,2,1,3,0,9,5,18,274,82.0,1,58,0.0172,0.0,0.0,3.0,3.0,6.0,129.0,81.4,46.0,0.0,0.0,6.0,2.0,12.0,145.0,82.4,57.0,0.0,76.6,24.8,35.0,1013.0,0.0,14.2,8.8,291.0,W,0.37,-4.5,5.19,night
776532,2025-08-30,2025,ATL,2025-08-30 18:05:00,18,3,2,5,1,25,2,15,278,83.7,1,46,0.0217,0.0667,1.0,15.0,2.0,6.0,140.0,81.0,43.0,0.1667,0.0,10.0,0.0,9.0,138.0,85.9,53.0,0.0,73.7,23.2,31.3,1017.7,0.0,8.9,5.5,322.7,NW,-4.46,-6.81,-1.57,night
776522,2025-08-31,2025,ATL,2025-08-31 19:10:00,19,1,3,4,2,23,8,11,302,79.6,2,42,0.0476,0.1818,1.0,13.0,3.0,5.0,145.0,82.7,50.0,0.2,1.0,10.0,3.0,6.0,157.0,76.7,51.0,0.1667,74.5,23.6,37.3,1021.2,0.0,10.6,6.6,67.9,E,-7.46,-4.42,-9.6,night
776405,2025-09-08,2025,NYM,2025-09-08 18:45:00,18,1,0,1,0,19,6,12,258,84.4,3,41,0.0732,0.0,0.0,8.0,3.0,7.0,120.0,87.1,36.0,0.0,0.0,11.0,3.0,5.0,138.0,82.3,46.0,0.0,67.2,19.6,58.3,1023.2,0.0,5.0,3.1,45.4,NE,-4.58,-3.64,-4.96,night
776404,2025-09-09,2025,NYM,2025-09-09 18:45:00,18,9,3,12,4,22,4,21,332,81.8,7,48,0.1458,0.1905,3.0,8.0,1.0,13.0,171.0,81.7,71.0,0.2308,1.0,14.0,3.0,8.0,161.0,82.0,43.0,0.125,67.6,19.8,60.3,1022.7,0.0,12.6,7.8,64.7,NE,-9.31,-5.87,-11.64,night
776384,2025-09-10,2025,NYM,2025-09-10 18:45:00,18,11,3,14,3,21,7,23,311,85.1,5,52,0.0962,0.1304,2.0,12.0,4.0,14.0,158.0,84.8,48.0,0.1429,1.0,9.0,3.0,9.0,153.0,85.3,50.0,0.1111,67.4,19.7,77.0,1018.5,0.0,6.5,4.0,37.0,NE,-6.26,-5.33,-6.44,night
776371,2025-09-11,2025,NYM,2025-09-11 19:15:00,19,6,4,10,1,23,3,16,246,83.9,3,42,0.0714,0.0625,1.0,10.0,3.0,11.0,138.0,83.3,44.0,0.0909,0.0,13.0,0.0,5.0,108.0,84.7,28.0,0.0,72.9,22.7,51.0,1018.8,0.0,5.3,3.3,65.9,NE,-3.88,-2.39,-4.9,night
776354,2025-09-12,2025,KC,2025-09-12 18:45:00,18,8,2,10,2,13,6,21,310,82.8,6,55,0.1091,0.0952,2.0,7.0,4.0,14.0,157.0,83.4,55.0,0.1429,0.0,6.0,2.0,7.0,153.0,82.3,61.0,0.0,76.6,24.8,45.7,1020.4,0.0,8.0,5.0,88.0,E,-3.31,-0.63,-5.59,night
776342,2025-09-13,2025,KC,2025-09-13 18:05:00,18,8,6,14,4,14,6,22,291,85.7,2,58,0.0345,0.1818,2.0,8.0,4.0,12.0,144.0,85.8,44.0,0.1667,2.0,6.0,2.0,10.0,147.0,85.7,55.0,0.2,76.5,24.7,51.7,1016.3,0.0,13.2,8.2,192.7,S,12.97,12.96,11.42,night
776334,2025-09-14,2025,KC,2025-09-14 13:35:00,13,3,10,13,6,14,6,17,292,85.7,12,56,0.2143,0.3529,3.0,7.0,2.0,5.0,123.0,81.8,37.0,0.6,3.0,7.0,4.0,12.0,169.0,88.1,60.0,0.25,85.8,29.9,31.3,1015.6,0.0,7.5,4.7,38.0,NE,-7.23,-6.11,-7.48,day
776215,2025-09-23,2025,MIA,2025-09-23 18:45:00,18,5,6,11,4,20,5,19,349,81.7,4,63,0.0635,0.2105,2.0,9.0,2.0,9.0,179.0,84.6,59.0,0.2222,2.0,11.0,2.0,10.0,170.0,79.1,64.0,0.2,78.0,25.5,66.3,1013.9,0.0,11.0,6.9,187.3,S,10.65,10.99,9.02,night
776201,2025-09-24,2025,MIA,2025-09-24 18:45:00,18,11,1,12,8,21,3,17,270,84.8,6,46,0.1304,0.4706,8.0,11.0,3.0,12.0,143.0,86.4,52.0,0.6667,0.0,10.0,0.0,5.0,127.0,82.7,42.0,0.0,71.7,22.0,93.7,1014.9,0.4,6.9,4.3,168.5,S,5.75,6.73,4.08,night
776188,2025-09-25,2025,MIA,2025-09-25 18:05:00,18,1,0,1,0,16,7,12,258,82.2,1,45,0.0222,0.0,0.0,10.0,2.0,7.0,127.0,83.4,48.0,0.0,0.0,6.0,5.0,5.0,131.0,80.9,46.0,0.0,74.6,23.7,90.3,1007.1,0.1,15.6,9.7,215.3,SW,15.24,13.14,15.51,night
776176,2025-09-26,2025,MIN,2025-09-26 18:45:00,18,3,1,4,2,23,2,11,256,83.1,0,40,0.0,0.1818,1.0,12.0,2.0,7.0,143.0,82.3,44.0,0.1429,1.0,11.0,0.0,4.0,113.0,84.2,35.0,0.25,74.2,23.4,72.0,1010.4,0.0,4.6,2.9,278.7,W,1.11,-0.5,2.58,night
776163,2025-09-27,2025,MIN,2025-09-27 18:05:00,18,0,5,5,3,24,3,18,285,82.9,2,45,0.0444,0.1667,0.0,13.0,1.0,7.0,126.0,82.1,42.0,0.0,3.0,11.0,2.0,11.0,159.0,83.5,55.0,0.2727,73.3,22.9,77.7,1013.8,0.5,5.2,3.3,118.7,SE,0.56,2.31,-1.25,night
776141,2025-09-28,2025,MIN,2025-09-28 15:05:00,15,2,1,3,1,27,5,8,285,81.7,1,39,0.0256,0.125,1.0,11.0,1.0,3.0,140.0,82.4,48.0,0.3333,0.0,16.0,4.0,5.0,145.0,80.8,32.0,0.0,81.1,27.3,56.3,1017.9,0.0,5.0,3.1,294.7,NW,-0.19,-1.89,1.53,day
