game_pk,game_date,season,away_team,game_start,start_hour,home_runs_scored,away_runs_scored,total_runs,home_runs_hit,strikeouts,walks,hits,total_pitches,avg_exit_velocity,n_barrels,n_bbe,barrel_rate,hr_h_ratio,home_bat_hr,home_bat_k,home_bat_bb,home_bat_h,home_bat_pitches,home_bat_exit_velo,home_bat_bbe,home_bat_hr_h_ratio,away_bat_hr,away_bat_k,away_bat_bb,away_bat_h,away_bat_pitches,away_bat_exit_velo,away_bat_bbe,away_bat_hr_h_ratio,temp_f,temp_c,rhum,pres,prcp,wspd,wspd_mph,wdir,wind_dir_bucket,wind_cf,wind_lcf,wind_rcf,day_night
413651,2015-04-06,2015,BAL,2015-04-06 15:10:00,15,2,6,8,4,19,5,16,295,87.1,3,47,0.0638,0.25,1.0,8.0,3.0,8.0,141.0,86.4,30.0,0.125,3.0,11.0,2.0,8.0,154.0,87.8,29.0,0.375,78.8,26.0,67.3,1017.5,0.0,3.8,2.4,3.6,N,-2.87,-3.57,-1.83,day
413666,2015-04-07,2015,BAL,2015-04-07 19:10:00,19,5,6,11,3,16,10,11,327,89.3,4,46,0.087,0.2727,2.0,11.0,4.0,5.0,176.0,89.5,28.0,0.4,1.0,5.0,6.0,6.0,151.0,89.1,28.0,0.1667,76.2,24.6,76.7,1018.5,0.0,13.6,8.4,312.7,NW,0.56,-4.11,5.16,night
413673,2015-04-08,2015,BAL,2015-04-08 19:10:00,19,2,0,2,0,20,9,8,293,86.5,0,34,0.0,0.0,0.0,7.0,8.0,5.0,151.0,86.0,29.0,0.0,0.0,13.0,1.0,3.0,142.0,87.1,22.0,0.0,77.2,25.1,76.7,1016.4,0.0,12.7,7.9,322.3,NW,-1.62,-5.83,2.79,night
413799,2015-04-17,2015,NYY,2015-04-17 19:10:00,19,4,5,9,5,18,9,13,349,85.0,6,47,0.1277,0.3846,2.0,9.0,3.0,8.0,165.0,82.9,31.0,0.25,3.0,9.0,6.0,5.0,184.0,87.3,30.0,0.6,77.1,25.1,80.3,1013.2,0.0,7.1,4.4,251.0,W,6.38,4.93,7.06,night
413814,2015-04-18,2015,NYY,2015-04-18 19:10:00,19,0,9,9,1,21,7,13,303,86.4,1,45,0.0222,0.0769,0.0,10.0,2.0,3.0,129.0,82.9,26.0,0.0,1.0,11.0,5.0,10.0,174.0,89.8,26.0,0.1,77.6,25.3,83.0,1012.1,0.0,10.1,6.3,281.3,W,5.58,2.38,8.11,night
413829,2015-04-19,2015,NYY,2015-04-19 13:10:00,13,3,5,8,1,17,8,20,331,86.6,1,54,0.0185,0.05,1.0,11.0,2.0,9.0,153.0,88.3,28.0,0.1111,0.0,6.0,6.0,11.0,178.0,85.4,38.0,0.0,82.6,28.1,68.3,1011.1,0.0,22.5,14.0,205.0,SW,21.14,22.5,17.24,day
413845,2015-04-21,2015,BOS,2015-04-21 19:10:00,19,0,1,1,0,16,6,12,268,83.5,1,47,0.0213,0.0,0.0,5.0,4.0,4.0,117.0,82.7,29.0,0.0,0.0,11.0,2.0,8.0,151.0,84.2,32.0,0.0,76.0,24.5,70.3,1012.1,0.0,10.4,6.5,293.0,NW,3.9,0.36,6.96,night
413860,2015-04-22,2015,BOS,2015-04-22 19:10:00,19,7,5,12,4,18,7,20,300,87.7,3,50,0.06,0.2,2.0,10.0,3.0,12.0,134.0,83.5,28.0,0.1667,2.0,8.0,4.0,8.0,166.0,91.1,35.0,0.25,77.2,25.1,69.7,1012.3,0.0,10.3,6.4,294.0,NW,3.69,0.18,6.76,night
413875,2015-04-23,2015,BOS,2015-04-23 19:10:00,19,2,1,3,0,15,7,9,271,88.8,1,47,0.0213,0.0,0.0,10.0,4.0,6.0,146.0,91.0,25.0,0.0,0.0,5.0,3.0,3.0,125.0,87.0,29.0,0.0,77.5,25.3,81.3,1011.8,0.0,8.0,5.0,262.0,W,6.39,4.36,7.65,night
413898,2015-04-24,2015,TOR,2015-04-24 19:10:00,19,12,3,15,5,14,3,19,283,89.2,5,57,0.0877,0.2632,3.0,6.0,2.0,13.0,154.0,87.8,39.0,0.2308,2.0,8.0,1.0,6.0,129.0,91.1,27.0,0.3333,78.7,25.9,70.7,1012.0,0.0,6.5,4.1,308.0,NW,0.8,-1.47,2.97,night
413913,2015-04-25,2015,TOR,2015-04-25 18:10:00,18,4,2,6,1,19,4,15,267,88.4,1,45,0.0222,0.0667,0.0,9.0,3.0,9.0,135.0,87.4,30.0,0.0,1.0,10.0,1.0,6.0,132.0,89.5,27.0,0.1667,80.7,27.0,74.3,1008.3,0.0,11.9,7.4,247.4,SW,11.0,8.79,11.89,night
413928,2015-04-26,2015,TOR,2015-04-26 13:10:00,13,5,1,6,1,15,4,18,247,87.6,3,53,0.0566,0.0556,1.0,6.0,3.0,13.0,121.0,86.0,35.0,0.0769,0.0,9.0,1.0,5.0,126.0,89.4,30.0,0.0,82.5,28.1,77.3,1007.5,1.3,24.7,15.3,266.3,W,18.55,11.85,23.01,day
414078,2015-05-07,2015,TEX,2015-05-07 19:10:00,19,4,5,9,1,23,6,14,309,86.9,0,45,0.0,0.0714,1.0,9.0,1.0,7.0,135.0,85.0,28.0,0.1429,0.0,14.0,5.0,7.0,174.0,89.3,23.0,0.0,76.9,24.9,56.0,1014.0,0.0,12.5,7.8,308.3,NW,1.45,-2.88,5.61,night
414093,2015-05-08,2015,TEX,2015-05-08 19:10:00,19,8,2,10,3,18,5,15,304,86.8,5,49,0.102,0.2,2.0,6.0,2.0,9.0,147.0,85.4,31.0,0.2222,1.0,12.0,3.0,6.0,157.0,88.6,24.0,0.1667,77.6,25.3,59.3,1014.1,0.0,12.5,7.8,295.7,NW,4.14,-0.15,7.92,night
414108,2015-05-09,2015,TEX,2015-05-09 18:10:00,18,7,2,9,4,12,7,18,319,89.2,7,56,0.125,0.2222,3.0,4.0,4.0,10.0,165.0,90.3,31.0,0.3,1.0,8.0,3.0,8.0,154.0,88.2,31.0,0.125,79.5,26.4,59.7,1014.9,0.0,14.2,8.8,288.7,W,6.31,1.57,10.3,night
414123,2015-05-10,2015,TEX,2015-05-10 13:10:00,13,1,2,3,1,19,6,13,295,86.6,2,46,0.0435,0.0769,0.0,10.0,2.0,5.0,149.0,87.3,26.0,0.0,1.0,9.0,4.0,8.0,146.0,86.0,27.0,0.125,83.8,28.8,53.0,1017.1,0.0,12.1,7.5,265.0,W,9.27,6.05,11.37,day
414129,2015-05-11,2015,NYY,2015-05-11 19:10:00,19,5,11,16,7,20,3,21,279,92.2,5,52,0.0962,0.3333,2.0,11.0,2.0,7.0,142.0,91.8,22.0,0.2857,5.0,9.0,1.0,14.0,137.0,92.5,36.0,0.3571,80.3,26.8,73.7,1016.6,1.4,9.4,5.8,333.1,NW,-2.91,-5.78,0.31,night
414141,2015-05-12,2015,NYY,2015-05-12 19:10:00,19,4,2,6,0,16,5,14,244,86.7,0,46,0.0,0.0,0.0,7.0,2.0,6.0,112.0,87.7,24.0,0.0,0.0,9.0,2.0,8.0,132.0,85.9,28.0,0.0,81.5,27.5,72.0,1017.9,0.0,3.2,2.0,88.9,E,-2.28,-1.39,-2.9,night
414156,2015-05-13,2015,NYY,2015-05-13 19:10:00,19,3,2,5,1,22,3,17,269,87.8,2,44,0.0455,0.0588,1.0,10.0,1.0,7.0,104.0,86.2,20.0,0.1429,0.0,12.0,2.0,10.0,165.0,89.0,29.0,0.0,82.5,28.1,67.7,1016.4,0.0,11.3,7.0,334.7,NW,-3.8,-7.21,0.07,night
414168,2015-05-14,2015,NYY,2015-05-14 19:10:00,19,6,1,7,2,14,6,15,271,90.5,3,49,0.0612,0.1333,1.0,6.0,4.0,10.0,141.0,89.6,35.0,0.1,1.0,8.0,2.0,5.0,130.0,91.7,24.0,0.2,82.3,27.9,69.3,1017.1,0.0,13.7,8.5,86.3,E,-10.26,-6.56,-12.73,night
414264,2015-05-21,2015,ATH,2015-05-21 19:10:00,19,3,0,3,1,17,3,13,293,84.4,1,47,0.0213,0.0769,1.0,8.0,1.0,7.0,140.0,83.1,28.0,0.1429,0.0,9.0,2.0,6.0,153.0,85.6,29.0,0.0,81.2,27.3,75.7,1013.0,0.0,13.7,8.5,295.3,NW,4.61,-0.08,8.74,night
414277,2015-05-22,2015,ATH,2015-05-22 19:10:00,19,5,2,7,4,17,7,21,302,84.7,6,54,0.1111,0.1905,3.0,5.0,3.0,12.0,144.0,83.4,33.0,0.25,1.0,12.0,4.0,9.0,158.0,86.1,29.0,0.1111,83.1,28.4,65.0,1017.2,0.0,5.5,3.4,289.6,W,2.37,0.52,3.94,night
414292,2015-05-23,2015,ATH,2015-05-23 16:10:00,16,0,5,5,0,15,10,16,313,84.9,1,52,0.0192,0.0,0.0,9.0,3.0,6.0,132.0,84.6,25.0,0.0,0.0,6.0,7.0,10.0,181.0,85.1,34.0,0.0,84.7,29.3,65.0,1018.9,4.0,7.3,4.5,79.3,E,-6.0,-4.24,-7.04,day
414307,2015-05-24,2015,ATH,2015-05-24 13:10:00,13,2,7,9,3,15,7,18,297,87.1,1,55,0.0182,0.1667,0.0,8.0,1.0,10.0,147.0,87.8,29.0,0.0,3.0,7.0,6.0,8.0,150.0,86.5,33.0,0.375,87.5,30.8,49.7,1019.2,0.0,12.2,7.6,109.3,E,-5.3,-1.21,-8.75,day
414325,2015-05-25,2015,SEA,2015-05-25 19:10:00,19,1,4,5,2,15,6,17,288,86.1,4,55,0.0727,0.1176,1.0,7.0,3.0,8.0,140.0,83.2,30.0,0.125,1.0,8.0,2.0,9.0,148.0,88.7,33.0,0.1111,84.1,29.0,65.0,1017.5,0.0,10.1,6.3,97.7,E,-6.1,-3.0,-8.47,night
414340,2015-05-26,2015,SEA,2015-05-26 19:10:00,19,6,7,13,2,13,5,24,355,86.4,4,70,0.0571,0.0833,0.0,6.0,1.0,12.0,175.0,84.4,41.0,0.0,2.0,7.0,3.0,12.0,180.0,88.8,33.0,0.1667,82.1,27.8,72.3,1018.3,0.1,14.1,8.7,326.3,NW,-2.75,-7.31,2.13,night
414355,2015-05-27,2015,SEA,2015-05-27 13:10:00,13,0,3,3,1,22,3,7,224,86.2,1,35,0.0286,0.1429,0.0,8.0,1.0,4.0,101.0,83.4,20.0,0.0,1.0,14.0,2.0,3.0,123.0,89.0,20.0,0.3333,85.9,29.9,50.0,1018.5,0.0,11.7,7.3,58.3,NE,-11.42,-9.8,-11.65,day
414514,2015-06-09,2015,LAA,2015-06-09 19:10:00,19,2,8,10,1,16,4,21,294,86.8,1,60,0.0167,0.0476,0.0,10.0,2.0,6.0,123.0,84.6,25.0,0.0,1.0,6.0,2.0,15.0,171.0,88.0,44.0,0.0667,81.3,27.4,72.7,1012.0,0.5,7.2,4.5,205.7,SW,6.8,7.2,5.57,night
414529,2015-06-10,2015,LAA,2015-06-10 19:10:00,19,4,2,6,1,9,4,16,254,88.2,2,55,0.0364,0.0625,1.0,1.0,3.0,9.0,114.0,88.0,36.0,0.1111,0.0,8.0,1.0,7.0,140.0,88.4,28.0,0.0,78.9,26.1,83.0,1013.2,0.2,12.2,7.6,113.3,SE,-4.5,-0.36,-8.09,night
414544,2015-06-11,2015,LAA,2015-06-11 19:10:00,19,2,6,8,3,17,5,19,299,85.2,4,52,0.0769,0.1579,1.0,9.0,1.0,5.0,123.0,80.6,26.0,0.2,2.0,8.0,4.0,14.0,176.0,88.1,40.0,0.1429,81.5,27.5,72.7,1015.3,0.0,10.1,6.3,101.7,E,-5.55,-2.33,-8.1,night
414555,2015-06-12,2015,CWS,2015-06-12 19:10:00,19,7,5,12,1,15,3,23,297,86.2,2,59,0.0339,0.0435,0.0,7.0,1.0,14.0,148.0,82.1,38.0,0.0,1.0,8.0,1.0,9.0,149.0,91.3,31.0,0.1111,79.9,26.6,79.3,1017.5,0.1,8.6,5.4,109.4,E,-3.73,-0.84,-6.17,night
414570,2015-06-13,2015,CWS,2015-06-13 16:10:00,16,5,4,9,1,17,4,18,266,86.8,2,50,0.04,0.0556,0.0,8.0,1.0,9.0,129.0,88.7,28.0,0.0,1.0,9.0,2.0,9.0,137.0,85.1,31.0,0.1111,88.1,31.2,56.0,1015.7,0.0,13.9,8.6,95.3,E,-8.87,-4.68,-12.0,day
414585,2015-06-14,2015,CWS,2015-06-14 13:10:00,13,2,1,3,1,23,4,13,284,83.8,0,39,0.0,0.0769,1.0,13.0,3.0,5.0,145.0,81.3,18.0,0.2,0.0,10.0,1.0,8.0,139.0,85.5,26.0,0.0,87.7,31.0,56.3,1016.6,0.0,13.8,8.6,105.0,E,-6.88,-2.39,-10.55,day
414612,2015-06-15,2015,WSH,2015-06-15 19:10:00,19,6,1,7,0,10,12,19,325,86.9,2,58,0.0345,0.0,0.0,4.0,7.0,11.0,163.0,89.3,34.0,0.0,0.0,6.0,5.0,8.0,162.0,84.6,35.0,0.0,83.9,28.8,69.3,1016.0,0.0,7.9,4.9,212.0,SW,7.73,7.87,6.65,night
414627,2015-06-16,2015,WSH,2015-06-16 19:10:00,19,4,16,20,5,10,7,31,321,87.7,5,72,0.0694,0.1613,1.0,7.0,2.0,8.0,150.0,86.3,33.0,0.125,4.0,3.0,5.0,23.0,171.0,88.5,52.0,0.1739,83.7,28.7,75.7,1015.9,0.0,11.3,7.0,297.3,NW,3.42,-0.46,6.89,night
414709,2015-06-22,2015,TOR,2015-06-22 19:10:00,19,5,8,13,4,22,6,26,356,85.9,4,56,0.0714,0.1538,1.0,15.0,4.0,15.0,189.0,83.8,31.0,0.0667,3.0,7.0,2.0,11.0,167.0,87.6,40.0,0.2727,84.6,29.2,73.7,1016.2,0.6,7.4,4.6,285.4,W,3.68,1.24,5.66,night
414724,2015-06-23,2015,TOR,2015-06-23 19:10:00,19,4,3,7,3,11,5,13,241,85.6,2,51,0.0392,0.2308,1.0,2.0,4.0,9.0,126.0,86.0,30.0,0.1111,2.0,9.0,1.0,4.0,115.0,85.0,23.0,0.5,84.3,29.1,73.7,1018.4,0.2,6.3,3.9,3.1,N,-4.72,-5.88,-2.99,night
414739,2015-06-24,2015,TOR,2015-06-24 12:10:00,12,0,1,1,1,28,7,10,356,85.9,1,52,0.0192,0.1,0.0,15.0,2.0,4.0,193.0,86.2,37.0,0.0,1.0,13.0,4.0,6.0,163.0,85.6,32.0,0.1667,82.8,28.2,77.7,1019.0,0.1,7.5,4.7,265.3,W,5.72,3.71,7.03,day
414753,2015-06-26,2015,BOS,2015-06-26 19:10:00,19,3,4,7,0,17,7,22,296,86.3,2,59,0.0339,0.0,0.0,10.0,1.0,12.0,142.0,85.2,33.0,0.0,0.0,7.0,5.0,10.0,154.0,87.4,32.0,0.0,84.5,29.2,68.0,1015.1,0.0,8.4,5.2,284.3,W,4.29,1.56,6.5,night
414768,2015-06-27,2015,BOS,2015-06-27 16:10:00,16,4,1,5,4,21,3,10,258,89.1,4,38,0.1053,0.4,3.0,12.0,3.0,7.0,134.0,87.9,23.0,0.4286,1.0,9.0,0.0,3.0,124.0,90.3,26.0,0.3333,87.6,30.9,56.3,1014.4,0.0,15.9,9.9,268.0,W,11.6,7.2,14.61,day
414783,2015-06-28,2015,BOS,2015-06-28 13:10:00,13,3,5,8,3,23,3,18,331,87.5,2,47,0.0426,0.1667,0.0,12.0,1.0,10.0,169.0,85.2,27.0,0.0,3.0,11.0,1.0,8.0,162.0,89.6,30.0,0.375,85.7,29.8,62.7,1015.5,0.6,16.5,10.2,258.3,W,13.76,9.83,16.02,day
414797,2015-06-29,2015,CLE,2015-06-29 19:10:00,19,1,7,8,2,15,4,16,275,87.6,2,53,0.0377,0.125,1.0,3.0,0.0,3.0,113.0,86.7,32.0,0.3333,1.0,12.0,2.0,13.0,162.0,88.6,29.0,0.0769,82.8,28.2,73.0,1016.0,0.2,9.3,5.8,268.0,W,6.77,4.2,8.53,night
414808,2015-06-30,2015,CLE,2015-06-30 19:10:00,19,2,6,8,3,15,5,9,290,85.4,1,48,0.0208,0.3333,0.0,4.0,2.0,2.0,129.0,85.0,29.0,0.0,3.0,11.0,3.0,7.0,161.0,85.8,33.0,0.4286,85.3,29.6,67.0,1017.0,0.0,6.0,3.7,281.3,W,3.31,1.41,4.81,night
414823,2015-07-01,2015,CLE,2015-07-01 19:10:00,19,1,8,9,1,17,4,11,273,85.5,1,47,0.0213,0.0909,0.0,13.0,2.0,1.0,131.0,78.7,21.0,0.0,1.0,4.0,2.0,10.0,142.0,88.9,41.0,0.1,85.1,29.5,64.3,1017.2,0.0,4.8,3.0,128.8,SE,-0.51,1.15,-2.12,night
414837,2015-07-02,2015,CLE,2015-07-02 12:10:00,12,4,5,9,1,28,4,15,290,85.6,1,43,0.0233,0.0667,0.0,19.0,1.0,7.0,138.0,82.3,20.0,0.0,1.0,9.0,3.0,8.0,152.0,87.8,30.0,0.125,87.1,30.6,61.3,1017.9,0.0,2.2,1.3,262.3,W,1.72,1.17,2.07,day
414949,2015-07-10,2015,HOU,2015-07-10 19:10:00,19,3,1,4,2,14,3,9,227,87.2,3,43,0.0698,0.2222,1.0,6.0,2.0,4.0,108.0,89.3,23.0,0.25,1.0,8.0,1.0,5.0,119.0,85.3,25.0,0.2,87.4,30.8,63.3,1016.6,0.0,9.7,6.0,312.3,NW,0.45,-2.89,3.74,night
414964,2015-07-11,2015,HOU,2015-07-11 16:10:00,16,3,0,3,0,11,8,10,261,87.2,1,49,0.0204,0.0,0.0,5.0,3.0,7.0,118.0,89.4,31.0,0.0,0.0,6.0,5.0,3.0,143.0,85.2,33.0,0.0,89.2,31.8,60.7,1016.1,0.5,9.2,5.7,330.7,NW,-2.5,-5.39,0.7,day
414979,2015-07-12,2015,HOU,2015-07-12 13:10:00,13,4,3,7,1,17,7,12,268,92.0,3,44,0.0682,0.0833,0.0,11.0,3.0,5.0,114.0,89.8,19.0,0.0,1.0,6.0,4.0,7.0,154.0,93.3,34.0,0.1429,85.4,29.7,73.0,1014.6,0.7,10.6,6.6,290.4,W,4.42,0.86,7.45,day
415085,2015-07-24,2015,BAL,2015-07-24 19:10:00,19,3,1,4,0,19,6,12,284,87.4,0,41,0.0,0.0,0.0,5.0,3.0,5.0,120.0,87.2,26.0,0.0,0.0,14.0,2.0,7.0,164.0,87.6,24.0,0.0,83.1,28.4,78.3,1013.0,0.0,13.5,8.4,256.0,W,11.54,8.48,13.22,night
415100,2015-07-25,2015,BAL,2015-07-25 18:10:00,18,1,5,6,2,9,0,12,235,87.4,2,57,0.0351,0.1667,1.0,6.0,0.0,5.0,127.0,87.9,33.0,0.2,1.0,3.0,0.0,7.0,108.0,86.8,33.0,0.1429,81.2,27.3,77.3,1009.6,0.2,10.0,6.2,269.0,W,7.19,4.38,9.13,night
415115,2015-07-26,2015,BAL,2015-07-26 13:10:00,13,2,5,7,3,17,6,18,280,85.2,3,50,0.06,0.1667,2.0,7.0,4.0,8.0,136.0,82.9,30.0,0.25,1.0,10.0,1.0,10.0,144.0,87.6,29.0,0.1,82.8,28.2,79.0,1010.2,0.1,7.8,4.8,198.5,S,6.98,7.75,5.37,day
415134,2015-07-27,2015,DET,2015-07-27 19:10:00,19,5,2,7,3,17,5,17,299,86.6,4,49,0.0816,0.1765,2.0,9.0,3.0,12.0,162.0,85.4,34.0,0.1667,1.0,8.0,2.0,5.0,137.0,88.1,28.0,0.2,79.6,26.5,81.3,1011.1,0.2,13.8,8.6,216.3,SW,13.64,13.53,12.11,night
415144,2015-07-28,2015,DET,2015-07-28 19:10:00,19,10,2,12,4,17,4,20,305,88.2,7,52,0.1346,0.2,3.0,7.0,3.0,11.0,155.0,87.1,30.0,0.2727,1.0,10.0,1.0,9.0,150.0,89.0,37.0,0.1111,82.3,28.0,79.3,1012.6,0.0,9.9,6.1,277.7,W,5.98,2.94,8.31,night
415159,2015-07-29,2015,DET,2015-07-29 12:10:00,12,1,2,3,1,24,1,8,261,87.3,3,38,0.0789,0.125,1.0,12.0,0.0,4.0,126.0,85.8,25.0,0.25,0.0,12.0,0.0,4.0,135.0,88.7,25.0,0.0,82.1,27.8,83.0,1014.0,0.4,8.9,5.5,256.6,W,7.55,5.5,8.68,day
415286,2015-08-07,2015,NYM,2015-08-07 19:10:00,19,3,4,7,5,17,2,16,300,87.4,5,53,0.0943,0.3125,3.0,9.0,1.0,8.0,152.0,88.3,33.0,0.375,2.0,8.0,1.0,8.0,148.0,86.4,34.0,0.25,82.7,28.2,78.7,1011.4,0.0,12.3,7.7,275.3,W,7.87,4.15,10.65,night
415301,2015-08-08,2015,NYM,2015-08-08 18:10:00,18,5,4,9,3,23,5,18,296,86.4,7,46,0.1522,0.1667,1.0,8.0,3.0,10.0,153.0,87.7,29.0,0.1,2.0,15.0,2.0,8.0,143.0,85.0,28.0,0.25,81.1,27.3,79.3,1011.4,0.0,9.7,6.0,269.7,W,6.92,4.17,8.85,night
415316,2015-08-09,2015,NYM,2015-08-09 13:10:00,13,4,3,7,1,14,4,16,253,87.4,3,51,0.0588,0.0625,1.0,1.0,0.0,10.0,100.0,86.3,35.0,0.1,0.0,13.0,4.0,6.0,153.0,89.1,24.0,0.0,83.7,28.7,77.7,1012.0,0.0,5.2,3.2,261.0,W,4.21,2.91,5.0,day
415330,2015-08-11,2015,ATL,2015-08-11 19:10:00,19,2,0,2,1,6,4,10,182,89.9,5,51,0.098,0.1,1.0,1.0,4.0,4.0,92.0,91.6,29.0,0.25,0.0,5.0,0.0,6.0,90.0,88.3,29.0,0.0,83.2,28.4,80.0,1013.1,0.4,7.2,4.5,283.7,W,3.74,1.41,5.62,night
415345,2015-08-12,2015,ATL,2015-08-12 19:10:00,19,9,6,15,3,21,5,23,315,91.2,6,51,0.1176,0.1304,2.0,11.0,2.0,14.0,157.0,92.7,37.0,0.1429,1.0,10.0,3.0,9.0,158.0,89.4,29.0,0.1111,83.9,28.8,73.3,1012.5,0.0,9.1,5.7,277.3,W,5.56,2.76,7.69,night
415525,2015-08-25,2015,MIN,2015-08-25 19:10:00,19,7,11,18,4,16,10,25,331,89.7,3,61,0.0492,0.16,1.0,5.0,5.0,13.0,164.0,92.6,39.0,0.0769,3.0,11.0,5.0,12.0,167.0,86.3,33.0,0.25,86.1,30.0,66.7,1010.4,0.0,7.0,4.3,280.0,W,4.01,1.81,5.73,night
415540,2015-08-26,2015,MIN,2015-08-26 19:10:00,19,3,5,8,4,21,6,22,289,90.1,6,54,0.1111,0.1818,2.0,6.0,5.0,9.0,137.0,90.8,28.0,0.2222,2.0,15.0,1.0,13.0,152.0,89.3,30.0,0.1538,84.3,29.0,71.0,1011.5,0.3,10.5,6.5,58.0,NE,-10.26,-8.83,-10.45,night
415551,2015-08-27,2015,MIN,2015-08-27 19:10:00,19,5,4,9,2,15,4,18,286,88.4,4,52,0.0769,0.1111,1.0,4.0,2.0,9.0,122.0,86.1,32.0,0.1111,1.0,11.0,2.0,9.0,164.0,91.0,30.0,0.1111,80.7,27.1,80.7,1011.3,2.7,4.9,3.0,116.6,SE,-1.54,0.13,-3.02,night
415566,2015-08-28,2015,KC,2015-08-28 19:10:00,19,2,3,5,1,16,6,14,282,87.9,2,50,0.04,0.0714,0.0,8.0,2.0,7.0,130.0,87.4,27.0,0.0,1.0,8.0,4.0,7.0,152.0,88.3,33.0,0.1429,83.6,28.7,69.3,1014.7,0.5,8.8,5.5,93.0,E,-5.91,-3.31,-7.8,night
415581,2015-08-29,2015,KC,2015-08-29 18:10:00,18,3,6,9,1,19,6,16,308,89.0,1,53,0.0189,0.0625,1.0,11.0,3.0,5.0,119.0,89.0,25.0,0.2,0.0,8.0,2.0,11.0,189.0,89.0,43.0,0.0,78.9,26.1,86.0,1014.4,9.8,14.7,9.1,6.3,N,-11.48,-13.93,-7.65,night
415596,2015-08-30,2015,KC,2015-08-30 13:10:00,13,3,2,5,2,16,4,16,276,87.0,2,49,0.0408,0.125,2.0,9.0,2.0,9.0,139.0,87.1,29.0,0.2222,0.0,7.0,2.0,7.0,137.0,86.8,29.0,0.0,83.5,28.6,74.3,1013.3,12.9,6.0,3.7,177.0,S,4.03,5.33,2.26,day
415748,2015-09-11,2015,BOS,2015-09-11 19:10:00,19,8,4,12,2,19,5,22,335,86.6,5,54,0.0926,0.0909,2.0,7.0,0.0,12.0,139.0,83.2,36.0,0.1667,0.0,12.0,4.0,10.0,196.0,91.3,27.0,0.0,82.9,28.3,75.7,1011.5,0.6,4.3,2.7,330.2,NW,-1.12,-2.46,0.35,night
415763,2015-09-12,2015,BOS,2015-09-12 18:10:00,18,4,10,14,7,13,6,20,315,87.1,7,60,0.1167,0.35,2.0,10.0,3.0,7.0,151.0,88.5,28.0,0.2857,5.0,3.0,3.0,13.0,164.0,86.2,42.0,0.3846,79.5,26.4,84.3,1009.5,3.9,10.2,6.3,269.4,W,7.28,4.4,9.29,night
415778,2015-09-13,2015,BOS,2015-09-13 13:10:00,13,0,2,2,0,33,6,17,378,83.8,0,57,0.0,0.0,0.0,14.0,3.0,3.0,187.0,83.4,30.0,0.0,0.0,19.0,2.0,14.0,191.0,84.2,37.0,0.0,81.0,27.2,76.3,1012.2,0.5,2.1,1.3,275.0,W,1.35,0.72,1.82,day
415801,2015-09-14,2015,NYY,2015-09-14 19:10:00,19,1,4,5,1,19,7,10,289,87.1,3,43,0.0698,0.1,0.0,12.0,2.0,6.0,159.0,85.8,32.0,0.0,1.0,7.0,4.0,4.0,130.0,88.7,25.0,0.25,82.3,27.9,66.7,1016.0,0.0,9.6,6.0,69.4,E,-8.75,-6.86,-9.57,night
415814,2015-09-15,2015,NYY,2015-09-15 19:10:00,19,6,3,9,3,16,7,18,314,86.7,5,53,0.0943,0.1667,1.0,10.0,3.0,13.0,154.0,84.8,33.0,0.0769,2.0,6.0,4.0,5.0,160.0,88.8,31.0,0.4,77.7,25.4,88.0,1017.6,0.8,11.2,7.0,72.0,E,-10.01,-7.66,-11.15,night
415829,2015-09-16,2015,NYY,2015-09-16 19:10:00,19,1,3,4,1,22,8,13,301,88.2,4,45,0.0889,0.0769,0.0,13.0,4.0,7.0,144.0,87.4,25.0,0.0,1.0,9.0,4.0,6.0,157.0,88.8,31.0,0.1667,75.8,24.3,90.7,1015.4,3.1,11.4,7.1,74.3,E,-9.97,-7.45,-11.28,night
415836,2015-09-17,2015,BAL,2015-09-17 19:10:00,19,3,4,7,1,19,5,13,292,85.9,2,47,0.0426,0.0769,1.0,8.0,4.0,6.0,154.0,87.4,31.0,0.1667,0.0,11.0,0.0,7.0,138.0,83.8,23.0,0.0,76.1,24.5,88.7,1009.3,3.7,9.6,6.0,60.7,NE,-9.28,-7.83,-9.61,night
415846,2015-09-18,2015,BAL,2015-09-18 19:10:00,19,8,6,14,4,15,8,18,296,89.0,4,50,0.08,0.2222,1.0,6.0,3.0,13.0,147.0,92.8,34.0,0.0769,3.0,9.0,4.0,5.0,149.0,84.2,27.0,0.6,80.2,26.8,76.0,1005.8,0.0,5.7,3.5,346.0,N,-2.92,-4.4,-1.08,night
415861,2015-09-19,2015,BAL,2015-09-19 18:10:00,18,1,2,3,0,14,0,16,237,89.2,2,52,0.0385,0.0,0.0,9.0,0.0,6.0,122.0,90.8,28.0,0.0,0.0,5.0,0.0,10.0,115.0,87.7,31.0,0.0,79.9,26.6,82.0,1007.9,0.6,5.1,3.2,334.9,NW,-1.75,-3.29,0.01,night
415876,2015-09-20,2015,BAL,2015-09-20 13:10:00,13,7,6,13,3,17,8,23,309,87.7,5,59,0.0847,0.1304,2.0,12.0,3.0,14.0,171.0,90.4,30.0,0.1429,1.0,5.0,4.0,9.0,138.0,85.4,37.0,0.1111,84.1,28.9,68.7,1011.1,0.0,5.4,3.4,29.0,NE,-5.22,-5.42,-4.39,day
416000,2015-09-29,2015,MIA,2015-09-29 19:10:00,19,4,2,6,2,13,3,15,246,84.6,2,52,0.0385,0.1333,2.0,7.0,2.0,6.0,122.0,85.3,30.0,0.3333,0.0,6.0,1.0,9.0,124.0,83.9,32.0,0.0,81.7,27.6,79.3,1007.0,0.0,7.9,4.9,287.3,W,3.68,1.06,5.86,night
416015,2015-09-30,2015,MIA,2015-09-30 19:10:00,19,6,4,10,1,17,9,19,289,87.4,3,49,0.0612,0.0526,1.0,8.0,5.0,10.0,134.0,88.0,26.0,0.1,0.0,9.0,4.0,9.0,155.0,87.0,30.0,0.0,81.2,27.3,79.3,1005.5,0.0,7.9,4.9,292.0,W,3.07,0.41,5.37,night
416029,2015-10-01,2015,MIA,2015-10-01 19:10:00,19,4,1,5,1,19,3,20,251,90.0,1,51,0.0196,0.05,1.0,10.0,0.0,16.0,132.0,90.1,34.0,0.0625,0.0,9.0,3.0,4.0,119.0,89.9,26.0,0.0,80.3,26.8,80.7,1001.6,0.0,11.3,7.0,303.4,NW,2.27,-1.64,5.91,night
416048,2015-10-02,2015,TOR,2015-10-02 19:10:00,19,4,8,12,3,13,2,23,311,88.1,3,61,0.0492,0.1304,1.0,8.0,1.0,6.0,138.0,85.0,24.0,0.1667,2.0,5.0,1.0,17.0,173.0,90.3,34.0,0.1176,77.8,25.5,80.7,998.9,0.0,12.8,8.0,294.7,NW,4.45,0.08,8.29,night
416063,2015-10-03,2015,TOR,2015-10-03 18:10:00,18,4,3,7,3,17,5,13,277,88.2,4,48,0.0833,0.2308,2.0,11.0,2.0,5.0,136.0,85.8,25.0,0.4,1.0,6.0,3.0,8.0,141.0,90.3,29.0,0.125,74.2,23.5,75.7,1001.2,0.0,13.4,8.3,313.7,NW,0.31,-4.29,4.87,night
416078,2015-10-04,2015,TOR,2015-10-04 15:10:00,15,12,3,15,5,11,6,22,329,88.4,4,60,0.0667,0.2273,3.0,4.0,1.0,13.0,165.0,90.0,40.0,0.2308,2.0,7.0,5.0,9.0,164.0,86.7,36.0,0.2222,73.1,22.8,78.7,1003.3,0.7,18.1,11.3,291.0,W,7.38,1.26,12.6,day
446911,2016-04-03,2016,TOR,2016-04-03 16:05:00,16,3,5,8,2,23,4,14,276,85.1,2,47,0.0426,0.1429,1.0,7.0,1.0,7.0,118.0,84.6,41.0,0.1429,1.0,16.0,3.0,7.0,158.0,85.6,34.0,0.1429,70.2,21.2,44.7,1015.4,0.0,7.0,4.3,329.1,NW,-1.71,-3.93,0.72,day
446878,2016-04-04,2016,TOR,2016-04-04 19:10:00,19,3,5,8,4,18,6,15,280,81.3,4,51,0.0784,0.2667,1.0,9.0,4.0,8.0,140.0,82.4,39.0,0.125,3.0,9.0,2.0,7.0,140.0,80.1,38.0,0.4286,69.8,21.0,59.7,1016.1,0.0,12.3,7.6,306.3,NW,1.85,-2.42,5.9,night
446887,2016-04-05,2016,TOR,2016-04-05 19:10:00,19,3,2,5,2,20,4,16,286,85.7,4,46,0.087,0.125,2.0,9.0,0.0,7.0,112.0,88.0,28.0,0.2857,0.0,11.0,4.0,9.0,174.0,84.1,41.0,0.0,70.9,21.6,70.7,1017.2,0.0,14.1,8.8,312.0,NW,0.74,-4.12,5.51,night
446901,2016-04-06,2016,TOR,2016-04-06 13:10:00,13,5,3,8,3,17,3,16,279,86.1,6,48,0.125,0.1875,2.0,7.0,1.0,10.0,126.0,87.9,32.0,0.2,1.0,10.0,2.0,6.0,153.0,84.8,41.0,0.1667,75.9,24.4,53.7,1018.1,0.0,14.6,9.1,121.7,SE,-3.37,1.7,-8.02,day
446971,2016-04-12,2016,CLE,2016-04-12 19:10:00,19,5,1,6,3,12,4,10,250,82.8,3,46,0.0652,0.3,2.0,6.0,3.0,5.0,121.0,82.2,29.0,0.4,1.0,6.0,1.0,5.0,129.0,83.3,40.0,0.2,72.5,22.5,76.7,1016.6,0.0,13.2,8.2,290.3,W,5.51,1.07,9.28,night
446986,2016-04-13,2016,CLE,2016-04-13 19:10:00,19,1,4,5,1,24,2,10,249,86.1,1,40,0.025,0.1,0.0,9.0,1.0,5.0,112.0,87.6,33.0,0.0,1.0,15.0,1.0,5.0,137.0,84.4,29.0,0.2,73.5,23.0,79.7,1015.0,0.0,12.6,7.8,317.9,NW,-0.64,-4.92,3.71,night
447001,2016-04-14,2016,CLE,2016-04-14 13:10:00,13,0,6,6,3,22,10,18,346,81.4,1,48,0.0208,0.1667,0.0,14.0,3.0,5.0,154.0,81.8,31.0,0.0,3.0,8.0,7.0,13.0,192.0,81.2,47.0,0.2308,77.8,25.5,70.3,1013.1,0.0,4.5,2.8,231.5,SW,4.5,4.06,4.41,day
447010,2016-04-15,2016,CWS,2016-04-15 19:10:00,19,0,1,1,0,19,1,8,223,86.4,0,43,0.0,0.0,0.0,9.0,0.0,2.0,106.0,83.9,27.0,0.0,0.0,10.0,1.0,6.0,117.0,88.5,31.0,0.0,73.0,22.8,79.7,1012.6,0.5,13.5,8.4,46.3,NE,-13.53,-12.61,-12.82,night
447025,2016-04-16,2016,CWS,2016-04-16 18:10:00,18,7,2,9,4,11,5,17,265,85.0,3,54,0.0556,0.2353,3.0,5.0,5.0,10.0,141.0,86.9,31.0,0.3,1.0,6.0,0.0,7.0,124.0,83.6,41.0,0.1429,73.5,23.0,69.3,1015.6,1.8,19.3,12.0,65.0,NE,-18.14,-14.78,-19.3,night
447040,2016-04-17,2016,CWS,2016-04-17 13:10:00,13,3,2,5,0,21,1,13,258,80.4,1,41,0.0244,0.0,0.0,9.0,0.0,8.0,121.0,81.2,34.0,0.0,0.0,12.0,1.0,5.0,137.0,79.7,36.0,0.0,78.0,25.6,44.7,1019.4,0.0,22.4,13.9,72.0,E,-19.99,-15.3,-22.27,day
447148,2016-04-25,2016,BAL,2016-04-25 19:10:00,19,2,0,2,0,20,4,10,256,83.8,2,40,0.05,0.0,0.0,9.0,4.0,5.0,134.0,81.3,33.0,0.0,0.0,11.0,0.0,5.0,122.0,86.0,39.0,0.0,76.7,24.8,70.0,1012.5,0.0,6.8,4.2,32.9,NE,-6.62,-6.7,-5.73,night
447161,2016-04-26,2016,BAL,2016-04-26 19:10:00,19,3,1,4,1,11,5,16,280,84.1,2,52,0.0385,0.0625,1.0,8.0,2.0,7.0,141.0,84.5,31.0,0.1429,0.0,3.0,1.0,9.0,139.0,83.8,46.0,0.0,76.0,24.4,74.0,1010.6,0.0,11.7,7.3,275.3,W,7.47,3.94,10.1,night
447177,2016-04-27,2016,BAL,2016-04-27 19:10:00,19,1,3,4,1,19,5,7,279,80.1,2,42,0.0476,0.1429,0.0,10.0,3.0,4.0,142.0,80.6,39.0,0.0,1.0,9.0,2.0,3.0,137.0,79.6,36.0,0.3333,76.0,24.5,77.3,1010.8,0.0,2.0,1.2,356.3,N,-1.32,-1.75,-0.73,night
447212,2016-04-29,2016,TOR,2016-04-29 19:10:00,19,1,6,7,5,17,6,16,292,82.9,4,51,0.0784,0.3125,1.0,9.0,2.0,9.0,140.0,83.4,42.0,0.1111,4.0,8.0,4.0,7.0,152.0,82.4,42.0,0.5714,78.0,25.5,77.3,1011.5,0.0,13.9,8.6,301.0,NW,3.36,-1.45,7.77,night
447227,2016-04-30,2016,TOR,2016-04-30 18:10:00,18,4,3,7,4,15,9,12,291,85.5,4,47,0.0851,0.3333,2.0,8.0,3.0,9.0,138.0,85.9,34.0,0.2222,2.0,7.0,6.0,3.0,153.0,85.1,38.0,0.6667,79.6,26.5,73.7,1010.9,0.0,12.3,7.6,124.3,SE,-2.27,1.99,-6.26,night
447242,2016-05-01,2016,TOR,2016-05-01 13:10:00,13,1,5,6,3,19,6,9,261,85.3,5,41,0.122,0.3333,1.0,11.0,2.0,4.0,118.0,88.6,24.0,0.25,2.0,8.0,4.0,5.0,143.0,83.5,44.0,0.4,83.4,28.6,58.7,1013.8,0.0,8.9,5.5,152.3,SE,2.64,5.38,-0.41,day
447261,2016-05-03,2016,LAD,2016-05-03 19:10:00,19,5,10,15,5,18,6,21,318,85.0,6,57,0.1053,0.2381,2.0,10.0,3.0,8.0,155.0,84.4,33.0,0.25,3.0,8.0,3.0,13.0,163.0,85.4,45.0,0.2308,78.3,25.7,82.3,1010.0,0.0,10.7,6.7,260.0,W,8.79,6.16,10.37,night
447276,2016-05-04,2016,LAD,2016-05-04 19:10:00,19,8,5,13,4,21,9,18,327,83.3,3,47,0.0638,0.2222,4.0,10.0,2.0,10.0,140.0,85.9,38.0,0.4,0.0,11.0,7.0,8.0,187.0,81.1,46.0,0.0,72.7,22.6,83.3,1003.7,0.8,16.7,10.4,317.0,NW,-0.58,-6.25,5.16,night
447400,2016-05-13,2016,ATH,2016-05-13 19:10:00,19,3,6,9,4,19,10,16,341,81.2,6,50,0.12,0.25,0.0,12.0,7.0,5.0,168.0,79.8,37.0,0.0,4.0,7.0,2.0,11.0,173.0,82.1,63.0,0.3636,77.8,25.5,77.0,1014.1,0.0,16.8,10.5,281.0,W,9.41,4.07,13.62,night
447415,2016-05-14,2016,ATH,2016-05-14 18:10:00,18,6,0,6,1,7,6,10,260,84.1,2,53,0.0377,0.1,1.0,2.0,5.0,8.0,154.0,84.8,38.0,0.125,0.0,5.0,0.0,2.0,106.0,83.4,33.0,0.0,78.7,26.0,73.3,1012.5,0.0,15.2,9.4,302.3,NW,3.33,-1.94,8.19,night
447430,2016-05-15,2016,ATH,2016-05-15 13:10:00,13,6,7,13,7,17,4,18,285,85.1,6,56,0.1071,0.3889,3.0,9.0,2.0,6.0,142.0,86.1,32.0,0.5,4.0,8.0,2.0,12.0,143.0,84.3,38.0,0.3333,81.2,27.3,58.3,1015.4,0.0,10.6,6.6,306.7,NW,1.54,-2.15,5.05,day
447563,2016-05-25,2016,MIA,2016-05-25 19:10:00,19,3,4,7,1,23,6,22,319,83.9,5,51,0.098,0.0455,1.0,11.0,4.0,9.0,157.0,84.1,41.0,0.1111,0.0,12.0,1.0,13.0,162.0,83.7,50.0,0.0,83.2,28.4,46.3,1018.2,0.0,16.3,10.1,81.0,E,-13.21,-9.13,-15.7,night
447575,2016-05-26,2016,MIA,2016-05-26 13:10:00,13,1,9,10,3,22,3,22,317,83.4,2,53,0.0377,0.1364,1.0,16.0,2.0,7.0,140.0,86.0,30.0,0.1429,2.0,6.0,1.0,15.0,177.0,82.1,56.0,0.1333,83.9,28.8,40.3,1016.9,0.0,15.7,9.8,63.7,NE,-14.87,-12.26,-15.7,day
447588,2016-05-27,2016,NYY,2016-05-27 19:10:00,19,1,4,5,3,17,3,8,245,86.3,4,46,0.087,0.375,1.0,9.0,0.0,4.0,125.0,84.9,38.0,0.25,2.0,8.0,3.0,4.0,120.0,87.9,31.0,0.5,81.6,27.5,60.0,1011.8,0.0,14.7,9.1,76.7,E,-12.48,-9.1,-14.36,night
447603,2016-05-28,2016,NYY,2016-05-28 16:10:00,16,9,5,14,3,16,6,25,299,84.9,3,58,0.0517,0.12,2.0,6.0,2.0,13.0,139.0,86.9,45.0,0.1538,1.0,10.0,4.0,12.0,160.0,83.0,47.0,0.0833,80.8,27.1,71.3,1013.7,8.5,9.9,6.1,290.4,W,4.11,0.8,6.93,day
447618,2016-05-29,2016,NYY,2016-05-29 13:10:00,13,1,2,3,1,20,3,7,269,82.6,2,42,0.0476,0.1429,0.0,14.0,2.0,6.0,144.0,83.0,33.0,0.0,1.0,6.0,1.0,1.0,125.0,82.2,41.0,1.0,83.2,28.4,67.0,1015.6,0.4,10.1,6.3,279.7,W,5.84,2.67,8.31,day
447777,2016-06-10,2016,HOU,2016-06-10 19:10:00,19,4,3,7,1,22,11,19,301,85.3,3,43,0.0698,0.0526,0.0,12.0,5.0,8.0,142.0,86.0,28.0,0.0,1.0,10.0,5.0,11.0,159.0,84.8,39.0,0.0909,80.5,26.9,84.7,1015.6,5.3,5.1,3.2,243.3,SW,4.84,4.0,5.1,night
447792,2016-06-11,2016,HOU,2016-06-11 16:10:00,16,3,4,7,4,12,5,13,278,85.6,4,52,0.0769,0.3077,2.0,4.0,3.0,6.0,123.0,85.5,31.0,0.3333,2.0,8.0,2.0,7.0,155.0,85.7,40.0,0.2857,84.6,29.2,70.7,1017.4,0.2,7.1,4.4,58.5,NE,-6.87,-5.89,-7.02,day
447807,2016-06-12,2016,HOU,2016-06-12 13:10:00,13,5,0,5,0,23,5,11,283,84.6,1,40,0.025,0.0,0.0,12.0,3.0,9.0,144.0,88.2,33.0,0.0,0.0,11.0,2.0,2.0,139.0,81.4,37.0,0.0,83.7,28.7,78.3,1016.8,2.0,5.2,3.2,274.3,W,3.39,1.84,4.53,day
447840,2016-06-14,2016,SEA,2016-06-14 19:10:00,19,8,7,15,4,22,11,20,311,84.5,3,47,0.0638,0.2,3.0,11.0,4.0,10.0,141.0,85.5,36.0,0.3,1.0,11.0,7.0,10.0,170.0,83.7,43.0,0.1,83.1,28.4,80.7,1012.8,0.3,6.7,4.1,297.0,NW,2.06,-0.23,4.11,night
447854,2016-06-15,2016,SEA,2016-06-15 19:10:00,19,3,2,5,1,35,15,16,445,83.1,3,57,0.0526,0.0625,0.0,19.0,8.0,8.0,236.0,82.1,49.0,0.0,1.0,16.0,2.0,8.0,209.0,84.2,45.0,0.125,83.3,28.5,77.3,1014.4,0.0,8.2,5.1,269.0,W,5.9,3.6,7.49,night
447863,2016-06-16,2016,SEA,2016-06-16 13:10:00,13,4,6,10,1,21,8,25,352,82.2,1,56,0.0179,0.04,0.0,10.0,3.0,12.0,175.0,82.9,55.0,0.0,1.0,11.0,4.0,13.0,177.0,81.2,43.0,0.0769,82.8,28.2,79.0,1014.5,2.3,16.8,10.4,262.3,W,13.36,9.07,16.04,day
447877,2016-06-17,2016,SF,2016-06-17 19:10:00,19,1,5,6,2,17,4,11,280,85.2,2,46,0.0435,0.1818,1.0,4.0,0.0,4.0,115.0,89.7,35.0,0.25,1.0,13.0,4.0,7.0,165.0,81.1,39.0,0.1429,81.9,27.7,83.7,1010.6,1.6,13.1,8.1,267.3,W,9.68,6.08,12.12,night
447892,2016-06-18,2016,SF,2016-06-18 16:10:00,16,4,6,10,6,12,5,19,295,81.9,7,59,0.1186,0.3158,4.0,6.0,1.0,8.0,138.0,84.9,40.0,0.5,2.0,6.0,2.0,11.0,157.0,79.7,54.0,0.1818,84.0,28.9,76.0,1013.9,0.9,12.9,8.0,282.7,W,6.92,2.76,10.24,day
447907,2016-06-19,2016,SF,2016-06-19 13:10:00,13,1,5,6,1,19,4,16,312,81.7,2,51,0.0392,0.0625,0.0,11.0,1.0,7.0,147.0,83.6,42.0,0.0,1.0,8.0,3.0,9.0,165.0,80.1,50.0,0.1111,82.8,28.2,71.3,1018.1,1.4,16.7,10.4,59.3,NE,-16.15,-13.76,-16.59,day
448005,2016-06-27,2016,BOS,2016-06-27 19:10:00,19,13,7,20,4,18,7,30,349,83.8,5,61,0.082,0.1333,3.0,11.0,3.0,18.0,184.0,82.6,53.0,0.1667,1.0,7.0,4.0,12.0,165.0,85.2,45.0,0.0833,83.0,28.3,73.3,1013.2,0.3,6.3,3.9,337.2,NW,-2.37,-4.21,-0.24,night
448017,2016-06-28,2016,BOS,2016-06-28 19:10:00,19,2,8,10,2,22,9,17,309,84.1,4,48,0.0833,0.1176,1.0,11.0,3.0,6.0,145.0,82.6,36.0,0.1667,1.0,11.0,5.0,11.0,164.0,85.3,42.0,0.0909,83.2,28.5,73.3,1012.6,0.0,5.5,3.4,263.3,W,4.34,2.91,5.25,night
448032,2016-06-29,2016,BOS,2016-06-29 12:10:00,12,4,0,4,1,21,3,14,261,83.3,3,44,0.0682,0.0714,1.0,12.0,1.0,9.0,123.0,83.3,33.0,0.1111,0.0,9.0,2.0,5.0,138.0,83.3,39.0,0.0,84.9,29.4,68.0,1014.1,0.3,8.8,5.5,244.7,SW,8.32,6.8,8.83,day
448050,2016-06-30,2016,DET,2016-06-30 19:10:00,19,7,10,17,0,12,7,25,330,86.0,0,62,0.0,0.0,0.0,5.0,2.0,14.0,154.0,88.2,43.0,0.0,0.0,7.0,5.0,11.0,176.0,84.3,54.0,0.0,81.3,27.4,79.0,1014.4,2.6,4.8,3.0,330.5,NW,-1.28,-2.79,0.38,night
448063,2016-07-01,2016,DET,2016-07-01 19:10:00,19,2,10,12,3,22,5,18,314,80.6,1,50,0.02,0.1667,1.0,13.0,1.0,4.0,123.0,79.6,35.0,0.25,2.0,9.0,4.0,14.0,191.0,81.4,47.0,0.1429,81.4,27.5,84.3,1015.5,0.0,5.4,3.4,285.7,W,2.64,0.87,4.1,night
448078,2016-07-02,2016,DET,2016-07-02 16:10:00,16,2,3,5,1,15,6,10,284,82.5,0,46,0.0,0.1,0.0,9.0,1.0,5.0,124.0,83.5,36.0,0.0,1.0,6.0,5.0,5.0,160.0,81.5,40.0,0.2,81.9,27.7,82.0,1016.7,5.4,9.1,5.6,270.0,W,6.41,3.83,8.22,day
448093,2016-07-03,2016,DET,2016-07-03 13:10:00,13,1,5,6,1,22,9,14,296,83.2,3,44,0.0682,0.0714,0.0,8.0,4.0,6.0,119.0,84.2,29.0,0.0,1.0,14.0,4.0,8.0,177.0,82.4,38.0,0.125,85.8,29.9,73.3,1018.4,0.3,5.6,3.5,232.8,SW,5.55,4.96,5.47,day
448108,2016-07-04,2016,LAA,2016-07-04 13:10:00,13,4,2,6,3,12,5,15,295,82.9,3,54,0.0556,0.2,2.0,5.0,2.0,7.0,141.0,84.1,44.0,0.2857,1.0,7.0,3.0,8.0,154.0,81.7,45.0,0.125,86.5,30.3,75.7,1019.0,1.0,6.2,3.9,212.3,SW,6.05,6.15,5.22,day
448123,2016-07-05,2016,LAA,2016-07-05 19:10:00,19,5,13,18,3,13,4,30,323,85.7,3,69,0.0435,0.1,1.0,8.0,1.0,14.0,154.0,86.5,42.0,0.0714,2.0,5.0,3.0,16.0,169.0,85.2,56.0,0.125,85.5,29.7,77.0,1017.7,0.5,7.4,4.6,326.0,NW,-1.4,-3.79,1.15,night
448138,2016-07-06,2016,LAA,2016-07-06 19:10:00,19,2,7,9,2,13,6,18,316,82.9,4,57,0.0702,0.1111,1.0,9.0,1.0,9.0,158.0,83.5,44.0,0.1111,1.0,4.0,5.0,9.0,158.0,82.2,46.0,0.1111,86.1,30.0,76.3,1017.1,0.0,6.4,4.0,325.1,NW,-1.12,-3.22,1.11,night
448148,2016-07-07,2016,LAA,2016-07-07 12:10:00,12,1,5,6,1,23,7,13,294,85.5,3,44,0.0682,0.0769,1.0,13.0,4.0,5.0,149.0,88.1,40.0,0.2,0.0,10.0,2.0,8.0,145.0,82.8,37.0,0.0,85.8,29.9,75.3,1019.0,2.2,7.8,4.8,274.5,W,5.05,2.73,6.76,day
448203,2016-07-15,2016,BAL,2016-07-15 19:10:00,19,3,4,7,2,13,8,16,296,83.7,4,55,0.0727,0.125,0.0,7.0,6.0,9.0,170.0,79.8,47.0,0.0,2.0,6.0,1.0,7.0,126.0,88.2,41.0,0.2857,83.7,28.7,74.7,1014.8,0.5,7.8,4.9,332.3,NW,-2.33,-4.75,0.37,night
448218,2016-07-16,2016,BAL,2016-07-16 18:10:00,18,1,2,3,1,8,5,11,231,83.4,5,55,0.0909,0.0909,0.0,6.0,3.0,4.0,117.0,79.7,36.0,0.0,1.0,2.0,1.0,7.0,114.0,86.9,38.0,0.1429,82.3,27.9,80.0,1016.5,5.3,5.6,3.5,198.7,S,5.05,5.6,3.89,night
448233,2016-07-17,2016,BAL,2016-07-17 13:10:00,13,5,2,7,5,19,5,14,261,82.8,4,45,0.0889,0.3571,4.0,5.0,4.0,6.0,117.0,83.6,26.0,0.6667,1.0,14.0,1.0,8.0,144.0,82.2,32.0,0.125,88.3,31.3,59.7,1019.0,0.0,8.3,5.2,103.3,E,-4.36,-1.68,-6.51,day
448401,2016-07-29,2016,NYY,2016-07-29 19:10:00,19,5,1,6,2,13,7,17,291,86.4,5,55,0.0909,0.1176,2.0,8.0,6.0,7.0,143.0,91.6,30.0,0.2857,0.0,5.0,1.0,10.0,148.0,83.3,51.0,0.0,82.9,28.3,80.0,1014.8,0.0,4.4,2.8,189.4,S,3.6,4.27,2.5,night
448416,2016-07-30,2016,NYY,2016-07-30 18:10:00,18,6,3,9,5,15,4,12,282,85.2,4,45,0.0889,0.4167,3.0,5.0,2.0,7.0,139.0,84.0,43.0,0.4286,2.0,10.0,2.0,5.0,143.0,86.6,34.0,0.4,80.9,27.2,85.7,1014.3,0.5,2.5,1.6,315.7,NW,-0.03,-0.88,0.83,night
448431,2016-07-31,2016,NYY,2016-07-31 13:10:00,13,5,3,8,2,23,9,15,287,83.2,2,40,0.05,0.1333,1.0,10.0,4.0,6.0,127.0,88.0,32.0,0.1667,1.0,13.0,4.0,9.0,160.0,79.3,40.0,0.1111,85.7,29.8,71.3,1016.0,0.0,5.0,3.1,118.7,SE,-1.4,0.32,-2.96,day
448439,2016-08-01,2016,KC,2016-08-01 19:10:00,19,0,3,3,1,24,2,10,259,84.9,3,39,0.0769,0.1,0.0,17.0,1.0,1.0,121.0,83.4,20.0,0.0,1.0,7.0,1.0,9.0,138.0,85.6,47.0,0.1111,85.8,29.9,72.0,1016.1,0.0,3.2,2.0,41.5,NE,-3.16,-3.04,-2.9,night
448448,2016-08-02,2016,KC,2016-08-02 19:10:00,19,2,3,5,1,18,5,18,299,84.0,1,52,0.0192,0.0556,0.0,9.0,5.0,9.0,169.0,84.5,36.0,0.0,1.0,9.0,0.0,9.0,130.0,83.6,41.0,0.1111,81.9,27.7,82.3,1015.1,6.3,6.7,4.1,92.7,E,-4.48,-2.52,-5.9,night
448463,2016-08-03,2016,KC,2016-08-03 19:10:00,19,12,0,12,3,15,10,16,329,82.2,2,53,0.0377,0.1875,3.0,5.0,7.0,14.0,175.0,84.9,50.0,0.2143,0.0,10.0,3.0,2.0,154.0,79.1,44.0,0.0,82.8,28.2,79.7,1013.2,3.4,6.4,4.0,166.8,S,3.36,5.0,1.3,night
448478,2016-08-04,2016,KC,2016-08-04 12:10:00,12,3,2,5,2,26,8,13,275,82.3,3,38,0.0789,0.1538,1.0,12.0,6.0,4.0,145.0,81.6,31.0,0.25,1.0,14.0,1.0,9.0,130.0,83.0,31.0,0.1111,83.1,28.4,81.3,1015.4,0.8,12.1,7.5,224.0,SW,12.13,11.47,11.33,day
448497,2016-08-05,2016,MIN,2016-08-05 19:10:00,19,2,6,8,3,19,3,17,297,87.5,5,53,0.0943,0.1765,1.0,9.0,0.0,7.0,140.0,87.8,42.0,0.1429,2.0,10.0,3.0,10.0,157.0,87.3,35.0,0.2,80.4,26.9,84.3,1013.0,0.0,3.6,2.3,194.1,S,3.12,3.57,2.29,night
448512,2016-08-06,2016,MIN,2016-08-06 18:10:00,18,7,3,10,3,17,7,17,323,83.9,2,51,0.0392,0.1765,3.0,7.0,3.0,10.0,163.0,84.7,48.0,0.3,0.0,10.0,4.0,7.0,160.0,82.9,37.0,0.0,80.8,27.1,73.3,1012.3,0.3,3.7,2.3,275.3,W,2.38,1.26,3.22,night
448527,2016-08-07,2016,MIN,2016-08-07 13:10:00,13,3,6,9,4,15,7,20,323,86.8,5,58,0.0862,0.2,2.0,6.0,4.0,8.0,162.0,86.9,39.0,0.25,2.0,9.0,3.0,12.0,161.0,86.8,40.0,0.1667,82.6,28.1,77.3,1013.5,1.5,13.9,8.6,238.0,SW,13.51,11.63,13.76,day
448631,2016-08-15,2016,SD,2016-08-15 19:10:00,19,8,2,10,4,10,10,11,287,84.0,7,50,0.14,0.3636,2.0,5.0,5.0,8.0,155.0,87.2,40.0,0.25,2.0,5.0,4.0,3.0,132.0,80.6,37.0,0.6667,81.6,27.5,81.0,1016.3,0.4,8.1,5.0,21.8,N,-7.41,-8.05,-5.88,night
448645,2016-08-16,2016,SD,2016-08-16 19:10:00,19,15,1,16,5,20,7,23,318,84.9,4,54,0.0741,0.2174,5.0,5.0,3.0,16.0,158.0,87.2,52.0,0.3125,0.0,15.0,4.0,7.0,160.0,81.4,35.0,0.0,80.0,26.7,83.0,1016.8,0.0,11.0,6.8,54.0,NE,-10.86,-9.62,-10.8,night
448660,2016-08-17,2016,SD,2016-08-17 13:10:00,13,2,0,2,1,17,2,11,240,87.0,2,45,0.0444,0.0909,1.0,7.0,1.0,6.0,114.0,86.1,26.0,0.1667,0.0,10.0,1.0,5.0,126.0,87.8,31.0,0.0,86.8,30.5,69.7,1017.9,0.0,14.0,8.7,81.7,E,-11.2,-7.67,-13.38,day
448689,2016-08-19,2016,TEX,2016-08-19 19:10:00,19,2,6,8,4,22,6,17,294,79.3,5,49,0.102,0.2353,1.0,13.0,2.0,6.0,134.0,77.4,33.0,0.1667,3.0,9.0,4.0,11.0,160.0,80.8,41.0,0.2727,81.6,27.5,87.0,1013.6,1.2,4.8,3.0,306.5,NW,0.72,-0.96,2.31,night
448704,2016-08-20,2016,TEX,2016-08-20 18:10:00,18,8,2,10,4,13,3,21,290,83.0,4,57,0.0702,0.1905,2.0,7.0,1.0,12.0,132.0,83.0,42.0,0.1667,2.0,6.0,2.0,9.0,158.0,83.0,45.0,0.2222,84.6,29.2,73.7,1012.0,0.0,8.3,5.2,275.0,W,5.36,2.85,7.22,night
448719,2016-08-21,2016,TEX,2016-08-21 13:10:00,13,8,4,12,4,17,6,15,299,81.5,5,49,0.102,0.2667,2.0,8.0,4.0,8.0,139.0,82.8,36.0,0.25,2.0,9.0,2.0,7.0,160.0,80.4,45.0,0.2857,86.1,30.1,73.3,1015.3,0.2,10.0,6.2,253.7,W,8.74,6.58,9.85,day
448723,2016-08-22,2016,BOS,2016-08-22 19:10:00,19,2,6,8,2,17,10,14,322,82.0,4,49,0.0816,0.1429,1.0,10.0,2.0,5.0,137.0,82.0,38.0,0.2,1.0,7.0,7.0,9.0,185.0,82.0,49.0,0.1111,85.0,29.4,74.0,1016.5,0.0,7.6,4.7,299.0,NW,2.1,-0.53,4.47,night
448732,2016-08-23,2016,BOS,2016-08-23 19:10:00,19,1,2,3,0,25,6,11,303,83.7,1,35,0.0286,0.0,0.0,13.0,2.0,6.0,131.0,83.9,35.0,0.0,0.0,12.0,4.0,5.0,172.0,83.6,42.0,0.0,82.4,28.0,81.3,1017.5,2.4,9.6,5.9,16.3,N,-8.39,-9.46,-6.32,night
448748,2016-08-24,2016,BOS,2016-08-24 19:10:00,19,4,3,7,2,25,4,21,348,84.3,5,60,0.0833,0.0952,1.0,11.0,2.0,12.0,190.0,83.8,54.0,0.0833,1.0,14.0,2.0,9.0,158.0,85.1,39.0,0.1111,83.2,28.4,76.0,1016.0,0.0,8.5,5.3,79.0,E,-7.05,-5.0,-8.25,night
448763,2016-08-25,2016,BOS,2016-08-25 13:10:00,13,2,1,3,0,20,5,14,244,86.9,2,40,0.05,0.0,0.0,13.0,2.0,7.0,122.0,91.6,18.0,0.0,0.0,7.0,3.0,7.0,122.0,84.5,35.0,0.0,86.7,30.4,66.3,1014.0,0.5,17.7,11.0,56.0,NE,-17.41,-15.2,-17.51,day
448877,2016-09-02,2016,TOR,2016-09-02 19:10:00,19,8,3,11,3,19,7,14,305,85.8,4,48,0.0833,0.2143,3.0,7.0,3.0,8.0,149.0,83.5,41.0,0.375,0.0,12.0,4.0,6.0,156.0,88.2,39.0,0.0,80.9,27.2,83.0,1013.1,0.0,13.5,8.4,213.0,SW,13.24,13.4,11.48,night
448892,2016-09-03,2016,TOR,2016-09-03 18:10:00,18,7,5,12,1,18,9,19,321,81.6,2,50,0.04,0.0526,1.0,10.0,3.0,13.0,148.0,81.2,38.0,0.0769,0.0,8.0,6.0,6.0,173.0,82.0,46.0,0.0,81.5,27.5,83.7,1014.2,0.0,5.2,3.3,285.0,W,2.62,0.91,4.01,night
448907,2016-09-04,2016,TOR,2016-09-04 13:10:00,13,3,5,8,1,23,6,18,348,82.5,3,48,0.0625,0.0556,0.0,11.0,2.0,8.0,176.0,80.9,46.0,0.0,1.0,12.0,4.0,10.0,172.0,84.6,37.0,0.1,84.8,29.3,72.3,1016.1,0.0,2.8,1.8,191.9,S,2.37,2.76,1.7,day
448911,2016-09-05,2016,BAL,2016-09-05 13:10:00,13,3,7,10,2,16,3,11,258,86.5,2,49,0.0408,0.1818,1.0,6.0,1.0,2.0,114.0,83.4,30.0,0.5,1.0,10.0,2.0,9.0,144.0,89.4,33.0,0.1111,82.9,28.3,78.7,1017.2,1.9,7.6,4.7,61.3,NE,-7.32,-6.15,-7.62,day
448926,2016-09-06,2016,BAL,2016-09-06 19:10:00,19,2,11,13,4,14,8,22,331,83.8,9,63,0.1429,0.1818,1.0,7.0,2.0,8.0,142.0,82.0,47.0,0.125,3.0,7.0,6.0,14.0,189.0,85.2,62.0,0.2143,82.2,27.9,68.3,1017.6,0.0,8.5,5.3,76.7,E,-7.26,-5.29,-8.36,night
448941,2016-09-07,2016,BAL,2016-09-07 13:10:00,13,7,6,13,3,22,8,23,345,82.5,4,52,0.0769,0.1304,2.0,15.0,4.0,13.0,182.0,82.4,38.0,0.1538,1.0,7.0,4.0,10.0,163.0,82.6,41.0,0.1,83.7,28.7,69.3,1018.8,0.0,11.6,7.2,71.7,E,-10.34,-7.94,-11.49,day
449125,2016-09-20,2016,NYY,2016-09-20 19:10:00,19,3,5,8,2,22,5,15,293,84.0,3,48,0.0625,0.1333,0.0,16.0,1.0,5.0,148.0,82.2,28.0,0.0,2.0,6.0,3.0,10.0,145.0,85.1,43.0,0.2,81.9,27.7,76.0,1012.1,0.0,8.1,5.0,304.1,NW,1.53,-1.27,4.15,night
449140,2016-09-21,2016,NYY,2016-09-21 19:10:00,19,5,11,16,8,15,5,25,315,84.1,7,63,0.1111,0.32,5.0,7.0,2.0,8.0,147.0,83.4,43.0,0.625,3.0,8.0,3.0,17.0,168.0,84.7,54.0,0.1765,80.5,26.9,82.0,1012.5,0.6,4.8,3.0,11.3,N,-3.97,-4.63,-2.82,night
449152,2016-09-22,2016,NYY,2016-09-22 19:10:00,19,2,0,2,1,18,5,15,265,82.6,1,45,0.0222,0.0667,1.0,9.0,2.0,7.0,118.0,82.3,32.0,0.1429,0.0,9.0,3.0,8.0,147.0,82.8,42.0,0.0,81.3,27.4,78.0,1012.2,0.9,6.1,3.8,336.0,NW,-2.2,-4.02,-0.11,night
449158,2016-09-23,2016,BOS,2016-09-23 19:10:00,19,1,2,3,2,16,7,15,293,84.9,4,51,0.0784,0.1333,1.0,9.0,1.0,6.0,142.0,84.1,35.0,0.1667,1.0,7.0,4.0,9.0,151.0,85.6,40.0,0.1111,82.7,28.2,73.7,1012.9,0.0,6.0,3.7,334.3,NW,-1.99,-3.82,0.08,night
449173,2016-09-24,2016,BOS,2016-09-24 18:10:00,18,4,6,10,2,19,3,19,293,82.5,3,51,0.0588,0.1053,1.0,12.0,1.0,11.0,158.0,83.0,47.0,0.0909,1.0,7.0,2.0,8.0,135.0,81.9,40.0,0.125,83.1,28.4,74.0,1013.4,2.5,11.0,6.8,65.7,NE,-10.29,-8.34,-11.0,night
449188,2016-09-25,2016,BOS,2016-09-25 13:10:00,13,2,3,5,1,31,9,15,394,80.5,0,40,0.0,0.0667,0.0,23.0,3.0,7.0,184.0,79.6,36.0,0.0,1.0,8.0,6.0,8.0,210.0,81.2,56.0,0.125,83.4,28.5,77.3,1014.1,0.3,4.2,2.6,85.3,E,-3.23,-2.09,-3.97,day
490106,2017-04-02,2017,NYY,2017-04-02 13:10:00,13,7,3,10,2,18,4,22,284,84.3,2,56,0.0357,0.0909,2.0,10.0,3.0,13.0,141.0,85.7,37.0,0.1538,0.0,8.0,1.0,9.0,143.0,82.8,35.0,0.0,83.2,28.5,55.7,1014.9,0.0,7.3,4.6,196.6,S,6.45,7.26,4.87,day
490116,2017-04-04,2017,NYY,2017-04-04 19:10:00,19,0,5,5,2,13,6,14,312,79.1,2,55,0.0364,0.1429,0.0,8.0,3.0,5.0,153.0,75.8,47.0,0.0,2.0,5.0,3.0,9.0,159.0,82.0,52.0,0.2222,76.3,24.6,89.0,1012.5,0.0,10.3,6.4,177.4,S,6.97,9.16,3.94,night
490128,2017-04-05,2017,NYY,2017-04-05 19:10:00,19,4,1,5,2,16,4,16,282,83.2,1,48,0.0208,0.125,1.0,10.0,2.0,8.0,134.0,83.8,30.0,0.125,1.0,6.0,2.0,8.0,148.0,82.7,40.0,0.125,76.2,24.6,89.0,1012.3,0.0,17.2,10.7,214.3,SW,16.94,17.01,14.82,night
490147,2017-04-06,2017,TOR,2017-04-06 19:10:00,19,2,5,7,1,15,8,13,260,82.2,3,48,0.0625,0.0769,0.0,7.0,3.0,8.0,122.0,83.6,33.0,0.0,1.0,8.0,5.0,5.0,138.0,81.0,36.0,0.2,67.3,19.6,49.3,1013.6,0.0,24.6,15.3,300.0,NW,6.36,-2.14,14.09,night
490161,2017-04-07,2017,TOR,2017-04-07 19:10:00,19,10,8,18,3,21,12,24,358,84.6,5,54,0.0926,0.125,1.0,14.0,7.0,13.0,165.0,83.5,30.0,0.0769,2.0,7.0,5.0,11.0,193.0,85.4,47.0,0.1818,65.0,18.3,38.3,1015.9,0.0,22.2,13.8,311.3,NW,1.42,-6.24,8.91,night
490176,2017-04-08,2017,TOR,2017-04-08 18:10:00,18,3,2,5,0,21,13,13,334,82.0,1,55,0.0182,0.0,0.0,9.0,7.0,8.0,176.0,82.0,41.0,0.0,0.0,12.0,4.0,5.0,158.0,81.9,38.0,0.0,68.2,20.1,28.0,1015.4,0.0,21.6,13.4,315.0,NW,0.0,-7.39,7.39,night
490191,2017-04-09,2017,TOR,2017-04-09 13:10:00,13,7,2,9,4,12,6,12,306,81.1,1,49,0.0204,0.3333,3.0,8.0,5.0,9.0,162.0,81.6,44.0,0.3333,1.0,4.0,1.0,3.0,144.0,80.7,47.0,0.3333,78.8,26.0,21.3,1018.2,0.0,7.0,4.3,42.5,NE,-6.99,-6.67,-6.47,day
490301,2017-04-18,2017,DET,2017-04-18 19:10:00,19,5,1,6,2,18,6,13,292,82.6,2,46,0.0435,0.1538,1.0,10.0,4.0,9.0,149.0,82.4,33.0,0.1111,1.0,8.0,1.0,4.0,143.0,82.7,39.0,0.25,77.0,25.0,63.3,1016.7,0.1,11.2,7.0,295.8,NW,3.69,-0.15,7.08,night
490316,2017-04-19,2017,DET,2017-04-19 19:10:00,19,8,7,15,0,22,9,23,328,84.5,1,50,0.02,0.0,0.0,8.0,2.0,14.0,157.0,87.1,43.0,0.0,0.0,14.0,5.0,9.0,171.0,81.0,31.0,0.0,80.3,26.8,50.7,1017.5,0.3,8.9,5.5,153.9,SE,2.87,5.56,-0.18,night
490329,2017-04-20,2017,DET,2017-04-20 13:10:00,13,8,1,9,4,15,5,16,288,84.8,8,52,0.1538,0.25,3.0,7.0,3.0,11.0,156.0,85.6,38.0,0.2727,1.0,8.0,2.0,5.0,132.0,83.9,32.0,0.2,84.5,29.2,36.0,1017.2,0.0,14.2,8.8,93.3,E,-9.44,-5.24,-12.5,day
490341,2017-04-21,2017,HOU,2017-04-21 19:10:00,19,3,6,9,4,17,4,19,286,83.9,7,53,0.1321,0.2105,3.0,8.0,1.0,8.0,132.0,83.3,37.0,0.375,1.0,9.0,3.0,11.0,154.0,84.4,45.0,0.0909,74.7,23.7,65.7,1011.9,0.0,17.8,11.1,296.0,NW,5.81,-0.31,11.22,night
490356,2017-04-22,2017,HOU,2017-04-22 18:10:00,18,6,3,9,2,16,7,16,268,83.3,2,49,0.0408,0.125,0.0,10.0,2.0,12.0,141.0,82.1,40.0,0.0,2.0,6.0,5.0,4.0,127.0,85.1,29.0,0.5,76.0,24.4,71.3,1010.1,0.0,10.3,6.4,225.7,SW,10.3,9.63,9.72,night
490371,2017-04-23,2017,HOU,2017-04-23 13:10:00,13,4,6,10,3,16,8,19,325,81.8,3,59,0.0508,0.1579,1.0,11.0,3.0,7.0,163.0,80.0,45.0,0.1429,2.0,5.0,5.0,12.0,162.0,83.7,45.0,0.1667,83.1,28.4,51.0,1008.0,0.0,4.4,2.8,105.3,E,-2.2,-0.75,-3.38,day
490507,2017-05-03,2017,MIA,2017-05-03 19:10:00,19,6,10,16,2,19,7,25,360,81.7,3,61,0.0492,0.08,1.0,8.0,4.0,8.0,169.0,77.8,42.0,0.125,1.0,11.0,3.0,17.0,191.0,84.9,52.0,0.0588,78.0,25.6,73.7,1012.6,0.5,11.7,7.3,127.0,SE,-1.64,2.44,-5.51,night
490522,2017-05-04,2017,MIA,2017-05-04 19:10:00,19,5,1,6,2,16,10,14,325,80.8,3,49,0.0612,0.1429,2.0,5.0,5.0,7.0,158.0,81.4,53.0,0.2857,0.0,11.0,5.0,7.0,167.0,80.0,41.0,0.0,75.5,24.2,86.3,1006.7,0.1,22.8,14.1,180.4,S,16.22,20.71,9.78,night
490542,2017-05-05,2017,TOR,2017-05-05 19:10:00,19,4,8,12,5,25,8,16,328,83.1,6,45,0.1333,0.3125,2.0,12.0,5.0,7.0,157.0,77.1,33.0,0.2857,3.0,13.0,3.0,9.0,171.0,88.0,41.0,0.3333,71.2,21.8,49.0,1007.2,0.0,30.7,19.1,261.0,W,24.81,17.15,29.48,night
490572,2017-05-07,2017,TOR,2017-05-07 13:10:00,13,1,2,3,1,16,4,7,241,80.3,1,45,0.0222,0.1429,0.0,11.0,2.0,3.0,137.0,77.4,38.0,0.0,1.0,5.0,2.0,4.0,104.0,83.5,35.0,0.25,79.7,26.5,41.0,1014.7,0.0,9.9,6.2,316.0,NW,-0.17,-3.56,3.23,day
490576,2017-05-08,2017,KC,2017-05-08 19:10:00,19,3,7,10,2,23,5,22,321,84.9,2,50,0.04,0.0909,1.0,16.0,3.0,9.0,150.0,80.8,29.0,0.1111,1.0,7.0,2.0,13.0,171.0,87.6,44.0,0.0769,76.5,24.7,49.0,1013.8,0.0,19.7,12.2,316.7,NW,-0.57,-7.26,6.19,night
490588,2017-05-09,2017,KC,2017-05-09 19:10:00,19,6,7,13,4,23,13,24,385,81.0,4,68,0.0588,0.1667,2.0,14.0,5.0,12.0,197.0,79.8,55.0,0.1667,2.0,9.0,6.0,12.0,188.0,82.0,65.0,0.1667,79.2,26.2,55.0,1013.9,0.0,18.5,11.5,311.0,NW,1.29,-5.11,7.54,night
490604,2017-05-10,2017,KC,2017-05-10 19:10:00,19,12,1,13,3,20,3,24,253,85.1,4,53,0.0755,0.125,3.0,7.0,2.0,16.0,131.0,87.3,42.0,0.1875,0.0,13.0,0.0,8.0,122.0,82.6,37.0,0.0,80.0,26.7,48.7,1014.6,0.0,18.0,11.2,305.7,NW,2.92,-3.34,8.83,night
490617,2017-05-11,2017,KC,2017-05-11 13:10:00,13,0,6,6,1,14,5,12,289,80.4,3,48,0.0625,0.0833,0.0,7.0,1.0,4.0,119.0,78.0,30.0,0.0,1.0,7.0,4.0,8.0,170.0,81.8,50.0,0.125,87.0,30.6,41.7,1014.8,0.0,15.3,9.5,268.7,W,11.05,6.78,13.98,day
490727,2017-05-19,2017,NYY,2017-05-19 19:10:00,19,5,4,9,1,20,7,19,277,79.0,2,47,0.0426,0.0526,0.0,13.0,5.0,11.0,158.0,80.0,39.0,0.0,1.0,7.0,2.0,8.0,119.0,77.9,37.0,0.125,76.8,24.9,84.0,1014.1,4.1,8.8,5.5,197.0,S,7.8,8.75,5.91,night
490742,2017-05-20,2017,NYY,2017-05-20 16:10:00,16,9,5,14,5,19,7,19,338,82.3,7,51,0.1373,0.2632,3.0,9.0,5.0,12.0,181.0,84.4,45.0,0.25,2.0,10.0,1.0,7.0,157.0,80.3,46.0,0.2857,85.3,29.6,63.0,1013.9,0.0,19.5,12.1,223.7,SW,19.46,18.44,18.13,day
490757,2017-05-21,2017,NYY,2017-05-21 13:10:00,13,2,3,5,2,28,5,11,304,82.4,0,37,0.0,0.1818,1.0,11.0,2.0,4.0,146.0,82.3,40.0,0.25,1.0,17.0,3.0,7.0,158.0,82.5,42.0,0.1429,86.1,30.1,57.0,1017.4,0.0,10.0,6.2,243.3,SW,9.52,7.87,10.03,day
490768,2017-05-22,2017,LAA,2017-05-22 19:10:00,19,2,3,5,3,20,11,12,318,82.1,2,42,0.0476,0.25,2.0,10.0,3.0,7.0,153.0,80.9,34.0,0.2857,1.0,10.0,6.0,5.0,165.0,83.3,37.0,0.2,80.1,26.7,75.3,1012.8,0.0,9.5,5.9,229.4,SW,9.47,8.65,9.15,night
490777,2017-05-23,2017,LAA,2017-05-23 19:10:00,19,0,4,4,2,16,7,12,262,82.0,2,46,0.0435,0.1667,0.0,10.0,3.0,3.0,126.0,79.1,38.0,0.0,2.0,6.0,3.0,9.0,136.0,84.9,37.0,0.2222,79.8,26.5,82.0,1008.7,0.1,24.2,15.0,203.0,SW,22.44,24.19,17.99,night
490792,2017-05-24,2017,LAA,2017-05-24 19:10:00,19,5,2,7,4,17,6,11,263,85.4,5,43,0.1163,0.3636,3.0,11.0,3.0,7.0,136.0,83.6,32.0,0.4286,1.0,6.0,2.0,4.0,127.0,87.3,32.0,0.25,77.8,25.4,81.0,1004.1,7.6,34.6,21.5,219.3,SW,34.4,33.49,31.16,night
490807,2017-05-25,2017,LAA,2017-05-25 13:10:00,13,4,0,4,0,11,6,15,263,82.7,1,53,0.0189,0.0,0.0,6.0,3.0,9.0,135.0,84.1,35.0,0.0,0.0,5.0,3.0,6.0,128.0,81.2,35.0,0.0,78.3,25.7,56.7,1010.4,0.0,15.4,9.6,283.7,W,8.03,3.03,12.05,day
490965,2017-06-06,2017,CWS,2017-06-06 19:10:00,19,2,4,6,3,24,9,14,328,85.8,2,42,0.0476,0.2143,0.0,9.0,4.0,6.0,181.0,84.3,44.0,0.0,3.0,15.0,2.0,8.0,147.0,88.2,27.0,0.375,78.3,25.7,83.3,1005.6,4.2,19.1,11.9,195.3,S,16.58,18.82,12.34,night
490980,2017-06-07,2017,CWS,2017-06-07 19:10:00,19,3,1,4,0,17,5,10,267,82.3,3,44,0.0682,0.0,0.0,9.0,1.0,6.0,138.0,82.6,33.0,0.0,0.0,8.0,2.0,4.0,129.0,82.1,35.0,0.0,78.1,25.6,85.3,1004.2,0.7,20.3,12.6,217.9,SW,20.14,19.79,18.07,night
490995,2017-06-08,2017,CWS,2017-06-08 19:10:00,19,7,5,12,6,15,5,22,299,83.6,4,55,0.0727,0.2727,4.0,5.0,4.0,10.0,144.0,85.2,40.0,0.4,2.0,10.0,1.0,12.0,155.0,82.2,44.0,0.1667,78.2,25.7,80.0,1006.6,0.0,10.5,6.5,347.3,N,-5.63,-8.34,-2.25,night
491016,2017-06-09,2017,ATH,2017-06-09 19:10:00,19,13,4,17,6,16,6,21,324,81.6,6,56,0.1071,0.2857,5.0,6.0,2.0,15.0,163.0,81.6,47.0,0.3333,1.0,10.0,4.0,6.0,161.0,81.7,41.0,0.1667,80.3,26.8,78.0,1011.3,0.0,9.0,5.6,278.1,W,5.38,2.6,7.51,night
491031,2017-06-10,2017,ATH,2017-06-10 14:10:00,14,6,5,11,0,23,4,27,339,82.4,1,59,0.0169,0.0,0.0,15.0,2.0,11.0,168.0,83.7,37.0,0.0,0.0,8.0,2.0,16.0,171.0,81.5,59.0,0.0,81.5,27.5,81.3,1015.6,0.5,14.1,8.8,194.3,S,12.13,13.86,8.94,day
491032,2017-06-10,2017,ATH,2017-06-10 14:15:00,14,2,7,9,4,21,3,22,295,83.7,6,53,0.1132,0.1818,1.0,8.0,2.0,6.0,128.0,85.3,32.0,0.1667,3.0,13.0,1.0,16.0,167.0,82.5,46.0,0.1875,81.5,27.5,81.3,1015.6,0.5,14.1,8.8,194.3,S,12.13,13.86,8.94,day
491047,2017-06-11,2017,ATH,2017-06-11 13:10:00,13,5,4,9,1,18,6,21,311,85.0,3,51,0.0588,0.0476,1.0,8.0,2.0,11.0,149.0,84.4,36.0,0.0909,0.0,10.0,4.0,10.0,162.0,85.4,45.0,0.0,84.9,29.4,74.3,1018.1,0.3,7.2,4.5,124.7,SE,-1.29,1.2,-3.62,day
491146,2017-06-19,2017,CIN,2017-06-19 19:10:00,19,3,7,10,4,16,7,16,301,81.3,5,52,0.0962,0.25,2.0,10.0,1.0,7.0,133.0,84.1,34.0,0.2857,2.0,6.0,5.0,9.0,168.0,79.5,50.0,0.2222,78.5,25.8,88.0,1013.2,0.7,11.4,7.1,82.6,E,-9.04,-6.11,-10.87,night
491159,2017-06-20,2017,CIN,2017-06-20 19:10:00,19,6,5,11,3,19,7,21,315,83.0,3,52,0.0577,0.1429,2.0,9.0,5.0,8.0,162.0,84.6,46.0,0.25,1.0,10.0,2.0,13.0,153.0,81.5,46.0,0.0769,80.7,27.0,84.0,1012.2,0.4,8.7,5.4,105.3,E,-4.29,-1.46,-6.61,night
491174,2017-06-21,2017,CIN,2017-06-21 12:10:00,12,8,3,11,3,20,10,19,293,80.8,2,47,0.0426,0.1579,2.0,8.0,4.0,14.0,139.0,81.8,48.0,0.1429,1.0,12.0,6.0,5.0,154.0,79.4,36.0,0.2,85.9,30.0,78.0,1014.3,0.1,16.3,10.1,154.4,SE,5.42,10.34,-0.16,day
491198,2017-06-23,2017,BAL,2017-06-23 19:10:00,19,15,5,20,3,10,10,21,303,84.3,5,63,0.0794,0.1429,3.0,5.0,8.0,11.0,176.0,81.3,46.0,0.2727,0.0,5.0,2.0,10.0,127.0,87.7,40.0,0.0,82.6,28.1,78.0,1013.4,0.0,9.0,5.6,272.7,W,6.06,3.42,7.97,night
491213,2017-06-24,2017,BAL,2017-06-24 16:10:00,16,3,8,11,5,19,8,18,303,78.9,6,50,0.12,0.2778,2.0,9.0,5.0,7.0,137.0,78.4,33.0,0.2857,3.0,10.0,3.0,11.0,166.0,79.2,49.0,0.2727,84.6,29.2,72.7,1015.0,0.0,10.9,6.8,219.3,SW,10.88,10.59,9.85,day
491228,2017-06-25,2017,BAL,2017-06-25 13:10:00,13,5,8,13,4,19,6,23,313,86.2,3,54,0.0556,0.1739,1.0,10.0,3.0,13.0,158.0,87.1,49.0,0.0769,3.0,9.0,1.0,10.0,155.0,85.2,44.0,0.3,85.2,29.6,73.0,1017.3,0.2,4.4,2.7,236.4,SW,4.31,3.76,4.35,day
491381,2017-07-06,2017,BOS,2017-07-06 19:10:00,19,4,1,5,2,19,5,14,276,80.9,2,44,0.0455,0.1429,2.0,13.0,0.0,8.0,133.0,81.1,31.0,0.25,0.0,6.0,4.0,6.0,143.0,80.8,35.0,0.0,85.1,29.5,71.3,1016.7,0.2,9.5,5.9,302.7,NW,2.02,-1.26,5.06,night
491391,2017-07-07,2017,BOS,2017-07-07 19:10:00,19,3,8,11,4,21,10,21,329,83.1,6,51,0.1176,0.1905,1.0,12.0,6.0,10.0,154.0,83.6,38.0,0.1,3.0,9.0,4.0,11.0,175.0,82.8,51.0,0.2727,84.0,28.9,74.7,1015.7,0.0,4.1,2.6,319.0,NW,-0.29,-1.68,1.14,night
491406,2017-07-08,2017,BOS,2017-07-08 16:10:00,16,1,0,1,0,11,3,9,256,80.5,3,50,0.06,0.0,0.0,7.0,0.0,6.0,111.0,82.0,35.0,0.0,0.0,4.0,2.0,3.0,145.0,79.2,39.0,0.0,83.7,28.7,74.7,1015.6,0.2,9.5,5.9,231.0,SW,9.42,8.51,9.18,day
491421,2017-07-09,2017,BOS,2017-07-09 13:10:00,13,5,3,8,3,16,8,16,286,81.3,1,50,0.02,0.1875,1.0,6.0,4.0,7.0,142.0,79.1,42.0,0.1429,2.0,10.0,4.0,9.0,144.0,83.8,38.0,0.2222,82.8,28.2,83.3,1016.4,0.5,8.6,5.3,201.7,S,7.87,8.55,6.23,day
491544,2017-07-21,2017,TEX,2017-07-21 19:10:00,19,3,4,7,5,17,4,13,267,78.5,6,55,0.1091,0.3846,3.0,12.0,1.0,6.0,120.0,72.0,35.0,0.5,2.0,5.0,2.0,7.0,147.0,83.4,46.0,0.2857,81.1,27.3,80.0,1015.2,0.1,8.3,5.2,228.1,SW,8.29,7.63,7.94,night
491559,2017-07-22,2017,TEX,2017-07-22 19:10:00,19,3,4,7,1,19,5,12,272,78.1,2,47,0.0426,0.0833,0.0,5.0,4.0,7.0,140.0,77.7,46.0,0.0,1.0,14.0,1.0,5.0,132.0,78.6,39.0,0.2,81.1,27.3,81.0,1015.4,3.2,7.5,4.7,159.2,S,3.09,5.25,0.55,night
491574,2017-07-23,2017,TEX,2017-07-23 13:10:00,13,5,6,11,4,25,13,14,355,79.6,4,42,0.0952,0.2857,0.0,13.0,7.0,6.0,170.0,79.0,46.0,0.0,4.0,12.0,6.0,8.0,185.0,80.2,46.0,0.5,81.1,27.3,80.0,1015.8,1.0,11.6,7.2,209.9,SW,11.2,11.56,9.5,day
491578,2017-07-24,2017,BAL,2017-07-24 19:10:00,19,0,5,5,1,15,6,15,294,77.3,1,51,0.0196,0.0667,0.0,10.0,5.0,6.0,149.0,78.9,43.0,0.0,1.0,5.0,1.0,9.0,145.0,75.8,44.0,0.1111,83.9,28.8,75.7,1015.4,0.0,11.1,6.9,286.7,W,5.24,1.59,8.26,night
491590,2017-07-25,2017,BAL,2017-07-25 19:10:00,19,5,4,9,2,10,8,16,263,83.2,2,54,0.037,0.125,1.0,4.0,4.0,6.0,130.0,81.7,34.0,0.1667,1.0,6.0,4.0,10.0,133.0,84.4,42.0,0.1,85.9,30.0,66.3,1016.9,0.0,10.6,6.6,306.0,NW,1.66,-2.03,5.16,night
491605,2017-07-26,2017,BAL,2017-07-26 12:10:00,12,5,1,6,3,20,4,14,264,80.9,3,41,0.0732,0.2143,2.0,11.0,3.0,8.0,137.0,78.1,38.0,0.25,1.0,9.0,1.0,6.0,127.0,84.4,31.0,0.1667,90.2,32.3,54.7,1017.2,0.0,4.1,2.5,245.2,SW,3.82,3.11,4.07,day
491729,2017-08-04,2017,MIL,2017-08-04 19:10:00,19,0,2,2,1,24,5,14,274,78.0,1,41,0.0244,0.0714,0.0,11.0,3.0,9.0,143.0,76.6,40.0,0.0,1.0,13.0,2.0,5.0,131.0,79.9,27.0,0.2,84.3,29.0,77.3,1016.4,0.0,10.0,6.2,289.8,W,4.26,0.91,7.09,night
491744,2017-08-05,2017,MIL,2017-08-05 18:10:00,18,0,3,3,1,17,6,11,313,78.4,1,47,0.0213,0.0909,0.0,5.0,2.0,4.0,141.0,80.0,43.0,0.0,1.0,12.0,4.0,7.0,172.0,76.7,41.0,0.1429,85.0,29.4,75.7,1015.1,0.2,5.0,3.1,267.9,W,3.64,2.26,4.57,night
491759,2017-08-06,2017,MIL,2017-08-06 13:10:00,13,2,1,3,2,18,5,13,243,78.0,2,42,0.0476,0.1538,1.0,9.0,2.0,7.0,109.0,78.7,35.0,0.1429,1.0,9.0,3.0,6.0,134.0,77.2,34.0,0.1667,88.8,31.6,57.7,1016.1,0.0,4.3,2.7,126.3,SE,-0.65,0.85,-2.08,day
491777,2017-08-08,2017,BOS,2017-08-08 19:10:00,19,0,2,2,0,23,2,14,273,78.4,0,44,0.0,0.0,0.0,16.0,1.0,2.0,127.0,73.6,37.0,0.0,0.0,7.0,1.0,12.0,146.0,82.4,44.0,0.0,83.7,28.7,76.0,1013.9,0.2,7.9,4.9,39.4,NE,-7.86,-7.65,-7.12,night
491792,2017-08-09,2017,BOS,2017-08-09 19:10:00,19,2,8,10,2,14,6,13,286,78.0,1,52,0.0192,0.1538,2.0,9.0,2.0,4.0,116.0,77.9,33.0,0.5,0.0,5.0,2.0,9.0,170.0,78.1,52.0,0.0,84.4,29.1,77.3,1015.2,0.0,12.8,7.9,20.6,N,-11.62,-12.73,-9.12,night
491807,2017-08-10,2017,CLE,2017-08-10 19:10:00,19,4,1,5,1,20,6,14,275,78.1,1,43,0.0233,0.0714,1.0,12.0,4.0,10.0,144.0,80.0,41.0,0.1,0.0,8.0,2.0,4.0,131.0,75.9,34.0,0.0,82.2,27.9,80.0,1015.6,2.2,9.9,6.2,347.5,N,-5.32,-7.86,-2.15,night
491823,2017-08-11,2017,CLE,2017-08-11 19:10:00,19,0,5,5,1,21,7,10,266,82.7,2,43,0.0465,0.1,0.0,12.0,2.0,3.0,121.0,80.2,27.0,0.0,1.0,9.0,5.0,7.0,145.0,84.6,37.0,0.1429,81.3,27.4,83.7,1014.2,0.4,7.6,4.7,230.0,SW,7.57,6.89,7.34,night
491838,2017-08-12,2017,CLE,2017-08-12 18:10:00,18,0,3,3,0,27,4,11,297,79.2,2,35,0.0571,0.0,0.0,13.0,1.0,4.0,127.0,81.1,29.0,0.0,0.0,14.0,3.0,7.0,170.0,77.9,44.0,0.0,81.1,27.3,85.0,1012.7,0.1,7.6,4.7,286.7,W,3.62,1.11,5.7,night
491853,2017-08-13,2017,CLE,2017-08-13 13:10:00,13,3,4,7,3,21,6,12,281,78.3,3,43,0.0698,0.25,1.0,12.0,3.0,4.0,131.0,79.3,39.0,0.25,2.0,9.0,2.0,8.0,150.0,77.5,46.0,0.25,83.7,28.7,80.7,1014.1,0.4,7.8,4.9,223.6,SW,7.83,7.42,7.29,day
491924,2017-08-18,2017,SEA,2017-08-18 19:10:00,19,1,7,8,1,16,5,18,278,80.8,6,54,0.1111,0.0556,0.0,11.0,3.0,4.0,137.0,81.6,37.0,0.0,1.0,5.0,2.0,14.0,141.0,80.2,52.0,0.0714,82.3,27.9,82.0,1013.8,0.0,4.2,2.6,74.3,E,-3.64,-2.72,-4.11,night
491939,2017-08-19,2017,SEA,2017-08-19 18:10:00,18,6,7,13,5,19,8,19,323,82.6,4,53,0.0755,0.2632,3.0,12.0,1.0,9.0,151.0,83.3,45.0,0.3333,2.0,7.0,7.0,10.0,172.0,81.9,47.0,0.2,86.2,30.1,68.0,1011.7,0.0,7.4,4.6,336.3,NW,-2.69,-4.89,-0.17,night
491954,2017-08-20,2017,SEA,2017-08-20 13:10:00,13,3,0,3,2,18,7,8,259,79.8,2,39,0.0513,0.25,2.0,7.0,4.0,5.0,133.0,82.3,32.0,0.4,0.0,11.0,2.0,3.0,126.0,77.4,32.0,0.0,88.8,31.5,58.3,1015.1,0.0,16.2,10.1,95.7,E,-10.29,-5.37,-13.96,day
491979,2017-08-22,2017,TOR,2017-08-22 19:10:00,19,6,5,11,4,16,5,19,279,82.9,4,54,0.0741,0.2105,2.0,3.0,3.0,12.0,137.0,82.6,44.0,0.1667,2.0,13.0,1.0,7.0,142.0,83.4,35.0,0.2857,90.1,32.3,51.7,1012.8,0.0,17.8,11.1,55.7,NE,-17.49,-15.31,-17.56,night
491994,2017-08-23,2017,TOR,2017-08-23 19:10:00,19,6,7,13,9,16,5,23,309,81.5,7,59,0.1186,0.3913,3.0,7.0,4.0,11.0,154.0,79.9,46.0,0.2727,6.0,9.0,1.0,12.0,155.0,83.2,44.0,0.5,80.7,27.0,85.0,1009.5,0.6,16.3,10.1,83.7,E,-12.75,-8.49,-15.47,night
492006,2017-08-24,2017,TOR,2017-08-24 13:10:00,13,2,0,2,1,21,5,11,314,80.9,2,41,0.0488,0.0909,1.0,14.0,3.0,5.0,145.0,79.5,40.0,0.2,0.0,7.0,2.0,6.0,169.0,82.1,42.0,0.0,88.9,31.6,55.3,1009.7,0.1,10.5,6.5,118.3,SE,-3.02,0.61,-6.29,day
492155,2017-09-04,2017,MIN,2017-09-04 19:10:00,19,11,4,15,3,21,8,18,311,80.8,1,47,0.0213,0.1667,2.0,10.0,3.0,13.0,147.0,83.2,43.0,0.1538,1.0,11.0,4.0,5.0,164.0,78.5,48.0,0.2,81.7,27.6,79.0,1014.1,0.0,5.7,3.5,46.9,NE,-5.7,-5.29,-5.42,night
492170,2017-09-05,2017,MIN,2017-09-05 19:10:00,19,2,1,3,2,13,3,10,232,81.8,4,47,0.0851,0.2,1.0,6.0,1.0,6.0,103.0,81.9,34.0,0.1667,1.0,7.0,2.0,4.0,129.0,81.8,34.0,0.25,81.7,27.6,81.0,1012.0,0.9,4.4,2.8,41.6,NE,-4.43,-4.25,-4.07,night
492185,2017-09-06,2017,MIN,2017-09-06 13:10:00,13,6,10,16,5,20,7,20,310,79.4,4,51,0.0784,0.25,3.0,9.0,3.0,8.0,137.0,79.8,39.0,0.375,2.0,11.0,2.0,12.0,173.0,79.0,45.0,0.1667,83.4,28.5,76.7,1011.9,0.1,3.7,2.3,179.4,S,2.59,3.34,1.53,day
492251,2017-09-11,2017,NYY,2017-09-11 19:10:00,19,1,5,6,1,23,9,12,333,80.6,2,42,0.0476,0.0833,0.0,12.0,3.0,8.0,158.0,78.4,39.0,0.0,1.0,11.0,6.0,4.0,175.0,82.5,45.0,0.25,78.1,25.6,74.3,1002.9,0.0,24.7,15.3,263.3,W,19.35,12.95,23.41,night
492264,2017-09-12,2017,NYY,2017-09-12 19:10:00,19,2,1,3,2,19,3,8,226,78.2,2,39,0.0513,0.25,2.0,9.0,1.0,5.0,94.0,79.4,29.0,0.4,0.0,10.0,2.0,3.0,132.0,77.1,34.0,0.0,78.4,25.8,78.7,1009.3,0.0,6.5,4.1,306.4,NW,0.98,-1.29,3.13,night
492279,2017-09-13,2017,NYY,2017-09-13 13:10:00,13,2,3,5,1,20,7,19,340,81.2,0,52,0.0,0.0526,1.0,12.0,3.0,9.0,167.0,81.3,44.0,0.1111,0.0,8.0,3.0,10.0,173.0,81.1,45.0,0.0,83.5,28.6,63.7,1012.0,0.0,6.3,3.9,191.2,S,5.23,6.12,3.72,day
492298,2017-09-15,2017,BOS,2017-09-15 19:10:00,19,6,13,19,5,37,12,34,554,82.0,6,87,0.069,0.1471,4.0,24.0,5.0,13.0,271.0,78.8,72.0,0.3077,1.0,13.0,3.0,21.0,283.0,84.8,81.0,0.0476,80.0,26.7,87.3,1013.1,0.7,9.3,5.8,34.3,NE,-9.1,-9.15,-7.96,night
492313,2017-09-16,2017,BOS,2017-09-16 18:10:00,18,1,3,4,1,13,2,12,265,80.9,3,52,0.0577,0.0833,0.0,6.0,1.0,5.0,116.0,82.7,32.0,0.0,1.0,7.0,1.0,7.0,149.0,79.6,41.0,0.1429,82.0,27.8,78.7,1012.9,0.0,16.7,10.4,43.1,NE,-16.69,-15.88,-15.49,night
492328,2017-09-17,2017,BOS,2017-09-17 13:10:00,13,3,2,5,2,17,3,11,262,82.9,2,45,0.0444,0.1818,1.0,9.0,1.0,8.0,138.0,82.2,36.0,0.125,1.0,8.0,2.0,3.0,124.0,83.6,36.0,0.3333,85.5,29.7,60.7,1014.0,0.0,15.5,9.6,22.7,NE,-14.34,-15.49,-11.46,day
492350,2017-09-19,2017,CHC,2017-09-19 19:10:00,19,1,2,3,2,20,1,7,260,83.4,3,40,0.075,0.2857,1.0,11.0,0.0,1.0,121.0,83.7,32.0,1.0,1.0,9.0,1.0,6.0,139.0,83.3,38.0,0.1667,81.4,27.4,72.3,1011.8,0.0,11.5,7.1,78.3,E,-9.61,-6.87,-11.19,night
492365,2017-09-20,2017,CHC,2017-09-20 19:10:00,19,8,1,9,1,15,11,15,313,80.2,1,47,0.0213,0.0667,1.0,7.0,7.0,10.0,171.0,81.5,45.0,0.1,0.0,8.0,4.0,5.0,142.0,78.8,42.0,0.0,82.5,28.0,69.7,1012.3,0.1,13.9,8.6,88.6,E,-10.04,-6.16,-12.71,night
492486,2017-09-29,2017,BAL,2017-09-29 19:10:00,19,7,0,7,2,19,12,11,306,77.6,2,40,0.05,0.1818,2.0,7.0,10.0,7.0,167.0,75.8,40.0,0.2857,0.0,12.0,2.0,4.0,139.0,80.1,29.0,0.0,78.7,26.0,87.0,1011.6,2.6,9.5,5.9,92.7,E,-6.37,-3.6,-8.38,night
492501,2017-09-30,2017,BAL,2017-09-30 18:10:00,18,4,3,7,1,16,6,17,281,79.6,1,51,0.0196,0.0588,1.0,7.0,2.0,10.0,143.0,78.8,45.0,0.1,0.0,9.0,4.0,7.0,138.0,80.5,39.0,0.0,78.6,25.9,85.3,1010.9,0.1,6.7,4.2,347.4,N,-3.59,-5.31,-1.44,night
492516,2017-10-01,2017,BAL,2017-10-01 15:10:00,15,6,0,6,1,28,4,13,275,79.3,2,36,0.0556,0.0769,1.0,10.0,4.0,10.0,147.0,77.7,43.0,0.1,0.0,18.0,0.0,3.0,128.0,81.8,28.0,0.0,82.1,27.8,74.7,1011.6,1.0,20.4,12.7,80.7,E,-16.57,-11.5,-19.64,day
529406,2018-03-29,2018,BOS,2018-03-29 16:00:00,16,6,4,10,1,17,9,12,277,80.7,4,44,0.0909,0.0833,0.0,11.0,7.0,4.0,154.0,77.7,34.0,0.0,1.0,6.0,2.0,8.0,123.0,83.0,44.0,0.125,77.8,25.4,52.7,1014.9,0.0,30.7,19.1,208.3,SW,29.38,30.61,24.6,day
529421,2018-03-30,2018,BOS,2018-03-30 19:10:00,19,0,1,1,0,15,3,11,248,81.5,0,47,0.0,0.0,0.0,9.0,1.0,4.0,109.0,81.4,34.0,0.0,0.0,6.0,2.0,7.0,139.0,81.6,46.0,0.0,72.6,22.5,84.7,1016.4,0.4,8.9,5.5,269.2,W,6.35,3.86,8.09,night
529430,2018-03-31,2018,BOS,2018-03-31 18:10:00,18,2,3,5,2,12,9,15,304,80.5,3,55,0.0545,0.1333,1.0,7.0,3.0,8.0,148.0,79.2,45.0,0.125,1.0,5.0,6.0,7.0,156.0,81.9,42.0,0.1429,72.7,22.6,71.0,1016.9,0.0,18.4,11.4,56.9,NE,-17.97,-15.59,-18.18,night
529445,2018-04-01,2018,BOS,2018-04-01 13:10:00,13,1,2,3,1,15,6,14,284,84.3,2,53,0.0377,0.0714,1.0,9.0,2.0,8.0,128.0,84.6,42.0,0.125,0.0,6.0,4.0,6.0,156.0,84.0,47.0,0.0,79.2,26.2,59.0,1016.7,0.0,5.4,3.4,35.6,NE,-5.33,-5.31,-4.71,day
529606,2018-04-13,2018,PHI,2018-04-13 19:10:00,19,1,2,3,0,21,6,11,268,82.5,1,43,0.0233,0.0,0.0,8.0,3.0,4.0,131.0,86.0,33.0,0.0,0.0,13.0,2.0,7.0,137.0,78.9,32.0,0.0,76.0,24.4,68.0,1015.6,0.0,6.8,4.2,253.9,W,5.93,4.45,6.69,night
529621,2018-04-14,2018,PHI,2018-04-14 18:10:00,18,4,9,13,1,7,6,21,268,82.9,3,65,0.0462,0.0476,0.0,4.0,3.0,8.0,118.0,81.6,38.0,0.0,1.0,3.0,3.0,13.0,150.0,83.9,53.0,0.0769,77.8,25.5,64.7,1013.2,0.0,19.5,12.1,211.3,SW,18.92,19.35,16.2,night
529636,2018-04-15,2018,PHI,2018-04-15 13:10:00,13,4,10,14,2,18,8,19,335,81.5,5,56,0.0893,0.1053,1.0,10.0,2.0,11.0,152.0,80.9,44.0,0.0909,1.0,8.0,6.0,8.0,183.0,82.1,53.0,0.125,78.6,25.9,77.3,1011.2,3.1,41.9,26.0,194.7,S,36.13,41.19,26.72,day
529652,2018-04-16,2018,TEX,2018-04-16 19:10:00,19,8,4,12,4,19,5,21,288,84.7,5,52,0.0962,0.1905,2.0,8.0,4.0,13.0,144.0,86.3,43.0,0.1538,2.0,11.0,1.0,8.0,144.0,82.8,38.0,0.25,63.7,17.6,63.3,1016.7,0.0,19.1,11.9,295.0,NW,6.53,0.0,12.28,night
529667,2018-04-17,2018,TEX,2018-04-17 19:10:00,19,2,7,9,2,13,6,19,262,83.7,3,58,0.0517,0.1053,1.0,8.0,2.0,7.0,119.0,82.1,37.0,0.1429,1.0,5.0,4.0,12.0,143.0,85.1,43.0,0.0833,67.3,19.6,50.3,1016.8,0.0,12.4,7.7,316.3,NW,-0.29,-4.5,3.96,night
529681,2018-04-18,2018,TEX,2018-04-18 13:10:00,13,4,2,6,1,17,3,15,244,85.3,3,49,0.0612,0.0667,0.0,6.0,0.0,9.0,114.0,86.5,39.0,0.0,1.0,11.0,2.0,6.0,130.0,83.8,33.0,0.1667,79.3,26.3,38.3,1018.1,0.0,7.8,4.8,240.7,SW,7.51,6.33,7.78,day
529698,2018-04-20,2018,MIN,2018-04-20 19:10:00,19,8,7,15,3,23,10,18,312,83.4,3,51,0.0588,0.1667,0.0,13.0,6.0,11.0,164.0,83.9,44.0,0.0,3.0,10.0,3.0,7.0,148.0,82.9,41.0,0.4286,74.2,23.4,70.3,1017.2,0.0,14.5,9.0,300.3,NW,3.66,-1.34,8.23,night
529713,2018-04-21,2018,MIN,2018-04-21 18:10:00,18,10,1,11,3,15,2,21,282,85.6,1,53,0.0189,0.1429,3.0,8.0,2.0,12.0,141.0,86.1,38.0,0.25,0.0,7.0,0.0,9.0,141.0,85.1,39.0,0.0,80.5,26.9,54.7,1016.2,0.3,10.3,6.4,85.4,E,-7.82,-5.08,-9.62,night
529728,2018-04-22,2018,MIN,2018-04-22 13:10:00,13,8,6,14,4,22,7,23,331,82.9,3,49,0.0612,0.1739,3.0,12.0,2.0,14.0,162.0,83.2,45.0,0.2143,1.0,10.0,5.0,9.0,169.0,82.6,47.0,0.1111,80.1,26.7,64.3,1016.4,2.3,18.6,11.6,105.0,E,-9.31,-3.23,-14.27,day
529894,2018-05-04,2018,TOR,2018-05-04 19:10:00,19,6,2,8,3,16,5,14,288,83.0,3,48,0.0625,0.2143,2.0,7.0,4.0,10.0,167.0,84.5,41.0,0.2,1.0,9.0,1.0,4.0,121.0,81.5,41.0,0.25,78.3,25.7,63.3,1014.9,0.0,25.0,15.5,342.5,N,-11.52,-18.4,-3.25,night
529910,2018-05-05,2018,TOR,2018-05-05 18:10:00,18,5,3,8,2,13,8,13,279,83.1,1,51,0.0196,0.1538,0.0,5.0,7.0,6.0,155.0,81.0,38.0,0.0,2.0,8.0,1.0,7.0,124.0,85.4,34.0,0.2857,79.9,26.6,66.7,1011.1,0.0,21.6,13.4,337.3,NW,-8.22,-14.57,-0.88,night
529925,2018-05-06,2018,TOR,2018-05-06 13:10:00,13,1,2,3,1,15,6,15,283,82.5,3,50,0.06,0.0667,1.0,7.0,5.0,8.0,154.0,79.8,50.0,0.125,0.0,8.0,1.0,7.0,129.0,86.0,38.0,0.0,79.6,26.4,70.3,1012.0,0.7,13.1,8.1,295.0,NW,4.46,-0.01,8.39,day
529934,2018-05-08,2018,ATL,2018-05-08 19:10:00,19,0,1,1,1,17,9,9,303,79.5,1,44,0.0227,0.1111,0.0,8.0,5.0,5.0,151.0,78.5,39.0,0.0,1.0,9.0,4.0,4.0,152.0,80.3,46.0,0.25,79.3,26.3,55.7,1014.4,0.0,11.3,7.0,352.5,N,-6.9,-9.56,-3.41,night
529949,2018-05-09,2018,ATL,2018-05-09 19:10:00,19,2,5,7,1,23,1,14,290,80.4,1,46,0.0217,0.0714,0.0,12.0,1.0,8.0,161.0,80.7,44.0,0.0,1.0,11.0,0.0,6.0,129.0,80.1,39.0,0.1667,81.0,27.2,52.7,1015.0,0.0,16.6,10.3,354.0,N,-10.43,-14.2,-5.4,night
530119,2018-05-22,2018,BOS,2018-05-22 19:10:00,19,2,4,6,3,16,7,13,288,83.8,3,47,0.0638,0.2308,1.0,11.0,3.0,6.0,150.0,80.8,36.0,0.1667,2.0,5.0,4.0,7.0,138.0,87.0,33.0,0.2857,75.4,24.1,87.3,1015.5,0.0,9.0,5.6,89.2,E,-6.45,-3.91,-8.21,night
530134,2018-05-23,2018,BOS,2018-05-23 19:10:00,19,1,4,5,0,24,9,8,291,80.7,1,35,0.0286,0.0,0.0,13.0,3.0,3.0,127.0,80.8,30.0,0.0,0.0,11.0,6.0,5.0,164.0,80.6,33.0,0.0,79.2,26.2,81.7,1015.6,0.1,12.7,7.9,269.1,W,9.09,5.53,11.56,night
530147,2018-05-24,2018,BOS,2018-05-24 19:10:00,19,6,3,9,1,16,6,19,310,82.4,2,51,0.0392,0.0526,0.0,5.0,4.0,12.0,162.0,80.4,47.0,0.0,1.0,11.0,2.0,7.0,148.0,84.5,44.0,0.1429,77.7,25.4,83.0,1015.1,4.8,6.1,3.8,187.5,S,4.84,5.82,3.28,night
530156,2018-05-25,2018,BAL,2018-05-25 19:10:00,19,0,2,2,1,13,4,16,271,81.4,1,53,0.0189,0.0625,0.0,4.0,4.0,7.0,134.0,83.2,42.0,0.0,1.0,9.0,0.0,9.0,137.0,79.7,43.0,0.1111,75.4,24.1,85.3,1012.6,3.8,13.5,8.4,133.0,SE,-0.47,4.16,-5.04,night
530171,2018-05-26,2018,BAL,2018-05-26 16:10:00,16,5,1,6,0,19,7,14,246,84.7,0,43,0.0,0.0,0.0,8.0,6.0,11.0,135.0,82.4,34.0,0.0,0.0,11.0,1.0,3.0,111.0,87.4,29.0,0.0,75.1,24.0,85.0,1009.3,0.5,16.7,10.4,111.3,E,-6.69,-1.06,-11.51,day
530186,2018-05-27,2018,BAL,2018-05-27 13:10:00,13,8,3,11,2,12,13,18,322,82.0,4,54,0.0741,0.1111,2.0,6.0,8.0,10.0,188.0,80.8,47.0,0.2,0.0,6.0,4.0,8.0,134.0,83.5,39.0,0.0,78.3,25.7,83.3,1003.7,0.8,35.4,22.0,145.8,SE,6.63,18.13,-5.68,day
530342,2018-06-07,2018,SEA,2018-06-07 19:10:00,19,4,5,9,3,14,4,18,256,84.2,3,55,0.0545,0.1667,1.0,4.0,1.0,10.0,122.0,84.5,41.0,0.1,2.0,10.0,3.0,8.0,134.0,84.0,41.0,0.25,78.8,26.0,80.7,1015.1,2.8,9.2,5.7,273.3,W,6.09,3.38,8.07,night
530356,2018-06-08,2018,SEA,2018-06-08 19:10:00,19,3,4,7,2,13,3,16,278,81.6,1,54,0.0185,0.125,2.0,5.0,0.0,8.0,131.0,79.2,44.0,0.25,0.0,8.0,3.0,8.0,147.0,84.0,43.0,0.0,78.6,25.9,79.3,1017.9,0.0,6.1,3.8,21.3,N,-5.56,-6.05,-4.39,night
530371,2018-06-09,2018,SEA,2018-06-09 16:10:00,16,7,3,10,1,11,6,20,274,82.9,2,57,0.0351,0.05,0.0,7.0,2.0,10.0,123.0,84.3,36.0,0.0,1.0,4.0,4.0,10.0,151.0,81.8,47.0,0.1,84.1,29.0,66.0,1016.2,0.1,4.0,2.5,170.1,S,2.28,3.25,1.03,day
530386,2018-06-10,2018,SEA,2018-06-10 13:10:00,13,4,5,9,4,18,3,15,309,82.7,3,49,0.0612,0.2667,1.0,11.0,1.0,9.0,142.0,84.2,44.0,0.1111,3.0,7.0,2.0,6.0,167.0,81.3,46.0,0.5,84.8,29.3,61.3,1015.5,0.3,7.4,4.6,288.0,W,3.35,0.9,5.41,day
530395,2018-06-11,2018,TOR,2018-06-11 19:10:00,19,8,4,12,2,16,5,17,262,85.6,2,50,0.04,0.1176,1.0,7.0,3.0,9.0,125.0,86.3,35.0,0.1111,1.0,9.0,2.0,8.0,137.0,85.0,38.0,0.125,81.4,27.4,71.7,1013.7,0.0,10.5,6.5,278.1,W,6.33,3.07,8.83,night
530409,2018-06-12,2018,TOR,2018-06-12 19:10:00,19,4,1,5,1,11,6,12,253,86.7,5,50,0.1,0.0833,1.0,5.0,4.0,7.0,133.0,89.8,41.0,0.1429,0.0,6.0,2.0,5.0,120.0,83.3,39.0,0.0,80.8,27.1,77.0,1015.4,0.5,6.6,4.1,20.6,N,-5.98,-6.55,-4.69,night
530424,2018-06-13,2018,TOR,2018-06-13 13:10:00,13,1,0,1,0,14,8,10,298,81.1,0,49,0.0,0.0,0.0,9.0,4.0,5.0,159.0,78.5,49.0,0.0,0.0,5.0,4.0,5.0,139.0,84.3,42.0,0.0,84.4,29.1,70.7,1017.3,1.0,7.8,4.8,53.7,NE,-7.71,-6.84,-7.65,day
530535,2018-06-22,2018,NYY,2018-06-22 19:10:00,19,2,1,3,0,14,10,15,295,81.2,2,49,0.0408,0.0,0.0,7.0,4.0,10.0,142.0,82.9,40.0,0.0,0.0,7.0,6.0,5.0,153.0,79.5,41.0,0.0,85.3,29.6,67.7,1012.3,0.0,13.2,8.2,269.0,W,9.5,5.79,12.06,night
530550,2018-06-23,2018,NYY,2018-06-23 16:10:00,16,4,0,4,1,18,5,13,267,83.6,2,44,0.0455,0.0769,1.0,10.0,3.0,9.0,141.0,83.7,36.0,0.1111,0.0,8.0,2.0,4.0,126.0,83.4,30.0,0.0,89.5,32.0,50.7,1013.7,0.0,14.9,9.2,311.0,NW,1.03,-4.1,6.04,day
530565,2018-06-24,2018,NYY,2018-06-24 13:10:00,13,7,6,13,4,19,9,20,392,81.5,6,69,0.087,0.2,2.0,11.0,4.0,10.0,182.0,83.7,57.0,0.2,2.0,8.0,3.0,10.0,210.0,79.4,62.0,0.2,87.8,31.0,62.7,1015.4,0.3,9.3,5.8,358.4,N,-6.4,-8.32,-3.7,day
530583,2018-06-25,2018,WSH,2018-06-25 19:10:00,19,11,0,11,3,21,10,14,310,83.7,6,44,0.1364,0.2143,3.0,10.0,6.0,12.0,177.0,82.3,45.0,0.25,0.0,11.0,4.0,2.0,133.0,85.9,29.0,0.0,83.6,28.7,67.7,1015.8,0.1,10.4,6.5,171.2,S,6.16,8.67,2.91,night
530598,2018-06-26,2018,WSH,2018-06-26 12:10:00,12,1,0,1,0,17,8,8,273,81.1,2,41,0.0488,0.0,0.0,5.0,4.0,5.0,124.0,79.0,33.0,0.0,0.0,12.0,4.0,3.0,149.0,82.8,41.0,0.0,88.9,31.6,56.0,1017.6,0.0,12.6,7.8,196.4,S,11.09,12.49,8.35,day
530616,2018-06-28,2018,HOU,2018-06-28 19:10:00,19,0,1,1,1,18,6,14,283,80.4,1,45,0.0222,0.0714,0.0,10.0,2.0,6.0,132.0,81.7,32.0,0.0,1.0,8.0,4.0,8.0,151.0,79.5,44.0,0.125,81.9,27.7,74.7,1014.7,0.1,6.7,4.2,279.6,W,3.88,1.78,5.51,night
530629,2018-06-29,2018,HOU,2018-06-29 19:10:00,19,3,2,5,1,13,6,8,261,82.4,4,47,0.0851,0.125,0.0,8.0,4.0,5.0,135.0,81.1,37.0,0.0,1.0,5.0,2.0,3.0,126.0,83.7,38.0,0.3333,80.7,27.0,82.3,1013.5,0.4,6.8,4.2,140.2,SE,0.62,2.9,-1.74,night
530644,2018-06-30,2018,HOU,2018-06-30 16:10:00,16,5,2,7,1,20,3,15,256,81.0,1,46,0.0217,0.0667,0.0,11.0,2.0,10.0,136.0,81.7,36.0,0.0,1.0,9.0,1.0,5.0,120.0,80.3,41.0,0.2,80.0,26.7,80.7,1014.3,0.7,16.6,10.3,177.0,S,11.13,14.69,6.23,day
530659,2018-07-01,2018,HOU,2018-07-01 13:10:00,13,3,2,5,3,24,4,13,258,79.7,3,39,0.0769,0.2308,1.0,13.0,2.0,8.0,128.0,78.1,31.0,0.125,2.0,11.0,2.0,5.0,130.0,81.1,35.0,0.4,84.7,29.3,73.0,1015.5,0.1,8.0,5.0,187.3,S,6.33,7.62,4.28,day
530763,2018-07-09,2018,DET,2018-07-09 19:10:00,19,10,9,19,1,16,9,30,361,79.1,3,71,0.0423,0.0333,1.0,9.0,3.0,17.0,169.0,77.7,56.0,0.0588,0.0,7.0,5.0,13.0,192.0,80.5,60.0,0.0,83.2,28.5,71.0,1017.9,0.0,13.7,8.5,15.0,N,-11.86,-13.49,-8.81,night
530775,2018-07-10,2018,DET,2018-07-10 19:10:00,19,5,2,7,1,17,4,11,259,81.1,0,44,0.0,0.0909,1.0,8.0,3.0,6.0,131.0,80.0,40.0,0.1667,0.0,9.0,1.0,5.0,128.0,82.5,32.0,0.0,86.2,30.1,63.0,1013.8,0.7,10.6,6.6,352.0,N,-6.36,-8.86,-3.09,night
530790,2018-07-11,2018,DET,2018-07-11 12:10:00,12,4,2,6,3,22,2,19,254,82.1,4,48,0.0833,0.1579,2.0,8.0,1.0,12.0,126.0,83.7,44.0,0.1667,1.0,14.0,1.0,7.0,128.0,80.0,33.0,0.1429,87.0,30.6,61.7,1015.2,0.4,10.2,6.3,24.3,NE,-9.54,-10.2,-7.74,day
530866,2018-07-20,2018,MIA,2018-07-20 19:10:00,19,5,6,11,2,18,8,16,304,81.9,1,52,0.0192,0.125,0.0,4.0,5.0,8.0,138.0,81.0,44.0,0.0,2.0,14.0,3.0,8.0,166.0,82.9,40.0,0.25,81.9,27.7,82.3,1012.6,0.0,14.0,8.7,252.7,W,12.39,9.42,13.87,night
530881,2018-07-21,2018,MIA,2018-07-21 18:10:00,18,2,3,5,3,19,5,12,291,80.9,3,46,0.0652,0.25,2.0,9.0,1.0,5.0,133.0,81.4,38.0,0.4,1.0,10.0,4.0,7.0,158.0,80.5,50.0,0.1429,85.2,29.5,72.7,1011.2,0.0,14.4,8.9,254.2,W,12.54,9.39,14.18,night
530896,2018-07-22,2018,MIA,2018-07-22 13:10:00,13,6,4,10,1,22,3,16,303,83.4,2,48,0.0417,0.0625,1.0,8.0,2.0,7.0,163.0,82.6,43.0,0.1429,0.0,14.0,1.0,9.0,140.0,84.5,35.0,0.0,89.0,31.7,66.3,1010.7,0.7,24.1,15.0,262.0,W,19.22,13.11,23.01,day
530910,2018-07-23,2018,NYY,2018-07-23 19:10:00,19,7,6,13,2,21,6,22,306,83.6,2,52,0.0385,0.0909,2.0,13.0,0.0,13.0,149.0,81.7,48.0,0.1538,0.0,8.0,5.0,9.0,157.0,85.9,39.0,0.0,80.7,27.0,79.3,1009.2,0.3,14.0,8.7,279.2,W,8.17,3.8,11.55,night
530924,2018-07-24,2018,NYY,2018-07-24 19:10:00,19,0,4,4,0,19,2,11,233,83.2,0,43,0.0,0.0,0.0,9.0,1.0,3.0,105.0,85.4,29.0,0.0,0.0,10.0,0.0,8.0,128.0,81.3,34.0,0.0,82.7,28.2,75.0,1010.8,1.2,10.8,6.7,247.4,SW,9.99,7.98,10.79,night
530938,2018-07-25,2018,NYY,2018-07-25 12:10:00,12,3,2,5,2,18,2,14,272,82.2,2,48,0.0417,0.1429,2.0,8.0,0.0,7.0,116.0,83.2,30.0,0.2857,0.0,10.0,2.0,7.0,156.0,81.5,38.0,0.0,83.9,28.8,74.3,1013.4,0.8,18.2,11.3,207.0,SW,17.34,18.22,14.37,day
531017,2018-07-31,2018,LAA,2018-07-31 19:10:00,19,10,6,16,3,16,7,26,316,82.5,2,57,0.0351,0.1154,1.0,7.0,3.0,14.0,154.0,85.3,42.0,0.0714,2.0,9.0,4.0,12.0,162.0,80.1,47.0,0.1667,79.6,26.5,84.0,1015.4,0.0,8.6,5.3,91.6,E,-5.91,-3.41,-7.69,night
531032,2018-08-01,2018,LAA,2018-08-01 19:10:00,19,7,2,9,3,18,11,15,295,82.9,3,46,0.0652,0.2,2.0,7.0,7.0,9.0,152.0,84.2,42.0,0.2222,1.0,11.0,4.0,6.0,143.0,81.4,37.0,0.1667,81.5,27.5,81.7,1015.1,2.5,8.3,5.1,232.5,SW,8.2,7.33,8.07,night
531042,2018-08-02,2018,LAA,2018-08-02 13:10:00,13,4,2,6,0,20,2,9,263,79.6,1,40,0.025,0.0,0.0,7.0,1.0,6.0,130.0,81.8,38.0,0.0,0.0,13.0,1.0,3.0,133.0,76.7,28.0,0.0,85.5,29.7,73.3,1015.9,0.4,12.2,7.6,185.6,S,9.4,11.47,6.19,day
531051,2018-08-03,2018,CWS,2018-08-03 19:10:00,19,2,3,5,1,24,9,11,329,82.1,2,41,0.0488,0.0909,0.0,11.0,4.0,6.0,162.0,81.5,28.0,0.0,1.0,13.0,3.0,5.0,167.0,82.5,43.0,0.2,82.2,27.9,76.7,1016.4,1.4,8.7,5.4,102.6,E,-4.66,-1.87,-6.89,night
531066,2018-08-04,2018,CWS,2018-08-04 18:10:00,18,1,2,3,1,17,10,8,268,78.9,2,39,0.0513,0.125,0.0,8.0,6.0,3.0,146.0,78.6,35.0,0.0,1.0,9.0,3.0,5.0,122.0,79.1,38.0,0.2,87.5,30.8,55.7,1016.5,0.0,15.5,9.7,88.3,E,-11.3,-6.97,-14.26,night
531081,2018-08-05,2018,CWS,2018-08-05 13:10:00,13,7,8,15,4,21,12,21,349,83.9,6,52,0.1154,0.1905,1.0,9.0,7.0,11.0,184.0,85.8,41.0,0.0909,3.0,12.0,5.0,10.0,165.0,81.9,39.0,0.3,87.3,30.7,66.7,1018.8,0.2,11.5,7.2,86.3,E,-8.66,-5.53,-10.74,day
531105,2018-08-07,2018,BAL,2018-08-07 19:10:00,19,4,3,7,3,19,6,13,288,82.4,3,44,0.0682,0.2308,1.0,6.0,5.0,6.0,148.0,82.0,31.0,0.1667,2.0,13.0,1.0,7.0,140.0,82.7,38.0,0.2857,83.2,28.4,73.3,1015.1,0.4,3.8,2.3,299.8,NW,0.99,-0.31,2.17,night
531120,2018-08-08,2018,BAL,2018-08-08 19:10:00,19,4,5,9,3,13,3,14,276,83.6,3,57,0.0526,0.2143,0.0,4.0,1.0,7.0,137.0,82.6,45.0,0.0,3.0,9.0,2.0,7.0,139.0,84.7,41.0,0.4286,85.7,29.8,68.0,1016.5,0.0,9.9,6.2,227.6,SW,9.89,9.14,9.45,night
531134,2018-08-09,2018,BAL,2018-08-09 19:10:00,19,5,4,9,2,14,6,14,280,83.3,4,47,0.0851,0.1429,1.0,6.0,5.0,6.0,154.0,81.9,48.0,0.1667,1.0,8.0,1.0,8.0,126.0,85.0,36.0,0.125,85.5,29.7,67.3,1016.7,0.1,9.7,6.0,279.9,W,5.58,2.53,7.96,night
531284,2018-08-20,2018,KC,2018-08-20 19:10:00,19,1,0,1,0,17,6,14,275,79.8,0,45,0.0,0.0,0.0,7.0,4.0,8.0,149.0,80.2,33.0,0.0,0.0,10.0,2.0,6.0,126.0,79.5,35.0,0.0,83.4,28.5,74.0,1016.6,0.1,10.2,6.3,166.0,S,5.24,7.9,1.94,night
531294,2018-08-21,2018,KC,2018-08-21 19:10:00,19,4,1,5,2,26,5,22,317,82.2,3,45,0.0667,0.0909,1.0,10.0,3.0,14.0,154.0,81.5,42.0,0.0714,1.0,16.0,2.0,8.0,163.0,82.9,37.0,0.125,84.6,29.2,70.0,1016.7,0.3,10.1,6.3,305.2,NW,1.72,-1.8,5.03,night
531309,2018-08-22,2018,KC,2018-08-22 19:10:00,19,6,3,9,2,15,2,21,272,84.0,3,55,0.0545,0.0952,0.0,7.0,2.0,14.0,139.0,84.2,41.0,0.0,2.0,8.0,0.0,7.0,133.0,83.8,45.0,0.2857,84.9,29.4,68.3,1014.2,0.0,11.3,7.0,248.0,W,10.43,8.28,11.32,night
531322,2018-08-23,2018,KC,2018-08-23 19:10:00,19,4,3,7,0,19,9,18,299,85.4,2,50,0.04,0.0,0.0,9.0,5.0,11.0,164.0,84.7,43.0,0.0,0.0,10.0,2.0,7.0,135.0,86.3,32.0,0.0,85.2,29.6,66.0,1012.4,0.0,8.0,5.0,252.9,W,7.07,5.36,7.92,night
531328,2018-08-24,2018,BOS,2018-08-24 19:10:00,19,10,3,13,1,18,7,24,331,84.1,2,55,0.0364,0.0417,1.0,7.0,4.0,11.0,162.0,86.9,50.0,0.0909,0.0,11.0,3.0,13.0,169.0,81.1,48.0,0.0,80.5,26.9,81.0,1014.9,0.6,12.6,7.8,89.0,E,-9.04,-5.51,-11.48,night
531343,2018-08-25,2018,BOS,2018-08-25 18:10:00,18,5,1,6,1,16,6,14,274,83.4,1,47,0.0213,0.0714,1.0,10.0,5.0,9.0,153.0,80.6,38.0,0.1111,0.0,6.0,1.0,5.0,121.0,86.1,38.0,0.0,80.4,26.9,80.3,1016.8,0.0,10.1,6.3,60.6,NE,-9.69,-8.18,-10.04,night
531358,2018-08-26,2018,BOS,2018-08-26 13:10:00,13,9,1,10,0,21,6,15,300,82.9,1,44,0.0227,0.0,0.0,12.0,4.0,12.0,182.0,82.0,44.0,0.0,0.0,9.0,2.0,3.0,118.0,84.2,27.0,0.0,88.6,31.5,53.3,1018.0,0.2,7.6,4.7,88.3,E,-5.51,-3.4,-6.95,day
531511,2018-09-07,2018,BAL,2018-09-07 19:10:00,19,14,2,16,5,21,11,16,333,83.0,4,44,0.0909,0.3125,4.0,6.0,11.0,10.0,181.0,83.7,47.0,0.4,1.0,15.0,0.0,6.0,152.0,82.1,36.0,0.1667,80.1,26.7,77.7,1012.2,0.1,6.0,3.7,130.3,SE,-0.49,1.59,-2.5,night
531526,2018-09-08,2018,BAL,2018-09-08 18:10:00,18,10,5,15,1,17,4,25,296,84.5,3,56,0.0536,0.04,0.0,7.0,1.0,14.0,153.0,86.9,44.0,0.0,1.0,10.0,3.0,11.0,143.0,81.4,34.0,0.0909,78.9,26.0,80.3,1010.1,0.1,4.1,2.6,85.9,E,-3.13,-2.01,-3.86,night
531541,2018-09-09,2018,BAL,2018-09-09 13:10:00,13,8,3,11,2,15,6,22,300,80.9,5,55,0.0909,0.0909,2.0,5.0,3.0,13.0,145.0,82.5,50.0,0.1538,0.0,10.0,3.0,9.0,155.0,78.9,40.0,0.0,84.0,28.9,75.3,1011.3,0.6,4.7,2.9,205.2,SW,4.39,4.67,3.59,day
531558,2018-09-10,2018,CLE,2018-09-10 19:10:00,19,6,5,11,2,23,10,17,365,81.5,1,47,0.0213,0.1176,2.0,16.0,4.0,8.0,183.0,80.7,34.0,0.25,0.0,7.0,4.0,9.0,182.0,82.1,48.0,0.0,80.3,26.8,81.0,1013.3,0.0,13.3,8.2,237.7,SW,12.94,11.17,13.16,night
531570,2018-09-11,2018,CLE,2018-09-11 19:10:00,19,0,2,2,2,17,6,12,263,83.4,2,49,0.0408,0.1667,0.0,13.0,4.0,4.0,136.0,82.0,27.0,0.0,2.0,4.0,2.0,8.0,127.0,84.2,51.0,0.25,85.4,29.7,69.7,1013.0,0.5,8.7,5.4,357.9,N,-5.95,-7.78,-3.4,night
531585,2018-09-12,2018,CLE,2018-09-12 13:10:00,13,3,1,4,2,19,5,8,239,83.9,1,39,0.0256,0.25,1.0,7.0,2.0,7.0,113.0,86.8,29.0,0.1429,1.0,12.0,3.0,1.0,126.0,81.1,30.0,1.0,89.1,31.7,57.3,1013.3,0.7,11.7,7.3,72.7,E,-10.36,-7.88,-11.6,day
531613,2018-09-14,2018,ATH,2018-09-14 19:10:00,19,1,2,3,1,17,6,9,284,79.4,1,48,0.0208,0.1111,0.0,7.0,3.0,6.0,145.0,77.8,39.0,0.0,1.0,10.0,1.0,3.0,139.0,81.0,39.0,0.3333,84.9,29.4,73.0,1010.3,0.0,13.3,8.3,283.7,W,6.91,2.61,10.38,night
531628,2018-09-15,2018,ATH,2018-09-15 18:10:00,18,7,5,12,4,16,7,21,311,82.5,4,53,0.0755,0.1905,2.0,6.0,5.0,8.0,150.0,79.3,35.0,0.25,2.0,10.0,2.0,13.0,161.0,84.7,49.0,0.1538,86.1,30.1,70.3,1008.3,0.0,17.0,10.6,247.0,SW,15.8,12.66,17.02,night
531643,2018-09-16,2018,ATH,2018-09-16 13:10:00,13,5,4,9,3,10,8,13,276,84.5,4,51,0.0784,0.2308,2.0,4.0,4.0,9.0,141.0,84.5,44.0,0.2222,1.0,6.0,4.0,4.0,135.0,84.5,36.0,0.25,89.1,31.7,61.3,1010.6,0.3,17.6,10.9,221.7,SW,17.57,16.86,16.16,day
531749,2018-09-24,2018,NYY,2018-09-24 19:10:00,19,1,4,5,1,21,9,10,314,80.7,3,42,0.0714,0.1,0.0,13.0,6.0,2.0,151.0,79.3,28.0,0.0,1.0,8.0,3.0,8.0,163.0,81.7,39.0,0.125,81.7,27.6,75.7,1014.5,0.6,9.5,5.9,99.3,E,-5.54,-2.56,-7.84,night
531764,2018-09-25,2018,NYY,2018-09-25 19:10:00,19,2,9,11,3,22,9,15,325,84.2,3,46,0.0652,0.2,0.0,15.0,3.0,5.0,150.0,82.3,37.0,0.0,3.0,7.0,5.0,10.0,175.0,85.6,51.0,0.3,82.2,27.9,77.0,1015.4,0.7,9.9,6.2,130.7,SE,-0.75,2.67,-4.08,night
531779,2018-09-26,2018,NYY,2018-09-26 19:10:00,19,8,7,15,2,21,7,20,347,81.2,5,50,0.1,0.1,1.0,9.0,3.0,10.0,158.0,80.1,46.0,0.1,1.0,12.0,4.0,10.0,189.0,82.3,47.0,0.1,84.6,29.2,69.3,1014.7,0.4,6.2,3.9,10.2,N,-5.12,-6.03,-3.6,night
531789,2018-09-27,2018,NYY,2018-09-27 13:10:00,13,1,12,13,5,22,5,15,290,83.5,4,46,0.087,0.3333,1.0,12.0,1.0,2.0,118.0,78.6,24.0,0.5,4.0,10.0,4.0,13.0,172.0,86.2,45.0,0.3077,90.5,32.5,49.3,1014.4,0.3,9.3,5.8,170.6,S,5.44,7.7,2.52,day
531806,2018-09-28,2018,TOR,2018-09-28 19:10:00,19,6,7,13,3,19,10,24,326,83.2,5,57,0.0877,0.125,1.0,8.0,5.0,12.0,168.0,84.0,47.0,0.0833,2.0,11.0,5.0,12.0,158.0,82.3,41.0,0.1667,85.2,29.6,68.3,1015.7,0.4,10.9,6.8,2.6,N,-8.08,-10.11,-5.07,night
531821,2018-09-29,2018,TOR,2018-09-29 18:10:00,18,4,3,7,4,22,8,14,267,83.1,5,39,0.1282,0.2857,2.0,4.0,4.0,9.0,120.0,85.6,34.0,0.2222,2.0,18.0,4.0,5.0,147.0,80.5,33.0,0.4,88.7,31.5,54.0,1014.8,0.1,18.6,11.5,67.3,NE,-17.17,-13.73,-18.55,night
531836,2018-09-30,2018,TOR,2018-09-30 15:10:00,15,9,4,13,0,11,9,19,287,83.1,3,57,0.0526,0.0,0.0,4.0,6.0,10.0,142.0,85.4,36.0,0.0,0.0,7.0,3.0,9.0,145.0,81.5,50.0,0.0,91.1,32.8,44.3,1015.1,0.1,22.0,13.6,73.3,E,-19.34,-14.6,-21.73,day
566664,2019-03-28,2019,HOU,2019-03-28 16:00:00,16,1,5,6,4,20,3,14,269,85.6,4,46,0.087,0.2857,1.0,12.0,1.0,4.0,124.0,83.5,28.0,0.25,3.0,8.0,2.0,10.0,145.0,87.2,39.0,0.3,78.7,25.9,30.3,1019.0,0.0,27.1,16.8,55.3,NE,-26.66,-23.39,-26.72,day
566665,2019-03-29,2019,HOU,2019-03-29 19:10:00,19,4,2,6,1,23,5,12,263,82.4,2,39,0.0513,0.0833,1.0,13.0,1.0,6.0,133.0,82.7,35.0,0.1667,0.0,10.0,4.0,6.0,130.0,82.0,30.0,0.0,71.7,22.0,48.7,1017.4,0.0,16.2,10.1,340.0,N,-6.86,-11.48,-1.41,night
566666,2019-03-30,2019,HOU,2019-03-30 18:10:00,18,3,1,4,1,20,4,15,255,82.2,0,44,0.0,0.0667,0.0,13.0,1.0,7.0,123.0,79.6,26.0,0.0,1.0,7.0,3.0,8.0,132.0,84.0,39.0,0.125,74.8,23.8,52.3,1014.4,0.0,13.6,8.4,235.4,SW,13.34,11.7,13.38,night
566667,2019-03-31,2019,HOU,2019-03-31 13:10:00,13,3,1,4,2,14,1,11,230,83.8,4,46,0.087,0.1818,1.0,8.0,0.0,8.0,110.0,88.0,34.0,0.125,1.0,6.0,1.0,3.0,120.0,79.6,34.0,0.3333,79.5,26.4,48.7,1015.4,0.0,14.4,9.0,236.0,SW,14.17,12.37,14.26,day
566668,2019-04-01,2019,COL,2019-04-01 19:10:00,19,7,1,8,2,21,5,15,270,80.7,3,44,0.0682,0.1333,2.0,9.0,4.0,9.0,137.0,86.2,36.0,0.2222,0.0,12.0,1.0,6.0,133.0,75.0,35.0,0.0,69.9,21.0,75.3,1015.5,0.0,5.6,3.5,49.0,NE,-5.59,-5.12,-5.38,night
566669,2019-04-02,2019,COL,2019-04-02 19:10:00,19,4,0,4,0,27,8,10,298,84.5,1,33,0.0303,0.0,0.0,13.0,6.0,8.0,171.0,86.8,34.0,0.0,0.0,14.0,2.0,2.0,127.0,81.8,30.0,0.0,66.5,19.2,59.7,1017.5,0.0,17.5,10.9,328.7,NW,-4.14,-9.72,1.93,night
566670,2019-04-03,2019,COL,2019-04-03 13:10:00,13,0,1,1,1,24,9,11,310,83.1,3,51,0.0588,0.0909,0.0,11.0,6.0,6.0,159.0,86.2,35.0,0.0,1.0,13.0,2.0,5.0,151.0,80.1,36.0,0.2,77.5,25.3,29.0,1022.6,0.0,12.3,7.6,72.7,E,-10.86,-8.26,-12.16,day
566671,2019-04-16,2019,BAL,2019-04-16 19:10:00,19,4,2,6,1,13,5,13,261,81.7,1,49,0.0204,0.0769,1.0,9.0,5.0,6.0,149.0,81.1,36.0,0.1667,0.0,4.0,0.0,7.0,112.0,82.2,39.0,0.0,77.3,25.2,50.3,1016.8,0.0,10.1,6.3,0.7,N,-7.2,-9.17,-4.36,night
566672,2019-04-17,2019,BAL,2019-04-17 19:10:00,19,8,1,9,4,19,6,16,289,84.4,6,44,0.1364,0.25,3.0,6.0,3.0,13.0,147.0,88.7,44.0,0.2308,1.0,13.0,2.0,3.0,142.0,79.2,36.0,0.3333,81.2,27.3,44.0,1013.7,0.0,6.6,4.1,55.1,NE,-6.47,-5.68,-6.47,night
566673,2019-04-18,2019,BAL,2019-04-18 19:10:00,19,5,6,11,3,21,10,24,419,80.8,4,66,0.0606,0.125,2.0,14.0,5.0,9.0,212.0,83.2,48.0,0.2222,1.0,7.0,4.0,15.0,207.0,79.0,67.0,0.0667,79.6,26.4,71.7,1009.9,0.0,21.2,13.2,206.7,SW,20.16,21.22,16.66,night
566674,2019-04-19,2019,BOS,2019-04-19 19:10:00,19,4,6,10,4,18,5,17,275,84.0,4,47,0.0851,0.2353,1.0,9.0,3.0,7.0,141.0,78.6,33.0,0.1429,3.0,9.0,2.0,10.0,134.0,88.2,42.0,0.3,70.0,21.1,56.7,1008.1,0.1,27.9,17.3,271.7,W,19.15,11.05,24.93,night
566675,2019-04-20,2019,BOS,2019-04-20 18:10:00,18,5,6,11,3,22,6,19,311,83.6,6,47,0.1277,0.1579,2.0,11.0,2.0,11.0,158.0,85.3,40.0,0.1818,1.0,11.0,3.0,8.0,153.0,82.0,41.0,0.125,67.7,19.8,50.7,1013.3,0.0,24.7,15.3,267.0,W,18.34,11.59,22.87,night
566676,2019-04-21,2019,BOS,2019-04-21 14:10:00,14,3,4,7,2,29,11,15,355,83.0,3,48,0.0625,0.1333,1.0,17.0,3.0,7.0,180.0,82.6,38.0,0.1429,1.0,12.0,7.0,8.0,175.0,83.4,38.0,0.125,73.0,22.8,41.0,1018.3,0.0,10.2,6.4,320.0,NW,-0.89,-4.32,2.65,day
566677,2019-04-22,2019,KC,2019-04-22 19:10:00,19,6,3,9,5,13,6,14,269,83.7,5,49,0.102,0.3571,2.0,6.0,3.0,8.0,138.0,82.6,40.0,0.25,3.0,7.0,3.0,6.0,131.0,84.7,40.0,0.5,70.8,21.5,53.7,1017.7,0.0,16.0,10.0,325.3,NW,-2.88,-8.1,2.69,night
566678,2019-04-23,2019,KC,2019-04-23 19:10:00,19,5,2,7,2,18,8,13,281,83.8,4,45,0.0889,0.1538,1.0,8.0,6.0,7.0,149.0,85.5,36.0,0.1429,1.0,10.0,2.0,6.0,132.0,82.1,35.0,0.1667,73.4,23.0,64.3,1015.5,0.0,18.4,11.5,328.3,NW,-4.25,-10.13,2.14,night
566679,2019-04-24,2019,KC,2019-04-24 13:10:00,13,2,10,12,2,19,8,23,307,81.5,4,54,0.0741,0.087,0.0,12.0,3.0,9.0,136.0,85.1,32.0,0.0,2.0,7.0,3.0,14.0,171.0,79.0,46.0,0.1429,81.3,27.4,45.7,1015.1,0.0,6.1,3.8,355.3,N,-3.92,-5.27,-2.1,day
566680,2019-05-06,2019,AZ,2019-05-06 19:10:00,19,12,1,13,2,14,9,15,306,85.2,4,51,0.0784,0.1333,2.0,4.0,6.0,13.0,166.0,86.8,45.0,0.1538,0.0,10.0,3.0,2.0,140.0,82.5,28.0,0.0,78.7,25.9,73.3,1013.7,0.0,7.0,4.4,305.3,NW,1.18,-1.26,3.48,night
566681,2019-05-07,2019,AZ,2019-05-07 19:10:00,19,6,3,9,3,15,4,19,307,83.0,4,54,0.0741,0.1579,1.0,4.0,2.0,12.0,156.0,82.9,54.0,0.0833,2.0,11.0,2.0,7.0,151.0,83.0,39.0,0.2857,80.3,26.8,67.7,1014.3,0.0,11.3,7.0,3.2,N,-8.4,-10.46,-5.33,night
566682,2019-05-08,2019,AZ,2019-05-08 13:10:00,13,2,3,5,0,42,14,17,426,80.0,1,47,0.0213,0.0,0.0,23.0,5.0,8.0,228.0,80.7,63.0,0.0,0.0,19.0,8.0,9.0,198.0,79.0,43.0,0.0,87.3,30.7,45.3,1013.7,0.1,16.2,10.1,85.3,E,-12.37,-8.03,-15.22,day
566683,2019-05-10,2019,NYY,2019-05-10 19:10:00,19,3,4,7,2,23,6,15,292,82.5,2,44,0.0455,0.1333,2.0,11.0,4.0,8.0,145.0,84.9,32.0,0.25,0.0,12.0,2.0,7.0,147.0,80.3,37.0,0.0,79.7,26.5,75.7,1013.3,3.9,11.2,6.9,28.1,NE,-10.69,-11.15,-8.93,night
566684,2019-05-11,2019,NYY,2019-05-11 18:10:00,18,7,2,9,4,12,6,15,268,81.8,7,50,0.14,0.2667,3.0,6.0,5.0,10.0,147.0,84.1,45.0,0.3,1.0,6.0,1.0,5.0,121.0,79.1,39.0,0.2,81.8,27.7,72.7,1011.1,0.0,13.7,8.5,213.7,SW,13.46,13.58,11.73,night
566685,2019-05-12,2019,NYY,2019-05-12 13:10:00,13,1,7,8,2,29,5,16,273,84.5,2,41,0.0488,0.125,1.0,12.0,0.0,7.0,104.0,87.4,26.0,0.1429,1.0,17.0,4.0,9.0,169.0,82.7,41.0,0.1111,85.6,29.8,62.3,1010.3,0.3,22.4,13.9,211.0,SW,21.7,22.24,18.54,day
566686,2019-05-21,2019,LAD,2019-05-21 19:10:00,19,3,7,10,0,17,6,22,299,80.9,0,58,0.0,0.0,0.0,9.0,1.0,10.0,132.0,80.9,40.0,0.0,0.0,8.0,4.0,12.0,167.0,80.8,47.0,0.0,83.7,28.7,64.0,1011.2,0.0,12.6,7.8,238.0,SW,12.28,10.57,12.51,night
566687,2019-05-22,2019,LAD,2019-05-22 19:10:00,19,8,1,9,4,15,6,15,274,82.0,4,49,0.0816,0.2667,3.0,9.0,3.0,10.0,147.0,80.7,40.0,0.3,1.0,6.0,3.0,5.0,127.0,83.4,36.0,0.2,89.3,31.8,33.7,1015.0,0.0,26.0,16.2,73.7,E,-22.8,-17.14,-25.7,night
566688,2019-05-27,2019,TOR,2019-05-27 13:10:00,13,8,3,11,3,19,8,18,308,84.5,4,48,0.0833,0.1667,1.0,8.0,3.0,14.0,165.0,83.1,49.0,0.0714,2.0,11.0,5.0,4.0,143.0,86.8,30.0,0.5,92.3,33.5,38.7,1014.8,0.0,7.1,4.4,260.2,W,5.78,4.04,6.82,day
566689,2019-05-28,2019,TOR,2019-05-28 19:10:00,19,3,1,4,2,13,8,12,272,83.1,3,49,0.0612,0.1667,2.0,8.0,6.0,6.0,145.0,84.6,37.0,0.3333,0.0,5.0,2.0,6.0,127.0,81.6,37.0,0.0,87.0,30.5,55.0,1011.0,0.0,16.0,10.0,305.7,NW,2.6,-2.97,7.85,night
566690,2019-05-29,2019,TOR,2019-05-29 19:10:00,19,4,3,7,1,19,13,26,366,84.7,3,67,0.0448,0.0385,0.0,10.0,6.0,14.0,195.0,84.3,48.0,0.0,1.0,9.0,5.0,12.0,171.0,85.0,39.0,0.0833,83.9,28.8,56.3,1010.6,0.0,12.1,7.5,259.0,W,10.0,7.09,11.71,night
566691,2019-05-30,2019,MIN,2019-05-30 19:10:00,19,14,3,17,1,14,3,23,269,83.6,2,58,0.0345,0.0435,1.0,6.0,3.0,16.0,148.0,83.7,45.0,0.0625,0.0,8.0,0.0,7.0,121.0,83.5,32.0,0.0,84.3,29.0,68.0,1011.6,0.0,15.0,9.3,264.6,W,11.52,7.56,14.1,night
566692,2019-05-31,2019,MIN,2019-05-31 19:10:00,19,3,5,8,1,16,6,14,258,82.1,2,51,0.0392,0.0714,1.0,9.0,3.0,4.0,126.0,83.1,34.0,0.25,0.0,7.0,2.0,10.0,132.0,81.3,41.0,0.0,84.8,29.3,61.7,1011.2,0.0,14.0,8.7,280.3,W,7.97,3.55,11.43,night
566693,2019-06-01,2019,MIN,2019-06-01 13:10:00,13,2,6,8,3,19,5,22,315,85.1,3,57,0.0526,0.1364,1.0,7.0,2.0,9.0,144.0,86.7,41.0,0.1111,2.0,12.0,3.0,13.0,171.0,83.7,46.0,0.1538,89.3,31.8,51.7,1011.7,0.8,14.2,8.8,243.3,SW,13.45,11.11,14.16,day
566694,2019-06-02,2019,MIN,2019-06-02 13:10:00,13,7,9,16,2,21,5,21,293,84.7,4,49,0.0816,0.0952,1.0,15.0,3.0,9.0,181.0,84.2,44.0,0.1111,1.0,6.0,2.0,12.0,112.0,85.3,37.0,0.0833,88.4,31.3,52.0,1011.8,0.3,15.4,9.5,257.3,W,12.98,9.39,15.01,day
566695,2019-06-10,2019,ATH,2019-06-10 19:10:00,19,6,2,8,3,18,6,12,259,85.5,5,45,0.1111,0.25,3.0,9.0,3.0,8.0,138.0,86.0,36.0,0.375,0.0,9.0,3.0,4.0,121.0,84.9,32.0,0.0,80.1,26.7,79.3,1013.4,0.5,15.7,9.8,222.7,SW,15.69,14.96,14.52,night
566696,2019-06-11,2019,ATH,2019-06-11 19:10:00,19,3,4,7,3,18,4,11,276,81.7,3,46,0.0652,0.2727,1.0,10.0,3.0,4.0,143.0,81.7,36.0,0.25,2.0,8.0,1.0,7.0,133.0,81.7,39.0,0.2857,80.7,27.0,82.0,1012.8,1.1,15.2,9.4,238.1,SW,14.8,12.73,15.09,night
566697,2019-06-12,2019,ATH,2019-06-12 12:10:00,12,2,6,8,2,20,7,21,321,84.3,3,52,0.0577,0.0952,0.0,9.0,1.0,12.0,149.0,86.5,43.0,0.0,2.0,11.0,4.0,9.0,172.0,82.2,46.0,0.2222,81.0,27.2,83.7,1014.4,0.3,24.0,14.9,216.3,SW,23.69,23.5,21.03,day
566698,2019-06-13,2019,LAA,2019-06-13 19:10:00,19,3,5,8,2,16,3,16,293,81.3,4,53,0.0755,0.125,0.0,10.0,2.0,10.0,154.0,81.7,40.0,0.0,2.0,6.0,1.0,6.0,139.0,80.9,42.0,0.3333,78.0,25.6,84.0,1015.6,1.9,10.6,6.6,135.6,SE,0.12,3.75,-3.53,night
566699,2019-06-14,2019,LAA,2019-06-14 19:10:00,19,9,4,13,1,14,10,21,366,83.3,2,58,0.0345,0.0476,1.0,5.0,5.0,13.0,188.0,83.4,53.0,0.0769,0.0,9.0,4.0,8.0,178.0,83.1,44.0,0.0,78.1,25.6,82.0,1016.8,0.6,10.7,6.6,57.4,NE,-10.45,-9.04,-10.6,night
566700,2019-06-15,2019,LAA,2019-06-15 13:10:00,13,3,5,8,4,17,3,13,274,80.9,5,51,0.098,0.3077,1.0,5.0,1.0,6.0,129.0,82.0,42.0,0.1667,3.0,12.0,2.0,7.0,145.0,79.9,43.0,0.4286,83.7,28.7,72.0,1017.0,0.2,7.6,4.7,30.6,NE,-7.36,-7.56,-6.27,day
566701,2019-06-16,2019,LAA,2019-06-16 13:10:00,13,6,5,11,3,16,5,20,293,87.3,5,53,0.0943,0.15,2.0,10.0,1.0,9.0,136.0,86.4,30.0,0.2222,1.0,6.0,4.0,11.0,157.0,87.9,42.0,0.0909,79.0,26.1,86.0,1015.6,2.0,5.2,3.3,97.0,E,-3.22,-1.61,-4.44,day
566702,2019-06-28,2019,TEX,2019-06-28 19:10:00,19,0,5,5,0,17,7,11,273,82.1,1,46,0.0217,0.0,0.0,11.0,2.0,3.0,125.0,84.2,32.0,0.0,0.0,6.0,5.0,8.0,148.0,80.3,37.0,0.0,81.0,27.2,77.3,1016.5,0.5,10.4,6.5,123.6,SE,-2.07,1.56,-5.44,night
566703,2019-06-29,2019,TEX,2019-06-29 16:10:00,16,5,2,7,3,18,5,12,292,86.2,7,45,0.1556,0.25,3.0,12.0,3.0,7.0,141.0,88.1,36.0,0.4286,0.0,6.0,2.0,5.0,151.0,84.4,37.0,0.0,82.5,28.1,71.3,1016.2,0.0,14.2,8.8,134.7,SE,-0.08,4.77,-4.92,day
566704,2019-06-30,2019,TEX,2019-06-30 13:10:00,13,6,2,8,2,30,1,13,246,82.9,2,34,0.0588,0.1538,1.0,13.0,1.0,9.0,134.0,81.6,34.0,0.1111,1.0,17.0,0.0,4.0,112.0,85.4,19.0,0.25,85.3,29.6,77.7,1016.1,0.2,4.6,2.8,252.3,W,4.06,3.09,4.53,day
566705,2019-07-01,2019,BAL,2019-07-01 19:10:00,19,6,3,9,1,16,7,19,299,84.0,4,51,0.0784,0.0526,1.0,5.0,4.0,10.0,142.0,86.4,39.0,0.1,0.0,11.0,3.0,9.0,157.0,81.9,43.0,0.0,85.9,30.0,68.0,1014.6,0.0,14.7,9.1,287.7,W,6.73,1.87,10.78,night
566706,2019-07-02,2019,BAL,2019-07-02 19:10:00,19,6,3,9,3,26,5,14,287,83.2,2,39,0.0513,0.2143,1.0,10.0,4.0,8.0,151.0,82.2,40.0,0.125,2.0,16.0,1.0,6.0,136.0,84.9,24.0,0.3333,86.4,30.2,69.0,1012.6,0.0,15.6,9.7,295.0,NW,5.35,0.0,10.05,night
566707,2019-07-03,2019,BAL,2019-07-03 19:10:00,19,6,9,15,3,20,4,22,313,83.0,2,57,0.0351,0.1364,1.0,6.0,0.0,11.0,145.0,82.8,48.0,0.0909,2.0,14.0,4.0,11.0,168.0,83.3,44.0,0.1818,86.8,30.5,70.0,1012.3,0.0,11.7,7.3,328.3,NW,-2.69,-6.42,1.36,night
566708,2019-07-04,2019,NYY,2019-07-04 17:10:00,17,4,8,12,2,23,12,16,368,82.3,4,52,0.0769,0.125,0.0,11.0,8.0,8.0,200.0,82.9,44.0,0.0,2.0,12.0,4.0,8.0,168.0,81.7,43.0,0.25,87.0,30.6,68.7,1013.0,0.4,2.7,1.7,321.9,NW,-0.32,-1.21,0.6,night
566709,2019-07-05,2019,NYY,2019-07-05 19:10:00,19,4,8,12,6,17,4,24,344,84.4,9,69,0.1304,0.25,2.0,9.0,4.0,10.0,178.0,84.3,54.0,0.2,4.0,8.0,0.0,14.0,166.0,84.6,57.0,0.2857,84.0,28.9,72.0,1016.5,2.7,4.7,2.9,27.7,NE,-4.52,-4.73,-3.77,night
566710,2019-07-06,2019,NYY,2019-07-06 16:10:00,16,4,3,7,4,18,9,16,289,84.9,3,47,0.0638,0.25,2.0,7.0,2.0,8.0,109.0,83.9,33.0,0.25,2.0,11.0,7.0,8.0,180.0,85.7,37.0,0.25,81.6,27.6,80.7,1015.8,1.1,11.8,7.3,219.6,SW,11.75,11.42,10.66,day
566711,2019-07-07,2019,NYY,2019-07-07 13:10:00,13,2,1,3,1,27,1,15,278,82.6,2,39,0.0513,0.0667,0.0,13.0,0.0,10.0,139.0,83.4,39.0,0.0,1.0,14.0,1.0,5.0,139.0,81.7,36.0,0.2,82.6,28.1,79.7,1014.8,0.3,11.6,7.2,218.3,SW,11.49,11.25,10.34,day
566712,2019-07-19,2019,CWS,2019-07-19 19:10:00,19,2,9,11,1,27,4,23,314,83.5,2,50,0.04,0.0435,0.0,11.0,3.0,6.0,136.0,83.3,34.0,0.0,1.0,16.0,1.0,17.0,178.0,83.6,49.0,0.0588,84.1,29.0,71.0,1015.8,0.0,6.8,4.2,35.7,NE,-6.68,-6.65,-5.9,night
566713,2019-07-20,2019,CWS,2019-07-20 18:10:00,18,1,2,3,2,21,5,17,320,83.5,3,59,0.0508,0.1176,1.0,11.0,3.0,9.0,166.0,85.3,47.0,0.1111,1.0,10.0,2.0,8.0,154.0,81.6,43.0,0.125,82.6,28.1,71.7,1015.0,0.6,9.7,6.0,66.8,NE,-9.04,-7.26,-9.73,night
566714,2019-07-21,2019,CWS,2019-07-21 13:10:00,13,4,2,6,1,21,8,8,304,80.7,3,35,0.0857,0.125,1.0,7.0,5.0,3.0,137.0,82.0,34.0,0.3333,0.0,14.0,3.0,5.0,167.0,79.6,40.0,0.0,81.0,27.2,81.3,1016.3,7.2,6.7,4.2,167.5,S,3.62,5.34,1.46,day
566715,2019-07-22,2019,BOS,2019-07-22 19:10:00,19,4,9,13,3,12,8,21,317,83.4,3,62,0.0484,0.1429,0.0,9.0,5.0,9.0,165.0,80.2,45.0,0.0,3.0,3.0,3.0,12.0,152.0,86.3,49.0,0.25,82.1,27.8,73.7,1013.6,0.4,10.1,6.3,118.3,SE,-2.89,0.59,-6.01,night
566716,2019-07-23,2019,BOS,2019-07-23 19:10:00,19,4,5,9,2,20,8,16,317,82.7,4,49,0.0816,0.125,1.0,13.0,6.0,6.0,175.0,80.5,36.0,0.1667,1.0,7.0,1.0,10.0,142.0,84.3,47.0,0.1,82.6,28.1,74.7,1011.8,0.2,12.0,7.4,243.0,SW,11.38,9.43,11.96,night
566717,2019-07-24,2019,BOS,2019-07-24 12:10:00,12,3,2,5,1,23,5,10,266,80.4,0,37,0.0,0.1,1.0,10.0,4.0,5.0,144.0,81.3,31.0,0.2,0.0,13.0,0.0,5.0,122.0,79.6,33.0,0.0,80.4,26.9,83.0,1013.9,0.7,24.7,15.3,254.7,W,21.43,15.96,24.32,day
566718,2019-08-03,2019,MIA,2019-08-03 18:10:00,18,8,6,14,5,11,10,20,315,84.1,3,57,0.0526,0.25,4.0,4.0,8.0,11.0,186.0,83.7,54.0,0.3636,1.0,7.0,2.0,9.0,129.0,84.8,37.0,0.1111,83.7,28.7,81.0,1011.3,0.2,5.8,3.6,240.4,SW,5.59,4.73,5.78,night
566719,2019-08-04,2019,MIA,2019-08-04 13:10:00,13,7,2,9,3,14,8,16,296,85.4,7,51,0.1373,0.1875,2.0,6.0,6.0,10.0,181.0,86.1,53.0,0.2,1.0,8.0,2.0,6.0,115.0,84.4,32.0,0.1667,85.5,29.7,73.3,1014.4,0.1,7.7,4.8,261.6,W,6.15,4.22,7.35,day
566720,2019-08-05,2019,TOR,2019-08-05 19:10:00,19,0,2,2,1,15,2,14,266,83.5,3,53,0.0566,0.0714,0.0,5.0,2.0,5.0,130.0,81.7,46.0,0.0,1.0,10.0,0.0,9.0,136.0,85.5,39.0,0.1111,84.1,28.9,71.7,1013.8,0.1,7.3,4.5,202.7,SW,6.75,7.29,5.4,night
566721,2019-08-06,2019,TOR,2019-08-06 19:10:00,19,7,6,13,5,27,6,20,362,81.6,4,55,0.0727,0.25,3.0,10.0,3.0,12.0,209.0,82.2,52.0,0.25,2.0,17.0,2.0,8.0,153.0,80.8,38.0,0.25,82.6,28.1,78.0,1013.2,0.2,10.6,6.6,216.7,SW,10.52,10.41,9.36,night
566722,2019-08-07,2019,TOR,2019-08-07 13:10:00,13,3,4,7,4,25,4,15,303,83.1,6,43,0.1395,0.2667,1.0,12.0,2.0,8.0,145.0,82.6,39.0,0.125,3.0,13.0,2.0,7.0,158.0,83.5,50.0,0.4286,83.4,28.6,77.7,1014.3,0.6,8.4,5.2,265.2,W,6.42,4.17,7.88,day
566723,2019-08-16,2019,DET,2019-08-16 19:10:00,19,0,2,2,0,21,4,11,255,84.6,1,41,0.0244,0.0,0.0,8.0,4.0,5.0,136.0,84.8,30.0,0.0,0.0,13.0,0.0,6.0,119.0,84.5,33.0,0.0,79.0,26.1,87.3,1014.5,4.6,23.6,14.6,233.5,SW,23.31,20.72,23.09,night
566724,2019-08-17,2019,DET,2019-08-17 18:10:00,18,1,0,1,0,35,5,9,366,80.7,0,49,0.0,0.0,0.0,11.0,3.0,6.0,200.0,83.2,48.0,0.0,0.0,24.0,0.0,3.0,166.0,77.3,36.0,0.0,80.2,26.8,87.0,1015.4,2.1,10.0,6.2,207.0,SW,9.51,9.99,7.88,night
566725,2019-08-18,2019,DET,2019-08-18 13:10:00,13,5,4,9,2,21,7,15,301,83.6,4,46,0.087,0.1333,1.0,9.0,4.0,5.0,150.0,83.8,34.0,0.2,1.0,12.0,3.0,10.0,151.0,83.4,47.0,0.1,82.4,28.0,82.3,1017.5,0.0,7.2,4.5,227.0,SW,7.23,6.71,6.88,day
566726,2019-08-19,2019,SEA,2019-08-19 19:10:00,19,3,9,12,5,17,7,15,298,84.6,4,51,0.0784,0.3333,2.0,8.0,3.0,6.0,141.0,88.3,32.0,0.3333,3.0,9.0,4.0,9.0,157.0,81.7,41.0,0.3333,80.8,27.1,82.7,1015.0,0.0,8.2,5.1,39.5,NE,-8.13,-7.91,-7.37,night
566727,2019-08-20,2019,SEA,2019-08-20 19:10:00,19,4,7,11,2,14,10,17,366,81.6,4,57,0.0702,0.1176,0.0,6.0,3.0,8.0,182.0,82.9,49.0,0.0,2.0,8.0,6.0,9.0,184.0,80.3,44.0,0.2222,79.0,26.1,85.3,1016.6,6.6,10.1,6.3,63.6,NE,-9.6,-7.92,-10.13,night
566728,2019-08-21,2019,SEA,2019-08-21 13:10:00,13,7,6,13,3,12,5,19,304,82.6,1,56,0.0179,0.1579,2.0,5.0,2.0,11.0,134.0,86.4,41.0,0.1818,1.0,7.0,2.0,8.0,170.0,79.4,48.0,0.125,87.2,30.7,61.7,1016.6,0.2,10.7,6.7,148.3,SE,2.48,5.9,-1.24,day
566729,2019-08-30,2019,CLE,2019-08-30 19:10:00,19,4,0,4,1,18,3,13,271,84.8,2,43,0.0465,0.0769,1.0,11.0,0.0,8.0,137.0,86.9,33.0,0.125,0.0,7.0,2.0,5.0,134.0,82.8,34.0,0.0,80.1,26.7,87.3,1011.4,3.2,17.7,11.0,80.4,E,-14.46,-10.08,-17.1,night
566730,2019-08-31,2019,CLE,2019-08-31 18:10:00,18,9,6,15,6,14,6,22,298,86.9,8,56,0.1429,0.2727,4.0,6.0,4.0,11.0,155.0,89.0,42.0,0.3636,2.0,8.0,2.0,11.0,143.0,84.5,36.0,0.1818,86.1,30.1,67.3,1010.9,0.2,20.6,12.8,56.4,NE,-20.16,-17.56,-20.33,night
566731,2019-09-01,2019,CLE,2019-09-01 13:10:00,13,8,2,10,1,15,8,20,297,82.9,3,53,0.0566,0.05,1.0,5.0,4.0,14.0,139.0,81.5,46.0,0.0714,0.0,10.0,4.0,6.0,158.0,84.6,38.0,0.0,87.6,30.9,68.0,1011.7,0.2,11.7,7.2,46.0,NE,-11.66,-10.89,-11.03,day
566732,2019-09-02,2019,BAL,2019-09-02 13:10:00,13,5,4,9,2,16,2,16,300,83.0,2,57,0.0351,0.125,1.0,10.0,2.0,6.0,151.0,85.0,45.0,0.1667,1.0,6.0,0.0,10.0,149.0,81.3,56.0,0.1,85.9,29.9,72.0,1008.4,2.2,23.6,14.6,353.3,N,-14.62,-20.06,-7.41,day
566733,2019-09-03,2019,BAL,2019-09-03 15:10:00,15,2,4,6,3,15,4,16,282,81.4,2,51,0.0392,0.1875,1.0,7.0,4.0,5.0,143.0,82.3,48.0,0.2,2.0,8.0,0.0,11.0,139.0,80.6,47.0,0.1818,84.7,29.3,72.3,1006.5,2.6,23.2,14.4,349.7,N,-13.2,-18.93,-5.88,day
566734,2019-09-03,2019,BAL,2019-09-03 15:15:00,15,2,0,2,1,15,1,12,213,83.3,1,44,0.0227,0.0833,1.0,2.0,1.0,7.0,93.0,86.4,33.0,0.1429,0.0,13.0,0.0,5.0,120.0,79.7,29.0,0.0,84.7,29.3,72.3,1006.5,2.6,23.2,14.4,349.7,N,-13.2,-18.93,-5.88,day
566735,2019-09-05,2019,TOR,2019-09-05 19:10:00,19,6,4,10,3,18,6,17,313,83.9,4,49,0.0816,0.1765,1.0,6.0,3.0,9.0,150.0,84.7,43.0,0.1111,2.0,12.0,3.0,8.0,163.0,83.2,46.0,0.25,85.9,29.9,79.0,1011.1,0.0,18.9,11.7,262.3,W,15.03,10.2,18.04,night
566736,2019-09-06,2019,TOR,2019-09-06 19:10:00,19,5,0,5,1,19,2,11,249,81.1,2,42,0.0476,0.0909,1.0,6.0,0.0,9.0,127.0,82.1,36.0,0.1111,0.0,13.0,2.0,2.0,122.0,80.0,30.0,0.0,84.3,29.0,76.3,1010.4,0.2,11.1,6.9,278.0,W,6.66,3.24,9.28,night
566737,2019-09-07,2019,TOR,2019-09-07 18:10:00,18,5,3,8,0,26,8,14,300,81.5,0,38,0.0,0.0,0.0,11.0,4.0,8.0,155.0,82.3,37.0,0.0,0.0,15.0,3.0,6.0,145.0,80.7,37.0,0.0,86.5,30.3,60.0,1010.9,0.0,16.3,10.1,288.3,W,7.33,1.9,11.88,night
566738,2019-09-08,2019,TOR,2019-09-08 13:10:00,13,8,3,11,3,15,4,16,256,86.6,6,51,0.1176,0.1875,2.0,5.0,2.0,10.0,119.0,88.0,39.0,0.2,1.0,10.0,2.0,6.0,137.0,85.2,39.0,0.1667,89.7,32.0,51.3,1014.5,0.0,6.8,4.2,262.3,W,5.41,3.67,6.49,day
566739,2019-09-20,2019,BOS,2019-09-20 19:10:00,19,5,4,9,2,27,8,15,353,81.9,4,53,0.0755,0.1333,0.0,12.0,5.0,8.0,180.0,82.7,51.0,0.0,2.0,15.0,3.0,7.0,173.0,81.2,50.0,0.2857,83.0,28.3,51.7,1016.4,0.0,29.3,18.2,72.3,E,-26.0,-19.83,-29.03,night
566740,2019-09-21,2019,BOS,2019-09-21 18:10:00,18,5,4,9,5,31,5,17,334,85.7,4,46,0.087,0.2941,2.0,15.0,3.0,10.0,167.0,82.5,33.0,0.2,3.0,16.0,2.0,7.0,167.0,88.4,38.0,0.4286,84.6,29.2,51.0,1016.0,0.0,29.4,18.3,69.0,E,-26.86,-21.15,-29.33,night
566741,2019-09-22,2019,BOS,2019-09-22 13:10:00,13,4,7,11,3,18,8,20,331,81.4,5,54,0.0926,0.15,2.0,8.0,4.0,9.0,158.0,79.2,41.0,0.2222,1.0,10.0,4.0,11.0,173.0,83.3,49.0,0.0909,90.5,32.5,37.7,1015.5,0.0,24.8,15.4,72.7,E,-21.99,-16.72,-24.61,day
566742,2019-09-23,2019,BOS,2019-09-23 19:10:00,19,7,4,11,3,21,7,18,306,86.1,2,47,0.0426,0.1667,3.0,10.0,2.0,8.0,135.0,86.6,30.0,0.375,0.0,11.0,5.0,10.0,171.0,85.8,40.0,0.0,84.3,29.1,46.7,1011.9,0.0,13.7,8.5,31.9,NE,-13.31,-13.57,-11.45,night
566743,2019-09-24,2019,NYY,2019-09-24 19:10:00,19,2,1,3,3,30,4,14,359,82.2,3,51,0.0588,0.2143,2.0,17.0,3.0,7.0,192.0,82.0,39.0,0.2857,1.0,13.0,1.0,7.0,167.0,82.3,51.0,0.1429,82.5,28.0,62.7,1009.4,0.0,17.8,11.1,332.7,NW,-5.41,-10.9,0.73,night
566744,2019-09-25,2019,NYY,2019-09-25 19:10:00,19,4,0,4,2,26,7,10,281,80.5,4,33,0.1212,0.2,2.0,10.0,2.0,9.0,139.0,84.3,30.0,0.2222,0.0,16.0,5.0,1.0,142.0,76.0,26.0,0.0,84.8,29.3,56.7,1009.5,0.0,9.7,6.0,5.5,N,-7.46,-9.11,-4.91,night
630966,2020-07-24,2020,TOR,2020-07-24 18:40:00,18,4,6,10,2,20,11,14,344,81.7,2,49,0.0408,0.1429,1.0,9.0,8.0,5.0,182.0,83.2,37.0,0.2,1.0,11.0,3.0,9.0,162.0,80.7,53.0,0.1111,83.2,28.5,68.0,1015.4,1.1,3.9,2.4,16.5,N,-3.4,-3.82,-2.56,night
630967,2020-07-25,2020,TOR,2020-07-25 15:10:00,15,4,1,5,1,11,6,13,250,83.7,1,52,0.0192,0.0769,0.0,6.0,4.0,5.0,122.0,87.5,31.0,0.0,1.0,5.0,2.0,8.0,128.0,81.2,48.0,0.125,86.9,30.5,64.0,1015.1,1.0,16.7,10.4,103.3,E,-8.75,-3.37,-13.07,day
630968,2020-07-26,2020,TOR,2020-07-26 13:10:00,13,6,5,11,1,19,10,21,348,84.3,2,58,0.0345,0.0476,1.0,8.0,6.0,8.0,173.0,86.4,37.0,0.125,0.0,11.0,4.0,13.0,175.0,82.8,52.0,0.0,87.5,30.8,63.0,1017.1,0.4,9.7,6.0,177.9,S,6.58,8.61,3.77,day
630969,2020-07-27,2020,ATL,2020-07-27 18:40:00,18,14,5,19,7,31,8,17,327,80.8,9,38,0.2368,0.4118,5.0,12.0,6.0,13.0,182.0,81.1,53.0,0.3846,2.0,19.0,2.0,4.0,145.0,80.1,28.0,0.5,83.1,28.4,77.3,1016.3,1.0,6.2,3.9,262.1,W,4.95,3.37,5.93,night
630970,2020-07-28,2020,ATL,2020-07-28 18:40:00,18,5,2,7,0,20,7,13,277,81.4,0,42,0.0,0.0,0.0,8.0,3.0,7.0,120.0,86.2,31.0,0.0,0.0,12.0,4.0,6.0,157.0,77.5,39.0,0.0,84.1,28.9,70.3,1016.3,0.0,11.5,7.2,221.7,SW,11.51,11.05,10.59,night
630971,2020-08-04,2020,BOS,2020-08-04 18:40:00,18,5,1,6,1,20,3,17,286,83.0,4,48,0.0833,0.0588,0.0,10.0,2.0,9.0,136.0,81.3,44.0,0.0,1.0,10.0,1.0,8.0,150.0,84.5,51.0,0.125,89.5,32.0,53.0,1012.4,0.0,7.0,4.3,284.5,W,3.53,1.27,5.37,night
630972,2020-08-05,2020,BOS,2020-08-05 18:40:00,18,0,5,5,2,22,6,14,290,82.0,4,43,0.093,0.1429,0.0,11.0,5.0,4.0,150.0,81.6,36.0,0.0,2.0,11.0,1.0,10.0,140.0,82.3,47.0,0.2,86.7,30.4,66.0,1013.2,0.5,9.2,5.7,177.6,S,6.21,8.14,3.53,night
630974,2020-08-07,2020,NYY,2020-08-07 18:40:00,18,1,0,1,0,17,7,4,266,80.4,0,37,0.0,0.0,0.0,8.0,2.0,2.0,107.0,79.6,27.0,0.0,0.0,9.0,5.0,2.0,159.0,81.0,37.0,0.0,87.5,30.8,62.0,1016.9,0.0,5.9,3.6,286.0,W,2.84,0.91,4.42,night
630962,2020-08-08,2020,NYY,2020-08-08 14:10:00,14,4,8,12,4,23,8,17,313,84.1,4,36,0.1111,0.2353,1.0,14.0,3.0,6.0,153.0,84.1,26.0,0.1667,3.0,9.0,5.0,11.0,160.0,84.1,37.0,0.2727,94.4,34.7,41.3,1017.8,0.0,8.7,5.4,293.4,NW,3.22,0.25,5.8,day
630973,2020-08-08,2020,NYY,2020-08-08 14:15:00,14,5,3,8,0,10,12,13,253,84.5,0,39,0.0,0.0,0.0,6.0,9.0,5.0,138.0,80.6,32.0,0.0,0.0,4.0,3.0,8.0,115.0,88.7,30.0,0.0,94.4,34.7,41.3,1017.8,0.0,8.7,5.4,293.4,NW,3.22,0.25,5.8,day
630946,2020-08-09,2020,NYY,2020-08-09 13:10:00,13,4,3,7,2,20,7,15,303,83.5,4,46,0.087,0.1333,2.0,11.0,2.0,8.0,138.0,85.5,33.0,0.25,0.0,9.0,4.0,7.0,165.0,82.3,52.0,0.0,92.3,33.5,51.3,1018.5,0.0,7.5,4.7,13.6,N,-6.4,-7.35,-4.68,day
630960,2020-08-21,2020,TOR,2020-08-21 18:40:00,18,5,6,11,4,19,7,20,311,80.9,5,56,0.0893,0.2,2.0,10.0,5.0,10.0,176.0,82.3,45.0,0.2,2.0,9.0,2.0,10.0,135.0,79.5,46.0,0.2,80.2,26.8,84.3,1012.1,0.0,10.1,6.3,131.0,SE,-0.71,2.78,-4.11,night
630948,2020-08-22,2020,TOR,2020-08-22 18:40:00,18,2,1,3,0,19,10,10,325,80.5,1,47,0.0213,0.0,0.0,11.0,3.0,5.0,169.0,79.0,51.0,0.0,0.0,8.0,6.0,5.0,156.0,82.1,46.0,0.0,81.6,27.6,67.0,1013.1,0.0,9.3,5.8,46.4,NE,-9.26,-8.63,-8.78,night
630949,2020-08-23,2020,TOR,2020-08-23 13:10:00,13,5,4,9,2,11,9,15,297,84.1,3,54,0.0556,0.1333,0.0,6.0,4.0,9.0,159.0,82.5,49.0,0.0,2.0,5.0,5.0,6.0,138.0,86.2,38.0,0.3333,87.9,31.0,68.3,1013.1,0.2,17.7,11.0,92.7,E,-11.9,-6.71,-15.65,day
630950,2020-08-24,2020,TOR,2020-08-24 15:10:00,15,4,6,10,4,15,11,15,330,81.7,6,50,0.12,0.2667,2.0,5.0,7.0,8.0,170.0,83.3,52.0,0.25,2.0,10.0,4.0,7.0,160.0,79.9,46.0,0.2857,85.6,29.8,76.7,1012.3,3.8,12.6,7.8,110.4,E,-5.25,-1.01,-8.85,day
630951,2020-08-25,2020,BAL,2020-08-25 18:40:00,18,4,2,6,3,24,4,14,268,82.1,3,43,0.0698,0.2143,2.0,9.0,2.0,7.0,139.0,85.9,39.0,0.2857,1.0,15.0,1.0,7.0,129.0,77.9,35.0,0.1429,87.6,30.9,68.7,1012.1,0.0,18.1,11.2,94.3,E,-11.77,-6.38,-15.75,night
630952,2020-08-26,2020,BAL,2020-08-26 18:40:00,18,4,3,7,2,18,9,13,326,76.5,3,46,0.0652,0.1538,2.0,9.0,7.0,5.0,175.0,78.4,50.0,0.4,0.0,9.0,2.0,8.0,151.0,74.6,50.0,0.0,83.9,28.8,78.3,1013.3,0.5,8.2,5.1,54.6,NE,-8.12,-7.16,-8.1,night
630954,2020-09-04,2020,MIA,2020-09-04 18:40:00,18,5,4,9,3,21,8,14,286,83.1,2,44,0.0455,0.2143,1.0,13.0,6.0,6.0,150.0,81.9,33.0,0.1667,2.0,8.0,2.0,8.0,136.0,84.1,40.0,0.25,88.3,31.3,65.3,1014.5,0.4,15.5,9.7,16.6,N,-13.67,-15.37,-10.32,night
630955,2020-09-05,2020,MIA,2020-09-05 18:40:00,18,3,7,10,1,20,10,14,306,81.6,3,47,0.0638,0.0714,0.0,10.0,5.0,6.0,158.0,83.5,53.0,0.0,1.0,10.0,5.0,8.0,148.0,79.5,51.0,0.125,87.1,30.6,65.0,1015.8,0.1,7.5,4.6,121.0,SE,-1.81,0.78,-4.18,night
630956,2020-09-06,2020,MIA,2020-09-06 13:10:00,13,5,4,9,4,27,7,14,330,81.1,4,44,0.0909,0.2857,3.0,15.0,2.0,6.0,155.0,81.1,37.0,0.5,1.0,12.0,5.0,8.0,175.0,81.1,45.0,0.125,91.7,33.2,46.3,1014.0,0.2,9.1,5.7,64.0,NE,-8.6,-7.07,-9.1,day
630957,2020-09-10,2020,BOS,2020-09-10 18:40:00,18,3,4,7,4,30,8,13,306,81.8,3,36,0.0833,0.3077,2.0,17.0,5.0,5.0,166.0,81.2,29.0,0.4,2.0,13.0,3.0,8.0,140.0,82.2,42.0,0.25,79.1,26.2,87.0,1014.1,3.1,7.1,4.4,94.8,E,-4.56,-2.44,-6.13,night
630958,2020-09-11,2020,BOS,2020-09-11 18:40:00,18,11,1,12,3,14,9,23,337,84.7,2,56,0.0357,0.1304,3.0,8.0,7.0,12.0,174.0,84.6,53.0,0.25,0.0,6.0,2.0,11.0,163.0,84.8,53.0,0.0,82.0,27.8,80.0,1009.0,0.1,15.4,9.5,57.0,NE,-15.03,-13.03,-15.22,night
630959,2020-09-12,2020,BOS,2020-09-12 18:40:00,18,5,4,9,4,23,3,14,249,85.2,2,41,0.0488,0.2857,2.0,13.0,2.0,7.0,126.0,85.3,32.0,0.2857,2.0,10.0,1.0,7.0,123.0,85.1,42.0,0.2857,81.4,27.4,79.3,1005.9,0.0,31.6,19.7,71.7,E,-28.27,-21.71,-31.42,night
630947,2020-09-13,2020,BOS,2020-09-13 13:10:00,13,3,6,9,3,18,5,19,312,80.6,5,56,0.0893,0.1579,1.0,12.0,3.0,8.0,162.0,78.5,45.0,0.125,2.0,6.0,2.0,11.0,150.0,82.4,55.0,0.1818,78.1,25.6,88.7,1009.3,17.4,27.4,17.0,133.0,SE,-0.96,8.47,-10.26,day
630936,2020-09-15,2020,WSH,2020-09-15 18:40:00,18,6,1,7,1,16,5,18,296,83.4,2,52,0.0385,0.0556,1.0,8.0,2.0,11.0,156.0,85.4,40.0,0.0909,0.0,8.0,2.0,7.0,140.0,81.7,48.0,0.0,79.5,26.4,91.3,1013.1,5.4,6.8,4.2,96.7,E,-4.24,-2.15,-5.82,night
630937,2020-09-16,2020,WSH,2020-09-16 13:10:00,13,2,4,6,3,26,6,14,332,83.1,3,47,0.0638,0.2143,1.0,16.0,2.0,7.0,179.0,85.6,39.0,0.1429,2.0,10.0,2.0,7.0,153.0,81.4,56.0,0.2857,84.3,29.0,81.7,1011.8,0.7,23.3,14.5,184.0,S,17.61,21.78,11.31,day
630953,2020-09-17,2020,BAL,2020-08-27 18:40:00,18,10,6,16,5,16,5,20,250,82.8,7,42,0.1667,0.25,3.0,7.0,3.0,10.0,124.0,82.6,41.0,0.3,2.0,9.0,2.0,10.0,126.0,83.0,42.0,0.2,85.3,29.6,74.0,1014.3,0.1,8.5,5.3,224.3,SW,8.47,7.99,7.92,night
630938,2020-09-25,2020,PHI,2020-09-25 18:40:00,18,6,4,10,1,25,7,16,312,82.9,3,41,0.0732,0.0625,1.0,12.0,4.0,9.0,162.0,84.8,42.0,0.1111,0.0,13.0,3.0,7.0,150.0,81.4,49.0,0.0,82.5,28.0,82.7,1012.4,0.2,6.3,3.9,298.7,NW,1.76,-0.4,3.71,night
630939,2020-09-26,2020,PHI,2020-09-26 19:07:00,19,4,3,7,1,19,5,19,266,79.4,2,47,0.0426,0.0526,0.0,11.0,3.0,7.0,137.0,79.5,41.0,0.0,1.0,8.0,1.0,12.0,129.0,79.3,43.0,0.0833,81.7,27.6,78.7,1013.0,0.0,7.1,4.4,345.5,N,-3.6,-5.48,-1.29,night
630945,2020-09-27,2020,PHI,2020-09-27 15:10:00,15,5,0,5,0,15,5,15,291,79.9,3,49,0.0612,0.0,0.0,10.0,4.0,9.0,160.0,80.1,45.0,0.0,0.0,5.0,1.0,6.0,131.0,79.7,38.0,0.0,85.9,30.0,70.0,1010.9,0.2,5.5,3.4,320.4,NW,-0.51,-2.35,1.38,day
634499,2021-04-09,2021,NYY,2021-04-09 15:10:00,15,10,5,15,3,21,4,20,287,79.9,4,48,0.0833,0.15,1.0,11.0,3.0,13.0,159.0,80.4,48.0,0.0769,2.0,10.0,1.0,7.0,128.0,79.3,43.0,0.2857,79.8,26.5,51.0,1013.2,0.0,19.6,12.2,225.7,SW,19.6,18.34,18.49,day
632217,2021-04-10,2021,NYY,2021-04-10 13:10:00,13,4,0,4,2,21,5,15,281,79.7,2,45,0.0444,0.1333,2.0,12.0,3.0,10.0,155.0,77.8,45.0,0.2,0.0,9.0,2.0,5.0,126.0,82.1,35.0,0.0,82.0,27.8,60.0,1009.9,0.0,32.6,20.3,198.6,S,29.24,32.43,22.52,day
632232,2021-04-11,2021,NYY,2021-04-11 13:10:00,13,4,8,12,3,21,9,15,323,83.1,4,50,0.08,0.2,2.0,13.0,2.0,6.0,151.0,85.0,38.0,0.3333,1.0,8.0,7.0,9.0,172.0,81.7,52.0,0.1111,70.6,21.4,90.3,1007.8,30.6,19.9,12.3,248.4,W,18.23,14.43,19.83,day
632204,2021-04-12,2021,TEX,2021-04-12 19:10:00,19,1,0,1,1,29,7,6,253,83.8,1,26,0.0385,0.1667,1.0,12.0,5.0,3.0,127.0,83.8,32.0,0.3333,0.0,17.0,2.0,3.0,126.0,83.9,36.0,0.0,72.6,22.5,71.0,1010.9,0.0,13.7,8.5,313.4,NW,0.39,-4.33,5.06,night
634489,2021-04-13,2021,TEX,2021-04-13 19:10:00,19,3,8,11,1,15,4,20,262,81.1,2,57,0.0351,0.05,0.0,6.0,2.0,7.0,120.0,81.8,37.0,0.0,1.0,9.0,2.0,13.0,142.0,80.6,49.0,0.0769,74.5,23.6,69.0,1015.2,0.0,11.6,7.2,312.3,NW,0.54,-3.46,4.48,night
634496,2021-04-14,2021,TEX,2021-04-14 19:10:00,19,1,5,6,2,15,5,17,293,81.7,4,52,0.0769,0.1176,1.0,10.0,0.0,8.0,140.0,85.5,47.0,0.125,1.0,5.0,4.0,9.0,153.0,78.1,49.0,0.1111,74.2,23.5,65.3,1015.5,0.0,11.9,7.4,269.0,W,8.58,5.23,10.9,night
634522,2021-04-15,2021,TEX,2021-04-15 19:10:00,19,4,6,10,4,20,11,18,360,81.5,4,57,0.0702,0.2222,1.0,12.0,8.0,7.0,196.0,83.7,56.0,0.1429,3.0,8.0,3.0,11.0,164.0,79.2,50.0,0.2727,73.8,23.2,82.0,1010.1,0.0,14.3,8.9,205.0,SW,13.47,14.33,10.98,night
634413,2021-04-23,2021,TOR,2021-04-23 19:10:00,19,3,5,8,3,22,5,11,272,82.5,6,45,0.1333,0.2727,1.0,12.0,3.0,5.0,144.0,80.9,41.0,0.2,2.0,10.0,2.0,6.0,128.0,84.0,42.0,0.3333,77.7,25.4,62.3,1014.7,0.0,11.7,7.3,93.9,E,-7.68,-4.2,-10.24,night
634358,2021-04-24,2021,TOR,2021-04-24 18:10:00,18,5,3,8,3,22,5,15,286,81.6,5,45,0.1111,0.2,2.0,12.0,2.0,6.0,125.0,86.0,41.0,0.3333,1.0,10.0,3.0,9.0,161.0,78.3,56.0,0.1111,77.9,25.5,84.3,1010.5,0.0,28.4,17.6,194.3,S,24.4,27.88,17.98,night
634376,2021-04-25,2021,TOR,2021-04-25 13:10:00,13,0,1,1,0,16,5,11,283,80.9,0,49,0.0,0.0,0.0,9.0,2.0,5.0,142.0,80.9,44.0,0.0,0.0,7.0,3.0,6.0,141.0,80.9,52.0,0.0,80.2,26.8,74.7,1011.9,0.0,18.0,11.2,270.7,W,12.6,7.43,16.25,day
634343,2021-04-26,2021,ATH,2021-04-26 19:10:00,19,1,2,3,1,21,8,9,289,81.8,0,38,0.0,0.1111,0.0,10.0,4.0,6.0,165.0,81.8,53.0,0.0,1.0,11.0,4.0,3.0,124.0,81.9,33.0,0.3333,81.4,27.4,43.7,1014.7,0.0,11.0,6.9,72.0,E,-9.83,-7.53,-10.95,night
634368,2021-04-27,2021,ATH,2021-04-27 19:10:00,19,4,3,7,2,13,3,18,258,82.8,5,58,0.0862,0.1111,1.0,7.0,2.0,10.0,130.0,82.0,53.0,0.1,1.0,6.0,1.0,8.0,128.0,83.6,56.0,0.125,81.7,27.6,45.7,1015.4,0.0,21.9,13.6,76.0,E,-18.8,-13.8,-21.53,night
634308,2021-04-28,2021,ATH,2021-04-28 19:10:00,19,2,0,2,1,23,5,15,268,83.3,4,40,0.1,0.0667,1.0,10.0,2.0,8.0,132.0,83.1,40.0,0.125,0.0,13.0,2.0,7.0,136.0,83.4,42.0,0.0,77.1,25.1,66.3,1015.0,0.0,16.0,10.0,321.4,NW,-1.78,-7.12,3.78,night
634296,2021-04-29,2021,ATH,2021-04-29 13:10:00,13,2,3,5,2,21,3,12,294,81.2,2,43,0.0465,0.1667,1.0,12.0,2.0,5.0,150.0,82.5,42.0,0.2,1.0,9.0,1.0,7.0,144.0,80.1,50.0,0.1429,84.3,29.1,53.3,1015.3,0.0,15.8,9.8,223.7,SW,15.76,14.94,14.69,day
634275,2021-04-30,2021,HOU,2021-04-30 19:10:00,19,2,9,11,1,21,8,21,324,79.0,3,53,0.0566,0.0476,0.0,12.0,5.0,6.0,150.0,80.0,43.0,0.0,1.0,9.0,3.0,15.0,174.0,78.4,66.0,0.0667,77.5,25.3,66.3,1014.5,0.0,15.6,9.7,307.3,NW,2.08,-3.33,7.23,night
634307,2021-05-01,2021,HOU,2021-05-01 16:10:00,16,1,3,4,0,12,7,9,276,80.5,1,50,0.02,0.0,0.0,7.0,2.0,5.0,129.0,79.7,47.0,0.0,0.0,5.0,4.0,4.0,147.0,81.3,48.0,0.0,83.2,28.5,57.7,1012.2,0.3,15.1,9.4,265.0,W,11.59,7.57,14.22,day
634323,2021-05-02,2021,HOU,2021-05-02 13:10:00,13,5,4,9,2,21,4,15,299,79.0,4,45,0.0889,0.1333,1.0,11.0,2.0,7.0,156.0,77.6,48.0,0.1429,1.0,10.0,1.0,8.0,143.0,80.6,40.0,0.125,83.9,28.8,53.7,1013.3,0.0,23.1,14.3,212.3,SW,22.51,22.88,19.42,day
634169,2021-05-11,2021,NYY,2021-05-11 19:10:00,19,1,3,4,3,17,5,10,283,82.8,4,45,0.0889,0.3,1.0,11.0,3.0,3.0,136.0,81.4,38.0,0.3333,2.0,6.0,2.0,7.0,147.0,83.9,49.0,0.2857,81.8,27.7,62.7,1014.9,0.0,10.6,6.6,319.7,NW,-0.87,-4.43,2.79,night
634210,2021-05-12,2021,NYY,2021-05-12 19:10:00,19,0,1,1,0,23,1,10,259,79.5,2,38,0.0526,0.0,0.0,13.0,0.0,4.0,121.0,77.3,30.0,0.0,0.0,10.0,1.0,6.0,138.0,81.6,32.0,0.0,81.8,27.7,66.7,1014.8,0.0,16.4,10.2,318.0,NW,-0.85,-6.39,4.79,night
634126,2021-05-13,2021,NYY,2021-05-13 19:10:00,19,9,1,10,2,26,9,15,308,81.6,5,38,0.1316,0.1333,2.0,16.0,5.0,10.0,170.0,80.5,50.0,0.2,0.0,10.0,4.0,5.0,138.0,83.1,41.0,0.0,77.7,25.4,63.7,1015.6,0.2,15.1,9.4,24.4,NE,-14.13,-15.1,-11.46,night
634093,2021-05-14,2021,NYM,2021-05-14 19:10:00,19,3,2,5,2,22,5,13,259,83.5,3,44,0.0682,0.1538,1.0,11.0,4.0,7.0,140.0,84.1,40.0,0.1429,1.0,11.0,1.0,6.0,119.0,82.9,39.0,0.1667,81.2,27.3,47.3,1015.7,0.0,21.7,13.5,46.4,NE,-21.73,-20.24,-20.6,night
634105,2021-05-15,2021,NYM,2021-05-15 13:10:00,13,12,5,17,3,22,7,23,275,81.5,6,52,0.1154,0.1304,0.0,10.0,5.0,15.0,148.0,81.7,61.0,0.0,3.0,12.0,2.0,8.0,127.0,81.2,39.0,0.375,84.1,28.9,35.7,1018.1,0.0,14.0,8.7,17.0,N,-12.39,-13.9,-9.39,day
634071,2021-05-16,2021,NYM,2021-05-16 13:10:00,13,7,1,8,4,13,2,12,234,81.5,3,47,0.0638,0.3333,3.0,4.0,1.0,10.0,121.0,82.8,46.0,0.3,1.0,9.0,1.0,2.0,113.0,80.0,35.0,0.5,84.4,29.1,31.3,1018.6,0.0,14.3,8.9,51.0,NE,-14.19,-12.82,-13.84,day
633990,2021-05-25,2021,KC,2021-05-25 19:10:00,19,1,2,3,1,23,5,11,239,83.9,3,40,0.075,0.0909,0.0,9.0,5.0,4.0,122.0,84.1,44.0,0.0,1.0,14.0,0.0,7.0,117.0,83.6,34.0,0.1429,79.6,26.4,62.0,1018.8,0.0,14.9,9.3,294.3,NW,5.26,0.17,9.71,night
634064,2021-05-26,2021,KC,2021-05-26 19:10:00,19,2,1,3,1,25,11,7,293,80.5,1,40,0.025,0.1429,0.0,13.0,8.0,3.0,160.0,78.4,39.0,0.0,1.0,12.0,2.0,4.0,133.0,82.7,36.0,0.25,79.0,26.1,63.3,1018.1,0.0,17.8,11.1,306.0,NW,2.78,-3.4,8.62,night
633915,2021-05-27,2021,KC,2021-05-27 15:10:00,15,7,2,9,2,20,6,16,278,79.0,2,44,0.0455,0.125,1.0,10.0,5.0,8.0,163.0,79.0,54.0,0.125,1.0,10.0,1.0,8.0,115.0,79.0,41.0,0.125,85.2,29.5,50.7,1015.8,0.3,16.9,10.5,251.7,W,15.1,11.59,16.78,day
633894,2021-05-29,2021,PHI,2021-05-29 13:10:00,13,5,3,8,2,31,8,11,278,76.6,1,31,0.0323,0.1818,1.0,16.0,3.0,6.0,132.0,75.5,30.0,0.1667,1.0,15.0,3.0,5.0,146.0,77.6,32.0,0.2,82.8,28.2,59.3,1011.8,0.6,19.5,12.1,225.0,SW,19.5,18.32,18.32,day
633892,2021-05-30,2021,PHI,2021-05-30 13:10:00,13,6,2,8,2,18,5,19,297,81.2,2,49,0.0408,0.1053,2.0,10.0,4.0,9.0,145.0,82.1,53.0,0.2222,0.0,8.0,1.0,10.0,152.0,80.2,47.0,0.0,81.6,27.6,67.3,1015.4,0.0,6.1,3.8,192.3,S,5.13,5.95,3.69,day
633766,2021-06-08,2021,WSH,2021-06-08 19:10:00,19,3,1,4,1,22,12,13,338,82.0,3,39,0.0769,0.0769,1.0,8.0,8.0,7.0,182.0,81.0,51.0,0.1429,0.0,14.0,4.0,6.0,156.0,83.1,45.0,0.0,80.9,27.2,74.3,1017.6,5.4,4.9,3.1,127.4,SE,-0.65,1.06,-2.28,night
633767,2021-06-09,2021,WSH,2021-06-09 19:10:00,19,7,9,16,5,31,12,18,407,80.8,10,53,0.1887,0.2778,2.0,13.0,6.0,8.0,212.0,82.2,66.0,0.25,3.0,18.0,4.0,10.0,195.0,79.1,53.0,0.3,85.2,29.6,59.0,1016.0,0.0,13.3,8.2,323.0,NW,-1.85,-6.23,2.75,night
633781,2021-06-11,2021,BAL,2021-06-11 19:10:00,19,4,2,6,2,16,6,13,276,78.0,3,46,0.0652,0.1538,1.0,8.0,4.0,9.0,158.0,79.6,51.0,0.1111,1.0,8.0,2.0,4.0,118.0,76.0,41.0,0.25,84.2,29.0,65.0,1011.8,0.0,14.6,9.1,273.7,W,9.61,5.29,12.78,night
633699,2021-06-12,2021,BAL,2021-06-12 16:10:00,16,5,4,9,1,23,7,15,277,80.2,0,41,0.0,0.0667,0.0,12.0,4.0,9.0,151.0,79.1,41.0,0.0,1.0,11.0,3.0,6.0,126.0,81.2,41.0,0.1667,84.7,29.3,63.3,1010.2,0.5,17.1,10.6,244.0,SW,16.17,13.29,17.1,day
633737,2021-06-13,2021,BAL,2021-06-13 13:10:00,13,7,1,8,1,12,7,12,270,78.1,1,48,0.0208,0.0833,1.0,5.0,4.0,10.0,143.0,80.1,45.0,0.1,0.0,7.0,2.0,2.0,127.0,75.9,43.0,0.0,84.0,28.9,69.0,1011.1,0.2,16.6,10.3,265.8,W,12.57,8.1,15.52,day
633519,2021-06-22,2021,BOS,2021-06-22 19:10:00,19,5,9,14,2,22,7,19,372,81.6,2,60,0.0333,0.1053,1.0,11.0,3.0,9.0,173.0,79.5,51.0,0.1111,1.0,11.0,2.0,10.0,199.0,83.3,64.0,0.1,79.8,26.5,85.3,1015.2,1.3,16.8,10.4,263.5,W,13.12,8.76,15.9,night
633524,2021-06-23,2021,BOS,2021-06-23 19:10:00,19,8,2,10,3,21,15,12,328,80.9,3,42,0.0714,0.25,3.0,9.0,9.0,6.0,169.0,84.6,38.0,0.5,0.0,12.0,6.0,6.0,159.0,77.9,46.0,0.0,82.2,27.9,74.7,1017.7,2.2,4.2,2.6,343.7,N,-2.04,-3.18,-0.64,night
633517,2021-06-24,2021,BOS,2021-06-24 19:10:00,19,1,0,1,0,19,10,6,275,82.4,3,38,0.0789,0.0,0.0,9.0,3.0,2.0,143.0,81.7,38.0,0.0,0.0,10.0,5.0,4.0,132.0,83.0,45.0,0.0,77.8,25.4,83.7,1017.2,8.2,11.9,7.4,63.0,NE,-11.32,-9.38,-11.89,night
633535,2021-06-25,2021,LAA,2021-06-25 19:10:00,19,4,3,7,2,17,5,15,261,79.6,2,48,0.0417,0.1333,0.0,7.0,4.0,10.0,138.0,79.7,44.0,0.0,2.0,10.0,1.0,5.0,123.0,79.5,39.0,0.4,78.5,25.8,78.3,1015.9,0.0,18.3,11.4,70.3,E,-16.55,-12.88,-18.22,night
633525,2021-06-26,2021,LAA,2021-06-26 16:10:00,16,13,3,16,2,18,8,20,296,81.1,4,52,0.0769,0.1,2.0,8.0,5.0,15.0,181.0,82.2,54.0,0.1333,0.0,10.0,3.0,5.0,115.0,79.8,41.0,0.0,83.4,28.6,70.7,1015.1,1.3,14.3,8.9,95.1,E,-9.19,-4.88,-12.4,day
633459,2021-06-27,2021,LAA,2021-06-27 13:10:00,13,4,6,10,4,18,6,17,311,77.9,5,51,0.098,0.2353,2.0,11.0,3.0,6.0,150.0,78.9,42.0,0.3333,2.0,7.0,2.0,11.0,161.0,77.3,67.0,0.1818,88.5,31.4,54.3,1015.8,0.0,16.1,10.0,79.0,E,-13.35,-9.46,-15.62,day
633353,2021-07-05,2021,CLE,2021-07-05 19:10:00,19,9,8,17,3,17,6,27,340,84.9,8,60,0.1333,0.1111,2.0,5.0,2.0,14.0,157.0,86.8,55.0,0.1429,1.0,12.0,3.0,13.0,183.0,83.3,63.0,0.0769,81.0,27.2,81.3,1014.7,3.0,14.5,9.0,108.7,E,-6.4,-1.58,-10.45,night
633339,2021-07-07,2021,CLE,2021-07-07 12:10:00,12,8,1,9,4,17,3,11,239,82.5,2,33,0.0606,0.3636,3.0,9.0,2.0,7.0,133.0,81.4,41.0,0.4286,1.0,8.0,1.0,4.0,106.0,84.0,30.0,0.25,80.8,27.1,84.0,1013.7,2.4,33.6,20.9,200.7,S,30.62,33.5,24.04,day
633360,2021-07-07,2021,CLE,2021-07-06 19:10:00,19,4,0,4,0,13,5,7,214,78.4,1,33,0.0303,0.0,0.0,5.0,3.0,7.0,117.0,81.3,28.0,0.0,0.0,8.0,2.0,0.0,97.0,75.2,25.0,,78.2,25.7,86.0,1011.5,8.3,34.6,21.5,84.3,E,-26.73,-17.63,-32.62,night
633338,2021-07-09,2021,TOR,2021-07-09 19:10:00,19,7,1,8,0,30,8,13,346,80.2,2,35,0.0571,0.0,0.0,16.0,5.0,8.0,183.0,78.3,39.0,0.0,0.0,14.0,3.0,5.0,163.0,81.7,48.0,0.0,83.7,28.7,74.3,1018.7,0.2,11.3,7.0,334.0,NW,-3.69,-7.13,0.2,night
633293,2021-07-10,2021,TOR,2021-07-10 13:10:00,13,5,2,7,4,21,9,13,327,78.5,4,41,0.0976,0.3077,3.0,12.0,5.0,7.0,154.0,78.2,44.0,0.4286,1.0,9.0,4.0,6.0,173.0,78.7,52.0,0.1667,85.5,29.7,68.0,1018.4,0.1,6.5,4.0,7.9,N,-5.16,-6.18,-3.52,day
633270,2021-07-11,2021,TOR,2021-07-11 13:10:00,13,1,3,4,2,16,4,9,250,81.4,2,46,0.0435,0.2222,1.0,11.0,1.0,3.0,131.0,79.5,49.0,0.3333,1.0,5.0,3.0,6.0,119.0,83.7,43.0,0.1667,78.6,25.9,85.3,1018.8,4.1,8.4,5.2,92.9,E,-5.66,-3.18,-7.46,day
633236,2021-07-19,2021,BAL,2021-07-19 19:10:00,19,1,6,7,0,21,6,14,289,79.1,3,45,0.0667,0.0,0.0,10.0,3.0,5.0,133.0,80.5,38.0,0.0,0.0,11.0,3.0,9.0,156.0,78.1,55.0,0.0,83.0,28.3,75.3,1015.9,0.6,5.8,3.6,298.4,NW,1.65,-0.34,3.44,night
633257,2021-07-20,2021,BAL,2021-07-20 19:10:00,19,9,3,12,2,18,3,16,293,83.5,3,52,0.0577,0.125,2.0,3.0,1.0,10.0,125.0,85.9,48.0,0.2,0.0,15.0,2.0,6.0,168.0,81.0,46.0,0.0,83.7,28.7,73.0,1014.1,0.8,8.0,5.0,245.8,SW,7.51,6.08,8.03,night
633225,2021-07-21,2021,BAL,2021-07-21 12:10:00,12,5,4,9,4,20,5,18,282,79.3,3,49,0.0612,0.2222,2.0,13.0,4.0,9.0,164.0,78.7,61.0,0.2222,2.0,7.0,1.0,9.0,118.0,80.1,43.0,0.2222,86.8,30.4,68.7,1017.2,0.2,11.3,7.0,188.3,S,9.06,10.82,6.21,day
633143,2021-07-27,2021,NYY,2021-07-27 19:10:00,19,3,4,7,2,22,14,18,341,81.4,3,44,0.0682,0.1111,1.0,12.0,7.0,8.0,194.0,79.2,64.0,0.125,1.0,10.0,7.0,10.0,147.0,84.4,46.0,0.1,82.2,27.9,79.7,1013.6,0.3,16.8,10.4,212.0,SW,16.34,16.64,14.07,night
633122,2021-07-28,2021,NYY,2021-07-28 19:10:00,19,1,3,4,0,24,3,10,293,79.1,1,44,0.0227,0.0,0.0,11.0,2.0,3.0,146.0,77.3,45.0,0.0,0.0,13.0,1.0,7.0,147.0,81.0,42.0,0.0,78.7,25.9,90.0,1014.2,1.4,7.6,4.7,266.4,W,5.7,3.64,7.08,night
633104,2021-07-29,2021,NYY,2021-07-29 13:10:00,13,14,0,14,4,24,7,16,313,82.4,6,43,0.1395,0.25,4.0,14.0,4.0,12.0,170.0,83.3,53.0,0.3333,0.0,10.0,3.0,4.0,143.0,81.3,42.0,0.0,81.4,27.5,79.7,1015.6,0.6,15.1,9.4,261.0,W,12.21,8.44,14.51,day
633165,2021-07-30,2021,BOS,2021-07-30 19:10:00,19,7,3,10,3,19,7,20,306,82.8,4,51,0.0784,0.15,3.0,7.0,3.0,10.0,145.0,85.1,54.0,0.3,0.0,12.0,3.0,10.0,161.0,80.3,52.0,0.0,84.4,29.1,72.0,1015.1,0.0,11.5,7.2,247.7,W,10.64,8.48,11.52,night
633090,2021-07-31,2021,BOS,2021-07-31 18:10:00,18,9,5,14,4,24,6,17,330,81.0,4,46,0.087,0.2353,2.0,13.0,2.0,9.0,164.0,85.2,46.0,0.2222,2.0,11.0,2.0,8.0,166.0,77.2,51.0,0.25,86.4,30.2,67.3,1015.1,0.0,18.4,11.4,238.0,SW,17.93,15.43,18.26,night
633089,2021-08-01,2021,BOS,2021-08-01 19:08:00,19,3,2,5,2,16,5,15,261,82.2,4,48,0.0833,0.1333,1.0,6.0,1.0,7.0,112.0,78.5,42.0,0.1429,1.0,10.0,4.0,8.0,149.0,85.7,43.0,0.125,84.4,29.1,76.0,1014.9,0.0,15.1,9.4,267.0,W,11.21,7.08,14.0,night
633070,2021-08-02,2021,SEA,2021-08-02 19:10:00,19,2,8,10,2,18,8,19,337,81.9,4,53,0.0755,0.1053,1.0,9.0,2.0,7.0,150.0,82.4,56.0,0.1429,1.0,9.0,6.0,12.0,187.0,81.4,59.0,0.0833,82.8,28.2,79.7,1014.3,0.1,11.9,7.4,254.2,W,10.38,7.77,11.75,night
633005,2021-08-03,2021,SEA,2021-08-03 19:10:00,19,2,4,6,3,17,6,13,299,80.7,4,50,0.08,0.2308,1.0,10.0,3.0,7.0,134.0,81.8,47.0,0.1429,2.0,7.0,3.0,6.0,165.0,79.9,66.0,0.3333,78.3,25.7,87.0,1013.5,8.4,13.6,8.5,210.3,SW,13.15,13.54,11.18,night
633027,2021-08-04,2021,SEA,2021-08-04 13:10:00,13,4,3,7,1,21,5,12,265,80.8,1,42,0.0238,0.0833,1.0,9.0,4.0,5.0,129.0,82.2,45.0,0.2,0.0,12.0,1.0,7.0,136.0,79.2,43.0,0.0,79.3,26.3,88.7,1014.7,4.4,24.2,15.0,226.3,SW,24.16,22.51,22.9,day
632890,2021-08-16,2021,BAL,2021-08-16 19:10:00,19,9,2,11,5,12,5,19,300,80.4,4,57,0.0702,0.2632,5.0,7.0,3.0,12.0,153.0,80.7,54.0,0.4167,0.0,5.0,2.0,7.0,147.0,80.0,48.0,0.0,80.4,26.9,86.3,1011.3,1.4,18.9,11.8,201.8,S,17.4,18.9,13.8,night
632864,2021-08-17,2021,BAL,2021-08-17 19:10:00,19,10,0,10,3,20,3,15,305,82.5,3,48,0.0625,0.2,3.0,10.0,1.0,11.0,163.0,81.0,59.0,0.2727,0.0,10.0,2.0,4.0,142.0,84.1,53.0,0.0,83.3,28.5,79.0,1014.1,0.0,5.9,3.7,204.1,SW,5.54,5.93,4.48,night
632849,2021-08-18,2021,BAL,2021-08-18 19:10:00,19,8,4,12,2,13,6,20,305,80.6,6,57,0.1053,0.1,0.0,5.0,6.0,12.0,149.0,82.9,51.0,0.0,2.0,8.0,0.0,8.0,156.0,78.7,59.0,0.25,81.6,27.6,81.7,1017.2,0.3,4.9,3.0,80.9,E,-3.94,-2.73,-4.68,night
632833,2021-08-19,2021,BAL,2021-08-19 13:10:00,13,7,2,9,2,24,7,15,293,83.6,3,40,0.075,0.1333,1.0,10.0,6.0,7.0,151.0,87.6,41.0,0.1429,1.0,14.0,1.0,8.0,142.0,80.3,50.0,0.125,88.6,31.4,61.0,1016.6,0.0,5.2,3.2,105.7,E,-2.55,-0.84,-3.94,day
632836,2021-08-20,2021,CWS,2021-08-20 19:10:00,19,5,7,12,3,30,5,16,365,79.9,3,55,0.0545,0.1875,1.0,14.0,3.0,5.0,165.0,81.7,38.0,0.2,2.0,16.0,0.0,11.0,200.0,78.9,74.0,0.1818,84.6,29.2,78.7,1011.5,0.1,8.9,5.5,309.0,NW,0.93,-2.14,3.89,night
632804,2021-08-21,2021,CWS,2021-08-21 13:10:00,13,8,4,12,1,12,4,20,258,86.0,4,56,0.0714,0.05,0.0,6.0,2.0,11.0,128.0,88.2,45.0,0.0,1.0,6.0,1.0,9.0,130.0,83.9,45.0,0.1111,86.2,30.1,78.0,1013.5,1.3,5.1,3.2,223.2,SW,5.1,4.84,4.74,day
632785,2021-08-22,2021,CWS,2021-08-22 13:10:00,13,9,0,9,0,18,6,19,300,81.5,2,50,0.04,0.0,0.0,8.0,3.0,12.0,156.0,80.1,61.0,0.0,0.0,10.0,2.0,7.0,144.0,83.2,49.0,0.0,86.6,30.3,76.3,1014.9,0.2,4.7,2.9,256.7,W,4.0,2.91,4.6,day
632664,2021-08-30,2021,BOS,2021-08-30 19:10:00,19,6,1,7,2,18,9,14,315,81.7,3,47,0.0638,0.1429,1.0,8.0,6.0,8.0,171.0,79.7,59.0,0.125,1.0,10.0,2.0,6.0,144.0,84.3,44.0,0.1667,84.1,29.0,74.7,1011.7,0.0,7.2,4.5,276.0,W,4.51,2.33,6.14,night
632669,2021-08-31,2021,BOS,2021-08-31 19:10:00,19,8,5,13,2,12,7,15,303,80.6,4,56,0.0714,0.1333,1.0,5.0,4.0,5.0,145.0,79.2,51.0,0.2,1.0,7.0,3.0,10.0,158.0,81.9,57.0,0.1,84.2,29.0,74.7,1010.3,0.2,17.0,10.6,254.7,W,14.77,11.0,16.76,night
632653,2021-09-01,2021,BOS,2021-09-01 19:10:00,19,2,3,5,2,19,3,17,292,83.0,0,47,0.0,0.1176,1.0,6.0,2.0,8.0,131.0,85.0,43.0,0.125,1.0,13.0,1.0,9.0,161.0,81.3,52.0,0.1111,79.4,26.3,81.3,1010.0,0.6,24.0,14.9,254.3,W,20.95,15.66,23.71,night
632630,2021-09-02,2021,BOS,2021-09-02 19:10:00,19,0,4,4,0,22,6,14,291,79.1,1,43,0.0233,0.0,0.0,10.0,2.0,5.0,139.0,77.8,47.0,0.0,0.0,12.0,4.0,9.0,152.0,80.5,46.0,0.0,81.3,27.4,78.0,1011.2,0.4,13.6,8.4,286.3,W,6.52,2.06,10.2,night
632627,2021-09-03,2021,MIN,2021-09-03 19:10:00,19,5,3,8,2,16,2,11,235,82.1,6,48,0.125,0.1818,0.0,3.0,0.0,6.0,96.0,82.3,40.0,0.0,2.0,13.0,2.0,5.0,139.0,81.8,52.0,0.4,78.8,26.0,87.0,1012.3,0.7,6.8,4.2,317.6,NW,-0.31,-2.6,2.02,night
632600,2021-09-04,2021,MIN,2021-09-04 16:05:00,16,11,4,15,8,15,9,22,311,83.4,10,56,0.1786,0.3636,6.0,7.0,4.0,13.0,171.0,82.5,55.0,0.4615,2.0,8.0,4.0,9.0,140.0,84.4,49.0,0.2222,82.6,28.1,77.7,1011.3,1.0,6.0,3.7,296.1,NW,1.96,-0.11,3.79,day
632605,2021-09-05,2021,MIN,2021-09-05 13:10:00,13,5,6,11,2,10,9,24,329,82.7,4,65,0.0615,0.0833,2.0,5.0,4.0,11.0,165.0,81.2,54.0,0.1818,0.0,5.0,4.0,13.0,164.0,83.9,62.0,0.0,83.8,28.8,75.7,1013.2,0.0,10.2,6.3,239.3,SW,9.85,8.4,10.12,day
632474,2021-09-16,2021,DET,2021-09-16 19:10:00,19,5,2,7,4,13,8,13,265,80.6,5,47,0.1064,0.3077,2.0,7.0,6.0,7.0,129.0,80.8,43.0,0.2857,2.0,6.0,2.0,6.0,136.0,80.4,52.0,0.3333,77.4,25.2,91.0,1014.0,3.9,6.6,4.1,200.1,S,6.01,6.61,4.7,night
632440,2021-09-17,2021,DET,2021-09-17 19:10:00,19,7,4,11,2,15,7,16,295,82.7,3,59,0.0508,0.125,1.0,7.0,6.0,9.0,168.0,83.1,58.0,0.1111,1.0,8.0,1.0,7.0,127.0,82.2,53.0,0.1429,79.9,26.6,84.3,1016.3,3.1,3.4,2.1,317.6,NW,-0.16,-1.32,1.03,night
632427,2021-09-18,2021,DET,2021-09-18 16:10:00,16,3,4,7,3,15,5,12,267,79.2,4,49,0.0816,0.25,1.0,7.0,3.0,7.0,131.0,81.5,42.0,0.1429,2.0,8.0,2.0,5.0,136.0,77.1,46.0,0.4,81.2,27.3,88.0,1013.3,0.6,2.5,1.6,310.5,NW,0.2,-0.67,1.04,day
632421,2021-09-19,2021,DET,2021-09-19 13:10:00,13,0,2,2,2,16,7,11,266,78.6,5,45,0.1111,0.1818,0.0,4.0,4.0,5.0,133.0,80.9,38.0,0.0,2.0,12.0,3.0,6.0,133.0,76.5,40.0,0.3333,82.0,27.8,86.0,1014.2,1.0,6.0,3.7,266.1,W,4.55,2.92,5.63,day
632406,2021-09-20,2021,TOR,2021-09-20 19:10:00,19,6,4,10,5,19,5,16,309,82.9,3,46,0.0652,0.3125,2.0,8.0,3.0,11.0,158.0,82.8,60.0,0.1818,3.0,11.0,2.0,5.0,151.0,83.0,55.0,0.6,79.8,26.5,87.0,1014.4,0.6,4.1,2.6,339.5,N,-1.71,-2.9,-0.32,night
632391,2021-09-21,2021,TOR,2021-09-21 19:10:00,19,2,4,6,1,17,13,13,285,83.6,2,46,0.0435,0.0769,0.0,10.0,11.0,5.0,154.0,82.4,46.0,0.0,1.0,7.0,2.0,8.0,131.0,84.6,56.0,0.125,78.2,25.7,89.0,1014.4,2.1,6.6,4.1,82.5,E,-5.27,-3.57,-6.33,night
632377,2021-09-22,2021,TOR,2021-09-22 15:10:00,15,7,1,8,1,10,7,15,286,84.9,2,56,0.0357,0.0667,1.0,4.0,3.0,11.0,146.0,84.6,46.0,0.0909,0.0,6.0,4.0,4.0,140.0,85.2,50.0,0.0,82.9,28.3,80.3,1010.0,0.4,11.1,6.9,255.3,W,9.58,7.08,10.92,day
632358,2021-09-24,2021,MIA,2021-09-24 19:10:00,19,8,0,8,0,19,7,13,288,80.2,2,43,0.0465,0.0,0.0,12.0,6.0,11.0,173.0,82.3,51.0,0.0,0.0,7.0,1.0,2.0,115.0,77.8,43.0,0.0,80.5,27.0,78.0,1012.4,0.0,8.9,5.5,23.4,NE,-8.27,-8.9,-6.65,night
632335,2021-09-25,2021,MIA,2021-09-25 18:10:00,18,7,3,10,2,13,4,25,289,84.5,4,62,0.0645,0.08,1.0,7.0,0.0,12.0,123.0,83.9,46.0,0.0833,1.0,6.0,3.0,13.0,166.0,85.0,60.0,0.0769,81.9,27.7,74.7,1013.4,0.4,11.9,7.4,6.6,N,-9.3,-11.26,-6.22,night
632290,2021-09-26,2021,MIA,2021-09-26 13:10:00,13,3,2,5,1,21,4,11,265,82.5,1,41,0.0244,0.0909,0.0,10.0,3.0,5.0,142.0,82.1,46.0,0.0,1.0,11.0,1.0,6.0,123.0,83.0,38.0,0.1667,84.3,29.1,67.3,1016.2,0.1,5.7,3.5,47.4,NE,-5.66,-5.24,-5.4,day
661918,2022-04-08,2022,BAL,2022-04-08 15:10:00,15,2,1,3,1,23,6,15,294,81.0,1,42,0.0238,0.0667,0.0,9.0,3.0,8.0,146.0,81.2,52.0,0.0,1.0,14.0,3.0,7.0,148.0,80.6,41.0,0.1429,70.1,21.2,45.7,1014.0,0.0,27.5,17.1,282.7,W,14.72,5.88,21.79,day
661917,2022-04-09,2022,BAL,2022-04-09 13:10:00,13,5,3,8,2,15,4,16,238,88.0,4,49,0.0816,0.125,1.0,5.0,3.0,8.0,114.0,89.1,41.0,0.125,1.0,10.0,1.0,8.0,124.0,86.9,43.0,0.125,67.4,19.7,48.3,1017.4,0.0,28.1,17.5,286.0,W,13.62,4.4,21.21,day
661916,2022-04-10,2022,BAL,2022-04-10 13:10:00,13,8,0,8,1,21,10,17,321,84.3,4,44,0.0909,0.0588,1.0,8.0,5.0,11.0,155.0,86.0,50.0,0.0909,0.0,13.0,5.0,6.0,166.0,82.4,43.0,0.0,68.7,20.4,40.7,1020.3,0.0,10.3,6.4,47.7,NE,-10.32,-9.54,-9.86,day
661915,2022-04-11,2022,ATH,2022-04-11 18:40:00,18,2,13,15,4,21,4,21,298,86.2,5,55,0.0909,0.1905,0.0,13.0,1.0,8.0,140.0,87.8,42.0,0.0,4.0,8.0,3.0,13.0,158.0,84.8,49.0,0.3077,72.2,22.3,72.0,1017.5,0.0,15.1,9.4,280.2,W,8.63,3.86,12.36,night
661944,2022-04-12,2022,ATH,2022-04-12 18:40:00,18,9,8,17,4,19,17,21,402,84.9,6,59,0.1017,0.1905,3.0,11.0,7.0,13.0,214.0,85.9,63.0,0.2308,1.0,8.0,8.0,8.0,188.0,83.5,48.0,0.125,73.8,23.2,70.7,1016.8,0.0,16.3,10.1,294.4,NW,5.73,0.16,10.6,night
661943,2022-04-13,2022,ATH,2022-04-13 18:40:00,18,2,4,6,2,22,6,13,287,82.6,2,46,0.0435,0.1538,1.0,8.0,2.0,8.0,134.0,81.7,47.0,0.125,1.0,14.0,4.0,5.0,153.0,83.7,41.0,0.2,75.4,24.1,72.7,1013.7,0.0,10.7,6.7,243.7,SW,10.17,8.38,10.73,night
661942,2022-04-14,2022,ATH,2022-04-14 13:10:00,13,3,6,9,1,16,3,16,240,82.6,5,52,0.0962,0.0625,1.0,4.0,0.0,7.0,106.0,83.4,45.0,0.1429,0.0,12.0,3.0,9.0,134.0,81.8,44.0,0.0,79.0,26.1,71.0,1014.9,0.3,10.4,6.4,237.0,SW,10.14,8.79,10.27,day
661914,2022-04-22,2022,BOS,2022-04-22 19:10:00,19,3,4,7,3,14,6,17,297,83.0,3,55,0.0545,0.1765,2.0,7.0,5.0,6.0,162.0,85.1,54.0,0.3333,1.0,7.0,1.0,11.0,135.0,81.0,60.0,0.0909,77.9,25.5,47.0,1020.2,0.0,29.4,18.3,69.3,E,-26.82,-21.05,-29.35,night
661941,2022-04-23,2022,BOS,2022-04-23 18:10:00,18,3,2,5,1,20,7,5,279,83.7,2,45,0.0444,0.2,1.0,14.0,2.0,3.0,133.0,85.0,35.0,0.3333,0.0,6.0,5.0,2.0,146.0,82.6,45.0,0.0,81.6,27.6,44.3,1016.3,0.0,22.8,14.2,100.1,E,-13.04,-5.86,-18.65,night
661931,2022-04-24,2022,BOS,2022-04-24 13:10:00,13,5,2,7,1,12,5,15,240,84.9,4,51,0.0784,0.0667,1.0,3.0,4.0,9.0,126.0,87.2,37.0,0.1111,0.0,9.0,1.0,6.0,114.0,82.6,38.0,0.0,85.2,29.5,38.3,1017.1,0.0,17.8,11.1,106.0,E,-8.65,-2.79,-13.46,day
661929,2022-04-26,2022,SEA,2022-04-26 18:40:00,18,4,8,12,2,18,7,19,360,80.0,4,56,0.0714,0.1053,2.0,12.0,5.0,9.0,191.0,80.1,56.0,0.2222,0.0,6.0,2.0,10.0,169.0,79.8,66.0,0.0,79.0,26.1,58.7,1016.0,0.0,19.0,11.8,317.3,NW,-0.77,-7.23,5.78,night
661909,2022-04-27,2022,SEA,2022-04-27 18:40:00,18,3,2,5,3,19,5,12,262,85.9,4,43,0.093,0.25,1.0,7.0,3.0,7.0,124.0,85.5,34.0,0.1429,2.0,12.0,2.0,5.0,138.0,86.2,38.0,0.4,80.2,26.8,51.7,1013.9,0.0,14.0,8.7,312.3,NW,0.65,-4.16,5.38,night
661908,2022-04-28,2022,SEA,2022-04-28 13:10:00,13,2,1,3,0,15,7,13,262,80.4,0,44,0.0,0.0,0.0,5.0,5.0,7.0,128.0,82.2,37.0,0.0,0.0,10.0,1.0,6.0,134.0,78.9,44.0,0.0,82.6,28.1,51.3,1014.8,0.0,8.4,5.2,356.3,N,-5.53,-7.34,-3.05,day
661907,2022-04-29,2022,MIN,2022-04-29 19:10:00,19,6,1,7,2,17,3,11,243,82.0,6,43,0.1395,0.1818,2.0,9.0,3.0,8.0,129.0,80.4,35.0,0.25,0.0,8.0,0.0,3.0,114.0,83.7,33.0,0.0,73.4,23.0,74.0,1015.1,1.1,16.7,10.4,99.6,E,-9.7,-4.46,-13.78,night
661906,2022-04-30,2022,MIN,2022-04-30 16:10:00,16,1,9,10,4,25,6,18,320,82.6,6,48,0.125,0.2222,1.0,11.0,3.0,4.0,137.0,83.1,46.0,0.25,3.0,14.0,3.0,14.0,183.0,82.1,58.0,0.2143,78.1,25.6,66.7,1013.7,0.7,11.8,7.3,309.5,NW,1.12,-2.95,5.06,day
661905,2022-05-01,2022,MIN,2022-05-01 13:10:00,13,3,9,12,1,18,4,21,294,83.7,4,56,0.0714,0.0476,0.0,10.0,1.0,8.0,130.0,83.5,43.0,0.0,1.0,8.0,3.0,13.0,164.0,83.8,66.0,0.0769,79.3,26.3,64.3,1016.2,1.8,9.0,5.6,346.1,N,-4.66,-7.03,-1.74,day
661904,2022-05-13,2022,TOR,2022-05-13 19:10:00,19,5,2,7,0,13,3,13,247,81.7,1,50,0.02,0.0,0.0,9.0,2.0,7.0,119.0,78.4,45.0,0.0,0.0,4.0,1.0,6.0,128.0,85.2,42.0,0.0,77.6,25.3,56.7,1011.8,0.0,14.7,9.1,317.0,NW,-0.5,-5.48,4.54,night
661903,2022-05-14,2022,TOR,2022-05-14 18:10:00,18,1,5,6,3,14,5,13,285,81.9,3,53,0.0566,0.2308,1.0,7.0,2.0,6.0,142.0,82.4,44.0,0.1667,2.0,7.0,3.0,7.0,143.0,81.4,55.0,0.2857,79.5,26.4,57.7,1010.9,0.0,19.8,12.3,325.3,NW,-3.55,-10.0,3.32,night
661902,2022-05-15,2022,TOR,2022-05-15 13:40:00,13,3,0,3,0,14,1,11,234,78.1,1,47,0.0213,0.0,0.0,8.0,0.0,6.0,106.0,77.8,39.0,0.0,0.0,6.0,1.0,5.0,128.0,78.3,56.0,0.0,83.7,28.7,54.7,1011.9,0.0,9.1,5.7,283.2,W,4.81,1.86,7.17,day
661961,2022-05-16,2022,DET,2022-05-16 18:40:00,18,2,3,5,3,15,2,13,262,80.8,4,50,0.08,0.2308,1.0,6.0,2.0,7.0,135.0,84.4,49.0,0.1429,2.0,9.0,0.0,6.0,127.0,77.6,54.0,0.3333,79.4,26.3,65.7,1010.8,0.0,14.4,8.9,280.7,W,8.11,3.56,11.67,night
662053,2022-05-17,2022,DET,2022-05-17 18:40:00,18,8,1,9,4,13,2,18,248,82.8,5,55,0.0909,0.2222,3.0,4.0,2.0,11.0,126.0,85.2,56.0,0.2727,1.0,9.0,0.0,7.0,122.0,79.6,43.0,0.1429,81.3,27.4,69.7,1012.8,0.0,15.3,9.5,283.0,W,8.09,3.17,12.03,night
662054,2022-05-18,2022,DET,2022-05-18 13:10:00,13,6,1,7,3,20,4,16,287,83.1,3,43,0.0698,0.1875,2.0,9.0,3.0,11.0,145.0,85.2,45.0,0.1818,1.0,11.0,1.0,5.0,142.0,80.9,42.0,0.2,84.9,29.4,66.3,1015.0,0.0,12.0,7.4,246.3,SW,11.15,8.99,11.96,day
661978,2022-05-24,2022,MIA,2022-05-24 18:40:00,18,4,0,4,3,19,4,15,256,83.8,3,43,0.0698,0.2,3.0,9.0,1.0,10.0,106.0,86.4,31.0,0.3,0.0,10.0,3.0,5.0,150.0,82.2,51.0,0.0,82.6,28.1,70.0,1013.3,0.0,9.5,5.9,229.2,SW,9.47,8.67,9.14,night
662052,2022-05-25,2022,MIA,2022-05-25 18:40:00,18,5,4,9,2,21,8,15,288,82.7,3,42,0.0714,0.1333,1.0,9.0,4.0,6.0,129.0,86.0,42.0,0.1667,1.0,12.0,4.0,9.0,159.0,79.9,52.0,0.1111,82.7,28.2,74.0,1014.6,0.0,8.0,5.0,250.7,W,7.24,5.61,7.99,night
662051,2022-05-26,2022,NYY,2022-05-26 18:40:00,18,2,7,9,0,12,6,12,274,78.5,0,54,0.0,0.0,0.0,6.0,1.0,6.0,124.0,79.2,56.0,0.0,0.0,6.0,5.0,6.0,150.0,77.7,44.0,0.0,82.7,28.2,69.7,1014.6,0.0,20.6,12.8,239.7,SW,19.9,16.91,20.48,night
661960,2022-05-27,2022,NYY,2022-05-27 19:10:00,19,0,2,2,2,17,1,8,232,80.9,2,44,0.0455,0.25,0.0,7.0,0.0,2.0,108.0,79.2,40.0,0.0,2.0,10.0,1.0,6.0,124.0,82.5,45.0,0.3333,79.0,26.1,78.3,1012.0,2.5,10.2,6.3,257.0,W,8.65,6.28,9.98,night
661933,2022-05-28,2022,NYY,2022-05-28 16:10:00,16,3,1,4,0,19,3,11,257,84.1,1,40,0.025,0.0,0.0,10.0,3.0,7.0,132.0,86.0,37.0,0.0,0.0,9.0,0.0,4.0,125.0,82.1,37.0,0.0,85.2,29.6,38.7,1010.7,0.0,16.1,10.0,313.7,NW,0.37,-5.15,5.86,day
661910,2022-05-29,2022,NYY,2022-05-29 13:40:00,13,4,2,6,4,18,4,11,264,82.6,3,44,0.0682,0.3636,2.0,9.0,4.0,2.0,131.0,83.6,31.0,1.0,2.0,9.0,0.0,9.0,133.0,82.0,51.0,0.2222,87.2,30.7,41.0,1013.4,0.0,3.2,2.0,297.6,NW,0.95,-0.14,1.93,day
661897,2022-06-03,2022,CWS,2022-06-03 19:10:00,19,6,3,9,2,14,6,19,301,82.0,5,55,0.0909,0.1053,1.0,2.0,4.0,8.0,137.0,83.2,50.0,0.125,1.0,12.0,2.0,11.0,164.0,80.9,57.0,0.0909,75.6,24.2,85.3,1006.5,0.3,23.9,14.8,101.3,E,-13.23,-5.63,-19.22,night
661896,2022-06-04,2022,CWS,2022-06-04 16:10:00,16,2,3,5,1,17,9,11,285,82.2,2,45,0.0444,0.0909,0.0,11.0,8.0,4.0,166.0,82.2,40.0,0.0,1.0,6.0,1.0,7.0,119.0,82.2,45.0,0.1429,84.1,29.0,60.7,1001.6,0.0,28.2,17.5,32.7,NE,-27.52,-27.91,-23.8,day
661895,2022-06-05,2022,CWS,2022-06-05 13:40:00,13,5,6,11,2,11,4,25,311,81.7,6,64,0.0938,0.08,2.0,8.0,2.0,9.0,141.0,84.3,44.0,0.2222,0.0,3.0,2.0,16.0,170.0,80.2,73.0,0.0,84.9,29.4,60.0,1007.2,0.0,6.4,4.0,259.5,W,5.3,3.74,6.23,day
661894,2022-06-07,2022,STL,2022-06-07 19:10:00,19,4,2,6,1,16,6,12,292,82.7,2,54,0.037,0.0833,1.0,7.0,3.0,3.0,138.0,85.4,43.0,0.3333,0.0,9.0,3.0,9.0,154.0,80.6,56.0,0.0,82.5,28.1,74.7,1012.1,0.0,5.8,3.6,257.0,W,4.92,3.57,5.67,night
661892,2022-06-08,2022,STL,2022-06-08 19:10:00,19,11,3,14,1,16,5,26,303,82.1,0,61,0.0,0.0385,0.0,7.0,4.0,18.0,173.0,84.1,58.0,0.0,1.0,9.0,1.0,8.0,130.0,79.6,46.0,0.125,81.4,27.5,73.7,1013.3,0.1,11.8,7.3,235.7,SW,11.56,10.12,11.61,night
661891,2022-06-09,2022,STL,2022-06-09 13:10:00,13,2,1,3,1,19,2,5,196,79.1,1,36,0.0278,0.2,1.0,9.0,0.0,3.0,85.0,78.8,30.0,0.3333,0.0,10.0,2.0,2.0,111.0,79.4,36.0,0.0,81.3,27.4,77.7,1014.7,0.2,14.6,9.1,237.1,SW,14.31,12.4,14.49,day
661893,2022-06-20,2022,NYY,2022-06-20 19:10:00,19,2,4,6,1,25,7,10,314,82.2,3,40,0.075,0.1,0.0,14.0,5.0,3.0,159.0,81.6,43.0,0.0,1.0,11.0,2.0,7.0,155.0,83.0,36.0,0.1429,78.8,26.0,86.7,1018.2,8.6,13.9,8.7,84.7,E,-10.72,-7.03,-13.12,night
661890,2022-06-21,2022,NYY,2022-06-21 19:10:00,19,5,4,9,5,15,5,13,256,85.5,3,48,0.0625,0.3846,4.0,5.0,0.0,8.0,116.0,84.7,45.0,0.5,1.0,10.0,5.0,5.0,140.0,86.5,37.0,0.2,86.6,30.3,39.7,1017.0,0.0,19.2,12.0,83.7,E,-15.01,-9.99,-18.22,night
661889,2022-06-22,2022,NYY,2022-06-22 19:10:00,19,4,5,9,5,13,11,17,306,82.5,6,56,0.1071,0.2941,2.0,5.0,2.0,10.0,132.0,79.5,46.0,0.2,3.0,8.0,8.0,7.0,174.0,85.2,50.0,0.4286,84.1,28.9,57.3,1012.5,0.0,16.2,10.1,300.3,NW,4.11,-1.51,9.23,night
661888,2022-06-24,2022,PIT,2022-06-24 19:10:00,19,4,3,7,3,27,1,15,310,80.4,2,46,0.0435,0.2,0.0,10.0,1.0,7.0,154.0,82.4,53.0,0.0,3.0,17.0,0.0,8.0,156.0,78.2,49.0,0.375,81.4,27.4,80.7,1012.3,2.4,8.5,5.3,357.1,N,-5.7,-7.51,-3.2,night
661887,2022-06-25,2022,PIT,2022-06-25 13:10:00,13,6,5,11,3,20,5,22,310,84.4,2,54,0.037,0.1364,1.0,11.0,3.0,14.0,174.0,84.9,57.0,0.0714,2.0,9.0,1.0,8.0,136.0,83.8,43.0,0.25,81.1,27.3,77.3,1015.5,4.5,11.6,7.2,354.7,N,-7.43,-10.04,-3.92,day
661886,2022-06-26,2022,PIT,2022-06-26 13:40:00,13,4,2,6,1,20,7,16,280,81.3,3,46,0.0652,0.0625,0.0,8.0,5.0,10.0,147.0,83.3,47.0,0.0,1.0,12.0,1.0,6.0,133.0,78.7,37.0,0.1667,90.6,32.6,49.0,1014.4,0.6,12.1,7.5,44.3,NE,-12.13,-11.45,-11.35,day
661885,2022-06-28,2022,MIL,2022-06-28 19:10:00,19,3,5,8,2,22,7,14,317,81.9,1,44,0.0227,0.1429,0.0,14.0,3.0,5.0,154.0,84.0,47.0,0.0,2.0,8.0,4.0,9.0,163.0,80.0,52.0,0.2222,79.7,26.5,78.0,1016.5,1.9,7.7,4.8,122.3,SE,-1.69,0.98,-4.15,night
661879,2022-06-29,2022,MIL,2022-06-29 12:10:00,12,3,5,8,4,22,8,14,328,78.6,5,46,0.1087,0.2857,0.0,9.0,6.0,7.0,176.0,78.2,54.0,0.0,4.0,13.0,2.0,7.0,152.0,79.1,46.0,0.5714,87.6,30.9,59.7,1019.1,0.0,4.0,2.5,65.4,NE,-3.72,-3.02,-3.97,day
661878,2022-07-11,2022,BOS,2022-07-11 19:10:00,19,10,5,15,0,17,6,23,323,80.5,2,54,0.037,0.0,0.0,7.0,3.0,14.0,157.0,80.3,56.0,0.0,0.0,10.0,3.0,9.0,166.0,80.7,54.0,0.0,82.5,28.0,75.7,1011.6,0.1,16.7,10.4,252.4,W,14.83,11.3,16.56,night
661877,2022-07-12,2022,BOS,2022-07-12 19:10:00,19,3,2,5,0,20,6,12,268,81.0,1,41,0.0244,0.0,0.0,9.0,3.0,6.0,126.0,83.7,35.0,0.0,0.0,11.0,3.0,6.0,142.0,78.2,33.0,0.0,86.2,30.1,65.3,1014.0,0.0,13.7,8.5,237.0,SW,13.37,11.59,13.53,night
661876,2022-07-13,2022,BOS,2022-07-13 19:10:00,19,4,1,5,1,14,5,10,252,81.1,2,45,0.0444,0.1,1.0,6.0,5.0,5.0,139.0,81.4,47.0,0.2,0.0,8.0,0.0,5.0,113.0,80.7,36.0,0.0,87.3,30.7,58.3,1015.7,0.0,7.8,4.8,332.3,NW,-2.3,-4.7,0.37,night
661875,2022-07-14,2022,BOS,2022-07-14 19:10:00,19,5,4,9,1,19,2,16,260,79.7,0,47,0.0,0.0625,0.0,9.0,0.0,9.0,119.0,82.8,40.0,0.0,1.0,10.0,2.0,7.0,141.0,77.2,52.0,0.1429,78.1,25.6,84.7,1017.5,3.0,10.2,6.3,225.0,SW,10.2,9.58,9.58,night
661874,2022-07-15,2022,BAL,2022-07-15 19:10:00,19,5,4,9,4,14,3,18,277,82.6,2,55,0.0364,0.2222,1.0,8.0,2.0,8.0,125.0,82.8,42.0,0.125,3.0,6.0,1.0,10.0,152.0,82.5,67.0,0.3,80.7,27.1,71.3,1016.2,2.6,13.3,8.3,97.8,E,-8.06,-3.94,-11.21,night
661873,2022-07-16,2022,BAL,2022-07-16 16:10:00,16,4,6,10,2,16,5,18,331,80.7,5,61,0.082,0.1111,1.0,8.0,4.0,10.0,191.0,79.7,65.0,0.1,1.0,8.0,1.0,8.0,140.0,82.1,48.0,0.125,82.9,28.3,68.7,1013.8,3.5,12.1,7.5,139.0,SE,0.84,4.91,-3.32,day
661872,2022-07-17,2022,BAL,2022-07-17 13:40:00,13,7,5,12,5,21,4,20,275,80.9,3,48,0.0625,0.25,3.0,14.0,2.0,10.0,150.0,78.8,48.0,0.3,2.0,7.0,2.0,10.0,125.0,83.2,43.0,0.2,85.2,29.6,70.3,1014.8,0.4,12.9,8.0,202.7,SW,11.93,12.89,9.54,day
661871,2022-07-29,2022,CLE,2022-07-29 19:10:00,19,1,4,5,1,19,5,14,284,79.1,1,48,0.0208,0.0714,0.0,11.0,2.0,6.0,122.0,83.4,30.0,0.0,1.0,8.0,3.0,8.0,162.0,77.0,60.0,0.125,91.6,33.1,44.0,1016.1,0.0,7.7,4.8,358.8,N,-5.3,-6.88,-3.09,night
661870,2022-07-30,2022,CLE,2022-07-30 13:10:00,13,6,4,10,3,26,3,21,286,79.3,4,45,0.0889,0.1429,2.0,12.0,3.0,10.0,148.0,78.4,50.0,0.2,1.0,14.0,0.0,11.0,138.0,80.3,44.0,0.0909,92.7,33.7,41.7,1018.9,0.4,13.2,8.2,119.3,SE,-3.57,0.99,-7.7,day
661869,2022-07-31,2022,CLE,2022-07-31 13:40:00,13,3,5,8,0,11,9,17,310,83.2,3,58,0.0517,0.0,0.0,6.0,5.0,8.0,147.0,89.9,40.0,0.0,0.0,5.0,4.0,9.0,163.0,78.8,60.0,0.0,93.3,34.1,42.0,1019.7,0.2,7.4,4.6,144.7,SE,1.25,3.68,-1.33,day
661868,2022-08-02,2022,TOR,2022-08-02 19:10:00,19,1,3,4,1,17,4,10,257,80.7,2,43,0.0465,0.1,1.0,11.0,1.0,2.0,112.0,80.0,38.0,0.5,0.0,6.0,3.0,8.0,145.0,81.2,54.0,0.0,87.0,30.6,64.3,1015.6,0.0,7.4,4.6,310.1,NW,0.64,-1.93,3.13,night
661867,2022-08-03,2022,TOR,2022-08-03 12:10:00,12,3,2,5,1,19,5,10,271,77.7,3,42,0.0714,0.1,0.0,10.0,3.0,6.0,145.0,77.0,45.0,0.0,1.0,9.0,2.0,4.0,126.0,78.5,41.0,0.25,89.4,31.9,53.7,1015.9,0.1,5.0,3.1,208.2,SW,4.79,4.99,4.01,day
661866,2022-08-12,2022,BAL,2022-08-12 19:10:00,19,3,10,13,3,17,3,24,285,80.6,4,60,0.0667,0.125,1.0,11.0,1.0,5.0,141.0,81.2,45.0,0.2,2.0,6.0,2.0,19.0,144.0,80.1,56.0,0.1053,83.3,28.5,69.7,1014.4,1.1,14.9,9.3,8.2,N,-11.96,-14.3,-8.18,night
661865,2022-08-13,2022,BAL,2022-08-13 16:10:00,16,8,2,10,1,17,8,20,304,81.4,3,54,0.0556,0.05,1.0,9.0,5.0,11.0,153.0,82.0,53.0,0.0909,0.0,8.0,3.0,9.0,151.0,80.6,43.0,0.0,88.6,31.4,50.7,1013.3,0.0,13.4,8.3,309.1,NW,1.37,-3.27,5.85,day
661864,2022-08-14,2022,BAL,2022-08-14 13:40:00,13,4,1,5,1,20,2,9,232,82.3,4,40,0.1,0.1111,1.0,11.0,2.0,8.0,137.0,79.5,42.0,0.125,0.0,9.0,0.0,1.0,95.0,85.6,35.0,0.0,84.6,29.2,65.7,1013.8,0.5,9.5,5.9,342.6,N,-4.39,-6.99,-1.26,day
661863,2022-08-18,2022,KC,2022-08-18 19:10:00,19,7,1,8,3,13,5,18,280,78.6,5,55,0.0909,0.1667,2.0,6.0,2.0,12.0,142.0,79.7,52.0,0.1667,1.0,7.0,3.0,6.0,138.0,77.7,57.0,0.1667,80.5,26.9,80.7,1013.4,0.1,12.1,7.5,56.7,NE,-11.82,-10.27,-11.94,night
661862,2022-08-19,2022,KC,2022-08-19 19:10:00,19,2,3,5,1,23,7,10,276,83.6,1,42,0.0238,0.1,0.0,12.0,4.0,6.0,140.0,88.1,34.0,0.0,1.0,11.0,3.0,4.0,136.0,79.8,40.0,0.25,83.1,28.4,76.7,1015.0,0.3,11.1,6.9,316.1,NW,-0.21,-4.01,3.61,night
661861,2022-08-20,2022,KC,2022-08-20 16:10:00,16,5,2,7,0,14,3,14,265,82.0,1,51,0.0196,0.0,0.0,2.0,2.0,10.0,134.0,82.1,58.0,0.0,0.0,12.0,1.0,4.0,131.0,81.9,41.0,0.0,91.6,33.1,47.7,1015.8,0.0,5.6,3.5,82.1,E,-4.5,-3.06,-5.39,day
661860,2022-08-21,2022,KC,2022-08-21 13:40:00,13,3,2,5,1,15,5,13,272,76.7,2,48,0.0417,0.0769,1.0,5.0,2.0,9.0,120.0,82.9,40.0,0.1111,0.0,10.0,3.0,4.0,152.0,72.0,53.0,0.0,90.0,32.2,57.3,1016.8,0.1,2.3,1.4,155.6,SE,0.8,1.47,0.02,day
661859,2022-08-22,2022,LAA,2022-08-22 19:10:00,19,2,1,3,1,16,9,13,284,78.8,1,46,0.0217,0.0769,1.0,4.0,5.0,7.0,143.0,82.2,49.0,0.1429,0.0,12.0,4.0,6.0,141.0,74.8,42.0,0.0,82.2,27.9,75.7,1012.4,4.3,7.2,4.5,337.5,N,-2.77,-4.89,-0.32,night
661858,2022-08-23,2022,LAA,2022-08-23 19:10:00,19,11,1,12,3,15,4,21,293,81.1,4,57,0.0702,0.1429,2.0,8.0,4.0,14.0,170.0,81.9,61.0,0.1429,1.0,7.0,0.0,7.0,123.0,80.2,48.0,0.1429,78.7,25.9,84.3,1012.1,9.7,15.8,9.8,65.6,NE,-14.79,-12.0,-15.8,night
661857,2022-08-24,2022,LAA,2022-08-24 19:10:00,19,4,3,7,1,23,9,12,348,81.2,1,53,0.0189,0.0833,0.0,8.0,4.0,5.0,166.0,83.1,57.0,0.0,1.0,15.0,4.0,7.0,182.0,79.4,58.0,0.1429,80.8,27.1,83.7,1013.6,4.9,10.1,6.3,95.6,E,-6.43,-3.36,-8.72,night
661856,2022-08-25,2022,LAA,2022-08-25 13:10:00,13,8,3,11,2,21,5,17,283,81.2,3,47,0.0638,0.1176,1.0,8.0,4.0,7.0,137.0,80.0,49.0,0.1429,1.0,13.0,1.0,10.0,146.0,82.4,56.0,0.1,89.0,31.7,62.7,1014.6,0.3,6.3,3.9,182.9,S,4.7,5.87,2.97,day
661855,2022-09-02,2022,NYY,2022-09-02 19:10:00,19,9,0,9,1,16,9,16,301,83.4,1,50,0.02,0.0625,1.0,3.0,5.0,11.0,150.0,84.1,54.0,0.0909,0.0,13.0,4.0,5.0,151.0,82.5,42.0,0.0,79.5,26.4,85.0,1015.4,0.6,7.6,4.7,35.6,NE,-7.5,-7.47,-6.62,night
661854,2022-09-03,2022,NYY,2022-09-03 18:10:00,18,2,1,3,1,12,2,10,225,82.2,2,47,0.0426,0.1,0.0,5.0,2.0,7.0,109.0,80.9,41.0,0.0,1.0,7.0,0.0,3.0,116.0,83.9,35.0,0.3333,80.4,26.9,80.0,1013.8,7.5,9.7,6.0,22.0,N,-8.93,-9.69,-7.09,night
661853,2022-09-04,2022,NYY,2022-09-04 13:40:00,13,1,2,3,1,17,5,12,310,79.5,2,53,0.0377,0.0833,0.0,12.0,2.0,6.0,172.0,79.2,46.0,0.0,1.0,5.0,3.0,6.0,138.0,79.7,48.0,0.1667,89.2,31.8,53.7,1013.7,0.0,3.9,2.4,188.0,S,3.11,3.73,2.12,day
661852,2022-09-05,2022,BOS,2022-09-05 16:10:00,16,4,3,7,1,21,5,16,300,79.9,2,46,0.0435,0.0625,0.0,8.0,0.0,9.0,125.0,79.6,48.0,0.0,1.0,13.0,4.0,7.0,175.0,80.2,47.0,0.1429,88.0,31.1,63.7,1013.1,0.1,6.8,4.2,281.4,W,3.77,1.6,5.48,day
662043,2022-09-06,2022,BOS,2022-09-06 18:40:00,18,8,4,12,5,18,4,19,266,84.3,4,48,0.0833,0.2632,3.0,8.0,2.0,13.0,137.0,86.2,44.0,0.2308,2.0,10.0,2.0,6.0,129.0,82.3,40.0,0.3333,86.6,30.3,66.7,1013.6,0.4,10.0,6.2,347.3,N,-5.33,-7.89,-2.12,night
662065,2022-09-07,2022,BOS,2022-09-07 18:40:00,18,1,0,1,0,13,8,10,273,82.1,1,47,0.0213,0.0,0.0,4.0,3.0,4.0,133.0,81.4,45.0,0.0,0.0,9.0,4.0,6.0,140.0,83.0,40.0,0.0,82.2,27.9,74.7,1009.7,0.0,8.3,5.2,303.4,NW,1.67,-1.22,4.36,night
662064,2022-09-16,2022,TEX,2022-09-16 19:10:00,19,3,4,7,1,15,3,19,289,80.1,3,57,0.0526,0.0526,0.0,5.0,3.0,10.0,155.0,80.1,52.0,0.0,1.0,10.0,0.0,9.0,134.0,80.1,48.0,0.1111,76.2,24.6,88.3,1015.6,7.7,7.3,4.5,104.4,E,-3.7,-1.34,-5.61,night
662015,2022-09-17,2022,TEX,2022-09-17 18:10:00,18,5,1,6,2,13,4,13,252,79.1,1,48,0.0208,0.1538,1.0,5.0,2.0,7.0,124.0,81.5,45.0,0.1429,1.0,8.0,2.0,6.0,128.0,76.7,44.0,0.1667,76.6,24.8,85.3,1014.3,0.2,13.5,8.4,67.0,NE,-12.55,-10.06,-13.53,night
661994,2022-09-18,2022,TEX,2022-09-18 13:10:00,13,5,3,8,4,21,2,16,273,82.7,4,46,0.087,0.25,2.0,8.0,2.0,10.0,132.0,83.3,41.0,0.2,2.0,13.0,0.0,6.0,141.0,82.0,44.0,0.3333,82.5,28.0,67.0,1012.9,0.1,6.7,4.1,350.6,N,-3.88,-5.5,-1.79,day
662013,2022-09-19,2022,HOU,2022-09-19 18:40:00,18,0,4,4,1,14,6,11,262,83.9,3,51,0.0588,0.0909,0.0,9.0,5.0,5.0,148.0,85.3,45.0,0.0,1.0,5.0,1.0,6.0,114.0,82.4,39.0,0.1667,78.1,25.6,84.3,1010.8,3.2,12.9,8.0,48.4,NE,-12.88,-11.84,-12.36,night
662012,2022-09-20,2022,HOU,2022-09-20 18:40:00,18,0,5,5,1,18,11,11,310,79.5,2,44,0.0455,0.0909,0.0,12.0,6.0,3.0,154.0,76.4,45.0,0.0,1.0,6.0,4.0,8.0,156.0,81.6,65.0,0.125,79.3,26.3,77.7,1010.9,2.0,8.8,5.5,33.7,NE,-8.66,-8.73,-7.55,night
662011,2022-09-21,2022,HOU,2022-09-21 18:40:00,18,2,5,7,3,13,4,17,255,80.5,5,57,0.0877,0.1765,1.0,10.0,3.0,7.0,140.0,81.3,41.0,0.1429,2.0,3.0,1.0,10.0,115.0,79.9,51.0,0.2,81.6,27.5,73.7,1009.1,0.2,13.9,8.6,45.0,NE,-13.87,-13.03,-13.03,night
662041,2022-09-22,2022,TOR,2022-09-22 18:40:00,18,10,5,15,4,18,8,20,343,80.9,4,52,0.0769,0.2,1.0,8.0,5.0,12.0,182.0,81.9,68.0,0.0833,3.0,10.0,3.0,8.0,161.0,79.7,51.0,0.375,83.2,28.5,69.3,1008.1,0.0,16.1,10.0,325.3,NW,-2.88,-8.11,2.7,night
662040,2022-09-23,2022,TOR,2022-09-23 19:10:00,19,10,6,16,1,14,11,19,312,82.2,3,55,0.0545,0.0526,1.0,4.0,5.0,11.0,157.0,79.9,58.0,0.0909,0.0,10.0,5.0,8.0,155.0,84.9,48.0,0.0,78.4,25.8,83.0,1011.9,0.8,19.6,12.2,75.0,E,-16.97,-12.6,-19.3,night
662039,2022-09-24,2022,TOR,2022-09-24 18:10:00,18,1,3,4,1,18,5,12,278,82.0,2,44,0.0455,0.0833,0.0,12.0,2.0,7.0,147.0,81.2,52.0,0.0,1.0,6.0,3.0,5.0,131.0,83.0,46.0,0.2,84.8,29.3,58.0,1011.6,0.0,16.7,10.4,48.0,NE,-16.71,-15.4,-16.0,night
662063,2022-09-25,2022,TOR,2022-09-25 13:10:00,13,1,7,8,4,18,5,17,296,84.6,7,52,0.1346,0.2353,0.0,10.0,1.0,7.0,137.0,85.5,50.0,0.0,4.0,8.0,4.0,10.0,159.0,83.6,47.0,0.4,83.1,28.4,71.7,1010.8,0.2,15.2,9.4,30.7,NE,-14.73,-15.13,-12.55,day
718776,2023-03-30,2023,DET,2023-03-30 15:10:00,15,4,0,4,2,13,6,12,272,83.5,4,48,0.0833,0.1667,2.0,7.0,3.0,6.0,141.0,81.8,45.0,0.3333,0.0,6.0,3.0,6.0,131.0,85.2,45.0,0.0,83.8,28.8,35.0,1017.9,0.0,15.2,9.4,57.0,NE,-14.84,-12.86,-15.02,day
718754,2023-04-01,2023,DET,2023-04-01 16:10:00,16,12,2,14,1,25,9,19,330,81.1,3,45,0.0667,0.0526,1.0,15.0,7.0,13.0,191.0,80.6,51.0,0.0769,0.0,10.0,2.0,6.0,139.0,81.6,44.0,0.0,78.9,26.1,73.0,1016.8,0.0,21.2,13.2,235.7,SW,20.83,18.23,20.92,day
718742,2023-04-02,2023,DET,2023-04-02 13:10:00,13,5,1,6,2,18,3,10,244,83.1,3,43,0.0698,0.2,1.0,4.0,2.0,8.0,127.0,85.9,46.0,0.125,1.0,14.0,1.0,2.0,117.0,79.7,38.0,0.5,82.9,28.3,55.0,1016.5,0.0,14.6,9.1,290.0,W,6.16,1.27,10.3,day
718678,2023-04-07,2023,ATH,2023-04-07 18:40:00,18,9,5,14,7,15,7,22,280,84.7,8,55,0.1455,0.3182,5.0,6.0,6.0,10.0,151.0,84.3,43.0,0.5,2.0,9.0,1.0,12.0,129.0,85.0,45.0,0.1667,80.2,26.8,58.3,1015.1,0.0,15.9,9.9,279.9,W,9.16,4.14,13.06,night
718665,2023-04-08,2023,ATH,2023-04-08 16:10:00,16,11,0,11,3,11,9,11,264,83.3,3,48,0.0625,0.2727,3.0,1.0,6.0,8.0,149.0,86.4,45.0,0.375,0.0,10.0,3.0,3.0,115.0,78.3,28.0,0.0,80.3,26.8,63.3,1013.9,0.0,16.2,10.1,253.9,W,14.18,10.64,16.0,day
718655,2023-04-09,2023,ATH,2023-04-09 13:10:00,13,11,0,11,3,16,8,13,293,81.0,5,47,0.1064,0.2308,3.0,7.0,7.0,12.0,181.0,82.7,63.0,0.25,0.0,9.0,1.0,1.0,112.0,78.2,38.0,0.0,76.0,24.4,65.3,1015.4,0.1,22.7,14.1,38.3,NE,-22.51,-22.06,-20.26,day
718638,2023-04-10,2023,BOS,2023-04-10 18:40:00,18,1,0,1,1,17,4,8,246,82.3,3,42,0.0714,0.125,1.0,7.0,2.0,5.0,128.0,83.8,39.0,0.2,0.0,10.0,2.0,3.0,118.0,80.6,32.0,0.0,72.4,22.5,66.3,1016.6,3.8,29.6,18.4,64.0,NE,-28.02,-23.03,-29.63,night
718625,2023-04-11,2023,BOS,2023-04-11 18:40:00,18,7,2,9,4,19,6,17,299,83.1,9,47,0.1915,0.2353,4.0,9.0,1.0,11.0,137.0,84.1,52.0,0.3636,0.0,10.0,5.0,6.0,162.0,82.0,50.0,0.0,77.2,25.1,38.0,1015.5,0.0,33.0,20.5,78.7,E,-27.49,-19.57,-32.1,night
718600,2023-04-12,2023,BOS,2023-04-12 18:40:00,18,9,7,16,2,22,5,21,294,82.8,3,50,0.06,0.0952,1.0,11.0,4.0,11.0,157.0,83.3,48.0,0.0909,1.0,11.0,1.0,10.0,137.0,82.4,46.0,0.1,70.8,21.6,79.0,1010.8,0.2,31.0,19.3,90.3,E,-21.79,-12.94,-28.02,night
718594,2023-04-13,2023,BOS,2023-04-13 13:10:00,13,9,3,12,3,21,4,14,270,81.9,3,44,0.0682,0.2143,2.0,9.0,1.0,10.0,122.0,84.0,38.0,0.2,1.0,12.0,3.0,4.0,148.0,80.1,46.0,0.25,79.8,26.5,68.3,1010.9,0.0,27.1,16.8,201.7,S,24.88,27.05,19.71,day
718486,2023-04-21,2023,CWS,2023-04-21 18:40:00,18,8,7,15,4,25,12,20,343,81.5,5,46,0.1087,0.2,3.0,14.0,4.0,10.0,152.0,85.1,44.0,0.3,1.0,11.0,7.0,10.0,191.0,78.8,56.0,0.1,80.7,27.0,43.7,1011.0,0.0,14.6,9.1,285.0,W,7.32,2.54,11.21,night
718477,2023-04-22,2023,CWS,2023-04-22 16:05:00,16,4,3,7,4,26,4,14,322,82.0,3,45,0.0667,0.2857,1.0,11.0,1.0,9.0,177.0,81.6,56.0,0.1111,3.0,15.0,2.0,5.0,145.0,82.6,33.0,0.6,79.1,26.2,66.7,1007.7,0.0,19.7,12.3,247.0,SW,18.3,14.66,19.72,day
718457,2023-04-23,2023,CWS,2023-04-23 13:40:00,13,4,1,5,2,12,3,8,233,82.8,4,46,0.087,0.25,2.0,5.0,3.0,5.0,116.0,85.3,41.0,0.4,0.0,7.0,0.0,3.0,117.0,80.4,42.0,0.0,85.6,29.8,39.7,1011.5,0.0,12.3,7.6,60.3,NE,-11.86,-10.03,-12.26,day
718449,2023-04-24,2023,HOU,2023-04-24 18:40:00,18,8,3,11,2,20,6,20,327,82.5,3,50,0.06,0.1,0.0,11.0,5.0,14.0,183.0,84.4,46.0,0.0,2.0,9.0,1.0,6.0,144.0,80.8,49.0,0.3333,73.3,22.9,75.3,1011.5,0.1,18.3,11.4,50.0,NE,-18.26,-16.62,-17.71,night
718436,2023-04-25,2023,HOU,2023-04-25 18:40:00,18,0,5,5,0,15,5,16,296,79.1,0,52,0.0,0.0,0.0,8.0,2.0,5.0,133.0,76.1,51.0,0.0,0.0,7.0,3.0,11.0,163.0,81.4,65.0,0.0,78.8,26.0,63.0,1010.7,0.0,6.4,4.0,307.1,NW,0.89,-1.35,3.01,night
718414,2023-04-26,2023,HOU,2023-04-26 18:40:00,18,0,1,1,0,14,6,7,239,85.3,0,43,0.0,0.0,0.0,9.0,2.0,2.0,111.0,84.5,34.0,0.0,0.0,5.0,4.0,5.0,128.0,86.1,37.0,0.0,80.8,27.1,59.3,1010.7,0.4,13.0,8.1,276.3,W,8.14,4.18,11.11,night
718347,2023-05-02,2023,PIT,2023-05-02 18:40:00,18,4,1,5,1,13,13,11,298,84.9,2,46,0.0435,0.0909,1.0,5.0,7.0,6.0,139.0,86.2,40.0,0.1667,0.0,8.0,6.0,5.0,159.0,83.5,36.0,0.0,76.9,24.9,60.3,1009.7,0.0,21.2,13.2,275.7,W,13.46,7.03,18.26,night
718328,2023-05-03,2023,PIT,2023-05-03 18:40:00,18,8,1,9,3,24,4,17,296,82.9,4,46,0.087,0.1765,2.0,13.0,2.0,10.0,160.0,83.6,55.0,0.2,1.0,11.0,2.0,7.0,136.0,81.8,37.0,0.1429,76.6,24.8,31.0,1009.7,0.0,14.2,8.8,289.3,W,6.15,1.4,10.16,night
718309,2023-05-04,2023,PIT,2023-05-04 13:10:00,13,3,2,5,3,21,5,9,245,82.4,3,36,0.0833,0.3333,3.0,8.0,4.0,5.0,132.0,81.6,43.0,0.6,0.0,13.0,1.0,4.0,113.0,83.4,32.0,0.0,81.4,27.5,43.7,1013.8,0.0,8.5,5.3,222.1,SW,8.52,8.16,7.86,day
718300,2023-05-05,2023,NYY,2023-05-05 18:40:00,18,5,4,9,3,10,6,15,264,81.7,5,54,0.0926,0.2,2.0,5.0,2.0,7.0,127.0,80.2,50.0,0.2857,1.0,5.0,4.0,8.0,137.0,83.3,47.0,0.125,81.1,27.3,37.3,1013.7,0.0,10.9,6.8,290.0,W,4.63,0.96,7.73,night
718291,2023-05-06,2023,NYY,2023-05-06 16:10:00,16,2,3,5,0,16,6,17,279,80.7,1,52,0.0192,0.0,0.0,7.0,2.0,9.0,136.0,81.6,52.0,0.0,0.0,9.0,4.0,8.0,143.0,79.8,48.0,0.0,81.3,27.4,57.3,1016.4,0.7,16.9,10.5,2.9,N,-12.57,-15.69,-7.93,day
718271,2023-05-07,2023,NYY,2023-05-07 13:40:00,13,8,7,15,4,20,10,21,350,83.1,4,60,0.0667,0.1905,2.0,14.0,3.0,10.0,175.0,82.3,53.0,0.2,2.0,6.0,7.0,11.0,175.0,83.7,59.0,0.1818,87.6,30.9,34.3,1017.5,0.0,13.9,8.7,88.4,E,-10.13,-6.24,-12.79,day
718117,2023-05-19,2023,MIL,2023-05-19 18:40:00,18,1,0,1,0,17,2,13,231,83.3,3,44,0.0682,0.0,0.0,7.0,1.0,5.0,116.0,81.1,43.0,0.0,0.0,10.0,1.0,8.0,115.0,85.7,39.0,0.0,84.0,28.9,54.3,1013.0,0.0,19.7,12.3,308.3,NW,2.29,-4.55,8.86,night
718093,2023-05-20,2023,MIL,2023-05-20 16:10:00,16,8,4,12,5,16,7,16,293,83.0,7,49,0.1429,0.3125,3.0,6.0,5.0,10.0,160.0,84.1,48.0,0.3,2.0,10.0,2.0,6.0,133.0,81.8,40.0,0.3333,85.9,29.9,56.3,1012.1,0.0,12.6,7.8,41.3,NE,-12.54,-12.06,-11.5,day
718081,2023-05-21,2023,MIL,2023-05-21 13:40:00,13,4,6,10,4,11,9,17,318,81.3,4,57,0.0702,0.2353,1.0,5.0,5.0,7.0,157.0,79.0,51.0,0.1429,3.0,6.0,3.0,10.0,161.0,83.6,52.0,0.3,86.5,30.3,59.3,1011.9,0.0,4.8,3.0,207.2,SW,4.57,4.8,3.8,day
718077,2023-05-22,2023,TOR,2023-05-22 18:40:00,18,6,4,10,5,10,4,18,273,85.1,5,57,0.0877,0.2778,3.0,8.0,2.0,7.0,119.0,86.8,37.0,0.4286,2.0,2.0,2.0,11.0,154.0,84.0,60.0,0.1818,81.6,27.5,66.3,1010.4,0.3,20.4,12.7,54.0,NE,-20.18,-17.88,-20.06,night
718061,2023-05-23,2023,TOR,2023-05-23 18:40:00,18,1,20,21,5,14,4,33,286,83.0,5,69,0.0725,0.1515,1.0,5.0,3.0,6.0,114.0,80.9,43.0,0.1667,4.0,9.0,1.0,27.0,172.0,84.3,66.0,0.1481,78.7,26.0,73.0,1009.8,0.0,19.2,11.9,41.8,NE,-19.14,-18.35,-17.61,night
718044,2023-05-24,2023,TOR,2023-05-24 18:40:00,18,7,3,10,3,17,4,20,265,82.4,3,52,0.0577,0.15,2.0,9.0,3.0,12.0,143.0,83.4,53.0,0.1667,1.0,8.0,1.0,8.0,122.0,81.3,46.0,0.125,75.7,24.3,79.0,1007.1,0.1,13.3,8.3,62.9,NE,-12.66,-10.5,-13.29,night
718032,2023-05-25,2023,TOR,2023-05-25 13:10:00,13,6,3,9,0,12,11,13,291,81.9,0,52,0.0,0.0,0.0,11.0,6.0,5.0,157.0,80.9,45.0,0.0,0.0,1.0,5.0,8.0,134.0,82.9,43.0,0.0,81.5,27.5,65.3,1006.6,0.2,9.2,5.7,46.6,NE,-9.2,-8.56,-8.73,day
718018,2023-05-26,2023,LAD,2023-05-26 18:40:00,18,9,3,12,2,13,8,22,286,83.3,2,56,0.0357,0.0909,2.0,3.0,2.0,13.0,130.0,85.8,52.0,0.1538,0.0,10.0,6.0,9.0,156.0,80.4,46.0,0.0,75.1,24.0,77.0,1008.7,3.8,17.2,10.7,36.0,NE,-17.02,-16.91,-15.08,night
718002,2023-05-27,2023,LAD,2023-05-27 16:10:00,16,5,6,11,3,23,6,18,323,83.8,6,49,0.1224,0.1667,1.0,9.0,3.0,9.0,157.0,82.7,51.0,0.1111,2.0,14.0,3.0,9.0,166.0,85.3,41.0,0.2222,78.7,26.0,60.3,1010.5,0.0,14.9,9.3,313.3,NW,0.43,-4.69,5.5,day
717994,2023-05-28,2023,LAD,2023-05-28 11:35:00,11,11,10,21,6,21,7,28,311,85.2,6,59,0.1017,0.2143,1.0,12.0,3.0,16.0,164.0,81.9,59.0,0.0625,5.0,9.0,3.0,12.0,147.0,89.6,46.0,0.4167,78.4,25.8,62.7,1013.5,0.1,11.2,7.0,0.8,N,-8.03,-10.21,-4.87,day
717882,2023-06-06,2023,MIN,2023-06-06 18:40:00,18,7,0,7,2,19,6,11,249,81.3,4,43,0.093,0.1818,2.0,7.0,4.0,7.0,110.0,81.1,40.0,0.2857,0.0,12.0,2.0,4.0,139.0,81.4,42.0,0.0,84.5,29.2,49.3,1009.3,0.0,8.7,5.4,271.8,W,5.94,3.42,7.74,night
717859,2023-06-07,2023,MIN,2023-06-07 18:40:00,18,2,1,3,2,17,5,9,252,81.3,2,41,0.0488,0.2222,2.0,8.0,1.0,6.0,107.0,83.6,37.0,0.3333,0.0,9.0,4.0,3.0,145.0,79.2,40.0,0.0,79.0,26.1,75.3,1006.6,0.0,17.1,10.6,238.6,SW,16.65,14.27,17.03,night
717845,2023-06-08,2023,MIN,2023-06-08 13:10:00,13,4,2,6,3,17,2,10,232,84.3,5,43,0.1163,0.3,1.0,10.0,2.0,4.0,124.0,82.1,35.0,0.25,2.0,7.0,0.0,6.0,108.0,86.1,43.0,0.3333,81.6,27.5,68.7,1008.2,0.7,13.2,8.2,241.7,SW,12.68,10.61,13.21,day
717827,2023-06-09,2023,TEX,2023-06-09 18:40:00,18,8,3,11,5,17,6,11,281,81.2,7,45,0.1556,0.4545,2.0,6.0,3.0,8.0,146.0,81.1,52.0,0.25,3.0,11.0,3.0,3.0,135.0,81.3,44.0,1.0,83.1,28.4,60.0,1007.6,0.0,14.3,8.9,290.3,W,5.98,1.17,10.08,night
717813,2023-06-10,2023,TEX,2023-06-10 16:10:00,16,4,8,12,2,19,10,19,335,84.2,5,54,0.0926,0.1053,1.0,10.0,4.0,7.0,143.0,85.3,47.0,0.1429,1.0,9.0,6.0,12.0,192.0,83.5,69.0,0.0833,85.9,29.9,59.0,1009.2,0.3,11.0,6.8,274.1,W,7.18,3.91,9.58,day
717801,2023-06-11,2023,TEX,2023-06-11 13:40:00,13,7,3,10,2,14,6,17,272,84.2,5,50,0.1,0.1176,1.0,7.0,3.0,12.0,136.0,83.8,43.0,0.0833,1.0,7.0,3.0,5.0,136.0,84.6,44.0,0.2,87.4,30.8,51.3,1010.8,0.0,15.0,9.3,221.7,SW,15.01,14.4,13.8,day
717687,2023-06-20,2023,BAL,2023-06-20 18:40:00,18,6,8,14,3,25,8,19,337,84.5,6,48,0.125,0.1579,0.0,12.0,5.0,9.0,180.0,82.5,49.0,0.0,3.0,13.0,3.0,10.0,157.0,86.5,50.0,0.3,75.9,24.4,86.3,1011.0,11.8,15.1,9.4,195.9,S,13.23,14.94,9.91,night
717677,2023-06-21,2023,BAL,2023-06-21 12:10:00,12,7,2,9,4,21,5,14,286,80.6,5,43,0.1163,0.2857,2.0,10.0,5.0,10.0,161.0,81.3,52.0,0.2,2.0,11.0,0.0,4.0,125.0,79.8,52.0,0.5,84.9,29.4,67.7,1010.1,0.0,24.6,15.3,174.8,S,15.76,21.27,8.35,day
717659,2023-06-22,2023,KC,2023-06-22 18:40:00,18,5,6,11,2,21,7,19,321,81.1,3,52,0.0577,0.1053,1.0,13.0,3.0,10.0,161.0,79.6,52.0,0.1,1.0,8.0,4.0,9.0,160.0,82.5,53.0,0.1111,79.9,26.6,83.7,1013.1,0.7,23.1,14.3,192.0,S,19.35,22.48,13.88,night
717649,2023-06-23,2023,KC,2023-06-23 18:40:00,18,11,3,14,3,20,5,28,292,80.1,3,55,0.0545,0.1071,1.0,8.0,2.0,17.0,149.0,80.3,44.0,0.0588,2.0,12.0,3.0,11.0,143.0,79.8,41.0,0.1818,79.3,26.3,83.3,1014.4,0.0,14.9,9.3,286.3,W,7.16,2.25,11.21,night
717632,2023-06-24,2023,KC,2023-06-24 16:10:00,16,4,9,13,4,13,3,19,250,82.9,7,58,0.1207,0.2105,1.0,5.0,1.0,8.0,110.0,83.0,42.0,0.125,3.0,8.0,2.0,11.0,140.0,82.8,57.0,0.2727,85.5,29.7,68.7,1013.7,0.5,14.6,9.1,239.7,SW,14.09,11.98,14.5,day
717619,2023-06-25,2023,KC,2023-06-25 13:40:00,13,3,1,4,1,22,6,11,289,80.4,2,39,0.0513,0.0909,1.0,5.0,2.0,7.0,131.0,81.9,43.0,0.1429,0.0,17.0,3.0,4.0,158.0,79.0,46.0,0.0,86.6,30.3,55.0,1013.5,0.0,9.1,5.6,321.0,NW,-0.94,-3.97,2.2,day
717499,2023-07-04,2023,PHI,2023-07-04 16:10:00,16,1,3,4,1,26,1,12,255,83.3,1,42,0.0238,0.0833,1.0,14.0,1.0,6.0,127.0,83.4,43.0,0.1667,0.0,12.0,0.0,6.0,128.0,83.2,44.0,0.0,94.9,35.0,42.3,1014.0,0.0,17.6,11.0,314.3,NW,0.21,-5.84,6.22,day
717491,2023-07-05,2023,PHI,2023-07-05 18:40:00,18,4,8,12,3,20,8,24,305,84.3,3,54,0.0556,0.125,1.0,11.0,5.0,7.0,133.0,81.8,50.0,0.1429,2.0,9.0,3.0,17.0,172.0,86.4,62.0,0.1176,89.5,31.9,57.7,1013.7,0.0,7.9,4.9,25.4,NE,-7.44,-7.9,-6.09,night
717472,2023-07-06,2023,PHI,2023-07-06 18:40:00,18,1,3,4,2,23,3,10,297,81.3,3,51,0.0588,0.2,1.0,9.0,3.0,4.0,148.0,84.8,50.0,0.25,1.0,14.0,0.0,6.0,149.0,78.2,57.0,0.1667,89.3,31.8,58.3,1011.9,0.0,14.5,9.0,298.7,NW,4.07,-0.93,8.57,night
717460,2023-07-07,2023,ATL,2023-07-07 18:40:00,18,1,2,3,2,22,4,8,253,85.2,3,39,0.0769,0.25,1.0,9.0,3.0,6.0,118.0,85.2,34.0,0.1667,1.0,13.0,1.0,2.0,135.0,85.2,37.0,0.5,86.1,30.0,66.7,1011.7,0.7,15.6,9.7,284.2,W,7.99,2.93,12.09,night
717441,2023-07-08,2023,ATL,2023-07-08 19:15:00,19,1,6,7,1,20,7,11,304,80.9,3,45,0.0667,0.0909,0.0,13.0,2.0,4.0,138.0,76.8,43.0,0.0,1.0,7.0,5.0,7.0,166.0,83.6,64.0,0.1429,84.8,29.3,70.7,1012.3,0.0,15.7,9.7,255.7,W,13.48,9.93,15.4,night
717429,2023-07-09,2023,ATL,2023-07-09 13:40:00,13,10,4,14,3,15,5,19,285,84.1,3,53,0.0566,0.1579,2.0,5.0,5.0,10.0,148.0,87.2,48.0,0.2,1.0,10.0,0.0,9.0,137.0,81.3,55.0,0.1111,92.1,33.4,53.0,1014.0,0.0,17.6,10.9,256.3,W,15.0,10.98,17.22,day
717328,2023-07-20,2023,BAL,2023-07-20 18:40:00,18,3,4,7,0,27,3,15,280,83.6,0,45,0.0,0.0,0.0,13.0,3.0,9.0,146.0,82.7,42.0,0.0,0.0,14.0,0.0,6.0,134.0,84.6,36.0,0.0,85.6,29.8,71.7,1016.1,0.4,7.3,4.5,31.5,NE,-7.07,-7.22,-6.06,night
717320,2023-07-21,2023,BAL,2023-07-21 18:40:00,18,3,0,3,2,22,3,9,237,82.6,2,38,0.0526,0.2222,2.0,8.0,1.0,7.0,116.0,86.8,40.0,0.2857,0.0,14.0,2.0,2.0,121.0,78.5,41.0,0.0,90.3,32.4,55.3,1012.6,0.0,9.9,6.2,289.7,W,4.23,0.91,7.03,night
717300,2023-07-22,2023,BAL,2023-07-22 16:10:00,16,5,6,11,0,21,9,14,330,79.4,0,44,0.0,0.0,0.0,10.0,4.0,7.0,157.0,80.2,46.0,0.0,0.0,11.0,5.0,7.0,173.0,78.8,57.0,0.0,91.6,33.1,53.3,1011.9,0.2,22.7,14.1,262.7,W,17.95,12.13,21.6,day
717291,2023-07-23,2023,BAL,2023-07-23 13:40:00,13,3,5,8,3,21,8,11,300,84.3,4,45,0.0889,0.2727,1.0,11.0,6.0,3.0,147.0,83.5,37.0,0.3333,2.0,10.0,2.0,8.0,153.0,85.0,45.0,0.25,88.0,31.1,62.3,1015.6,2.5,22.4,13.9,253.3,W,19.75,14.92,22.2,day
717270,2023-07-25,2023,MIA,2023-07-25 18:40:00,18,4,1,5,1,17,4,11,253,80.4,5,41,0.122,0.0909,1.0,6.0,2.0,9.0,132.0,81.8,46.0,0.1111,0.0,11.0,2.0,2.0,121.0,78.9,42.0,0.0,89.2,31.8,50.0,1016.7,0.1,15.1,9.4,313.0,NW,0.53,-4.66,5.64,night
717252,2023-07-26,2023,MIA,2023-07-26 12:10:00,12,1,7,8,1,17,3,16,243,78.4,3,52,0.0577,0.0625,0.0,7.0,1.0,5.0,97.0,78.3,43.0,0.0,1.0,10.0,1.0,11.0,146.0,78.5,61.0,0.0909,91.3,32.9,46.7,1017.3,0.0,1.6,1.0,0.4,N,-1.16,-1.49,-0.7,day
717085,2023-08-08,2023,STL,2023-08-08 18:40:00,18,4,2,6,3,16,3,18,246,79.4,4,49,0.0816,0.1667,1.0,6.0,1.0,12.0,106.0,80.9,45.0,0.0833,2.0,10.0,2.0,6.0,140.0,78.1,52.0,0.3333,91.2,32.9,58.0,1014.2,0.0,15.2,9.4,279.0,W,8.93,4.18,12.6,night
717064,2023-08-09,2023,STL,2023-08-09 18:40:00,18,4,6,10,4,14,4,18,269,81.2,3,56,0.0536,0.2222,3.0,8.0,1.0,9.0,125.0,82.8,40.0,0.3333,1.0,6.0,3.0,9.0,144.0,80.1,52.0,0.1111,91.5,33.0,54.7,1012.8,0.0,14.7,9.1,275.3,W,9.38,4.95,12.69,night
717048,2023-08-10,2023,STL,2023-08-10 18:40:00,18,2,5,7,2,13,1,15,245,84.9,3,55,0.0545,0.1333,0.0,8.0,1.0,4.0,130.0,84.7,47.0,0.0,2.0,5.0,0.0,11.0,115.0,85.0,55.0,0.1818,91.2,32.9,56.3,1012.2,0.0,15.3,9.5,262.3,W,12.19,8.27,14.64,night
717038,2023-08-11,2023,CLE,2023-08-11 18:40:00,18,9,8,17,3,12,12,17,306,80.1,4,58,0.069,0.1765,2.0,5.0,6.0,7.0,132.0,86.4,48.0,0.2857,1.0,7.0,6.0,10.0,174.0,75.3,64.0,0.1,92.0,33.3,53.3,1011.9,0.0,16.6,10.3,285.0,W,8.28,2.88,12.69,night
717024,2023-08-12,2023,CLE,2023-08-12 16:10:00,16,6,5,11,1,23,2,25,312,84.0,3,54,0.0556,0.04,1.0,15.0,1.0,12.0,165.0,84.4,50.0,0.0833,0.0,8.0,1.0,13.0,147.0,83.7,54.0,0.0,91.6,33.1,54.3,1012.4,1.6,6.1,3.8,330.9,NW,-1.68,-3.58,0.43,day
717010,2023-08-13,2023,CLE,2023-08-13 13:40:00,13,2,9,11,2,17,3,23,311,81.3,2,57,0.0351,0.087,0.0,7.0,1.0,8.0,131.0,85.2,47.0,0.0,2.0,10.0,2.0,15.0,180.0,78.4,66.0,0.1333,95.2,35.1,45.0,1014.0,0.3,10.2,6.4,264.6,W,7.88,5.17,9.64,day
716898,2023-08-22,2023,COL,2023-08-22 18:40:00,18,12,4,16,2,19,6,23,293,80.2,3,55,0.0545,0.087,1.0,7.0,4.0,15.0,170.0,82.3,65.0,0.0667,1.0,12.0,2.0,8.0,123.0,76.8,41.0,0.125,91.8,33.2,44.0,1010.6,0.0,18.6,11.6,57.7,NE,-18.18,-15.69,-18.48,night
716880,2023-08-23,2023,COL,2023-08-23 18:40:00,18,6,5,11,3,21,6,19,300,80.4,7,50,0.14,0.1579,2.0,7.0,4.0,11.0,133.0,82.7,46.0,0.1818,1.0,14.0,2.0,8.0,167.0,78.0,43.0,0.125,88.6,31.5,57.7,1010.2,0.0,14.8,9.2,41.3,NE,-14.77,-14.2,-13.56,night
716869,2023-08-24,2023,COL,2023-08-24 13:10:00,13,5,3,8,4,22,4,16,284,80.5,4,41,0.0976,0.25,3.0,10.0,1.0,8.0,152.0,81.5,52.0,0.375,1.0,12.0,3.0,8.0,132.0,79.4,44.0,0.125,91.6,33.1,52.3,1012.3,0.3,12.7,7.9,75.7,E,-10.9,-8.03,-12.45,day
716854,2023-08-25,2023,NYY,2023-08-25 18:40:00,18,2,6,8,3,26,3,15,294,82.4,3,44,0.0682,0.2,1.0,11.0,0.0,4.0,128.0,82.0,49.0,0.25,2.0,15.0,3.0,11.0,166.0,82.9,45.0,0.1818,93.7,34.3,39.7,1009.5,0.5,14.4,9.0,54.9,NE,-14.22,-12.52,-14.21,night
716845,2023-08-26,2023,NYY,2023-08-26 16:10:00,16,3,0,3,0,18,4,9,256,84.0,2,43,0.0465,0.0,0.0,8.0,2.0,7.0,128.0,81.6,44.0,0.0,0.0,10.0,2.0,2.0,128.0,87.5,31.0,0.0,91.6,33.1,51.0,1006.3,1.2,13.3,8.3,7.6,N,-10.6,-12.73,-7.19,day
716828,2023-08-27,2023,NYY,2023-08-27 13:40:00,13,7,4,11,4,16,4,14,283,79.2,7,49,0.1429,0.2857,1.0,11.0,3.0,10.0,160.0,77.2,50.0,0.1,3.0,5.0,1.0,4.0,123.0,81.5,45.0,0.75,94.4,34.7,40.7,1005.9,0.0,8.0,5.0,52.4,NE,-7.9,-7.07,-7.77,day
716722,2023-09-04,2023,BOS,2023-09-04 16:10:00,16,3,7,10,2,27,6,12,302,81.4,3,37,0.0811,0.1667,0.0,11.0,2.0,5.0,132.0,80.5,42.0,0.0,2.0,16.0,4.0,7.0,170.0,82.1,50.0,0.2857,90.1,32.3,42.0,1011.7,0.0,12.1,7.5,73.7,E,-10.65,-8.01,-11.99,day
716716,2023-09-05,2023,BOS,2023-09-05 18:40:00,18,8,6,14,3,26,12,17,417,80.1,7,53,0.1321,0.1765,2.0,12.0,8.0,6.0,222.0,80.6,73.0,0.3333,1.0,14.0,3.0,11.0,195.0,79.6,66.0,0.0909,87.1,30.6,51.0,1012.6,0.0,16.3,10.1,297.0,NW,5.04,-0.57,10.04,night
716696,2023-09-06,2023,BOS,2023-09-06 18:40:00,18,3,1,4,2,23,6,13,277,82.5,3,40,0.075,0.1538,2.0,6.0,5.0,8.0,138.0,84.7,45.0,0.25,0.0,17.0,1.0,5.0,139.0,80.3,44.0,0.0,85.5,29.7,60.0,1011.7,0.0,11.2,7.0,285.9,W,5.47,1.78,8.49,night
716683,2023-09-07,2023,SEA,2023-09-07 18:40:00,18,0,1,1,0,20,6,9,255,80.6,0,41,0.0,0.0,0.0,14.0,5.0,4.0,158.0,79.0,47.0,0.0,0.0,6.0,1.0,5.0,97.0,82.4,42.0,0.0,84.6,29.2,65.7,1010.1,0.0,8.6,5.3,270.9,W,5.96,3.49,7.7,night
716671,2023-09-08,2023,SEA,2023-09-08 18:40:00,18,7,4,11,6,17,6,15,267,85.7,8,49,0.1633,0.4,3.0,8.0,3.0,8.0,131.0,85.8,48.0,0.375,3.0,9.0,3.0,7.0,136.0,85.7,43.0,0.4286,81.6,27.6,73.7,1010.7,0.5,7.6,4.7,197.3,S,6.7,7.5,5.09,night
716656,2023-09-09,2023,SEA,2023-09-09 16:05:00,16,7,5,12,2,14,8,13,283,81.6,2,49,0.0408,0.1538,1.0,7.0,4.0,7.0,152.0,78.5,44.0,0.1429,1.0,7.0,3.0,6.0,131.0,85.0,41.0,0.1667,87.4,30.8,52.7,1011.3,0.0,11.8,7.4,234.0,SW,11.69,10.35,11.62,day
716645,2023-09-10,2023,SEA,2023-09-10 13:10:00,13,6,3,9,0,25,4,20,280,80.9,1,44,0.0227,0.0,0.0,12.0,2.0,11.0,146.0,81.7,39.0,0.0,0.0,13.0,2.0,9.0,134.0,80.3,47.0,0.0,89.0,31.7,54.0,1014.1,0.0,7.5,4.7,208.3,SW,7.22,7.52,6.04,day
716524,2023-09-19,2023,LAA,2023-09-19 18:40:00,18,6,2,8,3,20,8,14,293,82.1,4,42,0.0952,0.2143,1.0,11.0,7.0,9.0,159.0,82.1,46.0,0.1111,2.0,9.0,1.0,5.0,134.0,82.2,51.0,0.4,80.9,27.2,71.7,1012.3,0.1,16.3,10.1,86.7,E,-12.18,-7.74,-15.15,night
716501,2023-09-20,2023,LAA,2023-09-20 18:40:00,18,3,8,11,2,30,7,18,375,78.3,2,44,0.0455,0.1111,0.0,11.0,4.0,8.0,193.0,77.4,62.0,0.0,2.0,19.0,3.0,10.0,182.0,79.2,58.0,0.2,81.0,27.2,71.0,1012.5,0.1,20.7,12.9,69.6,E,-18.85,-14.75,-20.67,night
716498,2023-09-21,2023,LAA,2023-09-21 13:10:00,13,5,4,9,1,21,7,19,340,82.5,1,50,0.02,0.0526,0.0,10.0,5.0,9.0,192.0,84.5,60.0,0.0,1.0,11.0,2.0,10.0,148.0,80.3,51.0,0.1,86.2,30.1,56.7,1013.4,0.0,7.2,4.5,52.7,NE,-7.1,-6.35,-7.0,day
716479,2023-09-22,2023,TOR,2023-09-22 18:40:00,18,2,6,8,2,22,5,16,298,83.1,1,47,0.0213,0.125,1.0,12.0,1.0,8.0,137.0,83.9,40.0,0.125,1.0,10.0,4.0,8.0,161.0,82.5,48.0,0.125,83.1,28.4,56.7,1010.0,0.1,15.0,9.3,21.7,N,-13.8,-15.01,-10.93,night
716463,2023-09-23,2023,TOR,2023-09-23 16:10:00,16,7,6,13,3,18,7,22,340,80.9,3,59,0.0508,0.1364,3.0,9.0,3.0,12.0,168.0,80.1,57.0,0.25,0.0,9.0,4.0,10.0,172.0,81.6,58.0,0.0,86.7,30.4,36.0,1008.8,0.0,4.5,2.8,121.0,SE,-1.09,0.47,-2.52,day
716452,2023-09-24,2023,TOR,2023-09-24 13:10:00,13,5,9,14,5,19,6,24,313,81.2,5,57,0.0877,0.2083,1.0,12.0,3.0,13.0,173.0,80.5,58.0,0.0769,4.0,7.0,2.0,11.0,140.0,81.9,56.0,0.3636,89.5,31.9,38.0,1011.7,0.0,8.9,5.6,83.3,E,-7.01,-4.69,-8.48,day
745116,2024-03-28,2024,TOR,2024-03-28 16:10:00,16,2,8,10,4,18,9,15,291,85.9,6,47,0.1277,0.2667,1.0,11.0,2.0,8.0,142.0,86.8,42.0,0.125,3.0,7.0,7.0,7.0,149.0,85.1,47.0,0.4286,71.1,21.7,65.7,1011.7,0.0,28.3,17.6,314.0,NW,0.49,-9.2,10.13,day
745117,2024-03-29,2024,TOR,2024-03-29 18:50:00,18,8,2,10,2,14,4,16,290,81.9,2,53,0.0377,0.125,1.0,7.0,3.0,10.0,154.0,82.5,56.0,0.1,1.0,7.0,1.0,6.0,136.0,81.3,44.0,0.1667,71.0,21.7,45.7,1017.2,0.0,10.1,6.3,358.1,N,-6.9,-9.01,-3.96,night
745119,2024-03-30,2024,TOR,2024-03-30 16:10:00,16,5,1,6,1,16,7,17,303,78.8,2,49,0.0408,0.0588,1.0,6.0,4.0,11.0,161.0,80.2,61.0,0.0909,0.0,10.0,3.0,6.0,142.0,77.3,52.0,0.0,73.9,23.3,61.7,1017.7,0.0,17.6,11.0,242.3,SW,16.83,14.02,17.61,day
745115,2024-03-31,2024,TOR,2024-03-31 13:40:00,13,2,9,11,4,15,10,13,316,81.1,6,52,0.1154,0.3077,2.0,6.0,2.0,3.0,140.0,81.8,51.0,0.6667,2.0,9.0,8.0,10.0,176.0,80.5,54.0,0.2,74.7,23.7,61.3,1019.2,0.0,10.3,6.4,248.0,W,9.51,7.55,10.32,day
745109,2024-04-01,2024,TEX,2024-04-01 18:50:00,18,3,9,12,4,16,12,13,299,85.7,4,48,0.0833,0.3077,2.0,12.0,5.0,5.0,132.0,88.4,32.0,0.4,2.0,4.0,6.0,8.0,167.0,83.7,44.0,0.25,72.7,22.6,75.7,1015.6,0.0,11.9,7.4,230.7,SW,11.81,10.7,11.5,night
745111,2024-04-02,2024,TEX,2024-04-02 18:50:00,18,5,2,7,1,17,3,14,268,79.9,1,48,0.0208,0.0714,1.0,9.0,1.0,7.0,145.0,79.9,50.0,0.1429,0.0,8.0,2.0,7.0,123.0,80.0,47.0,0.0,75.0,23.9,86.0,1010.3,0.0,23.4,14.5,196.7,S,20.6,23.15,15.56,night
745114,2024-04-03,2024,TEX,2024-04-03 13:10:00,13,1,4,5,1,19,3,18,271,81.0,0,50,0.0,0.0556,0.0,9.0,1.0,8.0,137.0,78.6,52.0,0.0,1.0,10.0,2.0,10.0,134.0,83.7,47.0,0.1,78.0,25.6,82.3,1004.5,1.7,44.4,27.6,215.3,SW,43.73,43.65,38.54,day
745112,2024-04-12,2024,SF,2024-04-12 18:50:00,18,2,1,3,0,19,9,12,284,80.5,2,41,0.0488,0.0,0.0,9.0,3.0,6.0,130.0,79.9,45.0,0.0,0.0,10.0,6.0,6.0,154.0,81.1,42.0,0.0,71.4,21.9,58.0,1018.6,0.0,18.8,11.7,290.3,W,7.83,1.53,13.19,night
745110,2024-04-13,2024,SF,2024-04-13 16:10:00,16,2,11,13,5,16,8,21,313,82.9,5,56,0.0893,0.2381,0.0,7.0,2.0,8.0,141.0,81.9,45.0,0.0,5.0,9.0,6.0,13.0,172.0,83.7,57.0,0.3846,78.0,25.6,28.3,1020.1,0.0,9.8,6.1,36.3,NE,-9.69,-9.61,-8.6,day
745113,2024-04-14,2024,SF,2024-04-14 13:40:00,13,9,4,13,5,15,3,20,258,81.2,4,55,0.0727,0.25,4.0,6.0,2.0,10.0,126.0,83.5,44.0,0.4,1.0,9.0,1.0,10.0,132.0,79.3,54.0,0.1,78.6,25.9,30.3,1020.1,0.0,4.0,2.5,62.3,NE,-3.82,-3.18,-4.0,day
745106,2024-04-15,2024,LAA,2024-04-15 18:50:00,18,3,7,10,3,12,5,19,285,82.1,3,59,0.0508,0.1579,1.0,6.0,2.0,6.0,142.0,81.4,52.0,0.1667,2.0,6.0,3.0,13.0,143.0,82.7,49.0,0.1538,77.4,25.2,51.7,1015.7,0.0,19.4,12.1,306.7,NW,2.8,-3.93,9.2,night
745108,2024-04-16,2024,LAA,2024-04-16 18:50:00,18,7,6,13,2,25,9,13,395,80.4,7,64,0.1094,0.1538,0.0,12.0,6.0,7.0,197.0,81.2,59.0,0.0,2.0,13.0,2.0,6.0,198.0,79.7,62.0,0.3333,78.9,26.1,54.3,1015.7,0.0,15.2,9.5,267.6,W,11.21,7.0,14.06,night
745105,2024-04-17,2024,LAA,2024-04-17 18:50:00,18,4,5,9,2,17,3,23,302,82.7,3,56,0.0536,0.087,1.0,8.0,1.0,11.0,137.0,82.1,51.0,0.0909,1.0,9.0,1.0,12.0,165.0,83.3,60.0,0.0833,76.9,25.0,64.3,1015.8,0.0,18.5,11.5,277.2,W,11.36,5.67,15.69,night
745104,2024-04-18,2024,LAA,2024-04-18 13:10:00,13,2,1,3,0,18,4,11,242,82.7,2,42,0.0476,0.0,0.0,7.0,1.0,5.0,110.0,81.4,41.0,0.0,0.0,11.0,3.0,6.0,132.0,84.2,36.0,0.0,80.5,27.0,57.3,1016.7,0.0,8.7,5.4,228.0,SW,8.69,8.01,8.32,day
745107,2024-04-22,2024,DET,2024-04-22 18:50:00,18,1,7,8,3,22,1,17,270,84.3,3,48,0.0625,0.1765,1.0,12.0,1.0,6.0,135.0,83.4,40.0,0.1667,2.0,10.0,0.0,11.0,135.0,85.1,44.0,0.1818,71.9,22.2,53.3,1014.2,0.0,23.5,14.6,338.0,N,-9.2,-16.05,-1.23,night
745102,2024-04-23,2024,DET,2024-04-23 18:50:00,18,2,4,6,4,14,3,13,264,81.3,4,52,0.0769,0.3077,1.0,8.0,1.0,7.0,145.0,78.7,55.0,0.1429,3.0,6.0,2.0,6.0,119.0,85.3,36.0,0.5,78.7,25.9,29.3,1016.5,0.0,10.3,6.4,102.0,E,-5.63,-2.32,-8.25,night
745099,2024-04-24,2024,DET,2024-04-24 18:50:00,18,7,5,12,2,21,3,18,299,82.7,2,47,0.0426,0.1111,2.0,11.0,0.0,11.0,148.0,80.9,52.0,0.1818,0.0,10.0,3.0,7.0,151.0,84.8,45.0,0.0,76.7,24.8,46.7,1016.4,0.0,18.8,11.7,289.8,W,8.01,1.7,13.36,night
745101,2024-05-03,2024,NYM,2024-05-03 18:50:00,18,10,8,18,3,16,7,23,297,83.2,3,56,0.0536,0.1304,1.0,7.0,6.0,13.0,156.0,83.1,49.0,0.0769,2.0,9.0,1.0,10.0,141.0,83.3,49.0,0.2,83.8,28.8,54.3,1011.3,0.0,20.1,12.5,313.7,NW,0.46,-6.43,7.3,night
745100,2024-05-04,2024,NYM,2024-05-04 19:15:00,19,3,1,4,0,19,8,13,293,79.1,1,43,0.0233,0.0,0.0,9.0,4.0,7.0,145.0,80.5,43.0,0.0,0.0,10.0,3.0,6.0,148.0,77.8,50.0,0.0,80.4,26.9,61.7,1013.2,0.0,15.4,9.6,310.0,NW,1.35,-3.99,6.52,night
745103,2024-05-05,2024,NYM,2024-05-05 13:40:00,13,7,6,13,2,20,16,17,370,81.0,2,54,0.037,0.1176,1.0,11.0,9.0,9.0,177.0,81.0,48.0,0.1111,1.0,9.0,7.0,8.0,193.0,80.9,55.0,0.125,84.8,29.3,53.3,1014.6,0.2,11.3,7.0,204.3,SW,10.54,11.27,8.54,day
745098,2024-05-06,2024,CWS,2024-05-06 18:50:00,18,8,2,10,2,14,8,17,281,81.8,4,54,0.0741,0.1176,1.0,3.0,5.0,13.0,149.0,81.2,51.0,0.0769,1.0,11.0,3.0,4.0,132.0,82.4,50.0,0.25,82.7,28.2,57.0,1011.8,0.0,16.1,10.0,289.0,W,7.07,1.69,11.61,night
745095,2024-05-07,2024,CWS,2024-05-07 18:50:00,18,5,1,6,3,9,5,14,287,81.0,2,56,0.0357,0.2143,2.0,4.0,4.0,8.0,162.0,80.9,55.0,0.25,1.0,5.0,1.0,6.0,125.0,81.1,48.0,0.1667,82.3,28.0,61.0,1009.9,0.0,15.1,9.4,269.7,W,10.71,6.44,13.69,night
745097,2024-05-08,2024,CWS,2024-05-08 18:50:00,18,1,4,5,1,21,6,16,292,81.1,3,44,0.0682,0.0625,0.0,11.0,3.0,4.0,137.0,79.7,38.0,0.0,1.0,10.0,3.0,12.0,155.0,82.0,53.0,0.0833,82.6,28.1,69.7,1009.5,0.0,16.8,10.5,237.3,SW,16.44,14.22,16.68,night
745094,2024-05-10,2024,NYY,2024-05-10 18:50:00,18,0,2,2,1,20,6,15,281,82.1,3,44,0.0682,0.0667,0.0,11.0,4.0,6.0,136.0,78.3,37.0,0.0,1.0,9.0,2.0,9.0,145.0,85.2,44.0,0.1111,82.4,28.0,77.7,1007.8,0.0,23.7,14.7,236.7,SW,23.21,20.17,23.45,night
745096,2024-05-11,2024,NYY,2024-05-11 16:10:00,16,7,2,9,2,12,7,13,276,82.5,5,50,0.1,0.1538,2.0,8.0,5.0,8.0,148.0,81.9,43.0,0.25,0.0,4.0,2.0,5.0,128.0,82.9,48.0,0.0,88.3,31.3,37.0,1008.6,0.0,22.0,13.7,292.3,W,8.49,1.02,14.93,day
745092,2024-05-12,2024,NYY,2024-05-12 13:40:00,13,6,10,16,7,12,8,19,317,84.2,11,59,0.1864,0.3684,2.0,8.0,5.0,8.0,176.0,81.9,54.0,0.25,5.0,4.0,3.0,11.0,141.0,86.5,52.0,0.4545,88.1,31.2,40.7,1011.3,0.0,11.4,7.1,90.3,E,-8.01,-4.76,-10.3,day
745093,2024-05-20,2024,BOS,2024-05-20 18:50:00,18,0,5,5,2,18,1,10,236,82.5,4,43,0.093,0.2,0.0,8.0,1.0,3.0,117.0,81.4,40.0,0.0,2.0,10.0,0.0,7.0,119.0,83.6,39.0,0.2857,83.0,28.3,49.0,1009.3,0.0,18.4,11.5,315.6,NW,-0.2,-6.49,6.12,night
745090,2024-05-21,2024,BOS,2024-05-21 18:50:00,18,2,5,7,2,20,4,14,256,83.7,4,46,0.087,0.1429,0.0,10.0,1.0,7.0,124.0,84.4,46.0,0.0,2.0,10.0,2.0,7.0,132.0,83.0,43.0,0.2857,83.9,28.8,48.7,1010.2,0.0,19.0,11.8,316.4,NW,-0.46,-6.94,6.07,night
745089,2024-05-22,2024,BOS,2024-05-22 18:50:00,18,5,8,13,2,16,10,16,295,81.1,5,53,0.0943,0.125,1.0,8.0,6.0,8.0,154.0,82.0,50.0,0.125,1.0,8.0,4.0,8.0,141.0,80.3,50.0,0.125,86.0,30.0,48.7,1011.2,0.0,14.4,8.9,280.1,W,8.23,3.7,11.76,night
745087,2024-05-24,2024,KC,2024-05-24 18:50:00,18,1,8,9,2,12,6,16,289,80.6,7,56,0.125,0.125,0.0,4.0,2.0,4.0,134.0,79.9,47.0,0.0,2.0,8.0,4.0,12.0,155.0,81.2,55.0,0.1667,85.9,30.0,57.0,1009.8,0.0,19.7,12.2,268.6,W,14.24,8.74,18.02,night
745086,2024-05-25,2024,KC,2024-05-25 16:10:00,16,4,7,11,2,13,11,18,354,80.6,4,65,0.0615,0.1111,1.0,7.0,5.0,7.0,184.0,81.8,54.0,0.1429,1.0,6.0,5.0,11.0,170.0,79.7,66.0,0.0909,90.1,32.3,36.3,1010.5,0.0,19.6,12.2,272.7,W,13.22,7.46,17.39,day
745088,2024-05-26,2024,KC,2024-05-26 13:40:00,13,4,1,5,1,16,6,13,285,80.0,2,47,0.0426,0.0769,,,,,,,,,,,,,,,,,89.8,32.1,31.0,1012.3,0.0,13.8,8.6,216.3,SW,13.64,13.53,12.11,day
745091,2024-05-28,2024,ATH,2024-05-28 18:50:00,18,0,3,3,1,19,6,9,293,80.6,4,41,0.0976,0.1111,,,,,,,,,,,,,,,,,86.2,30.1,60.3,1013.1,0.0,18.2,11.3,291.7,W,7.22,1.06,12.51,night
745084,2024-05-29,2024,ATH,2024-05-29 18:50:00,18,4,3,7,0,18,4,15,299,82.9,1,47,0.0213,0.0,,,,,,,,,,,,,,,,,91.1,32.8,33.7,1013.3,0.0,20.9,13.0,344.7,N,-10.36,-15.96,-3.51,night
745081,2024-05-30,2024,ATH,2024-05-30 13:10:00,13,6,5,11,4,26,9,17,357,80.8,6,58,0.1034,0.2353,,,,,,,,,,,,,,,,,94.3,34.6,31.0,1014.3,0.0,6.0,3.7,91.8,E,-4.11,-2.36,-5.35,day
745083,2024-06-07,2024,BAL,2024-06-07 18:50:00,18,3,6,9,4,21,2,18,297,83.5,4,51,0.0784,0.2222,,,,,,,,,,,,,,,,,87.0,30.5,59.3,1008.7,0.0,16.4,10.2,265.7,W,12.44,8.03,15.34,night
745082,2024-06-08,2024,BAL,2024-06-08 16:10:00,16,0,5,5,2,25,6,11,335,79.5,2,40,0.05,0.1818,,,,,,,,,,,,,,,,,89.7,32.0,55.3,1010.7,0.0,16.9,10.5,251.3,W,15.18,11.69,16.83,day
745085,2024-06-09,2024,BAL,2024-06-09 13:40:00,13,2,9,11,2,15,6,19,336,82.7,2,58,0.0345,0.1053,0.0,11.0,3.0,6.0,172.0,80.7,50.0,0.0,2.0,4.0,3.0,13.0,164.0,84.4,59.0,0.1538,93.1,33.9,44.7,1010.8,0.0,15.2,9.4,268.7,W,10.97,6.73,13.89,day
745080,2024-06-10,2024,BAL,2024-06-10 18:50:00,18,2,5,7,3,24,4,16,281,84.7,4,45,0.0889,0.1875,1.0,10.0,3.0,5.0,134.0,85.5,38.0,0.2,2.0,14.0,1.0,11.0,147.0,84.1,54.0,0.1818,84.4,29.1,69.3,1007.6,4.0,19.2,11.9,226.1,SW,19.2,17.91,18.17,night
745077,2024-06-11,2024,CHC,2024-06-11 18:50:00,18,5,2,7,2,17,5,18,284,83.0,6,54,0.1111,0.1111,1.0,9.0,4.0,8.0,156.0,80.8,59.0,0.125,1.0,8.0,1.0,10.0,128.0,85.6,50.0,0.1,81.0,27.2,82.0,1007.3,3.2,21.1,13.1,233.6,SW,20.83,18.49,20.65,night
745079,2024-06-12,2024,CHC,2024-06-12 18:50:00,18,3,4,7,4,17,5,16,293,83.3,5,53,0.0943,0.25,2.0,9.0,3.0,7.0,149.0,81.8,56.0,0.2857,2.0,8.0,2.0,9.0,144.0,85.3,38.0,0.2222,84.3,29.0,71.0,1009.0,0.1,11.6,7.2,275.7,W,7.37,3.85,10.01,night
745075,2024-06-13,2024,CHC,2024-06-13 18:50:00,18,3,2,5,0,18,5,10,262,78.9,1,44,0.0227,0.0,0.0,7.0,2.0,7.0,137.0,77.5,47.0,0.0,0.0,11.0,3.0,3.0,125.0,80.5,42.0,0.0,78.6,25.9,86.3,1010.0,6.9,10.3,6.4,206.8,SW,9.75,10.26,8.06,night
745078,2024-06-24,2024,SEA,2024-06-24 18:50:00,18,4,3,7,2,25,9,14,320,81.2,5,40,0.125,0.1429,0.0,11.0,2.0,11.0,154.0,80.5,56.0,0.0,2.0,14.0,7.0,3.0,166.0,81.9,51.0,0.6667,83.6,28.7,71.7,1011.1,1.4,10.2,6.3,222.5,SW,10.19,9.73,9.42,night
745076,2024-06-25,2024,SEA,2024-06-25 18:50:00,18,11,3,14,5,19,7,17,311,81.6,5,48,0.1042,0.2941,3.0,8.0,6.0,11.0,180.0,81.2,52.0,0.2727,2.0,11.0,1.0,6.0,131.0,82.0,44.0,0.3333,85.3,29.6,68.7,1012.1,0.3,8.1,5.0,270.9,W,5.61,3.29,7.26,night
745073,2024-06-26,2024,SEA,2024-06-26 12:10:00,12,2,5,7,1,21,6,10,318,78.2,3,41,0.0732,0.1,0.0,8.0,2.0,5.0,146.0,77.5,52.0,0.0,1.0,13.0,4.0,5.0,172.0,78.7,58.0,0.2,87.6,30.9,62.3,1012.9,0.0,11.6,7.2,257.7,W,9.74,7.01,11.29,day
745070,2024-06-28,2024,WSH,2024-06-28 18:50:00,18,3,1,4,2,17,4,14,287,81.4,3,46,0.0652,0.1429,2.0,8.0,2.0,9.0,147.0,84.4,50.0,0.2222,0.0,9.0,2.0,5.0,140.0,78.7,54.0,0.0,85.2,29.5,71.3,1014.0,0.6,9.7,6.0,164.3,S,4.77,7.38,1.58,night
745071,2024-06-29,2024,WSH,2024-06-29 16:10:00,16,1,8,9,2,15,8,15,296,83.0,6,51,0.1176,0.1333,1.0,11.0,4.0,2.0,141.0,81.4,44.0,0.5,1.0,4.0,4.0,13.0,155.0,84.2,54.0,0.0769,82.5,28.0,77.3,1017.6,3.9,10.6,6.6,29.0,NE,-10.19,-10.57,-8.57,day
745072,2024-06-30,2024,WSH,2024-06-30 13:40:00,13,5,0,5,3,23,4,12,274,82.5,4,39,0.1026,0.25,3.0,7.0,1.0,9.0,124.0,84.6,46.0,0.3333,0.0,16.0,3.0,3.0,150.0,80.4,45.0,0.0,85.2,29.6,67.0,1018.0,0.4,13.6,8.4,172.2,S,8.21,11.41,4.02,day
745074,2024-07-09,2024,NYY,2024-07-09 18:50:00,18,5,3,8,2,21,8,14,303,83.9,2,43,0.0465,0.1429,1.0,11.0,4.0,7.0,161.0,81.8,42.0,0.1429,1.0,10.0,4.0,7.0,142.0,85.9,42.0,0.1429,88.4,31.3,59.3,1013.8,0.0,12.0,7.5,278.0,W,7.24,3.52,10.09,night
745069,2024-07-10,2024,NYY,2024-07-10 18:50:00,18,1,2,3,0,16,6,16,298,79.4,2,50,0.04,0.0,0.0,8.0,5.0,10.0,165.0,81.3,51.0,0.0,0.0,8.0,1.0,6.0,133.0,77.4,47.0,0.0,90.1,32.3,53.7,1012.8,0.0,16.2,10.0,297.7,NW,4.82,-0.75,9.8,night
745065,2024-07-11,2024,NYY,2024-07-11 18:50:00,18,5,4,9,3,21,8,17,313,83.4,8,46,0.1739,0.1765,1.0,11.0,2.0,9.0,150.0,80.1,41.0,0.1111,2.0,10.0,6.0,8.0,163.0,86.2,48.0,0.25,86.1,30.1,65.3,1012.8,0.0,16.1,10.0,270.0,W,11.41,6.82,14.62,night
745064,2024-07-12,2024,CLE,2024-07-12 18:50:00,18,2,0,2,0,21,6,14,266,83.5,1,43,0.0233,0.0,0.0,8.0,4.0,9.0,144.0,87.0,41.0,0.0,0.0,13.0,2.0,5.0,122.0,80.0,40.0,0.0,88.8,31.5,52.0,1016.8,0.3,13.6,8.5,257.0,W,11.53,8.37,13.3,night
745067,2024-07-13,2024,CLE,2024-07-13 16:10:00,16,2,4,6,2,10,5,18,280,84.9,3,60,0.05,0.1111,0.0,6.0,3.0,8.0,143.0,84.7,53.0,0.0,2.0,4.0,2.0,10.0,137.0,85.2,56.0,0.2,86.8,30.5,60.7,1018.9,0.0,5.8,3.6,18.5,N,-5.16,-5.73,-3.97,day
745066,2024-07-14,2024,CLE,2024-07-14 13:40:00,13,2,0,2,2,15,2,9,227,83.3,4,45,0.0889,0.2222,2.0,9.0,2.0,5.0,107.0,84.8,37.0,0.4,0.0,6.0,0.0,4.0,120.0,82.1,45.0,0.0,88.0,31.1,63.0,1018.5,0.5,4.4,2.7,59.0,NE,-4.27,-3.65,-4.38,day
745068,2024-07-26,2024,CIN,2024-07-26 18:50:00,18,2,3,5,0,21,5,10,299,81.5,2,48,0.0417,0.0,0.0,8.0,2.0,7.0,152.0,82.1,52.0,0.0,0.0,13.0,3.0,3.0,147.0,80.8,42.0,0.0,85.7,29.8,70.0,1013.9,0.0,11.6,7.2,319.3,NW,-0.88,-4.79,3.14,night
745059,2024-07-27,2024,CIN,2024-07-27 16:10:00,16,4,0,4,2,10,6,12,276,79.5,5,50,0.1,0.1667,2.0,5.0,4.0,8.0,150.0,80.1,58.0,0.25,0.0,5.0,2.0,4.0,126.0,78.6,42.0,0.0,83.9,28.8,76.3,1014.1,0.1,8.7,5.4,248.7,W,7.97,6.29,8.68,day
745063,2024-07-28,2024,CIN,2024-07-28 11:35:00,11,2,1,3,0,18,5,9,275,79.7,0,43,0.0,0.0,0.0,8.0,4.0,3.0,144.0,81.0,43.0,0.0,0.0,10.0,1.0,6.0,131.0,78.4,42.0,0.0,86.0,30.0,72.3,1017.4,0.8,6.1,3.8,351.3,N,-3.64,-5.11,-1.73,day
745060,2024-07-30,2024,MIA,2024-07-30 18:50:00,18,9,3,12,3,20,6,21,329,79.8,5,51,0.098,0.1429,1.0,11.0,5.0,11.0,168.0,79.7,51.0,0.0909,2.0,9.0,1.0,10.0,161.0,79.9,51.0,0.2,79.8,26.6,80.7,1015.5,9.5,12.9,8.0,91.6,E,-8.84,-5.1,-11.5,night
745061,2024-07-31,2024,MIA,2024-07-31 12:10:00,12,2,6,8,3,25,3,15,321,80.9,2,43,0.0465,0.2,1.0,14.0,2.0,7.0,155.0,81.0,51.0,0.1429,2.0,11.0,1.0,8.0,166.0,80.7,57.0,0.25,85.9,30.0,75.0,1017.4,0.3,6.9,4.3,209.3,SW,6.68,6.91,5.63,day
745062,2024-08-09,2024,BAL,2024-08-09 18:50:00,18,1,4,5,3,20,3,15,280,81.3,3,49,0.0612,0.2,1.0,9.0,1.0,5.0,118.0,79.0,36.0,0.2,2.0,11.0,2.0,10.0,162.0,82.6,60.0,0.2,84.4,29.1,78.3,1012.4,0.3,15.7,9.8,210.4,SW,15.19,15.63,12.92,night
745056,2024-08-10,2024,BAL,2024-08-10 19:15:00,19,5,7,12,3,16,7,22,339,81.7,4,60,0.0667,0.1364,1.0,8.0,4.0,7.0,162.0,81.3,49.0,0.1429,2.0,8.0,3.0,15.0,177.0,81.9,61.0,0.1333,82.8,28.2,81.0,1015.4,0.9,12.0,7.5,222.0,SW,11.98,11.48,11.05,night
745057,2024-08-11,2024,BAL,2024-08-11 13:40:00,13,2,1,3,1,20,5,15,262,82.7,1,46,0.0217,0.0667,0.0,7.0,3.0,6.0,129.0,83.2,37.0,0.0,1.0,13.0,1.0,9.0,133.0,82.2,47.0,0.1111,85.6,29.8,80.0,1016.4,0.2,12.9,8.0,221.3,SW,12.91,12.41,11.85,day
745058,2024-08-12,2024,HOU,2024-08-12 18:50:00,18,1,6,7,2,24,3,14,297,81.1,2,43,0.0465,0.1429,0.0,13.0,1.0,4.0,144.0,79.8,40.0,0.0,2.0,11.0,2.0,10.0,153.0,82.1,54.0,0.2,85.2,29.6,76.3,1014.5,0.0,8.7,5.4,252.7,W,7.74,5.88,8.66,night
745055,2024-08-13,2024,HOU,2024-08-13 18:50:00,18,2,3,5,2,18,3,14,268,82.0,4,51,0.0784,0.1429,0.0,9.0,1.0,5.0,147.0,79.6,51.0,0.0,2.0,9.0,2.0,9.0,121.0,84.8,44.0,0.2222,86.4,30.2,71.0,1014.0,0.0,12.5,7.8,285.7,W,6.13,2.03,9.48,night
745053,2024-08-14,2024,HOU,2024-08-14 18:50:00,18,1,2,3,1,17,7,4,298,79.5,3,47,0.0638,0.25,0.0,8.0,3.0,2.0,147.0,77.8,45.0,0.0,1.0,9.0,4.0,2.0,151.0,80.7,60.0,0.5,88.2,31.2,64.7,1011.5,0.0,12.4,7.7,342.9,N,-5.8,-9.2,-1.7,night
745054,2024-08-16,2024,AZ,2024-08-16 18:50:00,18,5,4,9,2,18,5,20,288,82.7,3,54,0.0556,0.1,1.0,11.0,2.0,10.0,151.0,83.8,53.0,0.1,1.0,7.0,2.0,10.0,137.0,81.4,44.0,0.1,86.7,30.4,52.7,1012.8,0.0,20.2,12.6,66.7,NE,-18.8,-15.12,-20.22,night
745049,2024-08-17,2024,AZ,2024-08-17 16:10:00,16,6,1,7,1,16,4,18,288,81.9,2,51,0.0392,0.0556,1.0,6.0,2.0,13.0,148.0,81.5,51.0,0.0769,0.0,10.0,2.0,5.0,140.0,82.3,40.0,0.0,90.1,32.3,44.0,1011.8,0.0,14.2,8.8,74.3,E,-12.35,-9.23,-13.98,day
745051,2024-08-18,2024,AZ,2024-08-18 13:40:00,13,8,7,15,3,22,11,21,376,78.2,6,67,0.0896,0.1429,1.0,10.0,3.0,11.0,196.0,78.5,58.0,0.0909,2.0,12.0,4.0,10.0,180.0,77.8,63.0,0.2,89.8,32.1,48.7,1012.9,0.0,4.9,3.0,100.0,E,-2.81,-1.27,-4.01,day
745052,2024-08-30,2024,SD,2024-08-30 18:50:00,18,5,13,18,4,21,14,23,405,83.3,7,54,0.1296,0.1739,1.0,13.0,6.0,10.0,200.0,82.3,55.0,0.1,3.0,8.0,7.0,13.0,205.0,84.2,65.0,0.2308,78.9,26.0,81.7,1014.9,4.6,7.5,4.7,35.3,NE,-7.39,-7.38,-6.51,night
745050,2024-08-31,2024,SD,2024-08-31 16:10:00,16,11,4,15,2,10,8,23,296,81.8,5,63,0.0794,0.087,1.0,4.0,3.0,13.0,145.0,81.5,56.0,0.0769,1.0,6.0,4.0,10.0,151.0,82.2,57.0,0.1,82.0,27.8,75.7,1011.9,8.0,12.4,7.7,82.0,E,-9.9,-6.75,-11.86,day
745048,2024-09-01,2024,SD,2024-09-01 13:40:00,13,3,4,7,1,15,16,10,359,79.6,1,48,0.0208,0.1,0.0,8.0,5.0,4.0,155.0,79.8,45.0,0.0,1.0,7.0,9.0,6.0,204.0,79.5,67.0,0.1667,84.6,29.2,73.3,1011.4,0.5,8.5,5.3,188.9,S,6.89,8.2,4.76,day
745046,2024-09-02,2024,MIN,2024-09-02 18:50:00,18,4,5,9,3,15,6,20,320,82.1,2,58,0.0345,0.15,1.0,10.0,2.0,10.0,173.0,79.4,56.0,0.1,2.0,5.0,4.0,10.0,147.0,85.2,49.0,0.2,80.0,26.7,84.0,1011.0,4.6,10.9,6.8,126.3,SE,-1.64,2.14,-5.21,night
745047,2024-09-03,2024,MIN,2024-09-03 18:50:00,18,2,1,3,1,21,3,12,262,80.3,1,42,0.0238,0.0833,0.0,12.0,1.0,6.0,142.0,81.0,46.0,0.0,1.0,9.0,2.0,6.0,120.0,79.7,46.0,0.1667,80.7,27.0,84.7,1012.6,0.2,11.5,7.1,81.7,E,-9.2,-6.3,-10.98,night
745045,2024-09-04,2024,MIN,2024-09-04 18:50:00,18,9,4,13,3,15,5,20,269,83.7,5,56,0.0893,0.15,1.0,5.0,3.0,9.0,131.0,83.6,51.0,0.1111,2.0,10.0,2.0,11.0,138.0,83.9,52.0,0.1818,77.6,25.3,88.3,1014.9,8.3,10.1,6.3,76.8,E,-8.58,-6.24,-9.89,night
745042,2024-09-05,2024,MIN,2024-09-05 13:10:00,13,3,4,7,2,24,3,15,245,85.8,3,44,0.0682,0.1333,0.0,13.0,1.0,8.0,116.0,83.5,34.0,0.0,2.0,11.0,2.0,7.0,129.0,88.0,35.0,0.2857,87.1,30.6,74.0,1014.3,0.3,6.7,4.2,111.9,E,-2.64,-0.36,-4.6,day
745044,2024-09-17,2024,BOS,2024-09-17 18:50:00,18,8,3,11,6,18,3,15,285,84.0,11,49,0.2245,0.4,4.0,10.0,2.0,12.0,159.0,83.4,58.0,0.3333,2.0,8.0,1.0,3.0,126.0,84.7,49.0,0.6667,84.7,29.3,68.3,1009.9,0.0,11.0,6.8,337.5,NW,-4.19,-7.4,-0.47,night
745040,2024-09-18,2024,BOS,2024-09-18 18:50:00,18,1,2,3,1,25,3,14,260,78.4,3,39,0.0769,0.0714,0.0,11.0,2.0,8.0,136.0,76.5,49.0,0.0,1.0,14.0,1.0,6.0,124.0,80.7,42.0,0.1667,82.3,27.9,73.3,1009.7,0.0,7.8,4.8,265.9,W,5.89,3.79,7.29,night
745041,2024-09-19,2024,BOS,2024-09-19 18:50:00,18,2,0,2,0,21,2,8,239,78.3,2,37,0.0541,0.0,0.0,10.0,2.0,7.0,130.0,77.5,48.0,0.0,0.0,11.0,0.0,1.0,109.0,79.4,40.0,0.0,84.6,29.2,60.7,1007.8,0.0,12.2,7.6,312.0,NW,0.64,-3.57,4.77,night
745043,2024-09-20,2024,TOR,2024-09-20 18:50:00,18,1,0,1,1,20,3,11,257,79.3,3,40,0.075,0.0909,1.0,9.0,1.0,6.0,113.0,81.6,42.0,0.1667,0.0,11.0,2.0,5.0,144.0,77.3,47.0,0.0,85.2,29.6,56.3,1007.5,0.0,17.7,11.0,59.3,NE,-17.18,-14.64,-17.65,night
745038,2024-09-21,2024,TOR,2024-09-21 16:10:00,16,3,2,5,1,15,7,16,298,81.0,1,49,0.0204,0.0625,1.0,6.0,4.0,7.0,131.0,79.6,41.0,0.1429,0.0,9.0,3.0,9.0,167.0,82.1,58.0,0.0,85.8,29.9,58.3,1009.0,0.4,16.0,9.9,38.0,NE,-15.85,-15.56,-14.23,day
745036,2024-09-22,2024,TOR,2024-09-22 13:40:00,13,4,3,7,2,24,3,18,276,80.6,3,44,0.0682,0.1111,2.0,12.0,1.0,7.0,128.0,80.5,42.0,0.2857,0.0,12.0,2.0,11.0,148.0,80.6,49.0,0.0,87.8,31.0,52.7,1010.5,0.0,9.8,6.1,37.0,NE,-9.7,-9.59,-8.65,day
778537,2025-03-29,2025,COL,2025-03-29 16:10:00,16,1,2,3,0,12,5,18,283,86.2,4,56,0.0714,0.0,0.0,3.0,5.0,12.0,154.0,89.9,50.0,0.0,0.0,9.0,0.0,6.0,129.0,82.9,54.0,0.0,85.5,29.7,34.7,1015.0,0.0,14.7,9.1,105.5,E,-7.22,-2.42,-11.15,day
778524,2025-03-30,2025,COL,2025-03-30 13:40:00,13,6,4,10,2,17,3,18,279,82.7,5,51,0.098,0.1111,1.0,7.0,3.0,9.0,152.0,80.9,50.0,0.1111,1.0,10.0,0.0,9.0,127.0,84.4,51.0,0.1111,75.4,24.1,83.7,1014.9,0.2,9.6,6.0,252.3,W,8.53,6.51,9.52,day
778508,2025-03-31,2025,PIT,2025-03-31 19:05:00,19,6,1,7,0,20,5,14,267,82.6,1,44,0.0227,0.0,0.0,10.0,5.0,10.0,141.0,82.9,45.0,0.0,0.0,10.0,0.0,4.0,126.0,82.1,42.0,0.0,74.0,23.3,90.3,1011.8,0.0,9.8,6.1,248.7,W,8.97,7.08,9.78,night
778493,2025-04-01,2025,PIT,2025-04-01 19:05:00,19,7,0,7,1,19,6,19,305,83.9,2,48,0.0417,0.0526,1.0,4.0,6.0,10.0,165.0,82.6,53.0,0.1,0.0,15.0,0.0,9.0,140.0,85.6,42.0,0.0,77.2,25.1,77.0,1014.1,0.0,9.3,5.8,296.8,NW,2.9,-0.29,5.74,night
778479,2025-04-02,2025,PIT,2025-04-02 13:10:00,13,2,4,6,1,13,5,12,296,84.8,3,52,0.0577,0.0833,0.0,8.0,2.0,4.0,149.0,82.7,55.0,0.0,1.0,5.0,3.0,8.0,147.0,87.2,46.0,0.125,88.0,31.1,45.7,1016.6,0.1,15.9,9.9,162.0,S,7.23,11.64,1.95,day
778417,2025-04-08,2025,LAA,2025-04-08 19:05:00,19,3,4,7,2,18,10,15,311,79.7,6,49,0.1224,0.1333,1.0,11.0,4.0,9.0,175.0,77.5,56.0,0.1111,1.0,7.0,5.0,6.0,136.0,82.0,51.0,0.1667,65.0,18.3,64.7,1012.1,0.0,14.7,9.2,307.3,NW,1.97,-3.15,6.84,night
778399,2025-04-09,2025,LAA,2025-04-09 19:05:00,19,5,4,9,6,15,8,14,271,81.5,4,48,0.0833,0.4286,2.0,7.0,3.0,7.0,126.0,81.0,40.0,0.2857,4.0,8.0,5.0,7.0,145.0,82.0,43.0,0.5714,70.3,21.3,47.0,1016.2,0.0,20.3,12.6,322.7,NW,-2.71,-9.42,4.34,night
778382,2025-04-10,2025,LAA,2025-04-10 13:10:00,13,1,11,12,6,10,4,20,249,86.6,7,59,0.1186,0.3,0.0,5.0,3.0,6.0,105.0,86.6,32.0,0.0,6.0,5.0,1.0,14.0,144.0,86.5,60.0,0.4286,80.0,26.7,39.0,1017.7,0.0,5.6,3.5,136.3,SE,0.13,2.02,-1.78,day
778367,2025-04-11,2025,ATL,2025-04-11 19:05:00,19,6,3,9,4,15,3,19,258,83.3,3,54,0.0556,0.2105,2.0,6.0,1.0,11.0,126.0,83.5,51.0,0.1818,2.0,9.0,2.0,8.0,132.0,83.0,45.0,0.25,72.4,22.5,60.3,1013.2,0.0,22.6,14.0,271.0,W,15.68,9.18,20.28,night
778353,2025-04-12,2025,ATL,2025-04-12 16:10:00,16,4,5,9,6,20,9,27,350,85.0,11,54,0.2037,0.2222,2.0,9.0,5.0,12.0,185.0,81.7,56.0,0.1667,4.0,11.0,4.0,15.0,165.0,88.7,49.0,0.2667,71.4,21.9,36.3,1014.1,0.0,20.9,13.0,313.0,NW,0.73,-6.47,7.84,day
778340,2025-04-13,2025,ATL,2025-04-13 13:40:00,13,8,3,11,2,25,6,13,298,81.5,6,38,0.1579,0.1538,2.0,12.0,4.0,9.0,170.0,80.1,56.0,0.2222,0.0,13.0,2.0,4.0,128.0,83.5,38.0,0.0,76.2,24.5,32.7,1018.5,0.0,4.0,2.5,163.4,S,1.88,2.96,0.58,day
778328,2025-04-14,2025,BOS,2025-04-14 19:05:00,19,16,1,17,5,23,4,22,313,85.6,6,49,0.1224,0.2273,4.0,9.0,4.0,16.0,172.0,86.7,59.0,0.25,1.0,14.0,0.0,6.0,141.0,84.4,53.0,0.1667,74.8,23.8,51.3,1018.0,0.0,11.2,7.0,256.3,W,9.6,7.03,11.02,night
778319,2025-04-15,2025,BOS,2025-04-15 19:05:00,19,4,7,11,4,21,7,19,315,86.3,5,52,0.0962,0.2105,1.0,10.0,4.0,7.0,157.0,83.6,47.0,0.1429,3.0,11.0,3.0,12.0,158.0,88.7,53.0,0.25,72.7,22.6,59.7,1015.0,0.0,14.3,8.9,275.7,W,9.08,4.75,12.33,night
778298,2025-04-16,2025,BOS,2025-04-16 19:05:00,19,0,1,1,1,20,5,10,259,85.5,8,41,0.1951,0.1,0.0,13.0,2.0,5.0,126.0,84.5,38.0,0.0,1.0,7.0,2.0,5.0,133.0,86.3,53.0,0.2,72.9,22.7,31.7,1015.0,0.0,17.2,10.7,313.3,NW,0.5,-5.4,6.34,night
778282,2025-04-17,2025,NYY,2025-04-17 19:05:00,19,3,6,9,2,12,7,23,294,85.3,1,61,0.0164,0.087,1.0,7.0,3.0,12.0,158.0,82.7,53.0,0.0833,1.0,5.0,4.0,11.0,136.0,88.3,44.0,0.0909,79.2,26.2,36.7,1017.0,0.0,11.3,7.0,308.5,NW,1.28,-2.64,5.06,night
778272,2025-04-18,2025,NYY,2025-04-18 19:05:00,19,0,1,1,0,25,8,8,285,85.5,3,33,0.0909,0.0,0.0,15.0,4.0,3.0,148.0,83.2,34.0,0.0,0.0,10.0,4.0,5.0,137.0,87.5,38.0,0.0,81.6,27.5,51.0,1019.5,0.0,17.1,10.6,125.7,SE,-2.77,3.15,-8.37,night
778255,2025-04-19,2025,NYY,2025-04-19 16:10:00,16,10,8,18,2,16,11,20,344,83.7,3,58,0.0517,0.1,1.0,4.0,4.0,10.0,142.0,86.8,48.0,0.1,1.0,12.0,7.0,10.0,202.0,81.1,57.0,0.1,86.4,30.2,35.0,1019.7,0.0,22.1,13.7,101.0,E,-12.34,-5.34,-17.85,day
778240,2025-04-20,2025,NYY,2025-04-20 13:40:00,13,0,4,4,3,13,6,11,272,83.1,3,49,0.0612,0.2727,0.0,3.0,5.0,2.0,128.0,82.5,48.0,0.0,3.0,10.0,1.0,9.0,144.0,83.8,50.0,0.3333,86.2,30.1,31.7,1020.1,0.0,14.5,9.0,118.0,SE,-4.23,0.76,-8.71,day
778128,2025-04-29,2025,KC,2025-04-29 19:05:00,19,1,3,4,1,12,5,16,276,85.2,1,56,0.0179,0.0625,1.0,8.0,2.0,8.0,139.0,85.1,54.0,0.125,0.0,4.0,3.0,8.0,137.0,85.3,57.0,0.0,77.6,25.3,60.3,1017.5,0.2,11.5,7.1,56.3,NE,-11.24,-9.8,-11.33,night
778113,2025-04-30,2025,KC,2025-04-30 19:05:00,19,0,3,3,1,11,6,15,264,82.7,2,56,0.0357,0.0667,0.0,4.0,5.0,4.0,130.0,83.7,52.0,0.0,1.0,7.0,1.0,11.0,134.0,81.7,53.0,0.0909,84.0,28.9,41.0,1014.3,0.0,19.7,12.2,94.0,E,-12.9,-7.05,-17.2,night
778097,2025-05-01,2025,KC,2025-05-01 13:10:00,13,2,8,10,2,12,5,23,289,81.5,4,65,0.0615,0.087,1.0,7.0,0.0,8.0,130.0,81.4,43.0,0.125,1.0,5.0,5.0,15.0,159.0,81.6,59.0,0.0667,83.4,28.5,40.7,1016.6,0.0,8.3,5.2,209.2,SW,8.02,8.31,6.76,day
778040,2025-05-06,2025,PHI,2025-05-06 19:05:00,19,4,8,12,4,17,6,19,315,83.7,5,52,0.0962,0.2105,1.0,12.0,2.0,6.0,134.0,83.7,40.0,0.1667,3.0,5.0,4.0,13.0,181.0,83.7,69.0,0.2308,82.9,28.3,51.7,1013.9,0.0,15.3,9.5,329.8,NW,-3.89,-8.7,1.39,night
778021,2025-05-07,2025,PHI,2025-05-07 19:05:00,19,0,7,7,1,21,5,13,300,80.9,1,48,0.0208,0.0769,0.0,12.0,3.0,2.0,130.0,80.1,40.0,0.0,1.0,9.0,2.0,11.0,170.0,81.4,69.0,0.0909,82.6,28.1,65.7,1013.9,0.0,7.6,4.7,249.4,W,6.95,5.46,7.61,night
778005,2025-05-08,2025,PHI,2025-05-08 19:05:00,19,6,7,13,3,16,5,23,348,81.7,4,62,0.0645,0.1304,2.0,11.0,2.0,14.0,183.0,80.0,63.0,0.1429,1.0,5.0,3.0,9.0,165.0,83.6,58.0,0.1111,79.5,26.4,74.0,1013.4,0.2,7.5,4.6,271.2,W,5.17,3.01,6.7,night
778002,2025-05-09,2025,MIL,2025-05-09 19:05:00,19,4,3,7,1,16,8,15,276,83.9,2,48,0.0417,0.0667,1.0,7.0,5.0,7.0,136.0,83.9,43.0,0.1429,0.0,9.0,3.0,8.0,140.0,83.9,48.0,0.0,81.0,27.2,68.7,1012.0,0.1,15.4,9.6,237.3,SW,15.04,13.01,15.26,night
777981,2025-05-10,2025,MIL,2025-05-10 16:10:00,16,3,2,5,2,15,7,9,272,82.4,2,47,0.0426,0.2222,0.0,8.0,5.0,5.0,146.0,80.4,46.0,0.0,2.0,7.0,2.0,4.0,126.0,84.6,43.0,0.5,78.6,25.9,75.3,1013.0,0.1,10.1,6.3,149.9,SE,2.59,5.77,-0.9,day
777964,2025-05-11,2025,MIL,2025-05-11 13:40:00,13,2,4,6,2,12,5,15,266,81.7,2,55,0.0364,0.1333,0.0,5.0,2.0,8.0,122.0,83.0,51.0,0.0,2.0,7.0,3.0,7.0,144.0,80.3,45.0,0.2857,75.7,24.3,85.0,1015.8,2.6,7.4,4.6,143.6,SE,1.12,3.56,-1.46,day
777858,2025-05-19,2025,HOU,2025-05-19 19:05:00,19,3,4,7,3,12,2,18,264,83.0,2,56,0.0357,0.1667,1.0,9.0,1.0,7.0,141.0,81.5,50.0,0.1429,2.0,3.0,1.0,11.0,123.0,84.5,53.0,0.1818,84.4,29.1,65.3,1011.5,0.0,13.0,8.1,283.6,W,6.79,2.58,10.19,night
777848,2025-05-20,2025,HOU,2025-05-20 19:05:00,19,3,2,5,1,18,5,15,306,81.5,3,48,0.0625,0.0667,0.0,5.0,4.0,6.0,144.0,82.9,54.0,0.0,1.0,13.0,1.0,9.0,162.0,80.2,53.0,0.1111,82.5,28.1,68.7,1011.4,0.0,13.5,8.4,247.7,W,12.49,9.95,13.52,night
777832,2025-05-21,2025,HOU,2025-05-21 13:10:00,13,8,4,12,7,20,8,17,284,83.0,5,46,0.1087,0.4118,4.0,8.0,6.0,10.0,155.0,81.7,50.0,0.4,3.0,12.0,2.0,7.0,129.0,84.9,35.0,0.4286,88.9,31.6,54.3,1013.1,0.0,17.0,10.5,243.3,SW,16.11,13.31,16.96,day
777810,2025-05-23,2025,TOR,2025-05-23 19:05:00,19,3,1,4,2,12,10,12,274,86.1,2,47,0.0426,0.1667,2.0,7.0,2.0,8.0,134.0,86.9,44.0,0.25,0.0,5.0,8.0,4.0,140.0,85.2,40.0,0.0,85.1,29.5,44.0,1014.9,0.0,12.1,7.5,291.0,W,4.93,0.85,8.41,night
777795,2025-05-24,2025,TOR,2025-05-24 19:05:00,19,3,1,4,2,8,7,9,246,84.6,3,50,0.06,0.2222,1.0,4.0,2.0,3.0,119.0,83.4,43.0,0.3333,1.0,4.0,5.0,6.0,127.0,85.9,41.0,0.1667,82.9,28.3,60.0,1016.9,0.3,17.5,10.9,92.5,E,-11.8,-6.69,-15.49,night
777775,2025-05-25,2025,TOR,2025-05-25 13:40:00,13,13,0,13,2,11,5,19,280,82.3,3,57,0.0526,0.1053,2.0,4.0,4.0,15.0,157.0,81.3,54.0,0.1333,0.0,7.0,1.0,4.0,123.0,83.4,52.0,0.0,89.2,31.8,49.3,1017.5,0.3,6.4,4.0,238.3,SW,6.2,5.32,6.32,day
777762,2025-05-26,2025,MIN,2025-05-26 19:05:00,19,7,2,9,3,12,1,18,252,82.8,6,54,0.1111,0.1667,2.0,6.0,1.0,13.0,149.0,82.9,61.0,0.1538,1.0,6.0,0.0,5.0,103.0,82.7,47.0,0.2,84.3,29.0,68.0,1014.6,0.0,9.7,6.0,232.9,SW,9.64,8.6,9.52,night
777746,2025-05-27,2025,MIN,2025-05-27 19:05:00,19,2,4,6,1,19,3,13,257,82.5,3,46,0.0652,0.0769,0.0,9.0,2.0,6.0,131.0,83.6,42.0,0.0,1.0,10.0,1.0,7.0,126.0,81.4,43.0,0.1429,84.3,29.0,70.0,1015.4,0.4,9.4,5.8,241.9,SW,9.0,7.52,9.39,night
777732,2025-05-28,2025,MIN,2025-05-28 13:10:00,13,5,0,5,2,14,4,14,264,82.7,1,49,0.0204,0.1429,2.0,7.0,3.0,8.0,140.0,80.6,50.0,0.25,0.0,7.0,1.0,6.0,124.0,85.2,41.0,0.0,90.1,32.3,50.3,1017.1,0.0,14.6,9.1,219.7,SW,14.54,14.12,13.2,day
777662,2025-06-03,2025,TEX,2025-06-03 19:35:00,19,5,1,6,2,21,3,12,260,79.9,1,42,0.0238,0.1667,2.0,9.0,2.0,8.0,127.0,79.8,51.0,0.25,0.0,12.0,1.0,4.0,133.0,80.1,50.0,0.0,76.6,24.8,81.3,1013.1,0.1,12.3,7.6,60.7,NE,-11.81,-9.96,-12.23,night
777646,2025-06-04,2025,TEX,2025-06-04 19:35:00,19,5,4,9,2,23,5,16,295,84.5,4,45,0.0889,0.125,1.0,12.0,3.0,8.0,147.0,84.2,45.0,0.125,1.0,11.0,2.0,8.0,148.0,84.9,46.0,0.125,79.3,26.3,81.7,1014.3,0.4,19.4,12.0,180.0,S,13.69,17.55,8.18,night
777629,2025-06-05,2025,TEX,2025-06-05 19:35:00,19,4,3,7,4,24,5,15,297,80.9,3,41,0.0732,0.2667,1.0,11.0,2.0,7.0,140.0,83.5,60.0,0.1429,3.0,13.0,2.0,8.0,157.0,77.6,48.0,0.375,82.1,27.8,80.0,1015.7,0.3,7.3,4.5,215.1,SW,7.16,7.15,6.3,night
777625,2025-06-06,2025,MIA,2025-06-06 13:10:00,13,4,3,7,2,16,3,22,244,84.2,4,55,0.0727,0.0909,0.0,10.0,3.0,11.0,125.0,84.9,38.0,0.0,2.0,6.0,0.0,11.0,119.0,83.7,47.0,0.1818,84.4,29.1,72.3,1016.3,0.3,10.3,6.4,233.3,SW,10.16,9.04,10.05,day
777611,2025-06-07,2025,MIA,2025-06-07 16:10:00,16,10,11,21,6,17,5,22,321,85.1,4,62,0.0645,0.2727,5.0,8.0,2.0,9.0,158.0,88.4,50.0,0.5556,1.0,9.0,3.0,13.0,163.0,82.2,58.0,0.0769,84.3,29.1,72.0,1013.7,0.0,15.3,9.5,236.7,SW,14.98,13.02,15.14,day
777592,2025-06-08,2025,MIA,2025-06-08 12:10:00,12,3,2,5,1,14,2,13,254,83.3,0,49,0.0,0.0769,1.0,7.0,1.0,6.0,137.0,82.3,53.0,0.1667,0.0,7.0,1.0,7.0,117.0,84.7,39.0,0.0,85.4,29.7,66.7,1015.1,0.3,15.5,9.6,229.3,SW,15.42,14.09,14.89,day
777484,2025-06-16,2025,BAL,2025-06-16 19:35:00,19,7,1,8,3,21,4,18,228,82.3,1,43,0.0233,0.1667,2.0,10.0,2.0,14.0,118.0,82.9,40.0,0.1429,1.0,11.0,2.0,4.0,110.0,81.6,35.0,0.25,84.7,29.3,64.3,1015.1,0.0,13.1,8.1,237.7,SW,12.78,11.02,12.99,night
777477,2025-06-17,2025,BAL,2025-06-17 19:35:00,19,1,5,6,1,16,4,20,290,85.5,2,55,0.0364,0.05,0.0,7.0,3.0,7.0,136.0,83.8,52.0,0.0,1.0,9.0,0.0,13.0,154.0,87.0,57.0,0.0769,84.9,29.4,65.3,1015.7,0.0,10.1,6.3,238.3,SW,9.83,8.44,10.03,night
777463,2025-06-18,2025,BAL,2025-06-18 19:35:00,19,12,8,20,4,14,6,25,324,86.3,9,61,0.1475,0.16,1.0,7.0,5.0,18.0,179.0,86.9,61.0,0.0556,3.0,7.0,1.0,7.0,145.0,85.6,46.0,0.4286,84.6,29.2,71.3,1016.8,0.0,8.3,5.2,209.7,SW,8.04,8.31,6.8,night
777446,2025-06-19,2025,BAL,2025-06-19 19:35:00,19,1,4,5,1,22,9,14,313,84.1,2,41,0.0488,0.0714,0.0,13.0,3.0,8.0,154.0,82.7,45.0,0.0,1.0,9.0,6.0,6.0,159.0,85.3,51.0,0.1667,82.8,28.2,73.3,1017.0,0.0,3.4,2.1,212.0,SW,3.35,3.41,2.88,night
777431,2025-06-20,2025,DET,2025-06-20 19:05:00,19,14,8,22,5,16,10,24,343,85.6,7,58,0.1207,0.2083,2.0,7.0,6.0,16.0,182.0,87.3,59.0,0.125,3.0,9.0,4.0,8.0,161.0,83.5,48.0,0.375,80.9,27.2,75.3,1016.2,0.0,8.7,5.4,38.8,NE,-8.62,-8.42,-7.78,night
777420,2025-06-21,2025,DET,2025-06-21 12:10:00,12,8,3,11,3,15,6,15,272,86.2,5,51,0.098,0.2,3.0,5.0,2.0,8.0,109.0,90.1,43.0,0.375,0.0,10.0,4.0,7.0,163.0,83.0,51.0,0.0,88.9,31.6,51.7,1018.2,0.1,6.3,3.9,77.6,E,-5.31,-3.83,-6.15,day
777409,2025-06-22,2025,DET,2025-06-22 12:10:00,12,3,9,12,3,17,6,21,301,82.3,3,53,0.0566,0.1429,1.0,7.0,3.0,9.0,156.0,79.7,57.0,0.1111,2.0,10.0,3.0,12.0,145.0,85.3,47.0,0.1667,90.3,32.4,47.3,1018.9,0.4,12.1,7.5,71.0,E,-10.88,-8.4,-12.03,day
777296,2025-06-30,2025,ATH,2025-06-30 19:35:00,19,4,6,10,2,17,5,17,246,82.3,2,49,0.0408,0.1176,1.0,7.0,1.0,8.0,111.0,82.8,37.0,0.125,1.0,10.0,3.0,9.0,135.0,81.9,41.0,0.1111,80.4,26.9,68.7,1016.5,0.0,12.5,7.8,244.5,SW,11.79,9.65,12.5,night
777286,2025-07-01,2025,ATH,2025-07-01 19:05:00,19,3,4,7,5,23,8,15,305,81.0,5,48,0.1042,0.3333,3.0,8.0,3.0,8.0,172.0,82.2,50.0,0.375,2.0,15.0,2.0,7.0,133.0,79.4,36.0,0.2857,80.6,27.0,74.0,1014.1,0.0,13.6,8.5,221.9,SW,13.61,13.05,12.54,night
777271,2025-07-02,2025,ATH,2025-07-02 12:10:00,12,6,5,11,6,24,3,20,274,84.3,10,46,0.2174,0.3,3.0,7.0,0.0,10.0,118.0,87.4,45.0,0.3,3.0,17.0,3.0,10.0,156.0,81.5,49.0,0.3,84.2,29.0,63.7,1015.4,0.2,13.7,8.5,218.4,SW,13.64,13.36,12.28,day
777110,2025-07-18,2025,BAL,2025-07-18 19:35:00,19,11,1,12,4,15,7,18,271,85.8,5,54,0.0926,0.2222,4.0,7.0,5.0,13.0,143.0,84.2,47.0,0.3077,0.0,8.0,2.0,5.0,128.0,87.8,38.0,0.0,88.8,31.6,59.0,1018.3,0.0,5.9,3.6,248.0,W,5.4,4.29,5.86,night
777095,2025-07-19,2025,BAL,2025-07-19 19:05:00,19,4,3,7,0,13,5,16,281,80.7,2,52,0.0385,0.0,0.0,6.0,5.0,5.0,133.0,78.7,53.0,0.0,0.0,7.0,0.0,11.0,148.0,82.5,59.0,0.0,89.6,32.0,58.0,1017.6,0.5,11.4,7.1,5.6,N,-8.81,-10.75,-5.81,night
777076,2025-07-20,2025,BAL,2025-07-20 12:10:00,12,3,5,8,4,19,6,16,303,82.3,6,52,0.1154,0.25,1.0,7.0,5.0,7.0,151.0,81.9,54.0,0.1429,3.0,12.0,1.0,9.0,152.0,82.7,56.0,0.3333,93.9,34.4,46.7,1018.1,0.0,2.5,1.5,152.1,SE,0.73,1.49,-0.12,day
777059,2025-07-21,2025,CWS,2025-07-21 19:35:00,19,3,8,11,3,21,10,16,327,83.6,2,47,0.0426,0.1875,1.0,9.0,7.0,5.0,164.0,84.8,42.0,0.2,2.0,12.0,3.0,11.0,163.0,82.7,58.0,0.1818,89.4,31.9,57.0,1013.3,0.0,13.0,8.1,319.3,NW,-0.98,-5.34,3.5,night
777048,2025-07-22,2025,CWS,2025-07-22 19:05:00,19,4,3,7,1,19,6,11,258,81.4,2,40,0.05,0.0909,0.0,9.0,4.0,5.0,123.0,80.9,37.0,0.0,1.0,10.0,1.0,6.0,135.0,81.7,46.0,0.1667,84.7,29.3,73.3,1012.8,3.7,10.6,6.6,310.5,NW,0.83,-2.83,4.38,night
777030,2025-07-23,2025,CWS,2025-07-23 19:35:00,19,9,11,20,4,19,10,26,343,83.5,6,59,0.1017,0.1538,2.0,13.0,5.0,15.0,177.0,82.5,60.0,0.1333,2.0,6.0,5.0,11.0,166.0,84.5,65.0,0.1818,81.7,27.6,80.7,1014.8,0.4,9.1,5.7,183.3,S,6.79,8.45,4.31,night
776918,2025-08-01,2025,LAD,2025-08-01 19:35:00,19,0,5,5,1,23,2,15,283,84.1,1,47,0.0213,0.0667,0.0,8.0,0.0,6.0,128.0,83.7,45.0,0.0,1.0,15.0,2.0,9.0,155.0,84.4,46.0,0.1111,88.3,31.3,59.3,1017.3,0.0,11.4,7.1,270.3,W,8.0,4.75,10.28,night
776901,2025-08-02,2025,LAD,2025-08-02 13:10:00,13,4,0,4,3,24,0,14,246,83.8,1,39,0.0256,0.2143,3.0,13.0,0.0,8.0,129.0,83.8,35.0,0.375,0.0,11.0,0.0,6.0,117.0,83.8,38.0,0.0,89.5,32.0,58.3,1016.7,0.1,12.4,7.7,216.7,SW,12.24,12.11,10.89,day
776889,2025-08-03,2025,LAD,2025-08-03 12:10:00,12,0,3,3,0,12,7,15,309,83.1,2,56,0.0357,0.0,0.0,9.0,2.0,7.0,152.0,80.3,62.0,0.0,0.0,3.0,4.0,8.0,157.0,87.2,41.0,0.0,89.4,31.9,57.7,1014.1,0.2,14.4,8.9,211.3,SW,13.99,14.31,11.98,day
776677,2025-08-19,2025,NYY,2025-08-19 19:35:00,19,3,13,16,9,16,8,24,333,85.6,9,61,0.1475,0.375,0.0,6.0,3.0,8.0,155.0,87.2,51.0,0.0,9.0,10.0,5.0,16.0,178.0,84.1,52.0,0.5625,84.2,29.0,70.7,1010.2,0.0,9.7,6.0,6.0,N,-7.56,-9.2,-5.01,night
776664,2025-08-20,2025,NYY,2025-08-20 19:35:00,19,4,6,10,6,29,5,15,324,84.1,6,44,0.1364,0.4,1.0,16.0,3.0,6.0,166.0,81.9,55.0,0.1667,5.0,13.0,2.0,9.0,158.0,86.5,50.0,0.5556,87.6,30.9,53.7,1007.5,0.0,12.8,7.9,300.0,NW,3.3,-1.12,7.32,night
776631,2025-08-21,2025,STL,2025-08-21 19:35:00,19,4,7,11,2,18,9,20,302,85.3,3,53,0.0566,0.1,1.0,10.0,5.0,10.0,158.0,84.5,45.0,0.1,1.0,8.0,4.0,10.0,144.0,85.9,51.0,0.1,83.5,28.6,72.7,1010.2,3.8,11.3,7.0,257.0,W,9.62,6.98,11.09,night
776633,2025-08-22,2025,STL,2025-08-22 19:35:00,19,10,6,16,6,12,5,25,293,82.4,8,62,0.129,0.24,4.0,6.0,3.0,16.0,149.0,82.1,62.0,0.25,2.0,6.0,2.0,9.0,144.0,82.6,56.0,0.2222,84.1,28.9,73.3,1011.9,0.0,6.0,3.7,275.0,W,3.88,2.06,5.23,night
776606,2025-08-24,2025,STL,2025-08-24 12:10:00,12,7,2,9,2,17,8,13,273,83.1,4,46,0.087,0.1538,2.0,9.0,5.0,8.0,133.0,82.8,36.0,0.25,0.0,8.0,3.0,5.0,140.0,83.4,43.0,0.0,79.2,26.2,84.0,1013.6,2.1,17.1,10.6,216.4,SW,16.91,16.76,15.01,day
776504,2025-09-01,2025,SEA,2025-09-01 19:35:00,19,10,2,12,3,18,3,23,277,86.0,3,52,0.0577,0.1304,2.0,8.0,1.0,13.0,147.0,86.2,56.0,0.1538,1.0,10.0,2.0,10.0,130.0,85.7,45.0,0.1,82.0,27.8,72.0,1010.9,0.1,14.3,8.9,27.7,NE,-13.62,-14.25,-11.34,night
776485,2025-09-02,2025,SEA,2025-09-02 19:35:00,19,6,5,11,4,13,10,13,287,83.2,4,50,0.08,0.3077,1.0,8.0,5.0,7.0,143.0,83.4,55.0,0.1429,3.0,5.0,5.0,6.0,144.0,82.9,49.0,0.5,84.8,29.3,63.7,1010.0,0.2,11.7,7.2,351.6,N,-6.96,-9.74,-3.34,night
776476,2025-09-03,2025,SEA,2025-09-03 19:35:00,19,9,4,13,1,16,3,23,266,82.3,2,54,0.037,0.0435,0.0,7.0,1.0,19.0,148.0,82.0,60.0,0.0,1.0,9.0,2.0,4.0,118.0,82.7,45.0,0.25,83.2,28.4,66.0,1009.1,0.1,9.5,5.9,81.0,E,-7.72,-5.34,-9.17,night
776458,2025-09-04,2025,CLE,2025-09-04 19:35:00,19,4,2,6,2,20,4,11,284,80.2,2,43,0.0465,0.1818,0.0,7.0,2.0,8.0,137.0,79.7,61.0,0.0,2.0,13.0,2.0,3.0,147.0,80.8,51.0,0.6667,81.4,27.5,74.3,1009.2,1.3,8.9,5.5,98.4,E,-5.31,-2.55,-7.43,night
776451,2025-09-05,2025,CLE,2025-09-05 19:35:00,19,1,7,8,2,15,6,19,305,84.1,4,57,0.0702,0.1053,1.0,5.0,4.0,7.0,135.0,84.2,45.0,0.1429,1.0,10.0,2.0,12.0,170.0,84.0,60.0,0.0833,81.8,27.7,76.7,1011.9,0.4,14.1,8.7,87.3,E,-10.4,-6.53,-13.01,night
776438,2025-09-06,2025,CLE,2025-09-06 19:05:00,19,2,3,5,1,20,7,13,287,79.5,3,42,0.0714,0.0769,1.0,6.0,3.0,6.0,138.0,81.8,38.0,0.1667,0.0,14.0,4.0,7.0,149.0,77.3,40.0,0.0,82.6,28.1,77.3,1012.1,0.1,5.2,3.3,119.7,SE,-1.38,0.43,-3.02,night
776421,2025-09-07,2025,CLE,2025-09-07 12:10:00,12,1,2,3,1,17,5,16,298,81.6,2,50,0.04,0.0625,1.0,10.0,0.0,9.0,136.0,81.7,51.0,0.1111,0.0,7.0,5.0,7.0,162.0,81.4,57.0,0.0,84.1,29.0,74.3,1013.0,0.3,5.9,3.7,201.4,S,5.41,5.89,4.27,day
776316,2025-09-15,2025,TOR,2025-09-15 19:35:00,19,1,2,3,0,28,4,10,296,83.2,3,47,0.0638,0.0,0.0,18.0,4.0,4.0,156.0,81.8,38.0,0.0,0.0,10.0,0.0,6.0,140.0,84.2,50.0,0.0,85.6,29.8,43.0,1013.5,0.0,11.3,7.0,22.4,N,-10.4,-11.26,-8.29,night
776305,2025-09-16,2025,TOR,2025-09-16 19:35:00,19,5,6,11,3,17,9,21,313,82.5,4,55,0.0727,0.1429,1.0,8.0,6.0,10.0,184.0,83.9,59.0,0.1,2.0,9.0,3.0,11.0,129.0,80.7,49.0,0.1818,81.6,27.5,62.3,1014.8,0.0,14.9,9.3,45.5,NE,-14.9,-13.96,-14.04,night
776290,2025-09-17,2025,TOR,2025-09-17 19:05:00,19,2,1,3,0,12,4,12,244,85.4,3,49,0.0612,0.0,0.0,6.0,2.0,8.0,121.0,89.4,47.0,0.0,0.0,6.0,1.0,4.0,123.0,81.7,51.0,0.0,78.1,25.6,79.3,1013.5,0.2,6.5,4.1,97.6,E,-3.97,-1.96,-5.51,night
776269,2025-09-18,2025,TOR,2025-09-18 13:10:00,13,4,0,4,1,12,4,15,274,82.1,3,50,0.06,0.0667,1.0,6.0,2.0,11.0,144.0,82.9,60.0,0.0909,0.0,6.0,2.0,4.0,130.0,81.3,52.0,0.0,86.2,30.1,55.7,1013.2,0.1,7.8,4.8,49.0,NE,-7.75,-7.1,-7.47,day
776261,2025-09-19,2025,BOS,2025-09-19 19:35:00,19,7,11,18,5,21,10,20,345,86.5,3,56,0.0536,0.25,3.0,13.0,5.0,8.0,157.0,85.2,42.0,0.375,2.0,8.0,5.0,12.0,188.0,87.4,62.0,0.1667,87.2,30.7,46.0,1012.2,0.0,17.5,10.9,48.0,NE,-17.51,-16.14,-16.77,night
776247,2025-09-20,2025,BOS,2025-09-20 19:05:00,19,3,6,9,0,12,8,17,318,82.7,2,58,0.0345,0.0,0.0,7.0,4.0,7.0,154.0,79.2,63.0,0.0,0.0,5.0,4.0,10.0,164.0,86.5,58.0,0.0,83.8,28.8,61.0,1013.1,0.5,17.9,11.1,51.7,NE,-17.75,-15.97,-17.38,night
776236,2025-09-21,2025,BOS,2025-09-21 19:35:00,19,7,3,10,1,23,8,19,310,82.3,2,45,0.0444,0.0526,1.0,9.0,3.0,9.0,137.0,84.4,47.0,0.1111,0.0,14.0,5.0,10.0,173.0,80.5,59.0,0.0,86.2,30.1,53.0,1012.2,0.2,11.4,7.1,102.0,E,-6.19,-2.55,-9.08,night
