game_pk,game_date,season,away_team,game_start,start_hour,home_runs_scored,away_runs_scored,total_runs,home_runs_hit,strikeouts,walks,hits,total_pitches,avg_exit_velocity,n_barrels,n_bbe,barrel_rate,hr_h_ratio,temp_f,temp_c,rhum,pres,prcp,wspd,wspd_mph,wdir,wind_dir_bucket,wind_cf,wind_lcf,wind_rcf
413651,2015-04-06,2015,BAL,2015-04-06 15:10:00,15,2,6,8,4,19,5,16,295,87.1,3,47,0.0638,0.25,78.7,26.0,66.7,1017.1,0.0,6.2,3.9,329.2,NW,-1.52,-3.48,0.63
413666,2015-04-07,2015,BAL,2015-04-07 19:10:00,19,5,6,11,3,16,10,11,327,89.3,4,46,0.087,0.2727,75.4,24.1,80.0,1019.0,0.0,12.7,7.9,324.3,NW,-2.07,-6.24,2.35
413673,2015-04-08,2015,BAL,2015-04-08 19:10:00,19,2,0,2,0,20,9,8,293,86.5,0,34,0.0,0.0,76.2,24.5,80.3,1016.8,0.0,10.4,6.5,332.0,NW,-3.05,-6.28,0.55
413799,2015-04-17,2015,NYY,2015-04-17 19:10:00,19,4,5,9,5,18,9,13,349,85.0,6,47,0.1277,0.3846,76.3,24.6,83.7,1013.5,0.0,5.8,3.6,256.6,W,4.94,3.6,5.68
413814,2015-04-18,2015,NYY,2015-04-18 19:10:00,19,0,9,9,1,21,7,13,303,86.4,1,45,0.0222,0.0769,76.9,25.0,85.0,1012.6,0.0,8.0,5.0,285.0,W,3.98,1.38,6.1
413829,2015-04-19,2015,NYY,2015-04-19 13:10:00,13,3,5,8,1,17,8,20,331,86.6,1,54,0.0185,0.05,82.2,27.9,67.7,1010.9,0.0,22.4,13.9,214.3,SW,22.05,22.14,19.3
413845,2015-04-21,2015,BOS,2015-04-21 19:10:00,19,0,1,1,0,16,6,12,268,83.5,1,47,0.0213,0.0,75.2,24.0,72.3,1012.8,0.0,9.7,6.0,295.3,NW,3.26,-0.06,6.19
413860,2015-04-22,2015,BOS,2015-04-22 19:10:00,19,7,5,12,4,18,7,20,300,87.7,3,50,0.06,0.2,76.3,24.6,72.7,1012.6,0.0,9.5,5.9,307.9,NW,1.17,-2.13,4.32
413875,2015-04-23,2015,BOS,2015-04-23 19:10:00,19,2,1,3,0,15,7,9,271,88.8,1,47,0.0213,0.0,76.7,24.8,84.0,1012.1,0.0,6.7,4.2,249.0,W,6.12,4.82,6.68
413898,2015-04-24,2015,TOR,2015-04-24 19:10:00,19,12,3,15,5,14,3,19,283,89.2,5,57,0.0877,0.2632,77.5,25.3,75.0,1012.2,0.0,6.1,3.8,319.6,NW,-0.49,-2.56,1.63
413913,2015-04-25,2015,TOR,2015-04-25 18:10:00,18,4,2,6,1,19,4,15,267,88.4,1,45,0.0222,0.0667,79.8,26.5,78.0,1008.3,0.0,10.2,6.4,237.0,SW,10.01,8.68,10.13
413928,2015-04-26,2015,TOR,2015-04-26 13:10:00,13,5,1,6,1,15,4,18,247,87.6,3,53,0.0566,0.0556,82.6,28.1,76.7,1007.1,1.0,24.2,15.0,267.3,W,17.86,11.22,22.35
414078,2015-05-07,2015,TEX,2015-05-07 19:10:00,19,4,5,9,1,23,6,14,309,86.9,0,45,0.0,0.0714,75.9,24.4,58.7,1014.4,0.0,10.7,6.6,310.3,NW,0.87,-2.82,4.45
414093,2015-05-08,2015,TEX,2015-05-08 19:10:00,19,8,2,10,3,18,5,15,304,86.8,5,49,0.102,0.2,76.7,24.8,62.7,1014.5,0.0,10.5,6.5,294.0,NW,3.77,0.18,6.91
414108,2015-05-09,2015,TEX,2015-05-09 18:10:00,18,7,2,9,4,12,7,18,319,89.2,7,56,0.125,0.2222,78.6,25.9,63.0,1015.1,0.0,12.0,7.4,287.0,W,5.62,1.67,8.89
414123,2015-05-10,2015,TEX,2015-05-10 13:10:00,13,1,2,3,1,19,6,13,295,86.6,2,46,0.0435,0.0769,83.7,28.7,53.0,1016.5,0.0,13.2,8.2,270.7,W,9.25,5.45,11.93
414129,2015-05-11,2015,NYY,2015-05-11 19:10:00,19,5,11,16,7,20,3,21,279,92.2,5,52,0.0962,0.3333,79.7,26.5,75.3,1017.5,1.4,4.7,2.9,358.4,N,-3.23,-4.2,-1.87
414141,2015-05-12,2015,NYY,2015-05-12 19:10:00,19,4,2,6,0,16,5,14,244,86.7,0,46,0.0,0.0,80.5,27.0,74.0,1018.4,0.0,2.9,1.8,100.2,E,-1.67,-0.75,-2.4
414156,2015-05-13,2015,NYY,2015-05-13 19:10:00,19,3,2,5,1,22,3,17,269,87.8,2,44,0.0455,0.0588,81.8,27.7,70.0,1016.9,0.0,9.3,5.8,349.0,N,-5.21,-7.55,-2.25
414168,2015-05-14,2015,NYY,2015-05-14 19:10:00,19,6,1,7,2,14,6,15,271,90.5,3,49,0.0612,0.1333,81.7,27.6,70.0,1017.7,0.0,13.8,8.6,92.0,E,-9.41,-5.39,-12.3
414264,2015-05-21,2015,ATH,2015-05-21 19:10:00,19,3,0,3,1,17,3,13,293,84.4,1,47,0.0213,0.0769,80.5,27.0,77.7,1013.2,0.0,12.9,8.0,296.0,NW,4.21,-0.23,8.14
414277,2015-05-22,2015,ATH,2015-05-22 19:10:00,19,5,2,7,4,17,7,21,302,84.7,6,54,0.1111,0.1905,82.3,28.0,67.0,1018.1,0.0,3.4,2.1,225.9,SW,3.37,3.15,3.18
414292,2015-05-23,2015,ATH,2015-05-23 16:10:00,16,0,5,5,0,15,10,16,313,84.9,1,52,0.0192,0.0,83.7,28.7,65.7,1018.9,1.2,8.6,5.3,83.3,E,-6.72,-4.5,-8.13
414307,2015-05-24,2015,ATH,2015-05-24 13:10:00,13,2,7,9,3,15,7,18,297,87.1,1,55,0.0182,0.1667,87.1,30.6,51.7,1018.6,0.0,10.5,6.5,104.3,E,-5.37,-1.95,-8.15
414325,2015-05-25,2015,SEA,2015-05-25 19:10:00,19,1,4,5,2,15,6,17,288,86.1,4,55,0.0727,0.1176,83.4,28.5,68.3,1018.0,0.0,10.3,6.4,103.7,E,-5.34,-2.02,-8.02
414340,2015-05-26,2015,SEA,2015-05-26 19:10:00,19,6,7,13,2,13,5,24,355,86.4,4,70,0.0571,0.0833,81.6,27.6,73.7,1019.0,0.0,14.1,8.8,345.9,N,-7.27,-10.97,-2.68
414355,2015-05-27,2015,SEA,2015-05-27 13:10:00,13,0,3,3,1,22,3,7,224,86.2,1,35,0.0286,0.1429,86.4,30.2,50.0,1017.7,0.0,12.3,7.6,52.7,NE,-12.16,-10.86,-11.98
414514,2015-06-09,2015,LAA,2015-06-09 19:10:00,19,2,8,10,1,16,4,21,294,86.8,1,60,0.0167,0.0476,80.8,27.1,74.0,1012.5,0.0,3.3,2.0,217.0,SW,3.23,3.2,2.88
414529,2015-06-10,2015,LAA,2015-06-10 19:10:00,19,4,2,6,1,9,4,16,254,88.2,2,55,0.0364,0.0625,78.2,25.7,84.3,1013.1,0.2,16.2,10.1,132.0,SE,-0.85,4.74,-6.33
414544,2015-06-11,2015,LAA,2015-06-11 19:10:00,19,2,6,8,3,17,5,19,299,85.2,4,52,0.0769,0.1579,80.4,26.9,75.0,1015.6,0.0,11.2,6.9,102.3,E,-6.03,-2.45,-8.88
414555,2015-06-12,2015,CWS,2015-06-12 19:10:00,19,7,5,12,1,15,3,23,297,86.2,2,59,0.0339,0.0435,79.7,26.5,80.3,1017.4,0.0,9.7,6.0,95.3,E,-6.19,-3.26,-8.37
414570,2015-06-13,2015,CWS,2015-06-13 16:10:00,16,5,4,9,1,17,4,18,266,86.8,2,50,0.04,0.0556,87.7,30.9,58.3,1015.6,0.0,13.3,8.3,90.0,E,-9.4,-5.62,-12.05
414585,2015-06-14,2015,CWS,2015-06-14 13:10:00,13,2,1,3,1,23,4,13,284,83.8,0,39,0.0,0.0769,88.7,31.5,53.0,1016.1,0.0,14.3,8.9,99.3,E,-8.32,-3.85,-11.78
414612,2015-06-15,2015,WSH,2015-06-15 19:10:00,19,6,1,7,0,10,12,19,325,86.9,2,58,0.0345,0.0,82.9,28.3,72.7,1016.4,0.0,7.7,4.8,214.3,SW,7.57,7.6,6.62
414627,2015-06-16,2015,WSH,2015-06-16 19:10:00,19,4,16,20,5,10,7,31,321,87.7,5,72,0.0694,0.1613,83.1,28.4,77.7,1016.4,0.0,11.1,6.9,301.0,NW,2.68,-1.16,6.19
414709,2015-06-22,2015,TOR,2015-06-22 19:10:00,19,5,8,13,4,22,6,26,356,85.9,4,56,0.0714,0.1538,83.6,28.7,75.7,1016.9,1.1,9.2,5.7,308.0,NW,1.12,-2.06,4.17
414724,2015-06-23,2015,TOR,2015-06-23 19:10:00,19,4,3,7,3,11,5,13,241,85.6,2,51,0.0392,0.2308,83.8,28.8,75.0,1019.1,0.2,5.9,3.7,64.1,NE,-5.61,-4.6,-5.93
414739,2015-06-24,2015,TOR,2015-06-24 12:10:00,12,0,1,1,1,28,7,10,356,85.9,1,52,0.0192,0.1,84.2,29.0,74.7,1018.5,0.0,9.3,5.8,270.3,W,6.51,3.87,8.38
414753,2015-06-26,2015,BOS,2015-06-26 19:10:00,19,3,4,7,0,17,7,22,296,86.3,2,59,0.0339,0.0,83.8,28.8,70.0,1015.4,0.0,7.8,4.8,273.3,W,5.16,2.87,6.84
414768,2015-06-27,2015,BOS,2015-06-27 16:10:00,16,4,1,5,4,21,3,10,258,89.1,4,38,0.1053,0.4,87.1,30.6,57.7,1014.5,0.0,15.4,9.6,272.0,W,10.53,6.03,13.75
414783,2015-06-28,2015,BOS,2015-06-28 13:10:00,13,3,5,8,3,23,3,18,331,87.5,2,47,0.0426,0.1667,86.4,30.2,59.7,1015.3,0.4,17.5,10.9,262.7,W,13.88,9.38,16.71
414797,2015-06-29,2015,CLE,2015-06-29 19:10:00,19,1,7,8,2,15,4,16,275,87.6,2,53,0.0377,0.125,82.2,27.9,75.7,1016.2,0.0,6.9,4.3,253.3,W,6.04,4.57,6.79
414808,2015-06-30,2015,CLE,2015-06-30 19:10:00,19,2,6,8,3,15,5,9,290,85.4,1,48,0.0208,0.3333,84.4,29.1,69.7,1017.4,0.0,6.5,4.0,289.1,W,2.84,0.67,4.67
414823,2015-07-01,2015,CLE,2015-07-01 19:10:00,19,1,8,9,1,17,4,11,273,85.5,1,47,0.0213,0.0909,84.1,28.9,67.7,1017.6,0.0,3.3,2.0,133.7,SE,-0.08,1.04,-1.19
414837,2015-07-02,2015,CLE,2015-07-02 12:10:00,12,4,5,9,1,28,4,15,290,85.6,1,43,0.0233,0.0667,87.3,30.7,62.0,1017.6,0.4,5.0,3.1,275.0,W,3.22,1.71,4.33
414949,2015-07-10,2015,HOU,2015-07-10 19:10:00,19,3,1,4,2,14,3,9,227,87.2,3,43,0.0698,0.2222,86.8,30.4,66.3,1017.0,0.0,10.4,6.5,323.7,NW,-1.57,-4.99,2.04
414964,2015-07-11,2015,HOU,2015-07-11 16:10:00,16,3,0,3,0,11,8,10,261,87.2,1,49,0.0204,0.0,88.7,31.5,62.0,1015.9,0.5,9.6,5.9,331.4,NW,-2.7,-5.67,0.61
414979,2015-07-12,2015,HOU,2015-07-12 13:10:00,13,4,3,7,1,17,7,12,268,92.0,3,44,0.0682,0.0833,85.2,29.6,73.7,1014.0,3.6,11.3,7.0,298.3,NW,3.25,-0.66,6.77
415085,2015-07-24,2015,BAL,2015-07-24 19:10:00,19,3,1,4,0,19,6,12,284,87.4,0,41,0.0,0.0,83.0,28.3,79.7,1012.9,0.0,13.4,8.3,267.6,W,9.83,6.14,12.34
415100,2015-07-25,2015,BAL,2015-07-25 18:10:00,18,1,5,6,2,9,0,12,235,87.4,2,57,0.0351,0.1667,80.9,27.2,79.0,1009.8,0.0,8.2,5.1,274.7,W,5.31,2.85,7.13
415115,2015-07-26,2015,BAL,2015-07-26 13:10:00,13,2,5,7,3,17,6,18,280,85.2,3,50,0.06,0.1667,82.8,28.2,78.7,1009.9,0.3,8.6,5.3,208.3,SW,8.24,8.59,6.9
415134,2015-07-27,2015,DET,2015-07-27 19:10:00,19,5,2,7,3,17,5,17,299,86.6,4,49,0.0816,0.1765,79.6,26.5,81.0,1011.4,0.0,12.9,8.0,215.7,SW,12.7,12.64,11.22
415144,2015-07-28,2015,DET,2015-07-28 19:10:00,19,10,2,12,4,17,4,20,305,88.2,7,52,0.1346,0.2,81.8,27.7,80.3,1013.1,0.0,8.6,5.3,267.3,W,6.36,3.99,7.96
415159,2015-07-29,2015,DET,2015-07-29 12:10:00,12,1,2,3,1,24,1,8,261,87.3,3,38,0.0789,0.125,83.1,28.4,81.3,1013.7,0.5,10.9,6.8,244.7,SW,10.26,8.39,10.9
415286,2015-08-07,2015,NYM,2015-08-07 19:10:00,19,3,4,7,5,17,2,16,300,87.4,5,53,0.0943,0.3125,82.2,27.9,80.7,1011.7,0.0,11.0,6.9,281.0,W,6.17,2.67,8.93
415301,2015-08-08,2015,NYM,2015-08-08 18:10:00,18,5,4,9,3,23,5,18,296,86.4,7,46,0.1522,0.1667,81.0,27.2,79.7,1011.4,0.0,8.5,5.3,267.7,W,6.25,3.9,7.84
415316,2015-08-09,2015,NYM,2015-08-09 13:10:00,13,4,3,7,1,14,4,16,253,87.4,3,51,0.0588,0.0625,84.1,29.0,77.3,1011.6,0.2,6.7,4.1,269.0,W,4.8,2.92,6.09
415330,2015-08-11,2015,ATL,2015-08-11 19:10:00,19,2,0,2,1,6,4,10,182,89.9,5,51,0.098,0.1,82.5,28.1,81.7,1013.6,0.2,6.4,4.0,278.7,W,3.77,1.79,5.3
415345,2015-08-12,2015,ATL,2015-08-12 19:10:00,19,9,6,15,3,21,5,23,315,91.2,6,51,0.1176,0.1304,83.4,28.5,75.3,1012.7,0.0,7.6,4.7,275.7,W,4.82,2.52,6.54
415525,2015-08-25,2015,MIN,2015-08-25 19:10:00,19,7,11,18,4,16,10,25,331,89.7,3,61,0.0492,0.16,85.3,29.6,68.7,1011.0,0.0,5.5,3.4,269.7,W,3.89,2.34,4.97
415540,2015-08-26,2015,MIN,2015-08-26 19:10:00,19,3,5,8,4,21,6,22,289,90.1,6,54,0.1111,0.1818,83.7,28.7,73.7,1012.0,0.0,12.0,7.4,103.5,E,-6.26,-2.39,-9.37
415551,2015-08-27,2015,MIN,2015-08-27 19:10:00,19,5,4,9,2,15,4,18,286,88.4,4,52,0.0769,0.1111,79.8,26.5,82.0,1011.8,2.0,4.7,2.9,125.5,SE,-0.78,0.87,-2.33
415566,2015-08-28,2015,KC,2015-08-28 19:10:00,19,2,3,5,1,16,6,14,282,87.9,2,50,0.04,0.0714,82.6,28.1,72.3,1015.2,0.2,9.5,5.9,89.3,E,-6.82,-4.13,-8.69
415581,2015-08-29,2015,KC,2015-08-29 18:10:00,18,3,6,9,1,19,6,16,308,89.0,1,53,0.0189,0.0625,78.0,25.5,86.7,1014.6,7.7,13.4,8.3,26.0,NE,-12.67,-13.4,-10.41
415596,2015-08-30,2015,KC,2015-08-30 13:10:00,13,3,2,5,2,16,4,16,276,87.0,2,49,0.0408,0.125,83.7,28.7,72.7,1013.1,12.6,5.5,3.4,181.6,S,3.97,5.02,2.45
415748,2015-09-11,2015,BOS,2015-09-11 19:10:00,19,8,4,12,2,19,5,22,335,86.6,5,54,0.0926,0.0909,81.9,27.7,78.7,1011.9,0.0,3.4,2.1,335.3,NW,-1.18,-2.2,-0.02
415763,2015-09-12,2015,BOS,2015-09-12 18:10:00,18,4,10,14,7,13,6,20,315,87.1,7,60,0.1167,0.35,79.5,26.4,84.3,1009.9,0.4,7.0,4.3,235.7,SW,6.88,6.02,6.91
415778,2015-09-13,2015,BOS,2015-09-13 13:10:00,13,0,2,2,0,33,6,17,378,83.8,0,57,0.0,0.0,80.4,26.9,78.0,1011.9,3.5,3.3,2.1,265.0,W,2.53,1.65,3.1
415801,2015-09-14,2015,NYY,2015-09-14 19:10:00,19,1,4,5,1,19,7,10,289,87.1,3,43,0.0698,0.1,81.0,27.2,70.7,1016.6,0.0,11.9,7.4,77.3,E,-10.05,-7.27,-11.63
415814,2015-09-15,2015,NYY,2015-09-15 19:10:00,19,6,3,9,3,16,7,18,314,86.7,5,53,0.0943,0.1667,77.1,25.1,89.0,1017.9,0.4,11.4,7.1,71.7,E,-10.19,-7.82,-11.32
415829,2015-09-16,2015,NYY,2015-09-16 19:10:00,19,1,3,4,1,22,8,13,301,88.2,4,45,0.0889,0.0769,75.6,24.2,91.3,1015.5,3.5,13.0,8.1,68.7,E,-11.94,-9.43,-13.01
415836,2015-09-17,2015,BAL,2015-09-17 19:10:00,19,3,4,7,1,19,5,13,292,85.9,2,47,0.0426,0.0769,75.9,24.4,89.7,1009.4,2.5,9.7,6.0,62.7,NE,-9.27,-7.7,-9.73
415846,2015-09-18,2015,BAL,2015-09-18 19:10:00,19,8,6,14,4,15,8,18,296,89.0,4,50,0.08,0.2222,79.7,26.5,77.7,1006.3,0.0,5.5,3.4,358.3,N,-3.75,-4.88,-2.16
415861,2015-09-19,2015,BAL,2015-09-19 18:10:00,18,1,2,3,0,14,0,16,237,89.2,2,52,0.0385,0.0,79.2,26.2,83.7,1008.3,0.3,4.1,2.5,7.1,N,-3.23,-3.9,-2.18
415876,2015-09-20,2015,BAL,2015-09-20 13:10:00,13,7,6,13,3,17,8,23,309,87.7,5,59,0.0847,0.1304,84.7,29.3,66.0,1010.5,0.0,5.9,3.7,15.0,N,-5.11,-5.81,-3.79
416000,2015-09-29,2015,MIA,2015-09-29 19:10:00,19,4,2,6,2,13,3,15,246,84.6,2,52,0.0385,0.1333,81.3,27.4,80.3,1007.2,0.0,6.8,4.2,287.3,W,3.17,0.91,5.05
416015,2015-09-30,2015,MIA,2015-09-30 19:10:00,19,6,4,10,1,17,9,19,289,87.4,3,49,0.0612,0.0526,80.7,27.0,80.3,1005.8,0.0,7.7,4.8,286.7,W,3.64,1.11,5.73
416029,2015-10-01,2015,MIA,2015-10-01 19:10:00,19,4,1,5,1,19,3,20,251,90.0,1,51,0.0196,0.05,79.6,26.4,83.0,1002.1,0.0,10.5,6.5,311.7,NW,0.61,-3.0,4.15
416048,2015-10-02,2015,TOR,2015-10-02 19:10:00,19,4,8,12,3,13,2,23,311,88.1,3,61,0.0492,0.1304,77.2,25.1,81.3,999.4,0.0,12.1,7.5,303.3,NW,2.45,-1.76,6.35
416063,2015-10-03,2015,TOR,2015-10-03 18:10:00,18,4,3,7,3,17,5,13,277,88.2,4,48,0.0833,0.2308,73.8,23.2,76.3,1001.8,0.0,12.3,7.6,311.7,NW,0.72,-3.53,4.87
416078,2015-10-04,2015,TOR,2015-10-04 15:10:00,15,12,3,15,5,11,6,22,329,88.4,4,60,0.0667,0.2273,73.0,22.8,78.0,1003.3,0.4,16.1,10.0,299.0,NW,4.45,-1.12,9.49
446911,2016-04-03,2016,TOR,2016-04-03 16:05:00,16,3,5,8,2,23,4,14,276,85.1,2,47,0.0426,0.1429,69.4,20.8,48.3,1015.6,0.0,6.8,4.2,314.2,NW,0.09,-2.24,2.41
446878,2016-04-04,2016,TOR,2016-04-04 19:10:00,19,3,5,8,4,18,6,15,280,81.3,4,51,0.0784,0.2667,69.1,20.6,58.7,1016.7,0.0,11.0,6.8,309.7,NW,1.02,-2.79,4.71
446887,2016-04-05,2016,TOR,2016-04-05 19:10:00,19,3,2,5,2,20,4,16,286,85.7,4,46,0.087,0.125,70.3,21.3,72.0,1017.7,0.0,13.2,8.2,320.7,NW,-1.3,-5.73,3.28
446901,2016-04-06,2016,TOR,2016-04-06 13:10:00,13,5,3,8,3,17,3,16,279,86.1,6,48,0.125,0.1875,76.0,24.4,55.0,1017.1,0.0,12.2,7.6,128.7,SE,-1.35,2.88,-5.41
446971,2016-04-12,2016,CLE,2016-04-12 19:10:00,19,5,1,6,3,12,4,10,250,82.8,3,46,0.0652,0.3,71.7,22.1,79.0,1016.9,0.0,12.0,7.4,294.3,NW,4.22,0.14,7.8
446986,2016-04-13,2016,CLE,2016-04-13 19:10:00,19,1,4,5,1,24,2,10,249,86.1,1,40,0.025,0.1,73.1,22.8,79.7,1015.3,0.0,11.2,7.0,340.7,N,-4.87,-8.04,-1.12
447001,2016-04-14,2016,CLE,2016-04-14 13:10:00,13,0,6,6,3,22,10,18,346,81.4,1,48,0.0208,0.1667,77.5,25.3,72.3,1012.5,0.5,6.9,4.3,247.3,SW,6.38,5.1,6.89
447010,2016-04-15,2016,CWS,2016-04-15 19:10:00,19,0,1,1,0,19,1,8,223,86.4,0,43,0.0,0.0,71.5,21.9,83.3,1013.0,1.0,14.4,8.9,54.7,NE,-14.16,-12.48,-14.13
447025,2016-04-16,2016,CWS,2016-04-16 18:10:00,18,7,2,9,4,11,5,17,265,85.0,3,54,0.0556,0.2353,72.7,22.6,68.3,1016.3,0.4,21.5,13.3,64.3,NE,-20.26,-16.6,-21.47
447040,2016-04-17,2016,CWS,2016-04-17 13:10:00,13,3,2,5,0,21,1,13,258,80.4,1,41,0.0244,0.0,78.7,26.0,43.3,1018.7,0.0,22.5,14.0,71.3,E,-20.2,-15.56,-22.4
447148,2016-04-25,2016,BAL,2016-04-25 19:10:00,19,2,0,2,0,20,4,10,256,83.8,2,40,0.05,0.0,75.9,24.4,72.7,1012.9,0.0,7.5,4.7,66.5,NE,-6.98,-5.62,-7.5
447161,2016-04-26,2016,BAL,2016-04-26 19:10:00,19,3,1,4,1,11,5,16,280,84.1,2,52,0.0385,0.0625,75.0,23.9,77.7,1010.8,0.0,10.9,6.8,282.3,W,5.87,2.38,8.64
447177,2016-04-27,2016,BAL,2016-04-27 19:10:00,19,1,3,4,1,19,5,7,279,80.1,2,42,0.0476,0.1429,75.3,24.0,79.7,1011.4,0.0,2.3,1.4,2.5,N,-1.72,-2.16,-1.08
447212,2016-04-29,2016,TOR,2016-04-29 19:10:00,19,1,6,7,5,17,6,16,292,82.9,4,51,0.0784,0.3125,77.1,25.1,79.0,1012.0,0.0,11.5,7.1,317.5,NW,-0.5,-4.4,3.46
447227,2016-04-30,2016,TOR,2016-04-30 18:10:00,18,4,3,7,4,15,9,12,291,85.5,4,47,0.0851,0.3333,78.7,25.9,77.7,1011.3,0.0,10.6,6.6,121.7,SE,-2.45,1.23,-5.84
447242,2016-05-01,2016,TOR,2016-05-01 13:10:00,13,1,5,6,3,19,6,9,261,85.3,5,41,0.122,0.3333,83.2,28.5,59.7,1013.2,0.0,6.5,4.0,169.4,S,3.68,5.29,1.62
447261,2016-05-03,2016,LAD,2016-05-03 19:10:00,19,5,10,15,5,18,6,21,318,85.0,6,57,0.1053,0.2381,77.4,25.2,84.7,1010.2,0.0,7.3,4.5,256.3,W,6.24,4.56,7.16
447276,2016-05-04,2016,LAD,2016-05-04 19:10:00,19,8,5,13,4,21,9,18,327,83.3,3,47,0.0638,0.2222,72.7,22.6,77.7,1004.3,0.0,19.1,11.9,310.7,NW,1.44,-5.16,7.87
447400,2016-05-13,2016,ATH,2016-05-13 19:10:00,19,3,6,9,4,19,10,16,341,81.2,6,50,0.12,0.25,77.1,25.1,80.0,1014.5,0.0,14.8,9.2,281.7,W,8.13,3.41,11.87
447415,2016-05-14,2016,ATH,2016-05-14 18:10:00,18,6,0,6,1,7,6,10,260,84.1,2,53,0.0377,0.1,77.8,25.5,74.3,1012.8,0.0,13.6,8.5,307.0,NW,1.89,-2.83,6.38
447430,2016-05-15,2016,ATH,2016-05-15 13:10:00,13,6,7,13,7,17,4,18,285,85.1,6,56,0.1071,0.3889,81.3,27.4,59.3,1014.8,0.0,11.7,7.2,306.7,NW,1.69,-2.36,5.54
447563,2016-05-25,2016,MIA,2016-05-25 19:10:00,19,3,4,7,1,23,6,22,319,83.9,5,51,0.098,0.0455,81.5,27.5,47.7,1018.5,0.0,17.6,10.9,87.7,E,-12.94,-8.08,-16.24
447575,2016-05-26,2016,MIA,2016-05-26 13:10:00,13,1,9,10,3,22,3,22,317,83.4,2,53,0.0377,0.1364,85.0,29.5,39.0,1016.2,0.0,17.1,10.6,62.7,NE,-16.33,-13.56,-17.12
447588,2016-05-27,2016,NYY,2016-05-27 19:10:00,19,1,4,5,3,17,3,8,245,86.3,4,46,0.087,0.375,80.5,26.9,62.7,1012.4,0.0,15.2,9.5,79.7,E,-12.53,-8.81,-14.74
447603,2016-05-28,2016,NYY,2016-05-28 16:10:00,16,9,5,14,3,16,6,25,299,84.9,3,58,0.0517,0.12,80.1,26.7,73.3,1013.6,8.0,8.1,5.1,284.3,W,4.15,1.51,6.29
447618,2016-05-29,2016,NYY,2016-05-29 13:10:00,13,1,2,3,1,20,3,7,269,82.6,2,42,0.0476,0.1429,83.1,28.4,68.3,1015.2,0.4,12.1,7.5,282.3,W,6.51,2.65,9.59
447777,2016-06-10,2016,HOU,2016-06-10 19:10:00,19,4,3,7,1,22,11,19,301,85.3,3,43,0.0698,0.0526,79.5,26.4,86.7,1016.0,3.4,4.4,2.8,354.7,N,-2.83,-3.83,-1.49
447792,2016-06-11,2016,HOU,2016-06-11 16:10:00,16,3,4,7,4,12,5,13,278,85.6,4,52,0.0769,0.3077,84.4,29.1,70.7,1017.3,0.1,7.5,4.7,79.6,E,-6.2,-4.37,-7.29
447807,2016-06-12,2016,HOU,2016-06-12 13:10:00,13,5,0,5,0,23,5,11,283,84.6,1,40,0.025,0.0,82.9,28.3,80.0,1016.4,7.5,8.8,5.5,280.7,W,4.96,2.18,7.15
447840,2016-06-14,2016,SEA,2016-06-14 19:10:00,19,8,7,15,4,22,11,20,311,84.5,3,47,0.0638,0.2,82.5,28.0,82.3,1013.3,0.0,4.7,2.9,300.0,NW,1.21,-0.41,2.68
447854,2016-06-15,2016,SEA,2016-06-15 19:10:00,19,3,2,5,1,35,15,16,445,83.1,3,57,0.0526,0.0625,82.6,28.1,78.3,1014.6,0.0,7.1,4.4,260.7,W,5.77,4.0,6.84
447863,2016-06-16,2016,SEA,2016-06-16 13:10:00,13,4,6,10,1,21,8,25,352,82.2,1,56,0.0179,0.04,83.1,28.4,79.0,1014.4,1.8,16.7,10.4,264.7,W,12.86,8.44,15.73
447877,2016-06-17,2016,SF,2016-06-17 19:10:00,19,1,5,6,2,17,4,11,280,85.2,2,46,0.0435,0.1818,81.9,27.7,82.7,1011.1,1.3,11.5,7.2,265.7,W,8.75,5.65,10.79
447892,2016-06-18,2016,SF,2016-06-18 16:10:00,16,4,6,10,6,12,5,19,295,81.9,7,59,0.1186,0.3158,83.7,28.7,76.0,1014.0,0.8,9.6,6.0,300.0,NW,2.5,-0.84,5.53
447907,2016-06-19,2016,SF,2016-06-19 13:10:00,13,1,5,6,1,19,4,16,312,81.7,2,51,0.0392,0.0625,82.6,28.1,73.0,1018.1,2.4,16.9,10.5,64.0,NE,-15.98,-13.13,-16.9
448005,2016-06-27,2016,BOS,2016-06-27 19:10:00,19,13,7,20,4,18,7,30,349,83.8,5,61,0.082,0.1333,82.2,27.9,75.0,1013.6,0.3,6.1,3.8,18.6,N,-5.46,-6.06,-4.21
448017,2016-06-28,2016,BOS,2016-06-28 19:10:00,19,2,8,10,2,22,9,17,309,84.1,4,48,0.0833,0.1176,82.3,27.9,77.0,1013.1,0.0,5.1,3.1,265.0,W,3.88,2.54,4.76
448032,2016-06-29,2016,BOS,2016-06-29 12:10:00,12,4,0,4,1,21,3,14,261,83.3,3,44,0.0682,0.0714,85.0,29.5,69.0,1013.7,1.1,9.7,6.0,253.7,W,8.54,6.43,9.62
448050,2016-06-30,2016,DET,2016-06-30 19:10:00,19,7,10,17,0,12,7,25,330,86.0,0,62,0.0,0.0,80.4,26.9,82.3,1014.8,0.4,3.7,2.3,26.9,NE,-3.49,-3.66,-2.89
448063,2016-07-01,2016,DET,2016-07-01 19:10:00,19,2,10,12,3,22,5,18,314,80.6,1,50,0.02,0.1667,81.0,27.2,85.0,1015.7,0.0,4.0,2.5,321.1,NW,-0.42,-1.76,0.96
448078,2016-07-02,2016,DET,2016-07-02 16:10:00,16,2,3,5,1,15,6,10,284,82.5,0,46,0.0,0.1,82.0,27.8,81.7,1016.8,0.2,8.2,5.1,126.5,SE,-1.22,1.63,-3.92
448093,2016-07-03,2016,DET,2016-07-03 13:10:00,13,1,5,6,1,22,9,14,296,83.2,3,44,0.0682,0.0714,85.9,30.0,73.3,1018.0,0.0,5.1,3.1,238.4,SW,4.93,4.23,5.03
448108,2016-07-04,2016,LAA,2016-07-04 13:10:00,13,4,2,6,3,12,5,15,295,82.9,3,54,0.0556,0.2,86.7,30.4,76.3,1018.6,1.3,7.8,4.8,228.7,SW,7.78,7.14,7.49
448123,2016-07-05,2016,LAA,2016-07-05 19:10:00,19,5,13,18,3,13,4,30,323,85.7,3,69,0.0435,0.1,84.8,29.3,79.0,1018.0,0.0,5.9,3.6,333.0,NW,-1.81,-3.61,0.2
448138,2016-07-06,2016,LAA,2016-07-06 19:10:00,19,2,7,9,2,13,6,18,316,82.9,4,57,0.0702,0.1111,85.4,29.7,77.7,1017.2,0.0,5.6,3.5,340.0,N,-2.35,-3.94,-0.48
448148,2016-07-07,2016,LAA,2016-07-07 12:10:00,12,1,5,6,1,23,7,13,294,85.5,3,44,0.0682,0.0769,85.5,29.7,75.7,1018.5,2.2,5.5,3.4,285.3,W,2.71,0.92,4.17
448203,2016-07-15,2016,BAL,2016-07-15 19:10:00,19,3,4,7,2,13,8,16,296,83.7,4,55,0.0727,0.125,83.0,28.3,77.3,1015.4,0.5,7.1,4.4,10.4,N,-5.82,-6.84,-4.09
448218,2016-07-16,2016,BAL,2016-07-16 18:10:00,18,1,2,3,1,8,5,11,231,83.4,5,55,0.0909,0.0909,81.9,27.7,80.7,1016.9,0.6,5.5,3.4,155.7,SE,1.94,3.57,0.07
448233,2016-07-17,2016,BAL,2016-07-17 13:10:00,13,5,2,7,5,19,5,14,261,82.8,4,45,0.0889,0.3571,88.8,31.6,58.0,1018.6,0.0,8.1,5.0,95.7,E,-5.13,-2.68,-6.97
448401,2016-07-29,2016,NYY,2016-07-29 19:10:00,19,5,1,6,2,13,7,17,291,86.4,5,55,0.0909,0.1176,82.4,28.0,82.7,1014.8,0.0,3.7,2.3,150.8,SE,1.0,2.15,-0.27
448416,2016-07-30,2016,NYY,2016-07-30 18:10:00,18,6,3,9,5,15,4,12,282,85.2,4,45,0.0889,0.4167,80.9,27.2,87.0,1014.5,0.0,2.8,1.7,308.0,NW,0.34,-0.62,1.25
448431,2016-07-31,2016,NYY,2016-07-31 13:10:00,13,5,3,8,2,23,9,15,287,83.2,2,40,0.05,0.1333,86.6,30.3,69.0,1015.5,0.0,5.4,3.4,142.3,SE,0.68,2.47,-1.19
448439,2016-08-01,2016,KC,2016-08-01 19:10:00,19,0,3,3,1,24,2,10,259,84.9,3,39,0.0769,0.1,85.0,29.4,74.0,1016.4,0.0,4.5,2.8,29.9,NE,-4.34,-4.48,-3.68
448448,2016-08-02,2016,KC,2016-08-02 19:10:00,19,2,3,5,1,18,5,18,299,84.0,1,52,0.0192,0.0556,79.9,26.6,85.3,1015.5,6.3,5.2,3.2,90.0,E,-3.68,-2.2,-4.71
448463,2016-08-03,2016,KC,2016-08-03 19:10:00,19,12,0,12,3,15,10,16,329,82.2,2,53,0.0377,0.1875,81.7,27.6,81.7,1013.6,3.4,5.6,3.5,151.0,SE,1.55,3.31,-0.39
448478,2016-08-04,2016,KC,2016-08-04 12:10:00,12,3,2,5,2,26,8,13,275,82.3,3,38,0.0789,0.1538,82.8,28.2,81.0,1015.0,2.9,10.6,6.6,235.0,SW,10.41,9.15,10.41
448497,2016-08-05,2016,MIN,2016-08-05 19:10:00,19,2,6,8,3,19,3,17,297,87.5,5,53,0.0943,0.1765,79.8,26.6,86.0,1013.1,0.0,3.6,2.2,151.9,SE,1.04,2.16,-0.2
448512,2016-08-06,2016,MIN,2016-08-06 18:10:00,18,7,3,10,3,17,7,17,323,83.9,2,51,0.0392,0.1765,80.6,27.0,72.7,1011.9,0.2,2.6,1.6,249.2,W,2.4,1.89,2.63
448527,2016-08-07,2016,MIN,2016-08-07 13:10:00,13,3,6,9,4,15,7,20,323,86.8,5,58,0.0862,0.2,81.8,27.7,80.3,1012.9,2.2,13.2,8.2,238.7,SW,12.83,10.99,13.12
448631,2016-08-15,2016,SD,2016-08-15 19:10:00,19,8,2,10,4,10,10,11,287,84.0,7,50,0.14,0.3636,81.3,27.4,81.3,1016.9,0.0,11.7,7.3,63.2,NE,-11.14,-9.21,-11.73
448645,2016-08-16,2016,SD,2016-08-16 19:10:00,19,15,1,16,5,20,7,23,318,84.9,4,54,0.0741,0.2174,79.9,26.6,84.3,1017.3,0.0,10.8,6.7,58.7,NE,-10.49,-8.99,-10.73
448660,2016-08-17,2016,SD,2016-08-17 13:10:00,13,2,0,2,1,17,2,11,240,87.0,2,45,0.0444,0.0909,87.3,30.7,67.3,1016.9,0.0,13.3,8.3,79.3,E,-11.01,-7.77,-12.92
448689,2016-08-19,2016,TEX,2016-08-19 19:10:00,19,2,6,8,4,22,6,17,294,79.3,5,49,0.102,0.2353,81.1,27.3,88.7,1013.8,0.1,5.0,3.1,318.0,NW,-0.26,-1.97,1.47
448704,2016-08-20,2016,TEX,2016-08-20 18:10:00,18,8,2,10,4,13,3,21,290,83.0,4,57,0.0702,0.1905,84.0,28.9,74.7,1012.2,0.0,6.5,4.0,275.7,W,4.12,2.15,5.59
448719,2016-08-21,2016,TEX,2016-08-21 13:10:00,13,8,4,12,4,17,6,15,299,81.5,5,49,0.102,0.2667,86.1,30.0,74.3,1014.8,0.2,11.4,7.1,270.4,W,7.99,4.74,10.27
448723,2016-08-22,2016,BOS,2016-08-22 19:10:00,19,2,6,8,2,17,10,14,322,82.0,4,49,0.0816,0.1429,84.4,29.1,75.0,1017.0,0.0,6.9,4.3,310.3,NW,0.56,-1.83,2.88
448732,2016-08-23,2016,BOS,2016-08-23 19:10:00,19,1,2,3,0,25,6,11,303,83.7,1,35,0.0286,0.0,81.3,27.4,82.0,1017.8,1.2,8.6,5.3,21.0,N,-7.86,-8.58,-6.19
448748,2016-08-24,2016,BOS,2016-08-24 19:10:00,19,4,3,7,2,25,4,21,348,84.3,5,60,0.0833,0.0952,83.4,28.5,73.3,1016.0,0.0,12.0,7.5,67.7,E,-11.11,-8.85,-12.02
448763,2016-08-25,2016,BOS,2016-08-25 13:10:00,13,2,1,3,0,20,5,14,244,86.9,2,40,0.05,0.0,87.3,30.7,65.0,1013.3,0.5,17.8,11.1,53.3,NE,-17.65,-15.7,-17.46
448877,2016-09-02,2016,TOR,2016-09-02 19:10:00,19,8,3,11,3,19,7,14,305,85.8,4,48,0.0833,0.2143,81.1,27.3,83.0,1013.3,0.0,11.4,7.1,203.7,SW,10.65,11.43,8.58
448892,2016-09-03,2016,TOR,2016-09-03 18:10:00,18,7,5,12,1,18,9,19,321,81.6,2,50,0.04,0.0526,80.9,27.2,86.3,1015.0,0.0,4.2,2.6,293.9,NW,1.5,0.08,2.74
448907,2016-09-04,2016,TOR,2016-09-04 13:10:00,13,3,5,8,1,23,6,18,348,82.5,3,48,0.0625,0.0556,85.2,29.6,73.3,1015.5,0.3,4.7,2.9,232.4,SW,4.69,4.2,4.62
448911,2016-09-05,2016,BAL,2016-09-05 13:10:00,13,3,7,10,2,16,3,11,258,86.5,2,49,0.0408,0.1818,82.6,28.1,80.0,1016.7,13.5,8.9,5.5,35.3,NE,-8.77,-8.76,-7.73
448926,2016-09-06,2016,BAL,2016-09-06 19:10:00,19,2,11,13,4,14,8,22,331,83.8,9,63,0.1429,0.1818,81.5,27.5,70.3,1017.9,0.0,9.3,5.8,82.7,E,-7.39,-4.99,-8.89
448941,2016-09-07,2016,BAL,2016-09-07 13:10:00,13,7,6,13,3,22,8,23,345,82.5,4,52,0.0769,0.1304,84.3,29.1,66.0,1018.2,0.2,11.7,7.3,73.3,E,-10.33,-7.8,-11.61
449125,2016-09-20,2016,NYY,2016-09-20 19:10:00,19,3,5,8,2,22,5,15,293,84.0,3,48,0.0625,0.1333,81.5,27.5,77.0,1012.4,0.0,6.5,4.1,343.8,N,-3.14,-4.91,-0.99
449140,2016-09-21,2016,NYY,2016-09-21 19:10:00,19,5,11,16,8,15,5,25,315,84.1,7,63,0.1111,0.32,79.5,26.4,84.0,1012.9,0.6,7.0,4.3,36.3,NE,-6.89,-6.83,-6.11
449152,2016-09-22,2016,NYY,2016-09-22 19:10:00,19,2,0,2,1,18,5,15,265,82.6,1,45,0.0222,0.0667,80.4,26.9,82.0,1012.6,0.0,5.1,3.2,13.2,N,-4.36,-5.03,-3.18
449158,2016-09-23,2016,BOS,2016-09-23 19:10:00,19,1,2,3,2,16,7,15,293,84.9,4,51,0.0784,0.1333,81.3,27.4,78.0,1013.3,0.0,6.3,3.9,1.4,N,-4.54,-5.74,-2.79
449173,2016-09-24,2016,BOS,2016-09-24 18:10:00,18,4,6,10,2,19,3,19,293,82.5,3,51,0.0588,0.1053,81.0,27.2,77.7,1014.1,2.0,11.4,7.1,113.2,SE,-4.25,-0.36,-7.62
449188,2016-09-25,2016,BOS,2016-09-25 13:10:00,13,2,3,5,1,31,9,15,394,80.5,0,40,0.0,0.0667,84.3,29.0,73.7,1013.3,0.2,2.5,1.6,76.0,E,-2.17,-1.59,-2.49
490106,2017-04-02,2017,NYY,2017-04-02 13:10:00,13,7,3,10,2,18,4,22,284,84.3,2,56,0.0357,0.0909,82.6,28.1,58.0,1014.5,0.0,11.5,7.1,230.1,SW,11.42,10.38,11.08
490116,2017-04-04,2017,NYY,2017-04-04 19:10:00,19,0,5,5,2,13,6,14,312,79.1,2,55,0.0364,0.1429,75.4,24.1,89.7,1013.3,0.0,9.4,5.9,130.8,SE,-0.7,2.56,-3.87
490128,2017-04-05,2017,NYY,2017-04-05 19:10:00,19,4,1,5,2,16,4,16,282,83.2,1,48,0.0208,0.125,75.5,24.2,92.0,1012.6,0.1,15.3,9.5,214.7,SW,15.05,15.08,13.21
490147,2017-04-06,2017,TOR,2017-04-06 19:10:00,19,2,5,7,1,15,8,13,260,82.2,3,48,0.0625,0.0769,66.8,19.3,51.3,1014.1,0.0,24.0,14.9,298.7,NW,6.75,-1.53,14.22
490161,2017-04-07,2017,TOR,2017-04-07 19:10:00,19,10,8,18,3,21,12,24,358,84.6,5,54,0.0926,0.125,64.4,18.0,40.7,1016.3,0.0,18.6,11.6,313.0,NW,0.65,-5.76,6.98
490176,2017-04-08,2017,TOR,2017-04-08 18:10:00,18,3,2,5,0,21,13,13,334,82.0,1,55,0.0182,0.0,66.6,19.2,31.3,1015.7,0.0,20.3,12.6,322.7,NW,-2.71,-9.43,4.34
490191,2017-04-09,2017,TOR,2017-04-09 13:10:00,13,7,2,9,4,12,6,12,306,81.1,1,49,0.0204,0.3333,80.1,26.7,20.0,1017.7,0.0,7.4,4.6,13.7,N,-6.3,-7.23,-4.61
490301,2017-04-18,2017,DET,2017-04-18 19:10:00,19,5,1,6,2,18,6,13,292,82.6,2,46,0.0435,0.1538,75.5,24.2,69.0,1017.6,0.1,7.5,4.7,283.7,W,3.9,1.47,5.85
490316,2017-04-19,2017,DET,2017-04-19 19:10:00,19,8,7,15,0,22,9,23,328,84.5,1,50,0.02,0.0,77.1,25.0,63.0,1018.5,0.3,13.2,8.2,133.3,SE,-0.38,4.14,-4.86
490329,2017-04-20,2017,DET,2017-04-20 13:10:00,13,8,1,9,4,15,5,16,288,84.8,8,52,0.1538,0.25,85.2,29.6,35.0,1016.3,0.0,17.9,11.1,94.0,E,-11.72,-6.4,-15.63
490341,2017-04-21,2017,HOU,2017-04-21 19:10:00,19,3,6,9,4,17,4,19,286,83.9,7,53,0.1321,0.2105,73.4,23.0,71.3,1012.5,0.0,14.7,9.2,301.7,NW,3.4,-1.71,8.1
490356,2017-04-22,2017,HOU,2017-04-22 18:10:00,18,6,3,9,2,16,7,16,268,83.3,2,49,0.0408,0.125,75.0,23.9,75.7,1010.1,0.0,8.4,5.2,279.0,W,4.91,2.3,6.93
490371,2017-04-23,2017,HOU,2017-04-23 13:10:00,13,4,6,10,3,16,8,19,325,81.8,3,59,0.0508,0.1579,84.1,28.9,48.3,1007.1,0.0,6.3,3.9,260.2,W,5.17,3.61,6.11
490507,2017-05-03,2017,MIA,2017-05-03 19:10:00,19,6,10,16,2,19,7,25,360,81.7,3,61,0.0492,0.08,76.5,24.7,75.7,1013.0,0.5,15.6,9.7,106.7,E,-7.39,-2.26,-11.63
490522,2017-05-04,2017,MIA,2017-05-04 19:10:00,19,5,1,6,2,16,10,14,325,80.8,3,49,0.0612,0.1429,74.9,23.8,88.0,1006.5,0.1,16.7,10.4,174.3,S,10.56,14.34,5.52
490542,2017-05-05,2017,TOR,2017-05-05 19:10:00,19,4,8,12,5,25,8,16,328,83.1,6,45,0.1333,0.3125,70.6,21.4,51.3,1007.6,0.0,30.9,19.2,265.0,W,23.69,15.45,29.06
490572,2017-05-07,2017,TOR,2017-05-07 13:10:00,13,1,2,3,1,16,4,7,241,80.3,1,45,0.0222,0.1429,80.2,26.8,41.3,1014.0,0.0,12.8,8.0,313.7,NW,0.3,-4.1,4.66
490576,2017-05-08,2017,KC,2017-05-08 19:10:00,19,3,7,10,2,23,5,22,321,84.9,2,50,0.04,0.0909,74.5,23.6,54.3,1014.5,0.0,17.7,11.0,326.7,NW,-3.58,-9.3,2.56
490588,2017-05-09,2017,KC,2017-05-09 19:10:00,19,6,7,13,4,23,13,24,385,81.0,4,68,0.0588,0.1667,77.3,25.2,64.3,1014.7,0.0,13.7,8.5,312.7,NW,0.56,-4.16,5.21
490604,2017-05-10,2017,KC,2017-05-10 19:10:00,19,12,1,13,3,20,3,24,253,85.1,4,53,0.0755,0.125,77.8,25.4,57.3,1015.4,0.0,13.0,8.1,304.0,NW,2.49,-2.04,6.71
490617,2017-05-11,2017,KC,2017-05-11 13:10:00,13,0,6,6,1,14,5,12,289,80.4,3,48,0.0625,0.0833,87.3,30.7,39.3,1014.3,0.0,17.4,10.8,279.0,W,10.2,4.78,14.39
490727,2017-05-19,2017,NYY,2017-05-19 19:10:00,19,5,4,9,1,20,7,19,277,79.0,2,47,0.0426,0.0526,74.4,23.5,88.7,1014.7,6.2,6.7,4.2,218.4,SW,6.66,6.52,5.99
490742,2017-05-20,2017,NYY,2017-05-20 16:10:00,16,9,5,14,5,19,7,19,338,82.3,7,51,0.1373,0.2632,84.4,29.1,65.7,1013.7,0.0,19.2,11.9,220.7,SW,19.15,18.49,17.5
490757,2017-05-21,2017,NYY,2017-05-21 13:10:00,13,2,3,5,2,28,5,11,304,82.4,0,37,0.0,0.1818,86.7,30.4,55.7,1016.7,0.0,12.0,7.4,250.0,W,10.85,8.46,11.92
490768,2017-05-22,2017,LAA,2017-05-22 19:10:00,19,2,3,5,3,20,11,12,318,82.1,2,42,0.0476,0.25,79.1,26.2,79.0,1013.3,0.0,6.2,3.9,231.0,SW,6.2,5.6,6.05
490777,2017-05-23,2017,LAA,2017-05-23 19:10:00,19,0,4,4,2,16,7,12,262,82.0,2,46,0.0435,0.1667,78.9,26.0,85.3,1008.9,0.2,20.3,12.6,199.3,S,18.27,20.17,14.16
490792,2017-05-24,2017,LAA,2017-05-24 19:10:00,19,5,2,7,4,17,6,11,263,85.4,5,43,0.1163,0.3636,77.6,25.3,82.0,1004.5,7.2,32.8,20.4,226.3,SW,32.79,30.55,31.07
490807,2017-05-25,2017,LAA,2017-05-25 13:10:00,13,4,0,4,0,11,6,15,263,82.7,1,53,0.0189,0.0,79.0,26.1,56.0,1010.2,0.0,14.9,9.2,287.0,W,6.98,2.07,11.05
490965,2017-06-06,2017,CWS,2017-06-06 19:10:00,19,2,4,6,3,24,9,14,328,85.8,2,42,0.0476,0.2143,78.9,26.0,82.0,1005.8,0.0,12.0,7.4,181.0,S,8.61,10.93,5.25
490980,2017-06-07,2017,CWS,2017-06-07 19:10:00,19,3,1,4,0,17,5,10,267,82.3,3,44,0.0682,0.0,77.8,25.5,86.0,1004.3,1.6,18.9,11.8,214.0,SW,18.59,18.7,16.23
490995,2017-06-08,2017,CWS,2017-06-08 19:10:00,19,7,5,12,6,15,5,22,299,83.6,4,55,0.0727,0.2727,77.1,25.1,81.7,1007.3,0.0,8.9,5.6,350.7,N,-5.21,-7.38,-2.41
491016,2017-06-09,2017,ATH,2017-06-09 19:10:00,19,13,4,17,6,16,6,21,324,81.6,6,56,0.1071,0.2857,79.0,26.1,83.0,1011.7,0.0,7.3,4.6,298.0,NW,2.14,-0.38,4.41
491031,2017-06-10,2017,ATH,2017-06-10 14:10:00,14,6,5,11,0,23,4,27,339,82.4,1,59,0.0169,0.0,81.1,27.3,80.7,1015.4,0.5,15.9,9.9,198.0,S,14.19,15.81,10.86
491032,2017-06-10,2017,ATH,2017-06-10 14:15:00,14,2,7,9,4,21,3,22,295,83.7,6,53,0.1132,0.1818,81.1,27.3,80.7,1015.4,0.5,15.9,9.9,198.0,S,14.19,15.81,10.86
491047,2017-06-11,2017,ATH,2017-06-11 13:10:00,13,5,4,9,1,18,6,21,311,85.0,3,51,0.0588,0.0476,85.9,29.9,69.7,1017.6,0.0,7.6,4.7,119.0,SE,-2.09,0.53,-4.45
491146,2017-06-19,2017,CIN,2017-06-19 19:10:00,19,3,7,10,4,16,7,16,301,81.3,5,52,0.0962,0.25,78.0,25.5,91.0,1013.8,0.8,9.5,5.9,74.3,E,-8.25,-6.17,-9.34
491159,2017-06-20,2017,CIN,2017-06-20 19:10:00,19,6,5,11,3,19,7,21,315,83.0,3,52,0.0577,0.1429,80.3,26.8,86.0,1012.6,0.6,11.2,7.0,104.0,E,-5.77,-2.14,-8.7
491174,2017-06-21,2017,CIN,2017-06-21 12:10:00,12,8,3,11,3,20,10,19,293,80.8,2,47,0.0426,0.1579,86.8,30.5,72.7,1014.0,0.1,15.4,9.6,173.9,S,9.69,13.21,4.99
491198,2017-06-23,2017,BAL,2017-06-23 19:10:00,19,15,5,20,3,10,10,21,303,84.3,5,63,0.0794,0.1429,81.5,27.5,82.3,1013.8,0.0,7.3,4.6,293.4,NW,2.7,0.21,4.87
491213,2017-06-24,2017,BAL,2017-06-24 16:10:00,16,3,8,11,5,19,8,18,303,78.9,6,50,0.12,0.2778,84.1,29.0,74.0,1014.7,0.0,9.8,6.1,226.3,SW,9.76,9.1,9.25
491228,2017-06-25,2017,BAL,2017-06-25 13:10:00,13,5,8,13,4,19,6,23,313,86.2,3,54,0.0556,0.1739,85.7,29.8,70.3,1016.7,0.3,7.2,4.5,249.3,W,6.53,5.13,7.15
491381,2017-07-06,2017,BOS,2017-07-06 19:10:00,19,4,1,5,2,19,5,14,276,80.9,2,44,0.0455,0.1429,84.8,29.3,73.0,1017.1,0.2,8.6,5.3,330.6,NW,-2.31,-5.0,0.66
491391,2017-07-07,2017,BOS,2017-07-07 19:10:00,19,3,8,11,4,21,10,21,329,83.1,6,51,0.1176,0.1905,83.1,28.4,77.3,1016.1,0.0,4.3,2.7,279.4,W,2.49,1.15,3.52
491406,2017-07-08,2017,BOS,2017-07-08 16:10:00,16,1,0,1,0,11,3,9,256,80.5,3,50,0.06,0.0,83.4,28.6,75.0,1015.2,0.1,8.7,5.4,226.0,SW,8.7,8.12,8.23
491421,2017-07-09,2017,BOS,2017-07-09 13:10:00,13,5,3,8,3,16,8,16,286,81.3,1,50,0.02,0.1875,81.9,27.7,83.7,1016.1,1.0,9.6,6.0,195.9,S,8.39,9.48,6.29
491544,2017-07-21,2017,TEX,2017-07-21 19:10:00,19,3,4,7,5,17,4,13,267,78.5,6,55,0.1091,0.3846,78.7,25.9,85.7,1015.9,3.4,7.8,4.8,249.0,W,7.12,5.61,7.78
491559,2017-07-22,2017,TEX,2017-07-22 19:10:00,19,3,4,7,1,19,5,12,272,78.1,2,47,0.0426,0.0833,80.0,26.7,84.3,1015.8,3.0,6.3,3.9,177.6,S,4.24,5.56,2.41
491574,2017-07-23,2017,TEX,2017-07-23 13:10:00,13,5,6,11,4,25,13,14,355,79.6,4,42,0.0952,0.2857,81.9,27.7,78.0,1015.2,0.4,13.5,8.4,205.3,SW,12.74,13.53,10.42
491578,2017-07-24,2017,BAL,2017-07-24 19:10:00,19,0,5,5,1,15,6,15,294,77.3,1,51,0.0196,0.0667,82.6,28.1,79.3,1016.1,0.0,9.1,5.7,309.0,NW,0.95,-2.2,3.99
491590,2017-07-25,2017,BAL,2017-07-25 19:10:00,19,5,4,9,2,10,8,16,263,83.2,2,54,0.037,0.125,84.5,29.2,71.0,1017.0,0.0,9.4,5.9,315.7,NW,-0.11,-3.33,3.12
491605,2017-07-26,2017,BAL,2017-07-26 12:10:00,12,5,1,6,3,20,4,14,264,80.9,3,41,0.0732,0.2143,90.9,32.7,54.3,1016.6,0.0,7.6,4.7,220.7,SW,7.55,7.29,6.9
491729,2017-08-04,2017,MIL,2017-08-04 19:10:00,19,0,2,2,1,24,5,14,274,78.0,1,41,0.0244,0.0714,82.9,28.3,83.0,1017.0,0.0,7.5,4.7,315.9,NW,-0.12,-2.69,2.46
491744,2017-08-05,2017,MIL,2017-08-05 18:10:00,18,0,3,3,1,17,6,11,313,78.4,1,47,0.0213,0.0909,83.9,28.8,77.3,1015.4,0.2,3.9,2.4,319.8,NW,-0.33,-1.64,1.02
491759,2017-08-06,2017,MIL,2017-08-06 13:10:00,13,2,1,3,2,18,5,13,243,78.0,2,42,0.0476,0.1538,89.5,31.9,56.3,1015.6,0.0,6.4,4.0,118.3,SE,-1.83,0.36,-3.81
491777,2017-08-08,2017,BOS,2017-08-08 19:10:00,19,0,2,2,0,23,2,14,273,78.4,0,44,0.0,0.0,82.9,28.3,80.3,1014.1,0.2,4.9,3.0,34.6,NE,-4.82,-4.83,-4.23
491792,2017-08-09,2017,BOS,2017-08-09 19:10:00,19,2,8,10,2,14,6,13,286,78.0,1,52,0.0192,0.1538,83.5,28.6,79.3,1015.9,0.1,14.4,9.0,11.3,N,-12.01,-14.02,-8.55
491807,2017-08-10,2017,CLE,2017-08-10 19:10:00,19,4,1,5,1,20,6,14,275,78.1,1,43,0.0233,0.0714,80.5,27.0,86.0,1016.1,3.1,11.7,7.2,324.2,NW,-1.86,-5.69,2.19
491823,2017-08-11,2017,CLE,2017-08-11 19:10:00,19,0,5,5,1,21,7,10,266,82.7,2,43,0.0465,0.1,80.7,27.1,89.0,1014.5,0.0,7.7,4.8,201.8,S,7.11,7.72,5.64
491838,2017-08-12,2017,CLE,2017-08-12 18:10:00,18,0,3,3,0,27,4,11,297,79.2,2,35,0.0571,0.0,80.1,26.7,88.0,1012.9,2.1,7.5,4.7,275.8,W,4.76,2.47,6.47
491853,2017-08-13,2017,CLE,2017-08-13 13:10:00,13,3,4,7,3,21,6,12,281,78.3,3,43,0.0698,0.25,84.0,28.9,80.0,1013.7,0.4,8.7,5.4,236.4,SW,8.53,7.42,8.6
491924,2017-08-18,2017,SEA,2017-08-18 19:10:00,19,1,7,8,1,16,5,18,278,80.8,6,54,0.1111,0.0556,82.0,27.8,82.0,1014.3,0.0,6.8,4.2,61.0,NE,-6.54,-5.5,-6.78
491939,2017-08-19,2017,SEA,2017-08-19 18:10:00,18,6,7,13,5,19,8,19,323,82.6,4,53,0.0755,0.2632,85.0,29.4,71.7,1012.1,0.0,7.6,4.7,341.3,N,-3.37,-5.5,-0.84
491954,2017-08-20,2017,SEA,2017-08-20 13:10:00,13,3,0,3,2,18,7,8,259,79.8,2,39,0.0513,0.25,88.3,31.3,58.3,1014.8,0.0,16.9,10.5,102.0,E,-9.22,-3.81,-13.52
491979,2017-08-22,2017,TOR,2017-08-22 19:10:00,19,6,5,11,4,16,5,19,279,82.9,4,54,0.0741,0.2105,88.6,31.5,56.7,1013.1,0.0,17.5,10.9,60.0,NE,-16.94,-14.37,-17.47
491994,2017-08-23,2017,TOR,2017-08-23 19:10:00,19,6,7,13,9,16,5,23,309,81.5,7,59,0.1186,0.3913,79.3,26.3,89.7,1010.1,0.7,15.5,9.6,91.3,E,-10.68,-6.21,-13.86
492006,2017-08-24,2017,TOR,2017-08-24 13:10:00,13,2,0,2,1,21,5,11,314,80.9,2,41,0.0488,0.0909,88.7,31.5,56.3,1009.2,0.6,10.8,6.7,121.7,SE,-2.49,1.26,-5.93
492155,2017-09-04,2017,MIN,2017-09-04 19:10:00,19,11,4,15,3,21,8,18,311,80.8,1,47,0.0213,0.1667,80.8,27.1,83.3,1014.5,0.0,4.3,2.7,46.9,NE,-4.3,-3.99,-4.09
492170,2017-09-05,2017,MIN,2017-09-05 19:10:00,19,2,1,3,2,13,3,10,232,81.8,4,47,0.0851,0.2,81.3,27.4,82.0,1012.2,1.1,4.9,3.0,357.6,N,-3.32,-4.35,-1.88
492185,2017-09-06,2017,MIN,2017-09-06 13:10:00,13,6,10,16,5,20,7,20,310,79.4,4,51,0.0784,0.25,83.7,28.7,75.3,1011.5,0.1,2.5,1.6,215.3,SW,2.5,2.49,2.2
492251,2017-09-11,2017,NYY,2017-09-11 19:10:00,19,1,5,6,1,23,9,12,333,80.6,2,42,0.0476,0.0833,77.9,25.5,75.7,1003.8,0.0,22.0,13.7,257.0,W,18.66,13.54,21.52
492264,2017-09-12,2017,NYY,2017-09-12 19:10:00,19,2,1,3,2,19,3,8,226,78.2,2,39,0.0513,0.25,77.4,25.2,82.7,1009.9,0.0,6.0,3.7,334.4,NW,-1.98,-3.79,0.06
492279,2017-09-13,2017,NYY,2017-09-13 13:10:00,13,2,3,5,1,20,7,19,340,81.2,0,52,0.0,0.0526,83.7,28.7,63.3,1011.5,0.0,7.7,4.8,226.2,SW,7.67,7.15,7.26
492298,2017-09-15,2017,BOS,2017-09-15 19:10:00,19,6,13,19,5,37,12,34,554,82.0,6,87,0.069,0.1471,79.0,26.1,90.0,1013.4,0.9,10.8,6.7,26.6,NE,-10.21,-10.76,-8.43
492313,2017-09-16,2017,BOS,2017-09-16 18:10:00,18,1,3,4,1,13,2,12,265,80.9,3,52,0.0577,0.0833,80.7,27.0,83.7,1013.3,1.7,16.3,10.1,31.6,NE,-15.86,-16.19,-13.61
492328,2017-09-17,2017,BOS,2017-09-17 13:10:00,13,3,2,5,2,17,3,11,262,82.9,2,45,0.0444,0.1818,85.8,29.9,59.7,1013.3,0.0,15.6,9.7,10.5,N,-12.88,-15.14,-9.08
492350,2017-09-19,2017,CHC,2017-09-19 19:10:00,19,1,2,3,2,20,1,7,260,83.4,3,40,0.075,0.2857,81.3,27.4,72.0,1012.3,0.0,12.9,8.0,91.7,E,-8.83,-5.09,-11.5
492365,2017-09-20,2017,CHC,2017-09-20 19:10:00,19,8,1,9,1,15,11,15,313,80.2,1,47,0.0213,0.0667,81.5,27.5,72.0,1013.1,0.1,15.8,9.8,97.7,E,-9.55,-4.68,-13.26
492486,2017-09-29,2017,BAL,2017-09-29 19:10:00,19,7,0,7,2,19,12,11,306,77.6,2,40,0.05,0.1818,77.7,25.4,91.0,1012.2,4.2,6.3,3.9,101.7,E,-3.48,-1.46,-5.08
492501,2017-09-30,2017,BAL,2017-09-30 18:10:00,18,4,3,7,1,16,6,17,281,79.6,1,51,0.0196,0.0588,77.9,25.5,90.0,1011.3,0.2,8.8,5.4,352.9,N,-5.39,-7.43,-2.7
492516,2017-10-01,2017,BAL,2017-10-01 15:10:00,15,6,0,6,1,28,4,13,275,79.3,2,36,0.0556,0.0769,80.2,26.8,79.7,1011.8,1.4,20.1,12.5,75.7,E,-17.26,-12.72,-19.72
529406,2018-03-29,2018,BOS,2018-03-29 16:00:00,16,6,4,10,1,17,9,12,277,80.7,4,44,0.0909,0.0833,76.3,24.6,57.0,1014.7,0.0,27.6,17.2,207.7,SW,26.38,27.6,21.97
529421,2018-03-30,2018,BOS,2018-03-30 19:10:00,19,0,1,1,0,15,3,11,248,81.5,0,47,0.0,0.0,72.2,22.3,85.3,1017.0,0.5,6.1,3.8,319.0,NW,-0.43,-2.47,1.67
529430,2018-03-31,2018,BOS,2018-03-31 18:10:00,18,2,3,5,2,12,9,15,304,80.5,3,55,0.0545,0.1333,71.2,21.8,77.7,1017.1,0.0,16.5,10.2,45.4,NE,-16.47,-15.44,-15.51
529445,2018-04-01,2018,BOS,2018-04-01 13:10:00,13,1,2,3,1,15,6,14,284,84.3,2,53,0.0377,0.0714,80.1,26.7,55.7,1015.9,0.0,7.8,4.9,358.9,N,-5.43,-7.03,-3.17
529606,2018-04-13,2018,PHI,2018-04-13 19:10:00,19,1,2,3,0,21,6,11,268,82.5,1,43,0.0233,0.0,74.3,23.5,74.0,1016.0,0.0,7.2,4.5,292.1,W,2.79,0.36,4.88
529621,2018-04-14,2018,PHI,2018-04-14 18:10:00,18,4,9,13,1,7,6,21,268,82.9,3,65,0.0462,0.0476,76.5,24.7,74.3,1013.5,0.0,17.5,10.9,204.7,SW,16.38,17.47,13.32
529636,2018-04-15,2018,PHI,2018-04-15 13:10:00,13,4,10,14,2,18,8,19,335,81.5,5,56,0.0893,0.1053,75.6,24.2,85.3,1010.7,5.5,42.9,26.7,199.0,S,38.56,42.67,29.8
529652,2018-04-16,2018,TEX,2018-04-16 19:10:00,19,8,4,12,4,19,5,21,288,84.7,5,52,0.0962,0.1905,63.4,17.5,65.3,1017.1,0.0,17.2,10.7,292.3,W,6.62,0.8,11.63
529667,2018-04-17,2018,TEX,2018-04-17 19:10:00,19,2,7,9,2,13,6,19,262,83.7,3,58,0.0517,0.1053,65.3,18.5,56.7,1017.2,0.0,9.8,6.1,314.7,NW,0.06,-3.31,3.42
529681,2018-04-18,2018,TEX,2018-04-18 13:10:00,13,4,2,6,1,17,3,15,244,85.3,3,49,0.0612,0.0667,80.4,26.9,37.7,1017.7,0.0,9.3,5.8,257.7,W,7.85,5.66,9.1
529698,2018-04-20,2018,MIN,2018-04-20 19:10:00,19,8,7,15,3,23,10,18,312,83.4,3,51,0.0588,0.1667,72.6,22.5,78.3,1017.8,0.0,12.8,7.9,317.6,NW,-0.58,-4.91,3.82
529713,2018-04-21,2018,MIN,2018-04-21 18:10:00,18,10,1,11,3,15,2,21,282,85.6,1,53,0.0189,0.1429,78.1,25.6,63.3,1016.9,0.8,13.3,8.3,96.7,E,-8.25,-4.18,-11.32
529728,2018-04-22,2018,MIN,2018-04-22 13:10:00,13,8,6,14,4,22,7,23,331,82.9,3,49,0.0612,0.1739,80.1,26.7,64.3,1015.6,1.4,15.9,9.9,119.0,SE,-4.39,1.11,-9.37
529894,2018-05-04,2018,TOR,2018-05-04 19:10:00,19,6,2,8,3,16,5,14,288,83.0,3,48,0.0625,0.2143,77.3,25.2,69.0,1015.8,0.0,18.1,11.2,11.5,N,-15.09,-17.6,-10.76
529910,2018-05-05,2018,TOR,2018-05-05 18:10:00,18,5,3,8,2,13,8,13,279,83.1,1,51,0.0196,0.1538,77.3,25.2,75.0,1011.6,0.2,19.3,12.0,340.0,N,-8.17,-13.67,-1.69
529925,2018-05-06,2018,TOR,2018-05-06 13:10:00,13,1,2,3,1,15,6,15,283,82.5,3,50,0.06,0.0667,79.8,26.5,68.3,1011.7,0.4,12.7,7.9,309.3,NW,1.26,-3.13,5.51
529934,2018-05-08,2018,ATL,2018-05-08 19:10:00,19,0,1,1,1,17,9,9,303,79.5,1,44,0.0227,0.1111,77.4,25.2,66.0,1015.2,0.0,10.6,6.6,346.9,N,-5.58,-8.31,-2.18
529949,2018-05-09,2018,ATL,2018-05-09 19:10:00,19,2,5,7,1,23,1,14,290,80.4,1,46,0.0217,0.0714,78.7,26.0,63.7,1015.8,0.0,13.4,8.3,4.4,N,-10.18,-12.55,-6.59
530119,2018-05-22,2018,BOS,2018-05-22 19:10:00,19,2,4,6,3,16,7,13,288,83.8,3,47,0.0638,0.2308,75.1,24.0,89.3,1016.0,0.0,6.8,4.2,82.7,E,-5.38,-3.64,-6.48
530134,2018-05-23,2018,BOS,2018-05-23 19:10:00,19,1,4,5,0,24,9,8,291,80.7,1,35,0.0286,0.0,77.8,25.5,86.3,1016.2,0.2,12.9,8.0,315.6,NW,-0.13,-4.53,4.27
530147,2018-05-24,2018,BOS,2018-05-24 19:10:00,19,6,3,9,1,16,6,19,310,82.4,2,51,0.0392,0.0526,76.7,24.8,86.7,1015.4,4.0,6.5,4.0,204.2,SW,6.05,6.47,4.9
530156,2018-05-25,2018,BAL,2018-05-25 19:10:00,19,0,2,2,1,13,4,16,271,81.4,1,53,0.0189,0.0625,74.3,23.5,89.0,1012.8,1.2,10.7,6.6,124.3,SE,-1.97,1.73,-5.44
530171,2018-05-26,2018,BAL,2018-05-26 16:10:00,16,5,1,6,0,19,7,14,246,84.7,0,43,0.0,0.0,75.5,24.2,83.3,1008.8,0.2,17.0,10.6,106.3,E,-8.16,-2.56,-12.77
530186,2018-05-27,2018,BAL,2018-05-27 13:10:00,13,8,3,11,2,12,13,18,322,82.0,4,54,0.0741,0.1111,80.1,26.7,79.0,1003.4,0.7,34.1,21.2,164.2,S,16.67,25.85,5.48
530342,2018-06-07,2018,SEA,2018-06-07 19:10:00,19,4,5,9,3,14,4,18,256,84.2,3,55,0.0545,0.1667,78.5,25.8,83.3,1015.6,2.5,10.0,6.2,273.3,W,6.65,3.69,8.8
530356,2018-06-08,2018,SEA,2018-06-08 19:10:00,19,3,4,7,2,13,3,16,278,81.6,1,54,0.0185,0.125,78.1,25.6,80.7,1018.4,0.0,6.0,3.7,34.3,NE,-5.86,-5.89,-5.13
530371,2018-06-09,2018,SEA,2018-06-09 16:10:00,16,7,3,10,1,11,6,20,274,82.9,2,57,0.0351,0.05,83.5,28.6,65.7,1016.0,0.0,3.2,2.0,114.3,SE,-1.13,-0.04,-2.09
530386,2018-06-10,2018,SEA,2018-06-10 13:10:00,13,4,5,9,4,18,3,15,309,82.7,3,49,0.0612,0.2667,84.8,29.3,60.7,1014.8,0.3,8.1,5.0,270.6,W,5.64,3.33,7.27
530395,2018-06-11,2018,TOR,2018-06-11 19:10:00,19,8,4,12,2,16,5,17,262,85.6,2,50,0.04,0.1176,79.9,26.6,76.0,1014.3,0.0,8.2,5.1,296.3,NW,2.61,-0.19,5.1
530409,2018-06-12,2018,TOR,2018-06-12 19:10:00,19,4,1,5,1,11,6,12,253,86.7,5,50,0.1,0.0833,80.2,26.8,79.7,1015.7,0.4,5.1,3.2,7.3,N,-4.06,-4.89,-2.74
530424,2018-06-13,2018,TOR,2018-06-13 13:10:00,13,1,0,1,0,14,8,10,298,81.1,0,49,0.0,0.0,84.0,28.9,71.7,1016.8,0.8,6.5,4.0,188.0,S,5.19,6.22,3.54
530535,2018-06-22,2018,NYY,2018-06-22 19:10:00,19,2,1,3,0,14,10,15,295,81.2,2,49,0.0408,0.0,84.6,29.2,70.0,1012.7,0.2,12.2,7.6,276.4,W,7.6,3.89,10.39
530550,2018-06-23,2018,NYY,2018-06-23 16:10:00,16,4,0,4,1,18,5,13,267,83.6,2,44,0.0455,0.0769,88.3,31.3,54.3,1013.6,0.0,13.3,8.2,314.7,NW,0.08,-4.46,4.61
530565,2018-06-24,2018,NYY,2018-06-24 13:10:00,13,7,6,13,4,19,9,20,392,81.5,6,69,0.087,0.2,88.1,31.2,62.7,1015.2,0.4,10.1,6.3,0.1,N,-7.16,-9.16,-4.29
530583,2018-06-25,2018,WSH,2018-06-25 19:10:00,19,11,0,11,3,21,10,14,310,83.7,6,44,0.1364,0.2143,83.5,28.6,68.0,1016.3,0.1,9.4,5.8,189.0,S,7.58,9.0,5.24
530598,2018-06-26,2018,WSH,2018-06-26 12:10:00,12,1,0,1,0,17,8,8,273,81.1,2,41,0.0488,0.0,88.8,31.6,57.3,1017.1,0.0,12.9,8.0,205.3,SW,12.12,12.87,9.9
530616,2018-06-28,2018,HOU,2018-06-28 19:10:00,19,0,1,1,1,18,6,14,283,80.4,1,45,0.0222,0.0714,81.0,27.2,77.3,1015.0,0.1,6.8,4.2,260.1,W,5.54,3.87,6.53
530629,2018-06-29,2018,HOU,2018-06-29 19:10:00,19,3,2,5,1,13,6,8,261,82.4,4,47,0.0851,0.125,79.2,26.2,88.0,1014.0,0.6,7.7,4.8,121.8,SE,-1.75,0.91,-4.19
530644,2018-06-30,2018,HOU,2018-06-30 16:10:00,16,5,2,7,1,20,3,15,256,81.0,1,46,0.0217,0.0667,80.4,26.9,79.7,1013.8,0.6,17.0,10.5,173.0,S,10.45,14.39,5.24
530659,2018-07-01,2018,HOU,2018-07-01 13:10:00,13,3,2,5,3,24,4,13,258,79.7,3,39,0.0769,0.2308,85.6,29.8,70.3,1015.1,0.0,8.6,5.3,190.6,S,7.07,8.3,4.99
530763,2018-07-09,2018,DET,2018-07-09 19:10:00,19,10,9,19,1,16,9,30,361,79.1,3,71,0.0423,0.0333,82.5,28.1,74.3,1018.3,0.0,13.3,8.3,10.7,N,-11.01,-12.92,-7.77
530775,2018-07-10,2018,DET,2018-07-10 19:10:00,19,5,2,7,1,17,4,11,259,81.1,0,44,0.0,0.0909,86.0,30.0,65.7,1014.0,0.7,10.1,6.3,348.3,N,-5.53,-8.08,-2.32
530790,2018-07-11,2018,DET,2018-07-11 12:10:00,12,4,2,6,3,22,2,19,254,82.1,4,48,0.0833,0.1579,87.9,31.0,59.3,1014.9,0.6,8.5,5.3,35.6,NE,-8.42,-8.39,-7.44
530866,2018-07-20,2018,MIA,2018-07-20 19:10:00,19,5,6,11,2,18,8,16,304,81.9,1,52,0.0192,0.125,81.2,27.3,85.0,1013.1,0.2,11.1,6.9,259.7,W,9.1,6.4,10.71
530881,2018-07-21,2018,MIA,2018-07-21 18:10:00,18,2,3,5,3,19,5,12,291,80.9,3,46,0.0652,0.25,85.0,29.4,72.7,1011.1,0.0,11.7,7.2,238.1,SW,11.36,9.77,11.58
530896,2018-07-22,2018,MIA,2018-07-22 13:10:00,13,6,4,10,1,22,3,16,303,83.4,2,48,0.0417,0.0625,88.4,31.3,68.3,1010.2,0.7,24.7,15.4,260.7,W,20.09,13.95,23.81
530910,2018-07-23,2018,NYY,2018-07-23 19:10:00,19,7,6,13,2,21,6,22,306,83.6,2,52,0.0385,0.0909,79.6,26.5,80.0,1009.7,0.1,9.9,6.2,297.0,NW,3.06,-0.35,6.1
530924,2018-07-24,2018,NYY,2018-07-24 19:10:00,19,0,4,4,0,19,2,11,233,83.2,0,43,0.0,0.0,81.5,27.5,78.7,1011.5,1.0,10.1,6.3,264.0,W,7.88,5.22,9.58
530938,2018-07-25,2018,NYY,2018-07-25 12:10:00,12,3,2,5,2,18,2,14,272,82.2,2,48,0.0417,0.1429,84.3,29.0,73.3,1013.0,0.8,19.5,12.1,210.3,SW,18.86,19.42,16.04
531017,2018-07-31,2018,LAA,2018-07-31 19:10:00,19,10,6,16,3,16,7,26,316,82.5,2,57,0.0351,0.1154,78.6,25.9,86.3,1016.1,0.0,11.7,7.3,81.9,E,-9.38,-6.41,-11.23
531032,2018-08-01,2018,LAA,2018-08-01 19:10:00,19,7,2,9,3,18,11,15,295,82.9,3,46,0.0652,0.2,81.0,27.2,83.3,1015.6,2.7,6.8,4.2,256.4,W,5.78,4.23,6.63
531042,2018-08-02,2018,LAA,2018-08-02 13:10:00,13,4,2,6,0,20,2,9,263,79.6,1,40,0.025,0.0,84.2,29.0,76.3,1015.6,0.8,9.8,6.1,194.3,S,8.45,9.66,6.23
531051,2018-08-03,2018,CWS,2018-08-03 19:10:00,19,2,3,5,1,24,9,11,329,82.1,2,41,0.0488,0.0909,81.0,27.2,80.0,1016.9,3.6,5.0,3.1,79.8,E,-4.13,-2.9,-4.87
531066,2018-08-04,2018,CWS,2018-08-04 18:10:00,18,1,2,3,1,17,10,8,268,78.9,2,39,0.0513,0.125,86.2,30.1,59.0,1016.8,0.0,15.8,9.8,90.3,E,-11.13,-6.61,-14.31
531081,2018-08-05,2018,CWS,2018-08-05 13:10:00,13,7,8,15,4,21,12,21,349,83.9,6,52,0.1154,0.1905,86.4,30.2,70.3,1018.4,0.3,10.0,6.2,95.2,E,-6.42,-3.4,-8.67
531105,2018-08-07,2018,BAL,2018-08-07 19:10:00,19,4,3,7,3,19,6,13,288,82.4,3,44,0.0682,0.2308,83.4,28.6,73.3,1015.5,0.0,5.7,3.6,354.5,N,-3.64,-4.94,-1.91
531120,2018-08-08,2018,BAL,2018-08-08 19:10:00,19,4,5,9,3,13,3,14,276,83.6,3,57,0.0526,0.2143,85.3,29.6,68.7,1017.0,0.0,7.7,4.8,230.0,SW,7.64,6.95,7.41
531134,2018-08-09,2018,BAL,2018-08-09 19:10:00,19,5,4,9,2,14,6,14,280,83.3,4,47,0.0851,0.1429,85.6,29.8,67.3,1016.9,0.0,8.3,5.1,261.6,W,6.63,4.55,7.92
531284,2018-08-20,2018,KC,2018-08-20 19:10:00,19,1,0,1,0,17,6,14,275,79.8,0,45,0.0,0.0,82.8,28.2,74.3,1017.3,0.0,8.7,5.4,166.0,S,4.48,6.76,1.66
531294,2018-08-21,2018,KC,2018-08-21 19:10:00,19,4,1,5,2,26,5,22,317,82.2,3,45,0.0667,0.0909,83.9,28.8,73.7,1017.1,0.1,10.2,6.4,278.7,W,6.06,2.88,8.52
531309,2018-08-22,2018,KC,2018-08-22 19:10:00,19,6,3,9,2,15,2,21,272,84.0,3,55,0.0545,0.0952,84.6,29.2,70.0,1014.3,0.0,11.5,7.1,257.3,W,9.69,7.01,11.2
531322,2018-08-23,2018,KC,2018-08-23 19:10:00,19,4,3,7,0,19,9,18,299,85.4,2,50,0.04,0.0,85.6,29.8,65.0,1012.8,0.0,6.9,4.3,269.1,W,4.98,3.03,6.33
531328,2018-08-24,2018,BOS,2018-08-24 19:10:00,19,10,3,13,1,18,7,24,331,84.1,2,55,0.0364,0.0417,79.2,26.2,85.3,1015.4,0.9,13.5,8.4,95.6,E,-8.55,-4.48,-11.59
531343,2018-08-25,2018,BOS,2018-08-25 18:10:00,18,5,1,6,1,16,6,14,274,83.4,1,47,0.0213,0.0714,78.3,25.7,85.7,1017.5,2.4,11.0,6.8,42.1,NE,-10.95,-10.48,-10.1
531358,2018-08-26,2018,BOS,2018-08-26 13:10:00,13,9,1,10,0,21,6,15,300,82.9,1,44,0.0227,0.0,88.9,31.6,53.3,1017.4,0.3,10.8,6.7,89.6,E,-7.71,-4.64,-9.85
531511,2018-09-07,2018,BAL,2018-09-07 19:10:00,19,14,2,16,5,21,11,16,333,83.0,4,44,0.0909,0.3125,79.2,26.2,81.0,1012.7,0.0,4.7,2.9,120.2,SE,-1.19,0.43,-2.66
531526,2018-09-08,2018,BAL,2018-09-08 18:10:00,18,10,5,15,1,17,4,25,296,84.5,3,56,0.0536,0.04,78.0,25.5,83.7,1010.5,0.2,6.1,3.8,67.7,E,-5.66,-4.51,-6.13
531541,2018-09-09,2018,BAL,2018-09-09 13:10:00,13,8,3,11,2,15,6,22,300,80.9,5,55,0.0909,0.0909,84.7,29.3,71.3,1010.6,0.4,7.4,4.6,221.5,SW,7.42,7.13,6.82
531558,2018-09-10,2018,CLE,2018-09-10 19:10:00,19,6,5,11,2,23,10,17,365,81.5,1,47,0.0213,0.1176,78.9,26.0,84.3,1014.0,0.0,13.3,8.3,256.5,W,11.37,8.31,13.07
531570,2018-09-11,2018,CLE,2018-09-11 19:10:00,19,0,2,2,2,17,6,12,263,83.4,2,49,0.0408,0.1667,85.1,29.5,73.0,1013.4,0.1,7.3,4.6,342.0,N,-3.33,-5.36,-0.89
531585,2018-09-12,2018,CLE,2018-09-12 13:10:00,13,3,1,4,2,19,5,8,239,83.9,1,39,0.0256,0.25,88.5,31.4,59.3,1012.7,0.6,8.5,5.3,73.3,E,-7.48,-5.65,-8.41
531613,2018-09-14,2018,ATH,2018-09-14 19:10:00,19,1,2,3,1,17,6,9,284,79.4,1,48,0.0208,0.1111,84.7,29.3,74.3,1010.8,0.0,13.0,8.1,292.3,W,5.0,0.6,8.79
531628,2018-09-15,2018,ATH,2018-09-15 18:10:00,18,7,5,12,4,16,7,21,311,82.5,4,53,0.0755,0.1905,85.2,29.5,73.7,1008.7,0.0,15.5,9.6,254.7,W,13.46,10.03,15.28
531643,2018-09-16,2018,ATH,2018-09-16 13:10:00,13,5,4,9,3,10,8,13,276,84.5,4,51,0.0784,0.2308,88.8,31.5,61.3,1010.2,0.3,18.2,11.3,223.7,SW,18.23,17.27,16.98
531749,2018-09-24,2018,NYY,2018-09-24 19:10:00,19,1,4,5,1,21,9,10,314,80.7,3,42,0.0714,0.1,80.3,26.8,81.7,1015.0,0.4,7.2,4.5,93.8,E,-4.77,-2.62,-6.34
531764,2018-09-25,2018,NYY,2018-09-25 19:10:00,19,2,9,11,3,22,9,15,325,84.2,3,46,0.0652,0.2,81.6,27.6,77.7,1016.2,0.0,10.8,6.7,121.2,SE,-2.56,1.17,-5.98
531779,2018-09-26,2018,NYY,2018-09-26 19:10:00,19,8,7,15,2,21,7,20,347,81.2,5,50,0.1,0.1,84.4,29.1,70.3,1015.0,0.7,5.2,3.3,3.0,N,-3.89,-4.85,-2.46
531789,2018-09-27,2018,NYY,2018-09-27 13:10:00,13,1,12,13,5,22,5,15,290,83.5,4,46,0.087,0.3333,90.3,32.4,50.0,1013.6,0.4,8.6,5.3,189.3,S,6.96,8.25,4.83
531806,2018-09-28,2018,TOR,2018-09-28 19:10:00,19,6,7,13,3,19,10,24,326,83.2,5,57,0.0877,0.125,84.6,29.2,71.7,1016.3,0.2,12.7,7.9,353.4,N,-7.86,-10.78,-3.99
531821,2018-09-29,2018,TOR,2018-09-29 18:10:00,18,4,3,7,4,22,8,14,267,83.1,5,39,0.1282,0.2857,87.7,31.0,57.0,1015.3,0.0,18.5,11.5,75.0,E,-16.0,-11.88,-18.19
531836,2018-09-30,2018,TOR,2018-09-30 15:10:00,15,9,4,13,0,11,9,19,287,83.1,3,57,0.0526,0.0,90.4,32.4,45.3,1014.9,0.2,22.9,14.2,72.7,E,-20.28,-15.42,-22.7
566664,2019-03-28,2019,HOU,2019-03-28 16:00:00,16,1,5,6,4,20,3,14,269,85.6,4,46,0.087,0.2857,77.5,25.3,31.7,1019.1,0.0,27.0,16.8,56.0,NE,-26.5,-23.14,-26.67
566665,2019-03-29,2019,HOU,2019-03-29 19:10:00,19,4,2,6,1,23,5,12,263,82.4,2,39,0.0513,0.0833,70.5,21.4,53.3,1017.6,0.0,14.9,9.3,348.3,N,-8.19,-11.95,-3.44
566666,2019-03-30,2019,HOU,2019-03-30 18:10:00,18,3,1,4,1,20,4,15,255,82.2,0,44,0.0,0.0667,73.0,22.8,57.7,1014.8,0.0,10.0,6.2,241.5,SW,9.56,8.02,9.95
566667,2019-03-31,2019,HOU,2019-03-31 13:10:00,13,3,1,4,2,14,1,11,230,83.8,4,46,0.087,0.1818,79.6,26.5,47.3,1014.8,0.0,15.9,9.9,235.0,SW,15.63,13.74,15.63
566668,2019-04-01,2019,COL,2019-04-01 19:10:00,19,7,1,8,2,21,5,15,270,80.7,3,44,0.0682,0.1333,68.9,20.5,81.0,1016.1,0.0,7.0,4.4,54.0,NE,-6.95,-6.15,-6.9
566669,2019-04-02,2019,COL,2019-04-02 19:10:00,19,4,0,4,0,27,8,10,298,84.5,1,33,0.0303,0.0,65.4,18.5,61.3,1018.3,0.0,14.9,9.2,329.0,NW,-3.6,-8.31,1.55
566670,2019-04-03,2019,COL,2019-04-03 13:10:00,13,0,1,1,1,24,9,11,310,83.1,3,51,0.0588,0.0909,79.3,26.3,26.7,1021.9,0.0,10.4,6.4,74.7,E,-9.01,-6.71,-10.22
566671,2019-04-16,2019,BAL,2019-04-16 19:10:00,19,4,2,6,1,13,5,13,261,81.7,1,49,0.0204,0.0769,74.2,23.5,64.7,1017.5,0.0,9.2,5.7,3.3,N,-6.85,-8.52,-4.35
566672,2019-04-17,2019,BAL,2019-04-17 19:10:00,19,8,1,9,4,19,6,16,289,84.4,6,44,0.1364,0.25,79.1,26.2,50.0,1014.3,0.0,10.0,6.2,92.3,E,-6.76,-3.84,-8.86
566673,2019-04-18,2019,BAL,2019-04-18 19:10:00,19,5,6,11,3,21,10,24,419,80.8,4,66,0.0606,0.125,78.6,25.9,74.3,1010.3,0.0,21.5,13.3,197.3,S,19.01,21.28,14.46
566674,2019-04-19,2019,BOS,2019-04-19 19:10:00,19,4,6,10,4,18,5,17,275,84.0,4,47,0.0851,0.2353,69.2,20.7,54.7,1009.0,0.0,27.5,17.1,269.0,W,19.78,12.06,25.12
566675,2019-04-20,2019,BOS,2019-04-20 18:10:00,18,5,6,11,3,22,6,19,311,83.6,6,47,0.1277,0.1579,67.3,19.6,52.0,1013.6,0.0,22.4,13.9,261.0,W,18.1,12.51,21.5
566676,2019-04-21,2019,BOS,2019-04-21 14:10:00,14,3,4,7,2,29,11,15,355,83.0,3,48,0.0625,0.1333,72.9,22.7,39.0,1018.0,0.0,13.2,8.2,323.3,NW,-1.92,-6.28,2.68
566677,2019-04-22,2019,KC,2019-04-22 19:10:00,19,6,3,9,5,13,6,14,269,83.7,5,49,0.102,0.3571,68.7,20.4,59.7,1018.2,0.0,10.7,6.7,332.3,NW,-3.19,-6.51,0.5
566678,2019-04-23,2019,KC,2019-04-23 19:10:00,19,5,2,7,2,18,8,13,281,83.8,4,45,0.0889,0.1538,71.4,21.9,71.0,1015.9,0.0,14.8,9.2,338.6,N,-5.94,-10.21,-0.94
566679,2019-04-24,2019,KC,2019-04-24 13:10:00,13,2,10,12,2,19,8,23,307,81.5,4,54,0.0741,0.087,83.1,28.4,42.3,1014.3,0.0,7.8,4.8,343.0,N,-3.66,-5.8,-1.09
566680,2019-05-06,2019,AZ,2019-05-06 19:10:00,19,12,1,13,2,14,9,15,306,85.2,4,51,0.0784,0.1333,77.4,25.2,75.0,1014.2,0.0,6.8,4.2,307.3,NW,0.91,-1.45,3.16
566681,2019-05-07,2019,AZ,2019-05-07 19:10:00,19,6,3,9,3,15,4,19,307,83.0,4,54,0.0741,0.1579,78.3,25.7,73.3,1015.0,0.2,11.7,7.3,42.7,NE,-11.72,-11.18,-10.86
566682,2019-05-08,2019,AZ,2019-05-08 13:10:00,13,2,3,5,0,42,14,17,426,80.0,1,47,0.0213,0.0,87.6,30.9,43.3,1013.1,0.2,15.8,9.8,87.7,E,-11.64,-7.27,-14.61
566683,2019-05-10,2019,NYY,2019-05-10 19:10:00,19,3,4,7,2,23,6,15,292,82.5,2,44,0.0455,0.1333,78.4,25.8,80.7,1014.1,5.0,11.6,7.2,28.8,NE,-11.11,-11.54,-9.34
566684,2019-05-11,2019,NYY,2019-05-11 18:10:00,18,7,2,9,4,12,6,15,268,81.8,7,50,0.14,0.2667,80.6,27.0,77.7,1011.3,0.0,10.9,6.8,218.7,SW,10.8,10.56,9.74
566685,2019-05-12,2019,NYY,2019-05-12 13:10:00,13,1,7,8,2,29,5,16,273,84.5,2,41,0.0488,0.125,85.7,29.8,63.0,1009.8,0.3,23.0,14.3,216.7,SW,22.72,22.49,20.21
566686,2019-05-21,2019,LAD,2019-05-21 19:10:00,19,3,7,10,0,17,6,22,299,80.9,0,58,0.0,0.0,82.6,28.1,69.0,1011.8,0.0,9.4,5.9,248.0,W,8.68,6.9,9.42
566687,2019-05-22,2019,LAD,2019-05-22 19:10:00,19,8,1,9,4,15,6,15,274,82.0,4,49,0.0816,0.2667,85.2,29.6,42.7,1016.2,0.0,29.3,18.2,85.3,E,-22.36,-14.52,-27.5
566688,2019-05-27,2019,TOR,2019-05-27 13:10:00,13,8,3,11,3,19,8,18,308,84.5,4,48,0.0833,0.1667,93.1,34.0,39.0,1013.8,0.0,13.4,8.3,287.0,W,6.28,1.86,9.94
566689,2019-05-28,2019,TOR,2019-05-28 19:10:00,19,3,1,4,2,13,8,12,272,83.1,3,49,0.0612,0.1667,85.1,29.5,61.3,1011.8,0.0,11.9,7.4,282.3,W,6.43,2.62,9.47
566690,2019-05-29,2019,TOR,2019-05-29 19:10:00,19,4,3,7,1,19,13,26,366,84.7,3,67,0.0448,0.0385,82.4,28.0,61.7,1011.3,0.0,9.4,5.8,281.0,W,5.24,2.27,7.58
566691,2019-05-30,2019,MIN,2019-05-30 19:10:00,19,14,3,17,1,14,3,23,269,83.6,2,58,0.0345,0.0435,82.5,28.0,77.0,1012.3,0.0,13.1,8.1,283.2,W,6.91,2.69,10.3
566692,2019-05-31,2019,MIN,2019-05-31 19:10:00,19,3,5,8,1,16,6,14,258,82.1,2,51,0.0392,0.0714,83.3,28.5,68.0,1011.5,0.0,13.0,8.1,293.0,NW,4.87,0.45,8.71
566693,2019-06-01,2019,MIN,2019-06-01 13:10:00,13,2,6,8,3,19,5,22,315,85.1,3,57,0.0526,0.1364,88.9,31.6,53.7,1011.2,0.6,17.1,10.6,239.0,SW,16.56,14.15,16.97
566694,2019-06-02,2019,MIN,2019-06-02 13:10:00,13,7,9,16,2,21,5,21,293,84.7,4,49,0.0816,0.0952,88.8,31.5,52.0,1011.2,0.1,15.8,9.8,259.7,W,13.02,9.16,15.32
566695,2019-06-10,2019,ATH,2019-06-10 19:10:00,19,6,2,8,3,18,6,12,259,85.5,5,45,0.1111,0.25,80.5,27.0,76.3,1013.7,0.2,12.4,7.7,220.3,SW,12.39,11.99,11.3
566696,2019-06-11,2019,ATH,2019-06-11 19:10:00,19,3,4,7,3,18,4,11,276,81.7,3,46,0.0652,0.2727,80.0,26.7,83.3,1013.3,0.9,12.9,8.0,245.3,SW,12.13,9.86,12.93
566697,2019-06-12,2019,ATH,2019-06-12 12:10:00,12,2,6,8,2,20,7,21,321,84.3,3,52,0.0577,0.0952,80.8,27.1,84.0,1014.0,0.3,24.0,14.9,221.0,SW,23.91,23.04,21.89
566698,2019-06-13,2019,LAA,2019-06-13 19:10:00,19,3,5,8,2,16,3,16,293,81.3,4,53,0.0755,0.125,76.8,24.9,87.3,1016.2,2.9,11.1,6.9,114.0,SE,-3.99,-0.2,-7.31
566699,2019-06-14,2019,LAA,2019-06-14 19:10:00,19,9,4,13,1,14,10,21,366,83.3,2,58,0.0345,0.0476,77.4,25.2,83.7,1017.2,0.8,11.3,7.0,67.7,E,-10.46,-8.33,-11.32
566700,2019-06-15,2019,LAA,2019-06-15 13:10:00,13,3,5,8,4,17,3,13,274,80.9,5,51,0.098,0.3077,83.7,28.7,71.7,1016.4,2.2,9.6,5.9,28.0,NE,-9.15,-9.55,-7.64
566701,2019-06-16,2019,LAA,2019-06-16 13:10:00,13,6,5,11,3,16,5,20,293,87.3,5,53,0.0943,0.15,80.2,26.8,81.3,1014.9,1.4,7.6,4.7,107.7,E,-3.5,-0.97,-5.61
566702,2019-06-28,2019,TEX,2019-06-28 19:10:00,19,0,5,5,0,17,7,11,273,82.1,1,46,0.0217,0.0,79.4,26.3,81.3,1017.0,0.6,10.2,6.3,123.9,SE,-1.97,1.57,-5.27
566703,2019-06-29,2019,TEX,2019-06-29 16:10:00,16,5,2,7,3,18,5,12,292,86.2,7,45,0.1556,0.25,82.3,28.0,70.0,1016.0,0.2,14.7,9.1,144.7,SE,2.47,7.28,-2.64
566704,2019-06-30,2019,TEX,2019-06-30 13:10:00,13,6,2,8,2,30,1,13,246,82.9,2,34,0.0588,0.1538,85.5,29.7,78.3,1015.7,0.3,7.4,4.6,250.7,W,6.64,5.15,7.33
566705,2019-07-01,2019,BAL,2019-07-01 19:10:00,19,6,3,9,1,16,7,19,299,84.0,4,51,0.0784,0.0526,85.0,29.5,72.3,1014.8,0.0,13.4,8.3,284.3,W,6.83,2.48,10.36
566706,2019-07-02,2019,BAL,2019-07-02 19:10:00,19,6,3,9,3,26,5,14,287,83.2,2,39,0.0513,0.2143,85.3,29.6,72.7,1012.9,0.0,13.6,8.5,297.3,NW,4.13,-0.55,8.31
566707,2019-07-03,2019,BAL,2019-07-03 19:10:00,19,6,9,15,3,20,4,22,313,83.0,2,57,0.0351,0.1364,85.9,30.0,72.7,1012.6,0.3,9.9,6.1,326.2,NW,-1.92,-5.12,1.5
566708,2019-07-04,2019,NYY,2019-07-04 17:10:00,17,4,8,12,2,23,12,16,368,82.3,4,52,0.0769,0.125,86.4,30.2,69.3,1013.1,0.2,4.7,2.9,318.3,NW,-0.27,-1.85,1.34
566709,2019-07-05,2019,NYY,2019-07-05 19:10:00,19,4,8,12,6,17,4,24,344,84.4,9,69,0.1304,0.25,81.6,27.5,78.0,1017.1,2.7,4.1,2.5,26.1,NE,-3.88,-4.1,-3.19
566710,2019-07-06,2019,NYY,2019-07-06 16:10:00,16,4,3,7,4,18,9,16,289,84.9,3,47,0.0638,0.25,80.7,27.1,82.0,1015.6,1.0,10.4,6.5,219.3,SW,10.35,10.08,9.37
566711,2019-07-07,2019,NYY,2019-07-07 13:10:00,13,2,1,3,1,27,1,15,278,82.6,2,39,0.0513,0.0667,82.2,27.9,79.7,1014.3,0.3,12.7,7.9,222.7,SW,12.66,12.07,11.72
566712,2019-07-19,2019,CWS,2019-07-19 19:10:00,19,2,9,11,1,27,4,23,314,83.5,2,50,0.04,0.0435,83.9,28.8,73.0,1016.1,0.0,7.9,4.9,38.2,NE,-7.84,-7.69,-7.05
566713,2019-07-20,2019,CWS,2019-07-20 18:10:00,18,1,2,3,2,21,5,17,320,83.5,3,59,0.0508,0.1176,80.5,26.9,79.3,1015.4,0.5,8.7,5.4,45.3,NE,-8.7,-8.16,-8.19
566714,2019-07-21,2019,CWS,2019-07-21 13:10:00,13,4,2,6,1,21,8,8,304,80.7,3,35,0.0857,0.125,80.4,26.9,82.7,1015.9,6.9,6.3,3.9,122.4,SE,-1.38,0.81,-3.4
566715,2019-07-22,2019,BOS,2019-07-22 19:10:00,19,4,9,13,3,12,8,21,317,83.4,3,62,0.0484,0.1429,81.1,27.3,75.3,1013.9,0.2,11.2,7.0,121.3,SE,-2.65,1.24,-6.21
566716,2019-07-23,2019,BOS,2019-07-23 19:10:00,19,4,5,9,2,20,8,16,317,82.7,4,49,0.0816,0.125,82.6,28.1,73.3,1012.1,0.1,10.4,6.5,238.7,SW,10.11,8.66,10.34
566717,2019-07-24,2019,BOS,2019-07-24 12:10:00,12,3,2,5,1,23,5,10,266,80.4,0,37,0.0,0.1,80.5,27.0,82.0,1013.6,0.7,25.0,15.5,255.3,W,21.55,15.94,24.56
566718,2019-08-03,2019,MIA,2019-08-03 18:10:00,18,8,6,14,5,11,10,20,315,84.1,3,57,0.0526,0.25,83.5,28.6,78.3,1011.5,0.0,6.1,3.8,272.2,W,4.13,2.36,5.4
566719,2019-08-04,2019,MIA,2019-08-04 13:10:00,13,7,2,9,3,14,8,16,296,85.4,7,51,0.1373,0.1875,86.0,30.0,69.7,1013.7,0.2,7.9,4.9,255.7,W,6.82,5.03,7.8
566720,2019-08-05,2019,TOR,2019-08-05 19:10:00,19,0,2,2,1,15,2,14,266,83.5,3,53,0.0566,0.0714,82.9,28.3,76.3,1014.2,0.1,6.5,4.0,188.8,S,5.25,6.24,3.62
566721,2019-08-06,2019,TOR,2019-08-06 19:10:00,19,7,6,13,5,27,6,20,362,81.6,4,55,0.0727,0.25,82.4,28.0,78.3,1013.5,0.2,10.8,6.7,217.7,SW,10.68,10.5,9.56
566722,2019-08-07,2019,TOR,2019-08-07 13:10:00,13,3,4,7,4,25,4,15,303,83.1,6,43,0.1395,0.2667,83.0,28.3,79.7,1013.9,0.7,9.5,5.9,248.0,W,8.71,6.92,9.45
566723,2019-08-16,2019,DET,2019-08-16 19:10:00,19,0,2,2,0,21,4,11,255,84.6,1,41,0.0244,0.0,79.2,26.2,85.3,1014.9,2.8,22.6,14.0,240.0,SW,21.8,18.48,22.48
566724,2019-08-17,2019,DET,2019-08-17 18:10:00,18,1,0,1,0,35,5,9,366,80.7,0,49,0.0,0.0,79.7,26.5,87.0,1015.6,1.2,7.1,4.4,204.3,SW,6.67,7.13,5.41
566725,2019-08-18,2019,DET,2019-08-18 13:10:00,13,5,4,9,2,21,7,15,301,83.6,4,46,0.087,0.1333,83.1,28.4,80.7,1016.9,0.0,4.8,3.0,230.7,SW,4.74,4.3,4.62
566726,2019-08-19,2019,SEA,2019-08-19 19:10:00,19,3,9,12,5,17,7,15,298,84.6,4,51,0.0784,0.3333,80.9,27.2,85.0,1015.4,0.0,6.4,4.0,50.0,NE,-6.38,-5.8,-6.18
566727,2019-08-20,2019,SEA,2019-08-20 19:10:00,19,4,7,11,2,14,10,17,366,81.6,4,57,0.0702,0.1176,77.7,25.4,89.3,1017.3,10.2,4.7,2.9,86.0,E,-3.55,-2.28,-4.39
566728,2019-08-21,2019,SEA,2019-08-21 13:10:00,13,7,6,13,3,12,5,19,304,82.6,1,56,0.0179,0.1579,86.6,30.3,65.3,1016.1,0.1,9.4,5.9,183.5,S,7.06,8.78,4.5
566729,2019-08-30,2019,CLE,2019-08-30 19:10:00,19,4,0,4,1,18,3,13,271,84.8,2,43,0.0465,0.0769,79.6,26.5,89.0,1011.8,7.1,18.0,11.2,67.3,NE,-16.62,-13.29,-17.95
566730,2019-08-31,2019,CLE,2019-08-31 18:10:00,18,9,6,15,6,14,6,22,298,86.9,8,56,0.1429,0.2727,84.4,29.1,73.7,1011.5,0.2,20.2,12.6,50.3,NE,-20.15,-18.29,-19.57
566731,2019-09-01,2019,CLE,2019-09-01 13:10:00,13,8,2,10,1,15,8,20,297,82.9,3,53,0.0566,0.05,87.7,31.0,67.0,1011.0,0.1,13.7,8.5,28.4,NE,-13.13,-13.68,-11.0
566732,2019-09-02,2019,BAL,2019-09-02 13:10:00,13,5,4,9,2,16,2,16,300,83.0,2,57,0.0351,0.125,85.9,29.9,72.7,1008.0,2.2,23.4,14.5,355.0,N,-15.04,-20.26,-8.0
566733,2019-09-03,2019,BAL,2019-09-03 15:10:00,15,2,4,6,3,15,4,16,282,81.4,2,51,0.0392,0.1875,83.8,28.8,74.7,1006.2,2.4,24.0,14.9,347.3,N,-12.84,-19.0,-5.13
566734,2019-09-03,2019,BAL,2019-09-03 15:15:00,15,2,0,2,1,15,1,12,213,83.3,1,44,0.0227,0.0833,83.8,28.8,74.7,1006.2,2.4,24.0,14.9,347.3,N,-12.84,-19.0,-5.13
566735,2019-09-05,2019,TOR,2019-09-05 19:10:00,19,6,4,10,3,18,6,17,313,83.9,4,49,0.0816,0.1765,84.9,29.4,84.7,1011.7,0.0,16.7,10.4,261.3,W,13.43,9.24,15.99
566736,2019-09-06,2019,TOR,2019-09-06 19:10:00,19,5,0,5,1,19,2,11,249,81.1,2,42,0.0476,0.0909,83.3,28.5,75.7,1010.8,0.0,8.2,5.1,291.3,W,3.31,0.53,5.69
566737,2019-09-07,2019,TOR,2019-09-07 18:10:00,18,5,3,8,0,26,8,14,300,81.5,0,38,0.0,0.0,85.2,29.6,64.7,1011.3,0.0,15.8,9.8,303.3,NW,3.19,-2.29,8.29
566738,2019-09-08,2019,TOR,2019-09-08 13:10:00,13,8,3,11,3,15,4,16,256,86.6,6,51,0.1176,0.1875,90.1,32.3,50.3,1013.9,0.0,8.3,5.2,263.7,W,6.51,4.33,7.89
566739,2019-09-20,2019,BOS,2019-09-20 19:10:00,19,5,4,9,2,27,8,15,353,81.9,4,53,0.0755,0.1333,81.5,27.5,55.0,1017.1,0.0,27.3,16.9,71.7,E,-24.37,-18.71,-27.08
566740,2019-09-21,2019,BOS,2019-09-21 18:10:00,18,5,4,9,5,31,5,17,334,85.7,4,46,0.087,0.2941,82.6,28.1,57.3,1016.6,0.0,27.7,17.2,69.3,E,-25.24,-19.81,-27.62
566741,2019-09-22,2019,BOS,2019-09-22 13:10:00,13,4,7,11,3,18,8,20,331,81.4,5,54,0.0926,0.15,91.2,32.9,36.3,1014.6,0.0,25.7,16.0,70.3,E,-23.26,-18.09,-25.62
566742,2019-09-23,2019,BOS,2019-09-23 19:10:00,19,7,4,11,3,21,7,18,306,86.1,2,47,0.0426,0.1667,82.9,28.3,53.7,1012.3,0.0,12.5,7.8,39.4,NE,-12.44,-12.11,-11.28
566743,2019-09-24,2019,NYY,2019-09-24 19:10:00,19,2,1,3,3,30,4,14,359,82.2,3,51,0.0588,0.2143,81.2,27.3,69.7,1010.0,0.0,14.3,8.9,337.0,NW,-5.36,-9.57,-0.5
566744,2019-09-25,2019,NYY,2019-09-25 19:10:00,19,4,0,4,2,26,7,10,281,80.5,4,33,0.1212,0.2,84.0,28.9,60.7,1010.2,0.0,3.4,2.1,16.2,N,-2.95,-3.33,-2.22
630966,2020-07-24,2020,TOR,2020-07-24 18:40:00,18,4,6,10,2,20,11,14,344,81.7,2,49,0.0408,0.1429,82.1,27.8,71.0,1015.6,1.0,4.5,2.8,62.0,NE,-4.3,-3.59,-4.49
630967,2020-07-25,2020,TOR,2020-07-25 15:10:00,15,4,1,5,1,11,6,13,250,83.7,1,52,0.0192,0.0769,85.7,29.8,67.7,1014.8,1.6,14.5,9.0,95.3,E,-9.28,-4.89,-12.54
630968,2020-07-26,2020,TOR,2020-07-26 13:10:00,13,6,5,11,1,19,10,21,348,84.3,2,58,0.0345,0.0476,86.1,30.1,68.3,1016.9,0.9,10.4,6.4,195.7,S,9.04,10.23,6.76
630969,2020-07-27,2020,ATL,2020-07-27 18:40:00,18,14,5,19,7,31,8,17,327,80.8,9,38,0.2368,0.4118,80.4,26.9,85.3,1016.7,10.3,9.2,5.7,323.6,NW,-1.38,-4.41,1.81
630970,2020-07-28,2020,ATL,2020-07-28 18:40:00,18,5,2,7,0,20,7,13,277,81.4,0,42,0.0,0.0,81.5,27.5,75.0,1016.8,0.0,12.2,7.6,29.9,NE,-11.81,-12.19,-10.01
630971,2020-08-04,2020,BOS,2020-08-04 18:40:00,18,5,1,6,1,20,3,17,286,83.0,4,48,0.0833,0.0588,87.4,30.8,59.3,1013.0,0.0,11.3,7.0,348.9,N,-6.31,-9.13,-2.72
630972,2020-08-05,2020,BOS,2020-08-05 18:40:00,18,0,5,5,2,22,6,14,290,82.0,4,43,0.093,0.1429,85.3,29.6,67.7,1013.6,0.5,10.9,6.8,148.6,SE,2.55,6.02,-1.22
630974,2020-08-07,2020,NYY,2020-08-07 18:40:00,18,1,0,1,0,17,7,4,266,80.4,0,37,0.0,0.0,86.7,30.4,64.7,1017.3,0.0,7.7,4.8,302.3,NW,1.69,-0.97,4.15
630962,2020-08-08,2020,NYY,2020-08-08 14:10:00,14,4,8,12,4,23,8,17,313,84.1,4,36,0.1111,0.2353,93.7,34.3,44.0,1017.3,0.0,10.8,6.7,321.6,NW,-1.25,-4.85,2.51
630973,2020-08-08,2020,NYY,2020-08-08 14:15:00,14,5,3,8,0,10,12,13,253,84.5,0,39,0.0,0.0,93.7,34.3,44.0,1017.3,0.0,10.8,6.7,321.6,NW,-1.25,-4.85,2.51
630946,2020-08-09,2020,NYY,2020-08-09 13:10:00,13,4,3,7,2,20,7,15,303,83.5,4,46,0.087,0.1333,91.9,33.3,52.0,1017.9,0.0,7.5,4.7,27.1,NE,-7.17,-7.53,-5.94
630960,2020-08-21,2020,TOR,2020-08-21 18:40:00,18,5,6,11,4,19,7,20,311,80.9,5,56,0.0893,0.2,79.2,26.2,86.3,1012.4,2.1,13.1,8.2,105.0,E,-6.56,-2.28,-10.06
630948,2020-08-22,2020,TOR,2020-08-22 18:40:00,18,2,1,3,0,19,10,10,325,80.5,1,47,0.0213,0.0,80.1,26.7,79.0,1013.5,0.9,13.6,8.5,45.7,NE,-13.6,-12.72,-12.83
630949,2020-08-23,2020,TOR,2020-08-23 13:10:00,13,5,4,9,2,11,9,15,297,84.1,3,54,0.0556,0.1333,86.3,30.2,73.0,1012.9,2.8,18.6,11.6,122.8,SE,-3.95,2.52,-9.94
630950,2020-08-24,2020,TOR,2020-08-24 15:10:00,15,4,6,10,4,15,11,15,330,81.7,6,50,0.12,0.2667,84.7,29.3,79.0,1012.3,4.1,10.8,6.7,88.1,E,-7.86,-4.88,-9.91
630951,2020-08-25,2020,BAL,2020-08-25 18:40:00,18,4,2,6,3,24,4,14,268,82.1,3,43,0.0698,0.2143,86.2,30.1,72.3,1012.5,0.0,19.6,12.2,94.0,E,-12.88,-7.04,-17.17
630952,2020-08-26,2020,BAL,2020-08-26 18:40:00,18,4,3,7,2,18,9,13,326,76.5,3,46,0.0652,0.1538,83.7,28.7,80.0,1013.4,0.0,7.4,4.6,55.9,NE,-7.3,-6.38,-7.34
630954,2020-09-04,2020,MIA,2020-09-04 18:40:00,18,5,4,9,3,21,8,14,286,83.1,2,44,0.0455,0.2143,87.7,30.9,66.7,1015.0,0.0,13.5,8.4,30.0,NE,-13.07,-13.48,-11.09
630955,2020-09-05,2020,MIA,2020-09-05 18:40:00,18,3,7,10,1,20,10,14,306,81.6,3,47,0.0638,0.0714,85.9,29.9,67.3,1016.1,0.1,7.4,4.6,147.6,SE,1.61,3.97,-0.94
630956,2020-09-06,2020,MIA,2020-09-06 13:10:00,13,5,4,9,4,27,7,14,330,81.1,4,44,0.0909,0.2857,92.2,33.4,44.3,1013.4,0.1,6.9,4.3,71.6,E,-6.14,-4.72,-6.82
630957,2020-09-10,2020,BOS,2020-09-10 18:40:00,18,3,4,7,4,30,8,13,306,81.8,3,36,0.0833,0.3077,78.8,26.0,88.7,1014.4,5.7,9.1,5.7,72.9,E,-8.04,-6.1,-9.01
630958,2020-09-11,2020,BOS,2020-09-11 18:40:00,18,11,1,12,3,14,9,23,337,84.7,2,56,0.0357,0.1304,82.2,27.9,80.0,1009.2,0.0,16.5,10.3,55.0,NE,-16.28,-14.32,-16.28
630959,2020-09-12,2020,BOS,2020-09-12 18:40:00,18,5,4,9,4,23,3,14,249,85.2,2,41,0.0488,0.2857,79.9,26.6,83.7,1006.3,0.0,30.8,19.2,74.0,E,-26.97,-20.23,-30.45
630947,2020-09-13,2020,BOS,2020-09-13 13:10:00,13,3,6,9,3,18,5,19,312,80.6,5,56,0.0893,0.1579,78.4,25.8,88.7,1008.9,11.8,27.9,17.3,136.0,SE,0.49,9.99,-9.07
630936,2020-09-15,2020,WSH,2020-09-15 18:40:00,18,6,1,7,1,16,5,18,296,83.4,2,52,0.0385,0.0556,79.5,26.4,91.7,1013.4,3.6,5.1,3.2,61.1,NE,-4.9,-4.12,-5.09
630937,2020-09-16,2020,WSH,2020-09-16 13:10:00,13,2,4,6,3,26,6,14,332,83.1,3,47,0.0638,0.2143,84.1,28.9,81.0,1011.3,0.6,23.7,14.7,185.7,S,18.31,22.33,12.07
630953,2020-09-17,2020,BAL,2020-08-27 18:40:00,18,10,6,16,5,16,5,20,250,82.8,7,42,0.1667,0.25,85.0,29.5,75.7,1014.7,0.0,6.1,3.8,247.4,SW,5.67,4.53,6.13
630938,2020-09-25,2020,PHI,2020-09-25 18:40:00,18,6,4,10,1,25,7,16,312,82.9,3,41,0.0732,0.0625,81.9,27.7,82.7,1012.8,0.0,5.7,3.5,298.0,NW,1.66,-0.3,3.41
630939,2020-09-26,2020,PHI,2020-09-26 19:07:00,19,4,3,7,1,19,5,19,266,79.4,2,47,0.0426,0.0526,80.4,26.9,82.3,1013.3,0.0,7.5,4.6,314.3,NW,0.09,-2.47,2.64
630945,2020-09-27,2020,PHI,2020-09-27 15:10:00,15,5,0,5,0,15,5,15,291,79.9,3,49,0.0612,0.0,83.7,28.7,75.7,1011.0,2.4,8.7,5.4,24.2,NE,-8.1,-8.67,-6.56
634499,2021-04-09,2021,NYY,2021-04-09 15:10:00,15,10,5,15,3,21,4,20,287,79.9,4,48,0.0833,0.15,78.6,25.9,53.7,1012.7,0.0,21.0,13.0,225.3,SW,20.97,19.66,19.74
632217,2021-04-10,2021,NYY,2021-04-10 13:10:00,13,4,0,4,2,21,5,15,281,79.7,2,45,0.0444,0.1333,81.3,27.4,64.0,1009.7,0.1,33.1,20.5,203.0,SW,30.66,33.05,24.58
632232,2021-04-11,2021,NYY,2021-04-11 13:10:00,13,4,8,12,3,21,9,15,323,83.1,4,50,0.08,0.2,72.0,22.2,87.7,1006.8,13.8,22.7,14.1,242.3,SW,21.67,18.05,22.68
632204,2021-04-12,2021,TEX,2021-04-12 19:10:00,19,1,0,1,1,29,7,6,253,83.8,1,26,0.0385,0.1667,70.1,21.2,79.3,1011.7,0.0,12.6,7.8,318.4,NW,-0.74,-5.0,3.6
634489,2021-04-13,2021,TEX,2021-04-13 19:10:00,19,3,8,11,1,15,4,20,262,81.1,2,57,0.0351,0.05,72.0,22.2,75.3,1015.8,0.0,9.3,5.8,328.6,NW,-2.18,-5.14,1.04
634496,2021-04-14,2021,TEX,2021-04-14 19:10:00,19,1,5,6,2,15,5,17,293,81.7,4,52,0.0769,0.1176,71.7,22.0,75.7,1016.1,0.0,8.8,5.5,301.0,NW,2.14,-0.92,4.94
634522,2021-04-15,2021,TEX,2021-04-15 19:10:00,19,4,6,10,4,20,11,18,360,81.5,4,57,0.0702,0.2222,73.1,22.8,84.7,1010.2,0.0,12.8,7.9,204.3,SW,11.95,12.77,9.68
634413,2021-04-23,2021,TOR,2021-04-23 19:10:00,19,3,5,8,3,22,5,11,272,82.5,6,45,0.1333,0.2727,75.6,24.2,67.0,1015.2,0.0,18.2,11.3,82.7,E,-14.41,-9.74,-17.34
634358,2021-04-24,2021,TOR,2021-04-24 18:10:00,18,5,3,8,3,22,5,15,286,81.6,5,45,0.1111,0.2,77.1,25.0,87.7,1010.6,0.0,26.4,16.4,194.3,S,22.74,25.98,16.75
634376,2021-04-25,2021,TOR,2021-04-25 13:10:00,13,0,1,1,0,16,5,11,283,80.9,0,49,0.0,0.0,80.5,27.0,72.7,1011.5,0.0,16.4,10.2,274.3,W,10.69,5.79,14.3
634343,2021-04-26,2021,ATH,2021-04-26 19:10:00,19,1,2,3,1,21,8,9,289,81.8,0,38,0.0,0.1111,79.3,26.3,49.0,1015.4,0.0,12.3,7.6,74.3,E,-10.73,-8.02,-12.14
634368,2021-04-27,2021,ATH,2021-04-27 19:10:00,19,4,3,7,2,13,3,18,258,82.8,5,58,0.0862,0.1111,78.4,25.8,54.7,1016.1,0.0,24.8,15.4,79.3,E,-20.48,-14.46,-24.03
634308,2021-04-28,2021,ATH,2021-04-28 19:10:00,19,2,0,2,1,23,5,15,268,83.3,4,40,0.1,0.0667,75.6,24.2,72.0,1015.4,0.0,15.0,9.3,335.0,NW,-5.14,-9.65,-0.01
634296,2021-04-29,2021,ATH,2021-04-29 13:10:00,13,2,3,5,2,21,3,12,294,81.2,2,43,0.0465,0.1667,84.3,29.1,54.0,1015.0,0.0,19.9,12.4,226.3,SW,19.93,18.57,18.88
634275,2021-04-30,2021,HOU,2021-04-30 19:10:00,19,2,9,11,1,21,8,21,324,79.0,3,53,0.0566,0.0476,75.9,24.4,74.0,1014.8,0.0,13.9,8.6,309.7,NW,1.29,-3.52,5.95
634307,2021-05-01,2021,HOU,2021-05-01 16:10:00,16,1,3,4,0,12,7,9,276,80.5,1,50,0.02,0.0,82.2,27.9,58.3,1011.9,0.2,15.1,9.4,278.7,W,8.96,4.25,12.59
634323,2021-05-02,2021,HOU,2021-05-02 13:10:00,13,5,4,9,2,21,4,15,299,79.0,4,45,0.0889,0.1333,83.8,28.8,53.0,1012.7,0.0,23.7,14.7,211.3,SW,23.0,23.52,19.7
634169,2021-05-11,2021,NYY,2021-05-11 19:10:00,19,1,3,4,3,17,5,10,283,82.8,4,45,0.0889,0.3,80.4,26.9,68.0,1015.4,0.0,8.1,5.1,333.3,NW,-2.56,-5.04,0.24
634210,2021-05-12,2021,NYY,2021-05-12 19:10:00,19,0,1,1,0,23,1,10,259,79.5,2,38,0.0526,0.0,80.5,27.0,72.7,1015.6,0.0,16.6,10.3,330.4,NW,-4.4,-9.61,1.34
634126,2021-05-13,2021,NYY,2021-05-13 19:10:00,19,9,1,10,2,26,9,15,308,81.6,5,38,0.1316,0.1333,75.5,24.2,69.3,1016.4,0.1,17.5,10.9,33.7,NE,-17.16,-17.3,-14.95
634093,2021-05-14,2021,NYM,2021-05-14 19:10:00,19,3,2,5,2,22,5,13,259,83.5,3,44,0.0682,0.1538,77.7,25.4,56.7,1016.8,0.0,26.7,16.6,52.3,NE,-26.45,-23.69,-26.02
634105,2021-05-15,2021,NYM,2021-05-15 13:10:00,13,12,5,17,3,22,7,23,275,81.5,6,52,0.1154,0.1304,85.2,29.5,32.7,1017.2,0.0,12.4,7.7,10.3,N,-10.23,-12.03,-7.19
634071,2021-05-16,2021,NYM,2021-05-16 13:10:00,13,7,1,8,4,13,2,12,234,81.5,3,47,0.0638,0.3333,85.5,29.7,29.0,1017.6,0.0,13.3,8.2,49.0,NE,-13.23,-12.12,-12.75
633990,2021-05-25,2021,KC,2021-05-25 19:10:00,19,1,2,3,1,23,5,11,239,83.9,3,40,0.075,0.0909,78.1,25.6,67.3,1019.6,0.0,10.4,6.5,300.3,NW,2.63,-0.97,5.92
634064,2021-05-26,2021,KC,2021-05-26 19:10:00,19,2,1,3,1,25,11,7,293,80.5,1,40,0.025,0.1429,77.7,25.4,69.0,1018.5,0.0,15.3,9.5,318.6,NW,-0.97,-6.12,4.3
633915,2021-05-27,2021,KC,2021-05-27 15:10:00,15,7,2,9,2,20,6,16,278,79.0,2,44,0.0455,0.125,84.8,29.3,50.3,1015.1,0.1,20.6,12.8,280.8,W,11.59,5.06,16.73
633894,2021-05-29,2021,PHI,2021-05-29 13:10:00,13,5,3,8,2,31,8,11,278,76.6,1,31,0.0323,0.1818,83.1,28.4,59.7,1011.3,0.4,20.8,12.9,227.3,SW,20.75,19.21,19.79
633892,2021-05-30,2021,PHI,2021-05-30 13:10:00,13,6,2,8,2,18,5,19,297,81.2,2,49,0.0408,0.1053,82.8,28.2,65.0,1014.9,0.0,7.3,4.5,213.0,SW,7.14,7.23,6.19
633766,2021-06-08,2021,WSH,2021-06-08 19:10:00,19,3,1,4,1,22,12,13,338,82.0,3,39,0.0769,0.0769,78.3,25.7,82.7,1018.2,5.5,4.4,2.8,87.4,E,-3.27,-2.06,-4.1
633767,2021-06-09,2021,WSH,2021-06-09 19:10:00,19,7,9,16,5,31,12,18,407,80.8,10,53,0.1887,0.2778,83.8,28.8,65.0,1016.3,0.0,12.6,7.8,334.7,NW,-4.23,-8.02,0.08
633781,2021-06-11,2021,BAL,2021-06-11 19:10:00,19,4,2,6,2,16,6,13,276,78.0,3,46,0.0652,0.1538,83.3,28.5,67.0,1012.2,0.0,12.6,7.8,288.3,W,5.65,1.46,9.16
633699,2021-06-12,2021,BAL,2021-06-12 16:10:00,16,5,4,9,1,23,7,15,277,80.2,0,41,0.0,0.0667,83.8,28.8,66.0,1009.9,0.6,16.3,10.1,246.0,SW,15.19,12.28,16.26
633737,2021-06-13,2021,BAL,2021-06-13 13:10:00,13,7,1,8,1,12,7,12,270,78.1,1,48,0.0208,0.0833,84.5,29.2,66.3,1010.4,0.1,17.7,11.0,250.5,W,15.97,12.4,17.62
633519,2021-06-22,2021,BOS,2021-06-22 19:10:00,19,5,9,14,2,22,7,19,372,81.6,2,60,0.0333,0.1053,79.0,26.1,87.3,1015.4,1.0,13.9,8.6,300.9,NW,3.39,-1.42,7.78
633524,2021-06-23,2021,BOS,2021-06-23 19:10:00,19,8,2,10,3,21,15,12,328,80.9,3,42,0.0714,0.25,82.4,28.0,73.0,1018.0,1.9,3.1,1.9,38.9,NE,-3.08,-3.01,-2.78
633517,2021-06-24,2021,BOS,2021-06-24 19:10:00,19,1,0,1,0,19,10,6,275,82.4,3,38,0.0789,0.0,76.4,24.7,88.7,1017.9,13.4,10.9,6.8,71.7,E,-9.71,-7.46,-10.79
633535,2021-06-25,2021,LAA,2021-06-25 19:10:00,19,4,3,7,2,17,5,15,261,79.6,2,48,0.0417,0.1333,77.8,25.5,80.7,1016.6,0.0,19.8,12.3,64.0,NE,-18.75,-15.41,-19.83
633525,2021-06-26,2021,LAA,2021-06-26 16:10:00,16,13,3,16,2,18,8,20,296,81.1,4,52,0.0769,0.1,81.7,27.6,74.7,1014.9,1.3,13.2,8.2,110.3,E,-5.51,-1.08,-9.28
633459,2021-06-27,2021,LAA,2021-06-27 13:10:00,13,4,6,10,4,18,6,17,311,77.9,5,51,0.098,0.2353,89.7,32.0,49.0,1015.1,0.0,17.6,10.9,75.0,E,-15.21,-11.29,-17.3
633353,2021-07-05,2021,CLE,2021-07-05 19:10:00,19,9,8,17,3,17,6,27,340,84.9,8,60,0.1333,0.1111,80.1,26.7,84.3,1015.2,5.3,12.6,7.8,123.7,SE,-2.48,1.9,-6.55
633339,2021-07-07,2021,CLE,2021-07-07 12:10:00,12,8,1,9,4,17,3,11,239,82.5,2,33,0.0606,0.3636,80.7,27.1,84.3,1013.5,1.7,32.9,20.5,205.3,SW,31.01,32.93,25.35
633360,2021-07-07,2021,CLE,2021-07-06 19:10:00,19,4,0,4,0,13,5,7,214,78.4,1,33,0.0303,0.0,77.6,25.3,84.7,1011.4,9.9,36.8,22.8,90.7,E,-25.69,-15.15,-33.14
633338,2021-07-09,2021,TOR,2021-07-09 19:10:00,19,7,1,8,0,30,8,13,346,80.2,2,35,0.0571,0.0,82.4,28.0,79.3,1019.2,0.2,11.0,6.8,336.6,NW,-4.05,-7.31,-0.31
633293,2021-07-10,2021,TOR,2021-07-10 13:10:00,13,5,2,7,4,21,9,13,327,78.5,4,41,0.0976,0.3077,85.1,29.5,68.7,1017.9,0.1,10.4,6.5,7.3,N,-8.23,-9.91,-5.56
633270,2021-07-11,2021,TOR,2021-07-11 13:10:00,13,1,3,4,2,16,4,9,250,81.4,2,46,0.0435,0.2222,79.4,26.3,84.0,1018.3,0.9,5.9,3.7,80.7,E,-4.82,-3.34,-5.71
633236,2021-07-19,2021,BAL,2021-07-19 19:10:00,19,1,6,7,0,21,6,14,289,79.1,3,45,0.0667,0.0,82.3,28.0,76.7,1016.4,0.7,7.7,4.8,326.1,NW,-1.48,-3.96,1.18
633257,2021-07-20,2021,BAL,2021-07-20 19:10:00,19,9,3,12,2,18,3,16,293,83.5,3,52,0.0577,0.125,83.5,28.6,73.3,1014.5,0.6,5.3,3.3,266.6,W,3.94,2.51,4.9
633225,2021-07-21,2021,BAL,2021-07-21 12:10:00,12,5,4,9,4,20,5,18,282,79.3,3,49,0.0612,0.2222,87.9,31.0,64.7,1016.9,0.1,12.7,7.9,203.0,SW,11.8,12.73,9.46
633143,2021-07-27,2021,NYY,2021-07-27 19:10:00,19,3,4,7,2,22,14,18,341,81.4,3,44,0.0682,0.1111,81.9,27.7,81.0,1013.8,0.2,15.9,9.9,215.3,SW,15.67,15.64,13.82
633122,2021-07-28,2021,NYY,2021-07-28 19:10:00,19,1,3,4,0,24,3,10,293,79.1,1,44,0.0227,0.0,77.5,25.3,91.3,1014.7,1.0,9.8,6.1,256.9,W,8.32,6.05,9.59
633104,2021-07-29,2021,NYY,2021-07-29 13:10:00,13,14,0,14,4,24,7,16,313,82.4,6,43,0.1395,0.25,82.4,28.0,77.7,1015.0,0.5,14.9,9.3,276.7,W,9.24,4.68,12.68
633165,2021-07-30,2021,BOS,2021-07-30 19:10:00,19,7,3,10,3,19,7,20,306,82.8,4,51,0.0784,0.15,83.8,28.8,74.3,1015.4,0.0,10.7,6.7,248.0,W,9.88,7.85,10.72
633090,2021-07-31,2021,BOS,2021-07-31 18:10:00,18,9,5,14,4,24,6,17,330,81.0,4,46,0.087,0.2353,85.4,29.7,70.7,1015.2,0.0,16.1,10.0,238.0,SW,15.72,13.53,16.01
633089,2021-08-01,2021,BOS,2021-08-01 19:08:00,19,3,2,5,2,16,5,15,261,82.2,4,48,0.0833,0.1333,83.4,28.5,80.0,1015.3,0.0,14.5,9.0,277.0,W,8.95,4.49,12.32
633070,2021-08-02,2021,SEA,2021-08-02 19:10:00,19,2,8,10,2,18,8,19,337,81.9,4,53,0.0755,0.1053,81.8,27.7,83.0,1014.7,0.0,10.1,6.3,267.3,W,7.49,4.71,9.37
633005,2021-08-03,2021,SEA,2021-08-03 19:10:00,19,2,4,6,3,17,6,13,299,80.7,4,50,0.08,0.2308,78.3,25.7,87.7,1013.8,2.3,12.0,7.4,203.0,SW,11.09,11.96,8.89
633027,2021-08-04,2021,SEA,2021-08-04 13:10:00,13,4,3,7,1,21,5,12,265,80.8,1,42,0.0238,0.0833,79.2,26.2,89.0,1014.5,2.7,22.7,14.1,228.7,SW,22.65,20.79,21.78
632890,2021-08-16,2021,BAL,2021-08-16 19:10:00,19,9,2,11,5,12,5,19,300,80.4,4,57,0.0702,0.2632,80.7,27.0,84.7,1011.6,0.2,19.6,12.2,207.7,SW,18.68,19.55,15.56
632864,2021-08-17,2021,BAL,2021-08-17 19:10:00,19,10,0,10,3,20,3,15,305,82.5,3,48,0.0625,0.2,82.3,27.9,83.3,1014.5,0.2,5.2,3.2,201.4,S,4.73,5.16,3.74
632849,2021-08-18,2021,BAL,2021-08-18 19:10:00,19,8,4,12,2,13,6,20,305,80.6,6,57,0.1053,0.1,81.1,27.3,84.0,1017.6,0.2,4.2,2.6,57.3,NE,-4.07,-3.52,-4.13
632833,2021-08-19,2021,BAL,2021-08-19 13:10:00,13,7,2,9,2,24,7,15,293,83.6,3,40,0.075,0.1333,89.0,31.7,60.0,1015.9,0.0,3.6,2.2,78.4,E,-3.0,-2.14,-3.5
632836,2021-08-20,2021,CWS,2021-08-20 19:10:00,19,5,7,12,3,30,5,16,365,79.9,3,55,0.0545,0.1875,83.6,28.7,82.7,1011.8,0.0,7.8,4.8,322.1,NW,-0.97,-3.56,1.74
632804,2021-08-21,2021,CWS,2021-08-21 13:10:00,13,8,4,12,1,12,4,20,258,86.0,4,56,0.0714,0.05,86.1,30.0,78.7,1013.0,1.3,7.3,4.5,245.0,SW,6.86,5.59,7.3
632785,2021-08-22,2021,CWS,2021-08-22 13:10:00,13,9,0,9,0,18,6,19,300,81.5,2,50,0.04,0.0,86.5,30.3,77.3,1014.4,0.2,6.6,4.1,237.8,SW,6.4,5.52,6.51
632664,2021-08-30,2021,BOS,2021-08-30 19:10:00,19,6,1,7,2,18,9,14,315,81.7,3,47,0.0638,0.1429,83.8,28.8,77.0,1011.8,0.0,5.6,3.5,299.3,NW,1.52,-0.43,3.28
632669,2021-08-31,2021,BOS,2021-08-31 19:10:00,19,8,5,13,2,12,7,15,303,80.6,4,56,0.0714,0.1333,83.4,28.6,77.3,1010.7,0.2,15.0,9.3,268.0,W,11.0,6.84,13.84
632653,2021-09-01,2021,BOS,2021-09-01 19:10:00,19,2,3,5,2,19,3,17,292,83.0,0,47,0.0,0.1176,79.1,26.2,80.7,1010.3,0.3,22.3,13.9,261.3,W,17.99,12.38,21.43
632630,2021-09-02,2021,BOS,2021-09-02 19:10:00,19,0,4,4,0,22,6,14,291,79.1,1,43,0.0233,0.0,81.2,27.3,78.7,1011.6,0.3,11.5,7.2,294.0,NW,4.13,0.2,7.56
632627,2021-09-03,2021,MIN,2021-09-03 19:10:00,19,5,3,8,2,16,2,11,235,82.1,6,48,0.125,0.1818,77.6,25.3,90.7,1012.8,0.8,6.0,3.7,351.9,N,-3.6,-5.03,-1.75
632600,2021-09-04,2021,MIN,2021-09-04 16:05:00,16,11,4,15,8,15,9,22,311,83.4,10,56,0.1786,0.3636,80.8,27.1,81.0,1011.4,4.2,5.5,3.4,328.5,NW,-1.28,-3.03,0.63
632605,2021-09-05,2021,MIN,2021-09-05 13:10:00,13,5,6,11,2,10,9,24,329,82.7,4,65,0.0615,0.0833,84.0,28.9,74.7,1012.6,0.0,12.3,7.7,243.3,SW,11.71,9.67,12.33
632474,2021-09-16,2021,DET,2021-09-16 19:10:00,19,5,2,7,4,13,8,13,265,80.6,5,47,0.1064,0.3077,77.8,25.4,91.0,1014.5,1.1,6.1,3.8,190.0,S,5.02,5.92,3.52
632440,2021-09-17,2021,DET,2021-09-17 19:10:00,19,7,4,11,2,15,7,16,295,82.7,3,59,0.0508,0.125,79.2,26.2,87.3,1016.7,3.3,3.0,1.9,314.9,NW,0.0,-1.03,1.04
632427,2021-09-18,2021,DET,2021-09-18 16:10:00,16,3,4,7,3,15,5,12,267,79.2,4,49,0.0816,0.25,80.6,27.0,88.3,1013.4,3.3,3.7,2.3,294.5,NW,1.28,0.03,2.38
632421,2021-09-19,2021,DET,2021-09-19 13:10:00,13,0,2,2,2,16,7,11,266,78.6,5,45,0.1111,0.1818,81.8,27.7,85.7,1013.4,1.0,7.8,4.9,279.3,W,4.57,2.11,6.47
632406,2021-09-20,2021,TOR,2021-09-20 19:10:00,19,6,4,10,5,19,5,16,309,82.9,3,46,0.0652,0.3125,79.5,26.4,89.0,1015.1,0.2,4.8,3.0,342.3,N,-2.19,-3.5,-0.61
632391,2021-09-21,2021,TOR,2021-09-21 19:10:00,19,2,4,6,1,17,13,13,285,83.6,2,46,0.0435,0.0769,77.7,25.4,91.3,1014.8,1.1,5.4,3.4,68.3,E,-4.96,-3.93,-5.39
632377,2021-09-22,2021,TOR,2021-09-22 15:10:00,15,7,1,8,1,10,7,15,286,84.9,2,56,0.0357,0.0667,82.8,28.2,76.7,1009.6,0.3,12.0,7.5,262.7,W,9.53,6.44,11.47
632358,2021-09-24,2021,MIA,2021-09-24 19:10:00,19,8,0,8,0,19,7,13,288,80.2,2,43,0.0465,0.0,80.1,26.7,80.7,1012.9,0.0,7.8,4.8,22.5,N,-7.2,-7.79,-5.75
632335,2021-09-25,2021,MIA,2021-09-25 18:10:00,18,7,3,10,2,13,4,25,289,84.5,4,62,0.0645,0.08,81.1,27.3,77.3,1013.7,0.2,12.1,7.5,8.0,N,-9.69,-11.6,-6.6
632290,2021-09-26,2021,MIA,2021-09-26 13:10:00,13,3,2,5,1,21,4,11,265,82.5,1,41,0.0244,0.0909,83.4,28.5,69.0,1015.7,0.2,9.8,6.1,38.6,NE,-9.77,-9.56,-8.81
661918,2022-04-08,2022,BAL,2022-04-08 15:10:00,15,2,1,3,1,23,6,15,294,81.0,1,42,0.0238,0.0667,69.7,21.0,47.3,1013.5,0.0,30.1,18.7,277.7,W,18.27,8.97,25.37
661917,2022-04-09,2022,BAL,2022-04-09 13:10:00,13,5,3,8,2,15,4,16,238,88.0,4,49,0.0816,0.125,66.9,19.4,50.7,1017.1,0.0,31.2,19.4,293.2,NW,11.57,0.97,20.77
661916,2022-04-10,2022,BAL,2022-04-10 13:10:00,13,8,0,8,1,21,10,17,321,84.3,4,44,0.0909,0.0588,69.9,21.1,39.7,1019.5,0.0,9.6,5.9,46.7,NE,-9.56,-8.89,-9.08
661915,2022-04-11,2022,ATH,2022-04-11 18:40:00,18,2,13,15,4,21,4,21,298,86.2,5,55,0.0909,0.1905,69.9,21.1,76.3,1018.2,0.0,14.0,8.7,298.4,NW,3.99,-0.83,8.33
661944,2022-04-12,2022,ATH,2022-04-12 18:40:00,18,9,8,17,4,19,17,21,402,84.9,6,59,0.1017,0.1905,72.1,22.3,75.0,1017.3,0.0,14.1,8.8,313.6,NW,0.34,-4.51,5.15
661943,2022-04-13,2022,ATH,2022-04-13 18:40:00,18,2,4,6,2,22,6,13,287,82.6,2,46,0.0435,0.1538,75.0,23.9,73.3,1013.9,0.0,5.4,3.4,207.3,SW,5.14,5.4,4.27
661942,2022-04-14,2022,ATH,2022-04-14 13:10:00,13,3,6,9,1,16,3,16,240,82.6,5,52,0.0962,0.0625,79.2,26.2,70.7,1014.3,0.2,11.3,7.0,238.3,SW,11.0,9.44,11.22
661914,2022-04-22,2022,BOS,2022-04-22 19:10:00,19,3,4,7,3,14,6,17,297,83.0,3,55,0.0545,0.1765,75.7,24.3,53.7,1020.7,0.0,28.3,17.6,70.7,E,-25.48,-19.75,-28.13
661941,2022-04-23,2022,BOS,2022-04-23 18:10:00,18,3,2,5,1,20,7,5,279,83.7,2,45,0.0444,0.2,79.4,26.3,48.7,1016.9,0.0,25.2,15.7,91.6,E,-17.33,-10.02,-22.56
661931,2022-04-24,2022,BOS,2022-04-24 13:10:00,13,5,2,7,1,12,5,15,240,84.9,4,51,0.0784,0.0667,86.2,30.1,36.0,1016.3,0.0,13.3,8.3,106.3,E,-6.4,-2.01,-10.01
661929,2022-04-26,2022,SEA,2022-04-26 18:40:00,18,4,8,12,2,18,7,19,360,80.0,4,56,0.0714,0.1053,76.9,25.0,67.7,1016.5,0.0,15.4,9.6,324.0,NW,-2.41,-7.48,2.95
661909,2022-04-27,2022,SEA,2022-04-27 18:40:00,18,3,2,5,3,19,5,12,262,85.9,4,43,0.093,0.25,78.1,25.6,57.7,1014.1,0.0,12.9,8.0,314.3,NW,0.15,-4.27,4.55
661908,2022-04-28,2022,SEA,2022-04-28 13:10:00,13,2,1,3,0,15,7,13,262,80.4,0,44,0.0,0.0,83.8,28.8,46.3,1014.1,0.0,8.0,5.0,339.6,N,-3.34,-5.62,-0.65
661907,2022-04-29,2022,MIN,2022-04-29 19:10:00,19,6,1,7,2,17,3,11,243,82.0,6,43,0.1395,0.1818,72.3,22.4,76.7,1015.7,0.4,19.1,11.9,116.3,SE,-6.12,0.44,-11.94
661906,2022-04-30,2022,MIN,2022-04-30 16:10:00,16,1,9,10,4,25,6,18,320,82.6,6,48,0.125,0.2222,76.9,25.0,67.3,1014.0,0.9,14.2,8.8,34.2,NE,-13.92,-13.98,-12.17
661905,2022-05-01,2022,MIN,2022-05-01 13:10:00,13,3,9,12,1,18,4,21,294,83.7,4,56,0.0714,0.0476,77.2,25.1,71.0,1016.1,7.1,13.3,8.2,357.7,N,-9.0,-11.79,-5.12
661904,2022-05-13,2022,TOR,2022-05-13 19:10:00,19,5,2,7,0,13,3,13,247,81.7,1,50,0.02,0.0,76.5,24.7,62.3,1012.3,0.0,13.8,8.6,316.3,NW,-0.31,-5.01,4.42
661903,2022-05-14,2022,TOR,2022-05-14 18:10:00,18,1,5,6,3,14,5,13,285,81.9,3,53,0.0566,0.2308,78.2,25.7,61.0,1011.1,0.0,16.8,10.4,330.3,NW,-4.44,-9.72,1.37
661902,2022-05-15,2022,TOR,2022-05-15 13:40:00,13,3,0,3,0,14,1,11,234,78.1,1,47,0.0213,0.0,84.1,29.0,52.0,1011.1,0.0,12.1,7.5,276.3,W,7.56,3.87,10.33
661961,2022-05-16,2022,DET,2022-05-16 18:40:00,18,2,3,5,3,15,2,13,262,80.8,4,50,0.08,0.2308,78.3,25.7,69.3,1011.2,0.0,11.8,7.3,286.0,W,5.72,1.84,8.9
662053,2022-05-17,2022,DET,2022-05-17 18:40:00,18,8,1,9,4,13,2,18,248,82.8,5,55,0.0909,0.2222,79.9,26.6,73.3,1013.4,0.0,14.8,9.2,281.0,W,8.28,3.58,11.97
662054,2022-05-18,2022,DET,2022-05-18 13:10:00,13,6,1,7,3,20,4,16,287,83.1,3,43,0.0698,0.1875,85.0,29.5,65.7,1014.3,0.1,14.6,9.1,252.0,W,13.04,9.98,14.52
661978,2022-05-24,2022,MIA,2022-05-24 18:40:00,18,4,0,4,3,19,4,15,256,83.8,3,43,0.0698,0.2,80.7,27.1,76.3,1013.7,3.4,7.6,4.7,285.6,W,3.73,1.24,5.77
662052,2022-05-25,2022,MIA,2022-05-25 18:40:00,18,5,4,9,2,21,8,15,288,82.7,3,42,0.0714,0.1333,81.7,27.6,78.7,1014.9,0.0,5.9,3.7,245.4,SW,5.56,4.52,5.93
662051,2022-05-26,2022,NYY,2022-05-26 18:40:00,18,2,7,9,0,12,6,12,274,78.5,0,54,0.0,0.0,82.0,27.8,72.3,1015.0,0.0,17.9,11.1,247.3,SW,16.56,13.23,17.89
661960,2022-05-27,2022,NYY,2022-05-27 19:10:00,19,0,2,2,2,17,1,8,232,80.9,2,44,0.0455,0.25,78.0,25.5,82.7,1012.1,2.5,7.2,4.5,258.7,W,5.99,4.26,6.99
661933,2022-05-28,2022,NYY,2022-05-28 16:10:00,16,3,1,4,0,19,3,11,257,84.1,1,40,0.025,0.0,84.0,28.9,41.3,1010.4,0.0,15.4,9.5,312.0,NW,0.8,-4.49,6.0
661910,2022-05-29,2022,NYY,2022-05-29 13:40:00,13,4,2,6,4,18,4,11,264,82.6,3,44,0.0682,0.3636,88.1,31.2,38.7,1012.9,0.0,5.4,3.4,268.0,W,3.95,2.45,4.97
661897,2022-06-03,2022,CWS,2022-06-03 19:10:00,19,6,3,9,2,14,6,19,301,82.0,5,55,0.0909,0.1053,74.9,23.8,87.3,1006.8,0.3,23.2,14.4,96.7,E,-14.39,-7.3,-19.75
661896,2022-06-04,2022,CWS,2022-06-04 16:10:00,16,2,3,5,1,17,9,11,285,82.2,2,45,0.0444,0.0909,83.7,28.7,61.3,1001.4,0.0,25.8,16.1,28.3,NE,-24.75,-25.79,-20.72
661895,2022-06-05,2022,CWS,2022-06-05 13:40:00,13,5,6,11,2,11,4,25,311,81.7,6,64,0.0938,0.08,85.1,29.5,62.0,1006.9,0.1,11.4,7.1,247.3,SW,10.58,8.46,11.42
661894,2022-06-07,2022,STL,2022-06-07 19:10:00,19,4,2,6,1,16,6,12,292,82.7,2,54,0.037,0.0833,81.3,27.4,78.0,1012.6,0.3,6.3,3.9,263.4,W,4.91,3.29,5.95
661892,2022-06-08,2022,STL,2022-06-08 19:10:00,19,11,3,14,1,16,5,26,303,82.1,0,61,0.0,0.0385,80.8,27.1,76.3,1013.9,0.1,8.9,5.5,241.3,SW,8.51,7.15,8.85
661891,2022-06-09,2022,STL,2022-06-09 13:10:00,13,2,1,3,1,19,2,5,196,79.1,1,36,0.0278,0.2,82.0,27.8,76.0,1013.8,0.1,15.6,9.7,244.3,SW,14.69,12.04,15.57
661893,2022-06-20,2022,NYY,2022-06-20 19:10:00,19,2,4,6,1,25,7,10,314,82.2,3,40,0.075,0.1,79.0,26.1,87.0,1018.5,6.3,16.8,10.5,90.0,E,-11.9,-7.11,-15.26
661890,2022-06-21,2022,NYY,2022-06-21 19:10:00,19,5,4,9,5,15,5,13,256,85.5,3,48,0.0625,0.3846,84.3,29.0,46.7,1017.6,0.0,17.5,10.9,87.7,E,-12.89,-8.05,-16.18
661889,2022-06-22,2022,NYY,2022-06-22 19:10:00,19,4,5,9,5,13,11,17,306,82.5,6,56,0.1071,0.2941,82.9,28.3,61.7,1012.8,0.0,13.9,8.7,300.7,NW,3.45,-1.37,7.86
661888,2022-06-24,2022,PIT,2022-06-24 19:10:00,19,4,3,7,3,27,1,15,310,80.4,2,46,0.0435,0.2,79.8,26.5,85.3,1012.9,2.2,8.7,5.4,54.0,NE,-8.62,-7.64,-8.57
661887,2022-06-25,2022,PIT,2022-06-25 13:10:00,13,6,5,11,3,20,5,22,310,84.4,2,54,0.037,0.1364,80.1,26.7,82.3,1014.6,5.0,7.4,4.6,359.0,N,-5.12,-6.62,-3.0
661886,2022-06-26,2022,PIT,2022-06-26 13:40:00,13,4,2,6,1,20,7,16,280,81.3,3,46,0.0652,0.0625,90.7,32.6,47.7,1013.7,0.8,11.5,7.2,48.3,NE,-11.51,-10.59,-11.05
661885,2022-06-28,2022,MIL,2022-06-28 19:10:00,19,3,5,8,2,22,7,14,317,81.9,1,44,0.0227,0.1429,76.7,24.8,86.7,1017.4,10.1,6.8,4.2,50.8,NE,-6.8,-6.15,-6.62
661879,2022-06-29,2022,MIL,2022-06-29 12:10:00,12,3,5,8,4,22,8,14,328,78.6,5,46,0.1087,0.2857,88.6,31.5,56.0,1018.6,0.0,2.4,1.5,30.5,NE,-2.36,-2.42,-2.01
661878,2022-07-11,2022,BOS,2022-07-11 19:10:00,19,10,5,15,0,17,6,23,323,80.5,2,54,0.037,0.0,81.7,27.6,78.7,1012.2,0.1,16.0,10.0,257.7,W,13.5,9.72,15.64
661877,2022-07-12,2022,BOS,2022-07-12 19:10:00,19,3,2,5,0,20,6,12,268,81.0,1,41,0.0244,0.0,85.3,29.6,68.3,1014.6,0.0,10.4,6.5,249.0,W,9.5,7.49,10.38
661876,2022-07-13,2022,BOS,2022-07-13 19:10:00,19,4,1,5,1,14,5,10,252,81.1,2,45,0.0444,0.1,85.6,29.8,64.0,1016.0,0.0,9.6,5.9,8.6,N,-7.7,-9.18,-5.3
661875,2022-07-14,2022,BOS,2022-07-14 19:10:00,19,5,4,9,1,19,2,16,260,79.7,0,47,0.0,0.0625,78.3,25.7,86.0,1018.1,4.1,9.5,5.9,230.5,SW,9.42,8.54,9.17
661874,2022-07-15,2022,BAL,2022-07-15 19:10:00,19,5,4,9,4,14,3,18,277,82.6,2,55,0.0364,0.2222,79.6,26.5,74.7,1016.2,0.4,12.7,7.9,105.3,E,-6.27,-2.13,-9.66
661873,2022-07-16,2022,BAL,2022-07-16 16:10:00,16,4,6,10,2,16,5,18,331,80.7,5,61,0.082,0.1111,82.5,28.0,69.0,1013.6,2.3,13.6,8.5,112.0,E,-5.33,-0.72,-9.3
661872,2022-07-17,2022,BAL,2022-07-17 13:40:00,13,7,5,12,5,21,4,20,275,80.9,3,48,0.0625,0.25,85.8,29.9,69.7,1014.4,0.4,14.3,8.9,205.0,SW,13.47,14.33,10.98
661871,2022-07-29,2022,CLE,2022-07-29 19:10:00,19,1,4,5,1,19,5,14,284,79.1,1,48,0.0208,0.0714,89.1,31.7,53.3,1017.1,0.0,6.6,4.1,0.8,N,-4.75,-6.05,-2.88
661870,2022-07-30,2022,CLE,2022-07-30 13:10:00,13,6,4,10,3,26,3,21,286,79.3,4,45,0.0889,0.1429,93.2,34.0,40.3,1018.1,0.1,12.7,7.9,131.4,SE,-0.81,3.59,-5.1
661869,2022-07-31,2022,CLE,2022-07-31 13:40:00,13,3,5,8,0,11,9,17,310,83.2,3,58,0.0517,0.0,94.2,34.6,40.7,1019.0,0.0,6.6,4.1,146.7,SE,1.33,3.46,-0.96
661868,2022-08-02,2022,TOR,2022-08-02 19:10:00,19,1,3,4,1,17,4,10,257,80.7,2,43,0.0465,0.1,87.1,30.6,64.7,1015.9,0.0,10.1,6.3,339.4,N,-4.18,-7.07,-0.78
661867,2022-08-03,2022,TOR,2022-08-03 12:10:00,12,3,2,5,1,19,5,10,271,77.7,3,42,0.0714,0.1,89.5,32.0,54.7,1015.4,0.1,5.6,3.5,231.0,SW,5.6,5.06,5.47
661866,2022-08-12,2022,BAL,2022-08-12 19:10:00,19,3,10,13,3,17,3,24,285,80.6,4,60,0.0667,0.125,80.1,26.7,78.7,1014.7,1.1,13.1,8.1,6.2,N,-10.19,-12.37,-6.78
661865,2022-08-13,2022,BAL,2022-08-13 16:10:00,16,8,2,10,1,17,8,20,304,81.4,3,54,0.0556,0.05,87.1,30.6,54.0,1013.1,0.1,13.9,8.7,329.3,NW,-3.45,-7.86,1.37
661864,2022-08-14,2022,BAL,2022-08-14 13:40:00,13,4,1,5,1,20,2,9,232,82.3,4,40,0.1,0.1111,85.1,29.5,64.0,1013.2,0.6,10.1,6.3,331.3,NW,-2.85,-6.0,0.65
661863,2022-08-18,2022,KC,2022-08-18 19:10:00,19,7,1,8,3,13,5,18,280,78.6,5,55,0.0909,0.1667,78.6,25.9,84.7,1013.7,0.0,14.5,9.0,115.7,SE,-4.8,0.17,-9.19
661862,2022-08-19,2022,KC,2022-08-19 19:10:00,19,2,3,5,1,23,7,10,276,83.6,1,42,0.0238,0.1,81.0,27.2,82.0,1015.7,0.3,11.1,6.9,353.2,N,-6.88,-9.46,-3.47
661861,2022-08-20,2022,KC,2022-08-20 16:10:00,16,5,2,7,0,14,3,14,265,82.0,1,51,0.0196,0.0,88.4,31.3,55.7,1016.0,0.1,10.5,6.5,84.7,E,-8.05,-5.28,-9.85
661860,2022-08-21,2022,KC,2022-08-21 13:40:00,13,3,2,5,1,15,5,13,272,76.7,2,48,0.0417,0.0769,90.6,32.5,55.7,1016.0,0.0,3.9,2.4,253.1,W,3.41,2.58,3.83
661859,2022-08-22,2022,LAA,2022-08-22 19:10:00,19,2,1,3,1,16,9,13,284,78.8,1,46,0.0217,0.0769,79.6,26.5,82.0,1013.3,5.9,9.6,5.9,9.2,N,-7.76,-9.21,-5.38
661858,2022-08-23,2022,LAA,2022-08-23 19:10:00,19,11,1,12,3,15,4,21,293,81.1,4,57,0.0702,0.1429,78.3,25.7,85.0,1012.4,8.7,12.5,7.7,72.1,E,-11.1,-8.49,-12.37
661857,2022-08-24,2022,LAA,2022-08-24 19:10:00,19,4,3,7,1,23,9,12,348,81.2,1,53,0.0189,0.0833,79.2,26.2,89.7,1014.1,5.1,9.4,5.9,96.6,E,-5.85,-2.97,-8.03
661856,2022-08-25,2022,LAA,2022-08-25 13:10:00,13,8,3,11,2,21,5,17,283,81.2,3,47,0.0638,0.1176,88.4,31.3,64.7,1014.1,2.7,8.3,5.2,208.7,SW,7.96,8.28,6.69
661855,2022-09-02,2022,NYY,2022-09-02 19:10:00,19,9,0,9,1,16,9,16,301,83.4,1,50,0.02,0.0625,78.1,25.6,88.3,1016.1,1.3,10.0,6.2,43.4,NE,-10.03,-9.52,-9.33
661854,2022-09-03,2022,NYY,2022-09-03 18:10:00,18,2,1,3,1,12,2,10,225,82.2,2,47,0.0426,0.1,80.7,27.0,81.7,1013.9,3.6,7.2,4.5,4.6,N,-5.51,-6.78,-3.57
661853,2022-09-04,2022,NYY,2022-09-04 13:40:00,13,1,2,3,1,17,5,12,310,79.5,2,53,0.0377,0.0833,89.7,32.0,51.3,1012.7,0.0,4.3,2.7,217.8,SW,4.23,4.16,3.79
661852,2022-09-05,2022,BOS,2022-09-05 16:10:00,16,4,3,7,1,21,5,16,300,79.9,2,46,0.0435,0.0625,86.7,30.4,66.0,1013.1,0.1,6.8,4.2,337.9,N,-2.65,-4.63,-0.35
662043,2022-09-06,2022,BOS,2022-09-06 18:40:00,18,8,4,12,5,18,4,19,266,84.3,4,48,0.0833,0.2632,85.7,29.8,69.7,1014.1,0.0,7.8,4.8,344.3,N,-3.8,-5.89,-1.25
662065,2022-09-07,2022,BOS,2022-09-07 18:40:00,18,1,0,1,0,13,8,10,273,82.1,1,47,0.0213,0.0,80.0,26.7,79.0,1009.9,0.4,7.6,4.7,208.1,SW,7.3,7.62,6.1
662064,2022-09-16,2022,TEX,2022-09-16 19:10:00,19,3,4,7,1,15,3,19,289,80.1,3,57,0.0526,0.0526,76.2,24.6,89.0,1016.0,6.6,9.4,5.9,126.7,SE,-1.37,1.91,-4.48
662015,2022-09-17,2022,TEX,2022-09-17 18:10:00,18,5,1,6,2,13,4,13,252,79.1,1,48,0.0208,0.1538,75.9,24.4,86.3,1014.4,0.6,16.0,9.9,73.6,E,-14.01,-10.55,-15.79
661994,2022-09-18,2022,TEX,2022-09-18 13:10:00,13,5,3,8,4,21,2,16,273,82.7,4,46,0.087,0.25,83.1,28.4,64.7,1012.2,0.0,5.6,3.5,323.6,NW,-0.83,-2.68,1.11
662013,2022-09-19,2022,HOU,2022-09-19 18:40:00,18,0,4,4,1,14,6,11,262,83.9,3,51,0.0588,0.0909,77.7,25.4,85.0,1011.0,3.3,14.0,8.7,38.2,NE,-13.9,-13.63,-12.5
662012,2022-09-20,2022,HOU,2022-09-20 18:40:00,18,0,5,5,1,18,11,11,310,79.5,2,44,0.0455,0.0909,78.2,25.7,82.3,1011.2,1.5,9.7,6.0,31.0,NE,-9.38,-9.61,-8.02
662011,2022-09-21,2022,HOU,2022-09-21 18:40:00,18,2,5,7,3,13,4,17,255,80.5,5,57,0.0877,0.1765,81.3,27.4,74.0,1009.3,0.0,14.5,9.0,54.0,NE,-14.35,-12.71,-14.27
662041,2022-09-22,2022,TOR,2022-09-22 18:40:00,18,10,5,15,4,18,8,20,343,80.9,4,52,0.0769,0.2,81.9,27.7,74.0,1008.4,0.0,15.6,9.7,330.0,NW,-4.05,-8.97,1.36
662040,2022-09-23,2022,TOR,2022-09-23 19:10:00,19,10,6,16,1,14,11,19,312,82.2,3,55,0.0545,0.0526,77.1,25.0,86.3,1012.6,0.9,22.2,13.8,68.1,E,-20.43,-16.22,-22.17
662039,2022-09-24,2022,TOR,2022-09-24 18:10:00,18,1,3,4,1,18,5,12,278,82.0,2,44,0.0455,0.0833,83.6,28.7,60.0,1011.9,0.0,17.3,10.7,56.7,NE,-16.91,-14.7,-17.08
662063,2022-09-25,2022,TOR,2022-09-25 13:10:00,13,1,7,8,4,18,5,17,296,84.6,7,52,0.1346,0.2353,84.1,29.0,68.7,1010.0,0.1,15.2,9.4,26.6,NE,-14.4,-15.16,-11.89
718776,2023-03-30,2023,DET,2023-03-30 15:10:00,15,4,0,4,2,13,6,12,272,83.5,4,48,0.0833,0.1667,84.3,29.1,32.3,1017.4,0.0,16.6,10.3,64.3,NE,-15.66,-12.84,-16.6
718754,2023-04-01,2023,DET,2023-04-01 16:10:00,16,12,2,14,1,25,9,19,330,81.1,3,45,0.0667,0.0526,78.0,25.6,75.3,1016.6,0.0,19.6,12.2,244.0,SW,18.5,15.21,19.56
718742,2023-04-02,2023,DET,2023-04-02 13:10:00,13,5,1,6,2,18,3,10,244,83.1,3,43,0.0698,0.2,83.1,28.4,55.0,1015.9,0.0,14.7,9.2,289.0,W,6.46,1.54,10.6
718678,2023-04-07,2023,ATH,2023-04-07 18:40:00,18,9,5,14,7,15,7,22,280,84.7,8,55,0.1455,0.3182,78.8,26.0,64.3,1015.6,0.0,14.3,8.9,295.4,NW,4.81,-0.1,9.13
718665,2023-04-08,2023,ATH,2023-04-08 16:10:00,16,11,0,11,3,11,9,11,264,83.3,3,48,0.0625,0.2727,79.5,26.4,65.0,1013.7,0.0,16.4,10.2,270.3,W,11.55,6.85,14.85
718655,2023-04-09,2023,ATH,2023-04-09 13:10:00,13,11,0,11,3,16,8,13,293,81.0,5,47,0.1064,0.2308,77.2,25.1,59.7,1014.8,0.0,21.3,13.2,36.7,NE,-21.08,-20.86,-18.75
718638,2023-04-10,2023,BOS,2023-04-10 18:40:00,18,1,0,1,1,17,4,8,246,82.3,3,42,0.0714,0.125,72.1,22.3,63.7,1017.0,1.7,30.7,19.1,60.7,NE,-29.56,-24.94,-30.61
718625,2023-04-11,2023,BOS,2023-04-11 18:40:00,18,7,2,9,4,19,6,17,299,83.1,9,47,0.1915,0.2353,75.1,24.0,42.0,1015.9,0.0,32.8,20.4,77.7,E,-27.64,-19.91,-32.03
718600,2023-04-12,2023,BOS,2023-04-12 18:40:00,18,9,7,16,2,22,5,21,294,82.8,3,50,0.06,0.0952,70.2,21.2,83.0,1010.9,0.5,28.7,17.8,94.0,E,-18.83,-10.28,-25.1
718594,2023-04-13,2023,BOS,2023-04-13 13:10:00,13,9,3,12,3,21,4,14,270,81.9,3,44,0.0682,0.2143,79.7,26.5,68.3,1010.4,0.1,26.8,16.7,205.3,SW,25.24,26.8,20.63
718486,2023-04-21,2023,CWS,2023-04-21 18:40:00,18,8,7,15,4,25,12,20,343,81.5,5,46,0.1087,0.2,78.6,25.9,54.0,1010.9,0.0,13.7,8.5,305.1,NW,2.36,-2.39,6.84
718477,2023-04-22,2023,CWS,2023-04-22 16:05:00,16,4,3,7,4,26,4,14,322,82.0,3,45,0.0667,0.2857,78.4,25.8,67.7,1007.6,0.0,17.7,11.0,256.3,W,15.09,11.04,17.32
718457,2023-04-23,2023,CWS,2023-04-23 13:40:00,13,4,1,5,2,12,3,8,233,82.8,4,46,0.087,0.25,87.1,30.6,36.0,1010.6,0.0,10.1,6.3,72.0,E,-9.0,-6.89,-10.02
718449,2023-04-24,2023,HOU,2023-04-24 18:40:00,18,8,3,11,2,20,6,20,327,82.5,3,50,0.06,0.1,71.8,22.1,80.7,1012.0,0.1,18.8,11.7,58.0,NE,-18.28,-15.74,-18.63
718436,2023-04-25,2023,HOU,2023-04-25 18:40:00,18,0,5,5,0,15,5,16,296,79.1,0,52,0.0,0.0,77.5,25.3,64.3,1011.2,0.0,12.3,7.6,344.7,N,-6.1,-9.39,-2.08
718414,2023-04-26,2023,HOU,2023-04-26 18:40:00,18,0,1,1,0,14,6,7,239,85.3,0,43,0.0,0.0,79.9,26.6,63.0,1011.2,0.4,11.4,7.1,287.4,W,5.29,1.51,8.42
718347,2023-05-02,2023,PIT,2023-05-02 18:40:00,18,4,1,5,1,13,13,11,298,84.9,2,46,0.0435,0.0909,75.7,24.3,64.3,1009.8,0.0,19.7,12.3,273.0,W,13.2,7.39,17.42
718328,2023-05-03,2023,PIT,2023-05-03 18:40:00,18,8,1,9,3,24,4,17,296,82.9,4,46,0.087,0.1765,74.5,23.6,38.3,1010.3,0.0,13.1,8.1,277.0,W,8.04,4.03,11.08
718309,2023-05-04,2023,PIT,2023-05-04 13:10:00,13,3,2,5,3,21,5,9,245,82.4,3,36,0.0833,0.3333,82.0,27.8,43.3,1013.3,0.0,14.0,8.7,243.6,SW,13.24,10.91,13.96
718300,2023-05-05,2023,NYY,2023-05-05 18:40:00,18,5,4,9,3,10,6,15,264,81.7,5,54,0.0926,0.2,79.8,26.5,43.0,1014.0,0.0,5.7,3.5,168.9,S,3.18,4.61,1.37
718291,2023-05-06,2023,NYY,2023-05-06 16:10:00,16,2,3,5,0,16,6,17,279,80.7,1,52,0.0192,0.0,80.2,26.8,59.3,1016.2,0.1,14.9,9.3,72.1,E,-13.27,-10.15,-14.79
718271,2023-05-07,2023,NYY,2023-05-07 13:40:00,13,8,7,15,4,20,10,21,350,83.1,4,60,0.0667,0.1905,88.8,31.6,31.7,1016.7,0.0,13.9,8.6,78.0,E,-11.63,-8.35,-13.51
718117,2023-05-19,2023,MIL,2023-05-19 18:40:00,18,1,0,1,0,17,2,13,231,83.3,3,44,0.0682,0.0,82.5,28.1,59.7,1013.4,0.0,17.9,11.1,318.3,NW,-1.03,-7.09,5.15
718093,2023-05-20,2023,MIL,2023-05-20 16:10:00,16,8,4,12,5,16,7,16,293,83.0,7,49,0.1429,0.3125,85.8,29.9,55.3,1011.9,0.0,11.4,7.1,56.5,NE,-11.2,-9.75,-11.31
718081,2023-05-21,2023,MIL,2023-05-21 13:40:00,13,4,6,10,4,11,9,17,318,81.3,4,57,0.0702,0.2353,86.6,30.3,60.0,1011.2,0.0,6.7,4.1,245.2,SW,6.26,5.09,6.67
718077,2023-05-22,2023,TOR,2023-05-22 18:40:00,18,6,4,10,5,10,4,18,273,85.1,5,57,0.0877,0.2778,78.5,25.8,74.3,1011.0,1.5,18.5,11.5,67.1,NE,-17.15,-13.74,-18.49
718061,2023-05-23,2023,TOR,2023-05-23 18:40:00,18,1,20,21,5,14,4,33,286,83.0,5,69,0.0725,0.1515,76.0,24.4,81.3,1010.4,4.3,18.8,11.7,44.9,NE,-18.8,-17.68,-17.66
718044,2023-05-24,2023,TOR,2023-05-24 18:40:00,18,7,3,10,3,17,4,20,265,82.4,3,52,0.0577,0.15,74.7,23.7,83.7,1007.2,1.2,13.2,8.2,71.6,E,-11.78,-9.05,-13.08
718032,2023-05-25,2023,TOR,2023-05-25 13:10:00,13,6,3,9,0,12,11,13,291,81.9,0,52,0.0,0.0,82.2,27.9,63.0,1006.0,0.2,8.0,5.0,24.4,NE,-7.49,-8.0,-6.07
718018,2023-05-26,2023,LAD,2023-05-26 18:40:00,18,9,3,12,2,13,8,22,286,83.3,2,56,0.0357,0.0909,73.5,23.0,79.3,1009.6,4.1,20.3,12.6,37.0,NE,-20.07,-19.82,-17.9
718002,2023-05-27,2023,LAD,2023-05-27 16:10:00,16,5,6,11,3,23,6,18,323,83.8,6,49,0.1224,0.1667,78.0,25.5,60.3,1010.5,0.0,17.2,10.7,317.7,NW,-0.8,-6.62,5.11
717994,2023-05-28,2023,LAD,2023-05-28 11:35:00,11,11,10,21,6,21,7,28,311,85.2,6,59,0.1017,0.2143,80.2,26.8,59.0,1013.2,0.2,11.7,7.2,343.2,N,-5.51,-8.7,-1.67
717882,2023-06-06,2023,MIN,2023-06-06 18:40:00,18,7,0,7,2,19,6,11,249,81.3,4,43,0.093,0.1818,82.5,28.1,58.3,1009.6,0.0,10.7,6.6,258.2,W,8.96,6.42,10.42
717859,2023-06-07,2023,MIN,2023-06-07 18:40:00,18,2,1,3,2,17,5,9,252,81.3,2,41,0.0488,0.2222,78.3,25.7,77.3,1006.7,0.0,16.3,10.1,246.4,SW,15.15,12.21,16.26
717845,2023-06-08,2023,MIN,2023-06-08 13:10:00,13,4,2,6,3,17,2,10,232,84.3,5,43,0.1163,0.3,82.2,27.9,66.0,1007.7,0.7,14.3,8.9,241.7,SW,13.7,11.47,14.28
717827,2023-06-09,2023,TEX,2023-06-09 18:40:00,18,8,3,11,5,17,6,11,281,81.2,7,45,0.1556,0.4545,81.5,27.5,65.0,1008.0,0.0,12.8,7.9,298.7,NW,3.59,-0.82,7.56
717813,2023-06-10,2023,TEX,2023-06-10 16:10:00,16,4,8,12,2,19,10,19,335,84.2,5,54,0.0926,0.1053,84.7,29.3,61.7,1009.2,0.5,10.7,6.7,296.5,NW,3.41,-0.28,6.68
717801,2023-06-11,2023,TEX,2023-06-11 13:40:00,13,7,3,10,2,14,6,17,272,84.2,5,50,0.1,0.1176,87.5,30.8,51.7,1010.4,0.0,17.6,11.0,229.0,SW,17.59,16.11,16.95
717687,2023-06-20,2023,BAL,2023-06-20 18:40:00,18,6,8,14,3,25,8,19,337,84.5,6,48,0.125,0.1579,76.8,24.9,85.3,1011.0,4.9,12.4,7.7,263.6,W,9.71,6.48,11.78
717677,2023-06-21,2023,BAL,2023-06-21 12:10:00,12,7,2,9,4,21,5,14,286,80.6,5,43,0.1163,0.2857,86.5,30.3,64.7,1009.8,0.0,29.0,18.0,192.7,S,24.51,28.33,17.73
717659,2023-06-22,2023,KC,2023-06-22 18:40:00,18,5,6,11,2,21,7,19,321,81.1,3,52,0.0577,0.1053,78.7,25.9,85.0,1013.6,0.7,18.1,11.3,201.2,S,16.59,18.09,13.09
717649,2023-06-23,2023,KC,2023-06-23 18:40:00,18,11,3,14,3,20,5,28,292,80.1,3,55,0.0545,0.1071,77.4,25.2,83.0,1015.2,0.2,11.8,7.4,256.3,W,10.12,7.41,11.61
717632,2023-06-24,2023,KC,2023-06-24 16:10:00,16,4,9,13,4,13,3,19,250,82.9,7,58,0.1207,0.2105,84.7,29.3,69.7,1013.5,0.5,14.2,8.8,238.3,SW,13.85,11.89,14.14
717619,2023-06-25,2023,KC,2023-06-25 13:40:00,13,3,1,4,1,22,6,11,289,80.4,2,39,0.0513,0.0909,86.8,30.4,54.0,1012.9,0.0,10.9,6.8,329.4,NW,-2.7,-6.13,1.07
717499,2023-07-04,2023,PHI,2023-07-04 16:10:00,16,1,3,4,1,26,1,12,255,83.3,1,42,0.0238,0.0833,93.4,34.1,46.0,1014.0,0.0,16.7,10.4,315.7,NW,-0.19,-5.88,5.52
717491,2023-07-05,2023,PHI,2023-07-05 18:40:00,18,4,8,12,3,20,8,24,305,84.3,3,54,0.0556,0.125,87.4,30.8,63.7,1014.0,0.0,7.9,4.9,48.1,NE,-7.92,-7.3,-7.59
717472,2023-07-06,2023,PHI,2023-07-06 18:40:00,18,1,3,4,2,23,3,10,297,81.3,3,51,0.0588,0.2,87.7,31.0,63.7,1012.3,0.0,11.8,7.3,293.0,NW,4.41,0.41,7.87
717460,2023-07-07,2023,ATL,2023-07-07 18:40:00,18,1,2,3,2,22,4,8,253,85.2,3,39,0.0769,0.25,83.9,28.8,72.7,1012.1,6.4,11.2,7.0,272.9,W,7.51,4.21,9.9
717441,2023-07-08,2023,ATL,2023-07-08 19:15:00,19,1,6,7,1,20,7,11,304,80.9,3,45,0.0667,0.0909,84.7,29.3,70.7,1012.8,0.0,15.0,9.3,249.0,W,13.67,10.77,14.93
717429,2023-07-09,2023,ATL,2023-07-09 13:40:00,13,10,4,14,3,15,5,19,285,84.1,3,53,0.0566,0.1579,91.4,33.0,54.3,1013.8,0.0,19.3,12.0,259.7,W,15.85,11.14,18.64
717328,2023-07-20,2023,BAL,2023-07-20 18:40:00,18,3,4,7,0,27,3,15,280,83.6,0,45,0.0,0.0,84.4,29.1,75.0,1016.0,0.4,9.6,6.0,34.9,NE,-9.48,-9.49,-8.34
717320,2023-07-21,2023,BAL,2023-07-21 18:40:00,18,3,0,3,2,22,3,9,237,82.6,2,38,0.0526,0.2222,89.1,31.7,58.7,1012.7,0.0,8.0,5.0,298.6,NW,2.26,-0.5,4.75
717300,2023-07-22,2023,BAL,2023-07-22 16:10:00,16,5,6,11,0,21,9,14,330,79.4,0,44,0.0,0.0,89.7,32.1,57.3,1012.1,0.3,22.2,13.8,268.3,W,16.15,9.96,20.38
717291,2023-07-23,2023,BAL,2023-07-23 13:40:00,13,3,5,8,3,21,8,11,300,84.3,4,45,0.0889,0.2727,86.9,30.5,66.0,1015.3,2.3,19.8,12.3,255.6,W,17.06,12.58,19.49
717270,2023-07-25,2023,MIA,2023-07-25 18:40:00,18,4,1,5,1,17,4,11,253,80.4,5,41,0.122,0.0909,87.8,31.0,54.0,1017.1,0.0,12.7,7.9,317.3,NW,-0.52,-4.81,3.84
717252,2023-07-26,2023,MIA,2023-07-26 12:10:00,12,1,7,8,1,17,3,16,243,78.4,3,52,0.0577,0.0625,92.5,33.6,43.0,1016.6,0.0,2.0,1.3,291.7,W,0.8,0.12,1.39
717085,2023-08-08,2023,STL,2023-08-08 18:40:00,18,4,2,6,3,16,3,18,246,79.4,4,49,0.0816,0.1667,89.7,32.1,61.7,1014.5,0.0,14.9,9.2,294.7,NW,5.17,0.09,9.63
717064,2023-08-09,2023,STL,2023-08-09 18:40:00,18,4,6,10,4,14,4,18,269,81.2,3,56,0.0536,0.2222,90.0,32.2,58.7,1013.0,0.0,12.4,7.7,278.7,W,7.35,3.49,10.32
717048,2023-08-10,2023,STL,2023-08-10 18:40:00,18,2,5,7,2,13,1,15,245,84.9,3,55,0.0545,0.1333,89.4,31.9,60.7,1012.4,0.0,12.5,7.7,253.0,W,11.01,8.34,12.35
717038,2023-08-11,2023,CLE,2023-08-11 18:40:00,18,9,8,17,3,12,12,17,306,80.1,4,58,0.069,0.1765,90.2,32.3,59.7,1012.3,0.0,15.9,9.9,293.3,NW,5.86,0.46,10.55
717024,2023-08-12,2023,CLE,2023-08-12 16:10:00,16,6,5,11,1,23,2,25,312,84.0,3,54,0.0556,0.04,93.3,34.0,50.3,1011.9,0.1,5.9,3.6,324.3,NW,-0.95,-2.87,1.09
717010,2023-08-13,2023,CLE,2023-08-13 13:40:00,13,2,9,11,2,17,3,23,311,81.3,2,57,0.0351,0.087,94.9,34.9,47.0,1013.5,1.4,14.7,9.2,297.1,NW,4.54,-0.53,9.06
716898,2023-08-22,2023,COL,2023-08-22 18:40:00,18,12,4,16,2,19,6,23,293,80.2,3,55,0.0545,0.087,90.3,32.4,47.3,1011.0,0.0,15.2,9.4,55.7,NE,-14.94,-13.07,-15.0
716880,2023-08-23,2023,COL,2023-08-23 18:40:00,18,6,5,11,3,21,6,19,300,80.4,7,50,0.14,0.1579,87.4,30.8,61.3,1010.5,0.0,15.9,9.9,42.7,NE,-15.85,-15.12,-14.68
716869,2023-08-24,2023,COL,2023-08-24 13:10:00,13,5,3,8,4,22,4,16,284,80.5,4,41,0.0976,0.25,91.4,33.0,51.7,1011.8,1.2,14.1,8.8,67.7,E,-13.04,-10.38,-14.12
716854,2023-08-25,2023,NYY,2023-08-25 18:40:00,18,2,6,8,3,26,3,15,294,82.4,3,44,0.0682,0.2,91.2,32.9,45.0,1010.0,0.3,11.5,7.1,62.9,NE,-10.91,-9.04,-11.46
716845,2023-08-26,2023,NYY,2023-08-26 16:10:00,16,3,0,3,0,18,4,9,256,84.0,2,43,0.0465,0.0,90.0,32.2,54.7,1006.4,1.2,13.5,8.4,26.1,NE,-12.81,-13.53,-10.54
716828,2023-08-27,2023,NYY,2023-08-27 13:40:00,13,7,4,11,4,16,4,14,283,79.2,7,49,0.1429,0.2857,92.3,33.5,48.3,1005.5,3.6,13.0,8.1,83.2,E,-10.24,-6.86,-12.38
716722,2023-09-04,2023,BOS,2023-09-04 16:10:00,16,3,7,10,2,27,6,12,302,81.4,3,37,0.0811,0.1667,89.5,31.9,44.0,1011.5,0.0,11.4,7.1,69.7,E,-10.39,-8.13,-11.4
716716,2023-09-05,2023,BOS,2023-09-05 18:40:00,18,8,6,14,3,26,12,17,417,80.1,7,53,0.1321,0.1765,84.2,29.0,59.3,1013.0,0.0,17.8,11.1,304.7,NW,3.19,-2.99,8.99
716696,2023-09-06,2023,BOS,2023-09-06 18:40:00,18,3,1,4,2,23,6,13,277,82.5,3,40,0.075,0.1538,84.1,28.9,64.0,1012.1,0.0,7.3,4.5,328.9,NW,-1.74,-4.05,0.77
716683,2023-09-07,2023,SEA,2023-09-07 18:40:00,18,0,1,1,0,20,6,9,255,80.6,0,41,0.0,0.0,83.1,28.4,70.7,1010.5,0.5,7.2,4.5,249.3,W,6.56,5.15,7.18
716671,2023-09-08,2023,SEA,2023-09-08 18:40:00,18,7,4,11,6,17,6,15,267,85.7,8,49,0.1633,0.4,81.0,27.2,73.0,1011.1,0.5,4.9,3.1,147.8,SE,1.1,2.67,-0.62
716656,2023-09-09,2023,SEA,2023-09-09 16:05:00,16,7,5,12,2,14,8,13,283,81.6,2,49,0.0408,0.1538,86.2,30.1,57.0,1011.1,0.0,12.9,8.0,241.3,SW,12.35,10.37,12.84
716645,2023-09-10,2023,SEA,2023-09-10 13:10:00,13,6,3,9,0,25,4,20,280,80.9,1,44,0.0227,0.0,89.2,31.8,53.7,1013.5,0.0,10.1,6.3,217.7,SW,10.05,9.89,9.0
716524,2023-09-19,2023,LAA,2023-09-19 18:40:00,18,6,2,8,3,20,8,14,293,82.1,4,42,0.0952,0.2143,80.6,27.0,72.3,1012.9,0.0,17.0,10.6,85.3,E,-12.96,-8.41,-15.94
716501,2023-09-20,2023,LAA,2023-09-20 18:40:00,18,3,8,11,2,30,7,18,375,78.3,2,44,0.0455,0.1111,78.1,25.6,80.0,1013.1,0.4,24.7,15.4,60.2,NE,-23.87,-20.21,-24.65
716498,2023-09-21,2023,LAA,2023-09-21 13:10:00,13,5,4,9,1,21,7,19,340,82.5,1,50,0.02,0.0526,86.9,30.5,54.0,1012.5,0.0,4.9,3.0,76.9,E,-4.16,-3.02,-4.79
716479,2023-09-22,2023,TOR,2023-09-22 18:40:00,18,2,6,8,2,22,5,16,298,83.1,1,47,0.0213,0.125,81.1,27.3,63.0,1010.5,0.0,15.1,9.4,19.7,N,-13.62,-15.0,-10.59
716463,2023-09-23,2023,TOR,2023-09-23 16:10:00,16,7,6,13,3,18,7,22,340,80.9,3,59,0.0508,0.1364,86.1,30.0,36.0,1008.8,0.0,2.6,1.6,161.1,S,1.14,1.87,0.28
716452,2023-09-24,2023,TOR,2023-09-24 13:10:00,13,5,9,14,5,19,6,24,313,81.2,5,57,0.0877,0.2083,90.6,32.5,37.0,1011.0,0.0,8.8,5.5,91.9,E,-6.03,-3.46,-7.88
745116,2024-03-28,2024,TOR,2024-03-28 16:10:00,16,2,8,10,4,18,9,15,291,85.9,6,47,0.1277,0.2667,69.3,20.7,68.0,1012.1,0.0,27.7,17.2,313.0,NW,0.97,-8.56,10.38
745117,2024-03-29,2024,TOR,2024-03-29 18:50:00,18,8,2,10,2,14,4,16,290,81.9,2,53,0.0377,0.125,67.7,19.8,53.3,1017.7,0.0,12.6,7.8,335.3,NW,-4.36,-8.13,-0.07
745119,2024-03-30,2024,TOR,2024-03-30 16:10:00,16,5,1,6,1,16,7,17,303,78.8,2,49,0.0408,0.0588,73.0,22.8,64.3,1017.4,0.0,16.3,10.1,250.3,W,14.76,11.48,16.26
745115,2024-03-31,2024,TOR,2024-03-31 13:40:00,13,2,9,11,4,15,10,13,316,81.1,6,52,0.1154,0.3077,75.0,23.9,60.3,1018.8,0.0,12.8,8.0,238.3,SW,12.49,10.72,12.75
745109,2024-04-01,2024,TEX,2024-04-01 18:50:00,18,3,9,12,4,16,12,13,299,85.7,4,48,0.0833,0.3077,70.7,21.5,82.7,1015.6,0.0,8.7,5.4,232.3,SW,8.66,7.76,8.52
745111,2024-04-02,2024,TEX,2024-04-02 18:50:00,18,5,2,7,1,17,3,14,268,79.9,1,48,0.0208,0.0714,73.9,23.3,89.7,1010.2,0.0,21.9,13.6,191.0,S,18.18,21.28,12.89
745114,2024-04-03,2024,TEX,2024-04-03 13:10:00,13,1,4,5,1,19,3,18,271,81.0,0,50,0.0,0.0556,75.8,24.3,86.7,1004.2,6.5,42.2,26.2,235.4,SW,41.47,36.36,41.58
745112,2024-04-12,2024,SF,2024-04-12 18:50:00,18,2,1,3,0,19,9,12,284,80.5,2,41,0.0488,0.0,69.7,21.0,60.7,1019.0,0.0,17.0,10.6,293.3,NW,6.29,0.5,11.32
745110,2024-04-13,2024,SF,2024-04-13 16:10:00,16,2,11,13,5,16,8,21,313,82.9,5,56,0.0893,0.2381,77.4,25.2,31.3,1019.8,0.0,8.9,5.5,29.8,NE,-8.56,-8.84,-7.24
745113,2024-04-14,2024,SF,2024-04-14 13:40:00,13,9,4,13,5,15,3,20,258,81.2,4,55,0.0727,0.25,79.8,26.5,28.0,1019.1,0.0,4.1,2.5,28.1,NE,-3.92,-4.09,-3.28
745106,2024-04-15,2024,LAA,2024-04-15 18:50:00,18,3,7,10,3,12,5,19,285,82.1,3,59,0.0508,0.1579,74.5,23.6,56.3,1016.0,0.0,18.2,11.3,317.3,NW,-0.74,-6.91,5.53
745108,2024-04-16,2024,LAA,2024-04-16 18:50:00,18,7,6,13,2,25,9,13,395,80.4,7,64,0.1094,0.1538,76.7,24.8,55.7,1016.4,0.0,16.7,10.4,304.4,NW,3.07,-2.73,8.5
745105,2024-04-17,2024,LAA,2024-04-17 18:50:00,18,4,5,9,2,17,3,23,302,82.7,3,56,0.0536,0.087,75.1,24.0,66.7,1016.6,0.0,16.1,10.0,298.6,NW,4.53,-1.01,9.53
745104,2024-04-18,2024,LAA,2024-04-18 13:10:00,13,2,1,3,0,18,4,11,242,82.7,2,42,0.0476,0.0,81.4,27.4,57.0,1016.0,0.0,12.1,7.5,238.0,SW,11.76,10.12,11.98
745107,2024-04-22,2024,DET,2024-04-22 18:50:00,18,1,7,8,3,22,1,17,270,84.3,3,48,0.0625,0.1765,69.9,21.1,59.7,1015.0,0.0,23.1,14.4,340.3,N,-9.9,-16.45,-2.15
745102,2024-04-23,2024,DET,2024-04-23 18:50:00,18,2,4,6,4,14,3,13,264,81.3,4,52,0.0769,0.3077,76.4,24.7,34.3,1016.9,0.0,13.1,8.1,95.7,E,-8.31,-4.34,-11.27
745099,2024-04-24,2024,DET,2024-04-24 18:50:00,18,7,5,12,2,21,3,18,299,82.7,2,47,0.0426,0.1111,74.6,23.7,52.7,1016.9,0.0,17.9,11.1,305.7,NW,2.9,-3.31,8.75
745101,2024-05-03,2024,NYM,2024-05-03 18:50:00,18,10,8,18,3,16,7,23,297,83.2,3,56,0.0536,0.1304,80.4,26.9,64.3,1011.8,0.0,19.7,12.3,324.7,NW,-3.32,-9.77,3.54
745100,2024-05-04,2024,NYM,2024-05-04 19:15:00,19,3,1,4,0,19,8,13,293,79.1,1,43,0.0233,0.0,78.4,25.8,69.7,1013.8,0.0,14.0,8.7,323.4,NW,-2.05,-6.66,2.81
745103,2024-05-05,2024,NYM,2024-05-05 13:40:00,13,7,6,13,2,20,16,17,370,81.0,2,54,0.037,0.1176,84.5,29.2,55.7,1014.3,0.2,13.6,8.5,226.4,SW,13.6,12.66,12.89
745098,2024-05-06,2024,CWS,2024-05-06 18:50:00,18,8,2,10,2,14,8,17,281,81.8,4,54,0.0741,0.1176,80.9,27.2,63.7,1012.0,0.0,14.6,9.1,285.7,W,7.17,2.37,11.1
745095,2024-05-07,2024,CWS,2024-05-07 18:50:00,18,5,1,6,3,9,5,14,287,81.0,2,56,0.0357,0.2143,80.8,27.1,66.0,1010.2,0.0,12.0,7.5,286.6,W,5.72,1.76,9.0
745097,2024-05-08,2024,CWS,2024-05-08 18:50:00,18,1,4,5,1,21,6,16,292,81.1,3,44,0.0682,0.0625,81.1,27.3,74.3,1009.8,0.0,13.1,8.2,240.0,SW,12.69,10.76,13.08
745094,2024-05-10,2024,NYY,2024-05-10 18:50:00,18,0,2,2,1,20,6,15,281,82.1,3,44,0.0682,0.0667,81.3,27.4,79.7,1008.2,0.0,21.5,13.4,241.3,SW,20.63,17.32,21.46
745096,2024-05-11,2024,NYY,2024-05-11 16:10:00,16,7,2,9,2,12,7,13,276,82.5,5,50,0.1,0.1538,86.4,30.2,38.3,1008.7,0.0,21.1,13.1,297.0,NW,6.51,-0.74,12.97
745092,2024-05-12,2024,NYY,2024-05-12 13:40:00,13,6,10,16,7,12,8,19,317,84.2,11,59,0.1864,0.3684,89.6,32.0,38.0,1010.4,0.0,10.0,6.2,90.7,E,-6.97,-4.11,-8.98
745093,2024-05-20,2024,BOS,2024-05-20 18:50:00,18,0,5,5,2,18,1,10,236,82.5,4,43,0.093,0.2,80.9,27.2,54.3,1009.8,0.0,16.0,10.0,317.9,NW,-0.82,-6.25,4.7
745090,2024-05-21,2024,BOS,2024-05-21 18:50:00,18,2,5,7,2,20,4,14,256,83.7,4,46,0.087,0.1429,81.9,27.7,55.7,1010.6,0.0,18.2,11.3,328.3,NW,-4.19,-9.98,2.11
745089,2024-05-22,2024,BOS,2024-05-22 18:50:00,18,5,8,13,2,16,10,16,295,81.1,5,53,0.0943,0.125,84.7,29.3,53.3,1011.3,0.0,13.1,8.2,297.9,NW,3.86,-0.67,7.92
745087,2024-05-24,2024,KC,2024-05-24 18:50:00,18,1,8,9,2,12,6,16,289,80.6,7,56,0.125,0.125,84.1,29.0,64.3,1010.3,0.0,17.7,11.0,289.0,W,7.73,1.83,12.7
745086,2024-05-25,2024,KC,2024-05-25 16:10:00,16,4,7,11,2,13,11,18,354,80.6,4,65,0.0615,0.1111,88.7,31.5,37.7,1010.5,0.0,19.6,12.2,278.7,W,11.59,5.5,16.29
745088,2024-05-26,2024,KC,2024-05-26 13:40:00,13,4,1,5,1,16,6,13,285,80.0,2,47,0.0426,0.0769,89.5,31.9,34.3,1011.9,0.0,18.2,11.3,227.7,SW,18.21,16.83,17.4
745091,2024-05-28,2024,ATH,2024-05-28 18:50:00,18,0,3,3,1,19,6,9,293,80.6,4,41,0.0976,0.1111,84.4,29.1,67.3,1013.5,0.0,16.3,10.1,293.7,NW,5.93,0.38,10.77
745084,2024-05-29,2024,ATH,2024-05-29 18:50:00,18,4,3,7,0,18,4,15,299,82.9,1,47,0.0213,0.0,88.3,31.3,42.3,1013.6,0.0,21.5,13.3,344.3,N,-10.51,-16.28,-3.48
745081,2024-05-30,2024,ATH,2024-05-30 13:10:00,13,6,5,11,4,26,9,17,357,80.8,6,58,0.1034,0.2353,94.9,35.0,29.3,1013.6,0.0,6.2,3.9,119.0,SE,-1.71,0.43,-3.65
745083,2024-06-07,2024,BAL,2024-06-07 18:50:00,18,3,6,9,4,21,2,18,297,83.5,4,51,0.0784,0.2222,85.3,29.6,64.3,1009.2,0.0,14.2,8.8,277.2,W,8.7,4.33,12.01
745082,2024-06-08,2024,BAL,2024-06-08 16:10:00,16,0,5,5,2,25,6,11,335,79.5,2,40,0.05,0.1818,89.0,31.7,55.3,1010.5,0.0,15.6,9.7,259.7,W,12.83,9.02,15.09
745085,2024-06-09,2024,BAL,2024-06-09 13:40:00,13,2,9,11,2,15,6,19,336,82.7,2,58,0.0345,0.1053,93.5,34.2,43.0,1010.1,0.0,17.0,10.6,274.7,W,11.0,5.91,14.77
745080,2024-06-10,2024,BAL,2024-06-10 18:50:00,18,2,5,7,3,24,4,16,281,84.7,4,45,0.0889,0.1875,82.5,28.0,74.3,1008.2,4.8,18.6,11.5,221.4,SW,18.53,17.81,17.01
745077,2024-06-11,2024,CHC,2024-06-11 18:50:00,18,5,2,7,2,17,5,18,284,83.0,6,54,0.1111,0.1111,79.5,26.4,85.3,1007.8,3.0,21.0,13.0,204.6,SW,19.65,20.97,15.97
745079,2024-06-12,2024,CHC,2024-06-12 18:50:00,18,3,4,7,4,17,5,16,293,83.3,5,53,0.0943,0.25,81.5,27.5,77.7,1009.4,1.5,8.4,5.2,296.0,NW,2.72,-0.15,5.26
745075,2024-06-13,2024,CHC,2024-06-13 18:50:00,18,3,2,5,0,18,5,10,262,78.9,1,44,0.0227,0.0,76.9,24.9,89.0,1010.1,7.1,8.1,5.0,80.2,E,-6.59,-4.61,-7.79
745078,2024-06-24,2024,SEA,2024-06-24 18:50:00,18,4,3,7,2,25,9,14,320,81.2,5,40,0.125,0.1429,81.9,27.7,76.7,1011.5,2.1,10.3,6.4,182.4,S,7.61,9.54,4.76
745076,2024-06-25,2024,SEA,2024-06-25 18:50:00,18,11,3,14,5,19,7,17,311,81.6,5,48,0.1042,0.2941,84.9,29.4,69.7,1012.5,0.3,7.3,4.6,272.2,W,4.99,2.85,6.52
745073,2024-06-26,2024,SEA,2024-06-26 12:10:00,12,2,5,7,1,21,6,10,318,78.2,3,41,0.0732,0.1,88.2,31.2,61.3,1012.4,0.0,13.3,8.3,254.3,W,11.59,8.67,13.12
745070,2024-06-28,2024,WSH,2024-06-28 18:50:00,18,3,1,4,2,17,4,14,287,81.4,3,46,0.0652,0.1429,84.1,29.0,74.0,1014.6,0.0,9.9,6.1,143.7,SE,1.49,4.74,-1.94
745071,2024-06-29,2024,WSH,2024-06-29 16:10:00,16,1,8,9,2,15,8,15,296,83.0,6,51,0.1176,0.1333,82.2,27.9,78.7,1017.7,0.3,12.5,7.8,62.6,NE,-11.95,-9.94,-12.52
745072,2024-06-30,2024,WSH,2024-06-30 13:40:00,13,5,0,5,3,23,4,12,274,82.5,4,39,0.1026,0.25,85.8,29.9,66.3,1017.2,0.2,11.3,7.0,193.6,S,9.62,11.04,7.03
745074,2024-07-09,2024,NYY,2024-07-09 18:50:00,18,5,3,8,2,21,8,14,303,83.9,2,43,0.0465,0.1429,87.6,30.9,63.0,1014.0,0.0,10.5,6.5,292.7,NW,3.99,0.41,7.08
745069,2024-07-10,2024,NYY,2024-07-10 18:50:00,18,1,2,3,0,16,6,16,298,79.4,2,50,0.04,0.0,88.4,31.3,59.3,1013.4,0.0,13.9,8.6,307.6,NW,1.78,-3.04,6.39
745065,2024-07-11,2024,NYY,2024-07-11 18:50:00,18,5,4,9,3,21,8,17,313,83.4,8,46,0.1739,0.1765,85.4,29.7,69.0,1013.2,0.0,14.8,9.2,284.9,W,7.44,2.6,11.38
745064,2024-07-12,2024,CLE,2024-07-12 18:50:00,18,2,0,2,0,21,6,14,266,83.5,1,43,0.0233,0.0,87.6,30.9,56.7,1017.4,0.2,11.7,7.3,260.3,W,9.57,6.67,11.32
745067,2024-07-13,2024,CLE,2024-07-13 16:10:00,16,2,4,6,2,10,5,18,280,84.9,3,60,0.05,0.1111,86.5,30.3,61.0,1018.6,0.0,6.3,3.9,58.3,NE,-6.16,-5.29,-6.29
745066,2024-07-14,2024,CLE,2024-07-14 13:40:00,13,2,0,2,2,15,2,9,227,83.3,4,45,0.0889,0.2222,87.3,30.7,64.7,1017.8,2.0,5.3,3.3,343.6,N,-2.52,-3.95,-0.78
745068,2024-07-26,2024,CIN,2024-07-26 18:50:00,18,2,3,5,0,21,5,10,299,81.5,2,48,0.0417,0.0,84.1,29.0,75.0,1014.2,0.0,9.9,6.1,341.7,N,-4.43,-7.18,-1.15
745059,2024-07-27,2024,CIN,2024-07-27 16:10:00,16,4,0,4,2,10,6,12,276,79.5,5,50,0.1,0.1667,83.9,28.8,76.0,1014.0,0.1,6.9,4.3,251.3,W,6.18,4.77,6.86
745063,2024-07-28,2024,CIN,2024-07-28 11:35:00,11,2,1,3,0,18,5,9,275,79.7,0,43,0.0,0.0,86.4,30.2,70.7,1017.1,0.8,5.8,3.6,334.6,NW,-1.95,-3.72,0.04
745060,2024-07-30,2024,MIA,2024-07-30 18:50:00,18,9,3,12,3,20,6,21,329,79.8,5,51,0.098,0.1429,79.5,26.4,83.7,1015.4,3.9,8.2,5.1,91.0,E,-5.72,-3.35,-7.4
745061,2024-07-31,2024,MIA,2024-07-31 12:10:00,12,2,6,8,3,25,3,15,321,80.9,2,43,0.0465,0.2,86.8,30.5,72.7,1017.0,0.3,6.6,4.1,222.6,SW,6.59,6.29,6.1
745062,2024-08-09,2024,BAL,2024-08-09 18:50:00,18,1,4,5,3,20,3,15,280,81.3,3,49,0.0612,0.2,84.1,29.0,79.0,1012.9,0.1,15.3,9.5,214.7,SW,15.02,15.05,13.18
745056,2024-08-10,2024,BAL,2024-08-10 19:15:00,19,5,7,12,3,16,7,22,339,81.7,4,60,0.0667,0.1364,83.1,28.4,80.0,1015.8,0.9,10.6,6.6,222.3,SW,10.59,10.12,9.78
745057,2024-08-11,2024,BAL,2024-08-11 13:40:00,13,2,1,3,1,20,5,15,262,82.7,1,46,0.0217,0.0667,85.7,29.8,79.0,1015.7,0.4,13.5,8.4,224.7,SW,13.53,12.74,12.69
745058,2024-08-12,2024,HOU,2024-08-12 18:50:00,18,1,6,7,2,24,3,14,297,81.1,2,43,0.0465,0.1429,84.5,29.2,77.0,1014.5,0.0,7.7,4.8,258.0,W,6.43,4.61,7.47
745055,2024-08-13,2024,HOU,2024-08-13 18:50:00,18,2,3,5,2,18,3,14,268,82.0,4,51,0.0784,0.1429,85.4,29.7,74.0,1014.2,0.0,10.5,6.5,291.7,W,4.14,0.61,7.18
745053,2024-08-14,2024,HOU,2024-08-14 18:50:00,18,1,2,3,1,17,7,4,298,79.5,3,47,0.0638,0.25,86.8,30.5,68.7,1011.7,0.0,9.1,5.7,346.8,N,-4.82,-7.18,-1.87
745054,2024-08-16,2024,AZ,2024-08-16 18:50:00,18,5,4,9,2,18,5,20,288,82.7,3,54,0.0556,0.1,85.4,29.7,54.7,1013.0,0.0,19.4,12.1,75.0,E,-16.83,-12.49,-19.14
745049,2024-08-17,2024,AZ,2024-08-17 16:10:00,16,6,1,7,1,16,4,18,288,81.9,2,51,0.0392,0.0556,89.8,32.1,44.3,1011.6,0.0,14.8,9.2,79.0,E,-12.3,-8.72,-14.39
745051,2024-08-18,2024,AZ,2024-08-18 13:40:00,13,8,7,15,3,22,11,21,376,78.2,6,67,0.0896,0.1429,90.8,32.7,46.3,1012.2,0.0,4.4,2.8,92.7,E,-2.98,-1.68,-3.93
745052,2024-08-30,2024,SD,2024-08-30 18:50:00,18,5,13,18,4,21,14,23,405,83.3,7,54,0.1296,0.1739,79.5,26.4,81.3,1015.1,0.1,10.0,6.2,35.6,NE,-9.87,-9.83,-8.71
745050,2024-08-31,2024,SD,2024-08-31 16:10:00,16,11,4,15,2,10,8,23,296,81.8,5,63,0.0794,0.087,79.0,26.1,81.7,1011.9,8.2,12.1,7.5,92.5,E,-8.2,-4.65,-10.76
745048,2024-09-01,2024,SD,2024-09-01 13:40:00,13,3,4,7,1,15,16,10,359,79.6,1,48,0.0208,0.1,84.5,29.2,74.3,1010.9,0.3,8.6,5.3,208.6,SW,8.22,8.55,6.9
745046,2024-09-02,2024,MIN,2024-09-02 18:50:00,18,4,5,9,3,15,6,20,320,82.1,2,58,0.0345,0.15,79.5,26.4,84.0,1011.5,0.1,10.9,6.8,117.0,SE,-3.37,0.38,-6.71
745047,2024-09-03,2024,MIN,2024-09-03 18:50:00,18,2,1,3,1,21,3,12,262,80.3,1,42,0.0238,0.0833,80.1,26.7,86.3,1013.1,0.9,12.9,8.0,73.1,E,-11.41,-8.65,-12.81
745045,2024-09-04,2024,MIN,2024-09-04 18:50:00,18,9,4,13,3,15,5,20,269,83.7,5,56,0.0893,0.15,78.4,25.8,87.7,1014.9,3.2,12.6,7.8,52.8,NE,-12.52,-11.17,-12.35
745042,2024-09-05,2024,MIN,2024-09-05 13:10:00,13,3,4,7,2,24,3,15,245,85.8,3,44,0.0682,0.1333,87.2,30.7,73.3,1013.4,0.4,4.6,2.9,143.2,SE,0.65,2.17,-0.94
745044,2024-09-17,2024,BOS,2024-09-17 18:50:00,18,8,3,11,6,18,3,15,285,84.0,11,49,0.2245,0.4,83.3,28.5,73.3,1010.3,0.0,11.4,7.1,345.0,N,-5.72,-8.76,-1.98
745040,2024-09-18,2024,BOS,2024-09-18 18:50:00,18,1,2,3,1,25,3,14,260,78.4,3,39,0.0769,0.0714,82.3,28.0,73.7,1009.9,0.0,7.6,4.7,267.9,W,5.56,3.46,7.0
745041,2024-09-19,2024,BOS,2024-09-19 18:50:00,18,2,0,2,0,21,2,8,239,78.3,2,37,0.0541,0.0,83.2,28.5,66.3,1008.1,0.0,11.3,7.0,325.7,NW,-2.08,-5.75,1.83
745043,2024-09-20,2024,TOR,2024-09-20 18:50:00,18,1,0,1,1,20,3,11,257,79.3,3,40,0.075,0.0909,83.1,28.4,64.0,1008.1,0.0,17.1,10.6,51.8,NE,-17.01,-15.3,-16.68
745038,2024-09-21,2024,TOR,2024-09-21 16:10:00,16,3,2,5,1,15,7,16,298,81.0,1,49,0.0204,0.0625,84.7,29.3,60.7,1009.2,0.3,16.8,10.4,48.7,NE,-16.77,-15.39,-16.12
745036,2024-09-22,2024,TOR,2024-09-22 13:40:00,13,4,3,7,2,24,3,18,276,80.6,3,44,0.0682,0.1111,88.8,31.5,49.7,1009.8,0.0,11.0,6.8,41.3,NE,-10.94,-10.52,-10.04
778537,2025-03-29,2025,COL,2025-03-29 16:10:00,16,1,2,3,0,12,5,18,283,86.2,4,56,0.0714,0.0,84.3,29.0,38.0,1014.9,0.0,19.0,11.8,121.8,SE,-4.33,2.27,-10.41
778524,2025-03-30,2025,COL,2025-03-30 13:40:00,13,6,4,10,2,17,3,18,279,82.7,5,51,0.098,0.1111,76.2,24.5,82.7,1014.0,0.1,11.2,7.0,242.5,SW,10.68,8.88,11.19
778508,2025-03-31,2025,PIT,2025-03-31 19:05:00,19,6,1,7,0,20,5,14,267,82.6,1,44,0.0227,0.0,72.8,22.7,92.3,1012.0,0.0,7.2,4.5,241.3,SW,6.91,5.8,7.19
778493,2025-04-01,2025,PIT,2025-04-01 19:05:00,19,7,0,7,1,19,6,19,305,83.9,2,48,0.0417,0.0526,76.4,24.7,77.7,1014.8,0.0,8.2,5.1,332.1,NW,-2.41,-4.95,0.41
778479,2025-04-02,2025,PIT,2025-04-02 13:10:00,13,2,4,6,1,13,5,12,296,84.8,3,52,0.0577,0.0833,86.4,30.2,51.3,1016.0,0.1,17.0,10.6,198.3,S,15.18,16.88,11.65
778417,2025-04-08,2025,LAA,2025-04-08 19:05:00,19,3,4,7,2,18,10,15,311,79.7,6,49,0.1224,0.1333,64.5,18.0,66.3,1012.7,0.0,14.8,9.2,307.0,NW,2.06,-3.08,6.95
778399,2025-04-09,2025,LAA,2025-04-09 19:05:00,19,5,4,9,6,15,8,14,271,81.5,4,48,0.0833,0.4286,69.1,20.6,51.3,1016.9,0.0,20.2,12.6,319.3,NW,-1.53,-8.34,5.46
778382,2025-04-10,2025,LAA,2025-04-10 13:10:00,13,1,11,12,6,10,4,20,249,86.6,7,59,0.1186,0.3,81.1,27.3,37.0,1016.8,0.0,8.4,5.2,196.5,S,7.36,8.28,5.55
778367,2025-04-11,2025,ATL,2025-04-11 19:05:00,19,6,3,9,4,15,3,19,258,83.3,3,54,0.0556,0.2105,71.1,21.7,65.0,1013.5,0.0,21.2,13.2,274.7,W,13.72,7.37,18.42
778353,2025-04-12,2025,ATL,2025-04-12 16:10:00,16,4,5,9,6,20,9,27,350,85.0,11,54,0.2037,0.2222,69.9,21.1,38.3,1014.1,0.0,20.4,12.7,314.3,NW,0.24,-6.76,7.21
778340,2025-04-13,2025,ATL,2025-04-13 13:40:00,13,8,3,11,2,25,6,13,298,81.5,6,38,0.1579,0.1538,77.1,25.0,31.3,1017.9,0.0,7.8,4.8,212.2,SW,7.57,7.7,6.53
778328,2025-04-14,2025,BOS,2025-04-14 19:05:00,19,16,1,17,5,23,4,22,313,85.6,6,49,0.1224,0.2273,73.5,23.0,54.3,1018.2,0.0,9.8,6.1,270.1,W,6.92,4.13,8.88
778319,2025-04-15,2025,BOS,2025-04-15 19:05:00,19,4,7,11,4,21,7,19,315,86.3,5,52,0.0962,0.2105,71.5,21.9,64.7,1015.4,0.0,13.3,8.3,275.0,W,8.55,4.55,11.52
778298,2025-04-16,2025,BOS,2025-04-16 19:05:00,19,0,1,1,1,20,5,10,259,85.5,8,41,0.1951,0.1,70.9,21.6,38.0,1015.7,0.0,15.5,9.7,317.0,NW,-0.54,-5.82,4.8
778282,2025-04-17,2025,NYY,2025-04-17 19:05:00,19,3,6,9,2,12,7,23,294,85.3,1,61,0.0164,0.087,76.8,24.9,41.3,1017.7,0.0,11.3,7.0,325.0,NW,-1.96,-5.65,1.96
778272,2025-04-18,2025,NYY,2025-04-18 19:05:00,19,0,1,1,0,25,8,8,285,85.5,3,33,0.0909,0.0,79.0,26.1,59.7,1020.2,0.0,14.7,9.2,131.0,SE,-1.02,4.07,-5.99
778255,2025-04-19,2025,NYY,2025-04-19 16:10:00,16,10,8,18,2,16,11,20,344,83.7,3,58,0.0517,0.1,85.6,29.8,35.3,1019.4,0.0,22.4,13.9,97.3,E,-13.69,-6.8,-18.93
778240,2025-04-20,2025,NYY,2025-04-20 13:40:00,13,0,4,4,3,13,6,11,272,83.1,3,49,0.0612,0.2727,87.3,30.7,31.0,1019.4,0.0,10.5,6.5,115.7,SE,-3.46,0.12,-6.63
778128,2025-04-29,2025,KC,2025-04-29 19:05:00,19,1,3,4,1,12,5,16,276,85.2,1,56,0.0179,0.0625,78.1,25.6,57.0,1018.0,0.0,16.2,10.1,66.5,NE,-15.11,-12.16,-16.23
778113,2025-04-30,2025,KC,2025-04-30 19:05:00,19,0,3,3,1,11,6,15,264,82.7,2,56,0.0357,0.0667,81.1,27.3,48.0,1015.0,0.0,18.5,11.5,97.7,E,-11.2,-5.5,-15.55
778097,2025-05-01,2025,KC,2025-05-01 13:10:00,13,2,8,10,2,12,5,23,289,81.5,4,65,0.0615,0.087,83.2,28.4,43.3,1015.6,0.0,13.1,8.1,236.0,SW,12.83,11.2,12.91
778040,2025-05-06,2025,PHI,2025-05-06 19:05:00,19,4,8,12,4,17,6,19,315,83.7,5,52,0.0962,0.2105,79.3,26.3,63.7,1014.4,0.9,20.0,12.4,75.2,E,-17.29,-12.81,-19.69
778021,2025-05-07,2025,PHI,2025-05-07 19:05:00,19,0,7,7,1,21,5,13,300,80.9,1,48,0.0208,0.0769,81.0,27.2,72.0,1014.6,0.0,9.4,5.9,268.9,W,6.8,4.15,8.62
778005,2025-05-08,2025,PHI,2025-05-08 19:05:00,19,6,7,13,3,16,5,23,348,81.7,4,62,0.0645,0.1304,79.2,26.2,75.7,1013.4,0.1,9.0,5.6,277.7,W,5.43,2.66,7.54
778002,2025-05-09,2025,MIL,2025-05-09 19:05:00,19,4,3,7,1,16,8,15,276,83.9,2,48,0.0417,0.0667,81.0,27.2,68.0,1012.4,0.1,10.0,6.2,229.5,SW,10.0,9.13,9.67
777981,2025-05-10,2025,MIL,2025-05-10 16:10:00,16,3,2,5,2,15,7,9,272,82.4,2,47,0.0426,0.2222,79.6,26.4,73.7,1012.9,0.0,9.8,6.1,140.3,SE,0.9,4.18,-2.48
777964,2025-05-11,2025,MIL,2025-05-11 13:40:00,13,2,4,6,2,12,5,15,266,81.7,2,55,0.0364,0.1333,75.4,24.1,86.0,1015.2,3.8,7.4,4.6,157.4,SE,2.82,4.99,0.31
777858,2025-05-19,2025,HOU,2025-05-19 19:05:00,19,3,4,7,3,12,2,18,264,83.0,2,56,0.0357,0.1667,83.1,28.4,69.0,1011.9,0.0,10.8,6.7,298.7,NW,3.03,-0.71,6.41
777848,2025-05-20,2025,HOU,2025-05-20 19:05:00,19,3,2,5,1,18,5,15,306,81.5,3,48,0.0625,0.0667,81.3,27.4,73.3,1011.8,0.0,11.7,7.2,253.0,W,10.3,7.81,11.55
777832,2025-05-21,2025,HOU,2025-05-21 13:10:00,13,8,4,12,7,20,8,17,284,83.0,5,46,0.1087,0.4118,89.1,31.7,54.0,1012.5,0.0,17.9,11.1,244.0,SW,16.89,13.89,17.86
777810,2025-05-23,2025,TOR,2025-05-23 19:05:00,19,3,1,4,2,12,10,12,274,86.1,2,47,0.0426,0.1667,83.7,28.7,48.3,1015.6,0.0,9.8,6.1,314.6,NW,0.06,-3.31,3.42
777795,2025-05-24,2025,TOR,2025-05-24 19:05:00,19,3,1,4,2,8,7,9,246,84.6,3,50,0.06,0.2222,78.9,26.1,73.0,1017.3,0.3,16.2,10.1,113.0,SE,-6.08,-0.57,-10.85
777775,2025-05-25,2025,TOR,2025-05-25 13:40:00,13,13,0,13,2,11,5,19,280,82.3,3,57,0.0526,0.1053,89.7,32.0,48.0,1016.6,0.3,8.3,5.1,240.3,SW,7.97,6.75,8.24
777762,2025-05-26,2025,MIN,2025-05-26 19:05:00,19,7,2,9,3,12,1,18,252,82.8,6,54,0.1111,0.1667,83.8,28.8,68.0,1015.2,0.0,8.5,5.3,262.7,W,6.72,4.54,8.1
777746,2025-05-27,2025,MIN,2025-05-27 19:05:00,19,2,4,6,1,19,3,13,257,82.5,3,46,0.0652,0.0769,83.5,28.6,72.7,1016.1,0.0,7.8,4.9,281.7,W,4.3,1.8,6.28
777732,2025-05-28,2025,MIN,2025-05-28 13:10:00,13,5,0,5,2,14,4,14,264,82.7,1,49,0.0204,0.1429,90.2,32.3,50.3,1016.5,0.0,14.9,9.2,222.3,SW,14.85,14.19,13.72
777662,2025-06-03,2025,TEX,2025-06-03 19:35:00,19,5,1,6,2,21,3,12,260,79.9,1,42,0.0238,0.1667,76.2,24.5,83.7,1013.2,0.1,14.0,8.7,70.0,E,-12.72,-9.92,-13.98
777646,2025-06-04,2025,TEX,2025-06-04 19:35:00,19,5,4,9,2,23,5,16,295,84.5,4,45,0.0889,0.125,79.0,26.1,82.0,1014.8,0.0,17.1,10.6,168.8,S,9.51,13.8,4.07
777629,2025-06-05,2025,TEX,2025-06-05 19:35:00,19,4,3,7,4,24,5,15,297,80.9,3,41,0.0732,0.2667,81.4,27.4,84.3,1016.2,0.0,5.4,3.3,235.5,SW,5.28,4.62,5.29
777625,2025-06-06,2025,MIA,2025-06-06 13:10:00,13,4,3,7,2,16,3,22,244,84.2,4,55,0.0727,0.0909,84.7,29.3,71.3,1015.8,0.3,10.9,6.8,240.0,SW,10.5,8.9,10.83
777611,2025-06-07,2025,MIA,2025-06-07 16:10:00,16,10,11,21,6,17,5,22,321,85.1,4,62,0.0645,0.2727,83.5,28.6,73.7,1013.5,0.0,15.3,9.5,239.0,SW,14.81,12.66,15.18
777592,2025-06-08,2025,MIA,2025-06-08 12:10:00,12,3,2,5,1,14,2,13,254,83.3,0,49,0.0,0.0769,85.7,29.8,66.0,1014.7,0.3,15.9,9.9,230.0,SW,15.84,14.41,15.36
777484,2025-06-16,2025,BAL,2025-06-16 19:35:00,19,7,1,8,3,21,4,18,228,82.3,1,43,0.0233,0.1667,84.1,29.0,67.3,1015.4,0.0,12.0,7.4,266.2,W,9.01,5.77,11.16
777477,2025-06-17,2025,BAL,2025-06-17 19:35:00,19,1,5,6,1,16,4,20,290,85.5,2,55,0.0364,0.05,83.2,28.5,70.7,1016.2,0.7,10.0,6.2,237.7,SW,9.76,8.42,9.92
777463,2025-06-18,2025,BAL,2025-06-18 19:35:00,19,12,8,20,4,14,6,25,324,86.3,9,61,0.1475,0.16,84.2,29.0,73.7,1017.3,0.0,7.0,4.3,206.0,SW,6.62,7.0,5.44
777446,2025-06-19,2025,BAL,2025-06-19 19:35:00,19,1,4,5,1,22,9,14,313,84.1,2,41,0.0488,0.0714,82.2,27.9,77.3,1017.2,0.0,3.1,1.9,30.0,NE,-3.03,-3.12,-2.57
777431,2025-06-20,2025,DET,2025-06-20 19:05:00,19,14,8,22,5,16,10,24,343,85.6,7,58,0.1207,0.2083,79.5,26.4,77.3,1016.8,0.0,10.4,6.5,61.8,NE,-9.99,-8.35,-10.42
777420,2025-06-21,2025,DET,2025-06-21 12:10:00,12,8,3,11,3,15,6,15,272,86.2,5,51,0.098,0.2,89.2,31.8,50.3,1017.7,0.0,8.2,5.1,68.3,E,-7.56,-5.99,-8.22
777409,2025-06-22,2025,DET,2025-06-22 12:10:00,12,3,9,12,3,17,6,21,301,82.3,3,53,0.0566,0.1429,90.0,32.2,48.7,1018.6,0.6,14.4,8.9,65.3,NE,-13.47,-10.95,-14.37
777296,2025-06-30,2025,ATH,2025-06-30 19:35:00,19,4,6,10,2,17,5,17,246,82.3,2,49,0.0408,0.1176,79.3,26.3,73.3,1017.0,0.0,10.8,6.7,224.9,SW,10.83,10.19,10.17
777286,2025-07-01,2025,ATH,2025-07-01 19:05:00,19,3,4,7,5,23,8,15,305,81.0,5,48,0.1042,0.3333,80.2,26.8,74.3,1014.4,0.0,12.8,8.0,239.1,SW,12.41,10.6,12.73
777271,2025-07-02,2025,ATH,2025-07-02 12:10:00,12,6,5,11,6,24,3,20,274,84.3,10,46,0.2174,0.3,84.3,29.1,62.0,1014.8,0.1,15.6,9.7,217.0,SW,15.48,15.29,13.81
777110,2025-07-18,2025,BAL,2025-07-18 19:35:00,19,11,1,12,4,15,7,18,271,85.8,5,54,0.0926,0.2222,88.0,31.1,60.3,1019.0,0.0,4.5,2.8,59.2,NE,-4.36,-3.72,-4.48
777095,2025-07-19,2025,BAL,2025-07-19 19:05:00,19,4,3,7,0,13,5,16,281,80.7,2,52,0.0385,0.0,88.9,31.6,61.0,1017.9,0.0,11.3,7.0,0.9,N,-8.14,-10.35,-4.96
777076,2025-07-20,2025,BAL,2025-07-20 12:10:00,12,3,5,8,4,19,6,16,303,82.3,6,52,0.1154,0.25,94.0,34.5,45.3,1017.7,0.0,3.9,2.4,230.7,SW,3.91,3.54,3.81
777059,2025-07-21,2025,CWS,2025-07-21 19:35:00,19,3,8,11,3,21,10,16,327,83.6,2,47,0.0426,0.1875,87.1,30.6,65.3,1014.0,0.0,10.2,6.3,323.7,NW,-1.53,-4.88,2.0
777048,2025-07-22,2025,CWS,2025-07-22 19:05:00,19,4,3,7,1,19,6,11,258,81.4,2,40,0.05,0.0909,82.2,27.9,79.7,1013.6,3.9,9.5,5.9,346.7,N,-5.0,-7.46,-1.93
777030,2025-07-23,2025,CWS,2025-07-23 19:35:00,19,9,11,20,4,19,10,26,343,83.5,6,59,0.1017,0.1538,80.7,27.1,82.7,1015.6,1.6,7.8,4.8,164.8,S,3.86,5.93,1.33
776918,2025-08-01,2025,LAD,2025-08-01 19:35:00,19,0,5,5,1,23,2,15,283,84.1,1,47,0.0213,0.0667,87.3,30.7,61.7,1017.6,0.0,9.3,5.8,280.7,W,5.24,2.3,7.55
776901,2025-08-02,2025,LAD,2025-08-02 13:10:00,13,4,0,4,3,24,0,14,246,83.8,1,39,0.0256,0.2143,90.0,32.2,57.3,1015.8,0.1,13.6,8.4,224.6,SW,13.57,12.78,12.72
776889,2025-08-03,2025,LAD,2025-08-03 12:10:00,12,0,3,3,0,12,7,15,309,83.1,2,56,0.0357,0.0,90.3,32.4,55.0,1013.4,0.1,14.7,9.1,216.7,SW,14.54,14.4,12.94
776677,2025-08-19,2025,NYY,2025-08-19 19:35:00,19,3,13,16,9,16,8,24,333,85.6,9,61,0.1475,0.375,84.2,29.0,71.3,1010.7,0.0,8.6,5.4,0.7,N,-6.18,-7.87,-3.74
776664,2025-08-20,2025,NYY,2025-08-20 19:35:00,19,4,6,10,6,29,5,15,324,84.1,6,44,0.1364,0.4,86.5,30.3,57.0,1008.2,0.0,11.6,7.2,293.3,NW,4.29,0.35,7.72
776631,2025-08-21,2025,STL,2025-08-21 19:35:00,19,4,7,11,2,18,9,20,302,85.3,3,53,0.0566,0.1,83.7,28.7,73.3,1010.8,3.2,7.4,4.6,252.7,W,6.52,4.96,7.3
776633,2025-08-22,2025,STL,2025-08-22 19:35:00,19,10,6,16,6,12,5,25,293,82.4,8,62,0.129,0.24,83.7,28.7,76.0,1012.6,0.0,4.8,3.0,268.8,W,3.49,2.14,4.42
776606,2025-08-24,2025,STL,2025-08-24 12:10:00,12,7,2,9,2,17,8,13,273,83.1,4,46,0.087,0.1538,80.0,26.7,81.7,1013.2,1.6,18.5,11.5,234.0,SW,18.3,16.21,18.19
776504,2025-09-01,2025,SEA,2025-09-01 19:35:00,19,10,2,12,3,18,3,23,277,86.0,3,52,0.0577,0.1304,81.2,27.3,74.0,1011.4,0.1,15.8,9.8,28.0,NE,-15.08,-15.75,-12.59
776485,2025-09-02,2025,SEA,2025-09-02 19:35:00,19,6,5,11,4,13,10,13,287,83.2,4,50,0.08,0.3077,84.0,28.9,66.7,1010.5,0.0,11.0,6.9,11.6,N,-9.21,-10.73,-6.58
776476,2025-09-03,2025,SEA,2025-09-03 19:35:00,19,9,4,13,1,16,3,23,266,82.3,2,54,0.037,0.0435,82.4,28.0,70.0,1009.6,0.0,11.2,6.9,96.7,E,-6.92,-3.5,-9.5
776458,2025-09-04,2025,CLE,2025-09-04 19:35:00,19,4,2,6,2,20,4,11,284,80.2,2,43,0.0465,0.1818,81.7,27.6,75.3,1009.5,0.1,8.0,5.0,94.7,E,-5.17,-2.78,-6.95
776451,2025-09-05,2025,CLE,2025-09-05 19:35:00,19,1,7,8,2,15,6,19,305,84.1,4,57,0.0702,0.1053,81.0,27.2,80.3,1012.4,0.1,14.3,8.9,88.7,E,-10.32,-6.33,-13.07
776438,2025-09-06,2025,CLE,2025-09-06 19:05:00,19,2,3,5,1,20,7,13,287,79.5,3,42,0.0714,0.0769,82.0,27.8,79.3,1012.6,0.1,7.8,4.9,60.5,NE,-7.55,-6.38,-7.81
776421,2025-09-07,2025,CLE,2025-09-07 12:10:00,12,1,2,3,1,17,5,16,298,81.6,2,50,0.04,0.0625,85.3,29.6,71.7,1012.4,0.4,7.2,4.5,198.9,S,6.43,7.13,4.97
776316,2025-09-15,2025,TOR,2025-09-15 19:35:00,19,1,2,3,0,28,4,10,296,83.2,3,47,0.0638,0.0,83.7,28.7,47.0,1014.2,0.0,11.5,7.1,29.9,NE,-11.07,-11.42,-9.38
776305,2025-09-16,2025,TOR,2025-09-16 19:35:00,19,5,6,11,3,17,9,21,313,82.5,4,55,0.0727,0.1429,79.8,26.6,67.7,1015.4,0.0,15.0,9.3,60.7,NE,-14.44,-12.19,-14.96
776290,2025-09-17,2025,TOR,2025-09-17 19:05:00,19,2,1,3,0,12,4,12,244,85.4,3,49,0.0612,0.0,76.9,24.9,82.0,1014.0,0.2,5.6,3.5,119.5,SE,-1.49,0.44,-3.23
776269,2025-09-18,2025,TOR,2025-09-18 13:10:00,13,4,0,4,1,12,4,15,274,82.1,3,50,0.06,0.0667,87.4,30.8,52.7,1012.3,0.1,7.6,4.7,57.0,NE,-7.47,-6.47,-7.56
776261,2025-09-19,2025,BOS,2025-09-19 19:35:00,19,7,11,18,5,21,10,20,345,86.5,3,56,0.0536,0.25,85.8,29.9,50.0,1013.0,0.0,14.6,9.1,47.7,NE,-14.58,-13.47,-13.94
776247,2025-09-20,2025,BOS,2025-09-20 19:05:00,19,3,6,9,0,12,8,17,318,82.7,2,58,0.0345,0.0,82.9,28.3,65.0,1013.9,0.2,15.8,9.8,58.3,NE,-15.37,-13.2,-15.69
776236,2025-09-21,2025,BOS,2025-09-21 19:35:00,19,7,3,10,1,23,8,19,310,82.3,2,45,0.0444,0.0526,84.9,29.4,58.3,1012.7,0.2,11.0,6.9,83.9,E,-8.59,-5.71,-10.44
