game_pk,game_date,season,away_team,game_start,start_hour,home_runs_scored,away_runs_scored,total_runs,home_runs_hit,strikeouts,walks,hits,total_pitches,avg_exit_velocity,n_barrels,n_bbe,barrel_rate,hr_h_ratio,home_bat_hr,home_bat_k,home_bat_bb,home_bat_h,home_bat_pitches,home_bat_exit_velo,home_bat_bbe,home_bat_hr_h_ratio,away_bat_hr,away_bat_k,away_bat_bb,away_bat_h,away_bat_pitches,away_bat_exit_velo,away_bat_bbe,away_bat_hr_h_ratio,temp_f,temp_c,rhum,pres,prcp,wspd,wspd_mph,wdir,wind_dir_bucket,wind_cf,wind_lcf,wind_rcf
413658,2015-04-06,2015,PIT,2015-04-06 16:10:00,16,5,2,7,3,21,4,12,243,87.6,4,42,0.0952,0.25,2.0,8.0,3.0,5.0,111.0,83.9,23.0,0.4,1.0,13.0,1.0,7.0,132.0,91.4,22.0,0.1429,69.1,20.6,52.3,998.5,0.0,12.8,8.0,205.6,SW,0.7,5.03,-3.71
413680,2015-04-08,2015,PIT,2015-04-08 19:10:00,19,5,4,9,1,23,10,19,388,82.9,3,61,0.0492,0.0526,1.0,14.0,3.0,11.0,199.0,84.1,41.0,0.0909,0.0,9.0,5.0,8.0,189.0,81.7,36.0,0.0,63.7,17.6,95.0,995.9,3.0,3.8,2.4,165.4,S,-2.31,-1.13,-3.22
413691,2015-04-09,2015,PIT,2015-04-09 12:35:00,12,3,2,5,2,20,4,12,244,86.6,1,43,0.0233,0.1667,1.0,9.0,1.0,6.0,131.0,85.7,25.0,0.1667,1.0,11.0,2.0,6.0,113.0,87.6,19.0,0.1667,71.4,21.9,85.3,994.1,1.7,15.3,9.5,207.3,SW,1.29,6.41,-3.99
413707,2015-04-10,2015,STL,2015-04-10 19:10:00,19,5,4,9,3,15,7,14,259,88.6,4,48,0.0833,0.2143,2.0,3.0,3.0,4.0,98.0,88.5,27.0,0.5,1.0,12.0,2.0,10.0,161.0,88.6,27.0,0.1,58.9,15.0,46.0,997.4,0.0,11.3,7.0,235.0,SW,6.05,8.94,2.44
413722,2015-04-11,2015,STL,2015-04-11 13:10:00,13,1,4,5,2,11,2,14,232,89.3,4,56,0.0714,0.1429,1.0,6.0,1.0,6.0,114.0,86.1,31.0,0.1667,1.0,5.0,1.0,8.0,118.0,92.4,32.0,0.125,58.2,14.5,38.3,1006.3,0.0,4.0,2.5,30.2,NE,-0.54,-1.86,0.85
413737,2015-04-12,2015,STL,2015-04-12 13:10:00,13,5,7,12,4,25,14,21,389,86.7,4,60,0.0667,0.1905,2.0,17.0,8.0,11.0,206.0,86.3,26.0,0.1818,2.0,8.0,6.0,10.0,183.0,87.0,36.0,0.2,68.6,20.3,34.7,1002.7,0.0,6.4,4.0,143.6,SE,-5.51,-4.04,-6.31
413887,2015-04-24,2015,CHC,2015-04-24 19:10:00,19,3,7,10,2,30,7,17,394,87.1,1,52,0.0192,0.1176,0.0,16.0,3.0,8.0,200.0,86.6,31.0,0.0,2.0,14.0,2.0,9.0,194.0,87.6,30.0,0.2222,57.3,14.1,49.3,995.7,0.0,6.3,3.9,127.6,SE,-6.12,-5.18,-6.31
413917,2015-04-26,2015,CHC,2015-04-26 13:10:00,13,2,5,7,2,19,6,12,295,83.8,3,47,0.0638,0.1667,1.0,9.0,3.0,6.0,153.0,82.0,33.0,0.1667,1.0,10.0,2.0,6.0,142.0,85.9,28.0,0.1667,58.0,14.4,42.7,992.1,0.0,13.6,8.5,8.3,N,3.33,-1.38,7.64
413935,2015-04-27,2015,MIL,2015-04-27 19:10:00,19,9,6,15,1,11,12,20,323,86.4,0,56,0.0,0.05,1.0,5.0,8.0,9.0,176.0,84.2,36.0,0.1111,0.0,6.0,3.0,11.0,147.0,88.6,36.0,0.0,53.5,11.9,54.3,997.4,0.0,13.2,8.2,4.7,N,4.04,-0.5,8.1
413950,2015-04-28,2015,MIL,2015-04-28 19:10:00,19,4,2,6,5,14,3,10,234,86.7,5,46,0.1087,0.5,3.0,6.0,3.0,7.0,136.0,85.8,29.0,0.4286,2.0,8.0,0.0,3.0,98.0,87.8,23.0,0.6667,60.0,15.5,53.3,995.6,0.0,4.2,2.6,42.6,NE,-1.43,-2.68,-0.01
413965,2015-04-29,2015,MIL,2015-04-29 12:35:00,12,3,8,11,7,17,5,19,313,88.2,7,55,0.1273,0.3684,3.0,6.0,2.0,7.0,129.0,88.0,26.0,0.4286,4.0,11.0,3.0,12.0,184.0,88.3,29.0,0.3333,62.9,17.2,45.7,992.3,0.0,7.0,4.4,2.7,N,2.39,-0.02,4.51
414124,2015-05-11,2015,ATL,2015-05-11 19:10:00,19,1,2,3,1,16,4,15,277,80.7,0,53,0.0,0.0667,0.0,9.0,2.0,4.0,122.0,78.7,16.0,0.0,1.0,7.0,2.0,11.0,155.0,82.8,16.0,0.0909,72.3,22.4,80.0,994.9,3.4,11.9,7.4,238.4,SW,6.97,9.85,3.25
414134,2015-05-12,2015,ATL,2015-05-12 19:10:00,19,4,3,7,1,15,10,17,290,86.3,0,53,0.0,0.0588,1.0,9.0,4.0,8.0,126.0,87.5,25.0,0.125,0.0,6.0,5.0,9.0,164.0,85.5,35.0,0.0,63.1,17.3,48.0,1003.2,0.0,14.5,9.0,301.0,NW,14.37,12.77,14.24
414149,2015-05-13,2015,ATL,2015-05-13 19:10:00,19,5,1,6,2,12,7,9,240,86.6,1,46,0.0217,0.2222,2.0,6.0,4.0,7.0,126.0,91.3,26.0,0.2857,0.0,6.0,3.0,2.0,114.0,81.9,26.0,0.0,62.6,17.0,51.0,1007.8,0.0,6.4,4.0,31.0,NE,-0.95,-3.05,1.28
414171,2015-05-14,2015,SF,2015-05-14 19:10:00,19,4,3,7,1,19,10,14,283,83.3,1,41,0.0244,0.0714,1.0,8.0,6.0,7.0,143.0,87.0,23.0,0.1429,0.0,11.0,4.0,7.0,140.0,79.7,23.0,0.0,67.6,19.8,57.3,1003.4,0.0,6.8,4.2,114.2,SE,-6.76,-6.29,-6.42
414186,2015-05-15,2015,SF,2015-05-15 19:10:00,19,2,10,12,4,10,4,23,283,87.5,1,66,0.0152,0.1739,2.0,5.0,0.0,10.0,129.0,84.1,33.0,0.2,2.0,5.0,4.0,13.0,154.0,90.4,40.0,0.1538,77.4,25.2,59.3,998.8,0.0,7.5,4.7,187.9,S,-1.89,0.71,-4.26
414201,2015-05-16,2015,SF,2015-05-16 19:10:00,19,2,11,13,4,13,6,23,286,86.1,3,63,0.0476,0.1739,1.0,5.0,5.0,7.0,138.0,83.9,34.0,0.1429,3.0,8.0,1.0,16.0,148.0,88.1,39.0,0.1875,68.4,20.2,96.7,1000.9,0.3,10.1,6.3,164.4,S,-6.22,-3.13,-8.55
414216,2015-05-17,2015,SF,2015-05-17 13:10:00,13,8,9,17,4,15,7,28,324,86.8,6,67,0.0896,0.1429,2.0,6.0,3.0,12.0,147.0,85.3,40.0,0.1667,2.0,9.0,4.0,16.0,177.0,88.1,43.0,0.125,79.0,26.1,68.0,1001.9,0.0,13.9,8.6,208.3,SW,1.41,6.06,-3.4
414318,2015-05-25,2015,COL,2015-05-25 13:10:00,13,4,5,9,3,12,6,22,280,89.4,3,63,0.0476,0.1364,2.0,2.0,3.0,11.0,129.0,88.2,43.0,0.1818,1.0,10.0,2.0,11.0,151.0,91.1,30.0,0.0909,76.0,24.4,64.7,1002.8,0.4,17.1,10.6,206.3,SW,1.15,6.92,-4.77
414333,2015-05-26,2015,COL,2015-05-26 19:10:00,19,2,1,3,1,12,9,9,248,83.5,1,46,0.0217,0.1111,0.0,5.0,5.0,5.0,115.0,81.3,28.0,0.0,1.0,7.0,4.0,4.0,133.0,85.7,28.0,0.25,72.2,22.3,89.0,997.6,4.8,13.6,8.5,190.7,S,-2.79,1.93,-7.17
414348,2015-05-27,2015,COL,2015-05-27 12:35:00,12,4,6,10,4,9,6,16,259,83.7,3,60,0.05,0.25,2.0,2.0,3.0,6.0,107.0,82.5,33.0,0.3333,2.0,7.0,2.0,10.0,152.0,84.8,36.0,0.2,80.1,26.7,56.0,1001.3,0.0,15.0,9.3,222.7,SW,5.18,9.7,0.04
414379,2015-05-29,2015,WSH,2015-05-29 19:10:00,19,5,2,7,2,9,8,21,275,87.5,3,61,0.0492,0.0952,2.0,2.0,3.0,11.0,127.0,87.9,38.0,0.1818,0.0,7.0,4.0,10.0,148.0,87.0,30.0,0.0,79.2,26.2,59.3,999.4,0.0,10.6,6.6,171.0,S,-5.54,-2.11,-8.3
414394,2015-05-30,2015,WSH,2015-05-30 16:10:00,16,8,5,13,2,20,6,21,303,89.7,4,49,0.0816,0.0952,1.0,9.0,3.0,11.0,152.0,88.0,33.0,0.0909,1.0,11.0,2.0,10.0,151.0,91.6,30.0,0.1,83.3,28.5,51.0,996.5,0.0,15.9,9.9,196.3,S,-1.71,3.81,-7.03
414409,2015-05-31,2015,WSH,2015-05-31 13:10:00,13,8,2,10,2,9,10,12,265,87.2,3,51,0.0588,0.1667,2.0,2.0,3.0,10.0,141.0,84.4,37.0,0.2,0.0,7.0,6.0,2.0,124.0,91.9,23.0,0.0,69.7,21.0,79.3,998.2,0.0,12.8,7.9,262.7,W,11.07,12.58,8.23
414471,2015-06-05,2015,SD,2015-06-05 19:10:00,19,2,6,8,3,14,7,15,285,84.7,1,53,0.0189,0.2,0.0,9.0,4.0,6.0,147.0,87.4,26.0,0.0,3.0,5.0,3.0,9.0,138.0,82.7,34.0,0.3333,78.6,25.9,54.7,996.0,0.0,2.5,1.6,272.0,W,2.37,2.53,1.93
414486,2015-06-06,2015,SD,2015-06-06 16:10:00,16,7,9,16,3,16,14,21,322,87.0,1,56,0.0179,0.1429,1.0,6.0,5.0,11.0,149.0,88.8,33.0,0.0909,2.0,10.0,8.0,10.0,173.0,85.1,32.0,0.2,75.6,24.2,59.7,998.8,0.0,8.1,5.0,44.9,NE,-3.08,-5.44,-0.34
414501,2015-06-07,2015,SD,2015-06-07 13:10:00,13,4,0,4,2,17,2,14,236,80.7,1,48,0.0208,0.1429,2.0,6.0,0.0,10.0,110.0,84.0,27.0,0.2,0.0,11.0,2.0,4.0,126.0,77.6,29.0,0.0,86.5,30.3,45.3,995.6,0.0,15.5,9.6,233.0,SW,7.87,11.96,2.82
414511,2015-06-08,2015,PHI,2015-06-08 19:10:00,19,6,4,10,2,15,5,21,296,84.2,1,55,0.0182,0.0952,2.0,9.0,2.0,11.0,144.0,85.1,30.0,0.1818,0.0,6.0,2.0,10.0,152.0,83.6,42.0,0.0,71.5,21.9,88.0,989.5,1.6,11.6,7.2,229.7,SW,5.31,8.53,1.45
414522,2015-06-09,2015,PHI,2015-06-09 19:10:00,19,11,2,13,5,16,4,24,297,88.5,2,59,0.0339,0.2083,5.0,8.0,2.0,13.0,156.0,88.0,39.0,0.3846,0.0,8.0,2.0,11.0,141.0,89.0,33.0,0.0,77.8,25.5,55.3,992.1,0.0,7.8,4.8,353.4,N,3.8,1.24,5.9
414537,2015-06-10,2015,PHI,2015-06-10 12:35:00,12,5,2,7,1,11,3,21,287,83.5,0,59,0.0,0.0476,1.0,7.0,1.0,11.0,136.0,82.6,34.0,0.0909,0.0,4.0,2.0,10.0,151.0,84.2,41.0,0.0,87.5,30.8,36.3,993.9,0.0,9.5,5.9,246.7,SW,6.62,8.55,3.89
414632,2015-06-17,2015,DET,2015-06-17 19:10:00,19,8,4,12,4,27,7,22,438,85.7,3,71,0.0423,0.1818,2.0,14.0,4.0,16.0,230.0,85.1,37.0,0.125,2.0,13.0,3.0,6.0,208.0,86.2,42.0,0.3333,78.4,25.8,78.7,998.2,0.0,7.5,4.7,289.7,W,7.49,7.16,6.92
414664,2015-06-19,2015,MIA,2015-06-19 19:10:00,19,5,0,5,1,17,6,13,256,85.3,1,45,0.0222,0.0769,1.0,8.0,3.0,9.0,131.0,87.3,28.0,0.1111,0.0,9.0,3.0,4.0,125.0,82.9,24.0,0.0,75.4,24.1,89.0,996.2,1.4,10.4,6.4,122.0,SE,-10.22,-9.02,-10.19
414679,2015-06-20,2015,MIA,2015-06-20 19:10:00,19,0,5,5,2,8,5,11,250,84.6,1,55,0.0182,0.1818,0.0,3.0,2.0,5.0,112.0,83.7,33.0,0.0,2.0,5.0,2.0,6.0,138.0,85.4,34.0,0.3333,78.3,25.7,75.7,992.9,0.0,9.2,5.7,260.7,W,7.79,8.97,5.66
414694,2015-06-21,2015,MIA,2015-06-21 13:10:00,13,5,2,7,3,12,4,20,273,83.9,1,56,0.0179,0.15,2.0,3.0,2.0,11.0,138.0,83.4,34.0,0.1818,1.0,9.0,1.0,9.0,135.0,84.4,35.0,0.1111,84.5,29.2,64.3,996.4,0.2,15.6,9.7,275.7,W,14.9,15.54,12.46
414802,2015-06-29,2015,MIN,2015-06-29 19:10:00,19,11,7,18,1,16,9,26,325,84.0,0,59,0.0,0.0385,0.0,6.0,6.0,17.0,175.0,84.3,39.0,0.0,1.0,10.0,3.0,9.0,150.0,83.4,28.0,0.1111,72.9,22.7,79.7,990.5,0.3,3.3,2.0,227.5,SW,1.38,2.31,0.29
414813,2015-06-30,2015,MIN,2015-06-30 19:10:00,19,5,8,13,3,16,6,26,314,88.6,1,62,0.0161,0.1154,2.0,5.0,2.0,11.0,146.0,87.0,44.0,0.1818,1.0,11.0,3.0,15.0,168.0,90.9,30.0,0.0667,71.7,22.0,85.0,991.8,0.0,7.5,4.6,211.7,SW,1.19,3.64,-1.4
414828,2015-07-01,2015,MIN,2015-07-01 12:35:00,12,2,1,3,0,16,4,10,245,85.1,2,45,0.0444,0.0,0.0,7.0,3.0,6.0,122.0,84.4,27.0,0.0,0.0,9.0,1.0,4.0,123.0,85.8,26.0,0.0,77.3,25.2,60.3,995.6,0.0,6.0,3.7,333.1,NW,4.58,2.96,5.65
414853,2015-07-03,2015,MIL,2015-07-03 19:10:00,19,1,12,13,3,6,9,22,337,87.3,1,66,0.0152,0.1364,0.0,2.0,3.0,6.0,152.0,80.4,10.0,0.0,3.0,4.0,6.0,16.0,185.0,89.7,28.0,0.1875,70.6,21.4,88.0,993.1,0.7,7.1,4.4,34.7,NE,-1.51,-3.8,0.97
414868,2015-07-04,2015,MIL,2015-07-04 19:15:00,19,3,7,10,3,11,9,22,302,89.2,3,63,0.0476,0.1364,2.0,5.0,1.0,11.0,136.0,90.7,14.0,0.1818,1.0,6.0,6.0,11.0,166.0,88.4,25.0,0.0909,77.3,25.2,59.0,997.0,0.0,4.4,2.7,24.3,NE,-0.14,-1.62,1.36
414883,2015-07-05,2015,MIL,2015-07-05 13:10:00,13,1,6,7,2,10,6,17,247,87.5,3,57,0.0526,0.1176,0.0,5.0,3.0,4.0,120.0,85.2,28.0,0.0,2.0,5.0,3.0,13.0,127.0,89.3,34.0,0.1538,79.3,26.3,53.7,1000.6,0.0,6.2,3.9,76.0,E,-4.98,-5.94,-3.42
414992,2015-07-17,2015,CLE,2015-07-17 19:10:00,19,6,1,7,2,10,7,16,295,85.8,2,58,0.0345,0.125,2.0,7.0,5.0,10.0,150.0,86.8,34.0,0.2,0.0,3.0,2.0,6.0,145.0,85.1,43.0,0.0,85.0,29.4,70.7,993.9,0.0,10.1,6.3,226.0,SW,4.03,6.95,0.61
415007,2015-07-18,2015,CLE,2015-07-18 19:10:00,19,4,9,13,4,12,6,19,277,86.3,3,60,0.05,0.2105,1.0,6.0,2.0,8.0,137.0,85.4,33.0,0.125,3.0,6.0,4.0,11.0,140.0,86.9,40.0,0.2727,83.4,28.5,85.0,995.0,0.5,5.7,3.6,96.9,E,-5.52,-5.72,-4.66
415022,2015-07-19,2015,CLE,2015-07-19 13:10:00,13,3,5,8,1,20,12,23,383,84.3,0,67,0.0,0.0435,1.0,11.0,2.0,10.0,146.0,86.3,32.0,0.1,0.0,9.0,10.0,13.0,237.0,82.6,38.0,0.0,86.4,30.2,69.7,995.8,3.6,10.2,6.3,266.7,W,9.15,10.11,7.08
415035,2015-07-20,2015,CHC,2015-07-20 19:10:00,19,5,4,9,3,11,9,16,308,90.3,5,53,0.0943,0.1875,3.0,3.0,3.0,8.0,137.0,89.8,31.0,0.375,0.0,8.0,6.0,8.0,171.0,90.7,31.0,0.0,82.5,28.0,74.3,990.2,0.0,4.8,3.0,270.0,W,4.43,4.8,3.54
415046,2015-07-21,2015,CHC,2015-07-21 19:10:00,19,4,5,9,3,25,9,25,455,87.9,5,78,0.0641,0.12,0.0,7.0,3.0,13.0,209.0,87.4,48.0,0.0,3.0,18.0,5.0,12.0,246.0,88.4,41.0,0.25,78.3,25.7,59.3,992.0,0.0,10.5,6.5,324.3,NW,8.89,6.47,10.24
413902,2015-07-22,2015,CHC,2015-04-25 13:10:00,13,5,6,11,0,20,10,25,344,86.7,1,56,0.0179,0.0,0.0,11.0,4.0,13.0,180.0,86.3,33.0,0.0,0.0,9.0,2.0,12.0,164.0,87.3,29.0,0.0,51.0,10.6,86.0,986.4,2.2,12.4,7.7,81.0,E,-10.57,-12.15,-7.72
415061,2015-07-22,2015,CHC,2015-07-22 12:35:00,12,9,1,10,1,18,6,18,293,85.9,2,50,0.04,0.0556,1.0,11.0,4.0,13.0,156.0,87.5,31.0,0.0769,0.0,7.0,2.0,5.0,137.0,84.4,33.0,0.0,77.3,25.2,47.7,997.2,0.0,5.4,3.4,356.0,N,2.42,0.62,3.94
415177,2015-07-30,2015,PIT,2015-07-30 19:10:00,19,15,5,20,4,14,9,30,370,85.1,4,67,0.0597,0.1333,3.0,6.0,6.0,19.0,216.0,83.6,43.0,0.1579,1.0,8.0,3.0,11.0,154.0,87.1,33.0,0.0909,79.3,26.3,51.0,998.3,0.0,10.1,6.3,301.0,NW,10.02,8.91,9.93
415190,2015-07-31,2015,PIT,2015-07-31 19:10:00,19,4,5,9,3,15,10,17,313,87.8,1,53,0.0189,0.1765,2.0,8.0,6.0,10.0,164.0,87.6,27.0,0.2,1.0,7.0,3.0,7.0,149.0,88.0,34.0,0.1429,81.3,27.4,51.3,995.9,0.0,9.6,5.9,249.3,W,6.98,8.79,4.32
415205,2015-08-01,2015,PIT,2015-08-01 19:10:00,19,4,3,7,1,20,4,17,290,87.9,1,48,0.0208,0.0588,0.0,11.0,1.0,9.0,138.0,87.0,32.0,0.0,1.0,9.0,3.0,8.0,152.0,89.0,28.0,0.125,78.5,25.8,48.3,996.3,0.0,7.0,4.3,304.0,NW,6.83,5.94,6.89
415220,2015-08-02,2015,PIT,2015-08-02 13:10:00,13,0,3,3,1,17,2,9,254,83.9,1,47,0.0213,0.1111,0.0,7.0,0.0,6.0,122.0,84.0,31.0,0.0,1.0,10.0,2.0,3.0,132.0,83.7,24.0,0.3333,85.9,29.9,39.0,996.5,0.0,7.4,4.6,237.3,SW,4.23,6.05,1.89
415250,2015-08-04,2015,STL,2015-08-04 19:10:00,19,3,2,5,1,18,3,16,259,84.2,2,47,0.0426,0.0625,0.0,7.0,2.0,7.0,129.0,82.6,26.0,0.0,1.0,11.0,1.0,9.0,130.0,85.6,30.0,0.1111,80.2,26.8,57.7,996.5,0.0,6.0,3.7,290.4,W,6.03,5.74,5.59
415265,2015-08-05,2015,STL,2015-08-05 19:10:00,19,3,4,7,2,28,11,13,402,81.3,3,61,0.0492,0.1538,0.0,13.0,6.0,7.0,203.0,77.0,44.0,0.0,2.0,15.0,5.0,6.0,199.0,86.4,36.0,0.3333,79.8,26.6,57.0,996.4,0.0,7.6,4.7,64.7,NE,-5.08,-6.69,-2.85
415276,2015-08-06,2015,STL,2015-08-06 12:35:00,12,0,3,3,0,15,9,10,290,83.7,1,48,0.0208,0.0,0.0,8.0,5.0,5.0,145.0,87.1,26.0,0.0,0.0,7.0,3.0,5.0,145.0,80.6,29.0,0.0,66.9,19.4,95.7,994.2,2.5,13.1,8.2,85.7,E,-11.72,-13.04,-8.98
415428,2015-08-18,2015,KC,2015-08-18 19:10:00,19,1,3,4,2,24,9,17,439,83.3,1,66,0.0152,0.1176,1.0,16.0,5.0,5.0,220.0,78.4,39.0,0.2,1.0,8.0,2.0,12.0,219.0,87.3,49.0,0.0833,79.7,26.5,72.3,992.0,0.3,7.6,4.7,163.0,S,-4.85,-2.55,-6.58
415443,2015-08-19,2015,KC,2015-08-19 19:10:00,19,3,4,7,2,17,9,20,358,84.5,3,54,0.0556,0.1,2.0,10.0,5.0,9.0,180.0,83.9,31.0,0.2222,0.0,7.0,3.0,11.0,178.0,85.0,38.0,0.0,75.3,24.1,92.7,990.7,3.9,7.7,4.8,197.4,S,-0.69,1.99,-3.28
415453,2015-08-20,2015,AZ,2015-08-20 19:10:00,19,4,5,9,1,19,3,23,327,82.2,1,56,0.0179,0.0435,0.0,9.0,1.0,10.0,147.0,82.0,32.0,0.0,1.0,10.0,2.0,13.0,180.0,82.4,35.0,0.0769,72.7,22.6,53.3,997.7,0.0,8.1,5.0,254.7,W,6.37,7.68,4.29
415464,2015-08-21,2015,AZ,2015-08-21 19:10:00,19,3,6,9,3,13,3,22,274,86.7,4,62,0.0645,0.1364,1.0,7.0,1.0,9.0,124.0,85.6,34.0,0.1111,2.0,6.0,2.0,13.0,150.0,87.7,36.0,0.1538,73.5,23.0,52.0,1000.5,0.0,5.3,3.3,59.3,NE,-3.2,-4.46,-1.54
415479,2015-08-22,2015,AZ,2015-08-22 19:10:00,19,7,11,18,3,13,5,29,342,89.3,4,70,0.0571,0.1034,0.0,7.0,5.0,13.0,186.0,89.8,42.0,0.0,3.0,6.0,0.0,16.0,156.0,88.8,42.0,0.1875,76.5,24.7,58.3,998.2,0.0,5.2,3.3,36.8,NE,-1.29,-2.95,0.52
415494,2015-08-23,2015,AZ,2015-08-23 13:10:00,13,0,4,4,2,19,8,11,267,88.0,2,43,0.0465,0.1818,0.0,5.0,3.0,5.0,124.0,87.7,29.0,0.0,2.0,14.0,5.0,6.0,143.0,88.3,21.0,0.3333,85.3,29.6,48.0,995.4,0.0,8.7,5.4,234.4,SW,4.57,6.82,1.78
414647,2015-08-24,2015,DET,2015-06-18 19:10:00,19,12,5,17,5,12,12,22,348,86.4,5,59,0.0847,0.2273,3.0,5.0,5.0,11.0,169.0,83.5,35.0,0.2727,2.0,7.0,6.0,11.0,179.0,89.5,32.0,0.1818,78.7,25.9,80.3,998.7,0.0,7.8,4.8,226.8,SW,3.21,5.44,0.58
415523,2015-08-25,2015,LAD,2015-08-25 19:10:00,19,1,5,6,2,13,8,14,312,84.8,3,52,0.0577,0.1429,0.0,6.0,5.0,7.0,149.0,83.8,30.0,0.0,2.0,7.0,3.0,7.0,163.0,85.7,35.0,0.2857,69.0,20.6,59.0,998.5,0.0,4.3,2.7,253.1,W,3.35,4.09,2.21
415538,2015-08-26,2015,LAD,2015-08-26 19:10:00,19,4,7,11,3,15,6,18,316,88.5,3,57,0.0526,0.1667,0.0,9.0,3.0,8.0,146.0,87.0,32.0,0.0,3.0,6.0,3.0,10.0,170.0,89.7,40.0,0.3,68.6,20.3,64.7,1000.8,0.0,6.8,4.2,66.7,NE,-4.74,-6.12,-2.79
415550,2015-08-27,2015,LAD,2015-08-27 12:35:00,12,0,1,1,0,18,7,12,286,88.0,1,43,0.0233,0.0,0.0,10.0,3.0,4.0,136.0,90.7,18.0,0.0,0.0,8.0,4.0,8.0,150.0,86.2,27.0,0.0,71.8,22.1,55.3,1003.4,0.0,8.2,5.1,45.3,NE,-3.19,-5.6,-0.41
415657,2015-09-05,2015,MIL,2015-09-04 19:10:00,19,3,7,10,3,10,5,18,306,87.6,1,60,0.0167,0.1667,1.0,4.0,1.0,7.0,155.0,89.5,35.0,0.1429,2.0,6.0,3.0,11.0,151.0,85.8,36.0,0.1818,83.1,28.4,69.0,999.8,0.0,8.7,5.4,31.4,NE,-1.35,-4.22,1.69
415672,2015-09-05,2015,MIL,2015-09-05 13:10:00,13,6,8,14,1,13,8,26,321,85.3,1,64,0.0156,0.0385,0.0,7.0,4.0,12.0,163.0,86.5,33.0,0.0,1.0,6.0,4.0,14.0,158.0,84.3,41.0,0.0714,88.3,31.3,49.3,1001.7,0.0,4.8,3.0,53.0,NE,-2.44,-3.7,-0.87
415687,2015-09-06,2015,MIL,2015-09-06 13:10:00,13,6,3,9,3,11,5,21,277,83.7,3,60,0.05,0.1429,2.0,5.0,3.0,12.0,149.0,84.3,36.0,0.1667,1.0,6.0,1.0,9.0,128.0,83.0,33.0,0.1111,88.2,31.2,48.3,1001.4,0.0,2.0,1.2,95.5,E,-1.91,-2.0,-1.6
415706,2015-09-07,2015,PIT,2015-09-07 13:10:00,13,3,1,4,0,16,4,11,241,85.6,3,44,0.0682,0.0,0.0,8.0,3.0,4.0,124.0,84.1,28.0,0.0,0.0,8.0,1.0,7.0,117.0,87.1,27.0,0.0,88.1,31.2,47.7,999.8,0.0,2.5,1.6,202.5,SW,0.0,0.86,-0.85
415721,2015-09-08,2015,PIT,2015-09-08 19:10:00,19,3,7,10,2,24,6,19,329,87.8,3,49,0.0612,0.1053,0.0,13.0,2.0,8.0,169.0,84.6,29.0,0.0,2.0,11.0,4.0,11.0,160.0,91.0,28.0,0.1818,82.9,28.3,55.0,994.2,0.0,8.2,5.1,201.7,S,-0.12,2.7,-2.93
415736,2015-09-09,2015,PIT,2015-09-09 19:10:00,19,4,5,9,2,18,6,13,297,83.1,2,49,0.0408,0.1538,1.0,13.0,2.0,6.0,171.0,84.8,23.0,0.1667,1.0,5.0,3.0,7.0,126.0,81.9,30.0,0.1429,71.0,21.7,92.3,994.0,6.0,7.0,4.3,350.3,N,3.71,1.47,5.5
415745,2015-09-10,2015,STL,2015-09-10 19:10:00,19,11,0,11,2,15,11,18,320,85.6,2,53,0.0377,0.1111,2.0,6.0,5.0,13.0,168.0,88.8,37.0,0.1538,0.0,9.0,6.0,5.0,152.0,80.6,24.0,0.0,76.0,24.4,56.0,992.5,0.0,7.7,4.8,354.3,N,3.64,1.1,5.74
415760,2015-09-11,2015,STL,2015-09-11 19:10:00,19,4,2,6,3,22,5,18,259,87.6,1,46,0.0217,0.1667,2.0,10.0,1.0,8.0,121.0,88.1,25.0,0.25,1.0,12.0,2.0,10.0,138.0,87.2,29.0,0.1,65.5,18.6,91.7,992.8,2.1,10.5,6.5,348.7,N,5.85,2.51,8.48
415775,2015-09-12,2015,STL,2015-09-12 13:30:00,13,5,1,6,1,19,9,11,297,87.9,4,43,0.093,0.0909,1.0,6.0,6.0,6.0,139.0,89.0,29.0,0.1667,0.0,13.0,3.0,5.0,158.0,86.6,25.0,0.0,65.8,18.8,62.3,994.7,0.0,12.5,7.8,341.7,N,8.17,4.45,10.92
415790,2015-09-13,2015,STL,2015-09-13 13:10:00,13,2,9,11,3,14,11,17,337,85.9,2,56,0.0357,0.1765,1.0,5.0,5.0,4.0,143.0,84.3,30.0,0.25,2.0,9.0,6.0,13.0,194.0,87.3,35.0,0.1538,64.6,18.1,46.7,999.2,0.0,12.6,7.8,308.3,NW,12.09,10.19,12.53
415933,2015-09-24,2015,NYM,2015-09-24 19:10:00,19,4,6,10,1,20,2,23,296,90.9,1,56,0.0179,0.0435,1.0,10.0,1.0,11.0,133.0,88.7,32.0,0.0909,0.0,10.0,1.0,12.0,163.0,93.0,33.0,0.0,74.1,23.4,52.7,1002.2,0.0,9.6,6.0,63.0,NE,-6.23,-8.36,-3.36
415948,2015-09-25,2015,NYM,2015-09-25 19:10:00,19,5,12,17,5,21,2,25,305,86.6,4,58,0.069,0.2,2.0,14.0,1.0,11.0,147.0,87.1,31.0,0.1818,3.0,7.0,1.0,14.0,158.0,86.3,36.0,0.2143,70.1,21.2,48.3,1002.8,0.6,12.6,7.8,101.3,E,-12.39,-12.48,-10.81
415963,2015-09-26,2015,NYM,2015-09-26 16:10:00,16,2,10,12,3,16,8,23,312,89.7,5,58,0.0862,0.1304,0.0,8.0,1.0,13.0,138.0,89.2,39.0,0.0,3.0,8.0,7.0,10.0,174.0,90.2,35.0,0.3,70.3,21.3,67.3,1003.0,0.3,17.7,11.0,104.3,E,-17.52,-17.32,-15.6
415978,2015-09-27,2015,NYM,2015-09-27 13:10:00,13,1,8,9,2,22,3,19,302,86.1,2,54,0.037,0.1053,0.0,11.0,1.0,7.0,138.0,86.4,25.0,0.0,2.0,11.0,2.0,12.0,164.0,85.9,32.0,0.1667,73.9,23.3,62.3,1001.8,0.0,10.1,6.3,144.0,SE,-8.58,-6.27,-9.86
415994,2015-09-29,2015,CHC,2015-09-29 19:10:00,19,1,4,5,0,19,8,11,290,83.8,0,46,0.0,0.0,0.0,7.0,1.0,3.0,121.0,82.5,30.0,0.0,0.0,12.0,7.0,8.0,169.0,85.3,27.0,0.0,68.7,20.4,95.0,992.9,3.9,9.7,6.0,8.3,N,2.38,-0.99,5.47
416009,2015-09-30,2015,CHC,2015-09-30 19:10:00,19,3,10,13,1,24,5,20,310,84.7,2,49,0.0408,0.05,0.0,10.0,1.0,4.0,132.0,81.2,28.0,0.0,1.0,14.0,4.0,16.0,178.0,87.6,34.0,0.0625,63.6,17.6,63.3,998.1,0.0,15.0,9.3,29.0,NE,-1.7,-6.71,3.51
416025,2015-10-01,2015,CHC,2015-10-01 12:35:00,12,3,5,8,1,22,3,20,296,87.2,2,51,0.0392,0.05,0.0,10.0,0.0,12.0,150.0,87.9,34.0,0.0,1.0,12.0,3.0,8.0,146.0,86.4,31.0,0.125,58.9,15.0,69.7,1000.2,1.4,16.9,10.5,33.0,NE,-3.09,-8.59,2.79
446874,2016-04-04,2016,PHI,2016-04-04 16:10:00,16,6,2,8,1,17,4,12,267,81.4,0,45,0.0,0.0833,0.0,7.0,3.0,6.0,133.0,80.3,23.0,0.0,1.0,10.0,1.0,6.0,134.0,82.4,25.0,0.1667,53.5,12.0,55.0,998.6,0.0,18.1,11.3,336.0,NW,13.15,8.09,16.63
446897,2016-04-06,2016,PHI,2016-04-06 19:10:00,19,3,2,5,2,19,2,13,246,83.9,3,45,0.0667,0.1538,1.0,9.0,0.0,8.0,123.0,81.8,39.0,0.125,1.0,10.0,2.0,5.0,123.0,87.5,23.0,0.2,55.0,12.8,83.7,984.3,2.0,23.1,14.4,196.3,S,-2.49,5.53,-10.2
446909,2016-04-07,2016,PHI,2016-04-07 12:35:00,12,10,6,16,6,15,9,21,312,82.8,5,55,0.0909,0.2857,3.0,9.0,5.0,12.0,164.0,80.9,42.0,0.25,3.0,6.0,4.0,9.0,148.0,84.6,45.0,0.3333,45.4,7.4,74.3,985.6,0.8,24.4,15.2,281.3,W,23.94,24.11,20.88
446922,2016-04-08,2016,PIT,2016-04-08 19:10:00,19,5,6,11,2,15,12,14,324,83.7,2,52,0.0385,0.1429,1.0,5.0,6.0,6.0,155.0,84.8,35.0,0.1667,1.0,10.0,6.0,8.0,169.0,82.7,38.0,0.125,40.9,4.9,81.3,992.5,0.9,18.0,11.2,275.0,W,17.2,18.02,14.31
446937,2016-04-09,2016,PIT,2016-04-09 13:10:00,13,5,1,6,1,13,7,18,288,79.3,1,51,0.0196,0.0556,1.0,6.0,4.0,8.0,150.0,78.0,45.0,0.125,0.0,7.0,3.0,10.0,138.0,80.8,37.0,0.0,39.3,4.0,36.7,1004.4,0.0,20.5,12.7,314.0,NW,19.04,15.33,20.46
446952,2016-04-10,2016,PIT,2016-04-10 13:10:00,13,2,1,3,2,10,8,19,300,81.6,3,56,0.0536,0.1053,1.0,2.0,2.0,10.0,116.0,83.3,38.0,0.1,1.0,8.0,6.0,9.0,184.0,80.1,44.0,0.1111,55.4,13.0,41.3,1000.3,0.0,16.3,10.1,173.0,S,-8.04,-2.7,-12.42
447054,2016-04-18,2016,COL,2016-04-18 19:10:00,19,1,5,6,2,19,4,11,253,84.1,4,45,0.0889,0.1818,0.0,7.0,0.0,4.0,112.0,85.6,33.0,0.0,2.0,12.0,3.0,7.0,141.0,82.7,36.0,0.2857,73.6,23.1,62.0,1003.8,0.0,1.7,1.0,272.8,W,1.57,1.67,1.28
447061,2016-04-19,2016,COL,2016-04-19 19:10:00,19,4,3,7,1,10,3,14,264,85.4,1,53,0.0189,0.0714,0.0,5.0,1.0,9.0,129.0,85.8,36.0,0.0,1.0,5.0,2.0,5.0,135.0,85.1,45.0,0.2,70.6,21.4,58.0,1001.0,0.0,13.0,8.1,57.3,NE,-7.43,-10.63,-3.33
447076,2016-04-20,2016,COL,2016-04-20 12:35:00,12,6,5,11,2,17,4,17,273,81.5,2,50,0.04,0.1176,2.0,8.0,0.0,9.0,129.0,82.0,40.0,0.2222,0.0,9.0,4.0,8.0,144.0,81.0,34.0,0.0,70.9,21.6,48.0,1000.5,0.0,9.1,5.6,102.3,E,-8.92,-8.93,-7.84
447090,2016-04-21,2016,CHC,2016-04-21 19:10:00,19,0,16,16,5,13,10,18,317,85.4,4,58,0.069,0.2778,0.0,6.0,4.0,0.0,119.0,82.6,25.0,,5.0,7.0,6.0,18.0,198.0,86.5,60.0,0.2778,64.1,17.8,76.7,993.7,0.0,10.5,6.5,202.3,S,-0.04,3.55,-3.63
447105,2016-04-22,2016,CHC,2016-04-22 19:10:00,19,1,8,9,3,10,6,14,295,84.3,5,55,0.0909,0.2143,1.0,5.0,1.0,5.0,123.0,80.6,36.0,0.2,2.0,5.0,5.0,9.0,172.0,87.5,42.0,0.2222,60.3,15.7,82.7,995.5,0.7,9.8,6.1,327.3,NW,8.07,5.66,9.51
447120,2016-04-23,2016,CHC,2016-04-23 19:10:00,19,13,5,18,5,17,12,22,350,82.9,4,54,0.0741,0.2273,4.0,9.0,3.0,15.0,164.0,84.7,37.0,0.2667,1.0,8.0,7.0,7.0,186.0,81.7,52.0,0.1429,60.1,15.6,54.3,999.8,0.0,6.7,4.2,48.7,NE,-2.97,-4.86,-0.72
447135,2016-04-24,2016,CHC,2016-04-24 13:10:00,13,0,9,9,3,18,6,18,310,82.7,2,52,0.0385,0.1667,0.0,12.0,2.0,3.0,135.0,78.9,37.0,0.0,3.0,6.0,4.0,15.0,175.0,85.2,56.0,0.2,69.5,20.8,47.0,998.6,0.0,4.3,2.7,175.3,S,-1.98,-0.54,-3.18
447250,2016-05-02,2016,SF,2016-05-02 19:10:00,19,6,9,15,2,18,6,22,314,83.2,5,56,0.0893,0.0909,1.0,11.0,2.0,8.0,147.0,80.8,42.0,0.125,1.0,7.0,4.0,14.0,167.0,85.2,49.0,0.0714,60.5,15.8,74.0,994.6,0.0,6.5,4.1,322.3,NW,5.67,4.21,6.44
447265,2016-05-03,2016,SF,2016-05-03 19:10:00,19,1,3,4,1,16,7,13,306,79.3,1,48,0.0208,0.0769,1.0,9.0,2.0,3.0,132.0,77.6,30.0,0.3333,0.0,7.0,4.0,10.0,174.0,80.6,40.0,0.0,57.4,14.1,68.0,993.1,0.0,6.1,3.8,281.9,W,6.0,6.02,5.25
447280,2016-05-04,2016,SF,2016-05-04 12:35:00,12,7,4,11,6,13,3,19,273,84.1,5,56,0.0893,0.3158,4.0,8.0,1.0,10.0,122.0,83.9,40.0,0.4,2.0,5.0,2.0,9.0,151.0,84.3,47.0,0.2222,54.6,12.6,79.0,987.0,2.3,15.4,9.6,252.3,W,11.77,14.46,7.66
447288,2016-05-05,2016,MIL,2016-05-05 19:10:00,19,9,5,14,5,16,4,19,280,85.3,5,52,0.0962,0.2632,3.0,10.0,3.0,9.0,139.0,83.7,39.0,0.3333,2.0,6.0,1.0,10.0,141.0,86.9,39.0,0.2,58.4,14.7,56.0,992.6,0.0,7.9,4.9,301.5,NW,7.84,6.94,7.79
447300,2016-05-06,2016,MIL,2016-05-06 19:10:00,19,5,1,6,3,14,7,14,292,83.1,2,49,0.0408,0.2143,2.0,8.0,3.0,6.0,131.0,84.1,35.0,0.3333,1.0,6.0,3.0,8.0,161.0,82.3,43.0,0.125,63.7,17.6,54.0,993.2,0.0,10.3,6.4,302.7,NW,10.11,8.88,10.12
447315,2016-05-07,2016,MIL,2016-05-07 19:10:00,19,7,13,20,7,18,3,26,327,83.0,5,69,0.0725,0.2692,2.0,10.0,1.0,11.0,156.0,82.7,43.0,0.1818,5.0,8.0,1.0,15.0,171.0,83.2,49.0,0.3333,68.8,20.4,69.7,988.8,0.0,14.9,9.3,300.6,NW,14.78,13.17,14.61
447330,2016-05-08,2016,MIL,2016-05-08 13:10:00,13,4,5,9,4,18,8,13,299,82.2,4,47,0.0851,0.3077,1.0,8.0,3.0,6.0,138.0,81.0,38.0,0.1667,3.0,10.0,5.0,7.0,161.0,83.6,32.0,0.4286,58.7,14.8,73.0,998.2,3.8,9.1,5.6,238.0,SW,5.27,7.47,2.42
447349,2016-05-09,2016,PIT,2016-05-09 19:10:00,19,3,2,5,3,9,6,14,261,81.8,0,52,0.0,0.2143,3.0,4.0,2.0,9.0,129.0,79.8,37.0,0.3333,0.0,5.0,4.0,5.0,132.0,83.6,40.0,0.0,65.7,18.7,78.7,997.0,0.1,11.3,7.0,82.7,E,-9.77,-11.1,-7.27
447378,2016-05-11,2016,PIT,2016-05-11 19:10:00,19,4,5,9,5,14,3,12,263,80.7,4,50,0.08,0.4167,1.0,8.0,1.0,6.0,114.0,79.5,34.0,0.1667,4.0,6.0,2.0,6.0,149.0,81.7,41.0,0.6667,75.4,24.1,67.0,997.8,0.0,2.1,1.3,16.5,N,0.22,-0.52,0.94
447462,2016-05-18,2016,CLE,2016-05-18 19:10:00,19,7,8,15,6,28,7,20,429,81.0,7,65,0.1077,0.3,3.0,14.0,2.0,10.0,205.0,80.4,55.0,0.3,3.0,14.0,3.0,10.0,224.0,81.5,64.0,0.3,62.1,16.7,55.0,1000.7,0.0,8.3,5.1,346.7,N,4.84,2.26,6.84
447476,2016-05-19,2016,CLE,2016-05-19 19:10:00,19,2,7,9,3,14,6,15,274,83.4,4,55,0.0727,0.2,1.0,8.0,1.0,5.0,109.0,81.6,37.0,0.2,2.0,6.0,5.0,10.0,165.0,84.9,48.0,0.2,64.5,18.1,53.7,1001.5,0.0,9.1,5.7,57.7,NE,-5.26,-7.5,-2.39
447496,2016-05-20,2016,SEA,2016-05-20 19:10:00,19,3,8,11,3,17,9,18,300,82.6,3,52,0.0577,0.1667,1.0,9.0,2.0,8.0,131.0,80.6,42.0,0.125,2.0,8.0,6.0,10.0,169.0,84.5,43.0,0.2,61.2,16.2,92.3,996.9,8.5,9.5,5.9,82.3,E,-8.18,-9.32,-6.06
447511,2016-05-21,2016,SEA,2016-05-21 16:10:00,16,0,4,4,2,11,9,10,301,82.0,0,53,0.0,0.2,0.0,7.0,3.0,4.0,134.0,80.7,19.0,0.0,2.0,4.0,6.0,6.0,167.0,82.8,29.0,0.3333,65.6,18.7,61.0,997.2,0.0,16.6,10.3,355.7,N,7.48,1.97,12.08
447526,2016-05-22,2016,SEA,2016-05-22 13:10:00,13,4,5,9,1,13,5,20,287,84.8,2,58,0.0345,0.05,1.0,9.0,1.0,8.0,126.0,85.1,41.0,0.125,0.0,4.0,2.0,12.0,161.0,84.6,45.0,0.0,73.8,23.2,38.3,997.0,0.0,19.5,12.1,335.0,NW,14.35,8.99,17.98
447693,2016-06-03,2016,WSH,2016-06-03 19:10:00,19,7,2,9,4,18,3,19,288,83.4,3,48,0.0625,0.2105,3.0,9.0,0.0,12.0,135.0,85.6,36.0,0.25,1.0,9.0,3.0,7.0,153.0,81.4,40.0,0.1429,78.6,25.9,64.0,997.6,0.0,3.4,2.1,229.3,SW,1.52,2.45,0.4
447708,2016-06-04,2016,WSH,2016-06-04 16:10:00,16,6,3,9,5,18,6,10,276,87.3,6,40,0.15,0.5,3.0,15.0,3.0,7.0,150.0,87.5,26.0,0.4286,2.0,3.0,3.0,3.0,126.0,87.2,37.0,0.6667,72.6,22.5,91.7,991.9,2.5,8.8,5.5,207.3,SW,0.74,3.7,-2.3
447723,2016-06-05,2016,WSH,2016-06-05 13:10:00,13,9,10,19,3,20,6,26,332,83.6,2,60,0.0333,0.1154,1.0,13.0,4.0,12.0,166.0,81.3,37.0,0.0833,2.0,7.0,0.0,14.0,166.0,85.4,46.0,0.1429,78.2,25.7,60.3,988.4,0.0,19.9,12.4,244.7,SW,13.38,17.63,7.52
447745,2016-06-07,2016,STL,2016-06-07 19:10:00,19,7,6,13,3,13,4,22,287,81.1,4,59,0.0678,0.1364,3.0,8.0,1.0,12.0,146.0,84.4,39.0,0.25,0.0,5.0,2.0,10.0,141.0,78.7,52.0,0.0,68.1,20.0,54.0,991.8,0.0,12.7,7.9,318.0,NW,11.43,8.88,12.61
447760,2016-06-08,2016,STL,2016-06-08 19:10:00,19,7,12,19,6,15,9,30,338,83.2,5,69,0.0725,0.2,2.0,9.0,1.0,15.0,141.0,83.4,48.0,0.1333,4.0,6.0,8.0,15.0,197.0,83.0,63.0,0.2667,69.9,21.1,48.3,997.0,0.0,7.2,4.5,273.0,W,6.79,7.2,5.56
447770,2016-06-09,2016,STL,2016-06-09 19:10:00,19,2,3,5,0,19,3,12,271,80.3,0,47,0.0,0.0,0.0,11.0,1.0,4.0,118.0,78.3,32.0,0.0,0.0,8.0,2.0,8.0,153.0,81.5,51.0,0.0,76.5,24.7,49.3,997.4,0.0,5.2,3.2,198.3,S,-0.38,1.42,-2.13
447782,2016-06-10,2016,ATH,2016-06-10 19:10:00,19,2,1,3,1,8,5,14,234,86.6,3,52,0.0577,0.0714,0.0,4.0,1.0,5.0,95.0,91.6,28.0,0.0,1.0,4.0,3.0,9.0,139.0,83.3,43.0,0.1111,80.9,27.2,65.0,998.4,0.0,4.8,3.0,183.4,S,-1.57,0.08,-3.02
447797,2016-06-11,2016,ATH,2016-06-11 16:10:00,16,2,1,3,1,17,8,13,271,81.9,1,46,0.0217,0.0769,1.0,10.0,5.0,6.0,136.0,81.1,32.0,0.1667,0.0,7.0,3.0,7.0,135.0,82.5,43.0,0.0,91.1,32.8,31.7,998.2,0.0,14.1,8.8,253.7,W,11.01,13.38,7.31
447812,2016-06-12,2016,ATH,2016-06-12 13:10:00,13,1,6,7,3,15,4,22,282,83.9,2,55,0.0364,0.1364,0.0,9.0,2.0,7.0,128.0,84.1,32.0,0.0,3.0,6.0,2.0,15.0,154.0,83.7,48.0,0.2,88.1,31.2,57.3,998.2,0.1,12.1,7.5,313.7,NW,11.31,9.13,12.13
447957,2016-06-23,2016,SD,2016-06-23 19:10:00,19,4,7,11,3,16,10,15,351,79.5,1,52,0.0192,0.2,1.0,9.0,5.0,7.0,170.0,80.2,50.0,0.1429,2.0,7.0,5.0,8.0,181.0,78.8,48.0,0.25,74.7,23.7,95.0,993.2,4.1,3.7,2.3,164.0,S,-2.28,-1.16,-3.13
447970,2016-06-24,2016,SD,2016-06-24 19:10:00,19,4,13,17,4,20,10,20,325,82.8,4,53,0.0755,0.2,0.0,8.0,6.0,5.0,147.0,81.8,37.0,0.0,4.0,12.0,4.0,15.0,178.0,83.6,49.0,0.2667,81.2,27.3,58.7,998.7,0.0,4.7,2.9,355.3,N,2.15,0.59,3.45
447985,2016-06-25,2016,SD,2016-06-25 16:10:00,16,0,3,3,1,20,7,9,277,83.4,1,42,0.0238,0.1111,0.0,10.0,1.0,4.0,130.0,79.4,38.0,0.0,1.0,10.0,5.0,5.0,147.0,87.7,36.0,0.2,88.5,31.4,39.3,1000.7,0.0,5.5,3.4,112.6,SE,-5.47,-5.13,-5.14
448000,2016-06-26,2016,SD,2016-06-26 13:10:00,13,3,0,3,1,13,4,14,242,82.8,1,48,0.0208,0.0714,1.0,7.0,4.0,9.0,112.0,83.3,31.0,0.1111,0.0,6.0,0.0,5.0,130.0,82.4,37.0,0.0,91.1,32.8,52.0,1000.2,0.0,9.0,5.6,227.3,SW,3.78,6.35,0.76
448006,2016-06-27,2016,CHC,2016-06-27 19:10:00,19,8,11,19,7,13,9,25,321,85.3,6,65,0.0923,0.28,2.0,6.0,6.0,8.0,156.0,81.5,46.0,0.25,5.0,7.0,3.0,17.0,165.0,88.8,49.0,0.2941,84.9,29.4,49.7,997.6,0.0,6.6,4.1,245.0,SW,4.46,5.85,2.53
448018,2016-06-28,2016,CHC,2016-06-28 19:10:00,19,2,7,9,3,26,8,17,453,80.7,4,79,0.0506,0.1765,1.0,13.0,1.0,8.0,209.0,81.0,57.0,0.125,2.0,13.0,6.0,9.0,244.0,80.5,64.0,0.2222,76.5,24.7,53.3,997.8,0.0,16.1,10.0,331.7,NW,12.46,8.24,15.18
448033,2016-06-29,2016,CHC,2016-06-29 12:35:00,12,2,9,11,4,18,10,21,337,79.8,4,53,0.0755,0.1905,1.0,7.0,5.0,9.0,161.0,79.7,43.0,0.1111,3.0,11.0,4.0,12.0,176.0,80.0,40.0,0.25,72.4,22.5,51.3,1000.6,0.0,8.8,5.5,12.7,N,1.5,-1.55,4.38
448212,2016-07-15,2016,MIL,2016-07-15 19:10:00,19,5,4,9,1,18,6,18,290,82.4,2,50,0.04,0.0556,0.0,7.0,3.0,9.0,132.0,81.9,46.0,0.0,1.0,11.0,3.0,9.0,158.0,83.0,39.0,0.1111,78.5,25.8,78.7,996.8,0.3,5.0,3.1,236.2,SW,2.79,4.06,1.19
448227,2016-07-16,2016,MIL,2016-07-16 19:10:00,19,1,9,10,2,19,8,21,300,80.7,0,54,0.0,0.0952,0.0,8.0,3.0,9.0,127.0,77.7,45.0,0.0,2.0,11.0,5.0,12.0,173.0,84.2,38.0,0.1667,79.9,26.6,60.0,1000.4,0.0,5.4,3.4,287.9,W,5.38,5.2,4.91
448242,2016-07-17,2016,MIL,2016-07-17 13:10:00,13,1,0,1,0,11,4,8,255,81.2,0,48,0.0,0.0,0.0,7.0,2.0,4.0,128.0,81.8,34.0,0.0,0.0,4.0,2.0,4.0,127.0,80.7,42.0,0.0,85.7,29.8,54.3,1003.3,0.0,8.9,5.5,214.3,SW,1.82,4.69,-1.26
448248,2016-07-18,2016,ATL,2016-07-18 19:10:00,19,8,2,10,4,15,5,21,300,82.6,5,55,0.0909,0.1905,3.0,7.0,3.0,12.0,150.0,81.2,43.0,0.25,1.0,8.0,2.0,9.0,150.0,84.1,42.0,0.1111,76.9,25.0,85.3,1002.6,0.5,8.7,5.4,306.0,NW,8.49,7.28,8.68
448274,2016-07-20,2016,ATL,2016-07-20 12:35:00,12,6,3,9,4,10,3,21,255,84.3,2,59,0.0339,0.1905,2.0,5.0,3.0,12.0,129.0,83.7,46.0,0.1667,2.0,5.0,0.0,9.0,126.0,85.1,40.0,0.2222,87.0,30.5,45.0,1005.2,0.0,3.2,2.0,147.3,SE,-2.63,-1.84,-3.09
448299,2016-07-22,2016,AZ,2016-07-22 19:10:00,19,6,2,8,3,20,13,13,315,80.9,7,41,0.1707,0.2308,2.0,8.0,7.0,8.0,179.0,77.9,45.0,0.25,1.0,12.0,3.0,5.0,136.0,85.4,31.0,0.2,84.5,29.2,72.7,997.7,0.0,8.2,5.1,168.7,S,-4.58,-1.97,-6.65
448314,2016-07-23,2016,AZ,2016-07-23 19:10:00,19,6,1,7,1,25,4,14,294,82.2,0,40,0.0,0.0714,1.0,14.0,1.0,10.0,150.0,81.8,38.0,0.1,0.0,11.0,3.0,4.0,144.0,82.6,33.0,0.0,87.8,31.0,62.0,995.8,0.0,4.6,2.9,97.5,E,-4.48,-4.62,-3.79
448329,2016-07-24,2016,AZ,2016-07-24 13:10:00,13,8,9,17,5,13,9,24,317,83.3,4,63,0.0635,0.2083,1.0,8.0,6.0,11.0,165.0,80.6,47.0,0.0909,4.0,5.0,3.0,13.0,152.0,86.0,47.0,0.3077,92.4,33.5,49.3,997.6,0.0,8.0,5.0,218.0,SW,2.13,4.62,-0.63
448457,2016-08-02,2016,STL,2016-08-02 19:10:00,19,7,5,12,7,17,9,22,315,83.2,5,56,0.0893,0.3182,3.0,9.0,6.0,12.0,185.0,82.1,47.0,0.25,4.0,8.0,2.0,10.0,130.0,84.5,38.0,0.4,83.1,28.4,62.3,998.0,0.0,3.7,2.3,7.1,N,0.97,-0.29,2.12
448472,2016-08-03,2016,STL,2016-08-03 19:10:00,19,4,5,9,1,12,4,19,295,81.2,3,57,0.0526,0.0526,0.0,7.0,2.0,10.0,150.0,80.2,36.0,0.0,1.0,5.0,2.0,9.0,145.0,82.1,45.0,0.1111,82.2,27.9,67.0,997.0,0.2,4.0,2.5,31.7,NE,-0.64,-1.95,0.75
448485,2016-08-04,2016,STL,2016-08-04 12:35:00,12,7,0,7,0,10,1,16,248,84.6,2,55,0.0364,0.0,0.0,4.0,1.0,11.0,126.0,83.7,40.0,0.0,0.0,6.0,0.0,5.0,122.0,85.6,36.0,0.0,85.4,29.7,62.0,997.5,0.0,3.5,2.2,111.0,E,-3.5,-3.32,-3.26
448628,2016-08-15,2016,MIA,2016-08-15 19:10:00,19,3,6,9,3,20,10,16,339,81.6,2,50,0.04,0.1875,1.0,13.0,5.0,7.0,173.0,79.6,37.0,0.1429,2.0,7.0,5.0,9.0,166.0,83.4,40.0,0.2222,79.8,26.5,81.3,999.7,5.0,12.4,7.7,134.3,SE,-11.48,-9.21,-12.36
448639,2016-08-16,2016,MIA,2016-08-16 19:10:00,19,6,3,9,2,17,6,17,264,83.7,1,47,0.0213,0.1176,1.0,7.0,4.0,8.0,127.0,83.6,26.0,0.125,1.0,10.0,2.0,9.0,137.0,83.8,36.0,0.1111,77.1,25.0,83.0,1001.2,0.1,5.7,3.5,227.6,SW,2.41,4.04,0.5
448654,2016-08-17,2016,MIA,2016-08-17 19:10:00,19,3,2,5,1,11,8,14,308,80.0,2,54,0.037,0.0714,0.0,1.0,3.0,8.0,146.0,78.9,51.0,0.0,1.0,10.0,3.0,6.0,162.0,81.3,44.0,0.1667,79.4,26.3,74.7,1000.0,0.0,6.5,4.0,238.0,SW,3.75,5.33,1.73
448670,2016-08-18,2016,MIA,2016-08-18 19:10:00,19,5,4,9,2,22,4,16,267,83.9,1,44,0.0227,0.125,1.0,12.0,2.0,8.0,124.0,87.7,25.0,0.125,1.0,10.0,1.0,8.0,143.0,81.8,44.0,0.125,80.4,26.9,71.3,998.2,0.0,5.3,3.3,185.7,S,-1.53,0.29,-3.18
448681,2016-08-19,2016,LAD,2016-08-19 19:10:00,19,9,2,11,2,14,9,22,338,81.4,2,56,0.0357,0.0909,2.0,8.0,3.0,12.0,173.0,82.1,45.0,0.1667,0.0,6.0,5.0,10.0,165.0,80.7,49.0,0.0,80.0,26.7,76.3,994.2,0.3,4.4,2.7,185.1,S,-1.3,0.2,-2.65
448696,2016-08-20,2016,LAD,2016-08-20 19:10:00,19,11,1,12,3,13,7,21,280,81.0,2,57,0.0351,0.1429,3.0,3.0,4.0,18.0,154.0,83.7,51.0,0.1667,0.0,10.0,3.0,3.0,126.0,77.1,35.0,0.0,75.3,24.1,88.3,989.0,0.3,13.0,8.1,213.3,SW,2.45,6.68,-2.08
448711,2016-08-21,2016,LAD,2016-08-21 13:10:00,13,0,4,4,1,19,4,17,283,82.5,1,48,0.0208,0.0588,0.0,12.0,1.0,9.0,145.0,79.8,33.0,0.0,1.0,7.0,2.0,8.0,138.0,84.6,44.0,0.125,78.0,25.5,49.0,995.3,0.0,15.3,9.5,290.0,W,15.29,14.59,14.14
448728,2016-08-22,2016,LAD,2016-08-22 12:35:00,12,9,18,27,7,11,12,35,379,83.0,6,79,0.0759,0.2,0.0,4.0,8.0,14.0,190.0,82.5,57.0,0.0,7.0,7.0,4.0,21.0,189.0,83.3,66.0,0.3333,76.0,24.5,49.3,1004.7,0.0,2.3,1.4,347.3,N,1.33,0.6,1.89
448744,2016-08-23,2016,TEX,2016-08-23 19:10:00,19,3,0,3,0,15,7,11,259,82.2,0,45,0.0,0.0,0.0,7.0,3.0,6.0,113.0,84.5,31.0,0.0,0.0,8.0,4.0,5.0,146.0,80.5,41.0,0.0,78.3,25.7,59.7,1004.3,0.0,6.4,4.0,143.0,SE,-5.49,-4.05,-6.26
448760,2016-08-24,2016,TEX,2016-08-24 19:10:00,19,5,6,11,3,7,6,11,248,84.3,2,57,0.0351,0.2727,0.0,6.0,5.0,4.0,132.0,80.6,34.0,0.0,3.0,1.0,0.0,7.0,116.0,87.5,39.0,0.4286,82.1,27.8,70.7,999.2,0.0,13.9,8.7,200.3,S,-0.53,4.27,-5.26
448876,2016-09-02,2016,STL,2016-09-02 19:10:00,19,3,2,5,2,14,9,17,295,79.4,1,53,0.0189,0.1176,0.0,10.0,7.0,11.0,173.0,75.3,39.0,0.0,2.0,4.0,2.0,6.0,122.0,83.6,37.0,0.3333,74.2,23.4,48.7,1000.3,0.0,12.6,7.8,44.7,NE,-4.74,-8.44,-0.48
448891,2016-09-03,2016,STL,2016-09-03 16:10:00,16,9,1,10,1,19,17,17,281,80.8,0,44,0.0,0.0588,0.0,9.0,7.0,12.0,149.0,80.4,34.0,0.0,1.0,10.0,8.0,5.0,132.0,81.5,24.0,0.2,80.7,27.0,39.3,1001.3,0.0,9.6,5.9,74.7,E,-7.56,-9.11,-5.09
448906,2016-09-04,2016,STL,2016-09-04 13:10:00,13,2,5,7,2,21,8,16,299,83.1,2,46,0.0435,0.125,0.0,9.0,5.0,11.0,146.0,80.8,36.0,0.0,2.0,12.0,3.0,5.0,153.0,85.1,40.0,0.4,82.2,27.9,40.7,1004.0,0.0,6.1,3.8,131.0,SE,-5.75,-4.75,-6.06
448918,2016-09-05,2016,NYM,2016-09-05 13:10:00,13,0,5,5,2,16,3,18,299,82.3,1,51,0.0196,0.1111,0.0,5.0,1.0,8.0,146.0,82.0,51.0,0.0,2.0,11.0,2.0,10.0,153.0,82.6,43.0,0.2,87.8,31.0,42.7,1004.2,0.0,6.4,4.0,209.3,SW,0.76,2.89,-1.46
448933,2016-09-06,2016,NYM,2016-09-06 19:10:00,19,3,5,8,5,21,8,13,302,82.3,4,45,0.0889,0.3846,1.0,11.0,4.0,5.0,140.0,83.4,38.0,0.2,4.0,10.0,3.0,8.0,162.0,81.4,42.0,0.5,82.8,28.2,58.0,1001.3,0.0,8.6,5.3,211.0,SW,1.27,4.1,-1.72
448948,2016-09-07,2016,NYM,2016-09-07 12:35:00,12,3,6,9,3,22,7,26,318,82.9,2,55,0.0364,0.1154,0.0,12.0,5.0,13.0,165.0,83.1,33.0,0.0,3.0,10.0,2.0,13.0,153.0,82.7,50.0,0.2308,88.7,31.5,50.7,1002.1,0.0,10.0,6.2,234.7,SW,5.34,7.92,2.11
449012,2016-09-12,2016,MIL,2016-09-12 19:10:00,19,3,0,3,0,17,3,13,269,81.5,1,45,0.0222,0.0,0.0,6.0,1.0,7.0,130.0,81.9,35.0,0.0,0.0,11.0,2.0,6.0,139.0,81.0,28.0,0.0,74.4,23.6,62.7,1000.0,0.0,5.3,3.3,118.3,SE,-5.31,-4.8,-5.17
449027,2016-09-13,2016,MIL,2016-09-13 19:10:00,19,6,4,10,4,14,2,14,254,84.5,2,51,0.0392,0.2857,1.0,5.0,0.0,10.0,130.0,82.1,39.0,0.1,3.0,9.0,2.0,4.0,124.0,87.6,29.0,0.75,77.4,25.2,60.0,1001.0,0.0,2.9,1.8,273.7,W,2.78,2.93,2.29
449042,2016-09-14,2016,MIL,2016-09-14 19:10:00,19,0,7,7,2,16,8,12,296,83.3,1,48,0.0208,0.1667,0.0,8.0,2.0,6.0,120.0,83.1,35.0,0.0,2.0,8.0,6.0,6.0,176.0,83.5,48.0,0.3333,76.9,24.9,72.7,1001.7,0.3,9.3,5.8,13.7,N,1.43,-1.8,4.49
449070,2016-09-16,2016,PIT,2016-09-16 19:10:00,19,7,9,16,4,22,8,21,355,82.5,4,57,0.0702,0.1905,2.0,11.0,2.0,9.0,163.0,82.6,48.0,0.2222,2.0,11.0,6.0,12.0,192.0,82.4,46.0,0.1667,76.8,24.9,82.0,997.9,0.0,5.2,3.2,117.4,SE,-5.18,-4.72,-5.02
447363,2016-09-17,2016,PIT,2016-05-10 19:10:00,19,4,10,14,2,12,12,22,340,84.5,3,63,0.0476,0.0909,1.0,4.0,2.0,11.0,144.0,84.1,50.0,0.0909,1.0,8.0,9.0,11.0,196.0,84.8,45.0,0.0909,69.6,20.9,79.3,997.1,0.8,9.5,5.9,148.0,SE,-7.76,-5.4,-9.19
449085,2016-09-17,2016,PIT,2016-09-17 18:10:00,18,3,7,10,3,11,11,18,341,81.1,2,59,0.0339,0.1667,2.0,7.0,2.0,7.0,144.0,79.2,50.0,0.2857,1.0,4.0,9.0,11.0,197.0,82.6,61.0,0.0909,74.7,23.7,79.7,997.6,0.0,9.8,6.1,202.0,S,-0.09,3.26,-3.42
449100,2016-09-18,2016,PIT,2016-09-18 13:10:00,13,7,4,11,2,14,6,21,286,81.5,4,58,0.069,0.0952,1.0,6.0,2.0,14.0,131.0,81.2,43.0,0.0714,1.0,8.0,4.0,7.0,155.0,81.8,40.0,0.1429,78.9,26.0,70.7,997.0,0.1,3.5,2.2,184.3,S,-1.09,0.11,-2.16
449254,2016-09-30,2016,CHC,2016-09-30 19:10:00,19,3,7,10,3,12,5,13,276,81.3,2,53,0.0377,0.2308,1.0,8.0,1.0,5.0,133.0,79.8,40.0,0.2,2.0,4.0,4.0,8.0,143.0,83.1,34.0,0.25,64.0,17.8,61.7,997.5,0.0,6.1,3.8,206.7,SW,0.44,2.49,-1.65
449269,2016-10-01,2016,CHC,2016-10-01 16:10:00,16,7,4,11,2,18,8,18,327,82.7,1,48,0.0208,0.1111,1.0,9.0,5.0,10.0,180.0,83.1,36.0,0.1,1.0,9.0,3.0,8.0,147.0,82.2,33.0,0.125,67.2,19.6,67.0,997.4,0.0,8.8,5.5,208.0,SW,0.85,3.8,-2.21
449284,2016-10-02,2016,CHC,2016-10-02 15:10:00,15,4,7,11,2,19,12,15,356,81.2,1,48,0.0208,0.1333,0.0,7.0,3.0,6.0,156.0,79.5,41.0,0.0,2.0,12.0,9.0,9.0,200.0,82.9,41.0,0.2222,70.8,21.5,61.3,998.4,0.3,9.9,6.1,286.0,W,9.8,9.59,8.83
490107,2017-04-03,2017,PHI,2017-04-03 16:10:00,16,3,4,7,3,14,7,19,289,83.1,5,55,0.0909,0.1579,1.0,6.0,2.0,9.0,117.0,82.9,40.0,0.1111,2.0,8.0,4.0,10.0,172.0,83.2,40.0,0.2,65.8,18.8,73.7,981.6,1.3,13.6,8.5,172.7,S,-6.76,-2.32,-10.39
490129,2017-04-05,2017,PHI,2017-04-05 19:10:00,19,2,0,2,1,21,2,9,232,86.2,1,38,0.0263,0.1111,1.0,8.0,1.0,5.0,99.0,88.3,32.0,0.2,0.0,13.0,1.0,4.0,133.0,84.3,35.0,0.0,63.5,17.5,84.0,978.3,5.2,15.7,9.8,194.1,S,-2.3,3.15,-7.47
490142,2017-04-06,2017,PHI,2017-04-06 12:35:00,12,7,4,11,4,18,8,19,295,80.9,4,48,0.0833,0.2105,2.0,6.0,2.0,13.0,133.0,79.6,46.0,0.1538,2.0,12.0,6.0,6.0,162.0,82.4,36.0,0.3333,42.5,5.8,75.7,983.6,1.1,29.7,18.4,295.3,NW,29.63,27.34,28.35
490234,2017-04-13,2017,MIL,2017-04-13 19:10:00,19,1,5,6,2,11,1,15,240,83.2,2,55,0.0364,0.1333,0.0,6.0,0.0,5.0,121.0,83.0,44.0,0.0,2.0,5.0,1.0,10.0,119.0,83.5,41.0,0.2,65.7,18.7,58.0,1003.8,0.0,6.1,3.8,128.5,SE,-5.89,-4.96,-6.12
490247,2017-04-14,2017,MIL,2017-04-14 19:10:00,19,4,10,14,3,18,7,20,330,77.9,2,55,0.0364,0.15,2.0,9.0,1.0,8.0,145.0,76.1,38.0,0.25,1.0,9.0,6.0,12.0,185.0,79.4,47.0,0.0833,69.4,20.8,66.3,1002.5,0.0,6.3,3.9,135.5,SE,-5.77,-4.59,-6.26
490262,2017-04-15,2017,MIL,2017-04-15 13:10:00,13,7,5,12,4,17,11,18,306,79.9,3,51,0.0588,0.2222,1.0,5.0,3.0,11.0,152.0,79.1,51.0,0.0909,3.0,12.0,6.0,7.0,154.0,81.1,36.0,0.4286,78.3,25.7,41.0,1002.2,0.0,22.1,13.7,224.7,SW,8.33,14.81,0.83
490277,2017-04-16,2017,MIL,2017-04-16 13:10:00,13,2,4,6,4,16,7,10,297,82.1,4,47,0.0851,0.4,1.0,6.0,3.0,5.0,131.0,82.9,38.0,0.2,3.0,10.0,4.0,5.0,166.0,81.2,36.0,0.6,70.6,21.5,72.3,998.4,4.6,21.5,13.4,228.7,SW,9.48,15.51,2.31
490296,2017-04-18,2017,BAL,2017-04-18 19:10:00,19,9,3,12,3,18,8,18,321,84.0,3,52,0.0577,0.1667,2.0,8.0,5.0,11.0,188.0,83.5,47.0,0.1818,1.0,10.0,2.0,7.0,133.0,84.5,47.0,0.1429,67.6,19.8,70.0,1000.3,0.0,13.2,8.2,158.0,S,-9.25,-5.47,-11.91
490311,2017-04-19,2017,BAL,2017-04-19 19:10:00,19,0,2,2,0,20,5,11,239,82.4,0,43,0.0,0.0,0.0,4.0,4.0,2.0,120.0,81.8,31.0,0.0,0.0,16.0,1.0,9.0,119.0,83.2,29.0,0.0,71.0,21.7,70.0,999.8,0.0,8.0,5.0,194.4,S,-1.13,1.64,-3.77
490326,2017-04-20,2017,BAL,2017-04-20 19:10:00,19,1,2,3,2,23,3,7,273,76.0,2,41,0.0488,0.2857,1.0,14.0,1.0,2.0,130.0,71.3,39.0,0.5,1.0,9.0,2.0,5.0,143.0,82.2,30.0,0.2,69.6,20.9,75.7,994.2,0.9,19.0,11.8,229.3,SW,8.59,13.88,2.26
490338,2017-04-21,2017,CHC,2017-04-21 19:10:00,19,5,6,11,4,23,10,20,387,81.3,3,60,0.05,0.2,1.0,12.0,5.0,10.0,208.0,80.4,45.0,0.1,3.0,11.0,4.0,10.0,179.0,82.3,43.0,0.3,58.4,14.7,61.0,997.1,0.5,10.5,6.5,343.6,N,6.62,3.42,9.02
490353,2017-04-22,2017,CHC,2017-04-22 13:10:00,13,8,12,20,6,26,8,23,351,83.2,9,51,0.1765,0.2609,3.0,13.0,0.0,14.0,157.0,80.0,38.0,0.2143,3.0,13.0,7.0,9.0,194.0,86.2,42.0,0.3333,52.2,11.2,58.0,999.4,0.1,18.6,11.6,38.7,NE,-5.18,-10.98,1.24
490368,2017-04-23,2017,CHC,2017-04-23 13:10:00,13,7,5,12,2,18,3,15,247,79.4,2,49,0.0408,0.1333,1.0,8.0,3.0,6.0,128.0,77.7,35.0,0.1667,1.0,10.0,0.0,9.0,119.0,81.3,33.0,0.1111,62.4,16.9,42.7,997.3,0.0,18.1,11.2,60.7,NE,-11.16,-15.35,-5.63
490481,2017-05-01,2017,PIT,2017-05-01 19:10:00,19,4,3,7,4,18,6,9,305,78.6,0,47,0.0,0.4444,1.0,10.0,3.0,6.0,163.0,80.1,43.0,0.1667,3.0,8.0,3.0,3.0,142.0,76.9,39.0,1.0,55.5,13.0,55.3,987.0,0.0,23.9,14.8,242.3,SW,15.29,20.63,8.1
490496,2017-05-02,2017,PIT,2017-05-02 19:10:00,19,3,12,15,2,16,13,15,317,81.7,2,53,0.0377,0.1333,1.0,8.0,5.0,5.0,137.0,80.3,40.0,0.2,1.0,8.0,7.0,10.0,180.0,83.2,40.0,0.1,57.4,14.1,54.0,994.1,0.0,20.7,12.9,317.3,NW,18.79,14.68,20.63
490512,2017-05-03,2017,PIT,2017-05-03 19:10:00,19,7,2,9,4,13,10,15,294,79.1,3,50,0.06,0.2667,3.0,9.0,3.0,10.0,140.0,79.2,44.0,0.3,1.0,4.0,7.0,5.0,154.0,79.0,34.0,0.2,51.9,11.1,75.7,1000.1,0.0,15.5,9.6,66.7,NE,-10.8,-13.95,-6.35
490527,2017-05-04,2017,PIT,2017-05-04 12:35:00,12,4,2,6,0,14,3,18,248,80.3,1,52,0.0192,0.0,0.0,6.0,2.0,11.0,120.0,80.6,41.0,0.0,0.0,8.0,1.0,7.0,128.0,80.0,35.0,0.0,55.9,13.3,92.7,988.4,7.8,13.1,8.1,97.3,E,-12.61,-13.02,-10.68
490539,2017-05-05,2017,SF,2017-05-05 18:40:00,18,13,3,16,1,16,14,23,329,84.8,2,56,0.0357,0.0435,0.0,8.0,11.0,16.0,185.0,83.4,43.0,0.0,1.0,8.0,2.0,7.0,144.0,86.5,37.0,0.1429,46.0,7.8,89.3,984.1,3.6,24.8,15.4,344.7,N,15.21,7.59,20.99
490569,2017-05-07,2017,SF,2017-05-07 16:10:00,16,4,0,4,2,17,2,11,253,80.1,1,44,0.0227,0.1818,2.0,12.0,1.0,7.0,134.0,81.1,34.0,0.2857,0.0,5.0,1.0,4.0,119.0,79.1,34.0,0.0,59.5,15.3,37.0,995.4,0.0,22.4,13.9,301.3,NW,22.1,19.59,21.94
490578,2017-05-08,2017,NYY,2017-05-08 19:10:00,19,4,10,14,3,11,8,24,327,79.7,3,63,0.0476,0.125,1.0,6.0,1.0,11.0,134.0,80.6,42.0,0.0909,2.0,5.0,7.0,13.0,193.0,79.0,54.0,0.1538,58.9,15.0,55.3,997.3,0.0,7.2,4.5,284.0,W,7.12,7.06,6.33
490591,2017-05-09,2017,NYY,2017-05-09 19:10:00,19,5,3,8,2,14,10,15,278,79.8,3,49,0.0612,0.1333,0.0,7.0,4.0,8.0,126.0,80.6,31.0,0.0,2.0,7.0,6.0,7.0,152.0,79.0,36.0,0.2857,58.3,14.6,91.7,994.1,1.5,6.9,4.3,84.2,E,-6.1,-6.86,-4.61
490722,2017-05-19,2017,COL,2017-05-19 19:10:00,19,6,12,18,4,19,9,26,367,78.7,2,59,0.0339,0.1538,2.0,11.0,2.0,10.0,164.0,76.6,48.0,0.2,2.0,8.0,7.0,16.0,203.0,80.7,51.0,0.125,71.2,21.8,88.7,997.6,3.1,11.1,6.9,208.1,SW,1.07,4.78,-2.76
490737,2017-05-20,2017,COL,2017-05-20 16:10:00,16,12,8,20,3,14,13,23,335,81.0,4,59,0.0678,0.1304,3.0,7.0,7.0,12.0,169.0,82.5,49.0,0.25,0.0,7.0,3.0,11.0,166.0,79.7,56.0,0.0,77.7,25.4,74.7,997.5,0.0,11.8,7.3,115.7,SE,-11.78,-10.85,-11.29
490752,2017-05-21,2017,COL,2017-05-21 13:10:00,13,4,6,10,6,16,6,20,288,83.9,5,56,0.0893,0.3,2.0,9.0,3.0,9.0,138.0,79.5,45.0,0.2222,4.0,7.0,2.0,11.0,150.0,88.5,44.0,0.3636,71.4,21.9,80.0,997.6,1.3,16.3,10.1,225.3,SW,6.34,11.1,0.81
490764,2017-05-22,2017,CLE,2017-05-22 19:10:00,19,5,1,6,2,18,2,17,238,85.2,2,48,0.0417,0.1176,1.0,6.0,0.0,10.0,95.0,84.5,37.0,0.1,1.0,12.0,2.0,7.0,143.0,86.0,34.0,0.1429,63.6,17.5,60.3,997.4,0.0,7.3,4.5,153.4,SE,-5.52,-3.55,-6.82
490773,2017-05-23,2017,CLE,2017-05-23 19:10:00,19,7,8,15,5,16,9,18,323,81.7,6,56,0.1071,0.2778,1.0,10.0,5.0,11.0,169.0,78.7,48.0,0.0909,4.0,6.0,3.0,7.0,154.0,85.1,43.0,0.5714,68.5,20.3,63.3,985.6,0.0,8.4,5.2,135.7,SE,-7.72,-6.13,-8.39
490913,2017-06-02,2017,ATL,2017-06-02 19:10:00,19,3,2,5,2,17,4,18,305,78.0,1,56,0.0179,0.1111,1.0,12.0,3.0,6.0,153.0,77.3,37.0,0.1667,1.0,5.0,0.0,12.0,152.0,78.4,55.0,0.0833,74.2,23.5,59.3,998.5,0.0,5.7,3.6,221.1,SW,1.83,3.58,-0.14
490928,2017-06-03,2017,ATL,2017-06-03 16:10:00,16,5,6,11,3,15,14,20,412,77.4,3,75,0.04,0.15,1.0,11.0,10.0,8.0,207.0,72.9,50.0,0.125,2.0,4.0,4.0,12.0,205.0,80.7,67.0,0.1667,83.4,28.6,34.3,997.9,0.0,5.2,3.3,168.7,S,-2.91,-1.25,-4.23
490943,2017-06-04,2017,ATL,2017-06-04 13:10:00,13,8,13,21,6,13,7,26,334,83.6,3,67,0.0448,0.2308,3.0,9.0,3.0,12.0,161.0,81.6,42.0,0.25,3.0,4.0,2.0,14.0,173.0,85.1,55.0,0.2143,82.6,28.1,45.7,994.1,0.1,7.7,4.8,258.7,W,6.43,7.51,4.57
490961,2017-06-05,2017,STL,2017-06-05 19:10:00,19,4,2,6,0,19,5,14,263,79.2,0,40,0.0,0.0,0.0,9.0,2.0,6.0,123.0,76.0,35.0,0.0,0.0,10.0,3.0,8.0,140.0,82.1,38.0,0.0,70.5,21.4,86.7,989.0,0.1,4.5,2.8,109.2,E,-4.46,-4.28,-4.1
490976,2017-06-06,2017,STL,2017-06-06 19:10:00,19,13,1,14,5,13,9,16,310,82.5,4,52,0.0769,0.3125,4.0,6.0,5.0,11.0,173.0,85.0,43.0,0.3636,1.0,7.0,3.0,5.0,137.0,79.6,37.0,0.2,69.3,20.7,50.0,994.3,0.0,13.9,8.6,22.4,N,0.03,-4.72,4.77
490991,2017-06-07,2017,STL,2017-06-07 19:10:00,19,6,4,10,4,13,4,21,268,80.6,5,54,0.0926,0.1905,3.0,6.0,2.0,10.0,130.0,81.5,33.0,0.3,1.0,7.0,2.0,11.0,138.0,80.0,48.0,0.0909,62.0,16.7,63.7,998.0,0.1,11.1,6.9,46.7,NE,-4.54,-7.71,-0.81
491004,2017-06-08,2017,STL,2017-06-08 12:35:00,12,5,2,7,2,13,2,18,243,80.0,3,54,0.0556,0.1111,1.0,7.0,1.0,12.0,121.0,78.9,43.0,0.0833,1.0,6.0,0.0,6.0,122.0,81.4,38.0,0.1667,68.6,20.3,53.3,996.8,0.0,5.8,3.6,25.8,NE,-0.34,-2.31,1.67
491106,2017-06-16,2017,LAD,2017-06-16 19:10:00,19,1,3,4,2,15,7,12,267,79.8,1,47,0.0213,0.1667,1.0,8.0,0.0,5.0,103.0,80.6,34.0,0.2,1.0,7.0,7.0,7.0,164.0,79.1,42.0,0.1429,80.8,27.1,66.0,991.0,0.0,6.6,4.1,188.1,S,-1.65,0.64,-3.73
491121,2017-06-17,2017,LAD,2017-06-17 16:10:00,16,2,10,12,4,20,7,23,340,85.5,6,57,0.1053,0.1739,0.0,11.0,2.0,11.0,172.0,84.6,38.0,0.0,4.0,9.0,5.0,12.0,168.0,86.2,43.0,0.3333,87.2,30.7,46.7,988.6,0.0,15.6,9.7,198.0,S,-1.23,4.18,-6.48
491136,2017-06-18,2017,LAD,2017-06-18 13:10:00,13,7,8,15,5,17,10,19,318,80.8,3,56,0.0536,0.2632,3.0,9.0,5.0,9.0,163.0,80.4,45.0,0.3333,2.0,8.0,5.0,10.0,155.0,81.1,43.0,0.2,82.2,27.9,64.3,988.4,0.5,20.1,12.5,246.0,SW,13.86,18.02,8.03
491256,2017-06-27,2017,MIL,2017-06-27 19:10:00,19,8,6,14,7,15,7,19,290,80.4,5,52,0.0962,0.3684,4.0,7.0,3.0,10.0,138.0,78.8,47.0,0.4,3.0,8.0,4.0,9.0,152.0,82.2,40.0,0.3333,66.9,19.4,59.7,1000.3,0.0,7.9,4.9,336.8,NW,5.66,3.43,7.2
491271,2017-06-28,2017,MIL,2017-06-28 19:10:00,19,4,3,7,4,19,9,12,300,80.8,3,42,0.0714,0.3333,2.0,5.0,5.0,4.0,149.0,77.4,42.0,0.5,2.0,14.0,3.0,8.0,151.0,85.8,29.0,0.25,74.4,23.5,53.7,997.6,0.0,11.0,6.8,181.3,S,-3.96,-0.22,-7.22
491285,2017-06-29,2017,MIL,2017-06-29 19:10:00,19,3,11,14,8,21,6,19,310,81.0,5,51,0.098,0.4211,2.0,11.0,2.0,7.0,144.0,78.3,45.0,0.2857,6.0,10.0,3.0,12.0,166.0,84.0,41.0,0.5,79.5,26.4,70.7,995.0,0.0,13.0,8.1,192.4,S,-2.29,2.24,-6.54
491295,2017-06-30,2017,CHC,2017-06-30 19:10:00,19,5,0,5,1,17,5,13,267,80.8,2,44,0.0455,0.0769,1.0,10.0,3.0,10.0,133.0,77.8,29.0,0.1,0.0,7.0,2.0,3.0,134.0,83.0,39.0,0.0,77.6,25.3,76.0,993.1,0.2,8.0,5.0,131.2,SE,-7.61,-6.27,-8.03
491310,2017-07-01,2017,CHC,2017-07-01 16:10:00,16,5,3,8,2,15,9,16,301,77.9,2,47,0.0426,0.125,0.0,5.0,5.0,8.0,152.0,77.6,46.0,0.0,2.0,10.0,2.0,8.0,149.0,78.1,50.0,0.25,76.9,25.0,72.7,996.8,2.8,10.2,6.3,262.6,W,8.82,10.02,6.55
491325,2017-07-02,2017,CHC,2017-07-02 13:10:00,13,2,6,8,3,17,6,16,308,78.4,3,51,0.0588,0.1875,0.0,9.0,3.0,5.0,142.0,74.5,46.0,0.0,3.0,8.0,3.0,11.0,166.0,82.4,45.0,0.2727,82.9,28.3,44.0,1000.6,0.0,12.7,7.9,264.7,W,11.2,12.55,8.5
491449,2017-07-14,2017,WSH,2017-07-14 19:10:00,19,0,5,5,2,18,6,16,292,81.3,3,50,0.06,0.125,0.0,7.0,2.0,7.0,132.0,79.1,40.0,0.0,2.0,11.0,4.0,9.0,160.0,83.3,43.0,0.2222,80.4,26.9,63.0,998.5,0.0,12.0,7.4,279.3,W,11.65,11.88,10.02
491464,2017-07-15,2017,WSH,2017-07-15 19:10:00,19,7,10,17,4,22,12,21,346,79.2,2,53,0.0377,0.1905,1.0,13.0,6.0,9.0,181.0,76.8,43.0,0.1111,3.0,9.0,6.0,12.0,165.0,81.3,47.0,0.25,77.5,25.3,60.3,998.1,0.0,6.2,3.8,17.3,N,0.56,-1.58,2.62
491479,2017-07-16,2017,WSH,2017-07-16 13:10:00,13,4,14,18,5,22,8,24,348,80.2,3,58,0.0517,0.2083,0.0,11.0,5.0,7.0,167.0,77.1,48.0,0.0,5.0,11.0,3.0,17.0,181.0,83.1,53.0,0.2941,82.6,28.1,50.7,997.5,0.0,7.3,4.5,279.7,W,7.12,7.24,6.13
491492,2017-07-17,2017,WSH,2017-07-17 12:35:00,12,1,6,7,4,20,6,15,292,80.7,3,46,0.0652,0.2667,1.0,12.0,2.0,4.0,130.0,75.4,29.0,0.25,3.0,8.0,4.0,11.0,162.0,83.4,57.0,0.2727,82.3,28.0,65.0,998.1,0.0,3.9,2.4,17.8,N,0.32,-1.02,1.62
491493,2017-07-18,2017,AZ,2017-07-18 19:10:00,19,2,11,13,3,13,12,18,318,82.1,2,55,0.0364,0.1667,1.0,7.0,2.0,6.0,132.0,82.1,39.0,0.1667,2.0,6.0,8.0,12.0,186.0,82.1,42.0,0.1667,83.4,28.6,63.7,998.7,0.0,6.7,4.2,217.4,SW,1.74,3.86,-0.59
491508,2017-07-19,2017,AZ,2017-07-19 19:10:00,19,4,3,7,2,22,7,23,367,78.5,2,64,0.0312,0.087,1.0,9.0,4.0,15.0,202.0,79.2,50.0,0.0667,1.0,13.0,1.0,8.0,165.0,77.8,50.0,0.125,82.9,28.3,56.7,999.6,0.0,6.8,4.2,318.0,NW,6.14,4.76,6.77
491523,2017-07-20,2017,AZ,2017-07-20 12:35:00,12,2,12,14,6,22,5,17,301,82.1,3,47,0.0638,0.3529,2.0,9.0,1.0,8.0,126.0,82.2,34.0,0.25,4.0,13.0,4.0,9.0,175.0,82.1,42.0,0.4444,86.9,30.5,61.7,1000.1,0.1,12.4,7.7,259.1,W,10.33,12.03,7.38
491537,2017-07-21,2017,MIA,2017-07-21 19:10:00,19,1,3,4,0,12,5,14,265,78.3,0,54,0.0,0.0,0.0,6.0,3.0,4.0,141.0,75.8,36.0,0.0,0.0,6.0,2.0,10.0,124.0,80.3,45.0,0.0,84.6,29.2,68.7,995.6,0.0,7.5,4.7,20.6,N,0.24,-2.35,2.8
491552,2017-07-22,2017,MIA,2017-07-22 19:10:00,19,4,5,9,3,17,10,18,305,81.2,3,49,0.0612,0.1667,1.0,9.0,7.0,8.0,159.0,84.7,34.0,0.125,2.0,8.0,1.0,10.0,146.0,78.6,44.0,0.2,84.1,29.0,73.7,991.0,0.0,12.2,7.6,273.7,W,11.58,12.23,9.54
491567,2017-07-23,2017,MIA,2017-07-23 13:10:00,13,6,3,9,4,12,4,16,292,78.6,2,53,0.0377,0.25,3.0,3.0,3.0,9.0,143.0,77.9,41.0,0.3333,1.0,9.0,1.0,7.0,149.0,79.2,41.0,0.1429,80.8,27.1,78.3,990.2,0.5,9.7,6.0,229.1,SW,4.35,7.05,1.12
491735,2017-08-04,2017,STL,2017-08-04 18:40:00,18,3,2,5,0,13,4,18,252,82.4,0,52,0.0,0.0,0.0,4.0,0.0,9.0,95.0,82.3,33.0,0.0,0.0,9.0,4.0,9.0,157.0,82.4,43.0,0.0,71.1,21.7,50.0,995.6,0.0,21.3,13.2,292.0,W,21.3,20.08,19.95
491750,2017-08-05,2017,STL,2017-08-05 19:10:00,19,1,4,5,2,18,11,9,300,76.4,2,42,0.0476,0.2222,1.0,9.0,3.0,5.0,151.0,74.8,45.0,0.2,1.0,9.0,6.0,4.0,149.0,78.7,32.0,0.25,72.9,22.7,53.0,999.9,0.0,6.2,3.8,290.0,W,6.16,5.88,5.7
491765,2017-08-06,2017,STL,2017-08-06 13:10:00,13,4,13,17,3,13,11,24,329,82.6,3,61,0.0492,0.125,2.0,5.0,4.0,8.0,165.0,79.9,53.0,0.25,1.0,8.0,6.0,16.0,164.0,85.7,47.0,0.0625,71.4,21.9,58.0,999.9,0.0,10.7,6.7,132.3,SE,-10.1,-8.24,-10.73
491774,2017-08-07,2017,SD,2017-08-07 19:10:00,19,11,3,14,6,16,7,16,305,80.9,5,50,0.1,0.375,4.0,5.0,6.0,8.0,161.0,78.8,43.0,0.5,2.0,11.0,1.0,8.0,144.0,83.5,36.0,0.25,72.2,22.3,73.0,996.8,0.0,2.8,1.7,81.7,E,-2.4,-2.75,-1.77
491787,2017-08-08,2017,SD,2017-08-08 19:10:00,19,3,7,10,3,16,9,20,278,81.6,3,53,0.0566,0.15,1.0,9.0,6.0,9.0,144.0,79.7,39.0,0.1111,2.0,7.0,3.0,11.0,134.0,83.2,44.0,0.1818,72.6,22.6,56.7,1001.6,0.0,7.4,4.6,62.0,NE,-4.68,-6.35,-2.46
491803,2017-08-09,2017,SD,2017-08-09 19:10:00,19,8,3,11,4,17,4,18,302,79.8,3,53,0.0566,0.2222,2.0,9.0,4.0,11.0,160.0,79.6,47.0,0.1818,2.0,8.0,0.0,7.0,142.0,79.9,47.0,0.2857,73.6,23.1,53.7,1001.6,0.0,8.1,5.1,96.0,E,-7.8,-8.12,-6.54
491817,2017-08-10,2017,SD,2017-08-10 12:35:00,12,10,3,13,5,13,11,16,290,81.1,3,51,0.0588,0.3125,4.0,7.0,7.0,8.0,153.0,83.7,37.0,0.5,1.0,6.0,4.0,8.0,137.0,78.6,40.0,0.125,80.2,26.8,56.0,1001.2,0.0,5.6,3.5,273.7,W,5.27,5.57,4.34
491968,2017-08-22,2017,CHC,2017-08-22 19:10:00,19,9,13,22,4,13,14,26,376,80.5,2,65,0.0308,0.1538,4.0,6.0,5.0,13.0,176.0,81.9,55.0,0.3077,0.0,7.0,9.0,13.0,200.0,79.1,56.0,0.0,74.7,23.7,85.3,994.2,0.0,9.1,5.7,259.7,W,7.65,8.87,5.5
491983,2017-08-23,2017,CHC,2017-08-23 19:10:00,19,3,9,12,5,19,7,17,300,79.9,4,50,0.08,0.2941,3.0,8.0,1.0,7.0,135.0,79.0,44.0,0.4286,2.0,11.0,6.0,10.0,165.0,80.6,46.0,0.2,72.7,22.6,48.3,996.6,0.0,8.8,5.5,338.0,N,6.19,3.66,7.97
491998,2017-08-24,2017,CHC,2017-08-24 19:10:00,19,4,2,6,1,22,9,14,277,79.7,0,41,0.0,0.0714,0.0,11.0,3.0,7.0,149.0,77.2,35.0,0.0,1.0,11.0,3.0,7.0,128.0,82.6,30.0,0.1429,71.0,21.7,49.3,998.8,0.0,8.2,5.1,25.0,NE,-0.36,-3.14,2.46
492017,2017-08-25,2017,PIT,2017-08-25 19:10:00,19,9,5,14,3,26,11,20,344,81.0,3,44,0.0682,0.15,2.0,11.0,6.0,9.0,170.0,80.8,55.0,0.2222,1.0,15.0,5.0,11.0,174.0,81.3,37.0,0.0909,70.6,21.5,47.3,1003.6,0.0,7.7,4.8,40.3,NE,-2.36,-4.74,0.3
492032,2017-08-26,2017,PIT,2017-08-26 18:40:00,18,0,1,1,1,20,1,9,261,79.2,1,41,0.0244,0.1111,0.0,10.0,0.0,5.0,127.0,78.7,33.0,0.0,1.0,10.0,1.0,4.0,134.0,79.6,37.0,0.25,74.1,23.4,41.7,1003.4,0.0,10.5,6.5,49.7,NE,-4.79,-7.7,-1.31
492047,2017-08-27,2017,PIT,2017-08-27 13:10:00,13,2,5,7,0,14,13,14,344,78.0,0,52,0.0,0.0,0.0,6.0,7.0,6.0,177.0,78.4,54.0,0.0,0.0,8.0,5.0,8.0,167.0,77.6,53.0,0.0,78.9,26.1,41.0,1000.9,0.0,7.3,4.5,63.0,NE,-4.72,-6.32,-2.54
492070,2017-08-29,2017,NYM,2017-08-29 19:10:00,19,14,4,18,2,17,14,25,349,82.5,0,57,0.0,0.08,2.0,9.0,8.0,15.0,183.0,81.1,50.0,0.1333,0.0,8.0,5.0,10.0,166.0,84.0,44.0,0.0,70.3,21.3,83.0,997.0,0.6,5.1,3.2,170.1,S,-2.73,-1.09,-4.04
492085,2017-08-30,2017,NYM,2017-08-30 19:10:00,19,0,2,2,0,13,5,8,248,82.7,0,46,0.0,0.0,0.0,10.0,3.0,3.0,132.0,82.5,33.0,0.0,0.0,3.0,1.0,5.0,116.0,82.8,38.0,0.0,74.6,23.7,66.3,997.9,0.0,6.0,3.7,90.8,E,-5.55,-5.96,-4.46
492097,2017-08-31,2017,NYM,2017-08-31 12:35:00,12,7,2,9,3,14,8,16,266,81.0,3,53,0.0566,0.1875,3.0,5.0,3.0,9.0,129.0,80.7,37.0,0.3333,0.0,9.0,4.0,7.0,137.0,81.4,31.0,0.0,76.9,24.9,64.0,999.5,0.2,3.3,2.0,15.5,N,0.4,-0.73,1.48
492154,2017-09-04,2017,MIL,2017-09-04 13:10:00,13,5,4,9,3,15,3,17,276,82.5,3,53,0.0566,0.1765,1.0,6.0,3.0,8.0,137.0,80.6,47.0,0.125,2.0,9.0,0.0,9.0,139.0,84.8,37.0,0.2222,84.1,28.9,58.3,993.8,0.0,23.0,14.3,230.7,SW,10.84,17.11,3.26
492169,2017-09-05,2017,MIL,2017-09-05 19:10:00,19,9,3,12,2,18,14,16,337,80.0,3,46,0.0652,0.125,1.0,7.0,3.0,11.0,163.0,79.1,40.0,0.0909,1.0,11.0,10.0,5.0,174.0,80.9,45.0,0.2,65.9,18.8,51.3,993.6,0.0,12.9,8.0,309.7,NW,12.29,10.25,12.85
492184,2017-09-06,2017,MIL,2017-09-06 12:35:00,12,7,1,8,3,20,4,14,282,77.6,3,44,0.0682,0.2143,2.0,8.0,2.0,10.0,158.0,77.5,41.0,0.2,1.0,12.0,0.0,4.0,124.0,77.8,34.0,0.25,64.0,17.8,51.0,996.8,0.0,13.2,8.2,296.7,NW,13.13,12.01,12.67
492305,2017-09-15,2017,PIT,2017-09-15 19:10:00,19,4,2,6,4,20,9,16,320,81.8,2,45,0.0444,0.25,4.0,8.0,4.0,9.0,150.0,84.3,35.0,0.4444,0.0,12.0,4.0,7.0,170.0,80.1,50.0,0.0,71.4,21.9,72.0,1000.0,0.0,6.9,4.3,109.3,E,-6.89,-6.61,-6.34
492320,2017-09-16,2017,PIT,2017-09-16 16:10:00,16,2,1,3,2,14,3,10,228,77.5,2,44,0.0455,0.2,1.0,7.0,2.0,4.0,106.0,80.5,31.0,0.25,1.0,7.0,1.0,6.0,122.0,75.6,48.0,0.1667,79.7,26.5,52.0,1000.8,0.0,3.3,2.1,342.0,N,2.16,1.17,2.9
492335,2017-09-17,2017,PIT,2017-09-17 13:10:00,13,5,2,7,3,22,9,7,268,78.8,3,35,0.0857,0.4286,2.0,12.0,5.0,4.0,131.0,78.4,29.0,0.5,1.0,10.0,4.0,3.0,137.0,79.0,34.0,0.3333,79.6,26.4,59.0,1001.3,0.0,2.7,1.7,121.8,SE,-2.7,-2.38,-2.69
492360,2017-09-19,2017,STL,2017-09-19 19:10:00,19,7,8,15,5,14,9,16,343,78.8,3,60,0.05,0.3125,2.0,11.0,5.0,8.0,173.0,83.4,40.0,0.25,3.0,3.0,4.0,8.0,170.0,75.5,57.0,0.375,71.1,21.7,87.3,995.3,0.7,5.4,3.4,160.3,S,-3.62,-2.04,-4.77
492375,2017-09-20,2017,STL,2017-09-20 19:10:00,19,2,9,11,3,17,5,17,297,79.9,0,54,0.0,0.1765,0.0,11.0,0.0,6.0,131.0,79.7,37.0,0.0,3.0,6.0,4.0,11.0,166.0,80.1,47.0,0.2727,74.9,23.8,84.3,997.2,0.0,5.3,3.3,198.2,S,-0.4,1.44,-2.19
492385,2017-09-21,2017,STL,2017-09-21 19:10:00,19,5,8,13,3,19,10,25,322,81.0,4,59,0.0678,0.12,3.0,11.0,2.0,11.0,144.0,81.2,39.0,0.2727,0.0,8.0,6.0,14.0,178.0,80.8,44.0,0.0,78.4,25.8,76.7,998.7,0.2,6.1,3.8,119.0,SE,-6.09,-5.49,-5.96
492389,2017-09-22,2017,BOS,2017-09-22 19:10:00,19,4,5,9,2,13,8,15,250,79.9,2,53,0.0377,0.1333,1.0,8.0,4.0,9.0,119.0,81.2,32.0,0.1111,1.0,5.0,4.0,6.0,131.0,79.0,43.0,0.1667,77.2,25.1,74.0,998.8,0.0,6.9,4.3,142.1,SE,-5.97,-4.45,-6.77
492404,2017-09-23,2017,BOS,2017-09-23 16:10:00,16,0,5,5,1,16,12,10,284,78.8,2,44,0.0455,0.1,0.0,10.0,4.0,3.0,146.0,76.7,35.0,0.0,1.0,6.0,7.0,7.0,138.0,80.8,36.0,0.1429,87.1,30.6,45.7,999.1,0.0,8.0,5.0,53.0,NE,-4.04,-6.15,-1.45
492419,2017-09-24,2017,BOS,2017-09-24 13:10:00,13,4,5,9,1,19,7,14,318,79.4,0,47,0.0,0.0714,0.0,14.0,1.0,9.0,157.0,77.9,32.0,0.0,1.0,5.0,5.0,5.0,161.0,80.3,52.0,0.2,85.9,29.9,39.7,1000.1,0.0,7.3,4.6,104.7,E,-7.26,-7.17,-6.49
529420,2018-03-30,2018,WSH,2018-03-29 16:10:00,16,0,2,2,0,20,6,13,299,83.7,3,47,0.0638,0.0,0.0,14.0,2.0,7.0,147.0,85.5,41.0,0.0,0.0,6.0,4.0,6.0,152.0,82.1,45.0,0.0,58.4,14.7,91.0,988.9,4.7,13.2,8.2,228.4,SW,5.74,9.45,1.34
529444,2018-03-31,2018,WSH,2018-03-31 14:10:00,14,7,13,20,7,19,6,26,336,84.1,8,61,0.1311,0.2692,3.0,11.0,2.0,12.0,153.0,83.7,47.0,0.25,4.0,8.0,3.0,14.0,183.0,84.5,49.0,0.2857,59.3,15.2,39.0,999.9,0.0,24.2,15.1,215.0,SW,5.24,13.02,-3.16
529456,2018-04-01,2018,WSH,2018-04-01 16:10:00,16,5,6,11,5,14,9,15,295,83.2,6,52,0.1154,0.3333,1.0,8.0,3.0,7.0,140.0,80.8,43.0,0.1429,4.0,6.0,5.0,8.0,155.0,85.9,38.0,0.5,49.5,9.7,45.3,1000.9,0.0,10.3,6.4,352.6,N,5.15,1.78,7.91
529459,2018-04-02,2018,CHC,2018-04-02 16:10:00,16,1,0,1,0,18,11,7,265,80.1,3,38,0.0789,0.0,0.0,7.0,6.0,5.0,124.0,79.6,40.0,0.0,0.0,11.0,5.0,2.0,141.0,80.6,35.0,0.0,51.0,10.6,56.3,997.2,0.0,9.1,5.7,131.3,SE,-8.61,-7.09,-9.1
529596,2018-04-12,2018,STL,2018-04-12 18:40:00,18,4,13,17,4,17,15,20,374,82.0,4,57,0.0702,0.2,0.0,9.0,4.0,7.0,154.0,79.7,39.0,0.0,4.0,8.0,11.0,13.0,220.0,83.6,54.0,0.3077,71.3,21.8,41.3,990.3,0.0,18.8,11.7,212.7,SW,3.34,9.48,-3.2
529609,2018-04-13,2018,STL,2018-04-13 18:40:00,18,3,5,8,3,22,5,20,295,82.4,1,49,0.0204,0.15,1.0,13.0,3.0,7.0,158.0,81.8,39.0,0.1429,2.0,9.0,1.0,13.0,137.0,83.0,41.0,0.1538,72.8,22.7,50.0,991.4,0.0,15.2,9.4,196.0,S,-1.71,3.55,-6.78
529624,2018-04-14,2018,STL,2018-04-14 13:10:00,13,1,6,7,3,15,8,15,282,81.8,2,52,0.0385,0.2,1.0,6.0,3.0,7.0,123.0,81.6,35.0,0.1429,2.0,9.0,5.0,8.0,159.0,82.0,47.0,0.25,64.6,18.1,89.3,990.7,3.0,13.3,8.3,218.3,SW,3.63,7.78,-0.97
529639,2018-04-15,2018,STL,2018-04-15 13:10:00,13,2,3,5,3,19,6,10,255,83.9,4,41,0.0976,0.3,2.0,13.0,4.0,5.0,144.0,81.5,39.0,0.4,1.0,6.0,2.0,5.0,111.0,87.2,29.0,0.2,53.2,11.8,88.3,985.4,4.3,8.4,5.2,243.3,SW,5.51,7.36,3.0
529736,2018-04-23,2018,ATL,2018-04-23 18:40:00,18,10,4,14,2,18,9,17,334,81.0,2,50,0.04,0.1176,1.0,11.0,8.0,10.0,198.0,81.1,47.0,0.1,1.0,7.0,1.0,7.0,136.0,80.8,47.0,0.1429,54.1,12.3,89.0,999.6,0.7,17.3,10.8,97.7,E,-16.76,-17.26,-14.23
529746,2018-04-24,2018,ATL,2018-04-24 18:40:00,18,9,7,16,6,22,8,23,387,82.3,3,69,0.0435,0.2609,3.0,7.0,3.0,12.0,183.0,81.9,58.0,0.25,3.0,15.0,4.0,11.0,204.0,82.8,54.0,0.2727,55.6,13.1,89.7,993.4,0.0,7.9,4.9,343.7,N,4.95,2.55,6.76
529761,2018-04-25,2018,ATL,2018-04-25 18:40:00,18,4,5,9,2,11,6,25,289,83.8,4,66,0.0606,0.08,1.0,3.0,3.0,12.0,135.0,85.1,50.0,0.0833,1.0,8.0,1.0,13.0,154.0,82.6,59.0,0.0769,61.0,16.1,58.3,994.3,0.0,12.8,8.0,329.7,NW,10.2,6.94,12.23
529776,2018-04-26,2018,ATL,2018-04-26 12:35:00,12,4,7,11,3,14,6,19,276,82.9,3,57,0.0526,0.1579,1.0,10.0,4.0,6.0,155.0,83.7,43.0,0.1667,2.0,4.0,0.0,13.0,121.0,82.1,47.0,0.1538,61.5,16.4,49.7,994.2,0.0,3.1,1.9,235.6,SW,1.69,2.48,0.7
529833,2018-04-30,2018,MIL,2018-04-30 19:10:00,19,5,6,11,2,16,10,16,297,83.9,5,51,0.098,0.125,0.0,12.0,5.0,7.0,135.0,85.6,31.0,0.0,2.0,4.0,5.0,9.0,162.0,82.9,52.0,0.2222,60.1,15.6,58.7,1002.3,0.0,7.8,4.8,194.9,S,-1.03,1.67,-3.6
529847,2018-05-01,2018,MIL,2018-05-01 19:10:00,19,6,7,13,5,13,8,20,285,84.6,4,58,0.069,0.25,2.0,6.0,6.0,11.0,143.0,82.9,46.0,0.1818,3.0,7.0,2.0,9.0,142.0,86.6,39.0,0.3333,69.6,20.9,52.0,1000.5,0.0,11.5,7.2,194.0,S,-1.7,2.3,-5.5
529862,2018-05-02,2018,MIL,2018-05-02 19:10:00,19,1,3,4,1,15,6,16,292,84.3,2,54,0.037,0.0625,0.0,4.0,5.0,4.0,137.0,82.7,42.0,0.0,1.0,11.0,1.0,12.0,155.0,85.9,40.0,0.0833,75.4,24.1,60.0,998.7,0.0,15.1,9.4,202.7,SW,0.04,5.22,-5.14
529889,2018-05-04,2018,MIA,2018-05-04 19:10:00,19,4,1,5,3,10,10,12,293,83.5,3,49,0.0612,0.25,2.0,6.0,7.0,7.0,149.0,83.0,39.0,0.2857,1.0,4.0,3.0,5.0,144.0,84.0,40.0,0.2,68.2,20.1,73.3,997.5,0.0,8.5,5.3,296.2,NW,8.48,7.78,8.16
529904,2018-05-05,2018,MIA,2018-05-05 19:10:00,19,0,6,6,2,18,2,12,272,78.9,2,46,0.0435,0.1667,0.0,10.0,2.0,4.0,136.0,78.6,45.0,0.0,2.0,8.0,0.0,8.0,136.0,79.3,39.0,0.25,58.7,14.8,89.7,996.9,1.2,5.9,3.7,76.5,E,-4.78,-5.67,-3.3
529920,2018-05-06,2018,MIA,2018-05-06 16:10:00,16,5,8,13,1,21,12,19,371,82.6,2,55,0.0364,0.0526,1.0,8.0,5.0,9.0,174.0,84.1,51.0,0.1111,0.0,13.0,5.0,10.0,197.0,81.0,48.0,0.0,70.3,21.3,62.3,995.1,3.2,13.1,8.1,277.1,W,12.63,13.06,10.68
529930,2018-05-07,2018,NYM,2018-05-07 19:10:00,19,6,7,13,7,12,4,21,286,83.8,4,62,0.0645,0.3333,3.0,3.0,2.0,8.0,121.0,82.4,42.0,0.375,4.0,9.0,2.0,13.0,165.0,85.0,47.0,0.3077,64.3,18.0,50.0,1001.2,0.0,10.6,6.6,7.7,N,2.72,-0.96,6.07
529943,2018-05-08,2018,NYM,2018-05-08 19:10:00,19,7,2,9,2,14,7,18,281,82.9,2,53,0.0377,0.1111,1.0,3.0,3.0,12.0,139.0,82.2,42.0,0.0833,1.0,11.0,4.0,6.0,142.0,83.7,32.0,0.1667,68.7,20.4,60.7,999.6,0.0,5.4,3.4,188.7,S,-1.29,0.59,-3.0
529957,2018-05-09,2018,NYM,2018-05-09 12:35:00,12,2,1,3,1,19,5,9,265,82.5,1,47,0.0213,0.1111,1.0,9.0,3.0,5.0,121.0,79.9,38.0,0.2,0.0,10.0,2.0,4.0,144.0,85.1,37.0,0.0,78.6,25.9,47.0,996.3,0.0,19.5,12.1,194.7,S,-2.65,4.1,-9.09
530064,2018-05-18,2018,CHC,2018-05-18 19:10:00,19,1,8,9,1,20,11,18,327,83.2,1,49,0.0204,0.0556,1.0,15.0,3.0,2.0,156.0,80.5,38.0,0.5,0.0,5.0,5.0,16.0,171.0,85.1,53.0,0.0,70.1,21.2,90.7,993.6,2.3,13.5,8.4,105.3,E,-13.39,-13.16,-12.01
529473,2018-05-19,2018,CHC,2018-04-03 18:40:00,18,5,4,9,1,22,15,20,354,82.9,1,59,0.0169,0.05,0.0,12.0,6.0,8.0,159.0,81.3,41.0,0.0,1.0,10.0,5.0,12.0,195.0,84.4,47.0,0.0833,60.9,16.0,90.7,982.7,2.4,21.8,13.6,195.0,S,-2.85,4.73,-10.08
530079,2018-05-19,2018,CHC,2018-05-19 19:10:00,19,0,10,10,1,19,12,14,296,81.6,1,47,0.0213,0.0714,0.0,10.0,4.0,3.0,126.0,81.1,34.0,0.0,1.0,9.0,7.0,11.0,170.0,82.1,45.0,0.0909,72.3,22.4,79.7,994.7,0.0,8.3,5.2,239.3,SW,4.97,6.95,2.4
530094,2018-05-20,2018,CHC,2018-05-20 13:10:00,13,1,6,7,3,20,9,13,274,82.5,3,45,0.0667,0.2308,0.0,13.0,3.0,3.0,134.0,79.6,34.0,0.0,3.0,7.0,5.0,10.0,140.0,85.1,39.0,0.3,82.6,28.1,58.3,1000.3,0.0,4.1,2.6,305.3,NW,4.03,3.47,4.1
530127,2018-05-22,2018,PIT,2018-05-22 19:10:00,19,7,2,9,3,18,6,15,280,82.2,2,47,0.0426,0.2,1.0,12.0,0.0,9.0,126.0,82.2,36.0,0.1111,2.0,6.0,5.0,6.0,154.0,82.1,46.0,0.3333,74.7,23.7,74.0,996.2,0.5,7.3,4.5,293.7,NW,7.27,6.78,6.88
530142,2018-05-23,2018,PIT,2018-05-23 19:10:00,19,4,5,9,2,18,11,26,393,81.2,3,79,0.038,0.0769,1.0,11.0,4.0,11.0,182.0,81.5,56.0,0.0909,1.0,7.0,6.0,15.0,211.0,81.0,72.0,0.0667,72.9,22.7,57.7,1001.2,0.0,9.2,5.7,69.5,E,-6.72,-8.47,-4.17
530152,2018-05-24,2018,PIT,2018-05-24 12:35:00,12,5,4,9,4,16,5,15,276,81.8,3,49,0.0612,0.2667,2.0,6.0,3.0,8.0,141.0,82.6,47.0,0.25,2.0,10.0,2.0,7.0,135.0,80.8,40.0,0.2857,77.2,25.1,45.7,1003.5,0.0,10.0,6.2,81.0,E,-8.5,-9.77,-6.2
530307,2018-06-05,2018,COL,2018-06-05 19:10:00,19,6,9,15,3,18,6,29,324,82.8,4,60,0.0667,0.1034,1.0,10.0,1.0,17.0,150.0,81.3,47.0,0.0588,2.0,8.0,4.0,12.0,174.0,84.3,45.0,0.1667,76.7,24.8,49.3,990.3,0.0,11.5,7.1,269.0,W,10.54,11.48,8.34
530322,2018-06-06,2018,COL,2018-06-06 19:10:00,19,3,6,9,1,21,8,19,320,82.8,3,52,0.0577,0.0526,0.0,12.0,5.0,11.0,172.0,81.3,47.0,0.0,1.0,9.0,3.0,8.0,148.0,84.6,38.0,0.125,70.9,21.6,50.7,995.3,0.0,6.0,3.7,82.5,E,-5.17,-5.88,-3.83
530335,2018-06-07,2018,COL,2018-06-07 12:35:00,12,7,5,12,1,20,8,23,388,83.1,1,73,0.0137,0.0435,1.0,9.0,5.0,10.0,197.0,83.1,58.0,0.1,0.0,11.0,3.0,13.0,191.0,83.0,54.0,0.0,80.1,26.7,47.3,999.5,0.0,8.3,5.2,177.3,S,-3.53,-0.75,-5.89
530357,2018-06-08,2018,STL,2018-06-08 19:10:00,19,6,7,13,3,16,14,21,357,83.6,4,61,0.0656,0.1429,0.0,8.0,7.0,13.0,186.0,82.0,51.0,0.0,3.0,8.0,6.0,8.0,171.0,85.3,49.0,0.375,77.2,25.1,64.7,1001.3,0.0,12.9,8.0,94.3,E,-12.29,-12.93,-10.17
530372,2018-06-09,2018,STL,2018-06-09 16:10:00,16,4,6,10,5,21,9,17,336,85.2,6,50,0.12,0.2941,2.0,10.0,4.0,10.0,173.0,83.2,47.0,0.2,3.0,11.0,5.0,7.0,163.0,87.6,40.0,0.4286,87.6,30.9,42.3,997.0,0.0,6.3,3.9,259.7,W,5.27,6.11,3.79
530387,2018-06-10,2018,STL,2018-06-10 13:10:00,13,6,3,9,0,21,14,16,311,83.7,2,41,0.0488,0.0,0.0,10.0,11.0,5.0,165.0,82.6,31.0,0.0,0.0,11.0,3.0,11.0,146.0,84.7,33.0,0.0,81.4,27.5,61.3,994.2,0.5,11.5,7.1,215.1,SW,2.49,6.17,-1.48
530494,2018-06-19,2018,DET,2018-06-19 19:10:00,19,9,5,14,2,17,13,22,355,82.6,1,54,0.0185,0.0909,2.0,9.0,6.0,13.0,178.0,85.1,47.0,0.1538,0.0,8.0,7.0,9.0,177.0,80.4,54.0,0.0,80.5,26.9,75.7,994.7,0.5,7.6,4.7,296.5,NW,7.58,6.94,7.31
530508,2018-06-20,2018,DET,2018-06-20 12:35:00,12,5,3,8,5,20,8,18,289,82.0,1,48,0.0208,0.2778,3.0,10.0,4.0,10.0,146.0,84.2,44.0,0.3,2.0,10.0,3.0,8.0,143.0,80.0,45.0,0.25,82.4,28.0,72.0,993.0,0.6,15.2,9.4,243.0,SW,9.85,13.2,5.31
530521,2018-06-21,2018,CHC,2018-06-21 19:10:00,19,6,2,8,1,14,7,15,281,81.7,1,49,0.0204,0.0667,1.0,5.0,4.0,7.0,125.0,82.5,34.0,0.1429,0.0,9.0,3.0,8.0,156.0,81.0,42.0,0.0,73.3,22.9,90.7,988.2,0.0,5.1,3.2,36.5,NE,-1.23,-2.85,0.53
530530,2018-06-22,2018,CHC,2018-06-22 19:10:00,19,6,3,9,2,14,5,16,255,83.7,2,51,0.0392,0.125,1.0,4.0,4.0,12.0,130.0,86.6,37.0,0.0833,1.0,10.0,1.0,4.0,125.0,80.7,38.0,0.25,70.8,21.5,85.7,986.2,5.2,8.7,5.4,202.3,S,-0.03,2.96,-3.01
530545,2018-06-23,2018,CHC,2018-06-23 16:10:00,16,11,2,13,5,13,11,17,300,85.8,3,52,0.0577,0.2941,3.0,10.0,5.0,11.0,165.0,84.3,45.0,0.2727,2.0,3.0,5.0,6.0,135.0,87.4,42.0,0.3333,78.7,25.9,60.3,989.6,0.3,17.4,10.8,255.7,W,13.9,16.62,9.5
530560,2018-06-24,2018,CHC,2018-06-24 13:10:00,13,8,6,14,4,19,7,21,253,86.2,4,51,0.0784,0.1905,2.0,8.0,5.0,11.0,133.0,84.8,40.0,0.1818,2.0,11.0,1.0,10.0,120.0,88.0,33.0,0.2,81.3,27.4,52.3,995.5,0.3,15.9,9.9,285.0,W,15.73,15.49,14.07
530618,2018-06-28,2018,MIL,2018-06-28 19:10:00,19,4,6,10,4,17,4,17,271,84.8,3,54,0.0556,0.2353,2.0,11.0,2.0,9.0,149.0,85.9,40.0,0.2222,2.0,6.0,2.0,8.0,122.0,83.7,37.0,0.25,81.6,27.5,63.7,995.3,0.0,4.7,2.9,38.3,NE,-1.29,-2.77,0.34
530632,2018-06-29,2018,MIL,2018-06-29 19:10:00,19,2,8,10,3,15,6,18,292,84.8,2,54,0.037,0.1667,1.0,8.0,2.0,6.0,133.0,82.5,42.0,0.1667,2.0,7.0,4.0,12.0,159.0,87.0,45.0,0.1667,84.7,29.3,65.0,997.8,0.0,7.7,4.8,152.0,SE,-5.94,-3.91,-7.26
530647,2018-06-30,2018,MIL,2018-06-30 16:10:00,16,12,3,15,2,26,11,21,339,81.0,2,46,0.0435,0.0952,1.0,8.0,6.0,15.0,174.0,81.4,52.0,0.0667,1.0,18.0,3.0,6.0,165.0,80.3,30.0,0.1667,92.2,33.4,42.0,997.4,0.0,7.8,4.8,148.0,SE,-6.35,-4.42,-7.52
530662,2018-07-01,2018,MIL,2018-07-01 13:10:00,13,8,2,10,2,17,5,14,269,82.0,1,47,0.0213,0.1429,1.0,8.0,3.0,10.0,142.0,81.3,45.0,0.1,1.0,9.0,2.0,4.0,127.0,82.8,40.0,0.25,88.9,31.6,57.0,997.4,0.2,13.5,8.4,196.9,S,-1.31,3.35,-5.82
530670,2018-07-02,2018,CWS,2018-07-02 19:10:00,19,5,3,8,2,14,7,18,291,82.5,4,57,0.0702,0.1111,1.0,5.0,7.0,7.0,141.0,84.2,40.0,0.1429,1.0,9.0,0.0,11.0,150.0,80.9,44.0,0.0909,80.1,26.7,79.3,999.0,0.7,7.7,4.8,119.1,SE,-7.65,-6.89,-7.49
530681,2018-07-03,2018,CWS,2018-07-03 19:10:00,19,8,12,20,7,26,11,25,429,82.7,10,74,0.1351,0.28,3.0,15.0,5.0,10.0,202.0,80.3,56.0,0.3,4.0,11.0,5.0,15.0,227.0,85.1,57.0,0.2667,82.7,28.2,70.7,1002.6,0.1,2.5,1.6,112.7,SE,-2.5,-2.35,-2.35
530696,2018-07-04,2018,CWS,2018-07-04 19:10:00,19,7,4,11,2,20,5,17,324,81.6,2,47,0.0426,0.1176,0.0,8.0,3.0,8.0,162.0,83.4,40.0,0.0,2.0,12.0,2.0,9.0,162.0,80.0,46.0,0.2222,88.2,31.2,61.3,1004.4,0.0,8.6,5.4,15.7,N,1.02,-1.97,3.89
530869,2018-07-20,2018,PIT,2018-07-20 19:10:00,19,1,12,13,3,16,6,25,342,81.0,6,61,0.0984,0.12,0.0,12.0,1.0,9.0,161.0,78.8,47.0,0.0,3.0,4.0,4.0,16.0,181.0,82.7,62.0,0.1875,72.5,22.5,83.7,990.5,11.7,12.8,8.0,160.9,S,-8.49,-4.7,-11.26
530884,2018-07-21,2018,PIT,2018-07-21 19:10:00,19,2,6,8,3,16,4,18,258,82.4,3,55,0.0545,0.1667,1.0,8.0,2.0,6.0,118.0,80.6,34.0,0.1667,2.0,8.0,1.0,12.0,140.0,83.9,42.0,0.1667,70.8,21.6,90.7,988.0,4.2,7.7,4.8,223.7,SW,2.77,5.05,0.15
530899,2018-07-22,2018,PIT,2018-07-22 13:10:00,13,2,9,11,4,11,2,21,277,84.7,4,63,0.0635,0.1905,0.0,4.0,2.0,6.0,124.0,82.5,41.0,0.0,4.0,7.0,0.0,15.0,153.0,86.5,53.0,0.2667,75.2,24.0,76.0,987.7,1.0,12.3,7.6,19.6,N,0.62,-3.61,4.77
530914,2018-07-23,2018,STL,2018-07-23 19:10:00,19,2,1,3,1,12,5,10,274,81.8,2,49,0.0408,0.1,1.0,4.0,4.0,5.0,152.0,79.9,51.0,0.2,0.0,8.0,1.0,5.0,122.0,84.7,33.0,0.0,75.6,24.2,65.0,994.0,0.0,8.7,5.4,314.7,NW,8.03,6.43,8.66
530929,2018-07-24,2018,STL,2018-07-24 19:10:00,19,2,4,6,2,22,9,13,347,83.6,4,55,0.0727,0.1538,1.0,11.0,2.0,5.0,158.0,81.9,47.0,0.2,1.0,11.0,6.0,8.0,189.0,85.2,48.0,0.125,78.0,25.5,63.7,995.5,0.0,6.3,3.9,354.9,N,2.92,0.83,4.65
530943,2018-07-25,2018,STL,2018-07-25 12:35:00,12,7,3,10,5,19,9,20,303,82.1,5,50,0.1,0.25,3.0,12.0,6.0,10.0,151.0,81.9,30.0,0.3,2.0,7.0,3.0,10.0,152.0,82.1,48.0,0.2,82.6,28.1,51.3,996.8,0.0,11.3,7.0,327.7,NW,9.24,6.45,10.91
530953,2018-07-26,2018,PHI,2018-07-26 19:10:00,19,4,9,13,9,18,3,26,335,83.5,7,59,0.1186,0.3462,2.0,9.0,1.0,8.0,138.0,85.4,35.0,0.25,7.0,9.0,1.0,18.0,197.0,82.4,59.0,0.3889,81.6,27.5,57.0,995.1,0.0,9.6,5.9,230.9,SW,4.56,7.16,1.4
530965,2018-07-27,2018,PHI,2018-07-27 19:10:00,19,6,4,10,3,23,10,14,313,78.7,2,43,0.0465,0.2143,2.0,13.0,5.0,7.0,156.0,79.1,38.0,0.2857,1.0,10.0,3.0,7.0,157.0,78.4,40.0,0.1429,75.4,24.1,53.7,999.0,0.0,9.6,6.0,306.0,NW,9.37,8.04,9.57
530980,2018-07-28,2018,PHI,2018-07-28 18:40:00,18,6,2,8,1,12,8,15,286,82.3,1,51,0.0196,0.0667,0.0,5.0,6.0,11.0,144.0,82.1,43.0,0.0,1.0,7.0,2.0,4.0,142.0,82.5,37.0,0.25,76.7,24.8,51.7,1000.4,0.0,7.3,4.5,326.7,NW,6.04,4.27,7.08
530995,2018-07-29,2018,PHI,2018-07-29 13:10:00,13,4,0,4,1,21,3,18,265,84.3,0,47,0.0,0.0556,1.0,7.0,1.0,10.0,120.0,83.1,38.0,0.1,0.0,14.0,1.0,8.0,145.0,85.7,33.0,0.0,81.1,27.3,44.3,1000.0,0.0,3.7,2.3,210.3,SW,0.5,1.73,-0.78
531142,2018-08-10,2018,AZ,2018-08-10 19:10:00,19,3,0,3,0,17,2,14,229,82.0,0,45,0.0,0.0,0.0,7.0,1.0,9.0,111.0,83.4,40.0,0.0,0.0,10.0,0.0,5.0,118.0,80.4,34.0,0.0,78.6,25.9,77.3,994.6,0.2,7.3,4.6,243.6,SW,4.82,6.42,2.64
531157,2018-08-11,2018,AZ,2018-08-11 18:40:00,18,6,3,9,2,16,6,16,304,82.3,2,49,0.0408,0.125,0.0,8.0,3.0,9.0,173.0,82.9,45.0,0.0,2.0,8.0,1.0,7.0,131.0,81.7,44.0,0.2857,77.0,25.0,78.0,996.0,0.5,7.1,4.4,13.4,N,1.12,-1.34,3.44
531172,2018-08-12,2018,AZ,2018-08-12 13:10:00,13,2,9,11,5,18,4,17,282,83.8,5,51,0.098,0.2941,0.0,8.0,1.0,7.0,128.0,84.0,40.0,0.0,5.0,10.0,3.0,10.0,154.0,83.5,43.0,0.5,82.8,28.2,49.0,1000.1,0.0,8.7,5.4,19.0,N,0.53,-2.47,3.47
531188,2018-08-13,2018,CLE,2018-08-13 19:10:00,19,3,10,13,4,18,9,28,337,83.8,2,63,0.0317,0.1429,3.0,9.0,6.0,10.0,164.0,83.3,42.0,0.3,1.0,9.0,1.0,18.0,173.0,84.2,55.0,0.0556,78.5,25.8,66.0,997.6,0.0,4.3,2.7,129.5,SE,-4.14,-3.46,-4.33
531198,2018-08-14,2018,CLE,2018-08-14 19:10:00,19,1,8,9,1,17,6,15,271,84.3,0,49,0.0,0.0667,0.0,9.0,2.0,5.0,121.0,82.2,37.0,0.0,1.0,8.0,3.0,10.0,150.0,86.5,37.0,0.1,80.8,27.1,62.3,997.0,0.0,5.9,3.6,2.8,N,1.98,-0.03,3.75
531213,2018-08-15,2018,CLE,2018-08-15 19:10:00,19,3,4,7,2,19,9,15,324,80.5,1,48,0.0208,0.1333,1.0,13.0,4.0,10.0,175.0,79.7,45.0,0.1,1.0,6.0,5.0,5.0,149.0,81.3,43.0,0.2,73.2,22.9,87.3,997.7,0.1,10.8,6.7,156.7,SE,-7.77,-4.72,-9.88
531246,2018-08-17,2018,SF,2018-08-17 19:10:00,19,2,1,3,1,21,3,19,286,81.5,1,58,0.0172,0.0526,1.0,11.0,2.0,11.0,142.0,83.1,34.0,0.0909,0.0,10.0,1.0,8.0,144.0,80.3,41.0,0.0,75.4,24.1,87.0,996.7,0.1,7.3,4.6,250.4,W,5.44,6.8,3.43
531261,2018-08-18,2018,SF,2018-08-18 19:10:00,19,7,1,8,2,13,4,18,259,81.0,2,55,0.0364,0.1111,2.0,6.0,2.0,11.0,122.0,81.6,46.0,0.1818,0.0,7.0,2.0,7.0,137.0,80.5,45.0,0.0,76.8,24.9,71.3,994.6,0.5,6.7,4.2,38.7,NE,-1.88,-3.98,0.44
531276,2018-08-19,2018,SF,2018-08-19 13:10:00,13,11,4,15,2,17,3,25,301,81.7,3,59,0.0508,0.08,2.0,6.0,3.0,17.0,170.0,83.2,51.0,0.1176,0.0,11.0,0.0,8.0,131.0,80.0,45.0,0.0,82.0,27.8,56.3,996.4,0.0,6.5,4.1,67.0,NE,-4.58,-5.9,-2.71
531385,2018-08-28,2018,MIL,2018-08-28 19:10:00,19,9,7,16,3,18,10,25,338,83.1,2,56,0.0357,0.12,1.0,11.0,7.0,14.0,187.0,82.2,43.0,0.0714,2.0,7.0,2.0,11.0,151.0,83.9,50.0,0.1818,83.7,28.7,65.3,998.7,0.0,9.8,6.1,202.7,SW,0.03,3.39,-3.33
531399,2018-08-29,2018,MIL,2018-08-29 19:10:00,19,12,13,25,9,24,7,36,371,83.0,9,69,0.1304,0.25,5.0,11.0,6.0,14.0,191.0,82.7,56.0,0.3571,4.0,13.0,1.0,22.0,180.0,83.4,64.0,0.1818,77.6,25.3,84.3,998.5,1.1,7.7,4.8,270.3,W,7.1,7.66,5.68
531413,2018-08-30,2018,MIL,2018-08-30 12:35:00,12,1,2,3,1,19,6,12,293,81.7,0,55,0.0,0.0833,0.0,8.0,1.0,6.0,137.0,80.4,46.0,0.0,1.0,11.0,5.0,6.0,156.0,83.1,41.0,0.1667,78.3,25.7,71.3,1002.1,0.1,9.0,5.6,10.0,N,1.95,-1.18,4.85
531509,2018-09-06,2018,SD,2018-09-06 18:40:00,18,2,6,8,5,24,4,14,306,81.1,5,44,0.1136,0.3571,2.0,13.0,3.0,5.0,154.0,79.5,38.0,0.4,3.0,11.0,1.0,9.0,152.0,82.5,41.0,0.3333,80.8,27.1,69.7,1002.3,0.1,6.7,4.2,28.0,NE,-0.64,-2.89,1.69
531521,2018-09-07,2018,SD,2018-09-07 18:40:00,18,12,6,18,5,21,5,22,286,82.8,4,49,0.0816,0.2273,3.0,15.0,5.0,11.0,160.0,82.9,40.0,0.2727,2.0,6.0,0.0,11.0,126.0,82.8,40.0,0.1818,75.4,24.1,85.0,1000.0,2.4,10.1,6.3,49.3,NE,-4.57,-7.39,-1.21
531536,2018-09-08,2018,SD,2018-09-08 15:10:00,15,7,2,9,2,13,5,13,195,85.9,2,36,0.0556,0.1538,1.0,3.0,2.0,8.0,90.0,86.0,28.0,0.125,1.0,10.0,3.0,5.0,105.0,85.8,25.0,0.2,66.6,19.2,88.7,996.4,2.0,19.3,12.0,47.3,NE,-8.09,-13.59,-1.62
531551,2018-09-09,2018,SD,2018-09-09 16:10:00,16,6,7,13,4,23,9,19,335,83.6,2,49,0.0408,0.2105,1.0,11.0,3.0,9.0,154.0,81.4,39.0,0.1111,3.0,12.0,6.0,10.0,181.0,85.5,45.0,0.3,63.3,17.4,87.3,991.3,1.3,9.9,6.2,24.7,NE,-0.37,-3.74,3.03
531560,2018-09-10,2018,LAD,2018-09-10 18:40:00,18,10,6,16,3,21,9,23,332,82.7,2,53,0.0377,0.1304,1.0,12.0,2.0,14.0,163.0,83.7,37.0,0.0714,2.0,9.0,6.0,9.0,169.0,81.9,46.0,0.2222,65.6,18.7,72.0,997.2,0.0,6.7,4.1,303.7,NW,6.54,5.7,6.59
531572,2018-09-11,2018,LAD,2018-09-11 18:40:00,18,3,1,4,3,20,5,15,257,80.0,3,43,0.0698,0.2,2.0,9.0,2.0,10.0,121.0,80.3,38.0,0.2,1.0,11.0,3.0,5.0,136.0,79.7,32.0,0.2,68.9,20.5,69.3,1001.3,0.0,7.5,4.7,89.9,E,-6.96,-7.53,-5.55
531587,2018-09-12,2018,LAD,2018-09-12 12:35:00,12,1,8,9,2,19,8,16,306,81.0,3,51,0.0588,0.125,1.0,11.0,1.0,5.0,121.0,77.5,34.0,0.2,1.0,8.0,5.0,11.0,185.0,83.7,46.0,0.0909,72.9,22.7,63.0,1003.5,0.0,4.5,2.8,84.3,E,-3.97,-4.45,-3.0
531760,2018-09-25,2018,KC,2018-09-25 18:40:00,18,3,4,7,3,18,4,16,275,83.5,2,53,0.0377,0.1875,1.0,7.0,2.0,9.0,146.0,80.6,41.0,0.1111,2.0,11.0,1.0,7.0,129.0,86.2,43.0,0.2857,74.7,23.7,86.0,995.7,0.7,17.0,10.6,188.3,S,-4.16,1.73,-9.55
531775,2018-09-26,2018,KC,2018-09-26 18:40:00,18,1,6,7,2,19,5,14,284,84.7,5,48,0.1042,0.1429,1.0,11.0,3.0,5.0,135.0,84.5,33.0,0.2,1.0,8.0,2.0,9.0,149.0,84.8,40.0,0.1111,65.2,18.4,57.0,999.8,0.0,10.6,6.6,331.7,NW,8.22,5.43,10.01
531803,2018-09-28,2018,PIT,2018-09-28 18:40:00,18,4,8,12,4,20,7,26,340,82.2,4,60,0.0667,0.1538,2.0,10.0,4.0,13.0,180.0,80.0,45.0,0.1538,2.0,10.0,2.0,13.0,160.0,84.0,57.0,0.1538,65.0,18.3,66.7,1001.2,0.0,7.0,4.3,256.7,W,5.65,6.7,3.91
531818,2018-09-29,2018,PIT,2018-09-29 16:10:00,16,3,0,3,1,18,2,13,225,82.9,1,44,0.0227,0.0769,1.0,12.0,0.0,7.0,112.0,82.6,34.0,0.1429,0.0,6.0,2.0,6.0,113.0,83.2,33.0,0.0,69.3,20.7,55.7,1005.3,0.0,6.4,4.0,38.0,NE,-1.71,-3.72,0.5
531833,2018-09-30,2018,PIT,2018-09-30 15:10:00,15,5,6,11,4,21,8,15,293,83.9,6,52,0.1154,0.2667,2.0,16.0,5.0,5.0,160.0,82.0,35.0,0.4,2.0,5.0,2.0,10.0,133.0,85.3,44.0,0.2,77.9,25.5,51.3,1003.3,0.0,7.2,4.5,190.3,S,-1.52,0.98,-3.83
565220,2019-03-28,2019,PIT,2019-03-28 16:10:00,16,5,3,8,3,19,10,11,282,83.2,1,44,0.0227,0.2727,2.0,8.0,3.0,6.0,115.0,84.3,41.0,0.3333,1.0,11.0,7.0,5.0,167.0,81.9,39.0,0.2,67.0,19.4,41.0,1000.2,0.0,20.1,12.5,227.7,SW,8.56,14.28,1.81
565222,2019-03-31,2019,PIT,2019-03-31 13:10:00,13,0,5,5,0,14,9,14,320,83.6,1,52,0.0192,0.0,0.0,9.0,2.0,4.0,139.0,81.3,42.0,0.0,0.0,5.0,7.0,10.0,181.0,85.7,48.0,0.0,35.1,1.7,46.3,1006.0,0.0,19.6,12.2,311.7,NW,18.51,15.2,19.6
565223,2019-04-01,2019,MIL,2019-04-01 18:40:00,18,3,4,7,0,18,9,19,328,83.7,1,52,0.0192,0.0,0.0,9.0,4.0,8.0,155.0,80.1,38.0,0.0,0.0,9.0,3.0,11.0,173.0,87.1,40.0,0.0,42.9,6.0,46.0,1005.7,0.0,5.0,3.1,96.0,E,-4.83,-5.02,-4.05
565224,2019-04-02,2019,MIL,2019-04-02 18:40:00,18,3,4,7,2,20,12,11,296,82.0,1,44,0.0227,0.1818,1.0,9.0,5.0,4.0,141.0,77.9,37.0,0.25,1.0,11.0,6.0,7.0,155.0,86.3,36.0,0.1429,52.1,11.2,44.7,998.6,0.0,10.2,6.3,239.6,SW,6.13,8.54,2.99
565225,2019-04-03,2019,MIL,2019-04-03 12:35:00,12,0,1,1,0,22,6,5,259,81.2,0,36,0.0,0.0,0.0,12.0,1.0,3.0,125.0,82.6,33.0,0.0,0.0,10.0,5.0,2.0,134.0,79.0,21.0,0.0,56.8,13.8,39.7,1008.2,0.0,5.9,3.6,297.1,NW,5.85,5.34,5.66
565226,2019-04-09,2019,MIA,2019-04-09 18:40:00,18,14,0,14,5,21,8,20,307,86.6,3,46,0.0652,0.25,5.0,9.0,5.0,16.0,180.0,87.5,45.0,0.3125,0.0,12.0,2.0,4.0,127.0,85.2,27.0,0.0,61.8,16.6,43.3,991.3,0.0,11.6,7.2,331.7,NW,8.97,5.93,10.93
565227,2019-04-10,2019,MIA,2019-04-10 18:40:00,18,2,1,3,3,22,10,6,293,82.7,4,32,0.125,0.5,2.0,8.0,5.0,3.0,138.0,82.4,31.0,0.6667,1.0,14.0,5.0,3.0,155.0,83.0,32.0,0.3333,63.0,17.2,47.0,992.3,0.0,10.5,6.5,56.3,NE,-5.83,-8.45,-2.5
565228,2019-04-11,2019,MIA,2019-04-11 12:35:00,12,5,0,5,1,21,5,15,292,80.8,2,40,0.05,0.0667,1.0,11.0,2.0,10.0,148.0,78.2,43.0,0.1,0.0,10.0,3.0,5.0,144.0,84.3,33.0,0.0,75.0,23.9,50.3,990.8,0.0,18.3,11.4,183.3,S,-6.01,0.25,-11.55
565229,2019-04-13,2019,STL,2019-04-13 19:10:00,19,5,2,7,3,14,6,15,291,,0,50,0.0,0.2,2.0,5.0,3.0,6.0,121.0,,0.0,0.3333,1.0,9.0,2.0,9.0,170.0,,0.0,0.1111,59.7,15.4,47.3,996.2,0.0,8.2,5.1,27.3,NE,-0.69,-3.43,2.14
565230,2019-04-14,2019,STL,2019-04-14 16:10:00,16,5,9,14,6,16,9,21,307,,0,56,0.0,0.2857,2.0,8.0,3.0,10.0,133.0,,0.0,0.2,4.0,8.0,5.0,11.0,174.0,,0.0,0.3636,64.7,18.2,74.3,975.2,3.4,24.8,15.4,239.3,SW,14.89,20.79,7.19
565231,2019-04-23,2019,ATL,2019-04-23 18:40:00,18,7,6,13,2,25,10,19,308,83.5,3,46,0.0652,0.1053,2.0,11.0,8.0,9.0,161.0,83.2,32.0,0.2222,0.0,14.0,1.0,10.0,147.0,83.7,35.0,0.0,68.5,20.3,68.3,995.3,0.1,15.0,9.3,299.2,NW,14.93,13.43,14.63
565232,2019-04-24,2019,ATL,2019-04-24 18:40:00,18,1,3,4,1,14,11,13,305,83.2,2,51,0.0392,0.0769,0.0,10.0,4.0,5.0,149.0,81.5,38.0,0.0,1.0,4.0,6.0,8.0,156.0,84.8,42.0,0.125,64.2,17.9,67.7,993.4,0.0,4.5,2.8,77.4,E,-3.68,-4.34,-2.57
565233,2019-04-25,2019,ATL,2019-04-25 18:40:00,18,4,2,6,1,14,7,16,294,81.5,1,47,0.0213,0.0625,0.0,7.0,6.0,5.0,138.0,80.9,39.0,0.0,1.0,7.0,1.0,11.0,156.0,82.0,50.0,0.0909,64.9,18.3,87.3,986.2,2.0,9.0,5.6,141.3,SE,-7.85,-5.9,-8.86
565234,2019-05-03,2019,SF,2019-05-03 19:10:00,19,11,12,23,6,26,11,30,418,81.9,5,72,0.0694,0.2,3.0,16.0,7.0,13.0,238.0,79.5,60.0,0.2308,3.0,10.0,4.0,17.0,180.0,84.2,63.0,0.1765,68.3,20.2,76.7,994.8,0.1,9.4,5.9,301.7,NW,9.31,8.24,9.27
565235,2019-05-04,2019,SF,2019-05-04 19:10:00,19,9,2,11,5,14,7,14,266,85.2,7,49,0.1429,0.3571,5.0,3.0,5.0,9.0,125.0,87.9,34.0,0.5556,0.0,11.0,2.0,5.0,141.0,82.7,37.0,0.0,57.4,14.1,93.0,992.3,1.6,11.6,7.2,25.7,NE,-0.64,-4.55,3.35
565236,2019-05-05,2019,SF,2019-05-05 16:10:00,16,5,6,11,6,21,5,12,293,80.4,4,43,0.093,0.5,4.0,9.0,2.0,6.0,172.0,78.2,43.0,0.6667,2.0,12.0,2.0,6.0,121.0,84.3,24.0,0.3333,68.5,20.3,42.3,992.3,0.0,11.5,7.1,1.3,N,4.14,0.23,7.55
565237,2019-05-06,2019,SF,2019-05-06 12:35:00,12,12,4,16,4,18,7,19,303,83.1,4,51,0.0784,0.2105,3.0,7.0,4.0,14.0,169.0,83.4,51.0,0.2143,1.0,11.0,3.0,5.0,134.0,82.8,39.0,0.2,71.1,21.7,46.0,999.8,0.0,4.5,2.8,208.7,SW,0.48,1.97,-1.07
565238,2019-05-14,2019,CHC,2019-05-14 18:40:00,18,1,3,4,1,18,2,14,257,83.7,3,50,0.06,0.0714,1.0,7.0,1.0,3.0,110.0,80.8,37.0,0.3333,0.0,11.0,1.0,11.0,147.0,87.2,31.0,0.0,63.2,17.3,46.3,997.2,0.0,7.4,4.6,255.9,W,5.92,7.06,4.06
565239,2019-05-15,2019,CHC,2019-05-15 18:40:00,18,6,5,11,5,25,3,21,331,82.6,6,53,0.1132,0.2381,2.0,14.0,1.0,12.0,171.0,83.3,38.0,0.1667,3.0,11.0,1.0,9.0,160.0,82.0,42.0,0.3333,65.4,18.5,60.0,996.1,0.0,8.6,5.3,221.1,SW,2.74,5.36,-0.22
565240,2019-05-16,2019,CHC,2019-05-16 18:40:00,18,4,2,6,1,18,4,16,250,79.9,0,48,0.0,0.0625,1.0,5.0,3.0,12.0,123.0,81.9,45.0,0.0833,0.0,13.0,1.0,4.0,127.0,77.0,31.0,0.0,72.6,22.5,63.0,993.1,0.0,12.7,7.9,224.5,SW,4.74,8.47,0.43
565241,2019-05-17,2019,LAD,2019-05-17 19:10:00,19,0,6,6,4,21,3,13,252,84.0,3,44,0.0682,0.3077,0.0,13.0,1.0,3.0,127.0,79.8,33.0,0.0,4.0,8.0,1.0,10.0,125.0,87.8,35.0,0.4,75.9,24.4,76.0,993.1,0.0,4.3,2.7,250.8,W,3.21,3.99,2.04
565242,2019-05-18,2019,LAD,2019-05-18 16:10:00,16,4,0,4,1,17,3,13,270,84.2,1,48,0.0208,0.0769,1.0,8.0,1.0,7.0,126.0,84.3,40.0,0.1429,0.0,9.0,2.0,6.0,144.0,84.0,32.0,0.0,82.1,27.8,56.0,994.3,0.1,15.0,9.3,216.7,SW,3.68,8.44,-1.53
565243,2019-05-19,2019,LAD,2019-05-19 13:10:00,13,3,8,11,4,19,11,15,311,84.6,3,50,0.06,0.2667,2.0,6.0,2.0,9.0,136.0,83.8,44.0,0.2222,2.0,13.0,8.0,6.0,175.0,85.3,41.0,0.3333,76.2,24.5,54.7,991.8,0.4,25.2,15.6,193.3,S,-4.02,4.72,-12.27
565221,2019-05-27,2019,PIT,2019-03-30 14:10:00,14,8,1,9,3,19,4,18,291,,0,48,0.0,0.1667,3.0,11.0,2.0,10.0,147.0,,0.0,0.3,0.0,8.0,2.0,8.0,144.0,,0.0,0.0,63.0,17.2,77.3,988.5,2.9,24.8,15.4,224.7,SW,9.36,16.65,0.94
565244,2019-05-27,2019,PIT,2019-05-27 13:10:00,13,5,8,13,2,18,9,24,344,81.6,2,57,0.0351,0.0833,0.0,9.0,5.0,12.0,170.0,80.5,44.0,0.0,2.0,9.0,4.0,12.0,174.0,82.7,43.0,0.1667,78.8,26.0,61.7,996.9,0.4,8.0,5.0,195.3,S,-0.99,1.77,-3.64
565245,2019-05-28,2019,PIT,2019-05-28 18:40:00,18,11,6,17,5,19,5,19,270,84.4,4,48,0.0833,0.2632,4.0,8.0,3.0,11.0,140.0,84.1,47.0,0.3636,1.0,11.0,2.0,8.0,130.0,84.7,36.0,0.125,82.8,28.2,55.7,989.7,0.0,15.2,9.5,234.7,SW,8.11,12.03,3.21
565246,2019-05-29,2019,PIT,2019-05-29 12:35:00,12,2,7,9,3,14,4,22,284,82.3,1,61,0.0164,0.1364,1.0,7.0,2.0,7.0,136.0,85.4,33.0,0.1429,2.0,7.0,1.0,15.0,148.0,80.2,49.0,0.1333,71.1,21.7,92.3,990.0,5.5,20.6,12.8,223.3,SW,7.31,13.45,0.3
565247,2019-05-31,2019,WSH,2019-05-31 19:10:00,19,9,3,12,2,14,5,22,298,84.8,2,58,0.0345,0.0909,1.0,4.0,1.0,15.0,146.0,86.8,39.0,0.0667,1.0,10.0,3.0,7.0,152.0,82.6,36.0,0.1429,70.8,21.5,76.0,993.4,0.0,5.9,3.6,264.9,W,5.2,5.82,3.96
565248,2019-06-01,2019,WSH,2019-06-01 16:10:00,16,2,5,7,4,16,6,16,295,84.0,3,53,0.0566,0.25,1.0,8.0,4.0,8.0,161.0,82.6,38.0,0.125,3.0,8.0,2.0,8.0,134.0,85.2,42.0,0.375,79.3,26.3,50.7,991.9,0.0,11.6,7.2,242.7,SW,7.48,10.06,4.0
565249,2019-06-02,2019,WSH,2019-06-02 13:10:00,13,1,4,5,0,24,6,12,303,83.1,0,41,0.0,0.0,0.0,16.0,1.0,3.0,133.0,82.5,34.0,0.0,0.0,8.0,4.0,9.0,170.0,83.7,37.0,0.0,75.8,24.3,59.3,992.1,0.7,18.7,11.6,313.7,NW,17.41,14.05,18.66
565250,2019-06-14,2019,TEX,2019-06-14 19:10:00,19,1,7,8,2,24,8,13,340,80.8,2,42,0.0476,0.1538,1.0,12.0,1.0,5.0,143.0,78.1,33.0,0.2,1.0,12.0,7.0,8.0,197.0,82.5,49.0,0.125,68.7,20.4,52.3,998.7,0.0,12.5,7.7,187.0,S,-3.33,0.98,-7.24
565251,2019-06-15,2019,TEX,2019-06-15 19:10:00,19,3,4,7,2,17,5,12,270,80.8,4,49,0.0816,0.1667,2.0,8.0,4.0,4.0,126.0,80.7,34.0,0.5,0.0,9.0,1.0,8.0,144.0,80.9,44.0,0.0,75.9,24.4,66.7,991.8,0.1,19.5,12.1,190.3,S,-4.1,2.65,-10.36
565252,2019-06-16,2019,TEX,2019-06-16 13:10:00,13,11,3,14,4,16,8,20,348,84.9,5,53,0.0943,0.2,2.0,4.0,5.0,14.0,193.0,85.2,54.0,0.1429,2.0,12.0,3.0,6.0,155.0,84.4,44.0,0.3333,79.4,26.3,73.7,993.8,0.3,16.2,10.1,238.3,SW,9.5,13.43,4.43
565253,2019-06-17,2019,HOU,2019-06-17 19:10:00,19,3,2,5,0,18,13,10,300,79.6,0,41,0.0,0.0,0.0,9.0,4.0,6.0,139.0,75.9,36.0,0.0,0.0,9.0,9.0,4.0,161.0,83.6,34.0,0.0,72.1,22.3,93.7,995.4,10.5,7.1,4.4,255.7,W,5.71,6.83,3.9
565254,2019-06-18,2019,HOU,2019-06-18 19:10:00,19,4,3,7,4,15,3,15,262,84.5,1,47,0.0213,0.2667,3.0,8.0,1.0,6.0,126.0,84.4,33.0,0.5,1.0,7.0,2.0,9.0,136.0,84.6,42.0,0.1111,74.9,23.8,81.0,992.4,0.0,4.4,2.7,214.9,SW,0.94,2.34,-0.58
565255,2019-06-19,2019,HOU,2019-06-19 12:35:00,12,3,2,5,2,17,4,18,251,80.3,2,50,0.04,0.1111,1.0,10.0,3.0,11.0,124.0,82.0,37.0,0.0909,1.0,7.0,1.0,7.0,127.0,78.8,42.0,0.1429,76.0,24.4,83.0,989.6,2.4,7.4,4.6,202.4,S,-0.01,2.51,-2.53
565256,2019-06-28,2019,CHC,2019-06-28 19:10:00,19,6,3,9,2,15,9,17,303,81.6,1,51,0.0196,0.1176,1.0,6.0,7.0,11.0,158.0,80.7,40.0,0.0909,1.0,9.0,2.0,6.0,145.0,82.6,40.0,0.1667,83.2,28.5,64.3,1001.9,0.0,5.8,3.6,216.3,SW,1.38,3.21,-0.62
565257,2019-06-29,2019,CHC,2019-06-29 16:10:00,16,0,6,6,2,14,5,15,287,84.3,3,53,0.0566,0.1333,0.0,6.0,0.0,7.0,145.0,84.2,38.0,0.0,2.0,8.0,5.0,8.0,142.0,84.5,35.0,0.25,85.6,29.8,63.0,999.6,1.0,8.1,5.1,253.3,W,6.31,7.68,4.17
565258,2019-06-30,2019,CHC,2019-06-30 13:10:00,13,8,6,14,3,19,8,20,317,83.1,3,51,0.0588,0.15,1.0,9.0,4.0,9.0,171.0,82.0,44.0,0.1111,2.0,10.0,4.0,11.0,146.0,84.3,41.0,0.1818,87.4,30.8,53.0,998.0,0.0,12.1,7.5,332.3,NW,9.32,6.09,11.41
565259,2019-07-01,2019,MIL,2019-07-01 19:10:00,19,6,8,14,6,19,7,19,310,83.2,3,53,0.0566,0.3158,3.0,8.0,1.0,10.0,129.0,81.5,44.0,0.3,3.0,11.0,5.0,9.0,181.0,85.1,41.0,0.3333,82.6,28.1,66.7,996.0,0.2,8.3,5.2,241.5,SW,5.23,7.12,2.71
565260,2019-07-02,2019,MIL,2019-07-02 19:10:00,19,5,4,9,5,15,3,16,304,84.9,5,62,0.0806,0.3125,2.0,6.0,1.0,10.0,153.0,86.1,53.0,0.2,3.0,9.0,2.0,6.0,151.0,83.5,44.0,0.5,80.3,26.8,75.3,994.2,0.0,7.2,4.5,245.0,SW,4.84,6.36,2.74
565261,2019-07-03,2019,MIL,2019-07-03 19:10:00,19,3,0,3,1,22,3,12,266,83.0,1,40,0.025,0.0833,1.0,9.0,1.0,8.0,141.0,87.1,32.0,0.125,0.0,13.0,1.0,4.0,125.0,78.5,29.0,0.0,79.2,26.2,74.0,994.9,0.0,7.8,4.9,192.9,S,-1.3,1.42,-3.87
565262,2019-07-04,2019,MIL,2019-07-04 14:10:00,14,1,0,1,0,18,2,10,233,83.5,1,41,0.0244,0.0,0.0,8.0,1.0,8.0,111.0,82.5,38.0,0.0,0.0,10.0,1.0,2.0,122.0,84.4,39.0,0.0,86.4,30.2,58.3,997.4,0.0,4.8,3.0,224.7,SW,1.82,3.24,0.18
565263,2019-07-06,2019,CLE,2019-07-06 16:10:00,16,2,7,9,4,20,5,16,282,85.6,2,50,0.04,0.25,1.0,11.0,0.0,5.0,120.0,85.6,32.0,0.2,3.0,9.0,3.0,11.0,162.0,85.6,47.0,0.2727,82.9,28.3,72.3,995.3,0.0,8.6,5.3,268.0,W,7.83,8.57,6.13
565264,2019-07-07,2019,CLE,2019-07-07 13:10:00,13,1,11,12,4,24,7,22,328,84.3,5,52,0.0962,0.1818,0.0,10.0,4.0,4.0,144.0,82.1,32.0,0.0,4.0,14.0,3.0,18.0,184.0,85.6,51.0,0.2222,85.3,29.6,64.3,995.3,0.3,6.6,4.1,344.0,N,4.11,2.09,5.63
565265,2019-07-18,2019,STL,2019-07-18 19:10:00,19,4,7,11,3,17,8,20,310,81.4,3,51,0.0588,0.15,1.0,8.0,4.0,10.0,149.0,83.7,45.0,0.1,2.0,9.0,4.0,10.0,161.0,79.2,46.0,0.2,84.1,28.9,72.7,993.9,0.0,11.8,7.3,188.5,S,-2.85,1.23,-6.58
565266,2019-07-19,2019,STL,2019-07-19 19:10:00,19,11,12,23,4,18,7,29,354,83.4,4,63,0.0635,0.1379,2.0,10.0,4.0,18.0,182.0,82.5,56.0,0.1111,2.0,8.0,3.0,11.0,172.0,84.5,50.0,0.1818,88.6,31.4,57.7,995.2,0.0,12.9,8.0,231.7,SW,6.3,9.79,2.06
565267,2019-07-20,2019,STL,2019-07-20 19:10:00,19,3,2,5,2,13,5,13,246,83.8,1,46,0.0217,0.1538,1.0,5.0,2.0,7.0,120.0,85.4,38.0,0.1429,1.0,8.0,2.0,6.0,126.0,81.7,30.0,0.1667,88.5,31.4,58.0,995.1,0.0,8.6,5.4,238.8,SW,5.11,7.18,2.43
565268,2019-07-21,2019,STL,2019-07-21 13:10:00,13,1,3,4,2,29,5,13,329,79.9,0,38,0.0,0.1538,1.0,14.0,3.0,7.0,164.0,80.5,37.0,0.1429,1.0,15.0,2.0,6.0,165.0,79.2,38.0,0.1667,87.6,30.9,67.0,995.7,0.6,10.9,6.8,178.3,S,-4.48,-0.79,-7.62
565269,2019-07-26,2019,COL,2019-07-26 18:40:00,18,2,12,14,3,17,5,22,276,84.8,3,55,0.0545,0.1364,1.0,7.0,0.0,8.0,115.0,86.5,38.0,0.125,2.0,10.0,5.0,14.0,161.0,83.0,37.0,0.1429,82.5,28.0,41.7,1003.7,0.0,8.6,5.3,293.7,NW,8.6,8.02,8.14
565270,2019-07-27,2019,COL,2019-07-27 19:10:00,19,3,1,4,2,12,7,11,248,81.1,1,45,0.0222,0.1818,2.0,4.0,3.0,6.0,124.0,81.5,37.0,0.3333,0.0,8.0,4.0,5.0,124.0,80.7,35.0,0.0,82.6,28.1,49.0,1002.9,0.0,10.1,6.3,238.3,SW,5.91,8.36,2.76
565271,2019-07-28,2019,COL,2019-07-28 13:10:00,13,3,2,5,1,15,8,18,320,80.5,1,53,0.0189,0.0556,0.0,6.0,4.0,8.0,159.0,79.7,45.0,0.0,1.0,9.0,4.0,10.0,161.0,81.3,46.0,0.1,86.5,30.3,45.3,1002.2,0.0,13.0,8.1,244.3,SW,8.69,11.49,4.85
565272,2019-07-29,2019,PIT,2019-07-29 19:10:00,19,11,6,17,4,14,7,22,294,83.9,2,58,0.0345,0.1818,1.0,7.0,4.0,13.0,150.0,84.3,48.0,0.0769,3.0,7.0,3.0,9.0,144.0,83.4,43.0,0.3333,81.6,27.6,56.7,995.7,0.1,15.0,9.3,242.7,SW,9.68,13.02,5.18
565273,2019-07-30,2019,PIT,2019-07-30 19:10:00,19,4,11,15,5,17,7,20,319,83.8,5,57,0.0877,0.25,2.0,10.0,2.0,8.0,136.0,85.2,36.0,0.25,3.0,7.0,5.0,12.0,183.0,82.9,62.0,0.25,75.4,24.1,81.7,997.2,1.6,3.8,2.3,301.7,NW,3.72,3.29,3.7
565274,2019-07-31,2019,PIT,2019-07-31 12:35:00,12,4,1,5,2,15,3,16,249,82.0,0,50,0.0,0.125,2.0,7.0,2.0,10.0,120.0,83.0,40.0,0.2,0.0,8.0,1.0,6.0,129.0,81.0,38.0,0.0,80.2,26.8,61.3,1000.8,0.2,2.5,1.6,314.7,NW,2.35,1.88,2.53
565275,2019-08-05,2019,LAA,2019-08-05 19:10:00,19,7,4,11,3,28,7,13,323,82.1,3,36,0.0833,0.2308,0.0,11.0,3.0,8.0,144.0,82.6,36.0,0.0,3.0,17.0,4.0,5.0,179.0,81.6,31.0,0.6,82.8,28.2,50.0,994.0,0.0,5.4,3.3,265.5,W,4.78,5.33,3.66
565276,2019-08-06,2019,LAA,2019-08-06 19:10:00,19,8,4,12,7,17,7,20,318,84.2,6,51,0.1176,0.35,5.0,6.0,1.0,13.0,160.0,83.4,49.0,0.3846,2.0,11.0,5.0,7.0,158.0,85.2,38.0,0.2857,80.1,26.7,64.3,990.6,0.4,8.3,5.2,262.9,W,7.24,8.22,5.4
565277,2019-08-08,2019,CHC,2019-08-08 19:10:00,19,5,12,17,4,16,7,30,363,84.5,4,66,0.0606,0.1333,1.0,10.0,3.0,11.0,170.0,87.7,44.0,0.0909,3.0,6.0,4.0,19.0,193.0,82.1,57.0,0.1579,82.7,28.2,55.3,992.6,0.1,13.7,8.5,287.0,W,13.64,13.26,12.37
565278,2019-08-09,2019,CHC,2019-08-09 19:10:00,19,5,2,7,4,24,4,11,260,80.5,3,38,0.0789,0.3636,3.0,11.0,0.0,6.0,116.0,80.6,33.0,0.5,1.0,13.0,4.0,5.0,144.0,80.4,33.0,0.2,79.6,26.5,42.7,994.2,0.0,10.4,6.5,347.7,N,5.96,2.67,8.53
565279,2019-08-10,2019,CHC,2019-08-10 19:10:00,19,10,1,11,7,15,7,25,304,81.0,7,59,0.1186,0.28,6.0,6.0,3.0,18.0,157.0,81.1,50.0,0.3333,1.0,9.0,4.0,7.0,147.0,81.0,38.0,0.1429,78.2,25.7,42.0,996.4,0.0,7.4,4.6,15.0,N,0.97,-1.61,3.43
565280,2019-08-11,2019,CHC,2019-08-11 13:10:00,13,3,6,9,3,23,6,16,285,83.1,5,47,0.1064,0.1875,1.0,13.0,4.0,6.0,151.0,81.5,40.0,0.1667,2.0,10.0,2.0,10.0,134.0,84.7,38.0,0.2,84.8,29.3,35.3,999.2,0.0,6.3,3.9,128.3,SE,-6.03,-5.08,-6.25
565281,2019-08-15,2019,STL,2019-08-15 19:10:00,19,2,1,3,0,21,7,9,277,80.2,1,39,0.0256,0.0,0.0,6.0,1.0,7.0,122.0,80.7,40.0,0.0,0.0,15.0,5.0,2.0,155.0,79.6,29.0,0.0,76.5,24.7,66.3,995.3,0.0,7.5,4.7,260.3,W,6.38,7.36,4.62
565282,2019-08-16,2019,STL,2019-08-16 19:10:00,19,4,13,17,5,15,3,25,316,82.6,4,63,0.0635,0.2,1.0,8.0,1.0,7.0,123.0,85.7,39.0,0.1429,4.0,7.0,2.0,18.0,193.0,80.5,56.0,0.2222,80.4,26.9,57.0,995.3,0.0,7.1,4.4,207.9,SW,0.67,3.04,-1.79
565283,2019-08-17,2019,STL,2019-08-17 18:40:00,18,6,1,7,3,17,8,18,294,82.8,2,50,0.04,0.1667,2.0,7.0,3.0,11.0,137.0,84.3,45.0,0.1818,1.0,10.0,5.0,7.0,157.0,81.2,42.0,0.1429,85.3,29.6,57.3,994.6,0.0,7.7,4.8,177.7,S,-3.23,-0.65,-5.43
565284,2019-08-18,2019,STL,2019-08-18 13:10:00,13,4,5,9,3,22,7,16,298,81.2,3,46,0.0652,0.1875,1.0,9.0,5.0,8.0,153.0,78.1,44.0,0.125,2.0,13.0,2.0,8.0,145.0,85.0,37.0,0.25,89.7,32.1,50.0,996.1,0.0,13.1,8.1,229.3,SW,5.91,9.55,1.56
565285,2019-08-19,2019,SD,2019-08-19 19:10:00,19,2,3,5,2,28,4,13,296,81.1,1,39,0.0256,0.1538,1.0,14.0,3.0,8.0,169.0,80.2,46.0,0.125,1.0,14.0,1.0,5.0,127.0,82.6,28.0,0.2,84.2,29.0,66.0,997.0,0.0,6.1,3.8,40.5,NE,-1.87,-3.73,0.21
565286,2019-08-20,2019,SD,2019-08-20 19:10:00,19,3,2,5,2,24,6,9,298,83.4,1,36,0.0278,0.2222,1.0,12.0,1.0,5.0,149.0,81.8,42.0,0.2,1.0,12.0,5.0,4.0,149.0,85.8,28.0,0.25,79.0,26.1,67.7,996.4,0.0,9.8,6.1,197.8,S,-0.81,2.59,-4.11
565287,2019-08-21,2019,SD,2019-08-21 12:35:00,12,4,2,6,2,18,3,16,284,84.9,0,49,0.0,0.125,1.0,9.0,3.0,10.0,136.0,83.2,41.0,0.1,1.0,9.0,0.0,6.0,148.0,87.0,34.0,0.1667,83.6,28.7,54.3,997.6,0.0,15.0,9.3,276.7,W,14.4,14.93,12.14
565288,2019-09-02,2019,PHI,2019-09-02 14:10:00,14,1,7,8,5,20,5,13,279,83.6,4,45,0.0889,0.3846,1.0,9.0,3.0,7.0,137.0,81.1,35.0,0.1429,4.0,11.0,2.0,6.0,142.0,85.8,38.0,0.6667,79.9,26.6,58.3,1000.1,0.0,10.2,6.3,325.7,NW,8.54,6.11,9.93
565289,2019-09-03,2019,PHI,2019-09-03 18:40:00,18,2,6,8,1,23,8,16,324,85.1,1,46,0.0217,0.0625,0.0,14.0,3.0,6.0,167.0,84.5,43.0,0.0,1.0,9.0,4.0,10.0,157.0,85.7,42.0,0.1,83.7,28.7,52.3,994.5,0.0,14.9,9.3,221.3,SW,4.81,9.34,-0.3
565290,2019-09-04,2019,PHI,2019-09-04 18:40:00,18,8,5,13,6,16,6,16,281,83.7,6,49,0.1224,0.375,3.0,8.0,4.0,9.0,138.0,83.5,32.0,0.3333,3.0,8.0,2.0,7.0,143.0,83.8,43.0,0.4286,77.8,25.4,53.0,998.3,0.0,12.0,7.4,334.3,NW,8.92,5.65,11.11
565291,2019-09-05,2019,PHI,2019-09-05 12:35:00,12,4,3,7,4,21,6,16,342,81.9,2,56,0.0357,0.25,3.0,8.0,4.0,9.0,167.0,81.1,49.0,0.3333,1.0,13.0,2.0,7.0,175.0,82.8,47.0,0.1429,73.7,23.2,53.0,1000.9,0.0,10.7,6.7,25.0,NE,-0.47,-4.11,3.23
565292,2019-09-06,2019,AZ,2019-09-06 19:10:00,19,5,7,12,3,22,13,19,366,82.7,2,50,0.04,0.1579,1.0,13.0,9.0,7.0,192.0,81.4,45.0,0.1429,2.0,9.0,4.0,12.0,174.0,84.0,47.0,0.1667,75.6,24.2,73.3,993.6,0.0,9.8,6.1,309.4,NW,9.35,7.82,9.75
565293,2019-09-07,2019,AZ,2019-09-07 16:10:00,16,0,2,2,0,29,7,7,279,82.6,0,32,0.0,0.0,0.0,15.0,2.0,3.0,128.0,80.1,30.0,0.0,0.0,14.0,5.0,4.0,151.0,85.1,29.0,0.0,75.1,23.9,54.7,997.0,0.0,8.3,5.2,303.0,NW,8.19,7.18,8.22
565294,2019-09-08,2019,AZ,2019-09-08 13:10:00,13,4,3,7,3,11,6,15,288,84.5,3,55,0.0545,0.2,2.0,5.0,0.0,12.0,143.0,85.3,50.0,0.1667,1.0,6.0,5.0,3.0,145.0,83.6,44.0,0.3333,77.8,25.5,49.0,999.9,0.0,4.0,2.5,147.6,SE,-3.3,-2.31,-3.89
565295,2019-09-20,2019,NYM,2019-09-20 19:10:00,19,1,8,9,4,20,7,17,308,80.7,3,50,0.06,0.2353,1.0,11.0,1.0,7.0,137.0,76.9,44.0,0.1429,3.0,9.0,5.0,10.0,171.0,84.0,49.0,0.3,79.0,26.1,65.7,1002.3,0.0,8.6,5.4,189.3,S,-1.97,1.03,-4.72
565296,2019-09-21,2019,NYM,2019-09-21 16:10:00,16,3,2,5,0,20,3,12,258,83.0,1,44,0.0227,0.0,0.0,8.0,2.0,9.0,136.0,78.5,40.0,0.0,0.0,12.0,1.0,3.0,122.0,88.0,36.0,0.0,85.2,29.5,45.0,1002.5,0.1,8.9,5.5,220.0,SW,2.67,5.4,-0.39
565297,2019-09-22,2019,NYM,2019-09-22 13:10:00,13,3,6,9,5,17,8,15,309,81.2,3,52,0.0577,0.3333,2.0,8.0,6.0,6.0,161.0,78.7,40.0,0.3333,3.0,9.0,0.0,9.0,148.0,83.5,45.0,0.3333,85.8,29.9,37.3,999.4,0.0,19.7,12.3,217.3,SW,5.05,11.27,-1.78
565298,2019-09-24,2019,MIL,2019-09-24 18:40:00,18,2,4,6,1,21,5,15,292,80.8,2,47,0.0426,0.0667,0.0,9.0,1.0,8.0,142.0,79.1,47.0,0.0,1.0,12.0,4.0,7.0,150.0,83.0,36.0,0.1429,72.3,22.4,47.7,995.3,0.0,5.0,3.1,258.4,W,4.11,4.82,2.92
565299,2019-09-25,2019,MIL,2019-09-25 18:40:00,18,2,9,11,4,17,11,16,312,,0,52,0.0,0.25,1.0,9.0,5.0,5.0,146.0,,0.0,0.2,3.0,8.0,6.0,11.0,166.0,,0.0,0.2727,78.7,26.0,45.3,990.8,0.0,9.6,6.0,224.4,SW,3.59,6.43,0.32
565300,2019-09-26,2019,MIL,2019-09-26 12:35:00,12,3,5,8,1,22,7,14,291,,0,45,0.0,0.0714,1.0,8.0,2.0,9.0,150.0,,0.0,0.1111,0.0,14.0,4.0,5.0,141.0,,0.0,0.0,75.4,24.1,40.7,996.3,0.0,11.9,7.4,312.7,NW,11.2,9.12,11.93
631589,2020-07-24,2020,DET,2020-07-24 18:10:00,18,7,1,8,3,17,7,12,281,82.5,2,42,0.0476,0.25,2.0,4.0,4.0,9.0,148.0,83.6,49.0,0.2222,1.0,13.0,3.0,3.0,133.0,80.9,33.0,0.3333,85.1,29.5,49.3,999.8,0.0,5.2,3.3,292.3,W,5.23,4.93,4.91
631603,2020-07-25,2020,DET,2020-07-25 17:10:00,17,4,6,10,6,22,8,18,295,83.4,4,49,0.0816,0.3333,3.0,5.0,7.0,6.0,150.0,84.7,46.0,0.5,3.0,17.0,1.0,12.0,145.0,81.7,32.0,0.25,88.3,31.3,43.3,999.3,0.0,4.5,2.8,271.7,W,4.24,4.53,3.43
631591,2020-07-26,2020,DET,2020-07-26 13:10:00,13,2,3,5,2,29,8,9,293,79.2,1,33,0.0303,0.2222,0.0,13.0,4.0,6.0,136.0,82.4,31.0,0.0,2.0,16.0,4.0,3.0,157.0,76.7,42.0,0.6667,87.6,30.9,52.7,1000.8,0.0,5.6,3.5,268.3,W,5.08,5.55,3.99
631592,2020-07-27,2020,CHC,2020-07-27 18:40:00,18,7,8,15,2,20,12,14,378,82.6,1,51,0.0196,0.1429,1.0,7.0,9.0,6.0,205.0,81.8,49.0,0.1667,1.0,13.0,3.0,8.0,173.0,83.6,39.0,0.125,82.0,27.8,71.3,995.0,0.3,12.9,8.0,243.1,SW,8.42,11.27,4.56
631593,2020-07-28,2020,CHC,2020-07-28 18:40:00,18,5,8,13,6,20,6,18,298,81.7,5,51,0.098,0.3333,3.0,10.0,3.0,6.0,133.0,77.5,34.0,0.5,3.0,10.0,3.0,12.0,165.0,85.2,41.0,0.25,83.9,28.8,45.0,995.4,0.0,8.2,5.1,314.8,NW,7.59,6.07,8.19
631594,2020-07-29,2020,CHC,2020-07-29 18:40:00,18,12,7,19,4,22,12,17,331,82.0,3,45,0.0667,0.2353,3.0,8.0,7.0,10.0,170.0,83.0,44.0,0.3,1.0,14.0,4.0,7.0,161.0,80.8,39.0,0.1429,88.0,31.1,46.0,994.2,0.0,4.4,2.8,282.2,W,4.36,4.37,3.83
631596,2020-08-03,2020,CLE,2020-08-03 18:40:00,18,3,2,5,3,21,3,9,260,80.6,4,37,0.1081,0.3333,2.0,7.0,1.0,4.0,117.0,83.4,31.0,0.5,1.0,14.0,2.0,5.0,143.0,77.1,26.0,0.2,73.8,23.2,78.0,996.0,1.7,6.1,3.8,310.5,NW,5.83,4.84,6.13
631597,2020-08-04,2020,CLE,2020-08-04 18:10:00,18,2,4,6,3,20,8,8,297,83.9,3,42,0.0714,0.375,2.0,10.0,2.0,5.0,125.0,85.1,32.0,0.4,1.0,10.0,6.0,3.0,172.0,83.1,41.0,0.3333,74.1,23.4,58.0,996.8,0.0,13.1,8.2,300.0,NW,13.02,11.65,12.82
631598,2020-08-11,2020,KC,2020-08-11 18:40:00,18,6,5,11,3,21,8,21,343,83.1,4,54,0.0741,0.1429,2.0,10.0,4.0,10.0,173.0,84.7,43.0,0.2,1.0,11.0,4.0,11.0,170.0,81.8,49.0,0.0909,82.9,28.3,59.7,996.1,0.0,7.7,4.8,246.0,SW,5.32,6.92,3.08
631599,2020-08-12,2020,KC,2020-08-12 18:40:00,18,4,5,9,4,21,16,11,332,81.7,2,41,0.0488,0.3636,3.0,8.0,8.0,6.0,165.0,79.2,46.0,0.5,1.0,13.0,8.0,5.0,167.0,85.5,31.0,0.2,81.9,27.7,66.3,998.4,0.0,5.1,3.2,36.3,NE,-1.22,-2.85,0.56
631600,2020-08-13,2020,PIT,2020-08-13 17:10:00,17,6,9,15,6,18,5,23,330,82.7,5,57,0.0877,0.2609,3.0,10.0,2.0,12.0,177.0,81.5,52.0,0.25,3.0,8.0,3.0,11.0,153.0,84.1,41.0,0.2727,85.9,29.9,51.7,996.5,0.0,5.4,3.3,26.3,NE,-0.36,-2.17,1.49
631601,2020-08-14,2020,PIT,2020-08-14 19:10:00,19,8,1,9,4,23,3,16,286,87.1,2,43,0.0465,0.25,3.0,10.0,2.0,11.0,141.0,87.1,42.0,0.2727,1.0,13.0,1.0,5.0,145.0,87.2,38.0,0.2,74.7,23.7,91.0,995.6,4.1,4.9,3.0,343.7,N,3.05,1.57,4.16
631582,2020-08-28,2020,CHC,2020-08-28 19:10:00,19,6,5,11,7,21,3,17,278,81.7,4,48,0.0833,0.4118,3.0,7.0,1.0,11.0,132.0,80.1,57.0,0.2727,4.0,14.0,2.0,6.0,146.0,84.2,37.0,0.6667,75.8,24.3,90.0,990.0,0.7,9.0,5.6,143.7,SE,-7.67,-5.62,-8.8
631581,2020-08-29,2020,CHC,2020-08-29 16:10:00,16,0,3,3,2,17,5,11,255,81.4,2,35,0.0571,0.1818,0.0,9.0,3.0,7.0,120.0,79.7,41.0,0.0,2.0,8.0,2.0,4.0,135.0,83.3,38.0,0.5,83.8,28.8,50.3,989.3,0.0,17.6,10.9,308.0,NW,16.96,14.33,17.55
631595,2020-08-29,2020,CHC,2020-07-30 18:10:00,18,6,5,11,5,18,11,14,278,78.9,2,37,0.0541,0.3571,3.0,10.0,5.0,7.0,139.0,76.3,35.0,0.4286,2.0,8.0,4.0,7.0,139.0,81.4,35.0,0.2857,72.0,22.2,94.3,990.9,6.0,11.1,6.9,97.4,E,-10.71,-11.06,-9.08
631584,2020-08-30,2020,CHC,2020-08-30 13:10:00,13,1,10,11,7,25,11,12,351,83.4,9,41,0.2195,0.5833,1.0,12.0,4.0,4.0,163.0,82.7,37.0,0.25,6.0,13.0,6.0,8.0,188.0,84.0,46.0,0.75,76.2,24.6,45.0,994.5,0.0,7.6,4.7,74.3,E,-5.98,-7.22,-4.01
631585,2020-08-31,2020,STL,2020-08-31 18:40:00,18,5,7,12,2,19,5,17,299,83.5,3,51,0.0588,0.1176,1.0,11.0,0.0,7.0,131.0,85.1,40.0,0.1429,1.0,8.0,5.0,10.0,168.0,82.1,44.0,0.1,78.1,25.6,72.0,991.8,0.0,7.9,4.9,139.3,SE,-7.05,-5.41,-7.84
631586,2020-09-01,2020,STL,2020-09-01 18:40:00,18,2,16,18,3,14,12,31,378,83.8,3,67,0.0448,0.0968,1.0,6.0,6.0,8.0,170.0,84.2,51.0,0.125,2.0,8.0,6.0,23.0,208.0,83.5,67.0,0.087,81.3,27.4,65.0,993.5,0.0,6.6,4.1,222.4,SW,2.26,4.26,-0.01
631587,2020-09-02,2020,STL,2020-09-02 18:40:00,18,4,3,7,3,16,10,10,287,81.0,4,45,0.0889,0.3,1.0,10.0,6.0,4.0,150.0,81.2,37.0,0.25,2.0,6.0,3.0,6.0,137.0,80.8,48.0,0.3333,78.8,26.0,73.0,992.9,0.0,9.3,5.8,256.0,W,7.5,8.95,5.15
631602,2020-09-04,2020,PIT,2020-08-15 18:10:00,18,3,4,7,2,16,4,10,237,82.7,2,35,0.0571,0.2,2.0,7.0,2.0,4.0,127.0,81.5,35.0,0.5,0.0,9.0,2.0,6.0,110.0,84.0,31.0,0.0,81.0,27.2,66.7,993.7,0.0,6.6,4.1,74.0,E,-5.17,-6.26,-3.45
631588,2020-09-14,2020,PIT,2020-09-14 16:10:00,16,3,1,4,3,21,6,9,235,80.8,3,28,0.1071,0.3333,2.0,7.0,4.0,5.0,119.0,80.9,35.0,0.4,1.0,14.0,2.0,4.0,116.0,80.7,35.0,0.25,76.6,24.8,50.3,1005.8,0.0,13.8,8.6,50.7,NE,-6.51,-10.28,-1.96
631590,2020-09-14,2020,PIT,2020-08-16 13:10:00,13,9,4,13,5,20,12,13,295,81.3,6,30,0.2,0.3846,3.0,9.0,9.0,5.0,155.0,80.5,38.0,0.6,2.0,11.0,3.0,8.0,140.0,82.2,32.0,0.25,77.1,25.0,75.7,996.3,9.0,13.0,8.1,307.3,NW,12.53,10.64,12.91
631574,2020-09-15,2020,PIT,2020-09-15 18:40:00,18,4,1,5,1,18,4,11,272,84.8,2,44,0.0455,0.0909,1.0,9.0,1.0,6.0,121.0,83.9,34.0,0.1667,0.0,9.0,3.0,5.0,151.0,85.6,43.0,0.0,68.1,20.1,59.7,1002.8,0.0,6.8,4.2,91.6,E,-6.35,-6.8,-5.14
631575,2020-09-16,2020,PIT,2020-09-16 18:40:00,18,1,0,1,0,20,2,8,255,82.5,0,37,0.0,0.0,0.0,9.0,1.0,5.0,141.0,80.4,44.0,0.0,0.0,11.0,1.0,3.0,114.0,85.3,34.0,0.0,73.0,22.8,59.7,998.1,0.0,5.6,3.5,278.4,W,5.46,5.6,4.66
631576,2020-09-18,2020,CWS,2020-09-18 19:10:00,19,7,1,8,4,19,7,12,303,79.8,6,42,0.1429,0.3333,4.0,9.0,4.0,8.0,153.0,82.4,43.0,0.5,0.0,10.0,3.0,4.0,150.0,77.2,44.0,0.0,59.5,15.3,47.3,1005.0,0.0,12.3,7.6,29.3,NE,-1.46,-5.54,2.79
631577,2020-09-19,2020,CWS,2020-09-19 19:07:00,19,0,5,5,5,20,7,14,286,82.3,7,46,0.1522,0.3571,0.0,12.0,5.0,6.0,138.0,85.6,30.0,0.0,5.0,8.0,2.0,8.0,148.0,80.2,49.0,0.625,58.8,14.9,51.3,1006.3,0.0,7.9,4.9,60.3,NE,-4.85,-6.69,-2.42
631578,2020-09-20,2020,CWS,2020-09-20 13:10:00,13,7,3,10,2,24,15,11,361,80.0,2,37,0.0541,0.1818,1.0,10.0,10.0,5.0,190.0,80.5,50.0,0.2,1.0,14.0,4.0,6.0,171.0,79.3,41.0,0.1667,67.4,19.7,35.7,1010.9,0.0,14.6,9.1,82.7,E,-12.69,-14.42,-9.44
631579,2020-09-21,2020,MIL,2020-09-21 18:40:00,18,6,3,9,5,24,7,14,282,81.1,4,38,0.1053,0.3571,3.0,12.0,3.0,8.0,145.0,81.3,39.0,0.375,2.0,12.0,4.0,6.0,137.0,81.0,44.0,0.3333,65.3,18.5,50.3,1007.3,0.0,7.2,4.5,115.3,SE,-7.19,-6.64,-6.88
631580,2020-09-22,2020,MIL,2020-09-22 18:40:00,18,2,3,5,2,25,3,9,260,84.2,3,39,0.0769,0.2222,1.0,14.0,1.0,4.0,124.0,83.9,30.0,0.25,1.0,11.0,2.0,5.0,136.0,84.5,34.0,0.2,68.1,20.1,50.3,1001.5,0.0,4.1,2.6,250.8,W,3.08,3.84,1.96
631583,2020-09-23,2020,MIL,2020-09-23 18:40:00,18,6,1,7,3,20,4,11,255,80.7,1,42,0.0238,0.2727,3.0,8.0,3.0,6.0,142.0,80.2,42.0,0.5,0.0,12.0,1.0,5.0,113.0,81.4,33.0,0.0,69.2,20.7,63.0,998.6,0.0,6.0,3.7,244.3,SW,4.0,5.29,2.23
634636,2021-04-01,2021,STL,2021-04-01 16:10:00,16,6,11,17,4,15,8,20,322,82.1,8,58,0.1379,0.2,2.0,8.0,5.0,10.0,176.0,82.1,53.0,0.2,2.0,7.0,3.0,10.0,146.0,82.2,52.0,0.2,34.7,1.5,41.3,1010.7,0.0,22.4,13.9,327.3,NW,18.41,12.92,21.69
634654,2021-04-03,2021,STL,2021-04-03 16:10:00,16,9,6,15,5,21,8,19,322,83.2,5,49,0.102,0.2632,2.0,8.0,3.0,12.0,152.0,82.0,41.0,0.1667,3.0,13.0,5.0,7.0,170.0,84.3,47.0,0.4286,59.5,15.3,32.7,1005.4,0.0,18.0,11.2,220.7,SW,5.6,11.1,-0.57
634560,2021-04-04,2021,STL,2021-04-04 13:10:00,13,12,1,13,2,14,7,14,297,80.7,6,51,0.1176,0.1429,2.0,5.0,5.0,9.0,153.0,80.7,48.0,0.2222,0.0,9.0,2.0,5.0,144.0,80.6,50.0,0.0,65.8,18.8,45.0,1004.1,0.0,5.0,3.1,241.0,SW,3.09,4.23,1.58
634558,2021-04-05,2021,PIT,2021-04-05 18:40:00,18,5,3,8,5,28,8,13,306,81.8,6,37,0.1622,0.3846,2.0,13.0,5.0,8.0,159.0,85.9,39.0,0.25,3.0,15.0,3.0,5.0,147.0,78.0,42.0,0.6,68.2,20.1,46.7,997.1,0.0,10.1,6.3,219.6,SW,2.97,6.1,-0.51
634530,2021-04-06,2021,PIT,2021-04-06 18:40:00,18,14,1,15,3,14,4,22,264,84.0,5,58,0.0862,0.1364,2.0,8.0,3.0,17.0,151.0,86.4,50.0,0.1176,1.0,6.0,1.0,5.0,113.0,81.1,41.0,0.2,70.0,21.1,56.7,995.9,0.0,9.8,6.1,205.3,SW,0.48,3.79,-2.89
634570,2021-04-07,2021,PIT,2021-04-07 12:35:00,12,11,4,15,5,18,7,17,249,84.6,5,47,0.1064,0.2941,4.0,9.0,5.0,10.0,133.0,87.5,35.0,0.4,1.0,9.0,2.0,7.0,116.0,82.1,40.0,0.1429,76.1,24.5,45.3,996.0,0.0,11.4,7.1,199.0,S,-0.7,3.24,-4.55
634482,2021-04-16,2021,CLE,2021-04-16 19:10:00,19,10,3,13,4,16,8,21,306,84.1,6,54,0.1111,0.1905,2.0,10.0,3.0,11.0,167.0,79.8,49.0,0.1818,2.0,6.0,4.0,10.0,139.0,89.2,42.0,0.2,53.8,12.1,58.3,993.5,0.0,7.8,4.8,286.7,W,7.76,7.56,7.02
634460,2021-04-17,2021,CLE,2021-04-17 16:10:00,16,3,2,5,2,26,10,18,311,83.2,6,47,0.1277,0.1111,1.0,12.0,5.0,10.0,159.0,84.7,39.0,0.1,1.0,14.0,2.0,8.0,152.0,81.8,42.0,0.125,52.5,11.4,71.7,994.1,1.0,6.9,4.3,276.6,W,6.6,6.85,5.56
634487,2021-04-18,2021,CLE,2021-04-18 13:10:00,13,3,6,9,4,24,4,15,270,80.3,5,45,0.1111,0.2667,1.0,16.0,2.0,7.0,123.0,81.2,39.0,0.1429,3.0,8.0,2.0,8.0,147.0,79.5,42.0,0.375,60.4,15.8,33.7,994.7,0.0,14.0,8.7,286.0,W,13.94,13.65,12.56
634408,2021-04-20,2021,AZ,2021-04-20 18:40:00,18,4,5,9,2,21,14,15,367,82.1,4,48,0.0833,0.1333,1.0,10.0,6.0,6.0,173.0,82.2,55.0,0.1667,1.0,11.0,7.0,9.0,194.0,81.9,46.0,0.1111,52.3,11.3,57.0,992.4,0.1,18.3,11.4,343.6,N,11.51,5.93,15.7
634444,2021-04-21,2021,AZ,2021-04-21 18:50:00,18,5,8,13,1,22,11,15,341,80.5,2,49,0.0408,0.0667,0.0,6.0,4.0,9.0,153.0,82.9,46.0,0.0,1.0,16.0,6.0,6.0,188.0,78.4,50.0,0.1667,42.0,5.6,45.0,1000.5,0.0,12.6,7.8,278.4,W,12.22,12.53,10.43
634514,2021-04-22,2021,AZ,2021-04-22 12:35:00,12,11,14,25,8,22,12,27,394,83.4,11,66,0.1667,0.2963,6.0,13.0,4.0,13.0,179.0,81.6,68.0,0.4615,2.0,9.0,8.0,14.0,215.0,85.2,66.0,0.1429,48.5,9.2,47.7,1002.9,0.2,17.9,11.1,277.3,W,17.24,17.8,14.61
634305,2021-04-30,2021,CHC,2021-04-30 19:10:00,19,8,6,14,4,19,8,20,338,81.6,6,52,0.1154,0.2,3.0,12.0,1.0,10.0,144.0,81.8,46.0,0.3,1.0,7.0,7.0,10.0,194.0,81.6,54.0,0.1,54.5,12.5,34.7,1001.2,0.0,21.1,13.1,330.7,NW,16.56,11.11,20.02
634273,2021-05-01,2021,CHC,2021-05-01 16:10:00,16,2,3,5,0,24,5,15,285,81.1,4,43,0.093,0.0,0.0,11.0,3.0,6.0,139.0,81.7,39.0,0.0,0.0,13.0,2.0,9.0,146.0,80.7,52.0,0.0,68.9,20.5,33.7,996.1,0.0,17.7,11.0,214.0,SW,3.52,9.23,-2.61
634298,2021-05-02,2021,CHC,2021-05-02 13:10:00,13,13,12,25,10,18,8,30,345,84.8,7,64,0.1094,0.3333,5.0,9.0,5.0,16.0,182.0,85.3,69.0,0.3125,5.0,9.0,2.0,14.0,163.0,84.1,48.0,0.3571,77.1,25.0,38.0,991.8,0.0,18.6,11.6,219.0,SW,5.29,11.08,-1.14
634251,2021-05-04,2021,CWS,2021-05-04 18:40:00,18,0,9,9,1,25,9,14,331,83.4,1,43,0.0233,0.0714,0.0,14.0,4.0,2.0,138.0,80.3,31.0,0.0,1.0,11.0,5.0,12.0,193.0,85.1,58.0,0.0833,63.4,17.5,87.3,989.0,1.3,17.1,10.6,339.3,N,11.69,6.73,15.24
634270,2021-05-05,2021,CWS,2021-05-05 12:35:00,12,1,0,1,0,16,11,7,293,78.7,0,44,0.0,0.0,0.0,5.0,6.0,5.0,160.0,76.6,50.0,0.0,0.0,11.0,4.0,2.0,133.0,81.2,41.0,0.0,58.8,14.9,46.7,998.3,0.0,18.7,11.6,323.3,NW,16.03,11.79,18.33
634070,2021-05-17,2021,SF,2021-05-17 18:40:00,18,3,6,9,5,14,8,18,297,82.8,5,55,0.0909,0.2778,2.0,7.0,3.0,10.0,148.0,84.1,46.0,0.2,3.0,7.0,5.0,8.0,149.0,81.4,38.0,0.375,65.4,18.5,76.0,1003.8,0.0,12.1,7.5,111.4,E,-12.06,-11.42,-11.25
634058,2021-05-18,2021,SF,2021-05-18 18:40:00,18,2,4,6,4,25,6,16,290,83.5,2,44,0.0455,0.25,2.0,8.0,2.0,8.0,129.0,83.3,45.0,0.25,2.0,17.0,3.0,8.0,161.0,83.7,37.0,0.25,73.6,23.1,58.0,1004.4,0.0,10.6,6.6,129.1,SE,-10.13,-8.48,-10.55
634061,2021-05-19,2021,SF,2021-05-19 18:40:00,18,0,4,4,0,20,5,12,293,80.2,3,45,0.0667,0.0,0.0,10.0,3.0,3.0,138.0,79.1,43.0,0.0,0.0,10.0,2.0,9.0,155.0,81.4,42.0,0.0,76.3,24.6,58.7,1006.0,0.0,6.4,4.0,181.3,S,-2.32,-0.14,-4.22
634020,2021-05-20,2021,SF,2021-05-20 12:35:00,12,4,19,23,5,22,8,26,390,82.2,5,57,0.0877,0.1923,1.0,12.0,2.0,10.0,185.0,80.4,63.0,0.1,4.0,10.0,6.0,16.0,205.0,84.1,61.0,0.25,81.1,27.3,46.7,1008.7,0.0,5.6,3.5,192.7,S,-0.96,1.0,-2.8
634027,2021-05-21,2021,MIL,2021-05-21 19:10:00,19,9,4,13,4,19,12,15,338,81.9,5,46,0.1087,0.2667,4.0,8.0,8.0,9.0,170.0,82.1,45.0,0.4444,0.0,11.0,4.0,6.0,168.0,81.7,55.0,0.0,77.8,25.4,56.7,1010.1,0.0,4.5,2.8,250.8,W,3.36,4.18,2.13
634017,2021-05-22,2021,MIL,2021-05-22 16:10:00,16,3,4,7,4,23,5,13,289,82.5,3,42,0.0714,0.3077,2.0,10.0,0.0,7.0,141.0,85.2,44.0,0.2857,2.0,13.0,5.0,6.0,148.0,79.3,39.0,0.3333,82.5,28.1,38.0,1007.4,0.0,10.4,6.5,294.7,NW,10.43,9.66,9.93
633989,2021-05-23,2021,MIL,2021-05-23 13:10:00,13,4,9,13,4,18,9,16,352,82.0,4,53,0.0755,0.25,2.0,10.0,4.0,7.0,183.0,81.5,54.0,0.2857,2.0,8.0,5.0,9.0,169.0,82.4,54.0,0.2222,82.0,27.8,48.0,1004.3,0.0,14.1,8.7,313.0,NW,13.18,10.7,14.07
633983,2021-05-31,2021,PHI,2021-05-31 14:10:00,14,11,1,12,2,13,8,19,298,79.2,1,57,0.0175,0.1053,2.0,5.0,4.0,11.0,148.0,77.8,53.0,0.1818,0.0,8.0,4.0,8.0,150.0,81.0,43.0,0.0,71.0,21.7,43.0,1006.0,0.0,7.9,4.9,128.7,SE,-7.56,-6.35,-7.85
633868,2021-06-01,2021,PHI,2021-06-01 19:10:00,19,3,17,20,8,14,9,27,343,82.0,5,62,0.0806,0.2963,1.0,3.0,3.0,9.0,139.0,81.4,51.0,0.1111,7.0,11.0,6.0,18.0,204.0,82.6,59.0,0.3889,69.1,20.6,66.7,1002.5,0.0,5.1,3.2,225.9,SW,2.02,3.5,0.3
633801,2021-06-08,2021,MIL,2021-06-08 19:10:00,19,1,5,6,1,21,15,13,322,82.3,1,44,0.0227,0.0769,0.0,11.0,6.0,6.0,148.0,83.1,40.0,0.0,1.0,10.0,7.0,7.0,174.0,81.6,44.0,0.1429,74.1,23.4,92.0,999.2,2.5,3.7,2.3,180.9,S,-1.36,-0.1,-2.46
633791,2021-06-09,2021,MIL,2021-06-09 19:10:00,19,7,3,10,1,17,11,17,293,83.9,2,51,0.0392,0.0588,0.0,7.0,7.0,8.0,151.0,81.9,48.0,0.0,1.0,10.0,4.0,9.0,142.0,86.0,46.0,0.1111,73.2,22.9,88.0,996.7,0.2,6.5,4.0,133.9,SE,-6.05,-4.88,-6.5
633757,2021-06-10,2021,MIL,2021-06-10 12:35:00,12,2,7,9,2,26,6,14,328,80.8,0,42,0.0,0.1429,1.0,15.0,2.0,6.0,153.0,80.1,47.0,0.1667,1.0,11.0,3.0,8.0,175.0,81.4,49.0,0.125,80.1,26.7,66.0,995.4,0.3,2.4,1.5,250.8,W,1.79,2.23,1.14
633741,2021-06-11,2021,COL,2021-06-11 19:10:00,19,11,5,16,7,18,7,17,302,83.4,8,52,0.1538,0.4118,5.0,7.0,6.0,10.0,157.0,84.1,50.0,0.5,2.0,11.0,1.0,7.0,145.0,82.7,48.0,0.2857,76.6,24.8,86.3,990.2,0.0,6.5,4.0,278.9,W,6.32,6.46,5.42
633730,2021-06-12,2021,COL,2021-06-12 16:10:00,16,10,3,13,0,12,6,21,291,80.0,1,57,0.0175,0.0,0.0,7.0,4.0,14.0,148.0,81.5,51.0,0.0,0.0,5.0,2.0,7.0,143.0,78.6,52.0,0.0,84.3,29.0,62.3,991.4,0.1,7.0,4.3,42.7,NE,-2.41,-4.51,-0.02
633711,2021-06-13,2021,COL,2021-06-13 13:10:00,13,6,2,8,2,19,7,15,287,84.0,3,46,0.0652,0.1333,1.0,6.0,1.0,9.0,125.0,87.5,39.0,0.1111,1.0,13.0,6.0,6.0,162.0,80.5,38.0,0.1667,82.3,27.9,68.3,994.4,1.4,7.5,4.6,307.3,NW,7.22,6.13,7.44
633514,2021-06-24,2021,ATL,2021-06-24 19:10:00,19,5,3,8,3,20,12,16,303,84.1,6,46,0.1304,0.1875,1.0,8.0,7.0,8.0,150.0,84.0,45.0,0.125,2.0,12.0,4.0,8.0,153.0,84.2,48.0,0.25,79.4,26.3,58.3,1000.1,0.0,8.0,5.0,203.6,SW,0.15,2.89,-2.61
633521,2021-06-25,2021,ATL,2021-06-25 19:10:00,19,2,3,5,3,13,2,20,269,84.4,8,59,0.1356,0.15,1.0,5.0,0.0,11.0,125.0,84.8,47.0,0.0909,2.0,8.0,2.0,9.0,144.0,84.1,48.0,0.2222,81.1,27.3,66.0,996.7,0.0,18.8,11.7,179.7,S,-7.3,-0.93,-12.78
633510,2021-06-26,2021,ATL,2021-06-26 16:10:00,16,4,1,5,2,21,5,14,271,82.7,3,42,0.0714,0.1429,2.0,12.0,1.0,6.0,126.0,81.9,41.0,0.3333,0.0,9.0,4.0,8.0,145.0,83.4,48.0,0.0,86.4,30.2,48.7,997.5,0.0,22.0,13.7,198.3,S,-1.6,6.0,-9.01
633493,2021-06-27,2021,ATL,2021-06-27 13:10:00,13,0,4,4,2,26,6,9,314,80.4,3,36,0.0833,0.2222,0.0,14.0,4.0,2.0,162.0,79.1,38.0,0.0,2.0,12.0,1.0,7.0,152.0,81.5,42.0,0.2857,86.3,30.2,52.7,1000.2,0.2,18.1,11.3,220.7,SW,5.65,11.21,-0.58
633867,2021-06-28,2021,PHI,2021-06-02 12:35:00,12,12,4,16,2,19,8,20,303,79.6,4,52,0.0769,0.1,2.0,10.0,4.0,12.0,167.0,81.6,55.0,0.1667,0.0,9.0,4.0,8.0,136.0,77.0,45.0,0.0,64.9,18.3,93.3,998.7,3.9,12.2,7.6,157.3,SE,-8.63,-5.17,-11.04
633454,2021-06-29,2021,SD,2021-06-29 19:10:00,19,4,5,9,2,24,9,20,332,82.0,3,50,0.06,0.1,1.0,14.0,2.0,8.0,150.0,80.5,44.0,0.125,1.0,10.0,7.0,12.0,182.0,83.5,47.0,0.0833,82.0,27.8,75.7,1002.8,3.9,4.7,2.9,246.3,SW,3.25,4.22,1.9
633435,2021-06-30,2021,SD,2021-06-30 19:10:00,19,5,7,12,6,8,7,12,190,83.8,6,33,0.1818,0.5,2.0,3.0,3.0,5.0,94.0,84.4,30.0,0.4,4.0,5.0,4.0,7.0,96.0,83.2,30.0,0.5714,76.5,24.7,88.3,999.0,6.2,5.1,3.2,10.1,N,1.1,-0.67,2.74
633480,2021-07-01,2021,SD,2021-07-01 19:10:00,19,5,4,9,1,17,11,22,338,81.6,4,56,0.0714,0.0455,1.0,7.0,6.0,15.0,191.0,82.8,60.0,0.0667,0.0,10.0,3.0,7.0,147.0,80.0,46.0,0.0,75.6,24.2,76.0,993.6,0.2,5.9,3.7,269.9,W,5.45,5.89,4.34
633462,2021-07-02,2021,CHC,2021-07-02 19:10:00,19,2,1,3,0,26,3,10,294,80.4,1,35,0.0286,0.0,0.0,12.0,1.0,4.0,132.0,80.2,39.0,0.0,0.0,14.0,2.0,6.0,162.0,80.7,45.0,0.0,70.3,21.3,53.0,996.2,0.0,9.4,5.8,344.5,N,5.76,2.89,7.94
633441,2021-07-03,2021,CHC,2021-07-03 16:10:00,16,3,2,5,3,22,6,12,264,83.6,3,40,0.075,0.25,2.0,9.0,2.0,5.0,103.0,81.7,35.0,0.4,1.0,13.0,4.0,7.0,161.0,85.4,40.0,0.1429,79.2,26.2,42.0,995.7,0.0,11.8,7.3,298.7,NW,11.7,10.56,11.43
633428,2021-07-04,2021,CHC,2021-07-04 13:10:00,13,3,2,5,0,10,3,18,254,78.7,0,55,0.0,0.0,0.0,7.0,1.0,7.0,127.0,74.4,48.0,0.0,0.0,3.0,2.0,11.0,127.0,83.1,48.0,0.0,85.4,29.7,56.7,996.0,0.1,12.6,7.8,323.0,NW,10.89,8.04,12.42
633263,2021-07-16,2021,MIL,2021-07-16 19:10:00,19,6,11,17,4,20,9,19,330,81.6,5,52,0.0962,0.2105,1.0,6.0,5.0,7.0,157.0,81.5,50.0,0.1429,3.0,14.0,4.0,12.0,173.0,81.7,54.0,0.25,79.2,26.2,76.0,996.5,0.0,9.7,6.0,182.9,S,-3.24,0.07,-6.16
633253,2021-07-17,2021,MIL,2021-07-17 19:10:00,19,4,7,11,1,24,11,19,393,79.3,1,61,0.0164,0.0526,1.0,13.0,6.0,5.0,199.0,79.6,61.0,0.2,0.0,11.0,4.0,14.0,194.0,79.1,77.0,0.0,78.3,25.7,68.7,999.5,0.0,7.4,4.6,356.3,N,3.29,0.81,5.37
633252,2021-07-18,2021,MIL,2021-07-18 13:10:00,13,0,8,8,2,25,6,16,297,80.4,2,44,0.0455,0.125,0.0,14.0,1.0,5.0,118.0,79.4,32.0,0.0,2.0,11.0,5.0,11.0,179.0,81.1,50.0,0.1818,80.4,26.9,50.7,1003.1,0.0,12.4,7.7,85.7,E,-11.09,-12.34,-8.51
633271,2021-07-19,2021,NYM,2021-07-19 19:10:00,19,11,15,26,7,21,7,34,399,82.4,5,79,0.0633,0.2059,0.0,11.0,4.0,16.0,209.0,82.4,72.0,0.0,7.0,10.0,3.0,18.0,190.0,82.4,70.0,0.3889,79.0,26.1,53.3,999.6,0.0,9.8,6.1,5.6,N,2.85,-0.54,5.9
633234,2021-07-20,2021,NYM,2021-07-20 19:10:00,19,4,3,7,4,21,7,19,290,83.1,7,47,0.1489,0.2105,3.0,9.0,4.0,10.0,137.0,82.4,44.0,0.3,1.0,12.0,3.0,9.0,153.0,83.7,48.0,0.1111,80.4,26.9,61.3,996.9,0.0,7.9,4.9,319.3,NW,7.08,5.43,7.88
633196,2021-07-21,2021,NYM,2021-07-21 12:35:00,12,0,7,7,3,14,7,10,278,79.2,0,50,0.0,0.3,0.0,10.0,1.0,1.0,108.0,77.4,35.0,0.0,3.0,4.0,6.0,9.0,170.0,80.3,60.0,0.3333,80.4,26.9,56.0,1000.5,0.0,12.6,7.8,356.0,N,5.61,1.42,9.12
633184,2021-07-23,2021,STL,2021-07-23 19:10:00,19,6,5,11,3,19,7,23,312,80.9,5,54,0.0926,0.1304,1.0,6.0,2.0,14.0,139.0,81.4,51.0,0.0714,2.0,13.0,5.0,9.0,173.0,80.4,45.0,0.2222,80.3,26.8,56.0,1000.5,0.0,5.9,3.7,117.1,SE,-5.91,-5.4,-5.72
633175,2021-07-24,2021,STL,2021-07-24 19:10:00,19,5,3,8,2,15,7,18,275,85.3,4,53,0.0755,0.1111,2.0,6.0,3.0,9.0,128.0,86.2,44.0,0.2222,0.0,9.0,3.0,9.0,147.0,84.4,45.0,0.0,83.3,28.5,58.3,995.4,0.0,12.5,7.8,235.9,SW,6.9,10.07,2.91
633177,2021-07-25,2021,STL,2021-07-25 13:10:00,13,6,10,16,5,22,15,22,369,80.7,7,52,0.1346,0.2273,1.0,12.0,9.0,10.0,182.0,77.8,59.0,0.1,4.0,10.0,6.0,12.0,187.0,84.0,52.0,0.3333,83.4,28.6,74.3,995.8,0.2,8.5,5.3,289.7,W,8.52,8.15,7.87
633045,2021-08-03,2021,MIN,2021-08-03 19:10:00,19,5,7,12,5,22,9,18,323,81.0,5,47,0.1064,0.2778,3.0,13.0,3.0,9.0,139.0,81.6,45.0,0.3333,2.0,9.0,6.0,9.0,184.0,80.6,58.0,0.2222,75.0,23.9,46.0,998.4,0.0,8.3,5.1,48.0,NE,-3.56,-5.9,-0.79
633071,2021-08-04,2021,MIN,2021-08-04 12:35:00,12,6,5,11,2,18,10,20,340,80.8,3,50,0.06,0.1,1.0,7.0,5.0,9.0,159.0,77.9,52.0,0.1111,1.0,11.0,5.0,11.0,181.0,83.3,62.0,0.0909,79.5,26.4,38.3,1000.9,0.0,14.7,9.2,47.3,NE,-6.19,-10.39,-1.24
633034,2021-08-05,2021,PIT,2021-08-05 19:10:00,19,7,4,11,3,22,5,17,311,81.6,3,44,0.0682,0.1765,3.0,12.0,2.0,9.0,152.0,83.6,37.0,0.3333,0.0,10.0,3.0,8.0,159.0,80.0,48.0,0.0,79.3,26.3,57.7,999.6,0.0,4.0,2.5,235.5,SW,2.2,3.22,0.91
633002,2021-08-06,2021,PIT,2021-08-06 19:10:00,19,10,0,10,3,17,7,16,276,78.7,4,48,0.0833,0.1875,3.0,9.0,5.0,9.0,149.0,78.4,52.0,0.3333,0.0,8.0,2.0,7.0,127.0,78.9,45.0,0.0,81.2,27.3,49.7,998.7,0.0,6.9,4.3,259.0,W,5.75,6.71,4.1
632999,2021-08-07,2021,PIT,2021-08-07 19:10:00,19,11,3,14,4,17,7,23,313,83.4,5,52,0.0962,0.1739,3.0,8.0,5.0,14.0,164.0,83.5,54.0,0.2143,1.0,9.0,2.0,9.0,149.0,83.3,46.0,0.1111,81.6,27.6,58.3,997.7,0.0,4.2,2.6,194.3,S,-0.59,0.85,-1.97
633009,2021-08-08,2021,PIT,2021-08-08 13:10:00,13,3,2,5,1,20,4,12,266,78.3,2,43,0.0465,0.0833,0.0,9.0,2.0,6.0,133.0,79.5,47.0,0.0,1.0,11.0,1.0,6.0,133.0,77.0,44.0,0.1667,86.9,30.5,44.7,999.1,0.2,7.9,4.9,219.4,SW,2.3,4.76,-0.43
632878,2021-08-16,2021,CHC,2021-08-16 19:10:00,19,14,5,19,3,19,9,24,354,78.1,2,55,0.0364,0.125,3.0,10.0,8.0,14.0,204.0,77.2,66.0,0.2143,0.0,9.0,1.0,10.0,150.0,79.4,50.0,0.0,75.2,24.0,82.0,997.7,0.0,6.6,4.1,122.7,SE,-6.46,-5.68,-6.47
632871,2021-08-17,2021,CHC,2021-08-17 19:10:00,19,1,2,3,2,16,5,16,243,82.2,2,49,0.0408,0.125,1.0,7.0,3.0,5.0,133.0,76.8,49.0,0.2,1.0,9.0,2.0,11.0,110.0,89.3,37.0,0.0909,76.4,24.7,81.3,996.8,0.0,7.4,4.6,106.0,E,-7.32,-7.16,-6.59
632839,2021-08-18,2021,CHC,2021-08-18 12:35:00,12,1,7,8,4,20,5,18,288,81.6,5,49,0.102,0.2222,1.0,10.0,2.0,6.0,139.0,80.0,49.0,0.1667,3.0,10.0,3.0,12.0,149.0,83.5,41.0,0.25,83.0,28.3,61.3,1000.7,0.4,7.5,4.7,284.6,W,7.46,7.37,6.66
632816,2021-08-19,2021,MIA,2021-08-19 19:10:00,19,6,1,7,1,16,5,17,263,81.7,3,48,0.0625,0.0588,1.0,6.0,3.0,9.0,132.0,81.0,45.0,0.1111,0.0,10.0,1.0,8.0,131.0,82.6,38.0,0.0,78.5,25.8,72.0,998.1,0.0,4.8,3.0,128.3,SE,-4.59,-3.86,-4.75
632832,2021-08-20,2021,MIA,2021-08-20 19:10:00,19,5,3,8,3,17,5,10,240,81.1,3,45,0.0667,0.3,2.0,8.0,1.0,6.0,105.0,81.5,43.0,0.3333,1.0,9.0,3.0,4.0,135.0,80.7,41.0,0.25,80.8,27.1,62.7,994.6,0.0,5.5,3.4,101.7,E,-5.43,-5.46,-4.75
632797,2021-08-21,2021,MIA,2021-08-21 18:40:00,18,7,4,11,1,9,9,16,256,81.3,1,50,0.02,0.0625,1.0,4.0,2.0,8.0,126.0,83.2,47.0,0.125,0.0,5.0,6.0,8.0,130.0,78.9,36.0,0.0,85.2,29.6,50.0,992.4,0.0,5.3,3.3,98.3,E,-5.17,-5.31,-4.41
632801,2021-08-22,2021,MIA,2021-08-22 13:10:00,13,3,1,4,3,21,5,9,268,80.5,3,38,0.0789,0.3333,3.0,12.0,2.0,6.0,141.0,81.9,41.0,0.5,0.0,9.0,2.0,3.0,127.0,79.1,42.0,0.0,87.9,31.1,46.3,996.1,0.0,5.0,3.1,33.3,NE,-0.95,-2.58,0.8
632692,2021-08-30,2021,STL,2021-08-30 18:40:00,18,1,3,4,2,18,4,10,277,82.7,2,46,0.0435,0.2,1.0,7.0,2.0,2.0,125.0,81.7,42.0,0.5,1.0,11.0,2.0,8.0,152.0,83.6,47.0,0.125,77.7,25.4,84.0,994.3,0.0,5.9,3.6,226.9,SW,2.42,4.1,0.45
632699,2021-09-01,2021,STL,2021-08-31 18:40:00,18,4,5,9,3,13,3,23,228,83.0,3,49,0.0612,0.1304,0.0,6.0,1.0,9.0,108.0,79.0,46.0,0.0,3.0,7.0,2.0,14.0,120.0,87.6,41.0,0.2143,72.4,22.5,92.7,988.0,2.6,8.4,5.2,57.1,NE,-4.76,-6.84,-2.11
632731,2021-09-01,2021,STL,2021-09-01 18:40:00,18,12,2,14,6,12,7,15,259,82.0,4,42,0.0952,0.4,4.0,7.0,7.0,12.0,155.0,82.8,49.0,0.3333,2.0,5.0,0.0,3.0,104.0,81.0,35.0,0.6667,76.4,24.7,50.3,992.3,0.0,16.0,9.9,2.7,N,5.43,-0.05,10.25
632654,2021-09-03,2021,DET,2021-09-03 19:10:00,19,5,15,20,7,22,9,27,390,81.7,7,59,0.1186,0.2593,2.0,13.0,6.0,9.0,199.0,80.3,66.0,0.2222,5.0,9.0,3.0,18.0,191.0,83.0,67.0,0.2778,71.7,22.0,53.7,999.1,0.0,8.1,5.0,93.3,E,-7.62,-8.07,-6.25
632649,2021-09-04,2021,DET,2021-09-04 19:10:00,19,7,4,11,2,20,10,18,306,78.9,2,47,0.0426,0.1111,1.0,8.0,5.0,10.0,155.0,78.3,52.0,0.1,1.0,12.0,5.0,8.0,151.0,79.5,48.0,0.125,72.4,22.4,78.0,993.9,1.7,10.8,6.7,207.9,SW,1.03,4.65,-2.72
632618,2021-09-05,2021,DET,2021-09-05 13:10:00,13,1,4,5,0,16,5,12,273,77.7,0,47,0.0,0.0,0.0,6.0,2.0,6.0,145.0,77.9,63.0,0.0,0.0,10.0,3.0,6.0,128.0,77.3,44.0,0.0,76.2,24.6,65.0,993.5,0.2,12.6,7.8,349.7,N,6.85,2.81,10.07
632470,2021-09-17,2021,LAD,2021-09-17 19:10:00,19,3,1,4,0,19,4,12,254,82.3,1,43,0.0233,0.0,0.0,7.0,2.0,6.0,118.0,81.9,44.0,0.0,0.0,12.0,2.0,6.0,136.0,82.8,41.0,0.0,76.9,24.9,78.3,1000.1,0.0,4.5,2.8,92.9,E,-4.21,-4.47,-3.44
632455,2021-09-18,2021,LAD,2021-09-18 14:10:00,14,1,5,6,0,18,6,10,257,79.7,0,49,0.0,0.0,0.0,8.0,3.0,3.0,126.0,79.3,39.0,0.0,0.0,10.0,3.0,7.0,131.0,80.1,42.0,0.0,84.5,29.2,56.0,1001.3,0.0,3.0,1.8,74.6,E,-2.34,-2.82,-1.57
632432,2021-09-19,2021,LAD,2021-09-19 13:10:00,13,5,8,13,5,22,7,20,308,78.5,4,48,0.0833,0.25,2.0,14.0,2.0,8.0,139.0,76.1,41.0,0.25,3.0,8.0,5.0,12.0,169.0,80.6,46.0,0.25,85.8,29.9,43.7,1001.0,0.0,12.2,7.6,119.7,SE,-12.07,-10.82,-11.86
632435,2021-09-20,2021,PIT,2021-09-20 18:40:00,18,9,5,14,6,19,6,19,314,84.1,6,50,0.12,0.3158,4.0,9.0,5.0,11.0,184.0,83.2,67.0,0.3636,2.0,10.0,1.0,8.0,130.0,85.4,45.0,0.25,70.9,21.6,92.0,999.1,1.8,12.8,7.9,153.7,SE,-9.61,-6.16,-11.91
632403,2021-09-21,2021,PIT,2021-09-21 18:40:00,18,2,6,8,1,20,11,20,321,80.9,0,50,0.0,0.05,0.0,6.0,6.0,10.0,145.0,83.1,43.0,0.0,1.0,14.0,5.0,10.0,176.0,79.2,56.0,0.1,73.3,23.0,83.7,997.0,3.7,5.9,3.7,142.2,SE,-5.13,-3.82,-5.82
632387,2021-09-23,2021,WSH,2021-09-23 18:40:00,18,2,3,5,2,21,8,14,298,80.3,2,46,0.0435,0.1429,0.0,11.0,5.0,6.0,144.0,78.6,41.0,0.0,2.0,10.0,2.0,8.0,154.0,81.9,46.0,0.25,61.1,16.2,55.0,996.0,0.0,11.7,7.2,272.3,W,10.95,11.67,8.91
632364,2021-09-24,2021,WSH,2021-09-24 19:10:00,19,8,7,15,6,17,12,21,416,78.5,5,65,0.0769,0.2857,4.0,7.0,2.0,12.0,201.0,79.3,75.0,0.3333,2.0,10.0,8.0,9.0,215.0,77.6,58.0,0.2222,63.1,17.3,57.3,998.8,0.0,8.5,5.3,212.0,SW,1.4,4.17,-1.54
632338,2021-09-25,2021,WSH,2021-09-25 19:10:00,19,7,6,13,3,13,10,22,323,78.8,2,57,0.0351,0.1364,1.0,5.0,5.0,11.0,164.0,79.2,51.0,0.0909,2.0,8.0,5.0,11.0,159.0,78.5,52.0,0.1818,60.0,15.5,57.7,998.7,0.0,7.5,4.6,261.9,W,6.43,7.34,4.74
632333,2021-09-26,2021,WSH,2021-09-26 13:10:00,13,9,2,11,3,15,15,18,362,82.3,4,56,0.0714,0.1667,3.0,6.0,8.0,14.0,198.0,85.7,61.0,0.2143,0.0,9.0,6.0,4.0,164.0,78.6,54.0,0.0,72.6,22.5,38.7,1000.7,0.0,12.3,7.6,237.7,SW,7.08,10.1,3.22
632388,2021-09-27,2021,PIT,2021-09-22 13:10:00,13,13,1,14,5,18,4,23,340,80.8,6,57,0.1053,0.2174,5.0,8.0,2.0,17.0,194.0,80.4,67.0,0.2941,0.0,10.0,2.0,6.0,146.0,81.3,44.0,0.0,59.4,15.2,88.7,992.8,2.6,16.5,10.2,330.9,NW,12.9,8.62,15.62
663088,2022-04-12,2022,CLE,2022-04-12 16:10:00,16,5,10,15,3,16,8,16,340,79.0,4,49,0.0816,0.1875,1.0,8.0,3.0,5.0,143.0,80.8,49.0,0.2,2.0,8.0,5.0,11.0,197.0,77.8,75.0,0.1818,68.5,20.3,71.3,996.0,0.0,12.7,7.9,159.7,S,-8.61,-4.92,-11.27
663117,2022-04-13,2022,CLE,2022-04-13 12:35:00,12,3,7,10,6,22,4,20,332,78.8,6,51,0.1176,0.3,2.0,12.0,0.0,7.0,151.0,79.1,58.0,0.2857,4.0,10.0,4.0,13.0,181.0,78.5,58.0,0.3077,66.9,19.4,77.3,990.2,0.5,16.8,10.4,196.0,S,-1.9,3.91,-7.48
663169,2022-04-22,2022,STL,2022-04-22 18:40:00,18,2,4,6,0,17,9,19,303,81.0,1,53,0.0189,0.0,0.0,10.0,3.0,9.0,143.0,80.2,50.0,0.0,0.0,7.0,6.0,10.0,160.0,81.7,54.0,0.0,71.7,22.0,55.0,1005.9,0.0,9.8,6.1,112.6,SE,-9.8,-9.2,-9.22
663100,2022-04-23,2022,STL,2022-04-23 16:10:00,16,0,5,5,0,15,9,13,294,79.5,1,47,0.0213,0.0,0.0,6.0,4.0,3.0,120.0,79.5,37.0,0.0,0.0,9.0,5.0,10.0,174.0,79.5,47.0,0.0,81.1,27.3,40.3,999.2,0.0,18.6,11.6,197.3,S,-1.68,4.76,-7.91
663111,2022-04-24,2022,STL,2022-04-24 13:40:00,13,4,1,5,0,15,5,15,254,83.2,2,47,0.0426,0.0,0.0,5.0,4.0,8.0,117.0,82.3,42.0,0.0,0.0,10.0,1.0,7.0,137.0,83.9,51.0,0.0,79.3,26.3,47.3,998.2,0.0,23.3,14.5,210.0,SW,3.04,10.76,-5.04
663079,2022-04-26,2022,SD,2022-04-26 18:40:00,18,6,9,15,3,18,6,20,315,81.4,2,54,0.037,0.15,1.0,8.0,1.0,8.0,136.0,82.0,47.0,0.125,2.0,10.0,5.0,12.0,179.0,80.7,53.0,0.1667,52.3,11.3,47.0,1005.0,0.0,16.7,10.4,291.0,W,16.69,15.84,15.54
663148,2022-04-27,2022,SD,2022-04-27 18:40:00,18,5,8,13,4,19,10,18,332,82.0,3,51,0.0588,0.2222,2.0,14.0,4.0,10.0,175.0,80.6,60.0,0.2,2.0,5.0,6.0,8.0,157.0,83.8,45.0,0.25,56.4,13.5,50.0,1004.4,0.0,10.1,6.3,349.3,N,5.51,2.3,8.06
663078,2022-04-28,2022,SD,2022-04-28 12:35:00,12,5,7,12,0,15,9,19,332,81.9,3,55,0.0545,0.0,0.0,7.0,4.0,8.0,157.0,81.2,52.0,0.0,0.0,8.0,5.0,11.0,175.0,82.6,53.0,0.0,56.0,13.3,46.7,1006.4,0.0,11.1,6.9,99.3,E,-10.78,-10.99,-9.26
663070,2022-05-07,2022,PIT,2022-05-07 18:40:00,18,5,8,13,5,24,11,20,369,80.6,5,48,0.1042,0.25,1.0,10.0,6.0,7.0,170.0,81.4,50.0,0.1429,4.0,14.0,5.0,13.0,199.0,80.0,54.0,0.3077,60.1,15.6,64.0,992.8,0.0,16.2,10.1,38.7,NE,-4.52,-9.58,1.09
663089,2022-05-07,2022,PIT,2022-05-07 12:35:00,12,9,2,11,0,23,7,16,291,81.0,1,43,0.0233,0.0,0.0,11.0,5.0,8.0,158.0,78.2,45.0,0.0,0.0,12.0,2.0,8.0,133.0,84.3,38.0,0.0,57.6,14.2,73.0,990.4,0.4,23.6,14.7,30.3,NE,-3.22,-11.03,4.98
663069,2022-05-08,2022,PIT,2022-05-08 13:40:00,13,7,3,10,4,20,7,9,315,79.5,4,41,0.0976,0.4444,2.0,9.0,4.0,6.0,160.0,80.0,41.0,0.3333,2.0,11.0,3.0,3.0,155.0,79.2,46.0,0.6667,65.2,18.4,49.3,997.3,0.0,13.3,8.3,88.7,E,-12.17,-13.27,-9.59
663101,2022-05-09,2022,MIL,2022-05-09 18:40:00,18,10,5,15,4,21,6,21,325,84.3,5,50,0.1,0.1905,3.0,11.0,3.0,14.0,166.0,85.2,49.0,0.2143,1.0,10.0,3.0,7.0,159.0,83.3,43.0,0.1429,72.9,22.7,55.3,999.2,0.0,14.0,8.7,131.3,SE,-13.22,-10.88,-13.96
663090,2022-05-10,2022,MIL,2022-05-10 18:40:00,18,4,5,9,1,21,12,15,341,81.5,0,46,0.0,0.0667,0.0,13.0,5.0,6.0,167.0,80.1,43.0,0.0,1.0,8.0,7.0,9.0,174.0,82.7,51.0,0.1111,79.8,26.6,66.3,1001.3,0.0,5.6,3.5,165.2,S,-3.39,-1.67,-4.71
663074,2022-05-11,2022,MIL,2022-05-11 12:35:00,12,14,11,25,6,13,10,29,310,83.7,4,65,0.0615,0.2069,1.0,3.0,7.0,14.0,148.0,84.3,52.0,0.0714,5.0,10.0,3.0,15.0,162.0,83.1,52.0,0.3333,82.6,28.1,55.0,1004.1,0.0,8.0,5.0,102.4,E,-7.91,-7.91,-6.95
663073,2022-05-23,2022,CHC,2022-05-23 18:40:00,18,4,7,11,5,23,9,13,310,82.2,8,43,0.186,0.3846,3.0,10.0,4.0,5.0,156.0,78.8,51.0,0.6,2.0,13.0,5.0,8.0,154.0,86.2,45.0,0.25,63.3,17.4,65.3,1002.4,0.0,11.3,7.0,59.7,NE,-6.83,-9.5,-3.34
663103,2022-05-24,2022,CHC,2022-05-24 18:40:00,18,4,11,15,3,20,6,23,324,80.2,2,58,0.0345,0.1304,1.0,10.0,3.0,8.0,156.0,78.9,62.0,0.125,2.0,10.0,3.0,15.0,168.0,81.6,56.0,0.1333,73.0,22.8,58.7,1000.1,0.0,12.2,7.6,101.9,E,-12.03,-12.07,-10.53
663082,2022-05-25,2022,CHC,2022-05-25 18:40:00,18,4,3,7,1,16,6,12,298,80.9,2,47,0.0426,0.0833,1.0,8.0,2.0,7.0,123.0,82.3,42.0,0.1429,0.0,8.0,4.0,5.0,175.0,79.9,55.0,0.0,77.4,25.2,67.7,995.0,0.0,11.0,6.8,175.4,S,-5.0,-1.35,-8.05
663081,2022-05-26,2022,CHC,2022-05-26 12:35:00,12,20,5,25,5,12,9,28,307,83.9,5,65,0.0769,0.1786,2.0,4.0,6.0,20.0,171.0,84.5,56.0,0.1,3.0,8.0,2.0,8.0,136.0,83.2,48.0,0.375,71.3,21.8,83.3,994.4,9.2,18.8,11.7,165.0,S,-11.44,-5.65,-15.86
663080,2022-05-27,2022,SF,2022-05-27 18:40:00,18,5,1,6,1,9,7,15,292,81.3,1,54,0.0185,0.0667,1.0,6.0,4.0,9.0,158.0,81.5,52.0,0.1111,0.0,3.0,3.0,6.0,134.0,81.1,51.0,0.0,62.1,16.7,83.3,990.1,2.3,12.5,7.7,268.6,W,11.4,12.44,8.99
663118,2022-05-28,2022,SF,2022-05-28 16:10:00,16,3,2,5,2,19,3,17,289,85.3,4,48,0.0833,0.1176,1.0,10.0,1.0,5.0,132.0,83.4,41.0,0.2,1.0,9.0,2.0,12.0,157.0,87.1,46.0,0.0833,74.1,23.4,52.0,994.7,0.0,9.3,5.8,251.7,W,7.06,8.72,4.55
663072,2022-05-29,2022,SF,2022-05-29 11:35:00,11,4,6,10,2,22,9,14,290,80.6,2,43,0.0465,0.1429,1.0,9.0,4.0,8.0,127.0,79.0,37.0,0.125,1.0,13.0,5.0,6.0,163.0,82.4,33.0,0.1667,75.2,24.0,60.7,997.7,0.0,10.2,6.4,183.7,S,-3.3,0.21,-6.42
663091,2022-06-02,2022,WSH,2022-06-02 18:40:00,18,8,1,9,4,13,6,15,257,82.0,3,51,0.0588,0.2667,3.0,5.0,5.0,10.0,139.0,85.4,48.0,0.3,1.0,8.0,1.0,5.0,118.0,77.7,38.0,0.2,72.9,22.7,56.3,992.3,0.0,11.5,7.2,317.7,NW,10.43,8.12,11.49
663119,2022-06-03,2022,WSH,2022-06-03 18:40:00,18,5,8,13,7,20,7,18,295,82.9,7,53,0.1321,0.3889,2.0,11.0,5.0,6.0,140.0,80.6,35.0,0.3333,5.0,9.0,2.0,12.0,155.0,84.6,48.0,0.4167,75.3,24.0,36.3,994.8,0.0,9.8,6.1,305.2,NW,9.59,8.27,9.75
663102,2022-06-04,2022,WSH,2022-06-04 16:10:00,16,8,10,18,4,21,8,25,359,82.0,4,58,0.069,0.16,2.0,9.0,4.0,10.0,170.0,82.1,54.0,0.2,2.0,12.0,4.0,15.0,189.0,81.9,61.0,0.1333,80.9,27.2,30.7,994.5,0.0,2.7,1.7,56.6,NE,-1.53,-2.22,-0.67
663058,2022-06-05,2022,WSH,2022-06-05 13:40:00,13,4,5,9,1,14,6,20,285,84.0,3,56,0.0536,0.05,0.0,6.0,1.0,13.0,140.0,83.3,51.0,0.0,1.0,8.0,5.0,7.0,145.0,84.8,47.0,0.1429,81.8,27.7,31.0,993.5,0.0,11.2,6.9,136.0,SE,-10.24,-8.1,-11.15
663065,2022-06-06,2022,AZ,2022-06-06 18:40:00,18,7,0,7,1,13,3,13,227,83.5,1,39,0.0256,0.0769,1.0,5.0,3.0,12.0,140.0,84.3,47.0,0.0833,0.0,8.0,0.0,1.0,87.0,81.7,21.0,0.0,72.4,22.4,79.0,990.2,0.4,14.2,8.8,170.3,S,-7.54,-2.99,-11.19
663064,2022-06-07,2022,AZ,2022-06-07 18:40:00,18,14,8,22,7,16,6,26,314,80.1,6,59,0.1017,0.2692,5.0,10.0,5.0,16.0,174.0,79.8,60.0,0.3125,2.0,6.0,1.0,10.0,140.0,80.5,53.0,0.2,76.6,24.8,68.7,992.9,0.0,10.9,6.8,288.7,W,10.91,10.5,10.0
663050,2022-06-08,2022,AZ,2022-06-08 18:40:00,18,0,7,7,3,19,8,16,327,82.1,5,50,0.1,0.1875,0.0,7.0,3.0,5.0,134.0,84.1,46.0,0.0,3.0,12.0,4.0,11.0,193.0,80.5,61.0,0.2727,75.6,24.2,79.3,988.4,0.4,17.8,11.1,254.3,W,14.01,16.94,9.39
663049,2022-06-09,2022,AZ,2022-06-09 12:35:00,12,4,5,9,2,21,8,16,319,80.9,2,50,0.04,0.125,1.0,9.0,1.0,9.0,144.0,86.0,43.0,0.1111,1.0,12.0,5.0,7.0,175.0,76.2,46.0,0.1429,70.9,21.6,52.3,996.9,0.0,16.7,10.4,317.0,NW,15.23,11.93,16.68
663063,2022-06-17,2022,MIL,2022-06-17 18:40:00,18,4,5,9,6,18,5,15,280,81.7,5,48,0.1042,0.4,3.0,8.0,2.0,8.0,126.0,83.2,40.0,0.375,3.0,10.0,3.0,7.0,154.0,80.5,52.0,0.4286,85.0,29.4,41.7,994.6,0.0,17.3,10.7,319.7,NW,15.36,11.74,17.13
663062,2022-06-18,2022,MIL,2022-06-18 16:10:00,16,3,7,10,2,16,9,20,324,79.8,3,58,0.0517,0.1,0.0,6.0,2.0,9.0,128.0,78.9,43.0,0.0,2.0,10.0,6.0,11.0,196.0,80.4,66.0,0.1818,77.8,25.5,25.7,1001.5,0.0,16.5,10.3,6.3,N,4.6,-1.11,9.76
663061,2022-06-19,2022,MIL,2022-06-19 13:40:00,13,3,6,9,2,15,10,14,309,81.2,2,52,0.0385,0.1429,0.0,8.0,4.0,6.0,146.0,77.2,47.0,0.0,2.0,7.0,6.0,8.0,163.0,84.6,54.0,0.25,75.7,24.3,28.0,1006.3,0.0,7.2,4.5,76.3,E,-5.81,-6.92,-4.01
663041,2022-06-21,2022,LAD,2022-06-21 18:40:00,18,2,8,10,3,15,2,22,293,82.6,6,58,0.1034,0.1364,2.0,9.0,1.0,5.0,132.0,80.7,43.0,0.4,1.0,6.0,1.0,17.0,161.0,84.0,56.0,0.0588,92.4,33.6,29.7,999.9,0.0,13.2,8.2,250.7,W,9.81,12.22,6.21
663040,2022-06-22,2022,LAD,2022-06-22 18:40:00,18,4,8,12,2,17,6,16,313,82.1,3,52,0.0577,0.125,1.0,6.0,1.0,7.0,139.0,81.0,56.0,0.1429,1.0,11.0,5.0,9.0,174.0,83.1,59.0,0.1111,81.4,27.5,73.0,995.9,0.0,10.1,6.3,277.6,W,9.76,10.06,8.29
663039,2022-06-23,2022,LAD,2022-06-23 12:35:00,12,5,10,15,6,17,5,29,317,85.5,7,61,0.1148,0.2069,1.0,9.0,1.0,13.0,130.0,83.2,45.0,0.0769,5.0,8.0,4.0,16.0,187.0,87.3,60.0,0.3125,84.1,29.0,42.3,997.2,0.0,12.4,7.7,16.3,N,1.33,-2.96,5.47
663038,2022-07-01,2022,ATL,2022-07-01 18:40:00,18,1,9,10,2,11,3,18,271,82.4,2,59,0.0339,0.1111,0.0,5.0,0.0,6.0,122.0,79.8,46.0,0.0,2.0,6.0,3.0,12.0,149.0,84.8,50.0,0.1667,89.0,31.7,45.0,995.2,0.4,10.5,6.5,264.0,W,9.25,10.42,6.98
663037,2022-07-02,2022,ATL,2022-07-02 16:10:00,16,1,4,5,1,22,11,8,322,82.1,0,38,0.0,0.125,0.0,16.0,4.0,1.0,150.0,80.5,39.0,0.0,1.0,6.0,7.0,7.0,172.0,83.4,48.0,0.1429,88.9,31.6,37.7,996.1,0.0,10.3,6.4,332.3,NW,7.94,5.19,9.72
663052,2022-07-03,2022,ATL,2022-07-03 13:40:00,13,4,3,7,3,19,3,16,276,81.0,5,47,0.1064,0.1875,0.0,11.0,2.0,7.0,137.0,77.4,43.0,0.0,3.0,8.0,1.0,9.0,139.0,84.1,51.0,0.3333,87.4,30.8,33.3,1000.8,0.0,8.4,5.2,80.3,E,-7.11,-8.21,-5.15
663036,2022-07-04,2022,NYM,2022-07-04 18:40:00,18,4,7,11,4,20,5,19,307,83.5,8,51,0.1569,0.2105,2.0,11.0,2.0,7.0,140.0,83.9,48.0,0.2857,2.0,9.0,3.0,12.0,167.0,83.2,58.0,0.1667,92.4,33.6,30.7,998.0,0.0,6.2,3.9,178.2,S,-2.57,-0.47,-4.36
663035,2022-07-05,2022,NYM,2022-07-05 18:40:00,18,1,0,1,0,23,6,10,277,79.7,0,38,0.0,0.0,0.0,13.0,2.0,4.0,129.0,79.0,37.0,0.0,0.0,10.0,3.0,6.0,148.0,80.4,41.0,0.0,87.4,30.8,63.0,994.5,0.0,11.7,7.2,256.7,W,9.47,11.23,6.56
663051,2022-07-06,2022,NYM,2022-07-06 18:40:00,18,3,8,11,2,19,8,21,347,80.5,2,57,0.0351,0.0952,1.0,16.0,7.0,5.0,184.0,79.5,45.0,0.2,1.0,3.0,0.0,16.0,163.0,81.1,70.0,0.0625,83.7,28.7,69.3,993.8,0.4,15.6,9.7,289.9,W,15.55,14.86,14.37
663071,2022-07-07,2022,PIT,2022-05-06 18:40:00,18,2,4,6,2,22,4,15,289,81.9,3,45,0.0667,0.1333,1.0,11.0,1.0,8.0,134.0,84.2,49.0,0.125,1.0,11.0,2.0,7.0,155.0,79.6,51.0,0.1429,64.0,17.8,86.0,981.4,7.7,8.0,5.0,308.2,NW,7.67,6.47,7.94
663140,2022-07-07,2022,PIT,2022-07-07 19:10:00,19,5,1,6,1,17,2,14,271,83.2,1,47,0.0213,0.0714,1.0,5.0,0.0,9.0,117.0,84.1,50.0,0.1111,0.0,12.0,2.0,5.0,154.0,82.0,36.0,0.0,85.2,29.5,55.0,995.5,0.0,7.9,4.9,113.3,SE,-7.93,-7.41,-7.49
663053,2022-07-08,2022,TB,2022-07-08 18:40:00,18,1,1,2,1,23,8,9,327,80.6,2,41,0.0488,0.1111,1.0,12.0,4.0,4.0,165.0,78.3,49.0,0.25,0.0,11.0,4.0,5.0,162.0,82.6,55.0,0.0,77.8,25.5,80.3,996.0,2.9,7.3,4.5,37.3,NE,-1.86,-4.15,0.65
663092,2022-07-09,2022,TB,2022-07-09 16:10:00,16,5,4,9,0,23,10,21,371,81.6,2,52,0.0385,0.0,0.0,13.0,3.0,13.0,190.0,79.4,74.0,0.0,0.0,10.0,7.0,8.0,181.0,84.7,54.0,0.0,79.6,26.4,62.7,997.9,0.0,12.8,7.9,49.7,NE,-5.83,-9.36,-1.59
663048,2022-07-10,2022,TB,2022-07-10 13:40:00,13,10,5,15,6,22,1,26,327,84.2,5,55,0.0909,0.2308,3.0,8.0,0.0,14.0,150.0,83.6,63.0,0.2143,3.0,14.0,1.0,12.0,177.0,84.9,51.0,0.25,83.8,28.8,48.7,998.5,0.0,9.4,5.8,38.0,NE,-2.52,-5.46,0.73
663060,2022-07-22,2022,STL,2022-07-22 18:40:00,18,9,5,14,4,20,8,17,333,78.8,4,48,0.0833,0.2353,3.0,6.0,4.0,7.0,150.0,78.3,50.0,0.4286,1.0,14.0,4.0,10.0,183.0,79.3,57.0,0.1,90.7,32.6,39.0,996.6,0.0,7.3,4.5,289.4,W,7.26,6.95,6.68
663047,2022-07-23,2022,STL,2022-07-23 18:40:00,18,3,6,9,3,19,6,19,335,82.0,7,55,0.1273,0.1579,1.0,13.0,2.0,6.0,158.0,79.4,45.0,0.1667,2.0,6.0,2.0,13.0,177.0,83.9,60.0,0.1538,84.9,29.4,64.3,997.8,0.0,11.5,7.1,187.7,S,-2.95,1.03,-6.57
663059,2022-07-24,2022,STL,2022-07-24 13:40:00,13,6,3,9,3,11,7,10,256,80.2,4,48,0.0833,0.3,1.0,6.0,3.0,7.0,137.0,80.5,54.0,0.1429,2.0,5.0,4.0,3.0,119.0,79.8,39.0,0.6667,88.6,31.5,54.0,997.3,0.6,20.2,12.6,231.4,SW,9.76,15.22,3.12
663046,2022-07-25,2022,MIA,2022-07-25 18:40:00,18,11,2,13,2,17,8,23,300,82.3,1,52,0.0192,0.087,2.0,7.0,5.0,16.0,166.0,80.6,59.0,0.125,0.0,10.0,3.0,7.0,134.0,84.6,43.0,0.0,79.6,26.5,51.7,997.4,0.0,9.0,5.6,306.5,NW,8.7,7.43,8.92
663029,2022-07-26,2022,MIA,2022-07-26 18:40:00,18,1,2,3,1,22,2,13,258,81.6,3,44,0.0682,0.0769,1.0,12.0,0.0,2.0,112.0,81.1,29.0,0.5,0.0,10.0,2.0,11.0,146.0,81.9,54.0,0.0,78.0,25.6,72.3,995.9,0.0,10.6,6.6,253.8,W,8.24,10.01,5.48
663028,2022-07-27,2022,MIA,2022-07-27 18:40:00,18,5,3,8,2,23,2,15,246,81.1,2,41,0.0488,0.1333,0.0,15.0,1.0,8.0,135.0,82.9,33.0,0.0,2.0,8.0,1.0,7.0,111.0,79.9,48.0,0.2857,82.9,28.3,66.0,993.7,0.3,16.6,10.3,241.7,SW,10.51,14.28,5.46
663027,2022-07-28,2022,MIA,2022-07-28 12:35:00,12,6,7,13,3,16,5,21,312,84.8,2,56,0.0357,0.1429,1.0,7.0,2.0,11.0,169.0,84.5,59.0,0.0909,2.0,9.0,3.0,10.0,143.0,85.1,48.0,0.2,85.2,29.5,51.3,996.0,0.0,11.2,7.0,264.0,W,9.87,11.11,7.44
663026,2022-07-29,2022,BAL,2022-07-29 18:40:00,18,2,6,8,2,17,8,16,305,82.5,1,49,0.0204,0.125,1.0,11.0,2.0,7.0,146.0,82.5,44.0,0.1429,1.0,6.0,6.0,9.0,159.0,82.4,53.0,0.1111,79.3,26.3,43.7,997.8,0.0,15.8,9.8,311.3,NW,14.99,12.34,15.83
663025,2022-07-30,2022,BAL,2022-07-30 18:40:00,18,8,2,10,3,17,2,19,277,81.1,2,50,0.04,0.1579,3.0,6.0,2.0,13.0,141.0,81.4,51.0,0.2308,0.0,11.0,0.0,6.0,136.0,80.7,40.0,0.0,80.7,27.1,44.0,1001.8,0.0,6.9,4.3,104.9,E,-6.84,-6.74,-6.11
663024,2022-07-31,2022,BAL,2022-07-31 13:40:00,13,3,2,5,2,18,8,13,293,78.9,2,44,0.0455,0.1538,1.0,8.0,4.0,7.0,143.0,78.4,44.0,0.1429,1.0,10.0,4.0,6.0,150.0,79.3,54.0,0.1667,77.3,25.2,63.7,1000.7,0.1,7.4,4.6,161.8,S,-4.84,-2.62,-6.48
663023,2022-08-11,2022,CHC,2022-08-11 19:15:00,19,2,4,6,0,26,8,17,312,,0,42,0.0,0.0,0.0,14.0,3.0,7.0,151.0,,0.0,0.0,0.0,12.0,5.0,10.0,161.0,,0.0,0.0,75.9,24.4,68.7,999.2,0.2,11.4,7.1,343.0,N,7.25,3.8,9.82
663022,2022-08-13,2022,CHC,2022-08-13 18:40:00,18,2,7,9,3,21,10,16,312,79.2,3,48,0.0625,0.1875,0.0,14.0,6.0,7.0,174.0,77.0,53.0,0.0,3.0,7.0,4.0,9.0,138.0,81.4,53.0,0.3333,78.0,25.5,41.7,998.3,0.0,7.9,4.9,119.0,SE,-7.85,-7.07,-7.68
663021,2022-08-14,2022,CHC,2022-08-14 13:40:00,13,8,5,13,4,17,10,25,350,81.8,5,58,0.0862,0.16,1.0,6.0,5.0,13.0,189.0,80.8,77.0,0.0769,3.0,11.0,5.0,12.0,161.0,83.1,55.0,0.25,75.7,24.3,64.0,995.2,2.3,11.0,6.8,184.0,S,-3.48,0.3,-6.84
663020,2022-08-15,2022,PHI,2022-08-15 18:40:00,18,3,4,7,1,17,3,21,266,79.8,3,56,0.0536,0.0476,1.0,8.0,0.0,9.0,95.0,81.6,38.0,0.1111,0.0,9.0,3.0,12.0,171.0,78.7,60.0,0.0,78.7,26.0,47.7,994.7,0.0,15.3,9.5,14.0,N,2.26,-3.05,7.3
663019,2022-08-16,2022,PHI,2022-08-16 18:40:00,18,4,11,15,7,23,2,27,310,83.2,6,57,0.1053,0.2593,2.0,14.0,0.0,9.0,139.0,78.1,48.0,0.2222,5.0,9.0,2.0,18.0,171.0,87.1,63.0,0.2778,77.0,25.0,52.7,996.5,0.0,13.9,8.6,16.3,N,1.49,-3.33,6.13
663017,2022-08-17,2022,PHI,2022-08-17 12:35:00,12,1,0,1,0,22,5,11,250,81.5,2,40,0.05,0.0,0.0,11.0,3.0,6.0,135.0,81.1,41.0,0.0,0.0,11.0,2.0,5.0,115.0,82.2,29.0,0.0,77.4,25.2,58.3,999.1,0.3,11.1,6.9,51.7,NE,-5.43,-8.42,-1.77
663018,2022-08-29,2022,STL,2022-08-29 18:40:00,18,4,13,17,7,19,8,21,313,83.3,6,55,0.1091,0.3333,3.0,7.0,4.0,7.0,144.0,81.6,51.0,0.4286,4.0,12.0,4.0,14.0,169.0,84.8,54.0,0.2857,83.1,28.4,65.7,995.4,0.1,10.3,6.4,226.8,SW,4.22,7.17,0.76
663137,2022-08-30,2022,STL,2022-08-30 18:40:00,18,5,1,6,2,11,2,15,256,81.3,2,52,0.0385,0.1333,1.0,4.0,1.0,11.0,124.0,80.3,58.0,0.0909,1.0,7.0,1.0,4.0,132.0,82.7,43.0,0.25,78.7,26.0,47.7,994.6,0.0,15.2,9.4,304.0,NW,14.89,12.96,15.03
662995,2022-08-31,2022,STL,2022-08-31 18:40:00,18,3,5,8,2,12,14,22,430,80.2,3,83,0.0361,0.0909,0.0,8.0,4.0,14.0,207.0,79.5,72.0,0.0,2.0,4.0,7.0,8.0,223.0,80.8,87.0,0.25,77.5,25.3,49.7,997.5,0.0,10.7,6.6,305.3,NW,10.43,8.99,10.62
663133,2022-09-02,2022,COL,2022-09-02 18:40:00,18,3,2,5,3,19,6,17,286,84.0,2,45,0.0444,0.1765,2.0,9.0,2.0,11.0,155.0,83.5,55.0,0.1818,1.0,10.0,3.0,6.0,131.0,84.6,42.0,0.1667,83.4,28.6,52.7,999.0,0.0,5.9,3.7,195.2,S,-0.75,1.29,-2.71
663107,2022-09-04,2022,COL,2022-09-04 12:10:00,12,4,8,12,4,17,10,12,302,82.9,5,48,0.1042,0.3333,3.0,4.0,5.0,4.0,125.0,86.5,43.0,0.75,1.0,13.0,5.0,8.0,177.0,80.3,60.0,0.125,78.4,25.8,73.0,999.2,2.7,7.0,4.4,154.4,SE,-5.23,-3.31,-6.53
663108,2022-09-04,2022,COL,2022-09-03 18:40:00,18,10,0,10,1,12,12,13,289,82.7,0,49,0.0,0.0769,1.0,3.0,4.0,9.0,131.0,83.6,41.0,0.1111,0.0,9.0,8.0,4.0,158.0,81.6,35.0,0.0,73.3,22.9,88.0,1000.2,5.8,7.0,4.3,114.3,SE,-6.96,-6.47,-6.62
663085,2022-09-12,2022,PIT,2022-09-12 18:40:00,18,3,6,9,4,17,9,19,302,81.0,3,56,0.0536,0.2105,1.0,8.0,4.0,9.0,141.0,83.6,46.0,0.1111,3.0,9.0,5.0,10.0,161.0,78.9,54.0,0.3,68.7,20.4,46.0,992.0,0.0,15.2,9.4,241.0,SW,9.47,12.96,4.83
663106,2022-09-13,2022,PIT,2022-09-13 18:40:00,18,0,1,1,0,14,6,4,246,80.0,0,42,0.0,0.0,0.0,7.0,5.0,1.0,131.0,79.4,41.0,0.0,0.0,7.0,1.0,3.0,115.0,80.7,40.0,0.0,69.3,20.7,60.0,995.7,0.0,10.9,6.8,289.7,W,10.89,10.41,10.05
663158,2022-09-13,2022,PIT,2022-09-13 12:35:00,12,1,6,7,3,15,6,17,282,83.3,2,55,0.0364,0.1765,0.0,6.0,3.0,5.0,133.0,80.9,41.0,0.0,3.0,9.0,3.0,12.0,149.0,85.2,53.0,0.25,69.2,20.7,55.7,995.0,0.0,12.3,7.7,301.7,NW,12.18,10.77,12.11
663006,2022-09-14,2022,PIT,2022-09-14 12:35:00,12,4,10,14,4,20,5,20,320,84.2,3,53,0.0566,0.2,2.0,6.0,1.0,8.0,139.0,85.3,46.0,0.25,2.0,14.0,4.0,12.0,181.0,83.1,49.0,0.1667,74.2,23.4,62.7,1002.7,0.1,5.1,3.2,4.1,N,1.61,-0.14,3.17
663104,2022-09-20,2022,BOS,2022-09-20 18:40:00,18,3,5,8,4,22,11,16,314,80.6,4,45,0.0889,0.25,1.0,8.0,5.0,9.0,144.0,81.1,40.0,0.1111,3.0,14.0,6.0,7.0,170.0,80.1,40.0,0.4286,80.6,27.0,57.3,996.6,0.0,4.3,2.7,123.7,SE,-4.25,-3.7,-4.28
661070,2022-09-21,2022,BOS,2022-09-21 18:40:00,18,5,1,6,1,13,1,14,259,79.9,1,48,0.0208,0.0714,1.0,6.0,1.0,8.0,119.0,79.8,45.0,0.125,0.0,7.0,0.0,6.0,140.0,80.0,48.0,0.0,85.8,29.9,46.0,991.9,0.0,14.9,9.3,247.4,SW,10.52,13.5,6.28
661069,2022-09-22,2022,MIL,2022-09-22 18:40:00,18,1,5,6,4,24,8,8,293,80.5,4,37,0.1081,0.5,1.0,14.0,3.0,4.0,142.0,78.4,36.0,0.25,3.0,10.0,5.0,4.0,151.0,82.1,46.0,0.75,64.3,17.9,42.3,999.7,0.0,18.4,11.5,345.0,N,11.22,5.54,15.55
661068,2022-09-23,2022,MIL,2022-09-23 18:40:00,18,3,5,8,0,21,10,18,310,82.7,1,50,0.02,0.0,0.0,12.0,4.0,7.0,136.0,81.4,36.0,0.0,0.0,9.0,6.0,11.0,174.0,83.5,56.0,0.0,64.2,17.9,46.0,1001.6,0.0,4.4,2.7,82.5,E,-3.81,-4.33,-2.83
661067,2022-09-24,2022,MIL,2022-09-24 18:40:00,18,2,10,12,3,14,7,17,304,80.2,3,53,0.0566,0.1765,0.0,10.0,4.0,4.0,145.0,79.2,42.0,0.0,3.0,4.0,3.0,13.0,159.0,81.0,60.0,0.2308,73.2,22.9,52.7,992.4,0.0,11.8,7.4,239.5,SW,7.12,9.92,3.46
661066,2022-09-25,2022,MIL,2022-09-25 13:40:00,13,2,1,3,2,18,4,11,284,77.1,4,41,0.0976,0.1818,1.0,8.0,3.0,6.0,147.0,73.7,47.0,0.1667,1.0,10.0,1.0,5.0,137.0,81.2,38.0,0.2,73.0,22.8,42.0,989.5,0.0,27.6,17.1,278.7,W,26.8,27.44,22.93
663096,2022-10-03,2022,CHC,2022-10-03 18:40:00,18,3,1,4,0,19,7,8,256,80.7,1,35,0.0286,0.0,0.0,10.0,3.0,6.0,125.0,77.8,34.0,0.0,0.0,9.0,4.0,2.0,131.0,83.3,40.0,0.0,61.4,16.3,42.3,1004.8,0.0,9.6,6.0,31.0,NE,-1.42,-4.6,1.92
663243,2022-10-04,2022,CHC,2022-10-04 18:40:00,18,3,2,5,3,21,6,9,275,80.1,4,40,0.1,0.3333,1.0,9.0,4.0,6.0,140.0,78.6,44.0,0.1667,2.0,12.0,2.0,3.0,135.0,81.8,37.0,0.6667,63.1,17.3,38.0,1001.5,0.0,7.5,4.6,336.5,NW,5.37,3.27,6.82
663131,2022-10-05,2022,CHC,2022-10-05 16:10:00,16,2,15,17,3,20,12,20,350,82.0,4,54,0.0741,0.15,0.0,10.0,4.0,7.0,164.0,81.3,46.0,0.0,3.0,10.0,7.0,13.0,186.0,82.6,48.0,0.2308,72.8,22.7,33.0,999.9,0.0,4.8,3.0,312.3,NW,4.48,3.66,4.77
718773,2023-03-30,2023,PIT,2023-03-30 16:10:00,16,4,5,9,2,26,15,13,345,78.8,3,39,0.0769,0.1538,1.0,15.0,6.0,7.0,166.0,78.8,40.0,0.1429,1.0,11.0,9.0,6.0,179.0,78.9,52.0,0.1667,59.4,15.2,37.7,1003.9,0.0,11.2,7.0,161.0,S,-7.42,-4.1,-9.84
718756,2023-04-01,2023,PIT,2023-04-01 16:10:00,16,6,2,8,3,20,5,13,284,81.0,3,44,0.0682,0.2308,3.0,8.0,3.0,6.0,132.0,81.6,44.0,0.5,0.0,12.0,2.0,7.0,152.0,80.3,38.0,0.0,46.9,8.3,49.0,991.1,0.0,34.2,21.3,279.7,W,33.35,33.93,28.74
718744,2023-04-02,2023,PIT,2023-04-02 13:40:00,13,3,1,4,3,13,4,15,265,81.0,4,52,0.0769,0.2,2.0,6.0,2.0,9.0,140.0,82.9,41.0,0.2222,1.0,7.0,1.0,6.0,125.0,79.2,45.0,0.1667,50.7,10.4,51.0,1000.6,0.0,4.9,3.0,187.1,S,-1.29,0.39,-2.82
718728,2023-04-03,2023,CHC,2023-04-03 18:40:00,18,7,6,13,2,14,5,22,284,80.7,3,58,0.0517,0.0909,1.0,6.0,2.0,10.0,125.0,78.5,49.0,0.1,1.0,8.0,3.0,12.0,159.0,82.8,54.0,0.0833,66.6,19.2,55.0,990.7,0.0,15.5,9.6,172.5,S,-7.74,-2.69,-11.85
718716,2023-04-04,2023,CHC,2023-04-04 18:40:00,18,5,12,17,3,17,8,25,324,82.4,4,61,0.0656,0.12,3.0,10.0,2.0,9.0,155.0,79.4,53.0,0.3333,0.0,7.0,6.0,16.0,169.0,85.0,62.0,0.0,74.1,23.4,64.7,991.6,0.0,16.5,10.2,166.0,S,-9.79,-4.67,-13.73
718597,2023-04-13,2023,PHI,2023-04-13 18:40:00,18,6,2,8,1,19,6,19,294,82.3,1,49,0.0204,0.0526,0.0,6.0,3.0,10.0,144.0,83.5,50.0,0.0,1.0,13.0,3.0,9.0,150.0,80.9,44.0,0.1111,72.4,22.5,42.7,992.8,0.0,7.5,4.7,111.7,E,-7.5,-7.08,-7.01
718586,2023-04-14,2023,PHI,2023-04-14 18:40:00,18,3,8,11,1,14,8,19,330,83.7,4,59,0.0678,0.0526,0.0,8.0,4.0,6.0,159.0,82.9,46.0,0.0,1.0,6.0,4.0,13.0,171.0,84.2,62.0,0.0769,70.4,21.3,61.0,990.3,0.5,7.9,4.9,160.3,S,-5.31,-2.99,-6.99
718566,2023-04-15,2023,PHI,2023-04-15 16:10:00,16,13,0,13,2,18,12,19,323,82.3,2,51,0.0392,0.1053,2.0,11.0,7.0,14.0,187.0,81.6,47.0,0.1429,0.0,7.0,5.0,5.0,136.0,83.2,35.0,0.0,76.1,24.5,48.7,992.6,0.0,10.5,6.5,239.3,SW,6.32,8.82,3.05
718554,2023-04-16,2023,PHI,2023-04-16 13:40:00,13,3,14,17,2,12,8,31,341,83.2,3,72,0.0417,0.0645,0.0,8.0,3.0,8.0,146.0,81.2,47.0,0.0,2.0,4.0,5.0,23.0,195.0,84.5,76.0,0.087,54.6,12.6,81.3,988.6,1.5,25.2,15.7,253.3,W,19.54,23.8,12.92
718542,2023-04-17,2023,TB,2023-04-17 18:40:00,18,8,1,9,2,14,6,15,293,83.9,1,53,0.0189,0.1333,1.0,9.0,4.0,7.0,155.0,83.0,51.0,0.1429,1.0,5.0,2.0,8.0,138.0,84.9,46.0,0.125,54.2,12.3,35.0,988.7,0.0,26.1,16.2,274.0,W,24.78,26.12,20.45
718526,2023-04-18,2023,TB,2023-04-18 18:40:00,18,0,10,10,4,20,3,21,300,83.9,2,53,0.0377,0.1905,0.0,12.0,2.0,4.0,141.0,79.3,40.0,0.0,4.0,8.0,1.0,17.0,159.0,87.2,57.0,0.2353,58.3,14.6,47.7,995.3,0.0,10.7,6.6,281.7,W,10.51,10.56,9.19
718515,2023-04-19,2023,TB,2023-04-19 12:35:00,12,0,8,8,1,18,10,17,293,80.5,3,50,0.06,0.0588,0.0,12.0,5.0,5.0,131.0,78.4,37.0,0.0,1.0,6.0,5.0,12.0,162.0,81.7,60.0,0.0833,68.5,20.3,45.7,999.7,0.0,10.2,6.3,145.3,SE,-8.55,-6.15,-9.91
718445,2023-04-24,2023,TEX,2023-04-24 18:40:00,18,7,6,13,2,20,8,18,296,80.7,4,46,0.087,0.1111,0.0,9.0,6.0,8.0,141.0,82.5,35.0,0.0,2.0,11.0,2.0,10.0,155.0,79.3,44.0,0.2,46.5,8.1,48.0,1003.9,0.0,10.5,6.5,352.9,N,5.2,1.75,8.02
718434,2023-04-25,2023,TEX,2023-04-25 18:40:00,18,7,6,13,3,21,4,21,301,80.6,2,51,0.0392,0.1429,0.0,7.0,2.0,11.0,140.0,77.0,54.0,0.0,3.0,14.0,2.0,10.0,161.0,85.1,44.0,0.3,57.0,13.9,46.3,1000.4,0.0,7.8,4.9,257.6,W,6.43,7.57,4.51
718424,2023-04-26,2023,TEX,2023-04-26 12:35:00,12,5,3,8,1,14,7,12,291,79.9,0,48,0.0,0.0833,1.0,6.0,3.0,7.0,137.0,80.9,39.0,0.1429,0.0,8.0,4.0,5.0,154.0,78.9,39.0,0.0,57.3,14.0,54.0,1003.0,0.0,6.9,4.3,15.0,N,0.9,-1.49,3.19
718305,2023-05-05,2023,CWS,2023-05-05 18:40:00,18,4,5,9,3,22,3,15,269,81.2,3,44,0.0682,0.2,1.0,12.0,1.0,8.0,128.0,80.1,44.0,0.125,2.0,10.0,2.0,7.0,141.0,82.3,41.0,0.2857,68.3,20.2,43.7,1000.6,0.0,10.0,6.2,115.7,SE,-9.95,-9.16,-9.54
718281,2023-05-06,2023,CWS,2023-05-06 18:40:00,18,5,3,8,3,14,5,16,268,83.0,4,50,0.08,0.1875,1.0,8.0,3.0,8.0,139.0,81.1,44.0,0.125,2.0,6.0,2.0,8.0,129.0,84.5,53.0,0.25,72.4,22.5,54.3,1000.1,0.0,10.6,6.6,187.4,S,-2.76,0.89,-6.08
718262,2023-05-07,2023,CWS,2023-05-07 16:10:00,16,4,17,21,6,12,5,28,327,84.2,5,71,0.0704,0.2143,4.0,5.0,1.0,10.0,141.0,83.7,49.0,0.4,2.0,7.0,4.0,18.0,186.0,84.5,68.0,0.1111,77.7,25.4,56.3,994.6,0.0,15.4,9.6,246.7,SW,10.75,13.89,6.32
718243,2023-05-09,2023,NYM,2023-05-09 18:40:00,18,7,6,13,4,14,8,17,329,82.2,6,52,0.1154,0.2353,0.0,9.0,4.0,10.0,182.0,82.2,46.0,0.0,4.0,5.0,4.0,7.0,147.0,82.2,53.0,0.5714,68.7,20.4,40.0,999.7,0.0,12.4,7.7,11.7,N,2.32,-1.97,6.34
718225,2023-05-10,2023,NYM,2023-05-10 18:40:00,18,1,2,3,1,17,6,12,282,81.7,3,46,0.0652,0.0833,0.0,10.0,2.0,2.0,130.0,79.4,36.0,0.0,1.0,7.0,4.0,10.0,152.0,83.2,58.0,0.1,71.4,21.9,43.0,1001.0,0.0,8.8,5.5,83.6,E,-7.73,-8.73,-5.8
718223,2023-05-11,2023,NYM,2023-05-11 12:35:00,12,5,0,5,1,18,4,16,277,84.8,3,46,0.0652,0.0625,1.0,9.0,1.0,10.0,130.0,85.1,40.0,0.1,0.0,9.0,3.0,6.0,147.0,84.6,42.0,0.0,77.2,25.1,43.0,1001.2,0.0,8.9,5.5,108.0,E,-8.84,-8.54,-8.07
718120,2023-05-19,2023,NYY,2023-05-19 18:40:00,18,2,6,8,2,21,9,13,296,81.3,2,43,0.0465,0.1538,0.0,11.0,5.0,6.0,151.0,79.3,34.0,0.0,2.0,10.0,4.0,7.0,145.0,83.2,38.0,0.2857,75.5,24.2,55.0,996.8,0.0,11.5,7.1,218.1,SW,3.09,6.69,-0.89
718095,2023-05-20,2023,NYY,2023-05-20 16:10:00,16,4,7,11,3,23,7,18,318,81.8,5,52,0.0962,0.1667,1.0,14.0,6.0,5.0,171.0,79.6,43.0,0.2,2.0,9.0,1.0,13.0,147.0,83.7,50.0,0.1538,68.7,20.4,46.0,999.1,0.0,17.2,10.7,331.3,NW,13.42,8.92,16.31
718085,2023-05-21,2023,NYY,2023-05-21 11:35:00,11,1,4,5,2,19,5,12,274,78.9,2,44,0.0455,0.1667,0.0,8.0,2.0,6.0,134.0,78.4,46.0,0.0,2.0,11.0,3.0,6.0,140.0,79.5,38.0,0.3333,66.3,19.1,53.3,1003.9,0.0,2.7,1.7,54.0,NE,-1.39,-2.09,-0.53
718071,2023-05-22,2023,STL,2023-05-22 18:40:00,18,6,5,11,2,27,15,15,364,80.7,3,45,0.0667,0.1333,1.0,13.0,6.0,8.0,172.0,78.4,55.0,0.125,1.0,14.0,9.0,7.0,192.0,83.3,51.0,0.1429,74.4,23.5,41.0,999.9,0.0,9.0,5.6,99.0,E,-8.78,-8.98,-7.53
718059,2023-05-23,2023,STL,2023-05-23 18:40:00,18,5,8,13,3,12,5,21,279,83.5,5,59,0.0847,0.1429,1.0,4.0,3.0,9.0,127.0,82.1,42.0,0.1111,2.0,8.0,2.0,12.0,152.0,85.0,42.0,0.1667,77.6,25.3,43.3,999.4,0.0,9.0,5.6,127.0,SE,-8.75,-7.44,-8.99
718041,2023-05-24,2023,STL,2023-05-24 18:40:00,18,10,3,13,3,15,7,26,325,82.4,3,61,0.0492,0.1154,1.0,6.0,3.0,18.0,161.0,84.2,57.0,0.0556,2.0,9.0,4.0,8.0,164.0,80.5,56.0,0.25,78.3,25.7,37.7,997.6,0.0,11.8,7.3,42.3,NE,-3.99,-7.54,0.03
718030,2023-05-25,2023,STL,2023-05-25 12:35:00,12,1,2,3,0,17,5,13,271,81.9,3,49,0.0612,0.0,0.0,8.0,2.0,7.0,137.0,80.9,46.0,0.0,0.0,9.0,2.0,6.0,134.0,83.0,41.0,0.0,65.8,18.8,36.0,1002.6,0.0,15.6,9.7,45.3,NE,-6.04,-10.58,-0.77
717931,2023-06-02,2023,MIL,2023-06-02 17:10:00,17,4,5,9,2,24,10,10,341,81.6,1,54,0.0185,0.2,1.0,13.0,5.0,3.0,179.0,79.9,42.0,0.3333,1.0,11.0,5.0,7.0,162.0,83.1,48.0,0.1429,89.7,32.1,23.0,994.3,0.0,12.8,7.9,41.0,NE,-4.05,-7.95,0.33
717906,2023-06-03,2023,MIL,2023-06-03 16:10:00,16,8,10,18,3,11,14,22,341,83.7,2,62,0.0323,0.1364,1.0,8.0,10.0,11.0,189.0,82.2,46.0,0.0909,2.0,3.0,4.0,11.0,152.0,85.2,47.0,0.1818,90.4,32.5,25.0,992.9,0.0,13.4,8.3,47.4,NE,-5.62,-9.43,-1.14
717897,2023-06-04,2023,MIL,2023-06-04 13:40:00,13,1,5,6,3,11,3,13,252,84.3,5,53,0.0943,0.2308,1.0,3.0,0.0,6.0,117.0,84.6,44.0,0.1667,2.0,8.0,3.0,7.0,135.0,84.0,43.0,0.2857,83.8,28.8,37.0,995.5,0.0,10.2,6.3,27.7,NE,-0.92,-4.32,2.6
717883,2023-06-05,2023,MIL,2023-06-05 19:10:00,19,2,0,2,2,17,5,9,242,82.9,2,39,0.0513,0.2222,2.0,8.0,1.0,6.0,104.0,84.1,35.0,0.3333,0.0,9.0,4.0,3.0,138.0,82.1,47.0,0.0,76.5,24.7,29.0,995.3,0.0,8.1,5.0,26.4,NE,-0.54,-3.28,2.25
717870,2023-06-06,2023,LAD,2023-06-06 19:10:00,19,9,8,17,2,16,12,22,335,81.2,3,57,0.0526,0.0909,0.0,6.0,7.0,14.0,173.0,81.3,52.0,0.0,2.0,10.0,5.0,8.0,162.0,81.1,53.0,0.25,78.1,25.6,39.3,991.1,0.5,16.6,10.3,310.0,NW,15.83,13.17,16.58
717853,2023-06-07,2023,LAD,2023-06-07 19:10:00,19,8,6,14,6,17,2,21,277,85.9,5,54,0.0926,0.2857,3.0,10.0,0.0,13.0,145.0,84.2,43.0,0.2308,3.0,7.0,2.0,8.0,132.0,87.4,48.0,0.375,69.7,20.9,29.0,988.6,0.0,9.8,6.1,16.0,N,1.11,-2.3,4.39
717844,2023-06-08,2023,LAD,2023-06-08 12:35:00,12,0,6,6,1,15,7,18,289,86.3,2,55,0.0364,0.0556,0.0,11.0,2.0,6.0,127.0,87.1,37.0,0.0,1.0,4.0,4.0,12.0,162.0,85.7,57.0,0.0833,71.8,22.1,31.0,993.1,0.0,9.3,5.8,2.0,N,3.27,0.08,6.06
717701,2023-06-19,2023,COL,2023-06-19 19:10:00,19,5,4,9,4,21,5,18,312,81.9,5,49,0.102,0.2222,3.0,9.0,2.0,8.0,141.0,85.8,43.0,0.375,1.0,12.0,2.0,10.0,171.0,79.0,56.0,0.1,70.6,21.4,86.0,991.8,1.5,14.1,8.8,56.0,NE,-7.78,-11.33,-3.28
717685,2023-06-20,2023,COL,2023-06-20 19:10:00,19,8,6,14,6,17,13,19,323,83.3,4,50,0.08,0.3158,3.0,6.0,4.0,11.0,151.0,84.9,50.0,0.2727,3.0,11.0,9.0,8.0,172.0,81.6,50.0,0.375,72.4,22.4,66.3,996.3,0.0,17.3,10.7,76.3,E,-13.94,-16.58,-9.61
717669,2023-06-21,2023,COL,2023-06-21 12:35:00,12,5,3,8,4,24,5,15,264,82.6,5,38,0.1316,0.2667,1.0,9.0,5.0,9.0,144.0,84.7,35.0,0.1111,3.0,15.0,0.0,6.0,120.0,80.2,32.0,0.5,79.5,26.4,50.7,998.6,0.0,17.5,10.9,80.7,E,-14.9,-17.16,-10.84
717650,2023-06-23,2023,ATL,2023-06-23 18:40:00,18,11,10,21,9,18,9,25,344,84.4,7,55,0.1273,0.36,4.0,10.0,6.0,9.0,166.0,83.7,50.0,0.4444,5.0,8.0,3.0,16.0,178.0,84.8,71.0,0.3125,75.3,24.1,63.7,994.1,0.0,7.5,4.7,276.0,W,7.22,7.52,6.06
717631,2023-06-24,2023,ATL,2023-06-24 16:10:00,16,6,7,13,8,16,5,24,332,81.9,8,60,0.1333,0.3333,4.0,10.0,2.0,10.0,168.0,78.5,54.0,0.4,4.0,6.0,3.0,14.0,164.0,84.9,61.0,0.2857,85.4,29.7,42.3,993.2,0.0,11.9,7.4,287.0,W,11.81,11.49,10.71
717618,2023-06-25,2023,ATL,2023-06-25 13:40:00,13,6,7,13,2,17,15,20,373,82.0,3,57,0.0526,0.1,1.0,12.0,6.0,11.0,190.0,78.9,55.0,0.0909,1.0,5.0,9.0,9.0,183.0,84.9,60.0,0.1111,82.6,28.1,62.0,990.4,0.0,18.7,11.6,189.0,S,-4.36,2.12,-10.3
717557,2023-06-30,2023,SD,2023-06-30 17:10:00,17,7,5,12,4,19,5,19,330,84.7,4,64,0.0625,0.2105,3.0,10.0,2.0,10.0,175.0,85.5,53.0,0.3,1.0,9.0,3.0,9.0,155.0,83.9,52.0,0.1111,86.5,30.3,57.7,994.7,0.0,4.4,2.8,228.8,SW,1.97,3.21,0.49
717539,2023-07-01,2023,SD,2023-07-01 13:40:00,13,5,12,17,4,11,8,18,327,83.7,4,60,0.0667,0.2222,1.0,6.0,5.0,8.0,152.0,81.7,44.0,0.125,3.0,5.0,3.0,10.0,175.0,85.4,55.0,0.3,80.4,26.9,71.7,995.0,0.0,12.8,8.0,202.0,S,-0.11,4.28,-4.49
717526,2023-07-02,2023,SD,2023-07-02 13:40:00,13,4,3,7,4,19,6,12,263,81.2,4,42,0.0952,0.3333,2.0,6.0,5.0,5.0,134.0,77.0,43.0,0.4,2.0,13.0,1.0,7.0,129.0,86.3,35.0,0.2857,82.0,27.8,71.0,991.3,0.3,19.7,12.2,225.3,SW,7.64,13.39,0.97
717412,2023-07-14,2023,MIL,2023-07-14 19:10:00,19,0,1,1,0,24,5,8,260,80.2,1,35,0.0286,0.0,0.0,18.0,2.0,2.0,141.0,76.3,30.0,0.0,0.0,6.0,3.0,6.0,119.0,83.5,36.0,0.0,85.2,29.5,46.0,993.4,0.0,7.5,4.6,268.3,W,6.81,7.45,5.35
717392,2023-07-15,2023,MIL,2023-07-15 19:10:00,19,0,3,3,3,20,6,8,284,78.5,2,40,0.05,0.375,0.0,12.0,3.0,1.0,129.0,79.5,35.0,0.0,3.0,8.0,3.0,7.0,155.0,77.9,58.0,0.4286,76.7,24.8,81.3,991.1,0.0,8.8,5.5,293.7,NW,8.83,8.23,8.36
717383,2023-07-16,2023,MIL,2023-07-16 13:40:00,13,3,4,7,2,16,8,16,292,85.0,3,52,0.0577,0.125,1.0,7.0,3.0,7.0,138.0,83.0,44.0,0.1429,1.0,9.0,5.0,9.0,154.0,87.0,44.0,0.1111,85.5,29.7,38.3,994.9,0.0,14.8,9.2,285.3,W,14.65,14.4,13.14
717375,2023-07-17,2023,SF,2023-07-17 19:10:00,19,2,4,6,4,18,5,10,297,84.3,3,50,0.06,0.4,2.0,10.0,1.0,4.0,128.0,85.2,37.0,0.5,2.0,8.0,4.0,6.0,169.0,83.8,61.0,0.3333,73.4,23.0,78.7,995.5,4.1,11.5,7.1,282.2,W,11.28,11.3,9.9
717360,2023-07-18,2023,SF,2023-07-18 19:10:00,19,10,11,21,6,27,11,25,373,84.0,8,50,0.16,0.24,4.0,13.0,3.0,14.0,167.0,85.1,53.0,0.2857,2.0,14.0,8.0,11.0,206.0,83.1,63.0,0.1818,74.9,23.8,80.3,995.6,0.2,5.4,3.4,279.2,W,5.26,5.36,4.51
717342,2023-07-19,2023,SF,2023-07-19 19:10:00,19,3,2,5,2,11,2,10,239,83.7,2,48,0.0417,0.2,1.0,4.0,0.0,4.0,104.0,85.5,37.0,0.25,1.0,7.0,2.0,6.0,135.0,82.0,37.0,0.1667,79.1,26.2,76.0,998.1,0.0,6.8,4.2,241.3,SW,4.26,5.82,2.19
717334,2023-07-20,2023,SF,2023-07-20 12:35:00,12,5,1,6,2,14,6,14,263,83.5,2,47,0.0426,0.1429,1.0,6.0,4.0,12.0,143.0,84.7,45.0,0.0833,1.0,8.0,2.0,2.0,120.0,82.0,35.0,0.5,84.7,29.3,61.0,995.8,0.0,9.4,5.8,233.0,SW,4.77,7.25,1.71
717321,2023-07-21,2023,AZ,2023-07-21 19:10:00,19,9,6,15,4,15,11,16,327,81.5,1,52,0.0192,0.25,1.0,6.0,6.0,9.0,174.0,81.9,52.0,0.1111,3.0,9.0,4.0,7.0,153.0,81.1,51.0,0.4286,75.8,24.3,59.7,994.8,0.0,9.1,5.6,352.1,N,4.58,1.63,6.98
717303,2023-07-22,2023,AZ,2023-07-22 16:10:00,16,4,2,6,4,16,2,11,247,83.2,1,46,0.0217,0.3636,3.0,8.0,1.0,6.0,123.0,86.6,39.0,0.5,1.0,8.0,1.0,5.0,124.0,80.6,50.0,0.2,80.8,27.1,43.7,993.9,0.1,3.4,2.1,10.0,N,0.73,-0.44,1.81
717289,2023-07-23,2023,AZ,2023-07-23 13:40:00,13,7,3,10,3,13,7,23,266,85.1,4,55,0.0727,0.1304,2.0,5.0,2.0,13.0,111.0,86.4,43.0,0.1538,1.0,8.0,5.0,10.0,155.0,83.9,44.0,0.1,82.1,27.8,44.3,996.5,0.0,8.7,5.4,241.0,SW,5.42,7.42,2.76
717139,2023-08-04,2023,WSH,2023-08-04 18:40:00,18,3,6,9,6,17,6,14,305,82.6,6,56,0.1071,0.4286,3.0,8.0,2.0,7.0,163.0,83.2,52.0,0.4286,3.0,9.0,2.0,7.0,142.0,81.9,53.0,0.4286,87.2,30.7,41.7,994.8,0.0,8.3,5.2,358.1,N,3.44,0.64,5.83
717120,2023-08-05,2023,WSH,2023-08-05 16:10:00,16,3,7,10,1,15,6,16,278,81.0,1,55,0.0182,0.0625,1.0,10.0,1.0,4.0,122.0,82.7,43.0,0.25,0.0,5.0,5.0,12.0,156.0,79.8,58.0,0.0,92.5,33.6,31.7,993.4,0.0,13.1,8.2,142.7,SE,-11.35,-8.4,-12.92
717104,2023-08-06,2023,WSH,2023-08-06 13:40:00,13,3,6,9,4,24,10,17,345,84.4,3,45,0.0667,0.2353,2.0,13.0,3.0,7.0,165.0,85.8,47.0,0.2857,2.0,11.0,7.0,10.0,180.0,83.1,51.0,0.2,83.7,28.7,53.3,992.6,0.0,20.1,12.5,254.0,W,15.7,19.03,10.49
717097,2023-08-07,2023,MIA,2023-08-07 18:40:00,18,5,2,7,4,25,6,11,267,81.9,2,37,0.0541,0.3636,2.0,13.0,4.0,6.0,138.0,83.9,33.0,0.3333,2.0,12.0,2.0,5.0,129.0,80.0,37.0,0.4,73.5,23.0,79.3,990.3,5.8,14.8,9.2,304.6,NW,14.47,12.53,14.66
717083,2023-08-08,2023,MIA,2023-08-08 18:40:00,18,2,3,5,1,18,2,13,267,85.7,1,47,0.0213,0.0769,0.0,8.0,1.0,6.0,126.0,85.9,43.0,0.0,1.0,10.0,1.0,7.0,141.0,85.6,47.0,0.1429,78.5,25.8,54.3,994.4,0.0,11.1,6.9,271.7,W,10.37,11.1,8.4
717070,2023-08-09,2023,MIA,2023-08-09 12:35:00,12,4,5,9,5,21,3,18,284,82.6,4,49,0.0816,0.2778,2.0,11.0,1.0,10.0,144.0,82.0,59.0,0.2,3.0,10.0,2.0,8.0,140.0,83.5,44.0,0.375,79.0,26.1,66.7,994.5,0.3,9.6,6.0,230.7,SW,4.55,7.18,1.37
716992,2023-08-15,2023,CLE,2023-08-15 18:40:00,18,0,3,3,0,16,5,13,264,81.1,1,48,0.0208,0.0,0.0,11.0,3.0,6.0,138.0,81.3,47.0,0.0,0.0,5.0,2.0,7.0,126.0,80.9,54.0,0.0,71.4,21.9,71.7,994.4,0.3,16.6,10.3,291.0,W,16.56,15.71,15.41
716973,2023-08-16,2023,CLE,2023-08-16 18:40:00,18,7,2,9,3,15,4,20,299,82.7,5,55,0.0909,0.15,2.0,6.0,4.0,11.0,157.0,82.8,51.0,0.1818,1.0,9.0,0.0,9.0,142.0,82.6,57.0,0.1111,76.3,24.6,56.3,996.3,0.0,8.0,5.0,132.7,SE,-7.54,-6.14,-8.03
716954,2023-08-18,2023,TOR,2023-08-18 18:40:00,18,1,0,1,1,17,7,7,276,81.8,1,41,0.0244,0.1429,1.0,10.0,5.0,4.0,144.0,84.6,42.0,0.25,0.0,7.0,2.0,3.0,132.0,79.4,52.0,0.0,74.5,23.6,46.0,997.7,0.0,11.5,7.1,326.7,NW,9.49,6.71,11.12
716935,2023-08-19,2023,TOR,2023-08-19 18:40:00,18,3,4,7,2,21,7,15,284,81.5,2,48,0.0417,0.1333,1.0,10.0,3.0,6.0,128.0,80.5,36.0,0.1667,1.0,11.0,4.0,9.0,156.0,82.2,45.0,0.1111,80.1,26.7,48.7,998.4,0.0,5.9,3.6,169.0,S,-3.24,-1.37,-4.72
716924,2023-08-20,2023,TOR,2023-08-20 13:40:00,13,3,10,13,6,18,5,19,306,82.4,5,59,0.0847,0.3158,1.0,12.0,1.0,7.0,144.0,81.0,48.0,0.1429,5.0,6.0,4.0,12.0,162.0,83.5,62.0,0.4167,87.7,30.9,45.3,1000.3,0.0,8.1,5.0,217.3,SW,2.06,4.61,-0.73
716770,2023-09-01,2023,CHC,2023-09-01 18:40:00,18,3,2,5,2,22,8,13,316,79.5,2,41,0.0488,0.1538,1.0,14.0,2.0,8.0,154.0,78.6,50.0,0.125,1.0,8.0,6.0,5.0,162.0,80.3,53.0,0.2,81.0,27.2,51.7,1002.1,0.0,2.4,1.5,351.5,N,1.25,0.47,1.89
718700,2023-09-01,2023,CHC,2023-04-05 12:35:00,12,2,6,8,3,13,10,17,313,82.1,4,56,0.0714,0.1765,0.0,5.0,4.0,7.0,141.0,81.4,40.0,0.0,3.0,8.0,6.0,10.0,172.0,82.5,59.0,0.3,77.4,25.2,58.3,993.0,0.3,25.7,16.0,211.3,SW,3.96,12.42,-4.98
716753,2023-09-02,2023,CHC,2023-09-02 18:40:00,18,2,1,3,1,14,5,14,252,83.3,2,48,0.0417,0.0714,0.0,7.0,2.0,9.0,117.0,83.7,42.0,0.0,1.0,7.0,3.0,5.0,135.0,83.0,50.0,0.2,85.8,29.9,52.0,999.8,0.0,11.5,7.1,226.0,SW,4.57,7.89,0.7
716738,2023-09-03,2023,CHC,2023-09-03 12:10:00,12,7,15,22,5,23,5,29,355,82.8,6,59,0.1017,0.1724,3.0,11.0,2.0,11.0,150.0,82.6,48.0,0.2727,2.0,12.0,3.0,18.0,205.0,82.9,70.0,0.1111,86.4,30.2,54.7,1000.7,0.0,11.9,7.4,250.7,W,8.89,11.08,5.63
716727,2023-09-04,2023,SEA,2023-09-04 16:10:00,16,6,3,9,3,12,5,17,284,82.6,4,58,0.069,0.1765,1.0,1.0,4.0,8.0,140.0,82.0,46.0,0.125,2.0,11.0,1.0,9.0,144.0,83.2,38.0,0.2222,92.4,33.5,32.3,995.8,0.0,8.9,5.5,238.0,SW,5.17,7.33,2.38
716712,2023-09-05,2023,SEA,2023-09-05 18:40:00,18,7,6,13,6,11,11,22,348,83.6,8,58,0.1379,0.2727,3.0,3.0,5.0,13.0,170.0,83.6,58.0,0.2308,3.0,8.0,6.0,9.0,178.0,83.6,55.0,0.3333,85.2,29.6,54.0,996.2,0.0,12.4,7.7,217.3,SW,3.18,7.1,-1.12
716693,2023-09-06,2023,SEA,2023-09-06 18:40:00,18,4,8,12,4,20,8,21,325,82.1,4,54,0.0741,0.1905,1.0,13.0,3.0,10.0,149.0,82.9,40.0,0.1,3.0,7.0,5.0,11.0,176.0,81.6,73.0,0.2727,81.8,27.7,66.0,991.2,0.0,10.7,6.6,224.1,SW,3.94,7.1,0.3
716677,2023-09-08,2023,STL,2023-09-08 18:40:00,18,4,9,13,3,16,9,19,328,85.2,4,56,0.0714,0.1579,2.0,7.0,5.0,10.0,168.0,86.7,52.0,0.2,1.0,9.0,4.0,9.0,160.0,83.7,54.0,0.1111,73.7,23.2,64.3,996.7,0.4,11.4,7.1,344.7,N,6.99,3.49,9.65
716655,2023-09-09,2023,STL,2023-09-09 18:40:00,18,3,4,7,1,17,9,14,330,81.3,1,48,0.0208,0.0714,0.0,12.0,4.0,6.0,158.0,80.4,49.0,0.0,1.0,5.0,4.0,8.0,172.0,82.0,62.0,0.125,75.3,24.1,57.3,999.1,0.1,13.2,8.2,33.0,NE,-2.41,-6.7,2.18
716642,2023-09-10,2023,STL,2023-09-10 13:40:00,13,7,1,8,4,17,8,11,296,83.8,6,46,0.1304,0.3636,4.0,6.0,3.0,10.0,151.0,88.0,48.0,0.4,0.0,11.0,5.0,1.0,145.0,79.0,41.0,0.0,76.8,24.9,55.7,1000.5,0.5,7.5,4.7,353.0,N,3.69,1.24,5.7
716534,2023-09-18,2023,MIN,2023-09-18 18:40:00,18,7,3,10,3,16,6,14,257,81.2,5,49,0.102,0.2143,1.0,7.0,5.0,9.0,142.0,81.2,44.0,0.1111,2.0,9.0,1.0,5.0,115.0,81.3,41.0,0.4,68.9,20.5,47.7,997.2,0.0,11.1,6.9,334.3,NW,8.25,5.22,10.27
716522,2023-09-19,2023,MIN,2023-09-19 18:40:00,18,0,7,7,2,24,10,15,335,80.6,2,43,0.0465,0.1333,0.0,14.0,2.0,4.0,143.0,78.1,42.0,0.0,2.0,10.0,8.0,11.0,192.0,82.3,61.0,0.1818,70.4,21.3,46.7,999.2,0.0,6.4,4.0,130.0,SE,-6.1,-5.07,-6.39
716506,2023-09-20,2023,MIN,2023-09-20 12:35:00,12,3,5,8,2,23,8,15,306,79.0,2,45,0.0444,0.1333,1.0,8.0,5.0,6.0,164.0,78.7,56.0,0.1667,1.0,15.0,2.0,9.0,142.0,79.5,41.0,0.1111,78.0,25.6,40.7,1002.1,0.0,8.5,5.3,127.7,SE,-8.2,-6.95,-8.47
716487,2023-09-22,2023,PIT,2023-09-22 18:40:00,18,5,7,12,5,25,14,15,382,82.3,3,44,0.0682,0.3333,1.0,10.0,7.0,7.0,185.0,83.6,61.0,0.1429,4.0,15.0,7.0,8.0,197.0,80.8,50.0,0.5,77.2,25.1,37.7,1000.2,0.0,12.1,7.5,65.7,NE,-8.25,-10.77,-4.75
716462,2023-09-23,2023,PIT,2023-09-23 18:40:00,18,12,13,25,4,19,9,32,355,83.4,3,64,0.0469,0.125,3.0,8.0,5.0,16.0,174.0,85.0,59.0,0.1875,1.0,11.0,4.0,16.0,181.0,81.8,64.0,0.0625,72.2,22.3,38.3,996.6,0.0,8.2,5.1,41.4,NE,-2.66,-5.17,0.16
716451,2023-09-24,2023,PIT,2023-09-24 13:40:00,13,4,2,6,3,15,10,13,289,83.5,2,47,0.0426,0.2308,2.0,8.0,5.0,6.0,137.0,83.7,42.0,0.3333,1.0,7.0,5.0,7.0,152.0,83.3,51.0,0.1429,76.8,24.9,46.0,996.9,0.0,12.1,7.5,21.0,N,0.32,-3.84,4.43
746737,2024-03-28,2024,WSH,2024-03-28 16:10:00,16,8,2,10,3,18,2,16,264,83.3,2,48,0.0417,0.1875,2.0,9.0,2.0,10.0,128.0,86.4,37.0,0.2,1.0,9.0,0.0,6.0,136.0,80.8,47.0,0.1667,55.2,12.9,36.0,1000.2,0.0,18.6,11.6,287.0,W,18.51,18.01,16.79
746736,2024-03-30,2024,WSH,2024-03-30 16:10:00,16,6,7,13,3,22,9,21,322,82.5,4,49,0.0816,0.1429,2.0,8.0,3.0,10.0,139.0,84.1,50.0,0.2,1.0,14.0,6.0,11.0,183.0,81.1,60.0,0.0909,71.8,22.1,47.3,989.3,0.0,26.8,16.7,256.7,W,21.73,25.78,15.05
746739,2024-03-31,2024,WSH,2024-03-31 13:40:00,13,6,5,11,4,14,7,23,304,82.1,4,58,0.069,0.1739,2.0,7.0,3.0,14.0,143.0,83.0,49.0,0.1429,2.0,7.0,4.0,9.0,161.0,81.4,61.0,0.2222,61.5,16.4,73.3,994.7,0.0,4.2,2.6,149.8,SE,-3.32,-2.25,-3.98
746733,2024-04-05,2024,NYM,2024-04-05 18:40:00,18,2,3,5,2,19,11,11,313,78.0,3,47,0.0638,0.1818,1.0,9.0,6.0,7.0,154.0,78.6,45.0,0.1429,1.0,10.0,5.0,4.0,159.0,77.5,51.0,0.25,45.4,7.5,56.7,999.7,0.0,14.7,9.1,333.7,NW,11.07,7.09,13.71
746731,2024-04-06,2024,NYM,2024-04-06 16:10:00,16,9,6,15,1,18,7,19,319,82.8,4,54,0.0741,0.0526,1.0,11.0,5.0,8.0,171.0,80.7,50.0,0.125,0.0,7.0,2.0,11.0,148.0,85.1,45.0,0.0,55.6,13.1,38.7,1001.5,0.0,10.1,6.3,354.0,N,4.84,1.5,7.59
746734,2024-04-07,2024,NYM,2024-04-07 13:40:00,13,1,3,4,1,17,7,12,300,81.5,4,47,0.0851,0.0833,0.0,12.0,5.0,3.0,156.0,81.8,40.0,0.0,1.0,5.0,2.0,9.0,144.0,81.3,48.0,0.1111,58.8,14.9,42.7,999.7,0.0,17.3,10.7,129.3,SE,-16.56,-13.85,-17.27
746735,2024-04-08,2024,MIL,2024-04-08 18:40:00,18,10,8,18,5,17,5,22,312,86.0,6,59,0.1017,0.2273,3.0,6.0,3.0,10.0,155.0,86.6,49.0,0.3,2.0,11.0,2.0,12.0,157.0,85.4,52.0,0.1667,70.8,21.5,52.3,995.5,0.0,11.6,7.2,214.5,SW,2.41,6.13,-1.61
746732,2024-04-09,2024,MIL,2024-04-09 18:40:00,18,5,9,14,0,17,6,23,330,83.7,2,62,0.0323,0.0,0.0,12.0,2.0,10.0,153.0,85.3,52.0,0.0,0.0,5.0,4.0,13.0,177.0,82.3,62.0,0.0,64.9,18.3,76.7,995.1,0.9,15.1,9.4,219.7,SW,4.47,9.14,-0.75
746728,2024-04-10,2024,MIL,2024-04-10 18:40:00,18,2,7,9,3,14,5,10,258,83.5,4,47,0.0851,0.3,1.0,2.0,2.0,4.0,111.0,84.3,38.0,0.25,2.0,12.0,3.0,6.0,147.0,82.8,47.0,0.3333,61.5,16.4,94.3,990.8,3.6,10.9,6.8,130.7,SE,-10.36,-8.57,-10.89
746729,2024-04-19,2024,LAA,2024-04-19 18:40:00,18,7,1,8,2,12,7,12,248,80.7,5,50,0.1,0.1667,2.0,3.0,6.0,5.0,131.0,78.9,46.0,0.4,0.0,9.0,1.0,7.0,117.0,83.0,37.0,0.0,57.9,14.4,46.0,999.4,0.0,15.4,9.6,324.7,NW,13.06,9.47,15.09
746726,2024-04-20,2024,LAA,2024-04-20 18:40:00,18,7,5,12,2,20,11,16,304,80.9,2,45,0.0444,0.125,1.0,13.0,8.0,9.0,161.0,81.1,41.0,0.1111,1.0,7.0,3.0,7.0,143.0,80.8,53.0,0.1429,51.0,10.5,44.0,1001.5,0.0,14.5,9.0,298.7,NW,14.45,13.04,14.11
746727,2024-04-21,2024,LAA,2024-04-21 13:40:00,13,3,0,3,0,16,9,11,291,79.4,2,44,0.0455,0.0,0.0,10.0,4.0,5.0,131.0,78.2,39.0,0.0,0.0,6.0,5.0,6.0,160.0,80.2,54.0,0.0,47.9,8.8,48.3,1002.4,0.0,13.1,8.1,327.7,NW,10.68,7.46,12.61
746723,2024-04-22,2024,PHI,2024-04-22 18:40:00,18,0,7,7,1,16,4,11,240,82.8,2,48,0.0417,0.0909,0.0,9.0,1.0,2.0,111.0,75.8,29.0,0.0,1.0,7.0,3.0,9.0,129.0,87.1,47.0,0.1111,58.0,14.5,42.7,1000.4,0.0,9.0,5.6,212.3,SW,1.53,4.46,-1.58
746722,2024-04-23,2024,PHI,2024-04-23 18:40:00,18,8,1,9,2,13,7,15,279,83.0,2,54,0.037,0.1333,2.0,6.0,3.0,9.0,142.0,84.6,51.0,0.2222,0.0,7.0,4.0,6.0,137.0,81.3,47.0,0.0,61.3,16.3,59.7,993.3,2.2,16.0,9.9,242.3,SW,10.25,13.83,5.42
746725,2024-04-24,2024,PHI,2024-04-24 18:40:00,18,7,4,11,1,21,10,21,334,82.3,4,49,0.0816,0.0476,1.0,13.0,7.0,10.0,178.0,82.1,45.0,0.1,0.0,8.0,3.0,11.0,156.0,82.4,51.0,0.0,56.4,13.6,53.0,1002.2,0.0,14.3,8.9,347.7,N,8.17,3.66,11.69
746724,2024-04-25,2024,PHI,2024-04-25 13:10:00,13,0,5,5,1,19,6,14,297,83.4,3,46,0.0652,0.0714,0.0,13.0,5.0,3.0,162.0,80.9,39.0,0.0,1.0,6.0,1.0,11.0,135.0,85.8,40.0,0.0909,55.0,12.8,52.7,1006.8,0.0,8.4,5.2,63.0,NE,-5.43,-7.28,-2.93
746721,2024-05-03,2024,BAL,2024-05-03 18:10:00,18,0,3,3,1,16,5,11,274,80.7,2,48,0.0417,0.0909,0.0,8.0,0.0,2.0,106.0,80.6,37.0,0.0,1.0,8.0,5.0,9.0,168.0,80.7,63.0,0.1111,70.8,21.6,78.3,995.4,1.9,5.0,3.1,273.7,W,4.76,5.03,3.92
746720,2024-05-04,2024,BAL,2024-05-04 18:40:00,18,1,2,3,2,23,3,13,257,80.8,0,42,0.0,0.1538,0.0,10.0,2.0,6.0,126.0,78.6,35.0,0.0,2.0,13.0,1.0,7.0,131.0,82.6,42.0,0.2857,70.3,21.3,82.0,993.6,1.1,8.7,5.4,210.4,SW,1.2,4.09,-1.83
746719,2024-05-05,2024,BAL,2024-05-05 16:10:00,16,1,11,12,3,18,8,14,303,80.3,2,47,0.0426,0.2143,0.0,8.0,3.0,3.0,137.0,78.8,34.0,0.0,3.0,10.0,5.0,11.0,166.0,81.3,51.0,0.2727,76.4,24.7,57.3,996.5,0.0,11.0,6.9,268.7,W,10.09,11.01,7.96
746718,2024-05-07,2024,AZ,2024-05-07 18:40:00,18,2,6,8,4,20,6,11,272,80.7,6,45,0.1333,0.3636,2.0,8.0,4.0,3.0,125.0,82.6,40.0,0.6667,2.0,12.0,2.0,8.0,147.0,79.2,55.0,0.25,76.1,24.5,74.0,984.0,0.0,19.4,12.0,198.0,S,-1.52,5.18,-8.03
746717,2024-05-08,2024,AZ,2024-05-08 18:40:00,18,3,4,7,1,11,6,17,272,83.6,1,56,0.0179,0.0588,0.0,4.0,3.0,9.0,142.0,82.2,47.0,0.0,1.0,7.0,3.0,8.0,130.0,84.8,53.0,0.125,79.9,26.6,51.7,986.5,0.0,4.2,2.6,144.2,SE,-3.6,-2.63,-4.15
746715,2024-05-09,2024,AZ,2024-05-09 13:10:00,13,4,5,9,2,16,11,18,305,81.5,2,51,0.0392,0.1111,1.0,6.0,3.0,9.0,131.0,80.7,50.0,0.1111,1.0,10.0,8.0,9.0,174.0,82.3,48.0,0.1111,72.5,22.5,73.0,984.2,0.2,16.5,10.3,242.3,SW,10.57,14.27,5.6
746716,2024-05-21,2024,SD,2024-05-21 18:40:00,18,2,0,2,0,11,6,8,259,80.6,0,46,0.0,0.0,0.0,6.0,4.0,3.0,142.0,79.3,44.0,0.0,0.0,5.0,2.0,5.0,117.0,82.0,43.0,0.0,81.8,27.7,56.0,992.0,0.1,12.4,7.7,178.7,S,-5.0,-0.83,-8.57
746712,2024-05-22,2024,SD,2024-05-22 18:40:00,18,3,7,10,2,12,3,20,238,83.9,1,57,0.0175,0.1,1.0,9.0,2.0,6.0,118.0,83.6,41.0,0.1667,1.0,3.0,1.0,14.0,120.0,84.2,49.0,0.0714,80.5,26.9,61.7,992.3,0.5,15.1,9.4,220.0,SW,4.55,9.21,-0.66
746714,2024-05-23,2024,SD,2024-05-23 13:10:00,13,4,6,10,1,24,7,20,337,80.2,2,50,0.04,0.05,1.0,16.0,5.0,8.0,185.0,79.2,41.0,0.125,0.0,8.0,1.0,12.0,152.0,80.9,62.0,0.0,76.3,24.6,58.3,995.4,0.0,11.0,6.8,165.1,S,-6.66,-3.28,-9.24
746713,2024-05-24,2024,LAD,2024-05-24 19:10:00,19,9,6,15,5,16,12,17,336,81.7,7,51,0.1373,0.2941,3.0,11.0,9.0,6.0,179.0,77.7,48.0,0.5,2.0,5.0,3.0,11.0,157.0,85.2,56.0,0.1818,75.9,24.4,65.3,991.5,0.0,10.4,6.4,162.1,S,-6.72,-3.61,-9.01
746710,2024-05-25,2024,LAD,2024-05-25 19:15:00,19,3,1,4,2,14,4,14,269,81.8,2,45,0.0444,0.1429,2.0,6.0,2.0,9.0,132.0,79.3,47.0,0.2222,0.0,8.0,2.0,5.0,137.0,84.6,44.0,0.0,75.7,24.3,71.3,991.8,0.0,6.2,3.8,294.7,NW,6.16,5.71,5.87
746711,2024-05-26,2024,LAD,2024-05-26 12:10:00,12,4,1,5,0,17,3,13,293,81.0,2,47,0.0426,0.0,,,,,,,,,,,,,,,,,77.0,25.0,71.0,989.6,5.3,17.7,11.0,170.0,S,-9.5,-3.82,-14.04
746708,2024-05-27,2024,STL,2024-05-27 16:10:00,16,3,1,4,2,18,6,10,256,81.5,1,42,0.0238,0.2,,,,,,,,,,,,,,,,,76.3,24.6,49.3,988.8,0.0,24.9,15.5,273.7,W,23.57,24.89,19.4
746709,2024-05-28,2024,STL,2024-05-28 18:40:00,18,1,7,8,3,15,6,17,291,81.4,3,55,0.0545,0.1765,,,,,,,,,,,,,,,,,71.7,22.1,48.0,995.6,0.0,14.7,9.1,290.3,W,14.66,13.96,13.58
746706,2024-05-29,2024,STL,2024-05-29 13:10:00,13,3,5,8,2,12,9,20,317,82.1,3,57,0.0526,0.1,,,,,,,,,,,,,,,,,66.6,19.2,54.0,1000.3,0.6,18.9,11.8,324.3,NW,16.09,11.7,18.53
746707,2024-06-06,2024,CHC,2024-06-06 19:10:00,19,8,4,12,3,20,9,14,293,81.5,4,44,0.0909,0.2143,,,,,,,,,,,,,,,,,75.7,24.3,42.0,986.5,0.0,16.1,10.0,291.7,W,16.1,15.21,15.05
746704,2024-06-07,2024,CHC,2024-06-07 19:10:00,19,3,2,5,1,15,4,11,245,80.6,1,48,0.0208,0.0909,,,,,,,,,,,,,,,,,74.0,23.3,41.7,991.7,0.0,13.9,8.6,274.4,W,13.21,13.89,10.94
746703,2024-06-08,2024,CHC,2024-06-08 16:10:00,16,4,3,7,2,12,7,16,277,82.6,2,54,0.037,0.125,,,,,,,,,,,,,,,,,77.3,25.2,53.0,992.4,0.0,15.1,9.4,227.0,SW,6.26,10.58,1.19
746705,2024-06-09,2024,CHC,2024-06-09 13:40:00,13,2,4,6,1,20,8,16,303,82.1,1,47,0.0213,0.0625,1.0,11.0,2.0,5.0,125.0,82.3,36.0,0.2,0.0,9.0,4.0,11.0,178.0,81.9,66.0,0.0,75.5,24.2,38.0,992.6,0.0,13.3,8.3,320.0,NW,11.8,8.99,13.19
746702,2024-06-11,2024,CLE,2024-06-11 19:10:00,19,3,5,8,1,18,8,15,296,77.0,4,51,0.0784,0.0667,0.0,11.0,3.0,6.0,140.0,80.3,41.0,0.0,1.0,7.0,4.0,9.0,156.0,74.8,62.0,0.1111,71.5,21.9,47.7,995.8,0.0,4.3,2.7,198.6,S,-0.29,1.18,-1.73
746701,2024-06-12,2024,CLE,2024-06-12 19:10:00,19,4,2,6,2,21,6,13,286,80.9,1,42,0.0238,0.1538,2.0,13.0,2.0,6.0,142.0,77.7,43.0,0.3333,0.0,8.0,4.0,7.0,144.0,83.5,51.0,0.0,78.3,25.7,42.0,996.1,0.0,4.6,2.9,221.3,SW,1.5,2.91,-0.09
746698,2024-06-21,2024,BOS,2024-06-21 19:10:00,19,5,2,7,5,22,5,13,266,81.6,4,42,0.0952,0.3846,3.0,8.0,4.0,7.0,114.0,83.0,37.0,0.4286,2.0,14.0,1.0,6.0,152.0,80.6,48.0,0.3333,90.0,32.2,45.0,1000.4,0.0,5.2,3.3,316.5,NW,4.78,3.76,5.22
746700,2024-06-22,2024,BOS,2024-06-22 16:10:00,16,3,4,7,3,14,2,20,296,81.4,3,58,0.0517,0.15,2.0,8.0,1.0,11.0,167.0,79.9,75.0,0.1818,1.0,6.0,1.0,9.0,129.0,83.8,47.0,0.1111,92.1,33.4,39.0,995.3,0.5,15.4,9.6,232.0,SW,7.58,11.71,2.54
746699,2024-06-23,2024,BOS,2024-06-23 13:40:00,13,4,7,11,2,17,4,20,304,81.5,6,57,0.1053,0.1,0.0,8.0,0.0,10.0,159.0,80.4,63.0,0.0,2.0,9.0,4.0,10.0,145.0,83.0,47.0,0.2,85.5,29.7,61.7,989.6,0.2,22.1,13.7,254.7,W,17.43,21.01,11.74
746696,2024-06-24,2024,PIT,2024-06-24 19:10:00,19,11,5,16,2,16,6,22,323,82.5,3,57,0.0526,0.0909,1.0,5.0,2.0,12.0,161.0,82.2,60.0,0.0833,1.0,11.0,4.0,10.0,162.0,82.8,53.0,0.1,81.6,27.5,40.0,995.3,0.0,10.6,6.6,296.3,NW,10.58,9.7,10.18
746697,2024-06-25,2024,PIT,2024-06-25 19:10:00,19,5,9,14,2,19,7,19,319,83.3,3,55,0.0545,0.1053,0.0,9.0,3.0,9.0,146.0,82.6,49.0,0.0,2.0,10.0,4.0,10.0,173.0,83.9,59.0,0.2,78.6,25.9,75.0,992.4,0.0,13.1,8.2,224.5,SW,4.92,8.79,0.46
746695,2024-06-26,2024,PIT,2024-06-26 13:10:00,13,1,6,7,2,17,3,14,258,82.4,4,49,0.0816,0.1429,0.0,10.0,1.0,4.0,123.0,81.8,43.0,0.0,2.0,7.0,2.0,10.0,135.0,82.8,53.0,0.2,79.3,26.3,65.3,991.5,0.6,13.3,8.3,230.3,SW,6.22,9.88,1.81
746693,2024-07-05,2024,DET,2024-07-05 19:10:00,19,4,5,9,5,21,6,18,314,81.7,4,49,0.0816,0.2778,1.0,11.0,2.0,7.0,143.0,82.2,42.0,0.1429,4.0,10.0,4.0,11.0,171.0,81.3,58.0,0.3636,77.7,25.4,76.3,991.3,0.0,9.5,5.9,260.3,W,8.04,9.29,5.83
746694,2024-07-06,2024,DET,2024-07-06 16:10:00,16,3,5,8,2,22,8,13,321,80.3,3,43,0.0698,0.1538,1.0,13.0,3.0,6.0,146.0,82.1,35.0,0.1667,1.0,9.0,5.0,7.0,175.0,79.2,55.0,0.1429,82.4,28.0,43.7,996.1,0.0,13.0,8.1,270.3,W,12.07,13.02,9.66
746691,2024-07-07,2024,DET,2024-07-07 13:40:00,13,1,5,6,1,23,4,16,272,80.8,0,44,0.0,0.0625,0.0,15.0,0.0,4.0,118.0,82.0,34.0,0.0,1.0,8.0,4.0,12.0,154.0,80.0,49.0,0.0833,84.0,28.9,43.3,999.3,0.0,2.7,1.7,106.7,E,-2.69,-2.62,-2.43
746692,2024-07-08,2024,COL,2024-07-08 19:10:00,19,6,0,6,1,18,6,12,255,77.9,2,41,0.0488,0.0833,1.0,9.0,4.0,8.0,133.0,78.0,38.0,0.125,0.0,9.0,2.0,4.0,122.0,77.8,46.0,0.0,85.0,29.5,52.3,996.3,0.0,5.7,3.5,223.3,SW,2.02,3.72,0.08
746690,2024-07-09,2024,COL,2024-07-09 19:10:00,19,12,6,18,7,19,8,23,333,83.1,10,55,0.1818,0.3043,4.0,8.0,5.0,13.0,162.0,83.4,57.0,0.3077,3.0,11.0,3.0,10.0,171.0,82.7,53.0,0.3,82.7,28.2,67.7,989.3,0.1,15.4,9.6,123.7,SE,-15.11,-13.17,-15.22
746689,2024-07-10,2024,COL,2024-07-10 19:10:00,19,5,6,11,4,19,3,24,258,86.2,5,54,0.0926,0.1667,2.0,11.0,1.0,12.0,132.0,85.4,46.0,0.1667,2.0,8.0,2.0,12.0,126.0,87.0,42.0,0.1667,76.9,24.9,57.3,995.3,0.0,11.7,7.3,293.2,NW,11.7,10.95,11.04
746688,2024-07-11,2024,COL,2024-07-11 13:10:00,13,8,1,9,4,19,5,17,314,82.4,5,47,0.1064,0.2353,3.0,6.0,1.0,14.0,170.0,82.9,68.0,0.2143,1.0,13.0,4.0,3.0,144.0,81.4,38.0,0.3333,84.1,29.0,46.7,999.3,0.0,1.2,0.7,319.6,NW,1.04,0.79,1.16
746685,2024-07-12,2024,MIA,2024-07-12 19:10:00,19,7,4,11,4,14,6,22,274,81.7,3,57,0.0526,0.1818,3.0,3.0,4.0,11.0,125.0,84.3,43.0,0.2727,1.0,11.0,1.0,11.0,149.0,79.5,52.0,0.0909,82.0,27.8,64.3,1000.3,0.0,4.4,2.7,250.7,W,3.28,4.09,2.08
746687,2024-07-13,2024,MIA,2024-07-13 16:10:00,16,10,6,16,8,24,4,25,313,84.0,5,53,0.0943,0.32,6.0,13.0,0.0,10.0,135.0,85.7,39.0,0.6,2.0,11.0,4.0,15.0,178.0,82.9,57.0,0.1333,89.1,31.7,41.7,1001.7,0.0,6.7,4.2,284.7,W,6.67,6.58,5.95
746686,2024-07-14,2024,MIA,2024-07-14 13:40:00,13,2,3,5,1,16,10,13,293,82.7,2,48,0.0417,0.0769,1.0,8.0,5.0,4.0,141.0,83.1,44.0,0.25,0.0,8.0,4.0,9.0,152.0,82.3,46.0,0.0,84.7,29.3,66.3,1000.2,5.4,16.1,10.0,244.7,SW,10.78,14.21,6.06
746684,2024-07-29,2024,CHC,2024-07-29 19:10:00,19,7,1,8,4,15,3,12,255,83.3,4,48,0.0833,0.3333,3.0,6.0,1.0,9.0,125.0,83.1,51.0,0.3333,1.0,9.0,2.0,3.0,130.0,83.6,44.0,0.3333,80.1,26.7,70.7,993.4,0.4,14.9,9.3,215.2,SW,3.27,8.04,-1.9
746683,2024-07-30,2024,CHC,2024-07-30 19:10:00,19,6,3,9,2,17,9,19,302,81.2,1,53,0.0189,0.1053,1.0,10.0,4.0,12.0,142.0,84.0,54.0,0.0833,1.0,7.0,5.0,7.0,160.0,78.7,58.0,0.1429,83.8,28.8,64.0,993.4,0.2,8.3,5.2,265.7,W,7.41,8.24,5.69
746678,2024-07-31,2024,CHC,2024-07-31 19:10:00,19,4,13,17,2,17,6,23,316,83.1,5,56,0.0893,0.087,1.0,8.0,4.0,6.0,138.0,82.0,41.0,0.1667,1.0,9.0,2.0,17.0,178.0,83.8,59.0,0.0588,80.7,27.1,78.7,996.5,5.9,10.5,6.5,262.2,W,9.04,10.3,6.69
746679,2024-08-02,2024,SF,2024-08-02 19:10:00,19,0,3,3,2,25,4,9,265,82.0,3,37,0.0811,0.2222,0.0,11.0,3.0,0.0,114.0,79.4,29.0,,2.0,14.0,1.0,9.0,151.0,83.7,45.0,0.2222,75.5,24.2,81.3,993.0,0.0,8.0,5.0,309.0,NW,7.7,6.46,8.02
746681,2024-08-03,2024,SF,2024-08-03 19:15:00,19,6,4,10,7,20,3,13,280,83.6,8,42,0.1905,0.5385,4.0,7.0,2.0,8.0,142.0,84.3,40.0,0.5,3.0,13.0,1.0,5.0,138.0,83.0,46.0,0.6,80.5,26.9,70.0,993.8,0.0,7.1,4.4,7.4,N,1.84,-0.61,4.06
746680,2024-08-04,2024,SF,2024-08-04 12:05:00,12,2,8,10,5,23,4,16,309,83.6,4,46,0.087,0.3125,2.0,12.0,2.0,4.0,140.0,80.4,43.0,0.5,3.0,11.0,2.0,12.0,169.0,86.2,53.0,0.25,84.3,29.0,63.0,998.7,0.5,2.7,1.7,224.6,SW,1.0,1.79,0.1
746682,2024-08-12,2024,STL,2024-08-12 18:40:00,18,6,1,7,3,21,5,11,246,81.5,2,41,0.0488,0.2727,3.0,12.0,3.0,6.0,132.0,80.9,46.0,0.5,0.0,9.0,2.0,5.0,114.0,82.2,36.0,0.0,79.3,26.3,40.0,999.2,0.0,1.8,1.1,35.2,NE,-0.4,-0.99,0.23
746673,2024-08-13,2024,STL,2024-08-13 18:40:00,18,4,1,5,3,14,4,10,237,80.8,2,45,0.0444,0.3,2.0,3.0,2.0,6.0,103.0,83.7,41.0,0.3333,1.0,11.0,2.0,4.0,134.0,78.6,51.0,0.25,81.2,27.3,43.7,999.6,0.0,4.8,3.0,3.3,N,1.58,-0.07,3.03
746677,2024-08-14,2024,STL,2024-08-14 18:40:00,18,9,2,11,5,17,3,23,292,81.8,4,55,0.0727,0.2174,5.0,10.0,2.0,13.0,153.0,84.4,49.0,0.3846,0.0,7.0,1.0,10.0,139.0,79.4,53.0,0.0,83.2,28.5,35.7,999.3,0.0,10.6,6.6,57.5,NE,-6.05,-8.65,-2.73
746674,2024-08-16,2024,KC,2024-08-16 18:40:00,18,1,7,8,2,18,4,17,262,83.3,3,51,0.0588,0.1176,0.0,9.0,3.0,4.0,133.0,85.1,41.0,0.0,2.0,9.0,0.0,13.0,129.0,81.9,52.0,0.1538,75.8,24.3,86.7,993.0,1.1,8.0,5.0,231.7,SW,3.92,6.08,1.28
746675,2024-08-17,2024,KC,2024-08-17 18:40:00,18,1,13,14,3,18,7,22,320,83.2,4,60,0.0667,0.1364,1.0,11.0,1.0,7.0,136.0,80.7,45.0,0.1429,2.0,7.0,6.0,15.0,184.0,84.9,67.0,0.1333,80.1,26.7,57.7,990.7,1.7,16.3,10.1,276.7,W,15.72,16.29,13.25
746676,2024-08-18,2024,KC,2024-08-18 13:40:00,13,1,8,9,1,20,5,20,296,81.3,2,51,0.0392,0.05,0.0,12.0,4.0,7.0,158.0,79.6,40.0,0.0,1.0,8.0,0.0,13.0,138.0,82.5,56.0,0.0769,76.2,24.6,69.0,993.1,3.4,12.0,7.5,303.0,NW,11.8,10.34,11.83
746671,2024-08-27,2024,ATH,2024-08-27 18:40:00,18,4,5,9,3,17,11,19,320,84.2,2,56,0.0357,0.1579,0.0,6.0,6.0,11.0,161.0,83.5,52.0,0.0,3.0,11.0,4.0,8.0,159.0,84.9,47.0,0.375,91.5,33.1,44.0,998.5,0.0,4.5,2.8,214.0,SW,0.89,2.33,-0.66
746672,2024-08-28,2024,ATH,2024-08-28 18:40:00,18,6,9,15,5,18,2,21,265,86.1,5,55,0.0909,0.2381,1.0,8.0,1.0,8.0,143.0,85.9,49.0,0.125,4.0,10.0,1.0,13.0,122.0,86.2,43.0,0.3077,79.3,26.3,80.7,999.3,2.0,10.1,6.3,335.8,NW,7.32,4.52,9.24
746670,2024-08-29,2024,ATH,2024-08-29 17:10:00,17,10,9,19,6,10,10,22,296,82.7,8,60,0.1333,0.2727,2.0,4.0,7.0,8.0,139.0,82.3,41.0,0.25,4.0,6.0,3.0,14.0,157.0,83.0,54.0,0.2857,91.9,33.3,43.0,999.8,0.1,3.3,2.1,25.7,NE,-0.18,-1.3,0.96
746665,2024-08-30,2024,MIL,2024-08-30 18:40:00,18,0,14,14,4,20,8,20,308,83.1,7,52,0.1346,0.2,0.0,8.0,1.0,5.0,109.0,82.8,37.0,0.0,4.0,12.0,7.0,15.0,199.0,83.3,63.0,0.2667,88.8,31.5,48.0,998.0,0.0,9.9,6.2,281.3,W,9.71,9.78,8.47
746730,2024-08-30,2024,MIL,2024-04-11 13:10:00,13,4,5,9,4,15,4,20,315,82.2,6,58,0.1034,0.2,2.0,9.0,3.0,9.0,185.0,81.6,68.0,0.2222,2.0,6.0,1.0,11.0,130.0,83.0,51.0,0.1818,67.4,19.7,74.3,976.2,0.4,13.1,8.1,216.5,SW,3.16,7.32,-1.38
746667,2024-08-31,2024,MIL,2024-08-31 19:15:00,19,4,5,9,3,23,12,16,343,82.0,4,46,0.087,0.1875,1.0,9.0,6.0,8.0,166.0,82.1,56.0,0.125,2.0,14.0,6.0,8.0,177.0,82.0,50.0,0.25,77.2,25.1,75.0,996.7,0.0,4.0,2.5,261.4,W,3.4,3.89,2.49
746669,2024-09-01,2024,MIL,2024-09-01 12:10:00,12,4,3,7,2,15,4,15,326,85.5,5,65,0.0769,0.1333,1.0,9.0,4.0,10.0,160.0,86.3,58.0,0.1,1.0,6.0,0.0,5.0,166.0,84.7,58.0,0.2,81.9,27.7,43.0,997.5,0.0,6.9,4.3,293.3,NW,6.87,6.42,6.48
746668,2024-09-02,2024,HOU,2024-09-02 16:10:00,16,5,3,8,0,18,11,19,349,80.5,2,52,0.0385,0.0,0.0,10.0,6.0,13.0,178.0,81.7,52.0,0.0,0.0,8.0,4.0,6.0,171.0,79.3,60.0,0.0,76.0,24.4,33.3,1003.7,0.0,16.5,10.3,25.0,NE,-0.72,-6.33,4.97
746666,2024-09-04,2024,HOU,2024-09-04 18:40:00,18,12,5,17,2,20,8,22,343,80.5,3,54,0.0556,0.0909,1.0,7.0,5.0,13.0,191.0,82.5,69.0,0.0769,1.0,13.0,3.0,9.0,152.0,78.2,58.0,0.1111,81.5,27.5,44.3,1004.1,0.0,8.3,5.2,113.7,SE,-8.3,-7.74,-7.86
746664,2024-09-05,2024,HOU,2024-09-05 13:10:00,13,1,0,1,1,13,7,10,252,82.0,2,46,0.0435,0.1,1.0,8.0,2.0,6.0,130.0,79.9,44.0,0.1667,0.0,5.0,5.0,4.0,122.0,83.9,49.0,0.0,83.9,28.8,48.0,1003.4,0.0,2.5,1.6,175.8,S,-1.12,-0.29,-1.82
746659,2024-09-17,2024,ATL,2024-09-17 18:40:00,18,6,5,11,4,17,9,22,342,80.8,3,56,0.0536,0.1818,1.0,7.0,3.0,10.0,150.0,80.2,53.0,0.1,3.0,10.0,6.0,12.0,192.0,81.3,64.0,0.25,77.9,25.5,43.7,997.0,0.0,5.8,3.6,53.1,NE,-2.97,-4.51,-1.08
746662,2024-09-18,2024,ATL,2024-09-18 18:40:00,18,1,7,8,2,18,4,16,281,82.0,3,50,0.06,0.125,0.0,8.0,3.0,5.0,128.0,80.5,45.0,0.0,2.0,10.0,1.0,11.0,153.0,83.1,57.0,0.1818,81.7,27.6,51.3,994.2,0.0,7.2,4.5,13.7,N,1.11,-1.4,3.49
746663,2024-09-19,2024,ATL,2024-09-19 13:10:00,13,3,15,18,7,24,6,28,347,81.4,6,55,0.1091,0.25,1.0,14.0,3.0,10.0,176.0,78.1,49.0,0.1,6.0,10.0,3.0,18.0,171.0,83.7,70.0,0.3333,87.4,30.8,36.0,995.1,0.0,6.4,4.0,2.3,N,2.19,0.02,4.11
746661,2024-09-20,2024,PIT,2024-09-20 18:40:00,18,8,3,11,3,17,7,17,282,80.9,5,50,0.1,0.1765,2.0,6.0,6.0,8.0,152.0,81.0,51.0,0.25,1.0,11.0,1.0,9.0,130.0,80.9,47.0,0.1111,86.0,30.0,43.3,992.0,0.0,8.2,5.1,269.8,W,7.56,8.19,6.03
746660,2024-09-21,2024,PIT,2024-09-21 13:10:00,13,7,1,8,3,16,8,16,291,83.7,5,52,0.0962,0.1875,2.0,7.0,4.0,9.0,133.0,82.3,50.0,0.2222,1.0,9.0,4.0,7.0,158.0,85.0,56.0,0.1429,86.5,30.3,47.0,995.1,0.0,2.6,1.6,353.1,N,1.26,0.42,1.95
746657,2024-09-22,2024,PIT,2024-09-22 13:10:00,13,0,2,2,2,27,6,10,289,80.7,2,34,0.0588,0.2,0.0,13.0,1.0,3.0,126.0,81.4,34.0,0.0,2.0,14.0,5.0,7.0,163.0,80.2,47.0,0.2857,78.7,26.0,69.7,995.0,0.6,13.4,8.3,260.0,W,11.33,13.11,8.18
778561,2025-03-27,2025,SF,2025-03-27 16:10:00,16,4,6,10,2,25,6,14,293,83.3,3,41,0.0732,0.1429,0.0,8.0,4.0,8.0,135.0,86.1,38.0,0.0,2.0,17.0,2.0,6.0,158.0,81.1,51.0,0.3333,59.2,15.1,44.0,1004.7,0.0,11.9,7.4,214.3,SW,2.44,6.28,-1.69
778540,2025-03-29,2025,SF,2025-03-29 16:10:00,16,3,2,5,3,10,1,16,257,82.2,2,54,0.037,0.1875,2.0,9.0,1.0,8.0,135.0,80.8,47.0,0.25,1.0,1.0,0.0,8.0,122.0,83.4,56.0,0.125,72.6,22.6,51.0,996.3,0.0,16.6,10.3,214.3,SW,3.41,8.76,-2.36
778522,2025-03-30,2025,SF,2025-03-30 13:40:00,13,3,6,9,4,12,4,12,264,80.6,4,53,0.0755,0.3333,2.0,5.0,2.0,5.0,124.0,84.1,38.0,0.4,2.0,7.0,2.0,7.0,140.0,78.2,53.0,0.2857,72.1,22.3,67.3,991.3,0.1,22.0,13.6,204.3,SW,0.7,8.17,-6.85
778511,2025-03-31,2025,TEX,2025-03-31 18:40:00,18,14,3,17,4,17,8,19,289,84.9,7,53,0.1321,0.2105,3.0,8.0,4.0,14.0,155.0,86.0,44.0,0.2143,1.0,9.0,4.0,5.0,134.0,83.6,41.0,0.2,45.8,7.7,63.3,993.7,0.0,16.7,10.4,322.7,NW,14.44,10.7,16.44
778498,2025-04-01,2025,TEX,2025-04-01 18:40:00,18,0,1,1,1,14,4,8,233,82.9,3,47,0.0638,0.125,0.0,8.0,0.0,4.0,99.0,82.1,35.0,0.0,1.0,6.0,4.0,4.0,134.0,83.6,40.0,0.25,51.5,10.8,59.0,999.0,0.0,10.1,6.3,104.3,E,-10.03,-9.92,-8.93
778480,2025-04-02,2025,TEX,2025-04-02 12:40:00,12,0,1,1,0,19,2,6,245,81.9,2,41,0.0488,0.0,0.0,10.0,0.0,3.0,120.0,79.7,36.0,0.0,0.0,9.0,2.0,3.0,125.0,83.4,52.0,0.0,72.4,22.5,66.7,989.6,0.0,27.6,17.1,189.7,S,-6.13,3.43,-14.95
778374,2025-04-11,2025,PIT,2025-04-11 18:40:00,18,5,3,8,2,15,10,8,264,83.6,4,40,0.1,0.25,1.0,7.0,6.0,4.0,122.0,82.7,29.0,0.25,1.0,8.0,4.0,4.0,142.0,84.2,40.0,0.25,47.2,8.4,53.7,1001.3,0.0,15.4,9.5,4.3,N,4.79,-0.49,9.5
778357,2025-04-12,2025,PIT,2025-04-12 18:40:00,18,5,2,7,2,16,6,8,270,80.1,4,42,0.0952,0.25,1.0,7.0,3.0,4.0,127.0,78.5,52.0,0.25,1.0,9.0,3.0,4.0,143.0,81.9,49.0,0.25,53.8,12.1,46.0,1000.2,0.0,9.2,5.7,325.7,NW,7.7,5.51,8.96
778343,2025-04-13,2025,PIT,2025-04-13 13:40:00,13,4,0,4,0,16,4,8,240,82.5,2,43,0.0465,0.0,0.0,7.0,3.0,6.0,125.0,81.6,36.0,0.0,0.0,9.0,1.0,2.0,115.0,83.2,43.0,0.0,57.2,14.0,50.3,999.9,0.7,13.6,8.4,177.3,S,-5.77,-1.22,-9.62
778316,2025-04-15,2025,SEA,2025-04-15 18:40:00,18,8,4,12,3,18,12,15,335,82.4,6,48,0.125,0.2,1.0,6.0,7.0,9.0,168.0,82.8,54.0,0.1111,2.0,12.0,5.0,6.0,167.0,82.1,47.0,0.3333,50.2,10.1,53.7,996.4,0.0,19.8,12.3,291.7,W,19.8,18.7,18.51
778304,2025-04-16,2025,SEA,2025-04-16 18:40:00,18,3,5,8,2,20,6,20,287,84.3,4,50,0.08,0.1,0.0,12.0,2.0,10.0,145.0,84.9,45.0,0.0,2.0,8.0,4.0,10.0,142.0,83.9,54.0,0.2,54.0,12.2,48.3,999.6,0.0,7.8,4.9,326.6,NW,6.48,4.59,7.6
778285,2025-04-17,2025,SEA,2025-04-17 12:40:00,12,7,11,18,5,16,13,24,378,83.3,10,66,0.1515,0.2083,2.0,7.0,6.0,10.0,175.0,83.1,55.0,0.2,3.0,9.0,7.0,14.0,203.0,83.4,72.0,0.2143,60.1,15.6,43.3,1003.1,0.0,12.5,7.8,149.3,SE,-10.03,-6.86,-12.0
778141,2025-04-28,2025,STL,2025-04-28 18:40:00,18,3,1,4,1,11,6,13,232,80.2,2,48,0.0417,0.0769,1.0,4.0,4.0,8.0,121.0,79.7,39.0,0.125,0.0,7.0,2.0,5.0,111.0,80.7,35.0,0.0,74.1,23.4,59.3,999.9,0.0,9.6,6.0,176.3,S,-4.23,-1.03,-6.92
778119,2025-04-30,2025,STL,2025-04-30 18:40:00,18,1,9,10,2,18,2,15,278,80.6,3,52,0.0577,0.1333,0.0,11.0,0.0,7.0,143.0,78.8,55.0,0.0,2.0,7.0,2.0,8.0,135.0,82.7,49.0,0.25,72.9,22.7,70.3,996.6,0.0,6.7,4.2,126.4,SE,-6.5,-5.56,-6.66
778134,2025-04-30,2025,STL,2025-04-29 18:40:00,18,0,6,6,4,11,9,10,278,84.9,9,50,0.18,0.4,0.0,6.0,2.0,3.0,119.0,84.3,43.0,0.0,4.0,5.0,7.0,7.0,159.0,85.6,41.0,0.5714,68.1,20.0,91.7,998.6,3.4,16.5,10.3,237.0,SW,9.36,13.46,4.13
778107,2025-05-01,2025,STL,2025-05-01 12:40:00,12,9,1,10,2,16,8,12,276,81.1,3,47,0.0638,0.1667,2.0,7.0,4.0,9.0,144.0,82.5,43.0,0.2222,0.0,9.0,4.0,3.0,132.0,79.8,45.0,0.0,70.3,21.3,82.0,992.6,6.1,23.3,14.5,218.0,SW,6.22,13.51,-1.83
778087,2025-05-02,2025,WSH,2025-05-02 18:10:00,18,6,1,7,1,22,10,11,321,79.8,2,39,0.0513,0.0909,0.0,5.0,6.0,7.0,156.0,80.8,50.0,0.0,1.0,17.0,4.0,4.0,165.0,78.8,56.0,0.25,66.3,19.0,83.3,992.4,3.0,10.9,6.8,212.3,SW,1.85,5.4,-1.93
778077,2025-05-03,2025,WSH,2025-05-03 18:40:00,18,6,11,17,2,18,9,27,330,84.0,6,62,0.0968,0.0741,1.0,10.0,4.0,12.0,145.0,83.8,45.0,0.0833,1.0,8.0,5.0,15.0,185.0,84.2,62.0,0.0667,55.8,13.2,89.7,989.9,0.5,15.6,9.7,35.0,NE,-3.38,-8.38,2.04
778058,2025-05-04,2025,WSH,2025-05-04 16:10:00,16,1,4,5,2,21,5,14,290,83.0,3,46,0.0652,0.1429,1.0,13.0,4.0,5.0,145.0,80.6,42.0,0.2,1.0,8.0,1.0,9.0,145.0,85.2,46.0,0.1111,60.0,15.5,66.0,989.3,0.1,10.1,6.3,189.6,S,-2.24,1.25,-5.46
777945,2025-05-13,2025,CWS,2025-05-13 18:40:00,18,1,5,6,2,22,3,15,328,80.9,3,50,0.06,0.1333,1.0,12.0,1.0,6.0,158.0,80.2,45.0,0.1667,1.0,10.0,2.0,9.0,170.0,81.3,64.0,0.1111,67.9,20.0,83.3,989.3,0.8,6.5,4.1,199.6,S,-0.33,1.92,-2.55
777928,2025-05-14,2025,CWS,2025-05-14 19:14:00,19,2,4,6,3,13,4,19,289,84.2,7,58,0.1207,0.1579,1.0,6.0,1.0,9.0,126.0,85.2,47.0,0.1111,2.0,7.0,3.0,10.0,163.0,83.3,55.0,0.2,69.4,20.8,83.3,989.6,0.3,8.8,5.5,146.8,SE,-7.27,-5.13,-8.53
777912,2025-05-15,2025,CWS,2025-05-15 12:40:00,12,7,1,8,3,11,4,16,246,83.1,5,54,0.0926,0.1875,3.0,5.0,3.0,12.0,121.0,85.5,43.0,0.25,0.0,6.0,1.0,4.0,125.0,80.9,49.0,0.0,79.3,26.3,69.0,988.7,1.4,14.4,8.9,196.0,S,-1.63,3.35,-6.41
777902,2025-05-16,2025,CLE,2025-05-16 17:10:00,17,5,4,9,4,12,5,16,267,82.7,4,53,0.0755,0.25,2.0,7.0,2.0,11.0,133.0,84.9,41.0,0.1818,2.0,5.0,3.0,5.0,134.0,80.8,49.0,0.4,76.9,25.0,76.7,984.6,0.3,19.4,12.1,211.3,SW,2.98,9.36,-3.76
777892,2025-05-17,2025,CLE,2025-05-17 18:40:00,18,4,1,5,3,21,1,17,266,82.7,3,43,0.0698,0.1765,2.0,15.0,1.0,9.0,131.0,80.9,38.0,0.2222,1.0,6.0,0.0,8.0,135.0,84.2,48.0,0.125,67.0,19.4,58.3,989.6,0.0,19.3,12.0,274.3,W,18.37,19.32,15.2
777874,2025-05-18,2025,CLE,2025-05-18 13:40:00,13,3,1,4,2,17,6,18,321,81.5,2,50,0.04,0.1111,2.0,9.0,2.0,9.0,142.0,84.9,40.0,0.2222,0.0,8.0,4.0,9.0,179.0,79.3,63.0,0.0,69.7,21.0,53.0,995.3,0.0,8.5,5.3,295.0,NW,8.49,7.85,8.11
777811,2025-05-23,2025,CHC,2025-05-23 18:40:00,18,6,13,19,4,13,9,26,385,80.7,7,67,0.1045,0.1538,0.0,6.0,5.0,13.0,187.0,78.8,73.0,0.0,4.0,7.0,4.0,13.0,198.0,82.6,70.0,0.3077,61.9,16.6,51.3,999.1,0.0,12.5,7.8,281.0,W,12.28,12.4,10.69
777791,2025-05-24,2025,CHC,2025-05-24 16:10:00,16,6,4,10,3,15,7,20,306,84.1,8,53,0.1509,0.15,1.0,10.0,5.0,9.0,152.0,81.6,48.0,0.1111,2.0,5.0,2.0,11.0,154.0,86.2,56.0,0.1818,67.5,19.7,41.0,1002.9,0.0,9.4,5.9,322.3,NW,8.18,6.08,9.29
777779,2025-05-25,2025,CHC,2025-05-25 13:40:00,13,8,11,19,3,22,8,24,356,83.4,4,56,0.0714,0.125,0.0,11.0,3.0,11.0,174.0,83.7,56.0,0.0,3.0,11.0,5.0,13.0,182.0,83.2,54.0,0.2308,67.5,19.7,46.7,1004.9,0.0,8.3,5.2,47.7,NE,-3.53,-5.89,-0.75
777671,2025-06-02,2025,MIL,2025-06-02 19:10:00,19,2,3,5,1,18,5,13,295,76.5,2,47,0.0426,0.0769,0.0,11.0,2.0,8.0,140.0,75.0,36.0,0.0,1.0,7.0,3.0,5.0,155.0,77.6,44.0,0.2,72.1,22.3,51.0,998.2,0.0,5.3,3.3,218.7,SW,1.48,3.15,-0.36
777668,2025-06-03,2025,MIL,2025-06-03 19:10:00,19,4,2,6,3,19,8,13,274,82.6,4,45,0.0889,0.2308,2.0,10.0,4.0,8.0,140.0,82.9,38.0,0.25,1.0,9.0,3.0,5.0,134.0,82.4,48.0,0.2,81.4,27.5,55.7,997.3,0.0,10.0,6.2,192.8,S,-1.68,1.78,-4.94
777647,2025-06-04,2025,MIL,2025-06-04 12:40:00,12,1,9,10,3,14,7,17,294,81.6,2,56,0.0357,0.1765,0.0,7.0,5.0,4.0,142.0,79.1,38.0,0.0,3.0,7.0,2.0,13.0,152.0,83.4,53.0,0.2308,83.7,28.7,46.0,1000.8,0.0,17.3,10.7,221.7,SW,5.68,10.93,-0.25
777623,2025-06-06,2025,AZ,2025-06-06 19:10:00,19,4,3,7,4,22,5,15,307,80.4,5,49,0.102,0.2667,2.0,10.0,4.0,9.0,154.0,78.7,45.0,0.2222,2.0,12.0,1.0,6.0,153.0,81.8,56.0,0.3333,73.9,23.3,81.3,993.4,1.2,10.0,6.2,250.3,W,7.39,9.23,4.65
777612,2025-06-07,2025,AZ,2025-06-07 16:10:00,16,13,1,14,3,14,10,18,322,80.8,2,54,0.037,0.1667,2.0,6.0,7.0,11.0,173.0,83.4,52.0,0.1818,1.0,8.0,3.0,7.0,149.0,77.9,48.0,0.1429,74.8,23.8,71.0,991.2,0.5,7.9,4.9,231.0,SW,3.77,5.92,1.17
777602,2025-06-08,2025,AZ,2025-06-08 13:40:00,13,4,2,6,4,14,6,11,241,83.6,6,44,0.1364,0.3636,3.0,6.0,3.0,6.0,111.0,83.4,38.0,0.5,1.0,8.0,3.0,5.0,130.0,83.7,49.0,0.2,75.3,24.0,69.3,987.5,0.1,14.8,9.2,285.0,W,14.71,14.48,13.16
777478,2025-06-17,2025,MIN,2025-06-17 19:10:00,19,6,5,11,2,19,10,13,307,82.3,3,46,0.0652,0.1538,0.0,8.0,8.0,5.0,163.0,86.2,51.0,0.0,2.0,11.0,2.0,8.0,144.0,78.4,51.0,0.25,75.0,23.9,87.3,992.8,0.4,7.9,4.9,203.5,SW,0.13,2.83,-2.58
777474,2025-06-18,2025,MIN,2025-06-18 19:10:00,19,4,2,6,2,9,2,12,175,83.9,2,37,0.0541,0.1667,1.0,5.0,0.0,9.0,88.0,82.6,31.0,0.1111,1.0,4.0,2.0,3.0,87.0,85.2,30.0,0.3333,74.7,23.7,86.7,992.1,0.5,14.2,8.8,196.0,S,-1.61,3.31,-6.34
777452,2025-06-19,2025,MIN,2025-06-19 12:40:00,12,5,12,17,5,20,9,27,357,86.4,8,61,0.1311,0.1852,1.0,10.0,1.0,10.0,155.0,84.2,59.0,0.1,4.0,10.0,8.0,17.0,202.0,88.9,53.0,0.2353,75.7,24.3,69.0,994.7,0.3,18.1,11.2,278.1,W,17.5,17.98,14.9
777390,2025-06-23,2025,NYY,2025-06-23 19:10:00,19,6,1,7,3,18,2,18,300,83.3,6,50,0.12,0.1667,2.0,5.0,1.0,10.0,136.0,83.7,43.0,0.2,1.0,13.0,1.0,8.0,164.0,82.9,50.0,0.125,90.7,32.6,45.0,1002.1,0.0,8.9,5.6,218.4,SW,2.45,5.24,-0.64
777385,2025-06-24,2025,NYY,2025-06-24 19:10:00,19,5,4,9,1,20,5,18,337,83.6,2,59,0.0339,0.0556,0.0,7.0,3.0,11.0,174.0,83.7,43.0,0.0,1.0,13.0,2.0,7.0,163.0,83.6,54.0,0.1429,90.7,32.6,47.7,1002.5,0.0,8.9,5.6,268.7,W,8.17,8.91,6.44
777367,2025-06-25,2025,NYY,2025-06-25 19:10:00,19,1,7,8,1,22,6,17,306,81.9,3,48,0.0625,0.0588,0.0,10.0,1.0,4.0,128.0,79.9,32.0,0.0,1.0,12.0,5.0,13.0,178.0,83.2,54.0,0.0769,87.3,30.7,60.0,1000.3,0.0,6.7,4.2,303.7,NW,6.6,5.76,6.65
777346,2025-06-27,2025,SD,2025-06-27 19:10:00,19,8,1,9,3,22,7,10,301,82.2,4,39,0.1026,0.3,3.0,14.0,3.0,9.0,164.0,83.0,49.0,0.3333,0.0,8.0,4.0,1.0,137.0,81.3,43.0,0.0,85.1,29.5,60.0,997.4,0.6,11.7,7.2,230.8,SW,5.53,8.71,1.68
777328,2025-06-28,2025,SD,2025-06-28 16:10:00,16,4,6,10,3,12,7,22,327,81.8,3,63,0.0476,0.1364,0.0,7.0,4.0,10.0,157.0,80.2,57.0,0.0,3.0,5.0,3.0,12.0,170.0,83.4,57.0,0.25,86.7,30.4,58.0,997.6,1.7,11.6,7.2,249.6,W,8.52,10.71,5.29
777312,2025-06-29,2025,SD,2025-06-29 13:40:00,13,3,2,5,1,13,8,17,297,83.7,3,55,0.0545,0.0588,0.0,8.0,2.0,9.0,126.0,84.6,40.0,0.0,1.0,5.0,5.0,8.0,171.0,83.0,53.0,0.125,85.2,29.6,62.0,998.7,0.0,7.7,4.8,213.3,SW,1.45,3.96,-1.23
777208,2025-07-07,2025,MIA,2025-07-07 19:10:00,19,1,5,6,1,14,3,13,281,82.2,2,52,0.0385,0.0769,0.0,7.0,2.0,3.0,124.0,85.5,37.0,0.0,1.0,7.0,1.0,10.0,157.0,80.2,61.0,0.1,77.9,25.5,79.0,997.2,0.2,8.2,5.1,286.3,W,8.15,7.96,7.36
777197,2025-07-08,2025,MIA,2025-07-08 19:10:00,19,2,12,14,1,15,10,17,325,85.7,2,57,0.0351,0.0588,1.0,13.0,3.0,5.0,173.0,85.0,47.0,0.2,0.0,2.0,7.0,12.0,152.0,86.3,53.0,0.0,82.3,28.0,59.0,998.1,0.0,5.2,3.2,339.1,N,3.57,2.07,4.65
777183,2025-07-09,2025,MIA,2025-07-09 19:10:00,19,7,2,9,3,12,5,18,270,83.6,3,56,0.0536,0.1667,2.0,5.0,3.0,11.0,147.0,84.5,56.0,0.1818,1.0,7.0,2.0,7.0,123.0,82.3,41.0,0.1429,79.3,26.3,71.7,995.9,0.3,5.4,3.3,265.8,W,4.8,5.33,3.68
777168,2025-07-10,2025,MIA,2025-07-10 17:10:00,17,6,0,6,1,16,7,13,284,81.1,1,45,0.0222,0.0769,1.0,10.0,3.0,9.0,143.0,80.7,40.0,0.1111,0.0,6.0,4.0,4.0,141.0,81.5,43.0,0.0,86.4,30.2,48.7,994.9,0.0,7.6,4.7,310.7,NW,7.25,6.0,7.63
777160,2025-07-11,2025,COL,2025-07-11 19:10:00,19,2,3,5,2,29,9,14,305,80.6,3,38,0.0789,0.1429,1.0,13.0,2.0,8.0,167.0,80.1,42.0,0.125,1.0,16.0,4.0,6.0,138.0,81.2,42.0,0.1667,89.2,31.8,41.7,995.6,0.0,8.7,5.4,215.4,SW,1.94,4.71,-1.07
777140,2025-07-12,2025,COL,2025-07-12 16:10:00,16,4,3,7,2,13,4,19,260,85.6,2,53,0.0377,0.1053,1.0,2.0,2.0,11.0,129.0,87.1,56.0,0.0909,1.0,11.0,2.0,8.0,131.0,83.4,36.0,0.125,89.0,31.7,49.7,995.3,1.7,11.2,6.9,234.7,SW,5.94,8.82,2.35
777128,2025-07-13,2025,COL,2025-07-13 13:40:00,13,4,2,6,1,13,5,18,293,82.8,4,56,0.0714,0.0556,1.0,6.0,2.0,11.0,148.0,82.0,54.0,0.0909,0.0,7.0,3.0,7.0,145.0,83.7,49.0,0.0,84.3,29.1,60.3,998.6,0.2,5.5,3.4,244.3,SW,3.67,4.85,2.05
777013,2025-07-25,2025,TB,2025-07-25 19:10:00,19,7,2,9,2,17,7,20,315,81.3,2,54,0.037,0.1,2.0,7.0,2.0,14.0,160.0,81.1,57.0,0.1429,0.0,10.0,4.0,6.0,155.0,81.6,51.0,0.0,86.2,30.1,63.0,998.3,0.0,6.1,3.8,275.1,W,5.79,6.06,4.82
777000,2025-07-26,2025,TB,2025-07-26 18:40:00,18,6,2,8,1,19,12,12,298,82.3,2,44,0.0455,0.0833,0.0,9.0,8.0,7.0,146.0,82.1,38.0,0.0,1.0,10.0,4.0,5.0,152.0,82.5,44.0,0.2,82.6,28.1,75.0,998.2,0.1,7.4,4.6,236.0,SW,4.06,5.92,1.71
776982,2025-07-27,2025,TB,2025-07-27 13:40:00,13,2,1,3,1,18,3,8,258,81.0,1,39,0.0256,0.125,0.0,8.0,2.0,5.0,138.0,80.1,46.0,0.0,1.0,10.0,1.0,3.0,120.0,82.2,36.0,0.3333,82.1,27.8,79.0,1000.9,4.2,7.1,4.4,308.2,NW,6.87,5.8,7.11
776967,2025-07-28,2025,LAD,2025-07-28 19:10:00,19,2,5,7,0,25,9,15,306,78.6,1,45,0.0222,0.0,0.0,12.0,5.0,6.0,145.0,76.2,37.0,0.0,0.0,13.0,4.0,9.0,161.0,80.3,56.0,0.0,84.0,28.9,73.3,999.2,0.1,7.6,4.7,281.3,W,7.45,7.51,6.5
776963,2025-07-29,2025,LAD,2025-07-29 19:10:00,19,4,5,9,3,20,8,17,297,79.5,1,49,0.0204,0.1765,2.0,6.0,5.0,6.0,134.0,81.9,43.0,0.3333,1.0,14.0,3.0,11.0,163.0,77.8,61.0,0.0909,86.5,30.3,61.3,998.9,0.0,8.4,5.2,13.0,N,1.38,-1.52,4.12
776941,2025-07-30,2025,LAD,2025-07-30 19:10:00,19,5,2,7,1,20,9,15,300,83.9,4,45,0.0889,0.0667,0.0,12.0,5.0,8.0,143.0,86.6,35.0,0.0,1.0,8.0,4.0,7.0,157.0,82.3,55.0,0.1429,87.8,31.0,57.3,996.2,0.0,4.1,2.5,53.6,NE,-2.1,-3.16,-0.78
776928,2025-07-31,2025,ATL,2025-07-31 19:10:00,19,11,12,23,3,13,10,30,350,81.9,3,78,0.0385,0.1,3.0,8.0,4.0,17.0,174.0,82.4,57.0,0.1765,0.0,5.0,6.0,13.0,176.0,81.5,64.0,0.0,74.5,23.6,75.7,999.0,0.0,15.2,9.5,18.7,N,1.02,-4.24,6.16
776921,2025-08-01,2025,ATL,2025-08-01 12:40:00,12,3,2,5,1,22,5,12,267,83.1,3,40,0.075,0.0833,1.0,8.0,1.0,5.0,115.0,87.4,36.0,0.2,0.0,14.0,3.0,7.0,152.0,79.6,44.0,0.0,75.8,24.3,38.7,1005.7,0.0,17.0,10.6,48.7,NE,-7.5,-12.26,-1.83
776907,2025-08-02,2025,ATL,2025-08-02 19:15:00,19,2,4,6,2,18,5,20,298,87.0,5,55,0.0909,0.1,0.0,7.0,4.0,10.0,151.0,88.3,36.0,0.0,2.0,11.0,1.0,10.0,147.0,85.7,36.0,0.2,74.0,23.3,49.0,1002.9,0.0,13.1,8.2,51.0,NE,-6.27,-9.84,-1.94
776792,2025-08-11,2025,PHI,2025-08-11 18:10:00,18,1,4,5,1,11,2,15,256,84.4,1,57,0.0175,0.0667,0.0,5.0,2.0,7.0,130.0,84.5,45.0,0.0,1.0,6.0,0.0,8.0,126.0,84.2,49.0,0.125,89.7,32.1,38.0,998.4,0.0,5.2,3.3,182.0,S,-1.84,-0.05,-3.4
776777,2025-08-12,2025,PHI,2025-08-12 18:40:00,18,6,1,7,2,14,2,15,239,84.7,3,50,0.06,0.1333,1.0,4.0,2.0,10.0,123.0,84.6,50.0,0.1,1.0,10.0,0.0,5.0,116.0,84.8,42.0,0.2,84.3,29.0,64.0,995.0,0.0,8.7,5.4,209.0,SW,0.97,3.86,-2.03
776765,2025-08-13,2025,PHI,2025-08-13 17:10:00,17,8,0,8,1,20,3,13,260,82.9,0,43,0.0,0.0769,1.0,10.0,2.0,10.0,126.0,82.7,46.0,0.1,0.0,10.0,1.0,3.0,134.0,83.1,39.0,0.0,78.4,25.8,78.7,994.2,5.3,7.5,4.6,282.3,W,7.35,7.36,6.46
776740,2025-08-15,2025,MIL,2025-08-15 18:40:00,18,8,10,18,3,20,5,26,347,80.4,2,58,0.0345,0.1154,0.0,13.0,3.0,9.0,174.0,80.8,50.0,0.0,3.0,7.0,2.0,17.0,173.0,80.0,57.0,0.1765,86.6,30.3,59.3,1000.2,0.0,1.0,0.6,233.3,SW,0.51,0.78,0.19
776721,2025-08-16,2025,MIL,2025-08-16 18:40:00,18,5,6,11,4,20,10,17,340,82.6,4,61,0.0656,0.2353,3.0,13.0,3.0,9.0,167.0,84.8,58.0,0.3333,1.0,7.0,6.0,8.0,173.0,80.6,62.0,0.125,85.2,29.6,58.7,999.1,0.1,8.3,5.2,307.7,NW,8.04,6.81,8.3
776709,2025-08-17,2025,MIL,2025-08-17 13:40:00,13,3,2,5,1,15,6,13,288,81.6,3,55,0.0545,0.0769,0.0,7.0,2.0,8.0,153.0,82.8,45.0,0.0,1.0,8.0,2.0,5.0,135.0,80.4,48.0,0.2,85.3,29.6,56.7,999.2,0.2,7.9,4.9,331.0,NW,6.16,4.11,7.46
776551,2025-08-29,2025,STL,2025-08-29 18:40:00,18,5,7,12,5,18,8,21,333,81.5,7,63,0.1111,0.2381,3.0,12.0,6.0,12.0,183.0,82.0,64.0,0.25,2.0,6.0,2.0,9.0,150.0,80.9,58.0,0.2222,74.1,23.4,38.7,999.6,0.0,9.4,5.9,357.3,N,4.01,0.85,6.69
776536,2025-08-30,2025,STL,2025-08-30 18:40:00,18,2,4,6,3,12,9,15,310,81.4,4,55,0.0727,0.2,1.0,0.0,3.0,8.0,134.0,82.9,54.0,0.125,2.0,12.0,6.0,7.0,176.0,79.8,48.0,0.2857,71.4,21.9,43.3,1001.4,0.0,9.4,5.8,46.7,NE,-3.83,-6.53,-0.68
776518,2025-08-31,2025,STL,2025-08-31 12:10:00,12,7,4,11,3,26,5,17,307,82.1,3,42,0.0714,0.1765,2.0,11.0,5.0,10.0,152.0,83.0,47.0,0.2,1.0,15.0,0.0,7.0,155.0,81.2,46.0,0.1429,74.0,23.3,38.0,1004.7,0.0,9.8,6.1,64.3,NE,-6.51,-8.61,-3.63
776503,2025-09-01,2025,TOR,2025-09-01 13:10:00,13,5,4,9,2,15,4,19,306,81.9,6,54,0.1111,0.1053,0.0,8.0,2.0,11.0,161.0,79.6,47.0,0.0,2.0,7.0,2.0,8.0,145.0,84.4,44.0,0.25,80.1,26.7,34.3,1002.6,0.0,7.7,4.8,67.7,E,-5.44,-6.96,-3.26
776491,2025-09-02,2025,TOR,2025-09-02 18:40:00,18,9,12,21,6,19,7,27,348,83.9,6,60,0.1,0.2222,2.0,9.0,2.0,15.0,191.0,83.5,62.0,0.1333,4.0,10.0,4.0,12.0,157.0,84.5,49.0,0.3333,79.0,26.1,36.0,996.8,0.0,8.2,5.1,131.1,SE,-7.77,-6.41,-8.2
776475,2025-09-03,2025,TOR,2025-09-03 18:40:00,18,9,13,22,5,22,8,28,353,85.1,7,60,0.1167,0.1786,0.0,11.0,3.0,10.0,165.0,85.4,44.0,0.0,5.0,11.0,4.0,18.0,188.0,84.9,58.0,0.2778,78.3,25.7,43.0,989.9,0.0,13.0,8.1,218.4,SW,3.57,7.64,-0.93
776450,2025-09-05,2025,NYM,2025-09-05 18:40:00,18,4,5,9,1,19,8,19,326,81.1,2,53,0.0377,0.0526,0.0,11.0,4.0,9.0,158.0,78.9,51.0,0.0,1.0,8.0,4.0,10.0,168.0,83.5,47.0,0.1,75.9,24.4,49.0,993.2,0.0,10.7,6.6,268.0,W,9.71,10.63,7.61
776439,2025-09-06,2025,NYM,2025-09-06 18:40:00,18,6,3,9,4,18,11,15,285,83.6,7,44,0.1591,0.2667,3.0,7.0,6.0,6.0,134.0,80.9,45.0,0.5,1.0,11.0,5.0,9.0,151.0,86.6,40.0,0.1111,69.6,20.9,30.7,998.3,0.0,11.4,7.1,300.4,NW,11.26,10.05,11.11
776429,2025-09-07,2025,NYM,2025-09-07 13:40:00,13,3,2,5,2,21,6,7,244,82.8,3,36,0.0833,0.2857,0.0,9.0,4.0,4.0,117.0,83.4,37.0,0.0,2.0,12.0,2.0,3.0,127.0,82.2,37.0,0.6667,70.3,21.3,38.0,1003.0,0.0,10.5,6.5,338.7,N,7.29,4.26,9.45
776282,2025-09-18,2025,CHC,2025-09-18 19:15:00,19,1,0,1,0,21,2,5,221,81.1,3,36,0.0833,0.0,0.0,12.0,1.0,4.0,112.0,77.3,37.0,0.0,0.0,9.0,1.0,1.0,109.0,84.9,37.0,0.0,82.7,28.2,33.0,997.8,0.0,7.2,4.5,33.9,NE,-1.43,-3.77,1.08
776267,2025-09-19,2025,CHC,2025-09-19 18:40:00,18,7,4,11,7,16,8,18,304,80.7,7,48,0.1458,0.3889,5.0,6.0,5.0,7.0,150.0,81.0,46.0,0.7143,2.0,10.0,3.0,11.0,154.0,80.4,49.0,0.1818,85.1,29.5,28.7,997.8,0.0,4.9,3.0,108.0,E,-4.88,-4.72,-4.46
776254,2025-09-20,2025,CHC,2025-09-20 18:40:00,18,6,3,9,5,16,3,16,271,83.1,3,52,0.0577,0.3125,3.0,9.0,2.0,9.0,135.0,85.0,38.0,0.3333,2.0,7.0,1.0,7.0,136.0,81.6,47.0,0.2857,84.6,29.2,30.3,998.4,0.0,4.8,3.0,147.9,SE,-3.94,-2.74,-4.66
776239,2025-09-21,2025,CHC,2025-09-21 13:40:00,13,1,0,1,0,11,3,11,253,81.0,1,51,0.0196,0.0,0.0,5.0,0.0,5.0,93.0,79.8,42.0,0.0,0.0,6.0,3.0,6.0,160.0,81.9,57.0,0.0,81.7,27.6,55.3,998.2,0.8,10.8,6.7,206.3,SW,0.72,4.35,-3.0
776224,2025-09-23,2025,PIT,2025-09-23 18:40:00,18,2,4,6,2,17,4,13,280,81.3,2,46,0.0435,0.1538,1.0,10.0,4.0,5.0,143.0,80.0,41.0,0.2,1.0,7.0,0.0,8.0,137.0,82.5,48.0,0.125,75.9,24.4,74.7,995.5,0.0,3.8,2.4,275.5,W,3.67,3.83,3.06
776202,2025-09-24,2025,PIT,2025-09-24 18:40:00,18,3,4,7,2,26,7,18,382,84.4,6,55,0.1091,0.1111,2.0,14.0,3.0,10.0,201.0,84.3,64.0,0.2,0.0,12.0,4.0,8.0,181.0,84.5,58.0,0.0,73.6,23.1,79.3,993.9,0.2,2.9,1.8,3.4,N,0.95,-0.05,1.83
776190,2025-09-25,2025,PIT,2025-09-25 12:40:00,12,2,1,3,0,22,2,13,234,83.1,1,40,0.025,0.0,0.0,8.0,1.0,10.0,122.0,83.5,41.0,0.0,0.0,14.0,1.0,3.0,112.0,82.4,31.0,0.0,71.1,21.7,76.0,993.8,0.1,5.9,3.7,322.7,NW,5.1,3.78,5.81
