game_pk,game_date,season,away_team,game_start,start_hour,home_runs_scored,away_runs_scored,total_runs,home_runs_hit,strikeouts,walks,hits,total_pitches,avg_exit_velocity,n_barrels,n_bbe,barrel_rate,hr_h_ratio,home_bat_hr,home_bat_k,home_bat_bb,home_bat_h,home_bat_pitches,home_bat_exit_velo,home_bat_bbe,home_bat_hr_h_ratio,away_bat_hr,away_bat_k,away_bat_bb,away_bat_h,away_bat_pitches,away_bat_exit_velo,away_bat_bbe,away_bat_hr_h_ratio,temp_f,temp_c,rhum,pres,prcp,wspd,wspd_mph,wdir,wind_dir_bucket,wind_cf,wind_lcf,wind_rcf
446923,2016-04-08,2016,SD,2016-04-08 14:10:00,14,6,13,19,4,15,11,27,367,85.2,5,64,0.0781,0.1481,2.0,8.0,6.0,9.0,173.0,88.2,43.0,0.2222,2.0,7.0,5.0,18.0,194.0,83.0,59.0,0.1111,61.5,16.4,29.0,846.5,0.0,4.6,2.9,81.0,E,-0.72,0.88,-2.25
446938,2016-04-09,2016,SD,2016-04-09 18:10:00,18,3,16,19,4,19,9,27,322,86.5,5,61,0.082,0.1481,0.0,11.0,3.0,8.0,140.0,84.6,32.0,0.0,4.0,8.0,6.0,19.0,182.0,87.8,47.0,0.2105,59.1,15.0,47.7,833.6,0.0,6.8,4.2,207.3,SW,6.01,4.59,6.71
446953,2016-04-10,2016,SD,2016-04-10 14:10:00,14,6,3,9,5,10,5,17,254,84.1,4,56,0.0714,0.2941,5.0,3.0,3.0,9.0,120.0,85.9,36.0,0.5556,0.0,7.0,1.0,8.0,134.0,82.3,37.0,0.0,63.3,17.4,31.0,836.5,0.0,5.6,3.5,47.8,NE,-3.76,-2.11,-4.95
446979,2016-04-12,2016,SF,2016-04-12 18:40:00,18,2,7,9,3,10,3,20,259,85.0,1,61,0.0164,0.15,0.0,6.0,2.0,7.0,128.0,87.9,38.0,0.0,3.0,4.0,1.0,13.0,131.0,82.8,50.0,0.2308,58.6,14.8,48.3,843.0,0.7,4.4,2.7,215.8,SW,3.54,2.45,4.2
446994,2016-04-13,2016,SF,2016-04-13 18:40:00,18,10,6,16,3,13,7,25,285,83.9,4,61,0.0656,0.12,2.0,8.0,3.0,18.0,159.0,85.1,48.0,0.1111,1.0,5.0,3.0,7.0,126.0,82.5,39.0,0.1429,61.9,16.6,38.0,840.3,0.0,10.3,6.4,191.7,S,10.09,8.77,10.19
447006,2016-04-14,2016,SF,2016-04-14 13:10:00,13,11,6,17,2,16,6,22,326,79.9,4,58,0.069,0.0909,1.0,9.0,3.0,13.0,168.0,82.1,42.0,0.0769,1.0,7.0,2.0,9.0,158.0,77.7,40.0,0.1111,71.8,22.1,21.0,835.5,0.0,16.1,10.0,189.3,S,15.85,14.01,15.79
447107,2016-04-22,2016,LAD,2016-04-22 18:40:00,18,7,5,12,4,19,7,17,288,81.8,5,47,0.1064,0.2353,2.0,5.0,3.0,9.0,143.0,78.7,42.0,0.2222,2.0,14.0,4.0,8.0,145.0,86.5,28.0,0.25,65.4,18.6,38.7,838.8,0.0,4.3,2.7,201.1,S,4.01,3.24,4.3
447122,2016-04-23,2016,LAD,2016-04-23 18:10:00,18,1,4,5,1,19,4,16,315,80.3,2,51,0.0392,0.0625,0.0,11.0,1.0,6.0,145.0,78.7,37.0,0.0,1.0,8.0,3.0,10.0,170.0,81.7,43.0,0.1,63.9,17.7,29.0,831.4,0.0,14.3,8.9,242.6,SW,6.59,1.84,10.54
447137,2016-04-24,2016,LAD,2016-04-24 14:10:00,14,10,12,22,1,15,19,22,342,83.8,3,61,0.0492,0.0455,0.0,9.0,8.0,11.0,171.0,82.5,43.0,0.0,1.0,6.0,10.0,11.0,171.0,85.2,44.0,0.0909,62.5,17.0,26.0,832.2,0.0,16.8,10.4,290.7,W,-5.93,-10.95,-0.2
447158,2016-04-25,2016,PIT,2016-04-25 18:40:00,18,1,6,7,1,14,5,18,296,83.1,1,57,0.0175,0.0556,0.0,9.0,3.0,9.0,153.0,83.0,37.0,0.0,1.0,5.0,2.0,9.0,143.0,83.2,38.0,0.1111,63.6,17.6,28.0,828.7,0.0,16.0,9.9,146.6,SE,13.34,15.53,9.53
447173,2016-04-26,2016,PIT,2016-04-26 18:40:00,18,4,9,13,6,16,11,20,332,84.1,7,55,0.1273,0.3,1.0,4.0,6.0,8.0,149.0,82.9,48.0,0.125,5.0,12.0,4.0,12.0,183.0,85.3,44.0,0.4167,44.8,7.1,54.0,832.9,0.0,6.3,3.9,7.6,N,-6.21,-5.55,-6.12
447188,2016-04-27,2016,PIT,2016-04-27 18:40:00,18,8,9,17,5,22,8,33,455,82.0,7,80,0.0875,0.1515,4.0,11.0,4.0,18.0,205.0,85.6,54.0,0.2222,1.0,11.0,4.0,15.0,250.0,79.1,68.0,0.0667,48.3,9.0,46.0,834.0,0.0,11.0,6.9,57.0,NE,-6.0,-2.47,-8.81
447340,2016-05-09,2016,AZ,2016-05-09 18:40:00,18,5,10,15,2,13,8,25,309,84.0,2,64,0.0312,0.08,0.0,8.0,3.0,13.0,165.0,83.6,48.0,0.0,2.0,5.0,5.0,12.0,144.0,84.5,46.0,0.1667,62.1,16.7,45.0,832.2,0.0,4.1,2.5,28.4,NE,-3.58,-2.7,-4.02
447353,2016-05-10,2016,AZ,2016-05-10 18:40:00,18,1,5,6,1,12,4,18,261,83.8,2,59,0.0339,0.0556,0.0,6.0,1.0,4.0,117.0,82.0,34.0,0.0,1.0,6.0,2.0,14.0,144.0,85.5,38.0,0.0714,51.5,10.8,87.7,839.0,3.9,11.2,6.9,87.4,E,-0.5,3.35,-4.28
447368,2016-05-11,2016,AZ,2016-05-11 13:10:00,13,8,7,15,2,22,3,27,314,85.4,3,56,0.0536,0.0741,2.0,11.0,3.0,14.0,168.0,84.0,44.0,0.1429,0.0,11.0,0.0,13.0,146.0,87.2,37.0,0.0,54.4,12.4,61.0,845.6,1.7,15.3,9.5,80.7,E,-2.49,2.84,-7.51
447399,2016-05-13,2016,NYM,2016-05-13 18:40:00,18,5,2,7,0,19,2,18,269,84.6,0,49,0.0,0.0,0.0,7.0,0.0,12.0,130.0,84.0,42.0,0.0,0.0,12.0,1.0,6.0,139.0,85.4,33.0,0.0,58.9,15.0,47.7,850.2,0.0,15.5,9.6,73.4,E,-4.44,0.91,-9.25
447414,2016-05-14,2016,NYM,2016-05-14 18:10:00,18,7,4,11,1,11,4,25,286,84.3,2,62,0.0323,0.04,0.0,4.0,3.0,12.0,141.0,82.8,41.0,0.0,1.0,7.0,1.0,13.0,145.0,85.8,41.0,0.0769,56.1,13.4,55.0,846.6,0.0,13.4,8.3,27.0,NE,-11.94,-9.14,-13.3
447429,2016-05-15,2016,NYM,2016-05-15 14:10:00,14,4,3,7,3,10,7,14,249,86.0,6,52,0.1154,0.2143,2.0,5.0,3.0,6.0,123.0,84.8,42.0,0.3333,1.0,5.0,3.0,8.0,126.0,87.6,32.0,0.125,56.5,13.6,71.0,837.9,2.2,8.7,5.4,27.0,NE,-7.72,-5.91,-8.6
447592,2016-05-27,2016,SF,2016-05-27 18:40:00,18,5,2,7,0,7,2,18,235,83.0,4,61,0.0656,0.0,0.0,3.0,2.0,11.0,117.0,85.2,39.0,0.0,0.0,4.0,0.0,7.0,118.0,81.0,43.0,0.0,54.7,12.6,58.0,838.9,0.0,6.0,3.7,331.1,NW,-5.25,-5.93,-3.94
447607,2016-05-28,2016,SF,2016-05-28 14:10:00,14,5,10,15,3,15,6,25,308,85.3,3,62,0.0484,0.12,1.0,10.0,5.0,9.0,176.0,86.3,34.0,0.1111,2.0,5.0,1.0,16.0,132.0,84.4,38.0,0.125,68.7,20.4,35.0,843.2,0.1,7.9,4.9,105.4,E,2.1,4.59,-0.64
447622,2016-05-29,2016,SF,2016-05-29 14:10:00,14,3,8,11,3,13,6,25,308,84.6,5,61,0.082,0.12,2.0,7.0,3.0,8.0,150.0,82.9,42.0,0.25,1.0,6.0,2.0,17.0,158.0,86.1,47.0,0.0588,73.6,23.1,25.7,845.9,0.0,7.6,4.7,114.6,SE,3.15,5.32,0.61
447626,2016-05-30,2016,CIN,2016-05-30 14:10:00,14,8,11,19,7,15,10,28,349,84.0,10,65,0.1538,0.25,2.0,8.0,7.0,11.0,171.0,83.2,49.0,0.1818,5.0,7.0,2.0,17.0,178.0,84.7,51.0,0.2941,75.9,24.4,24.7,842.9,0.0,7.1,4.4,95.5,E,0.68,3.05,-1.77
447641,2016-05-31,2016,CIN,2016-05-31 18:40:00,18,17,4,21,9,10,9,26,304,86.4,10,62,0.1613,0.3462,7.0,5.0,5.0,19.0,173.0,89.4,48.0,0.3684,2.0,5.0,4.0,7.0,131.0,82.4,36.0,0.2857,58.4,14.7,73.3,843.7,1.1,4.5,2.8,28.9,NE,-3.97,-2.98,-4.48
447657,2016-06-01,2016,CIN,2016-06-01 18:40:00,18,2,7,9,1,14,6,17,285,86.4,1,55,0.0182,0.0588,0.0,3.0,2.0,7.0,124.0,85.4,43.0,0.0,1.0,11.0,3.0,10.0,161.0,87.4,42.0,0.1,67.1,19.5,44.3,845.0,0.0,4.2,2.6,132.3,SE,2.85,3.75,1.61
447671,2016-06-02,2016,CIN,2016-06-02 18:40:00,18,4,11,15,7,14,7,19,274,86.2,5,57,0.0877,0.3684,3.0,7.0,3.0,5.0,132.0,85.7,29.0,0.6,4.0,7.0,4.0,14.0,142.0,86.6,39.0,0.2857,73.6,23.1,33.0,845.0,0.0,9.4,5.9,100.9,E,1.79,4.85,-1.49
447197,2016-06-09,2016,PIT,2016-04-28 13:10:00,13,11,5,16,2,16,6,21,298,86.2,6,56,0.1071,0.0952,1.0,4.0,5.0,14.0,152.0,86.5,45.0,0.0714,1.0,12.0,1.0,7.0,146.0,85.6,31.0,0.1429,39.7,4.3,68.0,838.2,0.7,12.9,8.0,72.0,E,-3.98,0.45,-7.92
447784,2016-06-10,2016,SD,2016-06-10 18:40:00,18,5,7,12,3,22,5,18,324,81.0,1,50,0.02,0.1667,1.0,10.0,3.0,9.0,167.0,82.8,40.0,0.1111,2.0,12.0,1.0,9.0,157.0,79.5,47.0,0.2222,82.1,27.8,35.0,845.4,0.0,10.0,6.2,198.3,S,9.52,7.87,10.03
447799,2016-06-11,2016,SD,2016-06-11 14:10:00,14,5,3,8,2,11,5,17,248,84.4,2,50,0.04,0.1176,2.0,7.0,2.0,10.0,132.0,87.1,35.0,0.2,0.0,4.0,3.0,7.0,116.0,81.4,33.0,0.0,89.7,32.1,17.0,844.0,0.0,16.0,9.9,135.3,SE,11.38,14.54,6.85
447814,2016-06-12,2016,SD,2016-06-12 14:10:00,14,2,1,3,1,20,6,12,258,82.9,1,43,0.0233,0.0833,1.0,12.0,3.0,4.0,121.0,86.8,25.0,0.25,0.0,8.0,2.0,8.0,137.0,80.4,38.0,0.0,81.7,27.6,28.0,848.6,0.5,8.7,5.4,82.9,E,-1.07,1.95,-3.96
447837,2016-06-14,2016,NYY,2016-06-14 18:40:00,18,13,10,23,4,12,8,30,334,84.9,5,67,0.0746,0.1333,3.0,7.0,4.0,15.0,158.0,88.4,40.0,0.2,1.0,5.0,3.0,15.0,176.0,82.1,50.0,0.0667,77.0,25.0,28.7,840.8,0.0,8.1,5.0,59.4,NE,-4.1,-1.48,-6.23
447852,2016-06-15,2016,NYY,2016-06-15 13:10:00,13,6,3,9,1,15,3,20,268,85.0,1,54,0.0185,0.05,1.0,8.0,3.0,13.0,140.0,88.4,38.0,0.0769,0.0,7.0,0.0,7.0,128.0,81.7,40.0,0.0,84.1,29.0,19.3,843.2,0.0,11.1,6.9,125.0,SE,6.39,9.12,2.88
447951,2016-06-23,2016,AZ,2016-06-23 18:40:00,18,6,7,13,3,16,6,28,343,84.8,2,65,0.0308,0.1071,1.0,8.0,3.0,13.0,168.0,82.5,54.0,0.0769,2.0,8.0,3.0,15.0,175.0,87.5,45.0,0.1333,82.0,27.8,28.3,848.8,0.0,6.6,4.1,97.9,E,0.9,3.07,-1.38
447960,2016-06-24,2016,AZ,2016-06-24 18:40:00,18,9,10,19,2,16,13,30,381,83.8,6,72,0.0833,0.0667,0.0,7.0,6.0,14.0,211.0,86.2,57.0,0.0,2.0,9.0,2.0,16.0,170.0,81.2,52.0,0.125,83.4,28.6,29.7,844.7,0.0,6.0,3.7,73.9,E,-1.67,0.41,-3.56
447975,2016-06-25,2016,AZ,2016-06-25 14:10:00,14,11,6,17,4,13,13,25,325,82.7,5,59,0.0847,0.16,3.0,6.0,3.0,15.0,147.0,82.7,46.0,0.2,1.0,7.0,8.0,10.0,178.0,82.8,37.0,0.1,81.1,27.3,29.0,848.6,0.6,10.5,6.5,103.7,E,2.49,5.84,-1.16
447990,2016-06-26,2016,AZ,2016-06-26 14:10:00,14,9,7,16,4,13,11,26,292,82.9,4,62,0.0645,0.1538,4.0,4.0,8.0,11.0,152.0,83.7,36.0,0.3636,0.0,9.0,3.0,15.0,140.0,82.0,35.0,0.0,87.3,30.7,18.0,849.8,0.0,10.1,6.3,84.1,E,-1.03,2.48,-4.42
448015,2016-06-27,2016,TOR,2016-06-27 18:40:00,18,9,5,14,4,18,3,16,279,84.5,5,49,0.102,0.25,1.0,10.0,3.0,10.0,147.0,82.8,33.0,0.1,3.0,8.0,0.0,6.0,132.0,86.1,37.0,0.5,84.3,29.0,18.3,852.2,0.0,12.8,8.0,54.3,NE,-7.47,-3.46,-10.57
448030,2016-06-28,2016,TOR,2016-06-28 18:40:00,18,9,14,23,2,12,10,32,379,85.2,4,76,0.0526,0.0625,1.0,8.0,2.0,14.0,181.0,84.6,54.0,0.0714,1.0,4.0,7.0,18.0,198.0,85.8,52.0,0.0556,83.8,28.8,22.3,852.1,0.0,13.5,8.4,115.3,SE,5.78,9.6,1.26
448045,2016-06-29,2016,TOR,2016-06-29 13:10:00,13,3,5,8,1,15,9,20,310,84.7,1,55,0.0182,0.05,0.0,6.0,3.0,9.0,135.0,84.6,40.0,0.0,1.0,9.0,6.0,11.0,175.0,84.8,47.0,0.0909,87.5,30.8,19.0,850.0,0.0,10.4,6.4,80.3,E,-1.74,1.86,-5.13
448152,2016-07-07,2016,PHI,2016-07-07 18:40:00,18,11,2,13,4,16,2,23,282,85.2,3,57,0.0526,0.1739,3.0,7.0,1.0,14.0,145.0,85.1,49.0,0.2143,1.0,9.0,1.0,9.0,137.0,85.2,39.0,0.1111,81.2,27.3,27.0,845.4,0.0,11.5,7.1,82.7,E,-1.46,2.51,-5.27
448166,2016-07-08,2016,PHI,2016-07-08 18:10:00,18,3,5,8,1,18,7,19,316,85.1,3,54,0.0556,0.0526,0.0,8.0,4.0,12.0,173.0,86.2,49.0,0.0,1.0,10.0,3.0,7.0,143.0,83.7,40.0,0.1429,83.9,28.8,23.0,847.8,0.1,7.3,4.6,158.9,S,6.84,7.33,5.53
448181,2016-07-09,2016,PHI,2016-07-09 18:40:00,18,8,3,11,2,13,2,23,267,82.2,0,59,0.0,0.087,1.0,6.0,2.0,10.0,129.0,84.1,38.0,0.1,1.0,7.0,0.0,13.0,138.0,80.7,48.0,0.0769,89.4,31.9,16.0,845.7,0.0,5.8,3.6,246.3,SW,2.34,0.38,4.03
448196,2016-07-10,2016,PHI,2016-07-10 14:10:00,14,3,10,13,3,13,7,23,327,83.2,3,62,0.0484,0.1304,1.0,5.0,2.0,10.0,151.0,83.5,51.0,0.1,2.0,8.0,5.0,13.0,176.0,82.9,53.0,0.1538,94.9,35.0,11.7,839.6,0.0,10.3,6.4,184.0,S,10.31,9.44,9.93
448257,2016-07-18,2016,TB,2016-07-18 18:40:00,18,7,4,11,1,12,8,18,291,87.3,1,53,0.0189,0.0556,1.0,4.0,4.0,12.0,146.0,90.9,37.0,0.0833,0.0,8.0,4.0,6.0,145.0,83.6,35.0,0.0,80.1,26.7,37.3,853.5,0.0,3.8,2.4,78.0,E,-0.8,0.53,-2.03
448286,2016-07-20,2016,TB,2016-07-20 13:10:00,13,3,11,14,0,23,7,24,326,84.0,1,55,0.0182,0.0,0.0,15.0,3.0,8.0,152.0,81.1,29.0,0.0,0.0,8.0,4.0,16.0,174.0,85.6,53.0,0.0,90.5,32.5,19.3,850.8,0.0,6.9,4.3,66.7,NE,-2.73,-0.4,-4.73
448289,2016-07-21,2016,ATL,2016-07-21 18:40:00,18,7,3,10,2,14,10,15,294,84.8,3,50,0.06,0.1333,2.0,7.0,6.0,8.0,154.0,88.1,33.0,0.25,0.0,7.0,4.0,7.0,140.0,81.7,36.0,0.0,86.6,30.3,22.0,852.1,0.0,15.9,9.9,290.7,W,-5.61,-10.36,-0.18
448300,2016-07-22,2016,ATL,2016-07-22 18:40:00,18,4,3,7,3,17,6,17,294,82.2,3,47,0.0638,0.1765,2.0,8.0,3.0,8.0,141.0,83.5,35.0,0.25,1.0,9.0,3.0,9.0,153.0,81.0,35.0,0.1111,83.7,28.7,32.7,847.3,0.0,6.7,4.2,239.6,SW,3.39,1.21,5.16
448315,2016-07-23,2016,ATL,2016-07-23 18:10:00,18,8,4,12,2,12,8,16,277,83.5,2,54,0.037,0.125,2.0,5.0,6.0,7.0,138.0,86.9,33.0,0.2857,0.0,7.0,2.0,9.0,139.0,80.5,36.0,0.0,88.0,31.1,18.0,848.4,0.0,10.2,6.4,187.0,S,10.16,9.12,9.97
448330,2016-07-24,2016,ATL,2016-07-24 14:10:00,14,7,2,9,3,13,14,16,305,83.4,6,51,0.1176,0.1875,3.0,6.0,5.0,11.0,148.0,87.7,41.0,0.2727,0.0,7.0,9.0,5.0,157.0,78.9,40.0,0.0,90.1,32.3,14.3,849.5,0.0,9.0,5.6,91.4,E,0.22,3.29,-2.87
448449,2016-08-02,2016,LAD,2016-08-02 18:40:00,18,7,3,10,1,15,11,16,336,82.9,2,49,0.0408,0.0625,0.0,6.0,7.0,11.0,173.0,82.4,42.0,0.0,1.0,9.0,2.0,5.0,163.0,83.4,44.0,0.2,86.8,30.4,20.3,851.3,0.0,6.4,4.0,100.2,E,1.13,3.22,-1.09
448464,2016-08-03,2016,LAD,2016-08-03 18:40:00,18,12,2,14,6,11,6,23,244,84.3,4,59,0.0678,0.2609,5.0,5.0,3.0,17.0,135.0,86.6,46.0,0.2941,1.0,6.0,3.0,6.0,109.0,80.7,29.0,0.1667,87.6,30.9,19.7,845.0,0.0,10.1,6.3,149.0,SE,8.68,9.95,6.38
448479,2016-08-04,2016,LAD,2016-08-04 18:40:00,18,2,4,6,2,19,3,16,304,82.0,3,49,0.0612,0.125,1.0,8.0,0.0,5.0,153.0,79.7,39.0,0.2,1.0,11.0,3.0,11.0,151.0,84.2,41.0,0.0909,68.2,20.1,36.3,850.0,0.0,3.8,2.3,205.4,SW,3.4,2.64,3.75
448495,2016-08-05,2016,MIA,2016-08-05 18:40:00,18,3,5,8,0,13,9,19,325,84.6,2,58,0.0345,0.0,0.0,7.0,3.0,11.0,163.0,85.8,47.0,0.0,0.0,6.0,4.0,8.0,162.0,83.5,45.0,0.0,62.4,16.9,91.0,844.6,6.7,9.3,5.8,53.3,NE,-5.53,-2.66,-7.74
448510,2016-08-06,2016,MIA,2016-08-06 18:10:00,18,12,6,18,2,17,9,27,340,86.2,2,60,0.0333,0.0741,1.0,12.0,4.0,17.0,169.0,87.0,49.0,0.0588,1.0,5.0,5.0,10.0,171.0,85.1,40.0,0.1,72.8,22.7,55.3,844.9,0.0,8.0,5.0,83.3,E,-0.93,1.85,-3.6
448525,2016-08-07,2016,MIA,2016-08-07 14:10:00,14,7,10,17,3,15,7,26,310,82.2,3,62,0.0484,0.1154,2.0,6.0,4.0,9.0,133.0,84.6,32.0,0.2222,1.0,9.0,2.0,17.0,177.0,80.7,52.0,0.0588,81.6,27.5,35.7,846.1,0.0,9.8,6.1,72.3,E,-2.98,0.4,-6.01
448540,2016-08-08,2016,TEX,2016-08-08 18:40:00,18,3,4,7,2,16,7,14,284,82.3,1,48,0.0208,0.1429,1.0,9.0,2.0,8.0,148.0,81.4,36.0,0.125,1.0,7.0,4.0,6.0,136.0,83.4,33.0,0.1667,82.7,28.2,25.7,843.6,0.0,7.5,4.6,187.4,S,7.4,6.63,7.29
448555,2016-08-09,2016,TEX,2016-08-09 13:10:00,13,5,7,12,1,20,5,22,334,84.7,1,55,0.0182,0.0455,1.0,8.0,4.0,11.0,175.0,84.5,39.0,0.0909,0.0,12.0,1.0,11.0,159.0,84.9,35.0,0.0,90.1,32.3,16.0,845.2,0.0,8.1,5.0,107.0,E,2.36,4.85,-0.42
448634,2016-08-15,2016,WSH,2016-08-15 18:40:00,18,4,5,9,3,13,8,20,323,85.1,4,58,0.069,0.15,1.0,5.0,2.0,10.0,161.0,83.4,46.0,0.1,2.0,8.0,5.0,10.0,162.0,86.9,43.0,0.2,82.2,27.9,16.0,849.6,0.0,11.7,7.3,77.9,E,-2.45,1.61,-6.22
448649,2016-08-16,2016,WSH,2016-08-16 18:40:00,18,6,2,8,1,9,6,18,274,87.2,5,57,0.0877,0.0556,1.0,4.0,3.0,9.0,130.0,92.5,33.0,0.1111,0.0,5.0,2.0,9.0,144.0,83.0,41.0,0.0,78.6,25.9,25.7,851.2,0.0,15.1,9.4,200.8,S,14.11,11.42,15.1
448664,2016-08-17,2016,WSH,2016-08-17 13:10:00,13,12,10,22,4,16,9,24,373,86.1,2,59,0.0339,0.1667,1.0,8.0,5.0,11.0,163.0,84.7,45.0,0.0909,3.0,8.0,4.0,13.0,210.0,87.3,49.0,0.2308,85.8,29.9,18.0,849.6,0.0,9.5,5.9,42.3,NE,-7.0,-4.4,-8.76
448679,2016-08-19,2016,CHC,2016-08-19 18:40:00,18,7,6,13,3,19,6,23,365,84.0,3,65,0.0462,0.1304,1.0,7.0,3.0,11.0,182.0,86.5,49.0,0.0909,2.0,12.0,3.0,12.0,183.0,81.4,47.0,0.1667,60.5,15.8,76.7,848.1,2.8,19.7,12.2,37.3,NE,-15.64,-10.61,-18.77
448694,2016-08-20,2016,CHC,2016-08-20 18:10:00,18,2,9,11,3,17,6,20,305,83.2,2,55,0.0364,0.15,1.0,9.0,3.0,5.0,129.0,86.7,33.0,0.2,2.0,8.0,3.0,15.0,176.0,81.2,55.0,0.1333,69.7,21.0,32.3,845.3,0.0,8.5,5.3,64.4,NE,-3.67,-0.82,-6.07
448709,2016-08-21,2016,CHC,2016-08-21 14:10:00,14,11,4,15,5,16,4,21,302,84.6,4,55,0.0727,0.2381,3.0,10.0,3.0,14.0,180.0,85.2,48.0,0.2143,2.0,6.0,1.0,7.0,122.0,83.9,32.0,0.2857,84.9,29.4,16.7,845.6,0.0,8.7,5.4,110.7,E,3.07,5.67,0.1
448819,2016-08-29,2016,LAD,2016-08-29 18:40:00,18,8,1,9,1,19,8,17,325,83.4,1,48,0.0208,0.0588,1.0,9.0,3.0,12.0,173.0,80.2,44.0,0.0833,0.0,10.0,5.0,5.0,152.0,87.9,32.0,0.0,73.0,22.8,33.3,853.3,0.0,5.6,3.5,313.4,NW,-3.87,-5.04,-2.24
448833,2016-08-31,2016,LAD,2016-08-30 18:40:00,18,8,10,18,4,11,12,22,335,83.9,5,62,0.0806,0.1818,2.0,9.0,4.0,12.0,159.0,81.6,45.0,0.1667,2.0,2.0,8.0,10.0,176.0,86.1,48.0,0.2,73.6,23.1,35.7,851.3,0.0,8.9,5.6,67.9,E,-3.35,-0.32,-5.98
448848,2016-08-31,2016,LAD,2016-08-31 13:10:00,13,7,0,7,1,14,4,20,272,81.3,1,54,0.0185,0.05,1.0,6.0,2.0,14.0,138.0,84.5,42.0,0.0714,0.0,8.0,2.0,6.0,134.0,78.0,40.0,0.0,76.2,24.5,42.3,851.1,0.0,6.5,4.1,64.4,NE,-2.82,-0.64,-4.67
448864,2016-09-02,2016,AZ,2016-09-02 18:40:00,18,14,7,21,3,8,10,24,294,86.2,1,65,0.0154,0.125,2.0,3.0,6.0,14.0,152.0,86.2,44.0,0.1429,1.0,5.0,3.0,10.0,142.0,86.3,35.0,0.1,75.7,24.3,41.0,843.0,0.0,5.0,3.1,85.8,E,-0.37,1.37,-2.06
448879,2016-09-03,2016,AZ,2016-09-03 18:10:00,18,4,9,13,3,14,4,24,299,87.3,1,61,0.0164,0.125,2.0,9.0,2.0,10.0,150.0,87.1,35.0,0.2,1.0,5.0,2.0,14.0,149.0,87.5,49.0,0.0714,78.9,26.0,26.3,842.7,0.0,8.0,5.0,48.1,NE,-5.34,-2.98,-7.06
448894,2016-09-04,2016,AZ,2016-09-04 14:10:00,14,5,8,13,2,19,4,21,302,83.1,2,53,0.0377,0.0952,1.0,12.0,2.0,11.0,163.0,83.5,43.0,0.0909,1.0,7.0,1.0,10.0,139.0,82.7,45.0,0.1,84.7,29.3,20.3,839.3,0.7,13.5,8.4,181.6,S,13.49,12.55,12.81
448920,2016-09-05,2016,SF,2016-09-05 14:10:00,14,6,0,6,2,10,5,8,243,82.4,1,49,0.0204,0.25,2.0,3.0,4.0,6.0,140.0,83.8,37.0,0.3333,0.0,7.0,0.0,2.0,103.0,80.5,28.0,0.0,86.2,30.1,13.7,840.2,0.0,7.7,4.8,111.4,E,2.8,5.07,0.19
448935,2016-09-06,2016,SF,2016-09-06 18:40:00,18,2,3,5,1,14,5,12,269,83.0,1,49,0.0204,0.0833,0.0,10.0,3.0,4.0,132.0,83.5,35.0,0.0,1.0,4.0,2.0,8.0,137.0,82.5,46.0,0.125,73.1,22.8,50.7,842.8,0.0,8.2,5.1,8.4,N,-8.11,-7.22,-8.03
448950,2016-09-07,2016,SF,2016-09-07 18:40:00,18,6,5,11,5,14,3,24,289,87.4,5,58,0.0862,0.2083,3.0,7.0,1.0,11.0,154.0,86.0,43.0,0.2727,2.0,7.0,2.0,13.0,135.0,89.1,35.0,0.1538,78.9,26.0,20.7,845.3,0.0,8.4,5.2,39.2,NE,-6.51,-4.3,-7.93
449071,2016-09-16,2016,SD,2016-09-16 18:40:00,18,8,7,15,2,16,5,24,320,84.9,3,59,0.0508,0.0833,0.0,8.0,3.0,14.0,174.0,86.5,46.0,0.0,2.0,8.0,2.0,10.0,146.0,82.7,33.0,0.2,63.1,17.3,38.7,846.0,0.0,6.3,3.9,24.3,NE,-5.71,-4.48,-6.25
449086,2016-09-17,2016,SD,2016-09-17 18:10:00,18,8,0,8,3,24,3,16,266,84.1,3,42,0.0714,0.1875,3.0,8.0,3.0,12.0,153.0,85.7,41.0,0.25,0.0,16.0,0.0,4.0,113.0,80.7,20.0,0.0,68.4,20.2,26.7,843.4,0.0,9.0,5.6,88.7,E,-0.2,2.88,-3.27
449101,2016-09-18,2016,SD,2016-09-18 14:10:00,14,6,3,9,2,15,6,16,306,80.1,1,51,0.0196,0.125,1.0,5.0,5.0,10.0,159.0,79.5,45.0,0.1,1.0,10.0,1.0,6.0,147.0,80.8,33.0,0.1667,84.3,29.1,15.3,846.3,0.0,2.4,1.5,36.8,NE,-1.89,-1.29,-2.27
449113,2016-09-19,2016,STL,2016-09-19 18:40:00,18,3,5,8,2,16,5,19,286,82.1,0,56,0.0,0.1053,1.0,8.0,5.0,8.0,171.0,82.8,48.0,0.125,1.0,8.0,0.0,11.0,115.0,81.2,37.0,0.0909,79.8,26.5,16.3,847.3,0.0,4.9,3.0,116.8,SE,2.2,3.55,0.58
449128,2016-09-20,2016,STL,2016-09-20 18:40:00,18,5,10,15,5,16,6,26,311,84.3,4,61,0.0656,0.1923,3.0,5.0,2.0,12.0,144.0,82.9,41.0,0.25,2.0,11.0,4.0,14.0,167.0,85.6,42.0,0.1429,78.9,26.0,16.0,845.9,0.0,5.1,3.1,117.3,SE,2.32,3.72,0.64
449143,2016-09-21,2016,STL,2016-09-21 13:10:00,13,11,1,12,2,18,3,20,280,83.3,1,53,0.0189,0.1,2.0,7.0,1.0,12.0,132.0,82.9,39.0,0.1667,0.0,11.0,1.0,8.0,148.0,83.7,29.0,0.0,79.6,26.5,18.3,846.3,0.0,6.1,3.8,59.7,NE,-3.06,-1.09,-4.67
449260,2016-09-30,2016,MIL,2016-09-30 18:10:00,18,4,1,5,2,13,4,18,250,81.6,3,52,0.0577,0.1111,1.0,5.0,0.0,10.0,111.0,77.1,35.0,0.1,1.0,8.0,2.0,8.0,139.0,85.6,40.0,0.125,64.8,18.2,54.7,847.0,0.0,4.4,2.8,221.1,SW,3.34,2.14,4.14
449275,2016-10-01,2016,MIL,2016-10-01 18:10:00,18,3,4,7,1,21,5,19,316,83.6,1,57,0.0175,0.0526,0.0,7.0,0.0,12.0,160.0,83.6,46.0,0.0,1.0,14.0,3.0,7.0,156.0,83.7,34.0,0.1429,71.1,21.7,29.7,844.0,0.0,6.4,4.0,127.5,SE,3.91,5.42,1.93
449290,2016-10-02,2016,MIL,2016-10-02 13:10:00,13,4,6,10,3,23,7,23,322,84.7,3,58,0.0517,0.1304,1.0,11.0,3.0,13.0,162.0,83.6,45.0,0.0769,2.0,12.0,4.0,10.0,160.0,86.2,33.0,0.2,76.8,24.9,21.7,845.0,0.0,11.6,7.2,110.3,E,4.02,7.49,0.07
490154,2017-04-07,2017,LAD,2017-04-07 14:10:00,14,2,1,3,1,22,4,11,267,82.7,2,39,0.0513,0.0909,1.0,11.0,1.0,6.0,127.0,80.6,30.0,0.1667,0.0,11.0,3.0,5.0,140.0,85.2,27.0,0.0,71.7,22.1,20.7,839.0,0.0,19.7,12.2,192.0,S,19.24,16.68,19.48
490169,2017-04-08,2017,LAD,2017-04-08 18:10:00,18,4,2,6,4,14,3,16,285,80.6,3,51,0.0588,0.25,3.0,7.0,0.0,9.0,124.0,81.4,35.0,0.3333,1.0,7.0,3.0,7.0,161.0,79.9,42.0,0.1429,66.2,19.0,21.7,831.2,0.0,15.4,9.6,227.1,SW,10.49,6.0,13.71
490184,2017-04-09,2017,LAD,2017-04-09 13:10:00,13,6,10,16,2,19,7,24,338,82.3,2,59,0.0339,0.0833,1.0,11.0,2.0,9.0,148.0,82.6,38.0,0.1111,1.0,8.0,5.0,15.0,190.0,82.1,53.0,0.0667,58.0,14.4,18.3,834.3,0.0,18.4,11.4,306.9,NW,-11.06,-15.42,-5.36
490200,2017-04-10,2017,SD,2017-04-10 18:40:00,18,3,5,8,4,18,6,17,285,84.8,2,47,0.0426,0.2353,2.0,8.0,3.0,8.0,143.0,84.5,37.0,0.25,2.0,10.0,3.0,9.0,142.0,85.0,34.0,0.2222,52.5,11.4,26.3,841.6,0.0,13.7,8.5,12.9,N,-13.36,-11.51,-13.59
490212,2017-04-11,2017,SD,2017-04-11 18:40:00,18,3,2,5,4,17,4,9,238,83.4,5,44,0.1136,0.4444,3.0,7.0,2.0,4.0,111.0,84.3,29.0,0.75,1.0,10.0,2.0,5.0,127.0,82.7,36.0,0.2,62.6,17.0,17.7,841.6,0.0,10.5,6.5,160.7,S,9.94,10.53,8.15
490226,2017-04-12,2017,SD,2017-04-12 13:10:00,13,0,6,6,1,13,10,11,270,80.2,2,49,0.0408,0.0909,0.0,7.0,6.0,3.0,146.0,82.5,38.0,0.0,1.0,6.0,3.0,8.0,124.0,77.7,35.0,0.125,70.6,21.4,16.0,845.6,0.0,8.4,5.2,99.0,E,1.32,4.08,-1.6
490346,2017-04-21,2017,SF,2017-04-21 18:40:00,18,6,5,11,3,8,8,20,279,81.8,1,62,0.0161,0.15,2.0,4.0,4.0,9.0,149.0,81.4,34.0,0.2222,1.0,4.0,4.0,11.0,130.0,82.2,43.0,0.0909,40.8,4.9,76.0,844.4,0.2,12.0,7.5,25.6,NE,-10.82,-8.39,-11.94
490361,2017-04-22,2017,SF,2017-04-22 18:10:00,18,12,3,15,4,15,4,21,282,83.4,3,56,0.0536,0.1905,3.0,9.0,3.0,14.0,152.0,86.2,43.0,0.2143,1.0,6.0,1.0,7.0,130.0,80.5,41.0,0.1429,51.5,10.8,42.7,845.6,0.0,7.5,4.7,198.0,S,7.13,5.91,7.5
490376,2017-04-23,2017,SF,2017-04-23 13:10:00,13,8,0,8,1,9,6,14,247,82.2,0,54,0.0,0.0714,1.0,6.0,3.0,8.0,132.0,83.6,42.0,0.125,0.0,3.0,3.0,6.0,115.0,80.6,40.0,0.0,73.4,23.0,16.0,838.0,0.0,6.0,3.7,74.9,E,-1.56,0.51,-3.45
490389,2017-04-24,2017,WSH,2017-04-24 18:40:00,18,8,4,12,3,15,2,22,266,81.6,2,57,0.0351,0.1364,2.0,8.0,0.0,14.0,131.0,84.6,46.0,0.1429,1.0,7.0,2.0,8.0,135.0,78.0,39.0,0.125,59.9,15.5,40.3,828.5,0.0,16.2,10.0,6.0,N,-16.08,-14.53,-15.69
490404,2017-04-25,2017,WSH,2017-04-25 18:40:00,18,12,15,27,5,8,8,29,329,84.1,4,75,0.0533,0.1724,4.0,3.0,2.0,15.0,151.0,84.5,53.0,0.2667,1.0,5.0,6.0,14.0,178.0,83.7,53.0,0.0714,44.7,7.1,73.0,831.0,1.8,12.7,7.9,337.2,NW,-11.74,-12.72,-9.34
490419,2017-04-26,2017,WSH,2017-04-26 18:40:00,18,4,11,15,3,15,10,22,325,81.9,3,58,0.0517,0.1364,0.0,6.0,5.0,8.0,169.0,79.7,42.0,0.0,3.0,9.0,5.0,14.0,156.0,84.3,40.0,0.2143,51.7,11.0,47.3,831.0,0.4,14.4,9.0,29.2,NE,-12.59,-9.42,-14.25
490429,2017-04-27,2017,WSH,2017-04-27 13:10:00,13,5,16,21,4,10,10,29,353,80.9,3,71,0.0423,0.1379,1.0,6.0,3.0,10.0,153.0,78.2,44.0,0.1,3.0,4.0,6.0,19.0,200.0,82.9,61.0,0.1579,52.2,11.2,50.3,826.5,0.1,11.3,7.0,31.6,NE,-9.59,-6.99,-11.04
490529,2017-05-05,2017,AZ,2017-05-05 18:40:00,18,3,6,9,3,16,4,17,277,81.5,2,55,0.0364,0.1765,1.0,10.0,1.0,9.0,137.0,80.7,37.0,0.1111,2.0,6.0,3.0,8.0,140.0,82.2,42.0,0.25,69.7,20.9,35.0,841.7,0.0,8.3,5.2,54.2,NE,-4.86,-2.26,-6.87
490559,2017-05-07,2017,AZ,2017-05-07 13:10:00,13,5,2,7,3,12,5,12,247,82.0,2,47,0.0426,0.25,3.0,5.0,1.0,9.0,125.0,83.4,40.0,0.3333,0.0,7.0,4.0,3.0,122.0,80.3,30.0,0.0,73.9,23.3,27.0,839.4,0.4,18.3,11.4,206.4,SW,16.42,12.64,18.22
490574,2017-05-09,2017,CHC,2017-05-08 18:40:00,18,10,4,14,1,13,8,23,300,81.9,3,59,0.0508,0.0435,1.0,8.0,3.0,15.0,146.0,81.3,48.0,0.0667,0.0,5.0,5.0,8.0,154.0,82.6,47.0,0.0,55.1,12.8,85.3,842.3,3.9,13.4,8.3,346.7,N,-13.07,-13.34,-11.23
490585,2017-05-09,2017,CHC,2017-05-09 18:40:00,18,1,8,9,2,22,8,15,295,81.4,1,48,0.0208,0.1333,0.0,13.0,3.0,7.0,144.0,77.6,40.0,0.0,2.0,9.0,5.0,8.0,151.0,85.3,39.0,0.25,62.5,16.9,59.7,838.3,0.0,16.2,10.0,153.6,SE,14.48,16.06,11.14
490601,2017-05-10,2017,CHC,2017-05-10 13:10:00,13,3,0,3,0,20,3,9,232,81.0,1,40,0.025,0.0,0.0,10.0,2.0,6.0,119.0,77.5,36.0,0.0,0.0,10.0,1.0,3.0,113.0,85.3,29.0,0.0,50.3,10.2,87.7,841.1,4.2,20.8,12.9,347.3,N,-20.26,-20.6,-17.48
490618,2017-05-11,2017,LAD,2017-05-11 18:40:00,18,10,7,17,1,20,9,26,316,84.9,4,57,0.0702,0.0385,0.0,9.0,5.0,12.0,168.0,85.4,42.0,0.0,1.0,11.0,3.0,14.0,148.0,84.4,45.0,0.0714,59.5,15.3,49.0,845.7,0.0,6.0,3.7,0.3,N,-6.03,-5.66,-5.68
490630,2017-05-12,2017,LAD,2017-05-12 18:40:00,18,2,6,8,1,16,6,16,265,84.1,1,48,0.0208,0.0625,0.0,7.0,2.0,7.0,120.0,83.3,36.0,0.0,1.0,9.0,4.0,9.0,145.0,84.9,37.0,0.1111,69.4,20.8,42.0,839.4,0.0,18.9,11.7,156.7,SE,17.35,18.87,13.75
490645,2017-05-13,2017,LAD,2017-05-13 18:10:00,18,0,4,4,1,26,5,14,301,81.8,1,40,0.025,0.0714,0.0,14.0,1.0,7.0,141.0,82.4,34.0,0.0,1.0,12.0,4.0,7.0,160.0,81.2,35.0,0.1429,71.4,21.9,35.3,831.6,0.4,15.0,9.3,295.0,NW,-6.33,-10.6,-1.3
490660,2017-05-14,2017,LAD,2017-05-14 13:10:00,13,9,6,15,5,16,8,25,318,84.7,3,55,0.0545,0.2,3.0,6.0,2.0,13.0,144.0,83.7,38.0,0.2308,2.0,10.0,6.0,12.0,174.0,85.6,40.0,0.1667,72.5,22.5,24.7,840.7,0.0,12.5,7.8,111.7,E,4.62,8.31,0.36
490826,2017-05-26,2017,STL,2017-05-26 18:40:00,18,10,0,10,2,13,2,19,241,87.0,3,51,0.0588,0.1053,2.0,10.0,2.0,14.0,131.0,87.8,35.0,0.1429,0.0,3.0,0.0,5.0,110.0,86.3,37.0,0.0,63.9,17.7,62.3,836.0,0.0,12.6,7.8,4.2,N,-12.6,-11.52,-12.16
490841,2017-05-27,2017,STL,2017-05-27 19:10:00,19,0,3,3,1,17,8,13,312,79.2,1,49,0.0204,0.0769,0.0,10.0,3.0,4.0,162.0,77.3,46.0,0.0,1.0,7.0,5.0,9.0,150.0,81.2,46.0,0.1111,51.3,10.7,65.0,846.2,0.0,8.1,5.1,280.8,W,-1.53,-4.17,1.3
490856,2017-05-28,2017,STL,2017-05-28 13:10:00,13,8,4,12,5,14,3,20,273,84.4,3,58,0.0517,0.25,1.0,5.0,1.0,10.0,129.0,83.0,35.0,0.1,4.0,9.0,2.0,10.0,144.0,85.5,42.0,0.4,67.1,19.5,27.7,849.4,0.0,5.5,3.4,6.6,N,-5.46,-4.92,-5.35
490871,2017-05-29,2017,SEA,2017-05-29 13:10:00,13,5,6,11,2,14,9,17,312,80.1,3,54,0.0556,0.1176,2.0,6.0,3.0,7.0,133.0,76.8,38.0,0.2857,0.0,8.0,4.0,10.0,179.0,83.0,44.0,0.0,63.4,17.5,53.0,848.4,3.3,11.5,7.1,12.9,N,-11.21,-9.65,-11.41
490886,2017-05-30,2017,SEA,2017-05-30 17:10:00,17,4,10,14,2,8,9,26,277,85.1,2,66,0.0303,0.0769,0.0,2.0,5.0,7.0,130.0,80.6,40.0,0.0,2.0,6.0,4.0,19.0,147.0,89.0,47.0,0.1053,71.2,21.8,34.0,846.3,0.0,6.2,3.9,271.9,W,-0.2,-2.31,1.93
490966,2017-06-06,2017,CLE,2017-06-06 18:40:00,18,11,3,14,5,15,6,19,288,86.1,5,51,0.098,0.2632,3.0,9.0,3.0,12.0,165.0,85.8,35.0,0.25,2.0,6.0,1.0,7.0,123.0,86.4,38.0,0.2857,68.0,20.0,60.3,848.1,0.9,10.8,6.7,40.4,NE,-8.25,-5.35,-10.15
490981,2017-06-07,2017,CLE,2017-06-07 13:10:00,13,8,1,9,1,13,10,18,305,82.0,2,54,0.037,0.0556,0.0,7.0,8.0,11.0,171.0,80.1,46.0,0.0,1.0,6.0,1.0,7.0,134.0,84.4,36.0,0.1429,79.3,26.3,31.7,847.5,1.1,8.1,5.0,336.3,NW,-7.39,-8.05,-5.83
491096,2017-06-15,2017,SF,2017-06-15 18:40:00,18,10,9,19,3,17,10,32,350,84.1,6,64,0.0938,0.0938,0.0,13.0,3.0,15.0,160.0,84.2,44.0,0.0,3.0,4.0,5.0,17.0,190.0,84.1,59.0,0.1765,81.9,27.7,19.7,843.5,0.0,11.4,7.1,44.5,NE,-8.16,-4.93,-10.41
491110,2017-06-16,2017,SF,2017-06-16 18:40:00,18,10,8,18,5,17,3,26,287,81.4,2,57,0.0351,0.1923,2.0,8.0,1.0,15.0,142.0,80.1,46.0,0.1333,3.0,9.0,2.0,11.0,145.0,83.0,37.0,0.2727,85.8,29.9,18.7,840.9,0.0,13.2,8.2,324.2,NW,-10.68,-12.67,-7.41
491125,2017-06-17,2017,SF,2017-06-17 13:10:00,13,5,1,6,0,13,6,24,279,80.6,0,59,0.0,0.0,0.0,5.0,2.0,14.0,128.0,83.3,41.0,0.0,0.0,8.0,2.0,10.0,151.0,78.2,47.0,0.0,88.4,31.3,18.7,842.1,0.6,18.7,11.6,5.3,N,-18.62,-16.9,-18.09
491140,2017-06-18,2017,SF,2017-06-18 13:10:00,13,7,5,12,5,16,7,22,306,80.2,2,55,0.0364,0.2273,3.0,8.0,2.0,13.0,147.0,79.8,47.0,0.2308,2.0,8.0,5.0,9.0,159.0,80.6,40.0,0.2222,81.5,27.5,28.3,845.3,0.0,6.5,4.0,27.7,NE,-5.76,-4.38,-6.44
491156,2017-06-20,2017,AZ,2017-06-20 18:40:00,18,4,3,7,3,14,3,16,249,82.5,4,51,0.0784,0.1875,1.0,8.0,0.0,10.0,108.0,80.4,30.0,0.1,2.0,6.0,3.0,6.0,141.0,84.1,39.0,0.3333,86.7,30.4,29.0,844.9,0.0,8.6,5.3,315.4,NW,-6.1,-7.79,-3.67
491171,2017-06-21,2017,AZ,2017-06-21 18:40:00,18,5,16,21,2,18,8,28,324,86.2,3,63,0.0476,0.0714,1.0,11.0,3.0,8.0,145.0,84.7,41.0,0.125,1.0,7.0,3.0,20.0,179.0,87.4,53.0,0.05,89.5,31.9,15.7,843.3,0.0,7.7,4.8,53.4,NE,-4.59,-2.2,-6.43
491186,2017-06-22,2017,AZ,2017-06-22 13:10:00,13,3,10,13,3,20,5,18,306,82.2,1,51,0.0196,0.1667,1.0,10.0,1.0,7.0,137.0,83.0,33.0,0.1429,2.0,10.0,4.0,11.0,169.0,81.7,49.0,0.1818,87.9,31.1,22.0,842.5,4.4,23.8,14.8,38.6,NE,-18.63,-12.43,-22.59
491341,2017-07-03,2017,CIN,2017-07-03 18:10:00,18,5,3,8,4,16,6,15,261,83.1,2,47,0.0426,0.2667,2.0,10.0,3.0,10.0,148.0,80.7,41.0,0.2,2.0,6.0,3.0,5.0,113.0,86.2,33.0,0.4,81.5,27.5,23.3,847.1,0.0,8.6,5.3,258.6,W,1.69,-1.29,4.46
491352,2017-07-04,2017,CIN,2017-07-04 18:10:00,18,1,8,9,3,11,4,20,292,82.2,3,61,0.0492,0.15,0.0,8.0,0.0,10.0,142.0,84.2,38.0,0.0,3.0,3.0,4.0,10.0,150.0,80.5,44.0,0.3,83.6,28.7,21.0,848.8,0.5,13.7,8.5,30.2,NE,-11.87,-8.78,-13.51
491367,2017-07-05,2017,CIN,2017-07-05 18:40:00,18,5,3,8,2,20,6,17,302,80.0,2,47,0.0426,0.1176,2.0,11.0,3.0,6.0,141.0,81.1,29.0,0.3333,0.0,9.0,3.0,11.0,161.0,79.4,46.0,0.0,89.9,32.2,14.3,850.7,0.1,11.3,7.0,321.2,NW,-8.83,-10.73,-5.87
491382,2017-07-06,2017,CIN,2017-07-06 13:10:00,13,3,6,9,1,19,6,21,288,83.2,2,51,0.0392,0.0476,0.0,11.0,1.0,8.0,136.0,82.8,32.0,0.0,1.0,8.0,5.0,13.0,152.0,83.4,40.0,0.0769,92.1,33.4,16.3,853.6,0.2,14.3,8.9,359.6,N,-14.33,-13.5,-13.44
491392,2017-07-07,2017,CWS,2017-07-07 18:40:00,18,12,4,16,4,13,5,26,313,80.9,5,60,0.0833,0.1538,3.0,7.0,3.0,15.0,176.0,79.4,49.0,0.2,1.0,6.0,2.0,11.0,137.0,82.5,42.0,0.0909,78.8,26.0,40.3,851.9,0.0,4.0,2.5,72.0,E,-1.23,0.14,-2.44
491407,2017-07-08,2017,CWS,2017-07-08 19:10:00,19,4,5,9,2,18,6,17,280,82.4,2,50,0.04,0.1176,1.0,15.0,2.0,8.0,155.0,77.8,37.0,0.125,1.0,3.0,3.0,9.0,125.0,87.4,34.0,0.1111,78.8,26.0,38.3,849.9,0.0,8.1,5.0,92.3,E,0.32,3.06,-2.45
491422,2017-07-09,2017,CWS,2017-07-09 13:10:00,13,10,0,10,2,16,9,13,295,79.6,2,46,0.0435,0.1538,2.0,7.0,6.0,12.0,163.0,79.3,45.0,0.1667,0.0,9.0,3.0,1.0,132.0,79.9,32.0,0.0,91.3,32.9,14.7,849.7,0.0,11.8,7.3,38.2,NE,-9.27,-6.21,-11.21
491486,2017-07-17,2017,SD,2017-07-17 18:40:00,18,9,6,15,4,14,10,24,290,83.2,3,57,0.0526,0.1667,2.0,3.0,7.0,11.0,141.0,82.1,39.0,0.1818,2.0,11.0,3.0,13.0,149.0,84.1,42.0,0.1538,85.8,29.9,26.3,845.5,0.0,11.2,7.0,287.8,W,-3.43,-6.88,0.44
491501,2017-07-18,2017,SD,2017-07-18 18:40:00,18,9,7,16,3,18,9,20,305,84.3,3,53,0.0566,0.15,1.0,12.0,4.0,11.0,144.0,85.3,32.0,0.0909,2.0,6.0,3.0,9.0,161.0,83.6,49.0,0.2222,74.1,23.4,65.3,847.3,0.7,18.4,11.4,234.4,SW,10.68,4.93,15.15
491516,2017-07-19,2017,SD,2017-07-19 13:10:00,13,18,4,22,6,13,7,31,338,81.0,5,65,0.0769,0.1935,5.0,6.0,3.0,21.0,182.0,81.9,58.0,0.2381,1.0,7.0,4.0,10.0,156.0,79.8,45.0,0.1,91.0,32.8,22.7,849.0,1.4,6.3,3.9,185.9,S,6.27,5.67,6.11
491541,2017-07-21,2017,PIT,2017-07-21 18:40:00,18,5,13,18,2,12,8,27,322,83.9,2,63,0.0317,0.0741,1.0,7.0,2.0,9.0,137.0,82.6,43.0,0.1111,1.0,5.0,6.0,18.0,185.0,85.0,52.0,0.0556,77.3,25.2,41.0,848.0,0.2,17.7,11.0,357.7,N,-17.69,-16.86,-16.37
491556,2017-07-22,2017,PIT,2017-07-22 18:10:00,18,7,3,10,1,15,9,19,300,83.6,3,52,0.0577,0.0526,0.0,5.0,2.0,13.0,149.0,87.1,49.0,0.0,1.0,10.0,6.0,6.0,151.0,79.8,45.0,0.1667,83.5,28.6,31.7,848.0,0.0,11.0,6.8,77.6,E,-2.35,1.46,-5.89
491571,2017-07-23,2017,PIT,2017-07-23 13:10:00,13,13,3,16,6,15,7,26,309,82.2,4,61,0.0656,0.2308,5.0,8.0,3.0,15.0,139.0,86.7,44.0,0.3333,1.0,7.0,4.0,11.0,170.0,77.9,46.0,0.0909,87.2,30.7,23.0,850.0,0.3,9.1,5.7,76.7,E,-2.1,1.06,-5.0
491688,2017-08-01,2017,NYM,2017-08-01 18:40:00,18,5,4,9,2,15,7,20,310,81.0,2,55,0.0364,0.1,1.0,6.0,3.0,12.0,156.0,82.8,45.0,0.0833,1.0,9.0,3.0,8.0,154.0,79.4,47.0,0.125,78.0,25.6,32.3,851.0,0.0,9.4,5.9,267.5,W,0.41,-2.83,3.61
491703,2017-08-02,2017,NYM,2017-08-02 18:40:00,18,5,10,15,3,17,2,24,276,85.2,5,59,0.0847,0.125,1.0,9.0,1.0,11.0,140.0,82.4,40.0,0.0909,2.0,8.0,1.0,13.0,136.0,88.1,37.0,0.1538,76.3,24.6,44.3,849.3,0.0,15.4,9.6,318.0,NW,-11.47,-14.31,-7.25
491716,2017-08-03,2017,NYM,2017-08-03 13:10:00,13,5,4,9,3,17,8,21,279,81.8,3,52,0.0577,0.1429,2.0,8.0,3.0,12.0,141.0,82.8,40.0,0.1667,1.0,9.0,4.0,9.0,138.0,80.7,36.0,0.1111,73.0,22.8,52.3,850.9,0.4,7.4,4.6,23.4,NE,-6.79,-5.38,-7.39
491732,2017-08-04,2017,PHI,2017-08-04 18:40:00,18,4,3,7,1,11,9,17,294,80.7,1,56,0.0179,0.0588,1.0,3.0,7.0,7.0,148.0,81.7,40.0,0.1429,0.0,8.0,1.0,10.0,146.0,79.8,42.0,0.0,76.9,25.0,49.0,843.0,0.1,11.7,7.3,259.0,W,2.24,-1.83,6.03
491747,2017-08-05,2017,PHI,2017-08-05 18:10:00,18,8,5,13,2,18,4,23,269,82.6,2,54,0.037,0.087,1.0,11.0,3.0,11.0,142.0,80.6,44.0,0.0909,1.0,7.0,1.0,12.0,127.0,84.7,39.0,0.0833,67.5,19.7,73.0,843.5,0.4,13.1,8.1,323.9,NW,-10.58,-12.59,-7.3
491762,2017-08-06,2017,PHI,2017-08-06 13:10:00,13,2,3,5,1,18,6,16,266,81.5,1,50,0.02,0.0625,0.0,9.0,3.0,7.0,131.0,80.7,39.0,0.0,1.0,9.0,3.0,9.0,135.0,82.4,36.0,0.1111,71.5,22.0,52.3,847.0,0.0,4.7,2.9,13.1,N,-4.61,-3.96,-4.7
491863,2017-08-14,2017,ATL,2017-08-14 18:40:00,18,3,0,3,0,11,6,14,249,82.5,0,51,0.0,0.0,0.0,8.0,4.0,7.0,133.0,78.6,36.0,0.0,0.0,3.0,1.0,7.0,116.0,86.1,38.0,0.0,72.7,22.6,44.7,840.7,0.0,16.2,10.1,238.2,SW,8.56,3.33,12.76
491873,2017-08-15,2017,ATL,2017-08-15 18:40:00,18,3,4,7,4,18,6,12,276,82.9,2,46,0.0435,0.3333,3.0,11.0,3.0,6.0,154.0,83.6,33.0,0.5,1.0,7.0,2.0,6.0,122.0,82.4,40.0,0.1667,71.3,21.8,57.0,840.0,0.1,14.8,9.2,6.8,N,-14.7,-13.21,-14.41
491889,2017-08-16,2017,ATL,2017-08-16 18:40:00,18,17,2,19,3,23,9,25,344,81.0,2,51,0.0392,0.12,3.0,11.0,7.0,18.0,207.0,82.8,56.0,0.1667,0.0,12.0,2.0,7.0,137.0,78.3,39.0,0.0,68.3,20.2,59.0,846.6,0.0,6.1,3.8,247.8,W,2.3,0.23,4.1
491904,2017-08-17,2017,ATL,2017-08-17 13:10:00,13,4,10,14,5,8,10,21,306,80.6,3,67,0.0448,0.2381,1.0,3.0,5.0,9.0,156.0,77.4,57.0,0.1111,4.0,5.0,5.0,12.0,150.0,84.6,47.0,0.3333,79.2,26.2,28.7,848.1,0.0,5.7,3.5,145.6,SE,4.7,5.52,3.32
491920,2017-08-18,2017,MIL,2017-08-18 18:40:00,18,8,4,12,6,16,7,18,269,83.9,5,51,0.098,0.3333,3.0,5.0,4.0,9.0,131.0,85.5,34.0,0.3333,3.0,11.0,2.0,9.0,138.0,82.5,40.0,0.3333,77.5,25.3,48.7,846.3,0.0,4.5,2.8,308.6,NW,-2.83,-3.87,-1.45
491935,2017-08-19,2017,MIL,2017-08-19 18:10:00,18,3,6,9,2,16,7,21,285,80.8,2,55,0.0364,0.0952,0.0,8.0,4.0,11.0,148.0,83.7,41.0,0.0,2.0,8.0,3.0,10.0,137.0,77.3,34.0,0.2,77.2,25.1,47.0,843.3,0.0,6.1,3.8,227.9,SW,4.09,2.3,5.39
491950,2017-08-20,2017,MIL,2017-08-20 13:10:00,13,4,8,12,3,17,13,20,334,80.3,3,55,0.0545,0.15,1.0,8.0,7.0,8.0,163.0,79.8,36.0,0.125,2.0,9.0,6.0,12.0,171.0,80.8,43.0,0.1667,86.0,30.0,17.0,847.6,0.0,8.0,5.0,50.1,NE,-5.14,-2.73,-6.92
492056,2017-08-28,2017,DET,2017-08-28 18:40:00,18,3,4,7,1,15,5,22,307,83.2,3,57,0.0526,0.0455,1.0,8.0,2.0,13.0,155.0,82.5,49.0,0.0769,0.0,7.0,3.0,9.0,152.0,84.0,41.0,0.0,80.1,26.7,27.7,848.2,0.0,6.6,4.1,22.0,N,-6.09,-4.88,-6.56
492067,2017-08-29,2017,DET,2017-08-29 18:40:00,18,7,3,10,3,19,4,16,266,79.2,1,45,0.0222,0.1875,2.0,6.0,3.0,9.0,144.0,77.7,47.0,0.2222,1.0,13.0,1.0,7.0,122.0,81.6,29.0,0.1429,81.6,27.6,26.0,847.9,0.1,7.3,4.5,120.1,SE,3.65,5.58,1.28
492082,2017-08-30,2017,DET,2017-08-30 13:10:00,13,2,6,8,3,20,6,17,294,79.6,2,49,0.0408,0.1765,1.0,12.0,2.0,6.0,145.0,81.8,47.0,0.1667,2.0,8.0,4.0,11.0,149.0,77.3,43.0,0.1818,84.6,29.2,21.0,849.7,0.0,8.8,5.4,141.2,SE,6.83,8.3,4.54
492103,2017-09-01,2017,AZ,2017-09-01 18:40:00,18,5,9,14,1,21,15,18,336,85.1,0,48,0.0,0.0556,0.0,12.0,8.0,8.0,168.0,86.9,37.0,0.0,1.0,9.0,5.0,10.0,168.0,83.6,44.0,0.1,77.2,25.1,35.3,848.2,0.0,7.9,4.9,17.2,N,-7.51,-6.26,-7.86
492118,2017-09-02,2017,AZ,2017-09-02 18:10:00,18,2,6,8,1,16,10,12,336,81.6,1,51,0.0196,0.0833,0.0,6.0,4.0,4.0,157.0,81.1,41.0,0.0,1.0,10.0,6.0,8.0,179.0,82.1,40.0,0.125,80.1,26.7,30.7,849.5,0.0,8.9,5.5,38.2,NE,-7.0,-4.69,-8.46
492133,2017-09-03,2017,AZ,2017-09-03 13:10:00,13,1,5,6,3,23,6,14,287,81.9,1,45,0.0222,0.2143,0.0,12.0,6.0,5.0,149.0,81.3,31.0,0.0,3.0,11.0,0.0,9.0,138.0,82.3,39.0,0.3333,92.8,33.8,12.7,851.5,0.0,9.9,6.2,35.7,NE,-8.07,-5.6,-9.56
492158,2017-09-04,2017,SF,2017-09-04 13:10:00,13,4,3,7,3,14,8,15,306,81.7,2,53,0.0377,0.2,1.0,9.0,7.0,8.0,176.0,81.5,48.0,0.125,2.0,5.0,0.0,7.0,130.0,82.0,37.0,0.2857,88.4,31.3,14.7,850.4,0.2,12.4,7.7,293.0,NW,-4.86,-8.48,-0.65
492173,2017-09-05,2017,SF,2017-09-05 18:40:00,18,9,6,15,1,18,7,25,321,80.3,1,56,0.0179,0.04,1.0,6.0,2.0,13.0,150.0,80.9,54.0,0.0769,0.0,12.0,5.0,12.0,171.0,79.6,43.0,0.0,66.7,19.3,46.0,851.7,0.0,8.3,5.1,29.7,NE,-7.18,-5.35,-8.15
492188,2017-09-06,2017,SF,2017-09-06 18:40:00,18,3,11,14,3,21,4,25,329,79.9,3,59,0.0508,0.12,1.0,11.0,1.0,8.0,154.0,79.1,37.0,0.125,2.0,10.0,3.0,17.0,175.0,80.5,44.0,0.1176,74.2,23.5,29.0,847.4,0.0,9.0,5.6,8.4,N,-8.87,-7.89,-8.78
492306,2017-09-15,2017,SD,2017-09-15 18:40:00,18,6,1,7,2,9,5,16,267,83.8,3,56,0.0536,0.125,1.0,3.0,2.0,9.0,118.0,84.3,34.0,0.1111,1.0,6.0,2.0,7.0,149.0,83.5,45.0,0.1429,72.5,22.5,24.7,837.2,0.0,18.2,11.3,321.8,NW,-14.31,-17.29,-9.6
492321,2017-09-16,2017,SD,2017-09-16 18:10:00,18,16,0,16,3,12,9,20,307,80.7,3,55,0.0545,0.15,3.0,4.0,6.0,17.0,183.0,83.3,55.0,0.1765,0.0,8.0,3.0,3.0,124.0,76.6,34.0,0.0,62.4,16.9,59.0,845.1,0.3,9.5,5.9,52.8,NE,-5.73,-2.81,-7.96
492336,2017-09-17,2017,SD,2017-09-17 13:10:00,13,3,4,7,1,18,5,17,267,80.6,2,51,0.0392,0.0588,0.0,5.0,2.0,9.0,140.0,80.3,42.0,0.0,1.0,13.0,3.0,8.0,127.0,81.0,28.0,0.125,69.5,20.8,45.0,844.8,0.2,7.9,4.9,20.1,N,-7.42,-6.04,-7.9
492438,2017-09-25,2017,MIA,2017-09-25 18:40:00,18,4,5,9,1,12,9,19,320,85.0,2,59,0.0339,0.0526,1.0,7.0,3.0,9.0,152.0,84.3,41.0,0.1111,0.0,5.0,6.0,10.0,168.0,85.7,42.0,0.0,48.4,9.1,81.3,842.0,0.2,8.0,5.0,303.0,NW,-4.35,-6.39,-1.8
492451,2017-09-26,2017,MIA,2017-09-26 18:40:00,18,6,0,6,2,13,6,17,251,84.5,3,48,0.0625,0.1176,2.0,5.0,5.0,12.0,131.0,86.1,32.0,0.1667,0.0,8.0,0.0,5.0,120.0,83.1,38.0,0.0,54.7,12.6,61.0,846.7,0.0,13.9,8.6,330.7,NW,-12.12,-13.72,-9.06
492466,2017-09-27,2017,MIA,2017-09-27 13:10:00,13,15,9,24,2,12,10,28,337,81.5,1,66,0.0152,0.0714,1.0,5.0,7.0,14.0,183.0,80.5,44.0,0.0714,1.0,7.0,0.0,14.0,154.0,82.3,47.0,0.0714,51.8,11.0,79.0,849.8,0.2,10.3,6.4,14.0,N,-9.96,-8.51,-10.21
492491,2017-09-29,2017,LAD,2017-09-29 18:10:00,18,9,1,10,4,12,7,17,324,82.0,4,56,0.0714,0.2353,4.0,7.0,4.0,11.0,199.0,80.2,61.0,0.3636,0.0,5.0,2.0,6.0,125.0,85.1,36.0,0.0,54.7,12.6,82.3,845.8,0.0,7.8,4.9,296.7,NW,-3.52,-5.7,-0.92
492506,2017-09-30,2017,LAD,2017-09-30 18:10:00,18,3,5,8,2,16,2,19,253,80.8,1,54,0.0185,0.1053,1.0,10.0,1.0,11.0,130.0,77.4,40.0,0.0909,1.0,6.0,1.0,8.0,123.0,84.1,41.0,0.125,60.0,15.6,47.7,839.1,0.0,13.6,8.4,302.7,NW,-7.33,-10.79,-2.98
492521,2017-10-01,2017,LAD,2017-10-01 13:10:00,13,3,6,9,0,11,13,20,353,80.3,0,60,0.0,0.0,0.0,7.0,4.0,10.0,152.0,79.0,55.0,0.0,0.0,4.0,9.0,10.0,201.0,81.5,58.0,0.0,70.3,21.3,29.3,834.3,0.8,13.9,8.7,5.0,N,-13.88,-12.63,-13.46
529508,2018-04-06,2018,ATL,2018-04-06 14:10:00,14,3,8,11,3,10,9,18,307,83.9,2,61,0.0328,0.1667,2.0,8.0,2.0,7.0,147.0,84.6,42.0,0.2857,1.0,2.0,5.0,11.0,160.0,83.4,48.0,0.0909,34.8,1.6,61.7,840.8,0.9,13.2,8.2,52.0,NE,-8.11,-4.07,-11.17
529518,2018-04-07,2018,ATL,2018-04-07 18:10:00,18,3,2,5,1,16,11,18,321,83.2,1,56,0.0179,0.0556,1.0,11.0,6.0,10.0,177.0,78.6,45.0,0.1,0.0,5.0,4.0,8.0,144.0,88.6,38.0,0.0,48.4,9.1,60.0,832.8,0.0,10.2,6.4,279.1,W,-1.62,-4.97,1.94
529533,2018-04-08,2018,ATL,2018-04-08 13:10:00,13,0,4,4,3,19,2,14,240,81.6,4,46,0.087,0.2143,0.0,10.0,0.0,6.0,113.0,81.8,29.0,0.0,3.0,9.0,2.0,8.0,127.0,81.4,39.0,0.375,61.6,16.4,19.3,834.3,0.0,20.1,12.5,350.7,N,-19.8,-19.72,-17.49
529556,2018-04-09,2018,SD,2018-04-09 18:40:00,18,6,7,13,5,18,6,20,284,83.9,4,54,0.0741,0.25,3.0,8.0,5.0,7.0,139.0,84.6,36.0,0.4286,2.0,10.0,0.0,13.0,145.0,83.2,40.0,0.1538,47.3,8.5,61.7,845.8,0.0,8.9,5.5,249.7,W,3.08,0.05,5.74
529570,2018-04-10,2018,SD,2018-04-10 18:40:00,18,2,5,7,3,20,4,15,244,83.0,2,45,0.0444,0.2,1.0,10.0,1.0,5.0,111.0,85.8,29.0,0.2,2.0,10.0,3.0,10.0,133.0,81.0,39.0,0.2,62.9,17.2,28.0,842.4,0.0,2.7,1.7,218.5,SW,2.11,1.41,2.56
529585,2018-04-11,2018,SD,2018-04-11 13:10:00,13,6,4,10,2,24,4,15,272,83.3,2,42,0.0476,0.1333,0.0,11.0,3.0,9.0,147.0,82.1,44.0,0.0,2.0,13.0,1.0,6.0,125.0,84.8,35.0,0.3333,77.1,25.0,12.3,837.9,0.0,25.0,15.5,267.3,W,1.16,-7.44,9.62
529692,2018-04-20,2018,CHC,2018-04-20 18:40:00,18,5,16,21,3,12,8,29,338,83.6,4,67,0.0597,0.1034,1.0,8.0,3.0,11.0,164.0,80.3,52.0,0.0909,2.0,4.0,5.0,18.0,174.0,86.5,60.0,0.1111,42.4,5.8,78.3,837.3,0.8,15.1,9.4,128.0,SE,9.33,12.84,4.69
529707,2018-04-21,2018,CHC,2018-04-21 18:10:00,18,5,2,7,0,15,9,11,277,82.6,4,45,0.0889,0.0,0.0,8.0,7.0,5.0,157.0,81.6,38.0,0.0,0.0,7.0,2.0,6.0,120.0,83.6,37.0,0.0,38.7,3.7,79.7,844.6,0.0,8.4,5.2,177.3,S,8.39,8.02,7.75
529722,2018-04-22,2018,CHC,2018-04-22 13:10:00,13,7,9,16,3,26,8,25,334,85.1,3,53,0.0566,0.12,2.0,11.0,4.0,12.0,152.0,86.0,42.0,0.1667,1.0,15.0,4.0,13.0,182.0,84.2,47.0,0.0769,60.6,15.9,38.3,846.4,0.0,8.9,5.6,10.0,N,-8.8,-7.74,-8.8
529742,2018-04-23,2018,SD,2018-04-23 18:40:00,18,5,13,18,4,15,8,25,352,87.3,5,62,0.0806,0.16,2.0,6.0,2.0,9.0,144.0,87.7,39.0,0.2222,2.0,9.0,6.0,16.0,208.0,87.0,55.0,0.125,62.0,16.7,48.0,841.1,0.3,7.6,4.7,310.7,NW,-4.94,-6.6,-2.68
529756,2018-04-24,2018,SD,2018-04-24 18:40:00,18,8,0,8,1,22,7,13,251,82.0,1,40,0.025,0.0769,1.0,10.0,5.0,9.0,138.0,81.6,37.0,0.1111,0.0,12.0,2.0,4.0,113.0,82.6,29.0,0.0,38.5,3.6,64.7,851.4,0.1,7.5,4.7,312.5,NW,-5.07,-6.65,-2.87
529771,2018-04-25,2018,SD,2018-04-25 13:10:00,13,5,2,7,0,27,8,13,319,79.4,0,35,0.0,0.0,0.0,11.0,4.0,9.0,154.0,77.4,39.0,0.0,0.0,16.0,4.0,4.0,165.0,82.0,29.0,0.0,61.3,16.3,18.0,847.2,0.0,4.9,3.0,77.6,E,-1.05,0.65,-2.62
529940,2018-05-08,2018,LAA,2018-05-08 18:40:00,18,4,2,6,1,15,6,13,252,82.6,1,47,0.0213,0.0769,0.0,7.0,4.0,7.0,123.0,80.1,33.0,0.0,1.0,8.0,2.0,6.0,129.0,85.2,32.0,0.1667,69.2,20.7,36.0,844.2,0.0,5.2,3.2,300.3,NW,-2.63,-4.0,-0.93
529955,2018-05-09,2018,LAA,2018-05-09 13:10:00,13,0,8,8,3,18,7,20,314,80.5,3,53,0.0566,0.15,0.0,14.0,2.0,8.0,150.0,78.1,39.0,0.0,3.0,4.0,5.0,12.0,164.0,82.4,49.0,0.25,76.8,24.9,25.3,844.2,0.0,8.5,5.3,24.4,NE,-7.77,-6.09,-8.51
529966,2018-05-10,2018,MIL,2018-05-10 18:40:00,18,2,5,7,2,17,9,17,276,86.0,4,49,0.0816,0.1176,1.0,11.0,4.0,5.0,125.0,86.0,28.0,0.2,1.0,6.0,5.0,12.0,151.0,86.0,44.0,0.0833,73.1,22.8,48.3,835.2,0.0,11.9,7.4,323.6,NW,-9.61,-11.45,-6.61
529977,2018-05-11,2018,MIL,2018-05-11 18:40:00,18,10,11,21,4,15,10,33,407,86.2,5,74,0.0676,0.1212,2.0,8.0,4.0,16.0,224.0,85.1,63.0,0.125,2.0,7.0,6.0,17.0,183.0,87.7,47.0,0.1176,60.0,15.5,77.3,835.2,0.4,18.6,11.6,357.7,N,-18.58,-17.72,-17.2
529992,2018-05-12,2018,MIL,2018-05-12 18:10:00,18,4,0,4,2,15,6,14,251,83.1,3,50,0.06,0.1429,2.0,5.0,2.0,9.0,120.0,85.9,40.0,0.2222,0.0,10.0,4.0,5.0,131.0,79.9,35.0,0.0,55.0,12.8,88.7,839.9,1.4,16.3,10.1,9.4,N,-16.08,-14.21,-16.02
530007,2018-05-13,2018,MIL,2018-05-13 13:10:00,13,3,7,10,4,30,5,19,349,85.2,4,44,0.0909,0.2105,2.0,15.0,3.0,6.0,160.0,84.9,34.0,0.3333,2.0,15.0,2.0,13.0,189.0,85.5,46.0,0.1538,61.2,16.2,64.3,841.7,0.0,10.6,6.6,352.3,N,-10.5,-10.36,-9.39
530158,2018-05-25,2018,CIN,2018-05-25 18:40:00,18,5,4,9,2,17,8,16,261,85.4,4,47,0.0851,0.125,1.0,6.0,4.0,8.0,116.0,86.8,32.0,0.125,1.0,11.0,3.0,8.0,145.0,84.1,34.0,0.125,76.9,25.0,35.3,841.7,0.0,8.3,5.2,0.5,N,-8.3,-7.77,-7.82
530173,2018-05-26,2018,CIN,2018-05-26 19:10:00,19,5,6,11,2,10,8,22,296,81.5,4,59,0.0678,0.0909,0.0,6.0,5.0,11.0,148.0,80.5,47.0,0.0,2.0,4.0,3.0,11.0,148.0,82.3,53.0,0.1818,72.0,22.2,42.3,835.8,0.0,7.7,4.8,296.0,NW,-3.38,-5.56,-0.8
530188,2018-05-27,2018,CIN,2018-05-27 13:10:00,13,8,2,10,4,15,7,23,273,84.8,3,56,0.0536,0.1739,4.0,8.0,2.0,14.0,131.0,88.1,40.0,0.2857,0.0,7.0,5.0,9.0,142.0,81.2,37.0,0.0,81.0,27.2,23.0,840.3,0.9,21.7,13.5,347.0,N,-21.14,-21.54,-18.2
530208,2018-05-28,2018,SF,2018-05-28 17:10:00,17,6,5,11,2,13,5,23,319,82.7,0,68,0.0,0.087,1.0,10.0,2.0,11.0,168.0,83.3,46.0,0.0909,1.0,3.0,2.0,12.0,151.0,82.2,52.0,0.0833,64.2,17.9,60.3,840.2,0.4,9.4,5.8,267.1,W,0.48,-2.75,3.65
530223,2018-05-29,2018,SF,2018-05-29 18:40:00,18,11,4,15,4,12,2,27,304,83.3,5,66,0.0758,0.1481,1.0,7.0,1.0,15.0,152.0,82.4,56.0,0.0667,3.0,5.0,1.0,12.0,152.0,84.4,49.0,0.25,69.7,21.0,41.0,839.8,0.0,8.7,5.4,45.7,NE,-6.1,-3.6,-7.87
530238,2018-05-30,2018,SF,2018-05-30 18:40:00,18,4,7,11,1,14,5,22,293,85.1,1,61,0.0164,0.0455,1.0,4.0,2.0,11.0,131.0,84.6,41.0,0.0909,0.0,10.0,3.0,11.0,162.0,85.7,42.0,0.0,69.5,20.8,48.7,839.4,0.0,15.0,9.3,349.8,N,-14.76,-14.78,-12.96
530259,2018-06-01,2018,LAD,2018-06-01 18:40:00,18,8,11,19,4,12,8,25,339,83.9,3,66,0.0455,0.16,1.0,6.0,2.0,13.0,155.0,84.4,48.0,0.0769,3.0,6.0,6.0,12.0,184.0,83.4,49.0,0.25,81.1,27.3,11.7,840.7,0.0,16.9,10.5,308.9,NW,-10.61,-14.47,-5.47
530274,2018-06-02,2018,LAD,2018-06-02 17:15:00,17,4,12,16,3,15,9,23,333,84.2,3,58,0.0517,0.1304,0.0,5.0,3.0,10.0,136.0,85.1,44.0,0.0,3.0,10.0,6.0,13.0,197.0,83.3,44.0,0.2308,77.4,25.2,17.0,850.5,0.0,12.3,7.6,57.3,NE,-6.62,-2.69,-9.75
530289,2018-06-03,2018,LAD,2018-06-03 13:10:00,13,7,10,17,4,20,5,19,336,85.7,6,54,0.1111,0.2105,1.0,12.0,3.0,8.0,172.0,87.8,40.0,0.125,3.0,8.0,2.0,11.0,164.0,84.0,47.0,0.2727,76.4,24.7,28.7,848.1,0.0,11.6,7.2,348.8,N,-11.35,-11.43,-9.9
530343,2018-06-08,2018,AZ,2018-06-08 18:40:00,18,4,9,13,6,14,6,22,290,86.2,7,61,0.1148,0.2727,2.0,7.0,2.0,10.0,139.0,85.8,42.0,0.2,4.0,7.0,2.0,12.0,151.0,86.6,47.0,0.3333,86.7,30.4,12.0,844.4,0.0,10.6,6.6,341.8,N,-10.04,-10.56,-8.31
530358,2018-06-09,2018,AZ,2018-06-09 17:15:00,17,7,12,19,6,19,6,22,341,85.0,6,55,0.1091,0.2727,3.0,7.0,1.0,9.0,135.0,85.3,48.0,0.3333,3.0,12.0,4.0,13.0,206.0,84.8,41.0,0.2308,90.9,32.7,10.3,841.7,0.0,5.1,3.2,76.2,E,-1.21,0.55,-2.83
530373,2018-06-10,2018,AZ,2018-06-10 13:10:00,13,3,8,11,1,21,8,18,318,84.9,4,50,0.08,0.0556,0.0,10.0,2.0,8.0,145.0,84.4,37.0,0.0,1.0,11.0,6.0,10.0,173.0,85.3,41.0,0.1,93.3,34.0,6.0,838.2,0.0,2.6,1.6,269.3,W,0.03,-0.87,0.93
530485,2018-06-18,2018,NYM,2018-06-18 18:40:00,18,2,12,14,4,17,7,20,306,82.7,3,55,0.0545,0.2,0.0,8.0,2.0,5.0,122.0,87.6,38.0,0.0,4.0,9.0,4.0,15.0,184.0,79.6,61.0,0.2667,71.7,22.0,66.0,843.1,0.4,16.2,10.1,349.7,N,-15.97,-16.0,-14.02
530498,2018-06-19,2018,NYM,2018-06-19 18:40:00,18,10,8,18,4,16,8,25,310,83.0,3,56,0.0536,0.16,4.0,6.0,4.0,16.0,153.0,84.3,41.0,0.25,0.0,10.0,4.0,9.0,157.0,81.8,40.0,0.0,62.4,16.9,85.7,843.8,4.8,22.9,14.2,350.4,N,-22.55,-22.49,-19.88
530512,2018-06-20,2018,NYM,2018-06-20 18:40:00,18,10,8,18,3,15,14,25,344,85.7,2,59,0.0339,0.12,3.0,9.0,5.0,12.0,160.0,85.5,37.0,0.25,0.0,6.0,8.0,13.0,184.0,85.9,51.0,0.0,70.9,21.6,42.7,847.8,0.0,13.7,8.5,8.5,N,-13.58,-12.07,-13.46
530522,2018-06-21,2018,NYM,2018-06-21 13:10:00,13,6,4,10,2,15,8,20,303,83.2,2,50,0.04,0.1,1.0,9.0,4.0,9.0,139.0,85.1,46.0,0.1111,1.0,6.0,4.0,11.0,164.0,81.1,44.0,0.0909,80.1,26.7,36.3,847.8,0.0,11.8,7.4,31.3,NE,-10.11,-7.4,-11.6
530534,2018-06-22,2018,MIA,2018-06-22 18:40:00,18,11,3,14,2,22,5,25,289,83.9,0,55,0.0,0.08,1.0,8.0,3.0,15.0,151.0,82.9,46.0,0.0667,1.0,14.0,1.0,10.0,138.0,85.2,38.0,0.1,77.5,25.3,30.7,840.9,0.0,9.5,5.9,358.1,N,-9.46,-9.0,-8.79
530549,2018-06-23,2018,MIA,2018-06-23 13:10:00,13,2,6,8,3,19,6,13,264,83.8,3,47,0.0638,0.2308,1.0,10.0,2.0,4.0,122.0,82.2,29.0,0.25,2.0,9.0,4.0,9.0,142.0,85.2,35.0,0.2222,83.6,28.7,18.7,841.2,0.0,5.5,3.4,23.9,NE,-5.03,-3.96,-5.49
530564,2018-06-24,2018,MIA,2018-06-24 13:10:00,13,5,8,13,3,20,6,18,302,82.5,2,52,0.0385,0.1667,2.0,9.0,2.0,6.0,135.0,86.0,35.0,0.3333,1.0,11.0,3.0,12.0,167.0,80.3,56.0,0.0833,64.0,17.8,61.0,844.6,2.3,8.5,5.3,25.7,NE,-7.66,-5.93,-8.46
530675,2018-07-02,2018,SF,2018-07-02 18:40:00,18,5,2,7,1,11,5,16,255,83.8,0,55,0.0,0.0625,0.0,6.0,4.0,11.0,130.0,83.0,44.0,0.0,1.0,5.0,1.0,5.0,125.0,84.9,35.0,0.2,88.8,31.5,15.3,843.3,0.0,10.3,6.4,86.8,E,-0.57,2.99,-4.07
530690,2018-07-03,2018,SF,2018-07-03 18:10:00,18,8,1,9,2,10,4,18,276,85.4,2,58,0.0345,0.1111,2.0,6.0,2.0,12.0,143.0,85.5,49.0,0.1667,0.0,4.0,2.0,6.0,133.0,85.4,39.0,0.0,88.3,31.3,12.3,844.9,0.0,10.1,6.3,284.8,W,-2.57,-5.76,0.92
530705,2018-07-04,2018,SF,2018-07-04 18:10:00,18,1,0,1,1,16,4,10,225,81.5,2,44,0.0455,0.1,1.0,6.0,1.0,7.0,111.0,83.8,37.0,0.1429,0.0,10.0,3.0,3.0,114.0,78.7,31.0,0.0,80.2,26.8,41.0,852.7,0.8,14.8,9.2,32.1,NE,-12.56,-9.11,-14.5
530772,2018-07-10,2018,AZ,2018-07-10 18:40:00,18,3,5,8,4,17,12,17,355,81.3,2,54,0.037,0.2353,1.0,7.0,5.0,9.0,195.0,79.8,63.0,0.1111,3.0,10.0,7.0,8.0,160.0,83.4,44.0,0.375,93.9,34.4,10.3,846.9,0.0,15.6,9.7,123.3,SE,8.57,12.51,3.6
530787,2018-07-11,2018,AZ,2018-07-11 18:40:00,18,19,2,21,6,14,9,25,309,85.8,6,61,0.0984,0.24,5.0,4.0,6.0,19.0,173.0,86.9,65.0,0.2632,1.0,10.0,3.0,6.0,136.0,83.7,35.0,0.1667,89.6,32.0,19.7,845.4,0.0,19.7,12.2,122.0,SE,10.44,15.52,4.09
530802,2018-07-12,2018,AZ,2018-07-12 13:10:00,13,5,1,6,1,15,6,16,305,85.9,2,51,0.0392,0.0625,1.0,8.0,3.0,9.0,151.0,85.4,37.0,0.1111,0.0,7.0,1.0,7.0,154.0,86.2,48.0,0.0,86.8,30.5,30.0,848.9,0.5,15.5,9.6,351.7,N,-15.3,-15.14,-13.62
530821,2018-07-13,2018,SEA,2018-07-13 18:40:00,18,10,7,17,2,12,7,26,295,84.0,4,63,0.0635,0.0769,2.0,5.0,2.0,14.0,134.0,85.6,46.0,0.1429,0.0,7.0,4.0,12.0,161.0,82.4,47.0,0.0,85.3,29.6,25.3,850.2,0.0,7.7,4.8,7.5,N,-7.63,-6.83,-7.52
530836,2018-07-14,2018,SEA,2018-07-14 19:10:00,19,4,1,5,1,15,3,15,251,83.0,1,48,0.0208,0.0667,1.0,7.0,2.0,10.0,138.0,81.9,40.0,0.1,0.0,8.0,1.0,5.0,113.0,84.6,31.0,0.0,87.9,31.1,21.0,847.1,0.0,16.0,9.9,73.4,E,-4.57,0.94,-9.52
530851,2018-07-15,2018,SEA,2018-07-15 13:10:00,13,4,3,7,1,14,3,18,260,84.1,1,52,0.0192,0.0556,1.0,6.0,2.0,9.0,117.0,85.4,37.0,0.1111,0.0,8.0,1.0,9.0,143.0,83.1,47.0,0.0,80.9,27.2,42.0,851.7,0.5,15.1,9.4,6.0,N,-15.05,-13.6,-14.68
530921,2018-07-24,2018,HOU,2018-07-24 18:40:00,18,2,8,10,2,20,5,16,288,85.0,1,51,0.0196,0.125,0.0,13.0,1.0,6.0,147.0,83.8,37.0,0.0,2.0,7.0,4.0,10.0,141.0,86.0,42.0,0.2,80.5,27.0,49.3,850.7,0.4,5.7,3.5,229.5,SW,3.68,1.98,4.93
530935,2018-07-25,2018,HOU,2018-07-25 18:40:00,18,3,2,5,2,19,8,9,275,82.3,1,40,0.025,0.2222,2.0,9.0,5.0,8.0,146.0,80.3,38.0,0.25,0.0,10.0,3.0,1.0,129.0,84.7,31.0,0.0,71.8,22.1,68.0,851.6,1.3,18.0,11.2,44.7,NE,-12.81,-7.7,-16.38
530964,2018-07-27,2018,ATH,2018-07-27 18:40:00,18,3,1,4,1,17,5,19,279,83.8,3,52,0.0577,0.0526,1.0,9.0,1.0,10.0,116.0,84.8,35.0,0.1,0.0,8.0,4.0,9.0,163.0,83.1,46.0,0.0,70.5,21.4,68.7,849.0,0.5,5.5,3.4,0.1,N,-5.47,-5.13,-5.14
530979,2018-07-28,2018,ATH,2018-07-28 18:10:00,18,4,1,5,2,12,9,16,279,83.7,1,53,0.0189,0.125,2.0,2.0,2.0,10.0,119.0,84.4,41.0,0.2,0.0,10.0,5.0,6.0,160.0,83.1,42.0,0.0,72.4,22.4,63.3,848.9,0.2,8.8,5.5,76.2,E,-2.1,0.95,-4.9
530994,2018-07-29,2018,ATH,2018-07-29 13:10:00,13,3,2,5,3,19,3,13,246,83.0,4,44,0.0909,0.2308,1.0,9.0,2.0,8.0,128.0,81.4,38.0,0.125,2.0,10.0,1.0,5.0,118.0,85.0,32.0,0.4,76.8,24.9,50.3,848.9,0.0,11.6,7.2,38.3,NE,-9.08,-6.08,-10.98
531101,2018-08-06,2018,PIT,2018-08-06 18:40:00,18,2,0,2,0,11,3,7,227,80.2,1,46,0.0217,0.0,0.0,3.0,0.0,5.0,99.0,82.6,41.0,0.0,0.0,8.0,3.0,2.0,128.0,78.2,48.0,0.0,69.3,20.7,76.3,848.9,1.7,12.6,7.8,24.6,NE,-11.49,-8.99,-12.59
531115,2018-08-07,2018,PIT,2018-08-07 18:40:00,18,2,10,12,3,12,3,20,251,85.8,3,60,0.05,0.15,0.0,3.0,1.0,10.0,107.0,86.7,38.0,0.0,3.0,9.0,2.0,10.0,144.0,85.0,46.0,0.3,72.6,22.5,61.7,846.2,0.0,7.4,4.6,345.5,N,-7.2,-7.4,-6.12
531129,2018-08-08,2018,PIT,2018-08-08 13:10:00,13,3,4,7,1,18,8,20,310,84.0,2,55,0.0364,0.05,1.0,7.0,3.0,9.0,166.0,83.7,47.0,0.1111,0.0,11.0,3.0,11.0,144.0,84.4,41.0,0.0,79.2,26.2,41.7,850.6,0.0,9.0,5.6,345.3,N,-8.74,-9.0,-7.42
531136,2018-08-09,2018,LAD,2018-08-09 18:40:00,18,5,8,13,6,15,6,23,313,86.0,5,57,0.0877,0.2609,1.0,4.0,4.0,10.0,142.0,84.9,39.0,0.1,5.0,11.0,2.0,13.0,171.0,86.9,52.0,0.3846,81.9,27.7,27.7,850.0,0.0,9.3,5.8,55.0,NE,-5.35,-2.42,-7.65
531145,2018-08-10,2018,LAD,2018-08-10 18:40:00,18,5,4,9,3,18,4,19,306,84.7,2,53,0.0377,0.1579,2.0,13.0,3.0,9.0,154.0,84.2,38.0,0.2222,1.0,5.0,1.0,10.0,152.0,85.0,47.0,0.1,80.5,27.0,29.3,850.1,0.0,15.3,9.5,99.3,E,2.49,7.51,-2.84
531160,2018-08-11,2018,LAD,2018-08-11 18:10:00,18,3,2,5,2,19,6,12,285,84.7,2,43,0.0465,0.1667,1.0,8.0,3.0,6.0,141.0,86.7,36.0,0.1667,1.0,11.0,3.0,6.0,144.0,82.5,33.0,0.1667,85.3,29.6,19.3,848.1,0.0,8.2,5.1,101.7,E,1.67,4.33,-1.19
531175,2018-08-12,2018,LAD,2018-08-12 13:10:00,13,4,3,7,1,13,8,12,259,83.3,3,50,0.06,0.0833,1.0,7.0,1.0,5.0,133.0,82.3,38.0,0.2,0.0,6.0,5.0,7.0,126.0,84.5,33.0,0.0,87.7,30.9,22.7,848.3,0.0,4.5,2.8,16.5,N,-4.32,-3.62,-4.49
531299,2018-08-21,2018,SD,2018-08-21 18:40:00,18,3,4,7,3,23,2,18,261,84.3,3,50,0.06,0.1667,1.0,10.0,0.0,7.0,112.0,88.1,32.0,0.1429,2.0,13.0,1.0,11.0,149.0,81.3,41.0,0.1818,63.6,17.6,82.3,851.0,0.3,7.4,4.6,250.3,W,2.49,-0.04,4.72
531314,2018-08-22,2018,SD,2018-08-22 18:40:00,18,6,2,8,1,14,4,15,271,88.8,1,52,0.0192,0.0667,0.0,5.0,3.0,10.0,148.0,88.5,46.0,0.0,1.0,9.0,1.0,5.0,123.0,89.5,29.0,0.2,75.2,24.0,47.3,847.2,0.0,3.8,2.4,217.3,SW,3.05,2.07,3.66
531325,2018-08-23,2018,SD,2018-08-23 13:10:00,13,4,3,7,3,19,4,16,281,82.8,3,48,0.0625,0.1875,2.0,10.0,1.0,7.0,124.0,82.4,29.0,0.2857,1.0,9.0,3.0,9.0,157.0,83.1,40.0,0.1111,87.1,30.6,15.3,845.2,0.0,10.8,6.7,342.7,N,-10.28,-10.75,-8.56
531339,2018-08-24,2018,STL,2018-08-24 18:40:00,18,5,7,12,4,14,6,26,322,85.0,2,65,0.0308,0.1538,2.0,7.0,4.0,15.0,166.0,85.0,53.0,0.1333,2.0,7.0,1.0,11.0,156.0,85.1,50.0,0.1818,82.0,27.8,28.7,843.8,0.0,10.7,6.6,287.5,W,-3.22,-6.51,0.47
531354,2018-08-25,2018,STL,2018-08-25 18:10:00,18,9,1,10,1,20,7,18,278,82.8,1,48,0.0208,0.0556,1.0,7.0,4.0,13.0,142.0,83.3,46.0,0.0769,0.0,13.0,2.0,5.0,136.0,81.9,30.0,0.0,79.9,26.6,33.0,843.7,0.0,7.6,4.7,262.0,W,1.06,-1.58,3.57
531369,2018-08-26,2018,STL,2018-08-26 13:10:00,13,3,12,15,1,11,4,23,289,85.2,1,64,0.0156,0.0435,0.0,6.0,2.0,7.0,120.0,86.9,41.0,0.0,1.0,5.0,1.0,16.0,169.0,84.0,53.0,0.0625,87.2,30.7,19.0,844.3,0.0,13.5,8.4,245.6,SW,5.58,1.03,9.46
531474,2018-09-03,2018,SF,2018-09-03 13:10:00,13,9,8,17,6,22,3,22,313,84.8,5,51,0.098,0.2727,3.0,9.0,3.0,11.0,143.0,86.4,45.0,0.2727,3.0,13.0,0.0,11.0,170.0,83.1,45.0,0.2727,79.3,26.3,22.3,846.2,0.0,7.6,4.7,56.7,NE,-4.18,-1.75,-6.1
531489,2018-09-04,2018,SF,2018-09-04 18:40:00,18,6,2,8,3,22,10,18,305,83.7,3,44,0.0682,0.1667,2.0,11.0,5.0,10.0,161.0,81.8,42.0,0.2,1.0,11.0,3.0,8.0,144.0,86.2,32.0,0.125,75.5,24.2,31.7,846.5,0.0,8.7,5.4,1.0,N,-8.73,-8.15,-8.26
531503,2018-09-05,2018,SF,2018-09-05 18:40:00,18,5,3,8,4,21,4,16,269,82.9,4,45,0.0889,0.25,3.0,9.0,2.0,7.0,124.0,85.1,40.0,0.4286,1.0,12.0,2.0,9.0,145.0,80.2,32.0,0.1111,61.8,16.5,80.3,852.7,0.2,9.9,6.2,246.0,SW,4.04,0.69,6.9
531517,2018-09-07,2018,LAD,2018-09-07 18:40:00,18,2,4,6,2,20,11,18,345,84.5,1,50,0.02,0.1111,1.0,11.0,2.0,10.0,170.0,82.9,52.0,0.1,1.0,9.0,9.0,8.0,175.0,86.7,37.0,0.125,68.5,20.3,52.0,849.6,0.0,4.9,3.0,338.4,N,-4.52,-4.86,-3.64
531532,2018-09-08,2018,LAD,2018-09-08 18:10:00,18,4,2,6,3,22,4,13,286,88.8,4,40,0.1,0.2308,2.0,8.0,1.0,7.0,120.0,90.2,37.0,0.2857,1.0,14.0,3.0,6.0,166.0,87.3,35.0,0.1667,74.8,23.8,40.0,843.7,0.0,13.1,8.1,344.7,N,-12.6,-13.02,-10.66
531547,2018-09-09,2018,LAD,2018-09-09 13:10:00,13,6,9,15,5,18,8,22,360,85.3,7,58,0.1207,0.2273,3.0,10.0,1.0,8.0,151.0,87.6,42.0,0.375,2.0,8.0,6.0,14.0,209.0,83.5,56.0,0.1429,83.5,28.6,19.0,845.1,0.0,9.2,5.7,27.6,NE,-8.18,-6.22,-9.15
531555,2018-09-10,2018,AZ,2018-09-10 18:40:00,18,13,2,15,2,18,5,25,264,85.4,3,53,0.0566,0.08,2.0,6.0,3.0,17.0,149.0,86.3,44.0,0.1176,0.0,12.0,1.0,8.0,115.0,84.1,30.0,0.0,79.0,26.1,17.3,841.8,0.0,12.3,7.6,165.0,S,11.85,12.22,10.05
531567,2018-09-11,2018,AZ,2018-09-11 18:40:00,18,3,6,9,1,14,5,19,277,84.4,3,56,0.0536,0.0526,0.0,7.0,2.0,9.0,132.0,83.8,42.0,0.0,1.0,7.0,2.0,10.0,145.0,85.1,41.0,0.1,81.0,27.2,18.0,840.6,0.0,9.7,6.0,157.3,SE,8.98,9.72,7.15
531582,2018-09-12,2018,AZ,2018-09-12 18:40:00,18,5,4,9,4,20,4,17,279,82.7,4,47,0.0851,0.2353,2.0,8.0,2.0,13.0,125.0,84.3,37.0,0.1538,2.0,12.0,2.0,4.0,154.0,80.9,35.0,0.5,83.9,28.8,16.3,838.0,0.0,7.8,4.9,138.4,SE,5.86,7.28,3.73
531597,2018-09-13,2018,AZ,2018-09-13 13:10:00,13,10,3,13,3,18,5,23,255,83.1,3,51,0.0588,0.1304,2.0,10.0,4.0,16.0,144.0,84.3,40.0,0.125,1.0,8.0,1.0,7.0,111.0,81.9,36.0,0.1429,91.5,33.0,8.3,843.9,0.0,6.7,4.2,133.5,SE,4.61,5.99,2.67
531751,2018-09-24,2018,PHI,2018-09-24 18:40:00,18,10,1,11,2,17,11,18,285,85.5,1,48,0.0208,0.1111,1.0,7.0,7.0,13.0,156.0,85.3,40.0,0.0769,1.0,10.0,3.0,5.0,129.0,85.8,30.0,0.2,69.1,20.6,30.0,839.8,0.0,6.4,4.0,0.6,N,-6.4,-5.99,-6.04
531766,2018-09-25,2018,PHI,2018-09-25 18:40:00,18,10,3,13,1,16,9,23,287,85.1,1,58,0.0172,0.0435,1.0,8.0,4.0,14.0,149.0,88.1,41.0,0.0714,0.0,8.0,5.0,9.0,138.0,82.6,47.0,0.0,59.6,15.3,28.7,848.3,0.0,3.1,1.9,355.8,N,-3.06,-2.95,-2.8
531781,2018-09-26,2018,PHI,2018-09-26 18:40:00,18,14,0,14,4,22,6,20,282,84.8,5,47,0.1064,0.2,4.0,8.0,4.0,16.0,151.0,86.7,44.0,0.25,0.0,14.0,2.0,4.0,131.0,82.3,33.0,0.0,64.2,17.9,23.7,843.6,0.0,6.0,3.7,330.0,NW,-5.2,-5.91,-3.86
531790,2018-09-27,2018,PHI,2018-09-27 13:10:00,13,5,3,8,5,18,5,17,302,82.9,5,51,0.098,0.2941,3.0,4.0,1.0,9.0,127.0,83.2,54.0,0.3333,2.0,14.0,4.0,8.0,175.0,82.3,32.0,0.25,77.5,25.3,11.0,844.0,0.0,7.5,4.7,99.8,E,1.28,3.75,-1.33
531807,2018-09-28,2018,WSH,2018-09-28 18:10:00,18,5,2,7,4,13,2,20,254,83.9,3,55,0.0545,0.2,4.0,4.0,1.0,8.0,121.0,83.5,38.0,0.5,0.0,9.0,1.0,12.0,133.0,84.4,37.0,0.0,51.0,10.5,61.7,845.1,0.0,7.6,4.7,19.7,N,-7.19,-5.88,-7.63
531822,2018-09-29,2018,WSH,2018-09-29 18:10:00,18,2,12,14,4,16,8,23,329,84.0,5,61,0.082,0.1739,2.0,10.0,4.0,5.0,156.0,83.0,42.0,0.4,2.0,6.0,4.0,18.0,173.0,84.7,57.0,0.1111,74.4,23.5,17.7,840.5,0.0,6.1,3.8,344.3,N,-5.91,-6.12,-4.98
531837,2018-09-30,2018,WSH,2018-09-30 13:10:00,13,12,0,12,5,13,8,18,272,87.0,4,52,0.0769,0.2778,5.0,7.0,5.0,13.0,155.0,88.6,39.0,0.3846,0.0,6.0,3.0,5.0,117.0,85.0,31.0,0.0,62.5,16.9,46.0,844.3,0.0,10.8,6.7,36.6,NE,-8.67,-5.94,-10.35
565413,2019-04-05,2019,LAD,2019-04-05 14:10:00,14,6,10,16,6,12,12,23,344,82.0,8,62,0.129,0.2609,3.0,7.0,6.0,10.0,174.0,79.3,45.0,0.3,3.0,5.0,6.0,13.0,170.0,84.3,52.0,0.2308,68.4,20.2,19.7,837.5,0.0,14.7,9.2,173.3,S,14.63,14.34,13.17
565414,2019-04-06,2019,LAD,2019-04-06 18:10:00,18,2,7,9,2,15,7,17,298,85.2,3,52,0.0577,0.1176,1.0,6.0,4.0,6.0,149.0,83.5,49.0,0.1667,1.0,9.0,3.0,11.0,149.0,87.4,37.0,0.0909,56.1,13.4,53.3,836.6,0.0,11.0,6.9,281.7,W,-2.24,-5.8,1.59
565415,2019-04-07,2019,LAD,2019-04-07 18:37:00,18,6,12,18,2,12,15,22,356,84.6,5,62,0.0806,0.0909,0.0,8.0,5.0,10.0,156.0,81.5,44.0,0.0,2.0,4.0,9.0,12.0,200.0,87.4,48.0,0.1667,61.1,16.2,27.7,843.4,0.0,14.8,9.2,325.3,NW,-12.15,-14.29,-8.54
565416,2019-04-08,2019,ATL,2019-04-08 18:40:00,18,6,8,14,3,14,9,17,281,84.5,4,55,0.0727,0.1765,2.0,6.0,3.0,8.0,121.0,85.7,36.0,0.25,1.0,8.0,5.0,9.0,160.0,83.6,52.0,0.1111,64.2,17.9,34.7,843.1,0.0,7.5,4.7,354.9,N,-7.5,-7.28,-6.82
565417,2019-04-09,2019,ATL,2019-04-09 18:40:00,18,1,7,8,2,15,3,18,305,82.4,2,55,0.0364,0.1111,0.0,10.0,3.0,6.0,140.0,78.5,35.0,0.0,2.0,5.0,0.0,12.0,165.0,84.7,58.0,0.1667,65.4,18.5,36.0,829.3,0.0,9.6,6.0,280.0,W,-1.67,-4.82,1.67
565419,2019-04-18,2019,PHI,2019-04-18 18:40:00,18,6,2,8,3,16,6,16,291,81.9,4,49,0.0816,0.1875,2.0,4.0,4.0,11.0,136.0,81.0,39.0,0.1818,1.0,12.0,2.0,5.0,155.0,83.0,36.0,0.2,52.4,11.3,62.7,844.6,0.0,10.2,6.4,240.0,SW,5.12,1.78,7.84
565420,2019-04-19,2019,PHI,2019-04-19 18:40:00,18,4,3,7,2,27,10,25,402,85.4,5,67,0.0746,0.08,2.0,16.0,3.0,8.0,189.0,82.6,44.0,0.25,0.0,11.0,5.0,17.0,213.0,87.4,61.0,0.0,63.6,17.6,38.3,841.6,0.0,10.8,6.7,113.7,SE,4.32,7.43,0.69
565421,2019-04-20,2019,PHI,2019-04-20 18:10:00,18,5,8,13,4,19,2,28,310,87.4,2,61,0.0328,0.1429,2.0,13.0,1.0,14.0,157.0,85.6,47.0,0.1429,2.0,6.0,1.0,14.0,153.0,89.2,46.0,0.1429,65.2,18.4,29.7,834.5,0.0,9.7,6.0,269.3,W,0.12,-3.22,3.44
565422,2019-04-21,2019,PHI,2019-04-21 13:10:00,13,4,1,5,0,18,12,16,295,84.3,1,46,0.0217,0.0,0.0,11.0,6.0,10.0,135.0,84.3,36.0,0.0,0.0,7.0,6.0,6.0,160.0,84.3,34.0,0.0,63.9,17.7,39.3,837.5,0.5,13.3,8.3,263.9,W,1.42,-3.2,5.87
565423,2019-04-22,2019,WSH,2019-04-22 18:40:00,18,7,5,12,4,11,7,17,288,84.6,5,54,0.0926,0.2353,3.0,5.0,3.0,11.0,126.0,85.6,32.0,0.2727,1.0,6.0,4.0,6.0,162.0,83.9,47.0,0.1667,44.4,6.9,72.7,846.9,0.0,4.0,2.5,277.3,W,-0.51,-1.84,0.88
565424,2019-04-23,2019,WSH,2019-04-23 18:40:00,18,3,6,9,1,22,4,16,315,83.9,2,49,0.0408,0.0625,1.0,11.0,1.0,6.0,140.0,85.7,39.0,0.1667,0.0,11.0,3.0,10.0,175.0,82.6,53.0,0.0,59.5,15.3,43.7,840.5,0.0,7.6,4.7,335.8,NW,-6.96,-7.61,-5.47
565425,2019-04-24,2019,WSH,2019-04-24 13:10:00,13,9,5,14,2,15,8,24,301,83.7,3,60,0.05,0.0833,1.0,5.0,4.0,12.0,161.0,83.5,47.0,0.0833,1.0,10.0,2.0,12.0,140.0,84.0,47.0,0.0833,67.6,19.8,30.3,841.9,0.0,8.4,5.2,355.1,N,-8.34,-8.08,-7.59
565426,2019-05-03,2019,AZ,2019-05-03 18:40:00,18,9,10,19,6,19,7,22,314,86.1,7,59,0.1186,0.2727,2.0,11.0,5.0,10.0,155.0,86.8,36.0,0.2,4.0,8.0,2.0,12.0,159.0,85.6,52.0,0.3333,61.8,16.6,26.3,839.7,0.0,8.8,5.5,72.7,E,-2.61,0.42,-5.33
565427,2019-05-04,2019,AZ,2019-05-04 18:10:00,18,2,9,11,3,14,5,17,293,84.1,5,56,0.0893,0.1765,0.0,11.0,1.0,5.0,142.0,81.1,39.0,0.0,3.0,3.0,3.0,12.0,151.0,86.3,53.0,0.25,63.4,17.5,38.3,836.8,0.0,6.4,4.0,271.0,W,-0.11,-2.31,2.09
565428,2019-05-05,2019,AZ,2019-05-05 13:10:00,13,8,7,15,2,14,4,21,285,82.7,3,59,0.0508,0.0952,0.0,4.0,2.0,10.0,130.0,80.8,40.0,0.0,2.0,10.0,2.0,11.0,155.0,84.3,45.0,0.1818,72.2,22.3,15.7,838.1,0.0,8.1,5.1,35.7,NE,-6.61,-4.59,-7.83
565429,2019-05-07,2019,SF,2019-05-07 18:40:00,18,4,14,18,5,17,8,26,351,83.4,7,60,0.1167,0.1923,2.0,11.0,3.0,10.0,149.0,84.7,46.0,0.2,3.0,6.0,5.0,16.0,202.0,82.4,58.0,0.1875,49.8,9.9,86.7,836.0,0.1,7.4,4.6,149.1,SE,6.38,7.3,4.69
565431,2019-05-09,2019,SF,2019-05-09 13:10:00,13,12,11,23,5,21,16,23,390,83.6,9,54,0.1667,0.2174,3.0,11.0,8.0,14.0,199.0,85.0,39.0,0.2143,2.0,10.0,7.0,9.0,191.0,82.3,44.0,0.2222,41.9,5.5,56.7,843.8,0.3,12.2,7.6,95.3,E,1.13,5.22,-3.09
565432,2019-05-10,2019,SD,2019-05-10 18:40:00,18,12,2,14,1,18,3,29,288,85.7,1,62,0.0161,0.0345,1.0,9.0,3.0,17.0,158.0,82.6,51.0,0.0588,0.0,9.0,0.0,12.0,130.0,89.7,41.0,0.0,50.8,10.4,56.3,839.7,0.0,2.8,1.7,67.7,E,-1.06,-0.11,-1.88
565433,2019-05-11,2019,SD,2019-05-11 18:10:00,18,3,4,7,3,20,4,15,267,82.4,4,48,0.0833,0.2,1.0,8.0,1.0,6.0,122.0,82.1,32.0,0.1667,2.0,12.0,3.0,9.0,145.0,82.5,36.0,0.2222,52.9,11.6,54.3,839.6,0.0,12.7,7.9,49.3,NE,-8.25,-4.47,-11.04
565434,2019-05-12,2019,SD,2019-05-12 13:10:00,13,10,7,17,4,19,6,23,315,85.5,5,54,0.0926,0.1739,3.0,9.0,1.0,13.0,167.0,86.3,44.0,0.2308,1.0,10.0,3.0,10.0,148.0,84.8,41.0,0.1,67.7,19.8,28.3,840.8,0.0,9.3,5.8,45.0,NE,-6.55,-3.92,-8.4
565435,2019-05-24,2019,BAL,2019-05-24 18:40:00,18,8,6,14,7,18,4,24,322,85.8,9,54,0.1667,0.2917,4.0,8.0,2.0,14.0,167.0,86.7,52.0,0.2857,3.0,10.0,2.0,10.0,155.0,84.7,41.0,0.3,62.5,17.0,36.3,837.5,0.0,7.9,4.9,338.9,N,-7.4,-7.93,-5.98
565436,2019-05-25,2019,BAL,2019-05-25 19:10:00,19,6,9,15,4,16,4,27,309,84.6,3,61,0.0492,0.1481,2.0,9.0,1.0,10.0,150.0,86.5,43.0,0.2,2.0,7.0,3.0,17.0,159.0,83.0,51.0,0.1176,62.8,17.1,53.0,839.5,0.0,6.8,4.2,40.1,NE,-5.23,-3.41,-6.42
565437,2019-05-26,2019,BAL,2019-05-26 13:10:00,13,8,7,15,1,14,8,23,291,84.4,3,64,0.0469,0.0435,1.0,9.0,6.0,12.0,157.0,84.9,48.0,0.0833,0.0,5.0,2.0,11.0,134.0,84.0,42.0,0.0,70.4,21.3,51.0,840.0,0.0,10.7,6.7,352.3,N,-10.64,-10.49,-9.51
565438,2019-05-27,2019,AZ,2019-05-27 13:10:00,13,4,3,7,2,14,11,17,373,83.6,4,65,0.0615,0.1176,1.0,8.0,8.0,8.0,199.0,82.8,52.0,0.125,1.0,6.0,3.0,9.0,174.0,84.3,63.0,0.1111,64.5,18.0,48.0,835.0,0.8,11.6,7.2,43.5,NE,-8.42,-5.18,-10.64
565439,2019-05-28,2019,AZ,2019-05-28 18:40:00,18,6,2,8,2,9,6,17,273,83.3,3,57,0.0526,0.1176,1.0,5.0,4.0,8.0,134.0,82.3,42.0,0.125,1.0,4.0,1.0,9.0,139.0,84.2,44.0,0.1111,48.7,9.3,73.0,836.4,1.3,23.7,14.7,2.3,N,-23.65,-21.89,-22.55
565440,2019-05-29,2019,AZ,2019-05-29 18:40:00,18,5,4,9,2,20,9,21,302,84.6,3,44,0.0682,0.0952,0.0,9.0,5.0,10.0,140.0,84.0,33.0,0.0,2.0,11.0,3.0,11.0,162.0,85.1,42.0,0.1818,56.8,13.8,43.3,842.6,0.0,7.9,4.9,35.2,NE,-6.46,-4.51,-7.62
565441,2019-05-30,2019,AZ,2019-05-30 13:10:00,13,11,10,21,6,23,6,34,371,85.6,10,65,0.1538,0.1765,3.0,11.0,3.0,18.0,189.0,86.3,55.0,0.1667,3.0,12.0,2.0,16.0,182.0,84.9,57.0,0.1875,66.4,19.1,31.0,845.6,0.0,4.1,2.6,21.0,N,-3.86,-3.12,-4.13
565442,2019-05-31,2019,TOR,2019-05-31 18:40:00,18,13,6,19,4,16,10,28,308,86.5,4,60,0.0667,0.1429,2.0,7.0,5.0,17.0,162.0,87.6,49.0,0.1176,2.0,9.0,5.0,11.0,146.0,85.1,39.0,0.1818,63.7,17.6,49.7,844.9,0.0,16.3,10.1,7.3,N,-16.14,-14.46,-15.87
565443,2019-06-01,2019,TOR,2019-06-01 19:10:00,19,4,2,6,1,14,3,12,231,81.0,2,49,0.0408,0.0833,0.0,5.0,0.0,8.0,107.0,80.5,40.0,0.0,1.0,9.0,3.0,4.0,124.0,81.7,32.0,0.25,65.3,18.5,57.0,842.9,0.0,9.7,6.0,1.6,N,-9.73,-9.05,-9.24
565444,2019-06-02,2019,TOR,2019-06-02 13:10:00,13,5,1,6,2,11,8,15,268,85.8,3,54,0.0556,0.1333,2.0,3.0,3.0,9.0,122.0,87.6,41.0,0.2222,0.0,8.0,4.0,6.0,146.0,84.0,39.0,0.0,75.0,23.9,39.3,842.8,0.0,5.4,3.4,280.4,W,-0.97,-2.73,0.9
565445,2019-06-10,2019,CHC,2019-06-10 18:40:00,18,6,5,11,6,16,3,17,257,86.4,6,51,0.1176,0.3529,3.0,4.0,0.0,10.0,118.0,83.7,45.0,0.3,3.0,12.0,3.0,7.0,139.0,90.0,35.0,0.4286,74.8,23.8,27.7,847.8,0.0,5.4,3.3,254.4,W,1.44,-0.42,3.12
565446,2019-06-11,2019,CHC,2019-06-11 18:40:00,18,10,3,13,2,9,10,19,295,82.3,0,56,0.0,0.1053,1.0,4.0,7.0,13.0,157.0,82.4,48.0,0.0769,1.0,5.0,3.0,6.0,138.0,82.2,42.0,0.1667,67.5,19.7,39.0,849.3,0.0,18.1,11.3,44.3,NE,-12.97,-7.85,-16.52
565447,2019-06-12,2019,CHC,2019-06-12 13:10:00,13,1,10,11,2,19,6,19,293,87.0,2,53,0.0377,0.1053,0.0,12.0,1.0,7.0,126.0,84.8,33.0,0.0,2.0,7.0,4.0,12.0,167.0,88.5,45.0,0.1667,69.3,20.7,36.3,850.9,0.0,7.0,4.3,356.7,N,-6.96,-6.67,-6.4
565448,2019-06-13,2019,SD,2019-06-13 18:40:00,18,9,6,15,5,20,6,26,317,84.4,5,56,0.0893,0.1923,3.0,8.0,5.0,13.0,180.0,82.8,49.0,0.2308,2.0,12.0,0.0,13.0,137.0,86.1,44.0,0.1538,78.6,25.9,27.0,841.4,0.0,20.3,12.6,305.4,NW,-11.75,-16.7,-5.38
565449,2019-06-14,2019,SD,2019-06-14 18:40:00,18,12,16,28,7,19,8,39,460,84.3,6,91,0.0659,0.1795,3.0,9.0,2.0,18.0,220.0,83.1,72.0,0.1667,4.0,10.0,6.0,21.0,240.0,85.6,68.0,0.1905,73.4,23.0,37.0,840.1,0.0,8.0,5.0,0.3,N,-8.03,-7.53,-7.56
565450,2019-06-15,2019,SD,2019-06-15 18:10:00,18,14,8,22,1,17,10,32,332,86.0,2,63,0.0317,0.0312,1.0,6.0,5.0,19.0,174.0,85.2,53.0,0.0526,0.0,11.0,5.0,13.0,158.0,86.9,43.0,0.0,71.9,22.2,35.0,843.9,0.0,9.4,5.9,233.3,SW,5.64,2.71,7.89
565451,2019-06-16,2019,SD,2019-06-16 13:10:00,13,13,14,27,4,21,8,34,354,87.5,4,65,0.0615,0.1176,2.0,14.0,1.0,19.0,160.0,86.5,50.0,0.1053,2.0,7.0,4.0,15.0,194.0,88.6,43.0,0.1333,76.5,24.7,35.0,843.6,0.0,13.3,8.3,331.7,NW,-11.74,-13.19,-8.86
565452,2019-06-27,2019,LAD,2019-06-27 18:40:00,18,8,12,20,7,13,5,33,339,88.0,4,73,0.0548,0.2121,1.0,7.0,3.0,16.0,155.0,88.2,51.0,0.0625,6.0,6.0,2.0,17.0,184.0,87.8,58.0,0.3529,81.2,27.3,37.0,845.6,0.0,11.2,7.0,336.0,NW,-10.26,-11.21,-8.08
565453,2019-06-28,2019,LAD,2019-06-28 18:40:00,18,13,9,22,5,13,10,26,326,85.8,3,66,0.0455,0.1923,3.0,8.0,2.0,17.0,163.0,85.4,47.0,0.1765,2.0,5.0,6.0,9.0,163.0,86.2,45.0,0.2222,84.9,29.4,27.3,848.1,0.0,9.7,6.0,344.1,N,-9.36,-9.71,-7.89
565454,2019-06-29,2019,LAD,2019-06-29 18:15:00,18,5,3,8,1,21,3,15,246,85.0,3,45,0.0667,0.0667,1.0,8.0,1.0,7.0,107.0,86.4,35.0,0.1429,0.0,13.0,2.0,8.0,139.0,83.8,41.0,0.0,83.5,28.6,34.3,849.2,0.0,12.9,8.0,206.5,SW,11.58,8.91,12.85
565455,2019-06-30,2019,LAD,2019-06-30 13:10:00,13,5,10,15,2,17,8,23,363,82.4,0,59,0.0,0.087,2.0,9.0,3.0,9.0,177.0,81.0,46.0,0.2222,0.0,8.0,5.0,14.0,186.0,83.6,52.0,0.0,89.3,31.8,24.0,848.5,0.1,11.1,6.9,336.0,NW,-10.11,-11.04,-7.96
565456,2019-07-02,2019,HOU,2019-07-02 18:10:00,18,8,9,17,2,20,6,26,319,83.0,3,60,0.05,0.0769,0.0,10.0,4.0,13.0,174.0,84.5,48.0,0.0,2.0,10.0,2.0,13.0,145.0,81.6,49.0,0.1538,77.7,25.4,39.0,842.8,0.0,10.2,6.3,192.3,S,9.93,8.59,10.08
565457,2019-07-03,2019,HOU,2019-07-03 18:10:00,18,2,4,6,2,11,5,13,269,83.9,3,54,0.0556,0.1538,0.0,8.0,2.0,7.0,156.0,82.6,43.0,0.0,2.0,3.0,3.0,6.0,113.0,85.4,39.0,0.3333,82.5,28.1,30.0,840.3,0.0,15.5,9.6,152.3,SE,13.72,15.36,10.43
565458,2019-07-12,2019,CIN,2019-07-12 18:40:00,18,3,2,5,3,19,3,14,249,84.4,2,44,0.0455,0.2143,2.0,11.0,3.0,8.0,127.0,87.3,33.0,0.25,1.0,8.0,0.0,6.0,122.0,82.1,41.0,0.1667,79.6,26.5,35.3,848.5,0.0,19.1,11.9,110.6,E,6.72,12.43,0.2
565459,2019-07-13,2019,CIN,2019-07-13 18:10:00,18,9,17,26,6,14,7,39,372,83.5,5,74,0.0676,0.1538,3.0,6.0,3.0,15.0,170.0,84.9,52.0,0.2,3.0,8.0,4.0,24.0,202.0,82.4,64.0,0.125,80.1,26.7,41.0,849.5,0.1,13.1,8.2,220.5,SW,9.99,6.47,12.3
565460,2019-07-14,2019,CIN,2019-07-14 13:10:00,13,10,9,19,1,16,2,23,284,85.7,2,58,0.0345,0.0435,0.0,8.0,0.0,14.0,141.0,85.9,44.0,0.0,1.0,8.0,2.0,9.0,143.0,85.5,37.0,0.1111,88.9,31.6,22.7,850.2,0.0,13.3,8.3,267.3,W,0.62,-3.97,5.14
565430,2019-07-15,2019,SF,2019-05-08 18:40:00,18,2,19,21,6,18,6,27,344,84.3,6,63,0.0952,0.2222,2.0,13.0,3.0,6.0,145.0,83.2,48.0,0.3333,4.0,5.0,3.0,21.0,199.0,85.0,69.0,0.1905,39.0,3.9,90.0,840.5,1.4,19.0,11.8,15.3,N,-18.29,-15.47,-18.9
565461,2019-07-15,2019,SF,2019-07-15 18:40:00,18,1,2,3,2,19,5,11,265,83.5,2,43,0.0465,0.1818,0.0,10.0,2.0,5.0,120.0,85.3,34.0,0.0,2.0,9.0,3.0,6.0,145.0,81.9,40.0,0.3333,76.3,24.6,57.7,847.3,0.5,11.2,7.0,262.7,W,1.44,-2.46,5.16
565462,2019-07-16,2019,SF,2019-07-16 18:40:00,18,4,8,12,3,14,5,21,322,84.5,3,63,0.0476,0.1429,2.0,8.0,2.0,7.0,149.0,85.3,42.0,0.2857,1.0,6.0,3.0,14.0,173.0,83.9,58.0,0.0714,89.1,31.7,23.0,843.8,0.0,11.5,7.2,140.8,SE,8.94,10.89,5.91
565463,2019-07-17,2019,SF,2019-07-17 13:10:00,13,8,11,19,4,13,6,29,310,85.1,6,69,0.087,0.1379,2.0,5.0,3.0,11.0,143.0,86.2,45.0,0.1818,2.0,8.0,3.0,18.0,167.0,84.2,54.0,0.1111,91.3,33.0,18.0,845.1,0.0,16.1,10.0,16.9,N,-15.41,-12.88,-16.08
565464,2019-07-29,2019,LAD,2019-07-29 18:40:00,18,9,1,10,1,16,7,15,273,85.3,2,51,0.0392,0.0667,1.0,10.0,3.0,11.0,149.0,84.6,42.0,0.0909,0.0,6.0,3.0,4.0,124.0,86.3,31.0,0.0,84.5,29.2,26.0,846.8,0.0,19.3,12.0,200.7,S,18.03,14.61,19.27
565465,2019-07-30,2019,LAD,2019-07-30 18:40:00,18,4,9,13,4,17,7,19,305,87.7,4,53,0.0755,0.2105,0.0,8.0,2.0,10.0,138.0,89.0,47.0,0.0,4.0,9.0,5.0,9.0,167.0,86.2,40.0,0.4444,74.2,23.5,74.0,846.2,7.5,11.7,7.3,324.3,NW,-9.5,-11.26,-6.59
565466,2019-07-31,2019,LAD,2019-07-31 13:10:00,13,1,5,6,2,19,5,14,284,84.4,3,47,0.0638,0.1429,0.0,3.0,1.0,6.0,121.0,82.1,41.0,0.0,2.0,16.0,4.0,8.0,163.0,86.8,40.0,0.25,89.8,32.1,22.7,850.4,0.0,9.7,6.0,353.8,N,-9.61,-9.39,-8.68
565467,2019-08-02,2019,SF,2019-08-02 18:40:00,18,5,4,9,3,11,7,21,251,85.7,2,57,0.0351,0.1429,2.0,3.0,4.0,12.0,124.0,84.4,45.0,0.1667,1.0,8.0,2.0,9.0,127.0,87.0,41.0,0.1111,74.8,23.8,65.0,850.0,0.3,11.7,7.3,136.5,SE,8.52,10.76,5.24
565468,2019-08-03,2019,SF,2019-08-03 18:10:00,18,5,6,11,3,17,7,26,351,87.9,2,61,0.0328,0.1154,2.0,8.0,2.0,12.0,157.0,87.4,46.0,0.1667,1.0,9.0,5.0,14.0,194.0,88.3,51.0,0.0714,85.0,29.4,36.7,849.2,0.0,21.6,13.4,170.0,S,21.24,21.24,18.68
565469,2019-08-04,2019,SF,2019-08-04 13:10:00,13,6,2,8,5,11,4,20,278,87.6,2,55,0.0364,0.25,3.0,3.0,3.0,13.0,145.0,87.6,57.0,0.2308,2.0,8.0,1.0,7.0,133.0,87.6,37.0,0.2857,90.9,32.7,21.0,850.1,0.5,13.6,8.5,318.4,NW,-10.17,-12.64,-6.47
565470,2019-08-12,2019,AZ,2019-08-12 18:40:00,18,6,8,14,5,12,9,22,313,86.5,3,62,0.0484,0.2273,2.0,9.0,3.0,11.0,174.0,84.2,54.0,0.1818,3.0,3.0,4.0,11.0,139.0,89.2,45.0,0.2727,82.1,27.8,26.0,846.9,0.0,9.0,5.6,140.2,SE,6.89,8.43,4.51
565471,2019-08-13,2019,AZ,2019-08-13 18:40:00,18,3,9,12,5,17,7,24,324,85.8,7,59,0.1186,0.2083,1.0,8.0,2.0,13.0,171.0,85.9,53.0,0.0769,4.0,9.0,4.0,11.0,153.0,85.7,45.0,0.3636,80.8,27.1,31.7,849.8,0.0,17.3,10.8,60.7,NE,-8.49,-2.81,-13.15
565472,2019-08-14,2019,AZ,2019-08-14 13:10:00,13,7,6,13,4,17,4,21,303,83.7,3,55,0.0545,0.1905,2.0,9.0,2.0,9.0,155.0,80.9,46.0,0.2222,2.0,8.0,2.0,12.0,148.0,86.9,41.0,0.1667,87.3,30.7,19.3,850.6,0.0,10.1,6.3,356.9,N,-10.05,-9.63,-9.26
565473,2019-08-16,2019,MIA,2019-08-16 18:40:00,18,3,0,3,2,11,4,11,219,85.9,3,49,0.0612,0.1818,2.0,3.0,4.0,5.0,107.0,85.9,37.0,0.4,0.0,8.0,0.0,6.0,112.0,86.0,32.0,0.0,81.7,27.6,21.3,842.6,0.2,14.8,9.2,17.0,N,-14.12,-11.79,-14.75
565474,2019-08-17,2019,MIA,2019-08-17 18:10:00,18,11,4,15,7,14,9,21,325,85.2,8,54,0.1481,0.3333,5.0,3.0,5.0,13.0,151.0,86.6,50.0,0.3846,2.0,11.0,3.0,8.0,174.0,83.6,43.0,0.25,81.3,27.4,24.0,841.4,0.0,9.5,5.9,98.7,E,1.44,4.56,-1.86
565475,2019-08-18,2019,MIA,2019-08-18 13:10:00,13,7,6,13,3,22,7,21,361,80.1,2,58,0.0345,0.1429,3.0,15.0,4.0,10.0,195.0,76.1,45.0,0.3,0.0,7.0,3.0,11.0,166.0,83.1,59.0,0.0,86.5,30.3,28.7,845.2,0.0,5.7,3.5,15.0,N,-5.47,-4.64,-5.65
565418,2019-08-26,2019,ATL,2019-04-10 13:10:00,13,3,1,4,1,18,9,13,309,79.8,2,42,0.0476,0.0769,1.0,6.0,4.0,6.0,144.0,80.4,38.0,0.1667,0.0,12.0,5.0,7.0,165.0,79.3,46.0,0.0,36.3,2.4,94.7,825.4,2.8,28.3,17.6,352.3,N,-28.08,-27.68,-25.09
565476,2019-08-27,2019,BOS,2019-08-27 18:40:00,18,6,10,16,5,13,9,25,328,87.4,4,63,0.0635,0.2,2.0,9.0,1.0,15.0,168.0,85.3,49.0,0.1333,3.0,4.0,8.0,10.0,160.0,89.6,46.0,0.3,72.8,22.7,46.3,848.7,0.0,11.6,7.2,37.5,NE,-9.17,-6.21,-11.03
565477,2019-08-28,2019,BOS,2019-08-28 18:40:00,18,4,7,11,4,18,7,23,341,83.5,3,57,0.0526,0.1739,0.0,11.0,4.0,11.0,168.0,81.8,41.0,0.0,4.0,7.0,3.0,12.0,173.0,84.9,53.0,0.3333,83.5,28.6,14.0,845.5,0.0,5.4,3.4,200.4,S,5.06,4.11,5.4
565478,2019-08-29,2019,PIT,2019-08-29 18:40:00,18,8,11,19,4,18,4,27,302,85.7,6,61,0.0984,0.1481,1.0,10.0,2.0,12.0,150.0,83.6,51.0,0.0833,3.0,8.0,2.0,15.0,152.0,88.5,38.0,0.2,79.0,26.1,32.7,848.6,0.0,11.1,6.9,42.7,NE,-8.14,-5.08,-10.21
565479,2019-08-30,2019,PIT,2019-08-30 18:40:00,18,4,9,13,3,13,2,26,308,85.0,4,64,0.0625,0.1154,2.0,9.0,1.0,10.0,155.0,84.6,43.0,0.2,1.0,4.0,1.0,16.0,153.0,85.3,60.0,0.0625,80.2,26.8,35.7,847.3,0.0,9.1,5.7,227.0,SW,6.23,3.57,8.14
565480,2019-08-31,2019,PIT,2019-08-31 18:10:00,18,4,11,15,5,16,4,27,323,84.8,4,65,0.0615,0.1852,2.0,10.0,1.0,9.0,139.0,83.4,39.0,0.2222,3.0,6.0,3.0,18.0,184.0,85.7,59.0,0.1667,83.7,28.7,24.3,848.1,0.0,13.2,8.2,42.5,NE,-9.75,-6.11,-12.22
565481,2019-09-01,2019,PIT,2019-09-01 13:10:00,13,2,6,8,3,17,5,19,274,84.4,4,55,0.0727,0.1579,1.0,9.0,3.0,5.0,127.0,83.6,40.0,0.2,2.0,8.0,2.0,14.0,147.0,85.0,51.0,0.1429,94.9,34.9,11.0,849.5,0.0,8.9,5.5,43.3,NE,-6.47,-3.99,-8.17
565482,2019-09-10,2019,STL,2019-09-10 18:40:00,18,2,1,3,1,13,2,13,249,83.6,1,49,0.0204,0.0769,1.0,5.0,1.0,7.0,106.0,84.0,33.0,0.1429,0.0,8.0,1.0,6.0,143.0,83.2,34.0,0.0,76.1,24.5,48.0,840.4,0.0,18.6,11.5,4.8,N,-18.5,-16.85,-17.92
565483,2019-09-11,2019,STL,2019-09-11 18:40:00,18,2,1,3,1,16,10,12,269,83.2,1,46,0.0217,0.0833,1.0,9.0,5.0,6.0,132.0,83.2,31.0,0.1667,0.0,7.0,4.0,6.0,137.0,83.3,42.0,0.0,66.9,19.4,60.7,842.5,0.0,15.7,9.8,17.0,N,-15.01,-12.54,-15.68
565484,2019-09-12,2019,STL,2019-09-12 13:10:00,13,3,10,13,7,24,12,18,358,83.7,5,47,0.1064,0.3889,2.0,13.0,5.0,7.0,172.0,82.6,38.0,0.2857,5.0,11.0,6.0,11.0,186.0,84.6,42.0,0.4545,77.2,25.1,14.3,850.1,0.0,14.5,9.0,326.7,NW,-12.09,-14.08,-8.64
565485,2019-09-13,2019,SD,2019-09-13 18:40:00,18,10,8,18,5,15,12,23,326,85.5,6,56,0.1071,0.2174,4.0,7.0,3.0,14.0,138.0,83.3,43.0,0.2857,1.0,8.0,7.0,9.0,188.0,87.4,50.0,0.1111,73.2,22.9,21.7,848.1,0.0,8.1,5.0,10.5,N,-7.96,-6.98,-7.99
565486,2019-09-14,2019,SD,2019-09-14 18:10:00,18,11,10,21,2,13,10,22,304,83.2,1,59,0.0169,0.0909,1.0,9.0,3.0,12.0,147.0,82.4,53.0,0.0833,1.0,4.0,7.0,10.0,157.0,84.3,42.0,0.1,77.8,25.5,16.0,847.1,0.0,9.6,5.9,101.4,E,1.89,4.98,-1.44
565487,2019-09-15,2019,SD,2019-09-15 13:10:00,13,10,5,15,6,17,15,20,362,82.8,4,53,0.0755,0.3,3.0,9.0,7.0,12.0,183.0,80.1,49.0,0.25,3.0,8.0,7.0,8.0,179.0,85.4,52.0,0.375,88.8,31.5,11.3,847.5,0.0,11.4,7.1,82.7,E,-1.45,2.49,-5.22
565488,2019-09-16,2019,NYM,2019-09-16 18:40:00,18,9,4,13,4,14,6,22,304,87.8,2,59,0.0339,0.1818,2.0,5.0,3.0,13.0,148.0,85.2,45.0,0.1538,2.0,9.0,2.0,9.0,156.0,90.6,39.0,0.2222,79.3,26.3,24.7,841.4,0.0,7.2,4.5,217.9,SW,5.66,3.81,6.82
565489,2019-09-17,2019,NYM,2019-09-17 18:40:00,18,1,6,7,4,12,4,17,263,85.8,3,52,0.0577,0.2353,1.0,8.0,1.0,6.0,130.0,82.9,40.0,0.1667,3.0,4.0,3.0,11.0,133.0,88.5,42.0,0.2727,78.9,26.0,22.3,840.9,0.0,8.5,5.3,266.4,W,0.53,-2.4,3.4
565490,2019-09-18,2019,NYM,2019-09-18 13:10:00,13,4,7,11,4,15,8,21,323,86.6,3,57,0.0526,0.1905,2.0,11.0,2.0,11.0,160.0,87.2,44.0,0.1818,2.0,4.0,6.0,10.0,163.0,86.0,53.0,0.2,82.4,28.0,21.0,845.6,0.0,5.5,3.4,6.1,N,-5.5,-4.97,-5.37
565491,2019-09-27,2019,MIL,2019-09-27 18:10:00,18,11,7,18,4,11,13,25,323,83.9,6,61,0.0984,0.16,3.0,4.0,7.0,11.0,159.0,83.1,45.0,0.2727,1.0,7.0,6.0,14.0,164.0,84.6,48.0,0.0714,63.1,17.3,43.7,839.4,0.1,25.7,15.9,357.0,N,-25.63,-24.55,-23.63
565492,2019-09-28,2019,MIL,2019-09-28 18:10:00,18,3,2,5,4,23,4,18,280,84.8,3,49,0.0612,0.2222,3.0,12.0,2.0,10.0,138.0,86.4,33.0,0.3,1.0,11.0,2.0,8.0,142.0,83.5,38.0,0.125,65.8,18.8,50.0,834.3,0.0,5.9,3.7,285.3,W,-1.56,-3.41,0.48
565493,2019-09-29,2019,MIL,2019-09-29 13:10:00,13,4,3,7,3,28,11,15,389,82.7,2,61,0.0328,0.2,1.0,15.0,4.0,8.0,178.0,84.9,46.0,0.125,2.0,13.0,6.0,7.0,211.0,81.0,61.0,0.2857,85.0,29.5,12.7,834.7,0.0,26.7,16.6,200.3,S,25.04,20.35,26.7
631539,2020-07-31,2020,SD,2020-07-31 18:10:00,18,7,8,15,4,14,6,24,319,85.3,2,64,0.0312,0.1667,2.0,7.0,3.0,14.0,151.0,86.3,52.0,0.1429,2.0,7.0,2.0,10.0,168.0,84.4,49.0,0.2,81.4,27.4,27.7,850.8,0.0,10.4,6.5,39.8,NE,-8.01,-5.25,-9.82
631540,2020-08-01,2020,SD,2020-08-01 18:10:00,18,6,1,7,3,18,6,14,286,83.4,3,44,0.0682,0.2143,2.0,8.0,3.0,11.0,146.0,81.9,36.0,0.1818,1.0,10.0,3.0,3.0,140.0,84.9,35.0,0.3333,79.7,26.5,28.3,851.1,0.0,13.0,8.1,61.0,NE,-6.32,-2.04,-9.84
631541,2020-08-02,2020,SD,2020-08-02 13:10:00,13,9,6,15,3,12,4,22,276,82.3,5,59,0.0847,0.1364,3.0,4.0,2.0,12.0,130.0,81.0,47.0,0.25,0.0,8.0,2.0,10.0,146.0,83.7,45.0,0.0,83.7,28.7,27.7,851.1,0.2,10.1,6.3,314.4,NW,-7.07,-9.11,-4.17
631542,2020-08-03,2020,SF,2020-08-03 18:40:00,18,7,6,13,5,16,3,19,274,85.1,3,53,0.0566,0.2632,2.0,8.0,2.0,10.0,139.0,82.2,46.0,0.2,3.0,8.0,1.0,9.0,135.0,88.1,44.0,0.3333,80.8,27.1,38.7,847.0,0.0,15.5,9.6,204.7,SW,14.05,11.0,15.42
631543,2020-08-04,2020,SF,2020-08-04 18:40:00,18,5,2,7,1,19,3,13,249,82.9,2,44,0.0455,0.0769,1.0,10.0,2.0,6.0,130.0,81.6,44.0,0.1667,0.0,9.0,1.0,7.0,119.0,84.4,40.0,0.0,78.3,25.7,45.0,847.4,0.2,13.8,8.6,53.1,NE,-8.26,-4.0,-11.53
631544,2020-08-05,2020,SF,2020-08-05 18:40:00,18,3,4,7,2,11,2,13,254,83.6,2,55,0.0364,0.1538,1.0,6.0,2.0,6.0,132.0,81.9,45.0,0.1667,1.0,5.0,0.0,7.0,122.0,85.1,50.0,0.1429,76.7,24.8,52.7,845.0,3.3,14.9,9.3,88.1,E,-0.51,4.62,-5.57
631545,2020-08-06,2020,SF,2020-08-06 13:10:00,13,6,4,10,4,9,8,20,282,81.8,3,57,0.0526,0.2,3.0,5.0,5.0,9.0,143.0,81.9,45.0,0.3333,1.0,4.0,3.0,11.0,139.0,81.8,47.0,0.0909,88.1,31.2,19.7,845.8,0.0,13.8,8.6,191.6,S,13.49,11.73,13.62
631546,2020-08-10,2020,AZ,2020-08-10 18:40:00,18,8,12,20,3,18,5,32,329,83.4,3,67,0.0448,0.0938,2.0,8.0,2.0,14.0,163.0,81.4,52.0,0.1429,1.0,10.0,2.0,18.0,166.0,85.5,49.0,0.0556,84.7,29.3,23.7,846.6,0.0,6.7,4.2,9.4,N,-6.64,-5.86,-6.62
631547,2020-08-11,2020,AZ,2020-08-11 18:40:00,18,8,7,15,3,13,4,27,278,83.1,3,63,0.0476,0.1111,1.0,9.0,0.0,14.0,143.0,83.0,38.0,0.0714,2.0,4.0,3.0,13.0,135.0,83.1,51.0,0.1538,88.3,31.3,10.7,844.0,0.0,15.0,9.3,259.5,W,2.74,-2.46,7.61
631535,2020-08-12,2020,AZ,2020-08-12 13:10:00,13,7,13,20,4,14,6,34,349,83.3,5,72,0.0694,0.1176,3.0,10.0,3.0,16.0,187.0,82.4,52.0,0.1875,1.0,4.0,2.0,18.0,162.0,84.1,63.0,0.0556,91.3,32.9,10.3,847.2,0.0,5.7,3.5,264.0,W,0.6,-1.38,2.5
631516,2020-08-14,2020,TEX,2020-08-14 18:40:00,18,2,3,5,1,16,2,8,252,79.8,1,45,0.0222,0.125,0.0,6.0,0.0,2.0,110.0,79.4,37.0,0.0,1.0,10.0,2.0,6.0,142.0,80.2,33.0,0.1667,85.3,29.6,19.7,849.1,0.0,15.9,9.9,72.7,E,-4.75,0.74,-9.66
631533,2020-08-15,2020,TEX,2020-08-15 18:10:00,18,4,6,10,1,10,3,23,293,81.4,1,63,0.0159,0.0435,0.0,4.0,1.0,10.0,130.0,80.1,41.0,0.0,1.0,6.0,2.0,13.0,163.0,82.3,59.0,0.0769,86.7,30.4,17.0,849.7,0.0,12.7,7.9,62.6,NE,-5.85,-1.63,-9.37
631521,2020-08-16,2020,TEX,2020-08-16 13:10:00,13,10,6,16,3,16,9,20,309,84.3,6,53,0.1132,0.15,1.0,7.0,3.0,14.0,164.0,83.3,56.0,0.0714,2.0,9.0,6.0,6.0,145.0,85.9,36.0,0.3333,94.5,34.7,10.0,853.4,0.0,12.4,7.7,43.3,NE,-9.04,-5.58,-11.42
631522,2020-08-19,2020,HOU,2020-08-19 18:40:00,18,6,13,19,4,11,4,30,295,83.4,3,67,0.0448,0.1333,0.0,8.0,3.0,10.0,141.0,78.1,44.0,0.0,4.0,3.0,1.0,20.0,154.0,87.2,62.0,0.2,85.5,29.7,20.3,846.9,0.0,11.0,6.9,337.7,N,-10.21,-11.02,-8.17
631523,2020-08-20,2020,HOU,2020-08-20 13:10:00,13,8,10,18,4,18,8,24,315,82.4,6,59,0.1017,0.1667,3.0,9.0,6.0,14.0,181.0,81.4,56.0,0.2143,1.0,9.0,2.0,10.0,134.0,83.8,41.0,0.1,91.6,33.1,18.3,846.6,0.0,15.0,9.3,2.4,N,-15.02,-13.9,-14.33
631524,2020-08-28,2020,SD,2020-08-28 18:40:00,18,4,10,14,1,14,5,28,314,83.8,4,66,0.0606,0.0357,1.0,9.0,4.0,9.0,157.0,82.3,50.0,0.1111,0.0,5.0,1.0,19.0,157.0,85.2,54.0,0.0,66.3,19.0,82.7,848.4,3.6,9.5,5.9,99.3,E,1.53,4.64,-1.75
631525,2020-08-29,2020,SD,2020-08-29 18:10:00,18,4,3,7,0,15,3,23,275,84.0,1,55,0.0182,0.0,0.0,9.0,1.0,12.0,137.0,83.9,44.0,0.0,0.0,6.0,2.0,11.0,138.0,84.1,46.0,0.0,73.3,23.0,38.0,842.7,0.0,11.9,7.4,178.7,S,11.9,11.27,11.09
631526,2020-08-30,2020,SD,2020-08-30 13:10:00,13,2,13,15,5,19,4,24,323,85.5,5,57,0.0877,0.2083,0.0,12.0,2.0,7.0,142.0,84.9,43.0,0.0,5.0,7.0,2.0,17.0,181.0,85.9,63.0,0.2941,89.1,31.7,12.0,841.7,0.0,16.5,10.2,295.0,NW,-6.96,-11.64,-1.44
631527,2020-08-31,2020,SD,2020-08-31 19:40:00,19,0,6,6,1,21,5,16,265,82.9,1,46,0.0217,0.0625,0.0,12.0,2.0,7.0,133.0,80.9,40.0,0.0,1.0,9.0,3.0,9.0,132.0,84.5,47.0,0.1111,70.5,21.4,37.0,840.0,0.0,11.9,7.4,1.6,N,-11.93,-11.1,-11.32
631528,2020-09-01,2020,SF,2020-09-01 18:40:00,18,5,23,28,6,14,9,33,389,82.1,11,73,0.1507,0.1818,2.0,8.0,4.0,6.0,162.0,78.4,61.0,0.3333,4.0,6.0,5.0,27.0,227.0,84.7,91.0,0.1481,76.6,24.8,23.3,843.8,0.0,8.8,5.4,46.0,NE,-6.09,-3.57,-7.88
631529,2020-09-02,2020,SF,2020-09-02 13:10:00,13,9,6,15,3,19,7,27,342,78.5,3,58,0.0517,0.1111,2.0,7.0,4.0,14.0,165.0,79.7,57.0,0.1429,1.0,12.0,3.0,13.0,177.0,77.3,63.0,0.0769,87.8,31.0,13.0,847.0,0.0,7.3,4.5,111.3,E,2.65,4.82,0.17
631530,2020-09-11,2020,LAA,2020-09-11 18:40:00,18,8,4,12,4,17,5,19,286,84.2,2,54,0.037,0.2105,2.0,10.0,2.0,11.0,158.0,84.1,43.0,0.1818,2.0,7.0,2.0,8.0,128.0,84.3,44.0,0.25,57.1,14.0,59.0,842.8,0.0,5.5,3.4,299.4,NW,-2.7,-4.17,-0.89
631531,2020-09-12,2020,LAA,2020-09-12 18:10:00,18,2,5,7,1,18,7,14,337,81.2,1,64,0.0156,0.0714,0.0,8.0,2.0,6.0,156.0,80.2,59.0,0.0,1.0,10.0,4.0,8.0,181.0,82.2,57.0,0.125,72.1,22.3,31.7,847.0,0.0,5.3,3.3,350.5,N,-5.23,-5.21,-4.61
631532,2020-09-13,2020,LAA,2020-09-13 13:10:00,13,3,5,8,2,19,10,14,302,82.3,1,47,0.0213,0.1429,1.0,12.0,0.0,8.0,123.0,83.2,43.0,0.125,1.0,7.0,10.0,6.0,179.0,81.4,41.0,0.1667,81.7,27.6,15.0,852.1,0.0,8.4,5.2,32.0,NE,-7.1,-5.15,-8.18
631520,2020-09-15,2020,ATH,2020-09-15 18:40:00,18,3,1,4,1,13,4,14,236,80.1,3,49,0.0612,0.0714,1.0,10.0,3.0,8.0,127.0,79.3,43.0,0.125,0.0,3.0,1.0,6.0,109.0,81.0,43.0,0.0,77.1,25.1,20.0,848.1,0.0,11.3,7.0,325.0,NW,-9.26,-10.91,-6.48
631509,2020-09-16,2020,ATH,2020-09-16 13:10:00,13,1,3,4,0,18,4,15,271,80.6,0,49,0.0,0.0,0.0,9.0,0.0,9.0,131.0,80.3,46.0,0.0,0.0,9.0,4.0,6.0,140.0,80.9,39.0,0.0,75.9,24.4,25.3,855.0,0.0,9.7,6.0,7.7,N,-9.61,-8.59,-9.48
631510,2020-09-17,2020,LAD,2020-09-17 18:40:00,18,3,9,12,3,11,6,16,278,82.6,4,59,0.0678,0.1875,1.0,4.0,0.0,5.0,117.0,80.4,46.0,0.2,2.0,7.0,6.0,11.0,161.0,84.8,46.0,0.1818,79.2,26.2,15.7,849.8,0.0,4.7,2.9,10.7,N,-4.62,-4.04,-4.64
631511,2020-09-18,2020,LAD,2020-09-18 18:10:00,18,6,15,21,4,8,4,28,313,84.2,6,71,0.0845,0.1429,1.0,5.0,0.0,11.0,121.0,82.7,51.0,0.0909,3.0,3.0,4.0,17.0,192.0,85.3,70.0,0.1765,74.4,23.6,30.7,847.1,0.0,6.5,4.0,43.4,NE,-4.7,-2.9,-5.93
631512,2020-09-19,2020,LAD,2020-09-19 18:10:00,18,1,6,7,2,12,3,12,258,81.3,1,50,0.02,0.1667,0.0,9.0,0.0,5.0,114.0,81.3,42.0,0.0,2.0,3.0,3.0,7.0,144.0,81.4,48.0,0.2857,76.8,24.9,22.3,842.1,0.0,9.9,6.2,296.4,NW,-4.41,-7.19,-1.1
631519,2020-09-20,2020,LAD,2020-09-20 13:10:00,13,6,3,9,0,16,6,17,309,81.7,2,50,0.04,0.0,0.0,11.0,1.0,10.0,141.0,79.0,55.0,0.0,0.0,5.0,5.0,7.0,168.0,84.6,51.0,0.0,84.1,28.9,15.7,847.5,0.0,2.3,1.4,149.8,SE,1.96,2.23,1.45
634615,2021-04-01,2021,LAD,2021-04-01 14:10:00,14,8,5,13,0,10,11,26,321,82.2,1,63,0.0159,0.0,0.0,4.0,3.0,11.0,131.0,81.9,58.0,0.0,0.0,6.0,8.0,15.0,190.0,82.4,64.0,0.0,64.3,17.9,16.3,846.5,0.0,10.3,6.4,156.0,SE,9.44,10.31,7.43
634653,2021-04-02,2021,LAD,2021-04-02 18:40:00,18,6,11,17,4,20,4,24,302,82.5,3,59,0.0508,0.1667,4.0,13.0,2.0,8.0,133.0,80.5,43.0,0.5,0.0,7.0,2.0,16.0,169.0,83.9,60.0,0.0,58.2,14.5,48.0,841.8,0.0,8.1,5.0,290.7,W,-2.86,-5.28,-0.1
634633,2021-04-03,2021,LAD,2021-04-03 18:10:00,18,5,6,11,3,20,7,19,319,83.8,7,54,0.1296,0.1579,2.0,6.0,3.0,7.0,146.0,84.6,46.0,0.2857,1.0,14.0,3.0,12.0,173.0,83.1,49.0,0.0833,61.5,16.4,43.3,843.7,0.0,8.2,5.1,284.8,W,-2.08,-4.66,0.74
634557,2021-04-04,2021,LAD,2021-04-04 13:10:00,13,2,4,6,1,18,11,8,268,80.6,3,42,0.0714,0.125,0.0,10.0,2.0,4.0,106.0,79.8,35.0,0.0,1.0,8.0,9.0,4.0,162.0,81.2,42.0,0.25,75.6,24.2,14.3,844.7,0.0,2.6,1.6,153.8,SE,2.33,2.58,1.8
634619,2021-04-06,2021,AZ,2021-04-06 18:40:00,18,8,10,18,7,23,7,22,421,80.6,5,78,0.0641,0.3182,5.0,10.0,1.0,9.0,207.0,81.8,70.0,0.5556,2.0,13.0,3.0,13.0,214.0,79.3,67.0,0.1538,38.2,3.4,92.3,836.5,3.3,14.4,9.0,24.7,NE,-13.12,-10.27,-14.39
634542,2021-04-07,2021,AZ,2021-04-07 18:40:00,18,8,0,8,0,14,6,15,260,84.6,0,51,0.0,0.0,0.0,10.0,4.0,10.0,149.0,83.1,47.0,0.0,0.0,4.0,2.0,5.0,111.0,86.3,44.0,0.0,53.9,12.2,34.0,837.5,0.0,11.2,7.0,338.7,N,-10.47,-11.23,-8.44
634564,2021-04-08,2021,AZ,2021-04-08 13:10:00,13,7,3,10,2,10,6,15,260,82.8,4,56,0.0714,0.1333,1.0,3.0,0.0,10.0,120.0,83.4,45.0,0.1,1.0,7.0,6.0,5.0,140.0,82.1,37.0,0.2,66.2,19.0,16.0,835.7,0.0,17.8,11.1,344.0,N,-17.11,-17.76,-14.4
634485,2021-04-17,2021,NYM,2021-04-17 15:10:00,15,3,4,7,2,23,2,14,229,83.7,3,33,0.0909,0.1429,1.0,17.0,1.0,3.0,112.0,81.0,26.0,0.3333,1.0,6.0,1.0,11.0,117.0,85.2,47.0,0.0909,36.0,2.2,54.7,845.4,0.0,7.5,4.6,280.3,W,-1.34,-3.77,1.25
634561,2021-04-17,2021,NYM,2021-04-16 18:40:00,18,7,2,9,1,12,3,11,194,80.1,0,38,0.0,0.0909,1.0,6.0,1.0,9.0,107.0,77.5,40.0,0.1111,0.0,6.0,2.0,2.0,87.0,84.3,25.0,0.0,31.2,-0.4,85.7,844.7,0.5,4.2,2.6,299.8,NW,-2.07,-3.18,-0.71
634468,2021-04-18,2021,NYM,2021-04-18 13:10:00,13,1,2,3,0,13,1,11,219,82.7,2,50,0.04,0.0,0.0,5.0,1.0,4.0,100.0,80.6,41.0,0.0,0.0,8.0,0.0,7.0,119.0,84.6,45.0,0.0,52.2,11.2,31.7,844.0,0.0,10.5,6.5,340.8,N,-9.91,-10.5,-8.13
634406,2021-04-20,2021,HOU,2021-04-20 18:40:00,18,6,2,8,2,16,8,12,269,81.2,5,44,0.1136,0.1667,2.0,9.0,3.0,7.0,137.0,81.0,34.0,0.2857,0.0,7.0,4.0,5.0,132.0,81.4,39.0,0.0,23.2,-4.9,72.3,843.9,0.0,7.3,4.5,282.4,W,-1.56,-3.89,0.96
634424,2021-04-21,2021,HOU,2021-04-21 13:10:00,13,6,3,9,2,12,6,16,256,80.4,3,54,0.0556,0.125,1.0,5.0,4.0,11.0,143.0,78.7,53.0,0.0909,1.0,7.0,2.0,5.0,113.0,82.3,46.0,0.2,29.6,-1.3,82.0,842.8,0.2,10.4,6.4,350.0,N,-10.21,-10.21,-8.98
634401,2021-04-23,2021,PHI,2021-04-23 18:40:00,18,5,4,9,5,22,4,22,301,81.2,4,50,0.08,0.2273,4.0,11.0,1.0,11.0,151.0,80.3,57.0,0.3636,1.0,11.0,3.0,11.0,150.0,82.4,41.0,0.0909,47.4,8.6,48.3,836.1,0.0,10.6,6.6,326.8,NW,-8.89,-10.35,-6.36
634418,2021-04-24,2021,PHI,2021-04-24 18:10:00,18,5,7,12,3,11,8,17,287,82.2,3,57,0.0526,0.1765,1.0,6.0,2.0,8.0,130.0,81.8,46.0,0.125,2.0,5.0,6.0,9.0,157.0,82.7,45.0,0.2222,56.7,13.7,50.3,833.1,0.0,11.3,7.0,319.7,NW,-8.59,-10.56,-5.57
634388,2021-04-25,2021,PHI,2021-04-25 13:10:00,13,12,2,14,4,19,7,23,318,82.4,5,54,0.0926,0.1739,2.0,8.0,5.0,16.0,183.0,81.0,63.0,0.125,2.0,11.0,2.0,7.0,135.0,84.6,42.0,0.2857,72.6,22.5,22.3,833.8,0.0,5.5,3.4,243.3,SW,2.49,0.65,4.03
634246,2021-05-04,2021,SF,2021-05-04 15:40:00,15,4,12,16,4,11,7,19,249,83.5,2,50,0.04,0.2105,1.0,6.0,3.0,7.0,130.0,81.9,43.0,0.1429,3.0,5.0,4.0,12.0,119.0,85.3,38.0,0.25,57.2,14.0,46.7,841.2,0.0,12.4,7.7,6.0,N,-12.37,-11.18,-12.06
634254,2021-05-04,2021,SF,2021-05-03 18:40:00,18,8,6,14,4,11,9,19,267,82.8,5,47,0.1064,0.2105,2.0,4.0,2.0,10.0,121.0,84.8,42.0,0.2,2.0,7.0,7.0,9.0,146.0,80.5,39.0,0.2222,40.2,4.5,94.7,843.1,1.7,10.5,6.5,335.7,NW,-9.54,-10.44,-7.49
634225,2021-05-05,2021,SF,2021-05-05 13:10:00,13,6,5,11,2,21,10,12,289,80.3,1,40,0.025,0.1667,0.0,9.0,6.0,6.0,137.0,79.9,46.0,0.0,2.0,12.0,4.0,6.0,152.0,80.8,38.0,0.3333,55.6,13.1,52.7,847.7,1.1,10.3,6.4,6.0,N,-10.21,-9.23,-9.96
634149,2021-05-11,2021,SD,2021-05-11 18:40:00,18,1,8,9,1,11,7,13,279,83.6,4,56,0.0714,0.0769,0.0,4.0,1.0,3.0,115.0,82.0,40.0,0.0,1.0,7.0,6.0,10.0,164.0,84.9,46.0,0.1,38.4,3.6,91.0,846.9,0.0,8.5,5.3,16.4,N,-8.19,-6.87,-8.52
634155,2021-05-12,2021,SD,2021-05-10 18:40:00,18,3,2,5,1,19,6,15,263,80.9,2,42,0.0476,0.0667,1.0,11.0,3.0,8.0,135.0,80.7,47.0,0.125,0.0,8.0,2.0,7.0,128.0,81.0,37.0,0.0,41.8,5.5,81.3,842.1,2.1,18.1,11.2,325.1,NW,-14.82,-17.46,-10.39
634208,2021-05-12,2021,SD,2021-05-12 13:10:00,13,3,5,8,1,13,7,13,275,81.2,1,43,0.0233,0.0769,0.0,5.0,4.0,9.0,156.0,80.2,63.0,0.0,1.0,8.0,2.0,4.0,119.0,83.1,33.0,0.25,58.7,14.8,38.0,848.3,0.0,7.0,4.3,68.2,E,-2.6,-0.22,-4.67
634191,2021-05-13,2021,CIN,2021-05-13 18:40:00,18,13,8,21,4,9,9,27,315,82.1,1,68,0.0147,0.1481,2.0,4.0,7.0,15.0,169.0,81.6,57.0,0.1333,2.0,5.0,2.0,12.0,146.0,82.8,53.0,0.1667,61.6,16.5,54.0,843.4,0.0,12.9,8.0,253.1,W,3.77,-0.69,7.77
634121,2021-05-14,2021,CIN,2021-05-14 18:40:00,18,9,6,15,3,22,10,25,310,80.7,2,48,0.0417,0.12,1.0,14.0,6.0,15.0,175.0,79.0,49.0,0.0667,2.0,8.0,4.0,10.0,135.0,82.8,41.0,0.2,63.0,17.2,61.7,841.8,0.0,7.5,4.7,346.9,N,-7.31,-7.44,-6.29
634148,2021-05-15,2021,CIN,2021-05-15 18:10:00,18,5,6,11,3,17,9,18,329,83.2,5,70,0.0714,0.1667,1.0,10.0,1.0,8.0,160.0,81.8,53.0,0.125,2.0,7.0,6.0,10.0,169.0,84.6,55.0,0.2,57.5,14.2,81.0,840.7,0.0,10.4,6.4,349.3,N,-10.19,-10.23,-8.91
634098,2021-05-16,2021,CIN,2021-05-16 13:10:00,13,6,7,13,0,14,9,18,333,81.7,1,56,0.0179,0.0,0.0,10.0,3.0,9.0,162.0,80.4,52.0,0.0,0.0,4.0,5.0,9.0,171.0,83.0,57.0,0.0,63.8,17.7,57.3,842.9,0.3,12.1,7.5,4.7,N,-12.09,-11.03,-11.7
634016,2021-05-21,2021,AZ,2021-05-21 18:40:00,18,7,1,8,3,16,6,17,270,81.8,4,51,0.0784,0.1765,3.0,7.0,2.0,10.0,129.0,79.1,46.0,0.3,0.0,9.0,4.0,7.0,141.0,84.4,48.0,0.0,70.7,21.5,44.3,838.1,0.0,9.3,5.8,195.7,S,8.92,7.52,9.24
634010,2021-05-22,2021,AZ,2021-05-22 13:10:00,13,7,6,13,2,12,4,22,294,83.1,4,60,0.0667,0.0909,1.0,5.0,0.0,10.0,134.0,81.4,58.0,0.1,1.0,7.0,4.0,12.0,160.0,85.4,42.0,0.0833,68.5,20.3,54.0,845.4,1.3,7.1,4.4,317.4,NW,-5.22,-6.55,-3.26
633995,2021-05-23,2021,AZ,2021-05-23 13:10:00,13,4,3,7,2,15,6,12,278,80.0,3,49,0.0612,0.1667,1.0,6.0,3.0,8.0,146.0,81.7,51.0,0.125,1.0,9.0,3.0,4.0,132.0,77.8,38.0,0.25,73.9,23.3,22.0,840.1,0.0,30.8,19.1,208.0,SW,27.19,20.61,30.5
633895,2021-06-01,2021,TEX,2021-06-01 18:40:00,18,3,2,5,1,26,6,13,310,82.0,2,49,0.0408,0.0769,0.0,12.0,3.0,9.0,163.0,82.7,60.0,0.0,1.0,14.0,2.0,4.0,147.0,81.0,42.0,0.25,60.9,16.0,61.0,846.1,0.0,9.5,5.9,203.3,SW,8.76,6.94,9.52
633848,2021-06-02,2021,TEX,2021-06-02 18:40:00,18,6,3,9,1,12,4,19,247,80.3,1,58,0.0172,0.0526,1.0,6.0,3.0,12.0,137.0,80.4,54.0,0.0833,0.0,6.0,1.0,7.0,110.0,80.2,39.0,0.0,67.3,19.6,50.0,844.7,0.0,6.3,3.9,307.6,NW,-3.87,-5.35,-1.92
633860,2021-06-03,2021,TEX,2021-06-03 13:10:00,13,11,6,17,3,16,5,22,298,80.9,5,56,0.0893,0.1364,1.0,6.0,2.0,16.0,158.0,80.5,70.0,0.0625,2.0,10.0,3.0,6.0,140.0,81.7,40.0,0.3333,79.0,26.1,28.7,846.5,0.0,9.4,5.8,359.8,N,-9.37,-8.81,-8.79
633865,2021-06-04,2021,ATH,2021-06-04 18:40:00,18,5,9,14,3,6,8,24,304,81.9,4,70,0.0571,0.125,1.0,3.0,2.0,12.0,141.0,83.3,61.0,0.0833,2.0,3.0,6.0,12.0,163.0,80.6,60.0,0.1667,81.9,27.7,26.0,842.8,0.0,5.9,3.7,24.4,NE,-5.37,-4.21,-5.88
633850,2021-06-05,2021,ATH,2021-06-05 19:10:00,19,3,6,9,3,13,3,23,247,84.1,4,60,0.0667,0.1304,1.0,8.0,1.0,11.0,124.0,82.7,49.0,0.0909,2.0,5.0,1.0,12.0,123.0,85.6,45.0,0.1667,75.0,23.9,42.3,839.0,0.0,11.9,7.4,300.0,NW,-5.96,-9.12,-2.08
633847,2021-06-06,2021,ATH,2021-06-06 13:10:00,13,3,1,4,0,19,4,17,266,83.5,1,48,0.0208,0.0,0.0,8.0,3.0,9.0,134.0,83.2,45.0,0.0,0.0,11.0,1.0,8.0,132.0,83.9,40.0,0.0,85.3,29.6,21.3,841.2,0.0,12.3,7.6,155.0,SE,11.12,12.22,8.67
633703,2021-06-14,2021,SD,2021-06-14 18:40:00,18,3,2,5,2,11,3,13,259,82.6,0,51,0.0,0.1538,1.0,6.0,3.0,8.0,141.0,82.9,59.0,0.125,1.0,5.0,0.0,5.0,118.0,82.1,45.0,0.2,88.2,31.2,26.0,847.5,0.0,8.8,5.5,311.0,NW,-5.77,-7.69,-3.15
633701,2021-06-15,2021,SD,2021-06-15 18:40:00,18,8,4,12,2,13,5,19,290,83.0,6,53,0.1132,0.1053,1.0,8.0,3.0,12.0,162.0,81.4,69.0,0.0833,1.0,5.0,2.0,7.0,128.0,85.5,45.0,0.1429,90.1,32.3,30.0,847.8,0.0,7.6,4.7,290.3,W,-2.62,-4.89,-0.04
633706,2021-06-16,2021,SD,2021-06-16 13:10:00,13,8,7,15,5,12,8,24,300,83.0,6,62,0.0968,0.2083,2.0,5.0,3.0,13.0,147.0,80.0,53.0,0.1538,3.0,7.0,5.0,11.0,153.0,86.1,50.0,0.2727,96.5,35.8,11.7,850.8,0.0,15.7,9.7,16.1,N,-15.05,-12.65,-15.63
633623,2021-06-17,2021,MIL,2021-06-17 18:40:00,18,7,3,10,2,11,10,13,290,81.1,2,55,0.0364,0.1538,2.0,7.0,3.0,9.0,141.0,83.3,54.0,0.2222,0.0,4.0,7.0,4.0,149.0,78.7,49.0,0.0,89.7,32.1,18.3,845.3,0.0,14.4,9.0,206.6,SW,12.91,9.92,14.34
633616,2021-06-18,2021,MIL,2021-06-18 18:40:00,18,6,5,11,1,17,7,20,281,84.9,2,57,0.0351,0.05,0.0,10.0,3.0,11.0,153.0,85.0,44.0,0.0,1.0,7.0,4.0,9.0,128.0,84.9,48.0,0.1111,84.5,29.2,25.3,845.5,0.0,18.5,11.5,168.3,S,18.08,18.27,15.72
633577,2021-06-19,2021,MIL,2021-06-19 19:10:00,19,5,6,11,1,14,10,22,305,82.1,3,59,0.0508,0.0455,0.0,7.0,6.0,11.0,150.0,81.0,56.0,0.0,1.0,7.0,4.0,11.0,155.0,83.3,53.0,0.0909,79.8,26.6,27.7,840.3,0.0,10.5,6.5,246.6,SW,4.17,0.62,7.22
633567,2021-06-20,2021,MIL,2021-06-20 13:10:00,13,6,7,13,5,14,4,24,304,81.1,2,62,0.0323,0.2083,4.0,9.0,1.0,12.0,163.0,82.3,61.0,0.3333,1.0,5.0,3.0,12.0,141.0,79.8,56.0,0.0833,83.4,28.5,24.0,842.2,0.0,8.7,5.4,34.3,NE,-7.19,-5.08,-8.43
633465,2021-06-28,2021,PIT,2021-06-28 15:10:00,15,2,0,2,1,15,5,11,244,79.7,1,48,0.0208,0.0909,1.0,6.0,4.0,5.0,119.0,79.9,43.0,0.2,0.0,9.0,1.0,6.0,125.0,79.6,46.0,0.0,71.8,22.1,37.7,850.2,0.0,10.5,6.5,15.7,N,-10.08,-8.5,-10.44
633455,2021-06-29,2021,PIT,2021-06-29 18:40:00,18,8,0,8,1,12,1,16,205,81.8,3,52,0.0577,0.0625,1.0,7.0,0.0,15.0,113.0,84.7,43.0,0.0667,0.0,5.0,1.0,1.0,92.0,77.7,31.0,0.0,69.0,20.5,65.0,849.2,0.1,7.0,4.3,337.9,N,-6.48,-7.0,-5.19
633491,2021-06-30,2021,PIT,2021-06-30 13:10:00,13,6,2,8,2,19,9,17,317,83.5,1,46,0.0217,0.1176,1.0,9.0,5.0,12.0,162.0,82.2,56.0,0.0833,1.0,10.0,3.0,5.0,155.0,85.1,46.0,0.2,78.9,26.1,37.0,849.4,0.0,6.5,4.1,1.0,N,-6.53,-6.1,-6.18
633460,2021-07-01,2021,STL,2021-07-01 18:40:00,18,5,2,7,3,12,4,14,244,81.3,3,54,0.0556,0.2143,2.0,5.0,3.0,7.0,135.0,83.0,45.0,0.2857,1.0,7.0,1.0,7.0,109.0,79.5,46.0,0.1429,65.4,18.6,85.7,848.5,2.4,9.9,6.2,356.6,N,-9.88,-9.49,-9.08
633415,2021-07-02,2021,STL,2021-07-02 18:10:00,18,3,9,12,3,10,8,21,325,84.7,6,69,0.087,0.1429,1.0,6.0,4.0,9.0,151.0,87.6,53.0,0.1111,2.0,4.0,3.0,12.0,174.0,82.5,66.0,0.1667,75.1,23.9,58.3,847.3,0.2,9.9,6.1,246.7,SW,3.91,0.57,6.77
633424,2021-07-03,2021,STL,2021-07-03 19:10:00,19,3,2,5,1,12,10,12,292,81.1,1,49,0.0204,0.0833,1.0,4.0,4.0,5.0,120.0,79.7,41.0,0.2,0.0,8.0,5.0,7.0,172.0,82.2,53.0,0.0,77.7,25.4,51.7,845.9,0.1,7.1,4.4,112.0,E,2.65,4.73,0.25
633434,2021-07-04,2021,STL,2021-07-04 13:10:00,13,3,2,5,2,18,6,13,267,83.8,1,45,0.0222,0.1538,1.0,6.0,4.0,6.0,126.0,82.5,40.0,0.1667,1.0,12.0,2.0,7.0,141.0,85.5,32.0,0.1429,79.5,26.4,50.0,848.5,1.6,10.5,6.5,24.6,NE,-9.51,-7.45,-10.43
633321,2021-07-16,2021,LAD,2021-07-16 18:40:00,18,4,10,14,2,15,8,23,284,83.8,3,61,0.0492,0.087,1.0,5.0,3.0,9.0,131.0,80.2,50.0,0.1111,1.0,10.0,5.0,14.0,153.0,87.4,51.0,0.0714,84.8,29.3,23.7,845.9,0.0,17.0,10.6,341.0,N,-16.11,-17.03,-13.24
633261,2021-07-17,2021,LAD,2021-07-17 18:10:00,18,2,9,11,4,19,3,16,255,82.6,5,51,0.098,0.25,0.0,10.0,2.0,4.0,113.0,80.6,38.0,0.0,4.0,9.0,1.0,12.0,142.0,83.8,60.0,0.3333,81.1,27.3,38.7,849.7,0.0,11.1,6.9,227.4,SW,7.51,4.26,9.85
633255,2021-07-18,2021,LAD,2021-07-18 13:10:00,13,6,5,11,3,21,5,17,293,79.6,2,55,0.0364,0.1765,1.0,9.0,2.0,8.0,149.0,79.8,51.0,0.125,2.0,12.0,3.0,9.0,144.0,79.4,44.0,0.2222,90.5,32.5,20.7,853.7,0.0,14.0,8.7,16.3,N,-13.43,-11.28,-13.97
633245,2021-07-20,2021,SEA,2021-07-20 18:40:00,18,4,6,10,3,17,8,21,297,79.3,3,54,0.0556,0.1429,2.0,8.0,4.0,11.0,146.0,77.7,52.0,0.1818,1.0,9.0,4.0,10.0,151.0,80.7,55.0,0.1,90.2,32.3,22.7,847.6,0.0,8.3,5.2,152.1,SE,7.36,8.25,5.59
633190,2021-07-21,2021,SEA,2021-07-21 13:10:00,13,6,3,9,3,10,6,11,244,81.9,3,50,0.06,0.2727,0.0,4.0,5.0,6.0,125.0,81.2,44.0,0.0,3.0,6.0,1.0,5.0,119.0,82.7,37.0,0.6,89.7,32.0,25.3,849.4,0.1,9.2,5.7,323.1,NW,-7.33,-8.77,-5.01
633038,2021-08-03,2021,CHC,2021-08-03 18:40:00,18,13,6,19,3,16,5,21,273,85.1,5,55,0.0909,0.1429,2.0,7.0,3.0,13.0,146.0,85.7,50.0,0.1538,1.0,9.0,2.0,8.0,127.0,84.6,46.0,0.125,72.5,22.5,61.7,848.8,0.6,11.7,7.2,340.8,N,-11.01,-11.67,-9.04
633060,2021-08-04,2021,CHC,2021-08-04 18:40:00,18,2,3,5,0,14,4,20,260,83.1,0,55,0.0,0.0,0.0,5.0,2.0,10.0,122.0,82.1,49.0,0.0,0.0,9.0,2.0,10.0,138.0,84.1,50.0,0.0,78.1,25.6,38.7,849.4,0.0,9.2,5.7,322.4,NW,-7.29,-8.77,-4.93
633064,2021-08-05,2021,CHC,2021-08-05 13:10:00,13,6,5,11,4,16,4,22,275,77.5,3,54,0.0556,0.1818,4.0,5.0,2.0,13.0,131.0,79.1,57.0,0.3077,0.0,11.0,2.0,9.0,144.0,75.8,51.0,0.0,87.6,30.9,18.3,850.4,0.0,4.7,2.9,54.4,NE,-2.76,-1.28,-3.91
633035,2021-08-06,2021,MIA,2021-08-06 18:40:00,18,14,2,16,6,20,8,23,282,83.5,10,52,0.1923,0.2609,5.0,7.0,5.0,17.0,150.0,85.4,52.0,0.2941,1.0,13.0,3.0,6.0,132.0,80.5,34.0,0.1667,83.3,28.5,29.0,842.4,0.0,8.5,5.3,57.8,NE,-4.51,-1.79,-6.69
633001,2021-08-07,2021,MIA,2021-08-07 18:10:00,18,7,4,11,0,14,6,24,291,81.9,1,59,0.0169,0.0,0.0,2.0,4.0,12.0,133.0,81.6,51.0,0.0,0.0,12.0,2.0,12.0,158.0,82.2,50.0,0.0,77.2,25.1,24.7,844.5,0.0,13.0,8.1,20.6,N,-12.17,-9.87,-13.0
632977,2021-08-08,2021,MIA,2021-08-08 13:10:00,13,13,8,21,8,12,6,23,283,83.1,5,62,0.0806,0.3478,6.0,4.0,2.0,12.0,128.0,85.1,48.0,0.5,2.0,8.0,4.0,11.0,155.0,81.5,58.0,0.1818,88.7,31.5,18.7,845.3,0.0,7.4,4.6,81.4,E,-1.11,1.45,-3.53
632813,2021-08-16,2021,SD,2021-08-16 18:40:00,18,6,5,11,4,8,2,19,224,85.3,5,58,0.0862,0.2105,3.0,5.0,1.0,9.0,108.0,83.7,44.0,0.3333,1.0,3.0,1.0,10.0,116.0,86.8,44.0,0.1,87.0,30.6,17.0,844.3,0.0,2.6,1.6,345.7,N,-2.52,-2.59,-2.15
632851,2021-08-17,2021,SD,2021-08-17 18:40:00,18,7,3,10,5,14,4,17,272,84.1,5,53,0.0943,0.2941,2.0,10.0,3.0,11.0,156.0,84.0,54.0,0.1818,3.0,4.0,1.0,6.0,116.0,84.2,47.0,0.5,71.0,21.7,65.7,838.9,3.2,24.2,15.0,223.2,SW,17.61,10.88,22.21
632862,2021-08-18,2021,SD,2021-08-18 13:10:00,13,7,5,12,4,15,3,20,276,82.1,7,54,0.1296,0.2,2.0,9.0,1.0,11.0,142.0,80.1,49.0,0.1818,2.0,6.0,2.0,9.0,134.0,84.2,46.0,0.2222,92.1,33.4,14.7,843.1,0.0,6.8,4.2,48.7,NE,-4.49,-2.47,-5.97
632828,2021-08-20,2021,AZ,2021-08-20 18:40:00,18,9,4,13,2,10,9,26,291,81.9,4,65,0.0615,0.0769,1.0,3.0,3.0,15.0,135.0,83.0,51.0,0.0667,1.0,7.0,6.0,11.0,156.0,80.9,52.0,0.0909,72.4,22.4,30.3,843.5,0.0,13.9,8.6,33.4,NE,-11.58,-8.28,-13.49
632790,2021-08-21,2021,AZ,2021-08-21 18:10:00,18,5,2,7,3,23,4,15,271,82.0,4,44,0.0909,0.2,2.0,11.0,2.0,7.0,153.0,81.9,53.0,0.2857,1.0,12.0,1.0,8.0,118.0,82.1,36.0,0.125,74.6,23.7,43.0,842.8,0.0,9.6,6.0,200.4,S,9.0,7.31,9.6
632803,2021-08-22,2021,AZ,2021-08-22 13:10:00,13,4,8,12,2,22,13,16,345,80.2,2,47,0.0426,0.125,0.0,9.0,6.0,5.0,150.0,79.8,46.0,0.0,2.0,13.0,6.0,11.0,195.0,80.6,55.0,0.1818,84.1,29.0,23.3,843.7,0.0,4.6,2.8,322.6,NW,-3.63,-4.36,-2.46
632695,2021-09-02,2021,ATL,2021-09-02 18:40:00,18,5,6,11,3,8,4,16,259,83.0,8,60,0.1333,0.1875,1.0,5.0,0.0,9.0,118.0,83.6,42.0,0.1111,2.0,3.0,4.0,7.0,141.0,82.5,54.0,0.2857,75.8,24.3,43.0,844.5,0.3,12.3,7.6,260.6,W,2.0,-2.26,6.01
632644,2021-09-03,2021,ATL,2021-09-03 18:40:00,18,4,3,7,2,13,1,13,221,84.7,3,47,0.0638,0.1538,1.0,10.0,1.0,6.0,127.0,81.8,48.0,0.1667,1.0,3.0,0.0,7.0,94.0,88.1,42.0,0.1429,72.4,22.4,53.0,845.3,0.0,11.0,6.8,212.5,SW,9.28,6.7,10.74
632615,2021-09-04,2021,ATL,2021-09-04 18:10:00,18,7,6,13,4,13,9,15,289,81.8,4,53,0.0755,0.2667,2.0,6.0,6.0,8.0,138.0,83.0,48.0,0.25,2.0,7.0,3.0,7.0,151.0,80.8,52.0,0.2857,78.3,25.7,27.3,846.7,0.0,11.2,6.9,93.6,E,0.69,4.46,-3.16
632606,2021-09-05,2021,ATL,2021-09-05 13:10:00,13,2,9,11,4,8,5,11,243,82.2,4,56,0.0714,0.3636,0.0,4.0,2.0,2.0,107.0,85.2,39.0,0.0,4.0,4.0,3.0,9.0,136.0,80.0,51.0,0.4444,86.0,30.0,9.0,850.3,0.0,8.4,5.2,66.6,NE,-3.35,-0.5,-5.79
632608,2021-09-06,2021,SF,2021-09-06 14:10:00,14,5,10,15,7,18,6,22,293,81.9,7,56,0.125,0.3182,3.0,9.0,2.0,7.0,130.0,80.7,53.0,0.4286,4.0,9.0,4.0,15.0,163.0,83.2,50.0,0.2667,92.1,33.4,9.0,847.6,0.0,9.6,5.9,95.3,E,0.89,4.09,-2.42
632587,2021-09-07,2021,SF,2021-09-07 18:40:00,18,3,12,15,1,11,5,26,272,82.6,1,64,0.0156,0.0385,0.0,7.0,0.0,11.0,112.0,83.0,40.0,0.0,1.0,4.0,5.0,15.0,160.0,82.3,61.0,0.0667,78.5,25.8,21.3,849.2,0.0,8.4,5.2,46.3,NE,-5.82,-3.39,-7.56
632589,2021-09-08,2021,SF,2021-09-08 13:10:00,13,4,7,11,2,25,7,21,318,81.6,0,49,0.0,0.0952,1.0,8.0,2.0,10.0,142.0,81.7,49.0,0.1,1.0,17.0,4.0,11.0,176.0,81.6,38.0,0.0909,85.6,29.8,17.0,851.3,0.0,11.5,7.1,17.0,N,-10.97,-9.16,-11.45
632399,2021-09-21,2021,LAD,2021-09-21 18:40:00,18,4,5,9,0,18,5,18,279,82.8,2,58,0.0345,0.0,0.0,11.0,5.0,9.0,150.0,80.8,48.0,0.0,0.0,7.0,0.0,9.0,129.0,84.7,49.0,0.0,59.9,15.5,26.0,853.8,0.0,7.5,4.7,58.0,NE,-3.97,-1.56,-5.91
632394,2021-09-22,2021,LAD,2021-09-22 18:40:00,18,10,5,15,3,14,6,19,304,84.6,6,56,0.1071,0.1579,2.0,7.0,1.0,12.0,159.0,84.3,60.0,0.1667,1.0,7.0,4.0,7.0,145.0,85.0,43.0,0.1429,70.0,21.1,17.7,846.5,0.0,10.5,6.5,84.0,E,-1.1,2.54,-4.6
632376,2021-09-23,2021,LAD,2021-09-23 13:10:00,13,5,7,12,2,19,5,23,344,81.5,1,62,0.0161,0.087,1.0,11.0,3.0,9.0,177.0,79.0,54.0,0.1111,1.0,8.0,2.0,14.0,167.0,83.7,59.0,0.0714,82.3,28.0,10.7,847.0,0.0,10.2,6.3,110.0,E,3.49,6.56,-0.0
632362,2021-09-24,2021,SF,2021-09-24 18:10:00,18,2,7,9,4,20,3,22,283,81.7,4,55,0.0727,0.1818,0.0,12.0,0.0,11.0,123.0,81.4,46.0,0.0,4.0,8.0,3.0,11.0,160.0,82.0,54.0,0.3636,67.5,19.7,30.7,848.1,0.0,7.0,4.3,3.3,N,-6.99,-6.43,-6.7
632349,2021-09-25,2021,SF,2021-09-25 18:10:00,18,2,7,9,2,13,2,22,313,81.1,2,63,0.0317,0.0909,0.0,6.0,1.0,11.0,157.0,79.1,59.0,0.0,2.0,7.0,1.0,11.0,156.0,83.0,60.0,0.1818,80.1,26.7,13.7,843.9,0.0,7.2,4.5,116.9,SE,3.24,5.23,0.86
632331,2021-09-26,2021,SF,2021-09-26 13:10:00,13,2,6,8,2,24,4,15,305,81.5,2,46,0.0435,0.1333,1.0,16.0,0.0,5.0,147.0,79.6,41.0,0.2,1.0,8.0,4.0,10.0,158.0,83.0,52.0,0.1,87.0,30.6,10.3,845.3,0.0,11.4,7.1,63.4,NE,-5.11,-1.31,-8.29
632319,2021-09-27,2021,WSH,2021-09-27 18:40:00,18,4,5,9,0,12,9,19,319,83.4,1,59,0.0169,0.0,0.0,6.0,6.0,8.0,162.0,85.7,57.0,0.0,0.0,6.0,2.0,11.0,157.0,81.2,60.0,0.0,78.0,25.5,16.7,841.5,0.0,7.3,4.5,179.3,S,7.27,6.86,6.8
632322,2021-09-28,2021,WSH,2021-09-28 18:40:00,18,3,1,4,1,17,9,16,263,81.2,3,45,0.0667,0.0625,1.0,13.0,3.0,9.0,146.0,79.4,36.0,0.1111,0.0,4.0,5.0,7.0,117.0,82.7,44.0,0.0,69.6,20.9,32.0,835.4,0.0,14.3,8.9,202.0,S,13.23,10.61,14.26
632310,2021-09-29,2021,WSH,2021-09-29 13:10:00,13,10,5,15,1,14,12,23,370,80.9,1,56,0.0179,0.0435,1.0,4.0,6.0,14.0,183.0,82.2,64.0,0.0714,0.0,10.0,6.0,9.0,187.0,79.1,49.0,0.0,72.0,22.2,31.7,842.1,0.0,11.4,7.1,36.7,NE,-9.11,-6.24,-10.89
662933,2022-04-08,2022,LAD,2022-04-08 14:10:00,14,3,5,8,0,23,7,15,289,80.4,4,48,0.0833,0.0,0.0,12.0,3.0,7.0,137.0,77.2,41.0,0.0,0.0,11.0,4.0,8.0,152.0,83.5,43.0,0.0,64.4,18.0,18.3,846.0,0.0,6.8,4.2,84.7,E,-0.64,1.73,-2.92
662931,2022-04-09,2022,LAD,2022-04-09 18:10:00,18,3,2,5,2,19,1,15,264,79.6,2,47,0.0426,0.1333,1.0,10.0,1.0,8.0,139.0,77.9,50.0,0.125,1.0,9.0,0.0,7.0,125.0,81.7,42.0,0.1429,65.9,18.8,19.7,828.0,0.0,10.1,6.3,99.5,E,1.67,4.98,-1.84
662934,2022-04-10,2022,LAD,2022-04-10 13:10:00,13,9,4,13,2,10,5,20,301,81.9,4,60,0.0667,0.1,2.0,3.0,3.0,10.0,156.0,84.1,48.0,0.2,0.0,7.0,2.0,10.0,145.0,79.9,54.0,0.0,55.2,12.9,13.0,831.5,0.1,18.3,11.4,263.3,W,2.13,-4.23,8.23
662950,2022-04-14,2022,CHC,2022-04-14 18:40:00,18,2,5,7,1,11,6,20,272,82.1,0,59,0.0,0.05,0.0,7.0,4.0,10.0,161.0,79.6,56.0,0.0,1.0,4.0,2.0,10.0,111.0,85.6,39.0,0.1,52.9,11.6,16.0,834.8,0.0,10.4,6.5,290.4,W,-3.63,-6.76,-0.07
662960,2022-04-15,2022,CHC,2022-04-15 18:40:00,18,6,5,11,2,16,8,24,314,84.1,2,56,0.0357,0.0833,2.0,9.0,2.0,11.0,149.0,82.1,48.0,0.1818,0.0,7.0,5.0,13.0,165.0,85.9,55.0,0.0,54.4,12.4,34.0,837.6,0.5,10.2,6.3,43.8,NE,-7.33,-4.48,-9.3
662966,2022-04-16,2022,CHC,2022-04-16 18:10:00,18,9,6,15,2,10,5,24,282,85.0,4,62,0.0645,0.0833,2.0,6.0,4.0,11.0,139.0,86.5,44.0,0.1818,0.0,4.0,1.0,13.0,143.0,83.8,57.0,0.0,54.3,12.4,37.3,835.0,0.1,6.4,4.0,178.3,S,6.4,6.08,5.94
662930,2022-04-17,2022,CHC,2022-04-17 13:10:00,13,4,6,10,3,16,9,22,321,81.8,7,58,0.1207,0.1364,1.0,9.0,4.0,9.0,159.0,79.2,56.0,0.1111,2.0,7.0,4.0,13.0,162.0,84.8,50.0,0.1538,67.0,19.5,16.3,843.3,0.0,22.3,13.9,281.7,W,-4.52,-11.72,3.24
662929,2022-04-18,2022,PHI,2022-04-18 18:40:00,18,4,1,5,1,10,5,14,244,84.7,2,51,0.0392,0.0714,1.0,5.0,3.0,9.0,126.0,84.3,51.0,0.1111,0.0,5.0,2.0,5.0,118.0,85.3,39.0,0.0,52.9,11.6,39.0,841.3,0.0,5.7,3.6,358.4,N,-5.73,-5.44,-5.33
662925,2022-04-19,2022,PHI,2022-04-19 18:40:00,18,6,5,11,2,11,6,19,275,81.4,3,55,0.0545,0.1053,1.0,6.0,4.0,8.0,142.0,77.2,48.0,0.125,1.0,5.0,2.0,11.0,133.0,85.9,44.0,0.0909,72.7,22.6,16.7,828.6,0.0,5.8,3.6,257.4,W,1.27,-0.75,3.14
662924,2022-04-20,2022,PHI,2022-04-20 13:10:00,13,6,9,15,4,16,6,23,285,86.9,8,61,0.1311,0.1739,0.0,9.0,2.0,11.0,145.0,84.0,46.0,0.0,4.0,7.0,4.0,12.0,140.0,89.6,50.0,0.3333,68.5,20.3,22.7,836.6,0.0,13.9,8.6,66.4,NE,-5.56,-0.88,-9.57
663009,2022-04-29,2022,CIN,2022-04-29 18:40:00,18,10,4,14,2,14,12,26,332,84.9,2,60,0.0333,0.0769,2.0,11.0,7.0,14.0,197.0,83.3,62.0,0.1429,0.0,3.0,4.0,12.0,135.0,87.0,47.0,0.0,52.0,11.1,24.0,836.2,0.0,31.0,19.3,292.7,NW,-11.95,-21.01,-1.44
663008,2022-04-30,2022,CIN,2022-04-30 18:10:00,18,4,3,7,2,12,4,10,222,87.1,5,45,0.1111,0.2,0.0,4.0,4.0,5.0,124.0,83.8,37.0,0.0,2.0,8.0,0.0,5.0,98.0,90.6,35.0,0.4,61.2,16.2,20.0,840.6,0.0,11.6,7.2,81.9,E,-1.64,2.39,-5.47
663007,2022-05-01,2022,CIN,2022-05-01 13:10:00,13,10,1,11,3,13,7,16,277,81.3,6,52,0.1154,0.1875,2.0,8.0,5.0,12.0,178.0,81.8,62.0,0.1667,1.0,5.0,2.0,4.0,99.0,80.5,38.0,0.25,61.6,16.5,27.7,838.0,0.0,19.2,11.9,337.0,NW,-17.67,-19.17,-14.04
662994,2022-05-03,2022,WSH,2022-05-03 18:40:00,18,2,10,12,3,10,5,23,261,84.2,6,63,0.0952,0.1304,1.0,3.0,2.0,7.0,123.0,85.0,51.0,0.1429,2.0,7.0,3.0,16.0,138.0,83.6,55.0,0.125,52.3,11.3,61.3,834.4,0.4,8.2,5.1,341.2,N,-7.79,-8.23,-6.41
662993,2022-05-04,2022,WSH,2022-05-04 18:40:00,18,5,2,7,1,12,1,16,218,83.5,3,52,0.0577,0.0625,0.0,3.0,0.0,9.0,94.0,83.5,45.0,0.0,1.0,9.0,1.0,7.0,124.0,83.5,44.0,0.1429,45.7,7.6,84.7,840.5,1.1,5.2,3.3,248.0,W,1.96,0.18,3.5
663013,2022-05-05,2022,WSH,2022-05-05 13:10:00,13,9,7,16,5,13,6,25,310,83.4,5,61,0.082,0.2,3.0,11.0,3.0,10.0,153.0,83.4,49.0,0.3,2.0,2.0,3.0,15.0,157.0,83.4,64.0,0.1333,65.3,18.5,33.3,841.7,0.0,14.9,9.2,21.4,N,-13.84,-11.15,-14.86
663012,2022-05-13,2022,KC,2022-05-13 18:40:00,18,10,14,24,4,13,6,31,343,84.4,9,73,0.1233,0.129,2.0,6.0,3.0,13.0,190.0,82.2,63.0,0.1538,2.0,7.0,3.0,18.0,153.0,86.7,63.0,0.1111,70.9,21.6,9.0,842.2,0.0,13.0,8.1,282.3,W,-2.78,-6.97,1.74
663011,2022-05-14,2022,KC,2022-05-14 18:10:00,18,10,4,14,5,16,6,15,269,84.7,5,49,0.102,0.3333,3.0,7.0,5.0,10.0,145.0,85.2,45.0,0.3,2.0,9.0,1.0,5.0,124.0,84.1,42.0,0.4,73.5,23.0,17.7,842.8,0.0,14.4,8.9,40.3,NE,-10.98,-7.13,-13.5
663010,2022-05-15,2022,KC,2022-05-15 13:10:00,13,7,8,15,3,10,13,18,329,84.5,4,60,0.0667,0.1667,0.0,6.0,6.0,9.0,182.0,83.0,52.0,0.0,3.0,4.0,7.0,9.0,147.0,86.1,51.0,0.3333,74.8,23.8,25.0,848.7,0.0,13.2,8.2,65.0,NE,-5.59,-1.15,-9.36
663005,2022-05-16,2022,SF,2022-05-16 18:40:00,18,6,7,13,4,20,7,20,322,82.1,2,54,0.037,0.2,1.0,10.0,4.0,11.0,163.0,80.6,60.0,0.0909,3.0,10.0,3.0,9.0,159.0,83.6,57.0,0.3333,73.8,23.2,23.3,839.9,0.0,12.3,7.6,177.6,S,12.26,11.69,11.34
663004,2022-05-17,2022,SF,2022-05-17 18:40:00,18,7,10,17,2,16,10,26,348,84.9,3,63,0.0476,0.0769,1.0,6.0,3.0,12.0,148.0,82.4,56.0,0.0833,1.0,10.0,7.0,14.0,200.0,87.3,60.0,0.0714,69.9,21.1,36.7,842.8,0.1,10.0,6.2,342.5,N,-9.57,-10.02,-7.96
663003,2022-05-18,2022,SF,2022-05-18 13:10:00,13,5,3,8,2,19,4,16,264,78.8,2,48,0.0417,0.125,2.0,7.0,2.0,8.0,117.0,77.1,38.0,0.25,0.0,12.0,2.0,8.0,147.0,80.3,44.0,0.0,78.1,25.6,22.7,845.0,0.0,4.9,3.0,98.3,E,0.71,2.32,-0.99
663001,2022-05-21,2022,NYM,2022-05-21 18:40:00,18,11,3,14,3,11,3,20,285,81.0,4,59,0.0678,0.15,3.0,6.0,0.0,12.0,148.0,81.3,57.0,0.25,0.0,5.0,2.0,8.0,137.0,80.8,53.0,0.0,39.9,4.4,60.0,846.1,0.0,8.7,5.4,123.0,SE,4.72,6.92,1.95
663002,2022-05-21,2022,NYM,2022-05-20 18:40:00,18,1,5,6,1,15,2,22,282,82.0,3,61,0.0492,0.0455,0.0,7.0,0.0,9.0,137.0,81.2,53.0,0.0,1.0,8.0,2.0,13.0,145.0,82.7,55.0,0.0769,34.3,1.3,89.0,840.9,4.1,9.3,5.8,10.9,N,-9.13,-7.98,-9.18
662982,2022-05-22,2022,NYM,2022-05-22 13:10:00,13,0,2,2,0,13,4,13,249,81.2,0,51,0.0,0.0,0.0,9.0,4.0,6.0,129.0,79.5,43.0,0.0,0.0,4.0,0.0,7.0,120.0,82.5,52.0,0.0,53.9,12.2,45.3,845.0,0.0,6.1,3.8,41.0,NE,-4.63,-2.97,-5.73
662992,2022-05-30,2022,MIA,2022-05-30 14:10:00,14,7,1,8,1,16,6,15,274,80.7,3,48,0.0625,0.0667,0.0,8.0,5.0,10.0,156.0,80.5,44.0,0.0,1.0,8.0,1.0,5.0,118.0,80.9,41.0,0.2,66.6,19.2,15.3,832.4,0.1,20.8,12.9,295.3,NW,-8.89,-14.77,-1.94
662981,2022-06-01,2022,MIA,2022-06-01 13:10:00,13,1,14,15,1,17,6,24,309,82.2,1,60,0.0167,0.0417,0.0,12.0,4.0,3.0,142.0,79.2,36.0,0.0,1.0,5.0,2.0,21.0,167.0,83.8,66.0,0.0476,56.6,13.7,59.3,847.1,0.0,7.9,4.9,357.0,N,-7.89,-7.56,-7.27
662991,2022-06-01,2022,MIA,2022-05-31 18:40:00,18,13,12,25,6,14,14,30,387,79.6,4,70,0.0571,0.2,3.0,8.0,5.0,17.0,203.0,79.2,74.0,0.1765,3.0,6.0,9.0,13.0,184.0,80.1,57.0,0.2308,46.0,7.8,85.3,846.0,5.6,17.1,10.6,351.3,N,-16.94,-16.8,-15.03
663000,2022-06-02,2022,ATL,2022-06-02 18:40:00,18,6,13,19,4,19,5,31,316,81.9,4,63,0.0635,0.129,2.0,12.0,3.0,13.0,159.0,79.5,55.0,0.1538,2.0,7.0,2.0,18.0,157.0,83.7,72.0,0.1111,63.6,17.6,58.7,843.3,1.0,8.9,5.5,249.4,W,3.13,0.09,5.79
662980,2022-06-03,2022,ATL,2022-06-03 18:40:00,18,1,3,4,0,15,7,11,310,78.6,0,54,0.0,0.0,0.0,8.0,1.0,3.0,128.0,77.7,49.0,0.0,0.0,7.0,5.0,8.0,182.0,79.3,67.0,0.0,65.8,18.8,59.0,839.6,0.0,12.6,7.8,0.1,N,-12.57,-11.8,-11.82
662987,2022-06-04,2022,ATL,2022-06-04 19:10:00,19,2,6,8,2,18,7,13,324,82.7,4,61,0.0656,0.1538,0.0,11.0,6.0,3.0,176.0,81.7,53.0,0.0,2.0,7.0,1.0,10.0,148.0,83.6,60.0,0.2,66.6,19.2,63.7,838.0,0.4,10.6,6.6,280.8,W,-1.98,-5.42,1.7
662990,2022-06-05,2022,ATL,2022-06-05 13:10:00,13,7,8,15,5,23,7,23,336,84.9,8,55,0.1455,0.2174,3.0,12.0,4.0,12.0,165.0,84.7,48.0,0.25,2.0,11.0,3.0,11.0,171.0,85.0,57.0,0.1818,78.9,26.1,22.7,839.0,0.0,2.7,1.7,16.7,N,-2.55,-2.14,-2.66
662935,2022-06-14,2022,CLE,2022-06-14 18:40:00,18,3,4,7,1,17,5,21,296,82.1,3,60,0.05,0.0476,1.0,10.0,3.0,9.0,151.0,83.3,50.0,0.1111,0.0,7.0,2.0,12.0,145.0,80.9,55.0,0.0,77.7,25.4,22.7,838.1,0.0,11.5,7.2,20.0,N,-10.84,-8.84,-11.53
662893,2022-06-15,2022,CLE,2022-06-15 18:40:00,18,5,7,12,1,12,5,22,280,78.8,3,63,0.0476,0.0455,0.0,5.0,2.0,11.0,132.0,80.2,56.0,0.0,1.0,7.0,3.0,11.0,148.0,77.4,56.0,0.0909,82.9,28.3,14.7,843.6,0.0,6.3,3.9,36.0,NE,-5.12,-3.54,-6.09
662986,2022-06-16,2022,CLE,2022-06-16 13:10:00,13,2,4,6,0,16,4,19,265,80.2,0,56,0.0,0.0,0.0,7.0,2.0,11.0,129.0,83.0,50.0,0.0,0.0,9.0,2.0,8.0,136.0,77.4,51.0,0.0,87.6,30.9,17.3,849.0,0.0,10.1,6.3,30.2,NE,-8.73,-6.47,-9.94
662985,2022-06-17,2022,SD,2022-06-17 18:40:00,18,10,4,14,4,9,5,22,264,82.2,4,59,0.0678,0.1818,3.0,7.0,3.0,14.0,152.0,83.5,51.0,0.2143,1.0,2.0,2.0,8.0,112.0,80.9,50.0,0.125,87.0,30.6,24.0,843.4,0.0,13.2,8.2,236.0,SW,7.4,3.2,10.71
662999,2022-06-18,2022,SD,2022-06-18 19:10:00,19,5,4,9,4,15,5,19,252,85.1,6,54,0.1111,0.2105,3.0,5.0,2.0,9.0,116.0,84.8,39.0,0.3333,1.0,10.0,3.0,10.0,136.0,85.4,38.0,0.1,79.6,26.5,31.7,842.8,0.0,16.9,10.5,194.7,S,16.32,13.87,16.79
662998,2022-06-19,2022,SD,2022-06-19 13:10:00,13,8,3,11,4,12,10,20,314,83.1,3,56,0.0536,0.2,2.0,7.0,6.0,10.0,162.0,82.3,48.0,0.2,2.0,5.0,4.0,10.0,152.0,83.6,61.0,0.2,88.7,31.5,17.7,842.8,0.0,18.9,11.8,194.0,S,18.37,15.7,18.83
662912,2022-06-27,2022,LAD,2022-06-27 18:40:00,18,4,0,4,1,9,1,14,228,83.1,2,53,0.0377,0.0714,1.0,4.0,1.0,11.0,126.0,82.6,50.0,0.0909,0.0,5.0,0.0,3.0,102.0,83.8,36.0,0.0,81.7,27.6,20.0,851.1,0.0,12.8,8.0,336.0,NW,-11.69,-12.77,-9.2
662911,2022-06-28,2022,LAD,2022-06-28 18:40:00,18,7,4,11,5,17,9,20,270,85.9,2,53,0.0377,0.25,2.0,8.0,6.0,11.0,133.0,85.2,43.0,0.1818,3.0,9.0,3.0,9.0,137.0,86.8,36.0,0.3333,84.9,29.4,18.0,849.5,0.0,11.7,7.3,244.6,SW,5.03,1.1,8.35
662894,2022-06-29,2022,LAD,2022-06-29 18:40:00,18,4,8,12,4,14,6,21,285,83.6,4,58,0.069,0.1905,1.0,8.0,1.0,10.0,131.0,80.9,54.0,0.1,3.0,6.0,5.0,11.0,154.0,86.5,50.0,0.2727,81.7,27.6,30.3,847.2,0.0,10.9,6.8,255.3,W,2.76,-1.01,6.2
662997,2022-07-01,2022,AZ,2022-07-01 18:10:00,18,3,9,12,5,8,5,17,270,83.3,4,62,0.0645,0.2941,2.0,4.0,2.0,6.0,135.0,80.8,58.0,0.3333,3.0,4.0,3.0,11.0,135.0,86.5,47.0,0.2727,77.5,25.3,40.3,846.5,0.0,9.2,5.7,227.0,SW,6.28,3.6,8.2
662910,2022-07-02,2022,AZ,2022-07-02 19:10:00,19,11,7,18,5,9,5,21,274,83.6,3,61,0.0492,0.2381,1.0,4.0,4.0,12.0,157.0,82.0,57.0,0.0833,4.0,5.0,1.0,9.0,117.0,85.9,39.0,0.4444,75.7,24.3,46.0,846.1,0.6,6.6,4.1,217.8,SW,5.24,3.53,6.31
662913,2022-07-03,2022,AZ,2022-07-03 13:10:00,13,6,5,11,3,10,6,19,273,82.6,1,59,0.0169,0.1579,2.0,4.0,3.0,8.0,127.0,80.0,48.0,0.25,1.0,6.0,2.0,11.0,146.0,85.1,51.0,0.0909,89.8,32.1,19.0,844.5,0.0,12.3,7.6,25.3,NE,-11.09,-8.63,-12.21
662996,2022-07-11,2022,SD,2022-07-11 18:40:00,18,5,6,11,4,15,7,20,299,83.2,5,58,0.0862,0.2,1.0,9.0,2.0,10.0,145.0,83.9,50.0,0.1,3.0,6.0,5.0,10.0,154.0,82.6,54.0,0.3,79.7,26.5,36.3,850.7,0.0,3.2,2.0,19.0,N,-3.03,-2.49,-3.2
662984,2022-07-12,2022,SD,2022-07-12 18:40:00,18,5,3,8,1,10,4,17,270,80.3,3,56,0.0536,0.0588,1.0,5.0,1.0,7.0,113.0,77.2,42.0,0.1429,0.0,5.0,3.0,10.0,157.0,83.0,49.0,0.0,85.3,29.6,24.0,847.8,0.0,19.8,12.3,12.8,N,-19.31,-16.65,-19.64
662895,2022-07-13,2022,SD,2022-07-13 18:40:00,18,10,6,16,2,12,9,29,336,83.0,5,65,0.0769,0.069,1.0,7.0,1.0,18.0,159.0,81.9,55.0,0.0556,1.0,5.0,8.0,11.0,177.0,84.1,54.0,0.0909,82.9,28.3,30.3,848.6,0.0,17.5,10.9,242.4,SW,8.12,2.31,12.94
661100,2022-07-14,2022,SD,2022-07-14 13:10:00,13,8,5,13,1,17,12,17,355,82.7,1,49,0.0204,0.0588,0.0,10.0,9.0,9.0,196.0,83.8,62.0,0.0,1.0,7.0,3.0,8.0,159.0,81.4,54.0,0.125,94.5,34.7,16.3,851.1,0.0,12.0,7.5,34.7,NE,-9.9,-6.96,-11.64
661113,2022-07-15,2022,PIT,2022-07-15 18:40:00,18,13,2,15,2,9,4,23,289,86.6,4,62,0.0645,0.087,2.0,5.0,4.0,17.0,173.0,86.6,61.0,0.1176,0.0,4.0,0.0,6.0,116.0,86.6,42.0,0.0,81.4,27.4,43.3,849.4,0.1,10.4,6.5,228.3,SW,6.94,3.86,9.19
661081,2022-07-16,2022,PIT,2022-07-16 13:10:00,13,2,0,2,0,15,6,14,260,82.2,2,48,0.0417,0.0,0.0,8.0,3.0,8.0,131.0,82.2,45.0,0.0,0.0,7.0,3.0,6.0,129.0,82.2,38.0,0.0,86.6,30.3,31.0,850.8,0.6,13.6,8.5,328.2,NW,-11.59,-13.35,-8.44
661080,2022-07-17,2022,PIT,2022-07-17 13:10:00,13,3,8,11,0,17,6,25,306,83.9,2,59,0.0339,0.0,0.0,6.0,3.0,9.0,131.0,83.6,46.0,0.0,0.0,11.0,3.0,16.0,175.0,84.2,55.0,0.0,95.5,35.3,15.0,850.6,0.0,4.8,3.0,19.0,N,-4.54,-3.73,-4.8
661079,2022-07-26,2022,CWS,2022-07-26 18:40:00,18,1,2,3,1,16,8,18,289,83.4,2,51,0.0392,0.0556,1.0,6.0,5.0,9.0,151.0,80.8,52.0,0.1111,0.0,10.0,3.0,9.0,138.0,86.2,48.0,0.0,71.1,21.7,75.3,847.5,2.4,14.7,9.1,212.2,SW,12.41,8.99,14.33
661078,2022-07-27,2022,CWS,2022-07-27 13:10:00,13,6,5,11,1,16,11,22,317,83.1,3,53,0.0566,0.0455,1.0,9.0,8.0,11.0,185.0,81.6,51.0,0.0909,0.0,7.0,2.0,11.0,132.0,84.7,50.0,0.0,88.1,31.2,31.0,847.9,0.6,11.4,7.1,30.3,NE,-9.87,-7.3,-11.25
661077,2022-07-28,2022,LAD,2022-07-28 18:40:00,18,0,13,13,0,12,6,21,314,81.2,3,63,0.0476,0.0,0.0,4.0,1.0,7.0,130.0,77.2,53.0,0.0,0.0,8.0,5.0,14.0,184.0,84.8,59.0,0.0,69.7,20.9,68.3,848.0,0.0,9.6,5.9,48.3,NE,-6.37,-3.54,-8.42
661076,2022-07-29,2022,LAD,2022-07-29 18:40:00,18,4,5,9,2,14,8,17,305,81.8,4,56,0.0714,0.1176,0.0,7.0,1.0,7.0,136.0,81.2,57.0,0.0,2.0,7.0,7.0,10.0,169.0,82.3,60.0,0.2,74.8,23.8,51.3,848.5,0.6,13.6,8.4,181.6,S,13.56,12.61,12.88
662989,2022-07-30,2022,LAD,2022-07-30 18:10:00,18,5,3,8,1,13,0,17,257,81.2,5,54,0.0926,0.0588,0.0,6.0,0.0,10.0,125.0,82.5,45.0,0.0,1.0,7.0,0.0,7.0,132.0,79.9,44.0,0.1429,89.1,31.7,15.7,847.9,0.0,6.4,4.0,100.3,E,1.14,3.21,-1.07
662988,2022-07-31,2022,LAD,2022-07-31 13:10:00,13,3,7,10,2,17,4,20,309,83.5,3,55,0.0545,0.1,1.0,12.0,1.0,8.0,163.0,81.3,52.0,0.125,1.0,5.0,3.0,12.0,146.0,85.6,54.0,0.0833,91.8,33.2,18.3,851.0,0.0,9.5,5.9,27.6,NE,-8.42,-6.41,-9.42
662979,2022-08-09,2022,STL,2022-08-09 18:40:00,18,16,5,21,4,13,6,30,307,83.4,6,68,0.0882,0.1333,3.0,5.0,2.0,22.0,156.0,84.3,61.0,0.1364,1.0,8.0,4.0,8.0,151.0,82.4,53.0,0.125,88.8,31.6,18.3,849.7,0.0,11.5,7.1,43.9,NE,-8.26,-5.04,-10.48
662892,2022-08-10,2022,STL,2022-08-10 18:40:00,18,5,9,14,2,14,4,31,322,83.6,4,68,0.0588,0.0645,0.0,10.0,2.0,13.0,153.0,80.7,57.0,0.0,2.0,4.0,2.0,18.0,169.0,86.2,67.0,0.1111,89.7,32.0,20.3,851.2,0.0,17.0,10.5,159.0,S,15.84,16.96,12.81
662891,2022-08-11,2022,STL,2022-08-11 13:10:00,13,8,6,14,5,17,9,21,318,81.1,3,51,0.0588,0.2381,2.0,9.0,6.0,9.0,142.0,82.6,44.0,0.2222,3.0,8.0,3.0,12.0,176.0,80.1,60.0,0.25,93.0,33.9,20.0,851.6,0.0,8.1,5.0,337.7,N,-7.49,-8.09,-5.99
662978,2022-08-12,2022,AZ,2022-08-12 18:40:00,18,5,3,8,1,10,5,11,252,80.6,0,52,0.0,0.0909,1.0,6.0,2.0,6.0,120.0,79.9,43.0,0.1667,0.0,4.0,3.0,5.0,132.0,81.3,48.0,0.0,89.6,32.0,21.0,848.4,0.0,7.4,4.6,57.5,NE,-3.99,-1.6,-5.89
662882,2022-08-13,2022,AZ,2022-08-13 18:10:00,18,0,6,6,3,15,4,14,270,83.6,3,50,0.06,0.2143,0.0,8.0,2.0,3.0,139.0,83.5,48.0,0.0,3.0,7.0,2.0,11.0,131.0,83.7,46.0,0.2727,81.6,27.5,38.0,848.6,0.0,14.0,8.7,306.0,NW,-8.25,-11.64,-3.87
662881,2022-08-14,2022,AZ,2022-08-14 13:10:00,13,4,7,11,1,11,8,19,297,82.1,5,62,0.0806,0.0526,0.0,5.0,5.0,8.0,149.0,82.8,62.0,0.0,1.0,6.0,2.0,11.0,148.0,81.3,51.0,0.0909,90.4,32.5,24.0,848.8,0.0,10.8,6.7,10.1,N,-10.6,-9.31,-10.61
662880,2022-08-19,2022,SF,2022-08-19 18:40:00,18,7,4,11,4,11,6,15,288,81.0,5,55,0.0909,0.2667,3.0,4.0,2.0,10.0,135.0,83.9,59.0,0.3,1.0,7.0,4.0,5.0,153.0,77.8,53.0,0.2,71.5,21.9,53.0,846.3,0.1,14.8,9.2,90.5,E,0.13,5.19,-4.95
662879,2022-08-20,2022,SF,2022-08-20 18:10:00,18,4,3,7,2,12,3,17,272,84.2,3,61,0.0492,0.1176,0.0,3.0,0.0,12.0,124.0,85.1,52.0,0.0,2.0,9.0,2.0,5.0,148.0,83.3,49.0,0.4,65.5,18.6,81.0,846.9,0.9,9.6,5.9,239.0,SW,4.93,1.83,7.44
662878,2022-08-21,2022,SF,2022-08-21 13:10:00,13,8,9,17,4,17,6,21,322,83.2,5,70,0.0714,0.1905,3.0,9.0,2.0,11.0,162.0,83.2,52.0,0.2727,1.0,8.0,4.0,10.0,160.0,83.2,53.0,0.1,77.4,25.2,40.3,849.8,0.0,9.6,6.0,312.1,NW,-6.46,-8.51,-3.62
662876,2022-08-23,2022,TEX,2022-08-23 18:40:00,18,7,6,13,4,19,2,21,262,83.3,3,51,0.0588,0.1905,2.0,6.0,0.0,12.0,127.0,82.2,41.0,0.1667,2.0,13.0,2.0,9.0,135.0,84.5,40.0,0.2222,79.3,26.3,29.7,846.2,0.0,11.7,7.3,296.3,NW,-5.2,-8.48,-1.29
662877,2022-08-24,2022,TEX,2022-08-24 13:10:00,13,4,16,20,2,18,6,27,322,85.8,4,62,0.0645,0.0741,0.0,11.0,1.0,9.0,139.0,83.7,41.0,0.0,2.0,7.0,5.0,18.0,183.0,87.3,55.0,0.1111,83.9,28.8,26.3,849.9,0.0,5.0,3.1,360.0,N,-5.03,-4.73,-4.73
662860,2022-09-05,2022,MIL,2022-09-05 14:10:00,14,4,6,10,2,17,5,14,297,84.2,0,50,0.0,0.1429,1.0,6.0,4.0,5.0,155.0,82.5,55.0,0.2,1.0,11.0,1.0,9.0,142.0,86.4,42.0,0.1111,95.8,35.4,11.0,848.7,0.0,14.6,9.1,8.7,N,-14.47,-12.84,-14.35
662859,2022-09-06,2022,MIL,2022-09-06 18:40:00,18,10,7,17,6,18,7,19,293,86.2,5,57,0.0877,0.3158,4.0,8.0,2.0,10.0,136.0,85.8,47.0,0.4,2.0,10.0,4.0,9.0,157.0,86.8,39.0,0.2222,89.9,32.2,11.3,850.5,0.0,11.5,7.1,0.1,N,-11.47,-10.77,-10.78
662871,2022-09-07,2022,MIL,2022-09-07 13:10:00,13,8,4,12,4,20,3,16,267,85.0,2,47,0.0426,0.25,2.0,9.0,2.0,9.0,123.0,85.3,36.0,0.2222,2.0,11.0,1.0,7.0,144.0,84.8,43.0,0.2857,96.4,35.8,11.0,853.1,0.0,5.8,3.6,8.2,N,-5.74,-5.11,-5.68
662870,2022-09-09,2022,AZ,2022-09-09 18:40:00,18,13,10,23,8,13,12,23,304,86.4,8,58,0.1379,0.3478,5.0,8.0,8.0,14.0,164.0,88.8,44.0,0.3571,3.0,5.0,4.0,9.0,140.0,84.2,48.0,0.3333,57.0,13.9,60.7,845.7,1.7,14.9,9.3,340.7,N,-14.09,-14.93,-11.55
662869,2022-09-10,2022,AZ,2022-09-10 18:10:00,18,4,1,5,1,11,7,14,276,82.7,4,51,0.0784,0.0714,1.0,3.0,3.0,9.0,144.0,82.8,55.0,0.1111,0.0,8.0,3.0,5.0,132.0,82.4,35.0,0.0,51.2,10.7,79.3,850.9,0.0,5.4,3.3,313.1,NW,-3.67,-4.79,-2.1
662868,2022-09-11,2022,AZ,2022-09-11 13:10:00,13,6,12,18,1,25,11,21,351,80.9,2,50,0.04,0.0476,1.0,14.0,2.0,6.0,152.0,78.7,45.0,0.1667,0.0,11.0,9.0,15.0,199.0,82.5,61.0,0.0,74.2,23.4,26.0,851.6,0.0,6.7,4.2,41.3,NE,-5.06,-3.23,-6.27
662886,2022-09-19,2022,SF,2022-09-19 18:40:00,18,7,10,17,2,17,5,31,336,81.4,4,72,0.0556,0.0645,0.0,6.0,2.0,16.0,160.0,81.8,63.0,0.0,2.0,11.0,3.0,15.0,176.0,81.0,61.0,0.1333,79.0,26.1,19.7,843.5,0.0,10.6,6.6,329.7,NW,-9.12,-10.39,-6.74
662867,2022-09-20,2022,SF,2022-09-20 18:40:00,18,3,6,9,2,17,4,19,292,82.5,5,53,0.0943,0.1053,1.0,8.0,2.0,10.0,140.0,80.6,54.0,0.1,1.0,9.0,2.0,9.0,152.0,84.7,46.0,0.1111,81.6,27.5,16.7,845.7,0.0,17.1,10.6,9.9,N,-16.88,-14.85,-16.87
662899,2022-09-21,2022,SF,2022-09-21 18:40:00,18,1,6,7,1,18,2,20,269,82.2,3,55,0.0545,0.05,1.0,9.0,1.0,5.0,128.0,82.0,44.0,0.2,0.0,9.0,1.0,15.0,141.0,82.4,55.0,0.0,53.6,12.0,90.0,849.3,1.5,10.9,6.8,56.3,NE,-6.02,-2.57,-8.75
662898,2022-09-22,2022,SF,2022-09-22 13:10:00,13,0,3,3,1,15,4,20,285,80.2,2,53,0.0377,0.05,0.0,5.0,1.0,10.0,121.0,81.6,48.0,0.0,1.0,10.0,3.0,10.0,164.0,79.0,56.0,0.1,58.5,14.7,73.0,844.7,0.6,5.4,3.4,163.0,S,5.2,5.43,4.34
662897,2022-09-23,2022,SD,2022-09-23 18:10:00,18,4,3,7,2,15,10,14,320,81.1,1,56,0.0179,0.1429,1.0,8.0,7.0,8.0,160.0,78.9,54.0,0.125,1.0,7.0,2.0,6.0,160.0,83.4,52.0,0.1667,68.9,20.5,28.7,843.5,0.0,9.4,5.9,319.0,NW,-7.12,-8.81,-4.57
662866,2022-09-24,2022,SD,2022-09-24 18:10:00,18,3,9,12,2,18,8,17,298,82.9,2,52,0.0385,0.1176,2.0,11.0,2.0,7.0,131.0,84.3,43.0,0.2857,0.0,7.0,6.0,10.0,167.0,81.8,54.0,0.0,69.1,20.6,29.3,847.2,0.0,9.4,5.9,340.4,N,-8.89,-9.43,-7.27
662865,2022-09-25,2022,SD,2022-09-25 13:10:00,13,6,13,19,4,18,8,29,347,81.9,7,64,0.1094,0.1379,1.0,11.0,3.0,12.0,160.0,79.8,53.0,0.0833,3.0,7.0,5.0,17.0,187.0,83.6,67.0,0.1765,74.0,23.3,24.7,853.3,0.0,12.4,7.7,13.3,N,-12.07,-10.36,-12.32
718682,2023-04-06,2023,WSH,2023-04-06 14:10:00,14,1,0,1,0,17,3,15,241,76.8,0,48,0.0,0.0,0.0,9.0,1.0,9.0,127.0,74.1,36.0,0.0,0.0,8.0,2.0,6.0,114.0,78.8,47.0,0.0,49.3,9.6,13.0,846.3,0.0,12.8,8.0,85.0,E,-1.12,3.32,-5.42
718673,2023-04-07,2023,WSH,2023-04-07 18:40:00,18,5,10,15,3,12,6,28,304,85.5,3,66,0.0455,0.1071,1.0,8.0,2.0,10.0,140.0,85.4,48.0,0.1,2.0,4.0,4.0,18.0,164.0,85.6,58.0,0.1111,59.5,15.3,18.3,841.1,0.0,6.6,4.1,50.0,NE,-4.24,-2.26,-5.71
718658,2023-04-08,2023,WSH,2023-04-08 18:10:00,18,6,7,13,2,16,4,22,306,78.8,4,59,0.0678,0.0909,1.0,6.0,2.0,11.0,165.0,79.0,66.0,0.0909,1.0,10.0,2.0,11.0,141.0,78.7,53.0,0.0909,56.6,13.7,38.7,841.9,0.3,10.7,6.6,256.7,W,2.46,-1.24,5.86
718645,2023-04-09,2023,WSH,2023-04-09 13:10:00,13,7,6,13,2,10,11,18,299,82.3,2,58,0.0345,0.1111,2.0,4.0,4.0,10.0,144.0,84.7,40.0,0.2,0.0,6.0,6.0,8.0,155.0,80.4,49.0,0.0,65.5,18.6,19.0,849.3,0.0,7.9,4.9,32.7,NE,-6.65,-4.79,-7.71
718629,2023-04-10,2023,STL,2023-04-10 18:40:00,18,7,4,11,0,13,4,19,250,83.6,0,55,0.0,0.0,0.0,7.0,2.0,13.0,133.0,82.1,48.0,0.0,0.0,6.0,2.0,6.0,117.0,85.2,44.0,0.0,67.8,19.9,17.3,848.0,0.0,8.9,5.6,56.6,NE,-4.92,-2.07,-7.17
718613,2023-04-11,2023,STL,2023-04-11 18:40:00,18,6,9,15,6,18,8,23,294,85.2,8,57,0.1404,0.2609,3.0,10.0,2.0,12.0,142.0,83.9,47.0,0.25,3.0,8.0,6.0,11.0,152.0,86.6,43.0,0.2727,73.2,22.9,15.7,840.9,0.0,11.5,7.2,341.3,N,-10.93,-11.53,-9.0
718607,2023-04-12,2023,STL,2023-04-12 13:10:00,13,4,7,11,4,24,6,18,291,82.7,2,46,0.0435,0.2222,1.0,11.0,3.0,7.0,146.0,78.8,46.0,0.1429,3.0,13.0,2.0,11.0,145.0,86.7,44.0,0.2727,81.9,27.7,9.7,838.1,0.0,21.3,13.2,212.7,SW,17.93,12.92,20.78
718535,2023-04-17,2023,PIT,2023-04-17 18:40:00,18,3,14,17,3,13,6,26,327,81.7,4,66,0.0606,0.1154,1.0,9.0,4.0,10.0,154.0,81.9,51.0,0.1,2.0,4.0,2.0,16.0,173.0,81.6,77.0,0.125,65.5,18.6,17.0,834.2,0.0,5.0,3.1,71.8,E,-1.55,0.16,-3.07
718521,2023-04-18,2023,PIT,2023-04-18 18:40:00,18,3,5,8,3,17,9,19,293,83.2,5,53,0.0943,0.1579,1.0,10.0,3.0,10.0,143.0,81.5,46.0,0.1,2.0,7.0,6.0,9.0,150.0,84.6,51.0,0.2222,66.0,18.9,7.7,827.6,0.0,18.1,11.3,237.6,SW,9.71,3.88,14.36
718509,2023-04-19,2023,PIT,2023-04-19 13:10:00,13,3,14,17,2,14,12,23,325,85.1,6,64,0.0938,0.087,0.0,8.0,7.0,5.0,149.0,84.3,40.0,0.0,2.0,6.0,5.0,18.0,176.0,85.5,62.0,0.1111,63.9,17.7,16.7,830.6,0.0,24.4,15.1,261.3,W,3.67,-4.79,11.69
718390,2023-04-28,2023,AZ,2023-04-28 18:40:00,18,1,9,10,1,12,5,17,298,79.5,2,58,0.0345,0.0588,0.0,8.0,1.0,7.0,138.0,78.0,56.0,0.0,1.0,4.0,4.0,10.0,160.0,81.0,55.0,0.1,53.0,11.7,33.3,844.6,0.0,8.3,5.1,8.7,N,-8.17,-7.25,-8.11
718366,2023-04-29,2023,AZ,2023-04-29 18:10:00,18,4,11,15,2,17,4,24,308,83.0,5,59,0.0847,0.0833,0.0,7.0,2.0,8.0,128.0,82.2,51.0,0.0,2.0,10.0,2.0,16.0,180.0,83.8,57.0,0.125,65.3,18.5,33.7,843.0,0.0,9.1,5.6,61.1,NE,-4.38,-1.4,-6.83
718358,2023-04-30,2023,AZ,2023-04-30 13:10:00,13,12,4,16,2,11,7,23,295,82.5,3,61,0.0492,0.087,1.0,4.0,3.0,16.0,141.0,83.9,58.0,0.0625,1.0,7.0,4.0,7.0,154.0,80.9,52.0,0.1429,64.7,18.2,31.0,843.6,0.0,9.7,6.0,30.0,NE,-8.4,-6.24,-9.55
718334,2023-05-02,2023,MIL,2023-05-02 18:40:00,18,3,2,5,2,17,4,17,233,83.3,5,46,0.1087,0.1176,2.0,12.0,3.0,9.0,118.0,82.4,35.0,0.2222,0.0,5.0,1.0,8.0,115.0,84.1,41.0,0.0,60.6,15.9,56.0,841.0,0.0,15.5,9.6,255.8,W,3.78,-1.58,8.68
718315,2023-05-03,2023,MIL,2023-05-03 18:40:00,18,7,1,8,2,14,9,15,289,81.9,5,49,0.102,0.1333,2.0,8.0,5.0,10.0,145.0,84.5,41.0,0.2,0.0,6.0,4.0,5.0,144.0,79.9,52.0,0.0,70.2,21.2,24.3,838.1,0.1,12.4,7.7,173.8,S,12.36,12.07,11.16
718313,2023-05-04,2023,MIL,2023-05-04 13:10:00,13,9,6,15,3,11,4,24,307,80.5,2,61,0.0328,0.125,0.0,4.0,3.0,11.0,151.0,77.4,60.0,0.0,3.0,7.0,1.0,13.0,156.0,84.0,56.0,0.2308,71.7,22.0,24.3,837.8,0.0,15.5,9.6,157.7,S,14.31,15.45,11.44
718202,2023-05-12,2023,PHI,2023-05-12 18:40:00,18,3,6,9,2,19,1,17,232,84.5,4,49,0.0816,0.1176,0.0,8.0,0.0,10.0,116.0,83.1,46.0,0.0,2.0,11.0,1.0,7.0,116.0,86.2,35.0,0.2857,57.5,14.2,56.3,845.7,0.0,13.7,8.5,17.7,N,-13.09,-10.87,-13.72
718188,2023-05-13,2023,PHI,2023-05-13 18:10:00,18,4,7,11,1,17,8,19,310,82.2,2,55,0.0364,0.0526,0.0,10.0,2.0,8.0,146.0,83.0,53.0,0.0,1.0,7.0,6.0,11.0,164.0,81.3,52.0,0.0909,54.0,12.2,82.0,849.4,0.2,10.4,6.4,330.5,NW,-9.02,-10.23,-6.74
718174,2023-05-14,2023,PHI,2023-05-14 13:10:00,13,4,0,4,1,16,4,13,254,81.6,3,48,0.0625,0.0769,1.0,5.0,1.0,6.0,115.0,83.1,41.0,0.1667,0.0,11.0,3.0,7.0,139.0,80.4,49.0,0.0,58.0,14.5,67.3,853.6,0.0,9.4,5.8,10.4,N,-9.21,-8.08,-9.23
718161,2023-05-15,2023,CIN,2023-05-15 18:40:00,18,9,8,17,3,20,8,24,316,81.8,4,54,0.0741,0.125,3.0,11.0,3.0,12.0,156.0,80.7,52.0,0.25,0.0,9.0,5.0,12.0,160.0,83.1,47.0,0.0,56.4,13.6,70.0,850.7,0.0,6.2,3.9,270.9,W,-0.09,-2.22,2.04
718145,2023-05-16,2023,CIN,2023-05-16 18:40:00,18,1,3,4,2,18,6,10,230,82.0,4,44,0.0909,0.2,1.0,11.0,2.0,4.0,108.0,82.2,36.0,0.25,1.0,7.0,4.0,6.0,122.0,81.8,39.0,0.1667,65.0,18.3,58.3,844.7,0.3,7.3,4.5,307.5,NW,-4.42,-6.13,-2.18
718138,2023-05-17,2023,CIN,2023-05-17 13:10:00,13,11,6,17,1,8,10,25,289,85.0,2,64,0.0312,0.04,0.0,4.0,3.0,13.0,132.0,83.9,47.0,0.0,1.0,4.0,7.0,12.0,157.0,85.9,56.0,0.0833,75.4,24.1,25.7,843.7,0.0,10.4,6.5,30.7,NE,-8.97,-6.61,-10.25
718069,2023-05-22,2023,MIA,2023-05-22 18:40:00,18,5,3,8,1,13,5,18,237,82.3,3,54,0.0556,0.0556,1.0,9.0,2.0,7.0,123.0,83.4,39.0,0.1429,0.0,4.0,3.0,11.0,114.0,81.3,42.0,0.0,69.5,20.8,41.3,841.8,0.0,8.0,5.0,67.0,NE,-3.12,-0.41,-5.45
718051,2023-05-23,2023,MIA,2023-05-23 18:40:00,18,5,4,9,2,12,6,18,286,81.5,3,57,0.0526,0.1111,0.0,6.0,3.0,7.0,147.0,79.8,45.0,0.0,2.0,6.0,2.0,11.0,139.0,83.0,52.0,0.1818,70.3,21.3,36.7,842.3,0.0,9.6,6.0,353.9,N,-9.55,-9.32,-8.62
718036,2023-05-24,2023,MIA,2023-05-24 18:40:00,18,2,10,12,3,14,6,18,272,82.3,3,54,0.0556,0.1667,1.0,8.0,3.0,4.0,123.0,81.5,46.0,0.25,2.0,6.0,3.0,14.0,149.0,83.0,51.0,0.1429,64.2,17.9,57.0,842.1,0.0,5.6,3.5,40.5,NE,-4.26,-2.75,-5.24
718033,2023-05-25,2023,MIA,2023-05-25 13:10:00,13,7,6,13,3,17,14,25,338,82.4,4,54,0.0741,0.12,1.0,7.0,9.0,13.0,167.0,83.2,47.0,0.0769,2.0,10.0,5.0,12.0,171.0,81.8,54.0,0.1667,72.7,22.6,43.7,842.3,0.0,14.5,9.0,15.9,N,-13.94,-11.74,-14.46
718016,2023-05-26,2023,NYM,2023-05-26 18:40:00,18,2,5,7,3,14,5,15,284,84.5,4,56,0.0714,0.2,2.0,10.0,2.0,8.0,134.0,82.7,47.0,0.25,1.0,4.0,3.0,7.0,150.0,86.1,55.0,0.1429,62.9,17.2,61.3,842.0,1.0,14.3,8.9,357.3,N,-14.28,-13.65,-13.19
718011,2023-05-27,2023,NYM,2023-05-27 19:10:00,19,10,7,17,3,12,4,26,312,83.5,3,63,0.0476,0.1154,1.0,4.0,2.0,14.0,155.0,84.5,65.0,0.0714,2.0,8.0,2.0,12.0,157.0,82.3,58.0,0.1667,62.0,16.7,63.3,840.3,0.5,11.4,7.1,59.2,NE,-5.84,-2.14,-8.84
717982,2023-05-28,2023,NYM,2023-05-28 13:10:00,13,11,10,21,4,14,10,29,311,88.3,7,63,0.1111,0.1379,2.0,9.0,3.0,15.0,161.0,86.9,46.0,0.1333,2.0,5.0,7.0,14.0,150.0,89.5,50.0,0.1429,76.5,24.7,19.7,843.0,0.0,8.1,5.0,67.8,E,-3.06,-0.31,-5.44
717869,2023-06-06,2023,SF,2023-06-06 18:40:00,18,4,10,14,0,24,14,23,396,82.1,9,52,0.1731,0.0,0.0,8.0,3.0,9.0,156.0,83.5,50.0,0.0,0.0,16.0,11.0,14.0,240.0,81.2,70.0,0.0,64.7,18.2,69.0,842.9,0.0,10.0,6.2,241.8,SW,4.75,1.44,7.48
717852,2023-06-07,2023,SF,2023-06-07 18:40:00,18,4,5,9,1,14,6,17,307,83.0,3,56,0.0536,0.0588,1.0,7.0,2.0,9.0,162.0,85.2,59.0,0.1111,0.0,7.0,3.0,8.0,145.0,80.5,51.0,0.0,67.0,19.5,60.3,841.7,0.1,5.1,3.2,225.4,SW,3.6,2.13,4.64
717846,2023-06-08,2023,SF,2023-06-08 13:10:00,13,4,6,10,2,20,8,18,296,80.1,3,51,0.0588,0.1111,0.0,10.0,2.0,9.0,133.0,79.3,45.0,0.0,2.0,10.0,5.0,9.0,163.0,80.9,50.0,0.2222,73.5,23.0,41.0,844.4,0.2,5.4,3.3,3.2,N,-5.36,-4.93,-5.14
717830,2023-06-09,2023,SD,2023-06-09 18:40:00,18,6,9,15,6,16,7,25,311,82.5,6,60,0.1,0.24,1.0,10.0,5.0,10.0,152.0,81.0,51.0,0.1,5.0,6.0,2.0,15.0,159.0,83.7,64.0,0.3333,68.8,20.4,42.0,842.9,0.0,10.3,6.4,2.7,N,-10.29,-9.5,-9.83
717819,2023-06-10,2023,SD,2023-06-10 13:10:00,13,2,3,5,1,17,6,14,301,79.2,2,49,0.0408,0.0714,1.0,7.0,1.0,5.0,136.0,77.5,49.0,0.2,0.0,10.0,5.0,9.0,165.0,80.8,51.0,0.0,69.9,21.1,38.3,843.2,0.0,6.1,3.8,279.0,W,-0.95,-2.94,1.16
717798,2023-06-11,2023,SD,2023-06-11 13:10:00,13,5,4,9,5,19,5,15,261,84.5,6,46,0.1304,0.3333,4.0,13.0,0.0,8.0,115.0,85.5,29.0,0.5,1.0,6.0,5.0,7.0,146.0,83.9,46.0,0.1429,66.1,19.0,60.3,844.5,1.7,9.7,6.0,88.3,E,-0.28,3.04,-3.57
717644,2023-06-23,2023,LAA,2023-06-23 18:40:00,18,7,4,11,4,17,6,26,301,83.2,8,60,0.1333,0.1538,2.0,7.0,2.0,15.0,155.0,81.5,57.0,0.1333,2.0,10.0,4.0,11.0,146.0,85.2,51.0,0.1818,73.0,22.8,59.7,838.3,0.0,16.3,10.1,321.6,NW,-12.8,-15.5,-8.56
717640,2023-06-24,2023,LAA,2023-06-24 19:10:00,19,1,25,26,6,15,6,35,336,85.8,5,70,0.0714,0.1714,1.0,12.0,0.0,7.0,139.0,84.0,40.0,0.1429,5.0,3.0,6.0,28.0,197.0,86.8,77.0,0.1786,71.6,22.0,34.7,844.5,0.0,15.0,9.3,81.7,E,-2.16,3.06,-7.12
717616,2023-06-25,2023,LAA,2023-06-25 13:10:00,13,4,3,7,1,19,6,13,247,82.3,4,41,0.0976,0.0769,1.0,13.0,3.0,5.0,116.0,78.1,29.0,0.2,0.0,6.0,2.0,8.0,131.0,85.4,40.0,0.0,78.0,25.5,35.0,847.9,0.0,13.8,8.6,341.0,N,-13.05,-13.8,-10.72
717594,2023-06-27,2023,LAD,2023-06-27 18:40:00,18,0,5,5,2,8,5,11,273,81.4,1,54,0.0185,0.1818,0.0,4.0,4.0,3.0,136.0,79.2,51.0,0.0,2.0,4.0,1.0,8.0,137.0,83.7,49.0,0.25,82.6,28.1,31.7,838.7,0.0,7.4,4.6,120.3,SE,3.71,5.66,1.31
717578,2023-06-28,2023,LAD,2023-06-28 18:40:00,18,9,8,17,1,20,13,21,325,82.0,0,48,0.0,0.0476,0.0,7.0,5.0,12.0,151.0,81.1,54.0,0.0,1.0,13.0,8.0,9.0,174.0,83.1,45.0,0.1111,73.9,23.3,55.0,841.9,1.4,10.7,6.6,348.1,N,-10.47,-10.59,-9.08
717572,2023-06-29,2023,LAD,2023-06-29 18:40:00,18,3,14,17,1,20,3,27,320,83.1,5,58,0.0862,0.037,0.0,9.0,0.0,9.0,123.0,82.3,51.0,0.0,1.0,11.0,3.0,18.0,197.0,83.7,72.0,0.0556,69.0,20.6,67.3,843.9,1.7,8.3,5.1,8.3,N,-8.18,-7.28,-8.09
717552,2023-06-30,2023,DET,2023-06-30 18:10:00,18,8,5,13,2,18,3,20,280,82.3,2,52,0.0385,0.1,1.0,8.0,2.0,11.0,157.0,81.2,61.0,0.0909,1.0,10.0,1.0,9.0,123.0,83.9,43.0,0.1111,67.7,19.8,54.0,846.6,0.0,6.1,3.8,117.9,SE,2.84,4.5,0.84
717544,2023-07-01,2023,DET,2023-07-01 19:10:00,19,2,4,6,1,13,5,15,278,84.9,1,61,0.0164,0.0667,0.0,9.0,3.0,6.0,140.0,83.7,52.0,0.0,1.0,4.0,2.0,9.0,138.0,85.9,57.0,0.1111,72.4,22.5,44.7,846.9,0.0,9.9,6.2,293.0,NW,-3.87,-6.76,-0.52
717523,2023-07-02,2023,DET,2023-07-02 13:10:00,13,9,14,23,7,14,5,26,306,81.8,6,65,0.0923,0.2692,2.0,9.0,1.0,14.0,171.0,80.7,69.0,0.1429,5.0,5.0,4.0,12.0,135.0,83.3,48.0,0.4167,82.6,28.1,24.7,847.6,0.0,14.0,8.7,37.6,NE,-11.12,-7.52,-13.38
717410,2023-07-14,2023,NYY,2023-07-14 18:40:00,18,7,2,9,4,17,4,15,268,84.9,4,48,0.0833,0.2667,3.0,10.0,3.0,7.0,140.0,84.2,45.0,0.4286,1.0,7.0,1.0,8.0,128.0,85.5,49.0,0.125,78.6,25.9,40.3,848.0,0.0,7.7,4.8,52.7,NE,-4.67,-2.29,-6.48
717394,2023-07-15,2023,NYY,2023-07-15 18:10:00,18,3,6,9,2,16,5,14,281,82.5,6,51,0.1176,0.1429,1.0,9.0,2.0,6.0,135.0,82.1,34.0,0.1667,1.0,7.0,3.0,8.0,146.0,82.7,51.0,0.125,77.4,25.2,39.3,849.1,0.0,6.8,4.2,287.4,W,-2.03,-4.11,0.3
717378,2023-07-16,2023,NYY,2023-07-16 13:10:00,13,8,7,15,4,21,11,17,404,81.7,4,59,0.0678,0.2353,4.0,15.0,3.0,8.0,195.0,80.8,55.0,0.5,0.0,6.0,6.0,9.0,209.0,82.5,68.0,0.0,88.6,31.5,16.0,850.4,0.0,9.1,5.6,50.0,NE,-5.82,-3.1,-7.85
717355,2023-07-18,2023,HOU,2023-07-18 18:40:00,18,4,3,7,2,18,3,15,283,82.0,3,47,0.0638,0.1333,2.0,11.0,1.0,7.0,149.0,81.0,46.0,0.2857,0.0,7.0,2.0,8.0,134.0,82.8,55.0,0.0,82.0,27.8,37.0,848.1,0.0,7.2,4.5,215.5,SW,5.83,4.06,6.91
717345,2023-07-19,2023,HOU,2023-07-19 13:10:00,13,1,4,5,2,16,5,10,292,80.9,2,47,0.0426,0.2,1.0,8.0,4.0,2.0,154.0,82.0,50.0,0.5,1.0,8.0,1.0,8.0,138.0,79.8,50.0,0.125,86.2,30.1,27.7,851.8,0.1,16.8,10.4,17.0,N,-16.07,-13.42,-16.78
717227,2023-07-28,2023,ATH,2023-07-28 18:40:00,18,5,8,13,3,14,5,25,328,83.2,4,68,0.0588,0.12,1.0,6.0,4.0,11.0,180.0,81.6,57.0,0.0909,2.0,8.0,1.0,14.0,148.0,84.5,65.0,0.1429,81.0,27.2,37.0,851.1,0.7,10.2,6.3,313.0,NW,-6.94,-9.06,-3.97
717212,2023-07-29,2023,ATH,2023-07-29 18:10:00,18,3,11,14,3,19,8,25,316,79.2,3,58,0.0517,0.12,1.0,9.0,0.0,12.0,150.0,74.7,54.0,0.0833,2.0,10.0,8.0,13.0,166.0,84.3,48.0,0.1538,79.5,26.4,55.0,851.8,0.0,7.2,4.5,168.9,S,7.07,7.11,6.17
717199,2023-07-30,2023,ATH,2023-07-30 13:10:00,13,2,0,2,0,17,5,11,250,82.2,2,43,0.0465,0.0,0.0,9.0,2.0,6.0,135.0,83.1,38.0,0.0,0.0,8.0,3.0,5.0,115.0,81.4,43.0,0.0,92.3,33.5,20.7,851.3,0.0,12.9,8.0,17.5,N,-12.33,-10.26,-12.92
717179,2023-07-31,2023,SD,2023-07-31 18:40:00,18,4,3,7,2,20,9,17,281,81.7,3,53,0.0566,0.1176,1.0,13.0,5.0,5.0,143.0,79.0,41.0,0.2,1.0,7.0,4.0,12.0,138.0,84.0,50.0,0.0833,69.1,20.6,85.7,849.6,6.9,9.8,6.1,212.5,SW,8.26,5.96,9.57
717169,2023-08-01,2023,SD,2023-08-01 18:40:00,18,5,8,13,3,16,7,21,329,83.6,5,59,0.0847,0.1429,1.0,10.0,4.0,12.0,183.0,85.0,51.0,0.0833,2.0,6.0,3.0,9.0,146.0,82.3,52.0,0.2222,71.7,22.1,74.7,848.6,2.8,13.4,8.3,305.0,NW,-7.66,-10.95,-3.45
717158,2023-08-02,2023,SD,2023-08-02 13:10:00,13,1,11,12,5,23,8,19,325,83.0,6,49,0.1224,0.2632,0.0,15.0,4.0,5.0,150.0,80.5,38.0,0.0,5.0,8.0,4.0,14.0,175.0,84.5,64.0,0.3571,83.7,28.7,34.0,849.7,0.0,4.5,2.8,75.4,E,-1.13,0.42,-2.56
716998,2023-08-14,2023,AZ,2023-08-14 18:40:00,18,6,4,10,3,24,2,16,253,84.6,3,42,0.0714,0.1875,2.0,13.0,1.0,11.0,134.0,84.4,48.0,0.1818,1.0,11.0,1.0,5.0,119.0,84.8,40.0,0.2,75.7,24.3,27.0,853.1,0.0,7.3,4.5,15.7,N,-7.03,-5.93,-7.28
716978,2023-08-15,2023,AZ,2023-08-15 18:40:00,18,5,8,13,2,9,5,24,286,80.8,5,66,0.0758,0.0833,1.0,7.0,2.0,10.0,140.0,79.0,49.0,0.1,1.0,2.0,3.0,14.0,146.0,82.5,52.0,0.0714,85.9,30.0,21.7,849.7,0.0,5.3,3.3,23.2,NE,-4.9,-3.89,-5.32
716977,2023-08-16,2023,AZ,2023-08-16 13:10:00,13,7,9,16,4,14,11,25,350,82.5,6,59,0.1017,0.16,2.0,11.0,5.0,13.0,192.0,81.2,64.0,0.1538,2.0,3.0,6.0,12.0,158.0,84.2,52.0,0.1667,93.5,34.2,16.3,849.6,0.0,17.2,10.7,330.0,NW,-14.89,-16.94,-11.05
716947,2023-08-18,2023,CWS,2023-08-18 18:40:00,18,14,1,15,4,9,9,17,264,86.7,7,57,0.1228,0.2353,3.0,4.0,8.0,13.0,162.0,85.4,54.0,0.2308,1.0,5.0,1.0,4.0,102.0,89.0,31.0,0.25,82.8,28.2,38.0,845.1,0.1,6.7,4.1,249.3,W,2.35,0.08,4.34
716933,2023-08-19,2023,CWS,2023-08-19 18:10:00,18,11,5,16,2,16,8,24,336,83.2,2,58,0.0345,0.0833,1.0,7.0,7.0,13.0,186.0,86.4,57.0,0.0769,1.0,9.0,1.0,11.0,150.0,80.4,66.0,0.0909,79.1,26.2,49.3,848.3,0.0,15.1,9.4,8.7,N,-14.9,-13.22,-14.77
716916,2023-08-20,2023,CWS,2023-08-20 13:10:00,13,5,10,15,3,17,5,22,307,84.4,4,57,0.0702,0.1364,1.0,11.0,3.0,8.0,165.0,83.3,41.0,0.125,2.0,6.0,1.0,14.0,142.0,85.4,49.0,0.1429,91.9,33.3,21.7,851.0,0.0,6.3,3.9,117.1,SE,2.89,4.64,0.79
716812,2023-08-28,2023,ATL,2023-08-28 18:40:00,18,4,14,18,3,16,6,27,286,85.8,7,63,0.1111,0.1111,1.0,11.0,1.0,9.0,134.0,84.5,52.0,0.1111,2.0,5.0,5.0,18.0,152.0,87.0,55.0,0.1111,69.7,21.0,60.0,851.3,0.0,15.9,9.9,320.8,NW,-12.3,-14.99,-8.13
716791,2023-08-29,2023,ATL,2023-08-29 18:40:00,18,1,3,4,1,16,3,18,278,84.1,5,54,0.0926,0.0556,0.0,12.0,2.0,3.0,135.0,83.0,38.0,0.0,1.0,4.0,1.0,15.0,143.0,84.7,57.0,0.0667,76.6,24.8,36.3,849.6,0.0,4.9,3.0,194.5,S,4.74,4.04,4.88
716773,2023-08-30,2023,ATL,2023-08-30 18:40:00,18,3,7,10,4,14,5,17,276,83.7,6,57,0.1053,0.2353,1.0,9.0,4.0,5.0,134.0,81.3,45.0,0.2,3.0,5.0,1.0,12.0,142.0,85.7,57.0,0.25,79.1,26.2,43.0,842.8,0.0,9.0,5.6,188.3,S,8.87,7.9,8.78
716759,2023-09-01,2023,TOR,2023-09-01 18:40:00,18,9,13,22,5,11,7,28,332,84.1,6,71,0.0845,0.1786,2.0,7.0,2.0,11.0,156.0,83.6,59.0,0.1818,3.0,4.0,5.0,17.0,176.0,84.7,56.0,0.1765,89.9,32.2,13.7,844.7,0.0,23.7,14.7,159.7,S,22.25,23.73,18.09
716748,2023-09-02,2023,TOR,2023-09-02 18:10:00,18,8,7,15,1,17,14,22,322,85.5,5,52,0.0962,0.0455,0.0,10.0,6.0,11.0,155.0,87.1,48.0,0.0,1.0,7.0,8.0,11.0,167.0,83.8,43.0,0.0909,81.6,27.6,31.0,847.0,0.0,12.3,7.7,280.5,W,-2.25,-6.27,2.03
716730,2023-09-03,2023,TOR,2023-09-03 13:10:00,13,5,7,12,2,18,12,21,327,81.5,5,53,0.0943,0.0952,0.0,11.0,5.0,9.0,145.0,81.7,46.0,0.0,2.0,7.0,7.0,12.0,182.0,81.3,59.0,0.1667,83.0,28.3,37.7,845.9,3.2,16.2,10.0,97.3,E,2.05,7.41,-3.56
716625,2023-09-11,2023,CHC,2023-09-11 18:40:00,18,4,5,9,1,11,3,19,289,82.8,2,57,0.0351,0.0526,0.0,9.0,2.0,7.0,165.0,79.4,55.0,0.0,1.0,2.0,1.0,12.0,124.0,86.3,52.0,0.0833,62.2,16.8,67.7,848.6,0.0,6.1,3.8,149.6,SE,5.29,6.03,3.91
716609,2023-09-12,2023,CHC,2023-09-12 18:40:00,18,6,4,10,2,16,10,19,306,80.9,5,50,0.1,0.1053,1.0,8.0,6.0,9.0,154.0,80.1,47.0,0.1111,1.0,8.0,4.0,10.0,152.0,81.5,58.0,0.1,66.1,18.9,41.7,843.8,0.1,9.1,5.6,296.8,NW,-4.08,-6.61,-1.07
716599,2023-09-13,2023,CHC,2023-09-13 13:10:00,13,7,3,10,4,16,7,22,297,81.9,4,56,0.0714,0.1818,4.0,9.0,3.0,11.0,142.0,81.2,51.0,0.3636,0.0,7.0,4.0,11.0,155.0,82.5,58.0,0.0,76.6,24.8,27.3,844.6,0.0,5.9,3.7,69.9,E,-2.03,-0.01,-3.8
716571,2023-09-15,2023,SF,2023-09-15 18:40:00,18,3,2,5,0,17,8,8,265,82.6,0,42,0.0,0.0,0.0,6.0,1.0,6.0,119.0,81.6,42.0,0.0,0.0,11.0,7.0,2.0,146.0,83.9,33.0,0.0,59.5,15.3,62.0,848.7,0.0,5.9,3.7,188.6,S,5.87,5.21,5.82
716550,2023-09-16,2023,SF,2023-09-16 18:10:00,18,5,2,7,0,13,4,20,261,84.5,1,56,0.0179,0.0,0.0,8.0,2.0,10.0,133.0,81.9,49.0,0.0,0.0,5.0,2.0,10.0,128.0,87.1,49.0,0.0,63.6,17.5,40.3,847.7,0.0,6.3,3.9,257.2,W,1.39,-0.78,3.4
716581,2023-09-16,2023,SF,2023-09-14 18:40:00,18,9,5,14,1,17,14,16,346,81.2,6,47,0.1277,0.0625,0.0,10.0,7.0,9.0,177.0,81.3,50.0,0.0,1.0,7.0,7.0,7.0,169.0,81.0,56.0,0.1429,56.6,13.7,84.0,847.4,5.3,18.2,11.3,342.0,N,-17.31,-18.19,-14.34
716540,2023-09-17,2023,SF,2023-09-17 13:10:00,13,10,11,21,3,15,2,29,332,81.4,8,69,0.1159,0.1034,2.0,7.0,1.0,15.0,166.0,79.8,70.0,0.1333,1.0,8.0,1.0,14.0,166.0,83.7,51.0,0.0714,78.9,26.0,22.3,848.8,0.0,5.4,3.4,92.5,E,0.23,2.06,-1.63
716424,2023-09-26,2023,LAD,2023-09-26 18:40:00,18,2,11,13,2,20,6,25,322,81.1,1,57,0.0175,0.08,1.0,11.0,0.0,7.0,113.0,84.6,43.0,0.1429,1.0,9.0,6.0,18.0,209.0,79.1,77.0,0.0556,72.6,22.5,20.7,846.1,0.0,9.1,5.6,19.2,N,-8.56,-7.03,-9.07
716438,2023-09-26,2023,LAD,2023-09-26 13:10:00,13,4,1,5,1,19,4,18,299,83.1,4,48,0.0833,0.0556,1.0,11.0,2.0,9.0,132.0,81.6,40.0,0.1111,0.0,8.0,2.0,9.0,167.0,84.3,52.0,0.0,79.8,26.5,16.7,849.4,0.0,7.0,4.4,58.0,NE,-3.73,-1.46,-5.54
716406,2023-09-27,2023,LAD,2023-09-27 18:40:00,18,2,8,10,4,21,5,19,311,82.3,5,49,0.102,0.2105,2.0,13.0,0.0,7.0,129.0,84.6,38.0,0.2857,2.0,8.0,5.0,12.0,182.0,80.9,67.0,0.1667,74.8,23.8,23.7,841.7,0.0,10.5,6.5,212.9,SW,8.82,6.34,10.24
716405,2023-09-28,2023,LAD,2023-09-28 18:40:00,18,14,5,19,5,10,4,30,292,83.9,6,70,0.0857,0.1667,3.0,5.0,2.0,18.0,153.0,84.1,67.0,0.1667,2.0,5.0,2.0,12.0,139.0,83.6,46.0,0.1667,77.1,25.0,17.7,838.7,0.0,16.2,10.1,29.9,NE,-14.07,-10.45,-15.99
716387,2023-09-29,2023,MIN,2023-09-29 18:10:00,18,6,7,13,6,19,6,27,314,80.6,7,58,0.1207,0.2222,3.0,11.0,2.0,13.0,156.0,80.6,64.0,0.2308,3.0,8.0,4.0,14.0,158.0,80.7,60.0,0.2143,74.2,23.5,20.3,840.9,0.0,13.4,8.3,59.0,NE,-6.9,-2.56,-10.41
716368,2023-09-30,2023,MIN,2023-09-30 18:10:00,18,6,14,20,7,21,10,23,345,82.4,6,55,0.1091,0.3043,3.0,11.0,5.0,11.0,171.0,79.9,55.0,0.2727,4.0,10.0,5.0,12.0,174.0,84.6,63.0,0.3333,73.0,22.8,28.0,840.1,0.0,9.8,6.1,213.3,SW,8.19,5.85,9.54
716359,2023-10-01,2023,MIN,2023-10-01 13:10:00,13,3,2,5,2,32,8,13,354,78.1,3,43,0.0698,0.1538,2.0,17.0,2.0,4.0,159.0,78.8,44.0,0.5,0.0,15.0,6.0,9.0,195.0,77.5,60.0,0.0,84.0,28.9,14.3,842.1,0.0,27.7,17.2,186.3,S,27.53,24.83,26.92
746576,2024-04-05,2024,TB,2024-04-05 14:10:00,14,10,7,17,3,22,9,25,346,83.2,3,55,0.0545,0.12,3.0,9.0,4.0,12.0,156.0,85.9,45.0,0.25,0.0,13.0,5.0,13.0,190.0,81.3,62.0,0.0,72.1,22.3,12.7,832.6,0.0,30.9,19.2,197.0,S,29.55,24.68,30.86
746575,2024-04-06,2024,TB,2024-04-06 18:10:00,18,6,8,14,4,20,8,20,336,80.7,3,53,0.0566,0.2,3.0,8.0,3.0,11.0,171.0,78.7,61.0,0.2727,1.0,12.0,5.0,9.0,165.0,83.6,44.0,0.1111,41.6,5.3,26.3,824.4,0.0,50.3,31.2,282.7,W,-11.02,-27.13,6.42
746574,2024-04-07,2024,TB,2024-04-07 13:10:00,13,2,3,5,0,21,7,15,308,81.6,1,45,0.0222,0.0,0.0,15.0,4.0,7.0,171.0,79.8,45.0,0.0,0.0,6.0,3.0,8.0,137.0,83.5,44.0,0.0,51.9,11.1,23.3,833.1,0.0,14.2,8.8,343.4,N,-13.61,-14.17,-11.4
746569,2024-04-08,2024,AZ,2024-04-08 18:40:00,18,7,5,12,1,20,10,20,345,80.1,1,50,0.02,0.05,1.0,14.0,3.0,13.0,177.0,79.3,50.0,0.0769,0.0,6.0,7.0,7.0,168.0,80.8,54.0,0.0,49.6,9.8,31.0,838.1,0.0,6.7,4.1,64.5,NE,-2.87,-0.64,-4.76
746571,2024-04-09,2024,AZ,2024-04-09 18:40:00,18,2,3,5,2,14,7,17,296,80.3,4,53,0.0755,0.1176,0.0,6.0,3.0,8.0,142.0,77.1,48.0,0.0,2.0,8.0,4.0,9.0,154.0,83.4,50.0,0.2222,54.0,12.2,26.3,838.0,0.0,7.3,4.5,8.0,N,-7.2,-6.42,-7.11
746573,2024-04-10,2024,AZ,2024-04-10 13:10:00,13,3,5,8,2,16,11,16,329,83.5,5,56,0.0893,0.125,1.0,11.0,6.0,6.0,171.0,82.3,61.0,0.1667,1.0,5.0,5.0,10.0,158.0,85.1,49.0,0.1,56.4,13.5,27.0,844.2,0.0,9.3,5.8,7.3,N,-9.22,-8.26,-9.07
746570,2024-04-20,2024,SEA,2024-04-20 18:10:00,18,0,7,7,1,14,7,19,302,83.6,1,55,0.0182,0.0526,0.0,11.0,1.0,3.0,125.0,79.4,41.0,0.0,1.0,3.0,6.0,16.0,177.0,86.8,54.0,0.0625,36.0,2.2,75.0,848.3,0.0,9.7,6.0,5.4,N,-9.69,-8.79,-9.42
746568,2024-04-21,2024,SEA,2024-04-21 13:10:00,13,2,1,3,0,21,8,16,309,83.0,4,49,0.0816,0.0,0.0,11.0,2.0,10.0,139.0,81.6,54.0,0.0,0.0,10.0,6.0,6.0,170.0,84.5,47.0,0.0,59.3,15.2,39.3,847.0,0.0,6.3,3.9,28.7,NE,-5.49,-4.13,-6.19
746572,2024-04-21,2024,SEA,2024-04-19 18:40:00,18,2,10,12,1,16,2,19,290,83.0,3,58,0.0517,0.0526,0.0,6.0,2.0,6.0,131.0,80.9,53.0,0.0,1.0,10.0,0.0,13.0,159.0,85.0,57.0,0.0769,37.4,3.0,81.0,846.7,2.1,14.6,9.1,2.1,N,-14.56,-13.49,-13.86
746565,2024-04-22,2024,SD,2024-04-22 18:40:00,18,1,3,4,0,17,4,13,268,84.6,2,48,0.0417,0.0,0.0,11.0,0.0,4.0,125.0,82.2,40.0,0.0,0.0,6.0,4.0,9.0,143.0,86.9,43.0,0.0,70.0,21.1,20.7,837.5,0.0,8.1,5.1,294.6,NW,-3.39,-5.72,-0.66
746566,2024-04-23,2024,SD,2024-04-23 18:40:00,18,7,4,11,1,16,7,25,311,82.4,1,59,0.0169,0.04,1.0,9.0,3.0,13.0,160.0,83.1,53.0,0.0769,0.0,7.0,3.0,12.0,151.0,81.8,60.0,0.0,58.6,14.8,39.0,843.2,0.0,16.7,10.4,346.0,N,-16.24,-16.64,-13.87
746567,2024-04-24,2024,SD,2024-04-24 18:40:00,18,2,5,7,2,7,6,13,258,81.1,3,57,0.0526,0.1538,2.0,6.0,3.0,5.0,119.0,81.6,42.0,0.4,0.0,1.0,3.0,8.0,139.0,80.7,57.0,0.0,67.5,19.7,38.0,838.0,0.0,11.0,6.8,323.5,NW,-8.82,-10.52,-6.05
746564,2024-04-25,2024,SD,2024-04-25 13:10:00,13,10,9,19,4,17,9,25,330,80.4,4,57,0.0702,0.16,2.0,9.0,5.0,14.0,172.0,78.9,58.0,0.1429,2.0,8.0,4.0,11.0,158.0,82.1,49.0,0.1818,71.4,21.9,22.3,834.0,0.0,12.1,7.5,63.7,NE,-5.37,-1.33,-8.75
746560,2024-04-27,2024,HOU,2024-04-27 16:05:00,16,4,12,16,4,18,11,23,368,85.0,3,57,0.0526,0.1739,1.0,14.0,6.0,8.0,183.0,83.5,43.0,0.125,3.0,4.0,5.0,15.0,185.0,86.0,57.0,0.2,42.7,5.9,79.3,835.6,0.9,14.4,8.9,349.7,N,-14.13,-14.16,-12.4
746561,2024-04-28,2024,HOU,2024-04-28 14:05:00,14,2,8,10,3,13,2,15,242,85.5,1,53,0.0189,0.2,0.0,11.0,0.0,7.0,118.0,84.6,31.0,0.0,3.0,2.0,2.0,8.0,124.0,86.1,43.0,0.375,57.4,14.1,43.0,837.4,0.2,4.5,2.8,34.2,NE,-3.69,-2.61,-4.33
746559,2024-05-07,2024,SF,2024-05-07 18:40:00,18,0,5,5,0,15,10,14,297,79.6,1,51,0.0196,0.0,0.0,7.0,4.0,4.0,125.0,82.6,41.0,0.0,0.0,8.0,6.0,10.0,172.0,77.5,58.0,0.0,51.5,10.8,29.0,830.1,0.0,19.2,12.0,302.3,NW,-10.29,-15.23,-4.11
746562,2024-05-08,2024,SF,2024-05-08 18:40:00,18,6,8,14,2,13,6,25,316,82.9,4,63,0.0635,0.08,1.0,7.0,4.0,12.0,155.0,83.8,58.0,0.0833,1.0,6.0,2.0,13.0,161.0,81.9,56.0,0.0769,52.2,11.2,23.7,836.7,0.0,17.3,10.8,295.3,NW,-7.42,-12.33,-1.61
746563,2024-05-09,2024,SF,2024-05-09 13:10:00,13,9,1,10,2,16,4,21,261,83.3,3,53,0.0566,0.0952,1.0,9.0,0.0,14.0,129.0,85.7,53.0,0.0714,1.0,7.0,4.0,7.0,132.0,80.2,41.0,0.1429,53.1,11.7,39.7,845.9,0.2,5.8,3.6,10.0,N,-5.71,-5.02,-5.71
746553,2024-05-10,2024,TEX,2024-05-10 18:40:00,18,4,2,6,1,18,7,15,254,84.5,4,49,0.0816,0.0667,0.0,10.0,2.0,10.0,132.0,84.8,43.0,0.0,1.0,8.0,4.0,5.0,122.0,84.0,39.0,0.2,54.7,12.6,48.7,846.1,0.0,5.3,3.3,163.7,S,5.06,5.26,4.25
746554,2024-05-11,2024,TEX,2024-05-11 18:10:00,18,8,3,11,2,20,5,22,293,81.2,2,52,0.0385,0.0909,1.0,13.0,2.0,14.0,163.0,81.3,48.0,0.0714,1.0,7.0,3.0,8.0,130.0,81.1,52.0,0.125,56.4,13.5,64.7,838.5,0.3,5.5,3.4,251.1,W,1.78,-0.11,3.45
746555,2024-05-12,2024,TEX,2024-05-12 13:10:00,13,3,1,4,1,7,7,16,266,83.4,3,56,0.0536,0.0625,1.0,4.0,5.0,7.0,133.0,82.9,44.0,0.1429,0.0,3.0,2.0,9.0,133.0,83.8,57.0,0.0,57.1,13.9,61.7,839.2,0.4,6.1,3.8,307.5,NW,-3.7,-5.12,-1.83
746558,2024-05-24,2024,PHI,2024-05-24 18:40:00,18,3,2,5,3,13,6,18,293,84.7,6,68,0.0882,0.1667,1.0,6.0,2.0,11.0,155.0,86.2,52.0,0.0909,2.0,7.0,2.0,7.0,138.0,83.2,55.0,0.2857,67.0,19.5,22.0,837.7,0.0,8.3,5.1,183.9,S,8.25,7.56,7.94
746556,2024-05-25,2024,PHI,2024-05-25 19:10:00,19,4,8,12,1,14,7,21,313,80.7,1,57,0.0175,0.0476,0.0,11.0,3.0,9.0,165.0,78.4,54.0,0.0,1.0,3.0,4.0,12.0,148.0,83.0,51.0,0.0833,54.1,12.3,76.7,834.2,2.7,7.2,4.5,197.6,S,6.86,5.7,7.19
746557,2024-05-26,2024,PHI,2024-05-26 13:10:00,13,5,2,7,1,17,6,11,270,79.6,2,44,0.0455,0.0909,,,,,,,,,,,,,,,,,72.0,22.2,17.7,841.4,0.0,23.4,14.6,302.3,NW,-12.53,-18.55,-5.01
746549,2024-05-27,2024,CLE,2024-05-27 14:10:00,14,8,6,14,1,13,7,18,291,80.3,1,54,0.0185,0.0556,,,,,,,,,,,,,,,,,76.0,24.5,19.0,847.2,0.0,4.3,2.7,95.0,E,0.38,1.83,-1.12
746552,2024-05-28,2024,CLE,2024-05-28 18:40:00,18,7,13,20,6,18,10,23,309,83.4,3,57,0.0526,0.2609,,,,,,,,,,,,,,,,,75.7,24.3,22.7,847.0,0.0,6.8,4.2,10.6,N,-6.72,-5.88,-6.74
746551,2024-05-29,2024,CLE,2024-05-29 18:40:00,18,7,4,11,1,12,7,17,277,82.8,4,53,0.0755,0.0588,,,,,,,,,,,,,,,,,79.3,26.3,15.7,841.4,0.0,12.1,7.5,248.9,W,4.35,0.23,7.93
746548,2024-06-03,2024,CIN,2024-06-03 18:40:00,18,3,13,16,3,11,1,27,277,82.8,4,66,0.0606,0.1111,,,,,,,,,,,,,,,,,80.6,27.0,17.7,835.3,0.0,14.3,8.9,300.6,NW,-7.29,-11.06,-2.64
746550,2024-06-04,2024,CIN,2024-06-04 18:40:00,18,1,4,5,1,16,2,15,254,81.6,3,52,0.0577,0.0667,,,,,,,,,,,,,,,,,78.4,25.8,20.3,841.7,0.0,13.7,8.5,298.0,NW,-6.45,-10.2,-1.91
746544,2024-06-05,2024,CIN,2024-06-05 13:10:00,13,7,12,19,5,16,7,25,334,82.1,5,61,0.082,0.2,,,,,,,,,,,,,,,,,89.2,31.8,13.3,845.3,0.0,22.3,13.9,299.3,NW,-10.92,-16.91,-3.62
746545,2024-06-14,2024,PIT,2024-06-14 18:40:00,18,2,5,7,4,19,5,18,285,85.5,4,48,0.0833,0.2222,1.0,9.0,4.0,9.0,147.0,84.3,46.0,0.1111,3.0,10.0,1.0,9.0,138.0,86.7,43.0,0.3333,79.5,26.4,29.7,843.3,0.0,14.6,9.1,31.8,NE,-12.38,-9.01,-14.26
746547,2024-06-15,2024,PIT,2024-06-15 19:10:00,19,16,4,20,5,15,7,26,297,84.8,9,61,0.1475,0.1923,3.0,8.0,6.0,16.0,165.0,83.5,65.0,0.1875,2.0,7.0,1.0,10.0,132.0,86.5,49.0,0.2,80.4,26.9,28.3,839.4,0.0,6.7,4.2,319.3,NW,-5.1,-6.3,-3.29
746546,2024-06-16,2024,PIT,2024-06-16 13:10:00,13,2,8,10,0,17,3,24,302,82.9,2,58,0.0345,0.0,0.0,7.0,0.0,9.0,125.0,85.0,49.0,0.0,0.0,10.0,3.0,15.0,177.0,81.1,55.0,0.0,85.7,29.8,29.7,839.2,0.0,12.0,7.4,29.5,NE,-10.42,-7.78,-11.8
746543,2024-06-17,2024,LAD,2024-06-17 18:40:00,18,5,9,14,3,17,9,20,314,84.2,5,57,0.0877,0.15,3.0,9.0,1.0,6.0,118.0,85.0,50.0,0.5,0.0,8.0,7.0,14.0,196.0,83.7,72.0,0.0,82.9,28.3,35.0,828.9,0.0,15.2,9.5,333.0,NW,-13.57,-15.12,-10.39
746542,2024-06-18,2024,LAD,2024-06-18 18:40:00,18,9,11,20,6,13,12,20,335,86.1,9,58,0.1552,0.3,2.0,8.0,5.0,11.0,165.0,86.5,52.0,0.1818,4.0,5.0,6.0,9.0,170.0,85.7,57.0,0.4444,71.4,21.9,21.0,842.4,0.0,7.2,4.5,91.9,E,0.24,2.68,-2.24
746538,2024-06-19,2024,LAD,2024-06-19 18:40:00,18,7,6,13,1,15,6,20,273,86.1,4,56,0.0714,0.05,1.0,4.0,3.0,10.0,122.0,87.2,46.0,0.1,0.0,11.0,3.0,10.0,151.0,85.0,49.0,0.0,69.7,20.9,49.0,845.8,0.2,17.6,10.9,159.6,S,16.47,17.57,13.39
746539,2024-06-20,2024,LAD,2024-06-20 13:10:00,13,3,5,8,4,16,5,18,296,85.0,7,55,0.1273,0.2222,1.0,13.0,2.0,6.0,135.0,80.7,39.0,0.1667,3.0,3.0,2.0,12.0,161.0,88.2,54.0,0.25,90.7,32.6,19.3,847.4,0.0,25.8,16.0,170.7,S,25.46,25.35,22.5
746540,2024-06-21,2024,WSH,2024-06-21 18:40:00,18,5,11,16,5,16,5,30,319,84.0,4,65,0.0615,0.1667,3.0,10.0,0.0,11.0,142.0,84.3,51.0,0.2727,2.0,6.0,5.0,19.0,177.0,83.7,68.0,0.1053,84.9,29.4,22.7,844.2,0.0,7.9,4.9,196.5,S,7.57,6.35,7.89
746541,2024-06-22,2024,WSH,2024-06-22 19:10:00,19,8,7,15,5,18,7,23,293,82.4,3,52,0.0577,0.2174,3.0,12.0,5.0,12.0,153.0,84.3,53.0,0.25,2.0,6.0,2.0,11.0,140.0,80.2,47.0,0.1818,77.4,25.2,34.3,847.9,0.0,11.5,7.2,267.1,W,0.58,-3.39,4.49
746536,2024-06-23,2024,WSH,2024-06-23 13:10:00,13,1,2,3,1,20,4,9,252,79.9,2,42,0.0476,0.1111,1.0,13.0,3.0,5.0,141.0,78.5,45.0,0.2,0.0,7.0,1.0,4.0,111.0,81.5,40.0,0.0,93.1,33.9,12.3,848.3,0.0,7.7,4.8,90.3,E,0.04,2.67,-2.6
746535,2024-07-01,2024,MIL,2024-07-01 18:40:00,18,8,7,15,4,11,7,27,298,86.7,9,70,0.1286,0.1481,3.0,4.0,3.0,13.0,148.0,88.6,51.0,0.2308,1.0,7.0,2.0,14.0,150.0,84.8,49.0,0.0714,82.0,27.8,29.7,842.7,0.0,9.2,5.7,41.6,NE,-6.91,-4.4,-8.59
746537,2024-07-02,2024,MIL,2024-07-02 18:40:00,18,3,4,7,1,15,11,19,360,79.3,3,55,0.0545,0.0526,1.0,9.0,6.0,7.0,166.0,78.4,49.0,0.1429,0.0,6.0,5.0,12.0,194.0,79.9,65.0,0.0,82.8,28.2,17.3,844.7,0.0,12.6,7.8,20.7,N,-11.78,-9.55,-12.6
746534,2024-07-03,2024,MIL,2024-07-03 18:40:00,18,0,3,3,1,12,4,17,272,85.2,5,56,0.0893,0.0588,0.0,6.0,1.0,8.0,132.0,83.1,53.0,0.0,1.0,6.0,3.0,9.0,140.0,87.1,54.0,0.1111,87.1,30.6,9.3,843.2,0.0,20.6,12.8,265.7,W,1.54,-5.56,8.47
746532,2024-07-04,2024,MIL,2024-07-04 18:10:00,18,4,3,7,1,12,7,16,300,80.9,4,51,0.0784,0.0625,1.0,7.0,1.0,8.0,130.0,81.4,49.0,0.125,0.0,5.0,6.0,8.0,170.0,80.5,60.0,0.0,79.5,26.4,19.7,848.4,0.0,15.8,9.8,66.7,NE,-6.27,-0.92,-10.86
746533,2024-07-05,2024,KC,2024-07-05 18:10:00,18,4,2,6,1,17,5,18,261,83.7,4,50,0.08,0.0556,1.0,10.0,4.0,8.0,136.0,82.8,42.0,0.125,0.0,7.0,1.0,10.0,125.0,84.5,52.0,0.0,79.0,26.1,20.3,848.5,0.0,6.9,4.3,77.1,E,-1.55,0.86,-3.76
746529,2024-07-06,2024,KC,2024-07-06 19:10:00,19,3,1,4,2,11,4,16,259,82.9,3,54,0.0556,0.125,1.0,7.0,3.0,8.0,131.0,82.6,43.0,0.125,1.0,4.0,1.0,8.0,128.0,83.1,49.0,0.125,82.4,28.0,13.0,843.1,0.0,8.8,5.5,11.5,N,-8.62,-7.5,-8.7
746530,2024-07-07,2024,KC,2024-07-07 13:10:00,13,1,10,11,3,16,4,18,239,83.8,2,53,0.0377,0.1667,0.0,10.0,2.0,6.0,114.0,80.4,34.0,0.0,3.0,6.0,2.0,12.0,125.0,86.1,51.0,0.25,76.4,24.7,31.0,847.9,0.0,9.2,5.7,50.2,NE,-5.91,-3.13,-7.98
746531,2024-07-19,2024,SF,2024-07-19 18:40:00,18,7,3,10,3,20,10,15,329,83.8,4,45,0.0889,0.2,3.0,10.0,6.0,8.0,185.0,83.8,61.0,0.375,0.0,10.0,3.0,7.0,144.0,83.8,46.0,0.0,80.8,27.1,38.0,850.3,0.3,13.1,8.1,299.0,NW,-6.34,-9.87,-2.05
746527,2024-07-20,2024,SF,2024-07-20 18:10:00,18,4,3,7,2,17,5,13,258,81.4,3,44,0.0682,0.1538,1.0,8.0,4.0,8.0,128.0,78.5,39.0,0.125,1.0,9.0,1.0,5.0,130.0,83.5,51.0,0.2,75.9,24.4,39.3,851.9,0.3,10.0,6.2,6.2,N,-9.94,-8.98,-9.71
746528,2024-07-21,2024,SF,2024-07-21 13:10:00,13,2,3,5,3,21,4,11,258,84.1,4,42,0.0952,0.2727,1.0,15.0,3.0,4.0,140.0,84.7,31.0,0.25,2.0,6.0,1.0,7.0,118.0,83.7,40.0,0.2857,70.5,21.4,56.3,852.4,5.9,11.0,6.8,249.4,W,3.86,0.12,7.14
746526,2024-07-22,2024,BOS,2024-07-22 18:40:00,18,9,8,17,4,15,8,28,372,86.7,8,80,0.1,0.1429,2.0,7.0,3.0,15.0,192.0,84.9,67.0,0.1333,2.0,8.0,1.0,13.0,180.0,88.7,63.0,0.1538,77.5,25.3,33.3,849.2,0.2,14.1,8.8,12.6,N,-13.76,-11.88,-13.98
746524,2024-07-23,2024,BOS,2024-07-23 18:40:00,18,0,6,6,2,13,7,18,311,79.8,4,55,0.0727,0.1111,0.0,7.0,1.0,7.0,129.0,78.6,49.0,0.0,2.0,6.0,6.0,11.0,182.0,80.6,74.0,0.1818,85.3,29.6,19.7,850.3,0.0,7.3,4.5,51.7,NE,-4.52,-2.29,-6.21
746525,2024-07-24,2024,BOS,2024-07-24 13:10:00,13,20,7,27,5,16,4,32,328,82.8,4,67,0.0597,0.1562,4.0,10.0,2.0,21.0,198.0,82.4,71.0,0.1905,1.0,6.0,2.0,11.0,130.0,83.6,41.0,0.0909,92.7,33.7,12.0,854.1,0.0,12.7,7.9,9.9,N,-12.51,-11.01,-12.5
746519,2024-08-06,2024,NYM,2024-08-06 18:40:00,18,6,3,9,1,15,4,19,265,83.9,1,53,0.0189,0.0526,1.0,6.0,2.0,10.0,144.0,81.9,59.0,0.1,0.0,9.0,2.0,9.0,121.0,86.6,43.0,0.0,86.6,30.3,26.7,849.4,0.0,9.7,6.0,248.9,W,3.48,0.18,6.37
746521,2024-08-07,2024,NYM,2024-08-07 18:40:00,18,3,5,8,1,18,5,18,298,80.0,2,54,0.037,0.0556,1.0,10.0,2.0,7.0,139.0,75.3,47.0,0.1429,0.0,8.0,3.0,11.0,159.0,83.9,58.0,0.0,78.6,25.9,46.7,848.0,0.0,10.4,6.4,179.4,S,10.37,9.78,9.7
746522,2024-08-08,2024,NYM,2024-08-08 13:10:00,13,1,9,10,3,18,7,20,337,84.0,5,54,0.0926,0.15,0.0,10.0,4.0,7.0,158.0,84.4,44.0,0.0,3.0,8.0,3.0,13.0,179.0,83.7,77.0,0.2308,74.5,23.6,53.7,850.7,0.0,9.4,5.9,77.4,E,-2.06,1.22,-5.08
746523,2024-08-09,2024,ATL,2024-08-09 18:40:00,18,6,5,11,4,22,5,22,307,82.1,5,49,0.102,0.1818,1.0,12.0,5.0,10.0,155.0,82.8,40.0,0.1,3.0,10.0,0.0,12.0,152.0,81.6,66.0,0.25,68.1,20.1,60.7,849.5,1.1,12.3,7.7,3.3,N,-12.31,-11.32,-11.82
746520,2024-08-10,2024,ATL,2024-08-10 18:10:00,18,8,11,19,5,21,8,23,348,80.0,7,54,0.1296,0.2174,1.0,14.0,3.0,12.0,160.0,76.9,52.0,0.0833,4.0,7.0,5.0,11.0,188.0,82.7,58.0,0.3636,73.8,23.2,55.0,848.5,0.1,11.8,7.4,226.8,SW,8.1,4.67,10.56
746517,2024-08-11,2024,ATL,2024-08-11 13:10:00,13,9,8,17,5,16,6,29,338,83.2,6,60,0.1,0.1724,1.0,10.0,2.0,16.0,160.0,80.4,57.0,0.0625,4.0,6.0,4.0,13.0,178.0,85.5,67.0,0.3077,85.6,29.8,28.3,848.1,0.0,11.5,7.1,336.7,NW,-10.53,-11.45,-8.34
746518,2024-08-16,2024,SD,2024-08-16 18:40:00,18,7,3,10,4,17,8,20,298,81.2,5,50,0.1,0.2,2.0,9.0,2.0,10.0,138.0,82.7,50.0,0.2,2.0,8.0,6.0,10.0,160.0,79.8,51.0,0.2,86.4,30.2,26.0,847.2,0.0,9.1,5.7,141.8,SE,7.18,8.68,4.81
746515,2024-08-17,2024,SD,2024-08-17 18:10:00,18,3,8,11,2,13,9,20,287,81.2,1,57,0.0175,0.1,1.0,9.0,5.0,5.0,136.0,79.0,39.0,0.2,1.0,4.0,4.0,15.0,151.0,82.6,58.0,0.0667,88.2,31.2,19.3,847.5,0.0,18.2,11.3,316.5,NW,-13.17,-16.66,-8.1
746516,2024-08-18,2024,SD,2024-08-18 13:10:00,13,3,2,5,1,14,8,13,284,82.0,1,48,0.0208,0.0769,0.0,9.0,3.0,6.0,145.0,80.5,40.0,0.0,1.0,5.0,4.0,7.0,139.0,83.1,57.0,0.1429,91.8,33.2,18.7,850.9,0.0,16.6,10.3,49.9,NE,-10.71,-5.72,-14.42
746513,2024-08-26,2024,MIA,2024-08-26 18:40:00,18,3,2,5,1,19,7,15,281,81.9,2,44,0.0455,0.0667,1.0,11.0,4.0,6.0,144.0,81.6,41.0,0.1667,0.0,8.0,3.0,9.0,137.0,82.1,52.0,0.0,80.1,26.7,30.3,849.5,0.0,9.7,6.0,19.7,N,-9.1,-7.44,-9.67
746510,2024-08-27,2024,MIA,2024-08-27 18:40:00,18,8,9,17,6,13,7,25,295,84.7,10,60,0.1667,0.24,4.0,8.0,1.0,13.0,150.0,82.7,49.0,0.3077,2.0,5.0,6.0,12.0,145.0,86.9,44.0,0.1667,82.0,27.8,22.7,849.0,0.0,14.0,8.7,100.3,E,2.51,7.06,-2.34
746512,2024-08-28,2024,MIA,2024-08-28 18:40:00,18,8,2,10,2,20,8,17,304,82.2,3,47,0.0638,0.1176,1.0,10.0,6.0,9.0,164.0,81.2,53.0,0.1111,1.0,10.0,2.0,8.0,140.0,83.4,47.0,0.125,85.8,29.9,17.3,843.8,0.0,9.3,5.8,144.4,SE,7.56,8.96,5.26
746514,2024-08-29,2024,MIA,2024-08-29 13:10:00,13,8,12,20,5,17,8,30,317,82.8,7,66,0.1061,0.1667,3.0,10.0,4.0,12.0,150.0,82.8,48.0,0.25,2.0,7.0,4.0,18.0,167.0,82.8,63.0,0.1111,84.4,29.1,16.3,849.5,0.0,10.1,6.3,36.0,NE,-8.14,-5.63,-9.68
746511,2024-08-30,2024,BAL,2024-08-30 18:40:00,18,3,5,8,2,12,1,21,263,81.0,4,61,0.0656,0.0952,1.0,6.0,0.0,10.0,128.0,80.9,55.0,0.1,1.0,6.0,1.0,11.0,135.0,81.1,49.0,0.0909,80.5,27.0,21.7,850.3,0.0,9.3,5.8,131.0,SE,6.08,8.1,3.32
746507,2024-08-31,2024,BAL,2024-08-31 18:10:00,18,7,5,12,2,20,7,16,300,83.2,2,46,0.0435,0.125,0.0,9.0,4.0,9.0,149.0,84.3,53.0,0.0,2.0,11.0,3.0,7.0,151.0,81.8,43.0,0.2857,81.9,27.7,14.3,850.3,0.0,10.8,6.7,51.7,NE,-6.68,-3.39,-9.16
746505,2024-09-01,2024,BAL,2024-09-01 13:10:00,13,1,6,7,1,17,6,15,262,79.8,2,50,0.04,0.0667,0.0,11.0,2.0,6.0,118.0,76.3,42.0,0.0,1.0,6.0,4.0,9.0,144.0,83.4,41.0,0.1111,86.8,30.5,11.0,854.1,0.0,9.5,5.9,65.3,NE,-3.96,-0.77,-6.68
746509,2024-09-13,2024,CHC,2024-09-13 18:40:00,18,9,5,14,4,11,6,25,268,86.2,7,60,0.1167,0.16,3.0,6.0,4.0,12.0,128.0,87.6,44.0,0.25,1.0,5.0,2.0,13.0,140.0,84.9,50.0,0.0769,74.1,23.4,26.3,843.2,0.0,10.2,6.3,342.2,N,-9.68,-10.16,-8.03
746508,2024-09-14,2024,CHC,2024-09-14 18:10:00,18,6,5,11,4,16,4,19,282,83.6,6,61,0.0984,0.2105,2.0,9.0,2.0,8.0,139.0,85.6,45.0,0.25,2.0,7.0,1.0,11.0,143.0,82.1,62.0,0.1818,80.7,27.1,16.7,843.0,0.0,10.9,6.8,69.4,E,-3.82,-0.11,-7.07
746506,2024-09-15,2024,CHC,2024-09-15 13:10:00,13,2,6,8,4,24,18,15,358,82.9,6,44,0.1364,0.2667,1.0,11.0,6.0,4.0,150.0,80.4,43.0,0.25,3.0,13.0,12.0,11.0,208.0,84.8,55.0,0.2727,86.2,30.1,15.0,844.5,0.0,8.0,5.0,115.0,SE,3.38,5.65,0.69
746502,2024-09-16,2024,AZ,2024-09-16 18:40:00,18,3,2,5,3,12,6,12,234,84.2,2,47,0.0426,0.25,2.0,6.0,2.0,4.0,110.0,83.8,44.0,0.5,1.0,6.0,3.0,8.0,124.0,84.5,45.0,0.125,77.0,25.0,28.0,840.7,0.0,18.3,11.4,181.4,S,18.33,17.07,17.37
746503,2024-09-17,2024,AZ,2024-09-17 18:40:00,18,8,2,10,3,15,9,18,294,79.0,3,54,0.0556,0.1667,2.0,9.0,5.0,12.0,159.0,78.7,58.0,0.1667,1.0,6.0,4.0,6.0,135.0,79.4,46.0,0.1667,72.0,22.2,39.3,836.0,0.0,8.1,5.0,248.0,W,3.02,0.28,5.39
746500,2024-09-18,2024,AZ,2024-09-18 13:10:00,13,4,9,13,3,19,7,20,302,82.5,3,54,0.0556,0.15,0.0,11.0,2.0,8.0,124.0,81.4,41.0,0.0,3.0,8.0,5.0,12.0,178.0,83.3,55.0,0.25,80.5,26.9,13.7,839.4,0.0,8.4,5.2,80.5,E,-1.4,1.53,-4.16
746504,2024-09-24,2024,STL,2024-09-24 18:40:00,18,3,7,10,2,20,4,19,289,81.7,1,51,0.0196,0.1053,1.0,10.0,1.0,8.0,135.0,81.1,44.0,0.125,1.0,10.0,3.0,11.0,154.0,82.3,54.0,0.0909,66.7,19.3,37.0,845.6,0.0,6.7,4.1,235.6,SW,3.76,1.66,5.42
746501,2024-09-25,2024,STL,2024-09-25 18:40:00,18,2,5,7,1,18,3,18,252,85.1,2,49,0.0408,0.0556,1.0,11.0,2.0,9.0,114.0,83.1,35.0,0.1111,0.0,7.0,1.0,9.0,138.0,86.7,42.0,0.0,73.3,23.0,33.3,843.1,0.0,9.5,5.9,75.9,E,-2.31,0.98,-5.32
746495,2024-09-26,2024,STL,2024-09-26 13:10:00,13,10,8,18,5,17,6,28,315,83.9,11,59,0.1864,0.1786,1.0,8.0,4.0,14.0,158.0,84.4,52.0,0.0714,4.0,9.0,2.0,14.0,157.0,83.4,63.0,0.2857,89.4,31.9,14.7,846.3,0.0,15.0,9.3,41.0,NE,-11.35,-7.29,-14.04
746494,2024-09-27,2024,LAD,2024-09-27 18:10:00,18,4,11,15,3,21,8,23,338,83.2,5,56,0.0893,0.1304,0.0,13.0,5.0,8.0,169.0,81.7,58.0,0.0,3.0,8.0,3.0,15.0,169.0,84.5,65.0,0.2,75.5,24.2,24.3,848.0,0.0,9.5,5.9,71.7,E,-2.98,0.29,-5.88
746499,2024-09-28,2024,LAD,2024-09-28 18:10:00,18,2,13,15,3,18,11,24,320,81.4,7,54,0.1296,0.125,1.0,10.0,2.0,6.0,120.0,77.5,43.0,0.1667,2.0,8.0,9.0,18.0,200.0,84.6,54.0,0.1111,79.2,26.2,20.3,848.8,0.0,15.1,9.4,151.7,SE,13.27,14.91,10.03
746496,2024-09-29,2024,LAD,2024-09-29 13:10:00,13,1,2,3,2,19,4,11,264,83.3,3,45,0.0667,0.1818,1.0,12.0,2.0,6.0,134.0,83.8,50.0,0.1667,1.0,7.0,2.0,5.0,130.0,82.8,41.0,0.2,89.3,31.8,13.7,847.9,0.0,6.2,3.8,355.3,N,-6.15,-5.95,-5.6
778456,2025-04-04,2025,ATH,2025-04-04 14:10:00,14,3,6,9,1,21,9,22,350,85.2,1,62,0.0161,0.0455,0.0,14.0,4.0,11.0,183.0,84.9,48.0,0.0,1.0,7.0,3.0,11.0,167.0,85.4,53.0,0.0909,41.3,5.2,61.3,844.4,0.8,15.4,9.5,26.3,NE,-13.77,-10.61,-15.27
778442,2025-04-05,2025,ATH,2025-04-05 18:10:00,18,4,7,11,4,11,10,20,284,83.6,5,58,0.0862,0.2,2.0,5.0,3.0,9.0,133.0,85.4,39.0,0.2222,2.0,6.0,7.0,11.0,151.0,82.3,52.0,0.1818,37.3,3.0,53.7,847.4,0.0,3.3,2.1,277.7,W,-0.44,-1.55,0.71
778423,2025-04-06,2025,ATH,2025-04-06 13:10:00,13,12,5,17,3,24,6,23,284,85.4,6,48,0.125,0.1304,1.0,11.0,3.0,14.0,140.0,85.8,47.0,0.0714,2.0,13.0,3.0,9.0,144.0,84.9,40.0,0.2222,53.4,11.9,28.0,843.7,0.0,5.8,3.6,33.2,NE,-4.88,-3.49,-5.68
778394,2025-04-08,2025,MIL,2025-04-08 18:40:00,18,1,7,8,4,21,4,16,279,83.2,3,47,0.0638,0.25,1.0,14.0,4.0,5.0,138.0,82.6,39.0,0.2,3.0,7.0,0.0,11.0,141.0,83.7,48.0,0.2727,67.1,19.5,16.0,839.3,0.0,8.3,5.1,303.0,NW,-4.51,-6.61,-1.86
778379,2025-04-09,2025,MIL,2025-04-09 18:40:00,18,2,17,19,4,15,10,21,346,81.8,6,61,0.0984,0.1905,1.0,9.0,5.0,8.0,162.0,79.6,55.0,0.125,3.0,6.0,5.0,13.0,184.0,83.5,69.0,0.2308,67.5,19.7,12.3,846.5,0.0,16.5,10.3,344.8,N,-15.96,-16.47,-13.52
778371,2025-04-10,2025,MIL,2025-04-10 13:10:00,13,7,2,9,1,17,11,16,293,86.0,5,48,0.1042,0.0625,1.0,7.0,4.0,12.0,156.0,87.4,40.0,0.0833,0.0,10.0,6.0,4.0,137.0,84.1,32.0,0.0,67.1,19.5,14.7,854.3,0.0,5.1,3.1,25.0,NE,-4.59,-3.58,-5.05
778247,2025-04-19,2025,WSH,2025-04-19 14:10:00,14,11,12,23,5,27,11,20,338,84.9,6,49,0.1224,0.25,1.0,17.0,6.0,8.0,183.0,83.2,42.0,0.125,4.0,10.0,5.0,12.0,155.0,86.4,45.0,0.3333,48.0,8.9,42.3,841.0,0.0,4.9,3.1,169.7,S,4.85,4.86,4.26
778235,2025-04-20,2025,WSH,2025-04-20 13:10:00,13,2,3,5,2,17,5,10,254,86.8,2,45,0.0444,0.2,2.0,12.0,1.0,4.0,114.0,83.6,32.0,0.5,0.0,5.0,4.0,6.0,140.0,89.6,38.0,0.0,59.5,15.3,31.0,839.8,0.0,7.3,4.6,52.0,NE,-4.51,-2.27,-6.22
778266,2025-04-20,2025,WSH,2025-04-18 18:40:00,18,3,1,4,0,18,6,15,270,80.7,1,47,0.0213,0.0,0.0,10.0,4.0,7.0,132.0,83.0,46.0,0.0,0.0,8.0,2.0,8.0,138.0,78.3,42.0,0.0,33.1,0.6,79.7,841.2,0.7,5.9,3.7,13.6,N,-5.73,-4.91,-5.86
778181,2025-04-25,2025,CIN,2025-04-25 18:40:00,18,7,8,15,3,15,11,23,338,83.7,8,61,0.1311,0.1304,2.0,7.0,7.0,10.0,174.0,85.0,54.0,0.2,1.0,8.0,4.0,13.0,164.0,82.6,64.0,0.0769,48.4,9.1,78.0,843.4,0.2,13.1,8.1,348.0,N,-12.81,-12.97,-11.11
778161,2025-04-26,2025,CIN,2025-04-26 13:10:00,13,4,6,10,5,22,4,21,324,82.2,5,54,0.0926,0.2381,2.0,13.0,1.0,8.0,141.0,85.6,44.0,0.25,3.0,9.0,2.0,13.0,183.0,79.6,56.0,0.2308,66.0,18.9,45.7,839.3,0.0,8.9,5.6,13.3,N,-8.69,-7.46,-8.87
778148,2025-04-27,2025,CIN,2025-04-27 13:10:00,13,1,8,9,0,15,6,17,278,81.7,1,54,0.0185,0.0,0.0,9.0,2.0,3.0,129.0,78.6,48.0,0.0,0.0,6.0,4.0,14.0,149.0,84.5,53.0,0.0,78.1,25.6,11.3,833.9,0.0,16.8,10.4,182.4,S,16.78,15.53,16.02
778137,2025-04-28,2025,ATL,2025-04-28 18:40:00,18,3,6,9,1,14,5,21,304,81.9,1,60,0.0167,0.0476,1.0,7.0,3.0,7.0,137.0,83.6,45.0,0.1429,0.0,7.0,2.0,14.0,167.0,80.5,55.0,0.0,56.2,13.4,34.7,841.1,0.9,9.6,5.9,28.9,NE,-8.38,-6.29,-9.45
778120,2025-04-29,2025,ATL,2025-04-29 18:40:00,18,2,8,10,1,9,4,20,251,82.7,3,64,0.0469,0.05,1.0,7.0,2.0,6.0,108.0,82.1,40.0,0.1667,0.0,2.0,2.0,14.0,143.0,83.1,62.0,0.0,59.6,15.3,31.3,840.3,0.0,9.4,5.9,195.9,S,9.07,7.64,9.41
778102,2025-04-30,2025,ATL,2025-04-30 13:10:00,13,2,1,3,1,20,3,8,246,83.3,4,38,0.1053,0.125,1.0,12.0,0.0,5.0,114.0,84.0,28.0,0.2,0.0,8.0,3.0,3.0,132.0,82.8,46.0,0.0,69.0,20.6,15.0,838.0,0.0,9.2,5.7,205.4,SW,8.31,6.46,9.16
778013,2025-05-07,2025,DET,2025-05-07 18:40:00,18,6,8,14,2,17,10,23,358,84.4,6,62,0.0968,0.087,2.0,8.0,4.0,13.0,184.0,86.4,60.0,0.1538,0.0,9.0,5.0,10.0,174.0,82.3,58.0,0.0,50.2,10.1,77.7,845.8,0.2,2.6,1.6,220.0,SW,1.97,1.29,2.41
778004,2025-05-08,2025,DET,2025-05-08 13:10:00,13,2,10,12,0,21,3,18,277,83.2,3,51,0.0588,0.0,0.0,11.0,1.0,4.0,134.0,81.6,41.0,0.0,0.0,10.0,2.0,14.0,143.0,84.4,49.0,0.0,64.0,17.8,42.0,849.1,0.0,1.6,1.0,9.7,N,-1.58,-1.39,-1.57
778029,2025-05-08,2025,DET,2025-05-06 18:40:00,18,1,11,12,1,9,6,19,255,82.6,2,58,0.0345,0.0526,0.0,4.0,4.0,5.0,109.0,80.7,36.0,0.0,1.0,5.0,2.0,14.0,146.0,83.7,64.0,0.0714,44.3,6.8,88.0,843.7,3.3,3.3,2.1,120.8,SE,1.71,2.58,0.63
777993,2025-05-09,2025,SD,2025-05-09 18:40:00,18,9,13,22,4,13,6,31,342,83.1,6,72,0.0833,0.129,3.0,6.0,2.0,15.0,163.0,82.5,65.0,0.2,1.0,7.0,4.0,16.0,179.0,83.7,59.0,0.0625,66.5,19.2,48.0,851.2,0.0,3.7,2.3,283.9,W,-0.89,-2.06,0.39
777976,2025-05-10,2025,SD,2025-05-10 18:10:00,18,0,21,21,5,11,7,29,300,82.7,5,70,0.0714,0.1724,0.0,7.0,2.0,5.0,104.0,84.6,36.0,0.0,5.0,4.0,5.0,24.0,196.0,81.8,75.0,0.2083,72.7,22.6,34.0,848.3,0.0,1.9,1.2,253.7,W,0.53,-0.12,1.12
777955,2025-05-11,2025,SD,2025-05-11 13:10:00,13,9,3,12,2,13,4,17,238,84.2,5,55,0.0909,0.1176,2.0,9.0,3.0,12.0,133.0,83.8,46.0,0.1667,0.0,4.0,1.0,5.0,105.0,84.7,40.0,0.0,82.5,28.0,13.3,846.0,0.0,3.5,2.2,124.5,SE,1.98,2.85,0.88
777852,2025-05-19,2025,PHI,2025-05-19 18:40:00,18,3,9,12,4,16,2,23,292,82.0,6,61,0.0984,0.1739,1.0,9.0,0.0,6.0,130.0,82.9,54.0,0.1667,3.0,7.0,2.0,17.0,162.0,81.3,64.0,0.1765,60.9,16.0,24.7,835.8,0.0,7.4,4.6,327.3,NW,-6.23,-7.22,-4.49
777842,2025-05-20,2025,PHI,2025-05-20 18:40:00,18,4,7,11,1,16,5,25,303,84.5,5,62,0.0806,0.04,0.0,11.0,3.0,8.0,164.0,85.9,50.0,0.0,1.0,5.0,2.0,17.0,139.0,83.2,53.0,0.0588,68.1,20.0,15.7,840.6,0.0,10.8,6.7,282.0,W,-2.24,-5.72,1.5
777823,2025-05-21,2025,PHI,2025-05-21 18:40:00,18,5,9,14,4,10,8,23,268,80.1,5,66,0.0758,0.1739,1.0,7.0,3.0,11.0,122.0,80.7,49.0,0.0909,3.0,3.0,5.0,12.0,146.0,79.5,55.0,0.25,73.8,23.2,11.7,844.3,0.0,12.6,7.8,7.2,N,-12.5,-11.21,-12.29
777817,2025-05-22,2025,PHI,2025-05-22 13:10:00,13,0,2,2,0,16,6,11,240,81.5,1,48,0.0208,0.0,0.0,8.0,3.0,7.0,125.0,78.0,51.0,0.0,0.0,8.0,3.0,4.0,115.0,87.3,31.0,0.0,72.8,22.7,26.7,846.2,0.0,6.7,4.2,336.4,NW,-6.14,-6.69,-4.85
777802,2025-05-23,2025,NYY,2025-05-23 18:40:00,18,3,2,5,1,17,6,13,252,80.5,3,44,0.0682,0.0769,0.0,10.0,2.0,8.0,133.0,80.4,40.0,0.0,1.0,7.0,4.0,5.0,119.0,80.5,41.0,0.2,77.7,25.4,26.3,840.9,0.5,8.6,5.4,39.0,NE,-6.71,-4.44,-8.16
777782,2025-05-24,2025,NYY,2025-05-24 14:10:00,14,1,13,14,1,18,6,29,275,85.7,4,59,0.0678,0.0345,0.0,10.0,1.0,8.0,106.0,82.9,37.0,0.0,1.0,8.0,4.0,21.0,169.0,87.4,57.0,0.0476,70.9,21.6,51.7,843.5,1.8,4.8,3.0,31.2,NE,-4.11,-3.01,-4.71
777768,2025-05-25,2025,NYY,2025-05-25 13:10:00,13,4,5,9,1,22,8,17,317,82.8,5,49,0.102,0.0588,1.0,13.0,4.0,8.0,151.0,82.6,44.0,0.125,0.0,9.0,2.0,9.0,166.0,83.0,56.0,0.0,62.4,16.9,61.0,845.8,0.5,6.3,3.9,150.9,SE,5.54,6.25,4.15
777616,2025-06-06,2025,NYM,2025-06-06 18:40:00,18,2,4,6,1,18,8,19,343,81.8,3,51,0.0588,0.0526,1.0,8.0,3.0,9.0,158.0,80.8,51.0,0.1111,0.0,10.0,5.0,10.0,185.0,83.0,46.0,0.0,60.1,15.6,76.3,843.4,0.1,5.1,3.1,103.1,E,1.15,2.77,-0.61
777604,2025-06-07,2025,NYM,2025-06-07 19:40:00,19,1,8,9,4,14,2,22,280,84.9,7,61,0.1148,0.1818,1.0,9.0,0.0,10.0,134.0,85.1,44.0,0.1,3.0,5.0,2.0,12.0,146.0,84.8,57.0,0.25,71.2,21.8,58.0,842.9,0.0,2.9,1.8,155.0,SE,2.66,2.92,2.07
777583,2025-06-08,2025,NYM,2025-06-08 13:10:00,13,5,13,18,6,18,10,27,359,83.6,4,61,0.0656,0.2222,0.0,8.0,4.0,10.0,153.0,83.2,49.0,0.0,6.0,10.0,6.0,17.0,206.0,83.8,66.0,0.3529,68.5,20.3,54.3,846.1,0.0,2.9,1.8,19.6,N,-2.73,-2.23,-2.9
777563,2025-06-10,2025,SF,2025-06-10 18:40:00,18,5,6,11,4,20,13,15,359,81.6,6,47,0.1277,0.2667,2.0,10.0,7.0,8.0,170.0,83.4,54.0,0.25,2.0,10.0,6.0,7.0,189.0,79.9,57.0,0.2857,80.8,27.1,24.3,845.2,0.7,11.7,7.3,173.3,S,11.65,11.42,10.48
777547,2025-06-11,2025,SF,2025-06-11 18:40:00,18,7,10,17,2,13,9,27,333,83.8,5,64,0.0781,0.0741,1.0,6.0,3.0,13.0,173.0,84.3,59.0,0.0769,1.0,7.0,6.0,14.0,160.0,83.4,56.0,0.0714,83.2,28.5,20.3,844.7,0.0,5.5,3.4,104.3,E,1.35,3.08,-0.54
777534,2025-06-12,2025,SF,2025-06-12 13:10:00,13,8,7,15,2,17,13,21,357,84.1,1,56,0.0179,0.0952,1.0,8.0,6.0,10.0,183.0,81.4,54.0,0.1,1.0,9.0,7.0,11.0,174.0,87.2,49.0,0.0909,88.7,31.5,14.0,843.9,0.0,7.8,4.8,225.9,SW,5.41,3.17,6.99
777430,2025-06-20,2025,AZ,2025-06-20 18:40:00,18,8,14,22,6,13,3,33,298,85.0,10,73,0.137,0.1818,2.0,12.0,1.0,12.0,146.0,87.2,43.0,0.1667,4.0,1.0,2.0,21.0,152.0,83.8,74.0,0.1905,96.6,35.9,7.3,836.2,0.0,18.5,11.5,214.7,SW,15.19,10.68,17.86
777410,2025-06-21,2025,AZ,2025-06-21 19:10:00,19,3,5,8,3,20,7,17,276,80.5,4,46,0.087,0.1765,1.0,11.0,3.0,7.0,129.0,76.7,39.0,0.1429,2.0,9.0,4.0,10.0,147.0,83.5,50.0,0.2,94.0,34.5,6.0,833.6,0.0,12.3,7.6,194.2,S,11.92,10.17,12.24
777399,2025-06-22,2025,AZ,2025-06-22 13:10:00,13,4,2,6,1,18,4,11,258,81.2,2,44,0.0455,0.0909,1.0,10.0,2.0,6.0,124.0,79.6,40.0,0.1667,0.0,8.0,2.0,5.0,134.0,82.8,40.0,0.0,93.4,34.1,7.3,838.5,0.0,21.3,13.2,190.3,S,20.95,18.38,21.0
777379,2025-06-24,2025,LAD,2025-06-24 18:40:00,18,7,9,16,2,22,3,28,302,84.6,4,62,0.0645,0.0714,0.0,11.0,3.0,14.0,165.0,83.5,57.0,0.0,2.0,11.0,0.0,14.0,137.0,85.7,52.0,0.1429,75.3,24.0,54.3,845.9,0.0,3.6,2.2,143.2,SE,2.88,3.45,1.97
777358,2025-06-25,2025,LAD,2025-06-25 18:40:00,18,1,8,9,2,14,6,14,286,81.7,3,52,0.0577,0.1429,0.0,11.0,2.0,5.0,136.0,79.5,39.0,0.0,2.0,3.0,3.0,9.0,150.0,83.7,45.0,0.2222,70.1,21.2,61.7,845.7,0.0,10.9,6.8,10.0,N,-10.73,-9.44,-10.74
777344,2025-06-26,2025,LAD,2025-06-26 13:10:00,13,1,3,4,2,15,5,10,273,85.0,5,46,0.1087,0.2,1.0,8.0,3.0,2.0,122.0,83.0,39.0,0.5,1.0,7.0,2.0,8.0,151.0,86.5,51.0,0.125,82.1,27.8,26.7,847.0,0.5,4.6,2.8,94.6,E,0.37,1.9,-1.21
777285,2025-07-01,2025,HOU,2025-07-01 18:40:00,18,5,6,11,3,19,6,22,317,82.2,4,56,0.0714,0.1364,2.0,10.0,2.0,12.0,146.0,81.9,54.0,0.1667,1.0,9.0,4.0,10.0,171.0,82.4,61.0,0.1,84.4,29.1,24.0,848.0,0.0,6.6,4.1,330.5,NW,-5.75,-6.51,-4.29
777269,2025-07-02,2025,HOU,2025-07-02 18:40:00,18,3,5,8,2,14,3,26,278,83.1,4,62,0.0645,0.0769,1.0,11.0,1.0,10.0,144.0,80.5,46.0,0.1,1.0,3.0,2.0,16.0,134.0,85.1,57.0,0.0625,90.6,32.6,11.7,845.1,0.0,15.2,9.4,108.3,E,4.77,9.41,-0.44
777264,2025-07-03,2025,HOU,2025-07-03 13:10:00,13,7,6,13,1,7,4,26,298,83.6,2,66,0.0303,0.0385,1.0,3.0,1.0,13.0,137.0,82.2,51.0,0.0769,0.0,4.0,3.0,13.0,161.0,84.9,56.0,0.0,93.7,34.3,11.3,843.9,0.0,6.6,4.1,88.4,E,-0.19,2.09,-2.44
777243,2025-07-04,2025,CWS,2025-07-04 18:10:00,18,2,3,5,1,16,6,13,268,86.6,1,49,0.0204,0.0769,0.0,8.0,2.0,5.0,113.0,89.2,39.0,0.0,1.0,8.0,4.0,8.0,155.0,84.2,42.0,0.125,86.4,30.2,19.0,845.6,0.0,14.9,9.3,307.3,NW,-9.06,-12.57,-4.45
777232,2025-07-05,2025,CWS,2025-07-05 19:10:00,19,3,10,13,3,8,8,26,291,84.1,5,69,0.0725,0.1154,1.0,3.0,3.0,11.0,134.0,83.0,52.0,0.0909,2.0,5.0,5.0,15.0,157.0,85.2,54.0,0.1333,81.1,27.3,26.3,849.5,0.2,5.6,3.5,332.6,NW,-5.0,-5.59,-3.81
777215,2025-07-06,2025,CWS,2025-07-06 13:10:00,13,6,4,10,2,10,11,15,293,82.9,3,53,0.0566,0.1333,2.0,4.0,4.0,8.0,128.0,83.6,49.0,0.25,0.0,6.0,7.0,7.0,165.0,82.2,51.0,0.0,90.4,32.4,13.7,849.1,0.0,9.7,6.0,12.3,N,-9.44,-8.17,-9.58
777102,2025-07-18,2025,MIN,2025-07-18 18:40:00,18,6,4,10,4,16,6,23,303,84.1,5,56,0.0893,0.1739,2.0,9.0,3.0,13.0,154.0,81.7,59.0,0.1538,2.0,7.0,3.0,10.0,149.0,86.7,51.0,0.2,81.7,27.6,34.0,847.7,0.0,6.9,4.3,215.6,SW,5.61,3.89,6.64
777080,2025-07-19,2025,MIN,2025-07-19 18:10:00,18,10,6,16,3,16,5,23,269,87.4,6,56,0.1071,0.1304,3.0,9.0,1.0,15.0,135.0,86.3,48.0,0.2,0.0,7.0,4.0,8.0,134.0,88.8,40.0,0.0,84.1,29.0,28.7,846.2,0.0,10.0,6.2,193.4,S,9.7,8.32,9.9
777072,2025-07-20,2025,MIN,2025-07-20 13:10:00,13,1,7,8,5,19,5,18,247,84.1,7,47,0.1489,0.2778,1.0,13.0,0.0,6.0,112.0,81.5,44.0,0.1667,4.0,6.0,5.0,12.0,135.0,86.8,44.0,0.3333,91.9,33.3,13.3,848.1,0.0,2.8,1.7,0.1,N,-2.8,-2.63,-2.63
777053,2025-07-21,2025,STL,2025-07-21 18:40:00,18,2,6,8,1,16,2,23,258,84.7,3,59,0.0508,0.0435,0.0,5.0,1.0,8.0,114.0,83.5,40.0,0.0,1.0,11.0,1.0,15.0,144.0,85.6,51.0,0.0667,91.6,33.1,14.7,843.5,0.0,7.9,4.9,185.2,S,7.83,7.12,7.61
777049,2025-07-22,2025,STL,2025-07-22 18:40:00,18,8,4,12,2,14,8,22,278,86.1,5,56,0.0893,0.0909,2.0,13.0,4.0,11.0,146.0,85.0,45.0,0.1818,0.0,1.0,4.0,11.0,132.0,87.1,45.0,0.0,74.1,23.4,55.7,844.4,4.3,5.4,3.4,160.9,S,5.13,5.43,4.22
777028,2025-07-23,2025,STL,2025-07-23 13:10:00,13,6,0,6,1,13,6,17,289,80.5,1,52,0.0192,0.0588,1.0,8.0,3.0,12.0,153.0,78.5,46.0,0.0833,0.0,5.0,3.0,5.0,136.0,82.3,50.0,0.0,78.5,25.8,48.7,846.7,1.3,8.2,5.1,335.7,NW,-7.47,-8.18,-5.87
776919,2025-08-01,2025,PIT,2025-08-01 18:10:00,18,17,16,33,6,16,14,40,414,83.5,9,74,0.1216,0.15,4.0,7.0,5.0,22.0,219.0,82.2,91.0,0.1818,2.0,9.0,9.0,18.0,195.0,85.7,49.0,0.1111,80.7,27.1,31.0,852.2,0.0,5.1,3.2,13.6,N,-4.99,-4.28,-5.1
776904,2025-08-02,2025,PIT,2025-08-02 13:10:00,13,8,5,13,5,18,6,19,316,81.5,4,52,0.0769,0.2632,2.0,10.0,2.0,12.0,153.0,82.6,52.0,0.1667,3.0,8.0,4.0,7.0,163.0,80.2,48.0,0.4286,84.7,29.3,22.3,851.5,0.2,11.0,6.9,349.9,N,-10.86,-10.87,-9.55
776886,2025-08-03,2025,PIT,2025-08-03 13:10:00,13,5,9,14,6,14,7,18,317,85.0,8,58,0.1379,0.3333,3.0,9.0,3.0,9.0,162.0,83.5,51.0,0.3333,3.0,5.0,4.0,9.0,155.0,86.6,47.0,0.3333,86.9,30.5,14.3,850.0,0.0,8.4,5.2,14.3,N,-8.11,-6.91,-8.33
776872,2025-08-04,2025,TOR,2025-08-04 18:40:00,18,1,15,16,3,12,5,33,319,83.1,4,70,0.0571,0.0909,0.0,7.0,2.0,8.0,130.0,81.0,43.0,0.0,3.0,5.0,3.0,25.0,189.0,84.2,78.0,0.12,93.4,34.1,8.0,844.4,0.0,4.1,2.5,80.9,E,-0.64,0.77,-1.97
776854,2025-08-05,2025,TOR,2025-08-05 18:40:00,18,4,10,14,6,11,5,23,283,84.8,6,62,0.0968,0.2609,1.0,7.0,3.0,9.0,134.0,83.1,48.0,0.1111,5.0,4.0,2.0,14.0,149.0,86.2,59.0,0.3571,95.0,35.0,4.7,847.9,0.0,9.7,6.0,325.7,NW,-8.02,-9.4,-5.66
776836,2025-08-06,2025,TOR,2025-08-06 13:10:00,13,1,20,21,5,17,6,27,319,83.5,8,66,0.1212,0.1852,0.0,11.0,2.0,3.0,132.0,79.5,50.0,0.0,5.0,6.0,4.0,24.0,187.0,86.0,81.0,0.2083,97.0,36.1,8.0,851.9,0.0,4.3,2.7,282.9,W,-0.97,-2.36,0.53
776742,2025-08-14,2025,AZ,2025-08-14 18:40:00,18,2,8,10,4,13,6,18,291,85.7,1,58,0.0172,0.2222,2.0,8.0,1.0,9.0,129.0,85.5,49.0,0.2222,2.0,5.0,5.0,9.0,162.0,85.9,55.0,0.2222,88.0,31.1,17.3,845.6,0.0,11.0,6.9,197.6,S,10.52,8.74,11.02
776730,2025-08-15,2025,AZ,2025-08-15 18:40:00,18,4,3,7,1,17,6,14,267,81.3,4,45,0.0889,0.0714,1.0,7.0,4.0,8.0,129.0,82.0,43.0,0.125,0.0,10.0,2.0,6.0,138.0,80.6,47.0,0.0,90.0,32.2,14.7,846.4,0.0,6.4,4.0,232.1,SW,3.91,1.96,5.39
776715,2025-08-16,2025,AZ,2025-08-16 18:10:00,18,10,7,17,3,18,4,21,295,84.3,4,55,0.0727,0.1429,2.0,6.0,2.0,12.0,134.0,87.1,46.0,0.1667,1.0,12.0,2.0,9.0,161.0,82.0,54.0,0.1111,82.2,27.9,28.0,846.9,0.0,6.4,4.0,212.8,SW,5.35,3.85,6.21
776701,2025-08-17,2025,AZ,2025-08-17 13:10:00,13,6,5,11,2,13,5,22,290,77.7,2,60,0.0333,0.0909,0.0,7.0,1.0,9.0,125.0,77.2,45.0,0.0,2.0,6.0,3.0,13.0,165.0,78.2,50.0,0.1538,90.3,32.4,15.3,849.1,0.0,3.7,2.3,351.7,N,-3.63,-3.59,-3.23
776693,2025-08-18,2025,LAD,2025-08-18 18:40:00,18,4,3,7,1,18,4,14,273,83.3,0,47,0.0,0.0714,1.0,6.0,2.0,6.0,122.0,81.9,47.0,0.1667,0.0,12.0,2.0,8.0,151.0,84.9,45.0,0.0,88.5,31.4,17.0,849.8,0.0,6.0,3.7,112.7,SE,2.32,4.07,0.29
776671,2025-08-19,2025,LAD,2025-08-19 18:40:00,18,4,11,15,4,11,7,26,300,82.5,7,66,0.1061,0.1538,2.0,8.0,2.0,8.0,120.0,84.0,45.0,0.25,2.0,3.0,5.0,18.0,180.0,81.4,64.0,0.1111,88.1,31.2,18.7,852.5,0.0,11.7,7.2,90.7,E,0.14,4.12,-3.86
776660,2025-08-20,2025,LAD,2025-08-20 18:40:00,18,8,3,11,1,13,2,22,252,82.3,2,60,0.0333,0.0455,0.0,6.0,1.0,16.0,124.0,83.1,49.0,0.0,1.0,7.0,1.0,6.0,128.0,81.5,52.0,0.1667,91.3,32.9,18.0,850.4,0.0,13.4,8.3,137.0,SE,9.79,12.33,6.08
776644,2025-08-21,2025,LAD,2025-08-21 13:10:00,13,5,9,14,3,16,8,22,355,81.8,6,57,0.1053,0.1364,1.0,7.0,2.0,10.0,160.0,82.2,55.0,0.1,2.0,9.0,6.0,12.0,195.0,81.4,50.0,0.1667,94.9,34.9,15.3,851.1,0.0,9.6,5.9,5.7,N,-9.52,-8.62,-9.27
776542,2025-08-29,2025,CHC,2025-08-29 18:40:00,18,7,11,18,6,12,7,29,304,87.4,10,70,0.1429,0.2069,2.0,10.0,3.0,14.0,158.0,88.4,54.0,0.1429,4.0,2.0,4.0,15.0,146.0,86.5,63.0,0.2667,68.6,20.3,70.3,846.8,0.9,3.8,2.4,316.7,NW,-2.77,-3.49,-1.71
776526,2025-08-30,2025,CHC,2025-08-30 18:10:00,18,3,4,7,0,9,8,16,277,85.0,3,56,0.0536,0.0,0.0,4.0,2.0,7.0,112.0,86.3,37.0,0.0,0.0,5.0,5.0,9.0,165.0,84.1,59.0,0.0,67.3,19.6,61.7,849.1,0.0,2.2,1.3,320.2,NW,-1.66,-2.04,-1.09
776511,2025-08-31,2025,CHC,2025-08-31 13:10:00,13,6,5,11,1,19,5,18,267,80.5,5,48,0.1042,0.0556,0.0,7.0,3.0,11.0,141.0,81.2,52.0,0.0,1.0,12.0,2.0,7.0,126.0,79.7,47.0,0.1429,75.9,24.4,35.7,852.2,0.0,4.6,2.9,42.3,NE,-3.4,-2.14,-4.26
776492,2025-09-01,2025,SF,2025-09-01 14:10:00,14,2,8,10,3,16,4,24,303,84.1,2,56,0.0357,0.125,0.0,10.0,0.0,13.0,138.0,82.6,48.0,0.0,3.0,6.0,4.0,11.0,165.0,85.2,61.0,0.2727,81.0,27.2,23.0,853.0,0.0,7.7,4.8,348.6,N,-7.58,-7.65,-6.6
776486,2025-09-02,2025,SF,2025-09-02 18:40:00,18,4,7,11,5,18,4,22,297,83.5,3,56,0.0536,0.2273,1.0,10.0,3.0,9.0,146.0,82.5,51.0,0.1111,4.0,8.0,1.0,13.0,151.0,84.2,64.0,0.3077,78.3,25.7,25.7,851.1,0.0,9.5,5.9,336.3,NW,-8.73,-9.51,-6.9
776467,2025-09-03,2025,SF,2025-09-03 18:40:00,18,8,10,18,3,17,7,23,328,85.3,3,57,0.0526,0.1304,0.0,11.0,2.0,11.0,161.0,86.1,53.0,0.0,3.0,6.0,5.0,12.0,167.0,84.7,59.0,0.25,83.3,28.5,16.3,846.7,0.0,2.5,1.6,116.3,SE,1.11,1.81,0.28
776442,2025-09-05,2025,SD,2025-09-05 18:40:00,18,3,0,3,1,19,5,12,243,80.0,2,42,0.0476,0.0833,1.0,9.0,4.0,9.0,139.0,77.9,51.0,0.1111,0.0,10.0,1.0,3.0,104.0,83.1,34.0,0.0,66.5,19.2,41.3,845.7,0.0,5.7,3.6,34.8,NE,-4.71,-3.31,-5.54
776431,2025-09-06,2025,SD,2025-09-06 18:10:00,18,8,10,18,4,16,6,30,335,82.3,6,64,0.0938,0.1333,3.0,7.0,2.0,14.0,146.0,82.6,56.0,0.2143,1.0,9.0,4.0,16.0,189.0,82.1,65.0,0.0625,80.5,27.0,21.0,846.5,0.0,7.4,4.6,5.7,N,-7.4,-6.7,-7.2
776417,2025-09-07,2025,SD,2025-09-07 13:10:00,13,1,8,9,4,18,9,21,373,85.4,5,54,0.0926,0.1905,0.0,9.0,4.0,6.0,161.0,80.3,46.0,0.0,4.0,9.0,5.0,15.0,212.0,88.8,70.0,0.2667,82.3,27.9,22.7,849.8,0.0,3.9,2.4,353.1,N,-3.87,-3.8,-3.48
776293,2025-09-16,2025,MIA,2025-09-16 18:40:00,18,5,6,11,1,12,3,18,253,88.8,4,60,0.0667,0.0556,1.0,9.0,2.0,8.0,137.0,88.3,40.0,0.125,0.0,3.0,1.0,10.0,116.0,89.2,46.0,0.0,65.7,18.7,53.7,848.9,1.1,10.0,6.2,343.3,N,-9.58,-9.98,-8.02
776277,2025-09-17,2025,MIA,2025-09-17 18:40:00,18,4,8,12,2,8,11,23,315,84.6,5,67,0.0746,0.087,1.0,5.0,3.0,11.0,145.0,83.6,53.0,0.0909,1.0,3.0,8.0,12.0,170.0,85.5,58.0,0.0833,61.5,16.4,56.7,847.8,0.0,3.8,2.3,13.2,N,-3.67,-3.15,-3.74
776270,2025-09-18,2025,MIA,2025-09-18 13:10:00,13,7,9,16,7,14,3,23,286,84.2,12,62,0.1935,0.3043,4.0,9.0,2.0,11.0,144.0,84.2,62.0,0.3636,3.0,5.0,1.0,12.0,142.0,84.2,56.0,0.25,71.6,22.0,31.7,847.7,0.0,4.9,3.0,44.7,NE,-3.46,-2.08,-4.42
776253,2025-09-19,2025,LAA,2025-09-19 18:10:00,18,7,6,13,2,19,4,20,285,85.6,6,49,0.1224,0.1,0.0,9.0,3.0,10.0,142.0,84.4,37.0,0.0,2.0,10.0,1.0,10.0,143.0,86.5,46.0,0.2,75.1,23.9,23.7,845.6,0.0,6.3,3.9,67.7,E,-2.41,-0.26,-4.27
776241,2025-09-20,2025,LAA,2025-09-20 18:10:00,18,0,3,3,3,15,3,11,247,81.5,4,48,0.0833,0.2727,0.0,6.0,1.0,5.0,114.0,79.6,39.0,0.0,3.0,9.0,2.0,6.0,133.0,83.1,47.0,0.5,70.9,21.6,40.3,845.1,0.0,6.4,4.0,259.0,W,1.22,-1.01,3.29
776232,2025-09-21,2025,LAA,2025-09-21 13:10:00,13,3,1,4,1,21,7,11,253,85.6,2,37,0.0541,0.0909,1.0,9.0,5.0,4.0,127.0,87.3,36.0,0.25,0.0,12.0,2.0,7.0,126.0,84.4,46.0,0.0,79.6,26.5,23.0,844.5,0.1,7.2,4.5,304.6,NW,-4.11,-5.89,-1.82
