game_pk,game_date,season,away_team,game_start,start_hour,home_runs_scored,away_runs_scored,total_runs,home_runs_hit,strikeouts,walks,hits,total_pitches,avg_exit_velocity,n_barrels,n_bbe,barrel_rate,hr_h_ratio,temp_f,temp_c,rhum,pres,prcp,wspd,wspd_mph,wdir,wind_dir_bucket,wind_cf,wind_lcf,wind_rcf
413702,2015-04-10,2015,MIN,2015-04-10 15:10:00,15,0,6,6,1,16,11,13,302,83.8,1,48,0.0208,0.0769,52.3,11.3,49.0,991.4,0.1,34.7,21.6,287.4,W,34.56,33.53,31.43
413717,2015-04-11,2015,MIN,2015-04-11 13:10:00,13,5,4,9,2,15,2,18,270,88.0,2,53,0.0377,0.1111,52.9,11.6,54.7,1001.2,0.0,9.8,6.1,210.3,SW,1.33,4.56,-2.06
413732,2015-04-12,2015,MIN,2015-04-12 13:10:00,13,6,2,8,2,17,2,19,286,83.6,2,54,0.037,0.1053,59.2,15.1,50.7,996.0,0.0,18.7,11.6,179.0,S,-7.47,-1.14,-12.9
413837,2015-04-20,2015,CLE,2015-04-20 19:10:00,19,4,3,7,2,17,7,16,284,87.2,2,50,0.04,0.125,46.3,8.0,54.3,981.9,0.0,23.6,14.6,264.3,W,20.78,23.33,15.72
413848,2015-04-21,2015,CLE,2015-04-21 19:10:00,19,2,6,8,3,22,5,15,313,85.9,3,46,0.0652,0.2,45.9,7.7,46.0,984.4,0.0,19.4,12.0,285.3,W,19.22,18.88,17.23
413863,2015-04-22,2015,CLE,2015-04-22 13:10:00,13,6,0,6,1,15,5,22,288,88.9,3,55,0.0545,0.0455,43.9,6.6,45.7,989.2,0.3,26.9,16.7,287.3,W,26.79,26.0,24.35
413878,2015-04-23,2015,KC,2015-04-23 19:10:00,19,2,3,5,0,21,6,20,376,85.9,1,72,0.0139,0.0,42.0,5.5,71.0,995.2,0.0,6.1,3.8,125.4,SE,-5.95,-5.12,-6.05
413890,2015-04-24,2015,KC,2015-04-24 19:10:00,19,3,2,5,0,16,6,16,294,84.3,0,51,0.0,0.0,45.0,7.2,64.7,992.3,0.0,18.0,11.2,58.3,NE,-10.56,-14.92,-4.92
413920,2015-04-26,2015,KC,2015-04-26 13:10:00,13,5,3,8,1,20,3,14,264,86.1,0,45,0.0,0.0714,45.1,7.3,65.7,994.9,0.0,19.6,12.2,18.3,N,1.43,-5.36,8.04
414043,2015-05-05,2015,DET,2015-05-05 19:10:00,19,5,2,7,1,11,6,13,242,87.7,0,51,0.0,0.0769,48.4,9.1,98.3,1001.2,4.5,12.2,7.6,41.7,NE,-4.01,-7.71,0.18
414058,2015-05-06,2015,DET,2015-05-06 19:10:00,19,7,6,13,3,14,13,23,356,88.1,2,59,0.0339,0.1304,60.8,16.0,79.0,996.5,0.0,9.9,6.1,84.3,E,-8.69,-9.76,-6.57
414072,2015-05-07,2015,DET,2015-05-07 13:10:00,13,1,4,5,0,17,6,12,282,84.4,0,48,0.0,0.0,75.6,24.2,43.3,994.0,0.0,21.7,13.5,183.0,S,-7.25,0.19,-13.82
414083,2015-05-09,2015,CIN,2015-05-08 19:10:00,19,8,2,10,3,12,8,20,294,84.5,0,53,0.0,0.15,63.7,17.6,95.3,993.8,6.0,8.3,5.1,115.4,SE,-8.26,-7.61,-7.9
414098,2015-05-09,2015,CIN,2015-05-09 15:10:00,15,4,10,14,3,14,10,19,306,84.9,0,57,0.0,0.1579,47.7,8.7,88.0,997.1,0.0,17.1,10.6,30.7,NE,-2.43,-8.07,3.5
414113,2015-05-10,2015,CIN,2015-05-10 13:10:00,13,4,3,7,0,10,12,21,311,87.4,2,60,0.0333,0.0,48.9,9.4,90.0,994.8,0.0,10.4,6.5,17.0,N,1.0,-2.61,4.49
414222,2015-05-18,2015,CLE,2015-05-18 19:10:00,19,2,1,3,0,21,4,11,255,82.9,0,47,0.0,0.0,58.4,14.7,58.7,998.1,0.0,22.4,13.9,285.3,W,22.19,21.81,19.9
414231,2015-05-19,2015,CLE,2015-05-19 19:10:00,19,1,3,4,1,19,8,13,282,86.0,1,46,0.0217,0.0769,44.4,6.9,67.7,1002.4,0.0,12.7,7.9,65.3,NE,-8.61,-11.27,-4.92
414246,2015-05-20,2015,CLE,2015-05-20 19:10:00,19,3,4,7,2,15,8,12,290,83.3,4,50,0.08,0.1667,44.1,6.7,66.0,999.2,0.2,6.4,4.0,356.3,N,2.81,0.68,4.59
414260,2015-05-21,2015,CLE,2015-05-21 19:10:00,19,2,5,7,3,15,9,18,316,88.0,1,55,0.0182,0.1667,60.1,15.6,60.3,995.3,0.0,13.9,8.7,222.3,SW,4.73,8.93,-0.04
414275,2015-05-22,2015,MIN,2015-05-22 19:10:00,19,3,2,5,0,15,3,12,233,85.7,0,47,0.0,0.0,52.2,11.2,63.3,1003.5,0.0,12.2,7.6,75.0,E,-9.71,-11.67,-6.57
414290,2015-05-23,2015,MIN,2015-05-23 15:10:00,15,3,4,7,2,21,3,12,232,85.3,3,44,0.0682,0.1667,68.2,20.1,52.7,1001.6,0.0,7.2,4.5,140.7,SE,-6.32,-4.78,-7.09
414305,2015-05-24,2015,MIN,2015-05-24 13:10:00,13,1,8,9,3,15,2,13,262,84.9,3,52,0.0577,0.2308,67.9,19.9,67.0,995.7,0.0,16.6,10.3,122.2,SE,-16.36,-14.42,-16.33
414464,2015-06-05,2015,DET,2015-06-05 19:10:00,19,4,3,7,2,16,4,16,286,86.9,2,60,0.0333,0.125,50.0,10.0,93.3,998.8,0.0,19.4,12.1,5.7,N,5.63,-1.07,11.65
414479,2015-06-06,2015,DET,2015-06-06 18:15:00,18,1,7,8,1,15,4,23,262,86.4,2,58,0.0345,0.0435,55.2,12.9,79.3,994.9,0.0,11.1,6.9,53.0,NE,-5.62,-8.54,-2.02
414494,2015-06-07,2015,DET,2015-06-07 13:10:00,13,4,6,10,3,12,3,16,237,88.8,3,55,0.0545,0.1875,70.4,21.3,84.7,985.7,16.0,21.7,13.5,215.3,SW,4.81,11.74,-2.71
414507,2015-06-08,2015,HOU,2015-06-08 19:10:00,19,3,1,4,1,25,1,9,241,82.0,2,34,0.0588,0.1111,68.1,20.0,79.3,986.7,0.0,9.6,6.0,1.0,N,3.54,0.26,6.39
414518,2015-06-09,2015,HOU,2015-06-09 19:10:00,19,4,2,6,2,16,6,17,319,92.2,1,51,0.0196,0.1176,74.8,23.8,63.0,985.9,0.0,15.1,9.4,195.0,S,-1.97,3.26,-6.96
414533,2015-06-10,2015,HOU,2015-06-10 19:10:00,19,4,1,5,3,13,8,16,276,86.7,3,52,0.0577,0.1875,70.9,21.6,91.7,987.1,0.0,3.4,2.1,107.5,E,-3.39,-3.28,-3.08
414637,2015-06-17,2015,PIT,2015-06-17 19:10:00,19,2,3,5,1,15,2,9,259,84.4,1,47,0.0213,0.1111,66.8,19.3,85.3,993.4,0.0,3.6,2.2,134.0,SE,-3.32,-2.67,-3.57
414652,2015-06-18,2015,PIT,2015-06-18 19:10:00,19,2,3,5,1,14,5,16,280,84.0,2,53,0.0377,0.0625,59.8,15.5,89.0,994.8,0.0,15.7,9.8,13.3,N,2.5,-2.96,7.67
414672,2015-06-19,2015,TEX,2015-06-19 19:10:00,19,1,2,3,1,23,3,13,267,82.3,1,44,0.0227,0.0769,56.1,13.4,85.0,994.4,0.0,11.7,7.3,31.0,NE,-1.73,-5.6,2.34
414687,2015-06-20,2015,TEX,2015-06-20 13:10:00,13,3,2,5,0,13,7,10,257,82.8,0,45,0.0,0.0,74.8,23.8,70.0,987.4,0.0,18.2,11.3,185.7,S,-5.24,1.03,-10.87
414702,2015-06-21,2015,TEX,2015-06-21 13:10:00,13,3,2,5,3,19,7,20,346,84.3,2,62,0.0323,0.15,77.6,25.3,64.3,992.6,0.0,7.9,4.9,238.3,SW,4.62,6.54,2.16
414848,2015-07-03,2015,BAL,2015-07-03 19:10:00,19,1,0,1,1,14,4,12,242,84.7,0,46,0.0,0.0833,64.8,18.2,79.7,992.1,0.0,7.7,4.8,82.0,E,-6.63,-7.57,-4.9
414863,2015-07-04,2015,BAL,2015-07-04 13:10:00,13,3,2,5,1,18,4,15,274,86.5,2,47,0.0426,0.0667,75.4,24.1,59.3,994.9,0.0,2.5,1.5,146.4,SE,-2.05,-1.45,-2.39
414878,2015-07-05,2015,BAL,2015-07-05 13:10:00,13,1,9,10,1,19,7,15,307,87.3,2,51,0.0392,0.0667,76.9,25.0,65.3,996.6,0.0,10.0,6.2,128.7,SE,-9.57,-8.05,-9.94
414902,2015-07-06,2015,TOR,2015-07-06 19:10:00,19,4,2,6,2,8,0,15,212,85.8,2,54,0.037,0.1333,74.3,23.5,88.0,989.9,0.0,20.1,12.5,205.4,SW,1.0,7.81,-5.93
414917,2015-07-07,2015,TOR,2015-07-07 19:10:00,19,1,2,3,1,16,2,12,254,85.5,1,48,0.0208,0.0833,58.3,14.6,70.7,997.4,0.0,13.4,8.3,21.3,N,0.27,-4.34,4.85
414932,2015-07-08,2015,TOR,2015-07-08 19:10:00,19,7,6,13,1,23,8,26,354,90.0,2,59,0.0339,0.0385,64.5,18.1,90.7,994.2,0.3,7.4,4.6,77.0,E,-6.0,-7.1,-4.17
414942,2015-07-09,2015,TOR,2015-07-09 13:10:00,13,2,0,2,1,12,3,9,241,85.5,1,46,0.0217,0.1111,67.2,19.6,74.0,995.6,0.0,5.0,3.1,16.3,N,0.54,-1.2,2.22
413905,2015-07-17,2015,KC,2015-04-25 13:10:00,13,2,4,6,4,10,9,14,271,85.7,1,52,0.0192,0.2857,43.6,6.4,87.0,986.1,4.8,22.6,14.1,56.7,NE,-12.71,-18.35,-5.54
414994,2015-07-17,2015,KC,2015-07-17 19:10:00,19,2,0,2,0,12,7,13,267,83.7,1,49,0.0204,0.0,80.4,26.9,86.7,988.2,0.7,6.4,4.0,179.6,S,-2.49,-0.32,-4.35
415009,2015-07-18,2015,KC,2015-07-18 13:10:00,13,6,7,13,2,20,10,31,455,86.6,3,85,0.0353,0.0645,81.4,27.5,83.0,989.1,5.9,20.0,12.4,197.2,S,-1.85,5.07,-8.55
415024,2015-07-19,2015,KC,2015-07-19 13:10:00,13,1,4,5,3,13,2,19,258,87.2,2,54,0.037,0.1579,79.9,26.6,71.3,990.7,0.0,14.8,9.2,299.0,NW,14.67,13.22,14.36
415055,2015-07-21,2015,STL,2015-07-21 19:10:00,19,5,8,13,4,20,9,19,329,87.0,5,52,0.0962,0.2105,70.2,21.2,74.7,991.9,0.0,2.7,1.7,269.6,W,2.46,2.66,1.95
415070,2015-07-22,2015,STL,2015-07-22 19:10:00,19,2,3,5,0,21,3,15,297,86.5,1,47,0.0213,0.0,71.7,22.0,67.0,993.2,0.0,8.0,5.0,107.9,E,-7.97,-7.71,-7.28
415189,2015-07-31,2015,NYY,2015-07-31 19:10:00,19,6,13,19,3,19,12,31,411,88.8,3,65,0.0462,0.0968,75.6,24.2,53.0,993.5,0.0,9.7,6.0,316.7,NW,8.85,6.96,9.67
415204,2015-08-01,2015,NYY,2015-08-01 18:10:00,18,8,2,10,3,16,8,16,289,87.4,1,49,0.0204,0.1875,79.5,26.4,56.7,991.5,0.0,16.3,10.1,231.3,SW,7.88,12.3,2.51
415219,2015-08-02,2015,NYY,2015-08-02 13:10:00,13,3,12,15,4,18,6,20,313,89.6,3,54,0.0556,0.2,81.6,27.5,65.3,986.7,0.9,27.9,17.3,220.0,SW,8.38,16.96,-1.22
415236,2015-08-03,2015,TB,2015-08-03 19:10:00,19,4,5,9,3,20,6,19,306,88.2,3,52,0.0577,0.1579,75.4,24.1,49.3,991.1,0.0,10.3,6.4,278.0,W,9.94,10.22,8.46
415251,2015-08-04,2015,TB,2015-08-04 19:10:00,19,3,11,14,6,21,6,20,310,85.7,6,52,0.1154,0.3,75.3,24.0,56.7,995.0,0.0,9.7,6.0,70.3,E,-7.21,-9.01,-4.55
415266,2015-08-05,2015,TB,2015-08-05 13:10:00,13,6,5,11,2,16,9,21,335,87.6,4,59,0.0678,0.0952,77.2,25.1,53.3,995.7,0.0,11.4,7.1,59.7,NE,-6.89,-9.58,-3.36
415322,2015-08-10,2015,LAA,2015-08-10 19:10:00,19,8,2,10,3,13,2,19,256,87.9,3,55,0.0545,0.1579,72.3,22.4,87.3,991.4,0.0,7.5,4.7,4.0,N,2.38,-0.2,4.67
415329,2015-08-11,2015,LAA,2015-08-11 19:10:00,19,3,0,3,1,20,4,9,276,86.4,2,39,0.0513,0.1111,69.4,20.8,73.3,997.7,0.0,5.3,3.3,106.4,E,-5.24,-5.11,-4.73
415344,2015-08-12,2015,LAA,2015-08-12 19:10:00,19,3,2,5,0,18,9,21,388,86.1,1,77,0.013,0.0,70.2,21.2,69.7,998.4,0.0,7.5,4.7,126.9,SE,-7.26,-6.19,-7.46
415370,2015-08-14,2015,CHC,2015-08-14 15:10:00,15,5,6,11,4,20,7,20,324,87.3,4,52,0.0769,0.2,84.0,28.9,63.0,997.5,0.3,9.0,5.6,254.9,W,7.1,8.55,4.8
415385,2015-08-15,2015,CHC,2015-08-15 18:10:00,18,3,6,9,0,17,6,18,331,88.0,0,55,0.0,0.0,77.5,25.3,79.7,997.2,0.0,6.3,3.9,162.7,S,-4.01,-2.13,-5.42
415400,2015-08-16,2015,CHC,2015-08-16 13:10:00,13,3,1,4,4,27,5,11,292,89.2,1,36,0.0278,0.3636,84.6,29.2,52.7,997.1,0.0,10.6,6.6,224.0,SW,3.87,7.0,0.28
415510,2015-08-24,2015,BOS,2015-08-24 19:10:00,19,4,5,9,2,15,4,19,280,86.1,1,54,0.0185,0.1053,65.4,18.6,56.3,994.0,0.0,21.8,13.6,312.0,NW,20.58,16.85,21.83
415519,2015-08-25,2015,BOS,2015-08-25 19:10:00,19,5,4,9,0,15,1,23,274,85.3,0,55,0.0,0.0,67.0,19.4,67.7,996.4,0.0,9.2,5.7,72.4,E,-7.01,-8.61,-4.56
415534,2015-08-26,2015,BOS,2015-08-26 19:10:00,19,0,3,3,1,15,3,13,270,84.2,1,51,0.0196,0.0769,65.1,18.4,67.0,1000.1,0.0,7.4,4.6,76.7,E,-6.0,-7.12,-4.16
415555,2015-08-27,2015,SEA,2015-08-27 19:10:00,19,4,2,6,1,11,3,16,247,90.0,4,54,0.0741,0.0625,69.1,20.6,70.7,998.7,0.0,7.4,4.6,122.7,SE,-7.25,-6.37,-7.26
415571,2015-08-28,2015,SEA,2015-08-28 19:10:00,19,0,2,2,2,14,2,14,269,90.0,3,53,0.0566,0.1429,73.8,23.2,72.7,997.2,0.0,13.0,8.1,132.0,SE,-12.25,-10.03,-13.0
415586,2015-08-29,2015,SEA,2015-08-29 18:10:00,18,6,7,13,1,19,11,24,368,89.6,2,58,0.0345,0.0417,69.4,20.8,92.0,995.1,0.4,7.2,4.5,41.7,NE,-2.37,-4.57,0.11
415601,2015-08-30,2015,SEA,2015-08-30 13:10:00,13,6,5,11,3,29,10,26,393,88.4,4,62,0.0645,0.1154,72.1,22.3,75.3,996.1,0.0,3.2,2.0,21.9,N,0.03,-1.05,1.12
415699,2015-09-07,2015,CLE,2015-09-07 13:10:00,13,2,3,5,3,17,6,11,253,88.8,2,47,0.0426,0.2727,82.9,28.3,60.3,993.6,0.0,7.6,4.7,232.0,SW,3.76,5.8,1.26
415714,2015-09-08,2015,CLE,2015-09-08 19:10:00,19,7,4,11,4,19,6,19,274,87.8,1,50,0.02,0.2105,70.4,21.3,93.0,990.3,1.4,10.2,6.3,303.7,NW,9.97,8.7,10.05
415729,2015-09-09,2015,CLE,2015-09-09 19:10:00,19,4,6,10,5,17,3,19,296,89.4,3,56,0.0536,0.2632,65.2,18.4,83.7,993.7,0.0,6.9,4.3,73.0,E,-5.32,-6.5,-3.5
415756,2015-09-11,2015,MIN,2015-09-11 19:10:00,19,2,6,8,4,14,10,16,320,87.4,4,52,0.0769,0.25,59.2,15.1,77.0,995.4,0.0,17.5,10.9,10.7,N,3.58,-2.48,9.21
415771,2015-09-12,2015,MIN,2015-09-12 18:10:00,18,8,2,10,0,13,7,20,332,87.2,0,59,0.0,0.0,57.9,14.4,66.0,995.1,0.0,11.1,6.9,11.7,N,2.09,-1.77,5.71
415786,2015-09-13,2015,MIN,2015-09-13 13:10:00,13,0,7,7,1,18,4,20,314,86.1,0,54,0.0,0.05,66.9,19.4,41.3,994.8,0.0,8.3,5.2,270.3,W,7.69,8.29,6.15
415802,2015-09-14,2015,ATH,2015-09-14 19:10:00,19,8,7,15,5,35,17,22,495,86.8,4,69,0.058,0.2273,68.9,20.5,63.7,996.8,0.0,23.8,14.8,187.3,S,-6.22,2.0,-13.69
415815,2015-09-15,2015,ATH,2015-09-15 19:10:00,19,6,17,23,4,18,11,31,376,88.1,4,64,0.0625,0.129,71.3,21.8,62.7,1000.8,0.0,17.0,10.6,167.7,S,-9.71,-4.35,-13.9
415830,2015-09-16,2015,ATH,2015-09-16 19:10:00,19,9,4,13,5,9,10,16,299,89.5,6,57,0.1053,0.3125,72.4,22.5,65.3,998.0,0.0,17.9,11.1,179.7,S,-6.96,-0.89,-12.19
415841,2015-09-17,2015,ATH,2015-09-17 13:10:00,13,2,4,6,2,14,5,15,275,87.8,2,52,0.0385,0.1333,78.7,25.9,62.3,992.8,0.0,22.9,14.2,184.0,S,-7.27,0.6,-14.26
415998,2015-09-29,2015,KC,2015-09-29 19:10:00,19,4,2,6,3,9,4,19,297,87.0,3,58,0.0517,0.1579,59.4,15.2,76.7,998.0,0.0,27.9,17.3,17.3,N,2.51,-7.14,11.86
416013,2015-09-30,2015,KC,2015-09-30 19:10:00,19,3,5,8,4,17,4,20,313,83.4,5,64,0.0781,0.2,54.9,12.7,71.3,1001.8,0.0,18.2,11.3,24.6,NE,-0.67,-6.85,5.59
416027,2015-10-01,2015,KC,2015-10-01 19:10:00,19,4,6,10,0,11,8,21,304,86.3,0,60,0.0,0.0,53.3,11.8,66.0,1004.6,0.0,25.0,15.5,47.7,NE,-10.62,-17.71,-2.25
416040,2015-10-02,2015,DET,2015-10-02 19:10:00,19,2,1,3,1,10,2,10,211,86.1,1,48,0.0208,0.1,53.4,11.9,63.3,1003.6,0.0,29.0,18.0,55.3,NE,-15.74,-23.14,-6.45
416055,2015-10-03,2015,DET,2015-10-03 18:10:00,18,4,3,7,1,17,8,16,309,86.5,3,52,0.0577,0.0625,50.2,10.1,78.7,1001.2,0.1,26.8,16.6,61.3,NE,-16.78,-22.9,-8.64
416070,2015-10-04,2015,DET,2015-10-04 14:10:00,14,0,6,6,0,14,9,11,292,84.4,0,51,0.0,0.0,55.2,12.9,86.3,999.9,0.0,18.9,11.7,32.0,NE,-3.11,-9.29,3.44
446914,2016-04-08,2016,CLE,2016-04-08 15:10:00,15,1,7,8,1,18,6,12,285,86.3,2,45,0.0444,0.0833,38.8,3.8,65.0,988.6,0.5,23.4,14.5,312.0,NW,22.06,18.06,23.4
446929,2016-04-09,2016,CLE,2016-04-09 13:10:00,13,7,3,10,4,13,5,17,273,85.3,3,55,0.0545,0.2353,32.3,0.2,46.0,1002.8,0.0,7.6,4.7,49.3,NE,-3.42,-5.54,-0.9
447055,2016-04-18,2016,LAA,2016-04-18 19:10:00,19,0,7,7,0,15,5,16,301,82.3,1,54,0.0185,0.0,57.3,14.0,66.3,1000.7,0.0,10.6,6.6,88.3,E,-9.64,-10.54,-7.58
447064,2016-04-19,2016,LAA,2016-04-19 19:10:00,19,5,0,5,2,12,5,12,269,82.3,2,50,0.04,0.1667,52.8,11.5,77.3,999.8,0.0,16.8,10.4,54.0,NE,-8.76,-13.12,-3.34
447079,2016-04-20,2016,LAA,2016-04-20 13:10:00,13,2,1,3,1,11,4,9,283,80.7,2,47,0.0426,0.1111,62.2,16.8,61.3,994.4,0.7,13.1,8.1,139.7,SE,-11.65,-8.9,-13.0
447093,2016-04-21,2016,LAA,2016-04-21 13:10:00,13,2,3,5,3,7,11,11,268,82.6,4,52,0.0769,0.2727,58.5,14.7,81.3,987.2,0.0,5.0,3.1,230.0,SW,2.29,3.66,0.65
447117,2016-04-22,2016,TEX,2016-04-22 19:10:00,19,5,0,5,0,10,6,12,260,85.1,1,50,0.02,0.0,41.5,5.3,82.0,999.2,0.0,17.1,10.6,6.3,N,4.75,-1.14,10.07
447132,2016-04-23,2016,TEX,2016-04-23 13:10:00,13,4,3,7,3,18,11,18,371,82.7,3,60,0.05,0.1667,50.0,10.0,73.0,999.0,0.0,12.6,7.8,68.7,E,-9.07,-11.5,-5.54
447147,2016-04-24,2016,TEX,2016-04-24 13:10:00,13,4,1,5,2,11,8,16,287,85.3,3,52,0.0577,0.125,65.7,18.7,62.7,990.8,0.0,13.0,8.1,178.3,S,-5.31,-0.94,-9.03
447256,2016-05-03,2016,BOS,2016-05-03 19:10:00,19,4,1,5,1,14,7,9,273,83.0,3,44,0.0682,0.1111,57.1,13.9,59.0,986.3,0.0,15.0,9.3,229.3,SW,6.76,10.92,1.78
447271,2016-05-04,2016,BOS,2016-05-04 19:10:00,19,2,5,7,2,14,6,14,275,86.0,2,49,0.0408,0.1429,42.3,5.7,79.0,989.9,0.0,21.2,13.2,4.7,N,6.49,-0.8,13.0
447285,2016-05-05,2016,BOS,2016-05-05 19:10:00,19,3,7,10,4,15,16,20,360,83.6,3,54,0.0556,0.2,45.0,7.2,85.7,993.5,0.0,4.8,3.0,100.7,E,-4.7,-4.75,-4.08
447301,2016-05-06,2016,MIN,2016-05-06 19:10:00,19,10,4,14,2,15,6,21,291,87.0,3,55,0.0545,0.0952,65.5,18.6,74.3,986.9,0.0,11.2,7.0,233.7,SW,5.8,8.73,2.17
447316,2016-05-07,2016,MIN,2016-05-07 18:10:00,18,7,2,9,1,18,8,17,321,82.5,1,48,0.0208,0.0588,48.0,8.9,55.3,989.4,0.0,10.4,6.5,40.0,NE,-3.13,-6.33,0.45
447331,2016-05-08,2016,MIN,2016-05-08 13:10:00,13,3,1,4,0,18,5,13,254,84.6,2,45,0.0444,0.0,62.5,17.0,45.0,991.7,0.0,6.1,3.8,175.7,S,-2.74,-0.72,-4.43
447449,2016-05-17,2016,HOU,2016-05-17 19:10:00,19,5,6,11,4,23,7,22,383,86.9,3,67,0.0448,0.1818,46.3,7.9,65.0,1001.8,0.0,12.7,7.9,16.3,N,1.36,-3.03,5.59
447464,2016-05-18,2016,HOU,2016-05-18 19:10:00,19,3,5,8,2,15,7,23,284,84.0,2,56,0.0357,0.087,49.3,9.6,76.0,1001.0,0.0,7.6,4.7,41.0,NE,-2.41,-4.73,0.2
447478,2016-05-19,2016,HOU,2016-05-19 19:10:00,19,2,1,3,1,18,1,9,230,79.8,2,42,0.0476,0.1111,53.2,11.8,61.7,999.5,0.0,11.1,6.9,78.3,E,-9.19,-10.76,-6.5
447492,2016-05-20,2016,KC,2016-05-20 19:10:00,19,1,4,5,0,16,3,18,280,83.1,0,54,0.0,0.0,52.1,11.2,70.0,997.3,0.0,11.8,7.3,27.7,NE,-1.06,-5.02,3.02
447507,2016-05-21,2016,KC,2016-05-21 13:10:00,13,1,2,3,1,15,5,15,296,81.8,3,51,0.0588,0.0667,60.3,15.7,52.3,997.7,0.0,13.3,8.3,21.7,N,0.19,-4.37,4.73
447522,2016-05-22,2016,KC,2016-05-22 13:10:00,13,3,2,5,1,14,6,15,262,83.4,3,50,0.06,0.0667,61.2,16.2,59.7,996.1,0.0,13.9,8.6,37.7,NE,-3.64,-8.01,1.17
446944,2016-05-23,2016,CLE,2016-04-10 13:10:00,13,1,5,6,3,16,4,13,276,83.6,2,50,0.04,0.2308,44.9,7.2,84.0,987.0,4.6,25.2,15.7,198.3,S,-1.83,6.88,-10.32
447533,2016-05-23,2016,CLE,2016-05-23 16:10:00,16,7,6,13,5,14,12,17,311,81.3,5,54,0.0926,0.2941,71.8,22.1,50.3,991.9,0.0,7.3,4.5,143.7,SE,-6.25,-4.58,-7.16
447544,2016-05-24,2016,CLE,2016-05-24 19:10:00,19,2,6,8,2,15,6,16,285,84.0,2,53,0.0377,0.125,71.8,22.1,64.3,993.1,0.0,14.6,9.1,192.0,S,-2.67,2.42,-7.43
447559,2016-05-25,2016,CLE,2016-05-25 13:10:00,13,3,4,7,1,21,2,17,298,82.0,0,50,0.0,0.0588,74.5,23.6,66.3,992.4,0.8,13.5,8.4,152.9,SE,-10.25,-6.64,-12.62
447748,2016-06-07,2016,WSH,2016-06-07 19:10:00,19,5,10,15,2,15,14,19,393,83.5,2,56,0.0357,0.1053,58.8,14.9,74.3,991.2,0.0,5.5,3.4,84.5,E,-4.89,-5.48,-3.7
447763,2016-06-08,2016,WSH,2016-06-08 19:10:00,19,4,11,15,4,14,6,27,359,82.6,2,65,0.0308,0.1481,58.3,14.6,74.0,994.9,0.0,12.8,8.0,76.0,E,-10.29,-12.27,-7.06
447771,2016-06-09,2016,WSH,2016-06-09 19:10:00,19,3,1,4,1,20,2,10,238,86.7,0,40,0.0,0.1,66.1,19.0,90.7,992.5,0.0,13.5,8.4,95.7,E,-12.92,-13.48,-10.81
447778,2016-06-10,2016,KC,2016-06-10 19:10:00,19,7,5,12,7,14,2,24,276,86.4,5,57,0.0877,0.2917,80.2,26.8,57.3,991.6,0.0,17.6,11.0,226.0,SW,7.03,12.14,1.08
447793,2016-06-11,2016,KC,2016-06-11 13:10:00,13,1,4,5,3,23,4,14,254,81.9,0,43,0.0,0.2143,84.7,29.3,60.7,993.5,0.0,13.6,8.5,263.7,W,11.94,13.47,8.97
447808,2016-06-12,2016,KC,2016-06-12 13:10:00,13,1,3,4,2,22,4,16,263,85.2,3,42,0.0714,0.125,62.3,16.8,60.0,999.8,0.0,18.7,11.6,24.3,NE,-0.6,-6.95,5.83
447820,2016-06-13,2016,DET,2016-06-13 19:10:00,19,10,9,19,3,17,17,30,446,82.9,4,81,0.0494,0.1,69.4,20.8,71.7,991.1,0.0,13.0,8.1,58.7,NE,-7.65,-10.77,-3.61
447831,2016-06-14,2016,DET,2016-06-14 19:10:00,19,8,11,19,1,14,9,27,346,83.7,3,64,0.0469,0.037,71.8,22.1,87.0,987.9,0.0,12.4,7.7,132.3,SE,-11.7,-9.55,-12.43
447846,2016-06-15,2016,DET,2016-06-15 19:10:00,19,5,3,8,1,11,5,17,261,84.2,1,55,0.0182,0.0588,80.8,27.1,67.7,985.3,0.0,10.9,6.8,201.0,S,-0.28,3.45,-3.98
447973,2016-06-24,2016,TOR,2016-06-24 19:10:00,19,3,2,5,1,17,5,19,308,82.7,0,53,0.0,0.0526,70.2,21.2,75.3,996.6,0.0,10.2,6.3,76.3,E,-8.21,-9.76,-5.66
447988,2016-06-25,2016,TOR,2016-06-25 13:10:00,13,8,10,18,8,16,6,25,296,85.3,5,63,0.0794,0.32,83.4,28.5,62.7,996.2,0.0,12.7,7.9,165.3,S,-7.69,-3.76,-10.7
448003,2016-06-26,2016,TOR,2016-06-26 13:10:00,13,5,2,7,4,16,6,13,254,84.3,1,45,0.0222,0.3077,81.5,27.5,68.3,995.1,0.0,11.8,7.4,307.3,NW,11.44,9.71,11.79
448023,2016-06-28,2016,MIN,2016-06-28 19:10:00,19,0,4,4,2,20,4,13,275,82.1,0,47,0.0,0.1538,61.7,16.5,63.3,998.8,0.0,8.2,5.1,34.7,NE,-1.73,-4.37,1.12
448039,2016-06-29,2016,MIN,2016-06-29 19:10:00,19,9,6,15,4,16,5,24,304,86.5,3,58,0.0517,0.1667,70.3,21.3,48.7,996.7,0.0,7.9,4.9,137.4,SE,-7.17,-5.6,-7.87
448054,2016-06-30,2016,MIN,2016-06-30 13:10:00,13,6,5,11,3,19,5,20,294,82.8,2,47,0.0426,0.15,76.4,24.7,43.0,993.9,0.0,14.5,9.0,220.3,SW,4.43,8.87,-0.55
448111,2016-07-04,2016,NYY,2016-07-04 13:10:00,13,8,2,10,3,19,5,21,297,82.8,3,57,0.0526,0.1429,73.9,23.3,72.7,990.1,0.0,3.5,2.2,111.5,E,-3.47,-3.28,-3.24
448126,2016-07-05,2016,NYY,2016-07-05 19:10:00,19,0,9,9,2,13,4,26,296,87.9,3,66,0.0455,0.0769,79.3,26.3,70.0,989.8,0.0,10.4,6.5,191.7,S,-1.96,1.66,-5.35
448141,2016-07-06,2016,NYY,2016-07-06 19:10:00,19,5,0,5,0,12,6,13,261,82.7,0,48,0.0,0.0,80.9,27.2,74.3,989.5,0.0,4.5,2.8,273.1,W,4.24,4.5,3.48
448158,2016-07-08,2016,ATL,2016-07-08 19:10:00,19,8,11,19,5,17,6,28,329,85.8,4,63,0.0635,0.1786,76.5,24.7,56.3,990.3,0.0,15.0,9.3,296.7,NW,14.96,13.69,14.43
448173,2016-07-09,2016,ATL,2016-07-09 13:10:00,13,5,4,9,4,11,4,19,269,84.7,2,56,0.0357,0.2105,70.3,21.3,72.3,996.7,0.0,16.6,10.3,35.3,NE,-3.68,-8.98,2.06
448188,2016-07-10,2016,ATL,2016-07-10 13:10:00,13,0,2,2,2,12,3,12,234,85.0,4,51,0.0784,0.1667,76.2,24.6,64.3,996.1,0.0,7.2,4.5,79.0,E,-6.03,-7.03,-4.3
448291,2016-07-21,2016,DET,2016-07-21 19:10:00,19,1,2,3,2,7,2,15,212,85.8,5,45,0.1111,0.1333,78.8,26.0,87.7,995.9,0.0,7.0,4.3,267.0,W,6.32,6.97,4.91
448303,2016-07-22,2016,DET,2016-07-22 19:10:00,19,5,7,12,1,18,11,19,355,84.4,0,55,0.0,0.0526,82.6,28.1,79.7,994.4,0.0,3.9,2.4,308.1,NW,3.76,3.17,3.89
448318,2016-07-23,2016,DET,2016-07-23 18:10:00,18,4,3,7,2,19,4,15,295,86.7,2,49,0.0408,0.1333,81.3,27.4,83.7,993.5,0.0,13.2,8.2,48.4,NE,-5.75,-9.45,-1.35
448333,2016-07-24,2016,DET,2016-07-24 13:10:00,13,5,4,9,5,13,5,20,305,84.6,5,58,0.0862,0.25,84.0,28.9,73.7,990.7,8.6,20.9,13.0,209.0,SW,2.37,9.34,-4.89
448345,2016-07-25,2016,CHC,2016-07-25 19:10:00,19,5,4,9,2,19,7,20,308,81.6,3,52,0.0577,0.1,76.6,24.8,70.0,994.7,0.0,6.7,4.2,107.5,E,-6.67,-6.47,-6.07
448357,2016-07-26,2016,CHC,2016-07-26 18:10:00,18,3,0,3,1,14,9,10,286,82.3,1,45,0.0222,0.1,76.6,24.8,77.7,994.8,0.0,6.0,3.7,86.0,E,-5.37,-5.96,-4.13
448489,2016-08-05,2016,BAL,2016-08-05 19:10:00,19,5,7,12,3,11,4,26,313,86.1,4,68,0.0588,0.1154,77.8,25.5,79.3,992.0,0.0,7.0,4.4,13.9,N,1.06,-1.38,3.37
448504,2016-08-06,2016,BAL,2016-08-06 18:10:00,18,4,2,6,2,17,5,16,292,83.4,2,47,0.0426,0.125,73.6,23.1,71.3,993.8,0.0,6.6,4.1,83.0,E,-5.72,-6.48,-4.26
448519,2016-08-07,2016,BAL,2016-08-07 13:10:00,13,2,10,12,6,14,10,16,310,83.8,5,54,0.0926,0.375,77.2,25.1,60.7,996.3,0.0,14.3,8.9,52.7,NE,-7.19,-10.98,-2.52
448687,2016-08-19,2016,ATH,2016-08-19 19:10:00,19,0,9,9,3,12,4,13,253,83.9,3,54,0.0556,0.2308,75.7,24.3,86.7,989.7,0.0,12.7,7.9,192.7,S,-2.17,2.25,-6.33
448702,2016-08-20,2016,ATH,2016-08-20 18:10:00,18,6,2,8,2,17,4,16,277,84.0,4,50,0.08,0.125,72.9,22.7,71.7,984.2,0.0,18.2,11.3,282.7,W,17.93,17.91,15.79
448717,2016-08-21,2016,ATH,2016-08-21 13:10:00,13,4,2,6,2,14,2,21,256,84.5,2,56,0.0357,0.0952,71.3,21.8,54.7,993.5,0.0,17.2,10.7,297.0,NW,17.18,15.68,16.61
448742,2016-08-23,2016,PHI,2016-08-23 19:10:00,19,9,1,10,3,11,6,16,278,83.1,2,54,0.037,0.1875,74.5,23.6,66.7,998.5,0.0,16.7,10.4,164.0,S,-10.38,-5.29,-14.21
448758,2016-08-24,2016,PHI,2016-08-24 19:10:00,19,3,5,8,3,15,3,17,268,85.3,0,55,0.0,0.1765,76.4,24.7,83.0,993.4,0.0,11.1,6.9,225.0,SW,4.23,7.48,0.48
448771,2016-08-25,2016,SEA,2016-08-25 19:10:00,19,7,6,13,1,12,7,19,308,82.9,3,59,0.0508,0.0526,76.6,24.8,79.7,996.7,0.1,7.0,4.3,316.3,NW,6.37,5.03,6.95
448785,2016-08-26,2016,SEA,2016-08-26 19:10:00,19,1,3,4,2,22,2,13,241,84.6,4,40,0.1,0.1538,71.5,22.0,83.3,998.7,0.0,12.2,7.6,50.3,NE,-5.7,-9.04,-1.66
448800,2016-08-27,2016,SEA,2016-08-27 18:10:00,18,9,3,12,4,13,6,22,285,85.2,2,57,0.0351,0.1818,79.5,26.4,80.7,996.2,0.0,7.9,4.9,207.3,SW,0.66,3.3,-2.06
448815,2016-08-28,2016,SEA,2016-08-28 13:10:00,13,4,1,5,1,13,2,12,258,81.4,1,49,0.0204,0.0833,76.3,24.6,85.7,1000.8,0.0,11.2,7.0,62.3,NE,-7.18,-9.68,-3.8
448914,2016-09-05,2016,DET,2016-09-05 15:10:00,15,3,5,8,4,28,5,19,355,84.6,4,56,0.0714,0.2105,82.5,28.1,72.0,995.6,0.5,16.9,10.5,205.3,SW,0.84,6.57,-5.0
448929,2016-09-06,2016,DET,2016-09-06 19:10:00,19,2,0,2,1,17,5,15,271,84.2,2,45,0.0444,0.0667,80.7,27.0,78.3,995.4,0.0,13.2,8.2,192.3,S,-2.33,2.25,-6.63
448944,2016-09-07,2016,DET,2016-09-07 13:10:00,13,7,4,11,1,16,6,23,294,81.6,2,54,0.037,0.0435,86.4,30.2,64.7,992.7,0.0,17.4,10.8,211.3,SW,2.68,8.41,-3.38
448967,2016-09-09,2016,KC,2016-09-09 19:10:00,19,7,2,9,0,15,5,20,301,82.8,0,56,0.0,0.0,72.0,22.2,84.0,990.7,0.2,8.9,5.5,63.6,NE,-5.83,-7.76,-3.19
448982,2016-09-10,2016,KC,2016-09-10 18:10:00,18,5,6,11,2,16,8,20,310,83.8,2,55,0.0364,0.1,68.7,20.4,61.7,995.4,0.0,16.1,10.0,300.3,NW,15.95,14.24,15.74
448997,2016-09-11,2016,KC,2016-09-11 13:10:00,13,0,2,2,2,20,6,12,287,80.4,1,43,0.0233,0.1667,72.4,22.5,45.3,1000.2,0.0,6.2,3.9,222.3,SW,2.12,3.99,-0.02
449008,2016-09-12,2016,CLE,2016-09-12 19:10:00,19,11,4,15,4,13,5,24,320,84.1,4,63,0.0635,0.1667,70.5,21.4,71.3,995.9,0.0,14.1,8.8,185.3,S,-4.16,0.7,-8.52
449023,2016-09-13,2016,CLE,2016-09-13 19:10:00,19,8,1,9,1,16,4,15,248,82.1,0,49,0.0,0.0667,72.6,22.5,85.0,997.8,0.0,10.2,6.3,348.3,N,5.72,2.5,8.25
449038,2016-09-14,2016,CLE,2016-09-14 19:10:00,19,1,6,7,1,11,3,16,267,84.8,2,58,0.0345,0.0625,67.3,19.6,74.7,1001.9,0.0,9.7,6.0,51.0,NE,-4.61,-7.24,-1.43
449051,2016-09-15,2016,CLE,2016-09-15 13:10:00,13,2,1,3,1,19,7,13,317,82.2,2,45,0.0444,0.0769,73.0,22.8,66.0,1000.1,0.0,13.2,8.2,96.3,E,-12.68,-13.17,-10.66
449210,2016-09-26,2016,TB,2016-09-26 19:10:00,19,7,1,8,2,12,6,20,301,82.4,1,56,0.0179,0.1,61.9,16.6,48.7,992.6,0.0,19.1,11.8,256.0,W,15.33,18.28,10.52
449225,2016-09-27,2016,TB,2016-09-27 19:10:00,19,13,6,19,4,17,5,25,307,84.4,4,61,0.0656,0.16,61.0,16.1,57.0,986.8,0.0,6.2,3.9,274.7,W,5.9,6.2,4.9
449240,2016-09-28,2016,TB,2016-09-28 19:10:00,19,1,0,1,1,13,2,8,224,82.1,1,44,0.0227,0.125,58.3,14.6,88.3,996.4,2.5,23.8,14.8,10.3,N,5.02,-3.25,12.69
449252,2016-09-29,2016,TB,2016-09-29 19:10:00,19,3,5,8,2,18,6,19,311,83.8,4,51,0.0784,0.1053,60.9,16.1,91.0,1001.5,0.2,19.2,11.9,34.7,NE,-4.04,-10.2,2.61
449261,2016-09-30,2016,MIN,2016-09-30 19:10:00,19,7,3,10,2,21,7,18,306,83.0,2,46,0.0435,0.1111,61.2,16.2,93.0,996.1,0.9,16.2,10.1,51.7,NE,-7.91,-12.28,-2.59
449276,2016-10-01,2016,MIN,2016-10-01 18:10:00,18,0,6,6,2,19,6,9,279,82.3,1,44,0.0227,0.2222,61.4,16.3,88.3,993.8,0.2,5.1,3.1,18.3,N,0.37,-1.38,2.07
449291,2016-10-02,2016,MIN,2016-10-02 14:10:00,14,3,6,9,2,20,8,15,318,83.5,2,49,0.0408,0.1333,64.6,18.1,76.0,996.1,0.3,9.2,5.7,324.1,NW,7.86,5.73,9.04
490102,2017-04-04,2017,DET,2017-04-03 15:10:00,15,3,6,9,3,16,8,14,311,80.8,3,50,0.06,0.2143,47.4,8.5,92.7,974.0,7.5,15.5,9.6,13.8,N,2.35,-3.03,7.45
490138,2017-04-06,2017,DET,2017-04-06 13:10:00,13,11,2,13,4,18,12,14,343,83.4,7,47,0.1489,0.2857,43.5,6.4,62.7,990.9,0.0,44.4,27.6,360.0,N,16.99,1.94,30.0
490156,2017-04-07,2017,MIN,2017-04-07 19:10:00,19,1,3,4,0,17,4,13,264,83.7,2,50,0.04,0.0,38.4,3.5,74.7,996.5,0.0,8.7,5.4,148.0,SE,-7.08,-4.92,-8.38
490171,2017-04-08,2017,MIN,2017-04-08 13:10:00,13,6,2,8,3,13,5,17,268,83.6,5,52,0.0962,0.1765,63.3,17.4,41.7,991.7,0.0,27.5,17.1,183.3,S,-9.03,0.4,-17.37
490186,2017-04-09,2017,MIN,2017-04-09 13:10:00,13,1,4,5,2,16,6,13,281,83.1,2,50,0.04,0.1538,71.3,21.8,58.3,984.4,0.0,32.1,19.9,185.3,S,-9.46,1.59,-19.37
490339,2017-04-21,2017,CLE,2017-04-21 19:10:00,19,0,3,3,1,20,6,9,271,82.3,1,37,0.027,0.1111,44.7,7.1,74.7,999.2,0.0,16.3,10.1,28.0,NE,-1.56,-7.02,4.08
490354,2017-04-22,2017,CLE,2017-04-22 18:10:00,18,0,7,7,3,13,5,12,291,82.3,3,53,0.0566,0.25,47.6,8.7,64.3,999.2,0.0,11.6,7.2,6.7,N,3.17,-0.84,6.79
490369,2017-04-23,2017,CLE,2017-04-23 13:10:00,13,6,2,8,1,26,10,16,327,82.1,3,40,0.075,0.0625,61.9,16.6,37.0,996.8,0.0,13.0,8.1,99.7,E,-12.64,-12.86,-10.9
490383,2017-04-24,2017,KC,2017-04-24 19:10:00,19,12,1,13,1,14,4,17,299,81.5,4,54,0.0741,0.0588,55.5,13.0,61.3,986.6,0.0,19.9,12.4,110.4,E,-19.92,-18.97,-18.47
490394,2017-04-25,2017,KC,2017-04-25 19:10:00,19,10,5,15,2,15,7,22,326,83.3,4,56,0.0714,0.0909,64.5,18.1,70.0,980.2,0.0,16.8,10.5,141.0,SE,-14.79,-11.15,-16.65
490409,2017-04-26,2017,KC,2017-04-26 13:10:00,13,5,2,7,2,19,2,18,276,80.8,4,51,0.0784,0.1111,73.3,23.0,56.0,977.7,0.1,27.8,17.3,225.0,SW,10.63,18.76,1.21
490590,2017-05-09,2017,MIN,2017-05-09 19:10:00,19,2,7,9,1,15,6,16,306,85.1,2,54,0.037,0.0625,48.9,9.4,79.0,992.2,0.0,9.7,6.0,50.7,NE,-4.6,-7.25,-1.39
490619,2017-05-11,2017,MIN,2017-05-11 19:10:00,19,6,7,13,5,18,10,14,312,84.7,4,49,0.0816,0.3571,51.6,10.9,83.0,993.2,0.0,6.1,3.8,2.6,N,2.09,-0.01,3.94
490636,2017-05-12,2017,SD,2017-05-12 19:10:00,19,3,6,9,5,13,5,18,282,79.9,5,59,0.0847,0.2778,51.1,10.6,83.3,992.5,0.0,9.3,5.8,4.0,N,2.94,-0.24,5.77
490651,2017-05-13,2017,SD,2017-05-13 18:10:00,18,5,4,9,4,26,7,16,308,81.7,3,42,0.0714,0.25,66.1,18.9,73.3,987.7,0.0,12.4,7.7,315.0,NW,11.43,9.12,12.36
490666,2017-05-14,2017,SD,2017-05-14 13:10:00,13,9,3,12,1,11,12,14,303,80.0,2,51,0.0392,0.0714,56.0,13.3,77.7,992.1,0.0,19.1,11.9,41.7,NE,-6.27,-12.06,0.28
490819,2017-05-26,2017,DET,2017-05-26 19:10:00,19,8,2,10,3,18,6,20,334,82.1,5,53,0.0943,0.15,54.9,12.7,90.3,988.9,1.8,18.9,11.8,34.7,NE,-4.0,-10.08,2.57
490124,2017-05-27,2017,DET,2017-04-05 13:10:00,13,3,4,7,2,28,8,19,327,82.8,1,43,0.0233,0.1053,42.1,5.6,85.0,984.8,0.4,36.5,22.7,40.0,NE,-10.97,-22.2,1.59
490834,2017-05-27,2017,DET,2017-05-27 13:10:00,13,3,0,3,0,19,10,13,281,82.0,0,42,0.0,0.0,64.9,18.3,81.0,990.7,0.0,14.2,8.8,82.7,E,-12.35,-14.02,-9.18
490849,2017-05-28,2017,DET,2017-05-28 13:10:00,13,7,3,10,3,15,2,15,254,83.2,2,52,0.0385,0.2,63.4,17.4,89.7,985.4,0.1,10.3,6.4,81.8,E,-8.82,-10.09,-6.5
490861,2017-05-29,2017,BOS,2017-05-29 13:10:00,13,5,4,9,2,20,7,9,309,79.7,2,39,0.0513,0.2222,72.5,22.5,41.7,988.4,0.0,31.7,19.7,259.7,W,26.64,30.91,19.15
490876,2017-05-30,2017,BOS,2017-05-30 19:10:00,19,7,13,20,8,25,7,30,388,85.0,6,57,0.1053,0.2667,61.2,16.2,70.3,991.9,0.0,14.6,9.1,222.6,SW,5.04,9.43,0.03
490891,2017-05-31,2017,BOS,2017-05-31 19:10:00,19,1,4,5,0,20,3,14,274,81.3,0,48,0.0,0.0,62.1,16.7,67.0,994.2,0.0,12.8,7.9,254.2,W,10.02,12.12,6.71
491052,2017-06-12,2017,BAL,2017-06-12 19:10:00,19,10,7,17,3,16,8,27,328,83.6,4,57,0.0702,0.1111,83.8,28.8,56.3,992.4,0.0,20.9,13.0,256.7,W,16.99,20.15,11.78
491062,2017-06-13,2017,BAL,2017-06-13 19:10:00,19,6,1,7,1,8,6,17,270,86.6,2,56,0.0357,0.0588,68.2,20.1,90.0,992.4,0.0,9.4,5.9,78.7,E,-7.84,-9.16,-5.58
491077,2017-06-14,2017,BAL,2017-06-14 19:10:00,19,6,10,16,3,13,5,23,330,84.0,3,63,0.0476,0.1304,71.4,21.9,94.7,990.3,1.7,19.4,12.1,158.6,S,-13.45,-7.85,-17.42
491090,2017-06-15,2017,BAL,2017-06-15 13:10:00,13,5,2,7,2,17,7,21,332,83.8,1,54,0.0185,0.0952,86.4,30.2,38.3,988.6,0.1,8.6,5.3,310.7,NW,8.17,6.76,8.6
491208,2017-06-23,2017,ATH,2017-06-23 19:10:00,19,0,3,3,2,15,7,12,274,81.9,3,48,0.0625,0.1667,71.0,21.7,67.0,987.0,0.1,16.6,10.3,298.3,NW,16.55,14.97,16.13
491223,2017-06-24,2017,ATH,2017-06-24 13:10:00,13,2,10,12,4,21,7,20,328,84.3,2,56,0.0357,0.2,72.0,22.2,42.0,993.7,0.0,30.9,19.2,282.3,W,30.38,30.41,26.69
491238,2017-06-25,2017,ATH,2017-06-25 13:10:00,13,3,5,8,4,18,4,18,313,81.2,3,52,0.0577,0.2222,67.8,19.9,46.7,997.2,0.0,26.3,16.4,274.3,W,25.02,26.32,20.7
491247,2017-06-26,2017,NYY,2017-06-26 19:10:00,19,5,6,11,3,15,10,17,325,78.1,4,57,0.0702,0.1765,61.6,16.5,62.0,996.3,0.0,15.7,9.8,320.7,NW,13.87,10.49,15.57
491259,2017-06-27,2017,NYY,2017-06-27 19:10:00,19,4,3,7,0,23,11,14,314,80.5,0,41,0.0,0.0,67.5,19.7,61.3,995.5,0.0,12.4,7.7,137.5,SE,-11.21,-8.74,-12.32
491274,2017-06-28,2017,NYY,2017-06-28 19:10:00,19,3,12,15,3,16,13,17,369,82.2,5,54,0.0926,0.1765,76.3,24.6,59.3,987.1,0.1,37.0,23.0,193.7,S,-5.68,7.16,-17.83
491288,2017-06-29,2017,NYY,2017-06-29 19:10:00,19,4,3,7,0,11,7,13,260,83.0,2,53,0.0377,0.0,71.2,21.8,90.3,989.2,3.8,12.6,7.8,194.9,S,-1.67,2.72,-5.85
491306,2017-06-30,2017,TEX,2017-06-30 19:10:00,19,8,7,15,5,12,6,25,323,81.6,4,61,0.0656,0.2,69.7,20.9,95.0,988.7,1.9,9.0,5.6,258.8,W,7.46,8.71,5.31
491321,2017-07-01,2017,TEX,2017-07-01 13:10:00,13,4,10,14,4,20,8,14,328,81.3,1,47,0.0213,0.2857,77.7,25.4,55.0,992.4,0.0,19.6,12.2,262.6,W,16.97,19.28,12.61
491336,2017-07-02,2017,TEX,2017-07-02 13:10:00,13,6,5,11,3,20,10,14,321,79.7,3,44,0.0682,0.2143,84.7,29.3,42.7,994.7,0.0,20.2,12.6,237.3,SW,11.55,16.54,5.18
491444,2017-07-14,2017,SEA,2017-07-14 19:10:00,19,2,4,6,1,17,4,15,285,81.6,1,50,0.02,0.0667,68.2,20.1,76.7,999.3,0.0,9.1,5.7,333.9,NW,6.83,4.36,8.47
491459,2017-07-15,2017,SEA,2017-07-15 18:10:00,18,3,4,7,3,15,4,14,303,83.7,4,52,0.0769,0.2143,76.0,24.4,67.0,995.1,0.0,12.3,7.7,235.3,SW,6.68,9.82,2.73
491474,2017-07-16,2017,SEA,2017-07-16 13:10:00,13,6,7,13,6,15,5,19,312,85.8,5,63,0.0794,0.3158,66.4,19.1,82.3,995.8,0.0,27.8,17.3,10.0,N,6.02,-3.63,14.95
491497,2017-07-18,2017,LAD,2017-07-18 19:10:00,19,0,1,1,0,15,7,17,284,80.2,1,50,0.02,0.0,80.5,27.0,54.3,996.2,0.0,13.3,8.2,188.5,S,-3.21,1.39,-7.42
491512,2017-07-19,2017,LAD,2017-07-19 19:10:00,19,1,9,10,5,13,6,19,273,85.2,2,47,0.0426,0.2632,72.8,22.7,85.3,996.6,9.6,11.0,6.8,78.3,E,-9.07,-10.63,-6.42
491607,2017-07-26,2017,CHC,2017-07-26 19:10:00,19,3,8,11,3,18,10,15,369,83.3,2,51,0.0392,0.2,77.8,25.4,82.7,993.7,0.0,14.7,9.2,136.6,SE,-13.44,-10.57,-14.69
491620,2017-07-27,2017,CHC,2017-07-27 19:10:00,19,3,6,9,6,13,3,14,249,84.7,7,53,0.1321,0.4286,67.2,19.5,87.0,992.3,0.0,21.4,13.3,357.3,N,9.1,1.93,15.18
491632,2017-07-28,2017,CLE,2017-07-28 19:10:00,19,3,9,12,4,12,11,22,336,87.3,4,61,0.0656,0.1818,67.4,19.7,87.0,995.0,0.0,17.6,11.0,5.0,N,5.3,-0.77,10.73
491647,2017-07-29,2017,CLE,2017-07-29 18:10:00,18,4,5,9,1,22,9,18,329,79.1,1,52,0.0192,0.0556,70.0,21.1,73.0,998.8,0.0,19.1,11.9,14.0,N,2.82,-3.81,9.11
491662,2017-07-30,2017,CLE,2017-07-30 13:10:00,13,3,1,4,3,21,3,12,277,80.8,3,42,0.0714,0.25,78.5,25.8,52.3,1001.0,0.0,19.4,12.1,40.3,NE,-5.95,-11.92,0.73
491679,2017-07-31,2017,TOR,2017-07-31 19:10:00,19,7,6,13,5,13,5,19,289,83.3,7,58,0.1207,0.2632,76.0,24.4,71.7,999.0,0.0,8.5,5.3,129.3,SE,-8.14,-6.8,-8.49
491694,2017-08-01,2017,TOR,2017-08-01 19:10:00,19,4,8,12,3,13,8,24,316,85.7,4,61,0.0656,0.125,74.9,23.8,79.3,995.8,0.3,9.8,6.1,213.7,SW,1.9,5.06,-1.5
491709,2017-08-02,2017,TOR,2017-08-02 13:10:00,13,1,5,6,2,17,9,15,310,76.6,2,52,0.0385,0.1333,82.6,28.1,52.3,994.5,0.0,10.7,6.7,90.7,E,-9.96,-10.73,-8.0
491781,2017-08-08,2017,HOU,2017-08-08 19:10:00,19,8,5,13,3,13,13,22,335,82.1,5,56,0.0893,0.1364,72.0,22.2,71.3,999.4,0.0,7.9,4.9,142.8,SE,-6.82,-5.05,-7.77
491795,2017-08-09,2017,HOU,2017-08-09 19:10:00,19,7,1,8,2,12,5,17,256,79.9,2,54,0.037,0.1176,71.7,22.0,71.3,998.8,0.0,12.9,8.0,173.4,S,-6.29,-2.04,-9.77
491808,2017-08-10,2017,HOU,2017-08-10 19:10:00,19,3,2,5,2,21,5,23,326,80.9,3,63,0.0476,0.087,70.5,21.4,87.3,994.6,10.7,15.8,9.8,146.3,SE,-13.1,-9.31,-15.31
491826,2017-08-11,2017,KC,2017-08-11 19:10:00,19,6,3,9,3,17,3,16,265,83.5,4,51,0.0784,0.1875,68.5,20.3,83.0,995.0,0.0,15.4,9.6,5.0,N,4.64,-0.67,9.4
491841,2017-08-12,2017,KC,2017-08-12 18:10:00,18,4,5,9,4,18,4,19,299,81.4,2,50,0.04,0.2105,68.1,20.0,75.0,996.4,0.0,4.9,3.1,51.4,NE,-2.38,-3.72,-0.76
491856,2017-08-13,2017,KC,2017-08-13 13:10:00,13,6,14,20,3,19,12,25,370,81.7,3,60,0.05,0.12,74.5,23.6,45.7,995.6,0.0,11.8,7.4,79.6,E,-9.94,-11.54,-7.15
490606,2017-08-21,2017,MIN,2017-05-10 19:10:00,19,2,10,12,6,9,7,13,259,81.5,4,55,0.0727,0.4615,50.4,10.2,94.0,989.7,14.4,23.2,14.4,34.9,NE,-5.0,-12.45,3.05
491962,2017-08-21,2017,MIN,2017-08-21 16:10:00,16,7,6,13,3,19,10,14,319,79.6,1,45,0.0222,0.2143,79.6,26.5,79.3,993.7,0.0,11.6,7.2,140.3,SE,-10.26,-7.79,-11.49
491973,2017-08-22,2017,MIN,2017-08-22 19:10:00,19,1,4,5,3,14,2,14,257,82.5,3,50,0.06,0.2143,68.2,20.1,62.0,993.6,0.0,15.9,9.9,317.7,NW,14.42,11.23,15.87
491988,2017-08-23,2017,MIN,2017-08-23 19:10:00,19,4,3,7,2,18,6,10,267,78.7,1,43,0.0233,0.2,66.4,19.1,78.0,995.4,0.0,9.7,6.0,123.7,SE,-9.48,-8.27,-9.55
492002,2017-08-24,2017,MIN,2017-08-24 19:10:00,19,5,1,6,2,19,9,10,308,79.5,2,41,0.0488,0.2,62.4,16.9,75.3,999.6,0.0,12.6,7.8,20.0,N,0.55,-3.8,4.84
492011,2017-08-25,2017,DET,2017-08-25 19:10:00,19,3,2,5,1,19,3,16,242,79.7,1,45,0.0222,0.0625,65.1,18.4,77.7,1002.6,0.0,7.1,4.4,106.3,E,-7.03,-6.86,-6.34
492026,2017-08-26,2017,DET,2017-08-26 18:10:00,18,3,6,9,3,16,5,16,291,79.6,2,55,0.0364,0.1875,72.1,22.3,54.7,1001.2,0.3,14.1,8.8,135.7,SE,-12.96,-10.28,-14.08
492041,2017-08-27,2017,DET,2017-08-27 13:10:00,13,7,1,8,2,17,5,15,270,80.2,1,48,0.0208,0.1333,77.4,25.2,44.0,996.6,0.0,14.4,8.9,142.7,SE,-12.45,-9.23,-14.17
492115,2017-09-01,2017,TB,2017-09-01 19:10:00,19,1,3,4,1,14,3,13,241,85.4,2,52,0.0385,0.0769,62.1,16.7,75.0,998.4,0.0,14.5,9.0,67.3,NE,-10.19,-13.09,-6.06
492130,2017-09-02,2017,TB,2017-09-02 18:10:00,18,5,4,9,5,20,6,19,288,82.0,2,47,0.0426,0.2632,65.6,18.7,70.0,993.8,1.9,7.3,4.5,92.7,E,-6.84,-7.27,-5.58
492145,2017-09-03,2017,TB,2017-09-03 13:10:00,13,6,2,8,3,23,4,12,272,81.0,1,41,0.0244,0.25,79.5,26.4,39.0,994.1,0.0,8.4,5.2,324.7,NW,7.14,5.17,8.24
492150,2017-09-04,2017,CLE,2017-09-04 13:10:00,13,3,5,8,3,16,7,16,296,83.3,3,49,0.0612,0.1875,78.6,25.9,70.0,984.5,1.5,24.7,15.4,299.9,NW,24.52,21.95,24.14
492165,2017-09-05,2017,CLE,2017-09-05 19:10:00,19,4,9,13,5,14,12,20,345,78.3,7,57,0.1228,0.25,58.1,14.5,68.3,992.6,0.0,14.7,9.2,320.3,NW,13.03,9.9,14.6
492180,2017-09-06,2017,CLE,2017-09-06 19:10:00,19,1,5,6,2,13,7,11,265,81.7,3,51,0.0588,0.1818,57.7,14.3,76.7,995.3,0.0,11.5,7.2,291.7,W,11.53,10.89,10.78
492195,2017-09-07,2017,CLE,2017-09-07 19:10:00,19,2,11,13,7,20,6,19,299,79.0,8,51,0.1569,0.3684,60.0,15.5,75.7,996.3,0.0,8.2,5.1,264.7,W,7.22,8.09,5.48
492214,2017-09-08,2017,SF,2017-09-08 19:10:00,19,2,9,11,3,14,9,13,305,80.5,1,55,0.0182,0.2308,62.6,17.0,64.7,1003.8,0.0,14.0,8.7,43.3,NE,-4.99,-9.18,-0.2
492229,2017-09-09,2017,SF,2017-09-09 18:10:00,18,13,1,14,7,16,4,21,294,83.3,7,55,0.1273,0.3333,62.5,17.0,72.7,1006.8,0.0,15.2,9.4,67.7,E,-10.78,-13.79,-6.46
492244,2017-09-10,2017,SF,2017-09-10 13:10:00,13,8,1,9,3,17,4,18,272,81.9,5,49,0.102,0.1667,66.3,19.0,54.7,1007.5,0.0,14.8,9.2,77.7,E,-12.15,-14.31,-8.52
492393,2017-09-22,2017,KC,2017-09-22 19:10:00,19,7,6,13,3,9,2,22,284,79.6,2,62,0.0323,0.1364,79.2,26.2,75.0,996.2,0.0,11.9,7.4,145.5,SE,-9.98,-7.17,-11.6
492408,2017-09-23,2017,KC,2017-09-23 18:10:00,18,2,8,10,1,14,6,20,295,82.7,0,58,0.0,0.05,77.8,25.4,70.7,996.1,0.0,13.2,8.2,114.0,SE,-13.16,-12.25,-12.49
492423,2017-09-24,2017,KC,2017-09-24 13:10:00,13,8,1,9,3,17,3,15,264,81.1,4,51,0.0784,0.2,86.0,30.0,45.7,995.8,0.0,13.8,8.6,88.4,E,-12.59,-13.76,-9.91
492437,2017-09-25,2017,LAA,2017-09-25 19:10:00,19,4,2,6,1,19,4,12,273,82.0,2,45,0.0444,0.0833,79.8,26.5,51.0,992.9,0.0,12.0,7.5,167.7,S,-6.87,-3.07,-9.83
492450,2017-09-26,2017,LAA,2017-09-26 19:10:00,19,3,9,12,5,8,6,16,279,82.9,4,60,0.0667,0.3125,79.2,26.2,60.3,993.0,0.0,15.2,9.4,313.0,NW,14.24,11.56,15.2
492465,2017-09-27,2017,LAA,2017-09-27 19:10:00,19,6,4,10,2,18,9,15,335,78.3,1,52,0.0192,0.1333,62.8,17.1,60.3,999.3,0.0,20.8,12.9,342.3,N,13.39,7.16,18.01
492479,2017-09-28,2017,LAA,2017-09-28 19:10:00,19,5,4,9,2,19,7,15,287,81.5,0,44,0.0,0.1333,62.5,16.9,66.0,998.6,0.0,11.4,7.1,184.7,S,-3.49,0.43,-6.99
529502,2018-04-05,2018,DET,2018-04-05 15:10:00,15,7,9,16,1,18,7,28,366,83.6,5,68,0.0735,0.0357,37.2,2.9,73.7,996.5,0.5,19.7,12.2,201.3,S,-0.4,6.36,-7.11
529522,2018-04-07,2018,DET,2018-04-07 13:10:00,13,1,6,7,0,16,12,14,334,82.0,4,52,0.0769,0.0,35.5,1.9,42.0,997.7,0.0,13.3,8.3,307.0,NW,12.91,10.99,13.27
529537,2018-04-08,2018,DET,2018-04-08 13:10:00,13,0,1,1,0,18,7,5,245,81.0,2,38,0.0526,0.0,34.2,1.2,48.7,997.1,0.0,16.2,10.1,54.7,NE,-8.62,-12.79,-3.41
529558,2018-04-09,2018,TB,2018-04-09 13:10:00,13,4,5,9,2,19,8,23,333,84.3,2,57,0.0351,0.087,35.8,2.1,79.7,1000.4,0.0,24.4,15.1,26.0,NE,-1.49,-9.72,6.92
529572,2018-04-10,2018,TB,2018-04-10 13:10:00,13,5,6,11,2,20,17,17,345,83.8,3,49,0.0612,0.1176,42.9,6.1,44.7,1000.9,0.0,13.9,8.7,233.4,SW,7.15,10.81,2.63
529587,2018-04-11,2018,TB,2018-04-11 13:10:00,13,2,1,3,1,20,8,12,260,87.6,3,41,0.0732,0.0833,60.9,16.1,53.0,991.8,0.0,12.9,8.0,239.0,SW,7.66,10.73,3.66
529695,2018-04-20,2018,HOU,2018-04-20 19:10:00,19,0,10,10,2,17,7,15,301,83.8,4,50,0.08,0.1333,38.3,3.5,74.3,1008.7,0.0,8.9,5.5,108.3,E,-8.88,-8.56,-8.12
529710,2018-04-21,2018,HOU,2018-04-21 18:10:00,18,1,10,11,3,17,11,17,312,85.8,3,51,0.0588,0.1765,41.2,5.1,71.0,1006.6,0.0,7.4,4.6,66.8,NE,-5.19,-6.7,-3.06
529725,2018-04-22,2018,HOU,2018-04-22 13:10:00,13,1,7,8,1,12,9,19,321,81.8,3,57,0.0526,0.0526,51.9,11.0,58.0,1004.4,0.0,22.4,13.9,42.0,NE,-7.49,-14.27,0.2
529743,2018-04-23,2018,SEA,2018-04-23 19:10:00,19,10,4,14,5,11,1,27,275,88.2,6,64,0.0938,0.1852,43.2,6.2,74.7,998.1,0.0,10.2,6.3,27.8,NE,-0.94,-4.35,2.58
529757,2018-04-24,2018,SEA,2018-04-24 16:10:00,16,0,1,1,0,17,2,10,261,83.3,1,47,0.0213,0.0,48.6,9.2,94.7,994.0,0.0,12.5,7.8,26.7,NE,-0.91,-5.13,3.42
529772,2018-04-25,2018,SEA,2018-04-25 13:10:00,13,3,4,7,2,19,8,15,301,82.4,2,49,0.0408,0.1333,42.6,5.9,72.0,997.5,0.0,22.0,13.7,36.3,NE,-5.27,-12.27,2.37
529876,2018-05-03,2018,MIN,2018-05-03 19:10:00,19,6,5,11,3,17,4,14,274,83.8,4,48,0.0833,0.2143,60.4,15.8,94.7,989.5,3.1,15.8,9.8,160.4,S,-10.59,-5.94,-13.96
529890,2018-05-04,2018,MIN,2018-05-04 19:10:00,19,4,6,10,6,16,7,21,310,84.6,5,57,0.0877,0.2857,62.1,16.7,72.3,994.5,0.0,12.8,8.0,226.6,SW,5.25,8.94,0.92
529905,2018-05-05,2018,MIN,2018-05-05 18:10:00,18,4,8,12,3,19,8,22,326,83.3,2,53,0.0377,0.1364,61.8,16.5,65.7,992.5,0.0,16.4,10.2,334.2,NW,12.22,7.76,15.21
529921,2018-05-06,2018,MIN,2018-05-06 13:10:00,13,3,5,8,1,18,5,9,276,84.0,1,47,0.0213,0.1111,55.4,13.0,65.3,995.7,0.0,24.8,15.4,6.7,N,6.76,-1.8,14.5
529944,2018-05-08,2018,PIT,2018-05-08 19:10:00,19,6,10,16,2,16,6,27,381,84.2,3,60,0.05,0.0741,60.9,16.0,60.0,995.0,0.0,14.3,8.9,126.3,SE,-13.85,-11.85,-14.18
529958,2018-05-09,2018,PIT,2018-05-09 13:10:00,13,5,6,11,5,17,5,17,281,83.1,7,52,0.1346,0.2941,75.9,24.4,60.3,983.4,0.2,31.8,19.7,210.7,SW,4.51,15.0,-6.51
530061,2018-05-17,2018,TEX,2018-05-17 19:10:00,19,4,2,6,0,14,6,14,267,81.5,2,50,0.04,0.0,48.8,9.3,85.0,996.8,0.0,20.8,12.9,11.3,N,4.03,-3.2,10.78
530076,2018-05-18,2018,TEX,2018-05-18 19:10:00,19,5,12,17,1,17,9,19,366,82.4,2,57,0.0351,0.0526,57.5,14.2,94.0,992.9,3.9,18.4,11.4,66.3,NE,-12.74,-16.51,-7.44
530091,2018-05-19,2018,TEX,2018-05-19 18:10:00,18,5,3,8,1,12,6,13,279,85.2,4,52,0.0769,0.0769,56.1,13.4,96.3,992.1,0.0,8.6,5.3,104.2,E,-8.48,-8.39,-7.54
530106,2018-05-20,2018,TEX,2018-05-20 13:10:00,13,3,0,3,1,23,2,10,248,82.8,4,38,0.1053,0.1,47.8,8.8,86.7,1001.0,0.0,21.1,13.1,16.0,N,2.38,-4.92,9.4
530109,2018-05-21,2018,BAL,2018-05-21 19:10:00,19,2,3,5,3,21,8,15,302,86.1,8,45,0.1778,0.2,57.3,14.1,99.0,993.9,0.0,5.9,3.6,27.4,NE,-0.5,-2.47,1.52
530118,2018-05-22,2018,BAL,2018-05-22 19:10:00,19,3,2,5,0,22,5,20,299,85.2,1,47,0.0213,0.0,52.6,11.5,96.7,996.8,0.0,6.3,3.9,72.6,E,-4.81,-5.89,-3.14
530133,2018-05-23,2018,BAL,2018-05-23 19:10:00,19,11,1,12,3,17,7,18,291,87.2,5,52,0.0962,0.1667,54.9,12.7,95.7,999.8,0.0,8.6,5.4,85.3,E,-7.68,-8.57,-5.87
530146,2018-05-24,2018,BAL,2018-05-24 13:10:00,13,3,9,12,3,22,8,14,324,80.1,4,46,0.087,0.2143,78.4,25.8,55.3,998.8,0.0,15.0,9.3,128.7,SE,-14.38,-12.08,-14.93
530261,2018-06-01,2018,MIL,2018-06-01 19:10:00,19,8,3,11,1,9,10,16,305,83.2,3,55,0.0545,0.0625,54.0,12.2,84.7,994.1,0.0,26.0,16.2,3.3,N,8.54,-0.38,16.42
530276,2018-06-02,2018,MIL,2018-06-02 13:10:00,13,0,5,5,4,17,4,15,271,83.2,3,49,0.0612,0.2667,65.4,18.5,82.3,991.0,0.0,14.4,8.9,39.9,NE,-4.29,-8.72,0.66
530291,2018-06-03,2018,MIL,2018-06-03 13:10:00,13,6,1,7,2,19,7,13,278,78.7,2,44,0.0455,0.1538,73.6,23.1,48.7,989.4,0.0,31.5,19.6,293.7,NW,31.46,29.34,29.78
530390,2018-06-11,2018,CLE,2018-06-11 19:10:00,19,0,4,4,1,21,7,9,292,82.7,2,42,0.0476,0.1111,64.9,18.3,94.0,991.6,0.5,16.0,9.9,80.7,E,-13.57,-15.63,-9.87
530399,2018-06-12,2018,CLE,2018-06-12 19:10:00,19,5,1,6,2,14,6,13,278,84.2,5,49,0.102,0.1538,71.4,21.9,94.0,990.0,0.8,8.3,5.2,160.1,S,-5.6,-3.16,-7.36
530414,2018-06-13,2018,CLE,2018-06-13 19:10:00,19,3,2,5,0,20,2,18,237,83.9,0,46,0.0,0.0,64.8,18.2,82.3,994.8,0.0,7.2,4.5,165.2,S,-4.35,-2.13,-6.03
530427,2018-06-14,2018,CLE,2018-06-14 13:10:00,13,2,5,7,3,22,5,13,311,80.5,4,45,0.0889,0.2308,76.2,24.6,50.3,995.7,0.0,14.8,9.2,96.3,E,-14.25,-14.8,-11.97
530439,2018-06-15,2018,DET,2018-06-15 19:10:00,19,3,4,7,2,14,4,22,292,81.5,1,60,0.0167,0.0909,76.0,24.4,84.3,991.9,0.0,16.2,10.1,207.3,SW,1.37,6.82,-4.24
530454,2018-06-16,2018,DET,2018-06-16 13:10:00,13,5,7,12,2,22,7,17,297,84.8,1,49,0.0204,0.1176,84.9,29.4,74.3,993.3,0.0,16.0,9.9,166.8,S,-9.33,-4.33,-13.2
530469,2018-06-17,2018,DET,2018-06-17 13:10:00,13,1,3,4,2,15,5,15,287,81.0,2,51,0.0392,0.1333,89.8,32.1,57.3,994.0,0.2,20.5,12.7,213.7,SW,3.96,10.59,-3.14
530523,2018-06-22,2018,ATH,2018-06-21 19:10:00,19,6,4,10,2,18,5,18,257,84.7,3,51,0.0588,0.1111,64.0,17.8,87.3,987.6,0.7,22.5,14.0,69.7,E,-16.53,-20.77,-10.29
530536,2018-06-22,2018,ATH,2018-06-22 15:10:00,15,2,11,13,2,16,2,19,314,83.8,3,59,0.0508,0.1053,63.5,17.5,86.0,985.0,0.1,24.1,15.0,14.3,N,3.42,-4.93,11.36
530551,2018-06-23,2018,ATH,2018-06-23 13:10:00,13,6,7,13,3,16,8,17,321,81.5,4,54,0.0741,0.1765,73.8,23.2,57.3,986.5,0.0,11.4,7.1,29.6,NE,-1.42,-5.22,2.54
530566,2018-06-24,2018,ATH,2018-06-24 13:10:00,13,10,3,13,4,10,4,19,265,84.4,4,56,0.0714,0.2105,68.2,20.1,79.7,994.2,0.0,19.6,12.2,29.3,NE,-2.33,-8.83,4.46
530591,2018-06-26,2018,MIN,2018-06-26 19:10:00,19,8,4,12,3,21,4,18,298,84.2,2,48,0.0417,0.1667,72.7,22.6,88.7,987.4,5.1,18.0,11.2,182.4,S,-6.2,-0.03,-11.62
530606,2018-06-27,2018,MIN,2018-06-27 19:10:00,19,6,1,7,2,16,5,17,282,83.6,1,50,0.02,0.1176,69.6,20.9,90.3,990.1,0.0,6.3,3.9,141.8,SE,-5.46,-4.08,-6.18
530619,2018-06-28,2018,MIN,2018-06-28 13:10:00,13,1,2,3,1,23,13,17,440,80.7,2,70,0.0286,0.0588,80.8,27.1,73.7,992.1,0.0,14.7,9.1,107.0,E,-14.63,-14.23,-13.27
530783,2018-07-10,2018,STL,2018-07-10 19:10:00,19,2,14,16,2,18,10,21,322,82.8,3,56,0.0536,0.0952,69.9,21.1,74.0,997.6,0.0,14.4,8.9,16.3,N,1.54,-3.44,6.33
530798,2018-07-11,2018,STL,2018-07-11 19:10:00,19,4,0,4,0,20,5,11,266,81.4,0,41,0.0,0.0,72.1,22.3,78.3,999.1,0.0,9.5,5.9,52.3,NE,-4.74,-7.29,-1.63
530815,2018-07-13,2018,KC,2018-07-13 19:10:00,19,9,6,15,3,13,9,21,339,81.8,4,60,0.0667,0.1429,82.4,28.0,58.3,996.4,0.0,14.8,9.2,179.7,S,-5.73,-0.73,-10.04
530830,2018-07-14,2018,KC,2018-07-14 13:10:00,13,0,5,5,2,19,3,15,273,80.7,2,49,0.0408,0.1333,75.9,24.4,82.7,995.5,2.4,5.6,3.5,128.0,SE,-5.36,-4.53,-5.55
530845,2018-07-15,2018,KC,2018-07-15 13:10:00,13,10,1,11,3,16,5,18,273,85.8,3,50,0.06,0.1667,81.7,27.6,76.3,993.1,0.8,7.1,4.4,133.7,SE,-6.65,-5.37,-7.13
530969,2018-07-27,2018,TOR,2018-07-27 19:10:00,19,5,10,15,5,12,5,20,315,85.4,6,61,0.0984,0.25,69.5,20.8,81.7,997.3,0.8,6.0,3.7,174.8,S,-2.79,-0.81,-4.44
530984,2018-07-28,2018,TOR,2018-07-28 18:10:00,18,9,5,14,3,16,3,24,309,84.2,3,55,0.0545,0.125,72.9,22.7,58.0,998.3,0.0,10.3,6.4,165.3,S,-6.23,-3.05,-8.66
530999,2018-07-29,2018,TOR,2018-07-29 13:10:00,13,4,7,11,4,14,2,19,301,83.4,5,57,0.0877,0.2105,76.8,24.9,47.0,997.3,0.0,7.5,4.7,130.0,SE,-7.15,-5.95,-7.49
531016,2018-07-31,2018,KC,2018-07-31 19:10:00,19,2,4,6,3,24,9,16,310,82.4,2,45,0.0444,0.1875,70.6,21.4,85.7,993.8,0.8,5.4,3.4,13.7,N,0.84,-1.05,2.62
531031,2018-08-01,2018,KC,2018-08-01 19:10:00,19,5,10,15,2,12,9,19,296,84.8,3,60,0.05,0.1053,72.9,22.7,79.3,993.2,0.1,10.6,6.6,224.4,SW,3.96,7.08,0.36
531041,2018-08-02,2018,KC,2018-08-02 13:10:00,13,6,4,10,3,18,6,16,260,83.8,3,47,0.0638,0.1875,82.5,28.1,51.0,992.9,0.2,23.6,14.6,229.3,SW,10.64,17.19,2.8
531099,2018-08-06,2018,NYY,2018-08-06 19:10:00,19,0,7,7,2,18,6,13,289,82.2,2,49,0.0408,0.1538,74.6,23.7,93.0,994.2,1.9,7.2,4.5,116.5,SE,-7.22,-6.61,-6.95
531113,2018-08-07,2018,NYY,2018-08-07 19:10:00,19,3,4,7,3,33,10,14,413,81.8,4,58,0.069,0.2143,71.5,22.0,88.0,992.3,0.2,6.9,4.3,97.4,E,-6.69,-6.91,-5.67
531127,2018-08-08,2018,NYY,2018-08-08 19:10:00,19,3,7,10,3,24,7,16,330,83.3,0,46,0.0,0.1875,71.9,22.2,87.3,992.4,0.0,7.1,4.4,205.8,SW,0.41,2.8,-2.03
531144,2018-08-10,2018,CLE,2018-08-10 19:10:00,19,1,0,1,1,17,5,10,263,82.6,1,43,0.0233,0.1,70.4,21.3,92.3,993.2,0.0,12.7,7.9,360.0,N,4.87,0.56,8.6
531159,2018-08-11,2018,CLE,2018-08-11 18:10:00,18,1,3,4,3,17,2,12,283,82.3,3,49,0.0612,0.25,76.1,24.5,74.3,995.2,0.0,6.6,4.1,5.7,N,1.91,-0.36,3.96
531174,2018-08-12,2018,CLE,2018-08-12 13:10:00,13,7,9,16,3,23,6,23,345,83.1,4,54,0.0741,0.1304,78.4,25.8,74.3,998.2,0.0,12.8,7.9,29.7,NE,-1.59,-5.83,2.84
531240,2018-08-17,2018,KC,2018-08-17 19:10:00,19,9,3,12,2,14,7,16,285,80.1,4,52,0.0769,0.125,71.8,22.1,92.7,994.5,3.8,5.6,3.5,52.3,NE,-2.78,-4.28,-0.95
531255,2018-08-18,2018,KC,2018-08-18 18:10:00,18,1,3,4,2,21,6,15,300,82.8,1,46,0.0217,0.1333,71.4,21.9,95.0,994.2,0.0,9.5,5.9,36.0,NE,-2.22,-5.24,1.08
531270,2018-08-19,2018,KC,2018-08-19 13:10:00,13,7,6,13,6,25,7,19,313,81.7,6,44,0.1364,0.3158,78.9,26.1,68.3,993.7,0.0,12.6,7.8,68.0,E,-9.01,-11.5,-5.44
531296,2018-08-21,2018,MIN,2018-08-21 19:10:00,19,2,5,7,2,20,7,16,312,82.4,3,44,0.0682,0.125,68.2,20.1,90.3,994.5,0.4,15.4,9.6,331.3,NW,12.0,7.97,14.58
531311,2018-08-22,2018,MIN,2018-08-22 13:10:00,13,7,3,10,4,14,10,15,313,84.2,1,52,0.0192,0.2667,76.4,24.7,39.0,998.2,0.0,17.1,10.6,333.0,NW,13.0,8.42,16.02
531409,2018-08-30,2018,BOS,2018-08-30 19:10:00,19,4,9,13,3,23,8,19,345,80.9,2,48,0.0417,0.1579,64.4,18.0,81.3,999.6,0.0,10.5,6.5,90.1,E,-9.71,-10.49,-7.76
531419,2018-08-31,2018,BOS,2018-08-31 19:10:00,19,6,1,7,3,16,4,19,277,85.7,3,50,0.06,0.1579,74.7,23.7,88.3,995.5,0.8,19.5,12.1,179.4,S,-7.68,-1.07,-13.36
531434,2018-09-01,2018,BOS,2018-09-01 18:10:00,18,1,6,7,3,23,3,14,279,84.9,2,44,0.0455,0.2143,74.4,23.5,90.3,994.6,1.1,11.1,6.9,183.2,S,-3.66,0.14,-7.03
531449,2018-09-02,2018,BOS,2018-09-02 13:10:00,13,8,0,8,2,24,7,20,317,83.7,2,46,0.0435,0.1,85.9,30.0,60.3,995.7,0.0,26.0,16.2,208.0,SW,2.5,11.21,-6.52
531466,2018-09-03,2018,DET,2018-09-03 13:10:00,13,4,2,6,5,16,4,10,272,82.2,4,45,0.0889,0.5,83.7,28.7,71.3,1000.3,1.1,9.3,5.8,175.4,S,-4.24,-1.15,-6.81
531481,2018-09-04,2018,DET,2018-09-04 19:10:00,19,3,8,11,1,24,4,18,336,82.5,1,48,0.0208,0.0556,81.0,27.2,69.0,997.9,0.0,20.1,12.5,176.7,S,-8.74,-2.04,-14.39
531496,2018-09-05,2018,DET,2018-09-05 19:10:00,19,2,10,12,4,17,7,21,340,84.6,6,57,0.1053,0.1905,70.6,21.5,94.7,1000.7,0.2,18.0,11.2,15.3,N,2.25,-3.99,8.21
531516,2018-09-07,2018,LAA,2018-09-07 19:10:00,19,2,5,7,3,19,7,17,293,83.6,2,50,0.04,0.1765,65.4,18.5,78.7,1001.6,0.0,22.7,14.1,50.7,NE,-10.72,-16.91,-3.23
531531,2018-09-08,2018,LAA,2018-09-08 18:10:00,18,3,12,15,2,14,7,25,332,83.0,4,58,0.069,0.08,64.9,18.3,76.7,998.2,0.0,28.9,18.0,59.3,NE,-17.33,-24.19,-8.37
531546,2018-09-09,2018,LAA,2018-09-09 13:10:00,13,0,1,1,0,28,7,10,299,78.1,0,35,0.0,0.0,65.1,18.4,65.7,995.1,0.0,31.7,19.7,39.7,NE,-9.35,-19.13,1.57
531700,2018-09-21,2018,CHC,2018-09-21 15:10:00,15,10,4,14,3,18,3,28,322,81.8,3,59,0.0508,0.1071,70.2,21.2,49.3,995.8,0.0,25.9,16.1,310.7,NW,24.64,20.39,25.92
531715,2018-09-22,2018,CHC,2018-09-22 18:10:00,18,3,8,11,2,16,6,17,315,82.1,2,56,0.0357,0.1176,59.2,15.1,73.3,1001.4,0.0,7.3,4.5,91.7,E,-6.83,-7.3,-5.53
531730,2018-09-23,2018,CHC,2018-09-23 13:10:00,13,1,6,7,1,17,4,19,302,83.2,3,56,0.0536,0.0526,67.2,19.5,57.3,998.7,0.0,13.7,8.5,77.7,E,-11.25,-13.24,-7.89
531744,2018-09-24,2018,CLE,2018-09-24 19:10:00,19,0,4,4,2,25,3,18,280,80.2,1,46,0.0217,0.1111,70.2,21.2,91.3,992.3,2.0,10.2,6.3,170.0,S,-5.47,-2.21,-8.07
531757,2018-09-25,2018,CLE,2018-09-25 19:10:00,19,5,4,9,2,21,8,16,288,85.4,3,47,0.0638,0.125,68.0,20.0,85.7,989.0,0.0,20.9,13.0,263.7,W,18.34,20.69,13.78
531772,2018-09-26,2018,CLE,2018-09-26 19:10:00,19,2,10,12,2,22,10,22,358,82.0,3,53,0.0566,0.0909,58.8,14.9,68.0,998.6,0.0,11.9,7.4,276.3,W,11.4,11.84,9.58
567263,2019-04-05,2019,SEA,2019-04-04 13:10:00,13,10,8,18,5,15,10,18,327,85.0,6,55,0.1091,0.2778,42.8,6.0,90.3,1003.8,1.7,23.8,14.8,82.3,E,-20.61,-23.46,-15.27
567264,2019-04-06,2019,SEA,2019-04-06 13:10:00,13,2,9,11,5,21,7,24,345,86.1,4,54,0.0741,0.2083,52.5,11.4,95.3,997.5,0.0,15.9,9.9,79.3,E,-13.34,-15.51,-9.55
567265,2019-04-07,2019,SEA,2019-04-07 13:10:00,13,5,12,17,4,18,7,22,357,84.1,7,59,0.1186,0.1818,64.4,18.0,81.3,986.4,1.4,21.6,13.4,188.0,S,-5.38,2.08,-12.2
567266,2019-04-08,2019,TB,2019-04-08 13:10:00,13,1,5,6,1,28,8,20,327,85.7,1,44,0.0227,0.05,59.4,15.2,68.7,988.9,0.0,17.0,10.6,120.7,SE,-16.86,-15.02,-16.67
567267,2019-04-09,2019,TB,2019-04-09 13:10:00,13,5,10,15,4,18,14,20,402,84.6,5,54,0.0926,0.2,60.9,16.0,49.7,989.3,0.0,11.5,7.1,282.7,W,11.3,11.29,9.95
567268,2019-04-10,2019,TB,2019-04-10 13:10:00,13,1,9,10,3,24,7,20,312,88.1,3,50,0.06,0.15,38.1,3.4,85.7,993.9,1.8,23.9,14.9,44.3,NE,-8.9,-15.96,-0.77
567269,2019-04-15,2019,KC,2019-04-15 19:10:00,19,5,4,9,3,12,10,15,284,85.0,4,50,0.08,0.2,46.5,8.1,69.0,994.7,0.0,14.3,8.9,161.9,S,-9.32,-5.03,-12.48
567270,2019-04-16,2019,KC,2019-04-16 19:10:00,19,5,1,6,5,21,5,14,274,84.6,7,41,0.1707,0.3571,43.8,6.5,89.3,993.7,0.0,15.9,9.9,41.0,NE,-5.03,-9.88,0.42
567271,2019-04-17,2019,KC,2019-04-17 13:10:00,13,3,4,7,2,20,15,16,356,80.8,1,54,0.0185,0.125,67.6,19.8,70.0,985.2,0.2,22.0,13.6,148.0,SE,-17.88,-12.43,-21.16
567272,2019-04-26,2019,DET,2019-04-26 19:10:00,19,12,11,23,9,22,11,36,372,84.1,5,62,0.0806,0.25,50.2,10.1,59.3,990.3,0.0,14.8,9.2,286.7,W,14.69,14.32,13.29
567274,2019-04-28,2019,DET,2019-04-28 13:10:00,13,4,1,5,0,30,7,11,286,81.9,0,32,0.0,0.0,40.4,4.7,64.7,1001.5,0.0,14.2,8.8,47.7,NE,-6.04,-10.07,-1.28
567275,2019-04-29,2019,BAL,2019-04-29 19:10:00,19,5,3,8,3,16,8,18,304,83.8,2,51,0.0392,0.1667,48.7,9.3,93.3,998.5,0.0,3.5,2.2,304.8,NW,3.39,2.93,3.44
567276,2019-05-01,2019,BAL,2019-04-30 19:10:00,19,7,6,13,3,25,6,20,324,82.0,3,49,0.0612,0.15,44.4,6.9,95.3,996.5,4.1,22.2,13.8,61.7,NE,-14.0,-19.03,-7.28
567277,2019-05-01,2019,BAL,2019-05-01 15:10:00,15,4,5,9,0,22,9,18,369,83.2,1,53,0.0189,0.0,64.7,18.2,69.7,993.9,0.0,15.3,9.5,302.3,NW,15.04,13.24,15.03
567278,2019-05-02,2019,BOS,2019-05-02 19:10:00,19,6,4,10,3,20,9,17,313,85.0,5,47,0.1064,0.1765,42.9,6.1,92.3,997.9,0.0,18.8,11.7,0.3,N,7.11,0.71,12.64
567279,2019-05-03,2019,BOS,2019-05-03 19:10:00,19,1,6,7,2,21,9,16,328,85.3,4,46,0.087,0.125,41.7,5.4,95.3,996.2,0.1,11.3,7.0,32.3,NE,-1.93,-5.63,2.01
567280,2019-05-04,2019,BOS,2019-05-04 18:10:00,18,2,15,17,5,19,8,28,346,82.3,7,61,0.1148,0.1786,49.3,9.6,82.0,991.6,0.0,5.8,3.6,124.0,SE,-5.68,-4.95,-5.74
567281,2019-05-05,2019,BOS,2019-05-05 13:10:00,13,2,9,11,3,21,10,15,336,82.1,3,47,0.0638,0.2,68.3,20.2,48.7,989.4,0.0,8.4,5.2,193.0,S,-1.39,1.53,-4.14
567282,2019-05-13,2019,CLE,2019-05-13 19:10:00,19,5,2,7,5,13,3,11,243,85.5,8,48,0.1667,0.4545,44.1,6.7,88.7,994.2,0.0,7.2,4.5,99.5,E,-7.02,-7.15,-6.04
567283,2019-05-14,2019,CLE,2019-05-14 13:10:00,13,0,9,9,5,21,4,18,312,84.1,6,48,0.125,0.2778,62.3,16.8,45.3,994.7,0.0,15.7,9.8,113.3,SE,-15.7,-14.67,-14.83
567284,2019-05-16,2019,TOR,2019-05-16 19:10:00,19,4,2,6,1,12,7,12,288,86.0,2,53,0.0377,0.0833,64.5,18.0,94.0,985.2,26.1,12.0,7.4,160.4,S,-8.02,-4.5,-10.57
567285,2019-05-17,2019,TOR,2019-05-17 19:10:00,19,2,10,12,3,14,9,21,314,86.3,5,59,0.0847,0.1429,43.5,6.4,83.0,992.3,1.2,22.8,14.2,20.7,N,0.73,-7.11,8.48
567286,2019-05-18,2019,TOR,2019-05-18 13:10:00,13,4,1,5,1,6,3,10,152,78.6,1,30,0.0333,0.1,80.8,27.1,57.0,985.8,0.0,28.4,17.6,211.0,SW,4.2,13.55,-5.66
567287,2019-05-19,2019,TOR,2019-05-19 13:10:00,13,2,5,7,3,12,4,15,295,83.8,4,55,0.0727,0.2,72.3,22.4,70.3,981.1,3.6,28.6,17.8,229.3,SW,12.91,20.86,3.41
567288,2019-05-27,2019,KC,2019-05-27 13:10:00,13,2,1,3,0,12,5,14,264,84.2,2,49,0.0408,0.0,70.6,21.5,81.3,987.8,1.2,22.6,14.1,122.5,SE,-22.29,-19.6,-22.29
567289,2019-05-28,2019,KC,2019-05-28 19:10:00,19,4,3,7,1,16,2,15,252,84.1,2,48,0.0417,0.0667,46.8,8.2,96.7,987.7,5.9,19.5,12.1,18.3,N,1.42,-5.32,7.98
567290,2019-05-29,2019,KC,2019-05-29 19:10:00,19,8,7,15,3,14,4,25,286,86.6,4,58,0.069,0.12,57.7,14.3,94.7,986.8,0.0,7.3,4.6,119.8,SE,-7.27,-6.52,-7.15
567291,2019-05-30,2019,CLE,2019-05-30 19:10:00,19,10,4,14,3,12,6,21,291,86.2,3,58,0.0517,0.1429,60.1,15.6,95.3,987.7,0.0,5.2,3.3,114.4,SE,-5.23,-4.86,-4.97
567292,2019-05-31,2019,CLE,2019-05-31 19:10:00,19,6,1,7,1,16,2,19,250,84.2,2,56,0.0357,0.0526,71.5,21.9,74.7,988.6,0.0,18.3,11.4,233.3,SW,9.38,14.19,3.44
567293,2019-06-01,2019,CLE,2019-06-01 13:10:00,13,2,5,7,2,11,7,11,269,83.6,3,51,0.0588,0.1818,76.3,24.6,67.0,986.0,0.2,19.5,12.1,216.8,SW,4.81,11.0,-1.95
567294,2019-06-02,2019,CLE,2019-06-02 13:10:00,13,2,0,2,1,19,3,11,239,80.8,2,39,0.0513,0.0909,57.4,14.1,77.0,993.8,0.0,17.1,10.6,57.4,NE,-9.79,-14.01,-4.39
567295,2019-06-10,2019,WSH,2019-06-10 19:10:00,19,1,12,13,3,7,7,20,292,84.5,4,63,0.0635,0.15,61.7,16.5,79.0,999.3,0.0,8.6,5.3,125.6,SE,-8.34,-7.18,-8.5
567296,2019-06-11,2019,WSH,2019-06-11 19:10:00,19,7,5,12,4,12,7,16,296,86.2,8,55,0.1455,0.25,67.9,19.9,60.7,995.9,0.0,16.0,9.9,155.3,SE,-11.71,-7.29,-14.71
567297,2019-06-13,2019,NYY,2019-06-13 19:10:00,19,5,4,9,3,19,9,16,310,84.4,3,46,0.0652,0.1875,57.6,14.2,80.3,994.4,0.0,9.0,5.6,172.0,S,-4.56,-1.63,-6.94
567298,2019-06-14,2019,NYY,2019-06-14 19:10:00,19,10,2,12,3,13,9,22,287,84.8,3,56,0.0536,0.1364,67.2,19.6,60.3,990.2,0.1,25.8,16.1,215.3,SW,5.74,14.01,-3.22
567299,2019-06-15,2019,NYY,2019-06-15 18:10:00,18,4,8,12,3,23,7,20,320,84.6,5,48,0.1042,0.15,65.7,18.7,94.7,986.8,12.4,9.7,6.0,62.8,NE,-6.27,-8.42,-3.36
567300,2019-06-16,2019,NYY,2019-06-16 13:10:00,13,3,10,13,3,18,8,21,326,80.4,1,55,0.0182,0.1429,57.0,13.9,88.0,989.8,0.0,22.8,14.2,6.0,N,6.49,-1.39,13.58
567301,2019-06-28,2019,MIN,2019-06-28 19:10:00,19,6,4,10,4,12,4,18,258,85.2,5,56,0.0893,0.2222,76.1,24.5,88.3,997.1,0.2,13.9,8.6,246.5,SW,9.63,12.46,5.64
567302,2019-06-29,2019,MIN,2019-06-29 15:12:00,15,3,10,13,6,18,4,20,316,83.0,5,56,0.0893,0.3,70.2,21.2,99.3,996.4,0.0,8.4,5.2,54.7,NE,-4.47,-6.64,-1.77
567303,2019-06-30,2019,MIN,2019-06-30 13:10:00,13,4,3,7,2,16,2,16,257,83.8,3,49,0.0612,0.125,78.2,25.7,85.3,995.8,1.8,5.7,3.5,359.3,N,2.24,0.31,3.9
567273,2019-07-03,2019,DET,2019-04-27 18:10:00,18,7,5,12,1,15,8,18,314,84.2,1,51,0.0196,0.0556,34.3,1.3,92.0,990.0,5.3,39.7,24.7,23.0,NE,-0.35,-13.92,13.26
567305,2019-07-03,2019,DET,2019-07-03 19:10:00,19,9,6,15,6,18,8,22,362,84.1,7,71,0.0986,0.2727,64.8,18.2,100.0,992.3,0.0,11.9,7.4,52.0,NE,-5.88,-9.07,-1.97
567306,2019-07-04,2019,DET,2019-07-04 13:10:00,13,5,11,16,5,23,1,28,329,82.3,5,60,0.0833,0.1786,86.2,30.1,61.7,992.5,0.0,19.1,11.8,212.3,SW,3.26,9.49,-3.37
567307,2019-07-06,2019,CHC,2019-07-06 18:15:00,18,3,6,9,0,15,13,13,323,83.9,0,51,0.0,0.0,62.2,16.8,88.3,995.1,0.0,23.4,14.5,4.0,N,7.41,-0.61,14.55
567308,2019-07-07,2019,CHC,2019-07-07 13:10:00,13,3,1,4,3,17,5,15,281,85.6,6,46,0.1304,0.2,68.2,20.1,73.7,995.9,0.0,24.5,15.2,7.0,N,6.54,-1.92,14.21
567309,2019-07-22,2019,MIA,2019-07-22 19:10:00,19,9,1,10,5,16,1,14,257,84.9,5,48,0.1042,0.3571,64.4,18.0,72.7,997.4,0.0,14.4,9.0,354.7,N,6.74,1.97,10.7
567310,2019-07-23,2019,MIA,2019-07-23 19:10:00,19,1,5,6,2,20,2,8,232,84.7,1,42,0.0238,0.25,68.1,20.1,82.0,998.1,0.0,9.5,5.9,37.3,NE,-2.43,-5.43,0.86
567311,2019-07-24,2019,MIA,2019-07-24 19:10:00,19,0,2,2,1,20,2,10,243,84.9,1,43,0.0233,0.1,69.3,20.7,69.0,999.5,0.0,8.0,5.0,135.1,SE,-7.38,-5.89,-7.99
567312,2019-07-25,2019,MIN,2019-07-25 19:10:00,19,3,10,13,6,21,5,19,301,84.1,6,51,0.1176,0.3158,74.4,23.5,67.3,1000.3,0.0,13.7,8.5,173.0,S,-6.75,-2.26,-10.42
567313,2019-07-26,2019,MIN,2019-07-26 19:10:00,19,2,6,8,3,12,4,18,268,84.9,3,59,0.0508,0.1667,75.4,24.1,73.7,999.0,0.0,20.6,12.8,176.3,S,-9.08,-2.21,-14.86
567314,2019-07-27,2019,MIN,2019-07-27 18:10:00,18,5,1,6,1,12,3,13,261,84.6,2,53,0.0377,0.0769,79.9,26.6,68.3,996.5,0.0,20.8,12.9,213.3,SW,3.92,10.68,-3.32
567315,2019-07-28,2019,MIN,2019-07-28 13:10:00,13,1,11,12,4,21,3,20,286,84.5,5,53,0.0943,0.2,88.4,31.3,46.0,994.6,0.0,24.7,15.3,225.7,SW,9.7,16.88,1.36
567316,2019-07-30,2019,NYM,2019-07-30 19:10:00,19,2,5,7,2,23,7,18,349,83.5,1,59,0.0169,0.1111,68.7,20.4,80.3,997.4,0.0,13.2,8.2,48.0,NE,-5.67,-9.39,-1.26
567317,2019-07-31,2019,NYM,2019-07-31 19:10:00,19,2,4,6,1,26,8,14,303,82.8,2,43,0.0465,0.0714,65.7,18.7,78.0,999.9,0.0,11.7,7.2,16.0,N,1.32,-2.72,5.21
567318,2019-08-01,2019,NYM,2019-08-01 13:10:00,13,0,4,4,1,15,4,12,255,82.9,2,47,0.0426,0.0833,75.4,24.1,57.7,1000.3,0.0,17.2,10.7,47.3,NE,-7.21,-12.1,-1.45
567319,2019-08-09,2019,ATH,2019-08-09 14:10:00,14,0,7,7,3,18,7,13,276,80.6,3,46,0.0652,0.2308,77.5,25.3,44.7,992.7,0.0,17.7,11.0,96.0,E,-17.0,-17.7,-14.26
567320,2019-08-10,2019,ATH,2019-08-10 18:10:00,18,3,2,5,1,16,8,17,309,85.8,1,50,0.02,0.0588,74.4,23.6,60.3,994.6,0.0,12.7,7.9,87.9,E,-11.52,-12.63,-9.02
567321,2019-08-11,2019,ATH,2019-08-11 13:10:00,13,0,2,2,1,25,3,12,272,79.5,2,39,0.0513,0.0833,84.1,29.0,47.3,993.6,0.0,18.0,11.2,185.0,S,-5.41,0.78,-10.96
567322,2019-08-13,2019,HOU,2019-08-12 19:10:00,19,4,1,5,0,9,2,14,218,84.2,1,54,0.0185,0.0,72.7,22.6,92.0,989.5,26.1,9.1,5.6,109.9,E,-9.06,-8.65,-8.37
567323,2019-08-13,2019,HOU,2019-08-13 15:40:00,15,2,6,8,2,14,12,16,320,84.2,2,51,0.0392,0.125,75.9,24.4,80.3,989.7,0.0,14.4,8.9,18.3,N,1.05,-3.93,5.9
567324,2019-08-14,2019,HOU,2019-08-14 13:10:00,13,13,9,22,5,14,8,30,329,83.8,4,65,0.0615,0.1667,74.0,23.3,81.7,992.1,4.3,13.2,8.2,10.0,N,2.85,-1.74,7.1
567325,2019-08-22,2019,TEX,2019-08-22 19:10:00,19,6,1,7,3,12,2,13,248,83.6,4,50,0.08,0.2308,66.9,19.4,79.0,996.6,0.0,16.6,10.3,23.7,NE,-0.34,-6.01,5.37
567326,2019-08-23,2019,TEX,2019-08-23 19:10:00,19,8,3,11,2,25,3,16,285,85.6,4,42,0.0952,0.125,64.6,18.1,81.7,1001.6,0.0,11.7,7.3,26.3,NE,-0.78,-4.74,3.27
567327,2019-08-24,2019,TEX,2019-08-24 18:10:00,18,0,4,4,2,25,1,17,286,81.9,3,48,0.0625,0.1176,67.9,19.9,68.7,1001.1,0.0,17.5,10.9,55.3,NE,-9.47,-13.92,-3.88
567328,2019-08-25,2019,TEX,2019-08-25 13:10:00,13,2,0,2,0,16,8,6,279,81.8,0,42,0.0,0.0,73.9,23.3,57.7,996.2,0.0,21.4,13.3,77.0,E,-17.45,-20.65,-12.14
567329,2019-08-27,2019,MIN,2019-08-27 19:10:00,19,1,3,4,3,23,4,14,293,82.0,3,42,0.0714,0.2143,70.2,21.2,62.7,990.8,0.0,18.3,11.4,262.4,W,15.86,18.05,11.76
567330,2019-08-28,2019,MIN,2019-08-28 19:10:00,19,2,8,10,3,20,4,21,300,86.2,4,54,0.0741,0.1429,65.3,18.5,72.0,992.9,0.0,13.2,8.2,255.3,W,10.49,12.58,7.14
567331,2019-08-29,2019,MIN,2019-08-29 13:10:00,13,5,10,15,3,20,7,28,339,81.7,2,59,0.0339,0.1071,83.1,28.4,51.0,988.9,0.0,35.8,22.2,223.7,SW,12.91,23.54,0.72
567332,2019-09-06,2019,LAA,2019-09-06 19:10:00,19,4,5,9,4,16,6,11,286,83.3,2,47,0.0426,0.3636,64.5,18.0,85.0,995.8,0.0,18.6,11.5,3.7,N,5.99,-0.38,11.64
567333,2019-09-07,2019,LAA,2019-09-07 18:10:00,18,7,8,15,3,22,9,19,351,83.5,4,51,0.0784,0.1579,68.5,20.3,79.7,995.8,0.0,13.7,8.5,40.3,NE,-4.18,-8.38,0.52
567334,2019-09-08,2019,LAA,2019-09-08 13:10:00,13,5,1,6,2,13,11,16,312,84.8,1,51,0.0196,0.125,63.4,17.5,76.0,998.7,0.0,17.4,10.8,77.3,E,-14.2,-16.76,-9.92
567335,2019-09-10,2019,KC,2019-09-10 19:10:00,19,7,3,10,6,18,6,17,284,84.8,8,49,0.1633,0.3529,76.5,24.7,86.3,996.9,0.0,9.7,6.0,218.0,SW,2.6,5.65,-0.76
567336,2019-09-11,2019,KC,2019-09-11 19:10:00,19,6,8,14,7,15,4,22,303,87.0,7,61,0.1148,0.3182,74.8,23.8,91.3,996.0,6.8,12.2,7.6,181.0,S,-4.48,-0.33,-8.09
567337,2019-09-12,2019,KC,2019-09-12 13:10:00,13,3,6,9,2,25,7,17,294,84.7,5,45,0.1111,0.1176,73.8,23.2,87.0,997.4,0.0,13.5,8.4,69.0,E,-9.82,-12.41,-6.04
567338,2019-09-24,2019,CLE,2019-09-24 19:10:00,19,0,11,11,4,25,7,18,309,84.6,5,47,0.1064,0.2222,68.4,20.2,69.7,988.0,0.0,25.4,15.8,200.0,S,-1.11,7.65,-9.73
567339,2019-09-25,2019,CLE,2019-09-25 19:10:00,19,8,3,11,3,19,7,20,301,87.1,3,51,0.0588,0.15,66.9,19.4,62.3,988.4,0.0,17.2,10.7,284.0,W,17.01,16.85,15.12
567340,2019-09-26,2019,CLE,2019-09-26 19:10:00,19,8,0,8,3,18,6,15,296,85.4,3,47,0.0638,0.2,60.3,15.7,70.3,992.1,0.0,12.9,8.0,198.6,S,-0.86,3.58,-5.2
567341,2019-09-28,2019,DET,2019-09-27 15:10:00,15,3,4,7,2,18,4,16,281,80.5,2,50,0.04,0.125,71.6,22.0,85.3,984.1,0.4,22.6,14.0,222.3,SW,7.67,14.48,-0.06
567342,2019-09-28,2019,DET,2019-09-28 14:40:00,14,7,1,8,3,18,5,15,267,77.5,2,46,0.0435,0.2,60.9,16.0,80.3,999.5,0.0,28.7,17.8,23.7,NE,-0.58,-10.35,9.25
567343,2019-09-29,2019,DET,2019-09-29 14:10:00,14,5,3,8,3,20,4,11,257,84.5,2,39,0.0513,0.2727,66.1,18.9,91.7,998.2,0.0,12.7,7.9,79.1,E,-10.6,-12.35,-7.57
631514,2020-07-24,2020,MIN,2020-07-24 19:10:00,19,5,10,15,3,17,8,20,327,84.4,4,56,0.0714,0.15,73.6,23.1,91.7,998.5,0.0,9.7,6.0,92.0,E,-9.09,-9.7,-7.38
631515,2020-07-25,2020,MIN,2020-07-25 13:10:00,13,10,3,13,6,16,6,20,315,82.9,5,55,0.0909,0.3,85.8,29.9,56.3,997.2,0.0,14.1,8.7,140.0,SE,-12.48,-9.5,-13.95
631517,2020-07-26,2020,MIN,2020-07-26 13:10:00,13,2,14,16,5,17,9,19,337,81.2,3,55,0.0545,0.2632,90.8,32.7,54.7,993.3,0.1,22.2,13.8,229.3,SW,10.04,16.22,2.65
631518,2020-08-05,2020,MIL,2020-08-05 19:10:00,19,0,1,1,0,17,3,11,230,82.1,3,44,0.0682,0.0,69.3,20.7,67.3,997.6,0.0,11.4,7.1,199.0,S,-0.7,3.25,-4.56
631513,2020-08-06,2020,MIL,2020-08-06 19:10:00,19,3,8,11,3,24,10,19,378,79.9,2,49,0.0408,0.1579,70.5,21.4,75.3,998.1,0.0,6.6,4.1,94.6,E,-6.25,-6.56,-5.18
631504,2020-08-07,2020,CLE,2020-08-07 19:10:00,19,2,0,2,1,13,9,10,278,84.3,2,44,0.0455,0.1,73.8,23.2,63.7,999.1,0.0,12.1,7.5,177.3,S,-5.13,-1.09,-8.56
631503,2020-08-08,2020,CLE,2020-08-08 13:10:00,13,1,7,8,4,23,7,18,320,83.0,5,47,0.1064,0.2222,87.8,31.0,45.7,997.1,0.0,22.5,14.0,212.0,SW,3.72,11.09,-4.11
631506,2020-08-09,2020,CLE,2020-08-09 18:08:00,18,4,5,9,2,28,10,13,315,85.4,3,42,0.0714,0.1538,78.6,25.9,83.3,994.8,12.5,7.5,4.6,201.1,S,-0.18,2.39,-2.72
631507,2020-08-15,2020,STL,2020-08-14 19:10:00,19,3,6,9,4,16,4,12,255,83.4,4,38,0.1053,0.3333,73.0,22.8,85.7,993.5,0.0,10.0,6.2,17.6,N,0.85,-2.61,4.21
631508,2020-08-15,2020,STL,2020-08-15 12:10:00,12,1,5,6,0,14,5,11,221,80.4,1,37,0.027,0.0,81.9,27.7,63.7,992.5,0.1,13.0,8.1,69.0,E,-9.41,-11.89,-5.79
631491,2020-08-16,2020,STL,2020-08-16 13:10:00,13,7,2,9,4,15,5,14,253,86.6,7,48,0.1458,0.2857,76.0,24.5,50.3,994.7,0.0,17.0,10.5,106.3,E,-16.87,-16.47,-15.23
631493,2020-08-17,2020,DET,2020-08-17 19:10:00,19,7,2,9,6,25,5,18,333,81.0,8,45,0.1778,0.3333,73.8,23.2,67.0,994.5,0.0,8.6,5.4,145.3,SE,-7.26,-5.22,-8.42
631496,2020-08-18,2020,DET,2020-08-18 19:10:00,19,10,4,14,2,11,7,20,304,85.0,4,57,0.0702,0.1,68.5,20.3,72.3,996.8,0.0,12.1,7.5,45.3,NE,-4.71,-8.25,-0.6
631497,2020-08-19,2020,DET,2020-08-19 19:10:00,19,5,3,8,4,22,2,14,248,83.1,6,42,0.1429,0.2857,70.1,21.2,67.7,996.4,0.0,11.5,7.1,149.3,SE,-9.21,-6.3,-11.01
631498,2020-08-20,2020,DET,2020-08-20 13:10:00,13,9,0,9,2,21,6,17,306,81.0,1,46,0.0217,0.1176,84.0,28.9,34.0,993.4,0.0,11.5,7.1,183.7,S,-3.71,0.23,-7.21
631499,2020-08-25,2020,PIT,2020-08-25 19:10:00,19,4,0,4,0,18,5,9,224,84.2,3,40,0.075,0.0,72.7,22.6,86.7,995.7,0.0,13.7,8.5,94.6,E,-13.07,-13.72,-10.84
631500,2020-08-26,2020,PIT,2020-08-26 13:10:00,13,10,3,13,5,14,5,18,266,84.4,3,53,0.0566,0.2778,91.9,33.3,42.3,992.2,0.0,23.2,14.4,225.3,SW,9.02,15.8,1.15
631501,2020-08-28,2020,KC,2020-08-28 18:10:00,18,6,5,11,5,18,10,22,341,80.0,6,54,0.1111,0.2273,79.0,26.1,80.0,983.6,0.0,14.3,8.9,255.2,W,11.4,13.68,7.74
631502,2020-08-29,2020,KC,2020-08-29 13:10:00,13,6,9,15,5,17,11,21,353,83.3,2,55,0.0364,0.2381,80.3,26.8,32.7,988.5,0.0,19.3,12.0,330.0,NW,15.31,10.37,18.41
631505,2020-08-30,2020,KC,2020-08-30 13:10:00,13,5,2,7,2,27,9,13,339,80.4,2,43,0.0465,0.1538,73.2,22.9,54.0,991.2,0.0,15.4,9.6,67.3,NE,-10.88,-13.97,-6.48
631478,2020-09-11,2020,DET,2020-09-11 19:10:00,19,4,3,7,1,18,7,8,282,83.0,3,41,0.0732,0.125,67.3,19.6,82.0,999.7,0.0,16.9,10.5,102.4,E,-16.64,-16.65,-14.62
631495,2020-09-12,2020,DET,2020-09-12 18:10:00,18,14,0,14,2,12,5,24,295,83.0,3,62,0.0484,0.0833,68.7,20.4,93.3,991.6,0.3,16.3,10.1,241.2,SW,10.19,13.93,5.23
631481,2020-09-13,2020,DET,2020-09-13 13:10:00,13,5,2,7,1,17,4,17,300,80.2,3,49,0.0612,0.0588,72.6,22.5,60.3,997.5,0.0,9.2,5.7,60.8,NE,-5.68,-7.8,-2.87
631482,2020-09-14,2020,MIN,2020-09-14 19:10:00,19,3,1,4,0,15,15,17,357,81.1,2,51,0.0392,0.0,65.8,18.8,82.3,1005.5,0.0,11.7,7.3,127.3,SE,-11.31,-9.6,-11.65
631483,2020-09-15,2020,MIN,2020-09-15 19:10:00,19,6,2,8,3,18,4,16,300,83.8,3,48,0.0625,0.1875,66.5,19.2,75.3,998.4,0.0,15.3,9.5,190.7,S,-3.13,2.17,-8.05
631484,2020-09-16,2020,MIN,2020-09-16 19:10:00,19,1,5,6,4,15,5,9,278,82.6,7,45,0.1556,0.4444,70.1,21.2,86.3,995.9,0.2,18.6,11.6,15.0,N,2.43,-4.03,8.6
631485,2020-09-17,2020,MIN,2020-09-17 13:10:00,13,4,3,7,5,21,3,17,289,80.1,5,46,0.1087,0.2941,64.1,17.8,57.3,999.8,0.0,24.4,15.2,33.0,NE,-4.44,-12.38,4.03
631486,2020-09-25,2020,CHC,2020-09-25 19:10:00,19,0,10,10,5,14,5,13,285,84.3,6,52,0.1154,0.3846,70.9,21.6,58.3,991.1,0.0,18.0,11.2,179.3,S,-7.08,-0.99,-12.31
631487,2020-09-26,2020,CHC,2020-09-26 18:10:00,18,9,5,14,3,15,11,15,303,86.5,1,49,0.0204,0.2,73.9,23.3,60.0,984.0,0.0,36.8,22.9,191.0,S,-7.34,5.44,-19.23
631488,2020-09-27,2020,CHC,2020-09-27 14:10:00,14,8,10,18,5,23,13,19,341,86.1,4,49,0.0816,0.2632,76.6,24.8,47.0,986.2,0.0,19.4,12.1,313.7,NW,18.08,14.59,19.4
634565,2021-04-08,2021,KC,2021-04-08 15:10:00,15,6,0,6,2,16,5,15,264,82.7,2,48,0.0417,0.1333,56.4,13.5,91.7,977.7,2.6,18.1,11.2,110.6,E,-18.09,-17.2,-16.8
632170,2021-04-11,2021,KC,2021-04-11 13:10:00,13,3,4,7,2,22,14,12,360,80.3,4,48,0.0833,0.1667,49.8,9.9,84.3,975.2,0.0,16.4,10.2,26.3,NE,-1.1,-6.63,4.57
632216,2021-04-12,2021,CLE,2021-04-12 19:10:00,19,4,3,7,2,17,7,10,277,78.5,3,43,0.0698,0.2,49.5,9.7,66.3,992.3,0.0,16.0,10.0,255.3,W,12.78,15.32,8.69
632199,2021-04-13,2021,CLE,2021-04-13 19:10:00,19,0,2,2,0,24,3,8,283,79.3,0,44,0.0,0.0,46.8,8.2,66.7,998.1,0.0,10.7,6.7,220.5,SW,3.31,6.6,-0.38
634516,2021-04-14,2021,CLE,2021-04-14 19:10:00,19,8,0,8,1,13,3,12,262,84.3,4,50,0.08,0.0833,40.2,4.6,71.0,997.1,0.0,7.1,4.4,119.0,SE,-7.05,-6.35,-6.9
634501,2021-04-15,2021,CLE,2021-04-15 13:10:00,13,2,4,6,1,22,3,16,298,82.6,3,49,0.0612,0.0625,45.3,7.4,70.3,995.3,0.0,18.3,11.4,66.3,NE,-12.7,-16.45,-7.41
634435,2021-04-23,2021,TEX,2021-04-23 19:10:00,19,9,7,16,4,22,7,26,351,83.3,3,54,0.0556,0.1538,52.2,11.2,58.7,992.9,0.0,12.8,8.0,194.7,S,-1.75,2.71,-5.99
634384,2021-04-24,2021,TEX,2021-04-24 18:10:00,18,2,1,3,1,12,3,20,275,83.5,6,57,0.1053,0.05,54.4,12.5,78.3,988.1,0.5,10.4,6.4,175.9,S,-4.63,-1.18,-7.53
634393,2021-04-25,2021,TEX,2021-04-25 13:10:00,13,8,4,12,2,17,8,22,350,82.3,2,53,0.0377,0.0909,41.8,5.4,48.7,999.7,0.0,24.0,14.9,37.3,NE,-6.15,-13.73,2.16
634332,2021-04-27,2021,DET,2021-04-27 19:10:00,19,2,5,7,3,14,7,14,289,83.8,4,54,0.0741,0.2143,68.5,20.3,54.7,986.0,0.0,14.3,8.9,324.6,NW,12.11,8.78,13.98
634330,2021-04-29,2021,DET,2021-04-29 16:10:00,16,3,1,4,0,19,4,6,195,79.4,3,25,0.12,0.0,54.3,12.4,79.0,989.3,0.0,11.6,7.2,129.3,SE,-11.1,-9.28,-11.58
634357,2021-04-29,2021,DET,2021-04-28 19:10:00,19,11,0,11,2,19,4,18,245,83.1,4,38,0.1053,0.1111,44.5,7.0,91.7,991.7,7.2,12.5,7.7,21.0,N,0.33,-3.96,4.57
634288,2021-04-30,2021,CLE,2021-04-30 19:10:00,19,3,5,8,1,20,5,13,261,82.0,1,47,0.0213,0.0769,41.7,5.4,77.0,1001.3,0.0,12.7,7.9,125.7,SE,-12.4,-10.66,-12.64
634326,2021-05-01,2021,CLE,2021-05-01 15:05:00,15,7,3,10,2,20,10,9,287,79.7,3,38,0.0789,0.2222,78.5,25.8,40.3,984.1,0.0,42.1,26.1,230.0,SW,19.42,31.01,5.49
634302,2021-05-02,2021,CLE,2021-05-02 13:10:00,13,0,5,5,2,23,7,13,302,84.4,2,44,0.0455,0.1538,81.4,27.5,41.0,981.3,0.1,34.9,21.7,224.3,SW,12.98,23.28,1.12
634147,2021-05-11,2021,MIN,2021-05-11 19:10:00,19,9,3,12,3,16,6,20,308,83.2,4,52,0.0769,0.15,43.0,6.1,74.0,1007.5,0.0,8.8,5.4,13.7,N,1.35,-1.7,4.23
634160,2021-05-12,2021,MIN,2021-05-12 19:10:00,19,13,8,21,3,16,7,27,341,85.3,5,60,0.0833,0.1111,48.7,9.3,66.3,1007.9,0.0,6.3,3.9,80.6,E,-5.32,-6.13,-3.87
634125,2021-05-13,2021,MIN,2021-05-13 13:10:00,13,4,2,6,3,25,9,12,323,82.3,4,41,0.0976,0.25,63.7,17.6,28.7,1006.1,0.0,19.0,11.8,112.7,SE,-18.97,-17.8,-17.84
634166,2021-05-14,2021,KC,2021-05-14 19:10:00,19,3,1,4,2,17,7,10,231,82.8,5,33,0.1515,0.2,56.5,13.6,50.7,1001.8,0.0,13.6,8.5,143.4,SE,-11.7,-8.6,-13.39
634656,2021-05-14,2021,KC,2021-04-10 13:10:00,13,2,6,8,2,18,7,13,253,84.5,2,35,0.0571,0.1538,48.4,9.1,93.7,976.7,4.7,18.8,11.7,52.3,NE,-9.34,-14.34,-3.21
634127,2021-05-15,2021,KC,2021-05-15 18:10:00,18,1,5,6,3,17,6,15,320,80.2,4,51,0.0784,0.2,58.4,14.7,70.7,999.7,0.0,11.5,7.1,158.0,S,-8.06,-4.77,-10.38
634124,2021-05-16,2021,KC,2021-05-16 13:10:00,13,4,3,7,1,15,9,17,300,79.9,3,52,0.0577,0.0588,68.0,20.0,46.7,999.0,0.0,16.3,10.1,103.7,E,-16.07,-15.96,-14.25
633994,2021-05-24,2021,STL,2021-05-24 19:10:00,19,5,1,6,1,13,8,10,284,80.5,2,48,0.0417,0.1,77.9,25.5,55.0,995.7,0.0,17.0,10.6,185.9,S,-4.85,1.02,-10.14
633951,2021-05-25,2021,STL,2021-05-25 19:10:00,19,8,3,11,1,13,4,21,305,84.6,3,58,0.0517,0.0476,71.8,22.1,76.7,993.1,1.1,23.0,14.3,242.0,SW,14.65,19.85,7.69
633971,2021-05-26,2021,STL,2021-05-26 13:10:00,13,0,4,4,2,23,7,11,295,80.3,2,43,0.0465,0.1818,81.0,27.2,29.7,994.5,0.0,17.2,10.7,301.0,NW,17.01,15.12,16.85
633924,2021-05-27,2021,BAL,2021-05-27 19:10:00,19,5,1,6,2,25,6,17,311,84.1,2,42,0.0476,0.1176,53.7,12.0,85.3,991.9,6.6,24.8,15.4,26.0,NE,-1.5,-9.89,7.07
633887,2021-05-29,2021,BAL,2021-05-28 19:10:00,19,3,1,4,2,17,4,9,225,81.3,2,31,0.0645,0.2222,47.8,8.8,83.7,997.6,3.4,29.9,18.6,24.3,NE,-0.94,-11.1,9.32
633960,2021-05-29,2021,BAL,2021-05-29 13:10:00,13,7,4,11,5,16,7,16,274,83.5,5,39,0.1282,0.3125,55.8,13.2,44.3,1002.0,0.0,28.3,17.6,11.3,N,5.48,-4.35,14.65
633872,2021-05-30,2021,BAL,2021-05-30 13:10:00,13,3,1,4,2,21,7,11,283,78.0,2,41,0.0488,0.1818,63.9,17.7,32.7,1003.0,0.0,12.6,7.8,67.7,E,-8.96,-11.47,-5.37
633859,2021-06-03,2021,DET,2021-06-03 19:10:00,19,4,1,5,5,21,2,11,235,82.1,5,41,0.122,0.4545,79.5,26.4,34.7,989.9,0.0,19.1,11.9,224.7,SW,7.22,12.85,0.73
633840,2021-06-04,2021,DET,2021-06-04 19:10:00,19,9,8,17,6,12,11,19,326,83.3,5,59,0.0847,0.3158,81.4,27.5,33.3,991.5,0.0,23.8,14.8,221.7,SW,7.81,15.03,-0.35
633920,2021-06-05,2021,DET,2021-06-05 13:10:00,13,3,4,7,3,27,4,15,307,80.0,2,40,0.05,0.2,91.5,33.1,29.3,990.2,0.0,29.7,18.4,220.7,SW,9.25,18.33,-0.95
633774,2021-06-06,2021,DET,2021-06-06 13:10:00,13,3,0,3,0,16,3,11,245,82.6,2,46,0.0435,0.0,87.9,31.1,40.0,990.9,0.1,29.5,18.3,187.3,S,-7.72,2.49,-16.99
633788,2021-06-08,2021,TOR,2021-06-08 19:10:00,19,6,1,7,1,27,7,19,323,84.7,6,42,0.1429,0.0526,77.6,25.3,83.0,994.3,0.2,9.9,6.1,179.3,S,-3.88,-0.55,-6.75
633783,2021-06-09,2021,TOR,2021-06-09 19:10:00,19,2,6,8,1,18,6,12,308,84.2,2,49,0.0408,0.0833,63.1,17.3,99.7,995.0,0.0,11.6,7.2,30.0,NE,-1.53,-5.38,2.51
633733,2021-06-10,2021,TOR,2021-06-10 19:10:00,19,5,2,7,2,17,4,15,287,86.4,4,47,0.0851,0.1333,66.9,19.4,99.3,990.3,0.0,7.9,4.9,70.0,E,-5.82,-7.3,-3.65
633673,2021-06-14,2021,TB,2021-06-14 19:10:00,19,2,5,7,3,23,5,14,262,83.6,3,42,0.0714,0.2143,70.6,21.4,61.3,995.2,0.0,9.5,5.9,350.9,N,4.96,1.9,7.42
633676,2021-06-15,2021,TB,2021-06-15 19:10:00,19,3,0,3,1,16,3,15,268,83.7,1,48,0.0208,0.0667,64.0,17.8,63.3,998.0,0.0,17.2,10.7,7.0,N,4.61,-1.35,10.01
633634,2021-06-16,2021,TB,2021-06-16 13:10:00,13,8,7,15,3,22,3,21,311,80.9,5,58,0.0862,0.1429,71.1,21.7,40.0,997.9,0.0,20.2,12.6,33.0,NE,-3.69,-10.27,3.34
633620,2021-06-25,2021,SEA,2021-06-25 19:10:00,19,3,9,12,4,22,10,21,336,80.6,3,49,0.0612,0.1905,73.3,23.0,93.3,990.0,3.0,10.2,6.3,159.4,S,-6.95,-3.99,-9.07
633501,2021-06-26,2021,SEA,2021-06-26 13:10:00,13,2,3,5,3,20,6,13,291,79.2,3,44,0.0682,0.2308,77.9,25.5,87.0,987.6,3.1,29.5,18.4,204.0,SW,0.77,10.83,-9.37
633499,2021-06-27,2021,SEA,2021-06-27 16:15:00,16,7,5,12,1,16,13,12,278,78.9,2,34,0.0588,0.0833,81.5,27.5,62.3,993.6,0.0,15.6,9.7,276.8,W,15.05,15.59,12.7
633478,2021-06-29,2021,MIN,2021-06-29 19:10:00,19,7,6,13,1,10,8,17,298,80.7,2,53,0.0377,0.0588,76.2,24.5,88.3,999.0,5.6,8.4,5.2,296.2,NW,8.38,7.69,8.06
633479,2021-06-30,2021,MIN,2021-06-30 19:10:00,19,13,3,16,9,14,7,17,309,83.9,9,53,0.1698,0.5294,74.4,23.6,87.7,994.9,0.0,10.6,6.6,241.3,SW,6.62,9.04,3.41
633529,2021-07-01,2021,MIN,2021-07-01 13:10:00,13,8,5,13,2,14,8,24,354,83.8,2,60,0.0333,0.0833,64.7,18.2,85.7,995.8,0.0,30.3,18.8,4.0,N,9.62,-0.79,18.88
633309,2021-07-16,2021,HOU,2021-07-16 19:10:00,19,1,7,8,1,24,6,13,312,81.9,1,42,0.0238,0.0769,65.0,18.3,90.7,994.5,0.1,18.7,11.6,352.3,N,9.38,3.3,14.33
633262,2021-07-17,2021,HOU,2021-07-17 18:15:00,18,10,1,11,6,12,5,15,274,82.9,7,53,0.1321,0.4,67.2,19.6,86.7,999.1,0.0,16.4,10.2,16.7,N,1.67,-4.02,7.16
633247,2021-07-18,2021,HOU,2021-07-18 13:10:00,13,4,0,4,2,17,2,8,227,82.2,2,41,0.0488,0.25,75.8,24.3,74.3,1001.1,0.0,17.4,10.8,41.0,NE,-5.52,-10.83,0.46
633278,2021-07-19,2021,MIN,2021-07-19 16:10:00,16,2,3,5,2,17,4,11,252,81.5,1,44,0.0227,0.1818,76.3,24.6,67.7,998.6,0.0,10.0,6.2,86.3,E,-8.98,-9.94,-6.93
633476,2021-07-19,2021,MIN,2021-06-28 19:10:00,19,5,3,8,5,14,3,8,188,81.0,5,31,0.1613,0.625,75.9,24.4,90.0,998.8,0.6,10.5,6.5,203.3,SW,0.15,3.74,-3.45
633268,2021-07-20,2021,MIN,2021-07-20 19:10:00,19,9,5,14,5,20,10,17,313,84.4,7,49,0.1429,0.2941,67.8,19.9,89.0,997.0,0.0,18.8,11.7,16.0,N,2.13,-4.39,8.39
633205,2021-07-21,2021,MIN,2021-07-21 19:10:00,19,2,7,9,2,15,5,21,304,83.7,2,57,0.0351,0.0952,66.4,19.1,91.7,1000.0,0.0,14.4,8.9,40.9,NE,-4.55,-8.95,0.4
633128,2021-07-30,2021,CLE,2021-07-30 19:10:00,19,6,4,10,2,21,9,20,342,80.3,2,48,0.0417,0.1,65.6,18.7,76.0,998.9,0.3,10.5,6.5,34.0,NE,-2.09,-5.47,1.55
633058,2021-07-31,2021,CLE,2021-07-31 18:10:00,18,11,12,23,8,15,8,24,347,86.6,12,63,0.1905,0.3333,75.4,24.1,62.0,993.0,0.0,8.5,5.3,255.3,W,6.75,8.09,4.59
633047,2021-08-01,2021,CLE,2021-08-01 13:10:00,13,2,1,3,2,19,5,8,264,80.0,2,40,0.05,0.25,70.5,21.4,62.7,996.8,0.0,23.4,14.6,32.0,NE,-3.87,-11.54,4.27
633030,2021-08-03,2021,KC,2021-08-03 19:10:00,19,7,1,8,2,23,9,8,277,81.8,4,36,0.1111,0.25,74.6,23.7,60.3,997.3,0.0,11.3,7.0,114.3,SE,-11.26,-10.46,-10.7
633053,2021-08-04,2021,KC,2021-08-04 19:10:00,19,1,9,10,5,13,4,16,315,82.0,3,55,0.0545,0.3125,74.7,23.7,67.0,998.2,0.0,9.4,5.9,131.8,SE,-8.91,-7.3,-9.43
633015,2021-08-05,2021,KC,2021-08-05 19:10:00,19,2,3,5,2,17,6,12,297,87.0,3,47,0.0638,0.1667,77.0,25.0,52.7,996.0,0.0,18.6,11.6,203.7,SW,0.38,6.72,-6.0
632924,2021-08-12,2021,NYY,2021-08-12 18:00:00,18,9,8,17,8,23,11,16,317,,0,45,0.0,0.5,77.4,25.2,80.3,992.4,0.0,20.3,12.6,245.0,SW,13.74,18.04,7.78
632898,2021-08-14,2021,NYY,2021-08-14 18:10:00,18,5,7,12,5,20,7,23,393,83.8,7,61,0.1148,0.2174,70.8,21.6,59.0,1002.4,0.0,13.0,8.1,55.3,NE,-7.07,-10.39,-2.89
632899,2021-08-15,2021,NYY,2021-08-15 13:10:00,13,3,5,8,3,25,12,19,363,78.8,6,47,0.1277,0.1579,75.7,24.3,49.0,1000.9,0.0,15.3,9.5,61.3,NE,-9.59,-13.09,-4.94
632892,2021-08-16,2021,ATH,2021-08-16 19:10:00,19,5,2,7,2,20,6,16,295,82.9,4,45,0.0889,0.125,70.8,21.6,74.0,996.0,0.0,11.5,7.1,68.0,E,-8.2,-10.46,-4.95
632908,2021-08-17,2021,ATH,2021-08-17 19:10:00,19,9,0,9,2,15,7,15,269,84.0,2,46,0.0435,0.1333,74.3,23.5,91.7,995.5,0.2,11.4,7.1,72.4,E,-8.69,-10.67,-5.66
632854,2021-08-18,2021,ATH,2021-08-18 19:10:00,19,3,2,5,1,16,8,17,280,82.2,2,51,0.0392,0.0588,76.3,24.6,88.0,997.8,0.4,9.8,6.1,87.7,E,-8.93,-9.8,-6.98
632823,2021-08-19,2021,ATH,2021-08-19 13:10:00,13,4,5,9,4,11,12,14,284,83.5,6,57,0.1053,0.2857,80.9,27.2,71.3,996.3,0.0,12.1,7.5,77.7,E,-9.93,-11.7,-6.97
632718,2021-08-27,2021,CHC,2021-08-27 19:10:00,19,17,13,30,6,14,12,28,382,83.8,11,66,0.1667,0.2143,78.7,25.9,91.0,996.0,1.4,15.3,9.5,143.0,SE,-13.16,-9.71,-15.01
632722,2021-08-28,2021,CHC,2021-08-28 18:10:00,18,0,7,7,3,13,5,13,262,84.7,1,51,0.0196,0.2308,79.8,26.6,89.0,996.7,0.4,8.6,5.4,221.5,SW,2.81,5.44,-0.15
632765,2021-08-29,2021,CHC,2021-08-29 13:10:00,13,13,1,14,6,23,6,16,280,81.3,5,41,0.122,0.375,84.1,28.9,67.7,993.5,1.6,23.3,14.5,245.0,SW,15.73,20.66,8.91
632683,2021-08-31,2021,PIT,2021-08-31 19:10:00,19,4,2,6,2,14,8,11,260,82.9,3,47,0.0638,0.1818,73.7,23.2,72.7,989.4,0.0,22.6,14.0,32.6,NE,-3.97,-11.34,3.88
632671,2021-09-01,2021,PIT,2021-09-01 19:10:00,19,6,3,9,3,12,4,19,266,83.3,2,55,0.0364,0.1579,67.0,19.4,85.0,995.5,0.0,16.3,10.1,7.0,N,4.36,-1.28,9.47
632559,2021-09-10,2021,BOS,2021-09-10 19:10:00,19,4,3,7,2,18,8,14,321,83.0,2,47,0.0426,0.1429,68.8,20.4,66.3,994.7,0.0,15.0,9.3,183.7,S,-4.85,0.31,-9.43
632531,2021-09-11,2021,BOS,2021-09-11 18:10:00,18,8,9,17,3,21,11,21,350,84.4,3,58,0.0517,0.1429,78.4,25.8,69.3,991.0,0.0,16.1,10.0,203.0,SW,0.14,5.63,-5.36
632513,2021-09-12,2021,BOS,2021-09-12 13:10:00,13,2,1,3,1,24,6,9,269,79.9,3,36,0.0833,0.1111,88.4,31.3,43.3,993.2,0.0,22.1,13.8,243.7,SW,14.57,19.39,7.99
632506,2021-09-14,2021,LAA,2021-09-14 19:10:00,19,9,3,12,4,16,10,19,315,84.2,4,50,0.08,0.2105,69.1,20.6,67.0,990.8,0.0,17.3,10.7,327.0,NW,14.26,10.05,16.75
632490,2021-09-15,2021,LAA,2021-09-15 19:10:00,19,2,3,5,2,18,6,17,297,83.2,5,49,0.102,0.1176,68.4,20.2,63.7,997.1,0.0,12.6,7.8,102.3,E,-12.43,-12.45,-10.92
632476,2021-09-16,2021,LAA,2021-09-16 13:10:00,13,3,9,12,2,23,6,19,320,80.7,3,48,0.0625,0.1053,79.1,26.2,38.7,996.7,0.0,15.6,9.7,120.7,SE,-15.41,-13.72,-15.24
632321,2021-09-28,2021,CIN,2021-09-28 19:10:00,19,7,1,8,5,11,6,14,257,86.3,5,52,0.0962,0.3571,64.5,18.1,80.0,994.4,0.0,11.4,7.1,67.3,NE,-8.01,-10.29,-4.77
632304,2021-09-29,2021,CIN,2021-09-29 19:10:00,19,6,1,7,2,18,6,11,255,82.0,5,43,0.1163,0.1818,69.1,20.6,79.7,997.4,0.0,15.2,9.5,75.3,E,-12.14,-14.55,-8.26
632274,2021-10-01,2021,DET,2021-10-01 19:10:00,19,8,1,9,1,18,9,20,302,81.5,1,50,0.02,0.05,73.5,23.0,69.3,998.1,0.0,15.9,9.9,145.0,SE,-13.43,-9.69,-15.55
632265,2021-10-02,2021,DET,2021-10-02 18:10:00,18,5,4,9,1,19,5,15,274,84.3,4,46,0.087,0.0667,69.1,20.6,95.7,991.3,8.8,13.2,8.2,184.7,S,-4.05,0.5,-8.11
632252,2021-10-03,2021,DET,2021-10-03 14:10:00,14,2,5,7,2,19,7,17,316,81.8,1,52,0.0192,0.1176,71.8,22.1,77.0,987.1,2.3,7.0,4.3,292.0,W,6.97,6.57,6.52
661538,2022-04-12,2022,SEA,2022-04-12 15:10:00,15,3,2,5,2,19,9,13,290,85.0,3,45,0.0667,0.1538,63.0,17.2,69.0,986.3,0.0,26.6,16.5,128.3,SE,-25.63,-21.61,-26.56
661530,2022-04-13,2022,SEA,2022-04-13 18:10:00,18,6,4,10,4,18,5,18,266,81.9,4,49,0.0816,0.2222,54.1,12.3,89.7,978.1,4.6,25.6,15.9,256.5,W,20.73,24.64,14.32
661529,2022-04-14,2022,SEA,2022-04-14 13:10:00,13,1,5,6,3,17,7,11,302,78.8,2,50,0.04,0.2727,49.8,9.9,34.0,988.0,0.0,50.8,31.6,245.3,SW,34.54,45.2,19.71
661528,2022-04-15,2022,TB,2022-04-15 18:10:00,18,3,2,5,1,19,2,12,248,82.5,7,43,0.1628,0.0833,45.2,7.3,67.3,991.5,0.0,17.0,10.5,276.0,W,16.27,16.93,13.64
661527,2022-04-16,2022,TB,2022-04-16 13:10:00,13,3,2,5,1,18,4,12,276,82.8,2,45,0.0444,0.0833,46.0,7.8,46.3,997.8,0.0,19.8,12.3,304.3,NW,19.38,16.82,19.6
661462,2022-04-17,2022,TB,2022-04-17 13:10:00,13,3,9,12,1,17,10,15,307,81.7,4,51,0.0784,0.0667,38.2,3.4,66.0,1004.2,0.0,17.8,11.1,52.3,NE,-8.87,-13.63,-3.05
661536,2022-04-26,2022,KC,2022-04-26 18:10:00,18,0,6,6,0,13,13,11,338,79.8,2,52,0.0385,0.0,39.1,3.9,76.7,1003.6,0.0,16.6,10.3,58.7,NE,-9.8,-13.79,-4.62
661533,2022-04-27,2022,KC,2022-04-27 13:10:00,13,7,3,10,2,20,6,13,273,81.9,3,43,0.0698,0.1538,35.3,1.8,73.3,1005.9,0.0,21.7,13.5,46.0,NE,-8.65,-14.94,-1.32
661532,2022-04-28,2022,KC,2022-04-28 13:10:00,13,2,5,7,1,15,9,11,325,81.0,3,53,0.0566,0.0909,46.9,8.3,78.0,1000.7,0.7,22.5,14.0,88.7,E,-20.61,-22.48,-16.25
661535,2022-04-29,2022,LAA,2022-04-29 18:10:00,18,1,5,6,2,16,3,16,292,82.8,4,52,0.0769,0.125,53.9,12.2,69.0,994.3,1.5,19.8,12.3,108.3,E,-19.75,-19.05,-18.07
661534,2022-04-30,2022,LAA,2022-04-30 15:05:00,15,4,0,4,2,14,3,16,259,82.7,3,50,0.06,0.125,64.5,18.1,86.7,983.5,12.4,31.4,19.5,156.7,SE,-22.52,-13.68,-28.65
661531,2022-05-01,2022,LAA,2022-05-01 13:10:00,13,5,6,11,1,9,12,20,306,84.6,5,61,0.082,0.05,54.1,12.3,66.3,988.3,0.0,33.6,20.9,241.3,SW,21.09,28.78,10.86
661526,2022-05-02,2022,LAA,2022-05-02 13:10:00,13,3,0,3,0,19,3,9,253,82.4,5,40,0.125,0.0,55.2,12.9,67.7,995.4,0.0,6.3,3.9,74.6,E,-4.94,-5.96,-3.33
661525,2022-05-09,2022,CLE,2022-05-09 19:10:00,19,9,12,21,5,20,11,19,382,81.7,8,70,0.1143,0.2632,70.8,21.6,70.3,990.4,0.0,30.0,18.6,168.3,S,-16.85,-7.34,-24.32
661524,2022-05-10,2022,CLE,2022-05-10 19:10:00,19,4,1,5,2,8,3,16,241,82.8,4,57,0.0702,0.125,74.8,23.8,83.3,996.2,2.2,16.9,10.5,177.0,S,-7.3,-1.63,-12.08
661519,2022-05-12,2022,NYY,2022-05-12 19:10:00,19,7,15,22,5,22,11,23,363,85.0,7,55,0.1273,0.2174,71.7,22.1,55.3,994.1,0.0,22.5,14.0,142.7,SE,-19.42,-14.39,-22.11
661491,2022-05-13,2022,NYY,2022-05-13 19:10:00,19,4,10,14,5,18,5,23,295,84.9,7,58,0.1207,0.2174,73.6,23.1,65.0,990.9,0.0,15.1,9.4,161.4,S,-9.94,-5.45,-13.23
661490,2022-05-14,2022,NYY,2022-05-14 18:10:00,18,3,2,5,1,14,8,20,292,82.9,1,54,0.0185,0.05,64.4,18.0,70.0,990.9,0.0,11.7,7.3,119.0,SE,-11.63,-10.47,-11.38
661489,2022-05-15,2022,NYY,2022-05-15 13:10:00,13,1,5,6,2,14,5,6,263,85.3,3,46,0.0652,0.3333,66.0,18.9,49.7,990.8,0.0,12.5,7.8,71.4,E,-9.41,-11.66,-6.03
661488,2022-05-24,2022,BOS,2022-05-24 19:10:00,19,3,16,19,5,21,9,25,356,86.5,7,58,0.1207,0.2,51.1,10.6,82.0,998.8,0.0,23.7,14.7,33.7,NE,-4.59,-12.28,3.65
661487,2022-05-25,2022,BOS,2022-05-25 19:10:00,19,3,1,4,1,14,10,12,277,82.6,2,48,0.0417,0.0833,70.0,21.1,87.3,987.0,0.5,23.3,14.5,169.3,S,-12.73,-5.3,-18.62
661486,2022-05-26,2022,BOS,2022-05-26 19:10:00,19,7,16,23,4,19,10,29,396,84.2,3,64,0.0469,0.1379,63.5,17.5,89.3,985.6,0.9,14.2,8.8,97.4,E,-13.74,-14.18,-11.64
661518,2022-05-28,2022,CHC,2022-05-28 18:15:00,18,1,5,6,1,11,8,17,270,83.5,2,55,0.0364,0.0588,65.7,18.7,76.7,989.0,0.0,13.0,8.1,136.7,SE,-11.86,-9.33,-12.97
661461,2022-05-29,2022,CHC,2022-05-29 13:10:00,13,5,4,9,0,14,8,15,343,79.9,2,72,0.0278,0.0,80.2,26.8,59.3,988.3,0.0,29.0,18.0,177.3,S,-12.33,-2.61,-20.57
661460,2022-06-07,2022,LAD,2022-06-07 19:10:00,19,4,0,4,0,15,5,12,267,84.4,0,46,0.0,0.0,56.5,13.6,87.3,993.2,0.0,12.0,7.5,114.7,SE,-12.02,-11.14,-11.46
661459,2022-06-08,2022,LAD,2022-06-08 19:10:00,19,1,4,5,4,19,2,10,258,84.3,3,45,0.0667,0.4,55.4,13.0,94.0,990.4,0.0,18.2,11.3,350.3,N,9.68,3.84,14.36
661458,2022-06-09,2022,LAD,2022-06-09 13:10:00,13,9,11,20,2,24,13,22,404,81.0,4,52,0.0769,0.0909,75.8,24.3,35.0,992.3,0.0,19.7,12.2,317.6,NW,17.84,13.9,19.62
661485,2022-06-10,2022,TEX,2022-06-10 19:10:00,19,8,3,11,4,19,5,17,281,84.3,4,47,0.0851,0.2353,61.7,16.5,84.0,991.4,0.0,13.3,8.3,220.0,SW,4.01,8.12,-0.58
661484,2022-06-11,2022,TEX,2022-06-11 13:10:00,13,9,11,20,2,26,9,30,371,80.3,5,63,0.0794,0.0667,73.1,22.8,58.7,987.4,0.0,14.6,9.1,229.3,SW,6.59,10.65,1.74
661483,2022-06-12,2022,TEX,2022-06-12 13:10:00,13,6,8,14,2,26,11,19,389,82.5,2,63,0.0317,0.1053,57.7,14.3,87.0,989.9,0.0,20.9,13.0,25.7,NE,-1.15,-8.22,6.05
661482,2022-06-20,2022,TOR,2022-06-20 19:10:00,19,8,7,15,5,13,4,21,285,84.9,7,58,0.1207,0.2381,84.9,29.4,33.7,996.0,0.0,18.1,11.2,226.0,SW,7.22,12.46,1.1
661481,2022-06-21,2022,TOR,2022-06-21 19:10:00,19,7,6,13,1,29,13,23,428,79.9,4,61,0.0656,0.0435,87.6,30.9,56.0,994.4,0.0,23.6,14.6,242.3,SW,15.09,20.37,7.99
661457,2022-06-22,2022,TOR,2022-06-22 13:10:00,13,5,9,14,3,12,3,26,305,83.6,7,66,0.1061,0.1154,85.3,29.6,39.3,995.3,0.0,13.0,8.1,83.0,E,-11.29,-12.79,-8.42
661456,2022-06-23,2022,BAL,2022-06-23 19:10:00,19,0,4,4,1,21,5,19,321,83.5,5,49,0.102,0.0526,72.6,22.5,54.7,994.8,0.0,9.8,6.1,125.4,SE,-9.55,-8.23,-9.72
661455,2022-06-24,2022,BAL,2022-06-24 19:10:00,19,1,4,5,0,14,6,6,255,83.7,3,45,0.0667,0.0,77.2,25.1,58.0,994.8,0.0,13.1,8.1,118.0,SE,-13.04,-11.82,-12.68
661454,2022-06-25,2022,BAL,2022-06-25 13:10:00,13,2,6,8,1,19,4,15,288,84.0,2,50,0.04,0.0667,76.0,24.5,69.0,992.8,0.1,22.6,14.0,173.4,S,-10.99,-3.59,-17.07
661453,2022-06-26,2022,BAL,2022-06-26 13:10:00,13,4,3,7,2,20,3,15,262,80.8,3,48,0.0625,0.1333,80.5,27.0,37.3,995.3,0.0,25.8,16.0,288.3,W,25.73,24.82,23.54
661452,2022-07-04,2022,MIN,2022-07-04 19:10:00,19,3,6,9,2,17,9,16,290,83.9,5,53,0.0943,0.125,79.5,26.4,79.7,991.2,0.0,23.1,14.4,187.7,S,-5.91,2.08,-13.19
661426,2022-07-05,2022,MIN,2022-07-05 19:10:00,19,2,8,10,5,17,7,22,272,83.9,6,55,0.1091,0.2273,75.9,24.4,94.7,990.4,6.6,14.7,9.2,319.5,NW,13.12,10.04,14.62
661413,2022-07-06,2022,MIN,2022-07-06 13:10:00,13,9,8,17,6,17,6,28,345,84.4,2,65,0.0308,0.2143,70.4,21.3,91.0,994.0,0.0,22.8,14.1,4.7,N,6.97,-0.86,13.96
661425,2022-07-07,2022,DET,2022-07-07 19:10:00,19,1,2,3,1,15,6,9,277,82.1,2,47,0.0426,0.1111,74.9,23.8,91.7,994.3,0.0,7.6,4.7,273.2,W,7.21,7.63,5.91
661412,2022-07-08,2022,DET,2022-07-08 19:10:00,19,5,7,12,2,22,5,19,276,81.5,2,50,0.04,0.1053,67.7,19.8,93.0,997.2,5.0,22.9,14.2,11.6,N,4.31,-3.64,11.74
661411,2022-07-09,2022,DET,2022-07-09 13:10:00,13,8,0,8,1,11,2,17,271,80.1,2,55,0.0364,0.0588,71.2,21.8,66.7,1000.2,0.0,24.7,15.3,20.7,N,0.79,-7.69,9.18
661410,2022-07-10,2022,DET,2022-07-10 13:10:00,13,4,2,6,2,12,5,12,255,84.1,4,50,0.08,0.1667,80.4,26.9,43.7,995.9,0.0,13.5,8.4,101.3,E,-13.24,-13.34,-11.55
661409,2022-07-22,2022,CLE,2022-07-22 19:10:00,19,2,8,10,1,14,4,22,314,81.9,1,61,0.0164,0.0455,78.4,25.8,67.7,993.0,0.0,16.0,9.9,187.0,S,-4.27,1.25,-9.27
661408,2022-07-23,2022,CLE,2022-07-23 18:15:00,18,5,4,9,1,13,7,16,291,82.7,1,52,0.0192,0.0625,80.6,27.0,74.7,991.2,0.0,19.5,12.1,230.0,SW,9.0,14.38,2.55
661523,2022-07-23,2022,CLE,2022-05-11 13:10:00,13,4,7,11,0,9,3,23,267,81.6,1,67,0.0149,0.0,69.4,20.8,99.7,998.2,0.0,10.4,6.4,88.8,E,-9.49,-10.35,-7.5
661407,2022-07-24,2022,CLE,2022-07-24 13:10:00,13,6,3,9,5,14,4,19,253,80.7,2,55,0.0364,0.2632,85.2,29.5,66.3,988.5,0.2,25.2,15.7,266.3,W,22.64,25.09,17.47
661406,2022-07-29,2022,ATH,2022-07-29 19:10:00,19,3,7,10,5,17,1,15,275,81.8,9,53,0.1698,0.3333,73.0,22.8,68.3,997.3,0.0,4.5,2.8,114.6,SE,-4.5,-4.17,-4.28
661451,2022-07-30,2022,ATH,2022-07-30 18:15:00,18,3,2,5,3,10,3,17,260,79.6,5,57,0.0877,0.1765,73.7,23.2,80.0,998.7,0.0,13.0,8.1,129.6,SE,-12.39,-10.34,-12.95
661388,2022-07-31,2022,ATH,2022-07-31 13:10:00,13,4,1,5,3,17,2,14,264,80.6,6,45,0.1333,0.2143,83.0,28.3,44.7,995.1,0.0,20.4,12.7,213.0,SW,3.72,10.34,-3.35
661387,2022-08-01,2022,KC,2022-08-01 19:10:00,19,1,2,3,2,15,2,16,269,81.8,1,53,0.0189,0.125,75.7,24.3,72.0,990.9,0.0,12.0,7.5,280.7,W,11.74,11.88,10.19
661386,2022-08-02,2022,KC,2022-08-02 19:10:00,19,9,2,11,2,15,6,21,258,84.8,3,56,0.0536,0.0952,79.2,26.2,74.0,990.9,0.0,20.3,12.6,189.3,S,-4.63,2.41,-11.11
661385,2022-08-03,2022,KC,2022-08-03 13:10:00,13,4,1,5,2,20,3,16,251,84.2,2,45,0.0444,0.125,82.9,28.3,73.7,988.3,0.5,22.7,14.1,212.4,SW,3.89,11.3,-4.0
661384,2022-08-12,2022,DET,2022-08-12 18:10:00,18,2,0,2,0,20,8,11,257,82.7,0,38,0.0,0.0,70.7,21.5,69.0,999.9,0.0,12.0,7.4,144.5,SE,-10.14,-7.36,-11.7
661383,2022-08-13,2022,DET,2022-08-13 18:10:00,18,6,4,10,1,18,3,24,253,83.1,2,55,0.0364,0.0417,73.2,22.9,69.7,993.2,0.1,18.2,11.3,162.3,S,-11.76,-6.29,-15.82
661450,2022-08-14,2022,DET,2022-08-14 13:10:00,13,5,3,8,3,20,4,18,289,82.4,4,48,0.0833,0.1667,71.5,22.0,82.3,992.6,0.2,26.1,16.2,28.7,NE,-2.81,-11.52,6.25
661449,2022-08-15,2022,HOU,2022-08-15 19:10:00,19,4,2,6,0,8,4,16,231,82.4,1,57,0.0175,0.0,68.2,20.1,90.0,997.4,0.0,15.4,9.6,13.3,N,2.46,-2.9,7.52
661448,2022-08-16,2022,HOU,2022-08-16 19:10:00,19,4,3,7,1,14,6,19,277,82.9,4,53,0.0755,0.0526,67.2,19.6,84.3,998.3,0.0,17.7,11.0,7.3,N,4.63,-1.49,10.19
661447,2022-08-17,2022,HOU,2022-08-17 19:10:00,19,2,3,5,0,15,7,13,268,85.0,2,49,0.0408,0.0,69.4,20.8,88.7,997.2,0.0,8.9,5.6,30.7,NE,-1.27,-4.22,1.83
661446,2022-08-18,2022,HOU,2022-08-18 13:10:00,13,5,21,26,5,19,12,36,386,83.4,6,68,0.0882,0.1389,79.9,26.6,44.3,994.6,0.1,8.6,5.3,120.3,SE,-8.52,-7.61,-8.41
661445,2022-08-26,2022,AZ,2022-08-26 19:10:00,19,2,7,9,3,11,6,12,275,85.0,6,53,0.1132,0.25,65.8,18.8,93.3,997.2,0.0,8.1,5.0,69.7,E,-5.92,-7.43,-3.68
661444,2022-08-27,2022,AZ,2022-08-27 18:10:00,18,5,10,15,1,14,8,18,309,83.5,3,56,0.0536,0.0556,71.6,22.0,80.7,993.9,0.0,17.1,10.6,94.3,E,-16.25,-17.09,-13.44
661443,2022-08-28,2022,AZ,2022-08-28 13:10:00,13,2,3,5,2,15,8,10,257,84.5,2,46,0.0435,0.2,84.7,29.3,57.0,989.1,1.8,27.0,16.8,188.3,S,-6.61,2.73,-15.15
661442,2022-08-30,2022,KC,2022-08-30 19:10:00,19,7,9,16,7,22,5,25,333,83.0,6,56,0.1071,0.28,68.9,20.5,67.3,993.9,0.0,13.5,8.4,296.7,NW,13.46,12.32,12.99
661441,2022-08-31,2022,KC,2022-08-31 19:10:00,19,4,2,6,3,13,6,15,263,81.1,3,49,0.0612,0.2,74.2,23.4,70.7,994.4,0.0,14.7,9.1,250.0,W,10.81,13.55,6.77
661440,2022-09-01,2022,KC,2022-09-01 13:10:00,13,7,1,8,2,23,5,19,312,81.0,4,48,0.0833,0.1053,87.2,30.7,39.3,995.2,0.0,12.9,8.0,234.4,SW,6.83,10.18,2.66
661439,2022-09-02,2022,MIN,2022-09-02 19:10:00,19,4,3,7,1,12,5,19,284,82.3,0,57,0.0,0.0526,75.4,24.1,70.0,995.9,0.0,12.5,7.7,192.3,S,-2.2,2.13,-6.27
661438,2022-09-03,2022,MIN,2022-09-03 18:15:00,18,13,0,13,3,12,6,14,243,85.0,3,51,0.0588,0.2143,69.7,21.0,91.7,998.4,0.3,24.5,15.2,9.3,N,5.58,-2.92,13.4
661437,2022-09-04,2022,MIN,2022-09-04 13:10:00,13,1,5,6,1,16,3,19,288,83.5,7,56,0.125,0.0526,70.8,21.6,84.3,997.1,0.1,25.6,15.9,39.3,NE,-7.41,-15.33,1.41
661436,2022-09-13,2022,COL,2022-09-13 19:10:00,19,4,2,6,3,13,4,12,251,84.7,2,50,0.04,0.25,65.1,18.4,94.0,994.0,0.0,7.2,4.5,196.1,S,-0.8,1.7,-3.21
661435,2022-09-14,2022,COL,2022-09-14 13:10:00,13,0,3,3,0,26,5,15,299,80.5,2,42,0.0476,0.0,72.3,22.4,71.7,999.2,0.0,16.8,10.4,57.7,NE,-9.68,-13.79,-4.4
661434,2022-09-20,2022,CLE,2022-09-20 19:10:00,19,7,10,17,1,15,8,21,343,84.2,3,70,0.0429,0.0476,74.5,23.6,74.7,990.0,0.0,24.7,15.4,205.7,SW,1.37,9.74,-7.16
661433,2022-09-21,2022,CLE,2022-09-21 19:10:00,19,2,8,10,3,19,4,18,258,86.5,4,53,0.0755,0.1667,68.5,20.3,57.3,992.8,0.0,25.0,15.5,328.7,NW,20.18,13.92,24.01
661432,2022-09-22,2022,CLE,2022-09-22 19:10:00,19,2,4,6,1,12,1,16,241,82.0,3,57,0.0526,0.0625,56.8,13.8,71.0,1001.7,0.0,15.4,9.6,10.7,N,3.16,-2.19,8.12
661431,2022-09-23,2022,DET,2022-09-23 19:10:00,19,3,5,8,2,20,5,17,279,83.4,3,50,0.06,0.1176,59.0,15.0,53.7,997.5,0.0,12.0,7.5,182.4,S,-4.13,-0.02,-7.73
661430,2022-09-24,2022,DET,2022-09-24 18:10:00,18,2,7,9,4,10,5,19,279,82.7,4,61,0.0656,0.2105,63.0,17.2,84.7,988.0,0.0,9.3,5.8,354.1,N,4.43,1.36,6.96
661429,2022-09-25,2022,DET,2022-09-25 13:10:00,13,1,4,5,1,12,6,17,283,79.6,4,54,0.0741,0.0588,65.1,18.4,70.0,986.3,1.0,25.0,15.6,286.3,W,24.89,24.31,22.47
661464,2022-10-03,2022,MIN,2022-10-03 19:10:00,19,3,2,5,2,15,2,12,261,83.0,8,48,0.1667,0.1667,56.9,13.8,79.0,1003.9,0.0,5.0,3.1,76.2,E,-4.05,-4.83,-2.79
661463,2022-10-04,2022,MIN,2022-10-04 19:10:00,19,8,3,11,2,15,4,11,263,82.4,4,46,0.087,0.1818,58.8,14.9,76.7,999.5,0.0,7.0,4.4,179.4,S,-2.76,-0.39,-4.81
661427,2022-10-05,2022,MIN,2022-10-05 15:10:00,15,1,10,11,2,17,7,18,302,84.8,3,54,0.0556,0.1111,73.1,22.8,22.7,995.9,0.0,14.0,8.7,223.6,SW,5.03,9.19,0.27
718730,2023-04-03,2023,SF,2023-04-03 14:10:00,14,3,12,15,8,14,10,19,308,82.9,11,57,0.193,0.4211,49.8,9.9,70.7,987.8,0.0,16.4,10.2,52.3,NE,-8.15,-12.51,-2.8
718695,2023-04-05,2023,SF,2023-04-05 13:10:00,13,7,3,10,1,20,10,17,330,83.3,0,48,0.0,0.0588,60.8,16.0,57.3,984.9,0.0,37.9,23.6,248.7,W,27.36,34.7,16.73
718687,2023-04-06,2023,SF,2023-04-06 13:10:00,13,6,16,22,5,19,10,31,365,84.0,6,67,0.0896,0.1613,50.6,10.3,38.7,1006.3,0.0,21.0,13.0,262.3,W,18.13,20.64,13.43
718583,2023-04-14,2023,BAL,2023-04-14 18:10:00,18,3,6,9,1,19,13,13,318,83.6,2,45,0.0444,0.0769,62.0,16.7,47.0,986.1,0.0,13.3,8.2,117.7,SE,-13.21,-12.01,-12.83
718570,2023-04-15,2023,BAL,2023-04-15 13:10:00,13,7,6,13,3,11,13,24,352,83.9,7,66,0.1061,0.125,79.9,26.6,35.7,986.6,0.1,25.2,15.7,200.3,S,-0.95,7.73,-9.52
718553,2023-04-16,2023,BAL,2023-04-16 13:10:00,13,4,8,12,2,20,10,19,322,83.9,1,52,0.0192,0.1053,43.8,6.5,71.0,982.4,0.2,41.3,25.7,245.7,SW,28.25,36.85,16.25
718525,2023-04-18,2023,PHI,2023-04-18 15:10:00,15,4,7,11,1,26,5,22,323,79.6,1,49,0.0204,0.0455,55.0,12.8,41.3,992.2,0.0,11.0,6.8,283.0,W,10.82,10.78,9.54
718543,2023-04-18,2023,PHI,2023-04-17 18:10:00,18,3,0,3,1,16,4,4,247,80.2,4,37,0.1081,0.25,38.1,3.4,61.3,987.7,0.0,29.3,18.2,298.3,NW,29.15,26.37,28.41
718510,2023-04-19,2023,PHI,2023-04-19 13:10:00,13,2,5,7,3,15,3,15,279,81.9,4,52,0.0769,0.2,61.2,16.2,61.3,989.8,0.0,18.2,11.3,108.3,E,-18.12,-17.48,-16.57
718396,2023-04-27,2023,TB,2023-04-27 18:10:00,18,5,14,19,4,18,6,27,322,85.2,4,64,0.0625,0.1481,50.1,10.0,60.3,990.2,0.0,17.4,10.8,65.3,NE,-11.81,-15.45,-6.74
718393,2023-04-28,2023,TB,2023-04-28 18:10:00,18,2,3,5,3,16,4,16,259,81.8,4,53,0.0755,0.1875,45.6,7.6,78.3,988.3,0.0,11.9,7.4,21.0,N,0.31,-3.78,4.36
718373,2023-04-29,2023,TB,2023-04-29 18:10:00,18,3,12,15,5,19,8,15,341,81.8,8,51,0.1569,0.3333,49.0,9.4,78.0,981.4,0.0,6.0,3.7,329.8,NW,4.8,3.26,5.76
718355,2023-04-30,2023,TB,2023-04-30 13:10:00,13,12,9,21,6,19,5,31,369,84.3,7,63,0.1111,0.1935,45.2,7.3,64.3,975.6,0.5,33.5,20.8,275.3,W,32.04,33.49,26.72
718340,2023-05-02,2023,MIN,2023-05-02 18:10:00,18,3,2,5,2,19,10,8,304,84.2,4,46,0.087,0.25,44.7,7.1,72.0,985.2,0.0,12.0,7.5,38.6,NE,-3.33,-7.09,0.82
718322,2023-05-03,2023,MIN,2023-05-03 18:10:00,18,6,4,10,2,20,9,20,298,78.6,2,47,0.0426,0.1,42.7,5.9,83.7,992.6,0.0,7.0,4.3,72.1,E,-5.3,-6.53,-3.44
718310,2023-05-04,2023,MIN,2023-05-04 13:10:00,13,3,7,10,3,29,16,12,404,78.4,3,55,0.0545,0.25,63.9,17.7,54.3,993.9,0.0,16.5,10.2,121.0,SE,-16.29,-14.47,-16.14
718207,2023-05-12,2023,HOU,2023-05-12 19:10:00,19,1,5,6,2,13,9,11,284,82.0,3,52,0.0577,0.1818,57.7,14.3,97.7,995.0,2.9,12.8,8.0,64.0,NE,-8.48,-11.25,-4.69
718189,2023-05-13,2023,HOU,2023-05-13 18:15:00,18,3,1,4,1,14,3,21,279,80.7,3,55,0.0545,0.0476,54.7,12.6,85.0,1000.2,0.0,17.9,11.1,27.7,NE,-1.61,-7.61,4.58
718176,2023-05-14,2023,HOU,2023-05-14 13:10:00,13,3,4,7,3,21,2,16,286,85.0,4,48,0.0833,0.1875,55.5,13.0,70.3,1005.4,0.0,23.3,14.5,38.7,NE,-6.49,-13.75,1.56
718147,2023-05-16,2023,CLE,2023-05-16 19:10:00,19,8,3,11,3,17,1,25,265,86.1,3,57,0.0526,0.12,49.9,10.0,86.0,989.9,0.0,23.3,14.5,7.3,N,6.09,-1.96,13.4
718129,2023-05-17,2023,CLE,2023-05-17 19:10:00,19,7,2,9,3,14,7,18,285,82.3,4,53,0.0755,0.1667,45.9,7.7,89.3,996.2,0.0,16.6,10.3,28.7,NE,-1.79,-7.33,3.98
718125,2023-05-18,2023,CLE,2023-05-18 13:10:00,13,1,3,4,1,11,2,15,264,81.6,3,57,0.0526,0.0667,66.1,19.0,39.3,995.4,0.0,17.5,10.9,103.0,E,-17.26,-17.21,-15.23
718111,2023-05-19,2023,KC,2023-05-19 19:10:00,19,2,0,2,0,17,2,6,235,85.0,3,39,0.0769,0.0,54.0,12.2,74.7,996.2,0.0,15.8,9.8,13.0,N,2.61,-2.88,7.78
718104,2023-05-20,2023,KC,2023-05-20 13:10:00,13,5,1,6,1,17,5,13,266,82.0,2,43,0.0465,0.0769,58.7,14.8,61.0,1000.2,0.0,14.8,9.2,61.0,NE,-9.19,-12.59,-4.68
718084,2023-05-21,2023,KC,2023-05-21 13:10:00,13,5,2,7,2,15,4,13,272,84.3,3,48,0.0625,0.1538,70.8,21.5,46.0,999.0,0.0,19.3,12.0,95.0,E,-18.41,-19.28,-15.31
717971,2023-05-29,2023,LAA,2023-05-29 19:10:00,19,4,6,10,5,27,6,16,311,83.0,6,43,0.1395,0.3125,63.4,17.4,54.3,993.9,0.0,9.8,6.1,52.2,NE,-4.85,-7.47,-1.65
717959,2023-05-30,2023,LAA,2023-05-30 19:10:00,19,7,3,10,3,18,6,16,317,82.0,4,46,0.087,0.1875,66.9,19.4,56.0,993.3,0.0,7.8,4.8,323.9,NW,6.66,4.86,7.65
717943,2023-05-31,2023,LAA,2023-05-31 13:10:00,13,5,12,17,6,15,7,25,342,83.2,7,62,0.1129,0.24,82.9,28.3,44.7,994.2,0.3,14.8,9.2,108.0,E,-14.72,-14.23,-13.44
717925,2023-06-02,2023,DET,2023-06-02 19:10:00,19,3,0,3,0,16,6,12,276,83.2,3,48,0.0625,0.0,66.3,19.0,59.3,995.1,0.0,12.1,7.5,31.0,NE,-1.79,-5.78,2.42
717915,2023-06-03,2023,DET,2023-06-03 13:10:00,13,2,1,3,0,21,6,7,295,81.9,1,44,0.0227,0.0,76.9,25.0,44.3,995.5,0.0,22.1,13.8,17.3,N,1.99,-5.67,9.41
717891,2023-06-04,2023,DET,2023-06-04 13:10:00,13,6,2,8,2,26,5,13,286,83.4,4,39,0.1026,0.1538,73.4,23.0,30.7,996.5,0.0,24.0,14.9,23.0,NE,-0.21,-8.39,8.0
717828,2023-06-09,2023,MIA,2023-06-09 19:10:00,19,2,1,3,2,19,5,15,282,83.9,1,46,0.0217,0.1333,68.8,20.4,39.0,989.7,0.0,15.1,9.4,154.5,SE,-11.19,-7.07,-13.97
717820,2023-06-10,2023,MIA,2023-06-10 13:10:00,13,1,5,6,1,17,7,15,313,84.1,2,50,0.04,0.0667,83.5,28.6,22.3,987.1,0.0,7.7,4.8,168.6,S,-4.28,-1.85,-6.2
717795,2023-06-11,2023,MIA,2023-06-11 13:10:00,13,5,6,11,5,22,5,17,294,83.6,5,49,0.102,0.2941,56.8,13.8,82.7,988.2,0.2,39.6,24.6,2.0,N,13.87,0.35,25.72
717695,2023-06-19,2023,TEX,2023-06-19 19:10:00,19,2,5,7,3,19,4,22,312,84.4,6,55,0.1091,0.1364,64.9,18.3,73.0,993.0,0.0,17.5,10.9,16.7,N,1.77,-4.28,7.61
717675,2023-06-20,2023,TEX,2023-06-20 19:10:00,19,7,6,13,3,17,7,20,317,82.5,4,55,0.0727,0.15,61.9,16.6,73.7,996.5,0.0,15.2,9.5,21.7,N,0.21,-5.02,5.4
717667,2023-06-21,2023,TEX,2023-06-21 19:10:00,19,3,6,9,3,14,8,11,287,81.0,3,50,0.06,0.2727,66.6,19.2,77.0,996.8,0.0,18.1,11.3,20.0,N,0.8,-5.45,6.95
717645,2023-06-23,2023,BOS,2023-06-23 19:10:00,19,1,3,4,1,23,2,12,278,80.5,1,43,0.0233,0.0833,69.1,20.6,74.0,992.3,0.0,9.9,6.2,62.0,NE,-6.32,-8.56,-3.32
717629,2023-06-24,2023,BOS,2023-06-24 15:10:00,15,5,4,9,5,18,4,19,308,81.9,4,54,0.0741,0.2632,81.0,27.2,46.3,988.7,0.0,22.3,13.9,87.7,E,-20.27,-22.25,-15.84
717614,2023-06-25,2023,BOS,2023-06-25 13:10:00,13,4,1,5,2,17,4,12,274,81.2,4,44,0.0909,0.1667,81.6,27.6,48.7,980.3,0.2,35.8,22.2,252.0,W,27.22,33.53,17.63
717496,2023-07-04,2023,TOR,2023-07-04 19:10:00,19,3,4,7,2,15,6,13,297,82.4,2,50,0.04,0.1538,76.0,24.4,84.3,993.5,0.1,9.9,6.2,166.0,S,-5.89,-2.81,-8.25
717468,2023-07-06,2023,TOR,2023-07-06 16:10:00,16,2,6,8,0,29,5,12,344,79.1,0,48,0.0,0.0,68.5,20.3,78.7,992.9,0.0,11.9,7.4,60.3,NE,-7.28,-10.05,-3.63
717480,2023-07-06,2023,TOR,2023-07-05 19:10:00,19,4,5,9,4,12,0,25,261,85.8,8,61,0.1311,0.16,70.2,21.2,96.7,993.0,31.6,8.7,5.4,76.0,E,-7.02,-8.37,-4.81
717455,2023-07-07,2023,STL,2023-07-07 19:10:00,19,8,7,15,4,21,5,25,307,85.0,4,56,0.0714,0.16,67.5,19.7,89.3,991.8,0.1,9.1,5.7,41.3,NE,-2.94,-5.72,0.19
717445,2023-07-08,2023,STL,2023-07-08 13:10:00,13,0,3,3,1,23,3,15,296,81.6,0,45,0.0,0.0667,66.7,19.3,79.7,990.7,0.0,14.2,8.8,19.3,N,0.78,-4.11,5.59
717424,2023-07-09,2023,STL,2023-07-09 13:10:00,13,3,4,7,1,24,6,10,287,79.9,2,44,0.0455,0.1,78.3,25.7,49.7,991.2,0.2,8.9,5.5,55.2,NE,-4.81,-7.08,-1.96
717263,2023-07-25,2023,CHC,2023-07-25 19:10:00,19,3,7,10,4,18,3,18,285,83.5,5,54,0.0926,0.2222,79.5,26.4,66.7,995.0,0.0,14.5,9.0,157.3,SE,-10.28,-6.17,-13.16
717240,2023-07-26,2023,CHC,2023-07-26 19:10:00,19,7,10,17,3,19,8,20,363,82.3,4,56,0.0714,0.15,78.0,25.5,94.0,988.6,0.0,7.8,4.8,326.9,NW,6.43,4.54,7.55
717233,2023-07-27,2023,CLE,2023-07-27 19:10:00,19,3,6,9,2,17,5,21,300,82.0,2,56,0.0357,0.0952,79.8,26.5,83.3,992.6,0.0,10.8,6.7,130.3,SE,-10.25,-8.5,-10.76
717228,2023-07-28,2023,CLE,2023-07-28 18:10:00,18,3,0,3,2,15,7,12,275,83.8,2,47,0.0426,0.1667,73.3,23.0,91.7,992.1,9.3,10.8,6.7,254.4,W,8.5,10.27,5.71
717217,2023-07-29,2023,CLE,2023-07-29 18:10:00,18,7,2,9,2,10,6,21,273,81.7,4,55,0.0727,0.0952,70.5,21.4,85.3,996.3,0.0,7.5,4.7,59.2,NE,-4.48,-6.27,-2.16
717204,2023-07-30,2023,CLE,2023-07-30 13:10:00,13,0,5,5,3,9,9,11,269,80.6,3,54,0.0556,0.2727,72.9,22.7,71.7,997.9,0.0,20.8,12.9,30.0,NE,-2.71,-9.6,4.5
717088,2023-08-07,2023,NYY,2023-08-07 19:10:00,19,5,1,6,1,17,10,12,294,81.2,1,45,0.0222,0.0833,69.9,21.1,81.0,991.0,0.0,4.4,2.7,167.3,S,-2.54,-1.15,-3.61
717075,2023-08-08,2023,NYY,2023-08-08 19:10:00,19,1,7,8,3,30,7,19,330,79.8,4,41,0.0976,0.1579,71.7,22.1,75.3,990.1,0.0,12.0,7.4,249.0,W,8.68,10.97,5.34
717054,2023-08-09,2023,NYY,2023-08-09 19:10:00,19,9,2,11,2,16,10,17,292,82.3,2,48,0.0417,0.1176,69.6,20.9,86.3,986.9,0.0,9.8,6.1,223.3,SW,3.47,6.39,0.14
717036,2023-08-11,2023,MIL,2023-08-11 19:10:00,19,6,7,13,2,20,12,21,360,82.3,2,60,0.0333,0.0952,76.1,24.5,77.0,986.6,0.0,15.4,9.6,247.0,SW,10.79,13.9,6.38
717023,2023-08-12,2023,MIL,2023-08-12 18:15:00,18,2,3,5,1,16,4,12,258,84.1,2,49,0.0408,0.0833,75.7,24.3,85.7,990.3,0.0,8.6,5.3,129.4,SE,-8.23,-6.88,-8.59
717006,2023-08-13,2023,MIL,2023-08-13 13:10:00,13,3,7,10,1,14,8,16,311,81.0,2,54,0.037,0.0625,70.8,21.5,84.3,995.5,0.4,18.2,11.3,58.7,NE,-10.74,-15.12,-5.07
716905,2023-08-21,2023,SEA,2023-08-21 19:10:00,19,2,14,16,4,22,6,23,328,83.2,8,56,0.1429,0.1739,68.1,20.0,93.3,1001.8,0.0,14.7,9.1,14.3,N,2.08,-3.01,6.92
716893,2023-08-22,2023,SEA,2023-08-22 19:10:00,19,3,6,9,2,16,8,19,313,81.6,3,55,0.0545,0.1053,78.5,25.8,84.7,997.3,0.0,18.2,11.3,163.7,S,-11.41,-5.88,-15.57
716881,2023-08-23,2023,SEA,2023-08-23 13:10:00,13,5,4,9,1,29,7,18,326,82.1,1,45,0.0222,0.0556,97.3,36.3,52.0,991.5,0.0,23.2,14.4,237.3,SW,13.25,18.97,5.94
716864,2023-08-24,2023,ATH,2023-08-24 19:10:00,19,5,8,13,8,12,2,20,278,85.5,8,60,0.1333,0.4,78.8,26.0,93.3,988.9,4.8,10.5,6.5,198.7,S,-0.7,2.92,-4.24
716856,2023-08-25,2023,ATH,2023-08-25 18:10:00,18,4,12,16,4,15,9,21,316,84.3,2,58,0.0345,0.1905,73.2,22.9,85.0,993.0,0.0,12.9,8.0,54.7,NE,-6.9,-10.22,-2.74
716841,2023-08-26,2023,ATH,2023-08-26 18:10:00,18,6,2,8,3,22,12,13,314,83.8,2,41,0.0488,0.2308,66.4,19.1,88.0,996.3,0.0,25.6,15.9,7.0,N,6.85,-2.01,14.89
716826,2023-08-27,2023,ATH,2023-08-27 13:10:00,13,6,1,7,0,21,5,15,290,78.8,0,44,0.0,0.0,69.3,20.7,58.3,996.4,0.0,21.6,13.4,30.7,NE,-3.07,-10.2,4.43
716762,2023-09-01,2023,DET,2023-09-01 19:10:00,19,2,4,6,0,19,5,20,296,80.2,0,50,0.0,0.0,70.7,21.5,77.7,998.7,0.0,11.5,7.1,167.7,S,-6.55,-2.93,-9.37
716749,2023-09-02,2023,DET,2023-09-02 18:10:00,18,0,10,10,1,11,3,22,265,85.7,1,61,0.0164,0.0455,78.6,25.9,48.7,994.9,0.0,19.8,12.3,213.0,SW,3.61,10.05,-3.27
716734,2023-09-03,2023,DET,2023-09-03 13:10:00,13,2,3,5,1,17,12,11,306,83.0,1,45,0.0222,0.0909,93.9,34.4,30.0,992.0,0.0,25.8,16.1,226.7,SW,10.58,18.0,1.88
716611,2023-09-12,2023,KC,2023-09-12 15:40:00,15,6,2,8,0,18,7,16,282,83.0,0,46,0.0,0.0,63.6,17.5,70.7,996.5,0.0,17.4,10.8,44.0,NE,-6.38,-11.53,-0.46
716631,2023-09-12,2023,KC,2023-09-11 18:40:00,18,10,11,21,2,17,8,22,357,86.2,3,60,0.05,0.0909,64.0,17.8,90.0,996.3,4.6,15.0,9.3,13.3,N,2.38,-2.81,7.29
716598,2023-09-13,2023,KC,2023-09-13 18:40:00,18,1,7,8,1,19,5,15,282,81.1,1,48,0.0208,0.0667,60.3,15.7,81.7,998.3,0.0,9.4,5.9,36.3,NE,-2.26,-5.25,1.01
716580,2023-09-14,2023,MIN,2023-09-14 18:40:00,18,2,10,12,4,22,5,16,296,82.8,4,49,0.0816,0.25,62.5,16.9,75.3,999.7,0.0,9.0,5.6,102.0,E,-8.85,-8.88,-7.75
716573,2023-09-15,2023,MIN,2023-09-15 18:40:00,18,2,10,12,2,24,5,21,335,83.4,1,51,0.0196,0.0952,65.8,18.8,74.0,997.0,0.0,11.7,7.2,131.4,SE,-11.04,-9.08,-11.66
716556,2023-09-16,2023,MIN,2023-09-16 18:10:00,18,7,6,13,2,24,7,20,301,83.5,2,44,0.0455,0.1,63.9,17.7,81.0,993.6,0.1,7.9,4.9,135.8,SE,-7.29,-5.77,-7.92
716542,2023-09-17,2023,MIN,2023-09-17 13:10:00,13,0,4,4,2,15,4,13,257,84.5,3,51,0.0588,0.1538,63.0,17.2,81.0,993.7,0.8,23.6,14.7,18.0,N,1.85,-6.31,9.79
716427,2023-09-26,2023,AZ,2023-09-26 18:40:00,18,4,15,19,4,11,10,21,346,83.4,4,65,0.0615,0.1905,65.2,18.4,91.7,997.1,2.8,8.5,5.3,111.2,E,-8.53,-8.08,-7.95
716417,2023-09-27,2023,AZ,2023-09-27 13:10:00,13,0,3,3,0,19,4,12,284,81.9,1,45,0.0222,0.0,66.8,19.3,85.3,996.0,0.1,21.9,13.6,92.3,E,-20.53,-21.87,-16.71
716443,2023-09-28,2023,AZ,2023-09-25 18:40:00,18,3,1,4,2,16,5,6,256,84.5,3,41,0.0732,0.3333,66.7,19.3,88.0,997.3,0.1,13.9,8.6,47.1,NE,-5.78,-9.74,-1.12
716391,2023-09-29,2023,SD,2023-09-29 18:40:00,18,2,3,5,2,22,11,14,346,82.2,4,47,0.0851,0.1429,66.5,19.2,86.0,999.4,0.0,16.9,10.5,100.3,E,-16.52,-16.74,-14.3
716374,2023-09-30,2023,SD,2023-09-30 18:10:00,18,1,6,7,1,18,4,18,266,81.5,1,53,0.0189,0.0556,69.4,20.8,83.7,1001.1,0.0,11.9,7.4,122.9,SE,-11.67,-10.23,-11.7
716356,2023-10-01,2023,SD,2023-10-01 14:10:00,14,1,2,3,0,24,10,14,375,77.8,0,53,0.0,0.0,76.0,24.4,66.7,1002.7,0.0,10.7,6.6,91.0,E,-9.96,-10.7,-8.01
746821,2024-03-28,2024,DET,2024-03-28 15:10:00,15,0,1,1,0,22,1,9,247,83.1,0,41,0.0,0.0,50.7,10.4,48.0,994.8,0.0,21.6,13.4,262.0,W,18.64,21.27,13.76
746818,2024-03-30,2024,DET,2024-03-30 13:10:00,13,6,7,13,5,10,8,22,329,85.2,7,69,0.1014,0.2273,48.9,9.4,89.7,987.9,0.0,22.8,14.2,22.7,NE,-0.07,-7.86,7.74
746815,2024-03-31,2024,DET,2024-03-31 13:10:00,13,2,3,5,4,24,5,13,293,80.5,4,42,0.0952,0.3077,42.3,5.7,89.0,992.0,0.0,18.0,11.2,50.3,NE,-8.4,-13.34,-2.45
746817,2024-04-01,2024,ATL,2024-04-01 13:10:00,13,0,9,9,1,15,8,14,277,84.0,4,46,0.087,0.0714,45.7,7.6,84.7,988.4,0.0,25.4,15.8,44.3,NE,-9.46,-16.96,-0.81
746814,2024-04-02,2024,ATL,2024-04-02 18:40:00,18,3,2,5,3,16,8,12,267,82.3,3,45,0.0667,0.25,38.0,3.3,84.0,971.6,0.0,31.0,19.3,270.7,W,28.77,30.98,23.09
746812,2024-04-12,2024,CIN,2024-04-12 18:40:00,18,1,11,12,2,12,9,16,326,84.0,5,56,0.0893,0.125,51.4,10.8,67.0,991.9,0.2,18.6,11.5,302.3,NW,18.3,16.12,18.27
746811,2024-04-13,2024,CIN,2024-04-13 13:10:00,13,0,5,5,0,30,7,6,295,81.9,1,27,0.037,0.0,64.5,18.0,43.0,994.6,0.0,13.8,8.6,215.7,SW,3.15,7.55,-1.64
746810,2024-04-14,2024,CIN,2024-04-14 13:10:00,13,4,11,15,2,19,13,18,332,82.6,7,55,0.1273,0.1111,64.3,18.0,73.0,986.1,0.0,19.3,12.0,51.7,NE,-9.43,-14.63,-3.09
746813,2024-04-15,2024,KC,2024-04-15 18:40:00,18,0,2,2,1,15,5,9,264,80.5,3,47,0.0638,0.1111,53.8,12.1,64.7,994.5,0.0,11.7,7.2,92.1,E,-10.93,-11.67,-8.88
746807,2024-04-17,2024,KC,2024-04-17 13:10:00,13,2,4,6,3,15,6,12,315,83.2,5,49,0.102,0.25,64.2,17.9,59.3,983.8,0.0,37.8,23.5,252.7,W,29.03,35.56,19.0
746809,2024-04-17,2024,KC,2024-04-16 18:40:00,18,2,1,3,1,10,8,11,275,78.6,3,49,0.0612,0.0909,66.9,19.4,69.0,984.4,0.7,32.1,19.9,146.7,SE,-26.53,-18.77,-31.09
746808,2024-04-26,2024,TB,2024-04-26 18:40:00,18,9,4,13,2,14,10,21,288,83.3,3,58,0.0517,0.0952,55.7,13.2,82.3,990.2,0.0,30.2,18.7,143.0,SE,-25.99,-19.19,-29.66
746803,2024-04-27,2024,TB,2024-04-27 18:10:00,18,8,7,15,4,19,9,21,335,82.3,4,61,0.0656,0.1905,67.9,20.0,82.0,992.4,0.1,21.5,13.4,195.0,S,-2.81,4.65,-9.93
746805,2024-04-28,2024,TB,2024-04-28 13:10:00,13,4,2,6,1,16,0,19,246,84.9,1,52,0.0192,0.0526,75.9,24.4,55.0,989.5,0.0,33.8,21.0,190.0,S,-7.31,4.42,-18.16
746804,2024-04-29,2024,MIN,2024-04-29 18:40:00,18,2,3,5,1,19,6,12,289,83.1,1,46,0.0217,0.0833,64.9,18.3,72.7,988.2,0.0,17.2,10.7,234.6,SW,9.13,13.55,3.6
746806,2024-04-30,2024,MIN,2024-04-30 18:40:00,18,5,6,11,2,14,6,21,320,83.5,4,59,0.0678,0.0952,62.2,16.8,79.3,989.2,0.0,14.5,9.0,140.0,SE,-12.83,-9.77,-14.34
746800,2024-05-01,2024,MIN,2024-05-01 13:10:00,13,5,10,15,3,12,7,19,307,82.3,2,59,0.0339,0.1579,71.9,22.2,37.3,991.3,0.0,19.6,12.2,274.7,W,18.69,19.62,15.51
746802,2024-05-09,2024,CLE,2024-05-09 18:40:00,18,3,2,5,2,12,4,17,259,84.4,5,53,0.0943,0.1176,49.9,9.9,94.3,991.0,0.3,19.0,11.8,8.0,N,4.77,-1.82,10.78
746801,2024-05-10,2024,CLE,2024-05-10 18:40:00,18,6,3,9,5,18,1,16,253,81.7,6,50,0.12,0.3125,60.5,15.8,67.3,987.6,0.0,16.4,10.2,226.6,SW,6.7,11.4,1.18
746797,2024-05-11,2024,CLE,2024-05-11 18:10:00,18,3,1,4,1,15,4,11,246,81.8,3,47,0.0638,0.0909,53.7,12.1,78.7,989.1,0.0,9.5,5.9,137.0,SE,-8.64,-6.77,-9.47
746798,2024-05-12,2024,CLE,2024-05-12 13:10:00,13,0,7,7,2,12,7,11,263,81.1,2,52,0.0385,0.1818,77.2,25.1,44.7,987.3,0.0,24.5,15.2,198.7,S,-1.64,6.82,-9.9
746796,2024-05-14,2024,WSH,2024-05-14 15:40:00,15,3,6,9,1,15,6,18,308,81.0,2,55,0.0364,0.0556,53.5,11.9,85.0,987.2,0.0,28.7,17.9,6.3,N,8.0,-1.92,16.96
746799,2024-05-14,2024,WSH,2024-05-13 18:40:00,18,4,0,4,2,13,6,11,259,82.9,3,46,0.0652,0.1818,64.5,18.0,92.3,987.3,7.1,6.3,3.9,226.7,SW,2.6,4.42,0.47
746795,2024-05-15,2024,WSH,2024-05-15 13:10:00,13,2,0,2,0,11,7,12,262,84.7,0,50,0.0,0.0,56.8,13.8,70.7,990.0,0.0,22.8,14.2,10.7,N,4.68,-3.24,12.04
746792,2024-05-23,2024,BAL,2024-05-23 18:40:00,18,6,8,14,2,20,13,20,353,81.8,5,51,0.098,0.1,68.3,20.2,61.0,990.3,0.0,16.1,10.0,94.0,E,-15.24,-16.06,-12.57
746793,2024-05-24,2024,BAL,2024-05-24 18:40:00,18,4,6,10,2,14,5,17,290,83.1,5,56,0.0893,0.1176,71.8,22.1,75.3,984.3,0.1,25.1,15.6,200.2,S,-1.0,7.65,-9.53
746794,2024-05-25,2024,BAL,2024-05-25 13:10:00,13,3,5,8,3,19,10,13,326,81.3,6,47,0.1277,0.2308,66.6,19.2,43.3,991.0,0.0,16.5,10.3,85.0,E,-14.64,-16.36,-11.15
746789,2024-05-26,2024,BAL,2024-05-26 13:10:00,13,1,4,5,3,29,7,7,294,80.3,4,31,0.129,0.4286,65.8,18.8,90.7,979.6,4.3,23.0,14.3,134.7,SE,-21.26,-17.0,-22.95
746788,2024-05-27,2024,TOR,2024-05-27 13:10:00,13,1,5,6,4,16,7,16,293,83.7,6,53,0.1132,0.25,70.3,21.3,55.3,985.5,0.0,23.3,14.5,307.0,NW,22.56,19.2,23.19
746791,2024-05-28,2024,TOR,2024-05-28 18:40:00,18,2,7,9,0,12,9,21,318,82.5,2,62,0.0323,0.0,59.5,15.3,81.3,993.6,0.5,17.9,11.1,302.0,NW,17.69,15.61,17.63
746790,2024-05-29,2024,TOR,2024-05-29 18:40:00,18,1,3,4,1,13,8,11,275,82.9,4,51,0.0784,0.0909,53.2,11.8,73.3,1001.1,0.0,15.7,9.7,352.3,N,7.87,2.76,12.03
746784,2024-06-06,2024,BOS,2024-06-06 19:10:00,19,2,14,16,4,17,6,28,324,81.4,3,64,0.0469,0.1429,66.5,19.2,56.3,984.4,0.0,18.5,11.5,298.0,NW,18.38,16.67,17.88
746785,2024-06-07,2024,BOS,2024-06-07 19:10:00,19,7,2,9,3,19,4,14,296,80.3,5,46,0.1087,0.2143,63.9,17.7,83.0,989.3,0.0,9.4,5.8,143.0,SE,-8.07,-5.96,-9.21
746786,2024-06-08,2024,BOS,2024-06-08 15:10:00,15,6,1,7,3,16,10,15,320,82.4,2,47,0.0426,0.2,64.3,17.9,80.7,986.9,1.7,25.7,16.0,3.2,N,8.51,-0.31,16.3
746787,2024-06-09,2024,BOS,2024-06-09 13:10:00,13,4,6,10,2,26,7,16,366,79.4,1,51,0.0196,0.125,77.7,25.4,27.7,988.1,0.0,27.6,17.1,291.3,W,27.59,26.12,25.74
746783,2024-06-18,2024,HOU,2024-06-18 19:10:00,19,2,0,2,0,11,6,9,230,84.1,1,47,0.0213,0.0,83.8,28.8,58.3,995.1,0.0,27.0,16.8,194.0,S,-3.99,5.38,-12.87
746781,2024-06-19,2024,HOU,2024-06-19 19:10:00,19,1,4,5,1,18,3,20,247,83.7,4,54,0.0741,0.05,83.1,28.4,57.3,1001.8,0.0,6.0,3.7,203.9,SW,0.15,2.19,-1.91
746782,2024-06-20,2024,HOU,2024-06-20 13:10:00,13,3,5,8,1,21,10,17,308,80.1,2,48,0.0417,0.0588,73.5,23.1,72.0,1003.7,0.0,19.0,11.8,28.7,NE,-2.04,-8.39,4.55
746780,2024-06-24,2024,LAD,2024-06-24 19:10:00,19,0,3,3,0,18,5,14,288,79.5,1,49,0.0204,0.0,80.8,27.1,58.0,990.3,0.0,17.7,11.0,183.0,S,-5.89,0.16,-11.23
746775,2024-06-25,2024,LAD,2024-06-25 19:10:00,19,3,4,7,3,11,9,15,307,83.1,3,57,0.0526,0.2,78.0,25.5,83.7,986.8,0.8,17.1,10.6,250.7,W,12.77,15.91,8.09
746777,2024-06-26,2024,LAD,2024-06-26 19:10:00,19,0,4,4,1,19,3,10,254,81.9,1,44,0.0227,0.1,71.0,21.7,76.7,990.5,0.0,17.1,10.6,34.5,NE,-3.56,-9.05,2.37
746816,2024-06-27,2024,ATL,2024-04-03 13:10:00,13,1,0,1,1,19,6,7,256,81.3,4,36,0.1111,0.1429,35.9,2.2,91.3,967.6,2.7,30.2,18.7,278.0,W,29.21,30.03,24.86
746776,2024-06-28,2024,COL,2024-06-28 18:10:00,18,5,3,8,2,16,9,11,257,82.9,2,41,0.0488,0.1818,72.3,22.4,85.7,987.1,2.6,12.4,7.7,168.5,S,-6.91,-2.99,-10.0
746778,2024-06-29,2024,COL,2024-06-29 13:10:00,13,11,3,14,6,17,4,16,291,82.0,4,49,0.0816,0.375,87.7,31.0,56.3,990.5,0.0,20.4,12.7,261.3,W,17.46,20.01,12.79
746779,2024-06-30,2024,COL,2024-06-30 13:10:00,13,4,5,9,1,29,8,16,361,81.0,2,68,0.0294,0.0625,62.1,16.7,66.3,1004.7,0.0,22.8,14.2,29.7,NE,-2.84,-10.41,5.06
746771,2024-07-08,2024,MIN,2024-07-08 19:10:00,19,6,8,14,4,16,6,22,350,78.2,5,67,0.0746,0.1818,74.4,23.6,85.3,992.9,0.0,11.0,6.9,197.6,S,-0.94,2.87,-4.65
746772,2024-07-10,2024,MIN,2024-07-10 13:10:00,13,3,1,4,2,20,3,10,250,80.3,4,40,0.1,0.2,74.7,23.7,78.7,991.9,0.1,14.6,9.1,28.3,NE,-1.48,-6.35,3.57
746773,2024-07-10,2024,MIN,2024-07-09 19:10:00,19,2,3,5,3,13,5,9,278,80.5,4,52,0.0769,0.3333,69.5,20.8,91.0,989.6,7.0,9.0,5.6,46.6,NE,-3.69,-6.29,-0.65
746774,2024-07-12,2024,PIT,2024-07-12 19:10:00,19,1,4,5,0,17,4,16,260,82.7,2,49,0.0408,0.0,70.6,21.5,89.7,999.0,0.0,7.2,4.5,97.7,E,-6.96,-7.17,-5.91
746766,2024-07-13,2024,PIT,2024-07-13 13:10:00,13,2,6,8,0,16,5,14,278,82.9,0,52,0.0,0.0,87.0,30.6,55.7,998.1,0.0,13.0,8.1,182.0,S,-4.57,-0.11,-8.47
746769,2024-07-14,2024,PIT,2024-07-14 13:10:00,13,4,9,13,3,13,9,22,305,83.9,5,59,0.0847,0.1364,87.9,31.0,54.0,991.7,0.0,22.9,14.2,232.0,SW,11.28,17.41,3.78
746767,2024-07-26,2024,SEA,2024-07-26 19:10:00,19,0,10,10,4,15,9,18,292,85.6,7,54,0.1296,0.2222,71.2,21.8,72.3,998.9,0.0,12.9,8.0,103.7,E,-12.71,-12.62,-11.27
746768,2024-07-27,2024,SEA,2024-07-27 18:15:00,18,3,6,9,3,20,8,21,337,82.4,9,57,0.1579,0.1429,75.6,24.2,65.7,996.2,0.0,14.7,9.1,112.2,E,-14.7,-13.84,-13.79
746770,2024-07-28,2024,SEA,2024-07-28 13:10:00,13,3,6,9,2,16,5,15,281,83.4,6,54,0.1111,0.1333,81.6,27.5,66.7,993.0,0.4,15.7,9.8,190.7,S,-3.21,2.24,-8.28
746765,2024-07-29,2024,KC,2024-07-29 19:10:00,19,5,8,13,4,11,3,26,299,80.9,4,64,0.0625,0.1538,73.6,23.1,90.7,988.2,0.1,7.1,4.4,239.8,SW,4.32,6.0,2.12
746763,2024-07-30,2024,KC,2024-07-30 19:10:00,19,3,4,7,2,11,7,11,262,79.8,4,52,0.0769,0.1818,79.9,26.6,82.7,989.1,0.0,10.7,6.6,195.1,S,-1.38,2.32,-4.92
746764,2024-07-31,2024,KC,2024-07-31 13:10:00,13,3,10,13,2,12,4,22,276,82.5,2,63,0.0317,0.0909,88.5,31.4,57.7,991.9,0.2,14.7,9.1,230.0,SW,6.78,10.82,1.92
746760,2024-08-09,2024,CHC,2024-08-09 19:10:00,19,6,7,13,7,19,2,30,318,81.7,5,60,0.0833,0.2333,66.6,19.2,56.3,996.4,0.0,17.8,11.1,287.7,W,17.74,17.18,16.16
746761,2024-08-10,2024,CHC,2024-08-10 18:15:00,18,1,3,4,0,16,9,16,314,81.0,1,56,0.0179,0.0,70.9,21.6,43.3,996.9,0.0,18.0,11.2,285.7,W,17.87,17.53,16.06
746762,2024-08-12,2024,NYY,2024-08-12 19:10:00,19,12,2,14,2,11,13,27,354,80.8,3,64,0.0469,0.0741,73.3,22.9,57.3,998.0,0.0,9.1,5.7,167.6,S,-5.23,-2.35,-7.47
746757,2024-08-13,2024,NYY,2024-08-13 19:10:00,19,1,4,5,3,18,9,14,308,82.6,4,48,0.0833,0.2143,75.6,24.2,59.3,998.8,0.0,8.5,5.3,102.7,E,-8.34,-8.33,-7.34
746759,2024-08-14,2024,NYY,2024-08-14 19:10:00,19,2,10,12,4,18,6,21,335,82.3,8,55,0.1455,0.1905,73.7,23.2,77.0,997.4,0.0,12.7,7.9,107.7,E,-12.66,-12.26,-11.53
746758,2024-08-23,2024,DET,2024-08-23 19:10:00,19,2,5,7,0,18,7,19,318,84.1,3,55,0.0545,0.0,70.8,21.6,64.0,1000.7,0.0,9.7,6.0,197.7,S,-0.81,2.55,-4.08
746756,2024-08-24,2024,DET,2024-08-24 18:10:00,18,4,13,17,3,19,6,26,319,80.5,5,58,0.0862,0.1154,77.6,25.3,74.7,998.2,0.0,12.3,7.7,119.0,SE,-12.26,-11.04,-11.99
746754,2024-08-25,2024,DET,2024-08-25 13:10:00,13,4,9,13,2,17,9,23,331,80.8,4,56,0.0714,0.087,91.8,33.2,39.0,999.3,0.0,21.5,13.4,202.0,S,-0.19,7.18,-7.53
746753,2024-08-26,2024,DET,2024-08-26 19:10:00,19,3,6,9,3,11,6,19,303,82.2,5,62,0.0806,0.1579,85.8,29.9,63.0,995.5,0.0,20.3,12.6,195.0,S,-2.65,4.4,-9.39
746755,2024-08-27,2024,TEX,2024-08-27 19:10:00,19,1,3,4,0,21,4,18,292,79.1,0,49,0.0,0.0,77.8,25.5,92.0,994.4,0.2,12.0,7.5,195.1,S,-1.55,2.62,-5.52
746752,2024-08-28,2024,TEX,2024-08-28 19:10:00,19,3,4,7,1,11,6,20,275,82.2,5,63,0.0794,0.05,73.6,23.1,90.0,999.1,0.0,14.7,9.1,64.3,NE,-9.8,-12.96,-5.46
746748,2024-08-29,2024,TEX,2024-08-29 13:10:00,13,1,2,3,2,18,5,10,290,78.5,3,45,0.0667,0.2,79.7,26.5,67.7,999.0,0.0,16.1,10.0,60.0,NE,-9.8,-13.58,-4.84
746749,2024-08-30,2024,NYM,2024-08-30 19:10:00,19,1,5,6,1,18,6,15,290,81.7,2,49,0.0408,0.0667,76.9,25.0,74.0,996.5,0.0,7.6,4.7,265.5,W,6.74,7.51,5.16
746751,2024-08-31,2024,NYM,2024-08-31 18:10:00,18,3,5,8,2,19,7,19,326,81.9,2,52,0.0385,0.1053,76.7,24.8,55.7,993.7,0.0,13.5,8.4,251.0,W,10.14,12.59,6.46
746750,2024-09-01,2024,NYM,2024-09-01 13:10:00,13,0,2,2,1,25,5,9,284,81.7,3,35,0.0857,0.1111,69.3,20.7,57.0,998.4,0.0,30.3,18.8,25.0,NE,-1.32,-11.6,9.11
746746,2024-09-09,2024,CLE,2024-09-09 18:40:00,18,3,5,8,3,24,8,13,334,78.9,3,43,0.0698,0.2308,72.4,22.5,47.3,997.9,0.0,12.6,7.8,242.6,SW,8.14,10.95,4.35
746747,2024-09-10,2024,CLE,2024-09-10 18:40:00,18,0,5,5,1,14,5,16,304,81.2,1,55,0.0182,0.0625,74.0,23.3,39.7,996.7,0.0,14.1,8.7,184.0,S,-4.46,0.37,-8.76
746745,2024-09-11,2024,CLE,2024-09-11 13:10:00,13,4,6,10,1,28,7,18,341,81.4,0,43,0.0,0.0556,84.8,29.3,28.7,996.4,0.0,14.1,8.8,147.3,SE,-11.57,-8.12,-13.63
746744,2024-09-13,2024,ATH,2024-09-13 18:40:00,18,0,2,2,0,19,2,15,265,83.5,3,47,0.0638,0.0,75.1,23.9,63.3,997.1,0.0,15.4,9.6,91.0,E,-14.33,-15.39,-11.53
746740,2024-09-14,2024,ATH,2024-09-14 18:10:00,18,7,6,13,2,15,7,27,322,82.7,1,60,0.0167,0.0741,76.3,24.6,70.7,998.1,0.0,14.0,8.7,79.0,E,-11.7,-13.64,-8.34
746741,2024-09-15,2024,ATH,2024-09-15 13:10:00,13,4,3,7,4,15,4,15,235,82.6,7,51,0.1373,0.2667,84.1,29.0,42.0,999.3,0.0,16.2,10.0,83.3,E,-14.12,-15.96,-10.57
746743,2024-09-24,2024,LAA,2024-09-24 18:40:00,18,3,2,5,1,15,5,11,246,83.4,2,45,0.0444,0.0909,63.5,17.5,90.3,987.4,0.8,20.0,12.4,331.7,NW,15.51,10.25,18.89
746742,2024-09-25,2024,LAA,2024-09-25 18:40:00,18,4,3,7,2,20,12,17,318,80.6,0,49,0.0,0.1176,63.6,17.6,82.3,993.5,0.0,8.4,5.2,144.2,SE,-7.17,-5.22,-8.26
746738,2024-09-26,2024,LAA,2024-09-26 13:10:00,13,7,0,7,0,17,5,18,291,83.2,1,51,0.0196,0.0,70.8,21.6,59.7,995.5,0.0,16.3,10.1,47.7,NE,-6.93,-11.56,-1.47
778554,2025-03-27,2025,LAA,2025-03-27 15:10:00,15,8,1,9,4,16,4,14,272,84.1,9,49,0.1837,0.2857,53.7,12.1,59.3,998.1,0.0,10.3,6.4,167.4,S,-5.94,-2.69,-8.47
778534,2025-03-29,2025,LAA,2025-03-29 13:10:00,13,0,1,1,0,14,8,10,250,84.5,0,45,0.0,0.0,67.1,19.5,74.3,988.1,0.2,17.6,10.9,195.3,S,-2.19,3.9,-8.02
778527,2025-03-30,2025,LAA,2025-03-30 13:10:00,13,2,3,5,2,12,4,13,251,85.6,5,51,0.098,0.1538,67.2,19.5,77.0,978.7,4.0,20.7,12.9,214.3,SW,4.24,10.91,-2.95
778506,2025-03-31,2025,MIN,2025-03-31 13:10:00,13,9,0,9,3,18,9,10,298,80.2,3,45,0.0667,0.3,42.9,6.1,68.7,993.6,0.0,9.9,6.2,23.7,NE,-0.2,-3.57,3.2
778490,2025-04-01,2025,MIN,2025-04-01 18:40:00,18,3,8,11,2,20,7,19,317,82.5,4,50,0.08,0.1053,42.7,6.0,71.3,994.8,0.0,20.2,12.5,102.0,E,-19.83,-19.89,-17.38
778474,2025-04-02,2025,MIN,2025-04-02 13:10:00,13,1,6,7,3,11,1,14,248,83.9,6,58,0.1034,0.2143,60.9,16.0,90.7,976.0,2.8,19.7,12.3,180.0,S,-7.56,-0.87,-13.34
778366,2025-04-11,2025,BOS,2025-04-11 18:40:00,18,11,1,12,0,20,6,19,312,81.6,4,50,0.08,0.0,42.2,5.7,60.3,1001.8,0.0,1.3,0.8,156.0,SE,-0.92,-0.57,-1.16
778349,2025-04-12,2025,BOS,2025-04-12 15:10:00,15,3,2,5,1,20,9,11,294,80.5,4,41,0.0976,0.0909,51.9,11.1,47.3,997.3,0.0,13.5,8.4,114.7,SE,-13.46,-12.47,-12.82
778338,2025-04-13,2025,BOS,2025-04-13 13:10:00,13,1,3,4,1,21,3,13,261,84.7,2,45,0.0444,0.0769,61.0,16.1,43.0,987.1,0.0,20.2,12.6,156.0,SE,-14.65,-9.01,-18.52
778309,2025-04-15,2025,ATH,2025-04-15 18:40:00,18,3,12,15,4,12,7,19,295,82.4,8,61,0.1311,0.2105,49.9,9.9,44.0,994.2,0.0,10.1,6.3,326.3,NW,8.42,5.98,9.84
778294,2025-04-16,2025,ATH,2025-04-16 18:40:00,18,1,3,4,1,9,7,15,309,83.7,4,58,0.069,0.0667,40.2,4.5,61.7,998.1,0.0,8.9,5.5,95.7,E,-8.52,-8.89,-7.12
778283,2025-04-17,2025,ATH,2025-04-17 13:10:00,13,0,8,8,4,13,4,17,296,84.1,4,59,0.0678,0.2353,66.7,19.3,32.3,991.3,0.0,21.3,13.2,174.3,S,-10.05,-3.03,-15.87
778125,2025-04-29,2025,MIL,2025-04-29 18:40:00,18,2,7,9,3,18,13,12,333,81.6,5,46,0.1087,0.25,55.3,12.9,65.0,996.5,0.0,9.3,5.8,53.4,NE,-4.79,-7.24,-1.76
778111,2025-04-30,2025,MIL,2025-04-30 18:40:00,18,4,6,10,0,17,10,18,280,80.7,1,50,0.02,0.0,54.9,12.7,71.7,994.1,0.0,10.2,6.3,95.7,E,-9.76,-10.18,-8.17
778094,2025-05-01,2025,MIL,2025-05-01 13:10:00,13,8,0,8,1,13,8,11,274,82.9,3,48,0.0625,0.0909,68.2,20.1,70.7,981.8,0.3,19.2,12.0,240.0,SW,11.71,16.22,5.78
778079,2025-05-02,2025,HOU,2025-05-02 18:40:00,18,7,3,10,2,16,6,19,284,84.4,6,53,0.1132,0.1053,45.7,7.6,86.7,991.8,0.0,8.8,5.5,54.0,NE,-4.6,-6.89,-1.75
778066,2025-05-03,2025,HOU,2025-05-03 13:10:00,13,3,8,11,2,22,6,19,300,83.1,6,49,0.1224,0.1053,47.0,8.3,82.0,994.5,0.0,19.0,11.8,5.7,N,5.51,-1.05,11.41
778055,2025-05-04,2025,HOU,2025-05-04 13:10:00,13,5,4,9,1,9,9,16,270,81.6,2,45,0.0444,0.0625,49.3,9.6,69.7,993.0,0.7,16.8,10.5,356.0,N,7.51,1.91,12.21
777991,2025-05-09,2025,MIA,2025-05-09 18:40:00,18,6,2,8,2,13,9,13,280,85.1,7,52,0.1346,0.1538,56.1,13.4,21.0,1000.2,0.0,3.9,2.4,106.8,E,-3.91,-3.81,-3.54
777978,2025-05-10,2025,MIA,2025-05-10 18:10:00,18,1,3,4,2,16,5,11,295,80.7,2,47,0.0426,0.1818,50.4,10.2,60.3,1003.6,0.0,12.9,8.0,2.7,N,4.39,-0.04,8.28
777966,2025-05-11,2025,MIA,2025-05-11 13:10:00,13,4,2,6,1,15,9,14,288,84.6,2,46,0.0435,0.0714,64.2,17.9,43.0,1002.8,0.0,12.3,7.6,27.7,NE,-1.1,-5.22,3.14
777857,2025-05-19,2025,SEA,2025-05-19 18:40:00,18,1,5,6,1,13,5,13,271,82.9,4,54,0.0741,0.0769,49.3,9.6,84.7,994.2,0.0,11.4,7.1,22.0,N,0.1,-3.79,3.98
777846,2025-05-20,2025,SEA,2025-05-20 18:40:00,18,1,0,1,0,14,5,11,274,85.2,2,45,0.0444,0.0,52.9,11.6,93.3,983.3,1.2,16.3,10.1,82.3,E,-14.06,-16.01,-10.42
777830,2025-05-21,2025,SEA,2025-05-21 13:10:00,13,5,6,11,6,18,7,15,308,83.5,5,52,0.0962,0.4,53.2,11.8,82.7,986.4,0.7,13.6,8.5,336.7,NW,9.78,5.94,12.44
777805,2025-05-23,2025,TEX,2025-05-23 18:40:00,18,4,1,5,0,15,7,11,274,81.8,3,45,0.0667,0.0,50.1,10.1,73.7,998.5,0.0,7.2,4.5,86.3,E,-6.43,-7.13,-4.96
777792,2025-05-24,2025,TEX,2025-05-24 15:10:00,15,10,5,15,3,14,11,20,343,82.9,9,62,0.1452,0.15,55.7,13.2,61.3,1001.6,0.0,11.6,7.2,57.3,NE,-6.61,-9.46,-2.96
777777,2025-05-25,2025,TEX,2025-05-25 13:10:00,13,4,5,9,3,18,5,16,284,81.5,5,49,0.102,0.1875,58.3,14.6,56.3,1004.3,0.0,8.7,5.4,50.0,NE,-4.02,-6.41,-1.14
777674,2025-06-02,2025,DET,2025-06-02 18:40:00,18,1,13,14,5,12,6,21,307,83.1,5,60,0.0833,0.2381,79.8,26.6,32.0,991.4,0.0,15.5,9.6,177.3,S,-6.59,-1.4,-10.99
777661,2025-06-03,2025,DET,2025-06-03 18:40:00,18,8,1,9,1,19,10,17,302,82.9,3,47,0.0638,0.0588,83.1,28.4,46.3,987.8,0.3,20.8,12.9,188.7,S,-4.97,2.24,-11.58
777639,2025-06-04,2025,DET,2025-06-04 18:40:00,18,4,5,9,0,14,5,17,304,80.5,5,56,0.0893,0.0,56.0,13.3,96.7,996.1,5.0,7.8,4.8,34.7,NE,-1.64,-4.14,1.06
777634,2025-06-05,2025,DET,2025-06-05 13:10:00,13,3,2,5,1,14,10,19,313,83.5,4,58,0.069,0.0526,64.0,17.8,82.0,996.3,0.0,12.9,8.0,9.0,N,3.01,-1.46,7.12
777618,2025-06-06,2025,KC,2025-06-06 18:40:00,18,7,2,9,3,14,8,14,303,81.3,5,50,0.1,0.2143,59.5,15.3,73.0,992.3,0.0,8.0,5.0,6.0,N,2.27,-0.49,4.76
777606,2025-06-07,2025,KC,2025-06-07 15:10:00,15,4,1,5,3,18,4,17,271,81.3,3,48,0.0625,0.1765,67.9,20.0,66.0,988.6,0.0,10.1,6.3,25.3,NE,-0.5,-3.9,2.97
777590,2025-06-08,2025,KC,2025-06-08 13:10:00,13,5,7,12,3,16,8,20,314,83.7,4,53,0.0755,0.15,78.0,25.6,50.3,984.0,0.0,15.2,9.4,220.1,SW,4.6,9.28,-0.63
777467,2025-06-17,2025,STL,2025-06-17 18:40:00,18,2,12,14,2,10,5,19,285,84.8,4,62,0.0645,0.1053,80.3,26.8,62.7,987.7,2.4,10.3,6.4,224.3,SW,3.84,6.89,0.33
777447,2025-06-19,2025,STL,2025-06-19 13:10:00,13,4,5,9,2,21,9,17,320,82.2,6,51,0.1176,0.1176,78.0,25.6,65.7,991.8,0.4,3.8,2.4,279.5,W,3.7,3.77,3.19
777458,2025-06-19,2025,STL,2025-06-18 18:40:00,18,6,8,14,5,20,7,20,319,83.8,6,57,0.1053,0.25,67.2,19.6,97.3,983.8,14.2,7.8,4.8,356.0,N,3.48,0.88,5.66
777393,2025-06-23,2025,AZ,2025-06-23 18:40:00,18,0,10,10,3,22,9,18,312,83.1,5,50,0.1,0.1667,90.7,32.6,50.0,997.2,0.0,14.5,9.0,221.3,SW,4.69,9.11,-0.3
777383,2025-06-24,2025,AZ,2025-06-24 18:40:00,18,1,4,5,2,13,5,10,265,85.8,7,51,0.1373,0.2,76.6,24.8,87.0,999.3,0.9,4.9,3.1,98.2,E,-4.78,-4.91,-4.07
777370,2025-06-25,2025,AZ,2025-06-25 13:10:00,13,7,3,10,4,11,4,21,268,82.7,8,57,0.1404,0.1905,76.3,24.6,85.0,998.3,0.1,9.1,5.6,52.4,NE,-4.52,-6.94,-1.56
777338,2025-06-27,2025,SF,2025-06-27 18:40:00,18,1,3,4,0,14,10,13,309,82.3,1,51,0.0196,0.0,79.5,26.4,71.0,992.0,0.0,11.9,7.4,267.3,W,10.77,11.85,8.39
777327,2025-06-28,2025,SF,2025-06-28 15:10:00,15,1,0,1,1,15,3,11,250,83.8,4,44,0.0909,0.0909,77.1,25.0,71.3,994.8,0.0,8.8,5.5,88.7,E,-8.08,-8.81,-6.37
777311,2025-06-29,2025,SF,2025-06-29 13:10:00,13,5,2,7,0,14,11,17,295,81.8,2,51,0.0392,0.0,87.3,30.7,59.7,992.5,0.0,8.9,5.5,111.3,E,-8.86,-8.39,-8.27
777212,2025-07-07,2025,TOR,2025-07-07 18:40:00,18,4,8,12,3,10,8,16,278,85.1,5,61,0.082,0.1875,70.9,21.6,74.0,996.5,0.0,5.7,3.6,89.4,E,-5.27,-5.72,-4.18
777188,2025-07-08,2025,TOR,2025-07-08 18:40:00,18,1,6,7,2,3,5,16,213,80.2,7,48,0.1458,0.125,77.1,25.0,75.7,995.2,0.3,9.1,5.6,232.0,SW,4.47,6.9,1.5
777172,2025-07-09,2025,TOR,2025-07-09 13:10:00,13,2,1,3,0,17,3,15,262,80.7,1,45,0.0222,0.0,74.4,23.5,86.3,994.6,0.1,12.5,7.8,17.7,N,1.06,-3.28,5.26
777146,2025-07-11,2025,CLE,2025-07-11 19:10:00,19,5,4,9,3,19,18,13,402,77.4,4,56,0.0714,0.2308,76.6,24.8,81.7,990.3,0.0,11.3,7.0,179.1,S,-4.48,-0.67,-7.75
777164,2025-07-11,2025,CLE,2025-07-10 18:40:00,18,2,4,6,4,15,4,7,254,83.8,4,45,0.0889,0.5714,74.2,23.5,79.0,991.8,1.5,3.9,2.4,46.5,NE,-1.57,-2.69,-0.27
777138,2025-07-12,2025,CLE,2025-07-12 15:10:00,15,2,6,8,1,20,7,13,318,82.1,2,45,0.0444,0.0769,82.5,28.1,60.3,990.1,0.0,12.4,7.7,256.0,W,9.94,11.86,6.83
777120,2025-07-13,2025,CLE,2025-07-13 13:10:00,13,5,6,11,3,19,4,14,326,83.1,3,55,0.0545,0.2143,80.1,26.7,50.7,994.9,0.0,3.6,2.3,234.6,SW,1.93,2.87,0.76
777017,2025-07-25,2025,CHC,2025-07-25 18:40:00,18,12,5,17,5,12,5,27,311,84.1,6,65,0.0923,0.1852,74.1,23.4,94.0,995.2,0.0,6.1,3.8,26.0,NE,-0.37,-2.43,1.73
776994,2025-07-26,2025,CHC,2025-07-26 18:10:00,18,1,6,7,3,14,4,16,277,83.3,4,53,0.0755,0.1875,77.1,25.1,90.7,993.4,0.0,10.8,6.7,191.1,S,-2.14,1.61,-5.63
776989,2025-07-27,2025,CHC,2025-07-27 13:10:00,13,4,5,9,2,21,6,15,303,81.1,2,46,0.0435,0.1333,83.8,28.8,78.3,996.0,0.2,6.2,3.8,111.0,E,-6.16,-5.85,-5.74
776972,2025-07-28,2025,PHI,2025-07-28 18:40:00,18,6,2,8,2,17,6,16,264,83.0,4,49,0.0816,0.125,80.5,26.9,84.0,997.1,0.0,3.8,2.4,88.7,E,-3.48,-3.79,-2.74
776952,2025-07-29,2025,PHI,2025-07-29 18:40:00,18,3,6,9,3,10,4,14,248,85.2,5,59,0.0847,0.2143,83.0,28.3,76.0,996.8,0.0,5.6,3.5,89.6,E,-5.19,-5.63,-4.13
776939,2025-07-30,2025,PHI,2025-07-30 13:10:00,13,9,3,12,5,10,1,25,281,85.1,8,64,0.125,0.2,73.4,23.0,87.3,996.7,3.0,14.3,8.9,22.8,NE,-0.07,-4.95,4.81
776833,2025-08-08,2025,CLE,2025-08-08 18:40:00,18,5,9,14,1,20,10,19,331,82.9,2,51,0.0392,0.0526,85.2,29.6,58.0,994.9,0.0,12.7,7.9,173.0,S,-6.25,-2.1,-9.66
776814,2025-08-09,2025,CLE,2025-08-09 18:10:00,18,1,3,4,2,17,10,11,307,81.6,1,46,0.0217,0.1818,86.0,30.0,57.0,994.9,0.0,15.6,9.7,184.3,S,-4.86,0.5,-9.64
776798,2025-08-10,2025,CLE,2025-08-10 13:10:00,13,6,4,10,4,11,6,18,278,84.0,4,59,0.0678,0.2222,90.1,32.3,44.7,995.8,0.0,17.0,10.6,202.0,S,-0.15,5.69,-5.96
776781,2025-08-11,2025,DET,2025-08-11 18:40:00,18,1,2,3,2,20,3,12,269,83.0,2,43,0.0465,0.1667,80.8,27.1,70.3,994.6,4.5,11.9,7.4,208.6,SW,1.27,5.23,-2.84
776773,2025-08-12,2025,DET,2025-08-12 18:40:00,18,9,6,15,3,21,9,21,367,82.3,8,53,0.1509,0.1429,76.2,24.6,85.7,991.4,0.4,8.5,5.3,244.6,SW,5.7,7.51,3.2
776754,2025-08-13,2025,DET,2025-08-13 13:10:00,13,0,1,1,0,18,6,7,262,84.1,3,42,0.0714,0.0,78.1,25.6,63.3,993.4,0.0,10.9,6.8,47.0,NE,-4.52,-7.64,-0.86
776639,2025-08-22,2025,MIN,2025-08-22 18:40:00,18,7,9,16,2,16,15,24,365,84.4,3,59,0.0508,0.0833,74.7,23.7,73.0,994.7,0.0,7.9,4.9,170.7,S,-4.15,-1.61,-6.18
776619,2025-08-23,2025,MIN,2025-08-23 18:10:00,18,7,3,10,5,15,4,17,260,80.3,3,49,0.0612,0.2941,72.7,22.6,59.0,992.1,0.0,13.4,8.3,322.7,NW,11.58,8.58,13.19
776607,2025-08-24,2025,MIN,2025-08-24 13:10:00,13,8,0,8,1,14,5,17,297,84.2,2,54,0.037,0.0588,73.6,23.1,42.3,992.3,0.0,16.5,10.3,295.0,NW,16.48,15.24,15.74
776599,2025-08-25,2025,KC,2025-08-25 18:40:00,18,7,0,7,2,5,2,13,240,82.2,2,59,0.0339,0.1538,66.4,19.1,49.7,998.1,0.0,11.9,7.4,316.7,NW,10.89,8.56,11.9
776583,2025-08-26,2025,KC,2025-08-26 18:40:00,18,4,5,9,1,19,2,18,292,81.9,2,50,0.04,0.0556,66.2,19.0,61.7,1001.2,0.0,3.0,1.8,97.1,E,-2.86,-2.96,-2.42
776569,2025-08-27,2025,KC,2025-08-27 18:40:00,18,1,12,13,3,10,7,23,311,84.5,4,66,0.0606,0.1304,69.7,21.0,53.7,998.9,0.0,10.1,6.3,238.6,SW,5.94,8.36,2.8
776556,2025-08-28,2025,NYY,2025-08-28 18:40:00,18,4,10,14,4,20,6,17,314,85.6,7,53,0.1321,0.2353,65.8,18.8,81.7,998.6,0.0,13.3,8.3,25.0,NE,-0.58,-5.09,4.0
776544,2025-08-29,2025,NYY,2025-08-29 18:40:00,18,2,10,12,2,21,12,19,343,84.2,5,49,0.102,0.1053,62.8,17.1,73.7,998.7,0.6,6.2,3.9,86.6,E,-5.58,-6.17,-4.32
776529,2025-08-30,2025,NYY,2025-08-30 18:10:00,18,3,5,8,2,24,6,14,328,81.9,3,56,0.0536,0.1429,66.4,19.1,67.0,1000.4,0.0,8.6,5.3,37.3,NE,-2.2,-4.91,0.77
776514,2025-08-31,2025,NYY,2025-08-31 13:10:00,13,3,2,5,3,19,8,11,283,83.7,8,43,0.186,0.2727,72.4,22.4,50.7,1003.1,0.0,10.4,6.5,66.7,NE,-7.25,-9.36,-4.26
776388,2025-09-09,2025,TB,2025-09-09 18:40:00,18,4,5,9,4,24,1,14,283,83.9,5,46,0.1087,0.2857,68.1,20.0,62.3,997.9,0.0,6.3,3.9,139.3,SE,-5.62,-4.31,-6.26
776378,2025-09-10,2025,TB,2025-09-10 18:40:00,18,6,5,11,4,23,11,16,291,80.7,4,40,0.1,0.25,71.2,21.8,65.3,998.7,0.0,7.5,4.6,66.9,NE,-5.22,-6.73,-3.08
776364,2025-09-11,2025,TB,2025-09-11 13:10:00,13,5,1,6,0,14,6,13,314,82.4,3,49,0.0612,0.0,73.3,22.9,58.3,1002.0,0.0,11.0,6.9,40.0,NE,-3.32,-6.72,0.48
776314,2025-09-15,2025,BAL,2025-09-15 18:40:00,18,1,4,5,1,23,10,11,323,82.8,4,38,0.1053,0.0909,71.5,21.9,73.7,1000.5,0.0,7.3,4.5,43.0,NE,-2.56,-4.74,-0.06
776306,2025-09-16,2025,BAL,2025-09-16 18:40:00,18,7,8,15,4,21,9,21,349,82.2,4,52,0.0769,0.1905,70.9,21.6,66.0,999.8,0.0,5.5,3.4,44.1,NE,-2.04,-3.68,-0.16
776285,2025-09-17,2025,BAL,2025-09-17 13:10:00,13,1,3,4,2,18,5,12,291,81.9,4,47,0.0851,0.1667,77.5,25.3,54.7,997.2,0.0,8.7,5.4,56.0,NE,-4.78,-6.97,-2.02
776264,2025-09-19,2025,SD,2025-09-19 18:40:00,18,4,3,7,1,15,4,11,234,85.9,3,44,0.0682,0.0909,77.9,25.5,58.7,995.3,0.0,3.8,2.3,26.7,NE,-0.28,-1.55,1.02
776250,2025-09-20,2025,SD,2025-09-20 18:10:00,18,3,7,10,2,17,5,19,295,82.5,6,53,0.1132,0.1053,69.1,20.6,88.3,995.5,1.4,7.4,4.6,146.9,SE,-6.11,-4.31,-7.17
776235,2025-09-21,2025,SD,2025-09-21 13:10:00,13,2,3,5,1,22,10,15,275,80.5,1,44,0.0227,0.0667,76.7,24.8,68.3,991.2,0.1,12.5,7.8,213.7,SW,2.43,6.49,-1.92
